=== FIRSTVOXEL SESSION [2026.03.16-19.56.11] ===
[+19:56:11.675] FirstVoxel module started.
[+19:56:55.315] VoxelWorld: GenerateWorldDeferred started.
[+19:56:55.315] VoxelWorld: Queued 441 chunks.
[+19:56:55.415] VoxelMesh: Chunk X=0 Y=0 Z=0 FlatVerts=5988 SlopeVerts=10350
[+19:56:55.430] VoxelChunk: GenerateAsync (0,0,0)
[+19:56:55.431] VoxelMesh: Chunk X=0 Y=0 Z=0 FlatVerts=144 SlopeVerts=132
[+19:56:55.523] VoxelMesh: Chunk X=0 Y=0 Z=0 FlatVerts=3600 SlopeVerts=13656
[+19:56:55.539] VoxelChunk: GenerateAsync (1,0,0)
[+19:56:55.539] VoxelMesh: Chunk X=1 Y=0 Z=0 FlatVerts=2484 SlopeVerts=174
[+19:56:55.623] VoxelMesh: Chunk X=0 Y=0 Z=0 FlatVerts=1476 SlopeVerts=876
[+19:56:55.625] VoxelChunk: GenerateAsync (0,-1,-1)
[+19:56:55.627] VoxelMesh: Chunk X=0 Y=-1 Z=-1 FlatVerts=0 SlopeVerts=0
[+19:56:55.727] VoxelMesh: Chunk X=0 Y=0 Z=0 FlatVerts=156 SlopeVerts=96
[+19:56:55.727] VoxelChunk: GenerateAsync (1,-1,-1)
[+19:56:55.728] VoxelMesh: Chunk X=1 Y=-1 Z=-1 FlatVerts=0 SlopeVerts=0
[+19:56:55.827] VoxelMesh: Chunk X=0 Y=0 Z=0 FlatVerts=4920 SlopeVerts=1614
[+19:56:55.834] VoxelChunk: GenerateAsync (-1,-1,-1)
[+19:56:55.836] VoxelMesh: Chunk X=-1 Y=-1 Z=-1 FlatVerts=0 SlopeVerts=0
[+19:56:55.938] VoxelMesh: Chunk X=0 Y=0 Z=0 FlatVerts=9000 SlopeVerts=2982
[+19:56:55.951] VoxelChunk: GenerateAsync (-1,0,0)
[+19:56:55.952] VoxelMesh: Chunk X=-1 Y=0 Z=0 FlatVerts=0 SlopeVerts=0
[+19:56:56.037] VoxelMesh: Chunk X=0 Y=0 Z=0 FlatVerts=8106 SlopeVerts=6354
[+19:56:56.051] VoxelChunk: GenerateAsync (1,1,0)
[+19:56:56.051] VoxelMesh: Chunk X=1 Y=1 Z=0 FlatVerts=2514 SlopeVerts=0
[+19:56:56.142] VoxelMesh: Chunk X=0 Y=0 Z=0 FlatVerts=900 SlopeVerts=11400
[+19:56:56.150] VoxelChunk: GenerateAsync (1,-1,0)
[+19:56:56.151] VoxelMesh: Chunk X=1 Y=-1 Z=0 FlatVerts=84 SlopeVerts=42
[+19:56:56.251] VoxelMesh: Chunk X=0 Y=0 Z=0 FlatVerts=0 SlopeVerts=0
[+19:56:56.251] VoxelChunk: GenerateAsync (-1,1,1)
[+19:56:56.252] VoxelMesh: Chunk X=-1 Y=1 Z=1 FlatVerts=24 SlopeVerts=3072
[+19:56:56.351] VoxelMesh: Chunk X=0 Y=0 Z=0 FlatVerts=9804 SlopeVerts=2352
[+19:56:56.365] VoxelChunk: GenerateAsync (0,1,0)
[+19:56:56.365] VoxelMesh: Chunk X=0 Y=1 Z=0 FlatVerts=1788 SlopeVerts=318
[+19:56:56.457] VoxelMesh: Chunk X=0 Y=0 Z=0 FlatVerts=9636 SlopeVerts=678
[+19:56:56.470] VoxelChunk: GenerateAsync (0,1,-1)
[+19:56:56.471] VoxelMesh: Chunk X=0 Y=1 Z=-1 FlatVerts=0 SlopeVerts=0
[+19:56:56.560] VoxelMesh: Chunk X=0 Y=0 Z=0 FlatVerts=6012 SlopeVerts=9102
[+19:56:56.574] VoxelChunk: GenerateAsync (-1,-1,0)
[+19:56:56.575] VoxelMesh: Chunk X=-1 Y=-1 Z=0 FlatVerts=0 SlopeVerts=0
[+19:56:56.664] VoxelMesh: Chunk X=0 Y=0 Z=0 FlatVerts=8916 SlopeVerts=882
[+19:56:56.676] VoxelChunk: GenerateAsync (-1,0,-1)
[+19:56:56.678] VoxelMesh: Chunk X=-1 Y=0 Z=-1 FlatVerts=0 SlopeVerts=0
[+19:56:56.772] VoxelMesh: Chunk X=0 Y=0 Z=0 FlatVerts=1608 SlopeVerts=20910
[+19:56:56.789] VoxelChunk: GenerateAsync (1,0,1)
[+19:56:56.791] VoxelMesh: Chunk X=1 Y=0 Z=1 FlatVerts=138 SlopeVerts=186
[+19:56:56.877] VoxelMesh: Chunk X=0 Y=0 Z=0 FlatVerts=648 SlopeVerts=25776
[+19:56:56.897] VoxelChunk: GenerateAsync (1,-1,1)
[+19:56:56.898] VoxelMesh: Chunk X=1 Y=-1 Z=1 FlatVerts=1296 SlopeVerts=2550
[+19:56:56.980] VoxelMesh: Chunk X=0 Y=0 Z=0 FlatVerts=10458 SlopeVerts=30
[+19:56:56.993] VoxelChunk: GenerateAsync (-1,1,0)
[+19:56:56.994] VoxelMesh: Chunk X=-1 Y=1 Z=0 FlatVerts=156 SlopeVerts=264
[+19:56:57.087] VoxelMesh: Chunk X=0 Y=0 Z=0 FlatVerts=2346 SlopeVerts=13482
[+19:56:57.098] VoxelChunk: GenerateAsync (0,-1,0)
[+19:56:57.099] VoxelMesh: Chunk X=0 Y=-1 Z=0 FlatVerts=0 SlopeVerts=0
[+19:56:57.192] VoxelMesh: Chunk X=0 Y=0 Z=0 FlatVerts=10458 SlopeVerts=30
[+19:56:57.204] VoxelChunk: GenerateAsync (-1,1,-1)
[+19:56:57.206] VoxelMesh: Chunk X=-1 Y=1 Z=-1 FlatVerts=0 SlopeVerts=0
[+19:56:57.297] VoxelMesh: Chunk X=0 Y=0 Z=0 FlatVerts=5424 SlopeVerts=1548
[+19:56:57.306] VoxelChunk: GenerateAsync (0,0,-1)
[+19:56:57.307] VoxelMesh: Chunk X=0 Y=0 Z=-1 FlatVerts=0 SlopeVerts=0
[+19:56:57.400] VoxelMesh: Chunk X=0 Y=0 Z=0 FlatVerts=7056 SlopeVerts=1260
[+19:56:57.410] VoxelChunk: GenerateAsync (1,1,-1)
[+19:56:57.411] VoxelMesh: Chunk X=1 Y=1 Z=-1 FlatVerts=0 SlopeVerts=0
[+19:56:57.504] VoxelMesh: Chunk X=0 Y=0 Z=0 FlatVerts=1836 SlopeVerts=1032
[+19:56:57.507] VoxelChunk: GenerateAsync (1,0,-1)
[+19:56:57.507] VoxelMesh: Chunk X=1 Y=0 Z=-1 FlatVerts=0 SlopeVerts=0
[+19:56:57.612] VoxelMesh: Chunk X=0 Y=0 Z=0 FlatVerts=990 SlopeVerts=5526
[+19:56:57.618] VoxelChunk: GenerateAsync (1,1,1)
[+19:56:57.619] VoxelMesh: Chunk X=1 Y=1 Z=1 FlatVerts=0 SlopeVerts=0
[+19:56:57.719] VoxelMesh: Chunk X=0 Y=0 Z=0 FlatVerts=144 SlopeVerts=1698
[+19:56:57.723] VoxelChunk: GenerateAsync (0,1,1)
[+19:56:57.724] VoxelMesh: Chunk X=0 Y=1 Z=1 FlatVerts=222 SlopeVerts=600
[+19:56:57.820] VoxelMesh: Chunk X=0 Y=0 Z=0 FlatVerts=456 SlopeVerts=10890
[+19:56:57.827] VoxelChunk: GenerateAsync (0,0,1)
[+19:56:57.828] VoxelMesh: Chunk X=0 Y=0 Z=1 FlatVerts=690 SlopeVerts=3588
[+19:56:57.928] VoxelMesh: Chunk X=0 Y=0 Z=0 FlatVerts=54 SlopeVerts=2202
[+19:56:57.929] VoxelChunk: GenerateAsync (-1,0,1)
[+19:56:57.931] VoxelMesh: Chunk X=-1 Y=0 Z=1 FlatVerts=0 SlopeVerts=84
[+19:56:58.034] VoxelMesh: Chunk X=0 Y=0 Z=0 FlatVerts=792 SlopeVerts=22026
[+19:56:58.053] VoxelChunk: GenerateAsync (0,-1,1)
[+19:56:58.054] VoxelMesh: Chunk X=0 Y=-1 Z=1 FlatVerts=36 SlopeVerts=2340
[+19:56:58.142] VoxelMesh: Chunk X=0 Y=0 Z=0 FlatVerts=1050 SlopeVerts=10668
[+19:56:58.150] VoxelChunk: GenerateAsync (-1,-1,1)
[+19:56:58.151] VoxelMesh: Chunk X=-1 Y=-1 Z=1 FlatVerts=0 SlopeVerts=0
[+19:56:58.249] VoxelMesh: Chunk X=0 Y=0 Z=0 FlatVerts=6 SlopeVerts=15186
[+19:56:58.259] VoxelChunk: GenerateAsync (0,-1,2)
[+19:56:58.260] VoxelMesh: Chunk X=0 Y=-1 Z=2 FlatVerts=396 SlopeVerts=3870
[+19:56:58.351] VoxelMesh: Chunk X=0 Y=0 Z=0 FlatVerts=6 SlopeVerts=3168
[+19:56:58.354] VoxelChunk: GenerateAsync (-1,-1,2)
[+19:56:58.354] VoxelMesh: Chunk X=-1 Y=-1 Z=2 FlatVerts=90 SlopeVerts=1260
[+19:56:58.457] VoxelMesh: Chunk X=0 Y=0 Z=0 FlatVerts=0 SlopeVerts=0
[+19:56:58.457] VoxelChunk: GenerateAsync (-2,1,2)
[+19:56:58.458] VoxelMesh: Chunk X=-2 Y=1 Z=2 FlatVerts=30 SlopeVerts=1836
[+19:56:58.561] VoxelMesh: Chunk X=0 Y=0 Z=0 FlatVerts=0 SlopeVerts=0
[+19:56:58.562] VoxelChunk: GenerateAsync (-2,-1,2)
[+19:56:58.562] VoxelMesh: Chunk X=-2 Y=-1 Z=2 FlatVerts=204 SlopeVerts=2970
[+19:56:58.669] VoxelMesh: Chunk X=0 Y=0 Z=0 FlatVerts=78 SlopeVerts=26808
[+19:56:58.690] VoxelChunk: GenerateAsync (2,-2,2)
[+19:56:58.691] VoxelMesh: Chunk X=2 Y=-2 Z=2 FlatVerts=0 SlopeVerts=3672
[+19:56:58.776] VoxelMesh: Chunk X=0 Y=0 Z=0 FlatVerts=270 SlopeVerts=19860
[+19:56:58.796] VoxelChunk: GenerateAsync (2,0,2)
[+19:56:58.797] VoxelMesh: Chunk X=2 Y=0 Z=2 FlatVerts=0 SlopeVerts=0
[+19:56:58.882] VoxelMesh: Chunk X=0 Y=0 Z=0 FlatVerts=252 SlopeVerts=2622
[+19:56:58.885] VoxelChunk: GenerateAsync (2,1,2)
[+19:56:58.888] VoxelMesh: Chunk X=2 Y=1 Z=2 FlatVerts=0 SlopeVerts=1722
[+19:56:58.981] VoxelMesh: Chunk X=0 Y=0 Z=0 FlatVerts=18 SlopeVerts=25014
[+19:56:58.999] VoxelChunk: GenerateAsync (1,-2,2)
[+19:56:59.001] VoxelMesh: Chunk X=1 Y=-2 Z=2 FlatVerts=168 SlopeVerts=3174
[+19:56:59.084] VoxelMesh: Chunk X=0 Y=0 Z=0 FlatVerts=36 SlopeVerts=26808
[+19:56:59.104] VoxelChunk: GenerateAsync (0,-2,2)
[+19:56:59.105] VoxelMesh: Chunk X=0 Y=-2 Z=2 FlatVerts=96 SlopeVerts=2754
[+19:56:59.184] VoxelMesh: Chunk X=0 Y=0 Z=0 FlatVerts=0 SlopeVerts=0
[+19:56:59.184] VoxelChunk: GenerateAsync (-2,1,1)
[+19:56:59.185] VoxelMesh: Chunk X=-2 Y=1 Z=1 FlatVerts=0 SlopeVerts=0
[+19:56:59.288] VoxelMesh: Chunk X=0 Y=0 Z=0 FlatVerts=1734 SlopeVerts=24360
[+19:56:59.307] VoxelChunk: GenerateAsync (2,0,1)
[+19:56:59.309] VoxelMesh: Chunk X=2 Y=0 Z=1 FlatVerts=0 SlopeVerts=0
[+19:56:59.398] VoxelMesh: Chunk X=0 Y=0 Z=0 FlatVerts=0 SlopeVerts=10548
[+19:56:59.405] VoxelChunk: GenerateAsync (1,0,2)
[+19:56:59.406] VoxelMesh: Chunk X=1 Y=0 Z=2 FlatVerts=0 SlopeVerts=0
[+19:56:59.502] VoxelMesh: Chunk X=0 Y=0 Z=0 FlatVerts=48 SlopeVerts=16752
[+19:56:59.516] VoxelChunk: GenerateAsync (-1,-2,2)
[+19:56:59.517] VoxelMesh: Chunk X=-1 Y=-2 Z=2 FlatVerts=198 SlopeVerts=5094
[+19:56:59.609] VoxelMesh: Chunk X=0 Y=0 Z=0 FlatVerts=18 SlopeVerts=4860
[+19:56:59.612] VoxelChunk: GenerateAsync (-2,-2,2)
[+19:56:59.613] VoxelMesh: Chunk X=-2 Y=-2 Z=2 FlatVerts=0 SlopeVerts=2334
[+19:56:59.710] VoxelMesh: Chunk X=0 Y=0 Z=0 FlatVerts=0 SlopeVerts=0
[+19:56:59.711] VoxelChunk: GenerateAsync (-2,0,1)
[+19:56:59.712] VoxelMesh: Chunk X=-2 Y=0 Z=1 FlatVerts=0 SlopeVerts=0
[+19:56:59.817] VoxelMesh: Chunk X=0 Y=0 Z=0 FlatVerts=636 SlopeVerts=23826
[+19:56:59.836] VoxelChunk: GenerateAsync (2,-1,1)
[+19:56:59.837] VoxelMesh: Chunk X=2 Y=-1 Z=1 FlatVerts=108 SlopeVerts=1128
[+19:56:59.917] VoxelMesh: Chunk X=0 Y=0 Z=0 FlatVerts=0 SlopeVerts=2088
[+19:56:59.919] VoxelChunk: GenerateAsync (0,0,2)
[+19:56:59.920] VoxelMesh: Chunk X=0 Y=0 Z=2 FlatVerts=0 SlopeVerts=930
[+19:57:00.025] VoxelMesh: Chunk X=0 Y=0 Z=0 FlatVerts=0 SlopeVerts=384
[+19:57:00.026] VoxelChunk: GenerateAsync (1,1,2)
[+19:57:00.028] VoxelMesh: Chunk X=1 Y=1 Z=2 FlatVerts=0 SlopeVerts=0
[+19:57:00.132] VoxelMesh: Chunk X=0 Y=0 Z=0 FlatVerts=0 SlopeVerts=0
[+19:57:00.133] VoxelChunk: GenerateAsync (-1,2,2)
[+19:57:00.134] VoxelMesh: Chunk X=-1 Y=2 Z=2 FlatVerts=0 SlopeVerts=114
[+19:57:00.237] VoxelMesh: Chunk X=0 Y=0 Z=0 FlatVerts=588 SlopeVerts=1656
[+19:57:00.239] VoxelChunk: GenerateAsync (-2,-1,1)
[+19:57:00.241] VoxelMesh: Chunk X=-2 Y=-1 Z=1 FlatVerts=0 SlopeVerts=0
[+19:57:00.344] VoxelMesh: Chunk X=0 Y=0 Z=0 FlatVerts=126 SlopeVerts=13854
[+19:57:00.352] VoxelChunk: GenerateAsync (2,-2,1)
[+19:57:00.354] VoxelMesh: Chunk X=2 Y=-2 Z=1 FlatVerts=228 SlopeVerts=2958
[+19:57:00.449] VoxelMesh: Chunk X=0 Y=0 Z=0 FlatVerts=5688 SlopeVerts=6942
[+19:57:00.461] VoxelChunk: GenerateAsync (2,2,1)
[+19:57:00.463] VoxelMesh: Chunk X=2 Y=2 Z=1 FlatVerts=0 SlopeVerts=672
[+19:57:00.558] VoxelMesh: Chunk X=0 Y=0 Z=0 FlatVerts=1248 SlopeVerts=3060
[+19:57:00.561] VoxelChunk: GenerateAsync (1,2,1)
[+19:57:00.562] VoxelMesh: Chunk X=1 Y=2 Z=1 FlatVerts=132 SlopeVerts=2694
[+19:57:00.658] VoxelMesh: Chunk X=0 Y=0 Z=0 FlatVerts=0 SlopeVerts=72
[+19:57:00.659] VoxelChunk: GenerateAsync (-1,0,2)
[+19:57:00.660] VoxelMesh: Chunk X=-1 Y=0 Z=2 FlatVerts=36 SlopeVerts=2820
[+19:57:00.765] VoxelMesh: Chunk X=0 Y=0 Z=0 FlatVerts=6 SlopeVerts=420
[+19:57:00.765] VoxelChunk: GenerateAsync (0,2,1)
[+19:57:00.766] VoxelMesh: Chunk X=0 Y=2 Z=1 FlatVerts=1284 SlopeVerts=0
[+19:57:00.871] VoxelMesh: Chunk X=0 Y=0 Z=0 FlatVerts=0 SlopeVerts=0
[+19:57:00.871] VoxelChunk: GenerateAsync (-1,2,1)
[+19:57:00.873] VoxelMesh: Chunk X=-1 Y=2 Z=1 FlatVerts=798 SlopeVerts=1308
[+19:57:00.975] VoxelMesh: Chunk X=0 Y=0 Z=0 FlatVerts=0 SlopeVerts=0
[+19:57:00.976] VoxelChunk: GenerateAsync (-2,0,2)
[+19:57:00.976] VoxelMesh: Chunk X=-2 Y=0 Z=2 FlatVerts=108 SlopeVerts=2652
[+19:57:01.082] VoxelMesh: Chunk X=0 Y=0 Z=0 FlatVerts=0 SlopeVerts=0
[+19:57:01.082] VoxelChunk: GenerateAsync (0,1,2)
[+19:57:01.084] VoxelMesh: Chunk X=0 Y=1 Z=2 FlatVerts=0 SlopeVerts=0
[+19:57:01.188] VoxelMesh: Chunk X=0 Y=0 Z=0 FlatVerts=1890 SlopeVerts=1116
[+19:57:01.191] VoxelChunk: GenerateAsync (2,2,2)
[+19:57:01.192] VoxelMesh: Chunk X=2 Y=2 Z=2 FlatVerts=0 SlopeVerts=1560
[+19:57:01.289] VoxelMesh: Chunk X=0 Y=0 Z=0 FlatVerts=204 SlopeVerts=30864
[+19:57:01.312] VoxelChunk: GenerateAsync (2,-1,2)
[+19:57:01.313] VoxelMesh: Chunk X=2 Y=-1 Z=2 FlatVerts=0 SlopeVerts=0
[+19:57:01.394] VoxelMesh: Chunk X=0 Y=0 Z=0 FlatVerts=0 SlopeVerts=25506
[+19:57:01.413] VoxelChunk: GenerateAsync (1,-1,2)
[+19:57:01.414] VoxelMesh: Chunk X=1 Y=-1 Z=2 FlatVerts=24 SlopeVerts=306
[+19:57:01.496] VoxelMesh: Chunk X=0 Y=0 Z=0 FlatVerts=0 SlopeVerts=0
[+19:57:01.496] VoxelChunk: GenerateAsync (-1,1,2)
[+19:57:01.498] VoxelMesh: Chunk X=-1 Y=1 Z=2 FlatVerts=78 SlopeVerts=4026
[+19:57:01.602] VoxelMesh: Chunk X=0 Y=0 Z=0 FlatVerts=0 SlopeVerts=0
[+19:57:01.602] VoxelChunk: GenerateAsync (-2,2,2)
[+19:57:01.604] VoxelMesh: Chunk X=-2 Y=2 Z=2 FlatVerts=0 SlopeVerts=2922
[+19:57:01.710] VoxelMesh: Chunk X=0 Y=0 Z=0 FlatVerts=0 SlopeVerts=0
[+19:57:01.711] VoxelChunk: GenerateAsync (0,2,2)
[+19:57:01.712] VoxelMesh: Chunk X=0 Y=2 Z=2 FlatVerts=0 SlopeVerts=0
[+19:57:01.816] VoxelMesh: Chunk X=0 Y=0 Z=0 FlatVerts=0 SlopeVerts=6
[+19:57:01.816] VoxelChunk: GenerateAsync (1,2,2)
[+19:57:01.817] VoxelMesh: Chunk X=1 Y=2 Z=2 FlatVerts=0 SlopeVerts=1476
[+19:57:01.920] VoxelMesh: Chunk X=0 Y=0 Z=0 FlatVerts=60 SlopeVerts=936
[+19:57:01.921] VoxelChunk: GenerateAsync (-2,2,1)
[+19:57:01.922] VoxelMesh: Chunk X=-2 Y=2 Z=1 FlatVerts=0 SlopeVerts=1896
[+19:57:02.025] VoxelMesh: Chunk X=0 Y=0 Z=0 FlatVerts=2706 SlopeVerts=12882
[+19:57:02.037] VoxelChunk: GenerateAsync (2,1,1)
[+19:57:02.039] VoxelMesh: Chunk X=2 Y=1 Z=1 FlatVerts=0 SlopeVerts=2430
[+19:57:02.124] VoxelMesh: Chunk X=0 Y=0 Z=0 FlatVerts=0 SlopeVerts=0
[+19:57:02.124] VoxelChunk: GenerateAsync (-1,1,-2)
[+19:57:02.126] VoxelMesh: Chunk X=-1 Y=1 Z=-2 FlatVerts=0 SlopeVerts=0
[+19:57:02.229] VoxelMesh: Chunk X=0 Y=0 Z=0 FlatVerts=0 SlopeVerts=0
[+19:57:02.229] VoxelChunk: GenerateAsync (2,-2,-1)
[+19:57:02.230] VoxelMesh: Chunk X=2 Y=-2 Z=-1 FlatVerts=0 SlopeVerts=0
[+19:57:02.332] VoxelMesh: Chunk X=0 Y=0 Z=0 FlatVerts=10176 SlopeVerts=4224
[+19:57:02.348] VoxelChunk: GenerateAsync (1,2,0)
[+19:57:02.348] VoxelMesh: Chunk X=1 Y=2 Z=0 FlatVerts=1620 SlopeVerts=264
[+19:57:02.437] VoxelMesh: Chunk X=0 Y=0 Z=0 FlatVerts=10800 SlopeVerts=684
[+19:57:02.450] VoxelChunk: GenerateAsync (0,2,0)
[+19:57:02.450] VoxelMesh: Chunk X=0 Y=2 Z=0 FlatVerts=1302 SlopeVerts=0
[+19:57:02.537] VoxelMesh: Chunk X=0 Y=0 Z=0 FlatVerts=486 SlopeVerts=6630
[+19:57:02.541] VoxelChunk: GenerateAsync (2,-1,0)
[+19:57:02.542] VoxelMesh: Chunk X=2 Y=-1 Z=0 FlatVerts=1668 SlopeVerts=474
[+19:57:02.637] VoxelMesh: Chunk X=0 Y=0 Z=0 FlatVerts=0 SlopeVerts=0
[+19:57:02.637] VoxelChunk: GenerateAsync (-1,0,-2)
[+19:57:02.638] VoxelMesh: Chunk X=-1 Y=0 Z=-2 FlatVerts=0 SlopeVerts=0
[+19:57:02.740] VoxelMesh: Chunk X=0 Y=0 Z=0 FlatVerts=540 SlopeVerts=17766
[+19:57:02.754] VoxelChunk: GenerateAsync (0,-2,1)
[+19:57:02.755] VoxelMesh: Chunk X=0 Y=-2 Z=1 FlatVerts=0 SlopeVerts=0
[+19:57:02.840] VoxelMesh: Chunk X=0 Y=0 Z=0 FlatVerts=1062 SlopeVerts=768
[+19:57:02.842] VoxelChunk: GenerateAsync (-1,-2,-1)
[+19:57:02.844] VoxelMesh: Chunk X=-1 Y=-2 Z=-1 FlatVerts=0 SlopeVerts=0
[+19:57:02.944] VoxelMesh: Chunk X=0 Y=0 Z=0 FlatVerts=10326 SlopeVerts=6
[+19:57:02.957] VoxelChunk: GenerateAsync (-2,1,-1)
[+19:57:02.959] VoxelMesh: Chunk X=-2 Y=1 Z=-1 FlatVerts=0 SlopeVerts=0
[+19:57:03.050] VoxelMesh: Chunk X=0 Y=0 Z=0 FlatVerts=0 SlopeVerts=0
[+19:57:03.050] VoxelChunk: GenerateAsync (-1,2,-2)
[+19:57:03.052] VoxelMesh: Chunk X=-1 Y=2 Z=-2 FlatVerts=0 SlopeVerts=0
[+19:57:03.153] VoxelMesh: Chunk X=0 Y=0 Z=0 FlatVerts=1860 SlopeVerts=11520
[+19:57:03.163] VoxelChunk: GenerateAsync (2,0,0)
[+19:57:03.164] VoxelMesh: Chunk X=2 Y=0 Z=0 FlatVerts=2574 SlopeVerts=12
[+19:57:03.259] VoxelMesh: Chunk X=0 Y=0 Z=0 FlatVerts=0 SlopeVerts=0
[+19:57:03.260] VoxelChunk: GenerateAsync (-2,-1,-2)
[+19:57:03.262] VoxelMesh: Chunk X=-2 Y=-1 Z=-2 FlatVerts=0 SlopeVerts=0
[+19:57:03.363] VoxelMesh: Chunk X=0 Y=0 Z=0 FlatVerts=0 SlopeVerts=6
[+19:57:03.364] VoxelChunk: GenerateAsync (0,-2,-1)
[+19:57:03.366] VoxelMesh: Chunk X=0 Y=-2 Z=-1 FlatVerts=0 SlopeVerts=0
[+19:57:03.468] VoxelMesh: Chunk X=0 Y=0 Z=0 FlatVerts=0 SlopeVerts=0
[+19:57:03.468] VoxelChunk: GenerateAsync (2,-1,-2)
[+19:57:03.470] VoxelMesh: Chunk X=2 Y=-1 Z=-2 FlatVerts=0 SlopeVerts=0
[+19:57:03.570] VoxelMesh: Chunk X=0 Y=0 Z=0 FlatVerts=0 SlopeVerts=0
[+19:57:03.570] VoxelChunk: GenerateAsync (-2,2,-2)
[+19:57:03.572] VoxelMesh: Chunk X=-2 Y=2 Z=-2 FlatVerts=0 SlopeVerts=0
[+19:57:03.673] VoxelMesh: Chunk X=0 Y=0 Z=0 FlatVerts=4062 SlopeVerts=1368
[+19:57:03.679] VoxelChunk: GenerateAsync (2,2,-1)
[+19:57:03.681] VoxelMesh: Chunk X=2 Y=2 Z=-1 FlatVerts=0 SlopeVerts=0
[+19:57:03.773] VoxelMesh: Chunk X=0 Y=0 Z=0 FlatVerts=4950 SlopeVerts=10122
[+19:57:03.786] VoxelChunk: GenerateAsync (-2,-2,0)
[+19:57:03.787] VoxelMesh: Chunk X=-2 Y=-2 Z=0 FlatVerts=0 SlopeVerts=0
[+19:57:03.880] VoxelMesh: Chunk X=0 Y=0 Z=0 FlatVerts=10050 SlopeVerts=48
[+19:57:03.893] VoxelChunk: GenerateAsync (-2,0,0)
[+19:57:03.894] VoxelMesh: Chunk X=-2 Y=0 Z=0 FlatVerts=0 SlopeVerts=0
[+19:57:03.987] VoxelMesh: Chunk X=0 Y=0 Z=0 FlatVerts=5886 SlopeVerts=12186
[+19:57:04.004] VoxelChunk: GenerateAsync (2,1,0)
[+19:57:04.006] VoxelMesh: Chunk X=2 Y=1 Z=0 FlatVerts=1908 SlopeVerts=510
[+19:57:04.095] VoxelMesh: Chunk X=0 Y=0 Z=0 FlatVerts=0 SlopeVerts=0
[+19:57:04.095] VoxelChunk: GenerateAsync (0,2,-2)
[+19:57:04.097] VoxelMesh: Chunk X=0 Y=2 Z=-2 FlatVerts=0 SlopeVerts=0
[+19:57:04.197] VoxelMesh: Chunk X=0 Y=0 Z=0 FlatVerts=0 SlopeVerts=0
[+19:57:04.197] VoxelChunk: GenerateAsync (-1,-1,-2)
[+19:57:04.199] VoxelMesh: Chunk X=-1 Y=-1 Z=-2 FlatVerts=0 SlopeVerts=0
[+19:57:04.299] VoxelMesh: Chunk X=0 Y=0 Z=0 FlatVerts=3414 SlopeVerts=1902
[+19:57:04.305] VoxelChunk: GenerateAsync (2,1,-1)
[+19:57:04.306] VoxelMesh: Chunk X=2 Y=1 Z=-1 FlatVerts=0 SlopeVerts=0
[+19:57:04.409] VoxelMesh: Chunk X=0 Y=0 Z=0 FlatVerts=0 SlopeVerts=0
[+19:57:04.409] VoxelChunk: GenerateAsync (1,-2,-1)
[+19:57:04.410] VoxelMesh: Chunk X=1 Y=-2 Z=-1 FlatVerts=0 SlopeVerts=0
[+19:57:04.512] VoxelMesh: Chunk X=0 Y=0 Z=0 FlatVerts=0 SlopeVerts=0
[+19:57:04.512] VoxelChunk: GenerateAsync (0,-1,-2)
[+19:57:04.514] VoxelMesh: Chunk X=0 Y=-1 Z=-2 FlatVerts=0 SlopeVerts=0
[+19:57:04.614] VoxelMesh: Chunk X=0 Y=0 Z=0 FlatVerts=10050 SlopeVerts=48
[+19:57:04.628] VoxelChunk: GenerateAsync (-2,0,-1)
[+19:57:04.629] VoxelMesh: Chunk X=-2 Y=0 Z=-1 FlatVerts=0 SlopeVerts=0
[+19:57:04.722] VoxelMesh: Chunk X=0 Y=0 Z=0 FlatVerts=0 SlopeVerts=0
[+19:57:04.723] VoxelChunk: GenerateAsync (-1,-2,-2)
[+19:57:04.724] VoxelMesh: Chunk X=-1 Y=-2 Z=-2 FlatVerts=0 SlopeVerts=0
[+19:57:04.825] VoxelMesh: Chunk X=0 Y=0 Z=0 FlatVerts=0 SlopeVerts=0
[+19:57:04.825] VoxelChunk: GenerateAsync (0,0,-2)
[+19:57:04.826] VoxelMesh: Chunk X=0 Y=0 Z=-2 FlatVerts=0 SlopeVerts=0
[+19:57:04.929] VoxelMesh: Chunk X=0 Y=0 Z=0 FlatVerts=0 SlopeVerts=0
[+19:57:04.929] VoxelChunk: GenerateAsync (2,0,-2)
[+19:57:04.932] VoxelMesh: Chunk X=2 Y=0 Z=-2 FlatVerts=0 SlopeVerts=0
[+19:57:05.032] VoxelMesh: Chunk X=0 Y=0 Z=0 FlatVerts=0 SlopeVerts=0
[+19:57:05.033] VoxelChunk: GenerateAsync (-2,1,-2)
[+19:57:05.034] VoxelMesh: Chunk X=-2 Y=1 Z=-2 FlatVerts=0 SlopeVerts=0
[+19:57:05.136] VoxelMesh: Chunk X=0 Y=0 Z=0 FlatVerts=10242 SlopeVerts=0
[+19:57:05.143] VoxelChunk: GenerateAsync (-1,2,0)
[+19:57:05.144] VoxelMesh: Chunk X=-1 Y=2 Z=0 FlatVerts=1380 SlopeVerts=504
[+19:57:05.238] VoxelMesh: Chunk X=0 Y=0 Z=0 FlatVerts=2334 SlopeVerts=10488
[+19:57:05.248] VoxelChunk: GenerateAsync (-1,-2,0)
[+19:57:05.249] VoxelMesh: Chunk X=-1 Y=-2 Z=0 FlatVerts=0 SlopeVerts=0
[+19:57:05.344] VoxelMesh: Chunk X=0 Y=0 Z=0 FlatVerts=0 SlopeVerts=0
[+19:57:05.344] VoxelChunk: GenerateAsync (2,2,-2)
[+19:57:05.346] VoxelMesh: Chunk X=2 Y=2 Z=-2 FlatVerts=0 SlopeVerts=0
[+19:57:05.448] VoxelMesh: Chunk X=0 Y=0 Z=0 FlatVerts=72 SlopeVerts=10386
[+19:57:05.454] VoxelChunk: GenerateAsync (1,-2,1)
[+19:57:05.454] VoxelMesh: Chunk X=1 Y=-2 Z=1 FlatVerts=42 SlopeVerts=1626
[+19:57:05.555] VoxelMesh: Chunk X=0 Y=0 Z=0 FlatVerts=0 SlopeVerts=0
[+19:57:05.556] VoxelChunk: GenerateAsync (-2,-2,-2)
[+19:57:05.557] VoxelMesh: Chunk X=-2 Y=-2 Z=-2 FlatVerts=0 SlopeVerts=0
[+19:57:05.657] VoxelMesh: Chunk X=0 Y=0 Z=0 FlatVerts=9300 SlopeVerts=1902
[+19:57:05.671] VoxelChunk: GenerateAsync (-2,2,0)
[+19:57:05.672] VoxelMesh: Chunk X=-2 Y=2 Z=0 FlatVerts=0 SlopeVerts=90
[+19:57:05.767] VoxelMesh: Chunk X=0 Y=0 Z=0 FlatVerts=0 SlopeVerts=0
[+19:57:05.767] VoxelChunk: GenerateAsync (2,-2,-2)
[+19:57:05.769] VoxelMesh: Chunk X=2 Y=-2 Z=-2 FlatVerts=0 SlopeVerts=0
[+19:57:05.870] VoxelMesh: Chunk X=0 Y=0 Z=0 FlatVerts=0 SlopeVerts=0
[+19:57:05.870] VoxelChunk: GenerateAsync (1,2,-2)
[+19:57:05.872] VoxelMesh: Chunk X=1 Y=2 Z=-2 FlatVerts=0 SlopeVerts=0
[+19:57:05.974] VoxelMesh: Chunk X=0 Y=0 Z=0 FlatVerts=0 SlopeVerts=0
[+19:57:05.975] VoxelChunk: GenerateAsync (1,-2,-2)
[+19:57:05.977] VoxelMesh: Chunk X=1 Y=-2 Z=-2 FlatVerts=0 SlopeVerts=0
[+19:57:06.077] VoxelMesh: Chunk X=0 Y=0 Z=0 FlatVerts=7686 SlopeVerts=7368
[+19:57:06.094] VoxelChunk: GenerateAsync (2,2,0)
[+19:57:06.097] VoxelMesh: Chunk X=2 Y=2 Z=0 FlatVerts=30 SlopeVerts=0
[+19:57:06.181] VoxelMesh: Chunk X=0 Y=0 Z=0 FlatVerts=3444 SlopeVerts=1092
[+19:57:06.186] VoxelChunk: GenerateAsync (-2,-2,-1)
[+19:57:06.188] VoxelMesh: Chunk X=-2 Y=-2 Z=-1 FlatVerts=0 SlopeVerts=0
[+19:57:06.290] VoxelMesh: Chunk X=0 Y=0 Z=0 FlatVerts=0 SlopeVerts=0
[+19:57:06.290] VoxelChunk: GenerateAsync (0,-2,-2)
[+19:57:06.292] VoxelMesh: Chunk X=0 Y=-2 Z=-2 FlatVerts=0 SlopeVerts=0
[+19:57:06.392] VoxelMesh: Chunk X=0 Y=0 Z=0 FlatVerts=10242 SlopeVerts=0
[+19:57:06.399] VoxelChunk: GenerateAsync (-1,2,-1)
[+19:57:06.400] VoxelMesh: Chunk X=-1 Y=2 Z=-1 FlatVerts=0 SlopeVerts=0
[+19:57:06.495] VoxelMesh: Chunk X=0 Y=0 Z=0 FlatVerts=1434 SlopeVerts=13392
[+19:57:06.507] VoxelChunk: GenerateAsync (-2,-2,1)
[+19:57:06.507] VoxelMesh: Chunk X=-2 Y=-2 Z=1 FlatVerts=0 SlopeVerts=576
[+19:57:06.599] VoxelMesh: Chunk X=0 Y=0 Z=0 FlatVerts=7932 SlopeVerts=1092
[+19:57:06.610] VoxelChunk: GenerateAsync (-2,-1,-1)
[+19:57:06.612] VoxelMesh: Chunk X=-2 Y=-1 Z=-1 FlatVerts=0 SlopeVerts=0
[+19:57:06.705] VoxelMesh: Chunk X=0 Y=0 Z=0 FlatVerts=0 SlopeVerts=0
[+19:57:06.705] VoxelChunk: GenerateAsync (1,-1,-2)
[+19:57:06.707] VoxelMesh: Chunk X=1 Y=-1 Z=-2 FlatVerts=0 SlopeVerts=0
[+19:57:06.809] VoxelMesh: Chunk X=0 Y=0 Z=0 FlatVerts=12 SlopeVerts=30
[+19:57:06.809] VoxelChunk: GenerateAsync (2,-1,-1)
[+19:57:06.810] VoxelMesh: Chunk X=2 Y=-1 Z=-1 FlatVerts=0 SlopeVerts=0
[+19:57:06.911] VoxelMesh: Chunk X=0 Y=0 Z=0 FlatVerts=8928 SlopeVerts=1170
[+19:57:06.923] VoxelChunk: GenerateAsync (1,2,-1)
[+19:57:06.924] VoxelMesh: Chunk X=1 Y=2 Z=-1 FlatVerts=0 SlopeVerts=0
[+19:57:07.019] VoxelMesh: Chunk X=0 Y=0 Z=0 FlatVerts=1302 SlopeVerts=20760
[+19:57:07.037] VoxelChunk: GenerateAsync (-1,-2,1)
[+19:57:07.038] VoxelMesh: Chunk X=-1 Y=-2 Z=1 FlatVerts=18 SlopeVerts=168
[+19:57:07.123] VoxelMesh: Chunk X=0 Y=0 Z=0 FlatVerts=324 SlopeVerts=1146
[+19:57:07.124] VoxelChunk: GenerateAsync (2,0,-1)
[+19:57:07.125] VoxelMesh: Chunk X=2 Y=0 Z=-1 FlatVerts=0 SlopeVerts=0
[+19:57:07.226] VoxelMesh: Chunk X=0 Y=0 Z=0 FlatVerts=0 SlopeVerts=0
[+19:57:07.227] VoxelChunk: GenerateAsync (-2,0,-2)
[+19:57:07.228] VoxelMesh: Chunk X=-2 Y=0 Z=-2 FlatVerts=0 SlopeVerts=0
[+19:57:07.330] VoxelMesh: Chunk X=0 Y=0 Z=0 FlatVerts=0 SlopeVerts=0
[+19:57:07.330] VoxelChunk: GenerateAsync (1,0,-2)
[+19:57:07.332] VoxelMesh: Chunk X=1 Y=0 Z=-2 FlatVerts=0 SlopeVerts=0
[+19:57:07.434] VoxelMesh: Chunk X=0 Y=0 Z=0 FlatVerts=72 SlopeVerts=4344
[+19:57:07.436] VoxelChunk: GenerateAsync (2,-2,0)
[+19:57:07.439] VoxelMesh: Chunk X=2 Y=-2 Z=0 FlatVerts=0 SlopeVerts=156
[+19:57:07.538] VoxelMesh: Chunk X=0 Y=0 Z=0 FlatVerts=9240 SlopeVerts=966
[+19:57:07.550] VoxelChunk: GenerateAsync (-2,2,-1)
[+19:57:07.552] VoxelMesh: Chunk X=-2 Y=2 Z=-1 FlatVerts=0 SlopeVerts=0
[+19:57:07.645] VoxelMesh: Chunk X=0 Y=0 Z=0 FlatVerts=10794 SlopeVerts=264
[+19:57:07.659] VoxelChunk: GenerateAsync (0,2,-1)
[+19:57:07.661] VoxelMesh: Chunk X=0 Y=2 Z=-1 FlatVerts=0 SlopeVerts=0
[+19:57:07.755] VoxelMesh: Chunk X=0 Y=0 Z=0 FlatVerts=10326 SlopeVerts=6
[+19:57:07.768] VoxelChunk: GenerateAsync (-2,1,0)
[+19:57:07.770] VoxelMesh: Chunk X=-2 Y=1 Z=0 FlatVerts=0 SlopeVerts=0
[+19:57:07.853] VoxelMesh: Chunk X=0 Y=0 Z=0 FlatVerts=0 SlopeVerts=0
[+19:57:07.853] VoxelChunk: GenerateAsync (0,1,-2)
[+19:57:07.856] VoxelMesh: Chunk X=0 Y=1 Z=-2 FlatVerts=0 SlopeVerts=0
[+19:57:07.956] VoxelMesh: Chunk X=0 Y=0 Z=0 FlatVerts=0 SlopeVerts=0
[+19:57:07.956] VoxelChunk: GenerateAsync (1,1,-2)
[+19:57:07.959] VoxelMesh: Chunk X=1 Y=1 Z=-2 FlatVerts=0 SlopeVerts=0
[+19:57:08.060] VoxelMesh: Chunk X=0 Y=0 Z=0 FlatVerts=0 SlopeVerts=0
[+19:57:08.060] VoxelChunk: GenerateAsync (2,1,-2)
[+19:57:08.062] VoxelMesh: Chunk X=2 Y=1 Z=-2 FlatVerts=0 SlopeVerts=0
[+19:57:08.163] VoxelMesh: Chunk X=0 Y=0 Z=0 FlatVerts=510 SlopeVerts=6414
[+19:57:08.169] VoxelChunk: GenerateAsync (0,-2,0)
[+19:57:08.171] VoxelMesh: Chunk X=0 Y=-2 Z=0 FlatVerts=0 SlopeVerts=0
[+19:57:08.267] VoxelMesh: Chunk X=0 Y=0 Z=0 FlatVerts=72 SlopeVerts=3438
[+19:57:08.270] VoxelChunk: GenerateAsync (1,-2,0)
[+19:57:08.272] VoxelMesh: Chunk X=1 Y=-2 Z=0 FlatVerts=0 SlopeVerts=0
[+19:57:08.366] VoxelMesh: Chunk X=0 Y=0 Z=0 FlatVerts=8580 SlopeVerts=2688
[+19:57:08.380] VoxelChunk: GenerateAsync (-2,-1,0)
[+19:57:08.382] VoxelMesh: Chunk X=-2 Y=-1 Z=0 FlatVerts=0 SlopeVerts=0
[+19:57:08.468] VoxelMesh: Chunk X=0 Y=0 Z=0 FlatVerts=0 SlopeVerts=0
[+19:57:08.468] VoxelChunk: GenerateAsync (-2,-3,-2)
[+19:57:08.470] VoxelMesh: Chunk X=-2 Y=-3 Z=-2 FlatVerts=0 SlopeVerts=0
[+19:57:08.571] VoxelMesh: Chunk X=0 Y=0 Z=0 FlatVerts=0 SlopeVerts=0
[+19:57:08.571] VoxelChunk: GenerateAsync (-3,2,-2)
[+19:57:08.573] VoxelMesh: Chunk X=-3 Y=2 Z=-2 FlatVerts=0 SlopeVerts=0
[+19:57:08.676] VoxelMesh: Chunk X=0 Y=0 Z=0 FlatVerts=0 SlopeVerts=660
[+19:57:08.677] VoxelChunk: GenerateAsync (3,-3,0)
[+19:57:08.677] VoxelMesh: Chunk X=3 Y=-3 Z=0 FlatVerts=0 SlopeVerts=0
[+19:57:08.783] VoxelMesh: Chunk X=0 Y=0 Z=0 FlatVerts=0 SlopeVerts=0
[+19:57:08.783] VoxelChunk: GenerateAsync (-1,-3,-2)
[+19:57:08.785] VoxelMesh: Chunk X=-1 Y=-3 Z=-2 FlatVerts=0 SlopeVerts=0
[+19:57:08.888] VoxelMesh: Chunk X=0 Y=0 Z=0 FlatVerts=0 SlopeVerts=0
[+19:57:08.888] VoxelChunk: GenerateAsync (3,1,-3)
[+19:57:08.889] VoxelMesh: Chunk X=3 Y=1 Z=-3 FlatVerts=0 SlopeVerts=0
[+19:57:08.993] VoxelMesh: Chunk X=0 Y=0 Z=0 FlatVerts=0 SlopeVerts=0
[+19:57:08.993] VoxelChunk: GenerateAsync (3,3,3)
[+19:57:08.995] VoxelMesh: Chunk X=3 Y=3 Z=3 FlatVerts=78 SlopeVerts=2466
[+19:57:09.098] VoxelMesh: Chunk X=0 Y=0 Z=0 FlatVerts=0 SlopeVerts=0
[+19:57:09.098] VoxelChunk: GenerateAsync (3,1,-2)
[+19:57:09.100] VoxelMesh: Chunk X=3 Y=1 Z=-2 FlatVerts=0 SlopeVerts=0
[+19:57:09.199] VoxelMesh: Chunk X=0 Y=0 Z=0 FlatVerts=5904 SlopeVerts=10266
[+19:57:09.215] VoxelChunk: GenerateAsync (-3,-2,0)
[+19:57:09.217] VoxelMesh: Chunk X=-3 Y=-2 Z=0 FlatVerts=0 SlopeVerts=0
[+19:57:09.304] VoxelMesh: Chunk X=0 Y=0 Z=0 FlatVerts=0 SlopeVerts=0
[+19:57:09.304] VoxelChunk: GenerateAsync (0,-3,-2)
[+19:57:09.307] VoxelMesh: Chunk X=0 Y=-3 Z=-2 FlatVerts=0 SlopeVerts=0
[+19:57:09.407] VoxelMesh: Chunk X=0 Y=0 Z=0 FlatVerts=8664 SlopeVerts=2394
[+19:57:09.420] VoxelChunk: GenerateAsync (-3,-1,0)
[+19:57:09.422] VoxelMesh: Chunk X=-3 Y=-1 Z=0 FlatVerts=0 SlopeVerts=0
[+19:57:09.517] VoxelMesh: Chunk X=0 Y=0 Z=0 FlatVerts=0 SlopeVerts=0
[+19:57:09.518] VoxelChunk: GenerateAsync (1,-3,-2)
[+19:57:09.519] VoxelMesh: Chunk X=1 Y=-3 Z=-2 FlatVerts=0 SlopeVerts=0
[+19:57:09.622] VoxelMesh: Chunk X=0 Y=0 Z=0 FlatVerts=0 SlopeVerts=0
[+19:57:09.623] VoxelChunk: GenerateAsync (-3,2,-3)
[+19:57:09.624] VoxelMesh: Chunk X=-3 Y=2 Z=-3 FlatVerts=0 SlopeVerts=0
[+19:57:09.728] VoxelMesh: Chunk X=0 Y=0 Z=0 FlatVerts=0 SlopeVerts=0
[+19:57:09.728] VoxelChunk: GenerateAsync (2,0,-3)
[+19:57:09.730] VoxelMesh: Chunk X=2 Y=0 Z=-3 FlatVerts=0 SlopeVerts=0
[+19:57:09.833] VoxelMesh: Chunk X=0 Y=0 Z=0 FlatVerts=0 SlopeVerts=0
[+19:57:09.833] VoxelChunk: GenerateAsync (3,2,-2)
[+19:57:09.835] VoxelMesh: Chunk X=3 Y=2 Z=-2 FlatVerts=0 SlopeVerts=0
[+19:57:09.936] VoxelMesh: Chunk X=0 Y=0 Z=0 FlatVerts=0 SlopeVerts=0
[+19:57:09.936] VoxelChunk: GenerateAsync (-3,3,-2)
[+19:57:09.938] VoxelMesh: Chunk X=-3 Y=3 Z=-2 FlatVerts=0 SlopeVerts=0
[+19:57:10.041] VoxelMesh: Chunk X=0 Y=0 Z=0 FlatVerts=0 SlopeVerts=0
[+19:57:10.041] VoxelChunk: GenerateAsync (2,-3,-2)
[+19:57:10.042] VoxelMesh: Chunk X=2 Y=-3 Z=-2 FlatVerts=0 SlopeVerts=0
[+19:57:10.144] VoxelMesh: Chunk X=0 Y=0 Z=0 FlatVerts=0 SlopeVerts=0
[+19:57:10.145] VoxelChunk: GenerateAsync (-2,3,-2)
[+19:57:10.147] VoxelMesh: Chunk X=-2 Y=3 Z=-2 FlatVerts=0 SlopeVerts=0
[+19:57:10.248] VoxelMesh: Chunk X=0 Y=0 Z=0 FlatVerts=0 SlopeVerts=0
[+19:57:10.248] VoxelChunk: GenerateAsync (-1,3,-2)
[+19:57:10.251] VoxelMesh: Chunk X=-1 Y=3 Z=-2 FlatVerts=0 SlopeVerts=0
[+19:57:10.353] VoxelMesh: Chunk X=0 Y=0 Z=0 FlatVerts=0 SlopeVerts=0
[+19:57:10.354] VoxelChunk: GenerateAsync (3,-3,-2)
[+19:57:10.355] VoxelMesh: Chunk X=3 Y=-3 Z=-2 FlatVerts=0 SlopeVerts=0
[+19:57:10.458] VoxelMesh: Chunk X=0 Y=0 Z=0 FlatVerts=0 SlopeVerts=0
[+19:57:10.458] VoxelChunk: GenerateAsync (-2,2,-3)
[+19:57:10.460] VoxelMesh: Chunk X=-2 Y=2 Z=-3 FlatVerts=0 SlopeVerts=0
[+19:57:10.563] VoxelMesh: Chunk X=0 Y=0 Z=0 FlatVerts=0 SlopeVerts=0
[+19:57:10.564] VoxelChunk: GenerateAsync (0,3,-2)
[+19:57:10.565] VoxelMesh: Chunk X=0 Y=3 Z=-2 FlatVerts=0 SlopeVerts=0
[+19:57:10.667] VoxelMesh: Chunk X=0 Y=0 Z=0 FlatVerts=0 SlopeVerts=0
[+19:57:10.667] VoxelChunk: GenerateAsync (1,3,-2)
[+19:57:10.669] VoxelMesh: Chunk X=1 Y=3 Z=-2 FlatVerts=0 SlopeVerts=0
[+19:57:10.770] VoxelMesh: Chunk X=0 Y=0 Z=0 FlatVerts=0 SlopeVerts=0
[+19:57:10.770] VoxelChunk: GenerateAsync (-3,-2,-2)
[+19:57:10.772] VoxelMesh: Chunk X=-3 Y=-2 Z=-2 FlatVerts=0 SlopeVerts=0
[+19:57:10.878] VoxelMesh: Chunk X=0 Y=0 Z=0 FlatVerts=0 SlopeVerts=0
[+19:57:10.878] VoxelChunk: GenerateAsync (2,3,-2)
[+19:57:10.880] VoxelMesh: Chunk X=2 Y=3 Z=-2 FlatVerts=0 SlopeVerts=0
[+19:57:10.983] VoxelMesh: Chunk X=0 Y=0 Z=0 FlatVerts=0 SlopeVerts=0
[+19:57:10.983] VoxelChunk: GenerateAsync (-1,-3,-3)
[+19:57:10.985] VoxelMesh: Chunk X=-1 Y=-3 Z=-3 FlatVerts=0 SlopeVerts=0
[+19:57:11.088] VoxelMesh: Chunk X=0 Y=0 Z=0 FlatVerts=0 SlopeVerts=0
[+19:57:11.088] VoxelChunk: GenerateAsync (3,3,-2)
[+19:57:11.089] VoxelMesh: Chunk X=3 Y=3 Z=-2 FlatVerts=0 SlopeVerts=0
[+19:57:11.193] VoxelMesh: Chunk X=0 Y=0 Z=0 FlatVerts=0 SlopeVerts=0
[+19:57:11.193] VoxelChunk: GenerateAsync (-1,2,-3)
[+19:57:11.195] VoxelMesh: Chunk X=-1 Y=2 Z=-3 FlatVerts=0 SlopeVerts=0
[+19:57:11.299] VoxelMesh: Chunk X=0 Y=0 Z=0 FlatVerts=0 SlopeVerts=0
[+19:57:11.300] VoxelChunk: GenerateAsync (3,0,-3)
[+19:57:11.302] VoxelMesh: Chunk X=3 Y=0 Z=-3 FlatVerts=0 SlopeVerts=0
[+19:57:11.404] VoxelMesh: Chunk X=0 Y=0 Z=0 FlatVerts=0 SlopeVerts=0
[+19:57:11.404] VoxelChunk: GenerateAsync (-2,0,-3)
[+19:57:11.406] VoxelMesh: Chunk X=-2 Y=0 Z=-3 FlatVerts=0 SlopeVerts=0
[+19:57:11.506] VoxelMesh: Chunk X=0 Y=0 Z=0 FlatVerts=1638 SlopeVerts=2652
[+19:57:11.510] VoxelChunk: GenerateAsync (-3,-3,-1)
[+19:57:11.512] VoxelMesh: Chunk X=-3 Y=-3 Z=-1 FlatVerts=0 SlopeVerts=0
[+19:57:11.612] VoxelMesh: Chunk X=0 Y=0 Z=0 FlatVerts=6810 SlopeVerts=10068
[+19:57:11.631] VoxelChunk: GenerateAsync (3,1,0)
[+19:57:11.633] VoxelMesh: Chunk X=3 Y=1 Z=0 FlatVerts=18 SlopeVerts=156
[+19:57:11.718] VoxelMesh: Chunk X=0 Y=0 Z=0 FlatVerts=1212 SlopeVerts=1014
[+19:57:11.720] VoxelChunk: GenerateAsync (-2,-3,-1)
[+19:57:11.723] VoxelMesh: Chunk X=-2 Y=-3 Z=-1 FlatVerts=0 SlopeVerts=0
[+19:57:11.824] VoxelMesh: Chunk X=0 Y=0 Z=0 FlatVerts=0 SlopeVerts=6
[+19:57:11.824] VoxelChunk: GenerateAsync (-1,-3,-1)
[+19:57:11.825] VoxelMesh: Chunk X=-1 Y=-3 Z=-1 FlatVerts=0 SlopeVerts=0
[+19:57:11.929] VoxelMesh: Chunk X=0 Y=0 Z=0 FlatVerts=0 SlopeVerts=0
[+19:57:11.929] VoxelChunk: GenerateAsync (1,-1,-3)
[+19:57:11.931] VoxelMesh: Chunk X=1 Y=-1 Z=-3 FlatVerts=0 SlopeVerts=0
[+19:57:12.034] VoxelMesh: Chunk X=0 Y=0 Z=0 FlatVerts=0 SlopeVerts=0
[+19:57:12.034] VoxelChunk: GenerateAsync (0,2,-3)
[+19:57:12.036] VoxelMesh: Chunk X=0 Y=2 Z=-3 FlatVerts=0 SlopeVerts=0
[+19:57:12.139] VoxelMesh: Chunk X=0 Y=0 Z=0 FlatVerts=0 SlopeVerts=0
[+19:57:12.139] VoxelChunk: GenerateAsync (2,-3,-1)
[+19:57:12.141] VoxelMesh: Chunk X=2 Y=-3 Z=-1 FlatVerts=0 SlopeVerts=0
[+19:57:12.244] VoxelMesh: Chunk X=0 Y=0 Z=0 FlatVerts=0 SlopeVerts=0
[+19:57:12.244] VoxelChunk: GenerateAsync (3,-3,-1)
[+19:57:12.246] VoxelMesh: Chunk X=3 Y=-3 Z=-1 FlatVerts=0 SlopeVerts=0
[+19:57:12.347] VoxelMesh: Chunk X=0 Y=0 Z=0 FlatVerts=4068 SlopeVerts=1104
[+19:57:12.352] VoxelChunk: GenerateAsync (-3,-2,-1)
[+19:57:12.355] VoxelMesh: Chunk X=-3 Y=-2 Z=-1 FlatVerts=0 SlopeVerts=0
[+19:57:12.457] VoxelMesh: Chunk X=0 Y=0 Z=0 FlatVerts=0 SlopeVerts=0
[+19:57:12.458] VoxelChunk: GenerateAsync (1,2,-3)
[+19:57:12.459] VoxelMesh: Chunk X=1 Y=2 Z=-3 FlatVerts=0 SlopeVerts=0
[+19:57:12.563] VoxelMesh: Chunk X=0 Y=0 Z=0 FlatVerts=0 SlopeVerts=0
[+19:57:12.563] VoxelChunk: GenerateAsync (-3,1,-3)
[+19:57:12.564] VoxelMesh: Chunk X=-3 Y=1 Z=-3 FlatVerts=0 SlopeVerts=0
[+19:57:12.667] VoxelMesh: Chunk X=0 Y=0 Z=0 FlatVerts=0 SlopeVerts=0
[+19:57:12.668] VoxelChunk: GenerateAsync (3,-2,-2)
[+19:57:12.670] VoxelMesh: Chunk X=3 Y=-2 Z=-2 FlatVerts=0 SlopeVerts=0
[+19:57:12.770] VoxelMesh: Chunk X=0 Y=0 Z=0 FlatVerts=0 SlopeVerts=0
[+19:57:12.771] VoxelChunk: GenerateAsync (-3,-1,-2)
[+19:57:12.772] VoxelMesh: Chunk X=-3 Y=-1 Z=-2 FlatVerts=0 SlopeVerts=0
[+19:57:12.875] VoxelMesh: Chunk X=0 Y=0 Z=0 FlatVerts=0 SlopeVerts=0
[+19:57:12.875] VoxelChunk: GenerateAsync (2,2,-3)
[+19:57:12.877] VoxelMesh: Chunk X=2 Y=2 Z=-3 FlatVerts=0 SlopeVerts=0
[+19:57:12.981] VoxelMesh: Chunk X=0 Y=0 Z=0 FlatVerts=0 SlopeVerts=0
[+19:57:12.982] VoxelChunk: GenerateAsync (0,-1,-3)
[+19:57:12.983] VoxelMesh: Chunk X=0 Y=-1 Z=-3 FlatVerts=0 SlopeVerts=0
[+19:57:13.082] VoxelMesh: Chunk X=0 Y=0 Z=0 FlatVerts=8286 SlopeVerts=942
[+19:57:13.094] VoxelChunk: GenerateAsync (-3,-1,-1)
[+19:57:13.096] VoxelMesh: Chunk X=-3 Y=-1 Z=-1 FlatVerts=0 SlopeVerts=0
[+19:57:13.201] VoxelMesh: Chunk X=0 Y=0 Z=0 FlatVerts=0 SlopeVerts=0
[+19:57:13.202] VoxelChunk: GenerateAsync (3,2,-3)
[+19:57:13.203] VoxelMesh: Chunk X=3 Y=2 Z=-3 FlatVerts=0 SlopeVerts=0
[+19:57:13.299] VoxelMesh: Chunk X=0 Y=0 Z=0 FlatVerts=0 SlopeVerts=0
[+19:57:13.300] VoxelChunk: GenerateAsync (-2,1,-3)
[+19:57:13.301] VoxelMesh: Chunk X=-2 Y=1 Z=-3 FlatVerts=0 SlopeVerts=0
[+19:57:13.404] VoxelMesh: Chunk X=0 Y=0 Z=0 FlatVerts=0 SlopeVerts=0
[+19:57:13.404] VoxelChunk: GenerateAsync (-1,0,-3)
[+19:57:13.407] VoxelMesh: Chunk X=-1 Y=0 Z=-3 FlatVerts=0 SlopeVerts=0
[+19:57:13.508] VoxelMesh: Chunk X=0 Y=0 Z=0 FlatVerts=0 SlopeVerts=0
[+19:57:13.508] VoxelChunk: GenerateAsync (3,-1,-3)
[+19:57:13.511] VoxelMesh: Chunk X=3 Y=-1 Z=-3 FlatVerts=0 SlopeVerts=0
[+19:57:13.614] VoxelMesh: Chunk X=0 Y=0 Z=0 FlatVerts=0 SlopeVerts=0
[+19:57:13.614] VoxelChunk: GenerateAsync (-2,-1,-3)
[+19:57:13.615] VoxelMesh: Chunk X=-2 Y=-1 Z=-3 FlatVerts=0 SlopeVerts=0
[+19:57:13.718] VoxelMesh: Chunk X=0 Y=0 Z=0 FlatVerts=0 SlopeVerts=0
[+19:57:13.718] VoxelChunk: GenerateAsync (-3,-1,-3)
[+19:57:13.718] VoxelMesh: Chunk X=-3 Y=-1 Z=-3 FlatVerts=0 SlopeVerts=0
[+19:57:13.821] VoxelMesh: Chunk X=0 Y=0 Z=0 FlatVerts=0 SlopeVerts=0
[+19:57:13.822] VoxelChunk: GenerateAsync (3,-2,-3)
[+19:57:13.823] VoxelMesh: Chunk X=3 Y=-2 Z=-3 FlatVerts=0 SlopeVerts=0
[+19:57:13.927] VoxelMesh: Chunk X=0 Y=0 Z=0 FlatVerts=0 SlopeVerts=0
[+19:57:13.927] VoxelChunk: GenerateAsync (-3,3,-3)
[+19:57:13.928] VoxelMesh: Chunk X=-3 Y=3 Z=-3 FlatVerts=0 SlopeVerts=0
[+19:57:14.031] VoxelMesh: Chunk X=0 Y=0 Z=0 FlatVerts=0 SlopeVerts=0
[+19:57:14.032] VoxelChunk: GenerateAsync (3,-1,-1)
[+19:57:14.033] VoxelMesh: Chunk X=3 Y=-1 Z=-1 FlatVerts=0 SlopeVerts=0
[+19:57:14.132] VoxelMesh: Chunk X=0 Y=0 Z=0 FlatVerts=9894 SlopeVerts=576
[+19:57:14.145] VoxelChunk: GenerateAsync (-3,0,-1)
[+19:57:14.147] VoxelMesh: Chunk X=-3 Y=0 Z=-1 FlatVerts=0 SlopeVerts=0
[+19:57:14.240] VoxelMesh: Chunk X=0 Y=0 Z=0 FlatVerts=0 SlopeVerts=0
[+19:57:14.240] VoxelChunk: GenerateAsync (2,-2,-3)
[+19:57:14.242] VoxelMesh: Chunk X=2 Y=-2 Z=-3 FlatVerts=0 SlopeVerts=0
[+19:57:14.345] VoxelMesh: Chunk X=0 Y=0 Z=0 FlatVerts=0 SlopeVerts=0
[+19:57:14.345] VoxelChunk: GenerateAsync (3,-1,-2)
[+19:57:14.346] VoxelMesh: Chunk X=3 Y=-1 Z=-2 FlatVerts=0 SlopeVerts=0
[+19:57:14.448] VoxelMesh: Chunk X=0 Y=0 Z=0 FlatVerts=0 SlopeVerts=0
[+19:57:14.450] VoxelChunk: GenerateAsync (-2,3,-3)
[+19:57:14.451] VoxelMesh: Chunk X=-2 Y=3 Z=-3 FlatVerts=0 SlopeVerts=0
[+19:57:14.554] VoxelMesh: Chunk X=0 Y=0 Z=0 FlatVerts=0 SlopeVerts=0
[+19:57:14.554] VoxelChunk: GenerateAsync (-1,1,-3)
[+19:57:14.556] VoxelMesh: Chunk X=-1 Y=1 Z=-3 FlatVerts=0 SlopeVerts=0
[+19:57:14.659] VoxelMesh: Chunk X=0 Y=0 Z=0 FlatVerts=0 SlopeVerts=0
[+19:57:14.659] VoxelChunk: GenerateAsync (1,-2,-3)
[+19:57:14.661] VoxelMesh: Chunk X=1 Y=-2 Z=-3 FlatVerts=0 SlopeVerts=0
[+19:57:14.763] VoxelMesh: Chunk X=0 Y=0 Z=0 FlatVerts=0 SlopeVerts=0
[+19:57:14.765] VoxelChunk: GenerateAsync (0,-2,-3)
[+19:57:14.766] VoxelMesh: Chunk X=0 Y=-2 Z=-3 FlatVerts=0 SlopeVerts=0
[+19:57:14.866] VoxelMesh: Chunk X=0 Y=0 Z=0 FlatVerts=0 SlopeVerts=0
[+19:57:14.866] VoxelChunk: GenerateAsync (-3,0,-2)
[+19:57:14.868] VoxelMesh: Chunk X=-3 Y=0 Z=-2 FlatVerts=0 SlopeVerts=0
[+19:57:14.968] VoxelMesh: Chunk X=0 Y=0 Z=0 FlatVerts=54 SlopeVerts=834
[+19:57:14.969] VoxelChunk: GenerateAsync (3,0,-1)
[+19:57:14.971] VoxelMesh: Chunk X=3 Y=0 Z=-1 FlatVerts=0 SlopeVerts=0
[+19:57:15.074] VoxelMesh: Chunk X=0 Y=0 Z=0 FlatVerts=0 SlopeVerts=0
[+19:57:15.074] VoxelChunk: GenerateAsync (-1,3,-3)
[+19:57:15.075] VoxelMesh: Chunk X=-1 Y=3 Z=-3 FlatVerts=0 SlopeVerts=0
[+19:57:15.177] VoxelMesh: Chunk X=0 Y=0 Z=0 FlatVerts=8646 SlopeVerts=1470
[+19:57:15.189] VoxelChunk: GenerateAsync (-3,1,-1)
[+19:57:15.191] VoxelMesh: Chunk X=-3 Y=1 Z=-1 FlatVerts=0 SlopeVerts=0
[+19:57:15.285] VoxelMesh: Chunk X=0 Y=0 Z=0 FlatVerts=0 SlopeVerts=0
[+19:57:15.287] VoxelChunk: GenerateAsync (-1,-2,-3)
[+19:57:15.289] VoxelMesh: Chunk X=-1 Y=-2 Z=-3 FlatVerts=0 SlopeVerts=0
[+19:57:15.390] VoxelMesh: Chunk X=0 Y=0 Z=0 FlatVerts=0 SlopeVerts=0
[+19:57:15.390] VoxelChunk: GenerateAsync (-2,-2,-3)
[+19:57:15.391] VoxelMesh: Chunk X=-2 Y=-2 Z=-3 FlatVerts=0 SlopeVerts=0
[+19:57:15.495] VoxelMesh: Chunk X=0 Y=0 Z=0 FlatVerts=0 SlopeVerts=0
[+19:57:15.495] VoxelChunk: GenerateAsync (0,3,-3)
[+19:57:15.497] VoxelMesh: Chunk X=0 Y=3 Z=-3 FlatVerts=0 SlopeVerts=0
[+19:57:15.600] VoxelMesh: Chunk X=0 Y=0 Z=0 FlatVerts=0 SlopeVerts=0
[+19:57:15.600] VoxelChunk: GenerateAsync (0,1,-3)
[+19:57:15.602] VoxelMesh: Chunk X=0 Y=1 Z=-3 FlatVerts=0 SlopeVerts=0
[+19:57:15.703] VoxelMesh: Chunk X=0 Y=0 Z=0 FlatVerts=0 SlopeVerts=0
[+19:57:15.704] VoxelChunk: GenerateAsync (3,3,-1)
[+19:57:15.706] VoxelMesh: Chunk X=3 Y=3 Z=-1 FlatVerts=0 SlopeVerts=0
[+19:57:15.807] VoxelMesh: Chunk X=0 Y=0 Z=0 FlatVerts=0 SlopeVerts=0
[+19:57:15.807] VoxelChunk: GenerateAsync (0,0,-3)
[+19:57:15.809] VoxelMesh: Chunk X=0 Y=0 Z=-3 FlatVerts=0 SlopeVerts=0
[+19:57:15.909] VoxelMesh: Chunk X=0 Y=0 Z=0 FlatVerts=2568 SlopeVerts=11472
[+19:57:15.921] VoxelChunk: GenerateAsync (-2,-3,0)
[+19:57:15.922] VoxelMesh: Chunk X=-2 Y=-3 Z=0 FlatVerts=0 SlopeVerts=0
[+19:57:16.016] VoxelMesh: Chunk X=0 Y=0 Z=0 FlatVerts=336 SlopeVerts=4980
[+19:57:16.019] VoxelChunk: GenerateAsync (-1,-3,0)
[+19:57:16.020] VoxelMesh: Chunk X=-1 Y=-3 Z=0 FlatVerts=0 SlopeVerts=30
[+19:57:16.123] VoxelMesh: Chunk X=0 Y=0 Z=0 FlatVerts=48 SlopeVerts=1284
[+19:57:16.124] VoxelChunk: GenerateAsync (0,-3,0)
[+19:57:16.126] VoxelMesh: Chunk X=0 Y=-3 Z=0 FlatVerts=0 SlopeVerts=0
[+19:57:16.232] VoxelMesh: Chunk X=0 Y=0 Z=0 FlatVerts=36 SlopeVerts=216
[+19:57:16.233] VoxelChunk: GenerateAsync (1,-3,0)
[+19:57:16.235] VoxelMesh: Chunk X=1 Y=-3 Z=0 FlatVerts=0 SlopeVerts=0
[+19:57:16.331] VoxelMesh: Chunk X=0 Y=0 Z=0 FlatVerts=0 SlopeVerts=660
[+19:57:16.332] VoxelChunk: GenerateAsync (2,-3,0)
[+19:57:16.333] VoxelMesh: Chunk X=2 Y=-3 Z=0 FlatVerts=0 SlopeVerts=0
[+19:57:16.436] VoxelMesh: Chunk X=0 Y=0 Z=0 FlatVerts=0 SlopeVerts=0
[+19:57:16.437] VoxelChunk: GenerateAsync (-3,-2,-3)
[+19:57:16.439] VoxelMesh: Chunk X=-3 Y=-2 Z=-3 FlatVerts=0 SlopeVerts=0
[+19:57:16.540] VoxelMesh: Chunk X=0 Y=0 Z=0 FlatVerts=612 SlopeVerts=1296
[+19:57:16.542] VoxelChunk: GenerateAsync (3,1,-1)
[+19:57:16.543] VoxelMesh: Chunk X=3 Y=1 Z=-1 FlatVerts=0 SlopeVerts=0
[+19:57:16.645] VoxelMesh: Chunk X=0 Y=0 Z=0 FlatVerts=5388 SlopeVerts=1914
[+19:57:16.653] VoxelChunk: GenerateAsync (-3,2,-1)
[+19:57:16.654] VoxelMesh: Chunk X=-3 Y=2 Z=-1 FlatVerts=0 SlopeVerts=0
[+19:57:16.748] VoxelMesh: Chunk X=0 Y=0 Z=0 FlatVerts=0 SlopeVerts=0
[+19:57:16.750] VoxelChunk: GenerateAsync (1,3,-3)
[+19:57:16.751] VoxelMesh: Chunk X=1 Y=3 Z=-3 FlatVerts=0 SlopeVerts=0
[+19:57:16.853] VoxelMesh: Chunk X=0 Y=0 Z=0 FlatVerts=0 SlopeVerts=0
[+19:57:16.853] VoxelChunk: GenerateAsync (3,0,-2)
[+19:57:16.855] VoxelMesh: Chunk X=3 Y=0 Z=-2 FlatVerts=0 SlopeVerts=0
[+19:57:16.954] VoxelMesh: Chunk X=0 Y=0 Z=0 FlatVerts=0 SlopeVerts=0
[+19:57:16.954] VoxelChunk: GenerateAsync (-3,1,-2)
[+19:57:16.957] VoxelMesh: Chunk X=-3 Y=1 Z=-2 FlatVerts=0 SlopeVerts=0
[+19:57:17.060] VoxelMesh: Chunk X=0 Y=0 Z=0 FlatVerts=0 SlopeVerts=0
[+19:57:17.060] VoxelChunk: GenerateAsync (2,3,-3)
[+19:57:17.061] VoxelMesh: Chunk X=2 Y=3 Z=-3 FlatVerts=0 SlopeVerts=0
[+19:57:17.165] VoxelMesh: Chunk X=0 Y=0 Z=0 FlatVerts=0 SlopeVerts=2418
[+19:57:17.167] VoxelChunk: GenerateAsync (3,-2,0)
[+19:57:17.167] VoxelMesh: Chunk X=3 Y=-2 Z=0 FlatVerts=0 SlopeVerts=102
[+19:57:17.270] VoxelMesh: Chunk X=0 Y=0 Z=0 FlatVerts=0 SlopeVerts=0
[+19:57:17.272] VoxelChunk: GenerateAsync (1,1,-3)
[+19:57:17.273] VoxelMesh: Chunk X=1 Y=1 Z=-3 FlatVerts=0 SlopeVerts=0
[+19:57:17.374] VoxelMesh: Chunk X=0 Y=0 Z=0 FlatVerts=558 SlopeVerts=462
[+19:57:17.375] VoxelChunk: GenerateAsync (3,2,-1)
[+19:57:17.378] VoxelMesh: Chunk X=3 Y=2 Z=-1 FlatVerts=0 SlopeVerts=0
[+19:57:17.480] VoxelMesh: Chunk X=0 Y=0 Z=0 FlatVerts=0 SlopeVerts=0
[+19:57:17.480] VoxelChunk: GenerateAsync (3,-3,-3)
[+19:57:17.481] VoxelMesh: Chunk X=3 Y=-3 Z=-3 FlatVerts=0 SlopeVerts=0
[+19:57:17.584] VoxelMesh: Chunk X=0 Y=0 Z=0 FlatVerts=0 SlopeVerts=0
[+19:57:17.584] VoxelChunk: GenerateAsync (2,-3,-3)
[+19:57:17.585] VoxelMesh: Chunk X=2 Y=-3 Z=-3 FlatVerts=0 SlopeVerts=0
[+19:57:17.688] VoxelMesh: Chunk X=0 Y=0 Z=0 FlatVerts=0 SlopeVerts=0
[+19:57:17.688] VoxelChunk: GenerateAsync (1,-3,-3)
[+19:57:17.690] VoxelMesh: Chunk X=1 Y=-3 Z=-3 FlatVerts=0 SlopeVerts=0
[+19:57:17.791] VoxelMesh: Chunk X=0 Y=0 Z=0 FlatVerts=2340 SlopeVerts=1830
[+19:57:17.795] VoxelChunk: GenerateAsync (-3,3,-1)
[+19:57:17.797] VoxelMesh: Chunk X=-3 Y=3 Z=-1 FlatVerts=0 SlopeVerts=0
[+19:57:17.898] VoxelMesh: Chunk X=0 Y=0 Z=0 FlatVerts=30 SlopeVerts=2028
[+19:57:17.899] VoxelChunk: GenerateAsync (3,-1,0)
[+19:57:17.900] VoxelMesh: Chunk X=3 Y=-1 Z=0 FlatVerts=312 SlopeVerts=462
[+19:57:18.003] VoxelMesh: Chunk X=0 Y=0 Z=0 FlatVerts=9894 SlopeVerts=576
[+19:57:18.016] VoxelChunk: GenerateAsync (-3,0,0)
[+19:57:18.018] VoxelMesh: Chunk X=-3 Y=0 Z=0 FlatVerts=0 SlopeVerts=0
[+19:57:18.109] VoxelMesh: Chunk X=0 Y=0 Z=0 FlatVerts=6054 SlopeVerts=2346
[+19:57:18.118] VoxelChunk: GenerateAsync (-2,3,-1)
[+19:57:18.119] VoxelMesh: Chunk X=-2 Y=3 Z=-1 FlatVerts=0 SlopeVerts=0
[+19:57:18.221] VoxelMesh: Chunk X=0 Y=0 Z=0 FlatVerts=0 SlopeVerts=0
[+19:57:18.221] VoxelChunk: GenerateAsync (0,-3,-3)
[+19:57:18.223] VoxelMesh: Chunk X=0 Y=-3 Z=-3 FlatVerts=0 SlopeVerts=0
[+19:57:18.326] VoxelMesh: Chunk X=0 Y=0 Z=0 FlatVerts=0 SlopeVerts=0
[+19:57:18.326] VoxelChunk: GenerateAsync (3,3,-3)
[+19:57:18.329] VoxelMesh: Chunk X=3 Y=3 Z=-3 FlatVerts=0 SlopeVerts=0
[+19:57:18.422] VoxelMesh: Chunk X=0 Y=0 Z=0 FlatVerts=6948 SlopeVerts=1038
[+19:57:18.431] VoxelChunk: GenerateAsync (-1,3,-1)
[+19:57:18.432] VoxelMesh: Chunk X=-1 Y=3 Z=-1 FlatVerts=0 SlopeVerts=0
[+19:57:18.524] VoxelMesh: Chunk X=0 Y=0 Z=0 FlatVerts=6060 SlopeVerts=1098
[+19:57:18.532] VoxelChunk: GenerateAsync (0,3,-1)
[+19:57:18.534] VoxelMesh: Chunk X=0 Y=3 Z=-1 FlatVerts=0 SlopeVerts=0
[+19:57:18.626] VoxelMesh: Chunk X=0 Y=0 Z=0 FlatVerts=2526 SlopeVerts=7044
[+19:57:18.634] VoxelChunk: GenerateAsync (3,0,0)
[+19:57:18.635] VoxelMesh: Chunk X=3 Y=0 Z=0 FlatVerts=432 SlopeVerts=438
[+19:57:18.732] VoxelMesh: Chunk X=0 Y=0 Z=0 FlatVerts=9288 SlopeVerts=3306
[+19:57:18.746] VoxelChunk: GenerateAsync (-3,1,0)
[+19:57:18.747] VoxelMesh: Chunk X=-3 Y=1 Z=0 FlatVerts=0 SlopeVerts=0
[+19:57:18.836] VoxelMesh: Chunk X=0 Y=0 Z=0 FlatVerts=3792 SlopeVerts=1224
[+19:57:18.841] VoxelChunk: GenerateAsync (1,3,-1)
[+19:57:18.843] VoxelMesh: Chunk X=1 Y=3 Z=-1 FlatVerts=0 SlopeVerts=0
[+19:57:18.946] VoxelMesh: Chunk X=0 Y=0 Z=0 FlatVerts=954 SlopeVerts=588
[+19:57:18.947] VoxelChunk: GenerateAsync (2,3,-1)
[+19:57:18.948] VoxelMesh: Chunk X=2 Y=3 Z=-1 FlatVerts=0 SlopeVerts=0
[+19:57:19.054] VoxelMesh: Chunk X=0 Y=0 Z=0 FlatVerts=0 SlopeVerts=0
[+19:57:19.054] VoxelChunk: GenerateAsync (-2,-3,-3)
[+19:57:19.055] VoxelMesh: Chunk X=-2 Y=-3 Z=-3 FlatVerts=0 SlopeVerts=0
[+19:57:19.194] VoxelWater: No owner or OceanPlaneMesh, skipping ocean.
[+19:57:19.194] VoxelWorld: GenerateWorldDeferred started.
[+19:57:19.194] VoxelWorld: Queued 441 chunks.
[+19:57:19.207] VoxelMesh: Chunk X=0 Y=0 Z=0 FlatVerts=5988 SlopeVerts=10350
[+19:57:19.209] VoxelChunk: GenerateAsync (0,0,0)
[+19:57:19.210] VoxelMesh: Chunk X=0 Y=0 Z=0 FlatVerts=144 SlopeVerts=132
[+19:57:19.213] VoxelMesh: Chunk X=0 Y=0 Z=0 FlatVerts=3600 SlopeVerts=13656
[+19:57:19.215] VoxelChunk: GenerateAsync (1,0,0)
[+19:57:19.217] VoxelMesh: Chunk X=1 Y=0 Z=0 FlatVerts=2484 SlopeVerts=174
[+19:57:19.221] VoxelMesh: Chunk X=0 Y=0 Z=0 FlatVerts=1476 SlopeVerts=876
[+19:57:19.221] VoxelChunk: GenerateAsync (0,-1,-1)
[+19:57:19.226] VoxelMesh: Chunk X=0 Y=-1 Z=-1 FlatVerts=0 SlopeVerts=0
[+19:57:19.227] VoxelMesh: Chunk X=0 Y=0 Z=0 FlatVerts=156 SlopeVerts=96
[+19:57:19.227] VoxelChunk: GenerateAsync (1,-1,-1)
[+19:57:19.229] VoxelMesh: Chunk X=1 Y=-1 Z=-1 FlatVerts=0 SlopeVerts=0
[+19:57:19.260] VoxelMesh: Chunk X=0 Y=0 Z=0 FlatVerts=4920 SlopeVerts=1614
[+19:57:19.262] VoxelChunk: GenerateAsync (-1,-1,-1)
[+19:57:19.273] VoxelMesh: Chunk X=-1 Y=-1 Z=-1 FlatVerts=0 SlopeVerts=0
[+19:57:19.275] VoxelMesh: Chunk X=0 Y=0 Z=0 FlatVerts=9000 SlopeVerts=2982
[+19:57:19.278] VoxelChunk: GenerateAsync (-1,0,0)
[+19:57:19.284] VoxelMesh: Chunk X=-1 Y=0 Z=0 FlatVerts=0 SlopeVerts=0
[+19:57:19.289] VoxelMesh: Chunk X=0 Y=0 Z=0 FlatVerts=8106 SlopeVerts=6354
[+19:57:19.292] VoxelChunk: GenerateAsync (1,1,0)
[+19:57:19.293] VoxelMesh: Chunk X=1 Y=1 Z=0 FlatVerts=2514 SlopeVerts=0
[+19:57:19.302] VoxelMesh: Chunk X=0 Y=0 Z=0 FlatVerts=900 SlopeVerts=11400
[+19:57:19.304] VoxelChunk: GenerateAsync (1,-1,0)
[+19:57:19.306] VoxelMesh: Chunk X=1 Y=-1 Z=0 FlatVerts=84 SlopeVerts=42
[+19:57:19.327] VoxelMesh: Chunk X=0 Y=0 Z=0 FlatVerts=0 SlopeVerts=0
[+19:57:19.327] VoxelChunk: GenerateAsync (-3,-3,-3)
[+19:57:19.348] VoxelMesh: Chunk X=0 Y=0 Z=0 FlatVerts=0 SlopeVerts=0
[+19:57:19.348] VoxelMesh: Chunk X=-3 Y=-3 Z=-3 FlatVerts=0 SlopeVerts=0
[+19:57:19.349] VoxelChunk: GenerateAsync (-1,1,1)
[+19:57:19.354] VoxelMesh: Chunk X=-1 Y=1 Z=1 FlatVerts=24 SlopeVerts=3072
[+19:57:19.365] VoxelMesh: Chunk X=0 Y=0 Z=0 FlatVerts=9804 SlopeVerts=2352
[+19:57:19.368] VoxelChunk: GenerateAsync (0,1,0)
[+19:57:19.376] VoxelMesh: Chunk X=0 Y=1 Z=0 FlatVerts=1788 SlopeVerts=318
[+19:57:19.378] VoxelMesh: Chunk X=0 Y=0 Z=0 FlatVerts=9636 SlopeVerts=678
[+19:57:19.381] VoxelChunk: GenerateAsync (0,1,-1)
[+19:57:19.385] VoxelMesh: Chunk X=0 Y=1 Z=-1 FlatVerts=0 SlopeVerts=0
[+19:57:19.391] VoxelMesh: Chunk X=0 Y=0 Z=0 FlatVerts=6012 SlopeVerts=9102
[+19:57:19.393] VoxelChunk: GenerateAsync (-1,-1,0)
[+19:57:19.407] VoxelMesh: Chunk X=-1 Y=-1 Z=0 FlatVerts=0 SlopeVerts=0
[+19:57:19.424] VoxelMesh: Chunk X=0 Y=0 Z=0 FlatVerts=8916 SlopeVerts=882
[+19:57:19.427] VoxelChunk: GenerateAsync (-1,0,-1)
[+19:57:19.436] VoxelMesh: Chunk X=-1 Y=0 Z=-1 FlatVerts=0 SlopeVerts=0
[+19:57:19.440] VoxelMesh: Chunk X=0 Y=0 Z=0 FlatVerts=1608 SlopeVerts=20910
[+19:57:19.442] VoxelChunk: GenerateAsync (1,0,1)
[+19:57:19.448] VoxelMesh: Chunk X=1 Y=0 Z=1 FlatVerts=138 SlopeVerts=186
[+19:57:19.457] VoxelMesh: Chunk X=0 Y=0 Z=0 FlatVerts=648 SlopeVerts=25776
[+19:57:19.460] VoxelChunk: GenerateAsync (1,-1,1)
[+19:57:19.474] VoxelMesh: Chunk X=0 Y=0 Z=0 FlatVerts=10458 SlopeVerts=30
[+19:57:19.474] VoxelMesh: Chunk X=1 Y=-1 Z=1 FlatVerts=1296 SlopeVerts=2550
[+19:57:19.477] VoxelChunk: GenerateAsync (-1,1,0)
[+19:57:19.484] VoxelMesh: Chunk X=-1 Y=1 Z=0 FlatVerts=156 SlopeVerts=264
[+19:57:19.499] VoxelMesh: Chunk X=0 Y=0 Z=0 FlatVerts=0 SlopeVerts=0
[+19:57:19.501] VoxelChunk: GenerateAsync (-3,-3,-2)
[+19:57:19.510] VoxelMesh: Chunk X=-3 Y=-3 Z=-2 FlatVerts=0 SlopeVerts=0
[+19:57:19.513] VoxelMesh: Chunk X=0 Y=0 Z=0 FlatVerts=2346 SlopeVerts=13482
[+19:57:19.516] VoxelChunk: GenerateAsync (0,-1,0)
[+19:57:19.521] VoxelMesh: Chunk X=0 Y=-1 Z=0 FlatVerts=0 SlopeVerts=0
[+19:57:19.522] VoxelMesh: Chunk X=0 Y=0 Z=0 FlatVerts=10458 SlopeVerts=30
[+19:57:19.525] VoxelChunk: GenerateAsync (-1,1,-1)
[+19:57:19.534] VoxelMesh: Chunk X=0 Y=0 Z=0 FlatVerts=5424 SlopeVerts=1548
[+19:57:19.536] VoxelChunk: GenerateAsync (0,0,-1)
[+19:57:19.538] VoxelMesh: Chunk X=-1 Y=1 Z=-1 FlatVerts=0 SlopeVerts=0
[+19:57:19.542] VoxelMesh: Chunk X=0 Y=0 Z=-1 FlatVerts=0 SlopeVerts=0
[+19:57:19.543] VoxelMesh: Chunk X=0 Y=0 Z=0 FlatVerts=7056 SlopeVerts=1260
[+19:57:19.545] VoxelChunk: GenerateAsync (1,1,-1)
[+19:57:19.552] VoxelMesh: Chunk X=1 Y=1 Z=-1 FlatVerts=0 SlopeVerts=0
[+19:57:19.565] VoxelMesh: Chunk X=0 Y=0 Z=0 FlatVerts=1836 SlopeVerts=1032
[+19:57:19.567] VoxelChunk: GenerateAsync (1,0,-1)
[+19:57:19.574] VoxelMesh: Chunk X=1 Y=0 Z=-1 FlatVerts=0 SlopeVerts=0
[+19:57:19.582] VoxelMesh: Chunk X=0 Y=0 Z=0 FlatVerts=990 SlopeVerts=5526
[+19:57:19.583] VoxelChunk: GenerateAsync (1,1,1)
[+19:57:19.591] VoxelMesh: Chunk X=1 Y=1 Z=1 FlatVerts=0 SlopeVerts=0
[+19:57:19.598] VoxelMesh: Chunk X=0 Y=0 Z=0 FlatVerts=144 SlopeVerts=1698
[+19:57:19.599] VoxelChunk: GenerateAsync (0,1,1)
[+19:57:19.605] VoxelMesh: Chunk X=0 Y=1 Z=1 FlatVerts=222 SlopeVerts=600
[+19:57:19.612] VoxelMesh: Chunk X=0 Y=0 Z=0 FlatVerts=456 SlopeVerts=10890
[+19:57:19.614] VoxelChunk: GenerateAsync (0,0,1)
[+19:57:19.615] VoxelMesh: Chunk X=0 Y=0 Z=1 FlatVerts=690 SlopeVerts=3588
[+19:57:19.636] VoxelMesh: Chunk X=0 Y=0 Z=0 FlatVerts=0 SlopeVerts=0
[+19:57:19.636] VoxelChunk: GenerateAsync (2,1,-3)
[+19:57:19.639] VoxelMesh: Chunk X=2 Y=1 Z=-3 FlatVerts=0 SlopeVerts=0
[+19:57:19.645] VoxelMesh: Chunk X=0 Y=0 Z=0 FlatVerts=54 SlopeVerts=2202
[+19:57:19.646] VoxelChunk: GenerateAsync (-1,0,1)
[+19:57:19.647] VoxelMesh: Chunk X=-1 Y=0 Z=1 FlatVerts=0 SlopeVerts=84
[+19:57:19.653] VoxelMesh: Chunk X=0 Y=0 Z=0 FlatVerts=792 SlopeVerts=22026
[+19:57:19.654] VoxelChunk: GenerateAsync (0,-1,1)
[+19:57:19.655] VoxelMesh: Chunk X=0 Y=-1 Z=1 FlatVerts=36 SlopeVerts=2340
[+19:57:19.661] VoxelMesh: Chunk X=0 Y=0 Z=0 FlatVerts=1050 SlopeVerts=10668
[+19:57:19.662] VoxelChunk: GenerateAsync (-1,-1,1)
[+19:57:19.664] VoxelMesh: Chunk X=-1 Y=-1 Z=1 FlatVerts=0 SlopeVerts=0
[+19:57:19.670] VoxelMesh: Chunk X=0 Y=0 Z=0 FlatVerts=6 SlopeVerts=15186
[+19:57:19.670] VoxelChunk: GenerateAsync (0,-1,2)
[+19:57:19.673] VoxelMesh: Chunk X=0 Y=-1 Z=2 FlatVerts=396 SlopeVerts=3870
[+19:57:19.690] VoxelMesh: Chunk X=0 Y=0 Z=0 FlatVerts=6 SlopeVerts=3168
[+19:57:19.691] VoxelChunk: GenerateAsync (-1,-1,2)
[+19:57:19.691] VoxelMesh: Chunk X=-1 Y=-1 Z=2 FlatVerts=90 SlopeVerts=1260
[+19:57:19.697] VoxelMesh: Chunk X=0 Y=0 Z=0 FlatVerts=0 SlopeVerts=0
[+19:57:19.697] VoxelChunk: GenerateAsync (-2,1,2)
[+19:57:19.701] VoxelMesh: Chunk X=-2 Y=1 Z=2 FlatVerts=30 SlopeVerts=1836
[+19:57:19.704] VoxelMesh: Chunk X=0 Y=0 Z=0 FlatVerts=0 SlopeVerts=0
[+19:57:19.705] VoxelChunk: GenerateAsync (-2,-1,2)
[+19:57:19.708] VoxelMesh: Chunk X=-2 Y=-1 Z=2 FlatVerts=204 SlopeVerts=2970
[+19:57:19.711] VoxelMesh: Chunk X=0 Y=0 Z=0 FlatVerts=78 SlopeVerts=26808
[+19:57:19.712] VoxelChunk: GenerateAsync (2,-2,2)
[+19:57:19.713] VoxelMesh: Chunk X=2 Y=-2 Z=2 FlatVerts=0 SlopeVerts=3672
[+19:57:19.726] VoxelMesh: Chunk X=0 Y=0 Z=0 FlatVerts=6204 SlopeVerts=7032
[+19:57:19.738] VoxelChunk: GenerateAsync (-3,2,0)
[+19:57:19.739] VoxelMesh: Chunk X=-3 Y=2 Z=0 FlatVerts=0 SlopeVerts=0
[+19:57:19.748] VoxelMesh: Chunk X=0 Y=0 Z=0 FlatVerts=270 SlopeVerts=19860
[+19:57:19.750] VoxelChunk: GenerateAsync (2,0,2)
[+19:57:19.751] VoxelMesh: Chunk X=2 Y=0 Z=2 FlatVerts=0 SlopeVerts=0
[+19:57:19.757] VoxelMesh: Chunk X=0 Y=0 Z=0 FlatVerts=252 SlopeVerts=2622
[+19:57:19.757] VoxelChunk: GenerateAsync (2,1,2)
[+19:57:19.759] VoxelMesh: Chunk X=2 Y=1 Z=2 FlatVerts=0 SlopeVerts=1722
[+19:57:19.764] VoxelMesh: Chunk X=0 Y=0 Z=0 FlatVerts=18 SlopeVerts=25014
[+19:57:19.765] VoxelChunk: GenerateAsync (1,-2,2)
[+19:57:19.767] VoxelMesh: Chunk X=1 Y=-2 Z=2 FlatVerts=168 SlopeVerts=3174
[+19:57:19.773] VoxelMesh: Chunk X=0 Y=0 Z=0 FlatVerts=36 SlopeVerts=26808
[+19:57:19.774] VoxelChunk: GenerateAsync (0,-2,2)
[+19:57:19.775] VoxelMesh: Chunk X=0 Y=-2 Z=2 FlatVerts=96 SlopeVerts=2754
[+19:57:19.789] VoxelMesh: Chunk X=0 Y=0 Z=0 FlatVerts=0 SlopeVerts=0
[+19:57:19.789] VoxelChunk: GenerateAsync (-2,1,1)
[+19:57:19.790] VoxelMesh: Chunk X=-2 Y=1 Z=1 FlatVerts=0 SlopeVerts=0
[+19:57:19.795] VoxelMesh: Chunk X=0 Y=0 Z=0 FlatVerts=1734 SlopeVerts=24360
[+19:57:19.796] VoxelChunk: GenerateAsync (2,0,1)
[+19:57:19.798] VoxelMesh: Chunk X=2 Y=0 Z=1 FlatVerts=0 SlopeVerts=0
[+19:57:19.804] VoxelMesh: Chunk X=0 Y=0 Z=0 FlatVerts=0 SlopeVerts=10548
[+19:57:19.804] VoxelChunk: GenerateAsync (1,0,2)
[+19:57:19.807] VoxelMesh: Chunk X=1 Y=0 Z=2 FlatVerts=0 SlopeVerts=0
[+19:57:19.813] VoxelMesh: Chunk X=0 Y=0 Z=0 FlatVerts=48 SlopeVerts=16752
[+19:57:19.815] VoxelChunk: GenerateAsync (-1,-2,2)
[+19:57:19.815] VoxelMesh: Chunk X=-1 Y=-2 Z=2 FlatVerts=198 SlopeVerts=5094
[+19:57:19.831] VoxelMesh: Chunk X=0 Y=0 Z=0 FlatVerts=0 SlopeVerts=0
[+19:57:19.831] VoxelChunk: GenerateAsync (1,0,-3)
[+19:57:19.833] VoxelMesh: Chunk X=1 Y=0 Z=-3 FlatVerts=0 SlopeVerts=0
[+19:57:19.840] VoxelMesh: Chunk X=0 Y=0 Z=0 FlatVerts=18 SlopeVerts=4860
[+19:57:19.841] VoxelChunk: GenerateAsync (-2,-2,2)
[+19:57:19.842] VoxelMesh: Chunk X=-2 Y=-2 Z=2 FlatVerts=0 SlopeVerts=2334
[+19:57:19.846] VoxelMesh: Chunk X=0 Y=0 Z=0 FlatVerts=0 SlopeVerts=0
[+19:57:19.846] VoxelChunk: GenerateAsync (-2,0,1)
[+19:57:19.848] VoxelMesh: Chunk X=-2 Y=0 Z=1 FlatVerts=0 SlopeVerts=0
[+19:57:19.852] VoxelMesh: Chunk X=0 Y=0 Z=0 FlatVerts=636 SlopeVerts=23826
[+19:57:19.853] VoxelChunk: GenerateAsync (2,-1,1)
[+19:57:19.856] VoxelMesh: Chunk X=2 Y=-1 Z=1 FlatVerts=108 SlopeVerts=1128
[+19:57:19.861] VoxelMesh: Chunk X=0 Y=0 Z=0 FlatVerts=0 SlopeVerts=2088
[+19:57:19.862] VoxelChunk: GenerateAsync (0,0,2)
[+19:57:19.863] VoxelMesh: Chunk X=0 Y=0 Z=2 FlatVerts=0 SlopeVerts=930
[+19:57:19.879] VoxelMesh: Chunk X=0 Y=0 Z=0 FlatVerts=0 SlopeVerts=384
[+19:57:19.879] VoxelChunk: GenerateAsync (1,1,2)
[+19:57:19.881] VoxelMesh: Chunk X=1 Y=1 Z=2 FlatVerts=0 SlopeVerts=0
[+19:57:19.887] VoxelMesh: Chunk X=0 Y=0 Z=0 FlatVerts=0 SlopeVerts=0
[+19:57:19.887] VoxelChunk: GenerateAsync (-1,2,2)
[+19:57:19.890] VoxelMesh: Chunk X=-1 Y=2 Z=2 FlatVerts=0 SlopeVerts=114
[+19:57:19.894] VoxelMesh: Chunk X=0 Y=0 Z=0 FlatVerts=588 SlopeVerts=1656
[+19:57:19.894] VoxelChunk: GenerateAsync (-2,-1,1)
[+19:57:19.896] VoxelMesh: Chunk X=-2 Y=-1 Z=1 FlatVerts=0 SlopeVerts=0
[+19:57:19.900] VoxelMesh: Chunk X=0 Y=0 Z=0 FlatVerts=126 SlopeVerts=13854
[+19:57:19.901] VoxelChunk: GenerateAsync (2,-2,1)
[+19:57:19.902] VoxelMesh: Chunk X=2 Y=-2 Z=1 FlatVerts=228 SlopeVerts=2958
[+19:57:19.916] VoxelMesh: Chunk X=0 Y=0 Z=0 FlatVerts=5688 SlopeVerts=6942
[+19:57:19.918] VoxelChunk: GenerateAsync (2,2,1)
[+19:57:19.921] VoxelMesh: Chunk X=2 Y=2 Z=1 FlatVerts=0 SlopeVerts=672
[+19:57:19.925] VoxelMesh: Chunk X=0 Y=0 Z=0 FlatVerts=1248 SlopeVerts=3060
[+19:57:19.926] VoxelChunk: GenerateAsync (1,2,1)
[+19:57:19.927] VoxelMesh: Chunk X=1 Y=2 Z=1 FlatVerts=132 SlopeVerts=2694
[+19:57:19.932] VoxelMesh: Chunk X=0 Y=0 Z=0 FlatVerts=0 SlopeVerts=72
[+19:57:19.933] VoxelChunk: GenerateAsync (-1,0,2)
[+19:57:19.934] VoxelMesh: Chunk X=-1 Y=0 Z=2 FlatVerts=36 SlopeVerts=2820
[+19:57:19.939] VoxelMesh: Chunk X=0 Y=0 Z=0 FlatVerts=6 SlopeVerts=420
[+19:57:19.939] VoxelChunk: GenerateAsync (0,2,1)
[+19:57:19.941] VoxelMesh: Chunk X=0 Y=2 Z=1 FlatVerts=1284 SlopeVerts=0
[+19:57:19.948] VoxelMesh: Chunk X=0 Y=0 Z=0 FlatVerts=0 SlopeVerts=0
[+19:57:19.948] VoxelChunk: GenerateAsync (16,-21,-1)
[+19:57:19.950] VoxelMesh: Chunk X=16 Y=-21 Z=-1 FlatVerts=0 SlopeVerts=0
[+19:57:19.955] VoxelMesh: Chunk X=0 Y=0 Z=0 FlatVerts=6 SlopeVerts=20058
[+19:57:19.957] VoxelChunk: GenerateAsync (16,-21,3)
[+19:57:19.958] VoxelMesh: Chunk X=16 Y=-21 Z=3 FlatVerts=42 SlopeVerts=2928
[+19:57:19.962] VoxelMesh: Chunk X=0 Y=0 Z=0 FlatVerts=372 SlopeVerts=31398
[+19:57:19.965] VoxelChunk: GenerateAsync (16,-21,2)
[+19:57:19.966] VoxelMesh: Chunk X=16 Y=-21 Z=2 FlatVerts=384 SlopeVerts=3948
[+19:57:19.972] VoxelMesh: Chunk X=0 Y=0 Z=0 FlatVerts=0 SlopeVerts=0
[+19:57:19.972] VoxelChunk: GenerateAsync (16,-20,-1)
[+19:57:19.974] VoxelMesh: Chunk X=16 Y=-20 Z=-1 FlatVerts=0 SlopeVerts=0
[+19:57:19.979] VoxelMesh: Chunk X=0 Y=0 Z=0 FlatVerts=24 SlopeVerts=25026
[+19:57:19.982] VoxelChunk: GenerateAsync (16,-20,3)
[+19:57:19.984] VoxelMesh: Chunk X=16 Y=-20 Z=3 FlatVerts=36 SlopeVerts=4092
[+19:57:19.989] VoxelMesh: Chunk X=0 Y=0 Z=0 FlatVerts=312 SlopeVerts=24348
[+19:57:19.991] VoxelChunk: GenerateAsync (16,-20,2)
[+19:57:19.992] VoxelMesh: Chunk X=16 Y=-20 Z=2 FlatVerts=150 SlopeVerts=4758
[+19:57:19.998] VoxelMesh: Chunk X=0 Y=0 Z=0 FlatVerts=0 SlopeVerts=0
[+19:57:19.998] VoxelChunk: GenerateAsync (16,-19,-1)
[+19:57:20.000] VoxelMesh: Chunk X=16 Y=-19 Z=-1 FlatVerts=0 SlopeVerts=0
[+19:57:20.005] VoxelMesh: Chunk X=0 Y=0 Z=0 FlatVerts=198 SlopeVerts=20052
[+19:57:20.007] VoxelChunk: GenerateAsync (16,-19,3)
[+19:57:20.009] VoxelMesh: Chunk X=16 Y=-19 Z=3 FlatVerts=30 SlopeVerts=2364
[+19:57:20.014] VoxelMesh: Chunk X=0 Y=0 Z=0 FlatVerts=402 SlopeVerts=17064
[+19:57:20.015] VoxelChunk: GenerateAsync (16,-19,2)
[+19:57:20.017] VoxelMesh: Chunk X=16 Y=-19 Z=2 FlatVerts=0 SlopeVerts=558
[+19:57:20.021] VoxelMesh: Chunk X=0 Y=0 Z=0 FlatVerts=0 SlopeVerts=0
[+19:57:20.022] VoxelChunk: GenerateAsync (17,-21,-1)
[+19:57:20.024] VoxelMesh: Chunk X=17 Y=-21 Z=-1 FlatVerts=0 SlopeVerts=0
[+19:57:20.029] VoxelMesh: Chunk X=0 Y=0 Z=0 FlatVerts=6 SlopeVerts=8598
[+19:57:20.030] VoxelChunk: GenerateAsync (17,-21,3)
[+19:57:20.032] VoxelMesh: Chunk X=17 Y=-21 Z=3 FlatVerts=0 SlopeVerts=0
[+19:57:20.037] VoxelMesh: Chunk X=0 Y=0 Z=0 FlatVerts=366 SlopeVerts=22050
[+19:57:20.040] VoxelChunk: GenerateAsync (17,-21,2)
[+19:57:20.042] VoxelMesh: Chunk X=17 Y=-21 Z=2 FlatVerts=0 SlopeVerts=312
[+19:57:20.045] VoxelMesh: Chunk X=0 Y=0 Z=0 FlatVerts=0 SlopeVerts=0
[+19:57:20.046] VoxelChunk: GenerateAsync (17,-20,-1)
[+19:57:20.047] VoxelMesh: Chunk X=17 Y=-20 Z=-1 FlatVerts=0 SlopeVerts=0
[+19:57:20.053] VoxelMesh: Chunk X=0 Y=0 Z=0 FlatVerts=6 SlopeVerts=7632
[+19:57:20.054] VoxelChunk: GenerateAsync (17,-20,3)
[+19:57:20.055] VoxelMesh: Chunk X=17 Y=-20 Z=3 FlatVerts=96 SlopeVerts=2370
[+19:57:20.062] VoxelMesh: Chunk X=0 Y=0 Z=0 FlatVerts=1320 SlopeVerts=20346
[+19:57:20.063] VoxelChunk: GenerateAsync (17,-20,2)
[+19:57:20.065] VoxelMesh: Chunk X=17 Y=-20 Z=2 FlatVerts=12 SlopeVerts=3366
[+19:57:20.069] VoxelMesh: Chunk X=0 Y=0 Z=0 FlatVerts=0 SlopeVerts=0
[+19:57:20.069] VoxelChunk: GenerateAsync (17,-19,-1)
[+19:57:20.072] VoxelMesh: Chunk X=17 Y=-19 Z=-1 FlatVerts=0 SlopeVerts=0
[+19:57:20.077] VoxelMesh: Chunk X=0 Y=0 Z=0 FlatVerts=0 SlopeVerts=3612
[+19:57:20.077] VoxelChunk: GenerateAsync (17,-19,3)
[+19:57:20.078] VoxelMesh: Chunk X=17 Y=-19 Z=3 FlatVerts=6 SlopeVerts=4464
[+19:57:20.084] VoxelMesh: Chunk X=0 Y=0 Z=0 FlatVerts=1446 SlopeVerts=14346
[+19:57:20.085] VoxelChunk: GenerateAsync (17,-19,2)
[+19:57:20.087] VoxelMesh: Chunk X=17 Y=-19 Z=2 FlatVerts=0 SlopeVerts=2268
[+19:57:20.091] VoxelMesh: Chunk X=0 Y=0 Z=0 FlatVerts=0 SlopeVerts=0
[+19:57:20.091] VoxelChunk: GenerateAsync (18,-21,-1)
[+19:57:20.093] VoxelMesh: Chunk X=18 Y=-21 Z=-1 FlatVerts=0 SlopeVerts=0
[+19:57:20.098] VoxelMesh: Chunk X=0 Y=0 Z=0 FlatVerts=0 SlopeVerts=8034
[+19:57:20.098] VoxelChunk: GenerateAsync (18,-21,3)
[+19:57:20.101] VoxelMesh: Chunk X=18 Y=-21 Z=3 FlatVerts=0 SlopeVerts=0
[+19:57:20.106] VoxelMesh: Chunk X=0 Y=0 Z=0 FlatVerts=186 SlopeVerts=15486
[+19:57:20.107] VoxelChunk: GenerateAsync (18,-21,2)
[+19:57:20.110] VoxelMesh: Chunk X=18 Y=-21 Z=2 FlatVerts=0 SlopeVerts=2166
[+19:57:20.113] VoxelMesh: Chunk X=0 Y=0 Z=0 FlatVerts=0 SlopeVerts=0
[+19:57:20.113] VoxelChunk: GenerateAsync (18,-20,-1)
[+19:57:20.115] VoxelMesh: Chunk X=18 Y=-20 Z=-1 FlatVerts=0 SlopeVerts=0
[+19:57:20.120] VoxelMesh: Chunk X=0 Y=0 Z=0 FlatVerts=0 SlopeVerts=4158
[+19:57:20.121] VoxelChunk: GenerateAsync (18,-20,3)
[+19:57:20.124] VoxelMesh: Chunk X=18 Y=-20 Z=3 FlatVerts=0 SlopeVerts=0
[+19:57:20.128] VoxelMesh: Chunk X=0 Y=0 Z=0 FlatVerts=1044 SlopeVerts=11316
[+19:57:20.129] VoxelChunk: GenerateAsync (18,-20,2)
[+19:57:20.131] VoxelMesh: Chunk X=18 Y=-20 Z=2 FlatVerts=0 SlopeVerts=60
[+19:57:20.134] VoxelMesh: Chunk X=0 Y=0 Z=0 FlatVerts=0 SlopeVerts=0
[+19:57:20.134] VoxelChunk: GenerateAsync (18,-19,-1)
[+19:57:20.137] VoxelMesh: Chunk X=18 Y=-19 Z=-1 FlatVerts=0 SlopeVerts=0
[+19:57:20.141] VoxelMesh: Chunk X=0 Y=0 Z=0 FlatVerts=0 SlopeVerts=216
[+19:57:20.141] VoxelChunk: GenerateAsync (18,-19,3)
[+19:57:20.143] VoxelMesh: Chunk X=18 Y=-19 Z=3 FlatVerts=0 SlopeVerts=0
[+19:57:20.147] VoxelMesh: Chunk X=0 Y=0 Z=0 FlatVerts=1098 SlopeVerts=3288
[+19:57:20.148] VoxelChunk: GenerateAsync (18,-19,2)
[+19:57:20.149] VoxelMesh: Chunk X=18 Y=-19 Z=2 FlatVerts=0 SlopeVerts=1080
[+19:57:20.186] VoxelMesh: Chunk X=0 Y=0 Z=0 FlatVerts=0 SlopeVerts=0
[+19:57:20.186] VoxelChunk: GenerateAsync (-3,0,-3)
[+19:57:20.188] VoxelMesh: Chunk X=-3 Y=0 Z=-3 FlatVerts=0 SlopeVerts=0
[+19:57:20.197] VoxelChunk: GenerateAsync (16,-21,3)
[+19:57:20.197] VoxelChunk: GenerateAsync (16,-20,3)
[+19:57:20.197] VoxelChunk: GenerateAsync (16,-19,3)
[+19:57:20.197] VoxelChunk: GenerateAsync (17,-21,3)
[+19:57:20.197] VoxelChunk: GenerateAsync (17,-20,3)
[+19:57:20.197] VoxelChunk: GenerateAsync (17,-19,3)
[+19:57:20.197] VoxelChunk: GenerateAsync (18,-21,3)
[+19:57:20.197] VoxelChunk: GenerateAsync (18,-20,3)
[+19:57:20.197] VoxelChunk: GenerateAsync (18,-19,3)
[+19:57:20.197] VoxelMesh: Chunk X=16 Y=-21 Z=3 FlatVerts=0 SlopeVerts=726
[+19:57:20.197] VoxelMesh: Chunk X=16 Y=-20 Z=3 FlatVerts=36 SlopeVerts=900
[+19:57:20.199] VoxelMesh: Chunk X=16 Y=-19 Z=3 FlatVerts=0 SlopeVerts=594
[+19:57:20.199] VoxelMesh: Chunk X=17 Y=-19 Z=3 FlatVerts=0 SlopeVerts=996
[+19:57:20.199] VoxelMesh: Chunk X=17 Y=-21 Z=3 FlatVerts=0 SlopeVerts=0
[+19:57:20.199] VoxelMesh: Chunk X=18 Y=-21 Z=3 FlatVerts=0 SlopeVerts=0
[+19:57:20.199] VoxelMesh: Chunk X=17 Y=-20 Z=3 FlatVerts=0 SlopeVerts=582
[+19:57:20.199] VoxelMesh: Chunk X=18 Y=-20 Z=3 FlatVerts=0 SlopeVerts=0
[+19:57:20.200] VoxelMesh: Chunk X=18 Y=-19 Z=3 FlatVerts=0 SlopeVerts=0
[+19:57:20.200] VoxelMesh: Chunk X=0 Y=2 Z=1 FlatVerts=798 SlopeVerts=1308
[+19:57:20.200] VoxelChunk: GenerateAsync (-1,2,1)
[+19:57:20.201] VoxelMesh: Chunk X=-1 Y=0 Z=2 FlatVerts=108 SlopeVerts=2652
[+19:57:20.202] VoxelChunk: GenerateAsync (-2,0,2)
[+19:57:20.203] VoxelMesh: Chunk X=-1 Y=2 Z=1 FlatVerts=798 SlopeVerts=1308
[+19:57:20.204] VoxelMesh: Chunk X=1 Y=2 Z=1 FlatVerts=0 SlopeVerts=0
[+19:57:20.204] VoxelChunk: GenerateAsync (0,1,2)
[+19:57:20.204] VoxelMesh: Chunk X=-2 Y=0 Z=2 FlatVerts=108 SlopeVerts=2652
[+19:57:20.205] VoxelMesh: Chunk X=2 Y=2 Z=1 FlatVerts=0 SlopeVerts=1560
[+19:57:20.205] VoxelMesh: Chunk X=0 Y=1 Z=2 FlatVerts=0 SlopeVerts=0
[+19:57:20.205] VoxelChunk: GenerateAsync (2,2,2)
[+19:57:20.207] VoxelMesh: Chunk X=2 Y=2 Z=2 FlatVerts=0 SlopeVerts=1560
[+19:57:20.221] VoxelMesh: Chunk X=0 Y=0 Z=0 FlatVerts=0 SlopeVerts=0
[+19:57:20.221] VoxelChunk: GenerateAsync (2,-1,-3)
[+19:57:20.223] VoxelMesh: Chunk X=2 Y=-1 Z=-3 FlatVerts=0 SlopeVerts=0
[+19:57:20.225] VoxelMesh: Chunk X=2 Y=-2 Z=1 FlatVerts=0 SlopeVerts=0
[+19:57:20.225] VoxelChunk: GenerateAsync (2,-1,2)
[+19:57:20.227] VoxelMesh: Chunk X=-2 Y=-1 Z=1 FlatVerts=24 SlopeVerts=306
[+19:57:20.227] VoxelMesh: Chunk X=2 Y=-1 Z=2 FlatVerts=0 SlopeVerts=0
[+19:57:20.227] VoxelChunk: GenerateAsync (1,-1,2)
[+19:57:20.229] VoxelMesh: Chunk X=1 Y=-1 Z=2 FlatVerts=24 SlopeVerts=306
[+19:57:20.229] VoxelMesh: Chunk X=-1 Y=2 Z=2 FlatVerts=78 SlopeVerts=4026
[+19:57:20.230] VoxelChunk: GenerateAsync (-1,1,2)
[+19:57:20.231] VoxelMesh: Chunk X=1 Y=1 Z=2 FlatVerts=0 SlopeVerts=2922
[+19:57:20.231] VoxelChunk: GenerateAsync (-2,2,2)
[+19:57:20.232] VoxelMesh: Chunk X=-1 Y=1 Z=2 FlatVerts=78 SlopeVerts=4026
[+19:57:20.233] VoxelMesh: Chunk X=-2 Y=2 Z=2 FlatVerts=0 SlopeVerts=2922
[+19:57:20.244] VoxelMesh: Chunk X=0 Y=0 Z=2 FlatVerts=0 SlopeVerts=0
[+19:57:20.244] VoxelChunk: GenerateAsync (0,2,2)
[+19:57:20.245] VoxelMesh: Chunk X=2 Y=-1 Z=1 FlatVerts=0 SlopeVerts=1476
[+19:57:20.245] VoxelChunk: GenerateAsync (1,2,2)
[+19:57:20.246] VoxelMesh: Chunk X=0 Y=2 Z=2 FlatVerts=0 SlopeVerts=0
[+19:57:20.247] VoxelMesh: Chunk X=1 Y=2 Z=2 FlatVerts=0 SlopeVerts=1476
[+19:57:20.247] VoxelMesh: Chunk X=-2 Y=0 Z=1 FlatVerts=0 SlopeVerts=1896
[+19:57:20.247] VoxelChunk: GenerateAsync (-2,2,1)
[+19:57:20.248] VoxelMesh: Chunk X=-2 Y=-2 Z=2 FlatVerts=0 SlopeVerts=2430
[+19:57:20.248] VoxelMesh: Chunk X=-2 Y=2 Z=1 FlatVerts=0 SlopeVerts=1896
[+19:57:20.248] VoxelChunk: GenerateAsync (2,1,1)
[+19:57:20.250] VoxelMesh: Chunk X=2 Y=1 Z=1 FlatVerts=0 SlopeVerts=2430
[+19:57:20.258] VoxelMesh: Chunk X=-1 Y=-2 Z=2 FlatVerts=0 SlopeVerts=0
[+19:57:20.258] VoxelChunk: GenerateAsync (-1,1,-2)
[+19:57:20.259] VoxelMesh: Chunk X=1 Y=0 Z=2 FlatVerts=0 SlopeVerts=0
[+19:57:20.259] VoxelChunk: GenerateAsync (2,-2,-1)
[+19:57:20.261] VoxelMesh: Chunk X=-1 Y=1 Z=-2 FlatVerts=0 SlopeVerts=0
[+19:57:20.261] VoxelMesh: Chunk X=2 Y=0 Z=1 FlatVerts=1620 SlopeVerts=264
[+19:57:20.262] VoxelChunk: GenerateAsync (1,2,0)
[+19:57:20.262] VoxelMesh: Chunk X=2 Y=-2 Z=-1 FlatVerts=0 SlopeVerts=0
[+19:57:20.262] VoxelMesh: Chunk X=-2 Y=1 Z=1 FlatVerts=1302 SlopeVerts=0
[+19:57:20.262] VoxelChunk: GenerateAsync (0,2,0)
[+19:57:20.262] VoxelMesh: Chunk X=1 Y=2 Z=0 FlatVerts=1620 SlopeVerts=264
[+19:57:20.263] VoxelMesh: Chunk X=0 Y=2 Z=0 FlatVerts=1302 SlopeVerts=0
[+19:57:20.280] VoxelMesh: Chunk X=0 Y=-2 Z=2 FlatVerts=1668 SlopeVerts=474
[+19:57:20.281] VoxelChunk: GenerateAsync (2,-1,0)
[+19:57:20.282] VoxelMesh: Chunk X=2 Y=-1 Z=0 FlatVerts=1668 SlopeVerts=474
[+19:57:20.282] VoxelMesh: Chunk X=1 Y=-2 Z=2 FlatVerts=0 SlopeVerts=0
[+19:57:20.282] VoxelChunk: GenerateAsync (-1,0,-2)
[+19:57:20.283] VoxelMesh: Chunk X=2 Y=1 Z=2 FlatVerts=0 SlopeVerts=0
[+19:57:20.283] VoxelChunk: GenerateAsync (0,-2,1)
[+19:57:20.285] VoxelMesh: Chunk X=-1 Y=0 Z=-2 FlatVerts=0 SlopeVerts=0
[+19:57:20.286] VoxelMesh: Chunk X=0 Y=-2 Z=1 FlatVerts=0 SlopeVerts=0
[+19:57:20.286] VoxelMesh: Chunk X=2 Y=0 Z=2 FlatVerts=0 SlopeVerts=0
[+19:57:20.286] VoxelChunk: GenerateAsync (-1,-2,-1)
[+19:57:20.289] VoxelMesh: Chunk X=-1 Y=-2 Z=-1 FlatVerts=0 SlopeVerts=0
[+19:57:20.297] VoxelMesh: Chunk X=2 Y=-2 Z=2 FlatVerts=0 SlopeVerts=0
[+19:57:20.297] VoxelChunk: GenerateAsync (-2,1,-1)
[+19:57:20.299] VoxelMesh: Chunk X=-2 Y=-1 Z=2 FlatVerts=0 SlopeVerts=0
[+19:57:20.299] VoxelMesh: Chunk X=-2 Y=1 Z=-1 FlatVerts=0 SlopeVerts=0
[+19:57:20.299] VoxelChunk: GenerateAsync (-1,2,-2)
[+19:57:20.300] VoxelMesh: Chunk X=-2 Y=1 Z=2 FlatVerts=2574 SlopeVerts=12
[+19:57:20.301] VoxelMesh: Chunk X=-1 Y=2 Z=-2 FlatVerts=0 SlopeVerts=0
[+19:57:20.301] VoxelChunk: GenerateAsync (2,0,0)
[+19:57:20.301] VoxelMesh: Chunk X=2 Y=0 Z=0 FlatVerts=2574 SlopeVerts=12
[+19:57:20.302] VoxelMesh: Chunk X=-1 Y=-1 Z=2 FlatVerts=0 SlopeVerts=0
[+19:57:20.303] VoxelChunk: GenerateAsync (-2,-1,-2)
[+19:57:20.305] VoxelMesh: Chunk X=-2 Y=-1 Z=-2 FlatVerts=0 SlopeVerts=0
[+19:57:20.315] VoxelMesh: Chunk X=0 Y=0 Z=0 FlatVerts=0 SlopeVerts=0
[+19:57:20.316] VoxelChunk: GenerateAsync (0,-3,-1)
[+19:57:20.317] VoxelMesh: Chunk X=0 Y=-3 Z=-1 FlatVerts=0 SlopeVerts=0
[+19:57:20.318] VoxelMesh: Chunk X=0 Y=-1 Z=2 FlatVerts=0 SlopeVerts=0
[+19:57:20.319] VoxelChunk: GenerateAsync (0,-2,-1)
[+19:57:20.321] VoxelMesh: Chunk X=-1 Y=-1 Z=1 FlatVerts=0 SlopeVerts=0
[+19:57:20.322] VoxelMesh: Chunk X=0 Y=-2 Z=-1 FlatVerts=0 SlopeVerts=0
[+19:57:20.322] VoxelChunk: GenerateAsync (2,-1,-2)
[+19:57:20.323] VoxelMesh: Chunk X=0 Y=-1 Z=1 FlatVerts=0 SlopeVerts=0
[+19:57:20.323] VoxelMesh: Chunk X=2 Y=-1 Z=-2 FlatVerts=0 SlopeVerts=0
[+19:57:20.323] VoxelChunk: GenerateAsync (-2,2,-2)
[+19:57:20.325] VoxelMesh: Chunk X=-1 Y=0 Z=1 FlatVerts=0 SlopeVerts=0
[+19:57:20.325] VoxelChunk: GenerateAsync (2,2,-1)
[+19:57:20.325] VoxelMesh: Chunk X=-2 Y=2 Z=-2 FlatVerts=0 SlopeVerts=0
[+19:57:20.327] VoxelMesh: Chunk X=2 Y=2 Z=-1 FlatVerts=0 SlopeVerts=0
[+19:57:20.334] VoxelMesh: Chunk X=0 Y=0 Z=1 FlatVerts=0 SlopeVerts=0
[+19:57:20.334] VoxelChunk: GenerateAsync (-2,-2,0)
[+19:57:20.335] VoxelMesh: Chunk X=0 Y=1 Z=1 FlatVerts=0 SlopeVerts=0
[+19:57:20.336] VoxelChunk: GenerateAsync (-2,0,0)
[+19:57:20.337] VoxelMesh: Chunk X=1 Y=1 Z=1 FlatVerts=1908 SlopeVerts=510
[+19:57:20.337] VoxelMesh: Chunk X=-2 Y=-2 Z=0 FlatVerts=0 SlopeVerts=0
[+19:57:20.337] VoxelChunk: GenerateAsync (2,1,0)
[+19:57:20.338] VoxelMesh: Chunk X=-2 Y=0 Z=0 FlatVerts=0 SlopeVerts=0
[+19:57:20.338] VoxelMesh: Chunk X=1 Y=0 Z=-1 FlatVerts=0 SlopeVerts=0
[+19:57:20.339] VoxelChunk: GenerateAsync (0,2,-2)
[+19:57:20.339] VoxelMesh: Chunk X=2 Y=1 Z=0 FlatVerts=1908 SlopeVerts=510
[+19:57:20.340] VoxelMesh: Chunk X=0 Y=2 Z=-2 FlatVerts=0 SlopeVerts=0
[+19:57:20.347] VoxelMesh: Chunk X=1 Y=1 Z=-1 FlatVerts=0 SlopeVerts=0
[+19:57:20.347] VoxelChunk: GenerateAsync (-1,-1,-2)
[+19:57:20.348] VoxelMesh: Chunk X=0 Y=0 Z=-1 FlatVerts=0 SlopeVerts=0
[+19:57:20.348] VoxelChunk: GenerateAsync (2,1,-1)
[+19:57:20.350] VoxelMesh: Chunk X=-1 Y=-1 Z=-2 FlatVerts=0 SlopeVerts=0
[+19:57:20.350] VoxelMesh: Chunk X=2 Y=1 Z=-1 FlatVerts=0 SlopeVerts=0
[+19:57:20.351] VoxelMesh: Chunk X=-1 Y=1 Z=-1 FlatVerts=0 SlopeVerts=0
[+19:57:20.351] VoxelChunk: GenerateAsync (1,-2,-1)
[+19:57:20.353] VoxelMesh: Chunk X=0 Y=-1 Z=0 FlatVerts=0 SlopeVerts=0
[+19:57:20.353] VoxelChunk: GenerateAsync (0,-1,-2)
[+19:57:20.353] VoxelMesh: Chunk X=1 Y=-2 Z=-1 FlatVerts=0 SlopeVerts=0
[+19:57:20.355] VoxelMesh: Chunk X=0 Y=-1 Z=-2 FlatVerts=0 SlopeVerts=0
[+19:57:20.362] VoxelMesh: Chunk X=-1 Y=1 Z=0 FlatVerts=0 SlopeVerts=0
[+19:57:20.362] VoxelChunk: GenerateAsync (-2,0,-1)
[+19:57:20.364] VoxelMesh: Chunk X=1 Y=-1 Z=1 FlatVerts=0 SlopeVerts=0
[+19:57:20.364] VoxelMesh: Chunk X=-2 Y=0 Z=-1 FlatVerts=0 SlopeVerts=0
[+19:57:20.364] VoxelChunk: GenerateAsync (-1,-2,-2)
[+19:57:20.367] VoxelMesh: Chunk X=1 Y=0 Z=1 FlatVerts=0 SlopeVerts=0
[+19:57:20.367] VoxelChunk: GenerateAsync (0,0,-2)
[+19:57:20.368] VoxelMesh: Chunk X=-1 Y=-2 Z=-2 FlatVerts=0 SlopeVerts=0
[+19:57:20.369] VoxelMesh: Chunk X=-1 Y=0 Z=-1 FlatVerts=0 SlopeVerts=0
[+19:57:20.369] VoxelChunk: GenerateAsync (2,0,-2)
[+19:57:20.369] VoxelMesh: Chunk X=0 Y=0 Z=-2 FlatVerts=0 SlopeVerts=0
[+19:57:20.371] VoxelMesh: Chunk X=2 Y=0 Z=-2 FlatVerts=0 SlopeVerts=0
[+19:57:20.377] VoxelMesh: Chunk X=-1 Y=-1 Z=0 FlatVerts=0 SlopeVerts=0
[+19:57:20.377] VoxelChunk: GenerateAsync (-2,1,-2)
[+19:57:20.378] VoxelMesh: Chunk X=0 Y=1 Z=-1 FlatVerts=1380 SlopeVerts=504
[+19:57:20.378] VoxelChunk: GenerateAsync (-1,2,0)
[+19:57:20.379] VoxelMesh: Chunk X=-1 Y=2 Z=0 FlatVerts=1380 SlopeVerts=504
[+19:57:20.379] VoxelMesh: Chunk X=-2 Y=1 Z=-2 FlatVerts=0 SlopeVerts=0
[+19:57:20.380] VoxelMesh: Chunk X=0 Y=1 Z=0 FlatVerts=0 SlopeVerts=0
[+19:57:20.380] VoxelChunk: GenerateAsync (-1,-2,0)
[+19:57:20.382] VoxelMesh: Chunk X=-1 Y=1 Z=1 FlatVerts=0 SlopeVerts=0
[+19:57:20.382] VoxelChunk: GenerateAsync (2,2,-2)
[+19:57:20.382] VoxelMesh: Chunk X=-1 Y=-2 Z=0 FlatVerts=0 SlopeVerts=0
[+19:57:20.383] VoxelMesh: Chunk X=2 Y=2 Z=-2 FlatVerts=0 SlopeVerts=0
[+19:57:20.392] VoxelMesh: Chunk X=1 Y=-1 Z=0 FlatVerts=42 SlopeVerts=1626
[+19:57:20.392] VoxelChunk: GenerateAsync (1,-2,1)
[+19:57:20.393] VoxelMesh: Chunk X=1 Y=-2 Z=1 FlatVerts=42 SlopeVerts=1626
[+19:57:20.393] VoxelMesh: Chunk X=1 Y=1 Z=0 FlatVerts=0 SlopeVerts=0
[+19:57:20.393] VoxelChunk: GenerateAsync (-2,-2,-2)
[+19:57:20.394] VoxelMesh: Chunk X=-1 Y=0 Z=0 FlatVerts=0 SlopeVerts=90
[+19:57:20.395] VoxelChunk: GenerateAsync (-2,2,0)
[+19:57:20.395] VoxelMesh: Chunk X=-2 Y=-2 Z=-2 FlatVerts=0 SlopeVerts=0
[+19:57:20.396] VoxelMesh: Chunk X=-1 Y=-1 Z=-1 FlatVerts=0 SlopeVerts=0
[+19:57:20.396] VoxelMesh: Chunk X=-2 Y=2 Z=0 FlatVerts=0 SlopeVerts=90
[+19:57:20.396] VoxelChunk: GenerateAsync (2,-2,-2)
[+19:57:20.398] VoxelMesh: Chunk X=2 Y=-2 Z=-2 FlatVerts=0 SlopeVerts=0
[+19:57:20.408] VoxelMesh: Chunk X=1 Y=-1 Z=-1 FlatVerts=0 SlopeVerts=0
[+19:57:20.408] VoxelChunk: GenerateAsync (1,2,-2)
[+19:57:20.410] VoxelMesh: Chunk X=1 Y=2 Z=-2 FlatVerts=0 SlopeVerts=0
[+19:57:20.410] VoxelMesh: Chunk X=0 Y=-1 Z=-1 FlatVerts=0 SlopeVerts=0
[+19:57:20.410] VoxelChunk: GenerateAsync (1,-2,-2)
[+19:57:20.412] VoxelMesh: Chunk X=1 Y=0 Z=0 FlatVerts=30 SlopeVerts=0
[+19:57:20.412] VoxelMesh: Chunk X=1 Y=-2 Z=-2 FlatVerts=0 SlopeVerts=0
[+19:57:20.412] VoxelChunk: GenerateAsync (2,2,0)
[+19:57:20.414] VoxelMesh: Chunk X=2 Y=2 Z=0 FlatVerts=30 SlopeVerts=0
[+19:57:20.414] VoxelMesh: Chunk X=0 Y=0 Z=0 FlatVerts=0 SlopeVerts=0
[+19:57:20.414] VoxelChunk: GenerateAsync (-2,-2,-1)
[+19:57:20.417] VoxelMesh: Chunk X=-2 Y=-2 Z=-1 FlatVerts=0 SlopeVerts=0
[+19:57:20.428] VoxelMesh: Chunk X=0 Y=0 Z=0 FlatVerts=0 SlopeVerts=0
[+19:57:20.428] VoxelChunk: GenerateAsync (1,-3,-1)
[+19:57:20.430] VoxelMesh: Chunk X=1 Y=-3 Z=-1 FlatVerts=0 SlopeVerts=0
[+19:57:20.435] VoxelMesh: Chunk X=0 Y=0 Z=0 FlatVerts=0 SlopeVerts=0
[+19:57:20.435] VoxelChunk: GenerateAsync (0,-2,-2)
[+19:57:20.438] VoxelMesh: Chunk X=0 Y=-2 Z=-2 FlatVerts=0 SlopeVerts=0
[+19:57:20.440] VoxelMesh: Chunk X=0 Y=0 Z=0 FlatVerts=10242 SlopeVerts=0
[+19:57:20.441] VoxelChunk: GenerateAsync (-1,2,-1)
[+19:57:20.442] VoxelMesh: Chunk X=-1 Y=2 Z=-1 FlatVerts=0 SlopeVerts=0
[+19:57:20.448] VoxelMesh: Chunk X=0 Y=0 Z=0 FlatVerts=1434 SlopeVerts=13392
[+19:57:20.449] VoxelChunk: GenerateAsync (-2,-2,1)
[+19:57:20.451] VoxelMesh: Chunk X=-2 Y=-2 Z=1 FlatVerts=0 SlopeVerts=576
[+19:57:20.452] VoxelMesh: Chunk X=0 Y=0 Z=0 FlatVerts=7932 SlopeVerts=1092
[+19:57:20.455] VoxelChunk: GenerateAsync (-2,-1,-1)
[+19:57:20.457] VoxelMesh: Chunk X=-2 Y=-1 Z=-1 FlatVerts=0 SlopeVerts=0
[+19:57:20.470] VoxelMesh: Chunk X=0 Y=0 Z=0 FlatVerts=0 SlopeVerts=0
[+19:57:20.471] VoxelChunk: GenerateAsync (1,-1,-2)
[+19:57:20.473] VoxelMesh: Chunk X=1 Y=-1 Z=-2 FlatVerts=0 SlopeVerts=0
[+19:57:20.477] VoxelMesh: Chunk X=0 Y=0 Z=0 FlatVerts=12 SlopeVerts=30
[+19:57:20.477] VoxelChunk: GenerateAsync (2,-1,-1)
[+19:57:20.479] VoxelMesh: Chunk X=2 Y=-1 Z=-1 FlatVerts=0 SlopeVerts=0
[+19:57:20.480] VoxelMesh: Chunk X=0 Y=0 Z=0 FlatVerts=8928 SlopeVerts=1170
[+19:57:20.482] VoxelChunk: GenerateAsync (1,2,-1)
[+19:57:20.483] VoxelMesh: Chunk X=1 Y=2 Z=-1 FlatVerts=0 SlopeVerts=0
[+19:57:20.489] VoxelMesh: Chunk X=0 Y=0 Z=0 FlatVerts=1302 SlopeVerts=20760
[+19:57:20.491] VoxelChunk: GenerateAsync (-1,-2,1)
[+19:57:20.492] VoxelMesh: Chunk X=-1 Y=-2 Z=1 FlatVerts=18 SlopeVerts=168
[+19:57:20.504] VoxelMesh: Chunk X=0 Y=0 Z=0 FlatVerts=324 SlopeVerts=1146
[+19:57:20.505] VoxelChunk: GenerateAsync (2,0,-1)
[+19:57:20.505] VoxelMesh: Chunk X=2 Y=0 Z=-1 FlatVerts=0 SlopeVerts=0
[+19:57:20.508] VoxelMesh: Chunk X=0 Y=0 Z=0 FlatVerts=0 SlopeVerts=0
[+19:57:20.508] VoxelChunk: GenerateAsync (-2,0,-2)
[+19:57:20.510] VoxelMesh: Chunk X=-2 Y=0 Z=-2 FlatVerts=0 SlopeVerts=0
[+19:57:20.514] VoxelMesh: Chunk X=0 Y=0 Z=0 FlatVerts=0 SlopeVerts=0
[+19:57:20.514] VoxelChunk: GenerateAsync (1,0,-2)
[+19:57:20.516] VoxelMesh: Chunk X=1 Y=0 Z=-2 FlatVerts=0 SlopeVerts=0
[+19:57:20.520] VoxelMesh: Chunk X=0 Y=0 Z=0 FlatVerts=72 SlopeVerts=4344
[+19:57:20.520] VoxelChunk: GenerateAsync (2,-2,0)
[+19:57:20.522] VoxelMesh: Chunk X=2 Y=-2 Z=0 FlatVerts=0 SlopeVerts=156
[+19:57:20.532] VoxelMesh: Chunk X=0 Y=0 Z=0 FlatVerts=9240 SlopeVerts=966
[+19:57:20.534] VoxelChunk: GenerateAsync (-2,2,-1)
[+19:57:20.536] VoxelMesh: Chunk X=-2 Y=2 Z=-1 FlatVerts=0 SlopeVerts=0
[+19:57:20.538] VoxelMesh: Chunk X=0 Y=0 Z=0 FlatVerts=10794 SlopeVerts=264
[+19:57:20.540] VoxelChunk: GenerateAsync (0,2,-1)
[+19:57:20.542] VoxelMesh: Chunk X=0 Y=2 Z=-1 FlatVerts=0 SlopeVerts=0
[+19:57:20.545] VoxelMesh: Chunk X=0 Y=0 Z=0 FlatVerts=10326 SlopeVerts=6
[+19:57:20.547] VoxelChunk: GenerateAsync (-2,1,0)
[+19:57:20.548] VoxelMesh: Chunk X=-2 Y=1 Z=0 FlatVerts=0 SlopeVerts=0
[+19:57:20.551] VoxelMesh: Chunk X=0 Y=0 Z=0 FlatVerts=0 SlopeVerts=0
[+19:57:20.551] VoxelChunk: GenerateAsync (0,1,-2)
[+19:57:20.552] VoxelMesh: Chunk X=0 Y=1 Z=-2 FlatVerts=0 SlopeVerts=0
[+19:57:20.565] VoxelMesh: Chunk X=0 Y=0 Z=0 FlatVerts=0 SlopeVerts=0
[+19:57:20.567] VoxelChunk: GenerateAsync (-1,-1,-3)
[+19:57:20.568] VoxelMesh: Chunk X=-1 Y=-1 Z=-3 FlatVerts=0 SlopeVerts=0
[+19:57:20.573] VoxelMesh: Chunk X=0 Y=0 Z=0 FlatVerts=0 SlopeVerts=0
[+19:57:20.574] VoxelChunk: GenerateAsync (1,1,-2)
[+19:57:20.577] VoxelMesh: Chunk X=1 Y=1 Z=-2 FlatVerts=0 SlopeVerts=0
[+19:57:20.579] VoxelMesh: Chunk X=0 Y=0 Z=0 FlatVerts=0 SlopeVerts=0
[+19:57:20.579] VoxelChunk: GenerateAsync (2,1,-2)
[+19:57:20.582] VoxelMesh: Chunk X=2 Y=1 Z=-2 FlatVerts=0 SlopeVerts=0
[+19:57:20.584] VoxelMesh: Chunk X=0 Y=0 Z=0 FlatVerts=510 SlopeVerts=6414
[+19:57:20.585] VoxelChunk: GenerateAsync (0,-2,0)
[+19:57:20.590] VoxelMesh: Chunk X=0 Y=-2 Z=0 FlatVerts=0 SlopeVerts=0
[+19:57:20.591] VoxelMesh: Chunk X=0 Y=0 Z=0 FlatVerts=72 SlopeVerts=3438
[+19:57:20.592] VoxelChunk: GenerateAsync (1,-2,0)
[+19:57:20.592] VoxelMesh: Chunk X=1 Y=-2 Z=0 FlatVerts=0 SlopeVerts=0
[+19:57:20.605] VoxelMesh: Chunk X=0 Y=0 Z=0 FlatVerts=8580 SlopeVerts=2688
[+19:57:20.607] VoxelChunk: GenerateAsync (-2,-1,0)
[+19:57:20.609] VoxelMesh: Chunk X=-2 Y=-1 Z=0 FlatVerts=0 SlopeVerts=0
[+19:57:20.613] VoxelMesh: Chunk X=0 Y=0 Z=0 FlatVerts=0 SlopeVerts=0
[+19:57:20.614] VoxelChunk: GenerateAsync (-2,-3,-2)
[+19:57:20.615] VoxelMesh: Chunk X=-2 Y=-3 Z=-2 FlatVerts=0 SlopeVerts=0
[+19:57:20.619] VoxelMesh: Chunk X=0 Y=0 Z=0 FlatVerts=0 SlopeVerts=0
[+19:57:20.619] VoxelChunk: GenerateAsync (-3,2,-2)
[+19:57:20.620] VoxelMesh: Chunk X=-3 Y=2 Z=-2 FlatVerts=0 SlopeVerts=0
[+19:57:20.625] VoxelMesh: Chunk X=0 Y=0 Z=0 FlatVerts=0 SlopeVerts=660
[+19:57:20.626] VoxelChunk: GenerateAsync (3,-3,0)
[+19:57:20.627] VoxelMesh: Chunk X=3 Y=-3 Z=0 FlatVerts=0 SlopeVerts=0
[+19:57:20.641] VoxelMesh: Chunk X=0 Y=0 Z=0 FlatVerts=0 SlopeVerts=0
[+19:57:20.641] VoxelChunk: GenerateAsync (-1,-3,-2)
[+19:57:20.643] VoxelMesh: Chunk X=-1 Y=-3 Z=-2 FlatVerts=0 SlopeVerts=0
[+19:57:20.648] VoxelMesh: Chunk X=0 Y=0 Z=0 FlatVerts=0 SlopeVerts=0
[+19:57:20.648] VoxelChunk: GenerateAsync (3,1,-3)
[+19:57:20.650] VoxelMesh: Chunk X=3 Y=1 Z=-3 FlatVerts=0 SlopeVerts=0
[+19:57:20.655] VoxelMesh: Chunk X=0 Y=0 Z=0 FlatVerts=0 SlopeVerts=0
[+19:57:20.655] VoxelChunk: GenerateAsync (3,3,3)
[+19:57:20.657] VoxelMesh: Chunk X=3 Y=3 Z=3 FlatVerts=78 SlopeVerts=2466
[+19:57:20.661] VoxelMesh: Chunk X=0 Y=0 Z=0 FlatVerts=0 SlopeVerts=0
[+19:57:20.661] VoxelChunk: GenerateAsync (3,1,-2)
[+19:57:20.663] VoxelMesh: Chunk X=3 Y=1 Z=-2 FlatVerts=0 SlopeVerts=0
[+19:57:20.677] VoxelMesh: Chunk X=0 Y=0 Z=0 FlatVerts=7440 SlopeVerts=4200
[+19:57:20.689] VoxelChunk: GenerateAsync (3,2,0)
[+19:57:20.691] VoxelMesh: Chunk X=3 Y=2 Z=0 FlatVerts=0 SlopeVerts=0
[+19:57:20.694] VoxelChunk: GenerateAsync (16,-19,2)
[+19:57:20.694] VoxelChunk: GenerateAsync (18,-19,2)
[+19:57:20.695] VoxelMesh: Chunk X=18 Y=-19 Z=2 FlatVerts=0 SlopeVerts=288
[+19:57:20.695] VoxelMesh: Chunk X=16 Y=-19 Z=2 FlatVerts=0 SlopeVerts=156
[+19:57:20.695] VoxelMesh: Chunk X=3 Y=1 Z=-2 FlatVerts=0 SlopeVerts=0
[+19:57:20.696] VoxelChunk: GenerateAsync (-3,-2,0)
[+19:57:20.697] VoxelMesh: Chunk X=3 Y=3 Z=3 FlatVerts=0 SlopeVerts=0
[+19:57:20.697] VoxelMesh: Chunk X=-3 Y=-2 Z=0 FlatVerts=0 SlopeVerts=0
[+19:57:20.697] VoxelChunk: GenerateAsync (0,-3,-2)
[+19:57:20.699] VoxelMesh: Chunk X=3 Y=1 Z=-3 FlatVerts=0 SlopeVerts=0
[+19:57:20.699] VoxelChunk: GenerateAsync (-3,-1,0)
[+19:57:20.699] VoxelMesh: Chunk X=0 Y=-3 Z=-2 FlatVerts=0 SlopeVerts=0
[+19:57:20.701] VoxelMesh: Chunk X=-1 Y=-3 Z=-2 FlatVerts=0 SlopeVerts=0
[+19:57:20.701] VoxelMesh: Chunk X=-3 Y=-1 Z=0 FlatVerts=0 SlopeVerts=0
[+19:57:20.701] VoxelChunk: GenerateAsync (1,-3,-2)
[+19:57:20.703] VoxelMesh: Chunk X=1 Y=-3 Z=-2 FlatVerts=0 SlopeVerts=0
[+19:57:20.712] VoxelMesh: Chunk X=3 Y=-3 Z=0 FlatVerts=0 SlopeVerts=0
[+19:57:20.713] VoxelChunk: GenerateAsync (-3,2,-3)
[+19:57:20.714] VoxelMesh: Chunk X=-3 Y=2 Z=-2 FlatVerts=0 SlopeVerts=0
[+19:57:20.714] VoxelChunk: GenerateAsync (2,0,-3)
[+19:57:20.714] VoxelMesh: Chunk X=-3 Y=2 Z=-3 FlatVerts=0 SlopeVerts=0
[+19:57:20.715] VoxelMesh: Chunk X=-2 Y=-3 Z=-2 FlatVerts=0 SlopeVerts=0
[+19:57:20.715] VoxelChunk: GenerateAsync (3,2,-2)
[+19:57:20.716] VoxelMesh: Chunk X=2 Y=0 Z=-3 FlatVerts=0 SlopeVerts=0
[+19:57:20.717] VoxelMesh: Chunk X=-2 Y=-1 Z=0 FlatVerts=0 SlopeVerts=0
[+19:57:20.717] VoxelChunk: GenerateAsync (-3,3,-2)
[+19:57:20.717] VoxelMesh: Chunk X=3 Y=2 Z=-2 FlatVerts=0 SlopeVerts=0
[+19:57:20.719] VoxelMesh: Chunk X=-3 Y=3 Z=-2 FlatVerts=0 SlopeVerts=0
[+19:57:20.727] VoxelMesh: Chunk X=1 Y=-2 Z=0 FlatVerts=0 SlopeVerts=0
[+19:57:20.727] VoxelChunk: GenerateAsync (2,-3,-2)
[+19:57:20.729] VoxelMesh: Chunk X=0 Y=-2 Z=0 FlatVerts=0 SlopeVerts=0
[+19:57:20.729] VoxelChunk: GenerateAsync (-2,3,-2)
[+19:57:20.729] VoxelMesh: Chunk X=2 Y=-3 Z=-2 FlatVerts=0 SlopeVerts=0
[+19:57:20.731] VoxelMesh: Chunk X=-2 Y=3 Z=-2 FlatVerts=0 SlopeVerts=0
[+19:57:20.731] VoxelMesh: Chunk X=2 Y=1 Z=-2 FlatVerts=0 SlopeVerts=0
[+19:57:20.731] VoxelChunk: GenerateAsync (-1,3,-2)
[+19:57:20.733] VoxelMesh: Chunk X=1 Y=1 Z=-2 FlatVerts=0 SlopeVerts=0
[+19:57:20.733] VoxelChunk: GenerateAsync (3,-3,-2)
[+19:57:20.733] VoxelMesh: Chunk X=-1 Y=3 Z=-2 FlatVerts=0 SlopeVerts=0
[+19:57:20.734] VoxelMesh: Chunk X=3 Y=-3 Z=-2 FlatVerts=0 SlopeVerts=0
[+19:57:20.741] VoxelMesh: Chunk X=0 Y=1 Z=-2 FlatVerts=0 SlopeVerts=0
[+19:57:20.742] VoxelChunk: GenerateAsync (-2,2,-3)
[+19:57:20.743] VoxelMesh: Chunk X=-2 Y=1 Z=0 FlatVerts=0 SlopeVerts=0
[+19:57:20.744] VoxelChunk: GenerateAsync (0,3,-2)
[+19:57:20.744] VoxelMesh: Chunk X=-2 Y=2 Z=-3 FlatVerts=0 SlopeVerts=0
[+19:57:20.745] VoxelMesh: Chunk X=0 Y=2 Z=-1 FlatVerts=0 SlopeVerts=0
[+19:57:20.745] VoxelChunk: GenerateAsync (1,3,-2)
[+19:57:20.745] VoxelMesh: Chunk X=0 Y=3 Z=-2 FlatVerts=0 SlopeVerts=0
[+19:57:20.747] VoxelMesh: Chunk X=-2 Y=2 Z=-1 FlatVerts=0 SlopeVerts=0
[+19:57:20.747] VoxelChunk: GenerateAsync (-3,-2,-2)
[+19:57:20.747] VoxelMesh: Chunk X=1 Y=3 Z=-2 FlatVerts=0 SlopeVerts=0
[+19:57:20.748] VoxelMesh: Chunk X=-3 Y=-2 Z=-2 FlatVerts=0 SlopeVerts=0
[+19:57:20.756] VoxelMesh: Chunk X=0 Y=0 Z=0 FlatVerts=3906 SlopeVerts=9678
[+19:57:20.766] VoxelChunk: GenerateAsync (-3,3,0)
[+19:57:20.767] VoxelMesh: Chunk X=-3 Y=3 Z=0 FlatVerts=0 SlopeVerts=0
[+19:57:20.770] VoxelMesh: Chunk X=2 Y=-2 Z=0 FlatVerts=0 SlopeVerts=0
[+19:57:20.770] VoxelChunk: GenerateAsync (2,3,-2)
[+19:57:20.772] VoxelMesh: Chunk X=1 Y=0 Z=-2 FlatVerts=0 SlopeVerts=0
[+19:57:20.773] VoxelChunk: GenerateAsync (-1,-3,-3)
[+19:57:20.773] VoxelMesh: Chunk X=2 Y=3 Z=-2 FlatVerts=0 SlopeVerts=0
[+19:57:20.774] VoxelMesh: Chunk X=-1 Y=-3 Z=-3 FlatVerts=0 SlopeVerts=0
[+19:57:20.775] VoxelMesh: Chunk X=-2 Y=0 Z=-2 FlatVerts=0 SlopeVerts=0
[+19:57:20.775] VoxelChunk: GenerateAsync (3,3,-2)
[+19:57:20.776] VoxelMesh: Chunk X=2 Y=0 Z=-1 FlatVerts=0 SlopeVerts=0
[+19:57:20.776] VoxelChunk: GenerateAsync (-1,2,-3)
[+19:57:20.777] VoxelMesh: Chunk X=3 Y=3 Z=-2 FlatVerts=0 SlopeVerts=0
[+19:57:20.777] VoxelMesh: Chunk X=-1 Y=2 Z=-3 FlatVerts=0 SlopeVerts=0
[+19:57:20.786] VoxelMesh: Chunk X=-1 Y=-2 Z=1 FlatVerts=0 SlopeVerts=0
[+19:57:20.787] VoxelChunk: GenerateAsync (3,0,-3)
[+19:57:20.788] VoxelMesh: Chunk X=1 Y=2 Z=-1 FlatVerts=0 SlopeVerts=0
[+19:57:20.788] VoxelChunk: GenerateAsync (-2,0,-3)
[+19:57:20.790] VoxelMesh: Chunk X=3 Y=0 Z=-3 FlatVerts=0 SlopeVerts=0
[+19:57:20.790] VoxelMesh: Chunk X=2 Y=-1 Z=-1 FlatVerts=0 SlopeVerts=0
[+19:57:20.790] VoxelChunk: GenerateAsync (-3,-3,-1)
[+19:57:20.791] VoxelMesh: Chunk X=-2 Y=0 Z=-3 FlatVerts=0 SlopeVerts=0
[+19:57:20.792] VoxelMesh: Chunk X=1 Y=-1 Z=-2 FlatVerts=18 SlopeVerts=156
[+19:57:20.792] VoxelMesh: Chunk X=-3 Y=-3 Z=-1 FlatVerts=0 SlopeVerts=0
[+19:57:20.792] VoxelChunk: GenerateAsync (3,1,0)
[+19:57:20.794] VoxelMesh: Chunk X=3 Y=1 Z=0 FlatVerts=18 SlopeVerts=156
[+19:57:20.802] VoxelMesh: Chunk X=-2 Y=-1 Z=-1 FlatVerts=0 SlopeVerts=0
[+19:57:20.802] VoxelChunk: GenerateAsync (-2,-3,-1)
[+19:57:20.804] VoxelMesh: Chunk X=-2 Y=-2 Z=1 FlatVerts=0 SlopeVerts=0
[+19:57:20.804] VoxelChunk: GenerateAsync (-1,-3,-1)
[+19:57:20.804] VoxelMesh: Chunk X=-2 Y=-3 Z=-1 FlatVerts=0 SlopeVerts=0
[+19:57:20.805] VoxelMesh: Chunk X=-1 Y=-3 Z=-1 FlatVerts=0 SlopeVerts=0
[+19:57:20.805] VoxelMesh: Chunk X=-1 Y=2 Z=-1 FlatVerts=0 SlopeVerts=0
[+19:57:20.806] VoxelChunk: GenerateAsync (1,-1,-3)
[+19:57:20.807] VoxelMesh: Chunk X=0 Y=-2 Z=-2 FlatVerts=0 SlopeVerts=0
[+19:57:20.807] VoxelChunk: GenerateAsync (0,2,-3)
[+19:57:20.807] VoxelMesh: Chunk X=1 Y=-1 Z=-3 FlatVerts=0 SlopeVerts=0
[+19:57:20.809] VoxelMesh: Chunk X=0 Y=2 Z=-3 FlatVerts=0 SlopeVerts=0
[+19:57:20.816] VoxelMesh: Chunk X=-1 Y=2 Z=1 FlatVerts=0 SlopeVerts=0
[+19:57:20.816] VoxelChunk: GenerateAsync (2,-3,-1)
[+19:57:20.817] VoxelMesh: Chunk X=-2 Y=0 Z=2 FlatVerts=0 SlopeVerts=0
[+19:57:20.817] VoxelChunk: GenerateAsync (3,-3,-1)
[+19:57:20.820] VoxelMesh: Chunk X=2 Y=-3 Z=-1 FlatVerts=0 SlopeVerts=0
[+19:57:20.821] VoxelMesh: Chunk X=0 Y=1 Z=2 FlatVerts=0 SlopeVerts=0
[+19:57:20.821] VoxelMesh: Chunk X=3 Y=-3 Z=-1 FlatVerts=0 SlopeVerts=0
[+19:57:20.821] VoxelChunk: GenerateAsync (-3,-2,-1)
[+19:57:20.823] VoxelMesh: Chunk X=-3 Y=-2 Z=-1 FlatVerts=0 SlopeVerts=0
[+19:57:20.823] VoxelMesh: Chunk X=2 Y=2 Z=2 FlatVerts=0 SlopeVerts=0
[+19:57:20.823] VoxelChunk: GenerateAsync (1,2,-3)
[+19:57:20.825] VoxelMesh: Chunk X=1 Y=2 Z=-3 FlatVerts=0 SlopeVerts=0
[+19:57:20.831] VoxelMesh: Chunk X=2 Y=-1 Z=2 FlatVerts=0 SlopeVerts=0
[+19:57:20.831] VoxelChunk: GenerateAsync (-3,1,-3)
[+19:57:20.833] VoxelMesh: Chunk X=1 Y=-1 Z=2 FlatVerts=0 SlopeVerts=0
[+19:57:20.833] VoxelMesh: Chunk X=-3 Y=1 Z=-3 FlatVerts=0 SlopeVerts=0
[+19:57:20.833] VoxelChunk: GenerateAsync (3,-2,-2)
[+19:57:20.834] VoxelMesh: Chunk X=-1 Y=1 Z=2 FlatVerts=0 SlopeVerts=0
[+19:57:20.835] VoxelChunk: GenerateAsync (-3,-1,-2)
[+19:57:20.835] VoxelMesh: Chunk X=3 Y=-2 Z=-2 FlatVerts=0 SlopeVerts=0
[+19:57:20.836] VoxelMesh: Chunk X=-2 Y=2 Z=2 FlatVerts=0 SlopeVerts=0
[+19:57:20.836] VoxelChunk: GenerateAsync (2,2,-3)
[+19:57:20.837] VoxelMesh: Chunk X=-3 Y=-1 Z=-2 FlatVerts=0 SlopeVerts=0
[+19:57:20.837] VoxelMesh: Chunk X=2 Y=2 Z=-3 FlatVerts=0 SlopeVerts=0
[+19:57:20.845] VoxelMesh: Chunk X=0 Y=2 Z=2 FlatVerts=0 SlopeVerts=0
[+19:57:20.845] VoxelChunk: GenerateAsync (0,-1,-3)
[+19:57:20.846] VoxelMesh: Chunk X=1 Y=2 Z=2 FlatVerts=0 SlopeVerts=0
[+19:57:20.848] VoxelMesh: Chunk X=0 Y=-1 Z=-3 FlatVerts=0 SlopeVerts=0
[+19:57:20.848] VoxelChunk: GenerateAsync (-3,-1,-1)
[+19:57:20.850] VoxelMesh: Chunk X=-2 Y=2 Z=1 FlatVerts=0 SlopeVerts=0
[+19:57:20.850] VoxelChunk: GenerateAsync (3,2,-3)
[+19:57:20.851] VoxelMesh: Chunk X=-3 Y=-1 Z=-1 FlatVerts=0 SlopeVerts=0
[+19:57:20.851] VoxelMesh: Chunk X=3 Y=2 Z=-3 FlatVerts=0 SlopeVerts=0
[+19:57:20.852] VoxelMesh: Chunk X=2 Y=1 Z=1 FlatVerts=0 SlopeVerts=0
[+19:57:20.852] VoxelChunk: GenerateAsync (-2,1,-3)
[+19:57:20.854] VoxelMesh: Chunk X=-2 Y=1 Z=-3 FlatVerts=0 SlopeVerts=0
[+19:57:20.862] VoxelMesh: Chunk X=0 Y=0 Z=0 FlatVerts=7650 SlopeVerts=8010
[+19:57:20.876] VoxelChunk: GenerateAsync (-2,3,0)
[+19:57:20.877] VoxelMesh: Chunk X=-2 Y=3 Z=0 FlatVerts=0 SlopeVerts=0
[+19:57:20.880] VoxelMesh: Chunk X=-1 Y=1 Z=-2 FlatVerts=0 SlopeVerts=0
[+19:57:20.880] VoxelChunk: GenerateAsync (-1,0,-3)
[+19:57:20.882] VoxelMesh: Chunk X=2 Y=-2 Z=-1 FlatVerts=0 SlopeVerts=0
[+19:57:20.882] VoxelChunk: GenerateAsync (3,-1,-3)
[+19:57:20.882] VoxelMesh: Chunk X=-1 Y=0 Z=-3 FlatVerts=0 SlopeVerts=0
[+19:57:20.883] VoxelMesh: Chunk X=1 Y=2 Z=0 FlatVerts=0 SlopeVerts=0
[+19:57:20.883] VoxelChunk: GenerateAsync (-2,-1,-3)
[+19:57:20.884] VoxelMesh: Chunk X=3 Y=-1 Z=-3 FlatVerts=0 SlopeVerts=0
[+19:57:20.884] VoxelMesh: Chunk X=0 Y=2 Z=0 FlatVerts=0 SlopeVerts=0
[+19:57:20.885] VoxelChunk: GenerateAsync (-3,-1,-3)
[+19:57:20.885] VoxelMesh: Chunk X=-2 Y=-1 Z=-3 FlatVerts=0 SlopeVerts=0
[+19:57:20.886] VoxelMesh: Chunk X=-3 Y=-1 Z=-3 FlatVerts=0 SlopeVerts=0
[+19:57:20.894] VoxelMesh: Chunk X=2 Y=-1 Z=0 FlatVerts=0 SlopeVerts=0
[+19:57:20.894] VoxelChunk: GenerateAsync (3,-2,-3)
[+19:57:20.896] VoxelMesh: Chunk X=-1 Y=0 Z=-2 FlatVerts=0 SlopeVerts=0
[+19:57:20.896] VoxelMesh: Chunk X=3 Y=-2 Z=-3 FlatVerts=0 SlopeVerts=0
[+19:57:20.896] VoxelChunk: GenerateAsync (-3,3,-3)
[+19:57:20.897] VoxelMesh: Chunk X=0 Y=-2 Z=1 FlatVerts=0 SlopeVerts=0
[+19:57:20.897] VoxelChunk: GenerateAsync (3,-1,-1)
[+19:57:20.898] VoxelMesh: Chunk X=-3 Y=3 Z=-3 FlatVerts=0 SlopeVerts=0
[+19:57:20.898] VoxelMesh: Chunk X=-1 Y=-2 Z=-1 FlatVerts=0 SlopeVerts=0
[+19:57:20.898] VoxelChunk: GenerateAsync (-3,0,-1)
[+19:57:20.898] VoxelMesh: Chunk X=3 Y=-1 Z=-1 FlatVerts=0 SlopeVerts=0
[+19:57:20.901] VoxelMesh: Chunk X=-3 Y=0 Z=-1 FlatVerts=0 SlopeVerts=0
[+19:57:20.908] VoxelMesh: Chunk X=-2 Y=1 Z=-1 FlatVerts=0 SlopeVerts=0
[+19:57:20.908] VoxelChunk: GenerateAsync (2,-2,-3)
[+19:57:20.910] VoxelMesh: Chunk X=-1 Y=2 Z=-2 FlatVerts=0 SlopeVerts=0
[+19:57:20.910] VoxelChunk: GenerateAsync (3,-1,-2)
[+19:57:20.910] VoxelMesh: Chunk X=2 Y=-2 Z=-3 FlatVerts=0 SlopeVerts=0
[+19:57:20.911] VoxelMesh: Chunk X=2 Y=0 Z=0 FlatVerts=0 SlopeVerts=0
[+19:57:20.911] VoxelChunk: GenerateAsync (-2,3,-3)
[+19:57:20.912] VoxelMesh: Chunk X=3 Y=-1 Z=-2 FlatVerts=0 SlopeVerts=0
[+19:57:20.913] VoxelMesh: Chunk X=-2 Y=3 Z=-3 FlatVerts=0 SlopeVerts=0
[+19:57:20.913] VoxelMesh: Chunk X=-2 Y=-1 Z=-2 FlatVerts=0 SlopeVerts=0
[+19:57:20.913] VoxelChunk: GenerateAsync (-1,1,-3)
[+19:57:20.915] VoxelMesh: Chunk X=-1 Y=1 Z=-3 FlatVerts=0 SlopeVerts=0
[+19:57:20.922] VoxelMesh: Chunk X=0 Y=-2 Z=-1 FlatVerts=0 SlopeVerts=0
[+19:57:20.922] VoxelChunk: GenerateAsync (1,-2,-3)
[+19:57:20.923] VoxelMesh: Chunk X=1 Y=-2 Z=-3 FlatVerts=0 SlopeVerts=0
[+19:57:20.923] VoxelMesh: Chunk X=2 Y=-1 Z=-2 FlatVerts=0 SlopeVerts=0
[+19:57:20.923] VoxelChunk: GenerateAsync (0,-2,-3)
[+19:57:20.926] VoxelMesh: Chunk X=-2 Y=2 Z=-2 FlatVerts=0 SlopeVerts=0
[+19:57:20.926] VoxelMesh: Chunk X=0 Y=-2 Z=-3 FlatVerts=0 SlopeVerts=0
[+19:57:20.926] VoxelChunk: GenerateAsync (-3,0,-2)
[+19:57:20.927] VoxelMesh: Chunk X=2 Y=2 Z=-1 FlatVerts=0 SlopeVerts=0
[+19:57:20.927] VoxelChunk: GenerateAsync (3,0,-1)
[+19:57:20.929] VoxelMesh: Chunk X=-3 Y=0 Z=-2 FlatVerts=0 SlopeVerts=0
[+19:57:20.929] VoxelMesh: Chunk X=3 Y=0 Z=-1 FlatVerts=0 SlopeVerts=0
[+19:57:20.936] VoxelMesh: Chunk X=-2 Y=-2 Z=0 FlatVerts=0 SlopeVerts=0
[+19:57:20.936] VoxelChunk: GenerateAsync (-1,3,-3)
[+19:57:20.938] VoxelMesh: Chunk X=-2 Y=0 Z=0 FlatVerts=0 SlopeVerts=0
[+19:57:20.938] VoxelMesh: Chunk X=-1 Y=3 Z=-3 FlatVerts=0 SlopeVerts=0
[+19:57:20.938] VoxelChunk: GenerateAsync (-3,1,-1)
[+19:57:20.939] VoxelMesh: Chunk X=-3 Y=1 Z=-1 FlatVerts=0 SlopeVerts=0
[+19:57:20.939] VoxelMesh: Chunk X=2 Y=1 Z=0 FlatVerts=0 SlopeVerts=0
[+19:57:20.939] VoxelChunk: GenerateAsync (-1,-2,-3)
[+19:57:20.942] VoxelMesh: Chunk X=0 Y=2 Z=-2 FlatVerts=0 SlopeVerts=0
[+19:57:20.942] VoxelMesh: Chunk X=-1 Y=-2 Z=-3 FlatVerts=0 SlopeVerts=0
[+19:57:20.942] VoxelChunk: GenerateAsync (-2,-2,-3)
[+19:57:20.944] VoxelMesh: Chunk X=-2 Y=-2 Z=-3 FlatVerts=0 SlopeVerts=0
[+19:57:20.950] VoxelMesh: Chunk X=-1 Y=-1 Z=-2 FlatVerts=0 SlopeVerts=0
[+19:57:20.950] VoxelChunk: GenerateAsync (0,3,-3)
[+19:57:20.952] VoxelMesh: Chunk X=2 Y=1 Z=-1 FlatVerts=0 SlopeVerts=0
[+19:57:20.952] VoxelChunk: GenerateAsync (0,1,-3)
[+19:57:20.953] VoxelMesh: Chunk X=0 Y=3 Z=-3 FlatVerts=0 SlopeVerts=0
[+19:57:20.954] VoxelMesh: Chunk X=0 Y=1 Z=-3 FlatVerts=0 SlopeVerts=0
[+19:57:20.954] VoxelMesh: Chunk X=1 Y=-2 Z=-1 FlatVerts=0 SlopeVerts=0
[+19:57:20.954] VoxelChunk: GenerateAsync (3,3,-1)
[+19:57:20.956] VoxelMesh: Chunk X=0 Y=-1 Z=-2 FlatVerts=0 SlopeVerts=0
[+19:57:20.956] VoxelChunk: GenerateAsync (0,0,-3)
[+19:57:20.956] VoxelMesh: Chunk X=3 Y=3 Z=-1 FlatVerts=0 SlopeVerts=0
[+19:57:20.958] VoxelMesh: Chunk X=0 Y=0 Z=-3 FlatVerts=0 SlopeVerts=0
[+19:57:20.965] VoxelMesh: Chunk X=0 Y=0 Z=0 FlatVerts=8826 SlopeVerts=4620
[+19:57:20.980] VoxelChunk: GenerateAsync (-1,3,0)
[+19:57:20.981] VoxelMesh: Chunk X=-1 Y=3 Z=0 FlatVerts=0 SlopeVerts=12
[+19:57:20.982] VoxelMesh: Chunk X=-2 Y=0 Z=-1 FlatVerts=0 SlopeVerts=0
[+19:57:20.982] VoxelChunk: GenerateAsync (-2,-3,0)
[+19:57:20.983] VoxelMesh: Chunk X=-1 Y=-2 Z=-2 FlatVerts=0 SlopeVerts=30
[+19:57:20.983] VoxelChunk: GenerateAsync (-1,-3,0)
[+19:57:20.983] VoxelMesh: Chunk X=-2 Y=-3 Z=0 FlatVerts=0 SlopeVerts=0
[+19:57:20.985] VoxelMesh: Chunk X=-1 Y=-3 Z=0 FlatVerts=0 SlopeVerts=30
[+19:57:20.985] VoxelMesh: Chunk X=0 Y=0 Z=-2 FlatVerts=0 SlopeVerts=0
[+19:57:20.985] VoxelChunk: GenerateAsync (0,-3,0)
[+19:57:20.987] VoxelMesh: Chunk X=2 Y=0 Z=-2 FlatVerts=0 SlopeVerts=0
[+19:57:20.987] VoxelChunk: GenerateAsync (1,-3,0)
[+19:57:20.989] VoxelMesh: Chunk X=0 Y=-3 Z=0 FlatVerts=0 SlopeVerts=0
[+19:57:20.989] VoxelMesh: Chunk X=1 Y=-3 Z=0 FlatVerts=0 SlopeVerts=0
[+19:57:20.997] VoxelMesh: Chunk X=-2 Y=1 Z=-2 FlatVerts=0 SlopeVerts=0
[+19:57:20.997] VoxelChunk: GenerateAsync (2,-3,0)
[+19:57:20.998] VoxelMesh: Chunk X=-1 Y=2 Z=0 FlatVerts=0 SlopeVerts=0
[+19:57:20.998] VoxelChunk: GenerateAsync (-3,-2,-3)
[+19:57:21.000] VoxelMesh: Chunk X=2 Y=-3 Z=0 FlatVerts=0 SlopeVerts=0
[+19:57:21.001] VoxelMesh: Chunk X=-3 Y=-2 Z=-3 FlatVerts=0 SlopeVerts=0
[+19:57:21.001] VoxelMesh: Chunk X=-1 Y=-2 Z=0 FlatVerts=0 SlopeVerts=0
[+19:57:21.002] VoxelChunk: GenerateAsync (3,1,-1)
[+19:57:21.003] VoxelMesh: Chunk X=2 Y=2 Z=-2 FlatVerts=0 SlopeVerts=0
[+19:57:21.003] VoxelMesh: Chunk X=3 Y=1 Z=-1 FlatVerts=0 SlopeVerts=0
[+19:57:21.004] VoxelChunk: GenerateAsync (-3,2,-1)
[+19:57:21.005] VoxelMesh: Chunk X=-3 Y=2 Z=-1 FlatVerts=0 SlopeVerts=0
[+19:57:21.012] VoxelMesh: Chunk X=1 Y=-2 Z=1 FlatVerts=0 SlopeVerts=0
[+19:57:21.012] VoxelChunk: GenerateAsync (1,3,-3)
[+19:57:21.014] VoxelMesh: Chunk X=-2 Y=-2 Z=-2 FlatVerts=0 SlopeVerts=0
[+19:57:21.014] VoxelChunk: GenerateAsync (3,0,-2)
[+19:57:21.014] VoxelMesh: Chunk X=1 Y=3 Z=-3 FlatVerts=0 SlopeVerts=0
[+19:57:21.015] VoxelMesh: Chunk X=-2 Y=2 Z=0 FlatVerts=0 SlopeVerts=0
[+19:57:21.016] VoxelChunk: GenerateAsync (-3,1,-2)
[+19:57:21.016] VoxelMesh: Chunk X=3 Y=0 Z=-2 FlatVerts=0 SlopeVerts=0
[+19:57:21.017] VoxelMesh: Chunk X=2 Y=-2 Z=-2 FlatVerts=0 SlopeVerts=0
[+19:57:21.017] VoxelChunk: GenerateAsync (2,3,-3)
[+19:57:21.018] VoxelMesh: Chunk X=-3 Y=1 Z=-2 FlatVerts=0 SlopeVerts=0
[+19:57:21.019] VoxelMesh: Chunk X=2 Y=3 Z=-3 FlatVerts=0 SlopeVerts=0
[+19:57:21.024] VoxelMesh: Chunk X=1 Y=2 Z=-2 FlatVerts=0 SlopeVerts=102
[+19:57:21.025] VoxelChunk: GenerateAsync (3,-2,0)
[+19:57:21.026] VoxelMesh: Chunk X=3 Y=-2 Z=0 FlatVerts=0 SlopeVerts=102
[+19:57:21.026] VoxelMesh: Chunk X=1 Y=-2 Z=-2 FlatVerts=0 SlopeVerts=0
[+19:57:21.026] VoxelChunk: GenerateAsync (1,1,-3)
[+19:57:21.028] VoxelMesh: Chunk X=2 Y=2 Z=0 FlatVerts=0 SlopeVerts=0
[+19:57:21.029] VoxelChunk: GenerateAsync (3,2,-1)
[+19:57:21.029] VoxelMesh: Chunk X=1 Y=1 Z=-3 FlatVerts=0 SlopeVerts=0
[+19:57:21.030] VoxelMesh: Chunk X=3 Y=2 Z=-1 FlatVerts=0 SlopeVerts=0
[+19:57:21.030] VoxelMesh: Chunk X=-2 Y=-2 Z=-1 FlatVerts=0 SlopeVerts=0
[+19:57:21.030] VoxelChunk: GenerateAsync (3,-3,-3)
[+19:57:21.032] VoxelMesh: Chunk X=3 Y=-3 Z=-3 FlatVerts=0 SlopeVerts=0
[+19:57:21.043] VoxelMesh: Chunk X=0 Y=0 Z=0 FlatVerts=0 SlopeVerts=0
[+19:57:21.044] VoxelChunk: GenerateAsync (2,-3,-3)
[+19:57:21.044] VoxelMesh: Chunk X=2 Y=-3 Z=-3 FlatVerts=0 SlopeVerts=0
[+19:57:21.049] VoxelMesh: Chunk X=0 Y=0 Z=0 FlatVerts=0 SlopeVerts=0
[+19:57:21.050] VoxelChunk: GenerateAsync (1,-3,-3)
[+19:57:21.051] VoxelMesh: Chunk X=1 Y=-3 Z=-3 FlatVerts=0 SlopeVerts=0
[+19:57:21.054] VoxelMesh: Chunk X=0 Y=0 Z=0 FlatVerts=2340 SlopeVerts=1830
[+19:57:21.055] VoxelChunk: GenerateAsync (-3,3,-1)
[+19:57:21.056] VoxelMesh: Chunk X=-3 Y=3 Z=-1 FlatVerts=0 SlopeVerts=0
[+19:57:21.060] VoxelMesh: Chunk X=0 Y=0 Z=0 FlatVerts=30 SlopeVerts=2028
[+19:57:21.060] VoxelChunk: GenerateAsync (3,-1,0)
[+19:57:21.061] VoxelMesh: Chunk X=3 Y=-1 Z=0 FlatVerts=312 SlopeVerts=462
[+19:57:21.072] VoxelMesh: Chunk X=0 Y=0 Z=0 FlatVerts=9894 SlopeVerts=576
[+19:57:21.074] VoxelChunk: GenerateAsync (-3,0,0)
[+19:57:21.076] VoxelMesh: Chunk X=-3 Y=0 Z=0 FlatVerts=0 SlopeVerts=0
[+19:57:21.079] VoxelMesh: Chunk X=0 Y=0 Z=0 FlatVerts=6054 SlopeVerts=2346
[+19:57:21.081] VoxelChunk: GenerateAsync (-2,3,-1)
[+19:57:21.083] VoxelMesh: Chunk X=-2 Y=3 Z=-1 FlatVerts=0 SlopeVerts=0
[+19:57:21.087] VoxelMesh: Chunk X=0 Y=0 Z=0 FlatVerts=0 SlopeVerts=0
[+19:57:21.088] VoxelChunk: GenerateAsync (0,-3,-3)
[+19:57:21.090] VoxelMesh: Chunk X=0 Y=-3 Z=-3 FlatVerts=0 SlopeVerts=0
[+19:57:21.095] VoxelMesh: Chunk X=0 Y=0 Z=0 FlatVerts=0 SlopeVerts=0
[+19:57:21.095] VoxelChunk: GenerateAsync (3,3,-3)
[+19:57:21.097] VoxelMesh: Chunk X=3 Y=3 Z=-3 FlatVerts=0 SlopeVerts=0
[+19:57:21.108] VoxelMesh: Chunk X=0 Y=0 Z=0 FlatVerts=7860 SlopeVerts=5976
[+19:57:21.122] VoxelChunk: GenerateAsync (0,3,0)
[+19:57:21.123] VoxelMesh: Chunk X=0 Y=3 Z=0 FlatVerts=0 SlopeVerts=0
[+19:57:21.127] VoxelMesh: Chunk X=0 Y=0 Z=0 FlatVerts=6948 SlopeVerts=1038
[+19:57:21.128] VoxelChunk: GenerateAsync (-1,3,-1)
[+19:57:21.132] VoxelMesh: Chunk X=-1 Y=3 Z=-1 FlatVerts=0 SlopeVerts=0
[+19:57:21.134] VoxelMesh: Chunk X=0 Y=0 Z=0 FlatVerts=6060 SlopeVerts=1098
[+19:57:21.134] VoxelChunk: GenerateAsync (0,3,-1)
[+19:57:21.138] VoxelMesh: Chunk X=0 Y=3 Z=-1 FlatVerts=0 SlopeVerts=0
[+19:57:21.139] VoxelMesh: Chunk X=0 Y=0 Z=0 FlatVerts=2526 SlopeVerts=7044
[+19:57:21.141] VoxelChunk: GenerateAsync (3,0,0)
[+19:57:21.142] VoxelMesh: Chunk X=3 Y=0 Z=0 FlatVerts=432 SlopeVerts=438
[+19:57:21.146] VoxelMesh: Chunk X=0 Y=0 Z=0 FlatVerts=9288 SlopeVerts=3306
[+19:57:21.147] VoxelChunk: GenerateAsync (-3,1,0)
[+19:57:21.148] VoxelMesh: Chunk X=-3 Y=1 Z=0 FlatVerts=0 SlopeVerts=0
[+19:57:21.164] VoxelMesh: Chunk X=0 Y=0 Z=0 FlatVerts=3792 SlopeVerts=1224
[+19:57:21.165] VoxelChunk: GenerateAsync (1,3,-1)
[+19:57:21.166] VoxelMesh: Chunk X=1 Y=3 Z=-1 FlatVerts=0 SlopeVerts=0
[+19:57:21.170] VoxelMesh: Chunk X=0 Y=0 Z=0 FlatVerts=954 SlopeVerts=588
[+19:57:21.170] VoxelChunk: GenerateAsync (2,3,-1)
[+19:57:21.173] VoxelMesh: Chunk X=2 Y=3 Z=-1 FlatVerts=0 SlopeVerts=0
[+19:57:21.177] VoxelMesh: Chunk X=0 Y=0 Z=0 FlatVerts=0 SlopeVerts=0
[+19:57:21.177] VoxelChunk: GenerateAsync (-2,-3,-3)
[+19:57:21.179] VoxelMesh: Chunk X=-2 Y=-3 Z=-3 FlatVerts=0 SlopeVerts=0
[+19:57:21.183] VoxelMesh: Chunk X=0 Y=0 Z=0 FlatVerts=0 SlopeVerts=0
[+19:57:21.184] VoxelChunk: GenerateAsync (-3,-3,-3)
[+19:57:21.185] VoxelMesh: Chunk X=-3 Y=-3 Z=-3 FlatVerts=0 SlopeVerts=0
[+19:57:21.197] VoxelChunk: GenerateAsync (16,-21,2)
[+19:57:21.197] VoxelChunk: GenerateAsync (16,-20,2)
[+19:57:21.197] VoxelChunk: GenerateAsync (17,-21,2)
[+19:57:21.197] VoxelChunk: GenerateAsync (17,-20,2)
[+19:57:21.197] VoxelChunk: GenerateAsync (17,-19,2)
[+19:57:21.197] VoxelChunk: GenerateAsync (18,-21,2)
[+19:57:21.197] VoxelChunk: GenerateAsync (18,-20,2)
[+19:57:21.197] VoxelMesh: Chunk X=16 Y=-21 Z=2 FlatVerts=54 SlopeVerts=912
[+19:57:21.197] VoxelMesh: Chunk X=16 Y=-20 Z=2 FlatVerts=72 SlopeVerts=990
[+19:57:21.199] VoxelMesh: Chunk X=17 Y=-21 Z=2 FlatVerts=0 SlopeVerts=84
[+19:57:21.199] VoxelMesh: Chunk X=17 Y=-19 Z=2 FlatVerts=0 SlopeVerts=522
[+19:57:21.199] VoxelMesh: Chunk X=17 Y=-20 Z=2 FlatVerts=6 SlopeVerts=822
[+19:57:21.199] VoxelMesh: Chunk X=18 Y=-21 Z=2 FlatVerts=0 SlopeVerts=570
[+19:57:21.199] VoxelMesh: Chunk X=18 Y=-20 Z=2 FlatVerts=0 SlopeVerts=18
[+19:57:21.200] VoxelMesh: Chunk X=-3 Y=-3 Z=-3 FlatVerts=0 SlopeVerts=0
[+19:57:21.200] VoxelChunk: GenerateAsync (-3,-3,-2)
[+19:57:21.202] VoxelMesh: Chunk X=-2 Y=-3 Z=-3 FlatVerts=0 SlopeVerts=0
[+19:57:21.202] VoxelChunk: GenerateAsync (2,1,-3)
[+19:57:21.202] VoxelMesh: Chunk X=-3 Y=-3 Z=-2 FlatVerts=0 SlopeVerts=0
[+19:57:21.203] VoxelMesh: Chunk X=2 Y=3 Z=-1 FlatVerts=0 SlopeVerts=0
[+19:57:21.203] VoxelMesh: Chunk X=2 Y=1 Z=-3 FlatVerts=0 SlopeVerts=0
[+19:57:21.203] VoxelChunk: GenerateAsync (-3,2,0)
[+19:57:21.206] VoxelMesh: Chunk X=1 Y=3 Z=-1 FlatVerts=0 SlopeVerts=0
[+19:57:21.206] VoxelMesh: Chunk X=-3 Y=2 Z=0 FlatVerts=0 SlopeVerts=0
[+19:57:21.206] VoxelChunk: GenerateAsync (1,0,-3)
[+19:57:21.208] VoxelMesh: Chunk X=1 Y=0 Z=-3 FlatVerts=0 SlopeVerts=0
[+19:57:21.218] VoxelMesh: Chunk X=0 Y=0 Z=0 FlatVerts=6402 SlopeVerts=7416
[+19:57:21.231] VoxelChunk: GenerateAsync (1,3,0)
[+19:57:21.232] VoxelMesh: Chunk X=1 Y=3 Z=0 FlatVerts=0 SlopeVerts=0
[+19:57:21.233] VoxelMesh: Chunk X=-3 Y=1 Z=0 FlatVerts=0 SlopeVerts=0
[+19:57:21.233] VoxelChunk: GenerateAsync (-3,0,-3)
[+19:57:21.235] VoxelMesh: Chunk X=-3 Y=0 Z=-3 FlatVerts=0 SlopeVerts=0
[+19:57:21.235] VoxelMesh: Chunk X=3 Y=0 Z=0 FlatVerts=0 SlopeVerts=0
[+19:57:21.235] VoxelChunk: GenerateAsync (2,-1,-3)
[+19:57:21.238] VoxelMesh: Chunk X=0 Y=3 Z=-1 FlatVerts=0 SlopeVerts=0
[+19:57:21.238] VoxelMesh: Chunk X=2 Y=-1 Z=-3 FlatVerts=0 SlopeVerts=0
[+19:57:21.238] VoxelChunk: GenerateAsync (0,-3,-1)
[+19:57:21.239] VoxelMesh: Chunk X=0 Y=-3 Z=-1 FlatVerts=0 SlopeVerts=0
[+19:57:21.240] VoxelMesh: Chunk X=-1 Y=3 Z=-1 FlatVerts=0 SlopeVerts=0
[+19:57:21.240] VoxelChunk: GenerateAsync (1,-3,-1)
[+19:57:21.241] VoxelMesh: Chunk X=1 Y=-3 Z=-1 FlatVerts=0 SlopeVerts=0
[+19:57:21.249] VoxelMesh: Chunk X=3 Y=3 Z=-3 FlatVerts=0 SlopeVerts=0
[+19:57:21.249] VoxelChunk: GenerateAsync (-1,-1,-3)
[+19:57:21.251] VoxelMesh: Chunk X=0 Y=-3 Z=-3 FlatVerts=0 SlopeVerts=0
[+19:57:21.251] VoxelChunk: GenerateAsync (3,2,0)
[+19:57:21.251] VoxelMesh: Chunk X=-1 Y=-1 Z=-3 FlatVerts=0 SlopeVerts=0
[+19:57:21.252] VoxelMesh: Chunk X=-2 Y=3 Z=-1 FlatVerts=0 SlopeVerts=0
[+19:57:21.253] VoxelChunk: GenerateAsync (-3,3,0)
[+19:57:21.254] VoxelMesh: Chunk X=-3 Y=0 Z=0 FlatVerts=0 SlopeVerts=0
[+19:57:21.254] VoxelMesh: Chunk X=3 Y=2 Z=0 FlatVerts=0 SlopeVerts=0
[+19:57:21.254] VoxelChunk: GenerateAsync (-2,3,0)
[+19:57:21.255] VoxelMesh: Chunk X=-3 Y=3 Z=0 FlatVerts=0 SlopeVerts=0
[+19:57:21.255] VoxelMesh: Chunk X=-2 Y=3 Z=0 FlatVerts=0 SlopeVerts=0
[+19:57:21.262] VoxelMesh: Chunk X=3 Y=-1 Z=0 FlatVerts=0 SlopeVerts=12
[+19:57:21.262] VoxelChunk: GenerateAsync (-1,3,0)
[+19:57:21.263] VoxelMesh: Chunk X=-3 Y=3 Z=-1 FlatVerts=0 SlopeVerts=0
[+19:57:21.263] VoxelMesh: Chunk X=-1 Y=3 Z=0 FlatVerts=0 SlopeVerts=12
[+19:57:21.263] VoxelChunk: GenerateAsync (0,3,0)
[+19:57:21.264] VoxelMesh: Chunk X=0 Y=3 Z=0 FlatVerts=0 SlopeVerts=0
[+19:57:21.264] VoxelMesh: Chunk X=1 Y=-3 Z=-3 FlatVerts=0 SlopeVerts=0
[+19:57:21.265] VoxelChunk: GenerateAsync (1,3,0)
[+19:57:21.265] VoxelMesh: Chunk X=2 Y=-3 Z=-3 FlatVerts=0 SlopeVerts=0
[+19:57:21.265] VoxelChunk: GenerateAsync (2,3,0)
[+19:57:21.266] VoxelMesh: Chunk X=1 Y=3 Z=0 FlatVerts=0 SlopeVerts=0
[+19:57:21.267] VoxelMesh: Chunk X=2 Y=3 Z=0 FlatVerts=0 SlopeVerts=0
[+19:57:21.281] VoxelMesh: Chunk X=-3 Y=-2 Z=0 FlatVerts=0 SlopeVerts=0
[+19:57:21.281] VoxelChunk: GenerateAsync (3,3,0)
[+19:57:21.283] VoxelMesh: Chunk X=0 Y=-3 Z=-2 FlatVerts=522 SlopeVerts=1476
[+19:57:21.283] VoxelChunk: GenerateAsync (-3,-3,1)
[+19:57:21.283] VoxelMesh: Chunk X=3 Y=3 Z=0 FlatVerts=0 SlopeVerts=0
[+19:57:21.283] VoxelMesh: Chunk X=-3 Y=-3 Z=1 FlatVerts=522 SlopeVerts=1476
[+19:57:21.283] VoxelMesh: Chunk X=-3 Y=-1 Z=0 FlatVerts=450 SlopeVerts=5076
[+19:57:21.284] VoxelChunk: GenerateAsync (-2,-3,1)
[+19:57:21.286] VoxelMesh: Chunk X=1 Y=-3 Z=-2 FlatVerts=72 SlopeVerts=3234
[+19:57:21.286] VoxelMesh: Chunk X=-2 Y=-3 Z=1 FlatVerts=450 SlopeVerts=5076
[+19:57:21.286] VoxelChunk: GenerateAsync (-1,-3,1)
[+19:57:21.288] VoxelMesh: Chunk X=-1 Y=-3 Z=1 FlatVerts=72 SlopeVerts=3234
[+19:57:21.296] VoxelMesh: Chunk X=-3 Y=2 Z=-3 FlatVerts=54 SlopeVerts=1068
[+19:57:21.296] VoxelChunk: GenerateAsync (0,-3,1)
[+19:57:21.298] VoxelMesh: Chunk X=2 Y=0 Z=-3 FlatVerts=0 SlopeVerts=0
[+19:57:21.298] VoxelMesh: Chunk X=0 Y=-3 Z=1 FlatVerts=54 SlopeVerts=1068
[+19:57:21.298] VoxelChunk: GenerateAsync (1,-3,1)
[+19:57:21.300] VoxelMesh: Chunk X=3 Y=2 Z=-2 FlatVerts=0 SlopeVerts=0
[+19:57:21.300] VoxelChunk: GenerateAsync (2,-3,1)
[+19:57:21.300] VoxelMesh: Chunk X=1 Y=-3 Z=1 FlatVerts=0 SlopeVerts=0
[+19:57:21.301] VoxelMesh: Chunk X=-3 Y=3 Z=-2 FlatVerts=60 SlopeVerts=318
[+19:57:21.302] VoxelChunk: GenerateAsync (3,-3,1)
[+19:57:21.302] VoxelMesh: Chunk X=2 Y=-3 Z=1 FlatVerts=0 SlopeVerts=0
[+19:57:21.303] VoxelMesh: Chunk X=3 Y=-3 Z=1 FlatVerts=60 SlopeVerts=318
[+19:57:21.312] VoxelMesh: Chunk X=0 Y=0 Z=0 FlatVerts=6714 SlopeVerts=4974
[+19:57:21.324] VoxelChunk: GenerateAsync (2,3,0)
[+19:57:21.326] VoxelMesh: Chunk X=2 Y=3 Z=0 FlatVerts=0 SlopeVerts=0
[+19:57:21.327] VoxelMesh: Chunk X=2 Y=-3 Z=-2 FlatVerts=0 SlopeVerts=750
[+19:57:21.327] VoxelChunk: GenerateAsync (-3,-2,1)
[+19:57:21.329] VoxelMesh: Chunk X=-2 Y=3 Z=-2 FlatVerts=0 SlopeVerts=0
[+19:57:21.329] VoxelChunk: GenerateAsync (3,-2,-1)
[+19:57:21.329] VoxelMesh: Chunk X=-3 Y=-2 Z=1 FlatVerts=0 SlopeVerts=750
[+19:57:21.330] VoxelMesh: Chunk X=-1 Y=3 Z=-2 FlatVerts=0 SlopeVerts=0
[+19:57:21.330] VoxelChunk: GenerateAsync (-3,-3,0)
[+19:57:21.330] VoxelMesh: Chunk X=3 Y=-2 Z=-1 FlatVerts=0 SlopeVerts=0
[+19:57:21.331] VoxelMesh: Chunk X=-3 Y=-3 Z=0 FlatVerts=0 SlopeVerts=0
[+19:57:21.331] VoxelMesh: Chunk X=3 Y=-3 Z=-2 FlatVerts=0 SlopeVerts=12
[+19:57:21.331] VoxelChunk: GenerateAsync (-3,1,2)
[+19:57:21.332] VoxelMesh: Chunk X=-3 Y=1 Z=2 FlatVerts=0 SlopeVerts=12
[+19:57:21.347] VoxelMesh: Chunk X=-2 Y=2 Z=-3 FlatVerts=0 SlopeVerts=2652
[+19:57:21.347] VoxelChunk: GenerateAsync (2,3,3)
[+19:57:21.349] VoxelMesh: Chunk X=2 Y=3 Z=3 FlatVerts=0 SlopeVerts=2652
[+19:57:21.349] VoxelMesh: Chunk X=0 Y=3 Z=-2 FlatVerts=0 SlopeVerts=1308
[+19:57:21.349] VoxelChunk: GenerateAsync (1,3,3)
[+19:57:21.351] VoxelMesh: Chunk X=1 Y=3 Z=-2 FlatVerts=1620 SlopeVerts=2238
[+19:57:21.351] VoxelChunk: GenerateAsync (3,-2,1)
[+19:57:21.352] VoxelMesh: Chunk X=1 Y=3 Z=3 FlatVerts=0 SlopeVerts=1308
[+19:57:21.353] VoxelMesh: Chunk X=3 Y=-2 Z=1 FlatVerts=1620 SlopeVerts=2238
[+19:57:21.353] VoxelMesh: Chunk X=-3 Y=-2 Z=-2 FlatVerts=0 SlopeVerts=0
[+19:57:21.353] VoxelChunk: GenerateAsync (-3,-1,1)
[+19:57:21.354] VoxelMesh: Chunk X=-3 Y=-1 Z=1 FlatVerts=0 SlopeVerts=0
[+19:57:21.363] VoxelMesh: Chunk X=2 Y=3 Z=-2 FlatVerts=0 SlopeVerts=30
[+19:57:21.364] VoxelChunk: GenerateAsync (-2,-3,3)
[+19:57:21.365] VoxelMesh: Chunk X=-1 Y=-3 Z=-3 FlatVerts=12 SlopeVerts=2208
[+19:57:21.365] VoxelChunk: GenerateAsync (-3,1,3)
[+19:57:21.365] VoxelMesh: Chunk X=-2 Y=-3 Z=3 FlatVerts=0 SlopeVerts=30
[+19:57:21.367] VoxelMesh: Chunk X=-3 Y=1 Z=3 FlatVerts=12 SlopeVerts=2208
[+19:57:21.367] VoxelMesh: Chunk X=3 Y=3 Z=-2 FlatVerts=0 SlopeVerts=4332
[+19:57:21.367] VoxelChunk: GenerateAsync (-1,-3,3)
[+19:57:21.369] VoxelMesh: Chunk X=-1 Y=2 Z=-3 FlatVerts=0 SlopeVerts=0
[+19:57:21.369] VoxelChunk: GenerateAsync (1,-1,3)
[+19:57:21.370] VoxelMesh: Chunk X=-1 Y=-3 Z=3 FlatVerts=0 SlopeVerts=4332
[+19:57:21.372] VoxelMesh: Chunk X=1 Y=-1 Z=3 FlatVerts=0 SlopeVerts=0
[+19:57:21.379] VoxelMesh: Chunk X=3 Y=0 Z=-3 FlatVerts=144 SlopeVerts=7656
[+19:57:21.379] VoxelChunk: GenerateAsync (-2,1,3)
[+19:57:21.381] VoxelMesh: Chunk X=-2 Y=0 Z=-3 FlatVerts=0 SlopeVerts=0
[+19:57:21.381] VoxelChunk: GenerateAsync (0,2,3)
[+19:57:21.382] VoxelMesh: Chunk X=-2 Y=1 Z=3 FlatVerts=144 SlopeVerts=7656
[+19:57:21.383] VoxelMesh: Chunk X=-3 Y=-3 Z=-1 FlatVerts=12 SlopeVerts=5172
[+19:57:21.383] VoxelMesh: Chunk X=0 Y=2 Z=3 FlatVerts=0 SlopeVerts=0
[+19:57:21.383] VoxelChunk: GenerateAsync (0,-3,3)
[+19:57:21.385] VoxelMesh: Chunk X=0 Y=-3 Z=3 FlatVerts=12 SlopeVerts=5172
[+19:57:21.385] VoxelMesh: Chunk X=3 Y=1 Z=0 FlatVerts=12 SlopeVerts=3810
[+19:57:21.386] VoxelChunk: GenerateAsync (1,-2,3)
[+19:57:21.388] VoxelMesh: Chunk X=1 Y=-2 Z=3 FlatVerts=12 SlopeVerts=3810
[+19:57:21.398] VoxelMesh: Chunk X=-2 Y=-3 Z=-1 FlatVerts=0 SlopeVerts=0
[+19:57:21.398] VoxelChunk: GenerateAsync (2,-1,3)
[+19:57:21.399] VoxelMesh: Chunk X=-1 Y=-3 Z=-1 FlatVerts=0 SlopeVerts=1560
[+19:57:21.399] VoxelChunk: GenerateAsync (-3,0,3)
[+19:57:21.400] VoxelMesh: Chunk X=2 Y=-1 Z=3 FlatVerts=0 SlopeVerts=0
[+19:57:21.401] VoxelMesh: Chunk X=-3 Y=0 Z=3 FlatVerts=0 SlopeVerts=1560
[+19:57:21.401] VoxelMesh: Chunk X=1 Y=-1 Z=-3 FlatVerts=0 SlopeVerts=294
[+19:57:21.402] VoxelChunk: GenerateAsync (-1,1,3)
[+19:57:21.402] VoxelMesh: Chunk X=0 Y=2 Z=-3 FlatVerts=6 SlopeVerts=912
[+19:57:21.402] VoxelChunk: GenerateAsync (-3,2,3)
[+19:57:21.403] VoxelMesh: Chunk X=-3 Y=2 Z=3 FlatVerts=6 SlopeVerts=912
[+19:57:21.403] VoxelMesh: Chunk X=-1 Y=1 Z=3 FlatVerts=0 SlopeVerts=294
[+19:57:21.412] VoxelMesh: Chunk X=0 Y=0 Z=0 FlatVerts=8196 SlopeVerts=1152
[+19:57:21.424] VoxelChunk: GenerateAsync (3,3,0)
[+19:57:21.425] VoxelMesh: Chunk X=3 Y=3 Z=0 FlatVerts=0 SlopeVerts=0
[+19:57:21.427] VoxelMesh: Chunk X=2 Y=-3 Z=-1 FlatVerts=0 SlopeVerts=732
[+19:57:21.427] VoxelChunk: GenerateAsync (1,2,3)
[+19:57:21.428] VoxelMesh: Chunk X=1 Y=2 Z=3 FlatVerts=0 SlopeVerts=732
[+19:57:21.428] VoxelMesh: Chunk X=3 Y=-3 Z=-1 FlatVerts=60 SlopeVerts=3072
[+19:57:21.429] VoxelChunk: GenerateAsync (-3,3,3)
[+19:57:21.430] VoxelMesh: Chunk X=-3 Y=-2 Z=-1 FlatVerts=0 SlopeVerts=4692
[+19:57:21.430] VoxelChunk: GenerateAsync (1,-3,3)
[+19:57:21.431] VoxelMesh: Chunk X=-3 Y=3 Z=3 FlatVerts=60 SlopeVerts=3072
[+19:57:21.432] VoxelMesh: Chunk X=1 Y=-3 Z=3 FlatVerts=0 SlopeVerts=4692
[+19:57:21.432] VoxelMesh: Chunk X=1 Y=2 Z=-3 FlatVerts=0 SlopeVerts=6270
[+19:57:21.432] VoxelChunk: GenerateAsync (-2,-2,3)
[+19:57:21.434] VoxelMesh: Chunk X=-2 Y=-2 Z=3 FlatVerts=0 SlopeVerts=6270
[+19:57:21.444] VoxelMesh: Chunk X=-3 Y=1 Z=-3 FlatVerts=6 SlopeVerts=3090
[+19:57:21.445] VoxelChunk: GenerateAsync (2,-2,3)
[+19:57:21.446] VoxelMesh: Chunk X=3 Y=-2 Z=-2 FlatVerts=0 SlopeVerts=72
[+19:57:21.446] VoxelMesh: Chunk X=2 Y=-2 Z=3 FlatVerts=6 SlopeVerts=3090
[+19:57:21.446] VoxelChunk: GenerateAsync (0,-1,3)
[+19:57:21.448] VoxelMesh: Chunk X=-3 Y=-1 Z=-2 FlatVerts=126 SlopeVerts=1146
[+19:57:21.448] VoxelMesh: Chunk X=0 Y=-1 Z=3 FlatVerts=0 SlopeVerts=72
[+19:57:21.448] VoxelChunk: GenerateAsync (3,1,1)
[+19:57:21.450] VoxelMesh: Chunk X=3 Y=1 Z=1 FlatVerts=126 SlopeVerts=1146
[+19:57:21.451] VoxelMesh: Chunk X=2 Y=2 Z=-3 FlatVerts=0 SlopeVerts=0
[+19:57:21.451] VoxelChunk: GenerateAsync (3,-1,3)
[+19:57:21.452] VoxelMesh: Chunk X=3 Y=-1 Z=3 FlatVerts=0 SlopeVerts=0
[+19:57:21.462] VoxelMesh: Chunk X=0 Y=-1 Z=-3 FlatVerts=0 SlopeVerts=5352
[+19:57:21.462] VoxelChunk: GenerateAsync (-2,0,3)
[+19:57:21.464] VoxelMesh: Chunk X=-3 Y=-1 Z=-1 FlatVerts=0 SlopeVerts=0
[+19:57:21.464] VoxelChunk: GenerateAsync (1,0,3)
[+19:57:21.464] VoxelMesh: Chunk X=-2 Y=0 Z=3 FlatVerts=0 SlopeVerts=5352
[+19:57:21.466] VoxelMesh: Chunk X=3 Y=2 Z=-3 FlatVerts=0 SlopeVerts=0
[+19:57:21.466] VoxelMesh: Chunk X=1 Y=0 Z=3 FlatVerts=0 SlopeVerts=0
[+19:57:21.466] VoxelChunk: GenerateAsync (0,1,3)
[+19:57:21.467] VoxelMesh: Chunk X=-2 Y=1 Z=-3 FlatVerts=0 SlopeVerts=0
[+19:57:21.467] VoxelMesh: Chunk X=0 Y=1 Z=3 FlatVerts=0 SlopeVerts=0
[+19:57:21.467] VoxelChunk: GenerateAsync (1,1,3)
[+19:57:21.469] VoxelMesh: Chunk X=1 Y=1 Z=3 FlatVerts=0 SlopeVerts=0
[+19:57:21.477] VoxelMesh: Chunk X=-1 Y=0 Z=-3 FlatVerts=18 SlopeVerts=4662
[+19:57:21.477] VoxelChunk: GenerateAsync (-2,2,3)
[+19:57:21.479] VoxelMesh: Chunk X=3 Y=-1 Z=-3 FlatVerts=1170 SlopeVerts=2454
[+19:57:21.479] VoxelChunk: GenerateAsync (3,0,1)
[+19:57:21.479] VoxelMesh: Chunk X=-2 Y=2 Z=3 FlatVerts=18 SlopeVerts=4662
[+19:57:21.481] VoxelMesh: Chunk X=-2 Y=-1 Z=-3 FlatVerts=0 SlopeVerts=2184
[+19:57:21.481] VoxelMesh: Chunk X=3 Y=0 Z=1 FlatVerts=1170 SlopeVerts=2454
[+19:57:21.481] VoxelChunk: GenerateAsync (2,2,3)
[+19:57:21.482] VoxelMesh: Chunk X=-3 Y=-1 Z=-3 FlatVerts=0 SlopeVerts=1038
[+19:57:21.482] VoxelMesh: Chunk X=2 Y=2 Z=3 FlatVerts=0 SlopeVerts=2184
[+19:57:21.482] VoxelChunk: GenerateAsync (3,2,3)
[+19:57:21.483] VoxelMesh: Chunk X=3 Y=2 Z=3 FlatVerts=0 SlopeVerts=1038
[+19:57:21.494] VoxelMesh: Chunk X=3 Y=-2 Z=-3 FlatVerts=0 SlopeVerts=1026
[+19:57:21.494] VoxelChunk: GenerateAsync (-2,3,3)
[+19:57:21.496] VoxelMesh: Chunk X=-3 Y=3 Z=-3 FlatVerts=660 SlopeVerts=1860
[+19:57:21.496] VoxelChunk: GenerateAsync (0,3,1)
[+19:57:21.496] VoxelMesh: Chunk X=-2 Y=3 Z=3 FlatVerts=0 SlopeVerts=1026
[+19:57:21.496] VoxelMesh: Chunk X=0 Y=3 Z=1 FlatVerts=660 SlopeVerts=1860
[+19:57:21.496] VoxelMesh: Chunk X=3 Y=-1 Z=-1 FlatVerts=12 SlopeVerts=3114
[+19:57:21.496] VoxelChunk: GenerateAsync (2,-3,3)
[+19:57:21.499] VoxelMesh: Chunk X=2 Y=-3 Z=3 FlatVerts=12 SlopeVerts=3114
[+19:57:21.499] VoxelMesh: Chunk X=-3 Y=0 Z=-1 FlatVerts=0 SlopeVerts=4488
[+19:57:21.499] VoxelChunk: GenerateAsync (3,-3,3)
[+19:57:21.501] VoxelMesh: Chunk X=3 Y=-3 Z=3 FlatVerts=0 SlopeVerts=4488
[+19:57:21.510] VoxelMesh: Chunk X=2 Y=-2 Z=-3 FlatVerts=6 SlopeVerts=2718
[+19:57:21.511] VoxelChunk: GenerateAsync (-1,-2,3)
[+19:57:21.512] VoxelMesh: Chunk X=-1 Y=-2 Z=3 FlatVerts=6 SlopeVerts=2718
[+19:57:21.512] VoxelMesh: Chunk X=3 Y=-1 Z=-2 FlatVerts=66 SlopeVerts=4050
[+19:57:21.513] VoxelChunk: GenerateAsync (0,-2,3)
[+19:57:21.515] VoxelMesh: Chunk X=-2 Y=3 Z=-3 FlatVerts=0 SlopeVerts=0
[+19:57:21.515] VoxelMesh: Chunk X=0 Y=-2 Z=3 FlatVerts=66 SlopeVerts=4050
[+19:57:21.515] VoxelChunk: GenerateAsync (3,-2,3)
[+19:57:21.516] VoxelMesh: Chunk X=-1 Y=1 Z=-3 FlatVerts=66 SlopeVerts=4182
[+19:57:21.517] VoxelMesh: Chunk X=3 Y=-2 Z=3 FlatVerts=0 SlopeVerts=0
[+19:57:21.517] VoxelChunk: GenerateAsync (-2,-1,3)
[+19:57:21.519] VoxelMesh: Chunk X=-2 Y=-1 Z=3 FlatVerts=66 SlopeVerts=4182
[+19:57:21.533] VoxelMesh: Chunk X=0 Y=0 Z=0 FlatVerts=2226 SlopeVerts=14814
[+19:57:21.549] VoxelChunk: GenerateAsync (-3,-3,1)
[+19:57:21.550] VoxelMesh: Chunk X=-3 Y=-3 Z=1 FlatVerts=522 SlopeVerts=1476
[+19:57:21.553] VoxelMesh: Chunk X=1 Y=-2 Z=-3 FlatVerts=0 SlopeVerts=4014
[+19:57:21.553] VoxelChunk: GenerateAsync (0,-3,2)
[+19:57:21.555] VoxelMesh: Chunk X=0 Y=-2 Z=-3 FlatVerts=0 SlopeVerts=666
[+19:57:21.556] VoxelChunk: GenerateAsync (1,-3,2)
[+19:57:21.556] VoxelMesh: Chunk X=0 Y=-3 Z=2 FlatVerts=0 SlopeVerts=4014
[+19:57:21.557] VoxelMesh: Chunk X=1 Y=-3 Z=2 FlatVerts=0 SlopeVerts=666
[+19:57:21.557] VoxelMesh: Chunk X=-3 Y=0 Z=-2 FlatVerts=0 SlopeVerts=30
[+19:57:21.557] VoxelChunk: GenerateAsync (2,-3,2)
[+19:57:21.558] VoxelMesh: Chunk X=3 Y=0 Z=-1 FlatVerts=0 SlopeVerts=2658
[+19:57:21.558] VoxelMesh: Chunk X=2 Y=-3 Z=2 FlatVerts=0 SlopeVerts=30
[+19:57:21.559] VoxelChunk: GenerateAsync (3,-3,2)
[+19:57:21.560] VoxelMesh: Chunk X=3 Y=-3 Z=2 FlatVerts=0 SlopeVerts=2658
[+19:57:21.569] VoxelMesh: Chunk X=-1 Y=3 Z=-3 FlatVerts=18 SlopeVerts=2742
[+19:57:21.569] VoxelChunk: GenerateAsync (-3,-2,2)
[+19:57:21.571] VoxelMesh: Chunk X=-3 Y=-2 Z=2 FlatVerts=18 SlopeVerts=2742
[+19:57:21.571] VoxelMesh: Chunk X=-3 Y=1 Z=-1 FlatVerts=0 SlopeVerts=0
[+19:57:21.571] VoxelChunk: GenerateAsync (-3,2,1)
[+19:57:21.573] VoxelMesh: Chunk X=-3 Y=2 Z=1 FlatVerts=0 SlopeVerts=0
[+19:57:21.573] VoxelMesh: Chunk X=-1 Y=-2 Z=-3 FlatVerts=108 SlopeVerts=6228
[+19:57:21.574] VoxelChunk: GenerateAsync (-1,0,3)
[+19:57:21.576] VoxelMesh: Chunk X=-2 Y=-2 Z=-3 FlatVerts=0 SlopeVerts=42
[+19:57:21.576] VoxelChunk: GenerateAsync (0,0,3)
[+19:57:21.576] VoxelMesh: Chunk X=-1 Y=0 Z=3 FlatVerts=108 SlopeVerts=6228
[+19:57:21.577] VoxelMesh: Chunk X=0 Y=0 Z=3 FlatVerts=0 SlopeVerts=42
[+19:57:21.586] VoxelMesh: Chunk X=0 Y=3 Z=-3 FlatVerts=0 SlopeVerts=0
[+19:57:21.586] VoxelChunk: GenerateAsync (2,0,3)
[+19:57:21.588] VoxelMesh: Chunk X=0 Y=1 Z=-3 FlatVerts=0 SlopeVerts=252
[+19:57:21.588] VoxelChunk: GenerateAsync (3,0,3)
[+19:57:21.588] VoxelMesh: Chunk X=2 Y=0 Z=3 FlatVerts=0 SlopeVerts=0
[+19:57:21.590] VoxelMesh: Chunk X=3 Y=0 Z=3 FlatVerts=0 SlopeVerts=252
[+19:57:21.590] VoxelMesh: Chunk X=3 Y=3 Z=-1 FlatVerts=102 SlopeVerts=1170
[+19:57:21.591] VoxelChunk: GenerateAsync (3,-2,2)
[+19:57:21.592] VoxelMesh: Chunk X=0 Y=0 Z=-3 FlatVerts=0 SlopeVerts=0
[+19:57:21.592] VoxelMesh: Chunk X=3 Y=-2 Z=2 FlatVerts=102 SlopeVerts=1170
[+19:57:21.592] VoxelChunk: GenerateAsync (-3,-1,2)
[+19:57:21.594] VoxelMesh: Chunk X=-3 Y=-1 Z=2 FlatVerts=0 SlopeVerts=0
[+19:57:21.601] VoxelMesh: Chunk X=-2 Y=-3 Z=0 FlatVerts=0 SlopeVerts=1170
[+19:57:21.601] VoxelChunk: GenerateAsync (2,1,3)
[+19:57:21.602] VoxelMesh: Chunk X=-1 Y=-3 Z=0 FlatVerts=0 SlopeVerts=2766
[+19:57:21.602] VoxelChunk: GenerateAsync (3,1,3)
[+19:57:21.603] VoxelMesh: Chunk X=2 Y=1 Z=3 FlatVerts=0 SlopeVerts=1170
[+19:57:21.604] VoxelMesh: Chunk X=3 Y=1 Z=3 FlatVerts=0 SlopeVerts=2766
[+19:57:21.604] VoxelMesh: Chunk X=0 Y=-3 Z=0 FlatVerts=0 SlopeVerts=0
[+19:57:21.604] VoxelChunk: GenerateAsync (-1,2,3)
[+19:57:21.606] VoxelMesh: Chunk X=1 Y=-3 Z=0 FlatVerts=1392 SlopeVerts=2544
[+19:57:21.607] VoxelChunk: GenerateAsync (3,-1,1)
[+19:57:21.607] VoxelMesh: Chunk X=-1 Y=2 Z=3 FlatVerts=0 SlopeVerts=0
[+19:57:21.608] VoxelMesh: Chunk X=3 Y=-1 Z=1 FlatVerts=1392 SlopeVerts=2544
[+19:57:21.616] VoxelMesh: Chunk X=2 Y=-3 Z=0 FlatVerts=0 SlopeVerts=0
[+19:57:21.616] VoxelChunk: GenerateAsync (3,2,1)
[+19:57:21.617] VoxelMesh: Chunk X=3 Y=2 Z=1 FlatVerts=0 SlopeVerts=0
[+19:57:21.617] VoxelMesh: Chunk X=-3 Y=-2 Z=-3 FlatVerts=84 SlopeVerts=120
[+19:57:21.619] VoxelChunk: GenerateAsync (3,-1,2)
[+19:57:21.620] VoxelMesh: Chunk X=3 Y=1 Z=-1 FlatVerts=0 SlopeVerts=18
[+19:57:21.621] VoxelChunk: GenerateAsync (-3,0,2)
[+19:57:21.621] VoxelMesh: Chunk X=3 Y=-1 Z=2 FlatVerts=84 SlopeVerts=120
[+19:57:21.622] VoxelMesh: Chunk X=-3 Y=2 Z=-1 FlatVerts=0 SlopeVerts=0
[+19:57:21.622] VoxelChunk: GenerateAsync (-3,3,1)
[+19:57:21.622] VoxelMesh: Chunk X=-3 Y=0 Z=2 FlatVerts=0 SlopeVerts=18
[+19:57:21.623] VoxelMesh: Chunk X=-3 Y=3 Z=1 FlatVerts=0 SlopeVerts=0
[+19:57:21.634] VoxelMesh: Chunk X=0 Y=0 Z=0 FlatVerts=1410 SlopeVerts=21966
[+19:57:21.654] VoxelChunk: GenerateAsync (-2,-3,1)
[+19:57:21.655] VoxelMesh: Chunk X=-2 Y=-3 Z=1 FlatVerts=450 SlopeVerts=5076
[+19:57:21.660] VoxelMesh: Chunk X=1 Y=3 Z=-3 FlatVerts=0 SlopeVerts=0
[+19:57:21.660] VoxelChunk: GenerateAsync (-3,1,1)
[+19:57:21.661] VoxelMesh: Chunk X=3 Y=0 Z=-2 FlatVerts=90 SlopeVerts=372
[+19:57:21.661] VoxelChunk: GenerateAsync (-2,3,1)
[+19:57:21.662] VoxelMesh: Chunk X=-3 Y=1 Z=1 FlatVerts=0 SlopeVerts=0
[+19:57:21.662] VoxelMesh: Chunk X=-2 Y=3 Z=1 FlatVerts=90 SlopeVerts=372
[+19:57:21.663] VoxelMesh: Chunk X=-3 Y=1 Z=-2 FlatVerts=0 SlopeVerts=0
[+19:57:21.663] VoxelChunk: GenerateAsync (-3,0,1)
[+19:57:21.664] VoxelMesh: Chunk X=2 Y=3 Z=-3 FlatVerts=564 SlopeVerts=1836
[+19:57:21.664] VoxelChunk: GenerateAsync (-1,3,1)
[+19:57:21.664] VoxelMesh: Chunk X=-3 Y=0 Z=1 FlatVerts=0 SlopeVerts=0
[+19:57:21.665] VoxelMesh: Chunk X=-1 Y=3 Z=1 FlatVerts=564 SlopeVerts=1836
[+19:57:21.676] VoxelMesh: Chunk X=3 Y=-2 Z=0 FlatVerts=18 SlopeVerts=1110
[+19:57:21.676] VoxelChunk: GenerateAsync (3,0,2)
[+19:57:21.678] VoxelMesh: Chunk X=3 Y=0 Z=2 FlatVerts=18 SlopeVerts=1110
[+19:57:21.678] VoxelMesh: Chunk X=1 Y=1 Z=-3 FlatVerts=0 SlopeVerts=0
[+19:57:21.678] VoxelChunk: GenerateAsync (0,3,3)
[+19:57:21.679] VoxelMesh: Chunk X=3 Y=2 Z=-1 FlatVerts=0 SlopeVerts=0
[+19:57:21.681] VoxelMesh: Chunk X=0 Y=3 Z=3 FlatVerts=0 SlopeVerts=0
[+19:57:21.681] VoxelChunk: GenerateAsync (-1,3,3)
[+19:57:21.681] VoxelMesh: Chunk X=3 Y=-3 Z=-3 FlatVerts=252 SlopeVerts=636
[+19:57:21.681] VoxelChunk: GenerateAsync (1,3,1)
[+19:57:21.682] VoxelMesh: Chunk X=-1 Y=3 Z=3 FlatVerts=0 SlopeVerts=0
[+19:57:21.682] VoxelMesh: Chunk X=1 Y=3 Z=1 FlatVerts=252 SlopeVerts=636
[+19:57:21.695] VoxelMesh: Chunk X=0 Y=0 Z=0 FlatVerts=0 SlopeVerts=0
[+19:57:21.695] VoxelChunk: GenerateAsync (-3,-2,3)
[+19:57:21.698] VoxelMesh: Chunk X=-3 Y=-2 Z=3 FlatVerts=36 SlopeVerts=5958
[+19:57:21.701] VoxelMesh: Chunk X=0 Y=0 Z=0 FlatVerts=8826 SlopeVerts=7482
[+19:57:21.703] VoxelChunk: GenerateAsync (2,3,1)
[+19:57:21.707] VoxelMesh: Chunk X=2 Y=3 Z=1 FlatVerts=0 SlopeVerts=0
[+19:57:21.709] VoxelMesh: Chunk X=0 Y=0 Z=0 FlatVerts=10770 SlopeVerts=2040
[+19:57:21.711] VoxelChunk: GenerateAsync (3,3,1)
[+19:57:21.712] VoxelMesh: Chunk X=3 Y=3 Z=1 FlatVerts=0 SlopeVerts=0
[+19:57:21.717] VoxelMesh: Chunk X=0 Y=0 Z=0 FlatVerts=1044 SlopeVerts=3264
[+19:57:21.718] VoxelChunk: GenerateAsync (3,1,2)
[+19:57:21.720] VoxelMesh: Chunk X=3 Y=1 Z=2 FlatVerts=0 SlopeVerts=2052
[+19:57:21.734] VoxelMesh: Chunk X=3 Y=1 Z=2 FlatVerts=0 SlopeVerts=0
[+19:57:21.734] VoxelChunk: GenerateAsync (-3,2,2)
[+19:57:21.735] VoxelMesh: Chunk X=3 Y=3 Z=1 FlatVerts=120 SlopeVerts=4998
[+19:57:21.735] VoxelMesh: Chunk X=-3 Y=2 Z=2 FlatVerts=0 SlopeVerts=0
[+19:57:21.736] VoxelChunk: GenerateAsync (-3,-3,2)
[+19:57:21.737] VoxelMesh: Chunk X=2 Y=3 Z=1 FlatVerts=0 SlopeVerts=714
[+19:57:21.738] VoxelChunk: GenerateAsync (-3,-1,3)
[+19:57:21.738] VoxelMesh: Chunk X=-3 Y=-3 Z=2 FlatVerts=120 SlopeVerts=4998
[+19:57:21.740] VoxelMesh: Chunk X=-3 Y=-2 Z=3 FlatVerts=0 SlopeVerts=2592
[+19:57:21.740] VoxelMesh: Chunk X=-3 Y=-1 Z=3 FlatVerts=0 SlopeVerts=714
[+19:57:21.740] VoxelChunk: GenerateAsync (-2,-3,2)
[+19:57:21.741] VoxelMesh: Chunk X=-2 Y=-3 Z=2 FlatVerts=0 SlopeVerts=2592
[+19:57:21.754] VoxelMesh: Chunk X=0 Y=0 Z=0 FlatVerts=534 SlopeVerts=23658
[+19:57:21.772] VoxelChunk: GenerateAsync (-1,-3,1)
[+19:57:21.773] VoxelMesh: Chunk X=-1 Y=-3 Z=1 FlatVerts=72 SlopeVerts=3234
[+19:57:21.774] VoxelMesh: Chunk X=-3 Y=-3 Z=-2 FlatVerts=12 SlopeVerts=4242
[+19:57:21.774] VoxelChunk: GenerateAsync (-1,-1,3)
[+19:57:21.775] VoxelMesh: Chunk X=2 Y=1 Z=-3 FlatVerts=0 SlopeVerts=3492
[+19:57:21.777] VoxelChunk: GenerateAsync (-1,-3,2)
[+19:57:21.777] VoxelMesh: Chunk X=-1 Y=-1 Z=3 FlatVerts=12 SlopeVerts=4242
[+19:57:21.778] VoxelMesh: Chunk X=-3 Y=2 Z=0 FlatVerts=0 SlopeVerts=12
[+19:57:21.778] VoxelChunk: GenerateAsync (3,2,2)
[+19:57:21.778] VoxelMesh: Chunk X=-1 Y=-3 Z=2 FlatVerts=0 SlopeVerts=3492
[+19:57:21.779] VoxelMesh: Chunk X=1 Y=0 Z=-3 FlatVerts=6 SlopeVerts=1368
[+19:57:21.779] VoxelChunk: GenerateAsync (-3,3,2)
[+19:57:21.779] VoxelMesh: Chunk X=3 Y=2 Z=2 FlatVerts=0 SlopeVerts=12
[+19:57:21.780] VoxelMesh: Chunk X=-3 Y=3 Z=2 FlatVerts=6 SlopeVerts=1368
[+19:57:21.793] VoxelMesh: Chunk X=-3 Y=0 Z=-3 FlatVerts=1056 SlopeVerts=3390
[+19:57:21.794] VoxelChunk: GenerateAsync (-2,3,2)
[+19:57:21.795] VoxelMesh: Chunk X=2 Y=-1 Z=-3 FlatVerts=1494 SlopeVerts=1200
[+19:57:21.795] VoxelMesh: Chunk X=-2 Y=3 Z=2 FlatVerts=1056 SlopeVerts=3390
[+19:57:21.796] VoxelChunk: GenerateAsync (-1,3,2)
[+19:57:21.797] VoxelMesh: Chunk X=0 Y=-3 Z=-1 FlatVerts=1398 SlopeVerts=1296
[+19:57:21.798] VoxelMesh: Chunk X=-1 Y=3 Z=2 FlatVerts=1494 SlopeVerts=1200
[+19:57:21.798] VoxelChunk: GenerateAsync (0,3,2)
[+19:57:21.799] VoxelMesh: Chunk X=0 Y=3 Z=2 FlatVerts=1398 SlopeVerts=1296
[+19:57:21.799] VoxelMesh: Chunk X=1 Y=-3 Z=-1 FlatVerts=1302 SlopeVerts=2742
[+19:57:21.800] VoxelChunk: GenerateAsync (1,3,2)
[+19:57:21.801] VoxelMesh: Chunk X=1 Y=3 Z=2 FlatVerts=1302 SlopeVerts=2742
[+19:57:21.812] VoxelMesh: Chunk X=-1 Y=-1 Z=-3 FlatVerts=30 SlopeVerts=2148
[+19:57:21.812] VoxelChunk: GenerateAsync (2,3,2)
[+19:57:21.813] VoxelMesh: Chunk X=3 Y=2 Z=0 FlatVerts=246 SlopeVerts=4416
[+19:57:21.813] VoxelMesh: Chunk X=2 Y=3 Z=2 FlatVerts=30 SlopeVerts=2148
[+19:57:21.813] VoxelChunk: GenerateAsync (3,3,2)
[+19:57:21.815] VoxelMesh: Chunk X=3 Y=3 Z=2 FlatVerts=246 SlopeVerts=4416
[+19:57:21.815] VoxelMesh: Chunk X=-3 Y=3 Z=0 FlatVerts=0 SlopeVerts=348
[+19:57:21.815] VoxelChunk: GenerateAsync (-3,-3,3)
[+19:57:21.816] VoxelMesh: Chunk X=-2 Y=3 Z=0 FlatVerts=0 SlopeVerts=0
[+19:57:21.816] VoxelChunk: GenerateAsync (2,3,-4)
[+19:57:21.816] VoxelMesh: Chunk X=-3 Y=-3 Z=3 FlatVerts=0 SlopeVerts=348
[+19:57:21.817] VoxelMesh: Chunk X=2 Y=3 Z=-4 FlatVerts=0 SlopeVerts=0
[+19:57:21.962] VoxelMesh: Chunk X=0 Y=0 Z=0 FlatVerts=84 SlopeVerts=12018
[+19:57:21.970] VoxelChunk: GenerateAsync (0,-3,1)
[+19:57:21.971] VoxelMesh: Chunk X=0 Y=-3 Z=1 FlatVerts=54 SlopeVerts=1068
[+19:57:22.049] VoxelMesh: Chunk X=0 Y=0 Z=0 FlatVerts=48 SlopeVerts=3480
[+19:57:22.052] VoxelChunk: GenerateAsync (1,-3,1)
[+19:57:22.054] VoxelMesh: Chunk X=1 Y=-3 Z=1 FlatVerts=0 SlopeVerts=0
[+19:57:22.153] VoxelMesh: Chunk X=0 Y=0 Z=0 FlatVerts=54 SlopeVerts=4902
[+19:57:22.157] VoxelChunk: GenerateAsync (2,-3,1)
[+19:57:22.158] VoxelMesh: Chunk X=2 Y=-3 Z=1 FlatVerts=0 SlopeVerts=0
[+19:57:22.258] VoxelMesh: Chunk X=0 Y=0 Z=0 FlatVerts=72 SlopeVerts=5850
[+19:57:22.263] VoxelChunk: GenerateAsync (3,-3,1)
[+19:57:22.263] VoxelMesh: Chunk X=3 Y=-3 Z=1 FlatVerts=60 SlopeVerts=318
[+19:57:22.365] VoxelMesh: Chunk X=0 Y=0 Z=0 FlatVerts=1728 SlopeVerts=9846
[+19:57:22.374] VoxelChunk: GenerateAsync (-3,-2,1)
[+19:57:22.375] VoxelMesh: Chunk X=-3 Y=-2 Z=1 FlatVerts=0 SlopeVerts=750
[+19:57:22.466] VoxelMesh: Chunk X=0 Y=0 Z=0 FlatVerts=0 SlopeVerts=0
[+19:57:22.466] VoxelChunk: GenerateAsync (3,-2,-1)
[+19:57:22.469] VoxelMesh: Chunk X=3 Y=-2 Z=-1 FlatVerts=0 SlopeVerts=0
[+19:57:22.566] VoxelMesh: Chunk X=0 Y=0 Z=0 FlatVerts=4008 SlopeVerts=16176
[+19:57:22.584] VoxelChunk: GenerateAsync (-3,-3,0)
[+19:57:22.586] VoxelMesh: Chunk X=-3 Y=-3 Z=0 FlatVerts=0 SlopeVerts=0
[+19:57:22.675] VoxelMesh: Chunk X=0 Y=0 Z=0 FlatVerts=0 SlopeVerts=294
[+19:57:22.676] VoxelChunk: GenerateAsync (-3,1,2)
[+19:57:22.677] VoxelMesh: Chunk X=-3 Y=1 Z=2 FlatVerts=0 SlopeVerts=12
[+19:57:22.783] VoxelMesh: Chunk X=0 Y=0 Z=0 FlatVerts=0 SlopeVerts=0
[+19:57:22.785] VoxelChunk: GenerateAsync (2,3,3)
[+19:57:22.786] VoxelMesh: Chunk X=2 Y=3 Z=3 FlatVerts=0 SlopeVerts=2652
[+19:57:22.890] VoxelMesh: Chunk X=0 Y=0 Z=0 FlatVerts=0 SlopeVerts=0
[+19:57:22.891] VoxelChunk: GenerateAsync (1,3,3)
[+19:57:22.892] VoxelMesh: Chunk X=1 Y=3 Z=3 FlatVerts=0 SlopeVerts=1308
[+19:57:22.991] VoxelMesh: Chunk X=0 Y=0 Z=0 FlatVerts=72 SlopeVerts=9960
[+19:57:22.998] VoxelChunk: GenerateAsync (3,-2,1)
[+19:57:22.998] VoxelMesh: Chunk X=3 Y=-2 Z=1 FlatVerts=1620 SlopeVerts=2238
[+19:57:23.093] VoxelMesh: Chunk X=0 Y=0 Z=0 FlatVerts=312 SlopeVerts=1518
[+19:57:23.095] VoxelChunk: GenerateAsync (-3,-1,1)
[+19:57:23.096] VoxelMesh: Chunk X=-3 Y=-1 Z=1 FlatVerts=0 SlopeVerts=0
[+19:57:23.195] VoxelMesh: Chunk X=0 Y=0 Z=0 FlatVerts=0 SlopeVerts=1572
[+19:57:23.197] VoxelChunk: GenerateAsync (-2,-3,3)
[+19:57:23.198] VoxelMesh: Chunk X=-2 Y=-3 Z=3 FlatVerts=0 SlopeVerts=30
[+19:57:23.299] VoxelMesh: Chunk X=0 Y=0 Z=0 FlatVerts=0 SlopeVerts=0
[+19:57:23.300] VoxelChunk: GenerateAsync (-3,1,3)
[+19:57:23.300] VoxelMesh: Chunk X=-3 Y=1 Z=3 FlatVerts=12 SlopeVerts=2208
[+19:57:23.402] VoxelMesh: Chunk X=0 Y=0 Z=0 FlatVerts=36 SlopeVerts=18618
[+19:57:23.416] VoxelChunk: GenerateAsync (-1,-3,3)
[+19:57:23.417] VoxelMesh: Chunk X=-1 Y=-3 Z=3 FlatVerts=0 SlopeVerts=4332
[+19:57:23.510] VoxelMesh: Chunk X=0 Y=0 Z=0 FlatVerts=0 SlopeVerts=19716
[+19:57:23.525] VoxelChunk: GenerateAsync (1,-1,3)
[+19:57:23.526] VoxelMesh: Chunk X=1 Y=-1 Z=3 FlatVerts=0 SlopeVerts=0
[+19:57:23.608] VoxelMesh: Chunk X=0 Y=0 Z=0 FlatVerts=0 SlopeVerts=0
[+19:57:23.608] VoxelChunk: GenerateAsync (-2,1,3)
[+19:57:23.609] VoxelMesh: Chunk X=-2 Y=1 Z=3 FlatVerts=144 SlopeVerts=7656
[+19:57:23.717] VoxelMesh: Chunk X=0 Y=0 Z=0 FlatVerts=0 SlopeVerts=0
[+19:57:23.717] VoxelChunk: GenerateAsync (0,2,3)
[+19:57:23.719] VoxelMesh: Chunk X=0 Y=2 Z=3 FlatVerts=0 SlopeVerts=0
[+19:57:23.823] VoxelMesh: Chunk X=0 Y=0 Z=0 FlatVerts=156 SlopeVerts=35526
[+19:57:23.849] VoxelChunk: GenerateAsync (0,-3,3)
[+19:57:23.850] VoxelMesh: Chunk X=0 Y=-3 Z=3 FlatVerts=12 SlopeVerts=5172
[+19:57:23.927] VoxelMesh: Chunk X=0 Y=0 Z=0 FlatVerts=72 SlopeVerts=40050
[+19:57:23.955] VoxelChunk: GenerateAsync (1,-2,3)
[+19:57:23.956] VoxelMesh: Chunk X=1 Y=-2 Z=3 FlatVerts=12 SlopeVerts=3810
[+19:57:24.031] VoxelMesh: Chunk X=0 Y=0 Z=0 FlatVerts=18 SlopeVerts=26178
[+19:57:24.049] VoxelChunk: GenerateAsync (2,-1,3)
[+19:57:24.051] VoxelMesh: Chunk X=2 Y=-1 Z=3 FlatVerts=0 SlopeVerts=0
[+19:57:24.136] VoxelMesh: Chunk X=0 Y=0 Z=0 FlatVerts=0 SlopeVerts=0
[+19:57:24.136] VoxelChunk: GenerateAsync (-3,0,3)
[+19:57:24.137] VoxelMesh: Chunk X=-3 Y=0 Z=3 FlatVerts=0 SlopeVerts=1560
[+19:57:24.238] VoxelMesh: Chunk X=0 Y=0 Z=0 FlatVerts=0 SlopeVerts=0
[+19:57:24.238] VoxelChunk: GenerateAsync (-1,1,3)
[+19:57:24.241] VoxelMesh: Chunk X=-1 Y=1 Z=3 FlatVerts=0 SlopeVerts=294
[+19:57:24.361] VoxelMesh: Chunk X=0 Y=0 Z=0 FlatVerts=36 SlopeVerts=834
[+19:57:24.362] VoxelChunk: GenerateAsync (-3,2,3)
[+19:57:24.362] VoxelMesh: Chunk X=-3 Y=2 Z=3 FlatVerts=6 SlopeVerts=912
[+19:57:24.442] VoxelMesh: Chunk X=0 Y=0 Z=0 FlatVerts=0 SlopeVerts=0
[+19:57:24.442] VoxelChunk: GenerateAsync (1,2,3)
[+19:57:24.443] VoxelMesh: Chunk X=1 Y=2 Z=3 FlatVerts=0 SlopeVerts=732
[+19:57:24.545] VoxelMesh: Chunk X=0 Y=0 Z=0 FlatVerts=36 SlopeVerts=1386
[+19:57:24.546] VoxelChunk: GenerateAsync (-3,3,3)
[+19:57:24.548] VoxelMesh: Chunk X=-3 Y=3 Z=3 FlatVerts=60 SlopeVerts=3072
[+19:57:24.654] VoxelMesh: Chunk X=0 Y=0 Z=0 FlatVerts=198 SlopeVerts=39828
[+19:57:24.683] VoxelChunk: GenerateAsync (1,-3,3)
[+19:57:24.684] VoxelMesh: Chunk X=1 Y=-3 Z=3 FlatVerts=0 SlopeVerts=4692
[+19:57:24.755] VoxelMesh: Chunk X=0 Y=0 Z=0 FlatVerts=0 SlopeVerts=588
[+19:57:24.755] VoxelChunk: GenerateAsync (-2,-2,3)
[+19:57:24.757] VoxelMesh: Chunk X=-2 Y=-2 Z=3 FlatVerts=0 SlopeVerts=6270
[+19:57:24.874] VoxelMesh: Chunk X=0 Y=0 Z=0 FlatVerts=24 SlopeVerts=36774
[+19:57:24.900] VoxelChunk: GenerateAsync (2,-2,3)
[+19:57:24.902] VoxelMesh: Chunk X=2 Y=-2 Z=3 FlatVerts=6 SlopeVerts=3090
[+19:57:24.979] VoxelMesh: Chunk X=0 Y=0 Z=0 FlatVerts=0 SlopeVerts=10260
[+19:57:24.985] VoxelChunk: GenerateAsync (0,-1,3)
[+19:57:24.987] VoxelMesh: Chunk X=0 Y=-1 Z=3 FlatVerts=0 SlopeVerts=72
[+19:57:25.082] VoxelMesh: Chunk X=0 Y=0 Z=0 FlatVerts=7380 SlopeVerts=11868
[+19:57:25.100] VoxelChunk: GenerateAsync (3,1,1)
[+19:57:25.102] VoxelMesh: Chunk X=3 Y=1 Z=1 FlatVerts=126 SlopeVerts=1146
[+19:57:25.192] VoxelMesh: Chunk X=0 Y=0 Z=0 FlatVerts=96 SlopeVerts=31746
[+19:57:25.215] VoxelChunk: GenerateAsync (3,-1,3)
[+19:57:25.216] VoxelMesh: Chunk X=3 Y=-1 Z=3 FlatVerts=0 SlopeVerts=0
[+19:57:25.290] VoxelMesh: Chunk X=0 Y=0 Z=0 FlatVerts=0 SlopeVerts=0
[+19:57:25.292] VoxelChunk: GenerateAsync (-2,0,3)
[+19:57:25.293] VoxelMesh: Chunk X=-2 Y=0 Z=3 FlatVerts=0 SlopeVerts=5352
[+19:57:25.397] VoxelMesh: Chunk X=0 Y=0 Z=0 FlatVerts=0 SlopeVerts=2418
[+19:57:25.399] VoxelChunk: GenerateAsync (1,0,3)
[+19:57:25.400] VoxelMesh: Chunk X=1 Y=0 Z=3 FlatVerts=0 SlopeVerts=0
[+19:57:25.506] VoxelMesh: Chunk X=0 Y=0 Z=0 FlatVerts=0 SlopeVerts=0
[+19:57:25.506] VoxelChunk: GenerateAsync (0,1,3)
[+19:57:25.508] VoxelMesh: Chunk X=0 Y=1 Z=3 FlatVerts=0 SlopeVerts=0
[+19:57:25.608] VoxelMesh: Chunk X=0 Y=0 Z=0 FlatVerts=0 SlopeVerts=12
[+19:57:25.610] VoxelChunk: GenerateAsync (1,1,3)
[+19:57:25.611] VoxelMesh: Chunk X=1 Y=1 Z=3 FlatVerts=0 SlopeVerts=0
[+19:57:25.715] VoxelMesh: Chunk X=0 Y=0 Z=0 FlatVerts=0 SlopeVerts=0
[+19:57:25.715] VoxelChunk: GenerateAsync (-2,2,3)
[+19:57:25.717] VoxelMesh: Chunk X=-2 Y=2 Z=3 FlatVerts=18 SlopeVerts=4662
[+19:57:25.822] VoxelMesh: Chunk X=0 Y=0 Z=0 FlatVerts=2850 SlopeVerts=16926
[+19:57:25.838] VoxelChunk: GenerateAsync (3,0,1)
[+19:57:25.839] VoxelMesh: Chunk X=3 Y=0 Z=1 FlatVerts=1170 SlopeVerts=2454
[+19:57:25.930] VoxelMesh: Chunk X=0 Y=0 Z=0 FlatVerts=0 SlopeVerts=0
[+19:57:25.930] VoxelChunk: GenerateAsync (2,2,3)
[+19:57:25.932] VoxelMesh: Chunk X=2 Y=2 Z=3 FlatVerts=0 SlopeVerts=2184
[+19:57:26.037] VoxelMesh: Chunk X=0 Y=0 Z=0 FlatVerts=0 SlopeVerts=0
[+19:57:26.037] VoxelChunk: GenerateAsync (3,2,3)
[+19:57:26.038] VoxelMesh: Chunk X=3 Y=2 Z=3 FlatVerts=0 SlopeVerts=1038
[+19:57:26.142] VoxelMesh: Chunk X=0 Y=0 Z=0 FlatVerts=0 SlopeVerts=0
[+19:57:26.143] VoxelChunk: GenerateAsync (-2,3,3)
[+19:57:26.144] VoxelMesh: Chunk X=-2 Y=3 Z=3 FlatVerts=0 SlopeVerts=1026
[+19:57:26.248] VoxelMesh: Chunk X=0 Y=0 Z=0 FlatVerts=2016 SlopeVerts=6270
[+19:57:26.254] VoxelChunk: GenerateAsync (0,3,1)
[+19:57:26.255] VoxelMesh: Chunk X=0 Y=3 Z=1 FlatVerts=660 SlopeVerts=1860
[+19:57:26.358] VoxelMesh: Chunk X=0 Y=0 Z=0 FlatVerts=132 SlopeVerts=39048
[+19:57:26.388] VoxelChunk: GenerateAsync (2,-3,3)
[+19:57:26.388] VoxelMesh: Chunk X=2 Y=-3 Z=3 FlatVerts=12 SlopeVerts=3114
[+19:57:26.459] VoxelMesh: Chunk X=0 Y=0 Z=0 FlatVerts=96 SlopeVerts=37128
[+19:57:26.487] VoxelChunk: GenerateAsync (3,-3,3)
[+19:57:26.489] VoxelMesh: Chunk X=3 Y=-3 Z=3 FlatVerts=0 SlopeVerts=4488
[+19:57:26.565] VoxelMesh: Chunk X=0 Y=0 Z=0 FlatVerts=0 SlopeVerts=8814
[+19:57:26.571] VoxelChunk: GenerateAsync (-1,-2,3)
[+19:57:26.573] VoxelMesh: Chunk X=-1 Y=-2 Z=3 FlatVerts=6 SlopeVerts=2718
[+19:57:26.673] VoxelMesh: Chunk X=0 Y=0 Z=0 FlatVerts=60 SlopeVerts=29712
[+19:57:26.694] VoxelChunk: GenerateAsync (0,-2,3)
[+19:57:26.695] VoxelMesh: Chunk X=0 Y=-2 Z=3 FlatVerts=66 SlopeVerts=4050
[+19:57:26.772] VoxelMesh: Chunk X=0 Y=0 Z=0 FlatVerts=60 SlopeVerts=35088
[+19:57:26.797] VoxelChunk: GenerateAsync (3,-2,3)
[+19:57:26.798] VoxelMesh: Chunk X=3 Y=-2 Z=3 FlatVerts=0 SlopeVerts=0
[+19:57:26.872] VoxelMesh: Chunk X=0 Y=0 Z=0 FlatVerts=0 SlopeVerts=0
[+19:57:26.873] VoxelChunk: GenerateAsync (-2,-1,3)
[+19:57:26.874] VoxelMesh: Chunk X=-2 Y=-1 Z=3 FlatVerts=66 SlopeVerts=4182
[+19:57:26.973] VoxelMesh: Chunk X=0 Y=0 Z=0 FlatVerts=126 SlopeVerts=33546
[+19:57:26.997] VoxelChunk: GenerateAsync (0,-3,2)
[+19:57:26.998] VoxelMesh: Chunk X=0 Y=-3 Z=2 FlatVerts=0 SlopeVerts=4014
[+19:57:27.073] VoxelMesh: Chunk X=0 Y=0 Z=0 FlatVerts=180 SlopeVerts=22140
[+19:57:27.089] VoxelChunk: GenerateAsync (1,-3,2)
[+19:57:27.090] VoxelMesh: Chunk X=1 Y=-3 Z=2 FlatVerts=0 SlopeVerts=666
[+19:57:27.178] VoxelMesh: Chunk X=0 Y=0 Z=0 FlatVerts=186 SlopeVerts=23634
[+19:57:27.198] VoxelChunk: GenerateAsync (2,-3,2)
[+19:57:27.198] VoxelMesh: Chunk X=2 Y=-3 Z=2 FlatVerts=0 SlopeVerts=30
[+19:57:27.280] VoxelMesh: Chunk X=0 Y=0 Z=0 FlatVerts=156 SlopeVerts=26832
[+19:57:27.298] VoxelChunk: GenerateAsync (3,-3,2)
[+19:57:27.299] VoxelMesh: Chunk X=3 Y=-3 Z=2 FlatVerts=0 SlopeVerts=2658
[+19:57:27.383] VoxelMesh: Chunk X=0 Y=0 Z=0 FlatVerts=48 SlopeVerts=528
[+19:57:27.384] VoxelChunk: GenerateAsync (-3,-2,2)
[+19:57:27.385] VoxelMesh: Chunk X=-3 Y=-2 Z=2 FlatVerts=18 SlopeVerts=2742
[+19:57:27.483] VoxelMesh: Chunk X=0 Y=0 Z=0 FlatVerts=828 SlopeVerts=8406
[+19:57:27.489] VoxelChunk: GenerateAsync (-3,2,1)
[+19:57:27.491] VoxelMesh: Chunk X=-3 Y=2 Z=1 FlatVerts=0 SlopeVerts=0
[+19:57:27.589] VoxelMesh: Chunk X=0 Y=0 Z=0 FlatVerts=0 SlopeVerts=0
[+19:57:27.590] VoxelChunk: GenerateAsync (-1,0,3)
[+19:57:27.591] VoxelMesh: Chunk X=-1 Y=0 Z=3 FlatVerts=108 SlopeVerts=6228
[+19:57:27.692] VoxelMesh: Chunk X=0 Y=0 Z=0 FlatVerts=0 SlopeVerts=108
[+19:57:27.693] VoxelChunk: GenerateAsync (0,0,3)
[+19:57:27.694] VoxelMesh: Chunk X=0 Y=0 Z=3 FlatVerts=0 SlopeVerts=42
[+19:57:27.800] VoxelMesh: Chunk X=0 Y=0 Z=0 FlatVerts=18 SlopeVerts=7752
[+19:57:27.807] VoxelChunk: GenerateAsync (2,0,3)
[+19:57:27.808] VoxelMesh: Chunk X=2 Y=0 Z=3 FlatVerts=0 SlopeVerts=0
[+19:57:27.903] VoxelMesh: Chunk X=0 Y=0 Z=0 FlatVerts=96 SlopeVerts=12786
[+19:57:27.912] VoxelChunk: GenerateAsync (3,0,3)
[+19:57:27.913] VoxelMesh: Chunk X=3 Y=0 Z=3 FlatVerts=0 SlopeVerts=252
[+19:57:28.009] VoxelMesh: Chunk X=0 Y=0 Z=0 FlatVerts=120 SlopeVerts=21294
[+19:57:28.023] VoxelChunk: GenerateAsync (3,-2,2)
[+19:57:28.024] VoxelMesh: Chunk X=3 Y=-2 Z=2 FlatVerts=102 SlopeVerts=1170
[+19:57:28.113] VoxelMesh: Chunk X=0 Y=0 Z=0 FlatVerts=0 SlopeVerts=0
[+19:57:28.113] VoxelChunk: GenerateAsync (-3,-1,2)
[+19:57:28.114] VoxelMesh: Chunk X=-3 Y=-1 Z=2 FlatVerts=0 SlopeVerts=0
[+19:57:28.219] VoxelMesh: Chunk X=0 Y=0 Z=0 FlatVerts=0 SlopeVerts=42
[+19:57:28.220] VoxelChunk: GenerateAsync (2,1,3)
[+19:57:28.221] VoxelMesh: Chunk X=2 Y=1 Z=3 FlatVerts=0 SlopeVerts=1170
[+19:57:28.325] VoxelMesh: Chunk X=0 Y=0 Z=0 FlatVerts=0 SlopeVerts=30
[+19:57:28.325] VoxelChunk: GenerateAsync (3,1,3)
[+19:57:28.326] VoxelMesh: Chunk X=3 Y=1 Z=3 FlatVerts=0 SlopeVerts=2766
[+19:57:28.432] VoxelMesh: Chunk X=0 Y=0 Z=0 FlatVerts=0 SlopeVerts=0
[+19:57:28.433] VoxelChunk: GenerateAsync (-1,2,3)
[+19:57:28.435] VoxelMesh: Chunk X=-1 Y=2 Z=3 FlatVerts=0 SlopeVerts=0
[+19:57:28.538] VoxelMesh: Chunk X=0 Y=0 Z=0 FlatVerts=228 SlopeVerts=13272
[+19:57:28.546] VoxelChunk: GenerateAsync (3,-1,1)
[+19:57:28.547] VoxelMesh: Chunk X=3 Y=-1 Z=1 FlatVerts=1392 SlopeVerts=2544
[+19:57:28.637] VoxelMesh: Chunk X=0 Y=0 Z=0 FlatVerts=10374 SlopeVerts=4788
[+19:57:28.652] VoxelChunk: GenerateAsync (3,2,1)
[+19:57:28.654] VoxelMesh: Chunk X=3 Y=2 Z=1 FlatVerts=0 SlopeVerts=0
[+19:57:28.751] VoxelMesh: Chunk X=0 Y=0 Z=0 FlatVerts=264 SlopeVerts=24228
[+19:57:28.775] VoxelChunk: GenerateAsync (3,-1,2)
[+19:57:28.777] VoxelMesh: Chunk X=3 Y=-1 Z=2 FlatVerts=84 SlopeVerts=120
[+19:57:28.843] VoxelMesh: Chunk X=0 Y=0 Z=0 FlatVerts=0 SlopeVerts=0
[+19:57:28.844] VoxelChunk: GenerateAsync (-3,0,2)
[+19:57:28.845] VoxelMesh: Chunk X=-3 Y=0 Z=2 FlatVerts=0 SlopeVerts=18
[+19:57:28.948] VoxelMesh: Chunk X=0 Y=0 Z=0 FlatVerts=1578 SlopeVerts=13638
[+19:57:28.959] VoxelChunk: GenerateAsync (-3,3,1)
[+19:57:28.961] VoxelMesh: Chunk X=-3 Y=3 Z=1 FlatVerts=0 SlopeVerts=0
[+19:57:29.055] VoxelMesh: Chunk X=0 Y=0 Z=0 FlatVerts=642 SlopeVerts=2130
[+19:57:29.057] VoxelChunk: GenerateAsync (-3,1,1)
[+19:57:29.059] VoxelMesh: Chunk X=-3 Y=1 Z=1 FlatVerts=0 SlopeVerts=0
[+19:57:29.162] VoxelMesh: Chunk X=0 Y=0 Z=0 FlatVerts=1596 SlopeVerts=5688
[+19:57:29.168] VoxelChunk: GenerateAsync (-2,3,1)
[+19:57:29.169] VoxelMesh: Chunk X=-2 Y=3 Z=1 FlatVerts=90 SlopeVerts=372
[+19:57:29.265] VoxelMesh: Chunk X=0 Y=0 Z=0 FlatVerts=0 SlopeVerts=0
[+19:57:29.267] VoxelChunk: GenerateAsync (-3,0,1)
[+19:57:29.268] VoxelMesh: Chunk X=-3 Y=0 Z=1 FlatVerts=0 SlopeVerts=0
[+19:57:29.368] VoxelMesh: Chunk X=0 Y=0 Z=0 FlatVerts=1878 SlopeVerts=3582
[+19:57:29.374] VoxelChunk: GenerateAsync (-1,3,1)
[+19:57:29.375] VoxelMesh: Chunk X=-1 Y=3 Z=1 FlatVerts=564 SlopeVerts=1836
[+19:57:29.480] VoxelMesh: Chunk X=0 Y=0 Z=0 FlatVerts=414 SlopeVerts=18162
[+19:57:29.494] VoxelChunk: GenerateAsync (3,0,2)
[+19:57:29.496] VoxelMesh: Chunk X=3 Y=0 Z=2 FlatVerts=18 SlopeVerts=1110
[+19:57:29.580] VoxelMesh: Chunk X=0 Y=0 Z=0 FlatVerts=0 SlopeVerts=0
[+19:57:29.582] VoxelChunk: GenerateAsync (0,3,3)
[+19:57:29.583] VoxelMesh: Chunk X=0 Y=3 Z=3 FlatVerts=0 SlopeVerts=0
[+19:57:29.682] VoxelMesh: Chunk X=0 Y=0 Z=0 FlatVerts=0 SlopeVerts=0
[+19:57:29.682] VoxelChunk: GenerateAsync (-1,3,3)
[+19:57:29.684] VoxelMesh: Chunk X=-1 Y=3 Z=3 FlatVerts=0 SlopeVerts=0
[+19:57:29.787] VoxelMesh: Chunk X=0 Y=0 Z=0 FlatVerts=3942 SlopeVerts=9798
[+19:57:29.797] VoxelChunk: GenerateAsync (1,3,1)
[+19:57:29.798] VoxelMesh: Chunk X=1 Y=3 Z=1 FlatVerts=252 SlopeVerts=636
[+19:57:29.888] VoxelMesh: Chunk X=0 Y=0 Z=0 FlatVerts=0 SlopeVerts=0
[+19:57:29.888] VoxelChunk: GenerateAsync (-3,-2,3)
[+19:57:29.891] VoxelMesh: Chunk X=-3 Y=-2 Z=3 FlatVerts=36 SlopeVerts=5958
[+19:57:29.989] VoxelMesh: Chunk X=0 Y=0 Z=0 FlatVerts=8826 SlopeVerts=7482
[+19:57:30.005] VoxelChunk: GenerateAsync (2,3,1)
[+19:57:30.006] VoxelMesh: Chunk X=2 Y=3 Z=1 FlatVerts=0 SlopeVerts=0
[+19:57:30.107] VoxelMesh: Chunk X=0 Y=0 Z=0 FlatVerts=10770 SlopeVerts=2040
[+19:57:30.122] VoxelChunk: GenerateAsync (3,3,1)
[+19:57:30.123] VoxelMesh: Chunk X=3 Y=3 Z=1 FlatVerts=0 SlopeVerts=0
[+19:57:30.221] VoxelMesh: Chunk X=0 Y=0 Z=0 FlatVerts=1044 SlopeVerts=3264
[+19:57:30.224] VoxelChunk: GenerateAsync (3,1,2)
[+19:57:30.226] VoxelMesh: Chunk X=3 Y=1 Z=2 FlatVerts=0 SlopeVerts=2052
[+19:57:30.336] VoxelMesh: Chunk X=0 Y=0 Z=0 FlatVerts=54 SlopeVerts=4116
[+19:57:30.340] VoxelChunk: GenerateAsync (-3,2,2)
[+19:57:30.341] VoxelMesh: Chunk X=-3 Y=2 Z=2 FlatVerts=0 SlopeVerts=0
[+19:57:30.431] VoxelMesh: Chunk X=0 Y=0 Z=0 FlatVerts=48 SlopeVerts=1098
[+19:57:30.432] VoxelChunk: GenerateAsync (-3,-3,2)
[+19:57:30.434] VoxelMesh: Chunk X=-3 Y=-3 Z=2 FlatVerts=120 SlopeVerts=4998
[+19:57:30.532] VoxelMesh: Chunk X=0 Y=0 Z=0 FlatVerts=0 SlopeVerts=0
[+19:57:30.533] VoxelChunk: GenerateAsync (-3,-1,3)
[+19:57:30.534] VoxelMesh: Chunk X=-3 Y=-1 Z=3 FlatVerts=0 SlopeVerts=714
[+19:57:30.640] VoxelMesh: Chunk X=0 Y=0 Z=0 FlatVerts=168 SlopeVerts=12966
[+19:57:30.648] VoxelChunk: GenerateAsync (-2,-3,2)
[+19:57:30.650] VoxelMesh: Chunk X=-2 Y=-3 Z=2 FlatVerts=0 SlopeVerts=2592
[+19:57:30.740] VoxelMesh: Chunk X=0 Y=0 Z=0 FlatVerts=0 SlopeVerts=36
[+19:57:30.741] VoxelChunk: GenerateAsync (-1,-1,3)
[+19:57:30.742] VoxelMesh: Chunk X=-1 Y=-1 Z=3 FlatVerts=12 SlopeVerts=4242
[+19:57:30.852] VoxelMesh: Chunk X=0 Y=0 Z=0 FlatVerts=198 SlopeVerts=32742
[+19:57:30.880] VoxelChunk: GenerateAsync (-1,-3,2)
[+19:57:30.881] VoxelMesh: Chunk X=-1 Y=-3 Z=2 FlatVerts=0 SlopeVerts=3492
[+19:57:30.955] VoxelMesh: Chunk X=0 Y=0 Z=0 FlatVerts=3180 SlopeVerts=1362
[+19:57:30.961] VoxelChunk: GenerateAsync (3,2,2)
[+19:57:30.962] VoxelMesh: Chunk X=3 Y=2 Z=2 FlatVerts=0 SlopeVerts=12
[+19:57:31.055] VoxelMesh: Chunk X=0 Y=0 Z=0 FlatVerts=54 SlopeVerts=7170
[+19:57:31.061] VoxelChunk: GenerateAsync (-3,3,2)
[+19:57:31.062] VoxelMesh: Chunk X=-3 Y=3 Z=2 FlatVerts=6 SlopeVerts=1368
[+19:57:31.157] VoxelMesh: Chunk X=0 Y=0 Z=0 FlatVerts=0 SlopeVerts=24
[+19:57:31.158] VoxelChunk: GenerateAsync (-2,3,2)
[+19:57:31.160] VoxelMesh: Chunk X=-2 Y=3 Z=2 FlatVerts=1056 SlopeVerts=3390
[+19:57:31.266] VoxelMesh: Chunk X=0 Y=0 Z=0 FlatVerts=0 SlopeVerts=0
[+19:57:31.267] VoxelChunk: GenerateAsync (-1,3,2)
[+19:57:31.269] VoxelMesh: Chunk X=-1 Y=3 Z=2 FlatVerts=1494 SlopeVerts=1200
[+19:57:31.373] VoxelMesh: Chunk X=0 Y=0 Z=0 FlatVerts=180 SlopeVerts=1428
[+19:57:31.376] VoxelChunk: GenerateAsync (0,3,2)
[+19:57:31.377] VoxelMesh: Chunk X=0 Y=3 Z=2 FlatVerts=1398 SlopeVerts=1296
[+19:57:31.789] VoxelMesh: Chunk X=0 Y=0 Z=0 FlatVerts=1260 SlopeVerts=3678
[+19:57:31.794] VoxelChunk: GenerateAsync (1,3,2)
[+19:57:31.795] VoxelMesh: Chunk X=1 Y=3 Z=2 FlatVerts=1302 SlopeVerts=2742
[+19:57:32.125] VoxelMesh: Chunk X=0 Y=0 Z=0 FlatVerts=2838 SlopeVerts=3324
[+19:57:32.133] VoxelChunk: GenerateAsync (2,3,2)
[+19:57:32.134] VoxelMesh: Chunk X=2 Y=3 Z=2 FlatVerts=30 SlopeVerts=2148
[+19:57:32.457] VoxelMesh: Chunk X=0 Y=0 Z=0 FlatVerts=2334 SlopeVerts=1128
[+19:57:32.462] VoxelChunk: GenerateAsync (3,3,2)
[+19:57:32.463] VoxelMesh: Chunk X=3 Y=3 Z=2 FlatVerts=246 SlopeVerts=4416
[+19:57:32.794] VoxelMesh: Chunk X=0 Y=0 Z=0 FlatVerts=0 SlopeVerts=0
[+19:57:32.795] VoxelChunk: GenerateAsync (-3,-3,3)
[+19:57:32.796] VoxelMesh: Chunk X=-3 Y=-3 Z=3 FlatVerts=0 SlopeVerts=348
[+19:57:33.123] VoxelMesh: Chunk X=0 Y=0 Z=0 FlatVerts=0 SlopeVerts=0
[+19:57:33.123] VoxelChunk: GenerateAsync (2,3,-4)
[+19:57:33.124] VoxelMesh: Chunk X=2 Y=3 Z=-4 FlatVerts=0 SlopeVerts=0
[+19:57:33.457] VoxelMesh: Chunk X=0 Y=0 Z=0 FlatVerts=0 SlopeVerts=0
[+19:57:33.457] VoxelChunk: GenerateAsync (0,-2,-4)
[+19:57:33.458] VoxelMesh: Chunk X=0 Y=-2 Z=-4 FlatVerts=0 SlopeVerts=0
[+19:57:33.790] VoxelMesh: Chunk X=0 Y=0 Z=0 FlatVerts=0 SlopeVerts=0
[+19:57:33.791] VoxelChunk: GenerateAsync (-1,-2,-4)
[+19:57:33.792] VoxelMesh: Chunk X=-1 Y=-2 Z=-4 FlatVerts=0 SlopeVerts=0
[+19:57:33.892] VoxelMesh: Chunk X=0 Y=0 Z=0 FlatVerts=0 SlopeVerts=0
[+19:57:33.892] VoxelChunk: GenerateAsync (-2,2,-4)
[+19:57:33.893] VoxelMesh: Chunk X=-2 Y=2 Z=-4 FlatVerts=0 SlopeVerts=0
[+19:57:33.996] VoxelMesh: Chunk X=0 Y=0 Z=0 FlatVerts=0 SlopeVerts=0
[+19:57:33.997] VoxelChunk: GenerateAsync (-2,-2,-4)
[+19:57:33.998] VoxelMesh: Chunk X=-2 Y=-2 Z=-4 FlatVerts=0 SlopeVerts=0
[+19:57:34.102] VoxelMesh: Chunk X=0 Y=0 Z=0 FlatVerts=0 SlopeVerts=0
[+19:57:34.103] VoxelChunk: GenerateAsync (-3,-2,-4)
[+19:57:34.104] VoxelMesh: Chunk X=-3 Y=-2 Z=-4 FlatVerts=0 SlopeVerts=0
[+19:57:34.206] VoxelMesh: Chunk X=0 Y=0 Z=0 FlatVerts=0 SlopeVerts=0
[+19:57:34.208] VoxelChunk: GenerateAsync (-3,2,-4)
[+19:57:34.208] VoxelMesh: Chunk X=-3 Y=2 Z=-4 FlatVerts=0 SlopeVerts=0
[+19:57:34.310] VoxelMesh: Chunk X=0 Y=0 Z=0 FlatVerts=0 SlopeVerts=0
[+19:57:34.311] VoxelChunk: GenerateAsync (-3,3,-4)
[+19:57:34.312] VoxelMesh: Chunk X=-3 Y=3 Z=-4 FlatVerts=0 SlopeVerts=0
[+19:57:34.417] VoxelMesh: Chunk X=0 Y=0 Z=0 FlatVerts=0 SlopeVerts=0
[+19:57:34.419] VoxelChunk: GenerateAsync (3,-3,-4)
[+19:57:34.420] VoxelMesh: Chunk X=3 Y=-3 Z=-4 FlatVerts=0 SlopeVerts=0
[+19:57:34.525] VoxelMesh: Chunk X=0 Y=0 Z=0 FlatVerts=0 SlopeVerts=0
[+19:57:34.526] VoxelChunk: GenerateAsync (2,-3,-4)
[+19:57:34.527] VoxelMesh: Chunk X=2 Y=-3 Z=-4 FlatVerts=0 SlopeVerts=0
[+19:57:34.630] VoxelMesh: Chunk X=0 Y=0 Z=0 FlatVerts=0 SlopeVerts=0
[+19:57:34.630] VoxelChunk: GenerateAsync (1,-3,-4)
[+19:57:34.632] VoxelMesh: Chunk X=1 Y=-3 Z=-4 FlatVerts=0 SlopeVerts=0
[+19:57:34.736] VoxelMesh: Chunk X=0 Y=0 Z=0 FlatVerts=0 SlopeVerts=0
[+19:57:34.736] VoxelChunk: GenerateAsync (0,-3,-4)
[+19:57:34.738] VoxelMesh: Chunk X=0 Y=-3 Z=-4 FlatVerts=0 SlopeVerts=0
[+19:57:34.844] VoxelMesh: Chunk X=0 Y=0 Z=0 FlatVerts=0 SlopeVerts=0
[+19:57:34.844] VoxelChunk: GenerateAsync (3,1,-4)
[+19:57:34.846] VoxelMesh: Chunk X=3 Y=1 Z=-4 FlatVerts=0 SlopeVerts=0
[+19:57:34.949] VoxelMesh: Chunk X=0 Y=0 Z=0 FlatVerts=0 SlopeVerts=0
[+19:57:34.950] VoxelChunk: GenerateAsync (2,1,-4)
[+19:57:34.950] VoxelMesh: Chunk X=2 Y=1 Z=-4 FlatVerts=0 SlopeVerts=0
[+19:57:35.053] VoxelMesh: Chunk X=0 Y=0 Z=0 FlatVerts=0 SlopeVerts=0
[+19:57:35.054] VoxelChunk: GenerateAsync (3,2,-4)
[+19:57:35.054] VoxelMesh: Chunk X=3 Y=2 Z=-4 FlatVerts=0 SlopeVerts=0
[+19:57:35.157] VoxelMesh: Chunk X=0 Y=0 Z=0 FlatVerts=0 SlopeVerts=0
[+19:57:35.157] VoxelChunk: GenerateAsync (-1,3,-4)
[+19:57:35.158] VoxelMesh: Chunk X=-1 Y=3 Z=-4 FlatVerts=0 SlopeVerts=0
[+19:57:35.260] VoxelMesh: Chunk X=0 Y=0 Z=0 FlatVerts=0 SlopeVerts=0
[+19:57:35.260] VoxelChunk: GenerateAsync (3,0,-4)
[+19:57:35.261] VoxelMesh: Chunk X=3 Y=0 Z=-4 FlatVerts=0 SlopeVerts=0
[+19:57:35.366] VoxelMesh: Chunk X=0 Y=0 Z=0 FlatVerts=0 SlopeVerts=0
[+19:57:35.366] VoxelChunk: GenerateAsync (2,2,-4)
[+19:57:35.367] VoxelMesh: Chunk X=2 Y=2 Z=-4 FlatVerts=0 SlopeVerts=0
[+19:57:35.472] VoxelMesh: Chunk X=0 Y=0 Z=0 FlatVerts=0 SlopeVerts=0
[+19:57:35.472] VoxelChunk: GenerateAsync (2,0,-4)
[+19:57:35.474] VoxelMesh: Chunk X=2 Y=0 Z=-4 FlatVerts=0 SlopeVerts=0
[+19:57:35.577] VoxelMesh: Chunk X=0 Y=0 Z=0 FlatVerts=0 SlopeVerts=0
[+19:57:35.577] VoxelChunk: GenerateAsync (1,0,-4)
[+19:57:35.579] VoxelMesh: Chunk X=1 Y=0 Z=-4 FlatVerts=0 SlopeVerts=0
[+19:57:35.683] VoxelMesh: Chunk X=0 Y=0 Z=0 FlatVerts=0 SlopeVerts=0
[+19:57:35.683] VoxelChunk: GenerateAsync (1,1,-4)
[+19:57:35.685] VoxelMesh: Chunk X=1 Y=1 Z=-4 FlatVerts=0 SlopeVerts=0
[+19:57:35.787] VoxelMesh: Chunk X=0 Y=0 Z=0 FlatVerts=0 SlopeVerts=0
[+19:57:35.787] VoxelChunk: GenerateAsync (0,0,-4)
[+19:57:35.788] VoxelMesh: Chunk X=0 Y=0 Z=-4 FlatVerts=0 SlopeVerts=0
[+19:57:35.893] VoxelMesh: Chunk X=0 Y=0 Z=0 FlatVerts=0 SlopeVerts=0
[+19:57:35.893] VoxelChunk: GenerateAsync (-1,0,-4)
[+19:57:35.895] VoxelMesh: Chunk X=-1 Y=0 Z=-4 FlatVerts=0 SlopeVerts=0
[+19:57:36.001] VoxelMesh: Chunk X=0 Y=0 Z=0 FlatVerts=0 SlopeVerts=0
[+19:57:36.002] VoxelChunk: GenerateAsync (0,1,-4)
[+19:57:36.003] VoxelMesh: Chunk X=0 Y=1 Z=-4 FlatVerts=0 SlopeVerts=0
[+19:57:36.105] VoxelMesh: Chunk X=0 Y=0 Z=0 FlatVerts=0 SlopeVerts=0
[+19:57:36.105] VoxelChunk: GenerateAsync (1,2,-4)
[+19:57:36.107] VoxelMesh: Chunk X=1 Y=2 Z=-4 FlatVerts=0 SlopeVerts=0
[+19:57:36.211] VoxelMesh: Chunk X=0 Y=0 Z=0 FlatVerts=0 SlopeVerts=0
[+19:57:36.212] VoxelChunk: GenerateAsync (-2,3,-4)
[+19:57:36.212] VoxelMesh: Chunk X=-2 Y=3 Z=-4 FlatVerts=0 SlopeVerts=0
[+19:57:36.315] VoxelMesh: Chunk X=0 Y=0 Z=0 FlatVerts=0 SlopeVerts=0
[+19:57:36.316] VoxelChunk: GenerateAsync (1,3,-4)
[+19:57:36.317] VoxelMesh: Chunk X=1 Y=3 Z=-4 FlatVerts=0 SlopeVerts=0
[+19:57:36.420] VoxelMesh: Chunk X=0 Y=0 Z=0 FlatVerts=0 SlopeVerts=0
[+19:57:36.421] VoxelChunk: GenerateAsync (-1,1,-4)
[+19:57:36.422] VoxelMesh: Chunk X=-1 Y=1 Z=-4 FlatVerts=0 SlopeVerts=0
[+19:57:36.528] VoxelMesh: Chunk X=0 Y=0 Z=0 FlatVerts=0 SlopeVerts=0
[+19:57:36.528] VoxelChunk: GenerateAsync (-2,0,-4)
[+19:57:36.529] VoxelMesh: Chunk X=-2 Y=0 Z=-4 FlatVerts=0 SlopeVerts=0
[+19:57:36.627] VoxelMesh: Chunk X=0 Y=0 Z=0 FlatVerts=0 SlopeVerts=0
[+19:57:36.628] VoxelChunk: GenerateAsync (-3,0,-4)
[+19:57:36.628] VoxelMesh: Chunk X=-3 Y=0 Z=-4 FlatVerts=0 SlopeVerts=0
[+19:57:36.733] VoxelMesh: Chunk X=0 Y=0 Z=0 FlatVerts=0 SlopeVerts=0
[+19:57:36.734] VoxelChunk: GenerateAsync (-2,1,-4)
[+19:57:36.735] VoxelMesh: Chunk X=-2 Y=1 Z=-4 FlatVerts=0 SlopeVerts=0
[+19:57:36.838] VoxelMesh: Chunk X=0 Y=0 Z=0 FlatVerts=0 SlopeVerts=0
[+19:57:36.838] VoxelChunk: GenerateAsync (0,2,-4)
[+19:57:36.840] VoxelMesh: Chunk X=0 Y=2 Z=-4 FlatVerts=0 SlopeVerts=0
[+19:57:36.943] VoxelMesh: Chunk X=0 Y=0 Z=0 FlatVerts=0 SlopeVerts=0
[+19:57:36.944] VoxelChunk: GenerateAsync (3,-1,-4)
[+19:57:36.945] VoxelMesh: Chunk X=3 Y=-1 Z=-4 FlatVerts=0 SlopeVerts=0
[+19:57:37.048] VoxelMesh: Chunk X=0 Y=0 Z=0 FlatVerts=0 SlopeVerts=0
[+19:57:37.048] VoxelChunk: GenerateAsync (2,-1,-4)
[+19:57:37.051] VoxelMesh: Chunk X=2 Y=-1 Z=-4 FlatVerts=0 SlopeVerts=0
[+19:57:37.154] VoxelMesh: Chunk X=0 Y=0 Z=0 FlatVerts=0 SlopeVerts=0
[+19:57:37.154] VoxelChunk: GenerateAsync (-3,1,-4)
[+19:57:37.154] VoxelMesh: Chunk X=-3 Y=1 Z=-4 FlatVerts=0 SlopeVerts=0
[+19:57:37.258] VoxelMesh: Chunk X=0 Y=0 Z=0 FlatVerts=0 SlopeVerts=0
[+19:57:37.258] VoxelChunk: GenerateAsync (1,-1,-4)
[+19:57:37.260] VoxelMesh: Chunk X=1 Y=-1 Z=-4 FlatVerts=0 SlopeVerts=0
[+19:57:37.363] VoxelMesh: Chunk X=0 Y=0 Z=0 FlatVerts=0 SlopeVerts=0
[+19:57:37.363] VoxelChunk: GenerateAsync (0,-1,-4)
[+19:57:37.365] VoxelMesh: Chunk X=0 Y=-1 Z=-4 FlatVerts=0 SlopeVerts=0
[+19:57:37.468] VoxelMesh: Chunk X=0 Y=0 Z=0 FlatVerts=0 SlopeVerts=0
[+19:57:37.468] VoxelChunk: GenerateAsync (-1,-1,-4)
[+19:57:37.469] VoxelMesh: Chunk X=-1 Y=-1 Z=-4 FlatVerts=0 SlopeVerts=0
[+19:57:37.572] VoxelMesh: Chunk X=0 Y=0 Z=0 FlatVerts=0 SlopeVerts=0
[+19:57:37.573] VoxelChunk: GenerateAsync (-2,-1,-4)
[+19:57:37.574] VoxelMesh: Chunk X=-2 Y=-1 Z=-4 FlatVerts=0 SlopeVerts=0
[+19:57:37.677] VoxelMesh: Chunk X=0 Y=0 Z=0 FlatVerts=0 SlopeVerts=0
[+19:57:37.678] VoxelChunk: GenerateAsync (-3,-1,-4)
[+19:57:37.678] VoxelMesh: Chunk X=-3 Y=-1 Z=-4 FlatVerts=0 SlopeVerts=0
[+19:57:37.780] VoxelMesh: Chunk X=0 Y=0 Z=0 FlatVerts=0 SlopeVerts=0
[+19:57:37.780] VoxelChunk: GenerateAsync (3,-2,-4)
[+19:57:37.783] VoxelMesh: Chunk X=3 Y=-2 Z=-4 FlatVerts=0 SlopeVerts=0
[+19:57:37.884] VoxelMesh: Chunk X=0 Y=0 Z=0 FlatVerts=0 SlopeVerts=0
[+19:57:37.884] VoxelChunk: GenerateAsync (-1,2,-4)
[+19:57:37.885] VoxelMesh: Chunk X=-1 Y=2 Z=-4 FlatVerts=0 SlopeVerts=0
[+19:57:37.992] VoxelMesh: Chunk X=0 Y=0 Z=0 FlatVerts=0 SlopeVerts=0
[+19:57:37.993] VoxelChunk: GenerateAsync (0,3,-4)
[+19:57:37.994] VoxelMesh: Chunk X=0 Y=3 Z=-4 FlatVerts=0 SlopeVerts=0
[+19:57:38.092] VoxelMesh: Chunk X=0 Y=0 Z=0 FlatVerts=0 SlopeVerts=0
[+19:57:38.092] VoxelChunk: GenerateAsync (3,3,-4)
[+19:57:38.093] VoxelMesh: Chunk X=3 Y=3 Z=-4 FlatVerts=0 SlopeVerts=0
[+19:57:38.197] VoxelMesh: Chunk X=0 Y=0 Z=0 FlatVerts=0 SlopeVerts=0
[+19:57:38.197] VoxelChunk: GenerateAsync (1,-2,-4)
[+19:57:38.198] VoxelMesh: Chunk X=1 Y=-2 Z=-4 FlatVerts=0 SlopeVerts=0
[+19:57:38.302] VoxelMesh: Chunk X=0 Y=0 Z=0 FlatVerts=0 SlopeVerts=0
[+19:57:38.303] VoxelChunk: GenerateAsync (-3,-3,-4)
[+19:57:38.305] VoxelMesh: Chunk X=-3 Y=-3 Z=-4 FlatVerts=0 SlopeVerts=0
[+19:57:38.409] VoxelMesh: Chunk X=0 Y=0 Z=0 FlatVerts=0 SlopeVerts=0
[+19:57:38.410] VoxelChunk: GenerateAsync (-1,-3,-4)
[+19:57:38.411] VoxelMesh: Chunk X=-1 Y=-3 Z=-4 FlatVerts=0 SlopeVerts=0
[+19:57:38.514] VoxelMesh: Chunk X=0 Y=0 Z=0 FlatVerts=0 SlopeVerts=0
[+19:57:38.514] VoxelChunk: GenerateAsync (2,-2,-4)
[+19:57:38.516] VoxelMesh: Chunk X=2 Y=-2 Z=-4 FlatVerts=0 SlopeVerts=0
[+19:57:38.620] VoxelMesh: Chunk X=0 Y=0 Z=0 FlatVerts=0 SlopeVerts=0
[+19:57:38.620] VoxelChunk: GenerateAsync (-2,-3,-4)
[+19:57:38.622] VoxelMesh: Chunk X=-2 Y=-3 Z=-4 FlatVerts=0 SlopeVerts=0
[+19:57:39.010] VoxelMesh: Chunk X=0 Y=0 Z=0 FlatVerts=0 SlopeVerts=0
[+19:57:39.011] VoxelChunk: GenerateAsync (-3,-3,4)
[+19:57:39.017] VoxelMesh: Chunk X=-3 Y=-3 Z=4 FlatVerts=0 SlopeVerts=0
[+19:57:39.336] VoxelMesh: Chunk X=0 Y=0 Z=0 FlatVerts=0 SlopeVerts=0
[+19:57:39.337] VoxelChunk: GenerateAsync (-2,-3,4)
[+19:57:39.338] VoxelMesh: Chunk X=-2 Y=-3 Z=4 FlatVerts=0 SlopeVerts=0
[+19:57:39.670] VoxelMesh: Chunk X=0 Y=0 Z=0 FlatVerts=30 SlopeVerts=4566
[+19:57:39.673] VoxelChunk: GenerateAsync (-1,-3,4)
[+19:57:39.675] VoxelMesh: Chunk X=-1 Y=-3 Z=4 FlatVerts=0 SlopeVerts=2040
[+19:57:40.004] VoxelMesh: Chunk X=0 Y=0 Z=0 FlatVerts=90 SlopeVerts=14202
[+19:57:40.014] VoxelChunk: GenerateAsync (0,-3,4)
[+19:57:40.015] VoxelMesh: Chunk X=0 Y=-3 Z=4 FlatVerts=0 SlopeVerts=4878
[+19:57:40.340] VoxelMesh: Chunk X=0 Y=0 Z=0 FlatVerts=78 SlopeVerts=30096
[+19:57:40.362] VoxelChunk: GenerateAsync (1,-3,4)
[+19:57:40.364] VoxelMesh: Chunk X=1 Y=-3 Z=4 FlatVerts=0 SlopeVerts=7668
[+19:57:40.677] VoxelMesh: Chunk X=0 Y=0 Z=0 FlatVerts=18 SlopeVerts=28116
[+19:57:40.696] VoxelChunk: GenerateAsync (2,-3,4)
[+19:57:40.698] VoxelMesh: Chunk X=2 Y=-3 Z=4 FlatVerts=18 SlopeVerts=7074
[+19:57:41.007] VoxelMesh: Chunk X=0 Y=0 Z=0 FlatVerts=36 SlopeVerts=19440
[+19:57:41.024] VoxelChunk: GenerateAsync (3,-3,4)
[+19:57:41.025] VoxelMesh: Chunk X=3 Y=-3 Z=4 FlatVerts=0 SlopeVerts=2682
[+19:57:41.336] VoxelMesh: Chunk X=0 Y=0 Z=0 FlatVerts=0 SlopeVerts=0
[+19:57:41.337] VoxelChunk: GenerateAsync (-3,-2,4)
[+19:57:41.339] VoxelMesh: Chunk X=-3 Y=-2 Z=4 FlatVerts=24 SlopeVerts=5220
[+19:57:41.672] VoxelMesh: Chunk X=0 Y=0 Z=0 FlatVerts=0 SlopeVerts=0
[+19:57:41.673] VoxelChunk: GenerateAsync (-2,-2,4)
[+19:57:41.674] VoxelMesh: Chunk X=-2 Y=-2 Z=4 FlatVerts=0 SlopeVerts=5532
[+19:57:42.006] VoxelMesh: Chunk X=0 Y=0 Z=0 FlatVerts=0 SlopeVerts=3084
[+19:57:42.009] VoxelChunk: GenerateAsync (-1,-2,4)
[+19:57:42.010] VoxelMesh: Chunk X=-1 Y=-2 Z=4 FlatVerts=0 SlopeVerts=894
[+19:57:42.337] VoxelMesh: Chunk X=0 Y=0 Z=0 FlatVerts=60 SlopeVerts=16818
[+19:57:42.349] VoxelChunk: GenerateAsync (0,-2,4)
[+19:57:42.350] VoxelMesh: Chunk X=0 Y=-2 Z=4 FlatVerts=0 SlopeVerts=1740
[+19:57:42.670] VoxelMesh: Chunk X=0 Y=0 Z=0 FlatVerts=90 SlopeVerts=33162
[+19:57:42.694] VoxelChunk: GenerateAsync (1,-2,4)
[+19:57:42.696] VoxelMesh: Chunk X=1 Y=-2 Z=4 FlatVerts=0 SlopeVerts=1200
[+19:57:43.007] VoxelMesh: Chunk X=0 Y=0 Z=0 FlatVerts=54 SlopeVerts=32040
[+19:57:43.031] VoxelChunk: GenerateAsync (2,-2,4)
[+19:57:43.033] VoxelMesh: Chunk X=2 Y=-2 Z=4 FlatVerts=0 SlopeVerts=246
[+19:57:43.338] VoxelMesh: Chunk X=0 Y=0 Z=0 FlatVerts=66 SlopeVerts=34452
[+19:57:43.362] VoxelChunk: GenerateAsync (3,-2,4)
[+19:57:43.364] VoxelMesh: Chunk X=3 Y=-2 Z=4 FlatVerts=0 SlopeVerts=0
[+19:57:43.667] VoxelMesh: Chunk X=0 Y=0 Z=0 FlatVerts=0 SlopeVerts=0
[+19:57:43.669] VoxelChunk: GenerateAsync (-3,-1,4)
[+19:57:43.669] VoxelMesh: Chunk X=-3 Y=-1 Z=4 FlatVerts=0 SlopeVerts=3618
[+19:57:44.003] VoxelMesh: Chunk X=0 Y=0 Z=0 FlatVerts=0 SlopeVerts=0
[+19:57:44.004] VoxelChunk: GenerateAsync (-2,-1,4)
[+19:57:44.005] VoxelMesh: Chunk X=-2 Y=-1 Z=4 FlatVerts=0 SlopeVerts=2322
[+19:57:44.337] VoxelMesh: Chunk X=0 Y=0 Z=0 FlatVerts=0 SlopeVerts=0
[+19:57:44.337] VoxelChunk: GenerateAsync (-1,-1,4)
[+19:57:44.338] VoxelMesh: Chunk X=-1 Y=-1 Z=4 FlatVerts=0 SlopeVerts=4392
[+19:57:44.672] VoxelMesh: Chunk X=0 Y=0 Z=0 FlatVerts=0 SlopeVerts=5460
[+19:57:44.675] VoxelChunk: GenerateAsync (0,-1,4)
[+19:57:44.677] VoxelMesh: Chunk X=0 Y=-1 Z=4 FlatVerts=0 SlopeVerts=0
[+19:57:45.002] VoxelMesh: Chunk X=0 Y=0 Z=0 FlatVerts=30 SlopeVerts=13686
[+19:57:45.011] VoxelChunk: GenerateAsync (1,-1,4)
[+19:57:45.012] VoxelMesh: Chunk X=1 Y=-1 Z=4 FlatVerts=0 SlopeVerts=0
[+19:57:45.335] VoxelMesh: Chunk X=0 Y=0 Z=0 FlatVerts=54 SlopeVerts=20274
[+19:57:45.350] VoxelChunk: GenerateAsync (2,-1,4)
[+19:57:45.352] VoxelMesh: Chunk X=2 Y=-1 Z=4 FlatVerts=0 SlopeVerts=0
[+19:57:45.675] VoxelMesh: Chunk X=0 Y=0 Z=0 FlatVerts=42 SlopeVerts=28584
[+19:57:45.696] VoxelChunk: GenerateAsync (3,-1,4)
[+19:57:45.697] VoxelMesh: Chunk X=3 Y=-1 Z=4 FlatVerts=0 SlopeVerts=0
[+19:57:46.001] VoxelMesh: Chunk X=0 Y=0 Z=0 FlatVerts=0 SlopeVerts=0
[+19:57:46.001] VoxelChunk: GenerateAsync (-3,0,4)
[+19:57:46.003] VoxelMesh: Chunk X=-3 Y=0 Z=4 FlatVerts=0 SlopeVerts=6954
[+19:57:46.339] VoxelMesh: Chunk X=0 Y=0 Z=0 FlatVerts=0 SlopeVerts=0
[+19:57:46.339] VoxelChunk: GenerateAsync (-2,0,4)
[+19:57:46.341] VoxelMesh: Chunk X=-2 Y=0 Z=4 FlatVerts=0 SlopeVerts=5364
[+19:57:46.674] VoxelMesh: Chunk X=0 Y=0 Z=0 FlatVerts=0 SlopeVerts=0
[+19:57:46.674] VoxelChunk: GenerateAsync (-1,0,4)
[+19:57:46.677] VoxelMesh: Chunk X=-1 Y=0 Z=4 FlatVerts=0 SlopeVerts=1614
[+19:57:47.003] VoxelMesh: Chunk X=0 Y=0 Z=0 FlatVerts=0 SlopeVerts=0
[+19:57:47.003] VoxelChunk: GenerateAsync (0,0,4)
[+19:57:47.005] VoxelMesh: Chunk X=0 Y=0 Z=4 FlatVerts=0 SlopeVerts=0
[+19:57:47.336] VoxelMesh: Chunk X=0 Y=0 Z=0 FlatVerts=0 SlopeVerts=0
[+19:57:47.336] VoxelChunk: GenerateAsync (1,0,4)
[+19:57:47.337] VoxelMesh: Chunk X=1 Y=0 Z=4 FlatVerts=0 SlopeVerts=0
[+19:57:47.675] VoxelMesh: Chunk X=0 Y=0 Z=0 FlatVerts=0 SlopeVerts=1902
[+19:57:47.677] VoxelChunk: GenerateAsync (2,0,4)
[+19:57:47.680] VoxelMesh: Chunk X=2 Y=0 Z=4 FlatVerts=0 SlopeVerts=0
[+19:57:48.004] VoxelMesh: Chunk X=0 Y=0 Z=0 FlatVerts=6 SlopeVerts=5514
[+19:57:48.008] VoxelChunk: GenerateAsync (3,0,4)
[+19:57:48.009] VoxelMesh: Chunk X=3 Y=0 Z=4 FlatVerts=0 SlopeVerts=0
[+19:57:48.336] VoxelMesh: Chunk X=0 Y=0 Z=0 FlatVerts=0 SlopeVerts=0
[+19:57:48.336] VoxelChunk: GenerateAsync (-3,1,4)
[+19:57:48.338] VoxelMesh: Chunk X=-3 Y=1 Z=4 FlatVerts=42 SlopeVerts=7578
[+19:57:48.674] VoxelMesh: Chunk X=0 Y=0 Z=0 FlatVerts=0 SlopeVerts=0
[+19:57:48.674] VoxelChunk: GenerateAsync (-2,1,4)
[+19:57:48.675] VoxelMesh: Chunk X=-2 Y=1 Z=4 FlatVerts=0 SlopeVerts=2238
[+19:57:49.004] VoxelMesh: Chunk X=0 Y=0 Z=0 FlatVerts=0 SlopeVerts=0
[+19:57:49.005] VoxelChunk: GenerateAsync (-1,1,4)
[+19:57:49.006] VoxelMesh: Chunk X=-1 Y=1 Z=4 FlatVerts=0 SlopeVerts=0
[+19:57:49.365] VoxelMesh: Chunk X=0 Y=0 Z=0 FlatVerts=0 SlopeVerts=0
[+19:57:49.365] VoxelChunk: GenerateAsync (0,1,4)
[+19:57:49.367] VoxelMesh: Chunk X=0 Y=1 Z=4 FlatVerts=0 SlopeVerts=0
[+19:57:49.670] VoxelMesh: Chunk X=0 Y=0 Z=0 FlatVerts=0 SlopeVerts=0
[+19:57:49.670] VoxelChunk: GenerateAsync (1,1,4)
[+19:57:49.670] VoxelMesh: Chunk X=1 Y=1 Z=4 FlatVerts=0 SlopeVerts=0
[+19:57:50.003] VoxelMesh: Chunk X=0 Y=0 Z=0 FlatVerts=0 SlopeVerts=0
[+19:57:50.003] VoxelChunk: GenerateAsync (2,1,4)
[+19:57:50.004] VoxelMesh: Chunk X=2 Y=1 Z=4 FlatVerts=0 SlopeVerts=300
[+19:57:50.337] VoxelMesh: Chunk X=0 Y=0 Z=0 FlatVerts=0 SlopeVerts=0
[+19:57:50.337] VoxelChunk: GenerateAsync (3,1,4)
[+19:57:50.338] VoxelMesh: Chunk X=3 Y=1 Z=4 FlatVerts=186 SlopeVerts=3120
[+19:57:50.686] VoxelMesh: Chunk X=0 Y=0 Z=0 FlatVerts=0 SlopeVerts=0
[+19:57:50.686] VoxelChunk: GenerateAsync (-3,2,4)
[+19:57:50.689] VoxelMesh: Chunk X=-3 Y=2 Z=4 FlatVerts=90 SlopeVerts=6582
[+19:57:51.008] VoxelMesh: Chunk X=0 Y=0 Z=0 FlatVerts=0 SlopeVerts=0
[+19:57:51.008] VoxelChunk: GenerateAsync (-2,2,4)
[+19:57:51.009] VoxelMesh: Chunk X=-2 Y=2 Z=4 FlatVerts=54 SlopeVerts=1302
[+19:57:52.538] VoxelMesh: Chunk X=0 Y=0 Z=0 FlatVerts=0 SlopeVerts=0
[+19:57:52.539] VoxelChunk: GenerateAsync (-1,2,4)
[+19:57:52.541] VoxelMesh: Chunk X=-1 Y=2 Z=4 FlatVerts=0 SlopeVerts=0
