=== FIRSTVOXEL SESSION [2026.03.16-19.51.01] ===
[+19:51:01.407] FirstVoxel module started.
[+19:51:09.613] VoxelWorld: GenerateWorldDeferred started.
[+19:51:36.703] VoxelWorld: Queued 441 chunks.
[+19:51:36.857] VoxelMesh: Chunk X=0 Y=0 Z=0 FlatVerts=5988 SlopeVerts=10350
[+19:51:36.875] VoxelChunk: GenerateAsync (0,0,0)
[+19:51:36.876] VoxelMesh: Chunk X=0 Y=0 Z=0 FlatVerts=144 SlopeVerts=132
[+19:51:36.951] VoxelMesh: Chunk X=0 Y=0 Z=0 FlatVerts=3600 SlopeVerts=13656
[+19:51:36.979] VoxelChunk: GenerateAsync (1,0,0)
[+19:51:36.980] VoxelMesh: Chunk X=1 Y=0 Z=0 FlatVerts=2484 SlopeVerts=174
[+19:51:37.034] VoxelMesh: Chunk X=0 Y=0 Z=0 FlatVerts=1476 SlopeVerts=876
[+19:51:37.037] VoxelChunk: GenerateAsync (0,-1,-1)
[+19:51:37.039] VoxelMesh: Chunk X=0 Y=-1 Z=-1 FlatVerts=0 SlopeVerts=0
[+19:51:37.135] VoxelMesh: Chunk X=0 Y=0 Z=0 FlatVerts=156 SlopeVerts=96
[+19:51:37.137] VoxelChunk: GenerateAsync (1,-1,-1)
[+19:51:37.137] VoxelMesh: Chunk X=1 Y=-1 Z=-1 FlatVerts=0 SlopeVerts=0
[+19:51:37.239] VoxelMesh: Chunk X=0 Y=0 Z=0 FlatVerts=4920 SlopeVerts=1614
[+19:51:37.247] VoxelChunk: GenerateAsync (-1,-1,-1)
[+19:51:37.249] VoxelMesh: Chunk X=-1 Y=-1 Z=-1 FlatVerts=0 SlopeVerts=0
[+19:51:37.345] VoxelMesh: Chunk X=0 Y=0 Z=0 FlatVerts=9000 SlopeVerts=2982
[+19:51:37.358] VoxelChunk: GenerateAsync (-1,0,0)
[+19:51:37.359] VoxelMesh: Chunk X=-1 Y=0 Z=0 FlatVerts=0 SlopeVerts=0
[+19:51:37.443] VoxelMesh: Chunk X=0 Y=0 Z=0 FlatVerts=8106 SlopeVerts=6354
[+19:51:37.458] VoxelChunk: GenerateAsync (1,1,0)
[+19:51:37.458] VoxelMesh: Chunk X=1 Y=1 Z=0 FlatVerts=2514 SlopeVerts=0
[+19:51:37.547] VoxelMesh: Chunk X=0 Y=0 Z=0 FlatVerts=900 SlopeVerts=11400
[+19:51:37.554] VoxelChunk: GenerateAsync (1,-1,0)
[+19:51:37.554] VoxelMesh: Chunk X=1 Y=-1 Z=0 FlatVerts=84 SlopeVerts=42
[+19:51:37.648] VoxelMesh: Chunk X=0 Y=0 Z=0 FlatVerts=0 SlopeVerts=0
[+19:51:37.648] VoxelChunk: GenerateAsync (-1,1,1)
[+19:51:37.650] VoxelMesh: Chunk X=-1 Y=1 Z=1 FlatVerts=24 SlopeVerts=3072
[+19:51:37.753] VoxelMesh: Chunk X=0 Y=0 Z=0 FlatVerts=9804 SlopeVerts=2352
[+19:51:37.768] VoxelChunk: GenerateAsync (0,1,0)
[+19:51:37.768] VoxelMesh: Chunk X=0 Y=1 Z=0 FlatVerts=1788 SlopeVerts=318
[+19:51:37.859] VoxelMesh: Chunk X=0 Y=0 Z=0 FlatVerts=9636 SlopeVerts=678
[+19:51:37.872] VoxelChunk: GenerateAsync (0,1,-1)
[+19:51:37.874] VoxelMesh: Chunk X=0 Y=1 Z=-1 FlatVerts=0 SlopeVerts=0
[+19:51:37.964] VoxelMesh: Chunk X=0 Y=0 Z=0 FlatVerts=6012 SlopeVerts=9102
[+19:51:37.980] VoxelChunk: GenerateAsync (-1,-1,0)
[+19:51:37.981] VoxelMesh: Chunk X=-1 Y=-1 Z=0 FlatVerts=0 SlopeVerts=0
[+19:51:38.064] VoxelMesh: Chunk X=0 Y=0 Z=0 FlatVerts=8916 SlopeVerts=882
[+19:51:38.076] VoxelChunk: GenerateAsync (-1,0,-1)
[+19:51:38.078] VoxelMesh: Chunk X=-1 Y=0 Z=-1 FlatVerts=0 SlopeVerts=0
[+19:51:38.173] VoxelMesh: Chunk X=0 Y=0 Z=0 FlatVerts=1608 SlopeVerts=20910
[+19:51:38.191] VoxelChunk: GenerateAsync (1,0,1)
[+19:51:38.192] VoxelMesh: Chunk X=1 Y=0 Z=1 FlatVerts=138 SlopeVerts=186
[+19:51:38.278] VoxelMesh: Chunk X=0 Y=0 Z=0 FlatVerts=648 SlopeVerts=25776
[+19:51:38.296] VoxelChunk: GenerateAsync (1,-1,1)
[+19:51:38.298] VoxelMesh: Chunk X=1 Y=-1 Z=1 FlatVerts=1296 SlopeVerts=2550
[+19:51:38.379] VoxelMesh: Chunk X=0 Y=0 Z=0 FlatVerts=10458 SlopeVerts=30
[+19:51:38.391] VoxelChunk: GenerateAsync (-1,1,0)
[+19:51:38.392] VoxelMesh: Chunk X=-1 Y=1 Z=0 FlatVerts=156 SlopeVerts=264
[+19:51:38.486] VoxelMesh: Chunk X=0 Y=0 Z=0 FlatVerts=2346 SlopeVerts=13482
[+19:51:38.498] VoxelChunk: GenerateAsync (0,-1,0)
[+19:51:38.500] VoxelMesh: Chunk X=0 Y=-1 Z=0 FlatVerts=0 SlopeVerts=0
[+19:51:38.593] VoxelMesh: Chunk X=0 Y=0 Z=0 FlatVerts=10458 SlopeVerts=30
[+19:51:38.606] VoxelChunk: GenerateAsync (-1,1,-1)
[+19:51:38.608] VoxelMesh: Chunk X=-1 Y=1 Z=-1 FlatVerts=0 SlopeVerts=0
[+19:51:38.700] VoxelMesh: Chunk X=0 Y=0 Z=0 FlatVerts=5424 SlopeVerts=1548
[+19:51:38.709] VoxelChunk: GenerateAsync (0,0,-1)
[+19:51:38.709] VoxelMesh: Chunk X=0 Y=0 Z=-1 FlatVerts=0 SlopeVerts=0
[+19:51:38.802] VoxelMesh: Chunk X=0 Y=0 Z=0 FlatVerts=7056 SlopeVerts=1260
[+19:51:38.811] VoxelChunk: GenerateAsync (1,1,-1)
[+19:51:38.812] VoxelMesh: Chunk X=1 Y=1 Z=-1 FlatVerts=0 SlopeVerts=0
[+19:51:38.905] VoxelMesh: Chunk X=0 Y=0 Z=0 FlatVerts=1836 SlopeVerts=1032
[+19:51:38.908] VoxelChunk: GenerateAsync (1,0,-1)
[+19:51:38.908] VoxelMesh: Chunk X=1 Y=0 Z=-1 FlatVerts=0 SlopeVerts=0
[+19:51:39.014] VoxelMesh: Chunk X=0 Y=0 Z=0 FlatVerts=990 SlopeVerts=5526
[+19:51:39.019] VoxelChunk: GenerateAsync (1,1,1)
[+19:51:39.020] VoxelMesh: Chunk X=1 Y=1 Z=1 FlatVerts=0 SlopeVerts=0
[+19:51:39.116] VoxelMesh: Chunk X=0 Y=0 Z=0 FlatVerts=144 SlopeVerts=1698
[+19:51:39.117] VoxelChunk: GenerateAsync (0,1,1)
[+19:51:39.120] VoxelMesh: Chunk X=0 Y=1 Z=1 FlatVerts=222 SlopeVerts=600
[+19:51:39.224] VoxelMesh: Chunk X=0 Y=0 Z=0 FlatVerts=456 SlopeVerts=10890
[+19:51:39.233] VoxelChunk: GenerateAsync (0,0,1)
[+19:51:39.234] VoxelMesh: Chunk X=0 Y=0 Z=1 FlatVerts=690 SlopeVerts=3588
[+19:51:39.326] VoxelMesh: Chunk X=0 Y=0 Z=0 FlatVerts=54 SlopeVerts=2202
[+19:51:39.328] VoxelChunk: GenerateAsync (-1,0,1)
[+19:51:39.329] VoxelMesh: Chunk X=-1 Y=0 Z=1 FlatVerts=0 SlopeVerts=84
[+19:51:39.434] VoxelMesh: Chunk X=0 Y=0 Z=0 FlatVerts=792 SlopeVerts=22026
[+19:51:39.452] VoxelChunk: GenerateAsync (0,-1,1)
[+19:51:39.452] VoxelMesh: Chunk X=0 Y=-1 Z=1 FlatVerts=36 SlopeVerts=2340
[+19:51:39.535] VoxelMesh: Chunk X=0 Y=0 Z=0 FlatVerts=1050 SlopeVerts=10668
[+19:51:39.543] VoxelChunk: GenerateAsync (-1,-1,1)
[+19:51:39.545] VoxelMesh: Chunk X=-1 Y=-1 Z=1 FlatVerts=0 SlopeVerts=0
[+19:51:39.641] VoxelMesh: Chunk X=0 Y=0 Z=0 FlatVerts=6 SlopeVerts=15186
[+19:51:39.651] VoxelChunk: GenerateAsync (0,-1,2)
[+19:51:39.652] VoxelMesh: Chunk X=0 Y=-1 Z=2 FlatVerts=396 SlopeVerts=3870
[+19:51:39.743] VoxelMesh: Chunk X=0 Y=0 Z=0 FlatVerts=6 SlopeVerts=3168
[+19:51:39.745] VoxelChunk: GenerateAsync (-1,-1,2)
[+19:51:39.746] VoxelMesh: Chunk X=-1 Y=-1 Z=2 FlatVerts=90 SlopeVerts=1260
[+19:51:39.852] VoxelMesh: Chunk X=0 Y=0 Z=0 FlatVerts=0 SlopeVerts=0
[+19:51:39.853] VoxelChunk: GenerateAsync (-2,1,2)
[+19:51:39.853] VoxelMesh: Chunk X=-2 Y=1 Z=2 FlatVerts=30 SlopeVerts=1836
[+19:51:39.954] VoxelMesh: Chunk X=0 Y=0 Z=0 FlatVerts=0 SlopeVerts=0
[+19:51:39.954] VoxelChunk: GenerateAsync (-2,-1,2)
[+19:51:39.955] VoxelMesh: Chunk X=-2 Y=-1 Z=2 FlatVerts=204 SlopeVerts=2970
[+19:51:40.059] VoxelMesh: Chunk X=0 Y=0 Z=0 FlatVerts=78 SlopeVerts=26808
[+19:51:40.078] VoxelChunk: GenerateAsync (2,-2,2)
[+19:51:40.080] VoxelMesh: Chunk X=2 Y=-2 Z=2 FlatVerts=0 SlopeVerts=3672
[+19:51:40.162] VoxelMesh: Chunk X=0 Y=0 Z=0 FlatVerts=270 SlopeVerts=19860
[+19:51:40.178] VoxelChunk: GenerateAsync (2,0,2)
[+19:51:40.178] VoxelMesh: Chunk X=2 Y=0 Z=2 FlatVerts=0 SlopeVerts=0
[+19:51:40.266] VoxelMesh: Chunk X=0 Y=0 Z=0 FlatVerts=252 SlopeVerts=2622
[+19:51:40.269] VoxelChunk: GenerateAsync (2,1,2)
[+19:51:40.270] VoxelMesh: Chunk X=2 Y=1 Z=2 FlatVerts=0 SlopeVerts=1722
[+19:51:40.367] VoxelMesh: Chunk X=0 Y=0 Z=0 FlatVerts=18 SlopeVerts=25014
[+19:51:40.386] VoxelChunk: GenerateAsync (1,-2,2)
[+19:51:40.388] VoxelMesh: Chunk X=1 Y=-2 Z=2 FlatVerts=168 SlopeVerts=3174
[+19:51:40.470] VoxelMesh: Chunk X=0 Y=0 Z=0 FlatVerts=36 SlopeVerts=26808
[+19:51:40.490] VoxelChunk: GenerateAsync (0,-2,2)
[+19:51:40.491] VoxelMesh: Chunk X=0 Y=-2 Z=2 FlatVerts=96 SlopeVerts=2754
[+19:51:40.574] VoxelMesh: Chunk X=0 Y=0 Z=0 FlatVerts=0 SlopeVerts=0
[+19:51:40.574] VoxelChunk: GenerateAsync (-2,1,1)
[+19:51:40.576] VoxelMesh: Chunk X=-2 Y=1 Z=1 FlatVerts=0 SlopeVerts=0
[+19:51:40.679] VoxelMesh: Chunk X=0 Y=0 Z=0 FlatVerts=1734 SlopeVerts=24360
[+19:51:40.698] VoxelChunk: GenerateAsync (2,0,1)
[+19:51:40.700] VoxelMesh: Chunk X=2 Y=0 Z=1 FlatVerts=0 SlopeVerts=0
[+19:51:40.781] VoxelMesh: Chunk X=0 Y=0 Z=0 FlatVerts=0 SlopeVerts=10548
[+19:51:40.787] VoxelChunk: GenerateAsync (1,0,2)
[+19:51:40.788] VoxelMesh: Chunk X=1 Y=0 Z=2 FlatVerts=0 SlopeVerts=0
[+19:51:40.886] VoxelMesh: Chunk X=0 Y=0 Z=0 FlatVerts=48 SlopeVerts=16752
[+19:51:40.898] VoxelChunk: GenerateAsync (-1,-2,2)
[+19:51:40.900] VoxelMesh: Chunk X=-1 Y=-2 Z=2 FlatVerts=198 SlopeVerts=5094
[+19:51:40.992] VoxelMesh: Chunk X=0 Y=0 Z=0 FlatVerts=18 SlopeVerts=4860
[+19:51:40.995] VoxelChunk: GenerateAsync (-2,-2,2)
[+19:51:40.996] VoxelMesh: Chunk X=-2 Y=-2 Z=2 FlatVerts=0 SlopeVerts=2334
[+19:51:41.093] VoxelMesh: Chunk X=0 Y=0 Z=0 FlatVerts=0 SlopeVerts=0
[+19:51:41.093] VoxelChunk: GenerateAsync (-2,0,1)
[+19:51:41.094] VoxelMesh: Chunk X=-2 Y=0 Z=1 FlatVerts=0 SlopeVerts=0
[+19:51:41.200] VoxelMesh: Chunk X=0 Y=0 Z=0 FlatVerts=636 SlopeVerts=23826
[+19:51:41.218] VoxelChunk: GenerateAsync (2,-1,1)
[+19:51:41.220] VoxelMesh: Chunk X=2 Y=-1 Z=1 FlatVerts=108 SlopeVerts=1128
[+19:51:41.304] VoxelMesh: Chunk X=0 Y=0 Z=0 FlatVerts=0 SlopeVerts=2088
[+19:51:41.305] VoxelChunk: GenerateAsync (0,0,2)
[+19:51:41.308] VoxelMesh: Chunk X=0 Y=0 Z=2 FlatVerts=0 SlopeVerts=930
[+19:51:41.409] VoxelMesh: Chunk X=0 Y=0 Z=0 FlatVerts=0 SlopeVerts=384
[+19:51:41.409] VoxelChunk: GenerateAsync (1,1,2)
[+19:51:41.410] VoxelMesh: Chunk X=1 Y=1 Z=2 FlatVerts=0 SlopeVerts=0
[+19:51:41.508] VoxelMesh: Chunk X=0 Y=0 Z=0 FlatVerts=0 SlopeVerts=0
[+19:51:41.509] VoxelChunk: GenerateAsync (-1,2,2)
[+19:51:41.511] VoxelMesh: Chunk X=-1 Y=2 Z=2 FlatVerts=0 SlopeVerts=114
[+19:51:41.615] VoxelMesh: Chunk X=0 Y=0 Z=0 FlatVerts=588 SlopeVerts=1656
[+19:51:41.617] VoxelChunk: GenerateAsync (-2,-1,1)
[+19:51:41.618] VoxelMesh: Chunk X=-2 Y=-1 Z=1 FlatVerts=0 SlopeVerts=0
[+19:51:41.715] VoxelMesh: Chunk X=0 Y=0 Z=0 FlatVerts=126 SlopeVerts=13854
[+19:51:41.724] VoxelChunk: GenerateAsync (2,-2,1)
[+19:51:41.725] VoxelMesh: Chunk X=2 Y=-2 Z=1 FlatVerts=228 SlopeVerts=2958
[+19:51:41.823] VoxelMesh: Chunk X=0 Y=0 Z=0 FlatVerts=5688 SlopeVerts=6942
[+19:51:41.835] VoxelChunk: GenerateAsync (2,2,1)
[+19:51:41.837] VoxelMesh: Chunk X=2 Y=2 Z=1 FlatVerts=0 SlopeVerts=672
[+19:51:41.929] VoxelMesh: Chunk X=0 Y=0 Z=0 FlatVerts=1248 SlopeVerts=3060
[+19:51:41.932] VoxelChunk: GenerateAsync (1,2,1)
[+19:51:41.933] VoxelMesh: Chunk X=1 Y=2 Z=1 FlatVerts=132 SlopeVerts=2694
[+19:51:42.036] VoxelMesh: Chunk X=0 Y=0 Z=0 FlatVerts=0 SlopeVerts=72
[+19:51:42.036] VoxelChunk: GenerateAsync (-1,0,2)
[+19:51:42.037] VoxelMesh: Chunk X=-1 Y=0 Z=2 FlatVerts=36 SlopeVerts=2820
[+19:51:42.141] VoxelMesh: Chunk X=0 Y=0 Z=0 FlatVerts=6 SlopeVerts=420
[+19:51:42.142] VoxelChunk: GenerateAsync (0,2,1)
[+19:51:42.143] VoxelMesh: Chunk X=0 Y=2 Z=1 FlatVerts=1284 SlopeVerts=0
[+19:51:42.241] VoxelMesh: Chunk X=0 Y=0 Z=0 FlatVerts=0 SlopeVerts=0
[+19:51:42.241] VoxelChunk: GenerateAsync (-1,2,1)
[+19:51:42.243] VoxelMesh: Chunk X=-1 Y=2 Z=1 FlatVerts=798 SlopeVerts=1308
[+19:51:42.348] VoxelMesh: Chunk X=0 Y=0 Z=0 FlatVerts=0 SlopeVerts=0
[+19:51:42.348] VoxelChunk: GenerateAsync (-2,0,2)
[+19:51:42.349] VoxelMesh: Chunk X=-2 Y=0 Z=2 FlatVerts=108 SlopeVerts=2652
[+19:51:42.455] VoxelMesh: Chunk X=0 Y=0 Z=0 FlatVerts=0 SlopeVerts=0
[+19:51:42.455] VoxelChunk: GenerateAsync (0,1,2)
[+19:51:42.456] VoxelMesh: Chunk X=0 Y=1 Z=2 FlatVerts=0 SlopeVerts=0
[+19:51:42.562] VoxelMesh: Chunk X=0 Y=0 Z=0 FlatVerts=1890 SlopeVerts=1116
[+19:51:42.565] VoxelChunk: GenerateAsync (2,2,2)
[+19:51:42.566] VoxelMesh: Chunk X=2 Y=2 Z=2 FlatVerts=0 SlopeVerts=1560
[+19:51:42.666] VoxelMesh: Chunk X=0 Y=0 Z=0 FlatVerts=204 SlopeVerts=30864
[+19:51:42.688] VoxelChunk: GenerateAsync (2,-1,2)
[+19:51:42.690] VoxelMesh: Chunk X=2 Y=-1 Z=2 FlatVerts=0 SlopeVerts=0
[+19:51:42.771] VoxelMesh: Chunk X=0 Y=0 Z=0 FlatVerts=0 SlopeVerts=25506
[+19:51:42.788] VoxelChunk: GenerateAsync (1,-1,2)
[+19:51:42.791] VoxelMesh: Chunk X=1 Y=-1 Z=2 FlatVerts=24 SlopeVerts=306
[+19:51:42.871] VoxelMesh: Chunk X=0 Y=0 Z=0 FlatVerts=0 SlopeVerts=0
[+19:51:42.871] VoxelChunk: GenerateAsync (-1,1,2)
[+19:51:42.874] VoxelMesh: Chunk X=-1 Y=1 Z=2 FlatVerts=78 SlopeVerts=4026
[+19:51:42.979] VoxelMesh: Chunk X=0 Y=0 Z=0 FlatVerts=0 SlopeVerts=0
[+19:51:42.979] VoxelChunk: GenerateAsync (-2,2,2)
[+19:51:42.980] VoxelMesh: Chunk X=-2 Y=2 Z=2 FlatVerts=0 SlopeVerts=2922
[+19:51:43.087] VoxelMesh: Chunk X=0 Y=0 Z=0 FlatVerts=0 SlopeVerts=0
[+19:51:43.087] VoxelChunk: GenerateAsync (0,2,2)
[+19:51:43.088] VoxelMesh: Chunk X=0 Y=2 Z=2 FlatVerts=0 SlopeVerts=0
[+19:51:43.194] VoxelMesh: Chunk X=0 Y=0 Z=0 FlatVerts=0 SlopeVerts=6
[+19:51:43.194] VoxelChunk: GenerateAsync (1,2,2)
[+19:51:43.195] VoxelMesh: Chunk X=1 Y=2 Z=2 FlatVerts=0 SlopeVerts=1476
[+19:51:43.299] VoxelMesh: Chunk X=0 Y=0 Z=0 FlatVerts=60 SlopeVerts=936
[+19:51:43.300] VoxelChunk: GenerateAsync (-2,2,1)
[+19:51:43.301] VoxelMesh: Chunk X=-2 Y=2 Z=1 FlatVerts=0 SlopeVerts=1896
[+19:51:43.406] VoxelMesh: Chunk X=0 Y=0 Z=0 FlatVerts=2706 SlopeVerts=12882
[+19:51:43.418] VoxelChunk: GenerateAsync (2,1,1)
[+19:51:43.419] VoxelMesh: Chunk X=2 Y=1 Z=1 FlatVerts=0 SlopeVerts=2430
[+19:51:43.507] VoxelMesh: Chunk X=0 Y=0 Z=0 FlatVerts=0 SlopeVerts=0
[+19:51:43.507] VoxelChunk: GenerateAsync (-1,1,-2)
[+19:51:43.509] VoxelMesh: Chunk X=-1 Y=1 Z=-2 FlatVerts=0 SlopeVerts=0
[+19:51:43.612] VoxelMesh: Chunk X=0 Y=0 Z=0 FlatVerts=0 SlopeVerts=0
[+19:51:43.612] VoxelChunk: GenerateAsync (2,-2,-1)
[+19:51:43.613] VoxelMesh: Chunk X=2 Y=-2 Z=-1 FlatVerts=0 SlopeVerts=0
[+19:51:43.715] VoxelMesh: Chunk X=0 Y=0 Z=0 FlatVerts=10176 SlopeVerts=4224
[+19:51:43.730] VoxelChunk: GenerateAsync (1,2,0)
[+19:51:43.731] VoxelMesh: Chunk X=1 Y=2 Z=0 FlatVerts=1620 SlopeVerts=264
[+19:51:43.819] VoxelMesh: Chunk X=0 Y=0 Z=0 FlatVerts=10800 SlopeVerts=684
[+19:51:43.832] VoxelChunk: GenerateAsync (0,2,0)
[+19:51:43.832] VoxelMesh: Chunk X=0 Y=2 Z=0 FlatVerts=1302 SlopeVerts=0
[+19:51:43.935] VoxelMesh: Chunk X=0 Y=0 Z=0 FlatVerts=486 SlopeVerts=6630
[+19:51:43.939] VoxelChunk: GenerateAsync (2,-1,0)
[+19:51:43.940] VoxelMesh: Chunk X=2 Y=-1 Z=0 FlatVerts=1668 SlopeVerts=474
[+19:51:44.038] VoxelMesh: Chunk X=0 Y=0 Z=0 FlatVerts=0 SlopeVerts=0
[+19:51:44.038] VoxelChunk: GenerateAsync (-1,0,-2)
[+19:51:44.040] VoxelMesh: Chunk X=-1 Y=0 Z=-2 FlatVerts=0 SlopeVerts=0
[+19:51:44.145] VoxelMesh: Chunk X=0 Y=0 Z=0 FlatVerts=540 SlopeVerts=17766
[+19:51:44.159] VoxelChunk: GenerateAsync (0,-2,1)
[+19:51:44.160] VoxelMesh: Chunk X=0 Y=-2 Z=1 FlatVerts=0 SlopeVerts=0
[+19:51:44.239] VoxelMesh: Chunk X=0 Y=0 Z=0 FlatVerts=1062 SlopeVerts=768
[+19:51:44.241] VoxelChunk: GenerateAsync (-1,-2,-1)
[+19:51:44.243] VoxelMesh: Chunk X=-1 Y=-2 Z=-1 FlatVerts=0 SlopeVerts=0
[+19:51:44.343] VoxelMesh: Chunk X=0 Y=0 Z=0 FlatVerts=10326 SlopeVerts=6
[+19:51:44.357] VoxelChunk: GenerateAsync (-2,1,-1)
[+19:51:44.358] VoxelMesh: Chunk X=-2 Y=1 Z=-1 FlatVerts=0 SlopeVerts=0
[+19:51:44.454] VoxelMesh: Chunk X=0 Y=0 Z=0 FlatVerts=0 SlopeVerts=0
[+19:51:44.454] VoxelChunk: GenerateAsync (-1,2,-2)
[+19:51:44.454] VoxelMesh: Chunk X=-1 Y=2 Z=-2 FlatVerts=0 SlopeVerts=0
[+19:51:44.639] VoxelMesh: Chunk X=0 Y=0 Z=0 FlatVerts=1860 SlopeVerts=11520
[+19:51:44.648] VoxelChunk: GenerateAsync (2,0,0)
[+19:51:44.650] VoxelMesh: Chunk X=2 Y=0 Z=0 FlatVerts=2574 SlopeVerts=12
[+19:51:44.686] VoxelMesh: Chunk X=0 Y=0 Z=0 FlatVerts=0 SlopeVerts=0
[+19:51:44.686] VoxelChunk: GenerateAsync (-2,-1,-2)
[+19:51:44.689] VoxelMesh: Chunk X=-2 Y=-1 Z=-2 FlatVerts=0 SlopeVerts=0
[+19:51:44.792] VoxelMesh: Chunk X=0 Y=0 Z=0 FlatVerts=0 SlopeVerts=6
[+19:51:44.793] VoxelChunk: GenerateAsync (0,-2,-1)
[+19:51:44.794] VoxelMesh: Chunk X=0 Y=-2 Z=-1 FlatVerts=0 SlopeVerts=0
[+19:51:44.898] VoxelMesh: Chunk X=0 Y=0 Z=0 FlatVerts=0 SlopeVerts=0
[+19:51:44.898] VoxelChunk: GenerateAsync (2,-1,-2)
[+19:51:44.900] VoxelMesh: Chunk X=2 Y=-1 Z=-2 FlatVerts=0 SlopeVerts=0
[+19:51:45.001] VoxelMesh: Chunk X=0 Y=0 Z=0 FlatVerts=0 SlopeVerts=0
[+19:51:45.001] VoxelChunk: GenerateAsync (-2,2,-2)
[+19:51:45.003] VoxelMesh: Chunk X=-2 Y=2 Z=-2 FlatVerts=0 SlopeVerts=0
[+19:51:45.103] VoxelMesh: Chunk X=0 Y=0 Z=0 FlatVerts=4062 SlopeVerts=1368
[+19:51:45.108] VoxelChunk: GenerateAsync (2,2,-1)
[+19:51:45.110] VoxelMesh: Chunk X=2 Y=2 Z=-1 FlatVerts=0 SlopeVerts=0
[+19:51:45.227] VoxelMesh: Chunk X=0 Y=0 Z=0 FlatVerts=4950 SlopeVerts=10122
[+19:51:45.240] VoxelChunk: GenerateAsync (-2,-2,0)
[+19:51:45.242] VoxelMesh: Chunk X=-2 Y=-2 Z=0 FlatVerts=0 SlopeVerts=0
[+19:51:45.418] VoxelMesh: Chunk X=0 Y=0 Z=0 FlatVerts=10050 SlopeVerts=48
[+19:51:45.438] VoxelChunk: GenerateAsync (-2,0,0)
[+19:51:45.459] VoxelMesh: Chunk X=-2 Y=0 Z=0 FlatVerts=0 SlopeVerts=0
[+19:51:45.489] VoxelMesh: Chunk X=0 Y=0 Z=0 FlatVerts=5886 SlopeVerts=12186
[+19:51:45.517] VoxelChunk: GenerateAsync (2,1,0)
[+19:51:45.521] VoxelMesh: Chunk X=2 Y=1 Z=0 FlatVerts=1908 SlopeVerts=510
[+19:51:45.561] VoxelMesh: Chunk X=0 Y=0 Z=0 FlatVerts=0 SlopeVerts=0
[+19:51:45.562] VoxelChunk: GenerateAsync (0,2,-2)
[+19:51:45.569] VoxelMesh: Chunk X=0 Y=2 Z=-2 FlatVerts=0 SlopeVerts=0
[+19:51:45.653] VoxelMesh: Chunk X=0 Y=0 Z=0 FlatVerts=0 SlopeVerts=0
[+19:51:45.653] VoxelChunk: GenerateAsync (-1,-1,-2)
[+19:51:45.655] VoxelMesh: Chunk X=-1 Y=-1 Z=-2 FlatVerts=0 SlopeVerts=0
[+19:51:45.761] VoxelMesh: Chunk X=0 Y=0 Z=0 FlatVerts=3414 SlopeVerts=1902
[+19:51:45.767] VoxelChunk: GenerateAsync (2,1,-1)
[+19:51:45.767] VoxelMesh: Chunk X=2 Y=1 Z=-1 FlatVerts=0 SlopeVerts=0
[+19:51:45.867] VoxelMesh: Chunk X=0 Y=0 Z=0 FlatVerts=0 SlopeVerts=0
[+19:51:45.867] VoxelChunk: GenerateAsync (1,-2,-1)
[+19:51:45.869] VoxelMesh: Chunk X=1 Y=-2 Z=-1 FlatVerts=0 SlopeVerts=0
[+19:51:45.969] VoxelMesh: Chunk X=0 Y=0 Z=0 FlatVerts=0 SlopeVerts=0
[+19:51:45.969] VoxelChunk: GenerateAsync (0,-1,-2)
[+19:51:45.972] VoxelMesh: Chunk X=0 Y=-1 Z=-2 FlatVerts=0 SlopeVerts=0
[+19:51:46.070] VoxelMesh: Chunk X=0 Y=0 Z=0 FlatVerts=10050 SlopeVerts=48
[+19:51:46.083] VoxelChunk: GenerateAsync (-2,0,-1)
[+19:51:46.084] VoxelMesh: Chunk X=-2 Y=0 Z=-1 FlatVerts=0 SlopeVerts=0
[+19:51:46.173] VoxelMesh: Chunk X=0 Y=0 Z=0 FlatVerts=0 SlopeVerts=0
[+19:51:46.173] VoxelChunk: GenerateAsync (-1,-2,-2)
[+19:51:46.175] VoxelMesh: Chunk X=-1 Y=-2 Z=-2 FlatVerts=0 SlopeVerts=0
[+19:51:46.278] VoxelMesh: Chunk X=0 Y=0 Z=0 FlatVerts=0 SlopeVerts=0
[+19:51:46.279] VoxelChunk: GenerateAsync (0,0,-2)
[+19:51:46.280] VoxelMesh: Chunk X=0 Y=0 Z=-2 FlatVerts=0 SlopeVerts=0
[+19:51:46.382] VoxelMesh: Chunk X=0 Y=0 Z=0 FlatVerts=0 SlopeVerts=0
[+19:51:46.382] VoxelChunk: GenerateAsync (2,0,-2)
[+19:51:46.383] VoxelMesh: Chunk X=2 Y=0 Z=-2 FlatVerts=0 SlopeVerts=0
[+19:51:46.481] VoxelMesh: Chunk X=0 Y=0 Z=0 FlatVerts=0 SlopeVerts=0
[+19:51:46.481] VoxelChunk: GenerateAsync (-2,1,-2)
[+19:51:46.483] VoxelMesh: Chunk X=-2 Y=1 Z=-2 FlatVerts=0 SlopeVerts=0
[+19:51:46.588] VoxelMesh: Chunk X=0 Y=0 Z=0 FlatVerts=10242 SlopeVerts=0
[+19:51:46.596] VoxelChunk: GenerateAsync (-1,2,0)
[+19:51:46.597] VoxelMesh: Chunk X=-1 Y=2 Z=0 FlatVerts=1380 SlopeVerts=504
[+19:51:46.686] VoxelMesh: Chunk X=0 Y=0 Z=0 FlatVerts=2334 SlopeVerts=10488
[+19:51:46.696] VoxelChunk: GenerateAsync (-1,-2,0)
[+19:51:46.697] VoxelMesh: Chunk X=-1 Y=-2 Z=0 FlatVerts=0 SlopeVerts=0
[+19:51:46.788] VoxelMesh: Chunk X=0 Y=0 Z=0 FlatVerts=0 SlopeVerts=0
[+19:51:46.788] VoxelChunk: GenerateAsync (2,2,-2)
[+19:51:46.790] VoxelMesh: Chunk X=2 Y=2 Z=-2 FlatVerts=0 SlopeVerts=0
[+19:51:46.895] VoxelMesh: Chunk X=0 Y=0 Z=0 FlatVerts=72 SlopeVerts=10386
[+19:51:46.902] VoxelChunk: GenerateAsync (1,-2,1)
[+19:51:46.903] VoxelMesh: Chunk X=1 Y=-2 Z=1 FlatVerts=42 SlopeVerts=1626
[+19:51:47.000] VoxelMesh: Chunk X=0 Y=0 Z=0 FlatVerts=0 SlopeVerts=0
[+19:51:47.000] VoxelChunk: GenerateAsync (-2,-2,-2)
[+19:51:47.002] VoxelMesh: Chunk X=-2 Y=-2 Z=-2 FlatVerts=0 SlopeVerts=0
[+19:51:47.105] VoxelMesh: Chunk X=0 Y=0 Z=0 FlatVerts=9300 SlopeVerts=1902
[+19:51:47.118] VoxelChunk: GenerateAsync (-2,2,0)
[+19:51:47.119] VoxelMesh: Chunk X=-2 Y=2 Z=0 FlatVerts=0 SlopeVerts=90
[+19:51:47.209] VoxelMesh: Chunk X=0 Y=0 Z=0 FlatVerts=0 SlopeVerts=0
[+19:51:47.210] VoxelChunk: GenerateAsync (2,-2,-2)
[+19:51:47.212] VoxelMesh: Chunk X=2 Y=-2 Z=-2 FlatVerts=0 SlopeVerts=0
[+19:51:47.314] VoxelMesh: Chunk X=0 Y=0 Z=0 FlatVerts=0 SlopeVerts=0
[+19:51:47.315] VoxelChunk: GenerateAsync (1,2,-2)
[+19:51:47.316] VoxelMesh: Chunk X=1 Y=2 Z=-2 FlatVerts=0 SlopeVerts=0
[+19:51:47.423] VoxelMesh: Chunk X=0 Y=0 Z=0 FlatVerts=0 SlopeVerts=0
[+19:51:47.424] VoxelChunk: GenerateAsync (1,-2,-2)
[+19:51:47.425] VoxelMesh: Chunk X=1 Y=-2 Z=-2 FlatVerts=0 SlopeVerts=0
[+19:51:47.527] VoxelMesh: Chunk X=0 Y=0 Z=0 FlatVerts=7686 SlopeVerts=7368
[+19:51:47.541] VoxelChunk: GenerateAsync (2,2,0)
[+19:51:47.541] VoxelMesh: Chunk X=2 Y=2 Z=0 FlatVerts=30 SlopeVerts=0
[+19:51:47.629] VoxelMesh: Chunk X=0 Y=0 Z=0 FlatVerts=3444 SlopeVerts=1092
[+19:51:47.635] VoxelChunk: GenerateAsync (-2,-2,-1)
[+19:51:47.636] VoxelMesh: Chunk X=-2 Y=-2 Z=-1 FlatVerts=0 SlopeVerts=0
[+19:51:47.733] VoxelMesh: Chunk X=0 Y=0 Z=0 FlatVerts=0 SlopeVerts=0
[+19:51:47.733] VoxelChunk: GenerateAsync (0,-2,-2)
[+19:51:47.735] VoxelMesh: Chunk X=0 Y=-2 Z=-2 FlatVerts=0 SlopeVerts=0
[+19:51:47.837] VoxelMesh: Chunk X=0 Y=0 Z=0 FlatVerts=10242 SlopeVerts=0
[+19:51:47.843] VoxelChunk: GenerateAsync (-1,2,-1)
[+19:51:47.844] VoxelMesh: Chunk X=-1 Y=2 Z=-1 FlatVerts=0 SlopeVerts=0
[+19:51:47.945] VoxelMesh: Chunk X=0 Y=0 Z=0 FlatVerts=1434 SlopeVerts=13392
[+19:51:47.955] VoxelChunk: GenerateAsync (-2,-2,1)
[+19:51:47.956] VoxelMesh: Chunk X=-2 Y=-2 Z=1 FlatVerts=0 SlopeVerts=576
[+19:51:48.043] VoxelMesh: Chunk X=0 Y=0 Z=0 FlatVerts=7932 SlopeVerts=1092
[+19:51:48.053] VoxelChunk: GenerateAsync (-2,-1,-1)
[+19:51:48.054] VoxelMesh: Chunk X=-2 Y=-1 Z=-1 FlatVerts=0 SlopeVerts=0
[+19:51:48.154] VoxelMesh: Chunk X=0 Y=0 Z=0 FlatVerts=0 SlopeVerts=0
[+19:51:48.154] VoxelChunk: GenerateAsync (1,-1,-2)
[+19:51:48.157] VoxelMesh: Chunk X=1 Y=-1 Z=-2 FlatVerts=0 SlopeVerts=0
[+19:51:48.254] VoxelMesh: Chunk X=0 Y=0 Z=0 FlatVerts=12 SlopeVerts=30
[+19:51:48.255] VoxelChunk: GenerateAsync (2,-1,-1)
[+19:51:48.255] VoxelMesh: Chunk X=2 Y=-1 Z=-1 FlatVerts=0 SlopeVerts=0
[+19:51:48.359] VoxelMesh: Chunk X=0 Y=0 Z=0 FlatVerts=8928 SlopeVerts=1170
[+19:51:48.370] VoxelChunk: GenerateAsync (1,2,-1)
[+19:51:48.371] VoxelMesh: Chunk X=1 Y=2 Z=-1 FlatVerts=0 SlopeVerts=0
[+19:51:48.462] VoxelMesh: Chunk X=0 Y=0 Z=0 FlatVerts=1302 SlopeVerts=20760
[+19:51:48.479] VoxelChunk: GenerateAsync (-1,-2,1)
[+19:51:48.480] VoxelMesh: Chunk X=-1 Y=-2 Z=1 FlatVerts=18 SlopeVerts=168
[+19:51:48.568] VoxelMesh: Chunk X=0 Y=0 Z=0 FlatVerts=324 SlopeVerts=1146
[+19:51:48.569] VoxelChunk: GenerateAsync (2,0,-1)
[+19:51:48.570] VoxelMesh: Chunk X=2 Y=0 Z=-1 FlatVerts=0 SlopeVerts=0
[+19:51:48.674] VoxelMesh: Chunk X=0 Y=0 Z=0 FlatVerts=0 SlopeVerts=0
[+19:51:48.675] VoxelChunk: GenerateAsync (-2,0,-2)
[+19:51:48.676] VoxelMesh: Chunk X=-2 Y=0 Z=-2 FlatVerts=0 SlopeVerts=0
[+19:51:48.781] VoxelMesh: Chunk X=0 Y=0 Z=0 FlatVerts=0 SlopeVerts=0
[+19:51:48.781] VoxelChunk: GenerateAsync (1,0,-2)
[+19:51:48.783] VoxelMesh: Chunk X=1 Y=0 Z=-2 FlatVerts=0 SlopeVerts=0
[+19:51:48.887] VoxelMesh: Chunk X=0 Y=0 Z=0 FlatVerts=72 SlopeVerts=4344
[+19:51:48.890] VoxelChunk: GenerateAsync (2,-2,0)
[+19:51:48.892] VoxelMesh: Chunk X=2 Y=-2 Z=0 FlatVerts=0 SlopeVerts=156
[+19:51:48.984] VoxelMesh: Chunk X=0 Y=0 Z=0 FlatVerts=9240 SlopeVerts=966
[+19:51:48.997] VoxelChunk: GenerateAsync (-2,2,-1)
[+19:51:48.999] VoxelMesh: Chunk X=-2 Y=2 Z=-1 FlatVerts=0 SlopeVerts=0
[+19:51:49.085] VoxelMesh: Chunk X=0 Y=0 Z=0 FlatVerts=10794 SlopeVerts=264
[+19:51:49.099] VoxelChunk: GenerateAsync (0,2,-1)
[+19:51:49.099] VoxelMesh: Chunk X=0 Y=2 Z=-1 FlatVerts=0 SlopeVerts=0
[+19:51:49.208] VoxelMesh: Chunk X=0 Y=0 Z=0 FlatVerts=10326 SlopeVerts=6
[+19:51:49.220] VoxelChunk: GenerateAsync (-2,1,0)
[+19:51:49.221] VoxelMesh: Chunk X=-2 Y=1 Z=0 FlatVerts=0 SlopeVerts=0
[+19:51:49.308] VoxelMesh: Chunk X=0 Y=0 Z=0 FlatVerts=0 SlopeVerts=0
[+19:51:49.308] VoxelChunk: GenerateAsync (0,1,-2)
[+19:51:49.310] VoxelMesh: Chunk X=0 Y=1 Z=-2 FlatVerts=0 SlopeVerts=0
[+19:51:49.411] VoxelMesh: Chunk X=0 Y=0 Z=0 FlatVerts=0 SlopeVerts=0
[+19:51:49.411] VoxelChunk: GenerateAsync (1,1,-2)
[+19:51:49.412] VoxelMesh: Chunk X=1 Y=1 Z=-2 FlatVerts=0 SlopeVerts=0
[+19:51:49.512] VoxelMesh: Chunk X=0 Y=0 Z=0 FlatVerts=0 SlopeVerts=0
[+19:51:49.512] VoxelChunk: GenerateAsync (2,1,-2)
[+19:51:49.514] VoxelMesh: Chunk X=2 Y=1 Z=-2 FlatVerts=0 SlopeVerts=0
[+19:51:49.625] VoxelMesh: Chunk X=0 Y=0 Z=0 FlatVerts=510 SlopeVerts=6414
[+19:51:49.630] VoxelChunk: GenerateAsync (0,-2,0)
[+19:51:49.632] VoxelMesh: Chunk X=0 Y=-2 Z=0 FlatVerts=0 SlopeVerts=0
[+19:51:49.720] VoxelMesh: Chunk X=0 Y=0 Z=0 FlatVerts=72 SlopeVerts=3438
[+19:51:49.722] VoxelChunk: GenerateAsync (1,-2,0)
[+19:51:49.723] VoxelMesh: Chunk X=1 Y=-2 Z=0 FlatVerts=0 SlopeVerts=0
[+19:51:49.820] VoxelMesh: Chunk X=0 Y=0 Z=0 FlatVerts=8580 SlopeVerts=2688
[+19:51:49.833] VoxelChunk: GenerateAsync (-2,-1,0)
[+19:51:49.834] VoxelMesh: Chunk X=-2 Y=-1 Z=0 FlatVerts=0 SlopeVerts=0
[+19:51:49.921] VoxelMesh: Chunk X=0 Y=0 Z=0 FlatVerts=0 SlopeVerts=0
[+19:51:49.922] VoxelChunk: GenerateAsync (-2,-3,-2)
[+19:51:49.924] VoxelMesh: Chunk X=-2 Y=-3 Z=-2 FlatVerts=0 SlopeVerts=0
[+19:51:50.027] VoxelMesh: Chunk X=0 Y=0 Z=0 FlatVerts=0 SlopeVerts=0
[+19:51:50.027] VoxelChunk: GenerateAsync (-3,2,-2)
[+19:51:50.029] VoxelMesh: Chunk X=-3 Y=2 Z=-2 FlatVerts=0 SlopeVerts=0
[+19:51:50.132] VoxelMesh: Chunk X=0 Y=0 Z=0 FlatVerts=0 SlopeVerts=660
[+19:51:50.133] VoxelChunk: GenerateAsync (3,-3,0)
[+19:51:50.134] VoxelMesh: Chunk X=3 Y=-3 Z=0 FlatVerts=0 SlopeVerts=0
[+19:51:50.239] VoxelMesh: Chunk X=0 Y=0 Z=0 FlatVerts=0 SlopeVerts=0
[+19:51:50.240] VoxelChunk: GenerateAsync (-1,-3,-2)
[+19:51:50.242] VoxelMesh: Chunk X=-1 Y=-3 Z=-2 FlatVerts=0 SlopeVerts=0
[+19:51:50.346] VoxelMesh: Chunk X=0 Y=0 Z=0 FlatVerts=0 SlopeVerts=0
[+19:51:50.347] VoxelChunk: GenerateAsync (3,1,-3)
[+19:51:50.348] VoxelMesh: Chunk X=3 Y=1 Z=-3 FlatVerts=0 SlopeVerts=0
[+19:51:50.482] VoxelMesh: Chunk X=0 Y=0 Z=0 FlatVerts=0 SlopeVerts=0
[+19:51:50.483] VoxelChunk: GenerateAsync (3,3,3)
[+19:51:50.484] VoxelMesh: Chunk X=3 Y=3 Z=3 FlatVerts=78 SlopeVerts=2466
[+19:51:50.582] VoxelMesh: Chunk X=0 Y=0 Z=0 FlatVerts=0 SlopeVerts=0
[+19:51:50.582] VoxelChunk: GenerateAsync (3,1,-2)
[+19:51:50.584] VoxelMesh: Chunk X=3 Y=1 Z=-2 FlatVerts=0 SlopeVerts=0
[+19:51:50.687] VoxelMesh: Chunk X=0 Y=0 Z=0 FlatVerts=5904 SlopeVerts=10266
[+19:51:50.702] VoxelChunk: GenerateAsync (-3,-2,0)
[+19:51:50.704] VoxelMesh: Chunk X=-3 Y=-2 Z=0 FlatVerts=0 SlopeVerts=0
[+19:51:50.793] VoxelMesh: Chunk X=0 Y=0 Z=0 FlatVerts=0 SlopeVerts=0
[+19:51:50.793] VoxelChunk: GenerateAsync (0,-3,-2)
[+19:51:50.794] VoxelMesh: Chunk X=0 Y=-3 Z=-2 FlatVerts=0 SlopeVerts=0
[+19:51:50.896] VoxelMesh: Chunk X=0 Y=0 Z=0 FlatVerts=8664 SlopeVerts=2394
[+19:51:50.908] VoxelChunk: GenerateAsync (-3,-1,0)
[+19:51:50.910] VoxelMesh: Chunk X=-3 Y=-1 Z=0 FlatVerts=0 SlopeVerts=0
[+19:51:51.043] VoxelMesh: Chunk X=0 Y=0 Z=0 FlatVerts=0 SlopeVerts=0
[+19:51:51.044] VoxelChunk: GenerateAsync (1,-3,-2)
[+19:51:51.045] VoxelMesh: Chunk X=1 Y=-3 Z=-2 FlatVerts=0 SlopeVerts=0
[+19:51:51.106] VoxelMesh: Chunk X=0 Y=0 Z=0 FlatVerts=0 SlopeVerts=0
[+19:51:51.107] VoxelChunk: GenerateAsync (-3,2,-3)
[+19:51:51.108] VoxelMesh: Chunk X=-3 Y=2 Z=-3 FlatVerts=0 SlopeVerts=0
[+19:51:51.210] VoxelMesh: Chunk X=0 Y=0 Z=0 FlatVerts=0 SlopeVerts=0
[+19:51:51.211] VoxelChunk: GenerateAsync (2,0,-3)
[+19:51:51.213] VoxelMesh: Chunk X=2 Y=0 Z=-3 FlatVerts=0 SlopeVerts=0
[+19:51:51.315] VoxelMesh: Chunk X=0 Y=0 Z=0 FlatVerts=0 SlopeVerts=0
[+19:51:51.316] VoxelChunk: GenerateAsync (3,2,-2)
[+19:51:51.317] VoxelMesh: Chunk X=3 Y=2 Z=-2 FlatVerts=0 SlopeVerts=0
[+19:51:51.420] VoxelMesh: Chunk X=0 Y=0 Z=0 FlatVerts=0 SlopeVerts=0
[+19:51:51.421] VoxelChunk: GenerateAsync (-3,3,-2)
[+19:51:51.423] VoxelMesh: Chunk X=-3 Y=3 Z=-2 FlatVerts=0 SlopeVerts=0
[+19:51:51.524] VoxelMesh: Chunk X=0 Y=0 Z=0 FlatVerts=0 SlopeVerts=0
[+19:51:51.525] VoxelChunk: GenerateAsync (2,-3,-2)
[+19:51:51.526] VoxelMesh: Chunk X=2 Y=-3 Z=-2 FlatVerts=0 SlopeVerts=0
[+19:51:51.627] VoxelMesh: Chunk X=0 Y=0 Z=0 FlatVerts=0 SlopeVerts=0
[+19:51:51.628] VoxelChunk: GenerateAsync (-2,3,-2)
[+19:51:51.629] VoxelMesh: Chunk X=-2 Y=3 Z=-2 FlatVerts=0 SlopeVerts=0
[+19:51:51.730] VoxelMesh: Chunk X=0 Y=0 Z=0 FlatVerts=0 SlopeVerts=0
[+19:51:51.730] VoxelChunk: GenerateAsync (-1,3,-2)
[+19:51:51.731] VoxelMesh: Chunk X=-1 Y=3 Z=-2 FlatVerts=0 SlopeVerts=0
[+19:51:51.840] VoxelMesh: Chunk X=0 Y=0 Z=0 FlatVerts=0 SlopeVerts=0
[+19:51:51.841] VoxelChunk: GenerateAsync (3,-3,-2)
[+19:51:51.842] VoxelMesh: Chunk X=3 Y=-3 Z=-2 FlatVerts=0 SlopeVerts=0
[+19:51:51.956] VoxelMesh: Chunk X=0 Y=0 Z=0 FlatVerts=0 SlopeVerts=0
[+19:51:51.957] VoxelChunk: GenerateAsync (-2,2,-3)
[+19:51:51.959] VoxelMesh: Chunk X=-2 Y=2 Z=-3 FlatVerts=0 SlopeVerts=0
[+19:51:52.056] VoxelMesh: Chunk X=0 Y=0 Z=0 FlatVerts=0 SlopeVerts=0
[+19:51:52.057] VoxelChunk: GenerateAsync (0,3,-2)
[+19:51:52.058] VoxelMesh: Chunk X=0 Y=3 Z=-2 FlatVerts=0 SlopeVerts=0
[+19:51:52.158] VoxelMesh: Chunk X=0 Y=0 Z=0 FlatVerts=0 SlopeVerts=0
[+19:51:52.159] VoxelChunk: GenerateAsync (1,3,-2)
[+19:51:52.160] VoxelMesh: Chunk X=1 Y=3 Z=-2 FlatVerts=0 SlopeVerts=0
[+19:51:52.261] VoxelMesh: Chunk X=0 Y=0 Z=0 FlatVerts=0 SlopeVerts=0
[+19:51:52.261] VoxelChunk: GenerateAsync (-3,-2,-2)
[+19:51:52.262] VoxelMesh: Chunk X=-3 Y=-2 Z=-2 FlatVerts=0 SlopeVerts=0
[+19:51:52.368] VoxelMesh: Chunk X=0 Y=0 Z=0 FlatVerts=0 SlopeVerts=0
[+19:51:52.368] VoxelChunk: GenerateAsync (2,3,-2)
[+19:51:52.370] VoxelMesh: Chunk X=2 Y=3 Z=-2 FlatVerts=0 SlopeVerts=0
[+19:51:52.472] VoxelMesh: Chunk X=0 Y=0 Z=0 FlatVerts=0 SlopeVerts=0
[+19:51:52.473] VoxelChunk: GenerateAsync (-1,-3,-3)
[+19:51:52.475] VoxelMesh: Chunk X=-1 Y=-3 Z=-3 FlatVerts=0 SlopeVerts=0
[+19:51:52.574] VoxelMesh: Chunk X=0 Y=0 Z=0 FlatVerts=0 SlopeVerts=0
[+19:51:52.576] VoxelChunk: GenerateAsync (3,3,-2)
[+19:51:52.577] VoxelMesh: Chunk X=3 Y=3 Z=-2 FlatVerts=0 SlopeVerts=0
[+19:51:52.680] VoxelMesh: Chunk X=0 Y=0 Z=0 FlatVerts=0 SlopeVerts=0
[+19:51:52.680] VoxelChunk: GenerateAsync (-1,2,-3)
[+19:51:52.682] VoxelMesh: Chunk X=-1 Y=2 Z=-3 FlatVerts=0 SlopeVerts=0
[+19:51:52.787] VoxelMesh: Chunk X=0 Y=0 Z=0 FlatVerts=0 SlopeVerts=0
[+19:51:52.788] VoxelChunk: GenerateAsync (3,0,-3)
[+19:51:52.790] VoxelMesh: Chunk X=3 Y=0 Z=-3 FlatVerts=0 SlopeVerts=0
[+19:51:52.890] VoxelMesh: Chunk X=0 Y=0 Z=0 FlatVerts=0 SlopeVerts=0
[+19:51:52.890] VoxelChunk: GenerateAsync (-2,0,-3)
[+19:51:52.892] VoxelMesh: Chunk X=-2 Y=0 Z=-3 FlatVerts=0 SlopeVerts=0
[+19:51:52.989] VoxelMesh: Chunk X=0 Y=0 Z=0 FlatVerts=1638 SlopeVerts=2652
[+19:51:52.993] VoxelChunk: GenerateAsync (-3,-3,-1)
[+19:51:52.995] VoxelMesh: Chunk X=-3 Y=-3 Z=-1 FlatVerts=0 SlopeVerts=0
[+19:51:53.093] VoxelMesh: Chunk X=0 Y=0 Z=0 FlatVerts=6810 SlopeVerts=10068
[+19:51:53.110] VoxelChunk: GenerateAsync (3,1,0)
[+19:51:53.111] VoxelMesh: Chunk X=3 Y=1 Z=0 FlatVerts=18 SlopeVerts=156
[+19:51:53.197] VoxelMesh: Chunk X=0 Y=0 Z=0 FlatVerts=1212 SlopeVerts=1014
[+19:51:53.201] VoxelChunk: GenerateAsync (-2,-3,-1)
[+19:51:53.201] VoxelMesh: Chunk X=-2 Y=-3 Z=-1 FlatVerts=0 SlopeVerts=0
[+19:51:53.305] VoxelMesh: Chunk X=0 Y=0 Z=0 FlatVerts=0 SlopeVerts=6
[+19:51:53.305] VoxelChunk: GenerateAsync (-1,-3,-1)
[+19:51:53.308] VoxelMesh: Chunk X=-1 Y=-3 Z=-1 FlatVerts=0 SlopeVerts=0
[+19:51:53.413] VoxelMesh: Chunk X=0 Y=0 Z=0 FlatVerts=0 SlopeVerts=0
[+19:51:53.414] VoxelChunk: GenerateAsync (1,-1,-3)
[+19:51:53.415] VoxelMesh: Chunk X=1 Y=-1 Z=-3 FlatVerts=0 SlopeVerts=0
[+19:51:53.513] VoxelMesh: Chunk X=0 Y=0 Z=0 FlatVerts=0 SlopeVerts=0
[+19:51:53.513] VoxelChunk: GenerateAsync (0,2,-3)
[+19:51:53.515] VoxelMesh: Chunk X=0 Y=2 Z=-3 FlatVerts=0 SlopeVerts=0
[+19:51:53.618] VoxelMesh: Chunk X=0 Y=0 Z=0 FlatVerts=0 SlopeVerts=0
[+19:51:53.618] VoxelChunk: GenerateAsync (2,-3,-1)
[+19:51:53.620] VoxelMesh: Chunk X=2 Y=-3 Z=-1 FlatVerts=0 SlopeVerts=0
[+19:51:53.724] VoxelMesh: Chunk X=0 Y=0 Z=0 FlatVerts=0 SlopeVerts=0
[+19:51:53.725] VoxelChunk: GenerateAsync (3,-3,-1)
[+19:51:53.727] VoxelMesh: Chunk X=3 Y=-3 Z=-1 FlatVerts=0 SlopeVerts=0
[+19:51:54.102] VoxelMesh: Chunk X=0 Y=0 Z=0 FlatVerts=4068 SlopeVerts=1104
[+19:51:54.108] VoxelChunk: GenerateAsync (-3,-2,-1)
[+19:51:54.110] VoxelMesh: Chunk X=-3 Y=-2 Z=-1 FlatVerts=0 SlopeVerts=0
[+19:51:54.439] VoxelMesh: Chunk X=0 Y=0 Z=0 FlatVerts=0 SlopeVerts=0
[+19:51:54.440] VoxelChunk: GenerateAsync (1,2,-3)
[+19:51:54.442] VoxelMesh: Chunk X=1 Y=2 Z=-3 FlatVerts=0 SlopeVerts=0
[+19:51:54.772] VoxelMesh: Chunk X=0 Y=0 Z=0 FlatVerts=0 SlopeVerts=0
[+19:51:54.772] VoxelChunk: GenerateAsync (-3,1,-3)
[+19:51:54.774] VoxelMesh: Chunk X=-3 Y=1 Z=-3 FlatVerts=0 SlopeVerts=0
[+19:51:55.107] VoxelMesh: Chunk X=0 Y=0 Z=0 FlatVerts=0 SlopeVerts=0
[+19:51:55.107] VoxelChunk: GenerateAsync (3,-2,-2)
[+19:51:55.108] VoxelMesh: Chunk X=3 Y=-2 Z=-2 FlatVerts=0 SlopeVerts=0
[+19:51:55.437] VoxelMesh: Chunk X=0 Y=0 Z=0 FlatVerts=0 SlopeVerts=0
[+19:51:55.437] VoxelChunk: GenerateAsync (-3,-1,-2)
[+19:51:55.437] VoxelMesh: Chunk X=-3 Y=-1 Z=-2 FlatVerts=0 SlopeVerts=0
[+19:51:55.774] VoxelMesh: Chunk X=0 Y=0 Z=0 FlatVerts=0 SlopeVerts=0
[+19:51:55.775] VoxelChunk: GenerateAsync (2,2,-3)
[+19:51:55.776] VoxelMesh: Chunk X=2 Y=2 Z=-3 FlatVerts=0 SlopeVerts=0
[+19:51:55.876] VoxelMesh: Chunk X=0 Y=0 Z=0 FlatVerts=0 SlopeVerts=0
[+19:51:55.876] VoxelChunk: GenerateAsync (0,-1,-3)
[+19:51:55.878] VoxelMesh: Chunk X=0 Y=-1 Z=-3 FlatVerts=0 SlopeVerts=0
[+19:51:55.969] VoxelMesh: Chunk X=0 Y=0 Z=0 FlatVerts=8286 SlopeVerts=942
[+19:51:55.981] VoxelChunk: GenerateAsync (-3,-1,-1)
[+19:51:55.983] VoxelMesh: Chunk X=-3 Y=-1 Z=-1 FlatVerts=0 SlopeVerts=0
[+19:51:56.077] VoxelMesh: Chunk X=0 Y=0 Z=0 FlatVerts=0 SlopeVerts=0
[+19:51:56.078] VoxelChunk: GenerateAsync (3,2,-3)
[+19:51:56.079] VoxelMesh: Chunk X=3 Y=2 Z=-3 FlatVerts=0 SlopeVerts=0
[+19:51:56.181] VoxelMesh: Chunk X=0 Y=0 Z=0 FlatVerts=0 SlopeVerts=0
[+19:51:56.182] VoxelChunk: GenerateAsync (-2,1,-3)
[+19:51:56.183] VoxelMesh: Chunk X=-2 Y=1 Z=-3 FlatVerts=0 SlopeVerts=0
[+19:51:56.285] VoxelMesh: Chunk X=0 Y=0 Z=0 FlatVerts=0 SlopeVerts=0
[+19:51:56.285] VoxelChunk: GenerateAsync (-1,0,-3)
[+19:51:56.287] VoxelMesh: Chunk X=-1 Y=0 Z=-3 FlatVerts=0 SlopeVerts=0
[+19:51:56.390] VoxelMesh: Chunk X=0 Y=0 Z=0 FlatVerts=0 SlopeVerts=0
[+19:51:56.391] VoxelChunk: GenerateAsync (3,-1,-3)
[+19:51:56.392] VoxelMesh: Chunk X=3 Y=-1 Z=-3 FlatVerts=0 SlopeVerts=0
[+19:51:56.494] VoxelMesh: Chunk X=0 Y=0 Z=0 FlatVerts=0 SlopeVerts=0
[+19:51:56.494] VoxelChunk: GenerateAsync (-2,-1,-3)
[+19:51:56.496] VoxelMesh: Chunk X=-2 Y=-1 Z=-3 FlatVerts=0 SlopeVerts=0
[+19:51:56.597] VoxelMesh: Chunk X=0 Y=0 Z=0 FlatVerts=0 SlopeVerts=0
[+19:51:56.598] VoxelChunk: GenerateAsync (-3,-1,-3)
[+19:51:56.598] VoxelMesh: Chunk X=-3 Y=-1 Z=-3 FlatVerts=0 SlopeVerts=0
[+19:51:56.701] VoxelMesh: Chunk X=0 Y=0 Z=0 FlatVerts=0 SlopeVerts=0
[+19:51:56.702] VoxelChunk: GenerateAsync (3,-2,-3)
[+19:51:56.703] VoxelMesh: Chunk X=3 Y=-2 Z=-3 FlatVerts=0 SlopeVerts=0
[+19:51:56.807] VoxelMesh: Chunk X=0 Y=0 Z=0 FlatVerts=0 SlopeVerts=0
[+19:51:56.807] VoxelChunk: GenerateAsync (-3,3,-3)
[+19:51:56.809] VoxelMesh: Chunk X=-3 Y=3 Z=-3 FlatVerts=0 SlopeVerts=0
[+19:51:56.910] VoxelMesh: Chunk X=0 Y=0 Z=0 FlatVerts=0 SlopeVerts=0
[+19:51:56.910] VoxelChunk: GenerateAsync (3,-1,-1)
[+19:51:56.911] VoxelMesh: Chunk X=3 Y=-1 Z=-1 FlatVerts=0 SlopeVerts=0
[+19:51:57.011] VoxelMesh: Chunk X=0 Y=0 Z=0 FlatVerts=9894 SlopeVerts=576
[+19:51:57.023] VoxelChunk: GenerateAsync (-3,0,-1)
[+19:51:57.024] VoxelMesh: Chunk X=-3 Y=0 Z=-1 FlatVerts=0 SlopeVerts=0
[+19:51:57.119] VoxelMesh: Chunk X=0 Y=0 Z=0 FlatVerts=0 SlopeVerts=0
[+19:51:57.119] VoxelChunk: GenerateAsync (2,-2,-3)
[+19:51:57.121] VoxelMesh: Chunk X=2 Y=-2 Z=-3 FlatVerts=0 SlopeVerts=0
[+19:51:57.223] VoxelMesh: Chunk X=0 Y=0 Z=0 FlatVerts=0 SlopeVerts=0
[+19:51:57.224] VoxelChunk: GenerateAsync (3,-1,-2)
[+19:51:57.225] VoxelMesh: Chunk X=3 Y=-1 Z=-2 FlatVerts=0 SlopeVerts=0
[+19:51:57.646] VoxelMesh: Chunk X=0 Y=0 Z=0 FlatVerts=0 SlopeVerts=0
[+19:51:57.646] VoxelChunk: GenerateAsync (-2,3,-3)
[+19:51:57.648] VoxelMesh: Chunk X=-2 Y=3 Z=-3 FlatVerts=0 SlopeVerts=0
[+19:51:57.979] VoxelMesh: Chunk X=0 Y=0 Z=0 FlatVerts=0 SlopeVerts=0
[+19:51:57.980] VoxelChunk: GenerateAsync (-1,1,-3)
[+19:51:57.981] VoxelMesh: Chunk X=-1 Y=1 Z=-3 FlatVerts=0 SlopeVerts=0
[+19:51:58.313] VoxelMesh: Chunk X=0 Y=0 Z=0 FlatVerts=0 SlopeVerts=0
[+19:51:58.314] VoxelChunk: GenerateAsync (1,-2,-3)
[+19:51:58.316] VoxelMesh: Chunk X=1 Y=-2 Z=-3 FlatVerts=0 SlopeVerts=0
[+19:51:58.647] VoxelMesh: Chunk X=0 Y=0 Z=0 FlatVerts=0 SlopeVerts=0
[+19:51:58.648] VoxelChunk: GenerateAsync (0,-2,-3)
[+19:51:58.649] VoxelMesh: Chunk X=0 Y=-2 Z=-3 FlatVerts=0 SlopeVerts=0
[+19:51:58.977] VoxelMesh: Chunk X=0 Y=0 Z=0 FlatVerts=0 SlopeVerts=0
[+19:51:58.977] VoxelChunk: GenerateAsync (-3,0,-2)
[+19:51:58.979] VoxelMesh: Chunk X=-3 Y=0 Z=-2 FlatVerts=0 SlopeVerts=0
[+19:51:59.312] VoxelMesh: Chunk X=0 Y=0 Z=0 FlatVerts=54 SlopeVerts=834
[+19:51:59.313] VoxelChunk: GenerateAsync (3,0,-1)
[+19:51:59.314] VoxelMesh: Chunk X=3 Y=0 Z=-1 FlatVerts=0 SlopeVerts=0
[+19:51:59.647] VoxelMesh: Chunk X=0 Y=0 Z=0 FlatVerts=0 SlopeVerts=0
[+19:51:59.647] VoxelChunk: GenerateAsync (-1,3,-3)
[+19:51:59.649] VoxelMesh: Chunk X=-1 Y=3 Z=-3 FlatVerts=0 SlopeVerts=0
[+19:51:59.977] VoxelMesh: Chunk X=0 Y=0 Z=0 FlatVerts=8646 SlopeVerts=1470
[+19:51:59.989] VoxelChunk: GenerateAsync (-3,1,-1)
[+19:51:59.992] VoxelMesh: Chunk X=-3 Y=1 Z=-1 FlatVerts=0 SlopeVerts=0
[+19:52:00.314] VoxelMesh: Chunk X=0 Y=0 Z=0 FlatVerts=0 SlopeVerts=0
[+19:52:00.314] VoxelChunk: GenerateAsync (-1,-2,-3)
[+19:52:00.316] VoxelMesh: Chunk X=-1 Y=-2 Z=-3 FlatVerts=0 SlopeVerts=0
[+19:52:00.647] VoxelMesh: Chunk X=0 Y=0 Z=0 FlatVerts=0 SlopeVerts=0
[+19:52:00.647] VoxelChunk: GenerateAsync (-2,-2,-3)
[+19:52:00.648] VoxelMesh: Chunk X=-2 Y=-2 Z=-3 FlatVerts=0 SlopeVerts=0
[+19:52:00.980] VoxelMesh: Chunk X=0 Y=0 Z=0 FlatVerts=0 SlopeVerts=0
[+19:52:00.981] VoxelChunk: GenerateAsync (0,3,-3)
[+19:52:00.982] VoxelMesh: Chunk X=0 Y=3 Z=-3 FlatVerts=0 SlopeVerts=0
[+19:52:01.314] VoxelMesh: Chunk X=0 Y=0 Z=0 FlatVerts=0 SlopeVerts=0
[+19:52:01.314] VoxelChunk: GenerateAsync (0,1,-3)
[+19:52:01.316] VoxelMesh: Chunk X=0 Y=1 Z=-3 FlatVerts=0 SlopeVerts=0
[+19:52:01.644] VoxelMesh: Chunk X=0 Y=0 Z=0 FlatVerts=0 SlopeVerts=0
[+19:52:01.644] VoxelChunk: GenerateAsync (3,3,-1)
[+19:52:01.647] VoxelMesh: Chunk X=3 Y=3 Z=-1 FlatVerts=0 SlopeVerts=0
[+19:52:01.980] VoxelMesh: Chunk X=0 Y=0 Z=0 FlatVerts=0 SlopeVerts=0
[+19:52:01.981] VoxelChunk: GenerateAsync (0,0,-3)
[+19:52:01.981] VoxelMesh: Chunk X=0 Y=0 Z=-3 FlatVerts=0 SlopeVerts=0
[+19:52:02.312] VoxelMesh: Chunk X=0 Y=0 Z=0 FlatVerts=2568 SlopeVerts=11472
[+19:52:02.325] VoxelChunk: GenerateAsync (-2,-3,0)
[+19:52:02.326] VoxelMesh: Chunk X=-2 Y=-3 Z=0 FlatVerts=0 SlopeVerts=0
[+19:52:02.645] VoxelMesh: Chunk X=0 Y=0 Z=0 FlatVerts=336 SlopeVerts=4980
[+19:52:02.648] VoxelChunk: GenerateAsync (-1,-3,0)
[+19:52:02.650] VoxelMesh: Chunk X=-1 Y=-3 Z=0 FlatVerts=0 SlopeVerts=30
[+19:52:02.979] VoxelMesh: Chunk X=0 Y=0 Z=0 FlatVerts=48 SlopeVerts=1284
[+19:52:02.979] VoxelChunk: GenerateAsync (0,-3,0)
[+19:52:02.981] VoxelMesh: Chunk X=0 Y=-3 Z=0 FlatVerts=0 SlopeVerts=0
[+19:52:03.316] VoxelMesh: Chunk X=0 Y=0 Z=0 FlatVerts=36 SlopeVerts=216
[+19:52:03.316] VoxelChunk: GenerateAsync (1,-3,0)
[+19:52:03.318] VoxelMesh: Chunk X=1 Y=-3 Z=0 FlatVerts=0 SlopeVerts=0
[+19:52:03.646] VoxelMesh: Chunk X=0 Y=0 Z=0 FlatVerts=0 SlopeVerts=660
[+19:52:03.647] VoxelChunk: GenerateAsync (2,-3,0)
[+19:52:03.648] VoxelMesh: Chunk X=2 Y=-3 Z=0 FlatVerts=0 SlopeVerts=0
[+19:52:03.979] VoxelMesh: Chunk X=0 Y=0 Z=0 FlatVerts=0 SlopeVerts=0
[+19:52:03.979] VoxelChunk: GenerateAsync (-3,-2,-3)
[+19:52:03.981] VoxelMesh: Chunk X=-3 Y=-2 Z=-3 FlatVerts=0 SlopeVerts=0
[+19:52:04.311] VoxelMesh: Chunk X=0 Y=0 Z=0 FlatVerts=612 SlopeVerts=1296
[+19:52:04.312] VoxelChunk: GenerateAsync (3,1,-1)
[+19:52:04.314] VoxelMesh: Chunk X=3 Y=1 Z=-1 FlatVerts=0 SlopeVerts=0
[+19:52:04.646] VoxelMesh: Chunk X=0 Y=0 Z=0 FlatVerts=5388 SlopeVerts=1914
[+19:52:04.654] VoxelChunk: GenerateAsync (-3,2,-1)
[+19:52:04.655] VoxelMesh: Chunk X=-3 Y=2 Z=-1 FlatVerts=0 SlopeVerts=0
[+19:52:04.981] VoxelMesh: Chunk X=0 Y=0 Z=0 FlatVerts=0 SlopeVerts=0
[+19:52:04.981] VoxelChunk: GenerateAsync (1,3,-3)
[+19:52:04.983] VoxelMesh: Chunk X=1 Y=3 Z=-3 FlatVerts=0 SlopeVerts=0
[+19:52:05.313] VoxelMesh: Chunk X=0 Y=0 Z=0 FlatVerts=0 SlopeVerts=0
[+19:52:05.313] VoxelChunk: GenerateAsync (3,0,-2)
[+19:52:05.314] VoxelMesh: Chunk X=3 Y=0 Z=-2 FlatVerts=0 SlopeVerts=0
[+19:52:05.645] VoxelMesh: Chunk X=0 Y=0 Z=0 FlatVerts=0 SlopeVerts=0
[+19:52:05.645] VoxelChunk: GenerateAsync (-3,1,-2)
[+19:52:05.647] VoxelMesh: Chunk X=-3 Y=1 Z=-2 FlatVerts=0 SlopeVerts=0
[+19:52:05.980] VoxelMesh: Chunk X=0 Y=0 Z=0 FlatVerts=0 SlopeVerts=0
[+19:52:05.981] VoxelChunk: GenerateAsync (2,3,-3)
[+19:52:05.982] VoxelMesh: Chunk X=2 Y=3 Z=-3 FlatVerts=0 SlopeVerts=0
[+19:52:06.312] VoxelMesh: Chunk X=0 Y=0 Z=0 FlatVerts=0 SlopeVerts=2418
[+19:52:06.314] VoxelChunk: GenerateAsync (3,-2,0)
[+19:52:06.315] VoxelMesh: Chunk X=3 Y=-2 Z=0 FlatVerts=0 SlopeVerts=102
[+19:52:06.646] VoxelMesh: Chunk X=0 Y=0 Z=0 FlatVerts=0 SlopeVerts=0
[+19:52:06.647] VoxelChunk: GenerateAsync (1,1,-3)
[+19:52:06.648] VoxelMesh: Chunk X=1 Y=1 Z=-3 FlatVerts=0 SlopeVerts=0
[+19:52:06.978] VoxelMesh: Chunk X=0 Y=0 Z=0 FlatVerts=558 SlopeVerts=462
[+19:52:06.979] VoxelChunk: GenerateAsync (3,2,-1)
[+19:52:06.981] VoxelMesh: Chunk X=3 Y=2 Z=-1 FlatVerts=0 SlopeVerts=0
[+19:52:07.313] VoxelMesh: Chunk X=0 Y=0 Z=0 FlatVerts=0 SlopeVerts=0
[+19:52:07.313] VoxelChunk: GenerateAsync (3,-3,-3)
[+19:52:07.315] VoxelMesh: Chunk X=3 Y=-3 Z=-3 FlatVerts=0 SlopeVerts=0
[+19:52:07.646] VoxelMesh: Chunk X=0 Y=0 Z=0 FlatVerts=0 SlopeVerts=0
[+19:52:07.647] VoxelChunk: GenerateAsync (2,-3,-3)
[+19:52:07.648] VoxelMesh: Chunk X=2 Y=-3 Z=-3 FlatVerts=0 SlopeVerts=0
[+19:52:07.980] VoxelMesh: Chunk X=0 Y=0 Z=0 FlatVerts=0 SlopeVerts=0
[+19:52:07.980] VoxelChunk: GenerateAsync (1,-3,-3)
[+19:52:07.981] VoxelMesh: Chunk X=1 Y=-3 Z=-3 FlatVerts=0 SlopeVerts=0
[+19:52:08.311] VoxelMesh: Chunk X=0 Y=0 Z=0 FlatVerts=2340 SlopeVerts=1830
[+19:52:08.314] VoxelChunk: GenerateAsync (-3,3,-1)
[+19:52:08.316] VoxelMesh: Chunk X=-3 Y=3 Z=-1 FlatVerts=0 SlopeVerts=0
[+19:52:08.646] VoxelMesh: Chunk X=0 Y=0 Z=0 FlatVerts=30 SlopeVerts=2028
[+19:52:08.647] VoxelChunk: GenerateAsync (3,-1,0)
[+19:52:08.647] VoxelMesh: Chunk X=3 Y=-1 Z=0 FlatVerts=312 SlopeVerts=462
[+19:52:08.979] VoxelMesh: Chunk X=0 Y=0 Z=0 FlatVerts=9894 SlopeVerts=576
[+19:52:08.992] VoxelChunk: GenerateAsync (-3,0,0)
[+19:52:08.994] VoxelMesh: Chunk X=-3 Y=0 Z=0 FlatVerts=0 SlopeVerts=0
[+19:52:09.310] VoxelMesh: Chunk X=0 Y=0 Z=0 FlatVerts=6054 SlopeVerts=2346
[+19:52:09.320] VoxelChunk: GenerateAsync (-2,3,-1)
[+19:52:09.322] VoxelMesh: Chunk X=-2 Y=3 Z=-1 FlatVerts=0 SlopeVerts=0
[+19:52:09.648] VoxelMesh: Chunk X=0 Y=0 Z=0 FlatVerts=0 SlopeVerts=0
[+19:52:09.648] VoxelChunk: GenerateAsync (0,-3,-3)
[+19:52:09.649] VoxelMesh: Chunk X=0 Y=-3 Z=-3 FlatVerts=0 SlopeVerts=0
[+19:52:09.982] VoxelMesh: Chunk X=0 Y=0 Z=0 FlatVerts=0 SlopeVerts=0
[+19:52:09.982] VoxelChunk: GenerateAsync (3,3,-3)
[+19:52:09.983] VoxelMesh: Chunk X=3 Y=3 Z=-3 FlatVerts=0 SlopeVerts=0
[+19:52:10.311] VoxelMesh: Chunk X=0 Y=0 Z=0 FlatVerts=6948 SlopeVerts=1038
[+19:52:10.320] VoxelChunk: GenerateAsync (-1,3,-1)
[+19:52:10.321] VoxelMesh: Chunk X=-1 Y=3 Z=-1 FlatVerts=0 SlopeVerts=0
[+19:52:10.644] VoxelMesh: Chunk X=0 Y=0 Z=0 FlatVerts=6060 SlopeVerts=1098
[+19:52:10.652] VoxelChunk: GenerateAsync (0,3,-1)
[+19:52:10.653] VoxelMesh: Chunk X=0 Y=3 Z=-1 FlatVerts=0 SlopeVerts=0
[+19:52:10.979] VoxelMesh: Chunk X=0 Y=0 Z=0 FlatVerts=2526 SlopeVerts=7044
[+19:52:10.987] VoxelChunk: GenerateAsync (3,0,0)
[+19:52:10.988] VoxelMesh: Chunk X=3 Y=0 Z=0 FlatVerts=432 SlopeVerts=438
[+19:52:11.312] VoxelMesh: Chunk X=0 Y=0 Z=0 FlatVerts=9288 SlopeVerts=3306
[+19:52:11.326] VoxelChunk: GenerateAsync (-3,1,0)
[+19:52:11.328] VoxelMesh: Chunk X=-3 Y=1 Z=0 FlatVerts=0 SlopeVerts=0
[+19:52:11.644] VoxelMesh: Chunk X=0 Y=0 Z=0 FlatVerts=3792 SlopeVerts=1224
[+19:52:11.650] VoxelChunk: GenerateAsync (1,3,-1)
[+19:52:11.652] VoxelMesh: Chunk X=1 Y=3 Z=-1 FlatVerts=0 SlopeVerts=0
[+19:52:11.980] VoxelMesh: Chunk X=0 Y=0 Z=0 FlatVerts=954 SlopeVerts=588
[+19:52:11.981] VoxelChunk: GenerateAsync (2,3,-1)
[+19:52:11.982] VoxelMesh: Chunk X=2 Y=3 Z=-1 FlatVerts=0 SlopeVerts=0
[+19:52:12.314] VoxelMesh: Chunk X=0 Y=0 Z=0 FlatVerts=0 SlopeVerts=0
[+19:52:12.314] VoxelChunk: GenerateAsync (-2,-3,-3)
[+19:52:12.316] VoxelMesh: Chunk X=-2 Y=-3 Z=-3 FlatVerts=0 SlopeVerts=0
[+19:52:12.648] VoxelMesh: Chunk X=0 Y=0 Z=0 FlatVerts=0 SlopeVerts=0
[+19:52:12.648] VoxelChunk: GenerateAsync (-3,-3,-3)
[+19:52:12.650] VoxelMesh: Chunk X=-3 Y=-3 Z=-3 FlatVerts=0 SlopeVerts=0
[+19:52:12.980] VoxelMesh: Chunk X=0 Y=0 Z=0 FlatVerts=0 SlopeVerts=0
[+19:52:12.980] VoxelChunk: GenerateAsync (-3,-3,-2)
[+19:52:12.983] VoxelMesh: Chunk X=-3 Y=-3 Z=-2 FlatVerts=0 SlopeVerts=0
[+19:52:13.314] VoxelMesh: Chunk X=0 Y=0 Z=0 FlatVerts=0 SlopeVerts=0
[+19:52:13.314] VoxelChunk: GenerateAsync (2,1,-3)
[+19:52:13.316] VoxelMesh: Chunk X=2 Y=1 Z=-3 FlatVerts=0 SlopeVerts=0
[+19:52:13.647] VoxelMesh: Chunk X=0 Y=0 Z=0 FlatVerts=6204 SlopeVerts=7032
[+19:52:13.659] VoxelChunk: GenerateAsync (-3,2,0)
[+19:52:13.661] VoxelMesh: Chunk X=-3 Y=2 Z=0 FlatVerts=0 SlopeVerts=0
[+19:52:13.981] VoxelMesh: Chunk X=0 Y=0 Z=0 FlatVerts=0 SlopeVerts=0
[+19:52:13.981] VoxelChunk: GenerateAsync (1,0,-3)
[+19:52:13.983] VoxelMesh: Chunk X=1 Y=0 Z=-3 FlatVerts=0 SlopeVerts=0
[+19:52:14.315] VoxelMesh: Chunk X=0 Y=0 Z=0 FlatVerts=0 SlopeVerts=0
[+19:52:14.316] VoxelChunk: GenerateAsync (-3,0,-3)
[+19:52:14.317] VoxelMesh: Chunk X=-3 Y=0 Z=-3 FlatVerts=0 SlopeVerts=0
[+19:52:14.648] VoxelMesh: Chunk X=0 Y=0 Z=0 FlatVerts=0 SlopeVerts=0
[+19:52:14.648] VoxelChunk: GenerateAsync (2,-1,-3)
[+19:52:14.650] VoxelMesh: Chunk X=2 Y=-1 Z=-3 FlatVerts=0 SlopeVerts=0
[+19:52:14.981] VoxelMesh: Chunk X=0 Y=0 Z=0 FlatVerts=0 SlopeVerts=0
[+19:52:14.982] VoxelChunk: GenerateAsync (0,-3,-1)
[+19:52:14.983] VoxelMesh: Chunk X=0 Y=-3 Z=-1 FlatVerts=0 SlopeVerts=0
[+19:52:15.315] VoxelMesh: Chunk X=0 Y=0 Z=0 FlatVerts=0 SlopeVerts=0
[+19:52:15.315] VoxelChunk: GenerateAsync (1,-3,-1)
[+19:52:15.317] VoxelMesh: Chunk X=1 Y=-3 Z=-1 FlatVerts=0 SlopeVerts=0
[+19:52:15.649] VoxelMesh: Chunk X=0 Y=0 Z=0 FlatVerts=0 SlopeVerts=0
[+19:52:15.649] VoxelChunk: GenerateAsync (-1,-1,-3)
[+19:52:15.651] VoxelMesh: Chunk X=-1 Y=-1 Z=-3 FlatVerts=0 SlopeVerts=0
[+19:52:15.978] VoxelMesh: Chunk X=0 Y=0 Z=0 FlatVerts=7440 SlopeVerts=4200
[+19:52:15.990] VoxelChunk: GenerateAsync (3,2,0)
[+19:52:15.992] VoxelMesh: Chunk X=3 Y=2 Z=0 FlatVerts=0 SlopeVerts=0
[+19:52:16.312] VoxelMesh: Chunk X=0 Y=0 Z=0 FlatVerts=3906 SlopeVerts=9678
[+19:52:16.323] VoxelChunk: GenerateAsync (-3,3,0)
[+19:52:16.325] VoxelMesh: Chunk X=-3 Y=3 Z=0 FlatVerts=0 SlopeVerts=0
[+19:52:16.646] VoxelMesh: Chunk X=0 Y=0 Z=0 FlatVerts=7650 SlopeVerts=8010
[+19:52:16.661] VoxelChunk: GenerateAsync (-2,3,0)
[+19:52:16.662] VoxelMesh: Chunk X=-2 Y=3 Z=0 FlatVerts=0 SlopeVerts=0
[+19:52:16.980] VoxelMesh: Chunk X=0 Y=0 Z=0 FlatVerts=8826 SlopeVerts=4620
[+19:52:16.995] VoxelChunk: GenerateAsync (-1,3,0)
[+19:52:16.995] VoxelMesh: Chunk X=-1 Y=3 Z=0 FlatVerts=0 SlopeVerts=12
[+19:52:17.313] VoxelMesh: Chunk X=0 Y=0 Z=0 FlatVerts=7860 SlopeVerts=5976
[+19:52:17.328] VoxelChunk: GenerateAsync (0,3,0)
[+19:52:17.328] VoxelMesh: Chunk X=0 Y=3 Z=0 FlatVerts=0 SlopeVerts=0
[+19:52:17.647] VoxelMesh: Chunk X=0 Y=0 Z=0 FlatVerts=6402 SlopeVerts=7416
[+19:52:17.660] VoxelChunk: GenerateAsync (1,3,0)
[+19:52:17.661] VoxelMesh: Chunk X=1 Y=3 Z=0 FlatVerts=0 SlopeVerts=0
[+19:52:17.978] VoxelMesh: Chunk X=0 Y=0 Z=0 FlatVerts=6714 SlopeVerts=4974
[+19:52:17.989] VoxelChunk: GenerateAsync (2,3,0)
[+19:52:17.990] VoxelMesh: Chunk X=2 Y=3 Z=0 FlatVerts=0 SlopeVerts=0
[+19:52:18.312] VoxelMesh: Chunk X=0 Y=0 Z=0 FlatVerts=8196 SlopeVerts=1152
[+19:52:18.323] VoxelChunk: GenerateAsync (3,3,0)
[+19:52:18.324] VoxelMesh: Chunk X=3 Y=3 Z=0 FlatVerts=0 SlopeVerts=0
[+19:52:18.648] VoxelMesh: Chunk X=0 Y=0 Z=0 FlatVerts=2226 SlopeVerts=14814
[+19:52:18.663] VoxelChunk: GenerateAsync (-3,-3,1)
[+19:52:18.664] VoxelMesh: Chunk X=-3 Y=-3 Z=1 FlatVerts=522 SlopeVerts=1476
[+19:52:18.982] VoxelMesh: Chunk X=0 Y=0 Z=0 FlatVerts=1410 SlopeVerts=21966
[+19:52:19.000] VoxelChunk: GenerateAsync (-2,-3,1)
[+19:52:19.001] VoxelMesh: Chunk X=-2 Y=-3 Z=1 FlatVerts=450 SlopeVerts=5076
[+19:52:19.318] VoxelMesh: Chunk X=0 Y=0 Z=0 FlatVerts=534 SlopeVerts=23658
[+19:52:19.336] VoxelChunk: GenerateAsync (-1,-3,1)
[+19:52:19.337] VoxelMesh: Chunk X=-1 Y=-3 Z=1 FlatVerts=72 SlopeVerts=3234
[+19:52:19.649] VoxelMesh: Chunk X=0 Y=0 Z=0 FlatVerts=84 SlopeVerts=12018
[+19:52:19.657] VoxelChunk: GenerateAsync (0,-3,1)
[+19:52:19.658] VoxelMesh: Chunk X=0 Y=-3 Z=1 FlatVerts=54 SlopeVerts=1068
[+19:52:19.981] VoxelMesh: Chunk X=0 Y=0 Z=0 FlatVerts=48 SlopeVerts=3480
[+19:52:19.984] VoxelChunk: GenerateAsync (1,-3,1)
[+19:52:19.985] VoxelMesh: Chunk X=1 Y=-3 Z=1 FlatVerts=0 SlopeVerts=0
[+19:52:20.313] VoxelMesh: Chunk X=0 Y=0 Z=0 FlatVerts=54 SlopeVerts=4902
[+19:52:20.316] VoxelChunk: GenerateAsync (2,-3,1)
[+19:52:20.318] VoxelMesh: Chunk X=2 Y=-3 Z=1 FlatVerts=0 SlopeVerts=0
[+19:52:20.646] VoxelMesh: Chunk X=0 Y=0 Z=0 FlatVerts=72 SlopeVerts=5850
[+19:52:20.650] VoxelChunk: GenerateAsync (3,-3,1)
[+19:52:20.651] VoxelMesh: Chunk X=3 Y=-3 Z=1 FlatVerts=60 SlopeVerts=318
[+19:52:20.983] VoxelMesh: Chunk X=0 Y=0 Z=0 FlatVerts=1728 SlopeVerts=9846
[+19:52:20.992] VoxelChunk: GenerateAsync (-3,-2,1)
[+19:52:20.993] VoxelMesh: Chunk X=-3 Y=-2 Z=1 FlatVerts=0 SlopeVerts=750
[+19:52:21.315] VoxelMesh: Chunk X=0 Y=0 Z=0 FlatVerts=0 SlopeVerts=0
[+19:52:21.317] VoxelChunk: GenerateAsync (3,-2,-1)
[+19:52:21.317] VoxelMesh: Chunk X=3 Y=-2 Z=-1 FlatVerts=0 SlopeVerts=0
[+19:52:21.667] VoxelMesh: Chunk X=0 Y=0 Z=0 FlatVerts=4008 SlopeVerts=16176
[+19:52:21.685] VoxelChunk: GenerateAsync (-3,-3,0)
[+19:52:21.686] VoxelMesh: Chunk X=-3 Y=-3 Z=0 FlatVerts=0 SlopeVerts=0
[+19:52:21.992] VoxelMesh: Chunk X=0 Y=0 Z=0 FlatVerts=0 SlopeVerts=294
[+19:52:21.992] VoxelChunk: GenerateAsync (-3,1,2)
[+19:52:21.993] VoxelMesh: Chunk X=-3 Y=1 Z=2 FlatVerts=0 SlopeVerts=12
[+19:52:22.318] VoxelMesh: Chunk X=0 Y=0 Z=0 FlatVerts=0 SlopeVerts=0
[+19:52:22.318] VoxelChunk: GenerateAsync (2,3,3)
[+19:52:22.319] VoxelMesh: Chunk X=2 Y=3 Z=3 FlatVerts=0 SlopeVerts=2652
[+19:52:22.431] VoxelMesh: Chunk X=0 Y=0 Z=0 FlatVerts=0 SlopeVerts=0
[+19:52:22.432] VoxelChunk: GenerateAsync (1,3,3)
[+19:52:22.434] VoxelMesh: Chunk X=1 Y=3 Z=3 FlatVerts=0 SlopeVerts=1308
[+19:52:22.521] VoxelMesh: Chunk X=0 Y=0 Z=0 FlatVerts=72 SlopeVerts=9960
[+19:52:22.527] VoxelChunk: GenerateAsync (3,-2,1)
[+19:52:22.528] VoxelMesh: Chunk X=3 Y=-2 Z=1 FlatVerts=1620 SlopeVerts=2238
[+19:52:22.625] VoxelMesh: Chunk X=0 Y=0 Z=0 FlatVerts=312 SlopeVerts=1518
[+19:52:22.627] VoxelChunk: GenerateAsync (-3,-1,1)
[+19:52:22.629] VoxelMesh: Chunk X=-3 Y=-1 Z=1 FlatVerts=0 SlopeVerts=0
[+19:52:22.733] VoxelMesh: Chunk X=0 Y=0 Z=0 FlatVerts=0 SlopeVerts=1572
[+19:52:22.734] VoxelChunk: GenerateAsync (-2,-3,3)
[+19:52:22.736] VoxelMesh: Chunk X=-2 Y=-3 Z=3 FlatVerts=0 SlopeVerts=30
[+19:52:22.838] VoxelMesh: Chunk X=0 Y=0 Z=0 FlatVerts=0 SlopeVerts=0
[+19:52:22.838] VoxelChunk: GenerateAsync (-3,1,3)
[+19:52:22.839] VoxelMesh: Chunk X=-3 Y=1 Z=3 FlatVerts=12 SlopeVerts=2208
[+19:52:22.947] VoxelMesh: Chunk X=0 Y=0 Z=0 FlatVerts=36 SlopeVerts=18618
[+19:52:22.961] VoxelChunk: GenerateAsync (-1,-3,3)
[+19:52:22.963] VoxelMesh: Chunk X=-1 Y=-3 Z=3 FlatVerts=0 SlopeVerts=4332
[+19:52:23.047] VoxelMesh: Chunk X=0 Y=0 Z=0 FlatVerts=0 SlopeVerts=19716
[+19:52:23.060] VoxelChunk: GenerateAsync (1,-1,3)
[+19:52:23.062] VoxelMesh: Chunk X=1 Y=-1 Z=3 FlatVerts=0 SlopeVerts=0
[+19:52:23.153] VoxelMesh: Chunk X=0 Y=0 Z=0 FlatVerts=0 SlopeVerts=0
[+19:52:23.153] VoxelChunk: GenerateAsync (-2,1,3)
[+19:52:23.155] VoxelMesh: Chunk X=-2 Y=1 Z=3 FlatVerts=144 SlopeVerts=7656
[+19:52:23.262] VoxelMesh: Chunk X=0 Y=0 Z=0 FlatVerts=0 SlopeVerts=0
[+19:52:23.263] VoxelChunk: GenerateAsync (0,2,3)
[+19:52:23.265] VoxelMesh: Chunk X=0 Y=2 Z=3 FlatVerts=0 SlopeVerts=0
[+19:52:23.371] VoxelMesh: Chunk X=0 Y=0 Z=0 FlatVerts=156 SlopeVerts=35526
[+19:52:23.397] VoxelChunk: GenerateAsync (0,-3,3)
[+19:52:23.398] VoxelMesh: Chunk X=0 Y=-3 Z=3 FlatVerts=12 SlopeVerts=5172
[+19:52:23.475] VoxelMesh: Chunk X=0 Y=0 Z=0 FlatVerts=72 SlopeVerts=40050
[+19:52:23.504] VoxelChunk: GenerateAsync (1,-2,3)
[+19:52:23.506] VoxelMesh: Chunk X=1 Y=-2 Z=3 FlatVerts=12 SlopeVerts=3810
[+19:52:23.586] VoxelMesh: Chunk X=0 Y=0 Z=0 FlatVerts=18 SlopeVerts=26178
[+19:52:23.604] VoxelChunk: GenerateAsync (2,-1,3)
[+19:52:23.606] VoxelMesh: Chunk X=2 Y=-1 Z=3 FlatVerts=0 SlopeVerts=0
[+19:52:23.685] VoxelMesh: Chunk X=0 Y=0 Z=0 FlatVerts=0 SlopeVerts=0
[+19:52:23.686] VoxelChunk: GenerateAsync (-3,0,3)
[+19:52:23.687] VoxelMesh: Chunk X=-3 Y=0 Z=3 FlatVerts=0 SlopeVerts=1560
[+19:52:23.787] VoxelMesh: Chunk X=0 Y=0 Z=0 FlatVerts=0 SlopeVerts=0
[+19:52:23.787] VoxelChunk: GenerateAsync (-1,1,3)
[+19:52:23.789] VoxelMesh: Chunk X=-1 Y=1 Z=3 FlatVerts=0 SlopeVerts=294
[+19:52:23.892] VoxelMesh: Chunk X=0 Y=0 Z=0 FlatVerts=36 SlopeVerts=834
[+19:52:23.893] VoxelChunk: GenerateAsync (-3,2,3)
[+19:52:23.894] VoxelMesh: Chunk X=-3 Y=2 Z=3 FlatVerts=6 SlopeVerts=912
[+19:52:24.000] VoxelMesh: Chunk X=0 Y=0 Z=0 FlatVerts=0 SlopeVerts=0
[+19:52:24.001] VoxelChunk: GenerateAsync (1,2,3)
[+19:52:24.002] VoxelMesh: Chunk X=1 Y=2 Z=3 FlatVerts=0 SlopeVerts=732
[+19:52:24.107] VoxelMesh: Chunk X=0 Y=0 Z=0 FlatVerts=36 SlopeVerts=1386
[+19:52:24.107] VoxelChunk: GenerateAsync (-3,3,3)
[+19:52:24.109] VoxelMesh: Chunk X=-3 Y=3 Z=3 FlatVerts=60 SlopeVerts=3072
[+19:52:24.215] VoxelMesh: Chunk X=0 Y=0 Z=0 FlatVerts=198 SlopeVerts=39828
[+19:52:24.245] VoxelChunk: GenerateAsync (1,-3,3)
[+19:52:24.246] VoxelMesh: Chunk X=1 Y=-3 Z=3 FlatVerts=0 SlopeVerts=4692
[+19:52:24.321] VoxelMesh: Chunk X=0 Y=0 Z=0 FlatVerts=0 SlopeVerts=588
[+19:52:24.323] VoxelChunk: GenerateAsync (-2,-2,3)
[+19:52:24.326] VoxelMesh: Chunk X=-2 Y=-2 Z=3 FlatVerts=0 SlopeVerts=6270
[+19:52:24.426] VoxelMesh: Chunk X=0 Y=0 Z=0 FlatVerts=24 SlopeVerts=36774
[+19:52:24.452] VoxelChunk: GenerateAsync (2,-2,3)
[+19:52:24.454] VoxelMesh: Chunk X=2 Y=-2 Z=3 FlatVerts=6 SlopeVerts=3090
[+19:52:24.529] VoxelMesh: Chunk X=0 Y=0 Z=0 FlatVerts=0 SlopeVerts=10260
[+19:52:24.534] VoxelChunk: GenerateAsync (0,-1,3)
[+19:52:24.536] VoxelMesh: Chunk X=0 Y=-1 Z=3 FlatVerts=0 SlopeVerts=72
[+19:52:24.650] VoxelMesh: Chunk X=0 Y=0 Z=0 FlatVerts=7380 SlopeVerts=11868
[+19:52:24.667] VoxelChunk: GenerateAsync (3,1,1)
[+19:52:24.668] VoxelMesh: Chunk X=3 Y=1 Z=1 FlatVerts=126 SlopeVerts=1146
[+19:52:24.753] VoxelMesh: Chunk X=0 Y=0 Z=0 FlatVerts=96 SlopeVerts=31746
[+19:52:24.775] VoxelChunk: GenerateAsync (3,-1,3)
[+19:52:24.776] VoxelMesh: Chunk X=3 Y=-1 Z=3 FlatVerts=0 SlopeVerts=0
[+19:52:24.858] VoxelMesh: Chunk X=0 Y=0 Z=0 FlatVerts=0 SlopeVerts=0
[+19:52:24.858] VoxelChunk: GenerateAsync (-2,0,3)
[+19:52:24.859] VoxelMesh: Chunk X=-2 Y=0 Z=3 FlatVerts=0 SlopeVerts=5352
[+19:52:24.953] VoxelMesh: Chunk X=0 Y=0 Z=0 FlatVerts=0 SlopeVerts=2418
[+19:52:24.955] VoxelChunk: GenerateAsync (1,0,3)
[+19:52:24.957] VoxelMesh: Chunk X=1 Y=0 Z=3 FlatVerts=0 SlopeVerts=0
[+19:52:25.057] VoxelMesh: Chunk X=0 Y=0 Z=0 FlatVerts=0 SlopeVerts=0
[+19:52:25.058] VoxelChunk: GenerateAsync (0,1,3)
[+19:52:25.059] VoxelMesh: Chunk X=0 Y=1 Z=3 FlatVerts=0 SlopeVerts=0
[+19:52:25.169] VoxelMesh: Chunk X=0 Y=0 Z=0 FlatVerts=0 SlopeVerts=12
[+19:52:25.169] VoxelChunk: GenerateAsync (1,1,3)
[+19:52:25.171] VoxelMesh: Chunk X=1 Y=1 Z=3 FlatVerts=0 SlopeVerts=0
[+19:52:25.273] VoxelMesh: Chunk X=0 Y=0 Z=0 FlatVerts=0 SlopeVerts=0
[+19:52:25.274] VoxelChunk: GenerateAsync (-2,2,3)
[+19:52:25.276] VoxelMesh: Chunk X=-2 Y=2 Z=3 FlatVerts=18 SlopeVerts=4662
[+19:52:25.371] VoxelMesh: Chunk X=0 Y=0 Z=0 FlatVerts=2850 SlopeVerts=16926
[+19:52:25.403] VoxelChunk: GenerateAsync (3,0,1)
[+19:52:25.404] VoxelMesh: Chunk X=3 Y=0 Z=1 FlatVerts=1170 SlopeVerts=2454
[+19:52:25.484] VoxelMesh: Chunk X=0 Y=0 Z=0 FlatVerts=0 SlopeVerts=0
[+19:52:25.485] VoxelChunk: GenerateAsync (2,2,3)
[+19:52:25.486] VoxelMesh: Chunk X=2 Y=2 Z=3 FlatVerts=0 SlopeVerts=2184
[+19:52:25.585] VoxelMesh: Chunk X=0 Y=0 Z=0 FlatVerts=0 SlopeVerts=0
[+19:52:25.586] VoxelChunk: GenerateAsync (3,2,3)
[+19:52:25.587] VoxelMesh: Chunk X=3 Y=2 Z=3 FlatVerts=0 SlopeVerts=1038
[+19:52:25.743] VoxelWater: No owner or OceanPlaneMesh, skipping ocean.
[+19:52:25.743] VoxelWorld: GenerateWorldDeferred started.
[+19:52:25.743] VoxelWorld: Queued 441 chunks.
[+19:52:25.756] VoxelMesh: Chunk X=0 Y=0 Z=0 FlatVerts=5988 SlopeVerts=10350
[+19:52:25.758] VoxelChunk: GenerateAsync (0,0,0)
[+19:52:25.759] VoxelMesh: Chunk X=0 Y=0 Z=0 FlatVerts=144 SlopeVerts=132
[+19:52:25.763] VoxelMesh: Chunk X=0 Y=0 Z=0 FlatVerts=3600 SlopeVerts=13656
[+19:52:25.764] VoxelChunk: GenerateAsync (1,0,0)
[+19:52:25.766] VoxelMesh: Chunk X=1 Y=0 Z=0 FlatVerts=2484 SlopeVerts=174
[+19:52:25.769] VoxelMesh: Chunk X=0 Y=0 Z=0 FlatVerts=1476 SlopeVerts=876
[+19:52:25.770] VoxelChunk: GenerateAsync (0,-1,-1)
[+19:52:25.772] VoxelMesh: Chunk X=0 Y=-1 Z=-1 FlatVerts=0 SlopeVerts=0
[+19:52:25.776] VoxelMesh: Chunk X=0 Y=0 Z=0 FlatVerts=156 SlopeVerts=96
[+19:52:25.776] VoxelChunk: GenerateAsync (1,-1,-1)
[+19:52:25.777] VoxelMesh: Chunk X=1 Y=-1 Z=-1 FlatVerts=0 SlopeVerts=0
[+19:52:25.808] VoxelMesh: Chunk X=0 Y=0 Z=0 FlatVerts=4920 SlopeVerts=1614
[+19:52:25.810] VoxelChunk: GenerateAsync (-1,-1,-1)
[+19:52:25.814] VoxelMesh: Chunk X=-1 Y=-1 Z=-1 FlatVerts=0 SlopeVerts=0
[+19:52:25.816] VoxelMesh: Chunk X=0 Y=0 Z=0 FlatVerts=9000 SlopeVerts=2982
[+19:52:25.818] VoxelChunk: GenerateAsync (-1,0,0)
[+19:52:25.819] VoxelMesh: Chunk X=-1 Y=0 Z=0 FlatVerts=0 SlopeVerts=0
[+19:52:25.824] VoxelMesh: Chunk X=0 Y=0 Z=0 FlatVerts=8106 SlopeVerts=6354
[+19:52:25.826] VoxelChunk: GenerateAsync (1,1,0)
[+19:52:25.826] VoxelMesh: Chunk X=1 Y=1 Z=0 FlatVerts=2514 SlopeVerts=0
[+19:52:25.830] VoxelMesh: Chunk X=0 Y=0 Z=0 FlatVerts=900 SlopeVerts=11400
[+19:52:25.831] VoxelChunk: GenerateAsync (1,-1,0)
[+19:52:25.833] VoxelMesh: Chunk X=1 Y=-1 Z=0 FlatVerts=84 SlopeVerts=42
[+19:52:25.856] VoxelMesh: Chunk X=0 Y=0 Z=0 FlatVerts=0 SlopeVerts=0
[+19:52:25.856] VoxelChunk: GenerateAsync (-2,3,3)
[+19:52:25.862] VoxelMesh: Chunk X=-2 Y=3 Z=3 FlatVerts=0 SlopeVerts=1026
[+19:52:25.867] VoxelMesh: Chunk X=0 Y=0 Z=0 FlatVerts=0 SlopeVerts=0
[+19:52:25.867] VoxelChunk: GenerateAsync (-1,1,1)
[+19:52:25.870] VoxelMesh: Chunk X=-1 Y=1 Z=1 FlatVerts=24 SlopeVerts=3072
[+19:52:25.872] VoxelMesh: Chunk X=0 Y=0 Z=0 FlatVerts=9804 SlopeVerts=2352
[+19:52:25.875] VoxelChunk: GenerateAsync (0,1,0)
[+19:52:25.875] VoxelMesh: Chunk X=0 Y=1 Z=0 FlatVerts=1788 SlopeVerts=318
[+19:52:25.878] VoxelMesh: Chunk X=0 Y=0 Z=0 FlatVerts=9636 SlopeVerts=678
[+19:52:25.880] VoxelChunk: GenerateAsync (0,1,-1)
[+19:52:25.882] VoxelMesh: Chunk X=0 Y=1 Z=-1 FlatVerts=0 SlopeVerts=0
[+19:52:25.885] VoxelMesh: Chunk X=0 Y=0 Z=0 FlatVerts=6012 SlopeVerts=9102
[+19:52:25.887] VoxelChunk: GenerateAsync (-1,-1,0)
[+19:52:25.888] VoxelMesh: Chunk X=-1 Y=-1 Z=0 FlatVerts=0 SlopeVerts=0
[+19:52:25.901] VoxelMesh: Chunk X=0 Y=0 Z=0 FlatVerts=8916 SlopeVerts=882
[+19:52:25.903] VoxelChunk: GenerateAsync (-1,0,-1)
[+19:52:25.905] VoxelMesh: Chunk X=-1 Y=0 Z=-1 FlatVerts=0 SlopeVerts=0
[+19:52:25.911] VoxelMesh: Chunk X=0 Y=0 Z=0 FlatVerts=1608 SlopeVerts=20910
[+19:52:25.912] VoxelChunk: GenerateAsync (1,0,1)
[+19:52:25.915] VoxelMesh: Chunk X=1 Y=0 Z=1 FlatVerts=138 SlopeVerts=186
[+19:52:25.920] VoxelMesh: Chunk X=0 Y=0 Z=0 FlatVerts=648 SlopeVerts=25776
[+19:52:25.921] VoxelChunk: GenerateAsync (1,-1,1)
[+19:52:25.924] VoxelMesh: Chunk X=1 Y=-1 Z=1 FlatVerts=1296 SlopeVerts=2550
[+19:52:25.927] VoxelMesh: Chunk X=0 Y=0 Z=0 FlatVerts=10458 SlopeVerts=30
[+19:52:25.929] VoxelChunk: GenerateAsync (-1,1,0)
[+19:52:25.930] VoxelMesh: Chunk X=-1 Y=1 Z=0 FlatVerts=156 SlopeVerts=264
[+19:52:25.943] VoxelMesh: Chunk X=0 Y=0 Z=0 FlatVerts=2346 SlopeVerts=13482
[+19:52:25.944] VoxelChunk: GenerateAsync (0,-1,0)
[+19:52:25.946] VoxelMesh: Chunk X=0 Y=-1 Z=0 FlatVerts=0 SlopeVerts=0
[+19:52:25.948] VoxelMesh: Chunk X=0 Y=0 Z=0 FlatVerts=10458 SlopeVerts=30
[+19:52:25.950] VoxelChunk: GenerateAsync (-1,1,-1)
[+19:52:25.952] VoxelMesh: Chunk X=-1 Y=1 Z=-1 FlatVerts=0 SlopeVerts=0
[+19:52:25.954] VoxelMesh: Chunk X=0 Y=0 Z=0 FlatVerts=5424 SlopeVerts=1548
[+19:52:25.955] VoxelChunk: GenerateAsync (0,0,-1)
[+19:52:25.958] VoxelMesh: Chunk X=0 Y=0 Z=-1 FlatVerts=0 SlopeVerts=0
[+19:52:25.959] VoxelMesh: Chunk X=0 Y=0 Z=0 FlatVerts=7056 SlopeVerts=1260
[+19:52:25.961] VoxelChunk: GenerateAsync (1,1,-1)
[+19:52:25.961] VoxelMesh: Chunk X=1 Y=1 Z=-1 FlatVerts=0 SlopeVerts=0
[+19:52:25.974] VoxelMesh: Chunk X=0 Y=0 Z=0 FlatVerts=2016 SlopeVerts=6270
[+19:52:25.981] VoxelChunk: GenerateAsync (0,3,1)
[+19:52:25.982] VoxelMesh: Chunk X=0 Y=3 Z=1 FlatVerts=660 SlopeVerts=1860
[+19:52:25.989] VoxelMesh: Chunk X=0 Y=0 Z=0 FlatVerts=1836 SlopeVerts=1032
[+19:52:25.990] VoxelChunk: GenerateAsync (1,0,-1)
[+19:52:25.991] VoxelMesh: Chunk X=1 Y=0 Z=-1 FlatVerts=0 SlopeVerts=0
[+19:52:25.996] VoxelMesh: Chunk X=0 Y=0 Z=0 FlatVerts=990 SlopeVerts=5526
[+19:52:25.997] VoxelChunk: GenerateAsync (1,1,1)
[+19:52:26.002] VoxelMesh: Chunk X=1 Y=1 Z=1 FlatVerts=0 SlopeVerts=0
[+19:52:26.004] VoxelMesh: Chunk X=0 Y=0 Z=0 FlatVerts=144 SlopeVerts=1698
[+19:52:26.004] VoxelChunk: GenerateAsync (0,1,1)
[+19:52:26.008] VoxelMesh: Chunk X=0 Y=1 Z=1 FlatVerts=222 SlopeVerts=600
[+19:52:26.011] VoxelMesh: Chunk X=0 Y=0 Z=0 FlatVerts=456 SlopeVerts=10890
[+19:52:26.012] VoxelChunk: GenerateAsync (0,0,1)
[+19:52:26.013] VoxelMesh: Chunk X=0 Y=0 Z=1 FlatVerts=690 SlopeVerts=3588
[+19:52:26.032] VoxelMesh: Chunk X=0 Y=0 Z=0 FlatVerts=54 SlopeVerts=2202
[+19:52:26.032] VoxelChunk: GenerateAsync (-1,0,1)
[+19:52:26.034] VoxelMesh: Chunk X=-1 Y=0 Z=1 FlatVerts=0 SlopeVerts=84
[+19:52:26.040] VoxelMesh: Chunk X=0 Y=0 Z=0 FlatVerts=792 SlopeVerts=22026
[+19:52:26.042] VoxelChunk: GenerateAsync (0,-1,1)
[+19:52:26.043] VoxelMesh: Chunk X=0 Y=-1 Z=1 FlatVerts=36 SlopeVerts=2340
[+19:52:26.050] VoxelMesh: Chunk X=0 Y=0 Z=0 FlatVerts=1050 SlopeVerts=10668
[+19:52:26.052] VoxelChunk: GenerateAsync (-1,-1,1)
[+19:52:26.053] VoxelMesh: Chunk X=-1 Y=-1 Z=1 FlatVerts=0 SlopeVerts=0
[+19:52:26.059] VoxelMesh: Chunk X=0 Y=0 Z=0 FlatVerts=6 SlopeVerts=15186
[+19:52:26.061] VoxelChunk: GenerateAsync (0,-1,2)
[+19:52:26.062] VoxelMesh: Chunk X=0 Y=-1 Z=2 FlatVerts=396 SlopeVerts=3870
[+19:52:26.081] VoxelMesh: Chunk X=0 Y=0 Z=0 FlatVerts=6 SlopeVerts=3168
[+19:52:26.081] VoxelChunk: GenerateAsync (-1,-1,2)
[+19:52:26.085] VoxelMesh: Chunk X=-1 Y=-1 Z=2 FlatVerts=90 SlopeVerts=1260
[+19:52:26.087] VoxelMesh: Chunk X=0 Y=0 Z=0 FlatVerts=0 SlopeVerts=0
[+19:52:26.087] VoxelChunk: GenerateAsync (-2,1,2)
[+19:52:26.088] VoxelMesh: Chunk X=-2 Y=1 Z=2 FlatVerts=30 SlopeVerts=1836
[+19:52:26.094] VoxelMesh: Chunk X=0 Y=0 Z=0 FlatVerts=0 SlopeVerts=0
[+19:52:26.094] VoxelChunk: GenerateAsync (-2,-1,2)
[+19:52:26.096] VoxelMesh: Chunk X=-2 Y=-1 Z=2 FlatVerts=204 SlopeVerts=2970
[+19:52:26.100] VoxelMesh: Chunk X=0 Y=0 Z=0 FlatVerts=78 SlopeVerts=26808
[+19:52:26.102] VoxelChunk: GenerateAsync (2,-2,2)
[+19:52:26.103] VoxelMesh: Chunk X=2 Y=-2 Z=2 FlatVerts=0 SlopeVerts=3672
[+19:52:26.120] VoxelMesh: Chunk X=0 Y=0 Z=0 FlatVerts=132 SlopeVerts=39048
[+19:52:26.152] VoxelChunk: GenerateAsync (2,-3,3)
[+19:52:26.153] VoxelMesh: Chunk X=2 Y=-3 Z=3 FlatVerts=12 SlopeVerts=3114
[+19:52:26.166] VoxelMesh: Chunk X=0 Y=0 Z=0 FlatVerts=270 SlopeVerts=19860
[+19:52:26.166] VoxelChunk: GenerateAsync (2,0,2)
[+19:52:26.171] VoxelMesh: Chunk X=2 Y=0 Z=2 FlatVerts=0 SlopeVerts=0
[+19:52:26.175] VoxelMesh: Chunk X=0 Y=0 Z=0 FlatVerts=252 SlopeVerts=2622
[+19:52:26.175] VoxelChunk: GenerateAsync (2,1,2)
[+19:52:26.179] VoxelMesh: Chunk X=2 Y=1 Z=2 FlatVerts=0 SlopeVerts=1722
[+19:52:26.182] VoxelMesh: Chunk X=0 Y=0 Z=0 FlatVerts=18 SlopeVerts=25014
[+19:52:26.183] VoxelChunk: GenerateAsync (1,-2,2)
[+19:52:26.184] VoxelMesh: Chunk X=1 Y=-2 Z=2 FlatVerts=168 SlopeVerts=3174
[+19:52:26.191] VoxelMesh: Chunk X=0 Y=0 Z=0 FlatVerts=36 SlopeVerts=26808
[+19:52:26.193] VoxelChunk: GenerateAsync (0,-2,2)
[+19:52:26.194] VoxelMesh: Chunk X=0 Y=-2 Z=2 FlatVerts=96 SlopeVerts=2754
[+19:52:26.210] VoxelMesh: Chunk X=0 Y=0 Z=0 FlatVerts=0 SlopeVerts=0
[+19:52:26.210] VoxelChunk: GenerateAsync (-2,1,1)
[+19:52:26.212] VoxelMesh: Chunk X=-2 Y=1 Z=1 FlatVerts=0 SlopeVerts=0
[+19:52:26.216] VoxelMesh: Chunk X=0 Y=0 Z=0 FlatVerts=1734 SlopeVerts=24360
[+19:52:26.217] VoxelChunk: GenerateAsync (2,0,1)
[+19:52:26.220] VoxelMesh: Chunk X=2 Y=0 Z=1 FlatVerts=0 SlopeVerts=0
[+19:52:26.226] VoxelMesh: Chunk X=0 Y=0 Z=0 FlatVerts=0 SlopeVerts=10548
[+19:52:26.227] VoxelChunk: GenerateAsync (1,0,2)
[+19:52:26.230] VoxelMesh: Chunk X=1 Y=0 Z=2 FlatVerts=0 SlopeVerts=0
[+19:52:26.235] VoxelMesh: Chunk X=0 Y=0 Z=0 FlatVerts=48 SlopeVerts=16752
[+19:52:26.236] VoxelChunk: GenerateAsync (-1,-2,2)
[+19:52:26.238] VoxelMesh: Chunk X=-1 Y=-2 Z=2 FlatVerts=198 SlopeVerts=5094
[+19:52:26.253] VoxelMesh: Chunk X=0 Y=0 Z=0 FlatVerts=96 SlopeVerts=37128
[+19:52:26.281] VoxelChunk: GenerateAsync (3,-3,3)
[+19:52:26.283] VoxelMesh: Chunk X=3 Y=-3 Z=3 FlatVerts=0 SlopeVerts=4488
[+19:52:26.289] VoxelMesh: Chunk X=0 Y=0 Z=0 FlatVerts=18 SlopeVerts=4860
[+19:52:26.289] VoxelChunk: GenerateAsync (-2,-2,2)
[+19:52:26.292] VoxelMesh: Chunk X=-2 Y=-2 Z=2 FlatVerts=0 SlopeVerts=2334
[+19:52:26.296] VoxelMesh: Chunk X=0 Y=0 Z=0 FlatVerts=0 SlopeVerts=0
[+19:52:26.297] VoxelChunk: GenerateAsync (-2,0,1)
[+19:52:26.300] VoxelMesh: Chunk X=-2 Y=0 Z=1 FlatVerts=0 SlopeVerts=0
[+19:52:26.303] VoxelMesh: Chunk X=0 Y=0 Z=0 FlatVerts=636 SlopeVerts=23826
[+19:52:26.305] VoxelChunk: GenerateAsync (2,-1,1)
[+19:52:26.312] VoxelMesh: Chunk X=2 Y=-1 Z=1 FlatVerts=108 SlopeVerts=1128
[+19:52:26.314] VoxelMesh: Chunk X=0 Y=0 Z=0 FlatVerts=0 SlopeVerts=2088
[+19:52:26.315] VoxelChunk: GenerateAsync (0,0,2)
[+19:52:26.317] VoxelMesh: Chunk X=0 Y=0 Z=2 FlatVerts=0 SlopeVerts=930
[+19:52:26.336] VoxelMesh: Chunk X=0 Y=0 Z=0 FlatVerts=0 SlopeVerts=384
[+19:52:26.336] VoxelChunk: GenerateAsync (1,1,2)
[+19:52:26.341] VoxelMesh: Chunk X=1 Y=1 Z=2 FlatVerts=0 SlopeVerts=0
[+19:52:26.342] VoxelMesh: Chunk X=0 Y=0 Z=0 FlatVerts=0 SlopeVerts=0
[+19:52:26.342] VoxelChunk: GenerateAsync (-1,2,2)
[+19:52:26.346] VoxelMesh: Chunk X=-1 Y=2 Z=2 FlatVerts=0 SlopeVerts=114
[+19:52:26.350] VoxelMesh: Chunk X=0 Y=0 Z=0 FlatVerts=588 SlopeVerts=1656
[+19:52:26.351] VoxelChunk: GenerateAsync (-2,-1,1)
[+19:52:26.352] VoxelMesh: Chunk X=-2 Y=-1 Z=1 FlatVerts=0 SlopeVerts=0
[+19:52:26.357] VoxelMesh: Chunk X=0 Y=0 Z=0 FlatVerts=126 SlopeVerts=13854
[+19:52:26.358] VoxelChunk: GenerateAsync (2,-2,1)
[+19:52:26.360] VoxelMesh: Chunk X=2 Y=-2 Z=1 FlatVerts=228 SlopeVerts=2958
[+19:52:26.374] VoxelMesh: Chunk X=0 Y=0 Z=0 FlatVerts=0 SlopeVerts=8814
[+19:52:26.380] VoxelChunk: GenerateAsync (-1,-2,3)
[+19:52:26.381] VoxelMesh: Chunk X=-1 Y=-2 Z=3 FlatVerts=6 SlopeVerts=2718
[+19:52:26.389] VoxelMesh: Chunk X=0 Y=0 Z=0 FlatVerts=5688 SlopeVerts=6942
[+19:52:26.390] VoxelChunk: GenerateAsync (2,2,1)
[+19:52:26.393] VoxelMesh: Chunk X=2 Y=2 Z=1 FlatVerts=0 SlopeVerts=672
[+19:52:26.398] VoxelMesh: Chunk X=0 Y=0 Z=0 FlatVerts=1248 SlopeVerts=3060
[+19:52:26.399] VoxelChunk: GenerateAsync (1,2,1)
[+19:52:26.400] VoxelMesh: Chunk X=1 Y=2 Z=1 FlatVerts=132 SlopeVerts=2694
[+19:52:26.406] VoxelMesh: Chunk X=0 Y=0 Z=0 FlatVerts=0 SlopeVerts=72
[+19:52:26.407] VoxelChunk: GenerateAsync (-1,0,2)
[+19:52:26.409] VoxelMesh: Chunk X=-1 Y=0 Z=2 FlatVerts=36 SlopeVerts=2820
[+19:52:26.413] VoxelMesh: Chunk X=0 Y=0 Z=0 FlatVerts=6 SlopeVerts=420
[+19:52:26.413] VoxelChunk: GenerateAsync (0,2,1)
[+19:52:26.415] VoxelMesh: Chunk X=0 Y=2 Z=1 FlatVerts=1284 SlopeVerts=0
[+19:52:26.431] VoxelMesh: Chunk X=0 Y=0 Z=0 FlatVerts=0 SlopeVerts=0
[+19:52:26.432] VoxelChunk: GenerateAsync (-1,2,1)
[+19:52:26.434] VoxelMesh: Chunk X=-1 Y=2 Z=1 FlatVerts=798 SlopeVerts=1308
[+19:52:26.438] VoxelMesh: Chunk X=0 Y=0 Z=0 FlatVerts=0 SlopeVerts=0
[+19:52:26.438] VoxelChunk: GenerateAsync (-2,0,2)
[+19:52:26.443] VoxelMesh: Chunk X=-2 Y=0 Z=2 FlatVerts=108 SlopeVerts=2652
[+19:52:26.446] VoxelMesh: Chunk X=0 Y=0 Z=0 FlatVerts=0 SlopeVerts=0
[+19:52:26.446] VoxelChunk: GenerateAsync (0,1,2)
[+19:52:26.448] VoxelMesh: Chunk X=0 Y=1 Z=2 FlatVerts=0 SlopeVerts=0
[+19:52:26.453] VoxelMesh: Chunk X=0 Y=0 Z=0 FlatVerts=1890 SlopeVerts=1116
[+19:52:26.455] VoxelChunk: GenerateAsync (2,2,2)
[+19:52:26.457] VoxelMesh: Chunk X=2 Y=2 Z=2 FlatVerts=0 SlopeVerts=1560
[+19:52:26.463] VoxelMesh: Chunk X=0 Y=0 Z=0 FlatVerts=0 SlopeVerts=0
[+19:52:26.464] VoxelChunk: GenerateAsync (16,-21,-1)
[+19:52:26.467] VoxelMesh: Chunk X=16 Y=-21 Z=-1 FlatVerts=0 SlopeVerts=0
[+19:52:26.470] VoxelMesh: Chunk X=0 Y=0 Z=0 FlatVerts=6 SlopeVerts=20058
[+19:52:26.473] VoxelChunk: GenerateAsync (16,-21,3)
[+19:52:26.475] VoxelMesh: Chunk X=16 Y=-21 Z=3 FlatVerts=42 SlopeVerts=2928
[+19:52:26.481] VoxelMesh: Chunk X=0 Y=0 Z=0 FlatVerts=372 SlopeVerts=31398
[+19:52:26.483] VoxelChunk: GenerateAsync (16,-21,2)
[+19:52:26.486] VoxelMesh: Chunk X=16 Y=-21 Z=2 FlatVerts=384 SlopeVerts=3948
[+19:52:26.491] VoxelMesh: Chunk X=0 Y=0 Z=0 FlatVerts=0 SlopeVerts=0
[+19:52:26.492] VoxelChunk: GenerateAsync (16,-20,-1)
[+19:52:26.496] VoxelMesh: Chunk X=16 Y=-20 Z=-1 FlatVerts=0 SlopeVerts=0
[+19:52:26.499] VoxelMesh: Chunk X=0 Y=0 Z=0 FlatVerts=24 SlopeVerts=25026
[+19:52:26.501] VoxelChunk: GenerateAsync (16,-20,3)
[+19:52:26.504] VoxelMesh: Chunk X=16 Y=-20 Z=3 FlatVerts=36 SlopeVerts=4092
[+19:52:26.510] VoxelMesh: Chunk X=0 Y=0 Z=0 FlatVerts=312 SlopeVerts=24348
[+19:52:26.512] VoxelChunk: GenerateAsync (16,-20,2)
[+19:52:26.517] VoxelMesh: Chunk X=16 Y=-20 Z=2 FlatVerts=150 SlopeVerts=4758
[+19:52:26.519] VoxelMesh: Chunk X=0 Y=0 Z=0 FlatVerts=0 SlopeVerts=0
[+19:52:26.519] VoxelChunk: GenerateAsync (16,-19,-1)
[+19:52:26.522] VoxelMesh: Chunk X=16 Y=-19 Z=-1 FlatVerts=0 SlopeVerts=0
[+19:52:26.527] VoxelMesh: Chunk X=0 Y=0 Z=0 FlatVerts=198 SlopeVerts=20052
[+19:52:26.529] VoxelChunk: GenerateAsync (16,-19,3)
[+19:52:26.530] VoxelMesh: Chunk X=16 Y=-19 Z=3 FlatVerts=30 SlopeVerts=2364
[+19:52:26.535] VoxelMesh: Chunk X=0 Y=0 Z=0 FlatVerts=402 SlopeVerts=17064
[+19:52:26.537] VoxelChunk: GenerateAsync (16,-19,2)
[+19:52:26.541] VoxelMesh: Chunk X=16 Y=-19 Z=2 FlatVerts=0 SlopeVerts=558
[+19:52:26.543] VoxelMesh: Chunk X=0 Y=0 Z=0 FlatVerts=0 SlopeVerts=0
[+19:52:26.543] VoxelChunk: GenerateAsync (17,-21,-1)
[+19:52:26.545] VoxelMesh: Chunk X=17 Y=-21 Z=-1 FlatVerts=0 SlopeVerts=0
[+19:52:26.550] VoxelMesh: Chunk X=0 Y=0 Z=0 FlatVerts=6 SlopeVerts=8598
[+19:52:26.551] VoxelChunk: GenerateAsync (17,-21,3)
[+19:52:26.553] VoxelMesh: Chunk X=17 Y=-21 Z=3 FlatVerts=0 SlopeVerts=0
[+19:52:26.559] VoxelMesh: Chunk X=0 Y=0 Z=0 FlatVerts=366 SlopeVerts=22050
[+19:52:26.561] VoxelChunk: GenerateAsync (17,-21,2)
[+19:52:26.563] VoxelMesh: Chunk X=17 Y=-21 Z=2 FlatVerts=0 SlopeVerts=312
[+19:52:26.567] VoxelMesh: Chunk X=0 Y=0 Z=0 FlatVerts=0 SlopeVerts=0
[+19:52:26.567] VoxelChunk: GenerateAsync (17,-20,-1)
[+19:52:26.570] VoxelMesh: Chunk X=17 Y=-20 Z=-1 FlatVerts=0 SlopeVerts=0
[+19:52:26.576] VoxelMesh: Chunk X=0 Y=0 Z=0 FlatVerts=6 SlopeVerts=7632
[+19:52:26.577] VoxelChunk: GenerateAsync (17,-20,3)
[+19:52:26.582] VoxelMesh: Chunk X=17 Y=-20 Z=3 FlatVerts=96 SlopeVerts=2370
[+19:52:26.585] VoxelMesh: Chunk X=0 Y=0 Z=0 FlatVerts=1320 SlopeVerts=20346
[+19:52:26.587] VoxelChunk: GenerateAsync (17,-20,2)
[+19:52:26.592] VoxelMesh: Chunk X=17 Y=-20 Z=2 FlatVerts=12 SlopeVerts=3366
[+19:52:26.593] VoxelMesh: Chunk X=0 Y=0 Z=0 FlatVerts=0 SlopeVerts=0
[+19:52:26.594] VoxelChunk: GenerateAsync (17,-19,-1)
[+19:52:26.597] VoxelMesh: Chunk X=17 Y=-19 Z=-1 FlatVerts=0 SlopeVerts=0
[+19:52:26.601] VoxelMesh: Chunk X=0 Y=0 Z=0 FlatVerts=0 SlopeVerts=3612
[+19:52:26.602] VoxelChunk: GenerateAsync (17,-19,3)
[+19:52:26.608] VoxelMesh: Chunk X=17 Y=-19 Z=3 FlatVerts=6 SlopeVerts=4464
[+19:52:26.610] VoxelMesh: Chunk X=0 Y=0 Z=0 FlatVerts=1446 SlopeVerts=14346
[+19:52:26.611] VoxelChunk: GenerateAsync (17,-19,2)
[+19:52:26.612] VoxelMesh: Chunk X=17 Y=-19 Z=2 FlatVerts=0 SlopeVerts=2268
[+19:52:26.616] VoxelMesh: Chunk X=0 Y=0 Z=0 FlatVerts=0 SlopeVerts=0
[+19:52:26.617] VoxelChunk: GenerateAsync (18,-21,-1)
[+19:52:26.621] VoxelMesh: Chunk X=18 Y=-21 Z=-1 FlatVerts=0 SlopeVerts=0
[+19:52:26.625] VoxelMesh: Chunk X=0 Y=0 Z=0 FlatVerts=0 SlopeVerts=8034
[+19:52:26.626] VoxelChunk: GenerateAsync (18,-21,3)
[+19:52:26.628] VoxelMesh: Chunk X=18 Y=-21 Z=3 FlatVerts=0 SlopeVerts=0
[+19:52:26.633] VoxelMesh: Chunk X=0 Y=0 Z=0 FlatVerts=186 SlopeVerts=15486
[+19:52:26.635] VoxelChunk: GenerateAsync (18,-21,2)
[+19:52:26.637] VoxelMesh: Chunk X=18 Y=-21 Z=2 FlatVerts=0 SlopeVerts=2166
[+19:52:26.640] VoxelMesh: Chunk X=0 Y=0 Z=0 FlatVerts=0 SlopeVerts=0
[+19:52:26.641] VoxelChunk: GenerateAsync (18,-20,-1)
[+19:52:26.643] VoxelMesh: Chunk X=18 Y=-20 Z=-1 FlatVerts=0 SlopeVerts=0
[+19:52:26.648] VoxelMesh: Chunk X=0 Y=0 Z=0 FlatVerts=0 SlopeVerts=4158
[+19:52:26.648] VoxelChunk: GenerateAsync (18,-20,3)
[+19:52:26.650] VoxelMesh: Chunk X=18 Y=-20 Z=3 FlatVerts=0 SlopeVerts=0
[+19:52:26.656] VoxelMesh: Chunk X=0 Y=0 Z=0 FlatVerts=1044 SlopeVerts=11316
[+19:52:26.657] VoxelChunk: GenerateAsync (18,-20,2)
[+19:52:26.660] VoxelMesh: Chunk X=18 Y=-20 Z=2 FlatVerts=0 SlopeVerts=60
[+19:52:26.663] VoxelMesh: Chunk X=0 Y=0 Z=0 FlatVerts=0 SlopeVerts=0
[+19:52:26.663] VoxelChunk: GenerateAsync (18,-19,-1)
[+19:52:26.665] VoxelMesh: Chunk X=18 Y=-19 Z=-1 FlatVerts=0 SlopeVerts=0
[+19:52:26.671] VoxelMesh: Chunk X=0 Y=0 Z=0 FlatVerts=0 SlopeVerts=216
[+19:52:26.671] VoxelChunk: GenerateAsync (18,-19,3)
[+19:52:26.676] VoxelMesh: Chunk X=18 Y=-19 Z=3 FlatVerts=0 SlopeVerts=0
[+19:52:26.678] VoxelMesh: Chunk X=0 Y=0 Z=0 FlatVerts=1098 SlopeVerts=3288
[+19:52:26.679] VoxelChunk: GenerateAsync (18,-19,2)
[+19:52:26.680] VoxelMesh: Chunk X=18 Y=-19 Z=2 FlatVerts=0 SlopeVerts=1080
[+19:52:26.724] VoxelChunk: GenerateAsync (16,-21,3)
[+19:52:26.724] VoxelChunk: GenerateAsync (16,-20,3)
[+19:52:26.724] VoxelChunk: GenerateAsync (16,-19,3)
[+19:52:26.724] VoxelChunk: GenerateAsync (17,-21,3)
[+19:52:26.724] VoxelChunk: GenerateAsync (17,-20,3)
[+19:52:26.725] VoxelChunk: GenerateAsync (17,-19,3)
[+19:52:26.725] VoxelChunk: GenerateAsync (18,-21,3)
[+19:52:26.725] VoxelChunk: GenerateAsync (18,-20,3)
[+19:52:26.725] VoxelChunk: GenerateAsync (18,-19,3)
[+19:52:26.725] VoxelMesh: Chunk X=16 Y=-21 Z=3 FlatVerts=0 SlopeVerts=726
[+19:52:26.726] VoxelMesh: Chunk X=16 Y=-19 Z=3 FlatVerts=0 SlopeVerts=594
[+19:52:26.726] VoxelMesh: Chunk X=16 Y=-20 Z=3 FlatVerts=36 SlopeVerts=900
[+19:52:26.726] VoxelMesh: Chunk X=17 Y=-19 Z=3 FlatVerts=0 SlopeVerts=996
[+19:52:26.726] VoxelMesh: Chunk X=17 Y=-21 Z=3 FlatVerts=0 SlopeVerts=0
[+19:52:26.726] VoxelMesh: Chunk X=18 Y=-21 Z=3 FlatVerts=0 SlopeVerts=0
[+19:52:26.727] VoxelMesh: Chunk X=18 Y=-20 Z=3 FlatVerts=0 SlopeVerts=0
[+19:52:26.727] VoxelMesh: Chunk X=17 Y=-20 Z=3 FlatVerts=0 SlopeVerts=582
[+19:52:26.727] VoxelMesh: Chunk X=18 Y=-19 Z=3 FlatVerts=0 SlopeVerts=0
[+19:52:26.727] VoxelMesh: Chunk X=2 Y=2 Z=2 FlatVerts=0 SlopeVerts=0
[+19:52:26.727] VoxelChunk: GenerateAsync (2,-1,2)
[+19:52:26.729] VoxelMesh: Chunk X=2 Y=-1 Z=2 FlatVerts=0 SlopeVerts=0
[+19:52:26.729] VoxelMesh: Chunk X=0 Y=1 Z=2 FlatVerts=24 SlopeVerts=306
[+19:52:26.729] VoxelChunk: GenerateAsync (1,-1,2)
[+19:52:26.732] VoxelMesh: Chunk X=1 Y=-1 Z=2 FlatVerts=24 SlopeVerts=306
[+19:52:26.732] VoxelMesh: Chunk X=-2 Y=0 Z=2 FlatVerts=78 SlopeVerts=4026
[+19:52:26.732] VoxelChunk: GenerateAsync (-1,1,2)
[+19:52:26.734] VoxelMesh: Chunk X=-1 Y=2 Z=1 FlatVerts=0 SlopeVerts=2922
[+19:52:26.734] VoxelChunk: GenerateAsync (-2,2,2)
[+19:52:26.734] VoxelMesh: Chunk X=-1 Y=1 Z=2 FlatVerts=78 SlopeVerts=4026
[+19:52:26.735] VoxelMesh: Chunk X=-2 Y=2 Z=2 FlatVerts=0 SlopeVerts=2922
[+19:52:26.752] VoxelMesh: Chunk X=0 Y=0 Z=0 FlatVerts=60 SlopeVerts=29712
[+19:52:26.774] VoxelChunk: GenerateAsync (0,-2,3)
[+19:52:26.777] VoxelMesh: Chunk X=0 Y=-2 Z=3 FlatVerts=66 SlopeVerts=4050
[+19:52:26.783] VoxelMesh: Chunk X=0 Y=2 Z=1 FlatVerts=0 SlopeVerts=0
[+19:52:26.784] VoxelChunk: GenerateAsync (0,2,2)
[+19:52:26.786] VoxelMesh: Chunk X=-1 Y=0 Z=2 FlatVerts=0 SlopeVerts=1476
[+19:52:26.786] VoxelChunk: GenerateAsync (1,2,2)
[+19:52:26.786] VoxelMesh: Chunk X=0 Y=2 Z=2 FlatVerts=0 SlopeVerts=0
[+19:52:26.787] VoxelMesh: Chunk X=1 Y=2 Z=1 FlatVerts=0 SlopeVerts=1896
[+19:52:26.787] VoxelChunk: GenerateAsync (-2,2,1)
[+19:52:26.787] VoxelMesh: Chunk X=1 Y=2 Z=2 FlatVerts=0 SlopeVerts=1476
[+19:52:26.789] VoxelMesh: Chunk X=2 Y=2 Z=1 FlatVerts=0 SlopeVerts=2430
[+19:52:26.789] VoxelChunk: GenerateAsync (2,1,1)
[+19:52:26.792] VoxelMesh: Chunk X=-2 Y=2 Z=1 FlatVerts=0 SlopeVerts=1896
[+19:52:26.792] VoxelMesh: Chunk X=2 Y=1 Z=1 FlatVerts=0 SlopeVerts=2430
[+19:52:26.803] VoxelMesh: Chunk X=2 Y=-2 Z=1 FlatVerts=0 SlopeVerts=0
[+19:52:26.803] VoxelChunk: GenerateAsync (-1,1,-2)
[+19:52:26.805] VoxelMesh: Chunk X=-2 Y=-1 Z=1 FlatVerts=0 SlopeVerts=0
[+19:52:26.805] VoxelChunk: GenerateAsync (2,-2,-1)
[+19:52:26.806] VoxelMesh: Chunk X=-1 Y=2 Z=2 FlatVerts=1620 SlopeVerts=264
[+19:52:26.807] VoxelMesh: Chunk X=-1 Y=1 Z=-2 FlatVerts=0 SlopeVerts=0
[+19:52:26.807] VoxelChunk: GenerateAsync (1,2,0)
[+19:52:26.807] VoxelMesh: Chunk X=1 Y=1 Z=2 FlatVerts=1302 SlopeVerts=0
[+19:52:26.808] VoxelMesh: Chunk X=1 Y=2 Z=0 FlatVerts=1620 SlopeVerts=264
[+19:52:26.808] VoxelChunk: GenerateAsync (0,2,0)
[+19:52:26.808] VoxelMesh: Chunk X=2 Y=-2 Z=-1 FlatVerts=0 SlopeVerts=0
[+19:52:26.809] VoxelMesh: Chunk X=0 Y=2 Z=0 FlatVerts=1302 SlopeVerts=0
[+19:52:26.818] VoxelMesh: Chunk X=0 Y=0 Z=2 FlatVerts=1668 SlopeVerts=474
[+19:52:26.819] VoxelChunk: GenerateAsync (2,-1,0)
[+19:52:26.820] VoxelMesh: Chunk X=2 Y=-1 Z=0 FlatVerts=1668 SlopeVerts=474
[+19:52:26.821] VoxelMesh: Chunk X=2 Y=-1 Z=1 FlatVerts=0 SlopeVerts=0
[+19:52:26.821] VoxelChunk: GenerateAsync (-1,0,-2)
[+19:52:26.821] VoxelMesh: Chunk X=-2 Y=0 Z=1 FlatVerts=0 SlopeVerts=0
[+19:52:26.821] VoxelChunk: GenerateAsync (0,-2,1)
[+19:52:26.824] VoxelMesh: Chunk X=-1 Y=0 Z=-2 FlatVerts=0 SlopeVerts=0
[+19:52:26.824] VoxelMesh: Chunk X=-2 Y=-2 Z=2 FlatVerts=0 SlopeVerts=0
[+19:52:26.824] VoxelChunk: GenerateAsync (-1,-2,-1)
[+19:52:26.824] VoxelMesh: Chunk X=0 Y=-2 Z=1 FlatVerts=0 SlopeVerts=0
[+19:52:26.826] VoxelMesh: Chunk X=-1 Y=-2 Z=-1 FlatVerts=0 SlopeVerts=0
[+19:52:26.853] VoxelMesh: Chunk X=0 Y=0 Z=0 FlatVerts=60 SlopeVerts=35088
[+19:52:26.885] VoxelChunk: GenerateAsync (3,-2,3)
[+19:52:26.886] VoxelMesh: Chunk X=3 Y=-2 Z=3 FlatVerts=0 SlopeVerts=0
[+19:52:26.891] VoxelMesh: Chunk X=-1 Y=-2 Z=2 FlatVerts=0 SlopeVerts=0
[+19:52:26.891] VoxelChunk: GenerateAsync (-2,1,-1)
[+19:52:26.893] VoxelMesh: Chunk X=1 Y=0 Z=2 FlatVerts=0 SlopeVerts=0
[+19:52:26.894] VoxelChunk: GenerateAsync (-1,2,-2)
[+19:52:26.894] VoxelMesh: Chunk X=-2 Y=1 Z=-1 FlatVerts=0 SlopeVerts=0
[+19:52:26.894] VoxelMesh: Chunk X=2 Y=0 Z=1 FlatVerts=2574 SlopeVerts=12
[+19:52:26.895] VoxelChunk: GenerateAsync (2,0,0)
[+19:52:26.896] VoxelMesh: Chunk X=-1 Y=2 Z=-2 FlatVerts=0 SlopeVerts=0
[+19:52:26.896] VoxelMesh: Chunk X=2 Y=0 Z=0 FlatVerts=2574 SlopeVerts=12
[+19:52:26.896] VoxelMesh: Chunk X=-2 Y=1 Z=1 FlatVerts=0 SlopeVerts=0
[+19:52:26.896] VoxelChunk: GenerateAsync (-2,-1,-2)
[+19:52:26.899] VoxelMesh: Chunk X=-2 Y=-1 Z=-2 FlatVerts=0 SlopeVerts=0
[+19:52:26.910] VoxelMesh: Chunk X=0 Y=-2 Z=2 FlatVerts=0 SlopeVerts=0
[+19:52:26.910] VoxelChunk: GenerateAsync (0,-2,-1)
[+19:52:26.912] VoxelMesh: Chunk X=1 Y=-2 Z=2 FlatVerts=0 SlopeVerts=0
[+19:52:26.912] VoxelChunk: GenerateAsync (2,-1,-2)
[+19:52:26.913] VoxelMesh: Chunk X=0 Y=-2 Z=-1 FlatVerts=0 SlopeVerts=0
[+19:52:26.914] VoxelMesh: Chunk X=2 Y=1 Z=2 FlatVerts=0 SlopeVerts=0
[+19:52:26.914] VoxelMesh: Chunk X=2 Y=-1 Z=-2 FlatVerts=0 SlopeVerts=0
[+19:52:26.914] VoxelChunk: GenerateAsync (-2,2,-2)
[+19:52:26.916] VoxelMesh: Chunk X=2 Y=0 Z=2 FlatVerts=0 SlopeVerts=0
[+19:52:26.916] VoxelChunk: GenerateAsync (2,2,-1)
[+19:52:26.916] VoxelMesh: Chunk X=-2 Y=2 Z=-2 FlatVerts=0 SlopeVerts=0
[+19:52:26.917] VoxelMesh: Chunk X=2 Y=2 Z=-1 FlatVerts=0 SlopeVerts=0
[+19:52:26.927] VoxelMesh: Chunk X=2 Y=-2 Z=2 FlatVerts=0 SlopeVerts=0
[+19:52:26.927] VoxelChunk: GenerateAsync (-2,-2,0)
[+19:52:26.929] VoxelMesh: Chunk X=-2 Y=-2 Z=0 FlatVerts=0 SlopeVerts=0
[+19:52:26.929] VoxelMesh: Chunk X=-2 Y=-1 Z=2 FlatVerts=0 SlopeVerts=0
[+19:52:26.930] VoxelChunk: GenerateAsync (-2,0,0)
[+19:52:26.931] VoxelMesh: Chunk X=-2 Y=1 Z=2 FlatVerts=1908 SlopeVerts=510
[+19:52:26.932] VoxelMesh: Chunk X=-2 Y=0 Z=0 FlatVerts=0 SlopeVerts=0
[+19:52:26.932] VoxelChunk: GenerateAsync (2,1,0)
[+19:52:26.933] VoxelMesh: Chunk X=2 Y=1 Z=0 FlatVerts=1908 SlopeVerts=510
[+19:52:26.934] VoxelMesh: Chunk X=-1 Y=-1 Z=2 FlatVerts=0 SlopeVerts=0
[+19:52:26.934] VoxelChunk: GenerateAsync (0,2,-2)
[+19:52:26.936] VoxelMesh: Chunk X=0 Y=2 Z=-2 FlatVerts=0 SlopeVerts=0
[+19:52:26.950] VoxelMesh: Chunk X=0 Y=0 Z=0 FlatVerts=0 SlopeVerts=0
[+19:52:26.950] VoxelChunk: GenerateAsync (-2,-1,3)
[+19:52:26.952] VoxelMesh: Chunk X=-2 Y=-1 Z=3 FlatVerts=66 SlopeVerts=4182
[+19:52:26.958] VoxelMesh: Chunk X=0 Y=-1 Z=2 FlatVerts=0 SlopeVerts=0
[+19:52:26.958] VoxelChunk: GenerateAsync (-1,-1,-2)
[+19:52:26.959] VoxelMesh: Chunk X=-1 Y=-1 Z=1 FlatVerts=0 SlopeVerts=0
[+19:52:26.960] VoxelChunk: GenerateAsync (2,1,-1)
[+19:52:26.960] VoxelMesh: Chunk X=-1 Y=-1 Z=-2 FlatVerts=0 SlopeVerts=0
[+19:52:26.961] VoxelMesh: Chunk X=0 Y=-1 Z=1 FlatVerts=0 SlopeVerts=0
[+19:52:26.961] VoxelMesh: Chunk X=2 Y=1 Z=-1 FlatVerts=0 SlopeVerts=0
[+19:52:26.961] VoxelChunk: GenerateAsync (1,-2,-1)
[+19:52:26.963] VoxelMesh: Chunk X=-1 Y=0 Z=1 FlatVerts=0 SlopeVerts=0
[+19:52:26.963] VoxelMesh: Chunk X=1 Y=-2 Z=-1 FlatVerts=0 SlopeVerts=0
[+19:52:26.963] VoxelChunk: GenerateAsync (0,-1,-2)
[+19:52:26.965] VoxelMesh: Chunk X=0 Y=-1 Z=-2 FlatVerts=0 SlopeVerts=0
[+19:52:26.976] VoxelMesh: Chunk X=0 Y=0 Z=1 FlatVerts=0 SlopeVerts=0
[+19:52:26.976] VoxelChunk: GenerateAsync (-2,0,-1)
[+19:52:26.978] VoxelMesh: Chunk X=0 Y=1 Z=1 FlatVerts=0 SlopeVerts=0
[+19:52:26.978] VoxelMesh: Chunk X=-2 Y=0 Z=-1 FlatVerts=0 SlopeVerts=0
[+19:52:26.978] VoxelChunk: GenerateAsync (-1,-2,-2)
[+19:52:26.979] VoxelMesh: Chunk X=1 Y=1 Z=1 FlatVerts=0 SlopeVerts=0
[+19:52:26.980] VoxelChunk: GenerateAsync (0,0,-2)
[+19:52:26.980] VoxelMesh: Chunk X=-1 Y=-2 Z=-2 FlatVerts=0 SlopeVerts=0
[+19:52:26.981] VoxelMesh: Chunk X=1 Y=0 Z=-1 FlatVerts=0 SlopeVerts=0
[+19:52:26.981] VoxelChunk: GenerateAsync (2,0,-2)
[+19:52:26.982] VoxelMesh: Chunk X=0 Y=0 Z=-2 FlatVerts=0 SlopeVerts=0
[+19:52:26.983] VoxelMesh: Chunk X=2 Y=0 Z=-2 FlatVerts=0 SlopeVerts=0
[+19:52:26.999] VoxelMesh: Chunk X=1 Y=1 Z=-1 FlatVerts=0 SlopeVerts=0
[+19:52:26.999] VoxelChunk: GenerateAsync (-2,1,-2)
[+19:52:27.000] VoxelMesh: Chunk X=0 Y=0 Z=-1 FlatVerts=1380 SlopeVerts=504
[+19:52:27.001] VoxelChunk: GenerateAsync (-1,2,0)
[+19:52:27.001] VoxelMesh: Chunk X=-2 Y=1 Z=-2 FlatVerts=0 SlopeVerts=0
[+19:52:27.002] VoxelMesh: Chunk X=-1 Y=2 Z=0 FlatVerts=1380 SlopeVerts=504
[+19:52:27.002] VoxelMesh: Chunk X=-1 Y=1 Z=-1 FlatVerts=0 SlopeVerts=0
[+19:52:27.003] VoxelChunk: GenerateAsync (-1,-2,0)
[+19:52:27.004] VoxelMesh: Chunk X=-1 Y=-2 Z=0 FlatVerts=0 SlopeVerts=0
[+19:52:27.005] VoxelMesh: Chunk X=0 Y=-1 Z=0 FlatVerts=0 SlopeVerts=0
[+19:52:27.005] VoxelChunk: GenerateAsync (2,2,-2)
[+19:52:27.007] VoxelMesh: Chunk X=2 Y=2 Z=-2 FlatVerts=0 SlopeVerts=0
[+19:52:27.016] VoxelMesh: Chunk X=-1 Y=1 Z=0 FlatVerts=42 SlopeVerts=1626
[+19:52:27.017] VoxelChunk: GenerateAsync (1,-2,1)
[+19:52:27.018] VoxelMesh: Chunk X=1 Y=-2 Z=1 FlatVerts=42 SlopeVerts=1626
[+19:52:27.019] VoxelMesh: Chunk X=1 Y=-1 Z=1 FlatVerts=0 SlopeVerts=0
[+19:52:27.019] VoxelChunk: GenerateAsync (-2,-2,-2)
[+19:52:27.021] VoxelMesh: Chunk X=1 Y=0 Z=1 FlatVerts=0 SlopeVerts=90
[+19:52:27.021] VoxelChunk: GenerateAsync (-2,2,0)
[+19:52:27.022] VoxelMesh: Chunk X=-2 Y=-2 Z=-2 FlatVerts=0 SlopeVerts=0
[+19:52:27.022] VoxelMesh: Chunk X=-2 Y=2 Z=0 FlatVerts=0 SlopeVerts=90
[+19:52:27.024] VoxelMesh: Chunk X=-1 Y=0 Z=-1 FlatVerts=0 SlopeVerts=0
[+19:52:27.024] VoxelChunk: GenerateAsync (2,-2,-2)
[+19:52:27.025] VoxelMesh: Chunk X=2 Y=-2 Z=-2 FlatVerts=0 SlopeVerts=0
[+19:52:27.033] VoxelMesh: Chunk X=-1 Y=-1 Z=0 FlatVerts=0 SlopeVerts=0
[+19:52:27.034] VoxelChunk: GenerateAsync (1,2,-2)
[+19:52:27.036] VoxelMesh: Chunk X=1 Y=2 Z=-2 FlatVerts=0 SlopeVerts=0
[+19:52:27.036] VoxelMesh: Chunk X=0 Y=1 Z=-1 FlatVerts=0 SlopeVerts=0
[+19:52:27.036] VoxelChunk: GenerateAsync (1,-2,-2)
[+19:52:27.037] VoxelMesh: Chunk X=0 Y=1 Z=0 FlatVerts=30 SlopeVerts=0
[+19:52:27.037] VoxelChunk: GenerateAsync (2,2,0)
[+19:52:27.039] VoxelMesh: Chunk X=-1 Y=1 Z=1 FlatVerts=0 SlopeVerts=0
[+19:52:27.039] VoxelMesh: Chunk X=1 Y=-2 Z=-2 FlatVerts=0 SlopeVerts=0
[+19:52:27.039] VoxelChunk: GenerateAsync (-2,-2,-1)
[+19:52:27.040] VoxelMesh: Chunk X=2 Y=2 Z=0 FlatVerts=30 SlopeVerts=0
[+19:52:27.042] VoxelMesh: Chunk X=-2 Y=-2 Z=-1 FlatVerts=0 SlopeVerts=0
[+19:52:27.053] VoxelMesh: Chunk X=0 Y=0 Z=0 FlatVerts=126 SlopeVerts=33546
[+19:52:27.079] VoxelChunk: GenerateAsync (0,-3,2)
[+19:52:27.081] VoxelMesh: Chunk X=0 Y=-3 Z=2 FlatVerts=0 SlopeVerts=4014
[+19:52:27.082] VoxelMesh: Chunk X=1 Y=-1 Z=0 FlatVerts=0 SlopeVerts=0
[+19:52:27.082] VoxelChunk: GenerateAsync (0,-2,-2)
[+19:52:27.083] VoxelMesh: Chunk X=1 Y=1 Z=0 FlatVerts=0 SlopeVerts=0
[+19:52:27.083] VoxelChunk: GenerateAsync (-1,2,-1)
[+19:52:27.085] VoxelMesh: Chunk X=-1 Y=2 Z=-1 FlatVerts=0 SlopeVerts=0
[+19:52:27.085] VoxelMesh: Chunk X=-1 Y=0 Z=0 FlatVerts=0 SlopeVerts=576
[+19:52:27.085] VoxelMesh: Chunk X=0 Y=-2 Z=-2 FlatVerts=0 SlopeVerts=0
[+19:52:27.085] VoxelChunk: GenerateAsync (-2,-2,1)
[+19:52:27.087] VoxelMesh: Chunk X=-1 Y=-1 Z=-1 FlatVerts=0 SlopeVerts=0
[+19:52:27.087] VoxelMesh: Chunk X=-2 Y=-2 Z=1 FlatVerts=0 SlopeVerts=576
[+19:52:27.087] VoxelChunk: GenerateAsync (-2,-1,-1)
[+19:52:27.089] VoxelMesh: Chunk X=-2 Y=-1 Z=-1 FlatVerts=0 SlopeVerts=0
[+19:52:27.100] VoxelMesh: Chunk X=1 Y=-1 Z=-1 FlatVerts=0 SlopeVerts=0
[+19:52:27.100] VoxelChunk: GenerateAsync (1,-1,-2)
[+19:52:27.102] VoxelMesh: Chunk X=0 Y=-1 Z=-1 FlatVerts=0 SlopeVerts=0
[+19:52:27.102] VoxelChunk: GenerateAsync (2,-1,-1)
[+19:52:27.102] VoxelMesh: Chunk X=2 Y=-1 Z=-1 FlatVerts=0 SlopeVerts=0
[+19:52:27.102] VoxelMesh: Chunk X=1 Y=-1 Z=-2 FlatVerts=0 SlopeVerts=0
[+19:52:27.103] VoxelMesh: Chunk X=1 Y=0 Z=0 FlatVerts=0 SlopeVerts=0
[+19:52:27.103] VoxelChunk: GenerateAsync (1,2,-1)
[+19:52:27.104] VoxelMesh: Chunk X=0 Y=0 Z=0 FlatVerts=18 SlopeVerts=168
[+19:52:27.104] VoxelMesh: Chunk X=1 Y=2 Z=-1 FlatVerts=0 SlopeVerts=0
[+19:52:27.104] VoxelChunk: GenerateAsync (-1,-2,1)
[+19:52:27.105] VoxelMesh: Chunk X=-1 Y=-2 Z=1 FlatVerts=18 SlopeVerts=168
[+19:52:27.116] VoxelMesh: Chunk X=0 Y=0 Z=0 FlatVerts=324 SlopeVerts=1146
[+19:52:27.116] VoxelChunk: GenerateAsync (2,0,-1)
[+19:52:27.117] VoxelMesh: Chunk X=2 Y=0 Z=-1 FlatVerts=0 SlopeVerts=0
[+19:52:27.120] VoxelMesh: Chunk X=0 Y=0 Z=0 FlatVerts=0 SlopeVerts=0
[+19:52:27.120] VoxelChunk: GenerateAsync (-2,0,-2)
[+19:52:27.124] VoxelMesh: Chunk X=-2 Y=0 Z=-2 FlatVerts=0 SlopeVerts=0
[+19:52:27.126] VoxelMesh: Chunk X=0 Y=0 Z=0 FlatVerts=0 SlopeVerts=0
[+19:52:27.128] VoxelChunk: GenerateAsync (1,0,-2)
[+19:52:27.131] VoxelMesh: Chunk X=1 Y=0 Z=-2 FlatVerts=0 SlopeVerts=0
[+19:52:27.133] VoxelMesh: Chunk X=0 Y=0 Z=0 FlatVerts=72 SlopeVerts=4344
[+19:52:27.134] VoxelChunk: GenerateAsync (2,-2,0)
[+19:52:27.134] VoxelMesh: Chunk X=2 Y=-2 Z=0 FlatVerts=0 SlopeVerts=156
[+19:52:27.145] VoxelMesh: Chunk X=0 Y=0 Z=0 FlatVerts=9240 SlopeVerts=966
[+19:52:27.146] VoxelChunk: GenerateAsync (-2,2,-1)
[+19:52:27.148] VoxelMesh: Chunk X=-2 Y=2 Z=-1 FlatVerts=0 SlopeVerts=0
[+19:52:27.150] VoxelMesh: Chunk X=0 Y=0 Z=0 FlatVerts=10794 SlopeVerts=264
[+19:52:27.152] VoxelChunk: GenerateAsync (0,2,-1)
[+19:52:27.153] VoxelMesh: Chunk X=0 Y=2 Z=-1 FlatVerts=0 SlopeVerts=0
[+19:52:27.157] VoxelMesh: Chunk X=0 Y=0 Z=0 FlatVerts=10326 SlopeVerts=6
[+19:52:27.159] VoxelChunk: GenerateAsync (-2,1,0)
[+19:52:27.163] VoxelMesh: Chunk X=-2 Y=1 Z=0 FlatVerts=0 SlopeVerts=0
[+19:52:27.164] VoxelMesh: Chunk X=0 Y=0 Z=0 FlatVerts=0 SlopeVerts=0
[+19:52:27.164] VoxelChunk: GenerateAsync (0,1,-2)
[+19:52:27.166] VoxelMesh: Chunk X=0 Y=1 Z=-2 FlatVerts=0 SlopeVerts=0
[+19:52:27.177] VoxelMesh: Chunk X=0 Y=0 Z=0 FlatVerts=180 SlopeVerts=22140
[+19:52:27.195] VoxelChunk: GenerateAsync (1,-3,2)
[+19:52:27.197] VoxelMesh: Chunk X=1 Y=-3 Z=2 FlatVerts=0 SlopeVerts=666
[+19:52:27.202] VoxelMesh: Chunk X=0 Y=0 Z=0 FlatVerts=0 SlopeVerts=0
[+19:52:27.202] VoxelChunk: GenerateAsync (1,1,-2)
[+19:52:27.204] VoxelMesh: Chunk X=1 Y=1 Z=-2 FlatVerts=0 SlopeVerts=0
[+19:52:27.208] VoxelMesh: Chunk X=0 Y=0 Z=0 FlatVerts=0 SlopeVerts=0
[+19:52:27.208] VoxelChunk: GenerateAsync (2,1,-2)
[+19:52:27.211] VoxelMesh: Chunk X=2 Y=1 Z=-2 FlatVerts=0 SlopeVerts=0
[+19:52:27.212] VoxelMesh: Chunk X=0 Y=0 Z=0 FlatVerts=510 SlopeVerts=6414
[+19:52:27.213] VoxelChunk: GenerateAsync (0,-2,0)
[+19:52:27.215] VoxelMesh: Chunk X=0 Y=-2 Z=0 FlatVerts=0 SlopeVerts=0
[+19:52:27.219] VoxelMesh: Chunk X=0 Y=0 Z=0 FlatVerts=72 SlopeVerts=3438
[+19:52:27.219] VoxelChunk: GenerateAsync (1,-2,0)
[+19:52:27.220] VoxelMesh: Chunk X=1 Y=-2 Z=0 FlatVerts=0 SlopeVerts=0
[+19:52:27.231] VoxelChunk: GenerateAsync (16,-19,2)
[+19:52:27.232] VoxelChunk: GenerateAsync (18,-19,2)
[+19:52:27.232] VoxelMesh: Chunk X=16 Y=-19 Z=2 FlatVerts=0 SlopeVerts=156
[+19:52:27.232] VoxelMesh: Chunk X=18 Y=-19 Z=2 FlatVerts=0 SlopeVerts=288
[+19:52:27.233] VoxelMesh: Chunk X=1 Y=-2 Z=0 FlatVerts=0 SlopeVerts=0
[+19:52:27.233] VoxelChunk: GenerateAsync (-2,-1,0)
[+19:52:27.236] VoxelMesh: Chunk X=-2 Y=-1 Z=0 FlatVerts=0 SlopeVerts=0
[+19:52:27.236] VoxelMesh: Chunk X=0 Y=-2 Z=0 FlatVerts=0 SlopeVerts=0
[+19:52:27.236] VoxelChunk: GenerateAsync (-2,-3,-2)
[+19:52:27.238] VoxelMesh: Chunk X=-2 Y=-3 Z=-2 FlatVerts=0 SlopeVerts=0
[+19:52:27.238] VoxelMesh: Chunk X=2 Y=1 Z=-2 FlatVerts=0 SlopeVerts=0
[+19:52:27.238] VoxelChunk: GenerateAsync (-3,2,-2)
[+19:52:27.240] VoxelMesh: Chunk X=1 Y=1 Z=-2 FlatVerts=0 SlopeVerts=0
[+19:52:27.240] VoxelChunk: GenerateAsync (3,-3,0)
[+19:52:27.241] VoxelMesh: Chunk X=-3 Y=2 Z=-2 FlatVerts=0 SlopeVerts=0
[+19:52:27.241] VoxelMesh: Chunk X=3 Y=-3 Z=0 FlatVerts=0 SlopeVerts=0
[+19:52:27.250] VoxelMesh: Chunk X=0 Y=1 Z=-2 FlatVerts=0 SlopeVerts=0
[+19:52:27.250] VoxelChunk: GenerateAsync (-1,-3,-2)
[+19:52:27.251] VoxelMesh: Chunk X=-2 Y=1 Z=0 FlatVerts=0 SlopeVerts=0
[+19:52:27.251] VoxelChunk: GenerateAsync (3,1,-3)
[+19:52:27.253] VoxelMesh: Chunk X=-1 Y=-3 Z=-2 FlatVerts=0 SlopeVerts=0
[+19:52:27.254] VoxelMesh: Chunk X=3 Y=1 Z=-3 FlatVerts=0 SlopeVerts=0
[+19:52:27.254] VoxelMesh: Chunk X=0 Y=2 Z=-1 FlatVerts=78 SlopeVerts=2466
[+19:52:27.254] VoxelChunk: GenerateAsync (3,3,3)
[+19:52:27.256] VoxelMesh: Chunk X=-2 Y=2 Z=-1 FlatVerts=0 SlopeVerts=0
[+19:52:27.256] VoxelChunk: GenerateAsync (3,1,-2)
[+19:52:27.256] VoxelMesh: Chunk X=3 Y=3 Z=3 FlatVerts=78 SlopeVerts=2466
[+19:52:27.258] VoxelMesh: Chunk X=3 Y=1 Z=-2 FlatVerts=0 SlopeVerts=0
[+19:52:27.272] VoxelMesh: Chunk X=0 Y=0 Z=0 FlatVerts=186 SlopeVerts=23634
[+19:52:27.291] VoxelChunk: GenerateAsync (2,-3,2)
[+19:52:27.292] VoxelMesh: Chunk X=2 Y=-3 Z=2 FlatVerts=0 SlopeVerts=30
[+19:52:27.294] VoxelMesh: Chunk X=2 Y=-2 Z=0 FlatVerts=0 SlopeVerts=0
[+19:52:27.294] VoxelChunk: GenerateAsync (-3,-2,0)
[+19:52:27.296] VoxelMesh: Chunk X=1 Y=0 Z=-2 FlatVerts=0 SlopeVerts=0
[+19:52:27.296] VoxelMesh: Chunk X=-3 Y=-2 Z=0 FlatVerts=0 SlopeVerts=0
[+19:52:27.296] VoxelChunk: GenerateAsync (0,-3,-2)
[+19:52:27.298] VoxelMesh: Chunk X=-2 Y=0 Z=-2 FlatVerts=0 SlopeVerts=0
[+19:52:27.298] VoxelChunk: GenerateAsync (-3,-1,0)
[+19:52:27.298] VoxelMesh: Chunk X=0 Y=-3 Z=-2 FlatVerts=0 SlopeVerts=0
[+19:52:27.300] VoxelMesh: Chunk X=2 Y=0 Z=-1 FlatVerts=0 SlopeVerts=0
[+19:52:27.300] VoxelMesh: Chunk X=-3 Y=-1 Z=0 FlatVerts=0 SlopeVerts=0
[+19:52:27.300] VoxelChunk: GenerateAsync (1,-3,-2)
[+19:52:27.302] VoxelMesh: Chunk X=1 Y=-3 Z=-2 FlatVerts=0 SlopeVerts=0
[+19:52:27.309] VoxelMesh: Chunk X=2 Y=-1 Z=2 FlatVerts=0 SlopeVerts=0
[+19:52:27.309] VoxelChunk: GenerateAsync (-3,2,-3)
[+19:52:27.311] VoxelMesh: Chunk X=1 Y=-1 Z=2 FlatVerts=0 SlopeVerts=0
[+19:52:27.311] VoxelMesh: Chunk X=-3 Y=2 Z=-3 FlatVerts=0 SlopeVerts=0
[+19:52:27.311] VoxelChunk: GenerateAsync (2,0,-3)
[+19:52:27.313] VoxelMesh: Chunk X=-1 Y=1 Z=2 FlatVerts=0 SlopeVerts=0
[+19:52:27.313] VoxelChunk: GenerateAsync (3,2,-2)
[+19:52:27.313] VoxelMesh: Chunk X=2 Y=0 Z=-3 FlatVerts=0 SlopeVerts=0
[+19:52:27.315] VoxelMesh: Chunk X=3 Y=2 Z=-2 FlatVerts=0 SlopeVerts=0
[+19:52:27.315] VoxelMesh: Chunk X=-2 Y=2 Z=2 FlatVerts=0 SlopeVerts=0
[+19:52:27.315] VoxelChunk: GenerateAsync (-3,3,-2)
[+19:52:27.316] VoxelMesh: Chunk X=-3 Y=3 Z=-2 FlatVerts=0 SlopeVerts=0
[+19:52:27.324] VoxelMesh: Chunk X=0 Y=2 Z=2 FlatVerts=0 SlopeVerts=0
[+19:52:27.324] VoxelChunk: GenerateAsync (2,-3,-2)
[+19:52:27.325] VoxelMesh: Chunk X=1 Y=2 Z=2 FlatVerts=0 SlopeVerts=0
[+19:52:27.326] VoxelChunk: GenerateAsync (-2,3,-2)
[+19:52:27.326] VoxelMesh: Chunk X=2 Y=-3 Z=-2 FlatVerts=0 SlopeVerts=0
[+19:52:27.328] VoxelMesh: Chunk X=-2 Y=3 Z=-2 FlatVerts=0 SlopeVerts=0
[+19:52:27.328] VoxelMesh: Chunk X=-2 Y=2 Z=1 FlatVerts=0 SlopeVerts=0
[+19:52:27.328] VoxelChunk: GenerateAsync (-1,3,-2)
[+19:52:27.329] VoxelMesh: Chunk X=-1 Y=3 Z=-2 FlatVerts=0 SlopeVerts=0
[+19:52:27.329] VoxelMesh: Chunk X=2 Y=1 Z=1 FlatVerts=0 SlopeVerts=0
[+19:52:27.329] VoxelChunk: GenerateAsync (3,-3,-2)
[+19:52:27.332] VoxelMesh: Chunk X=3 Y=-3 Z=-2 FlatVerts=0 SlopeVerts=0
[+19:52:27.339] VoxelMesh: Chunk X=-1 Y=1 Z=-2 FlatVerts=0 SlopeVerts=0
[+19:52:27.339] VoxelChunk: GenerateAsync (-2,2,-3)
[+19:52:27.341] VoxelMesh: Chunk X=2 Y=-2 Z=-1 FlatVerts=0 SlopeVerts=0
[+19:52:27.341] VoxelChunk: GenerateAsync (0,3,-2)
[+19:52:27.341] VoxelMesh: Chunk X=-2 Y=2 Z=-3 FlatVerts=0 SlopeVerts=0
[+19:52:27.344] VoxelMesh: Chunk X=0 Y=3 Z=-2 FlatVerts=0 SlopeVerts=0
[+19:52:27.344] VoxelMesh: Chunk X=1 Y=2 Z=0 FlatVerts=0 SlopeVerts=0
[+19:52:27.344] VoxelChunk: GenerateAsync (1,3,-2)
[+19:52:27.346] VoxelMesh: Chunk X=0 Y=2 Z=0 FlatVerts=0 SlopeVerts=0
[+19:52:27.346] VoxelChunk: GenerateAsync (-3,-2,-2)
[+19:52:27.346] VoxelMesh: Chunk X=1 Y=3 Z=-2 FlatVerts=0 SlopeVerts=0
[+19:52:27.348] VoxelMesh: Chunk X=-3 Y=-2 Z=-2 FlatVerts=0 SlopeVerts=0
[+19:52:27.353] VoxelMesh: Chunk X=2 Y=-1 Z=0 FlatVerts=0 SlopeVerts=0
[+19:52:27.354] VoxelChunk: GenerateAsync (2,3,-2)
[+19:52:27.355] VoxelMesh: Chunk X=-1 Y=0 Z=-2 FlatVerts=0 SlopeVerts=0
[+19:52:27.356] VoxelChunk: GenerateAsync (-1,-3,-3)
[+19:52:27.356] VoxelMesh: Chunk X=2 Y=3 Z=-2 FlatVerts=0 SlopeVerts=0
[+19:52:27.357] VoxelMesh: Chunk X=0 Y=-2 Z=1 FlatVerts=0 SlopeVerts=0
[+19:52:27.358] VoxelChunk: GenerateAsync (3,3,-2)
[+19:52:27.358] VoxelMesh: Chunk X=-1 Y=-3 Z=-3 FlatVerts=0 SlopeVerts=0
[+19:52:27.359] VoxelMesh: Chunk X=-1 Y=-2 Z=-1 FlatVerts=0 SlopeVerts=0
[+19:52:27.359] VoxelChunk: GenerateAsync (-1,2,-3)
[+19:52:27.360] VoxelMesh: Chunk X=3 Y=3 Z=-2 FlatVerts=0 SlopeVerts=0
[+19:52:27.361] VoxelMesh: Chunk X=-1 Y=2 Z=-3 FlatVerts=0 SlopeVerts=0
[+19:52:27.372] VoxelMesh: Chunk X=0 Y=0 Z=0 FlatVerts=156 SlopeVerts=26832
[+19:52:27.391] VoxelChunk: GenerateAsync (3,-3,2)
[+19:52:27.393] VoxelMesh: Chunk X=3 Y=-3 Z=2 FlatVerts=0 SlopeVerts=2658
[+19:52:27.394] VoxelMesh: Chunk X=-2 Y=1 Z=-1 FlatVerts=0 SlopeVerts=0
[+19:52:27.394] VoxelChunk: GenerateAsync (3,0,-3)
[+19:52:27.396] VoxelMesh: Chunk X=-1 Y=2 Z=-2 FlatVerts=0 SlopeVerts=0
[+19:52:27.396] VoxelChunk: GenerateAsync (-2,0,-3)
[+19:52:27.396] VoxelMesh: Chunk X=3 Y=0 Z=-3 FlatVerts=0 SlopeVerts=0
[+19:52:27.397] VoxelMesh: Chunk X=-2 Y=0 Z=-3 FlatVerts=0 SlopeVerts=0
[+19:52:27.397] VoxelMesh: Chunk X=2 Y=0 Z=0 FlatVerts=0 SlopeVerts=0
[+19:52:27.398] VoxelChunk: GenerateAsync (-3,-3,-1)
[+19:52:27.399] VoxelMesh: Chunk X=-2 Y=-1 Z=-2 FlatVerts=18 SlopeVerts=156
[+19:52:27.399] VoxelMesh: Chunk X=-3 Y=-3 Z=-1 FlatVerts=0 SlopeVerts=0
[+19:52:27.399] VoxelChunk: GenerateAsync (3,1,0)
[+19:52:27.400] VoxelMesh: Chunk X=3 Y=1 Z=0 FlatVerts=18 SlopeVerts=156
[+19:52:27.411] VoxelMesh: Chunk X=0 Y=-2 Z=-1 FlatVerts=0 SlopeVerts=0
[+19:52:27.411] VoxelChunk: GenerateAsync (-2,-3,-1)
[+19:52:27.413] VoxelMesh: Chunk X=2 Y=-1 Z=-2 FlatVerts=0 SlopeVerts=0
[+19:52:27.413] VoxelChunk: GenerateAsync (-1,-3,-1)
[+19:52:27.413] VoxelMesh: Chunk X=-2 Y=-3 Z=-1 FlatVerts=0 SlopeVerts=0
[+19:52:27.414] VoxelMesh: Chunk X=-2 Y=2 Z=-2 FlatVerts=0 SlopeVerts=0
[+19:52:27.414] VoxelChunk: GenerateAsync (1,-1,-3)
[+19:52:27.415] VoxelMesh: Chunk X=-1 Y=-3 Z=-1 FlatVerts=0 SlopeVerts=0
[+19:52:27.416] VoxelMesh: Chunk X=2 Y=2 Z=-1 FlatVerts=0 SlopeVerts=0
[+19:52:27.416] VoxelChunk: GenerateAsync (0,2,-3)
[+19:52:27.416] VoxelMesh: Chunk X=1 Y=-1 Z=-3 FlatVerts=0 SlopeVerts=0
[+19:52:27.417] VoxelMesh: Chunk X=0 Y=2 Z=-3 FlatVerts=0 SlopeVerts=0
[+19:52:27.425] VoxelMesh: Chunk X=-2 Y=-2 Z=0 FlatVerts=0 SlopeVerts=0
[+19:52:27.425] VoxelChunk: GenerateAsync (2,-3,-1)
[+19:52:27.426] VoxelMesh: Chunk X=2 Y=-3 Z=-1 FlatVerts=0 SlopeVerts=0
[+19:52:27.426] VoxelMesh: Chunk X=-2 Y=0 Z=0 FlatVerts=0 SlopeVerts=0
[+19:52:27.426] VoxelChunk: GenerateAsync (3,-3,-1)
[+19:52:27.429] VoxelMesh: Chunk X=2 Y=1 Z=0 FlatVerts=0 SlopeVerts=0
[+19:52:27.429] VoxelChunk: GenerateAsync (-3,-2,-1)
[+19:52:27.429] VoxelMesh: Chunk X=3 Y=-3 Z=-1 FlatVerts=0 SlopeVerts=0
[+19:52:27.431] VoxelMesh: Chunk X=0 Y=2 Z=-2 FlatVerts=0 SlopeVerts=0
[+19:52:27.431] VoxelChunk: GenerateAsync (1,2,-3)
[+19:52:27.431] VoxelMesh: Chunk X=-3 Y=-2 Z=-1 FlatVerts=0 SlopeVerts=0
[+19:52:27.432] VoxelMesh: Chunk X=1 Y=2 Z=-3 FlatVerts=0 SlopeVerts=0
[+19:52:27.439] VoxelMesh: Chunk X=-1 Y=-1 Z=-2 FlatVerts=0 SlopeVerts=0
[+19:52:27.439] VoxelChunk: GenerateAsync (-3,1,-3)
[+19:52:27.441] VoxelMesh: Chunk X=2 Y=1 Z=-1 FlatVerts=0 SlopeVerts=0
[+19:52:27.441] VoxelChunk: GenerateAsync (3,-2,-2)
[+19:52:27.441] VoxelMesh: Chunk X=-3 Y=1 Z=-3 FlatVerts=0 SlopeVerts=0
[+19:52:27.443] VoxelMesh: Chunk X=1 Y=-2 Z=-1 FlatVerts=0 SlopeVerts=0
[+19:52:27.443] VoxelMesh: Chunk X=3 Y=-2 Z=-2 FlatVerts=0 SlopeVerts=0
[+19:52:27.443] VoxelChunk: GenerateAsync (-3,-1,-2)
[+19:52:27.444] VoxelMesh: Chunk X=0 Y=-1 Z=-2 FlatVerts=0 SlopeVerts=0
[+19:52:27.445] VoxelChunk: GenerateAsync (2,2,-3)
[+19:52:27.445] VoxelMesh: Chunk X=-3 Y=-1 Z=-2 FlatVerts=0 SlopeVerts=0
[+19:52:27.446] VoxelMesh: Chunk X=2 Y=2 Z=-3 FlatVerts=0 SlopeVerts=0
[+19:52:27.451] VoxelMesh: Chunk X=-2 Y=0 Z=-1 FlatVerts=0 SlopeVerts=0
[+19:52:27.452] VoxelChunk: GenerateAsync (0,-1,-3)
[+19:52:27.453] VoxelMesh: Chunk X=-1 Y=-2 Z=-2 FlatVerts=0 SlopeVerts=0
[+19:52:27.454] VoxelChunk: GenerateAsync (-3,-1,-1)
[+19:52:27.454] VoxelMesh: Chunk X=0 Y=-1 Z=-3 FlatVerts=0 SlopeVerts=0
[+19:52:27.456] VoxelMesh: Chunk X=0 Y=0 Z=-2 FlatVerts=0 SlopeVerts=0
[+19:52:27.456] VoxelChunk: GenerateAsync (3,2,-3)
[+19:52:27.457] VoxelMesh: Chunk X=-3 Y=-1 Z=-1 FlatVerts=0 SlopeVerts=0
[+19:52:27.457] VoxelMesh: Chunk X=2 Y=0 Z=-2 FlatVerts=0 SlopeVerts=0
[+19:52:27.457] VoxelChunk: GenerateAsync (-2,1,-3)
[+19:52:27.458] VoxelMesh: Chunk X=3 Y=2 Z=-3 FlatVerts=0 SlopeVerts=0
[+19:52:27.459] VoxelMesh: Chunk X=-2 Y=1 Z=-3 FlatVerts=0 SlopeVerts=0
[+19:52:27.466] VoxelMesh: Chunk X=-2 Y=1 Z=-2 FlatVerts=0 SlopeVerts=0
[+19:52:27.466] VoxelChunk: GenerateAsync (-1,0,-3)
[+19:52:27.467] VoxelMesh: Chunk X=-1 Y=2 Z=0 FlatVerts=0 SlopeVerts=0
[+19:52:27.468] VoxelChunk: GenerateAsync (3,-1,-3)
[+19:52:27.468] VoxelMesh: Chunk X=-1 Y=0 Z=-3 FlatVerts=0 SlopeVerts=0
[+19:52:27.469] VoxelMesh: Chunk X=-1 Y=-2 Z=0 FlatVerts=0 SlopeVerts=0
[+19:52:27.469] VoxelChunk: GenerateAsync (-2,-1,-3)
[+19:52:27.470] VoxelMesh: Chunk X=3 Y=-1 Z=-3 FlatVerts=0 SlopeVerts=0
[+19:52:27.470] VoxelMesh: Chunk X=2 Y=2 Z=-2 FlatVerts=0 SlopeVerts=0
[+19:52:27.470] VoxelChunk: GenerateAsync (-3,-1,-3)
[+19:52:27.471] VoxelMesh: Chunk X=-2 Y=-1 Z=-3 FlatVerts=0 SlopeVerts=0
[+19:52:27.471] VoxelMesh: Chunk X=-3 Y=-1 Z=-3 FlatVerts=0 SlopeVerts=0
[+19:52:27.483] VoxelMesh: Chunk X=0 Y=0 Z=0 FlatVerts=48 SlopeVerts=528
[+19:52:27.484] VoxelChunk: GenerateAsync (-3,-2,2)
[+19:52:27.485] VoxelMesh: Chunk X=-3 Y=-2 Z=2 FlatVerts=18 SlopeVerts=2742
[+19:52:27.486] VoxelMesh: Chunk X=1 Y=-2 Z=1 FlatVerts=0 SlopeVerts=0
[+19:52:27.487] VoxelChunk: GenerateAsync (3,-2,-3)
[+19:52:27.488] VoxelMesh: Chunk X=3 Y=-2 Z=-3 FlatVerts=0 SlopeVerts=0
[+19:52:27.489] VoxelMesh: Chunk X=-2 Y=-2 Z=-2 FlatVerts=0 SlopeVerts=0
[+19:52:27.489] VoxelChunk: GenerateAsync (-3,3,-3)
[+19:52:27.490] VoxelMesh: Chunk X=-2 Y=2 Z=0 FlatVerts=0 SlopeVerts=0
[+19:52:27.490] VoxelChunk: GenerateAsync (3,-1,-1)
[+19:52:27.492] VoxelMesh: Chunk X=-3 Y=3 Z=-3 FlatVerts=0 SlopeVerts=0
[+19:52:27.492] VoxelMesh: Chunk X=3 Y=-1 Z=-1 FlatVerts=0 SlopeVerts=0
[+19:52:27.493] VoxelMesh: Chunk X=2 Y=-2 Z=-2 FlatVerts=0 SlopeVerts=0
[+19:52:27.493] VoxelChunk: GenerateAsync (-3,0,-1)
[+19:52:27.494] VoxelMesh: Chunk X=-3 Y=0 Z=-1 FlatVerts=0 SlopeVerts=0
[+19:52:27.503] VoxelMesh: Chunk X=1 Y=2 Z=-2 FlatVerts=0 SlopeVerts=0
[+19:52:27.503] VoxelChunk: GenerateAsync (2,-2,-3)
[+19:52:27.505] VoxelMesh: Chunk X=1 Y=-2 Z=-2 FlatVerts=0 SlopeVerts=0
[+19:52:27.505] VoxelChunk: GenerateAsync (3,-1,-2)
[+19:52:27.507] VoxelMesh: Chunk X=2 Y=2 Z=0 FlatVerts=0 SlopeVerts=0
[+19:52:27.507] VoxelMesh: Chunk X=2 Y=-2 Z=-3 FlatVerts=0 SlopeVerts=0
[+19:52:27.507] VoxelChunk: GenerateAsync (-2,3,-3)
[+19:52:27.508] VoxelMesh: Chunk X=3 Y=-1 Z=-2 FlatVerts=0 SlopeVerts=0
[+19:52:27.509] VoxelMesh: Chunk X=-2 Y=-2 Z=-1 FlatVerts=0 SlopeVerts=0
[+19:52:27.509] VoxelMesh: Chunk X=-2 Y=3 Z=-3 FlatVerts=0 SlopeVerts=0
[+19:52:27.509] VoxelChunk: GenerateAsync (-1,1,-3)
[+19:52:27.510] VoxelMesh: Chunk X=-1 Y=1 Z=-3 FlatVerts=0 SlopeVerts=0
[+19:52:27.517] VoxelMesh: Chunk X=0 Y=-2 Z=-2 FlatVerts=0 SlopeVerts=0
[+19:52:27.517] VoxelChunk: GenerateAsync (1,-2,-3)
[+19:52:27.519] VoxelMesh: Chunk X=-1 Y=2 Z=-1 FlatVerts=0 SlopeVerts=0
[+19:52:27.519] VoxelMesh: Chunk X=1 Y=-2 Z=-3 FlatVerts=0 SlopeVerts=0
[+19:52:27.519] VoxelChunk: GenerateAsync (0,-2,-3)
[+19:52:27.521] VoxelMesh: Chunk X=0 Y=-2 Z=-3 FlatVerts=0 SlopeVerts=0
[+19:52:27.521] VoxelMesh: Chunk X=-2 Y=-2 Z=1 FlatVerts=0 SlopeVerts=0
[+19:52:27.521] VoxelChunk: GenerateAsync (-3,0,-2)
[+19:52:27.523] VoxelMesh: Chunk X=-2 Y=-1 Z=-1 FlatVerts=0 SlopeVerts=0
[+19:52:27.523] VoxelChunk: GenerateAsync (3,0,-1)
[+19:52:27.523] VoxelMesh: Chunk X=-3 Y=0 Z=-2 FlatVerts=0 SlopeVerts=0
[+19:52:27.524] VoxelMesh: Chunk X=3 Y=0 Z=-1 FlatVerts=0 SlopeVerts=0
[+19:52:27.530] VoxelMesh: Chunk X=1 Y=-1 Z=-2 FlatVerts=0 SlopeVerts=0
[+19:52:27.531] VoxelChunk: GenerateAsync (-1,3,-3)
[+19:52:27.532] VoxelMesh: Chunk X=2 Y=-1 Z=-1 FlatVerts=0 SlopeVerts=0
[+19:52:27.533] VoxelChunk: GenerateAsync (-3,1,-1)
[+19:52:27.533] VoxelMesh: Chunk X=-1 Y=3 Z=-3 FlatVerts=0 SlopeVerts=0
[+19:52:27.534] VoxelMesh: Chunk X=1 Y=2 Z=-1 FlatVerts=0 SlopeVerts=0
[+19:52:27.534] VoxelMesh: Chunk X=-3 Y=1 Z=-1 FlatVerts=0 SlopeVerts=0
[+19:52:27.534] VoxelChunk: GenerateAsync (-1,-2,-3)
[+19:52:27.536] VoxelMesh: Chunk X=-1 Y=-2 Z=1 FlatVerts=0 SlopeVerts=0
[+19:52:27.537] VoxelChunk: GenerateAsync (-2,-2,-3)
[+19:52:27.537] VoxelMesh: Chunk X=-1 Y=-2 Z=-3 FlatVerts=0 SlopeVerts=0
[+19:52:27.538] VoxelMesh: Chunk X=-2 Y=-2 Z=-3 FlatVerts=0 SlopeVerts=0
[+19:52:27.550] VoxelMesh: Chunk X=0 Y=0 Z=0 FlatVerts=0 SlopeVerts=0
[+19:52:27.551] VoxelChunk: GenerateAsync (0,3,-3)
[+19:52:27.553] VoxelMesh: Chunk X=0 Y=3 Z=-3 FlatVerts=0 SlopeVerts=0
[+19:52:27.557] VoxelMesh: Chunk X=0 Y=0 Z=0 FlatVerts=0 SlopeVerts=0
[+19:52:27.558] VoxelChunk: GenerateAsync (0,1,-3)
[+19:52:27.560] VoxelMesh: Chunk X=0 Y=1 Z=-3 FlatVerts=0 SlopeVerts=0
[+19:52:27.562] VoxelMesh: Chunk X=0 Y=0 Z=0 FlatVerts=0 SlopeVerts=0
[+19:52:27.562] VoxelChunk: GenerateAsync (3,3,-1)
[+19:52:27.565] VoxelMesh: Chunk X=3 Y=3 Z=-1 FlatVerts=0 SlopeVerts=0
[+19:52:27.569] VoxelMesh: Chunk X=0 Y=0 Z=0 FlatVerts=0 SlopeVerts=0
[+19:52:27.569] VoxelChunk: GenerateAsync (0,0,-3)
[+19:52:27.570] VoxelMesh: Chunk X=0 Y=0 Z=-3 FlatVerts=0 SlopeVerts=0
[+19:52:27.582] VoxelMesh: Chunk X=0 Y=0 Z=0 FlatVerts=2568 SlopeVerts=11472
[+19:52:27.583] VoxelChunk: GenerateAsync (-2,-3,0)
[+19:52:27.584] VoxelMesh: Chunk X=-2 Y=-3 Z=0 FlatVerts=0 SlopeVerts=0
[+19:52:27.587] VoxelMesh: Chunk X=0 Y=0 Z=0 FlatVerts=336 SlopeVerts=4980
[+19:52:27.588] VoxelChunk: GenerateAsync (-1,-3,0)
[+19:52:27.591] VoxelMesh: Chunk X=-1 Y=-3 Z=0 FlatVerts=0 SlopeVerts=30
[+19:52:27.594] VoxelMesh: Chunk X=0 Y=0 Z=0 FlatVerts=48 SlopeVerts=1284
[+19:52:27.594] VoxelChunk: GenerateAsync (0,-3,0)
[+19:52:27.596] VoxelMesh: Chunk X=0 Y=-3 Z=0 FlatVerts=0 SlopeVerts=0
[+19:52:27.600] VoxelMesh: Chunk X=0 Y=0 Z=0 FlatVerts=36 SlopeVerts=216
[+19:52:27.600] VoxelChunk: GenerateAsync (1,-3,0)
[+19:52:27.602] VoxelMesh: Chunk X=1 Y=-3 Z=0 FlatVerts=0 SlopeVerts=0
[+19:52:27.614] VoxelMesh: Chunk X=0 Y=0 Z=0 FlatVerts=828 SlopeVerts=8406
[+19:52:27.619] VoxelChunk: GenerateAsync (-3,2,1)
[+19:52:27.622] VoxelMesh: Chunk X=-3 Y=2 Z=1 FlatVerts=0 SlopeVerts=0
[+19:52:27.627] VoxelMesh: Chunk X=0 Y=0 Z=0 FlatVerts=0 SlopeVerts=660
[+19:52:27.627] VoxelChunk: GenerateAsync (2,-3,0)
[+19:52:27.631] VoxelMesh: Chunk X=2 Y=-3 Z=0 FlatVerts=0 SlopeVerts=0
[+19:52:27.634] VoxelMesh: Chunk X=0 Y=0 Z=0 FlatVerts=0 SlopeVerts=0
[+19:52:27.634] VoxelChunk: GenerateAsync (-3,-2,-3)
[+19:52:27.637] VoxelMesh: Chunk X=-3 Y=-2 Z=-3 FlatVerts=0 SlopeVerts=0
[+19:52:27.639] VoxelMesh: Chunk X=0 Y=0 Z=0 FlatVerts=612 SlopeVerts=1296
[+19:52:27.640] VoxelChunk: GenerateAsync (3,1,-1)
[+19:52:27.643] VoxelMesh: Chunk X=3 Y=1 Z=-1 FlatVerts=0 SlopeVerts=0
[+19:52:27.644] VoxelMesh: Chunk X=0 Y=0 Z=0 FlatVerts=5388 SlopeVerts=1914
[+19:52:27.645] VoxelChunk: GenerateAsync (-3,2,-1)
[+19:52:27.647] VoxelMesh: Chunk X=-3 Y=2 Z=-1 FlatVerts=0 SlopeVerts=0
[+19:52:27.661] VoxelMesh: Chunk X=0 Y=0 Z=0 FlatVerts=0 SlopeVerts=0
[+19:52:27.662] VoxelChunk: GenerateAsync (1,3,-3)
[+19:52:27.666] VoxelMesh: Chunk X=1 Y=3 Z=-3 FlatVerts=0 SlopeVerts=0
[+19:52:27.669] VoxelMesh: Chunk X=0 Y=0 Z=0 FlatVerts=0 SlopeVerts=0
[+19:52:27.669] VoxelChunk: GenerateAsync (3,0,-2)
[+19:52:27.672] VoxelMesh: Chunk X=3 Y=0 Z=-2 FlatVerts=0 SlopeVerts=0
[+19:52:27.674] VoxelMesh: Chunk X=0 Y=0 Z=0 FlatVerts=0 SlopeVerts=0
[+19:52:27.675] VoxelChunk: GenerateAsync (-3,1,-2)
[+19:52:27.679] VoxelMesh: Chunk X=-3 Y=1 Z=-2 FlatVerts=0 SlopeVerts=0
[+19:52:27.682] VoxelMesh: Chunk X=0 Y=0 Z=0 FlatVerts=0 SlopeVerts=0
[+19:52:27.682] VoxelChunk: GenerateAsync (2,3,-3)
[+19:52:27.683] VoxelMesh: Chunk X=2 Y=3 Z=-3 FlatVerts=0 SlopeVerts=0
[+19:52:27.700] VoxelMesh: Chunk X=0 Y=0 Z=0 FlatVerts=0 SlopeVerts=2418
[+19:52:27.702] VoxelChunk: GenerateAsync (3,-2,0)
[+19:52:27.704] VoxelMesh: Chunk X=3 Y=-2 Z=0 FlatVerts=0 SlopeVerts=102
[+19:52:27.710] VoxelMesh: Chunk X=0 Y=0 Z=0 FlatVerts=0 SlopeVerts=0
[+19:52:27.711] VoxelChunk: GenerateAsync (1,1,-3)
[+19:52:27.713] VoxelMesh: Chunk X=1 Y=1 Z=-3 FlatVerts=0 SlopeVerts=0
[+19:52:27.715] VoxelMesh: Chunk X=0 Y=0 Z=0 FlatVerts=558 SlopeVerts=462
[+19:52:27.715] VoxelChunk: GenerateAsync (3,2,-1)
[+19:52:27.718] VoxelMesh: Chunk X=3 Y=2 Z=-1 FlatVerts=0 SlopeVerts=0
[+19:52:27.724] VoxelMesh: Chunk X=0 Y=0 Z=0 FlatVerts=0 SlopeVerts=0
[+19:52:27.724] VoxelChunk: GenerateAsync (3,-3,-3)
[+19:52:27.726] VoxelMesh: Chunk X=3 Y=-3 Z=-3 FlatVerts=0 SlopeVerts=0
[+19:52:27.739] VoxelMesh: Chunk X=0 Y=0 Z=0 FlatVerts=0 SlopeVerts=0
[+19:52:27.740] VoxelChunk: GenerateAsync (-1,0,3)
[+19:52:27.742] VoxelMesh: Chunk X=-1 Y=0 Z=3 FlatVerts=108 SlopeVerts=6228
[+19:52:27.746] VoxelChunk: GenerateAsync (16,-21,2)
[+19:52:27.746] VoxelChunk: GenerateAsync (16,-20,2)
[+19:52:27.746] VoxelChunk: GenerateAsync (17,-21,2)
[+19:52:27.746] VoxelChunk: GenerateAsync (17,-20,2)
[+19:52:27.746] VoxelChunk: GenerateAsync (17,-19,2)
[+19:52:27.746] VoxelChunk: GenerateAsync (18,-21,2)
[+19:52:27.746] VoxelChunk: GenerateAsync (18,-20,2)
[+19:52:27.746] VoxelMesh: Chunk X=16 Y=-21 Z=2 FlatVerts=54 SlopeVerts=912
[+19:52:27.746] VoxelMesh: Chunk X=16 Y=-20 Z=2 FlatVerts=72 SlopeVerts=990
[+19:52:27.746] VoxelMesh: Chunk X=17 Y=-21 Z=2 FlatVerts=0 SlopeVerts=84
[+19:52:27.746] VoxelMesh: Chunk X=17 Y=-19 Z=2 FlatVerts=0 SlopeVerts=522
[+19:52:27.747] VoxelMesh: Chunk X=17 Y=-20 Z=2 FlatVerts=6 SlopeVerts=822
[+19:52:27.747] VoxelMesh: Chunk X=18 Y=-20 Z=2 FlatVerts=0 SlopeVerts=18
[+19:52:27.747] VoxelMesh: Chunk X=18 Y=-21 Z=2 FlatVerts=0 SlopeVerts=570
[+19:52:27.747] VoxelMesh: Chunk X=3 Y=-3 Z=-3 FlatVerts=0 SlopeVerts=0
[+19:52:27.747] VoxelChunk: GenerateAsync (2,-3,-3)
[+19:52:27.749] VoxelMesh: Chunk X=3 Y=2 Z=-1 FlatVerts=0 SlopeVerts=0
[+19:52:27.749] VoxelChunk: GenerateAsync (1,-3,-3)
[+19:52:27.749] VoxelMesh: Chunk X=2 Y=-3 Z=-3 FlatVerts=0 SlopeVerts=0
[+19:52:27.751] VoxelMesh: Chunk X=1 Y=1 Z=-3 FlatVerts=0 SlopeVerts=0
[+19:52:27.751] VoxelMesh: Chunk X=1 Y=-3 Z=-3 FlatVerts=0 SlopeVerts=0
[+19:52:27.751] VoxelChunk: GenerateAsync (-3,3,-1)
[+19:52:27.752] VoxelMesh: Chunk X=3 Y=-2 Z=0 FlatVerts=312 SlopeVerts=462
[+19:52:27.752] VoxelChunk: GenerateAsync (3,-1,0)
[+19:52:27.753] VoxelMesh: Chunk X=3 Y=-1 Z=0 FlatVerts=312 SlopeVerts=462
[+19:52:27.753] VoxelMesh: Chunk X=-3 Y=3 Z=-1 FlatVerts=0 SlopeVerts=0
[+19:52:27.770] VoxelMesh: Chunk X=2 Y=3 Z=-3 FlatVerts=0 SlopeVerts=0
[+19:52:27.770] VoxelChunk: GenerateAsync (-3,0,0)
[+19:52:27.773] VoxelMesh: Chunk X=-3 Y=1 Z=-2 FlatVerts=0 SlopeVerts=0
[+19:52:27.773] VoxelChunk: GenerateAsync (-2,3,-1)
[+19:52:27.773] VoxelMesh: Chunk X=-3 Y=0 Z=0 FlatVerts=0 SlopeVerts=0
[+19:52:27.774] VoxelMesh: Chunk X=3 Y=0 Z=-2 FlatVerts=0 SlopeVerts=0
[+19:52:27.774] VoxelChunk: GenerateAsync (0,-3,-3)
[+19:52:27.774] VoxelMesh: Chunk X=-2 Y=3 Z=-1 FlatVerts=0 SlopeVerts=0
[+19:52:27.777] VoxelMesh: Chunk X=0 Y=-3 Z=-3 FlatVerts=0 SlopeVerts=0
[+19:52:27.777] VoxelMesh: Chunk X=1 Y=3 Z=-3 FlatVerts=0 SlopeVerts=0
[+19:52:27.777] VoxelChunk: GenerateAsync (3,3,-3)
[+19:52:27.779] VoxelMesh: Chunk X=3 Y=3 Z=-3 FlatVerts=0 SlopeVerts=0
[+19:52:27.786] VoxelMesh: Chunk X=-3 Y=2 Z=-1 FlatVerts=0 SlopeVerts=0
[+19:52:27.786] VoxelChunk: GenerateAsync (-1,3,-1)
[+19:52:27.787] VoxelMesh: Chunk X=3 Y=1 Z=-1 FlatVerts=0 SlopeVerts=0
[+19:52:27.787] VoxelMesh: Chunk X=-1 Y=3 Z=-1 FlatVerts=0 SlopeVerts=0
[+19:52:27.787] VoxelChunk: GenerateAsync (0,3,-1)
[+19:52:27.788] VoxelMesh: Chunk X=-3 Y=-2 Z=-3 FlatVerts=432 SlopeVerts=438
[+19:52:27.788] VoxelChunk: GenerateAsync (3,0,0)
[+19:52:27.788] VoxelMesh: Chunk X=0 Y=3 Z=-1 FlatVerts=0 SlopeVerts=0
[+19:52:27.790] VoxelMesh: Chunk X=3 Y=0 Z=0 FlatVerts=432 SlopeVerts=438
[+19:52:27.790] VoxelMesh: Chunk X=2 Y=-3 Z=0 FlatVerts=0 SlopeVerts=0
[+19:52:27.791] VoxelChunk: GenerateAsync (-3,1,0)
[+19:52:27.792] VoxelMesh: Chunk X=-3 Y=1 Z=0 FlatVerts=0 SlopeVerts=0
[+19:52:27.799] VoxelMesh: Chunk X=1 Y=-3 Z=0 FlatVerts=0 SlopeVerts=0
[+19:52:27.800] VoxelChunk: GenerateAsync (1,3,-1)
[+19:52:27.801] VoxelMesh: Chunk X=0 Y=-3 Z=0 FlatVerts=0 SlopeVerts=0
[+19:52:27.801] VoxelMesh: Chunk X=1 Y=3 Z=-1 FlatVerts=0 SlopeVerts=0
[+19:52:27.801] VoxelChunk: GenerateAsync (2,3,-1)
[+19:52:27.803] VoxelMesh: Chunk X=2 Y=3 Z=-1 FlatVerts=0 SlopeVerts=0
[+19:52:27.803] VoxelMesh: Chunk X=-1 Y=-3 Z=0 FlatVerts=0 SlopeVerts=0
[+19:52:27.803] VoxelChunk: GenerateAsync (-2,-3,-3)
[+19:52:27.805] VoxelMesh: Chunk X=-2 Y=-3 Z=0 FlatVerts=0 SlopeVerts=0
[+19:52:27.805] VoxelMesh: Chunk X=-2 Y=-3 Z=-3 FlatVerts=0 SlopeVerts=0
[+19:52:27.805] VoxelChunk: GenerateAsync (-3,-3,-3)
[+19:52:27.807] VoxelMesh: Chunk X=-3 Y=-3 Z=-3 FlatVerts=0 SlopeVerts=0
[+19:52:27.819] VoxelMesh: Chunk X=0 Y=0 Z=0 FlatVerts=0 SlopeVerts=108
[+19:52:27.820] VoxelChunk: GenerateAsync (0,0,3)
[+19:52:27.822] VoxelMesh: Chunk X=0 Y=0 Z=3 FlatVerts=0 SlopeVerts=42
[+19:52:27.823] VoxelMesh: Chunk X=0 Y=0 Z=-3 FlatVerts=0 SlopeVerts=0
[+19:52:27.823] VoxelChunk: GenerateAsync (-3,-3,-2)
[+19:52:27.825] VoxelMesh: Chunk X=3 Y=3 Z=-1 FlatVerts=0 SlopeVerts=0
[+19:52:27.825] VoxelChunk: GenerateAsync (2,1,-3)
[+19:52:27.826] VoxelMesh: Chunk X=-3 Y=-3 Z=-2 FlatVerts=0 SlopeVerts=0
[+19:52:27.826] VoxelMesh: Chunk X=0 Y=1 Z=-3 FlatVerts=0 SlopeVerts=0
[+19:52:27.827] VoxelMesh: Chunk X=2 Y=1 Z=-3 FlatVerts=0 SlopeVerts=0
[+19:52:27.827] VoxelChunk: GenerateAsync (-3,2,0)
[+19:52:27.828] VoxelMesh: Chunk X=-3 Y=2 Z=0 FlatVerts=0 SlopeVerts=0
[+19:52:27.828] VoxelMesh: Chunk X=0 Y=3 Z=-3 FlatVerts=0 SlopeVerts=0
[+19:52:27.828] VoxelChunk: GenerateAsync (1,0,-3)
[+19:52:27.829] VoxelMesh: Chunk X=1 Y=0 Z=-3 FlatVerts=0 SlopeVerts=0
[+19:52:27.846] VoxelMesh: Chunk X=-2 Y=-1 Z=0 FlatVerts=0 SlopeVerts=0
[+19:52:27.847] VoxelChunk: GenerateAsync (-3,0,-3)
[+19:52:27.848] VoxelMesh: Chunk X=-3 Y=0 Z=-3 FlatVerts=0 SlopeVerts=0
[+19:52:27.848] VoxelMesh: Chunk X=-2 Y=-3 Z=-2 FlatVerts=0 SlopeVerts=0
[+19:52:27.848] VoxelChunk: GenerateAsync (2,-1,-3)
[+19:52:27.849] VoxelMesh: Chunk X=-3 Y=2 Z=-2 FlatVerts=0 SlopeVerts=0
[+19:52:27.850] VoxelChunk: GenerateAsync (0,-3,-1)
[+19:52:27.850] VoxelMesh: Chunk X=2 Y=-1 Z=-3 FlatVerts=0 SlopeVerts=0
[+19:52:27.851] VoxelMesh: Chunk X=0 Y=-3 Z=-1 FlatVerts=0 SlopeVerts=0
[+19:52:27.851] VoxelMesh: Chunk X=3 Y=-3 Z=0 FlatVerts=0 SlopeVerts=0
[+19:52:27.852] VoxelChunk: GenerateAsync (1,-3,-1)
[+19:52:27.853] VoxelMesh: Chunk X=1 Y=-3 Z=-1 FlatVerts=0 SlopeVerts=0
[+19:52:27.861] VoxelMesh: Chunk X=-1 Y=-3 Z=-2 FlatVerts=0 SlopeVerts=0
[+19:52:27.861] VoxelChunk: GenerateAsync (-1,-1,-3)
[+19:52:27.863] VoxelMesh: Chunk X=3 Y=1 Z=-3 FlatVerts=0 SlopeVerts=0
[+19:52:27.863] VoxelMesh: Chunk X=-1 Y=-1 Z=-3 FlatVerts=0 SlopeVerts=0
[+19:52:27.863] VoxelChunk: GenerateAsync (3,2,0)
[+19:52:27.864] VoxelMesh: Chunk X=3 Y=3 Z=3 FlatVerts=0 SlopeVerts=0
[+19:52:27.864] VoxelChunk: GenerateAsync (-3,3,0)
[+19:52:27.864] VoxelMesh: Chunk X=3 Y=2 Z=0 FlatVerts=0 SlopeVerts=0
[+19:52:27.866] VoxelMesh: Chunk X=3 Y=1 Z=-2 FlatVerts=0 SlopeVerts=0
[+19:52:27.866] VoxelChunk: GenerateAsync (-2,3,0)
[+19:52:27.866] VoxelMesh: Chunk X=-3 Y=3 Z=0 FlatVerts=0 SlopeVerts=0
[+19:52:27.867] VoxelMesh: Chunk X=-2 Y=3 Z=0 FlatVerts=0 SlopeVerts=0
[+19:52:27.874] VoxelMesh: Chunk X=-3 Y=-2 Z=0 FlatVerts=0 SlopeVerts=12
[+19:52:27.874] VoxelChunk: GenerateAsync (-1,3,0)
[+19:52:27.875] VoxelMesh: Chunk X=0 Y=-3 Z=-2 FlatVerts=0 SlopeVerts=0
[+19:52:27.875] VoxelMesh: Chunk X=-1 Y=3 Z=0 FlatVerts=0 SlopeVerts=12
[+19:52:27.875] VoxelChunk: GenerateAsync (0,3,0)
[+19:52:27.876] VoxelMesh: Chunk X=0 Y=3 Z=0 FlatVerts=0 SlopeVerts=0
[+19:52:27.876] VoxelMesh: Chunk X=-3 Y=-1 Z=0 FlatVerts=0 SlopeVerts=0
[+19:52:27.876] VoxelChunk: GenerateAsync (1,3,0)
[+19:52:27.878] VoxelMesh: Chunk X=1 Y=-3 Z=-2 FlatVerts=0 SlopeVerts=0
[+19:52:27.878] VoxelMesh: Chunk X=1 Y=3 Z=0 FlatVerts=0 SlopeVerts=0
[+19:52:27.878] VoxelChunk: GenerateAsync (2,3,0)
[+19:52:27.879] VoxelMesh: Chunk X=2 Y=3 Z=0 FlatVerts=0 SlopeVerts=0
[+19:52:27.887] VoxelMesh: Chunk X=-3 Y=2 Z=-3 FlatVerts=0 SlopeVerts=0
[+19:52:27.887] VoxelChunk: GenerateAsync (3,3,0)
[+19:52:27.888] VoxelMesh: Chunk X=2 Y=0 Z=-3 FlatVerts=522 SlopeVerts=1476
[+19:52:27.888] VoxelChunk: GenerateAsync (-3,-3,1)
[+19:52:27.888] VoxelMesh: Chunk X=3 Y=3 Z=0 FlatVerts=0 SlopeVerts=0
[+19:52:27.889] VoxelMesh: Chunk X=3 Y=2 Z=-2 FlatVerts=450 SlopeVerts=5076
[+19:52:27.889] VoxelMesh: Chunk X=-3 Y=-3 Z=1 FlatVerts=522 SlopeVerts=1476
[+19:52:27.889] VoxelChunk: GenerateAsync (-2,-3,1)
[+19:52:27.891] VoxelMesh: Chunk X=-3 Y=3 Z=-2 FlatVerts=72 SlopeVerts=3234
[+19:52:27.892] VoxelMesh: Chunk X=-2 Y=-3 Z=1 FlatVerts=450 SlopeVerts=5076
[+19:52:27.892] VoxelChunk: GenerateAsync (-1,-3,1)
[+19:52:27.893] VoxelMesh: Chunk X=-1 Y=-3 Z=1 FlatVerts=72 SlopeVerts=3234
[+19:52:27.902] VoxelMesh: Chunk X=2 Y=-3 Z=-2 FlatVerts=54 SlopeVerts=1068
[+19:52:27.902] VoxelChunk: GenerateAsync (0,-3,1)
[+19:52:27.904] VoxelMesh: Chunk X=-2 Y=3 Z=-2 FlatVerts=0 SlopeVerts=0
[+19:52:27.904] VoxelChunk: GenerateAsync (1,-3,1)
[+19:52:27.905] VoxelMesh: Chunk X=0 Y=-3 Z=1 FlatVerts=54 SlopeVerts=1068
[+19:52:27.905] VoxelMesh: Chunk X=-1 Y=3 Z=-2 FlatVerts=0 SlopeVerts=0
[+19:52:27.906] VoxelChunk: GenerateAsync (2,-3,1)
[+19:52:27.907] VoxelMesh: Chunk X=1 Y=-3 Z=1 FlatVerts=0 SlopeVerts=0
[+19:52:27.907] VoxelMesh: Chunk X=3 Y=-3 Z=-2 FlatVerts=60 SlopeVerts=318
[+19:52:27.907] VoxelChunk: GenerateAsync (3,-3,1)
[+19:52:27.908] VoxelMesh: Chunk X=2 Y=-3 Z=1 FlatVerts=0 SlopeVerts=0
[+19:52:27.908] VoxelMesh: Chunk X=3 Y=-3 Z=1 FlatVerts=60 SlopeVerts=318
[+19:52:27.920] VoxelMesh: Chunk X=0 Y=0 Z=0 FlatVerts=18 SlopeVerts=7752
[+19:52:27.927] VoxelChunk: GenerateAsync (2,0,3)
[+19:52:27.928] VoxelMesh: Chunk X=2 Y=0 Z=3 FlatVerts=0 SlopeVerts=0
[+19:52:27.930] VoxelMesh: Chunk X=-2 Y=2 Z=-3 FlatVerts=0 SlopeVerts=750
[+19:52:27.930] VoxelChunk: GenerateAsync (-3,-2,1)
[+19:52:27.932] VoxelMesh: Chunk X=0 Y=3 Z=-2 FlatVerts=0 SlopeVerts=0
[+19:52:27.932] VoxelChunk: GenerateAsync (3,-2,-1)
[+19:52:27.932] VoxelMesh: Chunk X=-3 Y=-2 Z=1 FlatVerts=0 SlopeVerts=750
[+19:52:27.933] VoxelMesh: Chunk X=1 Y=3 Z=-2 FlatVerts=0 SlopeVerts=0
[+19:52:27.933] VoxelChunk: GenerateAsync (-3,-3,0)
[+19:52:27.934] VoxelMesh: Chunk X=3 Y=-2 Z=-1 FlatVerts=0 SlopeVerts=0
[+19:52:27.934] VoxelMesh: Chunk X=-3 Y=-2 Z=-2 FlatVerts=0 SlopeVerts=12
[+19:52:27.934] VoxelChunk: GenerateAsync (-3,1,2)
[+19:52:27.934] VoxelMesh: Chunk X=-3 Y=-3 Z=0 FlatVerts=0 SlopeVerts=0
[+19:52:27.936] VoxelMesh: Chunk X=-3 Y=1 Z=2 FlatVerts=0 SlopeVerts=12
[+19:52:27.945] VoxelMesh: Chunk X=2 Y=3 Z=-2 FlatVerts=0 SlopeVerts=2652
[+19:52:27.945] VoxelChunk: GenerateAsync (2,3,3)
[+19:52:27.947] VoxelMesh: Chunk X=2 Y=3 Z=3 FlatVerts=0 SlopeVerts=2652
[+19:52:27.947] VoxelMesh: Chunk X=-1 Y=-3 Z=-3 FlatVerts=0 SlopeVerts=1308
[+19:52:27.947] VoxelChunk: GenerateAsync (1,3,3)
[+19:52:27.948] VoxelMesh: Chunk X=3 Y=3 Z=-2 FlatVerts=1620 SlopeVerts=2238
[+19:52:27.948] VoxelChunk: GenerateAsync (3,-2,1)
[+19:52:27.949] VoxelMesh: Chunk X=1 Y=3 Z=3 FlatVerts=0 SlopeVerts=1308
[+19:52:27.949] VoxelMesh: Chunk X=3 Y=-2 Z=1 FlatVerts=1620 SlopeVerts=2238
[+19:52:27.950] VoxelMesh: Chunk X=-1 Y=2 Z=-3 FlatVerts=0 SlopeVerts=0
[+19:52:27.951] VoxelChunk: GenerateAsync (-3,-1,1)
[+19:52:27.952] VoxelMesh: Chunk X=-3 Y=-1 Z=1 FlatVerts=0 SlopeVerts=0
[+19:52:27.962] VoxelMesh: Chunk X=3 Y=0 Z=-3 FlatVerts=0 SlopeVerts=30
[+19:52:27.962] VoxelChunk: GenerateAsync (-2,-3,3)
[+19:52:27.963] VoxelMesh: Chunk X=-2 Y=0 Z=-3 FlatVerts=12 SlopeVerts=2208
[+19:52:27.963] VoxelMesh: Chunk X=-2 Y=-3 Z=3 FlatVerts=0 SlopeVerts=30
[+19:52:27.963] VoxelChunk: GenerateAsync (-3,1,3)
[+19:52:27.965] VoxelMesh: Chunk X=-3 Y=1 Z=3 FlatVerts=12 SlopeVerts=2208
[+19:52:27.965] VoxelMesh: Chunk X=-3 Y=-3 Z=-1 FlatVerts=0 SlopeVerts=4332
[+19:52:27.965] VoxelChunk: GenerateAsync (-1,-3,3)
[+19:52:27.968] VoxelMesh: Chunk X=3 Y=1 Z=0 FlatVerts=0 SlopeVerts=0
[+19:52:27.968] VoxelChunk: GenerateAsync (1,-1,3)
[+19:52:27.968] VoxelMesh: Chunk X=-1 Y=-3 Z=3 FlatVerts=0 SlopeVerts=4332
[+19:52:27.969] VoxelMesh: Chunk X=1 Y=-1 Z=3 FlatVerts=0 SlopeVerts=0
[+19:52:27.980] VoxelMesh: Chunk X=-2 Y=-3 Z=-1 FlatVerts=144 SlopeVerts=7656
[+19:52:27.981] VoxelChunk: GenerateAsync (-2,1,3)
[+19:52:27.983] VoxelMesh: Chunk X=-1 Y=-3 Z=-1 FlatVerts=0 SlopeVerts=0
[+19:52:27.983] VoxelMesh: Chunk X=-2 Y=1 Z=3 FlatVerts=144 SlopeVerts=7656
[+19:52:27.983] VoxelChunk: GenerateAsync (0,2,3)
[+19:52:27.985] VoxelMesh: Chunk X=1 Y=-1 Z=-3 FlatVerts=12 SlopeVerts=5172
[+19:52:27.985] VoxelMesh: Chunk X=0 Y=2 Z=3 FlatVerts=0 SlopeVerts=0
[+19:52:27.985] VoxelChunk: GenerateAsync (0,-3,3)
[+19:52:27.987] VoxelMesh: Chunk X=0 Y=2 Z=-3 FlatVerts=12 SlopeVerts=3810
[+19:52:27.987] VoxelMesh: Chunk X=0 Y=-3 Z=3 FlatVerts=12 SlopeVerts=5172
[+19:52:27.987] VoxelChunk: GenerateAsync (1,-2,3)
[+19:52:27.990] VoxelMesh: Chunk X=1 Y=-2 Z=3 FlatVerts=12 SlopeVerts=3810
[+19:52:27.999] VoxelMesh: Chunk X=2 Y=-3 Z=-1 FlatVerts=0 SlopeVerts=0
[+19:52:27.999] VoxelChunk: GenerateAsync (2,-1,3)
[+19:52:28.001] VoxelMesh: Chunk X=3 Y=-3 Z=-1 FlatVerts=0 SlopeVerts=1560
[+19:52:28.001] VoxelChunk: GenerateAsync (-3,0,3)
[+19:52:28.003] VoxelMesh: Chunk X=2 Y=-1 Z=3 FlatVerts=0 SlopeVerts=0
[+19:52:28.003] VoxelMesh: Chunk X=-3 Y=0 Z=3 FlatVerts=0 SlopeVerts=1560
[+19:52:28.003] VoxelMesh: Chunk X=-3 Y=-2 Z=-1 FlatVerts=0 SlopeVerts=294
[+19:52:28.003] VoxelChunk: GenerateAsync (-1,1,3)
[+19:52:28.005] VoxelMesh: Chunk X=1 Y=2 Z=-3 FlatVerts=6 SlopeVerts=912
[+19:52:28.005] VoxelChunk: GenerateAsync (-3,2,3)
[+19:52:28.005] VoxelMesh: Chunk X=-1 Y=1 Z=3 FlatVerts=0 SlopeVerts=294
[+19:52:28.005] VoxelMesh: Chunk X=-3 Y=2 Z=3 FlatVerts=6 SlopeVerts=912
[+19:52:28.016] VoxelMesh: Chunk X=-3 Y=1 Z=-3 FlatVerts=0 SlopeVerts=732
[+19:52:28.016] VoxelChunk: GenerateAsync (1,2,3)
[+19:52:28.018] VoxelMesh: Chunk X=1 Y=2 Z=3 FlatVerts=0 SlopeVerts=732
[+19:52:28.018] VoxelMesh: Chunk X=3 Y=-2 Z=-2 FlatVerts=60 SlopeVerts=3072
[+19:52:28.018] VoxelChunk: GenerateAsync (-3,3,3)
[+19:52:28.019] VoxelMesh: Chunk X=-3 Y=-1 Z=-2 FlatVerts=0 SlopeVerts=4692
[+19:52:28.020] VoxelMesh: Chunk X=-3 Y=3 Z=3 FlatVerts=60 SlopeVerts=3072
[+19:52:28.020] VoxelChunk: GenerateAsync (1,-3,3)
[+19:52:28.021] VoxelMesh: Chunk X=1 Y=-3 Z=3 FlatVerts=0 SlopeVerts=4692
[+19:52:28.021] VoxelMesh: Chunk X=2 Y=2 Z=-3 FlatVerts=0 SlopeVerts=6270
[+19:52:28.022] VoxelChunk: GenerateAsync (-2,-2,3)
[+19:52:28.024] VoxelMesh: Chunk X=-2 Y=-2 Z=3 FlatVerts=0 SlopeVerts=6270
[+19:52:28.038] VoxelMesh: Chunk X=0 Y=0 Z=0 FlatVerts=96 SlopeVerts=12786
[+19:52:28.048] VoxelChunk: GenerateAsync (3,0,3)
[+19:52:28.050] VoxelMesh: Chunk X=3 Y=0 Z=3 FlatVerts=0 SlopeVerts=252
[+19:52:28.051] VoxelMesh: Chunk X=0 Y=-1 Z=-3 FlatVerts=6 SlopeVerts=3090
[+19:52:28.052] VoxelChunk: GenerateAsync (2,-2,3)
[+19:52:28.054] VoxelMesh: Chunk X=-3 Y=-1 Z=-1 FlatVerts=0 SlopeVerts=72
[+19:52:28.054] VoxelMesh: Chunk X=2 Y=-2 Z=3 FlatVerts=6 SlopeVerts=3090
[+19:52:28.054] VoxelChunk: GenerateAsync (0,-1,3)
[+19:52:28.056] VoxelMesh: Chunk X=3 Y=2 Z=-3 FlatVerts=126 SlopeVerts=1146
[+19:52:28.057] VoxelChunk: GenerateAsync (3,1,1)
[+19:52:28.058] VoxelMesh: Chunk X=0 Y=-1 Z=3 FlatVerts=0 SlopeVerts=72
[+19:52:28.059] VoxelMesh: Chunk X=-2 Y=1 Z=-3 FlatVerts=0 SlopeVerts=0
[+19:52:28.059] VoxelMesh: Chunk X=3 Y=1 Z=1 FlatVerts=126 SlopeVerts=1146
[+19:52:28.059] VoxelChunk: GenerateAsync (3,-1,3)
[+19:52:28.060] VoxelMesh: Chunk X=3 Y=-1 Z=3 FlatVerts=0 SlopeVerts=0
[+19:52:28.069] VoxelMesh: Chunk X=-1 Y=0 Z=-3 FlatVerts=0 SlopeVerts=5352
[+19:52:28.070] VoxelChunk: GenerateAsync (-2,0,3)
[+19:52:28.071] VoxelMesh: Chunk X=3 Y=-1 Z=-3 FlatVerts=0 SlopeVerts=0
[+19:52:28.071] VoxelMesh: Chunk X=-2 Y=0 Z=3 FlatVerts=0 SlopeVerts=5352
[+19:52:28.071] VoxelChunk: GenerateAsync (1,0,3)
[+19:52:28.073] VoxelMesh: Chunk X=1 Y=0 Z=3 FlatVerts=0 SlopeVerts=0
[+19:52:28.074] VoxelMesh: Chunk X=-2 Y=-1 Z=-3 FlatVerts=0 SlopeVerts=0
[+19:52:28.074] VoxelChunk: GenerateAsync (0,1,3)
[+19:52:28.075] VoxelMesh: Chunk X=-3 Y=-1 Z=-3 FlatVerts=0 SlopeVerts=0
[+19:52:28.075] VoxelChunk: GenerateAsync (1,1,3)
[+19:52:28.076] VoxelMesh: Chunk X=0 Y=1 Z=3 FlatVerts=0 SlopeVerts=0
[+19:52:28.077] VoxelMesh: Chunk X=1 Y=1 Z=3 FlatVerts=0 SlopeVerts=0
[+19:52:28.085] VoxelMesh: Chunk X=3 Y=-2 Z=-3 FlatVerts=18 SlopeVerts=4662
[+19:52:28.087] VoxelChunk: GenerateAsync (-2,2,3)
[+19:52:28.088] VoxelMesh: Chunk X=-3 Y=3 Z=-3 FlatVerts=1170 SlopeVerts=2454
[+19:52:28.088] VoxelChunk: GenerateAsync (3,0,1)
[+19:52:28.089] VoxelMesh: Chunk X=-2 Y=2 Z=3 FlatVerts=18 SlopeVerts=4662
[+19:52:28.090] VoxelMesh: Chunk X=3 Y=-1 Z=-1 FlatVerts=0 SlopeVerts=2184
[+19:52:28.090] VoxelChunk: GenerateAsync (2,2,3)
[+19:52:28.091] VoxelMesh: Chunk X=3 Y=0 Z=1 FlatVerts=1170 SlopeVerts=2454
[+19:52:28.091] VoxelMesh: Chunk X=-3 Y=0 Z=-1 FlatVerts=0 SlopeVerts=1038
[+19:52:28.091] VoxelMesh: Chunk X=2 Y=2 Z=3 FlatVerts=0 SlopeVerts=2184
[+19:52:28.091] VoxelChunk: GenerateAsync (3,2,3)
[+19:52:28.091] VoxelMesh: Chunk X=3 Y=2 Z=3 FlatVerts=0 SlopeVerts=1038
[+19:52:28.102] VoxelMesh: Chunk X=2 Y=-2 Z=-3 FlatVerts=0 SlopeVerts=1026
[+19:52:28.103] VoxelChunk: GenerateAsync (-2,3,3)
[+19:52:28.104] VoxelMesh: Chunk X=3 Y=-1 Z=-2 FlatVerts=660 SlopeVerts=1860
[+19:52:28.104] VoxelChunk: GenerateAsync (0,3,1)
[+19:52:28.105] VoxelMesh: Chunk X=-2 Y=3 Z=3 FlatVerts=0 SlopeVerts=1026
[+19:52:28.106] VoxelMesh: Chunk X=0 Y=3 Z=1 FlatVerts=660 SlopeVerts=1860
[+19:52:28.106] VoxelMesh: Chunk X=-2 Y=3 Z=-3 FlatVerts=12 SlopeVerts=3114
[+19:52:28.106] VoxelChunk: GenerateAsync (2,-3,3)
[+19:52:28.108] VoxelMesh: Chunk X=2 Y=-3 Z=3 FlatVerts=12 SlopeVerts=3114
[+19:52:28.108] VoxelMesh: Chunk X=-1 Y=1 Z=-3 FlatVerts=0 SlopeVerts=4488
[+19:52:28.109] VoxelChunk: GenerateAsync (3,-3,3)
[+19:52:28.111] VoxelMesh: Chunk X=3 Y=-3 Z=3 FlatVerts=0 SlopeVerts=4488
[+19:52:28.120] VoxelMesh: Chunk X=1 Y=-2 Z=-3 FlatVerts=6 SlopeVerts=2718
[+19:52:28.120] VoxelChunk: GenerateAsync (-1,-2,3)
[+19:52:28.123] VoxelMesh: Chunk X=0 Y=-2 Z=-3 FlatVerts=66 SlopeVerts=4050
[+19:52:28.123] VoxelMesh: Chunk X=-1 Y=-2 Z=3 FlatVerts=6 SlopeVerts=2718
[+19:52:28.124] VoxelChunk: GenerateAsync (0,-2,3)
[+19:52:28.125] VoxelMesh: Chunk X=-3 Y=0 Z=-2 FlatVerts=0 SlopeVerts=0
[+19:52:28.125] VoxelMesh: Chunk X=0 Y=-2 Z=3 FlatVerts=66 SlopeVerts=4050
[+19:52:28.125] VoxelChunk: GenerateAsync (3,-2,3)
[+19:52:28.127] VoxelMesh: Chunk X=3 Y=0 Z=-1 FlatVerts=66 SlopeVerts=4182
[+19:52:28.127] VoxelMesh: Chunk X=3 Y=-2 Z=3 FlatVerts=0 SlopeVerts=0
[+19:52:28.128] VoxelChunk: GenerateAsync (-2,-1,3)
[+19:52:28.129] VoxelMesh: Chunk X=-2 Y=-1 Z=3 FlatVerts=66 SlopeVerts=4182
[+19:52:28.143] VoxelMesh: Chunk X=0 Y=0 Z=0 FlatVerts=120 SlopeVerts=21294
[+19:52:28.160] VoxelChunk: GenerateAsync (3,-2,2)
[+19:52:28.163] VoxelMesh: Chunk X=3 Y=-2 Z=2 FlatVerts=102 SlopeVerts=1170
[+19:52:28.165] VoxelMesh: Chunk X=-1 Y=3 Z=-3 FlatVerts=0 SlopeVerts=4014
[+19:52:28.165] VoxelChunk: GenerateAsync (0,-3,2)
[+19:52:28.167] VoxelMesh: Chunk X=-3 Y=1 Z=-1 FlatVerts=0 SlopeVerts=666
[+19:52:28.167] VoxelChunk: GenerateAsync (1,-3,2)
[+19:52:28.167] VoxelMesh: Chunk X=0 Y=-3 Z=2 FlatVerts=0 SlopeVerts=4014
[+19:52:28.168] VoxelMesh: Chunk X=-1 Y=-2 Z=-3 FlatVerts=0 SlopeVerts=30
[+19:52:28.168] VoxelMesh: Chunk X=1 Y=-3 Z=2 FlatVerts=0 SlopeVerts=666
[+19:52:28.168] VoxelChunk: GenerateAsync (2,-3,2)
[+19:52:28.169] VoxelMesh: Chunk X=2 Y=-3 Z=2 FlatVerts=0 SlopeVerts=30
[+19:52:28.169] VoxelMesh: Chunk X=-2 Y=-2 Z=-3 FlatVerts=0 SlopeVerts=2658
[+19:52:28.169] VoxelChunk: GenerateAsync (3,-3,2)
[+19:52:28.171] VoxelMesh: Chunk X=3 Y=-3 Z=2 FlatVerts=0 SlopeVerts=2658
[+19:52:28.187] VoxelMesh: Chunk X=0 Y=0 Z=0 FlatVerts=48 SlopeVerts=528
[+19:52:28.187] VoxelChunk: GenerateAsync (-3,-2,2)
[+19:52:28.190] VoxelMesh: Chunk X=-3 Y=-2 Z=2 FlatVerts=18 SlopeVerts=2742
[+19:52:28.193] VoxelMesh: Chunk X=0 Y=0 Z=0 FlatVerts=828 SlopeVerts=8406
[+19:52:28.194] VoxelChunk: GenerateAsync (-3,2,1)
[+19:52:28.196] VoxelMesh: Chunk X=-3 Y=2 Z=1 FlatVerts=0 SlopeVerts=0
[+19:52:28.201] VoxelMesh: Chunk X=0 Y=0 Z=0 FlatVerts=0 SlopeVerts=0
[+19:52:28.201] VoxelChunk: GenerateAsync (-1,0,3)
[+19:52:28.203] VoxelMesh: Chunk X=-1 Y=0 Z=3 FlatVerts=108 SlopeVerts=6228
[+19:52:28.207] VoxelMesh: Chunk X=0 Y=0 Z=0 FlatVerts=0 SlopeVerts=108
[+19:52:28.209] VoxelChunk: GenerateAsync (0,0,3)
[+19:52:28.210] VoxelMesh: Chunk X=0 Y=0 Z=3 FlatVerts=0 SlopeVerts=42
[+19:52:28.226] VoxelMesh: Chunk X=0 Y=0 Z=0 FlatVerts=18 SlopeVerts=7752
[+19:52:28.227] VoxelChunk: GenerateAsync (2,0,3)
[+19:52:28.229] VoxelMesh: Chunk X=2 Y=0 Z=3 FlatVerts=0 SlopeVerts=0
[+19:52:28.234] VoxelMesh: Chunk X=0 Y=0 Z=0 FlatVerts=96 SlopeVerts=12786
[+19:52:28.235] VoxelChunk: GenerateAsync (3,0,3)
[+19:52:28.237] VoxelMesh: Chunk X=3 Y=0 Z=3 FlatVerts=0 SlopeVerts=252
[+19:52:28.241] VoxelMesh: Chunk X=0 Y=0 Z=0 FlatVerts=120 SlopeVerts=21294
[+19:52:28.243] VoxelChunk: GenerateAsync (3,-2,2)
[+19:52:28.245] VoxelMesh: Chunk X=3 Y=-2 Z=2 FlatVerts=102 SlopeVerts=1170
[+19:52:28.250] VoxelMesh: Chunk X=0 Y=0 Z=0 FlatVerts=0 SlopeVerts=0
[+19:52:28.250] VoxelChunk: GenerateAsync (-3,-1,2)
[+19:52:28.252] VoxelMesh: Chunk X=-3 Y=-1 Z=2 FlatVerts=0 SlopeVerts=0
[+19:52:28.265] VoxelMesh: Chunk X=-3 Y=-1 Z=2 FlatVerts=0 SlopeVerts=1170
[+19:52:28.265] VoxelChunk: GenerateAsync (2,1,3)
[+19:52:28.267] VoxelMesh: Chunk X=3 Y=-2 Z=2 FlatVerts=0 SlopeVerts=2766
[+19:52:28.267] VoxelMesh: Chunk X=2 Y=1 Z=3 FlatVerts=0 SlopeVerts=1170
[+19:52:28.267] VoxelChunk: GenerateAsync (3,1,3)
[+19:52:28.268] VoxelMesh: Chunk X=3 Y=1 Z=3 FlatVerts=0 SlopeVerts=2766
[+19:52:28.268] VoxelMesh: Chunk X=3 Y=0 Z=3 FlatVerts=0 SlopeVerts=0
[+19:52:28.269] VoxelChunk: GenerateAsync (-1,2,3)
[+19:52:28.270] VoxelMesh: Chunk X=2 Y=0 Z=3 FlatVerts=1392 SlopeVerts=2544
[+19:52:28.271] VoxelChunk: GenerateAsync (3,-1,1)
[+19:52:28.271] VoxelMesh: Chunk X=-1 Y=2 Z=3 FlatVerts=0 SlopeVerts=0
[+19:52:28.272] VoxelMesh: Chunk X=3 Y=-1 Z=1 FlatVerts=1392 SlopeVerts=2544
[+19:52:28.284] VoxelMesh: Chunk X=0 Y=0 Z=0 FlatVerts=0 SlopeVerts=0
[+19:52:28.285] VoxelChunk: GenerateAsync (-3,-1,2)
[+19:52:28.287] VoxelMesh: Chunk X=-3 Y=-1 Z=2 FlatVerts=0 SlopeVerts=0
[+19:52:28.288] VoxelMesh: Chunk X=0 Y=0 Z=3 FlatVerts=0 SlopeVerts=0
[+19:52:28.288] VoxelChunk: GenerateAsync (3,2,1)
[+19:52:28.290] VoxelMesh: Chunk X=-1 Y=0 Z=3 FlatVerts=84 SlopeVerts=120
[+19:52:28.290] VoxelMesh: Chunk X=3 Y=2 Z=1 FlatVerts=0 SlopeVerts=0
[+19:52:28.290] VoxelChunk: GenerateAsync (3,-1,2)
[+19:52:28.292] VoxelMesh: Chunk X=-3 Y=2 Z=1 FlatVerts=0 SlopeVerts=18
[+19:52:28.292] VoxelChunk: GenerateAsync (-3,0,2)
[+19:52:28.293] VoxelMesh: Chunk X=3 Y=-1 Z=2 FlatVerts=84 SlopeVerts=120
[+19:52:28.294] VoxelMesh: Chunk X=-3 Y=-2 Z=2 FlatVerts=0 SlopeVerts=0
[+19:52:28.294] VoxelChunk: GenerateAsync (-3,3,1)
[+19:52:28.295] VoxelMesh: Chunk X=-3 Y=0 Z=2 FlatVerts=0 SlopeVerts=18
[+19:52:28.295] VoxelMesh: Chunk X=-3 Y=3 Z=1 FlatVerts=0 SlopeVerts=0
[+19:52:28.303] VoxelMesh: Chunk X=2 Y=-3 Z=-3 FlatVerts=0 SlopeVerts=0
[+19:52:28.303] VoxelChunk: GenerateAsync (-3,1,1)
[+19:52:28.304] VoxelMesh: Chunk X=1 Y=-3 Z=-3 FlatVerts=90 SlopeVerts=372
[+19:52:28.305] VoxelChunk: GenerateAsync (-2,3,1)
[+19:52:28.305] VoxelMesh: Chunk X=-3 Y=1 Z=1 FlatVerts=0 SlopeVerts=0
[+19:52:28.307] VoxelMesh: Chunk X=-2 Y=3 Z=1 FlatVerts=90 SlopeVerts=372
[+19:52:28.307] VoxelMesh: Chunk X=-3 Y=3 Z=-1 FlatVerts=0 SlopeVerts=0
[+19:52:28.307] VoxelChunk: GenerateAsync (-3,0,1)
[+19:52:28.308] VoxelMesh: Chunk X=3 Y=-1 Z=0 FlatVerts=564 SlopeVerts=1836
[+19:52:28.308] VoxelMesh: Chunk X=-3 Y=0 Z=1 FlatVerts=0 SlopeVerts=0
[+19:52:28.308] VoxelChunk: GenerateAsync (-1,3,1)
[+19:52:28.309] VoxelMesh: Chunk X=-1 Y=3 Z=1 FlatVerts=564 SlopeVerts=1836
[+19:52:28.317] VoxelMesh: Chunk X=-3 Y=0 Z=0 FlatVerts=18 SlopeVerts=1110
[+19:52:28.319] VoxelChunk: GenerateAsync (3,0,2)
[+19:52:28.320] VoxelMesh: Chunk X=-2 Y=3 Z=-1 FlatVerts=0 SlopeVerts=0
[+19:52:28.321] VoxelMesh: Chunk X=3 Y=0 Z=2 FlatVerts=18 SlopeVerts=1110
[+19:52:28.321] VoxelChunk: GenerateAsync (0,3,3)
[+19:52:28.323] VoxelMesh: Chunk X=0 Y=-3 Z=-3 FlatVerts=0 SlopeVerts=0
[+19:52:28.323] VoxelChunk: GenerateAsync (-1,3,3)
[+19:52:28.323] VoxelMesh: Chunk X=0 Y=3 Z=3 FlatVerts=0 SlopeVerts=0
[+19:52:28.324] VoxelMesh: Chunk X=3 Y=3 Z=-3 FlatVerts=252 SlopeVerts=636
[+19:52:28.324] VoxelChunk: GenerateAsync (1,3,1)
[+19:52:28.326] VoxelMesh: Chunk X=1 Y=3 Z=1 FlatVerts=252 SlopeVerts=636
[+19:52:28.326] VoxelMesh: Chunk X=-1 Y=3 Z=3 FlatVerts=0 SlopeVerts=0
[+19:52:28.334] VoxelMesh: Chunk X=-1 Y=3 Z=-1 FlatVerts=36 SlopeVerts=5958
[+19:52:28.334] VoxelChunk: GenerateAsync (-3,-2,3)
[+19:52:28.336] VoxelMesh: Chunk X=0 Y=3 Z=-1 FlatVerts=0 SlopeVerts=0
[+19:52:28.336] VoxelChunk: GenerateAsync (2,3,1)
[+19:52:28.336] VoxelMesh: Chunk X=-3 Y=-2 Z=3 FlatVerts=36 SlopeVerts=5958
[+19:52:28.337] VoxelMesh: Chunk X=3 Y=0 Z=0 FlatVerts=0 SlopeVerts=0
[+19:52:28.337] VoxelChunk: GenerateAsync (3,3,1)
[+19:52:28.337] VoxelMesh: Chunk X=2 Y=3 Z=1 FlatVerts=0 SlopeVerts=0
[+19:52:28.338] VoxelMesh: Chunk X=3 Y=3 Z=1 FlatVerts=0 SlopeVerts=0
[+19:52:28.338] VoxelMesh: Chunk X=-3 Y=1 Z=0 FlatVerts=0 SlopeVerts=2052
[+19:52:28.339] VoxelChunk: GenerateAsync (3,1,2)
[+19:52:28.341] VoxelMesh: Chunk X=3 Y=1 Z=2 FlatVerts=0 SlopeVerts=2052
[+19:52:28.348] VoxelMesh: Chunk X=1 Y=3 Z=-1 FlatVerts=0 SlopeVerts=0
[+19:52:28.348] VoxelChunk: GenerateAsync (-3,2,2)
[+19:52:28.350] VoxelMesh: Chunk X=-3 Y=2 Z=2 FlatVerts=0 SlopeVerts=0
[+19:52:28.350] VoxelMesh: Chunk X=2 Y=3 Z=-1 FlatVerts=120 SlopeVerts=4998
[+19:52:28.351] VoxelChunk: GenerateAsync (-3,-3,2)
[+19:52:28.352] VoxelMesh: Chunk X=-2 Y=-3 Z=-3 FlatVerts=0 SlopeVerts=714
[+19:52:28.352] VoxelChunk: GenerateAsync (-3,-1,3)
[+19:52:28.352] VoxelMesh: Chunk X=-3 Y=-3 Z=2 FlatVerts=120 SlopeVerts=4998
[+19:52:28.353] VoxelMesh: Chunk X=-3 Y=-3 Z=-3 FlatVerts=0 SlopeVerts=2592
[+19:52:28.354] VoxelMesh: Chunk X=-3 Y=-1 Z=3 FlatVerts=0 SlopeVerts=714
[+19:52:28.354] VoxelChunk: GenerateAsync (-2,-3,2)
[+19:52:28.356] VoxelMesh: Chunk X=-2 Y=-3 Z=2 FlatVerts=0 SlopeVerts=2592
[+19:52:28.365] VoxelMesh: Chunk X=-3 Y=-3 Z=-2 FlatVerts=12 SlopeVerts=4242
[+19:52:28.366] VoxelChunk: GenerateAsync (-1,-1,3)
[+19:52:28.367] VoxelMesh: Chunk X=2 Y=1 Z=-3 FlatVerts=0 SlopeVerts=3492
[+19:52:28.367] VoxelChunk: GenerateAsync (-1,-3,2)
[+19:52:28.367] VoxelMesh: Chunk X=-1 Y=-1 Z=3 FlatVerts=12 SlopeVerts=4242
[+19:52:28.369] VoxelMesh: Chunk X=-3 Y=2 Z=0 FlatVerts=0 SlopeVerts=12
[+19:52:28.369] VoxelChunk: GenerateAsync (3,2,2)
[+19:52:28.369] VoxelMesh: Chunk X=-1 Y=-3 Z=2 FlatVerts=0 SlopeVerts=3492
[+19:52:28.370] VoxelMesh: Chunk X=1 Y=0 Z=-3 FlatVerts=6 SlopeVerts=1368
[+19:52:28.370] VoxelChunk: GenerateAsync (-3,3,2)
[+19:52:28.370] VoxelMesh: Chunk X=3 Y=2 Z=2 FlatVerts=0 SlopeVerts=12
[+19:52:28.371] VoxelMesh: Chunk X=-3 Y=3 Z=2 FlatVerts=6 SlopeVerts=1368
[+19:52:28.385] VoxelMesh: Chunk X=0 Y=0 Z=0 FlatVerts=0 SlopeVerts=42
[+19:52:28.385] VoxelChunk: GenerateAsync (2,1,3)
[+19:52:28.387] VoxelMesh: Chunk X=2 Y=1 Z=3 FlatVerts=0 SlopeVerts=1170
[+19:52:28.389] VoxelMesh: Chunk X=-3 Y=0 Z=-3 FlatVerts=1056 SlopeVerts=3390
[+19:52:28.389] VoxelChunk: GenerateAsync (-2,3,2)
[+19:52:28.392] VoxelMesh: Chunk X=2 Y=-1 Z=-3 FlatVerts=1494 SlopeVerts=1200
[+19:52:28.392] VoxelChunk: GenerateAsync (-1,3,2)
[+19:52:28.393] VoxelMesh: Chunk X=-2 Y=3 Z=2 FlatVerts=1056 SlopeVerts=3390
[+19:52:28.394] VoxelMesh: Chunk X=0 Y=-3 Z=-1 FlatVerts=1398 SlopeVerts=1296
[+19:52:28.394] VoxelChunk: GenerateAsync (0,3,2)
[+19:52:28.394] VoxelMesh: Chunk X=-1 Y=3 Z=2 FlatVerts=1494 SlopeVerts=1200
[+19:52:28.395] VoxelMesh: Chunk X=1 Y=-3 Z=-1 FlatVerts=1302 SlopeVerts=2742
[+19:52:28.395] VoxelMesh: Chunk X=0 Y=3 Z=2 FlatVerts=1398 SlopeVerts=1296
[+19:52:28.396] VoxelChunk: GenerateAsync (1,3,2)
[+19:52:28.397] VoxelMesh: Chunk X=1 Y=3 Z=2 FlatVerts=1302 SlopeVerts=2742
[+19:52:28.408] VoxelMesh: Chunk X=-1 Y=-1 Z=-3 FlatVerts=30 SlopeVerts=2148
[+19:52:28.409] VoxelChunk: GenerateAsync (2,3,2)
[+19:52:28.410] VoxelMesh: Chunk X=3 Y=2 Z=0 FlatVerts=246 SlopeVerts=4416
[+19:52:28.410] VoxelMesh: Chunk X=2 Y=3 Z=2 FlatVerts=30 SlopeVerts=2148
[+19:52:28.410] VoxelChunk: GenerateAsync (3,3,2)
[+19:52:28.412] VoxelMesh: Chunk X=3 Y=3 Z=2 FlatVerts=246 SlopeVerts=4416
[+19:52:28.412] VoxelMesh: Chunk X=-3 Y=3 Z=0 FlatVerts=0 SlopeVerts=348
[+19:52:28.412] VoxelChunk: GenerateAsync (-3,-3,3)
[+19:52:28.414] VoxelMesh: Chunk X=-2 Y=3 Z=0 FlatVerts=0 SlopeVerts=0
[+19:52:28.414] VoxelChunk: GenerateAsync (2,3,-4)
[+19:52:28.415] VoxelMesh: Chunk X=-3 Y=-3 Z=3 FlatVerts=0 SlopeVerts=348
[+19:52:28.415] VoxelMesh: Chunk X=2 Y=3 Z=-4 FlatVerts=0 SlopeVerts=0
[+19:52:28.569] VoxelMesh: Chunk X=0 Y=0 Z=0 FlatVerts=0 SlopeVerts=30
[+19:52:28.569] VoxelChunk: GenerateAsync (3,1,3)
[+19:52:28.571] VoxelMesh: Chunk X=3 Y=1 Z=3 FlatVerts=0 SlopeVerts=2766
[+19:52:28.643] VoxelMesh: Chunk X=0 Y=0 Z=0 FlatVerts=0 SlopeVerts=0
[+19:52:28.644] VoxelChunk: GenerateAsync (-1,2,3)
[+19:52:28.645] VoxelMesh: Chunk X=-1 Y=2 Z=3 FlatVerts=0 SlopeVerts=0
[+19:52:28.751] VoxelMesh: Chunk X=0 Y=0 Z=0 FlatVerts=228 SlopeVerts=13272
[+19:52:28.759] VoxelChunk: GenerateAsync (3,-1,1)
[+19:52:28.761] VoxelMesh: Chunk X=3 Y=-1 Z=1 FlatVerts=1392 SlopeVerts=2544
[+19:52:28.851] VoxelMesh: Chunk X=0 Y=0 Z=0 FlatVerts=10374 SlopeVerts=4788
[+19:52:28.867] VoxelChunk: GenerateAsync (3,2,1)
[+19:52:28.868] VoxelMesh: Chunk X=3 Y=2 Z=1 FlatVerts=0 SlopeVerts=0
[+19:52:28.955] VoxelMesh: Chunk X=0 Y=0 Z=0 FlatVerts=264 SlopeVerts=24228
[+19:52:28.972] VoxelChunk: GenerateAsync (3,-1,2)
[+19:52:28.973] VoxelMesh: Chunk X=3 Y=-1 Z=2 FlatVerts=84 SlopeVerts=120
[+19:52:29.058] VoxelMesh: Chunk X=0 Y=0 Z=0 FlatVerts=0 SlopeVerts=0
[+19:52:29.058] VoxelChunk: GenerateAsync (-3,0,2)
[+19:52:29.059] VoxelMesh: Chunk X=-3 Y=0 Z=2 FlatVerts=0 SlopeVerts=18
[+19:52:29.156] VoxelMesh: Chunk X=0 Y=0 Z=0 FlatVerts=1578 SlopeVerts=13638
[+19:52:29.166] VoxelChunk: GenerateAsync (-3,3,1)
[+19:52:29.168] VoxelMesh: Chunk X=-3 Y=3 Z=1 FlatVerts=0 SlopeVerts=0
[+19:52:29.260] VoxelMesh: Chunk X=0 Y=0 Z=0 FlatVerts=642 SlopeVerts=2130
[+19:52:29.263] VoxelChunk: GenerateAsync (-3,1,1)
[+19:52:29.264] VoxelMesh: Chunk X=-3 Y=1 Z=1 FlatVerts=0 SlopeVerts=0
[+19:52:29.365] VoxelMesh: Chunk X=0 Y=0 Z=0 FlatVerts=1596 SlopeVerts=5688
[+19:52:29.372] VoxelChunk: GenerateAsync (-2,3,1)
[+19:52:29.373] VoxelMesh: Chunk X=-2 Y=3 Z=1 FlatVerts=90 SlopeVerts=372
[+19:52:29.467] VoxelMesh: Chunk X=0 Y=0 Z=0 FlatVerts=0 SlopeVerts=0
[+19:52:29.467] VoxelChunk: GenerateAsync (-3,0,1)
[+19:52:29.469] VoxelMesh: Chunk X=-3 Y=0 Z=1 FlatVerts=0 SlopeVerts=0
[+19:52:29.572] VoxelMesh: Chunk X=0 Y=0 Z=0 FlatVerts=1878 SlopeVerts=3582
[+19:52:29.576] VoxelChunk: GenerateAsync (-1,3,1)
[+19:52:29.577] VoxelMesh: Chunk X=-1 Y=3 Z=1 FlatVerts=564 SlopeVerts=1836
[+19:52:29.679] VoxelMesh: Chunk X=0 Y=0 Z=0 FlatVerts=414 SlopeVerts=18162
[+19:52:29.693] VoxelChunk: GenerateAsync (3,0,2)
[+19:52:29.694] VoxelMesh: Chunk X=3 Y=0 Z=2 FlatVerts=18 SlopeVerts=1110
[+19:52:29.782] VoxelMesh: Chunk X=0 Y=0 Z=0 FlatVerts=0 SlopeVerts=0
[+19:52:29.782] VoxelChunk: GenerateAsync (0,3,3)
[+19:52:29.784] VoxelMesh: Chunk X=0 Y=3 Z=3 FlatVerts=0 SlopeVerts=0
[+19:52:29.888] VoxelMesh: Chunk X=0 Y=0 Z=0 FlatVerts=0 SlopeVerts=0
[+19:52:29.888] VoxelChunk: GenerateAsync (-1,3,3)
[+19:52:29.890] VoxelMesh: Chunk X=-1 Y=3 Z=3 FlatVerts=0 SlopeVerts=0
[+19:52:29.993] VoxelMesh: Chunk X=0 Y=0 Z=0 FlatVerts=3942 SlopeVerts=9798
[+19:52:30.003] VoxelChunk: GenerateAsync (1,3,1)
[+19:52:30.004] VoxelMesh: Chunk X=1 Y=3 Z=1 FlatVerts=252 SlopeVerts=636
