=== FIRSTVOXEL SESSION [2026.03.17-00.29.26] ===
[+00:29:26.707] FirstVoxel module started.
[+00:29:41.089] VoxelWorld: GenerateWorldDeferred started.
[+00:29:41.089] VoxelWorld: Queued 441 chunks.
[+00:29:41.191] VoxelMesh: Chunk X=0 Y=0 Z=0 FlatVerts=5988 SlopeVerts=10380
[+00:29:41.205] VoxelChunk: GenerateAsync (0,0,0)
[+00:29:41.206] VoxelMesh: Chunk X=0 Y=0 Z=0 FlatVerts=144 SlopeVerts=186
[+00:29:41.295] VoxelMesh: Chunk X=0 Y=0 Z=0 FlatVerts=3600 SlopeVerts=13752
[+00:29:41.311] VoxelChunk: GenerateAsync (1,0,0)
[+00:29:41.312] VoxelMesh: Chunk X=1 Y=0 Z=0 FlatVerts=2520 SlopeVerts=186
[+00:29:41.402] VoxelMesh: Chunk X=0 Y=0 Z=0 FlatVerts=1542 SlopeVerts=1056
[+00:29:41.406] VoxelChunk: GenerateAsync (0,-1,-1)
[+00:29:41.509] VoxelMesh: Chunk X=0 Y=0 Z=0 FlatVerts=216 SlopeVerts=198
[+00:29:41.510] VoxelChunk: GenerateAsync (1,-1,-1)
[+00:29:41.609] VoxelMesh: Chunk X=0 Y=0 Z=0 FlatVerts=4986 SlopeVerts=1782
[+00:29:41.616] VoxelChunk: GenerateAsync (-1,-1,-1)
[+00:29:41.715] VoxelMesh: Chunk X=0 Y=0 Z=0 FlatVerts=9000 SlopeVerts=2988
[+00:29:41.729] VoxelChunk: GenerateAsync (-1,0,0)
[+00:29:41.817] VoxelMesh: Chunk X=0 Y=0 Z=0 FlatVerts=8106 SlopeVerts=6360
[+00:29:41.831] VoxelChunk: GenerateAsync (1,1,0)
[+00:29:41.832] VoxelMesh: Chunk X=1 Y=1 Z=0 FlatVerts=2514 SlopeVerts=0
[+00:29:41.920] VoxelMesh: Chunk X=0 Y=0 Z=0 FlatVerts=900 SlopeVerts=11538
[+00:29:41.929] VoxelChunk: GenerateAsync (1,-1,0)
[+00:29:41.929] VoxelMesh: Chunk X=1 Y=-1 Z=0 FlatVerts=162 SlopeVerts=78
[+00:29:42.025] VoxelMesh: Chunk X=0 Y=0 Z=0 FlatVerts=0 SlopeVerts=0
[+00:29:42.025] VoxelChunk: GenerateAsync (-1,1,1)
[+00:29:42.027] VoxelMesh: Chunk X=-1 Y=1 Z=1 FlatVerts=24 SlopeVerts=3126
[+00:29:42.127] VoxelMesh: Chunk X=0 Y=0 Z=0 FlatVerts=9804 SlopeVerts=2352
[+00:29:42.141] VoxelChunk: GenerateAsync (0,1,0)
[+00:29:42.141] VoxelMesh: Chunk X=0 Y=1 Z=0 FlatVerts=1800 SlopeVerts=342
[+00:29:42.230] VoxelMesh: Chunk X=0 Y=0 Z=0 FlatVerts=9684 SlopeVerts=744
[+00:29:42.243] VoxelChunk: GenerateAsync (0,1,-1)
[+00:29:42.344] VoxelMesh: Chunk X=0 Y=0 Z=0 FlatVerts=6012 SlopeVerts=9192
[+00:29:42.359] VoxelChunk: GenerateAsync (-1,-1,0)
[+00:29:42.445] VoxelMesh: Chunk X=0 Y=0 Z=0 FlatVerts=8946 SlopeVerts=966
[+00:29:42.456] VoxelChunk: GenerateAsync (-1,0,-1)
[+00:29:42.554] VoxelMesh: Chunk X=0 Y=0 Z=0 FlatVerts=1608 SlopeVerts=20934
[+00:29:42.571] VoxelChunk: GenerateAsync (1,0,1)
[+00:29:42.572] VoxelMesh: Chunk X=1 Y=0 Z=1 FlatVerts=138 SlopeVerts=186
[+00:29:42.657] VoxelMesh: Chunk X=0 Y=0 Z=0 FlatVerts=648 SlopeVerts=25830
[+00:29:42.676] VoxelChunk: GenerateAsync (1,-1,1)
[+00:29:42.676] VoxelMesh: Chunk X=1 Y=-1 Z=1 FlatVerts=1296 SlopeVerts=2562
[+00:29:42.760] VoxelMesh: Chunk X=0 Y=0 Z=0 FlatVerts=10458 SlopeVerts=30
[+00:29:42.772] VoxelChunk: GenerateAsync (-1,1,0)
[+00:29:42.773] VoxelMesh: Chunk X=-1 Y=1 Z=0 FlatVerts=156 SlopeVerts=288
[+00:29:42.859] VoxelMesh: Chunk X=0 Y=0 Z=0 FlatVerts=2346 SlopeVerts=13626
[+00:29:42.870] VoxelChunk: GenerateAsync (0,-1,0)
[+00:29:42.965] VoxelMesh: Chunk X=0 Y=0 Z=0 FlatVerts=10458 SlopeVerts=30
[+00:29:42.978] VoxelChunk: GenerateAsync (-1,1,-1)
[+00:29:43.069] VoxelMesh: Chunk X=0 Y=0 Z=0 FlatVerts=5532 SlopeVerts=1776
[+00:29:43.079] VoxelChunk: GenerateAsync (0,0,-1)
[+00:29:43.172] VoxelMesh: Chunk X=0 Y=0 Z=0 FlatVerts=7176 SlopeVerts=1398
[+00:29:43.182] VoxelChunk: GenerateAsync (1,1,-1)
[+00:29:43.276] VoxelMesh: Chunk X=0 Y=0 Z=0 FlatVerts=2016 SlopeVerts=1272
[+00:29:43.280] VoxelChunk: GenerateAsync (1,0,-1)
[+00:29:43.385] VoxelMesh: Chunk X=0 Y=0 Z=0 FlatVerts=990 SlopeVerts=5526
[+00:29:43.391] VoxelChunk: GenerateAsync (1,1,1)
[+00:29:43.392] VoxelMesh: Chunk X=1 Y=1 Z=1 FlatVerts=0 SlopeVerts=0
[+00:29:43.489] VoxelMesh: Chunk X=0 Y=0 Z=0 FlatVerts=144 SlopeVerts=1698
[+00:29:43.492] VoxelChunk: GenerateAsync (0,1,1)
[+00:29:43.493] VoxelMesh: Chunk X=0 Y=1 Z=1 FlatVerts=222 SlopeVerts=600
[+00:29:43.590] VoxelMesh: Chunk X=0 Y=0 Z=0 FlatVerts=456 SlopeVerts=10890
[+00:29:43.598] VoxelChunk: GenerateAsync (0,0,1)
[+00:29:43.599] VoxelMesh: Chunk X=0 Y=0 Z=1 FlatVerts=690 SlopeVerts=3612
[+00:29:43.692] VoxelMesh: Chunk X=0 Y=0 Z=0 FlatVerts=54 SlopeVerts=2202
[+00:29:43.694] VoxelChunk: GenerateAsync (-1,0,1)
[+00:29:43.695] VoxelMesh: Chunk X=-1 Y=0 Z=1 FlatVerts=0 SlopeVerts=84
[+00:29:43.801] VoxelMesh: Chunk X=0 Y=0 Z=0 FlatVerts=792 SlopeVerts=22050
[+00:29:43.819] VoxelChunk: GenerateAsync (0,-1,1)
[+00:29:43.820] VoxelMesh: Chunk X=0 Y=-1 Z=1 FlatVerts=36 SlopeVerts=2394
[+00:29:43.902] VoxelMesh: Chunk X=0 Y=0 Z=0 FlatVerts=1050 SlopeVerts=10668
[+00:29:43.910] VoxelChunk: GenerateAsync (-1,-1,1)
[+00:29:44.009] VoxelMesh: Chunk X=0 Y=0 Z=0 FlatVerts=6 SlopeVerts=15186
[+00:29:44.019] VoxelChunk: GenerateAsync (0,-1,2)
[+00:29:44.020] VoxelMesh: Chunk X=0 Y=-1 Z=2 FlatVerts=396 SlopeVerts=3870
[+00:29:44.112] VoxelMesh: Chunk X=0 Y=0 Z=0 FlatVerts=6 SlopeVerts=3168
[+00:29:44.114] VoxelChunk: GenerateAsync (-1,-1,2)
[+00:29:44.116] VoxelMesh: Chunk X=-1 Y=-1 Z=2 FlatVerts=90 SlopeVerts=1290
[+00:29:44.212] VoxelChunk: GenerateAsync (-2,1,2)
[+00:29:44.212] VoxelMesh: Chunk X=-2 Y=1 Z=2 FlatVerts=30 SlopeVerts=1884
[+00:29:44.317] VoxelChunk: GenerateAsync (-2,-1,2)
[+00:29:44.319] VoxelMesh: Chunk X=-2 Y=-1 Z=2 FlatVerts=228 SlopeVerts=3066
[+00:29:44.425] VoxelMesh: Chunk X=0 Y=0 Z=0 FlatVerts=78 SlopeVerts=26964
[+00:29:44.445] VoxelChunk: GenerateAsync (2,-2,2)
[+00:29:44.446] VoxelMesh: Chunk X=2 Y=-2 Z=2 FlatVerts=0 SlopeVerts=3708
[+00:29:44.529] VoxelMesh: Chunk X=0 Y=0 Z=0 FlatVerts=270 SlopeVerts=19878
[+00:29:44.545] VoxelChunk: GenerateAsync (2,0,2)
[+00:29:44.634] VoxelMesh: Chunk X=0 Y=0 Z=0 FlatVerts=252 SlopeVerts=2622
[+00:29:44.636] VoxelChunk: GenerateAsync (2,1,2)
[+00:29:44.639] VoxelMesh: Chunk X=2 Y=1 Z=2 FlatVerts=0 SlopeVerts=1722
[+00:29:44.736] VoxelMesh: Chunk X=0 Y=0 Z=0 FlatVerts=18 SlopeVerts=25110
[+00:29:44.754] VoxelChunk: GenerateAsync (1,-2,2)
[+00:29:44.755] VoxelMesh: Chunk X=1 Y=-2 Z=2 FlatVerts=168 SlopeVerts=3192
[+00:29:44.838] VoxelMesh: Chunk X=0 Y=0 Z=0 FlatVerts=36 SlopeVerts=26892
[+00:29:44.856] VoxelChunk: GenerateAsync (0,-2,2)
[+00:29:44.858] VoxelMesh: Chunk X=0 Y=-2 Z=2 FlatVerts=96 SlopeVerts=2862
[+00:29:44.939] VoxelMesh: Chunk X=0 Y=0 Z=0 FlatVerts=0 SlopeVerts=0
[+00:29:44.940] VoxelChunk: GenerateAsync (-2,1,1)
[+00:29:44.941] VoxelMesh: Chunk X=-2 Y=1 Z=1 FlatVerts=0 SlopeVerts=0
[+00:29:45.045] VoxelMesh: Chunk X=0 Y=0 Z=0 FlatVerts=1734 SlopeVerts=24420
[+00:29:45.064] VoxelChunk: GenerateAsync (2,0,1)
[+00:29:45.066] VoxelMesh: Chunk X=2 Y=0 Z=1 FlatVerts=0 SlopeVerts=0
[+00:29:45.146] VoxelMesh: Chunk X=0 Y=0 Z=0 FlatVerts=0 SlopeVerts=10548
[+00:29:45.153] VoxelChunk: GenerateAsync (1,0,2)
[+00:29:45.252] VoxelMesh: Chunk X=0 Y=0 Z=0 FlatVerts=48 SlopeVerts=16800
[+00:29:45.264] VoxelChunk: GenerateAsync (-1,-2,2)
[+00:29:45.265] VoxelMesh: Chunk X=-1 Y=-2 Z=2 FlatVerts=198 SlopeVerts=5190
[+00:29:45.358] VoxelMesh: Chunk X=0 Y=0 Z=0 FlatVerts=18 SlopeVerts=4860
[+00:29:45.361] VoxelChunk: GenerateAsync (-2,-2,2)
[+00:29:45.362] VoxelMesh: Chunk X=-2 Y=-2 Z=2 FlatVerts=0 SlopeVerts=2358
[+00:29:45.458] VoxelMesh: Chunk X=0 Y=0 Z=0 FlatVerts=0 SlopeVerts=0
[+00:29:45.458] VoxelChunk: GenerateAsync (-2,0,1)
[+00:29:45.563] VoxelMesh: Chunk X=0 Y=0 Z=0 FlatVerts=636 SlopeVerts=23916
[+00:29:45.582] VoxelChunk: GenerateAsync (2,-1,1)
[+00:29:45.583] VoxelMesh: Chunk X=2 Y=-1 Z=1 FlatVerts=108 SlopeVerts=1128
[+00:29:45.666] VoxelMesh: Chunk X=0 Y=0 Z=0 FlatVerts=0 SlopeVerts=2088
[+00:29:45.668] VoxelChunk: GenerateAsync (0,0,2)
[+00:29:45.669] VoxelMesh: Chunk X=0 Y=0 Z=2 FlatVerts=0 SlopeVerts=930
[+00:29:45.769] VoxelMesh: Chunk X=0 Y=0 Z=0 FlatVerts=0 SlopeVerts=384
[+00:29:45.770] VoxelChunk: GenerateAsync (1,1,2)
[+00:29:45.876] VoxelChunk: GenerateAsync (-1,2,2)
[+00:29:45.878] VoxelMesh: Chunk X=-1 Y=2 Z=2 FlatVerts=0 SlopeVerts=114
[+00:29:45.980] VoxelMesh: Chunk X=0 Y=0 Z=0 FlatVerts=588 SlopeVerts=1656
[+00:29:45.983] VoxelChunk: GenerateAsync (-2,-1,1)
[+00:29:45.984] VoxelMesh: Chunk X=-2 Y=-1 Z=1 FlatVerts=0 SlopeVerts=12
[+00:29:46.088] VoxelMesh: Chunk X=0 Y=0 Z=0 FlatVerts=126 SlopeVerts=13938
[+00:29:46.097] VoxelChunk: GenerateAsync (2,-2,1)
[+00:29:46.098] VoxelMesh: Chunk X=2 Y=-2 Z=1 FlatVerts=228 SlopeVerts=2976
[+00:29:46.189] VoxelMesh: Chunk X=0 Y=0 Z=0 FlatVerts=5688 SlopeVerts=6942
[+00:29:46.200] VoxelChunk: GenerateAsync (2,2,1)
[+00:29:46.202] VoxelMesh: Chunk X=2 Y=2 Z=1 FlatVerts=0 SlopeVerts=672
[+00:29:46.291] VoxelMesh: Chunk X=0 Y=0 Z=0 FlatVerts=1248 SlopeVerts=3060
[+00:29:46.294] VoxelChunk: GenerateAsync (1,2,1)
[+00:29:46.295] VoxelMesh: Chunk X=1 Y=2 Z=1 FlatVerts=132 SlopeVerts=2706
[+00:29:46.395] VoxelMesh: Chunk X=0 Y=0 Z=0 FlatVerts=0 SlopeVerts=72
[+00:29:46.396] VoxelChunk: GenerateAsync (-1,0,2)
[+00:29:46.396] VoxelMesh: Chunk X=-1 Y=0 Z=2 FlatVerts=42 SlopeVerts=2886
[+00:29:46.503] VoxelMesh: Chunk X=0 Y=0 Z=0 FlatVerts=6 SlopeVerts=420
[+00:29:46.504] VoxelChunk: GenerateAsync (0,2,1)
[+00:29:46.505] VoxelMesh: Chunk X=0 Y=2 Z=1 FlatVerts=1284 SlopeVerts=0
[+00:29:46.603] VoxelChunk: GenerateAsync (-1,2,1)
[+00:29:46.605] VoxelMesh: Chunk X=-1 Y=2 Z=1 FlatVerts=798 SlopeVerts=1314
[+00:29:46.710] VoxelChunk: GenerateAsync (-2,0,2)
[+00:29:46.711] VoxelMesh: Chunk X=-2 Y=0 Z=2 FlatVerts=108 SlopeVerts=2688
[+00:29:46.817] VoxelChunk: GenerateAsync (0,1,2)
[+00:29:46.819] VoxelMesh: Chunk X=0 Y=1 Z=2 FlatVerts=0 SlopeVerts=0
[+00:29:46.923] VoxelMesh: Chunk X=0 Y=0 Z=0 FlatVerts=1890 SlopeVerts=1116
[+00:29:46.926] VoxelChunk: GenerateAsync (2,2,2)
[+00:29:46.927] VoxelMesh: Chunk X=2 Y=2 Z=2 FlatVerts=0 SlopeVerts=1560
[+00:29:47.024] VoxelMesh: Chunk X=0 Y=0 Z=0 FlatVerts=204 SlopeVerts=30936
[+00:29:47.047] VoxelChunk: GenerateAsync (2,-1,2)
[+00:29:47.129] VoxelMesh: Chunk X=0 Y=0 Z=0 FlatVerts=0 SlopeVerts=25512
[+00:29:47.147] VoxelChunk: GenerateAsync (1,-1,2)
[+00:29:47.148] VoxelMesh: Chunk X=1 Y=-1 Z=2 FlatVerts=24 SlopeVerts=306
[+00:29:47.237] VoxelChunk: GenerateAsync (-1,1,2)
[+00:29:47.239] VoxelMesh: Chunk X=-1 Y=1 Z=2 FlatVerts=78 SlopeVerts=4032
[+00:29:47.337] VoxelChunk: GenerateAsync (-2,2,2)
[+00:29:47.338] VoxelMesh: Chunk X=-2 Y=2 Z=2 FlatVerts=0 SlopeVerts=2952
[+00:29:47.444] VoxelChunk: GenerateAsync (0,2,2)
[+00:29:47.549] VoxelMesh: Chunk X=0 Y=0 Z=0 FlatVerts=0 SlopeVerts=6
[+00:29:47.550] VoxelChunk: GenerateAsync (1,2,2)
[+00:29:47.551] VoxelMesh: Chunk X=1 Y=2 Z=2 FlatVerts=0 SlopeVerts=1494
[+00:29:47.655] VoxelMesh: Chunk X=0 Y=0 Z=0 FlatVerts=60 SlopeVerts=936
[+00:29:47.656] VoxelChunk: GenerateAsync (-2,2,1)
[+00:29:47.658] VoxelMesh: Chunk X=-2 Y=2 Z=1 FlatVerts=0 SlopeVerts=1926
[+00:29:47.763] VoxelMesh: Chunk X=0 Y=0 Z=0 FlatVerts=2706 SlopeVerts=12882
[+00:29:47.775] VoxelChunk: GenerateAsync (2,1,1)
[+00:29:47.776] VoxelMesh: Chunk X=2 Y=1 Z=1 FlatVerts=0 SlopeVerts=2442
[+00:29:47.864] VoxelChunk: GenerateAsync (-1,1,-2)
[+00:29:47.970] VoxelChunk: GenerateAsync (2,-2,-1)
[+00:29:48.074] VoxelMesh: Chunk X=0 Y=0 Z=0 FlatVerts=10176 SlopeVerts=4224
[+00:29:48.089] VoxelChunk: GenerateAsync (1,2,0)
[+00:29:48.090] VoxelMesh: Chunk X=1 Y=2 Z=0 FlatVerts=1662 SlopeVerts=294
[+00:29:48.179] VoxelMesh: Chunk X=0 Y=0 Z=0 FlatVerts=10800 SlopeVerts=684
[+00:29:48.193] VoxelChunk: GenerateAsync (0,2,0)
[+00:29:48.193] VoxelMesh: Chunk X=0 Y=2 Z=0 FlatVerts=1668 SlopeVerts=0
[+00:29:48.282] VoxelMesh: Chunk X=0 Y=0 Z=0 FlatVerts=498 SlopeVerts=6768
[+00:29:48.287] VoxelChunk: GenerateAsync (2,-1,0)
[+00:29:48.287] VoxelMesh: Chunk X=2 Y=-1 Z=0 FlatVerts=1674 SlopeVerts=546
[+00:29:48.384] VoxelChunk: GenerateAsync (-1,0,-2)
[+00:29:48.490] VoxelMesh: Chunk X=0 Y=0 Z=0 FlatVerts=540 SlopeVerts=17862
[+00:29:48.503] VoxelChunk: GenerateAsync (0,-2,1)
[+00:29:48.592] VoxelMesh: Chunk X=0 Y=0 Z=0 FlatVerts=1092 SlopeVerts=864
[+00:29:48.594] VoxelChunk: GenerateAsync (-1,-2,-1)
[+00:29:48.695] VoxelMesh: Chunk X=0 Y=0 Z=0 FlatVerts=10326 SlopeVerts=6
[+00:29:48.708] VoxelChunk: GenerateAsync (-2,1,-1)
[+00:29:48.804] VoxelChunk: GenerateAsync (-1,2,-2)
[+00:29:48.908] VoxelMesh: Chunk X=0 Y=0 Z=0 FlatVerts=1872 SlopeVerts=11652
[+00:29:48.919] VoxelChunk: GenerateAsync (2,0,0)
[+00:29:48.919] VoxelMesh: Chunk X=2 Y=0 Z=0 FlatVerts=2574 SlopeVerts=12
[+00:29:49.009] VoxelChunk: GenerateAsync (-2,-1,-2)
[+00:29:49.114] VoxelMesh: Chunk X=0 Y=0 Z=0 FlatVerts=6 SlopeVerts=24
[+00:29:49.115] VoxelChunk: GenerateAsync (0,-2,-1)
[+00:29:49.220] VoxelChunk: GenerateAsync (2,-1,-2)
[+00:29:49.323] VoxelChunk: GenerateAsync (-2,2,-2)
[+00:29:49.426] VoxelMesh: Chunk X=0 Y=0 Z=0 FlatVerts=4062 SlopeVerts=1368
[+00:29:49.432] VoxelChunk: GenerateAsync (2,2,-1)
[+00:29:49.527] VoxelMesh: Chunk X=0 Y=0 Z=0 FlatVerts=4950 SlopeVerts=10152
[+00:29:49.541] VoxelChunk: GenerateAsync (-2,-2,0)
[+00:29:49.629] VoxelMesh: Chunk X=0 Y=0 Z=0 FlatVerts=10050 SlopeVerts=48
[+00:29:49.641] VoxelChunk: GenerateAsync (-2,0,0)
[+00:29:49.737] VoxelMesh: Chunk X=0 Y=0 Z=0 FlatVerts=5910 SlopeVerts=12258
[+00:29:49.754] VoxelChunk: GenerateAsync (2,1,0)
[+00:29:49.755] VoxelMesh: Chunk X=2 Y=1 Z=0 FlatVerts=1908 SlopeVerts=528
[+00:29:49.843] VoxelChunk: GenerateAsync (0,2,-2)
[+00:29:49.946] VoxelChunk: GenerateAsync (-1,-1,-2)
[+00:29:50.051] VoxelMesh: Chunk X=0 Y=0 Z=0 FlatVerts=3486 SlopeVerts=2028
[+00:29:50.056] VoxelChunk: GenerateAsync (2,1,-1)
[+00:29:50.153] VoxelChunk: GenerateAsync (1,-2,-1)
[+00:29:50.256] VoxelChunk: GenerateAsync (0,-1,-2)
[+00:29:50.358] VoxelMesh: Chunk X=0 Y=0 Z=0 FlatVerts=10050 SlopeVerts=48
[+00:29:50.371] VoxelChunk: GenerateAsync (-2,0,-1)
[+00:29:50.467] VoxelChunk: GenerateAsync (-1,-2,-2)
[+00:29:50.570] VoxelChunk: GenerateAsync (0,0,-2)
[+00:29:50.673] VoxelChunk: GenerateAsync (2,0,-2)
[+00:29:50.776] VoxelChunk: GenerateAsync (-2,1,-2)
[+00:29:50.879] VoxelMesh: Chunk X=0 Y=0 Z=0 FlatVerts=10242 SlopeVerts=0
[+00:29:50.886] VoxelChunk: GenerateAsync (-1,2,0)
[+00:29:50.886] VoxelMesh: Chunk X=-1 Y=2 Z=0 FlatVerts=1572 SlopeVerts=528
[+00:29:50.984] VoxelMesh: Chunk X=0 Y=0 Z=0 FlatVerts=2334 SlopeVerts=10620
[+00:29:50.994] VoxelChunk: GenerateAsync (-1,-2,0)
[+00:29:51.089] VoxelChunk: GenerateAsync (2,2,-2)
[+00:29:51.194] VoxelMesh: Chunk X=0 Y=0 Z=0 FlatVerts=72 SlopeVerts=10464
[+00:29:51.202] VoxelChunk: GenerateAsync (1,-2,1)
[+00:29:51.203] VoxelMesh: Chunk X=1 Y=-2 Z=1 FlatVerts=42 SlopeVerts=1656
[+00:29:51.299] VoxelChunk: GenerateAsync (-2,-2,-2)
[+00:29:51.402] VoxelMesh: Chunk X=0 Y=0 Z=0 FlatVerts=9300 SlopeVerts=1902
[+00:29:51.416] VoxelChunk: GenerateAsync (-2,2,0)
[+00:29:51.417] VoxelMesh: Chunk X=-2 Y=2 Z=0 FlatVerts=0 SlopeVerts=96
[+00:29:51.504] VoxelChunk: GenerateAsync (2,-2,-2)
[+00:29:51.611] VoxelChunk: GenerateAsync (1,2,-2)
[+00:29:51.718] VoxelChunk: GenerateAsync (1,-2,-2)
[+00:29:51.821] VoxelMesh: Chunk X=0 Y=0 Z=0 FlatVerts=8010 SlopeVerts=7500
[+00:29:51.836] VoxelChunk: GenerateAsync (2,2,0)
[+00:29:51.837] VoxelMesh: Chunk X=2 Y=2 Z=0 FlatVerts=30 SlopeVerts=12
[+00:29:51.923] VoxelMesh: Chunk X=0 Y=0 Z=0 FlatVerts=3522 SlopeVerts=1254
[+00:29:51.929] VoxelChunk: GenerateAsync (-2,-2,-1)
[+00:29:52.034] VoxelChunk: GenerateAsync (0,-2,-2)
[+00:29:52.135] VoxelMesh: Chunk X=0 Y=0 Z=0 FlatVerts=10242 SlopeVerts=0
[+00:29:52.142] VoxelChunk: GenerateAsync (-1,2,-1)
[+00:29:52.239] VoxelMesh: Chunk X=0 Y=0 Z=0 FlatVerts=1434 SlopeVerts=13392
[+00:29:52.249] VoxelChunk: GenerateAsync (-2,-2,1)
[+00:29:52.251] VoxelMesh: Chunk X=-2 Y=-2 Z=1 FlatVerts=0 SlopeVerts=582
[+00:29:52.337] VoxelMesh: Chunk X=0 Y=0 Z=0 FlatVerts=8022 SlopeVerts=1158
[+00:29:52.348] VoxelChunk: GenerateAsync (-2,-1,-1)
[+00:29:52.445] VoxelChunk: GenerateAsync (1,-1,-2)
[+00:29:52.549] VoxelMesh: Chunk X=0 Y=0 Z=0 FlatVerts=36 SlopeVerts=60
[+00:29:52.549] VoxelChunk: GenerateAsync (2,-1,-1)
[+00:29:52.652] VoxelMesh: Chunk X=0 Y=0 Z=0 FlatVerts=8928 SlopeVerts=1170
[+00:29:52.664] VoxelChunk: GenerateAsync (1,2,-1)
[+00:29:52.761] VoxelMesh: Chunk X=0 Y=0 Z=0 FlatVerts=1302 SlopeVerts=20784
[+00:29:52.779] VoxelChunk: GenerateAsync (-1,-2,1)
[+00:29:52.780] VoxelMesh: Chunk X=-1 Y=-2 Z=1 FlatVerts=18 SlopeVerts=180
[+00:29:52.866] VoxelMesh: Chunk X=0 Y=0 Z=0 FlatVerts=420 SlopeVerts=1302
[+00:29:52.868] VoxelChunk: GenerateAsync (2,0,-1)
[+00:29:52.971] VoxelChunk: GenerateAsync (-2,0,-2)
[+00:29:53.075] VoxelChunk: GenerateAsync (1,0,-2)
[+00:29:53.180] VoxelMesh: Chunk X=0 Y=0 Z=0 FlatVerts=72 SlopeVerts=4392
[+00:29:53.184] VoxelChunk: GenerateAsync (2,-2,0)
[+00:29:53.184] VoxelMesh: Chunk X=2 Y=-2 Z=0 FlatVerts=0 SlopeVerts=180
[+00:29:53.280] VoxelMesh: Chunk X=0 Y=0 Z=0 FlatVerts=9264 SlopeVerts=1062
[+00:29:53.292] VoxelChunk: GenerateAsync (-2,2,-1)
[+00:29:53.379] VoxelMesh: Chunk X=0 Y=0 Z=0 FlatVerts=10794 SlopeVerts=264
[+00:29:53.393] VoxelChunk: GenerateAsync (0,2,-1)
[+00:29:53.488] VoxelMesh: Chunk X=0 Y=0 Z=0 FlatVerts=10326 SlopeVerts=6
[+00:29:53.500] VoxelChunk: GenerateAsync (-2,1,0)
[+00:29:53.589] VoxelChunk: GenerateAsync (0,1,-2)
[+00:29:53.693] VoxelChunk: GenerateAsync (1,1,-2)
[+00:29:53.798] VoxelChunk: GenerateAsync (2,1,-2)
[+00:29:53.903] VoxelMesh: Chunk X=0 Y=0 Z=0 FlatVerts=510 SlopeVerts=6546
[+00:29:53.907] VoxelChunk: GenerateAsync (0,-2,0)
[+00:29:54.005] VoxelMesh: Chunk X=0 Y=0 Z=0 FlatVerts=72 SlopeVerts=3486
[+00:29:54.008] VoxelChunk: GenerateAsync (1,-2,0)
[+00:29:54.114] VoxelMesh: Chunk X=0 Y=0 Z=0 FlatVerts=8580 SlopeVerts=2688
[+00:29:54.126] VoxelChunk: GenerateAsync (-2,-1,0)
[+00:29:54.215] VoxelChunk: GenerateAsync (-2,-3,-2)
[+00:29:54.319] VoxelChunk: GenerateAsync (-3,2,-2)
[+00:29:54.425] VoxelMesh: Chunk X=0 Y=0 Z=0 FlatVerts=0 SlopeVerts=672
[+00:29:54.425] VoxelChunk: GenerateAsync (3,-3,0)
[+00:29:54.533] VoxelChunk: GenerateAsync (-1,-3,-2)
[+00:29:54.638] VoxelChunk: GenerateAsync (3,1,-3)
[+00:29:54.743] VoxelChunk: GenerateAsync (3,3,3)
[+00:29:54.744] VoxelMesh: Chunk X=3 Y=3 Z=3 FlatVerts=78 SlopeVerts=2490
[+00:29:54.849] VoxelChunk: GenerateAsync (3,1,-2)
[+00:29:54.953] VoxelMesh: Chunk X=0 Y=0 Z=0 FlatVerts=5904 SlopeVerts=10278
[+00:29:54.968] VoxelChunk: GenerateAsync (-3,-2,0)
[+00:29:55.057] VoxelChunk: GenerateAsync (0,-3,-2)
[+00:29:55.162] VoxelMesh: Chunk X=0 Y=0 Z=0 FlatVerts=8664 SlopeVerts=2394
[+00:29:55.175] VoxelChunk: GenerateAsync (-3,-1,0)
[+00:29:55.264] VoxelChunk: GenerateAsync (1,-3,-2)
[+00:29:55.369] VoxelChunk: GenerateAsync (-3,2,-3)
[+00:29:55.475] VoxelChunk: GenerateAsync (2,0,-3)
[+00:29:55.582] VoxelChunk: GenerateAsync (3,2,-2)
[+00:29:55.687] VoxelChunk: GenerateAsync (-3,3,-2)
[+00:29:55.794] VoxelChunk: GenerateAsync (2,-3,-2)
[+00:29:55.895] VoxelChunk: GenerateAsync (-2,3,-2)
[+00:29:56.002] VoxelChunk: GenerateAsync (-1,3,-2)
[+00:29:56.109] VoxelChunk: GenerateAsync (3,-3,-2)
[+00:29:56.214] VoxelChunk: GenerateAsync (-2,2,-3)
[+00:29:56.320] VoxelChunk: GenerateAsync (0,3,-2)
[+00:29:56.424] VoxelChunk: GenerateAsync (1,3,-2)
[+00:29:56.532] VoxelChunk: GenerateAsync (-3,-2,-2)
[+00:29:56.635] VoxelChunk: GenerateAsync (2,3,-2)
[+00:29:56.734] VoxelChunk: GenerateAsync (-1,-3,-3)
[+00:29:56.841] VoxelChunk: GenerateAsync (3,3,-2)
[+00:29:56.948] VoxelChunk: GenerateAsync (-1,2,-3)
[+00:29:57.053] VoxelChunk: GenerateAsync (3,0,-3)
[+00:29:57.159] VoxelChunk: GenerateAsync (-2,0,-3)
[+00:29:57.261] VoxelMesh: Chunk X=0 Y=0 Z=0 FlatVerts=1854 SlopeVerts=2880
[+00:29:57.264] VoxelChunk: GenerateAsync (-3,-3,-1)
[+00:29:57.367] VoxelMesh: Chunk X=0 Y=0 Z=0 FlatVerts=7062 SlopeVerts=10188
[+00:29:57.386] VoxelChunk: GenerateAsync (3,1,0)
[+00:29:57.387] VoxelMesh: Chunk X=3 Y=1 Z=0 FlatVerts=18 SlopeVerts=156
[+00:29:57.473] VoxelMesh: Chunk X=0 Y=0 Z=0 FlatVerts=1344 SlopeVerts=1146
[+00:29:57.476] VoxelChunk: GenerateAsync (-2,-3,-1)
[+00:29:57.581] VoxelMesh: Chunk X=0 Y=0 Z=0 FlatVerts=0 SlopeVerts=12
[+00:29:57.581] VoxelChunk: GenerateAsync (-1,-3,-1)
[+00:29:57.686] VoxelChunk: GenerateAsync (1,-1,-3)
[+00:29:57.793] VoxelChunk: GenerateAsync (0,2,-3)
[+00:29:57.899] VoxelChunk: GenerateAsync (2,-3,-1)
[+00:29:58.008] VoxelChunk: GenerateAsync (3,-3,-1)
[+00:29:58.112] VoxelMesh: Chunk X=0 Y=0 Z=0 FlatVerts=4212 SlopeVerts=1326
[+00:29:58.118] VoxelChunk: GenerateAsync (-3,-2,-1)
[+00:29:58.218] VoxelChunk: GenerateAsync (1,2,-3)
[+00:29:58.324] VoxelChunk: GenerateAsync (-3,1,-3)
[+00:29:58.430] VoxelChunk: GenerateAsync (3,-2,-2)
[+00:29:58.532] VoxelChunk: GenerateAsync (-3,-1,-2)
[+00:29:58.638] VoxelChunk: GenerateAsync (2,2,-3)
[+00:29:58.743] VoxelChunk: GenerateAsync (0,-1,-3)
[+00:29:58.846] VoxelMesh: Chunk X=0 Y=0 Z=0 FlatVerts=8388 SlopeVerts=1044
[+00:29:58.857] VoxelChunk: GenerateAsync (-3,-1,-1)
[+00:30:24.585] VoxelChunk: GenerateAsync (3,2,-3)
[+00:30:24.617] VoxelChunk: GenerateAsync (-2,1,-3)
[+00:30:24.941] VoxelChunk: GenerateAsync (-1,0,-3)
[+00:30:25.274] VoxelChunk: GenerateAsync (3,-1,-3)
[+00:30:25.604] VoxelChunk: GenerateAsync (-2,-1,-3)
[+00:30:25.731] VoxelChunk: GenerateAsync (-3,-1,-3)
[+00:30:25.839] VoxelChunk: GenerateAsync (3,-2,-3)
[+00:30:25.930] VoxelChunk: GenerateAsync (-3,3,-3)
[+00:30:26.033] VoxelChunk: GenerateAsync (3,-1,-1)
[+00:30:26.139] VoxelMesh: Chunk X=0 Y=0 Z=0 FlatVerts=9894 SlopeVerts=576
[+00:30:26.154] VoxelChunk: GenerateAsync (-3,0,-1)
[+00:30:26.243] VoxelChunk: GenerateAsync (2,-2,-3)
[+00:30:26.351] VoxelChunk: GenerateAsync (3,-1,-2)
[+00:30:26.454] VoxelChunk: GenerateAsync (-2,3,-3)
[+00:30:26.559] VoxelChunk: GenerateAsync (-1,1,-3)
[+00:30:26.662] VoxelChunk: GenerateAsync (1,-2,-3)
[+00:30:26.770] VoxelChunk: GenerateAsync (0,-2,-3)
[+00:30:26.876] VoxelChunk: GenerateAsync (-3,0,-2)
[+00:30:26.980] VoxelMesh: Chunk X=0 Y=0 Z=0 FlatVerts=54 SlopeVerts=888
[+00:30:26.981] VoxelChunk: GenerateAsync (3,0,-1)
[+00:30:27.083] VoxelChunk: GenerateAsync (-1,3,-3)
[+00:30:27.184] VoxelMesh: Chunk X=0 Y=0 Z=0 FlatVerts=8892 SlopeVerts=1518
[+00:30:27.196] VoxelChunk: GenerateAsync (-3,1,-1)
[+00:30:27.295] VoxelChunk: GenerateAsync (-1,-2,-3)
[+00:30:27.399] VoxelChunk: GenerateAsync (-2,-2,-3)
[+00:30:27.504] VoxelChunk: GenerateAsync (0,3,-3)
[+00:30:27.613] VoxelChunk: GenerateAsync (0,1,-3)
[+00:30:27.712] VoxelChunk: GenerateAsync (3,3,-1)
[+00:30:27.828] VoxelChunk: GenerateAsync (0,0,-3)
[+00:30:27.930] VoxelMesh: Chunk X=0 Y=0 Z=0 FlatVerts=2568 SlopeVerts=11586
[+00:30:27.944] VoxelChunk: GenerateAsync (-2,-3,0)
[+00:30:28.035] VoxelMesh: Chunk X=0 Y=0 Z=0 FlatVerts=336 SlopeVerts=5088
[+00:30:28.040] VoxelChunk: GenerateAsync (-1,-3,0)
[+00:30:28.041] VoxelMesh: Chunk X=-1 Y=-3 Z=0 FlatVerts=0 SlopeVerts=66
[+00:30:28.140] VoxelMesh: Chunk X=0 Y=0 Z=0 FlatVerts=48 SlopeVerts=1338
[+00:30:28.141] VoxelChunk: GenerateAsync (0,-3,0)
[+00:30:28.246] VoxelMesh: Chunk X=0 Y=0 Z=0 FlatVerts=36 SlopeVerts=240
[+00:30:28.247] VoxelChunk: GenerateAsync (1,-3,0)
[+00:30:28.352] VoxelMesh: Chunk X=0 Y=0 Z=0 FlatVerts=0 SlopeVerts=672
[+00:30:28.352] VoxelChunk: GenerateAsync (2,-3,0)
[+00:30:58.460] VoxelChunk: GenerateAsync (-3,-2,-3)
[+00:30:58.649] VoxelMesh: Chunk X=0 Y=0 Z=0 FlatVerts=612 SlopeVerts=1350
[+00:30:58.650] VoxelChunk: GenerateAsync (3,1,-1)
[+00:30:58.967] VoxelMesh: Chunk X=0 Y=0 Z=0 FlatVerts=5724 SlopeVerts=2100
[+00:30:58.976] VoxelChunk: GenerateAsync (-3,2,-1)
[+00:30:59.303] VoxelChunk: GenerateAsync (1,3,-3)
[+00:30:59.637] VoxelChunk: GenerateAsync (3,0,-2)
[+00:30:59.967] VoxelChunk: GenerateAsync (-3,1,-2)
[+00:31:00.303] VoxelChunk: GenerateAsync (2,3,-3)
[+00:31:00.635] VoxelMesh: Chunk X=0 Y=0 Z=0 FlatVerts=0 SlopeVerts=2448
[+00:31:00.637] VoxelChunk: GenerateAsync (3,-2,0)
[+00:31:00.637] VoxelMesh: Chunk X=3 Y=-2 Z=0 FlatVerts=0 SlopeVerts=102
[+00:31:00.969] VoxelChunk: GenerateAsync (1,1,-3)
[+00:31:01.311] VoxelMesh: Chunk X=0 Y=0 Z=0 FlatVerts=558 SlopeVerts=462
[+00:31:01.312] VoxelChunk: GenerateAsync (3,2,-1)
[+00:31:01.646] VoxelChunk: GenerateAsync (3,-3,-3)
[+00:31:01.969] VoxelChunk: GenerateAsync (2,-3,-3)
[+00:31:02.083] VoxelChunk: GenerateAsync (1,-3,-3)
[+00:31:02.195] VoxelMesh: Chunk X=0 Y=0 Z=0 FlatVerts=2430 SlopeVerts=1974
[+00:31:02.199] VoxelChunk: GenerateAsync (-3,3,-1)
[+00:31:02.300] VoxelMesh: Chunk X=0 Y=0 Z=0 FlatVerts=42 SlopeVerts=2082
[+00:31:02.302] VoxelChunk: GenerateAsync (3,-1,0)
[+00:31:02.302] VoxelMesh: Chunk X=3 Y=-1 Z=0 FlatVerts=312 SlopeVerts=462
[+00:31:02.403] VoxelMesh: Chunk X=0 Y=0 Z=0 FlatVerts=9894 SlopeVerts=576
[+00:31:02.415] VoxelChunk: GenerateAsync (-3,0,0)
[+00:31:02.509] VoxelMesh: Chunk X=0 Y=0 Z=0 FlatVerts=6078 SlopeVerts=2448
[+00:31:02.517] VoxelChunk: GenerateAsync (-2,3,-1)
[+00:31:02.617] VoxelChunk: GenerateAsync (0,-3,-3)
[+00:31:02.722] VoxelChunk: GenerateAsync (3,3,-3)
[+00:31:02.821] VoxelMesh: Chunk X=0 Y=0 Z=0 FlatVerts=6948 SlopeVerts=1038
[+00:31:02.831] VoxelChunk: GenerateAsync (-1,3,-1)
[+00:31:02.922] VoxelMesh: Chunk X=0 Y=0 Z=0 FlatVerts=6060 SlopeVerts=1098
[+00:31:02.934] VoxelChunk: GenerateAsync (0,3,-1)
[+00:31:03.029] VoxelMesh: Chunk X=0 Y=0 Z=0 FlatVerts=2568 SlopeVerts=7140
[+00:31:03.036] VoxelChunk: GenerateAsync (3,0,0)
[+00:31:03.037] VoxelMesh: Chunk X=3 Y=0 Z=0 FlatVerts=432 SlopeVerts=438
[+00:31:03.132] VoxelMesh: Chunk X=0 Y=0 Z=0 FlatVerts=9288 SlopeVerts=3318
[+00:31:03.146] VoxelChunk: GenerateAsync (-3,1,0)
[+00:31:03.239] VoxelMesh: Chunk X=0 Y=0 Z=0 FlatVerts=3792 SlopeVerts=1224
[+00:31:03.245] VoxelChunk: GenerateAsync (1,3,-1)
[+00:31:03.380] VoxelMesh: Chunk X=0 Y=0 Z=0 FlatVerts=954 SlopeVerts=588
[+00:31:03.382] VoxelChunk: GenerateAsync (2,3,-1)
[+00:31:03.480] VoxelChunk: GenerateAsync (-2,-3,-3)
[+00:31:03.584] VoxelChunk: GenerateAsync (-3,-3,-3)
[+00:31:03.687] VoxelChunk: GenerateAsync (-3,-3,-2)
[+00:31:03.791] VoxelChunk: GenerateAsync (2,1,-3)
[+00:31:03.893] VoxelMesh: Chunk X=0 Y=0 Z=0 FlatVerts=6204 SlopeVerts=7098
[+00:31:03.905] VoxelChunk: GenerateAsync (-3,2,0)
[+00:31:04.003] VoxelChunk: GenerateAsync (1,0,-3)
[+00:31:04.106] VoxelChunk: GenerateAsync (-3,0,-3)
[+00:31:04.210] VoxelChunk: GenerateAsync (2,-1,-3)
[+00:31:04.316] VoxelChunk: GenerateAsync (0,-3,-1)
[+00:31:04.421] VoxelChunk: GenerateAsync (1,-3,-1)
[+00:31:04.525] VoxelChunk: GenerateAsync (-1,-1,-3)
[+00:31:04.626] VoxelMesh: Chunk X=0 Y=0 Z=0 FlatVerts=8154 SlopeVerts=4350
[+00:31:04.640] VoxelChunk: GenerateAsync (3,2,0)
[+00:31:04.733] VoxelMesh: Chunk X=0 Y=0 Z=0 FlatVerts=3906 SlopeVerts=9792
[+00:31:04.745] VoxelChunk: GenerateAsync (-3,3,0)
[+00:31:04.837] VoxelMesh: Chunk X=0 Y=0 Z=0 FlatVerts=7650 SlopeVerts=8016
[+00:31:04.852] VoxelChunk: GenerateAsync (-2,3,0)
[+00:31:04.853] VoxelMesh: Chunk X=-2 Y=3 Z=0 FlatVerts=0 SlopeVerts=0
[+00:31:04.939] VoxelMesh: Chunk X=0 Y=0 Z=0 FlatVerts=8826 SlopeVerts=4620
[+00:31:04.953] VoxelChunk: GenerateAsync (-1,3,0)
[+00:31:04.954] VoxelMesh: Chunk X=-1 Y=3 Z=0 FlatVerts=18 SlopeVerts=24
[+00:31:05.039] VoxelMesh: Chunk X=0 Y=0 Z=0 FlatVerts=7860 SlopeVerts=6048
[+00:31:05.053] VoxelChunk: GenerateAsync (0,3,0)
[+00:31:05.054] VoxelMesh: Chunk X=0 Y=3 Z=0 FlatVerts=24 SlopeVerts=6
[+00:31:05.147] VoxelMesh: Chunk X=0 Y=0 Z=0 FlatVerts=6432 SlopeVerts=7572
[+00:31:05.160] VoxelChunk: GenerateAsync (1,3,0)
[+00:31:05.162] VoxelMesh: Chunk X=1 Y=3 Z=0 FlatVerts=0 SlopeVerts=12
[+00:31:05.253] VoxelMesh: Chunk X=0 Y=0 Z=0 FlatVerts=7056 SlopeVerts=5172
[+00:31:05.265] VoxelChunk: GenerateAsync (2,3,0)
[+00:31:05.358] VoxelMesh: Chunk X=0 Y=0 Z=0 FlatVerts=8700 SlopeVerts=1266
[+00:31:05.370] VoxelChunk: GenerateAsync (3,3,0)
[+00:31:05.466] VoxelMesh: Chunk X=0 Y=0 Z=0 FlatVerts=2226 SlopeVerts=14814
[+00:31:05.481] VoxelChunk: GenerateAsync (-3,-3,1)
[+00:31:05.481] VoxelMesh: Chunk X=-3 Y=-3 Z=1 FlatVerts=552 SlopeVerts=1548
[+00:31:05.583] VoxelMesh: Chunk X=0 Y=0 Z=0 FlatVerts=1410 SlopeVerts=22008
[+00:31:05.602] VoxelChunk: GenerateAsync (-2,-3,1)
[+00:31:05.602] VoxelMesh: Chunk X=-2 Y=-3 Z=1 FlatVerts=450 SlopeVerts=5172
[+00:31:05.671] VoxelMesh: Chunk X=0 Y=0 Z=0 FlatVerts=534 SlopeVerts=23796
[+00:31:05.691] VoxelChunk: GenerateAsync (-1,-3,1)
[+00:31:05.691] VoxelMesh: Chunk X=-1 Y=-3 Z=1 FlatVerts=72 SlopeVerts=3252
[+00:31:05.780] VoxelMesh: Chunk X=0 Y=0 Z=0 FlatVerts=84 SlopeVerts=12252
[+00:31:05.787] VoxelChunk: GenerateAsync (0,-3,1)
[+00:31:05.789] VoxelMesh: Chunk X=0 Y=-3 Z=1 FlatVerts=54 SlopeVerts=1092
[+00:31:05.883] VoxelMesh: Chunk X=0 Y=0 Z=0 FlatVerts=48 SlopeVerts=3636
[+00:31:05.887] VoxelChunk: GenerateAsync (1,-3,1)
[+00:31:05.990] VoxelMesh: Chunk X=0 Y=0 Z=0 FlatVerts=54 SlopeVerts=4992
[+00:31:05.993] VoxelChunk: GenerateAsync (2,-3,1)
[+00:31:06.094] VoxelMesh: Chunk X=0 Y=0 Z=0 FlatVerts=78 SlopeVerts=5994
[+00:31:06.099] VoxelChunk: GenerateAsync (3,-3,1)
[+00:31:06.099] VoxelMesh: Chunk X=3 Y=-3 Z=1 FlatVerts=60 SlopeVerts=342
[+00:31:06.205] VoxelMesh: Chunk X=0 Y=0 Z=0 FlatVerts=1728 SlopeVerts=9846
[+00:31:06.214] VoxelChunk: GenerateAsync (-3,-2,1)
[+00:31:06.215] VoxelMesh: Chunk X=-3 Y=-2 Z=1 FlatVerts=0 SlopeVerts=762
[+00:31:06.328] VoxelChunk: GenerateAsync (3,-2,-1)
[+00:31:06.420] VoxelMesh: Chunk X=0 Y=0 Z=0 FlatVerts=4008 SlopeVerts=16230
[+00:31:06.440] VoxelChunk: GenerateAsync (-3,-3,0)
[+00:31:06.521] VoxelMesh: Chunk X=0 Y=0 Z=0 FlatVerts=0 SlopeVerts=294
[+00:31:06.521] VoxelChunk: GenerateAsync (-3,1,2)
[+00:31:06.524] VoxelMesh: Chunk X=-3 Y=1 Z=2 FlatVerts=0 SlopeVerts=42
[+00:31:06.623] VoxelChunk: GenerateAsync (2,3,3)
[+00:31:06.625] VoxelMesh: Chunk X=2 Y=3 Z=3 FlatVerts=0 SlopeVerts=2670
[+00:31:06.726] VoxelChunk: GenerateAsync (1,3,3)
[+00:31:06.727] VoxelMesh: Chunk X=1 Y=3 Z=3 FlatVerts=0 SlopeVerts=1308
[+00:31:06.826] VoxelMesh: Chunk X=0 Y=0 Z=0 FlatVerts=78 SlopeVerts=10080
[+00:31:06.833] VoxelChunk: GenerateAsync (3,-2,1)
[+00:31:06.833] VoxelMesh: Chunk X=3 Y=-2 Z=1 FlatVerts=1650 SlopeVerts=2316
[+00:31:06.934] VoxelMesh: Chunk X=0 Y=0 Z=0 FlatVerts=312 SlopeVerts=1518
[+00:31:06.936] VoxelChunk: GenerateAsync (-3,-1,1)
[+00:31:07.033] VoxelMesh: Chunk X=0 Y=0 Z=0 FlatVerts=0 SlopeVerts=1572
[+00:31:07.035] VoxelChunk: GenerateAsync (-2,-3,3)
[+00:31:07.037] VoxelMesh: Chunk X=-2 Y=-3 Z=3 FlatVerts=0 SlopeVerts=30
[+00:31:07.131] VoxelChunk: GenerateAsync (-3,1,3)
[+00:31:07.131] VoxelMesh: Chunk X=-3 Y=1 Z=3 FlatVerts=12 SlopeVerts=2220
[+00:31:07.234] VoxelMesh: Chunk X=0 Y=0 Z=0 FlatVerts=36 SlopeVerts=18618
[+00:31:07.248] VoxelChunk: GenerateAsync (-1,-3,3)
[+00:31:07.249] VoxelMesh: Chunk X=-1 Y=-3 Z=3 FlatVerts=0 SlopeVerts=4350
[+00:31:07.339] VoxelMesh: Chunk X=0 Y=0 Z=0 FlatVerts=0 SlopeVerts=19734
[+00:31:07.352] VoxelChunk: GenerateAsync (1,-1,3)
[+00:31:07.441] VoxelChunk: GenerateAsync (-2,1,3)
[+00:31:07.442] VoxelMesh: Chunk X=-2 Y=1 Z=3 FlatVerts=144 SlopeVerts=7686
[+00:31:07.547] VoxelChunk: GenerateAsync (0,2,3)
[+00:31:07.650] VoxelMesh: Chunk X=0 Y=0 Z=0 FlatVerts=156 SlopeVerts=35592
[+00:31:07.676] VoxelChunk: GenerateAsync (0,-3,3)
[+00:31:07.676] VoxelMesh: Chunk X=0 Y=-3 Z=3 FlatVerts=12 SlopeVerts=5208
[+00:31:07.756] VoxelMesh: Chunk X=0 Y=0 Z=0 FlatVerts=72 SlopeVerts=40152
[+00:31:07.784] VoxelChunk: GenerateAsync (1,-2,3)
[+00:31:07.785] VoxelMesh: Chunk X=1 Y=-2 Z=3 FlatVerts=12 SlopeVerts=3816
[+00:31:07.861] VoxelMesh: Chunk X=0 Y=0 Z=0 FlatVerts=18 SlopeVerts=26208
[+00:31:07.880] VoxelChunk: GenerateAsync (2,-1,3)
[+00:31:07.961] VoxelChunk: GenerateAsync (-3,0,3)
[+00:31:07.962] VoxelMesh: Chunk X=-3 Y=0 Z=3 FlatVerts=0 SlopeVerts=1566
[+00:31:08.062] VoxelChunk: GenerateAsync (-1,1,3)
[+00:31:08.064] VoxelMesh: Chunk X=-1 Y=1 Z=3 FlatVerts=0 SlopeVerts=294
[+00:31:08.163] VoxelMesh: Chunk X=0 Y=0 Z=0 FlatVerts=36 SlopeVerts=834
[+00:31:08.164] VoxelChunk: GenerateAsync (-3,2,3)
[+00:31:08.164] VoxelMesh: Chunk X=-3 Y=2 Z=3 FlatVerts=6 SlopeVerts=960
[+00:31:08.268] VoxelChunk: GenerateAsync (1,2,3)
[+00:31:08.269] VoxelMesh: Chunk X=1 Y=2 Z=3 FlatVerts=0 SlopeVerts=732
[+00:31:08.369] VoxelMesh: Chunk X=0 Y=0 Z=0 FlatVerts=36 SlopeVerts=1386
[+00:31:08.371] VoxelChunk: GenerateAsync (-3,3,3)
[+00:31:08.373] VoxelMesh: Chunk X=-3 Y=3 Z=3 FlatVerts=60 SlopeVerts=3114
[+00:31:08.478] VoxelMesh: Chunk X=0 Y=0 Z=0 FlatVerts=198 SlopeVerts=39942
[+00:31:08.506] VoxelChunk: GenerateAsync (1,-3,3)
[+00:31:08.507] VoxelMesh: Chunk X=1 Y=-3 Z=3 FlatVerts=0 SlopeVerts=4710
[+00:31:08.585] VoxelMesh: Chunk X=0 Y=0 Z=0 FlatVerts=0 SlopeVerts=588
[+00:31:08.585] VoxelChunk: GenerateAsync (-2,-2,3)
[+00:31:08.586] VoxelMesh: Chunk X=-2 Y=-2 Z=3 FlatVerts=0 SlopeVerts=6306
[+00:31:08.695] VoxelMesh: Chunk X=0 Y=0 Z=0 FlatVerts=24 SlopeVerts=36822
[+00:31:08.721] VoxelChunk: GenerateAsync (2,-2,3)
[+00:31:08.722] VoxelMesh: Chunk X=2 Y=-2 Z=3 FlatVerts=6 SlopeVerts=3102
[+00:31:08.798] VoxelMesh: Chunk X=0 Y=0 Z=0 FlatVerts=0 SlopeVerts=10266
[+00:31:08.804] VoxelChunk: GenerateAsync (0,-1,3)
[+00:31:08.806] VoxelMesh: Chunk X=0 Y=-1 Z=3 FlatVerts=0 SlopeVerts=72
[+00:31:08.901] VoxelMesh: Chunk X=0 Y=0 Z=0 FlatVerts=7380 SlopeVerts=11868
[+00:31:08.919] VoxelChunk: GenerateAsync (3,1,1)
[+00:31:08.921] VoxelMesh: Chunk X=3 Y=1 Z=1 FlatVerts=126 SlopeVerts=1152
[+00:31:09.001] VoxelMesh: Chunk X=0 Y=0 Z=0 FlatVerts=96 SlopeVerts=31830
[+00:31:09.023] VoxelChunk: GenerateAsync (3,-1,3)
[+00:31:09.103] VoxelChunk: GenerateAsync (-2,0,3)
[+00:31:09.104] VoxelMesh: Chunk X=-2 Y=0 Z=3 FlatVerts=0 SlopeVerts=5388
[+00:31:09.212] VoxelMesh: Chunk X=0 Y=0 Z=0 FlatVerts=0 SlopeVerts=2418
[+00:31:09.214] VoxelChunk: GenerateAsync (1,0,3)
[+00:31:09.318] VoxelChunk: GenerateAsync (0,1,3)
[+00:31:09.423] VoxelMesh: Chunk X=0 Y=0 Z=0 FlatVerts=0 SlopeVerts=12
[+00:31:09.424] VoxelChunk: GenerateAsync (1,1,3)
[+00:31:09.526] VoxelChunk: GenerateAsync (-2,2,3)
[+00:31:09.527] VoxelMesh: Chunk X=-2 Y=2 Z=3 FlatVerts=18 SlopeVerts=4698
[+00:31:09.633] VoxelMesh: Chunk X=0 Y=0 Z=0 FlatVerts=2850 SlopeVerts=16992
[+00:31:09.649] VoxelChunk: GenerateAsync (3,0,1)
[+00:31:09.650] VoxelMesh: Chunk X=3 Y=0 Z=1 FlatVerts=1176 SlopeVerts=2484
[+00:31:09.741] VoxelChunk: GenerateAsync (2,2,3)
[+00:31:09.741] VoxelMesh: Chunk X=2 Y=2 Z=3 FlatVerts=0 SlopeVerts=2208
[+00:31:09.859] VoxelChunk: GenerateAsync (3,2,3)
[+00:31:09.860] VoxelMesh: Chunk X=3 Y=2 Z=3 FlatVerts=0 SlopeVerts=1056
[+00:31:09.973] VoxelChunk: GenerateAsync (-2,3,3)
[+00:31:09.975] VoxelMesh: Chunk X=-2 Y=3 Z=3 FlatVerts=0 SlopeVerts=1026
[+00:31:10.090] VoxelMesh: Chunk X=0 Y=0 Z=0 FlatVerts=2016 SlopeVerts=6270
[+00:31:10.096] VoxelChunk: GenerateAsync (0,3,1)
[+00:31:10.098] VoxelMesh: Chunk X=0 Y=3 Z=1 FlatVerts=732 SlopeVerts=1974
[+00:31:10.205] VoxelMesh: Chunk X=0 Y=0 Z=0 FlatVerts=132 SlopeVerts=39096
[+00:31:10.234] VoxelChunk: GenerateAsync (2,-3,3)
[+00:31:10.235] VoxelMesh: Chunk X=2 Y=-3 Z=3 FlatVerts=12 SlopeVerts=3144
[+00:31:10.306] VoxelMesh: Chunk X=0 Y=0 Z=0 FlatVerts=96 SlopeVerts=37170
[+00:31:10.333] VoxelChunk: GenerateAsync (3,-3,3)
[+00:31:10.334] VoxelMesh: Chunk X=3 Y=-3 Z=3 FlatVerts=0 SlopeVerts=4512
[+00:31:10.408] VoxelMesh: Chunk X=0 Y=0 Z=0 FlatVerts=0 SlopeVerts=8814
[+00:31:10.413] VoxelChunk: GenerateAsync (-1,-2,3)
[+00:31:10.415] VoxelMesh: Chunk X=-1 Y=-2 Z=3 FlatVerts=6 SlopeVerts=2718
[+00:31:10.496] VoxelMesh: Chunk X=0 Y=0 Z=0 FlatVerts=60 SlopeVerts=29784
[+00:31:10.517] VoxelChunk: GenerateAsync (0,-2,3)
[+00:31:10.518] VoxelMesh: Chunk X=0 Y=-2 Z=3 FlatVerts=66 SlopeVerts=4056
[+00:31:10.599] VoxelMesh: Chunk X=0 Y=0 Z=0 FlatVerts=60 SlopeVerts=35214
[+00:31:10.626] VoxelChunk: GenerateAsync (3,-2,3)
[+00:31:10.627] VoxelMesh: Chunk X=3 Y=-2 Z=3 FlatVerts=0 SlopeVerts=0
[+00:31:10.705] VoxelChunk: GenerateAsync (-2,-1,3)
[+00:31:10.708] VoxelMesh: Chunk X=-2 Y=-1 Z=3 FlatVerts=66 SlopeVerts=4212
[+00:31:10.809] VoxelMesh: Chunk X=0 Y=0 Z=0 FlatVerts=126 SlopeVerts=33690
[+00:31:10.832] VoxelChunk: GenerateAsync (0,-3,2)
[+00:31:10.834] VoxelMesh: Chunk X=0 Y=-3 Z=2 FlatVerts=0 SlopeVerts=4050
[+00:31:10.914] VoxelMesh: Chunk X=0 Y=0 Z=0 FlatVerts=180 SlopeVerts=22272
[+00:31:10.931] VoxelChunk: GenerateAsync (1,-3,2)
[+00:31:10.931] VoxelMesh: Chunk X=1 Y=-3 Z=2 FlatVerts=0 SlopeVerts=678
[+00:31:11.017] VoxelMesh: Chunk X=0 Y=0 Z=0 FlatVerts=186 SlopeVerts=23802
[+00:31:11.034] VoxelChunk: GenerateAsync (2,-3,2)
[+00:31:11.035] VoxelMesh: Chunk X=2 Y=-3 Z=2 FlatVerts=0 SlopeVerts=36
[+00:31:11.121] VoxelMesh: Chunk X=0 Y=0 Z=0 FlatVerts=156 SlopeVerts=27012
[+00:31:11.139] VoxelChunk: GenerateAsync (3,-3,2)
[+00:31:11.141] VoxelMesh: Chunk X=3 Y=-3 Z=2 FlatVerts=0 SlopeVerts=2712
[+00:31:11.228] VoxelMesh: Chunk X=0 Y=0 Z=0 FlatVerts=48 SlopeVerts=528
[+00:31:11.230] VoxelChunk: GenerateAsync (-3,-2,2)
[+00:31:11.230] VoxelMesh: Chunk X=-3 Y=-2 Z=2 FlatVerts=18 SlopeVerts=2766
[+00:31:11.332] VoxelMesh: Chunk X=0 Y=0 Z=0 FlatVerts=828 SlopeVerts=8442
[+00:31:11.337] VoxelChunk: GenerateAsync (-3,2,1)
[+00:31:11.432] VoxelChunk: GenerateAsync (-1,0,3)
[+00:31:11.434] VoxelMesh: Chunk X=-1 Y=0 Z=3 FlatVerts=108 SlopeVerts=6300
[+00:31:11.537] VoxelMesh: Chunk X=0 Y=0 Z=0 FlatVerts=0 SlopeVerts=108
[+00:31:11.538] VoxelChunk: GenerateAsync (0,0,3)
[+00:31:11.539] VoxelMesh: Chunk X=0 Y=0 Z=3 FlatVerts=0 SlopeVerts=42
[+00:31:11.639] VoxelMesh: Chunk X=0 Y=0 Z=0 FlatVerts=18 SlopeVerts=7752
[+00:31:11.645] VoxelChunk: GenerateAsync (2,0,3)
[+00:31:11.745] VoxelMesh: Chunk X=0 Y=0 Z=0 FlatVerts=96 SlopeVerts=12786
[+00:31:11.753] VoxelChunk: GenerateAsync (3,0,3)
[+00:31:11.755] VoxelMesh: Chunk X=3 Y=0 Z=3 FlatVerts=0 SlopeVerts=252
[+00:31:11.847] VoxelMesh: Chunk X=0 Y=0 Z=0 FlatVerts=120 SlopeVerts=21480
[+00:31:11.863] VoxelChunk: GenerateAsync (3,-2,2)
[+00:31:11.865] VoxelMesh: Chunk X=3 Y=-2 Z=2 FlatVerts=102 SlopeVerts=1170
[+00:31:11.954] VoxelChunk: GenerateAsync (-3,-1,2)
[+00:31:12.058] VoxelMesh: Chunk X=0 Y=0 Z=0 FlatVerts=0 SlopeVerts=42
[+00:31:12.059] VoxelChunk: GenerateAsync (2,1,3)
[+00:31:12.060] VoxelMesh: Chunk X=2 Y=1 Z=3 FlatVerts=0 SlopeVerts=1176
[+00:31:12.162] VoxelMesh: Chunk X=0 Y=0 Z=0 FlatVerts=0 SlopeVerts=30
[+00:31:12.162] VoxelChunk: GenerateAsync (3,1,3)
[+00:31:12.163] VoxelMesh: Chunk X=3 Y=1 Z=3 FlatVerts=0 SlopeVerts=2796
[+00:31:12.269] VoxelChunk: GenerateAsync (-1,2,3)
[+00:31:12.371] VoxelMesh: Chunk X=0 Y=0 Z=0 FlatVerts=228 SlopeVerts=13362
[+00:31:12.380] VoxelChunk: GenerateAsync (3,-1,1)
[+00:31:12.381] VoxelMesh: Chunk X=3 Y=-1 Z=1 FlatVerts=1422 SlopeVerts=2562
[+00:31:12.475] VoxelMesh: Chunk X=0 Y=0 Z=0 FlatVerts=10374 SlopeVerts=4788
[+00:31:12.491] VoxelChunk: GenerateAsync (3,2,1)
[+00:31:12.584] VoxelMesh: Chunk X=0 Y=0 Z=0 FlatVerts=264 SlopeVerts=24378
[+00:31:12.602] VoxelChunk: GenerateAsync (3,-1,2)
[+00:31:12.603] VoxelMesh: Chunk X=3 Y=-1 Z=2 FlatVerts=84 SlopeVerts=120
[+00:31:12.687] VoxelChunk: GenerateAsync (-3,0,2)
[+00:31:12.689] VoxelMesh: Chunk X=-3 Y=0 Z=2 FlatVerts=0 SlopeVerts=18
[+00:31:12.789] VoxelMesh: Chunk X=0 Y=0 Z=0 FlatVerts=1578 SlopeVerts=13698
[+00:31:12.800] VoxelChunk: GenerateAsync (-3,3,1)
[+00:31:12.895] VoxelMesh: Chunk X=0 Y=0 Z=0 FlatVerts=642 SlopeVerts=2130
[+00:31:12.898] VoxelChunk: GenerateAsync (-3,1,1)
[+00:31:13.003] VoxelMesh: Chunk X=0 Y=0 Z=0 FlatVerts=1596 SlopeVerts=5688
[+00:31:13.009] VoxelChunk: GenerateAsync (-2,3,1)
[+00:31:13.009] VoxelMesh: Chunk X=-2 Y=3 Z=1 FlatVerts=120 SlopeVerts=420
[+00:31:13.110] VoxelMesh: Chunk X=0 Y=0 Z=0 FlatVerts=0 SlopeVerts=0
[+00:31:13.111] VoxelChunk: GenerateAsync (-3,0,1)
[+00:31:13.211] VoxelMesh: Chunk X=0 Y=0 Z=0 FlatVerts=1878 SlopeVerts=3582
[+00:31:13.217] VoxelChunk: GenerateAsync (-1,3,1)
[+00:31:13.218] VoxelMesh: Chunk X=-1 Y=3 Z=1 FlatVerts=654 SlopeVerts=1950
[+00:31:13.321] VoxelMesh: Chunk X=0 Y=0 Z=0 FlatVerts=414 SlopeVerts=18228
[+00:31:13.335] VoxelChunk: GenerateAsync (3,0,2)
[+00:31:13.336] VoxelMesh: Chunk X=3 Y=0 Z=2 FlatVerts=18 SlopeVerts=1110
[+00:31:13.421] VoxelChunk: GenerateAsync (0,3,3)
[+00:31:13.527] VoxelChunk: GenerateAsync (-1,3,3)
[+00:31:13.627] VoxelMesh: Chunk X=0 Y=0 Z=0 FlatVerts=3942 SlopeVerts=9798
[+00:31:13.638] VoxelChunk: GenerateAsync (1,3,1)
[+00:31:13.639] VoxelMesh: Chunk X=1 Y=3 Z=1 FlatVerts=300 SlopeVerts=726
[+00:31:13.741] VoxelChunk: GenerateAsync (-3,-2,3)
[+00:31:13.742] VoxelMesh: Chunk X=-3 Y=-2 Z=3 FlatVerts=36 SlopeVerts=5982
[+00:31:13.834] VoxelMesh: Chunk X=0 Y=0 Z=0 FlatVerts=8826 SlopeVerts=7482
[+00:31:13.851] VoxelChunk: GenerateAsync (2,3,1)
[+00:31:13.852] VoxelMesh: Chunk X=2 Y=3 Z=1 FlatVerts=6 SlopeVerts=24
[+00:31:13.939] VoxelMesh: Chunk X=0 Y=0 Z=0 FlatVerts=10770 SlopeVerts=2040
[+00:31:13.953] VoxelChunk: GenerateAsync (3,3,1)
[+00:31:13.954] VoxelMesh: Chunk X=3 Y=3 Z=1 FlatVerts=0 SlopeVerts=42
[+00:31:14.045] VoxelMesh: Chunk X=0 Y=0 Z=0 FlatVerts=1044 SlopeVerts=3264
[+00:31:14.049] VoxelChunk: GenerateAsync (3,1,2)
[+00:31:14.050] VoxelMesh: Chunk X=3 Y=1 Z=2 FlatVerts=0 SlopeVerts=2064
[+00:31:14.147] VoxelMesh: Chunk X=0 Y=0 Z=0 FlatVerts=54 SlopeVerts=4116
[+00:31:14.151] VoxelChunk: GenerateAsync (-3,2,2)
[+00:31:14.152] VoxelMesh: Chunk X=-3 Y=2 Z=2 FlatVerts=0 SlopeVerts=6
[+00:31:14.254] VoxelMesh: Chunk X=0 Y=0 Z=0 FlatVerts=48 SlopeVerts=1098
[+00:31:14.256] VoxelChunk: GenerateAsync (-3,-3,2)
[+00:31:14.258] VoxelMesh: Chunk X=-3 Y=-3 Z=2 FlatVerts=120 SlopeVerts=5010
[+00:31:14.354] VoxelChunk: GenerateAsync (-3,-1,3)
[+00:31:14.356] VoxelMesh: Chunk X=-3 Y=-1 Z=3 FlatVerts=0 SlopeVerts=720
[+00:31:14.459] VoxelMesh: Chunk X=0 Y=0 Z=0 FlatVerts=168 SlopeVerts=12966
[+00:31:14.468] VoxelChunk: GenerateAsync (-2,-3,2)
[+00:31:14.469] VoxelMesh: Chunk X=-2 Y=-3 Z=2 FlatVerts=0 SlopeVerts=2592
[+00:31:14.560] VoxelMesh: Chunk X=0 Y=0 Z=0 FlatVerts=0 SlopeVerts=36
[+00:31:14.561] VoxelChunk: GenerateAsync (-1,-1,3)
[+00:31:14.562] VoxelMesh: Chunk X=-1 Y=-1 Z=3 FlatVerts=12 SlopeVerts=4272
[+00:31:14.669] VoxelMesh: Chunk X=0 Y=0 Z=0 FlatVerts=198 SlopeVerts=32844
[+00:31:14.694] VoxelChunk: GenerateAsync (-1,-3,2)
[+00:31:14.695] VoxelMesh: Chunk X=-1 Y=-3 Z=2 FlatVerts=0 SlopeVerts=3528
[+00:31:14.769] VoxelMesh: Chunk X=0 Y=0 Z=0 FlatVerts=3180 SlopeVerts=1362
[+00:31:14.774] VoxelChunk: GenerateAsync (3,2,2)
[+00:31:14.774] VoxelMesh: Chunk X=3 Y=2 Z=2 FlatVerts=0 SlopeVerts=18
[+00:31:14.879] VoxelMesh: Chunk X=0 Y=0 Z=0 FlatVerts=54 SlopeVerts=7170
[+00:31:14.883] VoxelChunk: GenerateAsync (-3,3,2)
[+00:31:14.884] VoxelMesh: Chunk X=-3 Y=3 Z=2 FlatVerts=6 SlopeVerts=1428
[+00:31:14.980] VoxelMesh: Chunk X=0 Y=0 Z=0 FlatVerts=0 SlopeVerts=24
[+00:31:14.980] VoxelChunk: GenerateAsync (-2,3,2)
[+00:31:14.981] VoxelMesh: Chunk X=-2 Y=3 Z=2 FlatVerts=1056 SlopeVerts=3420
[+00:31:15.087] VoxelMesh: Chunk X=0 Y=0 Z=0 FlatVerts=0 SlopeVerts=0
[+00:31:15.087] VoxelChunk: GenerateAsync (-1,3,2)
[+00:31:15.090] VoxelMesh: Chunk X=-1 Y=3 Z=2 FlatVerts=1494 SlopeVerts=1200
[+00:31:15.195] VoxelMesh: Chunk X=0 Y=0 Z=0 FlatVerts=180 SlopeVerts=1428
[+00:31:15.196] VoxelChunk: GenerateAsync (0,3,2)
[+00:31:15.197] VoxelMesh: Chunk X=0 Y=3 Z=2 FlatVerts=1398 SlopeVerts=1296
[+00:31:15.301] VoxelMesh: Chunk X=0 Y=0 Z=0 FlatVerts=1260 SlopeVerts=3678
[+00:31:15.306] VoxelChunk: GenerateAsync (1,3,2)
[+00:31:15.308] VoxelMesh: Chunk X=1 Y=3 Z=2 FlatVerts=1302 SlopeVerts=2754
[+00:31:15.405] VoxelMesh: Chunk X=0 Y=0 Z=0 FlatVerts=2838 SlopeVerts=3324
[+00:31:15.412] VoxelChunk: GenerateAsync (2,3,2)
[+00:31:15.413] VoxelMesh: Chunk X=2 Y=3 Z=2 FlatVerts=30 SlopeVerts=2166
[+00:31:15.509] VoxelMesh: Chunk X=0 Y=0 Z=0 FlatVerts=2334 SlopeVerts=1128
[+00:31:15.513] VoxelChunk: GenerateAsync (3,3,2)
[+00:31:15.514] VoxelMesh: Chunk X=3 Y=3 Z=2 FlatVerts=252 SlopeVerts=4482
[+00:31:15.611] VoxelChunk: GenerateAsync (-3,-3,3)
[+00:31:15.613] VoxelMesh: Chunk X=-3 Y=-3 Z=3 FlatVerts=0 SlopeVerts=348
[+00:31:15.718] VoxelChunk: GenerateAsync (2,3,-4)
[+00:31:15.820] VoxelChunk: GenerateAsync (0,-2,-4)
[+00:31:15.931] VoxelChunk: GenerateAsync (-1,-2,-4)
[+00:31:16.026] VoxelChunk: GenerateAsync (-2,2,-4)
[+00:31:16.132] VoxelChunk: GenerateAsync (-2,-2,-4)
[+00:31:16.237] VoxelChunk: GenerateAsync (-3,-2,-4)
[+00:31:16.339] VoxelChunk: GenerateAsync (-3,2,-4)
[+00:31:16.441] VoxelChunk: GenerateAsync (-3,3,-4)
[+00:31:16.546] VoxelChunk: GenerateAsync (3,-3,-4)
[+00:31:16.647] VoxelChunk: GenerateAsync (2,-3,-4)
[+00:31:16.752] VoxelChunk: GenerateAsync (1,-3,-4)
[+00:31:16.856] VoxelChunk: GenerateAsync (0,-3,-4)
[+00:31:16.957] VoxelChunk: GenerateAsync (3,1,-4)
[+00:31:17.058] VoxelChunk: GenerateAsync (2,1,-4)
[+00:31:17.164] VoxelChunk: GenerateAsync (3,2,-4)
[+00:31:17.270] VoxelChunk: GenerateAsync (-1,3,-4)
[+00:31:17.370] VoxelChunk: GenerateAsync (3,0,-4)
[+00:31:17.477] VoxelChunk: GenerateAsync (2,2,-4)
[+00:31:17.582] VoxelChunk: GenerateAsync (2,0,-4)
[+00:31:17.688] VoxelChunk: GenerateAsync (1,0,-4)
[+00:31:17.796] VoxelChunk: GenerateAsync (1,1,-4)
[+00:31:17.901] VoxelChunk: GenerateAsync (0,0,-4)
[+00:31:18.005] VoxelChunk: GenerateAsync (-1,0,-4)
[+00:31:18.108] VoxelChunk: GenerateAsync (0,1,-4)
[+00:31:18.213] VoxelChunk: GenerateAsync (1,2,-4)
[+00:31:18.318] VoxelChunk: GenerateAsync (-2,3,-4)
[+00:31:18.421] VoxelChunk: GenerateAsync (1,3,-4)
[+00:31:18.523] VoxelChunk: GenerateAsync (-1,1,-4)
[+00:31:18.628] VoxelChunk: GenerateAsync (-2,0,-4)
[+00:31:18.732] VoxelChunk: GenerateAsync (-3,0,-4)
[+00:31:18.835] VoxelChunk: GenerateAsync (-2,1,-4)
[+00:31:18.938] VoxelChunk: GenerateAsync (0,2,-4)
[+00:31:19.041] VoxelChunk: GenerateAsync (3,-1,-4)
[+00:31:19.144] VoxelChunk: GenerateAsync (2,-1,-4)
[+00:31:19.256] VoxelChunk: GenerateAsync (-3,1,-4)
[+00:31:19.359] VoxelChunk: GenerateAsync (1,-1,-4)
[+00:31:19.463] VoxelChunk: GenerateAsync (0,-1,-4)
[+00:31:19.576] VoxelChunk: GenerateAsync (-1,-1,-4)
[+00:31:19.691] VoxelChunk: GenerateAsync (-2,-1,-4)
[+00:31:19.783] VoxelChunk: GenerateAsync (-3,-1,-4)
[+00:31:19.884] VoxelChunk: GenerateAsync (3,-2,-4)
[+00:31:19.986] VoxelChunk: GenerateAsync (-1,2,-4)
[+00:31:20.088] VoxelChunk: GenerateAsync (0,3,-4)
[+00:31:20.190] VoxelChunk: GenerateAsync (3,3,-4)
[+00:31:20.289] VoxelChunk: GenerateAsync (1,-2,-4)
[+00:31:20.390] VoxelChunk: GenerateAsync (-3,-3,-4)
[+00:31:20.490] VoxelChunk: GenerateAsync (-1,-3,-4)
[+00:31:20.592] VoxelChunk: GenerateAsync (2,-2,-4)
[+00:31:20.694] VoxelChunk: GenerateAsync (-2,-3,-4)
[+00:31:20.795] VoxelChunk: GenerateAsync (-3,-3,4)
[+00:31:20.895] VoxelChunk: GenerateAsync (-2,-3,4)
[+00:31:21.005] VoxelMesh: Chunk X=0 Y=0 Z=0 FlatVerts=30 SlopeVerts=4566
[+00:31:21.010] VoxelChunk: GenerateAsync (-1,-3,4)
[+00:31:21.011] VoxelMesh: Chunk X=-1 Y=-3 Z=4 FlatVerts=0 SlopeVerts=2052
[+00:31:21.116] VoxelMesh: Chunk X=0 Y=0 Z=0 FlatVerts=90 SlopeVerts=14202
[+00:31:21.126] VoxelChunk: GenerateAsync (0,-3,4)
[+00:31:21.128] VoxelMesh: Chunk X=0 Y=-3 Z=4 FlatVerts=0 SlopeVerts=4902
[+00:31:21.216] VoxelMesh: Chunk X=0 Y=0 Z=0 FlatVerts=78 SlopeVerts=30096
[+00:31:21.237] VoxelChunk: GenerateAsync (1,-3,4)
[+00:31:21.239] VoxelMesh: Chunk X=1 Y=-3 Z=4 FlatVerts=0 SlopeVerts=7728
[+00:31:21.322] VoxelMesh: Chunk X=0 Y=0 Z=0 FlatVerts=18 SlopeVerts=28116
[+00:31:21.343] VoxelChunk: GenerateAsync (2,-3,4)
[+00:31:21.344] VoxelMesh: Chunk X=2 Y=-3 Z=4 FlatVerts=18 SlopeVerts=7092
[+00:31:21.429] VoxelMesh: Chunk X=0 Y=0 Z=0 FlatVerts=36 SlopeVerts=19440
[+00:31:21.444] VoxelChunk: GenerateAsync (3,-3,4)
[+00:31:21.445] VoxelMesh: Chunk X=3 Y=-3 Z=4 FlatVerts=0 SlopeVerts=2700
[+00:31:21.532] VoxelChunk: GenerateAsync (-3,-2,4)
[+00:31:21.533] VoxelMesh: Chunk X=-3 Y=-2 Z=4 FlatVerts=24 SlopeVerts=5244
[+00:31:21.637] VoxelChunk: GenerateAsync (-2,-2,4)
[+00:31:21.639] VoxelMesh: Chunk X=-2 Y=-2 Z=4 FlatVerts=0 SlopeVerts=5550
[+00:31:21.743] VoxelMesh: Chunk X=0 Y=0 Z=0 FlatVerts=0 SlopeVerts=3084
[+00:31:21.746] VoxelChunk: GenerateAsync (-1,-2,4)
[+00:31:21.747] VoxelMesh: Chunk X=-1 Y=-2 Z=4 FlatVerts=0 SlopeVerts=894
[+00:31:21.848] VoxelMesh: Chunk X=0 Y=0 Z=0 FlatVerts=60 SlopeVerts=16818
[+00:31:21.860] VoxelChunk: GenerateAsync (0,-2,4)
[+00:31:21.862] VoxelMesh: Chunk X=0 Y=-2 Z=4 FlatVerts=0 SlopeVerts=1764
[+00:31:21.949] VoxelMesh: Chunk X=0 Y=0 Z=0 FlatVerts=90 SlopeVerts=33162
[+00:31:21.973] VoxelChunk: GenerateAsync (1,-2,4)
[+00:31:21.975] VoxelMesh: Chunk X=1 Y=-2 Z=4 FlatVerts=0 SlopeVerts=1200
[+00:31:22.054] VoxelMesh: Chunk X=0 Y=0 Z=0 FlatVerts=54 SlopeVerts=32040
[+00:31:22.078] VoxelChunk: GenerateAsync (2,-2,4)
[+00:31:22.079] VoxelMesh: Chunk X=2 Y=-2 Z=4 FlatVerts=0 SlopeVerts=246
[+00:31:22.157] VoxelMesh: Chunk X=0 Y=0 Z=0 FlatVerts=66 SlopeVerts=34452
[+00:31:22.181] VoxelChunk: GenerateAsync (3,-2,4)
[+00:31:22.260] VoxelChunk: GenerateAsync (-3,-1,4)
[+00:31:22.261] VoxelMesh: Chunk X=-3 Y=-1 Z=4 FlatVerts=0 SlopeVerts=3654
[+00:31:22.361] VoxelChunk: GenerateAsync (-2,-1,4)
[+00:31:22.363] VoxelMesh: Chunk X=-2 Y=-1 Z=4 FlatVerts=0 SlopeVerts=2328
[+00:31:22.463] VoxelMesh: Chunk X=0 Y=0 Z=0 FlatVerts=0 SlopeVerts=0
[+00:31:22.464] VoxelChunk: GenerateAsync (-1,-1,4)
[+00:31:22.466] VoxelMesh: Chunk X=-1 Y=-1 Z=4 FlatVerts=0 SlopeVerts=4416
[+00:31:22.567] VoxelMesh: Chunk X=0 Y=0 Z=0 FlatVerts=0 SlopeVerts=5460
[+00:31:22.572] VoxelChunk: GenerateAsync (0,-1,4)
[+00:31:22.675] VoxelMesh: Chunk X=0 Y=0 Z=0 FlatVerts=30 SlopeVerts=13686
[+00:31:22.683] VoxelChunk: GenerateAsync (1,-1,4)
[+00:31:22.777] VoxelMesh: Chunk X=0 Y=0 Z=0 FlatVerts=54 SlopeVerts=20274
[+00:31:22.792] VoxelChunk: GenerateAsync (2,-1,4)
[+00:31:22.879] VoxelMesh: Chunk X=0 Y=0 Z=0 FlatVerts=42 SlopeVerts=28584
[+00:31:22.899] VoxelChunk: GenerateAsync (3,-1,4)
[+00:31:22.978] VoxelChunk: GenerateAsync (-3,0,4)
[+00:31:22.979] VoxelMesh: Chunk X=-3 Y=0 Z=4 FlatVerts=0 SlopeVerts=7002
[+00:31:23.081] VoxelChunk: GenerateAsync (-2,0,4)
[+00:31:23.083] VoxelMesh: Chunk X=-2 Y=0 Z=4 FlatVerts=0 SlopeVerts=5376
[+00:31:23.184] VoxelChunk: GenerateAsync (-1,0,4)
[+00:31:23.186] VoxelMesh: Chunk X=-1 Y=0 Z=4 FlatVerts=0 SlopeVerts=1614
[+00:31:23.287] VoxelChunk: GenerateAsync (0,0,4)
[+00:31:23.387] VoxelChunk: GenerateAsync (1,0,4)
[+00:31:23.489] VoxelMesh: Chunk X=0 Y=0 Z=0 FlatVerts=0 SlopeVerts=1902
[+00:31:23.491] VoxelChunk: GenerateAsync (2,0,4)
[+00:31:23.596] VoxelMesh: Chunk X=0 Y=0 Z=0 FlatVerts=6 SlopeVerts=5514
[+00:31:23.600] VoxelChunk: GenerateAsync (3,0,4)
[+00:31:23.601] VoxelMesh: Chunk X=3 Y=0 Z=4 FlatVerts=0 SlopeVerts=0
[+00:31:23.703] VoxelChunk: GenerateAsync (-3,1,4)
[+00:31:23.704] VoxelMesh: Chunk X=-3 Y=1 Z=4 FlatVerts=42 SlopeVerts=7620
[+00:31:23.802] VoxelChunk: GenerateAsync (-2,1,4)
[+00:31:23.804] VoxelMesh: Chunk X=-2 Y=1 Z=4 FlatVerts=0 SlopeVerts=2244
[+00:31:23.904] VoxelChunk: GenerateAsync (-1,1,4)
[+00:31:23.906] VoxelMesh: Chunk X=-1 Y=1 Z=4 FlatVerts=0 SlopeVerts=0
[+00:31:24.009] VoxelChunk: GenerateAsync (0,1,4)
[+00:31:24.111] VoxelChunk: GenerateAsync (1,1,4)
[+00:31:24.212] VoxelChunk: GenerateAsync (2,1,4)
[+00:31:24.213] VoxelMesh: Chunk X=2 Y=1 Z=4 FlatVerts=0 SlopeVerts=300
[+00:31:24.315] VoxelChunk: GenerateAsync (3,1,4)
[+00:31:24.317] VoxelMesh: Chunk X=3 Y=1 Z=4 FlatVerts=270 SlopeVerts=3144
[+00:31:24.418] VoxelChunk: GenerateAsync (-3,2,4)
[+00:31:24.419] VoxelMesh: Chunk X=-3 Y=2 Z=4 FlatVerts=90 SlopeVerts=6630
[+00:31:24.521] VoxelChunk: GenerateAsync (-2,2,4)
[+00:31:24.523] VoxelMesh: Chunk X=-2 Y=2 Z=4 FlatVerts=54 SlopeVerts=1302
[+00:31:24.633] VoxelChunk: GenerateAsync (-1,2,4)
[+00:31:24.732] VoxelChunk: GenerateAsync (0,2,4)
[+00:31:24.840] VoxelChunk: GenerateAsync (1,2,4)
[+00:31:24.842] VoxelMesh: Chunk X=1 Y=2 Z=4 FlatVerts=0 SlopeVerts=0
[+00:31:24.945] VoxelChunk: GenerateAsync (2,2,4)
[+00:31:24.946] VoxelMesh: Chunk X=2 Y=2 Z=4 FlatVerts=0 SlopeVerts=3366
[+00:31:25.052] VoxelChunk: GenerateAsync (3,2,4)
[+00:31:25.053] VoxelMesh: Chunk X=3 Y=2 Z=4 FlatVerts=372 SlopeVerts=3042
[+00:31:25.162] VoxelChunk: GenerateAsync (-3,3,4)
[+00:31:25.165] VoxelMesh: Chunk X=-3 Y=3 Z=4 FlatVerts=6 SlopeVerts=1002
[+00:31:25.264] VoxelChunk: GenerateAsync (-2,3,4)
[+00:31:25.266] VoxelMesh: Chunk X=-2 Y=3 Z=4 FlatVerts=0 SlopeVerts=0
[+00:31:25.371] VoxelChunk: GenerateAsync (-1,3,4)
[+00:31:25.478] VoxelChunk: GenerateAsync (0,3,4)
[+00:31:25.588] VoxelChunk: GenerateAsync (1,3,4)
[+00:31:25.591] VoxelMesh: Chunk X=1 Y=3 Z=4 FlatVerts=0 SlopeVerts=6
[+00:31:25.690] VoxelChunk: GenerateAsync (2,3,4)
[+00:31:25.691] VoxelMesh: Chunk X=2 Y=3 Z=4 FlatVerts=0 SlopeVerts=3132
[+00:31:25.790] VoxelChunk: GenerateAsync (3,3,4)
[+00:31:25.790] VoxelWorld: Editor generation complete, 441 chunks.
[+00:31:25.791] VoxelMesh: Chunk X=3 Y=3 Z=4 FlatVerts=0 SlopeVerts=648
[+00:31:40.065] VoxelWater: No owner or OceanPlaneMesh — skipping ocean.
[+00:31:40.065] VoxelWorld: GenerateWorldDeferred started.
[+00:31:40.066] VoxelWorld: Queued 440 chunks.
[+00:31:40.078] VoxelMesh: Chunk X=0 Y=0 Z=0 FlatVerts=3600 SlopeVerts=13752
[+00:31:40.080] VoxelChunk: GenerateAsync (1,0,0)
[+00:31:40.081] VoxelMesh: Chunk X=1 Y=0 Z=0 FlatVerts=852 SlopeVerts=1656
[+00:31:40.083] VoxelMesh: Chunk X=0 Y=0 Z=0 FlatVerts=4986 SlopeVerts=1782
[+00:31:40.084] VoxelChunk: GenerateAsync (-1,-1,-1)
[+00:31:40.088] VoxelMesh: Chunk X=0 Y=0 Z=0 FlatVerts=1542 SlopeVerts=1056
[+00:31:40.089] VoxelChunk: GenerateAsync (0,-1,-1)
[+00:31:40.095] VoxelMesh: Chunk X=0 Y=0 Z=0 FlatVerts=990 SlopeVerts=5526
[+00:31:40.096] VoxelChunk: GenerateAsync (1,1,1)
[+00:31:40.097] VoxelMesh: Chunk X=1 Y=1 Z=1 FlatVerts=0 SlopeVerts=0
[+00:31:40.148] VoxelMesh: Chunk X=0 Y=0 Z=0 FlatVerts=8946 SlopeVerts=966
[+00:31:40.150] VoxelChunk: GenerateAsync (-1,0,-1)
[+00:31:40.157] VoxelMesh: Chunk X=0 Y=0 Z=0 FlatVerts=1050 SlopeVerts=10668
[+00:31:40.159] VoxelChunk: GenerateAsync (-1,-1,1)
[+00:31:40.160] VoxelMesh: Chunk X=-1 Y=-1 Z=1 FlatVerts=354 SlopeVerts=960
[+00:31:40.163] VoxelMesh: Chunk X=0 Y=0 Z=0 FlatVerts=8106 SlopeVerts=6360
[+00:31:40.165] VoxelChunk: GenerateAsync (1,1,0)
[+00:31:40.166] VoxelMesh: Chunk X=1 Y=1 Z=0 FlatVerts=2568 SlopeVerts=0
[+00:31:40.169] VoxelMesh: Chunk X=0 Y=0 Z=0 FlatVerts=9000 SlopeVerts=2988
[+00:31:40.172] VoxelChunk: GenerateAsync (-1,0,0)
[+00:31:40.172] VoxelWater: Chunk X=1 Y=0 Z=0 emitted 68 procedural water vertices (Ocean/Pools)
[+00:31:40.172] VoxelMesh: Chunk X=-1 Y=0 Z=0 FlatVerts=2622 SlopeVerts=36
[+00:31:40.192] VoxelMesh: Chunk X=0 Y=0 Z=0 FlatVerts=0 SlopeVerts=0
[+00:31:40.192] VoxelChunk: GenerateAsync (-1,1,1)
[+00:31:40.197] VoxelMesh: Chunk X=0 Y=0 Z=0 FlatVerts=9804 SlopeVerts=2352
[+00:31:40.200] VoxelChunk: GenerateAsync (0,1,0)
[+00:31:40.202] VoxelMesh: Chunk X=0 Y=1 Z=0 FlatVerts=2652 SlopeVerts=0
[+00:31:40.209] VoxelMesh: Chunk X=0 Y=0 Z=0 FlatVerts=9684 SlopeVerts=744
[+00:31:40.212] VoxelChunk: GenerateAsync (0,1,-1)
[+00:31:40.221] VoxelMesh: Chunk X=0 Y=0 Z=0 FlatVerts=900 SlopeVerts=11538
[+00:31:40.222] VoxelChunk: GenerateAsync (1,-1,0)
[+00:31:40.224] VoxelMesh: Chunk X=1 Y=-1 Z=0 FlatVerts=264 SlopeVerts=1044
[+00:31:40.237] VoxelMesh: Chunk X=0 Y=0 Z=0 FlatVerts=5532 SlopeVerts=1776
[+00:31:40.239] VoxelChunk: GenerateAsync (0,0,-1)
[+00:31:40.246] VoxelMesh: Chunk X=0 Y=0 Z=0 FlatVerts=1608 SlopeVerts=20934
[+00:31:40.248] VoxelChunk: GenerateAsync (1,0,1)
[+00:31:40.249] VoxelMesh: Chunk X=1 Y=0 Z=1 FlatVerts=0 SlopeVerts=1980
[+00:31:40.253] VoxelMesh: Chunk X=0 Y=0 Z=0 FlatVerts=648 SlopeVerts=25830
[+00:31:40.255] VoxelChunk: GenerateAsync (1,-1,1)
[+00:31:40.259] VoxelMesh: Chunk X=1 Y=-1 Z=1 FlatVerts=0 SlopeVerts=2358
[+00:31:40.260] VoxelMesh: Chunk X=0 Y=0 Z=0 FlatVerts=10458 SlopeVerts=30
[+00:31:40.262] VoxelChunk: GenerateAsync (-1,1,0)
[+00:31:40.263] VoxelMesh: Chunk X=-1 Y=1 Z=0 FlatVerts=2610 SlopeVerts=0
[+00:31:40.277] VoxelMesh: Chunk X=0 Y=0 Z=0 FlatVerts=2346 SlopeVerts=13626
[+00:31:40.280] VoxelChunk: GenerateAsync (0,-1,0)
[+00:31:40.281] VoxelMesh: Chunk X=0 Y=-1 Z=0 FlatVerts=78 SlopeVerts=438
[+00:31:40.283] VoxelMesh: Chunk X=0 Y=0 Z=0 FlatVerts=10458 SlopeVerts=30
[+00:31:40.285] VoxelChunk: GenerateAsync (-1,1,-1)
[+00:31:40.289] VoxelMesh: Chunk X=0 Y=0 Z=0 FlatVerts=2016 SlopeVerts=1272
[+00:31:40.289] VoxelChunk: GenerateAsync (1,0,-1)
[+00:31:40.294] VoxelMesh: Chunk X=0 Y=0 Z=0 FlatVerts=6012 SlopeVerts=9192
[+00:31:40.295] VoxelChunk: GenerateAsync (-1,-1,0)
[+00:31:40.297] VoxelMesh: Chunk X=-1 Y=-1 Z=0 FlatVerts=1290 SlopeVerts=1842
[+00:31:40.311] VoxelMesh: Chunk X=0 Y=0 Z=0 FlatVerts=7176 SlopeVerts=1398
[+00:31:40.312] VoxelChunk: GenerateAsync (1,1,-1)
[+00:31:40.318] VoxelMesh: Chunk X=0 Y=0 Z=0 FlatVerts=216 SlopeVerts=198
[+00:31:40.319] VoxelChunk: GenerateAsync (1,-1,-1)
[+00:31:40.326] VoxelMesh: Chunk X=0 Y=0 Z=0 FlatVerts=144 SlopeVerts=1698
[+00:31:40.326] VoxelChunk: GenerateAsync (0,1,1)
[+00:31:40.332] VoxelMesh: Chunk X=0 Y=0 Z=0 FlatVerts=456 SlopeVerts=10890
[+00:31:40.334] VoxelChunk: GenerateAsync (0,0,1)
[+00:31:40.335] VoxelMesh: Chunk X=0 Y=0 Z=1 FlatVerts=0 SlopeVerts=1998
[+00:31:40.350] VoxelMesh: Chunk X=0 Y=0 Z=0 FlatVerts=54 SlopeVerts=2202
[+00:31:40.351] VoxelChunk: GenerateAsync (-1,0,1)
[+00:31:40.358] VoxelMesh: Chunk X=0 Y=0 Z=0 FlatVerts=792 SlopeVerts=22050
[+00:31:40.359] VoxelChunk: GenerateAsync (0,-1,1)
[+00:31:40.360] VoxelMesh: Chunk X=0 Y=-1 Z=1 FlatVerts=0 SlopeVerts=2352
[+00:31:40.366] VoxelMesh: Chunk X=0 Y=0 Z=0 FlatVerts=6 SlopeVerts=3168
[+00:31:40.366] VoxelChunk: GenerateAsync (-1,-1,2)
[+00:31:40.369] VoxelMesh: Chunk X=-1 Y=-1 Z=2 FlatVerts=0 SlopeVerts=0
[+00:31:40.372] VoxelChunk: GenerateAsync (-2,-1,2)
[+00:31:40.376] VoxelWater: Chunk X=1 Y=0 Z=0 emitted 84 procedural water vertices (Ocean/Pools)
[+00:31:40.376] VoxelWater: Chunk X=-1 Y=-1 Z=1 emitted 64 procedural water vertices (Ocean/Pools)
[+00:31:40.376] VoxelWater: Chunk X=0 Y=-1 Z=1 emitted 4 procedural water vertices (Ocean/Pools)
[+00:31:40.376] VoxelWater: Chunk X=1 Y=1 Z=0 emitted 28 procedural water vertices (Ocean/Pools)
[+00:31:40.376] VoxelWater: Chunk X=-1 Y=0 Z=0 emitted 36 procedural water vertices (Ocean/Pools)
[+00:31:40.376] VoxelWater: Chunk X=0 Y=1 Z=0 emitted 12 procedural water vertices (Ocean/Pools)
[+00:31:40.376] VoxelWater: Chunk X=1 Y=-1 Z=0 emitted 8 procedural water vertices (Ocean/Pools)
[+00:31:40.376] VoxelWater: Chunk X=0 Y=0 Z=1 emitted 4 procedural water vertices (Ocean/Pools)
[+00:31:40.376] VoxelWater: Chunk X=1 Y=0 Z=1 emitted 40 procedural water vertices (Ocean/Pools)
[+00:31:40.376] VoxelWater: Chunk X=1 Y=-1 Z=1 emitted 32 procedural water vertices (Ocean/Pools)
[+00:31:40.376] VoxelWater: Chunk X=-1 Y=1 Z=0 emitted 32 procedural water vertices (Ocean/Pools)
[+00:31:40.376] VoxelWater: Chunk X=0 Y=-1 Z=0 emitted 8 procedural water vertices (Ocean/Pools)
[+00:31:40.376] VoxelWater: Chunk X=-1 Y=-1 Z=0 emitted 32 procedural water vertices (Ocean/Pools)
[+00:31:40.392] VoxelMesh: Chunk X=0 Y=0 Z=0 FlatVerts=270 SlopeVerts=19878
[+00:31:40.393] VoxelChunk: GenerateAsync (2,0,2)
[+00:31:40.400] VoxelMesh: Chunk X=0 Y=0 Z=0 FlatVerts=78 SlopeVerts=26964
[+00:31:40.401] VoxelChunk: GenerateAsync (2,-2,2)
[+00:31:40.408] VoxelMesh: Chunk X=0 Y=0 Z=0 FlatVerts=18 SlopeVerts=25110
[+00:31:40.410] VoxelChunk: GenerateAsync (1,-2,2)
[+00:31:40.412] VoxelMesh: Chunk X=1 Y=-2 Z=2 FlatVerts=0 SlopeVerts=2346
[+00:31:40.418] VoxelMesh: Chunk X=0 Y=0 Z=0 FlatVerts=0 SlopeVerts=10548
[+00:31:40.419] VoxelChunk: GenerateAsync (1,0,2)
[+00:31:40.419] VoxelMesh: Chunk X=1 Y=0 Z=2 FlatVerts=0 SlopeVerts=66
[+00:31:40.434] VoxelMesh: Chunk X=0 Y=0 Z=0 FlatVerts=0 SlopeVerts=384
[+00:31:40.435] VoxelChunk: GenerateAsync (1,1,2)
[+00:31:40.442] VoxelMesh: Chunk X=0 Y=0 Z=0 FlatVerts=36 SlopeVerts=26892
[+00:31:40.443] VoxelChunk: GenerateAsync (0,-2,2)
[+00:31:40.444] VoxelMesh: Chunk X=0 Y=-2 Z=2 FlatVerts=0 SlopeVerts=1266
[+00:31:40.450] VoxelMesh: Chunk X=0 Y=0 Z=0 FlatVerts=48 SlopeVerts=16800
[+00:31:40.451] VoxelChunk: GenerateAsync (-1,-2,2)
[+00:31:40.453] VoxelMesh: Chunk X=-1 Y=-2 Z=2 FlatVerts=0 SlopeVerts=2220
[+00:31:40.458] VoxelMesh: Chunk X=0 Y=0 Z=0 FlatVerts=0 SlopeVerts=0
[+00:31:40.459] VoxelChunk: GenerateAsync (-2,1,1)
[+00:31:40.460] VoxelMesh: Chunk X=-2 Y=1 Z=1 FlatVerts=0 SlopeVerts=0
[+00:31:40.472] VoxelMesh: Chunk X=0 Y=0 Z=0 FlatVerts=1734 SlopeVerts=24420
[+00:31:40.475] VoxelChunk: GenerateAsync (2,0,1)
[+00:31:40.476] VoxelMesh: Chunk X=2 Y=0 Z=1 FlatVerts=258 SlopeVerts=1512
[+00:31:40.481] VoxelMesh: Chunk X=0 Y=0 Z=0 FlatVerts=0 SlopeVerts=2088
[+00:31:40.482] VoxelChunk: GenerateAsync (0,0,2)
[+00:31:40.483] VoxelMesh: Chunk X=0 Y=0 Z=2 FlatVerts=0 SlopeVerts=66
[+00:31:40.489] VoxelMesh: Chunk X=0 Y=0 Z=0 FlatVerts=18 SlopeVerts=4860
[+00:31:40.489] VoxelChunk: GenerateAsync (-2,-2,2)
[+00:31:40.493] VoxelMesh: Chunk X=-2 Y=-2 Z=2 FlatVerts=30 SlopeVerts=282
[+00:31:40.496] VoxelMesh: Chunk X=0 Y=0 Z=0 FlatVerts=5688 SlopeVerts=6942
[+00:31:40.497] VoxelChunk: GenerateAsync (2,2,1)
[+00:31:40.499] VoxelMesh: Chunk X=2 Y=2 Z=1 FlatVerts=2922 SlopeVerts=1266
[+00:31:40.513] VoxelMesh: Chunk X=0 Y=0 Z=0 FlatVerts=0 SlopeVerts=0
[+00:31:40.514] VoxelChunk: GenerateAsync (-2,0,1)
[+00:31:40.515] VoxelMesh: Chunk X=-2 Y=0 Z=1 FlatVerts=462 SlopeVerts=1470
[+00:31:40.519] VoxelMesh: Chunk X=0 Y=0 Z=0 FlatVerts=636 SlopeVerts=23916
[+00:31:40.521] VoxelChunk: GenerateAsync (2,-1,1)
[+00:31:40.525] VoxelMesh: Chunk X=2 Y=-1 Z=1 FlatVerts=264 SlopeVerts=1596
[+00:31:40.529] VoxelMesh: Chunk X=0 Y=0 Z=0 FlatVerts=0 SlopeVerts=72
[+00:31:40.530] VoxelChunk: GenerateAsync (-1,0,2)
[+00:31:40.535] VoxelChunk: GenerateAsync (0,1,2)
[+00:31:40.550] VoxelChunk: GenerateAsync (-2,2,2)
[+00:31:40.556] VoxelMesh: Chunk X=0 Y=0 Z=0 FlatVerts=588 SlopeVerts=1656
[+00:31:40.557] VoxelChunk: GenerateAsync (-2,-1,1)
[+00:31:40.560] VoxelMesh: Chunk X=-2 Y=-1 Z=1 FlatVerts=900 SlopeVerts=1026
[+00:31:40.563] VoxelMesh: Chunk X=0 Y=0 Z=0 FlatVerts=126 SlopeVerts=13938
[+00:31:40.564] VoxelChunk: GenerateAsync (2,-2,1)
[+00:31:40.565] VoxelMesh: Chunk X=2 Y=-2 Z=1 FlatVerts=1206 SlopeVerts=2730
[+00:31:40.569] VoxelMesh: Chunk X=0 Y=0 Z=0 FlatVerts=72 SlopeVerts=10464
[+00:31:40.570] VoxelChunk: GenerateAsync (1,-2,1)
[+00:31:40.571] VoxelMesh: Chunk X=1 Y=-2 Z=1 FlatVerts=0 SlopeVerts=2178
[+00:31:40.574] VoxelWater: Chunk X=1 Y=0 Z=0 emitted 92 procedural water vertices (Ocean/Pools)
[+00:31:40.574] VoxelWater: Chunk X=-1 Y=-1 Z=0 emitted 48 procedural water vertices (Ocean/Pools)
[+00:31:40.574] VoxelWater: Chunk X=-1 Y=-1 Z=1 emitted 72 procedural water vertices (Ocean/Pools)
[+00:31:40.574] VoxelWater: Chunk X=-2 Y=-1 Z=1 emitted 4 procedural water vertices (Ocean/Pools)
[+00:31:40.574] VoxelWater: Chunk X=1 Y=1 Z=0 emitted 36 procedural water vertices (Ocean/Pools)
[+00:31:40.574] VoxelWater: Chunk X=-1 Y=0 Z=0 emitted 56 procedural water vertices (Ocean/Pools)
[+00:31:40.575] VoxelWater: Chunk X=0 Y=1 Z=0 emitted 20 procedural water vertices (Ocean/Pools)
[+00:31:40.575] VoxelWater: Chunk X=1 Y=-1 Z=0 emitted 12 procedural water vertices (Ocean/Pools)
[+00:31:40.575] VoxelWater: Chunk X=1 Y=0 Z=1 emitted 48 procedural water vertices (Ocean/Pools)
[+00:31:40.575] VoxelWater: Chunk X=0 Y=0 Z=1 emitted 8 procedural water vertices (Ocean/Pools)
[+00:31:40.575] VoxelWater: Chunk X=1 Y=-1 Z=1 emitted 40 procedural water vertices (Ocean/Pools)
[+00:31:40.575] VoxelWater: Chunk X=-1 Y=1 Z=0 emitted 44 procedural water vertices (Ocean/Pools)
[+00:31:40.575] VoxelWater: Chunk X=0 Y=-1 Z=0 emitted 8 procedural water vertices (Ocean/Pools)
[+00:31:40.575] VoxelWater: Chunk X=0 Y=-1 Z=1 emitted 44 procedural water vertices (Ocean/Pools)
[+00:31:40.575] VoxelWater: Chunk X=0 Y=-2 Z=2 emitted 12 procedural water vertices (Ocean/Pools)
[+00:31:40.575] VoxelWater: Chunk X=-1 Y=-2 Z=2 emitted 24 procedural water vertices (Ocean/Pools)
[+00:31:40.575] VoxelWater: Chunk X=-2 Y=-2 Z=2 emitted 20 procedural water vertices (Ocean/Pools)
[+00:31:40.575] VoxelWater: Chunk X=2 Y=2 Z=1 emitted 40 procedural water vertices (Ocean/Pools)
[+00:31:40.575] VoxelWater: Chunk X=-2 Y=0 Z=1 emitted 24 procedural water vertices (Ocean/Pools)
[+00:31:40.575] VoxelWater: Chunk X=2 Y=-1 Z=1 emitted 12 procedural water vertices (Ocean/Pools)
[+00:31:40.590] VoxelMesh: Chunk X=0 Y=0 Z=0 FlatVerts=1248 SlopeVerts=3060
[+00:31:40.591] VoxelChunk: GenerateAsync (1,2,1)
[+00:31:40.595] VoxelMesh: Chunk X=1 Y=2 Z=1 FlatVerts=1080 SlopeVerts=2232
[+00:31:40.598] VoxelMesh: Chunk X=0 Y=0 Z=0 FlatVerts=6 SlopeVerts=420
[+00:31:40.599] VoxelChunk: GenerateAsync (0,2,1)
[+00:31:40.600] VoxelMesh: Chunk X=0 Y=2 Z=1 FlatVerts=216 SlopeVerts=870
[+00:31:40.603] VoxelChunk: GenerateAsync (-2,0,2)
[+00:31:40.609] VoxelChunk: GenerateAsync (-1,2,1)
[+00:31:40.610] VoxelMesh: Chunk X=-1 Y=2 Z=1 FlatVerts=192 SlopeVerts=924
[+00:31:40.613] VoxelChunk: GenerateAsync (4,-26,-1)
[+00:31:40.617] VoxelChunk: GenerateAsync (4,-26,3)
[+00:31:40.621] VoxelMesh: Chunk X=4 Y=-26 Z=3 FlatVerts=0 SlopeVerts=0
[+00:31:40.623] VoxelChunk: GenerateAsync (4,-26,2)
[+00:31:40.625] VoxelMesh: Chunk X=4 Y=-26 Z=2 FlatVerts=48 SlopeVerts=546
[+00:31:40.625] VoxelChunk: GenerateAsync (4,-25,-1)
[+00:31:40.631] VoxelChunk: GenerateAsync (4,-25,3)
[+00:31:40.632] VoxelMesh: Chunk X=4 Y=-25 Z=3 FlatVerts=156 SlopeVerts=3438
[+00:31:40.636] VoxelChunk: GenerateAsync (4,-25,2)
[+00:31:40.637] VoxelMesh: Chunk X=4 Y=-25 Z=2 FlatVerts=48 SlopeVerts=2538
[+00:31:40.638] VoxelMesh: Chunk X=0 Y=0 Z=0 FlatVerts=174 SlopeVerts=0
[+00:31:40.639] VoxelChunk: GenerateAsync (4,-24,-1)
[+00:31:40.643] VoxelChunk: GenerateAsync (4,-24,3)
[+00:31:40.645] VoxelMesh: Chunk X=4 Y=-24 Z=3 FlatVerts=528 SlopeVerts=1896
[+00:31:40.649] VoxelMesh: Chunk X=0 Y=0 Z=0 FlatVerts=18 SlopeVerts=366
[+00:31:40.650] VoxelChunk: GenerateAsync (4,-24,2)
[+00:31:40.651] VoxelMesh: Chunk X=4 Y=-24 Z=2 FlatVerts=90 SlopeVerts=2586
[+00:31:40.652] VoxelChunk: GenerateAsync (5,-26,-1)
[+00:31:40.658] VoxelChunk: GenerateAsync (5,-26,3)
[+00:31:40.659] VoxelMesh: Chunk X=5 Y=-26 Z=3 FlatVerts=0 SlopeVerts=0
[+00:31:40.663] VoxelMesh: Chunk X=0 Y=0 Z=0 FlatVerts=0 SlopeVerts=168
[+00:31:40.664] VoxelChunk: GenerateAsync (5,-26,2)
[+00:31:40.664] VoxelMesh: Chunk X=5 Y=-26 Z=2 FlatVerts=0 SlopeVerts=486
[+00:31:40.665] VoxelChunk: GenerateAsync (5,-25,-1)
[+00:31:40.671] VoxelChunk: GenerateAsync (5,-25,3)
[+00:31:40.672] VoxelMesh: Chunk X=5 Y=-25 Z=3 FlatVerts=588 SlopeVerts=1536
[+00:31:40.676] VoxelMesh: Chunk X=0 Y=0 Z=0 FlatVerts=0 SlopeVerts=738
[+00:31:40.677] VoxelChunk: GenerateAsync (5,-25,2)
[+00:31:40.677] VoxelMesh: Chunk X=5 Y=-25 Z=2 FlatVerts=192 SlopeVerts=2580
[+00:31:40.680] VoxelMesh: Chunk X=0 Y=0 Z=0 FlatVerts=186 SlopeVerts=0
[+00:31:40.680] VoxelChunk: GenerateAsync (5,-24,-1)
[+00:31:40.684] VoxelChunk: GenerateAsync (5,-24,3)
[+00:31:40.686] VoxelMesh: Chunk X=5 Y=-24 Z=3 FlatVerts=0 SlopeVerts=96
[+00:31:40.689] VoxelMesh: Chunk X=0 Y=0 Z=0 FlatVerts=0 SlopeVerts=606
[+00:31:40.690] VoxelChunk: GenerateAsync (5,-24,2)
[+00:31:40.691] VoxelMesh: Chunk X=5 Y=-24 Z=2 FlatVerts=156 SlopeVerts=2436
[+00:31:40.693] VoxelChunk: GenerateAsync (6,-26,-1)
[+00:31:40.699] VoxelMesh: Chunk X=0 Y=0 Z=0 FlatVerts=24 SlopeVerts=4302
[+00:31:40.699] VoxelChunk: GenerateAsync (6,-26,3)
[+00:31:40.701] VoxelMesh: Chunk X=6 Y=-26 Z=3 FlatVerts=0 SlopeVerts=1008
[+00:31:40.705] VoxelMesh: Chunk X=0 Y=0 Z=0 FlatVerts=450 SlopeVerts=13206
[+00:31:40.706] VoxelChunk: GenerateAsync (6,-26,2)
[+00:31:40.708] VoxelMesh: Chunk X=6 Y=-26 Z=2 FlatVerts=0 SlopeVerts=2298
[+00:31:40.711] VoxelChunk: GenerateAsync (6,-25,-1)
[+00:31:40.716] VoxelMesh: Chunk X=0 Y=0 Z=0 FlatVerts=24 SlopeVerts=6246
[+00:31:40.717] VoxelChunk: GenerateAsync (6,-25,3)
[+00:31:40.717] VoxelMesh: Chunk X=6 Y=-25 Z=3 FlatVerts=288 SlopeVerts=2604
[+00:31:40.723] VoxelMesh: Chunk X=0 Y=0 Z=0 FlatVerts=342 SlopeVerts=15906
[+00:31:40.724] VoxelChunk: GenerateAsync (6,-25,2)
[+00:31:40.725] VoxelMesh: Chunk X=6 Y=-25 Z=2 FlatVerts=0 SlopeVerts=30
[+00:31:40.728] VoxelMesh: Chunk X=0 Y=0 Z=0 FlatVerts=12 SlopeVerts=0
[+00:31:40.728] VoxelChunk: GenerateAsync (6,-24,-1)
[+00:31:40.733] VoxelMesh: Chunk X=0 Y=0 Z=0 FlatVerts=0 SlopeVerts=2628
[+00:31:40.734] VoxelChunk: GenerateAsync (6,-24,3)
[+00:31:40.736] VoxelMesh: Chunk X=6 Y=-24 Z=3 FlatVerts=0 SlopeVerts=2352
[+00:31:40.739] VoxelMesh: Chunk X=0 Y=0 Z=0 FlatVerts=258 SlopeVerts=8424
[+00:31:40.741] VoxelChunk: GenerateAsync (6,-24,2)
[+00:31:40.741] VoxelMesh: Chunk X=6 Y=-24 Z=2 FlatVerts=0 SlopeVerts=2748
[+00:31:40.780] VoxelMesh: Chunk X=0 Y=0 Z=0 FlatVerts=60 SlopeVerts=936
[+00:31:40.781] VoxelChunk: GenerateAsync (-2,2,1)
[+00:31:40.781] VoxelMesh: Chunk X=-2 Y=2 Z=1 FlatVerts=888 SlopeVerts=2376
[+00:31:40.787] VoxelMesh: Chunk X=0 Y=0 Z=0 FlatVerts=204 SlopeVerts=30936
[+00:31:40.789] VoxelChunk: GenerateAsync (2,-1,2)
[+00:31:40.796] VoxelChunk: GenerateAsync (-1,1,2)
[+00:31:40.804] VoxelMesh: Chunk X=0 Y=0 Z=0 FlatVerts=0 SlopeVerts=25512
[+00:31:40.805] VoxelChunk: GenerateAsync (1,-1,2)
[+00:31:40.807] VoxelMesh: Chunk X=1 Y=-1 Z=2 FlatVerts=210 SlopeVerts=2268
[+00:31:40.812] VoxelWater: Chunk X=1 Y=0 Z=0 emitted 104 procedural water vertices (Ocean/Pools)
[+00:31:40.812] VoxelWater: Chunk X=-1 Y=-1 Z=0 emitted 72 procedural water vertices (Ocean/Pools)
[+00:31:40.812] VoxelWater: Chunk X=-1 Y=-1 Z=1 emitted 76 procedural water vertices (Ocean/Pools)
[+00:31:40.812] VoxelWater: Chunk X=1 Y=1 Z=0 emitted 48 procedural water vertices (Ocean/Pools)
[+00:31:40.812] VoxelWater: Chunk X=-1 Y=0 Z=0 emitted 68 procedural water vertices (Ocean/Pools)
[+00:31:40.812] VoxelWater: Chunk X=0 Y=1 Z=0 emitted 24 procedural water vertices (Ocean/Pools)
[+00:31:40.813] VoxelWater: Chunk X=1 Y=-1 Z=0 emitted 16 procedural water vertices (Ocean/Pools)
[+00:31:40.813] VoxelWater: Chunk X=1 Y=0 Z=1 emitted 68 procedural water vertices (Ocean/Pools)
[+00:31:40.813] VoxelWater: Chunk X=0 Y=0 Z=1 emitted 8 procedural water vertices (Ocean/Pools)
[+00:31:40.813] VoxelWater: Chunk X=1 Y=-1 Z=1 emitted 40 procedural water vertices (Ocean/Pools)
[+00:31:40.813] VoxelWater: Chunk X=-1 Y=1 Z=0 emitted 52 procedural water vertices (Ocean/Pools)
[+00:31:40.813] VoxelWater: Chunk X=0 Y=-1 Z=0 emitted 12 procedural water vertices (Ocean/Pools)
[+00:31:40.813] VoxelWater: Chunk X=0 Y=-1 Z=1 emitted 44 procedural water vertices (Ocean/Pools)
[+00:31:40.813] VoxelWater: Chunk X=0 Y=-2 Z=2 emitted 16 procedural water vertices (Ocean/Pools)
[+00:31:40.813] VoxelWater: Chunk X=-1 Y=-2 Z=2 emitted 24 procedural water vertices (Ocean/Pools)
[+00:31:40.813] VoxelWater: Chunk X=-2 Y=-2 Z=2 emitted 20 procedural water vertices (Ocean/Pools)
[+00:31:40.813] VoxelWater: Chunk X=2 Y=2 Z=1 emitted 40 procedural water vertices (Ocean/Pools)
[+00:31:40.813] VoxelWater: Chunk X=-2 Y=0 Z=1 emitted 28 procedural water vertices (Ocean/Pools)
[+00:31:40.813] VoxelWater: Chunk X=2 Y=-1 Z=1 emitted 20 procedural water vertices (Ocean/Pools)
[+00:31:40.813] VoxelWater: Chunk X=-2 Y=-1 Z=1 emitted 28 procedural water vertices (Ocean/Pools)
[+00:31:40.813] VoxelWater: Chunk X=2 Y=-2 Z=1 emitted 40 procedural water vertices (Ocean/Pools)
[+00:31:40.813] VoxelWater: Chunk X=1 Y=2 Z=1 emitted 36 procedural water vertices (Ocean/Pools)
[+00:31:40.813] VoxelWater: Chunk X=0 Y=2 Z=1 emitted 20 procedural water vertices (Ocean/Pools)
[+00:31:40.813] VoxelWater: Chunk X=-1 Y=2 Z=1 emitted 8 procedural water vertices (Ocean/Pools)
[+00:31:40.813] VoxelWater: Chunk X=4 Y=-25 Z=3 emitted 60 procedural water vertices (Ocean/Pools)
[+00:31:40.813] VoxelWater: Chunk X=4 Y=-25 Z=2 emitted 44 procedural water vertices (Ocean/Pools)
[+00:31:40.813] VoxelWater: Chunk X=5 Y=-25 Z=3 emitted 84 procedural water vertices (Ocean/Pools)
[+00:31:40.813] VoxelWater: Chunk X=4 Y=-26 Z=2 emitted 8 procedural water vertices (Ocean/Pools)
[+00:31:40.813] VoxelWater: Chunk X=4 Y=-24 Z=3 emitted 20 procedural water vertices (Ocean/Pools)
[+00:31:40.813] VoxelWater: Chunk X=4 Y=-24 Z=2 emitted 36 procedural water vertices (Ocean/Pools)
[+00:31:40.813] VoxelWater: Chunk X=5 Y=-24 Z=3 emitted 16 procedural water vertices (Ocean/Pools)
[+00:31:40.813] VoxelWater: Chunk X=5 Y=-24 Z=2 emitted 8 procedural water vertices (Ocean/Pools)
[+00:31:40.813] VoxelWater: Chunk X=6 Y=-26 Z=3 emitted 12 procedural water vertices (Ocean/Pools)
[+00:31:40.813] VoxelWater: Chunk X=6 Y=-26 Z=2 emitted 24 procedural water vertices (Ocean/Pools)
[+00:31:40.813] VoxelWater: Chunk X=6 Y=-25 Z=3 emitted 48 procedural water vertices (Ocean/Pools)
[+00:31:40.813] VoxelWater: Chunk X=6 Y=-24 Z=3 emitted 52 procedural water vertices (Ocean/Pools)
[+00:31:40.813] VoxelWater: Chunk X=6 Y=-24 Z=2 emitted 40 procedural water vertices (Ocean/Pools)
[+00:31:40.827] VoxelChunk: GenerateAsync (4,-26,3)
[+00:31:40.827] VoxelChunk: GenerateAsync (4,-25,3)
[+00:31:40.827] VoxelChunk: GenerateAsync (4,-24,3)
[+00:31:40.827] VoxelChunk: GenerateAsync (5,-26,3)
[+00:31:40.827] VoxelChunk: GenerateAsync (5,-25,3)
[+00:31:40.827] VoxelChunk: GenerateAsync (5,-24,3)
[+00:31:40.827] VoxelChunk: GenerateAsync (6,-26,3)
[+00:31:40.827] VoxelChunk: GenerateAsync (6,-25,3)
[+00:31:40.827] VoxelChunk: GenerateAsync (6,-24,3)
[+00:31:40.827] VoxelMesh: Chunk X=4 Y=-26 Z=3 FlatVerts=0 SlopeVerts=0
[+00:31:40.827] VoxelMesh: Chunk X=4 Y=-25 Z=3 FlatVerts=6 SlopeVerts=870
[+00:31:40.827] VoxelMesh: Chunk X=6 Y=-25 Z=3 FlatVerts=66 SlopeVerts=684
[+00:31:40.829] VoxelMesh: Chunk X=5 Y=-25 Z=3 FlatVerts=138 SlopeVerts=396
[+00:31:40.829] VoxelMesh: Chunk X=5 Y=-26 Z=3 FlatVerts=0 SlopeVerts=0
[+00:31:40.829] VoxelMesh: Chunk X=6 Y=-26 Z=3 FlatVerts=0 SlopeVerts=216
[+00:31:40.829] VoxelMesh: Chunk X=4 Y=-24 Z=3 FlatVerts=126 SlopeVerts=516
[+00:31:40.829] VoxelMesh: Chunk X=6 Y=-24 Z=3 FlatVerts=0 SlopeVerts=618
[+00:31:40.829] VoxelMesh: Chunk X=5 Y=-24 Z=3 FlatVerts=0 SlopeVerts=24
[+00:31:40.829] VoxelMesh: Chunk X=1 Y=-1 Z=2 FlatVerts=174 SlopeVerts=3042
[+00:31:40.830] VoxelChunk: GenerateAsync (0,-1,2)
[+00:31:40.831] VoxelMesh: Chunk X=0 Y=-1 Z=2 FlatVerts=174 SlopeVerts=3042
[+00:31:40.831] VoxelChunk: GenerateAsync (-2,1,2)
[+00:31:40.833] VoxelChunk: GenerateAsync (2,1,2)
[+00:31:40.833] VoxelChunk: GenerateAsync (-1,2,2)
[+00:31:40.845] VoxelChunk: GenerateAsync (2,2,2)
[+00:31:40.846] VoxelChunk: GenerateAsync (0,2,2)
[+00:31:40.848] VoxelChunk: GenerateAsync (1,2,2)
[+00:31:40.849] VoxelMesh: Chunk X=1 Y=2 Z=1 FlatVerts=918 SlopeVerts=2712
[+00:31:40.849] VoxelChunk: GenerateAsync (2,1,1)
[+00:31:40.850] VoxelMesh: Chunk X=2 Y=1 Z=1 FlatVerts=918 SlopeVerts=2712
[+00:31:40.858] VoxelChunk: GenerateAsync (-2,1,-2)
[+00:31:40.859] VoxelChunk: GenerateAsync (2,-2,-1)
[+00:31:40.859] VoxelMesh: Chunk X=-2 Y=-1 Z=1 FlatVerts=0 SlopeVerts=0
[+00:31:40.859] VoxelChunk: GenerateAsync (2,2,0)
[+00:31:40.860] VoxelMesh: Chunk X=2 Y=2 Z=0 FlatVerts=0 SlopeVerts=0
[+00:31:40.860] VoxelMesh: Chunk X=-2 Y=2 Z=2 FlatVerts=816 SlopeVerts=1236
[+00:31:40.860] VoxelChunk: GenerateAsync (1,2,0)
[+00:31:40.862] VoxelMesh: Chunk X=1 Y=2 Z=0 FlatVerts=816 SlopeVerts=1236
[+00:31:40.869] VoxelChunk: GenerateAsync (2,2,-2)
[+00:31:40.871] VoxelChunk: GenerateAsync (-2,0,-2)
[+00:31:40.871] VoxelMesh: Chunk X=2 Y=-1 Z=1 FlatVerts=1458 SlopeVerts=816
[+00:31:40.872] VoxelChunk: GenerateAsync (-2,-1,0)
[+00:31:40.873] VoxelMesh: Chunk X=-2 Y=-1 Z=0 FlatVerts=1458 SlopeVerts=816
[+00:31:40.873] VoxelChunk: GenerateAsync (-2,-2,-1)
[+00:31:40.882] VoxelChunk: GenerateAsync (-1,0,-2)
[+00:31:40.883] VoxelChunk: GenerateAsync (-2,2,-2)
[+00:31:40.884] VoxelMesh: Chunk X=0 Y=0 Z=2 FlatVerts=0 SlopeVerts=24
[+00:31:40.884] VoxelChunk: GenerateAsync (0,-2,1)
[+00:31:40.886] VoxelMesh: Chunk X=0 Y=-2 Z=1 FlatVerts=0 SlopeVerts=24
[+00:31:40.886] VoxelChunk: GenerateAsync (0,-1,-2)
[+00:31:40.894] VoxelChunk: GenerateAsync (-1,-2,-1)
[+00:31:40.895] VoxelChunk: GenerateAsync (-2,2,-1)
[+00:31:40.895] VoxelChunk: GenerateAsync (-2,1,-1)
[+00:31:40.896] VoxelChunk: GenerateAsync (1,2,-1)
[+00:31:40.903] VoxelChunk: GenerateAsync (-1,2,-2)
[+00:31:40.904] VoxelMesh: Chunk X=1 Y=-2 Z=2 FlatVerts=1668 SlopeVerts=666
[+00:31:40.905] VoxelChunk: GenerateAsync (2,-1,0)
[+00:31:40.905] VoxelMesh: Chunk X=2 Y=-2 Z=2 FlatVerts=1644 SlopeVerts=666
[+00:31:40.906] VoxelMesh: Chunk X=2 Y=-1 Z=0 FlatVerts=1668 SlopeVerts=666
[+00:31:40.906] VoxelChunk: GenerateAsync (2,0,0)
[+00:31:40.907] VoxelMesh: Chunk X=2 Y=0 Z=0 FlatVerts=1644 SlopeVerts=666
[+00:31:40.907] VoxelChunk: GenerateAsync (1,2,-2)
[+00:31:40.917] VoxelChunk: GenerateAsync (2,-2,-2)
[+00:31:40.918] VoxelChunk: GenerateAsync (-2,-1,-2)
[+00:31:40.920] VoxelChunk: GenerateAsync (0,-2,-1)
[+00:31:40.920] VoxelChunk: GenerateAsync (-2,-1,-1)
[+00:31:40.930] VoxelChunk: GenerateAsync (2,-1,-2)
[+00:31:40.931] VoxelMesh: Chunk X=0 Y=1 Z=1 FlatVerts=2412 SlopeVerts=168
[+00:31:40.931] VoxelChunk: GenerateAsync (-2,1,0)
[+00:31:40.932] VoxelMesh: Chunk X=-2 Y=1 Z=0 FlatVerts=2412 SlopeVerts=168
[+00:31:40.932] VoxelChunk: GenerateAsync (2,1,-2)
[+00:31:40.933] VoxelMesh: Chunk X=1 Y=1 Z=-1 FlatVerts=48 SlopeVerts=1116
[+00:31:40.934] VoxelChunk: GenerateAsync (1,-2,0)
[+00:31:40.935] VoxelMesh: Chunk X=1 Y=-2 Z=0 FlatVerts=48 SlopeVerts=1116
[+00:31:40.942] VoxelChunk: GenerateAsync (2,2,-1)
[+00:31:40.943] VoxelChunk: GenerateAsync (0,1,-2)
[+00:31:40.944] VoxelMesh: Chunk X=-1 Y=1 Z=-1 FlatVerts=48 SlopeVerts=264
[+00:31:40.945] VoxelChunk: GenerateAsync (-2,-2,0)
[+00:31:40.945] VoxelMesh: Chunk X=-2 Y=-2 Z=0 FlatVerts=48 SlopeVerts=264
[+00:31:40.945] VoxelMesh: Chunk X=0 Y=-1 Z=0 FlatVerts=558 SlopeVerts=990
[+00:31:40.945] VoxelChunk: GenerateAsync (2,-2,0)
[+00:31:40.945] VoxelMesh: Chunk X=2 Y=-2 Z=0 FlatVerts=558 SlopeVerts=990
[+00:31:40.951] VoxelMesh: Chunk X=-1 Y=1 Z=0 FlatVerts=786 SlopeVerts=1758
[+00:31:40.952] VoxelChunk: GenerateAsync (-2,0,0)
[+00:31:40.953] VoxelMesh: Chunk X=-2 Y=0 Z=0 FlatVerts=786 SlopeVerts=1758
[+00:31:40.953] VoxelChunk: GenerateAsync (-2,-2,-2)
[+00:31:40.954] VoxelMesh: Chunk X=1 Y=0 Z=1 FlatVerts=846 SlopeVerts=1182
[+00:31:40.955] VoxelChunk: GenerateAsync (2,1,0)
[+00:31:40.955] VoxelMesh: Chunk X=0 Y=0 Z=-1 FlatVerts=840 SlopeVerts=1050
[+00:31:40.956] VoxelMesh: Chunk X=2 Y=1 Z=0 FlatVerts=846 SlopeVerts=1182
[+00:31:40.956] VoxelChunk: GenerateAsync (-2,2,0)
[+00:31:40.956] VoxelMesh: Chunk X=-2 Y=2 Z=0 FlatVerts=840 SlopeVerts=1050
[+00:31:40.964] VoxelChunk: GenerateAsync (0,2,-2)
[+00:31:40.965] VoxelMesh: Chunk X=0 Y=1 Z=-1 FlatVerts=1674 SlopeVerts=876
[+00:31:40.966] VoxelChunk: GenerateAsync (0,2,0)
[+00:31:40.966] VoxelMesh: Chunk X=0 Y=2 Z=0 FlatVerts=1674 SlopeVerts=876
[+00:31:40.967] VoxelMesh: Chunk X=0 Y=1 Z=0 FlatVerts=546 SlopeVerts=4548
[+00:31:40.967] VoxelChunk: GenerateAsync (-2,-2,1)
[+00:31:40.968] VoxelChunk: GenerateAsync (2,-1,-1)
[+00:31:40.969] VoxelMesh: Chunk X=-2 Y=-2 Z=1 FlatVerts=546 SlopeVerts=4548
[+00:31:40.977] VoxelChunk: GenerateAsync (0,-2,-2)
[+00:31:40.979] VoxelChunk: GenerateAsync (1,-2,-2)
[+00:31:40.980] VoxelChunk: GenerateAsync (1,-2,-1)
[+00:31:40.981] VoxelChunk: GenerateAsync (-1,-1,-2)
[+00:31:40.988] VoxelWater: Chunk X=-2 Y=-2 Z=1 emitted 112 procedural water vertices (Ocean/Pools)
[+00:31:40.988] VoxelWater: Chunk X=-2 Y=-2 Z=0 emitted 20 procedural water vertices (Ocean/Pools)
[+00:31:40.988] VoxelWater: Chunk X=0 Y=2 Z=0 emitted 20 procedural water vertices (Ocean/Pools)
[+00:31:40.988] VoxelWater: Chunk X=1 Y=2 Z=0 emitted 8 procedural water vertices (Ocean/Pools)
[+00:31:40.988] VoxelWater: Chunk X=-2 Y=2 Z=0 emitted 8 procedural water vertices (Ocean/Pools)
[+00:31:40.988] VoxelWater: Chunk X=-2 Y=0 Z=0 emitted 64 procedural water vertices (Ocean/Pools)
[+00:31:40.988] VoxelWater: Chunk X=-2 Y=-1 Z=0 emitted 20 procedural water vertices (Ocean/Pools)
[+00:31:40.988] VoxelWater: Chunk X=1 Y=-2 Z=0 emitted 4 procedural water vertices (Ocean/Pools)
[+00:31:40.988] VoxelWater: Chunk X=2 Y=-2 Z=0 emitted 16 procedural water vertices (Ocean/Pools)
[+00:31:40.988] VoxelWater: Chunk X=-2 Y=1 Z=0 emitted 28 procedural water vertices (Ocean/Pools)
[+00:31:40.988] VoxelWater: Chunk X=2 Y=0 Z=0 emitted 12 procedural water vertices (Ocean/Pools)
[+00:31:40.988] VoxelWater: Chunk X=2 Y=-1 Z=0 emitted 12 procedural water vertices (Ocean/Pools)
[+00:31:40.988] VoxelWater: Chunk X=2 Y=1 Z=1 emitted 24 procedural water vertices (Ocean/Pools)
[+00:31:40.988] VoxelWater: Chunk X=4 Y=-26 Z=2 emitted 8 procedural water vertices (Ocean/Pools)
[+00:31:40.989] VoxelWater: Chunk X=4 Y=-25 Z=3 emitted 56 procedural water vertices (Ocean/Pools)
[+00:31:40.989] VoxelWater: Chunk X=4 Y=-25 Z=2 emitted 60 procedural water vertices (Ocean/Pools)
[+00:31:40.989] VoxelWater: Chunk X=5 Y=-25 Z=2 emitted 8 procedural water vertices (Ocean/Pools)
[+00:31:40.989] VoxelWater: Chunk X=4 Y=-24 Z=3 emitted 36 procedural water vertices (Ocean/Pools)
[+00:31:40.989] VoxelWater: Chunk X=4 Y=-24 Z=2 emitted 40 procedural water vertices (Ocean/Pools)
[+00:31:40.989] VoxelWater: Chunk X=5 Y=-24 Z=2 emitted 24 procedural water vertices (Ocean/Pools)
[+00:31:40.989] VoxelWater: Chunk X=5 Y=-25 Z=3 emitted 116 procedural water vertices (Ocean/Pools)
[+00:31:40.989] VoxelWater: Chunk X=5 Y=-24 Z=3 emitted 20 procedural water vertices (Ocean/Pools)
[+00:31:40.989] VoxelWater: Chunk X=6 Y=-24 Z=3 emitted 76 procedural water vertices (Ocean/Pools)
[+00:31:40.989] VoxelWater: Chunk X=6 Y=-26 Z=3 emitted 16 procedural water vertices (Ocean/Pools)
[+00:31:40.989] VoxelWater: Chunk X=6 Y=-25 Z=3 emitted 96 procedural water vertices (Ocean/Pools)
[+00:31:40.989] VoxelWater: Chunk X=6 Y=-26 Z=2 emitted 24 procedural water vertices (Ocean/Pools)
[+00:31:40.989] VoxelWater: Chunk X=6 Y=-24 Z=2 emitted 48 procedural water vertices (Ocean/Pools)
[+00:31:40.989] VoxelWater: Chunk X=0 Y=-1 Z=2 emitted 44 procedural water vertices (Ocean/Pools)
[+00:31:40.996] VoxelChunk: GenerateAsync (1,0,-2)
[+00:31:40.998] VoxelChunk: GenerateAsync (1,-1,-2)
[+00:31:40.998] VoxelChunk: GenerateAsync (-2,0,-1)
[+00:31:41.000] VoxelChunk: GenerateAsync (0,2,-1)
[+00:31:41.006] VoxelChunk: GenerateAsync (-1,1,-2)
[+00:31:41.011] VoxelMesh: Chunk X=0 Y=0 Z=0 FlatVerts=420 SlopeVerts=1302
[+00:31:41.011] VoxelChunk: GenerateAsync (2,0,-1)
[+00:31:41.015] VoxelChunk: GenerateAsync (0,0,-2)
[+00:31:41.019] VoxelMesh: Chunk X=0 Y=0 Z=0 FlatVerts=3486 SlopeVerts=2028
[+00:31:41.019] VoxelChunk: GenerateAsync (2,1,-1)
[+00:31:41.032] VoxelChunk: GenerateAsync (2,0,-2)
[+00:31:41.035] VoxelMesh: Chunk X=0 Y=0 Z=0 FlatVerts=10242 SlopeVerts=0
[+00:31:41.036] VoxelChunk: GenerateAsync (-1,2,-1)
[+00:31:41.043] VoxelMesh: Chunk X=0 Y=0 Z=0 FlatVerts=1302 SlopeVerts=20784
[+00:31:41.044] VoxelChunk: GenerateAsync (-1,-2,1)
[+00:31:41.046] VoxelMesh: Chunk X=-1 Y=-2 Z=1 FlatVerts=342 SlopeVerts=3888
[+00:31:41.049] VoxelChunk: GenerateAsync (-1,-2,-2)
[+00:31:41.072] VoxelMesh: Chunk X=0 Y=0 Z=0 FlatVerts=10242 SlopeVerts=0
[+00:31:41.073] VoxelChunk: GenerateAsync (-1,2,0)
[+00:31:41.076] VoxelMesh: Chunk X=-1 Y=2 Z=0 FlatVerts=1680 SlopeVerts=780
[+00:31:41.077] VoxelChunk: GenerateAsync (1,1,-2)
[+00:31:41.082] VoxelMesh: Chunk X=0 Y=0 Z=0 FlatVerts=2334 SlopeVerts=10620
[+00:31:41.083] VoxelChunk: GenerateAsync (-1,-2,0)
[+00:31:41.084] VoxelMesh: Chunk X=-1 Y=-2 Z=0 FlatVerts=198 SlopeVerts=306
[+00:31:41.088] VoxelMesh: Chunk X=0 Y=0 Z=0 FlatVerts=510 SlopeVerts=6546
[+00:31:41.088] VoxelChunk: GenerateAsync (0,-2,0)
[+00:31:41.102] VoxelChunk: GenerateAsync (-2,-3,-2)
[+00:31:41.109] VoxelChunk: GenerateAsync (-1,-3,-2)
[+00:31:41.115] VoxelChunk: GenerateAsync (3,1,-3)
[+00:31:41.120] VoxelMesh: Chunk X=0 Y=0 Z=0 FlatVerts=5904 SlopeVerts=10278
[+00:31:41.121] VoxelChunk: GenerateAsync (-3,-2,0)
[+00:31:41.122] VoxelMesh: Chunk X=-3 Y=-2 Z=0 FlatVerts=0 SlopeVerts=0
[+00:31:41.137] VoxelChunk: GenerateAsync (0,-3,-2)
[+00:31:41.143] VoxelMesh: Chunk X=0 Y=0 Z=0 FlatVerts=8664 SlopeVerts=2394
[+00:31:41.145] VoxelChunk: GenerateAsync (-3,-1,0)
[+00:31:41.146] VoxelMesh: Chunk X=-3 Y=-1 Z=0 FlatVerts=438 SlopeVerts=294
[+00:31:41.149] VoxelMesh: Chunk X=0 Y=0 Z=0 FlatVerts=4008 SlopeVerts=16230
[+00:31:41.152] VoxelChunk: GenerateAsync (-3,-3,0)
[+00:31:41.157] VoxelChunk: GenerateAsync (3,1,-2)
[+00:31:41.171] VoxelChunk: GenerateAsync (-3,2,-2)
[+00:31:41.175] VoxelMesh: Chunk X=0 Y=0 Z=0 FlatVerts=0 SlopeVerts=672
[+00:31:41.175] VoxelChunk: GenerateAsync (3,-3,0)
[+00:31:41.182] VoxelChunk: GenerateAsync (1,-3,-2)
[+00:31:41.188] VoxelChunk: GenerateAsync (-3,2,-3)
[+00:31:41.202] VoxelChunk: GenerateAsync (2,0,-3)
[+00:31:41.208] VoxelChunk: GenerateAsync (3,2,-2)
[+00:31:41.212] VoxelChunk: GenerateAsync (-3,3,-2)
[+00:31:41.219] VoxelChunk: GenerateAsync (2,-3,-2)
[+00:31:41.229] VoxelWater: Chunk X=-2 Y=-2 Z=1 emitted 132 procedural water vertices (Ocean/Pools)
[+00:31:41.229] VoxelWater: Chunk X=-2 Y=-2 Z=0 emitted 20 procedural water vertices (Ocean/Pools)
[+00:31:41.229] VoxelWater: Chunk X=0 Y=2 Z=0 emitted 28 procedural water vertices (Ocean/Pools)
[+00:31:41.229] VoxelWater: Chunk X=1 Y=2 Z=0 emitted 12 procedural water vertices (Ocean/Pools)
[+00:31:41.229] VoxelWater: Chunk X=-1 Y=2 Z=0 emitted 20 procedural water vertices (Ocean/Pools)
[+00:31:41.229] VoxelWater: Chunk X=-2 Y=2 Z=0 emitted 12 procedural water vertices (Ocean/Pools)
[+00:31:41.229] VoxelWater: Chunk X=-2 Y=0 Z=0 emitted 88 procedural water vertices (Ocean/Pools)
[+00:31:41.229] VoxelWater: Chunk X=-2 Y=-1 Z=0 emitted 32 procedural water vertices (Ocean/Pools)
[+00:31:41.229] VoxelWater: Chunk X=1 Y=-2 Z=0 emitted 4 procedural water vertices (Ocean/Pools)
[+00:31:41.229] VoxelWater: Chunk X=2 Y=-2 Z=0 emitted 24 procedural water vertices (Ocean/Pools)
[+00:31:41.229] VoxelWater: Chunk X=-2 Y=1 Z=0 emitted 36 procedural water vertices (Ocean/Pools)
[+00:31:41.229] VoxelWater: Chunk X=2 Y=0 Z=0 emitted 20 procedural water vertices (Ocean/Pools)
[+00:31:41.229] VoxelWater: Chunk X=2 Y=-1 Z=0 emitted 16 procedural water vertices (Ocean/Pools)
[+00:31:41.230] VoxelWater: Chunk X=2 Y=1 Z=1 emitted 28 procedural water vertices (Ocean/Pools)
[+00:31:41.230] VoxelWater: Chunk X=4 Y=-26 Z=2 emitted 12 procedural water vertices (Ocean/Pools)
[+00:31:41.230] VoxelWater: Chunk X=4 Y=-25 Z=3 emitted 52 procedural water vertices (Ocean/Pools)
[+00:31:41.230] VoxelWater: Chunk X=4 Y=-25 Z=2 emitted 64 procedural water vertices (Ocean/Pools)
[+00:31:41.230] VoxelWater: Chunk X=5 Y=-25 Z=3 emitted 132 procedural water vertices (Ocean/Pools)
[+00:31:41.230] VoxelWater: Chunk X=5 Y=-25 Z=2 emitted 16 procedural water vertices (Ocean/Pools)
[+00:31:41.230] VoxelWater: Chunk X=4 Y=-24 Z=3 emitted 40 procedural water vertices (Ocean/Pools)
[+00:31:41.230] VoxelWater: Chunk X=4 Y=-24 Z=2 emitted 56 procedural water vertices (Ocean/Pools)
[+00:31:41.230] VoxelWater: Chunk X=5 Y=-24 Z=2 emitted 40 procedural water vertices (Ocean/Pools)
[+00:31:41.230] VoxelWater: Chunk X=5 Y=-24 Z=3 emitted 24 procedural water vertices (Ocean/Pools)
[+00:31:41.230] VoxelWater: Chunk X=6 Y=-24 Z=3 emitted 84 procedural water vertices (Ocean/Pools)
[+00:31:41.230] VoxelWater: Chunk X=6 Y=-26 Z=3 emitted 16 procedural water vertices (Ocean/Pools)
[+00:31:41.230] VoxelWater: Chunk X=6 Y=-25 Z=3 emitted 96 procedural water vertices (Ocean/Pools)
[+00:31:41.230] VoxelWater: Chunk X=6 Y=-26 Z=2 emitted 32 procedural water vertices (Ocean/Pools)
[+00:31:41.230] VoxelWater: Chunk X=6 Y=-24 Z=2 emitted 52 procedural water vertices (Ocean/Pools)
[+00:31:41.230] VoxelWater: Chunk X=0 Y=-1 Z=2 emitted 52 procedural water vertices (Ocean/Pools)
[+00:31:41.230] VoxelWater: Chunk X=-1 Y=-2 Z=1 emitted 76 procedural water vertices (Ocean/Pools)
[+00:31:41.230] VoxelWater: Chunk X=-1 Y=-2 Z=0 emitted 4 procedural water vertices (Ocean/Pools)
[+00:31:41.243] VoxelChunk: GenerateAsync (-2,3,-2)
[+00:31:41.246] VoxelChunk: GenerateAsync (-1,3,-2)
[+00:31:41.252] VoxelChunk: GenerateAsync (3,-3,-2)
[+00:31:41.259] VoxelChunk: GenerateAsync (-2,2,-3)
[+00:31:41.270] VoxelChunk: GenerateAsync (0,3,-2)
[+00:31:41.275] VoxelChunk: GenerateAsync (1,3,-2)
[+00:31:41.279] VoxelChunk: GenerateAsync (-3,-2,-2)
[+00:31:41.286] VoxelChunk: GenerateAsync (2,3,-2)
[+00:31:41.300] VoxelChunk: GenerateAsync (-2,-3,-3)
[+00:31:41.305] VoxelChunk: GenerateAsync (3,3,-2)
[+00:31:41.312] VoxelChunk: GenerateAsync (-1,2,-3)
[+00:31:41.318] VoxelChunk: GenerateAsync (3,0,-3)
[+00:31:41.331] VoxelChunk: GenerateAsync (6,-24,2)
[+00:31:41.332] VoxelMesh: Chunk X=6 Y=-24 Z=2 FlatVerts=0 SlopeVerts=696
[+00:31:41.333] VoxelChunk: GenerateAsync (-2,0,-3)
[+00:31:41.335] VoxelChunk: GenerateAsync (-3,-3,-1)
[+00:31:41.336] VoxelMesh: Chunk X=3 Y=3 Z=-2 FlatVerts=0 SlopeVerts=42
[+00:31:41.336] VoxelChunk: GenerateAsync (-3,2,0)
[+00:31:41.337] VoxelMesh: Chunk X=-3 Y=2 Z=0 FlatVerts=0 SlopeVerts=42
[+00:31:41.337] VoxelChunk: GenerateAsync (-2,-3,-1)
[+00:31:41.347] VoxelChunk: GenerateAsync (-1,-3,-1)
[+00:31:41.349] VoxelChunk: GenerateAsync (0,2,-3)
[+00:31:41.350] VoxelChunk: GenerateAsync (2,-1,-3)
[+00:31:41.351] VoxelChunk: GenerateAsync (2,-3,-1)
[+00:31:41.360] VoxelChunk: GenerateAsync (3,-3,-1)
[+00:31:41.361] VoxelChunk: GenerateAsync (-3,-2,-1)
[+00:31:41.363] VoxelChunk: GenerateAsync (1,2,-3)
[+00:31:41.364] VoxelChunk: GenerateAsync (-3,1,-3)
[+00:31:41.372] VoxelChunk: GenerateAsync (3,-2,-2)
[+00:31:41.373] VoxelChunk: GenerateAsync (-3,-1,-2)
[+00:31:41.375] VoxelChunk: GenerateAsync (2,2,-3)
[+00:31:41.377] VoxelChunk: GenerateAsync (3,-2,-1)
[+00:31:41.384] VoxelChunk: GenerateAsync (-3,-1,-1)
[+00:31:41.386] VoxelChunk: GenerateAsync (3,2,-3)
[+00:31:41.387] VoxelChunk: GenerateAsync (-2,1,-3)
[+00:31:41.389] VoxelChunk: GenerateAsync (-1,0,-3)
[+00:31:41.398] VoxelChunk: GenerateAsync (3,-1,-3)
[+00:31:41.400] VoxelChunk: GenerateAsync (-2,-1,-3)
[+00:31:41.401] VoxelChunk: GenerateAsync (-3,-1,-3)
[+00:31:41.403] VoxelChunk: GenerateAsync (3,-2,-3)
[+00:31:41.408] VoxelWater: Chunk X=4 Y=-26 Z=2 emitted 20 procedural water vertices (Ocean/Pools)
[+00:31:41.408] VoxelWater: Chunk X=4 Y=-25 Z=3 emitted 56 procedural water vertices (Ocean/Pools)
[+00:31:41.408] VoxelWater: Chunk X=4 Y=-25 Z=2 emitted 76 procedural water vertices (Ocean/Pools)
[+00:31:41.408] VoxelWater: Chunk X=5 Y=-25 Z=3 emitted 160 procedural water vertices (Ocean/Pools)
[+00:31:41.408] VoxelWater: Chunk X=5 Y=-25 Z=2 emitted 20 procedural water vertices (Ocean/Pools)
[+00:31:41.408] VoxelWater: Chunk X=4 Y=-24 Z=3 emitted 48 procedural water vertices (Ocean/Pools)
[+00:31:41.408] VoxelWater: Chunk X=4 Y=-24 Z=2 emitted 64 procedural water vertices (Ocean/Pools)
[+00:31:41.408] VoxelWater: Chunk X=5 Y=-24 Z=2 emitted 60 procedural water vertices (Ocean/Pools)
[+00:31:41.408] VoxelWater: Chunk X=5 Y=-24 Z=3 emitted 28 procedural water vertices (Ocean/Pools)
[+00:31:41.408] VoxelWater: Chunk X=6 Y=-24 Z=3 emitted 88 procedural water vertices (Ocean/Pools)
[+00:31:41.408] VoxelWater: Chunk X=6 Y=-24 Z=2 emitted 84 procedural water vertices (Ocean/Pools)
[+00:31:41.408] VoxelWater: Chunk X=6 Y=-26 Z=3 emitted 16 procedural water vertices (Ocean/Pools)
[+00:31:41.408] VoxelWater: Chunk X=6 Y=-25 Z=3 emitted 100 procedural water vertices (Ocean/Pools)
[+00:31:41.408] VoxelWater: Chunk X=6 Y=-26 Z=2 emitted 32 procedural water vertices (Ocean/Pools)
[+00:31:41.416] VoxelChunk: GenerateAsync (-3,3,-3)
[+00:31:41.417] VoxelChunk: GenerateAsync (3,-1,-1)
[+00:31:41.419] VoxelChunk: GenerateAsync (-3,0,-1)
[+00:31:41.420] VoxelChunk: GenerateAsync (2,-2,-3)
[+00:31:41.428] VoxelChunk: GenerateAsync (3,-1,-2)
[+00:31:41.430] VoxelChunk: GenerateAsync (-2,3,-3)
[+00:31:41.431] VoxelChunk: GenerateAsync (-1,1,-3)
[+00:31:41.433] VoxelChunk: GenerateAsync (1,-2,-3)
[+00:31:41.441] VoxelChunk: GenerateAsync (0,-2,-3)
[+00:31:41.443] VoxelChunk: GenerateAsync (-3,0,-2)
[+00:31:41.445] VoxelChunk: GenerateAsync (3,0,-1)
[+00:31:41.446] VoxelChunk: GenerateAsync (-1,3,-3)
[+00:31:41.453] VoxelChunk: GenerateAsync (-3,1,-1)
[+00:31:41.455] VoxelChunk: GenerateAsync (-1,-2,-3)
[+00:31:41.457] VoxelChunk: GenerateAsync (-2,-2,-3)
[+00:31:41.459] VoxelChunk: GenerateAsync (0,3,-3)
[+00:31:41.467] VoxelChunk: GenerateAsync (0,1,-3)
[+00:31:41.468] VoxelChunk: GenerateAsync (0,0,-3)
[+00:31:41.469] VoxelChunk: GenerateAsync (3,3,3)
[+00:31:41.471] VoxelChunk: GenerateAsync (-3,-2,-3)
[+00:31:41.480] VoxelMesh: Chunk X=0 Y=2 Z=2 FlatVerts=0 SlopeVerts=72
[+00:31:41.480] VoxelChunk: GenerateAsync (-2,-3,0)
[+00:31:41.481] VoxelChunk: GenerateAsync (-1,-3,0)
[+00:31:41.481] VoxelMesh: Chunk X=-2 Y=-3 Z=0 FlatVerts=0 SlopeVerts=72
[+00:31:41.482] VoxelChunk: GenerateAsync (0,-3,0)
[+00:31:41.485] VoxelMesh: Chunk X=-2 Y=1 Z=-2 FlatVerts=0 SlopeVerts=36
[+00:31:41.485] VoxelChunk: GenerateAsync (1,-3,0)
[+00:31:41.485] VoxelMesh: Chunk X=1 Y=-3 Z=0 FlatVerts=0 SlopeVerts=36
[+00:31:41.492] VoxelMesh: Chunk X=2 Y=-2 Z=-1 FlatVerts=0 SlopeVerts=0
[+00:31:41.492] VoxelChunk: GenerateAsync (2,-3,0)
[+00:31:41.493] VoxelMesh: Chunk X=2 Y=-3 Z=0 FlatVerts=0 SlopeVerts=0
[+00:31:41.494] VoxelChunk: GenerateAsync (3,1,-1)
[+00:31:41.495] VoxelChunk: GenerateAsync (-3,2,-1)
[+00:31:41.497] VoxelChunk: GenerateAsync (1,3,-3)
[+00:31:41.505] VoxelChunk: GenerateAsync (3,0,-2)
[+00:31:41.507] VoxelChunk: GenerateAsync (-3,1,-2)
[+00:31:41.509] VoxelChunk: GenerateAsync (2,3,-3)
[+00:31:41.510] VoxelChunk: GenerateAsync (1,1,-3)
[+00:31:41.518] VoxelChunk: GenerateAsync (3,-2,0)
[+00:31:41.519] VoxelChunk: GenerateAsync (3,2,-1)
[+00:31:41.521] VoxelChunk: GenerateAsync (-3,3,-1)
[+00:31:41.522] VoxelChunk: GenerateAsync (3,-3,-3)
[+00:31:41.531] VoxelChunk: GenerateAsync (2,-3,-3)
[+00:31:41.532] VoxelChunk: GenerateAsync (1,-3,-3)
[+00:31:41.533] VoxelChunk: GenerateAsync (-2,3,-1)
[+00:31:41.534] VoxelChunk: GenerateAsync (3,-1,0)
[+00:31:41.541] VoxelMesh: Chunk X=2 Y=-1 Z=0 FlatVerts=42 SlopeVerts=366
[+00:31:41.541] VoxelChunk: GenerateAsync (-3,0,0)
[+00:31:41.543] VoxelMesh: Chunk X=-3 Y=0 Z=0 FlatVerts=42 SlopeVerts=366
[+00:31:41.544] VoxelChunk: GenerateAsync (3,3,-3)
[+00:31:41.545] VoxelChunk: GenerateAsync (0,-3,-3)
[+00:31:41.545] VoxelChunk: GenerateAsync (-1,3,-1)
[+00:31:41.554] VoxelChunk: GenerateAsync (0,3,-1)
[+00:31:41.554] VoxelChunk: GenerateAsync (3,0,0)
[+00:31:41.555] VoxelMesh: Chunk X=-2 Y=-1 Z=-1 FlatVerts=414 SlopeVerts=1668
[+00:31:41.556] VoxelChunk: GenerateAsync (-3,1,0)
[+00:31:41.557] VoxelChunk: GenerateAsync (1,3,-1)
[+00:31:41.557] VoxelMesh: Chunk X=-3 Y=1 Z=0 FlatVerts=414 SlopeVerts=1668
[+00:31:41.567] VoxelChunk: GenerateAsync (-1,-3,-3)
[+00:31:41.568] VoxelChunk: GenerateAsync (2,3,-1)
[+00:31:41.569] VoxelChunk: GenerateAsync (-3,-3,-3)
[+00:31:41.569] VoxelChunk: GenerateAsync (-3,-3,-2)
[+00:31:41.579] VoxelChunk: GenerateAsync (3,1,0)
[+00:31:41.580] VoxelChunk: GenerateAsync (2,1,-3)
[+00:31:41.581] VoxelChunk: GenerateAsync (1,0,-3)
[+00:31:41.583] VoxelChunk: GenerateAsync (-3,0,-3)
[+00:31:41.592] VoxelChunk: GenerateAsync (1,-1,-3)
[+00:31:41.593] VoxelChunk: GenerateAsync (1,-3,-1)
[+00:31:41.595] VoxelChunk: GenerateAsync (0,-3,-1)
[+00:31:41.597] VoxelChunk: GenerateAsync (0,-1,-3)
[+00:31:41.604] VoxelChunk: GenerateAsync (3,2,0)
[+00:31:41.605] VoxelChunk: GenerateAsync (-3,3,0)
[+00:31:41.605] VoxelChunk: GenerateAsync (-2,3,0)
[+00:31:41.606] VoxelChunk: GenerateAsync (-1,3,0)
[+00:31:41.616] VoxelWater: Chunk X=-3 Y=1 Z=0 emitted 52 procedural water vertices (Ocean/Pools)
[+00:31:41.616] VoxelWater: Chunk X=-3 Y=0 Z=0 emitted 8 procedural water vertices (Ocean/Pools)
[+00:31:41.616] VoxelWater: Chunk X=4 Y=-26 Z=2 emitted 24 procedural water vertices (Ocean/Pools)
[+00:31:41.616] VoxelWater: Chunk X=4 Y=-25 Z=3 emitted 60 procedural water vertices (Ocean/Pools)
[+00:31:41.616] VoxelWater: Chunk X=4 Y=-25 Z=2 emitted 84 procedural water vertices (Ocean/Pools)
[+00:31:41.616] VoxelWater: Chunk X=5 Y=-25 Z=3 emitted 212 procedural water vertices (Ocean/Pools)
[+00:31:41.616] VoxelWater: Chunk X=5 Y=-25 Z=2 emitted 32 procedural water vertices (Ocean/Pools)
[+00:31:41.616] VoxelWater: Chunk X=4 Y=-24 Z=3 emitted 60 procedural water vertices (Ocean/Pools)
[+00:31:41.616] VoxelWater: Chunk X=4 Y=-24 Z=2 emitted 68 procedural water vertices (Ocean/Pools)
[+00:31:41.616] VoxelWater: Chunk X=5 Y=-24 Z=2 emitted 80 procedural water vertices (Ocean/Pools)
[+00:31:41.616] VoxelWater: Chunk X=6 Y=-25 Z=3 emitted 140 procedural water vertices (Ocean/Pools)
[+00:31:41.616] VoxelWater: Chunk X=5 Y=-24 Z=3 emitted 36 procedural water vertices (Ocean/Pools)
[+00:31:41.616] VoxelWater: Chunk X=6 Y=-24 Z=3 emitted 108 procedural water vertices (Ocean/Pools)
[+00:31:41.616] VoxelWater: Chunk X=6 Y=-24 Z=2 emitted 80 procedural water vertices (Ocean/Pools)
[+00:31:41.616] VoxelWater: Chunk X=6 Y=-26 Z=3 emitted 16 procedural water vertices (Ocean/Pools)
[+00:31:41.616] VoxelWater: Chunk X=6 Y=-26 Z=2 emitted 44 procedural water vertices (Ocean/Pools)
[+00:31:41.625] VoxelChunk: GenerateAsync (0,3,0)
[+00:31:41.625] VoxelChunk: GenerateAsync (1,3,0)
[+00:31:41.625] VoxelChunk: GenerateAsync (2,3,0)
[+00:31:41.626] VoxelChunk: GenerateAsync (3,3,0)
[+00:31:41.634] VoxelMesh: Chunk X=1 Y=-1 Z=-2 FlatVerts=402 SlopeVerts=492
[+00:31:41.634] VoxelChunk: GenerateAsync (-3,-3,1)
[+00:31:41.635] VoxelMesh: Chunk X=-3 Y=-3 Z=1 FlatVerts=402 SlopeVerts=492
[+00:31:41.635] VoxelMesh: Chunk X=-2 Y=0 Z=-1 FlatVerts=258 SlopeVerts=3516
[+00:31:41.636] VoxelChunk: GenerateAsync (-2,-3,1)
[+00:31:41.637] VoxelMesh: Chunk X=0 Y=2 Z=-1 FlatVerts=0 SlopeVerts=210
[+00:31:41.638] VoxelMesh: Chunk X=-2 Y=-3 Z=1 FlatVerts=258 SlopeVerts=3516
[+00:31:41.638] VoxelChunk: GenerateAsync (-1,-3,1)
[+00:31:41.639] VoxelChunk: GenerateAsync (0,-3,1)
[+00:31:41.641] VoxelMesh: Chunk X=-1 Y=-3 Z=1 FlatVerts=0 SlopeVerts=210
[+00:31:41.653] VoxelMesh: Chunk X=0 Y=0 Z=0 FlatVerts=48 SlopeVerts=3636
[+00:31:41.654] VoxelChunk: GenerateAsync (1,-3,1)
[+00:31:41.656] VoxelMesh: Chunk X=1 Y=-3 Z=1 FlatVerts=6 SlopeVerts=1296
[+00:31:41.659] VoxelMesh: Chunk X=0 Y=0 Z=0 FlatVerts=54 SlopeVerts=4992
[+00:31:41.659] VoxelChunk: GenerateAsync (2,-3,1)
[+00:31:41.660] VoxelMesh: Chunk X=2 Y=-3 Z=1 FlatVerts=1230 SlopeVerts=1440
[+00:31:41.665] VoxelMesh: Chunk X=0 Y=0 Z=0 FlatVerts=78 SlopeVerts=5994
[+00:31:41.665] VoxelChunk: GenerateAsync (3,-3,1)
[+00:31:41.666] VoxelMesh: Chunk X=3 Y=-3 Z=1 FlatVerts=2094 SlopeVerts=822
[+00:31:41.672] VoxelMesh: Chunk X=0 Y=0 Z=0 FlatVerts=1728 SlopeVerts=9846
[+00:31:41.673] VoxelChunk: GenerateAsync (-3,-2,1)
[+00:31:41.674] VoxelMesh: Chunk X=-3 Y=-2 Z=1 FlatVerts=66 SlopeVerts=1860
[+00:31:41.690] VoxelChunk: GenerateAsync (-1,-1,-3)
[+00:31:41.693] VoxelChunk: GenerateAsync (3,3,-1)
[+00:31:41.699] VoxelMesh: Chunk X=0 Y=0 Z=0 FlatVerts=0 SlopeVerts=294
[+00:31:41.699] VoxelChunk: GenerateAsync (-3,1,2)
[+00:31:41.701] VoxelMesh: Chunk X=-3 Y=1 Z=2 FlatVerts=90 SlopeVerts=780
[+00:31:41.705] VoxelChunk: GenerateAsync (2,3,3)
[+00:31:41.721] VoxelChunk: GenerateAsync (1,3,3)
[+00:31:41.726] VoxelMesh: Chunk X=0 Y=0 Z=0 FlatVerts=78 SlopeVerts=10080
[+00:31:41.727] VoxelChunk: GenerateAsync (3,-2,1)
[+00:31:41.727] VoxelMesh: Chunk X=3 Y=-2 Z=1 FlatVerts=2880 SlopeVerts=462
[+00:31:41.733] VoxelMesh: Chunk X=0 Y=0 Z=0 FlatVerts=312 SlopeVerts=1518
[+00:31:41.734] VoxelChunk: GenerateAsync (-3,-1,1)
[+00:31:41.735] VoxelMesh: Chunk X=-3 Y=-1 Z=1 FlatVerts=348 SlopeVerts=3222
[+00:31:41.739] VoxelChunk: GenerateAsync (-1,3,3)
[+00:31:41.755] VoxelMesh: Chunk X=0 Y=0 Z=0 FlatVerts=0 SlopeVerts=1572
[+00:31:41.755] VoxelChunk: GenerateAsync (-2,-3,3)
[+00:31:41.758] VoxelMesh: Chunk X=-2 Y=-3 Z=3 FlatVerts=0 SlopeVerts=2424
[+00:31:41.762] VoxelMesh: Chunk X=0 Y=0 Z=0 FlatVerts=96 SlopeVerts=12786
[+00:31:41.763] VoxelChunk: GenerateAsync (3,0,3)
[+00:31:41.770] VoxelMesh: Chunk X=0 Y=0 Z=0 FlatVerts=36 SlopeVerts=18618
[+00:31:41.771] VoxelChunk: GenerateAsync (-1,-3,3)
[+00:31:41.774] VoxelMesh: Chunk X=-1 Y=-3 Z=3 FlatVerts=252 SlopeVerts=2742
[+00:31:41.779] VoxelMesh: Chunk X=0 Y=0 Z=0 FlatVerts=0 SlopeVerts=10266
[+00:31:41.779] VoxelChunk: GenerateAsync (0,-1,3)
[+00:31:41.781] VoxelMesh: Chunk X=0 Y=-1 Z=3 FlatVerts=120 SlopeVerts=246
[+00:31:41.796] VoxelChunk: GenerateAsync (-3,1,3)
[+00:31:41.801] VoxelMesh: Chunk X=0 Y=0 Z=0 FlatVerts=36 SlopeVerts=834
[+00:31:41.802] VoxelChunk: GenerateAsync (-3,2,3)
[+00:31:41.809] VoxelMesh: Chunk X=0 Y=0 Z=0 FlatVerts=156 SlopeVerts=35592
[+00:31:41.811] VoxelChunk: GenerateAsync (0,-3,3)
[+00:31:41.813] VoxelMesh: Chunk X=0 Y=-3 Z=3 FlatVerts=1572 SlopeVerts=2052
[+00:31:41.818] VoxelMesh: Chunk X=0 Y=0 Z=0 FlatVerts=24 SlopeVerts=36822
[+00:31:41.821] VoxelChunk: GenerateAsync (2,-2,3)
[+00:31:41.837] VoxelChunk: GenerateAsync (4,-26,2)
[+00:31:41.837] VoxelChunk: GenerateAsync (4,-25,2)
[+00:31:41.837] VoxelChunk: GenerateAsync (4,-24,2)
[+00:31:41.837] VoxelChunk: GenerateAsync (5,-26,2)
[+00:31:41.837] VoxelChunk: GenerateAsync (5,-25,2)
[+00:31:41.837] VoxelChunk: GenerateAsync (5,-24,2)
[+00:31:41.837] VoxelChunk: GenerateAsync (6,-26,2)
[+00:31:41.837] VoxelChunk: GenerateAsync (6,-25,2)
[+00:31:41.837] VoxelMesh: Chunk X=4 Y=-26 Z=2 FlatVerts=30 SlopeVerts=138
[+00:31:41.837] VoxelMesh: Chunk X=4 Y=-24 Z=2 FlatVerts=24 SlopeVerts=606
[+00:31:41.837] VoxelMesh: Chunk X=5 Y=-25 Z=2 FlatVerts=54 SlopeVerts=660
[+00:31:41.839] VoxelMesh: Chunk X=6 Y=-25 Z=2 FlatVerts=0 SlopeVerts=12
[+00:31:41.839] VoxelMesh: Chunk X=6 Y=-26 Z=2 FlatVerts=0 SlopeVerts=582
[+00:31:41.839] VoxelMesh: Chunk X=5 Y=-26 Z=2 FlatVerts=0 SlopeVerts=102
[+00:31:41.839] VoxelMesh: Chunk X=4 Y=-25 Z=2 FlatVerts=6 SlopeVerts=630
[+00:31:41.840] VoxelMesh: Chunk X=5 Y=-24 Z=2 FlatVerts=66 SlopeVerts=612
[+00:31:41.840] VoxelMesh: Chunk X=2 Y=-2 Z=3 FlatVerts=30 SlopeVerts=66
[+00:31:41.841] VoxelChunk: GenerateAsync (1,-1,3)
[+00:31:41.842] VoxelChunk: GenerateAsync (-2,0,3)
[+00:31:41.843] VoxelMesh: Chunk X=1 Y=-1 Z=3 FlatVerts=30 SlopeVerts=66
[+00:31:41.844] VoxelChunk: GenerateAsync (-2,1,3)
[+00:31:41.845] VoxelChunk: GenerateAsync (3,1,3)
[+00:31:41.848] VoxelWater: Chunk X=4 Y=-26 Z=2 emitted 32 procedural water vertices (Ocean/Pools)
[+00:31:41.848] VoxelWater: Chunk X=4 Y=-25 Z=3 emitted 72 procedural water vertices (Ocean/Pools)
[+00:31:41.848] VoxelWater: Chunk X=4 Y=-25 Z=2 emitted 108 procedural water vertices (Ocean/Pools)
[+00:31:41.848] VoxelWater: Chunk X=5 Y=-25 Z=3 emitted 288 procedural water vertices (Ocean/Pools)
[+00:31:41.848] VoxelWater: Chunk X=5 Y=-25 Z=2 emitted 36 procedural water vertices (Ocean/Pools)
[+00:31:41.848] VoxelWater: Chunk X=4 Y=-24 Z=3 emitted 76 procedural water vertices (Ocean/Pools)
[+00:31:41.848] VoxelWater: Chunk X=4 Y=-24 Z=2 emitted 76 procedural water vertices (Ocean/Pools)
[+00:31:41.848] VoxelWater: Chunk X=5 Y=-24 Z=2 emitted 104 procedural water vertices (Ocean/Pools)
[+00:31:41.848] VoxelWater: Chunk X=6 Y=-25 Z=3 emitted 168 procedural water vertices (Ocean/Pools)
[+00:31:41.848] VoxelWater: Chunk X=5 Y=-24 Z=3 emitted 44 procedural water vertices (Ocean/Pools)
[+00:31:41.848] VoxelWater: Chunk X=6 Y=-24 Z=3 emitted 112 procedural water vertices (Ocean/Pools)
[+00:31:41.848] VoxelWater: Chunk X=6 Y=-24 Z=2 emitted 76 procedural water vertices (Ocean/Pools)
[+00:31:41.848] VoxelWater: Chunk X=6 Y=-26 Z=3 emitted 16 procedural water vertices (Ocean/Pools)
[+00:31:41.848] VoxelWater: Chunk X=6 Y=-26 Z=2 emitted 48 procedural water vertices (Ocean/Pools)
[+00:31:41.860] VoxelChunk: GenerateAsync (-2,2,3)
[+00:31:41.861] VoxelChunk: GenerateAsync (3,2,3)
[+00:31:41.863] VoxelMesh: Chunk X=3 Y=0 Z=3 FlatVerts=222 SlopeVerts=2682
[+00:31:41.864] VoxelChunk: GenerateAsync (1,-3,3)
[+00:31:41.866] VoxelMesh: Chunk X=-2 Y=-3 Z=3 FlatVerts=0 SlopeVerts=192
[+00:31:41.866] VoxelMesh: Chunk X=1 Y=-3 Z=3 FlatVerts=222 SlopeVerts=2682
[+00:31:41.866] VoxelChunk: GenerateAsync (-1,-2,3)
[+00:31:41.868] VoxelMesh: Chunk X=-1 Y=-2 Z=3 FlatVerts=0 SlopeVerts=192
[+00:31:41.876] VoxelChunk: GenerateAsync (3,-2,3)
[+00:31:41.876] VoxelMesh: Chunk X=-3 Y=-1 Z=1 FlatVerts=2784 SlopeVerts=624
[+00:31:41.877] VoxelChunk: GenerateAsync (3,1,1)
[+00:31:41.877] VoxelMesh: Chunk X=3 Y=-2 Z=1 FlatVerts=2352 SlopeVerts=1914
[+00:31:41.877] VoxelMesh: Chunk X=3 Y=1 Z=1 FlatVerts=2784 SlopeVerts=624
[+00:31:41.878] VoxelChunk: GenerateAsync (-3,2,1)
[+00:31:41.879] VoxelMesh: Chunk X=-3 Y=2 Z=1 FlatVerts=2352 SlopeVerts=1914
[+00:31:41.879] VoxelChunk: GenerateAsync (2,-1,3)
[+00:31:41.889] VoxelChunk: GenerateAsync (-1,0,3)
[+00:31:41.891] VoxelChunk: GenerateAsync (2,0,3)
[+00:31:41.892] VoxelChunk: GenerateAsync (-1,1,3)
[+00:31:41.893] VoxelChunk: GenerateAsync (1,1,3)
[+00:31:41.902] VoxelMesh: Chunk X=-3 Y=-2 Z=1 FlatVerts=348 SlopeVerts=4692
[+00:31:41.903] VoxelChunk: GenerateAsync (-3,0,1)
[+00:31:41.903] VoxelMesh: Chunk X=3 Y=-3 Z=1 FlatVerts=2670 SlopeVerts=48
[+00:31:41.904] VoxelChunk: GenerateAsync (-3,3,1)
[+00:31:41.904] VoxelMesh: Chunk X=-3 Y=0 Z=1 FlatVerts=348 SlopeVerts=4692
[+00:31:41.905] VoxelMesh: Chunk X=-3 Y=3 Z=1 FlatVerts=2670 SlopeVerts=48
[+00:31:41.905] VoxelChunk: GenerateAsync (-1,2,3)
[+00:31:41.907] VoxelChunk: GenerateAsync (1,2,3)
[+00:31:41.917] VoxelChunk: GenerateAsync (-3,3,3)
[+00:31:41.917] VoxelMesh: Chunk X=-3 Y=-3 Z=-1 FlatVerts=3060 SlopeVerts=522
[+00:31:41.918] VoxelChunk: GenerateAsync (1,3,1)
[+00:31:41.920] VoxelMesh: Chunk X=1 Y=3 Z=1 FlatVerts=3060 SlopeVerts=522
[+00:31:41.920] VoxelChunk: GenerateAsync (2,-3,3)
[+00:31:41.921] VoxelMesh: Chunk X=-2 Y=-3 Z=-1 FlatVerts=0 SlopeVerts=198
[+00:31:41.922] VoxelChunk: GenerateAsync (-3,-2,3)
[+00:31:41.924] VoxelMesh: Chunk X=-3 Y=-2 Z=3 FlatVerts=0 SlopeVerts=198
[+00:31:41.931] VoxelMesh: Chunk X=-1 Y=-3 Z=-1 FlatVerts=654 SlopeVerts=4506
[+00:31:41.932] VoxelChunk: GenerateAsync (-3,-3,2)
[+00:31:41.933] VoxelMesh: Chunk X=-3 Y=-3 Z=2 FlatVerts=654 SlopeVerts=4506
[+00:31:41.934] VoxelMesh: Chunk X=0 Y=2 Z=-3 FlatVerts=1152 SlopeVerts=2178
[+00:31:41.934] VoxelChunk: GenerateAsync (0,-2,3)
[+00:31:41.936] VoxelMesh: Chunk X=2 Y=-1 Z=-3 FlatVerts=0 SlopeVerts=0
[+00:31:41.936] VoxelMesh: Chunk X=0 Y=-2 Z=3 FlatVerts=1152 SlopeVerts=2178
[+00:31:41.936] VoxelChunk: GenerateAsync (-3,-1,3)
[+00:31:41.938] VoxelChunk: GenerateAsync (-1,-1,3)
[+00:31:41.938] VoxelMesh: Chunk X=-3 Y=-1 Z=3 FlatVerts=0 SlopeVerts=0
[+00:31:41.948] VoxelMesh: Chunk X=3 Y=-3 Z=-1 FlatVerts=0 SlopeVerts=3432
[+00:31:41.949] VoxelChunk: GenerateAsync (1,-3,2)
[+00:31:41.950] VoxelMesh: Chunk X=1 Y=-3 Z=2 FlatVerts=0 SlopeVerts=3432
[+00:31:41.951] VoxelMesh: Chunk X=-3 Y=-2 Z=-1 FlatVerts=402 SlopeVerts=1722
[+00:31:41.951] VoxelChunk: GenerateAsync (2,-3,2)
[+00:31:41.952] VoxelMesh: Chunk X=2 Y=-3 Z=2 FlatVerts=402 SlopeVerts=1722
[+00:31:41.953] VoxelMesh: Chunk X=1 Y=2 Z=-3 FlatVerts=12 SlopeVerts=258
[+00:31:41.953] VoxelChunk: GenerateAsync (3,-3,2)
[+00:31:41.955] VoxelMesh: Chunk X=-3 Y=1 Z=-3 FlatVerts=348 SlopeVerts=5382
[+00:31:41.956] VoxelMesh: Chunk X=3 Y=-3 Z=2 FlatVerts=12 SlopeVerts=258
[+00:31:41.956] VoxelChunk: GenerateAsync (-3,-2,2)
[+00:31:41.958] VoxelMesh: Chunk X=-3 Y=-2 Z=2 FlatVerts=348 SlopeVerts=5382
[+00:31:41.967] VoxelChunk: GenerateAsync (3,-1,3)
[+00:31:41.969] VoxelMesh: Chunk X=-3 Y=-1 Z=-2 FlatVerts=0 SlopeVerts=0
[+00:31:41.969] VoxelChunk: GenerateAsync (-3,0,3)
[+00:31:41.971] VoxelChunk: GenerateAsync (0,0,3)
[+00:31:41.973] VoxelMesh: Chunk X=-3 Y=0 Z=3 FlatVerts=0 SlopeVerts=0
[+00:31:41.973] VoxelChunk: GenerateAsync (1,0,3)
[+00:31:41.982] VoxelMesh: Chunk X=-3 Y=-1 Z=-1 FlatVerts=2628 SlopeVerts=1218
[+00:31:41.983] VoxelChunk: GenerateAsync (3,-1,1)
[+00:31:41.984] VoxelMesh: Chunk X=3 Y=-1 Z=1 FlatVerts=2628 SlopeVerts=1218
[+00:31:41.984] VoxelChunk: GenerateAsync (3,-2,2)
[+00:31:41.986] VoxelMesh: Chunk X=-2 Y=1 Z=-3 FlatVerts=84 SlopeVerts=1614
[+00:31:41.986] VoxelChunk: GenerateAsync (-3,-1,2)
[+00:31:41.988] VoxelChunk: GenerateAsync (0,1,3)
[+00:31:41.988] VoxelMesh: Chunk X=-3 Y=-1 Z=2 FlatVerts=84 SlopeVerts=1614
[+00:31:41.997] VoxelChunk: GenerateAsync (2,1,3)
[+00:31:41.998] VoxelMesh: Chunk X=-2 Y=-1 Z=-3 FlatVerts=2682 SlopeVerts=1044
[+00:31:41.999] VoxelChunk: GenerateAsync (3,0,1)
[+00:31:41.999] VoxelMesh: Chunk X=3 Y=0 Z=1 FlatVerts=2682 SlopeVerts=1044
[+00:31:41.999] VoxelMesh: Chunk X=-3 Y=-1 Z=-3 FlatVerts=408 SlopeVerts=3600
[+00:31:42.000] VoxelChunk: GenerateAsync (-3,1,1)
[+00:31:42.000] VoxelMesh: Chunk X=3 Y=-2 Z=-3 FlatVerts=1470 SlopeVerts=978
[+00:31:42.002] VoxelMesh: Chunk X=-3 Y=1 Z=1 FlatVerts=408 SlopeVerts=3600
[+00:31:42.002] VoxelChunk: GenerateAsync (3,2,1)
[+00:31:42.002] VoxelMesh: Chunk X=3 Y=2 Z=1 FlatVerts=1470 SlopeVerts=978
[+00:31:42.012] VoxelMesh: Chunk X=-3 Y=3 Z=-3 FlatVerts=18 SlopeVerts=6
[+00:31:42.013] VoxelChunk: GenerateAsync (3,-1,2)
[+00:31:42.014] VoxelMesh: Chunk X=3 Y=-1 Z=-1 FlatVerts=0 SlopeVerts=2130
[+00:31:42.014] VoxelChunk: GenerateAsync (-3,0,2)
[+00:31:42.014] VoxelMesh: Chunk X=3 Y=-1 Z=2 FlatVerts=18 SlopeVerts=6
[+00:31:42.016] VoxelChunk: GenerateAsync (0,2,3)
[+00:31:42.016] VoxelMesh: Chunk X=-3 Y=0 Z=2 FlatVerts=0 SlopeVerts=2130
[+00:31:42.017] VoxelMesh: Chunk X=2 Y=-2 Z=-3 FlatVerts=3162 SlopeVerts=444
[+00:31:42.017] VoxelChunk: GenerateAsync (-2,3,1)
[+00:31:42.018] VoxelMesh: Chunk X=-2 Y=3 Z=1 FlatVerts=3162 SlopeVerts=444
[+00:31:42.027] VoxelChunk: GenerateAsync (2,2,3)
[+00:31:42.028] VoxelMesh: Chunk X=-2 Y=3 Z=-3 FlatVerts=2580 SlopeVerts=1326
[+00:31:42.029] VoxelChunk: GenerateAsync (-1,3,1)
[+00:31:42.030] VoxelMesh: Chunk X=-1 Y=3 Z=1 FlatVerts=2580 SlopeVerts=1326
[+00:31:42.030] VoxelMesh: Chunk X=-1 Y=1 Z=-3 FlatVerts=2550 SlopeVerts=1062
[+00:31:42.030] VoxelChunk: GenerateAsync (0,3,1)
[+00:31:42.032] VoxelMesh: Chunk X=0 Y=3 Z=1 FlatVerts=2550 SlopeVerts=1062
[+00:31:42.032] VoxelMesh: Chunk X=1 Y=-2 Z=-3 FlatVerts=72 SlopeVerts=42
[+00:31:42.032] VoxelChunk: GenerateAsync (3,0,2)
[+00:31:42.034] VoxelMesh: Chunk X=3 Y=0 Z=2 FlatVerts=72 SlopeVerts=42
[+00:31:42.043] VoxelChunk: GenerateAsync (0,3,3)
[+00:31:42.044] VoxelChunk: GenerateAsync (-2,3,3)
[+00:31:42.046] VoxelChunk: GenerateAsync (3,-3,3)
[+00:31:42.047] VoxelMesh: Chunk X=-1 Y=3 Z=-3 FlatVerts=2658 SlopeVerts=114
[+00:31:42.048] VoxelChunk: GenerateAsync (2,3,1)
[+00:31:42.049] VoxelMesh: Chunk X=2 Y=3 Z=1 FlatVerts=2658 SlopeVerts=114
[+00:31:42.055] VoxelWater: Chunk X=4 Y=-26 Z=2 emitted 32 procedural water vertices (Ocean/Pools)
[+00:31:42.055] VoxelWater: Chunk X=4 Y=-25 Z=2 emitted 148 procedural water vertices (Ocean/Pools)
[+00:31:42.055] VoxelWater: Chunk X=4 Y=-25 Z=3 emitted 56 procedural water vertices (Ocean/Pools)
[+00:31:42.055] VoxelWater: Chunk X=4 Y=-24 Z=3 emitted 84 procedural water vertices (Ocean/Pools)
[+00:31:42.055] VoxelWater: Chunk X=4 Y=-24 Z=2 emitted 52 procedural water vertices (Ocean/Pools)
[+00:31:42.055] VoxelWater: Chunk X=5 Y=-25 Z=2 emitted 240 procedural water vertices (Ocean/Pools)
[+00:31:42.056] VoxelWater: Chunk X=5 Y=-25 Z=3 emitted 180 procedural water vertices (Ocean/Pools)
[+00:31:42.056] VoxelWater: Chunk X=5 Y=-24 Z=2 emitted 152 procedural water vertices (Ocean/Pools)
[+00:31:42.056] VoxelWater: Chunk X=5 Y=-24 Z=3 emitted 20 procedural water vertices (Ocean/Pools)
[+00:31:42.056] VoxelWater: Chunk X=6 Y=-24 Z=3 emitted 120 procedural water vertices (Ocean/Pools)
[+00:31:42.056] VoxelWater: Chunk X=6 Y=-26 Z=3 emitted 16 procedural water vertices (Ocean/Pools)
[+00:31:42.056] VoxelWater: Chunk X=6 Y=-25 Z=3 emitted 180 procedural water vertices (Ocean/Pools)
[+00:31:42.056] VoxelWater: Chunk X=6 Y=-26 Z=2 emitted 64 procedural water vertices (Ocean/Pools)
[+00:31:42.056] VoxelWater: Chunk X=6 Y=-25 Z=2 emitted 12 procedural water vertices (Ocean/Pools)
[+00:31:42.056] VoxelWater: Chunk X=6 Y=-24 Z=2 emitted 76 procedural water vertices (Ocean/Pools)
[+00:31:42.056] VoxelWater: Chunk X=0 Y=3 Z=1 emitted 24 procedural water vertices (Ocean/Pools)
[+00:31:42.056] VoxelWater: Chunk X=-1 Y=3 Z=1 emitted 24 procedural water vertices (Ocean/Pools)
[+00:31:42.056] VoxelWater: Chunk X=-2 Y=3 Z=1 emitted 72 procedural water vertices (Ocean/Pools)
[+00:31:42.056] VoxelWater: Chunk X=-3 Y=0 Z=2 emitted 12 procedural water vertices (Ocean/Pools)
[+00:31:42.056] VoxelWater: Chunk X=3 Y=2 Z=1 emitted 28 procedural water vertices (Ocean/Pools)
[+00:31:42.056] VoxelWater: Chunk X=-3 Y=1 Z=1 emitted 36 procedural water vertices (Ocean/Pools)
[+00:31:42.056] VoxelWater: Chunk X=3 Y=0 Z=1 emitted 36 procedural water vertices (Ocean/Pools)
[+00:31:42.056] VoxelWater: Chunk X=-3 Y=-1 Z=2 emitted 20 procedural water vertices (Ocean/Pools)
[+00:31:42.056] VoxelWater: Chunk X=3 Y=-1 Z=1 emitted 52 procedural water vertices (Ocean/Pools)
[+00:31:42.056] VoxelWater: Chunk X=-3 Y=-2 Z=2 emitted 32 procedural water vertices (Ocean/Pools)
[+00:31:42.056] VoxelWater: Chunk X=2 Y=-3 Z=2 emitted 20 procedural water vertices (Ocean/Pools)
[+00:31:42.056] VoxelWater: Chunk X=1 Y=-3 Z=2 emitted 48 procedural water vertices (Ocean/Pools)
[+00:31:42.056] VoxelWater: Chunk X=0 Y=-2 Z=3 emitted 80 procedural water vertices (Ocean/Pools)
[+00:31:42.056] VoxelWater: Chunk X=-3 Y=-3 Z=2 emitted 12 procedural water vertices (Ocean/Pools)
[+00:31:42.056] VoxelWater: Chunk X=1 Y=3 Z=1 emitted 56 procedural water vertices (Ocean/Pools)
[+00:31:42.056] VoxelWater: Chunk X=-3 Y=3 Z=1 emitted 44 procedural water vertices (Ocean/Pools)
[+00:31:42.056] VoxelWater: Chunk X=-3 Y=0 Z=1 emitted 88 procedural water vertices (Ocean/Pools)
[+00:31:42.056] VoxelWater: Chunk X=-3 Y=2 Z=1 emitted 32 procedural water vertices (Ocean/Pools)
[+00:31:42.056] VoxelWater: Chunk X=3 Y=1 Z=1 emitted 8 procedural water vertices (Ocean/Pools)
[+00:31:42.056] VoxelWater: Chunk X=-1 Y=-2 Z=3 emitted 20 procedural water vertices (Ocean/Pools)
[+00:31:42.056] VoxelWater: Chunk X=1 Y=-3 Z=3 emitted 60 procedural water vertices (Ocean/Pools)
[+00:31:42.069] VoxelChunk: GenerateAsync (-2,-2,3)
[+00:31:42.069] VoxelMesh: Chunk X=-1 Y=-2 Z=-3 FlatVerts=960 SlopeVerts=1344
[+00:31:42.070] VoxelChunk: GenerateAsync (3,3,1)
[+00:31:42.070] VoxelMesh: Chunk X=3 Y=3 Z=1 FlatVerts=960 SlopeVerts=1344
[+00:31:42.070] VoxelMesh: Chunk X=-2 Y=-2 Z=-3 FlatVerts=156 SlopeVerts=534
[+00:31:42.070] VoxelChunk: GenerateAsync (3,1,2)
[+00:31:42.073] VoxelMesh: Chunk X=0 Y=3 Z=-3 FlatVerts=78 SlopeVerts=426
[+00:31:42.074] VoxelChunk: GenerateAsync (-3,2,2)
[+00:31:42.074] VoxelMesh: Chunk X=3 Y=1 Z=2 FlatVerts=156 SlopeVerts=534
[+00:31:42.075] VoxelMesh: Chunk X=-3 Y=2 Z=2 FlatVerts=78 SlopeVerts=426
[+00:31:42.083] VoxelMesh: Chunk X=0 Y=1 Z=-3 FlatVerts=72 SlopeVerts=636
[+00:31:42.083] VoxelChunk: GenerateAsync (1,-2,3)
[+00:31:42.085] VoxelMesh: Chunk X=0 Y=0 Z=-3 FlatVerts=0 SlopeVerts=2562
[+00:31:42.085] VoxelChunk: GenerateAsync (-2,-3,2)
[+00:31:42.085] VoxelMesh: Chunk X=1 Y=-2 Z=3 FlatVerts=72 SlopeVerts=636
[+00:31:42.086] VoxelChunk: GenerateAsync (-2,-1,3)
[+00:31:42.087] VoxelMesh: Chunk X=-2 Y=-3 Z=2 FlatVerts=0 SlopeVerts=2562
[+00:31:42.087] VoxelMesh: Chunk X=-3 Y=-2 Z=-3 FlatVerts=0 SlopeVerts=1782
[+00:31:42.087] VoxelChunk: GenerateAsync (-1,-3,2)
[+00:31:42.089] VoxelMesh: Chunk X=-1 Y=-3 Z=2 FlatVerts=0 SlopeVerts=1782
[+00:31:42.098] VoxelMesh: Chunk X=-2 Y=-3 Z=0 FlatVerts=0 SlopeVerts=0
[+00:31:42.098] VoxelChunk: GenerateAsync (0,-3,2)
[+00:31:42.099] VoxelMesh: Chunk X=0 Y=-3 Z=2 FlatVerts=0 SlopeVerts=0
[+00:31:42.099] VoxelMesh: Chunk X=-1 Y=-3 Z=0 FlatVerts=252 SlopeVerts=2064
[+00:31:42.099] VoxelChunk: GenerateAsync (3,2,2)
[+00:31:42.100] VoxelChunk: GenerateAsync (-3,3,2)
[+00:31:42.100] VoxelMesh: Chunk X=3 Y=2 Z=2 FlatVerts=252 SlopeVerts=2064
[+00:31:42.102] VoxelMesh: Chunk X=1 Y=-3 Z=0 FlatVerts=0 SlopeVerts=0
[+00:31:42.102] VoxelChunk: GenerateAsync (-2,3,2)
[+00:31:42.104] VoxelMesh: Chunk X=-2 Y=3 Z=2 FlatVerts=0 SlopeVerts=0
[+00:31:42.113] VoxelChunk: GenerateAsync (-1,3,2)
[+00:31:42.114] VoxelChunk: GenerateAsync (0,3,2)
[+00:31:42.115] VoxelChunk: GenerateAsync (1,3,2)
[+00:31:42.116] VoxelChunk: GenerateAsync (2,3,2)
[+00:31:42.126] VoxelMesh: Chunk X=3 Y=0 Z=-2 FlatVerts=270 SlopeVerts=2352
[+00:31:42.126] VoxelChunk: GenerateAsync (3,3,2)
[+00:31:42.128] VoxelMesh: Chunk X=3 Y=3 Z=2 FlatVerts=270 SlopeVerts=2352
[+00:31:42.128] VoxelMesh: Chunk X=-3 Y=1 Z=-2 FlatVerts=0 SlopeVerts=324
[+00:31:42.129] VoxelChunk: GenerateAsync (-3,-3,3)
[+00:31:42.130] VoxelChunk: GenerateAsync (1,3,-4)
[+00:31:42.130] VoxelMesh: Chunk X=-3 Y=-3 Z=3 FlatVerts=0 SlopeVerts=324
[+00:31:42.131] VoxelChunk: GenerateAsync (-1,-2,-4)
[+00:31:42.141] VoxelChunk: GenerateAsync (-2,-2,-4)
[+00:31:42.142] VoxelChunk: GenerateAsync (-3,-2,-4)
[+00:31:42.143] VoxelChunk: GenerateAsync (3,1,-4)
[+00:31:42.144] VoxelChunk: GenerateAsync (3,-3,-4)
[+00:31:42.153] VoxelChunk: GenerateAsync (2,-3,-4)
[+00:31:42.154] VoxelChunk: GenerateAsync (2,1,-4)
[+00:31:42.155] VoxelChunk: GenerateAsync (2,2,-4)
[+00:31:42.157] VoxelChunk: GenerateAsync (1,-3,-4)
[+00:31:42.166] VoxelChunk: GenerateAsync (0,-3,-4)
[+00:31:42.168] VoxelChunk: GenerateAsync (-1,-3,-4)
[+00:31:42.169] VoxelChunk: GenerateAsync (1,1,-4)
[+00:31:42.170] VoxelChunk: GenerateAsync (1,2,-4)
[+00:31:42.179] VoxelChunk: GenerateAsync (-3,3,-4)
[+00:31:42.180] VoxelChunk: GenerateAsync (2,0,-4)
[+00:31:42.181] VoxelChunk: GenerateAsync (1,0,-4)
[+00:31:42.183] VoxelChunk: GenerateAsync (0,1,-4)
[+00:31:42.192] VoxelChunk: GenerateAsync (0,2,-4)
[+00:31:42.194] VoxelChunk: GenerateAsync (0,0,-4)
[+00:31:42.195] VoxelChunk: GenerateAsync (-1,0,-4)
[+00:31:42.197] VoxelChunk: GenerateAsync (-1,1,-4)
[+00:31:42.204] VoxelChunk: GenerateAsync (-2,0,-4)
[+00:31:42.206] VoxelChunk: GenerateAsync (-2,1,-4)
[+00:31:42.208] VoxelChunk: GenerateAsync (-1,2,-4)
[+00:31:42.209] VoxelChunk: GenerateAsync (-1,3,-4)
[+00:31:42.217] VoxelChunk: GenerateAsync (-3,0,-4)
[+00:31:42.217] VoxelChunk: GenerateAsync (-3,1,-4)
[+00:31:42.219] VoxelChunk: GenerateAsync (3,-1,-4)
[+00:31:42.219] VoxelChunk: GenerateAsync (2,-1,-4)
[+00:31:42.230] VoxelChunk: GenerateAsync (3,0,-4)
[+00:31:42.231] VoxelChunk: GenerateAsync (1,-1,-4)
[+00:31:42.232] VoxelChunk: GenerateAsync (0,-1,-4)
[+00:31:42.233] VoxelChunk: GenerateAsync (-1,-1,-4)
[+00:31:42.242] VoxelChunk: GenerateAsync (-2,-1,-4)
[+00:31:42.242] VoxelChunk: GenerateAsync (-3,-1,-4)
[+00:31:42.244] VoxelChunk: GenerateAsync (3,-2,-4)
[+00:31:42.245] VoxelChunk: GenerateAsync (-2,2,-4)
[+00:31:42.253] VoxelChunk: GenerateAsync (2,-2,-4)
[+00:31:42.255] VoxelChunk: GenerateAsync (-3,2,-4)
[+00:31:42.256] VoxelChunk: GenerateAsync (3,2,-4)
[+00:31:42.258] VoxelChunk: GenerateAsync (-2,3,-4)
[+00:31:42.271] VoxelWater: Chunk X=-3 Y=-3 Z=3 emitted 8 procedural water vertices (Ocean/Pools)
[+00:31:42.271] VoxelWater: Chunk X=-3 Y=-3 Z=2 emitted 16 procedural water vertices (Ocean/Pools)
[+00:31:42.271] VoxelWater: Chunk X=3 Y=3 Z=2 emitted 44 procedural water vertices (Ocean/Pools)
[+00:31:42.271] VoxelWater: Chunk X=3 Y=3 Z=1 emitted 24 procedural water vertices (Ocean/Pools)
[+00:31:42.271] VoxelWater: Chunk X=3 Y=2 Z=2 emitted 12 procedural water vertices (Ocean/Pools)
[+00:31:42.271] VoxelWater: Chunk X=-1 Y=-3 Z=2 emitted 72 procedural water vertices (Ocean/Pools)
[+00:31:42.271] VoxelWater: Chunk X=-2 Y=-3 Z=2 emitted 20 procedural water vertices (Ocean/Pools)
[+00:31:42.271] VoxelWater: Chunk X=4 Y=-26 Z=2 emitted 32 procedural water vertices (Ocean/Pools)
[+00:31:42.271] VoxelWater: Chunk X=4 Y=-25 Z=2 emitted 156 procedural water vertices (Ocean/Pools)
[+00:31:42.271] VoxelWater: Chunk X=4 Y=-25 Z=3 emitted 68 procedural water vertices (Ocean/Pools)
[+00:31:42.271] VoxelWater: Chunk X=5 Y=-25 Z=2 emitted 256 procedural water vertices (Ocean/Pools)
[+00:31:42.271] VoxelWater: Chunk X=4 Y=-24 Z=3 emitted 108 procedural water vertices (Ocean/Pools)
[+00:31:42.271] VoxelWater: Chunk X=4 Y=-24 Z=2 emitted 60 procedural water vertices (Ocean/Pools)
[+00:31:42.271] VoxelWater: Chunk X=5 Y=-25 Z=3 emitted 184 procedural water vertices (Ocean/Pools)
[+00:31:42.271] VoxelWater: Chunk X=5 Y=-24 Z=2 emitted 152 procedural water vertices (Ocean/Pools)
[+00:31:42.271] VoxelWater: Chunk X=5 Y=-24 Z=3 emitted 20 procedural water vertices (Ocean/Pools)
[+00:31:42.271] VoxelWater: Chunk X=6 Y=-24 Z=3 emitted 120 procedural water vertices (Ocean/Pools)
[+00:31:42.271] VoxelWater: Chunk X=6 Y=-26 Z=3 emitted 16 procedural water vertices (Ocean/Pools)
[+00:31:42.271] VoxelWater: Chunk X=6 Y=-25 Z=3 emitted 200 procedural water vertices (Ocean/Pools)
[+00:31:42.271] VoxelWater: Chunk X=6 Y=-26 Z=2 emitted 56 procedural water vertices (Ocean/Pools)
[+00:31:42.271] VoxelWater: Chunk X=6 Y=-25 Z=2 emitted 12 procedural water vertices (Ocean/Pools)
[+00:31:42.271] VoxelWater: Chunk X=6 Y=-24 Z=2 emitted 84 procedural water vertices (Ocean/Pools)
[+00:31:42.271] VoxelWater: Chunk X=1 Y=-2 Z=3 emitted 12 procedural water vertices (Ocean/Pools)
[+00:31:42.271] VoxelWater: Chunk X=3 Y=1 Z=2 emitted 12 procedural water vertices (Ocean/Pools)
[+00:31:42.271] VoxelWater: Chunk X=0 Y=3 Z=1 emitted 36 procedural water vertices (Ocean/Pools)
[+00:31:42.271] VoxelWater: Chunk X=-1 Y=3 Z=1 emitted 24 procedural water vertices (Ocean/Pools)
[+00:31:42.271] VoxelWater: Chunk X=-2 Y=3 Z=1 emitted 92 procedural water vertices (Ocean/Pools)
[+00:31:42.271] VoxelWater: Chunk X=-3 Y=0 Z=2 emitted 12 procedural water vertices (Ocean/Pools)
[+00:31:42.271] VoxelWater: Chunk X=3 Y=2 Z=1 emitted 36 procedural water vertices (Ocean/Pools)
[+00:31:42.271] VoxelWater: Chunk X=-3 Y=1 Z=1 emitted 44 procedural water vertices (Ocean/Pools)
[+00:31:42.271] VoxelWater: Chunk X=3 Y=0 Z=1 emitted 52 procedural water vertices (Ocean/Pools)
[+00:31:42.271] VoxelWater: Chunk X=-3 Y=-1 Z=2 emitted 32 procedural water vertices (Ocean/Pools)
[+00:31:42.272] VoxelWater: Chunk X=3 Y=-1 Z=1 emitted 64 procedural water vertices (Ocean/Pools)
[+00:31:42.272] VoxelWater: Chunk X=-3 Y=-2 Z=2 emitted 36 procedural water vertices (Ocean/Pools)
[+00:31:42.272] VoxelWater: Chunk X=2 Y=-3 Z=2 emitted 28 procedural water vertices (Ocean/Pools)
[+00:31:42.272] VoxelWater: Chunk X=1 Y=-3 Z=2 emitted 52 procedural water vertices (Ocean/Pools)
[+00:31:42.272] VoxelWater: Chunk X=0 Y=-2 Z=3 emitted 100 procedural water vertices (Ocean/Pools)
[+00:31:42.272] VoxelWater: Chunk X=1 Y=3 Z=1 emitted 64 procedural water vertices (Ocean/Pools)
[+00:31:42.272] VoxelWater: Chunk X=2 Y=3 Z=1 emitted 4 procedural water vertices (Ocean/Pools)
[+00:31:42.272] VoxelWater: Chunk X=-3 Y=3 Z=1 emitted 68 procedural water vertices (Ocean/Pools)
[+00:31:42.272] VoxelWater: Chunk X=-3 Y=0 Z=1 emitted 92 procedural water vertices (Ocean/Pools)
[+00:31:42.272] VoxelWater: Chunk X=-3 Y=2 Z=1 emitted 44 procedural water vertices (Ocean/Pools)
[+00:31:42.272] VoxelWater: Chunk X=3 Y=1 Z=1 emitted 12 procedural water vertices (Ocean/Pools)
[+00:31:42.272] VoxelWater: Chunk X=-1 Y=-2 Z=3 emitted 16 procedural water vertices (Ocean/Pools)
[+00:31:42.272] VoxelWater: Chunk X=1 Y=-3 Z=3 emitted 56 procedural water vertices (Ocean/Pools)
[+00:31:42.285] VoxelChunk: GenerateAsync (0,3,-4)
[+00:31:42.291] VoxelChunk: GenerateAsync (2,3,-4)
[+00:31:42.296] VoxelChunk: GenerateAsync (0,-2,-4)
[+00:31:42.302] VoxelChunk: GenerateAsync (3,3,-4)
[+00:31:42.315] VoxelChunk: GenerateAsync (-2,-3,-4)
[+00:31:42.319] VoxelChunk: GenerateAsync (1,-2,-4)
[+00:31:42.326] VoxelChunk: GenerateAsync (-3,-3,-4)
[+00:31:42.332] VoxelChunk: GenerateAsync (-3,-3,4)
[+00:31:42.347] VoxelMesh: Chunk X=-3 Y=-3 Z=4 FlatVerts=0 SlopeVerts=462
[+00:31:42.347] VoxelChunk: GenerateAsync (-2,-3,4)
[+00:31:42.349] VoxelMesh: Chunk X=-2 Y=-3 Z=4 FlatVerts=0 SlopeVerts=462
[+00:31:42.349] VoxelMesh: Chunk X=-3 Y=-3 Z=-4 FlatVerts=114 SlopeVerts=1314
[+00:31:42.349] VoxelChunk: GenerateAsync (-1,-3,4)
[+00:31:42.351] VoxelMesh: Chunk X=1 Y=-2 Z=-4 FlatVerts=144 SlopeVerts=504
[+00:31:42.351] VoxelMesh: Chunk X=-1 Y=-3 Z=4 FlatVerts=114 SlopeVerts=1314
[+00:31:42.351] VoxelChunk: GenerateAsync (0,-3,4)
[+00:31:42.353] VoxelMesh: Chunk X=0 Y=-3 Z=4 FlatVerts=144 SlopeVerts=504
[+00:31:42.354] VoxelMesh: Chunk X=-2 Y=-3 Z=-4 FlatVerts=48 SlopeVerts=318
[+00:31:42.354] VoxelChunk: GenerateAsync (1,-3,4)
[+00:31:42.355] VoxelMesh: Chunk X=1 Y=-3 Z=4 FlatVerts=48 SlopeVerts=318
[+00:31:42.366] VoxelChunk: GenerateAsync (2,-3,4)
[+00:31:42.368] VoxelChunk: GenerateAsync (3,-3,4)
[+00:31:42.369] VoxelChunk: GenerateAsync (-3,-2,4)
[+00:31:42.371] VoxelChunk: GenerateAsync (-2,-2,4)
[+00:31:42.380] VoxelChunk: GenerateAsync (-1,-2,4)
[+00:31:42.381] VoxelChunk: GenerateAsync (0,-2,4)
[+00:31:42.383] VoxelChunk: GenerateAsync (1,-2,4)
[+00:31:42.385] VoxelChunk: GenerateAsync (2,-2,4)
[+00:31:42.394] VoxelChunk: GenerateAsync (3,-2,4)
[+00:31:42.395] VoxelChunk: GenerateAsync (-3,-1,4)
[+00:31:42.396] VoxelChunk: GenerateAsync (-2,-1,4)
[+00:31:42.398] VoxelChunk: GenerateAsync (-1,-1,4)
[+00:31:42.406] VoxelChunk: GenerateAsync (0,-1,4)
[+00:31:42.407] VoxelChunk: GenerateAsync (1,-1,4)
[+00:31:42.409] VoxelChunk: GenerateAsync (2,-1,4)
[+00:31:42.410] VoxelChunk: GenerateAsync (3,-1,4)
[+00:31:42.419] VoxelChunk: GenerateAsync (-3,0,4)
[+00:31:42.419] VoxelChunk: GenerateAsync (-2,0,4)
[+00:31:42.421] VoxelChunk: GenerateAsync (-1,0,4)
[+00:31:42.422] VoxelChunk: GenerateAsync (0,0,4)
[+00:31:42.431] VoxelChunk: GenerateAsync (1,0,4)
[+00:31:42.432] VoxelChunk: GenerateAsync (2,0,4)
[+00:31:42.433] VoxelChunk: GenerateAsync (3,0,4)
[+00:31:42.434] VoxelChunk: GenerateAsync (-3,1,4)
[+00:31:42.442] VoxelChunk: GenerateAsync (-2,1,4)
[+00:31:42.444] VoxelChunk: GenerateAsync (-1,1,4)
[+00:31:42.446] VoxelChunk: GenerateAsync (0,1,4)
[+00:31:42.447] VoxelChunk: GenerateAsync (1,1,4)
[+00:31:42.454] VoxelChunk: GenerateAsync (2,1,4)
[+00:31:42.456] VoxelChunk: GenerateAsync (3,1,4)
[+00:31:42.457] VoxelChunk: GenerateAsync (-3,2,4)
[+00:31:42.459] VoxelChunk: GenerateAsync (-2,2,4)
[+00:31:42.464] VoxelWater: Chunk X=4 Y=-26 Z=2 emitted 28 procedural water vertices (Ocean/Pools)
[+00:31:42.465] VoxelWater: Chunk X=4 Y=-25 Z=2 emitted 156 procedural water vertices (Ocean/Pools)
[+00:31:42.465] VoxelWater: Chunk X=4 Y=-25 Z=3 emitted 76 procedural water vertices (Ocean/Pools)
[+00:31:42.465] VoxelWater: Chunk X=5 Y=-25 Z=2 emitted 268 procedural water vertices (Ocean/Pools)
[+00:31:42.465] VoxelWater: Chunk X=4 Y=-24 Z=2 emitted 76 procedural water vertices (Ocean/Pools)
[+00:31:42.465] VoxelWater: Chunk X=4 Y=-24 Z=3 emitted 124 procedural water vertices (Ocean/Pools)
[+00:31:42.465] VoxelWater: Chunk X=5 Y=-25 Z=3 emitted 188 procedural water vertices (Ocean/Pools)
[+00:31:42.465] VoxelWater: Chunk X=5 Y=-24 Z=2 emitted 152 procedural water vertices (Ocean/Pools)
[+00:31:42.465] VoxelWater: Chunk X=5 Y=-24 Z=3 emitted 20 procedural water vertices (Ocean/Pools)
[+00:31:42.465] VoxelWater: Chunk X=6 Y=-24 Z=3 emitted 120 procedural water vertices (Ocean/Pools)
[+00:31:42.465] VoxelWater: Chunk X=6 Y=-26 Z=3 emitted 16 procedural water vertices (Ocean/Pools)
[+00:31:42.465] VoxelWater: Chunk X=6 Y=-25 Z=3 emitted 224 procedural water vertices (Ocean/Pools)
[+00:31:42.465] VoxelWater: Chunk X=6 Y=-26 Z=2 emitted 52 procedural water vertices (Ocean/Pools)
[+00:31:42.465] VoxelWater: Chunk X=6 Y=-25 Z=2 emitted 12 procedural water vertices (Ocean/Pools)
[+00:31:42.465] VoxelWater: Chunk X=6 Y=-24 Z=2 emitted 84 procedural water vertices (Ocean/Pools)
[+00:31:42.465] VoxelWater: Chunk X=0 Y=-3 Z=4 emitted 4 procedural water vertices (Ocean/Pools)
[+00:31:42.465] VoxelWater: Chunk X=-1 Y=-3 Z=4 emitted 8 procedural water vertices (Ocean/Pools)
[+00:31:42.466] VoxelWater: Chunk X=-2 Y=-3 Z=4 emitted 12 procedural water vertices (Ocean/Pools)
[+00:31:42.473] VoxelChunk: GenerateAsync (-1,2,4)
[+00:31:42.476] VoxelChunk: GenerateAsync (0,2,4)
[+00:31:42.477] VoxelChunk: GenerateAsync (1,2,4)
[+00:31:42.479] VoxelChunk: GenerateAsync (2,2,4)
[+00:31:42.487] VoxelChunk: GenerateAsync (3,2,4)
[+00:31:42.488] VoxelChunk: GenerateAsync (-3,3,4)
[+00:31:42.489] VoxelChunk: GenerateAsync (-2,3,4)
[+00:31:42.491] VoxelChunk: GenerateAsync (-1,3,4)
[+00:31:42.499] VoxelChunk: GenerateAsync (0,3,4)
[+00:31:42.501] VoxelChunk: GenerateAsync (1,3,4)
[+00:31:42.502] VoxelChunk: GenerateAsync (2,3,4)
[+00:31:42.504] VoxelChunk: GenerateAsync (3,3,4)
[+00:31:42.515] VoxelChunk: GenerateAsync (5,-25,0)
[+00:31:42.516] VoxelChunk: GenerateAsync (5,-25,-2)
[+00:31:42.517] VoxelChunk: GenerateAsync (5,-26,-2)
[+00:31:42.519] VoxelChunk: GenerateAsync (5,-24,-2)
[+00:31:42.528] VoxelChunk: GenerateAsync (4,-25,-2)
[+00:31:42.529] VoxelChunk: GenerateAsync (5,-26,0)
[+00:31:42.530] VoxelChunk: GenerateAsync (6,-25,-2)
[+00:31:42.531] VoxelChunk: GenerateAsync (6,-25,0)
[+00:31:42.540] VoxelChunk: GenerateAsync (5,-24,0)
[+00:31:42.541] VoxelChunk: GenerateAsync (4,-25,0)
[+00:31:42.542] VoxelChunk: GenerateAsync (4,-26,0)
[+00:31:42.543] VoxelChunk: GenerateAsync (6,-26,-2)
[+00:31:42.553] VoxelChunk: GenerateAsync (6,-24,-2)
[+00:31:42.555] VoxelChunk: GenerateAsync (4,-24,-2)
[+00:31:42.556] VoxelChunk: GenerateAsync (6,-26,0)
[+00:31:42.557] VoxelChunk: GenerateAsync (4,-26,-2)
[+00:31:42.566] VoxelChunk: GenerateAsync (4,-24,0)
[+00:31:42.567] VoxelChunk: GenerateAsync (6,-24,0)
[+00:31:42.567] VoxelMesh: Chunk X=3 Y=1 Z=2 FlatVerts=48 SlopeVerts=534
[+00:31:42.568] VoxelChunk: GenerateAsync (5,-25,1)
[+00:31:42.569] VoxelMesh: Chunk X=5 Y=-25 Z=1 FlatVerts=48 SlopeVerts=534
[+00:31:42.569] VoxelChunk: GenerateAsync (7,-25,-1)
[+00:31:42.579] VoxelChunk: GenerateAsync (5,-25,-3)
[+00:31:42.580] VoxelChunk: GenerateAsync (3,-25,-1)
[+00:31:42.582] VoxelChunk: GenerateAsync (5,-27,-1)
[+00:31:42.583] VoxelChunk: GenerateAsync (5,-23,-1)
[+00:31:42.593] VoxelChunk: GenerateAsync (5,-23,0)
[+00:31:42.594] VoxelChunk: GenerateAsync (3,-25,0)
[+00:31:42.596] VoxelChunk: GenerateAsync (7,-25,0)
[+00:31:42.597] VoxelChunk: GenerateAsync (5,-23,-2)
[+00:31:42.605] VoxelChunk: GenerateAsync (7,-26,-1)
[+00:31:42.607] VoxelChunk: GenerateAsync (6,-25,1)
[+00:31:42.608] VoxelMesh: Chunk X=1 Y=3 Z=2 FlatVerts=1758 SlopeVerts=924
[+00:31:42.609] VoxelChunk: GenerateAsync (5,-26,1)
[+00:31:42.609] VoxelMesh: Chunk X=5 Y=-26 Z=1 FlatVerts=1758 SlopeVerts=924
[+00:31:42.610] VoxelChunk: GenerateAsync (3,-26,-1)
[+00:31:42.620] VoxelChunk: GenerateAsync (5,-27,-2)
[+00:31:42.621] VoxelChunk: GenerateAsync (5,-27,0)
[+00:31:42.622] VoxelChunk: GenerateAsync (6,-27,-1)
[+00:31:42.624] VoxelChunk: GenerateAsync (4,-25,-3)
[+00:31:42.633] VoxelChunk: GenerateAsync (6,-23,-1)
[+00:31:42.635] VoxelChunk: GenerateAsync (4,-27,-1)
[+00:31:42.636] VoxelChunk: GenerateAsync (5,-26,-3)
[+00:31:42.637] VoxelMesh: Chunk X=3 Y=-3 Z=-4 FlatVerts=588 SlopeVerts=1134
[+00:31:42.637] VoxelChunk: GenerateAsync (5,-24,1)
[+00:31:42.638] VoxelMesh: Chunk X=5 Y=-24 Z=1 FlatVerts=588 SlopeVerts=1134
[+00:31:42.645] VoxelChunk: GenerateAsync (4,-23,-1)
[+00:31:42.648] VoxelChunk: GenerateAsync (5,-24,-3)
[+00:31:42.650] VoxelChunk: GenerateAsync (3,-25,-2)
[+00:31:42.651] VoxelChunk: GenerateAsync (6,-25,-3)
[+00:31:42.660] VoxelChunk: GenerateAsync (7,-24,-1)
[+00:31:42.662] VoxelChunk: GenerateAsync (3,-24,-1)
[+00:31:42.663] VoxelMesh: Chunk X=1 Y=1 Z=-4 FlatVerts=72 SlopeVerts=570
[+00:31:42.663] VoxelChunk: GenerateAsync (4,-25,1)
[+00:31:42.664] VoxelMesh: Chunk X=4 Y=-25 Z=1 FlatVerts=72 SlopeVerts=570
[+00:31:42.664] VoxelChunk: GenerateAsync (7,-25,-2)
[+00:31:42.675] VoxelWater: Chunk X=5 Y=-26 Z=1 emitted 36 procedural water vertices (Ocean/Pools)
[+00:31:42.675] VoxelWater: Chunk X=4 Y=-26 Z=2 emitted 20 procedural water vertices (Ocean/Pools)
[+00:31:42.675] VoxelWater: Chunk X=4 Y=-25 Z=2 emitted 176 procedural water vertices (Ocean/Pools)
[+00:31:42.675] VoxelWater: Chunk X=4 Y=-25 Z=3 emitted 84 procedural water vertices (Ocean/Pools)
[+00:31:42.676] VoxelWater: Chunk X=4 Y=-25 Z=1 emitted 4 procedural water vertices (Ocean/Pools)
[+00:31:42.676] VoxelWater: Chunk X=5 Y=-25 Z=2 emitted 272 procedural water vertices (Ocean/Pools)
[+00:31:42.676] VoxelWater: Chunk X=4 Y=-24 Z=2 emitted 100 procedural water vertices (Ocean/Pools)
[+00:31:42.676] VoxelWater: Chunk X=4 Y=-24 Z=3 emitted 136 procedural water vertices (Ocean/Pools)
[+00:31:42.676] VoxelWater: Chunk X=5 Y=-25 Z=3 emitted 188 procedural water vertices (Ocean/Pools)
[+00:31:42.676] VoxelWater: Chunk X=5 Y=-24 Z=2 emitted 152 procedural water vertices (Ocean/Pools)
[+00:31:42.676] VoxelWater: Chunk X=5 Y=-24 Z=3 emitted 20 procedural water vertices (Ocean/Pools)
[+00:31:42.676] VoxelWater: Chunk X=6 Y=-24 Z=3 emitted 124 procedural water vertices (Ocean/Pools)
[+00:31:42.676] VoxelWater: Chunk X=6 Y=-26 Z=2 emitted 64 procedural water vertices (Ocean/Pools)
[+00:31:42.676] VoxelWater: Chunk X=6 Y=-26 Z=3 emitted 16 procedural water vertices (Ocean/Pools)
[+00:31:42.676] VoxelWater: Chunk X=6 Y=-25 Z=3 emitted 236 procedural water vertices (Ocean/Pools)
[+00:31:42.676] VoxelWater: Chunk X=6 Y=-25 Z=2 emitted 12 procedural water vertices (Ocean/Pools)
[+00:31:42.676] VoxelWater: Chunk X=6 Y=-24 Z=2 emitted 80 procedural water vertices (Ocean/Pools)
[+00:31:42.676] VoxelWater: Chunk X=0 Y=-3 Z=4 emitted 8 procedural water vertices (Ocean/Pools)
[+00:31:42.676] VoxelWater: Chunk X=-1 Y=-3 Z=4 emitted 12 procedural water vertices (Ocean/Pools)
[+00:31:42.676] VoxelWater: Chunk X=-2 Y=-3 Z=4 emitted 16 procedural water vertices (Ocean/Pools)
[+00:31:42.684] VoxelMesh: Chunk X=-3 Y=3 Z=-4 FlatVerts=1920 SlopeVerts=726
[+00:31:42.685] VoxelChunk: GenerateAsync (4,-26,1)
[+00:31:42.686] VoxelMesh: Chunk X=4 Y=-26 Z=1 FlatVerts=1920 SlopeVerts=726
[+00:31:42.687] VoxelChunk: GenerateAsync (7,-24,-2)
[+00:31:42.688] VoxelChunk: GenerateAsync (3,-26,0)
[+00:31:42.689] VoxelChunk: GenerateAsync (7,-24,0)
[+00:31:42.699] VoxelChunk: GenerateAsync (4,-23,-2)
[+00:31:42.699] VoxelChunk: GenerateAsync (6,-27,0)
[+00:31:42.700] VoxelChunk: GenerateAsync (6,-23,-2)
[+00:31:42.701] VoxelChunk: GenerateAsync (6,-23,0)
[+00:31:42.709] VoxelChunk: GenerateAsync (4,-27,0)
[+00:31:42.711] VoxelChunk: GenerateAsync (7,-26,0)
[+00:31:42.712] VoxelChunk: GenerateAsync (3,-24,-2)
[+00:31:42.713] VoxelChunk: GenerateAsync (4,-23,0)
[+00:31:42.721] VoxelMesh: Chunk X=-3 Y=0 Z=-4 FlatVerts=1038 SlopeVerts=1020
[+00:31:42.721] VoxelChunk: GenerateAsync (6,-26,1)
[+00:31:42.723] VoxelMesh: Chunk X=6 Y=-26 Z=1 FlatVerts=1038 SlopeVerts=1020
[+00:31:42.723] VoxelChunk: GenerateAsync (4,-27,-2)
[+00:31:42.723] VoxelMesh: Chunk X=3 Y=-1 Z=-4 FlatVerts=78 SlopeVerts=402
[+00:31:42.724] VoxelChunk: GenerateAsync (4,-24,1)
[+00:31:42.726] VoxelMesh: Chunk X=4 Y=-24 Z=1 FlatVerts=78 SlopeVerts=402
[+00:31:42.726] VoxelChunk: GenerateAsync (6,-26,-3)
[+00:31:42.734] VoxelChunk: GenerateAsync (7,-26,-2)
[+00:31:42.736] VoxelChunk: GenerateAsync (6,-27,-2)
[+00:31:42.737] VoxelMesh: Chunk X=0 Y=-1 Z=-4 FlatVerts=462 SlopeVerts=1110
[+00:31:42.738] VoxelChunk: GenerateAsync (6,-24,1)
[+00:31:42.739] VoxelMesh: Chunk X=6 Y=-24 Z=1 FlatVerts=462 SlopeVerts=1110
[+00:31:42.739] VoxelChunk: GenerateAsync (3,-26,-2)
[+00:31:42.748] VoxelChunk: GenerateAsync (6,-24,-3)
[+00:31:42.750] VoxelChunk: GenerateAsync (4,-24,-3)
[+00:31:42.751] VoxelChunk: GenerateAsync (3,-24,0)
[+00:31:42.753] VoxelChunk: GenerateAsync (4,-26,-3)
[+00:31:42.762] VoxelChunk: GenerateAsync (3,-27,-1)
[+00:31:42.763] VoxelMesh: Chunk X=-3 Y=2 Z=-4 FlatVerts=1278 SlopeVerts=1290
[+00:31:42.763] VoxelChunk: GenerateAsync (5,-23,1)
[+00:31:42.765] VoxelMesh: Chunk X=5 Y=-23 Z=1 FlatVerts=1278 SlopeVerts=1290
[+00:31:42.765] VoxelChunk: GenerateAsync (7,-27,-1)
[+00:31:42.766] VoxelChunk: GenerateAsync (5,-27,-3)
[+00:31:42.778] VoxelMesh: Chunk X=0 Y=0 Z=0 FlatVerts=6774 SlopeVerts=2268
[+00:31:42.779] VoxelChunk: GenerateAsync (5,-27,1)
[+00:31:42.780] VoxelMesh: Chunk X=5 Y=-27 Z=1 FlatVerts=876 SlopeVerts=1362
[+00:31:42.785] VoxelChunk: GenerateAsync (7,-25,-3)
[+00:31:42.789] VoxelChunk: GenerateAsync (3,-23,-1)
[+00:31:42.794] VoxelMesh: Chunk X=0 Y=0 Z=0 FlatVerts=492 SlopeVerts=15378
[+00:31:42.794] VoxelChunk: GenerateAsync (7,-25,1)
[+00:31:42.806] VoxelChunk: GenerateAsync (7,-23,-1)
[+00:31:42.813] VoxelChunk: GenerateAsync (3,-25,-3)
[+00:31:42.819] VoxelChunk: GenerateAsync (5,-23,-3)
[+00:31:42.824] VoxelMesh: Chunk X=0 Y=0 Z=0 FlatVerts=6780 SlopeVerts=3618
[+00:31:42.825] VoxelChunk: GenerateAsync (3,-25,1)
[+00:31:42.840] VoxelChunk: GenerateAsync (5,-25,-4)
[+00:31:42.844] VoxelMesh: Chunk X=0 Y=0 Z=0 FlatVerts=6882 SlopeVerts=3972
[+00:31:42.846] VoxelChunk: GenerateAsync (6,-23,1)
[+00:31:42.847] VoxelMesh: Chunk X=6 Y=-23 Z=1 FlatVerts=1920 SlopeVerts=12
[+00:31:42.852] VoxelChunk: GenerateAsync (8,-25,-1)
[+00:31:42.857] VoxelMesh: Chunk X=0 Y=0 Z=0 FlatVerts=1080 SlopeVerts=17328
[+00:31:42.859] VoxelChunk: GenerateAsync (7,-26,1)
[+00:31:42.860] VoxelMesh: Chunk X=7 Y=-26 Z=1 FlatVerts=906 SlopeVerts=1134
[+00:31:42.870] VoxelChunk: GenerateAsync (7,-27,-1)
[+00:31:42.870] VoxelChunk: GenerateAsync (5,-23,1)
[+00:31:42.870] VoxelChunk: GenerateAsync (3,-24,0)
[+00:31:42.870] VoxelChunk: GenerateAsync (6,-24,1)
[+00:31:42.870] VoxelChunk: GenerateAsync (4,-24,1)
[+00:31:42.870] VoxelChunk: GenerateAsync (6,-26,1)
[+00:31:42.870] VoxelChunk: GenerateAsync (4,-23,0)
[+00:31:42.870] VoxelChunk: GenerateAsync (7,-26,0)
[+00:31:42.870] VoxelChunk: GenerateAsync (4,-27,0)
[+00:31:42.870] VoxelChunk: GenerateAsync (6,-23,0)
[+00:31:42.870] VoxelChunk: GenerateAsync (6,-27,0)
[+00:31:42.870] VoxelChunk: GenerateAsync (7,-24,0)
[+00:31:42.870] VoxelChunk: GenerateAsync (3,-26,0)
[+00:31:42.870] VoxelChunk: GenerateAsync (4,-26,1)
[+00:31:42.870] VoxelChunk: GenerateAsync (4,-25,1)
[+00:31:42.870] VoxelChunk: GenerateAsync (7,-24,-1)
[+00:31:42.870] VoxelChunk: GenerateAsync (5,-24,1)
[+00:31:42.870] VoxelChunk: GenerateAsync (6,-23,-1)
[+00:31:42.870] VoxelChunk: GenerateAsync (5,-27,0)
[+00:31:42.870] VoxelChunk: GenerateAsync (5,-26,1)
[+00:31:42.870] VoxelChunk: GenerateAsync (6,-25,1)
[+00:31:42.870] VoxelChunk: GenerateAsync (7,-25,0)
[+00:31:42.870] VoxelChunk: GenerateAsync (3,-25,0)
[+00:31:42.870] VoxelChunk: GenerateAsync (5,-23,0)
[+00:31:42.870] VoxelChunk: GenerateAsync (5,-25,1)
[+00:31:42.870] VoxelMesh: Chunk X=5 Y=-23 Z=1 FlatVerts=336 SlopeVerts=270
[+00:31:42.870] VoxelChunk: GenerateAsync (6,-24,0)
[+00:31:42.870] VoxelChunk: GenerateAsync (4,-24,0)
[+00:31:42.870] VoxelChunk: GenerateAsync (6,-26,0)
[+00:31:42.870] VoxelChunk: GenerateAsync (5,-24,0)
[+00:31:42.870] VoxelChunk: GenerateAsync (6,-25,0)
[+00:31:42.870] VoxelChunk: GenerateAsync (5,-27,1)
[+00:31:42.870] VoxelChunk: GenerateAsync (3,-23,-1)
[+00:31:42.870] VoxelChunk: GenerateAsync (7,-25,1)
[+00:31:42.870] VoxelChunk: GenerateAsync (7,-23,-1)
[+00:31:42.870] VoxelChunk: GenerateAsync (3,-25,1)
[+00:31:42.870] VoxelChunk: GenerateAsync (6,-23,1)
[+00:31:42.870] VoxelChunk: GenerateAsync (8,-25,-1)
[+00:31:42.870] VoxelChunk: GenerateAsync (7,-26,1)
[+00:31:42.871] VoxelMesh: Chunk X=4 Y=-24 Z=1 FlatVerts=6 SlopeVerts=78
[+00:31:42.871] VoxelMesh: Chunk X=6 Y=-24 Z=1 FlatVerts=108 SlopeVerts=294
[+00:31:42.871] VoxelMesh: Chunk X=6 Y=-26 Z=1 FlatVerts=318 SlopeVerts=204
[+00:31:42.871] VoxelMesh: Chunk X=4 Y=-26 Z=1 FlatVerts=558 SlopeVerts=132
[+00:31:42.872] VoxelMesh: Chunk X=4 Y=-25 Z=1 FlatVerts=30 SlopeVerts=132
[+00:31:42.872] VoxelMesh: Chunk X=5 Y=-26 Z=1 FlatVerts=558 SlopeVerts=120
[+00:31:42.873] VoxelMesh: Chunk X=5 Y=-24 Z=1 FlatVerts=114 SlopeVerts=306
[+00:31:42.873] VoxelMesh: Chunk X=-2 Y=-3 Z=4 FlatVerts=0 SlopeVerts=0
[+00:31:42.873] VoxelMesh: Chunk X=5 Y=-25 Z=1 FlatVerts=42 SlopeVerts=114
[+00:31:42.873] VoxelChunk: GenerateAsync (3,-24,1)
[+00:31:42.874] VoxelMesh: Chunk X=5 Y=-27 Z=1 FlatVerts=198 SlopeVerts=348
[+00:31:42.874] VoxelMesh: Chunk X=6 Y=-23 Z=1 FlatVerts=504 SlopeVerts=0
[+00:31:42.874] VoxelMesh: Chunk X=-1 Y=-3 Z=4 FlatVerts=270 SlopeVerts=534
[+00:31:42.874] VoxelMesh: Chunk X=7 Y=-26 Z=1 FlatVerts=210 SlopeVerts=264
[+00:31:42.874] VoxelChunk: GenerateAsync (3,-26,1)
[+00:31:42.876] VoxelMesh: Chunk X=3 Y=-24 Z=1 FlatVerts=0 SlopeVerts=0
[+00:31:42.876] VoxelMesh: Chunk X=0 Y=-3 Z=4 FlatVerts=1878 SlopeVerts=684
[+00:31:42.876] VoxelMesh: Chunk X=3 Y=-26 Z=1 FlatVerts=270 SlopeVerts=534
[+00:31:42.876] VoxelChunk: GenerateAsync (6,-27,1)
[+00:31:42.878] VoxelMesh: Chunk X=1 Y=-3 Z=4 FlatVerts=174 SlopeVerts=798
[+00:31:42.878] VoxelMesh: Chunk X=6 Y=-27 Z=1 FlatVerts=1878 SlopeVerts=684
[+00:31:42.878] VoxelChunk: GenerateAsync (4,-27,1)
[+00:31:42.878] VoxelMesh: Chunk X=4 Y=-27 Z=1 FlatVerts=174 SlopeVerts=798
[+00:31:42.888] VoxelWater: Chunk X=5 Y=-23 Z=1 emitted 20 procedural water vertices (Ocean/Pools)
[+00:31:42.888] VoxelWater: Chunk X=6 Y=-23 Z=1 emitted 4 procedural water vertices (Ocean/Pools)
[+00:31:42.888] VoxelWater: Chunk X=4 Y=-24 Z=1 emitted 12 procedural water vertices (Ocean/Pools)
[+00:31:42.888] VoxelWater: Chunk X=4 Y=-26 Z=1 emitted 76 procedural water vertices (Ocean/Pools)
[+00:31:42.888] VoxelWater: Chunk X=5 Y=-26 Z=1 emitted 52 procedural water vertices (Ocean/Pools)
[+00:31:42.888] VoxelWater: Chunk X=4 Y=-25 Z=1 emitted 28 procedural water vertices (Ocean/Pools)
[+00:31:42.888] VoxelWater: Chunk X=6 Y=-26 Z=1 emitted 4 procedural water vertices (Ocean/Pools)
[+00:31:42.888] VoxelWater: Chunk X=4 Y=-26 Z=2 emitted 20 procedural water vertices (Ocean/Pools)
[+00:31:42.889] VoxelWater: Chunk X=4 Y=-25 Z=2 emitted 172 procedural water vertices (Ocean/Pools)
[+00:31:42.889] VoxelWater: Chunk X=4 Y=-25 Z=3 emitted 92 procedural water vertices (Ocean/Pools)
[+00:31:42.889] VoxelWater: Chunk X=5 Y=-25 Z=2 emitted 296 procedural water vertices (Ocean/Pools)
[+00:31:42.889] VoxelWater: Chunk X=4 Y=-24 Z=2 emitted 108 procedural water vertices (Ocean/Pools)
[+00:31:42.889] VoxelWater: Chunk X=4 Y=-24 Z=3 emitted 144 procedural water vertices (Ocean/Pools)
[+00:31:42.889] VoxelWater: Chunk X=5 Y=-25 Z=3 emitted 192 procedural water vertices (Ocean/Pools)
[+00:31:42.889] VoxelWater: Chunk X=5 Y=-24 Z=2 emitted 156 procedural water vertices (Ocean/Pools)
[+00:31:42.889] VoxelWater: Chunk X=5 Y=-24 Z=3 emitted 20 procedural water vertices (Ocean/Pools)
[+00:31:42.889] VoxelWater: Chunk X=6 Y=-24 Z=3 emitted 124 procedural water vertices (Ocean/Pools)
[+00:31:42.889] VoxelWater: Chunk X=6 Y=-26 Z=2 emitted 80 procedural water vertices (Ocean/Pools)
[+00:31:42.889] VoxelWater: Chunk X=6 Y=-26 Z=3 emitted 16 procedural water vertices (Ocean/Pools)
[+00:31:42.889] VoxelWater: Chunk X=6 Y=-25 Z=3 emitted 252 procedural water vertices (Ocean/Pools)
[+00:31:42.889] VoxelWater: Chunk X=6 Y=-25 Z=2 emitted 16 procedural water vertices (Ocean/Pools)
[+00:31:42.889] VoxelWater: Chunk X=6 Y=-24 Z=2 emitted 100 procedural water vertices (Ocean/Pools)
[+00:31:42.889] VoxelWater: Chunk X=6 Y=-24 Z=1 emitted 8 procedural water vertices (Ocean/Pools)
[+00:31:42.889] VoxelWater: Chunk X=5 Y=-27 Z=1 emitted 12 procedural water vertices (Ocean/Pools)
[+00:31:42.889] VoxelWater: Chunk X=7 Y=-26 Z=1 emitted 20 procedural water vertices (Ocean/Pools)
[+00:31:42.902] VoxelChunk: GenerateAsync (7,-23,0)
[+00:31:42.903] VoxelChunk: GenerateAsync (3,-23,0)
[+00:31:42.904] VoxelMesh: Chunk X=-3 Y=-2 Z=4 FlatVerts=0 SlopeVerts=96
[+00:31:42.905] VoxelChunk: GenerateAsync (7,-24,1)
[+00:31:42.905] VoxelChunk: GenerateAsync (7,-27,0)
[+00:31:42.905] VoxelMesh: Chunk X=7 Y=-24 Z=1 FlatVerts=0 SlopeVerts=96
[+00:31:42.914] VoxelMesh: Chunk X=-1 Y=-2 Z=4 FlatVerts=48 SlopeVerts=228
[+00:31:42.914] VoxelChunk: GenerateAsync (4,-23,1)
[+00:31:42.916] VoxelMesh: Chunk X=4 Y=-23 Z=1 FlatVerts=48 SlopeVerts=228
[+00:31:42.916] VoxelChunk: GenerateAsync (3,-27,0)
[+00:31:42.918] VoxelChunk: GenerateAsync (5,-22,-1)
[+00:31:42.919] VoxelChunk: GenerateAsync (3,-26,-3)
[+00:31:42.929] VoxelChunk: GenerateAsync (2,-25,-1)
[+00:31:42.931] VoxelChunk: GenerateAsync (5,-28,-1)
[+00:31:42.932] VoxelChunk: GenerateAsync (7,-23,-2)
[+00:31:42.934] VoxelChunk: GenerateAsync (3,-23,-2)
[+00:31:42.942] VoxelChunk: GenerateAsync (7,-27,-2)
[+00:31:42.944] VoxelChunk: GenerateAsync (3,-27,-2)
[+00:31:42.945] VoxelChunk: GenerateAsync (6,-23,-3)
[+00:31:42.948] VoxelChunk: GenerateAsync (4,-27,-3)
[+00:31:42.956] VoxelChunk: GenerateAsync (4,-23,-3)
[+00:31:42.958] VoxelChunk: GenerateAsync (6,-27,-3)
[+00:31:42.959] VoxelChunk: GenerateAsync (7,-24,-3)
[+00:31:42.961] VoxelChunk: GenerateAsync (3,-24,-3)
[+00:31:42.968] VoxelChunk: GenerateAsync (7,-26,-3)
[+00:31:42.969] VoxelChunk: GenerateAsync (4,-28,-1)
[+00:31:42.971] VoxelChunk: GenerateAsync (2,-25,0)
[+00:31:42.972] VoxelChunk: GenerateAsync (2,-25,-2)
[+00:31:42.983] VoxelChunk: GenerateAsync (2,-26,-1)
[+00:31:42.984] VoxelChunk: GenerateAsync (5,-22,0)
[+00:31:42.985] VoxelChunk: GenerateAsync (6,-25,-4)
[+00:31:42.986] VoxelChunk: GenerateAsync (5,-26,-4)
[+00:31:42.994] VoxelChunk: GenerateAsync (8,-26,-1)
[+00:31:42.995] VoxelChunk: GenerateAsync (5,-24,-4)
[+00:31:42.997] VoxelChunk: GenerateAsync (5,-28,-2)
[+00:31:42.998] VoxelChunk: GenerateAsync (5,-28,0)
[+00:31:43.006] VoxelChunk: GenerateAsync (8,-25,-2)
[+00:31:43.007] VoxelChunk: GenerateAsync (4,-22,-1)
[+00:31:43.009] VoxelChunk: GenerateAsync (8,-25,0)
[+00:31:43.010] VoxelChunk: GenerateAsync (5,-22,-2)
[+00:31:43.017] VoxelChunk: GenerateAsync (4,-25,-4)
[+00:31:43.019] VoxelChunk: GenerateAsync (8,-24,-1)
[+00:31:43.021] VoxelChunk: GenerateAsync (6,-22,-1)
[+00:31:43.022] VoxelChunk: GenerateAsync (6,-28,-1)
[+00:31:43.030] VoxelChunk: GenerateAsync (2,-24,-1)
[+00:31:43.030] VoxelChunk: GenerateAsync (6,-22,0)
[+00:31:43.032] VoxelChunk: GenerateAsync (6,-28,0)
[+00:31:43.032] VoxelChunk: GenerateAsync (4,-22,0)
[+00:31:43.045] VoxelChunk: GenerateAsync (6,-24,-4)
[+00:31:43.051] VoxelChunk: GenerateAsync (4,-24,-4)
[+00:31:43.056] VoxelMesh: Chunk X=0 Y=0 Z=0 FlatVerts=1566 SlopeVerts=3216
[+00:31:43.056] VoxelChunk: GenerateAsync (2,-24,0)
[+00:31:43.060] VoxelMesh: Chunk X=0 Y=0 Z=0 FlatVerts=2640 SlopeVerts=4614
[+00:31:43.060] VoxelChunk: GenerateAsync (8,-24,0)
[+00:31:43.074] VoxelMesh: Chunk X=0 Y=0 Z=0 FlatVerts=6354 SlopeVerts=1686
[+00:31:43.076] VoxelChunk: GenerateAsync (2,-26,0)
[+00:31:43.081] VoxelMesh: Chunk X=0 Y=0 Z=0 FlatVerts=0 SlopeVerts=48
[+00:31:43.081] VoxelChunk: GenerateAsync (8,-26,0)
[+00:31:43.084] VoxelMesh: Chunk X=0 Y=0 Z=0 FlatVerts=2376 SlopeVerts=2718
[+00:31:43.085] VoxelChunk: GenerateAsync (4,-28,0)
[+00:31:43.092] VoxelChunk: GenerateAsync (6,-28,-2)
[+00:31:43.106] VoxelWater: Chunk X=5 Y=-23 Z=1 emitted 40 procedural water vertices (Ocean/Pools)
[+00:31:43.106] VoxelWater: Chunk X=6 Y=-24 Z=1 emitted 48 procedural water vertices (Ocean/Pools)
[+00:31:43.107] VoxelWater: Chunk X=4 Y=-24 Z=1 emitted 20 procedural water vertices (Ocean/Pools)
[+00:31:43.107] VoxelWater: Chunk X=6 Y=-26 Z=1 emitted 36 procedural water vertices (Ocean/Pools)
[+00:31:43.107] VoxelWater: Chunk X=4 Y=-26 Z=1 emitted 148 procedural water vertices (Ocean/Pools)
[+00:31:43.107] VoxelWater: Chunk X=5 Y=-25 Z=1 emitted 8 procedural water vertices (Ocean/Pools)
[+00:31:43.107] VoxelWater: Chunk X=4 Y=-25 Z=1 emitted 40 procedural water vertices (Ocean/Pools)
[+00:31:43.107] VoxelWater: Chunk X=5 Y=-26 Z=1 emitted 84 procedural water vertices (Ocean/Pools)
[+00:31:43.107] VoxelWater: Chunk X=4 Y=-26 Z=2 emitted 12 procedural water vertices (Ocean/Pools)
[+00:31:43.107] VoxelWater: Chunk X=4 Y=-25 Z=2 emitted 188 procedural water vertices (Ocean/Pools)
[+00:31:43.107] VoxelWater: Chunk X=4 Y=-25 Z=3 emitted 96 procedural water vertices (Ocean/Pools)
[+00:31:43.107] VoxelWater: Chunk X=5 Y=-25 Z=2 emitted 300 procedural water vertices (Ocean/Pools)
[+00:31:43.107] VoxelWater: Chunk X=4 Y=-24 Z=2 emitted 112 procedural water vertices (Ocean/Pools)
[+00:31:43.107] VoxelWater: Chunk X=4 Y=-24 Z=3 emitted 152 procedural water vertices (Ocean/Pools)
[+00:31:43.107] VoxelWater: Chunk X=5 Y=-25 Z=3 emitted 192 procedural water vertices (Ocean/Pools)
[+00:31:43.107] VoxelWater: Chunk X=5 Y=-24 Z=2 emitted 152 procedural water vertices (Ocean/Pools)
[+00:31:43.107] VoxelWater: Chunk X=5 Y=-24 Z=3 emitted 20 procedural water vertices (Ocean/Pools)
[+00:31:43.107] VoxelWater: Chunk X=6 Y=-24 Z=3 emitted 124 procedural water vertices (Ocean/Pools)
[+00:31:43.107] VoxelWater: Chunk X=6 Y=-26 Z=2 emitted 64 procedural water vertices (Ocean/Pools)
[+00:31:43.107] VoxelWater: Chunk X=6 Y=-26 Z=3 emitted 16 procedural water vertices (Ocean/Pools)
[+00:31:43.107] VoxelWater: Chunk X=6 Y=-25 Z=3 emitted 280 procedural water vertices (Ocean/Pools)
[+00:31:43.107] VoxelWater: Chunk X=6 Y=-25 Z=2 emitted 16 procedural water vertices (Ocean/Pools)
[+00:31:43.107] VoxelWater: Chunk X=6 Y=-24 Z=2 emitted 80 procedural water vertices (Ocean/Pools)
[+00:31:43.107] VoxelWater: Chunk X=4 Y=-27 Z=1 emitted 12 procedural water vertices (Ocean/Pools)
[+00:31:43.107] VoxelWater: Chunk X=6 Y=-27 Z=1 emitted 48 procedural water vertices (Ocean/Pools)
[+00:31:43.107] VoxelWater: Chunk X=3 Y=-26 Z=1 emitted 12 procedural water vertices (Ocean/Pools)
[+00:31:43.107] VoxelWater: Chunk X=5 Y=-27 Z=1 emitted 20 procedural water vertices (Ocean/Pools)
[+00:31:43.107] VoxelWater: Chunk X=6 Y=-23 Z=1 emitted 4 procedural water vertices (Ocean/Pools)
[+00:31:43.107] VoxelWater: Chunk X=7 Y=-26 Z=1 emitted 36 procedural water vertices (Ocean/Pools)
[+00:31:43.120] VoxelChunk: GenerateAsync (8,-24,-2)
[+00:31:43.127] VoxelChunk: GenerateAsync (4,-22,-2)
[+00:31:43.134] VoxelChunk: GenerateAsync (8,-26,-2)
[+00:31:43.140] VoxelChunk: GenerateAsync (2,-24,-2)
[+00:31:43.153] VoxelChunk: GenerateAsync (4,-28,-2)
[+00:31:43.159] VoxelChunk: GenerateAsync (6,-22,-2)
[+00:31:43.164] VoxelChunk: GenerateAsync (2,-26,-2)
[+00:31:43.169] VoxelChunk: GenerateAsync (4,-26,-4)
[+00:31:43.183] VoxelChunk: GenerateAsync (6,-26,-4)
[+00:31:43.187] VoxelMesh: Chunk X=0 Y=0 Z=0 FlatVerts=2418 SlopeVerts=15198
[+00:31:43.189] VoxelChunk: GenerateAsync (3,-23,1)
[+00:31:43.192] VoxelMesh: Chunk X=3 Y=-23 Z=1 FlatVerts=42 SlopeVerts=444
[+00:31:43.194] VoxelMesh: Chunk X=0 Y=0 Z=0 FlatVerts=3462 SlopeVerts=16512
[+00:31:43.196] VoxelChunk: GenerateAsync (7,-27,1)
[+00:31:43.197] VoxelMesh: Chunk X=7 Y=-27 Z=1 FlatVerts=2034 SlopeVerts=0
[+00:31:43.201] VoxelChunk: GenerateAsync (3,-27,-3)
[+00:31:43.216] VoxelChunk: GenerateAsync (7,-23,-3)
[+00:31:43.223] VoxelChunk: GenerateAsync (3,-23,-3)
[+00:31:43.227] VoxelMesh: Chunk X=0 Y=0 Z=0 FlatVerts=6060 SlopeVerts=5592
[+00:31:43.229] VoxelChunk: GenerateAsync (7,-23,1)
[+00:31:43.229] VoxelMesh: Chunk X=7 Y=-23 Z=1 FlatVerts=1170 SlopeVerts=840
[+00:31:43.233] VoxelMesh: Chunk X=0 Y=0 Z=0 FlatVerts=6546 SlopeVerts=2784
[+00:31:43.235] VoxelChunk: GenerateAsync (3,-27,1)
[+00:31:43.235] VoxelMesh: Chunk X=3 Y=-27 Z=1 FlatVerts=12 SlopeVerts=66
[+00:31:43.249] VoxelChunk: GenerateAsync (7,-27,-3)
[+00:31:43.256] VoxelChunk: GenerateAsync (5,-23,-4)
[+00:31:43.262] VoxelChunk: GenerateAsync (8,-25,-3)
[+00:31:43.268] VoxelChunk: GenerateAsync (2,-25,-3)
[+00:31:43.281] VoxelMesh: Chunk X=0 Y=0 Z=0 FlatVerts=5142 SlopeVerts=10554
[+00:31:43.281] VoxelChunk: GenerateAsync (2,-25,1)
[+00:31:43.287] VoxelMesh: Chunk X=0 Y=0 Z=0 FlatVerts=210 SlopeVerts=12792
[+00:31:43.287] VoxelChunk: GenerateAsync (8,-25,1)
[+00:31:43.290] VoxelMesh: Chunk X=8 Y=-25 Z=1 FlatVerts=0 SlopeVerts=96
[+00:31:43.294] VoxelChunk: GenerateAsync (7,-25,-4)
[+00:31:43.300] VoxelChunk: GenerateAsync (5,-22,-3)
[+00:31:43.317] VoxelWater: Chunk X=5 Y=-23 Z=1 emitted 40 procedural water vertices (Ocean/Pools)
[+00:31:43.318] VoxelWater: Chunk X=6 Y=-24 Z=1 emitted 52 procedural water vertices (Ocean/Pools)
[+00:31:43.318] VoxelWater: Chunk X=4 Y=-24 Z=1 emitted 24 procedural water vertices (Ocean/Pools)
[+00:31:43.318] VoxelWater: Chunk X=6 Y=-26 Z=1 emitted 36 procedural water vertices (Ocean/Pools)
[+00:31:43.318] VoxelWater: Chunk X=4 Y=-26 Z=1 emitted 168 procedural water vertices (Ocean/Pools)
[+00:31:43.318] VoxelWater: Chunk X=5 Y=-25 Z=1 emitted 12 procedural water vertices (Ocean/Pools)
[+00:31:43.318] VoxelWater: Chunk X=4 Y=-25 Z=1 emitted 44 procedural water vertices (Ocean/Pools)
[+00:31:43.318] VoxelWater: Chunk X=5 Y=-26 Z=1 emitted 84 procedural water vertices (Ocean/Pools)
[+00:31:43.318] VoxelWater: Chunk X=4 Y=-26 Z=2 emitted 12 procedural water vertices (Ocean/Pools)
[+00:31:43.318] VoxelWater: Chunk X=4 Y=-25 Z=2 emitted 220 procedural water vertices (Ocean/Pools)
[+00:31:43.318] VoxelWater: Chunk X=4 Y=-25 Z=3 emitted 100 procedural water vertices (Ocean/Pools)
[+00:31:43.318] VoxelWater: Chunk X=4 Y=-24 Z=3 emitted 156 procedural water vertices (Ocean/Pools)
[+00:31:43.318] VoxelWater: Chunk X=5 Y=-25 Z=2 emitted 308 procedural water vertices (Ocean/Pools)
[+00:31:43.318] VoxelWater: Chunk X=4 Y=-24 Z=2 emitted 124 procedural water vertices (Ocean/Pools)
[+00:31:43.318] VoxelWater: Chunk X=5 Y=-25 Z=3 emitted 192 procedural water vertices (Ocean/Pools)
[+00:31:43.318] VoxelWater: Chunk X=5 Y=-24 Z=2 emitted 156 procedural water vertices (Ocean/Pools)
[+00:31:43.318] VoxelWater: Chunk X=5 Y=-24 Z=3 emitted 20 procedural water vertices (Ocean/Pools)
[+00:31:43.318] VoxelWater: Chunk X=6 Y=-24 Z=3 emitted 124 procedural water vertices (Ocean/Pools)
[+00:31:43.318] VoxelWater: Chunk X=6 Y=-26 Z=2 emitted 64 procedural water vertices (Ocean/Pools)
[+00:31:43.318] VoxelWater: Chunk X=6 Y=-26 Z=3 emitted 16 procedural water vertices (Ocean/Pools)
[+00:31:43.318] VoxelWater: Chunk X=6 Y=-25 Z=3 emitted 288 procedural water vertices (Ocean/Pools)
[+00:31:43.318] VoxelWater: Chunk X=6 Y=-25 Z=2 emitted 20 procedural water vertices (Ocean/Pools)
[+00:31:43.318] VoxelWater: Chunk X=6 Y=-24 Z=2 emitted 88 procedural water vertices (Ocean/Pools)
[+00:31:43.318] VoxelWater: Chunk X=6 Y=-25 Z=1 emitted 8 procedural water vertices (Ocean/Pools)
[+00:31:43.318] VoxelWater: Chunk X=4 Y=-27 Z=1 emitted 12 procedural water vertices (Ocean/Pools)
[+00:31:43.318] VoxelWater: Chunk X=5 Y=-27 Z=1 emitted 24 procedural water vertices (Ocean/Pools)
[+00:31:43.318] VoxelWater: Chunk X=7 Y=-27 Z=1 emitted 36 procedural water vertices (Ocean/Pools)
[+00:31:43.318] VoxelWater: Chunk X=6 Y=-27 Z=1 emitted 52 procedural water vertices (Ocean/Pools)
[+00:31:43.318] VoxelWater: Chunk X=3 Y=-26 Z=1 emitted 16 procedural water vertices (Ocean/Pools)
[+00:31:43.318] VoxelWater: Chunk X=6 Y=-23 Z=1 emitted 4 procedural water vertices (Ocean/Pools)
[+00:31:43.318] VoxelWater: Chunk X=7 Y=-26 Z=1 emitted 52 procedural water vertices (Ocean/Pools)
[+00:31:43.332] VoxelMesh: Chunk X=0 Y=0 Z=0 FlatVerts=60 SlopeVerts=1110
[+00:31:43.332] VoxelChunk: GenerateAsync (3,-25,2)
[+00:31:43.334] VoxelMesh: Chunk X=3 Y=-25 Z=2 FlatVerts=0 SlopeVerts=150
[+00:31:43.339] VoxelChunk: GenerateAsync (3,-25,-4)
[+00:31:43.344] VoxelChunk: GenerateAsync (5,-28,-3)
[+00:31:43.347] VoxelChunk: GenerateAsync (8,-23,-1)
[+00:31:43.361] VoxelMesh: Chunk X=0 Y=0 Z=0 FlatVerts=396 SlopeVerts=32790
[+00:31:43.362] VoxelChunk: GenerateAsync (7,-25,2)
[+00:31:43.365] VoxelMesh: Chunk X=7 Y=-25 Z=2 FlatVerts=0 SlopeVerts=12
[+00:31:43.369] VoxelChunk: GenerateAsync (5,-27,-4)
[+00:31:43.375] VoxelMesh: Chunk X=0 Y=0 Z=0 FlatVerts=0 SlopeVerts=0
[+00:31:43.375] VoxelChunk: GenerateAsync (5,-23,2)
[+00:31:43.377] VoxelMesh: Chunk X=5 Y=-23 Z=2 FlatVerts=6 SlopeVerts=1044
[+00:31:43.379] VoxelChunk: GenerateAsync (2,-27,-1)
[+00:31:43.387] VoxelChunk: GenerateAsync (3,-27,-1)
[+00:31:43.387] VoxelChunk: GenerateAsync (6,-23,-2)
[+00:31:43.387] VoxelChunk: GenerateAsync (7,-24,-2)
[+00:31:43.387] VoxelChunk: GenerateAsync (3,-24,-1)
[+00:31:43.387] VoxelChunk: GenerateAsync (4,-23,-1)
[+00:31:43.387] VoxelChunk: GenerateAsync (4,-27,-1)
[+00:31:43.387] VoxelChunk: GenerateAsync (6,-27,-1)
[+00:31:43.387] VoxelChunk: GenerateAsync (3,-26,-1)
[+00:31:43.387] VoxelChunk: GenerateAsync (7,-26,-1)
[+00:31:43.387] VoxelChunk: GenerateAsync (5,-23,-1)
[+00:31:43.387] VoxelChunk: GenerateAsync (4,-26,3)
[+00:31:43.387] VoxelChunk: GenerateAsync (4,-25,3)
[+00:31:43.387] VoxelChunk: GenerateAsync (4,-24,-1)
[+00:31:43.387] VoxelChunk: GenerateAsync (4,-24,3)
[+00:31:43.387] VoxelChunk: GenerateAsync (5,-26,3)
[+00:31:43.387] VoxelChunk: GenerateAsync (5,-25,3)
[+00:31:43.387] VoxelChunk: GenerateAsync (5,-24,-1)
[+00:31:43.387] VoxelChunk: GenerateAsync (5,-24,3)
[+00:31:43.387] VoxelChunk: GenerateAsync (6,-26,-1)
[+00:31:43.387] VoxelChunk: GenerateAsync (6,-26,3)
[+00:31:43.387] VoxelChunk: GenerateAsync (6,-25,-1)
[+00:31:43.387] VoxelChunk: GenerateAsync (6,-25,3)
[+00:31:43.387] VoxelChunk: GenerateAsync (6,-24,-1)
[+00:31:43.387] VoxelChunk: GenerateAsync (6,-24,3)
[+00:31:43.387] VoxelChunk: GenerateAsync (5,-27,-1)
[+00:31:43.387] VoxelChunk: GenerateAsync (3,-25,-1)
[+00:31:43.387] VoxelChunk: GenerateAsync (7,-25,-1)
[+00:31:43.387] VoxelChunk: GenerateAsync (4,-26,0)
[+00:31:43.387] VoxelChunk: GenerateAsync (4,-25,0)
[+00:31:43.387] VoxelChunk: GenerateAsync (5,-26,0)
[+00:31:43.387] VoxelChunk: GenerateAsync (5,-25,0)
[+00:31:43.387] VoxelChunk: GenerateAsync (4,-22,0)
[+00:31:43.387] VoxelChunk: GenerateAsync (6,-28,0)
[+00:31:43.387] VoxelChunk: GenerateAsync (6,-22,0)
[+00:31:43.387] VoxelChunk: GenerateAsync (2,-24,-1)
[+00:31:43.387] VoxelChunk: GenerateAsync (6,-28,-1)
[+00:31:43.387] VoxelChunk: GenerateAsync (6,-22,-1)
[+00:31:43.387] VoxelChunk: GenerateAsync (8,-24,-1)
[+00:31:43.387] VoxelChunk: GenerateAsync (5,-22,-2)
[+00:31:43.387] VoxelChunk: GenerateAsync (8,-25,0)
[+00:31:43.387] VoxelChunk: GenerateAsync (4,-22,-1)
[+00:31:43.387] VoxelChunk: GenerateAsync (8,-25,-2)
[+00:31:43.387] VoxelChunk: GenerateAsync (5,-28,0)
[+00:31:43.387] VoxelChunk: GenerateAsync (8,-26,-1)
[+00:31:43.387] VoxelChunk: GenerateAsync (5,-22,0)
[+00:31:43.387] VoxelChunk: GenerateAsync (2,-26,-1)
[+00:31:43.387] VoxelChunk: GenerateAsync (2,-25,0)
[+00:31:43.387] VoxelChunk: GenerateAsync (4,-28,-1)
[+00:31:43.387] VoxelChunk: GenerateAsync (7,-27,-2)
[+00:31:43.387] VoxelChunk: GenerateAsync (3,-23,-2)
[+00:31:43.387] VoxelChunk: GenerateAsync (7,-23,-2)
[+00:31:43.387] VoxelChunk: GenerateAsync (5,-28,-1)
[+00:31:43.387] VoxelChunk: GenerateAsync (2,-25,-1)
[+00:31:43.387] VoxelChunk: GenerateAsync (5,-22,-1)
[+00:31:43.387] VoxelChunk: GenerateAsync (3,-27,0)
[+00:31:43.387] VoxelChunk: GenerateAsync (4,-23,1)
[+00:31:43.387] VoxelChunk: GenerateAsync (7,-27,0)
[+00:31:43.387] VoxelChunk: GenerateAsync (7,-24,1)
[+00:31:43.387] VoxelChunk: GenerateAsync (3,-23,0)
[+00:31:43.387] VoxelChunk: GenerateAsync (7,-23,0)
[+00:31:43.387] VoxelChunk: GenerateAsync (4,-27,1)
[+00:31:43.387] VoxelChunk: GenerateAsync (6,-27,1)
[+00:31:43.387] VoxelChunk: GenerateAsync (3,-26,1)
[+00:31:43.387] VoxelChunk: GenerateAsync (3,-24,1)
[+00:31:43.387] VoxelChunk: GenerateAsync (2,-24,0)
[+00:31:43.387] VoxelChunk: GenerateAsync (8,-24,0)
[+00:31:43.387] VoxelChunk: GenerateAsync (2,-26,0)
[+00:31:43.387] VoxelChunk: GenerateAsync (8,-26,0)
[+00:31:43.387] VoxelChunk: GenerateAsync (4,-28,0)
[+00:31:43.387] VoxelChunk: GenerateAsync (6,-28,-2)
[+00:31:43.387] VoxelChunk: GenerateAsync (8,-24,-2)
[+00:31:43.387] VoxelChunk: GenerateAsync (4,-22,-2)
[+00:31:43.387] VoxelChunk: GenerateAsync (8,-26,-2)
[+00:31:43.387] VoxelChunk: GenerateAsync (2,-24,-2)
[+00:31:43.387] VoxelChunk: GenerateAsync (6,-22,-2)
[+00:31:43.387] VoxelChunk: GenerateAsync (3,-23,1)
[+00:31:43.387] VoxelChunk: GenerateAsync (7,-27,1)
[+00:31:43.388] VoxelChunk: GenerateAsync (7,-23,-3)
[+00:31:43.388] VoxelChunk: GenerateAsync (7,-23,1)
[+00:31:43.388] VoxelChunk: GenerateAsync (3,-27,1)
[+00:31:43.388] VoxelChunk: GenerateAsync (8,-25,-3)
[+00:31:43.388] VoxelChunk: GenerateAsync (2,-25,1)
[+00:31:43.388] VoxelChunk: GenerateAsync (8,-25,1)
[+00:31:43.388] VoxelChunk: GenerateAsync (5,-22,-3)
[+00:31:43.388] VoxelChunk: GenerateAsync (3,-25,2)
[+00:31:43.388] VoxelChunk: GenerateAsync (8,-23,-1)
[+00:31:43.388] VoxelChunk: GenerateAsync (7,-25,2)
[+00:31:43.388] VoxelChunk: GenerateAsync (5,-23,2)
[+00:31:43.388] VoxelChunk: GenerateAsync (2,-27,-1)
[+00:31:43.389] VoxelMesh: Chunk X=4 Y=-26 Z=3 FlatVerts=0 SlopeVerts=0
[+00:31:43.389] VoxelMesh: Chunk X=4 Y=-25 Z=3 FlatVerts=36 SlopeVerts=186
[+00:31:43.389] VoxelMesh: Chunk X=5 Y=-26 Z=3 FlatVerts=0 SlopeVerts=0
[+00:31:43.389] VoxelMesh: Chunk X=4 Y=-24 Z=3 FlatVerts=72 SlopeVerts=108
[+00:31:43.389] VoxelMesh: Chunk X=5 Y=-25 Z=3 FlatVerts=36 SlopeVerts=96
[+00:31:43.389] VoxelMesh: Chunk X=5 Y=-24 Z=3 FlatVerts=0 SlopeVerts=6
[+00:31:43.390] VoxelMesh: Chunk X=6 Y=-25 Z=3 FlatVerts=12 SlopeVerts=192
[+00:31:43.390] VoxelMesh: Chunk X=6 Y=-26 Z=3 FlatVerts=0 SlopeVerts=36
[+00:31:43.391] VoxelMesh: Chunk X=6 Y=-24 Z=3 FlatVerts=0 SlopeVerts=162
[+00:31:43.395] VoxelMesh: Chunk X=4 Y=-23 Z=1 FlatVerts=12 SlopeVerts=54
[+00:31:43.396] VoxelMesh: Chunk X=4 Y=-27 Z=1 FlatVerts=24 SlopeVerts=186
[+00:31:43.396] VoxelMesh: Chunk X=7 Y=-24 Z=1 FlatVerts=0 SlopeVerts=18
[+00:31:43.396] VoxelMesh: Chunk X=6 Y=-27 Z=1 FlatVerts=480 SlopeVerts=150
[+00:31:43.396] VoxelMesh: Chunk X=3 Y=-26 Z=1 FlatVerts=66 SlopeVerts=108
[+00:31:43.397] VoxelMesh: Chunk X=3 Y=-24 Z=1 FlatVerts=0 SlopeVerts=0
[+00:31:43.397] VoxelChunk: GenerateAsync (7,-28,-1)
[+00:31:43.398] VoxelMesh: Chunk X=3 Y=-23 Z=1 FlatVerts=0 SlopeVerts=108
[+00:31:43.398] VoxelMesh: Chunk X=7 Y=-27 Z=1 FlatVerts=552 SlopeVerts=0
[+00:31:43.399] VoxelMesh: Chunk X=7 Y=-23 Z=1 FlatVerts=246 SlopeVerts=198
[+00:31:43.399] VoxelMesh: Chunk X=3 Y=-27 Z=1 FlatVerts=0 SlopeVerts=18
[+00:31:43.399] VoxelMesh: Chunk X=3 Y=-25 Z=2 FlatVerts=0 SlopeVerts=48
[+00:31:43.399] VoxelMesh: Chunk X=8 Y=-25 Z=1 FlatVerts=0 SlopeVerts=18
[+00:31:43.399] VoxelMesh: Chunk X=7 Y=-25 Z=2 FlatVerts=0 SlopeVerts=6
[+00:31:43.401] VoxelMesh: Chunk X=5 Y=-23 Z=2 FlatVerts=0 SlopeVerts=252
[+00:31:43.404] VoxelChunk: GenerateAsync (3,-22,-1)
[+00:31:43.410] VoxelMesh: Chunk X=0 Y=0 Z=0 FlatVerts=0 SlopeVerts=834
[+00:31:43.411] VoxelChunk: GenerateAsync (5,-27,2)
[+00:31:43.412] VoxelMesh: Chunk X=5 Y=-27 Z=2 FlatVerts=336 SlopeVerts=1848
[+00:31:43.416] VoxelChunk: GenerateAsync (8,-27,-1)
[+00:31:43.431] VoxelChunk: GenerateAsync (7,-22,-1)
[+00:31:43.436] VoxelMesh: Chunk X=0 Y=0 Z=0 FlatVerts=7284 SlopeVerts=4044
[+00:31:43.438] VoxelChunk: GenerateAsync (5,-22,1)
[+00:31:43.443] VoxelMesh: Chunk X=5 Y=-22 Z=1 FlatVerts=72 SlopeVerts=108
[+00:31:43.444] VoxelChunk: GenerateAsync (2,-23,-1)
[+00:31:43.449] VoxelMesh: Chunk X=0 Y=0 Z=0 FlatVerts=3930 SlopeVerts=8610
[+00:31:43.449] VoxelChunk: GenerateAsync (5,-28,1)
[+00:31:43.450] VoxelMesh: Chunk X=5 Y=-28 Z=1 FlatVerts=1812 SlopeVerts=858
[+00:31:43.463] VoxelChunk: GenerateAsync (3,-28,-1)
[+00:31:43.469] VoxelChunk: GenerateAsync (2,-23,-2)
[+00:31:43.475] VoxelChunk: GenerateAsync (8,-27,-2)
[+00:31:43.479] VoxelMesh: Chunk X=0 Y=0 Z=0 FlatVerts=2376 SlopeVerts=9630
[+00:31:43.480] VoxelChunk: GenerateAsync (4,-28,1)
[+00:31:43.481] VoxelMesh: Chunk X=4 Y=-28 Z=1 FlatVerts=420 SlopeVerts=252
[+00:31:43.494] VoxelChunk: GenerateAsync (6,-23,-4)
[+00:31:43.501] VoxelChunk: GenerateAsync (3,-22,-2)
[+00:31:43.506] VoxelChunk: GenerateAsync (7,-26,-4)
[+00:31:43.512] VoxelChunk: GenerateAsync (2,-26,-3)
[+00:31:43.531] VoxelWater: Chunk X=5 Y=-23 Z=1 emitted 40 procedural water vertices (Ocean/Pools)
[+00:31:43.532] VoxelWater: Chunk X=6 Y=-24 Z=1 emitted 60 procedural water vertices (Ocean/Pools)
[+00:31:43.532] VoxelWater: Chunk X=4 Y=-24 Z=1 emitted 24 procedural water vertices (Ocean/Pools)
[+00:31:43.532] VoxelWater: Chunk X=6 Y=-26 Z=1 emitted 36 procedural water vertices (Ocean/Pools)
[+00:31:43.532] VoxelWater: Chunk X=4 Y=-26 Z=1 emitted 188 procedural water vertices (Ocean/Pools)
[+00:31:43.532] VoxelWater: Chunk X=5 Y=-26 Z=1 emitted 96 procedural water vertices (Ocean/Pools)
[+00:31:43.532] VoxelWater: Chunk X=5 Y=-25 Z=1 emitted 8 procedural water vertices (Ocean/Pools)
[+00:31:43.532] VoxelWater: Chunk X=4 Y=-25 Z=1 emitted 64 procedural water vertices (Ocean/Pools)
[+00:31:43.532] VoxelWater: Chunk X=6 Y=-25 Z=1 emitted 12 procedural water vertices (Ocean/Pools)
[+00:31:43.532] VoxelWater: Chunk X=4 Y=-26 Z=2 emitted 12 procedural water vertices (Ocean/Pools)
[+00:31:43.532] VoxelWater: Chunk X=4 Y=-25 Z=2 emitted 256 procedural water vertices (Ocean/Pools)
[+00:31:43.532] VoxelWater: Chunk X=4 Y=-25 Z=3 emitted 164 procedural water vertices (Ocean/Pools)
[+00:31:43.532] VoxelWater: Chunk X=5 Y=-25 Z=2 emitted 328 procedural water vertices (Ocean/Pools)
[+00:31:43.532] VoxelWater: Chunk X=4 Y=-24 Z=2 emitted 132 procedural water vertices (Ocean/Pools)
[+00:31:43.532] VoxelWater: Chunk X=4 Y=-24 Z=3 emitted 132 procedural water vertices (Ocean/Pools)
[+00:31:43.532] VoxelWater: Chunk X=5 Y=-25 Z=3 emitted 192 procedural water vertices (Ocean/Pools)
[+00:31:43.532] VoxelWater: Chunk X=6 Y=-25 Z=2 emitted 20 procedural water vertices (Ocean/Pools)
[+00:31:43.532] VoxelWater: Chunk X=5 Y=-24 Z=2 emitted 140 procedural water vertices (Ocean/Pools)
[+00:31:43.532] VoxelWater: Chunk X=5 Y=-24 Z=3 emitted 20 procedural water vertices (Ocean/Pools)
[+00:31:43.532] VoxelWater: Chunk X=6 Y=-24 Z=3 emitted 140 procedural water vertices (Ocean/Pools)
[+00:31:43.532] VoxelWater: Chunk X=5 Y=-24 Z=1 emitted 12 procedural water vertices (Ocean/Pools)
[+00:31:43.532] VoxelWater: Chunk X=6 Y=-26 Z=2 emitted 64 procedural water vertices (Ocean/Pools)
[+00:31:43.532] VoxelWater: Chunk X=6 Y=-26 Z=3 emitted 16 procedural water vertices (Ocean/Pools)
[+00:31:43.532] VoxelWater: Chunk X=6 Y=-25 Z=3 emitted 304 procedural water vertices (Ocean/Pools)
[+00:31:43.532] VoxelWater: Chunk X=7 Y=-25 Z=2 emitted 4 procedural water vertices (Ocean/Pools)
[+00:31:43.532] VoxelWater: Chunk X=6 Y=-24 Z=2 emitted 108 procedural water vertices (Ocean/Pools)
[+00:31:43.532] VoxelWater: Chunk X=4 Y=-27 Z=1 emitted 24 procedural water vertices (Ocean/Pools)
[+00:31:43.532] VoxelWater: Chunk X=6 Y=-27 Z=1 emitted 100 procedural water vertices (Ocean/Pools)
[+00:31:43.532] VoxelWater: Chunk X=3 Y=-26 Z=1 emitted 28 procedural water vertices (Ocean/Pools)
[+00:31:43.532] VoxelWater: Chunk X=5 Y=-27 Z=1 emitted 40 procedural water vertices (Ocean/Pools)
[+00:31:43.532] VoxelWater: Chunk X=8 Y=-25 Z=1 emitted 8 procedural water vertices (Ocean/Pools)
[+00:31:43.532] VoxelWater: Chunk X=6 Y=-23 Z=1 emitted 4 procedural water vertices (Ocean/Pools)
[+00:31:43.532] VoxelWater: Chunk X=7 Y=-26 Z=1 emitted 72 procedural water vertices (Ocean/Pools)
[+00:31:43.532] VoxelWater: Chunk X=7 Y=-27 Z=1 emitted 44 procedural water vertices (Ocean/Pools)
[+00:31:43.533] VoxelWater: Chunk X=5 Y=-23 Z=2 emitted 16 procedural water vertices (Ocean/Pools)
[+00:31:43.533] VoxelWater: Chunk X=5 Y=-27 Z=2 emitted 32 procedural water vertices (Ocean/Pools)
[+00:31:43.533] VoxelWater: Chunk X=5 Y=-28 Z=1 emitted 28 procedural water vertices (Ocean/Pools)
[+00:31:43.551] VoxelChunk: GenerateAsync (7,-24,-4)
[+00:31:43.556] VoxelChunk: GenerateAsync (7,-22,-2)
[+00:31:43.560] VoxelMesh: Chunk X=0 Y=0 Z=0 FlatVerts=7374 SlopeVerts=3960
[+00:31:43.562] VoxelChunk: GenerateAsync (2,-26,1)
[+00:31:43.566] VoxelMesh: Chunk X=0 Y=0 Z=0 FlatVerts=7362 SlopeVerts=252
[+00:31:43.566] VoxelChunk: GenerateAsync (7,-22,0)
[+00:31:43.582] VoxelChunk: GenerateAsync (4,-27,-4)
[+00:31:43.589] VoxelMesh: Chunk X=0 Y=0 Z=0 FlatVerts=630 SlopeVerts=31686
[+00:31:43.591] VoxelChunk: GenerateAsync (7,-26,2)
[+00:31:43.594] VoxelMesh: Chunk X=7 Y=-26 Z=2 FlatVerts=0 SlopeVerts=2286
[+00:31:43.597] VoxelChunk: GenerateAsync (8,-26,-3)
[+00:31:43.603] VoxelChunk: GenerateAsync (3,-26,-4)
[+00:31:43.619] VoxelMesh: Chunk X=0 Y=0 Z=0 FlatVerts=1884 SlopeVerts=12594
[+00:31:43.621] VoxelChunk: GenerateAsync (2,-24,1)
[+00:31:43.627] VoxelMesh: Chunk X=2 Y=-24 Z=1 FlatVerts=72 SlopeVerts=480
[+00:31:43.629] VoxelChunk: GenerateAsync (6,-28,-3)
[+00:31:43.634] VoxelMesh: Chunk X=0 Y=0 Z=0 FlatVerts=834 SlopeVerts=6090
[+00:31:43.635] VoxelChunk: GenerateAsync (3,-22,0)
[+00:31:43.641] VoxelChunk: GenerateAsync (8,-23,-2)
[+00:31:43.659] VoxelChunk: GenerateAsync (4,-28,-3)
[+00:31:43.664] VoxelMesh: Chunk X=0 Y=0 Z=0 FlatVerts=7512 SlopeVerts=318
[+00:31:43.666] VoxelChunk: GenerateAsync (6,-22,1)
[+00:31:43.667] VoxelMesh: Chunk X=6 Y=-22 Z=1 FlatVerts=1686 SlopeVerts=720
[+00:31:43.674] VoxelMesh: Chunk X=0 Y=0 Z=0 FlatVerts=0 SlopeVerts=2244
[+00:31:43.675] VoxelChunk: GenerateAsync (4,-27,2)
[+00:31:43.679] VoxelMesh: Chunk X=4 Y=-27 Z=2 FlatVerts=642 SlopeVerts=3714
[+00:31:43.681] VoxelChunk: GenerateAsync (2,-24,-3)
[+00:31:43.702] VoxelMesh: Chunk X=0 Y=0 Z=0 FlatVerts=36 SlopeVerts=108
[+00:31:43.703] VoxelChunk: GenerateAsync (3,-26,2)
[+00:31:43.704] VoxelMesh: Chunk X=3 Y=-26 Z=2 FlatVerts=96 SlopeVerts=3162
[+00:31:43.708] VoxelMesh: Chunk X=0 Y=0 Z=0 FlatVerts=252 SlopeVerts=1782
[+00:31:43.709] VoxelChunk: GenerateAsync (2,-23,0)
[+00:31:43.715] VoxelMesh: Chunk X=0 Y=0 Z=0 FlatVerts=12 SlopeVerts=450
[+00:31:43.715] VoxelChunk: GenerateAsync (6,-23,2)
[+00:31:43.719] VoxelMesh: Chunk X=6 Y=-23 Z=2 FlatVerts=0 SlopeVerts=0
[+00:31:43.721] VoxelMesh: Chunk X=0 Y=0 Z=0 FlatVerts=378 SlopeVerts=6096
[+00:31:43.722] VoxelChunk: GenerateAsync (6,-27,2)
[+00:31:43.724] VoxelMesh: Chunk X=6 Y=-27 Z=2 FlatVerts=0 SlopeVerts=108
[+00:31:43.748] VoxelWater: Chunk X=5 Y=-23 Z=1 emitted 44 procedural water vertices (Ocean/Pools)
[+00:31:43.748] VoxelWater: Chunk X=6 Y=-24 Z=1 emitted 64 procedural water vertices (Ocean/Pools)
[+00:31:43.748] VoxelWater: Chunk X=5 Y=-24 Z=1 emitted 24 procedural water vertices (Ocean/Pools)
[+00:31:43.748] VoxelWater: Chunk X=4 Y=-24 Z=1 emitted 24 procedural water vertices (Ocean/Pools)
[+00:31:43.748] VoxelWater: Chunk X=6 Y=-26 Z=1 emitted 40 procedural water vertices (Ocean/Pools)
[+00:31:43.748] VoxelWater: Chunk X=5 Y=-26 Z=1 emitted 132 procedural water vertices (Ocean/Pools)
[+00:31:43.748] VoxelWater: Chunk X=4 Y=-26 Z=1 emitted 216 procedural water vertices (Ocean/Pools)
[+00:31:43.749] VoxelWater: Chunk X=5 Y=-25 Z=1 emitted 8 procedural water vertices (Ocean/Pools)
[+00:31:43.749] VoxelWater: Chunk X=4 Y=-25 Z=1 emitted 80 procedural water vertices (Ocean/Pools)
[+00:31:43.749] VoxelWater: Chunk X=6 Y=-25 Z=1 emitted 12 procedural water vertices (Ocean/Pools)
[+00:31:43.749] VoxelWater: Chunk X=4 Y=-26 Z=2 emitted 12 procedural water vertices (Ocean/Pools)
[+00:31:43.749] VoxelWater: Chunk X=4 Y=-25 Z=2 emitted 300 procedural water vertices (Ocean/Pools)
[+00:31:43.749] VoxelWater: Chunk X=4 Y=-25 Z=3 emitted 160 procedural water vertices (Ocean/Pools)
[+00:31:43.749] VoxelWater: Chunk X=3 Y=-25 Z=2 emitted 4 procedural water vertices (Ocean/Pools)
[+00:31:43.749] VoxelWater: Chunk X=5 Y=-25 Z=2 emitted 420 procedural water vertices (Ocean/Pools)
[+00:31:43.749] VoxelWater: Chunk X=4 Y=-24 Z=2 emitted 172 procedural water vertices (Ocean/Pools)
[+00:31:43.749] VoxelWater: Chunk X=4 Y=-24 Z=3 emitted 120 procedural water vertices (Ocean/Pools)
[+00:31:43.749] VoxelWater: Chunk X=5 Y=-24 Z=2 emitted 152 procedural water vertices (Ocean/Pools)
[+00:31:43.749] VoxelWater: Chunk X=5 Y=-25 Z=3 emitted 168 procedural water vertices (Ocean/Pools)
[+00:31:43.749] VoxelWater: Chunk X=6 Y=-25 Z=2 emitted 20 procedural water vertices (Ocean/Pools)
[+00:31:43.749] VoxelWater: Chunk X=5 Y=-24 Z=3 emitted 20 procedural water vertices (Ocean/Pools)
[+00:31:43.749] VoxelWater: Chunk X=6 Y=-24 Z=3 emitted 152 procedural water vertices (Ocean/Pools)
[+00:31:43.749] VoxelWater: Chunk X=6 Y=-26 Z=2 emitted 64 procedural water vertices (Ocean/Pools)
[+00:31:43.749] VoxelWater: Chunk X=6 Y=-26 Z=3 emitted 16 procedural water vertices (Ocean/Pools)
[+00:31:43.749] VoxelWater: Chunk X=6 Y=-25 Z=3 emitted 328 procedural water vertices (Ocean/Pools)
[+00:31:43.749] VoxelWater: Chunk X=7 Y=-25 Z=2 emitted 8 procedural water vertices (Ocean/Pools)
[+00:31:43.749] VoxelWater: Chunk X=6 Y=-24 Z=2 emitted 120 procedural water vertices (Ocean/Pools)
[+00:31:43.749] VoxelWater: Chunk X=4 Y=-27 Z=1 emitted 32 procedural water vertices (Ocean/Pools)
[+00:31:43.749] VoxelWater: Chunk X=6 Y=-27 Z=1 emitted 100 procedural water vertices (Ocean/Pools)
[+00:31:43.749] VoxelWater: Chunk X=3 Y=-26 Z=1 emitted 28 procedural water vertices (Ocean/Pools)
[+00:31:43.749] VoxelWater: Chunk X=5 Y=-27 Z=1 emitted 52 procedural water vertices (Ocean/Pools)
[+00:31:43.749] VoxelWater: Chunk X=8 Y=-25 Z=1 emitted 20 procedural water vertices (Ocean/Pools)
[+00:31:43.749] VoxelWater: Chunk X=6 Y=-23 Z=1 emitted 4 procedural water vertices (Ocean/Pools)
[+00:31:43.749] VoxelWater: Chunk X=7 Y=-26 Z=1 emitted 88 procedural water vertices (Ocean/Pools)
[+00:31:43.749] VoxelWater: Chunk X=7 Y=-27 Z=1 emitted 44 procedural water vertices (Ocean/Pools)
[+00:31:43.749] VoxelWater: Chunk X=5 Y=-23 Z=2 emitted 16 procedural water vertices (Ocean/Pools)
[+00:31:43.749] VoxelWater: Chunk X=5 Y=-27 Z=2 emitted 32 procedural water vertices (Ocean/Pools)
[+00:31:43.749] VoxelWater: Chunk X=6 Y=-27 Z=2 emitted 4 procedural water vertices (Ocean/Pools)
[+00:31:43.749] VoxelWater: Chunk X=5 Y=-28 Z=1 emitted 40 procedural water vertices (Ocean/Pools)
[+00:31:43.749] VoxelWater: Chunk X=7 Y=-26 Z=2 emitted 24 procedural water vertices (Ocean/Pools)
[+00:31:43.749] VoxelWater: Chunk X=6 Y=-22 Z=1 emitted 24 procedural water vertices (Ocean/Pools)
[+00:31:43.749] VoxelWater: Chunk X=4 Y=-27 Z=2 emitted 32 procedural water vertices (Ocean/Pools)
[+00:31:43.766] VoxelMesh: Chunk X=0 Y=0 Z=0 FlatVerts=3774 SlopeVerts=4296
[+00:31:43.767] VoxelChunk: GenerateAsync (3,-28,0)
[+00:31:43.772] VoxelChunk: GenerateAsync (2,-27,-2)
[+00:31:43.776] VoxelMesh: Chunk X=0 Y=0 Z=0 FlatVerts=5922 SlopeVerts=2598
[+00:31:43.777] VoxelChunk: GenerateAsync (7,-28,0)
[+00:31:43.783] VoxelMesh: Chunk X=0 Y=0 Z=0 FlatVerts=306 SlopeVerts=16908
[+00:31:43.784] VoxelChunk: GenerateAsync (7,-24,2)
[+00:31:43.785] VoxelMesh: Chunk X=7 Y=-24 Z=2 FlatVerts=0 SlopeVerts=1542
[+00:31:43.800] VoxelMesh: Chunk X=0 Y=0 Z=0 FlatVerts=750 SlopeVerts=1926
[+00:31:43.802] VoxelChunk: GenerateAsync (8,-27,0)
[+00:31:43.807] VoxelChunk: GenerateAsync (7,-28,-2)
[+00:31:43.813] VoxelChunk: GenerateAsync (6,-27,-4)
[+00:31:43.818] VoxelMesh: Chunk X=0 Y=0 Z=0 FlatVerts=2826 SlopeVerts=13596
[+00:31:43.819] VoxelChunk: GenerateAsync (8,-24,1)
[+00:31:43.819] VoxelMesh: Chunk X=8 Y=-24 Z=1 FlatVerts=120 SlopeVerts=186
[+00:31:43.834] VoxelChunk: GenerateAsync (3,-28,-2)
[+00:31:43.841] VoxelChunk: GenerateAsync (4,-22,-3)
[+00:31:43.847] VoxelChunk: GenerateAsync (3,-24,-4)
[+00:31:43.850] VoxelMesh: Chunk X=0 Y=0 Z=0 FlatVerts=6318 SlopeVerts=3138
[+00:31:43.851] VoxelChunk: GenerateAsync (8,-23,0)
[+00:31:43.865] VoxelMesh: Chunk X=0 Y=0 Z=0 FlatVerts=7818 SlopeVerts=432
[+00:31:43.866] VoxelChunk: GenerateAsync (2,-27,0)
[+00:31:43.871] VoxelMesh: Chunk X=0 Y=0 Z=0 FlatVerts=114 SlopeVerts=8568
[+00:31:43.872] VoxelChunk: GenerateAsync (8,-26,1)
[+00:31:43.873] VoxelMesh: Chunk X=8 Y=-26 Z=1 FlatVerts=1260 SlopeVerts=1398
[+00:31:43.878] VoxelMesh: Chunk X=0 Y=0 Z=0 FlatVerts=4326 SlopeVerts=14160
[+00:31:43.880] VoxelChunk: GenerateAsync (4,-22,1)
[+00:31:43.886] VoxelChunk: GenerateAsync (4,-23,-4)
[+00:31:43.896] VoxelChunk: GenerateAsync (3,-26,-2)
[+00:31:43.896] VoxelChunk: GenerateAsync (6,-27,-2)
[+00:31:43.896] VoxelChunk: GenerateAsync (7,-26,-2)
[+00:31:43.896] VoxelChunk: GenerateAsync (4,-27,-2)
[+00:31:43.896] VoxelChunk: GenerateAsync (3,-24,-2)
[+00:31:43.896] VoxelChunk: GenerateAsync (4,-23,-2)
[+00:31:43.896] VoxelChunk: GenerateAsync (7,-25,-2)
[+00:31:43.896] VoxelChunk: GenerateAsync (3,-25,-2)
[+00:31:43.896] VoxelChunk: GenerateAsync (5,-27,-2)
[+00:31:43.896] VoxelChunk: GenerateAsync (5,-23,-2)
[+00:31:43.896] VoxelChunk: GenerateAsync (4,-26,2)
[+00:31:43.896] VoxelChunk: GenerateAsync (4,-25,2)
[+00:31:43.896] VoxelChunk: GenerateAsync (4,-24,2)
[+00:31:43.896] VoxelChunk: GenerateAsync (5,-26,2)
[+00:31:43.896] VoxelChunk: GenerateAsync (5,-25,2)
[+00:31:43.896] VoxelChunk: GenerateAsync (5,-24,2)
[+00:31:43.896] VoxelChunk: GenerateAsync (6,-26,2)
[+00:31:43.896] VoxelChunk: GenerateAsync (6,-25,2)
[+00:31:43.896] VoxelChunk: GenerateAsync (6,-24,2)
[+00:31:43.898] VoxelChunk: GenerateAsync (4,-26,-2)
[+00:31:43.898] VoxelChunk: GenerateAsync (4,-24,-2)
[+00:31:43.898] VoxelChunk: GenerateAsync (6,-24,-2)
[+00:31:43.898] VoxelChunk: GenerateAsync (6,-26,-2)
[+00:31:43.898] VoxelChunk: GenerateAsync (6,-25,-2)
[+00:31:43.898] VoxelChunk: GenerateAsync (4,-25,-2)
[+00:31:43.898] VoxelChunk: GenerateAsync (5,-24,-2)
[+00:31:43.898] VoxelChunk: GenerateAsync (5,-26,-2)
[+00:31:43.898] VoxelChunk: GenerateAsync (5,-25,-2)
[+00:31:43.898] VoxelChunk: GenerateAsync (5,-28,-2)
[+00:31:43.898] VoxelChunk: GenerateAsync (2,-25,-2)
[+00:31:43.898] VoxelChunk: GenerateAsync (7,-24,-3)
[+00:31:43.898] VoxelChunk: GenerateAsync (6,-23,-3)
[+00:31:43.898] VoxelChunk: GenerateAsync (3,-27,-2)
[+00:31:43.898] VoxelChunk: GenerateAsync (4,-28,-2)
[+00:31:43.898] VoxelChunk: GenerateAsync (2,-26,-2)
[+00:31:43.898] VoxelChunk: GenerateAsync (3,-23,-3)
[+00:31:43.898] VoxelChunk: GenerateAsync (7,-23,1)
[+00:31:43.898] VoxelChunk: GenerateAsync (7,-27,-3)
[+00:31:43.898] VoxelChunk: GenerateAsync (8,-25,1)
[+00:31:43.898] VoxelChunk: GenerateAsync (3,-25,2)
[+00:31:43.898] VoxelChunk: GenerateAsync (7,-25,2)
[+00:31:43.898] VoxelChunk: GenerateAsync (5,-23,2)
[+00:31:43.898] VoxelChunk: GenerateAsync (5,-27,2)
[+00:31:43.898] VoxelChunk: GenerateAsync (5,-22,1)
[+00:31:43.898] VoxelChunk: GenerateAsync (5,-28,1)
[+00:31:43.898] VoxelChunk: GenerateAsync (2,-23,-2)
[+00:31:43.898] VoxelChunk: GenerateAsync (8,-27,-2)
[+00:31:43.898] VoxelChunk: GenerateAsync (4,-28,1)
[+00:31:43.898] VoxelChunk: GenerateAsync (3,-22,-2)
[+00:31:43.898] VoxelChunk: GenerateAsync (7,-22,-2)
[+00:31:43.898] VoxelChunk: GenerateAsync (2,-26,1)
[+00:31:43.898] VoxelChunk: GenerateAsync (7,-22,0)
[+00:31:43.898] VoxelChunk: GenerateAsync (7,-26,2)
[+00:31:43.898] VoxelChunk: GenerateAsync (8,-26,-3)
[+00:31:43.898] VoxelChunk: GenerateAsync (2,-24,1)
[+00:31:43.898] VoxelChunk: GenerateAsync (6,-28,-3)
[+00:31:43.898] VoxelChunk: GenerateAsync (3,-22,0)
[+00:31:43.898] VoxelChunk: GenerateAsync (8,-23,-2)
[+00:31:43.898] VoxelChunk: GenerateAsync (6,-22,1)
[+00:31:43.899] VoxelChunk: GenerateAsync (4,-27,2)
[+00:31:43.899] VoxelChunk: GenerateAsync (2,-24,-3)
[+00:31:43.899] VoxelChunk: GenerateAsync (3,-26,2)
[+00:31:43.899] VoxelChunk: GenerateAsync (2,-23,0)
[+00:31:43.899] VoxelChunk: GenerateAsync (6,-23,2)
[+00:31:43.899] VoxelChunk: GenerateAsync (6,-27,2)
[+00:31:43.899] VoxelChunk: GenerateAsync (3,-28,0)
[+00:31:43.899] VoxelChunk: GenerateAsync (2,-27,-2)
[+00:31:43.899] VoxelChunk: GenerateAsync (7,-28,0)
[+00:31:43.899] VoxelChunk: GenerateAsync (7,-24,2)
[+00:31:43.899] VoxelChunk: GenerateAsync (8,-27,0)
[+00:31:43.899] VoxelChunk: GenerateAsync (7,-28,-2)
[+00:31:43.899] VoxelChunk: GenerateAsync (8,-24,1)
[+00:31:43.899] VoxelChunk: GenerateAsync (3,-28,-2)
[+00:31:43.899] VoxelChunk: GenerateAsync (4,-22,-3)
[+00:31:43.899] VoxelChunk: GenerateAsync (8,-23,0)
[+00:31:43.899] VoxelChunk: GenerateAsync (2,-27,0)
[+00:31:43.899] VoxelChunk: GenerateAsync (8,-26,1)
[+00:31:43.899] VoxelChunk: GenerateAsync (4,-22,1)
[+00:31:43.899] VoxelMesh: Chunk X=4 Y=-25 Z=2 FlatVerts=0 SlopeVerts=156
[+00:31:43.899] VoxelMesh: Chunk X=4 Y=-26 Z=2 FlatVerts=24 SlopeVerts=18
[+00:31:43.899] VoxelMesh: Chunk X=4 Y=-24 Z=2 FlatVerts=18 SlopeVerts=138
[+00:31:43.899] VoxelMesh: Chunk X=5 Y=-25 Z=2 FlatVerts=12 SlopeVerts=186
[+00:31:43.899] VoxelMesh: Chunk X=5 Y=-26 Z=2 FlatVerts=0 SlopeVerts=12
[+00:31:43.899] VoxelMesh: Chunk X=5 Y=-24 Z=2 FlatVerts=30 SlopeVerts=144
[+00:31:43.900] VoxelMesh: Chunk X=6 Y=-26 Z=2 FlatVerts=0 SlopeVerts=138
[+00:31:43.900] VoxelMesh: Chunk X=3 Y=-28 Z=-1 FlatVerts=6 SlopeVerts=498
[+00:31:43.900] VoxelMesh: Chunk X=6 Y=-25 Z=2 FlatVerts=0 SlopeVerts=12
[+00:31:43.900] VoxelMesh: Chunk X=6 Y=-24 Z=2 FlatVerts=0 SlopeVerts=180
[+00:31:43.900] VoxelChunk: GenerateAsync (3,-24,2)
[+00:31:43.902] VoxelMesh: Chunk X=2 Y=-23 Z=-1 FlatVerts=240 SlopeVerts=3438
[+00:31:43.902] VoxelChunk: GenerateAsync (4,-23,2)
[+00:31:43.902] VoxelMesh: Chunk X=7 Y=-23 Z=1 FlatVerts=48 SlopeVerts=66
[+00:31:43.903] VoxelMesh: Chunk X=8 Y=-25 Z=1 FlatVerts=0 SlopeVerts=12
[+00:31:43.903] VoxelMesh: Chunk X=3 Y=-25 Z=2 FlatVerts=0 SlopeVerts=24
[+00:31:43.903] VoxelMesh: Chunk X=7 Y=-25 Z=2 FlatVerts=0 SlopeVerts=0
[+00:31:43.903] VoxelMesh: Chunk X=5 Y=-22 Z=1 FlatVerts=30 SlopeVerts=12
[+00:31:43.904] VoxelMesh: Chunk X=5 Y=-27 Z=2 FlatVerts=114 SlopeVerts=30
[+00:31:43.904] VoxelMesh: Chunk X=5 Y=-23 Z=2 FlatVerts=0 SlopeVerts=66
[+00:31:43.904] VoxelMesh: Chunk X=5 Y=-28 Z=1 FlatVerts=546 SlopeVerts=48
[+00:31:43.904] VoxelMesh: Chunk X=4 Y=-28 Z=1 FlatVerts=144 SlopeVerts=54
[+00:31:43.904] VoxelMesh: Chunk X=7 Y=-26 Z=2 FlatVerts=0 SlopeVerts=138
[+00:31:43.905] VoxelMesh: Chunk X=6 Y=-22 Z=1 FlatVerts=120 SlopeVerts=0
[+00:31:43.905] VoxelMesh: Chunk X=2 Y=-24 Z=1 FlatVerts=18 SlopeVerts=114
[+00:31:43.906] VoxelMesh: Chunk X=4 Y=-27 Z=2 FlatVerts=150 SlopeVerts=108
[+00:31:43.906] VoxelChunk: GenerateAsync (8,-24,-3)
[+00:31:43.906] VoxelMesh: Chunk X=6 Y=-27 Z=2 FlatVerts=30 SlopeVerts=0
[+00:31:43.906] VoxelMesh: Chunk X=6 Y=-23 Z=2 FlatVerts=0 SlopeVerts=0
[+00:31:43.906] VoxelMesh: Chunk X=7 Y=-24 Z=2 FlatVerts=0 SlopeVerts=72
[+00:31:43.906] VoxelMesh: Chunk X=8 Y=-24 Z=1 FlatVerts=0 SlopeVerts=6
[+00:31:43.907] VoxelMesh: Chunk X=8 Y=-26 Z=1 FlatVerts=126 SlopeVerts=30
[+00:31:43.908] VoxelMesh: Chunk X=8 Y=-27 Z=-1 FlatVerts=2106 SlopeVerts=918
[+00:31:43.908] VoxelMesh: Chunk X=4 Y=-22 Z=1 FlatVerts=0 SlopeVerts=0
[+00:31:43.908] VoxelMesh: Chunk X=3 Y=-26 Z=2 FlatVerts=0 SlopeVerts=216
[+00:31:43.909] VoxelChunk: GenerateAsync (6,-28,1)
[+00:31:43.910] VoxelMesh: Chunk X=4 Y=-23 Z=2 FlatVerts=240 SlopeVerts=3438
[+00:31:43.910] VoxelMesh: Chunk X=3 Y=-24 Z=2 FlatVerts=6 SlopeVerts=498
[+00:31:43.910] VoxelMesh: Chunk X=6 Y=-28 Z=1 FlatVerts=2106 SlopeVerts=918
[+00:31:43.929] VoxelWater: Chunk X=5 Y=-23 Z=1 emitted 48 procedural water vertices (Ocean/Pools)
[+00:31:43.929] VoxelWater: Chunk X=6 Y=-24 Z=1 emitted 64 procedural water vertices (Ocean/Pools)
[+00:31:43.929] VoxelWater: Chunk X=7 Y=-24 Z=1 emitted 4 procedural water vertices (Ocean/Pools)
[+00:31:43.929] VoxelWater: Chunk X=4 Y=-24 Z=1 emitted 28 procedural water vertices (Ocean/Pools)
[+00:31:43.929] VoxelWater: Chunk X=5 Y=-24 Z=1 emitted 32 procedural water vertices (Ocean/Pools)
[+00:31:43.929] VoxelWater: Chunk X=6 Y=-26 Z=1 emitted 60 procedural water vertices (Ocean/Pools)
[+00:31:43.929] VoxelWater: Chunk X=5 Y=-26 Z=1 emitted 156 procedural water vertices (Ocean/Pools)
[+00:31:43.929] VoxelWater: Chunk X=4 Y=-26 Z=1 emitted 248 procedural water vertices (Ocean/Pools)
[+00:31:43.929] VoxelWater: Chunk X=5 Y=-25 Z=1 emitted 12 procedural water vertices (Ocean/Pools)
[+00:31:43.929] VoxelWater: Chunk X=4 Y=-25 Z=1 emitted 96 procedural water vertices (Ocean/Pools)
[+00:31:43.929] VoxelWater: Chunk X=6 Y=-25 Z=1 emitted 12 procedural water vertices (Ocean/Pools)
[+00:31:43.929] VoxelWater: Chunk X=4 Y=-26 Z=2 emitted 12 procedural water vertices (Ocean/Pools)
[+00:31:43.929] VoxelWater: Chunk X=4 Y=-25 Z=2 emitted 348 procedural water vertices (Ocean/Pools)
[+00:31:43.929] VoxelWater: Chunk X=4 Y=-25 Z=3 emitted 164 procedural water vertices (Ocean/Pools)
[+00:31:43.929] VoxelWater: Chunk X=3 Y=-25 Z=2 emitted 12 procedural water vertices (Ocean/Pools)
[+00:31:43.929] VoxelWater: Chunk X=5 Y=-25 Z=2 emitted 424 procedural water vertices (Ocean/Pools)
[+00:31:43.929] VoxelWater: Chunk X=4 Y=-24 Z=2 emitted 204 procedural water vertices (Ocean/Pools)
[+00:31:43.929] VoxelWater: Chunk X=4 Y=-24 Z=3 emitted 92 procedural water vertices (Ocean/Pools)
[+00:31:43.929] VoxelWater: Chunk X=5 Y=-24 Z=2 emitted 156 procedural water vertices (Ocean/Pools)
[+00:31:43.929] VoxelWater: Chunk X=5 Y=-25 Z=3 emitted 156 procedural water vertices (Ocean/Pools)
[+00:31:43.929] VoxelWater: Chunk X=6 Y=-25 Z=2 emitted 20 procedural water vertices (Ocean/Pools)
[+00:31:43.929] VoxelWater: Chunk X=5 Y=-24 Z=3 emitted 20 procedural water vertices (Ocean/Pools)
[+00:31:43.929] VoxelWater: Chunk X=6 Y=-24 Z=3 emitted 136 procedural water vertices (Ocean/Pools)
[+00:31:43.929] VoxelWater: Chunk X=6 Y=-26 Z=2 emitted 60 procedural water vertices (Ocean/Pools)
[+00:31:43.929] VoxelWater: Chunk X=6 Y=-26 Z=3 emitted 16 procedural water vertices (Ocean/Pools)
[+00:31:43.929] VoxelWater: Chunk X=6 Y=-25 Z=3 emitted 332 procedural water vertices (Ocean/Pools)
[+00:31:43.929] VoxelWater: Chunk X=7 Y=-25 Z=2 emitted 12 procedural water vertices (Ocean/Pools)
[+00:31:43.929] VoxelWater: Chunk X=6 Y=-24 Z=2 emitted 124 procedural water vertices (Ocean/Pools)
[+00:31:43.929] VoxelWater: Chunk X=4 Y=-27 Z=1 emitted 32 procedural water vertices (Ocean/Pools)
[+00:31:43.929] VoxelWater: Chunk X=5 Y=-27 Z=1 emitted 56 procedural water vertices (Ocean/Pools)
[+00:31:43.929] VoxelWater: Chunk X=6 Y=-27 Z=1 emitted 104 procedural water vertices (Ocean/Pools)
[+00:31:43.930] VoxelWater: Chunk X=3 Y=-26 Z=1 emitted 28 procedural water vertices (Ocean/Pools)
[+00:31:43.930] VoxelWater: Chunk X=8 Y=-25 Z=1 emitted 32 procedural water vertices (Ocean/Pools)
[+00:31:43.930] VoxelWater: Chunk X=6 Y=-23 Z=1 emitted 4 procedural water vertices (Ocean/Pools)
[+00:31:43.930] VoxelWater: Chunk X=7 Y=-26 Z=1 emitted 96 procedural water vertices (Ocean/Pools)
[+00:31:43.930] VoxelWater: Chunk X=8 Y=-26 Z=1 emitted 32 procedural water vertices (Ocean/Pools)
[+00:31:43.930] VoxelWater: Chunk X=7 Y=-27 Z=1 emitted 52 procedural water vertices (Ocean/Pools)
[+00:31:43.930] VoxelWater: Chunk X=5 Y=-23 Z=2 emitted 16 procedural water vertices (Ocean/Pools)
[+00:31:43.930] VoxelWater: Chunk X=5 Y=-27 Z=2 emitted 32 procedural water vertices (Ocean/Pools)
[+00:31:43.930] VoxelWater: Chunk X=6 Y=-27 Z=2 emitted 8 procedural water vertices (Ocean/Pools)
[+00:31:43.930] VoxelWater: Chunk X=5 Y=-28 Z=1 emitted 40 procedural water vertices (Ocean/Pools)
[+00:31:43.930] VoxelWater: Chunk X=6 Y=-28 Z=1 emitted 8 procedural water vertices (Ocean/Pools)
[+00:31:43.930] VoxelWater: Chunk X=7 Y=-26 Z=2 emitted 28 procedural water vertices (Ocean/Pools)
[+00:31:43.930] VoxelWater: Chunk X=6 Y=-22 Z=1 emitted 36 procedural water vertices (Ocean/Pools)
[+00:31:43.930] VoxelWater: Chunk X=4 Y=-27 Z=2 emitted 32 procedural water vertices (Ocean/Pools)
[+00:31:43.930] VoxelWater: Chunk X=3 Y=-26 Z=2 emitted 48 procedural water vertices (Ocean/Pools)
[+00:31:43.946] VoxelChunk: GenerateAsync (6,-22,-3)
[+00:31:43.947] VoxelChunk: GenerateAsync (5,-25,-5)
[+00:31:43.948] VoxelChunk: GenerateAsync (3,-22,-3)
[+00:31:43.949] VoxelChunk: GenerateAsync (7,-23,-4)
[+00:31:43.956] VoxelChunk: GenerateAsync (8,-23,-3)
[+00:31:43.957] VoxelMesh: Chunk X=7 Y=-23 Z=-1 FlatVerts=474 SlopeVerts=138
[+00:31:43.958] VoxelChunk: GenerateAsync (8,-23,1)
[+00:31:43.958] VoxelMesh: Chunk X=3 Y=-23 Z=-1 FlatVerts=138 SlopeVerts=30
[+00:31:43.958] VoxelMesh: Chunk X=8 Y=-23 Z=1 FlatVerts=474 SlopeVerts=138
[+00:31:43.958] VoxelChunk: GenerateAsync (3,-28,1)
[+00:31:43.959] VoxelMesh: Chunk X=3 Y=-28 Z=1 FlatVerts=138 SlopeVerts=30
[+00:31:43.959] VoxelChunk: GenerateAsync (7,-28,-3)
[+00:31:43.967] VoxelChunk: GenerateAsync (2,-27,1)
[+00:31:43.967] VoxelChunk: GenerateAsync (3,-23,-4)
[+00:31:43.968] VoxelChunk: GenerateAsync (5,-24,-5)
[+00:31:43.968] VoxelChunk: GenerateAsync (2,-27,-3)
[+00:31:43.975] VoxelChunk: GenerateAsync (5,-21,0)
[+00:31:43.976] VoxelChunk: GenerateAsync (9,-25,0)
[+00:31:43.976] VoxelChunk: GenerateAsync (3,-28,-3)
[+00:31:43.977] VoxelMesh: Chunk X=6 Y=-22 Z=-1 FlatVerts=552 SlopeVerts=36
[+00:31:43.977] VoxelChunk: GenerateAsync (8,-27,1)
[+00:31:43.977] VoxelMesh: Chunk X=8 Y=-27 Z=1 FlatVerts=552 SlopeVerts=36
[+00:31:43.985] VoxelChunk: GenerateAsync (3,-27,-4)
[+00:31:43.985] VoxelMesh: Chunk X=2 Y=-24 Z=-1 FlatVerts=0 SlopeVerts=276
[+00:31:43.985] VoxelChunk: GenerateAsync (7,-23,2)
[+00:31:43.985] VoxelChunk: GenerateAsync (5,-29,0)
[+00:31:43.986] VoxelMesh: Chunk X=7 Y=-23 Z=2 FlatVerts=0 SlopeVerts=276
[+00:31:43.986] VoxelMesh: Chunk X=3 Y=-25 Z=-1 FlatVerts=0 SlopeVerts=0
[+00:31:43.986] VoxelChunk: GenerateAsync (3,-22,1)
[+00:31:43.987] VoxelMesh: Chunk X=3 Y=-22 Z=1 FlatVerts=0 SlopeVerts=0
[+00:31:43.994] VoxelMesh: Chunk X=5 Y=-27 Z=-1 FlatVerts=162 SlopeVerts=630
[+00:31:43.994] VoxelChunk: GenerateAsync (3,-27,2)
[+00:31:43.995] VoxelMesh: Chunk X=3 Y=-27 Z=2 FlatVerts=162 SlopeVerts=630
[+00:31:43.995] VoxelChunk: GenerateAsync (2,-23,-3)
[+00:31:43.995] VoxelMesh: Chunk X=6 Y=-25 Z=-1 FlatVerts=546 SlopeVerts=6
[+00:31:43.995] VoxelChunk: GenerateAsync (7,-22,1)
[+00:31:43.995] VoxelMesh: Chunk X=7 Y=-22 Z=1 FlatVerts=546 SlopeVerts=6
[+00:31:43.995] VoxelMesh: Chunk X=6 Y=-26 Z=-1 FlatVerts=72 SlopeVerts=1236
[+00:31:43.995] VoxelChunk: GenerateAsync (3,-23,2)
[+00:31:43.995] VoxelMesh: Chunk X=3 Y=-23 Z=2 FlatVerts=72 SlopeVerts=1236
[+00:31:44.003] VoxelChunk: GenerateAsync (7,-22,-3)
[+00:31:44.004] VoxelChunk: GenerateAsync (7,-27,-4)
[+00:31:44.005] VoxelMesh: Chunk X=5 Y=-26 Z=-1 FlatVerts=186 SlopeVerts=936
[+00:31:44.007] VoxelChunk: GenerateAsync (2,-23,1)
[+00:31:44.007] VoxelChunk: GenerateAsync (6,-25,-5)
[+00:31:44.007] VoxelMesh: Chunk X=2 Y=-23 Z=1 FlatVerts=186 SlopeVerts=936
[+00:31:44.015] VoxelChunk: GenerateAsync (4,-25,-5)
[+00:31:44.016] VoxelChunk: GenerateAsync (7,-27,2)
[+00:31:44.016] VoxelChunk: GenerateAsync (8,-27,-3)
[+00:31:44.017] VoxelChunk: GenerateAsync (5,-26,-5)
[+00:31:44.025] VoxelMesh: Chunk X=3 Y=-26 Z=-1 FlatVerts=564 SlopeVerts=0
[+00:31:44.026] VoxelChunk: GenerateAsync (7,-28,1)
[+00:31:44.026] VoxelMesh: Chunk X=7 Y=-28 Z=1 FlatVerts=564 SlopeVerts=0
[+00:31:44.026] VoxelChunk: GenerateAsync (1,-25,0)
[+00:31:44.026] VoxelChunk: GenerateAsync (1,-24,0)
[+00:31:44.026] VoxelChunk: GenerateAsync (4,-24,-5)
[+00:31:44.034] VoxelChunk: GenerateAsync (6,-24,-5)
[+00:31:44.034] VoxelChunk: GenerateAsync (5,-22,-4)
[+00:31:44.035] VoxelChunk: GenerateAsync (9,-24,0)
[+00:31:44.035] VoxelChunk: GenerateAsync (8,-22,-1)
[+00:31:44.042] VoxelChunk: GenerateAsync (8,-25,-4)
[+00:31:44.048] VoxelChunk: GenerateAsync (4,-26,-5)
[+00:31:44.052] VoxelChunk: GenerateAsync (6,-26,-5)
[+00:31:44.057] VoxelChunk: GenerateAsync (2,-22,-1)
[+00:31:44.068] VoxelMesh: Chunk X=0 Y=0 Z=0 FlatVerts=2610 SlopeVerts=2904
[+00:31:44.069] VoxelChunk: GenerateAsync (6,-29,0)
[+00:31:44.073] VoxelMesh: Chunk X=0 Y=0 Z=0 FlatVerts=1602 SlopeVerts=7248
[+00:31:44.074] VoxelChunk: GenerateAsync (4,-21,0)
[+00:31:44.078] VoxelMesh: Chunk X=0 Y=0 Z=0 FlatVerts=1134 SlopeVerts=2514
[+00:31:44.080] VoxelChunk: GenerateAsync (4,-29,0)
[+00:31:44.083] VoxelChunk: GenerateAsync (8,-28,-1)
[+00:31:44.121] VoxelChunk: CancelGeneration (8,-28,-1)
