=== FIRSTVOXEL SESSION [2026.03.17-01.22.53] ===
[+01:22:53.999] FirstVoxel module started.
[+01:23:29.228] VoxelWorld: GenerateWorldDeferred started.
[+01:23:29.231] VoxelWorld: Queued 245 chunks.
[+01:23:29.336] VoxelMesh: Chunk X=0 Y=0 Z=0 FlatVerts=5988 SlopeVerts=10380
[+01:23:29.351] VoxelChunk: GenerateAsync (0,0,0)
[+01:23:29.351] VoxelMesh: Chunk X=0 Y=0 Z=0 FlatVerts=1368 SlopeVerts=882
[+01:23:29.434] VoxelMesh: Chunk X=0 Y=0 Z=0 FlatVerts=3600 SlopeVerts=13752
[+01:23:29.448] VoxelChunk: GenerateAsync (1,0,0)
[+01:23:29.449] VoxelMesh: Chunk X=1 Y=0 Z=0 FlatVerts=180 SlopeVerts=138
[+01:23:29.533] VoxelMesh: Chunk X=0 Y=0 Z=0 FlatVerts=8106 SlopeVerts=6360
[+01:23:29.547] VoxelChunk: GenerateAsync (1,1,0)
[+01:23:29.548] VoxelMesh: Chunk X=1 Y=1 Z=0 FlatVerts=1476 SlopeVerts=714
[+01:23:29.634] VoxelMesh: Chunk X=0 Y=0 Z=0 FlatVerts=990 SlopeVerts=5526
[+01:23:29.639] VoxelChunk: GenerateAsync (1,1,1)
[+01:23:29.640] VoxelMesh: Chunk X=1 Y=1 Z=1 FlatVerts=144 SlopeVerts=1698
[+01:23:29.739] VoxelMesh: Chunk X=0 Y=0 Z=0 FlatVerts=144 SlopeVerts=1698
[+01:23:29.741] VoxelChunk: GenerateAsync (0,1,1)
[+01:23:29.742] VoxelMesh: Chunk X=0 Y=1 Z=1 FlatVerts=0 SlopeVerts=0
[+01:23:29.841] VoxelMesh: Chunk X=0 Y=0 Z=0 FlatVerts=0 SlopeVerts=0
[+01:23:29.841] VoxelChunk: GenerateAsync (-1,1,1)
[+01:23:29.942] VoxelMesh: Chunk X=0 Y=0 Z=0 FlatVerts=1608 SlopeVerts=20934
[+01:23:29.959] VoxelChunk: GenerateAsync (1,0,1)
[+01:23:29.960] VoxelMesh: Chunk X=1 Y=0 Z=1 FlatVerts=270 SlopeVerts=5094
[+01:23:30.048] VoxelMesh: Chunk X=0 Y=0 Z=0 FlatVerts=456 SlopeVerts=10890
[+01:23:30.055] VoxelChunk: GenerateAsync (0,0,1)
[+01:23:30.056] VoxelMesh: Chunk X=0 Y=0 Z=1 FlatVerts=54 SlopeVerts=2136
[+01:23:30.152] VoxelMesh: Chunk X=0 Y=0 Z=0 FlatVerts=1542 SlopeVerts=1056
[+01:23:30.155] VoxelChunk: GenerateAsync (0,-1,-1)
[+01:23:30.259] VoxelMesh: Chunk X=0 Y=0 Z=0 FlatVerts=216 SlopeVerts=198
[+01:23:30.260] VoxelChunk: GenerateAsync (1,-1,-1)
[+01:23:30.360] VoxelMesh: Chunk X=0 Y=0 Z=0 FlatVerts=9804 SlopeVerts=2352
[+01:23:30.373] VoxelChunk: GenerateAsync (0,1,0)
[+01:23:30.374] VoxelMesh: Chunk X=0 Y=1 Z=0 FlatVerts=2520 SlopeVerts=30
[+01:23:30.464] VoxelMesh: Chunk X=0 Y=0 Z=0 FlatVerts=10458 SlopeVerts=30
[+01:23:30.477] VoxelChunk: GenerateAsync (-1,1,-1)
[+01:23:30.568] VoxelMesh: Chunk X=0 Y=0 Z=0 FlatVerts=9000 SlopeVerts=2988
[+01:23:30.581] VoxelChunk: GenerateAsync (-1,0,0)
[+01:23:30.582] VoxelMesh: Chunk X=-1 Y=0 Z=0 FlatVerts=2526 SlopeVerts=48
[+01:23:30.674] VoxelMesh: Chunk X=0 Y=0 Z=0 FlatVerts=1050 SlopeVerts=10668
[+01:23:30.681] VoxelChunk: GenerateAsync (-1,-1,1)
[+01:23:30.683] VoxelMesh: Chunk X=-1 Y=-1 Z=1 FlatVerts=516 SlopeVerts=1440
[+01:23:30.777] VoxelMesh: Chunk X=0 Y=0 Z=0 FlatVerts=5532 SlopeVerts=1776
[+01:23:30.785] VoxelChunk: GenerateAsync (0,0,-1)
[+01:23:30.880] VoxelMesh: Chunk X=0 Y=0 Z=0 FlatVerts=6012 SlopeVerts=9192
[+01:23:30.894] VoxelChunk: GenerateAsync (-1,-1,0)
[+01:23:30.895] VoxelMesh: Chunk X=-1 Y=-1 Z=0 FlatVerts=1098 SlopeVerts=816
[+01:23:30.980] VoxelMesh: Chunk X=0 Y=0 Z=0 FlatVerts=2346 SlopeVerts=13626
[+01:23:30.991] VoxelChunk: GenerateAsync (0,-1,0)
[+01:23:30.993] VoxelMesh: Chunk X=0 Y=-1 Z=0 FlatVerts=6 SlopeVerts=24
[+01:23:31.085] VoxelMesh: Chunk X=0 Y=0 Z=0 FlatVerts=54 SlopeVerts=2202
[+01:23:31.087] VoxelChunk: GenerateAsync (-1,0,1)
[+01:23:31.088] VoxelMesh: Chunk X=-1 Y=0 Z=1 FlatVerts=0 SlopeVerts=0
[+01:23:31.189] VoxelMesh: Chunk X=0 Y=0 Z=0 FlatVerts=10458 SlopeVerts=30
[+01:23:31.201] VoxelChunk: GenerateAsync (-1,1,0)
[+01:23:31.202] VoxelMesh: Chunk X=-1 Y=1 Z=0 FlatVerts=2538 SlopeVerts=0
[+01:23:31.289] VoxelMesh: Chunk X=0 Y=0 Z=0 FlatVerts=9684 SlopeVerts=744
[+01:23:31.302] VoxelChunk: GenerateAsync (0,1,-1)
[+01:23:31.396] VoxelMesh: Chunk X=0 Y=0 Z=0 FlatVerts=8946 SlopeVerts=966
[+01:23:31.408] VoxelChunk: GenerateAsync (-1,0,-1)
[+01:23:31.504] VoxelMesh: Chunk X=0 Y=0 Z=0 FlatVerts=900 SlopeVerts=11538
[+01:23:31.512] VoxelChunk: GenerateAsync (1,-1,0)
[+01:23:31.607] VoxelMesh: Chunk X=0 Y=0 Z=0 FlatVerts=7176 SlopeVerts=1398
[+01:23:31.617] VoxelChunk: GenerateAsync (1,1,-1)
[+01:23:31.740] VoxelMesh: Chunk X=0 Y=0 Z=0 FlatVerts=2016 SlopeVerts=1272
[+01:23:31.744] VoxelChunk: GenerateAsync (1,0,-1)
[+01:23:31.840] VoxelMesh: Chunk X=0 Y=0 Z=0 FlatVerts=648 SlopeVerts=25830
[+01:23:31.860] VoxelChunk: GenerateAsync (1,-1,1)
[+01:23:31.862] VoxelMesh: Chunk X=1 Y=-1 Z=1 FlatVerts=0 SlopeVerts=1542
[+01:23:31.940] VoxelMesh: Chunk X=0 Y=0 Z=0 FlatVerts=792 SlopeVerts=22050
[+01:23:31.958] VoxelChunk: GenerateAsync (0,-1,1)
[+01:23:31.959] VoxelMesh: Chunk X=0 Y=-1 Z=1 FlatVerts=510 SlopeVerts=4014
[+01:23:32.049] VoxelMesh: Chunk X=0 Y=0 Z=0 FlatVerts=4986 SlopeVerts=1782
[+01:23:32.055] VoxelChunk: GenerateAsync (-1,-1,-1)
[+01:23:32.153] VoxelChunk: GenerateAsync (1,0,-2)
[+01:23:32.259] VoxelChunk: GenerateAsync (2,0,-2)
[+01:23:32.364] VoxelChunk: GenerateAsync (0,-1,-2)
[+01:23:32.469] VoxelChunk: GenerateAsync (1,-1,-2)
[+01:23:32.574] VoxelChunk: GenerateAsync (-1,-2,-2)
[+01:23:32.678] VoxelChunk: GenerateAsync (-2,-2,-2)
[+01:23:32.782] VoxelChunk: GenerateAsync (2,-1,-2)
[+01:23:32.888] VoxelChunk: GenerateAsync (0,1,-2)
[+01:23:32.992] VoxelChunk: GenerateAsync (1,1,-2)
[+01:23:33.098] VoxelChunk: GenerateAsync (1,-2,-2)
[+01:23:33.203] VoxelChunk: GenerateAsync (2,1,-2)
[+01:23:33.306] VoxelChunk: GenerateAsync (-2,2,-2)
[+01:23:33.410] VoxelChunk: GenerateAsync (-2,0,-2)
[+01:23:33.515] VoxelChunk: GenerateAsync (-2,-1,-2)
[+01:23:33.618] VoxelChunk: GenerateAsync (-1,2,-2)
[+01:23:33.721] VoxelChunk: GenerateAsync (0,2,-2)
[+01:23:33.827] VoxelChunk: GenerateAsync (-1,0,-2)
[+01:23:33.931] VoxelChunk: GenerateAsync (1,2,-2)
[+01:23:34.036] VoxelChunk: GenerateAsync (2,2,-2)
[+01:23:34.139] VoxelChunk: GenerateAsync (0,0,-2)
[+01:23:34.242] VoxelChunk: GenerateAsync (-1,-1,-2)
[+01:23:34.347] VoxelChunk: GenerateAsync (2,-2,-2)
[+01:23:34.454] VoxelChunk: GenerateAsync (0,-2,-2)
[+01:23:34.564] VoxelChunk: GenerateAsync (-2,1,-2)
[+01:23:34.664] VoxelChunk: GenerateAsync (-1,1,-2)
[+01:23:34.766] VoxelMesh: Chunk X=0 Y=0 Z=0 FlatVerts=0 SlopeVerts=6
[+01:23:34.767] VoxelChunk: GenerateAsync (1,2,2)
[+01:23:34.869] VoxelMesh: Chunk X=0 Y=0 Z=0 FlatVerts=3486 SlopeVerts=2028
[+01:23:34.876] VoxelChunk: GenerateAsync (2,1,-1)
[+01:23:34.969] VoxelMesh: Chunk X=0 Y=0 Z=0 FlatVerts=0 SlopeVerts=0
[+01:23:34.969] VoxelChunk: GenerateAsync (-2,1,1)
[+01:23:35.089] VoxelMesh: Chunk X=0 Y=0 Z=0 FlatVerts=3522 SlopeVerts=1254
[+01:23:35.096] VoxelChunk: GenerateAsync (-2,-2,-1)
[+01:23:35.188] VoxelWorld: Editor generation complete, 0 chunks.
[+01:23:56.042] VoxelWorld: GenerateWorldDeferred started.
[+01:23:56.042] VoxelWorld: Queued 245 chunks.
[+01:23:56.142] VoxelChunk: GenerateAsync (0,0,0)
[+01:23:56.143] VoxelMesh: Chunk X=0 Y=0 Z=0 FlatVerts=1368 SlopeVerts=882
[+01:23:56.248] VoxelChunk: GenerateAsync (1,0,0)
[+01:23:56.249] VoxelMesh: Chunk X=1 Y=0 Z=0 FlatVerts=180 SlopeVerts=138
[+01:23:56.352] VoxelChunk: GenerateAsync (1,1,0)
[+01:23:56.353] VoxelMesh: Chunk X=1 Y=1 Z=0 FlatVerts=1476 SlopeVerts=714
[+01:23:56.450] VoxelChunk: GenerateAsync (1,1,1)
[+01:23:56.451] VoxelMesh: Chunk X=1 Y=1 Z=1 FlatVerts=144 SlopeVerts=1698
[+01:23:56.552] VoxelChunk: GenerateAsync (0,1,1)
[+01:23:56.552] VoxelMesh: Chunk X=0 Y=1 Z=1 FlatVerts=0 SlopeVerts=0
[+01:23:56.660] VoxelChunk: GenerateAsync (-1,1,1)
[+01:23:56.768] VoxelChunk: GenerateAsync (1,0,1)
[+01:23:56.769] VoxelMesh: Chunk X=1 Y=0 Z=1 FlatVerts=270 SlopeVerts=5094
[+01:23:56.871] VoxelChunk: GenerateAsync (0,0,1)
[+01:23:56.871] VoxelMesh: Chunk X=0 Y=0 Z=1 FlatVerts=54 SlopeVerts=2136
[+01:23:56.976] VoxelMesh: Chunk X=0 Y=0 Z=0 FlatVerts=690 SlopeVerts=2340
[+01:23:56.979] VoxelChunk: GenerateAsync (0,-1,-1)
[+01:23:57.084] VoxelMesh: Chunk X=0 Y=0 Z=0 FlatVerts=6108 SlopeVerts=4734
[+01:23:57.096] VoxelChunk: GenerateAsync (1,-1,-1)
[+01:23:57.190] VoxelMesh: Chunk X=0 Y=0 Z=0 FlatVerts=0 SlopeVerts=0
[+01:23:57.190] VoxelChunk: GenerateAsync (0,1,0)
[+01:23:57.192] VoxelMesh: Chunk X=0 Y=1 Z=0 FlatVerts=2520 SlopeVerts=30
[+01:23:57.294] VoxelMesh: Chunk X=0 Y=0 Z=0 FlatVerts=2784 SlopeVerts=7728
[+01:23:57.303] VoxelChunk: GenerateAsync (-1,1,-1)
[+01:23:57.398] VoxelChunk: GenerateAsync (-1,0,0)
[+01:23:57.399] VoxelMesh: Chunk X=-1 Y=0 Z=0 FlatVerts=2526 SlopeVerts=48
[+01:23:57.505] VoxelChunk: GenerateAsync (-1,-1,1)
[+01:23:57.505] VoxelMesh: Chunk X=-1 Y=-1 Z=1 FlatVerts=516 SlopeVerts=1440
[+01:23:57.610] VoxelMesh: Chunk X=0 Y=0 Z=0 FlatVerts=4362 SlopeVerts=3348
[+01:23:57.617] VoxelChunk: GenerateAsync (0,0,-1)
[+01:23:57.712] VoxelChunk: GenerateAsync (-1,-1,0)
[+01:23:57.712] VoxelMesh: Chunk X=-1 Y=-1 Z=0 FlatVerts=1098 SlopeVerts=816
[+01:23:57.815] VoxelChunk: GenerateAsync (0,-1,0)
[+01:23:57.816] VoxelMesh: Chunk X=0 Y=-1 Z=0 FlatVerts=6 SlopeVerts=24
[+01:23:57.917] VoxelChunk: GenerateAsync (-1,0,1)
[+01:23:57.918] VoxelMesh: Chunk X=-1 Y=0 Z=1 FlatVerts=0 SlopeVerts=0
[+01:23:58.018] VoxelMesh: Chunk X=0 Y=0 Z=0 FlatVerts=0 SlopeVerts=30
[+01:23:58.019] VoxelChunk: GenerateAsync (-1,1,0)
[+01:23:58.019] VoxelMesh: Chunk X=-1 Y=1 Z=0 FlatVerts=2538 SlopeVerts=0
[+01:23:58.123] VoxelMesh: Chunk X=0 Y=0 Z=0 FlatVerts=7674 SlopeVerts=6372
[+01:23:58.136] VoxelChunk: GenerateAsync (0,1,-1)
[+01:23:58.231] VoxelMesh: Chunk X=0 Y=0 Z=0 FlatVerts=558 SlopeVerts=978
[+01:23:58.233] VoxelChunk: GenerateAsync (-1,0,-1)
[+01:23:58.334] VoxelChunk: GenerateAsync (1,-1,0)
[+01:23:58.438] VoxelMesh: Chunk X=0 Y=0 Z=0 FlatVerts=9852 SlopeVerts=2232
[+01:23:58.452] VoxelChunk: GenerateAsync (1,1,-1)
[+01:23:58.538] VoxelMesh: Chunk X=0 Y=0 Z=0 FlatVerts=10104 SlopeVerts=3066
[+01:23:58.553] VoxelChunk: GenerateAsync (1,0,-1)
[+01:23:58.639] VoxelChunk: GenerateAsync (1,-1,1)
[+01:23:58.640] VoxelMesh: Chunk X=1 Y=-1 Z=1 FlatVerts=0 SlopeVerts=1542
[+01:23:58.741] VoxelChunk: GenerateAsync (0,-1,1)
[+01:23:58.743] VoxelMesh: Chunk X=0 Y=-1 Z=1 FlatVerts=510 SlopeVerts=4014
[+01:23:58.847] VoxelMesh: Chunk X=0 Y=0 Z=0 FlatVerts=0 SlopeVerts=0
[+01:23:58.848] VoxelChunk: GenerateAsync (-1,-1,-1)
[+01:23:58.953] VoxelMesh: Chunk X=0 Y=0 Z=0 FlatVerts=11544 SlopeVerts=5226
[+01:23:58.973] VoxelChunk: GenerateAsync (1,0,-2)
[+01:23:59.054] VoxelMesh: Chunk X=0 Y=0 Z=0 FlatVerts=10476 SlopeVerts=702
[+01:23:59.068] VoxelChunk: GenerateAsync (2,0,-2)
[+01:23:59.159] VoxelMesh: Chunk X=0 Y=0 Z=0 FlatVerts=7236 SlopeVerts=11094
[+01:23:59.178] VoxelChunk: GenerateAsync (0,-1,-2)
[+01:23:59.267] VoxelMesh: Chunk X=0 Y=0 Z=0 FlatVerts=8448 SlopeVerts=11706
[+01:23:59.287] VoxelChunk: GenerateAsync (1,-1,-2)
[+01:23:59.370] VoxelMesh: Chunk X=0 Y=0 Z=0 FlatVerts=5364 SlopeVerts=14646
[+01:23:59.388] VoxelChunk: GenerateAsync (-1,-2,-2)
[+01:23:59.494] VoxelMesh: Chunk X=0 Y=0 Z=0 FlatVerts=7968 SlopeVerts=6132
[+01:23:59.508] VoxelChunk: GenerateAsync (-2,-2,-2)
[+01:23:59.596] VoxelMesh: Chunk X=0 Y=0 Z=0 FlatVerts=10698 SlopeVerts=2838
[+01:23:59.611] VoxelChunk: GenerateAsync (2,-1,-2)
[+01:23:59.697] VoxelMesh: Chunk X=0 Y=0 Z=0 FlatVerts=9372 SlopeVerts=8652
[+01:23:59.719] VoxelChunk: GenerateAsync (0,1,-2)
[+01:23:59.810] VoxelMesh: Chunk X=0 Y=0 Z=0 FlatVerts=10884 SlopeVerts=2268
[+01:23:59.826] VoxelChunk: GenerateAsync (1,1,-2)
[+01:24:00.171] VoxelMesh: Chunk X=0 Y=0 Z=0 FlatVerts=3630 SlopeVerts=16698
[+01:24:00.188] VoxelChunk: GenerateAsync (1,-2,-2)
[+01:24:00.504] VoxelMesh: Chunk X=0 Y=0 Z=0 FlatVerts=8868 SlopeVerts=48
[+01:24:00.515] VoxelChunk: GenerateAsync (2,1,-2)
[+01:24:00.838] VoxelMesh: Chunk X=0 Y=0 Z=0 FlatVerts=3768 SlopeVerts=11952
[+01:24:00.850] VoxelChunk: GenerateAsync (-2,2,-2)
[+01:24:01.172] VoxelMesh: Chunk X=0 Y=0 Z=0 FlatVerts=10338 SlopeVerts=1518
[+01:24:01.185] VoxelChunk: GenerateAsync (-2,0,-2)
[+01:24:01.512] VoxelMesh: Chunk X=0 Y=0 Z=0 FlatVerts=10392 SlopeVerts=642
[+01:24:01.526] VoxelChunk: GenerateAsync (-2,-1,-2)
[+01:24:01.838] VoxelMesh: Chunk X=0 Y=0 Z=0 FlatVerts=3978 SlopeVerts=12360
[+01:24:01.852] VoxelChunk: GenerateAsync (-1,2,-2)
[+01:24:02.171] VoxelMesh: Chunk X=0 Y=0 Z=0 FlatVerts=5778 SlopeVerts=10230
[+01:24:02.185] VoxelChunk: GenerateAsync (0,2,-2)
[+01:24:02.504] VoxelMesh: Chunk X=0 Y=0 Z=0 FlatVerts=9576 SlopeVerts=5166
[+01:24:02.520] VoxelChunk: GenerateAsync (-1,0,-2)
[+01:24:02.838] VoxelMesh: Chunk X=0 Y=0 Z=0 FlatVerts=7782 SlopeVerts=4164
[+01:24:02.853] VoxelChunk: GenerateAsync (1,2,-2)
[+01:24:03.171] VoxelMesh: Chunk X=0 Y=0 Z=0 FlatVerts=8076 SlopeVerts=66
[+01:24:03.181] VoxelChunk: GenerateAsync (2,2,-2)
[+01:24:03.503] VoxelMesh: Chunk X=0 Y=0 Z=0 FlatVerts=9870 SlopeVerts=8166
[+01:24:03.524] VoxelChunk: GenerateAsync (0,0,-2)
[+01:24:03.838] VoxelMesh: Chunk X=0 Y=0 Z=0 FlatVerts=9480 SlopeVerts=2814
[+01:24:03.852] VoxelChunk: GenerateAsync (-1,-1,-2)
[+01:24:03.941] VoxelMesh: Chunk X=0 Y=0 Z=0 FlatVerts=6402 SlopeVerts=8718
[+01:24:03.955] VoxelChunk: GenerateAsync (2,-2,-2)
[+01:24:04.045] VoxelMesh: Chunk X=0 Y=0 Z=0 FlatVerts=3282 SlopeVerts=20316
[+01:24:04.066] VoxelChunk: GenerateAsync (0,-2,-2)
[+01:24:04.148] VoxelMesh: Chunk X=0 Y=0 Z=0 FlatVerts=8022 SlopeVerts=8964
[+01:24:04.168] VoxelChunk: GenerateAsync (-2,1,-2)
[+01:24:04.248] VoxelMesh: Chunk X=0 Y=0 Z=0 FlatVerts=7176 SlopeVerts=12222
[+01:24:04.267] VoxelChunk: GenerateAsync (-1,1,-2)
[+01:24:04.350] VoxelChunk: GenerateAsync (1,2,2)
[+01:24:04.452] VoxelMesh: Chunk X=0 Y=0 Z=0 FlatVerts=6132 SlopeVerts=60
[+01:24:04.461] VoxelChunk: GenerateAsync (2,1,-1)
[+01:24:04.554] VoxelChunk: GenerateAsync (-2,1,1)
[+01:24:04.654] VoxelMesh: Chunk X=0 Y=0 Z=0 FlatVerts=60 SlopeVerts=1908
[+01:24:04.656] VoxelChunk: GenerateAsync (-2,-2,-1)
[+01:24:04.759] VoxelMesh: Chunk X=0 Y=0 Z=0 FlatVerts=2616 SlopeVerts=18726
[+01:24:04.776] VoxelChunk: GenerateAsync (1,-2,-1)
[+01:24:04.862] VoxelChunk: GenerateAsync (-2,1,2)
[+01:24:05.281] VoxelChunk: GenerateAsync (0,-2,2)
[+01:24:05.282] VoxelMesh: Chunk X=0 Y=-2 Z=2 FlatVerts=24 SlopeVerts=3714
[+01:24:05.616] VoxelMesh: Chunk X=0 Y=0 Z=0 FlatVerts=216 SlopeVerts=270
[+01:24:05.618] VoxelChunk: GenerateAsync (-2,2,1)
[+01:24:05.620] VoxelMesh: Chunk X=-2 Y=2 Z=1 FlatVerts=0 SlopeVerts=0
[+01:24:05.947] VoxelChunk: GenerateAsync (2,-1,1)
[+01:24:05.948] VoxelMesh: Chunk X=2 Y=-1 Z=1 FlatVerts=72 SlopeVerts=1944
[+01:24:06.282] VoxelChunk: GenerateAsync (-2,-1,-1)
[+01:24:06.615] VoxelMesh: Chunk X=0 Y=0 Z=0 FlatVerts=6 SlopeVerts=10014
[+01:24:06.621] VoxelChunk: GenerateAsync (1,-2,0)
[+01:24:06.948] VoxelChunk: GenerateAsync (0,1,2)
[+01:24:07.287] VoxelChunk: GenerateAsync (2,0,0)
[+01:24:07.288] VoxelMesh: Chunk X=2 Y=0 Z=0 FlatVerts=36 SlopeVerts=60
[+01:24:07.617] VoxelMesh: Chunk X=0 Y=0 Z=0 FlatVerts=0 SlopeVerts=114
[+01:24:07.617] VoxelChunk: GenerateAsync (1,-2,2)
[+01:24:07.618] VoxelMesh: Chunk X=1 Y=-2 Z=2 FlatVerts=0 SlopeVerts=360
[+01:24:07.951] VoxelChunk: GenerateAsync (-2,0,2)
[+01:24:08.283] VoxelMesh: Chunk X=0 Y=0 Z=0 FlatVerts=0 SlopeVerts=54
[+01:24:08.284] VoxelChunk: GenerateAsync (0,2,1)
[+01:24:08.618] VoxelMesh: Chunk X=0 Y=0 Z=0 FlatVerts=0 SlopeVerts=156
[+01:24:08.618] VoxelChunk: GenerateAsync (0,-2,1)
[+01:24:08.620] VoxelMesh: Chunk X=0 Y=-2 Z=1 FlatVerts=0 SlopeVerts=984
[+01:24:08.950] VoxelChunk: GenerateAsync (1,1,2)
[+01:24:09.287] VoxelMesh: Chunk X=0 Y=0 Z=0 FlatVerts=9642 SlopeVerts=702
[+01:24:09.308] VoxelChunk: GenerateAsync (2,0,-1)
[+01:24:09.615] VoxelChunk: GenerateAsync (-2,-2,1)
[+01:24:09.617] VoxelMesh: Chunk X=-2 Y=-2 Z=1 FlatVerts=624 SlopeVerts=4038
[+01:24:09.953] VoxelMesh: Chunk X=0 Y=0 Z=0 FlatVerts=0 SlopeVerts=72
[+01:24:09.954] VoxelChunk: GenerateAsync (-2,-2,0)
[+01:24:09.955] VoxelMesh: Chunk X=-2 Y=-2 Z=0 FlatVerts=318 SlopeVerts=84
[+01:24:10.285] VoxelMesh: Chunk X=0 Y=0 Z=0 FlatVerts=6 SlopeVerts=7566
[+01:24:10.289] VoxelChunk: GenerateAsync (2,-2,0)
[+01:24:10.615] VoxelMesh: Chunk X=0 Y=0 Z=0 FlatVerts=558 SlopeVerts=8268
[+01:24:10.622] VoxelChunk: GenerateAsync (-2,2,0)
[+01:24:10.623] VoxelMesh: Chunk X=-2 Y=2 Z=0 FlatVerts=2502 SlopeVerts=6
[+01:24:10.953] VoxelMesh: Chunk X=0 Y=0 Z=0 FlatVerts=348 SlopeVerts=18066
[+01:24:10.968] VoxelChunk: GenerateAsync (0,-2,-1)
[+01:24:11.282] VoxelChunk: GenerateAsync (2,2,1)
[+01:24:11.283] VoxelMesh: Chunk X=2 Y=2 Z=1 FlatVerts=0 SlopeVerts=294
[+01:24:11.617] VoxelMesh: Chunk X=0 Y=0 Z=0 FlatVerts=6198 SlopeVerts=5058
[+01:24:11.630] VoxelChunk: GenerateAsync (1,2,-1)
[+01:24:11.949] VoxelMesh: Chunk X=0 Y=0 Z=0 FlatVerts=0 SlopeVerts=30
[+01:24:11.949] VoxelChunk: GenerateAsync (-2,1,0)
[+01:24:11.950] VoxelMesh: Chunk X=-2 Y=1 Z=0 FlatVerts=2742 SlopeVerts=0
[+01:24:12.285] VoxelMesh: Chunk X=0 Y=0 Z=0 FlatVerts=0 SlopeVerts=114
[+01:24:12.285] VoxelChunk: GenerateAsync (2,-2,2)
[+01:24:12.286] VoxelMesh: Chunk X=2 Y=-2 Z=2 FlatVerts=0 SlopeVerts=18
[+01:24:12.616] VoxelChunk: GenerateAsync (-1,-1,2)
[+01:24:12.948] VoxelChunk: GenerateAsync (-1,0,2)
[+01:24:13.285] VoxelMesh: Chunk X=0 Y=0 Z=0 FlatVerts=54 SlopeVerts=900
[+01:24:13.287] VoxelChunk: GenerateAsync (1,2,0)
[+01:24:13.288] VoxelMesh: Chunk X=1 Y=2 Z=0 FlatVerts=2832 SlopeVerts=0
[+01:24:13.616] VoxelMesh: Chunk X=0 Y=0 Z=0 FlatVerts=3522 SlopeVerts=18768
[+01:24:13.639] VoxelChunk: GenerateAsync (-1,2,-1)
[+01:24:13.950] VoxelMesh: Chunk X=0 Y=0 Z=0 FlatVerts=1512 SlopeVerts=16866
[+01:24:13.970] VoxelChunk: GenerateAsync (-2,2,-1)
[+01:24:14.283] VoxelMesh: Chunk X=0 Y=0 Z=0 FlatVerts=6 SlopeVerts=2928
[+01:24:14.285] VoxelChunk: GenerateAsync (1,-2,1)
[+01:24:14.616] VoxelMesh: Chunk X=0 Y=0 Z=0 FlatVerts=66 SlopeVerts=3438
[+01:24:14.619] VoxelChunk: GenerateAsync (0,2,0)
[+01:24:14.620] VoxelMesh: Chunk X=0 Y=2 Z=0 FlatVerts=2856 SlopeVerts=0
[+01:24:14.951] VoxelChunk: GenerateAsync (2,1,2)
[+01:24:14.952] VoxelMesh: Chunk X=2 Y=1 Z=2 FlatVerts=0 SlopeVerts=372
[+01:24:15.283] VoxelChunk: GenerateAsync (2,0,1)
[+01:24:15.284] VoxelMesh: Chunk X=2 Y=0 Z=1 FlatVerts=354 SlopeVerts=2910
[+01:24:15.617] VoxelChunk: GenerateAsync (2,-1,0)
[+01:24:15.948] VoxelChunk: GenerateAsync (1,2,1)
[+01:24:16.282] VoxelMesh: Chunk X=0 Y=0 Z=0 FlatVerts=0 SlopeVerts=6
[+01:24:16.282] VoxelChunk: GenerateAsync (-1,-2,1)
[+01:24:16.283] VoxelMesh: Chunk X=-1 Y=-2 Z=1 FlatVerts=312 SlopeVerts=3348
[+01:24:16.620] VoxelMesh: Chunk X=0 Y=0 Z=0 FlatVerts=6 SlopeVerts=2778
[+01:24:16.623] VoxelChunk: GenerateAsync (2,-2,1)
[+01:24:16.951] VoxelChunk: GenerateAsync (-2,-1,1)
[+01:24:16.951] VoxelMesh: Chunk X=-2 Y=-1 Z=1 FlatVerts=72 SlopeVerts=216
[+01:24:17.286] VoxelChunk: GenerateAsync (2,1,0)
[+01:24:17.286] VoxelMesh: Chunk X=2 Y=1 Z=0 FlatVerts=330 SlopeVerts=354
[+01:24:17.616] VoxelChunk: GenerateAsync (-2,0,1)
[+01:24:17.948] VoxelChunk: GenerateAsync (2,-1,2)
[+01:24:17.949] VoxelMesh: Chunk X=2 Y=-1 Z=2 FlatVerts=0 SlopeVerts=2328
[+01:24:18.283] VoxelChunk: GenerateAsync (1,0,2)
[+01:24:18.284] VoxelMesh: Chunk X=1 Y=0 Z=2 FlatVerts=0 SlopeVerts=1908
[+01:24:18.615] VoxelChunk: GenerateAsync (-2,-1,0)
[+01:24:18.617] VoxelMesh: Chunk X=-2 Y=-1 Z=0 FlatVerts=2154 SlopeVerts=294
[+01:24:18.952] VoxelChunk: GenerateAsync (2,1,1)
[+01:24:18.954] VoxelMesh: Chunk X=2 Y=1 Z=1 FlatVerts=852 SlopeVerts=3162
[+01:24:19.286] VoxelMesh: Chunk X=0 Y=0 Z=0 FlatVerts=0 SlopeVerts=186
[+01:24:19.286] VoxelChunk: GenerateAsync (-1,2,1)
[+01:24:19.614] VoxelChunk: GenerateAsync (-2,0,0)
[+01:24:19.616] VoxelMesh: Chunk X=-2 Y=0 Z=0 FlatVerts=2244 SlopeVerts=0
[+01:24:19.953] VoxelMesh: Chunk X=0 Y=0 Z=0 FlatVerts=5766 SlopeVerts=13488
[+01:24:19.973] VoxelChunk: GenerateAsync (0,2,-1)
[+01:24:20.285] VoxelMesh: Chunk X=0 Y=0 Z=0 FlatVerts=4716 SlopeVerts=78
[+01:24:20.293] VoxelChunk: GenerateAsync (2,2,-1)
[+01:24:20.621] VoxelMesh: Chunk X=0 Y=0 Z=0 FlatVerts=672 SlopeVerts=4404
[+01:24:20.627] VoxelChunk: GenerateAsync (-2,1,-1)
[+01:24:20.948] VoxelChunk: GenerateAsync (-2,-2,2)
[+01:24:20.949] VoxelMesh: Chunk X=-2 Y=-2 Z=2 FlatVerts=0 SlopeVerts=0
[+01:24:21.287] VoxelMesh: Chunk X=0 Y=0 Z=0 FlatVerts=114 SlopeVerts=10098
[+01:24:21.294] VoxelChunk: GenerateAsync (-1,-2,-1)
[+01:24:21.617] VoxelMesh: Chunk X=0 Y=0 Z=0 FlatVerts=4578 SlopeVerts=13032
[+01:24:21.632] VoxelChunk: GenerateAsync (2,-2,-1)
[+01:24:21.950] VoxelChunk: GenerateAsync (-2,-1,2)
[+01:24:22.281] VoxelChunk: GenerateAsync (0,-1,2)
[+01:24:22.281] VoxelMesh: Chunk X=0 Y=-1 Z=2 FlatVerts=6 SlopeVerts=3060
[+01:24:22.616] VoxelChunk: GenerateAsync (1,-1,2)
[+01:24:22.618] VoxelMesh: Chunk X=1 Y=-1 Z=2 FlatVerts=0 SlopeVerts=4320
[+01:24:22.951] VoxelChunk: GenerateAsync (0,0,2)
[+01:24:22.952] VoxelMesh: Chunk X=0 Y=0 Z=2 FlatVerts=0 SlopeVerts=72
[+01:24:23.282] VoxelChunk: GenerateAsync (2,0,2)
[+01:24:23.283] VoxelMesh: Chunk X=2 Y=0 Z=2 FlatVerts=0 SlopeVerts=5874
[+01:24:23.620] VoxelChunk: GenerateAsync (2,2,0)
[+01:24:23.620] VoxelMesh: Chunk X=2 Y=2 Z=0 FlatVerts=2550 SlopeVerts=318
[+01:24:23.952] VoxelChunk: GenerateAsync (-1,1,2)
[+01:24:24.285] VoxelMesh: Chunk X=0 Y=0 Z=0 FlatVerts=0 SlopeVerts=0
[+01:24:24.285] VoxelChunk: GenerateAsync (-2,0,-1)
[+01:24:24.618] VoxelMesh: Chunk X=0 Y=0 Z=0 FlatVerts=9366 SlopeVerts=2514
[+01:24:24.633] VoxelChunk: GenerateAsync (2,-1,-1)
[+01:24:24.948] VoxelChunk: GenerateAsync (0,2,2)
[+01:24:25.287] VoxelChunk: GenerateAsync (2,2,2)
[+01:24:25.616] VoxelChunk: GenerateAsync (-1,-2,2)
[+01:24:25.617] VoxelMesh: Chunk X=-1 Y=-2 Z=2 FlatVerts=18 SlopeVerts=4272
[+01:24:25.952] VoxelMesh: Chunk X=0 Y=0 Z=0 FlatVerts=192 SlopeVerts=7482
[+01:24:25.958] VoxelChunk: GenerateAsync (-1,2,0)
[+01:24:25.959] VoxelMesh: Chunk X=-1 Y=2 Z=0 FlatVerts=2544 SlopeVerts=0
[+01:24:26.284] VoxelMesh: Chunk X=0 Y=0 Z=0 FlatVerts=0 SlopeVerts=3000
[+01:24:26.287] VoxelChunk: GenerateAsync (-1,-2,0)
[+01:24:26.288] VoxelMesh: Chunk X=-1 Y=-2 Z=0 FlatVerts=0 SlopeVerts=12
[+01:24:26.616] VoxelMesh: Chunk X=0 Y=0 Z=0 FlatVerts=0 SlopeVerts=6588
[+01:24:26.621] VoxelChunk: GenerateAsync (0,-2,0)
[+01:24:26.949] VoxelChunk: GenerateAsync (-2,2,2)
[+01:24:27.282] VoxelChunk: GenerateAsync (-1,2,2)
[+01:24:27.616] VoxelMesh: Chunk X=0 Y=0 Z=0 FlatVerts=7206 SlopeVerts=0
[+01:24:27.620] VoxelChunk: GenerateAsync (3,2,-2)
[+01:24:27.950] VoxelMesh: Chunk X=0 Y=0 Z=0 FlatVerts=228 SlopeVerts=246
[+01:24:27.952] VoxelChunk: GenerateAsync (-3,2,1)
[+01:24:27.953] VoxelMesh: Chunk X=-3 Y=2 Z=1 FlatVerts=642 SlopeVerts=1848
[+01:24:28.285] VoxelMesh: Chunk X=0 Y=0 Z=0 FlatVerts=1020 SlopeVerts=13086
[+01:24:28.296] VoxelChunk: GenerateAsync (-3,2,-1)
[+01:24:28.616] VoxelMesh: Chunk X=0 Y=0 Z=0 FlatVerts=2382 SlopeVerts=3012
[+01:24:28.621] VoxelChunk: GenerateAsync (-3,3,1)
[+01:24:28.622] VoxelMesh: Chunk X=-3 Y=3 Z=1 FlatVerts=114 SlopeVerts=2400
[+01:24:28.952] VoxelMesh: Chunk X=0 Y=0 Z=0 FlatVerts=216 SlopeVerts=9144
[+01:24:28.959] VoxelChunk: GenerateAsync (-1,3,1)
[+01:24:29.290] VoxelMesh: Chunk X=0 Y=0 Z=0 FlatVerts=4206 SlopeVerts=12066
[+01:24:29.308] VoxelChunk: GenerateAsync (-3,2,-2)
[+01:24:29.617] VoxelMesh: Chunk X=0 Y=0 Z=0 FlatVerts=8016 SlopeVerts=7044
[+01:24:29.632] VoxelChunk: GenerateAsync (-3,-3,-2)
[+01:24:29.949] VoxelChunk: GenerateAsync (2,3,1)
[+01:24:29.950] VoxelMesh: Chunk X=2 Y=3 Z=1 FlatVerts=1242 SlopeVerts=2340
[+01:24:30.285] VoxelChunk: GenerateAsync (3,3,1)
[+01:24:30.285] VoxelMesh: Chunk X=3 Y=3 Z=1 FlatVerts=1332 SlopeVerts=936
[+01:24:30.620] VoxelMesh: Chunk X=0 Y=0 Z=0 FlatVerts=1674 SlopeVerts=24204
[+01:24:30.643] VoxelChunk: GenerateAsync (-1,-3,-2)
[+01:24:30.949] VoxelMesh: Chunk X=0 Y=0 Z=0 FlatVerts=4440 SlopeVerts=738
[+01:24:30.956] VoxelChunk: GenerateAsync (3,-1,-1)
[+01:24:31.048] VoxelMesh: Chunk X=0 Y=0 Z=0 FlatVerts=0 SlopeVerts=390
[+01:24:31.049] VoxelChunk: GenerateAsync (-2,-3,2)
[+01:24:31.049] VoxelMesh: Chunk X=-2 Y=-3 Z=2 FlatVerts=0 SlopeVerts=468
[+01:24:31.172] VoxelMesh: Chunk X=0 Y=0 Z=0 FlatVerts=18 SlopeVerts=6090
[+01:24:31.176] VoxelChunk: GenerateAsync (0,-3,2)
[+01:24:31.178] VoxelMesh: Chunk X=0 Y=-3 Z=2 FlatVerts=0 SlopeVerts=4146
[+01:24:31.265] VoxelChunk: GenerateAsync (3,0,0)
[+01:24:31.366] VoxelMesh: Chunk X=0 Y=0 Z=0 FlatVerts=0 SlopeVerts=0
[+01:24:31.366] VoxelChunk: GenerateAsync (-3,1,0)
[+01:24:31.367] VoxelMesh: Chunk X=-3 Y=1 Z=0 FlatVerts=2394 SlopeVerts=576
[+01:24:31.470] VoxelMesh: Chunk X=0 Y=0 Z=0 FlatVerts=0 SlopeVerts=654
[+01:24:31.471] VoxelChunk: GenerateAsync (3,-3,2)
[+01:24:31.472] VoxelMesh: Chunk X=3 Y=-3 Z=2 FlatVerts=0 SlopeVerts=18
[+01:24:31.572] VoxelChunk: GenerateAsync (-3,-2,2)
[+01:24:31.572] VoxelMesh: Chunk X=-3 Y=-2 Z=2 FlatVerts=48 SlopeVerts=528
[+01:24:31.673] VoxelChunk: GenerateAsync (-3,0,-1)
[+01:24:31.776] VoxelMesh: Chunk X=0 Y=0 Z=0 FlatVerts=7194 SlopeVerts=0
[+01:24:31.780] VoxelChunk: GenerateAsync (3,1,-2)
[+01:24:31.876] VoxelMesh: Chunk X=0 Y=0 Z=0 FlatVerts=8490 SlopeVerts=6756
[+01:24:31.891] VoxelChunk: GenerateAsync (-3,1,-2)
[+01:24:31.976] VoxelMesh: Chunk X=0 Y=0 Z=0 FlatVerts=2106 SlopeVerts=0
[+01:24:31.978] VoxelChunk: GenerateAsync (3,2,-1)
[+01:24:32.077] VoxelChunk: GenerateAsync (3,-2,2)
[+01:24:32.078] VoxelMesh: Chunk X=3 Y=-2 Z=2 FlatVerts=54 SlopeVerts=4002
[+01:24:32.184] VoxelMesh: Chunk X=0 Y=0 Z=0 FlatVerts=7722 SlopeVerts=0
[+01:24:32.189] VoxelChunk: GenerateAsync (3,0,-2)
[+01:24:32.286] VoxelChunk: GenerateAsync (-3,-1,2)
[+01:24:32.389] VoxelMesh: Chunk X=0 Y=0 Z=0 FlatVerts=1428 SlopeVerts=15462
[+01:24:32.404] VoxelChunk: GenerateAsync (-3,3,-1)
[+01:24:32.489] VoxelChunk: GenerateAsync (-3,-2,-1)
[+01:24:32.588] VoxelChunk: GenerateAsync (3,1,0)
[+01:24:32.590] VoxelMesh: Chunk X=3 Y=1 Z=0 FlatVerts=54 SlopeVerts=888
[+01:24:32.690] VoxelMesh: Chunk X=0 Y=0 Z=0 FlatVerts=414 SlopeVerts=5814
[+01:24:32.694] VoxelChunk: GenerateAsync (-3,2,0)
[+01:24:32.696] VoxelMesh: Chunk X=-3 Y=2 Z=0 FlatVerts=1260 SlopeVerts=930
[+01:24:32.799] VoxelMesh: Chunk X=0 Y=0 Z=0 FlatVerts=984 SlopeVerts=15918
[+01:24:32.813] VoxelChunk: GenerateAsync (-2,3,-1)
[+01:24:32.901] VoxelChunk: GenerateAsync (-3,0,2)
[+01:24:33.006] VoxelMesh: Chunk X=0 Y=0 Z=0 FlatVerts=1452 SlopeVerts=20274
[+01:24:33.024] VoxelChunk: GenerateAsync (-1,3,-1)
[+01:24:33.112] VoxelMesh: Chunk X=0 Y=0 Z=0 FlatVerts=0 SlopeVerts=2232
[+01:24:33.114] VoxelChunk: GenerateAsync (-3,-3,-1)
[+01:24:33.216] VoxelChunk: GenerateAsync (3,0,2)
[+01:24:33.217] VoxelMesh: Chunk X=3 Y=0 Z=2 FlatVerts=186 SlopeVerts=5844
[+01:24:33.324] VoxelMesh: Chunk X=0 Y=0 Z=0 FlatVerts=2322 SlopeVerts=20340
[+01:24:33.341] VoxelChunk: GenerateAsync (0,3,-1)
[+01:24:33.426] VoxelChunk: GenerateAsync (-3,1,2)
[+01:24:33.527] VoxelChunk: GenerateAsync (3,2,0)
[+01:24:33.528] VoxelMesh: Chunk X=3 Y=2 Z=0 FlatVerts=558 SlopeVerts=462
[+01:24:33.631] VoxelMesh: Chunk X=0 Y=0 Z=0 FlatVerts=4710 SlopeVerts=12462
[+01:24:33.647] VoxelChunk: GenerateAsync (1,3,-1)
[+01:24:33.733] VoxelMesh: Chunk X=0 Y=0 Z=0 FlatVerts=7758 SlopeVerts=1446
[+01:24:33.744] VoxelChunk: GenerateAsync (3,3,-2)
[+01:24:33.838] VoxelMesh: Chunk X=0 Y=0 Z=0 FlatVerts=2352 SlopeVerts=6504
[+01:24:33.847] VoxelChunk: GenerateAsync (3,-2,-1)
[+01:24:33.936] VoxelMesh: Chunk X=0 Y=0 Z=0 FlatVerts=6654 SlopeVerts=2766
[+01:24:33.947] VoxelChunk: GenerateAsync (2,3,-1)
[+01:24:34.041] VoxelMesh: Chunk X=0 Y=0 Z=0 FlatVerts=3786 SlopeVerts=1446
[+01:24:34.047] VoxelChunk: GenerateAsync (3,3,-1)
[+01:24:34.150] VoxelMesh: Chunk X=0 Y=0 Z=0 FlatVerts=8172 SlopeVerts=2430
[+01:24:34.162] VoxelChunk: GenerateAsync (2,3,-2)
[+01:24:34.258] VoxelMesh: Chunk X=0 Y=0 Z=0 FlatVerts=192 SlopeVerts=6666
[+01:24:34.262] VoxelChunk: GenerateAsync (1,3,0)
[+01:24:34.263] VoxelMesh: Chunk X=1 Y=3 Z=0 FlatVerts=2592 SlopeVerts=264
[+01:24:34.360] VoxelMesh: Chunk X=0 Y=0 Z=0 FlatVerts=18 SlopeVerts=324
[+01:24:34.361] VoxelChunk: GenerateAsync (2,3,0)
[+01:24:34.362] VoxelMesh: Chunk X=2 Y=3 Z=0 FlatVerts=954 SlopeVerts=588
[+01:24:34.466] VoxelMesh: Chunk X=0 Y=0 Z=0 FlatVerts=0 SlopeVerts=54
[+01:24:34.466] VoxelChunk: GenerateAsync (-3,-3,0)
[+01:24:34.467] VoxelMesh: Chunk X=-3 Y=-3 Z=0 FlatVerts=216 SlopeVerts=1578
[+01:24:34.570] VoxelChunk: GenerateAsync (3,3,0)
[+01:24:34.672] VoxelChunk: GenerateAsync (-3,-3,1)
[+01:24:34.674] VoxelMesh: Chunk X=-3 Y=-3 Z=1 FlatVerts=444 SlopeVerts=3366
[+01:24:34.779] VoxelMesh: Chunk X=0 Y=0 Z=0 FlatVerts=0 SlopeVerts=6504
[+01:24:34.783] VoxelChunk: GenerateAsync (-2,-3,0)
[+01:24:34.784] VoxelMesh: Chunk X=-2 Y=-3 Z=0 FlatVerts=1026 SlopeVerts=1050
[+01:24:34.879] VoxelChunk: GenerateAsync (-3,-1,-1)
[+01:24:34.983] VoxelMesh: Chunk X=0 Y=0 Z=0 FlatVerts=702 SlopeVerts=17190
[+01:24:34.998] VoxelChunk: GenerateAsync (2,-3,-1)
[+01:24:35.088] VoxelMesh: Chunk X=0 Y=0 Z=0 FlatVerts=0 SlopeVerts=2826
[+01:24:35.090] VoxelChunk: GenerateAsync (-2,-3,1)
[+01:24:35.091] VoxelMesh: Chunk X=-2 Y=-3 Z=1 FlatVerts=312 SlopeVerts=2646
[+01:24:35.194] VoxelMesh: Chunk X=0 Y=0 Z=0 FlatVerts=42 SlopeVerts=6816
[+01:24:35.200] VoxelChunk: GenerateAsync (-1,-3,1)
[+01:24:35.201] VoxelMesh: Chunk X=-1 Y=-3 Z=1 FlatVerts=12 SlopeVerts=636
[+01:24:35.305] VoxelMesh: Chunk X=0 Y=0 Z=0 FlatVerts=18 SlopeVerts=14538
[+01:24:35.314] VoxelChunk: GenerateAsync (-1,-3,0)
[+01:24:35.410] VoxelMesh: Chunk X=0 Y=0 Z=0 FlatVerts=42 SlopeVerts=14766
[+01:24:35.420] VoxelChunk: GenerateAsync (0,-3,1)
[+01:24:35.421] VoxelMesh: Chunk X=0 Y=-3 Z=1 FlatVerts=12 SlopeVerts=114
[+01:24:35.518] VoxelMesh: Chunk X=0 Y=0 Z=0 FlatVerts=18 SlopeVerts=26688
[+01:24:35.538] VoxelChunk: GenerateAsync (1,-3,1)
[+01:24:35.540] VoxelMesh: Chunk X=1 Y=-3 Z=1 FlatVerts=36 SlopeVerts=240
[+01:24:35.618] VoxelChunk: GenerateAsync (3,1,1)
[+01:24:35.619] VoxelMesh: Chunk X=3 Y=1 Z=1 FlatVerts=252 SlopeVerts=4356
[+01:24:35.726] VoxelMesh: Chunk X=0 Y=0 Z=0 FlatVerts=18 SlopeVerts=22518
[+01:24:35.742] VoxelChunk: GenerateAsync (0,-3,0)
[+01:24:35.828] VoxelMesh: Chunk X=0 Y=0 Z=0 FlatVerts=4644 SlopeVerts=0
[+01:24:35.832] VoxelChunk: GenerateAsync (3,0,-1)
[+01:24:35.936] VoxelMesh: Chunk X=0 Y=0 Z=0 FlatVerts=120 SlopeVerts=20670
[+01:24:35.952] VoxelChunk: GenerateAsync (2,-3,1)
[+01:24:36.041] VoxelMesh: Chunk X=0 Y=0 Z=0 FlatVerts=102 SlopeVerts=4758
[+01:24:36.044] VoxelChunk: GenerateAsync (3,-3,1)
[+01:24:36.149] VoxelMesh: Chunk X=0 Y=0 Z=0 FlatVerts=6 SlopeVerts=27888
[+01:24:36.169] VoxelChunk: GenerateAsync (1,-3,0)
[+01:24:36.249] VoxelChunk: GenerateAsync (-3,-2,1)
[+01:24:36.250] VoxelMesh: Chunk X=-3 Y=-2 Z=1 FlatVerts=822 SlopeVerts=3696
[+01:24:36.355] VoxelChunk: GenerateAsync (3,2,1)
[+01:24:36.356] VoxelMesh: Chunk X=3 Y=2 Z=1 FlatVerts=1380 SlopeVerts=2556
[+01:24:36.462] VoxelMesh: Chunk X=0 Y=0 Z=0 FlatVerts=132 SlopeVerts=21876
[+01:24:36.479] VoxelChunk: GenerateAsync (2,-3,0)
[+01:24:36.568] VoxelMesh: Chunk X=0 Y=0 Z=0 FlatVerts=2448 SlopeVerts=6876
[+01:24:36.576] VoxelChunk: GenerateAsync (-2,3,1)
[+01:24:36.577] VoxelMesh: Chunk X=-2 Y=3 Z=1 FlatVerts=60 SlopeVerts=936
[+01:24:36.670] VoxelMesh: Chunk X=0 Y=0 Z=0 FlatVerts=150 SlopeVerts=2208
[+01:24:36.672] VoxelChunk: GenerateAsync (-3,1,-1)
[+01:24:36.775] VoxelMesh: Chunk X=0 Y=0 Z=0 FlatVerts=108 SlopeVerts=4716
[+01:24:36.778] VoxelChunk: GenerateAsync (0,3,1)
[+01:24:36.880] VoxelMesh: Chunk X=0 Y=0 Z=0 FlatVerts=18 SlopeVerts=600
[+01:24:36.881] VoxelChunk: GenerateAsync (1,3,1)
[+01:24:36.882] VoxelMesh: Chunk X=1 Y=3 Z=1 FlatVerts=6 SlopeVerts=420
[+01:24:36.992] VoxelMesh: Chunk X=0 Y=0 Z=0 FlatVerts=306 SlopeVerts=10878
[+01:24:37.001] VoxelChunk: GenerateAsync (3,-3,0)
[+01:24:37.108] VoxelChunk: GenerateAsync (-3,-2,0)
[+01:24:37.109] VoxelMesh: Chunk X=-3 Y=-2 Z=0 FlatVerts=300 SlopeVerts=162
[+01:24:37.201] VoxelChunk: GenerateAsync (-3,-3,2)
[+01:24:37.202] VoxelMesh: Chunk X=-3 Y=-3 Z=2 FlatVerts=0 SlopeVerts=102
[+01:24:37.305] VoxelMesh: Chunk X=0 Y=0 Z=0 FlatVerts=0 SlopeVerts=0
[+01:24:37.306] VoxelChunk: GenerateAsync (3,-2,1)
[+01:24:37.307] VoxelMesh: Chunk X=3 Y=-2 Z=1 FlatVerts=0 SlopeVerts=672
[+01:24:37.409] VoxelMesh: Chunk X=0 Y=0 Z=0 FlatVerts=18 SlopeVerts=1686
[+01:24:37.411] VoxelChunk: GenerateAsync (-1,-3,2)
[+01:24:37.412] VoxelMesh: Chunk X=-1 Y=-3 Z=2 FlatVerts=156 SlopeVerts=6690
[+01:24:37.517] VoxelChunk: GenerateAsync (-3,-1,1)
[+01:24:37.518] VoxelMesh: Chunk X=-3 Y=-1 Z=1 FlatVerts=246 SlopeVerts=1296
[+01:24:37.624] VoxelMesh: Chunk X=0 Y=0 Z=0 FlatVerts=12 SlopeVerts=12750
[+01:24:37.633] VoxelChunk: GenerateAsync (1,-3,2)
[+01:24:37.635] VoxelMesh: Chunk X=1 Y=-3 Z=2 FlatVerts=12 SlopeVerts=2748
[+01:24:37.726] VoxelMesh: Chunk X=0 Y=0 Z=0 FlatVerts=12 SlopeVerts=8610
[+01:24:37.732] VoxelChunk: GenerateAsync (2,-3,2)
[+01:24:37.734] VoxelMesh: Chunk X=2 Y=-3 Z=2 FlatVerts=0 SlopeVerts=294
[+01:24:38.154] VoxelMesh: Chunk X=0 Y=0 Z=0 FlatVerts=10584 SlopeVerts=0
[+01:24:38.161] VoxelChunk: GenerateAsync (-3,0,-2)
[+01:24:38.486] VoxelMesh: Chunk X=0 Y=0 Z=0 FlatVerts=5238 SlopeVerts=6456
[+01:24:38.499] VoxelChunk: GenerateAsync (1,3,-2)
[+01:24:38.823] VoxelMesh: Chunk X=0 Y=0 Z=0 FlatVerts=348 SlopeVerts=29244
[+01:24:38.846] VoxelChunk: GenerateAsync (0,-3,-1)
[+01:24:39.155] VoxelMesh: Chunk X=0 Y=0 Z=0 FlatVerts=8550 SlopeVerts=900
[+01:24:39.166] VoxelChunk: GenerateAsync (3,-1,-2)
[+01:24:39.489] VoxelMesh: Chunk X=0 Y=0 Z=0 FlatVerts=10458 SlopeVerts=0
[+01:24:39.497] VoxelChunk: GenerateAsync (-3,-1,-2)
[+01:24:39.592] VoxelChunk: GenerateAsync (3,-1,1)
[+01:24:39.594] VoxelMesh: Chunk X=3 Y=-1 Z=1 FlatVerts=0 SlopeVerts=1776
[+01:24:39.699] VoxelMesh: Chunk X=0 Y=0 Z=0 FlatVerts=2154 SlopeVerts=7320
[+01:24:39.707] VoxelChunk: GenerateAsync (0,3,-2)
[+01:24:39.801] VoxelChunk: GenerateAsync (-3,0,1)
[+01:24:39.903] VoxelMesh: Chunk X=0 Y=0 Z=0 FlatVerts=6936 SlopeVerts=6288
[+01:24:39.916] VoxelChunk: GenerateAsync (3,-2,-2)
[+01:24:40.012] VoxelMesh: Chunk X=0 Y=0 Z=0 FlatVerts=10224 SlopeVerts=672
[+01:24:40.026] VoxelChunk: GenerateAsync (-3,-2,-2)
[+01:24:40.397] VoxelMesh: Chunk X=0 Y=0 Z=0 FlatVerts=0 SlopeVerts=1212
[+01:24:40.399] VoxelChunk: GenerateAsync (3,-2,0)
[+01:24:40.732] VoxelMesh: Chunk X=0 Y=0 Z=0 FlatVerts=1116 SlopeVerts=4968
[+01:24:40.737] VoxelChunk: GenerateAsync (-1,3,-2)
[+01:24:41.065] VoxelMesh: Chunk X=0 Y=0 Z=0 FlatVerts=120 SlopeVerts=24060
[+01:24:41.082] VoxelChunk: GenerateAsync (-1,-3,-1)
[+01:24:41.400] VoxelMesh: Chunk X=0 Y=0 Z=0 FlatVerts=2694 SlopeVerts=9912
[+01:24:41.411] VoxelChunk: GenerateAsync (3,-3,-2)
[+01:24:41.730] VoxelChunk: GenerateAsync (3,-1,2)
[+01:24:41.731] VoxelMesh: Chunk X=3 Y=-1 Z=2 FlatVerts=0 SlopeVerts=3246
[+01:24:42.065] VoxelChunk: GenerateAsync (-3,-1,0)
[+01:24:42.066] VoxelMesh: Chunk X=-3 Y=-1 Z=0 FlatVerts=1482 SlopeVerts=744
[+01:24:42.399] VoxelChunk: GenerateAsync (3,0,1)
[+01:24:42.400] VoxelMesh: Chunk X=3 Y=0 Z=1 FlatVerts=30 SlopeVerts=138
[+01:24:42.730] VoxelChunk: GenerateAsync (-3,1,1)
[+01:24:42.730] VoxelMesh: Chunk X=-3 Y=1 Z=1 FlatVerts=0 SlopeVerts=0
[+01:24:43.065] VoxelMesh: Chunk X=0 Y=0 Z=0 FlatVerts=1326 SlopeVerts=8292
[+01:24:43.072] VoxelChunk: GenerateAsync (2,-3,-2)
[+01:24:43.399] VoxelMesh: Chunk X=0 Y=0 Z=0 FlatVerts=498 SlopeVerts=4548
[+01:24:43.402] VoxelChunk: GenerateAsync (-2,3,-2)
[+01:24:43.733] VoxelMesh: Chunk X=0 Y=0 Z=0 FlatVerts=444 SlopeVerts=12036
[+01:24:43.741] VoxelChunk: GenerateAsync (1,-3,-2)
[+01:24:44.066] VoxelMesh: Chunk X=0 Y=0 Z=0 FlatVerts=1044 SlopeVerts=20748
[+01:24:44.083] VoxelChunk: GenerateAsync (0,-3,-2)
[+01:24:44.398] VoxelMesh: Chunk X=0 Y=0 Z=0 FlatVerts=1404 SlopeVerts=7404
[+01:24:44.405] VoxelChunk: GenerateAsync (-3,3,-2)
[+01:24:44.730] VoxelMesh: Chunk X=0 Y=0 Z=0 FlatVerts=2868 SlopeVerts=0
[+01:24:44.733] VoxelChunk: GenerateAsync (3,1,-1)
[+01:24:45.065] VoxelMesh: Chunk X=0 Y=0 Z=0 FlatVerts=66 SlopeVerts=12294
[+01:24:45.073] VoxelChunk: GenerateAsync (-2,-3,-1)
[+01:24:45.400] VoxelMesh: Chunk X=0 Y=0 Z=0 FlatVerts=996 SlopeVerts=15774
[+01:24:45.413] VoxelChunk: GenerateAsync (3,-3,-1)
[+01:24:45.731] VoxelMesh: Chunk X=0 Y=0 Z=0 FlatVerts=2616 SlopeVerts=11004
[+01:24:45.741] VoxelChunk: GenerateAsync (-3,3,0)
[+01:24:45.742] VoxelMesh: Chunk X=-3 Y=3 Z=0 FlatVerts=78 SlopeVerts=102
[+01:24:46.065] VoxelMesh: Chunk X=0 Y=0 Z=0 FlatVerts=2916 SlopeVerts=18156
[+01:24:46.083] VoxelChunk: GenerateAsync (-2,3,0)
[+01:24:46.083] VoxelMesh: Chunk X=-2 Y=3 Z=0 FlatVerts=1890 SlopeVerts=1056
[+01:24:46.402] VoxelMesh: Chunk X=0 Y=0 Z=0 FlatVerts=540 SlopeVerts=24432
[+01:24:46.419] VoxelChunk: GenerateAsync (-1,3,0)
[+01:24:46.420] VoxelMesh: Chunk X=-1 Y=3 Z=0 FlatVerts=2328 SlopeVerts=0
[+01:24:46.732] VoxelChunk: GenerateAsync (3,1,2)
[+01:24:46.732] VoxelMesh: Chunk X=3 Y=1 Z=2 FlatVerts=72 SlopeVerts=1896
[+01:24:47.065] VoxelChunk: GenerateAsync (-3,2,2)
[+01:24:47.066] VoxelMesh: Chunk X=-3 Y=2 Z=2 FlatVerts=0 SlopeVerts=294
[+01:24:47.399] VoxelMesh: Chunk X=0 Y=0 Z=0 FlatVerts=432 SlopeVerts=24336
[+01:24:47.416] VoxelChunk: GenerateAsync (1,-3,-1)
[+01:24:47.730] VoxelMesh: Chunk X=0 Y=0 Z=0 FlatVerts=306 SlopeVerts=17796
[+01:24:47.744] VoxelChunk: GenerateAsync (0,3,0)
[+01:24:47.745] VoxelMesh: Chunk X=0 Y=3 Z=0 FlatVerts=2514 SlopeVerts=0
[+01:24:48.065] VoxelMesh: Chunk X=0 Y=0 Z=0 FlatVerts=0 SlopeVerts=0
[+01:24:48.065] VoxelChunk: GenerateAsync (3,-1,0)
[+01:24:48.396] VoxelChunk: GenerateAsync (-3,0,0)
[+01:24:48.397] VoxelMesh: Chunk X=-3 Y=0 Z=0 FlatVerts=2514 SlopeVerts=0
[+01:24:48.734] VoxelMesh: Chunk X=0 Y=0 Z=0 FlatVerts=3756 SlopeVerts=17586
[+01:24:48.751] VoxelChunk: GenerateAsync (-2,-3,-2)
[+01:24:49.064] VoxelChunk: GenerateAsync (3,2,2)
[+01:24:49.065] VoxelMesh: Chunk X=3 Y=2 Z=2 FlatVerts=180 SlopeVerts=312
[+01:24:49.399] VoxelMesh: Chunk X=0 Y=0 Z=0 FlatVerts=0 SlopeVerts=0
[+01:24:49.400] VoxelChunk: GenerateAsync (-3,3,2)
[+01:24:49.400] VoxelMesh: Chunk X=-3 Y=3 Z=2 FlatVerts=18 SlopeVerts=3024
[+01:24:49.734] VoxelMesh: Chunk X=0 Y=0 Z=0 FlatVerts=0 SlopeVerts=0
[+01:24:49.734] VoxelChunk: GenerateAsync (-2,3,2)
[+01:24:50.063] VoxelMesh: Chunk X=0 Y=0 Z=0 FlatVerts=0 SlopeVerts=0
[+01:24:50.065] VoxelChunk: GenerateAsync (-1,3,2)
[+01:24:50.396] VoxelMesh: Chunk X=0 Y=0 Z=0 FlatVerts=0 SlopeVerts=0
[+01:24:50.397] VoxelChunk: GenerateAsync (0,3,2)
[+01:24:50.730] VoxelChunk: GenerateAsync (1,3,2)
[+01:24:51.064] VoxelChunk: GenerateAsync (2,3,2)
[+01:24:51.064] VoxelMesh: Chunk X=2 Y=3 Z=2 FlatVerts=0 SlopeVerts=6
[+01:24:51.413] VoxelChunk: GenerateAsync (3,3,2)
[+01:24:51.413] VoxelWorld: Editor generation complete, 245 chunks.
[+01:24:51.414] VoxelMesh: Chunk X=3 Y=3 Z=2 FlatVerts=1686 SlopeVerts=822
[+01:27:30.595] VoxelWater: No owner or OceanPlaneMesh — skipping ocean.
[+01:27:30.595] VoxelWorld: GenerateWorldDeferred started.
[+01:27:30.595] VoxelWorld: Queued 244 chunks.
[+01:27:30.624] VoxelChunk: GenerateAsync (1,0,0)
[+01:27:30.625] VoxelMesh: Chunk X=1 Y=0 Z=0 FlatVerts=852 SlopeVerts=1656
[+01:27:30.626] VoxelMesh: Chunk X=0 Y=0 Z=0 FlatVerts=690 SlopeVerts=2340
[+01:27:30.627] VoxelChunk: GenerateAsync (0,-1,-1)
[+01:27:30.630] VoxelChunk: GenerateAsync (1,1,1)
[+01:27:30.630] VoxelMesh: Chunk X=1 Y=1 Z=1 FlatVerts=0 SlopeVerts=0
[+01:27:30.631] VoxelChunk: GenerateAsync (0,1,1)
[+01:27:30.708] VoxelChunk: GenerateAsync (-1,1,1)
[+01:27:30.710] VoxelChunk: GenerateAsync (1,0,1)
[+01:27:30.712] VoxelMesh: Chunk X=1 Y=0 Z=1 FlatVerts=0 SlopeVerts=1980
[+01:27:30.712] VoxelChunk: GenerateAsync (0,0,1)
[+01:27:30.714] VoxelMesh: Chunk X=0 Y=0 Z=1 FlatVerts=0 SlopeVerts=1998
[+01:27:30.714] VoxelChunk: GenerateAsync (-1,0,1)
[+01:27:30.715] VoxelWater: Chunk X=1 Y=0 Z=0 emitted 68 procedural water vertices (Ocean/Pools)
[+01:27:30.715] VoxelWater: Chunk X=0 Y=0 Z=1 emitted 4 procedural water vertices (Ocean/Pools)
[+01:27:30.715] VoxelWater: Chunk X=1 Y=0 Z=1 emitted 40 procedural water vertices (Ocean/Pools)
[+01:27:30.744] VoxelMesh: Chunk X=0 Y=0 Z=0 FlatVerts=0 SlopeVerts=30
[+01:27:30.745] VoxelChunk: GenerateAsync (-1,1,0)
[+01:27:30.747] VoxelMesh: Chunk X=-1 Y=1 Z=0 FlatVerts=2610 SlopeVerts=0
[+01:27:30.748] VoxelMesh: Chunk X=0 Y=0 Z=0 FlatVerts=0 SlopeVerts=0
[+01:27:30.748] VoxelChunk: GenerateAsync (0,1,0)
[+01:27:30.749] VoxelMesh: Chunk X=0 Y=1 Z=0 FlatVerts=2652 SlopeVerts=0
[+01:27:30.752] VoxelMesh: Chunk X=0 Y=0 Z=0 FlatVerts=7674 SlopeVerts=6372
[+01:27:30.754] VoxelChunk: GenerateAsync (0,1,-1)
[+01:27:30.758] VoxelMesh: Chunk X=0 Y=0 Z=0 FlatVerts=558 SlopeVerts=978
[+01:27:30.759] VoxelChunk: GenerateAsync (-1,0,-1)
[+01:27:30.771] VoxelChunk: GenerateAsync (0,-1,1)
[+01:27:30.772] VoxelMesh: Chunk X=0 Y=-1 Z=1 FlatVerts=0 SlopeVerts=2352
[+01:27:30.774] VoxelMesh: Chunk X=0 Y=0 Z=0 FlatVerts=10104 SlopeVerts=3066
[+01:27:30.775] VoxelChunk: GenerateAsync (1,0,-1)
[+01:27:30.778] VoxelChunk: GenerateAsync (0,-1,0)
[+01:27:30.780] VoxelMesh: Chunk X=0 Y=-1 Z=0 FlatVerts=78 SlopeVerts=438
[+01:27:30.781] VoxelChunk: GenerateAsync (-1,0,0)
[+01:27:30.782] VoxelMesh: Chunk X=-1 Y=0 Z=0 FlatVerts=2622 SlopeVerts=36
[+01:27:30.856] VoxelChunk: GenerateAsync (1,-1,1)
[+01:27:30.858] VoxelMesh: Chunk X=1 Y=-1 Z=1 FlatVerts=0 SlopeVerts=2358
[+01:27:30.858] VoxelChunk: GenerateAsync (-1,-1,1)
[+01:27:30.859] VoxelMesh: Chunk X=-1 Y=-1 Z=1 FlatVerts=354 SlopeVerts=960
[+01:27:30.860] VoxelChunk: GenerateAsync (1,-1,0)
[+01:27:30.862] VoxelMesh: Chunk X=1 Y=-1 Z=0 FlatVerts=264 SlopeVerts=1044
[+01:27:30.864] VoxelMesh: Chunk X=0 Y=0 Z=0 FlatVerts=4362 SlopeVerts=3348
[+01:27:30.865] VoxelChunk: GenerateAsync (0,0,-1)
[+01:27:30.891] VoxelChunk: GenerateAsync (1,1,0)
[+01:27:30.892] VoxelMesh: Chunk X=1 Y=1 Z=0 FlatVerts=2568 SlopeVerts=0
[+01:27:30.893] VoxelChunk: GenerateAsync (-1,-1,0)
[+01:27:30.894] VoxelMesh: Chunk X=-1 Y=-1 Z=0 FlatVerts=1290 SlopeVerts=1842
[+01:27:30.896] VoxelMesh: Chunk X=0 Y=0 Z=0 FlatVerts=2784 SlopeVerts=7728
[+01:27:30.898] VoxelChunk: GenerateAsync (-1,1,-1)
[+01:27:30.901] VoxelMesh: Chunk X=0 Y=0 Z=0 FlatVerts=9852 SlopeVerts=2232
[+01:27:30.905] VoxelChunk: GenerateAsync (1,1,-1)
[+01:27:30.918] VoxelMesh: Chunk X=0 Y=0 Z=0 FlatVerts=6108 SlopeVerts=4734
[+01:27:30.919] VoxelChunk: GenerateAsync (1,-1,-1)
[+01:27:30.924] VoxelMesh: Chunk X=0 Y=0 Z=0 FlatVerts=0 SlopeVerts=0
[+01:27:30.924] VoxelChunk: GenerateAsync (-1,-1,-1)
[+01:27:30.928] VoxelMesh: Chunk X=0 Y=0 Z=0 FlatVerts=9870 SlopeVerts=8166
[+01:27:30.930] VoxelChunk: GenerateAsync (0,0,-2)
[+01:27:30.934] VoxelMesh: Chunk X=0 Y=0 Z=0 FlatVerts=9480 SlopeVerts=2814
[+01:27:30.936] VoxelChunk: GenerateAsync (-1,-1,-2)
[+01:27:30.940] VoxelWater: Chunk X=1 Y=0 Z=0 emitted 84 procedural water vertices (Ocean/Pools)
[+01:27:30.940] VoxelWater: Chunk X=1 Y=0 Z=1 emitted 48 procedural water vertices (Ocean/Pools)
[+01:27:30.940] VoxelWater: Chunk X=0 Y=0 Z=1 emitted 8 procedural water vertices (Ocean/Pools)
[+01:27:30.940] VoxelWater: Chunk X=-1 Y=1 Z=0 emitted 32 procedural water vertices (Ocean/Pools)
[+01:27:30.940] VoxelWater: Chunk X=0 Y=1 Z=0 emitted 12 procedural water vertices (Ocean/Pools)
[+01:27:30.940] VoxelWater: Chunk X=0 Y=-1 Z=1 emitted 44 procedural water vertices (Ocean/Pools)
[+01:27:30.940] VoxelWater: Chunk X=0 Y=-1 Z=0 emitted 8 procedural water vertices (Ocean/Pools)
[+01:27:30.940] VoxelWater: Chunk X=-1 Y=0 Z=0 emitted 36 procedural water vertices (Ocean/Pools)
[+01:27:30.940] VoxelWater: Chunk X=1 Y=-1 Z=1 emitted 32 procedural water vertices (Ocean/Pools)
[+01:27:30.940] VoxelWater: Chunk X=-1 Y=-1 Z=1 emitted 64 procedural water vertices (Ocean/Pools)
[+01:27:30.940] VoxelWater: Chunk X=1 Y=-1 Z=0 emitted 8 procedural water vertices (Ocean/Pools)
[+01:27:30.940] VoxelWater: Chunk X=1 Y=1 Z=0 emitted 28 procedural water vertices (Ocean/Pools)
[+01:27:30.940] VoxelWater: Chunk X=-1 Y=-1 Z=0 emitted 32 procedural water vertices (Ocean/Pools)
[+01:27:30.951] VoxelMesh: Chunk X=0 Y=0 Z=0 FlatVerts=7236 SlopeVerts=11094
[+01:27:30.953] VoxelChunk: GenerateAsync (0,-1,-2)
[+01:27:30.959] VoxelMesh: Chunk X=0 Y=0 Z=0 FlatVerts=6402 SlopeVerts=8718
[+01:27:30.960] VoxelChunk: GenerateAsync (2,-2,-2)
[+01:27:30.965] VoxelMesh: Chunk X=0 Y=0 Z=0 FlatVerts=5364 SlopeVerts=14646
[+01:27:30.967] VoxelChunk: GenerateAsync (-1,-2,-2)
[+01:27:30.973] VoxelMesh: Chunk X=0 Y=0 Z=0 FlatVerts=8448 SlopeVerts=11706
[+01:27:30.975] VoxelChunk: GenerateAsync (1,-1,-2)
[+01:27:30.988] VoxelMesh: Chunk X=0 Y=0 Z=0 FlatVerts=7176 SlopeVerts=12222
[+01:27:30.990] VoxelChunk: GenerateAsync (-1,1,-2)
[+01:27:30.995] VoxelMesh: Chunk X=0 Y=0 Z=0 FlatVerts=9372 SlopeVerts=8652
[+01:27:30.996] VoxelChunk: GenerateAsync (0,1,-2)
[+01:27:31.002] VoxelMesh: Chunk X=0 Y=0 Z=0 FlatVerts=10698 SlopeVerts=2838
[+01:27:31.004] VoxelChunk: GenerateAsync (2,-1,-2)
[+01:27:31.011] VoxelMesh: Chunk X=0 Y=0 Z=0 FlatVerts=3282 SlopeVerts=20316
[+01:27:31.014] VoxelChunk: GenerateAsync (0,-2,-2)
[+01:27:31.028] VoxelMesh: Chunk X=0 Y=0 Z=0 FlatVerts=10884 SlopeVerts=2268
[+01:27:31.030] VoxelChunk: GenerateAsync (1,1,-2)
[+01:27:31.034] VoxelMesh: Chunk X=0 Y=0 Z=0 FlatVerts=8868 SlopeVerts=48
[+01:27:31.035] VoxelChunk: GenerateAsync (2,1,-2)
[+01:27:31.040] VoxelMesh: Chunk X=0 Y=0 Z=0 FlatVerts=3768 SlopeVerts=11952
[+01:27:31.042] VoxelChunk: GenerateAsync (-2,2,-2)
[+01:27:31.045] VoxelMesh: Chunk X=0 Y=0 Z=0 FlatVerts=8076 SlopeVerts=66
[+01:27:31.047] VoxelChunk: GenerateAsync (2,2,-2)
[+01:27:31.060] VoxelMesh: Chunk X=0 Y=0 Z=0 FlatVerts=3978 SlopeVerts=12360
[+01:27:31.062] VoxelChunk: GenerateAsync (-1,2,-2)
[+01:27:31.065] VoxelMesh: Chunk X=0 Y=0 Z=0 FlatVerts=10338 SlopeVerts=1518
[+01:27:31.068] VoxelChunk: GenerateAsync (-2,0,-2)
[+01:27:31.073] VoxelMesh: Chunk X=0 Y=0 Z=0 FlatVerts=5778 SlopeVerts=10230
[+01:27:31.075] VoxelChunk: GenerateAsync (0,2,-2)
[+01:27:31.078] VoxelMesh: Chunk X=0 Y=0 Z=0 FlatVerts=7782 SlopeVerts=4164
[+01:27:31.080] VoxelChunk: GenerateAsync (1,2,-2)
[+01:27:31.094] VoxelMesh: Chunk X=0 Y=0 Z=0 FlatVerts=9576 SlopeVerts=5166
[+01:27:31.095] VoxelChunk: GenerateAsync (-1,0,-2)
[+01:27:31.099] VoxelMesh: Chunk X=0 Y=0 Z=0 FlatVerts=10392 SlopeVerts=642
[+01:27:31.101] VoxelChunk: GenerateAsync (-2,-1,-2)
[+01:27:31.108] VoxelMesh: Chunk X=0 Y=0 Z=0 FlatVerts=3630 SlopeVerts=16698
[+01:27:31.110] VoxelChunk: GenerateAsync (1,-2,-2)
[+01:27:31.114] VoxelMesh: Chunk X=0 Y=0 Z=0 FlatVerts=7968 SlopeVerts=6132
[+01:27:31.116] VoxelChunk: GenerateAsync (-2,-2,-2)
[+01:27:31.129] VoxelMesh: Chunk X=0 Y=0 Z=0 FlatVerts=8022 SlopeVerts=8964
[+01:27:31.131] VoxelChunk: GenerateAsync (-2,1,-2)
[+01:27:31.135] VoxelMesh: Chunk X=0 Y=0 Z=0 FlatVerts=11544 SlopeVerts=5226
[+01:27:31.137] VoxelChunk: GenerateAsync (1,0,-2)
[+01:27:31.143] VoxelMesh: Chunk X=0 Y=0 Z=0 FlatVerts=10476 SlopeVerts=702
[+01:27:31.144] VoxelChunk: GenerateAsync (2,0,-2)
[+01:27:31.148] VoxelChunk: GenerateAsync (2,-1,0)
[+01:27:31.148] VoxelMesh: Chunk X=2 Y=-1 Z=0 FlatVerts=1668 SlopeVerts=666
[+01:27:31.154] VoxelWater: Chunk X=1 Y=0 Z=0 emitted 92 procedural water vertices (Ocean/Pools)
[+01:27:31.154] VoxelWater: Chunk X=1 Y=0 Z=1 emitted 68 procedural water vertices (Ocean/Pools)
[+01:27:31.154] VoxelWater: Chunk X=0 Y=0 Z=1 emitted 8 procedural water vertices (Ocean/Pools)
[+01:27:31.154] VoxelWater: Chunk X=-1 Y=1 Z=0 emitted 44 procedural water vertices (Ocean/Pools)
[+01:27:31.154] VoxelWater: Chunk X=0 Y=1 Z=0 emitted 20 procedural water vertices (Ocean/Pools)
[+01:27:31.154] VoxelWater: Chunk X=0 Y=-1 Z=1 emitted 44 procedural water vertices (Ocean/Pools)
[+01:27:31.154] VoxelWater: Chunk X=0 Y=-1 Z=0 emitted 8 procedural water vertices (Ocean/Pools)
[+01:27:31.154] VoxelWater: Chunk X=-1 Y=0 Z=0 emitted 56 procedural water vertices (Ocean/Pools)
[+01:27:31.154] VoxelWater: Chunk X=1 Y=-1 Z=1 emitted 40 procedural water vertices (Ocean/Pools)
[+01:27:31.154] VoxelWater: Chunk X=-1 Y=-1 Z=0 emitted 48 procedural water vertices (Ocean/Pools)
[+01:27:31.154] VoxelWater: Chunk X=-1 Y=-1 Z=1 emitted 72 procedural water vertices (Ocean/Pools)
[+01:27:31.154] VoxelWater: Chunk X=1 Y=-1 Z=0 emitted 12 procedural water vertices (Ocean/Pools)
[+01:27:31.154] VoxelWater: Chunk X=2 Y=-1 Z=0 emitted 1028 procedural water vertices (Ocean/Pools)
[+01:27:31.154] VoxelWater: Chunk X=1 Y=1 Z=0 emitted 36 procedural water vertices (Ocean/Pools)
[+01:27:31.158] VoxelMesh: Chunk X=0 Y=0 Z=0 FlatVerts=6912 SlopeVerts=354
[+01:27:31.159] VoxelChunk: GenerateAsync (2,-29,-3)
[+01:27:31.162] VoxelChunk: GenerateAsync (2,-29,3)
[+01:27:31.164] VoxelChunk: GenerateAsync (2,-29,2)
[+01:27:31.165] VoxelMesh: Chunk X=2 Y=-29 Z=2 FlatVerts=180 SlopeVerts=282
[+01:27:31.167] VoxelMesh: Chunk X=0 Y=0 Z=0 FlatVerts=7656 SlopeVerts=0
[+01:27:31.168] VoxelChunk: GenerateAsync (2,-28,-3)
[+01:27:31.170] VoxelChunk: GenerateAsync (2,-28,3)
[+01:27:31.172] VoxelMesh: Chunk X=2 Y=-28 Z=3 FlatVerts=30 SlopeVerts=432
[+01:27:31.173] VoxelChunk: GenerateAsync (2,-28,2)
[+01:27:31.174] VoxelMesh: Chunk X=2 Y=-28 Z=2 FlatVerts=456 SlopeVerts=4476
[+01:27:31.175] VoxelMesh: Chunk X=0 Y=0 Z=0 FlatVerts=7464 SlopeVerts=150
[+01:27:31.176] VoxelChunk: GenerateAsync (2,-27,-3)
[+01:27:31.179] VoxelChunk: GenerateAsync (2,-27,3)
[+01:27:31.181] VoxelMesh: Chunk X=2 Y=-27 Z=3 FlatVerts=168 SlopeVerts=7104
[+01:27:31.182] VoxelChunk: GenerateAsync (2,-27,2)
[+01:27:31.183] VoxelMesh: Chunk X=2 Y=-27 Z=2 FlatVerts=102 SlopeVerts=708
[+01:27:31.185] VoxelMesh: Chunk X=0 Y=0 Z=0 FlatVerts=7278 SlopeVerts=180
[+01:27:31.185] VoxelChunk: GenerateAsync (3,-29,-3)
[+01:27:31.189] VoxelChunk: GenerateAsync (3,-29,3)
[+01:27:31.191] VoxelChunk: GenerateAsync (3,-29,2)
[+01:27:31.192] VoxelMesh: Chunk X=3 Y=-29 Z=2 FlatVerts=252 SlopeVerts=414
[+01:27:31.194] VoxelMesh: Chunk X=0 Y=0 Z=0 FlatVerts=7614 SlopeVerts=666
[+01:27:31.195] VoxelChunk: GenerateAsync (3,-28,-3)
[+01:27:31.199] VoxelChunk: GenerateAsync (3,-28,3)
[+01:27:31.200] VoxelMesh: Chunk X=3 Y=-28 Z=3 FlatVerts=24 SlopeVerts=234
[+01:27:31.201] VoxelChunk: GenerateAsync (3,-28,2)
[+01:27:31.202] VoxelMesh: Chunk X=3 Y=-28 Z=2 FlatVerts=450 SlopeVerts=3996
[+01:27:31.205] VoxelMesh: Chunk X=0 Y=0 Z=0 FlatVerts=6804 SlopeVerts=1506
[+01:27:31.206] VoxelChunk: GenerateAsync (3,-27,-3)
[+01:27:31.209] VoxelChunk: GenerateAsync (3,-27,3)
[+01:27:31.211] VoxelMesh: Chunk X=3 Y=-27 Z=3 FlatVerts=270 SlopeVerts=2904
[+01:27:31.212] VoxelChunk: GenerateAsync (3,-27,2)
[+01:27:31.213] VoxelMesh: Chunk X=3 Y=-27 Z=2 FlatVerts=300 SlopeVerts=3258
[+01:27:31.215] VoxelMesh: Chunk X=0 Y=0 Z=0 FlatVerts=4716 SlopeVerts=42
[+01:27:31.216] VoxelChunk: GenerateAsync (4,-29,-3)
[+01:27:31.219] VoxelChunk: GenerateAsync (4,-29,3)
[+01:27:31.222] VoxelChunk: GenerateAsync (4,-29,2)
[+01:27:31.224] VoxelMesh: Chunk X=4 Y=-29 Z=2 FlatVerts=780 SlopeVerts=792
[+01:27:31.225] VoxelMesh: Chunk X=0 Y=0 Z=0 FlatVerts=4068 SlopeVerts=726
[+01:27:31.226] VoxelChunk: GenerateAsync (4,-28,-3)
[+01:27:31.230] VoxelChunk: GenerateAsync (4,-28,3)
[+01:27:31.232] VoxelChunk: GenerateAsync (4,-28,2)
[+01:27:31.233] VoxelMesh: Chunk X=4 Y=-28 Z=2 FlatVerts=1260 SlopeVerts=2754
[+01:27:31.235] VoxelMesh: Chunk X=0 Y=0 Z=0 FlatVerts=3510 SlopeVerts=1950
[+01:27:31.236] VoxelChunk: GenerateAsync (4,-27,-3)
[+01:27:31.239] VoxelChunk: GenerateAsync (4,-27,3)
[+01:27:31.241] VoxelMesh: Chunk X=4 Y=-27 Z=3 FlatVerts=0 SlopeVerts=24
[+01:27:31.242] VoxelChunk: GenerateAsync (4,-27,2)
[+01:27:31.243] VoxelMesh: Chunk X=4 Y=-27 Z=2 FlatVerts=642 SlopeVerts=3714
[+01:27:31.282] VoxelChunk: GenerateAsync (0,2,2)
[+01:27:31.284] VoxelChunk: GenerateAsync (-1,2,2)
[+01:27:31.287] VoxelMesh: Chunk X=0 Y=0 Z=0 FlatVerts=6132 SlopeVerts=60
[+01:27:31.288] VoxelChunk: GenerateAsync (2,1,-1)
[+01:27:31.290] VoxelChunk: GenerateAsync (1,1,2)
[+01:27:31.302] VoxelMesh: Chunk X=0 Y=0 Z=0 FlatVerts=9642 SlopeVerts=702
[+01:27:31.304] VoxelChunk: GenerateAsync (2,0,-1)
[+01:27:31.309] VoxelMesh: Chunk X=0 Y=0 Z=0 FlatVerts=5766 SlopeVerts=13488
[+01:27:31.311] VoxelChunk: GenerateAsync (0,2,-1)
[+01:27:31.314] VoxelChunk: GenerateAsync (2,1,2)
[+01:27:31.317] VoxelMesh: Chunk X=0 Y=0 Z=0 FlatVerts=0 SlopeVerts=114
[+01:27:31.317] VoxelChunk: GenerateAsync (1,-2,2)
[+01:27:31.318] VoxelMesh: Chunk X=1 Y=-2 Z=2 FlatVerts=0 SlopeVerts=2346
[+01:27:31.328] VoxelChunk: GenerateAsync (-2,1,1)
[+01:27:31.329] VoxelMesh: Chunk X=-2 Y=1 Z=1 FlatVerts=0 SlopeVerts=0
[+01:27:31.330] VoxelChunk: GenerateAsync (2,-1,1)
[+01:27:31.331] VoxelMesh: Chunk X=2 Y=-1 Z=1 FlatVerts=264 SlopeVerts=1596
[+01:27:31.332] VoxelChunk: GenerateAsync (-2,-2,1)
[+01:27:31.334] VoxelMesh: Chunk X=-2 Y=-2 Z=1 FlatVerts=546 SlopeVerts=4548
[+01:27:31.335] VoxelMesh: Chunk X=0 Y=0 Z=0 FlatVerts=6 SlopeVerts=10014
[+01:27:31.335] VoxelChunk: GenerateAsync (1,-2,0)
[+01:27:31.338] VoxelMesh: Chunk X=1 Y=-2 Z=0 FlatVerts=48 SlopeVerts=1116
[+01:27:31.350] VoxelChunk: GenerateAsync (2,1,1)
[+01:27:31.351] VoxelMesh: Chunk X=2 Y=1 Z=1 FlatVerts=918 SlopeVerts=2712
[+01:27:31.352] VoxelChunk: GenerateAsync (2,0,0)
[+01:27:31.352] VoxelMesh: Chunk X=2 Y=0 Z=0 FlatVerts=1644 SlopeVerts=666
[+01:27:31.356] VoxelMesh: Chunk X=0 Y=0 Z=0 FlatVerts=0 SlopeVerts=114
[+01:27:31.356] VoxelChunk: GenerateAsync (2,-2,2)
[+01:27:31.358] VoxelChunk: GenerateAsync (-1,0,2)
[+01:27:31.367] VoxelWater: Chunk X=1 Y=0 Z=0 emitted 100 procedural water vertices (Ocean/Pools)
[+01:27:31.367] VoxelWater: Chunk X=2 Y=0 Z=0 emitted 16 procedural water vertices (Ocean/Pools)
[+01:27:31.367] VoxelWater: Chunk X=1 Y=0 Z=1 emitted 84 procedural water vertices (Ocean/Pools)
[+01:27:31.367] VoxelWater: Chunk X=0 Y=0 Z=1 emitted 12 procedural water vertices (Ocean/Pools)
[+01:27:31.367] VoxelWater: Chunk X=-1 Y=1 Z=0 emitted 52 procedural water vertices (Ocean/Pools)
[+01:27:31.367] VoxelWater: Chunk X=0 Y=1 Z=0 emitted 24 procedural water vertices (Ocean/Pools)
[+01:27:31.367] VoxelWater: Chunk X=1 Y=1 Z=0 emitted 48 procedural water vertices (Ocean/Pools)
[+01:27:31.367] VoxelWater: Chunk X=0 Y=-1 Z=1 emitted 56 procedural water vertices (Ocean/Pools)
[+01:27:31.367] VoxelWater: Chunk X=0 Y=-1 Z=0 emitted 12 procedural water vertices (Ocean/Pools)
[+01:27:31.367] VoxelWater: Chunk X=-1 Y=0 Z=0 emitted 68 procedural water vertices (Ocean/Pools)
[+01:27:31.367] VoxelWater: Chunk X=1 Y=-1 Z=1 emitted 40 procedural water vertices (Ocean/Pools)
[+01:27:31.367] VoxelWater: Chunk X=-1 Y=-1 Z=0 emitted 72 procedural water vertices (Ocean/Pools)
[+01:27:31.367] VoxelWater: Chunk X=-1 Y=-1 Z=1 emitted 76 procedural water vertices (Ocean/Pools)
[+01:27:31.367] VoxelWater: Chunk X=1 Y=-1 Z=0 emitted 16 procedural water vertices (Ocean/Pools)
[+01:27:31.367] VoxelWater: Chunk X=2 Y=-1 Z=0 emitted 12 procedural water vertices (Ocean/Pools)
[+01:27:31.367] VoxelWater: Chunk X=2 Y=-28 Z=2 emitted 72 procedural water vertices (Ocean/Pools)
[+01:27:31.367] VoxelWater: Chunk X=3 Y=-28 Z=2 emitted 40 procedural water vertices (Ocean/Pools)
[+01:27:31.367] VoxelWater: Chunk X=3 Y=-27 Z=3 emitted 60 procedural water vertices (Ocean/Pools)
[+01:27:31.367] VoxelWater: Chunk X=2 Y=-27 Z=3 emitted 44 procedural water vertices (Ocean/Pools)
[+01:27:31.367] VoxelWater: Chunk X=2 Y=-27 Z=2 emitted 12 procedural water vertices (Ocean/Pools)
[+01:27:31.367] VoxelWater: Chunk X=3 Y=-27 Z=2 emitted 68 procedural water vertices (Ocean/Pools)
[+01:27:31.367] VoxelWater: Chunk X=4 Y=-29 Z=2 emitted 20 procedural water vertices (Ocean/Pools)
[+01:27:31.367] VoxelWater: Chunk X=4 Y=-28 Z=2 emitted 40 procedural water vertices (Ocean/Pools)
[+01:27:31.367] VoxelWater: Chunk X=4 Y=-27 Z=2 emitted 32 procedural water vertices (Ocean/Pools)
[+01:27:31.367] VoxelWater: Chunk X=2 Y=-1 Z=1 emitted 12 procedural water vertices (Ocean/Pools)
[+01:27:31.367] VoxelWater: Chunk X=-2 Y=-2 Z=1 emitted 108 procedural water vertices (Ocean/Pools)
[+01:27:31.367] VoxelWater: Chunk X=2 Y=1 Z=1 emitted 24 procedural water vertices (Ocean/Pools)
[+01:27:31.379] VoxelChunk: GenerateAsync (2,-29,3)
[+01:27:31.379] VoxelChunk: GenerateAsync (2,-29,2)
[+01:27:31.379] VoxelChunk: GenerateAsync (2,-28,3)
[+01:27:31.379] VoxelChunk: GenerateAsync (2,-28,2)
[+01:27:31.379] VoxelChunk: GenerateAsync (2,-27,3)
[+01:27:31.379] VoxelChunk: GenerateAsync (2,-27,2)
[+01:27:31.379] VoxelChunk: GenerateAsync (3,-29,3)
[+01:27:31.379] VoxelChunk: GenerateAsync (3,-29,2)
[+01:27:31.379] VoxelChunk: GenerateAsync (3,-28,3)
[+01:27:31.379] VoxelChunk: GenerateAsync (3,-28,2)
[+01:27:31.379] VoxelChunk: GenerateAsync (3,-27,3)
[+01:27:31.379] VoxelChunk: GenerateAsync (3,-27,2)
[+01:27:31.379] VoxelChunk: GenerateAsync (4,-29,3)
[+01:27:31.379] VoxelChunk: GenerateAsync (4,-29,2)
[+01:27:31.379] VoxelChunk: GenerateAsync (4,-28,3)
[+01:27:31.379] VoxelChunk: GenerateAsync (4,-28,2)
[+01:27:31.379] VoxelChunk: GenerateAsync (4,-27,3)
[+01:27:31.379] VoxelChunk: GenerateAsync (4,-27,2)
[+01:27:31.379] VoxelMesh: Chunk X=2 Y=-29 Z=2 FlatVerts=54 SlopeVerts=48
[+01:27:31.379] VoxelMesh: Chunk X=2 Y=-28 Z=3 FlatVerts=6 SlopeVerts=96
[+01:27:31.380] VoxelMesh: Chunk X=2 Y=-28 Z=2 FlatVerts=186 SlopeVerts=942
[+01:27:31.380] VoxelMesh: Chunk X=3 Y=-29 Z=2 FlatVerts=114 SlopeVerts=72
[+01:27:31.380] VoxelMesh: Chunk X=2 Y=-27 Z=2 FlatVerts=36 SlopeVerts=156
[+01:27:31.381] VoxelMesh: Chunk X=3 Y=-28 Z=3 FlatVerts=6 SlopeVerts=60
[+01:27:31.381] VoxelMesh: Chunk X=2 Y=-27 Z=3 FlatVerts=264 SlopeVerts=1392
[+01:27:31.381] VoxelMesh: Chunk X=-1 Y=0 Z=2 FlatVerts=0 SlopeVerts=0
[+01:27:31.381] VoxelMesh: Chunk X=3 Y=-27 Z=3 FlatVerts=216 SlopeVerts=480
[+01:27:31.381] VoxelMesh: Chunk X=3 Y=-27 Z=2 FlatVerts=162 SlopeVerts=630
[+01:27:31.382] VoxelMesh: Chunk X=3 Y=-28 Z=2 FlatVerts=204 SlopeVerts=816
[+01:27:31.382] VoxelChunk: GenerateAsync (-2,0,-1)
[+01:27:31.382] VoxelMesh: Chunk X=4 Y=-29 Z=2 FlatVerts=222 SlopeVerts=162
[+01:27:31.382] VoxelMesh: Chunk X=4 Y=-28 Z=2 FlatVerts=384 SlopeVerts=498
[+01:27:31.382] VoxelChunk: GenerateAsync (-2,2,0)
[+01:27:31.382] VoxelMesh: Chunk X=4 Y=-27 Z=3 FlatVerts=0 SlopeVerts=24
[+01:27:31.382] VoxelMesh: Chunk X=4 Y=-27 Z=2 FlatVerts=402 SlopeVerts=714
[+01:27:31.382] VoxelMesh: Chunk X=4 Y=-28 Z=3 FlatVerts=0 SlopeVerts=0
[+01:27:31.384] VoxelChunk: GenerateAsync (2,-1,2)
[+01:27:31.384] VoxelMesh: Chunk X=-2 Y=2 Z=0 FlatVerts=840 SlopeVerts=1050
[+01:27:31.384] VoxelMesh: Chunk X=2 Y=1 Z=1 FlatVerts=0 SlopeVerts=24
[+01:27:31.384] VoxelChunk: GenerateAsync (-1,-2,-1)
[+01:27:31.396] VoxelChunk: GenerateAsync (-1,-2,1)
[+01:27:31.397] VoxelChunk: GenerateAsync (-2,1,0)
[+01:27:31.398] VoxelMesh: Chunk X=-1 Y=-2 Z=1 FlatVerts=342 SlopeVerts=3888
[+01:27:31.398] VoxelChunk: GenerateAsync (2,-2,0)
[+01:27:31.398] VoxelChunk: GenerateAsync (2,0,1)
[+01:27:31.398] VoxelMesh: Chunk X=-2 Y=1 Z=0 FlatVerts=2412 SlopeVerts=168
[+01:27:31.399] VoxelMesh: Chunk X=2 Y=-2 Z=0 FlatVerts=558 SlopeVerts=990
[+01:27:31.399] VoxelMesh: Chunk X=2 Y=0 Z=1 FlatVerts=258 SlopeVerts=1512
[+01:27:31.409] VoxelMesh: Chunk X=1 Y=-2 Z=2 FlatVerts=864 SlopeVerts=2940
[+01:27:31.410] VoxelChunk: GenerateAsync (2,-1,-1)
[+01:27:31.411] VoxelChunk: GenerateAsync (-1,2,-1)
[+01:27:31.412] VoxelMesh: Chunk X=0 Y=2 Z=-1 FlatVerts=1866 SlopeVerts=630
[+01:27:31.412] VoxelChunk: GenerateAsync (2,-2,-1)
[+01:27:31.413] VoxelChunk: GenerateAsync (-2,-2,2)
[+01:27:31.414] VoxelMesh: Chunk X=-2 Y=-2 Z=2 FlatVerts=30 SlopeVerts=282
[+01:27:31.421] VoxelMesh: Chunk X=1 Y=1 Z=2 FlatVerts=36 SlopeVerts=528
[+01:27:31.421] VoxelChunk: GenerateAsync (2,1,0)
[+01:27:31.422] VoxelChunk: GenerateAsync (0,-1,2)
[+01:27:31.423] VoxelMesh: Chunk X=2 Y=1 Z=0 FlatVerts=846 SlopeVerts=1182
[+01:27:31.423] VoxelChunk: GenerateAsync (0,0,2)
[+01:27:31.424] VoxelChunk: GenerateAsync (-1,1,2)
[+01:27:31.424] VoxelMesh: Chunk X=0 Y=-1 Z=2 FlatVerts=174 SlopeVerts=3042
[+01:27:31.424] VoxelMesh: Chunk X=0 Y=0 Z=2 FlatVerts=0 SlopeVerts=66
[+01:27:31.432] VoxelChunk: GenerateAsync (-2,2,1)
[+01:27:31.432] VoxelChunk: GenerateAsync (-1,2,1)
[+01:27:31.432] VoxelMesh: Chunk X=-2 Y=2 Z=1 FlatVerts=888 SlopeVerts=2376
[+01:27:31.434] VoxelChunk: GenerateAsync (1,-2,1)
[+01:27:31.434] VoxelMesh: Chunk X=-1 Y=2 Z=1 FlatVerts=192 SlopeVerts=924
[+01:27:31.435] VoxelChunk: GenerateAsync (-2,-1,1)
[+01:27:31.435] VoxelMesh: Chunk X=1 Y=-2 Z=1 FlatVerts=0 SlopeVerts=2178
[+01:27:31.435] VoxelMesh: Chunk X=-2 Y=-1 Z=1 FlatVerts=900 SlopeVerts=1026
[+01:27:31.444] VoxelChunk: GenerateAsync (-2,2,2)
[+01:27:31.444] VoxelChunk: GenerateAsync (-2,-1,0)
[+01:27:31.445] VoxelChunk: GenerateAsync (-2,-1,-1)
[+01:27:31.446] VoxelChunk: GenerateAsync (1,2,1)
[+01:27:31.446] VoxelMesh: Chunk X=-2 Y=-1 Z=0 FlatVerts=1458 SlopeVerts=816
[+01:27:31.447] VoxelMesh: Chunk X=1 Y=2 Z=1 FlatVerts=1080 SlopeVerts=2232
[+01:27:31.454] VoxelChunk: GenerateAsync (0,-2,1)
[+01:27:31.455] VoxelChunk: GenerateAsync (2,-2,1)
[+01:27:31.456] VoxelMesh: Chunk X=0 Y=-2 Z=1 FlatVerts=0 SlopeVerts=24
[+01:27:31.456] VoxelChunk: GenerateAsync (-2,-2,0)
[+01:27:31.457] VoxelChunk: GenerateAsync (0,-2,-1)
[+01:27:31.457] VoxelMesh: Chunk X=2 Y=-2 Z=1 FlatVerts=1206 SlopeVerts=2730
[+01:27:31.458] VoxelMesh: Chunk X=-2 Y=-2 Z=0 FlatVerts=48 SlopeVerts=264
[+01:27:31.466] VoxelChunk: GenerateAsync (-2,0,1)
[+01:27:31.466] VoxelChunk: GenerateAsync (-1,2,0)
[+01:27:31.468] VoxelMesh: Chunk X=-2 Y=0 Z=1 FlatVerts=462 SlopeVerts=1470
[+01:27:31.468] VoxelChunk: GenerateAsync (2,0,2)
[+01:27:31.469] VoxelMesh: Chunk X=-1 Y=2 Z=0 FlatVerts=1680 SlopeVerts=780
[+01:27:31.469] VoxelChunk: GenerateAsync (-2,1,2)
[+01:27:31.478] VoxelChunk: GenerateAsync (1,2,2)
[+01:27:31.478] VoxelChunk: GenerateAsync (0,2,1)
[+01:27:31.479] VoxelChunk: GenerateAsync (-2,0,0)
[+01:27:31.479] VoxelMesh: Chunk X=0 Y=2 Z=1 FlatVerts=216 SlopeVerts=870
[+01:27:31.480] VoxelMesh: Chunk X=-1 Y=1 Z=-2 FlatVerts=18 SlopeVerts=108
[+01:27:31.480] VoxelChunk: GenerateAsync (-2,1,-1)
[+01:27:31.480] VoxelMesh: Chunk X=-2 Y=0 Z=0 FlatVerts=786 SlopeVerts=1758
[+01:27:31.488] VoxelMesh: Chunk X=1 Y=-1 Z=-2 FlatVerts=0 SlopeVerts=1752
[+01:27:31.488] VoxelChunk: GenerateAsync (1,2,-1)
[+01:27:31.490] VoxelMesh: Chunk X=-1 Y=-2 Z=-2 FlatVerts=516 SlopeVerts=3474
[+01:27:31.491] VoxelChunk: GenerateAsync (2,2,-1)
[+01:27:31.492] VoxelChunk: GenerateAsync (-1,-2,2)
[+01:27:31.493] VoxelChunk: GenerateAsync (0,-2,2)
[+01:27:31.493] VoxelMesh: Chunk X=-1 Y=-2 Z=2 FlatVerts=0 SlopeVerts=2220
[+01:27:31.494] VoxelMesh: Chunk X=0 Y=-2 Z=2 FlatVerts=0 SlopeVerts=1266
[+01:27:31.501] VoxelChunk: GenerateAsync (-2,-1,2)
[+01:27:31.501] VoxelChunk: GenerateAsync (-1,-1,2)
[+01:27:31.502] VoxelChunk: GenerateAsync (1,-1,2)
[+01:27:31.502] VoxelMesh: Chunk X=-1 Y=-1 Z=2 FlatVerts=0 SlopeVerts=0
[+01:27:31.502] VoxelChunk: GenerateAsync (-2,0,2)
[+01:27:31.504] VoxelMesh: Chunk X=1 Y=-1 Z=2 FlatVerts=210 SlopeVerts=2268
[+01:27:31.511] VoxelChunk: GenerateAsync (1,0,2)
[+01:27:31.512] VoxelMesh: Chunk X=-1 Y=1 Z=-1 FlatVerts=0 SlopeVerts=0
[+01:27:31.512] VoxelChunk: GenerateAsync (2,2,0)
[+01:27:31.512] VoxelMesh: Chunk X=1 Y=0 Z=2 FlatVerts=0 SlopeVerts=66
[+01:27:31.513] VoxelChunk: GenerateAsync (0,1,2)
[+01:27:31.514] VoxelMesh: Chunk X=2 Y=2 Z=0 FlatVerts=0 SlopeVerts=0
[+01:27:31.514] VoxelMesh: Chunk X=1 Y=1 Z=0 FlatVerts=1854 SlopeVerts=978
[+01:27:31.514] VoxelChunk: GenerateAsync (1,-2,-1)
[+01:27:31.524] VoxelChunk: GenerateAsync (-2,2,-1)
[+01:27:31.525] VoxelChunk: GenerateAsync (2,2,2)
[+01:27:31.526] VoxelChunk: GenerateAsync (2,2,1)
[+01:27:31.526] VoxelMesh: Chunk X=1 Y=-1 Z=1 FlatVerts=0 SlopeVerts=0
[+01:27:31.527] VoxelChunk: GenerateAsync (-2,-2,-1)
[+01:27:31.528] VoxelMesh: Chunk X=2 Y=2 Z=1 FlatVerts=2922 SlopeVerts=1266
[+01:27:31.536] VoxelChunk: GenerateAsync (0,2,0)
[+01:27:31.537] VoxelChunk: GenerateAsync (1,2,0)
[+01:27:31.537] VoxelChunk: GenerateAsync (-1,-2,0)
[+01:27:31.537] VoxelMesh: Chunk X=0 Y=2 Z=0 FlatVerts=1674 SlopeVerts=876
[+01:27:31.538] VoxelChunk: GenerateAsync (0,-2,0)
[+01:27:31.539] VoxelMesh: Chunk X=1 Y=2 Z=0 FlatVerts=816 SlopeVerts=1236
[+01:27:31.540] VoxelMesh: Chunk X=-1 Y=-2 Z=0 FlatVerts=198 SlopeVerts=306
[+01:27:31.548] VoxelChunk: GenerateAsync (-3,2,1)
[+01:27:31.549] VoxelChunk: GenerateAsync (-3,0,0)
[+01:27:31.549] VoxelChunk: GenerateAsync (3,2,1)
[+01:27:31.549] VoxelMesh: Chunk X=-3 Y=2 Z=1 FlatVerts=2352 SlopeVerts=1914
[+01:27:31.550] VoxelMesh: Chunk X=-3 Y=0 Z=0 FlatVerts=42 SlopeVerts=366
[+01:27:31.550] VoxelChunk: GenerateAsync (-3,3,1)
[+01:27:31.550] VoxelMesh: Chunk X=3 Y=2 Z=1 FlatVerts=1470 SlopeVerts=978
[+01:27:31.551] VoxelMesh: Chunk X=-3 Y=3 Z=1 FlatVerts=2670 SlopeVerts=48
[+01:27:31.561] VoxelMesh: Chunk X=-1 Y=0 Z=1 FlatVerts=372 SlopeVerts=4788
[+01:27:31.561] VoxelChunk: GenerateAsync (3,-1,-1)
[+01:27:31.563] VoxelChunk: GenerateAsync (3,1,-2)
[+01:27:31.564] VoxelChunk: GenerateAsync (1,3,1)
[+01:27:31.566] VoxelMesh: Chunk X=-1 Y=1 Z=1 FlatVerts=6 SlopeVerts=2934
[+01:27:31.566] VoxelMesh: Chunk X=1 Y=3 Z=1 FlatVerts=3060 SlopeVerts=522
[+01:27:31.566] VoxelChunk: GenerateAsync (-2,-3,-2)
[+01:27:31.575] VoxelWater: Chunk X=1 Y=3 Z=1 emitted 56 procedural water vertices (Ocean/Pools)
[+01:27:31.575] VoxelWater: Chunk X=-3 Y=3 Z=1 emitted 44 procedural water vertices (Ocean/Pools)
[+01:27:31.575] VoxelWater: Chunk X=3 Y=2 Z=1 emitted 28 procedural water vertices (Ocean/Pools)
[+01:27:31.575] VoxelWater: Chunk X=-3 Y=0 Z=0 emitted 8 procedural water vertices (Ocean/Pools)
[+01:27:31.575] VoxelWater: Chunk X=-2 Y=2 Z=1 emitted 8 procedural water vertices (Ocean/Pools)
[+01:27:31.575] VoxelWater: Chunk X=-3 Y=2 Z=1 emitted 28 procedural water vertices (Ocean/Pools)
[+01:27:31.575] VoxelWater: Chunk X=0 Y=2 Z=0 emitted 20 procedural water vertices (Ocean/Pools)
[+01:27:31.575] VoxelWater: Chunk X=1 Y=2 Z=0 emitted 8 procedural water vertices (Ocean/Pools)
[+01:27:31.575] VoxelWater: Chunk X=-1 Y=2 Z=0 emitted 20 procedural water vertices (Ocean/Pools)
[+01:27:31.575] VoxelWater: Chunk X=2 Y=2 Z=1 emitted 40 procedural water vertices (Ocean/Pools)
[+01:27:31.575] VoxelWater: Chunk X=1 Y=-1 Z=2 emitted 36 procedural water vertices (Ocean/Pools)
[+01:27:31.575] VoxelWater: Chunk X=0 Y=-2 Z=2 emitted 12 procedural water vertices (Ocean/Pools)
[+01:27:31.575] VoxelWater: Chunk X=-1 Y=-2 Z=2 emitted 24 procedural water vertices (Ocean/Pools)
[+01:27:31.575] VoxelWater: Chunk X=-2 Y=0 Z=0 emitted 72 procedural water vertices (Ocean/Pools)
[+01:27:31.575] VoxelWater: Chunk X=-2 Y=-1 Z=0 emitted 20 procedural water vertices (Ocean/Pools)
[+01:27:31.575] VoxelWater: Chunk X=0 Y=2 Z=1 emitted 20 procedural water vertices (Ocean/Pools)
[+01:27:31.575] VoxelWater: Chunk X=-2 Y=0 Z=1 emitted 24 procedural water vertices (Ocean/Pools)
[+01:27:31.575] VoxelWater: Chunk X=-2 Y=-2 Z=0 emitted 16 procedural water vertices (Ocean/Pools)
[+01:27:31.576] VoxelWater: Chunk X=2 Y=-2 Z=1 emitted 40 procedural water vertices (Ocean/Pools)
[+01:27:31.576] VoxelWater: Chunk X=1 Y=2 Z=1 emitted 36 procedural water vertices (Ocean/Pools)
[+01:27:31.576] VoxelWater: Chunk X=-2 Y=-1 Z=1 emitted 28 procedural water vertices (Ocean/Pools)
[+01:27:31.576] VoxelWater: Chunk X=-1 Y=2 Z=1 emitted 8 procedural water vertices (Ocean/Pools)
[+01:27:31.576] VoxelWater: Chunk X=2 Y=-28 Z=2 emitted 124 procedural water vertices (Ocean/Pools)
[+01:27:31.576] VoxelWater: Chunk X=3 Y=-28 Z=2 emitted 72 procedural water vertices (Ocean/Pools)
[+01:27:31.576] VoxelWater: Chunk X=2 Y=-27 Z=3 emitted 64 procedural water vertices (Ocean/Pools)
[+01:27:31.576] VoxelWater: Chunk X=2 Y=-27 Z=2 emitted 20 procedural water vertices (Ocean/Pools)
[+01:27:31.576] VoxelWater: Chunk X=3 Y=-27 Z=2 emitted 100 procedural water vertices (Ocean/Pools)
[+01:27:31.576] VoxelWater: Chunk X=3 Y=-27 Z=3 emitted 88 procedural water vertices (Ocean/Pools)
[+01:27:31.576] VoxelWater: Chunk X=4 Y=-29 Z=2 emitted 28 procedural water vertices (Ocean/Pools)
[+01:27:31.576] VoxelWater: Chunk X=3 Y=-29 Z=2 emitted 4 procedural water vertices (Ocean/Pools)
[+01:27:31.576] VoxelWater: Chunk X=4 Y=-28 Z=2 emitted 44 procedural water vertices (Ocean/Pools)
[+01:27:31.576] VoxelWater: Chunk X=4 Y=-27 Z=2 emitted 48 procedural water vertices (Ocean/Pools)
[+01:27:31.576] VoxelWater: Chunk X=0 Y=-1 Z=2 emitted 44 procedural water vertices (Ocean/Pools)
[+01:27:31.576] VoxelWater: Chunk X=-2 Y=-2 Z=2 emitted 20 procedural water vertices (Ocean/Pools)
[+01:27:31.576] VoxelWater: Chunk X=2 Y=-2 Z=0 emitted 16 procedural water vertices (Ocean/Pools)
[+01:27:31.576] VoxelWater: Chunk X=-2 Y=1 Z=0 emitted 28 procedural water vertices (Ocean/Pools)
[+01:27:31.576] VoxelWater: Chunk X=-1 Y=-2 Z=1 emitted 76 procedural water vertices (Ocean/Pools)
[+01:27:31.576] VoxelWater: Chunk X=-1 Y=-2 Z=0 emitted 4 procedural water vertices (Ocean/Pools)
[+01:27:31.576] VoxelWater: Chunk X=-2 Y=2 Z=0 emitted 8 procedural water vertices (Ocean/Pools)
[+01:27:31.584] VoxelChunk: GenerateAsync (3,3,1)
[+01:27:31.585] VoxelChunk: GenerateAsync (-3,-3,2)
[+01:27:31.585] VoxelMesh: Chunk X=3 Y=3 Z=1 FlatVerts=960 SlopeVerts=1344
[+01:27:31.586] VoxelChunk: GenerateAsync (-2,-3,2)
[+01:27:31.586] VoxelMesh: Chunk X=-3 Y=-3 Z=2 FlatVerts=654 SlopeVerts=4506
[+01:27:31.588] VoxelMesh: Chunk X=1 Y=0 Z=0 FlatVerts=12 SlopeVerts=3396
[+01:27:31.588] VoxelMesh: Chunk X=-2 Y=-3 Z=2 FlatVerts=0 SlopeVerts=2562
[+01:27:31.588] VoxelChunk: GenerateAsync (3,0,0)
[+01:27:31.599] VoxelChunk: GenerateAsync (-3,0,-1)
[+01:27:31.602] VoxelMesh: Chunk X=0 Y=0 Z=0 FlatVerts=0 SlopeVerts=0
[+01:27:31.602] VoxelChunk: GenerateAsync (-3,1,0)
[+01:27:31.603] VoxelMesh: Chunk X=-3 Y=1 Z=0 FlatVerts=414 SlopeVerts=1668
[+01:27:31.605] VoxelMesh: Chunk X=0 Y=0 Z=0 FlatVerts=12 SlopeVerts=12750
[+01:27:31.606] VoxelChunk: GenerateAsync (1,-3,2)
[+01:27:31.608] VoxelMesh: Chunk X=1 Y=-3 Z=2 FlatVerts=0 SlopeVerts=3432
[+01:27:31.610] VoxelMesh: Chunk X=0 Y=0 Z=0 FlatVerts=12 SlopeVerts=8610
[+01:27:31.611] VoxelChunk: GenerateAsync (2,-3,2)
[+01:27:31.612] VoxelMesh: Chunk X=2 Y=-3 Z=2 FlatVerts=402 SlopeVerts=1722
[+01:27:31.624] VoxelMesh: Chunk X=0 Y=0 Z=0 FlatVerts=8490 SlopeVerts=6756
[+01:27:31.625] VoxelChunk: GenerateAsync (-3,1,-2)
[+01:27:31.629] VoxelMesh: Chunk X=0 Y=0 Z=0 FlatVerts=7722 SlopeVerts=0
[+01:27:31.630] VoxelChunk: GenerateAsync (3,0,-2)
[+01:27:31.633] VoxelMesh: Chunk X=0 Y=0 Z=0 FlatVerts=2106 SlopeVerts=0
[+01:27:31.635] VoxelChunk: GenerateAsync (3,2,-1)
[+01:27:31.639] VoxelMesh: Chunk X=0 Y=0 Z=0 FlatVerts=10584 SlopeVerts=0
[+01:27:31.641] VoxelChunk: GenerateAsync (-3,0,-2)
[+01:27:31.652] VoxelChunk: GenerateAsync (3,-2,2)
[+01:27:31.656] VoxelMesh: Chunk X=0 Y=0 Z=0 FlatVerts=1428 SlopeVerts=15462
[+01:27:31.658] VoxelChunk: GenerateAsync (-3,3,-1)
[+01:27:31.660] VoxelChunk: GenerateAsync (3,1,0)
[+01:27:31.664] VoxelMesh: Chunk X=0 Y=0 Z=0 FlatVerts=414 SlopeVerts=5814
[+01:27:31.664] VoxelChunk: GenerateAsync (-3,2,0)
[+01:27:31.665] VoxelMesh: Chunk X=-3 Y=2 Z=0 FlatVerts=0 SlopeVerts=42
[+01:27:31.677] VoxelMesh: Chunk X=0 Y=0 Z=0 FlatVerts=984 SlopeVerts=15918
[+01:27:31.678] VoxelChunk: GenerateAsync (-2,3,-1)
[+01:27:31.682] VoxelMesh: Chunk X=0 Y=0 Z=0 FlatVerts=7758 SlopeVerts=1446
[+01:27:31.683] VoxelChunk: GenerateAsync (3,3,-2)
[+01:27:31.689] VoxelMesh: Chunk X=0 Y=0 Z=0 FlatVerts=2352 SlopeVerts=6504
[+01:27:31.690] VoxelChunk: GenerateAsync (3,-2,-1)
[+01:27:31.693] VoxelChunk: GenerateAsync (-3,0,2)
[+01:27:31.693] VoxelMesh: Chunk X=-3 Y=0 Z=2 FlatVerts=0 SlopeVerts=2130
[+01:27:31.705] VoxelMesh: Chunk X=0 Y=0 Z=0 FlatVerts=1452 SlopeVerts=20274
[+01:27:31.707] VoxelChunk: GenerateAsync (-1,3,-1)
[+01:27:31.712] VoxelMesh: Chunk X=0 Y=0 Z=0 FlatVerts=2322 SlopeVerts=20340
[+01:27:31.715] VoxelChunk: GenerateAsync (0,3,-1)
[+01:27:31.718] VoxelMesh: Chunk X=0 Y=0 Z=0 FlatVerts=8172 SlopeVerts=2430
[+01:27:31.720] VoxelChunk: GenerateAsync (2,3,-2)
[+01:27:31.725] VoxelChunk: GenerateAsync (3,0,2)
[+01:27:31.726] VoxelMesh: Chunk X=3 Y=0 Z=2 FlatVerts=72 SlopeVerts=42
[+01:27:31.735] VoxelChunk: GenerateAsync (3,2,0)
[+01:27:31.739] VoxelMesh: Chunk X=0 Y=0 Z=0 FlatVerts=4710 SlopeVerts=12462
[+01:27:31.741] VoxelChunk: GenerateAsync (1,3,-1)
[+01:27:31.744] VoxelMesh: Chunk X=0 Y=0 Z=0 FlatVerts=2616 SlopeVerts=11004
[+01:27:31.745] VoxelChunk: GenerateAsync (-3,3,0)
[+01:27:31.749] VoxelMesh: Chunk X=0 Y=0 Z=0 FlatVerts=2916 SlopeVerts=18156
[+01:27:31.751] VoxelChunk: GenerateAsync (-2,3,0)
[+01:27:31.763] VoxelMesh: Chunk X=0 Y=0 Z=0 FlatVerts=6654 SlopeVerts=2766
[+01:27:31.764] VoxelChunk: GenerateAsync (2,3,-1)
[+01:27:31.769] VoxelMesh: Chunk X=0 Y=0 Z=0 FlatVerts=5238 SlopeVerts=6456
[+01:27:31.772] VoxelChunk: GenerateAsync (1,3,-2)
[+01:27:31.775] VoxelChunk: GenerateAsync (-3,-1,-1)
[+01:27:31.779] VoxelMesh: Chunk X=0 Y=0 Z=0 FlatVerts=540 SlopeVerts=24432
[+01:27:31.780] VoxelChunk: GenerateAsync (-1,3,0)
[+01:27:31.792] VoxelWater: Chunk X=-2 Y=-3 Z=2 emitted 16 procedural water vertices (Ocean/Pools)
[+01:27:31.792] VoxelWater: Chunk X=-3 Y=-3 Z=2 emitted 12 procedural water vertices (Ocean/Pools)
[+01:27:31.792] VoxelWater: Chunk X=3 Y=3 Z=1 emitted 16 procedural water vertices (Ocean/Pools)
[+01:27:31.792] VoxelWater: Chunk X=1 Y=3 Z=1 emitted 68 procedural water vertices (Ocean/Pools)
[+01:27:31.792] VoxelWater: Chunk X=-3 Y=3 Z=1 emitted 68 procedural water vertices (Ocean/Pools)
[+01:27:31.792] VoxelWater: Chunk X=2 Y=2 Z=1 emitted 44 procedural water vertices (Ocean/Pools)
[+01:27:31.792] VoxelWater: Chunk X=3 Y=2 Z=1 emitted 36 procedural water vertices (Ocean/Pools)
[+01:27:31.792] VoxelWater: Chunk X=-3 Y=0 Z=0 emitted 16 procedural water vertices (Ocean/Pools)
[+01:27:31.792] VoxelWater: Chunk X=-3 Y=1 Z=0 emitted 36 procedural water vertices (Ocean/Pools)
[+01:27:31.792] VoxelWater: Chunk X=-2 Y=2 Z=1 emitted 12 procedural water vertices (Ocean/Pools)
[+01:27:31.792] VoxelWater: Chunk X=-3 Y=2 Z=1 emitted 36 procedural water vertices (Ocean/Pools)
[+01:27:31.792] VoxelWater: Chunk X=-1 Y=-2 Z=0 emitted 8 procedural water vertices (Ocean/Pools)
[+01:27:31.792] VoxelWater: Chunk X=1 Y=2 Z=0 emitted 20 procedural water vertices (Ocean/Pools)
[+01:27:31.792] VoxelWater: Chunk X=0 Y=2 Z=0 emitted 24 procedural water vertices (Ocean/Pools)
[+01:27:31.792] VoxelWater: Chunk X=-1 Y=2 Z=0 emitted 20 procedural water vertices (Ocean/Pools)
[+01:27:31.792] VoxelWater: Chunk X=1 Y=-1 Z=2 emitted 40 procedural water vertices (Ocean/Pools)
[+01:27:31.792] VoxelWater: Chunk X=0 Y=-2 Z=2 emitted 16 procedural water vertices (Ocean/Pools)
[+01:27:31.792] VoxelWater: Chunk X=-1 Y=-2 Z=2 emitted 24 procedural water vertices (Ocean/Pools)
[+01:27:31.792] VoxelWater: Chunk X=-2 Y=0 Z=0 emitted 96 procedural water vertices (Ocean/Pools)
[+01:27:31.792] VoxelWater: Chunk X=-2 Y=-1 Z=0 emitted 24 procedural water vertices (Ocean/Pools)
[+01:27:31.792] VoxelWater: Chunk X=0 Y=2 Z=1 emitted 24 procedural water vertices (Ocean/Pools)
[+01:27:31.792] VoxelWater: Chunk X=-2 Y=0 Z=1 emitted 28 procedural water vertices (Ocean/Pools)
[+01:27:31.792] VoxelWater: Chunk X=-2 Y=-2 Z=0 emitted 20 procedural water vertices (Ocean/Pools)
[+01:27:31.792] VoxelWater: Chunk X=2 Y=-2 Z=1 emitted 44 procedural water vertices (Ocean/Pools)
[+01:27:31.792] VoxelWater: Chunk X=1 Y=2 Z=1 emitted 48 procedural water vertices (Ocean/Pools)
[+01:27:31.792] VoxelWater: Chunk X=-2 Y=-1 Z=1 emitted 36 procedural water vertices (Ocean/Pools)
[+01:27:31.792] VoxelWater: Chunk X=-1 Y=2 Z=1 emitted 12 procedural water vertices (Ocean/Pools)
[+01:27:31.792] VoxelWater: Chunk X=3 Y=-28 Z=2 emitted 80 procedural water vertices (Ocean/Pools)
[+01:27:31.792] VoxelWater: Chunk X=2 Y=-28 Z=2 emitted 128 procedural water vertices (Ocean/Pools)
[+01:27:31.792] VoxelWater: Chunk X=2 Y=-27 Z=3 emitted 72 procedural water vertices (Ocean/Pools)
[+01:27:31.792] VoxelWater: Chunk X=2 Y=-27 Z=2 emitted 20 procedural water vertices (Ocean/Pools)
[+01:27:31.792] VoxelWater: Chunk X=3 Y=-29 Z=2 emitted 4 procedural water vertices (Ocean/Pools)
[+01:27:31.792] VoxelWater: Chunk X=3 Y=-27 Z=2 emitted 104 procedural water vertices (Ocean/Pools)
[+01:27:31.792] VoxelWater: Chunk X=3 Y=-27 Z=3 emitted 100 procedural water vertices (Ocean/Pools)
[+01:27:31.792] VoxelWater: Chunk X=4 Y=-29 Z=2 emitted 32 procedural water vertices (Ocean/Pools)
[+01:27:31.792] VoxelWater: Chunk X=4 Y=-28 Z=2 emitted 44 procedural water vertices (Ocean/Pools)
[+01:27:31.792] VoxelWater: Chunk X=4 Y=-27 Z=2 emitted 48 procedural water vertices (Ocean/Pools)
[+01:27:31.792] VoxelWater: Chunk X=0 Y=-1 Z=2 emitted 52 procedural water vertices (Ocean/Pools)
[+01:27:31.792] VoxelWater: Chunk X=-2 Y=-2 Z=2 emitted 20 procedural water vertices (Ocean/Pools)
[+01:27:31.792] VoxelWater: Chunk X=2 Y=-2 Z=0 emitted 20 procedural water vertices (Ocean/Pools)
[+01:27:31.792] VoxelWater: Chunk X=-2 Y=1 Z=0 emitted 52 procedural water vertices (Ocean/Pools)
[+01:27:31.792] VoxelWater: Chunk X=-1 Y=-2 Z=1 emitted 80 procedural water vertices (Ocean/Pools)
[+01:27:31.792] VoxelWater: Chunk X=-2 Y=2 Z=0 emitted 12 procedural water vertices (Ocean/Pools)
[+01:27:31.792] VoxelWater: Chunk X=1 Y=-3 Z=2 emitted 48 procedural water vertices (Ocean/Pools)
[+01:27:31.792] VoxelWater: Chunk X=2 Y=-3 Z=2 emitted 20 procedural water vertices (Ocean/Pools)
[+01:27:31.792] VoxelWater: Chunk X=-3 Y=0 Z=2 emitted 12 procedural water vertices (Ocean/Pools)
[+01:27:31.804] VoxelMesh: Chunk X=0 Y=0 Z=0 FlatVerts=3786 SlopeVerts=1446
[+01:27:31.805] VoxelChunk: GenerateAsync (3,3,-1)
[+01:27:31.810] VoxelMesh: Chunk X=0 Y=0 Z=0 FlatVerts=702 SlopeVerts=17190
[+01:27:31.811] VoxelChunk: GenerateAsync (2,-3,-1)
[+01:27:31.815] VoxelMesh: Chunk X=0 Y=0 Z=0 FlatVerts=18 SlopeVerts=324
[+01:27:31.816] VoxelChunk: GenerateAsync (2,3,0)
[+01:27:31.819] VoxelMesh: Chunk X=0 Y=0 Z=0 FlatVerts=0 SlopeVerts=54
[+01:27:31.819] VoxelChunk: GenerateAsync (-3,-3,0)
[+01:27:31.829] VoxelChunk: GenerateAsync (3,3,0)
[+01:27:31.832] VoxelChunk: GenerateAsync (-3,-3,1)
[+01:27:31.833] VoxelMesh: Chunk X=-3 Y=-3 Z=1 FlatVerts=402 SlopeVerts=492
[+01:27:31.835] VoxelMesh: Chunk X=0 Y=0 Z=0 FlatVerts=0 SlopeVerts=6504
[+01:27:31.835] VoxelChunk: GenerateAsync (-2,-3,0)
[+01:27:31.838] VoxelMesh: Chunk X=-2 Y=-3 Z=0 FlatVerts=0 SlopeVerts=72
[+01:27:31.840] VoxelMesh: Chunk X=0 Y=0 Z=0 FlatVerts=0 SlopeVerts=2826
[+01:27:31.840] VoxelChunk: GenerateAsync (-2,-3,1)
[+01:27:31.841] VoxelMesh: Chunk X=-2 Y=-3 Z=1 FlatVerts=258 SlopeVerts=3516
[+01:27:31.851] VoxelMesh: Chunk X=0 Y=0 Z=0 FlatVerts=42 SlopeVerts=6816
[+01:27:31.852] VoxelChunk: GenerateAsync (-1,-3,1)
[+01:27:31.855] VoxelMesh: Chunk X=-1 Y=-3 Z=1 FlatVerts=0 SlopeVerts=210
[+01:27:31.858] VoxelMesh: Chunk X=0 Y=0 Z=0 FlatVerts=18 SlopeVerts=14538
[+01:27:31.859] VoxelChunk: GenerateAsync (-1,-3,0)
[+01:27:31.863] VoxelMesh: Chunk X=0 Y=0 Z=0 FlatVerts=4644 SlopeVerts=0
[+01:27:31.864] VoxelChunk: GenerateAsync (3,0,-1)
[+01:27:31.868] VoxelMesh: Chunk X=0 Y=0 Z=0 FlatVerts=996 SlopeVerts=15774
[+01:27:31.869] VoxelChunk: GenerateAsync (3,-3,-1)
[+01:27:31.887] VoxelChunk: GenerateAsync (0,-3,1)
[+01:27:31.888] VoxelChunk: GenerateAsync (1,-3,1)
[+01:27:31.889] VoxelChunk: GenerateAsync (0,-3,0)
[+01:27:31.890] VoxelMesh: Chunk X=1 Y=-3 Z=1 FlatVerts=6 SlopeVerts=1296
[+01:27:31.890] VoxelChunk: GenerateAsync (2,-3,1)
[+01:27:31.892] VoxelMesh: Chunk X=2 Y=-3 Z=1 FlatVerts=1230 SlopeVerts=1440
[+01:27:31.901] VoxelChunk: GenerateAsync (3,-3,1)
[+01:27:31.901] VoxelChunk: GenerateAsync (1,-3,0)
[+01:27:31.902] VoxelMesh: Chunk X=-3 Y=-3 Z=1 FlatVerts=1230 SlopeVerts=330
[+01:27:31.902] VoxelMesh: Chunk X=3 Y=-3 Z=1 FlatVerts=2094 SlopeVerts=822
[+01:27:31.902] VoxelChunk: GenerateAsync (-3,1,-1)
[+01:27:31.904] VoxelChunk: GenerateAsync (-3,-2,1)
[+01:27:31.905] VoxelMesh: Chunk X=1 Y=-3 Z=0 FlatVerts=0 SlopeVerts=36
[+01:27:31.906] VoxelMesh: Chunk X=-3 Y=-2 Z=1 FlatVerts=66 SlopeVerts=1860
[+01:27:31.914] VoxelChunk: GenerateAsync (2,-3,0)
[+01:27:31.914] VoxelChunk: GenerateAsync (3,-3,0)
[+01:27:31.915] VoxelMesh: Chunk X=2 Y=-3 Z=0 FlatVerts=0 SlopeVerts=0
[+01:27:31.915] VoxelMesh: Chunk X=2 Y=-3 Z=-1 FlatVerts=6 SlopeVerts=3126
[+01:27:31.916] VoxelChunk: GenerateAsync (-1,-3,-1)
[+01:27:31.917] VoxelChunk: GenerateAsync (-3,-2,0)
[+01:27:31.918] VoxelMesh: Chunk X=-3 Y=-2 Z=0 FlatVerts=0 SlopeVerts=0
[+01:27:31.925] VoxelChunk: GenerateAsync (-2,3,1)
[+01:27:31.926] VoxelChunk: GenerateAsync (-1,3,1)
[+01:27:31.927] VoxelMesh: Chunk X=-2 Y=3 Z=1 FlatVerts=3162 SlopeVerts=444
[+01:27:31.927] VoxelMesh: Chunk X=-1 Y=3 Z=1 FlatVerts=2580 SlopeVerts=1326
[+01:27:31.927] VoxelChunk: GenerateAsync (0,3,1)
[+01:27:31.928] VoxelChunk: GenerateAsync (3,-2,1)
[+01:27:31.929] VoxelMesh: Chunk X=0 Y=3 Z=1 FlatVerts=2550 SlopeVerts=1062
[+01:27:31.929] VoxelMesh: Chunk X=3 Y=-2 Z=1 FlatVerts=2880 SlopeVerts=462
[+01:27:31.938] VoxelChunk: GenerateAsync (2,3,1)
[+01:27:31.939] VoxelChunk: GenerateAsync (-3,-1,1)
[+01:27:31.940] VoxelMesh: Chunk X=2 Y=3 Z=1 FlatVerts=2658 SlopeVerts=114
[+01:27:31.941] VoxelMesh: Chunk X=-3 Y=-1 Z=1 FlatVerts=348 SlopeVerts=3222
[+01:27:31.941] VoxelMesh: Chunk X=1 Y=3 Z=-1 FlatVerts=1662 SlopeVerts=360
[+01:27:31.941] VoxelChunk: GenerateAsync (0,3,-2)
[+01:27:31.942] VoxelChunk: GenerateAsync (3,-1,-2)
[+01:27:31.952] VoxelChunk: GenerateAsync (-1,-3,2)
[+01:27:31.952] VoxelChunk: GenerateAsync (0,-3,2)
[+01:27:31.954] VoxelMesh: Chunk X=0 Y=3 Z=-1 FlatVerts=1170 SlopeVerts=0
[+01:27:31.954] VoxelChunk: GenerateAsync (-3,-1,-2)
[+01:27:31.955] VoxelMesh: Chunk X=-1 Y=-3 Z=2 FlatVerts=0 SlopeVerts=1782
[+01:27:31.955] VoxelMesh: Chunk X=-1 Y=3 Z=-1 FlatVerts=936 SlopeVerts=60
[+01:27:31.956] VoxelMesh: Chunk X=0 Y=-3 Z=2 FlatVerts=0 SlopeVerts=0
[+01:27:31.956] VoxelChunk: GenerateAsync (3,-2,-2)
[+01:27:31.963] VoxelChunk: GenerateAsync (3,-3,2)
[+01:27:31.964] VoxelChunk: GenerateAsync (-3,-2,2)
[+01:27:31.965] VoxelMesh: Chunk X=3 Y=-3 Z=2 FlatVerts=12 SlopeVerts=258
[+01:27:31.965] VoxelMesh: Chunk X=3 Y=3 Z=-2 FlatVerts=1806 SlopeVerts=0
[+01:27:31.965] VoxelChunk: GenerateAsync (-1,3,-2)
[+01:27:31.965] VoxelMesh: Chunk X=-3 Y=-2 Z=2 FlatVerts=348 SlopeVerts=5382
[+01:27:31.967] VoxelMesh: Chunk X=-2 Y=3 Z=-1 FlatVerts=0 SlopeVerts=2322
[+01:27:31.967] VoxelChunk: GenerateAsync (-2,-3,-1)
[+01:27:31.973] VoxelWater: Chunk X=3 Y=-28 Z=2 emitted 92 procedural water vertices (Ocean/Pools)
[+01:27:31.973] VoxelWater: Chunk X=2 Y=-28 Z=2 emitted 128 procedural water vertices (Ocean/Pools)
[+01:27:31.973] VoxelWater: Chunk X=2 Y=-27 Z=2 emitted 36 procedural water vertices (Ocean/Pools)
[+01:27:31.973] VoxelWater: Chunk X=2 Y=-27 Z=3 emitted 76 procedural water vertices (Ocean/Pools)
[+01:27:31.973] VoxelWater: Chunk X=3 Y=-29 Z=2 emitted 4 procedural water vertices (Ocean/Pools)
[+01:27:31.973] VoxelWater: Chunk X=3 Y=-27 Z=2 emitted 112 procedural water vertices (Ocean/Pools)
[+01:27:31.973] VoxelWater: Chunk X=3 Y=-27 Z=3 emitted 100 procedural water vertices (Ocean/Pools)
[+01:27:31.973] VoxelWater: Chunk X=4 Y=-29 Z=2 emitted 36 procedural water vertices (Ocean/Pools)
[+01:27:31.974] VoxelWater: Chunk X=4 Y=-28 Z=2 emitted 44 procedural water vertices (Ocean/Pools)
[+01:27:31.974] VoxelWater: Chunk X=4 Y=-27 Z=2 emitted 48 procedural water vertices (Ocean/Pools)
[+01:27:31.974] VoxelWater: Chunk X=-3 Y=-2 Z=2 emitted 32 procedural water vertices (Ocean/Pools)
[+01:27:31.974] VoxelWater: Chunk X=-1 Y=-3 Z=2 emitted 72 procedural water vertices (Ocean/Pools)
[+01:27:31.974] VoxelWater: Chunk X=-3 Y=-1 Z=1 emitted 40 procedural water vertices (Ocean/Pools)
[+01:27:31.974] VoxelWater: Chunk X=3 Y=-2 Z=1 emitted 56 procedural water vertices (Ocean/Pools)
[+01:27:31.974] VoxelWater: Chunk X=0 Y=3 Z=1 emitted 24 procedural water vertices (Ocean/Pools)
[+01:27:31.974] VoxelWater: Chunk X=-1 Y=3 Z=1 emitted 24 procedural water vertices (Ocean/Pools)
[+01:27:31.974] VoxelWater: Chunk X=-2 Y=3 Z=1 emitted 72 procedural water vertices (Ocean/Pools)
[+01:27:31.974] VoxelWater: Chunk X=-3 Y=-2 Z=1 emitted 12 procedural water vertices (Ocean/Pools)
[+01:27:31.974] VoxelWater: Chunk X=3 Y=-3 Z=1 emitted 56 procedural water vertices (Ocean/Pools)
[+01:27:31.974] VoxelWater: Chunk X=2 Y=-3 Z=1 emitted 20 procedural water vertices (Ocean/Pools)
[+01:27:31.974] VoxelWater: Chunk X=1 Y=-3 Z=1 emitted 8 procedural water vertices (Ocean/Pools)
[+01:27:31.981] VoxelMesh: Chunk X=-3 Y=2 Z=0 FlatVerts=0 SlopeVerts=0
[+01:27:31.981] VoxelChunk: GenerateAsync (3,-1,1)
[+01:27:31.981] VoxelChunk: GenerateAsync (-3,0,1)
[+01:27:31.982] VoxelMesh: Chunk X=3 Y=-1 Z=1 FlatVerts=2628 SlopeVerts=1218
[+01:27:31.982] VoxelMesh: Chunk X=-3 Y=3 Z=-1 FlatVerts=1794 SlopeVerts=0
[+01:27:31.983] VoxelChunk: GenerateAsync (-2,3,-2)
[+01:27:31.983] VoxelMesh: Chunk X=-3 Y=0 Z=1 FlatVerts=348 SlopeVerts=4692
[+01:27:31.984] VoxelMesh: Chunk X=3 Y=-2 Z=2 FlatVerts=6 SlopeVerts=18
[+01:27:31.984] VoxelChunk: GenerateAsync (-3,-2,-2)
[+01:27:31.994] VoxelChunk: GenerateAsync (-3,-1,2)
[+01:27:31.995] VoxelMesh: Chunk X=3 Y=2 Z=-1 FlatVerts=1842 SlopeVerts=0
[+01:27:31.996] VoxelMesh: Chunk X=-3 Y=-1 Z=2 FlatVerts=84 SlopeVerts=1614
[+01:27:31.996] VoxelChunk: GenerateAsync (3,-3,-2)
[+01:27:31.996] VoxelMesh: Chunk X=3 Y=0 Z=-2 FlatVerts=0 SlopeVerts=174
[+01:27:31.997] VoxelChunk: GenerateAsync (3,-2,0)
[+01:27:31.998] VoxelMesh: Chunk X=-3 Y=1 Z=-2 FlatVerts=1818 SlopeVerts=30
[+01:27:31.998] VoxelChunk: GenerateAsync (2,-3,-2)
[+01:27:32.008] VoxelChunk: GenerateAsync (-3,-1,0)
[+01:27:32.008] VoxelChunk: GenerateAsync (-3,-3,-1)
[+01:27:32.009] VoxelMesh: Chunk X=-3 Y=-1 Z=0 FlatVerts=438 SlopeVerts=294
[+01:27:32.009] VoxelChunk: GenerateAsync (3,-1,2)
[+01:27:32.011] VoxelMesh: Chunk X=-2 Y=0 Z=-1 FlatVerts=24 SlopeVerts=942
[+01:27:32.011] VoxelMesh: Chunk X=3 Y=-1 Z=2 FlatVerts=18 SlopeVerts=6
[+01:27:32.011] VoxelChunk: GenerateAsync (3,0,1)
[+01:27:32.012] VoxelMesh: Chunk X=3 Y=0 Z=1 FlatVerts=2682 SlopeVerts=1044
[+01:27:32.020] VoxelChunk: GenerateAsync (-3,1,1)
[+01:27:32.021] VoxelMesh: Chunk X=2 Y=-1 Z=2 FlatVerts=438 SlopeVerts=846
[+01:27:32.021] VoxelMesh: Chunk X=-3 Y=1 Z=1 FlatVerts=408 SlopeVerts=3600
[+01:27:32.021] VoxelChunk: GenerateAsync (1,-3,-2)
[+01:27:32.022] VoxelMesh: Chunk X=-1 Y=-2 Z=-1 FlatVerts=1728 SlopeVerts=0
[+01:27:32.023] VoxelChunk: GenerateAsync (-3,3,-2)
[+01:27:32.024] VoxelMesh: Chunk X=-1 Y=-2 Z=1 FlatVerts=384 SlopeVerts=2832
[+01:27:32.025] VoxelChunk: GenerateAsync (3,1,-1)
[+01:27:32.033] VoxelMesh: Chunk X=-2 Y=1 Z=0 FlatVerts=786 SlopeVerts=1440
[+01:27:32.034] VoxelChunk: GenerateAsync (0,-3,-2)
[+01:27:32.035] VoxelMesh: Chunk X=2 Y=-2 Z=0 FlatVerts=0 SlopeVerts=2418
[+01:27:32.036] VoxelChunk: GenerateAsync (-1,-3,-2)
[+01:27:32.037] VoxelChunk: GenerateAsync (-3,1,2)
[+01:27:32.039] VoxelChunk: GenerateAsync (3,2,-2)
[+01:27:32.040] VoxelMesh: Chunk X=-3 Y=1 Z=2 FlatVerts=90 SlopeVerts=780
[+01:27:32.046] VoxelMesh: Chunk X=-1 Y=2 Z=-1 FlatVerts=0 SlopeVerts=0
[+01:27:32.047] VoxelChunk: GenerateAsync (3,1,1)
[+01:27:32.048] VoxelMesh: Chunk X=2 Y=-2 Z=-1 FlatVerts=1884 SlopeVerts=0
[+01:27:32.048] VoxelMesh: Chunk X=3 Y=1 Z=1 FlatVerts=2784 SlopeVerts=624
[+01:27:32.048] VoxelChunk: GenerateAsync (-3,2,-2)
[+01:27:32.048] VoxelChunk: GenerateAsync (-3,2,-1)
[+01:27:32.050] VoxelChunk: GenerateAsync (-3,-2,-1)
[+01:27:32.058] VoxelMesh: Chunk X=0 Y=-1 Z=2 FlatVerts=1968 SlopeVerts=1188
[+01:27:32.059] VoxelChunk: GenerateAsync (1,-3,-1)
[+01:27:32.059] VoxelChunk: GenerateAsync (3,1,2)
[+01:27:32.062] VoxelChunk: GenerateAsync (-3,2,2)
[+01:27:32.062] VoxelChunk: GenerateAsync (0,-3,-1)
[+01:27:32.062] VoxelMesh: Chunk X=3 Y=1 Z=2 FlatVerts=156 SlopeVerts=534
[+01:27:32.063] VoxelMesh: Chunk X=-3 Y=2 Z=2 FlatVerts=78 SlopeVerts=426
[+01:27:32.070] VoxelChunk: GenerateAsync (0,3,0)
[+01:27:32.071] VoxelMesh: Chunk X=1 Y=-2 Z=1 FlatVerts=198 SlopeVerts=180
[+01:27:32.072] VoxelChunk: GenerateAsync (1,3,0)
[+01:27:32.073] VoxelMesh: Chunk X=-2 Y=-1 Z=1 FlatVerts=0 SlopeVerts=1662
[+01:27:32.074] VoxelChunk: GenerateAsync (3,-1,0)
[+01:27:32.075] VoxelMesh: Chunk X=-2 Y=2 Z=2 FlatVerts=576 SlopeVerts=2016
[+01:27:32.076] VoxelChunk: GenerateAsync (-3,-3,-2)
[+01:27:32.085] VoxelChunk: GenerateAsync (3,2,2)
[+01:27:32.085] VoxelChunk: GenerateAsync (-3,3,2)
[+01:27:32.086] VoxelMesh: Chunk X=3 Y=2 Z=2 FlatVerts=252 SlopeVerts=2064
[+01:27:32.086] VoxelChunk: GenerateAsync (-2,3,2)
[+01:27:32.087] VoxelChunk: GenerateAsync (-1,3,2)
[+01:27:32.088] VoxelMesh: Chunk X=-2 Y=3 Z=2 FlatVerts=0 SlopeVerts=0
[+01:27:32.095] VoxelChunk: GenerateAsync (0,3,2)
[+01:27:32.096] VoxelChunk: GenerateAsync (1,3,2)
[+01:27:32.097] VoxelChunk: GenerateAsync (2,3,2)
[+01:27:32.097] VoxelChunk: GenerateAsync (3,3,2)
[+01:27:32.098] VoxelMesh: Chunk X=3 Y=3 Z=2 FlatVerts=270 SlopeVerts=2352
[+01:27:32.105] VoxelChunk: GenerateAsync (3,-28,-4)
[+01:27:32.106] VoxelMesh: Chunk X=2 Y=0 Z=2 FlatVerts=1494 SlopeVerts=390
[+01:27:32.107] VoxelChunk: GenerateAsync (3,-28,-2)
[+01:27:32.110] VoxelChunk: GenerateAsync (3,-29,-4)
[+01:27:32.111] VoxelChunk: GenerateAsync (4,-28,-4)
[+01:27:32.119] VoxelMesh: Chunk X=0 Y=2 Z=1 FlatVerts=702 SlopeVerts=234
[+01:27:32.119] VoxelChunk: GenerateAsync (4,-28,-2)
[+01:27:32.120] VoxelMesh: Chunk X=-2 Y=0 Z=0 FlatVerts=528 SlopeVerts=150
[+01:27:32.121] VoxelChunk: GenerateAsync (3,-29,-2)
[+01:27:32.123] VoxelMesh: Chunk X=-2 Y=1 Z=-1 FlatVerts=450 SlopeVerts=174
[+01:27:32.123] VoxelChunk: GenerateAsync (2,-28,-2)
[+01:27:32.125] VoxelChunk: GenerateAsync (2,-28,-4)
[+01:27:32.132] VoxelChunk: GenerateAsync (3,-27,-4)
[+01:27:32.134] VoxelChunk: GenerateAsync (3,-27,-2)
[+01:27:32.135] VoxelChunk: GenerateAsync (2,-29,-4)
[+01:27:32.137] VoxelMesh: Chunk X=-2 Y=-1 Z=2 FlatVerts=1680 SlopeVerts=150
[+01:27:32.138] VoxelChunk: GenerateAsync (4,-29,-2)
[+01:27:32.146] VoxelChunk: GenerateAsync (2,-27,-4)
[+01:27:32.148] VoxelChunk: GenerateAsync (4,-29,-4)
[+01:27:32.150] VoxelChunk: GenerateAsync (2,-27,-2)
[+01:27:32.151] VoxelMesh: Chunk X=1 Y=0 Z=2 FlatVerts=150 SlopeVerts=30
[+01:27:32.151] VoxelChunk: GenerateAsync (2,-29,-2)
[+01:27:32.160] VoxelChunk: GenerateAsync (4,-27,-2)
[+01:27:32.161] VoxelChunk: GenerateAsync (4,-27,-4)
[+01:27:32.164] VoxelChunk: GenerateAsync (5,-28,-3)
[+01:27:32.165] VoxelChunk: GenerateAsync (1,-28,-3)
[+01:27:32.173] VoxelChunk: GenerateAsync (3,-28,-5)
[+01:27:32.175] VoxelChunk: GenerateAsync (3,-26,-3)
[+01:27:32.176] VoxelChunk: GenerateAsync (3,-30,-3)
[+01:27:32.178] VoxelMesh: Chunk X=0 Y=2 Z=0 FlatVerts=90 SlopeVerts=2112
[+01:27:32.178] VoxelChunk: GenerateAsync (3,-28,-1)
[+01:27:32.189] VoxelWater: Chunk X=3 Y=3 Z=2 emitted 44 procedural water vertices (Ocean/Pools)
[+01:27:32.189] VoxelWater: Chunk X=3 Y=2 Z=2 emitted 8 procedural water vertices (Ocean/Pools)
[+01:27:32.189] VoxelWater: Chunk X=2 Y=-28 Z=2 emitted 132 procedural water vertices (Ocean/Pools)
[+01:27:32.189] VoxelWater: Chunk X=3 Y=-28 Z=2 emitted 96 procedural water vertices (Ocean/Pools)
[+01:27:32.189] VoxelWater: Chunk X=2 Y=-27 Z=2 emitted 40 procedural water vertices (Ocean/Pools)
[+01:27:32.189] VoxelWater: Chunk X=2 Y=-27 Z=3 emitted 84 procedural water vertices (Ocean/Pools)
[+01:27:32.189] VoxelWater: Chunk X=3 Y=-29 Z=2 emitted 4 procedural water vertices (Ocean/Pools)
[+01:27:32.189] VoxelWater: Chunk X=3 Y=-27 Z=2 emitted 148 procedural water vertices (Ocean/Pools)
[+01:27:32.189] VoxelWater: Chunk X=3 Y=-27 Z=3 emitted 100 procedural water vertices (Ocean/Pools)
[+01:27:32.189] VoxelWater: Chunk X=4 Y=-29 Z=2 emitted 36 procedural water vertices (Ocean/Pools)
[+01:27:32.189] VoxelWater: Chunk X=4 Y=-28 Z=2 emitted 44 procedural water vertices (Ocean/Pools)
[+01:27:32.189] VoxelWater: Chunk X=4 Y=-27 Z=2 emitted 48 procedural water vertices (Ocean/Pools)
[+01:27:32.189] VoxelWater: Chunk X=3 Y=1 Z=2 emitted 12 procedural water vertices (Ocean/Pools)
[+01:27:32.189] VoxelWater: Chunk X=3 Y=1 Z=1 emitted 8 procedural water vertices (Ocean/Pools)
[+01:27:32.189] VoxelWater: Chunk X=-3 Y=1 Z=2 emitted 44 procedural water vertices (Ocean/Pools)
[+01:27:32.189] VoxelWater: Chunk X=-3 Y=1 Z=1 emitted 36 procedural water vertices (Ocean/Pools)
[+01:27:32.189] VoxelWater: Chunk X=3 Y=0 Z=1 emitted 36 procedural water vertices (Ocean/Pools)
[+01:27:32.189] VoxelWater: Chunk X=-3 Y=-1 Z=2 emitted 20 procedural water vertices (Ocean/Pools)
[+01:27:32.189] VoxelWater: Chunk X=-3 Y=0 Z=1 emitted 88 procedural water vertices (Ocean/Pools)
[+01:27:32.189] VoxelWater: Chunk X=3 Y=-1 Z=1 emitted 52 procedural water vertices (Ocean/Pools)
[+01:27:32.189] VoxelWater: Chunk X=-3 Y=-2 Z=2 emitted 36 procedural water vertices (Ocean/Pools)
[+01:27:32.189] VoxelWater: Chunk X=-1 Y=-3 Z=2 emitted 76 procedural water vertices (Ocean/Pools)
[+01:27:32.189] VoxelWater: Chunk X=-3 Y=-1 Z=1 emitted 40 procedural water vertices (Ocean/Pools)
[+01:27:32.189] VoxelWater: Chunk X=-3 Y=-1 Z=0 emitted 8 procedural water vertices (Ocean/Pools)
[+01:27:32.189] VoxelWater: Chunk X=3 Y=-2 Z=1 emitted 84 procedural water vertices (Ocean/Pools)
[+01:27:32.189] VoxelWater: Chunk X=0 Y=3 Z=1 emitted 36 procedural water vertices (Ocean/Pools)
[+01:27:32.189] VoxelWater: Chunk X=-1 Y=3 Z=1 emitted 24 procedural water vertices (Ocean/Pools)
[+01:27:32.189] VoxelWater: Chunk X=-2 Y=3 Z=1 emitted 92 procedural water vertices (Ocean/Pools)
[+01:27:32.189] VoxelWater: Chunk X=-3 Y=-2 Z=1 emitted 16 procedural water vertices (Ocean/Pools)
[+01:27:32.189] VoxelWater: Chunk X=3 Y=-3 Z=1 emitted 80 procedural water vertices (Ocean/Pools)
[+01:27:32.189] VoxelWater: Chunk X=2 Y=-3 Z=1 emitted 24 procedural water vertices (Ocean/Pools)
[+01:27:32.189] VoxelWater: Chunk X=1 Y=-3 Z=1 emitted 8 procedural water vertices (Ocean/Pools)
[+01:27:32.197] VoxelChunk: GenerateAsync (5,-29,-3)
[+01:27:32.199] VoxelChunk: GenerateAsync (3,-26,-4)
[+01:27:32.201] VoxelChunk: GenerateAsync (4,-30,-3)
[+01:27:32.202] VoxelChunk: GenerateAsync (1,-29,-3)
[+01:27:32.211] VoxelChunk: GenerateAsync (1,-27,-3)
[+01:27:32.212] VoxelChunk: GenerateAsync (3,-29,-5)
[+01:27:32.214] VoxelChunk: GenerateAsync (3,-27,-5)
[+01:27:32.216] VoxelMesh: Chunk X=3 Y=-1 Z=-1 FlatVerts=0 SlopeVerts=2436
[+01:27:32.216] VoxelChunk: GenerateAsync (4,-28,-1)
[+01:27:32.225] VoxelChunk: GenerateAsync (2,-28,-5)
[+01:27:32.226] VoxelMesh: Chunk X=1 Y=3 Z=1 FlatVerts=846 SlopeVerts=2262
[+01:27:32.226] VoxelChunk: GenerateAsync (3,-29,-1)
[+01:27:32.228] VoxelMesh: Chunk X=-2 Y=-3 Z=-2 FlatVerts=768 SlopeVerts=348
[+01:27:32.228] VoxelChunk: GenerateAsync (3,-26,-2)
[+01:27:32.230] VoxelChunk: GenerateAsync (4,-28,-5)
[+01:27:32.237] VoxelMesh: Chunk X=-3 Y=-3 Z=2 FlatVerts=768 SlopeVerts=2634
[+01:27:32.238] VoxelChunk: GenerateAsync (2,-28,-1)
[+01:27:32.240] VoxelChunk: GenerateAsync (5,-28,-4)
[+01:27:32.241] VoxelMesh: Chunk X=3 Y=0 Z=0 FlatVerts=0 SlopeVerts=1014
[+01:27:32.241] VoxelChunk: GenerateAsync (3,-27,-1)
[+01:27:32.243] VoxelChunk: GenerateAsync (2,-30,-3)
[+01:27:32.255] VoxelMesh: Chunk X=0 Y=0 Z=0 FlatVerts=342 SlopeVerts=648
[+01:27:32.256] VoxelChunk: GenerateAsync (5,-27,-3)
[+01:27:32.259] VoxelMesh: Chunk X=0 Y=0 Z=0 FlatVerts=7020 SlopeVerts=2568
[+01:27:32.260] VoxelChunk: GenerateAsync (1,-28,-2)
[+01:27:32.266] VoxelChunk: GenerateAsync (1,-28,-4)
[+01:27:32.270] VoxelMesh: Chunk X=0 Y=0 Z=0 FlatVerts=1254 SlopeVerts=10272
[+01:27:32.272] VoxelChunk: GenerateAsync (5,-28,-2)
[+01:27:32.286] VoxelMesh: Chunk X=0 Y=0 Z=0 FlatVerts=5862 SlopeVerts=1890
[+01:27:32.287] VoxelChunk: GenerateAsync (2,-26,-3)
[+01:27:32.292] VoxelMesh: Chunk X=0 Y=0 Z=0 FlatVerts=5022 SlopeVerts=2430
[+01:27:32.293] VoxelChunk: GenerateAsync (4,-26,-3)
[+01:27:32.297] VoxelMesh: Chunk X=0 Y=0 Z=0 FlatVerts=4518 SlopeVerts=5958
[+01:27:32.298] VoxelChunk: GenerateAsync (3,-30,-2)
[+01:27:32.304] VoxelChunk: GenerateAsync (3,-30,-4)
[+01:27:32.315] VoxelMesh: Chunk X=0 Y=0 Z=0 FlatVerts=6096 SlopeVerts=6264
[+01:27:32.317] VoxelChunk: GenerateAsync (1,-27,-2)
[+01:27:32.325] VoxelChunk: GenerateAsync (4,-27,-5)
[+01:27:32.331] VoxelChunk: GenerateAsync (2,-27,-5)
[+01:27:32.334] VoxelMesh: Chunk X=0 Y=0 Z=0 FlatVerts=6144 SlopeVerts=4590
[+01:27:32.335] VoxelChunk: GenerateAsync (2,-26,-2)
[+01:27:32.349] VoxelMesh: Chunk X=0 Y=0 Z=0 FlatVerts=6984 SlopeVerts=630
[+01:27:32.351] VoxelChunk: GenerateAsync (1,-29,-2)
[+01:27:32.358] VoxelMesh: Chunk X=0 Y=0 Z=0 FlatVerts=780 SlopeVerts=11136
[+01:27:32.359] VoxelChunk: GenerateAsync (5,-27,-2)
[+01:27:32.364] VoxelMesh: Chunk X=0 Y=0 Z=0 FlatVerts=5394 SlopeVerts=7908
[+01:27:32.365] VoxelChunk: GenerateAsync (4,-26,-2)
[+01:27:32.370] VoxelMesh: Chunk X=0 Y=0 Z=0 FlatVerts=3312 SlopeVerts=7098
[+01:27:32.371] VoxelChunk: GenerateAsync (2,-30,-2)
[+01:27:32.384] VoxelMesh: Chunk X=0 Y=0 Z=0 FlatVerts=0 SlopeVerts=624
[+01:27:32.384] VoxelChunk: GenerateAsync (2,-29,-1)
[+01:27:32.392] VoxelChunk: GenerateAsync (4,-29,-5)
[+01:27:32.396] VoxelChunk: GenerateAsync (2,-30,-4)
[+01:27:32.403] VoxelChunk: GenerateAsync (2,-29,-5)
[+01:27:32.418] VoxelWater: Chunk X=3 Y=3 Z=2 emitted 52 procedural water vertices (Ocean/Pools)
[+01:27:32.418] VoxelWater: Chunk X=3 Y=2 Z=2 emitted 8 procedural water vertices (Ocean/Pools)
[+01:27:32.418] VoxelWater: Chunk X=2 Y=-28 Z=2 emitted 136 procedural water vertices (Ocean/Pools)
[+01:27:32.418] VoxelWater: Chunk X=3 Y=-28 Z=2 emitted 92 procedural water vertices (Ocean/Pools)
[+01:27:32.418] VoxelWater: Chunk X=2 Y=-27 Z=2 emitted 48 procedural water vertices (Ocean/Pools)
[+01:27:32.418] VoxelWater: Chunk X=2 Y=-27 Z=3 emitted 88 procedural water vertices (Ocean/Pools)
[+01:27:32.418] VoxelWater: Chunk X=3 Y=-29 Z=2 emitted 4 procedural water vertices (Ocean/Pools)
[+01:27:32.418] VoxelWater: Chunk X=3 Y=-27 Z=2 emitted 184 procedural water vertices (Ocean/Pools)
[+01:27:32.418] VoxelWater: Chunk X=3 Y=-27 Z=3 emitted 112 procedural water vertices (Ocean/Pools)
[+01:27:32.418] VoxelWater: Chunk X=4 Y=-29 Z=2 emitted 36 procedural water vertices (Ocean/Pools)
[+01:27:32.418] VoxelWater: Chunk X=4 Y=-28 Z=2 emitted 44 procedural water vertices (Ocean/Pools)
[+01:27:32.418] VoxelWater: Chunk X=4 Y=-27 Z=2 emitted 56 procedural water vertices (Ocean/Pools)
[+01:27:32.418] VoxelWater: Chunk X=3 Y=1 Z=1 emitted 16 procedural water vertices (Ocean/Pools)
[+01:27:32.418] VoxelWater: Chunk X=3 Y=1 Z=2 emitted 16 procedural water vertices (Ocean/Pools)
[+01:27:32.418] VoxelWater: Chunk X=-3 Y=1 Z=1 emitted 56 procedural water vertices (Ocean/Pools)
[+01:27:32.418] VoxelWater: Chunk X=-3 Y=1 Z=2 emitted 48 procedural water vertices (Ocean/Pools)
[+01:27:32.418] VoxelWater: Chunk X=3 Y=0 Z=1 emitted 52 procedural water vertices (Ocean/Pools)
[+01:27:32.418] VoxelWater: Chunk X=-3 Y=-1 Z=0 emitted 12 procedural water vertices (Ocean/Pools)
[+01:27:32.418] VoxelWater: Chunk X=-3 Y=-1 Z=2 emitted 32 procedural water vertices (Ocean/Pools)
[+01:27:32.418] VoxelWater: Chunk X=-3 Y=0 Z=1 emitted 92 procedural water vertices (Ocean/Pools)
[+01:27:32.418] VoxelWater: Chunk X=3 Y=-1 Z=1 emitted 64 procedural water vertices (Ocean/Pools)
[+01:27:32.418] VoxelWater: Chunk X=-3 Y=-2 Z=2 emitted 40 procedural water vertices (Ocean/Pools)
[+01:27:32.418] VoxelWater: Chunk X=-1 Y=-3 Z=2 emitted 84 procedural water vertices (Ocean/Pools)
[+01:27:32.418] VoxelWater: Chunk X=-3 Y=-1 Z=1 emitted 44 procedural water vertices (Ocean/Pools)
[+01:27:32.418] VoxelWater: Chunk X=3 Y=-2 Z=1 emitted 108 procedural water vertices (Ocean/Pools)
[+01:27:32.418] VoxelWater: Chunk X=0 Y=3 Z=1 emitted 44 procedural water vertices (Ocean/Pools)
[+01:27:32.418] VoxelWater: Chunk X=-1 Y=3 Z=1 emitted 24 procedural water vertices (Ocean/Pools)
[+01:27:32.419] VoxelWater: Chunk X=-2 Y=3 Z=1 emitted 100 procedural water vertices (Ocean/Pools)
[+01:27:32.419] VoxelWater: Chunk X=-3 Y=-2 Z=1 emitted 16 procedural water vertices (Ocean/Pools)
[+01:27:32.419] VoxelWater: Chunk X=3 Y=-3 Z=1 emitted 108 procedural water vertices (Ocean/Pools)
[+01:27:32.419] VoxelWater: Chunk X=2 Y=-3 Z=1 emitted 24 procedural water vertices (Ocean/Pools)
[+01:27:32.419] VoxelWater: Chunk X=1 Y=-3 Z=1 emitted 8 procedural water vertices (Ocean/Pools)
[+01:27:32.430] VoxelChunk: GenerateAsync (2,-29,3)
[+01:27:32.431] VoxelChunk: GenerateAsync (2,-28,3)
[+01:27:32.431] VoxelChunk: GenerateAsync (2,-27,3)
[+01:27:32.431] VoxelChunk: GenerateAsync (3,-29,3)
[+01:27:32.431] VoxelChunk: GenerateAsync (3,-28,3)
[+01:27:32.431] VoxelChunk: GenerateAsync (3,-27,3)
[+01:27:32.431] VoxelChunk: GenerateAsync (4,-29,3)
[+01:27:32.431] VoxelChunk: GenerateAsync (4,-28,3)
[+01:27:32.431] VoxelChunk: GenerateAsync (4,-27,3)
[+01:27:32.431] VoxelMesh: Chunk X=2 Y=-28 Z=3 FlatVerts=6 SlopeVerts=12
[+01:27:32.431] VoxelMesh: Chunk X=3 Y=-28 Z=3 FlatVerts=0 SlopeVerts=6
[+01:27:32.431] VoxelMesh: Chunk X=2 Y=-27 Z=3 FlatVerts=150 SlopeVerts=126
[+01:27:32.431] VoxelMesh: Chunk X=4 Y=-27 Z=3 FlatVerts=12 SlopeVerts=12
[+01:27:32.431] VoxelMesh: Chunk X=3 Y=-27 Z=3 FlatVerts=42 SlopeVerts=78
[+01:27:32.431] VoxelMesh: Chunk X=4 Y=-28 Z=3 FlatVerts=0 SlopeVerts=0
[+01:27:32.432] VoxelChunk: GenerateAsync (4,-30,-4)
[+01:27:32.434] VoxelMesh: Chunk X=2 Y=-30 Z=-2 FlatVerts=336 SlopeVerts=126
[+01:27:32.434] VoxelChunk: GenerateAsync (4,-29,-1)
[+01:27:32.435] VoxelMesh: Chunk X=4 Y=-26 Z=-2 FlatVerts=528 SlopeVerts=90
[+01:27:32.435] VoxelChunk: GenerateAsync (4,-30,-2)
[+01:27:32.436] VoxelMesh: Chunk X=5 Y=-27 Z=-2 FlatVerts=0 SlopeVerts=306
[+01:27:32.437] VoxelChunk: GenerateAsync (2,-27,-1)
[+01:27:32.448] VoxelChunk: GenerateAsync (1,-29,-4)
[+01:27:32.449] VoxelMesh: Chunk X=2 Y=-26 Z=-2 FlatVerts=0 SlopeVerts=234
[+01:27:32.450] VoxelChunk: GenerateAsync (4,-27,-1)
[+01:27:32.451] VoxelMesh: Chunk X=1 Y=-27 Z=-2 FlatVerts=1812 SlopeVerts=0
[+01:27:32.451] VoxelChunk: GenerateAsync (5,-29,-2)
[+01:27:32.453] VoxelChunk: GenerateAsync (5,-29,-4)
[+01:27:32.463] VoxelChunk: GenerateAsync (4,-26,-4)
[+01:27:32.464] VoxelChunk: GenerateAsync (2,-26,-4)
[+01:27:32.466] VoxelChunk: GenerateAsync (1,-27,-4)
[+01:27:32.468] VoxelChunk: GenerateAsync (5,-27,-4)
[+01:27:32.477] VoxelChunk: GenerateAsync (1,-30,-3)
[+01:27:32.478] VoxelChunk: GenerateAsync (3,-26,-5)
[+01:27:32.480] VoxelChunk: GenerateAsync (1,-26,-3)
[+01:27:32.482] VoxelChunk: GenerateAsync (5,-26,-3)
[+01:27:32.490] VoxelMesh: Chunk X=-3 Y=1 Z=-1 FlatVerts=1386 SlopeVerts=3078
[+01:27:32.490] VoxelChunk: GenerateAsync (3,-30,-1)
[+01:27:32.491] VoxelChunk: GenerateAsync (5,-30,-3)
[+01:27:32.493] VoxelChunk: GenerateAsync (3,-30,-5)
[+01:27:32.495] VoxelChunk: GenerateAsync (5,-28,-5)
[+01:27:32.503] VoxelChunk: GenerateAsync (1,-28,-5)
[+01:27:32.504] VoxelMesh: Chunk X=-3 Y=-2 Z=0 FlatVerts=132 SlopeVerts=2928
[+01:27:32.504] VoxelChunk: GenerateAsync (3,-26,-1)
[+01:27:32.505] VoxelMesh: Chunk X=-2 Y=3 Z=1 FlatVerts=0 SlopeVerts=2106
[+01:27:32.506] VoxelChunk: GenerateAsync (5,-28,-1)
[+01:27:32.508] VoxelMesh: Chunk X=-1 Y=3 Z=1 FlatVerts=18 SlopeVerts=1554
[+01:27:32.508] VoxelChunk: GenerateAsync (1,-28,-1)
[+01:27:32.516] VoxelChunk: GenerateAsync (5,-27,-5)
[+01:27:32.518] VoxelChunk: GenerateAsync (2,-26,-5)
[+01:27:32.519] VoxelChunk: GenerateAsync (5,-29,-5)
[+01:27:32.521] VoxelChunk: GenerateAsync (5,-30,-4)
[+01:27:32.530] VoxelChunk: GenerateAsync (1,-30,-4)
[+01:27:32.532] VoxelChunk: GenerateAsync (5,-26,-4)
[+01:27:32.533] VoxelChunk: GenerateAsync (4,-30,-5)
[+01:27:32.535] VoxelChunk: GenerateAsync (1,-29,-5)
[+01:27:32.544] VoxelChunk: GenerateAsync (1,-26,-4)
[+01:27:32.546] VoxelChunk: GenerateAsync (2,-30,-5)
[+01:27:32.547] VoxelChunk: GenerateAsync (1,-27,-5)
[+01:27:32.549] VoxelChunk: GenerateAsync (4,-26,-5)
[+01:27:32.556] VoxelMesh: Chunk X=-1 Y=3 Z=-2 FlatVerts=1002 SlopeVerts=2754
[+01:27:32.556] VoxelChunk: GenerateAsync (2,-30,-1)
[+01:27:32.558] VoxelChunk: GenerateAsync (3,-25,-3)
[+01:27:32.559] VoxelMesh: Chunk X=3 Y=-1 Z=1 FlatVerts=2370 SlopeVerts=42
[+01:27:32.560] VoxelChunk: GenerateAsync (5,-30,-2)
[+01:27:32.561] VoxelChunk: GenerateAsync (1,-27,-1)
[+01:27:32.570] VoxelChunk: GenerateAsync (5,-27,-1)
[+01:27:32.570] VoxelChunk: GenerateAsync (3,-31,-3)
[+01:27:32.572] VoxelChunk: GenerateAsync (5,-29,-1)
[+01:27:32.574] VoxelChunk: GenerateAsync (1,-30,-2)
[+01:27:32.581] VoxelMesh: Chunk X=3 Y=-2 Z=0 FlatVerts=0 SlopeVerts=2322
[+01:27:32.582] VoxelChunk: GenerateAsync (4,-26,-1)
[+01:27:32.583] VoxelMesh: Chunk X=2 Y=-3 Z=-2 FlatVerts=6 SlopeVerts=1956
[+01:27:32.584] VoxelChunk: GenerateAsync (2,-26,-1)
[+01:27:32.584] VoxelMesh: Chunk X=-3 Y=-1 Z=0 FlatVerts=180 SlopeVerts=72
[+01:27:32.585] VoxelChunk: GenerateAsync (5,-26,-2)
[+01:27:32.586] VoxelMesh: Chunk X=-3 Y=-3 Z=-1 FlatVerts=0 SlopeVerts=216
[+01:27:32.587] VoxelChunk: GenerateAsync (3,-28,0)
[+01:27:32.597] VoxelWater: Chunk X=2 Y=-28 Z=2 emitted 136 procedural water vertices (Ocean/Pools)
[+01:27:32.597] VoxelWater: Chunk X=3 Y=-28 Z=2 emitted 96 procedural water vertices (Ocean/Pools)
[+01:27:32.597] VoxelWater: Chunk X=2 Y=-27 Z=2 emitted 68 procedural water vertices (Ocean/Pools)
[+01:27:32.597] VoxelWater: Chunk X=2 Y=-27 Z=3 emitted 128 procedural water vertices (Ocean/Pools)
[+01:27:32.597] VoxelWater: Chunk X=3 Y=-27 Z=3 emitted 132 procedural water vertices (Ocean/Pools)
[+01:27:32.597] VoxelWater: Chunk X=3 Y=-29 Z=2 emitted 4 procedural water vertices (Ocean/Pools)
[+01:27:32.597] VoxelWater: Chunk X=3 Y=-27 Z=2 emitted 232 procedural water vertices (Ocean/Pools)
[+01:27:32.597] VoxelWater: Chunk X=4 Y=-29 Z=2 emitted 36 procedural water vertices (Ocean/Pools)
[+01:27:32.597] VoxelWater: Chunk X=4 Y=-28 Z=2 emitted 44 procedural water vertices (Ocean/Pools)
[+01:27:32.597] VoxelWater: Chunk X=4 Y=-27 Z=2 emitted 80 procedural water vertices (Ocean/Pools)
[+01:27:32.606] VoxelMesh: Chunk X=3 Y=-1 Z=2 FlatVerts=222 SlopeVerts=1776
[+01:27:32.607] VoxelChunk: GenerateAsync (1,-29,-1)
[+01:27:32.608] VoxelChunk: GenerateAsync (6,-28,-3)
[+01:27:32.610] VoxelChunk: GenerateAsync (0,-28,-3)
[+01:27:32.612] VoxelMesh: Chunk X=1 Y=-3 Z=-2 FlatVerts=0 SlopeVerts=24
[+01:27:32.612] VoxelChunk: GenerateAsync (1,-26,-2)
[+01:27:32.619] VoxelMesh: Chunk X=-3 Y=3 Z=-2 FlatVerts=1260 SlopeVerts=2262
[+01:27:32.620] VoxelChunk: GenerateAsync (4,-30,-1)
[+01:27:32.621] VoxelMesh: Chunk X=3 Y=1 Z=-1 FlatVerts=0 SlopeVerts=2478
[+01:27:32.621] VoxelChunk: GenerateAsync (4,-28,0)
[+01:27:32.623] VoxelChunk: GenerateAsync (2,-31,-3)
[+01:27:32.624] VoxelChunk: GenerateAsync (3,-25,-4)
[+01:27:32.632] VoxelChunk: GenerateAsync (6,-29,-3)
[+01:27:32.634] VoxelMesh: Chunk X=3 Y=2 Z=-2 FlatVerts=0 SlopeVerts=1146
[+01:27:32.634] VoxelChunk: GenerateAsync (2,-28,0)
[+01:27:32.635] VoxelChunk: GenerateAsync (4,-31,-3)
[+01:27:32.637] VoxelMesh: Chunk X=-3 Y=2 Z=-2 FlatVerts=918 SlopeVerts=2322
[+01:27:32.637] VoxelChunk: GenerateAsync (3,-27,0)
[+01:27:32.646] VoxelChunk: GenerateAsync (0,-27,-3)
[+01:27:32.648] VoxelChunk: GenerateAsync (0,-29,-3)
[+01:27:32.650] VoxelChunk: GenerateAsync (6,-28,-4)
[+01:27:32.652] VoxelChunk: GenerateAsync (6,-27,-3)
[+01:27:32.661] VoxelChunk: GenerateAsync (3,-29,0)
[+01:27:32.662] VoxelChunk: GenerateAsync (3,-31,-4)
[+01:27:32.664] VoxelChunk: GenerateAsync (0,-28,-4)
[+01:27:32.665] VoxelMesh: Chunk X=1 Y=3 Z=0 FlatVerts=264 SlopeVerts=84
[+01:27:32.665] VoxelChunk: GenerateAsync (3,-25,-2)
[+01:27:32.674] VoxelMesh: Chunk X=3 Y=-1 Z=0 FlatVerts=420 SlopeVerts=216
[+01:27:32.674] VoxelChunk: GenerateAsync (6,-28,-2)
[+01:27:32.675] VoxelChunk: GenerateAsync (0,-28,-2)
[+01:27:32.677] VoxelChunk: GenerateAsync (4,-25,-3)
[+01:27:32.678] VoxelMesh: Chunk X=-3 Y=3 Z=2 FlatVerts=102 SlopeVerts=0
[+01:27:32.679] VoxelChunk: GenerateAsync (3,-31,-2)
[+01:27:32.688] VoxelChunk: GenerateAsync (2,-25,-3)
[+01:27:32.689] VoxelChunk: GenerateAsync (4,-29,0)
[+01:27:32.690] VoxelMesh: Chunk X=0 Y=3 Z=2 FlatVerts=1122 SlopeVerts=0
[+01:27:32.691] VoxelChunk: GenerateAsync (4,-25,-2)
[+01:27:32.693] VoxelChunk: GenerateAsync (6,-29,-4)
[+01:27:32.700] VoxelMesh: Chunk X=2 Y=3 Z=2 FlatVerts=150 SlopeVerts=948
[+01:27:32.700] VoxelChunk: GenerateAsync (2,-29,0)
[+01:27:32.702] VoxelChunk: GenerateAsync (6,-27,-4)
[+01:27:32.704] VoxelChunk: GenerateAsync (2,-25,-4)
[+01:27:32.706] VoxelChunk: GenerateAsync (4,-25,-4)
[+01:27:32.714] VoxelChunk: GenerateAsync (0,-29,-4)
[+01:27:32.716] VoxelChunk: GenerateAsync (0,-27,-4)
[+01:27:32.716] VoxelMesh: Chunk X=3 Y=-27 Z=-2 FlatVerts=1836 SlopeVerts=228
[+01:27:32.718] VoxelChunk: GenerateAsync (4,-31,-2)
[+01:27:32.718] VoxelChunk: GenerateAsync (6,-27,-2)
[+01:27:32.728] VoxelChunk: GenerateAsync (0,-27,-2)
[+01:27:32.729] VoxelChunk: GenerateAsync (2,-25,-2)
[+01:27:32.731] VoxelMesh: Chunk X=4 Y=-27 Z=-2 FlatVerts=384 SlopeVerts=3888
[+01:27:32.731] VoxelChunk: GenerateAsync (2,-27,0)
[+01:27:32.732] VoxelMesh: Chunk X=3 Y=-28 Z=-1 FlatVerts=132 SlopeVerts=12
[+01:27:32.732] VoxelChunk: GenerateAsync (2,-31,-2)
[+01:27:32.741] VoxelMesh: Chunk X=4 Y=-28 Z=-1 FlatVerts=2016 SlopeVerts=114
[+01:27:32.742] VoxelChunk: GenerateAsync (6,-29,-2)
[+01:27:32.744] VoxelChunk: GenerateAsync (4,-31,-4)
[+01:27:32.744] VoxelMesh: Chunk X=3 Y=-26 Z=-2 FlatVerts=30 SlopeVerts=2694
[+01:27:32.745] VoxelChunk: GenerateAsync (4,-27,0)
[+01:27:32.746] VoxelChunk: GenerateAsync (2,-31,-4)
[+01:27:32.755] VoxelChunk: GenerateAsync (0,-29,-2)
[+01:27:32.759] VoxelMesh: Chunk X=0 Y=0 Z=0 FlatVerts=468 SlopeVerts=14940
[+01:27:32.760] VoxelChunk: GenerateAsync (1,-26,-1)
[+01:27:32.764] VoxelMesh: Chunk X=0 Y=0 Z=0 FlatVerts=438 SlopeVerts=12942
[+01:27:32.765] VoxelChunk: GenerateAsync (5,-26,-1)
[+01:27:32.773] VoxelChunk: GenerateAsync (1,-30,-5)
[+01:27:32.786] VoxelChunk: GenerateAsync (5,-30,-5)
[+01:27:32.790] VoxelMesh: Chunk X=0 Y=0 Z=0 FlatVerts=2460 SlopeVerts=9252
[+01:27:32.791] VoxelChunk: GenerateAsync (5,-30,-1)
[+01:27:32.794] VoxelMesh: Chunk X=0 Y=0 Z=0 FlatVerts=264 SlopeVerts=6432
[+01:27:32.795] VoxelChunk: GenerateAsync (1,-30,-1)
[+01:27:32.802] VoxelChunk: GenerateAsync (1,-26,-5)
[+01:27:32.817] VoxelChunk: GenerateAsync (5,-26,-5)
[+01:27:32.821] VoxelMesh: Chunk X=0 Y=0 Z=0 FlatVerts=174 SlopeVerts=522
[+01:27:32.821] VoxelChunk: GenerateAsync (3,-25,-1)
[+01:27:32.828] VoxelChunk: GenerateAsync (3,-25,-5)
[+01:27:32.833] VoxelMesh: Chunk X=0 Y=0 Z=0 FlatVerts=600 SlopeVerts=846
[+01:27:32.834] VoxelChunk: GenerateAsync (0,-26,-3)
[+01:27:32.850] VoxelWater: Chunk X=2 Y=-28 Z=2 emitted 140 procedural water vertices (Ocean/Pools)
[+01:27:32.850] VoxelWater: Chunk X=3 Y=-28 Z=2 emitted 104 procedural water vertices (Ocean/Pools)
[+01:27:32.850] VoxelWater: Chunk X=2 Y=-27 Z=2 emitted 116 procedural water vertices (Ocean/Pools)
[+01:27:32.850] VoxelWater: Chunk X=2 Y=-27 Z=3 emitted 140 procedural water vertices (Ocean/Pools)
[+01:27:32.850] VoxelWater: Chunk X=3 Y=-27 Z=3 emitted 124 procedural water vertices (Ocean/Pools)
[+01:27:32.850] VoxelWater: Chunk X=3 Y=-29 Z=2 emitted 4 procedural water vertices (Ocean/Pools)
[+01:27:32.850] VoxelWater: Chunk X=3 Y=-27 Z=2 emitted 296 procedural water vertices (Ocean/Pools)
[+01:27:32.850] VoxelWater: Chunk X=4 Y=-29 Z=2 emitted 36 procedural water vertices (Ocean/Pools)
[+01:27:32.850] VoxelWater: Chunk X=4 Y=-28 Z=2 emitted 44 procedural water vertices (Ocean/Pools)
[+01:27:32.850] VoxelWater: Chunk X=4 Y=-27 Z=2 emitted 88 procedural water vertices (Ocean/Pools)
[+01:27:32.861] VoxelMesh: Chunk X=0 Y=0 Z=0 FlatVerts=642 SlopeVerts=3012
[+01:27:32.862] VoxelChunk: GenerateAsync (3,-30,0)
[+01:27:32.869] VoxelChunk: GenerateAsync (0,-28,-5)
[+01:27:32.871] VoxelChunk: GenerateAsync (3,-26,0)
[+01:27:32.874] VoxelMesh: Chunk X=0 Y=0 Z=0 FlatVerts=0 SlopeVerts=24
[+01:27:32.876] VoxelChunk: GenerateAsync (1,-28,0)
[+01:27:32.889] VoxelMesh: Chunk X=0 Y=0 Z=0 FlatVerts=6078 SlopeVerts=1626
[+01:27:32.890] VoxelChunk: GenerateAsync (0,-30,-3)
[+01:27:32.897] VoxelChunk: GenerateAsync (3,-31,-5)
[+01:27:32.901] VoxelMesh: Chunk X=0 Y=0 Z=0 FlatVerts=114 SlopeVerts=24282
[+01:27:32.903] VoxelChunk: GenerateAsync (5,-28,0)
[+01:27:32.908] VoxelMesh: Chunk X=0 Y=0 Z=0 FlatVerts=2844 SlopeVerts=522
[+01:27:32.910] VoxelChunk: GenerateAsync (6,-30,-3)
[+01:27:32.925] VoxelMesh: Chunk X=0 Y=0 Z=0 FlatVerts=108 SlopeVerts=25896
[+01:27:32.926] VoxelChunk: GenerateAsync (6,-28,-1)
[+01:27:32.931] VoxelMesh: Chunk X=0 Y=0 Z=0 FlatVerts=2646 SlopeVerts=3690
[+01:27:32.932] VoxelChunk: GenerateAsync (1,-31,-3)
[+01:27:32.937] VoxelMesh: Chunk X=0 Y=0 Z=0 FlatVerts=6546 SlopeVerts=2112
[+01:27:32.938] VoxelChunk: GenerateAsync (5,-25,-3)
[+01:27:32.945] VoxelMesh: Chunk X=0 Y=0 Z=0 FlatVerts=5064 SlopeVerts=798
[+01:27:32.946] VoxelChunk: GenerateAsync (5,-31,-3)
[+01:27:32.957] VoxelChunk: GenerateAsync (4,-27,0)
[+01:27:32.957] VoxelChunk: GenerateAsync (2,-27,0)
[+01:27:32.957] VoxelChunk: GenerateAsync (2,-29,0)
[+01:27:32.957] VoxelChunk: GenerateAsync (4,-29,0)
[+01:27:32.957] VoxelChunk: GenerateAsync (4,-25,-3)
[+01:27:32.957] VoxelChunk: GenerateAsync (4,-29,2)
[+01:27:32.957] VoxelChunk: GenerateAsync (3,-29,0)
[+01:27:32.957] VoxelChunk: GenerateAsync (6,-27,-3)
[+01:27:32.957] VoxelChunk: GenerateAsync (0,-29,-3)
[+01:27:32.957] VoxelChunk: GenerateAsync (3,-27,0)
[+01:27:32.957] VoxelChunk: GenerateAsync (4,-31,-3)
[+01:27:32.957] VoxelChunk: GenerateAsync (2,-28,0)
[+01:27:32.957] VoxelChunk: GenerateAsync (6,-29,-3)
[+01:27:32.957] VoxelChunk: GenerateAsync (2,-31,-3)
[+01:27:32.957] VoxelChunk: GenerateAsync (4,-28,0)
[+01:27:32.957] VoxelChunk: GenerateAsync (6,-28,-3)
[+01:27:32.957] VoxelChunk: GenerateAsync (3,-28,0)
[+01:27:32.957] VoxelChunk: GenerateAsync (3,-31,-3)
[+01:27:32.957] VoxelChunk: GenerateAsync (5,-30,-3)
[+01:27:32.957] VoxelChunk: GenerateAsync (0,-26,-3)
[+01:27:32.957] VoxelChunk: GenerateAsync (3,-30,0)
[+01:27:32.957] VoxelChunk: GenerateAsync (3,-26,0)
[+01:27:32.957] VoxelChunk: GenerateAsync (1,-28,0)
[+01:27:32.957] VoxelChunk: GenerateAsync (0,-30,-3)
[+01:27:32.957] VoxelChunk: GenerateAsync (5,-28,0)
[+01:27:32.957] VoxelChunk: GenerateAsync (6,-30,-3)
[+01:27:32.957] VoxelChunk: GenerateAsync (1,-31,-3)
[+01:27:32.957] VoxelChunk: GenerateAsync (5,-25,-3)
[+01:27:32.957] VoxelChunk: GenerateAsync (5,-31,-3)
[+01:27:32.959] VoxelMesh: Chunk X=4 Y=-29 Z=2 FlatVerts=90 SlopeVerts=24
[+01:27:32.962] VoxelChunk: GenerateAsync (6,-28,-5)
[+01:27:32.963] VoxelMesh: Chunk X=3 Y=-25 Z=-1 FlatVerts=2640 SlopeVerts=444
[+01:27:32.964] VoxelChunk: GenerateAsync (3,-31,-1)
[+01:27:32.966] VoxelChunk: GenerateAsync (1,-25,-3)
[+01:27:32.969] VoxelMesh: Chunk X=5 Y=-30 Z=-1 FlatVerts=60 SlopeVerts=456
[+01:27:32.969] VoxelChunk: GenerateAsync (0,-28,-1)
[+01:27:32.981] VoxelChunk: GenerateAsync (6,-26,-3)
[+01:27:32.982] VoxelMesh: Chunk X=1 Y=-26 Z=-1 FlatVerts=0 SlopeVerts=0
[+01:27:32.983] VoxelChunk: GenerateAsync (5,-27,0)
[+01:27:32.984] VoxelChunk: GenerateAsync (4,-25,-5)
[+01:27:32.986] VoxelChunk: GenerateAsync (6,-27,-5)
[+01:27:32.995] VoxelMesh: Chunk X=2 Y=-27 Z=-1 FlatVerts=0 SlopeVerts=0
[+01:27:32.995] VoxelChunk: GenerateAsync (1,-25,-2)
[+01:27:32.997] VoxelChunk: GenerateAsync (0,-27,-5)
[+01:27:32.998] VoxelMesh: Chunk X=5 Y=-29 Z=-2 FlatVerts=306 SlopeVerts=108
[+01:27:32.998] VoxelChunk: GenerateAsync (0,-26,-2)
[+01:27:32.999] VoxelMesh: Chunk X=3 Y=-30 Z=-1 FlatVerts=1296 SlopeVerts=30
[+01:27:33.000] VoxelChunk: GenerateAsync (5,-25,-2)
[+01:27:33.010] VoxelMesh: Chunk X=3 Y=-26 Z=-1 FlatVerts=2148 SlopeVerts=1422
[+01:27:33.011] VoxelChunk: GenerateAsync (2,-31,-1)
[+01:27:33.012] VoxelMesh: Chunk X=5 Y=-28 Z=-1 FlatVerts=42 SlopeVerts=18
[+01:27:33.012] VoxelChunk: GenerateAsync (1,-31,-2)
[+01:27:33.014] VoxelMesh: Chunk X=1 Y=-28 Z=-1 FlatVerts=600 SlopeVerts=384
[+01:27:33.014] VoxelChunk: GenerateAsync (4,-31,-1)
[+01:27:33.014] VoxelMesh: Chunk X=2 Y=-30 Z=-1 FlatVerts=2502 SlopeVerts=108
[+01:27:33.016] VoxelChunk: GenerateAsync (5,-31,-2)
[+01:27:33.025] VoxelMesh: Chunk X=5 Y=-30 Z=-2 FlatVerts=6 SlopeVerts=18
[+01:27:33.025] VoxelChunk: GenerateAsync (0,-30,-2)
[+01:27:33.027] VoxelMesh: Chunk X=1 Y=-27 Z=-1 FlatVerts=24 SlopeVerts=0
[+01:27:33.027] VoxelChunk: GenerateAsync (6,-26,-2)
[+01:27:33.029] VoxelChunk: GenerateAsync (0,-26,-4)
[+01:27:33.030] VoxelMesh: Chunk X=5 Y=-29 Z=-1 FlatVerts=540 SlopeVerts=3780
[+01:27:33.031] VoxelChunk: GenerateAsync (2,-26,0)
[+01:27:33.045] VoxelWater: Chunk X=2 Y=-28 Z=2 emitted 144 procedural water vertices (Ocean/Pools)
[+01:27:33.045] VoxelWater: Chunk X=3 Y=-28 Z=2 emitted 116 procedural water vertices (Ocean/Pools)
[+01:27:33.045] VoxelWater: Chunk X=2 Y=-27 Z=2 emitted 152 procedural water vertices (Ocean/Pools)
[+01:27:33.045] VoxelWater: Chunk X=2 Y=-27 Z=3 emitted 148 procedural water vertices (Ocean/Pools)
[+01:27:33.045] VoxelWater: Chunk X=3 Y=-29 Z=2 emitted 4 procedural water vertices (Ocean/Pools)
[+01:27:33.045] VoxelWater: Chunk X=3 Y=-27 Z=2 emitted 320 procedural water vertices (Ocean/Pools)
[+01:27:33.045] VoxelWater: Chunk X=3 Y=-27 Z=3 emitted 124 procedural water vertices (Ocean/Pools)
[+01:27:33.045] VoxelWater: Chunk X=4 Y=-29 Z=2 emitted 32 procedural water vertices (Ocean/Pools)
[+01:27:33.045] VoxelWater: Chunk X=4 Y=-28 Z=2 emitted 44 procedural water vertices (Ocean/Pools)
[+01:27:33.045] VoxelWater: Chunk X=4 Y=-27 Z=2 emitted 104 procedural water vertices (Ocean/Pools)
[+01:27:33.054] VoxelChunk: GenerateAsync (1,-25,-4)
[+01:27:33.056] VoxelChunk: GenerateAsync (2,-25,-5)
[+01:27:33.058] VoxelChunk: GenerateAsync (6,-26,-4)
[+01:27:33.059] VoxelChunk: GenerateAsync (2,-31,-5)
[+01:27:33.068] VoxelChunk: GenerateAsync (6,-29,-5)
[+01:27:33.070] VoxelChunk: GenerateAsync (5,-25,-4)
[+01:27:33.072] VoxelChunk: GenerateAsync (6,-30,-4)
[+01:27:33.072] VoxelChunk: GenerateAsync (4,-30,0)
[+01:27:33.081] VoxelMesh: Chunk X=6 Y=-28 Z=-2 FlatVerts=0 SlopeVerts=132
[+01:27:33.082] VoxelChunk: GenerateAsync (0,-27,-1)
[+01:27:33.082] VoxelMesh: Chunk X=0 Y=-28 Z=-2 FlatVerts=462 SlopeVerts=654
[+01:27:33.083] VoxelChunk: GenerateAsync (2,-30,0)
[+01:27:33.084] VoxelMesh: Chunk X=3 Y=-31 Z=-2 FlatVerts=588 SlopeVerts=2898
[+01:27:33.084] VoxelChunk: GenerateAsync (1,-27,0)
[+01:27:33.087] VoxelChunk: GenerateAsync (0,-30,-4)
[+01:27:33.094] VoxelMesh: Chunk X=4 Y=-31 Z=-2 FlatVerts=1044 SlopeVerts=540
[+01:27:33.094] VoxelChunk: GenerateAsync (4,-25,-1)
[+01:27:33.096] VoxelChunk: GenerateAsync (4,-31,-5)
[+01:27:33.098] VoxelChunk: GenerateAsync (5,-31,-4)
[+01:27:33.099] VoxelMesh: Chunk X=2 Y=-25 Z=-2 FlatVerts=60 SlopeVerts=594
[+01:27:33.100] VoxelChunk: GenerateAsync (6,-27,-1)
[+01:27:33.108] VoxelMesh: Chunk X=2 Y=-31 Z=-2 FlatVerts=222 SlopeVerts=5340
[+01:27:33.109] VoxelChunk: GenerateAsync (1,-29,0)
[+01:27:33.110] VoxelMesh: Chunk X=6 Y=-29 Z=-2 FlatVerts=42 SlopeVerts=270
[+01:27:33.110] VoxelChunk: GenerateAsync (0,-29,-1)
[+01:27:33.112] VoxelChunk: GenerateAsync (0,-29,-5)
[+01:27:33.116] VoxelChunk: GenerateAsync (1,-31,-4)
[+01:27:33.128] VoxelMesh: Chunk X=0 Y=0 Z=0 FlatVerts=942 SlopeVerts=8724
[+01:27:33.129] VoxelChunk: GenerateAsync (2,-25,-1)
[+01:27:33.133] VoxelMesh: Chunk X=0 Y=0 Z=0 FlatVerts=30 SlopeVerts=768
[+01:27:33.133] VoxelChunk: GenerateAsync (4,-26,0)
[+01:27:33.135] VoxelMesh: Chunk X=0 Y=0 Z=0 FlatVerts=42 SlopeVerts=11850
[+01:27:33.137] VoxelChunk: GenerateAsync (5,-29,0)
[+01:27:33.142] VoxelMesh: Chunk X=0 Y=0 Z=0 FlatVerts=4068 SlopeVerts=7860
[+01:27:33.144] VoxelChunk: GenerateAsync (6,-30,-2)
[+01:27:33.158] VoxelMesh: Chunk X=0 Y=0 Z=0 FlatVerts=1050 SlopeVerts=24738
[+01:27:33.159] VoxelChunk: GenerateAsync (6,-29,-1)
[+01:27:33.162] VoxelChunk: GenerateAsync (3,-28,1)
[+01:27:33.163] VoxelMesh: Chunk X=3 Y=-28 Z=1 FlatVerts=354 SlopeVerts=282
[+01:27:33.166] VoxelMesh: Chunk X=0 Y=0 Z=0 FlatVerts=1008 SlopeVerts=24312
[+01:27:33.168] VoxelChunk: GenerateAsync (1,-25,-1)
[+01:27:33.178] VoxelChunk: GenerateAsync (5,-31,-5)
[+01:27:33.189] VoxelMesh: Chunk X=0 Y=0 Z=0 FlatVerts=186 SlopeVerts=1032
[+01:27:33.190] VoxelChunk: GenerateAsync (5,-25,-1)
[+01:27:33.194] VoxelMesh: Chunk X=0 Y=0 Z=0 FlatVerts=24 SlopeVerts=9342
[+01:27:33.194] VoxelChunk: GenerateAsync (1,-26,0)
[+01:27:33.198] VoxelMesh: Chunk X=0 Y=0 Z=0 FlatVerts=30 SlopeVerts=3882
[+01:27:33.198] VoxelChunk: GenerateAsync (5,-30,0)
[+01:27:33.201] VoxelMesh: Chunk X=0 Y=0 Z=0 FlatVerts=0 SlopeVerts=24
[+01:27:33.202] VoxelChunk: GenerateAsync (4,-28,1)
[+01:27:33.202] VoxelMesh: Chunk X=4 Y=-28 Z=1 FlatVerts=420 SlopeVerts=252
[+01:27:33.216] VoxelChunk: GenerateAsync (6,-30,-5)
[+01:27:33.218] VoxelChunk: GenerateAsync (2,-28,1)
[+01:27:33.220] VoxelMesh: Chunk X=2 Y=-28 Z=1 FlatVerts=102 SlopeVerts=270
[+01:27:33.224] VoxelChunk: GenerateAsync (5,-25,-5)
[+01:27:33.228] VoxelMesh: Chunk X=0 Y=0 Z=0 FlatVerts=300 SlopeVerts=7632
[+01:27:33.228] VoxelChunk: GenerateAsync (5,-31,-1)
[+01:27:33.239] VoxelMesh: Chunk X=0 Y=0 Z=0 FlatVerts=54 SlopeVerts=5352
[+01:27:33.241] VoxelChunk: GenerateAsync (5,-26,0)
[+01:27:33.244] VoxelMesh: Chunk X=0 Y=0 Z=0 FlatVerts=270 SlopeVerts=2232
[+01:27:33.244] VoxelChunk: GenerateAsync (1,-30,0)
[+01:27:33.250] VoxelChunk: GenerateAsync (6,-26,-5)
[+01:27:33.252] VoxelChunk: GenerateAsync (3,-27,1)
[+01:27:33.253] VoxelMesh: Chunk X=3 Y=-27 Z=1 FlatVerts=12 SlopeVerts=66
[+01:27:33.270] VoxelWater: Chunk X=2 Y=-28 Z=2 emitted 180 procedural water vertices (Ocean/Pools)
[+01:27:33.270] VoxelWater: Chunk X=3 Y=-28 Z=2 emitted 156 procedural water vertices (Ocean/Pools)
[+01:27:33.270] VoxelWater: Chunk X=2 Y=-27 Z=2 emitted 164 procedural water vertices (Ocean/Pools)
[+01:27:33.271] VoxelWater: Chunk X=2 Y=-27 Z=3 emitted 148 procedural water vertices (Ocean/Pools)
[+01:27:33.271] VoxelWater: Chunk X=3 Y=-27 Z=3 emitted 120 procedural water vertices (Ocean/Pools)
[+01:27:33.271] VoxelWater: Chunk X=3 Y=-29 Z=2 emitted 4 procedural water vertices (Ocean/Pools)
[+01:27:33.271] VoxelWater: Chunk X=4 Y=-28 Z=2 emitted 60 procedural water vertices (Ocean/Pools)
[+01:27:33.271] VoxelWater: Chunk X=3 Y=-27 Z=2 emitted 336 procedural water vertices (Ocean/Pools)
[+01:27:33.271] VoxelWater: Chunk X=4 Y=-29 Z=2 emitted 32 procedural water vertices (Ocean/Pools)
[+01:27:33.271] VoxelWater: Chunk X=4 Y=-28 Z=1 emitted 4 procedural water vertices (Ocean/Pools)
[+01:27:33.271] VoxelWater: Chunk X=4 Y=-27 Z=2 emitted 124 procedural water vertices (Ocean/Pools)
[+01:27:33.282] VoxelMesh: Chunk X=0 Y=0 Z=0 FlatVerts=270 SlopeVerts=4278
[+01:27:33.282] VoxelChunk: GenerateAsync (0,-30,-1)
[+01:27:33.287] VoxelMesh: Chunk X=0 Y=0 Z=0 FlatVerts=504 SlopeVerts=25788
[+01:27:33.289] VoxelChunk: GenerateAsync (0,-26,-1)
[+01:27:33.294] VoxelMesh: Chunk X=0 Y=0 Z=0 FlatVerts=390 SlopeVerts=15540
[+01:27:33.295] VoxelChunk: GenerateAsync (1,-31,-1)
[+01:27:33.302] VoxelChunk: GenerateAsync (0,-26,-5)
[+01:27:33.317] VoxelChunk: GenerateAsync (0,-30,-5)
[+01:27:33.319] VoxelChunk: GenerateAsync (3,-29,1)
[+01:27:33.322] VoxelMesh: Chunk X=3 Y=-29 Z=1 FlatVerts=1920 SlopeVerts=972
[+01:27:33.326] VoxelChunk: GenerateAsync (1,-25,-5)
[+01:27:33.329] VoxelMesh: Chunk X=0 Y=0 Z=0 FlatVerts=174 SlopeVerts=12252
[+01:27:33.330] VoxelChunk: GenerateAsync (6,-26,-1)
[+01:27:33.344] VoxelMesh: Chunk X=0 Y=0 Z=0 FlatVerts=1278 SlopeVerts=15198
[+01:27:33.345] VoxelChunk: GenerateAsync (6,-30,-1)
[+01:27:33.352] VoxelChunk: GenerateAsync (1,-31,-5)
[+01:27:33.355] VoxelMesh: Chunk X=0 Y=0 Z=0 FlatVerts=24 SlopeVerts=1632
[+01:27:33.356] VoxelChunk: GenerateAsync (0,-28,0)
[+01:27:33.359] VoxelMesh: Chunk X=0 Y=0 Z=0 FlatVerts=3612 SlopeVerts=7326
[+01:27:33.361] VoxelChunk: GenerateAsync (3,-31,0)
[+01:27:33.375] VoxelMesh: Chunk X=0 Y=0 Z=0 FlatVerts=12 SlopeVerts=30
[+01:27:33.375] VoxelChunk: GenerateAsync (0,-25,-3)
[+01:27:33.378] VoxelMesh: Chunk X=0 Y=0 Z=0 FlatVerts=0 SlopeVerts=24
[+01:27:33.379] VoxelChunk: GenerateAsync (4,-27,1)
[+01:27:33.380] VoxelMesh: Chunk X=4 Y=-27 Z=1 FlatVerts=174 SlopeVerts=798
[+01:27:33.384] VoxelMesh: Chunk X=0 Y=0 Z=0 FlatVerts=138 SlopeVerts=37494
[+01:27:33.387] VoxelChunk: GenerateAsync (6,-28,0)
[+01:27:33.391] VoxelMesh: Chunk X=0 Y=0 Z=0 FlatVerts=2760 SlopeVerts=3126
[+01:27:33.393] VoxelChunk: GenerateAsync (0,-31,-3)
[+01:27:33.406] VoxelMesh: Chunk X=0 Y=0 Z=0 FlatVerts=7164 SlopeVerts=1368
[+01:27:33.408] VoxelChunk: GenerateAsync (6,-25,-3)
[+01:27:33.412] VoxelMesh: Chunk X=0 Y=0 Z=0 FlatVerts=6138 SlopeVerts=732
[+01:27:33.413] VoxelChunk: GenerateAsync (6,-31,-3)
[+01:27:33.416] VoxelChunk: GenerateAsync (2,-27,1)
[+01:27:33.420] VoxelChunk: GenerateAsync (2,-29,1)
[+01:27:33.421] VoxelMesh: Chunk X=2 Y=-29 Z=1 FlatVerts=2166 SlopeVerts=660
[+01:27:33.430] VoxelChunk: GenerateAsync (4,-29,1)
[+01:27:33.432] VoxelMesh: Chunk X=4 Y=-29 Z=1 FlatVerts=1596 SlopeVerts=846
[+01:27:33.432] VoxelChunk: GenerateAsync (3,-25,0)
[+01:27:33.435] VoxelMesh: Chunk X=0 Y=0 Z=0 FlatVerts=2694 SlopeVerts=8448
[+01:27:33.437] VoxelChunk: GenerateAsync (2,-31,0)
[+01:27:33.439] VoxelMesh: Chunk X=0 Y=0 Z=0 FlatVerts=1398 SlopeVerts=6924
[+01:27:33.441] VoxelChunk: GenerateAsync (4,-31,0)
[+01:27:33.453] VoxelMesh: Chunk X=0 Y=0 Z=0 FlatVerts=12 SlopeVerts=1464
[+01:27:33.453] VoxelChunk: GenerateAsync (2,-25,0)
[+01:27:33.457] VoxelMesh: Chunk X=0 Y=0 Z=0 FlatVerts=6414 SlopeVerts=4854
[+01:27:33.458] VoxelChunk: GenerateAsync (6,-31,-2)
[+01:27:33.463] VoxelMesh: Chunk X=0 Y=0 Z=0 FlatVerts=234 SlopeVerts=10248
[+01:27:33.464] VoxelChunk: GenerateAsync (0,-27,0)
[+01:27:33.469] VoxelMesh: Chunk X=0 Y=0 Z=0 FlatVerts=72 SlopeVerts=29298
[+01:27:33.474] VoxelChunk: GenerateAsync (6,-29,0)
[+01:27:33.494] VoxelWater: Chunk X=2 Y=-28 Z=2 emitted 224 procedural water vertices (Ocean/Pools)
[+01:27:33.494] VoxelWater: Chunk X=3 Y=-28 Z=2 emitted 188 procedural water vertices (Ocean/Pools)
[+01:27:33.494] VoxelWater: Chunk X=2 Y=-27 Z=2 emitted 176 procedural water vertices (Ocean/Pools)
[+01:27:33.494] VoxelWater: Chunk X=2 Y=-27 Z=3 emitted 148 procedural water vertices (Ocean/Pools)
[+01:27:33.494] VoxelWater: Chunk X=3 Y=-27 Z=3 emitted 124 procedural water vertices (Ocean/Pools)
[+01:27:33.494] VoxelWater: Chunk X=3 Y=-29 Z=2 emitted 16 procedural water vertices (Ocean/Pools)
[+01:27:33.494] VoxelWater: Chunk X=4 Y=-28 Z=2 emitted 84 procedural water vertices (Ocean/Pools)
[+01:27:33.494] VoxelWater: Chunk X=3 Y=-27 Z=2 emitted 348 procedural water vertices (Ocean/Pools)
[+01:27:33.494] VoxelWater: Chunk X=4 Y=-27 Z=2 emitted 140 procedural water vertices (Ocean/Pools)
[+01:27:33.494] VoxelWater: Chunk X=4 Y=-29 Z=2 emitted 40 procedural water vertices (Ocean/Pools)
[+01:27:33.494] VoxelWater: Chunk X=4 Y=-29 Z=1 emitted 24 procedural water vertices (Ocean/Pools)
[+01:27:33.494] VoxelWater: Chunk X=4 Y=-28 Z=1 emitted 4 procedural water vertices (Ocean/Pools)
[+01:27:33.494] VoxelWater: Chunk X=3 Y=-29 Z=1 emitted 56 procedural water vertices (Ocean/Pools)
[+01:27:33.494] VoxelWater: Chunk X=4 Y=-27 Z=1 emitted 12 procedural water vertices (Ocean/Pools)
[+01:27:33.494] VoxelWater: Chunk X=2 Y=-29 Z=1 emitted 48 procedural water vertices (Ocean/Pools)
[+01:27:33.506] VoxelChunk: GenerateAsync (2,-31,-4)
[+01:27:33.506] VoxelChunk: GenerateAsync (4,-31,-4)
[+01:27:33.506] VoxelChunk: GenerateAsync (1,-29,0)
[+01:27:33.506] VoxelChunk: GenerateAsync (5,-31,-4)
[+01:27:33.506] VoxelChunk: GenerateAsync (0,-29,-4)
[+01:27:33.506] VoxelChunk: GenerateAsync (4,-25,-4)
[+01:27:33.506] VoxelChunk: GenerateAsync (6,-27,-4)
[+01:27:33.506] VoxelChunk: GenerateAsync (6,-29,-4)
[+01:27:33.506] VoxelChunk: GenerateAsync (0,-30,-4)
[+01:27:33.506] VoxelChunk: GenerateAsync (1,-27,0)
[+01:27:33.506] VoxelChunk: GenerateAsync (2,-30,0)
[+01:27:33.506] VoxelChunk: GenerateAsync (4,-30,0)
[+01:27:33.506] VoxelChunk: GenerateAsync (3,-31,-4)
[+01:27:33.506] VoxelChunk: GenerateAsync (2,-29,2)
[+01:27:33.506] VoxelChunk: GenerateAsync (2,-28,2)
[+01:27:33.506] VoxelChunk: GenerateAsync (2,-27,2)
[+01:27:33.506] VoxelChunk: GenerateAsync (3,-29,2)
[+01:27:33.506] VoxelChunk: GenerateAsync (3,-28,2)
[+01:27:33.506] VoxelChunk: GenerateAsync (3,-27,2)
[+01:27:33.506] VoxelChunk: GenerateAsync (4,-28,2)
[+01:27:33.506] VoxelChunk: GenerateAsync (4,-27,2)
[+01:27:33.506] VoxelChunk: GenerateAsync (6,-28,-4)
[+01:27:33.506] VoxelChunk: GenerateAsync (6,-30,-4)
[+01:27:33.506] VoxelChunk: GenerateAsync (5,-25,-4)
[+01:27:33.506] VoxelChunk: GenerateAsync (6,-26,-4)
[+01:27:33.506] VoxelChunk: GenerateAsync (1,-25,-4)
[+01:27:33.506] VoxelChunk: GenerateAsync (2,-26,0)
[+01:27:33.506] VoxelChunk: GenerateAsync (0,-26,-4)
[+01:27:33.506] VoxelChunk: GenerateAsync (5,-30,-4)
[+01:27:33.506] VoxelChunk: GenerateAsync (5,-27,0)
[+01:27:33.506] VoxelChunk: GenerateAsync (1,-31,-4)
[+01:27:33.506] VoxelChunk: GenerateAsync (4,-26,0)
[+01:27:33.506] VoxelChunk: GenerateAsync (5,-29,0)
[+01:27:33.506] VoxelChunk: GenerateAsync (3,-28,1)
[+01:27:33.506] VoxelChunk: GenerateAsync (5,-31,-5)
[+01:27:33.506] VoxelChunk: GenerateAsync (1,-26,0)
[+01:27:33.506] VoxelChunk: GenerateAsync (5,-30,0)
[+01:27:33.506] VoxelChunk: GenerateAsync (4,-28,1)
[+01:27:33.506] VoxelChunk: GenerateAsync (6,-30,-5)
[+01:27:33.506] VoxelChunk: GenerateAsync (2,-28,1)
[+01:27:33.506] VoxelChunk: GenerateAsync (5,-25,-5)
[+01:27:33.506] VoxelChunk: GenerateAsync (5,-26,0)
[+01:27:33.506] VoxelChunk: GenerateAsync (1,-30,0)
[+01:27:33.506] VoxelChunk: GenerateAsync (6,-26,-5)
[+01:27:33.506] VoxelChunk: GenerateAsync (3,-27,1)
[+01:27:33.506] VoxelChunk: GenerateAsync (3,-29,1)
[+01:27:33.506] VoxelChunk: GenerateAsync (1,-31,-5)
[+01:27:33.506] VoxelChunk: GenerateAsync (0,-28,0)
[+01:27:33.506] VoxelChunk: GenerateAsync (3,-31,0)
[+01:27:33.506] VoxelChunk: GenerateAsync (4,-27,1)
[+01:27:33.506] VoxelChunk: GenerateAsync (6,-28,0)
[+01:27:33.506] VoxelChunk: GenerateAsync (2,-27,1)
[+01:27:33.506] VoxelChunk: GenerateAsync (2,-29,1)
[+01:27:33.506] VoxelChunk: GenerateAsync (4,-29,1)
[+01:27:33.506] VoxelChunk: GenerateAsync (3,-25,0)
[+01:27:33.506] VoxelChunk: GenerateAsync (2,-31,0)
[+01:27:33.506] VoxelChunk: GenerateAsync (4,-31,0)
[+01:27:33.506] VoxelChunk: GenerateAsync (2,-25,0)
[+01:27:33.506] VoxelChunk: GenerateAsync (0,-27,0)
[+01:27:33.506] VoxelChunk: GenerateAsync (6,-29,0)
[+01:27:33.509] VoxelMesh: Chunk X=2 Y=-29 Z=2 FlatVerts=12 SlopeVerts=6
[+01:27:33.509] VoxelMesh: Chunk X=2 Y=-28 Z=2 FlatVerts=96 SlopeVerts=132
[+01:27:33.510] VoxelMesh: Chunk X=2 Y=-27 Z=2 FlatVerts=42 SlopeVerts=18
[+01:27:33.510] VoxelMesh: Chunk X=3 Y=-29 Z=2 FlatVerts=84 SlopeVerts=6
[+01:27:33.510] VoxelMesh: Chunk X=3 Y=-27 Z=2 FlatVerts=72 SlopeVerts=108
[+01:27:33.510] VoxelChunk: GenerateAsync (0,-25,-4)
[+01:27:33.510] VoxelMesh: Chunk X=3 Y=-28 Z=2 FlatVerts=90 SlopeVerts=132
[+01:27:33.510] VoxelMesh: Chunk X=4 Y=-28 Z=2 FlatVerts=150 SlopeVerts=48
[+01:27:33.510] VoxelMesh: Chunk X=4 Y=-27 Z=2 FlatVerts=150 SlopeVerts=108
[+01:27:33.513] VoxelChunk: GenerateAsync (6,-31,-4)
[+01:27:33.514] VoxelMesh: Chunk X=3 Y=-28 Z=1 FlatVerts=138 SlopeVerts=30
[+01:27:33.515] VoxelMesh: Chunk X=6 Y=-25 Z=-3 FlatVerts=90 SlopeVerts=0
[+01:27:33.515] VoxelMesh: Chunk X=4 Y=-28 Z=1 FlatVerts=144 SlopeVerts=54
[+01:27:33.516] VoxelChunk: GenerateAsync (0,-25,-2)
[+01:27:33.516] VoxelMesh: Chunk X=2 Y=-28 Z=1 FlatVerts=60 SlopeVerts=60
[+01:27:33.517] VoxelMesh: Chunk X=3 Y=-29 Z=1 FlatVerts=570 SlopeVerts=90
[+01:27:33.517] VoxelMesh: Chunk X=3 Y=-27 Z=1 FlatVerts=0 SlopeVerts=18
[+01:27:33.518] VoxelMesh: Chunk X=4 Y=-27 Z=1 FlatVerts=24 SlopeVerts=186
[+01:27:33.518] VoxelMesh: Chunk X=0 Y=-31 Z=-3 FlatVerts=138 SlopeVerts=7032
[+01:27:33.518] VoxelMesh: Chunk X=4 Y=-29 Z=1 FlatVerts=114 SlopeVerts=0
[+01:27:33.518] VoxelChunk: GenerateAsync (0,-29,0)
[+01:27:33.518] VoxelMesh: Chunk X=2 Y=-29 Z=1 FlatVerts=678 SlopeVerts=12
[+01:27:33.533] VoxelMesh: Chunk X=0 Y=-25 Z=-3 FlatVerts=474 SlopeVerts=0
[+01:27:33.534] VoxelChunk: GenerateAsync (0,-31,-2)
[+01:27:33.535] VoxelChunk: GenerateAsync (6,-25,-4)
[+01:27:33.538] VoxelChunk: GenerateAsync (0,-31,-4)
[+01:27:33.538] VoxelMesh: Chunk X=1 Y=-31 Z=-1 FlatVerts=318 SlopeVerts=3150
[+01:27:33.539] VoxelChunk: GenerateAsync (6,-27,0)
[+01:27:33.548] VoxelChunk: GenerateAsync (4,-25,0)
[+01:27:33.548] VoxelMesh: Chunk X=0 Y=-30 Z=-1 FlatVerts=906 SlopeVerts=36
[+01:27:33.549] VoxelChunk: GenerateAsync (6,-25,-2)
[+01:27:33.549] VoxelMesh: Chunk X=5 Y=-31 Z=-1 FlatVerts=0 SlopeVerts=1758
[+01:27:33.549] VoxelChunk: GenerateAsync (5,-28,1)
[+01:27:33.551] VoxelMesh: Chunk X=5 Y=-25 Z=-1 FlatVerts=18 SlopeVerts=1488
[+01:27:33.551] VoxelChunk: GenerateAsync (1,-28,1)
[+01:27:33.551] VoxelMesh: Chunk X=5 Y=-28 Z=1 FlatVerts=1812 SlopeVerts=858
[+01:27:33.553] VoxelMesh: Chunk X=1 Y=-28 Z=1 FlatVerts=774 SlopeVerts=702
[+01:27:33.561] VoxelChunk: GenerateAsync (3,-26,1)
[+01:27:33.562] VoxelChunk: GenerateAsync (3,-30,1)
[+01:27:33.562] VoxelMesh: Chunk X=3 Y=-26 Z=1 FlatVerts=270 SlopeVerts=534
[+01:27:33.562] VoxelMesh: Chunk X=6 Y=-30 Z=-2 FlatVerts=162 SlopeVerts=2208
[+01:27:33.564] VoxelMesh: Chunk X=3 Y=-30 Z=1 FlatVerts=1206 SlopeVerts=1044
[+01:27:33.564] VoxelChunk: GenerateAsync (1,-27,1)
[+01:27:33.565] VoxelMesh: Chunk X=2 Y=-25 Z=-1 FlatVerts=0 SlopeVerts=0
[+01:27:33.565] VoxelChunk: GenerateAsync (4,-26,1)
[+01:27:33.566] VoxelMesh: Chunk X=4 Y=-26 Z=1 FlatVerts=1920 SlopeVerts=726
[+01:27:33.574] VoxelMesh: Chunk X=5 Y=-31 Z=-3 FlatVerts=0 SlopeVerts=0
[+01:27:33.574] VoxelChunk: GenerateAsync (1,-29,1)
[+01:27:33.575] VoxelMesh: Chunk X=5 Y=-25 Z=-3 FlatVerts=30 SlopeVerts=186
[+01:27:33.575] VoxelChunk: GenerateAsync (2,-26,1)
[+01:27:33.575] VoxelMesh: Chunk X=1 Y=-29 Z=1 FlatVerts=594 SlopeVerts=6
[+01:27:33.575] VoxelMesh: Chunk X=1 Y=-31 Z=-3 FlatVerts=324 SlopeVerts=594
[+01:27:33.575] VoxelChunk: GenerateAsync (5,-27,1)
[+01:27:33.576] VoxelMesh: Chunk X=5 Y=-27 Z=1 FlatVerts=198 SlopeVerts=348
[+01:27:33.576] VoxelChunk: GenerateAsync (5,-29,1)
[+01:27:33.576] VoxelMesh: Chunk X=5 Y=-29 Z=1 FlatVerts=654 SlopeVerts=12
[+01:27:33.584] VoxelChunk: GenerateAsync (4,-30,1)
[+01:27:33.584] VoxelChunk: GenerateAsync (2,-30,1)
[+01:27:33.584] VoxelMesh: Chunk X=4 Y=-30 Z=1 FlatVerts=264 SlopeVerts=174
[+01:27:33.585] VoxelMesh: Chunk X=2 Y=-30 Z=1 FlatVerts=486 SlopeVerts=18
[+01:27:33.585] VoxelChunk: GenerateAsync (6,-30,0)
[+01:27:33.586] VoxelMesh: Chunk X=1 Y=-25 Z=-3 FlatVerts=210 SlopeVerts=3810
[+01:27:33.586] VoxelChunk: GenerateAsync (0,-30,0)
[+01:27:33.595] VoxelMesh: Chunk X=0 Y=-28 Z=-1 FlatVerts=0 SlopeVerts=2424
[+01:27:33.596] VoxelChunk: GenerateAsync (6,-26,0)
[+01:27:33.598] VoxelChunk: GenerateAsync (0,-31,-5)
[+01:27:33.599] VoxelMesh: Chunk X=1 Y=-25 Z=-2 FlatVerts=0 SlopeVerts=4896
[+01:27:33.599] VoxelChunk: GenerateAsync (1,-25,0)
[+01:27:33.600] VoxelChunk: GenerateAsync (5,-31,0)
[+01:27:33.609] VoxelMesh: Chunk X=4 Y=-26 Z=-3 FlatVerts=1626 SlopeVerts=1794
[+01:27:33.609] VoxelChunk: GenerateAsync (0,-31,-1)
[+01:27:33.611] VoxelMesh: Chunk X=2 Y=-26 Z=-3 FlatVerts=0 SlopeVerts=0
[+01:27:33.611] VoxelChunk: GenerateAsync (1,-31,0)
[+01:27:33.612] VoxelChunk: GenerateAsync (5,-25,0)
[+01:27:33.614] VoxelChunk: GenerateAsync (6,-25,-5)
[+01:27:33.622] VoxelMesh: Chunk X=1 Y=-26 Z=-3 FlatVerts=1560 SlopeVerts=150
[+01:27:33.623] VoxelChunk: GenerateAsync (6,-25,-1)
[+01:27:33.624] VoxelMesh: Chunk X=5 Y=-26 Z=-3 FlatVerts=0 SlopeVerts=1812
[+01:27:33.624] VoxelChunk: GenerateAsync (0,-26,0)
[+01:27:33.625] VoxelChunk: GenerateAsync (6,-31,-1)
[+01:27:33.625] VoxelMesh: Chunk X=5 Y=-30 Z=-3 FlatVerts=336 SlopeVerts=762
[+01:27:33.625] VoxelChunk: GenerateAsync (0,-25,-1)
[+01:27:33.634] VoxelChunk: GenerateAsync (6,-31,-5)
[+01:27:33.636] VoxelChunk: GenerateAsync (0,-25,-5)
[+01:27:33.637] VoxelChunk: GenerateAsync (5,-30,1)
[+01:27:33.638] VoxelChunk: GenerateAsync (1,-30,1)
[+01:27:33.639] VoxelMesh: Chunk X=5 Y=-30 Z=1 FlatVerts=1122 SlopeVerts=2058
[+01:27:33.639] VoxelMesh: Chunk X=1 Y=-30 Z=1 FlatVerts=1776 SlopeVerts=0
[+01:27:33.647] VoxelMesh: Chunk X=3 Y=-25 Z=-3 FlatVerts=42 SlopeVerts=1206
[+01:27:33.648] VoxelChunk: GenerateAsync (5,-26,1)
[+01:27:33.648] VoxelMesh: Chunk X=0 Y=-30 Z=-2 FlatVerts=0 SlopeVerts=6024
[+01:27:33.648] VoxelMesh: Chunk X=5 Y=-26 Z=1 FlatVerts=1758 SlopeVerts=924
[+01:27:33.649] VoxelChunk: GenerateAsync (1,-26,1)
[+01:27:33.649] VoxelMesh: Chunk X=6 Y=-26 Z=-2 FlatVerts=36 SlopeVerts=594
[+01:27:33.651] VoxelChunk: GenerateAsync (7,-28,0)
[+01:27:33.651] VoxelMesh: Chunk X=3 Y=-31 Z=-3 FlatVerts=126 SlopeVerts=744
[+01:27:33.651] VoxelChunk: GenerateAsync (0,-28,1)
[+01:27:33.652] VoxelMesh: Chunk X=0 Y=-28 Z=1 FlatVerts=84 SlopeVerts=192
[+01:27:33.661] VoxelMesh: Chunk X=6 Y=-28 Z=-3 FlatVerts=0 SlopeVerts=0
[+01:27:33.662] VoxelChunk: GenerateAsync (-1,-28,0)
[+01:27:33.662] VoxelMesh: Chunk X=0 Y=-28 Z=-3 FlatVerts=0 SlopeVerts=78
[+01:27:33.662] VoxelChunk: GenerateAsync (6,-28,1)
[+01:27:33.663] VoxelChunk: GenerateAsync (3,-31,1)
[+01:27:33.663] VoxelChunk: GenerateAsync (3,-32,0)
[+01:27:33.663] VoxelMesh: Chunk X=3 Y=-31 Z=1 FlatVerts=498 SlopeVerts=18
[+01:27:33.664] VoxelMesh: Chunk X=6 Y=-28 Z=1 FlatVerts=2106 SlopeVerts=918
[+01:27:33.681] VoxelWater: Chunk X=2 Y=-28 Z=1 emitted 92 procedural water vertices (Ocean/Pools)
[+01:27:33.681] VoxelWater: Chunk X=2 Y=-28 Z=2 emitted 228 procedural water vertices (Ocean/Pools)
[+01:27:33.681] VoxelWater: Chunk X=3 Y=-28 Z=2 emitted 208 procedural water vertices (Ocean/Pools)
[+01:27:33.682] VoxelWater: Chunk X=2 Y=-27 Z=2 emitted 196 procedural water vertices (Ocean/Pools)
[+01:27:33.682] VoxelWater: Chunk X=2 Y=-27 Z=3 emitted 148 procedural water vertices (Ocean/Pools)
[+01:27:33.682] VoxelWater: Chunk X=3 Y=-27 Z=3 emitted 124 procedural water vertices (Ocean/Pools)
[+01:27:33.682] VoxelWater: Chunk X=3 Y=-29 Z=1 emitted 116 procedural water vertices (Ocean/Pools)
[+01:27:33.682] VoxelWater: Chunk X=3 Y=-29 Z=2 emitted 12 procedural water vertices (Ocean/Pools)
[+01:27:33.682] VoxelWater: Chunk X=3 Y=-28 Z=1 emitted 76 procedural water vertices (Ocean/Pools)
[+01:27:33.682] VoxelWater: Chunk X=3 Y=-27 Z=2 emitted 400 procedural water vertices (Ocean/Pools)
[+01:27:33.682] VoxelWater: Chunk X=3 Y=-27 Z=1 emitted 8 procedural water vertices (Ocean/Pools)
[+01:27:33.682] VoxelWater: Chunk X=4 Y=-27 Z=2 emitted 136 procedural water vertices (Ocean/Pools)
[+01:27:33.682] VoxelWater: Chunk X=4 Y=-29 Z=1 emitted 68 procedural water vertices (Ocean/Pools)
[+01:27:33.682] VoxelWater: Chunk X=4 Y=-29 Z=2 emitted 40 procedural water vertices (Ocean/Pools)
[+01:27:33.682] VoxelWater: Chunk X=4 Y=-28 Z=1 emitted 60 procedural water vertices (Ocean/Pools)
[+01:27:33.682] VoxelWater: Chunk X=4 Y=-28 Z=2 emitted 84 procedural water vertices (Ocean/Pools)
[+01:27:33.682] VoxelWater: Chunk X=4 Y=-27 Z=1 emitted 60 procedural water vertices (Ocean/Pools)
[+01:27:33.682] VoxelWater: Chunk X=5 Y=-26 Z=1 emitted 40 procedural water vertices (Ocean/Pools)
[+01:27:33.682] VoxelWater: Chunk X=1 Y=-30 Z=1 emitted 8 procedural water vertices (Ocean/Pools)
[+01:27:33.682] VoxelWater: Chunk X=2 Y=-30 Z=1 emitted 12 procedural water vertices (Ocean/Pools)
[+01:27:33.682] VoxelWater: Chunk X=1 Y=-29 Z=1 emitted 4 procedural water vertices (Ocean/Pools)
[+01:27:33.682] VoxelWater: Chunk X=5 Y=-30 Z=1 emitted 12 procedural water vertices (Ocean/Pools)
[+01:27:33.682] VoxelWater: Chunk X=4 Y=-26 Z=1 emitted 68 procedural water vertices (Ocean/Pools)
[+01:27:33.682] VoxelWater: Chunk X=3 Y=-30 Z=1 emitted 12 procedural water vertices (Ocean/Pools)
[+01:27:33.682] VoxelWater: Chunk X=3 Y=-26 Z=1 emitted 12 procedural water vertices (Ocean/Pools)
[+01:27:33.682] VoxelWater: Chunk X=1 Y=-28 Z=1 emitted 12 procedural water vertices (Ocean/Pools)
[+01:27:33.682] VoxelWater: Chunk X=5 Y=-29 Z=1 emitted 4 procedural water vertices (Ocean/Pools)
[+01:27:33.682] VoxelWater: Chunk X=5 Y=-28 Z=1 emitted 20 procedural water vertices (Ocean/Pools)
[+01:27:33.682] VoxelWater: Chunk X=6 Y=-28 Z=1 emitted 8 procedural water vertices (Ocean/Pools)
[+01:27:33.682] VoxelWater: Chunk X=2 Y=-29 Z=1 emitted 80 procedural water vertices (Ocean/Pools)
[+01:27:33.692] VoxelChunk: GenerateAsync (3,-25,1)
[+01:27:33.692] VoxelMesh: Chunk X=0 Y=-27 Z=-3 FlatVerts=270 SlopeVerts=1536
[+01:27:33.693] VoxelChunk: GenerateAsync (3,-24,0)
[+01:27:33.693] VoxelMesh: Chunk X=0 Y=-29 Z=-3 FlatVerts=78 SlopeVerts=354
[+01:27:33.694] VoxelChunk: GenerateAsync (7,-27,0)
[+01:27:33.694] VoxelMesh: Chunk X=6 Y=-27 Z=-3 FlatVerts=12 SlopeVerts=642
[+01:27:33.694] VoxelChunk: GenerateAsync (-1,-27,0)
[+01:27:33.702] VoxelMesh: Chunk X=4 Y=-27 Z=-3 FlatVerts=0 SlopeVerts=0
[+01:27:33.702] VoxelChunk: GenerateAsync (4,-24,0)
[+01:27:33.702] VoxelChunk: GenerateAsync (7,-29,0)
[+01:27:33.704] VoxelMesh: Chunk X=4 Y=-29 Z=-3 FlatVerts=354 SlopeVerts=3270
[+01:27:33.708] VoxelChunk: GenerateAsync (-1,-29,0)
[+01:27:33.709] VoxelChunk: GenerateAsync (2,-31,1)
[+01:27:33.710] VoxelMesh: Chunk X=2 Y=-31 Z=1 FlatVerts=1716 SlopeVerts=0
[+01:27:33.718] VoxelMesh: Chunk X=3 Y=-28 Z=-3 FlatVerts=36 SlopeVerts=852
[+01:27:33.718] VoxelChunk: GenerateAsync (0,-29,1)
[+01:27:33.720] VoxelMesh: Chunk X=3 Y=-29 Z=-3 FlatVerts=42 SlopeVerts=4290
[+01:27:33.720] VoxelMesh: Chunk X=0 Y=-29 Z=1 FlatVerts=1818 SlopeVerts=198
[+01:27:33.723] VoxelChunk: GenerateAsync (2,-24,0)
[+01:27:33.724] VoxelChunk: GenerateAsync (4,-32,0)
[+01:27:33.725] VoxelMesh: Chunk X=2 Y=-28 Z=-3 FlatVerts=0 SlopeVerts=1062
[+01:27:33.726] VoxelChunk: GenerateAsync (2,-25,1)
[+01:27:33.737] VoxelChunk: GenerateAsync (2,-32,0)
[+01:27:33.738] VoxelMesh: Chunk X=0 Y=-27 Z=-1 FlatVerts=492 SlopeVerts=4206
[+01:27:33.739] VoxelChunk: GenerateAsync (0,-27,1)
[+01:27:33.739] VoxelChunk: GenerateAsync (6,-29,1)
[+01:27:33.741] VoxelChunk: GenerateAsync (4,-31,1)
[+01:27:33.741] VoxelMesh: Chunk X=6 Y=-29 Z=1 FlatVerts=648 SlopeVerts=138
[+01:27:33.742] VoxelMesh: Chunk X=4 Y=-31 Z=1 FlatVerts=2196 SlopeVerts=324
[+01:27:33.750] VoxelMesh: Chunk X=4 Y=-25 Z=-1 FlatVerts=0 SlopeVerts=1812
[+01:27:33.751] VoxelChunk: GenerateAsync (6,-27,1)
[+01:27:33.751] VoxelChunk: GenerateAsync (4,-25,1)
[+01:27:33.751] VoxelMesh: Chunk X=6 Y=-27 Z=1 FlatVerts=1878 SlopeVerts=684
[+01:27:33.752] VoxelMesh: Chunk X=5 Y=-28 Z=-3 FlatVerts=0 SlopeVerts=0
[+01:27:33.752] VoxelChunk: GenerateAsync (0,-31,0)
[+01:27:33.752] VoxelMesh: Chunk X=4 Y=-25 Z=1 FlatVerts=72 SlopeVerts=570
[+01:27:33.752] VoxelChunk: GenerateAsync (6,-25,0)
[+01:27:33.762] VoxelMesh: Chunk X=3 Y=-26 Z=-3 FlatVerts=0 SlopeVerts=762
[+01:27:33.763] VoxelChunk: GenerateAsync (0,-25,0)
[+01:27:33.763] VoxelChunk: GenerateAsync (6,-31,0)
[+01:27:33.765] VoxelMesh: Chunk X=5 Y=-29 Z=-3 FlatVerts=0 SlopeVerts=2466
[+01:27:33.765] VoxelChunk: GenerateAsync (-1,-30,0)
[+01:27:33.765] VoxelMesh: Chunk X=4 Y=-30 Z=-3 FlatVerts=0 SlopeVerts=1788
[+01:27:33.766] VoxelChunk: GenerateAsync (1,-25,1)
[+01:27:33.775] VoxelChunk: GenerateAsync (1,-32,0)
[+01:27:33.776] VoxelMesh: Chunk X=1 Y=-27 Z=-3 FlatVerts=228 SlopeVerts=1272
[+01:27:33.776] VoxelChunk: GenerateAsync (7,-26,0)
[+01:27:33.777] VoxelMesh: Chunk X=0 Y=-29 Z=-1 FlatVerts=210 SlopeVerts=6402
[+01:27:33.778] VoxelChunk: GenerateAsync (1,-24,0)
[+01:27:33.779] VoxelMesh: Chunk X=2 Y=-30 Z=-3 FlatVerts=0 SlopeVerts=486
[+01:27:33.779] VoxelChunk: GenerateAsync (6,-26,1)
[+01:27:33.781] VoxelMesh: Chunk X=6 Y=-26 Z=1 FlatVerts=1038 SlopeVerts=1020
[+01:27:33.790] VoxelMesh: Chunk X=0 Y=0 Z=0 FlatVerts=42 SlopeVerts=16788
[+01:27:33.791] VoxelChunk: GenerateAsync (7,-30,0)
[+01:27:33.794] VoxelChunk: GenerateAsync (5,-25,1)
[+01:27:33.795] VoxelMesh: Chunk X=5 Y=-25 Z=1 FlatVerts=48 SlopeVerts=534
[+01:27:33.796] VoxelChunk: GenerateAsync (5,-24,0)
[+01:27:33.798] VoxelChunk: GenerateAsync (1,-28,2)
[+01:27:33.799] VoxelMesh: Chunk X=1 Y=-28 Z=2 FlatVerts=168 SlopeVerts=3828
[+01:27:33.811] VoxelMesh: Chunk X=0 Y=0 Z=0 FlatVerts=564 SlopeVerts=24576
[+01:27:33.813] VoxelChunk: GenerateAsync (-1,-26,0)
[+01:27:33.816] VoxelChunk: GenerateAsync (3,-30,2)
[+01:27:33.817] VoxelMesh: Chunk X=3 Y=-30 Z=2 FlatVerts=198 SlopeVerts=2046
[+01:27:33.818] VoxelChunk: GenerateAsync (3,-26,2)
[+01:27:33.820] VoxelMesh: Chunk X=3 Y=-26 Z=2 FlatVerts=96 SlopeVerts=3162
[+01:27:33.822] VoxelMesh: Chunk X=0 Y=0 Z=0 FlatVerts=114 SlopeVerts=6882
[+01:27:33.822] VoxelChunk: GenerateAsync (0,-26,1)
[+01:27:33.824] VoxelMesh: Chunk X=0 Y=-26 Z=1 FlatVerts=0 SlopeVerts=0
[+01:27:33.835] VoxelChunk: GenerateAsync (0,-30,1)
[+01:27:33.836] VoxelMesh: Chunk X=0 Y=-30 Z=1 FlatVerts=1740 SlopeVerts=0
[+01:27:33.839] VoxelMesh: Chunk X=0 Y=0 Z=0 FlatVerts=1242 SlopeVerts=10098
[+01:27:33.841] VoxelChunk: GenerateAsync (5,-32,0)
[+01:27:33.844] VoxelMesh: Chunk X=0 Y=0 Z=0 FlatVerts=0 SlopeVerts=1002
[+01:27:33.844] VoxelChunk: GenerateAsync (5,-28,2)
[+01:27:33.846] VoxelMesh: Chunk X=5 Y=-28 Z=2 FlatVerts=306 SlopeVerts=1008
[+01:27:33.847] VoxelMesh: Chunk X=0 Y=0 Z=0 FlatVerts=114 SlopeVerts=972
[+01:27:33.848] VoxelChunk: GenerateAsync (5,-31,1)
[+01:27:33.849] VoxelMesh: Chunk X=5 Y=-31 Z=1 FlatVerts=2340 SlopeVerts=252
[+01:27:33.861] VoxelMesh: Chunk X=0 Y=0 Z=0 FlatVerts=18 SlopeVerts=0
[+01:27:33.862] VoxelChunk: GenerateAsync (1,-31,1)
[+01:27:33.863] VoxelMesh: Chunk X=1 Y=-31 Z=1 FlatVerts=1734 SlopeVerts=0
[+01:27:33.864] VoxelMesh: Chunk X=0 Y=0 Z=0 FlatVerts=18 SlopeVerts=6054
[+01:27:33.865] VoxelChunk: GenerateAsync (6,-30,1)
[+01:27:33.867] VoxelMesh: Chunk X=6 Y=-30 Z=1 FlatVerts=2070 SlopeVerts=1194
[+01:27:33.868] VoxelChunk: GenerateAsync (2,-26,2)
[+01:27:33.869] VoxelMesh: Chunk X=2 Y=-26 Z=2 FlatVerts=96 SlopeVerts=2754
[+01:27:33.871] VoxelMesh: Chunk X=0 Y=0 Z=0 FlatVerts=0 SlopeVerts=702
[+01:27:33.871] VoxelChunk: GenerateAsync (5,-27,2)
[+01:27:33.872] VoxelMesh: Chunk X=5 Y=-27 Z=2 FlatVerts=336 SlopeVerts=1848
[+01:27:33.884] VoxelChunk: GenerateAsync (2,-30,2)
[+01:27:33.885] VoxelMesh: Chunk X=2 Y=-30 Z=2 FlatVerts=0 SlopeVerts=0
[+01:27:33.886] VoxelChunk: GenerateAsync (4,-26,2)
[+01:27:33.888] VoxelMesh: Chunk X=4 Y=-26 Z=2 FlatVerts=48 SlopeVerts=546
[+01:27:33.889] VoxelChunk: GenerateAsync (1,-27,2)
[+01:27:33.890] VoxelMesh: Chunk X=1 Y=-27 Z=2 FlatVerts=84 SlopeVerts=1848
[+01:27:33.891] VoxelChunk: GenerateAsync (1,-29,2)
[+01:27:33.892] VoxelMesh: Chunk X=1 Y=-29 Z=2 FlatVerts=0 SlopeVerts=0
[+01:27:33.915] VoxelWater: Chunk X=4 Y=-25 Z=1 emitted 20 procedural water vertices (Ocean/Pools)
[+01:27:33.915] VoxelWater: Chunk X=6 Y=-27 Z=1 emitted 56 procedural water vertices (Ocean/Pools)
[+01:27:33.915] VoxelWater: Chunk X=4 Y=-31 Z=1 emitted 12 procedural water vertices (Ocean/Pools)
[+01:27:33.915] VoxelWater: Chunk X=2 Y=-28 Z=1 emitted 96 procedural water vertices (Ocean/Pools)
[+01:27:33.915] VoxelWater: Chunk X=2 Y=-28 Z=2 emitted 268 procedural water vertices (Ocean/Pools)
[+01:27:33.915] VoxelWater: Chunk X=3 Y=-28 Z=2 emitted 240 procedural water vertices (Ocean/Pools)
[+01:27:33.915] VoxelWater: Chunk X=2 Y=-27 Z=2 emitted 188 procedural water vertices (Ocean/Pools)
[+01:27:33.915] VoxelWater: Chunk X=2 Y=-27 Z=3 emitted 148 procedural water vertices (Ocean/Pools)
[+01:27:33.915] VoxelWater: Chunk X=3 Y=-27 Z=3 emitted 124 procedural water vertices (Ocean/Pools)
[+01:27:33.915] VoxelWater: Chunk X=3 Y=-27 Z=2 emitted 424 procedural water vertices (Ocean/Pools)
[+01:27:33.915] VoxelWater: Chunk X=3 Y=-29 Z=1 emitted 120 procedural water vertices (Ocean/Pools)
[+01:27:33.915] VoxelWater: Chunk X=3 Y=-29 Z=2 emitted 12 procedural water vertices (Ocean/Pools)
[+01:27:33.915] VoxelWater: Chunk X=0 Y=-29 Z=1 emitted 8 procedural water vertices (Ocean/Pools)
[+01:27:33.915] VoxelWater: Chunk X=1 Y=-29 Z=1 emitted 8 procedural water vertices (Ocean/Pools)
[+01:27:33.915] VoxelWater: Chunk X=3 Y=-28 Z=1 emitted 88 procedural water vertices (Ocean/Pools)
[+01:27:33.915] VoxelWater: Chunk X=2 Y=-31 Z=1 emitted 12 procedural water vertices (Ocean/Pools)
[+01:27:33.915] VoxelWater: Chunk X=3 Y=-27 Z=1 emitted 16 procedural water vertices (Ocean/Pools)
[+01:27:33.915] VoxelWater: Chunk X=4 Y=-27 Z=2 emitted 132 procedural water vertices (Ocean/Pools)
[+01:27:33.915] VoxelWater: Chunk X=4 Y=-29 Z=1 emitted 68 procedural water vertices (Ocean/Pools)
[+01:27:33.916] VoxelWater: Chunk X=4 Y=-29 Z=2 emitted 36 procedural water vertices (Ocean/Pools)
[+01:27:33.916] VoxelWater: Chunk X=4 Y=-28 Z=1 emitted 76 procedural water vertices (Ocean/Pools)
[+01:27:33.916] VoxelWater: Chunk X=4 Y=-28 Z=2 emitted 92 procedural water vertices (Ocean/Pools)
[+01:27:33.916] VoxelWater: Chunk X=5 Y=-28 Z=2 emitted 32 procedural water vertices (Ocean/Pools)
[+01:27:33.916] VoxelWater: Chunk X=4 Y=-27 Z=1 emitted 84 procedural water vertices (Ocean/Pools)
[+01:27:33.916] VoxelWater: Chunk X=6 Y=-28 Z=1 emitted 32 procedural water vertices (Ocean/Pools)
[+01:27:33.916] VoxelWater: Chunk X=5 Y=-26 Z=1 emitted 56 procedural water vertices (Ocean/Pools)
[+01:27:33.916] VoxelWater: Chunk X=6 Y=-26 Z=1 emitted 4 procedural water vertices (Ocean/Pools)
[+01:27:33.916] VoxelWater: Chunk X=1 Y=-30 Z=1 emitted 8 procedural water vertices (Ocean/Pools)
[+01:27:33.916] VoxelWater: Chunk X=2 Y=-30 Z=1 emitted 12 procedural water vertices (Ocean/Pools)
[+01:27:33.916] VoxelWater: Chunk X=5 Y=-30 Z=1 emitted 12 procedural water vertices (Ocean/Pools)
[+01:27:33.916] VoxelWater: Chunk X=5 Y=-29 Z=1 emitted 4 procedural water vertices (Ocean/Pools)
[+01:27:33.916] VoxelWater: Chunk X=4 Y=-26 Z=1 emitted 100 procedural water vertices (Ocean/Pools)
[+01:27:33.916] VoxelWater: Chunk X=3 Y=-30 Z=1 emitted 16 procedural water vertices (Ocean/Pools)
[+01:27:33.916] VoxelWater: Chunk X=3 Y=-26 Z=1 emitted 16 procedural water vertices (Ocean/Pools)
[+01:27:33.916] VoxelWater: Chunk X=1 Y=-28 Z=1 emitted 16 procedural water vertices (Ocean/Pools)
[+01:27:33.916] VoxelWater: Chunk X=5 Y=-28 Z=1 emitted 28 procedural water vertices (Ocean/Pools)
[+01:27:33.916] VoxelWater: Chunk X=2 Y=-29 Z=1 emitted 84 procedural water vertices (Ocean/Pools)
[+01:27:33.916] VoxelWater: Chunk X=1 Y=-28 Z=2 emitted 64 procedural water vertices (Ocean/Pools)
[+01:27:33.916] VoxelWater: Chunk X=3 Y=-30 Z=2 emitted 8 procedural water vertices (Ocean/Pools)
[+01:27:33.916] VoxelWater: Chunk X=3 Y=-26 Z=2 emitted 48 procedural water vertices (Ocean/Pools)
[+01:27:33.916] VoxelWater: Chunk X=5 Y=-31 Z=1 emitted 44 procedural water vertices (Ocean/Pools)
[+01:27:33.916] VoxelWater: Chunk X=6 Y=-30 Z=1 emitted 56 procedural water vertices (Ocean/Pools)
[+01:27:33.916] VoxelWater: Chunk X=6 Y=-29 Z=1 emitted 4 procedural water vertices (Ocean/Pools)
[+01:27:33.916] VoxelWater: Chunk X=2 Y=-26 Z=2 emitted 44 procedural water vertices (Ocean/Pools)
[+01:27:33.916] VoxelWater: Chunk X=5 Y=-27 Z=1 emitted 16 procedural water vertices (Ocean/Pools)
[+01:27:33.916] VoxelWater: Chunk X=5 Y=-27 Z=2 emitted 32 procedural water vertices (Ocean/Pools)
[+01:27:33.916] VoxelWater: Chunk X=1 Y=-27 Z=2 emitted 20 procedural water vertices (Ocean/Pools)
[+01:27:33.930] VoxelChunk: GenerateAsync (4,-30,2)
[+01:27:33.932] VoxelMesh: Chunk X=4 Y=-30 Z=2 FlatVerts=558 SlopeVerts=2754
[+01:27:33.933] VoxelMesh: Chunk X=0 Y=0 Z=0 FlatVerts=0 SlopeVerts=300
[+01:27:33.933] VoxelChunk: GenerateAsync (5,-29,2)
[+01:27:33.935] VoxelMesh: Chunk X=5 Y=-29 Z=2 FlatVerts=6 SlopeVerts=54
[+01:27:33.937] VoxelMesh: Chunk X=0 Y=0 Z=0 FlatVerts=2160 SlopeVerts=2334
[+01:27:33.938] VoxelChunk: GenerateAsync (3,-32,1)
[+01:27:33.939] VoxelMesh: Chunk X=3 Y=-32 Z=1 FlatVerts=690 SlopeVerts=1380
[+01:27:33.944] VoxelMesh: Chunk X=0 Y=0 Z=0 FlatVerts=144 SlopeVerts=33432
[+01:27:33.947] VoxelChunk: GenerateAsync (7,-28,1)
[+01:27:33.948] VoxelMesh: Chunk X=7 Y=-28 Z=1 FlatVerts=2442 SlopeVerts=36
[+01:27:33.965] VoxelChunk: GenerateAsync (3,-24,1)
[+01:27:33.966] VoxelMesh: Chunk X=3 Y=-24 Z=1 FlatVerts=0 SlopeVerts=0
[+01:27:33.967] VoxelChunk: GenerateAsync (-1,-28,1)
[+01:27:33.969] VoxelMesh: Chunk X=-1 Y=-28 Z=1 FlatVerts=0 SlopeVerts=0
[+01:27:33.974] VoxelMesh: Chunk X=0 Y=0 Z=0 FlatVerts=132 SlopeVerts=34620
[+01:27:33.976] VoxelChunk: GenerateAsync (7,-29,1)
[+01:27:33.979] VoxelMesh: Chunk X=7 Y=-29 Z=1 FlatVerts=2640 SlopeVerts=150
[+01:27:33.979] VoxelChunk: GenerateAsync (4,-24,1)
[+01:27:33.980] VoxelMesh: Chunk X=4 Y=-24 Z=1 FlatVerts=78 SlopeVerts=402
[+01:27:33.994] VoxelMesh: Chunk X=0 Y=0 Z=0 FlatVerts=0 SlopeVerts=48
[+01:27:33.995] VoxelChunk: GenerateAsync (2,-24,1)
[+01:27:33.996] VoxelMesh: Chunk X=2 Y=-24 Z=1 FlatVerts=72 SlopeVerts=480
[+01:27:33.998] VoxelMesh: Chunk X=0 Y=0 Z=0 FlatVerts=18 SlopeVerts=834
[+01:27:33.998] VoxelChunk: GenerateAsync (-1,-27,1)
[+01:27:33.999] VoxelMesh: Chunk X=-1 Y=-27 Z=1 FlatVerts=18 SlopeVerts=282
[+01:27:34.001] VoxelMesh: Chunk X=0 Y=0 Z=0 FlatVerts=84 SlopeVerts=9486
[+01:27:34.002] VoxelChunk: GenerateAsync (7,-27,1)
[+01:27:34.004] VoxelMesh: Chunk X=7 Y=-27 Z=1 FlatVerts=2034 SlopeVerts=0
[+01:27:34.006] VoxelMesh: Chunk X=0 Y=0 Z=0 FlatVerts=414 SlopeVerts=240
[+01:27:34.007] VoxelChunk: GenerateAsync (2,-32,1)
[+01:27:34.008] VoxelMesh: Chunk X=2 Y=-32 Z=1 FlatVerts=1728 SlopeVerts=0
[+01:27:34.019] VoxelChunk: GenerateAsync (6,-26,1)
[+01:27:34.019] VoxelChunk: GenerateAsync (0,-29,-5)
[+01:27:34.019] VoxelChunk: GenerateAsync (4,-27,0)
[+01:27:34.019] VoxelChunk: GenerateAsync (1,-24,0)
[+01:27:34.019] VoxelChunk: GenerateAsync (7,-26,0)
[+01:27:34.019] VoxelChunk: GenerateAsync (1,-32,0)
[+01:27:34.019] VoxelChunk: GenerateAsync (1,-25,1)
[+01:27:34.019] VoxelChunk: GenerateAsync (-1,-30,0)
[+01:27:34.019] VoxelChunk: GenerateAsync (1,-29,0)
[+01:27:34.019] VoxelChunk: GenerateAsync (6,-31,0)
[+01:27:34.019] VoxelChunk: GenerateAsync (0,-25,0)
[+01:27:34.019] VoxelChunk: GenerateAsync (6,-25,0)
[+01:27:34.019] VoxelChunk: GenerateAsync (0,-31,0)
[+01:27:34.019] VoxelChunk: GenerateAsync (4,-25,1)
[+01:27:34.019] VoxelChunk: GenerateAsync (4,-31,-5)
[+01:27:34.019] VoxelChunk: GenerateAsync (6,-27,1)
[+01:27:34.019] VoxelChunk: GenerateAsync (2,-29,0)
[+01:27:34.019] VoxelChunk: GenerateAsync (4,-29,0)
[+01:27:34.019] VoxelChunk: GenerateAsync (4,-31,1)
[+01:27:34.019] VoxelChunk: GenerateAsync (1,-27,0)
[+01:27:34.019] VoxelChunk: GenerateAsync (6,-29,1)
[+01:27:34.019] VoxelChunk: GenerateAsync (2,-30,0)
[+01:27:34.019] VoxelChunk: GenerateAsync (0,-27,1)
[+01:27:34.019] VoxelChunk: GenerateAsync (4,-30,0)
[+01:27:34.019] VoxelMesh: Chunk X=6 Y=-26 Z=1 FlatVerts=96 SlopeVerts=36
[+01:27:34.019] VoxelChunk: GenerateAsync (2,-32,0)
[+01:27:34.019] VoxelChunk: GenerateAsync (2,-25,1)
[+01:27:34.019] VoxelChunk: GenerateAsync (4,-32,0)
[+01:27:34.019] VoxelChunk: GenerateAsync (2,-24,0)
[+01:27:34.019] VoxelChunk: GenerateAsync (0,-29,1)
[+01:27:34.019] VoxelChunk: GenerateAsync (2,-31,1)
[+01:27:34.019] VoxelChunk: GenerateAsync (-1,-29,0)
[+01:27:34.019] VoxelChunk: GenerateAsync (7,-29,0)
[+01:27:34.019] VoxelChunk: GenerateAsync (4,-24,0)
[+01:27:34.019] VoxelChunk: GenerateAsync (3,-29,0)
[+01:27:34.019] VoxelChunk: GenerateAsync (-1,-27,0)
[+01:27:34.019] VoxelChunk: GenerateAsync (7,-27,0)
[+01:27:34.019] VoxelChunk: GenerateAsync (3,-24,0)
[+01:27:34.019] VoxelChunk: GenerateAsync (3,-25,1)
[+01:27:34.019] VoxelChunk: GenerateAsync (3,-32,0)
[+01:27:34.019] VoxelChunk: GenerateAsync (3,-31,1)
[+01:27:34.019] VoxelChunk: GenerateAsync (4,-28,0)
[+01:27:34.019] VoxelChunk: GenerateAsync (6,-28,1)
[+01:27:34.019] VoxelChunk: GenerateAsync (-1,-28,0)
[+01:27:34.019] VoxelChunk: GenerateAsync (6,-29,-5)
[+01:27:34.019] VoxelChunk: GenerateAsync (2,-31,-5)
[+01:27:34.019] VoxelChunk: GenerateAsync (2,-26,0)
[+01:27:34.019] VoxelChunk: GenerateAsync (0,-28,1)
[+01:27:34.019] VoxelChunk: GenerateAsync (7,-28,0)
[+01:27:34.019] VoxelChunk: GenerateAsync (1,-26,1)
[+01:27:34.019] VoxelChunk: GenerateAsync (5,-26,1)
[+01:27:34.020] VoxelChunk: GenerateAsync (1,-30,1)
[+01:27:34.020] VoxelChunk: GenerateAsync (5,-30,1)
[+01:27:34.020] VoxelChunk: GenerateAsync (0,-25,-5)
[+01:27:34.020] VoxelChunk: GenerateAsync (6,-31,-5)
[+01:27:34.020] VoxelChunk: GenerateAsync (0,-26,0)
[+01:27:34.020] VoxelChunk: GenerateAsync (6,-25,-5)
[+01:27:34.020] VoxelChunk: GenerateAsync (5,-25,0)
[+01:27:34.020] VoxelChunk: GenerateAsync (1,-31,0)
[+01:27:34.020] VoxelChunk: GenerateAsync (5,-31,0)
[+01:27:34.020] VoxelChunk: GenerateAsync (1,-25,0)
[+01:27:34.020] VoxelChunk: GenerateAsync (6,-27,-5)
[+01:27:34.020] VoxelChunk: GenerateAsync (4,-25,-5)
[+01:27:34.020] VoxelChunk: GenerateAsync (5,-27,0)
[+01:27:34.020] VoxelChunk: GenerateAsync (0,-31,-5)
[+01:27:34.020] VoxelChunk: GenerateAsync (5,-30,-5)
[+01:27:34.020] VoxelChunk: GenerateAsync (6,-26,0)
[+01:27:34.020] VoxelChunk: GenerateAsync (0,-30,0)
[+01:27:34.020] VoxelChunk: GenerateAsync (5,-26,-5)
[+01:27:34.020] VoxelChunk: GenerateAsync (6,-30,0)
[+01:27:34.020] VoxelChunk: GenerateAsync (2,-30,1)
[+01:27:34.020] VoxelChunk: GenerateAsync (3,-30,0)
[+01:27:34.020] VoxelChunk: GenerateAsync (3,-26,0)
[+01:27:34.020] VoxelChunk: GenerateAsync (1,-28,0)
[+01:27:34.020] VoxelChunk: GenerateAsync (4,-30,1)
[+01:27:34.020] VoxelChunk: GenerateAsync (3,-31,-5)
[+01:27:34.020] VoxelChunk: GenerateAsync (5,-28,0)
[+01:27:34.020] VoxelChunk: GenerateAsync (5,-29,1)
[+01:27:34.020] VoxelChunk: GenerateAsync (6,-28,-5)
[+01:27:34.020] VoxelChunk: GenerateAsync (5,-27,1)
[+01:27:34.020] VoxelChunk: GenerateAsync (2,-26,1)
[+01:27:34.020] VoxelChunk: GenerateAsync (1,-29,1)
[+01:27:34.020] VoxelChunk: GenerateAsync (4,-26,1)
[+01:27:34.020] VoxelChunk: GenerateAsync (4,-26,0)
[+01:27:34.020] VoxelChunk: GenerateAsync (5,-29,0)
[+01:27:34.020] VoxelChunk: GenerateAsync (1,-27,1)
[+01:27:34.020] VoxelChunk: GenerateAsync (3,-30,1)
[+01:27:34.020] VoxelMesh: Chunk X=1 Y=-25 Z=1 FlatVerts=0 SlopeVerts=0
[+01:27:34.020] VoxelChunk: GenerateAsync (3,-28,1)
[+01:27:34.020] VoxelMesh: Chunk X=6 Y=-31 Z=0 FlatVerts=72 SlopeVerts=0
[+01:27:34.020] VoxelChunk: GenerateAsync (3,-26,1)
[+01:27:34.020] VoxelChunk: GenerateAsync (1,-28,1)
[+01:27:34.020] VoxelChunk: GenerateAsync (1,-26,0)
[+01:27:34.020] VoxelChunk: GenerateAsync (5,-30,0)
[+01:27:34.020] VoxelChunk: GenerateAsync (4,-28,1)
[+01:27:34.020] VoxelChunk: GenerateAsync (2,-28,1)
[+01:27:34.020] VoxelChunk: GenerateAsync (5,-28,1)
[+01:27:34.020] VoxelChunk: GenerateAsync (5,-26,0)
[+01:27:34.020] VoxelChunk: GenerateAsync (1,-30,0)
[+01:27:34.020] VoxelChunk: GenerateAsync (3,-27,1)
[+01:27:34.020] VoxelChunk: GenerateAsync (4,-25,0)
[+01:27:34.020] VoxelChunk: GenerateAsync (6,-27,0)
[+01:27:34.020] VoxelChunk: GenerateAsync (0,-26,-5)
[+01:27:34.020] VoxelChunk: GenerateAsync (0,-30,-5)
[+01:27:34.020] VoxelChunk: GenerateAsync (3,-29,1)
[+01:27:34.020] VoxelChunk: GenerateAsync (1,-25,-5)
[+01:27:34.020] VoxelChunk: GenerateAsync (0,-28,0)
[+01:27:34.020] VoxelChunk: GenerateAsync (3,-31,0)
[+01:27:34.020] VoxelChunk: GenerateAsync (4,-27,1)
[+01:27:34.020] VoxelChunk: GenerateAsync (6,-28,0)
[+01:27:34.020] VoxelChunk: GenerateAsync (0,-29,0)
[+01:27:34.020] VoxelChunk: GenerateAsync (2,-27,1)
[+01:27:34.020] VoxelChunk: GenerateAsync (2,-29,1)
[+01:27:34.020] VoxelChunk: GenerateAsync (3,-25,0)
[+01:27:34.020] VoxelChunk: GenerateAsync (2,-31,0)
[+01:27:34.020] VoxelChunk: GenerateAsync (4,-31,0)
[+01:27:34.020] VoxelChunk: GenerateAsync (2,-25,0)
[+01:27:34.020] VoxelChunk: GenerateAsync (0,-27,0)
[+01:27:34.020] VoxelChunk: GenerateAsync (6,-29,0)
[+01:27:34.020] VoxelChunk: GenerateAsync (7,-30,0)
[+01:27:34.020] VoxelChunk: GenerateAsync (5,-25,1)
[+01:27:34.020] VoxelChunk: GenerateAsync (5,-24,0)
[+01:27:34.020] VoxelChunk: GenerateAsync (1,-28,2)
[+01:27:34.020] VoxelChunk: GenerateAsync (-1,-26,0)
[+01:27:34.020] VoxelChunk: GenerateAsync (3,-30,2)
[+01:27:34.020] VoxelChunk: GenerateAsync (3,-26,2)
[+01:27:34.020] VoxelChunk: GenerateAsync (0,-26,1)
[+01:27:34.021] VoxelChunk: GenerateAsync (0,-30,1)
[+01:27:34.021] VoxelMesh: Chunk X=6 Y=-27 Z=1 FlatVerts=156 SlopeVerts=0
[+01:27:34.021] VoxelChunk: GenerateAsync (5,-32,0)
[+01:27:34.021] VoxelChunk: GenerateAsync (5,-28,2)
[+01:27:34.021] VoxelChunk: GenerateAsync (5,-31,1)
[+01:27:34.021] VoxelChunk: GenerateAsync (1,-31,1)
[+01:27:34.021] VoxelMesh: Chunk X=4 Y=-25 Z=1 FlatVerts=6 SlopeVerts=30
[+01:27:34.021] VoxelChunk: GenerateAsync (6,-30,1)
[+01:27:34.021] VoxelChunk: GenerateAsync (2,-26,2)
[+01:27:34.021] VoxelMesh: Chunk X=6 Y=-29 Z=1 FlatVerts=198 SlopeVerts=0
[+01:27:34.021] VoxelChunk: GenerateAsync (5,-27,2)
[+01:27:34.021] VoxelChunk: GenerateAsync (2,-30,2)
[+01:27:34.021] VoxelChunk: GenerateAsync (4,-26,2)
[+01:27:34.021] VoxelChunk: GenerateAsync (1,-27,2)
[+01:27:34.021] VoxelChunk: GenerateAsync (1,-29,2)
[+01:27:34.021] VoxelMesh: Chunk X=4 Y=-31 Z=1 FlatVerts=132 SlopeVerts=12
[+01:27:34.021] VoxelChunk: GenerateAsync (4,-30,2)
[+01:27:34.021] VoxelChunk: GenerateAsync (5,-29,2)
[+01:27:34.021] VoxelChunk: GenerateAsync (3,-32,1)
[+01:27:34.021] VoxelMesh: Chunk X=0 Y=-27 Z=1 FlatVerts=0 SlopeVerts=0
[+01:27:34.022] VoxelChunk: GenerateAsync (7,-28,1)
[+01:27:34.022] VoxelChunk: GenerateAsync (3,-24,1)
[+01:27:34.022] VoxelChunk: GenerateAsync (-1,-28,1)
[+01:27:34.022] VoxelChunk: GenerateAsync (7,-29,1)
[+01:27:34.022] VoxelChunk: GenerateAsync (4,-24,1)
[+01:27:34.022] VoxelChunk: GenerateAsync (2,-24,1)
[+01:27:34.022] VoxelChunk: GenerateAsync (-1,-27,1)
[+01:27:34.022] VoxelChunk: GenerateAsync (7,-27,1)
[+01:27:34.022] VoxelChunk: GenerateAsync (2,-32,1)
[+01:27:34.022] VoxelMesh: Chunk X=2 Y=-31 Z=1 FlatVerts=96 SlopeVerts=0
[+01:27:34.022] VoxelMesh: Chunk X=0 Y=-29 Z=1 FlatVerts=96 SlopeVerts=6
[+01:27:34.022] VoxelMesh: Chunk X=7 Y=-29 Z=0 FlatVerts=0 SlopeVerts=0
[+01:27:34.023] VoxelMesh: Chunk X=3 Y=-31 Z=1 FlatVerts=90 SlopeVerts=6
[+01:27:34.023] VoxelMesh: Chunk X=3 Y=-25 Z=1 FlatVerts=0 SlopeVerts=0
[+01:27:34.023] VoxelMesh: Chunk X=6 Y=-28 Z=1 FlatVerts=168 SlopeVerts=0
[+01:27:34.024] VoxelMesh: Chunk X=0 Y=-28 Z=1 FlatVerts=12 SlopeVerts=60
[+01:27:34.024] VoxelMesh: Chunk X=5 Y=-26 Z=1 FlatVerts=180 SlopeVerts=12
[+01:27:34.024] VoxelMesh: Chunk X=1 Y=-30 Z=1 FlatVerts=96 SlopeVerts=0
[+01:27:34.024] VoxelChunk: GenerateAsync (1,-30,2)
[+01:27:34.024] VoxelMesh: Chunk X=5 Y=-30 Z=1 FlatVerts=156 SlopeVerts=18
[+01:27:34.025] VoxelMesh: Chunk X=5 Y=-31 Z=0 FlatVerts=6 SlopeVerts=0
[+01:27:34.026] VoxelChunk: GenerateAsync (5,-30,2)
[+01:27:34.027] VoxelMesh: Chunk X=2 Y=-30 Z=1 FlatVerts=108 SlopeVerts=0
[+01:27:34.027] VoxelMesh: Chunk X=6 Y=-30 Z=0 FlatVerts=0 SlopeVerts=0
[+01:27:34.027] VoxelChunk: GenerateAsync (4,-32,1)
[+01:27:34.028] VoxelMesh: Chunk X=4 Y=-30 Z=1 FlatVerts=90 SlopeVerts=12
[+01:27:34.028] VoxelMesh: Chunk X=5 Y=-29 Z=1 FlatVerts=168 SlopeVerts=0
[+01:27:34.028] VoxelMesh: Chunk X=5 Y=-27 Z=1 FlatVerts=108 SlopeVerts=0
[+01:27:34.028] VoxelMesh: Chunk X=1 Y=-29 Z=1 FlatVerts=114 SlopeVerts=0
[+01:27:34.029] VoxelMesh: Chunk X=2 Y=-26 Z=1 FlatVerts=0 SlopeVerts=6
[+01:27:34.029] VoxelMesh: Chunk X=4 Y=-26 Z=1 FlatVerts=120 SlopeVerts=12
[+01:27:34.029] VoxelMesh: Chunk X=0 Y=-31 Z=-2 FlatVerts=0 SlopeVerts=120
[+01:27:34.029] VoxelMesh: Chunk X=3 Y=-30 Z=1 FlatVerts=132 SlopeVerts=0
[+01:27:34.029] VoxelMesh: Chunk X=3 Y=-28 Z=1 FlatVerts=36 SlopeVerts=12
[+01:27:34.029] VoxelMesh: Chunk X=1 Y=-27 Z=1 FlatVerts=0 SlopeVerts=0
[+01:27:34.029] VoxelChunk: GenerateAsync (1,-26,2)
[+01:27:34.029] VoxelMesh: Chunk X=1 Y=-28 Z=1 FlatVerts=84 SlopeVerts=18
[+01:27:34.029] VoxelMesh: Chunk X=3 Y=-26 Z=1 FlatVerts=6 SlopeVerts=24
[+01:27:34.030] VoxelMesh: Chunk X=4 Y=-28 Z=1 FlatVerts=72 SlopeVerts=0
[+01:27:34.030] VoxelMesh: Chunk X=2 Y=-28 Z=1 FlatVerts=36 SlopeVerts=0
[+01:27:34.030] VoxelMesh: Chunk X=5 Y=-28 Z=1 FlatVerts=102 SlopeVerts=0
[+01:27:34.030] VoxelMesh: Chunk X=3 Y=-27 Z=1 FlatVerts=0 SlopeVerts=0
[+01:27:34.030] VoxelMesh: Chunk X=3 Y=-29 Z=1 FlatVerts=156 SlopeVerts=0
[+01:27:34.030] VoxelMesh: Chunk X=4 Y=-27 Z=1 FlatVerts=6 SlopeVerts=36
[+01:27:34.031] VoxelMesh: Chunk X=2 Y=-29 Z=1 FlatVerts=150 SlopeVerts=0
[+01:27:34.031] VoxelMesh: Chunk X=2 Y=-27 Z=1 FlatVerts=0 SlopeVerts=0
[+01:27:34.032] VoxelMesh: Chunk X=7 Y=-30 Z=0 FlatVerts=24 SlopeVerts=0
[+01:27:34.032] VoxelMesh: Chunk X=5 Y=-25 Z=1 FlatVerts=24 SlopeVerts=30
[+01:27:34.032] VoxelMesh: Chunk X=1 Y=-28 Z=2 FlatVerts=60 SlopeVerts=132
[+01:27:34.032] VoxelMesh: Chunk X=3 Y=-30 Z=2 FlatVerts=30 SlopeVerts=48
[+01:27:34.032] VoxelMesh: Chunk X=0 Y=-30 Z=1 FlatVerts=114 SlopeVerts=0
[+01:27:34.032] VoxelMesh: Chunk X=5 Y=-28 Z=2 FlatVerts=66 SlopeVerts=0
[+01:27:34.032] VoxelMesh: Chunk X=3 Y=-26 Z=2 FlatVerts=0 SlopeVerts=216
[+01:27:34.032] VoxelMesh: Chunk X=5 Y=-31 Z=1 FlatVerts=150 SlopeVerts=0
[+01:27:34.032] VoxelMesh: Chunk X=0 Y=-26 Z=1 FlatVerts=0 SlopeVerts=0
[+01:27:34.032] VoxelMesh: Chunk X=5 Y=-32 Z=0 FlatVerts=0 SlopeVerts=0
[+01:27:34.033] VoxelMesh: Chunk X=1 Y=-31 Z=1 FlatVerts=96 SlopeVerts=0
[+01:27:34.033] VoxelMesh: Chunk X=6 Y=-30 Z=1 FlatVerts=126 SlopeVerts=0
[+01:27:34.033] VoxelMesh: Chunk X=5 Y=-27 Z=2 FlatVerts=114 SlopeVerts=30
[+01:27:34.033] VoxelMesh: Chunk X=2 Y=-30 Z=2 FlatVerts=0 SlopeVerts=0
[+01:27:34.033] VoxelMesh: Chunk X=4 Y=-26 Z=2 FlatVerts=24 SlopeVerts=18
[+01:27:34.033] VoxelMesh: Chunk X=2 Y=-26 Z=2 FlatVerts=0 SlopeVerts=132
[+01:27:34.033] VoxelMesh: Chunk X=1 Y=-29 Z=2 FlatVerts=0 SlopeVerts=0
[+01:27:34.033] VoxelMesh: Chunk X=1 Y=-27 Z=2 FlatVerts=12 SlopeVerts=102
[+01:27:34.033] VoxelMesh: Chunk X=4 Y=-30 Z=2 FlatVerts=102 SlopeVerts=60
[+01:27:34.033] VoxelMesh: Chunk X=7 Y=-28 Z=1 FlatVerts=138 SlopeVerts=0
[+01:27:34.033] VoxelMesh: Chunk X=5 Y=-29 Z=2 FlatVerts=18 SlopeVerts=0
[+01:27:34.033] VoxelMesh: Chunk X=3 Y=-32 Z=1 FlatVerts=78 SlopeVerts=36
[+01:27:34.033] VoxelMesh: Chunk X=7 Y=-29 Z=1 FlatVerts=162 SlopeVerts=0
[+01:27:34.034] VoxelMesh: Chunk X=3 Y=-24 Z=1 FlatVerts=0 SlopeVerts=0
[+01:27:34.034] VoxelMesh: Chunk X=-1 Y=-28 Z=1 FlatVerts=0 SlopeVerts=0
[+01:27:34.034] VoxelMesh: Chunk X=4 Y=-24 Z=1 FlatVerts=0 SlopeVerts=12
[+01:27:34.034] VoxelMesh: Chunk X=7 Y=-27 Z=1 FlatVerts=114 SlopeVerts=0
[+01:27:34.034] VoxelMesh: Chunk X=2 Y=-32 Z=1 FlatVerts=96 SlopeVerts=0
[+01:27:34.034] VoxelMesh: Chunk X=2 Y=-24 Z=1 FlatVerts=0 SlopeVerts=36
[+01:27:34.034] VoxelMesh: Chunk X=-1 Y=-27 Z=1 FlatVerts=0 SlopeVerts=18
[+01:27:34.035] VoxelMesh: Chunk X=5 Y=-30 Z=2 FlatVerts=198 SlopeVerts=582
[+01:27:34.037] VoxelMesh: Chunk X=4 Y=-32 Z=1 FlatVerts=486 SlopeVerts=1872
[+01:27:34.037] VoxelMesh: Chunk X=1 Y=-26 Z=2 FlatVerts=0 SlopeVerts=0
[+01:27:34.050] VoxelMesh: Chunk X=6 Y=-25 Z=-4 FlatVerts=288 SlopeVerts=2106
[+01:27:34.050] VoxelChunk: GenerateAsync (-1,-29,1)
[+01:27:34.051] VoxelChunk: GenerateAsync (5,-26,2)
[+01:27:34.052] VoxelMesh: Chunk X=-1 Y=-29 Z=1 FlatVerts=1092 SlopeVerts=936
[+01:27:34.052] VoxelChunk: GenerateAsync (-1,-31,0)
[+01:27:34.052] VoxelMesh: Chunk X=5 Y=-26 Z=2 FlatVerts=0 SlopeVerts=486
[+01:27:34.053] VoxelChunk: GenerateAsync (7,-31,0)
[+01:27:34.054] VoxelMesh: Chunk X=7 Y=-31 Z=0 FlatVerts=60 SlopeVerts=12
[+01:27:34.063] VoxelMesh: Chunk X=2 Y=-30 Z=-4 FlatVerts=12 SlopeVerts=72
[+01:27:34.063] VoxelChunk: GenerateAsync (3,-23,0)
[+01:27:34.064] VoxelMesh: Chunk X=4 Y=-30 Z=-4 FlatVerts=0 SlopeVerts=2670
[+01:27:34.064] VoxelChunk: GenerateAsync (-2,-28,0)
[+01:27:34.065] VoxelChunk: GenerateAsync (0,-32,0)
[+01:27:34.066] VoxelChunk: GenerateAsync (0,-31,1)
[+01:27:34.068] VoxelMesh: Chunk X=0 Y=-31 Z=1 FlatVerts=1620 SlopeVerts=0
[+01:27:34.076] VoxelChunk: GenerateAsync (-1,-25,0)
[+01:27:34.076] VoxelChunk: GenerateAsync (3,-33,0)
[+01:27:34.077] VoxelChunk: GenerateAsync (7,-25,0)
[+01:27:34.078] VoxelChunk: GenerateAsync (6,-31,1)
[+01:27:34.080] VoxelMesh: Chunk X=6 Y=-31 Z=1 FlatVerts=2172 SlopeVerts=0
[+01:27:34.088] VoxelChunk: GenerateAsync (6,-32,0)
[+01:27:34.089] VoxelMesh: Chunk X=1 Y=-27 Z=-4 FlatVerts=36 SlopeVerts=2088
[+01:27:34.089] VoxelChunk: GenerateAsync (0,-24,0)
[+01:27:34.090] VoxelChunk: GenerateAsync (6,-24,0)
[+01:27:34.091] VoxelChunk: GenerateAsync (8,-28,0)
[+01:27:34.111] VoxelWater: Chunk X=4 Y=-25 Z=1 emitted 36 procedural water vertices (Ocean/Pools)
[+01:27:34.111] VoxelWater: Chunk X=5 Y=-25 Z=1 emitted 4 procedural water vertices (Ocean/Pools)
[+01:27:34.111] VoxelWater: Chunk X=6 Y=-27 Z=1 emitted 100 procedural water vertices (Ocean/Pools)
[+01:27:34.111] VoxelWater: Chunk X=4 Y=-31 Z=1 emitted 24 procedural water vertices (Ocean/Pools)
[+01:27:34.111] VoxelWater: Chunk X=6 Y=-29 Z=1 emitted 4 procedural water vertices (Ocean/Pools)
[+01:27:34.111] VoxelWater: Chunk X=2 Y=-28 Z=1 emitted 144 procedural water vertices (Ocean/Pools)
[+01:27:34.111] VoxelWater: Chunk X=2 Y=-28 Z=2 emitted 288 procedural water vertices (Ocean/Pools)
[+01:27:34.111] VoxelWater: Chunk X=3 Y=-28 Z=2 emitted 248 procedural water vertices (Ocean/Pools)
[+01:27:34.111] VoxelWater: Chunk X=2 Y=-27 Z=3 emitted 152 procedural water vertices (Ocean/Pools)
[+01:27:34.111] VoxelWater: Chunk X=2 Y=-27 Z=2 emitted 200 procedural water vertices (Ocean/Pools)
[+01:27:34.111] VoxelWater: Chunk X=3 Y=-27 Z=3 emitted 124 procedural water vertices (Ocean/Pools)
[+01:27:34.111] VoxelWater: Chunk X=3 Y=-29 Z=2 emitted 16 procedural water vertices (Ocean/Pools)
[+01:27:34.111] VoxelWater: Chunk X=0 Y=-29 Z=1 emitted 28 procedural water vertices (Ocean/Pools)
[+01:27:34.111] VoxelWater: Chunk X=3 Y=-28 Z=1 emitted 112 procedural water vertices (Ocean/Pools)
[+01:27:34.111] VoxelWater: Chunk X=2 Y=-31 Z=1 emitted 24 procedural water vertices (Ocean/Pools)
[+01:27:34.111] VoxelWater: Chunk X=3 Y=-27 Z=2 emitted 428 procedural water vertices (Ocean/Pools)
[+01:27:34.111] VoxelWater: Chunk X=3 Y=-27 Z=1 emitted 20 procedural water vertices (Ocean/Pools)
[+01:27:34.111] VoxelWater: Chunk X=4 Y=-27 Z=2 emitted 124 procedural water vertices (Ocean/Pools)
[+01:27:34.111] VoxelWater: Chunk X=4 Y=-29 Z=1 emitted 72 procedural water vertices (Ocean/Pools)
[+01:27:34.111] VoxelWater: Chunk X=4 Y=-29 Z=2 emitted 32 procedural water vertices (Ocean/Pools)
[+01:27:34.111] VoxelWater: Chunk X=4 Y=-28 Z=1 emitted 80 procedural water vertices (Ocean/Pools)
[+01:27:34.111] VoxelWater: Chunk X=4 Y=-28 Z=2 emitted 92 procedural water vertices (Ocean/Pools)
[+01:27:34.111] VoxelWater: Chunk X=5 Y=-28 Z=2 emitted 52 procedural water vertices (Ocean/Pools)
[+01:27:34.111] VoxelWater: Chunk X=4 Y=-27 Z=1 emitted 96 procedural water vertices (Ocean/Pools)
[+01:27:34.111] VoxelWater: Chunk X=6 Y=-28 Z=1 emitted 52 procedural water vertices (Ocean/Pools)
[+01:27:34.112] VoxelWater: Chunk X=6 Y=-26 Z=1 emitted 4 procedural water vertices (Ocean/Pools)
[+01:27:34.112] VoxelWater: Chunk X=5 Y=-26 Z=1 emitted 88 procedural water vertices (Ocean/Pools)
[+01:27:34.112] VoxelWater: Chunk X=1 Y=-30 Z=1 emitted 36 procedural water vertices (Ocean/Pools)
[+01:27:34.112] VoxelWater: Chunk X=1 Y=-29 Z=1 emitted 8 procedural water vertices (Ocean/Pools)
[+01:27:34.112] VoxelWater: Chunk X=5 Y=-30 Z=1 emitted 28 procedural water vertices (Ocean/Pools)
[+01:27:34.112] VoxelWater: Chunk X=2 Y=-30 Z=1 emitted 12 procedural water vertices (Ocean/Pools)
[+01:27:34.112] VoxelWater: Chunk X=5 Y=-29 Z=1 emitted 8 procedural water vertices (Ocean/Pools)
[+01:27:34.112] VoxelWater: Chunk X=5 Y=-27 Z=1 emitted 36 procedural water vertices (Ocean/Pools)
[+01:27:34.112] VoxelWater: Chunk X=4 Y=-26 Z=1 emitted 160 procedural water vertices (Ocean/Pools)
[+01:27:34.112] VoxelWater: Chunk X=3 Y=-30 Z=1 emitted 24 procedural water vertices (Ocean/Pools)
[+01:27:34.112] VoxelWater: Chunk X=3 Y=-26 Z=1 emitted 28 procedural water vertices (Ocean/Pools)
[+01:27:34.112] VoxelWater: Chunk X=1 Y=-28 Z=1 emitted 32 procedural water vertices (Ocean/Pools)
[+01:27:34.112] VoxelWater: Chunk X=5 Y=-28 Z=1 emitted 72 procedural water vertices (Ocean/Pools)
[+01:27:34.112] VoxelWater: Chunk X=3 Y=-29 Z=1 emitted 120 procedural water vertices (Ocean/Pools)
[+01:27:34.112] VoxelWater: Chunk X=2 Y=-29 Z=1 emitted 84 procedural water vertices (Ocean/Pools)
[+01:27:34.112] VoxelWater: Chunk X=-1 Y=-29 Z=1 emitted 28 procedural water vertices (Ocean/Pools)
[+01:27:34.112] VoxelWater: Chunk X=4 Y=-32 Z=1 emitted 36 procedural water vertices (Ocean/Pools)
[+01:27:34.112] VoxelWater: Chunk X=5 Y=-30 Z=2 emitted 20 procedural water vertices (Ocean/Pools)
[+01:27:34.112] VoxelWater: Chunk X=4 Y=-30 Z=2 emitted 68 procedural water vertices (Ocean/Pools)
[+01:27:34.112] VoxelWater: Chunk X=1 Y=-28 Z=2 emitted 92 procedural water vertices (Ocean/Pools)
[+01:27:34.112] VoxelWater: Chunk X=1 Y=-27 Z=2 emitted 44 procedural water vertices (Ocean/Pools)
[+01:27:34.112] VoxelWater: Chunk X=3 Y=-30 Z=2 emitted 16 procedural water vertices (Ocean/Pools)
[+01:27:34.112] VoxelWater: Chunk X=3 Y=-26 Z=2 emitted 72 procedural water vertices (Ocean/Pools)
[+01:27:34.112] VoxelWater: Chunk X=5 Y=-31 Z=1 emitted 84 procedural water vertices (Ocean/Pools)
[+01:27:34.112] VoxelWater: Chunk X=6 Y=-31 Z=1 emitted 4 procedural water vertices (Ocean/Pools)
[+01:27:34.112] VoxelWater: Chunk X=6 Y=-30 Z=1 emitted 100 procedural water vertices (Ocean/Pools)
[+01:27:34.112] VoxelWater: Chunk X=2 Y=-26 Z=2 emitted 80 procedural water vertices (Ocean/Pools)
[+01:27:34.112] VoxelWater: Chunk X=5 Y=-27 Z=2 emitted 52 procedural water vertices (Ocean/Pools)
[+01:27:34.112] VoxelWater: Chunk X=3 Y=-32 Z=1 emitted 56 procedural water vertices (Ocean/Pools)
[+01:27:34.112] VoxelWater: Chunk X=3 Y=-31 Z=1 emitted 4 procedural water vertices (Ocean/Pools)
[+01:27:34.112] VoxelWater: Chunk X=7 Y=-29 Z=1 emitted 56 procedural water vertices (Ocean/Pools)
[+01:27:34.112] VoxelWater: Chunk X=7 Y=-28 Z=1 emitted 4 procedural water vertices (Ocean/Pools)
[+01:27:34.112] VoxelWater: Chunk X=4 Y=-24 Z=1 emitted 20 procedural water vertices (Ocean/Pools)
[+01:27:34.112] VoxelWater: Chunk X=7 Y=-27 Z=1 emitted 16 procedural water vertices (Ocean/Pools)
[+01:27:34.120] VoxelMesh: Chunk X=6 Y=-31 Z=-1 FlatVerts=0 SlopeVerts=0
[+01:27:34.122] VoxelChunk: GenerateAsync (0,-28,2)
[+01:27:34.122] VoxelChunk: GenerateAsync (6,-25,1)
[+01:27:34.123] VoxelChunk: GenerateAsync (0,-25,1)
[+01:27:34.123] VoxelMesh: Chunk X=0 Y=-28 Z=2 FlatVerts=0 SlopeVerts=2676
[+01:27:34.124] VoxelMesh: Chunk X=0 Y=-25 Z=1 FlatVerts=12 SlopeVerts=198
[+01:27:34.124] VoxelChunk: GenerateAsync (3,-31,2)
[+01:27:34.132] VoxelChunk: GenerateAsync (3,-25,2)
[+01:27:34.132] VoxelChunk: GenerateAsync (6,-28,2)
[+01:27:34.133] VoxelChunk: GenerateAsync (0,-29,2)
[+01:27:34.133] VoxelMesh: Chunk X=3 Y=-25 Z=2 FlatVerts=0 SlopeVerts=150
[+01:27:34.134] VoxelChunk: GenerateAsync (4,-31,2)
[+01:27:34.134] VoxelMesh: Chunk X=6 Y=-28 Z=2 FlatVerts=150 SlopeVerts=348
[+01:27:34.134] VoxelMesh: Chunk X=0 Y=-29 Z=2 FlatVerts=0 SlopeVerts=12
[+01:27:34.134] VoxelMesh: Chunk X=4 Y=-31 Z=2 FlatVerts=0 SlopeVerts=0
[+01:27:34.142] VoxelChunk: GenerateAsync (2,-31,2)
[+01:27:34.142] VoxelChunk: GenerateAsync (6,-29,2)
[+01:27:34.143] VoxelChunk: GenerateAsync (0,-27,2)
[+01:27:34.144] VoxelMesh: Chunk X=0 Y=-27 Z=2 FlatVerts=0 SlopeVerts=18
[+01:27:34.144] VoxelChunk: GenerateAsync (4,-33,0)
[+01:27:34.150] VoxelChunk: GenerateAsync (6,-27,2)
[+01:27:34.150] VoxelChunk: GenerateAsync (2,-25,2)
[+01:27:34.150] VoxelMesh: Chunk X=6 Y=-27 Z=2 FlatVerts=24 SlopeVerts=18
[+01:27:34.152] VoxelMesh: Chunk X=2 Y=-25 Z=2 FlatVerts=0 SlopeVerts=12
[+01:27:34.152] VoxelChunk: GenerateAsync (8,-29,0)
[+01:27:34.152] VoxelChunk: GenerateAsync (2,-33,0)
[+01:27:34.159] VoxelMesh: Chunk X=6 Y=-29 Z=-4 FlatVerts=0 SlopeVerts=18
[+01:27:34.159] VoxelChunk: GenerateAsync (4,-23,0)
[+01:27:34.160] VoxelMesh: Chunk X=6 Y=-27 Z=-4 FlatVerts=0 SlopeVerts=474
[+01:27:34.160] VoxelChunk: GenerateAsync (-2,-27,0)
[+01:27:34.160] VoxelChunk: GenerateAsync (4,-25,2)
[+01:27:34.162] VoxelMesh: Chunk X=2 Y=-25 Z=-4 FlatVerts=0 SlopeVerts=24
[+01:27:34.162] VoxelMesh: Chunk X=4 Y=-25 Z=2 FlatVerts=48 SlopeVerts=2538
[+01:27:34.162] VoxelChunk: GenerateAsync (8,-27,0)
[+01:27:34.171] VoxelMesh: Chunk X=3 Y=-29 Z=-4 FlatVerts=420 SlopeVerts=2658
[+01:27:34.172] VoxelChunk: GenerateAsync (-2,-29,0)
[+01:27:34.173] VoxelMesh: Chunk X=4 Y=-28 Z=-4 FlatVerts=60 SlopeVerts=240
[+01:27:34.173] VoxelChunk: GenerateAsync (2,-23,0)
[+01:27:34.174] VoxelChunk: GenerateAsync (5,-32,1)
[+01:27:34.174] VoxelChunk: GenerateAsync (5,-24,1)
[+01:27:34.175] VoxelMesh: Chunk X=5 Y=-32 Z=1 FlatVerts=342 SlopeVerts=192
[+01:27:34.175] VoxelMesh: Chunk X=5 Y=-24 Z=1 FlatVerts=114 SlopeVerts=306
[+01:27:34.182] VoxelChunk: GenerateAsync (7,-30,1)
[+01:27:34.183] VoxelChunk: GenerateAsync (7,-26,1)
[+01:27:34.184] VoxelMesh: Chunk X=7 Y=-30 Z=1 FlatVerts=2478 SlopeVerts=342
[+01:27:34.184] VoxelMesh: Chunk X=3 Y=-27 Z=-4 FlatVerts=6 SlopeVerts=816
[+01:27:34.184] VoxelChunk: GenerateAsync (-1,-30,1)
[+01:27:34.185] VoxelMesh: Chunk X=7 Y=-26 Z=1 FlatVerts=906 SlopeVerts=1134
[+01:27:34.185] VoxelChunk: GenerateAsync (-1,-26,1)
[+01:27:34.185] VoxelMesh: Chunk X=-1 Y=-30 Z=1 FlatVerts=1854 SlopeVerts=0
[+01:27:34.186] VoxelMesh: Chunk X=-1 Y=-26 Z=1 FlatVerts=156 SlopeVerts=1506
[+01:27:34.194] VoxelChunk: GenerateAsync (1,-32,1)
[+01:27:34.195] VoxelMesh: Chunk X=4 Y=-29 Z=-4 FlatVerts=12 SlopeVerts=996
[+01:27:34.195] VoxelChunk: GenerateAsync (1,-24,1)
[+01:27:34.195] VoxelMesh: Chunk X=1 Y=-32 Z=1 FlatVerts=1764 SlopeVerts=0
[+01:27:34.195] VoxelChunk: GenerateAsync (0,-30,2)
[+01:27:34.196] VoxelMesh: Chunk X=1 Y=-24 Z=1 FlatVerts=978 SlopeVerts=1056
[+01:27:34.196] VoxelChunk: GenerateAsync (1,-25,2)
[+01:27:34.198] VoxelMesh: Chunk X=1 Y=-25 Z=2 FlatVerts=0 SlopeVerts=72
[+01:27:34.206] VoxelChunk: GenerateAsync (-2,-26,0)
[+01:27:34.206] VoxelChunk: GenerateAsync (6,-26,2)
[+01:27:34.207] VoxelChunk: GenerateAsync (5,-25,2)
[+01:27:34.208] VoxelMesh: Chunk X=6 Y=-26 Z=2 FlatVerts=0 SlopeVerts=582
[+01:27:34.208] VoxelMesh: Chunk X=5 Y=-28 Z=-4 FlatVerts=0 SlopeVerts=2196
[+01:27:34.208] VoxelMesh: Chunk X=5 Y=-25 Z=2 FlatVerts=54 SlopeVerts=660
[+01:27:34.208] VoxelChunk: GenerateAsync (-2,-30,0)
[+01:27:34.216] VoxelChunk: GenerateAsync (5,-23,0)
[+01:27:34.220] VoxelMesh: Chunk X=0 Y=0 Z=0 FlatVerts=48 SlopeVerts=2358
[+01:27:34.221] VoxelChunk: GenerateAsync (1,-33,0)
[+01:27:34.225] VoxelMesh: Chunk X=0 Y=0 Z=0 FlatVerts=336 SlopeVerts=26676
[+01:27:34.227] VoxelChunk: GenerateAsync (1,-23,0)
[+01:27:34.230] VoxelMesh: Chunk X=0 Y=0 Z=0 FlatVerts=6 SlopeVerts=1038
[+01:27:34.231] VoxelChunk: GenerateAsync (6,-30,2)
[+01:27:34.242] VoxelMesh: Chunk X=0 Y=0 Z=0 FlatVerts=1116 SlopeVerts=12132
[+01:27:34.244] VoxelChunk: GenerateAsync (5,-33,0)
[+01:27:34.248] VoxelMesh: Chunk X=0 Y=0 Z=0 FlatVerts=90 SlopeVerts=11424
[+01:27:34.248] VoxelChunk: GenerateAsync (8,-30,0)
[+01:27:34.251] VoxelChunk: GenerateAsync (0,-26,2)
[+01:27:34.252] VoxelMesh: Chunk X=0 Y=-26 Z=2 FlatVerts=0 SlopeVerts=828
[+01:27:34.252] VoxelChunk: GenerateAsync (1,-31,2)
[+01:27:34.263] VoxelChunk: GenerateAsync (5,-31,2)
[+01:27:34.264] VoxelMesh: Chunk X=5 Y=-31 Z=2 FlatVerts=0 SlopeVerts=0
[+01:27:34.265] VoxelMesh: Chunk X=0 Y=0 Z=0 FlatVerts=108 SlopeVerts=5136
[+01:27:34.267] VoxelChunk: GenerateAsync (8,-26,0)
[+01:27:34.269] VoxelChunk: GenerateAsync (1,-28,3)
[+01:27:34.270] VoxelMesh: Chunk X=1 Y=-28 Z=3 FlatVerts=0 SlopeVerts=504
[+01:27:34.271] VoxelChunk: GenerateAsync (3,-26,3)
[+01:27:34.272] VoxelMesh: Chunk X=3 Y=-26 Z=3 FlatVerts=120 SlopeVerts=3750
[+01:27:34.282] VoxelChunk: GenerateAsync (5,-28,3)
[+01:27:34.284] VoxelChunk: GenerateAsync (3,-30,3)
[+01:27:34.286] VoxelChunk: GenerateAsync (3,-24,2)
[+01:27:34.289] VoxelMesh: Chunk X=3 Y=-24 Z=2 FlatVerts=6 SlopeVerts=498
[+01:27:34.289] VoxelChunk: GenerateAsync (4,-26,3)
[+01:27:34.290] VoxelMesh: Chunk X=4 Y=-26 Z=3 FlatVerts=0 SlopeVerts=0
[+01:27:34.299] VoxelMesh: Chunk X=0 Y=0 Z=0 FlatVerts=114 SlopeVerts=5526
[+01:27:34.299] VoxelChunk: GenerateAsync (-1,-25,1)
[+01:27:34.300] VoxelMesh: Chunk X=-1 Y=-25 Z=1 FlatVerts=1494 SlopeVerts=822
[+01:27:34.303] VoxelMesh: Chunk X=0 Y=0 Z=0 FlatVerts=750 SlopeVerts=1872
[+01:27:34.304] VoxelChunk: GenerateAsync (3,-33,1)
[+01:27:34.306] VoxelMesh: Chunk X=3 Y=-33 Z=1 FlatVerts=1440 SlopeVerts=942
[+01:27:34.306] VoxelMesh: Chunk X=0 Y=0 Z=0 FlatVerts=12 SlopeVerts=1992
[+01:27:34.306] VoxelChunk: GenerateAsync (-1,-31,1)
[+01:27:34.308] VoxelMesh: Chunk X=-1 Y=-31 Z=1 FlatVerts=1602 SlopeVerts=0
[+01:27:34.309] VoxelChunk: GenerateAsync (2,-26,3)
[+01:27:34.310] VoxelMesh: Chunk X=2 Y=-26 Z=3 FlatVerts=18 SlopeVerts=4386
[+01:27:34.334] VoxelWater: Chunk X=4 Y=-25 Z=1 emitted 44 procedural water vertices (Ocean/Pools)
[+01:27:34.334] VoxelWater: Chunk X=5 Y=-25 Z=1 emitted 4 procedural water vertices (Ocean/Pools)
[+01:27:34.334] VoxelWater: Chunk X=1 Y=-24 Z=1 emitted 32 procedural water vertices (Ocean/Pools)
[+01:27:34.334] VoxelWater: Chunk X=6 Y=-27 Z=1 emitted 100 procedural water vertices (Ocean/Pools)
[+01:27:34.334] VoxelWater: Chunk X=-1 Y=-30 Z=1 emitted 20 procedural water vertices (Ocean/Pools)
[+01:27:34.334] VoxelWater: Chunk X=-1 Y=-29 Z=1 emitted 24 procedural water vertices (Ocean/Pools)
[+01:27:34.334] VoxelWater: Chunk X=7 Y=-26 Z=1 emitted 20 procedural water vertices (Ocean/Pools)
[+01:27:34.334] VoxelWater: Chunk X=7 Y=-30 Z=1 emitted 36 procedural water vertices (Ocean/Pools)
[+01:27:34.334] VoxelWater: Chunk X=4 Y=-25 Z=2 emitted 36 procedural water vertices (Ocean/Pools)
[+01:27:34.334] VoxelWater: Chunk X=4 Y=-26 Z=2 emitted 8 procedural water vertices (Ocean/Pools)
[+01:27:34.334] VoxelWater: Chunk X=4 Y=-31 Z=1 emitted 24 procedural water vertices (Ocean/Pools)
[+01:27:34.334] VoxelWater: Chunk X=6 Y=-29 Z=1 emitted 4 procedural water vertices (Ocean/Pools)
[+01:27:34.334] VoxelWater: Chunk X=2 Y=-28 Z=1 emitted 164 procedural water vertices (Ocean/Pools)
[+01:27:34.334] VoxelWater: Chunk X=2 Y=-28 Z=2 emitted 280 procedural water vertices (Ocean/Pools)
[+01:27:34.334] VoxelWater: Chunk X=3 Y=-28 Z=2 emitted 268 procedural water vertices (Ocean/Pools)
[+01:27:34.335] VoxelWater: Chunk X=2 Y=-27 Z=2 emitted 220 procedural water vertices (Ocean/Pools)
[+01:27:34.335] VoxelWater: Chunk X=2 Y=-27 Z=3 emitted 152 procedural water vertices (Ocean/Pools)
[+01:27:34.335] VoxelWater: Chunk X=3 Y=-27 Z=3 emitted 124 procedural water vertices (Ocean/Pools)
[+01:27:34.335] VoxelWater: Chunk X=3 Y=-29 Z=2 emitted 16 procedural water vertices (Ocean/Pools)
[+01:27:34.335] VoxelWater: Chunk X=0 Y=-29 Z=1 emitted 36 procedural water vertices (Ocean/Pools)
[+01:27:34.335] VoxelWater: Chunk X=3 Y=-28 Z=1 emitted 116 procedural water vertices (Ocean/Pools)
[+01:27:34.335] VoxelWater: Chunk X=2 Y=-31 Z=1 emitted 24 procedural water vertices (Ocean/Pools)
[+01:27:34.335] VoxelWater: Chunk X=3 Y=-27 Z=2 emitted 424 procedural water vertices (Ocean/Pools)
[+01:27:34.335] VoxelWater: Chunk X=3 Y=-27 Z=1 emitted 20 procedural water vertices (Ocean/Pools)
[+01:27:34.335] VoxelWater: Chunk X=4 Y=-27 Z=2 emitted 120 procedural water vertices (Ocean/Pools)
[+01:27:34.335] VoxelWater: Chunk X=4 Y=-29 Z=1 emitted 72 procedural water vertices (Ocean/Pools)
[+01:27:34.335] VoxelWater: Chunk X=4 Y=-29 Z=2 emitted 32 procedural water vertices (Ocean/Pools)
[+01:27:34.335] VoxelWater: Chunk X=4 Y=-28 Z=1 emitted 84 procedural water vertices (Ocean/Pools)
[+01:27:34.335] VoxelWater: Chunk X=4 Y=-28 Z=2 emitted 88 procedural water vertices (Ocean/Pools)
[+01:27:34.335] VoxelWater: Chunk X=5 Y=-28 Z=2 emitted 52 procedural water vertices (Ocean/Pools)
[+01:27:34.335] VoxelWater: Chunk X=4 Y=-27 Z=1 emitted 112 procedural water vertices (Ocean/Pools)
[+01:27:34.335] VoxelWater: Chunk X=3 Y=-31 Z=1 emitted 4 procedural water vertices (Ocean/Pools)
[+01:27:34.335] VoxelWater: Chunk X=6 Y=-28 Z=1 emitted 56 procedural water vertices (Ocean/Pools)
[+01:27:34.335] VoxelWater: Chunk X=6 Y=-26 Z=1 emitted 4 procedural water vertices (Ocean/Pools)
[+01:27:34.335] VoxelWater: Chunk X=5 Y=-26 Z=1 emitted 88 procedural water vertices (Ocean/Pools)
[+01:27:34.335] VoxelWater: Chunk X=1 Y=-30 Z=1 emitted 36 procedural water vertices (Ocean/Pools)
[+01:27:34.335] VoxelWater: Chunk X=1 Y=-29 Z=1 emitted 8 procedural water vertices (Ocean/Pools)
[+01:27:34.335] VoxelWater: Chunk X=6 Y=-28 Z=2 emitted 12 procedural water vertices (Ocean/Pools)
[+01:27:34.335] VoxelWater: Chunk X=5 Y=-30 Z=1 emitted 32 procedural water vertices (Ocean/Pools)
[+01:27:34.335] VoxelWater: Chunk X=0 Y=-28 Z=2 emitted 24 procedural water vertices (Ocean/Pools)
[+01:27:34.335] VoxelWater: Chunk X=6 Y=-31 Z=1 emitted 8 procedural water vertices (Ocean/Pools)
[+01:27:34.335] VoxelWater: Chunk X=2 Y=-30 Z=1 emitted 12 procedural water vertices (Ocean/Pools)
[+01:27:34.335] VoxelWater: Chunk X=5 Y=-29 Z=1 emitted 8 procedural water vertices (Ocean/Pools)
[+01:27:34.335] VoxelWater: Chunk X=5 Y=-27 Z=1 emitted 48 procedural water vertices (Ocean/Pools)
[+01:27:34.335] VoxelWater: Chunk X=4 Y=-26 Z=1 emitted 160 procedural water vertices (Ocean/Pools)
[+01:27:34.335] VoxelWater: Chunk X=3 Y=-30 Z=1 emitted 36 procedural water vertices (Ocean/Pools)
[+01:27:34.335] VoxelWater: Chunk X=3 Y=-26 Z=1 emitted 28 procedural water vertices (Ocean/Pools)
[+01:27:34.335] VoxelWater: Chunk X=1 Y=-28 Z=1 emitted 32 procedural water vertices (Ocean/Pools)
[+01:27:34.335] VoxelWater: Chunk X=5 Y=-28 Z=1 emitted 96 procedural water vertices (Ocean/Pools)
[+01:27:34.336] VoxelWater: Chunk X=3 Y=-29 Z=1 emitted 120 procedural water vertices (Ocean/Pools)
[+01:27:34.336] VoxelWater: Chunk X=2 Y=-29 Z=1 emitted 84 procedural water vertices (Ocean/Pools)
[+01:27:34.336] VoxelWater: Chunk X=4 Y=-32 Z=1 emitted 40 procedural water vertices (Ocean/Pools)
[+01:27:34.336] VoxelWater: Chunk X=5 Y=-30 Z=2 emitted 20 procedural water vertices (Ocean/Pools)
[+01:27:34.336] VoxelWater: Chunk X=4 Y=-30 Z=2 emitted 72 procedural water vertices (Ocean/Pools)
[+01:27:34.336] VoxelWater: Chunk X=1 Y=-28 Z=2 emitted 88 procedural water vertices (Ocean/Pools)
[+01:27:34.336] VoxelWater: Chunk X=1 Y=-27 Z=2 emitted 52 procedural water vertices (Ocean/Pools)
[+01:27:34.336] VoxelWater: Chunk X=3 Y=-30 Z=2 emitted 16 procedural water vertices (Ocean/Pools)
[+01:27:34.336] VoxelWater: Chunk X=3 Y=-26 Z=2 emitted 80 procedural water vertices (Ocean/Pools)
[+01:27:34.336] VoxelWater: Chunk X=5 Y=-31 Z=1 emitted 88 procedural water vertices (Ocean/Pools)
[+01:27:34.336] VoxelWater: Chunk X=5 Y=-32 Z=1 emitted 4 procedural water vertices (Ocean/Pools)
[+01:27:34.336] VoxelWater: Chunk X=6 Y=-30 Z=1 emitted 100 procedural water vertices (Ocean/Pools)
[+01:27:34.336] VoxelWater: Chunk X=2 Y=-26 Z=2 emitted 80 procedural water vertices (Ocean/Pools)
[+01:27:34.336] VoxelWater: Chunk X=5 Y=-27 Z=2 emitted 52 procedural water vertices (Ocean/Pools)
[+01:27:34.336] VoxelWater: Chunk X=6 Y=-27 Z=2 emitted 8 procedural water vertices (Ocean/Pools)
[+01:27:34.336] VoxelWater: Chunk X=4 Y=-30 Z=1 emitted 4 procedural water vertices (Ocean/Pools)
[+01:27:34.336] VoxelWater: Chunk X=3 Y=-32 Z=1 emitted 56 procedural water vertices (Ocean/Pools)
[+01:27:34.336] VoxelWater: Chunk X=7 Y=-28 Z=1 emitted 4 procedural water vertices (Ocean/Pools)
[+01:27:34.336] VoxelWater: Chunk X=7 Y=-29 Z=1 emitted 56 procedural water vertices (Ocean/Pools)
[+01:27:34.336] VoxelWater: Chunk X=4 Y=-24 Z=1 emitted 20 procedural water vertices (Ocean/Pools)
[+01:27:34.336] VoxelWater: Chunk X=7 Y=-27 Z=1 emitted 16 procedural water vertices (Ocean/Pools)
[+01:27:34.336] VoxelWater: Chunk X=1 Y=-28 Z=3 emitted 8 procedural water vertices (Ocean/Pools)
[+01:27:34.336] VoxelWater: Chunk X=3 Y=-26 Z=3 emitted 12 procedural water vertices (Ocean/Pools)
[+01:27:34.336] VoxelWater: Chunk X=3 Y=-24 Z=2 emitted 16 procedural water vertices (Ocean/Pools)
[+01:27:34.336] VoxelWater: Chunk X=-1 Y=-25 Z=1 emitted 12 procedural water vertices (Ocean/Pools)
[+01:27:34.347] VoxelChunk: GenerateAsync (7,-24,0)
[+01:27:34.350] VoxelChunk: GenerateAsync (5,-27,3)
[+01:27:34.354] VoxelMesh: Chunk X=0 Y=0 Z=0 FlatVerts=138 SlopeVerts=24348
[+01:27:34.357] VoxelChunk: GenerateAsync (-1,-32,0)
[+01:27:34.359] VoxelChunk: GenerateAsync (3,-32,2)
[+01:27:34.360] VoxelMesh: Chunk X=3 Y=-32 Z=2 FlatVerts=252 SlopeVerts=2226
[+01:27:34.373] VoxelMesh: Chunk X=0 Y=0 Z=0 FlatVerts=108 SlopeVerts=16536
[+01:27:34.375] VoxelChunk: GenerateAsync (-1,-24,0)
[+01:27:34.378] VoxelChunk: GenerateAsync (7,-25,1)
[+01:27:34.380] VoxelChunk: GenerateAsync (-1,-28,2)
[+01:27:34.381] VoxelMesh: Chunk X=-1 Y=-28 Z=2 FlatVerts=0 SlopeVerts=582
[+01:27:34.382] VoxelChunk: GenerateAsync (7,-31,1)
[+01:27:34.383] VoxelMesh: Chunk X=7 Y=-31 Z=1 FlatVerts=1602 SlopeVerts=1644
[+01:27:34.396] VoxelMesh: Chunk X=0 Y=0 Z=0 FlatVerts=780 SlopeVerts=20202
[+01:27:34.398] VoxelChunk: GenerateAsync (8,-28,1)
[+01:27:34.399] VoxelMesh: Chunk X=8 Y=-28 Z=1 FlatVerts=1764 SlopeVerts=0
[+01:27:34.400] VoxelChunk: GenerateAsync (7,-32,0)
[+01:27:34.403] VoxelMesh: Chunk X=0 Y=0 Z=0 FlatVerts=54 SlopeVerts=6432
[+01:27:34.404] VoxelChunk: GenerateAsync (0,-24,1)
[+01:27:34.406] VoxelMesh: Chunk X=0 Y=-24 Z=1 FlatVerts=1512 SlopeVerts=726
[+01:27:34.406] VoxelChunk: GenerateAsync (2,-30,3)
[+01:27:34.417] VoxelMesh: Chunk X=0 Y=0 Z=0 FlatVerts=12 SlopeVerts=1704
[+01:27:34.418] VoxelChunk: GenerateAsync (0,-32,1)
[+01:27:34.419] VoxelMesh: Chunk X=0 Y=-32 Z=1 FlatVerts=1764 SlopeVerts=0
[+01:27:34.419] VoxelChunk: GenerateAsync (-2,-28,1)
[+01:27:34.423] VoxelChunk: GenerateAsync (5,-29,3)
[+01:27:34.425] VoxelMesh: Chunk X=0 Y=0 Z=0 FlatVerts=0 SlopeVerts=672
[+01:27:34.425] VoxelChunk: GenerateAsync (6,-32,1)
[+01:27:34.426] VoxelMesh: Chunk X=6 Y=-32 Z=1 FlatVerts=1734 SlopeVerts=468
[+01:27:34.436] VoxelChunk: GenerateAsync (6,-24,1)
[+01:27:34.438] VoxelMesh: Chunk X=6 Y=-24 Z=1 FlatVerts=462 SlopeVerts=1110
[+01:27:34.438] VoxelChunk: GenerateAsync (4,-30,3)
[+01:27:34.442] VoxelMesh: Chunk X=0 Y=0 Z=0 FlatVerts=54 SlopeVerts=14754
[+01:27:34.444] VoxelChunk: GenerateAsync (7,-28,2)
[+01:27:34.446] VoxelChunk: GenerateAsync (1,-27,3)
[+01:27:34.446] VoxelMesh: Chunk X=1 Y=-27 Z=3 FlatVerts=288 SlopeVerts=4722
[+01:27:34.457] VoxelChunk: GenerateAsync (3,-23,1)
[+01:27:34.460] VoxelMesh: Chunk X=3 Y=-23 Z=1 FlatVerts=42 SlopeVerts=444
[+01:27:34.460] VoxelChunk: GenerateAsync (1,-29,3)
[+01:27:34.462] VoxelMesh: Chunk X=0 Y=0 Z=0 FlatVerts=12 SlopeVerts=1608
[+01:27:34.463] VoxelChunk: GenerateAsync (2,-23,1)
[+01:27:34.464] VoxelMesh: Chunk X=2 Y=-23 Z=1 FlatVerts=186 SlopeVerts=936
[+01:27:34.465] VoxelChunk: GenerateAsync (2,-24,2)
[+01:27:34.465] VoxelMesh: Chunk X=2 Y=-24 Z=2 FlatVerts=0 SlopeVerts=3366
[+01:27:34.477] VoxelChunk: GenerateAsync (4,-23,1)
[+01:27:34.478] VoxelMesh: Chunk X=4 Y=-23 Z=1 FlatVerts=48 SlopeVerts=228
[+01:27:34.481] VoxelMesh: Chunk X=0 Y=0 Z=0 FlatVerts=132 SlopeVerts=17772
[+01:27:34.483] VoxelChunk: GenerateAsync (8,-29,1)
[+01:27:34.484] VoxelMesh: Chunk X=8 Y=-29 Z=1 FlatVerts=1800 SlopeVerts=0
[+01:27:34.485] VoxelMesh: Chunk X=0 Y=0 Z=0 FlatVerts=0 SlopeVerts=90
[+01:27:34.486] VoxelChunk: GenerateAsync (2,-33,1)
[+01:27:34.487] VoxelMesh: Chunk X=2 Y=-33 Z=1 FlatVerts=1758 SlopeVerts=0
[+01:27:34.488] VoxelChunk: GenerateAsync (4,-24,2)
[+01:27:34.489] VoxelMesh: Chunk X=4 Y=-24 Z=2 FlatVerts=90 SlopeVerts=2586
[+01:27:34.501] VoxelMesh: Chunk X=0 Y=0 Z=0 FlatVerts=828 SlopeVerts=9210
[+01:27:34.502] VoxelChunk: GenerateAsync (8,-27,1)
[+01:27:34.503] VoxelMesh: Chunk X=8 Y=-27 Z=1 FlatVerts=2100 SlopeVerts=228
[+01:27:34.505] VoxelMesh: Chunk X=0 Y=0 Z=0 FlatVerts=1842 SlopeVerts=6096
[+01:27:34.506] VoxelChunk: GenerateAsync (4,-33,1)
[+01:27:34.509] VoxelMesh: Chunk X=4 Y=-33 Z=1 FlatVerts=0 SlopeVerts=48
[+01:27:34.510] VoxelMesh: Chunk X=0 Y=0 Z=0 FlatVerts=0 SlopeVerts=0
[+01:27:34.511] VoxelChunk: GenerateAsync (-2,-27,1)
[+01:27:34.513] VoxelChunk: GenerateAsync (4,-32,2)
[+01:27:34.514] VoxelMesh: Chunk X=4 Y=-32 Z=2 FlatVerts=438 SlopeVerts=2046
[+01:27:34.541] VoxelWater: Chunk X=5 Y=-25 Z=1 emitted 12 procedural water vertices (Ocean/Pools)
[+01:27:34.541] VoxelWater: Chunk X=4 Y=-25 Z=1 emitted 56 procedural water vertices (Ocean/Pools)
[+01:27:34.541] VoxelWater: Chunk X=1 Y=-24 Z=1 emitted 36 procedural water vertices (Ocean/Pools)
[+01:27:34.541] VoxelWater: Chunk X=0 Y=-24 Z=1 emitted 4 procedural water vertices (Ocean/Pools)
[+01:27:34.541] VoxelWater: Chunk X=6 Y=-27 Z=1 emitted 100 procedural water vertices (Ocean/Pools)
[+01:27:34.541] VoxelWater: Chunk X=-1 Y=-30 Z=1 emitted 24 procedural water vertices (Ocean/Pools)
[+01:27:34.541] VoxelWater: Chunk X=-1 Y=-29 Z=1 emitted 32 procedural water vertices (Ocean/Pools)
[+01:27:34.541] VoxelWater: Chunk X=7 Y=-26 Z=1 emitted 20 procedural water vertices (Ocean/Pools)
[+01:27:34.541] VoxelWater: Chunk X=7 Y=-30 Z=1 emitted 52 procedural water vertices (Ocean/Pools)
[+01:27:34.541] VoxelWater: Chunk X=6 Y=-30 Z=1 emitted 104 procedural water vertices (Ocean/Pools)
[+01:27:34.541] VoxelWater: Chunk X=5 Y=-32 Z=1 emitted 8 procedural water vertices (Ocean/Pools)
[+01:27:34.541] VoxelWater: Chunk X=4 Y=-25 Z=2 emitted 36 procedural water vertices (Ocean/Pools)
[+01:27:34.541] VoxelWater: Chunk X=4 Y=-26 Z=2 emitted 8 procedural water vertices (Ocean/Pools)
[+01:27:34.541] VoxelWater: Chunk X=5 Y=-25 Z=2 emitted 4 procedural water vertices (Ocean/Pools)
[+01:27:34.541] VoxelWater: Chunk X=4 Y=-31 Z=1 emitted 24 procedural water vertices (Ocean/Pools)
[+01:27:34.541] VoxelWater: Chunk X=6 Y=-29 Z=1 emitted 4 procedural water vertices (Ocean/Pools)
[+01:27:34.541] VoxelWater: Chunk X=2 Y=-28 Z=1 emitted 184 procedural water vertices (Ocean/Pools)
[+01:27:34.541] VoxelWater: Chunk X=2 Y=-28 Z=2 emitted 292 procedural water vertices (Ocean/Pools)
[+01:27:34.541] VoxelWater: Chunk X=3 Y=-28 Z=2 emitted 272 procedural water vertices (Ocean/Pools)
[+01:27:34.541] VoxelWater: Chunk X=2 Y=-27 Z=2 emitted 224 procedural water vertices (Ocean/Pools)
[+01:27:34.541] VoxelWater: Chunk X=2 Y=-27 Z=3 emitted 152 procedural water vertices (Ocean/Pools)
[+01:27:34.541] VoxelWater: Chunk X=3 Y=-27 Z=3 emitted 124 procedural water vertices (Ocean/Pools)
[+01:27:34.541] VoxelWater: Chunk X=3 Y=-29 Z=1 emitted 124 procedural water vertices (Ocean/Pools)
[+01:27:34.541] VoxelWater: Chunk X=3 Y=-29 Z=2 emitted 16 procedural water vertices (Ocean/Pools)
[+01:27:34.541] VoxelWater: Chunk X=0 Y=-29 Z=1 emitted 44 procedural water vertices (Ocean/Pools)
[+01:27:34.541] VoxelWater: Chunk X=3 Y=-28 Z=1 emitted 136 procedural water vertices (Ocean/Pools)
[+01:27:34.541] VoxelWater: Chunk X=2 Y=-31 Z=1 emitted 24 procedural water vertices (Ocean/Pools)
[+01:27:34.541] VoxelWater: Chunk X=3 Y=-27 Z=2 emitted 472 procedural water vertices (Ocean/Pools)
[+01:27:34.541] VoxelWater: Chunk X=3 Y=-27 Z=1 emitted 28 procedural water vertices (Ocean/Pools)
[+01:27:34.541] VoxelWater: Chunk X=3 Y=-26 Z=2 emitted 96 procedural water vertices (Ocean/Pools)
[+01:27:34.541] VoxelWater: Chunk X=4 Y=-27 Z=2 emitted 112 procedural water vertices (Ocean/Pools)
[+01:27:34.541] VoxelWater: Chunk X=4 Y=-29 Z=1 emitted 72 procedural water vertices (Ocean/Pools)
[+01:27:34.543] VoxelWater: Chunk X=4 Y=-29 Z=2 emitted 32 procedural water vertices (Ocean/Pools)
[+01:27:34.543] VoxelWater: Chunk X=4 Y=-28 Z=1 emitted 92 procedural water vertices (Ocean/Pools)
[+01:27:34.543] VoxelWater: Chunk X=4 Y=-28 Z=2 emitted 88 procedural water vertices (Ocean/Pools)
[+01:27:34.543] VoxelWater: Chunk X=5 Y=-28 Z=2 emitted 52 procedural water vertices (Ocean/Pools)
[+01:27:34.543] VoxelWater: Chunk X=4 Y=-27 Z=1 emitted 132 procedural water vertices (Ocean/Pools)
[+01:27:34.543] VoxelWater: Chunk X=6 Y=-27 Z=2 emitted 12 procedural water vertices (Ocean/Pools)
[+01:27:34.543] VoxelWater: Chunk X=3 Y=-31 Z=1 emitted 4 procedural water vertices (Ocean/Pools)
[+01:27:34.543] VoxelWater: Chunk X=6 Y=-28 Z=1 emitted 64 procedural water vertices (Ocean/Pools)
[+01:27:34.543] VoxelWater: Chunk X=6 Y=-26 Z=1 emitted 4 procedural water vertices (Ocean/Pools)
[+01:27:34.543] VoxelWater: Chunk X=5 Y=-26 Z=1 emitted 88 procedural water vertices (Ocean/Pools)
[+01:27:34.543] VoxelWater: Chunk X=1 Y=-30 Z=1 emitted 36 procedural water vertices (Ocean/Pools)
[+01:27:34.543] VoxelWater: Chunk X=1 Y=-29 Z=1 emitted 8 procedural water vertices (Ocean/Pools)
[+01:27:34.543] VoxelWater: Chunk X=6 Y=-28 Z=2 emitted 12 procedural water vertices (Ocean/Pools)
[+01:27:34.543] VoxelWater: Chunk X=5 Y=-30 Z=1 emitted 36 procedural water vertices (Ocean/Pools)
[+01:27:34.543] VoxelWater: Chunk X=0 Y=-28 Z=2 emitted 28 procedural water vertices (Ocean/Pools)
[+01:27:34.543] VoxelWater: Chunk X=6 Y=-31 Z=1 emitted 8 procedural water vertices (Ocean/Pools)
[+01:27:34.543] VoxelWater: Chunk X=2 Y=-30 Z=1 emitted 12 procedural water vertices (Ocean/Pools)
[+01:27:34.543] VoxelWater: Chunk X=4 Y=-30 Z=1 emitted 4 procedural water vertices (Ocean/Pools)
[+01:27:34.543] VoxelWater: Chunk X=5 Y=-29 Z=1 emitted 8 procedural water vertices (Ocean/Pools)
[+01:27:34.543] VoxelWater: Chunk X=5 Y=-27 Z=1 emitted 60 procedural water vertices (Ocean/Pools)
[+01:27:34.543] VoxelWater: Chunk X=4 Y=-26 Z=1 emitted 160 procedural water vertices (Ocean/Pools)
[+01:27:34.543] VoxelWater: Chunk X=3 Y=-30 Z=1 emitted 40 procedural water vertices (Ocean/Pools)
[+01:27:34.543] VoxelWater: Chunk X=3 Y=-26 Z=1 emitted 28 procedural water vertices (Ocean/Pools)
[+01:27:34.543] VoxelWater: Chunk X=1 Y=-28 Z=1 emitted 32 procedural water vertices (Ocean/Pools)
[+01:27:34.543] VoxelWater: Chunk X=5 Y=-28 Z=1 emitted 96 procedural water vertices (Ocean/Pools)
[+01:27:34.543] VoxelWater: Chunk X=2 Y=-29 Z=1 emitted 84 procedural water vertices (Ocean/Pools)
[+01:27:34.543] VoxelWater: Chunk X=4 Y=-32 Z=1 emitted 48 procedural water vertices (Ocean/Pools)
[+01:27:34.543] VoxelWater: Chunk X=5 Y=-30 Z=2 emitted 20 procedural water vertices (Ocean/Pools)
[+01:27:34.543] VoxelWater: Chunk X=4 Y=-30 Z=2 emitted 76 procedural water vertices (Ocean/Pools)
[+01:27:34.543] VoxelWater: Chunk X=1 Y=-28 Z=2 emitted 88 procedural water vertices (Ocean/Pools)
[+01:27:34.543] VoxelWater: Chunk X=1 Y=-27 Z=2 emitted 56 procedural water vertices (Ocean/Pools)
[+01:27:34.543] VoxelWater: Chunk X=3 Y=-30 Z=2 emitted 16 procedural water vertices (Ocean/Pools)
[+01:27:34.543] VoxelWater: Chunk X=5 Y=-31 Z=1 emitted 92 procedural water vertices (Ocean/Pools)
[+01:27:34.543] VoxelWater: Chunk X=2 Y=-26 Z=2 emitted 92 procedural water vertices (Ocean/Pools)
[+01:27:34.544] VoxelWater: Chunk X=5 Y=-27 Z=2 emitted 52 procedural water vertices (Ocean/Pools)
[+01:27:34.544] VoxelWater: Chunk X=3 Y=-32 Z=1 emitted 64 procedural water vertices (Ocean/Pools)
[+01:27:34.544] VoxelWater: Chunk X=7 Y=-28 Z=1 emitted 4 procedural water vertices (Ocean/Pools)
[+01:27:34.544] VoxelWater: Chunk X=7 Y=-29 Z=1 emitted 56 procedural water vertices (Ocean/Pools)
[+01:27:34.544] VoxelWater: Chunk X=4 Y=-24 Z=1 emitted 20 procedural water vertices (Ocean/Pools)
[+01:27:34.544] VoxelWater: Chunk X=7 Y=-27 Z=1 emitted 16 procedural water vertices (Ocean/Pools)
[+01:27:34.544] VoxelWater: Chunk X=8 Y=-27 Z=1 emitted 16 procedural water vertices (Ocean/Pools)
[+01:27:34.544] VoxelWater: Chunk X=1 Y=-28 Z=3 emitted 8 procedural water vertices (Ocean/Pools)
[+01:27:34.544] VoxelWater: Chunk X=3 Y=-26 Z=3 emitted 16 procedural water vertices (Ocean/Pools)
[+01:27:34.544] VoxelWater: Chunk X=3 Y=-24 Z=2 emitted 16 procedural water vertices (Ocean/Pools)
[+01:27:34.544] VoxelWater: Chunk X=-1 Y=-25 Z=1 emitted 20 procedural water vertices (Ocean/Pools)
[+01:27:34.544] VoxelWater: Chunk X=3 Y=-32 Z=2 emitted 20 procedural water vertices (Ocean/Pools)
[+01:27:34.544] VoxelWater: Chunk X=7 Y=-31 Z=1 emitted 12 procedural water vertices (Ocean/Pools)
[+01:27:34.544] VoxelWater: Chunk X=8 Y=-28 Z=1 emitted 12 procedural water vertices (Ocean/Pools)
[+01:27:34.544] VoxelWater: Chunk X=6 Y=-32 Z=1 emitted 12 procedural water vertices (Ocean/Pools)
[+01:27:34.544] VoxelWater: Chunk X=1 Y=-27 Z=3 emitted 108 procedural water vertices (Ocean/Pools)
[+01:27:34.544] VoxelWater: Chunk X=2 Y=-23 Z=1 emitted 8 procedural water vertices (Ocean/Pools)
[+01:27:34.544] VoxelWater: Chunk X=2 Y=-24 Z=1 emitted 4 procedural water vertices (Ocean/Pools)
[+01:27:34.544] VoxelWater: Chunk X=2 Y=-24 Z=2 emitted 8 procedural water vertices (Ocean/Pools)
[+01:27:34.544] VoxelWater: Chunk X=8 Y=-29 Z=1 emitted 24 procedural water vertices (Ocean/Pools)
[+01:27:34.544] VoxelWater: Chunk X=4 Y=-24 Z=2 emitted 36 procedural water vertices (Ocean/Pools)
[+01:27:34.555] VoxelChunk: GenerateAsync (-2,-30,0)
[+01:27:34.555] VoxelChunk: GenerateAsync (5,-25,2)
[+01:27:34.555] VoxelChunk: GenerateAsync (6,-26,2)
[+01:27:34.555] VoxelChunk: GenerateAsync (-2,-26,0)
[+01:27:34.555] VoxelChunk: GenerateAsync (1,-25,2)
[+01:27:34.555] VoxelChunk: GenerateAsync (2,-27,0)
[+01:27:34.555] VoxelChunk: GenerateAsync (0,-30,2)
[+01:27:34.555] VoxelChunk: GenerateAsync (1,-24,1)
[+01:27:34.555] VoxelChunk: GenerateAsync (1,-32,1)
[+01:27:34.555] VoxelChunk: GenerateAsync (-1,-26,1)
[+01:27:34.555] VoxelChunk: GenerateAsync (-1,-30,1)
[+01:27:34.555] VoxelChunk: GenerateAsync (7,-26,1)
[+01:27:34.555] VoxelChunk: GenerateAsync (7,-30,1)
[+01:27:34.556] VoxelChunk: GenerateAsync (5,-24,1)
[+01:27:34.556] VoxelChunk: GenerateAsync (5,-32,1)
[+01:27:34.556] VoxelChunk: GenerateAsync (2,-23,0)
[+01:27:34.556] VoxelChunk: GenerateAsync (-2,-29,0)
[+01:27:34.556] VoxelChunk: GenerateAsync (8,-27,0)
[+01:27:34.556] VoxelChunk: GenerateAsync (4,-25,2)
[+01:27:34.556] VoxelChunk: GenerateAsync (-2,-27,0)
[+01:27:34.556] VoxelChunk: GenerateAsync (4,-23,0)
[+01:27:34.556] VoxelChunk: GenerateAsync (2,-33,0)
[+01:27:34.556] VoxelChunk: GenerateAsync (8,-29,0)
[+01:27:34.556] VoxelMesh: Chunk X=5 Y=-25 Z=2 FlatVerts=12 SlopeVerts=186
[+01:27:34.556] VoxelChunk: GenerateAsync (2,-25,2)
[+01:27:34.556] VoxelChunk: GenerateAsync (6,-27,2)
[+01:27:34.556] VoxelMesh: Chunk X=0 Y=-30 Z=2 FlatVerts=0 SlopeVerts=0
[+01:27:34.556] VoxelChunk: GenerateAsync (3,-27,0)
[+01:27:34.556] VoxelChunk: GenerateAsync (2,-28,0)
[+01:27:34.556] VoxelChunk: GenerateAsync (4,-33,0)
[+01:27:34.556] VoxelChunk: GenerateAsync (0,-27,2)
[+01:27:34.556] VoxelChunk: GenerateAsync (6,-29,2)
[+01:27:34.556] VoxelChunk: GenerateAsync (3,-28,0)
[+01:27:34.556] VoxelChunk: GenerateAsync (2,-31,2)
[+01:27:34.556] VoxelChunk: GenerateAsync (4,-31,2)
[+01:27:34.556] VoxelChunk: GenerateAsync (0,-29,2)
[+01:27:34.556] VoxelChunk: GenerateAsync (6,-28,2)
[+01:27:34.556] VoxelChunk: GenerateAsync (3,-25,2)
[+01:27:34.556] VoxelChunk: GenerateAsync (3,-31,2)
[+01:27:34.556] VoxelChunk: GenerateAsync (0,-25,1)
[+01:27:34.556] VoxelMesh: Chunk X=6 Y=-26 Z=2 FlatVerts=0 SlopeVerts=138
[+01:27:34.556] VoxelChunk: GenerateAsync (6,-25,1)
[+01:27:34.556] VoxelChunk: GenerateAsync (0,-28,2)
[+01:27:34.556] VoxelMesh: Chunk X=1 Y=-24 Z=1 FlatVerts=30 SlopeVerts=66
[+01:27:34.556] VoxelChunk: GenerateAsync (8,-28,0)
[+01:27:34.556] VoxelChunk: GenerateAsync (6,-24,0)
[+01:27:34.556] VoxelChunk: GenerateAsync (0,-24,0)
[+01:27:34.556] VoxelChunk: GenerateAsync (6,-32,0)
[+01:27:34.556] VoxelChunk: GenerateAsync (6,-31,1)
[+01:27:34.556] VoxelChunk: GenerateAsync (7,-25,0)
[+01:27:34.556] VoxelMesh: Chunk X=1 Y=-25 Z=2 FlatVerts=0 SlopeVerts=6
[+01:27:34.556] VoxelChunk: GenerateAsync (3,-33,0)
[+01:27:34.556] VoxelChunk: GenerateAsync (-1,-25,0)
[+01:27:34.556] VoxelChunk: GenerateAsync (0,-31,1)
[+01:27:34.556] VoxelChunk: GenerateAsync (0,-32,0)
[+01:27:34.556] VoxelChunk: GenerateAsync (-2,-28,0)
[+01:27:34.556] VoxelChunk: GenerateAsync (3,-23,0)
[+01:27:34.556] VoxelChunk: GenerateAsync (7,-31,0)
[+01:27:34.556] VoxelChunk: GenerateAsync (-1,-31,0)
[+01:27:34.556] VoxelChunk: GenerateAsync (5,-26,2)
[+01:27:34.556] VoxelChunk: GenerateAsync (-1,-29,1)
[+01:27:34.556] VoxelChunk: GenerateAsync (1,-26,2)
[+01:27:34.556] VoxelChunk: GenerateAsync (4,-32,1)
[+01:27:34.556] VoxelChunk: GenerateAsync (5,-30,2)
[+01:27:34.556] VoxelChunk: GenerateAsync (1,-30,2)
[+01:27:34.556] VoxelMesh: Chunk X=1 Y=-32 Z=1 FlatVerts=120 SlopeVerts=0
[+01:27:34.556] VoxelChunk: GenerateAsync (5,-23,0)
[+01:27:34.556] VoxelChunk: GenerateAsync (1,-33,0)
[+01:27:34.556] VoxelChunk: GenerateAsync (1,-23,0)
[+01:27:34.556] VoxelChunk: GenerateAsync (6,-30,2)
[+01:27:34.556] VoxelChunk: GenerateAsync (5,-33,0)
[+01:27:34.556] VoxelChunk: GenerateAsync (8,-30,0)
[+01:27:34.556] VoxelChunk: GenerateAsync (0,-26,2)
[+01:27:34.556] VoxelChunk: GenerateAsync (1,-31,2)
[+01:27:34.556] VoxelMesh: Chunk X=-1 Y=-26 Z=1 FlatVerts=18 SlopeVerts=60
[+01:27:34.556] VoxelChunk: GenerateAsync (5,-31,2)
[+01:27:34.556] VoxelChunk: GenerateAsync (8,-26,0)
[+01:27:34.556] VoxelChunk: GenerateAsync (1,-28,3)
[+01:27:34.556] VoxelChunk: GenerateAsync (3,-26,3)
[+01:27:34.556] VoxelMesh: Chunk X=-1 Y=-30 Z=1 FlatVerts=156 SlopeVerts=0
[+01:27:34.556] VoxelChunk: GenerateAsync (5,-28,3)
[+01:27:34.556] VoxelChunk: GenerateAsync (3,-30,3)
[+01:27:34.556] VoxelChunk: GenerateAsync (3,-24,2)
[+01:27:34.556] VoxelChunk: GenerateAsync (4,-26,3)
[+01:27:34.556] VoxelChunk: GenerateAsync (-1,-25,1)
[+01:27:34.556] VoxelChunk: GenerateAsync (3,-33,1)
[+01:27:34.557] VoxelChunk: GenerateAsync (-1,-31,1)
[+01:27:34.557] VoxelMesh: Chunk X=7 Y=-26 Z=1 FlatVerts=78 SlopeVerts=54
[+01:27:34.557] VoxelMesh: Chunk X=7 Y=-30 Z=1 FlatVerts=168 SlopeVerts=0
[+01:27:34.557] VoxelChunk: GenerateAsync (2,-26,3)
[+01:27:34.557] VoxelMesh: Chunk X=5 Y=-32 Z=1 FlatVerts=54 SlopeVerts=72
[+01:27:34.557] VoxelChunk: GenerateAsync (7,-24,0)
[+01:27:34.557] VoxelChunk: GenerateAsync (5,-27,3)
[+01:27:34.557] VoxelChunk: GenerateAsync (-1,-32,0)
[+01:27:34.557] VoxelChunk: GenerateAsync (3,-32,2)
[+01:27:34.557] VoxelChunk: GenerateAsync (-1,-24,0)
[+01:27:34.557] VoxelChunk: GenerateAsync (7,-25,1)
[+01:27:34.557] VoxelMesh: Chunk X=5 Y=-24 Z=1 FlatVerts=6 SlopeVerts=78
[+01:27:34.557] VoxelMesh: Chunk X=8 Y=-27 Z=0 FlatVerts=6 SlopeVerts=0
[+01:27:34.557] VoxelChunk: GenerateAsync (-1,-28,2)
[+01:27:34.557] VoxelChunk: GenerateAsync (7,-31,1)
[+01:27:34.557] VoxelChunk: GenerateAsync (8,-28,1)
[+01:27:34.557] VoxelChunk: GenerateAsync (7,-32,0)
[+01:27:34.557] VoxelChunk: GenerateAsync (0,-24,1)
[+01:27:34.557] VoxelChunk: GenerateAsync (2,-30,3)
[+01:27:34.557] VoxelChunk: GenerateAsync (0,-32,1)
[+01:27:34.557] VoxelChunk: GenerateAsync (-2,-28,1)
[+01:27:34.557] VoxelChunk: GenerateAsync (5,-29,3)
[+01:27:34.557] VoxelChunk: GenerateAsync (6,-32,1)
[+01:27:34.557] VoxelMesh: Chunk X=4 Y=-25 Z=2 FlatVerts=0 SlopeVerts=156
[+01:27:34.557] VoxelChunk: GenerateAsync (6,-24,1)
[+01:27:34.557] VoxelChunk: GenerateAsync (4,-30,3)
[+01:27:34.557] VoxelChunk: GenerateAsync (7,-28,2)
[+01:27:34.557] VoxelChunk: GenerateAsync (1,-27,3)
[+01:27:34.557] VoxelChunk: GenerateAsync (3,-23,1)
[+01:27:34.557] VoxelChunk: GenerateAsync (1,-29,3)
[+01:27:34.557] VoxelChunk: GenerateAsync (2,-23,1)
[+01:27:34.557] VoxelChunk: GenerateAsync (2,-24,2)
[+01:27:34.557] VoxelChunk: GenerateAsync (4,-23,1)
[+01:27:34.557] VoxelChunk: GenerateAsync (8,-29,1)
[+01:27:34.557] VoxelChunk: GenerateAsync (2,-33,1)
[+01:27:34.557] VoxelMesh: Chunk X=2 Y=-25 Z=2 FlatVerts=6 SlopeVerts=0
[+01:27:34.557] VoxelChunk: GenerateAsync (4,-24,2)
[+01:27:34.557] VoxelChunk: GenerateAsync (8,-27,1)
[+01:27:34.557] VoxelChunk: GenerateAsync (4,-33,1)
[+01:27:34.557] VoxelMesh: Chunk X=6 Y=-27 Z=2 FlatVerts=30 SlopeVerts=0
[+01:27:34.557] VoxelMesh: Chunk X=8 Y=-29 Z=0 FlatVerts=36 SlopeVerts=0
[+01:27:34.558] VoxelChunk: GenerateAsync (-2,-27,1)
[+01:27:34.558] VoxelChunk: GenerateAsync (4,-32,2)
[+01:27:34.558] VoxelMesh: Chunk X=6 Y=-29 Z=2 FlatVerts=0 SlopeVerts=0
[+01:27:34.558] VoxelMesh: Chunk X=4 Y=-31 Z=2 FlatVerts=0 SlopeVerts=0
[+01:27:34.558] VoxelMesh: Chunk X=0 Y=-27 Z=2 FlatVerts=0 SlopeVerts=6
[+01:27:34.558] VoxelMesh: Chunk X=0 Y=-29 Z=2 FlatVerts=0 SlopeVerts=6
[+01:27:34.558] VoxelMesh: Chunk X=6 Y=-28 Z=2 FlatVerts=18 SlopeVerts=6
[+01:27:34.558] VoxelChunk: GenerateAsync (7,-27,2)
[+01:27:34.559] VoxelMesh: Chunk X=3 Y=-31 Z=2 FlatVerts=0 SlopeVerts=0
[+01:27:34.559] VoxelMesh: Chunk X=3 Y=-25 Z=2 FlatVerts=0 SlopeVerts=24
[+01:27:34.559] VoxelMesh: Chunk X=0 Y=-25 Z=1 FlatVerts=6 SlopeVerts=60
[+01:27:34.559] VoxelMesh: Chunk X=8 Y=-28 Z=0 FlatVerts=12 SlopeVerts=0
[+01:27:34.559] VoxelMesh: Chunk X=6 Y=-25 Z=1 FlatVerts=0 SlopeVerts=0
[+01:27:34.559] VoxelMesh: Chunk X=0 Y=-28 Z=2 FlatVerts=0 SlopeVerts=174
[+01:27:34.559] VoxelChunk: GenerateAsync (-1,-29,2)
[+01:27:34.559] VoxelMesh: Chunk X=6 Y=-31 Z=1 FlatVerts=120 SlopeVerts=0
[+01:27:34.559] VoxelMesh: Chunk X=6 Y=-32 Z=0 FlatVerts=60 SlopeVerts=0
[+01:27:34.559] VoxelMesh: Chunk X=0 Y=-31 Z=1 FlatVerts=96 SlopeVerts=0
[+01:27:34.560] VoxelChunk: GenerateAsync (7,-29,2)
[+01:27:34.560] VoxelMesh: Chunk X=7 Y=-31 Z=0 FlatVerts=66 SlopeVerts=6
[+01:27:34.560] VoxelMesh: Chunk X=5 Y=-26 Z=2 FlatVerts=0 SlopeVerts=12
[+01:27:34.560] VoxelMesh: Chunk X=-1 Y=-29 Z=1 FlatVerts=66 SlopeVerts=60
[+01:27:34.560] VoxelMesh: Chunk X=4 Y=-32 Z=1 FlatVerts=0 SlopeVerts=126
[+01:27:34.560] VoxelChunk: GenerateAsync (2,-32,2)
[+01:27:34.560] VoxelMesh: Chunk X=1 Y=-26 Z=2 FlatVerts=0 SlopeVerts=0
[+01:27:34.561] VoxelMesh: Chunk X=5 Y=-30 Z=2 FlatVerts=24 SlopeVerts=6
[+01:27:34.561] VoxelMesh: Chunk X=6 Y=-30 Z=2 FlatVerts=0 SlopeVerts=0
[+01:27:34.561] VoxelMesh: Chunk X=8 Y=-30 Z=0 FlatVerts=66 SlopeVerts=12
[+01:27:34.561] VoxelMesh: Chunk X=5 Y=-33 Z=0 FlatVerts=0 SlopeVerts=0
[+01:27:34.561] VoxelMesh: Chunk X=0 Y=-26 Z=2 FlatVerts=0 SlopeVerts=66
[+01:27:34.561] VoxelMesh: Chunk X=5 Y=-31 Z=2 FlatVerts=0 SlopeVerts=0
[+01:27:34.561] VoxelMesh: Chunk X=1 Y=-28 Z=3 FlatVerts=0 SlopeVerts=30
[+01:27:34.561] VoxelMesh: Chunk X=3 Y=-26 Z=3 FlatVerts=6 SlopeVerts=186
[+01:27:34.562] VoxelMesh: Chunk X=4 Y=-26 Z=3 FlatVerts=0 SlopeVerts=0
[+01:27:34.562] VoxelMesh: Chunk X=3 Y=-24 Z=2 FlatVerts=6 SlopeVerts=36
[+01:27:34.562] VoxelMesh: Chunk X=-1 Y=-31 Z=1 FlatVerts=96 SlopeVerts=0
[+01:27:34.562] VoxelMesh: Chunk X=-1 Y=-25 Z=1 FlatVerts=114 SlopeVerts=42
[+01:27:34.562] VoxelMesh: Chunk X=3 Y=-33 Z=1 FlatVerts=126 SlopeVerts=0
[+01:27:34.562] VoxelMesh: Chunk X=2 Y=-26 Z=3 FlatVerts=24 SlopeVerts=252
[+01:27:34.562] VoxelMesh: Chunk X=3 Y=-32 Z=2 FlatVerts=6 SlopeVerts=150
[+01:27:34.563] VoxelMesh: Chunk X=7 Y=-31 Z=1 FlatVerts=84 SlopeVerts=96
[+01:27:34.563] VoxelMesh: Chunk X=8 Y=-28 Z=1 FlatVerts=114 SlopeVerts=0
[+01:27:34.563] VoxelMesh: Chunk X=-1 Y=-28 Z=2 FlatVerts=0 SlopeVerts=54
[+01:27:34.563] VoxelMesh: Chunk X=7 Y=-25 Z=1 FlatVerts=0 SlopeVerts=0
[+01:27:34.563] VoxelMesh: Chunk X=0 Y=-24 Z=1 FlatVerts=96 SlopeVerts=48
[+01:27:34.563] VoxelMesh: Chunk X=0 Y=-32 Z=1 FlatVerts=138 SlopeVerts=0
[+01:27:34.563] VoxelMesh: Chunk X=7 Y=-32 Z=0 FlatVerts=6 SlopeVerts=12
[+01:27:34.563] VoxelMesh: Chunk X=6 Y=-32 Z=1 FlatVerts=144 SlopeVerts=24
[+01:27:34.563] VoxelMesh: Chunk X=7 Y=-28 Z=2 FlatVerts=0 SlopeVerts=0
[+01:27:34.563] VoxelMesh: Chunk X=6 Y=-24 Z=1 FlatVerts=6 SlopeVerts=66
[+01:27:34.564] VoxelMesh: Chunk X=1 Y=-27 Z=3 FlatVerts=18 SlopeVerts=216
[+01:27:34.564] VoxelMesh: Chunk X=3 Y=-23 Z=1 FlatVerts=0 SlopeVerts=42
[+01:27:34.564] VoxelMesh: Chunk X=2 Y=-23 Z=1 FlatVerts=42 SlopeVerts=36
[+01:27:34.564] VoxelMesh: Chunk X=2 Y=-24 Z=2 FlatVerts=0 SlopeVerts=162
[+01:27:34.564] VoxelMesh: Chunk X=8 Y=-29 Z=1 FlatVerts=138 SlopeVerts=0
[+01:27:34.564] VoxelMesh: Chunk X=2 Y=-33 Z=1 FlatVerts=126 SlopeVerts=0
[+01:27:34.564] VoxelMesh: Chunk X=4 Y=-23 Z=1 FlatVerts=0 SlopeVerts=18
[+01:27:34.564] VoxelMesh: Chunk X=8 Y=-27 Z=1 FlatVerts=132 SlopeVerts=0
[+01:27:34.564] VoxelMesh: Chunk X=4 Y=-24 Z=2 FlatVerts=18 SlopeVerts=138
[+01:27:34.564] VoxelMesh: Chunk X=4 Y=-32 Z=2 FlatVerts=96 SlopeVerts=108
[+01:27:34.564] VoxelMesh: Chunk X=4 Y=-33 Z=1 FlatVerts=6 SlopeVerts=6
[+01:27:34.565] VoxelMesh: Chunk X=-2 Y=-27 Z=1 FlatVerts=0 SlopeVerts=0
[+01:27:34.565] VoxelMesh: Chunk X=-1 Y=-29 Z=2 FlatVerts=0 SlopeVerts=594
[+01:27:34.579] VoxelChunk: GenerateAsync (-1,-27,2)
[+01:27:34.579] VoxelMesh: Chunk X=5 Y=-25 Z=-5 FlatVerts=114 SlopeVerts=354
[+01:27:34.579] VoxelMesh: Chunk X=-1 Y=-27 Z=2 FlatVerts=18 SlopeVerts=1152
[+01:27:34.579] VoxelChunk: GenerateAsync (-2,-29,1)
[+01:27:34.580] VoxelChunk: GenerateAsync (0,-25,2)
[+01:27:34.580] VoxelMesh: Chunk X=-2 Y=-29 Z=1 FlatVerts=6 SlopeVerts=30
[+01:27:34.580] VoxelMesh: Chunk X=0 Y=-25 Z=2 FlatVerts=0 SlopeVerts=786
[+01:27:34.580] VoxelChunk: GenerateAsync (0,-33,0)
[+01:27:34.588] VoxelMesh: Chunk X=6 Y=-28 Z=-5 FlatVerts=0 SlopeVerts=438
[+01:27:34.589] VoxelChunk: GenerateAsync (6,-33,0)
[+01:27:34.590] VoxelChunk: GenerateAsync (6,-25,2)
[+01:27:34.590] VoxelMesh: Chunk X=6 Y=-25 Z=2 FlatVerts=0 SlopeVerts=12
[+01:27:34.590] VoxelMesh: Chunk X=0 Y=-28 Z=-5 FlatVerts=6 SlopeVerts=90
[+01:27:34.591] VoxelChunk: GenerateAsync (0,-23,0)
[+01:27:34.592] VoxelMesh: Chunk X=3 Y=-25 Z=-5 FlatVerts=0 SlopeVerts=696
[+01:27:34.592] VoxelChunk: GenerateAsync (-2,-31,0)
[+01:27:34.599] VoxelChunk: GenerateAsync (6,-31,2)
[+01:27:34.600] VoxelChunk: GenerateAsync (8,-31,0)
[+01:27:34.600] VoxelMesh: Chunk X=5 Y=-30 Z=-5 FlatVerts=0 SlopeVerts=252
[+01:27:34.600] VoxelChunk: GenerateAsync (6,-23,0)
[+01:27:34.602] VoxelChunk: GenerateAsync (0,-31,2)
[+01:27:34.610] VoxelChunk: GenerateAsync (8,-25,0)
[+01:27:34.610] VoxelChunk: GenerateAsync (-2,-25,0)
[+01:27:34.612] VoxelChunk: GenerateAsync (1,-26,3)
[+01:27:34.612] VoxelChunk: GenerateAsync (5,-30,3)
[+01:27:34.613] VoxelMesh: Chunk X=1 Y=-26 Z=3 FlatVerts=54 SlopeVerts=738
[+01:27:34.619] VoxelChunk: GenerateAsync (1,-30,3)
[+01:27:34.621] VoxelChunk: GenerateAsync (5,-26,3)
[+01:27:34.622] VoxelChunk: GenerateAsync (5,-23,1)
[+01:27:34.623] VoxelChunk: GenerateAsync (8,-30,1)
[+01:27:34.623] VoxelMesh: Chunk X=5 Y=-26 Z=3 FlatVerts=0 SlopeVerts=0
[+01:27:34.623] VoxelMesh: Chunk X=5 Y=-23 Z=1 FlatVerts=1278 SlopeVerts=1290
[+01:27:34.624] VoxelMesh: Chunk X=8 Y=-30 Z=1 FlatVerts=1398 SlopeVerts=1464
[+01:27:34.631] VoxelChunk: GenerateAsync (1,-23,1)
[+01:27:34.632] VoxelMesh: Chunk X=1 Y=-23 Z=1 FlatVerts=480 SlopeVerts=30
[+01:27:34.632] VoxelChunk: GenerateAsync (-2,-26,1)
[+01:27:34.633] VoxelMesh: Chunk X=3 Y=-30 Z=-5 FlatVerts=60 SlopeVerts=4764
[+01:27:34.633] VoxelMesh: Chunk X=-2 Y=-26 Z=1 FlatVerts=0 SlopeVerts=30
[+01:27:34.634] VoxelChunk: GenerateAsync (-2,-30,1)
[+01:27:34.634] VoxelChunk: GenerateAsync (1,-32,2)
[+01:27:34.635] VoxelMesh: Chunk X=-2 Y=-30 Z=1 FlatVerts=576 SlopeVerts=582
[+01:27:34.644] VoxelChunk: GenerateAsync (1,-33,1)
[+01:27:34.645] VoxelChunk: GenerateAsync (5,-33,1)
[+01:27:34.645] VoxelChunk: GenerateAsync (8,-26,1)
[+01:27:34.645] VoxelMesh: Chunk X=1 Y=-33 Z=1 FlatVerts=1794 SlopeVerts=0
[+01:27:34.646] VoxelMesh: Chunk X=8 Y=-26 Z=1 FlatVerts=330 SlopeVerts=282
[+01:27:34.646] VoxelMesh: Chunk X=5 Y=-33 Z=1 FlatVerts=0 SlopeVerts=408
[+01:27:34.646] VoxelChunk: GenerateAsync (5,-32,2)
[+01:27:34.647] VoxelMesh: Chunk X=5 Y=-32 Z=2 FlatVerts=0 SlopeVerts=18
[+01:27:34.654] VoxelChunk: GenerateAsync (-1,-30,2)
[+01:27:34.655] VoxelChunk: GenerateAsync (7,-30,2)
[+01:27:34.656] VoxelChunk: GenerateAsync (3,-31,3)
[+01:27:34.657] VoxelChunk: GenerateAsync (3,-25,3)
[+01:27:34.657] VoxelMesh: Chunk X=3 Y=-25 Z=3 FlatVerts=720 SlopeVerts=5190
[+01:27:34.667] VoxelChunk: GenerateAsync (5,-24,2)
[+01:27:34.668] VoxelChunk: GenerateAsync (1,-24,2)
[+01:27:34.668] VoxelChunk: GenerateAsync (7,-26,2)
[+01:27:34.668] VoxelMesh: Chunk X=5 Y=-24 Z=2 FlatVerts=156 SlopeVerts=2436
[+01:27:34.669] VoxelChunk: GenerateAsync (6,-28,3)
[+01:27:34.669] VoxelMesh: Chunk X=1 Y=-24 Z=2 FlatVerts=0 SlopeVerts=2244
[+01:27:34.670] VoxelMesh: Chunk X=7 Y=-26 Z=2 FlatVerts=0 SlopeVerts=2286
[+01:27:34.679] VoxelChunk: GenerateAsync (0,-28,3)
[+01:27:34.680] VoxelChunk: GenerateAsync (-1,-26,2)
[+01:27:34.680] VoxelMesh: Chunk X=0 Y=-28 Z=3 FlatVerts=0 SlopeVerts=732
[+01:27:34.680] VoxelMesh: Chunk X=-1 Y=-26 Z=2 FlatVerts=252 SlopeVerts=678
[+01:27:34.680] VoxelChunk: GenerateAsync (6,-29,3)
[+01:27:34.681] VoxelChunk: GenerateAsync (0,-27,3)
[+01:27:34.682] VoxelMesh: Chunk X=0 Y=-27 Z=3 FlatVerts=798 SlopeVerts=2778
[+01:27:34.690] VoxelChunk: GenerateAsync (4,-25,3)
[+01:27:34.690] VoxelChunk: GenerateAsync (6,-27,3)
[+01:27:34.691] VoxelMesh: Chunk X=4 Y=-25 Z=3 FlatVerts=156 SlopeVerts=3438
[+01:27:34.691] VoxelChunk: GenerateAsync (0,-29,3)
[+01:27:34.692] VoxelChunk: GenerateAsync (2,-25,3)
[+01:27:34.693] VoxelMesh: Chunk X=2 Y=-25 Z=3 FlatVerts=318 SlopeVerts=3042
[+01:27:34.701] VoxelChunk: GenerateAsync (2,-31,3)
[+01:27:34.702] VoxelChunk: GenerateAsync (4,-31,3)
[+01:27:34.704] VoxelChunk: GenerateAsync (7,-24,1)
[+01:27:34.707] VoxelMesh: Chunk X=7 Y=-24 Z=1 FlatVerts=0 SlopeVerts=96
[+01:27:34.708] VoxelMesh: Chunk X=0 Y=0 Z=0 FlatVerts=24 SlopeVerts=2574
[+01:27:34.708] VoxelChunk: GenerateAsync (-1,-24,1)
[+01:27:34.709] VoxelMesh: Chunk X=-1 Y=-24 Z=1 FlatVerts=1770 SlopeVerts=0
[+01:27:34.736] VoxelWater: Chunk X=5 Y=-25 Z=2 emitted 4 procedural water vertices (Ocean/Pools)
[+01:27:34.736] VoxelWater: Chunk X=2 Y=-25 Z=3 emitted 20 procedural water vertices (Ocean/Pools)
[+01:27:34.736] VoxelWater: Chunk X=4 Y=-25 Z=2 emitted 52 procedural water vertices (Ocean/Pools)
[+01:27:34.737] VoxelWater: Chunk X=4 Y=-25 Z=3 emitted 68 procedural water vertices (Ocean/Pools)
[+01:27:34.737] VoxelWater: Chunk X=0 Y=-27 Z=3 emitted 48 procedural water vertices (Ocean/Pools)
[+01:27:34.737] VoxelWater: Chunk X=1 Y=-27 Z=3 emitted 180 procedural water vertices (Ocean/Pools)
[+01:27:34.737] VoxelWater: Chunk X=5 Y=-25 Z=1 emitted 12 procedural water vertices (Ocean/Pools)
[+01:27:34.737] VoxelWater: Chunk X=4 Y=-25 Z=1 emitted 56 procedural water vertices (Ocean/Pools)
[+01:27:34.737] VoxelWater: Chunk X=1 Y=-24 Z=1 emitted 56 procedural water vertices (Ocean/Pools)
[+01:27:34.737] VoxelWater: Chunk X=0 Y=-24 Z=1 emitted 4 procedural water vertices (Ocean/Pools)
[+01:27:34.737] VoxelWater: Chunk X=6 Y=-27 Z=1 emitted 108 procedural water vertices (Ocean/Pools)
[+01:27:34.737] VoxelWater: Chunk X=-1 Y=-30 Z=1 emitted 44 procedural water vertices (Ocean/Pools)
[+01:27:34.737] VoxelWater: Chunk X=-1 Y=-29 Z=1 emitted 68 procedural water vertices (Ocean/Pools)
[+01:27:34.737] VoxelWater: Chunk X=7 Y=-26 Z=1 emitted 40 procedural water vertices (Ocean/Pools)
[+01:27:34.738] VoxelWater: Chunk X=7 Y=-30 Z=1 emitted 84 procedural water vertices (Ocean/Pools)
[+01:27:34.738] VoxelWater: Chunk X=5 Y=-32 Z=1 emitted 8 procedural water vertices (Ocean/Pools)
[+01:27:34.738] VoxelWater: Chunk X=4 Y=-26 Z=2 emitted 8 procedural water vertices (Ocean/Pools)
[+01:27:34.738] VoxelWater: Chunk X=4 Y=-31 Z=1 emitted 24 procedural water vertices (Ocean/Pools)
[+01:27:34.738] VoxelWater: Chunk X=6 Y=-29 Z=1 emitted 4 procedural water vertices (Ocean/Pools)
[+01:27:34.738] VoxelWater: Chunk X=2 Y=-28 Z=1 emitted 212 procedural water vertices (Ocean/Pools)
[+01:27:34.738] VoxelWater: Chunk X=2 Y=-28 Z=2 emitted 308 procedural water vertices (Ocean/Pools)
[+01:27:34.738] VoxelWater: Chunk X=3 Y=-28 Z=2 emitted 288 procedural water vertices (Ocean/Pools)
[+01:27:34.738] VoxelWater: Chunk X=2 Y=-27 Z=2 emitted 220 procedural water vertices (Ocean/Pools)
[+01:27:34.738] VoxelWater: Chunk X=2 Y=-27 Z=3 emitted 160 procedural water vertices (Ocean/Pools)
[+01:27:34.738] VoxelWater: Chunk X=3 Y=-27 Z=3 emitted 124 procedural water vertices (Ocean/Pools)
[+01:27:34.738] VoxelWater: Chunk X=1 Y=-27 Z=2 emitted 60 procedural water vertices (Ocean/Pools)
[+01:27:34.738] VoxelWater: Chunk X=3 Y=-27 Z=2 emitted 488 procedural water vertices (Ocean/Pools)
[+01:27:34.738] VoxelWater: Chunk X=3 Y=-29 Z=1 emitted 124 procedural water vertices (Ocean/Pools)
[+01:27:34.738] VoxelWater: Chunk X=3 Y=-29 Z=2 emitted 16 procedural water vertices (Ocean/Pools)
[+01:27:34.738] VoxelWater: Chunk X=0 Y=-29 Z=1 emitted 44 procedural water vertices (Ocean/Pools)
[+01:27:34.738] VoxelWater: Chunk X=3 Y=-28 Z=1 emitted 160 procedural water vertices (Ocean/Pools)
[+01:27:34.738] VoxelWater: Chunk X=2 Y=-31 Z=1 emitted 24 procedural water vertices (Ocean/Pools)
[+01:27:34.738] VoxelWater: Chunk X=3 Y=-27 Z=1 emitted 40 procedural water vertices (Ocean/Pools)
[+01:27:34.738] VoxelWater: Chunk X=3 Y=-26 Z=2 emitted 104 procedural water vertices (Ocean/Pools)
[+01:27:34.738] VoxelWater: Chunk X=4 Y=-27 Z=2 emitted 108 procedural water vertices (Ocean/Pools)
[+01:27:34.738] VoxelWater: Chunk X=4 Y=-29 Z=1 emitted 72 procedural water vertices (Ocean/Pools)
[+01:27:34.738] VoxelWater: Chunk X=4 Y=-29 Z=2 emitted 32 procedural water vertices (Ocean/Pools)
[+01:27:34.738] VoxelWater: Chunk X=4 Y=-28 Z=1 emitted 100 procedural water vertices (Ocean/Pools)
[+01:27:34.738] VoxelWater: Chunk X=4 Y=-28 Z=2 emitted 88 procedural water vertices (Ocean/Pools)
[+01:27:34.738] VoxelWater: Chunk X=5 Y=-28 Z=2 emitted 52 procedural water vertices (Ocean/Pools)
[+01:27:34.738] VoxelWater: Chunk X=4 Y=-27 Z=1 emitted 144 procedural water vertices (Ocean/Pools)
[+01:27:34.738] VoxelWater: Chunk X=6 Y=-27 Z=2 emitted 12 procedural water vertices (Ocean/Pools)
[+01:27:34.738] VoxelWater: Chunk X=3 Y=-31 Z=1 emitted 4 procedural water vertices (Ocean/Pools)
[+01:27:34.738] VoxelWater: Chunk X=6 Y=-28 Z=1 emitted 72 procedural water vertices (Ocean/Pools)
[+01:27:34.738] VoxelWater: Chunk X=6 Y=-26 Z=1 emitted 4 procedural water vertices (Ocean/Pools)
[+01:27:34.738] VoxelWater: Chunk X=5 Y=-26 Z=1 emitted 104 procedural water vertices (Ocean/Pools)
[+01:27:34.738] VoxelWater: Chunk X=1 Y=-30 Z=1 emitted 36 procedural water vertices (Ocean/Pools)
[+01:27:34.738] VoxelWater: Chunk X=1 Y=-29 Z=1 emitted 8 procedural water vertices (Ocean/Pools)
[+01:27:34.738] VoxelWater: Chunk X=7 Y=-26 Z=2 emitted 24 procedural water vertices (Ocean/Pools)
[+01:27:34.738] VoxelWater: Chunk X=1 Y=-24 Z=2 emitted 52 procedural water vertices (Ocean/Pools)
[+01:27:34.738] VoxelWater: Chunk X=1 Y=-25 Z=2 emitted 4 procedural water vertices (Ocean/Pools)
[+01:27:34.738] VoxelWater: Chunk X=6 Y=-28 Z=2 emitted 12 procedural water vertices (Ocean/Pools)
[+01:27:34.738] VoxelWater: Chunk X=3 Y=-25 Z=3 emitted 40 procedural water vertices (Ocean/Pools)
[+01:27:34.738] VoxelWater: Chunk X=5 Y=-32 Z=2 emitted 12 procedural water vertices (Ocean/Pools)
[+01:27:34.738] VoxelWater: Chunk X=4 Y=-32 Z=2 emitted 124 procedural water vertices (Ocean/Pools)
[+01:27:34.738] VoxelWater: Chunk X=5 Y=-30 Z=1 emitted 44 procedural water vertices (Ocean/Pools)
[+01:27:34.738] VoxelWater: Chunk X=-2 Y=-30 Z=1 emitted 20 procedural water vertices (Ocean/Pools)
[+01:27:34.738] VoxelWater: Chunk X=0 Y=-28 Z=2 emitted 44 procedural water vertices (Ocean/Pools)
[+01:27:34.739] VoxelWater: Chunk X=6 Y=-31 Z=1 emitted 16 procedural water vertices (Ocean/Pools)
[+01:27:34.739] VoxelWater: Chunk X=5 Y=-23 Z=1 emitted 24 procedural water vertices (Ocean/Pools)
[+01:27:34.739] VoxelWater: Chunk X=2 Y=-30 Z=1 emitted 12 procedural water vertices (Ocean/Pools)
[+01:27:34.739] VoxelWater: Chunk X=4 Y=-30 Z=1 emitted 4 procedural water vertices (Ocean/Pools)
[+01:27:34.739] VoxelWater: Chunk X=5 Y=-29 Z=1 emitted 8 procedural water vertices (Ocean/Pools)
[+01:27:34.739] VoxelWater: Chunk X=5 Y=-27 Z=1 emitted 60 procedural water vertices (Ocean/Pools)
[+01:27:34.739] VoxelWater: Chunk X=4 Y=-26 Z=1 emitted 160 procedural water vertices (Ocean/Pools)
[+01:27:34.739] VoxelWater: Chunk X=3 Y=-30 Z=1 emitted 40 procedural water vertices (Ocean/Pools)
[+01:27:34.739] VoxelWater: Chunk X=3 Y=-26 Z=1 emitted 32 procedural water vertices (Ocean/Pools)
[+01:27:34.739] VoxelWater: Chunk X=1 Y=-28 Z=1 emitted 32 procedural water vertices (Ocean/Pools)
[+01:27:34.739] VoxelWater: Chunk X=5 Y=-28 Z=1 emitted 96 procedural water vertices (Ocean/Pools)
[+01:27:34.739] VoxelWater: Chunk X=2 Y=-29 Z=1 emitted 84 procedural water vertices (Ocean/Pools)
[+01:27:34.739] VoxelWater: Chunk X=4 Y=-32 Z=1 emitted 84 procedural water vertices (Ocean/Pools)
[+01:27:34.739] VoxelWater: Chunk X=5 Y=-30 Z=2 emitted 36 procedural water vertices (Ocean/Pools)
[+01:27:34.739] VoxelWater: Chunk X=4 Y=-30 Z=2 emitted 80 procedural water vertices (Ocean/Pools)
[+01:27:34.739] VoxelWater: Chunk X=6 Y=-25 Z=1 emitted 8 procedural water vertices (Ocean/Pools)
[+01:27:34.739] VoxelWater: Chunk X=1 Y=-28 Z=2 emitted 92 procedural water vertices (Ocean/Pools)
[+01:27:34.739] VoxelWater: Chunk X=3 Y=-30 Z=2 emitted 16 procedural water vertices (Ocean/Pools)
[+01:27:34.739] VoxelWater: Chunk X=5 Y=-31 Z=1 emitted 92 procedural water vertices (Ocean/Pools)
[+01:27:34.739] VoxelWater: Chunk X=6 Y=-30 Z=1 emitted 104 procedural water vertices (Ocean/Pools)
[+01:27:34.739] VoxelWater: Chunk X=2 Y=-26 Z=2 emitted 108 procedural water vertices (Ocean/Pools)
[+01:27:34.739] VoxelWater: Chunk X=5 Y=-27 Z=2 emitted 52 procedural water vertices (Ocean/Pools)
[+01:27:34.739] VoxelWater: Chunk X=3 Y=-32 Z=1 emitted 72 procedural water vertices (Ocean/Pools)
[+01:27:34.739] VoxelWater: Chunk X=7 Y=-28 Z=1 emitted 4 procedural water vertices (Ocean/Pools)
[+01:27:34.739] VoxelWater: Chunk X=7 Y=-29 Z=1 emitted 56 procedural water vertices (Ocean/Pools)
[+01:27:34.739] VoxelWater: Chunk X=4 Y=-24 Z=1 emitted 20 procedural water vertices (Ocean/Pools)
[+01:27:34.739] VoxelWater: Chunk X=2 Y=-24 Z=1 emitted 4 procedural water vertices (Ocean/Pools)
[+01:27:34.739] VoxelWater: Chunk X=8 Y=-27 Z=1 emitted 36 procedural water vertices (Ocean/Pools)
[+01:27:34.739] VoxelWater: Chunk X=7 Y=-27 Z=1 emitted 24 procedural water vertices (Ocean/Pools)
[+01:27:34.739] VoxelWater: Chunk X=1 Y=-28 Z=3 emitted 24 procedural water vertices (Ocean/Pools)
[+01:27:34.739] VoxelWater: Chunk X=3 Y=-26 Z=3 emitted 24 procedural water vertices (Ocean/Pools)
[+01:27:34.739] VoxelWater: Chunk X=3 Y=-24 Z=2 emitted 32 procedural water vertices (Ocean/Pools)
[+01:27:34.739] VoxelWater: Chunk X=-1 Y=-25 Z=1 emitted 24 procedural water vertices (Ocean/Pools)
[+01:27:34.739] VoxelWater: Chunk X=3 Y=-32 Z=2 emitted 36 procedural water vertices (Ocean/Pools)
[+01:27:34.739] VoxelWater: Chunk X=7 Y=-31 Z=1 emitted 20 procedural water vertices (Ocean/Pools)
[+01:27:34.739] VoxelWater: Chunk X=8 Y=-28 Z=1 emitted 28 procedural water vertices (Ocean/Pools)
[+01:27:34.739] VoxelWater: Chunk X=6 Y=-32 Z=1 emitted 16 procedural water vertices (Ocean/Pools)
[+01:27:34.739] VoxelWater: Chunk X=2 Y=-23 Z=1 emitted 16 procedural water vertices (Ocean/Pools)
[+01:27:34.739] VoxelWater: Chunk X=2 Y=-24 Z=2 emitted 16 procedural water vertices (Ocean/Pools)
[+01:27:34.740] VoxelWater: Chunk X=8 Y=-29 Z=1 emitted 44 procedural water vertices (Ocean/Pools)
[+01:27:34.740] VoxelWater: Chunk X=4 Y=-24 Z=2 emitted 60 procedural water vertices (Ocean/Pools)
[+01:27:34.750] VoxelChunk: GenerateAsync (7,-32,1)
[+01:27:34.752] VoxelMesh: Chunk X=7 Y=-32 Z=1 FlatVerts=180 SlopeVerts=2070
[+01:27:34.755] VoxelMesh: Chunk X=0 Y=0 Z=0 FlatVerts=60 SlopeVerts=7488
[+01:27:34.757] VoxelChunk: GenerateAsync (-1,-32,1)
[+01:27:34.758] VoxelMesh: Chunk X=-1 Y=-32 Z=1 FlatVerts=1824 SlopeVerts=0
[+01:27:34.759] VoxelChunk: GenerateAsync (5,-31,3)
[+01:27:34.761] VoxelChunk: GenerateAsync (1,-31,3)
[+01:27:34.773] VoxelChunk: GenerateAsync (3,-28,4)
[+01:27:34.775] VoxelChunk: GenerateAsync (6,-26,3)
[+01:27:34.777] VoxelMesh: Chunk X=6 Y=-26 Z=3 FlatVerts=0 SlopeVerts=1008
[+01:27:34.777] VoxelChunk: GenerateAsync (0,-30,3)
[+01:27:34.779] VoxelChunk: GenerateAsync (0,-26,3)
[+01:27:34.780] VoxelMesh: Chunk X=0 Y=-26 Z=3 FlatVerts=228 SlopeVerts=2982
[+01:27:34.792] VoxelChunk: GenerateAsync (1,-25,3)
[+01:27:34.792] VoxelMesh: Chunk X=1 Y=-25 Z=3 FlatVerts=1092 SlopeVerts=1824
[+01:27:34.795] VoxelMesh: Chunk X=0 Y=0 Z=0 FlatVerts=0 SlopeVerts=0
[+01:27:34.795] VoxelChunk: GenerateAsync (6,-30,3)
[+01:27:34.798] VoxelChunk: GenerateAsync (5,-25,3)
[+01:27:34.799] VoxelMesh: Chunk X=5 Y=-25 Z=3 FlatVerts=588 SlopeVerts=1536
[+01:27:34.800] VoxelChunk: GenerateAsync (4,-28,4)
[+01:27:34.813] VoxelChunk: GenerateAsync (7,-33,0)
[+01:27:34.816] VoxelChunk: GenerateAsync (3,-33,2)
[+01:27:34.817] VoxelMesh: Chunk X=3 Y=-33 Z=2 FlatVerts=0 SlopeVerts=1248
[+01:27:34.818] VoxelChunk: GenerateAsync (3,-27,4)
[+01:27:34.820] VoxelChunk: GenerateAsync (-2,-28,2)
[+01:27:34.821] VoxelMesh: Chunk X=-2 Y=-28 Z=2 FlatVerts=6 SlopeVerts=1176
[+01:27:34.834] VoxelMesh: Chunk X=0 Y=0 Z=0 FlatVerts=54 SlopeVerts=7704
[+01:27:34.835] VoxelChunk: GenerateAsync (8,-28,2)
[+01:27:34.838] VoxelMesh: Chunk X=0 Y=0 Z=0 FlatVerts=6 SlopeVerts=1764
[+01:27:34.839] VoxelChunk: GenerateAsync (-2,-31,1)
[+01:27:34.841] VoxelMesh: Chunk X=-2 Y=-31 Z=1 FlatVerts=1230 SlopeVerts=414
[+01:27:34.841] VoxelChunk: GenerateAsync (0,-32,2)
[+01:27:34.846] VoxelMesh: Chunk X=0 Y=0 Z=0 FlatVerts=258 SlopeVerts=24864
[+01:27:34.848] VoxelChunk: GenerateAsync (-2,-32,0)
[+01:27:34.863] VoxelMesh: Chunk X=0 Y=0 Z=0 FlatVerts=252 SlopeVerts=28002
[+01:27:34.867] VoxelChunk: GenerateAsync (-1,-33,0)
[+01:27:34.869] VoxelChunk: GenerateAsync (3,-29,4)
[+01:27:34.871] VoxelChunk: GenerateAsync (6,-23,1)
[+01:27:34.872] VoxelMesh: Chunk X=6 Y=-23 Z=1 FlatVerts=1920 SlopeVerts=12
[+01:27:34.874] VoxelChunk: GenerateAsync (6,-32,2)
[+01:27:34.875] VoxelMesh: Chunk X=6 Y=-32 Z=2 FlatVerts=0 SlopeVerts=0
[+01:27:34.887] VoxelChunk: GenerateAsync (8,-31,1)
[+01:27:34.890] VoxelMesh: Chunk X=8 Y=-31 Z=1 FlatVerts=36 SlopeVerts=1266
[+01:27:34.891] VoxelChunk: GenerateAsync (8,-25,1)
[+01:27:34.893] VoxelMesh: Chunk X=8 Y=-25 Z=1 FlatVerts=0 SlopeVerts=96
[+01:27:34.894] VoxelChunk: GenerateAsync (-1,-25,2)
[+01:27:34.896] VoxelMesh: Chunk X=-1 Y=-25 Z=2 FlatVerts=0 SlopeVerts=78
[+01:27:34.898] VoxelMesh: Chunk X=0 Y=0 Z=0 FlatVerts=36 SlopeVerts=14016
[+01:27:34.900] VoxelChunk: GenerateAsync (0,-23,1)
[+01:27:34.901] VoxelMesh: Chunk X=0 Y=-23 Z=1 FlatVerts=1776 SlopeVerts=0
[+01:27:34.918] VoxelMesh: Chunk X=0 Y=0 Z=0 FlatVerts=60 SlopeVerts=2034
[+01:27:34.919] VoxelChunk: GenerateAsync (0,-33,1)
[+01:27:34.922] VoxelMesh: Chunk X=0 Y=-33 Z=1 FlatVerts=1848 SlopeVerts=0
[+01:27:34.922] VoxelChunk: GenerateAsync (0,-24,2)
[+01:27:34.924] VoxelMesh: Chunk X=0 Y=-24 Z=2 FlatVerts=0 SlopeVerts=504
[+01:27:34.924] VoxelChunk: GenerateAsync (8,-24,0)
[+01:27:34.926] VoxelChunk: GenerateAsync (-1,-31,2)
[+01:27:34.963] VoxelWater: Chunk X=5 Y=-25 Z=2 emitted 8 procedural water vertices (Ocean/Pools)
[+01:27:34.963] VoxelWater: Chunk X=2 Y=-25 Z=3 emitted 24 procedural water vertices (Ocean/Pools)
[+01:27:34.963] VoxelWater: Chunk X=4 Y=-25 Z=2 emitted 60 procedural water vertices (Ocean/Pools)
[+01:27:34.963] VoxelWater: Chunk X=4 Y=-25 Z=3 emitted 64 procedural water vertices (Ocean/Pools)
[+01:27:34.963] VoxelWater: Chunk X=5 Y=-25 Z=3 emitted 84 procedural water vertices (Ocean/Pools)
[+01:27:34.963] VoxelWater: Chunk X=0 Y=-27 Z=3 emitted 60 procedural water vertices (Ocean/Pools)
[+01:27:34.963] VoxelWater: Chunk X=1 Y=-27 Z=3 emitted 184 procedural water vertices (Ocean/Pools)
[+01:27:34.964] VoxelWater: Chunk X=1 Y=-25 Z=2 emitted 4 procedural water vertices (Ocean/Pools)
[+01:27:34.964] VoxelWater: Chunk X=4 Y=-25 Z=1 emitted 68 procedural water vertices (Ocean/Pools)
[+01:27:34.964] VoxelWater: Chunk X=5 Y=-25 Z=1 emitted 12 procedural water vertices (Ocean/Pools)
[+01:27:34.964] VoxelWater: Chunk X=4 Y=-26 Z=1 emitted 160 procedural water vertices (Ocean/Pools)
[+01:27:34.964] VoxelWater: Chunk X=1 Y=-24 Z=1 emitted 56 procedural water vertices (Ocean/Pools)
[+01:27:34.964] VoxelWater: Chunk X=0 Y=-24 Z=1 emitted 4 procedural water vertices (Ocean/Pools)
[+01:27:34.964] VoxelWater: Chunk X=7 Y=-27 Z=1 emitted 48 procedural water vertices (Ocean/Pools)
[+01:27:34.964] VoxelWater: Chunk X=6 Y=-27 Z=1 emitted 112 procedural water vertices (Ocean/Pools)
[+01:27:34.964] VoxelWater: Chunk X=-1 Y=-30 Z=1 emitted 52 procedural water vertices (Ocean/Pools)
[+01:27:34.964] VoxelWater: Chunk X=-1 Y=-29 Z=1 emitted 64 procedural water vertices (Ocean/Pools)
[+01:27:34.964] VoxelWater: Chunk X=7 Y=-26 Z=1 emitted 40 procedural water vertices (Ocean/Pools)
[+01:27:34.964] VoxelWater: Chunk X=7 Y=-30 Z=1 emitted 88 procedural water vertices (Ocean/Pools)
[+01:27:34.964] VoxelWater: Chunk X=5 Y=-32 Z=1 emitted 20 procedural water vertices (Ocean/Pools)
[+01:27:34.964] VoxelWater: Chunk X=4 Y=-26 Z=2 emitted 8 procedural water vertices (Ocean/Pools)
[+01:27:34.964] VoxelWater: Chunk X=4 Y=-31 Z=1 emitted 24 procedural water vertices (Ocean/Pools)
[+01:27:34.964] VoxelWater: Chunk X=6 Y=-29 Z=1 emitted 8 procedural water vertices (Ocean/Pools)
[+01:27:34.964] VoxelWater: Chunk X=2 Y=-28 Z=1 emitted 228 procedural water vertices (Ocean/Pools)
[+01:27:34.964] VoxelWater: Chunk X=2 Y=-28 Z=2 emitted 316 procedural water vertices (Ocean/Pools)
[+01:27:34.964] VoxelWater: Chunk X=3 Y=-28 Z=2 emitted 292 procedural water vertices (Ocean/Pools)
[+01:27:34.964] VoxelWater: Chunk X=2 Y=-27 Z=2 emitted 212 procedural water vertices (Ocean/Pools)
[+01:27:34.964] VoxelWater: Chunk X=2 Y=-27 Z=3 emitted 168 procedural water vertices (Ocean/Pools)
[+01:27:34.964] VoxelWater: Chunk X=3 Y=-27 Z=3 emitted 124 procedural water vertices (Ocean/Pools)
[+01:27:34.964] VoxelWater: Chunk X=1 Y=-27 Z=2 emitted 72 procedural water vertices (Ocean/Pools)
[+01:27:34.964] VoxelWater: Chunk X=3 Y=-29 Z=1 emitted 124 procedural water vertices (Ocean/Pools)
[+01:27:34.964] VoxelWater: Chunk X=3 Y=-29 Z=2 emitted 16 procedural water vertices (Ocean/Pools)
[+01:27:34.964] VoxelWater: Chunk X=0 Y=-29 Z=1 emitted 44 procedural water vertices (Ocean/Pools)
[+01:27:34.964] VoxelWater: Chunk X=3 Y=-28 Z=1 emitted 176 procedural water vertices (Ocean/Pools)
[+01:27:34.964] VoxelWater: Chunk X=2 Y=-31 Z=1 emitted 24 procedural water vertices (Ocean/Pools)
[+01:27:34.964] VoxelWater: Chunk X=3 Y=-27 Z=2 emitted 472 procedural water vertices (Ocean/Pools)
[+01:27:34.964] VoxelWater: Chunk X=3 Y=-27 Z=1 emitted 52 procedural water vertices (Ocean/Pools)
[+01:27:34.964] VoxelWater: Chunk X=3 Y=-26 Z=2 emitted 124 procedural water vertices (Ocean/Pools)
[+01:27:34.964] VoxelWater: Chunk X=4 Y=-27 Z=2 emitted 100 procedural water vertices (Ocean/Pools)
[+01:27:34.964] VoxelWater: Chunk X=4 Y=-29 Z=1 emitted 72 procedural water vertices (Ocean/Pools)
[+01:27:34.964] VoxelWater: Chunk X=4 Y=-29 Z=2 emitted 32 procedural water vertices (Ocean/Pools)
[+01:27:34.964] VoxelWater: Chunk X=4 Y=-28 Z=1 emitted 104 procedural water vertices (Ocean/Pools)
[+01:27:34.964] VoxelWater: Chunk X=4 Y=-28 Z=2 emitted 88 procedural water vertices (Ocean/Pools)
[+01:27:34.964] VoxelWater: Chunk X=5 Y=-28 Z=2 emitted 52 procedural water vertices (Ocean/Pools)
[+01:27:34.964] VoxelWater: Chunk X=4 Y=-27 Z=1 emitted 152 procedural water vertices (Ocean/Pools)
[+01:27:34.964] VoxelWater: Chunk X=6 Y=-27 Z=2 emitted 12 procedural water vertices (Ocean/Pools)
[+01:27:34.964] VoxelWater: Chunk X=3 Y=-31 Z=1 emitted 4 procedural water vertices (Ocean/Pools)
[+01:27:34.964] VoxelWater: Chunk X=6 Y=-28 Z=1 emitted 72 procedural water vertices (Ocean/Pools)
[+01:27:34.964] VoxelWater: Chunk X=6 Y=-26 Z=1 emitted 4 procedural water vertices (Ocean/Pools)
[+01:27:34.964] VoxelWater: Chunk X=5 Y=-26 Z=1 emitted 136 procedural water vertices (Ocean/Pools)
[+01:27:34.964] VoxelWater: Chunk X=1 Y=-30 Z=1 emitted 36 procedural water vertices (Ocean/Pools)
[+01:27:34.964] VoxelWater: Chunk X=1 Y=-29 Z=1 emitted 8 procedural water vertices (Ocean/Pools)
[+01:27:34.964] VoxelWater: Chunk X=7 Y=-26 Z=2 emitted 28 procedural water vertices (Ocean/Pools)
[+01:27:34.964] VoxelWater: Chunk X=1 Y=-24 Z=2 emitted 52 procedural water vertices (Ocean/Pools)
[+01:27:34.964] VoxelWater: Chunk X=6 Y=-28 Z=2 emitted 12 procedural water vertices (Ocean/Pools)
[+01:27:34.964] VoxelWater: Chunk X=3 Y=-25 Z=3 emitted 44 procedural water vertices (Ocean/Pools)
[+01:27:34.965] VoxelWater: Chunk X=5 Y=-32 Z=2 emitted 12 procedural water vertices (Ocean/Pools)
[+01:27:34.965] VoxelWater: Chunk X=4 Y=-32 Z=2 emitted 120 procedural water vertices (Ocean/Pools)
[+01:27:34.965] VoxelWater: Chunk X=5 Y=-30 Z=1 emitted 52 procedural water vertices (Ocean/Pools)
[+01:27:34.965] VoxelWater: Chunk X=-2 Y=-30 Z=1 emitted 24 procedural water vertices (Ocean/Pools)
[+01:27:34.965] VoxelWater: Chunk X=6 Y=-25 Z=1 emitted 8 procedural water vertices (Ocean/Pools)
[+01:27:34.965] VoxelWater: Chunk X=7 Y=-25 Z=1 emitted 8 procedural water vertices (Ocean/Pools)
[+01:27:34.965] VoxelWater: Chunk X=0 Y=-28 Z=2 emitted 44 procedural water vertices (Ocean/Pools)
[+01:27:34.965] VoxelWater: Chunk X=6 Y=-31 Z=1 emitted 16 procedural water vertices (Ocean/Pools)
[+01:27:34.965] VoxelWater: Chunk X=5 Y=-23 Z=1 emitted 28 procedural water vertices (Ocean/Pools)
[+01:27:34.965] VoxelWater: Chunk X=6 Y=-23 Z=1 emitted 4 procedural water vertices (Ocean/Pools)
[+01:27:34.965] VoxelWater: Chunk X=2 Y=-30 Z=1 emitted 12 procedural water vertices (Ocean/Pools)
[+01:27:34.965] VoxelWater: Chunk X=4 Y=-30 Z=1 emitted 16 procedural water vertices (Ocean/Pools)
[+01:27:34.965] VoxelWater: Chunk X=5 Y=-29 Z=1 emitted 8 procedural water vertices (Ocean/Pools)
[+01:27:34.965] VoxelWater: Chunk X=5 Y=-27 Z=1 emitted 60 procedural water vertices (Ocean/Pools)
[+01:27:34.965] VoxelWater: Chunk X=3 Y=-30 Z=1 emitted 40 procedural water vertices (Ocean/Pools)
[+01:27:34.965] VoxelWater: Chunk X=3 Y=-26 Z=1 emitted 36 procedural water vertices (Ocean/Pools)
[+01:27:34.965] VoxelWater: Chunk X=1 Y=-28 Z=1 emitted 52 procedural water vertices (Ocean/Pools)
[+01:27:34.965] VoxelWater: Chunk X=5 Y=-28 Z=1 emitted 104 procedural water vertices (Ocean/Pools)
[+01:27:34.965] VoxelWater: Chunk X=2 Y=-29 Z=1 emitted 84 procedural water vertices (Ocean/Pools)
[+01:27:34.965] VoxelWater: Chunk X=4 Y=-32 Z=1 emitted 92 procedural water vertices (Ocean/Pools)
[+01:27:34.965] VoxelWater: Chunk X=5 Y=-30 Z=2 emitted 32 procedural water vertices (Ocean/Pools)
[+01:27:34.965] VoxelWater: Chunk X=4 Y=-30 Z=2 emitted 80 procedural water vertices (Ocean/Pools)
[+01:27:34.965] VoxelWater: Chunk X=1 Y=-28 Z=2 emitted 100 procedural water vertices (Ocean/Pools)
[+01:27:34.965] VoxelWater: Chunk X=3 Y=-30 Z=2 emitted 16 procedural water vertices (Ocean/Pools)
[+01:27:34.965] VoxelWater: Chunk X=5 Y=-31 Z=1 emitted 96 procedural water vertices (Ocean/Pools)
[+01:27:34.965] VoxelWater: Chunk X=6 Y=-30 Z=1 emitted 116 procedural water vertices (Ocean/Pools)
[+01:27:34.965] VoxelWater: Chunk X=2 Y=-26 Z=2 emitted 128 procedural water vertices (Ocean/Pools)
[+01:27:34.965] VoxelWater: Chunk X=5 Y=-27 Z=2 emitted 52 procedural water vertices (Ocean/Pools)
[+01:27:34.965] VoxelWater: Chunk X=3 Y=-32 Z=1 emitted 76 procedural water vertices (Ocean/Pools)
[+01:27:34.965] VoxelWater: Chunk X=7 Y=-28 Z=1 emitted 4 procedural water vertices (Ocean/Pools)
[+01:27:34.965] VoxelWater: Chunk X=7 Y=-29 Z=1 emitted 56 procedural water vertices (Ocean/Pools)
[+01:27:34.965] VoxelWater: Chunk X=4 Y=-24 Z=1 emitted 20 procedural water vertices (Ocean/Pools)
[+01:27:34.965] VoxelWater: Chunk X=2 Y=-24 Z=1 emitted 4 procedural water vertices (Ocean/Pools)
[+01:27:34.965] VoxelWater: Chunk X=8 Y=-27 Z=1 emitted 44 procedural water vertices (Ocean/Pools)
[+01:27:34.965] VoxelWater: Chunk X=1 Y=-28 Z=3 emitted 24 procedural water vertices (Ocean/Pools)
[+01:27:34.965] VoxelWater: Chunk X=3 Y=-26 Z=3 emitted 24 procedural water vertices (Ocean/Pools)
[+01:27:34.966] VoxelWater: Chunk X=3 Y=-24 Z=2 emitted 28 procedural water vertices (Ocean/Pools)
[+01:27:34.966] VoxelWater: Chunk X=-1 Y=-25 Z=1 emitted 24 procedural water vertices (Ocean/Pools)
[+01:27:34.966] VoxelWater: Chunk X=3 Y=-32 Z=2 emitted 40 procedural water vertices (Ocean/Pools)
[+01:27:34.966] VoxelWater: Chunk X=7 Y=-31 Z=1 emitted 20 procedural water vertices (Ocean/Pools)
[+01:27:34.966] VoxelWater: Chunk X=8 Y=-28 Z=1 emitted 28 procedural water vertices (Ocean/Pools)
[+01:27:34.966] VoxelWater: Chunk X=6 Y=-32 Z=1 emitted 20 procedural water vertices (Ocean/Pools)
[+01:27:34.966] VoxelWater: Chunk X=2 Y=-23 Z=1 emitted 16 procedural water vertices (Ocean/Pools)
[+01:27:34.966] VoxelWater: Chunk X=2 Y=-24 Z=2 emitted 16 procedural water vertices (Ocean/Pools)
[+01:27:34.966] VoxelWater: Chunk X=8 Y=-29 Z=1 emitted 44 procedural water vertices (Ocean/Pools)
[+01:27:34.966] VoxelWater: Chunk X=4 Y=-24 Z=2 emitted 60 procedural water vertices (Ocean/Pools)
[+01:27:34.966] VoxelWater: Chunk X=5 Y=-24 Z=2 emitted 4 procedural water vertices (Ocean/Pools)
[+01:27:34.966] VoxelWater: Chunk X=7 Y=-32 Z=1 emitted 32 procedural water vertices (Ocean/Pools)
[+01:27:34.966] VoxelWater: Chunk X=6 Y=-26 Z=3 emitted 12 procedural water vertices (Ocean/Pools)
[+01:27:34.966] VoxelWater: Chunk X=0 Y=-26 Z=2 emitted 8 procedural water vertices (Ocean/Pools)
[+01:27:34.966] VoxelWater: Chunk X=0 Y=-26 Z=3 emitted 52 procedural water vertices (Ocean/Pools)
[+01:27:34.966] VoxelWater: Chunk X=1 Y=-25 Z=3 emitted 12 procedural water vertices (Ocean/Pools)
[+01:27:34.966] VoxelWater: Chunk X=3 Y=-33 Z=1 emitted 4 procedural water vertices (Ocean/Pools)
[+01:27:34.966] VoxelWater: Chunk X=3 Y=-33 Z=2 emitted 48 procedural water vertices (Ocean/Pools)
[+01:27:34.966] VoxelWater: Chunk X=-1 Y=-31 Z=1 emitted 12 procedural water vertices (Ocean/Pools)
[+01:27:34.967] VoxelWater: Chunk X=-2 Y=-31 Z=1 emitted 12 procedural water vertices (Ocean/Pools)
[+01:27:34.967] VoxelWater: Chunk X=8 Y=-31 Z=1 emitted 24 procedural water vertices (Ocean/Pools)
[+01:27:34.967] VoxelWater: Chunk X=0 Y=-33 Z=1 emitted 4 procedural water vertices (Ocean/Pools)
[+01:27:34.967] VoxelWater: Chunk X=1 Y=-33 Z=1 emitted 8 procedural water vertices (Ocean/Pools)
[+01:27:34.967] VoxelWater: Chunk X=0 Y=-24 Z=2 emitted 12 procedural water vertices (Ocean/Pools)
[+01:27:34.981] VoxelChunk: GenerateAsync (6,-24,2)
[+01:27:34.984] VoxelChunk: GenerateAsync (7,-31,2)
[+01:27:34.984] VoxelMesh: Chunk X=6 Y=-24 Z=2 FlatVerts=0 SlopeVerts=2748
[+01:27:34.985] VoxelMesh: Chunk X=7 Y=-31 Z=2 FlatVerts=0 SlopeVerts=792
[+01:27:34.986] VoxelChunk: GenerateAsync (7,-23,0)
[+01:27:34.988] VoxelChunk: GenerateAsync (3,-23,2)
[+01:27:34.990] VoxelMesh: Chunk X=3 Y=-23 Z=2 FlatVerts=162 SlopeVerts=5286
[+01:27:35.005] VoxelChunk: GenerateAsync (7,-25,2)
[+01:27:35.008] VoxelMesh: Chunk X=7 Y=-25 Z=2 FlatVerts=0 SlopeVerts=12
[+01:27:35.009] VoxelMesh: Chunk X=0 Y=0 Z=0 FlatVerts=0 SlopeVerts=930
[+01:27:35.009] VoxelChunk: GenerateAsync (6,-33,1)
[+01:27:35.011] VoxelMesh: Chunk X=6 Y=-33 Z=1 FlatVerts=1578 SlopeVerts=1710
[+01:27:35.013] VoxelMesh: Chunk X=0 Y=0 Z=0 FlatVerts=270 SlopeVerts=22656
[+01:27:35.014] VoxelChunk: GenerateAsync (-1,-23,0)
[+01:27:35.016] VoxelChunk: GenerateAsync (2,-28,4)
[+01:27:35.030] VoxelMesh: Chunk X=0 Y=0 Z=0 FlatVerts=0 SlopeVerts=0
[+01:27:35.030] VoxelChunk: GenerateAsync (-2,-25,1)
[+01:27:35.032] VoxelMesh: Chunk X=-2 Y=-25 Z=1 FlatVerts=1314 SlopeVerts=1140
[+01:27:35.033] VoxelMesh: Chunk X=0 Y=0 Z=0 FlatVerts=12 SlopeVerts=1650
[+01:27:35.034] VoxelChunk: GenerateAsync (-2,-24,0)
[+01:27:35.036] VoxelChunk: GenerateAsync (8,-32,0)
[+01:27:35.040] VoxelMesh: Chunk X=0 Y=0 Z=0 FlatVerts=84 SlopeVerts=7890
[+01:27:35.041] VoxelChunk: GenerateAsync (8,-29,2)
[+01:27:35.054] VoxelChunk: GenerateAsync (4,-29,4)
[+01:27:35.056] VoxelChunk: GenerateAsync (-2,-27,2)
[+01:27:35.058] VoxelMesh: Chunk X=-2 Y=-27 Z=2 FlatVerts=42 SlopeVerts=1170
[+01:27:35.058] VoxelChunk: GenerateAsync (2,-29,4)
[+01:27:35.060] VoxelChunk: GenerateAsync (2,-27,4)
[+01:27:35.070] VoxelChunk: GenerateAsync (2,-31,3)
[+01:27:35.070] VoxelChunk: GenerateAsync (2,-25,3)
[+01:27:35.070] VoxelChunk: GenerateAsync (0,-29,3)
[+01:27:35.070] VoxelChunk: GenerateAsync (6,-27,3)
[+01:27:35.070] VoxelChunk: GenerateAsync (4,-25,3)
[+01:27:35.070] VoxelChunk: GenerateAsync (0,-27,3)
[+01:27:35.070] VoxelChunk: GenerateAsync (6,-29,3)
[+01:27:35.070] VoxelChunk: GenerateAsync (-1,-26,2)
[+01:27:35.070] VoxelChunk: GenerateAsync (0,-28,3)
[+01:27:35.070] VoxelChunk: GenerateAsync (6,-28,3)
[+01:27:35.070] VoxelChunk: GenerateAsync (7,-26,2)
[+01:27:35.070] VoxelChunk: GenerateAsync (1,-24,2)
[+01:27:35.070] VoxelChunk: GenerateAsync (5,-24,2)
[+01:27:35.070] VoxelChunk: GenerateAsync (3,-25,3)
[+01:27:35.070] VoxelChunk: GenerateAsync (3,-31,3)
[+01:27:35.070] VoxelChunk: GenerateAsync (7,-30,2)
[+01:27:35.070] VoxelChunk: GenerateAsync (-1,-30,2)
[+01:27:35.070] VoxelChunk: GenerateAsync (5,-32,2)
[+01:27:35.071] VoxelChunk: GenerateAsync (8,-26,1)
[+01:27:35.071] VoxelChunk: GenerateAsync (5,-33,1)
[+01:27:35.071] VoxelChunk: GenerateAsync (1,-33,1)
[+01:27:35.071] VoxelChunk: GenerateAsync (1,-32,2)
[+01:27:35.071] VoxelChunk: GenerateAsync (-2,-30,1)
[+01:27:35.071] VoxelChunk: GenerateAsync (-2,-26,1)
[+01:27:35.071] VoxelChunk: GenerateAsync (1,-23,1)
[+01:27:35.071] VoxelMesh: Chunk X=0 Y=-29 Z=3 FlatVerts=0 SlopeVerts=0
[+01:27:35.071] VoxelChunk: GenerateAsync (8,-30,1)
[+01:27:35.071] VoxelChunk: GenerateAsync (5,-23,1)
[+01:27:35.071] VoxelChunk: GenerateAsync (5,-26,3)
[+01:27:35.071] VoxelChunk: GenerateAsync (1,-30,3)
[+01:27:35.071] VoxelChunk: GenerateAsync (5,-30,3)
[+01:27:35.071] VoxelChunk: GenerateAsync (1,-26,3)
[+01:27:35.071] VoxelChunk: GenerateAsync (-2,-25,0)
[+01:27:35.071] VoxelChunk: GenerateAsync (8,-25,0)
[+01:27:35.071] VoxelChunk: GenerateAsync (0,-31,2)
[+01:27:35.071] VoxelChunk: GenerateAsync (6,-23,0)
[+01:27:35.071] VoxelChunk: GenerateAsync (8,-31,0)
[+01:27:35.071] VoxelChunk: GenerateAsync (6,-31,2)
[+01:27:35.071] VoxelChunk: GenerateAsync (-2,-31,0)
[+01:27:35.071] VoxelChunk: GenerateAsync (0,-23,0)
[+01:27:35.071] VoxelChunk: GenerateAsync (6,-25,2)
[+01:27:35.071] VoxelChunk: GenerateAsync (6,-33,0)
[+01:27:35.071] VoxelChunk: GenerateAsync (0,-33,0)
[+01:27:35.071] VoxelChunk: GenerateAsync (0,-25,2)
[+01:27:35.071] VoxelChunk: GenerateAsync (-2,-29,1)
[+01:27:35.071] VoxelChunk: GenerateAsync (-1,-27,2)
[+01:27:35.071] VoxelChunk: GenerateAsync (2,-32,2)
[+01:27:35.071] VoxelChunk: GenerateAsync (7,-29,2)
[+01:27:35.071] VoxelChunk: GenerateAsync (-1,-29,2)
[+01:27:35.071] VoxelChunk: GenerateAsync (7,-27,2)
[+01:27:35.071] VoxelChunk: GenerateAsync (4,-31,3)
[+01:27:35.071] VoxelChunk: GenerateAsync (7,-24,1)
[+01:27:35.071] VoxelMesh: Chunk X=0 Y=-27 Z=3 FlatVerts=30 SlopeVerts=156
[+01:27:35.071] VoxelChunk: GenerateAsync (-1,-24,1)
[+01:27:35.071] VoxelChunk: GenerateAsync (7,-32,1)
[+01:27:35.071] VoxelChunk: GenerateAsync (-1,-32,1)
[+01:27:35.071] VoxelChunk: GenerateAsync (5,-31,3)
[+01:27:35.071] VoxelChunk: GenerateAsync (1,-31,3)
[+01:27:35.071] VoxelChunk: GenerateAsync (3,-28,4)
[+01:27:35.071] VoxelChunk: GenerateAsync (6,-26,3)
[+01:27:35.071] VoxelMesh: Chunk X=4 Y=-25 Z=3 FlatVerts=36 SlopeVerts=186
[+01:27:35.071] VoxelMesh: Chunk X=-1 Y=-26 Z=2 FlatVerts=84 SlopeVerts=186
[+01:27:35.071] VoxelChunk: GenerateAsync (0,-30,3)
[+01:27:35.071] VoxelMesh: Chunk X=7 Y=-26 Z=2 FlatVerts=0 SlopeVerts=138
[+01:27:35.071] VoxelChunk: GenerateAsync (0,-26,3)
[+01:27:35.071] VoxelChunk: GenerateAsync (1,-25,3)
[+01:27:35.071] VoxelChunk: GenerateAsync (6,-30,3)
[+01:27:35.072] VoxelMesh: Chunk X=0 Y=-28 Z=3 FlatVerts=0 SlopeVerts=186
[+01:27:35.072] VoxelChunk: GenerateAsync (5,-25,3)
[+01:27:35.072] VoxelChunk: GenerateAsync (4,-28,4)
[+01:27:35.072] VoxelChunk: GenerateAsync (7,-33,0)
[+01:27:35.072] VoxelChunk: GenerateAsync (3,-33,2)
[+01:27:35.072] VoxelChunk: GenerateAsync (3,-27,4)
[+01:27:35.072] VoxelMesh: Chunk X=2 Y=-25 Z=3 FlatVerts=24 SlopeVerts=138
[+01:27:35.072] VoxelMesh: Chunk X=5 Y=-24 Z=2 FlatVerts=30 SlopeVerts=144
[+01:27:35.072] VoxelChunk: GenerateAsync (-2,-28,2)
[+01:27:35.072] VoxelChunk: GenerateAsync (8,-28,2)
[+01:27:35.072] VoxelChunk: GenerateAsync (-2,-31,1)
[+01:27:35.072] VoxelChunk: GenerateAsync (0,-32,2)
[+01:27:35.072] VoxelMesh: Chunk X=1 Y=-24 Z=2 FlatVerts=0 SlopeVerts=144
[+01:27:35.072] VoxelChunk: GenerateAsync (-2,-32,0)
[+01:27:35.072] VoxelChunk: GenerateAsync (-1,-33,0)
[+01:27:35.072] VoxelChunk: GenerateAsync (3,-29,4)
[+01:27:35.072] VoxelMesh: Chunk X=3 Y=-25 Z=3 FlatVerts=108 SlopeVerts=138
[+01:27:35.072] VoxelChunk: GenerateAsync (6,-23,1)
[+01:27:35.072] VoxelChunk: GenerateAsync (6,-32,2)
[+01:27:35.072] VoxelChunk: GenerateAsync (8,-31,1)
[+01:27:35.072] VoxelChunk: GenerateAsync (8,-25,1)
[+01:27:35.072] VoxelChunk: GenerateAsync (-1,-25,2)
[+01:27:35.072] VoxelChunk: GenerateAsync (0,-23,1)
[+01:27:35.072] VoxelMesh: Chunk X=-1 Y=-30 Z=2 FlatVerts=0 SlopeVerts=0
[+01:27:35.072] VoxelChunk: GenerateAsync (0,-33,1)
[+01:27:35.072] VoxelChunk: GenerateAsync (0,-24,2)
[+01:27:35.072] VoxelChunk: GenerateAsync (8,-24,0)
[+01:27:35.072] VoxelChunk: GenerateAsync (-1,-31,2)
[+01:27:35.072] VoxelMesh: Chunk X=5 Y=-32 Z=2 FlatVerts=0 SlopeVerts=18
[+01:27:35.072] VoxelChunk: GenerateAsync (6,-24,2)
[+01:27:35.072] VoxelChunk: GenerateAsync (7,-31,2)
[+01:27:35.072] VoxelChunk: GenerateAsync (7,-23,0)
[+01:27:35.072] VoxelChunk: GenerateAsync (3,-23,2)
[+01:27:35.072] VoxelChunk: GenerateAsync (7,-25,2)
[+01:27:35.072] VoxelMesh: Chunk X=7 Y=-30 Z=2 FlatVerts=0 SlopeVerts=0
[+01:27:35.072] VoxelChunk: GenerateAsync (6,-33,1)
[+01:27:35.072] VoxelChunk: GenerateAsync (-1,-23,0)
[+01:27:35.072] VoxelChunk: GenerateAsync (2,-28,4)
[+01:27:35.072] VoxelMesh: Chunk X=1 Y=-32 Z=2 FlatVerts=0 SlopeVerts=0
[+01:27:35.072] VoxelChunk: GenerateAsync (-2,-25,1)
[+01:27:35.072] VoxelChunk: GenerateAsync (-2,-24,0)
[+01:27:35.072] VoxelChunk: GenerateAsync (8,-32,0)
[+01:27:35.072] VoxelChunk: GenerateAsync (8,-29,2)
[+01:27:35.072] VoxelChunk: GenerateAsync (4,-29,4)
[+01:27:35.072] VoxelChunk: GenerateAsync (-2,-27,2)
[+01:27:35.072] VoxelChunk: GenerateAsync (2,-29,4)
[+01:27:35.072] VoxelChunk: GenerateAsync (2,-27,4)
[+01:27:35.072] VoxelMesh: Chunk X=1 Y=-23 Z=1 FlatVerts=120 SlopeVerts=0
[+01:27:35.072] VoxelMesh: Chunk X=-2 Y=-30 Z=1 FlatVerts=30 SlopeVerts=30
[+01:27:35.072] VoxelMesh: Chunk X=-2 Y=-26 Z=1 FlatVerts=0 SlopeVerts=0
[+01:27:35.072] VoxelMesh: Chunk X=5 Y=-23 Z=1 FlatVerts=78 SlopeVerts=54
[+01:27:35.072] VoxelMesh: Chunk X=1 Y=-33 Z=1 FlatVerts=114 SlopeVerts=0
[+01:27:35.072] VoxelMesh: Chunk X=8 Y=-30 Z=1 FlatVerts=66 SlopeVerts=90
[+01:27:35.074] VoxelMesh: Chunk X=5 Y=-26 Z=3 FlatVerts=0 SlopeVerts=0
[+01:27:35.074] VoxelMesh: Chunk X=8 Y=-26 Z=1 FlatVerts=126 SlopeVerts=30
[+01:27:35.074] VoxelMesh: Chunk X=1 Y=-26 Z=3 FlatVerts=36 SlopeVerts=36
[+01:27:35.074] VoxelMesh: Chunk X=5 Y=-33 Z=1 FlatVerts=0 SlopeVerts=90
[+01:27:35.074] VoxelMesh: Chunk X=8 Y=-31 Z=0 FlatVerts=0 SlopeVerts=6
[+01:27:35.075] VoxelMesh: Chunk X=0 Y=-25 Z=2 FlatVerts=0 SlopeVerts=198
[+01:27:35.075] VoxelMesh: Chunk X=6 Y=-33 Z=0 FlatVerts=0 SlopeVerts=0
[+01:27:35.075] VoxelMesh: Chunk X=6 Y=-25 Z=2 FlatVerts=0 SlopeVerts=12
[+01:27:35.075] VoxelMesh: Chunk X=2 Y=-32 Z=2 FlatVerts=0 SlopeVerts=0
[+01:27:35.075] VoxelMesh: Chunk X=-1 Y=-27 Z=2 FlatVerts=12 SlopeVerts=246
[+01:27:35.075] VoxelMesh: Chunk X=7 Y=-27 Z=2 FlatVerts=0 SlopeVerts=0
[+01:27:35.075] VoxelMesh: Chunk X=-1 Y=-29 Z=2 FlatVerts=0 SlopeVerts=150
[+01:27:35.076] VoxelMesh: Chunk X=-2 Y=-29 Z=1 FlatVerts=0 SlopeVerts=12
[+01:27:35.076] VoxelMesh: Chunk X=-1 Y=-24 Z=1 FlatVerts=102 SlopeVerts=0
[+01:27:35.076] VoxelMesh: Chunk X=7 Y=-24 Z=1 FlatVerts=0 SlopeVerts=6
[+01:27:35.076] VoxelMesh: Chunk X=-1 Y=-32 Z=1 FlatVerts=96 SlopeVerts=0
[+01:27:35.076] VoxelMesh: Chunk X=7 Y=-32 Z=1 FlatVerts=6 SlopeVerts=132
[+01:27:35.076] VoxelMesh: Chunk X=6 Y=-26 Z=3 FlatVerts=0 SlopeVerts=36
[+01:27:35.076] VoxelMesh: Chunk X=1 Y=-25 Z=3 FlatVerts=90 SlopeVerts=90
[+01:27:35.076] VoxelMesh: Chunk X=5 Y=-25 Z=3 FlatVerts=36 SlopeVerts=96
[+01:27:35.076] VoxelMesh: Chunk X=0 Y=-26 Z=3 FlatVerts=24 SlopeVerts=180
[+01:27:35.076] VoxelChunk: GenerateAsync (4,-27,4)
[+01:27:35.078] VoxelMesh: Chunk X=7 Y=-33 Z=0 FlatVerts=24 SlopeVerts=0
[+01:27:35.078] VoxelMesh: Chunk X=0 Y=-32 Z=2 FlatVerts=0 SlopeVerts=0
[+01:27:35.078] VoxelMesh: Chunk X=-2 Y=-31 Z=1 FlatVerts=84 SlopeVerts=24
[+01:27:35.078] VoxelMesh: Chunk X=3 Y=-33 Z=2 FlatVerts=0 SlopeVerts=66
[+01:27:35.078] VoxelMesh: Chunk X=-2 Y=-28 Z=2 FlatVerts=0 SlopeVerts=72
[+01:27:35.078] VoxelMesh: Chunk X=6 Y=-23 Z=1 FlatVerts=120 SlopeVerts=0
[+01:27:35.078] VoxelMesh: Chunk X=6 Y=-32 Z=2 FlatVerts=0 SlopeVerts=0
[+01:27:35.078] VoxelMesh: Chunk X=0 Y=-23 Z=1 FlatVerts=138 SlopeVerts=0
[+01:27:35.078] VoxelMesh: Chunk X=-1 Y=-25 Z=2 FlatVerts=0 SlopeVerts=12
[+01:27:35.079] VoxelMesh: Chunk X=0 Y=-33 Z=1 FlatVerts=120 SlopeVerts=0
[+01:27:35.079] VoxelMesh: Chunk X=8 Y=-31 Z=1 FlatVerts=0 SlopeVerts=72
[+01:27:35.079] VoxelMesh: Chunk X=0 Y=-24 Z=2 FlatVerts=0 SlopeVerts=36
[+01:27:35.079] VoxelMesh: Chunk X=8 Y=-25 Z=1 FlatVerts=0 SlopeVerts=12
[+01:27:35.079] VoxelMesh: Chunk X=-1 Y=-31 Z=2 FlatVerts=0 SlopeVerts=0
[+01:27:35.079] VoxelMesh: Chunk X=6 Y=-24 Z=2 FlatVerts=0 SlopeVerts=180
[+01:27:35.079] VoxelMesh: Chunk X=7 Y=-31 Z=2 FlatVerts=0 SlopeVerts=60
[+01:27:35.079] VoxelMesh: Chunk X=3 Y=-23 Z=2 FlatVerts=0 SlopeVerts=270
[+01:27:35.079] VoxelMesh: Chunk X=7 Y=-25 Z=2 FlatVerts=0 SlopeVerts=0
[+01:27:35.079] VoxelMesh: Chunk X=6 Y=-33 Z=1 FlatVerts=114 SlopeVerts=66
[+01:27:35.080] VoxelMesh: Chunk X=-2 Y=-25 Z=1 FlatVerts=78 SlopeVerts=48
[+01:27:35.080] VoxelMesh: Chunk X=-2 Y=-27 Z=2 FlatVerts=0 SlopeVerts=18
[+01:27:35.080] VoxelMesh: Chunk X=2 Y=-27 Z=4 FlatVerts=0 SlopeVerts=0
[+01:27:35.081] VoxelChunk: GenerateAsync (4,-33,2)
[+01:27:35.082] VoxelMesh: Chunk X=4 Y=-33 Z=2 FlatVerts=1536 SlopeVerts=1830
[+01:27:35.083] VoxelMesh: Chunk X=0 Y=0 Z=0 FlatVerts=0 SlopeVerts=0
[+01:27:35.084] VoxelChunk: GenerateAsync (2,-23,2)
[+01:27:35.086] VoxelMesh: Chunk X=2 Y=-23 Z=2 FlatVerts=150 SlopeVerts=5280
[+01:27:35.088] VoxelMesh: Chunk X=0 Y=0 Z=0 FlatVerts=0 SlopeVerts=1266
[+01:27:35.089] VoxelChunk: GenerateAsync (8,-27,2)
[+01:27:35.090] VoxelMesh: Chunk X=8 Y=-27 Z=2 FlatVerts=0 SlopeVerts=0
[+01:27:35.109] VoxelChunk: GenerateAsync (4,-23,2)
[+01:27:35.111] VoxelMesh: Chunk X=4 Y=-23 Z=2 FlatVerts=240 SlopeVerts=3438
[+01:27:35.111] VoxelChunk: GenerateAsync (2,-33,2)
[+01:27:35.113] VoxelChunk: GenerateAsync (-2,-29,2)
[+01:27:35.115] VoxelMesh: Chunk X=-2 Y=-29 Z=2 FlatVerts=102 SlopeVerts=5292
[+01:27:35.116] VoxelMesh: Chunk X=0 Y=0 Z=0 FlatVerts=0 SlopeVerts=312
[+01:27:35.116] VoxelChunk: GenerateAsync (7,-28,3)
[+01:27:35.130] VoxelChunk: GenerateAsync (3,-32,3)
[+01:27:35.132] VoxelChunk: GenerateAsync (3,-24,3)
[+01:27:35.133] VoxelMesh: Chunk X=3 Y=-24 Z=3 FlatVerts=258 SlopeVerts=5016
[+01:27:35.134] VoxelChunk: GenerateAsync (-1,-28,3)
[+01:27:35.136] VoxelChunk: GenerateAsync (-1,-29,3)
[+01:27:35.136] VoxelMesh: Chunk X=-1 Y=-28 Z=3 FlatVerts=114 SlopeVerts=6114
[+01:27:35.137] VoxelMesh: Chunk X=-1 Y=-29 Z=3 FlatVerts=0 SlopeVerts=894
[+01:27:35.172] VoxelWater: Chunk X=5 Y=-25 Z=2 emitted 24 procedural water vertices (Ocean/Pools)
[+01:27:35.172] VoxelWater: Chunk X=2 Y=-25 Z=3 emitted 52 procedural water vertices (Ocean/Pools)
[+01:27:35.172] VoxelWater: Chunk X=4 Y=-25 Z=2 emitted 64 procedural water vertices (Ocean/Pools)
[+01:27:35.172] VoxelWater: Chunk X=4 Y=-25 Z=3 emitted 96 procedural water vertices (Ocean/Pools)
[+01:27:35.172] VoxelWater: Chunk X=0 Y=-27 Z=3 emitted 104 procedural water vertices (Ocean/Pools)
[+01:27:35.172] VoxelWater: Chunk X=1 Y=-27 Z=3 emitted 184 procedural water vertices (Ocean/Pools)
[+01:27:35.172] VoxelWater: Chunk X=0 Y=-26 Z=3 emitted 92 procedural water vertices (Ocean/Pools)
[+01:27:35.172] VoxelWater: Chunk X=1 Y=-25 Z=2 emitted 4 procedural water vertices (Ocean/Pools)
[+01:27:35.172] VoxelWater: Chunk X=4 Y=-25 Z=1 emitted 92 procedural water vertices (Ocean/Pools)
[+01:27:35.172] VoxelWater: Chunk X=4 Y=-26 Z=1 emitted 168 procedural water vertices (Ocean/Pools)
[+01:27:35.172] VoxelWater: Chunk X=5 Y=-25 Z=1 emitted 12 procedural water vertices (Ocean/Pools)
[+01:27:35.172] VoxelWater: Chunk X=1 Y=-24 Z=1 emitted 56 procedural water vertices (Ocean/Pools)
[+01:27:35.172] VoxelWater: Chunk X=0 Y=-24 Z=1 emitted 4 procedural water vertices (Ocean/Pools)
[+01:27:35.172] VoxelWater: Chunk X=6 Y=-27 Z=1 emitted 112 procedural water vertices (Ocean/Pools)
[+01:27:35.172] VoxelWater: Chunk X=7 Y=-27 Z=1 emitted 76 procedural water vertices (Ocean/Pools)
[+01:27:35.172] VoxelWater: Chunk X=-1 Y=-30 Z=1 emitted 52 procedural water vertices (Ocean/Pools)
[+01:27:35.173] VoxelWater: Chunk X=-1 Y=-29 Z=1 emitted 64 procedural water vertices (Ocean/Pools)
[+01:27:35.173] VoxelWater: Chunk X=8 Y=-26 Z=1 emitted 8 procedural water vertices (Ocean/Pools)
[+01:27:35.173] VoxelWater: Chunk X=7 Y=-26 Z=1 emitted 44 procedural water vertices (Ocean/Pools)
[+01:27:35.173] VoxelWater: Chunk X=7 Y=-30 Z=1 emitted 92 procedural water vertices (Ocean/Pools)
[+01:27:35.173] VoxelWater: Chunk X=5 Y=-32 Z=0 emitted 8 procedural water vertices (Ocean/Pools)
[+01:27:35.173] VoxelWater: Chunk X=5 Y=-32 Z=1 emitted 20 procedural water vertices (Ocean/Pools)
[+01:27:35.173] VoxelWater: Chunk X=4 Y=-26 Z=2 emitted 8 procedural water vertices (Ocean/Pools)
[+01:27:35.173] VoxelWater: Chunk X=4 Y=-31 Z=1 emitted 24 procedural water vertices (Ocean/Pools)
[+01:27:35.173] VoxelWater: Chunk X=6 Y=-30 Z=1 emitted 156 procedural water vertices (Ocean/Pools)
[+01:27:35.173] VoxelWater: Chunk X=6 Y=-29 Z=1 emitted 8 procedural water vertices (Ocean/Pools)
[+01:27:35.173] VoxelWater: Chunk X=2 Y=-28 Z=1 emitted 240 procedural water vertices (Ocean/Pools)
[+01:27:35.173] VoxelWater: Chunk X=2 Y=-28 Z=2 emitted 320 procedural water vertices (Ocean/Pools)
[+01:27:35.173] VoxelWater: Chunk X=3 Y=-28 Z=2 emitted 296 procedural water vertices (Ocean/Pools)
[+01:27:35.173] VoxelWater: Chunk X=2 Y=-27 Z=2 emitted 220 procedural water vertices (Ocean/Pools)
[+01:27:35.173] VoxelWater: Chunk X=2 Y=-27 Z=3 emitted 172 procedural water vertices (Ocean/Pools)
[+01:27:35.173] VoxelWater: Chunk X=3 Y=-27 Z=3 emitted 124 procedural water vertices (Ocean/Pools)
[+01:27:35.173] VoxelWater: Chunk X=2 Y=-27 Z=1 emitted 4 procedural water vertices (Ocean/Pools)
[+01:27:35.173] VoxelWater: Chunk X=1 Y=-27 Z=2 emitted 112 procedural water vertices (Ocean/Pools)
[+01:27:35.173] VoxelWater: Chunk X=3 Y=-29 Z=1 emitted 124 procedural water vertices (Ocean/Pools)
[+01:27:35.173] VoxelWater: Chunk X=3 Y=-29 Z=2 emitted 20 procedural water vertices (Ocean/Pools)
[+01:27:35.173] VoxelWater: Chunk X=0 Y=-29 Z=1 emitted 52 procedural water vertices (Ocean/Pools)
[+01:27:35.173] VoxelWater: Chunk X=3 Y=-28 Z=1 emitted 180 procedural water vertices (Ocean/Pools)
[+01:27:35.173] VoxelWater: Chunk X=2 Y=-31 Z=1 emitted 24 procedural water vertices (Ocean/Pools)
[+01:27:35.173] VoxelWater: Chunk X=3 Y=-27 Z=2 emitted 476 procedural water vertices (Ocean/Pools)
[+01:27:35.173] VoxelWater: Chunk X=3 Y=-27 Z=1 emitted 80 procedural water vertices (Ocean/Pools)
[+01:27:35.173] VoxelWater: Chunk X=4 Y=-27 Z=2 emitted 104 procedural water vertices (Ocean/Pools)
[+01:27:35.173] VoxelWater: Chunk X=3 Y=-26 Z=2 emitted 144 procedural water vertices (Ocean/Pools)
[+01:27:35.173] VoxelWater: Chunk X=4 Y=-29 Z=1 emitted 72 procedural water vertices (Ocean/Pools)
[+01:27:35.173] VoxelWater: Chunk X=4 Y=-29 Z=2 emitted 32 procedural water vertices (Ocean/Pools)
[+01:27:35.173] VoxelWater: Chunk X=4 Y=-28 Z=1 emitted 104 procedural water vertices (Ocean/Pools)
[+01:27:35.173] VoxelWater: Chunk X=4 Y=-28 Z=2 emitted 92 procedural water vertices (Ocean/Pools)
[+01:27:35.173] VoxelWater: Chunk X=5 Y=-28 Z=2 emitted 52 procedural water vertices (Ocean/Pools)
[+01:27:35.173] VoxelWater: Chunk X=4 Y=-27 Z=1 emitted 156 procedural water vertices (Ocean/Pools)
[+01:27:35.174] VoxelWater: Chunk X=6 Y=-27 Z=2 emitted 12 procedural water vertices (Ocean/Pools)
[+01:27:35.174] VoxelWater: Chunk X=3 Y=-31 Z=1 emitted 4 procedural water vertices (Ocean/Pools)
[+01:27:35.174] VoxelWater: Chunk X=6 Y=-28 Z=1 emitted 72 procedural water vertices (Ocean/Pools)
[+01:27:35.174] VoxelWater: Chunk X=6 Y=-26 Z=1 emitted 4 procedural water vertices (Ocean/Pools)
[+01:27:35.174] VoxelWater: Chunk X=5 Y=-26 Z=1 emitted 148 procedural water vertices (Ocean/Pools)
[+01:27:35.174] VoxelWater: Chunk X=1 Y=-30 Z=1 emitted 36 procedural water vertices (Ocean/Pools)
[+01:27:35.174] VoxelWater: Chunk X=1 Y=-29 Z=1 emitted 8 procedural water vertices (Ocean/Pools)
[+01:27:35.174] VoxelWater: Chunk X=7 Y=-26 Z=2 emitted 36 procedural water vertices (Ocean/Pools)
[+01:27:35.174] VoxelWater: Chunk X=1 Y=-24 Z=2 emitted 68 procedural water vertices (Ocean/Pools)
[+01:27:35.174] VoxelWater: Chunk X=5 Y=-24 Z=2 emitted 4 procedural water vertices (Ocean/Pools)
[+01:27:35.174] VoxelWater: Chunk X=6 Y=-28 Z=2 emitted 12 procedural water vertices (Ocean/Pools)
[+01:27:35.174] VoxelWater: Chunk X=3 Y=-25 Z=2 emitted 4 procedural water vertices (Ocean/Pools)
[+01:27:35.174] VoxelWater: Chunk X=3 Y=-25 Z=3 emitted 68 procedural water vertices (Ocean/Pools)
[+01:27:35.174] VoxelWater: Chunk X=5 Y=-32 Z=2 emitted 12 procedural water vertices (Ocean/Pools)
[+01:27:35.174] VoxelWater: Chunk X=4 Y=-32 Z=2 emitted 132 procedural water vertices (Ocean/Pools)
[+01:27:35.174] VoxelWater: Chunk X=5 Y=-30 Z=1 emitted 64 procedural water vertices (Ocean/Pools)
[+01:27:35.174] VoxelWater: Chunk X=1 Y=-33 Z=1 emitted 8 procedural water vertices (Ocean/Pools)
[+01:27:35.174] VoxelWater: Chunk X=-2 Y=-30 Z=1 emitted 44 procedural water vertices (Ocean/Pools)
[+01:27:35.174] VoxelWater: Chunk X=6 Y=-25 Z=1 emitted 8 procedural water vertices (Ocean/Pools)
[+01:27:35.174] VoxelWater: Chunk X=7 Y=-25 Z=1 emitted 8 procedural water vertices (Ocean/Pools)
[+01:27:35.174] VoxelWater: Chunk X=0 Y=-28 Z=2 emitted 44 procedural water vertices (Ocean/Pools)
[+01:27:35.174] VoxelWater: Chunk X=6 Y=-31 Z=1 emitted 20 procedural water vertices (Ocean/Pools)
[+01:27:35.174] VoxelWater: Chunk X=5 Y=-23 Z=1 emitted 48 procedural water vertices (Ocean/Pools)
[+01:27:35.174] VoxelWater: Chunk X=2 Y=-30 Z=1 emitted 12 procedural water vertices (Ocean/Pools)
[+01:27:35.174] VoxelWater: Chunk X=4 Y=-30 Z=1 emitted 52 procedural water vertices (Ocean/Pools)
[+01:27:35.174] VoxelWater: Chunk X=5 Y=-29 Z=1 emitted 8 procedural water vertices (Ocean/Pools)
[+01:27:35.174] VoxelWater: Chunk X=5 Y=-27 Z=1 emitted 60 procedural water vertices (Ocean/Pools)
[+01:27:35.174] VoxelWater: Chunk X=2 Y=-29 Z=1 emitted 88 procedural water vertices (Ocean/Pools)
[+01:27:35.174] VoxelWater: Chunk X=3 Y=-30 Z=1 emitted 40 procedural water vertices (Ocean/Pools)
[+01:27:35.174] VoxelWater: Chunk X=3 Y=-26 Z=1 emitted 40 procedural water vertices (Ocean/Pools)
[+01:27:35.174] VoxelWater: Chunk X=1 Y=-28 Z=1 emitted 68 procedural water vertices (Ocean/Pools)
[+01:27:35.174] VoxelWater: Chunk X=5 Y=-28 Z=1 emitted 104 procedural water vertices (Ocean/Pools)
[+01:27:35.174] VoxelWater: Chunk X=4 Y=-32 Z=1 emitted 92 procedural water vertices (Ocean/Pools)
[+01:27:35.174] VoxelWater: Chunk X=5 Y=-30 Z=2 emitted 32 procedural water vertices (Ocean/Pools)
[+01:27:35.174] VoxelWater: Chunk X=4 Y=-30 Z=2 emitted 80 procedural water vertices (Ocean/Pools)
[+01:27:35.175] VoxelWater: Chunk X=1 Y=-28 Z=2 emitted 112 procedural water vertices (Ocean/Pools)
[+01:27:35.175] VoxelWater: Chunk X=3 Y=-30 Z=2 emitted 16 procedural water vertices (Ocean/Pools)
[+01:27:35.175] VoxelWater: Chunk X=5 Y=-31 Z=0 emitted 12 procedural water vertices (Ocean/Pools)
[+01:27:35.175] VoxelWater: Chunk X=5 Y=-31 Z=1 emitted 100 procedural water vertices (Ocean/Pools)
[+01:27:35.175] VoxelWater: Chunk X=2 Y=-26 Z=2 emitted 144 procedural water vertices (Ocean/Pools)
[+01:27:35.175] VoxelWater: Chunk X=5 Y=-27 Z=2 emitted 52 procedural water vertices (Ocean/Pools)
[+01:27:35.175] VoxelWater: Chunk X=3 Y=-32 Z=1 emitted 68 procedural water vertices (Ocean/Pools)
[+01:27:35.175] VoxelWater: Chunk X=7 Y=-28 Z=1 emitted 4 procedural water vertices (Ocean/Pools)
[+01:27:35.175] VoxelWater: Chunk X=7 Y=-29 Z=1 emitted 56 procedural water vertices (Ocean/Pools)
[+01:27:35.175] VoxelWater: Chunk X=4 Y=-24 Z=1 emitted 20 procedural water vertices (Ocean/Pools)
[+01:27:35.175] VoxelWater: Chunk X=2 Y=-24 Z=1 emitted 4 procedural water vertices (Ocean/Pools)
[+01:27:35.175] VoxelWater: Chunk X=8 Y=-27 Z=1 emitted 60 procedural water vertices (Ocean/Pools)
[+01:27:35.175] VoxelWater: Chunk X=0 Y=-26 Z=2 emitted 12 procedural water vertices (Ocean/Pools)
[+01:27:35.175] VoxelWater: Chunk X=1 Y=-28 Z=3 emitted 24 procedural water vertices (Ocean/Pools)
[+01:27:35.175] VoxelWater: Chunk X=3 Y=-26 Z=3 emitted 24 procedural water vertices (Ocean/Pools)
[+01:27:35.175] VoxelWater: Chunk X=3 Y=-24 Z=2 emitted 28 procedural water vertices (Ocean/Pools)
[+01:27:35.175] VoxelWater: Chunk X=3 Y=-23 Z=2 emitted 72 procedural water vertices (Ocean/Pools)
[+01:27:35.175] VoxelWater: Chunk X=-1 Y=-25 Z=1 emitted 24 procedural water vertices (Ocean/Pools)
[+01:27:35.175] VoxelWater: Chunk X=-2 Y=-25 Z=1 emitted 84 procedural water vertices (Ocean/Pools)
[+01:27:35.175] VoxelWater: Chunk X=3 Y=-33 Z=1 emitted 20 procedural water vertices (Ocean/Pools)
[+01:27:35.175] VoxelWater: Chunk X=-1 Y=-31 Z=1 emitted 12 procedural water vertices (Ocean/Pools)
[+01:27:35.175] VoxelWater: Chunk X=3 Y=-32 Z=2 emitted 40 procedural water vertices (Ocean/Pools)
[+01:27:35.175] VoxelWater: Chunk X=8 Y=-25 Z=1 emitted 8 procedural water vertices (Ocean/Pools)
[+01:27:35.175] VoxelWater: Chunk X=7 Y=-31 Z=1 emitted 20 procedural water vertices (Ocean/Pools)
[+01:27:35.175] VoxelWater: Chunk X=8 Y=-28 Z=1 emitted 28 procedural water vertices (Ocean/Pools)
[+01:27:35.175] VoxelWater: Chunk X=6 Y=-32 Z=1 emitted 20 procedural water vertices (Ocean/Pools)
[+01:27:35.175] VoxelWater: Chunk X=7 Y=-32 Z=1 emitted 64 procedural water vertices (Ocean/Pools)
[+01:27:35.175] VoxelWater: Chunk X=1 Y=-26 Z=3 emitted 8 procedural water vertices (Ocean/Pools)
[+01:27:35.175] VoxelWater: Chunk X=2 Y=-23 Z=1 emitted 16 procedural water vertices (Ocean/Pools)
[+01:27:35.175] VoxelWater: Chunk X=2 Y=-24 Z=2 emitted 20 procedural water vertices (Ocean/Pools)
[+01:27:35.175] VoxelWater: Chunk X=8 Y=-29 Z=1 emitted 44 procedural water vertices (Ocean/Pools)
[+01:27:35.175] VoxelWater: Chunk X=4 Y=-24 Z=2 emitted 60 procedural water vertices (Ocean/Pools)
[+01:27:35.175] VoxelWater: Chunk X=6 Y=-26 Z=3 emitted 16 procedural water vertices (Ocean/Pools)
[+01:27:35.175] VoxelWater: Chunk X=1 Y=-25 Z=3 emitted 20 procedural water vertices (Ocean/Pools)
[+01:27:35.175] VoxelWater: Chunk X=5 Y=-25 Z=3 emitted 104 procedural water vertices (Ocean/Pools)
[+01:27:35.175] VoxelWater: Chunk X=3 Y=-33 Z=2 emitted 64 procedural water vertices (Ocean/Pools)
[+01:27:35.175] VoxelWater: Chunk X=-2 Y=-31 Z=1 emitted 32 procedural water vertices (Ocean/Pools)
[+01:27:35.175] VoxelWater: Chunk X=6 Y=-23 Z=1 emitted 4 procedural water vertices (Ocean/Pools)
[+01:27:35.176] VoxelWater: Chunk X=8 Y=-31 Z=1 emitted 40 procedural water vertices (Ocean/Pools)
[+01:27:35.176] VoxelWater: Chunk X=0 Y=-33 Z=1 emitted 20 procedural water vertices (Ocean/Pools)
[+01:27:35.176] VoxelWater: Chunk X=0 Y=-24 Z=2 emitted 16 procedural water vertices (Ocean/Pools)
[+01:27:35.176] VoxelWater: Chunk X=6 Y=-24 Z=2 emitted 60 procedural water vertices (Ocean/Pools)
[+01:27:35.176] VoxelWater: Chunk X=3 Y=-23 Z=1 emitted 4 procedural water vertices (Ocean/Pools)
[+01:27:35.176] VoxelWater: Chunk X=2 Y=-23 Z=2 emitted 16 procedural water vertices (Ocean/Pools)
[+01:27:35.176] VoxelWater: Chunk X=6 Y=-33 Z=1 emitted 96 procedural water vertices (Ocean/Pools)
[+01:27:35.176] VoxelWater: Chunk X=-2 Y=-27 Z=2 emitted 56 procedural water vertices (Ocean/Pools)
[+01:27:35.176] VoxelWater: Chunk X=-1 Y=-27 Z=2 emitted 4 procedural water vertices (Ocean/Pools)
[+01:27:35.176] VoxelWater: Chunk X=4 Y=-33 Z=2 emitted 68 procedural water vertices (Ocean/Pools)
[+01:27:35.176] VoxelWater: Chunk X=4 Y=-23 Z=2 emitted 72 procedural water vertices (Ocean/Pools)
[+01:27:35.176] VoxelWater: Chunk X=-2 Y=-29 Z=1 emitted 8 procedural water vertices (Ocean/Pools)
[+01:27:35.176] VoxelWater: Chunk X=-2 Y=-29 Z=2 emitted 64 procedural water vertices (Ocean/Pools)
[+01:27:35.176] VoxelWater: Chunk X=3 Y=-24 Z=3 emitted 28 procedural water vertices (Ocean/Pools)
[+01:27:35.176] VoxelWater: Chunk X=-1 Y=-28 Z=3 emitted 72 procedural water vertices (Ocean/Pools)
[+01:27:35.176] VoxelWater: Chunk X=-1 Y=-29 Z=3 emitted 4 procedural water vertices (Ocean/Pools)
[+01:27:35.189] VoxelChunk: GenerateAsync (-1,-27,3)
[+01:27:35.192] VoxelMesh: Chunk X=-1 Y=-27 Z=3 FlatVerts=30 SlopeVerts=2094
[+01:27:35.194] VoxelMesh: Chunk X=0 Y=0 Z=0 FlatVerts=0 SlopeVerts=312
[+01:27:35.194] VoxelChunk: GenerateAsync (7,-29,3)
[+01:27:35.196] VoxelChunk: GenerateAsync (1,-28,4)
[+01:27:35.199] VoxelMesh: Chunk X=1 Y=-28 Z=4 FlatVerts=0 SlopeVerts=0
[+01:27:35.199] VoxelChunk: GenerateAsync (4,-24,3)
[+01:27:35.200] VoxelMesh: Chunk X=4 Y=-24 Z=3 FlatVerts=528 SlopeVerts=1896
[+01:27:35.211] VoxelChunk: GenerateAsync (3,-30,4)
[+01:27:35.214] VoxelChunk: GenerateAsync (2,-24,3)
[+01:27:35.216] VoxelMesh: Chunk X=2 Y=-24 Z=3 FlatVerts=6 SlopeVerts=2958
[+01:27:35.216] VoxelChunk: GenerateAsync (3,-26,4)
[+01:27:35.218] VoxelMesh: Chunk X=3 Y=-26 Z=4 FlatVerts=0 SlopeVerts=6
[+01:27:35.218] VoxelChunk: GenerateAsync (4,-32,3)
[+01:27:35.233] VoxelChunk: GenerateAsync (2,-32,3)
[+01:27:35.235] VoxelChunk: GenerateAsync (7,-27,3)
[+01:27:35.237] VoxelChunk: GenerateAsync (5,-28,4)
[+01:27:35.241] VoxelMesh: Chunk X=0 Y=0 Z=0 FlatVerts=0 SlopeVerts=2346
[+01:27:35.242] VoxelChunk: GenerateAsync (1,-23,2)
[+01:27:35.242] VoxelMesh: Chunk X=1 Y=-23 Z=2 FlatVerts=0 SlopeVerts=6
[+01:27:35.253] VoxelChunk: GenerateAsync (2,-26,4)
[+01:27:35.255] VoxelMesh: Chunk X=2 Y=-26 Z=4 FlatVerts=6 SlopeVerts=744
[+01:27:35.255] VoxelChunk: GenerateAsync (-2,-30,2)
[+01:27:35.258] VoxelMesh: Chunk X=-2 Y=-30 Z=2 FlatVerts=162 SlopeVerts=3048
[+01:27:35.258] VoxelChunk: GenerateAsync (5,-23,2)
[+01:27:35.259] VoxelMesh: Chunk X=5 Y=-23 Z=2 FlatVerts=6 SlopeVerts=1044
[+01:27:35.260] VoxelChunk: GenerateAsync (-2,-26,2)
[+01:27:35.262] VoxelMesh: Chunk X=-2 Y=-26 Z=2 FlatVerts=420 SlopeVerts=4722
[+01:27:35.275] VoxelChunk: GenerateAsync (5,-27,4)
[+01:27:35.276] VoxelChunk: GenerateAsync (6,-25,3)
[+01:27:35.279] VoxelMesh: Chunk X=6 Y=-25 Z=3 FlatVerts=288 SlopeVerts=2604
[+01:27:35.279] VoxelChunk: GenerateAsync (4,-30,4)
[+01:27:35.282] VoxelChunk: GenerateAsync (4,-26,4)
[+01:27:35.294] VoxelChunk: GenerateAsync (5,-33,2)
[+01:27:35.296] VoxelMesh: Chunk X=5 Y=-33 Z=2 FlatVerts=576 SlopeVerts=2388
[+01:27:35.297] VoxelMesh: Chunk X=0 Y=0 Z=0 FlatVerts=30 SlopeVerts=1452
[+01:27:35.298] VoxelChunk: GenerateAsync (8,-30,2)
[+01:27:35.299] VoxelMesh: Chunk X=8 Y=-30 Z=2 FlatVerts=0 SlopeVerts=396
[+01:27:35.299] VoxelChunk: GenerateAsync (0,-31,3)
[+01:27:35.301] VoxelChunk: GenerateAsync (1,-27,4)
[+01:27:35.303] VoxelMesh: Chunk X=1 Y=-27 Z=4 FlatVerts=0 SlopeVerts=66
[+01:27:35.314] VoxelChunk: GenerateAsync (0,-25,3)
[+01:27:35.316] VoxelMesh: Chunk X=0 Y=-25 Z=3 FlatVerts=312 SlopeVerts=2502
[+01:27:35.317] VoxelChunk: GenerateAsync (5,-29,4)
[+01:27:35.319] VoxelChunk: GenerateAsync (1,-29,4)
[+01:27:35.323] VoxelMesh: Chunk X=0 Y=0 Z=0 FlatVerts=0 SlopeVerts=0
[+01:27:35.324] VoxelChunk: GenerateAsync (8,-26,2)
[+01:27:35.324] VoxelMesh: Chunk X=8 Y=-26 Z=2 FlatVerts=114 SlopeVerts=2316
[+01:27:35.337] VoxelChunk: GenerateAsync (6,-31,3)
[+01:27:35.339] VoxelChunk: GenerateAsync (1,-33,2)
[+01:27:35.341] VoxelChunk: GenerateAsync (2,-30,4)
[+01:27:35.344] VoxelChunk: GenerateAsync (5,-24,3)
[+01:27:35.344] VoxelMesh: Chunk X=5 Y=-24 Z=3 FlatVerts=0 SlopeVerts=96
[+01:27:35.383] VoxelWater: Chunk X=5 Y=-25 Z=2 emitted 36 procedural water vertices (Ocean/Pools)
[+01:27:35.383] VoxelWater: Chunk X=2 Y=-25 Z=3 emitted 56 procedural water vertices (Ocean/Pools)
[+01:27:35.383] VoxelWater: Chunk X=4 Y=-25 Z=2 emitted 80 procedural water vertices (Ocean/Pools)
[+01:27:35.383] VoxelWater: Chunk X=4 Y=-25 Z=3 emitted 108 procedural water vertices (Ocean/Pools)
[+01:27:35.383] VoxelWater: Chunk X=0 Y=-27 Z=3 emitted 104 procedural water vertices (Ocean/Pools)
[+01:27:35.383] VoxelWater: Chunk X=-1 Y=-27 Z=3 emitted 44 procedural water vertices (Ocean/Pools)
[+01:27:35.383] VoxelWater: Chunk X=1 Y=-27 Z=3 emitted 184 procedural water vertices (Ocean/Pools)
[+01:27:35.383] VoxelWater: Chunk X=0 Y=-26 Z=3 emitted 92 procedural water vertices (Ocean/Pools)
[+01:27:35.383] VoxelWater: Chunk X=1 Y=-25 Z=2 emitted 4 procedural water vertices (Ocean/Pools)
[+01:27:35.383] VoxelWater: Chunk X=4 Y=-25 Z=1 emitted 120 procedural water vertices (Ocean/Pools)
[+01:27:35.383] VoxelWater: Chunk X=4 Y=-26 Z=1 emitted 184 procedural water vertices (Ocean/Pools)
[+01:27:35.383] VoxelWater: Chunk X=5 Y=-25 Z=1 emitted 12 procedural water vertices (Ocean/Pools)
[+01:27:35.383] VoxelWater: Chunk X=1 Y=-24 Z=1 emitted 56 procedural water vertices (Ocean/Pools)
[+01:27:35.383] VoxelWater: Chunk X=0 Y=-24 Z=1 emitted 8 procedural water vertices (Ocean/Pools)
[+01:27:35.383] VoxelWater: Chunk X=6 Y=-27 Z=1 emitted 120 procedural water vertices (Ocean/Pools)
[+01:27:35.383] VoxelWater: Chunk X=7 Y=-27 Z=1 emitted 104 procedural water vertices (Ocean/Pools)
[+01:27:35.383] VoxelWater: Chunk X=-1 Y=-30 Z=1 emitted 52 procedural water vertices (Ocean/Pools)
[+01:27:35.383] VoxelWater: Chunk X=-1 Y=-29 Z=1 emitted 64 procedural water vertices (Ocean/Pools)
[+01:27:35.383] VoxelWater: Chunk X=8 Y=-26 Z=1 emitted 12 procedural water vertices (Ocean/Pools)
[+01:27:35.383] VoxelWater: Chunk X=7 Y=-26 Z=1 emitted 52 procedural water vertices (Ocean/Pools)
[+01:27:35.383] VoxelWater: Chunk X=7 Y=-30 Z=1 emitted 108 procedural water vertices (Ocean/Pools)
[+01:27:35.383] VoxelWater: Chunk X=5 Y=-32 Z=0 emitted 8 procedural water vertices (Ocean/Pools)
[+01:27:35.383] VoxelWater: Chunk X=5 Y=-32 Z=1 emitted 20 procedural water vertices (Ocean/Pools)
[+01:27:35.383] VoxelWater: Chunk X=4 Y=-26 Z=2 emitted 8 procedural water vertices (Ocean/Pools)
[+01:27:35.383] VoxelWater: Chunk X=4 Y=-31 Z=1 emitted 28 procedural water vertices (Ocean/Pools)
[+01:27:35.383] VoxelWater: Chunk X=6 Y=-30 Z=1 emitted 184 procedural water vertices (Ocean/Pools)
[+01:27:35.383] VoxelWater: Chunk X=6 Y=-29 Z=1 emitted 8 procedural water vertices (Ocean/Pools)
[+01:27:35.383] VoxelWater: Chunk X=2 Y=-28 Z=1 emitted 252 procedural water vertices (Ocean/Pools)
[+01:27:35.383] VoxelWater: Chunk X=2 Y=-28 Z=2 emitted 316 procedural water vertices (Ocean/Pools)
[+01:27:35.383] VoxelWater: Chunk X=3 Y=-28 Z=2 emitted 304 procedural water vertices (Ocean/Pools)
[+01:27:35.383] VoxelWater: Chunk X=2 Y=-27 Z=2 emitted 232 procedural water vertices (Ocean/Pools)
[+01:27:35.383] VoxelWater: Chunk X=2 Y=-27 Z=3 emitted 172 procedural water vertices (Ocean/Pools)
[+01:27:35.383] VoxelWater: Chunk X=3 Y=-27 Z=3 emitted 124 procedural water vertices (Ocean/Pools)
[+01:27:35.383] VoxelWater: Chunk X=2 Y=-27 Z=1 emitted 4 procedural water vertices (Ocean/Pools)
[+01:27:35.383] VoxelWater: Chunk X=3 Y=-27 Z=2 emitted 496 procedural water vertices (Ocean/Pools)
[+01:27:35.383] VoxelWater: Chunk X=3 Y=-29 Z=1 emitted 132 procedural water vertices (Ocean/Pools)
[+01:27:35.383] VoxelWater: Chunk X=3 Y=-29 Z=2 emitted 20 procedural water vertices (Ocean/Pools)
[+01:27:35.383] VoxelWater: Chunk X=0 Y=-29 Z=1 emitted 68 procedural water vertices (Ocean/Pools)
[+01:27:35.383] VoxelWater: Chunk X=3 Y=-28 Z=1 emitted 192 procedural water vertices (Ocean/Pools)
[+01:27:35.383] VoxelWater: Chunk X=2 Y=-31 Z=1 emitted 24 procedural water vertices (Ocean/Pools)
[+01:27:35.383] VoxelWater: Chunk X=3 Y=-27 Z=1 emitted 88 procedural water vertices (Ocean/Pools)
[+01:27:35.383] VoxelWater: Chunk X=4 Y=-27 Z=2 emitted 104 procedural water vertices (Ocean/Pools)
[+01:27:35.383] VoxelWater: Chunk X=3 Y=-26 Z=2 emitted 172 procedural water vertices (Ocean/Pools)
[+01:27:35.383] VoxelWater: Chunk X=4 Y=-29 Z=1 emitted 72 procedural water vertices (Ocean/Pools)
[+01:27:35.383] VoxelWater: Chunk X=4 Y=-29 Z=2 emitted 32 procedural water vertices (Ocean/Pools)
[+01:27:35.383] VoxelWater: Chunk X=4 Y=-28 Z=1 emitted 104 procedural water vertices (Ocean/Pools)
[+01:27:35.384] VoxelWater: Chunk X=4 Y=-28 Z=2 emitted 92 procedural water vertices (Ocean/Pools)
[+01:27:35.384] VoxelWater: Chunk X=5 Y=-28 Z=2 emitted 52 procedural water vertices (Ocean/Pools)
[+01:27:35.384] VoxelWater: Chunk X=4 Y=-27 Z=1 emitted 160 procedural water vertices (Ocean/Pools)
[+01:27:35.384] VoxelWater: Chunk X=6 Y=-27 Z=2 emitted 12 procedural water vertices (Ocean/Pools)
[+01:27:35.384] VoxelWater: Chunk X=3 Y=-31 Z=1 emitted 4 procedural water vertices (Ocean/Pools)
[+01:27:35.384] VoxelWater: Chunk X=6 Y=-28 Z=1 emitted 72 procedural water vertices (Ocean/Pools)
[+01:27:35.384] VoxelWater: Chunk X=6 Y=-26 Z=1 emitted 4 procedural water vertices (Ocean/Pools)
[+01:27:35.384] VoxelWater: Chunk X=5 Y=-26 Z=1 emitted 180 procedural water vertices (Ocean/Pools)
[+01:27:35.384] VoxelWater: Chunk X=1 Y=-30 Z=1 emitted 36 procedural water vertices (Ocean/Pools)
[+01:27:35.384] VoxelWater: Chunk X=1 Y=-29 Z=1 emitted 12 procedural water vertices (Ocean/Pools)
[+01:27:35.384] VoxelWater: Chunk X=7 Y=-26 Z=2 emitted 36 procedural water vertices (Ocean/Pools)
[+01:27:35.384] VoxelWater: Chunk X=1 Y=-24 Z=2 emitted 68 procedural water vertices (Ocean/Pools)
[+01:27:35.384] VoxelWater: Chunk X=5 Y=-24 Z=2 emitted 4 procedural water vertices (Ocean/Pools)
[+01:27:35.384] VoxelWater: Chunk X=6 Y=-28 Z=2 emitted 12 procedural water vertices (Ocean/Pools)
[+01:27:35.384] VoxelWater: Chunk X=3 Y=-25 Z=3 emitted 68 procedural water vertices (Ocean/Pools)
[+01:27:35.384] VoxelWater: Chunk X=3 Y=-25 Z=2 emitted 4 procedural water vertices (Ocean/Pools)
[+01:27:35.384] VoxelWater: Chunk X=5 Y=-32 Z=2 emitted 12 procedural water vertices (Ocean/Pools)
[+01:27:35.385] VoxelWater: Chunk X=4 Y=-32 Z=2 emitted 136 procedural water vertices (Ocean/Pools)
[+01:27:35.385] VoxelWater: Chunk X=5 Y=-30 Z=1 emitted 68 procedural water vertices (Ocean/Pools)
[+01:27:35.385] VoxelWater: Chunk X=1 Y=-33 Z=1 emitted 8 procedural water vertices (Ocean/Pools)
[+01:27:35.385] VoxelWater: Chunk X=-2 Y=-30 Z=1 emitted 44 procedural water vertices (Ocean/Pools)
[+01:27:35.385] VoxelWater: Chunk X=6 Y=-25 Z=1 emitted 12 procedural water vertices (Ocean/Pools)
[+01:27:35.385] VoxelWater: Chunk X=7 Y=-25 Z=1 emitted 8 procedural water vertices (Ocean/Pools)
[+01:27:35.385] VoxelWater: Chunk X=0 Y=-28 Z=2 emitted 44 procedural water vertices (Ocean/Pools)
[+01:27:35.385] VoxelWater: Chunk X=6 Y=-31 Z=1 emitted 36 procedural water vertices (Ocean/Pools)
[+01:27:35.385] VoxelWater: Chunk X=5 Y=-31 Z=0 emitted 20 procedural water vertices (Ocean/Pools)
[+01:27:35.385] VoxelWater: Chunk X=5 Y=-23 Z=1 emitted 48 procedural water vertices (Ocean/Pools)
[+01:27:35.385] VoxelWater: Chunk X=1 Y=-26 Z=3 emitted 8 procedural water vertices (Ocean/Pools)
[+01:27:35.385] VoxelWater: Chunk X=2 Y=-30 Z=1 emitted 16 procedural water vertices (Ocean/Pools)
[+01:27:35.385] VoxelWater: Chunk X=3 Y=-30 Z=1 emitted 48 procedural water vertices (Ocean/Pools)
[+01:27:35.385] VoxelWater: Chunk X=4 Y=-30 Z=1 emitted 72 procedural water vertices (Ocean/Pools)
[+01:27:35.385] VoxelWater: Chunk X=5 Y=-29 Z=1 emitted 8 procedural water vertices (Ocean/Pools)
[+01:27:35.385] VoxelWater: Chunk X=5 Y=-27 Z=1 emitted 60 procedural water vertices (Ocean/Pools)
[+01:27:35.385] VoxelWater: Chunk X=2 Y=-29 Z=1 emitted 88 procedural water vertices (Ocean/Pools)
[+01:27:35.385] VoxelWater: Chunk X=3 Y=-26 Z=1 emitted 40 procedural water vertices (Ocean/Pools)
[+01:27:35.385] VoxelWater: Chunk X=1 Y=-28 Z=1 emitted 76 procedural water vertices (Ocean/Pools)
[+01:27:35.385] VoxelWater: Chunk X=-2 Y=-29 Z=1 emitted 12 procedural water vertices (Ocean/Pools)
[+01:27:35.385] VoxelWater: Chunk X=5 Y=-28 Z=1 emitted 112 procedural water vertices (Ocean/Pools)
[+01:27:35.385] VoxelWater: Chunk X=-1 Y=-27 Z=2 emitted 4 procedural water vertices (Ocean/Pools)
[+01:27:35.385] VoxelWater: Chunk X=4 Y=-32 Z=1 emitted 112 procedural water vertices (Ocean/Pools)
[+01:27:35.385] VoxelWater: Chunk X=5 Y=-30 Z=2 emitted 32 procedural water vertices (Ocean/Pools)
[+01:27:35.385] VoxelWater: Chunk X=4 Y=-30 Z=2 emitted 80 procedural water vertices (Ocean/Pools)
[+01:27:35.385] VoxelWater: Chunk X=1 Y=-28 Z=2 emitted 116 procedural water vertices (Ocean/Pools)
[+01:27:35.385] VoxelWater: Chunk X=1 Y=-27 Z=2 emitted 140 procedural water vertices (Ocean/Pools)
[+01:27:35.385] VoxelWater: Chunk X=3 Y=-30 Z=2 emitted 16 procedural water vertices (Ocean/Pools)
[+01:27:35.385] VoxelWater: Chunk X=5 Y=-31 Z=1 emitted 96 procedural water vertices (Ocean/Pools)
[+01:27:35.385] VoxelWater: Chunk X=6 Y=-30 Z=0 emitted 12 procedural water vertices (Ocean/Pools)
[+01:27:35.385] VoxelWater: Chunk X=2 Y=-26 Z=2 emitted 164 procedural water vertices (Ocean/Pools)
[+01:27:35.385] VoxelWater: Chunk X=5 Y=-27 Z=2 emitted 52 procedural water vertices (Ocean/Pools)
[+01:27:35.385] VoxelWater: Chunk X=3 Y=-32 Z=1 emitted 68 procedural water vertices (Ocean/Pools)
[+01:27:35.385] VoxelWater: Chunk X=7 Y=-28 Z=1 emitted 4 procedural water vertices (Ocean/Pools)
[+01:27:35.385] VoxelWater: Chunk X=7 Y=-29 Z=1 emitted 60 procedural water vertices (Ocean/Pools)
[+01:27:35.385] VoxelWater: Chunk X=8 Y=-29 Z=1 emitted 52 procedural water vertices (Ocean/Pools)
[+01:27:35.385] VoxelWater: Chunk X=4 Y=-24 Z=1 emitted 20 procedural water vertices (Ocean/Pools)
[+01:27:35.385] VoxelWater: Chunk X=2 Y=-24 Z=1 emitted 4 procedural water vertices (Ocean/Pools)
[+01:27:35.385] VoxelWater: Chunk X=8 Y=-27 Z=1 emitted 76 procedural water vertices (Ocean/Pools)
[+01:27:35.385] VoxelWater: Chunk X=0 Y=-26 Z=2 emitted 12 procedural water vertices (Ocean/Pools)
[+01:27:35.385] VoxelWater: Chunk X=1 Y=-28 Z=3 emitted 24 procedural water vertices (Ocean/Pools)
[+01:27:35.385] VoxelWater: Chunk X=3 Y=-26 Z=3 emitted 24 procedural water vertices (Ocean/Pools)
[+01:27:35.385] VoxelWater: Chunk X=2 Y=-24 Z=2 emitted 24 procedural water vertices (Ocean/Pools)
[+01:27:35.385] VoxelWater: Chunk X=3 Y=-24 Z=2 emitted 32 procedural water vertices (Ocean/Pools)
[+01:27:35.385] VoxelWater: Chunk X=3 Y=-23 Z=2 emitted 72 procedural water vertices (Ocean/Pools)
[+01:27:35.385] VoxelWater: Chunk X=-1 Y=-25 Z=1 emitted 24 procedural water vertices (Ocean/Pools)
[+01:27:35.385] VoxelWater: Chunk X=-2 Y=-25 Z=1 emitted 80 procedural water vertices (Ocean/Pools)
[+01:27:35.385] VoxelWater: Chunk X=3 Y=-33 Z=1 emitted 36 procedural water vertices (Ocean/Pools)
[+01:27:35.385] VoxelWater: Chunk X=-1 Y=-31 Z=1 emitted 12 procedural water vertices (Ocean/Pools)
[+01:27:35.386] VoxelWater: Chunk X=3 Y=-32 Z=2 emitted 40 procedural water vertices (Ocean/Pools)
[+01:27:35.386] VoxelWater: Chunk X=8 Y=-25 Z=1 emitted 16 procedural water vertices (Ocean/Pools)
[+01:27:35.386] VoxelWater: Chunk X=7 Y=-31 Z=1 emitted 20 procedural water vertices (Ocean/Pools)
[+01:27:35.386] VoxelWater: Chunk X=8 Y=-28 Z=1 emitted 36 procedural water vertices (Ocean/Pools)
[+01:27:35.386] VoxelWater: Chunk X=6 Y=-32 Z=1 emitted 20 procedural water vertices (Ocean/Pools)
[+01:27:35.386] VoxelWater: Chunk X=7 Y=-32 Z=1 emitted 72 procedural water vertices (Ocean/Pools)
[+01:27:35.386] VoxelWater: Chunk X=3 Y=-23 Z=1 emitted 8 procedural water vertices (Ocean/Pools)
[+01:27:35.386] VoxelWater: Chunk X=2 Y=-23 Z=1 emitted 20 procedural water vertices (Ocean/Pools)
[+01:27:35.386] VoxelWater: Chunk X=4 Y=-24 Z=2 emitted 64 procedural water vertices (Ocean/Pools)
[+01:27:35.386] VoxelWater: Chunk X=8 Y=-27 Z=0 emitted 4 procedural water vertices (Ocean/Pools)
[+01:27:35.386] VoxelWater: Chunk X=6 Y=-26 Z=3 emitted 16 procedural water vertices (Ocean/Pools)
[+01:27:35.386] VoxelWater: Chunk X=1 Y=-25 Z=3 emitted 24 procedural water vertices (Ocean/Pools)
[+01:27:35.386] VoxelWater: Chunk X=5 Y=-25 Z=3 emitted 108 procedural water vertices (Ocean/Pools)
[+01:27:35.386] VoxelWater: Chunk X=6 Y=-25 Z=3 emitted 52 procedural water vertices (Ocean/Pools)
[+01:27:35.386] VoxelWater: Chunk X=3 Y=-33 Z=2 emitted 64 procedural water vertices (Ocean/Pools)
[+01:27:35.386] VoxelWater: Chunk X=-2 Y=-31 Z=1 emitted 32 procedural water vertices (Ocean/Pools)
[+01:27:35.386] VoxelWater: Chunk X=6 Y=-23 Z=1 emitted 4 procedural water vertices (Ocean/Pools)
[+01:27:35.386] VoxelWater: Chunk X=8 Y=-31 Z=1 emitted 36 procedural water vertices (Ocean/Pools)
[+01:27:35.386] VoxelWater: Chunk X=0 Y=-33 Z=1 emitted 20 procedural water vertices (Ocean/Pools)
[+01:27:35.387] VoxelWater: Chunk X=0 Y=-24 Z=2 emitted 16 procedural water vertices (Ocean/Pools)
[+01:27:35.387] VoxelWater: Chunk X=6 Y=-24 Z=2 emitted 60 procedural water vertices (Ocean/Pools)
[+01:27:35.387] VoxelWater: Chunk X=2 Y=-23 Z=2 emitted 16 procedural water vertices (Ocean/Pools)
[+01:27:35.387] VoxelWater: Chunk X=6 Y=-33 Z=1 emitted 96 procedural water vertices (Ocean/Pools)
[+01:27:35.387] VoxelWater: Chunk X=-2 Y=-27 Z=2 emitted 56 procedural water vertices (Ocean/Pools)
[+01:27:35.387] VoxelWater: Chunk X=4 Y=-33 Z=2 emitted 96 procedural water vertices (Ocean/Pools)
[+01:27:35.387] VoxelWater: Chunk X=5 Y=-23 Z=2 emitted 20 procedural water vertices (Ocean/Pools)
[+01:27:35.387] VoxelWater: Chunk X=4 Y=-23 Z=2 emitted 84 procedural water vertices (Ocean/Pools)
[+01:27:35.387] VoxelWater: Chunk X=-2 Y=-29 Z=2 emitted 68 procedural water vertices (Ocean/Pools)
[+01:27:35.387] VoxelWater: Chunk X=3 Y=-24 Z=3 emitted 32 procedural water vertices (Ocean/Pools)
[+01:27:35.387] VoxelWater: Chunk X=2 Y=-24 Z=3 emitted 36 procedural water vertices (Ocean/Pools)
[+01:27:35.387] VoxelWater: Chunk X=-1 Y=-28 Z=3 emitted 76 procedural water vertices (Ocean/Pools)
[+01:27:35.387] VoxelWater: Chunk X=-1 Y=-29 Z=3 emitted 4 procedural water vertices (Ocean/Pools)
[+01:27:35.387] VoxelWater: Chunk X=4 Y=-24 Z=3 emitted 20 procedural water vertices (Ocean/Pools)
[+01:27:35.387] VoxelWater: Chunk X=-2 Y=-30 Z=2 emitted 20 procedural water vertices (Ocean/Pools)
[+01:27:35.387] VoxelWater: Chunk X=-2 Y=-26 Z=2 emitted 84 procedural water vertices (Ocean/Pools)
[+01:27:35.387] VoxelWater: Chunk X=-1 Y=-26 Z=2 emitted 4 procedural water vertices (Ocean/Pools)
[+01:27:35.387] VoxelWater: Chunk X=5 Y=-33 Z=1 emitted 32 procedural water vertices (Ocean/Pools)
[+01:27:35.387] VoxelWater: Chunk X=5 Y=-33 Z=2 emitted 72 procedural water vertices (Ocean/Pools)
[+01:27:35.387] VoxelWater: Chunk X=8 Y=-30 Z=2 emitted 12 procedural water vertices (Ocean/Pools)
[+01:27:35.387] VoxelWater: Chunk X=0 Y=-25 Z=2 emitted 8 procedural water vertices (Ocean/Pools)
[+01:27:35.387] VoxelWater: Chunk X=0 Y=-25 Z=3 emitted 44 procedural water vertices (Ocean/Pools)
[+01:27:35.387] VoxelWater: Chunk X=8 Y=-26 Z=2 emitted 8 procedural water vertices (Ocean/Pools)
[+01:27:35.403] VoxelChunk: GenerateAsync (-1,-30,3)
[+01:27:35.405] VoxelChunk: GenerateAsync (-1,-26,3)
[+01:27:35.408] VoxelMesh: Chunk X=-1 Y=-26 Z=3 FlatVerts=0 SlopeVerts=72
[+01:27:35.408] VoxelChunk: GenerateAsync (5,-32,3)
[+01:27:35.411] VoxelChunk: GenerateAsync (1,-32,3)
