=== FIRSTVOXEL SESSION [2026.03.17-00.51.36] ===
[+00:51:36.958] FirstVoxel module started.
[+00:53:22.118] VoxelWorld: GenerateWorldDeferred started.
[+00:53:22.118] VoxelWorld: Queued 245 chunks.
[+00:53:22.219] VoxelMesh: Chunk X=0 Y=0 Z=0 FlatVerts=5988 SlopeVerts=10380
[+00:53:22.233] VoxelChunk: GenerateAsync (0,0,0)
[+00:53:22.233] VoxelMesh: Chunk X=0 Y=0 Z=0 FlatVerts=1368 SlopeVerts=882
[+00:53:22.326] VoxelMesh: Chunk X=0 Y=0 Z=0 FlatVerts=3600 SlopeVerts=13752
[+00:53:22.342] VoxelChunk: GenerateAsync (1,0,0)
[+00:53:22.342] VoxelMesh: Chunk X=1 Y=0 Z=0 FlatVerts=180 SlopeVerts=138
[+00:53:22.426] VoxelMesh: Chunk X=0 Y=0 Z=0 FlatVerts=8106 SlopeVerts=6360
[+00:53:22.440] VoxelChunk: GenerateAsync (1,1,0)
[+00:53:22.441] VoxelMesh: Chunk X=1 Y=1 Z=0 FlatVerts=1476 SlopeVerts=714
[+00:53:22.535] VoxelMesh: Chunk X=0 Y=0 Z=0 FlatVerts=990 SlopeVerts=5526
[+00:53:22.540] VoxelChunk: GenerateAsync (1,1,1)
[+00:53:22.540] VoxelMesh: Chunk X=1 Y=1 Z=1 FlatVerts=144 SlopeVerts=1698
[+00:53:22.641] VoxelMesh: Chunk X=0 Y=0 Z=0 FlatVerts=144 SlopeVerts=1698
[+00:53:22.643] VoxelChunk: GenerateAsync (0,1,1)
[+00:53:22.644] VoxelMesh: Chunk X=0 Y=1 Z=1 FlatVerts=0 SlopeVerts=0
[+00:53:22.741] VoxelMesh: Chunk X=0 Y=0 Z=0 FlatVerts=0 SlopeVerts=0
[+00:53:22.742] VoxelChunk: GenerateAsync (-1,1,1)
[+00:53:22.842] VoxelMesh: Chunk X=0 Y=0 Z=0 FlatVerts=1608 SlopeVerts=20934
[+00:53:22.860] VoxelChunk: GenerateAsync (1,0,1)
[+00:53:22.861] VoxelMesh: Chunk X=1 Y=0 Z=1 FlatVerts=270 SlopeVerts=5094
[+00:53:22.943] VoxelMesh: Chunk X=0 Y=0 Z=0 FlatVerts=456 SlopeVerts=10890
[+00:53:22.950] VoxelChunk: GenerateAsync (0,0,1)
[+00:53:22.950] VoxelMesh: Chunk X=0 Y=0 Z=1 FlatVerts=54 SlopeVerts=2136
[+00:53:23.049] VoxelMesh: Chunk X=0 Y=0 Z=0 FlatVerts=1542 SlopeVerts=1056
[+00:53:23.052] VoxelChunk: GenerateAsync (0,-1,-1)
[+00:53:23.150] VoxelMesh: Chunk X=0 Y=0 Z=0 FlatVerts=216 SlopeVerts=198
[+00:53:23.151] VoxelChunk: GenerateAsync (1,-1,-1)
[+00:53:23.254] VoxelMesh: Chunk X=0 Y=0 Z=0 FlatVerts=9804 SlopeVerts=2352
[+00:53:23.267] VoxelChunk: GenerateAsync (0,1,0)
[+00:53:23.267] VoxelMesh: Chunk X=0 Y=1 Z=0 FlatVerts=2520 SlopeVerts=30
[+00:53:23.358] VoxelMesh: Chunk X=0 Y=0 Z=0 FlatVerts=10458 SlopeVerts=30
[+00:53:23.371] VoxelChunk: GenerateAsync (-1,1,-1)
[+00:53:23.465] VoxelMesh: Chunk X=0 Y=0 Z=0 FlatVerts=9000 SlopeVerts=2988
[+00:53:23.478] VoxelChunk: GenerateAsync (-1,0,0)
[+00:53:23.479] VoxelMesh: Chunk X=-1 Y=0 Z=0 FlatVerts=2526 SlopeVerts=48
[+00:53:23.569] VoxelMesh: Chunk X=0 Y=0 Z=0 FlatVerts=1050 SlopeVerts=10668
[+00:53:23.578] VoxelChunk: GenerateAsync (-1,-1,1)
[+00:53:23.579] VoxelMesh: Chunk X=-1 Y=-1 Z=1 FlatVerts=516 SlopeVerts=1440
[+00:53:23.673] VoxelMesh: Chunk X=0 Y=0 Z=0 FlatVerts=5532 SlopeVerts=1776
[+00:53:23.682] VoxelChunk: GenerateAsync (0,0,-1)
[+00:53:23.785] VoxelMesh: Chunk X=0 Y=0 Z=0 FlatVerts=6012 SlopeVerts=9192
[+00:53:23.799] VoxelChunk: GenerateAsync (-1,-1,0)
[+00:53:23.799] VoxelMesh: Chunk X=-1 Y=-1 Z=0 FlatVerts=1098 SlopeVerts=816
[+00:53:23.889] VoxelMesh: Chunk X=0 Y=0 Z=0 FlatVerts=2346 SlopeVerts=13626
[+00:53:23.900] VoxelChunk: GenerateAsync (0,-1,0)
[+00:53:23.901] VoxelMesh: Chunk X=0 Y=-1 Z=0 FlatVerts=6 SlopeVerts=24
[+00:53:23.989] VoxelMesh: Chunk X=0 Y=0 Z=0 FlatVerts=54 SlopeVerts=2202
[+00:53:23.991] VoxelChunk: GenerateAsync (-1,0,1)
[+00:53:23.992] VoxelMesh: Chunk X=-1 Y=0 Z=1 FlatVerts=0 SlopeVerts=0
[+00:53:24.094] VoxelMesh: Chunk X=0 Y=0 Z=0 FlatVerts=10458 SlopeVerts=30
[+00:53:24.107] VoxelChunk: GenerateAsync (-1,1,0)
[+00:53:24.107] VoxelMesh: Chunk X=-1 Y=1 Z=0 FlatVerts=2538 SlopeVerts=0
[+00:53:24.194] VoxelMesh: Chunk X=0 Y=0 Z=0 FlatVerts=9684 SlopeVerts=744
[+00:53:24.207] VoxelChunk: GenerateAsync (0,1,-1)
[+00:53:24.303] VoxelMesh: Chunk X=0 Y=0 Z=0 FlatVerts=8946 SlopeVerts=966
[+00:53:24.315] VoxelChunk: GenerateAsync (-1,0,-1)
[+00:53:24.412] VoxelMesh: Chunk X=0 Y=0 Z=0 FlatVerts=900 SlopeVerts=11538
[+00:53:24.419] VoxelChunk: GenerateAsync (1,-1,0)
[+00:53:24.517] VoxelMesh: Chunk X=0 Y=0 Z=0 FlatVerts=7176 SlopeVerts=1398
[+00:53:24.527] VoxelChunk: GenerateAsync (1,1,-1)
[+00:53:24.623] VoxelMesh: Chunk X=0 Y=0 Z=0 FlatVerts=2016 SlopeVerts=1272
[+00:53:24.627] VoxelChunk: GenerateAsync (1,0,-1)
[+00:53:24.725] VoxelMesh: Chunk X=0 Y=0 Z=0 FlatVerts=648 SlopeVerts=25830
[+00:53:24.744] VoxelChunk: GenerateAsync (1,-1,1)
[+00:53:24.744] VoxelMesh: Chunk X=1 Y=-1 Z=1 FlatVerts=0 SlopeVerts=1542
[+00:53:24.826] VoxelMesh: Chunk X=0 Y=0 Z=0 FlatVerts=792 SlopeVerts=22050
[+00:53:24.843] VoxelChunk: GenerateAsync (0,-1,1)
[+00:53:24.844] VoxelMesh: Chunk X=0 Y=-1 Z=1 FlatVerts=510 SlopeVerts=4014
[+00:53:24.927] VoxelMesh: Chunk X=0 Y=0 Z=0 FlatVerts=4986 SlopeVerts=1782
[+00:53:24.935] VoxelChunk: GenerateAsync (-1,-1,-1)
[+00:53:25.033] VoxelChunk: GenerateAsync (1,0,-2)
[+00:53:25.139] VoxelChunk: GenerateAsync (2,0,-2)
[+00:53:25.244] VoxelChunk: GenerateAsync (0,-1,-2)
[+00:53:25.350] VoxelChunk: GenerateAsync (1,-1,-2)
[+00:53:25.457] VoxelChunk: GenerateAsync (-1,-2,-2)
[+00:53:25.562] VoxelChunk: GenerateAsync (-2,-2,-2)
[+00:53:25.668] VoxelChunk: GenerateAsync (2,-1,-2)
[+00:53:25.772] VoxelChunk: GenerateAsync (0,1,-2)
[+00:53:25.879] VoxelChunk: GenerateAsync (1,1,-2)
[+00:53:25.987] VoxelChunk: GenerateAsync (1,-2,-2)
[+00:53:26.091] VoxelChunk: GenerateAsync (2,1,-2)
[+00:53:26.198] VoxelChunk: GenerateAsync (-2,2,-2)
[+00:53:26.303] VoxelChunk: GenerateAsync (-2,0,-2)
[+00:53:26.410] VoxelChunk: GenerateAsync (-2,-1,-2)
[+00:53:26.513] VoxelChunk: GenerateAsync (-1,2,-2)
[+00:53:26.619] VoxelChunk: GenerateAsync (0,2,-2)
[+00:53:26.726] VoxelChunk: GenerateAsync (-1,0,-2)
[+00:53:26.832] VoxelChunk: GenerateAsync (1,2,-2)
[+00:53:26.937] VoxelChunk: GenerateAsync (2,2,-2)
[+00:53:27.044] VoxelChunk: GenerateAsync (0,0,-2)
[+00:53:27.149] VoxelChunk: GenerateAsync (-1,-1,-2)
[+00:53:27.259] VoxelChunk: GenerateAsync (2,-2,-2)
[+00:53:27.362] VoxelChunk: GenerateAsync (0,-2,-2)
[+00:53:27.469] VoxelChunk: GenerateAsync (-2,1,-2)
[+00:53:27.571] VoxelChunk: GenerateAsync (-1,1,-2)
[+00:53:27.674] VoxelMesh: Chunk X=0 Y=0 Z=0 FlatVerts=0 SlopeVerts=6
[+00:53:27.675] VoxelChunk: GenerateAsync (1,2,2)
[+00:53:27.781] VoxelMesh: Chunk X=0 Y=0 Z=0 FlatVerts=3486 SlopeVerts=2028
[+00:53:27.786] VoxelChunk: GenerateAsync (2,1,-1)
[+00:53:27.882] VoxelMesh: Chunk X=0 Y=0 Z=0 FlatVerts=0 SlopeVerts=0
[+00:53:27.882] VoxelChunk: GenerateAsync (-2,1,1)
[+00:53:27.985] VoxelMesh: Chunk X=0 Y=0 Z=0 FlatVerts=3522 SlopeVerts=1254
[+00:53:27.991] VoxelChunk: GenerateAsync (-2,-2,-1)
[+00:53:28.090] VoxelChunk: GenerateAsync (1,-2,-1)
[+00:53:28.192] VoxelChunk: GenerateAsync (-2,1,2)
[+00:53:28.299] VoxelMesh: Chunk X=0 Y=0 Z=0 FlatVerts=36 SlopeVerts=26892
[+00:53:28.318] VoxelChunk: GenerateAsync (0,-2,2)
[+00:53:28.320] VoxelMesh: Chunk X=0 Y=-2 Z=2 FlatVerts=24 SlopeVerts=3714
[+00:53:28.401] VoxelMesh: Chunk X=0 Y=0 Z=0 FlatVerts=60 SlopeVerts=936
[+00:53:28.402] VoxelChunk: GenerateAsync (-2,2,1)
[+00:53:28.402] VoxelMesh: Chunk X=-2 Y=2 Z=1 FlatVerts=0 SlopeVerts=0
[+00:53:28.506] VoxelMesh: Chunk X=0 Y=0 Z=0 FlatVerts=636 SlopeVerts=23916
[+00:53:28.525] VoxelChunk: GenerateAsync (2,-1,1)
[+00:53:28.526] VoxelMesh: Chunk X=2 Y=-1 Z=1 FlatVerts=72 SlopeVerts=1944
[+00:53:28.606] VoxelMesh: Chunk X=0 Y=0 Z=0 FlatVerts=8022 SlopeVerts=1158
[+00:53:28.618] VoxelChunk: GenerateAsync (-2,-1,-1)
[+00:53:28.715] VoxelMesh: Chunk X=0 Y=0 Z=0 FlatVerts=72 SlopeVerts=3486
[+00:53:28.718] VoxelChunk: GenerateAsync (1,-2,0)
[+00:53:28.813] VoxelChunk: GenerateAsync (0,1,2)
[+00:53:28.918] VoxelMesh: Chunk X=0 Y=0 Z=0 FlatVerts=1872 SlopeVerts=11652
[+00:53:28.928] VoxelChunk: GenerateAsync (2,0,0)
[+00:53:28.929] VoxelMesh: Chunk X=2 Y=0 Z=0 FlatVerts=36 SlopeVerts=60
[+00:53:29.019] VoxelMesh: Chunk X=0 Y=0 Z=0 FlatVerts=18 SlopeVerts=25110
[+00:53:29.036] VoxelChunk: GenerateAsync (1,-2,2)
[+00:53:29.037] VoxelMesh: Chunk X=1 Y=-2 Z=2 FlatVerts=0 SlopeVerts=360
[+00:53:29.123] VoxelChunk: GenerateAsync (-2,0,2)
[+00:53:29.226] VoxelMesh: Chunk X=0 Y=0 Z=0 FlatVerts=6 SlopeVerts=420
[+00:53:29.226] VoxelChunk: GenerateAsync (0,2,1)
[+00:53:29.331] VoxelMesh: Chunk X=0 Y=0 Z=0 FlatVerts=540 SlopeVerts=17862
[+00:53:29.345] VoxelChunk: GenerateAsync (0,-2,1)
[+00:53:29.346] VoxelMesh: Chunk X=0 Y=-2 Z=1 FlatVerts=0 SlopeVerts=984
[+00:53:29.434] VoxelMesh: Chunk X=0 Y=0 Z=0 FlatVerts=0 SlopeVerts=384
[+00:53:29.435] VoxelChunk: GenerateAsync (1,1,2)
[+00:53:29.540] VoxelMesh: Chunk X=0 Y=0 Z=0 FlatVerts=420 SlopeVerts=1302
[+00:53:29.542] VoxelChunk: GenerateAsync (2,0,-1)
[+00:53:29.646] VoxelMesh: Chunk X=0 Y=0 Z=0 FlatVerts=1434 SlopeVerts=13392
[+00:53:29.657] VoxelChunk: GenerateAsync (-2,-2,1)
[+00:53:29.658] VoxelMesh: Chunk X=-2 Y=-2 Z=1 FlatVerts=624 SlopeVerts=4038
[+00:53:29.750] VoxelMesh: Chunk X=0 Y=0 Z=0 FlatVerts=4950 SlopeVerts=10152
[+00:53:29.762] VoxelChunk: GenerateAsync (-2,-2,0)
[+00:53:29.763] VoxelMesh: Chunk X=-2 Y=-2 Z=0 FlatVerts=318 SlopeVerts=84
[+00:53:29.854] VoxelMesh: Chunk X=0 Y=0 Z=0 FlatVerts=72 SlopeVerts=4392
[+00:53:29.858] VoxelChunk: GenerateAsync (2,-2,0)
[+00:53:29.954] VoxelMesh: Chunk X=0 Y=0 Z=0 FlatVerts=9300 SlopeVerts=1902
[+00:53:29.967] VoxelChunk: GenerateAsync (-2,2,0)
[+00:53:29.967] VoxelMesh: Chunk X=-2 Y=2 Z=0 FlatVerts=2502 SlopeVerts=6
[+00:53:30.057] VoxelMesh: Chunk X=0 Y=0 Z=0 FlatVerts=6 SlopeVerts=24
[+00:53:30.059] VoxelChunk: GenerateAsync (0,-2,-1)
[+00:53:30.161] VoxelMesh: Chunk X=0 Y=0 Z=0 FlatVerts=5688 SlopeVerts=6942
[+00:53:30.173] VoxelChunk: GenerateAsync (2,2,1)
[+00:53:30.173] VoxelMesh: Chunk X=2 Y=2 Z=1 FlatVerts=0 SlopeVerts=294
[+00:53:30.269] VoxelMesh: Chunk X=0 Y=0 Z=0 FlatVerts=8928 SlopeVerts=1170
[+00:53:30.280] VoxelChunk: GenerateAsync (1,2,-1)
[+00:53:30.376] VoxelMesh: Chunk X=0 Y=0 Z=0 FlatVerts=10326 SlopeVerts=6
[+00:53:30.389] VoxelChunk: GenerateAsync (-2,1,0)
[+00:53:30.389] VoxelMesh: Chunk X=-2 Y=1 Z=0 FlatVerts=2742 SlopeVerts=0
[+00:53:30.479] VoxelMesh: Chunk X=0 Y=0 Z=0 FlatVerts=78 SlopeVerts=26964
[+00:53:30.499] VoxelChunk: GenerateAsync (2,-2,2)
[+00:53:30.500] VoxelMesh: Chunk X=2 Y=-2 Z=2 FlatVerts=0 SlopeVerts=18
[+00:53:30.580] VoxelMesh: Chunk X=0 Y=0 Z=0 FlatVerts=6 SlopeVerts=3168
[+00:53:30.582] VoxelChunk: GenerateAsync (-1,-1,2)
[+00:53:30.685] VoxelMesh: Chunk X=0 Y=0 Z=0 FlatVerts=0 SlopeVerts=72
[+00:53:30.686] VoxelChunk: GenerateAsync (-1,0,2)
[+00:53:30.789] VoxelMesh: Chunk X=0 Y=0 Z=0 FlatVerts=10176 SlopeVerts=4224
[+00:53:30.805] VoxelChunk: GenerateAsync (1,2,0)
[+00:53:30.806] VoxelMesh: Chunk X=1 Y=2 Z=0 FlatVerts=2832 SlopeVerts=0
[+00:53:30.894] VoxelMesh: Chunk X=0 Y=0 Z=0 FlatVerts=10242 SlopeVerts=0
[+00:53:30.902] VoxelChunk: GenerateAsync (-1,2,-1)
[+00:53:30.997] VoxelMesh: Chunk X=0 Y=0 Z=0 FlatVerts=9264 SlopeVerts=1062
[+00:53:31.009] VoxelChunk: GenerateAsync (-2,2,-1)
[+00:53:31.106] VoxelMesh: Chunk X=0 Y=0 Z=0 FlatVerts=72 SlopeVerts=10464
[+00:53:31.113] VoxelChunk: GenerateAsync (1,-2,1)
[+00:53:31.211] VoxelMesh: Chunk X=0 Y=0 Z=0 FlatVerts=10800 SlopeVerts=684
[+00:53:31.225] VoxelChunk: GenerateAsync (0,2,0)
[+00:53:31.226] VoxelMesh: Chunk X=0 Y=2 Z=0 FlatVerts=2856 SlopeVerts=0
[+00:53:31.312] VoxelMesh: Chunk X=0 Y=0 Z=0 FlatVerts=252 SlopeVerts=2622
[+00:53:31.316] VoxelChunk: GenerateAsync (2,1,2)
[+00:53:31.316] VoxelMesh: Chunk X=2 Y=1 Z=2 FlatVerts=0 SlopeVerts=372
[+00:53:31.421] VoxelMesh: Chunk X=0 Y=0 Z=0 FlatVerts=1734 SlopeVerts=24420
[+00:53:31.440] VoxelChunk: GenerateAsync (2,0,1)
[+00:53:31.441] VoxelMesh: Chunk X=2 Y=0 Z=1 FlatVerts=354 SlopeVerts=2910
[+00:53:31.524] VoxelMesh: Chunk X=0 Y=0 Z=0 FlatVerts=498 SlopeVerts=6768
[+00:53:31.529] VoxelChunk: GenerateAsync (2,-1,0)
[+00:53:31.623] VoxelMesh: Chunk X=0 Y=0 Z=0 FlatVerts=1248 SlopeVerts=3060
[+00:53:31.627] VoxelChunk: GenerateAsync (1,2,1)
[+00:53:31.730] VoxelMesh: Chunk X=0 Y=0 Z=0 FlatVerts=1302 SlopeVerts=20784
[+00:53:31.748] VoxelChunk: GenerateAsync (-1,-2,1)
[+00:53:31.748] VoxelMesh: Chunk X=-1 Y=-2 Z=1 FlatVerts=312 SlopeVerts=3348
[+00:53:31.841] VoxelMesh: Chunk X=0 Y=0 Z=0 FlatVerts=126 SlopeVerts=13938
[+00:53:31.852] VoxelChunk: GenerateAsync (2,-2,1)
[+00:53:31.941] VoxelMesh: Chunk X=0 Y=0 Z=0 FlatVerts=588 SlopeVerts=1656
[+00:53:31.942] VoxelChunk: GenerateAsync (-2,-1,1)
[+00:53:31.943] VoxelMesh: Chunk X=-2 Y=-1 Z=1 FlatVerts=72 SlopeVerts=216
[+00:53:32.050] VoxelMesh: Chunk X=0 Y=0 Z=0 FlatVerts=5910 SlopeVerts=12258
[+00:53:32.066] VoxelChunk: GenerateAsync (2,1,0)
[+00:53:32.067] VoxelMesh: Chunk X=2 Y=1 Z=0 FlatVerts=330 SlopeVerts=354
[+00:53:32.155] VoxelMesh: Chunk X=0 Y=0 Z=0 FlatVerts=0 SlopeVerts=0
[+00:53:32.155] VoxelChunk: GenerateAsync (-2,0,1)
[+00:53:32.259] VoxelMesh: Chunk X=0 Y=0 Z=0 FlatVerts=204 SlopeVerts=30936
[+00:53:32.281] VoxelChunk: GenerateAsync (2,-1,2)
[+00:53:32.282] VoxelMesh: Chunk X=2 Y=-1 Z=2 FlatVerts=0 SlopeVerts=2328
[+00:53:32.361] VoxelMesh: Chunk X=0 Y=0 Z=0 FlatVerts=0 SlopeVerts=10548
[+00:53:32.367] VoxelChunk: GenerateAsync (1,0,2)
[+00:53:32.368] VoxelMesh: Chunk X=1 Y=0 Z=2 FlatVerts=0 SlopeVerts=1908
[+00:53:32.463] VoxelMesh: Chunk X=0 Y=0 Z=0 FlatVerts=8580 SlopeVerts=2688
[+00:53:32.474] VoxelChunk: GenerateAsync (-2,-1,0)
[+00:53:32.476] VoxelMesh: Chunk X=-2 Y=-1 Z=0 FlatVerts=2154 SlopeVerts=294
[+00:53:32.565] VoxelMesh: Chunk X=0 Y=0 Z=0 FlatVerts=2706 SlopeVerts=12882
[+00:53:32.576] VoxelChunk: GenerateAsync (2,1,1)
[+00:53:32.577] VoxelMesh: Chunk X=2 Y=1 Z=1 FlatVerts=852 SlopeVerts=3162
[+00:53:32.664] VoxelChunk: GenerateAsync (-1,2,1)
[+00:53:32.767] VoxelMesh: Chunk X=0 Y=0 Z=0 FlatVerts=10050 SlopeVerts=48
[+00:53:32.779] VoxelChunk: GenerateAsync (-2,0,0)
[+00:53:32.780] VoxelMesh: Chunk X=-2 Y=0 Z=0 FlatVerts=2244 SlopeVerts=0
[+00:53:32.868] VoxelMesh: Chunk X=0 Y=0 Z=0 FlatVerts=10794 SlopeVerts=264
[+00:53:32.882] VoxelChunk: GenerateAsync (0,2,-1)
[+00:53:32.971] VoxelMesh: Chunk X=0 Y=0 Z=0 FlatVerts=4062 SlopeVerts=1368
[+00:53:32.977] VoxelChunk: GenerateAsync (2,2,-1)
[+00:53:33.071] VoxelMesh: Chunk X=0 Y=0 Z=0 FlatVerts=10326 SlopeVerts=6
[+00:53:33.084] VoxelChunk: GenerateAsync (-2,1,-1)
[+00:53:33.180] VoxelMesh: Chunk X=0 Y=0 Z=0 FlatVerts=18 SlopeVerts=4860
[+00:53:33.183] VoxelChunk: GenerateAsync (-2,-2,2)
[+00:53:33.183] VoxelMesh: Chunk X=-2 Y=-2 Z=2 FlatVerts=0 SlopeVerts=0
[+00:53:33.287] VoxelMesh: Chunk X=0 Y=0 Z=0 FlatVerts=1092 SlopeVerts=864
[+00:53:33.290] VoxelChunk: GenerateAsync (-1,-2,-1)
[+00:53:33.389] VoxelChunk: GenerateAsync (2,-2,-1)
[+00:53:33.491] VoxelChunk: GenerateAsync (-2,-1,2)
[+00:53:33.595] VoxelMesh: Chunk X=0 Y=0 Z=0 FlatVerts=6 SlopeVerts=15186
[+00:53:33.604] VoxelChunk: GenerateAsync (0,-1,2)
[+00:53:33.604] VoxelMesh: Chunk X=0 Y=-1 Z=2 FlatVerts=6 SlopeVerts=3060
[+00:53:33.703] VoxelMesh: Chunk X=0 Y=0 Z=0 FlatVerts=0 SlopeVerts=25512
[+00:53:33.721] VoxelChunk: GenerateAsync (1,-1,2)
[+00:53:33.723] VoxelMesh: Chunk X=1 Y=-1 Z=2 FlatVerts=0 SlopeVerts=4320
[+00:53:33.802] VoxelMesh: Chunk X=0 Y=0 Z=0 FlatVerts=0 SlopeVerts=2088
[+00:53:33.805] VoxelChunk: GenerateAsync (0,0,2)
[+00:53:33.805] VoxelMesh: Chunk X=0 Y=0 Z=2 FlatVerts=0 SlopeVerts=72
[+00:53:33.914] VoxelMesh: Chunk X=0 Y=0 Z=0 FlatVerts=270 SlopeVerts=19878
[+00:53:33.928] VoxelChunk: GenerateAsync (2,0,2)
[+00:53:33.929] VoxelMesh: Chunk X=2 Y=0 Z=2 FlatVerts=0 SlopeVerts=5874
[+00:53:34.018] VoxelMesh: Chunk X=0 Y=0 Z=0 FlatVerts=8010 SlopeVerts=7500
[+00:53:34.032] VoxelChunk: GenerateAsync (2,2,0)
[+00:53:34.032] VoxelMesh: Chunk X=2 Y=2 Z=0 FlatVerts=2550 SlopeVerts=318
[+00:53:34.121] VoxelChunk: GenerateAsync (-1,1,2)
[+00:53:34.224] VoxelMesh: Chunk X=0 Y=0 Z=0 FlatVerts=10050 SlopeVerts=48
[+00:53:34.237] VoxelChunk: GenerateAsync (-2,0,-1)
[+00:53:34.336] VoxelMesh: Chunk X=0 Y=0 Z=0 FlatVerts=36 SlopeVerts=60
[+00:53:34.336] VoxelChunk: GenerateAsync (2,-1,-1)
[+00:53:34.439] VoxelChunk: GenerateAsync (0,2,2)
[+00:53:34.544] VoxelMesh: Chunk X=0 Y=0 Z=0 FlatVerts=1890 SlopeVerts=1116
[+00:53:34.547] VoxelChunk: GenerateAsync (2,2,2)
[+00:53:34.645] VoxelMesh: Chunk X=0 Y=0 Z=0 FlatVerts=48 SlopeVerts=16800
[+00:53:34.657] VoxelChunk: GenerateAsync (-1,-2,2)
[+00:53:34.657] VoxelMesh: Chunk X=-1 Y=-2 Z=2 FlatVerts=18 SlopeVerts=4272
[+00:53:34.747] VoxelMesh: Chunk X=0 Y=0 Z=0 FlatVerts=10242 SlopeVerts=0
[+00:53:34.754] VoxelChunk: GenerateAsync (-1,2,0)
[+00:53:34.755] VoxelMesh: Chunk X=-1 Y=2 Z=0 FlatVerts=2544 SlopeVerts=0
[+00:53:34.853] VoxelMesh: Chunk X=0 Y=0 Z=0 FlatVerts=2334 SlopeVerts=10620
[+00:53:34.863] VoxelChunk: GenerateAsync (-1,-2,0)
[+00:53:34.863] VoxelMesh: Chunk X=-1 Y=-2 Z=0 FlatVerts=0 SlopeVerts=12
[+00:53:34.959] VoxelMesh: Chunk X=0 Y=0 Z=0 FlatVerts=510 SlopeVerts=6546
[+00:53:34.965] VoxelChunk: GenerateAsync (0,-2,0)
[+00:53:35.066] VoxelChunk: GenerateAsync (-2,2,2)
[+00:53:35.166] VoxelChunk: GenerateAsync (-1,2,2)
[+00:53:35.287] VoxelChunk: GenerateAsync (3,2,-2)
[+00:53:35.380] VoxelMesh: Chunk X=0 Y=0 Z=0 FlatVerts=828 SlopeVerts=8442
[+00:53:35.386] VoxelChunk: GenerateAsync (-3,2,1)
[+00:53:35.386] VoxelMesh: Chunk X=-3 Y=2 Z=1 FlatVerts=642 SlopeVerts=1848
[+00:53:35.486] VoxelMesh: Chunk X=0 Y=0 Z=0 FlatVerts=5724 SlopeVerts=2100
[+00:53:35.495] VoxelChunk: GenerateAsync (-3,2,-1)
[+00:53:35.592] VoxelMesh: Chunk X=0 Y=0 Z=0 FlatVerts=1578 SlopeVerts=13698
[+00:53:35.603] VoxelChunk: GenerateAsync (-3,3,1)
[+00:53:35.604] VoxelMesh: Chunk X=-3 Y=3 Z=1 FlatVerts=114 SlopeVerts=2400
[+00:53:35.699] VoxelMesh: Chunk X=0 Y=0 Z=0 FlatVerts=1878 SlopeVerts=3582
[+00:53:35.704] VoxelChunk: GenerateAsync (-1,3,1)
[+00:53:35.812] VoxelChunk: GenerateAsync (-3,2,-2)
[+00:53:35.916] VoxelChunk: GenerateAsync (-3,-3,-2)
[+00:53:36.019] VoxelMesh: Chunk X=0 Y=0 Z=0 FlatVerts=8826 SlopeVerts=7482
[+00:53:36.035] VoxelChunk: GenerateAsync (2,3,1)
[+00:53:36.035] VoxelMesh: Chunk X=2 Y=3 Z=1 FlatVerts=1242 SlopeVerts=2340
[+00:53:36.129] VoxelMesh: Chunk X=0 Y=0 Z=0 FlatVerts=10770 SlopeVerts=2040
[+00:53:36.147] VoxelChunk: GenerateAsync (3,3,1)
[+00:53:36.148] VoxelMesh: Chunk X=3 Y=3 Z=1 FlatVerts=1332 SlopeVerts=936
[+00:53:36.238] VoxelChunk: GenerateAsync (-1,-3,-2)
[+00:53:36.343] VoxelChunk: GenerateAsync (3,-1,-1)
[+00:53:36.440] VoxelMesh: Chunk X=0 Y=0 Z=0 FlatVerts=168 SlopeVerts=12966
[+00:53:36.450] VoxelChunk: GenerateAsync (-2,-3,2)
[+00:53:36.450] VoxelMesh: Chunk X=-2 Y=-3 Z=2 FlatVerts=0 SlopeVerts=468
[+00:53:36.542] VoxelMesh: Chunk X=0 Y=0 Z=0 FlatVerts=126 SlopeVerts=33690
[+00:53:36.567] VoxelChunk: GenerateAsync (0,-3,2)
[+00:53:36.569] VoxelMesh: Chunk X=0 Y=-3 Z=2 FlatVerts=0 SlopeVerts=4146
[+00:53:36.646] VoxelMesh: Chunk X=0 Y=0 Z=0 FlatVerts=2568 SlopeVerts=7140
[+00:53:36.653] VoxelChunk: GenerateAsync (3,0,0)
[+00:53:36.752] VoxelMesh: Chunk X=0 Y=0 Z=0 FlatVerts=9288 SlopeVerts=3318
[+00:53:36.766] VoxelChunk: GenerateAsync (-3,1,0)
[+00:53:36.766] VoxelMesh: Chunk X=-3 Y=1 Z=0 FlatVerts=2394 SlopeVerts=576
[+00:53:36.859] VoxelMesh: Chunk X=0 Y=0 Z=0 FlatVerts=156 SlopeVerts=27012
[+00:53:36.879] VoxelChunk: GenerateAsync (3,-3,2)
[+00:53:36.880] VoxelMesh: Chunk X=3 Y=-3 Z=2 FlatVerts=0 SlopeVerts=18
[+00:53:36.963] VoxelMesh: Chunk X=0 Y=0 Z=0 FlatVerts=48 SlopeVerts=528
[+00:53:36.964] VoxelChunk: GenerateAsync (-3,-2,2)
[+00:53:36.965] VoxelMesh: Chunk X=-3 Y=-2 Z=2 FlatVerts=48 SlopeVerts=528
[+00:53:37.069] VoxelMesh: Chunk X=0 Y=0 Z=0 FlatVerts=9894 SlopeVerts=576
[+00:53:37.081] VoxelChunk: GenerateAsync (-3,0,-1)
[+00:53:37.176] VoxelChunk: GenerateAsync (3,1,-2)
[+00:53:37.276] VoxelChunk: GenerateAsync (-3,1,-2)
[+00:53:37.379] VoxelMesh: Chunk X=0 Y=0 Z=0 FlatVerts=558 SlopeVerts=462
[+00:53:37.380] VoxelChunk: GenerateAsync (3,2,-1)
[+00:53:37.489] VoxelMesh: Chunk X=0 Y=0 Z=0 FlatVerts=120 SlopeVerts=21480
[+00:53:37.505] VoxelChunk: GenerateAsync (3,-2,2)
[+00:53:37.506] VoxelMesh: Chunk X=3 Y=-2 Z=2 FlatVerts=54 SlopeVerts=4002
[+00:53:37.591] VoxelChunk: GenerateAsync (3,0,-2)
[+00:53:37.687] VoxelChunk: GenerateAsync (-3,-1,2)
[+00:53:37.793] VoxelMesh: Chunk X=0 Y=0 Z=0 FlatVerts=2430 SlopeVerts=1974
[+00:53:37.797] VoxelChunk: GenerateAsync (-3,3,-1)
[+00:53:37.899] VoxelMesh: Chunk X=0 Y=0 Z=0 FlatVerts=4212 SlopeVerts=1326
[+00:53:37.905] VoxelChunk: GenerateAsync (-3,-2,-1)
[+00:53:38.014] VoxelMesh: Chunk X=0 Y=0 Z=0 FlatVerts=7062 SlopeVerts=10188
[+00:53:38.033] VoxelChunk: GenerateAsync (3,1,0)
[+00:53:38.033] VoxelMesh: Chunk X=3 Y=1 Z=0 FlatVerts=54 SlopeVerts=888
[+00:53:38.117] VoxelMesh: Chunk X=0 Y=0 Z=0 FlatVerts=6204 SlopeVerts=7098
[+00:53:38.132] VoxelChunk: GenerateAsync (-3,2,0)
[+00:53:38.132] VoxelMesh: Chunk X=-3 Y=2 Z=0 FlatVerts=1260 SlopeVerts=930
[+00:53:38.236] VoxelMesh: Chunk X=0 Y=0 Z=0 FlatVerts=6078 SlopeVerts=2448
[+00:53:38.246] VoxelChunk: GenerateAsync (-2,3,-1)
[+00:53:38.352] VoxelChunk: GenerateAsync (-3,0,2)
[+00:53:38.460] VoxelMesh: Chunk X=0 Y=0 Z=0 FlatVerts=6948 SlopeVerts=1038
[+00:53:38.471] VoxelChunk: GenerateAsync (-1,3,-1)
[+00:53:38.774] VoxelMesh: Chunk X=0 Y=0 Z=0 FlatVerts=1854 SlopeVerts=2880
[+00:53:38.777] VoxelChunk: GenerateAsync (-3,-3,-1)
[+00:53:39.106] VoxelMesh: Chunk X=0 Y=0 Z=0 FlatVerts=414 SlopeVerts=18228
[+00:53:39.121] VoxelChunk: GenerateAsync (3,0,2)
[+00:53:39.122] VoxelMesh: Chunk X=3 Y=0 Z=2 FlatVerts=186 SlopeVerts=5844
[+00:53:39.446] VoxelMesh: Chunk X=0 Y=0 Z=0 FlatVerts=6060 SlopeVerts=1098
[+00:53:39.454] VoxelChunk: GenerateAsync (0,3,-1)
[+00:53:39.773] VoxelMesh: Chunk X=0 Y=0 Z=0 FlatVerts=0 SlopeVerts=294
[+00:53:39.773] VoxelChunk: GenerateAsync (-3,1,2)
[+00:53:40.107] VoxelMesh: Chunk X=0 Y=0 Z=0 FlatVerts=8154 SlopeVerts=4350
[+00:53:40.120] VoxelChunk: GenerateAsync (3,2,0)
[+00:53:40.121] VoxelMesh: Chunk X=3 Y=2 Z=0 FlatVerts=558 SlopeVerts=462
[+00:53:40.445] VoxelMesh: Chunk X=0 Y=0 Z=0 FlatVerts=3792 SlopeVerts=1224
[+00:53:40.450] VoxelChunk: GenerateAsync (1,3,-1)
[+00:53:40.780] VoxelChunk: GenerateAsync (3,3,-2)
[+00:53:41.112] VoxelChunk: GenerateAsync (3,-2,-1)
[+00:53:41.216] VoxelMesh: Chunk X=0 Y=0 Z=0 FlatVerts=954 SlopeVerts=588
[+00:53:41.218] VoxelChunk: GenerateAsync (2,3,-1)
[+00:53:41.318] VoxelChunk: GenerateAsync (3,3,-1)
[+00:53:41.420] VoxelChunk: GenerateAsync (2,3,-2)
[+00:53:41.827] VoxelMesh: Chunk X=0 Y=0 Z=0 FlatVerts=6432 SlopeVerts=7572
[+00:53:41.848] VoxelChunk: GenerateAsync (1,3,0)
[+00:53:41.849] VoxelMesh: Chunk X=1 Y=3 Z=0 FlatVerts=2592 SlopeVerts=264
[+00:53:42.154] VoxelMesh: Chunk X=0 Y=0 Z=0 FlatVerts=7056 SlopeVerts=5172
[+00:53:42.167] VoxelChunk: GenerateAsync (2,3,0)
[+00:53:42.168] VoxelMesh: Chunk X=2 Y=3 Z=0 FlatVerts=954 SlopeVerts=588
[+00:53:42.486] VoxelMesh: Chunk X=0 Y=0 Z=0 FlatVerts=4008 SlopeVerts=16230
[+00:53:42.504] VoxelChunk: GenerateAsync (-3,-3,0)
[+00:53:42.505] VoxelMesh: Chunk X=-3 Y=-3 Z=0 FlatVerts=216 SlopeVerts=1578
[+00:53:42.826] VoxelMesh: Chunk X=0 Y=0 Z=0 FlatVerts=8700 SlopeVerts=1266
[+00:53:42.837] VoxelChunk: GenerateAsync (3,3,0)
[+00:53:43.156] VoxelMesh: Chunk X=0 Y=0 Z=0 FlatVerts=2226 SlopeVerts=14814
[+00:53:43.172] VoxelChunk: GenerateAsync (-3,-3,1)
[+00:53:43.173] VoxelMesh: Chunk X=-3 Y=-3 Z=1 FlatVerts=444 SlopeVerts=3366
[+00:53:43.486] VoxelMesh: Chunk X=0 Y=0 Z=0 FlatVerts=2568 SlopeVerts=11586
[+00:53:43.497] VoxelChunk: GenerateAsync (-2,-3,0)
[+00:53:43.498] VoxelMesh: Chunk X=-2 Y=-3 Z=0 FlatVerts=1026 SlopeVerts=1050
[+00:53:43.818] VoxelMesh: Chunk X=0 Y=0 Z=0 FlatVerts=8388 SlopeVerts=1044
[+00:53:43.830] VoxelChunk: GenerateAsync (-3,-1,-1)
[+00:53:44.152] VoxelChunk: GenerateAsync (2,-3,-1)
[+00:53:44.484] VoxelMesh: Chunk X=0 Y=0 Z=0 FlatVerts=1410 SlopeVerts=22008
[+00:53:44.503] VoxelChunk: GenerateAsync (-2,-3,1)
[+00:53:44.503] VoxelMesh: Chunk X=-2 Y=-3 Z=1 FlatVerts=312 SlopeVerts=2646
[+00:53:44.821] VoxelMesh: Chunk X=0 Y=0 Z=0 FlatVerts=534 SlopeVerts=23796
[+00:53:44.838] VoxelChunk: GenerateAsync (-1,-3,1)
[+00:53:44.839] VoxelMesh: Chunk X=-1 Y=-3 Z=1 FlatVerts=12 SlopeVerts=636
[+00:53:45.151] VoxelMesh: Chunk X=0 Y=0 Z=0 FlatVerts=336 SlopeVerts=5088
[+00:53:45.154] VoxelChunk: GenerateAsync (-1,-3,0)
[+00:53:45.487] VoxelMesh: Chunk X=0 Y=0 Z=0 FlatVerts=84 SlopeVerts=12252
[+00:53:45.496] VoxelChunk: GenerateAsync (0,-3,1)
[+00:53:45.496] VoxelMesh: Chunk X=0 Y=-3 Z=1 FlatVerts=12 SlopeVerts=114
[+00:53:45.827] VoxelMesh: Chunk X=0 Y=0 Z=0 FlatVerts=48 SlopeVerts=3636
[+00:53:45.830] VoxelChunk: GenerateAsync (1,-3,1)
[+00:53:45.831] VoxelMesh: Chunk X=1 Y=-3 Z=1 FlatVerts=36 SlopeVerts=240
[+00:53:46.151] VoxelMesh: Chunk X=0 Y=0 Z=0 FlatVerts=7380 SlopeVerts=11868
[+00:53:46.169] VoxelChunk: GenerateAsync (3,1,1)
[+00:53:46.170] VoxelMesh: Chunk X=3 Y=1 Z=1 FlatVerts=252 SlopeVerts=4356
[+00:53:46.489] VoxelMesh: Chunk X=0 Y=0 Z=0 FlatVerts=48 SlopeVerts=1338
[+00:53:46.491] VoxelChunk: GenerateAsync (0,-3,0)
[+00:53:46.819] VoxelMesh: Chunk X=0 Y=0 Z=0 FlatVerts=54 SlopeVerts=888
[+00:53:46.820] VoxelChunk: GenerateAsync (3,0,-1)
[+00:53:47.151] VoxelMesh: Chunk X=0 Y=0 Z=0 FlatVerts=54 SlopeVerts=4992
[+00:53:47.155] VoxelChunk: GenerateAsync (2,-3,1)
[+00:53:47.494] VoxelMesh: Chunk X=0 Y=0 Z=0 FlatVerts=78 SlopeVerts=5994
[+00:53:47.498] VoxelChunk: GenerateAsync (3,-3,1)
[+00:53:47.829] VoxelMesh: Chunk X=0 Y=0 Z=0 FlatVerts=36 SlopeVerts=240
[+00:53:47.830] VoxelChunk: GenerateAsync (1,-3,0)
[+00:53:48.155] VoxelMesh: Chunk X=0 Y=0 Z=0 FlatVerts=1728 SlopeVerts=9846
[+00:53:48.166] VoxelChunk: GenerateAsync (-3,-2,1)
[+00:53:48.166] VoxelMesh: Chunk X=-3 Y=-2 Z=1 FlatVerts=822 SlopeVerts=3696
[+00:53:48.487] VoxelMesh: Chunk X=0 Y=0 Z=0 FlatVerts=10374 SlopeVerts=4788
[+00:53:48.503] VoxelChunk: GenerateAsync (3,2,1)
[+00:53:48.504] VoxelMesh: Chunk X=3 Y=2 Z=1 FlatVerts=1380 SlopeVerts=2556
[+00:53:48.823] VoxelMesh: Chunk X=0 Y=0 Z=0 FlatVerts=0 SlopeVerts=672
[+00:53:48.825] VoxelChunk: GenerateAsync (2,-3,0)
[+00:53:49.150] VoxelMesh: Chunk X=0 Y=0 Z=0 FlatVerts=1596 SlopeVerts=5688
[+00:53:49.155] VoxelChunk: GenerateAsync (-2,3,1)
[+00:53:49.156] VoxelMesh: Chunk X=-2 Y=3 Z=1 FlatVerts=60 SlopeVerts=936
[+00:53:49.485] VoxelMesh: Chunk X=0 Y=0 Z=0 FlatVerts=8892 SlopeVerts=1518
[+00:53:49.498] VoxelChunk: GenerateAsync (-3,1,-1)
[+00:53:49.817] VoxelMesh: Chunk X=0 Y=0 Z=0 FlatVerts=2016 SlopeVerts=6270
[+00:53:49.823] VoxelChunk: GenerateAsync (0,3,1)
[+00:53:50.150] VoxelMesh: Chunk X=0 Y=0 Z=0 FlatVerts=3942 SlopeVerts=9798
[+00:53:50.162] VoxelChunk: GenerateAsync (1,3,1)
[+00:53:50.163] VoxelMesh: Chunk X=1 Y=3 Z=1 FlatVerts=6 SlopeVerts=420
[+00:53:50.493] VoxelMesh: Chunk X=0 Y=0 Z=0 FlatVerts=0 SlopeVerts=672
[+00:53:50.494] VoxelChunk: GenerateAsync (3,-3,0)
[+00:53:50.820] VoxelMesh: Chunk X=0 Y=0 Z=0 FlatVerts=5904 SlopeVerts=10278
[+00:53:50.836] VoxelChunk: GenerateAsync (-3,-2,0)
[+00:53:50.836] VoxelMesh: Chunk X=-3 Y=-2 Z=0 FlatVerts=300 SlopeVerts=162
[+00:53:51.156] VoxelMesh: Chunk X=0 Y=0 Z=0 FlatVerts=48 SlopeVerts=1098
[+00:53:51.156] VoxelChunk: GenerateAsync (-3,-3,2)
[+00:53:51.157] VoxelMesh: Chunk X=-3 Y=-3 Z=2 FlatVerts=0 SlopeVerts=102
[+00:53:51.260] VoxelMesh: Chunk X=0 Y=0 Z=0 FlatVerts=78 SlopeVerts=10080
[+00:53:51.267] VoxelChunk: GenerateAsync (3,-2,1)
[+00:53:51.267] VoxelMesh: Chunk X=3 Y=-2 Z=1 FlatVerts=0 SlopeVerts=672
[+00:53:51.367] VoxelMesh: Chunk X=0 Y=0 Z=0 FlatVerts=198 SlopeVerts=32844
[+00:53:51.390] VoxelChunk: GenerateAsync (-1,-3,2)
[+00:53:51.392] VoxelMesh: Chunk X=-1 Y=-3 Z=2 FlatVerts=156 SlopeVerts=6690
[+00:53:51.462] VoxelMesh: Chunk X=0 Y=0 Z=0 FlatVerts=312 SlopeVerts=1518
[+00:53:51.464] VoxelChunk: GenerateAsync (-3,-1,1)
[+00:53:51.464] VoxelMesh: Chunk X=-3 Y=-1 Z=1 FlatVerts=246 SlopeVerts=1296
[+00:53:51.577] VoxelMesh: Chunk X=0 Y=0 Z=0 FlatVerts=180 SlopeVerts=22272
[+00:53:51.594] VoxelChunk: GenerateAsync (1,-3,2)
[+00:53:51.594] VoxelMesh: Chunk X=1 Y=-3 Z=2 FlatVerts=12 SlopeVerts=2748
[+00:53:51.671] VoxelMesh: Chunk X=0 Y=0 Z=0 FlatVerts=186 SlopeVerts=23802
[+00:53:51.688] VoxelChunk: GenerateAsync (2,-3,2)
[+00:53:51.688] VoxelMesh: Chunk X=2 Y=-3 Z=2 FlatVerts=0 SlopeVerts=294
[+00:53:51.770] VoxelChunk: GenerateAsync (-3,0,-2)
[+00:53:51.873] VoxelChunk: GenerateAsync (1,3,-2)
[+00:53:51.980] VoxelChunk: GenerateAsync (0,-3,-1)
[+00:53:52.089] VoxelChunk: GenerateAsync (3,-1,-2)
[+00:53:52.190] VoxelChunk: GenerateAsync (-3,-1,-2)
[+00:53:52.296] VoxelMesh: Chunk X=0 Y=0 Z=0 FlatVerts=228 SlopeVerts=13362
[+00:53:52.304] VoxelChunk: GenerateAsync (3,-1,1)
[+00:53:52.305] VoxelMesh: Chunk X=3 Y=-1 Z=1 FlatVerts=0 SlopeVerts=1776
[+00:53:52.399] VoxelChunk: GenerateAsync (0,3,-2)
[+00:53:52.500] VoxelMesh: Chunk X=0 Y=0 Z=0 FlatVerts=0 SlopeVerts=0
[+00:53:52.501] VoxelChunk: GenerateAsync (-3,0,1)
[+00:53:52.607] VoxelChunk: GenerateAsync (3,-2,-2)
[+00:53:52.714] VoxelChunk: GenerateAsync (-3,-2,-2)
[+00:53:52.821] VoxelMesh: Chunk X=0 Y=0 Z=0 FlatVerts=0 SlopeVerts=2448
[+00:53:52.822] VoxelChunk: GenerateAsync (3,-2,0)
[+00:53:52.919] VoxelChunk: GenerateAsync (-1,3,-2)
[+00:53:53.026] VoxelMesh: Chunk X=0 Y=0 Z=0 FlatVerts=0 SlopeVerts=12
[+00:53:53.026] VoxelChunk: GenerateAsync (-1,-3,-1)
[+00:53:53.139] VoxelChunk: GenerateAsync (3,-3,-2)
[+00:53:53.250] VoxelMesh: Chunk X=0 Y=0 Z=0 FlatVerts=264 SlopeVerts=24378
[+00:53:53.268] VoxelChunk: GenerateAsync (3,-1,2)
[+00:53:53.269] VoxelMesh: Chunk X=3 Y=-1 Z=2 FlatVerts=0 SlopeVerts=3246
[+00:53:53.350] VoxelMesh: Chunk X=0 Y=0 Z=0 FlatVerts=8664 SlopeVerts=2394
[+00:53:53.362] VoxelChunk: GenerateAsync (-3,-1,0)
[+00:53:53.363] VoxelMesh: Chunk X=-3 Y=-1 Z=0 FlatVerts=1482 SlopeVerts=744
[+00:53:53.454] VoxelMesh: Chunk X=0 Y=0 Z=0 FlatVerts=2850 SlopeVerts=16992
[+00:53:53.471] VoxelChunk: GenerateAsync (3,0,1)
[+00:53:53.471] VoxelMesh: Chunk X=3 Y=0 Z=1 FlatVerts=30 SlopeVerts=138
[+00:53:53.577] VoxelMesh: Chunk X=0 Y=0 Z=0 FlatVerts=642 SlopeVerts=2130
[+00:53:53.580] VoxelChunk: GenerateAsync (-3,1,1)
[+00:53:53.581] VoxelMesh: Chunk X=-3 Y=1 Z=1 FlatVerts=0 SlopeVerts=0
[+00:53:53.685] VoxelChunk: GenerateAsync (2,-3,-2)
[+00:53:53.794] VoxelChunk: GenerateAsync (-2,3,-2)
[+00:53:53.909] VoxelChunk: GenerateAsync (1,-3,-2)
[+00:53:54.016] VoxelChunk: GenerateAsync (0,-3,-2)
[+00:53:54.338] VoxelChunk: GenerateAsync (-3,3,-2)
[+00:53:54.671] VoxelMesh: Chunk X=0 Y=0 Z=0 FlatVerts=612 SlopeVerts=1350
[+00:53:54.672] VoxelChunk: GenerateAsync (3,1,-1)
[+00:53:55.004] VoxelMesh: Chunk X=0 Y=0 Z=0 FlatVerts=1344 SlopeVerts=1146
[+00:53:55.006] VoxelChunk: GenerateAsync (-2,-3,-1)
[+00:53:55.340] VoxelChunk: GenerateAsync (3,-3,-1)
[+00:53:55.447] VoxelMesh: Chunk X=0 Y=0 Z=0 FlatVerts=3906 SlopeVerts=9792
[+00:53:55.459] VoxelChunk: GenerateAsync (-3,3,0)
[+00:53:55.460] VoxelMesh: Chunk X=-3 Y=3 Z=0 FlatVerts=78 SlopeVerts=102
[+00:53:55.550] VoxelMesh: Chunk X=0 Y=0 Z=0 FlatVerts=7650 SlopeVerts=8016
[+00:53:55.568] VoxelChunk: GenerateAsync (-2,3,0)
[+00:53:55.568] VoxelMesh: Chunk X=-2 Y=3 Z=0 FlatVerts=1890 SlopeVerts=1056
[+00:53:55.655] VoxelMesh: Chunk X=0 Y=0 Z=0 FlatVerts=8826 SlopeVerts=4620
[+00:53:55.670] VoxelChunk: GenerateAsync (-1,3,0)
[+00:53:55.670] VoxelMesh: Chunk X=-1 Y=3 Z=0 FlatVerts=2328 SlopeVerts=0
[+00:53:55.762] VoxelMesh: Chunk X=0 Y=0 Z=0 FlatVerts=1044 SlopeVerts=3264
[+00:53:55.765] VoxelChunk: GenerateAsync (3,1,2)
[+00:53:55.766] VoxelMesh: Chunk X=3 Y=1 Z=2 FlatVerts=72 SlopeVerts=1896
[+00:53:55.864] VoxelMesh: Chunk X=0 Y=0 Z=0 FlatVerts=54 SlopeVerts=4116
[+00:53:55.867] VoxelChunk: GenerateAsync (-3,2,2)
[+00:53:55.867] VoxelMesh: Chunk X=-3 Y=2 Z=2 FlatVerts=0 SlopeVerts=294
[+00:53:55.971] VoxelChunk: GenerateAsync (1,-3,-1)
[+00:53:56.072] VoxelMesh: Chunk X=0 Y=0 Z=0 FlatVerts=7860 SlopeVerts=6048
[+00:53:56.085] VoxelChunk: GenerateAsync (0,3,0)
[+00:53:56.086] VoxelMesh: Chunk X=0 Y=3 Z=0 FlatVerts=2514 SlopeVerts=0
[+00:53:56.175] VoxelMesh: Chunk X=0 Y=0 Z=0 FlatVerts=42 SlopeVerts=2082
[+00:53:56.177] VoxelChunk: GenerateAsync (3,-1,0)
[+00:53:56.277] VoxelMesh: Chunk X=0 Y=0 Z=0 FlatVerts=9894 SlopeVerts=576
[+00:53:56.290] VoxelChunk: GenerateAsync (-3,0,0)
[+00:53:56.290] VoxelMesh: Chunk X=-3 Y=0 Z=0 FlatVerts=2514 SlopeVerts=0
[+00:53:56.387] VoxelChunk: GenerateAsync (-2,-3,-2)
[+00:53:56.812] VoxelMesh: Chunk X=0 Y=0 Z=0 FlatVerts=3180 SlopeVerts=1362
[+00:53:56.820] VoxelChunk: GenerateAsync (3,2,2)
[+00:53:56.820] VoxelMesh: Chunk X=3 Y=2 Z=2 FlatVerts=180 SlopeVerts=312
[+00:53:57.142] VoxelMesh: Chunk X=0 Y=0 Z=0 FlatVerts=54 SlopeVerts=7170
[+00:53:57.146] VoxelChunk: GenerateAsync (-3,3,2)
[+00:53:57.147] VoxelMesh: Chunk X=-3 Y=3 Z=2 FlatVerts=18 SlopeVerts=3024
[+00:53:57.476] VoxelMesh: Chunk X=0 Y=0 Z=0 FlatVerts=0 SlopeVerts=24
[+00:53:57.477] VoxelChunk: GenerateAsync (-2,3,2)
[+00:53:57.584] VoxelMesh: Chunk X=0 Y=0 Z=0 FlatVerts=0 SlopeVerts=0
[+00:53:57.584] VoxelChunk: GenerateAsync (-1,3,2)
[+00:53:57.688] VoxelMesh: Chunk X=0 Y=0 Z=0 FlatVerts=180 SlopeVerts=1428
[+00:53:57.690] VoxelChunk: GenerateAsync (0,3,2)
[+00:53:57.794] VoxelMesh: Chunk X=0 Y=0 Z=0 FlatVerts=1260 SlopeVerts=3678
[+00:53:57.798] VoxelChunk: GenerateAsync (1,3,2)
[+00:53:57.894] VoxelMesh: Chunk X=0 Y=0 Z=0 FlatVerts=2838 SlopeVerts=3324
[+00:53:57.900] VoxelChunk: GenerateAsync (2,3,2)
[+00:53:57.901] VoxelMesh: Chunk X=2 Y=3 Z=2 FlatVerts=0 SlopeVerts=6
[+00:53:57.996] VoxelMesh: Chunk X=0 Y=0 Z=0 FlatVerts=2334 SlopeVerts=1128
[+00:53:57.999] VoxelChunk: GenerateAsync (3,3,2)
[+00:53:57.999] VoxelWorld: Editor generation complete, 245 chunks.
[+00:53:58.000] VoxelMesh: Chunk X=3 Y=3 Z=2 FlatVerts=1686 SlopeVerts=822
[+00:54:53.121] VoxelWater: Ocean created at Z=0 scale=10000
[+00:54:53.121] VoxelWorld: GenerateWorldDeferred started.
[+00:54:53.121] VoxelWorld: Queued 244 chunks.
[+00:54:53.136] VoxelMesh: Chunk X=0 Y=0 Z=0 FlatVerts=3600 SlopeVerts=13752
[+00:54:53.138] VoxelChunk: GenerateAsync (1,0,0)
[+00:54:53.139] VoxelMesh: Chunk X=1 Y=0 Z=0 FlatVerts=852 SlopeVerts=1656
[+00:54:53.142] VoxelMesh: Chunk X=0 Y=0 Z=0 FlatVerts=1542 SlopeVerts=1056
[+00:54:53.143] VoxelChunk: GenerateAsync (0,-1,-1)
[+00:54:53.146] VoxelMesh: Chunk X=0 Y=0 Z=0 FlatVerts=990 SlopeVerts=5526
[+00:54:53.147] VoxelChunk: GenerateAsync (1,1,1)
[+00:54:53.147] VoxelMesh: Chunk X=1 Y=1 Z=1 FlatVerts=0 SlopeVerts=0
[+00:54:53.149] VoxelMesh: Chunk X=0 Y=0 Z=0 FlatVerts=144 SlopeVerts=1698
[+00:54:53.149] VoxelChunk: GenerateAsync (0,1,1)
[+00:54:53.193] VoxelMesh: Chunk X=0 Y=0 Z=0 FlatVerts=0 SlopeVerts=0
[+00:54:53.195] VoxelChunk: GenerateAsync (-1,1,1)
[+00:54:53.197] VoxelMesh: Chunk X=0 Y=0 Z=0 FlatVerts=1608 SlopeVerts=20934
[+00:54:53.199] VoxelChunk: GenerateAsync (1,0,1)
[+00:54:53.200] VoxelMesh: Chunk X=1 Y=0 Z=1 FlatVerts=0 SlopeVerts=1980
[+00:54:53.201] VoxelMesh: Chunk X=0 Y=0 Z=0 FlatVerts=456 SlopeVerts=10890
[+00:54:53.202] VoxelChunk: GenerateAsync (0,0,1)
[+00:54:53.202] VoxelMesh: Chunk X=0 Y=0 Z=1 FlatVerts=0 SlopeVerts=1998
[+00:54:53.203] VoxelMesh: Chunk X=0 Y=0 Z=0 FlatVerts=54 SlopeVerts=2202
[+00:54:53.203] VoxelChunk: GenerateAsync (-1,0,1)
[+00:54:53.206] VoxelWater: Chunk X=1 Y=0 Z=0 emitted 68 procedural water vertices (Ocean/Pools)
[+00:54:53.206] VoxelWater: Chunk X=0 Y=0 Z=1 emitted 4 procedural water vertices (Ocean/Pools)
[+00:54:53.206] VoxelWater: Chunk X=1 Y=0 Z=1 emitted 40 procedural water vertices (Ocean/Pools)
[+00:54:53.223] VoxelMesh: Chunk X=0 Y=0 Z=0 FlatVerts=10458 SlopeVerts=30
[+00:54:53.226] VoxelChunk: GenerateAsync (-1,1,0)
[+00:54:53.233] VoxelMesh: Chunk X=0 Y=0 Z=0 FlatVerts=9804 SlopeVerts=2352
[+00:54:53.235] VoxelMesh: Chunk X=-1 Y=1 Z=0 FlatVerts=2610 SlopeVerts=0
[+00:54:53.235] VoxelChunk: GenerateAsync (0,1,0)
[+00:54:53.236] VoxelMesh: Chunk X=0 Y=1 Z=0 FlatVerts=2652 SlopeVerts=0
[+00:54:53.242] VoxelMesh: Chunk X=0 Y=0 Z=0 FlatVerts=9684 SlopeVerts=744
[+00:54:53.244] VoxelChunk: GenerateAsync (0,1,-1)
[+00:54:53.250] VoxelMesh: Chunk X=0 Y=0 Z=0 FlatVerts=8946 SlopeVerts=966
[+00:54:53.252] VoxelChunk: GenerateAsync (-1,0,-1)
[+00:54:53.267] VoxelMesh: Chunk X=0 Y=0 Z=0 FlatVerts=792 SlopeVerts=22050
[+00:54:53.268] VoxelChunk: GenerateAsync (0,-1,1)
[+00:54:53.269] VoxelMesh: Chunk X=0 Y=-1 Z=1 FlatVerts=0 SlopeVerts=2352
[+00:54:53.271] VoxelMesh: Chunk X=0 Y=0 Z=0 FlatVerts=2016 SlopeVerts=1272
[+00:54:53.272] VoxelChunk: GenerateAsync (1,0,-1)
[+00:54:53.276] VoxelMesh: Chunk X=0 Y=0 Z=0 FlatVerts=2346 SlopeVerts=13626
[+00:54:53.277] VoxelChunk: GenerateAsync (0,-1,0)
[+00:54:53.279] VoxelMesh: Chunk X=0 Y=-1 Z=0 FlatVerts=78 SlopeVerts=438
[+00:54:53.280] VoxelMesh: Chunk X=0 Y=0 Z=0 FlatVerts=9000 SlopeVerts=2988
[+00:54:53.282] VoxelChunk: GenerateAsync (-1,0,0)
[+00:54:53.282] VoxelMesh: Chunk X=-1 Y=0 Z=0 FlatVerts=2622 SlopeVerts=36
[+00:54:53.353] VoxelMesh: Chunk X=0 Y=0 Z=0 FlatVerts=648 SlopeVerts=25830
[+00:54:53.356] VoxelChunk: GenerateAsync (1,-1,1)
[+00:54:53.358] VoxelMesh: Chunk X=1 Y=-1 Z=1 FlatVerts=0 SlopeVerts=2358
[+00:54:53.359] VoxelMesh: Chunk X=0 Y=0 Z=0 FlatVerts=1050 SlopeVerts=10668
[+00:54:53.361] VoxelChunk: GenerateAsync (-1,-1,1)
[+00:54:53.362] VoxelMesh: Chunk X=-1 Y=-1 Z=1 FlatVerts=354 SlopeVerts=960
[+00:54:53.367] VoxelMesh: Chunk X=0 Y=0 Z=0 FlatVerts=900 SlopeVerts=11538
[+00:54:53.367] VoxelChunk: GenerateAsync (1,-1,0)
[+00:54:53.369] VoxelMesh: Chunk X=1 Y=-1 Z=0 FlatVerts=264 SlopeVerts=1044
[+00:54:53.372] VoxelMesh: Chunk X=0 Y=0 Z=0 FlatVerts=5532 SlopeVerts=1776
[+00:54:53.373] VoxelChunk: GenerateAsync (0,0,-1)
[+00:54:53.387] VoxelMesh: Chunk X=0 Y=0 Z=0 FlatVerts=8106 SlopeVerts=6360
[+00:54:53.388] VoxelChunk: GenerateAsync (1,1,0)
[+00:54:53.389] VoxelMesh: Chunk X=1 Y=1 Z=0 FlatVerts=2568 SlopeVerts=0
[+00:54:53.392] VoxelMesh: Chunk X=0 Y=0 Z=0 FlatVerts=6012 SlopeVerts=9192
[+00:54:53.394] VoxelChunk: GenerateAsync (-1,-1,0)
[+00:54:53.394] VoxelMesh: Chunk X=-1 Y=-1 Z=0 FlatVerts=1290 SlopeVerts=1842
[+00:54:53.396] VoxelMesh: Chunk X=0 Y=0 Z=0 FlatVerts=10458 SlopeVerts=30
[+00:54:53.398] VoxelChunk: GenerateAsync (-1,1,-1)
[+00:54:53.401] VoxelMesh: Chunk X=0 Y=0 Z=0 FlatVerts=7176 SlopeVerts=1398
[+00:54:53.403] VoxelChunk: GenerateAsync (1,1,-1)
[+00:54:53.407] VoxelWater: Chunk X=1 Y=0 Z=0 emitted 84 procedural water vertices (Ocean/Pools)
[+00:54:53.407] VoxelWater: Chunk X=1 Y=0 Z=1 emitted 48 procedural water vertices (Ocean/Pools)
[+00:54:53.407] VoxelWater: Chunk X=0 Y=0 Z=1 emitted 8 procedural water vertices (Ocean/Pools)
[+00:54:53.407] VoxelWater: Chunk X=-1 Y=1 Z=0 emitted 32 procedural water vertices (Ocean/Pools)
[+00:54:53.407] VoxelWater: Chunk X=0 Y=1 Z=0 emitted 12 procedural water vertices (Ocean/Pools)
[+00:54:53.407] VoxelWater: Chunk X=0 Y=-1 Z=1 emitted 44 procedural water vertices (Ocean/Pools)
[+00:54:53.407] VoxelWater: Chunk X=0 Y=-1 Z=0 emitted 8 procedural water vertices (Ocean/Pools)
[+00:54:53.407] VoxelWater: Chunk X=-1 Y=0 Z=0 emitted 36 procedural water vertices (Ocean/Pools)
[+00:54:53.407] VoxelWater: Chunk X=1 Y=-1 Z=1 emitted 32 procedural water vertices (Ocean/Pools)
[+00:54:53.407] VoxelWater: Chunk X=-1 Y=-1 Z=1 emitted 64 procedural water vertices (Ocean/Pools)
[+00:54:53.407] VoxelWater: Chunk X=1 Y=-1 Z=0 emitted 8 procedural water vertices (Ocean/Pools)
[+00:54:53.407] VoxelWater: Chunk X=1 Y=1 Z=0 emitted 28 procedural water vertices (Ocean/Pools)
[+00:54:53.407] VoxelWater: Chunk X=-1 Y=-1 Z=0 emitted 32 procedural water vertices (Ocean/Pools)
[+00:54:53.420] VoxelMesh: Chunk X=0 Y=0 Z=0 FlatVerts=216 SlopeVerts=198
[+00:54:53.421] VoxelChunk: GenerateAsync (1,-1,-1)
[+00:54:53.423] VoxelMesh: Chunk X=0 Y=0 Z=0 FlatVerts=4986 SlopeVerts=1782
[+00:54:53.425] VoxelChunk: GenerateAsync (-1,-1,-1)
[+00:54:53.429] VoxelChunk: GenerateAsync (0,0,-2)
[+00:54:53.432] VoxelChunk: GenerateAsync (-1,-1,-2)
[+00:54:53.446] VoxelChunk: GenerateAsync (0,-1,-2)
[+00:54:53.452] VoxelChunk: GenerateAsync (2,-2,-2)
[+00:54:53.456] VoxelChunk: GenerateAsync (-1,-2,-2)
[+00:54:53.461] VoxelChunk: GenerateAsync (1,-1,-2)
[+00:54:53.474] VoxelChunk: GenerateAsync (-1,1,-2)
[+00:54:53.478] VoxelChunk: GenerateAsync (0,1,-2)
[+00:54:53.483] VoxelChunk: GenerateAsync (2,-1,-2)
[+00:54:53.488] VoxelChunk: GenerateAsync (0,-2,-2)
[+00:54:53.501] VoxelChunk: GenerateAsync (1,1,-2)
[+00:54:53.505] VoxelChunk: GenerateAsync (2,1,-2)
[+00:54:53.509] VoxelChunk: GenerateAsync (-2,2,-2)
[+00:54:53.513] VoxelChunk: GenerateAsync (2,2,-2)
[+00:54:53.524] VoxelChunk: GenerateAsync (-1,2,-2)
[+00:54:53.528] VoxelChunk: GenerateAsync (-2,0,-2)
[+00:54:53.532] VoxelChunk: GenerateAsync (0,2,-2)
[+00:54:53.535] VoxelChunk: GenerateAsync (1,2,-2)
[+00:54:53.548] VoxelChunk: GenerateAsync (-1,0,-2)
[+00:54:53.551] VoxelChunk: GenerateAsync (-2,-1,-2)
[+00:54:53.556] VoxelChunk: GenerateAsync (1,-2,-2)
[+00:54:53.561] VoxelChunk: GenerateAsync (-2,-2,-2)
[+00:54:53.572] VoxelChunk: GenerateAsync (-2,1,-2)
[+00:54:53.576] VoxelChunk: GenerateAsync (1,0,-2)
[+00:54:53.581] VoxelChunk: GenerateAsync (2,0,-2)
[+00:54:53.585] VoxelMesh: Chunk X=0 Y=0 Z=0 FlatVerts=498 SlopeVerts=6768
[+00:54:53.586] VoxelChunk: GenerateAsync (2,-1,0)
[+00:54:53.586] VoxelMesh: Chunk X=2 Y=-1 Z=0 FlatVerts=1668 SlopeVerts=666
[+00:54:53.597] VoxelChunk: GenerateAsync (0,2,2)
[+00:54:53.598] VoxelChunk: GenerateAsync (-1,2,2)
[+00:54:53.601] VoxelMesh: Chunk X=0 Y=0 Z=0 FlatVerts=3486 SlopeVerts=2028
[+00:54:53.602] VoxelChunk: GenerateAsync (2,1,-1)
[+00:54:53.604] VoxelMesh: Chunk X=0 Y=0 Z=0 FlatVerts=0 SlopeVerts=384
[+00:54:53.605] VoxelChunk: GenerateAsync (1,1,2)
[+00:54:53.610] VoxelWater: Chunk X=1 Y=0 Z=0 emitted 92 procedural water vertices (Ocean/Pools)
[+00:54:53.610] VoxelWater: Chunk X=1 Y=0 Z=1 emitted 68 procedural water vertices (Ocean/Pools)
[+00:54:53.610] VoxelWater: Chunk X=0 Y=0 Z=1 emitted 8 procedural water vertices (Ocean/Pools)
[+00:54:53.611] VoxelWater: Chunk X=-1 Y=1 Z=0 emitted 44 procedural water vertices (Ocean/Pools)
[+00:54:53.611] VoxelWater: Chunk X=0 Y=1 Z=0 emitted 20 procedural water vertices (Ocean/Pools)
[+00:54:53.611] VoxelWater: Chunk X=0 Y=-1 Z=1 emitted 44 procedural water vertices (Ocean/Pools)
[+00:54:53.611] VoxelWater: Chunk X=0 Y=-1 Z=0 emitted 8 procedural water vertices (Ocean/Pools)
[+00:54:53.611] VoxelWater: Chunk X=-1 Y=0 Z=0 emitted 56 procedural water vertices (Ocean/Pools)
[+00:54:53.611] VoxelWater: Chunk X=1 Y=-1 Z=1 emitted 40 procedural water vertices (Ocean/Pools)
[+00:54:53.611] VoxelWater: Chunk X=-1 Y=-1 Z=0 emitted 48 procedural water vertices (Ocean/Pools)
[+00:54:53.611] VoxelWater: Chunk X=-1 Y=-1 Z=1 emitted 72 procedural water vertices (Ocean/Pools)
[+00:54:53.611] VoxelWater: Chunk X=1 Y=-1 Z=0 emitted 12 procedural water vertices (Ocean/Pools)
[+00:54:53.611] VoxelWater: Chunk X=1 Y=1 Z=0 emitted 36 procedural water vertices (Ocean/Pools)
[+00:54:53.611] VoxelWater: Chunk X=2 Y=-1 Z=0 emitted 16 procedural water vertices (Ocean/Pools)
[+00:54:53.614] VoxelChunk: GenerateAsync (4,-26,-1)
[+00:54:53.615] VoxelChunk: GenerateAsync (4,-26,3)
[+00:54:53.616] VoxelMesh: Chunk X=4 Y=-26 Z=3 FlatVerts=0 SlopeVerts=0
[+00:54:53.616] VoxelChunk: GenerateAsync (4,-26,2)
[+00:54:53.616] VoxelMesh: Chunk X=4 Y=-26 Z=2 FlatVerts=48 SlopeVerts=546
[+00:54:53.618] VoxelChunk: GenerateAsync (4,-25,-1)
[+00:54:53.619] VoxelChunk: GenerateAsync (4,-25,3)
[+00:54:53.620] VoxelMesh: Chunk X=4 Y=-25 Z=3 FlatVerts=156 SlopeVerts=3438
[+00:54:53.620] VoxelChunk: GenerateAsync (4,-25,2)
[+00:54:53.620] VoxelMesh: Chunk X=4 Y=-25 Z=2 FlatVerts=48 SlopeVerts=2538
[+00:54:53.623] VoxelMesh: Chunk X=0 Y=0 Z=0 FlatVerts=174 SlopeVerts=0
[+00:54:53.623] VoxelChunk: GenerateAsync (4,-24,-1)
[+00:54:53.625] VoxelChunk: GenerateAsync (4,-24,3)
[+00:54:53.625] VoxelMesh: Chunk X=4 Y=-24 Z=3 FlatVerts=528 SlopeVerts=1896
[+00:54:53.626] VoxelMesh: Chunk X=0 Y=0 Z=0 FlatVerts=18 SlopeVerts=366
[+00:54:53.626] VoxelChunk: GenerateAsync (4,-24,2)
[+00:54:53.627] VoxelMesh: Chunk X=4 Y=-24 Z=2 FlatVerts=90 SlopeVerts=2586
[+00:54:53.629] VoxelChunk: GenerateAsync (5,-26,-1)
[+00:54:53.631] VoxelChunk: GenerateAsync (5,-26,3)
[+00:54:53.631] VoxelMesh: Chunk X=5 Y=-26 Z=3 FlatVerts=0 SlopeVerts=0
[+00:54:53.632] VoxelMesh: Chunk X=0 Y=0 Z=0 FlatVerts=0 SlopeVerts=168
[+00:54:53.633] VoxelChunk: GenerateAsync (5,-26,2)
[+00:54:53.634] VoxelMesh: Chunk X=5 Y=-26 Z=2 FlatVerts=0 SlopeVerts=486
[+00:54:53.635] VoxelChunk: GenerateAsync (5,-25,-1)
[+00:54:53.636] VoxelChunk: GenerateAsync (5,-25,3)
[+00:54:53.637] VoxelMesh: Chunk X=5 Y=-25 Z=3 FlatVerts=588 SlopeVerts=1536
[+00:54:53.637] VoxelMesh: Chunk X=0 Y=0 Z=0 FlatVerts=0 SlopeVerts=738
[+00:54:53.638] VoxelChunk: GenerateAsync (5,-25,2)
[+00:54:53.638] VoxelMesh: Chunk X=5 Y=-25 Z=2 FlatVerts=192 SlopeVerts=2580
[+00:54:53.641] VoxelMesh: Chunk X=0 Y=0 Z=0 FlatVerts=186 SlopeVerts=0
[+00:54:53.641] VoxelChunk: GenerateAsync (5,-24,-1)
[+00:54:53.643] VoxelChunk: GenerateAsync (5,-24,3)
[+00:54:53.643] VoxelMesh: Chunk X=5 Y=-24 Z=3 FlatVerts=0 SlopeVerts=96
[+00:54:53.644] VoxelMesh: Chunk X=0 Y=0 Z=0 FlatVerts=0 SlopeVerts=606
[+00:54:53.645] VoxelChunk: GenerateAsync (5,-24,2)
[+00:54:53.648] VoxelMesh: Chunk X=5 Y=-24 Z=2 FlatVerts=156 SlopeVerts=2436
[+00:54:53.648] VoxelChunk: GenerateAsync (6,-26,-1)
[+00:54:53.650] VoxelMesh: Chunk X=0 Y=0 Z=0 FlatVerts=24 SlopeVerts=4302
[+00:54:53.651] VoxelChunk: GenerateAsync (6,-26,3)
[+00:54:53.651] VoxelMesh: Chunk X=6 Y=-26 Z=3 FlatVerts=0 SlopeVerts=1008
[+00:54:53.653] VoxelMesh: Chunk X=0 Y=0 Z=0 FlatVerts=450 SlopeVerts=13206
[+00:54:53.653] VoxelChunk: GenerateAsync (6,-26,2)
[+00:54:53.655] VoxelMesh: Chunk X=6 Y=-26 Z=2 FlatVerts=0 SlopeVerts=2298
[+00:54:53.657] VoxelChunk: GenerateAsync (6,-25,-1)
[+00:54:53.661] VoxelMesh: Chunk X=0 Y=0 Z=0 FlatVerts=24 SlopeVerts=6246
[+00:54:53.661] VoxelChunk: GenerateAsync (6,-25,3)
[+00:54:53.662] VoxelMesh: Chunk X=6 Y=-25 Z=3 FlatVerts=288 SlopeVerts=2604
[+00:54:53.664] VoxelMesh: Chunk X=0 Y=0 Z=0 FlatVerts=342 SlopeVerts=15906
[+00:54:53.665] VoxelChunk: GenerateAsync (6,-25,2)
[+00:54:53.666] VoxelMesh: Chunk X=6 Y=-25 Z=2 FlatVerts=0 SlopeVerts=30
[+00:54:53.669] VoxelMesh: Chunk X=0 Y=0 Z=0 FlatVerts=12 SlopeVerts=0
[+00:54:53.669] VoxelChunk: GenerateAsync (6,-24,-1)
[+00:54:53.671] VoxelMesh: Chunk X=0 Y=0 Z=0 FlatVerts=0 SlopeVerts=2628
[+00:54:53.672] VoxelChunk: GenerateAsync (6,-24,3)
[+00:54:53.672] VoxelMesh: Chunk X=6 Y=-24 Z=3 FlatVerts=0 SlopeVerts=2352
[+00:54:53.674] VoxelMesh: Chunk X=0 Y=0 Z=0 FlatVerts=258 SlopeVerts=8424
[+00:54:53.675] VoxelChunk: GenerateAsync (6,-24,2)
[+00:54:53.676] VoxelMesh: Chunk X=6 Y=-24 Z=2 FlatVerts=0 SlopeVerts=2748
[+00:54:53.710] VoxelMesh: Chunk X=0 Y=0 Z=0 FlatVerts=420 SlopeVerts=1302
[+00:54:53.712] VoxelChunk: GenerateAsync (2,0,-1)
[+00:54:53.714] VoxelMesh: Chunk X=0 Y=0 Z=0 FlatVerts=10794 SlopeVerts=264
[+00:54:53.716] VoxelChunk: GenerateAsync (0,2,-1)
[+00:54:53.717] VoxelMesh: Chunk X=0 Y=0 Z=0 FlatVerts=252 SlopeVerts=2622
[+00:54:53.718] VoxelChunk: GenerateAsync (2,1,2)
[+00:54:53.724] VoxelMesh: Chunk X=0 Y=0 Z=0 FlatVerts=18 SlopeVerts=25110
[+00:54:53.726] VoxelChunk: GenerateAsync (1,-2,2)
[+00:54:53.726] VoxelMesh: Chunk X=1 Y=-2 Z=2 FlatVerts=0 SlopeVerts=2346
[+00:54:53.737] VoxelMesh: Chunk X=0 Y=0 Z=0 FlatVerts=0 SlopeVerts=0
[+00:54:53.737] VoxelChunk: GenerateAsync (-2,1,1)
[+00:54:53.737] VoxelMesh: Chunk X=-2 Y=1 Z=1 FlatVerts=0 SlopeVerts=0
[+00:54:53.742] VoxelMesh: Chunk X=0 Y=0 Z=0 FlatVerts=636 SlopeVerts=23916
[+00:54:53.743] VoxelChunk: GenerateAsync (2,-1,1)
[+00:54:53.745] VoxelMesh: Chunk X=2 Y=-1 Z=1 FlatVerts=264 SlopeVerts=1596
[+00:54:53.746] VoxelMesh: Chunk X=0 Y=0 Z=0 FlatVerts=1434 SlopeVerts=13392
[+00:54:53.747] VoxelChunk: GenerateAsync (-2,-2,1)
[+00:54:53.748] VoxelMesh: Chunk X=-2 Y=-2 Z=1 FlatVerts=546 SlopeVerts=4548
[+00:54:53.753] VoxelMesh: Chunk X=0 Y=0 Z=0 FlatVerts=72 SlopeVerts=3486
[+00:54:53.753] VoxelChunk: GenerateAsync (1,-2,0)
[+00:54:53.754] VoxelMesh: Chunk X=1 Y=-2 Z=0 FlatVerts=48 SlopeVerts=1116
[+00:54:53.765] VoxelMesh: Chunk X=0 Y=0 Z=0 FlatVerts=2706 SlopeVerts=12882
[+00:54:53.767] VoxelChunk: GenerateAsync (2,1,1)
[+00:54:53.767] VoxelMesh: Chunk X=2 Y=1 Z=1 FlatVerts=918 SlopeVerts=2712
[+00:54:53.770] VoxelMesh: Chunk X=0 Y=0 Z=0 FlatVerts=1872 SlopeVerts=11652
[+00:54:53.774] VoxelChunk: GenerateAsync (2,0,0)
[+00:54:53.774] VoxelMesh: Chunk X=2 Y=0 Z=0 FlatVerts=1644 SlopeVerts=666
[+00:54:53.779] VoxelMesh: Chunk X=0 Y=0 Z=0 FlatVerts=78 SlopeVerts=26964
[+00:54:53.781] VoxelChunk: GenerateAsync (2,-2,2)
[+00:54:53.782] VoxelMesh: Chunk X=0 Y=0 Z=0 FlatVerts=0 SlopeVerts=72
[+00:54:53.783] VoxelChunk: GenerateAsync (-1,0,2)
[+00:54:53.797] VoxelMesh: Chunk X=0 Y=0 Z=0 FlatVerts=10050 SlopeVerts=48
[+00:54:53.799] VoxelChunk: GenerateAsync (-2,0,-1)
[+00:54:53.800] VoxelMesh: Chunk X=0 Y=0 Z=0 FlatVerts=9300 SlopeVerts=1902
[+00:54:53.802] VoxelChunk: GenerateAsync (-2,2,0)
[+00:54:53.803] VoxelMesh: Chunk X=-2 Y=2 Z=0 FlatVerts=840 SlopeVerts=1050
[+00:54:53.807] VoxelMesh: Chunk X=0 Y=0 Z=0 FlatVerts=204 SlopeVerts=30936
[+00:54:53.810] VoxelChunk: GenerateAsync (2,-1,2)
[+00:54:53.815] VoxelMesh: Chunk X=0 Y=0 Z=0 FlatVerts=1092 SlopeVerts=864
[+00:54:53.815] VoxelChunk: GenerateAsync (-1,-2,-1)
[+00:54:53.828] VoxelMesh: Chunk X=0 Y=0 Z=0 FlatVerts=1302 SlopeVerts=20784
[+00:54:53.830] VoxelChunk: GenerateAsync (-1,-2,1)
[+00:54:53.831] VoxelMesh: Chunk X=-1 Y=-2 Z=1 FlatVerts=342 SlopeVerts=3888
[+00:54:53.832] VoxelMesh: Chunk X=0 Y=0 Z=0 FlatVerts=10326 SlopeVerts=6
[+00:54:53.833] VoxelChunk: GenerateAsync (-2,1,0)
[+00:54:53.835] VoxelMesh: Chunk X=-2 Y=1 Z=0 FlatVerts=2412 SlopeVerts=168
[+00:54:53.840] VoxelMesh: Chunk X=0 Y=0 Z=0 FlatVerts=72 SlopeVerts=4392
[+00:54:53.841] VoxelChunk: GenerateAsync (2,-2,0)
[+00:54:53.842] VoxelMesh: Chunk X=2 Y=-2 Z=0 FlatVerts=558 SlopeVerts=990
[+00:54:53.844] VoxelMesh: Chunk X=0 Y=0 Z=0 FlatVerts=1734 SlopeVerts=24420
[+00:54:53.846] VoxelChunk: GenerateAsync (2,0,1)
[+00:54:53.847] VoxelMesh: Chunk X=2 Y=0 Z=1 FlatVerts=258 SlopeVerts=1512
[+00:54:53.856] VoxelWater: Chunk X=1 Y=0 Z=0 emitted 100 procedural water vertices (Ocean/Pools)
[+00:54:53.856] VoxelWater: Chunk X=2 Y=0 Z=0 emitted 16 procedural water vertices (Ocean/Pools)
[+00:54:53.856] VoxelWater: Chunk X=1 Y=0 Z=1 emitted 84 procedural water vertices (Ocean/Pools)
[+00:54:53.856] VoxelWater: Chunk X=0 Y=0 Z=1 emitted 12 procedural water vertices (Ocean/Pools)
[+00:54:53.856] VoxelWater: Chunk X=-1 Y=1 Z=0 emitted 52 procedural water vertices (Ocean/Pools)
[+00:54:53.856] VoxelWater: Chunk X=0 Y=1 Z=0 emitted 24 procedural water vertices (Ocean/Pools)
[+00:54:53.856] VoxelWater: Chunk X=1 Y=1 Z=0 emitted 48 procedural water vertices (Ocean/Pools)
[+00:54:53.856] VoxelWater: Chunk X=0 Y=-1 Z=1 emitted 56 procedural water vertices (Ocean/Pools)
[+00:54:53.856] VoxelWater: Chunk X=0 Y=-1 Z=0 emitted 12 procedural water vertices (Ocean/Pools)
[+00:54:53.856] VoxelWater: Chunk X=-1 Y=0 Z=0 emitted 68 procedural water vertices (Ocean/Pools)
[+00:54:53.856] VoxelWater: Chunk X=1 Y=-1 Z=1 emitted 40 procedural water vertices (Ocean/Pools)
[+00:54:53.856] VoxelWater: Chunk X=-1 Y=-1 Z=0 emitted 72 procedural water vertices (Ocean/Pools)
[+00:54:53.856] VoxelWater: Chunk X=-1 Y=-1 Z=1 emitted 76 procedural water vertices (Ocean/Pools)
[+00:54:53.856] VoxelWater: Chunk X=1 Y=-1 Z=0 emitted 16 procedural water vertices (Ocean/Pools)
[+00:54:53.856] VoxelWater: Chunk X=2 Y=-1 Z=0 emitted 16 procedural water vertices (Ocean/Pools)
[+00:54:53.856] VoxelWater: Chunk X=4 Y=-25 Z=3 emitted 60 procedural water vertices (Ocean/Pools)
[+00:54:53.856] VoxelWater: Chunk X=4 Y=-25 Z=2 emitted 44 procedural water vertices (Ocean/Pools)
[+00:54:53.856] VoxelWater: Chunk X=5 Y=-25 Z=3 emitted 84 procedural water vertices (Ocean/Pools)
[+00:54:53.856] VoxelWater: Chunk X=4 Y=-26 Z=2 emitted 8 procedural water vertices (Ocean/Pools)
[+00:54:53.856] VoxelWater: Chunk X=4 Y=-24 Z=3 emitted 20 procedural water vertices (Ocean/Pools)
[+00:54:53.856] VoxelWater: Chunk X=4 Y=-24 Z=2 emitted 36 procedural water vertices (Ocean/Pools)
[+00:54:53.856] VoxelWater: Chunk X=5 Y=-24 Z=3 emitted 16 procedural water vertices (Ocean/Pools)
[+00:54:53.856] VoxelWater: Chunk X=5 Y=-24 Z=2 emitted 8 procedural water vertices (Ocean/Pools)
[+00:54:53.856] VoxelWater: Chunk X=6 Y=-26 Z=3 emitted 12 procedural water vertices (Ocean/Pools)
[+00:54:53.856] VoxelWater: Chunk X=6 Y=-26 Z=2 emitted 24 procedural water vertices (Ocean/Pools)
[+00:54:53.856] VoxelWater: Chunk X=6 Y=-25 Z=3 emitted 48 procedural water vertices (Ocean/Pools)
[+00:54:53.856] VoxelWater: Chunk X=6 Y=-24 Z=3 emitted 52 procedural water vertices (Ocean/Pools)
[+00:54:53.856] VoxelWater: Chunk X=6 Y=-24 Z=2 emitted 40 procedural water vertices (Ocean/Pools)
[+00:54:53.856] VoxelWater: Chunk X=2 Y=-1 Z=1 emitted 12 procedural water vertices (Ocean/Pools)
[+00:54:53.856] VoxelWater: Chunk X=-2 Y=-2 Z=1 emitted 112 procedural water vertices (Ocean/Pools)
[+00:54:53.856] VoxelWater: Chunk X=2 Y=1 Z=1 emitted 24 procedural water vertices (Ocean/Pools)
[+00:54:53.856] VoxelWater: Chunk X=-2 Y=2 Z=0 emitted 8 procedural water vertices (Ocean/Pools)
[+00:54:53.856] VoxelWater: Chunk X=-1 Y=-2 Z=1 emitted 76 procedural water vertices (Ocean/Pools)
[+00:54:53.858] VoxelWater: Chunk X=-2 Y=1 Z=0 emitted 28 procedural water vertices (Ocean/Pools)
[+00:54:53.858] VoxelWater: Chunk X=1 Y=-2 Z=0 emitted 4 procedural water vertices (Ocean/Pools)
[+00:54:53.858] VoxelWater: Chunk X=2 Y=-2 Z=0 emitted 16 procedural water vertices (Ocean/Pools)
[+00:54:53.871] VoxelChunk: GenerateAsync (4,-26,3)
[+00:54:53.871] VoxelChunk: GenerateAsync (4,-25,3)
[+00:54:53.871] VoxelChunk: GenerateAsync (4,-24,3)
[+00:54:53.871] VoxelChunk: GenerateAsync (5,-26,3)
[+00:54:53.871] VoxelChunk: GenerateAsync (5,-25,3)
[+00:54:53.871] VoxelChunk: GenerateAsync (5,-24,3)
[+00:54:53.871] VoxelChunk: GenerateAsync (6,-26,3)
[+00:54:53.871] VoxelMesh: Chunk X=4 Y=-26 Z=3 FlatVerts=0 SlopeVerts=0
[+00:54:53.871] VoxelChunk: GenerateAsync (6,-25,3)
[+00:54:53.871] VoxelChunk: GenerateAsync (6,-24,3)
[+00:54:53.871] VoxelMesh: Chunk X=4 Y=-25 Z=3 FlatVerts=6 SlopeVerts=870
[+00:54:53.871] VoxelMesh: Chunk X=5 Y=-26 Z=3 FlatVerts=0 SlopeVerts=0
[+00:54:53.871] VoxelMesh: Chunk X=4 Y=-24 Z=3 FlatVerts=126 SlopeVerts=516
[+00:54:53.871] VoxelMesh: Chunk X=5 Y=-25 Z=3 FlatVerts=138 SlopeVerts=396
[+00:54:53.871] VoxelMesh: Chunk X=5 Y=-24 Z=3 FlatVerts=0 SlopeVerts=24
[+00:54:53.871] VoxelMesh: Chunk X=6 Y=-26 Z=3 FlatVerts=0 SlopeVerts=216
[+00:54:53.871] VoxelMesh: Chunk X=6 Y=-25 Z=3 FlatVerts=66 SlopeVerts=684
[+00:54:53.871] VoxelMesh: Chunk X=6 Y=-24 Z=3 FlatVerts=0 SlopeVerts=618
[+00:54:53.871] VoxelChunk: GenerateAsync (2,-1,-1)
[+00:54:53.872] VoxelChunk: GenerateAsync (-1,2,-1)
[+00:54:53.872] VoxelChunk: GenerateAsync (2,-2,-1)
[+00:54:53.873] VoxelMesh: Chunk X=-1 Y=-2 Z=1 FlatVerts=30 SlopeVerts=282
[+00:54:53.873] VoxelChunk: GenerateAsync (-2,-2,2)
[+00:54:53.874] VoxelMesh: Chunk X=-2 Y=-2 Z=2 FlatVerts=30 SlopeVerts=282
[+00:54:53.883] VoxelMesh: Chunk X=-1 Y=-2 Z=-1 FlatVerts=846 SlopeVerts=1182
[+00:54:53.883] VoxelChunk: GenerateAsync (2,1,0)
[+00:54:53.885] VoxelMesh: Chunk X=2 Y=-1 Z=2 FlatVerts=174 SlopeVerts=3042
[+00:54:53.885] VoxelMesh: Chunk X=2 Y=1 Z=0 FlatVerts=846 SlopeVerts=1182
[+00:54:53.885] VoxelChunk: GenerateAsync (0,-1,2)
[+00:54:53.885] VoxelMesh: Chunk X=-2 Y=2 Z=0 FlatVerts=0 SlopeVerts=66
[+00:54:53.886] VoxelChunk: GenerateAsync (0,0,2)
[+00:54:53.886] VoxelMesh: Chunk X=0 Y=-1 Z=2 FlatVerts=174 SlopeVerts=3042
[+00:54:53.886] VoxelChunk: GenerateAsync (-1,1,2)
[+00:54:53.886] VoxelMesh: Chunk X=0 Y=0 Z=2 FlatVerts=0 SlopeVerts=66
[+00:54:53.896] VoxelMesh: Chunk X=-1 Y=0 Z=2 FlatVerts=888 SlopeVerts=2376
[+00:54:53.898] VoxelChunk: GenerateAsync (-2,2,1)
[+00:54:53.898] VoxelMesh: Chunk X=2 Y=-2 Z=2 FlatVerts=192 SlopeVerts=924
[+00:54:53.898] VoxelMesh: Chunk X=-2 Y=2 Z=1 FlatVerts=888 SlopeVerts=2376
[+00:54:53.899] VoxelChunk: GenerateAsync (-1,2,1)
[+00:54:53.899] VoxelMesh: Chunk X=-1 Y=2 Z=1 FlatVerts=192 SlopeVerts=924
[+00:54:53.899] VoxelMesh: Chunk X=2 Y=0 Z=0 FlatVerts=0 SlopeVerts=2178
[+00:54:53.899] VoxelChunk: GenerateAsync (1,-2,1)
[+00:54:53.899] VoxelMesh: Chunk X=2 Y=1 Z=1 FlatVerts=900 SlopeVerts=1026
[+00:54:53.900] VoxelMesh: Chunk X=1 Y=-2 Z=1 FlatVerts=0 SlopeVerts=2178
[+00:54:53.900] VoxelChunk: GenerateAsync (-2,-1,1)
[+00:54:53.900] VoxelMesh: Chunk X=-2 Y=-1 Z=1 FlatVerts=900 SlopeVerts=1026
[+00:54:53.911] VoxelChunk: GenerateAsync (-2,2,2)
[+00:54:53.911] VoxelMesh: Chunk X=-2 Y=-2 Z=1 FlatVerts=1458 SlopeVerts=816
[+00:54:53.912] VoxelChunk: GenerateAsync (-2,-1,0)
[+00:54:53.912] VoxelMesh: Chunk X=-2 Y=-1 Z=0 FlatVerts=1458 SlopeVerts=816
[+00:54:53.912] VoxelChunk: GenerateAsync (-2,-1,-1)
[+00:54:53.913] VoxelMesh: Chunk X=-2 Y=1 Z=1 FlatVerts=1080 SlopeVerts=2232
[+00:54:53.914] VoxelChunk: GenerateAsync (1,2,1)
[+00:54:53.914] VoxelMesh: Chunk X=1 Y=2 Z=1 FlatVerts=1080 SlopeVerts=2232
[+00:54:53.922] VoxelMesh: Chunk X=1 Y=-2 Z=2 FlatVerts=0 SlopeVerts=24
[+00:54:53.923] VoxelChunk: GenerateAsync (0,-2,1)
[+00:54:53.923] VoxelMesh: Chunk X=2 Y=1 Z=2 FlatVerts=1206 SlopeVerts=2730
[+00:54:53.924] VoxelMesh: Chunk X=0 Y=-2 Z=1 FlatVerts=0 SlopeVerts=24
[+00:54:53.924] VoxelChunk: GenerateAsync (2,-2,1)
[+00:54:53.925] VoxelMesh: Chunk X=0 Y=2 Z=-1 FlatVerts=48 SlopeVerts=264
[+00:54:53.925] VoxelMesh: Chunk X=2 Y=-2 Z=1 FlatVerts=1206 SlopeVerts=2730
[+00:54:53.925] VoxelChunk: GenerateAsync (-2,-2,0)
[+00:54:53.926] VoxelMesh: Chunk X=-2 Y=-2 Z=0 FlatVerts=48 SlopeVerts=264
[+00:54:53.927] VoxelChunk: GenerateAsync (0,-2,-1)
[+00:54:53.935] VoxelMesh: Chunk X=1 Y=1 Z=2 FlatVerts=462 SlopeVerts=1470
[+00:54:53.935] VoxelChunk: GenerateAsync (-2,0,1)
[+00:54:53.937] VoxelMesh: Chunk X=2 Y=1 Z=-1 FlatVerts=1680 SlopeVerts=780
[+00:54:53.937] VoxelMesh: Chunk X=-2 Y=0 Z=1 FlatVerts=462 SlopeVerts=1470
[+00:54:53.937] VoxelChunk: GenerateAsync (-1,2,0)
[+00:54:53.937] VoxelChunk: GenerateAsync (2,0,2)
[+00:54:53.937] VoxelMesh: Chunk X=-1 Y=2 Z=0 FlatVerts=1680 SlopeVerts=780
[+00:54:53.938] VoxelChunk: GenerateAsync (-2,1,2)
[+00:54:53.947] VoxelChunk: GenerateAsync (1,2,2)
[+00:54:53.947] VoxelMesh: Chunk X=2 Y=0 Z=-2 FlatVerts=216 SlopeVerts=870
[+00:54:53.947] VoxelChunk: GenerateAsync (0,2,1)
[+00:54:53.948] VoxelMesh: Chunk X=1 Y=0 Z=-2 FlatVerts=786 SlopeVerts=1758
[+00:54:53.948] VoxelMesh: Chunk X=0 Y=2 Z=1 FlatVerts=216 SlopeVerts=870
[+00:54:53.948] VoxelChunk: GenerateAsync (-2,0,0)
[+00:54:53.948] VoxelChunk: GenerateAsync (-2,1,-1)
[+00:54:53.948] VoxelMesh: Chunk X=-2 Y=0 Z=0 FlatVerts=786 SlopeVerts=1758
[+00:54:53.957] VoxelChunk: GenerateAsync (1,2,-1)
[+00:54:53.958] VoxelChunk: GenerateAsync (2,2,-1)
[+00:54:53.958] VoxelMesh: Chunk X=-2 Y=-1 Z=-2 FlatVerts=0 SlopeVerts=2220
[+00:54:53.959] VoxelChunk: GenerateAsync (-1,-2,2)
[+00:54:53.960] VoxelMesh: Chunk X=-1 Y=0 Z=-2 FlatVerts=0 SlopeVerts=1266
[+00:54:53.960] VoxelChunk: GenerateAsync (0,-2,2)
[+00:54:53.960] VoxelMesh: Chunk X=-1 Y=-2 Z=2 FlatVerts=0 SlopeVerts=2220
[+00:54:53.961] VoxelMesh: Chunk X=0 Y=-2 Z=2 FlatVerts=0 SlopeVerts=1266
[+00:54:53.967] VoxelChunk: GenerateAsync (-2,-1,2)
[+00:54:53.968] VoxelMesh: Chunk X=0 Y=2 Z=-2 FlatVerts=0 SlopeVerts=0
[+00:54:53.968] VoxelChunk: GenerateAsync (-1,-1,2)
[+00:54:53.968] VoxelMesh: Chunk X=-2 Y=0 Z=-2 FlatVerts=210 SlopeVerts=2268
[+00:54:53.968] VoxelMesh: Chunk X=-1 Y=-1 Z=2 FlatVerts=0 SlopeVerts=0
[+00:54:53.968] VoxelChunk: GenerateAsync (1,-1,2)
[+00:54:53.969] VoxelChunk: GenerateAsync (-2,0,2)
[+00:54:53.969] VoxelMesh: Chunk X=1 Y=-1 Z=2 FlatVerts=210 SlopeVerts=2268
[+00:54:53.976] VoxelMesh: Chunk X=2 Y=2 Z=-2 FlatVerts=0 SlopeVerts=66
[+00:54:53.976] VoxelChunk: GenerateAsync (1,0,2)
[+00:54:53.977] VoxelMesh: Chunk X=-2 Y=2 Z=-2 FlatVerts=0 SlopeVerts=0
[+00:54:53.977] VoxelMesh: Chunk X=1 Y=0 Z=2 FlatVerts=0 SlopeVerts=66
[+00:54:53.977] VoxelChunk: GenerateAsync (2,2,0)
[+00:54:53.977] VoxelChunk: GenerateAsync (0,1,2)
[+00:54:53.977] VoxelMesh: Chunk X=2 Y=2 Z=0 FlatVerts=0 SlopeVerts=0
[+00:54:53.979] VoxelChunk: GenerateAsync (1,-2,-1)
[+00:54:53.987] VoxelChunk: GenerateAsync (-2,2,-1)
[+00:54:53.987] VoxelChunk: GenerateAsync (2,2,2)
[+00:54:53.988] VoxelMesh: Chunk X=0 Y=1 Z=-2 FlatVerts=2922 SlopeVerts=1266
[+00:54:53.988] VoxelChunk: GenerateAsync (2,2,1)
[+00:54:53.989] VoxelMesh: Chunk X=2 Y=2 Z=1 FlatVerts=2922 SlopeVerts=1266
[+00:54:53.989] VoxelChunk: GenerateAsync (-2,-2,-1)
[+00:54:53.999] VoxelMesh: Chunk X=1 Y=-1 Z=-2 FlatVerts=1674 SlopeVerts=876
[+00:54:53.999] VoxelChunk: GenerateAsync (0,2,0)
[+00:54:54.000] VoxelMesh: Chunk X=0 Y=2 Z=0 FlatVerts=1674 SlopeVerts=876
[+00:54:54.000] VoxelMesh: Chunk X=-1 Y=-2 Z=-2 FlatVerts=816 SlopeVerts=1236
[+00:54:54.001] VoxelChunk: GenerateAsync (1,2,0)
[+00:54:54.001] VoxelMesh: Chunk X=1 Y=2 Z=0 FlatVerts=816 SlopeVerts=1236
[+00:54:54.002] VoxelMesh: Chunk X=2 Y=-2 Z=-2 FlatVerts=198 SlopeVerts=306
[+00:54:54.002] VoxelChunk: GenerateAsync (-1,-2,0)
[+00:54:54.003] VoxelChunk: GenerateAsync (0,-2,0)
[+00:54:54.003] VoxelMesh: Chunk X=-1 Y=-2 Z=0 FlatVerts=198 SlopeVerts=306
[+00:54:54.013] VoxelMesh: Chunk X=-1 Y=-1 Z=-2 FlatVerts=2352 SlopeVerts=1914
[+00:54:54.013] VoxelChunk: GenerateAsync (-3,2,1)
[+00:54:54.014] VoxelMesh: Chunk X=0 Y=0 Z=-2 FlatVerts=42 SlopeVerts=366
[+00:54:54.014] VoxelMesh: Chunk X=-3 Y=2 Z=1 FlatVerts=2352 SlopeVerts=1914
[+00:54:54.015] VoxelChunk: GenerateAsync (-3,0,0)
[+00:54:54.015] VoxelMesh: Chunk X=-1 Y=-1 Z=-1 FlatVerts=1470 SlopeVerts=978
[+00:54:54.015] VoxelMesh: Chunk X=-3 Y=0 Z=0 FlatVerts=42 SlopeVerts=366
[+00:54:54.016] VoxelChunk: GenerateAsync (3,2,1)
[+00:54:54.016] VoxelMesh: Chunk X=1 Y=-1 Z=-1 FlatVerts=2670 SlopeVerts=48
[+00:54:54.016] VoxelMesh: Chunk X=3 Y=2 Z=1 FlatVerts=1470 SlopeVerts=978
[+00:54:54.017] VoxelChunk: GenerateAsync (-3,3,1)
[+00:54:54.017] VoxelMesh: Chunk X=-3 Y=3 Z=1 FlatVerts=2670 SlopeVerts=48
[+00:54:54.026] VoxelChunk: GenerateAsync (3,-1,-1)
[+00:54:54.028] VoxelChunk: GenerateAsync (3,1,-2)
[+00:54:54.029] VoxelMesh: Chunk X=-1 Y=-1 Z=0 FlatVerts=3060 SlopeVerts=522
[+00:54:54.029] VoxelChunk: GenerateAsync (1,3,1)
[+00:54:54.030] VoxelMesh: Chunk X=1 Y=3 Z=1 FlatVerts=3060 SlopeVerts=522
[+00:54:54.030] VoxelChunk: GenerateAsync (-2,-3,-2)
[+00:54:54.037] VoxelWater: Chunk X=1 Y=3 Z=1 emitted 56 procedural water vertices (Ocean/Pools)
[+00:54:54.037] VoxelWater: Chunk X=-3 Y=3 Z=1 emitted 44 procedural water vertices (Ocean/Pools)
[+00:54:54.037] VoxelWater: Chunk X=3 Y=2 Z=1 emitted 28 procedural water vertices (Ocean/Pools)
[+00:54:54.037] VoxelWater: Chunk X=-3 Y=0 Z=0 emitted 8 procedural water vertices (Ocean/Pools)
[+00:54:54.037] VoxelWater: Chunk X=-2 Y=2 Z=1 emitted 8 procedural water vertices (Ocean/Pools)
[+00:54:54.037] VoxelWater: Chunk X=-3 Y=2 Z=1 emitted 28 procedural water vertices (Ocean/Pools)
[+00:54:54.039] VoxelWater: Chunk X=0 Y=2 Z=0 emitted 20 procedural water vertices (Ocean/Pools)
[+00:54:54.039] VoxelWater: Chunk X=1 Y=2 Z=0 emitted 8 procedural water vertices (Ocean/Pools)
[+00:54:54.039] VoxelWater: Chunk X=-1 Y=2 Z=0 emitted 20 procedural water vertices (Ocean/Pools)
[+00:54:54.039] VoxelWater: Chunk X=2 Y=2 Z=1 emitted 40 procedural water vertices (Ocean/Pools)
[+00:54:54.039] VoxelWater: Chunk X=1 Y=-1 Z=2 emitted 36 procedural water vertices (Ocean/Pools)
[+00:54:54.039] VoxelWater: Chunk X=0 Y=-2 Z=2 emitted 12 procedural water vertices (Ocean/Pools)
[+00:54:54.039] VoxelWater: Chunk X=-1 Y=-2 Z=2 emitted 24 procedural water vertices (Ocean/Pools)
[+00:54:54.039] VoxelWater: Chunk X=-2 Y=0 Z=0 emitted 72 procedural water vertices (Ocean/Pools)
[+00:54:54.039] VoxelWater: Chunk X=-2 Y=-1 Z=0 emitted 20 procedural water vertices (Ocean/Pools)
[+00:54:54.039] VoxelWater: Chunk X=0 Y=2 Z=1 emitted 20 procedural water vertices (Ocean/Pools)
[+00:54:54.039] VoxelWater: Chunk X=-2 Y=0 Z=1 emitted 24 procedural water vertices (Ocean/Pools)
[+00:54:54.039] VoxelWater: Chunk X=4 Y=-26 Z=2 emitted 8 procedural water vertices (Ocean/Pools)
[+00:54:54.039] VoxelWater: Chunk X=4 Y=-25 Z=3 emitted 56 procedural water vertices (Ocean/Pools)
[+00:54:54.039] VoxelWater: Chunk X=4 Y=-25 Z=2 emitted 60 procedural water vertices (Ocean/Pools)
[+00:54:54.039] VoxelWater: Chunk X=5 Y=-25 Z=2 emitted 8 procedural water vertices (Ocean/Pools)
[+00:54:54.039] VoxelWater: Chunk X=4 Y=-24 Z=3 emitted 36 procedural water vertices (Ocean/Pools)
[+00:54:54.039] VoxelWater: Chunk X=4 Y=-24 Z=2 emitted 40 procedural water vertices (Ocean/Pools)
[+00:54:54.039] VoxelWater: Chunk X=5 Y=-24 Z=2 emitted 24 procedural water vertices (Ocean/Pools)
[+00:54:54.039] VoxelWater: Chunk X=5 Y=-25 Z=3 emitted 116 procedural water vertices (Ocean/Pools)
[+00:54:54.039] VoxelWater: Chunk X=5 Y=-24 Z=3 emitted 20 procedural water vertices (Ocean/Pools)
[+00:54:54.039] VoxelWater: Chunk X=6 Y=-24 Z=3 emitted 76 procedural water vertices (Ocean/Pools)
[+00:54:54.039] VoxelWater: Chunk X=6 Y=-26 Z=3 emitted 16 procedural water vertices (Ocean/Pools)
[+00:54:54.039] VoxelWater: Chunk X=6 Y=-25 Z=3 emitted 96 procedural water vertices (Ocean/Pools)
[+00:54:54.039] VoxelWater: Chunk X=6 Y=-26 Z=2 emitted 24 procedural water vertices (Ocean/Pools)
[+00:54:54.039] VoxelWater: Chunk X=6 Y=-24 Z=2 emitted 48 procedural water vertices (Ocean/Pools)
[+00:54:54.039] VoxelWater: Chunk X=-2 Y=-2 Z=0 emitted 16 procedural water vertices (Ocean/Pools)
[+00:54:54.039] VoxelWater: Chunk X=2 Y=-2 Z=1 emitted 40 procedural water vertices (Ocean/Pools)
[+00:54:54.039] VoxelWater: Chunk X=1 Y=2 Z=1 emitted 36 procedural water vertices (Ocean/Pools)
[+00:54:54.039] VoxelWater: Chunk X=-2 Y=-1 Z=1 emitted 28 procedural water vertices (Ocean/Pools)
[+00:54:54.039] VoxelWater: Chunk X=-1 Y=2 Z=1 emitted 8 procedural water vertices (Ocean/Pools)
[+00:54:54.039] VoxelWater: Chunk X=0 Y=-1 Z=2 emitted 44 procedural water vertices (Ocean/Pools)
[+00:54:54.039] VoxelWater: Chunk X=-2 Y=-2 Z=2 emitted 20 procedural water vertices (Ocean/Pools)
[+00:54:54.047] VoxelMesh: Chunk X=0 Y=0 Z=-1 FlatVerts=960 SlopeVerts=1344
[+00:54:54.048] VoxelChunk: GenerateAsync (3,3,1)
[+00:54:54.048] VoxelMesh: Chunk X=3 Y=3 Z=1 FlatVerts=960 SlopeVerts=1344
[+00:54:54.048] VoxelMesh: Chunk X=1 Y=-1 Z=0 FlatVerts=654 SlopeVerts=4506
[+00:54:54.049] VoxelChunk: GenerateAsync (-3,-3,2)
[+00:54:54.049] VoxelMesh: Chunk X=-1 Y=-1 Z=1 FlatVerts=0 SlopeVerts=2562
[+00:54:54.049] VoxelMesh: Chunk X=-3 Y=-3 Z=2 FlatVerts=654 SlopeVerts=4506
[+00:54:54.049] VoxelChunk: GenerateAsync (-2,-3,2)
[+00:54:54.050] VoxelChunk: GenerateAsync (3,0,0)
[+00:54:54.050] VoxelMesh: Chunk X=-2 Y=-3 Z=2 FlatVerts=0 SlopeVerts=2562
[+00:54:54.060] VoxelChunk: GenerateAsync (-3,0,-1)
[+00:54:54.060] VoxelMesh: Chunk X=0 Y=-1 Z=0 FlatVerts=414 SlopeVerts=1668
[+00:54:54.061] VoxelChunk: GenerateAsync (-3,1,0)
[+00:54:54.061] VoxelMesh: Chunk X=1 Y=0 Z=-1 FlatVerts=0 SlopeVerts=3432
[+00:54:54.061] VoxelMesh: Chunk X=-3 Y=1 Z=0 FlatVerts=414 SlopeVerts=1668
[+00:54:54.062] VoxelChunk: GenerateAsync (1,-3,2)
[+00:54:54.062] VoxelMesh: Chunk X=0 Y=-1 Z=1 FlatVerts=402 SlopeVerts=1722
[+00:54:54.062] VoxelMesh: Chunk X=1 Y=-3 Z=2 FlatVerts=0 SlopeVerts=3432
[+00:54:54.062] VoxelChunk: GenerateAsync (2,-3,2)
[+00:54:54.063] VoxelMesh: Chunk X=2 Y=-3 Z=2 FlatVerts=402 SlopeVerts=1722
[+00:54:54.071] VoxelChunk: GenerateAsync (-3,1,-2)
[+00:54:54.073] VoxelChunk: GenerateAsync (3,0,-2)
[+00:54:54.074] VoxelChunk: GenerateAsync (3,2,-1)
[+00:54:54.076] VoxelChunk: GenerateAsync (-3,0,-2)
[+00:54:54.083] VoxelChunk: GenerateAsync (3,-2,2)
[+00:54:54.085] VoxelChunk: GenerateAsync (-3,3,-1)
[+00:54:54.085] VoxelChunk: GenerateAsync (3,1,0)
[+00:54:54.086] VoxelMesh: Chunk X=-1 Y=1 Z=1 FlatVerts=0 SlopeVerts=42
[+00:54:54.086] VoxelChunk: GenerateAsync (-3,2,0)
[+00:54:54.087] VoxelMesh: Chunk X=-3 Y=2 Z=0 FlatVerts=0 SlopeVerts=42
[+00:54:54.095] VoxelChunk: GenerateAsync (-2,3,-1)
[+00:54:54.096] VoxelChunk: GenerateAsync (3,3,-2)
[+00:54:54.098] VoxelChunk: GenerateAsync (3,-2,-1)
[+00:54:54.098] VoxelMesh: Chunk X=1 Y=0 Z=0 FlatVerts=0 SlopeVerts=2130
[+00:54:54.099] VoxelChunk: GenerateAsync (-3,0,2)
[+00:54:54.099] VoxelMesh: Chunk X=-3 Y=0 Z=2 FlatVerts=0 SlopeVerts=2130
[+00:54:54.106] VoxelChunk: GenerateAsync (-1,3,-1)
[+00:54:54.110] VoxelMesh: Chunk X=0 Y=0 Z=0 FlatVerts=6060 SlopeVerts=1098
[+00:54:54.111] VoxelChunk: GenerateAsync (0,3,-1)
[+00:54:54.116] VoxelChunk: GenerateAsync (2,3,-2)
[+00:54:54.119] VoxelMesh: Chunk X=0 Y=0 Z=0 FlatVerts=414 SlopeVerts=18228
[+00:54:54.120] VoxelChunk: GenerateAsync (3,0,2)
[+00:54:54.121] VoxelMesh: Chunk X=3 Y=0 Z=2 FlatVerts=72 SlopeVerts=42
[+00:54:54.132] VoxelMesh: Chunk X=0 Y=0 Z=0 FlatVerts=8154 SlopeVerts=4350
[+00:54:54.134] VoxelChunk: GenerateAsync (3,2,0)
[+00:54:54.138] VoxelMesh: Chunk X=0 Y=0 Z=0 FlatVerts=3792 SlopeVerts=1224
[+00:54:54.139] VoxelChunk: GenerateAsync (1,3,-1)
[+00:54:54.142] VoxelMesh: Chunk X=0 Y=0 Z=0 FlatVerts=3906 SlopeVerts=9792
[+00:54:54.143] VoxelChunk: GenerateAsync (-3,3,0)
[+00:54:54.147] VoxelMesh: Chunk X=0 Y=0 Z=0 FlatVerts=7650 SlopeVerts=8016
[+00:54:54.148] VoxelChunk: GenerateAsync (-2,3,0)
[+00:54:54.162] VoxelMesh: Chunk X=0 Y=0 Z=0 FlatVerts=954 SlopeVerts=588
[+00:54:54.162] VoxelChunk: GenerateAsync (2,3,-1)
[+00:54:54.167] VoxelChunk: GenerateAsync (1,3,-2)
[+00:54:54.169] VoxelMesh: Chunk X=0 Y=0 Z=0 FlatVerts=8388 SlopeVerts=1044
[+00:54:54.171] VoxelChunk: GenerateAsync (-3,-1,-1)
[+00:54:54.174] VoxelMesh: Chunk X=0 Y=0 Z=0 FlatVerts=8826 SlopeVerts=4620
[+00:54:54.176] VoxelChunk: GenerateAsync (-1,3,0)
[+00:54:54.190] VoxelChunk: GenerateAsync (3,3,-1)
[+00:54:54.196] VoxelChunk: GenerateAsync (2,-3,-1)
[+00:54:54.199] VoxelMesh: Chunk X=0 Y=0 Z=0 FlatVerts=7056 SlopeVerts=5172
[+00:54:54.200] VoxelChunk: GenerateAsync (2,3,0)
[+00:54:54.203] VoxelMesh: Chunk X=0 Y=0 Z=0 FlatVerts=4008 SlopeVerts=16230
[+00:54:54.205] VoxelChunk: GenerateAsync (-3,-3,0)
[+00:54:54.217] VoxelMesh: Chunk X=0 Y=0 Z=0 FlatVerts=8700 SlopeVerts=1266
[+00:54:54.219] VoxelChunk: GenerateAsync (3,3,0)
[+00:54:54.221] VoxelMesh: Chunk X=0 Y=0 Z=0 FlatVerts=2226 SlopeVerts=14814
[+00:54:54.223] VoxelChunk: GenerateAsync (-3,-3,1)
[+00:54:54.225] VoxelMesh: Chunk X=-3 Y=-3 Z=1 FlatVerts=402 SlopeVerts=492
[+00:54:54.226] VoxelMesh: Chunk X=0 Y=0 Z=0 FlatVerts=2568 SlopeVerts=11586
[+00:54:54.229] VoxelChunk: GenerateAsync (-2,-3,0)
[+00:54:54.230] VoxelMesh: Chunk X=-2 Y=-3 Z=0 FlatVerts=0 SlopeVerts=72
[+00:54:54.232] VoxelMesh: Chunk X=0 Y=0 Z=0 FlatVerts=1410 SlopeVerts=22008
[+00:54:54.234] VoxelChunk: GenerateAsync (-2,-3,1)
[+00:54:54.235] VoxelMesh: Chunk X=-2 Y=-3 Z=1 FlatVerts=258 SlopeVerts=3516
[+00:54:54.249] VoxelMesh: Chunk X=0 Y=0 Z=0 FlatVerts=534 SlopeVerts=23796
[+00:54:54.251] VoxelChunk: GenerateAsync (-1,-3,1)
[+00:54:54.252] VoxelMesh: Chunk X=-1 Y=-3 Z=1 FlatVerts=0 SlopeVerts=210
[+00:54:54.256] VoxelMesh: Chunk X=0 Y=0 Z=0 FlatVerts=336 SlopeVerts=5088
[+00:54:54.257] VoxelChunk: GenerateAsync (-1,-3,0)
[+00:54:54.263] VoxelMesh: Chunk X=0 Y=0 Z=0 FlatVerts=54 SlopeVerts=888
[+00:54:54.263] VoxelChunk: GenerateAsync (3,0,-1)
[+00:54:54.269] VoxelChunk: GenerateAsync (3,-3,-1)
[+00:54:54.281] VoxelWater: Chunk X=-3 Y=0 Z=2 emitted 12 procedural water vertices (Ocean/Pools)
[+00:54:54.281] VoxelWater: Chunk X=2 Y=-3 Z=2 emitted 20 procedural water vertices (Ocean/Pools)
[+00:54:54.281] VoxelWater: Chunk X=1 Y=-3 Z=2 emitted 48 procedural water vertices (Ocean/Pools)
[+00:54:54.281] VoxelWater: Chunk X=-3 Y=1 Z=0 emitted 52 procedural water vertices (Ocean/Pools)
[+00:54:54.281] VoxelWater: Chunk X=-2 Y=-3 Z=2 emitted 16 procedural water vertices (Ocean/Pools)
[+00:54:54.281] VoxelWater: Chunk X=-2 Y=-3 Z=1 emitted 24 procedural water vertices (Ocean/Pools)
[+00:54:54.281] VoxelWater: Chunk X=-3 Y=-3 Z=2 emitted 12 procedural water vertices (Ocean/Pools)
[+00:54:54.281] VoxelWater: Chunk X=3 Y=3 Z=1 emitted 16 procedural water vertices (Ocean/Pools)
[+00:54:54.281] VoxelWater: Chunk X=1 Y=3 Z=1 emitted 68 procedural water vertices (Ocean/Pools)
[+00:54:54.281] VoxelWater: Chunk X=-3 Y=3 Z=1 emitted 68 procedural water vertices (Ocean/Pools)
[+00:54:54.281] VoxelWater: Chunk X=2 Y=2 Z=1 emitted 44 procedural water vertices (Ocean/Pools)
[+00:54:54.281] VoxelWater: Chunk X=3 Y=2 Z=1 emitted 36 procedural water vertices (Ocean/Pools)
[+00:54:54.282] VoxelWater: Chunk X=-3 Y=0 Z=0 emitted 16 procedural water vertices (Ocean/Pools)
[+00:54:54.282] VoxelWater: Chunk X=-2 Y=2 Z=1 emitted 12 procedural water vertices (Ocean/Pools)
[+00:54:54.282] VoxelWater: Chunk X=-3 Y=2 Z=1 emitted 36 procedural water vertices (Ocean/Pools)
[+00:54:54.282] VoxelWater: Chunk X=1 Y=2 Z=0 emitted 20 procedural water vertices (Ocean/Pools)
[+00:54:54.282] VoxelWater: Chunk X=0 Y=2 Z=0 emitted 24 procedural water vertices (Ocean/Pools)
[+00:54:54.282] VoxelWater: Chunk X=-1 Y=2 Z=0 emitted 20 procedural water vertices (Ocean/Pools)
[+00:54:54.282] VoxelWater: Chunk X=1 Y=-1 Z=2 emitted 40 procedural water vertices (Ocean/Pools)
[+00:54:54.282] VoxelWater: Chunk X=0 Y=-2 Z=2 emitted 16 procedural water vertices (Ocean/Pools)
[+00:54:54.282] VoxelWater: Chunk X=-1 Y=-2 Z=2 emitted 24 procedural water vertices (Ocean/Pools)
[+00:54:54.282] VoxelWater: Chunk X=-2 Y=0 Z=0 emitted 96 procedural water vertices (Ocean/Pools)
[+00:54:54.282] VoxelWater: Chunk X=-2 Y=-1 Z=0 emitted 24 procedural water vertices (Ocean/Pools)
[+00:54:54.282] VoxelWater: Chunk X=0 Y=2 Z=1 emitted 24 procedural water vertices (Ocean/Pools)
[+00:54:54.282] VoxelWater: Chunk X=-2 Y=0 Z=1 emitted 28 procedural water vertices (Ocean/Pools)
[+00:54:54.282] VoxelWater: Chunk X=4 Y=-26 Z=2 emitted 12 procedural water vertices (Ocean/Pools)
[+00:54:54.282] VoxelWater: Chunk X=4 Y=-25 Z=3 emitted 52 procedural water vertices (Ocean/Pools)
[+00:54:54.282] VoxelWater: Chunk X=4 Y=-25 Z=2 emitted 64 procedural water vertices (Ocean/Pools)
[+00:54:54.282] VoxelWater: Chunk X=5 Y=-25 Z=3 emitted 132 procedural water vertices (Ocean/Pools)
[+00:54:54.282] VoxelWater: Chunk X=5 Y=-25 Z=2 emitted 16 procedural water vertices (Ocean/Pools)
[+00:54:54.282] VoxelWater: Chunk X=4 Y=-24 Z=3 emitted 40 procedural water vertices (Ocean/Pools)
[+00:54:54.282] VoxelWater: Chunk X=4 Y=-24 Z=2 emitted 56 procedural water vertices (Ocean/Pools)
[+00:54:54.282] VoxelWater: Chunk X=5 Y=-24 Z=2 emitted 40 procedural water vertices (Ocean/Pools)
[+00:54:54.282] VoxelWater: Chunk X=5 Y=-24 Z=3 emitted 24 procedural water vertices (Ocean/Pools)
[+00:54:54.282] VoxelWater: Chunk X=6 Y=-24 Z=3 emitted 84 procedural water vertices (Ocean/Pools)
[+00:54:54.282] VoxelWater: Chunk X=6 Y=-26 Z=3 emitted 16 procedural water vertices (Ocean/Pools)
[+00:54:54.282] VoxelWater: Chunk X=6 Y=-25 Z=3 emitted 96 procedural water vertices (Ocean/Pools)
[+00:54:54.282] VoxelWater: Chunk X=6 Y=-26 Z=2 emitted 32 procedural water vertices (Ocean/Pools)
[+00:54:54.282] VoxelWater: Chunk X=6 Y=-24 Z=2 emitted 52 procedural water vertices (Ocean/Pools)
[+00:54:54.282] VoxelWater: Chunk X=-2 Y=-2 Z=0 emitted 20 procedural water vertices (Ocean/Pools)
[+00:54:54.282] VoxelWater: Chunk X=2 Y=-2 Z=1 emitted 44 procedural water vertices (Ocean/Pools)
[+00:54:54.282] VoxelWater: Chunk X=1 Y=2 Z=1 emitted 48 procedural water vertices (Ocean/Pools)
[+00:54:54.282] VoxelWater: Chunk X=-2 Y=-1 Z=1 emitted 36 procedural water vertices (Ocean/Pools)
[+00:54:54.282] VoxelWater: Chunk X=-1 Y=2 Z=1 emitted 12 procedural water vertices (Ocean/Pools)
[+00:54:54.282] VoxelWater: Chunk X=0 Y=-1 Z=2 emitted 52 procedural water vertices (Ocean/Pools)
[+00:54:54.282] VoxelWater: Chunk X=-2 Y=-2 Z=2 emitted 20 procedural water vertices (Ocean/Pools)
[+00:54:54.282] VoxelWater: Chunk X=-3 Y=-3 Z=1 emitted 8 procedural water vertices (Ocean/Pools)
[+00:54:54.295] VoxelMesh: Chunk X=0 Y=0 Z=0 FlatVerts=84 SlopeVerts=12252
[+00:54:54.296] VoxelChunk: GenerateAsync (0,-3,1)
[+00:54:54.301] VoxelMesh: Chunk X=0 Y=0 Z=0 FlatVerts=48 SlopeVerts=3636
[+00:54:54.302] VoxelChunk: GenerateAsync (1,-3,1)
[+00:54:54.306] VoxelMesh: Chunk X=1 Y=-3 Z=1 FlatVerts=6 SlopeVerts=1296
[+00:54:54.306] VoxelMesh: Chunk X=0 Y=0 Z=0 FlatVerts=48 SlopeVerts=1338
[+00:54:54.307] VoxelChunk: GenerateAsync (0,-3,0)
[+00:54:54.312] VoxelMesh: Chunk X=0 Y=0 Z=0 FlatVerts=54 SlopeVerts=4992
[+00:54:54.313] VoxelChunk: GenerateAsync (2,-3,1)
[+00:54:54.313] VoxelMesh: Chunk X=2 Y=-3 Z=1 FlatVerts=1230 SlopeVerts=1440
[+00:54:54.326] VoxelMesh: Chunk X=0 Y=0 Z=0 FlatVerts=78 SlopeVerts=5994
[+00:54:54.326] VoxelChunk: GenerateAsync (3,-3,1)
[+00:54:54.327] VoxelMesh: Chunk X=3 Y=-3 Z=1 FlatVerts=2094 SlopeVerts=822
[+00:54:54.332] VoxelMesh: Chunk X=0 Y=0 Z=0 FlatVerts=36 SlopeVerts=240
[+00:54:54.333] VoxelChunk: GenerateAsync (1,-3,0)
[+00:54:54.334] VoxelMesh: Chunk X=1 Y=-3 Z=0 FlatVerts=0 SlopeVerts=36
[+00:54:54.335] VoxelMesh: Chunk X=0 Y=0 Z=0 FlatVerts=8892 SlopeVerts=1518
[+00:54:54.337] VoxelChunk: GenerateAsync (-3,1,-1)
[+00:54:54.339] VoxelMesh: Chunk X=0 Y=0 Z=0 FlatVerts=1728 SlopeVerts=9846
[+00:54:54.339] VoxelChunk: GenerateAsync (-3,-2,1)
[+00:54:54.341] VoxelMesh: Chunk X=-3 Y=-2 Z=1 FlatVerts=66 SlopeVerts=1860
[+00:54:54.355] VoxelMesh: Chunk X=0 Y=0 Z=0 FlatVerts=0 SlopeVerts=672
[+00:54:54.356] VoxelChunk: GenerateAsync (2,-3,0)
[+00:54:54.359] VoxelMesh: Chunk X=2 Y=-3 Z=0 FlatVerts=0 SlopeVerts=0
[+00:54:54.362] VoxelMesh: Chunk X=0 Y=0 Z=0 FlatVerts=0 SlopeVerts=672
[+00:54:54.362] VoxelChunk: GenerateAsync (3,-3,0)
[+00:54:54.367] VoxelMesh: Chunk X=0 Y=0 Z=0 FlatVerts=0 SlopeVerts=12
[+00:54:54.367] VoxelChunk: GenerateAsync (-1,-3,-1)
[+00:54:54.370] VoxelMesh: Chunk X=0 Y=0 Z=0 FlatVerts=5904 SlopeVerts=10278
[+00:54:54.371] VoxelChunk: GenerateAsync (-3,-2,0)
[+00:54:54.373] VoxelMesh: Chunk X=-3 Y=-2 Z=0 FlatVerts=0 SlopeVerts=0
[+00:54:54.387] VoxelChunk: GenerateAsync (6,-24,2)
[+00:54:54.387] VoxelMesh: Chunk X=6 Y=-24 Z=2 FlatVerts=0 SlopeVerts=696
[+00:54:54.387] VoxelMesh: Chunk X=-3 Y=-2 Z=0 FlatVerts=3162 SlopeVerts=444
[+00:54:54.388] VoxelChunk: GenerateAsync (-2,3,1)
[+00:54:54.389] VoxelMesh: Chunk X=-1 Y=-3 Z=-1 FlatVerts=2580 SlopeVerts=1326
[+00:54:54.389] VoxelMesh: Chunk X=-2 Y=3 Z=1 FlatVerts=3162 SlopeVerts=444
[+00:54:54.389] VoxelChunk: GenerateAsync (-1,3,1)
[+00:54:54.389] VoxelMesh: Chunk X=3 Y=-3 Z=0 FlatVerts=2550 SlopeVerts=1062
[+00:54:54.390] VoxelMesh: Chunk X=-1 Y=3 Z=1 FlatVerts=2580 SlopeVerts=1326
[+00:54:54.391] VoxelChunk: GenerateAsync (0,3,1)
[+00:54:54.391] VoxelMesh: Chunk X=0 Y=3 Z=1 FlatVerts=2550 SlopeVerts=1062
[+00:54:54.391] VoxelMesh: Chunk X=2 Y=-3 Z=0 FlatVerts=2880 SlopeVerts=462
[+00:54:54.393] VoxelChunk: GenerateAsync (3,-2,1)
[+00:54:54.393] VoxelMesh: Chunk X=3 Y=-2 Z=1 FlatVerts=2880 SlopeVerts=462
[+00:54:54.404] VoxelMesh: Chunk X=-3 Y=-2 Z=1 FlatVerts=2658 SlopeVerts=114
[+00:54:54.405] VoxelChunk: GenerateAsync (2,3,1)
[+00:54:54.406] VoxelMesh: Chunk X=2 Y=3 Z=1 FlatVerts=2658 SlopeVerts=114
[+00:54:54.406] VoxelMesh: Chunk X=-3 Y=1 Z=-1 FlatVerts=348 SlopeVerts=3222
[+00:54:54.407] VoxelChunk: GenerateAsync (-3,-1,1)
[+00:54:54.408] VoxelChunk: GenerateAsync (0,3,-2)
[+00:54:54.408] VoxelMesh: Chunk X=-3 Y=-1 Z=1 FlatVerts=348 SlopeVerts=3222
[+00:54:54.410] VoxelChunk: GenerateAsync (3,-1,-2)
[+00:54:54.419] VoxelMesh: Chunk X=2 Y=-3 Z=1 FlatVerts=0 SlopeVerts=1782
[+00:54:54.419] VoxelChunk: GenerateAsync (-1,-3,2)
[+00:54:54.419] VoxelMesh: Chunk X=0 Y=-3 Z=0 FlatVerts=0 SlopeVerts=0
[+00:54:54.419] VoxelChunk: GenerateAsync (0,-3,2)
[+00:54:54.419] VoxelMesh: Chunk X=-1 Y=-3 Z=2 FlatVerts=0 SlopeVerts=1782
[+00:54:54.421] VoxelMesh: Chunk X=0 Y=-3 Z=2 FlatVerts=0 SlopeVerts=0
[+00:54:54.421] VoxelChunk: GenerateAsync (-3,-1,-2)
[+00:54:54.423] VoxelChunk: GenerateAsync (3,-2,-2)
[+00:54:54.431] VoxelMesh: Chunk X=3 Y=-3 Z=-1 FlatVerts=12 SlopeVerts=258
[+00:54:54.431] VoxelChunk: GenerateAsync (3,-3,2)
[+00:54:54.431] VoxelMesh: Chunk X=3 Y=-3 Z=2 FlatVerts=12 SlopeVerts=258
[+00:54:54.432] VoxelMesh: Chunk X=3 Y=0 Z=-1 FlatVerts=348 SlopeVerts=5382
[+00:54:54.432] VoxelChunk: GenerateAsync (-3,-2,2)
[+00:54:54.433] VoxelMesh: Chunk X=-3 Y=-2 Z=2 FlatVerts=348 SlopeVerts=5382
[+00:54:54.433] VoxelChunk: GenerateAsync (-1,3,-2)
[+00:54:54.435] VoxelChunk: GenerateAsync (-2,-3,-1)
[+00:54:54.444] VoxelMesh: Chunk X=-2 Y=-3 Z=1 FlatVerts=2628 SlopeVerts=1218
[+00:54:54.445] VoxelChunk: GenerateAsync (3,-1,1)
[+00:54:54.445] VoxelMesh: Chunk X=3 Y=-1 Z=1 FlatVerts=2628 SlopeVerts=1218
[+00:54:54.446] VoxelMesh: Chunk X=-2 Y=-3 Z=0 FlatVerts=348 SlopeVerts=4692
[+00:54:54.446] VoxelChunk: GenerateAsync (-3,0,1)
[+00:54:54.447] VoxelMesh: Chunk X=-3 Y=0 Z=1 FlatVerts=348 SlopeVerts=4692
[+00:54:54.447] VoxelChunk: GenerateAsync (-2,3,-2)
[+00:54:54.448] VoxelChunk: GenerateAsync (-3,-2,-2)
[+00:54:54.457] VoxelMesh: Chunk X=-3 Y=-3 Z=0 FlatVerts=84 SlopeVerts=1614
[+00:54:54.457] VoxelChunk: GenerateAsync (-3,-1,2)
[+00:54:54.459] VoxelMesh: Chunk X=-3 Y=-1 Z=2 FlatVerts=84 SlopeVerts=1614
[+00:54:54.459] VoxelChunk: GenerateAsync (3,-3,-2)
[+00:54:54.459] VoxelChunk: GenerateAsync (3,-2,0)
[+00:54:54.461] VoxelChunk: GenerateAsync (2,-3,-2)
[+00:54:54.466] VoxelWater: Chunk X=4 Y=-26 Z=2 emitted 20 procedural water vertices (Ocean/Pools)
[+00:54:54.466] VoxelWater: Chunk X=4 Y=-25 Z=3 emitted 56 procedural water vertices (Ocean/Pools)
[+00:54:54.466] VoxelWater: Chunk X=4 Y=-25 Z=2 emitted 76 procedural water vertices (Ocean/Pools)
[+00:54:54.466] VoxelWater: Chunk X=5 Y=-25 Z=3 emitted 160 procedural water vertices (Ocean/Pools)
[+00:54:54.466] VoxelWater: Chunk X=5 Y=-25 Z=2 emitted 20 procedural water vertices (Ocean/Pools)
[+00:54:54.466] VoxelWater: Chunk X=4 Y=-24 Z=3 emitted 48 procedural water vertices (Ocean/Pools)
[+00:54:54.466] VoxelWater: Chunk X=4 Y=-24 Z=2 emitted 64 procedural water vertices (Ocean/Pools)
[+00:54:54.466] VoxelWater: Chunk X=5 Y=-24 Z=2 emitted 60 procedural water vertices (Ocean/Pools)
[+00:54:54.467] VoxelWater: Chunk X=5 Y=-24 Z=3 emitted 28 procedural water vertices (Ocean/Pools)
[+00:54:54.467] VoxelWater: Chunk X=6 Y=-24 Z=3 emitted 88 procedural water vertices (Ocean/Pools)
[+00:54:54.467] VoxelWater: Chunk X=6 Y=-24 Z=2 emitted 84 procedural water vertices (Ocean/Pools)
[+00:54:54.467] VoxelWater: Chunk X=6 Y=-26 Z=3 emitted 16 procedural water vertices (Ocean/Pools)
[+00:54:54.467] VoxelWater: Chunk X=6 Y=-25 Z=3 emitted 100 procedural water vertices (Ocean/Pools)
[+00:54:54.467] VoxelWater: Chunk X=6 Y=-26 Z=2 emitted 32 procedural water vertices (Ocean/Pools)
[+00:54:54.467] VoxelWater: Chunk X=-3 Y=-1 Z=2 emitted 20 procedural water vertices (Ocean/Pools)
[+00:54:54.467] VoxelWater: Chunk X=-3 Y=0 Z=1 emitted 88 procedural water vertices (Ocean/Pools)
[+00:54:54.467] VoxelWater: Chunk X=3 Y=-1 Z=1 emitted 52 procedural water vertices (Ocean/Pools)
[+00:54:54.467] VoxelWater: Chunk X=-3 Y=-2 Z=2 emitted 32 procedural water vertices (Ocean/Pools)
[+00:54:54.467] VoxelWater: Chunk X=-1 Y=-3 Z=2 emitted 72 procedural water vertices (Ocean/Pools)
[+00:54:54.467] VoxelWater: Chunk X=-3 Y=-1 Z=1 emitted 40 procedural water vertices (Ocean/Pools)
[+00:54:54.467] VoxelWater: Chunk X=3 Y=-2 Z=1 emitted 56 procedural water vertices (Ocean/Pools)
[+00:54:54.467] VoxelWater: Chunk X=0 Y=3 Z=1 emitted 24 procedural water vertices (Ocean/Pools)
[+00:54:54.467] VoxelWater: Chunk X=-1 Y=3 Z=1 emitted 24 procedural water vertices (Ocean/Pools)
[+00:54:54.467] VoxelWater: Chunk X=-2 Y=3 Z=1 emitted 72 procedural water vertices (Ocean/Pools)
[+00:54:54.473] VoxelMesh: Chunk X=-1 Y=3 Z=0 FlatVerts=438 SlopeVerts=294
[+00:54:54.475] VoxelChunk: GenerateAsync (-3,-1,0)
[+00:54:54.476] VoxelChunk: GenerateAsync (-3,-3,-1)
[+00:54:54.476] VoxelMesh: Chunk X=-3 Y=-1 Z=0 FlatVerts=438 SlopeVerts=294
[+00:54:54.476] VoxelMesh: Chunk X=1 Y=3 Z=-2 FlatVerts=18 SlopeVerts=6
[+00:54:54.477] VoxelChunk: GenerateAsync (3,-1,2)
[+00:54:54.477] VoxelMesh: Chunk X=2 Y=3 Z=-1 FlatVerts=2682 SlopeVerts=1044
[+00:54:54.477] VoxelMesh: Chunk X=3 Y=-1 Z=2 FlatVerts=18 SlopeVerts=6
[+00:54:54.478] VoxelChunk: GenerateAsync (3,0,1)
[+00:54:54.479] VoxelMesh: Chunk X=3 Y=0 Z=1 FlatVerts=2682 SlopeVerts=1044
[+00:54:54.487] VoxelMesh: Chunk X=-2 Y=3 Z=0 FlatVerts=408 SlopeVerts=3600
[+00:54:54.487] VoxelChunk: GenerateAsync (-3,1,1)
[+00:54:54.487] VoxelMesh: Chunk X=-3 Y=1 Z=1 FlatVerts=408 SlopeVerts=3600
[+00:54:54.487] VoxelChunk: GenerateAsync (1,-3,-2)
[+00:54:54.490] VoxelChunk: GenerateAsync (-3,3,-2)
[+00:54:54.491] VoxelChunk: GenerateAsync (3,1,-1)
[+00:54:54.500] VoxelChunk: GenerateAsync (0,-3,-2)
[+00:54:54.502] VoxelChunk: GenerateAsync (-1,-3,-2)
[+00:54:54.502] VoxelMesh: Chunk X=0 Y=3 Z=-1 FlatVerts=90 SlopeVerts=780
[+00:54:54.502] VoxelChunk: GenerateAsync (-3,1,2)
[+00:54:54.504] VoxelChunk: GenerateAsync (3,2,-2)
[+00:54:54.504] VoxelMesh: Chunk X=-3 Y=1 Z=2 FlatVerts=90 SlopeVerts=780
[+00:54:54.512] VoxelMesh: Chunk X=-1 Y=2 Z=-1 FlatVerts=2784 SlopeVerts=624
[+00:54:54.513] VoxelChunk: GenerateAsync (3,1,1)
[+00:54:54.514] VoxelMesh: Chunk X=3 Y=1 Z=1 FlatVerts=2784 SlopeVerts=624
[+00:54:54.514] VoxelChunk: GenerateAsync (-3,2,-2)
[+00:54:54.515] VoxelChunk: GenerateAsync (-3,2,-1)
[+00:54:54.517] VoxelChunk: GenerateAsync (-3,-2,-1)
[+00:54:54.526] VoxelChunk: GenerateAsync (1,-3,-1)
[+00:54:54.527] VoxelMesh: Chunk X=0 Y=0 Z=2 FlatVerts=156 SlopeVerts=534
[+00:54:54.527] VoxelChunk: GenerateAsync (3,1,2)
[+00:54:54.527] VoxelMesh: Chunk X=-1 Y=1 Z=2 FlatVerts=78 SlopeVerts=426
[+00:54:54.527] VoxelMesh: Chunk X=3 Y=1 Z=2 FlatVerts=156 SlopeVerts=534
[+00:54:54.527] VoxelChunk: GenerateAsync (-3,2,2)
[+00:54:54.529] VoxelMesh: Chunk X=-3 Y=2 Z=2 FlatVerts=78 SlopeVerts=426
[+00:54:54.529] VoxelChunk: GenerateAsync (0,-3,-1)
[+00:54:54.538] VoxelChunk: GenerateAsync (0,3,0)
[+00:54:54.538] VoxelChunk: GenerateAsync (1,3,0)
[+00:54:54.539] VoxelChunk: GenerateAsync (3,-1,0)
[+00:54:54.540] VoxelChunk: GenerateAsync (-3,-3,-2)
[+00:54:54.549] VoxelMesh: Chunk X=-2 Y=-1 Z=0 FlatVerts=252 SlopeVerts=2064
[+00:54:54.549] VoxelChunk: GenerateAsync (3,2,2)
[+00:54:54.550] VoxelChunk: GenerateAsync (-3,3,2)
[+00:54:54.550] VoxelMesh: Chunk X=3 Y=2 Z=2 FlatVerts=252 SlopeVerts=2064
[+00:54:54.551] VoxelMesh: Chunk X=1 Y=2 Z=1 FlatVerts=0 SlopeVerts=0
[+00:54:54.551] VoxelChunk: GenerateAsync (-2,3,2)
[+00:54:54.552] VoxelChunk: GenerateAsync (-1,3,2)
[+00:54:54.552] VoxelMesh: Chunk X=-2 Y=3 Z=2 FlatVerts=0 SlopeVerts=0
[+00:54:54.559] VoxelChunk: GenerateAsync (0,3,2)
[+00:54:54.559] VoxelChunk: GenerateAsync (1,3,2)
[+00:54:54.560] VoxelChunk: GenerateAsync (2,3,2)
[+00:54:54.560] VoxelMesh: Chunk X=-2 Y=0 Z=1 FlatVerts=270 SlopeVerts=2352
[+00:54:54.560] VoxelChunk: GenerateAsync (3,3,2)
[+00:54:54.561] VoxelMesh: Chunk X=3 Y=3 Z=2 FlatVerts=270 SlopeVerts=2352
[+00:54:54.569] VoxelChunk: GenerateAsync (5,-25,0)
[+00:54:54.571] VoxelChunk: GenerateAsync (5,-25,-2)
[+00:54:54.572] VoxelChunk: GenerateAsync (4,-25,0)
[+00:54:54.573] VoxelChunk: GenerateAsync (5,-24,0)
[+00:54:54.582] VoxelChunk: GenerateAsync (6,-25,-2)
[+00:54:54.583] VoxelChunk: GenerateAsync (4,-25,-2)
[+00:54:54.586] VoxelChunk: GenerateAsync (6,-25,0)
[+00:54:54.587] VoxelChunk: GenerateAsync (5,-26,-2)
[+00:54:54.595] VoxelChunk: GenerateAsync (5,-24,-2)
[+00:54:54.595] VoxelChunk: GenerateAsync (5,-26,0)
[+00:54:54.597] VoxelChunk: GenerateAsync (6,-24,0)
[+00:54:54.598] VoxelChunk: GenerateAsync (4,-24,-2)
[+00:54:54.605] VoxelChunk: GenerateAsync (6,-26,0)
[+00:54:54.606] VoxelChunk: GenerateAsync (6,-24,-2)
[+00:54:54.607] VoxelChunk: GenerateAsync (4,-26,0)
[+00:54:54.609] VoxelChunk: GenerateAsync (4,-26,-2)
[+00:54:54.617] VoxelChunk: GenerateAsync (6,-26,-2)
[+00:54:54.618] VoxelChunk: GenerateAsync (4,-24,0)
[+00:54:54.619] VoxelChunk: GenerateAsync (5,-27,-1)
[+00:54:54.621] VoxelChunk: GenerateAsync (5,-23,-1)
[+00:54:54.630] VoxelChunk: GenerateAsync (7,-25,-1)
[+00:54:54.632] VoxelMesh: Chunk X=2 Y=2 Z=1 FlatVerts=48 SlopeVerts=534
[+00:54:54.632] VoxelChunk: GenerateAsync (5,-25,1)
[+00:54:54.634] VoxelMesh: Chunk X=5 Y=-25 Z=1 FlatVerts=48 SlopeVerts=534
[+00:54:54.634] VoxelChunk: GenerateAsync (3,-25,-1)
[+00:54:54.635] VoxelChunk: GenerateAsync (5,-25,-3)
[+00:54:54.643] VoxelChunk: GenerateAsync (7,-26,-1)
[+00:54:54.645] VoxelChunk: GenerateAsync (6,-25,-3)
[+00:54:54.646] VoxelChunk: GenerateAsync (6,-23,-1)
[+00:54:54.647] VoxelChunk: GenerateAsync (5,-26,-3)
[+00:54:54.655] VoxelChunk: GenerateAsync (6,-25,1)
[+00:54:54.657] VoxelChunk: GenerateAsync (4,-23,-1)
[+00:54:54.659] VoxelChunk: GenerateAsync (3,-24,-1)
[+00:54:54.661] VoxelMesh: Chunk X=3 Y=-1 Z=-1 FlatVerts=72 SlopeVerts=570
[+00:54:54.661] VoxelChunk: GenerateAsync (4,-25,1)
[+00:54:54.662] VoxelMesh: Chunk X=4 Y=-25 Z=1 FlatVerts=72 SlopeVerts=570
[+00:54:54.669] VoxelChunk: GenerateAsync (4,-27,-1)
[+00:54:54.669] VoxelChunk: GenerateAsync (6,-27,-1)
[+00:54:54.671] VoxelMesh: Chunk X=-2 Y=-3 Z=-2 FlatVerts=1758 SlopeVerts=924
[+00:54:54.671] VoxelChunk: GenerateAsync (5,-26,1)
[+00:54:54.672] VoxelMesh: Chunk X=5 Y=-26 Z=1 FlatVerts=1758 SlopeVerts=924
[+00:54:54.673] VoxelChunk: GenerateAsync (7,-24,-1)
[+00:54:54.685] VoxelWater: Chunk X=5 Y=-26 Z=1 emitted 36 procedural water vertices (Ocean/Pools)
[+00:54:54.685] VoxelWater: Chunk X=4 Y=-25 Z=1 emitted 28 procedural water vertices (Ocean/Pools)
[+00:54:54.685] VoxelWater: Chunk X=3 Y=3 Z=2 emitted 44 procedural water vertices (Ocean/Pools)
[+00:54:54.685] VoxelWater: Chunk X=4 Y=-26 Z=2 emitted 24 procedural water vertices (Ocean/Pools)
[+00:54:54.685] VoxelWater: Chunk X=4 Y=-25 Z=3 emitted 60 procedural water vertices (Ocean/Pools)
[+00:54:54.685] VoxelWater: Chunk X=4 Y=-25 Z=2 emitted 84 procedural water vertices (Ocean/Pools)
[+00:54:54.685] VoxelWater: Chunk X=5 Y=-25 Z=3 emitted 212 procedural water vertices (Ocean/Pools)
[+00:54:54.685] VoxelWater: Chunk X=5 Y=-25 Z=2 emitted 32 procedural water vertices (Ocean/Pools)
[+00:54:54.685] VoxelWater: Chunk X=4 Y=-24 Z=3 emitted 60 procedural water vertices (Ocean/Pools)
[+00:54:54.685] VoxelWater: Chunk X=4 Y=-24 Z=2 emitted 68 procedural water vertices (Ocean/Pools)
[+00:54:54.685] VoxelWater: Chunk X=5 Y=-24 Z=2 emitted 80 procedural water vertices (Ocean/Pools)
[+00:54:54.685] VoxelWater: Chunk X=6 Y=-25 Z=3 emitted 140 procedural water vertices (Ocean/Pools)
[+00:54:54.685] VoxelWater: Chunk X=5 Y=-24 Z=3 emitted 36 procedural water vertices (Ocean/Pools)
[+00:54:54.686] VoxelWater: Chunk X=6 Y=-24 Z=3 emitted 108 procedural water vertices (Ocean/Pools)
[+00:54:54.686] VoxelWater: Chunk X=6 Y=-24 Z=2 emitted 80 procedural water vertices (Ocean/Pools)
[+00:54:54.686] VoxelWater: Chunk X=6 Y=-26 Z=3 emitted 16 procedural water vertices (Ocean/Pools)
[+00:54:54.686] VoxelWater: Chunk X=6 Y=-26 Z=2 emitted 44 procedural water vertices (Ocean/Pools)
[+00:54:54.686] VoxelWater: Chunk X=3 Y=2 Z=2 emitted 8 procedural water vertices (Ocean/Pools)
[+00:54:54.686] VoxelWater: Chunk X=3 Y=1 Z=2 emitted 12 procedural water vertices (Ocean/Pools)
[+00:54:54.686] VoxelWater: Chunk X=3 Y=1 Z=1 emitted 8 procedural water vertices (Ocean/Pools)
[+00:54:54.686] VoxelWater: Chunk X=-3 Y=1 Z=2 emitted 44 procedural water vertices (Ocean/Pools)
[+00:54:54.686] VoxelWater: Chunk X=-3 Y=1 Z=1 emitted 36 procedural water vertices (Ocean/Pools)
[+00:54:54.686] VoxelWater: Chunk X=3 Y=0 Z=1 emitted 36 procedural water vertices (Ocean/Pools)
[+00:54:54.686] VoxelWater: Chunk X=-3 Y=-1 Z=2 emitted 32 procedural water vertices (Ocean/Pools)
[+00:54:54.686] VoxelWater: Chunk X=-3 Y=0 Z=1 emitted 92 procedural water vertices (Ocean/Pools)
[+00:54:54.686] VoxelWater: Chunk X=3 Y=-1 Z=1 emitted 64 procedural water vertices (Ocean/Pools)
[+00:54:54.686] VoxelWater: Chunk X=-3 Y=-2 Z=2 emitted 36 procedural water vertices (Ocean/Pools)
[+00:54:54.686] VoxelWater: Chunk X=-1 Y=-3 Z=2 emitted 76 procedural water vertices (Ocean/Pools)
[+00:54:54.686] VoxelWater: Chunk X=-3 Y=-1 Z=1 emitted 40 procedural water vertices (Ocean/Pools)
[+00:54:54.686] VoxelWater: Chunk X=-3 Y=-1 Z=0 emitted 8 procedural water vertices (Ocean/Pools)
[+00:54:54.686] VoxelWater: Chunk X=3 Y=-2 Z=1 emitted 84 procedural water vertices (Ocean/Pools)
[+00:54:54.686] VoxelWater: Chunk X=0 Y=3 Z=1 emitted 36 procedural water vertices (Ocean/Pools)
[+00:54:54.686] VoxelWater: Chunk X=-1 Y=3 Z=1 emitted 24 procedural water vertices (Ocean/Pools)
[+00:54:54.686] VoxelWater: Chunk X=-2 Y=3 Z=1 emitted 92 procedural water vertices (Ocean/Pools)
[+00:54:54.695] VoxelMesh: Chunk X=-3 Y=-3 Z=2 FlatVerts=588 SlopeVerts=1134
[+00:54:54.695] VoxelChunk: GenerateAsync (5,-24,1)
[+00:54:54.695] VoxelMesh: Chunk X=5 Y=-24 Z=1 FlatVerts=588 SlopeVerts=1134
[+00:54:54.696] VoxelChunk: GenerateAsync (3,-26,-1)
[+00:54:54.697] VoxelChunk: GenerateAsync (7,-25,-2)
[+00:54:54.698] VoxelChunk: GenerateAsync (5,-27,0)
[+00:54:54.707] VoxelChunk: GenerateAsync (5,-23,-2)
[+00:54:54.709] VoxelChunk: GenerateAsync (4,-25,-3)
[+00:54:54.709] VoxelChunk: GenerateAsync (3,-25,-2)
[+00:54:54.712] VoxelChunk: GenerateAsync (5,-24,-3)
[+00:54:54.719] VoxelChunk: GenerateAsync (5,-23,0)
[+00:54:54.719] VoxelChunk: GenerateAsync (3,-25,0)
[+00:54:54.721] VoxelChunk: GenerateAsync (7,-25,0)
[+00:54:54.722] VoxelChunk: GenerateAsync (5,-27,-2)
[+00:54:54.732] VoxelChunk: GenerateAsync (7,-24,0)
[+00:54:54.733] VoxelMesh: Chunk X=3 Y=1 Z=0 FlatVerts=1920 SlopeVerts=726
[+00:54:54.733] VoxelChunk: GenerateAsync (4,-26,1)
[+00:54:54.734] VoxelMesh: Chunk X=4 Y=-26 Z=1 FlatVerts=1920 SlopeVerts=726
[+00:54:54.735] VoxelChunk: GenerateAsync (4,-23,0)
[+00:54:54.736] VoxelChunk: GenerateAsync (6,-24,-3)
[+00:54:54.744] VoxelChunk: GenerateAsync (6,-23,0)
[+00:54:54.745] VoxelChunk: GenerateAsync (3,-24,0)
[+00:54:54.746] VoxelMesh: Chunk X=-3 Y=0 Z=2 FlatVerts=1038 SlopeVerts=1020
[+00:54:54.746] VoxelChunk: GenerateAsync (6,-26,1)
[+00:54:54.747] VoxelMesh: Chunk X=-1 Y=3 Z=-1 FlatVerts=78 SlopeVerts=402
[+00:54:54.748] VoxelChunk: GenerateAsync (4,-24,1)
[+00:54:54.748] VoxelMesh: Chunk X=6 Y=-26 Z=1 FlatVerts=1038 SlopeVerts=1020
[+00:54:54.748] VoxelMesh: Chunk X=4 Y=-24 Z=1 FlatVerts=78 SlopeVerts=402
[+00:54:54.758] VoxelMesh: Chunk X=0 Y=0 Z=0 FlatVerts=4398 SlopeVerts=11712
[+00:54:54.759] VoxelChunk: GenerateAsync (6,-24,1)
[+00:54:54.761] VoxelMesh: Chunk X=6 Y=-24 Z=1 FlatVerts=462 SlopeVerts=1110
[+00:54:54.766] VoxelChunk: GenerateAsync (6,-26,-3)
[+00:54:54.771] VoxelChunk: GenerateAsync (4,-27,-2)
[+00:54:54.776] VoxelChunk: GenerateAsync (4,-26,-3)
[+00:54:54.789] VoxelChunk: GenerateAsync (4,-24,-3)
[+00:54:54.796] VoxelChunk: GenerateAsync (6,-27,-2)
[+00:54:54.801] VoxelChunk: GenerateAsync (7,-24,-2)
[+00:54:54.806] VoxelChunk: GenerateAsync (7,-26,-2)
[+00:54:54.820] VoxelChunk: GenerateAsync (3,-26,-2)
[+00:54:54.825] VoxelMesh: Chunk X=0 Y=0 Z=0 FlatVerts=540 SlopeVerts=1020
[+00:54:54.825] VoxelChunk: GenerateAsync (7,-26,0)
[+00:54:54.827] VoxelMesh: Chunk X=0 Y=0 Z=0 FlatVerts=6024 SlopeVerts=2208
[+00:54:54.828] VoxelChunk: GenerateAsync (4,-27,0)
[+00:54:54.831] VoxelMesh: Chunk X=0 Y=0 Z=0 FlatVerts=5670 SlopeVerts=1758
[+00:54:54.832] VoxelChunk: GenerateAsync (6,-27,0)
[+00:54:54.845] VoxelChunk: GenerateAsync (4,-23,-2)
[+00:54:54.850] VoxelChunk: GenerateAsync (3,-24,-2)
[+00:54:54.853] VoxelMesh: Chunk X=0 Y=0 Z=0 FlatVerts=7248 SlopeVerts=840
[+00:54:54.853] VoxelChunk: GenerateAsync (3,-26,0)
[+00:54:54.859] VoxelChunk: GenerateAsync (6,-23,-2)
[+00:54:54.868] VoxelMesh: Chunk X=0 Y=0 Z=0 FlatVerts=6774 SlopeVerts=2268
[+00:54:54.869] VoxelChunk: GenerateAsync (5,-27,1)
[+00:54:54.870] VoxelMesh: Chunk X=5 Y=-27 Z=1 FlatVerts=876 SlopeVerts=1362
[+00:54:54.872] VoxelMesh: Chunk X=0 Y=0 Z=0 FlatVerts=7842 SlopeVerts=1500
[+00:54:54.875] VoxelChunk: GenerateAsync (5,-23,1)
[+00:54:54.875] VoxelMesh: Chunk X=5 Y=-23 Z=1 FlatVerts=1278 SlopeVerts=1290
[+00:54:54.879] VoxelChunk: GenerateAsync (7,-27,-1)
[+00:54:54.884] VoxelChunk: GenerateAsync (5,-23,-3)
[+00:54:54.896] VoxelChunk: GenerateAsync (4,-26,2)
[+00:54:54.896] VoxelChunk: GenerateAsync (4,-25,2)
[+00:54:54.896] VoxelChunk: GenerateAsync (4,-24,2)
[+00:54:54.896] VoxelChunk: GenerateAsync (5,-26,2)
[+00:54:54.896] VoxelChunk: GenerateAsync (5,-25,2)
[+00:54:54.896] VoxelChunk: GenerateAsync (5,-24,2)
[+00:54:54.896] VoxelChunk: GenerateAsync (6,-26,2)
[+00:54:54.896] VoxelChunk: GenerateAsync (6,-25,2)
[+00:54:54.896] VoxelChunk: GenerateAsync (5,-23,1)
[+00:54:54.896] VoxelMesh: Chunk X=4 Y=-26 Z=2 FlatVerts=30 SlopeVerts=138
[+00:54:54.896] VoxelMesh: Chunk X=5 Y=-26 Z=2 FlatVerts=0 SlopeVerts=102
[+00:54:54.896] VoxelMesh: Chunk X=4 Y=-25 Z=2 FlatVerts=6 SlopeVerts=630
[+00:54:54.896] VoxelMesh: Chunk X=4 Y=-24 Z=2 FlatVerts=24 SlopeVerts=606
[+00:54:54.896] VoxelMesh: Chunk X=5 Y=-25 Z=2 FlatVerts=54 SlopeVerts=660
[+00:54:54.896] VoxelMesh: Chunk X=5 Y=-24 Z=2 FlatVerts=66 SlopeVerts=612
[+00:54:54.896] VoxelMesh: Chunk X=6 Y=-26 Z=2 FlatVerts=0 SlopeVerts=582
[+00:54:54.897] VoxelMesh: Chunk X=5 Y=-23 Z=1 FlatVerts=336 SlopeVerts=270
[+00:54:54.897] VoxelMesh: Chunk X=6 Y=-25 Z=2 FlatVerts=0 SlopeVerts=12
[+00:54:54.897] VoxelChunk: GenerateAsync (5,-27,-3)
[+00:54:54.899] VoxelChunk: GenerateAsync (7,-25,1)
[+00:54:54.900] VoxelChunk: GenerateAsync (3,-25,1)
[+00:54:54.901] VoxelChunk: GenerateAsync (7,-23,-1)
[+00:54:54.912] VoxelWater: Chunk X=4 Y=-26 Z=1 emitted 68 procedural water vertices (Ocean/Pools)
[+00:54:54.912] VoxelWater: Chunk X=5 Y=-26 Z=1 emitted 52 procedural water vertices (Ocean/Pools)
[+00:54:54.912] VoxelWater: Chunk X=6 Y=-26 Z=1 emitted 8 procedural water vertices (Ocean/Pools)
[+00:54:54.912] VoxelWater: Chunk X=5 Y=-25 Z=1 emitted 4 procedural water vertices (Ocean/Pools)
[+00:54:54.912] VoxelWater: Chunk X=4 Y=-25 Z=1 emitted 40 procedural water vertices (Ocean/Pools)
[+00:54:54.912] VoxelWater: Chunk X=4 Y=-26 Z=2 emitted 24 procedural water vertices (Ocean/Pools)
[+00:54:54.912] VoxelWater: Chunk X=4 Y=-25 Z=2 emitted 124 procedural water vertices (Ocean/Pools)
[+00:54:54.912] VoxelWater: Chunk X=4 Y=-25 Z=3 emitted 56 procedural water vertices (Ocean/Pools)
[+00:54:54.912] VoxelWater: Chunk X=4 Y=-24 Z=3 emitted 76 procedural water vertices (Ocean/Pools)
[+00:54:54.912] VoxelWater: Chunk X=4 Y=-24 Z=2 emitted 52 procedural water vertices (Ocean/Pools)
[+00:54:54.912] VoxelWater: Chunk X=5 Y=-25 Z=2 emitted 172 procedural water vertices (Ocean/Pools)
[+00:54:54.913] VoxelWater: Chunk X=5 Y=-25 Z=3 emitted 168 procedural water vertices (Ocean/Pools)
[+00:54:54.913] VoxelWater: Chunk X=5 Y=-24 Z=2 emitted 120 procedural water vertices (Ocean/Pools)
[+00:54:54.913] VoxelWater: Chunk X=5 Y=-24 Z=3 emitted 20 procedural water vertices (Ocean/Pools)
[+00:54:54.913] VoxelWater: Chunk X=6 Y=-24 Z=3 emitted 112 procedural water vertices (Ocean/Pools)
[+00:54:54.913] VoxelWater: Chunk X=6 Y=-26 Z=3 emitted 16 procedural water vertices (Ocean/Pools)
[+00:54:54.913] VoxelWater: Chunk X=6 Y=-25 Z=3 emitted 156 procedural water vertices (Ocean/Pools)
[+00:54:54.913] VoxelWater: Chunk X=6 Y=-26 Z=2 emitted 60 procedural water vertices (Ocean/Pools)
[+00:54:54.913] VoxelWater: Chunk X=6 Y=-25 Z=2 emitted 8 procedural water vertices (Ocean/Pools)
[+00:54:54.913] VoxelWater: Chunk X=6 Y=-24 Z=2 emitted 80 procedural water vertices (Ocean/Pools)
[+00:54:54.913] VoxelWater: Chunk X=6 Y=-24 Z=1 emitted 4 procedural water vertices (Ocean/Pools)
[+00:54:54.913] VoxelWater: Chunk X=4 Y=-24 Z=1 emitted 12 procedural water vertices (Ocean/Pools)
[+00:54:54.913] VoxelWater: Chunk X=5 Y=-27 Z=1 emitted 12 procedural water vertices (Ocean/Pools)
[+00:54:54.913] VoxelWater: Chunk X=5 Y=-23 Z=1 emitted 40 procedural water vertices (Ocean/Pools)
[+00:54:54.921] VoxelChunk: GenerateAsync (3,-27,-1)
[+00:54:54.923] VoxelChunk: GenerateAsync (3,-25,-3)
[+00:54:54.924] VoxelChunk: GenerateAsync (3,-23,-1)
[+00:54:54.926] VoxelChunk: GenerateAsync (7,-25,-3)
[+00:54:54.934] VoxelChunk: GenerateAsync (3,-24,-3)
[+00:54:54.935] VoxelChunk: GenerateAsync (3,-27,-2)
[+00:54:54.936] VoxelMesh: Chunk X=-3 Y=-1 Z=-2 FlatVerts=270 SlopeVerts=534
[+00:54:54.936] VoxelChunk: GenerateAsync (3,-26,1)
[+00:54:54.937] VoxelMesh: Chunk X=3 Y=-2 Z=-2 FlatVerts=906 SlopeVerts=1134
[+00:54:54.937] VoxelChunk: GenerateAsync (7,-26,1)
[+00:54:54.937] VoxelMesh: Chunk X=3 Y=-26 Z=1 FlatVerts=270 SlopeVerts=534
[+00:54:54.937] VoxelMesh: Chunk X=7 Y=-26 Z=1 FlatVerts=906 SlopeVerts=1134
[+00:54:54.946] VoxelChunk: GenerateAsync (7,-24,-3)
[+00:54:54.948] VoxelChunk: GenerateAsync (3,-23,-2)
[+00:54:54.949] VoxelChunk: GenerateAsync (4,-23,-3)
[+00:54:54.950] VoxelChunk: GenerateAsync (7,-27,-2)
[+00:54:54.959] VoxelChunk: GenerateAsync (7,-23,0)
[+00:54:54.961] VoxelChunk: GenerateAsync (6,-23,-3)
[+00:54:54.961] VoxelMesh: Chunk X=-2 Y=3 Z=-2 FlatVerts=1878 SlopeVerts=684
[+00:54:54.962] VoxelChunk: GenerateAsync (6,-27,1)
[+00:54:54.962] VoxelMesh: Chunk X=6 Y=-27 Z=1 FlatVerts=1878 SlopeVerts=684
[+00:54:54.963] VoxelChunk: GenerateAsync (3,-23,0)
[+00:54:54.971] VoxelChunk: GenerateAsync (3,-27,0)
[+00:54:54.973] VoxelChunk: GenerateAsync (5,-22,-1)
[+00:54:54.974] VoxelChunk: GenerateAsync (7,-23,-2)
[+00:54:54.976] VoxelChunk: GenerateAsync (7,-26,-3)
[+00:54:54.984] VoxelMesh: Chunk X=-3 Y=-1 Z=0 FlatVerts=174 SlopeVerts=798
[+00:54:54.985] VoxelChunk: GenerateAsync (4,-27,1)
[+00:54:54.986] VoxelMesh: Chunk X=4 Y=-27 Z=1 FlatVerts=174 SlopeVerts=798
[+00:54:54.986] VoxelChunk: GenerateAsync (5,-28,-1)
[+00:54:54.987] VoxelChunk: GenerateAsync (7,-27,0)
[+00:54:54.988] VoxelChunk: GenerateAsync (3,-26,-3)
[+00:54:54.996] VoxelMesh: Chunk X=-3 Y=1 Z=1 FlatVerts=0 SlopeVerts=0
[+00:54:54.996] VoxelChunk: GenerateAsync (3,-24,1)
[+00:54:54.998] VoxelChunk: GenerateAsync (8,-25,-1)
[+00:54:54.998] VoxelMesh: Chunk X=-3 Y=3 Z=-2 FlatVerts=1920 SlopeVerts=12
[+00:54:54.998] VoxelMesh: Chunk X=3 Y=-24 Z=1 FlatVerts=0 SlopeVerts=0
[+00:54:54.999] VoxelChunk: GenerateAsync (6,-23,1)
[+00:54:54.999] VoxelMesh: Chunk X=6 Y=-23 Z=1 FlatVerts=1920 SlopeVerts=12
[+00:54:55.000] VoxelChunk: GenerateAsync (6,-27,-3)
[+00:54:55.008] VoxelChunk: GenerateAsync (4,-27,-3)
[+00:54:55.010] VoxelMesh: Chunk X=-1 Y=-3 Z=-2 FlatVerts=0 SlopeVerts=96
[+00:54:55.010] VoxelChunk: GenerateAsync (7,-24,1)
[+00:54:55.011] VoxelChunk: GenerateAsync (2,-25,-1)
[+00:54:55.012] VoxelMesh: Chunk X=7 Y=-24 Z=1 FlatVerts=0 SlopeVerts=96
[+00:54:55.012] VoxelMesh: Chunk X=3 Y=2 Z=-2 FlatVerts=48 SlopeVerts=228
[+00:54:55.012] VoxelChunk: GenerateAsync (4,-23,1)
[+00:54:55.013] VoxelMesh: Chunk X=4 Y=-23 Z=1 FlatVerts=48 SlopeVerts=228
[+00:54:55.021] VoxelChunk: GenerateAsync (5,-22,-2)
[+00:54:55.022] VoxelChunk: GenerateAsync (2,-25,-2)
[+00:54:55.023] VoxelChunk: GenerateAsync (8,-26,-1)
[+00:54:55.025] VoxelChunk: GenerateAsync (8,-25,-2)
[+00:54:55.034] VoxelChunk: GenerateAsync (4,-28,-1)
[+00:54:55.035] VoxelChunk: GenerateAsync (5,-28,-2)
[+00:54:55.037] VoxelChunk: GenerateAsync (6,-28,-1)
[+00:54:55.038] VoxelChunk: GenerateAsync (2,-26,-1)
[+00:54:55.047] VoxelChunk: GenerateAsync (2,-24,-1)
[+00:54:55.048] VoxelChunk: GenerateAsync (2,-25,0)
[+00:54:55.049] VoxelChunk: GenerateAsync (8,-24,-1)
[+00:54:55.050] VoxelChunk: GenerateAsync (5,-22,0)
[+00:54:55.059] VoxelChunk: GenerateAsync (8,-25,0)
[+00:54:55.059] VoxelChunk: GenerateAsync (5,-28,0)
[+00:54:55.060] VoxelChunk: GenerateAsync (6,-22,-1)
[+00:54:55.062] VoxelChunk: GenerateAsync (4,-22,-1)
[+00:54:55.069] VoxelChunk: GenerateAsync (2,-26,-2)
[+00:54:55.070] VoxelChunk: GenerateAsync (8,-26,0)
[+00:54:55.071] VoxelChunk: GenerateAsync (6,-22,0)
[+00:54:55.073] VoxelChunk: GenerateAsync (8,-26,-2)
[+00:54:55.082] VoxelMesh: Chunk X=0 Y=0 Z=0 FlatVerts=4110 SlopeVerts=8610
[+00:54:55.084] VoxelChunk: GenerateAsync (4,-22,0)
[+00:54:55.087] VoxelMesh: Chunk X=0 Y=0 Z=0 FlatVerts=2640 SlopeVerts=4614
[+00:54:55.088] VoxelChunk: GenerateAsync (8,-24,0)
[+00:54:55.093] VoxelChunk: GenerateAsync (4,-28,-2)
[+00:54:55.099] VoxelChunk: GenerateAsync (6,-28,-2)
[+00:54:55.110] VoxelMesh: Chunk X=0 Y=0 Z=0 FlatVerts=1566 SlopeVerts=3216
[+00:54:55.112] VoxelChunk: GenerateAsync (2,-24,0)
[+00:54:55.116] VoxelChunk: GenerateAsync (6,-22,-2)
[+00:54:55.121] VoxelChunk: GenerateAsync (2,-24,-2)
[+00:54:55.125] VoxelMesh: Chunk X=0 Y=0 Z=0 FlatVerts=2376 SlopeVerts=2718
[+00:54:55.125] VoxelChunk: GenerateAsync (4,-28,0)
[+00:54:55.140] VoxelWater: Chunk X=6 Y=-26 Z=1 emitted 20 procedural water vertices (Ocean/Pools)
[+00:54:55.140] VoxelWater: Chunk X=5 Y=-26 Z=1 emitted 68 procedural water vertices (Ocean/Pools)
[+00:54:55.140] VoxelWater: Chunk X=4 Y=-26 Z=1 emitted 104 procedural water vertices (Ocean/Pools)
[+00:54:55.140] VoxelWater: Chunk X=4 Y=-25 Z=1 emitted 44 procedural water vertices (Ocean/Pools)
[+00:54:55.141] VoxelWater: Chunk X=5 Y=-25 Z=1 emitted 8 procedural water vertices (Ocean/Pools)
[+00:54:55.141] VoxelWater: Chunk X=4 Y=-26 Z=2 emitted 24 procedural water vertices (Ocean/Pools)
[+00:54:55.141] VoxelWater: Chunk X=4 Y=-25 Z=2 emitted 128 procedural water vertices (Ocean/Pools)
[+00:54:55.141] VoxelWater: Chunk X=4 Y=-25 Z=3 emitted 56 procedural water vertices (Ocean/Pools)
[+00:54:55.141] VoxelWater: Chunk X=5 Y=-25 Z=2 emitted 188 procedural water vertices (Ocean/Pools)
[+00:54:55.141] VoxelWater: Chunk X=4 Y=-24 Z=3 emitted 84 procedural water vertices (Ocean/Pools)
[+00:54:55.141] VoxelWater: Chunk X=4 Y=-24 Z=2 emitted 60 procedural water vertices (Ocean/Pools)
[+00:54:55.141] VoxelWater: Chunk X=5 Y=-25 Z=3 emitted 180 procedural water vertices (Ocean/Pools)
[+00:54:55.141] VoxelWater: Chunk X=5 Y=-24 Z=2 emitted 120 procedural water vertices (Ocean/Pools)
[+00:54:55.141] VoxelWater: Chunk X=5 Y=-24 Z=3 emitted 20 procedural water vertices (Ocean/Pools)
[+00:54:55.141] VoxelWater: Chunk X=6 Y=-24 Z=3 emitted 120 procedural water vertices (Ocean/Pools)
[+00:54:55.141] VoxelWater: Chunk X=6 Y=-26 Z=3 emitted 16 procedural water vertices (Ocean/Pools)
[+00:54:55.141] VoxelWater: Chunk X=6 Y=-25 Z=3 emitted 180 procedural water vertices (Ocean/Pools)
[+00:54:55.141] VoxelWater: Chunk X=6 Y=-26 Z=2 emitted 64 procedural water vertices (Ocean/Pools)
[+00:54:55.141] VoxelWater: Chunk X=6 Y=-25 Z=2 emitted 8 procedural water vertices (Ocean/Pools)
[+00:54:55.141] VoxelWater: Chunk X=6 Y=-24 Z=2 emitted 84 procedural water vertices (Ocean/Pools)
[+00:54:55.141] VoxelWater: Chunk X=6 Y=-24 Z=1 emitted 4 procedural water vertices (Ocean/Pools)
[+00:54:55.141] VoxelWater: Chunk X=4 Y=-24 Z=1 emitted 16 procedural water vertices (Ocean/Pools)
[+00:54:55.141] VoxelWater: Chunk X=4 Y=-27 Z=1 emitted 12 procedural water vertices (Ocean/Pools)
[+00:54:55.141] VoxelWater: Chunk X=6 Y=-27 Z=1 emitted 48 procedural water vertices (Ocean/Pools)
[+00:54:55.141] VoxelWater: Chunk X=7 Y=-26 Z=1 emitted 20 procedural water vertices (Ocean/Pools)
[+00:54:55.141] VoxelWater: Chunk X=3 Y=-26 Z=1 emitted 12 procedural water vertices (Ocean/Pools)
[+00:54:55.141] VoxelWater: Chunk X=5 Y=-27 Z=1 emitted 16 procedural water vertices (Ocean/Pools)
[+00:54:55.141] VoxelWater: Chunk X=5 Y=-23 Z=1 emitted 40 procedural water vertices (Ocean/Pools)
[+00:54:55.152] VoxelChunk: GenerateAsync (8,-24,-2)
[+00:54:55.155] VoxelMesh: Chunk X=0 Y=0 Z=0 FlatVerts=5952 SlopeVerts=2682
[+00:54:55.158] VoxelChunk: GenerateAsync (6,-28,0)
[+00:54:55.161] VoxelMesh: Chunk X=0 Y=0 Z=0 FlatVerts=6354 SlopeVerts=1686
[+00:54:55.162] VoxelChunk: GenerateAsync (2,-26,0)
[+00:54:55.167] VoxelChunk: GenerateAsync (4,-22,-2)
[+00:54:55.177] VoxelMesh: Chunk X=0 Y=0 Z=0 FlatVerts=6060 SlopeVerts=5592
[+00:54:55.179] VoxelChunk: GenerateAsync (7,-23,1)
[+00:54:55.179] VoxelMesh: Chunk X=7 Y=-23 Z=1 FlatVerts=1170 SlopeVerts=840
[+00:54:55.182] VoxelMesh: Chunk X=0 Y=0 Z=0 FlatVerts=2418 SlopeVerts=15198
[+00:54:55.183] VoxelChunk: GenerateAsync (3,-23,1)
[+00:54:55.185] VoxelMesh: Chunk X=3 Y=-23 Z=1 FlatVerts=42 SlopeVerts=444
[+00:54:55.187] VoxelMesh: Chunk X=0 Y=0 Z=0 FlatVerts=3462 SlopeVerts=16512
[+00:54:55.189] VoxelChunk: GenerateAsync (7,-27,1)
[+00:54:55.190] VoxelMesh: Chunk X=7 Y=-27 Z=1 FlatVerts=2034 SlopeVerts=0
[+00:54:55.195] VoxelChunk: GenerateAsync (3,-27,-3)
[+00:54:55.208] VoxelMesh: Chunk X=0 Y=0 Z=0 FlatVerts=6546 SlopeVerts=2784
[+00:54:55.210] VoxelChunk: GenerateAsync (3,-27,1)
[+00:54:55.211] VoxelMesh: Chunk X=3 Y=-27 Z=1 FlatVerts=12 SlopeVerts=66
[+00:54:55.215] VoxelChunk: GenerateAsync (3,-23,-3)
[+00:54:55.219] VoxelChunk: GenerateAsync (7,-27,-3)
[+00:54:55.226] VoxelChunk: GenerateAsync (7,-23,-3)
[+00:54:55.235] VoxelMesh: Chunk X=0 Y=0 Z=0 FlatVerts=60 SlopeVerts=1110
[+00:54:55.235] VoxelChunk: GenerateAsync (3,-25,2)
[+00:54:55.236] VoxelMesh: Chunk X=3 Y=-25 Z=2 FlatVerts=0 SlopeVerts=150
[+00:54:55.239] VoxelChunk: GenerateAsync (3,-28,-1)
[+00:54:55.245] VoxelChunk: GenerateAsync (5,-22,-3)
[+00:54:55.247] VoxelMesh: Chunk X=0 Y=0 Z=0 FlatVerts=7284 SlopeVerts=4044
[+00:54:55.249] VoxelChunk: GenerateAsync (5,-22,1)
[+00:54:55.249] VoxelMesh: Chunk X=5 Y=-22 Z=1 FlatVerts=72 SlopeVerts=108
[+00:54:55.259] VoxelMesh: Chunk X=0 Y=0 Z=0 FlatVerts=3930 SlopeVerts=8610
[+00:54:55.261] VoxelChunk: GenerateAsync (5,-28,1)
[+00:54:55.261] VoxelMesh: Chunk X=5 Y=-28 Z=1 FlatVerts=1812 SlopeVerts=858
[+00:54:55.265] VoxelChunk: GenerateAsync (3,-22,-1)
[+00:54:55.271] VoxelChunk: GenerateAsync (8,-25,-3)
[+00:54:55.274] VoxelChunk: GenerateAsync (7,-22,-1)
[+00:54:55.287] VoxelChunk: GenerateAsync (7,-28,-1)
[+00:54:55.291] VoxelMesh: Chunk X=0 Y=0 Z=0 FlatVerts=5142 SlopeVerts=10554
[+00:54:55.293] VoxelChunk: GenerateAsync (2,-25,1)
[+00:54:55.297] VoxelMesh: Chunk X=0 Y=0 Z=0 FlatVerts=396 SlopeVerts=32790
[+00:54:55.299] VoxelChunk: GenerateAsync (7,-25,2)
[+00:54:55.301] VoxelMesh: Chunk X=7 Y=-25 Z=2 FlatVerts=0 SlopeVerts=12
[+00:54:55.302] VoxelChunk: GenerateAsync (2,-27,-1)
[+00:54:55.316] VoxelMesh: Chunk X=0 Y=0 Z=0 FlatVerts=210 SlopeVerts=12792
[+00:54:55.316] VoxelChunk: GenerateAsync (8,-25,1)
[+00:54:55.318] VoxelMesh: Chunk X=8 Y=-25 Z=1 FlatVerts=0 SlopeVerts=96
[+00:54:55.321] VoxelChunk: GenerateAsync (8,-27,-1)
[+00:54:55.325] VoxelChunk: GenerateAsync (8,-23,-1)
[+00:54:55.330] VoxelChunk: GenerateAsync (2,-23,-1)
[+00:54:55.348] VoxelWater: Chunk X=6 Y=-26 Z=1 emitted 28 procedural water vertices (Ocean/Pools)
[+00:54:55.348] VoxelWater: Chunk X=7 Y=-26 Z=1 emitted 24 procedural water vertices (Ocean/Pools)
[+00:54:55.348] VoxelWater: Chunk X=5 Y=-26 Z=1 emitted 92 procedural water vertices (Ocean/Pools)
[+00:54:55.348] VoxelWater: Chunk X=4 Y=-26 Z=1 emitted 120 procedural water vertices (Ocean/Pools)
[+00:54:55.348] VoxelWater: Chunk X=4 Y=-25 Z=1 emitted 44 procedural water vertices (Ocean/Pools)
[+00:54:55.348] VoxelWater: Chunk X=5 Y=-25 Z=1 emitted 8 procedural water vertices (Ocean/Pools)
[+00:54:55.348] VoxelWater: Chunk X=4 Y=-26 Z=2 emitted 24 procedural water vertices (Ocean/Pools)
[+00:54:55.348] VoxelWater: Chunk X=4 Y=-25 Z=2 emitted 132 procedural water vertices (Ocean/Pools)
[+00:54:55.348] VoxelWater: Chunk X=4 Y=-25 Z=3 emitted 68 procedural water vertices (Ocean/Pools)
[+00:54:55.348] VoxelWater: Chunk X=5 Y=-25 Z=2 emitted 196 procedural water vertices (Ocean/Pools)
[+00:54:55.348] VoxelWater: Chunk X=4 Y=-24 Z=3 emitted 108 procedural water vertices (Ocean/Pools)
[+00:54:55.348] VoxelWater: Chunk X=4 Y=-24 Z=2 emitted 68 procedural water vertices (Ocean/Pools)
[+00:54:55.348] VoxelWater: Chunk X=5 Y=-25 Z=3 emitted 180 procedural water vertices (Ocean/Pools)
[+00:54:55.348] VoxelWater: Chunk X=5 Y=-24 Z=2 emitted 120 procedural water vertices (Ocean/Pools)
[+00:54:55.348] VoxelWater: Chunk X=5 Y=-24 Z=3 emitted 20 procedural water vertices (Ocean/Pools)
[+00:54:55.348] VoxelWater: Chunk X=6 Y=-24 Z=3 emitted 120 procedural water vertices (Ocean/Pools)
[+00:54:55.348] VoxelWater: Chunk X=6 Y=-26 Z=3 emitted 16 procedural water vertices (Ocean/Pools)
[+00:54:55.348] VoxelWater: Chunk X=6 Y=-25 Z=3 emitted 200 procedural water vertices (Ocean/Pools)
[+00:54:55.348] VoxelWater: Chunk X=6 Y=-26 Z=2 emitted 68 procedural water vertices (Ocean/Pools)
[+00:54:55.348] VoxelWater: Chunk X=6 Y=-25 Z=2 emitted 8 procedural water vertices (Ocean/Pools)
[+00:54:55.348] VoxelWater: Chunk X=6 Y=-24 Z=2 emitted 104 procedural water vertices (Ocean/Pools)
[+00:54:55.348] VoxelWater: Chunk X=6 Y=-24 Z=1 emitted 8 procedural water vertices (Ocean/Pools)
[+00:54:55.348] VoxelWater: Chunk X=5 Y=-24 Z=1 emitted 8 procedural water vertices (Ocean/Pools)
[+00:54:55.348] VoxelWater: Chunk X=4 Y=-24 Z=1 emitted 16 procedural water vertices (Ocean/Pools)
[+00:54:55.348] VoxelWater: Chunk X=4 Y=-27 Z=1 emitted 16 procedural water vertices (Ocean/Pools)
[+00:54:55.348] VoxelWater: Chunk X=7 Y=-27 Z=1 emitted 36 procedural water vertices (Ocean/Pools)
[+00:54:55.348] VoxelWater: Chunk X=6 Y=-27 Z=1 emitted 52 procedural water vertices (Ocean/Pools)
[+00:54:55.348] VoxelWater: Chunk X=3 Y=-26 Z=1 emitted 16 procedural water vertices (Ocean/Pools)
[+00:54:55.349] VoxelWater: Chunk X=5 Y=-27 Z=1 emitted 20 procedural water vertices (Ocean/Pools)
[+00:54:55.349] VoxelWater: Chunk X=5 Y=-23 Z=1 emitted 40 procedural water vertices (Ocean/Pools)
[+00:54:55.349] VoxelWater: Chunk X=5 Y=-28 Z=1 emitted 28 procedural water vertices (Ocean/Pools)
[+00:54:55.363] VoxelChunk: GenerateAsync (5,-28,-3)
[+00:54:55.369] VoxelChunk: GenerateAsync (2,-25,-3)
[+00:54:55.371] VoxelMesh: Chunk X=0 Y=0 Z=0 FlatVerts=0 SlopeVerts=0
[+00:54:55.371] VoxelChunk: GenerateAsync (5,-23,2)
[+00:54:55.371] VoxelMesh: Chunk X=5 Y=-23 Z=2 FlatVerts=6 SlopeVerts=1044
[+00:54:55.372] VoxelMesh: Chunk X=0 Y=0 Z=0 FlatVerts=0 SlopeVerts=834
[+00:54:55.372] VoxelChunk: GenerateAsync (5,-27,2)
[+00:54:55.373] VoxelMesh: Chunk X=5 Y=-27 Z=2 FlatVerts=336 SlopeVerts=1848
[+00:54:55.387] VoxelChunk: GenerateAsync (7,-22,-2)
[+00:54:55.392] VoxelChunk: GenerateAsync (7,-28,-2)
[+00:54:55.398] VoxelChunk: GenerateAsync (8,-23,-2)
[+00:54:55.403] VoxelChunk: GenerateAsync (6,-22,-3)
[+00:54:55.413] VoxelChunk: GenerateAsync (4,-24,1)
[+00:54:55.413] VoxelChunk: GenerateAsync (6,-26,1)
[+00:54:55.413] VoxelChunk: GenerateAsync (6,-23,0)
[+00:54:55.413] VoxelChunk: GenerateAsync (7,-24,0)
[+00:54:55.413] VoxelChunk: GenerateAsync (5,-24,1)
[+00:54:55.413] VoxelChunk: GenerateAsync (6,-25,1)
[+00:54:55.413] VoxelChunk: GenerateAsync (6,-22,0)
[+00:54:55.413] VoxelChunk: GenerateAsync (8,-26,0)
[+00:54:55.413] VoxelChunk: GenerateAsync (4,-22,-1)
[+00:54:55.413] VoxelChunk: GenerateAsync (6,-22,-1)
[+00:54:55.413] VoxelChunk: GenerateAsync (8,-25,0)
[+00:54:55.413] VoxelChunk: GenerateAsync (5,-22,0)
[+00:54:55.413] VoxelChunk: GenerateAsync (8,-24,-1)
[+00:54:55.413] VoxelChunk: GenerateAsync (8,-26,-1)
[+00:54:55.413] VoxelChunk: GenerateAsync (4,-23,1)
[+00:54:55.413] VoxelChunk: GenerateAsync (7,-24,1)
[+00:54:55.413] VoxelChunk: GenerateAsync (6,-23,1)
[+00:54:55.413] VoxelChunk: GenerateAsync (8,-25,-1)
[+00:54:55.413] VoxelChunk: GenerateAsync (3,-24,1)
[+00:54:55.413] VoxelChunk: GenerateAsync (7,-27,0)
[+00:54:55.413] VoxelChunk: GenerateAsync (4,-27,1)
[+00:54:55.413] VoxelChunk: GenerateAsync (5,-22,-1)
[+00:54:55.413] VoxelChunk: GenerateAsync (3,-23,0)
[+00:54:55.413] VoxelChunk: GenerateAsync (6,-27,1)
[+00:54:55.413] VoxelChunk: GenerateAsync (7,-23,0)
[+00:54:55.413] VoxelChunk: GenerateAsync (7,-26,1)
[+00:54:55.413] VoxelMesh: Chunk X=4 Y=-24 Z=1 FlatVerts=6 SlopeVerts=78
[+00:54:55.413] VoxelChunk: GenerateAsync (3,-26,1)
[+00:54:55.413] VoxelChunk: GenerateAsync (7,-23,-1)
[+00:54:55.413] VoxelChunk: GenerateAsync (3,-25,1)
[+00:54:55.414] VoxelChunk: GenerateAsync (7,-25,1)
[+00:54:55.414] VoxelChunk: GenerateAsync (6,-24,1)
[+00:54:55.414] VoxelChunk: GenerateAsync (5,-27,1)
[+00:54:55.414] VoxelChunk: GenerateAsync (4,-22,0)
[+00:54:55.414] VoxelChunk: GenerateAsync (8,-24,0)
[+00:54:55.414] VoxelChunk: GenerateAsync (2,-24,0)
[+00:54:55.414] VoxelChunk: GenerateAsync (6,-22,-2)
[+00:54:55.414] VoxelChunk: GenerateAsync (8,-24,-2)
[+00:54:55.414] VoxelChunk: GenerateAsync (6,-28,0)
[+00:54:55.414] VoxelMesh: Chunk X=6 Y=-26 Z=1 FlatVerts=318 SlopeVerts=204
[+00:54:55.414] VoxelChunk: GenerateAsync (7,-23,1)
[+00:54:55.414] VoxelChunk: GenerateAsync (3,-23,1)
[+00:54:55.414] VoxelChunk: GenerateAsync (7,-27,1)
[+00:54:55.414] VoxelChunk: GenerateAsync (3,-27,1)
[+00:54:55.414] VoxelChunk: GenerateAsync (3,-25,2)
[+00:54:55.414] VoxelChunk: GenerateAsync (5,-22,1)
[+00:54:55.414] VoxelChunk: GenerateAsync (5,-28,1)
[+00:54:55.414] VoxelChunk: GenerateAsync (3,-22,-1)
[+00:54:55.414] VoxelChunk: GenerateAsync (7,-22,-1)
[+00:54:55.414] VoxelChunk: GenerateAsync (7,-28,-1)
[+00:54:55.414] VoxelChunk: GenerateAsync (2,-25,1)
[+00:54:55.414] VoxelChunk: GenerateAsync (7,-25,2)
[+00:54:55.414] VoxelChunk: GenerateAsync (8,-25,1)
[+00:54:55.414] VoxelChunk: GenerateAsync (8,-27,-1)
[+00:54:55.414] VoxelChunk: GenerateAsync (8,-23,-1)
[+00:54:55.414] VoxelChunk: GenerateAsync (2,-23,-1)
[+00:54:55.414] VoxelMesh: Chunk X=5 Y=-24 Z=1 FlatVerts=114 SlopeVerts=306
[+00:54:55.414] VoxelChunk: GenerateAsync (5,-23,2)
[+00:54:55.414] VoxelChunk: GenerateAsync (5,-27,2)
[+00:54:55.414] VoxelChunk: GenerateAsync (7,-22,-2)
[+00:54:55.414] VoxelChunk: GenerateAsync (8,-23,-2)
[+00:54:55.414] VoxelChunk: GenerateAsync (6,-22,-3)
[+00:54:55.415] VoxelMesh: Chunk X=6 Y=-23 Z=1 FlatVerts=504 SlopeVerts=0
[+00:54:55.416] VoxelMesh: Chunk X=4 Y=-23 Z=1 FlatVerts=12 SlopeVerts=54
[+00:54:55.417] VoxelMesh: Chunk X=6 Y=-27 Z=1 FlatVerts=480 SlopeVerts=150
[+00:54:55.417] VoxelMesh: Chunk X=7 Y=-24 Z=1 FlatVerts=0 SlopeVerts=18
[+00:54:55.417] VoxelMesh: Chunk X=4 Y=-27 Z=1 FlatVerts=24 SlopeVerts=186
[+00:54:55.417] VoxelMesh: Chunk X=3 Y=-24 Z=1 FlatVerts=0 SlopeVerts=0
[+00:54:55.417] VoxelMesh: Chunk X=7 Y=-26 Z=1 FlatVerts=210 SlopeVerts=264
[+00:54:55.417] VoxelMesh: Chunk X=3 Y=-26 Z=1 FlatVerts=66 SlopeVerts=108
[+00:54:55.418] VoxelMesh: Chunk X=5 Y=-27 Z=1 FlatVerts=198 SlopeVerts=348
[+00:54:55.418] VoxelMesh: Chunk X=6 Y=-24 Z=1 FlatVerts=108 SlopeVerts=294
[+00:54:55.419] VoxelMesh: Chunk X=7 Y=-23 Z=1 FlatVerts=246 SlopeVerts=198
[+00:54:55.419] VoxelMesh: Chunk X=7 Y=-27 Z=1 FlatVerts=552 SlopeVerts=0
[+00:54:55.419] VoxelMesh: Chunk X=3 Y=-27 Z=1 FlatVerts=0 SlopeVerts=18
[+00:54:55.419] VoxelMesh: Chunk X=5 Y=-28 Z=1 FlatVerts=546 SlopeVerts=48
[+00:54:55.420] VoxelMesh: Chunk X=3 Y=-25 Z=2 FlatVerts=0 SlopeVerts=48
[+00:54:55.420] VoxelMesh: Chunk X=3 Y=-23 Z=1 FlatVerts=0 SlopeVerts=108
[+00:54:55.420] VoxelMesh: Chunk X=5 Y=-22 Z=1 FlatVerts=36 SlopeVerts=48
[+00:54:55.421] VoxelMesh: Chunk X=7 Y=-25 Z=2 FlatVerts=0 SlopeVerts=6
[+00:54:55.421] VoxelMesh: Chunk X=8 Y=-25 Z=1 FlatVerts=0 SlopeVerts=18
[+00:54:55.421] VoxelMesh: Chunk X=5 Y=-23 Z=2 FlatVerts=0 SlopeVerts=252
[+00:54:55.421] VoxelMesh: Chunk X=5 Y=-27 Z=2 FlatVerts=138 SlopeVerts=444
[+00:54:55.426] VoxelChunk: GenerateAsync (2,-23,-2)
[+00:54:55.429] VoxelMesh: Chunk X=0 Y=0 Z=0 FlatVerts=3774 SlopeVerts=4296
[+00:54:55.430] VoxelChunk: GenerateAsync (3,-28,0)
[+00:54:55.433] VoxelMesh: Chunk X=0 Y=0 Z=0 FlatVerts=6318 SlopeVerts=3138
[+00:54:55.433] VoxelChunk: GenerateAsync (8,-23,0)
[+00:54:55.439] VoxelMesh: Chunk X=0 Y=0 Z=0 FlatVerts=750 SlopeVerts=1926
[+00:54:55.439] VoxelChunk: GenerateAsync (8,-27,0)
[+00:54:55.457] VoxelMesh: Chunk X=0 Y=0 Z=0 FlatVerts=834 SlopeVerts=6090
[+00:54:55.458] VoxelChunk: GenerateAsync (3,-22,0)
[+00:54:55.460] VoxelMesh: Chunk X=0 Y=0 Z=0 FlatVerts=144 SlopeVerts=7380
[+00:54:55.461] VoxelChunk: GenerateAsync (3,-24,2)
[+00:54:55.462] VoxelMesh: Chunk X=3 Y=-24 Z=2 FlatVerts=6 SlopeVerts=498
[+00:54:55.466] VoxelChunk: GenerateAsync (8,-27,-2)
[+00:54:55.471] VoxelChunk: GenerateAsync (3,-28,-2)
[+00:54:55.483] VoxelMesh: Chunk X=0 Y=0 Z=0 FlatVerts=7362 SlopeVerts=252
[+00:54:55.484] VoxelChunk: GenerateAsync (7,-22,0)
[+00:54:55.485] VoxelMesh: Chunk X=0 Y=0 Z=0 FlatVerts=36 SlopeVerts=108
[+00:54:55.486] VoxelChunk: GenerateAsync (3,-26,2)
[+00:54:55.487] VoxelMesh: Chunk X=3 Y=-26 Z=2 FlatVerts=96 SlopeVerts=3162
[+00:54:55.487] VoxelMesh: Chunk X=0 Y=0 Z=0 FlatVerts=204 SlopeVerts=2622
[+00:54:55.488] VoxelChunk: GenerateAsync (4,-23,2)
[+00:54:55.489] VoxelMesh: Chunk X=4 Y=-23 Z=2 FlatVerts=240 SlopeVerts=3438
[+00:54:55.493] VoxelChunk: GenerateAsync (2,-27,-2)
[+00:54:55.507] VoxelMesh: Chunk X=0 Y=0 Z=0 FlatVerts=252 SlopeVerts=1782
[+00:54:55.507] VoxelChunk: GenerateAsync (2,-23,0)
[+00:54:55.511] VoxelMesh: Chunk X=0 Y=0 Z=0 FlatVerts=2376 SlopeVerts=9630
[+00:54:55.512] VoxelChunk: GenerateAsync (4,-28,1)
[+00:54:55.512] VoxelMesh: Chunk X=4 Y=-28 Z=1 FlatVerts=420 SlopeVerts=252
[+00:54:55.515] VoxelMesh: Chunk X=0 Y=0 Z=0 FlatVerts=5922 SlopeVerts=2598
[+00:54:55.516] VoxelChunk: GenerateAsync (7,-28,0)
[+00:54:55.519] VoxelMesh: Chunk X=0 Y=0 Z=0 FlatVerts=5994 SlopeVerts=6066
[+00:54:55.519] VoxelChunk: GenerateAsync (6,-28,1)
[+00:54:55.520] VoxelMesh: Chunk X=6 Y=-28 Z=1 FlatVerts=2106 SlopeVerts=918
[+00:54:55.535] VoxelChunk: GenerateAsync (4,-22,-3)
[+00:54:55.537] VoxelMesh: Chunk X=0 Y=0 Z=0 FlatVerts=378 SlopeVerts=6096
[+00:54:55.538] VoxelChunk: GenerateAsync (6,-27,2)
[+00:54:55.538] VoxelMesh: Chunk X=6 Y=-27 Z=2 FlatVerts=0 SlopeVerts=108
[+00:54:55.541] VoxelMesh: Chunk X=0 Y=0 Z=0 FlatVerts=306 SlopeVerts=16908
[+00:54:55.544] VoxelChunk: GenerateAsync (7,-24,2)
[+00:54:55.545] VoxelMesh: Chunk X=7 Y=-24 Z=2 FlatVerts=0 SlopeVerts=1542
[+00:54:55.549] VoxelChunk: GenerateAsync (3,-22,-2)
[+00:54:55.570] VoxelWater: Chunk X=6 Y=-26 Z=1 emitted 56 procedural water vertices (Ocean/Pools)
[+00:54:55.570] VoxelWater: Chunk X=5 Y=-26 Z=1 emitted 116 procedural water vertices (Ocean/Pools)
[+00:54:55.570] VoxelWater: Chunk X=4 Y=-26 Z=1 emitted 140 procedural water vertices (Ocean/Pools)
[+00:54:55.570] VoxelWater: Chunk X=5 Y=-24 Z=1 emitted 8 procedural water vertices (Ocean/Pools)
[+00:54:55.570] VoxelWater: Chunk X=4 Y=-25 Z=1 emitted 52 procedural water vertices (Ocean/Pools)
[+00:54:55.570] VoxelWater: Chunk X=5 Y=-25 Z=1 emitted 8 procedural water vertices (Ocean/Pools)
[+00:54:55.570] VoxelWater: Chunk X=4 Y=-26 Z=2 emitted 20 procedural water vertices (Ocean/Pools)
[+00:54:55.570] VoxelWater: Chunk X=4 Y=-25 Z=2 emitted 144 procedural water vertices (Ocean/Pools)
[+00:54:55.570] VoxelWater: Chunk X=4 Y=-25 Z=3 emitted 76 procedural water vertices (Ocean/Pools)
[+00:54:55.570] VoxelWater: Chunk X=5 Y=-25 Z=2 emitted 208 procedural water vertices (Ocean/Pools)
[+00:54:55.570] VoxelWater: Chunk X=4 Y=-24 Z=2 emitted 88 procedural water vertices (Ocean/Pools)
[+00:54:55.570] VoxelWater: Chunk X=4 Y=-24 Z=3 emitted 124 procedural water vertices (Ocean/Pools)
[+00:54:55.570] VoxelWater: Chunk X=5 Y=-25 Z=3 emitted 188 procedural water vertices (Ocean/Pools)
[+00:54:55.570] VoxelWater: Chunk X=5 Y=-24 Z=2 emitted 120 procedural water vertices (Ocean/Pools)
[+00:54:55.570] VoxelWater: Chunk X=5 Y=-24 Z=3 emitted 20 procedural water vertices (Ocean/Pools)
[+00:54:55.571] VoxelWater: Chunk X=6 Y=-24 Z=3 emitted 120 procedural water vertices (Ocean/Pools)
[+00:54:55.571] VoxelWater: Chunk X=6 Y=-26 Z=3 emitted 16 procedural water vertices (Ocean/Pools)
[+00:54:55.571] VoxelWater: Chunk X=6 Y=-25 Z=3 emitted 224 procedural water vertices (Ocean/Pools)
[+00:54:55.571] VoxelWater: Chunk X=6 Y=-26 Z=2 emitted 48 procedural water vertices (Ocean/Pools)
[+00:54:55.571] VoxelWater: Chunk X=6 Y=-25 Z=2 emitted 8 procedural water vertices (Ocean/Pools)
[+00:54:55.571] VoxelWater: Chunk X=6 Y=-24 Z=2 emitted 84 procedural water vertices (Ocean/Pools)
[+00:54:55.571] VoxelWater: Chunk X=6 Y=-24 Z=1 emitted 48 procedural water vertices (Ocean/Pools)
[+00:54:55.571] VoxelWater: Chunk X=4 Y=-24 Z=1 emitted 24 procedural water vertices (Ocean/Pools)
[+00:54:55.571] VoxelWater: Chunk X=4 Y=-27 Z=1 emitted 28 procedural water vertices (Ocean/Pools)
[+00:54:55.571] VoxelWater: Chunk X=6 Y=-27 Z=1 emitted 108 procedural water vertices (Ocean/Pools)
[+00:54:55.571] VoxelWater: Chunk X=7 Y=-26 Z=1 emitted 48 procedural water vertices (Ocean/Pools)
[+00:54:55.571] VoxelWater: Chunk X=3 Y=-26 Z=1 emitted 28 procedural water vertices (Ocean/Pools)
[+00:54:55.571] VoxelWater: Chunk X=5 Y=-27 Z=1 emitted 52 procedural water vertices (Ocean/Pools)
[+00:54:55.571] VoxelWater: Chunk X=5 Y=-23 Z=1 emitted 44 procedural water vertices (Ocean/Pools)
[+00:54:55.571] VoxelWater: Chunk X=7 Y=-27 Z=1 emitted 44 procedural water vertices (Ocean/Pools)
[+00:54:55.571] VoxelWater: Chunk X=5 Y=-28 Z=1 emitted 64 procedural water vertices (Ocean/Pools)
[+00:54:55.571] VoxelWater: Chunk X=5 Y=-23 Z=2 emitted 20 procedural water vertices (Ocean/Pools)
[+00:54:55.571] VoxelWater: Chunk X=5 Y=-27 Z=2 emitted 32 procedural water vertices (Ocean/Pools)
[+00:54:55.571] VoxelWater: Chunk X=6 Y=-27 Z=2 emitted 8 procedural water vertices (Ocean/Pools)
[+00:54:55.571] VoxelWater: Chunk X=3 Y=-24 Z=2 emitted 16 procedural water vertices (Ocean/Pools)
[+00:54:55.571] VoxelWater: Chunk X=3 Y=-26 Z=2 emitted 48 procedural water vertices (Ocean/Pools)
[+00:54:55.571] VoxelWater: Chunk X=4 Y=-23 Z=2 emitted 72 procedural water vertices (Ocean/Pools)
[+00:54:55.571] VoxelWater: Chunk X=6 Y=-28 Z=1 emitted 16 procedural water vertices (Ocean/Pools)
[+00:54:55.580] VoxelMesh: Chunk X=0 Y=0 Z=0 FlatVerts=12 SlopeVerts=450
[+00:54:55.580] VoxelChunk: GenerateAsync (6,-23,2)
[+00:54:55.581] VoxelMesh: Chunk X=6 Y=-23 Z=2 FlatVerts=0 SlopeVerts=0
[+00:54:55.583] VoxelMesh: Chunk X=0 Y=0 Z=0 FlatVerts=7818 SlopeVerts=432
[+00:54:55.584] VoxelChunk: GenerateAsync (2,-27,0)
[+00:54:55.589] VoxelMesh: Chunk X=0 Y=0 Z=0 FlatVerts=630 SlopeVerts=31686
[+00:54:55.592] VoxelChunk: GenerateAsync (7,-26,2)
[+00:54:55.592] VoxelMesh: Chunk X=7 Y=-26 Z=2 FlatVerts=0 SlopeVerts=2286
[+00:54:55.598] VoxelChunk: GenerateAsync (2,-26,-3)
[+00:54:55.614] VoxelChunk: GenerateAsync (4,-28,-3)
[+00:54:55.617] VoxelMesh: Chunk X=0 Y=0 Z=0 FlatVerts=7374 SlopeVerts=3960
[+00:54:55.618] VoxelChunk: GenerateAsync (2,-26,1)
[+00:54:55.620] VoxelMesh: Chunk X=0 Y=0 Z=0 FlatVerts=7512 SlopeVerts=318
[+00:54:55.622] VoxelChunk: GenerateAsync (6,-22,1)
[+00:54:55.622] VoxelMesh: Chunk X=6 Y=-22 Z=1 FlatVerts=1686 SlopeVerts=720
[+00:54:55.626] VoxelMesh: Chunk X=0 Y=0 Z=0 FlatVerts=114 SlopeVerts=8568
[+00:54:55.627] VoxelChunk: GenerateAsync (8,-26,1)
[+00:54:55.628] VoxelMesh: Chunk X=8 Y=-26 Z=1 FlatVerts=1260 SlopeVerts=1398
[+00:54:55.641] VoxelChunk: GenerateAsync (2,-24,-3)
[+00:54:55.644] VoxelMesh: Chunk X=0 Y=0 Z=0 FlatVerts=4326 SlopeVerts=14160
[+00:54:55.646] VoxelChunk: GenerateAsync (4,-22,1)
[+00:54:55.649] VoxelMesh: Chunk X=0 Y=0 Z=0 FlatVerts=2826 SlopeVerts=13596
[+00:54:55.651] VoxelChunk: GenerateAsync (8,-24,1)
[+00:54:55.652] VoxelMesh: Chunk X=8 Y=-24 Z=1 FlatVerts=120 SlopeVerts=186
[+00:54:55.656] VoxelChunk: GenerateAsync (8,-26,-3)
[+00:54:55.670] VoxelChunk: GenerateAsync (6,-28,-3)
[+00:54:55.674] VoxelMesh: Chunk X=0 Y=0 Z=0 FlatVerts=1884 SlopeVerts=12594
[+00:54:55.676] VoxelChunk: GenerateAsync (2,-24,1)
[+00:54:55.677] VoxelMesh: Chunk X=2 Y=-24 Z=1 FlatVerts=72 SlopeVerts=480
[+00:54:55.678] VoxelMesh: Chunk X=0 Y=0 Z=0 FlatVerts=0 SlopeVerts=2244
[+00:54:55.678] VoxelChunk: GenerateAsync (4,-27,2)
[+00:54:55.679] VoxelMesh: Chunk X=4 Y=-27 Z=2 FlatVerts=642 SlopeVerts=3714
[+00:54:55.684] VoxelChunk: GenerateAsync (8,-24,-3)
[+00:54:55.698] VoxelChunk: GenerateAsync (8,-23,-3)
[+00:54:55.700] VoxelMesh: Chunk X=0 Y=0 Z=0 FlatVerts=6102 SlopeVerts=6552
[+00:54:55.702] VoxelChunk: GenerateAsync (7,-28,1)
[+00:54:55.702] VoxelMesh: Chunk X=7 Y=-28 Z=1 FlatVerts=2442 SlopeVerts=36
[+00:54:55.706] VoxelMesh: Chunk X=0 Y=0 Z=0 FlatVerts=1056 SlopeVerts=14940
[+00:54:55.708] VoxelChunk: GenerateAsync (8,-27,1)
[+00:54:55.708] VoxelMesh: Chunk X=8 Y=-27 Z=1 FlatVerts=2100 SlopeVerts=228
[+00:54:55.713] VoxelChunk: GenerateAsync (2,-23,-3)
[+00:54:55.726] VoxelMesh: Chunk X=0 Y=0 Z=0 FlatVerts=3774 SlopeVerts=9210
[+00:54:55.728] VoxelChunk: GenerateAsync (3,-28,1)
[+00:54:55.729] VoxelMesh: Chunk X=3 Y=-28 Z=1 FlatVerts=354 SlopeVerts=282
[+00:54:55.730] VoxelMesh: Chunk X=0 Y=0 Z=0 FlatVerts=12 SlopeVerts=804
[+00:54:55.730] VoxelChunk: GenerateAsync (7,-23,2)
[+00:54:55.731] VoxelMesh: Chunk X=7 Y=-23 Z=2 FlatVerts=0 SlopeVerts=1038
[+00:54:55.735] VoxelChunk: GenerateAsync (7,-22,-3)
[+00:54:55.741] VoxelChunk: GenerateAsync (2,-27,-3)
[+00:54:55.752] VoxelMesh: Chunk X=0 Y=0 Z=0 FlatVerts=696 SlopeVerts=20742
[+00:54:55.753] VoxelChunk: GenerateAsync (7,-27,2)
[+00:54:55.756] VoxelMesh: Chunk X=0 Y=0 Z=0 FlatVerts=7818 SlopeVerts=432
[+00:54:55.757] VoxelChunk: GenerateAsync (2,-27,1)
[+00:54:55.761] VoxelMesh: Chunk X=0 Y=0 Z=0 FlatVerts=324 SlopeVerts=11982
[+00:54:55.763] VoxelChunk: GenerateAsync (2,-23,1)
[+00:54:55.763] VoxelMesh: Chunk X=2 Y=-23 Z=1 FlatVerts=186 SlopeVerts=936
[+00:54:55.766] VoxelMesh: Chunk X=0 Y=0 Z=0 FlatVerts=330 SlopeVerts=18936
[+00:54:55.767] VoxelChunk: GenerateAsync (3,-23,2)
[+00:54:55.768] VoxelMesh: Chunk X=3 Y=-23 Z=2 FlatVerts=162 SlopeVerts=5286
[+00:54:55.789] VoxelWater: Chunk X=6 Y=-26 Z=1 emitted 60 procedural water vertices (Ocean/Pools)
[+00:54:55.789] VoxelWater: Chunk X=5 Y=-26 Z=1 emitted 152 procedural water vertices (Ocean/Pools)
[+00:54:55.789] VoxelWater: Chunk X=4 Y=-26 Z=1 emitted 148 procedural water vertices (Ocean/Pools)
[+00:54:55.789] VoxelWater: Chunk X=5 Y=-24 Z=1 emitted 8 procedural water vertices (Ocean/Pools)
[+00:54:55.789] VoxelWater: Chunk X=4 Y=-25 Z=1 emitted 56 procedural water vertices (Ocean/Pools)
[+00:54:55.789] VoxelWater: Chunk X=5 Y=-25 Z=1 emitted 8 procedural water vertices (Ocean/Pools)
[+00:54:55.789] VoxelWater: Chunk X=4 Y=-26 Z=2 emitted 20 procedural water vertices (Ocean/Pools)
[+00:54:55.789] VoxelWater: Chunk X=4 Y=-25 Z=2 emitted 156 procedural water vertices (Ocean/Pools)
[+00:54:55.790] VoxelWater: Chunk X=4 Y=-25 Z=3 emitted 84 procedural water vertices (Ocean/Pools)
[+00:54:55.790] VoxelWater: Chunk X=5 Y=-25 Z=2 emitted 212 procedural water vertices (Ocean/Pools)
[+00:54:55.790] VoxelWater: Chunk X=4 Y=-24 Z=2 emitted 104 procedural water vertices (Ocean/Pools)
[+00:54:55.790] VoxelWater: Chunk X=4 Y=-24 Z=3 emitted 136 procedural water vertices (Ocean/Pools)
[+00:54:55.790] VoxelWater: Chunk X=5 Y=-25 Z=3 emitted 188 procedural water vertices (Ocean/Pools)
[+00:54:55.790] VoxelWater: Chunk X=5 Y=-24 Z=2 emitted 120 procedural water vertices (Ocean/Pools)
[+00:54:55.790] VoxelWater: Chunk X=5 Y=-24 Z=3 emitted 20 procedural water vertices (Ocean/Pools)
[+00:54:55.790] VoxelWater: Chunk X=6 Y=-24 Z=3 emitted 124 procedural water vertices (Ocean/Pools)
[+00:54:55.790] VoxelWater: Chunk X=6 Y=-26 Z=2 emitted 64 procedural water vertices (Ocean/Pools)
[+00:54:55.790] VoxelWater: Chunk X=6 Y=-26 Z=3 emitted 16 procedural water vertices (Ocean/Pools)
[+00:54:55.790] VoxelWater: Chunk X=6 Y=-25 Z=3 emitted 236 procedural water vertices (Ocean/Pools)
[+00:54:55.790] VoxelWater: Chunk X=6 Y=-25 Z=2 emitted 8 procedural water vertices (Ocean/Pools)
[+00:54:55.790] VoxelWater: Chunk X=6 Y=-24 Z=2 emitted 80 procedural water vertices (Ocean/Pools)
[+00:54:55.791] VoxelWater: Chunk X=6 Y=-24 Z=1 emitted 48 procedural water vertices (Ocean/Pools)
[+00:54:55.791] VoxelWater: Chunk X=4 Y=-24 Z=1 emitted 24 procedural water vertices (Ocean/Pools)
[+00:54:55.791] VoxelWater: Chunk X=4 Y=-27 Z=1 emitted 36 procedural water vertices (Ocean/Pools)
[+00:54:55.791] VoxelWater: Chunk X=6 Y=-27 Z=1 emitted 116 procedural water vertices (Ocean/Pools)
[+00:54:55.791] VoxelWater: Chunk X=7 Y=-26 Z=1 emitted 56 procedural water vertices (Ocean/Pools)
[+00:54:55.791] VoxelWater: Chunk X=8 Y=-26 Z=1 emitted 32 procedural water vertices (Ocean/Pools)
[+00:54:55.791] VoxelWater: Chunk X=3 Y=-26 Z=1 emitted 28 procedural water vertices (Ocean/Pools)
[+00:54:55.791] VoxelWater: Chunk X=5 Y=-27 Z=1 emitted 60 procedural water vertices (Ocean/Pools)
[+00:54:55.791] VoxelWater: Chunk X=5 Y=-23 Z=1 emitted 48 procedural water vertices (Ocean/Pools)
[+00:54:55.791] VoxelWater: Chunk X=7 Y=-27 Z=1 emitted 44 procedural water vertices (Ocean/Pools)
[+00:54:55.791] VoxelWater: Chunk X=8 Y=-27 Z=1 emitted 16 procedural water vertices (Ocean/Pools)
[+00:54:55.791] VoxelWater: Chunk X=5 Y=-28 Z=1 emitted 64 procedural water vertices (Ocean/Pools)
[+00:54:55.791] VoxelWater: Chunk X=5 Y=-23 Z=2 emitted 20 procedural water vertices (Ocean/Pools)
[+00:54:55.791] VoxelWater: Chunk X=5 Y=-27 Z=2 emitted 40 procedural water vertices (Ocean/Pools)
[+00:54:55.791] VoxelWater: Chunk X=6 Y=-27 Z=2 emitted 8 procedural water vertices (Ocean/Pools)
[+00:54:55.791] VoxelWater: Chunk X=3 Y=-24 Z=2 emitted 16 procedural water vertices (Ocean/Pools)
[+00:54:55.791] VoxelWater: Chunk X=3 Y=-26 Z=2 emitted 56 procedural water vertices (Ocean/Pools)
[+00:54:55.791] VoxelWater: Chunk X=4 Y=-23 Z=2 emitted 84 procedural water vertices (Ocean/Pools)
[+00:54:55.791] VoxelWater: Chunk X=7 Y=-28 Z=1 emitted 4 procedural water vertices (Ocean/Pools)
[+00:54:55.791] VoxelWater: Chunk X=6 Y=-28 Z=1 emitted 16 procedural water vertices (Ocean/Pools)
[+00:54:55.791] VoxelWater: Chunk X=7 Y=-26 Z=2 emitted 24 procedural water vertices (Ocean/Pools)
[+00:54:55.791] VoxelWater: Chunk X=6 Y=-22 Z=1 emitted 24 procedural water vertices (Ocean/Pools)
[+00:54:55.791] VoxelWater: Chunk X=4 Y=-27 Z=2 emitted 32 procedural water vertices (Ocean/Pools)
[+00:54:55.791] VoxelWater: Chunk X=2 Y=-23 Z=1 emitted 8 procedural water vertices (Ocean/Pools)
[+00:54:55.791] VoxelWater: Chunk X=2 Y=-24 Z=1 emitted 4 procedural water vertices (Ocean/Pools)
[+00:54:55.805] VoxelChunk: GenerateAsync (8,-27,-3)
[+00:54:55.810] VoxelMesh: Chunk X=0 Y=0 Z=0 FlatVerts=894 SlopeVerts=2304
[+00:54:55.810] VoxelChunk: GenerateAsync (5,-29,0)
[+00:54:55.816] VoxelChunk: GenerateAsync (3,-28,-3)
[+00:54:55.821] VoxelChunk: GenerateAsync (3,-22,-3)
[+00:54:55.830] VoxelMesh: Chunk X=0 Y=0 Z=0 FlatVerts=6318 SlopeVerts=3468
[+00:54:55.832] VoxelChunk: GenerateAsync (8,-23,1)
[+00:54:55.832] VoxelMesh: Chunk X=8 Y=-23 Z=1 FlatVerts=1902 SlopeVerts=558
[+00:54:55.838] VoxelChunk: GenerateAsync (7,-28,-3)
[+00:54:55.841] VoxelMesh: Chunk X=0 Y=0 Z=0 FlatVerts=1110 SlopeVerts=18498
[+00:54:55.843] VoxelChunk: GenerateAsync (3,-22,1)
[+00:54:55.848] VoxelMesh: Chunk X=0 Y=0 Z=0 FlatVerts=462 SlopeVerts=3414
[+00:54:55.849] VoxelChunk: GenerateAsync (9,-25,0)
[+00:54:55.861] VoxelMesh: Chunk X=0 Y=0 Z=0 FlatVerts=4686 SlopeVerts=6012
[+00:54:55.861] VoxelChunk: GenerateAsync (5,-21,0)
[+00:54:55.865] VoxelMesh: Chunk X=0 Y=0 Z=0 FlatVerts=7362 SlopeVerts=252
[+00:54:55.866] VoxelChunk: GenerateAsync (7,-22,1)
[+00:54:55.866] VoxelMesh: Chunk X=7 Y=-22 Z=1 FlatVerts=2142 SlopeVerts=300
[+00:54:55.867] VoxelMesh: Chunk X=0 Y=0 Z=0 FlatVerts=0 SlopeVerts=1446
[+00:54:55.867] VoxelChunk: GenerateAsync (3,-27,2)
[+00:54:55.869] VoxelMesh: Chunk X=3 Y=-27 Z=2 FlatVerts=300 SlopeVerts=3258
[+00:54:55.871] VoxelMesh: Chunk X=0 Y=0 Z=0 FlatVerts=1446 SlopeVerts=624
[+00:54:55.872] VoxelChunk: GenerateAsync (1,-25,0)
[+00:54:55.885] VoxelChunk: GenerateAsync (2,-28,-1)
[+00:54:55.890] VoxelChunk: GenerateAsync (2,-22,-1)
[+00:54:55.895] VoxelChunk: GenerateAsync (8,-28,-1)
[+00:54:55.897] VoxelChunk: GenerateAsync (8,-22,-1)
[+00:54:55.909] VoxelMesh: Chunk X=0 Y=0 Z=0 FlatVerts=3660 SlopeVerts=4440
[+00:54:55.910] VoxelChunk: GenerateAsync (9,-24,0)
[+00:54:55.913] VoxelMesh: Chunk X=0 Y=0 Z=0 FlatVerts=1080 SlopeVerts=7668
[+00:54:55.914] VoxelChunk: GenerateAsync (5,-28,2)
[+00:54:55.914] VoxelMesh: Chunk X=5 Y=-28 Z=2 FlatVerts=306 SlopeVerts=1008
[+00:54:55.919] VoxelMesh: Chunk X=0 Y=0 Z=0 FlatVerts=0 SlopeVerts=54
[+00:54:55.920] VoxelChunk: GenerateAsync (1,-24,0)
[+00:54:55.922] VoxelMesh: Chunk X=0 Y=0 Z=0 FlatVerts=1362 SlopeVerts=10362
[+00:54:55.923] VoxelChunk: GenerateAsync (2,-25,2)
[+00:54:55.924] VoxelMesh: Chunk X=2 Y=-25 Z=2 FlatVerts=0 SlopeVerts=18
[+00:54:55.934] VoxelChunk: GenerateAsync (3,-24,0)
[+00:54:55.934] VoxelChunk: GenerateAsync (4,-23,0)
[+00:54:55.934] VoxelChunk: GenerateAsync (4,-26,1)
[+00:54:55.934] VoxelChunk: GenerateAsync (7,-25,0)
[+00:54:55.934] VoxelChunk: GenerateAsync (3,-25,0)
[+00:54:55.934] VoxelChunk: GenerateAsync (5,-23,0)
[+00:54:55.934] VoxelChunk: GenerateAsync (5,-27,0)
[+00:54:55.934] VoxelChunk: GenerateAsync (5,-26,1)
[+00:54:55.934] VoxelChunk: GenerateAsync (4,-25,1)
[+00:54:55.934] VoxelChunk: GenerateAsync (5,-25,1)
[+00:54:55.934] VoxelChunk: GenerateAsync (4,-24,0)
[+00:54:55.934] VoxelChunk: GenerateAsync (6,-26,0)
[+00:54:55.934] VoxelChunk: GenerateAsync (6,-24,0)
[+00:54:55.934] VoxelChunk: GenerateAsync (6,-25,0)
[+00:54:55.934] VoxelChunk: GenerateAsync (5,-24,0)
[+00:54:55.934] VoxelChunk: GenerateAsync (8,-26,-2)
[+00:54:55.934] VoxelChunk: GenerateAsync (5,-28,0)
[+00:54:55.934] VoxelChunk: GenerateAsync (2,-25,0)
[+00:54:55.934] VoxelChunk: GenerateAsync (8,-25,-2)
[+00:54:55.934] VoxelChunk: GenerateAsync (5,-22,-2)
[+00:54:55.934] VoxelChunk: GenerateAsync (7,-23,-2)
[+00:54:55.934] VoxelChunk: GenerateAsync (3,-27,0)
[+00:54:55.934] VoxelChunk: GenerateAsync (7,-26,0)
[+00:54:55.934] VoxelChunk: GenerateAsync (4,-27,0)
[+00:54:55.934] VoxelChunk: GenerateAsync (6,-27,0)
[+00:54:55.934] VoxelChunk: GenerateAsync (3,-26,0)
[+00:54:55.934] VoxelChunk: GenerateAsync (4,-28,0)
[+00:54:55.934] VoxelChunk: GenerateAsync (2,-26,0)
[+00:54:55.934] VoxelChunk: GenerateAsync (4,-22,-2)
[+00:54:55.934] VoxelChunk: GenerateAsync (7,-28,-2)
[+00:54:55.934] VoxelChunk: GenerateAsync (2,-23,-2)
[+00:54:55.934] VoxelChunk: GenerateAsync (3,-28,0)
[+00:54:55.934] VoxelChunk: GenerateAsync (8,-23,0)
[+00:54:55.934] VoxelChunk: GenerateAsync (8,-27,0)
[+00:54:55.934] VoxelChunk: GenerateAsync (3,-22,0)
[+00:54:55.934] VoxelChunk: GenerateAsync (3,-24,2)
[+00:54:55.934] VoxelChunk: GenerateAsync (8,-27,-2)
[+00:54:55.934] VoxelChunk: GenerateAsync (7,-22,0)
[+00:54:55.934] VoxelChunk: GenerateAsync (3,-26,2)
[+00:54:55.934] VoxelChunk: GenerateAsync (4,-23,2)
[+00:54:55.935] VoxelChunk: GenerateAsync (2,-23,0)
[+00:54:55.935] VoxelChunk: GenerateAsync (4,-28,1)
[+00:54:55.935] VoxelChunk: GenerateAsync (7,-28,0)
[+00:54:55.935] VoxelChunk: GenerateAsync (6,-28,1)
[+00:54:55.935] VoxelChunk: GenerateAsync (6,-27,2)
[+00:54:55.935] VoxelChunk: GenerateAsync (7,-24,2)
[+00:54:55.935] VoxelMesh: Chunk X=4 Y=-26 Z=1 FlatVerts=558 SlopeVerts=132
[+00:54:55.935] VoxelChunk: GenerateAsync (3,-22,-2)
[+00:54:55.935] VoxelChunk: GenerateAsync (6,-23,2)
[+00:54:55.935] VoxelChunk: GenerateAsync (2,-27,0)
[+00:54:55.935] VoxelChunk: GenerateAsync (7,-26,2)
[+00:54:55.935] VoxelChunk: GenerateAsync (2,-26,1)
[+00:54:55.935] VoxelMesh: Chunk X=5 Y=-26 Z=1 FlatVerts=558 SlopeVerts=120
[+00:54:55.935] VoxelChunk: GenerateAsync (6,-22,1)
[+00:54:55.935] VoxelChunk: GenerateAsync (8,-26,1)
[+00:54:55.935] VoxelChunk: GenerateAsync (4,-22,1)
[+00:54:55.935] VoxelChunk: GenerateAsync (8,-24,1)
[+00:54:55.935] VoxelChunk: GenerateAsync (2,-24,1)
[+00:54:55.935] VoxelChunk: GenerateAsync (4,-27,2)
[+00:54:55.935] VoxelChunk: GenerateAsync (8,-24,-3)
[+00:54:55.935] VoxelChunk: GenerateAsync (8,-23,-3)
[+00:54:55.935] VoxelChunk: GenerateAsync (7,-28,1)
[+00:54:55.935] VoxelChunk: GenerateAsync (8,-27,1)
[+00:54:55.935] VoxelMesh: Chunk X=5 Y=-25 Z=1 FlatVerts=42 SlopeVerts=114
[+00:54:55.936] VoxelChunk: GenerateAsync (3,-28,1)
[+00:54:55.936] VoxelChunk: GenerateAsync (7,-23,2)
[+00:54:55.936] VoxelChunk: GenerateAsync (7,-22,-3)
[+00:54:55.936] VoxelMesh: Chunk X=4 Y=-25 Z=1 FlatVerts=30 SlopeVerts=132
[+00:54:55.936] VoxelChunk: GenerateAsync (7,-27,2)
[+00:54:55.936] VoxelChunk: GenerateAsync (2,-27,1)
[+00:54:55.936] VoxelChunk: GenerateAsync (2,-23,1)
[+00:54:55.936] VoxelChunk: GenerateAsync (3,-23,2)
[+00:54:55.936] VoxelChunk: GenerateAsync (8,-27,-3)
[+00:54:55.936] VoxelChunk: GenerateAsync (5,-29,0)
[+00:54:55.936] VoxelChunk: GenerateAsync (3,-22,-3)
[+00:54:55.936] VoxelChunk: GenerateAsync (8,-23,1)
[+00:54:55.936] VoxelChunk: GenerateAsync (3,-22,1)
[+00:54:55.936] VoxelChunk: GenerateAsync (9,-25,0)
[+00:54:55.936] VoxelChunk: GenerateAsync (5,-21,0)
[+00:54:55.936] VoxelChunk: GenerateAsync (7,-22,1)
[+00:54:55.936] VoxelChunk: GenerateAsync (3,-27,2)
[+00:54:55.936] VoxelChunk: GenerateAsync (1,-25,0)
[+00:54:55.936] VoxelChunk: GenerateAsync (9,-24,0)
[+00:54:55.936] VoxelChunk: GenerateAsync (5,-28,2)
[+00:54:55.936] VoxelChunk: GenerateAsync (1,-24,0)
[+00:54:55.936] VoxelChunk: GenerateAsync (2,-25,2)
[+00:54:55.938] VoxelChunk: GenerateAsync (6,-21,0)
[+00:54:55.940] VoxelMesh: Chunk X=3 Y=-24 Z=2 FlatVerts=0 SlopeVerts=132
[+00:54:55.940] VoxelMesh: Chunk X=3 Y=-26 Z=2 FlatVerts=36 SlopeVerts=780
[+00:54:55.940] VoxelMesh: Chunk X=4 Y=-23 Z=2 FlatVerts=18 SlopeVerts=852
[+00:54:55.940] VoxelChunk: GenerateAsync (4,-21,0)
[+00:54:55.941] VoxelMesh: Chunk X=6 Y=-27 Z=2 FlatVerts=24 SlopeVerts=18
[+00:54:55.941] VoxelMesh: Chunk X=6 Y=-28 Z=1 FlatVerts=588 SlopeVerts=126
[+00:54:55.941] VoxelMesh: Chunk X=4 Y=-28 Z=1 FlatVerts=144 SlopeVerts=54
[+00:54:55.941] VoxelMesh: Chunk X=6 Y=-23 Z=2 FlatVerts=0 SlopeVerts=0
[+00:54:55.941] VoxelMesh: Chunk X=2 Y=-22 Z=-1 FlatVerts=864 SlopeVerts=4284
[+00:54:55.941] VoxelMesh: Chunk X=7 Y=-24 Z=2 FlatVerts=0 SlopeVerts=366
[+00:54:55.941] VoxelMesh: Chunk X=6 Y=-22 Z=1 FlatVerts=486 SlopeVerts=60
[+00:54:55.941] VoxelMesh: Chunk X=7 Y=-26 Z=2 FlatVerts=0 SlopeVerts=570
[+00:54:55.942] VoxelMesh: Chunk X=8 Y=-26 Z=1 FlatVerts=330 SlopeVerts=282
[+00:54:55.942] VoxelChunk: GenerateAsync (5,-22,2)
[+00:54:55.942] VoxelMesh: Chunk X=4 Y=-22 Z=1 FlatVerts=0 SlopeVerts=6
[+00:54:55.942] VoxelMesh: Chunk X=4 Y=-27 Z=2 FlatVerts=402 SlopeVerts=714
[+00:54:55.943] VoxelMesh: Chunk X=7 Y=-28 Z=1 FlatVerts=564 SlopeVerts=0
[+00:54:55.943] VoxelMesh: Chunk X=8 Y=-24 Z=1 FlatVerts=12 SlopeVerts=48
[+00:54:55.943] VoxelMesh: Chunk X=8 Y=-27 Z=1 FlatVerts=552 SlopeVerts=36
[+00:54:55.943] VoxelChunk: GenerateAsync (6,-29,0)
[+00:54:55.943] VoxelMesh: Chunk X=3 Y=-28 Z=1 FlatVerts=138 SlopeVerts=30
[+00:54:55.943] VoxelMesh: Chunk X=2 Y=-24 Z=1 FlatVerts=18 SlopeVerts=114
[+00:54:55.943] VoxelMesh: Chunk X=7 Y=-23 Z=2 FlatVerts=0 SlopeVerts=276
[+00:54:55.943] VoxelMesh: Chunk X=2 Y=-23 Z=1 FlatVerts=72 SlopeVerts=222
[+00:54:55.943] VoxelMesh: Chunk X=3 Y=-23 Z=2 FlatVerts=72 SlopeVerts=1236
[+00:54:55.944] VoxelMesh: Chunk X=8 Y=-23 Z=1 FlatVerts=474 SlopeVerts=138
[+00:54:55.944] VoxelMesh: Chunk X=7 Y=-22 Z=1 FlatVerts=546 SlopeVerts=6
[+00:54:55.945] VoxelMesh: Chunk X=3 Y=-22 Z=1 FlatVerts=0 SlopeVerts=0
[+00:54:55.945] VoxelMesh: Chunk X=3 Y=-27 Z=2 FlatVerts=162 SlopeVerts=630
[+00:54:55.945] VoxelMesh: Chunk X=5 Y=-28 Z=2 FlatVerts=150 SlopeVerts=150
[+00:54:55.945] VoxelMesh: Chunk X=2 Y=-25 Z=2 FlatVerts=0 SlopeVerts=12
[+00:54:55.947] VoxelMesh: Chunk X=5 Y=-22 Z=2 FlatVerts=864 SlopeVerts=4284
[+00:54:55.959] VoxelMesh: Chunk X=2 Y=-23 Z=-1 FlatVerts=54 SlopeVerts=810
[+00:54:55.960] VoxelChunk: GenerateAsync (8,-25,2)
[+00:54:55.960] VoxelMesh: Chunk X=8 Y=-25 Z=2 FlatVerts=54 SlopeVerts=810
[+00:54:55.960] VoxelChunk: GenerateAsync (9,-26,0)
[+00:54:55.961] VoxelChunk: GenerateAsync (1,-26,0)
[+00:54:55.961] VoxelChunk: GenerateAsync (4,-29,0)
[+00:54:55.982] VoxelWater: Chunk X=6 Y=-26 Z=1 emitted 56 procedural water vertices (Ocean/Pools)
[+00:54:55.982] VoxelWater: Chunk X=4 Y=-26 Z=1 emitted 228 procedural water vertices (Ocean/Pools)
[+00:54:55.982] VoxelWater: Chunk X=5 Y=-24 Z=1 emitted 12 procedural water vertices (Ocean/Pools)
[+00:54:55.982] VoxelWater: Chunk X=6 Y=-24 Z=1 emitted 56 procedural water vertices (Ocean/Pools)
[+00:54:55.982] VoxelWater: Chunk X=5 Y=-26 Z=1 emitted 180 procedural water vertices (Ocean/Pools)
[+00:54:55.982] VoxelWater: Chunk X=4 Y=-25 Z=1 emitted 56 procedural water vertices (Ocean/Pools)
[+00:54:55.982] VoxelWater: Chunk X=5 Y=-25 Z=1 emitted 16 procedural water vertices (Ocean/Pools)
[+00:54:55.982] VoxelWater: Chunk X=4 Y=-26 Z=2 emitted 12 procedural water vertices (Ocean/Pools)
[+00:54:55.982] VoxelWater: Chunk X=4 Y=-25 Z=2 emitted 172 procedural water vertices (Ocean/Pools)
[+00:54:55.982] VoxelWater: Chunk X=4 Y=-25 Z=3 emitted 92 procedural water vertices (Ocean/Pools)
[+00:54:55.982] VoxelWater: Chunk X=5 Y=-25 Z=2 emitted 236 procedural water vertices (Ocean/Pools)
[+00:54:55.982] VoxelWater: Chunk X=4 Y=-24 Z=2 emitted 112 procedural water vertices (Ocean/Pools)
[+00:54:55.982] VoxelWater: Chunk X=4 Y=-24 Z=3 emitted 144 procedural water vertices (Ocean/Pools)
[+00:54:55.982] VoxelWater: Chunk X=5 Y=-25 Z=3 emitted 192 procedural water vertices (Ocean/Pools)
[+00:54:55.982] VoxelWater: Chunk X=5 Y=-24 Z=2 emitted 120 procedural water vertices (Ocean/Pools)
[+00:54:55.982] VoxelWater: Chunk X=5 Y=-24 Z=3 emitted 20 procedural water vertices (Ocean/Pools)
[+00:54:55.982] VoxelWater: Chunk X=6 Y=-24 Z=3 emitted 124 procedural water vertices (Ocean/Pools)
[+00:54:55.982] VoxelWater: Chunk X=6 Y=-26 Z=2 emitted 64 procedural water vertices (Ocean/Pools)
[+00:54:55.982] VoxelWater: Chunk X=6 Y=-26 Z=3 emitted 16 procedural water vertices (Ocean/Pools)
[+00:54:55.982] VoxelWater: Chunk X=6 Y=-25 Z=3 emitted 252 procedural water vertices (Ocean/Pools)
[+00:54:55.982] VoxelWater: Chunk X=6 Y=-25 Z=2 emitted 12 procedural water vertices (Ocean/Pools)
[+00:54:55.982] VoxelWater: Chunk X=6 Y=-24 Z=2 emitted 80 procedural water vertices (Ocean/Pools)
[+00:54:55.982] VoxelWater: Chunk X=4 Y=-24 Z=1 emitted 20 procedural water vertices (Ocean/Pools)
[+00:54:55.982] VoxelWater: Chunk X=4 Y=-27 Z=1 emitted 36 procedural water vertices (Ocean/Pools)
[+00:54:55.982] VoxelWater: Chunk X=5 Y=-27 Z=1 emitted 72 procedural water vertices (Ocean/Pools)
[+00:54:55.982] VoxelWater: Chunk X=6 Y=-27 Z=1 emitted 116 procedural water vertices (Ocean/Pools)
[+00:54:55.982] VoxelWater: Chunk X=7 Y=-26 Z=1 emitted 68 procedural water vertices (Ocean/Pools)
[+00:54:55.982] VoxelWater: Chunk X=8 Y=-26 Z=1 emitted 48 procedural water vertices (Ocean/Pools)
[+00:54:55.982] VoxelWater: Chunk X=3 Y=-26 Z=1 emitted 28 procedural water vertices (Ocean/Pools)
[+00:54:55.982] VoxelWater: Chunk X=7 Y=-24 Z=1 emitted 4 procedural water vertices (Ocean/Pools)
[+00:54:55.982] VoxelWater: Chunk X=5 Y=-23 Z=1 emitted 56 procedural water vertices (Ocean/Pools)
[+00:54:55.983] VoxelWater: Chunk X=8 Y=-27 Z=1 emitted 40 procedural water vertices (Ocean/Pools)
[+00:54:55.983] VoxelWater: Chunk X=7 Y=-27 Z=1 emitted 48 procedural water vertices (Ocean/Pools)
[+00:54:55.983] VoxelWater: Chunk X=5 Y=-28 Z=1 emitted 68 procedural water vertices (Ocean/Pools)
[+00:54:55.983] VoxelWater: Chunk X=5 Y=-23 Z=2 emitted 28 procedural water vertices (Ocean/Pools)
[+00:54:55.983] VoxelWater: Chunk X=5 Y=-27 Z=2 emitted 48 procedural water vertices (Ocean/Pools)
[+00:54:55.983] VoxelWater: Chunk X=5 Y=-28 Z=2 emitted 48 procedural water vertices (Ocean/Pools)
[+00:54:55.983] VoxelWater: Chunk X=6 Y=-27 Z=2 emitted 12 procedural water vertices (Ocean/Pools)
[+00:54:55.983] VoxelWater: Chunk X=3 Y=-23 Z=2 emitted 64 procedural water vertices (Ocean/Pools)
[+00:54:55.983] VoxelWater: Chunk X=3 Y=-24 Z=2 emitted 16 procedural water vertices (Ocean/Pools)
[+00:54:55.983] VoxelWater: Chunk X=3 Y=-26 Z=2 emitted 72 procedural water vertices (Ocean/Pools)
[+00:54:55.983] VoxelWater: Chunk X=4 Y=-23 Z=2 emitted 100 procedural water vertices (Ocean/Pools)
[+00:54:55.983] VoxelWater: Chunk X=6 Y=-28 Z=1 emitted 36 procedural water vertices (Ocean/Pools)
[+00:54:55.983] VoxelWater: Chunk X=7 Y=-26 Z=2 emitted 40 procedural water vertices (Ocean/Pools)
[+00:54:55.983] VoxelWater: Chunk X=6 Y=-22 Z=1 emitted 48 procedural water vertices (Ocean/Pools)
[+00:54:55.983] VoxelWater: Chunk X=2 Y=-24 Z=1 emitted 4 procedural water vertices (Ocean/Pools)
[+00:54:55.983] VoxelWater: Chunk X=4 Y=-27 Z=2 emitted 48 procedural water vertices (Ocean/Pools)
[+00:54:55.983] VoxelWater: Chunk X=7 Y=-28 Z=1 emitted 4 procedural water vertices (Ocean/Pools)
[+00:54:55.983] VoxelWater: Chunk X=2 Y=-23 Z=1 emitted 16 procedural water vertices (Ocean/Pools)
[+00:54:55.983] VoxelWater: Chunk X=3 Y=-23 Z=1 emitted 4 procedural water vertices (Ocean/Pools)
[+00:54:55.983] VoxelWater: Chunk X=8 Y=-23 Z=1 emitted 40 procedural water vertices (Ocean/Pools)
[+00:54:55.983] VoxelWater: Chunk X=7 Y=-22 Z=1 emitted 36 procedural water vertices (Ocean/Pools)
[+00:54:55.983] VoxelWater: Chunk X=3 Y=-27 Z=2 emitted 76 procedural water vertices (Ocean/Pools)
[+00:54:55.983] VoxelWater: Chunk X=5 Y=-22 Z=2 emitted 48 procedural water vertices (Ocean/Pools)
[+00:54:55.993] VoxelChunk: GenerateAsync (8,-28,-2)
[+00:54:55.993] VoxelChunk: GenerateAsync (2,-28,0)
[+00:54:55.994] VoxelMesh: Chunk X=3 Y=-22 Z=-1 FlatVerts=0 SlopeVerts=972
[+00:54:55.994] VoxelChunk: GenerateAsync (8,-24,2)
[+00:54:55.994] VoxelMesh: Chunk X=8 Y=-24 Z=2 FlatVerts=0 SlopeVerts=972
[+00:54:55.994] VoxelMesh: Chunk X=3 Y=-28 Z=-1 FlatVerts=150 SlopeVerts=348
[+00:54:55.995] VoxelChunk: GenerateAsync (6,-28,2)
[+00:54:55.995] VoxelMesh: Chunk X=6 Y=-28 Z=2 FlatVerts=150 SlopeVerts=348
[+00:54:56.002] VoxelMesh: Chunk X=7 Y=-27 Z=-1 FlatVerts=582 SlopeVerts=774
[+00:54:56.002] VoxelChunk: GenerateAsync (6,-22,2)
[+00:54:56.003] VoxelChunk: GenerateAsync (2,-22,-2)
[+00:54:56.003] VoxelMesh: Chunk X=6 Y=-22 Z=2 FlatVerts=582 SlopeVerts=774
[+00:54:56.004] VoxelMesh: Chunk X=3 Y=-27 Z=-1 FlatVerts=96 SlopeVerts=2754
[+00:54:56.004] VoxelChunk: GenerateAsync (2,-26,2)
[+00:54:56.005] VoxelMesh: Chunk X=3 Y=-23 Z=-1 FlatVerts=126 SlopeVerts=3360
[+00:54:56.005] VoxelMesh: Chunk X=2 Y=-26 Z=2 FlatVerts=96 SlopeVerts=2754
[+00:54:56.005] VoxelChunk: GenerateAsync (4,-22,2)
[+00:54:56.005] VoxelMesh: Chunk X=4 Y=-22 Z=2 FlatVerts=126 SlopeVerts=3360
[+00:54:56.015] VoxelChunk: GenerateAsync (2,-28,-2)
[+00:54:56.015] VoxelMesh: Chunk X=5 Y=-28 Z=-1 FlatVerts=1260 SlopeVerts=2754
[+00:54:56.016] VoxelChunk: GenerateAsync (4,-28,2)
[+00:54:56.016] VoxelMesh: Chunk X=8 Y=-25 Z=-1 FlatVerts=48 SlopeVerts=738
[+00:54:56.016] VoxelChunk: GenerateAsync (2,-24,2)
[+00:54:56.016] VoxelMesh: Chunk X=4 Y=-28 Z=2 FlatVerts=1260 SlopeVerts=2754
[+00:54:56.017] VoxelMesh: Chunk X=2 Y=-24 Z=2 FlatVerts=48 SlopeVerts=738
[+00:54:56.017] VoxelMesh: Chunk X=2 Y=-25 Z=-1 FlatVerts=114 SlopeVerts=2316
[+00:54:56.017] VoxelChunk: GenerateAsync (8,-26,2)
[+00:54:56.017] VoxelMesh: Chunk X=8 Y=-26 Z=2 FlatVerts=114 SlopeVerts=2316
[+00:54:56.025] VoxelChunk: GenerateAsync (8,-22,0)
[+00:54:56.026] VoxelChunk: GenerateAsync (8,-28,0)
[+00:54:56.026] VoxelChunk: GenerateAsync (2,-22,0)
[+00:54:56.028] VoxelChunk: GenerateAsync (8,-22,-2)
[+00:54:56.037] VoxelChunk: GenerateAsync (5,-27,3)
[+00:54:56.037] VoxelMesh: Chunk X=8 Y=-24 Z=-1 FlatVerts=366 SlopeVerts=930
[+00:54:56.037] VoxelChunk: GenerateAsync (3,-25,3)
[+00:54:56.037] VoxelMesh: Chunk X=6 Y=-22 Z=-1 FlatVerts=654 SlopeVerts=12
[+00:54:56.037] VoxelMesh: Chunk X=3 Y=-25 Z=3 FlatVerts=366 SlopeVerts=930
[+00:54:56.037] VoxelChunk: GenerateAsync (5,-29,1)
[+00:54:56.037] VoxelMesh: Chunk X=5 Y=-29 Z=1 FlatVerts=654 SlopeVerts=12
[+00:54:56.037] VoxelMesh: Chunk X=4 Y=-22 Z=-1 FlatVerts=0 SlopeVerts=102
[+00:54:56.038] VoxelChunk: GenerateAsync (5,-21,1)
[+00:54:56.038] VoxelMesh: Chunk X=5 Y=-21 Z=1 FlatVerts=0 SlopeVerts=102
[+00:54:56.045] VoxelChunk: GenerateAsync (5,-23,3)
[+00:54:56.046] VoxelMesh: Chunk X=6 Y=-25 Z=-1 FlatVerts=0 SlopeVerts=1446
[+00:54:56.047] VoxelChunk: GenerateAsync (7,-25,3)
[+00:54:56.048] VoxelMesh: Chunk X=6 Y=-26 Z=-1 FlatVerts=30 SlopeVerts=120
[+00:54:56.048] VoxelMesh: Chunk X=7 Y=-25 Z=3 FlatVerts=0 SlopeVerts=1446
[+00:54:56.048] VoxelChunk: GenerateAsync (9,-25,1)
[+00:54:56.049] VoxelMesh: Chunk X=9 Y=-25 Z=1 FlatVerts=30 SlopeVerts=120
[+00:54:56.049] VoxelChunk: GenerateAsync (1,-25,1)
[+00:54:56.058] VoxelMesh: Chunk X=5 Y=-25 Z=-1 FlatVerts=258 SlopeVerts=5016
[+00:54:56.062] VoxelChunk: GenerateAsync (3,-24,3)
[+00:54:56.063] VoxelChunk: GenerateAsync (3,-21,0)
[+00:54:56.063] VoxelMesh: Chunk X=3 Y=-24 Z=3 FlatVerts=258 SlopeVerts=5016
[+00:54:56.064] VoxelChunk: GenerateAsync (1,-26,1)
[+00:54:56.064] VoxelChunk: GenerateAsync (6,-23,3)
[+00:54:56.077] VoxelChunk: GenerateAsync (7,-21,0)
[+00:54:56.078] VoxelChunk: GenerateAsync (1,-27,0)
[+00:54:56.079] VoxelMesh: Chunk X=5 Y=-23 Z=-1 FlatVerts=0 SlopeVerts=1356
[+00:54:56.079] VoxelChunk: GenerateAsync (7,-26,3)
[+00:54:56.080] VoxelChunk: GenerateAsync (9,-27,0)
[+00:54:56.080] VoxelMesh: Chunk X=7 Y=-26 Z=3 FlatVerts=0 SlopeVerts=1356
[+00:54:56.086] VoxelMesh: Chunk X=3 Y=-25 Z=-1 FlatVerts=120 SlopeVerts=582
[+00:54:56.087] VoxelChunk: GenerateAsync (6,-21,1)
[+00:54:56.087] VoxelMesh: Chunk X=7 Y=-26 Z=-1 FlatVerts=48 SlopeVerts=804
[+00:54:56.087] VoxelMesh: Chunk X=6 Y=-21 Z=1 FlatVerts=120 SlopeVerts=582
[+00:54:56.087] VoxelChunk: GenerateAsync (4,-21,1)
[+00:54:56.089] VoxelMesh: Chunk X=6 Y=-23 Z=-1 FlatVerts=1596 SlopeVerts=846
[+00:54:56.089] VoxelMesh: Chunk X=4 Y=-21 Z=1 FlatVerts=48 SlopeVerts=804
[+00:54:56.090] VoxelChunk: GenerateAsync (4,-29,1)
[+00:54:56.090] VoxelChunk: GenerateAsync (1,-23,0)
[+00:54:56.091] VoxelMesh: Chunk X=4 Y=-29 Z=1 FlatVerts=1596 SlopeVerts=846
[+00:54:56.099] VoxelChunk: GenerateAsync (9,-23,0)
[+00:54:56.099] VoxelChunk: GenerateAsync (3,-29,0)
[+00:54:56.100] VoxelMesh: Chunk X=6 Y=-27 Z=-1 FlatVerts=444 SlopeVerts=912
[+00:54:56.101] VoxelChunk: GenerateAsync (9,-26,1)
[+00:54:56.101] VoxelMesh: Chunk X=9 Y=-26 Z=1 FlatVerts=444 SlopeVerts=912
[+00:54:56.101] VoxelMesh: Chunk X=7 Y=-24 Z=-1 FlatVerts=978 SlopeVerts=1056
[+00:54:56.102] VoxelChunk: GenerateAsync (1,-24,1)
[+00:54:56.103] VoxelMesh: Chunk X=1 Y=-24 Z=1 FlatVerts=978 SlopeVerts=1056
[+00:54:56.110] VoxelMesh: Chunk X=3 Y=-26 Z=-1 FlatVerts=90 SlopeVerts=3846
[+00:54:56.110] VoxelChunk: GenerateAsync (4,-23,3)
[+00:54:56.110] VoxelMesh: Chunk X=4 Y=-23 Z=3 FlatVerts=90 SlopeVerts=3846
[+00:54:56.113] VoxelMesh: Chunk X=0 Y=0 Z=0 FlatVerts=0 SlopeVerts=0
[+00:54:56.113] VoxelChunk: GenerateAsync (4,-27,3)
[+00:54:56.114] VoxelMesh: Chunk X=4 Y=-27 Z=3 FlatVerts=0 SlopeVerts=24
[+00:54:56.117] VoxelMesh: Chunk X=0 Y=0 Z=0 FlatVerts=3822 SlopeVerts=12264
[+00:54:56.118] VoxelChunk: GenerateAsync (9,-24,1)
[+00:54:56.119] VoxelMesh: Chunk X=9 Y=-24 Z=1 FlatVerts=108 SlopeVerts=126
[+00:54:56.119] VoxelMesh: Chunk X=0 Y=0 Z=0 FlatVerts=0 SlopeVerts=684
[+00:54:56.120] VoxelChunk: GenerateAsync (6,-27,3)
[+00:54:56.131] VoxelMesh: Chunk X=0 Y=0 Z=0 FlatVerts=36 SlopeVerts=8952
[+00:54:56.131] VoxelChunk: GenerateAsync (7,-24,3)
[+00:54:56.132] VoxelMesh: Chunk X=7 Y=-24 Z=3 FlatVerts=0 SlopeVerts=2832
[+00:54:56.133] VoxelMesh: Chunk X=0 Y=0 Z=0 FlatVerts=5016 SlopeVerts=2346
[+00:54:56.135] VoxelChunk: GenerateAsync (7,-29,0)
[+00:54:56.137] VoxelChunk: GenerateAsync (3,-26,3)
[+00:54:56.137] VoxelMesh: Chunk X=3 Y=-26 Z=3 FlatVerts=120 SlopeVerts=3750
[+00:54:56.139] VoxelMesh: Chunk X=0 Y=0 Z=0 FlatVerts=2610 SlopeVerts=8670
[+00:54:56.141] VoxelChunk: GenerateAsync (6,-29,1)
[+00:54:56.141] VoxelMesh: Chunk X=6 Y=-29 Z=1 FlatVerts=2208 SlopeVerts=828
[+00:54:56.156] VoxelChunk: GenerateAsync (8,-22,-3)
[+00:54:56.161] VoxelChunk: GenerateAsync (2,-22,-3)
[+00:54:56.164] VoxelMesh: Chunk X=0 Y=0 Z=0 FlatVerts=0 SlopeVerts=354
[+00:54:56.164] VoxelChunk: GenerateAsync (8,-23,2)
[+00:54:56.164] VoxelMesh: Chunk X=8 Y=-23 Z=2 FlatVerts=0 SlopeVerts=378
[+00:54:56.166] VoxelMesh: Chunk X=0 Y=0 Z=0 FlatVerts=288 SlopeVerts=25290
[+00:54:56.169] VoxelChunk: GenerateAsync (3,-22,2)
[+00:54:56.169] VoxelMesh: Chunk X=3 Y=-22 Z=2 FlatVerts=54 SlopeVerts=3330
[+00:54:56.179] VoxelChunk: GenerateAsync (7,-22,2)
[+00:54:56.180] VoxelMesh: Chunk X=7 Y=-22 Z=2 FlatVerts=186 SlopeVerts=132
[+00:54:56.185] VoxelChunk: GenerateAsync (2,-28,-3)
[+00:54:56.189] VoxelMesh: Chunk X=0 Y=0 Z=0 FlatVerts=360 SlopeVerts=35208
[+00:54:56.193] VoxelChunk: GenerateAsync (2,-23,2)
[+00:54:56.193] VoxelMesh: Chunk X=2 Y=-23 Z=2 FlatVerts=150 SlopeVerts=5280
[+00:54:56.198] VoxelChunk: GenerateAsync (8,-28,-3)
[+00:54:56.223] VoxelWater: Chunk X=6 Y=-26 Z=1 emitted 56 procedural water vertices (Ocean/Pools)
[+00:54:56.223] VoxelWater: Chunk X=4 Y=-26 Z=1 emitted 248 procedural water vertices (Ocean/Pools)
[+00:54:56.223] VoxelWater: Chunk X=4 Y=-23 Z=3 emitted 12 procedural water vertices (Ocean/Pools)
[+00:54:56.223] VoxelWater: Chunk X=5 Y=-24 Z=1 emitted 12 procedural water vertices (Ocean/Pools)
[+00:54:56.223] VoxelWater: Chunk X=6 Y=-24 Z=1 emitted 56 procedural water vertices (Ocean/Pools)
[+00:54:56.223] VoxelWater: Chunk X=1 Y=-24 Z=1 emitted 32 procedural water vertices (Ocean/Pools)
[+00:54:56.223] VoxelWater: Chunk X=5 Y=-26 Z=1 emitted 180 procedural water vertices (Ocean/Pools)
[+00:54:56.223] VoxelWater: Chunk X=9 Y=-26 Z=1 emitted 36 procedural water vertices (Ocean/Pools)
[+00:54:56.223] VoxelWater: Chunk X=4 Y=-25 Z=1 emitted 60 procedural water vertices (Ocean/Pools)
[+00:54:56.223] VoxelWater: Chunk X=5 Y=-25 Z=1 emitted 12 procedural water vertices (Ocean/Pools)
[+00:54:56.223] VoxelWater: Chunk X=4 Y=-29 Z=1 emitted 12 procedural water vertices (Ocean/Pools)
[+00:54:56.223] VoxelWater: Chunk X=4 Y=-21 Z=1 emitted 4 procedural water vertices (Ocean/Pools)
[+00:54:56.223] VoxelWater: Chunk X=5 Y=-21 Z=1 emitted 8 procedural water vertices (Ocean/Pools)
[+00:54:56.223] VoxelWater: Chunk X=6 Y=-25 Z=1 emitted 8 procedural water vertices (Ocean/Pools)
[+00:54:56.223] VoxelWater: Chunk X=4 Y=-26 Z=2 emitted 12 procedural water vertices (Ocean/Pools)
[+00:54:56.225] VoxelWater: Chunk X=4 Y=-25 Z=2 emitted 196 procedural water vertices (Ocean/Pools)
[+00:54:56.225] VoxelWater: Chunk X=4 Y=-25 Z=3 emitted 92 procedural water vertices (Ocean/Pools)
[+00:54:56.225] VoxelWater: Chunk X=3 Y=-25 Z=3 emitted 4 procedural water vertices (Ocean/Pools)
[+00:54:56.225] VoxelWater: Chunk X=5 Y=-25 Z=2 emitted 240 procedural water vertices (Ocean/Pools)
[+00:54:56.225] VoxelWater: Chunk X=4 Y=-24 Z=2 emitted 120 procedural water vertices (Ocean/Pools)
[+00:54:56.225] VoxelWater: Chunk X=4 Y=-24 Z=3 emitted 152 procedural water vertices (Ocean/Pools)
[+00:54:56.225] VoxelWater: Chunk X=4 Y=-24 Z=1 emitted 24 procedural water vertices (Ocean/Pools)
[+00:54:56.225] VoxelWater: Chunk X=3 Y=-24 Z=3 emitted 28 procedural water vertices (Ocean/Pools)
[+00:54:56.225] VoxelWater: Chunk X=5 Y=-25 Z=3 emitted 192 procedural water vertices (Ocean/Pools)
[+00:54:56.225] VoxelWater: Chunk X=5 Y=-24 Z=2 emitted 124 procedural water vertices (Ocean/Pools)
[+00:54:56.225] VoxelWater: Chunk X=5 Y=-24 Z=3 emitted 20 procedural water vertices (Ocean/Pools)
[+00:54:56.225] VoxelWater: Chunk X=6 Y=-24 Z=3 emitted 124 procedural water vertices (Ocean/Pools)
[+00:54:56.225] VoxelWater: Chunk X=6 Y=-26 Z=2 emitted 64 procedural water vertices (Ocean/Pools)
[+00:54:56.225] VoxelWater: Chunk X=6 Y=-26 Z=3 emitted 16 procedural water vertices (Ocean/Pools)
[+00:54:56.225] VoxelWater: Chunk X=6 Y=-25 Z=3 emitted 280 procedural water vertices (Ocean/Pools)
[+00:54:56.225] VoxelWater: Chunk X=7 Y=-25 Z=3 emitted 40 procedural water vertices (Ocean/Pools)
[+00:54:56.225] VoxelWater: Chunk X=6 Y=-25 Z=2 emitted 12 procedural water vertices (Ocean/Pools)
[+00:54:56.225] VoxelWater: Chunk X=6 Y=-24 Z=2 emitted 80 procedural water vertices (Ocean/Pools)
[+00:54:56.225] VoxelWater: Chunk X=8 Y=-26 Z=2 emitted 8 procedural water vertices (Ocean/Pools)
[+00:54:56.225] VoxelWater: Chunk X=7 Y=-24 Z=1 emitted 4 procedural water vertices (Ocean/Pools)
[+00:54:56.225] VoxelWater: Chunk X=8 Y=-24 Z=1 emitted 4 procedural water vertices (Ocean/Pools)
[+00:54:56.225] VoxelWater: Chunk X=4 Y=-28 Z=1 emitted 8 procedural water vertices (Ocean/Pools)
[+00:54:56.225] VoxelWater: Chunk X=4 Y=-28 Z=2 emitted 40 procedural water vertices (Ocean/Pools)
[+00:54:56.225] VoxelWater: Chunk X=5 Y=-28 Z=2 emitted 52 procedural water vertices (Ocean/Pools)
[+00:54:56.225] VoxelWater: Chunk X=4 Y=-27 Z=1 emitted 40 procedural water vertices (Ocean/Pools)
[+00:54:56.225] VoxelWater: Chunk X=5 Y=-27 Z=1 emitted 76 procedural water vertices (Ocean/Pools)
[+00:54:56.225] VoxelWater: Chunk X=7 Y=-27 Z=1 emitted 64 procedural water vertices (Ocean/Pools)
[+00:54:56.225] VoxelWater: Chunk X=6 Y=-27 Z=1 emitted 124 procedural water vertices (Ocean/Pools)
[+00:54:56.225] VoxelWater: Chunk X=7 Y=-26 Z=1 emitted 84 procedural water vertices (Ocean/Pools)
[+00:54:56.225] VoxelWater: Chunk X=8 Y=-26 Z=1 emitted 56 procedural water vertices (Ocean/Pools)
[+00:54:56.225] VoxelWater: Chunk X=3 Y=-26 Z=1 emitted 28 procedural water vertices (Ocean/Pools)
[+00:54:56.225] VoxelWater: Chunk X=4 Y=-22 Z=2 emitted 12 procedural water vertices (Ocean/Pools)
[+00:54:56.225] VoxelWater: Chunk X=2 Y=-26 Z=2 emitted 44 procedural water vertices (Ocean/Pools)
[+00:54:56.225] VoxelWater: Chunk X=3 Y=-26 Z=2 emitted 80 procedural water vertices (Ocean/Pools)
[+00:54:56.225] VoxelWater: Chunk X=5 Y=-23 Z=1 emitted 72 procedural water vertices (Ocean/Pools)
[+00:54:56.225] VoxelWater: Chunk X=6 Y=-22 Z=1 emitted 68 procedural water vertices (Ocean/Pools)
[+00:54:56.226] VoxelWater: Chunk X=6 Y=-22 Z=2 emitted 8 procedural water vertices (Ocean/Pools)
[+00:54:56.226] VoxelWater: Chunk X=3 Y=-23 Z=1 emitted 8 procedural water vertices (Ocean/Pools)
[+00:54:56.226] VoxelWater: Chunk X=8 Y=-27 Z=1 emitted 68 procedural water vertices (Ocean/Pools)
[+00:54:56.226] VoxelWater: Chunk X=6 Y=-28 Z=1 emitted 48 procedural water vertices (Ocean/Pools)
[+00:54:56.226] VoxelWater: Chunk X=6 Y=-28 Z=2 emitted 12 procedural water vertices (Ocean/Pools)
[+00:54:56.226] VoxelWater: Chunk X=5 Y=-28 Z=1 emitted 100 procedural water vertices (Ocean/Pools)
[+00:54:56.226] VoxelWater: Chunk X=5 Y=-29 Z=1 emitted 12 procedural water vertices (Ocean/Pools)
[+00:54:56.226] VoxelWater: Chunk X=5 Y=-23 Z=2 emitted 32 procedural water vertices (Ocean/Pools)
[+00:54:56.226] VoxelWater: Chunk X=5 Y=-27 Z=2 emitted 52 procedural water vertices (Ocean/Pools)
[+00:54:56.226] VoxelWater: Chunk X=6 Y=-27 Z=2 emitted 12 procedural water vertices (Ocean/Pools)
[+00:54:56.226] VoxelWater: Chunk X=3 Y=-23 Z=2 emitted 84 procedural water vertices (Ocean/Pools)
[+00:54:56.226] VoxelWater: Chunk X=3 Y=-24 Z=2 emitted 20 procedural water vertices (Ocean/Pools)
[+00:54:56.226] VoxelWater: Chunk X=4 Y=-23 Z=2 emitted 108 procedural water vertices (Ocean/Pools)
[+00:54:56.226] VoxelWater: Chunk X=7 Y=-26 Z=2 emitted 40 procedural water vertices (Ocean/Pools)
[+00:54:56.226] VoxelWater: Chunk X=2 Y=-24 Z=1 emitted 4 procedural water vertices (Ocean/Pools)
[+00:54:56.226] VoxelWater: Chunk X=4 Y=-27 Z=2 emitted 48 procedural water vertices (Ocean/Pools)
[+00:54:56.226] VoxelWater: Chunk X=7 Y=-28 Z=1 emitted 4 procedural water vertices (Ocean/Pools)
[+00:54:56.226] VoxelWater: Chunk X=2 Y=-23 Z=1 emitted 16 procedural water vertices (Ocean/Pools)
[+00:54:56.226] VoxelWater: Chunk X=2 Y=-23 Z=2 emitted 16 procedural water vertices (Ocean/Pools)
[+00:54:56.226] VoxelWater: Chunk X=8 Y=-23 Z=1 emitted 40 procedural water vertices (Ocean/Pools)
[+00:54:56.226] VoxelWater: Chunk X=7 Y=-22 Z=1 emitted 36 procedural water vertices (Ocean/Pools)
[+00:54:56.226] VoxelWater: Chunk X=3 Y=-27 Z=2 emitted 76 procedural water vertices (Ocean/Pools)
[+00:54:56.226] VoxelWater: Chunk X=5 Y=-22 Z=2 emitted 56 procedural water vertices (Ocean/Pools)
[+00:54:56.226] VoxelWater: Chunk X=7 Y=-24 Z=3 emitted 24 procedural water vertices (Ocean/Pools)
[+00:54:56.226] VoxelWater: Chunk X=3 Y=-26 Z=3 emitted 12 procedural water vertices (Ocean/Pools)
[+00:54:56.226] VoxelWater: Chunk X=6 Y=-29 Z=1 emitted 28 procedural water vertices (Ocean/Pools)
[+00:54:56.226] VoxelWater: Chunk X=8 Y=-23 Z=2 emitted 20 procedural water vertices (Ocean/Pools)
[+00:54:56.226] VoxelWater: Chunk X=3 Y=-22 Z=2 emitted 32 procedural water vertices (Ocean/Pools)
[+00:54:56.238] VoxelMesh: Chunk X=0 Y=0 Z=0 FlatVerts=168 SlopeVerts=5880
[+00:54:56.238] VoxelChunk: GenerateAsync (7,-28,2)
[+00:54:56.243] VoxelMesh: Chunk X=0 Y=0 Z=0 FlatVerts=378 SlopeVerts=25152
[+00:54:56.245] VoxelChunk: GenerateAsync (8,-27,2)
[+00:54:56.246] VoxelMesh: Chunk X=8 Y=-27 Z=2 FlatVerts=0 SlopeVerts=0
[+00:54:56.248] VoxelMesh: Chunk X=0 Y=0 Z=0 FlatVerts=4692 SlopeVerts=9864
[+00:54:56.250] VoxelChunk: GenerateAsync (8,-28,1)
[+00:54:56.250] VoxelMesh: Chunk X=8 Y=-28 Z=1 FlatVerts=1764 SlopeVerts=0
[+00:54:56.253] VoxelMesh: Chunk X=0 Y=0 Z=0 FlatVerts=732 SlopeVerts=6918
[+00:54:56.253] VoxelChunk: GenerateAsync (3,-28,2)
[+00:54:56.255] VoxelMesh: Chunk X=3 Y=-28 Z=2 FlatVerts=450 SlopeVerts=3996
[+00:54:56.268] VoxelMesh: Chunk X=0 Y=0 Z=0 FlatVerts=5700 SlopeVerts=8712
[+00:54:56.270] VoxelChunk: GenerateAsync (2,-28,1)
[+00:54:56.271] VoxelMesh: Chunk X=2 Y=-28 Z=1 FlatVerts=102 SlopeVerts=270
[+00:54:56.275] VoxelMesh: Chunk X=0 Y=0 Z=0 FlatVerts=276 SlopeVerts=15114
[+00:54:56.276] VoxelChunk: GenerateAsync (2,-22,1)
[+00:54:56.277] VoxelMesh: Chunk X=2 Y=-22 Z=1 FlatVerts=162 SlopeVerts=60
[+00:54:56.279] VoxelMesh: Chunk X=0 Y=0 Z=0 FlatVerts=7710 SlopeVerts=0
[+00:54:56.280] VoxelChunk: GenerateAsync (8,-22,1)
[+00:54:56.280] VoxelMesh: Chunk X=8 Y=-22 Z=1 FlatVerts=1818 SlopeVerts=0
[+00:54:56.281] VoxelMesh: Chunk X=0 Y=0 Z=0 FlatVerts=0 SlopeVerts=0
[+00:54:56.282] VoxelChunk: GenerateAsync (2,-27,2)
[+00:54:56.282] VoxelMesh: Chunk X=2 Y=-27 Z=2 FlatVerts=102 SlopeVerts=708
[+00:54:56.295] VoxelMesh: Chunk X=0 Y=0 Z=0 FlatVerts=780 SlopeVerts=19146
[+00:54:56.297] VoxelChunk: GenerateAsync (3,-21,1)
[+00:54:56.297] VoxelMesh: Chunk X=3 Y=-21 Z=1 FlatVerts=0 SlopeVerts=24
[+00:54:56.298] VoxelMesh: Chunk X=0 Y=0 Z=0 FlatVerts=6954 SlopeVerts=1020
[+00:54:56.300] VoxelChunk: GenerateAsync (9,-23,1)
[+00:54:56.300] VoxelMesh: Chunk X=9 Y=-23 Z=1 FlatVerts=2358 SlopeVerts=312
[+00:54:56.303] VoxelMesh: Chunk X=0 Y=0 Z=0 FlatVerts=972 SlopeVerts=13644
[+00:54:56.305] VoxelChunk: GenerateAsync (1,-23,1)
[+00:54:56.305] VoxelMesh: Chunk X=1 Y=-23 Z=1 FlatVerts=1836 SlopeVerts=336
[+00:54:56.307] VoxelMesh: Chunk X=0 Y=0 Z=0 FlatVerts=66 SlopeVerts=8034
[+00:54:56.309] VoxelChunk: GenerateAsync (7,-27,3)
[+00:54:56.319] VoxelMesh: Chunk X=0 Y=0 Z=0 FlatVerts=0 SlopeVerts=0
[+00:54:56.319] VoxelChunk: GenerateAsync (3,-27,3)
[+00:54:56.321] VoxelMesh: Chunk X=3 Y=-27 Z=3 FlatVerts=270 SlopeVerts=2904
[+00:54:56.321] VoxelMesh: Chunk X=0 Y=0 Z=0 FlatVerts=6936 SlopeVerts=2082
[+00:54:56.322] VoxelChunk: GenerateAsync (7,-21,1)
[+00:54:56.325] VoxelMesh: Chunk X=7 Y=-21 Z=1 FlatVerts=1554 SlopeVerts=774
[+00:54:56.326] VoxelMesh: Chunk X=0 Y=0 Z=0 FlatVerts=7908 SlopeVerts=1866
[+00:54:56.327] VoxelChunk: GenerateAsync (1,-27,1)
[+00:54:56.330] VoxelMesh: Chunk X=0 Y=0 Z=0 FlatVerts=3072 SlopeVerts=14478
[+00:54:56.331] VoxelChunk: GenerateAsync (3,-29,1)
[+00:54:56.332] VoxelMesh: Chunk X=3 Y=-29 Z=1 FlatVerts=1920 SlopeVerts=972
[+00:54:56.343] VoxelChunk: GenerateAsync (7,-23,3)
[+00:54:56.345] VoxelMesh: Chunk X=0 Y=0 Z=0 FlatVerts=5016 SlopeVerts=6192
[+00:54:56.346] VoxelChunk: GenerateAsync (7,-29,1)
[+00:54:56.347] VoxelMesh: Chunk X=7 Y=-29 Z=1 FlatVerts=2640 SlopeVerts=150
[+00:54:56.350] VoxelMesh: Chunk X=0 Y=0 Z=0 FlatVerts=648 SlopeVerts=9468
[+00:54:56.351] VoxelChunk: GenerateAsync (9,-27,1)
[+00:54:56.352] VoxelMesh: Chunk X=9 Y=-27 Z=1 FlatVerts=2070 SlopeVerts=306
[+00:54:56.354] VoxelMesh: Chunk X=0 Y=0 Z=0 FlatVerts=108 SlopeVerts=9522
[+00:54:56.354] VoxelChunk: GenerateAsync (3,-23,3)
[+00:54:56.355] VoxelMesh: Chunk X=3 Y=-23 Z=3 FlatVerts=0 SlopeVerts=4938
[+00:54:56.367] VoxelMesh: Chunk X=0 Y=0 Z=0 FlatVerts=360 SlopeVerts=5058
[+00:54:56.367] VoxelChunk: GenerateAsync (5,-21,2)
[+00:54:56.368] VoxelMesh: Chunk X=5 Y=-21 Z=2 FlatVerts=1224 SlopeVerts=3714
[+00:54:56.369] VoxelMesh: Chunk X=0 Y=0 Z=0 FlatVerts=84 SlopeVerts=2814
[+00:54:56.369] VoxelChunk: GenerateAsync (2,-25,3)
[+00:54:56.370] VoxelMesh: Chunk X=2 Y=-25 Z=3 FlatVerts=318 SlopeVerts=3042
[+00:54:56.371] VoxelChunk: GenerateAsync (5,-22,3)
[+00:54:56.371] VoxelMesh: Chunk X=5 Y=-22 Z=3 FlatVerts=0 SlopeVerts=0
[+00:54:56.375] VoxelMesh: Chunk X=0 Y=0 Z=0 FlatVerts=486 SlopeVerts=21834
[+00:54:56.376] VoxelChunk: GenerateAsync (9,-25,2)
[+00:54:56.377] VoxelMesh: Chunk X=9 Y=-25 Z=2 FlatVerts=630 SlopeVerts=4926
[+00:54:56.391] VoxelMesh: Chunk X=0 Y=0 Z=0 FlatVerts=3126 SlopeVerts=17838
[+00:54:56.393] VoxelChunk: GenerateAsync (1,-25,2)
[+00:54:56.393] VoxelMesh: Chunk X=1 Y=-25 Z=2 FlatVerts=0 SlopeVerts=72
[+00:54:56.396] VoxelMesh: Chunk X=0 Y=0 Z=0 FlatVerts=3792 SlopeVerts=11904
[+00:54:56.398] VoxelChunk: GenerateAsync (5,-29,2)
[+00:54:56.399] VoxelMesh: Chunk X=5 Y=-29 Z=2 FlatVerts=6 SlopeVerts=54
[+00:54:56.399] VoxelChunk: GenerateAsync (5,-25,4)
[+00:54:56.404] VoxelMesh: Chunk X=0 Y=0 Z=0 FlatVerts=108 SlopeVerts=29466
[+00:54:56.405] VoxelChunk: GenerateAsync (8,-25,3)
[+00:54:56.407] VoxelMesh: Chunk X=8 Y=-25 Z=3 FlatVerts=276 SlopeVerts=2286
[+00:54:56.433] VoxelWater: Chunk X=6 Y=-26 Z=1 emitted 64 procedural water vertices (Ocean/Pools)
[+00:54:56.434] VoxelWater: Chunk X=5 Y=-26 Z=1 emitted 200 procedural water vertices (Ocean/Pools)
[+00:54:56.434] VoxelWater: Chunk X=4 Y=-26 Z=1 emitted 268 procedural water vertices (Ocean/Pools)
[+00:54:56.434] VoxelWater: Chunk X=4 Y=-23 Z=3 emitted 12 procedural water vertices (Ocean/Pools)
[+00:54:56.434] VoxelWater: Chunk X=5 Y=-24 Z=1 emitted 16 procedural water vertices (Ocean/Pools)
[+00:54:56.434] VoxelWater: Chunk X=6 Y=-24 Z=1 emitted 60 procedural water vertices (Ocean/Pools)
[+00:54:56.434] VoxelWater: Chunk X=1 Y=-24 Z=1 emitted 36 procedural water vertices (Ocean/Pools)
[+00:54:56.434] VoxelWater: Chunk X=9 Y=-26 Z=1 emitted 48 procedural water vertices (Ocean/Pools)
[+00:54:56.434] VoxelWater: Chunk X=5 Y=-25 Z=1 emitted 12 procedural water vertices (Ocean/Pools)
[+00:54:56.434] VoxelWater: Chunk X=4 Y=-25 Z=1 emitted 84 procedural water vertices (Ocean/Pools)
[+00:54:56.434] VoxelWater: Chunk X=6 Y=-25 Z=1 emitted 12 procedural water vertices (Ocean/Pools)
[+00:54:56.434] VoxelWater: Chunk X=4 Y=-29 Z=1 emitted 12 procedural water vertices (Ocean/Pools)
[+00:54:56.434] VoxelWater: Chunk X=4 Y=-21 Z=1 emitted 4 procedural water vertices (Ocean/Pools)
[+00:54:56.434] VoxelWater: Chunk X=5 Y=-21 Z=1 emitted 8 procedural water vertices (Ocean/Pools)
[+00:54:56.434] VoxelWater: Chunk X=4 Y=-26 Z=2 emitted 12 procedural water vertices (Ocean/Pools)
[+00:54:56.434] VoxelWater: Chunk X=4 Y=-25 Z=2 emitted 240 procedural water vertices (Ocean/Pools)
[+00:54:56.434] VoxelWater: Chunk X=4 Y=-25 Z=3 emitted 96 procedural water vertices (Ocean/Pools)
[+00:54:56.435] VoxelWater: Chunk X=4 Y=-24 Z=3 emitted 156 procedural water vertices (Ocean/Pools)
[+00:54:56.435] VoxelWater: Chunk X=3 Y=-25 Z=3 emitted 4 procedural water vertices (Ocean/Pools)
[+00:54:56.435] VoxelWater: Chunk X=5 Y=-25 Z=2 emitted 260 procedural water vertices (Ocean/Pools)
[+00:54:56.435] VoxelWater: Chunk X=4 Y=-24 Z=2 emitted 132 procedural water vertices (Ocean/Pools)
[+00:54:56.435] VoxelWater: Chunk X=4 Y=-24 Z=1 emitted 28 procedural water vertices (Ocean/Pools)
[+00:54:56.435] VoxelWater: Chunk X=3 Y=-24 Z=3 emitted 32 procedural water vertices (Ocean/Pools)
[+00:54:56.435] VoxelWater: Chunk X=5 Y=-25 Z=3 emitted 192 procedural water vertices (Ocean/Pools)
[+00:54:56.435] VoxelWater: Chunk X=6 Y=-25 Z=2 emitted 16 procedural water vertices (Ocean/Pools)
[+00:54:56.435] VoxelWater: Chunk X=5 Y=-24 Z=2 emitted 132 procedural water vertices (Ocean/Pools)
[+00:54:56.435] VoxelWater: Chunk X=5 Y=-24 Z=3 emitted 20 procedural water vertices (Ocean/Pools)
[+00:54:56.435] VoxelWater: Chunk X=6 Y=-24 Z=3 emitted 124 procedural water vertices (Ocean/Pools)
[+00:54:56.435] VoxelWater: Chunk X=6 Y=-26 Z=2 emitted 64 procedural water vertices (Ocean/Pools)
[+00:54:56.435] VoxelWater: Chunk X=6 Y=-26 Z=3 emitted 16 procedural water vertices (Ocean/Pools)
[+00:54:56.435] VoxelWater: Chunk X=6 Y=-25 Z=3 emitted 288 procedural water vertices (Ocean/Pools)
[+00:54:56.435] VoxelWater: Chunk X=7 Y=-25 Z=3 emitted 40 procedural water vertices (Ocean/Pools)
[+00:54:56.435] VoxelWater: Chunk X=6 Y=-24 Z=2 emitted 88 procedural water vertices (Ocean/Pools)
[+00:54:56.435] VoxelWater: Chunk X=5 Y=-29 Z=1 emitted 12 procedural water vertices (Ocean/Pools)
[+00:54:56.435] VoxelWater: Chunk X=8 Y=-26 Z=2 emitted 8 procedural water vertices (Ocean/Pools)
[+00:54:56.435] VoxelWater: Chunk X=7 Y=-24 Z=1 emitted 4 procedural water vertices (Ocean/Pools)
[+00:54:56.435] VoxelWater: Chunk X=8 Y=-24 Z=1 emitted 8 procedural water vertices (Ocean/Pools)
[+00:54:56.435] VoxelWater: Chunk X=4 Y=-28 Z=1 emitted 8 procedural water vertices (Ocean/Pools)
[+00:54:56.435] VoxelWater: Chunk X=4 Y=-28 Z=2 emitted 44 procedural water vertices (Ocean/Pools)
[+00:54:56.435] VoxelWater: Chunk X=5 Y=-28 Z=2 emitted 56 procedural water vertices (Ocean/Pools)
[+00:54:56.435] VoxelWater: Chunk X=4 Y=-27 Z=1 emitted 44 procedural water vertices (Ocean/Pools)
[+00:54:56.435] VoxelWater: Chunk X=5 Y=-27 Z=1 emitted 88 procedural water vertices (Ocean/Pools)
[+00:54:56.435] VoxelWater: Chunk X=6 Y=-27 Z=1 emitted 168 procedural water vertices (Ocean/Pools)
[+00:54:56.435] VoxelWater: Chunk X=7 Y=-27 Z=1 emitted 96 procedural water vertices (Ocean/Pools)
[+00:54:56.435] VoxelWater: Chunk X=7 Y=-26 Z=1 emitted 108 procedural water vertices (Ocean/Pools)
[+00:54:56.435] VoxelWater: Chunk X=8 Y=-26 Z=1 emitted 60 procedural water vertices (Ocean/Pools)
[+00:54:56.435] VoxelWater: Chunk X=3 Y=-26 Z=1 emitted 20 procedural water vertices (Ocean/Pools)
[+00:54:56.435] VoxelWater: Chunk X=4 Y=-22 Z=2 emitted 16 procedural water vertices (Ocean/Pools)
[+00:54:56.435] VoxelWater: Chunk X=2 Y=-26 Z=2 emitted 48 procedural water vertices (Ocean/Pools)
[+00:54:56.435] VoxelWater: Chunk X=3 Y=-26 Z=2 emitted 80 procedural water vertices (Ocean/Pools)
[+00:54:56.435] VoxelWater: Chunk X=8 Y=-25 Z=1 emitted 8 procedural water vertices (Ocean/Pools)
[+00:54:56.435] VoxelWater: Chunk X=5 Y=-23 Z=1 emitted 76 procedural water vertices (Ocean/Pools)
[+00:54:56.435] VoxelWater: Chunk X=6 Y=-23 Z=1 emitted 8 procedural water vertices (Ocean/Pools)
[+00:54:56.435] VoxelWater: Chunk X=6 Y=-22 Z=1 emitted 68 procedural water vertices (Ocean/Pools)
[+00:54:56.435] VoxelWater: Chunk X=6 Y=-22 Z=2 emitted 8 procedural water vertices (Ocean/Pools)
[+00:54:56.435] VoxelWater: Chunk X=3 Y=-23 Z=1 emitted 8 procedural water vertices (Ocean/Pools)
[+00:54:56.435] VoxelWater: Chunk X=8 Y=-27 Z=1 emitted 88 procedural water vertices (Ocean/Pools)
[+00:54:56.435] VoxelWater: Chunk X=6 Y=-28 Z=1 emitted 60 procedural water vertices (Ocean/Pools)
[+00:54:56.435] VoxelWater: Chunk X=6 Y=-28 Z=2 emitted 12 procedural water vertices (Ocean/Pools)
[+00:54:56.435] VoxelWater: Chunk X=5 Y=-28 Z=1 emitted 124 procedural water vertices (Ocean/Pools)
[+00:54:56.435] VoxelWater: Chunk X=8 Y=-25 Z=2 emitted 12 procedural water vertices (Ocean/Pools)
[+00:54:56.435] VoxelWater: Chunk X=5 Y=-23 Z=2 emitted 28 procedural water vertices (Ocean/Pools)
[+00:54:56.435] VoxelWater: Chunk X=5 Y=-27 Z=2 emitted 52 procedural water vertices (Ocean/Pools)
[+00:54:56.435] VoxelWater: Chunk X=6 Y=-27 Z=2 emitted 12 procedural water vertices (Ocean/Pools)
[+00:54:56.435] VoxelWater: Chunk X=3 Y=-23 Z=2 emitted 116 procedural water vertices (Ocean/Pools)
[+00:54:56.435] VoxelWater: Chunk X=3 Y=-24 Z=2 emitted 32 procedural water vertices (Ocean/Pools)
[+00:54:56.435] VoxelWater: Chunk X=4 Y=-23 Z=2 emitted 112 procedural water vertices (Ocean/Pools)
[+00:54:56.435] VoxelWater: Chunk X=7 Y=-26 Z=2 emitted 40 procedural water vertices (Ocean/Pools)
[+00:54:56.435] VoxelWater: Chunk X=2 Y=-24 Z=1 emitted 4 procedural water vertices (Ocean/Pools)
[+00:54:56.435] VoxelWater: Chunk X=4 Y=-27 Z=2 emitted 48 procedural water vertices (Ocean/Pools)
[+00:54:56.435] VoxelWater: Chunk X=7 Y=-28 Z=1 emitted 8 procedural water vertices (Ocean/Pools)
[+00:54:56.436] VoxelWater: Chunk X=2 Y=-23 Z=1 emitted 20 procedural water vertices (Ocean/Pools)
[+00:54:56.436] VoxelWater: Chunk X=2 Y=-23 Z=2 emitted 16 procedural water vertices (Ocean/Pools)
[+00:54:56.436] VoxelWater: Chunk X=8 Y=-23 Z=1 emitted 40 procedural water vertices (Ocean/Pools)
[+00:54:56.436] VoxelWater: Chunk X=7 Y=-22 Z=1 emitted 40 procedural water vertices (Ocean/Pools)
[+00:54:56.436] VoxelWater: Chunk X=3 Y=-27 Z=2 emitted 80 procedural water vertices (Ocean/Pools)
[+00:54:56.436] VoxelWater: Chunk X=5 Y=-22 Z=2 emitted 68 procedural water vertices (Ocean/Pools)
[+00:54:56.436] VoxelWater: Chunk X=7 Y=-24 Z=2 emitted 8 procedural water vertices (Ocean/Pools)
[+00:54:56.436] VoxelWater: Chunk X=7 Y=-24 Z=3 emitted 32 procedural water vertices (Ocean/Pools)
[+00:54:56.436] VoxelWater: Chunk X=3 Y=-26 Z=3 emitted 16 procedural water vertices (Ocean/Pools)
[+00:54:56.436] VoxelWater: Chunk X=6 Y=-29 Z=1 emitted 44 procedural water vertices (Ocean/Pools)
[+00:54:56.436] VoxelWater: Chunk X=8 Y=-23 Z=2 emitted 24 procedural water vertices (Ocean/Pools)
[+00:54:56.436] VoxelWater: Chunk X=3 Y=-22 Z=2 emitted 32 procedural water vertices (Ocean/Pools)
[+00:54:56.436] VoxelWater: Chunk X=8 Y=-28 Z=1 emitted 12 procedural water vertices (Ocean/Pools)
[+00:54:56.436] VoxelWater: Chunk X=3 Y=-28 Z=2 emitted 36 procedural water vertices (Ocean/Pools)
[+00:54:56.436] VoxelWater: Chunk X=8 Y=-22 Z=1 emitted 12 procedural water vertices (Ocean/Pools)
[+00:54:56.436] VoxelWater: Chunk X=2 Y=-27 Z=2 emitted 12 procedural water vertices (Ocean/Pools)
[+00:54:56.436] VoxelWater: Chunk X=9 Y=-23 Z=1 emitted 24 procedural water vertices (Ocean/Pools)
[+00:54:56.436] VoxelWater: Chunk X=1 Y=-23 Z=1 emitted 36 procedural water vertices (Ocean/Pools)
[+00:54:56.436] VoxelWater: Chunk X=3 Y=-27 Z=3 emitted 56 procedural water vertices (Ocean/Pools)
[+00:54:56.436] VoxelWater: Chunk X=7 Y=-21 Z=1 emitted 36 procedural water vertices (Ocean/Pools)
[+00:54:56.436] VoxelWater: Chunk X=3 Y=-29 Z=1 emitted 56 procedural water vertices (Ocean/Pools)
[+00:54:56.436] VoxelWater: Chunk X=3 Y=-28 Z=1 emitted 4 procedural water vertices (Ocean/Pools)
[+00:54:56.436] VoxelWater: Chunk X=7 Y=-29 Z=1 emitted 32 procedural water vertices (Ocean/Pools)
[+00:54:56.436] VoxelWater: Chunk X=9 Y=-27 Z=1 emitted 12 procedural water vertices (Ocean/Pools)
[+00:54:56.436] VoxelWater: Chunk X=3 Y=-23 Z=3 emitted 20 procedural water vertices (Ocean/Pools)
[+00:54:56.436] VoxelWater: Chunk X=5 Y=-21 Z=2 emitted 28 procedural water vertices (Ocean/Pools)
[+00:54:56.436] VoxelWater: Chunk X=2 Y=-25 Z=3 emitted 20 procedural water vertices (Ocean/Pools)
[+00:54:56.436] VoxelWater: Chunk X=9 Y=-25 Z=2 emitted 100 procedural water vertices (Ocean/Pools)
[+00:54:56.449] VoxelChunk: GenerateAsync (4,-23,3)
[+00:54:56.449] VoxelChunk: GenerateAsync (1,-24,1)
[+00:54:56.449] VoxelChunk: GenerateAsync (9,-26,1)
[+00:54:56.449] VoxelChunk: GenerateAsync (3,-29,0)
[+00:54:56.449] VoxelChunk: GenerateAsync (9,-23,0)
[+00:54:56.449] VoxelChunk: GenerateAsync (1,-23,0)
[+00:54:56.449] VoxelMesh: Chunk X=4 Y=-23 Z=3 FlatVerts=12 SlopeVerts=216
[+00:54:56.449] VoxelChunk: GenerateAsync (4,-29,1)
[+00:54:56.449] VoxelChunk: GenerateAsync (4,-21,1)
[+00:54:56.449] VoxelChunk: GenerateAsync (6,-21,1)
[+00:54:56.449] VoxelChunk: GenerateAsync (9,-27,0)
[+00:54:56.449] VoxelChunk: GenerateAsync (7,-26,3)
[+00:54:56.449] VoxelChunk: GenerateAsync (1,-27,0)
[+00:54:56.449] VoxelChunk: GenerateAsync (4,-26,0)
[+00:54:56.449] VoxelChunk: GenerateAsync (5,-26,0)
[+00:54:56.449] VoxelChunk: GenerateAsync (4,-25,0)
[+00:54:56.449] VoxelChunk: GenerateAsync (5,-25,0)
[+00:54:56.449] VoxelMesh: Chunk X=1 Y=-24 Z=1 FlatVerts=234 SlopeVerts=270
[+00:54:56.449] VoxelChunk: GenerateAsync (7,-21,0)
[+00:54:56.449] VoxelChunk: GenerateAsync (4,-26,3)
[+00:54:56.449] VoxelChunk: GenerateAsync (6,-23,3)
[+00:54:56.449] VoxelChunk: GenerateAsync (4,-25,3)
[+00:54:56.449] VoxelChunk: GenerateAsync (1,-26,1)
[+00:54:56.449] VoxelChunk: GenerateAsync (4,-24,3)
[+00:54:56.449] VoxelChunk: GenerateAsync (3,-21,0)
[+00:54:56.449] VoxelChunk: GenerateAsync (5,-26,3)
[+00:54:56.449] VoxelChunk: GenerateAsync (3,-24,3)
[+00:54:56.449] VoxelMesh: Chunk X=9 Y=-26 Z=1 FlatVerts=144 SlopeVerts=204
[+00:54:56.449] VoxelChunk: GenerateAsync (5,-25,3)
[+00:54:56.449] VoxelChunk: GenerateAsync (1,-25,1)
[+00:54:56.449] VoxelChunk: GenerateAsync (5,-24,3)
[+00:54:56.449] VoxelChunk: GenerateAsync (9,-25,1)
[+00:54:56.449] VoxelChunk: GenerateAsync (6,-26,3)
[+00:54:56.449] VoxelMesh: Chunk X=4 Y=-29 Z=1 FlatVerts=474 SlopeVerts=90
[+00:54:56.449] VoxelChunk: GenerateAsync (7,-25,3)
[+00:54:56.449] VoxelChunk: GenerateAsync (6,-25,3)
[+00:54:56.449] VoxelChunk: GenerateAsync (5,-23,3)
[+00:54:56.449] VoxelChunk: GenerateAsync (6,-24,3)
[+00:54:56.449] VoxelChunk: GenerateAsync (3,-25,3)
[+00:54:56.449] VoxelMesh: Chunk X=4 Y=-21 Z=1 FlatVerts=0 SlopeVerts=174
[+00:54:56.450] VoxelChunk: GenerateAsync (5,-27,3)
[+00:54:56.450] VoxelChunk: GenerateAsync (2,-22,0)
[+00:54:56.450] VoxelMesh: Chunk X=7 Y=-26 Z=3 FlatVerts=0 SlopeVerts=78
[+00:54:56.450] VoxelChunk: GenerateAsync (8,-28,0)
[+00:54:56.450] VoxelChunk: GenerateAsync (8,-26,2)
[+00:54:56.450] VoxelMesh: Chunk X=6 Y=-21 Z=1 FlatVerts=66 SlopeVerts=102
[+00:54:56.450] VoxelChunk: GenerateAsync (4,-28,2)
[+00:54:56.450] VoxelChunk: GenerateAsync (4,-22,2)
[+00:54:56.450] VoxelMesh: Chunk X=4 Y=-26 Z=3 FlatVerts=0 SlopeVerts=0
[+00:54:56.450] VoxelChunk: GenerateAsync (2,-26,2)
[+00:54:56.450] VoxelMesh: Chunk X=6 Y=-23 Z=3 FlatVerts=0 SlopeVerts=0
[+00:54:56.450] VoxelChunk: GenerateAsync (6,-22,2)
[+00:54:56.450] VoxelChunk: GenerateAsync (7,-23,-3)
[+00:54:56.450] VoxelChunk: GenerateAsync (6,-28,2)
[+00:54:56.450] VoxelChunk: GenerateAsync (5,-22,-3)
[+00:54:56.450] VoxelChunk: GenerateAsync (8,-24,2)
[+00:54:56.450] VoxelChunk: GenerateAsync (8,-25,-3)
[+00:54:56.450] VoxelChunk: GenerateAsync (4,-29,0)
[+00:54:56.450] VoxelChunk: GenerateAsync (8,-25,2)
[+00:54:56.450] VoxelChunk: GenerateAsync (4,-22,-3)
[+00:54:56.450] VoxelChunk: GenerateAsync (8,-26,-3)
[+00:54:56.450] VoxelChunk: GenerateAsync (2,-23,-3)
[+00:54:56.450] VoxelChunk: GenerateAsync (7,-23,2)
[+00:54:56.450] VoxelChunk: GenerateAsync (7,-28,-3)
[+00:54:56.450] VoxelMesh: Chunk X=4 Y=-25 Z=3 FlatVerts=36 SlopeVerts=186
[+00:54:56.450] VoxelChunk: GenerateAsync (6,-29,0)
[+00:54:56.450] VoxelChunk: GenerateAsync (5,-22,2)
[+00:54:56.450] VoxelChunk: GenerateAsync (4,-21,0)
[+00:54:56.450] VoxelChunk: GenerateAsync (6,-21,0)
[+00:54:56.450] VoxelChunk: GenerateAsync (4,-27,3)
[+00:54:56.450] VoxelChunk: GenerateAsync (9,-24,1)
[+00:54:56.450] VoxelChunk: GenerateAsync (6,-27,3)
[+00:54:56.450] VoxelChunk: GenerateAsync (7,-24,3)
[+00:54:56.450] VoxelChunk: GenerateAsync (7,-29,0)
[+00:54:56.450] VoxelChunk: GenerateAsync (3,-26,3)
[+00:54:56.450] VoxelMesh: Chunk X=5 Y=-26 Z=3 FlatVerts=0 SlopeVerts=0
[+00:54:56.450] VoxelMesh: Chunk X=4 Y=-24 Z=3 FlatVerts=72 SlopeVerts=108
[+00:54:56.450] VoxelChunk: GenerateAsync (6,-29,1)
[+00:54:56.450] VoxelChunk: GenerateAsync (8,-22,-3)
[+00:54:56.450] VoxelChunk: GenerateAsync (2,-22,-3)
[+00:54:56.450] VoxelChunk: GenerateAsync (8,-23,2)
[+00:54:56.450] VoxelChunk: GenerateAsync (3,-22,2)
[+00:54:56.450] VoxelChunk: GenerateAsync (7,-22,2)
[+00:54:56.450] VoxelChunk: GenerateAsync (2,-28,-3)
[+00:54:56.451] VoxelChunk: GenerateAsync (2,-23,2)
[+00:54:56.451] VoxelChunk: GenerateAsync (8,-28,-3)
[+00:54:56.451] VoxelChunk: GenerateAsync (7,-28,2)
[+00:54:56.451] VoxelChunk: GenerateAsync (8,-27,2)
[+00:54:56.451] VoxelMesh: Chunk X=5 Y=-25 Z=3 FlatVerts=36 SlopeVerts=96
[+00:54:56.451] VoxelMesh: Chunk X=3 Y=-24 Z=3 FlatVerts=60 SlopeVerts=222
[+00:54:56.451] VoxelChunk: GenerateAsync (8,-28,1)
[+00:54:56.451] VoxelChunk: GenerateAsync (3,-28,2)
[+00:54:56.451] VoxelChunk: GenerateAsync (2,-28,1)
[+00:54:56.451] VoxelChunk: GenerateAsync (2,-22,1)
[+00:54:56.451] VoxelChunk: GenerateAsync (8,-22,1)
[+00:54:56.451] VoxelChunk: GenerateAsync (2,-27,2)
[+00:54:56.451] VoxelChunk: GenerateAsync (3,-21,1)
[+00:54:56.451] VoxelMesh: Chunk X=5 Y=-24 Z=3 FlatVerts=0 SlopeVerts=6
[+00:54:56.451] VoxelChunk: GenerateAsync (9,-23,1)
[+00:54:56.451] VoxelChunk: GenerateAsync (1,-23,1)
[+00:54:56.451] VoxelChunk: GenerateAsync (7,-27,3)
[+00:54:56.451] VoxelChunk: GenerateAsync (3,-27,3)
[+00:54:56.451] VoxelChunk: GenerateAsync (7,-21,1)
[+00:54:56.451] VoxelChunk: GenerateAsync (1,-27,1)
[+00:54:56.451] VoxelMesh: Chunk X=6 Y=-26 Z=3 FlatVerts=0 SlopeVerts=36
[+00:54:56.451] VoxelChunk: GenerateAsync (3,-29,1)
[+00:54:56.451] VoxelChunk: GenerateAsync (7,-23,3)
[+00:54:56.451] VoxelChunk: GenerateAsync (7,-29,1)
[+00:54:56.451] VoxelChunk: GenerateAsync (9,-27,1)
[+00:54:56.451] VoxelMesh: Chunk X=9 Y=-25 Z=1 FlatVerts=24 SlopeVerts=42
[+00:54:56.451] VoxelChunk: GenerateAsync (3,-23,3)
[+00:54:56.451] VoxelMesh: Chunk X=7 Y=-25 Z=3 FlatVerts=0 SlopeVerts=96
[+00:54:56.451] VoxelChunk: GenerateAsync (5,-21,2)
[+00:54:56.451] VoxelChunk: GenerateAsync (2,-25,3)
[+00:54:56.451] VoxelChunk: GenerateAsync (5,-22,3)
[+00:54:56.451] VoxelMesh: Chunk X=6 Y=-25 Z=3 FlatVerts=12 SlopeVerts=192
[+00:54:56.451] VoxelMesh: Chunk X=6 Y=-24 Z=3 FlatVerts=0 SlopeVerts=162
[+00:54:56.451] VoxelMesh: Chunk X=5 Y=-23 Z=3 FlatVerts=0 SlopeVerts=0
[+00:54:56.451] VoxelChunk: GenerateAsync (9,-25,2)
[+00:54:56.451] VoxelChunk: GenerateAsync (1,-25,2)
[+00:54:56.451] VoxelChunk: GenerateAsync (5,-29,2)
[+00:54:56.451] VoxelChunk: GenerateAsync (5,-25,4)
[+00:54:56.451] VoxelMesh: Chunk X=3 Y=-25 Z=3 FlatVerts=108 SlopeVerts=138
[+00:54:56.451] VoxelChunk: GenerateAsync (8,-25,3)
[+00:54:56.451] VoxelMesh: Chunk X=8 Y=-26 Z=2 FlatVerts=24 SlopeVerts=96
[+00:54:56.451] VoxelMesh: Chunk X=4 Y=-22 Z=2 FlatVerts=0 SlopeVerts=144
[+00:54:56.451] VoxelMesh: Chunk X=6 Y=-22 Z=2 FlatVerts=102 SlopeVerts=18
[+00:54:56.451] VoxelMesh: Chunk X=4 Y=-28 Z=2 FlatVerts=384 SlopeVerts=498
[+00:54:56.452] VoxelMesh: Chunk X=1 Y=-25 Z=1 FlatVerts=0 SlopeVerts=0
[+00:54:56.452] VoxelChunk: GenerateAsync (5,-28,3)
[+00:54:56.452] VoxelMesh: Chunk X=8 Y=-24 Z=2 FlatVerts=0 SlopeVerts=210
[+00:54:56.452] VoxelMesh: Chunk X=6 Y=-28 Z=2 FlatVerts=36 SlopeVerts=90
[+00:54:56.452] VoxelMesh: Chunk X=2 Y=-26 Z=2 FlatVerts=0 SlopeVerts=678
[+00:54:56.452] VoxelMesh: Chunk X=8 Y=-25 Z=2 FlatVerts=18 SlopeVerts=174
[+00:54:56.453] VoxelChunk: GenerateAsync (1,-22,0)
[+00:54:56.453] VoxelMesh: Chunk X=7 Y=-23 Z=2 FlatVerts=0 SlopeVerts=84
[+00:54:56.453] VoxelMesh: Chunk X=5 Y=-22 Z=2 FlatVerts=126 SlopeVerts=120
[+00:54:56.453] VoxelMesh: Chunk X=4 Y=-27 Z=3 FlatVerts=12 SlopeVerts=12
[+00:54:56.454] VoxelMesh: Chunk X=7 Y=-24 Z=3 FlatVerts=6 SlopeVerts=198
[+00:54:56.454] VoxelMesh: Chunk X=9 Y=-24 Z=1 FlatVerts=30 SlopeVerts=36
[+00:54:56.454] VoxelMesh: Chunk X=3 Y=-26 Z=3 FlatVerts=6 SlopeVerts=186
[+00:54:56.454] VoxelMesh: Chunk X=8 Y=-23 Z=2 FlatVerts=0 SlopeVerts=42
[+00:54:56.454] VoxelMesh: Chunk X=6 Y=-29 Z=1 FlatVerts=648 SlopeVerts=138
[+00:54:56.454] VoxelMesh: Chunk X=7 Y=-22 Z=2 FlatVerts=60 SlopeVerts=0
[+00:54:56.454] VoxelMesh: Chunk X=3 Y=-22 Z=2 FlatVerts=6 SlopeVerts=156
[+00:54:56.454] VoxelChunk: GenerateAsync (1,-28,0)
[+00:54:56.454] VoxelMesh: Chunk X=2 Y=-23 Z=2 FlatVerts=54 SlopeVerts=222
[+00:54:56.455] VoxelMesh: Chunk X=7 Y=-28 Z=2 FlatVerts=0 SlopeVerts=0
[+00:54:56.455] VoxelMesh: Chunk X=8 Y=-27 Z=2 FlatVerts=0 SlopeVerts=0
[+00:54:56.455] VoxelChunk: GenerateAsync (9,-22,0)
[+00:54:56.455] VoxelMesh: Chunk X=8 Y=-28 Z=1 FlatVerts=432 SlopeVerts=0
[+00:54:56.456] VoxelMesh: Chunk X=8 Y=-22 Z=1 FlatVerts=96 SlopeVerts=0
[+00:54:56.456] VoxelMesh: Chunk X=3 Y=-28 Z=2 FlatVerts=204 SlopeVerts=816
[+00:54:56.456] VoxelMesh: Chunk X=2 Y=-28 Z=1 FlatVerts=60 SlopeVerts=60
[+00:54:56.456] VoxelMesh: Chunk X=2 Y=-22 Z=1 FlatVerts=66 SlopeVerts=30
[+00:54:56.456] VoxelMesh: Chunk X=9 Y=-23 Z=1 FlatVerts=138 SlopeVerts=24
[+00:54:56.456] VoxelMesh: Chunk X=1 Y=-23 Z=1 FlatVerts=480 SlopeVerts=30
[+00:54:56.456] VoxelMesh: Chunk X=3 Y=-27 Z=3 FlatVerts=42 SlopeVerts=78
[+00:54:56.456] VoxelMesh: Chunk X=2 Y=-27 Z=2 FlatVerts=36 SlopeVerts=156
[+00:54:56.456] VoxelMesh: Chunk X=7 Y=-21 Z=1 FlatVerts=114 SlopeVerts=6
[+00:54:56.456] VoxelMesh: Chunk X=3 Y=-21 Z=1 FlatVerts=0 SlopeVerts=18
[+00:54:56.456] VoxelMesh: Chunk X=7 Y=-23 Z=3 FlatVerts=0 SlopeVerts=0
[+00:54:56.457] VoxelMesh: Chunk X=7 Y=-29 Z=1 FlatVerts=648 SlopeVerts=0
[+00:54:56.457] VoxelMesh: Chunk X=3 Y=-23 Z=3 FlatVerts=0 SlopeVerts=198
[+00:54:56.457] VoxelMesh: Chunk X=3 Y=-29 Z=1 FlatVerts=570 SlopeVerts=90
[+00:54:56.457] VoxelMesh: Chunk X=5 Y=-21 Z=2 FlatVerts=186 SlopeVerts=102
[+00:54:56.457] VoxelMesh: Chunk X=9 Y=-27 Z=1 FlatVerts=546 SlopeVerts=24
[+00:54:56.457] VoxelMesh: Chunk X=2 Y=-25 Z=3 FlatVerts=24 SlopeVerts=138
[+00:54:56.457] VoxelMesh: Chunk X=5 Y=-22 Z=3 FlatVerts=0 SlopeVerts=0
[+00:54:56.457] VoxelMesh: Chunk X=5 Y=-29 Z=2 FlatVerts=18 SlopeVerts=0
[+00:54:56.457] VoxelMesh: Chunk X=9 Y=-25 Z=2 FlatVerts=222 SlopeVerts=78
[+00:54:56.457] VoxelMesh: Chunk X=5 Y=-25 Z=4 FlatVerts=0 SlopeVerts=0
[+00:54:56.457] VoxelMesh: Chunk X=8 Y=-25 Z=3 FlatVerts=0 SlopeVerts=168
[+00:54:56.457] VoxelMesh: Chunk X=1 Y=-25 Z=2 FlatVerts=0 SlopeVerts=6
[+00:54:56.472] VoxelChunk: GenerateAsync (9,-28,0)
[+00:54:56.473] VoxelChunk: GenerateAsync (0,-25,0)
[+00:54:56.474] VoxelChunk: GenerateAsync (2,-21,0)
[+00:54:56.474] VoxelChunk: GenerateAsync (8,-29,0)
[+00:54:56.481] VoxelChunk: GenerateAsync (2,-29,0)
[+00:54:56.482] VoxelChunk: GenerateAsync (8,-21,0)
[+00:54:56.482] VoxelChunk: GenerateAsync (5,-20,0)
[+00:54:56.483] VoxelChunk: GenerateAsync (5,-26,4)
[+00:54:56.492] VoxelChunk: GenerateAsync (10,-25,0)
[+00:54:56.492] VoxelChunk: GenerateAsync (6,-29,2)
[+00:54:56.492] VoxelMesh: Chunk X=4 Y=-28 Z=-2 FlatVerts=780 SlopeVerts=792
[+00:54:56.493] VoxelChunk: GenerateAsync (4,-29,2)
[+00:54:56.493] VoxelMesh: Chunk X=6 Y=-23 Z=-2 FlatVerts=624 SlopeVerts=2838
[+00:54:56.493] VoxelMesh: Chunk X=4 Y=-29 Z=2 FlatVerts=780 SlopeVerts=792
[+00:54:56.495] VoxelChunk: GenerateAsync (9,-26,2)
[+00:54:56.495] VoxelMesh: Chunk X=9 Y=-26 Z=2 FlatVerts=624 SlopeVerts=2838
[+00:54:56.504] VoxelMesh: Chunk X=3 Y=-24 Z=-2 FlatVerts=0 SlopeVerts=0
[+00:54:56.505] VoxelChunk: GenerateAsync (1,-26,2)
[+00:54:56.505] VoxelChunk: GenerateAsync (6,-22,3)
[+00:54:56.505] VoxelMesh: Chunk X=1 Y=-26 Z=2 FlatVerts=0 SlopeVerts=0
[+00:54:56.506] VoxelMesh: Chunk X=3 Y=-26 Z=-2 FlatVerts=6 SlopeVerts=2958
[+00:54:56.506] VoxelChunk: GenerateAsync (2,-24,3)
[+00:54:56.507] VoxelChunk: GenerateAsync (6,-28,3)
[+00:54:56.507] VoxelMesh: Chunk X=2 Y=-24 Z=3 FlatVerts=6 SlopeVerts=2958
[+00:54:56.518] VoxelMesh: Chunk X=7 Y=-24 Z=-2 FlatVerts=0 SlopeVerts=2244
[+00:54:56.519] VoxelChunk: GenerateAsync (1,-24,2)
[+00:54:56.519] VoxelMesh: Chunk X=1 Y=-24 Z=2 FlatVerts=0 SlopeVerts=2244
[+00:54:56.519] VoxelMesh: Chunk X=6 Y=-27 Z=-2 FlatVerts=66 SlopeVerts=4614
[+00:54:56.519] VoxelChunk: GenerateAsync (4,-22,3)
[+00:54:56.520] VoxelMesh: Chunk X=4 Y=-27 Z=-2 FlatVerts=738 SlopeVerts=4362
[+00:54:56.520] VoxelMesh: Chunk X=4 Y=-22 Z=3 FlatVerts=66 SlopeVerts=4614
[+00:54:56.521] VoxelChunk: GenerateAsync (9,-24,2)
[+00:54:56.521] VoxelMesh: Chunk X=2 Y=-22 Z=-2 FlatVerts=0 SlopeVerts=0
[+00:54:56.521] VoxelChunk: GenerateAsync (4,-28,3)
[+00:54:56.521] VoxelMesh: Chunk X=4 Y=-28 Z=3 FlatVerts=0 SlopeVerts=0
[+00:54:56.521] VoxelMesh: Chunk X=9 Y=-24 Z=2 FlatVerts=738 SlopeVerts=4362
[+00:54:56.530] VoxelMesh: Chunk X=3 Y=-27 Z=-2 FlatVerts=732 SlopeVerts=876
[+00:54:56.530] VoxelChunk: GenerateAsync (6,-25,4)
[+00:54:56.532] VoxelChunk: GenerateAsync (5,-30,0)
[+00:54:56.532] VoxelMesh: Chunk X=6 Y=-25 Z=4 FlatVerts=732 SlopeVerts=876
[+00:54:56.532] VoxelMesh: Chunk X=7 Y=-27 Z=-2 FlatVerts=42 SlopeVerts=2028
[+00:54:56.532] VoxelChunk: GenerateAsync (8,-24,3)
[+00:54:56.532] VoxelMesh: Chunk X=2 Y=-28 Z=-2 FlatVerts=0 SlopeVerts=1014
[+00:54:56.532] VoxelChunk: GenerateAsync (2,-26,3)
[+00:54:56.532] VoxelMesh: Chunk X=8 Y=-24 Z=3 FlatVerts=42 SlopeVerts=2028
[+00:54:56.533] VoxelMesh: Chunk X=2 Y=-26 Z=3 FlatVerts=0 SlopeVerts=1014
[+00:54:56.541] VoxelChunk: GenerateAsync (5,-24,4)
[+00:54:56.542] VoxelMesh: Chunk X=5 Y=-22 Z=-2 FlatVerts=0 SlopeVerts=0
[+00:54:56.542] VoxelChunk: GenerateAsync (8,-26,3)
[+00:54:56.542] VoxelMesh: Chunk X=8 Y=-26 Z=3 FlatVerts=0 SlopeVerts=0
[+00:54:56.542] VoxelMesh: Chunk X=2 Y=-25 Z=-2 FlatVerts=480 SlopeVerts=4248
[+00:54:56.542] VoxelChunk: GenerateAsync (4,-21,2)
[+00:54:56.542] VoxelMesh: Chunk X=8 Y=-25 Z=-2 FlatVerts=0 SlopeVerts=90
[+00:54:56.544] VoxelChunk: GenerateAsync (4,-25,4)
[+00:54:56.544] VoxelMesh: Chunk X=4 Y=-21 Z=2 FlatVerts=480 SlopeVerts=4248
[+00:54:56.544] VoxelMesh: Chunk X=4 Y=-25 Z=4 FlatVerts=0 SlopeVerts=90
[+00:54:56.553] VoxelMesh: Chunk X=5 Y=-28 Z=-2 FlatVerts=714 SlopeVerts=4392
[+00:54:56.554] VoxelChunk: GenerateAsync (6,-21,2)
[+00:54:56.555] VoxelMesh: Chunk X=6 Y=-21 Z=2 FlatVerts=714 SlopeVerts=4392
[+00:54:56.555] VoxelChunk: GenerateAsync (0,-26,0)
[+00:54:56.555] VoxelMesh: Chunk X=2 Y=-26 Z=-2 FlatVerts=12 SlopeVerts=174
[+00:54:56.556] VoxelChunk: GenerateAsync (6,-24,4)
[+00:54:56.556] VoxelChunk: GenerateAsync (10,-26,0)
[+00:54:56.557] VoxelMesh: Chunk X=6 Y=-24 Z=4 FlatVerts=12 SlopeVerts=174
[+00:54:56.566] VoxelChunk: GenerateAsync (6,-30,0)
[+00:54:56.566] VoxelChunk: GenerateAsync (0,-24,0)
[+00:54:56.568] VoxelChunk: GenerateAsync (8,-22,2)
[+00:54:56.568] VoxelChunk: GenerateAsync (4,-26,4)
[+00:54:56.576] VoxelMesh: Chunk X=5 Y=-24 Z=-2 FlatVerts=456 SlopeVerts=4476
[+00:54:56.577] VoxelChunk: GenerateAsync (2,-28,2)
[+00:54:56.577] VoxelChunk: GenerateAsync (8,-28,2)
[+00:54:56.577] VoxelMesh: Chunk X=2 Y=-28 Z=2 FlatVerts=456 SlopeVerts=4476
[+00:54:56.578] VoxelChunk: GenerateAsync (6,-20,0)
[+00:54:56.579] VoxelMesh: Chunk X=4 Y=-26 Z=-2 FlatVerts=222 SlopeVerts=5520
[+00:54:56.579] VoxelChunk: GenerateAsync (2,-22,2)
[+00:54:56.580] VoxelMesh: Chunk X=2 Y=-22 Z=2 FlatVerts=222 SlopeVerts=5520
[+00:54:56.589] VoxelChunk: GenerateAsync (4,-20,0)
[+00:54:56.589] VoxelChunk: GenerateAsync (4,-30,0)
[+00:54:56.590] VoxelMesh: Chunk X=5 Y=-23 Z=-2 FlatVerts=0 SlopeVerts=0
[+00:54:56.591] VoxelChunk: GenerateAsync (6,-26,4)
[+00:54:56.591] VoxelChunk: GenerateAsync (10,-24,0)
[+00:54:56.591] VoxelMesh: Chunk X=6 Y=-26 Z=4 FlatVerts=0 SlopeVerts=0
[+00:54:56.619] VoxelWater: Chunk X=6 Y=-26 Z=1 emitted 68 procedural water vertices (Ocean/Pools)
[+00:54:56.619] VoxelWater: Chunk X=5 Y=-26 Z=1 emitted 248 procedural water vertices (Ocean/Pools)
[+00:54:56.619] VoxelWater: Chunk X=4 Y=-26 Z=1 emitted 300 procedural water vertices (Ocean/Pools)
[+00:54:56.619] VoxelWater: Chunk X=4 Y=-23 Z=3 emitted 20 procedural water vertices (Ocean/Pools)
[+00:54:56.619] VoxelWater: Chunk X=3 Y=-23 Z=3 emitted 32 procedural water vertices (Ocean/Pools)
[+00:54:56.619] VoxelWater: Chunk X=5 Y=-24 Z=1 emitted 36 procedural water vertices (Ocean/Pools)
[+00:54:56.619] VoxelWater: Chunk X=6 Y=-24 Z=1 emitted 64 procedural water vertices (Ocean/Pools)
[+00:54:56.619] VoxelWater: Chunk X=1 Y=-24 Z=1 emitted 56 procedural water vertices (Ocean/Pools)
[+00:54:56.619] VoxelWater: Chunk X=9 Y=-26 Z=1 emitted 80 procedural water vertices (Ocean/Pools)
[+00:54:56.619] VoxelWater: Chunk X=5 Y=-25 Z=1 emitted 16 procedural water vertices (Ocean/Pools)
[+00:54:56.619] VoxelWater: Chunk X=4 Y=-25 Z=1 emitted 96 procedural water vertices (Ocean/Pools)
[+00:54:56.619] VoxelWater: Chunk X=6 Y=-25 Z=1 emitted 12 procedural water vertices (Ocean/Pools)
[+00:54:56.619] VoxelWater: Chunk X=4 Y=-29 Z=1 emitted 28 procedural water vertices (Ocean/Pools)
[+00:54:56.619] VoxelWater: Chunk X=4 Y=-21 Z=1 emitted 32 procedural water vertices (Ocean/Pools)
[+00:54:56.619] VoxelWater: Chunk X=2 Y=-22 Z=2 emitted 12 procedural water vertices (Ocean/Pools)
[+00:54:56.619] VoxelWater: Chunk X=2 Y=-23 Z=2 emitted 28 procedural water vertices (Ocean/Pools)
[+00:54:56.619] VoxelWater: Chunk X=2 Y=-28 Z=2 emitted 72 procedural water vertices (Ocean/Pools)
[+00:54:56.619] VoxelWater: Chunk X=3 Y=-28 Z=2 emitted 72 procedural water vertices (Ocean/Pools)
[+00:54:56.619] VoxelWater: Chunk X=4 Y=-26 Z=2 emitted 12 procedural water vertices (Ocean/Pools)
[+00:54:56.619] VoxelWater: Chunk X=4 Y=-25 Z=2 emitted 264 procedural water vertices (Ocean/Pools)
[+00:54:56.619] VoxelWater: Chunk X=4 Y=-25 Z=3 emitted 160 procedural water vertices (Ocean/Pools)
[+00:54:56.619] VoxelWater: Chunk X=3 Y=-25 Z=2 emitted 4 procedural water vertices (Ocean/Pools)
[+00:54:56.619] VoxelWater: Chunk X=5 Y=-25 Z=2 emitted 284 procedural water vertices (Ocean/Pools)
[+00:54:56.619] VoxelWater: Chunk X=4 Y=-24 Z=2 emitted 148 procedural water vertices (Ocean/Pools)
[+00:54:56.619] VoxelWater: Chunk X=4 Y=-24 Z=3 emitted 128 procedural water vertices (Ocean/Pools)
[+00:54:56.619] VoxelWater: Chunk X=3 Y=-24 Z=3 emitted 68 procedural water vertices (Ocean/Pools)
[+00:54:56.619] VoxelWater: Chunk X=4 Y=-24 Z=1 emitted 48 procedural water vertices (Ocean/Pools)
[+00:54:56.619] VoxelWater: Chunk X=5 Y=-24 Z=2 emitted 128 procedural water vertices (Ocean/Pools)
[+00:54:56.619] VoxelWater: Chunk X=2 Y=-24 Z=3 emitted 36 procedural water vertices (Ocean/Pools)
[+00:54:56.619] VoxelWater: Chunk X=5 Y=-25 Z=3 emitted 192 procedural water vertices (Ocean/Pools)
[+00:54:56.619] VoxelWater: Chunk X=6 Y=-25 Z=2 emitted 12 procedural water vertices (Ocean/Pools)
[+00:54:56.619] VoxelWater: Chunk X=5 Y=-24 Z=3 emitted 20 procedural water vertices (Ocean/Pools)
[+00:54:56.619] VoxelWater: Chunk X=6 Y=-24 Z=3 emitted 140 procedural water vertices (Ocean/Pools)
[+00:54:56.619] VoxelWater: Chunk X=6 Y=-26 Z=2 emitted 64 procedural water vertices (Ocean/Pools)
[+00:54:56.619] VoxelWater: Chunk X=6 Y=-26 Z=3 emitted 16 procedural water vertices (Ocean/Pools)
[+00:54:56.619] VoxelWater: Chunk X=6 Y=-25 Z=3 emitted 320 procedural water vertices (Ocean/Pools)
[+00:54:56.619] VoxelWater: Chunk X=7 Y=-25 Z=3 emitted 60 procedural water vertices (Ocean/Pools)
[+00:54:56.619] VoxelWater: Chunk X=8 Y=-25 Z=3 emitted 24 procedural water vertices (Ocean/Pools)
[+00:54:56.619] VoxelWater: Chunk X=6 Y=-24 Z=2 emitted 108 procedural water vertices (Ocean/Pools)
[+00:54:56.619] VoxelWater: Chunk X=6 Y=-24 Z=4 emitted 12 procedural water vertices (Ocean/Pools)
[+00:54:56.619] VoxelWater: Chunk X=5 Y=-21 Z=1 emitted 8 procedural water vertices (Ocean/Pools)
[+00:54:56.619] VoxelWater: Chunk X=6 Y=-21 Z=1 emitted 12 procedural water vertices (Ocean/Pools)
[+00:54:56.619] VoxelWater: Chunk X=5 Y=-29 Z=1 emitted 12 procedural water vertices (Ocean/Pools)
[+00:54:56.619] VoxelWater: Chunk X=3 Y=-25 Z=3 emitted 4 procedural water vertices (Ocean/Pools)
[+00:54:56.619] VoxelWater: Chunk X=6 Y=-21 Z=2 emitted 72 procedural water vertices (Ocean/Pools)
[+00:54:56.620] VoxelWater: Chunk X=4 Y=-21 Z=2 emitted 80 procedural water vertices (Ocean/Pools)
[+00:54:56.620] VoxelWater: Chunk X=4 Y=-22 Z=2 emitted 32 procedural water vertices (Ocean/Pools)
[+00:54:56.620] VoxelWater: Chunk X=5 Y=-21 Z=2 emitted 68 procedural water vertices (Ocean/Pools)
[+00:54:56.620] VoxelWater: Chunk X=8 Y=-26 Z=2 emitted 20 procedural water vertices (Ocean/Pools)
[+00:54:56.620] VoxelWater: Chunk X=7 Y=-24 Z=1 emitted 8 procedural water vertices (Ocean/Pools)
[+00:54:56.620] VoxelWater: Chunk X=8 Y=-24 Z=1 emitted 8 procedural water vertices (Ocean/Pools)
[+00:54:56.620] VoxelWater: Chunk X=6 Y=-23 Z=1 emitted 20 procedural water vertices (Ocean/Pools)
[+00:54:56.620] VoxelWater: Chunk X=4 Y=-28 Z=1 emitted 8 procedural water vertices (Ocean/Pools)
[+00:54:56.620] VoxelWater: Chunk X=4 Y=-28 Z=2 emitted 44 procedural water vertices (Ocean/Pools)
[+00:54:56.620] VoxelWater: Chunk X=5 Y=-28 Z=2 emitted 56 procedural water vertices (Ocean/Pools)
[+00:54:56.620] VoxelWater: Chunk X=4 Y=-27 Z=1 emitted 52 procedural water vertices (Ocean/Pools)
[+00:54:56.620] VoxelWater: Chunk X=5 Y=-27 Z=1 emitted 96 procedural water vertices (Ocean/Pools)
[+00:54:56.620] VoxelWater: Chunk X=6 Y=-27 Z=1 emitted 196 procedural water vertices (Ocean/Pools)
[+00:54:56.620] VoxelWater: Chunk X=7 Y=-27 Z=1 emitted 128 procedural water vertices (Ocean/Pools)
[+00:54:56.620] VoxelWater: Chunk X=6 Y=-28 Z=1 emitted 80 procedural water vertices (Ocean/Pools)
[+00:54:56.620] VoxelWater: Chunk X=7 Y=-26 Z=1 emitted 132 procedural water vertices (Ocean/Pools)
[+00:54:56.620] VoxelWater: Chunk X=8 Y=-26 Z=1 emitted 68 procedural water vertices (Ocean/Pools)
[+00:54:56.620] VoxelWater: Chunk X=3 Y=-26 Z=1 emitted 36 procedural water vertices (Ocean/Pools)
[+00:54:56.620] VoxelWater: Chunk X=6 Y=-25 Z=4 emitted 16 procedural water vertices (Ocean/Pools)
[+00:54:56.621] VoxelWater: Chunk X=2 Y=-26 Z=2 emitted 32 procedural water vertices (Ocean/Pools)
[+00:54:56.621] VoxelWater: Chunk X=3 Y=-26 Z=2 emitted 92 procedural water vertices (Ocean/Pools)
[+00:54:56.621] VoxelWater: Chunk X=8 Y=-25 Z=1 emitted 8 procedural water vertices (Ocean/Pools)
[+00:54:56.621] VoxelWater: Chunk X=9 Y=-24 Z=2 emitted 76 procedural water vertices (Ocean/Pools)
[+00:54:56.621] VoxelWater: Chunk X=4 Y=-22 Z=3 emitted 48 procedural water vertices (Ocean/Pools)
[+00:54:56.621] VoxelWater: Chunk X=1 Y=-24 Z=2 emitted 48 procedural water vertices (Ocean/Pools)
[+00:54:56.621] VoxelWater: Chunk X=1 Y=-25 Z=2 emitted 4 procedural water vertices (Ocean/Pools)
[+00:54:56.621] VoxelWater: Chunk X=2 Y=-25 Z=3 emitted 52 procedural water vertices (Ocean/Pools)
[+00:54:56.621] VoxelWater: Chunk X=9 Y=-26 Z=2 emitted 32 procedural water vertices (Ocean/Pools)
[+00:54:56.621] VoxelWater: Chunk X=5 Y=-23 Z=1 emitted 80 procedural water vertices (Ocean/Pools)
[+00:54:56.621] VoxelWater: Chunk X=6 Y=-22 Z=1 emitted 68 procedural water vertices (Ocean/Pools)
[+00:54:56.621] VoxelWater: Chunk X=6 Y=-22 Z=2 emitted 12 procedural water vertices (Ocean/Pools)
[+00:54:56.621] VoxelWater: Chunk X=4 Y=-29 Z=2 emitted 20 procedural water vertices (Ocean/Pools)
[+00:54:56.621] VoxelWater: Chunk X=3 Y=-23 Z=1 emitted 8 procedural water vertices (Ocean/Pools)
[+00:54:56.621] VoxelWater: Chunk X=8 Y=-27 Z=1 emitted 108 procedural water vertices (Ocean/Pools)
[+00:54:56.621] VoxelWater: Chunk X=6 Y=-28 Z=2 emitted 16 procedural water vertices (Ocean/Pools)
[+00:54:56.621] VoxelWater: Chunk X=5 Y=-28 Z=1 emitted 144 procedural water vertices (Ocean/Pools)
[+00:54:56.621] VoxelWater: Chunk X=8 Y=-25 Z=2 emitted 16 procedural water vertices (Ocean/Pools)
[+00:54:56.621] VoxelWater: Chunk X=9 Y=-25 Z=1 emitted 12 procedural water vertices (Ocean/Pools)
[+00:54:56.621] VoxelWater: Chunk X=5 Y=-23 Z=2 emitted 32 procedural water vertices (Ocean/Pools)
[+00:54:56.621] VoxelWater: Chunk X=5 Y=-22 Z=2 emitted 108 procedural water vertices (Ocean/Pools)
[+00:54:56.621] VoxelWater: Chunk X=5 Y=-27 Z=2 emitted 52 procedural water vertices (Ocean/Pools)
[+00:54:56.621] VoxelWater: Chunk X=6 Y=-27 Z=2 emitted 12 procedural water vertices (Ocean/Pools)
[+00:54:56.621] VoxelWater: Chunk X=3 Y=-23 Z=2 emitted 132 procedural water vertices (Ocean/Pools)
[+00:54:56.621] VoxelWater: Chunk X=3 Y=-24 Z=2 emitted 40 procedural water vertices (Ocean/Pools)
[+00:54:56.621] VoxelWater: Chunk X=2 Y=-24 Z=2 emitted 4 procedural water vertices (Ocean/Pools)
[+00:54:56.621] VoxelWater: Chunk X=4 Y=-23 Z=2 emitted 120 procedural water vertices (Ocean/Pools)
[+00:54:56.621] VoxelWater: Chunk X=7 Y=-24 Z=2 emitted 8 procedural water vertices (Ocean/Pools)
[+00:54:56.621] VoxelWater: Chunk X=7 Y=-26 Z=2 emitted 40 procedural water vertices (Ocean/Pools)
[+00:54:56.621] VoxelWater: Chunk X=9 Y=-24 Z=1 emitted 4 procedural water vertices (Ocean/Pools)
[+00:54:56.621] VoxelWater: Chunk X=2 Y=-24 Z=1 emitted 4 procedural water vertices (Ocean/Pools)
[+00:54:56.621] VoxelWater: Chunk X=4 Y=-27 Z=2 emitted 48 procedural water vertices (Ocean/Pools)
[+00:54:56.621] VoxelWater: Chunk X=7 Y=-28 Z=1 emitted 8 procedural water vertices (Ocean/Pools)
[+00:54:56.621] VoxelWater: Chunk X=9 Y=-27 Z=1 emitted 28 procedural water vertices (Ocean/Pools)
[+00:54:56.621] VoxelWater: Chunk X=3 Y=-28 Z=1 emitted 4 procedural water vertices (Ocean/Pools)
[+00:54:56.621] VoxelWater: Chunk X=2 Y=-23 Z=1 emitted 20 procedural water vertices (Ocean/Pools)
[+00:54:56.621] VoxelWater: Chunk X=8 Y=-23 Z=1 emitted 40 procedural water vertices (Ocean/Pools)
[+00:54:56.621] VoxelWater: Chunk X=7 Y=-22 Z=1 emitted 40 procedural water vertices (Ocean/Pools)
[+00:54:56.621] VoxelWater: Chunk X=3 Y=-27 Z=2 emitted 116 procedural water vertices (Ocean/Pools)
[+00:54:56.621] VoxelWater: Chunk X=7 Y=-24 Z=3 emitted 40 procedural water vertices (Ocean/Pools)
[+00:54:56.621] VoxelWater: Chunk X=3 Y=-26 Z=3 emitted 24 procedural water vertices (Ocean/Pools)
[+00:54:56.621] VoxelWater: Chunk X=6 Y=-29 Z=1 emitted 72 procedural water vertices (Ocean/Pools)
[+00:54:56.621] VoxelWater: Chunk X=8 Y=-23 Z=2 emitted 28 procedural water vertices (Ocean/Pools)
[+00:54:56.621] VoxelWater: Chunk X=8 Y=-24 Z=2 emitted 8 procedural water vertices (Ocean/Pools)
[+00:54:56.621] VoxelWater: Chunk X=3 Y=-22 Z=2 emitted 64 procedural water vertices (Ocean/Pools)
[+00:54:56.621] VoxelWater: Chunk X=8 Y=-28 Z=1 emitted 28 procedural water vertices (Ocean/Pools)
[+00:54:56.621] VoxelWater: Chunk X=8 Y=-22 Z=1 emitted 28 procedural water vertices (Ocean/Pools)
[+00:54:56.621] VoxelWater: Chunk X=2 Y=-27 Z=2 emitted 20 procedural water vertices (Ocean/Pools)
[+00:54:56.621] VoxelWater: Chunk X=9 Y=-23 Z=1 emitted 48 procedural water vertices (Ocean/Pools)
[+00:54:56.621] VoxelWater: Chunk X=1 Y=-23 Z=1 emitted 60 procedural water vertices (Ocean/Pools)
[+00:54:56.621] VoxelWater: Chunk X=3 Y=-27 Z=3 emitted 100 procedural water vertices (Ocean/Pools)
[+00:54:56.621] VoxelWater: Chunk X=7 Y=-21 Z=1 emitted 52 procedural water vertices (Ocean/Pools)
[+00:54:56.621] VoxelWater: Chunk X=3 Y=-29 Z=1 emitted 100 procedural water vertices (Ocean/Pools)
[+00:54:56.621] VoxelWater: Chunk X=7 Y=-29 Z=1 emitted 64 procedural water vertices (Ocean/Pools)
[+00:54:56.621] VoxelWater: Chunk X=9 Y=-25 Z=2 emitted 208 procedural water vertices (Ocean/Pools)
[+00:54:56.630] VoxelChunk: GenerateAsync (4,-24,4)
[+00:54:56.632] VoxelMesh: Chunk X=0 Y=0 Z=0 FlatVerts=7752 SlopeVerts=0
[+00:54:56.633] VoxelChunk: GenerateAsync (8,-21,1)
[+00:54:56.634] VoxelMesh: Chunk X=8 Y=-21 Z=1 FlatVerts=1476 SlopeVerts=888
[+00:54:56.638] VoxelMesh: Chunk X=0 Y=0 Z=0 FlatVerts=456 SlopeVerts=27828
[+00:54:56.642] VoxelChunk: GenerateAsync (3,-21,2)
[+00:54:56.643] VoxelMesh: Chunk X=3 Y=-21 Z=2 FlatVerts=414 SlopeVerts=5142
[+00:54:56.644] VoxelMesh: Chunk X=0 Y=0 Z=0 FlatVerts=54 SlopeVerts=13404
[+00:54:56.645] VoxelChunk: GenerateAsync (3,-22,3)
[+00:54:56.647] VoxelMesh: Chunk X=3 Y=-22 Z=3 FlatVerts=54 SlopeVerts=6096
[+00:54:56.658] VoxelChunk: GenerateAsync (3,-25,4)
[+00:54:56.659] VoxelMesh: Chunk X=3 Y=-25 Z=4 FlatVerts=0 SlopeVerts=414
[+00:54:56.659] VoxelChunk: GenerateAsync (7,-21,2)
[+00:54:56.659] VoxelMesh: Chunk X=7 Y=-21 Z=2 FlatVerts=210 SlopeVerts=1062
[+00:54:56.659] VoxelChunk: GenerateAsync (8,-23,3)
[+00:54:56.661] VoxelMesh: Chunk X=0 Y=0 Z=0 FlatVerts=4152 SlopeVerts=14088
[+00:54:56.663] VoxelChunk: GenerateAsync (5,-20,1)
[+00:54:56.664] VoxelMesh: Chunk X=5 Y=-20 Z=1 FlatVerts=882 SlopeVerts=1734
[+00:54:56.675] VoxelMesh: Chunk X=0 Y=0 Z=0 FlatVerts=732 SlopeVerts=2022
[+00:54:56.676] VoxelChunk: GenerateAsync (3,-28,3)
[+00:54:56.677] VoxelMesh: Chunk X=3 Y=-28 Z=3 FlatVerts=24 SlopeVerts=234
[+00:54:56.678] VoxelMesh: Chunk X=0 Y=0 Z=0 FlatVerts=0 SlopeVerts=0
[+00:54:56.679] VoxelChunk: GenerateAsync (9,-23,2)
[+00:54:56.680] VoxelMesh: Chunk X=9 Y=-23 Z=2 FlatVerts=30 SlopeVerts=66
[+00:54:56.681] VoxelMesh: Chunk X=0 Y=0 Z=0 FlatVerts=990 SlopeVerts=10848
[+00:54:56.682] VoxelChunk: GenerateAsync (3,-29,2)
[+00:54:56.683] VoxelMesh: Chunk X=3 Y=-29 Z=2 FlatVerts=252 SlopeVerts=414
[+00:54:56.686] VoxelMesh: Chunk X=0 Y=0 Z=0 FlatVerts=6768 SlopeVerts=9648
[+00:54:56.689] VoxelChunk: GenerateAsync (0,-25,1)
[+00:54:56.690] VoxelMesh: Chunk X=0 Y=-25 Z=1 FlatVerts=36 SlopeVerts=786
[+00:54:56.701] VoxelMesh: Chunk X=0 Y=0 Z=0 FlatVerts=126 SlopeVerts=22158
[+00:54:56.703] VoxelChunk: GenerateAsync (8,-27,3)
[+00:54:56.708] VoxelMesh: Chunk X=0 Y=0 Z=0 FlatVerts=444 SlopeVerts=7818
[+00:54:56.710] VoxelChunk: GenerateAsync (10,-25,1)
[+00:54:56.710] VoxelMesh: Chunk X=10 Y=-25 Z=1 FlatVerts=1104 SlopeVerts=474
[+00:54:56.712] VoxelMesh: Chunk X=0 Y=0 Z=0 FlatVerts=0 SlopeVerts=7032
[+00:54:56.713] VoxelChunk: GenerateAsync (7,-29,2)
[+00:54:56.718] VoxelMesh: Chunk X=0 Y=0 Z=0 FlatVerts=762 SlopeVerts=32820
[+00:54:56.721] VoxelChunk: GenerateAsync (1,-23,2)
[+00:54:56.721] VoxelMesh: Chunk X=1 Y=-23 Z=2 FlatVerts=0 SlopeVerts=6
[+00:54:56.735] VoxelMesh: Chunk X=0 Y=0 Z=0 FlatVerts=348 SlopeVerts=15474
[+00:54:56.736] VoxelChunk: GenerateAsync (2,-21,1)
[+00:54:56.737] VoxelMesh: Chunk X=2 Y=-21 Z=1 FlatVerts=90 SlopeVerts=66
[+00:54:56.739] VoxelMesh: Chunk X=0 Y=0 Z=0 FlatVerts=360 SlopeVerts=26664
[+00:54:56.741] VoxelChunk: GenerateAsync (2,-23,3)
[+00:54:56.743] VoxelMesh: Chunk X=2 Y=-23 Z=3 FlatVerts=0 SlopeVerts=906
[+00:54:56.746] VoxelMesh: Chunk X=0 Y=0 Z=0 FlatVerts=1746 SlopeVerts=7038
[+00:54:56.747] VoxelChunk: GenerateAsync (5,-30,1)
[+00:54:56.748] VoxelMesh: Chunk X=5 Y=-30 Z=1 FlatVerts=1122 SlopeVerts=2058
[+00:54:56.748] VoxelChunk: GenerateAsync (5,-23,4)
[+00:54:56.760] VoxelMesh: Chunk X=0 Y=0 Z=0 FlatVerts=12 SlopeVerts=6744
[+00:54:56.761] VoxelChunk: GenerateAsync (7,-25,4)
[+00:54:56.762] VoxelMesh: Chunk X=7 Y=-25 Z=4 FlatVerts=738 SlopeVerts=2520
[+00:54:56.764] VoxelMesh: Chunk X=0 Y=0 Z=0 FlatVerts=4434 SlopeVerts=9564
[+00:54:56.766] VoxelChunk: GenerateAsync (9,-28,1)
[+00:54:56.766] VoxelMesh: Chunk X=9 Y=-28 Z=1 FlatVerts=1794 SlopeVerts=0
[+00:54:56.768] VoxelMesh: Chunk X=0 Y=0 Z=0 FlatVerts=5460 SlopeVerts=11304
[+00:54:56.770] VoxelChunk: GenerateAsync (1,-28,1)
[+00:54:56.771] VoxelMesh: Chunk X=1 Y=-28 Z=1 FlatVerts=774 SlopeVerts=702
[+00:54:56.775] VoxelMesh: Chunk X=0 Y=0 Z=0 FlatVerts=3072 SlopeVerts=18852
[+00:54:56.776] VoxelChunk: GenerateAsync (2,-29,1)
[+00:54:56.777] VoxelMesh: Chunk X=2 Y=-29 Z=1 FlatVerts=2166 SlopeVerts=660
[+00:54:56.789] VoxelChunk: GenerateAsync (5,-27,4)
[+00:54:56.792] VoxelMesh: Chunk X=0 Y=0 Z=0 FlatVerts=7476 SlopeVerts=0
[+00:54:56.794] VoxelChunk: GenerateAsync (9,-22,1)
[+00:54:56.795] VoxelMesh: Chunk X=9 Y=-22 Z=1 FlatVerts=1836 SlopeVerts=0
[+00:54:56.797] VoxelMesh: Chunk X=0 Y=0 Z=0 FlatVerts=1752 SlopeVerts=16560
[+00:54:56.798] VoxelChunk: GenerateAsync (1,-22,1)
[+00:54:56.799] VoxelMesh: Chunk X=1 Y=-22 Z=1 FlatVerts=1806 SlopeVerts=618
[+00:54:56.799] VoxelChunk: GenerateAsync (7,-22,3)
[+00:54:56.814] VoxelMesh: Chunk X=0 Y=0 Z=0 FlatVerts=180 SlopeVerts=21042
[+00:54:56.815] VoxelChunk: GenerateAsync (9,-27,2)
[+00:54:56.816] VoxelMesh: Chunk X=0 Y=0 Z=0 FlatVerts=0 SlopeVerts=0
[+00:54:56.816] VoxelChunk: GenerateAsync (1,-27,2)
[+00:54:56.818] VoxelMesh: Chunk X=1 Y=-27 Z=2 FlatVerts=84 SlopeVerts=1848
[+00:54:56.819] VoxelMesh: Chunk X=0 Y=0 Z=0 FlatVerts=6954 SlopeVerts=2430
[+00:54:56.820] VoxelChunk: GenerateAsync (8,-29,1)
[+00:54:56.821] VoxelMesh: Chunk X=8 Y=-29 Z=1 FlatVerts=1800 SlopeVerts=0
[+00:54:56.821] VoxelChunk: GenerateAsync (2,-27,3)
[+00:54:56.822] VoxelMesh: Chunk X=2 Y=-27 Z=3 FlatVerts=168 SlopeVerts=7104
[+00:54:56.852] VoxelWater: Chunk X=6 Y=-26 Z=1 emitted 88 procedural water vertices (Ocean/Pools)
[+00:54:56.852] VoxelWater: Chunk X=5 Y=-26 Z=1 emitted 280 procedural water vertices (Ocean/Pools)
[+00:54:56.852] VoxelWater: Chunk X=4 Y=-26 Z=1 emitted 320 procedural water vertices (Ocean/Pools)
[+00:54:56.852] VoxelWater: Chunk X=4 Y=-23 Z=3 emitted 24 procedural water vertices (Ocean/Pools)
[+00:54:56.852] VoxelWater: Chunk X=3 Y=-23 Z=3 emitted 36 procedural water vertices (Ocean/Pools)
[+00:54:56.852] VoxelWater: Chunk X=5 Y=-24 Z=1 emitted 48 procedural water vertices (Ocean/Pools)
[+00:54:56.852] VoxelWater: Chunk X=6 Y=-24 Z=1 emitted 64 procedural water vertices (Ocean/Pools)
[+00:54:56.852] VoxelWater: Chunk X=1 Y=-24 Z=1 emitted 56 procedural water vertices (Ocean/Pools)
[+00:54:56.852] VoxelWater: Chunk X=9 Y=-26 Z=1 emitted 84 procedural water vertices (Ocean/Pools)
[+00:54:56.852] VoxelWater: Chunk X=5 Y=-25 Z=1 emitted 16 procedural water vertices (Ocean/Pools)
[+00:54:56.852] VoxelWater: Chunk X=4 Y=-25 Z=1 emitted 108 procedural water vertices (Ocean/Pools)
[+00:54:56.852] VoxelWater: Chunk X=6 Y=-25 Z=1 emitted 12 procedural water vertices (Ocean/Pools)
[+00:54:56.852] VoxelWater: Chunk X=4 Y=-29 Z=1 emitted 28 procedural water vertices (Ocean/Pools)
[+00:54:56.852] VoxelWater: Chunk X=4 Y=-21 Z=1 emitted 32 procedural water vertices (Ocean/Pools)
[+00:54:56.852] VoxelWater: Chunk X=6 Y=-21 Z=1 emitted 20 procedural water vertices (Ocean/Pools)
[+00:54:56.852] VoxelWater: Chunk X=2 Y=-22 Z=2 emitted 16 procedural water vertices (Ocean/Pools)
[+00:54:56.853] VoxelWater: Chunk X=2 Y=-23 Z=2 emitted 32 procedural water vertices (Ocean/Pools)
[+00:54:56.853] VoxelWater: Chunk X=2 Y=-28 Z=2 emitted 88 procedural water vertices (Ocean/Pools)
[+00:54:56.853] VoxelWater: Chunk X=3 Y=-28 Z=2 emitted 72 procedural water vertices (Ocean/Pools)
[+00:54:56.853] VoxelWater: Chunk X=4 Y=-26 Z=2 emitted 12 procedural water vertices (Ocean/Pools)
[+00:54:56.853] VoxelWater: Chunk X=4 Y=-25 Z=2 emitted 312 procedural water vertices (Ocean/Pools)
[+00:54:56.853] VoxelWater: Chunk X=4 Y=-25 Z=3 emitted 156 procedural water vertices (Ocean/Pools)
[+00:54:56.853] VoxelWater: Chunk X=3 Y=-25 Z=2 emitted 12 procedural water vertices (Ocean/Pools)
[+00:54:56.853] VoxelWater: Chunk X=5 Y=-25 Z=2 emitted 356 procedural water vertices (Ocean/Pools)
[+00:54:56.853] VoxelWater: Chunk X=4 Y=-24 Z=2 emitted 180 procedural water vertices (Ocean/Pools)
[+00:54:56.853] VoxelWater: Chunk X=4 Y=-24 Z=3 emitted 116 procedural water vertices (Ocean/Pools)
[+00:54:56.853] VoxelWater: Chunk X=3 Y=-24 Z=3 emitted 72 procedural water vertices (Ocean/Pools)
[+00:54:56.853] VoxelWater: Chunk X=4 Y=-24 Z=1 emitted 68 procedural water vertices (Ocean/Pools)
[+00:54:56.853] VoxelWater: Chunk X=4 Y=-23 Z=2 emitted 148 procedural water vertices (Ocean/Pools)
[+00:54:56.853] VoxelWater: Chunk X=5 Y=-24 Z=2 emitted 136 procedural water vertices (Ocean/Pools)
[+00:54:56.853] VoxelWater: Chunk X=2 Y=-24 Z=3 emitted 40 procedural water vertices (Ocean/Pools)
[+00:54:56.853] VoxelWater: Chunk X=5 Y=-25 Z=3 emitted 168 procedural water vertices (Ocean/Pools)
[+00:54:56.854] VoxelWater: Chunk X=6 Y=-25 Z=2 emitted 16 procedural water vertices (Ocean/Pools)
[+00:54:56.854] VoxelWater: Chunk X=5 Y=-24 Z=3 emitted 20 procedural water vertices (Ocean/Pools)
[+00:54:56.854] VoxelWater: Chunk X=6 Y=-24 Z=3 emitted 152 procedural water vertices (Ocean/Pools)
[+00:54:56.854] VoxelWater: Chunk X=9 Y=-25 Z=1 emitted 24 procedural water vertices (Ocean/Pools)
[+00:54:56.854] VoxelWater: Chunk X=6 Y=-26 Z=2 emitted 60 procedural water vertices (Ocean/Pools)
[+00:54:56.854] VoxelWater: Chunk X=6 Y=-26 Z=3 emitted 16 procedural water vertices (Ocean/Pools)
[+00:54:56.854] VoxelWater: Chunk X=6 Y=-25 Z=3 emitted 352 procedural water vertices (Ocean/Pools)
[+00:54:56.854] VoxelWater: Chunk X=7 Y=-25 Z=3 emitted 60 procedural water vertices (Ocean/Pools)
[+00:54:56.854] VoxelWater: Chunk X=8 Y=-25 Z=3 emitted 24 procedural water vertices (Ocean/Pools)
[+00:54:56.854] VoxelWater: Chunk X=6 Y=-24 Z=2 emitted 120 procedural water vertices (Ocean/Pools)
[+00:54:56.854] VoxelWater: Chunk X=6 Y=-24 Z=4 emitted 12 procedural water vertices (Ocean/Pools)
[+00:54:56.854] VoxelWater: Chunk X=5 Y=-29 Z=1 emitted 20 procedural water vertices (Ocean/Pools)
[+00:54:56.854] VoxelWater: Chunk X=3 Y=-25 Z=3 emitted 4 procedural water vertices (Ocean/Pools)
[+00:54:56.854] VoxelWater: Chunk X=6 Y=-21 Z=2 emitted 88 procedural water vertices (Ocean/Pools)
[+00:54:56.854] VoxelWater: Chunk X=4 Y=-21 Z=2 emitted 92 procedural water vertices (Ocean/Pools)
[+00:54:56.854] VoxelWater: Chunk X=3 Y=-21 Z=2 emitted 88 procedural water vertices (Ocean/Pools)
[+00:54:56.854] VoxelWater: Chunk X=4 Y=-22 Z=2 emitted 36 procedural water vertices (Ocean/Pools)
[+00:54:56.854] VoxelWater: Chunk X=5 Y=-21 Z=2 emitted 68 procedural water vertices (Ocean/Pools)
[+00:54:56.854] VoxelWater: Chunk X=8 Y=-26 Z=2 emitted 20 procedural water vertices (Ocean/Pools)
[+00:54:56.854] VoxelWater: Chunk X=7 Y=-24 Z=1 emitted 8 procedural water vertices (Ocean/Pools)
[+00:54:56.854] VoxelWater: Chunk X=8 Y=-24 Z=1 emitted 12 procedural water vertices (Ocean/Pools)
[+00:54:56.854] VoxelWater: Chunk X=6 Y=-23 Z=1 emitted 28 procedural water vertices (Ocean/Pools)
[+00:54:56.854] VoxelWater: Chunk X=5 Y=-23 Z=1 emitted 96 procedural water vertices (Ocean/Pools)
[+00:54:56.854] VoxelWater: Chunk X=2 Y=-24 Z=2 emitted 4 procedural water vertices (Ocean/Pools)
[+00:54:56.854] VoxelWater: Chunk X=4 Y=-28 Z=1 emitted 8 procedural water vertices (Ocean/Pools)
[+00:54:56.854] VoxelWater: Chunk X=4 Y=-28 Z=2 emitted 40 procedural water vertices (Ocean/Pools)
[+00:54:56.854] VoxelWater: Chunk X=4 Y=-29 Z=2 emitted 32 procedural water vertices (Ocean/Pools)
[+00:54:56.854] VoxelWater: Chunk X=5 Y=-28 Z=2 emitted 56 procedural water vertices (Ocean/Pools)
[+00:54:56.854] VoxelWater: Chunk X=4 Y=-27 Z=1 emitted 60 procedural water vertices (Ocean/Pools)
[+00:54:56.854] VoxelWater: Chunk X=5 Y=-27 Z=1 emitted 112 procedural water vertices (Ocean/Pools)
[+00:54:56.854] VoxelWater: Chunk X=6 Y=-27 Z=1 emitted 212 procedural water vertices (Ocean/Pools)
[+00:54:56.854] VoxelWater: Chunk X=7 Y=-27 Z=1 emitted 156 procedural water vertices (Ocean/Pools)
[+00:54:56.854] VoxelWater: Chunk X=6 Y=-28 Z=1 emitted 88 procedural water vertices (Ocean/Pools)
[+00:54:56.854] VoxelWater: Chunk X=7 Y=-26 Z=1 emitted 160 procedural water vertices (Ocean/Pools)
[+00:54:56.855] VoxelWater: Chunk X=8 Y=-26 Z=1 emitted 72 procedural water vertices (Ocean/Pools)
[+00:54:56.855] VoxelWater: Chunk X=3 Y=-26 Z=1 emitted 60 procedural water vertices (Ocean/Pools)
[+00:54:56.855] VoxelWater: Chunk X=6 Y=-25 Z=4 emitted 20 procedural water vertices (Ocean/Pools)
[+00:54:56.855] VoxelWater: Chunk X=2 Y=-26 Z=2 emitted 36 procedural water vertices (Ocean/Pools)
[+00:54:56.855] VoxelWater: Chunk X=3 Y=-26 Z=2 emitted 104 procedural water vertices (Ocean/Pools)
[+00:54:56.855] VoxelWater: Chunk X=8 Y=-25 Z=1 emitted 8 procedural water vertices (Ocean/Pools)
[+00:54:56.855] VoxelWater: Chunk X=9 Y=-24 Z=2 emitted 112 procedural water vertices (Ocean/Pools)
[+00:54:56.855] VoxelWater: Chunk X=4 Y=-22 Z=3 emitted 56 procedural water vertices (Ocean/Pools)
[+00:54:56.855] VoxelWater: Chunk X=1 Y=-24 Z=2 emitted 48 procedural water vertices (Ocean/Pools)
[+00:54:56.855] VoxelWater: Chunk X=1 Y=-25 Z=2 emitted 4 procedural water vertices (Ocean/Pools)
[+00:54:56.855] VoxelWater: Chunk X=2 Y=-25 Z=3 emitted 52 procedural water vertices (Ocean/Pools)
[+00:54:56.855] VoxelWater: Chunk X=9 Y=-26 Z=2 emitted 40 procedural water vertices (Ocean/Pools)
[+00:54:56.855] VoxelWater: Chunk X=6 Y=-22 Z=1 emitted 92 procedural water vertices (Ocean/Pools)
[+00:54:56.855] VoxelWater: Chunk X=6 Y=-22 Z=2 emitted 12 procedural water vertices (Ocean/Pools)
[+00:54:56.855] VoxelWater: Chunk X=5 Y=-29 Z=2 emitted 4 procedural water vertices (Ocean/Pools)
[+00:54:56.855] VoxelWater: Chunk X=3 Y=-23 Z=1 emitted 8 procedural water vertices (Ocean/Pools)
[+00:54:56.855] VoxelWater: Chunk X=8 Y=-27 Z=1 emitted 132 procedural water vertices (Ocean/Pools)
[+00:54:56.855] VoxelWater: Chunk X=6 Y=-28 Z=2 emitted 16 procedural water vertices (Ocean/Pools)
[+00:54:56.855] VoxelWater: Chunk X=5 Y=-28 Z=1 emitted 176 procedural water vertices (Ocean/Pools)
[+00:54:56.855] VoxelWater: Chunk X=8 Y=-24 Z=2 emitted 8 procedural water vertices (Ocean/Pools)
[+00:54:56.855] VoxelWater: Chunk X=8 Y=-25 Z=2 emitted 16 procedural water vertices (Ocean/Pools)
[+00:54:56.855] VoxelWater: Chunk X=5 Y=-23 Z=2 emitted 40 procedural water vertices (Ocean/Pools)
[+00:54:56.855] VoxelWater: Chunk X=5 Y=-22 Z=2 emitted 108 procedural water vertices (Ocean/Pools)
[+00:54:56.855] VoxelWater: Chunk X=5 Y=-27 Z=2 emitted 52 procedural water vertices (Ocean/Pools)
[+00:54:56.855] VoxelWater: Chunk X=6 Y=-27 Z=2 emitted 12 procedural water vertices (Ocean/Pools)
[+00:54:56.855] VoxelWater: Chunk X=3 Y=-23 Z=2 emitted 136 procedural water vertices (Ocean/Pools)
[+00:54:56.855] VoxelWater: Chunk X=3 Y=-24 Z=2 emitted 52 procedural water vertices (Ocean/Pools)
[+00:54:56.855] VoxelWater: Chunk X=4 Y=-23 Z=1 emitted 4 procedural water vertices (Ocean/Pools)
[+00:54:56.855] VoxelWater: Chunk X=7 Y=-24 Z=2 emitted 8 procedural water vertices (Ocean/Pools)
[+00:54:56.855] VoxelWater: Chunk X=7 Y=-26 Z=2 emitted 40 procedural water vertices (Ocean/Pools)
[+00:54:56.855] VoxelWater: Chunk X=7 Y=-22 Z=1 emitted 48 procedural water vertices (Ocean/Pools)
[+00:54:56.855] VoxelWater: Chunk X=9 Y=-24 Z=1 emitted 4 procedural water vertices (Ocean/Pools)
[+00:54:56.855] VoxelWater: Chunk X=2 Y=-24 Z=1 emitted 4 procedural water vertices (Ocean/Pools)
[+00:54:56.855] VoxelWater: Chunk X=4 Y=-27 Z=2 emitted 56 procedural water vertices (Ocean/Pools)
[+00:54:56.855] VoxelWater: Chunk X=7 Y=-28 Z=1 emitted 8 procedural water vertices (Ocean/Pools)
[+00:54:56.855] VoxelWater: Chunk X=9 Y=-27 Z=1 emitted 36 procedural water vertices (Ocean/Pools)
[+00:54:56.855] VoxelWater: Chunk X=3 Y=-28 Z=1 emitted 4 procedural water vertices (Ocean/Pools)
[+00:54:56.855] VoxelWater: Chunk X=2 Y=-23 Z=1 emitted 24 procedural water vertices (Ocean/Pools)
[+00:54:56.855] VoxelWater: Chunk X=8 Y=-23 Z=1 emitted 40 procedural water vertices (Ocean/Pools)
[+00:54:56.855] VoxelWater: Chunk X=3 Y=-27 Z=2 emitted 160 procedural water vertices (Ocean/Pools)
[+00:54:56.855] VoxelWater: Chunk X=7 Y=-24 Z=3 emitted 44 procedural water vertices (Ocean/Pools)
[+00:54:56.855] VoxelWater: Chunk X=3 Y=-26 Z=3 emitted 24 procedural water vertices (Ocean/Pools)
[+00:54:56.855] VoxelWater: Chunk X=6 Y=-29 Z=1 emitted 88 procedural water vertices (Ocean/Pools)
[+00:54:56.855] VoxelWater: Chunk X=8 Y=-23 Z=2 emitted 28 procedural water vertices (Ocean/Pools)
[+00:54:56.855] VoxelWater: Chunk X=3 Y=-22 Z=2 emitted 76 procedural water vertices (Ocean/Pools)
[+00:54:56.855] VoxelWater: Chunk X=8 Y=-28 Z=1 emitted 36 procedural water vertices (Ocean/Pools)
[+00:54:56.855] VoxelWater: Chunk X=8 Y=-22 Z=1 emitted 28 procedural water vertices (Ocean/Pools)
[+00:54:56.855] VoxelWater: Chunk X=2 Y=-27 Z=2 emitted 20 procedural water vertices (Ocean/Pools)
[+00:54:56.855] VoxelWater: Chunk X=9 Y=-23 Z=1 emitted 48 procedural water vertices (Ocean/Pools)
[+00:54:56.855] VoxelWater: Chunk X=1 Y=-23 Z=1 emitted 64 procedural water vertices (Ocean/Pools)
[+00:54:56.855] VoxelWater: Chunk X=3 Y=-27 Z=3 emitted 100 procedural water vertices (Ocean/Pools)
[+00:54:56.855] VoxelWater: Chunk X=2 Y=-27 Z=3 emitted 4 procedural water vertices (Ocean/Pools)
[+00:54:56.855] VoxelWater: Chunk X=7 Y=-21 Z=1 emitted 52 procedural water vertices (Ocean/Pools)
[+00:54:56.855] VoxelWater: Chunk X=3 Y=-29 Z=1 emitted 104 procedural water vertices (Ocean/Pools)
[+00:54:56.856] VoxelWater: Chunk X=7 Y=-29 Z=1 emitted 64 procedural water vertices (Ocean/Pools)
[+00:54:56.856] VoxelWater: Chunk X=9 Y=-25 Z=2 emitted 212 procedural water vertices (Ocean/Pools)
[+00:54:56.856] VoxelWater: Chunk X=3 Y=-22 Z=3 emitted 56 procedural water vertices (Ocean/Pools)
[+00:54:56.856] VoxelWater: Chunk X=7 Y=-21 Z=2 emitted 8 procedural water vertices (Ocean/Pools)
[+00:54:56.856] VoxelWater: Chunk X=5 Y=-20 Z=1 emitted 12 procedural water vertices (Ocean/Pools)
[+00:54:56.856] VoxelWater: Chunk X=10 Y=-25 Z=1 emitted 12 procedural water vertices (Ocean/Pools)
[+00:54:56.856] VoxelWater: Chunk X=2 Y=-23 Z=3 emitted 12 procedural water vertices (Ocean/Pools)
[+00:54:56.856] VoxelWater: Chunk X=5 Y=-30 Z=1 emitted 12 procedural water vertices (Ocean/Pools)
[+00:54:56.856] VoxelWater: Chunk X=7 Y=-25 Z=4 emitted 36 procedural water vertices (Ocean/Pools)
[+00:54:56.856] VoxelWater: Chunk X=9 Y=-28 Z=1 emitted 12 procedural water vertices (Ocean/Pools)
[+00:54:56.856] VoxelWater: Chunk X=2 Y=-28 Z=1 emitted 16 procedural water vertices (Ocean/Pools)
[+00:54:56.856] VoxelWater: Chunk X=1 Y=-28 Z=1 emitted 12 procedural water vertices (Ocean/Pools)
[+00:54:56.856] VoxelWater: Chunk X=2 Y=-29 Z=1 emitted 44 procedural water vertices (Ocean/Pools)
[+00:54:56.856] VoxelWater: Chunk X=9 Y=-22 Z=1 emitted 36 procedural water vertices (Ocean/Pools)
[+00:54:56.856] VoxelWater: Chunk X=1 Y=-22 Z=1 emitted 36 procedural water vertices (Ocean/Pools)
[+00:54:56.856] VoxelWater: Chunk X=1 Y=-27 Z=2 emitted 20 procedural water vertices (Ocean/Pools)
[+00:54:56.856] VoxelWater: Chunk X=8 Y=-29 Z=1 emitted 24 procedural water vertices (Ocean/Pools)
[+00:54:56.868] VoxelMesh: Chunk X=0 Y=0 Z=0 FlatVerts=0 SlopeVerts=1842
[+00:54:56.868] VoxelChunk: GenerateAsync (7,-28,3)
[+00:54:56.871] VoxelMesh: Chunk X=0 Y=0 Z=0 FlatVerts=7008 SlopeVerts=2970
[+00:54:56.873] VoxelChunk: GenerateAsync (0,-27,0)
[+00:54:56.877] VoxelMesh: Chunk X=0 Y=0 Z=0 FlatVerts=7656 SlopeVerts=4338
[+00:54:56.878] VoxelChunk: GenerateAsync (0,-26,1)
[+00:54:56.880] VoxelMesh: Chunk X=0 Y=-26 Z=1 FlatVerts=0 SlopeVerts=0
[+00:54:56.881] VoxelMesh: Chunk X=0 Y=0 Z=0 FlatVerts=0 SlopeVerts=7386
[+00:54:56.882] VoxelChunk: GenerateAsync (7,-26,4)
[+00:54:56.882] VoxelMesh: Chunk X=7 Y=-26 Z=4 FlatVerts=0 SlopeVerts=0
[+00:54:56.891] VoxelChunk: GenerateAsync (4,-27,4)
[+00:54:56.893] VoxelMesh: Chunk X=0 Y=0 Z=0 FlatVerts=5892 SlopeVerts=5352
[+00:54:56.895] VoxelChunk: GenerateAsync (6,-20,1)
[+00:54:56.895] VoxelMesh: Chunk X=6 Y=-20 Z=1 FlatVerts=324 SlopeVerts=462
[+00:54:56.899] VoxelMesh: Chunk X=0 Y=0 Z=0 FlatVerts=246 SlopeVerts=8916
[+00:54:56.899] VoxelChunk: GenerateAsync (10,-26,1)
[+00:54:56.900] VoxelMesh: Chunk X=10 Y=-26 Z=1 FlatVerts=1368 SlopeVerts=1506
[+00:54:56.904] VoxelMesh: Chunk X=0 Y=0 Z=0 FlatVerts=2250 SlopeVerts=2664
[+00:54:56.904] VoxelChunk: GenerateAsync (7,-30,0)
[+00:54:56.918] VoxelMesh: Chunk X=0 Y=0 Z=0 FlatVerts=1950 SlopeVerts=21774
[+00:54:56.919] VoxelChunk: GenerateAsync (4,-20,1)
[+00:54:56.920] VoxelMesh: Chunk X=4 Y=-20 Z=1 FlatVerts=2286 SlopeVerts=1056
[+00:54:56.922] VoxelMesh: Chunk X=0 Y=0 Z=0 FlatVerts=4794 SlopeVerts=13098
[+00:54:56.925] VoxelChunk: GenerateAsync (0,-24,1)
[+00:54:56.926] VoxelMesh: Chunk X=0 Y=-24 Z=1 FlatVerts=1512 SlopeVerts=726
[+00:54:56.927] VoxelMesh: Chunk X=0 Y=0 Z=0 FlatVerts=0 SlopeVerts=0
[+00:54:56.928] VoxelChunk: GenerateAsync (3,-24,4)
[+00:54:56.928] VoxelMesh: Chunk X=3 Y=-24 Z=4 FlatVerts=18 SlopeVerts=3282
[+00:54:56.931] VoxelMesh: Chunk X=0 Y=0 Z=0 FlatVerts=3114 SlopeVerts=10548
[+00:54:56.932] VoxelChunk: GenerateAsync (10,-24,1)
[+00:54:56.933] VoxelMesh: Chunk X=10 Y=-24 Z=1 FlatVerts=1524 SlopeVerts=570
[+00:54:56.948] VoxelMesh: Chunk X=0 Y=0 Z=0 FlatVerts=318 SlopeVerts=6420
[+00:54:56.949] VoxelChunk: GenerateAsync (6,-30,1)
[+00:54:56.950] VoxelMesh: Chunk X=6 Y=-30 Z=1 FlatVerts=2070 SlopeVerts=1194
[+00:54:56.952] VoxelMesh: Chunk X=0 Y=0 Z=0 FlatVerts=3612 SlopeVerts=1476
[+00:54:56.953] VoxelChunk: GenerateAsync (0,-23,0)
[+00:54:56.954] VoxelChunk: GenerateAsync (3,-26,4)
[+00:54:56.955] VoxelMesh: Chunk X=3 Y=-26 Z=4 FlatVerts=0 SlopeVerts=6
[+00:54:56.956] VoxelChunk: GenerateAsync (4,-23,4)
[+00:54:56.956] VoxelMesh: Chunk X=4 Y=-23 Z=4 FlatVerts=0 SlopeVerts=42
[+00:54:56.966] VoxelChunk: GenerateAsync (4,-24,4)
[+00:54:56.966] VoxelChunk: GenerateAsync (10,-24,0)
[+00:54:56.966] VoxelChunk: GenerateAsync (6,-26,4)
[+00:54:56.966] VoxelChunk: GenerateAsync (4,-30,0)
[+00:54:56.966] VoxelChunk: GenerateAsync (1,-24,1)
[+00:54:56.966] VoxelChunk: GenerateAsync (9,-26,1)
[+00:54:56.966] VoxelChunk: GenerateAsync (9,-23,0)
[+00:54:56.966] VoxelChunk: GenerateAsync (4,-29,1)
[+00:54:56.966] VoxelChunk: GenerateAsync (4,-21,1)
[+00:54:56.966] VoxelChunk: GenerateAsync (6,-21,1)
[+00:54:56.966] VoxelMesh: Chunk X=4 Y=-24 Z=4 FlatVerts=0 SlopeVerts=0
[+00:54:56.966] VoxelChunk: GenerateAsync (9,-27,0)
[+00:54:56.966] VoxelChunk: GenerateAsync (4,-20,0)
[+00:54:56.966] VoxelMesh: Chunk X=6 Y=-26 Z=4 FlatVerts=0 SlopeVerts=0
[+00:54:56.966] VoxelChunk: GenerateAsync (2,-22,2)
[+00:54:56.966] VoxelChunk: GenerateAsync (6,-20,0)
[+00:54:56.966] VoxelChunk: GenerateAsync (8,-28,2)
[+00:54:56.967] VoxelMesh: Chunk X=9 Y=-26 Z=1 FlatVerts=78 SlopeVerts=18
[+00:54:56.967] VoxelMesh: Chunk X=1 Y=-24 Z=1 FlatVerts=30 SlopeVerts=66
[+00:54:56.967] VoxelChunk: GenerateAsync (2,-28,2)
[+00:54:56.967] VoxelChunk: GenerateAsync (4,-26,4)
[+00:54:56.967] VoxelMesh: Chunk X=4 Y=-29 Z=1 FlatVerts=114 SlopeVerts=0
[+00:54:56.967] VoxelChunk: GenerateAsync (8,-22,2)
[+00:54:56.967] VoxelChunk: GenerateAsync (0,-24,0)
[+00:54:56.967] VoxelChunk: GenerateAsync (6,-30,0)
[+00:54:56.967] VoxelMesh: Chunk X=4 Y=-21 Z=1 FlatVerts=18 SlopeVerts=48
[+00:54:56.967] VoxelChunk: GenerateAsync (10,-26,0)
[+00:54:56.967] VoxelChunk: GenerateAsync (7,-21,0)
[+00:54:56.967] VoxelMesh: Chunk X=9 Y=-27 Z=0 FlatVerts=6 SlopeVerts=0
[+00:54:56.967] VoxelChunk: GenerateAsync (4,-26,2)
[+00:54:56.967] VoxelMesh: Chunk X=6 Y=-21 Z=1 FlatVerts=24 SlopeVerts=12
[+00:54:56.967] VoxelChunk: GenerateAsync (4,-25,2)
[+00:54:56.967] VoxelChunk: GenerateAsync (1,-26,1)
[+00:54:56.967] VoxelChunk: GenerateAsync (4,-24,2)
[+00:54:56.967] VoxelChunk: GenerateAsync (3,-21,0)
[+00:54:56.967] VoxelChunk: GenerateAsync (5,-26,2)
[+00:54:56.967] VoxelChunk: GenerateAsync (5,-25,2)
[+00:54:56.967] VoxelMesh: Chunk X=2 Y=-22 Z=2 FlatVerts=132 SlopeVerts=102
[+00:54:56.967] VoxelChunk: GenerateAsync (1,-25,1)
[+00:54:56.967] VoxelChunk: GenerateAsync (5,-24,2)
[+00:54:56.967] VoxelChunk: GenerateAsync (9,-25,1)
[+00:54:56.967] VoxelChunk: GenerateAsync (6,-26,2)
[+00:54:56.967] VoxelMesh: Chunk X=2 Y=-28 Z=2 FlatVerts=96 SlopeVerts=132
[+00:54:56.967] VoxelChunk: GenerateAsync (6,-25,2)
[+00:54:56.967] VoxelChunk: GenerateAsync (6,-24,2)
[+00:54:56.967] VoxelMesh: Chunk X=4 Y=-26 Z=4 FlatVerts=0 SlopeVerts=0
[+00:54:56.967] VoxelMesh: Chunk X=8 Y=-22 Z=2 FlatVerts=0 SlopeVerts=0
[+00:54:56.967] VoxelChunk: GenerateAsync (6,-24,4)
[+00:54:56.967] VoxelChunk: GenerateAsync (5,-21,1)
[+00:54:56.967] VoxelChunk: GenerateAsync (5,-29,1)
[+00:54:56.967] VoxelChunk: GenerateAsync (0,-26,0)
[+00:54:56.967] VoxelMesh: Chunk X=6 Y=-30 Z=0 FlatVerts=0 SlopeVerts=0
[+00:54:56.967] VoxelChunk: GenerateAsync (6,-21,2)
[+00:54:56.967] VoxelMesh: Chunk X=4 Y=-26 Z=2 FlatVerts=24 SlopeVerts=18
[+00:54:56.967] VoxelChunk: GenerateAsync (4,-25,4)
[+00:54:56.967] VoxelChunk: GenerateAsync (8,-22,0)
[+00:54:56.967] VoxelMesh: Chunk X=4 Y=-25 Z=2 FlatVerts=0 SlopeVerts=156
[+00:54:56.967] VoxelChunk: GenerateAsync (4,-21,2)
[+00:54:56.967] VoxelChunk: GenerateAsync (8,-26,3)
[+00:54:56.967] VoxelChunk: GenerateAsync (7,-24,1)
[+00:54:56.967] VoxelMesh: Chunk X=5 Y=-26 Z=2 FlatVerts=0 SlopeVerts=12
[+00:54:56.967] VoxelChunk: GenerateAsync (6,-23,1)
[+00:54:56.967] VoxelMesh: Chunk X=4 Y=-24 Z=2 FlatVerts=18 SlopeVerts=138
[+00:54:56.967] VoxelChunk: GenerateAsync (2,-24,2)
[+00:54:56.967] VoxelChunk: GenerateAsync (4,-28,2)
[+00:54:56.967] VoxelChunk: GenerateAsync (5,-24,4)
[+00:54:56.967] VoxelChunk: GenerateAsync (2,-26,3)
[+00:54:56.967] VoxelMesh: Chunk X=5 Y=-25 Z=2 FlatVerts=12 SlopeVerts=186
[+00:54:56.967] VoxelChunk: GenerateAsync (8,-24,3)
[+00:54:56.967] VoxelMesh: Chunk X=5 Y=-24 Z=2 FlatVerts=30 SlopeVerts=144
[+00:54:56.967] VoxelChunk: GenerateAsync (5,-30,0)
[+00:54:56.967] VoxelMesh: Chunk X=9 Y=-25 Z=1 FlatVerts=18 SlopeVerts=6
[+00:54:56.967] VoxelChunk: GenerateAsync (6,-25,4)
[+00:54:56.967] VoxelMesh: Chunk X=6 Y=-26 Z=2 FlatVerts=0 SlopeVerts=138
[+00:54:56.967] VoxelChunk: GenerateAsync (2,-26,2)
[+00:54:56.967] VoxelChunk: GenerateAsync (4,-28,3)
[+00:54:56.967] VoxelChunk: GenerateAsync (9,-24,2)
[+00:54:56.967] VoxelMesh: Chunk X=6 Y=-24 Z=4 FlatVerts=0 SlopeVerts=18
[+00:54:56.967] VoxelMesh: Chunk X=6 Y=-25 Z=2 FlatVerts=0 SlopeVerts=12
[+00:54:56.967] VoxelChunk: GenerateAsync (4,-22,3)
[+00:54:56.968] VoxelMesh: Chunk X=5 Y=-21 Z=1 FlatVerts=0 SlopeVerts=24
[+00:54:56.968] VoxelChunk: GenerateAsync (1,-24,2)
[+00:54:56.968] VoxelMesh: Chunk X=6 Y=-24 Z=2 FlatVerts=0 SlopeVerts=180
[+00:54:56.968] VoxelChunk: GenerateAsync (6,-28,3)
[+00:54:56.968] VoxelMesh: Chunk X=5 Y=-29 Z=1 FlatVerts=168 SlopeVerts=0
[+00:54:56.968] VoxelMesh: Chunk X=1 Y=-25 Z=1 FlatVerts=0 SlopeVerts=0
[+00:54:56.968] VoxelChunk: GenerateAsync (2,-24,3)
[+00:54:56.968] VoxelChunk: GenerateAsync (6,-22,3)
[+00:54:56.968] VoxelChunk: GenerateAsync (1,-26,2)
[+00:54:56.968] VoxelMesh: Chunk X=6 Y=-21 Z=2 FlatVerts=126 SlopeVerts=114
[+00:54:56.968] VoxelMesh: Chunk X=4 Y=-25 Z=4 FlatVerts=0 SlopeVerts=0
[+00:54:56.968] VoxelChunk: GenerateAsync (9,-26,2)
[+00:54:56.968] VoxelMesh: Chunk X=8 Y=-26 Z=3 FlatVerts=0 SlopeVerts=0
[+00:54:56.968] VoxelChunk: GenerateAsync (4,-29,2)
[+00:54:56.968] VoxelMesh: Chunk X=4 Y=-21 Z=2 FlatVerts=114 SlopeVerts=150
[+00:54:56.968] VoxelChunk: GenerateAsync (6,-29,2)
[+00:54:56.968] VoxelChunk: GenerateAsync (10,-25,0)
[+00:54:56.968] VoxelChunk: GenerateAsync (5,-26,4)
[+00:54:56.968] VoxelChunk: GenerateAsync (5,-20,0)
[+00:54:56.968] VoxelChunk: GenerateAsync (8,-21,0)
[+00:54:56.968] VoxelMesh: Chunk X=6 Y=-23 Z=1 FlatVerts=120 SlopeVerts=0
[+00:54:56.968] VoxelChunk: GenerateAsync (7,-23,1)
[+00:54:56.968] VoxelChunk: GenerateAsync (3,-23,1)
[+00:54:56.968] VoxelChunk: GenerateAsync (7,-27,1)
[+00:54:56.968] VoxelChunk: GenerateAsync (3,-25,2)
[+00:54:56.968] VoxelMesh: Chunk X=5 Y=-24 Z=4 FlatVerts=0 SlopeVerts=0
[+00:54:56.968] VoxelMesh: Chunk X=4 Y=-28 Z=2 FlatVerts=150 SlopeVerts=48
[+00:54:56.968] VoxelChunk: GenerateAsync (6,-28,2)
[+00:54:56.968] VoxelChunk: GenerateAsync (5,-22,1)
[+00:54:56.968] VoxelChunk: GenerateAsync (7,-25,2)
[+00:54:56.968] VoxelChunk: GenerateAsync (8,-25,1)
[+00:54:56.968] VoxelMesh: Chunk X=2 Y=-24 Z=2 FlatVerts=0 SlopeVerts=162
[+00:54:56.968] VoxelMesh: Chunk X=2 Y=-26 Z=3 FlatVerts=24 SlopeVerts=252
[+00:54:56.968] VoxelChunk: GenerateAsync (5,-23,2)
[+00:54:56.968] VoxelMesh: Chunk X=8 Y=-24 Z=3 FlatVerts=0 SlopeVerts=168
[+00:54:56.968] VoxelMesh: Chunk X=7 Y=-24 Z=1 FlatVerts=0 SlopeVerts=6
[+00:54:56.968] VoxelChunk: GenerateAsync (5,-27,2)
[+00:54:56.969] VoxelChunk: GenerateAsync (8,-29,0)
[+00:54:56.969] VoxelChunk: GenerateAsync (2,-21,0)
[+00:54:56.969] VoxelChunk: GenerateAsync (9,-28,0)
[+00:54:56.969] VoxelMesh: Chunk X=6 Y=-25 Z=4 FlatVerts=24 SlopeVerts=78
[+00:54:56.969] VoxelChunk: GenerateAsync (3,-24,2)
[+00:54:56.969] VoxelChunk: GenerateAsync (9,-22,0)
[+00:54:56.969] VoxelChunk: GenerateAsync (1,-28,0)
[+00:54:56.969] VoxelChunk: GenerateAsync (3,-26,2)
[+00:54:56.969] VoxelChunk: GenerateAsync (4,-23,2)
[+00:54:56.969] VoxelChunk: GenerateAsync (1,-22,0)
[+00:54:56.969] VoxelChunk: GenerateAsync (6,-28,1)
[+00:54:56.969] VoxelChunk: GenerateAsync (6,-27,2)
[+00:54:56.969] VoxelMesh: Chunk X=9 Y=-24 Z=2 FlatVerts=114 SlopeVerts=144
[+00:54:56.969] VoxelChunk: GenerateAsync (7,-24,2)
[+00:54:56.969] VoxelChunk: GenerateAsync (5,-28,3)
[+00:54:56.969] VoxelChunk: GenerateAsync (6,-23,2)
[+00:54:56.969] VoxelMesh: Chunk X=1 Y=-24 Z=2 FlatVerts=0 SlopeVerts=144
[+00:54:56.969] VoxelChunk: GenerateAsync (7,-26,2)
[+00:54:56.969] VoxelMesh: Chunk X=4 Y=-22 Z=3 FlatVerts=48 SlopeVerts=264
[+00:54:56.969] VoxelChunk: GenerateAsync (6,-22,1)
[+00:54:56.969] VoxelChunk: GenerateAsync (8,-26,1)
[+00:54:56.969] VoxelMesh: Chunk X=4 Y=-28 Z=3 FlatVerts=0 SlopeVerts=0
[+00:54:56.969] VoxelChunk: GenerateAsync (4,-22,1)
[+00:54:56.969] VoxelMesh: Chunk X=2 Y=-26 Z=2 FlatVerts=0 SlopeVerts=132
[+00:54:56.969] VoxelChunk: GenerateAsync (8,-24,1)
[+00:54:56.969] VoxelChunk: GenerateAsync (2,-24,1)
[+00:54:56.969] VoxelChunk: GenerateAsync (4,-27,2)
[+00:54:56.969] VoxelChunk: GenerateAsync (7,-28,1)
[+00:54:56.969] VoxelChunk: GenerateAsync (8,-27,1)
[+00:54:56.969] VoxelChunk: GenerateAsync (3,-28,1)
[+00:54:56.969] VoxelMesh: Chunk X=2 Y=-24 Z=3 FlatVerts=12 SlopeVerts=180
[+00:54:56.969] VoxelChunk: GenerateAsync (7,-27,2)
[+00:54:56.969] VoxelChunk: GenerateAsync (2,-27,1)
[+00:54:56.969] VoxelMesh: Chunk X=9 Y=-26 Z=2 FlatVerts=72 SlopeVerts=84
[+00:54:56.969] VoxelChunk: GenerateAsync (2,-23,1)
[+00:54:56.969] VoxelMesh: Chunk X=4 Y=-29 Z=2 FlatVerts=90 SlopeVerts=24
[+00:54:56.969] VoxelChunk: GenerateAsync (3,-23,2)
[+00:54:56.969] VoxelMesh: Chunk X=6 Y=-29 Z=2 FlatVerts=0 SlopeVerts=0
[+00:54:56.969] VoxelChunk: GenerateAsync (8,-23,1)
[+00:54:56.969] VoxelChunk: GenerateAsync (3,-22,1)
[+00:54:56.969] VoxelChunk: GenerateAsync (7,-22,1)
[+00:54:56.969] VoxelMesh: Chunk X=1 Y=-26 Z=2 FlatVerts=0 SlopeVerts=0
[+00:54:56.969] VoxelChunk: GenerateAsync (3,-27,2)
[+00:54:56.969] VoxelChunk: GenerateAsync (6,-21,0)
[+00:54:56.969] VoxelChunk: GenerateAsync (9,-24,0)
[+00:54:56.969] VoxelChunk: GenerateAsync (5,-28,2)
[+00:54:56.969] VoxelChunk: GenerateAsync (2,-25,2)
[+00:54:56.969] VoxelChunk: GenerateAsync (9,-24,1)
[+00:54:56.969] VoxelChunk: GenerateAsync (6,-29,1)
[+00:54:56.969] VoxelChunk: GenerateAsync (8,-28,1)
[+00:54:56.969] VoxelMesh: Chunk X=7 Y=-27 Z=1 FlatVerts=114 SlopeVerts=0
[+00:54:56.969] VoxelChunk: GenerateAsync (3,-28,2)
[+00:54:56.969] VoxelChunk: GenerateAsync (2,-28,1)
[+00:54:56.969] VoxelMesh: Chunk X=7 Y=-23 Z=1 FlatVerts=48 SlopeVerts=66
[+00:54:56.969] VoxelChunk: GenerateAsync (2,-22,1)
[+00:54:56.969] VoxelChunk: GenerateAsync (2,-27,2)
[+00:54:56.969] VoxelChunk: GenerateAsync (3,-21,1)
[+00:54:56.969] VoxelChunk: GenerateAsync (1,-23,1)
[+00:54:56.969] VoxelChunk: GenerateAsync (1,-27,1)
[+00:54:56.969] VoxelChunk: GenerateAsync (3,-29,1)
[+00:54:56.969] VoxelChunk: GenerateAsync (7,-29,1)
[+00:54:56.969] VoxelMesh: Chunk X=6 Y=-28 Z=2 FlatVerts=18 SlopeVerts=6
[+00:54:56.969] VoxelChunk: GenerateAsync (9,-27,1)
[+00:54:56.969] VoxelChunk: GenerateAsync (8,-21,1)
[+00:54:56.969] VoxelMesh: Chunk X=3 Y=-25 Z=2 FlatVerts=0 SlopeVerts=24
[+00:54:56.969] VoxelMesh: Chunk X=3 Y=-23 Z=1 FlatVerts=0 SlopeVerts=42
[+00:54:56.969] VoxelMesh: Chunk X=5 Y=-22 Z=1 FlatVerts=30 SlopeVerts=12
[+00:54:56.969] VoxelChunk: GenerateAsync (3,-21,2)
[+00:54:56.969] VoxelMesh: Chunk X=5 Y=-23 Z=2 FlatVerts=0 SlopeVerts=66
[+00:54:56.969] VoxelMesh: Chunk X=7 Y=-25 Z=2 FlatVerts=0 SlopeVerts=0
[+00:54:56.969] VoxelChunk: GenerateAsync (3,-22,3)
[+00:54:56.969] VoxelMesh: Chunk X=5 Y=-27 Z=2 FlatVerts=114 SlopeVerts=30
[+00:54:56.969] VoxelChunk: GenerateAsync (3,-25,4)
[+00:54:56.969] VoxelMesh: Chunk X=8 Y=-29 Z=0 FlatVerts=36 SlopeVerts=0
[+00:54:56.969] VoxelChunk: GenerateAsync (7,-21,2)
[+00:54:56.969] VoxelChunk: GenerateAsync (8,-23,3)
[+00:54:56.969] VoxelMesh: Chunk X=8 Y=-25 Z=1 FlatVerts=0 SlopeVerts=12
[+00:54:56.969] VoxelMesh: Chunk X=9 Y=-28 Z=0 FlatVerts=18 SlopeVerts=0
[+00:54:56.969] VoxelChunk: GenerateAsync (5,-20,1)
[+00:54:56.969] VoxelChunk: GenerateAsync (3,-28,3)
[+00:54:56.969] VoxelChunk: GenerateAsync (9,-23,2)
[+00:54:56.969] VoxelChunk: GenerateAsync (3,-29,2)
[+00:54:56.969] VoxelChunk: GenerateAsync (0,-25,1)
[+00:54:56.969] VoxelChunk: GenerateAsync (8,-27,3)
[+00:54:56.969] VoxelChunk: GenerateAsync (10,-25,1)
[+00:54:56.969] VoxelChunk: GenerateAsync (7,-29,2)
[+00:54:56.969] VoxelChunk: GenerateAsync (1,-23,2)
[+00:54:56.969] VoxelMesh: Chunk X=3 Y=-24 Z=2 FlatVerts=6 SlopeVerts=36
[+00:54:56.969] VoxelChunk: GenerateAsync (2,-21,1)
[+00:54:56.969] VoxelMesh: Chunk X=3 Y=-26 Z=2 FlatVerts=0 SlopeVerts=216
[+00:54:56.969] VoxelChunk: GenerateAsync (2,-23,3)
[+00:54:56.969] VoxelMesh: Chunk X=4 Y=-23 Z=2 FlatVerts=0 SlopeVerts=228
[+00:54:56.969] VoxelMesh: Chunk X=6 Y=-28 Z=1 FlatVerts=168 SlopeVerts=0
[+00:54:56.969] VoxelChunk: GenerateAsync (5,-30,1)
[+00:54:56.969] VoxelChunk: GenerateAsync (5,-23,4)
[+00:54:56.969] VoxelChunk: GenerateAsync (7,-25,4)
[+00:54:56.969] VoxelMesh: Chunk X=6 Y=-27 Z=2 FlatVerts=30 SlopeVerts=0
[+00:54:56.969] VoxelChunk: GenerateAsync (9,-28,1)
[+00:54:56.969] VoxelChunk: GenerateAsync (1,-28,1)
[+00:54:56.969] VoxelMesh: Chunk X=6 Y=-23 Z=2 FlatVerts=0 SlopeVerts=0
[+00:54:56.969] VoxelChunk: GenerateAsync (2,-29,1)
[+00:54:56.970] VoxelChunk: GenerateAsync (5,-27,4)
[+00:54:56.970] VoxelMesh: Chunk X=7 Y=-24 Z=2 FlatVerts=0 SlopeVerts=72
[+00:54:56.970] VoxelChunk: GenerateAsync (9,-22,1)
[+00:54:56.970] VoxelMesh: Chunk X=7 Y=-26 Z=2 FlatVerts=0 SlopeVerts=138
[+00:54:56.970] VoxelMesh: Chunk X=6 Y=-22 Z=1 FlatVerts=120 SlopeVerts=0
[+00:54:56.970] VoxelChunk: GenerateAsync (1,-22,1)
[+00:54:56.970] VoxelMesh: Chunk X=8 Y=-26 Z=1 FlatVerts=126 SlopeVerts=30
[+00:54:56.970] VoxelChunk: GenerateAsync (7,-22,3)
[+00:54:56.970] VoxelChunk: GenerateAsync (9,-27,2)
[+00:54:56.970] VoxelChunk: GenerateAsync (1,-27,2)
[+00:54:56.970] VoxelChunk: GenerateAsync (8,-29,1)
[+00:54:56.970] VoxelMesh: Chunk X=4 Y=-22 Z=1 FlatVerts=0 SlopeVerts=0
[+00:54:56.970] VoxelMesh: Chunk X=4 Y=-27 Z=2 FlatVerts=150 SlopeVerts=108
[+00:54:56.970] VoxelMesh: Chunk X=7 Y=-28 Z=1 FlatVerts=138 SlopeVerts=0
[+00:54:56.970] VoxelMesh: Chunk X=8 Y=-24 Z=1 FlatVerts=0 SlopeVerts=6
[+00:54:56.970] VoxelChunk: GenerateAsync (2,-27,3)
[+00:54:56.970] VoxelChunk: GenerateAsync (7,-28,3)
[+00:54:56.970] VoxelChunk: GenerateAsync (0,-27,0)
[+00:54:56.970] VoxelChunk: GenerateAsync (0,-26,1)
[+00:54:56.970] VoxelMesh: Chunk X=8 Y=-27 Z=1 FlatVerts=132 SlopeVerts=0
[+00:54:56.970] VoxelChunk: GenerateAsync (7,-26,4)
[+00:54:56.970] VoxelChunk: GenerateAsync (4,-27,4)
[+00:54:56.970] VoxelMesh: Chunk X=7 Y=-27 Z=2 FlatVerts=0 SlopeVerts=0
[+00:54:56.970] VoxelChunk: GenerateAsync (6,-20,1)
[+00:54:56.970] VoxelChunk: GenerateAsync (10,-26,1)
[+00:54:56.970] VoxelChunk: GenerateAsync (7,-30,0)
[+00:54:56.970] VoxelMesh: Chunk X=2 Y=-24 Z=1 FlatVerts=0 SlopeVerts=36
[+00:54:56.970] VoxelMesh: Chunk X=3 Y=-28 Z=1 FlatVerts=36 SlopeVerts=12
[+00:54:56.970] VoxelChunk: GenerateAsync (4,-20,1)
[+00:54:56.970] VoxelChunk: GenerateAsync (0,-24,1)
[+00:54:56.970] VoxelMesh: Chunk X=8 Y=-23 Z=1 FlatVerts=108 SlopeVerts=66
[+00:54:56.970] VoxelMesh: Chunk X=2 Y=-23 Z=1 FlatVerts=42 SlopeVerts=36
[+00:54:56.971] VoxelChunk: GenerateAsync (3,-24,4)
[+00:54:56.971] VoxelMesh: Chunk X=3 Y=-23 Z=2 FlatVerts=0 SlopeVerts=270
[+00:54:56.971] VoxelMesh: Chunk X=7 Y=-22 Z=1 FlatVerts=138 SlopeVerts=0
[+00:54:56.971] VoxelMesh: Chunk X=2 Y=-27 Z=1 FlatVerts=0 SlopeVerts=0
[+00:54:56.971] VoxelChunk: GenerateAsync (10,-24,1)
[+00:54:56.971] VoxelMesh: Chunk X=3 Y=-22 Z=1 FlatVerts=0 SlopeVerts=6
[+00:54:56.971] VoxelMesh: Chunk X=3 Y=-27 Z=2 FlatVerts=72 SlopeVerts=108
[+00:54:56.971] VoxelChunk: GenerateAsync (6,-30,1)
[+00:54:56.971] VoxelChunk: GenerateAsync (0,-23,0)
[+00:54:56.971] VoxelChunk: GenerateAsync (3,-26,4)
[+00:54:56.971] VoxelMesh: Chunk X=5 Y=-28 Z=2 FlatVerts=66 SlopeVerts=0
[+00:54:56.971] VoxelChunk: GenerateAsync (4,-23,4)
[+00:54:56.971] VoxelMesh: Chunk X=9 Y=-24 Z=1 FlatVerts=0 SlopeVerts=6
[+00:54:56.971] VoxelMesh: Chunk X=8 Y=-28 Z=1 FlatVerts=114 SlopeVerts=0
[+00:54:56.971] VoxelMesh: Chunk X=6 Y=-29 Z=1 FlatVerts=198 SlopeVerts=0
[+00:54:56.971] VoxelMesh: Chunk X=2 Y=-25 Z=2 FlatVerts=6 SlopeVerts=0
[+00:54:56.971] VoxelMesh: Chunk X=3 Y=-28 Z=2 FlatVerts=90 SlopeVerts=132
[+00:54:56.971] VoxelMesh: Chunk X=2 Y=-28 Z=1 FlatVerts=36 SlopeVerts=0
[+00:54:56.971] VoxelMesh: Chunk X=1 Y=-23 Z=1 FlatVerts=120 SlopeVerts=0
[+00:54:56.971] VoxelMesh: Chunk X=2 Y=-22 Z=1 FlatVerts=54 SlopeVerts=0
[+00:54:56.971] VoxelMesh: Chunk X=2 Y=-27 Z=2 FlatVerts=42 SlopeVerts=18
[+00:54:56.971] VoxelMesh: Chunk X=3 Y=-29 Z=1 FlatVerts=156 SlopeVerts=0
[+00:54:56.971] VoxelMesh: Chunk X=7 Y=-29 Z=1 FlatVerts=162 SlopeVerts=0
[+00:54:56.971] VoxelMesh: Chunk X=3 Y=-21 Z=1 FlatVerts=6 SlopeVerts=6
[+00:54:56.971] VoxelMesh: Chunk X=9 Y=-27 Z=1 FlatVerts=150 SlopeVerts=0
[+00:54:56.971] VoxelMesh: Chunk X=8 Y=-21 Z=1 FlatVerts=102 SlopeVerts=18
[+00:54:56.971] VoxelMesh: Chunk X=1 Y=-27 Z=1 FlatVerts=0 SlopeVerts=0
[+00:54:56.971] VoxelMesh: Chunk X=3 Y=-21 Z=2 FlatVerts=108 SlopeVerts=162
[+00:54:56.971] VoxelMesh: Chunk X=3 Y=-22 Z=3 FlatVerts=6 SlopeVerts=270
[+00:54:56.971] VoxelMesh: Chunk X=7 Y=-21 Z=2 FlatVerts=42 SlopeVerts=48
[+00:54:56.971] VoxelMesh: Chunk X=8 Y=-23 Z=3 FlatVerts=0 SlopeVerts=0
[+00:54:56.971] VoxelMesh: Chunk X=3 Y=-25 Z=4 FlatVerts=0 SlopeVerts=30
[+00:54:56.971] VoxelMesh: Chunk X=3 Y=-28 Z=3 FlatVerts=0 SlopeVerts=6
[+00:54:56.971] VoxelMesh: Chunk X=9 Y=-23 Z=2 FlatVerts=0 SlopeVerts=24
[+00:54:56.971] VoxelMesh: Chunk X=5 Y=-20 Z=1 FlatVerts=78 SlopeVerts=36
[+00:54:56.971] VoxelMesh: Chunk X=3 Y=-29 Z=2 FlatVerts=84 SlopeVerts=6
[+00:54:56.971] VoxelMesh: Chunk X=1 Y=-23 Z=2 FlatVerts=0 SlopeVerts=0
[+00:54:56.971] VoxelMesh: Chunk X=10 Y=-25 Z=1 FlatVerts=126 SlopeVerts=0
[+00:54:56.971] VoxelMesh: Chunk X=0 Y=-25 Z=1 FlatVerts=6 SlopeVerts=60
[+00:54:56.971] VoxelMesh: Chunk X=2 Y=-23 Z=3 FlatVerts=0 SlopeVerts=54
[+00:54:56.971] VoxelChunk: GenerateAsync (7,-20,0)
[+00:54:56.971] VoxelMesh: Chunk X=9 Y=-28 Z=1 FlatVerts=132 SlopeVerts=0
[+00:54:56.971] VoxelMesh: Chunk X=5 Y=-30 Z=1 FlatVerts=156 SlopeVerts=18
[+00:54:56.971] VoxelMesh: Chunk X=2 Y=-21 Z=1 FlatVerts=30 SlopeVerts=0
[+00:54:56.971] VoxelMesh: Chunk X=7 Y=-25 Z=4 FlatVerts=60 SlopeVerts=144
[+00:54:56.971] VoxelMesh: Chunk X=9 Y=-22 Z=1 FlatVerts=120 SlopeVerts=0
[+00:54:56.971] VoxelMesh: Chunk X=2 Y=-29 Z=1 FlatVerts=150 SlopeVerts=0
[+00:54:56.971] VoxelMesh: Chunk X=1 Y=-22 Z=1 FlatVerts=156 SlopeVerts=0
[+00:54:56.971] VoxelMesh: Chunk X=1 Y=-28 Z=1 FlatVerts=84 SlopeVerts=18
[+00:54:56.971] VoxelMesh: Chunk X=9 Y=-27 Z=2 FlatVerts=0 SlopeVerts=0
[+00:54:56.971] VoxelMesh: Chunk X=8 Y=-29 Z=1 FlatVerts=138 SlopeVerts=0
[+00:54:56.971] VoxelChunk: GenerateAsync (10,-23,0)
[+00:54:56.972] VoxelMesh: Chunk X=7 Y=-26 Z=4 FlatVerts=0 SlopeVerts=0
[+00:54:56.972] VoxelMesh: Chunk X=2 Y=-27 Z=3 FlatVerts=150 SlopeVerts=126
[+00:54:56.972] VoxelMesh: Chunk X=1 Y=-27 Z=2 FlatVerts=12 SlopeVerts=102
[+00:54:56.972] VoxelMesh: Chunk X=10 Y=-26 Z=1 FlatVerts=120 SlopeVerts=36
[+00:54:56.972] VoxelMesh: Chunk X=6 Y=-20 Z=1 FlatVerts=30 SlopeVerts=6
[+00:54:56.972] VoxelMesh: Chunk X=7 Y=-30 Z=0 FlatVerts=24 SlopeVerts=0
[+00:54:56.972] VoxelMesh: Chunk X=0 Y=-26 Z=1 FlatVerts=0 SlopeVerts=0
[+00:54:56.972] VoxelMesh: Chunk X=4 Y=-20 Z=1 FlatVerts=138 SlopeVerts=18
[+00:54:56.972] VoxelChunk: GenerateAsync (6,-23,4)
[+00:54:56.972] VoxelMesh: Chunk X=0 Y=-24 Z=1 FlatVerts=96 SlopeVerts=48
[+00:54:56.972] VoxelMesh: Chunk X=3 Y=-24 Z=4 FlatVerts=12 SlopeVerts=162
[+00:54:56.972] VoxelMesh: Chunk X=10 Y=-24 Z=1 FlatVerts=132 SlopeVerts=0
[+00:54:56.972] VoxelMesh: Chunk X=6 Y=-30 Z=1 FlatVerts=126 SlopeVerts=0
[+00:54:56.972] VoxelMesh: Chunk X=3 Y=-26 Z=4 FlatVerts=0 SlopeVerts=6
[+00:54:56.972] VoxelMesh: Chunk X=4 Y=-23 Z=4 FlatVerts=0 SlopeVerts=0
[+00:54:56.973] VoxelMesh: Chunk X=8 Y=-22 Z=-3 FlatVerts=264 SlopeVerts=174
[+00:54:56.973] VoxelChunk: GenerateAsync (4,-30,1)
[+00:54:56.973] VoxelMesh: Chunk X=4 Y=-30 Z=1 FlatVerts=264 SlopeVerts=174
[+00:54:56.995] VoxelChunk: GenerateAsync (10,-27,0)
[+00:54:56.995] VoxelChunk: GenerateAsync (3,-30,0)
[+00:54:56.995] VoxelChunk: GenerateAsync (3,-20,0)
[+00:54:56.996] VoxelChunk: GenerateAsync (6,-27,4)
[+00:54:57.004] VoxelMesh: Chunk X=2 Y=-27 Z=-3 FlatVerts=306 SlopeVerts=1320
[+00:54:57.004] VoxelChunk: GenerateAsync (7,-24,4)
[+00:54:57.005] VoxelChunk: GenerateAsync (9,-25,3)
[+00:54:57.005] VoxelMesh: Chunk X=2 Y=-23 Z=-3 FlatVerts=306 SlopeVerts=402
[+00:54:57.005] VoxelMesh: Chunk X=7 Y=-24 Z=4 FlatVerts=306 SlopeVerts=1320
[+00:54:57.005] VoxelChunk: GenerateAsync (1,-25,3)
[+00:54:57.005] VoxelMesh: Chunk X=1 Y=-25 Z=3 FlatVerts=306 SlopeVerts=402
[+00:54:57.005] VoxelChunk: GenerateAsync (5,-21,3)
[+00:54:57.014] VoxelChunk: GenerateAsync (5,-29,3)
[+00:54:57.015] VoxelMesh: Chunk X=6 Y=-28 Z=-3 FlatVerts=1206 SlopeVerts=1044
[+00:54:57.016] VoxelChunk: GenerateAsync (3,-30,1)
[+00:54:57.016] VoxelMesh: Chunk X=8 Y=-26 Z=-3 FlatVerts=636 SlopeVerts=0
[+00:54:57.016] VoxelChunk: GenerateAsync (7,-30,1)
[+00:54:57.016] VoxelMesh: Chunk X=3 Y=-30 Z=1 FlatVerts=1206 SlopeVerts=1044
[+00:54:57.017] VoxelMesh: Chunk X=7 Y=-30 Z=1 FlatVerts=636 SlopeVerts=0
[+00:54:57.017] VoxelMesh: Chunk X=2 Y=-24 Z=-3 FlatVerts=0 SlopeVerts=876
[+00:54:57.017] VoxelChunk: GenerateAsync (3,-23,4)
[+00:54:57.017] VoxelMesh: Chunk X=3 Y=-23 Z=4 FlatVerts=0 SlopeVerts=876
[+00:54:57.046] VoxelWater: Chunk X=6 Y=-26 Z=1 emitted 104 procedural water vertices (Ocean/Pools)
[+00:54:57.046] VoxelWater: Chunk X=7 Y=-26 Z=1 emitted 192 procedural water vertices (Ocean/Pools)
[+00:54:57.046] VoxelWater: Chunk X=4 Y=-26 Z=1 emitted 344 procedural water vertices (Ocean/Pools)
[+00:54:57.047] VoxelWater: Chunk X=5 Y=-26 Z=1 emitted 324 procedural water vertices (Ocean/Pools)
[+00:54:57.047] VoxelWater: Chunk X=4 Y=-23 Z=3 emitted 24 procedural water vertices (Ocean/Pools)
[+00:54:57.047] VoxelWater: Chunk X=3 Y=-23 Z=3 emitted 36 procedural water vertices (Ocean/Pools)
[+00:54:57.047] VoxelWater: Chunk X=5 Y=-24 Z=1 emitted 64 procedural water vertices (Ocean/Pools)
[+00:54:57.047] VoxelWater: Chunk X=6 Y=-24 Z=1 emitted 64 procedural water vertices (Ocean/Pools)
[+00:54:57.047] VoxelWater: Chunk X=1 Y=-24 Z=1 emitted 56 procedural water vertices (Ocean/Pools)
[+00:54:57.047] VoxelWater: Chunk X=0 Y=-24 Z=1 emitted 4 procedural water vertices (Ocean/Pools)
[+00:54:57.047] VoxelWater: Chunk X=9 Y=-26 Z=1 emitted 84 procedural water vertices (Ocean/Pools)
[+00:54:57.047] VoxelWater: Chunk X=4 Y=-25 Z=1 emitted 112 procedural water vertices (Ocean/Pools)
[+00:54:57.047] VoxelWater: Chunk X=5 Y=-25 Z=1 emitted 12 procedural water vertices (Ocean/Pools)
[+00:54:57.047] VoxelWater: Chunk X=6 Y=-25 Z=1 emitted 12 procedural water vertices (Ocean/Pools)
[+00:54:57.047] VoxelWater: Chunk X=4 Y=-29 Z=1 emitted 40 procedural water vertices (Ocean/Pools)
[+00:54:57.047] VoxelWater: Chunk X=4 Y=-21 Z=1 emitted 36 procedural water vertices (Ocean/Pools)
[+00:54:57.047] VoxelWater: Chunk X=6 Y=-21 Z=1 emitted 24 procedural water vertices (Ocean/Pools)
[+00:54:57.047] VoxelWater: Chunk X=2 Y=-22 Z=2 emitted 24 procedural water vertices (Ocean/Pools)
[+00:54:57.047] VoxelWater: Chunk X=2 Y=-23 Z=2 emitted 32 procedural water vertices (Ocean/Pools)
[+00:54:57.047] VoxelWater: Chunk X=3 Y=-28 Z=2 emitted 104 procedural water vertices (Ocean/Pools)
[+00:54:57.047] VoxelWater: Chunk X=2 Y=-28 Z=2 emitted 148 procedural water vertices (Ocean/Pools)
[+00:54:57.047] VoxelWater: Chunk X=4 Y=-26 Z=2 emitted 12 procedural water vertices (Ocean/Pools)
[+00:54:57.047] VoxelWater: Chunk X=4 Y=-25 Z=2 emitted 312 procedural water vertices (Ocean/Pools)
[+00:54:57.047] VoxelWater: Chunk X=4 Y=-25 Z=3 emitted 160 procedural water vertices (Ocean/Pools)
[+00:54:57.047] VoxelWater: Chunk X=5 Y=-25 Z=2 emitted 384 procedural water vertices (Ocean/Pools)
[+00:54:57.047] VoxelWater: Chunk X=4 Y=-24 Z=2 emitted 264 procedural water vertices (Ocean/Pools)
[+00:54:57.047] VoxelWater: Chunk X=4 Y=-24 Z=3 emitted 88 procedural water vertices (Ocean/Pools)
[+00:54:57.047] VoxelWater: Chunk X=3 Y=-24 Z=3 emitted 76 procedural water vertices (Ocean/Pools)
[+00:54:57.047] VoxelWater: Chunk X=4 Y=-24 Z=1 emitted 88 procedural water vertices (Ocean/Pools)
[+00:54:57.047] VoxelWater: Chunk X=5 Y=-24 Z=2 emitted 152 procedural water vertices (Ocean/Pools)
[+00:54:57.047] VoxelWater: Chunk X=3 Y=-24 Z=2 emitted 60 procedural water vertices (Ocean/Pools)
[+00:54:57.047] VoxelWater: Chunk X=2 Y=-24 Z=3 emitted 64 procedural water vertices (Ocean/Pools)
[+00:54:57.047] VoxelWater: Chunk X=5 Y=-25 Z=3 emitted 156 procedural water vertices (Ocean/Pools)
[+00:54:57.047] VoxelWater: Chunk X=6 Y=-25 Z=2 emitted 16 procedural water vertices (Ocean/Pools)
[+00:54:57.047] VoxelWater: Chunk X=5 Y=-24 Z=3 emitted 20 procedural water vertices (Ocean/Pools)
[+00:54:57.047] VoxelWater: Chunk X=6 Y=-24 Z=3 emitted 140 procedural water vertices (Ocean/Pools)
[+00:54:57.048] VoxelWater: Chunk X=9 Y=-25 Z=1 emitted 24 procedural water vertices (Ocean/Pools)
[+00:54:57.048] VoxelWater: Chunk X=6 Y=-26 Z=2 emitted 60 procedural water vertices (Ocean/Pools)
[+00:54:57.048] VoxelWater: Chunk X=6 Y=-26 Z=3 emitted 16 procedural water vertices (Ocean/Pools)
[+00:54:57.048] VoxelWater: Chunk X=6 Y=-25 Z=3 emitted 364 procedural water vertices (Ocean/Pools)
[+00:54:57.048] VoxelWater: Chunk X=7 Y=-25 Z=3 emitted 60 procedural water vertices (Ocean/Pools)
[+00:54:57.048] VoxelWater: Chunk X=8 Y=-25 Z=3 emitted 24 procedural water vertices (Ocean/Pools)
[+00:54:57.048] VoxelWater: Chunk X=6 Y=-24 Z=2 emitted 156 procedural water vertices (Ocean/Pools)
[+00:54:57.048] VoxelWater: Chunk X=6 Y=-24 Z=4 emitted 16 procedural water vertices (Ocean/Pools)
[+00:54:57.048] VoxelWater: Chunk X=5 Y=-29 Z=1 emitted 20 procedural water vertices (Ocean/Pools)
[+00:54:57.048] VoxelWater: Chunk X=3 Y=-25 Z=3 emitted 4 procedural water vertices (Ocean/Pools)
[+00:54:57.048] VoxelWater: Chunk X=6 Y=-21 Z=2 emitted 132 procedural water vertices (Ocean/Pools)
[+00:54:57.048] VoxelWater: Chunk X=4 Y=-21 Z=2 emitted 152 procedural water vertices (Ocean/Pools)
[+00:54:57.048] VoxelWater: Chunk X=4 Y=-22 Z=2 emitted 36 procedural water vertices (Ocean/Pools)
[+00:54:57.048] VoxelWater: Chunk X=5 Y=-21 Z=2 emitted 72 procedural water vertices (Ocean/Pools)
[+00:54:57.048] VoxelWater: Chunk X=4 Y=-23 Z=1 emitted 8 procedural water vertices (Ocean/Pools)
[+00:54:57.048] VoxelWater: Chunk X=8 Y=-26 Z=2 emitted 20 procedural water vertices (Ocean/Pools)
[+00:54:57.048] VoxelWater: Chunk X=7 Y=-24 Z=1 emitted 8 procedural water vertices (Ocean/Pools)
[+00:54:57.048] VoxelWater: Chunk X=6 Y=-23 Z=1 emitted 32 procedural water vertices (Ocean/Pools)
[+00:54:57.048] VoxelWater: Chunk X=2 Y=-24 Z=2 emitted 4 procedural water vertices (Ocean/Pools)
[+00:54:57.048] VoxelWater: Chunk X=4 Y=-28 Z=1 emitted 12 procedural water vertices (Ocean/Pools)
[+00:54:57.048] VoxelWater: Chunk X=4 Y=-28 Z=2 emitted 56 procedural water vertices (Ocean/Pools)
[+00:54:57.048] VoxelWater: Chunk X=5 Y=-28 Z=2 emitted 56 procedural water vertices (Ocean/Pools)
[+00:54:57.048] VoxelWater: Chunk X=4 Y=-27 Z=1 emitted 72 procedural water vertices (Ocean/Pools)
[+00:54:57.048] VoxelWater: Chunk X=5 Y=-27 Z=1 emitted 140 procedural water vertices (Ocean/Pools)
[+00:54:57.048] VoxelWater: Chunk X=6 Y=-27 Z=1 emitted 232 procedural water vertices (Ocean/Pools)
[+00:54:57.048] VoxelWater: Chunk X=7 Y=-27 Z=1 emitted 176 procedural water vertices (Ocean/Pools)
[+00:54:57.048] VoxelWater: Chunk X=6 Y=-28 Z=1 emitted 112 procedural water vertices (Ocean/Pools)
[+00:54:57.048] VoxelWater: Chunk X=8 Y=-26 Z=1 emitted 96 procedural water vertices (Ocean/Pools)
[+00:54:57.048] VoxelWater: Chunk X=3 Y=-26 Z=1 emitted 84 procedural water vertices (Ocean/Pools)
[+00:54:57.048] VoxelWater: Chunk X=6 Y=-25 Z=4 emitted 28 procedural water vertices (Ocean/Pools)
[+00:54:57.048] VoxelWater: Chunk X=2 Y=-26 Z=2 emitted 92 procedural water vertices (Ocean/Pools)
[+00:54:57.048] VoxelWater: Chunk X=3 Y=-26 Z=2 emitted 136 procedural water vertices (Ocean/Pools)
[+00:54:57.048] VoxelWater: Chunk X=8 Y=-25 Z=1 emitted 20 procedural water vertices (Ocean/Pools)
[+00:54:57.048] VoxelWater: Chunk X=9 Y=-24 Z=2 emitted 164 procedural water vertices (Ocean/Pools)
[+00:54:57.048] VoxelWater: Chunk X=4 Y=-22 Z=3 emitted 108 procedural water vertices (Ocean/Pools)
[+00:54:57.049] VoxelWater: Chunk X=1 Y=-24 Z=2 emitted 60 procedural water vertices (Ocean/Pools)
[+00:54:57.049] VoxelWater: Chunk X=1 Y=-25 Z=2 emitted 4 procedural water vertices (Ocean/Pools)
[+00:54:57.049] VoxelWater: Chunk X=2 Y=-25 Z=3 emitted 52 procedural water vertices (Ocean/Pools)
[+00:54:57.049] VoxelWater: Chunk X=9 Y=-26 Z=2 emitted 64 procedural water vertices (Ocean/Pools)
[+00:54:57.049] VoxelWater: Chunk X=5 Y=-28 Z=1 emitted 224 procedural water vertices (Ocean/Pools)
[+00:54:57.049] VoxelWater: Chunk X=5 Y=-23 Z=1 emitted 104 procedural water vertices (Ocean/Pools)
[+00:54:57.049] VoxelWater: Chunk X=6 Y=-22 Z=1 emitted 92 procedural water vertices (Ocean/Pools)
[+00:54:57.049] VoxelWater: Chunk X=6 Y=-22 Z=2 emitted 12 procedural water vertices (Ocean/Pools)
[+00:54:57.049] VoxelWater: Chunk X=4 Y=-29 Z=2 emitted 32 procedural water vertices (Ocean/Pools)
[+00:54:57.049] VoxelWater: Chunk X=3 Y=-29 Z=2 emitted 4 procedural water vertices (Ocean/Pools)
[+00:54:57.049] VoxelWater: Chunk X=3 Y=-23 Z=1 emitted 8 procedural water vertices (Ocean/Pools)
[+00:54:57.049] VoxelWater: Chunk X=8 Y=-27 Z=1 emitted 128 procedural water vertices (Ocean/Pools)
[+00:54:57.049] VoxelWater: Chunk X=3 Y=-25 Z=2 emitted 12 procedural water vertices (Ocean/Pools)
[+00:54:57.049] VoxelWater: Chunk X=6 Y=-28 Z=2 emitted 16 procedural water vertices (Ocean/Pools)
[+00:54:57.049] VoxelWater: Chunk X=8 Y=-24 Z=2 emitted 8 procedural water vertices (Ocean/Pools)
[+00:54:57.049] VoxelWater: Chunk X=8 Y=-25 Z=2 emitted 16 procedural water vertices (Ocean/Pools)
[+00:54:57.049] VoxelWater: Chunk X=5 Y=-23 Z=2 emitted 48 procedural water vertices (Ocean/Pools)
[+00:54:57.049] VoxelWater: Chunk X=5 Y=-22 Z=2 emitted 104 procedural water vertices (Ocean/Pools)
[+00:54:57.049] VoxelWater: Chunk X=5 Y=-27 Z=2 emitted 72 procedural water vertices (Ocean/Pools)
[+00:54:57.049] VoxelWater: Chunk X=6 Y=-27 Z=2 emitted 12 procedural water vertices (Ocean/Pools)
[+00:54:57.049] VoxelWater: Chunk X=3 Y=-23 Z=2 emitted 148 procedural water vertices (Ocean/Pools)
[+00:54:57.049] VoxelWater: Chunk X=4 Y=-23 Z=2 emitted 200 procedural water vertices (Ocean/Pools)
[+00:54:57.049] VoxelWater: Chunk X=7 Y=-24 Z=2 emitted 8 procedural water vertices (Ocean/Pools)
[+00:54:57.049] VoxelWater: Chunk X=7 Y=-26 Z=2 emitted 44 procedural water vertices (Ocean/Pools)
[+00:54:57.049] VoxelWater: Chunk X=8 Y=-24 Z=1 emitted 12 procedural water vertices (Ocean/Pools)
[+00:54:57.049] VoxelWater: Chunk X=3 Y=-30 Z=1 emitted 12 procedural water vertices (Ocean/Pools)
[+00:54:57.049] VoxelWater: Chunk X=2 Y=-24 Z=1 emitted 4 procedural water vertices (Ocean/Pools)
[+00:54:57.049] VoxelWater: Chunk X=4 Y=-27 Z=2 emitted 68 procedural water vertices (Ocean/Pools)
[+00:54:57.049] VoxelWater: Chunk X=7 Y=-28 Z=1 emitted 8 procedural water vertices (Ocean/Pools)
[+00:54:57.049] VoxelWater: Chunk X=9 Y=-27 Z=1 emitted 64 procedural water vertices (Ocean/Pools)
[+00:54:57.049] VoxelWater: Chunk X=3 Y=-28 Z=1 emitted 4 procedural water vertices (Ocean/Pools)
[+00:54:57.049] VoxelWater: Chunk X=7 Y=-24 Z=4 emitted 16 procedural water vertices (Ocean/Pools)
[+00:54:57.049] VoxelWater: Chunk X=2 Y=-23 Z=1 emitted 32 procedural water vertices (Ocean/Pools)
[+00:54:57.049] VoxelWater: Chunk X=8 Y=-23 Z=1 emitted 40 procedural water vertices (Ocean/Pools)
[+00:54:57.049] VoxelWater: Chunk X=7 Y=-22 Z=1 emitted 48 procedural water vertices (Ocean/Pools)
[+00:54:57.049] VoxelWater: Chunk X=3 Y=-27 Z=2 emitted 204 procedural water vertices (Ocean/Pools)
[+00:54:57.049] VoxelWater: Chunk X=9 Y=-24 Z=1 emitted 4 procedural water vertices (Ocean/Pools)
[+00:54:57.050] VoxelWater: Chunk X=7 Y=-24 Z=3 emitted 48 procedural water vertices (Ocean/Pools)
[+00:54:57.050] VoxelWater: Chunk X=3 Y=-26 Z=3 emitted 24 procedural water vertices (Ocean/Pools)
[+00:54:57.050] VoxelWater: Chunk X=6 Y=-29 Z=1 emitted 92 procedural water vertices (Ocean/Pools)
[+00:54:57.050] VoxelWater: Chunk X=8 Y=-23 Z=2 emitted 28 procedural water vertices (Ocean/Pools)
[+00:54:57.050] VoxelWater: Chunk X=3 Y=-22 Z=2 emitted 96 procedural water vertices (Ocean/Pools)
[+00:54:57.050] VoxelWater: Chunk X=8 Y=-28 Z=1 emitted 36 procedural water vertices (Ocean/Pools)
[+00:54:57.050] VoxelWater: Chunk X=2 Y=-28 Z=1 emitted 16 procedural water vertices (Ocean/Pools)
[+00:54:57.050] VoxelWater: Chunk X=8 Y=-22 Z=1 emitted 28 procedural water vertices (Ocean/Pools)
[+00:54:57.050] VoxelWater: Chunk X=2 Y=-27 Z=2 emitted 20 procedural water vertices (Ocean/Pools)
[+00:54:57.050] VoxelWater: Chunk X=9 Y=-23 Z=1 emitted 48 procedural water vertices (Ocean/Pools)
[+00:54:57.050] VoxelWater: Chunk X=1 Y=-23 Z=1 emitted 64 procedural water vertices (Ocean/Pools)
[+00:54:57.050] VoxelWater: Chunk X=1 Y=-22 Z=1 emitted 68 procedural water vertices (Ocean/Pools)
[+00:54:57.050] VoxelWater: Chunk X=3 Y=-27 Z=3 emitted 104 procedural water vertices (Ocean/Pools)
[+00:54:57.050] VoxelWater: Chunk X=2 Y=-27 Z=3 emitted 80 procedural water vertices (Ocean/Pools)
[+00:54:57.050] VoxelWater: Chunk X=7 Y=-21 Z=1 emitted 52 procedural water vertices (Ocean/Pools)
[+00:54:57.050] VoxelWater: Chunk X=3 Y=-29 Z=1 emitted 104 procedural water vertices (Ocean/Pools)
[+00:54:57.050] VoxelWater: Chunk X=2 Y=-29 Z=1 emitted 80 procedural water vertices (Ocean/Pools)
[+00:54:57.050] VoxelWater: Chunk X=7 Y=-29 Z=1 emitted 64 procedural water vertices (Ocean/Pools)
[+00:54:57.050] VoxelWater: Chunk X=9 Y=-25 Z=2 emitted 224 procedural water vertices (Ocean/Pools)
[+00:54:57.050] VoxelWater: Chunk X=3 Y=-21 Z=2 emitted 148 procedural water vertices (Ocean/Pools)
[+00:54:57.050] VoxelWater: Chunk X=3 Y=-22 Z=3 emitted 72 procedural water vertices (Ocean/Pools)
[+00:54:57.050] VoxelWater: Chunk X=7 Y=-21 Z=2 emitted 20 procedural water vertices (Ocean/Pools)
[+00:54:57.050] VoxelWater: Chunk X=5 Y=-20 Z=1 emitted 20 procedural water vertices (Ocean/Pools)
[+00:54:57.050] VoxelWater: Chunk X=10 Y=-25 Z=1 emitted 28 procedural water vertices (Ocean/Pools)
[+00:54:57.050] VoxelWater: Chunk X=2 Y=-23 Z=3 emitted 20 procedural water vertices (Ocean/Pools)
[+00:54:57.050] VoxelWater: Chunk X=5 Y=-30 Z=1 emitted 20 procedural water vertices (Ocean/Pools)
[+00:54:57.050] VoxelWater: Chunk X=7 Y=-25 Z=4 emitted 64 procedural water vertices (Ocean/Pools)
[+00:54:57.050] VoxelWater: Chunk X=9 Y=-28 Z=1 emitted 16 procedural water vertices (Ocean/Pools)
[+00:54:57.050] VoxelWater: Chunk X=1 Y=-28 Z=1 emitted 28 procedural water vertices (Ocean/Pools)
[+00:54:57.050] VoxelWater: Chunk X=9 Y=-22 Z=1 emitted 76 procedural water vertices (Ocean/Pools)
[+00:54:57.050] VoxelWater: Chunk X=1 Y=-27 Z=2 emitted 36 procedural water vertices (Ocean/Pools)
[+00:54:57.050] VoxelWater: Chunk X=8 Y=-29 Z=1 emitted 44 procedural water vertices (Ocean/Pools)
[+00:54:57.050] VoxelWater: Chunk X=10 Y=-26 Z=1 emitted 96 procedural water vertices (Ocean/Pools)
[+00:54:57.050] VoxelWater: Chunk X=4 Y=-20 Z=1 emitted 76 procedural water vertices (Ocean/Pools)
[+00:54:57.051] VoxelWater: Chunk X=10 Y=-24 Z=1 emitted 36 procedural water vertices (Ocean/Pools)
[+00:54:57.051] VoxelWater: Chunk X=6 Y=-30 Z=1 emitted 96 procedural water vertices (Ocean/Pools)
[+00:54:57.059] VoxelMesh: Chunk X=4 Y=-28 Z=-3 FlatVerts=2154 SlopeVerts=0
[+00:54:57.060] VoxelChunk: GenerateAsync (10,-23,1)
[+00:54:57.061] VoxelChunk: GenerateAsync (9,-29,0)
[+00:54:57.061] VoxelMesh: Chunk X=10 Y=-23 Z=1 FlatVerts=2154 SlopeVerts=0
[+00:54:57.061] VoxelChunk: GenerateAsync (6,-29,3)
[+00:54:57.061] VoxelMesh: Chunk X=6 Y=-22 Z=-3 FlatVerts=474 SlopeVerts=0
[+00:54:57.061] VoxelChunk: GenerateAsync (0,-23,1)
[+00:54:57.062] VoxelMesh: Chunk X=0 Y=-23 Z=1 FlatVerts=474 SlopeVerts=0
[+00:54:57.070] VoxelMesh: Chunk X=2 Y=-25 Z=-3 FlatVerts=84 SlopeVerts=1152
[+00:54:57.071] VoxelChunk: GenerateAsync (7,-20,1)
[+00:54:57.071] VoxelMesh: Chunk X=5 Y=-28 Z=-3 FlatVerts=1848 SlopeVerts=150
[+00:54:57.071] VoxelMesh: Chunk X=7 Y=-20 Z=1 FlatVerts=84 SlopeVerts=1152
[+00:54:57.071] VoxelChunk: GenerateAsync (10,-27,1)
[+00:54:57.071] VoxelChunk: GenerateAsync (7,-27,4)
[+00:54:57.072] VoxelMesh: Chunk X=10 Y=-27 Z=1 FlatVerts=1848 SlopeVerts=150
[+00:54:57.072] VoxelChunk: GenerateAsync (9,-21,0)
[+00:54:57.081] VoxelMesh: Chunk X=7 Y=-23 Z=-3 FlatVerts=0 SlopeVerts=138
[+00:54:57.081] VoxelChunk: GenerateAsync (1,-24,3)
[+00:54:57.081] VoxelMesh: Chunk X=1 Y=-24 Z=3 FlatVerts=0 SlopeVerts=138
[+00:54:57.081] VoxelMesh: Chunk X=7 Y=-27 Z=-3 FlatVerts=684 SlopeVerts=1920
[+00:54:57.082] VoxelChunk: GenerateAsync (3,-20,1)
[+00:54:57.083] VoxelChunk: GenerateAsync (0,-27,1)
[+00:54:57.083] VoxelMesh: Chunk X=3 Y=-20 Z=1 FlatVerts=684 SlopeVerts=1920
[+00:54:57.083] VoxelMesh: Chunk X=3 Y=-27 Z=-3 FlatVerts=0 SlopeVerts=0
[+00:54:57.083] VoxelChunk: GenerateAsync (9,-24,3)
[+00:54:57.084] VoxelMesh: Chunk X=9 Y=-24 Z=3 FlatVerts=0 SlopeVerts=0
[+00:54:57.092] VoxelMesh: Chunk X=5 Y=-23 Z=-3 FlatVerts=54 SlopeVerts=738
[+00:54:57.092] VoxelChunk: GenerateAsync (1,-26,3)
[+00:54:57.092] VoxelMesh: Chunk X=4 Y=-24 Z=-3 FlatVerts=0 SlopeVerts=0
[+00:54:57.092] VoxelMesh: Chunk X=1 Y=-26 Z=3 FlatVerts=54 SlopeVerts=738
[+00:54:57.092] VoxelChunk: GenerateAsync (4,-21,3)
[+00:54:57.093] VoxelMesh: Chunk X=4 Y=-21 Z=3 FlatVerts=0 SlopeVerts=0
[+00:54:57.093] VoxelChunk: GenerateAsync (1,-21,0)
[+00:54:57.093] VoxelChunk: GenerateAsync (7,-23,4)
[+00:54:57.101] VoxelChunk: GenerateAsync (3,-27,4)
[+00:54:57.101] VoxelChunk: GenerateAsync (6,-21,3)
[+00:54:57.102] VoxelChunk: GenerateAsync (1,-29,0)
[+00:54:57.102] VoxelChunk: GenerateAsync (9,-26,3)
[+00:54:57.110] VoxelChunk: GenerateAsync (4,-29,3)
[+00:54:57.110] VoxelChunk: GenerateAsync (8,-29,2)
[+00:54:57.110] VoxelMesh: Chunk X=6 Y=-23 Z=-3 FlatVerts=1248 SlopeVerts=858
[+00:54:57.111] VoxelChunk: GenerateAsync (10,-25,2)
[+00:54:57.111] VoxelMesh: Chunk X=10 Y=-25 Z=2 FlatVerts=1248 SlopeVerts=858
[+00:54:57.111] VoxelMesh: Chunk X=7 Y=-26 Z=-3 FlatVerts=864 SlopeVerts=4212
[+00:54:57.112] VoxelChunk: GenerateAsync (2,-21,2)
[+00:54:57.113] VoxelMesh: Chunk X=2 Y=-21 Z=2 FlatVerts=864 SlopeVerts=4212
[+00:54:57.121] VoxelMesh: Chunk X=3 Y=-26 Z=-3 FlatVerts=168 SlopeVerts=3828
[+00:54:57.121] VoxelChunk: GenerateAsync (1,-28,2)
[+00:54:57.122] VoxelChunk: GenerateAsync (8,-22,3)
[+00:54:57.122] VoxelMesh: Chunk X=1 Y=-28 Z=2 FlatVerts=168 SlopeVerts=3828
[+00:54:57.123] VoxelChunk: GenerateAsync (8,-28,3)
[+00:54:57.123] VoxelMesh: Chunk X=5 Y=-25 Z=-3 FlatVerts=102 SlopeVerts=672
[+00:54:57.123] VoxelChunk: GenerateAsync (1,-22,2)
[+00:54:57.123] VoxelMesh: Chunk X=1 Y=-22 Z=2 FlatVerts=102 SlopeVerts=672
[+00:54:57.133] VoxelChunk: GenerateAsync (9,-28,2)
[+00:54:57.133] VoxelMesh: Chunk X=5 Y=-26 Z=-3 FlatVerts=198 SlopeVerts=582
[+00:54:57.133] VoxelChunk: GenerateAsync (5,-30,2)
[+00:54:57.134] VoxelMesh: Chunk X=4 Y=-25 Z=-3 FlatVerts=0 SlopeVerts=948
[+00:54:57.134] VoxelMesh: Chunk X=5 Y=-30 Z=2 FlatVerts=198 SlopeVerts=582
[+00:54:57.134] VoxelChunk: GenerateAsync (8,-21,2)
[+00:54:57.134] VoxelMesh: Chunk X=5 Y=-24 Z=-3 FlatVerts=0 SlopeVerts=1014
[+00:54:57.134] VoxelMesh: Chunk X=8 Y=-21 Z=2 FlatVerts=0 SlopeVerts=948
[+00:54:57.135] VoxelChunk: GenerateAsync (2,-22,3)
[+00:54:57.135] VoxelMesh: Chunk X=2 Y=-22 Z=3 FlatVerts=0 SlopeVerts=1014
[+00:54:57.143] VoxelMesh: Chunk X=6 Y=-24 Z=-3 FlatVerts=0 SlopeVerts=18
[+00:54:57.143] VoxelChunk: GenerateAsync (8,-25,4)
[+00:54:57.144] VoxelMesh: Chunk X=8 Y=-25 Z=4 FlatVerts=0 SlopeVerts=18
[+00:54:57.145] VoxelChunk: GenerateAsync (2,-28,3)
[+00:54:57.145] VoxelMesh: Chunk X=2 Y=-28 Z=3 FlatVerts=30 SlopeVerts=432
[+00:54:57.146] VoxelMesh: Chunk X=0 Y=0 Z=0 FlatVerts=2838 SlopeVerts=10092
[+00:54:57.148] VoxelChunk: GenerateAsync (0,-25,2)
[+00:54:57.149] VoxelChunk: GenerateAsync (5,-28,4)
[+00:54:57.149] VoxelMesh: Chunk X=0 Y=-25 Z=2 FlatVerts=0 SlopeVerts=3150
[+00:54:57.160] VoxelMesh: Chunk X=0 Y=0 Z=0 FlatVerts=702 SlopeVerts=12420
[+00:54:57.161] VoxelChunk: GenerateAsync (2,-29,2)
[+00:54:57.161] VoxelMesh: Chunk X=2 Y=-29 Z=2 FlatVerts=180 SlopeVerts=282
[+00:54:57.161] VoxelChunk: GenerateAsync (9,-22,2)
[+00:54:57.164] VoxelMesh: Chunk X=0 Y=0 Z=0 FlatVerts=726 SlopeVerts=7902
[+00:54:57.165] VoxelChunk: GenerateAsync (5,-20,2)
[+00:54:57.166] VoxelMesh: Chunk X=5 Y=-20 Z=2 FlatVerts=216 SlopeVerts=2358
[+00:54:57.166] VoxelChunk: GenerateAsync (2,-25,4)
[+00:54:57.167] VoxelMesh: Chunk X=2 Y=-25 Z=4 FlatVerts=198 SlopeVerts=2604
[+00:54:57.176] VoxelChunk: GenerateAsync (5,-22,4)
[+00:54:57.179] VoxelMesh: Chunk X=0 Y=0 Z=0 FlatVerts=1158 SlopeVerts=21360
[+00:54:57.181] VoxelChunk: GenerateAsync (4,-20,2)
[+00:54:57.181] VoxelMesh: Chunk X=4 Y=-20 Z=2 FlatVerts=12 SlopeVerts=12
[+00:54:57.183] VoxelChunk: GenerateAsync (2,-26,4)
[+00:54:57.183] VoxelMesh: Chunk X=2 Y=-26 Z=4 FlatVerts=6 SlopeVerts=744
[+00:54:57.183] VoxelChunk: GenerateAsync (4,-22,4)
[+00:54:57.183] VoxelMesh: Chunk X=4 Y=-22 Z=4 FlatVerts=6 SlopeVerts=174
[+00:54:57.195] VoxelChunk: GenerateAsync (6,-22,4)
[+00:54:57.197] VoxelMesh: Chunk X=0 Y=0 Z=0 FlatVerts=1434 SlopeVerts=9702
[+00:54:57.198] VoxelChunk: GenerateAsync (4,-30,2)
[+00:54:57.199] VoxelMesh: Chunk X=4 Y=-30 Z=2 FlatVerts=558 SlopeVerts=2754
[+00:54:57.200] VoxelMesh: Chunk X=0 Y=0 Z=0 FlatVerts=1434 SlopeVerts=15456
[+00:54:57.203] VoxelChunk: GenerateAsync (6,-30,2)
[+00:54:57.205] VoxelMesh: Chunk X=0 Y=0 Z=0 FlatVerts=4002 SlopeVerts=2406
[+00:54:57.207] VoxelChunk: GenerateAsync (0,-22,0)
[+00:54:57.219] VoxelMesh: Chunk X=0 Y=0 Z=0 FlatVerts=7140 SlopeVerts=504
[+00:54:57.220] VoxelChunk: GenerateAsync (10,-22,0)
[+00:54:57.221] VoxelMesh: Chunk X=0 Y=0 Z=0 FlatVerts=12 SlopeVerts=12
[+00:54:57.222] VoxelChunk: GenerateAsync (6,-20,2)
[+00:54:57.222] VoxelMesh: Chunk X=6 Y=-20 Z=2 FlatVerts=540 SlopeVerts=4710
[+00:54:57.225] VoxelMesh: Chunk X=0 Y=0 Z=0 FlatVerts=2370 SlopeVerts=5322
[+00:54:57.226] VoxelChunk: GenerateAsync (2,-30,0)
[+00:54:57.229] VoxelMesh: Chunk X=0 Y=0 Z=0 FlatVerts=54 SlopeVerts=12096
[+00:54:57.230] VoxelChunk: GenerateAsync (10,-24,2)
[+00:54:57.230] VoxelMesh: Chunk X=10 Y=-24 Z=2 FlatVerts=702 SlopeVerts=480
[+00:54:57.265] VoxelWater: Chunk X=6 Y=-26 Z=1 emitted 124 procedural water vertices (Ocean/Pools)
[+00:54:57.265] VoxelWater: Chunk X=4 Y=-26 Z=1 emitted 408 procedural water vertices (Ocean/Pools)
[+00:54:57.265] VoxelWater: Chunk X=5 Y=-26 Z=1 emitted 380 procedural water vertices (Ocean/Pools)
[+00:54:57.265] VoxelWater: Chunk X=8 Y=-21 Z=2 emitted 12 procedural water vertices (Ocean/Pools)
[+00:54:57.265] VoxelWater: Chunk X=4 Y=-23 Z=2 emitted 216 procedural water vertices (Ocean/Pools)
[+00:54:57.265] VoxelWater: Chunk X=4 Y=-23 Z=3 emitted 24 procedural water vertices (Ocean/Pools)
[+00:54:57.265] VoxelWater: Chunk X=3 Y=-23 Z=3 emitted 36 procedural water vertices (Ocean/Pools)
[+00:54:57.265] VoxelWater: Chunk X=5 Y=-24 Z=1 emitted 80 procedural water vertices (Ocean/Pools)
[+00:54:57.265] VoxelWater: Chunk X=6 Y=-24 Z=1 emitted 72 procedural water vertices (Ocean/Pools)
[+00:54:57.265] VoxelWater: Chunk X=1 Y=-24 Z=1 emitted 56 procedural water vertices (Ocean/Pools)
[+00:54:57.265] VoxelWater: Chunk X=0 Y=-24 Z=1 emitted 4 procedural water vertices (Ocean/Pools)
[+00:54:57.265] VoxelWater: Chunk X=9 Y=-26 Z=1 emitted 84 procedural water vertices (Ocean/Pools)
[+00:54:57.265] VoxelWater: Chunk X=4 Y=-25 Z=1 emitted 128 procedural water vertices (Ocean/Pools)
[+00:54:57.265] VoxelWater: Chunk X=5 Y=-25 Z=1 emitted 12 procedural water vertices (Ocean/Pools)
[+00:54:57.265] VoxelWater: Chunk X=6 Y=-25 Z=1 emitted 16 procedural water vertices (Ocean/Pools)
[+00:54:57.265] VoxelWater: Chunk X=5 Y=-30 Z=1 emitted 28 procedural water vertices (Ocean/Pools)
[+00:54:57.265] VoxelWater: Chunk X=5 Y=-30 Z=2 emitted 20 procedural water vertices (Ocean/Pools)
[+00:54:57.265] VoxelWater: Chunk X=4 Y=-29 Z=1 emitted 52 procedural water vertices (Ocean/Pools)
[+00:54:57.265] VoxelWater: Chunk X=4 Y=-21 Z=1 emitted 40 procedural water vertices (Ocean/Pools)
[+00:54:57.265] VoxelWater: Chunk X=1 Y=-22 Z=1 emitted 80 procedural water vertices (Ocean/Pools)
[+00:54:57.265] VoxelWater: Chunk X=1 Y=-22 Z=2 emitted 20 procedural water vertices (Ocean/Pools)
[+00:54:57.265] VoxelWater: Chunk X=6 Y=-21 Z=1 emitted 24 procedural water vertices (Ocean/Pools)
[+00:54:57.265] VoxelWater: Chunk X=2 Y=-22 Z=2 emitted 28 procedural water vertices (Ocean/Pools)
[+00:54:57.265] VoxelWater: Chunk X=2 Y=-23 Z=2 emitted 36 procedural water vertices (Ocean/Pools)
[+00:54:57.265] VoxelWater: Chunk X=3 Y=-28 Z=2 emitted 120 procedural water vertices (Ocean/Pools)
[+00:54:57.265] VoxelWater: Chunk X=2 Y=-28 Z=2 emitted 148 procedural water vertices (Ocean/Pools)
[+00:54:57.265] VoxelWater: Chunk X=4 Y=-26 Z=2 emitted 12 procedural water vertices (Ocean/Pools)
[+00:54:57.265] VoxelWater: Chunk X=4 Y=-25 Z=2 emitted 336 procedural water vertices (Ocean/Pools)
[+00:54:57.265] VoxelWater: Chunk X=4 Y=-25 Z=3 emitted 160 procedural water vertices (Ocean/Pools)
[+00:54:57.265] VoxelWater: Chunk X=5 Y=-25 Z=2 emitted 412 procedural water vertices (Ocean/Pools)
[+00:54:57.265] VoxelWater: Chunk X=4 Y=-24 Z=2 emitted 296 procedural water vertices (Ocean/Pools)
[+00:54:57.265] VoxelWater: Chunk X=4 Y=-24 Z=3 emitted 88 procedural water vertices (Ocean/Pools)
[+00:54:57.265] VoxelWater: Chunk X=3 Y=-24 Z=3 emitted 72 procedural water vertices (Ocean/Pools)
[+00:54:57.265] VoxelWater: Chunk X=4 Y=-24 Z=1 emitted 116 procedural water vertices (Ocean/Pools)
[+00:54:57.265] VoxelWater: Chunk X=5 Y=-24 Z=2 emitted 148 procedural water vertices (Ocean/Pools)
[+00:54:57.265] VoxelWater: Chunk X=3 Y=-24 Z=2 emitted 60 procedural water vertices (Ocean/Pools)
[+00:54:57.265] VoxelWater: Chunk X=2 Y=-24 Z=3 emitted 64 procedural water vertices (Ocean/Pools)
[+00:54:57.266] VoxelWater: Chunk X=5 Y=-25 Z=3 emitted 152 procedural water vertices (Ocean/Pools)
[+00:54:57.266] VoxelWater: Chunk X=5 Y=-26 Z=2 emitted 4 procedural water vertices (Ocean/Pools)
[+00:54:57.266] VoxelWater: Chunk X=6 Y=-25 Z=2 emitted 32 procedural water vertices (Ocean/Pools)
[+00:54:57.266] VoxelWater: Chunk X=5 Y=-24 Z=3 emitted 20 procedural water vertices (Ocean/Pools)
[+00:54:57.266] VoxelWater: Chunk X=6 Y=-24 Z=3 emitted 140 procedural water vertices (Ocean/Pools)
[+00:54:57.266] VoxelWater: Chunk X=9 Y=-25 Z=1 emitted 36 procedural water vertices (Ocean/Pools)
[+00:54:57.266] VoxelWater: Chunk X=6 Y=-26 Z=2 emitted 60 procedural water vertices (Ocean/Pools)
[+00:54:57.266] VoxelWater: Chunk X=6 Y=-26 Z=3 emitted 16 procedural water vertices (Ocean/Pools)
[+00:54:57.266] VoxelWater: Chunk X=6 Y=-25 Z=3 emitted 368 procedural water vertices (Ocean/Pools)
[+00:54:57.266] VoxelWater: Chunk X=7 Y=-25 Z=3 emitted 68 procedural water vertices (Ocean/Pools)
[+00:54:57.266] VoxelWater: Chunk X=8 Y=-25 Z=3 emitted 24 procedural water vertices (Ocean/Pools)
[+00:54:57.266] VoxelWater: Chunk X=6 Y=-24 Z=2 emitted 160 procedural water vertices (Ocean/Pools)
[+00:54:57.266] VoxelWater: Chunk X=6 Y=-24 Z=4 emitted 16 procedural water vertices (Ocean/Pools)
[+00:54:57.266] VoxelWater: Chunk X=5 Y=-29 Z=1 emitted 20 procedural water vertices (Ocean/Pools)
[+00:54:57.266] VoxelWater: Chunk X=3 Y=-25 Z=3 emitted 4 procedural water vertices (Ocean/Pools)
[+00:54:57.266] VoxelWater: Chunk X=6 Y=-21 Z=2 emitted 132 procedural water vertices (Ocean/Pools)
[+00:54:57.266] VoxelWater: Chunk X=4 Y=-21 Z=2 emitted 152 procedural water vertices (Ocean/Pools)
[+00:54:57.266] VoxelWater: Chunk X=4 Y=-22 Z=2 emitted 36 procedural water vertices (Ocean/Pools)
[+00:54:57.267] VoxelWater: Chunk X=5 Y=-21 Z=2 emitted 72 procedural water vertices (Ocean/Pools)
[+00:54:57.267] VoxelWater: Chunk X=4 Y=-23 Z=1 emitted 8 procedural water vertices (Ocean/Pools)
[+00:54:57.267] VoxelWater: Chunk X=8 Y=-26 Z=2 emitted 24 procedural water vertices (Ocean/Pools)
[+00:54:57.267] VoxelWater: Chunk X=7 Y=-24 Z=1 emitted 12 procedural water vertices (Ocean/Pools)
[+00:54:57.267] VoxelWater: Chunk X=6 Y=-23 Z=1 emitted 36 procedural water vertices (Ocean/Pools)
[+00:54:57.267] VoxelWater: Chunk X=2 Y=-24 Z=2 emitted 4 procedural water vertices (Ocean/Pools)
[+00:54:57.267] VoxelWater: Chunk X=1 Y=-28 Z=2 emitted 64 procedural water vertices (Ocean/Pools)
[+00:54:57.267] VoxelWater: Chunk X=1 Y=-27 Z=2 emitted 52 procedural water vertices (Ocean/Pools)
[+00:54:57.267] VoxelWater: Chunk X=4 Y=-28 Z=1 emitted 32 procedural water vertices (Ocean/Pools)
[+00:54:57.267] VoxelWater: Chunk X=4 Y=-28 Z=2 emitted 52 procedural water vertices (Ocean/Pools)
[+00:54:57.267] VoxelWater: Chunk X=5 Y=-28 Z=2 emitted 56 procedural water vertices (Ocean/Pools)
[+00:54:57.267] VoxelWater: Chunk X=4 Y=-27 Z=1 emitted 88 procedural water vertices (Ocean/Pools)
[+00:54:57.267] VoxelWater: Chunk X=5 Y=-27 Z=1 emitted 216 procedural water vertices (Ocean/Pools)
[+00:54:57.267] VoxelWater: Chunk X=2 Y=-21 Z=1 emitted 4 procedural water vertices (Ocean/Pools)
[+00:54:57.267] VoxelWater: Chunk X=2 Y=-21 Z=2 emitted 100 procedural water vertices (Ocean/Pools)
[+00:54:57.267] VoxelWater: Chunk X=3 Y=-21 Z=2 emitted 152 procedural water vertices (Ocean/Pools)
[+00:54:57.267] VoxelWater: Chunk X=6 Y=-27 Z=1 emitted 268 procedural water vertices (Ocean/Pools)
[+00:54:57.267] VoxelWater: Chunk X=7 Y=-27 Z=1 emitted 216 procedural water vertices (Ocean/Pools)
[+00:54:57.267] VoxelWater: Chunk X=6 Y=-28 Z=1 emitted 112 procedural water vertices (Ocean/Pools)
[+00:54:57.267] VoxelWater: Chunk X=10 Y=-25 Z=2 emitted 12 procedural water vertices (Ocean/Pools)
[+00:54:57.267] VoxelWater: Chunk X=7 Y=-26 Z=1 emitted 224 procedural water vertices (Ocean/Pools)
[+00:54:57.267] VoxelWater: Chunk X=8 Y=-26 Z=1 emitted 96 procedural water vertices (Ocean/Pools)
[+00:54:57.267] VoxelWater: Chunk X=3 Y=-26 Z=1 emitted 96 procedural water vertices (Ocean/Pools)
[+00:54:57.267] VoxelWater: Chunk X=6 Y=-25 Z=4 emitted 28 procedural water vertices (Ocean/Pools)
[+00:54:57.267] VoxelWater: Chunk X=2 Y=-26 Z=2 emitted 100 procedural water vertices (Ocean/Pools)
[+00:54:57.267] VoxelWater: Chunk X=3 Y=-26 Z=2 emitted 156 procedural water vertices (Ocean/Pools)
[+00:54:57.267] VoxelWater: Chunk X=8 Y=-25 Z=1 emitted 20 procedural water vertices (Ocean/Pools)
[+00:54:57.267] VoxelWater: Chunk X=9 Y=-24 Z=1 emitted 8 procedural water vertices (Ocean/Pools)
[+00:54:57.267] VoxelWater: Chunk X=9 Y=-24 Z=2 emitted 164 procedural water vertices (Ocean/Pools)
[+00:54:57.267] VoxelWater: Chunk X=4 Y=-22 Z=3 emitted 104 procedural water vertices (Ocean/Pools)
[+00:54:57.267] VoxelWater: Chunk X=1 Y=-24 Z=2 emitted 60 procedural water vertices (Ocean/Pools)
[+00:54:57.267] VoxelWater: Chunk X=1 Y=-25 Z=2 emitted 4 procedural water vertices (Ocean/Pools)
[+00:54:57.267] VoxelWater: Chunk X=1 Y=-24 Z=3 emitted 4 procedural water vertices (Ocean/Pools)
[+00:54:57.267] VoxelWater: Chunk X=2 Y=-25 Z=3 emitted 52 procedural water vertices (Ocean/Pools)
[+00:54:57.267] VoxelWater: Chunk X=9 Y=-26 Z=2 emitted 64 procedural water vertices (Ocean/Pools)
[+00:54:57.267] VoxelWater: Chunk X=5 Y=-28 Z=1 emitted 264 procedural water vertices (Ocean/Pools)
[+00:54:57.267] VoxelWater: Chunk X=5 Y=-23 Z=1 emitted 132 procedural water vertices (Ocean/Pools)
[+00:54:57.267] VoxelWater: Chunk X=5 Y=-22 Z=1 emitted 16 procedural water vertices (Ocean/Pools)
[+00:54:57.267] VoxelWater: Chunk X=6 Y=-22 Z=1 emitted 92 procedural water vertices (Ocean/Pools)
[+00:54:57.267] VoxelWater: Chunk X=6 Y=-22 Z=2 emitted 12 procedural water vertices (Ocean/Pools)
[+00:54:57.267] VoxelWater: Chunk X=4 Y=-29 Z=2 emitted 32 procedural water vertices (Ocean/Pools)
[+00:54:57.267] VoxelWater: Chunk X=3 Y=-29 Z=2 emitted 8 procedural water vertices (Ocean/Pools)
[+00:54:57.267] VoxelWater: Chunk X=3 Y=-23 Z=1 emitted 8 procedural water vertices (Ocean/Pools)
[+00:54:57.267] VoxelWater: Chunk X=8 Y=-27 Z=1 emitted 136 procedural water vertices (Ocean/Pools)
[+00:54:57.267] VoxelWater: Chunk X=3 Y=-20 Z=1 emitted 16 procedural water vertices (Ocean/Pools)
[+00:54:57.267] VoxelWater: Chunk X=3 Y=-25 Z=2 emitted 12 procedural water vertices (Ocean/Pools)
[+00:54:57.267] VoxelWater: Chunk X=6 Y=-28 Z=2 emitted 16 procedural water vertices (Ocean/Pools)
[+00:54:57.267] VoxelWater: Chunk X=8 Y=-24 Z=2 emitted 8 procedural water vertices (Ocean/Pools)
[+00:54:57.267] VoxelWater: Chunk X=8 Y=-25 Z=2 emitted 20 procedural water vertices (Ocean/Pools)
[+00:54:57.267] VoxelWater: Chunk X=7 Y=-20 Z=1 emitted 20 procedural water vertices (Ocean/Pools)
[+00:54:57.267] VoxelWater: Chunk X=5 Y=-23 Z=2 emitted 52 procedural water vertices (Ocean/Pools)
[+00:54:57.267] VoxelWater: Chunk X=5 Y=-22 Z=2 emitted 100 procedural water vertices (Ocean/Pools)
[+00:54:57.267] VoxelWater: Chunk X=5 Y=-27 Z=2 emitted 64 procedural water vertices (Ocean/Pools)
[+00:54:57.267] VoxelWater: Chunk X=6 Y=-27 Z=2 emitted 12 procedural water vertices (Ocean/Pools)
[+00:54:57.268] VoxelWater: Chunk X=3 Y=-23 Z=2 emitted 156 procedural water vertices (Ocean/Pools)
[+00:54:57.268] VoxelWater: Chunk X=7 Y=-24 Z=2 emitted 12 procedural water vertices (Ocean/Pools)
[+00:54:57.268] VoxelWater: Chunk X=7 Y=-26 Z=2 emitted 44 procedural water vertices (Ocean/Pools)
[+00:54:57.268] VoxelWater: Chunk X=10 Y=-23 Z=1 emitted 16 procedural water vertices (Ocean/Pools)
[+00:54:57.268] VoxelWater: Chunk X=8 Y=-24 Z=1 emitted 12 procedural water vertices (Ocean/Pools)
[+00:54:57.268] VoxelWater: Chunk X=3 Y=-30 Z=1 emitted 16 procedural water vertices (Ocean/Pools)
[+00:54:57.268] VoxelWater: Chunk X=2 Y=-24 Z=1 emitted 4 procedural water vertices (Ocean/Pools)
[+00:54:57.268] VoxelWater: Chunk X=4 Y=-27 Z=2 emitted 68 procedural water vertices (Ocean/Pools)
[+00:54:57.268] VoxelWater: Chunk X=7 Y=-28 Z=1 emitted 8 procedural water vertices (Ocean/Pools)
[+00:54:57.268] VoxelWater: Chunk X=9 Y=-27 Z=1 emitted 84 procedural water vertices (Ocean/Pools)
[+00:54:57.268] VoxelWater: Chunk X=3 Y=-28 Z=1 emitted 4 procedural water vertices (Ocean/Pools)
[+00:54:57.268] VoxelWater: Chunk X=7 Y=-24 Z=4 emitted 24 procedural water vertices (Ocean/Pools)
[+00:54:57.268] VoxelWater: Chunk X=2 Y=-23 Z=1 emitted 32 procedural water vertices (Ocean/Pools)
[+00:54:57.268] VoxelWater: Chunk X=8 Y=-23 Z=1 emitted 40 procedural water vertices (Ocean/Pools)
[+00:54:57.268] VoxelWater: Chunk X=7 Y=-22 Z=1 emitted 48 procedural water vertices (Ocean/Pools)
[+00:54:57.268] VoxelWater: Chunk X=3 Y=-27 Z=2 emitted 224 procedural water vertices (Ocean/Pools)
[+00:54:57.268] VoxelWater: Chunk X=7 Y=-24 Z=3 emitted 48 procedural water vertices (Ocean/Pools)
[+00:54:57.268] VoxelWater: Chunk X=3 Y=-26 Z=3 emitted 24 procedural water vertices (Ocean/Pools)
[+00:54:57.269] VoxelWater: Chunk X=6 Y=-29 Z=1 emitted 92 procedural water vertices (Ocean/Pools)
[+00:54:57.269] VoxelWater: Chunk X=8 Y=-23 Z=2 emitted 28 procedural water vertices (Ocean/Pools)
[+00:54:57.269] VoxelWater: Chunk X=3 Y=-22 Z=2 emitted 100 procedural water vertices (Ocean/Pools)
[+00:54:57.269] VoxelWater: Chunk X=8 Y=-28 Z=1 emitted 36 procedural water vertices (Ocean/Pools)
[+00:54:57.269] VoxelWater: Chunk X=2 Y=-28 Z=1 emitted 16 procedural water vertices (Ocean/Pools)
[+00:54:57.269] VoxelWater: Chunk X=8 Y=-22 Z=1 emitted 28 procedural water vertices (Ocean/Pools)
[+00:54:57.269] VoxelWater: Chunk X=2 Y=-27 Z=2 emitted 28 procedural water vertices (Ocean/Pools)
[+00:54:57.269] VoxelWater: Chunk X=9 Y=-23 Z=1 emitted 48 procedural water vertices (Ocean/Pools)
[+00:54:57.269] VoxelWater: Chunk X=1 Y=-23 Z=1 emitted 64 procedural water vertices (Ocean/Pools)
[+00:54:57.269] VoxelWater: Chunk X=3 Y=-27 Z=3 emitted 112 procedural water vertices (Ocean/Pools)
[+00:54:57.269] VoxelWater: Chunk X=2 Y=-27 Z=3 emitted 80 procedural water vertices (Ocean/Pools)
[+00:54:57.269] VoxelWater: Chunk X=7 Y=-21 Z=1 emitted 52 procedural water vertices (Ocean/Pools)
[+00:54:57.269] VoxelWater: Chunk X=3 Y=-29 Z=1 emitted 104 procedural water vertices (Ocean/Pools)
[+00:54:57.269] VoxelWater: Chunk X=2 Y=-29 Z=1 emitted 80 procedural water vertices (Ocean/Pools)
[+00:54:57.269] VoxelWater: Chunk X=7 Y=-29 Z=1 emitted 64 procedural water vertices (Ocean/Pools)
[+00:54:57.269] VoxelWater: Chunk X=5 Y=-21 Z=1 emitted 8 procedural water vertices (Ocean/Pools)
[+00:54:57.269] VoxelWater: Chunk X=9 Y=-25 Z=2 emitted 248 procedural water vertices (Ocean/Pools)
[+00:54:57.269] VoxelWater: Chunk X=3 Y=-21 Z=1 emitted 12 procedural water vertices (Ocean/Pools)
[+00:54:57.269] VoxelWater: Chunk X=3 Y=-22 Z=3 emitted 72 procedural water vertices (Ocean/Pools)
[+00:54:57.269] VoxelWater: Chunk X=7 Y=-21 Z=2 emitted 20 procedural water vertices (Ocean/Pools)
[+00:54:57.269] VoxelWater: Chunk X=5 Y=-20 Z=1 emitted 32 procedural water vertices (Ocean/Pools)
[+00:54:57.269] VoxelWater: Chunk X=10 Y=-25 Z=1 emitted 28 procedural water vertices (Ocean/Pools)
[+00:54:57.269] VoxelWater: Chunk X=2 Y=-23 Z=3 emitted 20 procedural water vertices (Ocean/Pools)
[+00:54:57.269] VoxelWater: Chunk X=7 Y=-25 Z=4 emitted 64 procedural water vertices (Ocean/Pools)
[+00:54:57.269] VoxelWater: Chunk X=9 Y=-28 Z=1 emitted 16 procedural water vertices (Ocean/Pools)
[+00:54:57.269] VoxelWater: Chunk X=1 Y=-28 Z=1 emitted 28 procedural water vertices (Ocean/Pools)
[+00:54:57.269] VoxelWater: Chunk X=9 Y=-22 Z=1 emitted 76 procedural water vertices (Ocean/Pools)
[+00:54:57.269] VoxelWater: Chunk X=8 Y=-29 Z=1 emitted 44 procedural water vertices (Ocean/Pools)
[+00:54:57.269] VoxelWater: Chunk X=10 Y=-26 Z=1 emitted 96 procedural water vertices (Ocean/Pools)
[+00:54:57.269] VoxelWater: Chunk X=4 Y=-20 Z=1 emitted 76 procedural water vertices (Ocean/Pools)
[+00:54:57.269] VoxelWater: Chunk X=10 Y=-24 Z=1 emitted 44 procedural water vertices (Ocean/Pools)
[+00:54:57.269] VoxelWater: Chunk X=6 Y=-30 Z=1 emitted 96 procedural water vertices (Ocean/Pools)
[+00:54:57.269] VoxelWater: Chunk X=0 Y=-25 Z=2 emitted 12 procedural water vertices (Ocean/Pools)
[+00:54:57.269] VoxelWater: Chunk X=5 Y=-20 Z=2 emitted 8 procedural water vertices (Ocean/Pools)
[+00:54:57.269] VoxelWater: Chunk X=2 Y=-25 Z=4 emitted 24 procedural water vertices (Ocean/Pools)
[+00:54:57.269] VoxelWater: Chunk X=4 Y=-30 Z=2 emitted 32 procedural water vertices (Ocean/Pools)
[+00:54:57.269] VoxelWater: Chunk X=6 Y=-20 Z=2 emitted 56 procedural water vertices (Ocean/Pools)
[+00:54:57.269] VoxelWater: Chunk X=10 Y=-24 Z=2 emitted 20 procedural water vertices (Ocean/Pools)
[+00:54:57.282] VoxelMesh: Chunk X=0 Y=0 Z=0 FlatVerts=7770 SlopeVerts=0
[+00:54:57.284] VoxelChunk: GenerateAsync (8,-20,0)
[+00:54:57.285] VoxelChunk: GenerateAsync (4,-28,4)
[+00:54:57.288] VoxelMesh: Chunk X=0 Y=0 Z=0 FlatVerts=1566 SlopeVerts=17112
[+00:54:57.291] VoxelChunk: GenerateAsync (0,-24,2)
[+00:54:57.291] VoxelMesh: Chunk X=0 Y=-24 Z=2 FlatVerts=0 SlopeVerts=504
[+00:54:57.294] VoxelMesh: Chunk X=0 Y=0 Z=0 FlatVerts=84 SlopeVerts=23586
[+00:54:57.296] VoxelChunk: GenerateAsync (8,-26,4)
[+00:54:57.307] VoxelMesh: Chunk X=0 Y=0 Z=0 FlatVerts=12 SlopeVerts=1008
[+00:54:57.309] VoxelChunk: GenerateAsync (8,-24,4)
[+00:54:57.309] VoxelMesh: Chunk X=8 Y=-24 Z=4 FlatVerts=6 SlopeVerts=24
[+00:54:57.311] VoxelMesh: Chunk X=0 Y=0 Z=0 FlatVerts=1572 SlopeVerts=2610
[+00:54:57.311] VoxelChunk: GenerateAsync (0,-26,2)
[+00:54:57.312] VoxelMesh: Chunk X=0 Y=-26 Z=2 FlatVerts=0 SlopeVerts=828
[+00:54:57.315] VoxelMesh: Chunk X=0 Y=0 Z=0 FlatVerts=546 SlopeVerts=20082
[+00:54:57.316] VoxelChunk: GenerateAsync (10,-26,2)
[+00:54:57.316] VoxelMesh: Chunk X=10 Y=-26 Z=2 FlatVerts=144 SlopeVerts=462
[+00:54:57.321] VoxelChunk: GenerateAsync (2,-20,0)
[+00:54:57.333] VoxelMesh: Chunk X=0 Y=0 Z=0 FlatVerts=4476 SlopeVerts=5412
[+00:54:57.334] VoxelChunk: GenerateAsync (0,-28,0)
[+00:54:57.337] VoxelMesh: Chunk X=0 Y=0 Z=0 FlatVerts=5646 SlopeVerts=1776
[+00:54:57.338] VoxelChunk: GenerateAsync (8,-30,0)
[+00:54:57.339] VoxelChunk: GenerateAsync (6,-28,4)
[+00:54:57.342] VoxelMesh: Chunk X=0 Y=0 Z=0 FlatVerts=5310 SlopeVerts=1650
[+00:54:57.343] VoxelChunk: GenerateAsync (10,-28,0)
[+00:54:57.352] VoxelMesh: Chunk X=0 Y=0 Z=0 FlatVerts=0 SlopeVerts=396
[+00:54:57.352] VoxelChunk: GenerateAsync (2,-24,4)
[+00:54:57.353] VoxelMesh: Chunk X=2 Y=-24 Z=4 FlatVerts=18 SlopeVerts=1734
[+00:54:57.353] VoxelChunk: GenerateAsync (9,-23,3)
[+00:54:57.353] VoxelChunk: GenerateAsync (5,-25,5)
[+00:54:57.356] VoxelMesh: Chunk X=0 Y=0 Z=0 FlatVerts=7182 SlopeVerts=0
[+00:54:57.357] VoxelChunk: GenerateAsync (9,-21,1)
[+00:54:57.358] VoxelMesh: Chunk X=9 Y=-21 Z=1 FlatVerts=1662 SlopeVerts=402
[+00:54:57.367] VoxelChunk: GenerateAsync (7,-21,3)
[+00:54:57.369] VoxelMesh: Chunk X=0 Y=0 Z=0 FlatVerts=7500 SlopeVerts=858
[+00:54:57.370] VoxelChunk: GenerateAsync (9,-29,1)
[+00:54:57.371] VoxelMesh: Chunk X=9 Y=-29 Z=1 FlatVerts=1746 SlopeVerts=0
[+00:54:57.373] VoxelMesh: Chunk X=0 Y=0 Z=0 FlatVerts=1392 SlopeVerts=17094
[+00:54:57.376] VoxelChunk: GenerateAsync (1,-21,1)
[+00:54:57.377] VoxelMesh: Chunk X=1 Y=-21 Z=1 FlatVerts=1164 SlopeVerts=1416
[+00:54:57.377] VoxelMesh: Chunk X=0 Y=0 Z=0 FlatVerts=150 SlopeVerts=3978
[+00:54:57.379] VoxelChunk: GenerateAsync (7,-29,3)
[+00:54:57.392] VoxelMesh: Chunk X=0 Y=0 Z=0 FlatVerts=48 SlopeVerts=14598
[+00:54:57.393] VoxelChunk: GenerateAsync (3,-21,3)
[+00:54:57.393] VoxelMesh: Chunk X=3 Y=-21 Z=3 FlatVerts=42 SlopeVerts=414
[+00:54:57.396] VoxelMesh: Chunk X=0 Y=0 Z=0 FlatVerts=132 SlopeVerts=28716
[+00:54:57.400] VoxelChunk: GenerateAsync (9,-27,3)
[+00:54:57.401] VoxelMesh: Chunk X=0 Y=0 Z=0 FlatVerts=774 SlopeVerts=3144
[+00:54:57.402] VoxelChunk: GenerateAsync (3,-29,3)
[+00:54:57.405] VoxelMesh: Chunk X=0 Y=0 Z=0 FlatVerts=270 SlopeVerts=21048
[+00:54:57.407] VoxelChunk: GenerateAsync (1,-23,3)
[+00:54:57.420] VoxelMesh: Chunk X=0 Y=0 Z=0 FlatVerts=1776 SlopeVerts=20664
[+00:54:57.422] VoxelChunk: GenerateAsync (1,-29,1)
[+00:54:57.423] VoxelMesh: Chunk X=1 Y=-29 Z=1 FlatVerts=2136 SlopeVerts=180
[+00:54:57.424] VoxelChunk: GenerateAsync (1,-27,3)
[+00:54:57.426] VoxelMesh: Chunk X=1 Y=-27 Z=3 FlatVerts=288 SlopeVerts=4722
[+00:54:57.426] VoxelChunk: GenerateAsync (5,-24,5)
[+00:54:57.427] VoxelChunk: GenerateAsync (6,-25,5)
[+00:54:57.465] VoxelWater: Chunk X=6 Y=-26 Z=1 emitted 152 procedural water vertices (Ocean/Pools)
[+00:54:57.465] VoxelWater: Chunk X=4 Y=-26 Z=1 emitted 448 procedural water vertices (Ocean/Pools)
[+00:54:57.465] VoxelWater: Chunk X=5 Y=-26 Z=1 emitted 432 procedural water vertices (Ocean/Pools)
[+00:54:57.465] VoxelWater: Chunk X=8 Y=-21 Z=1 emitted 8 procedural water vertices (Ocean/Pools)
[+00:54:57.465] VoxelWater: Chunk X=8 Y=-21 Z=2 emitted 12 procedural water vertices (Ocean/Pools)
[+00:54:57.465] VoxelWater: Chunk X=4 Y=-23 Z=2 emitted 236 procedural water vertices (Ocean/Pools)
[+00:54:57.465] VoxelWater: Chunk X=4 Y=-23 Z=3 emitted 20 procedural water vertices (Ocean/Pools)
[+00:54:57.465] VoxelWater: Chunk X=3 Y=-23 Z=3 emitted 36 procedural water vertices (Ocean/Pools)
[+00:54:57.465] VoxelWater: Chunk X=6 Y=-24 Z=1 emitted 84 procedural water vertices (Ocean/Pools)
[+00:54:57.465] VoxelWater: Chunk X=5 Y=-24 Z=1 emitted 88 procedural water vertices (Ocean/Pools)
[+00:54:57.465] VoxelWater: Chunk X=1 Y=-24 Z=1 emitted 60 procedural water vertices (Ocean/Pools)
[+00:54:57.465] VoxelWater: Chunk X=0 Y=-24 Z=1 emitted 4 procedural water vertices (Ocean/Pools)
[+00:54:57.465] VoxelWater: Chunk X=9 Y=-26 Z=1 emitted 88 procedural water vertices (Ocean/Pools)
[+00:54:57.465] VoxelWater: Chunk X=4 Y=-25 Z=1 emitted 144 procedural water vertices (Ocean/Pools)
[+00:54:57.465] VoxelWater: Chunk X=5 Y=-25 Z=1 emitted 12 procedural water vertices (Ocean/Pools)
[+00:54:57.465] VoxelWater: Chunk X=6 Y=-25 Z=1 emitted 16 procedural water vertices (Ocean/Pools)
[+00:54:57.465] VoxelWater: Chunk X=5 Y=-30 Z=1 emitted 32 procedural water vertices (Ocean/Pools)
[+00:54:57.465] VoxelWater: Chunk X=5 Y=-30 Z=2 emitted 20 procedural water vertices (Ocean/Pools)
[+00:54:57.465] VoxelWater: Chunk X=4 Y=-29 Z=1 emitted 56 procedural water vertices (Ocean/Pools)
[+00:54:57.465] VoxelWater: Chunk X=4 Y=-21 Z=1 emitted 40 procedural water vertices (Ocean/Pools)
[+00:54:57.465] VoxelWater: Chunk X=1 Y=-22 Z=1 emitted 92 procedural water vertices (Ocean/Pools)
[+00:54:57.465] VoxelWater: Chunk X=1 Y=-22 Z=2 emitted 20 procedural water vertices (Ocean/Pools)
[+00:54:57.466] VoxelWater: Chunk X=6 Y=-21 Z=1 emitted 32 procedural water vertices (Ocean/Pools)
[+00:54:57.466] VoxelWater: Chunk X=2 Y=-22 Z=2 emitted 32 procedural water vertices (Ocean/Pools)
[+00:54:57.466] VoxelWater: Chunk X=2 Y=-23 Z=2 emitted 48 procedural water vertices (Ocean/Pools)
[+00:54:57.466] VoxelWater: Chunk X=2 Y=-28 Z=2 emitted 160 procedural water vertices (Ocean/Pools)
[+00:54:57.466] VoxelWater: Chunk X=3 Y=-28 Z=2 emitted 128 procedural water vertices (Ocean/Pools)
[+00:54:57.466] VoxelWater: Chunk X=4 Y=-26 Z=2 emitted 16 procedural water vertices (Ocean/Pools)
[+00:54:57.466] VoxelWater: Chunk X=4 Y=-25 Z=2 emitted 360 procedural water vertices (Ocean/Pools)
[+00:54:57.466] VoxelWater: Chunk X=4 Y=-25 Z=3 emitted 156 procedural water vertices (Ocean/Pools)
[+00:54:57.466] VoxelWater: Chunk X=3 Y=-25 Z=3 emitted 4 procedural water vertices (Ocean/Pools)
[+00:54:57.466] VoxelWater: Chunk X=5 Y=-25 Z=2 emitted 448 procedural water vertices (Ocean/Pools)
[+00:54:57.466] VoxelWater: Chunk X=4 Y=-24 Z=2 emitted 324 procedural water vertices (Ocean/Pools)
[+00:54:57.466] VoxelWater: Chunk X=4 Y=-24 Z=3 emitted 80 procedural water vertices (Ocean/Pools)
[+00:54:57.466] VoxelWater: Chunk X=3 Y=-24 Z=3 emitted 72 procedural water vertices (Ocean/Pools)
[+00:54:57.466] VoxelWater: Chunk X=4 Y=-24 Z=1 emitted 136 procedural water vertices (Ocean/Pools)
[+00:54:57.466] VoxelWater: Chunk X=5 Y=-24 Z=2 emitted 148 procedural water vertices (Ocean/Pools)
[+00:54:57.466] VoxelWater: Chunk X=5 Y=-26 Z=2 emitted 8 procedural water vertices (Ocean/Pools)
[+00:54:57.466] VoxelWater: Chunk X=3 Y=-24 Z=2 emitted 60 procedural water vertices (Ocean/Pools)
[+00:54:57.466] VoxelWater: Chunk X=2 Y=-24 Z=3 emitted 64 procedural water vertices (Ocean/Pools)
[+00:54:57.466] VoxelWater: Chunk X=5 Y=-25 Z=3 emitted 140 procedural water vertices (Ocean/Pools)
[+00:54:57.466] VoxelWater: Chunk X=6 Y=-25 Z=2 emitted 60 procedural water vertices (Ocean/Pools)
[+00:54:57.466] VoxelWater: Chunk X=5 Y=-24 Z=3 emitted 20 procedural water vertices (Ocean/Pools)
[+00:54:57.466] VoxelWater: Chunk X=6 Y=-24 Z=3 emitted 144 procedural water vertices (Ocean/Pools)
[+00:54:57.466] VoxelWater: Chunk X=9 Y=-25 Z=1 emitted 56 procedural water vertices (Ocean/Pools)
[+00:54:57.466] VoxelWater: Chunk X=6 Y=-26 Z=2 emitted 60 procedural water vertices (Ocean/Pools)
[+00:54:57.466] VoxelWater: Chunk X=6 Y=-26 Z=3 emitted 16 procedural water vertices (Ocean/Pools)
[+00:54:57.466] VoxelWater: Chunk X=6 Y=-25 Z=3 emitted 376 procedural water vertices (Ocean/Pools)
[+00:54:57.466] VoxelWater: Chunk X=7 Y=-25 Z=3 emitted 88 procedural water vertices (Ocean/Pools)
[+00:54:57.466] VoxelWater: Chunk X=8 Y=-25 Z=3 emitted 24 procedural water vertices (Ocean/Pools)
[+00:54:57.466] VoxelWater: Chunk X=6 Y=-24 Z=2 emitted 168 procedural water vertices (Ocean/Pools)
[+00:54:57.466] VoxelWater: Chunk X=6 Y=-24 Z=4 emitted 20 procedural water vertices (Ocean/Pools)
[+00:54:57.466] VoxelWater: Chunk X=5 Y=-21 Z=1 emitted 12 procedural water vertices (Ocean/Pools)
[+00:54:57.467] VoxelWater: Chunk X=5 Y=-29 Z=1 emitted 20 procedural water vertices (Ocean/Pools)
[+00:54:57.467] VoxelWater: Chunk X=3 Y=-25 Z=2 emitted 16 procedural water vertices (Ocean/Pools)
[+00:54:57.467] VoxelWater: Chunk X=6 Y=-21 Z=2 emitted 132 procedural water vertices (Ocean/Pools)
[+00:54:57.467] VoxelWater: Chunk X=4 Y=-21 Z=2 emitted 160 procedural water vertices (Ocean/Pools)
[+00:54:57.467] VoxelWater: Chunk X=4 Y=-22 Z=2 emitted 36 procedural water vertices (Ocean/Pools)
[+00:54:57.467] VoxelWater: Chunk X=5 Y=-21 Z=2 emitted 80 procedural water vertices (Ocean/Pools)
[+00:54:57.467] VoxelWater: Chunk X=4 Y=-23 Z=1 emitted 12 procedural water vertices (Ocean/Pools)
[+00:54:57.467] VoxelWater: Chunk X=8 Y=-26 Z=2 emitted 24 procedural water vertices (Ocean/Pools)
[+00:54:57.467] VoxelWater: Chunk X=9 Y=-26 Z=2 emitted 68 procedural water vertices (Ocean/Pools)
[+00:54:57.467] VoxelWater: Chunk X=7 Y=-24 Z=1 emitted 16 procedural water vertices (Ocean/Pools)
[+00:54:57.467] VoxelWater: Chunk X=6 Y=-23 Z=1 emitted 40 procedural water vertices (Ocean/Pools)
[+00:54:57.467] VoxelWater: Chunk X=2 Y=-24 Z=2 emitted 8 procedural water vertices (Ocean/Pools)
[+00:54:57.467] VoxelWater: Chunk X=1 Y=-28 Z=2 emitted 68 procedural water vertices (Ocean/Pools)
[+00:54:57.467] VoxelWater: Chunk X=1 Y=-27 Z=2 emitted 52 procedural water vertices (Ocean/Pools)
[+00:54:57.467] VoxelWater: Chunk X=4 Y=-28 Z=1 emitted 44 procedural water vertices (Ocean/Pools)
[+00:54:57.467] VoxelWater: Chunk X=4 Y=-28 Z=2 emitted 52 procedural water vertices (Ocean/Pools)
[+00:54:57.467] VoxelWater: Chunk X=5 Y=-28 Z=2 emitted 56 procedural water vertices (Ocean/Pools)
[+00:54:57.467] VoxelWater: Chunk X=4 Y=-27 Z=1 emitted 108 procedural water vertices (Ocean/Pools)
[+00:54:57.467] VoxelWater: Chunk X=5 Y=-27 Z=1 emitted 264 procedural water vertices (Ocean/Pools)
[+00:54:57.467] VoxelWater: Chunk X=2 Y=-21 Z=1 emitted 12 procedural water vertices (Ocean/Pools)
[+00:54:57.467] VoxelWater: Chunk X=2 Y=-21 Z=2 emitted 124 procedural water vertices (Ocean/Pools)
[+00:54:57.467] VoxelWater: Chunk X=3 Y=-21 Z=2 emitted 164 procedural water vertices (Ocean/Pools)
[+00:54:57.467] VoxelWater: Chunk X=6 Y=-27 Z=1 emitted 304 procedural water vertices (Ocean/Pools)
[+00:54:57.467] VoxelWater: Chunk X=7 Y=-27 Z=1 emitted 244 procedural water vertices (Ocean/Pools)
[+00:54:57.467] VoxelWater: Chunk X=6 Y=-28 Z=1 emitted 112 procedural water vertices (Ocean/Pools)
[+00:54:57.467] VoxelWater: Chunk X=10 Y=-25 Z=2 emitted 16 procedural water vertices (Ocean/Pools)
[+00:54:57.467] VoxelWater: Chunk X=7 Y=-26 Z=1 emitted 260 procedural water vertices (Ocean/Pools)
[+00:54:57.467] VoxelWater: Chunk X=8 Y=-26 Z=1 emitted 96 procedural water vertices (Ocean/Pools)
[+00:54:57.467] VoxelWater: Chunk X=3 Y=-26 Z=1 emitted 112 procedural water vertices (Ocean/Pools)
[+00:54:57.467] VoxelWater: Chunk X=6 Y=-25 Z=4 emitted 28 procedural water vertices (Ocean/Pools)
[+00:54:57.467] VoxelWater: Chunk X=2 Y=-26 Z=2 emitted 104 procedural water vertices (Ocean/Pools)
[+00:54:57.467] VoxelWater: Chunk X=3 Y=-26 Z=2 emitted 172 procedural water vertices (Ocean/Pools)
[+00:54:57.467] VoxelWater: Chunk X=8 Y=-25 Z=1 emitted 24 procedural water vertices (Ocean/Pools)
[+00:54:57.467] VoxelWater: Chunk X=9 Y=-24 Z=1 emitted 32 procedural water vertices (Ocean/Pools)
[+00:54:57.467] VoxelWater: Chunk X=9 Y=-24 Z=2 emitted 156 procedural water vertices (Ocean/Pools)
[+00:54:57.467] VoxelWater: Chunk X=4 Y=-22 Z=3 emitted 112 procedural water vertices (Ocean/Pools)
[+00:54:57.467] VoxelWater: Chunk X=1 Y=-24 Z=2 emitted 64 procedural water vertices (Ocean/Pools)
[+00:54:57.467] VoxelWater: Chunk X=1 Y=-25 Z=2 emitted 4 procedural water vertices (Ocean/Pools)
[+00:54:57.467] VoxelWater: Chunk X=1 Y=-24 Z=3 emitted 4 procedural water vertices (Ocean/Pools)
[+00:54:57.467] VoxelWater: Chunk X=2 Y=-25 Z=3 emitted 52 procedural water vertices (Ocean/Pools)
[+00:54:57.467] VoxelWater: Chunk X=5 Y=-28 Z=1 emitted 288 procedural water vertices (Ocean/Pools)
[+00:54:57.467] VoxelWater: Chunk X=5 Y=-23 Z=1 emitted 168 procedural water vertices (Ocean/Pools)
[+00:54:57.467] VoxelWater: Chunk X=5 Y=-22 Z=1 emitted 32 procedural water vertices (Ocean/Pools)
[+00:54:57.467] VoxelWater: Chunk X=6 Y=-22 Z=1 emitted 92 procedural water vertices (Ocean/Pools)
[+00:54:57.467] VoxelWater: Chunk X=6 Y=-22 Z=2 emitted 16 procedural water vertices (Ocean/Pools)
[+00:54:57.467] VoxelWater: Chunk X=4 Y=-29 Z=2 emitted 32 procedural water vertices (Ocean/Pools)
[+00:54:57.467] VoxelWater: Chunk X=3 Y=-29 Z=2 emitted 12 procedural water vertices (Ocean/Pools)
[+00:54:57.469] VoxelWater: Chunk X=3 Y=-23 Z=1 emitted 8 procedural water vertices (Ocean/Pools)
[+00:54:57.469] VoxelWater: Chunk X=8 Y=-27 Z=1 emitted 144 procedural water vertices (Ocean/Pools)
[+00:54:57.469] VoxelWater: Chunk X=3 Y=-20 Z=1 emitted 16 procedural water vertices (Ocean/Pools)
[+00:54:57.469] VoxelWater: Chunk X=6 Y=-28 Z=2 emitted 16 procedural water vertices (Ocean/Pools)
[+00:54:57.469] VoxelWater: Chunk X=8 Y=-24 Z=2 emitted 12 procedural water vertices (Ocean/Pools)
[+00:54:57.469] VoxelWater: Chunk X=8 Y=-25 Z=2 emitted 28 procedural water vertices (Ocean/Pools)
[+00:54:57.469] VoxelWater: Chunk X=7 Y=-20 Z=1 emitted 24 procedural water vertices (Ocean/Pools)
[+00:54:57.469] VoxelWater: Chunk X=5 Y=-23 Z=2 emitted 48 procedural water vertices (Ocean/Pools)
[+00:54:57.469] VoxelWater: Chunk X=5 Y=-22 Z=2 emitted 104 procedural water vertices (Ocean/Pools)
[+00:54:57.469] VoxelWater: Chunk X=5 Y=-27 Z=2 emitted 64 procedural water vertices (Ocean/Pools)
[+00:54:57.469] VoxelWater: Chunk X=6 Y=-27 Z=2 emitted 12 procedural water vertices (Ocean/Pools)
[+00:54:57.469] VoxelWater: Chunk X=3 Y=-23 Z=2 emitted 164 procedural water vertices (Ocean/Pools)
[+00:54:57.469] VoxelWater: Chunk X=7 Y=-24 Z=2 emitted 12 procedural water vertices (Ocean/Pools)
[+00:54:57.469] VoxelWater: Chunk X=7 Y=-26 Z=2 emitted 40 procedural water vertices (Ocean/Pools)
[+00:54:57.469] VoxelWater: Chunk X=10 Y=-23 Z=1 emitted 28 procedural water vertices (Ocean/Pools)
[+00:54:57.469] VoxelWater: Chunk X=8 Y=-24 Z=1 emitted 12 procedural water vertices (Ocean/Pools)
[+00:54:57.469] VoxelWater: Chunk X=3 Y=-30 Z=1 emitted 20 procedural water vertices (Ocean/Pools)
[+00:54:57.469] VoxelWater: Chunk X=4 Y=-30 Z=1 emitted 4 procedural water vertices (Ocean/Pools)
[+00:54:57.469] VoxelWater: Chunk X=2 Y=-24 Z=1 emitted 4 procedural water vertices (Ocean/Pools)
[+00:54:57.469] VoxelWater: Chunk X=4 Y=-27 Z=2 emitted 72 procedural water vertices (Ocean/Pools)
[+00:54:57.469] VoxelWater: Chunk X=7 Y=-28 Z=1 emitted 8 procedural water vertices (Ocean/Pools)
[+00:54:57.469] VoxelWater: Chunk X=9 Y=-27 Z=1 emitted 112 procedural water vertices (Ocean/Pools)
[+00:54:57.469] VoxelWater: Chunk X=3 Y=-28 Z=1 emitted 4 procedural water vertices (Ocean/Pools)
[+00:54:57.469] VoxelWater: Chunk X=7 Y=-24 Z=4 emitted 28 procedural water vertices (Ocean/Pools)
[+00:54:57.469] VoxelWater: Chunk X=2 Y=-23 Z=1 emitted 36 procedural water vertices (Ocean/Pools)
[+00:54:57.469] VoxelWater: Chunk X=8 Y=-23 Z=1 emitted 48 procedural water vertices (Ocean/Pools)
[+00:54:57.469] VoxelWater: Chunk X=7 Y=-22 Z=1 emitted 48 procedural water vertices (Ocean/Pools)
[+00:54:57.469] VoxelWater: Chunk X=3 Y=-27 Z=1 emitted 4 procedural water vertices (Ocean/Pools)
[+00:54:57.469] VoxelWater: Chunk X=3 Y=-27 Z=2 emitted 232 procedural water vertices (Ocean/Pools)
[+00:54:57.469] VoxelWater: Chunk X=7 Y=-24 Z=3 emitted 48 procedural water vertices (Ocean/Pools)
[+00:54:57.469] VoxelWater: Chunk X=3 Y=-26 Z=3 emitted 24 procedural water vertices (Ocean/Pools)
[+00:54:57.469] VoxelWater: Chunk X=6 Y=-29 Z=1 emitted 92 procedural water vertices (Ocean/Pools)
[+00:54:57.469] VoxelWater: Chunk X=8 Y=-23 Z=2 emitted 24 procedural water vertices (Ocean/Pools)
[+00:54:57.469] VoxelWater: Chunk X=3 Y=-22 Z=2 emitted 100 procedural water vertices (Ocean/Pools)
[+00:54:57.469] VoxelWater: Chunk X=8 Y=-28 Z=1 emitted 44 procedural water vertices (Ocean/Pools)
[+00:54:57.469] VoxelWater: Chunk X=9 Y=-28 Z=1 emitted 28 procedural water vertices (Ocean/Pools)
[+00:54:57.469] VoxelWater: Chunk X=2 Y=-28 Z=1 emitted 16 procedural water vertices (Ocean/Pools)
[+00:54:57.469] VoxelWater: Chunk X=8 Y=-22 Z=1 emitted 28 procedural water vertices (Ocean/Pools)
[+00:54:57.469] VoxelWater: Chunk X=2 Y=-27 Z=2 emitted 44 procedural water vertices (Ocean/Pools)
[+00:54:57.469] VoxelWater: Chunk X=3 Y=-21 Z=1 emitted 12 procedural water vertices (Ocean/Pools)
[+00:54:57.469] VoxelWater: Chunk X=9 Y=-23 Z=1 emitted 48 procedural water vertices (Ocean/Pools)
[+00:54:57.469] VoxelWater: Chunk X=1 Y=-23 Z=1 emitted 64 procedural water vertices (Ocean/Pools)
[+00:54:57.469] VoxelWater: Chunk X=3 Y=-27 Z=3 emitted 120 procedural water vertices (Ocean/Pools)
[+00:54:57.469] VoxelWater: Chunk X=2 Y=-27 Z=3 emitted 100 procedural water vertices (Ocean/Pools)
[+00:54:57.469] VoxelWater: Chunk X=7 Y=-21 Z=1 emitted 52 procedural water vertices (Ocean/Pools)
[+00:54:57.469] VoxelWater: Chunk X=3 Y=-29 Z=1 emitted 104 procedural water vertices (Ocean/Pools)
[+00:54:57.469] VoxelWater: Chunk X=2 Y=-29 Z=1 emitted 80 procedural water vertices (Ocean/Pools)
[+00:54:57.469] VoxelWater: Chunk X=7 Y=-29 Z=1 emitted 64 procedural water vertices (Ocean/Pools)
[+00:54:57.469] VoxelWater: Chunk X=9 Y=-25 Z=2 emitted 284 procedural water vertices (Ocean/Pools)
[+00:54:57.469] VoxelWater: Chunk X=3 Y=-22 Z=3 emitted 76 procedural water vertices (Ocean/Pools)
[+00:54:57.470] VoxelWater: Chunk X=7 Y=-21 Z=2 emitted 20 procedural water vertices (Ocean/Pools)
[+00:54:57.470] VoxelWater: Chunk X=5 Y=-20 Z=1 emitted 32 procedural water vertices (Ocean/Pools)
[+00:54:57.470] VoxelWater: Chunk X=10 Y=-25 Z=1 emitted 28 procedural water vertices (Ocean/Pools)
[+00:54:57.470] VoxelWater: Chunk X=2 Y=-23 Z=3 emitted 16 procedural water vertices (Ocean/Pools)
[+00:54:57.470] VoxelWater: Chunk X=7 Y=-25 Z=4 emitted 64 procedural water vertices (Ocean/Pools)
[+00:54:57.470] VoxelWater: Chunk X=1 Y=-28 Z=1 emitted 28 procedural water vertices (Ocean/Pools)
[+00:54:57.470] VoxelWater: Chunk X=9 Y=-22 Z=1 emitted 76 procedural water vertices (Ocean/Pools)
[+00:54:57.470] VoxelWater: Chunk X=8 Y=-29 Z=1 emitted 44 procedural water vertices (Ocean/Pools)
[+00:54:57.470] VoxelWater: Chunk X=10 Y=-26 Z=1 emitted 108 procedural water vertices (Ocean/Pools)
[+00:54:57.470] VoxelWater: Chunk X=4 Y=-20 Z=1 emitted 76 procedural water vertices (Ocean/Pools)
[+00:54:57.470] VoxelWater: Chunk X=10 Y=-24 Z=1 emitted 48 procedural water vertices (Ocean/Pools)
[+00:54:57.470] VoxelWater: Chunk X=6 Y=-30 Z=1 emitted 96 procedural water vertices (Ocean/Pools)
[+00:54:57.470] VoxelWater: Chunk X=0 Y=-25 Z=2 emitted 16 procedural water vertices (Ocean/Pools)
[+00:54:57.470] VoxelWater: Chunk X=5 Y=-20 Z=2 emitted 8 procedural water vertices (Ocean/Pools)
[+00:54:57.471] VoxelWater: Chunk X=2 Y=-25 Z=4 emitted 28 procedural water vertices (Ocean/Pools)
[+00:54:57.471] VoxelWater: Chunk X=4 Y=-30 Z=2 emitted 36 procedural water vertices (Ocean/Pools)
[+00:54:57.471] VoxelWater: Chunk X=6 Y=-20 Z=2 emitted 60 procedural water vertices (Ocean/Pools)
[+00:54:57.471] VoxelWater: Chunk X=10 Y=-24 Z=2 emitted 28 procedural water vertices (Ocean/Pools)
[+00:54:57.471] VoxelWater: Chunk X=0 Y=-24 Z=2 emitted 12 procedural water vertices (Ocean/Pools)
[+00:54:57.471] VoxelWater: Chunk X=10 Y=-26 Z=2 emitted 4 procedural water vertices (Ocean/Pools)
[+00:54:57.471] VoxelWater: Chunk X=2 Y=-24 Z=4 emitted 12 procedural water vertices (Ocean/Pools)
[+00:54:57.471] VoxelWater: Chunk X=9 Y=-21 Z=1 emitted 24 procedural water vertices (Ocean/Pools)
[+00:54:57.471] VoxelWater: Chunk X=1 Y=-21 Z=1 emitted 32 procedural water vertices (Ocean/Pools)
[+00:54:57.471] VoxelWater: Chunk X=1 Y=-29 Z=1 emitted 12 procedural water vertices (Ocean/Pools)
[+00:54:57.471] VoxelWater: Chunk X=1 Y=-27 Z=3 emitted 108 procedural water vertices (Ocean/Pools)
[+00:54:57.485] VoxelChunk: GenerateAsync (4,-24,1)
[+00:54:57.485] VoxelChunk: GenerateAsync (6,-26,1)
[+00:54:57.485] VoxelChunk: GenerateAsync (3,-24,0)
[+00:54:57.485] VoxelChunk: GenerateAsync (6,-23,0)
[+00:54:57.485] VoxelChunk: GenerateAsync (8,-25,4)
[+00:54:57.485] VoxelChunk: GenerateAsync (4,-23,0)
[+00:54:57.485] VoxelChunk: GenerateAsync (4,-26,1)
[+00:54:57.485] VoxelChunk: GenerateAsync (7,-24,0)
[+00:54:57.485] VoxelChunk: GenerateAsync (7,-25,0)
[+00:54:57.485] VoxelChunk: GenerateAsync (5,-23,0)
[+00:54:57.485] VoxelChunk: GenerateAsync (2,-22,3)
[+00:54:57.485] VoxelChunk: GenerateAsync (8,-21,2)
[+00:54:57.485] VoxelMesh: Chunk X=6 Y=-26 Z=1 FlatVerts=96 SlopeVerts=36
[+00:54:57.485] VoxelChunk: GenerateAsync (4,-30,0)
[+00:54:57.485] VoxelChunk: GenerateAsync (5,-24,1)
[+00:54:57.485] VoxelChunk: GenerateAsync (5,-26,1)
[+00:54:57.485] VoxelChunk: GenerateAsync (3,-29,0)
[+00:54:57.485] VoxelChunk: GenerateAsync (4,-25,1)
[+00:54:57.485] VoxelChunk: GenerateAsync (1,-23,0)
[+00:54:57.485] VoxelChunk: GenerateAsync (6,-25,1)
[+00:54:57.485] VoxelChunk: GenerateAsync (5,-30,2)
[+00:54:57.485] VoxelChunk: GenerateAsync (9,-28,2)
[+00:54:57.485] VoxelChunk: GenerateAsync (1,-22,2)
[+00:54:57.485] VoxelChunk: GenerateAsync (5,-25,1)
[+00:54:57.485] VoxelChunk: GenerateAsync (1,-27,0)
[+00:54:57.485] VoxelChunk: GenerateAsync (6,-24,0)
[+00:54:57.485] VoxelChunk: GenerateAsync (6,-22,0)
[+00:54:57.485] VoxelChunk: GenerateAsync (8,-26,0)
[+00:54:57.485] VoxelChunk: GenerateAsync (5,-28,0)
[+00:54:57.485] VoxelChunk: GenerateAsync (8,-25,0)
[+00:54:57.485] VoxelChunk: GenerateAsync (5,-22,0)
[+00:54:57.485] VoxelMesh: Chunk X=2 Y=-22 Z=3 FlatVerts=0 SlopeVerts=30
[+00:54:57.485] VoxelChunk: GenerateAsync (2,-25,0)
[+00:54:57.485] VoxelMesh: Chunk X=4 Y=-26 Z=1 FlatVerts=120 SlopeVerts=12
[+00:54:57.485] VoxelChunk: GenerateAsync (0,-26,0)
[+00:54:57.485] VoxelChunk: GenerateAsync (2,-22,0)
[+00:54:57.485] VoxelChunk: GenerateAsync (8,-28,0)
[+00:54:57.485] VoxelMesh: Chunk X=8 Y=-25 Z=4 FlatVerts=0 SlopeVerts=6
[+00:54:57.485] VoxelChunk: GenerateAsync (4,-23,1)
[+00:54:57.485] VoxelChunk: GenerateAsync (8,-28,3)
[+00:54:57.485] VoxelChunk: GenerateAsync (8,-22,3)
[+00:54:57.485] VoxelChunk: GenerateAsync (3,-24,1)
[+00:54:57.485] VoxelChunk: GenerateAsync (1,-28,2)
[+00:54:57.485] VoxelMesh: Chunk X=8 Y=-21 Z=2 FlatVerts=0 SlopeVerts=48
[+00:54:57.485] VoxelChunk: GenerateAsync (7,-27,0)
[+00:54:57.485] VoxelChunk: GenerateAsync (4,-27,1)
[+00:54:57.485] VoxelChunk: GenerateAsync (2,-21,2)
[+00:54:57.485] VoxelChunk: GenerateAsync (3,-27,0)
[+00:54:57.485] VoxelChunk: GenerateAsync (3,-23,0)
[+00:54:57.485] VoxelChunk: GenerateAsync (6,-27,1)
[+00:54:57.485] VoxelMesh: Chunk X=5 Y=-26 Z=1 FlatVerts=180 SlopeVerts=12
[+00:54:57.485] VoxelMesh: Chunk X=5 Y=-24 Z=1 FlatVerts=6 SlopeVerts=78
[+00:54:57.485] VoxelChunk: GenerateAsync (10,-25,2)
[+00:54:57.485] VoxelChunk: GenerateAsync (7,-23,0)
[+00:54:57.485] VoxelChunk: GenerateAsync (8,-29,2)
[+00:54:57.485] VoxelChunk: GenerateAsync (5,-30,0)
[+00:54:57.485] VoxelChunk: GenerateAsync (4,-29,3)
[+00:54:57.485] VoxelChunk: GenerateAsync (7,-26,1)
[+00:54:57.485] VoxelChunk: GenerateAsync (3,-26,1)
[+00:54:57.485] VoxelChunk: GenerateAsync (9,-26,3)
[+00:54:57.485] VoxelChunk: GenerateAsync (1,-29,0)
[+00:54:57.485] VoxelChunk: GenerateAsync (6,-21,3)
[+00:54:57.485] VoxelChunk: GenerateAsync (3,-25,1)
[+00:54:57.485] VoxelChunk: GenerateAsync (7,-25,1)
[+00:54:57.485] VoxelChunk: GenerateAsync (3,-27,4)
[+00:54:57.485] VoxelChunk: GenerateAsync (6,-24,1)
[+00:54:57.485] VoxelChunk: GenerateAsync (7,-23,4)
[+00:54:57.485] VoxelChunk: GenerateAsync (1,-21,0)
[+00:54:57.485] VoxelChunk: GenerateAsync (4,-21,3)
[+00:54:57.485] VoxelChunk: GenerateAsync (7,-26,0)
[+00:54:57.485] VoxelChunk: GenerateAsync (6,-27,0)
[+00:54:57.485] VoxelMesh: Chunk X=4 Y=-25 Z=1 FlatVerts=6 SlopeVerts=30
[+00:54:57.485] VoxelChunk: GenerateAsync (5,-27,1)
[+00:54:57.485] VoxelMesh: Chunk X=5 Y=-30 Z=2 FlatVerts=24 SlopeVerts=6
[+00:54:57.485] VoxelChunk: GenerateAsync (5,-23,1)
[+00:54:57.485] VoxelChunk: GenerateAsync (1,-26,3)
[+00:54:57.485] VoxelMesh: Chunk X=1 Y=-22 Z=2 FlatVerts=6 SlopeVerts=12
[+00:54:57.485] VoxelChunk: GenerateAsync (4,-22,0)
[+00:54:57.485] VoxelChunk: GenerateAsync (8,-24,0)
[+00:54:57.485] VoxelChunk: GenerateAsync (2,-24,0)
[+00:54:57.485] VoxelChunk: GenerateAsync (4,-28,0)
[+00:54:57.485] VoxelChunk: GenerateAsync (6,-28,0)
[+00:54:57.485] VoxelChunk: GenerateAsync (2,-26,0)
[+00:54:57.485] VoxelChunk: GenerateAsync (9,-24,3)
[+00:54:57.485] VoxelChunk: GenerateAsync (3,-27,1)
[+00:54:57.486] VoxelChunk: GenerateAsync (0,-27,1)
[+00:54:57.486] VoxelMesh: Chunk X=6 Y=-25 Z=1 FlatVerts=0 SlopeVerts=0
[+00:54:57.486] VoxelMesh: Chunk X=5 Y=-25 Z=1 FlatVerts=24 SlopeVerts=30
[+00:54:57.486] VoxelChunk: GenerateAsync (3,-20,1)
[+00:54:57.486] VoxelChunk: GenerateAsync (1,-24,3)
[+00:54:57.486] VoxelChunk: GenerateAsync (9,-21,0)
[+00:54:57.486] VoxelChunk: GenerateAsync (5,-28,1)
[+00:54:57.486] VoxelChunk: GenerateAsync (7,-27,4)
[+00:54:57.486] VoxelChunk: GenerateAsync (2,-28,0)
[+00:54:57.486] VoxelChunk: GenerateAsync (2,-29,0)
[+00:54:57.486] VoxelChunk: GenerateAsync (2,-25,1)
[+00:54:57.486] VoxelChunk: GenerateAsync (4,-29,0)
[+00:54:57.486] VoxelChunk: GenerateAsync (1,-26,0)
[+00:54:57.486] VoxelChunk: GenerateAsync (9,-26,0)
[+00:54:57.486] VoxelChunk: GenerateAsync (10,-27,1)
[+00:54:57.486] VoxelChunk: GenerateAsync (7,-20,1)
[+00:54:57.486] VoxelChunk: GenerateAsync (0,-25,0)
[+00:54:57.486] VoxelChunk: GenerateAsync (0,-23,1)
[+00:54:57.486] VoxelChunk: GenerateAsync (3,-28,0)
[+00:54:57.486] VoxelChunk: GenerateAsync (8,-23,0)
[+00:54:57.486] VoxelChunk: GenerateAsync (8,-27,0)
[+00:54:57.486] VoxelChunk: GenerateAsync (3,-22,0)
[+00:54:57.486] VoxelChunk: GenerateAsync (1,-28,0)
[+00:54:57.486] VoxelChunk: GenerateAsync (7,-22,0)
[+00:54:57.486] VoxelChunk: GenerateAsync (2,-23,0)
[+00:54:57.486] VoxelMesh: Chunk X=8 Y=-28 Z=0 FlatVerts=12 SlopeVerts=0
[+00:54:57.486] VoxelChunk: GenerateAsync (4,-28,1)
[+00:54:57.486] VoxelChunk: GenerateAsync (7,-28,0)
[+00:54:57.486] VoxelChunk: GenerateAsync (6,-29,3)
[+00:54:57.486] VoxelChunk: GenerateAsync (2,-27,0)
[+00:54:57.486] VoxelChunk: GenerateAsync (9,-29,0)
[+00:54:57.486] VoxelChunk: GenerateAsync (10,-23,1)
[+00:54:57.486] VoxelChunk: GenerateAsync (2,-26,1)
[+00:54:57.486] VoxelChunk: GenerateAsync (3,-23,4)
[+00:54:57.486] VoxelChunk: GenerateAsync (7,-30,1)
[+00:54:57.486] VoxelMesh: Chunk X=4 Y=-23 Z=1 FlatVerts=0 SlopeVerts=18
[+00:54:57.487] VoxelChunk: GenerateAsync (3,-30,1)
[+00:54:57.487] VoxelChunk: GenerateAsync (5,-29,3)
[+00:54:57.487] VoxelChunk: GenerateAsync (5,-21,3)
[+00:54:57.487] VoxelChunk: GenerateAsync (1,-25,3)
[+00:54:57.487] VoxelChunk: GenerateAsync (9,-25,3)
[+00:54:57.487] VoxelChunk: GenerateAsync (7,-24,4)
[+00:54:57.487] VoxelChunk: GenerateAsync (6,-27,4)
[+00:54:57.487] VoxelChunk: GenerateAsync (5,-29,0)
[+00:54:57.487] VoxelChunk: GenerateAsync (3,-20,0)
[+00:54:57.487] VoxelChunk: GenerateAsync (3,-30,0)
[+00:54:57.487] VoxelChunk: GenerateAsync (10,-27,0)
[+00:54:57.487] VoxelChunk: GenerateAsync (9,-25,0)
[+00:54:57.487] VoxelChunk: GenerateAsync (5,-21,0)
[+00:54:57.487] VoxelChunk: GenerateAsync (1,-25,0)
[+00:54:57.487] VoxelChunk: GenerateAsync (6,-29,0)
[+00:54:57.487] VoxelChunk: GenerateAsync (4,-21,0)
[+00:54:57.487] VoxelChunk: GenerateAsync (1,-24,0)
[+00:54:57.487] VoxelChunk: GenerateAsync (7,-29,0)
[+00:54:57.487] VoxelMesh: Chunk X=1 Y=-28 Z=2 FlatVerts=60 SlopeVerts=132
[+00:54:57.487] VoxelChunk: GenerateAsync (4,-30,1)
[+00:54:57.487] VoxelMesh: Chunk X=4 Y=-27 Z=1 FlatVerts=6 SlopeVerts=36
[+00:54:57.487] VoxelChunk: GenerateAsync (6,-23,4)
[+00:54:57.487] VoxelChunk: GenerateAsync (10,-23,0)
[+00:54:57.487] VoxelChunk: GenerateAsync (7,-20,0)
[+00:54:57.487] VoxelMesh: Chunk X=2 Y=-21 Z=2 FlatVerts=132 SlopeVerts=102
[+00:54:57.487] VoxelChunk: GenerateAsync (2,-28,3)
[+00:54:57.487] VoxelMesh: Chunk X=3 Y=-24 Z=1 FlatVerts=0 SlopeVerts=0
[+00:54:57.487] VoxelChunk: GenerateAsync (0,-25,2)
[+00:54:57.487] VoxelChunk: GenerateAsync (5,-28,4)
[+00:54:57.487] VoxelMesh: Chunk X=6 Y=-27 Z=1 FlatVerts=156 SlopeVerts=0
[+00:54:57.487] VoxelChunk: GenerateAsync (2,-29,2)
[+00:54:57.487] VoxelChunk: GenerateAsync (9,-22,2)
[+00:54:57.487] VoxelChunk: GenerateAsync (5,-20,2)
[+00:54:57.487] VoxelMesh: Chunk X=10 Y=-25 Z=2 FlatVerts=96 SlopeVerts=0
[+00:54:57.487] VoxelChunk: GenerateAsync (2,-25,4)
[+00:54:57.487] VoxelChunk: GenerateAsync (5,-22,4)
[+00:54:57.487] VoxelChunk: GenerateAsync (4,-20,2)
[+00:54:57.487] VoxelChunk: GenerateAsync (2,-26,4)
[+00:54:57.487] VoxelChunk: GenerateAsync (4,-22,4)
[+00:54:57.487] VoxelChunk: GenerateAsync (6,-22,4)
[+00:54:57.487] VoxelMesh: Chunk X=4 Y=-24 Z=1 FlatVerts=0 SlopeVerts=12
[+00:54:57.487] VoxelChunk: GenerateAsync (4,-30,2)
[+00:54:57.487] VoxelChunk: GenerateAsync (6,-30,2)
[+00:54:57.487] VoxelChunk: GenerateAsync (0,-22,0)
[+00:54:57.487] VoxelChunk: GenerateAsync (10,-22,0)
[+00:54:57.487] VoxelMesh: Chunk X=9 Y=-26 Z=3 FlatVerts=0 SlopeVerts=0
[+00:54:57.487] VoxelMesh: Chunk X=7 Y=-26 Z=1 FlatVerts=78 SlopeVerts=54
[+00:54:57.487] VoxelChunk: GenerateAsync (6,-20,2)
[+00:54:57.487] VoxelChunk: GenerateAsync (2,-30,0)
[+00:54:57.487] VoxelChunk: GenerateAsync (10,-24,2)
[+00:54:57.487] VoxelChunk: GenerateAsync (8,-20,0)
[+00:54:57.487] VoxelChunk: GenerateAsync (4,-28,4)
[+00:54:57.487] VoxelChunk: GenerateAsync (0,-24,2)
[+00:54:57.487] VoxelChunk: GenerateAsync (8,-26,4)
[+00:54:57.487] VoxelChunk: GenerateAsync (8,-24,4)
[+00:54:57.487] VoxelChunk: GenerateAsync (0,-26,2)
[+00:54:57.487] VoxelChunk: GenerateAsync (10,-26,2)
[+00:54:57.487] VoxelChunk: GenerateAsync (2,-20,0)
[+00:54:57.487] VoxelChunk: GenerateAsync (0,-28,0)
[+00:54:57.487] VoxelChunk: GenerateAsync (8,-30,0)
[+00:54:57.487] VoxelChunk: GenerateAsync (6,-28,4)
[+00:54:57.487] VoxelChunk: GenerateAsync (10,-28,0)
[+00:54:57.487] VoxelChunk: GenerateAsync (2,-24,4)
[+00:54:57.487] VoxelChunk: GenerateAsync (9,-23,3)
[+00:54:57.487] VoxelChunk: GenerateAsync (5,-25,5)
[+00:54:57.487] VoxelMesh: Chunk X=4 Y=-21 Z=3 FlatVerts=0 SlopeVerts=0
[+00:54:57.488] VoxelMesh: Chunk X=6 Y=-24 Z=1 FlatVerts=6 SlopeVerts=66
[+00:54:57.488] VoxelChunk: GenerateAsync (9,-21,1)
[+00:54:57.488] VoxelChunk: GenerateAsync (7,-21,3)
[+00:54:57.488] VoxelMesh: Chunk X=3 Y=-25 Z=1 FlatVerts=0 SlopeVerts=0
[+00:54:57.488] VoxelChunk: GenerateAsync (9,-29,1)
[+00:54:57.488] VoxelMesh: Chunk X=5 Y=-27 Z=1 FlatVerts=108 SlopeVerts=0
[+00:54:57.488] VoxelChunk: GenerateAsync (1,-21,1)
[+00:54:57.488] VoxelChunk: GenerateAsync (7,-29,3)
[+00:54:57.488] VoxelMesh: Chunk X=5 Y=-23 Z=1 FlatVerts=78 SlopeVerts=54
[+00:54:57.488] VoxelChunk: GenerateAsync (3,-21,3)
[+00:54:57.488] VoxelChunk: GenerateAsync (9,-27,3)
[+00:54:57.488] VoxelMesh: Chunk X=3 Y=-26 Z=1 FlatVerts=6 SlopeVerts=24
[+00:54:57.488] VoxelMesh: Chunk X=1 Y=-26 Z=3 FlatVerts=36 SlopeVerts=36
[+00:54:57.488] VoxelChunk: GenerateAsync (3,-29,3)
[+00:54:57.488] VoxelChunk: GenerateAsync (1,-23,3)
[+00:54:57.488] VoxelChunk: GenerateAsync (1,-29,1)
[+00:54:57.488] VoxelChunk: GenerateAsync (1,-27,3)
[+00:54:57.488] VoxelChunk: GenerateAsync (5,-24,5)
[+00:54:57.488] VoxelChunk: GenerateAsync (6,-25,5)
[+00:54:57.488] VoxelMesh: Chunk X=9 Y=-24 Z=3 FlatVerts=0 SlopeVerts=0
[+00:54:57.488] VoxelMesh: Chunk X=7 Y=-25 Z=1 FlatVerts=0 SlopeVerts=0
[+00:54:57.488] VoxelMesh: Chunk X=3 Y=-27 Z=1 FlatVerts=0 SlopeVerts=0
[+00:54:57.488] VoxelMesh: Chunk X=1 Y=-24 Z=3 FlatVerts=0 SlopeVerts=48
[+00:54:57.488] VoxelMesh: Chunk X=3 Y=-20 Z=1 FlatVerts=102 SlopeVerts=12
[+00:54:57.488] VoxelMesh: Chunk X=5 Y=-28 Z=1 FlatVerts=102 SlopeVerts=0
[+00:54:57.489] VoxelMesh: Chunk X=0 Y=-27 Z=1 FlatVerts=0 SlopeVerts=0
[+00:54:57.489] VoxelMesh: Chunk X=10 Y=-27 Z=1 FlatVerts=126 SlopeVerts=0
[+00:54:57.489] VoxelMesh: Chunk X=7 Y=-20 Z=1 FlatVerts=12 SlopeVerts=54
[+00:54:57.489] VoxelMesh: Chunk X=0 Y=-23 Z=1 FlatVerts=138 SlopeVerts=0
[+00:54:57.489] VoxelMesh: Chunk X=8 Y=-27 Z=0 FlatVerts=6 SlopeVerts=0
[+00:54:57.489] VoxelMesh: Chunk X=4 Y=-28 Z=1 FlatVerts=72 SlopeVerts=0
[+00:54:57.489] VoxelMesh: Chunk X=10 Y=-23 Z=1 FlatVerts=162 SlopeVerts=0
[+00:54:57.489] VoxelMesh: Chunk X=9 Y=-29 Z=0 FlatVerts=78 SlopeVerts=0
[+00:54:57.489] VoxelMesh: Chunk X=7 Y=-30 Z=1 FlatVerts=168 SlopeVerts=0
[+00:54:57.489] VoxelMesh: Chunk X=3 Y=-23 Z=4 FlatVerts=0 SlopeVerts=6
[+00:54:57.489] VoxelMesh: Chunk X=3 Y=-30 Z=1 FlatVerts=132 SlopeVerts=0
[+00:54:57.490] VoxelMesh: Chunk X=5 Y=-21 Z=3 FlatVerts=0 SlopeVerts=0
[+00:54:57.490] VoxelMesh: Chunk X=1 Y=-25 Z=3 FlatVerts=90 SlopeVerts=90
[+00:54:57.490] VoxelMesh: Chunk X=9 Y=-25 Z=3 FlatVerts=0 SlopeVerts=0
[+00:54:57.490] VoxelMesh: Chunk X=7 Y=-24 Z=4 FlatVerts=60 SlopeVerts=66
[+00:54:57.490] VoxelMesh: Chunk X=2 Y=-26 Z=1 FlatVerts=0 SlopeVerts=6
[+00:54:57.490] VoxelMesh: Chunk X=7 Y=-29 Z=0 FlatVerts=0 SlopeVerts=0
[+00:54:57.490] VoxelChunk: GenerateAsync (5,-26,5)
[+00:54:57.490] VoxelMesh: Chunk X=4 Y=-30 Z=1 FlatVerts=90 SlopeVerts=12
[+00:54:57.490] VoxelMesh: Chunk X=2 Y=-28 Z=3 FlatVerts=6 SlopeVerts=12
[+00:54:57.490] VoxelMesh: Chunk X=2 Y=-29 Z=2 FlatVerts=12 SlopeVerts=6
[+00:54:57.490] VoxelMesh: Chunk X=9 Y=-22 Z=2 FlatVerts=0 SlopeVerts=0
[+00:54:57.491] VoxelMesh: Chunk X=0 Y=-25 Z=2 FlatVerts=0 SlopeVerts=198
[+00:54:57.491] VoxelMesh: Chunk X=5 Y=-20 Z=2 FlatVerts=18 SlopeVerts=102
[+00:54:57.491] VoxelMesh: Chunk X=4 Y=-22 Z=4 FlatVerts=0 SlopeVerts=24
[+00:54:57.491] VoxelMesh: Chunk X=4 Y=-20 Z=2 FlatVerts=0 SlopeVerts=0
[+00:54:57.491] VoxelMesh: Chunk X=2 Y=-26 Z=4 FlatVerts=18 SlopeVerts=30
[+00:54:57.491] VoxelMesh: Chunk X=6 Y=-30 Z=2 FlatVerts=0 SlopeVerts=0
[+00:54:57.491] VoxelMesh: Chunk X=10 Y=-24 Z=2 FlatVerts=72 SlopeVerts=6
[+00:54:57.491] VoxelMesh: Chunk X=6 Y=-20 Z=2 FlatVerts=60 SlopeVerts=216
[+00:54:57.491] VoxelMesh: Chunk X=4 Y=-30 Z=2 FlatVerts=102 SlopeVerts=60
[+00:54:57.491] VoxelMesh: Chunk X=8 Y=-24 Z=4 FlatVerts=0 SlopeVerts=18
[+00:54:57.491] VoxelMesh: Chunk X=0 Y=-26 Z=2 FlatVerts=0 SlopeVerts=66
[+00:54:57.491] VoxelMesh: Chunk X=2 Y=-25 Z=4 FlatVerts=72 SlopeVerts=90
[+00:54:57.491] VoxelMesh: Chunk X=8 Y=-30 Z=0 FlatVerts=66 SlopeVerts=12
[+00:54:57.492] VoxelMesh: Chunk X=2 Y=-24 Z=4 FlatVerts=30 SlopeVerts=48
[+00:54:57.492] VoxelMesh: Chunk X=7 Y=-21 Z=3 FlatVerts=0 SlopeVerts=0
[+00:54:57.492] VoxelMesh: Chunk X=10 Y=-26 Z=2 FlatVerts=36 SlopeVerts=12
[+00:54:57.492] VoxelMesh: Chunk X=9 Y=-29 Z=1 FlatVerts=150 SlopeVerts=0
[+00:54:57.492] VoxelMesh: Chunk X=0 Y=-24 Z=2 FlatVerts=0 SlopeVerts=36
[+00:54:57.492] VoxelMesh: Chunk X=1 Y=-21 Z=1 FlatVerts=132 SlopeVerts=12
[+00:54:57.492] VoxelMesh: Chunk X=3 Y=-21 Z=3 FlatVerts=12 SlopeVerts=36
[+00:54:57.492] VoxelMesh: Chunk X=1 Y=-29 Z=1 FlatVerts=114 SlopeVerts=0
[+00:54:57.492] VoxelMesh: Chunk X=1 Y=-27 Z=3 FlatVerts=18 SlopeVerts=216
[+00:54:57.492] VoxelMesh: Chunk X=8 Y=-26 Z=4 FlatVerts=0 SlopeVerts=0
[+00:54:57.492] VoxelChunk: GenerateAsync (4,-25,5)
[+00:54:57.493] VoxelMesh: Chunk X=9 Y=-21 Z=1 FlatVerts=132 SlopeVerts=18
[+00:54:57.495] VoxelMesh: Chunk X=0 Y=0 Z=0 FlatVerts=72 SlopeVerts=1632
[+00:54:57.496] VoxelChunk: GenerateAsync (2,-23,4)
[+00:54:57.499] VoxelMesh: Chunk X=0 Y=0 Z=0 FlatVerts=4902 SlopeVerts=12180
[+00:54:57.502] VoxelChunk: GenerateAsync (0,-28,1)
[+00:54:57.503] VoxelMesh: Chunk X=0 Y=-28 Z=1 FlatVerts=432 SlopeVerts=780
[+00:54:57.528] VoxelMesh: Chunk X=0 Y=0 Z=0 FlatVerts=6144 SlopeVerts=7578
[+00:54:57.530] VoxelChunk: GenerateAsync (10,-28,1)
[+00:54:57.533] VoxelMesh: Chunk X=10 Y=-28 Z=1 FlatVerts=1896 SlopeVerts=0
[+00:54:57.535] VoxelMesh: Chunk X=0 Y=0 Z=0 FlatVerts=1008 SlopeVerts=20640
[+00:54:57.537] VoxelChunk: GenerateAsync (10,-27,2)
[+00:54:57.539] VoxelChunk: GenerateAsync (6,-24,5)
[+00:54:57.539] VoxelChunk: GenerateAsync (4,-24,5)
[+00:54:57.554] VoxelMesh: Chunk X=0 Y=0 Z=0 FlatVerts=5646 SlopeVerts=4818
[+00:54:57.555] VoxelChunk: GenerateAsync (8,-30,1)
[+00:54:57.557] VoxelMesh: Chunk X=8 Y=-30 Z=1 FlatVerts=1398 SlopeVerts=1464
[+00:54:57.558] VoxelMesh: Chunk X=0 Y=0 Z=0 FlatVerts=0 SlopeVerts=12306
[+00:54:57.559] VoxelChunk: GenerateAsync (7,-30,2)
[+00:54:57.561] VoxelMesh: Chunk X=0 Y=0 Z=0 FlatVerts=498 SlopeVerts=8034
[+00:54:57.562] VoxelChunk: GenerateAsync (3,-30,2)
[+00:54:57.562] VoxelMesh: Chunk X=3 Y=-30 Z=2 FlatVerts=198 SlopeVerts=2046
[+00:54:57.564] VoxelMesh: Chunk X=0 Y=0 Z=0 FlatVerts=0 SlopeVerts=3750
[+00:54:57.565] VoxelChunk: GenerateAsync (10,-23,2)
[+00:54:57.565] VoxelMesh: Chunk X=10 Y=-23 Z=2 FlatVerts=0 SlopeVerts=0
[+00:54:57.578] VoxelMesh: Chunk X=0 Y=0 Z=0 FlatVerts=0 SlopeVerts=120
[+00:54:57.579] VoxelChunk: GenerateAsync (0,-27,2)
[+00:54:57.580] VoxelMesh: Chunk X=0 Y=-27 Z=2 FlatVerts=0 SlopeVerts=24
[+00:54:57.581] VoxelMesh: Chunk X=0 Y=0 Z=0 FlatVerts=924 SlopeVerts=16140
[+00:54:57.582] VoxelChunk: GenerateAsync (0,-23,2)
[+00:54:57.584] VoxelChunk: GenerateAsync (6,-26,5)
[+00:54:57.585] VoxelMesh: Chunk X=0 Y=0 Z=0 FlatVerts=7770 SlopeVerts=0
[+00:54:57.587] VoxelChunk: GenerateAsync (8,-20,1)
[+00:54:57.589] VoxelMesh: Chunk X=8 Y=-20 Z=1 FlatVerts=0 SlopeVerts=6
[+00:54:57.605] VoxelMesh: Chunk X=0 Y=0 Z=0 FlatVerts=90 SlopeVerts=6726
[+00:54:57.606] VoxelChunk: GenerateAsync (2,-20,1)
[+00:54:57.607] VoxelMesh: Chunk X=2 Y=-20 Z=1 FlatVerts=186 SlopeVerts=144
[+00:54:57.608] VoxelChunk: GenerateAsync (4,-26,5)
[+00:54:57.609] VoxelChunk: GenerateAsync (7,-22,4)
[+00:54:57.614] VoxelMesh: Chunk X=0 Y=0 Z=0 FlatVerts=486 SlopeVerts=22746
[+00:54:57.616] VoxelChunk: GenerateAsync (3,-20,2)
[+00:54:57.617] VoxelMesh: Chunk X=3 Y=-20 Z=2 FlatVerts=252 SlopeVerts=2112
[+00:54:57.630] VoxelChunk: GenerateAsync (7,-20,2)
[+00:54:57.631] VoxelMesh: Chunk X=7 Y=-20 Z=2 FlatVerts=168 SlopeVerts=3930
[+00:54:57.632] VoxelMesh: Chunk X=0 Y=0 Z=0 FlatVerts=12 SlopeVerts=702
[+00:54:57.633] VoxelChunk: GenerateAsync (3,-22,4)
[+00:54:57.633] VoxelMesh: Chunk X=3 Y=-22 Z=4 FlatVerts=6 SlopeVerts=816
[+00:54:57.634] VoxelChunk: GenerateAsync (8,-23,4)
[+00:54:57.635] VoxelMesh: Chunk X=0 Y=0 Z=0 FlatVerts=7140 SlopeVerts=570
[+00:54:57.637] VoxelChunk: GenerateAsync (10,-22,1)
[+00:54:57.639] VoxelMesh: Chunk X=10 Y=-22 Z=1 FlatVerts=1746 SlopeVerts=0
[+00:54:57.682] VoxelWater: Chunk X=6 Y=-26 Z=1 emitted 124 procedural water vertices (Ocean/Pools)
[+00:54:57.682] VoxelWater: Chunk X=5 Y=-26 Z=1 emitted 432 procedural water vertices (Ocean/Pools)
[+00:54:57.682] VoxelWater: Chunk X=7 Y=-26 Z=1 emitted 272 procedural water vertices (Ocean/Pools)
[+00:54:57.683] VoxelWater: Chunk X=4 Y=-26 Z=1 emitted 464 procedural water vertices (Ocean/Pools)
[+00:54:57.683] VoxelWater: Chunk X=8 Y=-21 Z=1 emitted 12 procedural water vertices (Ocean/Pools)
[+00:54:57.683] VoxelWater: Chunk X=8 Y=-21 Z=2 emitted 20 procedural water vertices (Ocean/Pools)
[+00:54:57.683] VoxelWater: Chunk X=4 Y=-23 Z=2 emitted 236 procedural water vertices (Ocean/Pools)
[+00:54:57.683] VoxelWater: Chunk X=4 Y=-23 Z=3 emitted 20 procedural water vertices (Ocean/Pools)
[+00:54:57.683] VoxelWater: Chunk X=3 Y=-23 Z=3 emitted 36 procedural water vertices (Ocean/Pools)
[+00:54:57.683] VoxelWater: Chunk X=5 Y=-24 Z=1 emitted 112 procedural water vertices (Ocean/Pools)
[+00:54:57.683] VoxelWater: Chunk X=1 Y=-24 Z=1 emitted 64 procedural water vertices (Ocean/Pools)
[+00:54:57.683] VoxelWater: Chunk X=0 Y=-24 Z=1 emitted 4 procedural water vertices (Ocean/Pools)
[+00:54:57.683] VoxelWater: Chunk X=9 Y=-26 Z=1 emitted 116 procedural water vertices (Ocean/Pools)
[+00:54:57.683] VoxelWater: Chunk X=4 Y=-25 Z=1 emitted 156 procedural water vertices (Ocean/Pools)
[+00:54:57.683] VoxelWater: Chunk X=5 Y=-25 Z=1 emitted 12 procedural water vertices (Ocean/Pools)
[+00:54:57.683] VoxelWater: Chunk X=6 Y=-25 Z=1 emitted 16 procedural water vertices (Ocean/Pools)
[+00:54:57.683] VoxelWater: Chunk X=5 Y=-30 Z=1 emitted 40 procedural water vertices (Ocean/Pools)
[+00:54:57.683] VoxelWater: Chunk X=5 Y=-30 Z=2 emitted 36 procedural water vertices (Ocean/Pools)
[+00:54:57.683] VoxelWater: Chunk X=4 Y=-30 Z=2 emitted 80 procedural water vertices (Ocean/Pools)
[+00:54:57.683] VoxelWater: Chunk X=4 Y=-29 Z=1 emitted 60 procedural water vertices (Ocean/Pools)
[+00:54:57.683] VoxelWater: Chunk X=4 Y=-21 Z=1 emitted 48 procedural water vertices (Ocean/Pools)
[+00:54:57.683] VoxelWater: Chunk X=1 Y=-22 Z=1 emitted 104 procedural water vertices (Ocean/Pools)
[+00:54:57.683] VoxelWater: Chunk X=1 Y=-22 Z=2 emitted 20 procedural water vertices (Ocean/Pools)
[+00:54:57.683] VoxelWater: Chunk X=6 Y=-21 Z=1 emitted 48 procedural water vertices (Ocean/Pools)
[+00:54:57.683] VoxelWater: Chunk X=2 Y=-22 Z=1 emitted 8 procedural water vertices (Ocean/Pools)
[+00:54:57.683] VoxelWater: Chunk X=2 Y=-22 Z=2 emitted 36 procedural water vertices (Ocean/Pools)
[+00:54:57.683] VoxelWater: Chunk X=2 Y=-23 Z=2 emitted 52 procedural water vertices (Ocean/Pools)
[+00:54:57.683] VoxelWater: Chunk X=2 Y=-28 Z=2 emitted 164 procedural water vertices (Ocean/Pools)
[+00:54:57.683] VoxelWater: Chunk X=3 Y=-28 Z=2 emitted 164 procedural water vertices (Ocean/Pools)
[+00:54:57.683] VoxelWater: Chunk X=4 Y=-26 Z=2 emitted 16 procedural water vertices (Ocean/Pools)
[+00:54:57.683] VoxelWater: Chunk X=4 Y=-25 Z=2 emitted 384 procedural water vertices (Ocean/Pools)
[+00:54:57.683] VoxelWater: Chunk X=4 Y=-25 Z=3 emitted 144 procedural water vertices (Ocean/Pools)
[+00:54:57.683] VoxelWater: Chunk X=3 Y=-25 Z=3 emitted 4 procedural water vertices (Ocean/Pools)
[+00:54:57.683] VoxelWater: Chunk X=5 Y=-25 Z=2 emitted 468 procedural water vertices (Ocean/Pools)
[+00:54:57.683] VoxelWater: Chunk X=4 Y=-24 Z=2 emitted 340 procedural water vertices (Ocean/Pools)
[+00:54:57.684] VoxelWater: Chunk X=4 Y=-24 Z=3 emitted 80 procedural water vertices (Ocean/Pools)
[+00:54:57.684] VoxelWater: Chunk X=3 Y=-24 Z=3 emitted 72 procedural water vertices (Ocean/Pools)
[+00:54:57.684] VoxelWater: Chunk X=4 Y=-24 Z=1 emitted 148 procedural water vertices (Ocean/Pools)
[+00:54:57.684] VoxelWater: Chunk X=5 Y=-24 Z=2 emitted 148 procedural water vertices (Ocean/Pools)
[+00:54:57.684] VoxelWater: Chunk X=5 Y=-26 Z=2 emitted 8 procedural water vertices (Ocean/Pools)
[+00:54:57.684] VoxelWater: Chunk X=3 Y=-24 Z=2 emitted 68 procedural water vertices (Ocean/Pools)
[+00:54:57.684] VoxelWater: Chunk X=2 Y=-24 Z=3 emitted 68 procedural water vertices (Ocean/Pools)
[+00:54:57.684] VoxelWater: Chunk X=5 Y=-25 Z=3 emitted 132 procedural water vertices (Ocean/Pools)
[+00:54:57.684] VoxelWater: Chunk X=6 Y=-25 Z=2 emitted 84 procedural water vertices (Ocean/Pools)
[+00:54:57.684] VoxelWater: Chunk X=5 Y=-24 Z=3 emitted 20 procedural water vertices (Ocean/Pools)
[+00:54:57.684] VoxelWater: Chunk X=6 Y=-24 Z=3 emitted 148 procedural water vertices (Ocean/Pools)
[+00:54:57.684] VoxelWater: Chunk X=9 Y=-25 Z=1 emitted 88 procedural water vertices (Ocean/Pools)
[+00:54:57.684] VoxelWater: Chunk X=6 Y=-26 Z=2 emitted 60 procedural water vertices (Ocean/Pools)
[+00:54:57.684] VoxelWater: Chunk X=6 Y=-26 Z=3 emitted 16 procedural water vertices (Ocean/Pools)
[+00:54:57.684] VoxelWater: Chunk X=6 Y=-25 Z=3 emitted 372 procedural water vertices (Ocean/Pools)
[+00:54:57.684] VoxelWater: Chunk X=7 Y=-25 Z=3 emitted 92 procedural water vertices (Ocean/Pools)
[+00:54:57.684] VoxelWater: Chunk X=8 Y=-25 Z=3 emitted 24 procedural water vertices (Ocean/Pools)
[+00:54:57.684] VoxelWater: Chunk X=6 Y=-24 Z=2 emitted 168 procedural water vertices (Ocean/Pools)
[+00:54:57.684] VoxelWater: Chunk X=6 Y=-24 Z=1 emitted 88 procedural water vertices (Ocean/Pools)
[+00:54:57.684] VoxelWater: Chunk X=6 Y=-24 Z=4 emitted 20 procedural water vertices (Ocean/Pools)
[+00:54:57.684] VoxelWater: Chunk X=7 Y=-24 Z=4 emitted 44 procedural water vertices (Ocean/Pools)
[+00:54:57.684] VoxelWater: Chunk X=5 Y=-21 Z=1 emitted 16 procedural water vertices (Ocean/Pools)
[+00:54:57.684] VoxelWater: Chunk X=5 Y=-29 Z=1 emitted 20 procedural water vertices (Ocean/Pools)
[+00:54:57.684] VoxelWater: Chunk X=3 Y=-25 Z=2 emitted 16 procedural water vertices (Ocean/Pools)
[+00:54:57.684] VoxelWater: Chunk X=6 Y=-21 Z=2 emitted 136 procedural water vertices (Ocean/Pools)
[+00:54:57.684] VoxelWater: Chunk X=4 Y=-21 Z=2 emitted 156 procedural water vertices (Ocean/Pools)
[+00:54:57.684] VoxelWater: Chunk X=4 Y=-22 Z=2 emitted 48 procedural water vertices (Ocean/Pools)
[+00:54:57.684] VoxelWater: Chunk X=5 Y=-21 Z=2 emitted 80 procedural water vertices (Ocean/Pools)
[+00:54:57.684] VoxelWater: Chunk X=4 Y=-23 Z=1 emitted 12 procedural water vertices (Ocean/Pools)
[+00:54:57.684] VoxelWater: Chunk X=8 Y=-26 Z=2 emitted 24 procedural water vertices (Ocean/Pools)
[+00:54:57.684] VoxelWater: Chunk X=9 Y=-26 Z=2 emitted 68 procedural water vertices (Ocean/Pools)
[+00:54:57.684] VoxelWater: Chunk X=7 Y=-24 Z=1 emitted 16 procedural water vertices (Ocean/Pools)
[+00:54:57.684] VoxelWater: Chunk X=6 Y=-23 Z=1 emitted 48 procedural water vertices (Ocean/Pools)
[+00:54:57.684] VoxelWater: Chunk X=2 Y=-24 Z=2 emitted 12 procedural water vertices (Ocean/Pools)
[+00:54:57.684] VoxelWater: Chunk X=1 Y=-28 Z=2 emitted 100 procedural water vertices (Ocean/Pools)
[+00:54:57.685] VoxelWater: Chunk X=1 Y=-27 Z=2 emitted 60 procedural water vertices (Ocean/Pools)
[+00:54:57.685] VoxelWater: Chunk X=4 Y=-28 Z=1 emitted 48 procedural water vertices (Ocean/Pools)
[+00:54:57.685] VoxelWater: Chunk X=4 Y=-28 Z=2 emitted 56 procedural water vertices (Ocean/Pools)
[+00:54:57.685] VoxelWater: Chunk X=5 Y=-28 Z=2 emitted 56 procedural water vertices (Ocean/Pools)
[+00:54:57.685] VoxelWater: Chunk X=4 Y=-27 Z=1 emitted 116 procedural water vertices (Ocean/Pools)
[+00:54:57.685] VoxelWater: Chunk X=2 Y=-21 Z=1 emitted 12 procedural water vertices (Ocean/Pools)
[+00:54:57.685] VoxelWater: Chunk X=2 Y=-21 Z=2 emitted 188 procedural water vertices (Ocean/Pools)
[+00:54:57.685] VoxelWater: Chunk X=3 Y=-21 Z=2 emitted 172 procedural water vertices (Ocean/Pools)
[+00:54:57.685] VoxelWater: Chunk X=6 Y=-27 Z=1 emitted 300 procedural water vertices (Ocean/Pools)
[+00:54:57.685] VoxelWater: Chunk X=7 Y=-27 Z=1 emitted 276 procedural water vertices (Ocean/Pools)
[+00:54:57.685] VoxelWater: Chunk X=10 Y=-25 Z=2 emitted 24 procedural water vertices (Ocean/Pools)
[+00:54:57.685] VoxelWater: Chunk X=8 Y=-26 Z=1 emitted 112 procedural water vertices (Ocean/Pools)
[+00:54:57.685] VoxelWater: Chunk X=3 Y=-26 Z=1 emitted 120 procedural water vertices (Ocean/Pools)
[+00:54:57.685] VoxelWater: Chunk X=6 Y=-25 Z=4 emitted 28 procedural water vertices (Ocean/Pools)
[+00:54:57.685] VoxelWater: Chunk X=2 Y=-26 Z=2 emitted 124 procedural water vertices (Ocean/Pools)
[+00:54:57.685] VoxelWater: Chunk X=3 Y=-26 Z=2 emitted 188 procedural water vertices (Ocean/Pools)
[+00:54:57.685] VoxelWater: Chunk X=9 Y=-24 Z=1 emitted 48 procedural water vertices (Ocean/Pools)
[+00:54:57.685] VoxelWater: Chunk X=9 Y=-24 Z=2 emitted 148 procedural water vertices (Ocean/Pools)
[+00:54:57.685] VoxelWater: Chunk X=4 Y=-22 Z=3 emitted 112 procedural water vertices (Ocean/Pools)
[+00:54:57.685] VoxelWater: Chunk X=1 Y=-24 Z=2 emitted 60 procedural water vertices (Ocean/Pools)
[+00:54:57.685] VoxelWater: Chunk X=1 Y=-25 Z=2 emitted 4 procedural water vertices (Ocean/Pools)
[+00:54:57.685] VoxelWater: Chunk X=1 Y=-24 Z=3 emitted 4 procedural water vertices (Ocean/Pools)
[+00:54:57.685] VoxelWater: Chunk X=2 Y=-25 Z=3 emitted 56 procedural water vertices (Ocean/Pools)
[+00:54:57.685] VoxelWater: Chunk X=5 Y=-27 Z=1 emitted 264 procedural water vertices (Ocean/Pools)
[+00:54:57.685] VoxelWater: Chunk X=5 Y=-23 Z=1 emitted 184 procedural water vertices (Ocean/Pools)
[+00:54:57.685] VoxelWater: Chunk X=6 Y=-22 Z=1 emitted 96 procedural water vertices (Ocean/Pools)
[+00:54:57.685] VoxelWater: Chunk X=6 Y=-22 Z=2 emitted 16 procedural water vertices (Ocean/Pools)
[+00:54:57.685] VoxelWater: Chunk X=4 Y=-29 Z=2 emitted 32 procedural water vertices (Ocean/Pools)
[+00:54:57.685] VoxelWater: Chunk X=3 Y=-29 Z=2 emitted 16 procedural water vertices (Ocean/Pools)
[+00:54:57.685] VoxelWater: Chunk X=3 Y=-23 Z=1 emitted 8 procedural water vertices (Ocean/Pools)
[+00:54:57.685] VoxelWater: Chunk X=8 Y=-27 Z=1 emitted 144 procedural water vertices (Ocean/Pools)
[+00:54:57.685] VoxelWater: Chunk X=3 Y=-27 Z=1 emitted 4 procedural water vertices (Ocean/Pools)
[+00:54:57.685] VoxelWater: Chunk X=3 Y=-20 Z=1 emitted 44 procedural water vertices (Ocean/Pools)
[+00:54:57.685] VoxelWater: Chunk X=6 Y=-28 Z=1 emitted 120 procedural water vertices (Ocean/Pools)
[+00:54:57.685] VoxelWater: Chunk X=6 Y=-28 Z=2 emitted 16 procedural water vertices (Ocean/Pools)
[+00:54:57.685] VoxelWater: Chunk X=5 Y=-22 Z=1 emitted 32 procedural water vertices (Ocean/Pools)
[+00:54:57.685] VoxelWater: Chunk X=5 Y=-28 Z=1 emitted 288 procedural water vertices (Ocean/Pools)
[+00:54:57.685] VoxelWater: Chunk X=8 Y=-24 Z=2 emitted 16 procedural water vertices (Ocean/Pools)
[+00:54:57.686] VoxelWater: Chunk X=7 Y=-24 Z=2 emitted 16 procedural water vertices (Ocean/Pools)
[+00:54:57.686] VoxelWater: Chunk X=8 Y=-25 Z=1 emitted 24 procedural water vertices (Ocean/Pools)
[+00:54:57.686] VoxelWater: Chunk X=8 Y=-25 Z=2 emitted 32 procedural water vertices (Ocean/Pools)
[+00:54:57.686] VoxelWater: Chunk X=7 Y=-20 Z=1 emitted 40 procedural water vertices (Ocean/Pools)
[+00:54:57.686] VoxelWater: Chunk X=5 Y=-23 Z=2 emitted 44 procedural water vertices (Ocean/Pools)
[+00:54:57.686] VoxelWater: Chunk X=5 Y=-22 Z=2 emitted 108 procedural water vertices (Ocean/Pools)
[+00:54:57.686] VoxelWater: Chunk X=5 Y=-27 Z=2 emitted 64 procedural water vertices (Ocean/Pools)
[+00:54:57.686] VoxelWater: Chunk X=6 Y=-27 Z=2 emitted 12 procedural water vertices (Ocean/Pools)
[+00:54:57.686] VoxelWater: Chunk X=3 Y=-23 Z=2 emitted 164 procedural water vertices (Ocean/Pools)
[+00:54:57.686] VoxelWater: Chunk X=7 Y=-26 Z=2 emitted 40 procedural water vertices (Ocean/Pools)
[+00:54:57.686] VoxelWater: Chunk X=10 Y=-23 Z=1 emitted 44 procedural water vertices (Ocean/Pools)
[+00:54:57.686] VoxelWater: Chunk X=8 Y=-24 Z=1 emitted 12 procedural water vertices (Ocean/Pools)
[+00:54:57.686] VoxelWater: Chunk X=3 Y=-30 Z=1 emitted 28 procedural water vertices (Ocean/Pools)
[+00:54:57.686] VoxelWater: Chunk X=2 Y=-24 Z=1 emitted 4 procedural water vertices (Ocean/Pools)
[+00:54:57.686] VoxelWater: Chunk X=4 Y=-27 Z=2 emitted 72 procedural water vertices (Ocean/Pools)
[+00:54:57.686] VoxelWater: Chunk X=7 Y=-28 Z=1 emitted 8 procedural water vertices (Ocean/Pools)
[+00:54:57.686] VoxelWater: Chunk X=8 Y=-27 Z=0 emitted 8 procedural water vertices (Ocean/Pools)
[+00:54:57.686] VoxelWater: Chunk X=9 Y=-27 Z=1 emitted 104 procedural water vertices (Ocean/Pools)
[+00:54:57.686] VoxelWater: Chunk X=3 Y=-28 Z=1 emitted 4 procedural water vertices (Ocean/Pools)
[+00:54:57.686] VoxelWater: Chunk X=2 Y=-23 Z=1 emitted 44 procedural water vertices (Ocean/Pools)
[+00:54:57.686] VoxelWater: Chunk X=8 Y=-23 Z=1 emitted 56 procedural water vertices (Ocean/Pools)
[+00:54:57.686] VoxelWater: Chunk X=7 Y=-22 Z=1 emitted 60 procedural water vertices (Ocean/Pools)
[+00:54:57.686] VoxelWater: Chunk X=3 Y=-27 Z=2 emitted 256 procedural water vertices (Ocean/Pools)
[+00:54:57.686] VoxelWater: Chunk X=7 Y=-24 Z=3 emitted 48 procedural water vertices (Ocean/Pools)
[+00:54:57.686] VoxelWater: Chunk X=3 Y=-26 Z=3 emitted 24 procedural water vertices (Ocean/Pools)
[+00:54:57.686] VoxelWater: Chunk X=6 Y=-29 Z=1 emitted 96 procedural water vertices (Ocean/Pools)
[+00:54:57.686] VoxelWater: Chunk X=4 Y=-30 Z=1 emitted 4 procedural water vertices (Ocean/Pools)
[+00:54:57.686] VoxelWater: Chunk X=8 Y=-23 Z=2 emitted 24 procedural water vertices (Ocean/Pools)
[+00:54:57.686] VoxelWater: Chunk X=3 Y=-22 Z=2 emitted 108 procedural water vertices (Ocean/Pools)
[+00:54:57.686] VoxelWater: Chunk X=8 Y=-28 Z=0 emitted 8 procedural water vertices (Ocean/Pools)
[+00:54:57.686] VoxelWater: Chunk X=8 Y=-28 Z=1 emitted 52 procedural water vertices (Ocean/Pools)
[+00:54:57.686] VoxelWater: Chunk X=9 Y=-28 Z=1 emitted 28 procedural water vertices (Ocean/Pools)
[+00:54:57.686] VoxelWater: Chunk X=2 Y=-28 Z=1 emitted 16 procedural water vertices (Ocean/Pools)
[+00:54:57.686] VoxelWater: Chunk X=8 Y=-22 Z=1 emitted 28 procedural water vertices (Ocean/Pools)
[+00:54:57.686] VoxelWater: Chunk X=2 Y=-27 Z=2 emitted 52 procedural water vertices (Ocean/Pools)
[+00:54:57.686] VoxelWater: Chunk X=3 Y=-21 Z=1 emitted 12 procedural water vertices (Ocean/Pools)
[+00:54:57.686] VoxelWater: Chunk X=9 Y=-23 Z=1 emitted 48 procedural water vertices (Ocean/Pools)
[+00:54:57.687] VoxelWater: Chunk X=1 Y=-23 Z=1 emitted 64 procedural water vertices (Ocean/Pools)
[+00:54:57.687] VoxelWater: Chunk X=3 Y=-27 Z=3 emitted 124 procedural water vertices (Ocean/Pools)
[+00:54:57.687] VoxelWater: Chunk X=2 Y=-27 Z=3 emitted 108 procedural water vertices (Ocean/Pools)
[+00:54:57.687] VoxelWater: Chunk X=7 Y=-21 Z=1 emitted 52 procedural water vertices (Ocean/Pools)
[+00:54:57.687] VoxelWater: Chunk X=3 Y=-29 Z=1 emitted 104 procedural water vertices (Ocean/Pools)
[+00:54:57.687] VoxelWater: Chunk X=2 Y=-29 Z=1 emitted 80 procedural water vertices (Ocean/Pools)
[+00:54:57.687] VoxelWater: Chunk X=7 Y=-29 Z=1 emitted 56 procedural water vertices (Ocean/Pools)
[+00:54:57.687] VoxelWater: Chunk X=8 Y=-29 Z=1 emitted 52 procedural water vertices (Ocean/Pools)
[+00:54:57.687] VoxelWater: Chunk X=9 Y=-27 Z=0 emitted 8 procedural water vertices (Ocean/Pools)
[+00:54:57.687] VoxelWater: Chunk X=10 Y=-27 Z=1 emitted 12 procedural water vertices (Ocean/Pools)
[+00:54:57.687] VoxelWater: Chunk X=9 Y=-25 Z=2 emitted 300 procedural water vertices (Ocean/Pools)
[+00:54:57.687] VoxelWater: Chunk X=3 Y=-22 Z=3 emitted 76 procedural water vertices (Ocean/Pools)
[+00:54:57.687] VoxelWater: Chunk X=7 Y=-21 Z=2 emitted 20 procedural water vertices (Ocean/Pools)
[+00:54:57.687] VoxelWater: Chunk X=5 Y=-20 Z=1 emitted 32 procedural water vertices (Ocean/Pools)
[+00:54:57.687] VoxelWater: Chunk X=10 Y=-25 Z=1 emitted 28 procedural water vertices (Ocean/Pools)
[+00:54:57.687] VoxelWater: Chunk X=2 Y=-23 Z=3 emitted 16 procedural water vertices (Ocean/Pools)
[+00:54:57.687] VoxelWater: Chunk X=7 Y=-25 Z=4 emitted 64 procedural water vertices (Ocean/Pools)
[+00:54:57.687] VoxelWater: Chunk X=9 Y=-28 Z=0 emitted 12 procedural water vertices (Ocean/Pools)
[+00:54:57.687] VoxelWater: Chunk X=1 Y=-28 Z=1 emitted 28 procedural water vertices (Ocean/Pools)
[+00:54:57.687] VoxelWater: Chunk X=9 Y=-22 Z=1 emitted 76 procedural water vertices (Ocean/Pools)
[+00:54:57.687] VoxelWater: Chunk X=10 Y=-26 Z=1 emitted 112 procedural water vertices (Ocean/Pools)
[+00:54:57.687] VoxelWater: Chunk X=4 Y=-20 Z=1 emitted 76 procedural water vertices (Ocean/Pools)
[+00:54:57.687] VoxelWater: Chunk X=10 Y=-24 Z=1 emitted 52 procedural water vertices (Ocean/Pools)
[+00:54:57.687] VoxelWater: Chunk X=6 Y=-30 Z=1 emitted 96 procedural water vertices (Ocean/Pools)
[+00:54:57.687] VoxelWater: Chunk X=0 Y=-25 Z=2 emitted 24 procedural water vertices (Ocean/Pools)
[+00:54:57.687] VoxelWater: Chunk X=5 Y=-20 Z=2 emitted 32 procedural water vertices (Ocean/Pools)
[+00:54:57.687] VoxelWater: Chunk X=2 Y=-25 Z=4 emitted 44 procedural water vertices (Ocean/Pools)
[+00:54:57.687] VoxelWater: Chunk X=6 Y=-20 Z=2 emitted 112 procedural water vertices (Ocean/Pools)
[+00:54:57.687] VoxelWater: Chunk X=10 Y=-24 Z=2 emitted 36 procedural water vertices (Ocean/Pools)
[+00:54:57.687] VoxelWater: Chunk X=0 Y=-24 Z=2 emitted 16 procedural water vertices (Ocean/Pools)
[+00:54:57.687] VoxelWater: Chunk X=10 Y=-26 Z=2 emitted 8 procedural water vertices (Ocean/Pools)
[+00:54:57.687] VoxelWater: Chunk X=2 Y=-24 Z=4 emitted 20 procedural water vertices (Ocean/Pools)
[+00:54:57.688] VoxelWater: Chunk X=9 Y=-21 Z=1 emitted 44 procedural water vertices (Ocean/Pools)
[+00:54:57.688] VoxelWater: Chunk X=1 Y=-21 Z=1 emitted 56 procedural water vertices (Ocean/Pools)
[+00:54:57.688] VoxelWater: Chunk X=1 Y=-29 Z=1 emitted 28 procedural water vertices (Ocean/Pools)
[+00:54:57.688] VoxelWater: Chunk X=1 Y=-27 Z=3 emitted 176 procedural water vertices (Ocean/Pools)
[+00:54:57.688] VoxelWater: Chunk X=1 Y=-26 Z=3 emitted 8 procedural water vertices (Ocean/Pools)
[+00:54:57.688] VoxelWater: Chunk X=0 Y=-28 Z=1 emitted 12 procedural water vertices (Ocean/Pools)
[+00:54:57.688] VoxelWater: Chunk X=10 Y=-28 Z=1 emitted 12 procedural water vertices (Ocean/Pools)
[+00:54:57.688] VoxelWater: Chunk X=3 Y=-30 Z=2 emitted 8 procedural water vertices (Ocean/Pools)
[+00:54:57.688] VoxelWater: Chunk X=3 Y=-20 Z=2 emitted 32 procedural water vertices (Ocean/Pools)
[+00:54:57.688] VoxelWater: Chunk X=7 Y=-20 Z=2 emitted 120 procedural water vertices (Ocean/Pools)
[+00:54:57.688] VoxelWater: Chunk X=4 Y=-22 Z=4 emitted 8 procedural water vertices (Ocean/Pools)
[+00:54:57.688] VoxelWater: Chunk X=3 Y=-22 Z=4 emitted 8 procedural water vertices (Ocean/Pools)
[+00:54:57.700] VoxelMesh: Chunk X=0 Y=0 Z=0 FlatVerts=4950 SlopeVerts=11910
[+00:54:57.703] VoxelChunk: GenerateAsync (0,-22,1)
[+00:54:57.704] VoxelMesh: Chunk X=0 Y=-22 Z=1 FlatVerts=1752 SlopeVerts=0
[+00:54:57.708] VoxelMesh: Chunk X=0 Y=0 Z=0 FlatVerts=2988 SlopeVerts=20982
[+00:54:57.710] VoxelChunk: GenerateAsync (2,-30,1)
[+00:54:57.710] VoxelMesh: Chunk X=2 Y=-30 Z=1 FlatVerts=2004 SlopeVerts=216
[+00:54:57.713] VoxelMesh: Chunk X=0 Y=0 Z=0 FlatVerts=66 SlopeVerts=14904
[+00:54:57.714] VoxelChunk: GenerateAsync (8,-27,4)
[+00:54:57.715] VoxelChunk: GenerateAsync (2,-27,4)
[+00:54:57.726] VoxelChunk: GenerateAsync (3,-28,4)
[+00:54:57.728] VoxelMesh: Chunk X=0 Y=0 Z=0 FlatVerts=0 SlopeVerts=84
[+00:54:57.729] VoxelChunk: GenerateAsync (7,-28,4)
[+00:54:57.730] VoxelChunk: GenerateAsync (5,-27,5)
[+00:54:57.731] VoxelChunk: GenerateAsync (5,-23,5)
[+00:54:57.741] VoxelChunk: GenerateAsync (3,-25,5)
[+00:54:57.743] VoxelMesh: Chunk X=0 Y=0 Z=0 FlatVerts=0 SlopeVerts=540
[+00:54:57.744] VoxelChunk: GenerateAsync (7,-25,5)
[+00:54:57.745] VoxelMesh: Chunk X=0 Y=0 Z=0 FlatVerts=6 SlopeVerts=1632
[+00:54:57.746] VoxelChunk: GenerateAsync (0,-25,3)
[+00:54:57.746] VoxelMesh: Chunk X=0 Y=-25 Z=3 FlatVerts=312 SlopeVerts=2502
[+00:54:57.747] VoxelMesh: Chunk X=0 Y=0 Z=0 FlatVerts=18 SlopeVerts=840
[+00:54:57.748] VoxelChunk: GenerateAsync (2,-29,3)
[+00:54:57.759] VoxelMesh: Chunk X=0 Y=0 Z=0 FlatVerts=1308 SlopeVerts=16866
[+00:54:57.760] VoxelChunk: GenerateAsync (10,-25,3)
[+00:54:57.762] VoxelChunk: GenerateAsync (1,-28,3)
[+00:54:57.762] VoxelMesh: Chunk X=1 Y=-28 Z=3 FlatVerts=0 SlopeVerts=504
[+00:54:57.764] VoxelMesh: Chunk X=0 Y=0 Z=0 FlatVerts=0 SlopeVerts=18
[+00:54:57.764] VoxelChunk: GenerateAsync (8,-29,3)
[+00:54:57.766] VoxelMesh: Chunk X=0 Y=0 Z=0 FlatVerts=3246 SlopeVerts=8868
[+00:54:57.767] VoxelChunk: GenerateAsync (5,-30,3)
[+00:54:57.779] VoxelMesh: Chunk X=0 Y=0 Z=0 FlatVerts=48 SlopeVerts=8364
[+00:54:57.780] VoxelChunk: GenerateAsync (9,-28,3)
[+00:54:57.782] VoxelChunk: GenerateAsync (6,-27,5)
[+00:54:57.783] VoxelMesh: Chunk X=0 Y=0 Z=0 FlatVerts=0 SlopeVerts=8196
[+00:54:57.785] VoxelChunk: GenerateAsync (9,-25,4)
[+00:54:57.786] VoxelMesh: Chunk X=0 Y=0 Z=0 FlatVerts=0 SlopeVerts=834
[+00:54:57.787] VoxelChunk: GenerateAsync (7,-26,5)
[+00:54:57.798] VoxelMesh: Chunk X=0 Y=0 Z=0 FlatVerts=258 SlopeVerts=13554
[+00:54:57.799] VoxelChunk: GenerateAsync (1,-22,3)
[+00:54:57.800] VoxelChunk: GenerateAsync (9,-21,2)
[+00:54:57.801] VoxelMesh: Chunk X=9 Y=-21 Z=2 FlatVerts=0 SlopeVerts=138
[+00:54:57.804] VoxelMesh: Chunk X=0 Y=0 Z=0 FlatVerts=870 SlopeVerts=29388
[+00:54:57.807] VoxelChunk: GenerateAsync (1,-21,2)
[+00:54:57.808] VoxelMesh: Chunk X=1 Y=-21 Z=2 FlatVerts=90 SlopeVerts=1710
[+00:54:57.809] VoxelChunk: GenerateAsync (5,-21,4)
[+00:54:57.819] VoxelMesh: Chunk X=0 Y=0 Z=0 FlatVerts=354 SlopeVerts=162
[+00:54:57.820] VoxelChunk: GenerateAsync (5,-29,4)
[+00:54:57.821] VoxelChunk: GenerateAsync (6,-23,5)
[+00:54:57.822] VoxelChunk: GenerateAsync (4,-23,5)
[+00:54:57.823] VoxelChunk: GenerateAsync (7,-24,5)
[+00:54:57.832] VoxelChunk: GenerateAsync (9,-22,3)
[+00:54:57.833] VoxelChunk: GenerateAsync (3,-26,5)
[+00:54:57.833] VoxelMesh: Chunk X=0 Y=0 Z=0 FlatVerts=0 SlopeVerts=30
[+00:54:57.835] VoxelChunk: GenerateAsync (9,-29,2)
[+00:54:57.838] VoxelMesh: Chunk X=0 Y=0 Z=0 FlatVerts=996 SlopeVerts=24222
[+00:54:57.839] VoxelChunk: GenerateAsync (1,-29,2)
[+00:54:57.839] VoxelMesh: Chunk X=1 Y=-29 Z=2 FlatVerts=0 SlopeVerts=0
[+00:54:57.881] VoxelWater: Chunk X=6 Y=-26 Z=1 emitted 140 procedural water vertices (Ocean/Pools)
[+00:54:57.881] VoxelWater: Chunk X=7 Y=-26 Z=1 emitted 304 procedural water vertices (Ocean/Pools)
[+00:54:57.881] VoxelWater: Chunk X=4 Y=-26 Z=1 emitted 476 procedural water vertices (Ocean/Pools)
[+00:54:57.881] VoxelWater: Chunk X=5 Y=-26 Z=1 emitted 432 procedural water vertices (Ocean/Pools)
[+00:54:57.881] VoxelWater: Chunk X=8 Y=-21 Z=1 emitted 20 procedural water vertices (Ocean/Pools)
[+00:54:57.881] VoxelWater: Chunk X=8 Y=-21 Z=2 emitted 20 procedural water vertices (Ocean/Pools)
[+00:54:57.881] VoxelWater: Chunk X=4 Y=-23 Z=2 emitted 244 procedural water vertices (Ocean/Pools)
[+00:54:57.882] VoxelWater: Chunk X=4 Y=-23 Z=3 emitted 20 procedural water vertices (Ocean/Pools)
[+00:54:57.882] VoxelWater: Chunk X=3 Y=-23 Z=3 emitted 36 procedural water vertices (Ocean/Pools)
[+00:54:57.882] VoxelWater: Chunk X=5 Y=-24 Z=1 emitted 128 procedural water vertices (Ocean/Pools)
[+00:54:57.882] VoxelWater: Chunk X=1 Y=-24 Z=1 emitted 68 procedural water vertices (Ocean/Pools)
[+00:54:57.882] VoxelWater: Chunk X=0 Y=-24 Z=1 emitted 8 procedural water vertices (Ocean/Pools)
[+00:54:57.882] VoxelWater: Chunk X=9 Y=-26 Z=1 emitted 128 procedural water vertices (Ocean/Pools)
[+00:54:57.882] VoxelWater: Chunk X=4 Y=-25 Z=1 emitted 168 procedural water vertices (Ocean/Pools)
[+00:54:57.882] VoxelWater: Chunk X=5 Y=-25 Z=1 emitted 16 procedural water vertices (Ocean/Pools)
[+00:54:57.882] VoxelWater: Chunk X=6 Y=-25 Z=1 emitted 16 procedural water vertices (Ocean/Pools)
[+00:54:57.882] VoxelWater: Chunk X=5 Y=-30 Z=1 emitted 48 procedural water vertices (Ocean/Pools)
[+00:54:57.882] VoxelWater: Chunk X=5 Y=-30 Z=2 emitted 32 procedural water vertices (Ocean/Pools)
[+00:54:57.882] VoxelWater: Chunk X=4 Y=-30 Z=2 emitted 84 procedural water vertices (Ocean/Pools)
[+00:54:57.882] VoxelWater: Chunk X=4 Y=-29 Z=1 emitted 60 procedural water vertices (Ocean/Pools)
[+00:54:57.882] VoxelWater: Chunk X=4 Y=-21 Z=1 emitted 60 procedural water vertices (Ocean/Pools)
[+00:54:57.882] VoxelWater: Chunk X=1 Y=-22 Z=1 emitted 124 procedural water vertices (Ocean/Pools)
[+00:54:57.882] VoxelWater: Chunk X=1 Y=-22 Z=2 emitted 20 procedural water vertices (Ocean/Pools)
[+00:54:57.882] VoxelWater: Chunk X=6 Y=-21 Z=1 emitted 64 procedural water vertices (Ocean/Pools)
[+00:54:57.882] VoxelWater: Chunk X=9 Y=-27 Z=0 emitted 8 procedural water vertices (Ocean/Pools)
[+00:54:57.882] VoxelWater: Chunk X=2 Y=-22 Z=1 emitted 16 procedural water vertices (Ocean/Pools)
[+00:54:57.882] VoxelWater: Chunk X=2 Y=-22 Z=2 emitted 32 procedural water vertices (Ocean/Pools)
[+00:54:57.882] VoxelWater: Chunk X=2 Y=-23 Z=2 emitted 52 procedural water vertices (Ocean/Pools)
[+00:54:57.882] VoxelWater: Chunk X=2 Y=-28 Z=2 emitted 176 procedural water vertices (Ocean/Pools)
[+00:54:57.882] VoxelWater: Chunk X=3 Y=-28 Z=2 emitted 184 procedural water vertices (Ocean/Pools)
[+00:54:57.882] VoxelWater: Chunk X=4 Y=-26 Z=2 emitted 12 procedural water vertices (Ocean/Pools)
[+00:54:57.882] VoxelWater: Chunk X=4 Y=-25 Z=2 emitted 388 procedural water vertices (Ocean/Pools)
[+00:54:57.882] VoxelWater: Chunk X=4 Y=-25 Z=3 emitted 140 procedural water vertices (Ocean/Pools)
[+00:54:57.882] VoxelWater: Chunk X=3 Y=-25 Z=3 emitted 4 procedural water vertices (Ocean/Pools)
[+00:54:57.882] VoxelWater: Chunk X=5 Y=-25 Z=2 emitted 488 procedural water vertices (Ocean/Pools)
[+00:54:57.882] VoxelWater: Chunk X=3 Y=-25 Z=2 emitted 24 procedural water vertices (Ocean/Pools)
[+00:54:57.882] VoxelWater: Chunk X=4 Y=-24 Z=2 emitted 368 procedural water vertices (Ocean/Pools)
[+00:54:57.882] VoxelWater: Chunk X=4 Y=-24 Z=3 emitted 80 procedural water vertices (Ocean/Pools)
[+00:54:57.882] VoxelWater: Chunk X=3 Y=-24 Z=3 emitted 80 procedural water vertices (Ocean/Pools)
[+00:54:57.882] VoxelWater: Chunk X=4 Y=-24 Z=1 emitted 152 procedural water vertices (Ocean/Pools)
[+00:54:57.882] VoxelWater: Chunk X=5 Y=-24 Z=2 emitted 132 procedural water vertices (Ocean/Pools)
[+00:54:57.883] VoxelWater: Chunk X=5 Y=-26 Z=2 emitted 12 procedural water vertices (Ocean/Pools)
[+00:54:57.883] VoxelWater: Chunk X=3 Y=-24 Z=2 emitted 80 procedural water vertices (Ocean/Pools)
[+00:54:57.883] VoxelWater: Chunk X=2 Y=-24 Z=3 emitted 72 procedural water vertices (Ocean/Pools)
[+00:54:57.883] VoxelWater: Chunk X=5 Y=-25 Z=3 emitted 128 procedural water vertices (Ocean/Pools)
[+00:54:57.883] VoxelWater: Chunk X=6 Y=-25 Z=2 emitted 116 procedural water vertices (Ocean/Pools)
[+00:54:57.883] VoxelWater: Chunk X=5 Y=-24 Z=3 emitted 20 procedural water vertices (Ocean/Pools)
[+00:54:57.883] VoxelWater: Chunk X=6 Y=-24 Z=3 emitted 140 procedural water vertices (Ocean/Pools)
[+00:54:57.883] VoxelWater: Chunk X=9 Y=-25 Z=1 emitted 108 procedural water vertices (Ocean/Pools)
[+00:54:57.883] VoxelWater: Chunk X=6 Y=-26 Z=2 emitted 60 procedural water vertices (Ocean/Pools)
[+00:54:57.883] VoxelWater: Chunk X=6 Y=-26 Z=3 emitted 16 procedural water vertices (Ocean/Pools)
[+00:54:57.883] VoxelWater: Chunk X=6 Y=-25 Z=3 emitted 344 procedural water vertices (Ocean/Pools)
[+00:54:57.883] VoxelWater: Chunk X=7 Y=-25 Z=3 emitted 92 procedural water vertices (Ocean/Pools)
[+00:54:57.883] VoxelWater: Chunk X=8 Y=-25 Z=3 emitted 24 procedural water vertices (Ocean/Pools)
[+00:54:57.883] VoxelWater: Chunk X=7 Y=-25 Z=2 emitted 4 procedural water vertices (Ocean/Pools)
[+00:54:57.883] VoxelWater: Chunk X=6 Y=-24 Z=2 emitted 168 procedural water vertices (Ocean/Pools)
[+00:54:57.883] VoxelWater: Chunk X=6 Y=-24 Z=1 emitted 104 procedural water vertices (Ocean/Pools)
[+00:54:57.883] VoxelWater: Chunk X=6 Y=-24 Z=4 emitted 20 procedural water vertices (Ocean/Pools)
[+00:54:57.883] VoxelWater: Chunk X=7 Y=-24 Z=4 emitted 44 procedural water vertices (Ocean/Pools)
[+00:54:57.883] VoxelWater: Chunk X=5 Y=-21 Z=1 emitted 20 procedural water vertices (Ocean/Pools)
[+00:54:57.883] VoxelWater: Chunk X=5 Y=-29 Z=1 emitted 16 procedural water vertices (Ocean/Pools)
[+00:54:57.883] VoxelWater: Chunk X=6 Y=-29 Z=1 emitted 124 procedural water vertices (Ocean/Pools)
[+00:54:57.883] VoxelWater: Chunk X=6 Y=-21 Z=2 emitted 144 procedural water vertices (Ocean/Pools)
[+00:54:57.883] VoxelWater: Chunk X=8 Y=-28 Z=0 emitted 8 procedural water vertices (Ocean/Pools)
[+00:54:57.883] VoxelWater: Chunk X=4 Y=-21 Z=2 emitted 180 procedural water vertices (Ocean/Pools)
[+00:54:57.883] VoxelWater: Chunk X=4 Y=-22 Z=2 emitted 64 procedural water vertices (Ocean/Pools)
[+00:54:57.883] VoxelWater: Chunk X=5 Y=-21 Z=2 emitted 88 procedural water vertices (Ocean/Pools)
[+00:54:57.883] VoxelWater: Chunk X=4 Y=-23 Z=1 emitted 28 procedural water vertices (Ocean/Pools)
[+00:54:57.883] VoxelWater: Chunk X=8 Y=-26 Z=1 emitted 136 procedural water vertices (Ocean/Pools)
[+00:54:57.883] VoxelWater: Chunk X=8 Y=-26 Z=2 emitted 24 procedural water vertices (Ocean/Pools)
[+00:54:57.883] VoxelWater: Chunk X=9 Y=-26 Z=2 emitted 80 procedural water vertices (Ocean/Pools)
[+00:54:57.883] VoxelWater: Chunk X=7 Y=-24 Z=1 emitted 16 procedural water vertices (Ocean/Pools)
[+00:54:57.883] VoxelWater: Chunk X=6 Y=-23 Z=1 emitted 48 procedural water vertices (Ocean/Pools)
[+00:54:57.883] VoxelWater: Chunk X=5 Y=-23 Z=1 emitted 188 procedural water vertices (Ocean/Pools)
[+00:54:57.883] VoxelWater: Chunk X=2 Y=-24 Z=2 emitted 20 procedural water vertices (Ocean/Pools)
[+00:54:57.883] VoxelWater: Chunk X=1 Y=-28 Z=2 emitted 92 procedural water vertices (Ocean/Pools)
[+00:54:57.883] VoxelWater: Chunk X=1 Y=-27 Z=2 emitted 68 procedural water vertices (Ocean/Pools)
[+00:54:57.883] VoxelWater: Chunk X=4 Y=-28 Z=1 emitted 56 procedural water vertices (Ocean/Pools)
[+00:54:57.883] VoxelWater: Chunk X=4 Y=-28 Z=2 emitted 60 procedural water vertices (Ocean/Pools)
[+00:54:57.883] VoxelWater: Chunk X=5 Y=-28 Z=2 emitted 56 procedural water vertices (Ocean/Pools)
[+00:54:57.883] VoxelWater: Chunk X=4 Y=-27 Z=1 emitted 120 procedural water vertices (Ocean/Pools)
[+00:54:57.883] VoxelWater: Chunk X=2 Y=-21 Z=1 emitted 12 procedural water vertices (Ocean/Pools)
[+00:54:57.883] VoxelWater: Chunk X=2 Y=-21 Z=2 emitted 192 procedural water vertices (Ocean/Pools)
[+00:54:57.883] VoxelWater: Chunk X=3 Y=-21 Z=2 emitted 192 procedural water vertices (Ocean/Pools)
[+00:54:57.883] VoxelWater: Chunk X=6 Y=-27 Z=1 emitted 312 procedural water vertices (Ocean/Pools)
[+00:54:57.883] VoxelWater: Chunk X=7 Y=-27 Z=1 emitted 328 procedural water vertices (Ocean/Pools)
[+00:54:57.883] VoxelWater: Chunk X=10 Y=-25 Z=2 emitted 24 procedural water vertices (Ocean/Pools)
[+00:54:57.883] VoxelWater: Chunk X=3 Y=-26 Z=1 emitted 128 procedural water vertices (Ocean/Pools)
[+00:54:57.883] VoxelWater: Chunk X=6 Y=-25 Z=4 emitted 28 procedural water vertices (Ocean/Pools)
[+00:54:57.883] VoxelWater: Chunk X=2 Y=-26 Z=2 emitted 144 procedural water vertices (Ocean/Pools)
[+00:54:57.883] VoxelWater: Chunk X=3 Y=-26 Z=2 emitted 208 procedural water vertices (Ocean/Pools)
[+00:54:57.883] VoxelWater: Chunk X=9 Y=-24 Z=1 emitted 72 procedural water vertices (Ocean/Pools)
[+00:54:57.883] VoxelWater: Chunk X=9 Y=-24 Z=2 emitted 144 procedural water vertices (Ocean/Pools)
[+00:54:57.885] VoxelWater: Chunk X=4 Y=-22 Z=3 emitted 112 procedural water vertices (Ocean/Pools)
[+00:54:57.885] VoxelWater: Chunk X=1 Y=-24 Z=2 emitted 60 procedural water vertices (Ocean/Pools)
[+00:54:57.885] VoxelWater: Chunk X=1 Y=-25 Z=2 emitted 4 procedural water vertices (Ocean/Pools)
[+00:54:57.885] VoxelWater: Chunk X=1 Y=-24 Z=3 emitted 4 procedural water vertices (Ocean/Pools)
[+00:54:57.885] VoxelWater: Chunk X=2 Y=-25 Z=3 emitted 64 procedural water vertices (Ocean/Pools)
[+00:54:57.885] VoxelWater: Chunk X=5 Y=-27 Z=1 emitted 264 procedural water vertices (Ocean/Pools)
[+00:54:57.885] VoxelWater: Chunk X=6 Y=-22 Z=1 emitted 108 procedural water vertices (Ocean/Pools)
[+00:54:57.885] VoxelWater: Chunk X=6 Y=-22 Z=2 emitted 16 procedural water vertices (Ocean/Pools)
[+00:54:57.885] VoxelWater: Chunk X=1 Y=-26 Z=3 emitted 8 procedural water vertices (Ocean/Pools)
[+00:54:57.885] VoxelWater: Chunk X=4 Y=-29 Z=2 emitted 32 procedural water vertices (Ocean/Pools)
[+00:54:57.885] VoxelWater: Chunk X=3 Y=-29 Z=2 emitted 16 procedural water vertices (Ocean/Pools)
[+00:54:57.885] VoxelWater: Chunk X=3 Y=-23 Z=1 emitted 8 procedural water vertices (Ocean/Pools)
[+00:54:57.885] VoxelWater: Chunk X=8 Y=-27 Z=1 emitted 144 procedural water vertices (Ocean/Pools)
[+00:54:57.885] VoxelWater: Chunk X=3 Y=-27 Z=1 emitted 12 procedural water vertices (Ocean/Pools)
[+00:54:57.885] VoxelWater: Chunk X=3 Y=-20 Z=1 emitted 64 procedural water vertices (Ocean/Pools)
[+00:54:57.885] VoxelWater: Chunk X=6 Y=-28 Z=1 emitted 132 procedural water vertices (Ocean/Pools)
[+00:54:57.885] VoxelWater: Chunk X=6 Y=-28 Z=2 emitted 16 procedural water vertices (Ocean/Pools)
[+00:54:57.885] VoxelWater: Chunk X=5 Y=-22 Z=1 emitted 48 procedural water vertices (Ocean/Pools)
[+00:54:57.885] VoxelWater: Chunk X=5 Y=-28 Z=1 emitted 300 procedural water vertices (Ocean/Pools)
[+00:54:57.885] VoxelWater: Chunk X=8 Y=-24 Z=2 emitted 20 procedural water vertices (Ocean/Pools)
[+00:54:57.885] VoxelWater: Chunk X=7 Y=-24 Z=2 emitted 20 procedural water vertices (Ocean/Pools)
[+00:54:57.885] VoxelWater: Chunk X=8 Y=-25 Z=1 emitted 32 procedural water vertices (Ocean/Pools)
[+00:54:57.885] VoxelWater: Chunk X=8 Y=-25 Z=2 emitted 28 procedural water vertices (Ocean/Pools)
[+00:54:57.885] VoxelWater: Chunk X=10 Y=-27 Z=1 emitted 24 procedural water vertices (Ocean/Pools)
[+00:54:57.885] VoxelWater: Chunk X=7 Y=-20 Z=1 emitted 48 procedural water vertices (Ocean/Pools)
[+00:54:57.885] VoxelWater: Chunk X=5 Y=-23 Z=2 emitted 40 procedural water vertices (Ocean/Pools)
[+00:54:57.885] VoxelWater: Chunk X=5 Y=-22 Z=2 emitted 108 procedural water vertices (Ocean/Pools)
[+00:54:57.885] VoxelWater: Chunk X=5 Y=-27 Z=2 emitted 64 procedural water vertices (Ocean/Pools)
[+00:54:57.885] VoxelWater: Chunk X=6 Y=-27 Z=2 emitted 12 procedural water vertices (Ocean/Pools)
[+00:54:57.885] VoxelWater: Chunk X=9 Y=-28 Z=0 emitted 12 procedural water vertices (Ocean/Pools)
[+00:54:57.885] VoxelWater: Chunk X=8 Y=-27 Z=0 emitted 20 procedural water vertices (Ocean/Pools)
[+00:54:57.885] VoxelWater: Chunk X=3 Y=-23 Z=2 emitted 176 procedural water vertices (Ocean/Pools)
[+00:54:57.885] VoxelWater: Chunk X=7 Y=-28 Z=1 emitted 16 procedural water vertices (Ocean/Pools)
[+00:54:57.885] VoxelWater: Chunk X=7 Y=-26 Z=2 emitted 36 procedural water vertices (Ocean/Pools)
[+00:54:57.885] VoxelWater: Chunk X=10 Y=-23 Z=1 emitted 44 procedural water vertices (Ocean/Pools)
[+00:54:57.885] VoxelWater: Chunk X=8 Y=-24 Z=1 emitted 12 procedural water vertices (Ocean/Pools)
[+00:54:57.885] VoxelWater: Chunk X=3 Y=-30 Z=1 emitted 28 procedural water vertices (Ocean/Pools)
[+00:54:57.885] VoxelWater: Chunk X=2 Y=-24 Z=1 emitted 4 procedural water vertices (Ocean/Pools)
[+00:54:57.885] VoxelWater: Chunk X=4 Y=-27 Z=2 emitted 84 procedural water vertices (Ocean/Pools)
[+00:54:57.885] VoxelWater: Chunk X=9 Y=-27 Z=1 emitted 120 procedural water vertices (Ocean/Pools)
[+00:54:57.885] VoxelWater: Chunk X=3 Y=-28 Z=1 emitted 8 procedural water vertices (Ocean/Pools)
[+00:54:57.885] VoxelWater: Chunk X=2 Y=-23 Z=1 emitted 52 procedural water vertices (Ocean/Pools)
[+00:54:57.885] VoxelWater: Chunk X=8 Y=-23 Z=1 emitted 76 procedural water vertices (Ocean/Pools)
[+00:54:57.885] VoxelWater: Chunk X=9 Y=-23 Z=1 emitted 52 procedural water vertices (Ocean/Pools)
[+00:54:57.885] VoxelWater: Chunk X=7 Y=-22 Z=1 emitted 72 procedural water vertices (Ocean/Pools)
[+00:54:57.885] VoxelWater: Chunk X=3 Y=-27 Z=2 emitted 296 procedural water vertices (Ocean/Pools)
[+00:54:57.885] VoxelWater: Chunk X=7 Y=-24 Z=3 emitted 48 procedural water vertices (Ocean/Pools)
[+00:54:57.885] VoxelWater: Chunk X=3 Y=-26 Z=3 emitted 28 procedural water vertices (Ocean/Pools)
[+00:54:57.885] VoxelWater: Chunk X=4 Y=-30 Z=1 emitted 4 procedural water vertices (Ocean/Pools)
[+00:54:57.885] VoxelWater: Chunk X=8 Y=-23 Z=2 emitted 24 procedural water vertices (Ocean/Pools)
[+00:54:57.885] VoxelWater: Chunk X=7 Y=-23 Z=2 emitted 4 procedural water vertices (Ocean/Pools)
[+00:54:57.885] VoxelWater: Chunk X=3 Y=-22 Z=2 emitted 112 procedural water vertices (Ocean/Pools)
[+00:54:57.885] VoxelWater: Chunk X=8 Y=-28 Z=1 emitted 64 procedural water vertices (Ocean/Pools)
[+00:54:57.885] VoxelWater: Chunk X=9 Y=-28 Z=1 emitted 28 procedural water vertices (Ocean/Pools)
[+00:54:57.885] VoxelWater: Chunk X=2 Y=-28 Z=1 emitted 16 procedural water vertices (Ocean/Pools)
[+00:54:57.885] VoxelWater: Chunk X=8 Y=-22 Z=1 emitted 28 procedural water vertices (Ocean/Pools)
[+00:54:57.885] VoxelWater: Chunk X=2 Y=-27 Z=2 emitted 68 procedural water vertices (Ocean/Pools)
[+00:54:57.886] VoxelWater: Chunk X=3 Y=-21 Z=1 emitted 16 procedural water vertices (Ocean/Pools)
[+00:54:57.886] VoxelWater: Chunk X=1 Y=-23 Z=1 emitted 64 procedural water vertices (Ocean/Pools)
[+00:54:57.886] VoxelWater: Chunk X=3 Y=-27 Z=3 emitted 120 procedural water vertices (Ocean/Pools)
[+00:54:57.886] VoxelWater: Chunk X=2 Y=-27 Z=3 emitted 120 procedural water vertices (Ocean/Pools)
[+00:54:57.886] VoxelWater: Chunk X=7 Y=-21 Z=1 emitted 56 procedural water vertices (Ocean/Pools)
[+00:54:57.886] VoxelWater: Chunk X=3 Y=-29 Z=1 emitted 104 procedural water vertices (Ocean/Pools)
[+00:54:57.886] VoxelWater: Chunk X=2 Y=-29 Z=1 emitted 80 procedural water vertices (Ocean/Pools)
[+00:54:57.886] VoxelWater: Chunk X=7 Y=-29 Z=1 emitted 60 procedural water vertices (Ocean/Pools)
[+00:54:57.886] VoxelWater: Chunk X=8 Y=-29 Z=1 emitted 60 procedural water vertices (Ocean/Pools)
[+00:54:57.886] VoxelWater: Chunk X=9 Y=-25 Z=2 emitted 320 procedural water vertices (Ocean/Pools)
[+00:54:57.886] VoxelWater: Chunk X=3 Y=-22 Z=3 emitted 92 procedural water vertices (Ocean/Pools)
[+00:54:57.886] VoxelWater: Chunk X=7 Y=-21 Z=2 emitted 24 procedural water vertices (Ocean/Pools)
[+00:54:57.886] VoxelWater: Chunk X=5 Y=-20 Z=1 emitted 40 procedural water vertices (Ocean/Pools)
[+00:54:57.886] VoxelWater: Chunk X=10 Y=-25 Z=1 emitted 28 procedural water vertices (Ocean/Pools)
[+00:54:57.886] VoxelWater: Chunk X=2 Y=-23 Z=3 emitted 16 procedural water vertices (Ocean/Pools)
[+00:54:57.886] VoxelWater: Chunk X=7 Y=-25 Z=4 emitted 64 procedural water vertices (Ocean/Pools)
[+00:54:57.886] VoxelWater: Chunk X=1 Y=-28 Z=1 emitted 28 procedural water vertices (Ocean/Pools)
[+00:54:57.886] VoxelWater: Chunk X=9 Y=-22 Z=1 emitted 76 procedural water vertices (Ocean/Pools)
[+00:54:57.886] VoxelWater: Chunk X=8 Y=-29 Z=0 emitted 24 procedural water vertices (Ocean/Pools)
[+00:54:57.887] VoxelWater: Chunk X=10 Y=-26 Z=1 emitted 120 procedural water vertices (Ocean/Pools)
[+00:54:57.887] VoxelWater: Chunk X=4 Y=-20 Z=1 emitted 76 procedural water vertices (Ocean/Pools)
[+00:54:57.887] VoxelWater: Chunk X=10 Y=-24 Z=1 emitted 56 procedural water vertices (Ocean/Pools)
[+00:54:57.887] VoxelWater: Chunk X=6 Y=-30 Z=1 emitted 104 procedural water vertices (Ocean/Pools)
[+00:54:57.887] VoxelWater: Chunk X=0 Y=-25 Z=2 emitted 32 procedural water vertices (Ocean/Pools)
[+00:54:57.887] VoxelWater: Chunk X=5 Y=-20 Z=2 emitted 32 procedural water vertices (Ocean/Pools)
[+00:54:57.887] VoxelWater: Chunk X=2 Y=-25 Z=4 emitted 40 procedural water vertices (Ocean/Pools)
[+00:54:57.887] VoxelWater: Chunk X=4 Y=-22 Z=4 emitted 8 procedural water vertices (Ocean/Pools)
[+00:54:57.887] VoxelWater: Chunk X=6 Y=-20 Z=2 emitted 116 procedural water vertices (Ocean/Pools)
[+00:54:57.887] VoxelWater: Chunk X=10 Y=-24 Z=2 emitted 36 procedural water vertices (Ocean/Pools)
[+00:54:57.887] VoxelWater: Chunk X=0 Y=-24 Z=2 emitted 16 procedural water vertices (Ocean/Pools)
[+00:54:57.887] VoxelWater: Chunk X=10 Y=-26 Z=2 emitted 8 procedural water vertices (Ocean/Pools)
[+00:54:57.887] VoxelWater: Chunk X=2 Y=-24 Z=4 emitted 20 procedural water vertices (Ocean/Pools)
[+00:54:57.887] VoxelWater: Chunk X=9 Y=-21 Z=1 emitted 44 procedural water vertices (Ocean/Pools)
[+00:54:57.887] VoxelWater: Chunk X=1 Y=-21 Z=1 emitted 56 procedural water vertices (Ocean/Pools)
[+00:54:57.887] VoxelWater: Chunk X=1 Y=-29 Z=1 emitted 28 procedural water vertices (Ocean/Pools)
[+00:54:57.887] VoxelWater: Chunk X=1 Y=-27 Z=3 emitted 176 procedural water vertices (Ocean/Pools)
[+00:54:57.887] VoxelWater: Chunk X=0 Y=-28 Z=1 emitted 12 procedural water vertices (Ocean/Pools)
[+00:54:57.887] VoxelWater: Chunk X=10 Y=-28 Z=1 emitted 20 procedural water vertices (Ocean/Pools)
[+00:54:57.887] VoxelWater: Chunk X=3 Y=-30 Z=2 emitted 8 procedural water vertices (Ocean/Pools)
[+00:54:57.887] VoxelWater: Chunk X=3 Y=-20 Z=2 emitted 32 procedural water vertices (Ocean/Pools)
[+00:54:57.887] VoxelWater: Chunk X=7 Y=-20 Z=2 emitted 148 procedural water vertices (Ocean/Pools)
[+00:54:57.887] VoxelWater: Chunk X=3 Y=-22 Z=4 emitted 8 procedural water vertices (Ocean/Pools)
[+00:54:57.887] VoxelWater: Chunk X=10 Y=-22 Z=1 emitted 8 procedural water vertices (Ocean/Pools)
[+00:54:57.887] VoxelWater: Chunk X=0 Y=-22 Z=1 emitted 8 procedural water vertices (Ocean/Pools)
[+00:54:57.887] VoxelWater: Chunk X=2 Y=-30 Z=1 emitted 12 procedural water vertices (Ocean/Pools)
[+00:54:57.887] VoxelWater: Chunk X=0 Y=-25 Z=3 emitted 44 procedural water vertices (Ocean/Pools)
[+00:54:57.887] VoxelWater: Chunk X=1 Y=-25 Z=3 emitted 4 procedural water vertices (Ocean/Pools)
[+00:54:57.887] VoxelWater: Chunk X=1 Y=-28 Z=3 emitted 8 procedural water vertices (Ocean/Pools)
[+00:54:57.887] VoxelWater: Chunk X=1 Y=-21 Z=2 emitted 20 procedural water vertices (Ocean/Pools)
[+00:54:57.899] VoxelMesh: Chunk X=0 Y=0 Z=0 FlatVerts=138 SlopeVerts=24192
[+00:54:57.901] VoxelChunk: GenerateAsync (2,-21,3)
[+00:54:57.902] VoxelMesh: Chunk X=2 Y=-21 Z=3 FlatVerts=54 SlopeVerts=120
[+00:54:57.902] VoxelChunk: GenerateAsync (4,-27,5)
[+00:54:57.902] VoxelChunk: GenerateAsync (3,-24,5)
[+00:54:57.903] VoxelChunk: GenerateAsync (5,-20,3)
