=== FIRSTVOXEL SESSION [2026.03.17-00.26.18] ===
[+00:26:18.288] FirstVoxel module started.
[+00:26:25.991] VoxelWorld: GenerateWorldDeferred started.
[+00:26:25.991] VoxelWorld: Queued 441 chunks.
[+00:26:26.093] VoxelMesh: Chunk X=0 Y=0 Z=0 FlatVerts=5988 SlopeVerts=10380
[+00:26:26.108] VoxelChunk: GenerateAsync (0,0,0)
[+00:26:26.108] VoxelMesh: Chunk X=0 Y=0 Z=0 FlatVerts=144 SlopeVerts=186
[+00:26:26.199] VoxelMesh: Chunk X=0 Y=0 Z=0 FlatVerts=3600 SlopeVerts=13752
[+00:26:26.213] VoxelChunk: GenerateAsync (1,0,0)
[+00:26:26.213] VoxelMesh: Chunk X=1 Y=0 Z=0 FlatVerts=2520 SlopeVerts=186
[+00:26:26.303] VoxelMesh: Chunk X=0 Y=0 Z=0 FlatVerts=1542 SlopeVerts=1056
[+00:26:26.306] VoxelChunk: GenerateAsync (0,-1,-1)
[+00:26:26.409] VoxelMesh: Chunk X=0 Y=0 Z=0 FlatVerts=216 SlopeVerts=198
[+00:26:26.410] VoxelChunk: GenerateAsync (1,-1,-1)
[+00:26:26.510] VoxelMesh: Chunk X=0 Y=0 Z=0 FlatVerts=4986 SlopeVerts=1782
[+00:26:26.518] VoxelChunk: GenerateAsync (-1,-1,-1)
[+00:26:26.616] VoxelMesh: Chunk X=0 Y=0 Z=0 FlatVerts=9000 SlopeVerts=2988
[+00:26:26.629] VoxelChunk: GenerateAsync (-1,0,0)
[+00:26:26.721] VoxelMesh: Chunk X=0 Y=0 Z=0 FlatVerts=8106 SlopeVerts=6360
[+00:26:26.736] VoxelChunk: GenerateAsync (1,1,0)
[+00:26:26.737] VoxelMesh: Chunk X=1 Y=1 Z=0 FlatVerts=2514 SlopeVerts=0
[+00:26:26.823] VoxelMesh: Chunk X=0 Y=0 Z=0 FlatVerts=900 SlopeVerts=11538
[+00:26:26.831] VoxelChunk: GenerateAsync (1,-1,0)
[+00:26:26.831] VoxelMesh: Chunk X=1 Y=-1 Z=0 FlatVerts=162 SlopeVerts=78
[+00:26:26.925] VoxelMesh: Chunk X=0 Y=0 Z=0 FlatVerts=0 SlopeVerts=0
[+00:26:26.926] VoxelChunk: GenerateAsync (-1,1,1)
[+00:26:26.927] VoxelMesh: Chunk X=-1 Y=1 Z=1 FlatVerts=24 SlopeVerts=3126
[+00:26:27.029] VoxelMesh: Chunk X=0 Y=0 Z=0 FlatVerts=9804 SlopeVerts=2352
[+00:26:27.043] VoxelChunk: GenerateAsync (0,1,0)
[+00:26:27.043] VoxelMesh: Chunk X=0 Y=1 Z=0 FlatVerts=1800 SlopeVerts=342
[+00:26:27.129] VoxelMesh: Chunk X=0 Y=0 Z=0 FlatVerts=9684 SlopeVerts=744
[+00:26:27.141] VoxelChunk: GenerateAsync (0,1,-1)
[+00:26:27.234] VoxelMesh: Chunk X=0 Y=0 Z=0 FlatVerts=6012 SlopeVerts=9192
[+00:26:27.248] VoxelChunk: GenerateAsync (-1,-1,0)
[+00:26:27.333] VoxelMesh: Chunk X=0 Y=0 Z=0 FlatVerts=8946 SlopeVerts=966
[+00:26:27.344] VoxelChunk: GenerateAsync (-1,0,-1)
[+00:26:27.439] VoxelMesh: Chunk X=0 Y=0 Z=0 FlatVerts=1608 SlopeVerts=20934
[+00:26:27.456] VoxelChunk: GenerateAsync (1,0,1)
[+00:26:27.457] VoxelMesh: Chunk X=1 Y=0 Z=1 FlatVerts=138 SlopeVerts=186
[+00:26:27.547] VoxelMesh: Chunk X=0 Y=0 Z=0 FlatVerts=648 SlopeVerts=25830
[+00:26:27.565] VoxelChunk: GenerateAsync (1,-1,1)
[+00:26:27.567] VoxelMesh: Chunk X=1 Y=-1 Z=1 FlatVerts=1296 SlopeVerts=2562
[+00:26:27.646] VoxelMesh: Chunk X=0 Y=0 Z=0 FlatVerts=10458 SlopeVerts=30
[+00:26:27.658] VoxelChunk: GenerateAsync (-1,1,0)
[+00:26:27.659] VoxelMesh: Chunk X=-1 Y=1 Z=0 FlatVerts=156 SlopeVerts=288
[+00:26:27.754] VoxelMesh: Chunk X=0 Y=0 Z=0 FlatVerts=2346 SlopeVerts=13626
[+00:26:27.765] VoxelChunk: GenerateAsync (0,-1,0)
[+00:26:27.867] VoxelMesh: Chunk X=0 Y=0 Z=0 FlatVerts=10458 SlopeVerts=30
[+00:26:27.885] VoxelChunk: GenerateAsync (-1,1,-1)
[+00:26:27.962] VoxelMesh: Chunk X=0 Y=0 Z=0 FlatVerts=5532 SlopeVerts=1776
[+00:26:27.970] VoxelChunk: GenerateAsync (0,0,-1)
[+00:26:28.066] VoxelMesh: Chunk X=0 Y=0 Z=0 FlatVerts=7176 SlopeVerts=1398
[+00:26:28.075] VoxelChunk: GenerateAsync (1,1,-1)
[+00:26:28.167] VoxelMesh: Chunk X=0 Y=0 Z=0 FlatVerts=2016 SlopeVerts=1272
[+00:26:28.171] VoxelChunk: GenerateAsync (1,0,-1)
[+00:26:28.273] VoxelMesh: Chunk X=0 Y=0 Z=0 FlatVerts=990 SlopeVerts=5526
[+00:26:28.278] VoxelChunk: GenerateAsync (1,1,1)
[+00:26:28.280] VoxelMesh: Chunk X=1 Y=1 Z=1 FlatVerts=0 SlopeVerts=0
[+00:26:28.383] VoxelMesh: Chunk X=0 Y=0 Z=0 FlatVerts=144 SlopeVerts=1698
[+00:26:28.385] VoxelChunk: GenerateAsync (0,1,1)
[+00:26:28.387] VoxelMesh: Chunk X=0 Y=1 Z=1 FlatVerts=222 SlopeVerts=600
[+00:26:28.494] VoxelMesh: Chunk X=0 Y=0 Z=0 FlatVerts=456 SlopeVerts=10890
[+00:26:28.502] VoxelChunk: GenerateAsync (0,0,1)
[+00:26:28.503] VoxelMesh: Chunk X=0 Y=0 Z=1 FlatVerts=690 SlopeVerts=3612
[+00:26:28.592] VoxelMesh: Chunk X=0 Y=0 Z=0 FlatVerts=54 SlopeVerts=2202
[+00:26:28.594] VoxelChunk: GenerateAsync (-1,0,1)
[+00:26:28.594] VoxelMesh: Chunk X=-1 Y=0 Z=1 FlatVerts=0 SlopeVerts=84
[+00:26:28.699] VoxelMesh: Chunk X=0 Y=0 Z=0 FlatVerts=792 SlopeVerts=22050
[+00:26:28.716] VoxelChunk: GenerateAsync (0,-1,1)
[+00:26:28.717] VoxelMesh: Chunk X=0 Y=-1 Z=1 FlatVerts=36 SlopeVerts=2394
[+00:26:28.807] VoxelMesh: Chunk X=0 Y=0 Z=0 FlatVerts=1050 SlopeVerts=10668
[+00:26:28.815] VoxelChunk: GenerateAsync (-1,-1,1)
[+00:26:28.910] VoxelMesh: Chunk X=0 Y=0 Z=0 FlatVerts=6 SlopeVerts=15186
[+00:26:28.920] VoxelChunk: GenerateAsync (0,-1,2)
[+00:26:28.921] VoxelMesh: Chunk X=0 Y=-1 Z=2 FlatVerts=396 SlopeVerts=3870
[+00:26:29.010] VoxelMesh: Chunk X=0 Y=0 Z=0 FlatVerts=6 SlopeVerts=3168
[+00:26:29.012] VoxelChunk: GenerateAsync (-1,-1,2)
[+00:26:29.013] VoxelMesh: Chunk X=-1 Y=-1 Z=2 FlatVerts=90 SlopeVerts=1290
[+00:26:29.114] VoxelChunk: GenerateAsync (-2,1,2)
[+00:26:29.114] VoxelMesh: Chunk X=-2 Y=1 Z=2 FlatVerts=30 SlopeVerts=1884
[+00:26:29.216] VoxelChunk: GenerateAsync (-2,-1,2)
[+00:26:29.217] VoxelMesh: Chunk X=-2 Y=-1 Z=2 FlatVerts=228 SlopeVerts=3066
[+00:26:29.324] VoxelMesh: Chunk X=0 Y=0 Z=0 FlatVerts=78 SlopeVerts=26964
[+00:26:29.344] VoxelChunk: GenerateAsync (2,-2,2)
[+00:26:29.345] VoxelMesh: Chunk X=2 Y=-2 Z=2 FlatVerts=0 SlopeVerts=3708
[+00:26:29.429] VoxelMesh: Chunk X=0 Y=0 Z=0 FlatVerts=270 SlopeVerts=19878
[+00:26:29.443] VoxelChunk: GenerateAsync (2,0,2)
[+00:26:29.530] VoxelMesh: Chunk X=0 Y=0 Z=0 FlatVerts=252 SlopeVerts=2622
[+00:26:29.532] VoxelChunk: GenerateAsync (2,1,2)
[+00:26:29.533] VoxelMesh: Chunk X=2 Y=1 Z=2 FlatVerts=0 SlopeVerts=1722
[+00:26:29.635] VoxelMesh: Chunk X=0 Y=0 Z=0 FlatVerts=18 SlopeVerts=25110
[+00:26:29.653] VoxelChunk: GenerateAsync (1,-2,2)
[+00:26:29.654] VoxelMesh: Chunk X=1 Y=-2 Z=2 FlatVerts=168 SlopeVerts=3192
[+00:26:29.744] VoxelMesh: Chunk X=0 Y=0 Z=0 FlatVerts=36 SlopeVerts=26892
[+00:26:29.764] VoxelChunk: GenerateAsync (0,-2,2)
[+00:26:29.765] VoxelMesh: Chunk X=0 Y=-2 Z=2 FlatVerts=96 SlopeVerts=2862
[+00:26:29.851] VoxelMesh: Chunk X=0 Y=0 Z=0 FlatVerts=0 SlopeVerts=0
[+00:26:29.851] VoxelChunk: GenerateAsync (-2,1,1)
[+00:26:29.852] VoxelMesh: Chunk X=-2 Y=1 Z=1 FlatVerts=0 SlopeVerts=0
[+00:26:29.954] VoxelMesh: Chunk X=0 Y=0 Z=0 FlatVerts=1734 SlopeVerts=24420
[+00:26:29.972] VoxelChunk: GenerateAsync (2,0,1)
[+00:26:29.974] VoxelMesh: Chunk X=2 Y=0 Z=1 FlatVerts=0 SlopeVerts=0
[+00:26:30.061] VoxelMesh: Chunk X=0 Y=0 Z=0 FlatVerts=0 SlopeVerts=10548
[+00:26:30.067] VoxelChunk: GenerateAsync (1,0,2)
[+00:26:30.165] VoxelMesh: Chunk X=0 Y=0 Z=0 FlatVerts=48 SlopeVerts=16800
[+00:26:30.178] VoxelChunk: GenerateAsync (-1,-2,2)
[+00:26:30.179] VoxelMesh: Chunk X=-1 Y=-2 Z=2 FlatVerts=198 SlopeVerts=5190
[+00:26:30.270] VoxelMesh: Chunk X=0 Y=0 Z=0 FlatVerts=18 SlopeVerts=4860
[+00:26:30.273] VoxelChunk: GenerateAsync (-2,-2,2)
[+00:26:30.274] VoxelMesh: Chunk X=-2 Y=-2 Z=2 FlatVerts=0 SlopeVerts=2358
[+00:26:30.371] VoxelMesh: Chunk X=0 Y=0 Z=0 FlatVerts=0 SlopeVerts=0
[+00:26:30.371] VoxelChunk: GenerateAsync (-2,0,1)
[+00:26:30.474] VoxelMesh: Chunk X=0 Y=0 Z=0 FlatVerts=636 SlopeVerts=23916
[+00:26:30.491] VoxelChunk: GenerateAsync (2,-1,1)
[+00:26:30.492] VoxelMesh: Chunk X=2 Y=-1 Z=1 FlatVerts=108 SlopeVerts=1128
[+00:26:30.583] VoxelMesh: Chunk X=0 Y=0 Z=0 FlatVerts=0 SlopeVerts=2088
[+00:26:30.585] VoxelChunk: GenerateAsync (0,0,2)
[+00:26:30.587] VoxelMesh: Chunk X=0 Y=0 Z=2 FlatVerts=0 SlopeVerts=930
[+00:26:30.684] VoxelMesh: Chunk X=0 Y=0 Z=0 FlatVerts=0 SlopeVerts=384
[+00:26:30.684] VoxelChunk: GenerateAsync (1,1,2)
[+00:26:30.789] VoxelChunk: GenerateAsync (-1,2,2)
[+00:26:30.791] VoxelMesh: Chunk X=-1 Y=2 Z=2 FlatVerts=0 SlopeVerts=114
[+00:26:30.896] VoxelMesh: Chunk X=0 Y=0 Z=0 FlatVerts=588 SlopeVerts=1656
[+00:26:30.898] VoxelChunk: GenerateAsync (-2,-1,1)
[+00:26:30.899] VoxelMesh: Chunk X=-2 Y=-1 Z=1 FlatVerts=0 SlopeVerts=12
[+00:26:31.001] VoxelMesh: Chunk X=0 Y=0 Z=0 FlatVerts=126 SlopeVerts=13938
[+00:26:31.009] VoxelChunk: GenerateAsync (2,-2,1)
[+00:26:31.010] VoxelMesh: Chunk X=2 Y=-2 Z=1 FlatVerts=228 SlopeVerts=2976
[+00:26:31.105] VoxelMesh: Chunk X=0 Y=0 Z=0 FlatVerts=5688 SlopeVerts=6942
[+00:26:31.118] VoxelChunk: GenerateAsync (2,2,1)
[+00:26:31.119] VoxelMesh: Chunk X=2 Y=2 Z=1 FlatVerts=0 SlopeVerts=672
[+00:26:31.206] VoxelMesh: Chunk X=0 Y=0 Z=0 FlatVerts=1248 SlopeVerts=3060
[+00:26:31.210] VoxelChunk: GenerateAsync (1,2,1)
[+00:26:31.210] VoxelMesh: Chunk X=1 Y=2 Z=1 FlatVerts=132 SlopeVerts=2706
[+00:26:31.309] VoxelMesh: Chunk X=0 Y=0 Z=0 FlatVerts=0 SlopeVerts=72
[+00:26:31.309] VoxelChunk: GenerateAsync (-1,0,2)
[+00:26:31.310] VoxelMesh: Chunk X=-1 Y=0 Z=2 FlatVerts=42 SlopeVerts=2886
[+00:26:31.414] VoxelMesh: Chunk X=0 Y=0 Z=0 FlatVerts=6 SlopeVerts=420
[+00:26:31.416] VoxelChunk: GenerateAsync (0,2,1)
[+00:26:31.416] VoxelMesh: Chunk X=0 Y=2 Z=1 FlatVerts=1284 SlopeVerts=0
[+00:26:31.517] VoxelChunk: GenerateAsync (-1,2,1)
[+00:26:31.519] VoxelMesh: Chunk X=-1 Y=2 Z=1 FlatVerts=798 SlopeVerts=1314
[+00:26:31.623] VoxelChunk: GenerateAsync (-2,0,2)
[+00:26:31.623] VoxelMesh: Chunk X=-2 Y=0 Z=2 FlatVerts=108 SlopeVerts=2688
[+00:26:31.729] VoxelChunk: GenerateAsync (0,1,2)
[+00:26:31.731] VoxelMesh: Chunk X=0 Y=1 Z=2 FlatVerts=0 SlopeVerts=0
[+00:26:31.835] VoxelMesh: Chunk X=0 Y=0 Z=0 FlatVerts=1890 SlopeVerts=1116
[+00:26:31.839] VoxelChunk: GenerateAsync (2,2,2)
[+00:26:31.840] VoxelMesh: Chunk X=2 Y=2 Z=2 FlatVerts=0 SlopeVerts=1560
[+00:26:31.940] VoxelMesh: Chunk X=0 Y=0 Z=0 FlatVerts=204 SlopeVerts=30936
[+00:26:31.963] VoxelChunk: GenerateAsync (2,-1,2)
[+00:26:32.046] VoxelMesh: Chunk X=0 Y=0 Z=0 FlatVerts=0 SlopeVerts=25512
[+00:26:32.064] VoxelChunk: GenerateAsync (1,-1,2)
[+00:26:32.065] VoxelMesh: Chunk X=1 Y=-1 Z=2 FlatVerts=24 SlopeVerts=306
[+00:26:32.153] VoxelChunk: GenerateAsync (-1,1,2)
[+00:26:32.154] VoxelMesh: Chunk X=-1 Y=1 Z=2 FlatVerts=78 SlopeVerts=4032
[+00:26:32.257] VoxelChunk: GenerateAsync (-2,2,2)
[+00:26:32.258] VoxelMesh: Chunk X=-2 Y=2 Z=2 FlatVerts=0 SlopeVerts=2952
[+00:26:32.361] VoxelChunk: GenerateAsync (0,2,2)
[+00:26:32.463] VoxelMesh: Chunk X=0 Y=0 Z=0 FlatVerts=0 SlopeVerts=6
[+00:26:32.464] VoxelChunk: GenerateAsync (1,2,2)
[+00:26:32.465] VoxelMesh: Chunk X=1 Y=2 Z=2 FlatVerts=0 SlopeVerts=1494
[+00:26:32.568] VoxelMesh: Chunk X=0 Y=0 Z=0 FlatVerts=60 SlopeVerts=936
[+00:26:32.569] VoxelChunk: GenerateAsync (-2,2,1)
[+00:26:32.571] VoxelMesh: Chunk X=-2 Y=2 Z=1 FlatVerts=0 SlopeVerts=1926
[+00:26:32.676] VoxelMesh: Chunk X=0 Y=0 Z=0 FlatVerts=2706 SlopeVerts=12882
[+00:26:32.687] VoxelChunk: GenerateAsync (2,1,1)
[+00:26:32.688] VoxelMesh: Chunk X=2 Y=1 Z=1 FlatVerts=0 SlopeVerts=2442
[+00:26:32.776] VoxelChunk: GenerateAsync (-1,1,-2)
[+00:26:32.884] VoxelChunk: GenerateAsync (2,-2,-1)
[+00:26:32.984] VoxelMesh: Chunk X=0 Y=0 Z=0 FlatVerts=10176 SlopeVerts=4224
[+00:26:32.999] VoxelChunk: GenerateAsync (1,2,0)
[+00:26:33.000] VoxelMesh: Chunk X=1 Y=2 Z=0 FlatVerts=1662 SlopeVerts=294
[+00:26:33.089] VoxelMesh: Chunk X=0 Y=0 Z=0 FlatVerts=10800 SlopeVerts=684
[+00:26:33.103] VoxelChunk: GenerateAsync (0,2,0)
[+00:26:33.103] VoxelMesh: Chunk X=0 Y=2 Z=0 FlatVerts=1668 SlopeVerts=0
[+00:26:33.193] VoxelMesh: Chunk X=0 Y=0 Z=0 FlatVerts=498 SlopeVerts=6768
[+00:26:33.198] VoxelChunk: GenerateAsync (2,-1,0)
[+00:26:33.199] VoxelMesh: Chunk X=2 Y=-1 Z=0 FlatVerts=1674 SlopeVerts=546
[+00:26:33.294] VoxelChunk: GenerateAsync (-1,0,-2)
[+00:26:33.398] VoxelMesh: Chunk X=0 Y=0 Z=0 FlatVerts=540 SlopeVerts=17862
[+00:26:33.412] VoxelChunk: GenerateAsync (0,-2,1)
[+00:26:33.498] VoxelMesh: Chunk X=0 Y=0 Z=0 FlatVerts=1092 SlopeVerts=864
[+00:26:33.501] VoxelChunk: GenerateAsync (-1,-2,-1)
[+00:26:33.603] VoxelMesh: Chunk X=0 Y=0 Z=0 FlatVerts=10326 SlopeVerts=6
[+00:26:33.617] VoxelChunk: GenerateAsync (-2,1,-1)
[+00:26:33.704] VoxelChunk: GenerateAsync (-1,2,-2)
[+00:26:33.808] VoxelMesh: Chunk X=0 Y=0 Z=0 FlatVerts=1872 SlopeVerts=11652
[+00:26:33.817] VoxelChunk: GenerateAsync (2,0,0)
[+00:26:33.818] VoxelMesh: Chunk X=2 Y=0 Z=0 FlatVerts=2574 SlopeVerts=12
[+00:26:33.917] VoxelChunk: GenerateAsync (-2,-1,-2)
[+00:26:34.022] VoxelMesh: Chunk X=0 Y=0 Z=0 FlatVerts=6 SlopeVerts=24
[+00:26:34.022] VoxelChunk: GenerateAsync (0,-2,-1)
[+00:26:34.129] VoxelChunk: GenerateAsync (2,-1,-2)
[+00:26:34.232] VoxelChunk: GenerateAsync (-2,2,-2)
[+00:26:34.336] VoxelMesh: Chunk X=0 Y=0 Z=0 FlatVerts=4062 SlopeVerts=1368
[+00:26:34.341] VoxelChunk: GenerateAsync (2,2,-1)
[+00:26:34.437] VoxelMesh: Chunk X=0 Y=0 Z=0 FlatVerts=4950 SlopeVerts=10152
[+00:26:34.449] VoxelChunk: GenerateAsync (-2,-2,0)
[+00:26:34.543] VoxelMesh: Chunk X=0 Y=0 Z=0 FlatVerts=10050 SlopeVerts=48
[+00:26:34.555] VoxelChunk: GenerateAsync (-2,0,0)
[+00:26:34.652] VoxelMesh: Chunk X=0 Y=0 Z=0 FlatVerts=5910 SlopeVerts=12258
[+00:26:34.669] VoxelChunk: GenerateAsync (2,1,0)
[+00:26:34.670] VoxelMesh: Chunk X=2 Y=1 Z=0 FlatVerts=1908 SlopeVerts=528
[+00:26:34.759] VoxelChunk: GenerateAsync (0,2,-2)
[+00:26:34.861] VoxelChunk: GenerateAsync (-1,-1,-2)
[+00:26:34.964] VoxelMesh: Chunk X=0 Y=0 Z=0 FlatVerts=3486 SlopeVerts=2028
[+00:26:34.969] VoxelChunk: GenerateAsync (2,1,-1)
[+00:26:35.068] VoxelChunk: GenerateAsync (1,-2,-1)
[+00:26:35.172] VoxelChunk: GenerateAsync (0,-1,-2)
[+00:26:35.274] VoxelMesh: Chunk X=0 Y=0 Z=0 FlatVerts=10050 SlopeVerts=48
[+00:26:35.287] VoxelChunk: GenerateAsync (-2,0,-1)
[+00:26:35.383] VoxelChunk: GenerateAsync (-1,-2,-2)
[+00:26:35.487] VoxelChunk: GenerateAsync (0,0,-2)
[+00:26:35.591] VoxelChunk: GenerateAsync (2,0,-2)
[+00:26:35.693] VoxelChunk: GenerateAsync (-2,1,-2)
[+00:26:35.796] VoxelMesh: Chunk X=0 Y=0 Z=0 FlatVerts=10242 SlopeVerts=0
[+00:26:35.803] VoxelChunk: GenerateAsync (-1,2,0)
[+00:26:35.803] VoxelMesh: Chunk X=-1 Y=2 Z=0 FlatVerts=1572 SlopeVerts=528
[+00:26:35.900] VoxelMesh: Chunk X=0 Y=0 Z=0 FlatVerts=2334 SlopeVerts=10620
[+00:26:35.910] VoxelChunk: GenerateAsync (-1,-2,0)
[+00:26:36.008] VoxelChunk: GenerateAsync (2,2,-2)
[+00:26:36.127] VoxelMesh: Chunk X=0 Y=0 Z=0 FlatVerts=72 SlopeVerts=10464
[+00:26:36.133] VoxelChunk: GenerateAsync (1,-2,1)
[+00:26:36.134] VoxelMesh: Chunk X=1 Y=-2 Z=1 FlatVerts=42 SlopeVerts=1656
[+00:26:36.246] VoxelChunk: GenerateAsync (-2,-2,-2)
[+00:26:36.344] VoxelMesh: Chunk X=0 Y=0 Z=0 FlatVerts=9300 SlopeVerts=1902
[+00:26:36.356] VoxelChunk: GenerateAsync (-2,2,0)
[+00:26:36.357] VoxelMesh: Chunk X=-2 Y=2 Z=0 FlatVerts=0 SlopeVerts=96
[+00:26:36.455] VoxelChunk: GenerateAsync (2,-2,-2)
[+00:26:36.557] VoxelChunk: GenerateAsync (1,2,-2)
[+00:26:36.664] VoxelChunk: GenerateAsync (1,-2,-2)
[+00:26:36.772] VoxelMesh: Chunk X=0 Y=0 Z=0 FlatVerts=8010 SlopeVerts=7500
[+00:26:36.788] VoxelChunk: GenerateAsync (2,2,0)
[+00:26:36.789] VoxelMesh: Chunk X=2 Y=2 Z=0 FlatVerts=30 SlopeVerts=12
[+00:26:37.131] VoxelMesh: Chunk X=0 Y=0 Z=0 FlatVerts=3522 SlopeVerts=1254
[+00:26:37.136] VoxelChunk: GenerateAsync (-2,-2,-1)
[+00:26:37.468] VoxelChunk: GenerateAsync (0,-2,-2)
[+00:26:37.799] VoxelMesh: Chunk X=0 Y=0 Z=0 FlatVerts=10242 SlopeVerts=0
[+00:26:37.806] VoxelChunk: GenerateAsync (-1,2,-1)
[+00:26:38.136] VoxelMesh: Chunk X=0 Y=0 Z=0 FlatVerts=1434 SlopeVerts=13392
[+00:26:38.147] VoxelChunk: GenerateAsync (-2,-2,1)
[+00:26:38.149] VoxelMesh: Chunk X=-2 Y=-2 Z=1 FlatVerts=0 SlopeVerts=582
[+00:26:38.467] VoxelMesh: Chunk X=0 Y=0 Z=0 FlatVerts=8022 SlopeVerts=1158
[+00:26:38.478] VoxelChunk: GenerateAsync (-2,-1,-1)
[+00:26:38.842] VoxelChunk: GenerateAsync (1,-1,-2)
[+00:26:38.905] VoxelMesh: Chunk X=0 Y=0 Z=0 FlatVerts=36 SlopeVerts=60
[+00:26:38.906] VoxelChunk: GenerateAsync (2,-1,-1)
[+00:26:39.006] VoxelMesh: Chunk X=0 Y=0 Z=0 FlatVerts=8928 SlopeVerts=1170
[+00:26:39.019] VoxelChunk: GenerateAsync (1,2,-1)
[+00:26:39.121] VoxelMesh: Chunk X=0 Y=0 Z=0 FlatVerts=1302 SlopeVerts=20784
[+00:26:39.141] VoxelChunk: GenerateAsync (-1,-2,1)
[+00:26:39.143] VoxelMesh: Chunk X=-1 Y=-2 Z=1 FlatVerts=18 SlopeVerts=180
[+00:26:39.223] VoxelMesh: Chunk X=0 Y=0 Z=0 FlatVerts=420 SlopeVerts=1302
[+00:26:39.224] VoxelChunk: GenerateAsync (2,0,-1)
[+00:26:39.325] VoxelChunk: GenerateAsync (-2,0,-2)
[+00:26:39.427] VoxelChunk: GenerateAsync (1,0,-2)
[+00:26:39.530] VoxelMesh: Chunk X=0 Y=0 Z=0 FlatVerts=72 SlopeVerts=4392
[+00:26:39.534] VoxelChunk: GenerateAsync (2,-2,0)
[+00:26:39.535] VoxelMesh: Chunk X=2 Y=-2 Z=0 FlatVerts=0 SlopeVerts=180
[+00:26:39.635] VoxelMesh: Chunk X=0 Y=0 Z=0 FlatVerts=9264 SlopeVerts=1062
[+00:26:39.648] VoxelChunk: GenerateAsync (-2,2,-1)
[+00:26:39.740] VoxelMesh: Chunk X=0 Y=0 Z=0 FlatVerts=10794 SlopeVerts=264
[+00:26:39.752] VoxelChunk: GenerateAsync (0,2,-1)
[+00:26:39.853] VoxelMesh: Chunk X=0 Y=0 Z=0 FlatVerts=10326 SlopeVerts=6
[+00:26:39.870] VoxelChunk: GenerateAsync (-2,1,0)
[+00:26:39.949] VoxelChunk: GenerateAsync (0,1,-2)
[+00:26:40.049] VoxelChunk: GenerateAsync (1,1,-2)
[+00:26:40.151] VoxelChunk: GenerateAsync (2,1,-2)
[+00:26:40.253] VoxelMesh: Chunk X=0 Y=0 Z=0 FlatVerts=510 SlopeVerts=6546
[+00:26:40.257] VoxelChunk: GenerateAsync (0,-2,0)
[+00:26:40.644] VoxelMesh: Chunk X=0 Y=0 Z=0 FlatVerts=72 SlopeVerts=3486
[+00:26:40.647] VoxelChunk: GenerateAsync (1,-2,0)
[+00:26:40.978] VoxelMesh: Chunk X=0 Y=0 Z=0 FlatVerts=8580 SlopeVerts=2688
[+00:26:40.990] VoxelChunk: GenerateAsync (-2,-1,0)
[+00:26:41.312] VoxelChunk: GenerateAsync (-2,-3,-2)
[+00:26:41.645] VoxelChunk: GenerateAsync (-3,2,-2)
[+00:26:41.980] VoxelMesh: Chunk X=0 Y=0 Z=0 FlatVerts=0 SlopeVerts=672
[+00:26:41.980] VoxelChunk: GenerateAsync (3,-3,0)
[+00:26:42.314] VoxelChunk: GenerateAsync (-1,-3,-2)
[+00:26:42.647] VoxelChunk: GenerateAsync (3,1,-3)
[+00:26:42.979] VoxelChunk: GenerateAsync (3,3,3)
[+00:26:42.980] VoxelMesh: Chunk X=3 Y=3 Z=3 FlatVerts=78 SlopeVerts=2490
[+00:26:43.314] VoxelChunk: GenerateAsync (3,1,-2)
[+00:26:43.645] VoxelMesh: Chunk X=0 Y=0 Z=0 FlatVerts=5904 SlopeVerts=10278
[+00:26:43.659] VoxelChunk: GenerateAsync (-3,-2,0)
[+00:26:43.980] VoxelChunk: GenerateAsync (0,-3,-2)
[+00:26:44.311] VoxelMesh: Chunk X=0 Y=0 Z=0 FlatVerts=8664 SlopeVerts=2394
[+00:26:44.324] VoxelChunk: GenerateAsync (-3,-1,0)
[+00:26:44.647] VoxelChunk: GenerateAsync (1,-3,-2)
[+00:26:44.979] VoxelChunk: GenerateAsync (-3,2,-3)
[+00:26:45.314] VoxelChunk: GenerateAsync (2,0,-3)
[+00:26:45.646] VoxelChunk: GenerateAsync (3,2,-2)
[+00:26:45.979] VoxelChunk: GenerateAsync (-3,3,-2)
[+00:26:46.314] VoxelChunk: GenerateAsync (2,-3,-2)
[+00:26:46.645] VoxelChunk: GenerateAsync (-2,3,-2)
[+00:26:46.979] VoxelChunk: GenerateAsync (-1,3,-2)
[+00:26:47.314] VoxelChunk: GenerateAsync (3,-3,-2)
[+00:26:47.647] VoxelChunk: GenerateAsync (-2,2,-3)
[+00:26:47.978] VoxelChunk: GenerateAsync (0,3,-2)
[+00:26:48.312] VoxelChunk: GenerateAsync (1,3,-2)
[+00:26:48.646] VoxelChunk: GenerateAsync (-3,-2,-2)
[+00:26:48.980] VoxelChunk: GenerateAsync (2,3,-2)
[+00:26:49.314] VoxelChunk: GenerateAsync (-1,-3,-3)
[+00:26:49.648] VoxelChunk: GenerateAsync (3,3,-2)
[+00:26:49.981] VoxelChunk: GenerateAsync (-1,2,-3)
[+00:26:50.316] VoxelChunk: GenerateAsync (3,0,-3)
[+00:26:50.648] VoxelChunk: GenerateAsync (-2,0,-3)
[+00:26:50.979] VoxelMesh: Chunk X=0 Y=0 Z=0 FlatVerts=1854 SlopeVerts=2880
[+00:26:50.983] VoxelChunk: GenerateAsync (-3,-3,-1)
[+00:26:51.355] VoxelMesh: Chunk X=0 Y=0 Z=0 FlatVerts=7062 SlopeVerts=10188
[+00:26:51.371] VoxelChunk: GenerateAsync (3,1,0)
[+00:26:51.372] VoxelMesh: Chunk X=3 Y=1 Z=0 FlatVerts=18 SlopeVerts=156
[+00:26:51.463] VoxelMesh: Chunk X=0 Y=0 Z=0 FlatVerts=1344 SlopeVerts=1146
[+00:26:51.465] VoxelChunk: GenerateAsync (-2,-3,-1)
[+00:26:51.564] VoxelMesh: Chunk X=0 Y=0 Z=0 FlatVerts=0 SlopeVerts=12
[+00:26:51.565] VoxelChunk: GenerateAsync (-1,-3,-1)
[+00:26:51.668] VoxelChunk: GenerateAsync (1,-1,-3)
[+00:26:51.772] VoxelChunk: GenerateAsync (0,2,-3)
[+00:26:51.875] VoxelChunk: GenerateAsync (2,-3,-1)
[+00:26:51.984] VoxelChunk: GenerateAsync (3,-3,-1)
[+00:26:52.081] VoxelMesh: Chunk X=0 Y=0 Z=0 FlatVerts=4212 SlopeVerts=1326
[+00:26:52.087] VoxelChunk: GenerateAsync (-3,-2,-1)
[+00:26:52.186] VoxelChunk: GenerateAsync (1,2,-3)
[+00:26:52.291] VoxelChunk: GenerateAsync (-3,1,-3)
[+00:26:52.403] VoxelChunk: GenerateAsync (3,-2,-2)
[+00:26:52.500] VoxelChunk: GenerateAsync (-3,-1,-2)
[+00:26:52.606] VoxelChunk: GenerateAsync (2,2,-3)
[+00:26:52.712] VoxelChunk: GenerateAsync (0,-1,-3)
[+00:26:52.816] VoxelMesh: Chunk X=0 Y=0 Z=0 FlatVerts=8388 SlopeVerts=1044
[+00:26:52.827] VoxelChunk: GenerateAsync (-3,-1,-1)
[+00:26:52.924] VoxelChunk: GenerateAsync (3,2,-3)
[+00:26:53.029] VoxelChunk: GenerateAsync (-2,1,-3)
[+00:26:53.134] VoxelChunk: GenerateAsync (-1,0,-3)
[+00:26:53.239] VoxelChunk: GenerateAsync (3,-1,-3)
[+00:26:53.343] VoxelChunk: GenerateAsync (-2,-1,-3)
[+00:26:53.446] VoxelChunk: GenerateAsync (-3,-1,-3)
[+00:26:53.552] VoxelChunk: GenerateAsync (3,-2,-3)
[+00:26:53.657] VoxelChunk: GenerateAsync (-3,3,-3)
[+00:26:53.762] VoxelChunk: GenerateAsync (3,-1,-1)
[+00:26:53.862] VoxelMesh: Chunk X=0 Y=0 Z=0 FlatVerts=9894 SlopeVerts=576
[+00:26:53.875] VoxelChunk: GenerateAsync (-3,0,-1)
[+00:26:53.973] VoxelChunk: GenerateAsync (2,-2,-3)
[+00:26:54.078] VoxelChunk: GenerateAsync (3,-1,-2)
[+00:26:54.184] VoxelChunk: GenerateAsync (-2,3,-3)
[+00:26:54.290] VoxelChunk: GenerateAsync (-1,1,-3)
[+00:26:54.395] VoxelChunk: GenerateAsync (1,-2,-3)
[+00:26:54.499] VoxelChunk: GenerateAsync (0,-2,-3)
[+00:26:54.602] VoxelChunk: GenerateAsync (-3,0,-2)
[+00:26:54.705] VoxelMesh: Chunk X=0 Y=0 Z=0 FlatVerts=54 SlopeVerts=888
[+00:26:54.706] VoxelChunk: GenerateAsync (3,0,-1)
[+00:26:54.811] VoxelChunk: GenerateAsync (-1,3,-3)
[+00:26:54.915] VoxelMesh: Chunk X=0 Y=0 Z=0 FlatVerts=8892 SlopeVerts=1518
[+00:26:54.926] VoxelChunk: GenerateAsync (-3,1,-1)
[+00:26:55.023] VoxelChunk: GenerateAsync (-1,-2,-3)
[+00:26:55.128] VoxelChunk: GenerateAsync (-2,-2,-3)
[+00:26:55.233] VoxelChunk: GenerateAsync (0,3,-3)
[+00:26:55.337] VoxelChunk: GenerateAsync (0,1,-3)
[+00:26:55.440] VoxelChunk: GenerateAsync (3,3,-1)
[+00:26:55.550] VoxelChunk: GenerateAsync (0,0,-3)
[+00:26:55.659] VoxelMesh: Chunk X=0 Y=0 Z=0 FlatVerts=2568 SlopeVerts=11586
[+00:26:55.669] VoxelChunk: GenerateAsync (-2,-3,0)
[+00:26:55.759] VoxelMesh: Chunk X=0 Y=0 Z=0 FlatVerts=336 SlopeVerts=5088
[+00:26:55.763] VoxelChunk: GenerateAsync (-1,-3,0)
[+00:26:55.764] VoxelMesh: Chunk X=-1 Y=-3 Z=0 FlatVerts=0 SlopeVerts=66
[+00:26:55.873] VoxelMesh: Chunk X=0 Y=0 Z=0 FlatVerts=48 SlopeVerts=1338
[+00:27:25.096] VoxelChunk: GenerateAsync (0,-3,0)
[+00:27:25.272] VoxelMesh: Chunk X=0 Y=0 Z=0 FlatVerts=36 SlopeVerts=240
[+00:27:25.274] VoxelChunk: GenerateAsync (1,-3,0)
[+00:27:25.295] VoxelMesh: Chunk X=0 Y=0 Z=0 FlatVerts=0 SlopeVerts=672
[+00:27:25.297] VoxelChunk: GenerateAsync (2,-3,0)
[+00:27:25.433] VoxelChunk: GenerateAsync (-3,-2,-3)
[+00:27:25.519] VoxelMesh: Chunk X=0 Y=0 Z=0 FlatVerts=612 SlopeVerts=1350
[+00:27:25.521] VoxelChunk: GenerateAsync (3,1,-1)
[+00:27:25.621] VoxelMesh: Chunk X=0 Y=0 Z=0 FlatVerts=5724 SlopeVerts=2100
[+00:27:25.630] VoxelChunk: GenerateAsync (-3,2,-1)
[+00:27:25.725] VoxelChunk: GenerateAsync (1,3,-3)
[+00:27:25.826] VoxelChunk: GenerateAsync (3,0,-2)
[+00:27:25.928] VoxelChunk: GenerateAsync (-3,1,-2)
[+00:27:26.034] VoxelChunk: GenerateAsync (2,3,-3)
[+00:27:26.293] VoxelMesh: Chunk X=0 Y=0 Z=0 FlatVerts=0 SlopeVerts=2448
[+00:27:26.295] VoxelChunk: GenerateAsync (3,-2,0)
[+00:27:26.295] VoxelMesh: Chunk X=3 Y=-2 Z=0 FlatVerts=0 SlopeVerts=102
[+00:27:26.397] VoxelChunk: GenerateAsync (1,1,-3)
[+00:27:26.512] VoxelMesh: Chunk X=0 Y=0 Z=0 FlatVerts=558 SlopeVerts=462
[+00:27:26.513] VoxelChunk: GenerateAsync (3,2,-1)
[+00:27:26.607] VoxelChunk: GenerateAsync (3,-3,-3)
[+00:27:26.730] VoxelChunk: GenerateAsync (2,-3,-3)
[+00:27:26.844] VoxelChunk: GenerateAsync (1,-3,-3)
[+00:27:26.949] VoxelMesh: Chunk X=0 Y=0 Z=0 FlatVerts=2430 SlopeVerts=1974
[+00:27:26.954] VoxelChunk: GenerateAsync (-3,3,-1)
[+00:27:27.043] VoxelMesh: Chunk X=0 Y=0 Z=0 FlatVerts=42 SlopeVerts=2082
[+00:27:27.044] VoxelChunk: GenerateAsync (3,-1,0)
[+00:27:27.045] VoxelMesh: Chunk X=3 Y=-1 Z=0 FlatVerts=312 SlopeVerts=462
[+00:27:27.150] VoxelMesh: Chunk X=0 Y=0 Z=0 FlatVerts=9894 SlopeVerts=576
[+00:27:27.163] VoxelChunk: GenerateAsync (-3,0,0)
[+00:27:27.252] VoxelMesh: Chunk X=0 Y=0 Z=0 FlatVerts=6078 SlopeVerts=2448
[+00:27:27.260] VoxelChunk: GenerateAsync (-2,3,-1)
[+00:27:27.359] VoxelChunk: GenerateAsync (0,-3,-3)
[+00:27:27.465] VoxelChunk: GenerateAsync (3,3,-3)
[+00:27:27.569] VoxelMesh: Chunk X=0 Y=0 Z=0 FlatVerts=6948 SlopeVerts=1038
[+00:27:27.577] VoxelChunk: GenerateAsync (-1,3,-1)
[+00:27:27.673] VoxelMesh: Chunk X=0 Y=0 Z=0 FlatVerts=6060 SlopeVerts=1098
[+00:27:27.681] VoxelChunk: GenerateAsync (0,3,-1)
[+00:27:27.778] VoxelMesh: Chunk X=0 Y=0 Z=0 FlatVerts=2568 SlopeVerts=7140
[+00:27:27.786] VoxelChunk: GenerateAsync (3,0,0)
[+00:27:27.787] VoxelMesh: Chunk X=3 Y=0 Z=0 FlatVerts=432 SlopeVerts=438
[+00:27:27.893] VoxelMesh: Chunk X=0 Y=0 Z=0 FlatVerts=9288 SlopeVerts=3318
[+00:27:27.906] VoxelChunk: GenerateAsync (-3,1,0)
[+00:27:27.995] VoxelMesh: Chunk X=0 Y=0 Z=0 FlatVerts=3792 SlopeVerts=1224
[+00:27:28.000] VoxelChunk: GenerateAsync (1,3,-1)
[+00:27:28.100] VoxelMesh: Chunk X=0 Y=0 Z=0 FlatVerts=954 SlopeVerts=588
[+00:27:28.102] VoxelChunk: GenerateAsync (2,3,-1)
[+00:27:28.202] VoxelChunk: GenerateAsync (-2,-3,-3)
[+00:27:28.307] VoxelChunk: GenerateAsync (-3,-3,-3)
[+00:27:28.410] VoxelChunk: GenerateAsync (-3,-3,-2)
[+00:27:28.518] VoxelChunk: GenerateAsync (2,1,-3)
[+00:27:28.623] VoxelMesh: Chunk X=0 Y=0 Z=0 FlatVerts=6204 SlopeVerts=7098
[+00:27:28.634] VoxelChunk: GenerateAsync (-3,2,0)
[+00:27:28.725] VoxelChunk: GenerateAsync (1,0,-3)
[+00:27:28.836] VoxelChunk: GenerateAsync (-3,0,-3)
[+00:27:28.941] VoxelChunk: GenerateAsync (2,-1,-3)
[+00:27:29.041] VoxelChunk: GenerateAsync (0,-3,-1)
[+00:27:29.146] VoxelChunk: GenerateAsync (1,-3,-1)
[+00:27:29.252] VoxelChunk: GenerateAsync (-1,-1,-3)
[+00:27:29.355] VoxelMesh: Chunk X=0 Y=0 Z=0 FlatVerts=8154 SlopeVerts=4350
[+00:27:29.369] VoxelChunk: GenerateAsync (3,2,0)
[+00:27:29.461] VoxelMesh: Chunk X=0 Y=0 Z=0 FlatVerts=3906 SlopeVerts=9792
[+00:27:29.471] VoxelChunk: GenerateAsync (-3,3,0)
[+00:27:29.565] VoxelMesh: Chunk X=0 Y=0 Z=0 FlatVerts=7650 SlopeVerts=8016
[+00:27:29.580] VoxelChunk: GenerateAsync (-2,3,0)
[+00:27:29.581] VoxelMesh: Chunk X=-2 Y=3 Z=0 FlatVerts=0 SlopeVerts=0
[+00:27:29.669] VoxelMesh: Chunk X=0 Y=0 Z=0 FlatVerts=8826 SlopeVerts=4620
[+00:27:29.682] VoxelChunk: GenerateAsync (-1,3,0)
[+00:27:29.683] VoxelMesh: Chunk X=-1 Y=3 Z=0 FlatVerts=18 SlopeVerts=24
[+00:27:29.771] VoxelMesh: Chunk X=0 Y=0 Z=0 FlatVerts=7860 SlopeVerts=6048
[+00:27:29.784] VoxelChunk: GenerateAsync (0,3,0)
[+00:27:29.785] VoxelMesh: Chunk X=0 Y=3 Z=0 FlatVerts=24 SlopeVerts=6
[+00:27:29.879] VoxelMesh: Chunk X=0 Y=0 Z=0 FlatVerts=6432 SlopeVerts=7572
[+00:27:29.891] VoxelChunk: GenerateAsync (1,3,0)
[+00:27:29.892] VoxelMesh: Chunk X=1 Y=3 Z=0 FlatVerts=0 SlopeVerts=12
[+00:27:29.979] VoxelMesh: Chunk X=0 Y=0 Z=0 FlatVerts=7056 SlopeVerts=5172
[+00:27:29.991] VoxelChunk: GenerateAsync (2,3,0)
[+00:27:30.087] VoxelMesh: Chunk X=0 Y=0 Z=0 FlatVerts=8700 SlopeVerts=1266
[+00:27:30.098] VoxelChunk: GenerateAsync (3,3,0)
[+00:27:30.199] VoxelMesh: Chunk X=0 Y=0 Z=0 FlatVerts=2226 SlopeVerts=14814
[+00:27:30.214] VoxelChunk: GenerateAsync (-3,-3,1)
[+00:27:30.214] VoxelMesh: Chunk X=-3 Y=-3 Z=1 FlatVerts=552 SlopeVerts=1548
[+00:27:30.304] VoxelMesh: Chunk X=0 Y=0 Z=0 FlatVerts=1410 SlopeVerts=22008
[+00:27:30.322] VoxelChunk: GenerateAsync (-2,-3,1)
[+00:27:30.323] VoxelMesh: Chunk X=-2 Y=-3 Z=1 FlatVerts=450 SlopeVerts=5172
[+00:27:30.405] VoxelMesh: Chunk X=0 Y=0 Z=0 FlatVerts=534 SlopeVerts=23796
[+00:27:30.423] VoxelChunk: GenerateAsync (-1,-3,1)
[+00:27:30.424] VoxelMesh: Chunk X=-1 Y=-3 Z=1 FlatVerts=72 SlopeVerts=3252
[+00:27:30.510] VoxelMesh: Chunk X=0 Y=0 Z=0 FlatVerts=84 SlopeVerts=12252
[+00:27:30.518] VoxelChunk: GenerateAsync (0,-3,1)
[+00:27:30.519] VoxelMesh: Chunk X=0 Y=-3 Z=1 FlatVerts=54 SlopeVerts=1092
[+00:27:30.615] VoxelMesh: Chunk X=0 Y=0 Z=0 FlatVerts=48 SlopeVerts=3636
[+00:27:30.617] VoxelChunk: GenerateAsync (1,-3,1)
[+00:27:30.714] VoxelMesh: Chunk X=0 Y=0 Z=0 FlatVerts=54 SlopeVerts=4992
[+00:27:30.717] VoxelChunk: GenerateAsync (2,-3,1)
[+00:27:30.822] VoxelMesh: Chunk X=0 Y=0 Z=0 FlatVerts=78 SlopeVerts=5994
[+00:27:30.826] VoxelChunk: GenerateAsync (3,-3,1)
[+00:27:30.827] VoxelMesh: Chunk X=3 Y=-3 Z=1 FlatVerts=60 SlopeVerts=342
[+00:27:30.925] VoxelMesh: Chunk X=0 Y=0 Z=0 FlatVerts=1728 SlopeVerts=9846
[+00:27:30.933] VoxelChunk: GenerateAsync (-3,-2,1)
[+00:27:30.935] VoxelMesh: Chunk X=-3 Y=-2 Z=1 FlatVerts=0 SlopeVerts=762
[+00:27:31.030] VoxelChunk: GenerateAsync (3,-2,-1)
[+00:27:31.132] VoxelMesh: Chunk X=0 Y=0 Z=0 FlatVerts=4008 SlopeVerts=16230
[+00:27:31.149] VoxelChunk: GenerateAsync (-3,-3,0)
[+00:27:31.240] VoxelMesh: Chunk X=0 Y=0 Z=0 FlatVerts=0 SlopeVerts=294
[+00:27:31.241] VoxelChunk: GenerateAsync (-3,1,2)
[+00:27:31.242] VoxelMesh: Chunk X=-3 Y=1 Z=2 FlatVerts=0 SlopeVerts=42
[+00:27:31.342] VoxelChunk: GenerateAsync (2,3,3)
[+00:27:31.343] VoxelMesh: Chunk X=2 Y=3 Z=3 FlatVerts=0 SlopeVerts=2670
[+00:27:31.446] VoxelChunk: GenerateAsync (1,3,3)
[+00:27:31.448] VoxelMesh: Chunk X=1 Y=3 Z=3 FlatVerts=0 SlopeVerts=1308
[+00:27:31.547] VoxelMesh: Chunk X=0 Y=0 Z=0 FlatVerts=78 SlopeVerts=10080
[+00:27:31.553] VoxelChunk: GenerateAsync (3,-2,1)
[+00:27:31.553] VoxelMesh: Chunk X=3 Y=-2 Z=1 FlatVerts=1650 SlopeVerts=2316
[+00:27:31.651] VoxelMesh: Chunk X=0 Y=0 Z=0 FlatVerts=312 SlopeVerts=1518
[+00:27:31.653] VoxelChunk: GenerateAsync (-3,-1,1)
[+00:27:31.754] VoxelMesh: Chunk X=0 Y=0 Z=0 FlatVerts=0 SlopeVerts=1572
[+00:27:31.755] VoxelChunk: GenerateAsync (-2,-3,3)
[+00:27:31.757] VoxelMesh: Chunk X=-2 Y=-3 Z=3 FlatVerts=0 SlopeVerts=30
[+00:27:31.856] VoxelChunk: GenerateAsync (-3,1,3)
[+00:27:31.857] VoxelMesh: Chunk X=-3 Y=1 Z=3 FlatVerts=12 SlopeVerts=2220
[+00:27:31.962] VoxelMesh: Chunk X=0 Y=0 Z=0 FlatVerts=36 SlopeVerts=18618
[+00:27:31.975] VoxelChunk: GenerateAsync (-1,-3,3)
[+00:27:31.977] VoxelMesh: Chunk X=-1 Y=-3 Z=3 FlatVerts=0 SlopeVerts=4350
[+00:27:32.066] VoxelMesh: Chunk X=0 Y=0 Z=0 FlatVerts=0 SlopeVerts=19734
[+00:27:32.079] VoxelChunk: GenerateAsync (1,-1,3)
[+00:27:32.171] VoxelChunk: GenerateAsync (-2,1,3)
[+00:27:32.173] VoxelMesh: Chunk X=-2 Y=1 Z=3 FlatVerts=144 SlopeVerts=7686
[+00:27:32.276] VoxelChunk: GenerateAsync (0,2,3)
[+00:27:32.385] VoxelMesh: Chunk X=0 Y=0 Z=0 FlatVerts=156 SlopeVerts=35592
[+00:27:32.411] VoxelChunk: GenerateAsync (0,-3,3)
[+00:27:32.412] VoxelMesh: Chunk X=0 Y=-3 Z=3 FlatVerts=12 SlopeVerts=5208
[+00:27:32.493] VoxelMesh: Chunk X=0 Y=0 Z=0 FlatVerts=72 SlopeVerts=40152
[+00:27:32.521] VoxelChunk: GenerateAsync (1,-2,3)
[+00:27:32.522] VoxelMesh: Chunk X=1 Y=-2 Z=3 FlatVerts=12 SlopeVerts=3816
[+00:27:32.596] VoxelMesh: Chunk X=0 Y=0 Z=0 FlatVerts=18 SlopeVerts=26208
[+00:27:32.613] VoxelChunk: GenerateAsync (2,-1,3)
[+00:27:32.696] VoxelChunk: GenerateAsync (-3,0,3)
[+00:27:32.698] VoxelMesh: Chunk X=-3 Y=0 Z=3 FlatVerts=0 SlopeVerts=1566
[+00:27:32.800] VoxelChunk: GenerateAsync (-1,1,3)
[+00:27:32.802] VoxelMesh: Chunk X=-1 Y=1 Z=3 FlatVerts=0 SlopeVerts=294
[+00:27:32.903] VoxelMesh: Chunk X=0 Y=0 Z=0 FlatVerts=36 SlopeVerts=834
[+00:27:32.904] VoxelChunk: GenerateAsync (-3,2,3)
[+00:27:32.904] VoxelMesh: Chunk X=-3 Y=2 Z=3 FlatVerts=6 SlopeVerts=960
[+00:27:33.003] VoxelChunk: GenerateAsync (1,2,3)
[+00:27:33.004] VoxelMesh: Chunk X=1 Y=2 Z=3 FlatVerts=0 SlopeVerts=732
[+00:27:33.108] VoxelMesh: Chunk X=0 Y=0 Z=0 FlatVerts=36 SlopeVerts=1386
[+00:27:33.109] VoxelChunk: GenerateAsync (-3,3,3)
[+00:27:33.111] VoxelMesh: Chunk X=-3 Y=3 Z=3 FlatVerts=60 SlopeVerts=3114
[+00:27:33.218] VoxelMesh: Chunk X=0 Y=0 Z=0 FlatVerts=198 SlopeVerts=39942
[+00:27:33.253] VoxelChunk: GenerateAsync (1,-3,3)
[+00:27:33.254] VoxelMesh: Chunk X=1 Y=-3 Z=3 FlatVerts=0 SlopeVerts=4710
[+00:27:33.322] VoxelMesh: Chunk X=0 Y=0 Z=0 FlatVerts=0 SlopeVerts=588
[+00:27:33.323] VoxelChunk: GenerateAsync (-2,-2,3)
[+00:27:33.325] VoxelMesh: Chunk X=-2 Y=-2 Z=3 FlatVerts=0 SlopeVerts=6306
[+00:27:33.426] VoxelMesh: Chunk X=0 Y=0 Z=0 FlatVerts=24 SlopeVerts=36822
[+00:27:33.451] VoxelChunk: GenerateAsync (2,-2,3)
[+00:27:33.454] VoxelMesh: Chunk X=2 Y=-2 Z=3 FlatVerts=6 SlopeVerts=3102
[+00:27:33.530] VoxelMesh: Chunk X=0 Y=0 Z=0 FlatVerts=0 SlopeVerts=10266
[+00:27:33.536] VoxelChunk: GenerateAsync (0,-1,3)
[+00:27:33.539] VoxelMesh: Chunk X=0 Y=-1 Z=3 FlatVerts=0 SlopeVerts=72
[+00:27:33.630] VoxelMesh: Chunk X=0 Y=0 Z=0 FlatVerts=7380 SlopeVerts=11868
[+00:27:33.648] VoxelChunk: GenerateAsync (3,1,1)
[+00:27:33.649] VoxelMesh: Chunk X=3 Y=1 Z=1 FlatVerts=126 SlopeVerts=1152
[+00:27:33.732] VoxelMesh: Chunk X=0 Y=0 Z=0 FlatVerts=96 SlopeVerts=31830
[+00:27:33.754] VoxelChunk: GenerateAsync (3,-1,3)
[+00:27:33.836] VoxelChunk: GenerateAsync (-2,0,3)
[+00:27:33.837] VoxelMesh: Chunk X=-2 Y=0 Z=3 FlatVerts=0 SlopeVerts=5388
[+00:27:33.937] VoxelMesh: Chunk X=0 Y=0 Z=0 FlatVerts=0 SlopeVerts=2418
[+00:27:33.939] VoxelChunk: GenerateAsync (1,0,3)
[+00:27:40.402] VoxelWater: No owner or OceanPlaneMesh — skipping ocean.
[+00:27:40.402] VoxelWorld: GenerateWorldDeferred started.
[+00:27:40.402] VoxelWorld: Queued 440 chunks.
[+00:27:40.432] VoxelMesh: Chunk X=0 Y=0 Z=0 FlatVerts=3600 SlopeVerts=13752
[+00:27:40.433] VoxelChunk: GenerateAsync (1,0,0)
[+00:27:40.434] VoxelMesh: Chunk X=1 Y=0 Z=0 FlatVerts=852 SlopeVerts=1656
[+00:27:40.437] VoxelMesh: Chunk X=0 Y=0 Z=0 FlatVerts=4986 SlopeVerts=1782
[+00:27:40.438] VoxelChunk: GenerateAsync (-1,-1,-1)
[+00:27:40.443] VoxelMesh: Chunk X=0 Y=0 Z=0 FlatVerts=1542 SlopeVerts=1056
[+00:27:40.443] VoxelChunk: GenerateAsync (0,-1,-1)
[+00:27:40.449] VoxelMesh: Chunk X=0 Y=0 Z=0 FlatVerts=990 SlopeVerts=5526
[+00:27:40.450] VoxelChunk: GenerateAsync (1,1,1)
[+00:27:40.451] VoxelMesh: Chunk X=1 Y=1 Z=1 FlatVerts=0 SlopeVerts=0
[+00:27:40.521] VoxelChunk: GenerateAsync (0,1,3)
[+00:27:40.535] VoxelMesh: Chunk X=0 Y=0 Z=0 FlatVerts=8946 SlopeVerts=966
[+00:27:40.537] VoxelChunk: GenerateAsync (-1,0,-1)
[+00:27:40.544] VoxelMesh: Chunk X=0 Y=0 Z=0 FlatVerts=1050 SlopeVerts=10668
[+00:27:40.545] VoxelChunk: GenerateAsync (-1,-1,1)
[+00:27:40.546] VoxelMesh: Chunk X=-1 Y=-1 Z=1 FlatVerts=354 SlopeVerts=960
[+00:27:40.549] VoxelMesh: Chunk X=0 Y=0 Z=0 FlatVerts=8106 SlopeVerts=6360
[+00:27:40.551] VoxelChunk: GenerateAsync (1,1,0)
[+00:27:40.552] VoxelMesh: Chunk X=1 Y=1 Z=0 FlatVerts=2568 SlopeVerts=0
[+00:27:40.555] VoxelMesh: Chunk X=0 Y=0 Z=0 FlatVerts=9000 SlopeVerts=2988
[+00:27:40.557] VoxelChunk: GenerateAsync (-1,0,0)
[+00:27:40.557] VoxelWater: Chunk X=1 Y=0 Z=0 emitted 68 procedural water vertices (Ocean/Pools)
[+00:27:40.559] VoxelMesh: Chunk X=-1 Y=0 Z=0 FlatVerts=2622 SlopeVerts=36
[+00:27:40.589] VoxelMesh: Chunk X=0 Y=0 Z=0 FlatVerts=0 SlopeVerts=12
[+00:27:40.590] VoxelChunk: GenerateAsync (1,1,3)
[+00:27:40.602] VoxelMesh: Chunk X=0 Y=0 Z=0 FlatVerts=0 SlopeVerts=0
[+00:27:40.602] VoxelChunk: GenerateAsync (-1,1,1)
[+00:27:40.606] VoxelMesh: Chunk X=0 Y=0 Z=0 FlatVerts=9804 SlopeVerts=2352
[+00:27:40.609] VoxelChunk: GenerateAsync (0,1,0)
[+00:27:40.610] VoxelMesh: Chunk X=0 Y=1 Z=0 FlatVerts=2652 SlopeVerts=0
[+00:27:40.612] VoxelMesh: Chunk X=0 Y=0 Z=0 FlatVerts=9684 SlopeVerts=744
[+00:27:40.615] VoxelChunk: GenerateAsync (0,1,-1)
[+00:27:40.620] VoxelMesh: Chunk X=0 Y=0 Z=0 FlatVerts=900 SlopeVerts=11538
[+00:27:40.621] VoxelChunk: GenerateAsync (1,-1,0)
[+00:27:40.621] VoxelMesh: Chunk X=1 Y=-1 Z=0 FlatVerts=264 SlopeVerts=1044
[+00:27:40.632] VoxelMesh: Chunk X=0 Y=0 Z=0 FlatVerts=5532 SlopeVerts=1776
[+00:27:40.634] VoxelChunk: GenerateAsync (0,0,-1)
[+00:27:40.642] VoxelMesh: Chunk X=0 Y=0 Z=0 FlatVerts=1608 SlopeVerts=20934
[+00:27:40.644] VoxelChunk: GenerateAsync (1,0,1)
[+00:27:40.646] VoxelMesh: Chunk X=1 Y=0 Z=1 FlatVerts=0 SlopeVerts=1980
[+00:27:40.650] VoxelMesh: Chunk X=0 Y=0 Z=0 FlatVerts=648 SlopeVerts=25830
[+00:27:40.652] VoxelChunk: GenerateAsync (1,-1,1)
[+00:27:40.652] VoxelMesh: Chunk X=1 Y=-1 Z=1 FlatVerts=0 SlopeVerts=2358
[+00:27:40.656] VoxelMesh: Chunk X=0 Y=0 Z=0 FlatVerts=10458 SlopeVerts=30
[+00:27:40.657] VoxelChunk: GenerateAsync (-1,1,0)
[+00:27:40.658] VoxelMesh: Chunk X=-1 Y=1 Z=0 FlatVerts=2610 SlopeVerts=0
[+00:27:40.680] VoxelChunk: GenerateAsync (-2,2,3)
[+00:27:40.682] VoxelMesh: Chunk X=-2 Y=2 Z=3 FlatVerts=18 SlopeVerts=4698
[+00:27:40.687] VoxelMesh: Chunk X=0 Y=0 Z=0 FlatVerts=2346 SlopeVerts=13626
[+00:27:40.689] VoxelChunk: GenerateAsync (0,-1,0)
[+00:27:40.691] VoxelMesh: Chunk X=0 Y=-1 Z=0 FlatVerts=78 SlopeVerts=438
[+00:27:40.694] VoxelMesh: Chunk X=0 Y=0 Z=0 FlatVerts=10458 SlopeVerts=30
[+00:27:40.696] VoxelChunk: GenerateAsync (-1,1,-1)
[+00:27:40.701] VoxelMesh: Chunk X=0 Y=0 Z=0 FlatVerts=2016 SlopeVerts=1272
[+00:27:40.702] VoxelChunk: GenerateAsync (1,0,-1)
[+00:27:40.707] VoxelMesh: Chunk X=0 Y=0 Z=0 FlatVerts=6012 SlopeVerts=9192
[+00:27:40.709] VoxelChunk: GenerateAsync (-1,-1,0)
[+00:27:40.709] VoxelMesh: Chunk X=-1 Y=-1 Z=0 FlatVerts=1290 SlopeVerts=1842
[+00:27:40.723] VoxelMesh: Chunk X=0 Y=0 Z=0 FlatVerts=7176 SlopeVerts=1398
[+00:27:40.725] VoxelChunk: GenerateAsync (1,1,-1)
[+00:27:40.731] VoxelMesh: Chunk X=0 Y=0 Z=0 FlatVerts=216 SlopeVerts=198
[+00:27:40.731] VoxelChunk: GenerateAsync (1,-1,-1)
[+00:27:40.737] VoxelMesh: Chunk X=0 Y=0 Z=0 FlatVerts=144 SlopeVerts=1698
[+00:27:40.737] VoxelChunk: GenerateAsync (0,1,1)
[+00:27:40.744] VoxelMesh: Chunk X=0 Y=0 Z=0 FlatVerts=456 SlopeVerts=10890
[+00:27:40.745] VoxelChunk: GenerateAsync (0,0,1)
[+00:27:40.746] VoxelMesh: Chunk X=0 Y=0 Z=1 FlatVerts=0 SlopeVerts=1998
[+00:27:40.760] VoxelMesh: Chunk X=0 Y=0 Z=0 FlatVerts=54 SlopeVerts=2202
[+00:27:40.761] VoxelChunk: GenerateAsync (-1,0,1)
[+00:27:40.767] VoxelMesh: Chunk X=0 Y=0 Z=0 FlatVerts=792 SlopeVerts=22050
[+00:27:40.769] VoxelChunk: GenerateAsync (0,-1,1)
[+00:27:40.769] VoxelMesh: Chunk X=0 Y=-1 Z=1 FlatVerts=0 SlopeVerts=2352
[+00:27:40.775] VoxelMesh: Chunk X=0 Y=0 Z=0 FlatVerts=6 SlopeVerts=3168
[+00:27:40.776] VoxelChunk: GenerateAsync (-1,-1,2)
[+00:27:40.779] VoxelMesh: Chunk X=-1 Y=-1 Z=2 FlatVerts=0 SlopeVerts=0
[+00:27:40.783] VoxelChunk: GenerateAsync (-2,-1,2)
[+00:27:40.785] VoxelWater: Chunk X=1 Y=0 Z=0 emitted 84 procedural water vertices (Ocean/Pools)
[+00:27:40.785] VoxelWater: Chunk X=-1 Y=-1 Z=1 emitted 64 procedural water vertices (Ocean/Pools)
[+00:27:40.785] VoxelWater: Chunk X=0 Y=-1 Z=1 emitted 4 procedural water vertices (Ocean/Pools)
[+00:27:40.785] VoxelWater: Chunk X=1 Y=1 Z=0 emitted 28 procedural water vertices (Ocean/Pools)
[+00:27:40.786] VoxelWater: Chunk X=-1 Y=0 Z=0 emitted 36 procedural water vertices (Ocean/Pools)
[+00:27:40.786] VoxelWater: Chunk X=0 Y=1 Z=0 emitted 12 procedural water vertices (Ocean/Pools)
[+00:27:40.786] VoxelWater: Chunk X=1 Y=-1 Z=0 emitted 8 procedural water vertices (Ocean/Pools)
[+00:27:40.786] VoxelWater: Chunk X=0 Y=0 Z=1 emitted 4 procedural water vertices (Ocean/Pools)
[+00:27:40.786] VoxelWater: Chunk X=1 Y=0 Z=1 emitted 40 procedural water vertices (Ocean/Pools)
[+00:27:40.786] VoxelWater: Chunk X=1 Y=-1 Z=1 emitted 32 procedural water vertices (Ocean/Pools)
[+00:27:40.786] VoxelWater: Chunk X=-1 Y=1 Z=0 emitted 32 procedural water vertices (Ocean/Pools)
[+00:27:40.786] VoxelWater: Chunk X=0 Y=-1 Z=0 emitted 8 procedural water vertices (Ocean/Pools)
[+00:27:40.786] VoxelWater: Chunk X=-1 Y=-1 Z=0 emitted 32 procedural water vertices (Ocean/Pools)
[+00:27:40.797] VoxelMesh: Chunk X=0 Y=0 Z=0 FlatVerts=2850 SlopeVerts=16992
[+00:27:40.813] VoxelChunk: GenerateAsync (3,0,1)
[+00:27:40.814] VoxelMesh: Chunk X=3 Y=0 Z=1 FlatVerts=1176 SlopeVerts=2484
[+00:27:40.825] VoxelMesh: Chunk X=0 Y=0 Z=0 FlatVerts=270 SlopeVerts=19878
[+00:27:40.826] VoxelChunk: GenerateAsync (2,0,2)
[+00:27:40.832] VoxelMesh: Chunk X=0 Y=0 Z=0 FlatVerts=78 SlopeVerts=26964
[+00:27:40.834] VoxelChunk: GenerateAsync (2,-2,2)
[+00:27:40.840] VoxelMesh: Chunk X=0 Y=0 Z=0 FlatVerts=18 SlopeVerts=25110
[+00:27:40.842] VoxelChunk: GenerateAsync (1,-2,2)
[+00:27:40.844] VoxelMesh: Chunk X=1 Y=-2 Z=2 FlatVerts=0 SlopeVerts=2346
[+00:27:40.849] VoxelMesh: Chunk X=0 Y=0 Z=0 FlatVerts=0 SlopeVerts=10548
[+00:27:40.850] VoxelChunk: GenerateAsync (1,0,2)
[+00:27:40.852] VoxelMesh: Chunk X=1 Y=0 Z=2 FlatVerts=0 SlopeVerts=66
[+00:27:40.867] VoxelMesh: Chunk X=0 Y=0 Z=0 FlatVerts=0 SlopeVerts=384
[+00:27:40.868] VoxelChunk: GenerateAsync (1,1,2)
[+00:27:40.874] VoxelMesh: Chunk X=0 Y=0 Z=0 FlatVerts=36 SlopeVerts=26892
[+00:27:40.875] VoxelChunk: GenerateAsync (0,-2,2)
[+00:27:40.876] VoxelMesh: Chunk X=0 Y=-2 Z=2 FlatVerts=0 SlopeVerts=1266
[+00:27:40.882] VoxelMesh: Chunk X=0 Y=0 Z=0 FlatVerts=48 SlopeVerts=16800
[+00:27:40.883] VoxelChunk: GenerateAsync (-1,-2,2)
[+00:27:40.885] VoxelMesh: Chunk X=-1 Y=-2 Z=2 FlatVerts=0 SlopeVerts=2220
[+00:27:40.889] VoxelMesh: Chunk X=0 Y=0 Z=0 FlatVerts=0 SlopeVerts=0
[+00:27:40.889] VoxelChunk: GenerateAsync (-2,1,1)
[+00:27:40.891] VoxelMesh: Chunk X=-2 Y=1 Z=1 FlatVerts=0 SlopeVerts=0
[+00:27:40.903] VoxelChunk: GenerateAsync (2,2,3)
[+00:27:40.904] VoxelMesh: Chunk X=2 Y=2 Z=3 FlatVerts=0 SlopeVerts=2208
[+00:27:40.912] VoxelMesh: Chunk X=0 Y=0 Z=0 FlatVerts=1734 SlopeVerts=24420
[+00:27:40.914] VoxelChunk: GenerateAsync (2,0,1)
[+00:27:40.915] VoxelMesh: Chunk X=2 Y=0 Z=1 FlatVerts=258 SlopeVerts=1512
[+00:27:40.920] VoxelMesh: Chunk X=0 Y=0 Z=0 FlatVerts=0 SlopeVerts=2088
[+00:27:40.921] VoxelChunk: GenerateAsync (0,0,2)
[+00:27:40.922] VoxelMesh: Chunk X=0 Y=0 Z=2 FlatVerts=0 SlopeVerts=66
[+00:27:40.928] VoxelMesh: Chunk X=0 Y=0 Z=0 FlatVerts=18 SlopeVerts=4860
[+00:27:40.929] VoxelChunk: GenerateAsync (-2,-2,2)
[+00:27:40.932] VoxelMesh: Chunk X=-2 Y=-2 Z=2 FlatVerts=30 SlopeVerts=282
[+00:27:40.935] VoxelMesh: Chunk X=0 Y=0 Z=0 FlatVerts=5688 SlopeVerts=6942
[+00:27:40.936] VoxelChunk: GenerateAsync (2,2,1)
[+00:27:40.937] VoxelMesh: Chunk X=2 Y=2 Z=1 FlatVerts=2922 SlopeVerts=1266
[+00:27:40.952] VoxelMesh: Chunk X=0 Y=0 Z=0 FlatVerts=0 SlopeVerts=0
[+00:27:40.953] VoxelChunk: GenerateAsync (-2,0,1)
[+00:27:40.954] VoxelMesh: Chunk X=-2 Y=0 Z=1 FlatVerts=462 SlopeVerts=1470
[+00:27:40.958] VoxelMesh: Chunk X=0 Y=0 Z=0 FlatVerts=636 SlopeVerts=23916
[+00:27:40.960] VoxelChunk: GenerateAsync (2,-1,1)
[+00:27:40.961] VoxelMesh: Chunk X=2 Y=-1 Z=1 FlatVerts=264 SlopeVerts=1596
[+00:27:40.965] VoxelMesh: Chunk X=0 Y=0 Z=0 FlatVerts=0 SlopeVerts=72
[+00:27:40.965] VoxelChunk: GenerateAsync (-1,0,2)
[+00:27:40.972] VoxelChunk: GenerateAsync (0,1,2)
[+00:27:40.975] VoxelChunk: GenerateAsync (4,-26,-1)
[+00:27:40.981] VoxelChunk: GenerateAsync (4,-26,3)
[+00:27:40.982] VoxelMesh: Chunk X=4 Y=-26 Z=3 FlatVerts=0 SlopeVerts=0
[+00:27:40.985] VoxelChunk: GenerateAsync (4,-26,2)
[+00:27:40.987] VoxelMesh: Chunk X=4 Y=-26 Z=2 FlatVerts=48 SlopeVerts=546
[+00:27:40.987] VoxelChunk: GenerateAsync (4,-25,-1)
[+00:27:40.991] VoxelChunk: GenerateAsync (4,-25,3)
[+00:27:40.994] VoxelMesh: Chunk X=4 Y=-25 Z=3 FlatVerts=156 SlopeVerts=3438
[+00:27:40.996] VoxelChunk: GenerateAsync (4,-25,2)
[+00:27:40.998] VoxelMesh: Chunk X=4 Y=-25 Z=2 FlatVerts=48 SlopeVerts=2538
[+00:27:40.999] VoxelMesh: Chunk X=0 Y=0 Z=0 FlatVerts=174 SlopeVerts=0
[+00:27:40.999] VoxelChunk: GenerateAsync (4,-24,-1)
[+00:27:41.004] VoxelChunk: GenerateAsync (4,-24,3)
[+00:27:41.006] VoxelMesh: Chunk X=4 Y=-24 Z=3 FlatVerts=528 SlopeVerts=1896
[+00:27:41.010] VoxelMesh: Chunk X=0 Y=0 Z=0 FlatVerts=18 SlopeVerts=366
[+00:27:41.011] VoxelChunk: GenerateAsync (4,-24,2)
[+00:27:41.011] VoxelMesh: Chunk X=4 Y=-24 Z=2 FlatVerts=90 SlopeVerts=2586
[+00:27:41.013] VoxelChunk: GenerateAsync (5,-26,-1)
[+00:27:41.017] VoxelChunk: GenerateAsync (5,-26,3)
[+00:27:41.019] VoxelMesh: Chunk X=5 Y=-26 Z=3 FlatVerts=0 SlopeVerts=0
[+00:27:41.023] VoxelMesh: Chunk X=0 Y=0 Z=0 FlatVerts=0 SlopeVerts=168
[+00:27:41.023] VoxelChunk: GenerateAsync (5,-26,2)
[+00:27:41.024] VoxelMesh: Chunk X=5 Y=-26 Z=2 FlatVerts=0 SlopeVerts=486
[+00:27:41.026] VoxelChunk: GenerateAsync (5,-25,-1)
[+00:27:41.030] VoxelChunk: GenerateAsync (5,-25,3)
[+00:27:41.032] VoxelMesh: Chunk X=5 Y=-25 Z=3 FlatVerts=588 SlopeVerts=1536
[+00:27:41.035] VoxelMesh: Chunk X=0 Y=0 Z=0 FlatVerts=0 SlopeVerts=738
[+00:27:41.036] VoxelChunk: GenerateAsync (5,-25,2)
[+00:27:41.037] VoxelMesh: Chunk X=5 Y=-25 Z=2 FlatVerts=192 SlopeVerts=2580
[+00:27:41.039] VoxelMesh: Chunk X=0 Y=0 Z=0 FlatVerts=186 SlopeVerts=0
[+00:27:41.039] VoxelChunk: GenerateAsync (5,-24,-1)
[+00:27:41.044] VoxelChunk: GenerateAsync (5,-24,3)
[+00:27:41.046] VoxelMesh: Chunk X=5 Y=-24 Z=3 FlatVerts=0 SlopeVerts=96
[+00:27:41.049] VoxelMesh: Chunk X=0 Y=0 Z=0 FlatVerts=0 SlopeVerts=606
[+00:27:41.049] VoxelChunk: GenerateAsync (5,-24,2)
[+00:27:41.050] VoxelMesh: Chunk X=5 Y=-24 Z=2 FlatVerts=156 SlopeVerts=2436
[+00:27:41.053] VoxelChunk: GenerateAsync (6,-26,-1)
[+00:27:41.059] VoxelMesh: Chunk X=0 Y=0 Z=0 FlatVerts=24 SlopeVerts=4302
[+00:27:41.060] VoxelChunk: GenerateAsync (6,-26,3)
[+00:27:41.061] VoxelMesh: Chunk X=6 Y=-26 Z=3 FlatVerts=0 SlopeVerts=1008
[+00:27:41.065] VoxelMesh: Chunk X=0 Y=0 Z=0 FlatVerts=450 SlopeVerts=13206
[+00:27:41.066] VoxelChunk: GenerateAsync (6,-26,2)
[+00:27:41.067] VoxelMesh: Chunk X=6 Y=-26 Z=2 FlatVerts=0 SlopeVerts=2298
[+00:27:41.069] VoxelChunk: GenerateAsync (6,-25,-1)
[+00:27:41.076] VoxelMesh: Chunk X=0 Y=0 Z=0 FlatVerts=24 SlopeVerts=6246
[+00:27:41.076] VoxelChunk: GenerateAsync (6,-25,3)
[+00:27:41.077] VoxelMesh: Chunk X=6 Y=-25 Z=3 FlatVerts=288 SlopeVerts=2604
[+00:27:41.081] VoxelMesh: Chunk X=0 Y=0 Z=0 FlatVerts=342 SlopeVerts=15906
[+00:27:41.082] VoxelChunk: GenerateAsync (6,-25,2)
[+00:27:41.083] VoxelMesh: Chunk X=6 Y=-25 Z=2 FlatVerts=0 SlopeVerts=30
[+00:27:41.086] VoxelMesh: Chunk X=0 Y=0 Z=0 FlatVerts=12 SlopeVerts=0
[+00:27:41.086] VoxelChunk: GenerateAsync (6,-24,-1)
[+00:27:41.092] VoxelMesh: Chunk X=0 Y=0 Z=0 FlatVerts=0 SlopeVerts=2628
[+00:27:41.092] VoxelChunk: GenerateAsync (6,-24,3)
[+00:27:41.094] VoxelMesh: Chunk X=6 Y=-24 Z=3 FlatVerts=0 SlopeVerts=2352
[+00:27:41.098] VoxelMesh: Chunk X=0 Y=0 Z=0 FlatVerts=258 SlopeVerts=8424
[+00:27:41.099] VoxelChunk: GenerateAsync (6,-24,2)
[+00:27:41.100] VoxelMesh: Chunk X=6 Y=-24 Z=2 FlatVerts=0 SlopeVerts=2748
[+00:27:41.133] VoxelChunk: GenerateAsync (4,-26,3)
[+00:27:41.133] VoxelChunk: GenerateAsync (4,-25,3)
[+00:27:41.133] VoxelChunk: GenerateAsync (4,-24,3)
[+00:27:41.133] VoxelChunk: GenerateAsync (5,-26,3)
[+00:27:41.133] VoxelChunk: GenerateAsync (5,-25,3)
[+00:27:41.133] VoxelChunk: GenerateAsync (5,-24,3)
[+00:27:41.134] VoxelChunk: GenerateAsync (6,-26,3)
[+00:27:41.134] VoxelChunk: GenerateAsync (6,-25,3)
[+00:27:41.134] VoxelChunk: GenerateAsync (6,-24,3)
[+00:27:41.134] VoxelMesh: Chunk X=4 Y=-26 Z=3 FlatVerts=0 SlopeVerts=0
[+00:27:41.134] VoxelMesh: Chunk X=4 Y=-25 Z=3 FlatVerts=6 SlopeVerts=870
[+00:27:41.134] VoxelMesh: Chunk X=6 Y=-25 Z=3 FlatVerts=66 SlopeVerts=684
[+00:27:41.135] VoxelMesh: Chunk X=5 Y=-26 Z=3 FlatVerts=0 SlopeVerts=0
[+00:27:41.135] VoxelMesh: Chunk X=6 Y=-24 Z=3 FlatVerts=0 SlopeVerts=618
[+00:27:41.135] VoxelMesh: Chunk X=4 Y=-24 Z=3 FlatVerts=126 SlopeVerts=516
[+00:27:41.135] VoxelMesh: Chunk X=5 Y=-24 Z=3 FlatVerts=0 SlopeVerts=24
[+00:27:41.135] VoxelMesh: Chunk X=6 Y=-26 Z=3 FlatVerts=0 SlopeVerts=216
[+00:27:41.135] VoxelMesh: Chunk X=5 Y=-25 Z=3 FlatVerts=138 SlopeVerts=396
[+00:27:41.136] VoxelChunk: GenerateAsync (-2,2,2)
[+00:27:41.138] VoxelMesh: Chunk X=-1 Y=0 Z=2 FlatVerts=900 SlopeVerts=1026
[+00:27:41.138] VoxelChunk: GenerateAsync (-2,-1,1)
[+00:27:41.139] VoxelMesh: Chunk X=2 Y=-1 Z=1 FlatVerts=1206 SlopeVerts=2730
[+00:27:41.140] VoxelMesh: Chunk X=-2 Y=-1 Z=1 FlatVerts=900 SlopeVerts=1026
[+00:27:41.140] VoxelChunk: GenerateAsync (2,-2,1)
[+00:27:41.141] VoxelMesh: Chunk X=-2 Y=0 Z=1 FlatVerts=0 SlopeVerts=2178
[+00:27:41.141] VoxelChunk: GenerateAsync (1,-2,1)
[+00:27:41.142] VoxelMesh: Chunk X=2 Y=-2 Z=1 FlatVerts=1206 SlopeVerts=2730
[+00:27:41.143] VoxelMesh: Chunk X=1 Y=-2 Z=1 FlatVerts=0 SlopeVerts=2178
[+00:27:41.144] VoxelWater: Chunk X=4 Y=-25 Z=3 emitted 60 procedural water vertices (Ocean/Pools)
[+00:27:41.144] VoxelWater: Chunk X=4 Y=-25 Z=2 emitted 44 procedural water vertices (Ocean/Pools)
[+00:27:41.145] VoxelWater: Chunk X=5 Y=-25 Z=3 emitted 84 procedural water vertices (Ocean/Pools)
[+00:27:41.145] VoxelWater: Chunk X=4 Y=-26 Z=2 emitted 8 procedural water vertices (Ocean/Pools)
[+00:27:41.145] VoxelWater: Chunk X=4 Y=-24 Z=3 emitted 20 procedural water vertices (Ocean/Pools)
[+00:27:41.145] VoxelWater: Chunk X=4 Y=-24 Z=2 emitted 36 procedural water vertices (Ocean/Pools)
[+00:27:41.145] VoxelWater: Chunk X=5 Y=-24 Z=3 emitted 16 procedural water vertices (Ocean/Pools)
[+00:27:41.145] VoxelWater: Chunk X=5 Y=-24 Z=2 emitted 8 procedural water vertices (Ocean/Pools)
[+00:27:41.145] VoxelWater: Chunk X=6 Y=-26 Z=3 emitted 12 procedural water vertices (Ocean/Pools)
[+00:27:41.145] VoxelWater: Chunk X=6 Y=-26 Z=2 emitted 24 procedural water vertices (Ocean/Pools)
[+00:27:41.145] VoxelWater: Chunk X=6 Y=-25 Z=3 emitted 48 procedural water vertices (Ocean/Pools)
[+00:27:41.145] VoxelWater: Chunk X=6 Y=-24 Z=3 emitted 52 procedural water vertices (Ocean/Pools)
[+00:27:41.145] VoxelWater: Chunk X=6 Y=-24 Z=2 emitted 40 procedural water vertices (Ocean/Pools)
[+00:27:41.159] VoxelChunk: GenerateAsync (3,2,3)
[+00:27:41.161] VoxelMesh: Chunk X=3 Y=2 Z=3 FlatVerts=0 SlopeVerts=1056
[+00:27:41.163] VoxelMesh: Chunk X=2 Y=2 Z=1 FlatVerts=1080 SlopeVerts=2232
[+00:27:41.163] VoxelChunk: GenerateAsync (1,2,1)
[+00:27:41.165] VoxelMesh: Chunk X=-2 Y=-2 Z=2 FlatVerts=216 SlopeVerts=870
[+00:27:41.166] VoxelMesh: Chunk X=1 Y=2 Z=1 FlatVerts=1080 SlopeVerts=2232
[+00:27:41.166] VoxelChunk: GenerateAsync (0,2,1)
[+00:27:41.167] VoxelChunk: GenerateAsync (-2,0,2)
[+00:27:41.167] VoxelMesh: Chunk X=0 Y=2 Z=1 FlatVerts=216 SlopeVerts=870
[+00:27:41.169] VoxelMesh: Chunk X=2 Y=0 Z=1 FlatVerts=192 SlopeVerts=924
[+00:27:41.169] VoxelChunk: GenerateAsync (-1,2,1)
[+00:27:41.169] VoxelMesh: Chunk X=-1 Y=2 Z=1 FlatVerts=192 SlopeVerts=924
[+00:27:41.180] VoxelMesh: Chunk X=-2 Y=1 Z=1 FlatVerts=888 SlopeVerts=2376
[+00:27:41.180] VoxelChunk: GenerateAsync (-2,2,1)
[+00:27:41.182] VoxelChunk: GenerateAsync (2,-1,2)
[+00:27:41.182] VoxelMesh: Chunk X=-2 Y=2 Z=1 FlatVerts=888 SlopeVerts=2376
[+00:27:41.184] VoxelChunk: GenerateAsync (-1,1,2)
[+00:27:41.185] VoxelMesh: Chunk X=1 Y=1 Z=2 FlatVerts=210 SlopeVerts=2268
[+00:27:41.186] VoxelChunk: GenerateAsync (1,-1,2)
[+00:27:41.186] VoxelMesh: Chunk X=1 Y=-1 Z=2 FlatVerts=210 SlopeVerts=2268
[+00:27:41.195] VoxelMesh: Chunk X=1 Y=0 Z=2 FlatVerts=174 SlopeVerts=3042
[+00:27:41.195] VoxelChunk: GenerateAsync (0,-1,2)
[+00:27:41.197] VoxelMesh: Chunk X=0 Y=-1 Z=2 FlatVerts=174 SlopeVerts=3042
[+00:27:41.197] VoxelChunk: GenerateAsync (-2,1,2)
[+00:27:41.198] VoxelChunk: GenerateAsync (2,1,2)
[+00:27:41.199] VoxelChunk: GenerateAsync (-1,2,2)
[+00:27:41.207] VoxelChunk: GenerateAsync (2,2,2)
[+00:27:41.209] VoxelChunk: GenerateAsync (0,2,2)
[+00:27:41.210] VoxelChunk: GenerateAsync (1,2,2)
[+00:27:41.211] VoxelMesh: Chunk X=-1 Y=0 Z=1 FlatVerts=918 SlopeVerts=2712
[+00:27:41.211] VoxelChunk: GenerateAsync (2,1,1)
[+00:27:41.212] VoxelMesh: Chunk X=2 Y=1 Z=1 FlatVerts=918 SlopeVerts=2712
[+00:27:41.220] VoxelChunk: GenerateAsync (-2,1,-2)
[+00:27:41.221] VoxelChunk: GenerateAsync (2,-2,-1)
[+00:27:41.222] VoxelMesh: Chunk X=1 Y=-1 Z=-1 FlatVerts=0 SlopeVerts=0
[+00:27:41.222] VoxelChunk: GenerateAsync (2,2,0)
[+00:27:41.223] VoxelMesh: Chunk X=2 Y=2 Z=0 FlatVerts=0 SlopeVerts=0
[+00:27:41.223] VoxelMesh: Chunk X=1 Y=1 Z=-1 FlatVerts=816 SlopeVerts=1236
[+00:27:41.223] VoxelChunk: GenerateAsync (1,2,0)
[+00:27:41.224] VoxelMesh: Chunk X=1 Y=2 Z=0 FlatVerts=816 SlopeVerts=1236
[+00:27:41.231] VoxelChunk: GenerateAsync (2,2,-2)
[+00:27:41.232] VoxelChunk: GenerateAsync (-2,0,-2)
[+00:27:41.233] VoxelMesh: Chunk X=-1 Y=1 Z=-1 FlatVerts=1458 SlopeVerts=816
[+00:27:41.234] VoxelChunk: GenerateAsync (-2,-1,0)
[+00:27:41.235] VoxelChunk: GenerateAsync (-2,-2,-1)
[+00:27:41.235] VoxelMesh: Chunk X=-2 Y=-1 Z=0 FlatVerts=1458 SlopeVerts=816
[+00:27:41.246] VoxelChunk: GenerateAsync (-2,3,3)
[+00:27:41.248] VoxelMesh: Chunk X=-2 Y=3 Z=3 FlatVerts=0 SlopeVerts=1026
[+00:27:41.248] VoxelChunk: GenerateAsync (-1,0,-2)
[+00:27:41.250] VoxelChunk: GenerateAsync (-2,2,-2)
[+00:27:41.251] VoxelMesh: Chunk X=1 Y=0 Z=1 FlatVerts=0 SlopeVerts=24
[+00:27:41.251] VoxelChunk: GenerateAsync (0,-2,1)
[+00:27:41.252] VoxelMesh: Chunk X=0 Y=-2 Z=1 FlatVerts=0 SlopeVerts=24
[+00:27:41.253] VoxelChunk: GenerateAsync (0,-1,-2)
[+00:27:41.261] VoxelChunk: GenerateAsync (-1,-2,-1)
[+00:27:41.262] VoxelChunk: GenerateAsync (-2,2,-1)
[+00:27:41.262] VoxelChunk: GenerateAsync (-2,1,-1)
[+00:27:41.263] VoxelChunk: GenerateAsync (1,2,-1)
[+00:27:41.271] VoxelChunk: GenerateAsync (-1,2,-2)
[+00:27:41.272] VoxelMesh: Chunk X=1 Y=1 Z=0 FlatVerts=1668 SlopeVerts=666
[+00:27:41.272] VoxelChunk: GenerateAsync (2,-1,0)
[+00:27:41.273] VoxelMesh: Chunk X=-1 Y=-1 Z=1 FlatVerts=1644 SlopeVerts=666
[+00:27:41.273] VoxelMesh: Chunk X=2 Y=-1 Z=0 FlatVerts=1668 SlopeVerts=666
[+00:27:41.273] VoxelChunk: GenerateAsync (2,0,0)
[+00:27:41.274] VoxelMesh: Chunk X=2 Y=0 Z=0 FlatVerts=1644 SlopeVerts=666
[+00:27:41.275] VoxelChunk: GenerateAsync (1,2,-2)
[+00:27:41.283] VoxelChunk: GenerateAsync (2,-2,-2)
[+00:27:41.284] VoxelChunk: GenerateAsync (-2,-1,-2)
[+00:27:41.285] VoxelChunk: GenerateAsync (0,-2,-1)
[+00:27:41.286] VoxelChunk: GenerateAsync (-2,-1,-1)
[+00:27:41.294] VoxelChunk: GenerateAsync (2,-1,-2)
[+00:27:41.298] VoxelMesh: Chunk X=0 Y=0 Z=0 FlatVerts=10326 SlopeVerts=6
[+00:27:41.299] VoxelChunk: GenerateAsync (-2,1,0)
[+00:27:41.301] VoxelMesh: Chunk X=-2 Y=1 Z=0 FlatVerts=2412 SlopeVerts=168
[+00:27:41.304] VoxelChunk: GenerateAsync (2,1,-2)
[+00:27:41.310] VoxelMesh: Chunk X=0 Y=0 Z=0 FlatVerts=72 SlopeVerts=3486
[+00:27:41.310] VoxelChunk: GenerateAsync (1,-2,0)
[+00:27:41.312] VoxelMesh: Chunk X=1 Y=-2 Z=0 FlatVerts=48 SlopeVerts=1116
[+00:27:41.321] VoxelMesh: Chunk X=0 Y=0 Z=0 FlatVerts=4062 SlopeVerts=1368
[+00:27:41.322] VoxelChunk: GenerateAsync (2,2,-1)
[+00:27:41.326] VoxelChunk: GenerateAsync (0,1,-2)
[+00:27:41.331] VoxelMesh: Chunk X=0 Y=0 Z=0 FlatVerts=4950 SlopeVerts=10152
[+00:27:41.333] VoxelChunk: GenerateAsync (-2,-2,0)
[+00:27:41.334] VoxelMesh: Chunk X=-2 Y=-2 Z=0 FlatVerts=48 SlopeVerts=264
[+00:27:41.339] VoxelMesh: Chunk X=0 Y=0 Z=0 FlatVerts=72 SlopeVerts=4392
[+00:27:41.339] VoxelChunk: GenerateAsync (2,-2,0)
[+00:27:41.340] VoxelMesh: Chunk X=2 Y=-2 Z=0 FlatVerts=558 SlopeVerts=990
[+00:27:41.349] VoxelMesh: Chunk X=0 Y=0 Z=0 FlatVerts=10050 SlopeVerts=48
[+00:27:41.351] VoxelChunk: GenerateAsync (-2,0,0)
[+00:27:41.353] VoxelMesh: Chunk X=-2 Y=0 Z=0 FlatVerts=786 SlopeVerts=1758
[+00:27:41.356] VoxelChunk: GenerateAsync (-2,-2,-2)
[+00:27:41.360] VoxelMesh: Chunk X=0 Y=0 Z=0 FlatVerts=5910 SlopeVerts=12258
[+00:27:41.362] VoxelChunk: GenerateAsync (2,1,0)
[+00:27:41.364] VoxelMesh: Chunk X=2 Y=1 Z=0 FlatVerts=846 SlopeVerts=1182
[+00:27:41.368] VoxelMesh: Chunk X=0 Y=0 Z=0 FlatVerts=9300 SlopeVerts=1902
[+00:27:41.372] VoxelChunk: GenerateAsync (-2,2,0)
[+00:27:41.373] VoxelMesh: Chunk X=-2 Y=2 Z=0 FlatVerts=840 SlopeVerts=1050
[+00:27:41.380] VoxelWater: Chunk X=2 Y=0 Z=0 emitted 12 procedural water vertices (Ocean/Pools)
[+00:27:41.380] VoxelWater: Chunk X=2 Y=-1 Z=0 emitted 12 procedural water vertices (Ocean/Pools)
[+00:27:41.380] VoxelWater: Chunk X=-2 Y=-1 Z=0 emitted 16 procedural water vertices (Ocean/Pools)
[+00:27:41.380] VoxelWater: Chunk X=2 Y=1 Z=1 emitted 24 procedural water vertices (Ocean/Pools)
[+00:27:41.380] VoxelWater: Chunk X=0 Y=-1 Z=2 emitted 44 procedural water vertices (Ocean/Pools)
[+00:27:41.380] VoxelWater: Chunk X=1 Y=-1 Z=2 emitted 36 procedural water vertices (Ocean/Pools)
[+00:27:41.380] VoxelWater: Chunk X=-1 Y=2 Z=1 emitted 8 procedural water vertices (Ocean/Pools)
[+00:27:41.380] VoxelWater: Chunk X=0 Y=2 Z=1 emitted 20 procedural water vertices (Ocean/Pools)
[+00:27:41.380] VoxelWater: Chunk X=1 Y=2 Z=1 emitted 36 procedural water vertices (Ocean/Pools)
[+00:27:41.380] VoxelWater: Chunk X=2 Y=-2 Z=1 emitted 40 procedural water vertices (Ocean/Pools)
[+00:27:41.380] VoxelWater: Chunk X=-2 Y=-1 Z=1 emitted 28 procedural water vertices (Ocean/Pools)
[+00:27:41.380] VoxelWater: Chunk X=4 Y=-26 Z=2 emitted 8 procedural water vertices (Ocean/Pools)
[+00:27:41.380] VoxelWater: Chunk X=4 Y=-25 Z=3 emitted 56 procedural water vertices (Ocean/Pools)
[+00:27:41.380] VoxelWater: Chunk X=4 Y=-25 Z=2 emitted 60 procedural water vertices (Ocean/Pools)
[+00:27:41.380] VoxelWater: Chunk X=5 Y=-25 Z=2 emitted 8 procedural water vertices (Ocean/Pools)
[+00:27:41.380] VoxelWater: Chunk X=4 Y=-24 Z=3 emitted 36 procedural water vertices (Ocean/Pools)
[+00:27:41.380] VoxelWater: Chunk X=4 Y=-24 Z=2 emitted 40 procedural water vertices (Ocean/Pools)
[+00:27:41.380] VoxelWater: Chunk X=5 Y=-24 Z=2 emitted 24 procedural water vertices (Ocean/Pools)
[+00:27:41.380] VoxelWater: Chunk X=5 Y=-25 Z=3 emitted 116 procedural water vertices (Ocean/Pools)
[+00:27:41.380] VoxelWater: Chunk X=5 Y=-24 Z=3 emitted 20 procedural water vertices (Ocean/Pools)
[+00:27:41.380] VoxelWater: Chunk X=6 Y=-24 Z=3 emitted 76 procedural water vertices (Ocean/Pools)
[+00:27:41.380] VoxelWater: Chunk X=6 Y=-26 Z=3 emitted 16 procedural water vertices (Ocean/Pools)
[+00:27:41.380] VoxelWater: Chunk X=6 Y=-25 Z=3 emitted 96 procedural water vertices (Ocean/Pools)
[+00:27:41.380] VoxelWater: Chunk X=6 Y=-26 Z=2 emitted 24 procedural water vertices (Ocean/Pools)
[+00:27:41.380] VoxelWater: Chunk X=6 Y=-24 Z=2 emitted 48 procedural water vertices (Ocean/Pools)
[+00:27:41.380] VoxelWater: Chunk X=-2 Y=1 Z=0 emitted 28 procedural water vertices (Ocean/Pools)
[+00:27:41.380] VoxelWater: Chunk X=-2 Y=-2 Z=0 emitted 16 procedural water vertices (Ocean/Pools)
[+00:27:41.380] VoxelWater: Chunk X=1 Y=-2 Z=0 emitted 4 procedural water vertices (Ocean/Pools)
[+00:27:41.380] VoxelWater: Chunk X=2 Y=-2 Z=0 emitted 16 procedural water vertices (Ocean/Pools)
[+00:27:41.397] VoxelMesh: Chunk X=0 Y=0 Z=0 FlatVerts=2016 SlopeVerts=6270
[+00:27:41.404] VoxelChunk: GenerateAsync (0,3,1)
[+00:27:41.405] VoxelMesh: Chunk X=0 Y=3 Z=1 FlatVerts=732 SlopeVerts=1974
[+00:27:41.412] VoxelChunk: GenerateAsync (0,2,-2)
[+00:27:41.417] VoxelMesh: Chunk X=0 Y=0 Z=0 FlatVerts=10800 SlopeVerts=684
[+00:27:41.419] VoxelChunk: GenerateAsync (0,2,0)
[+00:27:41.419] VoxelMesh: Chunk X=0 Y=2 Z=0 FlatVerts=1674 SlopeVerts=876
[+00:27:41.426] VoxelMesh: Chunk X=0 Y=0 Z=0 FlatVerts=1434 SlopeVerts=13392
[+00:27:41.427] VoxelChunk: GenerateAsync (-2,-2,1)
[+00:27:41.429] VoxelMesh: Chunk X=-2 Y=-2 Z=1 FlatVerts=546 SlopeVerts=4548
[+00:27:41.434] VoxelMesh: Chunk X=0 Y=0 Z=0 FlatVerts=36 SlopeVerts=60
[+00:27:41.434] VoxelChunk: GenerateAsync (2,-1,-1)
[+00:27:41.460] VoxelChunk: GenerateAsync (0,-2,-2)
[+00:27:41.466] VoxelChunk: GenerateAsync (1,-2,-2)
[+00:27:41.471] VoxelChunk: GenerateAsync (1,-2,-1)
[+00:27:41.475] VoxelChunk: GenerateAsync (-1,-1,-2)
[+00:27:41.490] VoxelMesh: Chunk X=0 Y=0 Z=0 FlatVerts=132 SlopeVerts=39096
[+00:27:41.522] VoxelChunk: GenerateAsync (2,-3,3)
[+00:27:41.523] VoxelMesh: Chunk X=2 Y=-3 Z=3 FlatVerts=12 SlopeVerts=3144
[+00:27:41.532] VoxelChunk: GenerateAsync (1,0,-2)
[+00:27:41.538] VoxelChunk: GenerateAsync (1,-1,-2)
[+00:27:41.540] VoxelMesh: Chunk X=0 Y=0 Z=0 FlatVerts=10050 SlopeVerts=48
[+00:27:41.542] VoxelChunk: GenerateAsync (-2,0,-1)
[+00:27:41.545] VoxelMesh: Chunk X=0 Y=0 Z=0 FlatVerts=10794 SlopeVerts=264
[+00:27:41.546] VoxelChunk: GenerateAsync (0,2,-1)
[+00:27:41.560] VoxelChunk: GenerateAsync (-1,1,-2)
[+00:27:41.563] VoxelMesh: Chunk X=0 Y=0 Z=0 FlatVerts=420 SlopeVerts=1302
[+00:27:41.564] VoxelChunk: GenerateAsync (2,0,-1)
[+00:27:41.568] VoxelChunk: GenerateAsync (0,0,-2)
[+00:27:41.571] VoxelMesh: Chunk X=0 Y=0 Z=0 FlatVerts=3486 SlopeVerts=2028
[+00:27:41.572] VoxelChunk: GenerateAsync (2,1,-1)
[+00:27:41.581] VoxelWater: Chunk X=2 Y=0 Z=0 emitted 20 procedural water vertices (Ocean/Pools)
[+00:27:41.581] VoxelWater: Chunk X=2 Y=-1 Z=0 emitted 16 procedural water vertices (Ocean/Pools)
[+00:27:41.581] VoxelWater: Chunk X=-2 Y=-1 Z=0 emitted 24 procedural water vertices (Ocean/Pools)
[+00:27:41.581] VoxelWater: Chunk X=2 Y=1 Z=1 emitted 28 procedural water vertices (Ocean/Pools)
[+00:27:41.581] VoxelWater: Chunk X=0 Y=-1 Z=2 emitted 52 procedural water vertices (Ocean/Pools)
[+00:27:41.581] VoxelWater: Chunk X=1 Y=-1 Z=2 emitted 40 procedural water vertices (Ocean/Pools)
[+00:27:41.581] VoxelWater: Chunk X=-1 Y=2 Z=1 emitted 12 procedural water vertices (Ocean/Pools)
[+00:27:41.581] VoxelWater: Chunk X=0 Y=2 Z=1 emitted 24 procedural water vertices (Ocean/Pools)
[+00:27:41.581] VoxelWater: Chunk X=1 Y=2 Z=1 emitted 48 procedural water vertices (Ocean/Pools)
[+00:27:41.581] VoxelWater: Chunk X=2 Y=-2 Z=1 emitted 44 procedural water vertices (Ocean/Pools)
[+00:27:41.581] VoxelWater: Chunk X=-2 Y=-1 Z=1 emitted 40 procedural water vertices (Ocean/Pools)
[+00:27:41.581] VoxelWater: Chunk X=4 Y=-26 Z=2 emitted 12 procedural water vertices (Ocean/Pools)
[+00:27:41.581] VoxelWater: Chunk X=4 Y=-25 Z=3 emitted 52 procedural water vertices (Ocean/Pools)
[+00:27:41.581] VoxelWater: Chunk X=4 Y=-25 Z=2 emitted 64 procedural water vertices (Ocean/Pools)
[+00:27:41.581] VoxelWater: Chunk X=5 Y=-25 Z=3 emitted 132 procedural water vertices (Ocean/Pools)
[+00:27:41.581] VoxelWater: Chunk X=5 Y=-25 Z=2 emitted 16 procedural water vertices (Ocean/Pools)
[+00:27:41.581] VoxelWater: Chunk X=4 Y=-24 Z=3 emitted 40 procedural water vertices (Ocean/Pools)
[+00:27:41.581] VoxelWater: Chunk X=4 Y=-24 Z=2 emitted 56 procedural water vertices (Ocean/Pools)
[+00:27:41.581] VoxelWater: Chunk X=5 Y=-24 Z=2 emitted 40 procedural water vertices (Ocean/Pools)
[+00:27:41.581] VoxelWater: Chunk X=5 Y=-24 Z=3 emitted 24 procedural water vertices (Ocean/Pools)
[+00:27:41.582] VoxelWater: Chunk X=6 Y=-24 Z=3 emitted 84 procedural water vertices (Ocean/Pools)
[+00:27:41.582] VoxelWater: Chunk X=6 Y=-26 Z=3 emitted 16 procedural water vertices (Ocean/Pools)
[+00:27:41.582] VoxelWater: Chunk X=6 Y=-25 Z=3 emitted 96 procedural water vertices (Ocean/Pools)
[+00:27:41.582] VoxelWater: Chunk X=6 Y=-26 Z=2 emitted 32 procedural water vertices (Ocean/Pools)
[+00:27:41.582] VoxelWater: Chunk X=6 Y=-24 Z=2 emitted 52 procedural water vertices (Ocean/Pools)
[+00:27:41.582] VoxelWater: Chunk X=-2 Y=1 Z=0 emitted 36 procedural water vertices (Ocean/Pools)
[+00:27:41.582] VoxelWater: Chunk X=1 Y=-2 Z=0 emitted 8 procedural water vertices (Ocean/Pools)
[+00:27:41.582] VoxelWater: Chunk X=-2 Y=-2 Z=0 emitted 20 procedural water vertices (Ocean/Pools)
[+00:27:41.582] VoxelWater: Chunk X=2 Y=-2 Z=0 emitted 20 procedural water vertices (Ocean/Pools)
[+00:27:41.582] VoxelWater: Chunk X=-2 Y=0 Z=0 emitted 64 procedural water vertices (Ocean/Pools)
[+00:27:41.582] VoxelWater: Chunk X=-2 Y=2 Z=0 emitted 8 procedural water vertices (Ocean/Pools)
[+00:27:41.582] VoxelWater: Chunk X=0 Y=2 Z=0 emitted 20 procedural water vertices (Ocean/Pools)
[+00:27:41.582] VoxelWater: Chunk X=1 Y=2 Z=0 emitted 8 procedural water vertices (Ocean/Pools)
[+00:27:41.582] VoxelWater: Chunk X=-2 Y=-2 Z=1 emitted 112 procedural water vertices (Ocean/Pools)
[+00:27:41.597] VoxelMesh: Chunk X=0 Y=0 Z=0 FlatVerts=96 SlopeVerts=37170
[+00:27:41.626] VoxelChunk: GenerateAsync (3,-3,3)
[+00:27:41.627] VoxelMesh: Chunk X=3 Y=-3 Z=3 FlatVerts=0 SlopeVerts=4512
[+00:27:41.635] VoxelChunk: GenerateAsync (2,0,-2)
[+00:27:41.639] VoxelMesh: Chunk X=0 Y=0 Z=0 FlatVerts=10242 SlopeVerts=0
[+00:27:41.640] VoxelChunk: GenerateAsync (-1,2,-1)
[+00:27:41.646] VoxelMesh: Chunk X=0 Y=0 Z=0 FlatVerts=1302 SlopeVerts=20784
[+00:27:41.647] VoxelChunk: GenerateAsync (-1,-2,1)
[+00:27:41.649] VoxelMesh: Chunk X=-1 Y=-2 Z=1 FlatVerts=342 SlopeVerts=3888
[+00:27:41.652] VoxelChunk: GenerateAsync (-1,-2,-2)
[+00:27:41.665] VoxelChunk: GenerateAsync (4,-24,2)
[+00:27:41.665] VoxelChunk: GenerateAsync (5,-24,2)
[+00:27:41.665] VoxelChunk: GenerateAsync (6,-26,2)
[+00:27:41.665] VoxelChunk: GenerateAsync (6,-25,2)
[+00:27:41.665] VoxelChunk: GenerateAsync (6,-24,2)
[+00:27:41.665] VoxelMesh: Chunk X=4 Y=-24 Z=2 FlatVerts=24 SlopeVerts=606
[+00:27:41.666] VoxelMesh: Chunk X=6 Y=-25 Z=2 FlatVerts=0 SlopeVerts=12
[+00:27:41.666] VoxelMesh: Chunk X=5 Y=-24 Z=2 FlatVerts=66 SlopeVerts=612
[+00:27:41.666] VoxelMesh: Chunk X=6 Y=-26 Z=2 FlatVerts=0 SlopeVerts=582
[+00:27:41.666] VoxelMesh: Chunk X=6 Y=-24 Z=2 FlatVerts=0 SlopeVerts=696
[+00:27:41.666] VoxelMesh: Chunk X=-1 Y=-2 Z=-2 FlatVerts=1680 SlopeVerts=780
[+00:27:41.667] VoxelChunk: GenerateAsync (-1,2,0)
[+00:27:41.667] VoxelMesh: Chunk X=-1 Y=2 Z=0 FlatVerts=1680 SlopeVerts=780
[+00:27:41.667] VoxelChunk: GenerateAsync (1,1,-2)
[+00:27:41.669] VoxelMesh: Chunk X=-1 Y=2 Z=-1 FlatVerts=198 SlopeVerts=306
[+00:27:41.669] VoxelChunk: GenerateAsync (-1,-2,0)
[+00:27:41.670] VoxelMesh: Chunk X=-1 Y=-2 Z=0 FlatVerts=198 SlopeVerts=306
[+00:27:41.670] VoxelChunk: GenerateAsync (0,-2,0)
[+00:27:41.688] VoxelMesh: Chunk X=0 Y=0 Z=0 FlatVerts=0 SlopeVerts=8814
[+00:27:41.694] VoxelChunk: GenerateAsync (-1,-2,3)
[+00:27:41.695] VoxelMesh: Chunk X=-1 Y=-2 Z=3 FlatVerts=6 SlopeVerts=2718
[+00:27:41.699] VoxelChunk: GenerateAsync (-2,-3,-2)
[+00:27:41.700] VoxelChunk: GenerateAsync (-1,-3,-2)
[+00:27:41.702] VoxelChunk: GenerateAsync (3,1,-3)
[+00:27:41.703] VoxelMesh: Chunk X=-1 Y=1 Z=-2 FlatVerts=0 SlopeVerts=0
[+00:27:41.703] VoxelChunk: GenerateAsync (-3,-2,0)
[+00:27:41.703] VoxelMesh: Chunk X=-3 Y=-2 Z=0 FlatVerts=0 SlopeVerts=0
[+00:27:41.713] VoxelChunk: GenerateAsync (0,-3,-2)
[+00:27:41.714] VoxelMesh: Chunk X=-2 Y=0 Z=-1 FlatVerts=438 SlopeVerts=294
[+00:27:41.715] VoxelChunk: GenerateAsync (-3,-1,0)
[+00:27:41.715] VoxelMesh: Chunk X=-3 Y=-1 Z=0 FlatVerts=438 SlopeVerts=294
[+00:27:41.716] VoxelChunk: GenerateAsync (-3,-3,0)
[+00:27:41.717] VoxelChunk: GenerateAsync (3,1,-2)
[+00:27:41.724] VoxelChunk: GenerateAsync (-3,2,-2)
[+00:27:41.726] VoxelChunk: GenerateAsync (3,-3,0)
[+00:27:41.727] VoxelChunk: GenerateAsync (1,-3,-2)
[+00:27:41.729] VoxelChunk: GenerateAsync (-3,2,-3)
[+00:27:41.737] VoxelChunk: GenerateAsync (2,0,-3)
[+00:27:41.738] VoxelChunk: GenerateAsync (3,2,-2)
[+00:27:41.740] VoxelChunk: GenerateAsync (-3,3,-2)
[+00:27:41.741] VoxelChunk: GenerateAsync (2,-3,-2)
[+00:27:41.749] VoxelChunk: GenerateAsync (-2,3,-2)
[+00:27:41.751] VoxelChunk: GenerateAsync (-1,3,-2)
[+00:27:41.752] VoxelChunk: GenerateAsync (3,-3,-2)
[+00:27:41.754] VoxelChunk: GenerateAsync (-2,2,-3)
[+00:27:41.762] VoxelChunk: GenerateAsync (0,3,-2)
[+00:27:41.764] VoxelChunk: GenerateAsync (1,3,-2)
[+00:27:41.765] VoxelChunk: GenerateAsync (-3,-2,-2)
[+00:27:41.767] VoxelChunk: GenerateAsync (2,3,-2)
[+00:27:41.771] VoxelWater: Chunk X=4 Y=-26 Z=2 emitted 20 procedural water vertices (Ocean/Pools)
[+00:27:41.771] VoxelWater: Chunk X=4 Y=-25 Z=3 emitted 56 procedural water vertices (Ocean/Pools)
[+00:27:41.771] VoxelWater: Chunk X=4 Y=-25 Z=2 emitted 76 procedural water vertices (Ocean/Pools)
[+00:27:41.771] VoxelWater: Chunk X=5 Y=-25 Z=3 emitted 160 procedural water vertices (Ocean/Pools)
[+00:27:41.771] VoxelWater: Chunk X=5 Y=-25 Z=2 emitted 20 procedural water vertices (Ocean/Pools)
[+00:27:41.771] VoxelWater: Chunk X=4 Y=-24 Z=3 emitted 48 procedural water vertices (Ocean/Pools)
[+00:27:41.771] VoxelWater: Chunk X=4 Y=-24 Z=2 emitted 52 procedural water vertices (Ocean/Pools)
[+00:27:41.772] VoxelWater: Chunk X=5 Y=-24 Z=2 emitted 68 procedural water vertices (Ocean/Pools)
[+00:27:41.772] VoxelWater: Chunk X=5 Y=-24 Z=3 emitted 20 procedural water vertices (Ocean/Pools)
[+00:27:41.772] VoxelWater: Chunk X=6 Y=-24 Z=3 emitted 88 procedural water vertices (Ocean/Pools)
[+00:27:41.772] VoxelWater: Chunk X=6 Y=-26 Z=3 emitted 16 procedural water vertices (Ocean/Pools)
[+00:27:41.772] VoxelWater: Chunk X=6 Y=-25 Z=3 emitted 100 procedural water vertices (Ocean/Pools)
[+00:27:41.772] VoxelWater: Chunk X=6 Y=-26 Z=2 emitted 48 procedural water vertices (Ocean/Pools)
[+00:27:41.772] VoxelWater: Chunk X=6 Y=-24 Z=2 emitted 80 procedural water vertices (Ocean/Pools)
[+00:27:41.772] VoxelWater: Chunk X=-1 Y=2 Z=0 emitted 16 procedural water vertices (Ocean/Pools)
[+00:27:41.781] VoxelChunk: GenerateAsync (-2,-3,-3)
[+00:27:41.782] VoxelChunk: GenerateAsync (3,3,-2)
[+00:27:41.784] VoxelChunk: GenerateAsync (-1,2,-3)
[+00:27:41.785] VoxelChunk: GenerateAsync (3,0,-3)
[+00:27:41.798] VoxelMesh: Chunk X=0 Y=0 Z=0 FlatVerts=60 SlopeVerts=29784
[+00:27:41.819] VoxelChunk: GenerateAsync (0,-2,3)
[+00:27:41.821] VoxelMesh: Chunk X=0 Y=-2 Z=3 FlatVerts=66 SlopeVerts=4056
[+00:27:41.827] VoxelChunk: GenerateAsync (-2,0,-3)
[+00:27:41.828] VoxelChunk: GenerateAsync (-3,-3,-1)
[+00:27:41.828] VoxelMesh: Chunk X=1 Y=-2 Z=1 FlatVerts=0 SlopeVerts=42
[+00:27:41.829] VoxelChunk: GenerateAsync (-3,2,0)
[+00:27:41.830] VoxelMesh: Chunk X=-3 Y=2 Z=0 FlatVerts=0 SlopeVerts=42
[+00:27:41.830] VoxelChunk: GenerateAsync (-2,-3,-1)
[+00:27:41.839] VoxelChunk: GenerateAsync (-1,-3,-1)
[+00:27:41.841] VoxelChunk: GenerateAsync (0,2,-3)
[+00:27:41.842] VoxelChunk: GenerateAsync (2,-1,-3)
[+00:27:41.844] VoxelChunk: GenerateAsync (2,-3,-1)
[+00:27:41.851] VoxelChunk: GenerateAsync (3,-3,-1)
[+00:27:41.853] VoxelChunk: GenerateAsync (-3,-2,-1)
[+00:27:41.855] VoxelChunk: GenerateAsync (1,2,-3)
[+00:27:41.856] VoxelChunk: GenerateAsync (-3,1,-3)
[+00:27:41.863] VoxelChunk: GenerateAsync (3,-2,-2)
[+00:27:41.865] VoxelChunk: GenerateAsync (-3,-1,-2)
[+00:27:41.867] VoxelChunk: GenerateAsync (2,2,-3)
[+00:27:41.868] VoxelChunk: GenerateAsync (3,-2,-1)
[+00:27:41.876] VoxelChunk: GenerateAsync (-3,-1,-1)
[+00:27:41.878] VoxelChunk: GenerateAsync (3,2,-3)
[+00:27:41.879] VoxelChunk: GenerateAsync (-2,1,-3)
[+00:27:41.880] VoxelChunk: GenerateAsync (-1,0,-3)
[+00:27:41.888] VoxelChunk: GenerateAsync (3,-1,-3)
[+00:27:41.890] VoxelChunk: GenerateAsync (-2,-1,-3)
[+00:27:41.892] VoxelChunk: GenerateAsync (-3,-1,-3)
[+00:27:41.894] VoxelChunk: GenerateAsync (3,-2,-3)
[+00:27:41.906] VoxelMesh: Chunk X=0 Y=0 Z=0 FlatVerts=60 SlopeVerts=35214
[+00:27:41.935] VoxelChunk: GenerateAsync (3,-2,3)
[+00:27:41.937] VoxelMesh: Chunk X=3 Y=-2 Z=3 FlatVerts=0 SlopeVerts=0
[+00:27:41.938] VoxelChunk: GenerateAsync (-3,3,-3)
[+00:27:41.939] VoxelChunk: GenerateAsync (3,-1,-1)
[+00:27:41.941] VoxelChunk: GenerateAsync (-3,0,-1)
[+00:27:41.943] VoxelChunk: GenerateAsync (2,-2,-3)
[+00:27:41.954] VoxelChunk: GenerateAsync (3,-1,-2)
[+00:27:41.956] VoxelChunk: GenerateAsync (-2,3,-3)
[+00:27:41.957] VoxelChunk: GenerateAsync (-1,1,-3)
[+00:27:41.960] VoxelChunk: GenerateAsync (1,-2,-3)
[+00:27:41.969] VoxelChunk: GenerateAsync (0,-2,-3)
[+00:27:41.971] VoxelChunk: GenerateAsync (-3,0,-2)
[+00:27:41.973] VoxelChunk: GenerateAsync (3,0,-1)
[+00:27:41.975] VoxelChunk: GenerateAsync (-1,3,-3)
[+00:27:41.984] VoxelWater: Chunk X=4 Y=-26 Z=2 emitted 24 procedural water vertices (Ocean/Pools)
[+00:27:41.984] VoxelWater: Chunk X=4 Y=-25 Z=3 emitted 60 procedural water vertices (Ocean/Pools)
[+00:27:41.984] VoxelWater: Chunk X=4 Y=-25 Z=2 emitted 84 procedural water vertices (Ocean/Pools)
[+00:27:41.984] VoxelWater: Chunk X=5 Y=-25 Z=3 emitted 208 procedural water vertices (Ocean/Pools)
[+00:27:41.984] VoxelWater: Chunk X=5 Y=-25 Z=2 emitted 32 procedural water vertices (Ocean/Pools)
[+00:27:41.984] VoxelWater: Chunk X=4 Y=-24 Z=3 emitted 60 procedural water vertices (Ocean/Pools)
[+00:27:41.984] VoxelWater: Chunk X=4 Y=-24 Z=2 emitted 60 procedural water vertices (Ocean/Pools)
[+00:27:41.984] VoxelWater: Chunk X=6 Y=-25 Z=3 emitted 132 procedural water vertices (Ocean/Pools)
[+00:27:41.984] VoxelWater: Chunk X=5 Y=-24 Z=3 emitted 20 procedural water vertices (Ocean/Pools)
[+00:27:41.984] VoxelWater: Chunk X=5 Y=-24 Z=2 emitted 72 procedural water vertices (Ocean/Pools)
[+00:27:41.984] VoxelWater: Chunk X=6 Y=-24 Z=3 emitted 108 procedural water vertices (Ocean/Pools)
[+00:27:41.984] VoxelWater: Chunk X=6 Y=-26 Z=3 emitted 16 procedural water vertices (Ocean/Pools)
[+00:27:41.984] VoxelWater: Chunk X=6 Y=-26 Z=2 emitted 48 procedural water vertices (Ocean/Pools)
[+00:27:41.984] VoxelWater: Chunk X=6 Y=-25 Z=2 emitted 12 procedural water vertices (Ocean/Pools)
[+00:27:41.984] VoxelWater: Chunk X=6 Y=-24 Z=2 emitted 76 procedural water vertices (Ocean/Pools)
[+00:27:41.984] VoxelWater: Chunk X=-1 Y=2 Z=0 emitted 16 procedural water vertices (Ocean/Pools)
[+00:27:41.993] VoxelChunk: GenerateAsync (-3,1,-1)
[+00:27:41.994] VoxelChunk: GenerateAsync (-1,-2,-3)
[+00:27:41.996] VoxelChunk: GenerateAsync (-2,-2,-3)
[+00:27:41.998] VoxelChunk: GenerateAsync (0,3,-3)
[+00:27:42.011] VoxelChunk: GenerateAsync (-2,-1,3)
[+00:27:42.012] VoxelMesh: Chunk X=-2 Y=-1 Z=3 FlatVerts=66 SlopeVerts=4212
[+00:27:42.017] VoxelChunk: GenerateAsync (0,1,-3)
[+00:27:42.018] VoxelChunk: GenerateAsync (0,0,-3)
[+00:27:42.020] VoxelChunk: GenerateAsync (3,3,3)
[+00:27:42.021] VoxelChunk: GenerateAsync (-3,-2,-3)
[+00:27:42.035] VoxelMesh: Chunk X=0 Y=0 Z=0 FlatVerts=2568 SlopeVerts=11586
[+00:27:42.037] VoxelChunk: GenerateAsync (-2,-3,0)
[+00:27:42.038] VoxelMesh: Chunk X=-2 Y=-3 Z=0 FlatVerts=0 SlopeVerts=72
[+00:27:42.041] VoxelMesh: Chunk X=0 Y=0 Z=0 FlatVerts=336 SlopeVerts=5088
[+00:27:42.042] VoxelChunk: GenerateAsync (-1,-3,0)
[+00:27:42.047] VoxelMesh: Chunk X=0 Y=0 Z=0 FlatVerts=48 SlopeVerts=1338
[+00:27:42.048] VoxelChunk: GenerateAsync (0,-3,0)
[+00:27:42.054] VoxelMesh: Chunk X=0 Y=0 Z=0 FlatVerts=36 SlopeVerts=240
[+00:27:42.054] VoxelChunk: GenerateAsync (1,-3,0)
[+00:27:42.056] VoxelMesh: Chunk X=1 Y=-3 Z=0 FlatVerts=0 SlopeVerts=36
[+00:27:42.068] VoxelMesh: Chunk X=0 Y=0 Z=0 FlatVerts=0 SlopeVerts=672
[+00:27:42.068] VoxelChunk: GenerateAsync (2,-3,0)
[+00:27:42.069] VoxelMesh: Chunk X=2 Y=-3 Z=0 FlatVerts=0 SlopeVerts=0
[+00:27:42.072] VoxelMesh: Chunk X=0 Y=0 Z=0 FlatVerts=612 SlopeVerts=1350
[+00:27:42.072] VoxelChunk: GenerateAsync (3,1,-1)
[+00:27:42.076] VoxelMesh: Chunk X=0 Y=0 Z=0 FlatVerts=5724 SlopeVerts=2100
[+00:27:42.077] VoxelChunk: GenerateAsync (-3,2,-1)
[+00:27:42.083] VoxelChunk: GenerateAsync (1,3,-3)
[+00:27:42.096] VoxelChunk: GenerateAsync (3,0,-2)
[+00:27:42.100] VoxelChunk: GenerateAsync (-3,1,-2)
[+00:27:42.106] VoxelChunk: GenerateAsync (2,3,-3)
[+00:27:42.112] VoxelChunk: GenerateAsync (1,1,-3)
[+00:27:42.124] VoxelMesh: Chunk X=0 Y=0 Z=0 FlatVerts=0 SlopeVerts=2448
[+00:27:42.124] VoxelChunk: GenerateAsync (3,-2,0)
[+00:27:42.129] VoxelMesh: Chunk X=0 Y=0 Z=0 FlatVerts=558 SlopeVerts=462
[+00:27:42.130] VoxelChunk: GenerateAsync (3,2,-1)
[+00:27:42.134] VoxelMesh: Chunk X=0 Y=0 Z=0 FlatVerts=2430 SlopeVerts=1974
[+00:27:42.134] VoxelChunk: GenerateAsync (-3,3,-1)
[+00:27:42.140] VoxelChunk: GenerateAsync (3,-3,-3)
[+00:27:42.153] VoxelMesh: Chunk X=0 Y=0 Z=0 FlatVerts=126 SlopeVerts=33690
[+00:27:42.179] VoxelChunk: GenerateAsync (0,-3,2)
[+00:27:42.180] VoxelMesh: Chunk X=0 Y=-3 Z=2 FlatVerts=0 SlopeVerts=4050
[+00:27:42.187] VoxelChunk: GenerateAsync (4,-26,2)
[+00:27:42.187] VoxelChunk: GenerateAsync (4,-25,2)
[+00:27:42.187] VoxelChunk: GenerateAsync (5,-26,2)
[+00:27:42.187] VoxelChunk: GenerateAsync (5,-25,2)
[+00:27:42.187] VoxelMesh: Chunk X=4 Y=-26 Z=2 FlatVerts=30 SlopeVerts=138
[+00:27:42.187] VoxelMesh: Chunk X=4 Y=-25 Z=2 FlatVerts=6 SlopeVerts=630
[+00:27:42.188] VoxelMesh: Chunk X=5 Y=-26 Z=2 FlatVerts=0 SlopeVerts=102
[+00:27:42.188] VoxelMesh: Chunk X=5 Y=-25 Z=2 FlatVerts=54 SlopeVerts=660
[+00:27:42.188] VoxelChunk: GenerateAsync (2,-3,-3)
[+00:27:42.189] VoxelChunk: GenerateAsync (1,-3,-3)
[+00:27:42.192] VoxelChunk: GenerateAsync (-2,3,-1)
[+00:27:42.192] VoxelChunk: GenerateAsync (3,-1,0)
[+00:27:42.194] VoxelWater: Chunk X=4 Y=-26 Z=2 emitted 32 procedural water vertices (Ocean/Pools)
[+00:27:42.194] VoxelWater: Chunk X=4 Y=-25 Z=3 emitted 72 procedural water vertices (Ocean/Pools)
[+00:27:42.195] VoxelWater: Chunk X=4 Y=-25 Z=2 emitted 108 procedural water vertices (Ocean/Pools)
[+00:27:42.195] VoxelWater: Chunk X=5 Y=-25 Z=3 emitted 272 procedural water vertices (Ocean/Pools)
[+00:27:42.195] VoxelWater: Chunk X=5 Y=-25 Z=2 emitted 36 procedural water vertices (Ocean/Pools)
[+00:27:42.195] VoxelWater: Chunk X=4 Y=-24 Z=3 emitted 76 procedural water vertices (Ocean/Pools)
[+00:27:42.195] VoxelWater: Chunk X=4 Y=-24 Z=2 emitted 68 procedural water vertices (Ocean/Pools)
[+00:27:42.195] VoxelWater: Chunk X=6 Y=-25 Z=3 emitted 156 procedural water vertices (Ocean/Pools)
[+00:27:42.195] VoxelWater: Chunk X=5 Y=-24 Z=3 emitted 20 procedural water vertices (Ocean/Pools)
[+00:27:42.195] VoxelWater: Chunk X=5 Y=-24 Z=2 emitted 80 procedural water vertices (Ocean/Pools)
[+00:27:42.195] VoxelWater: Chunk X=6 Y=-24 Z=3 emitted 112 procedural water vertices (Ocean/Pools)
[+00:27:42.195] VoxelWater: Chunk X=6 Y=-26 Z=3 emitted 16 procedural water vertices (Ocean/Pools)
[+00:27:42.195] VoxelWater: Chunk X=6 Y=-26 Z=2 emitted 44 procedural water vertices (Ocean/Pools)
[+00:27:42.195] VoxelWater: Chunk X=6 Y=-25 Z=2 emitted 12 procedural water vertices (Ocean/Pools)
[+00:27:42.195] VoxelWater: Chunk X=6 Y=-24 Z=2 emitted 72 procedural water vertices (Ocean/Pools)
[+00:27:42.205] VoxelMesh: Chunk X=1 Y=1 Z=-3 FlatVerts=42 SlopeVerts=366
[+00:27:42.205] VoxelChunk: GenerateAsync (-3,0,0)
[+00:27:42.207] VoxelChunk: GenerateAsync (3,3,-3)
[+00:27:42.207] VoxelMesh: Chunk X=-3 Y=0 Z=0 FlatVerts=42 SlopeVerts=366
[+00:27:42.209] VoxelChunk: GenerateAsync (0,-3,-3)
[+00:27:42.210] VoxelChunk: GenerateAsync (-1,3,-1)
[+00:27:42.217] VoxelChunk: GenerateAsync (0,3,-1)
[+00:27:42.218] VoxelChunk: GenerateAsync (3,0,0)
[+00:27:42.219] VoxelMesh: Chunk X=3 Y=1 Z=-1 FlatVerts=414 SlopeVerts=1668
[+00:27:42.219] VoxelChunk: GenerateAsync (-3,1,0)
[+00:27:42.220] VoxelMesh: Chunk X=-3 Y=1 Z=0 FlatVerts=414 SlopeVerts=1668
[+00:27:42.220] VoxelChunk: GenerateAsync (1,3,-1)
[+00:27:42.230] VoxelChunk: GenerateAsync (-1,-3,-3)
[+00:27:42.230] VoxelChunk: GenerateAsync (2,3,-1)
[+00:27:42.232] VoxelChunk: GenerateAsync (-3,-3,-3)
[+00:27:42.233] VoxelChunk: GenerateAsync (-3,-3,-2)
[+00:27:42.244] VoxelMesh: Chunk X=0 Y=0 Z=0 FlatVerts=180 SlopeVerts=22272
[+00:27:42.262] VoxelChunk: GenerateAsync (1,-3,2)
[+00:27:42.263] VoxelMesh: Chunk X=1 Y=-3 Z=2 FlatVerts=0 SlopeVerts=678
[+00:27:42.264] VoxelChunk: GenerateAsync (3,1,0)
[+00:27:42.266] VoxelChunk: GenerateAsync (2,1,-3)
[+00:27:42.267] VoxelChunk: GenerateAsync (1,0,-3)
[+00:27:42.268] VoxelChunk: GenerateAsync (-3,0,-3)
[+00:27:42.279] VoxelChunk: GenerateAsync (1,-1,-3)
[+00:27:42.280] VoxelChunk: GenerateAsync (1,-3,-1)
[+00:27:42.282] VoxelChunk: GenerateAsync (0,-3,-1)
[+00:27:42.283] VoxelChunk: GenerateAsync (0,-1,-3)
[+00:27:42.290] VoxelChunk: GenerateAsync (3,2,0)
[+00:27:42.291] VoxelChunk: GenerateAsync (-3,3,0)
[+00:27:42.291] VoxelChunk: GenerateAsync (-2,3,0)
[+00:27:42.292] VoxelChunk: GenerateAsync (-1,3,0)
[+00:27:42.299] VoxelChunk: GenerateAsync (0,3,0)
[+00:27:42.299] VoxelChunk: GenerateAsync (1,3,0)
[+00:27:42.299] VoxelChunk: GenerateAsync (2,3,0)
[+00:27:42.300] VoxelChunk: GenerateAsync (3,3,0)
[+00:27:42.307] VoxelMesh: Chunk X=2 Y=0 Z=-3 FlatVerts=402 SlopeVerts=492
[+00:27:42.307] VoxelChunk: GenerateAsync (-3,-3,1)
[+00:27:42.309] VoxelMesh: Chunk X=-3 Y=-3 Z=1 FlatVerts=402 SlopeVerts=492
[+00:27:42.309] VoxelMesh: Chunk X=3 Y=2 Z=-2 FlatVerts=258 SlopeVerts=3516
[+00:27:42.309] VoxelChunk: GenerateAsync (-2,-3,1)
[+00:27:42.310] VoxelMesh: Chunk X=-3 Y=3 Z=-2 FlatVerts=0 SlopeVerts=210
[+00:27:42.311] VoxelChunk: GenerateAsync (-1,-3,1)
[+00:27:42.311] VoxelMesh: Chunk X=-2 Y=-3 Z=1 FlatVerts=258 SlopeVerts=3516
[+00:27:42.312] VoxelChunk: GenerateAsync (0,-3,1)
[+00:27:42.312] VoxelMesh: Chunk X=-1 Y=-3 Z=1 FlatVerts=0 SlopeVerts=210
[+00:27:42.320] VoxelMesh: Chunk X=-2 Y=3 Z=-2 FlatVerts=6 SlopeVerts=1296
[+00:27:42.320] VoxelChunk: GenerateAsync (1,-3,1)
[+00:27:42.321] VoxelMesh: Chunk X=-1 Y=3 Z=-2 FlatVerts=1230 SlopeVerts=1440
[+00:27:42.321] VoxelMesh: Chunk X=1 Y=-3 Z=1 FlatVerts=6 SlopeVerts=1296
[+00:27:42.322] VoxelChunk: GenerateAsync (2,-3,1)
[+00:27:42.322] VoxelMesh: Chunk X=3 Y=-3 Z=-2 FlatVerts=2094 SlopeVerts=822
[+00:27:42.322] VoxelMesh: Chunk X=2 Y=-3 Z=1 FlatVerts=1230 SlopeVerts=1440
[+00:27:42.323] VoxelChunk: GenerateAsync (3,-3,1)
[+00:27:42.324] VoxelMesh: Chunk X=-2 Y=2 Z=-3 FlatVerts=66 SlopeVerts=1860
[+00:27:42.324] VoxelMesh: Chunk X=3 Y=-3 Z=1 FlatVerts=2094 SlopeVerts=822
[+00:27:42.324] VoxelChunk: GenerateAsync (-3,-2,1)
[+00:27:42.325] VoxelMesh: Chunk X=-3 Y=-2 Z=1 FlatVerts=66 SlopeVerts=1860
[+00:27:42.334] VoxelChunk: GenerateAsync (-1,-1,-3)
[+00:27:42.336] VoxelChunk: GenerateAsync (3,3,-1)
[+00:27:42.337] VoxelMesh: Chunk X=-3 Y=-2 Z=-2 FlatVerts=90 SlopeVerts=780
[+00:27:42.337] VoxelChunk: GenerateAsync (-3,1,2)
[+00:27:42.338] VoxelChunk: GenerateAsync (2,3,3)
[+00:27:42.339] VoxelMesh: Chunk X=-3 Y=1 Z=2 FlatVerts=90 SlopeVerts=780
[+00:27:42.350] VoxelMesh: Chunk X=0 Y=0 Z=0 FlatVerts=186 SlopeVerts=23802
[+00:27:42.368] VoxelChunk: GenerateAsync (2,-3,2)
[+00:27:42.369] VoxelMesh: Chunk X=2 Y=-3 Z=2 FlatVerts=0 SlopeVerts=36
[+00:27:42.370] VoxelChunk: GenerateAsync (1,3,3)
[+00:27:42.371] VoxelMesh: Chunk X=3 Y=3 Z=-2 FlatVerts=2880 SlopeVerts=462
[+00:27:42.371] VoxelChunk: GenerateAsync (3,-2,1)
[+00:27:42.372] VoxelMesh: Chunk X=3 Y=-2 Z=1 FlatVerts=2880 SlopeVerts=462
[+00:27:42.373] VoxelMesh: Chunk X=-1 Y=2 Z=-3 FlatVerts=348 SlopeVerts=3222
[+00:27:42.373] VoxelChunk: GenerateAsync (-3,-1,1)
[+00:27:42.375] VoxelChunk: GenerateAsync (-1,3,3)
[+00:27:42.375] VoxelMesh: Chunk X=-3 Y=-1 Z=1 FlatVerts=348 SlopeVerts=3222
[+00:27:42.386] VoxelMesh: Chunk X=-2 Y=0 Z=-3 FlatVerts=0 SlopeVerts=2424
[+00:27:42.387] VoxelChunk: GenerateAsync (-2,-3,3)
[+00:27:42.388] VoxelChunk: GenerateAsync (3,0,3)
[+00:27:42.389] VoxelMesh: Chunk X=-2 Y=-3 Z=3 FlatVerts=0 SlopeVerts=2424
[+00:27:42.389] VoxelMesh: Chunk X=-3 Y=2 Z=0 FlatVerts=252 SlopeVerts=2742
[+00:27:42.390] VoxelChunk: GenerateAsync (-1,-3,3)
[+00:27:42.392] VoxelMesh: Chunk X=-2 Y=-3 Z=-1 FlatVerts=120 SlopeVerts=246
[+00:27:42.392] VoxelChunk: GenerateAsync (0,-1,3)
[+00:27:42.392] VoxelMesh: Chunk X=-1 Y=-3 Z=3 FlatVerts=252 SlopeVerts=2742
[+00:27:42.393] VoxelMesh: Chunk X=0 Y=-1 Z=3 FlatVerts=120 SlopeVerts=246
[+00:27:42.399] VoxelWater: Chunk X=4 Y=-26 Z=2 emitted 32 procedural water vertices (Ocean/Pools)
[+00:27:42.399] VoxelWater: Chunk X=4 Y=-25 Z=2 emitted 148 procedural water vertices (Ocean/Pools)
[+00:27:42.399] VoxelWater: Chunk X=4 Y=-25 Z=3 emitted 56 procedural water vertices (Ocean/Pools)
[+00:27:42.399] VoxelWater: Chunk X=4 Y=-24 Z=3 emitted 84 procedural water vertices (Ocean/Pools)
[+00:27:42.399] VoxelWater: Chunk X=4 Y=-24 Z=2 emitted 80 procedural water vertices (Ocean/Pools)
[+00:27:42.399] VoxelWater: Chunk X=5 Y=-25 Z=2 emitted 224 procedural water vertices (Ocean/Pools)
[+00:27:42.399] VoxelWater: Chunk X=5 Y=-25 Z=3 emitted 180 procedural water vertices (Ocean/Pools)
[+00:27:42.399] VoxelWater: Chunk X=5 Y=-24 Z=2 emitted 80 procedural water vertices (Ocean/Pools)
[+00:27:42.399] VoxelWater: Chunk X=5 Y=-24 Z=3 emitted 20 procedural water vertices (Ocean/Pools)
[+00:27:42.399] VoxelWater: Chunk X=6 Y=-24 Z=3 emitted 120 procedural water vertices (Ocean/Pools)
[+00:27:42.399] VoxelWater: Chunk X=6 Y=-26 Z=3 emitted 16 procedural water vertices (Ocean/Pools)
[+00:27:42.399] VoxelWater: Chunk X=6 Y=-25 Z=3 emitted 180 procedural water vertices (Ocean/Pools)
[+00:27:42.399] VoxelWater: Chunk X=6 Y=-26 Z=2 emitted 40 procedural water vertices (Ocean/Pools)
[+00:27:42.399] VoxelWater: Chunk X=6 Y=-25 Z=2 emitted 12 procedural water vertices (Ocean/Pools)
[+00:27:42.399] VoxelWater: Chunk X=6 Y=-24 Z=2 emitted 72 procedural water vertices (Ocean/Pools)
[+00:27:42.399] VoxelWater: Chunk X=-3 Y=-1 Z=1 emitted 40 procedural water vertices (Ocean/Pools)
[+00:27:42.399] VoxelWater: Chunk X=3 Y=-2 Z=1 emitted 56 procedural water vertices (Ocean/Pools)
[+00:27:42.399] VoxelWater: Chunk X=-3 Y=1 Z=2 emitted 40 procedural water vertices (Ocean/Pools)
[+00:27:42.399] VoxelWater: Chunk X=-3 Y=-2 Z=1 emitted 12 procedural water vertices (Ocean/Pools)
[+00:27:42.400] VoxelWater: Chunk X=3 Y=-3 Z=1 emitted 56 procedural water vertices (Ocean/Pools)
[+00:27:42.400] VoxelWater: Chunk X=2 Y=-3 Z=1 emitted 20 procedural water vertices (Ocean/Pools)
[+00:27:42.400] VoxelWater: Chunk X=1 Y=-3 Z=1 emitted 8 procedural water vertices (Ocean/Pools)
[+00:27:42.400] VoxelWater: Chunk X=-2 Y=-3 Z=1 emitted 20 procedural water vertices (Ocean/Pools)
[+00:27:42.400] VoxelWater: Chunk X=-3 Y=-3 Z=1 emitted 8 procedural water vertices (Ocean/Pools)
[+00:27:42.400] VoxelWater: Chunk X=-3 Y=1 Z=0 emitted 52 procedural water vertices (Ocean/Pools)
[+00:27:42.400] VoxelWater: Chunk X=-3 Y=0 Z=0 emitted 8 procedural water vertices (Ocean/Pools)
[+00:27:42.409] VoxelChunk: GenerateAsync (-3,1,3)
[+00:27:42.410] VoxelChunk: GenerateAsync (-3,2,3)
[+00:27:42.411] VoxelMesh: Chunk X=2 Y=-1 Z=-3 FlatVerts=1572 SlopeVerts=2052
[+00:27:42.412] VoxelChunk: GenerateAsync (0,-3,3)
[+00:27:42.414] VoxelMesh: Chunk X=0 Y=-3 Z=3 FlatVerts=1572 SlopeVerts=2052
[+00:27:42.414] VoxelChunk: GenerateAsync (2,-2,3)
[+00:27:42.422] VoxelMesh: Chunk X=3 Y=-3 Z=-1 FlatVerts=30 SlopeVerts=66
[+00:27:42.422] VoxelChunk: GenerateAsync (1,-1,3)
[+00:27:42.424] VoxelChunk: GenerateAsync (-2,0,3)
[+00:27:42.424] VoxelMesh: Chunk X=1 Y=-1 Z=3 FlatVerts=30 SlopeVerts=66
[+00:27:42.426] VoxelChunk: GenerateAsync (-2,1,3)
[+00:27:42.427] VoxelChunk: GenerateAsync (3,1,3)
[+00:27:42.435] VoxelChunk: GenerateAsync (-2,2,3)
[+00:27:42.436] VoxelChunk: GenerateAsync (3,2,3)
[+00:27:42.437] VoxelMesh: Chunk X=2 Y=2 Z=-3 FlatVerts=222 SlopeVerts=2682
[+00:27:42.438] VoxelChunk: GenerateAsync (1,-3,3)
[+00:27:42.440] VoxelMesh: Chunk X=1 Y=-3 Z=3 FlatVerts=222 SlopeVerts=2682
[+00:27:42.440] VoxelMesh: Chunk X=3 Y=-2 Z=-1 FlatVerts=0 SlopeVerts=192
[+00:27:42.441] VoxelChunk: GenerateAsync (-1,-2,3)
[+00:27:42.442] VoxelMesh: Chunk X=-1 Y=-2 Z=3 FlatVerts=0 SlopeVerts=192
[+00:27:42.457] VoxelMesh: Chunk X=0 Y=0 Z=0 FlatVerts=156 SlopeVerts=27012
[+00:27:42.476] VoxelChunk: GenerateAsync (3,-3,2)
[+00:27:42.478] VoxelMesh: Chunk X=3 Y=-3 Z=2 FlatVerts=0 SlopeVerts=2712
[+00:27:42.479] VoxelChunk: GenerateAsync (3,-2,3)
[+00:27:42.480] VoxelMesh: Chunk X=3 Y=2 Z=-3 FlatVerts=2784 SlopeVerts=624
[+00:27:42.480] VoxelChunk: GenerateAsync (3,1,1)
[+00:27:42.481] VoxelMesh: Chunk X=-2 Y=1 Z=-3 FlatVerts=2352 SlopeVerts=1914
[+00:27:42.481] VoxelMesh: Chunk X=3 Y=1 Z=1 FlatVerts=2784 SlopeVerts=624
[+00:27:42.482] VoxelChunk: GenerateAsync (-3,2,1)
[+00:27:42.483] VoxelMesh: Chunk X=-3 Y=2 Z=1 FlatVerts=2352 SlopeVerts=1914
[+00:27:42.483] VoxelChunk: GenerateAsync (2,-1,3)
[+00:27:42.496] VoxelChunk: GenerateAsync (-1,0,3)
[+00:27:42.498] VoxelChunk: GenerateAsync (2,0,3)
[+00:27:42.499] VoxelChunk: GenerateAsync (-1,1,3)
[+00:27:42.499] VoxelChunk: GenerateAsync (1,1,3)
[+00:27:42.507] VoxelMesh: Chunk X=-3 Y=3 Z=-3 FlatVerts=348 SlopeVerts=4692
[+00:27:42.508] VoxelChunk: GenerateAsync (-3,0,1)
[+00:27:42.509] VoxelMesh: Chunk X=3 Y=-1 Z=-1 FlatVerts=2670 SlopeVerts=48
[+00:27:42.509] VoxelChunk: GenerateAsync (-3,3,1)
[+00:27:42.509] VoxelMesh: Chunk X=-3 Y=0 Z=1 FlatVerts=348 SlopeVerts=4692
[+00:27:42.511] VoxelMesh: Chunk X=-3 Y=3 Z=1 FlatVerts=2670 SlopeVerts=48
[+00:27:42.511] VoxelChunk: GenerateAsync (-1,2,3)
[+00:27:42.512] VoxelChunk: GenerateAsync (1,2,3)
[+00:27:42.521] VoxelChunk: GenerateAsync (-3,3,3)
[+00:27:42.522] VoxelMesh: Chunk X=-2 Y=3 Z=-3 FlatVerts=3060 SlopeVerts=522
[+00:27:42.522] VoxelChunk: GenerateAsync (1,3,1)
[+00:27:42.523] VoxelMesh: Chunk X=1 Y=3 Z=1 FlatVerts=3060 SlopeVerts=522
[+00:27:42.524] VoxelChunk: GenerateAsync (2,-3,3)
[+00:27:42.526] VoxelMesh: Chunk X=1 Y=-2 Z=-3 FlatVerts=0 SlopeVerts=198
[+00:27:42.526] VoxelChunk: GenerateAsync (-3,-2,3)
[+00:27:42.528] VoxelMesh: Chunk X=-3 Y=-2 Z=3 FlatVerts=0 SlopeVerts=198
[+00:27:42.534] VoxelMesh: Chunk X=0 Y=-2 Z=-3 FlatVerts=654 SlopeVerts=4506
[+00:27:42.535] VoxelChunk: GenerateAsync (-3,-3,2)
[+00:27:42.537] VoxelMesh: Chunk X=-3 Y=0 Z=-2 FlatVerts=1152 SlopeVerts=2178
[+00:27:42.537] VoxelMesh: Chunk X=-3 Y=-3 Z=2 FlatVerts=654 SlopeVerts=4506
[+00:27:42.537] VoxelChunk: GenerateAsync (0,-2,3)
[+00:27:42.539] VoxelMesh: Chunk X=3 Y=0 Z=-1 FlatVerts=0 SlopeVerts=0
[+00:27:42.539] VoxelChunk: GenerateAsync (-3,-1,3)
[+00:27:42.539] VoxelMesh: Chunk X=0 Y=-2 Z=3 FlatVerts=1152 SlopeVerts=2178
[+00:27:42.541] VoxelChunk: GenerateAsync (-1,-1,3)
[+00:27:42.542] VoxelMesh: Chunk X=-3 Y=-1 Z=3 FlatVerts=0 SlopeVerts=0
[+00:27:42.549] VoxelMesh: Chunk X=-3 Y=1 Z=-1 FlatVerts=0 SlopeVerts=3432
[+00:27:42.549] VoxelChunk: GenerateAsync (1,-3,2)
[+00:27:42.551] VoxelMesh: Chunk X=1 Y=-3 Z=2 FlatVerts=0 SlopeVerts=3432
[+00:27:42.551] VoxelMesh: Chunk X=-1 Y=-2 Z=-3 FlatVerts=402 SlopeVerts=1722
[+00:27:42.552] VoxelChunk: GenerateAsync (2,-3,2)
[+00:27:42.554] VoxelMesh: Chunk X=-2 Y=-2 Z=-3 FlatVerts=12 SlopeVerts=258
[+00:27:42.554] VoxelChunk: GenerateAsync (3,-3,2)
[+00:27:42.555] VoxelMesh: Chunk X=2 Y=-3 Z=2 FlatVerts=402 SlopeVerts=1722
[+00:27:42.555] VoxelMesh: Chunk X=0 Y=3 Z=-3 FlatVerts=348 SlopeVerts=5382
[+00:27:42.556] VoxelChunk: GenerateAsync (-3,-2,2)
[+00:27:42.556] VoxelMesh: Chunk X=3 Y=-3 Z=2 FlatVerts=12 SlopeVerts=258
[+00:27:42.557] VoxelMesh: Chunk X=-3 Y=-2 Z=2 FlatVerts=348 SlopeVerts=5382
[+00:27:42.571] VoxelMesh: Chunk X=0 Y=0 Z=0 FlatVerts=48 SlopeVerts=528
[+00:27:42.573] VoxelChunk: GenerateAsync (-3,-2,2)
[+00:27:42.574] VoxelMesh: Chunk X=-3 Y=-2 Z=2 FlatVerts=18 SlopeVerts=2766
[+00:27:42.578] VoxelChunk: GenerateAsync (3,-1,3)
[+00:27:42.580] VoxelMesh: Chunk X=0 Y=0 Z=-3 FlatVerts=0 SlopeVerts=0
[+00:27:42.580] VoxelChunk: GenerateAsync (-3,0,3)
[+00:27:42.581] VoxelChunk: GenerateAsync (0,0,3)
[+00:27:42.581] VoxelMesh: Chunk X=-3 Y=0 Z=3 FlatVerts=0 SlopeVerts=0
[+00:27:42.583] VoxelChunk: GenerateAsync (1,0,3)
[+00:27:42.596] VoxelMesh: Chunk X=0 Y=0 Z=0 FlatVerts=228 SlopeVerts=13362
[+00:27:42.598] VoxelChunk: GenerateAsync (3,-1,1)
[+00:27:42.598] VoxelMesh: Chunk X=3 Y=-1 Z=1 FlatVerts=2628 SlopeVerts=1218
[+00:27:42.604] VoxelMesh: Chunk X=0 Y=0 Z=0 FlatVerts=120 SlopeVerts=21480
[+00:27:42.605] VoxelChunk: GenerateAsync (3,-2,2)
[+00:27:42.611] VoxelChunk: GenerateAsync (-3,-1,2)
[+00:27:42.613] VoxelMesh: Chunk X=-3 Y=-1 Z=2 FlatVerts=84 SlopeVerts=1614
[+00:27:42.618] VoxelChunk: GenerateAsync (0,1,3)
[+00:27:42.629] VoxelWater: Chunk X=-3 Y=-2 Z=2 emitted 32 procedural water vertices (Ocean/Pools)
[+00:27:42.629] VoxelWater: Chunk X=2 Y=-3 Z=2 emitted 20 procedural water vertices (Ocean/Pools)
[+00:27:42.629] VoxelWater: Chunk X=1 Y=-3 Z=2 emitted 48 procedural water vertices (Ocean/Pools)
[+00:27:42.629] VoxelWater: Chunk X=0 Y=-2 Z=3 emitted 84 procedural water vertices (Ocean/Pools)
[+00:27:42.629] VoxelWater: Chunk X=-3 Y=-3 Z=2 emitted 12 procedural water vertices (Ocean/Pools)
[+00:27:42.629] VoxelWater: Chunk X=1 Y=3 Z=1 emitted 56 procedural water vertices (Ocean/Pools)
[+00:27:42.629] VoxelWater: Chunk X=-3 Y=3 Z=1 emitted 44 procedural water vertices (Ocean/Pools)
[+00:27:42.629] VoxelWater: Chunk X=-3 Y=0 Z=1 emitted 88 procedural water vertices (Ocean/Pools)
[+00:27:42.629] VoxelWater: Chunk X=-3 Y=2 Z=1 emitted 32 procedural water vertices (Ocean/Pools)
[+00:27:42.629] VoxelWater: Chunk X=3 Y=1 Z=1 emitted 8 procedural water vertices (Ocean/Pools)
[+00:27:42.629] VoxelWater: Chunk X=-1 Y=-2 Z=3 emitted 20 procedural water vertices (Ocean/Pools)
[+00:27:42.629] VoxelWater: Chunk X=1 Y=-3 Z=3 emitted 64 procedural water vertices (Ocean/Pools)
[+00:27:42.629] VoxelWater: Chunk X=0 Y=-3 Z=3 emitted 68 procedural water vertices (Ocean/Pools)
[+00:27:42.629] VoxelWater: Chunk X=-1 Y=-3 Z=3 emitted 68 procedural water vertices (Ocean/Pools)
[+00:27:42.629] VoxelWater: Chunk X=-2 Y=-3 Z=3 emitted 4 procedural water vertices (Ocean/Pools)
[+00:27:42.629] VoxelWater: Chunk X=4 Y=-26 Z=2 emitted 32 procedural water vertices (Ocean/Pools)
[+00:27:42.629] VoxelWater: Chunk X=4 Y=-25 Z=2 emitted 156 procedural water vertices (Ocean/Pools)
[+00:27:42.629] VoxelWater: Chunk X=4 Y=-25 Z=3 emitted 68 procedural water vertices (Ocean/Pools)
[+00:27:42.629] VoxelWater: Chunk X=5 Y=-25 Z=2 emitted 240 procedural water vertices (Ocean/Pools)
[+00:27:42.629] VoxelWater: Chunk X=4 Y=-24 Z=3 emitted 108 procedural water vertices (Ocean/Pools)
[+00:27:42.629] VoxelWater: Chunk X=4 Y=-24 Z=2 emitted 84 procedural water vertices (Ocean/Pools)
[+00:27:42.629] VoxelWater: Chunk X=5 Y=-25 Z=3 emitted 184 procedural water vertices (Ocean/Pools)
[+00:27:42.629] VoxelWater: Chunk X=5 Y=-24 Z=2 emitted 80 procedural water vertices (Ocean/Pools)
[+00:27:42.629] VoxelWater: Chunk X=5 Y=-24 Z=3 emitted 20 procedural water vertices (Ocean/Pools)
[+00:27:42.630] VoxelWater: Chunk X=6 Y=-24 Z=3 emitted 120 procedural water vertices (Ocean/Pools)
[+00:27:42.630] VoxelWater: Chunk X=6 Y=-26 Z=3 emitted 16 procedural water vertices (Ocean/Pools)
[+00:27:42.630] VoxelWater: Chunk X=6 Y=-25 Z=3 emitted 200 procedural water vertices (Ocean/Pools)
[+00:27:42.630] VoxelWater: Chunk X=6 Y=-26 Z=2 emitted 40 procedural water vertices (Ocean/Pools)
[+00:27:42.630] VoxelWater: Chunk X=6 Y=-25 Z=2 emitted 12 procedural water vertices (Ocean/Pools)
[+00:27:42.630] VoxelWater: Chunk X=6 Y=-24 Z=2 emitted 80 procedural water vertices (Ocean/Pools)
[+00:27:42.630] VoxelWater: Chunk X=-3 Y=-1 Z=1 emitted 40 procedural water vertices (Ocean/Pools)
[+00:27:42.630] VoxelWater: Chunk X=3 Y=-2 Z=1 emitted 84 procedural water vertices (Ocean/Pools)
[+00:27:42.630] VoxelWater: Chunk X=-3 Y=1 Z=2 emitted 40 procedural water vertices (Ocean/Pools)
[+00:27:42.630] VoxelWater: Chunk X=-3 Y=-2 Z=1 emitted 16 procedural water vertices (Ocean/Pools)
[+00:27:42.630] VoxelWater: Chunk X=3 Y=-3 Z=1 emitted 80 procedural water vertices (Ocean/Pools)
[+00:27:42.630] VoxelWater: Chunk X=2 Y=-3 Z=1 emitted 24 procedural water vertices (Ocean/Pools)
[+00:27:42.630] VoxelWater: Chunk X=1 Y=-3 Z=1 emitted 8 procedural water vertices (Ocean/Pools)
[+00:27:42.630] VoxelWater: Chunk X=-2 Y=-3 Z=1 emitted 20 procedural water vertices (Ocean/Pools)
[+00:27:42.630] VoxelWater: Chunk X=-3 Y=-3 Z=1 emitted 12 procedural water vertices (Ocean/Pools)
[+00:27:42.630] VoxelWater: Chunk X=-3 Y=1 Z=0 emitted 80 procedural water vertices (Ocean/Pools)
[+00:27:42.630] VoxelWater: Chunk X=-3 Y=0 Z=0 emitted 12 procedural water vertices (Ocean/Pools)
[+00:27:42.644] VoxelMesh: Chunk X=0 Y=0 Z=0 FlatVerts=0 SlopeVerts=42
[+00:27:42.645] VoxelChunk: GenerateAsync (2,1,3)
[+00:27:42.649] VoxelMesh: Chunk X=0 Y=0 Z=0 FlatVerts=2850 SlopeVerts=16992
[+00:27:42.650] VoxelChunk: GenerateAsync (3,0,1)
[+00:27:42.653] VoxelMesh: Chunk X=3 Y=0 Z=1 FlatVerts=2682 SlopeVerts=1044
[+00:27:42.657] VoxelMesh: Chunk X=0 Y=0 Z=0 FlatVerts=642 SlopeVerts=2130
[+00:27:42.657] VoxelChunk: GenerateAsync (-3,1,1)
[+00:27:42.660] VoxelMesh: Chunk X=-3 Y=1 Z=1 FlatVerts=408 SlopeVerts=3600
[+00:27:42.662] VoxelMesh: Chunk X=0 Y=0 Z=0 FlatVerts=10374 SlopeVerts=4788
[+00:27:42.664] VoxelChunk: GenerateAsync (3,2,1)
[+00:27:42.665] VoxelMesh: Chunk X=3 Y=2 Z=1 FlatVerts=1470 SlopeVerts=978
[+00:27:42.680] VoxelMesh: Chunk X=0 Y=0 Z=0 FlatVerts=264 SlopeVerts=24378
[+00:27:42.682] VoxelChunk: GenerateAsync (3,-1,2)
[+00:27:42.684] VoxelMesh: Chunk X=3 Y=-1 Z=2 FlatVerts=18 SlopeVerts=6
[+00:27:42.687] VoxelChunk: GenerateAsync (-3,0,2)
[+00:27:42.689] VoxelMesh: Chunk X=-3 Y=0 Z=2 FlatVerts=0 SlopeVerts=2130
[+00:27:42.695] VoxelChunk: GenerateAsync (0,2,3)
[+00:27:42.700] VoxelMesh: Chunk X=0 Y=0 Z=0 FlatVerts=1596 SlopeVerts=5688
[+00:27:42.701] VoxelChunk: GenerateAsync (-2,3,1)
[+00:27:42.702] VoxelMesh: Chunk X=-2 Y=3 Z=1 FlatVerts=3162 SlopeVerts=444
[+00:27:42.714] VoxelMesh: Chunk X=0 Y=0 Z=0 FlatVerts=828 SlopeVerts=8442
[+00:27:42.721] VoxelChunk: GenerateAsync (-3,2,1)
[+00:27:42.727] VoxelChunk: GenerateAsync (2,2,3)
[+00:27:42.728] VoxelMesh: Chunk X=0 Y=2 Z=3 FlatVerts=2580 SlopeVerts=1326
[+00:27:42.729] VoxelChunk: GenerateAsync (-1,3,1)
[+00:27:42.730] VoxelMesh: Chunk X=-3 Y=0 Z=2 FlatVerts=2550 SlopeVerts=1062
[+00:27:42.730] VoxelMesh: Chunk X=-1 Y=3 Z=1 FlatVerts=2580 SlopeVerts=1326
[+00:27:42.730] VoxelChunk: GenerateAsync (0,3,1)
[+00:27:42.731] VoxelMesh: Chunk X=0 Y=3 Z=1 FlatVerts=2550 SlopeVerts=1062
[+00:27:42.731] VoxelMesh: Chunk X=3 Y=-1 Z=2 FlatVerts=72 SlopeVerts=42
[+00:27:42.731] VoxelChunk: GenerateAsync (3,0,2)
[+00:27:42.732] VoxelMesh: Chunk X=3 Y=0 Z=2 FlatVerts=72 SlopeVerts=42
[+00:27:42.743] VoxelChunk: GenerateAsync (0,3,3)
[+00:27:42.744] VoxelChunk: GenerateAsync (-2,3,3)
[+00:27:42.747] VoxelChunk: GenerateAsync (3,-3,3)
[+00:27:42.747] VoxelMesh: Chunk X=2 Y=1 Z=3 FlatVerts=2658 SlopeVerts=114
[+00:27:42.748] VoxelChunk: GenerateAsync (2,3,1)
[+00:27:42.749] VoxelMesh: Chunk X=2 Y=3 Z=1 FlatVerts=2658 SlopeVerts=114
[+00:27:42.756] VoxelChunk: GenerateAsync (-2,-2,3)
[+00:27:42.757] VoxelMesh: Chunk X=-3 Y=-1 Z=2 FlatVerts=960 SlopeVerts=1344
[+00:27:42.757] VoxelChunk: GenerateAsync (3,3,1)
[+00:27:42.759] VoxelMesh: Chunk X=3 Y=3 Z=1 FlatVerts=960 SlopeVerts=1344
[+00:27:42.759] VoxelMesh: Chunk X=3 Y=-2 Z=2 FlatVerts=156 SlopeVerts=534
[+00:27:42.759] VoxelChunk: GenerateAsync (3,1,2)
[+00:27:42.761] VoxelMesh: Chunk X=3 Y=-1 Z=1 FlatVerts=78 SlopeVerts=426
[+00:27:42.761] VoxelMesh: Chunk X=3 Y=1 Z=2 FlatVerts=156 SlopeVerts=534
[+00:27:42.761] VoxelChunk: GenerateAsync (-3,2,2)
[+00:27:42.762] VoxelMesh: Chunk X=-3 Y=2 Z=2 FlatVerts=78 SlopeVerts=426
[+00:27:42.771] VoxelMesh: Chunk X=2 Y=-3 Z=-3 FlatVerts=72 SlopeVerts=636
[+00:27:42.771] VoxelChunk: GenerateAsync (1,-2,3)
[+00:27:42.772] VoxelMesh: Chunk X=1 Y=-3 Z=-3 FlatVerts=0 SlopeVerts=2562
[+00:27:42.773] VoxelChunk: GenerateAsync (-2,-3,2)
[+00:27:42.773] VoxelMesh: Chunk X=1 Y=-2 Z=3 FlatVerts=72 SlopeVerts=636
[+00:27:42.774] VoxelMesh: Chunk X=-2 Y=-3 Z=2 FlatVerts=0 SlopeVerts=2562
[+00:27:42.774] VoxelChunk: GenerateAsync (-2,-1,3)
[+00:27:42.775] VoxelMesh: Chunk X=3 Y=-1 Z=0 FlatVerts=0 SlopeVerts=1782
[+00:27:42.776] VoxelChunk: GenerateAsync (-1,-3,2)
[+00:27:42.776] VoxelMesh: Chunk X=-1 Y=-3 Z=2 FlatVerts=0 SlopeVerts=1782
[+00:27:42.785] VoxelMesh: Chunk X=-3 Y=0 Z=0 FlatVerts=0 SlopeVerts=0
[+00:27:42.785] VoxelChunk: GenerateAsync (0,-3,2)
[+00:27:42.786] VoxelMesh: Chunk X=0 Y=-3 Z=2 FlatVerts=0 SlopeVerts=0
[+00:27:42.786] VoxelMesh: Chunk X=3 Y=3 Z=-3 FlatVerts=252 SlopeVerts=2064
[+00:27:42.786] VoxelChunk: GenerateAsync (3,2,2)
[+00:27:42.788] VoxelChunk: GenerateAsync (-3,3,2)
[+00:27:42.788] VoxelMesh: Chunk X=3 Y=2 Z=2 FlatVerts=252 SlopeVerts=2064
[+00:27:42.790] VoxelMesh: Chunk X=-1 Y=3 Z=-1 FlatVerts=0 SlopeVerts=0
[+00:27:42.790] VoxelChunk: GenerateAsync (-2,3,2)
[+00:27:42.792] VoxelMesh: Chunk X=-2 Y=3 Z=2 FlatVerts=0 SlopeVerts=0
[+00:27:42.802] VoxelChunk: GenerateAsync (-1,0,3)
[+00:27:42.803] VoxelMesh: Chunk X=-1 Y=0 Z=3 FlatVerts=108 SlopeVerts=6300
[+00:27:42.810] VoxelChunk: GenerateAsync (-1,3,2)
[+00:27:42.812] VoxelChunk: GenerateAsync (0,3,2)
[+00:27:42.813] VoxelChunk: GenerateAsync (1,3,2)
[+00:27:42.814] VoxelChunk: GenerateAsync (2,3,2)
[+00:27:42.819] VoxelWater: Chunk X=4 Y=-26 Z=2 emitted 28 procedural water vertices (Ocean/Pools)
[+00:27:42.819] VoxelWater: Chunk X=4 Y=-25 Z=2 emitted 156 procedural water vertices (Ocean/Pools)
[+00:27:42.819] VoxelWater: Chunk X=4 Y=-25 Z=3 emitted 76 procedural water vertices (Ocean/Pools)
[+00:27:42.819] VoxelWater: Chunk X=5 Y=-25 Z=2 emitted 252 procedural water vertices (Ocean/Pools)
[+00:27:42.819] VoxelWater: Chunk X=4 Y=-24 Z=2 emitted 96 procedural water vertices (Ocean/Pools)
[+00:27:42.819] VoxelWater: Chunk X=4 Y=-24 Z=3 emitted 124 procedural water vertices (Ocean/Pools)
[+00:27:42.819] VoxelWater: Chunk X=5 Y=-25 Z=3 emitted 188 procedural water vertices (Ocean/Pools)
[+00:27:42.819] VoxelWater: Chunk X=5 Y=-24 Z=2 emitted 80 procedural water vertices (Ocean/Pools)
[+00:27:42.819] VoxelWater: Chunk X=5 Y=-24 Z=3 emitted 20 procedural water vertices (Ocean/Pools)
[+00:27:42.819] VoxelWater: Chunk X=6 Y=-24 Z=3 emitted 120 procedural water vertices (Ocean/Pools)
[+00:27:42.819] VoxelWater: Chunk X=6 Y=-26 Z=3 emitted 16 procedural water vertices (Ocean/Pools)
[+00:27:42.819] VoxelWater: Chunk X=6 Y=-25 Z=3 emitted 224 procedural water vertices (Ocean/Pools)
[+00:27:42.819] VoxelWater: Chunk X=6 Y=-26 Z=2 emitted 40 procedural water vertices (Ocean/Pools)
[+00:27:42.819] VoxelWater: Chunk X=6 Y=-25 Z=2 emitted 12 procedural water vertices (Ocean/Pools)
[+00:27:42.819] VoxelWater: Chunk X=6 Y=-24 Z=2 emitted 80 procedural water vertices (Ocean/Pools)
[+00:27:42.819] VoxelWater: Chunk X=3 Y=2 Z=2 emitted 8 procedural water vertices (Ocean/Pools)
[+00:27:42.819] VoxelWater: Chunk X=-1 Y=-3 Z=2 emitted 72 procedural water vertices (Ocean/Pools)
[+00:27:42.819] VoxelWater: Chunk X=-2 Y=-3 Z=2 emitted 20 procedural water vertices (Ocean/Pools)
[+00:27:42.819] VoxelWater: Chunk X=1 Y=-2 Z=3 emitted 12 procedural water vertices (Ocean/Pools)
[+00:27:42.819] VoxelWater: Chunk X=3 Y=1 Z=2 emitted 12 procedural water vertices (Ocean/Pools)
[+00:27:42.819] VoxelWater: Chunk X=3 Y=3 Z=1 emitted 12 procedural water vertices (Ocean/Pools)
[+00:27:42.819] VoxelWater: Chunk X=0 Y=3 Z=1 emitted 24 procedural water vertices (Ocean/Pools)
[+00:27:42.820] VoxelWater: Chunk X=-1 Y=3 Z=1 emitted 24 procedural water vertices (Ocean/Pools)
[+00:27:42.832] VoxelMesh: Chunk X=-1 Y=-3 Z=-3 FlatVerts=270 SlopeVerts=2352
[+00:27:42.832] VoxelChunk: GenerateAsync (3,3,2)
[+00:27:42.834] VoxelMesh: Chunk X=2 Y=3 Z=-1 FlatVerts=0 SlopeVerts=324
[+00:27:42.834] VoxelMesh: Chunk X=3 Y=3 Z=2 FlatVerts=270 SlopeVerts=2352
[+00:27:42.834] VoxelChunk: GenerateAsync (-3,-3,3)
[+00:27:42.835] VoxelChunk: GenerateAsync (1,3,-4)
[+00:27:42.835] VoxelMesh: Chunk X=-3 Y=-3 Z=3 FlatVerts=0 SlopeVerts=324
[+00:27:42.837] VoxelChunk: GenerateAsync (-1,-2,-4)
[+00:27:42.848] VoxelChunk: GenerateAsync (-2,-2,-4)
[+00:27:42.849] VoxelChunk: GenerateAsync (-3,-2,-4)
[+00:27:42.850] VoxelChunk: GenerateAsync (3,1,-4)
[+00:27:42.851] VoxelChunk: GenerateAsync (3,-3,-4)
[+00:27:42.859] VoxelChunk: GenerateAsync (2,-3,-4)
[+00:27:42.860] VoxelChunk: GenerateAsync (2,1,-4)
[+00:27:42.861] VoxelChunk: GenerateAsync (2,2,-4)
[+00:27:42.862] VoxelChunk: GenerateAsync (1,-3,-4)
[+00:27:42.870] VoxelChunk: GenerateAsync (0,-3,-4)
[+00:27:42.871] VoxelChunk: GenerateAsync (-1,-3,-4)
[+00:27:42.873] VoxelChunk: GenerateAsync (1,1,-4)
[+00:27:42.873] VoxelChunk: GenerateAsync (1,2,-4)
[+00:27:42.882] VoxelChunk: GenerateAsync (-3,3,-4)
[+00:27:42.883] VoxelChunk: GenerateAsync (2,0,-4)
[+00:27:42.885] VoxelChunk: GenerateAsync (1,0,-4)
[+00:27:42.886] VoxelChunk: GenerateAsync (0,1,-4)
[+00:27:42.895] VoxelChunk: GenerateAsync (0,2,-4)
[+00:27:42.897] VoxelChunk: GenerateAsync (0,0,-4)
[+00:27:42.898] VoxelChunk: GenerateAsync (-1,0,-4)
[+00:27:42.899] VoxelChunk: GenerateAsync (-1,1,-4)
[+00:27:42.912] VoxelMesh: Chunk X=0 Y=0 Z=0 FlatVerts=0 SlopeVerts=108
[+00:27:42.913] VoxelChunk: GenerateAsync (0,0,3)
[+00:27:42.914] VoxelMesh: Chunk X=0 Y=0 Z=3 FlatVerts=0 SlopeVerts=42
[+00:27:42.916] VoxelChunk: GenerateAsync (-2,0,-4)
[+00:27:42.917] VoxelChunk: GenerateAsync (-2,1,-4)
[+00:27:42.919] VoxelChunk: GenerateAsync (-1,2,-4)
[+00:27:42.920] VoxelChunk: GenerateAsync (-1,3,-4)
[+00:27:42.930] VoxelChunk: GenerateAsync (-3,0,-4)
[+00:27:42.931] VoxelChunk: GenerateAsync (-3,1,-4)
[+00:27:42.932] VoxelChunk: GenerateAsync (3,-1,-4)
[+00:27:42.934] VoxelChunk: GenerateAsync (2,-1,-4)
[+00:27:42.941] VoxelChunk: GenerateAsync (3,0,-4)
[+00:27:42.942] VoxelChunk: GenerateAsync (1,-1,-4)
[+00:27:42.943] VoxelChunk: GenerateAsync (0,-1,-4)
[+00:27:42.945] VoxelChunk: GenerateAsync (-1,-1,-4)
[+00:27:42.953] VoxelChunk: GenerateAsync (-2,-1,-4)
[+00:27:42.954] VoxelChunk: GenerateAsync (-3,-1,-4)
[+00:27:42.955] VoxelChunk: GenerateAsync (3,-2,-4)
[+00:27:42.956] VoxelChunk: GenerateAsync (-2,2,-4)
[+00:27:42.965] VoxelChunk: GenerateAsync (2,-2,-4)
[+00:27:42.966] VoxelChunk: GenerateAsync (-3,2,-4)
[+00:27:42.967] VoxelChunk: GenerateAsync (3,2,-4)
[+00:27:42.969] VoxelChunk: GenerateAsync (-2,3,-4)
[+00:27:42.977] VoxelChunk: GenerateAsync (0,3,-4)
[+00:27:42.979] VoxelChunk: GenerateAsync (2,3,-4)
[+00:27:42.980] VoxelChunk: GenerateAsync (0,-2,-4)
[+00:27:42.980] VoxelChunk: GenerateAsync (3,3,-4)
[+00:27:42.989] VoxelChunk: GenerateAsync (-2,-3,-4)
[+00:27:42.991] VoxelChunk: GenerateAsync (1,-2,-4)
[+00:27:42.991] VoxelChunk: GenerateAsync (-3,-3,-4)
[+00:27:42.994] VoxelChunk: GenerateAsync (-3,-3,4)
[+00:27:43.003] VoxelMesh: Chunk X=3 Y=-2 Z=3 FlatVerts=0 SlopeVerts=462
[+00:27:43.003] VoxelChunk: GenerateAsync (-2,-3,4)
[+00:27:43.004] VoxelMesh: Chunk X=-2 Y=-3 Z=4 FlatVerts=0 SlopeVerts=462
[+00:27:43.004] VoxelMesh: Chunk X=3 Y=1 Z=1 FlatVerts=114 SlopeVerts=1314
[+00:27:43.005] VoxelChunk: GenerateAsync (-1,-3,4)
[+00:27:43.007] VoxelMesh: Chunk X=-3 Y=2 Z=1 FlatVerts=144 SlopeVerts=504
[+00:27:43.007] VoxelMesh: Chunk X=-1 Y=-3 Z=4 FlatVerts=114 SlopeVerts=1314
[+00:27:43.007] VoxelChunk: GenerateAsync (0,-3,4)
[+00:27:43.009] VoxelMesh: Chunk X=2 Y=-1 Z=3 FlatVerts=48 SlopeVerts=318
[+00:27:43.009] VoxelMesh: Chunk X=0 Y=-3 Z=4 FlatVerts=144 SlopeVerts=504
[+00:27:43.009] VoxelChunk: GenerateAsync (1,-3,4)
[+00:27:43.011] VoxelMesh: Chunk X=1 Y=-3 Z=4 FlatVerts=48 SlopeVerts=318
[+00:27:43.023] VoxelMesh: Chunk X=0 Y=0 Z=0 FlatVerts=18 SlopeVerts=7752
[+00:27:43.029] VoxelChunk: GenerateAsync (2,0,3)
[+00:27:43.032] VoxelChunk: GenerateAsync (2,-3,4)
[+00:27:43.033] VoxelChunk: GenerateAsync (3,-3,4)
[+00:27:43.035] VoxelChunk: GenerateAsync (-3,-2,4)
[+00:27:43.036] VoxelChunk: GenerateAsync (-2,-2,4)
[+00:27:43.047] VoxelWater: Chunk X=0 Y=-3 Z=4 emitted 4 procedural water vertices (Ocean/Pools)
[+00:27:43.047] VoxelWater: Chunk X=-1 Y=-3 Z=4 emitted 8 procedural water vertices (Ocean/Pools)
[+00:27:43.047] VoxelWater: Chunk X=-2 Y=-3 Z=4 emitted 12 procedural water vertices (Ocean/Pools)
[+00:27:43.047] VoxelWater: Chunk X=4 Y=-26 Z=2 emitted 20 procedural water vertices (Ocean/Pools)
[+00:27:43.047] VoxelWater: Chunk X=4 Y=-25 Z=2 emitted 176 procedural water vertices (Ocean/Pools)
[+00:27:43.047] VoxelWater: Chunk X=4 Y=-25 Z=3 emitted 84 procedural water vertices (Ocean/Pools)
[+00:27:43.047] VoxelWater: Chunk X=5 Y=-25 Z=2 emitted 256 procedural water vertices (Ocean/Pools)
[+00:27:43.047] VoxelWater: Chunk X=4 Y=-24 Z=2 emitted 116 procedural water vertices (Ocean/Pools)
[+00:27:43.047] VoxelWater: Chunk X=4 Y=-24 Z=3 emitted 136 procedural water vertices (Ocean/Pools)
[+00:27:43.047] VoxelWater: Chunk X=5 Y=-25 Z=3 emitted 188 procedural water vertices (Ocean/Pools)
[+00:27:43.047] VoxelWater: Chunk X=5 Y=-24 Z=2 emitted 80 procedural water vertices (Ocean/Pools)
[+00:27:43.047] VoxelWater: Chunk X=5 Y=-24 Z=3 emitted 20 procedural water vertices (Ocean/Pools)
[+00:27:43.047] VoxelWater: Chunk X=6 Y=-24 Z=3 emitted 124 procedural water vertices (Ocean/Pools)
[+00:27:43.047] VoxelWater: Chunk X=6 Y=-26 Z=2 emitted 56 procedural water vertices (Ocean/Pools)
[+00:27:43.047] VoxelWater: Chunk X=6 Y=-26 Z=3 emitted 16 procedural water vertices (Ocean/Pools)
[+00:27:43.047] VoxelWater: Chunk X=6 Y=-25 Z=3 emitted 236 procedural water vertices (Ocean/Pools)
[+00:27:43.047] VoxelWater: Chunk X=6 Y=-25 Z=2 emitted 12 procedural water vertices (Ocean/Pools)
[+00:27:43.047] VoxelWater: Chunk X=6 Y=-24 Z=2 emitted 76 procedural water vertices (Ocean/Pools)
[+00:27:43.047] VoxelWater: Chunk X=-3 Y=-3 Z=3 emitted 8 procedural water vertices (Ocean/Pools)
[+00:27:43.047] VoxelWater: Chunk X=3 Y=3 Z=2 emitted 44 procedural water vertices (Ocean/Pools)
[+00:27:43.047] VoxelWater: Chunk X=3 Y=3 Z=1 emitted 20 procedural water vertices (Ocean/Pools)
[+00:27:43.047] VoxelWater: Chunk X=3 Y=2 Z=2 emitted 8 procedural water vertices (Ocean/Pools)
[+00:27:43.047] VoxelWater: Chunk X=-1 Y=-3 Z=2 emitted 76 procedural water vertices (Ocean/Pools)
[+00:27:43.047] VoxelWater: Chunk X=-2 Y=-3 Z=2 emitted 24 procedural water vertices (Ocean/Pools)
[+00:27:43.047] VoxelWater: Chunk X=1 Y=-2 Z=3 emitted 12 procedural water vertices (Ocean/Pools)
[+00:27:43.047] VoxelWater: Chunk X=3 Y=1 Z=2 emitted 12 procedural water vertices (Ocean/Pools)
[+00:27:43.047] VoxelWater: Chunk X=0 Y=3 Z=1 emitted 36 procedural water vertices (Ocean/Pools)
[+00:27:43.047] VoxelWater: Chunk X=-1 Y=3 Z=1 emitted 24 procedural water vertices (Ocean/Pools)
[+00:27:43.058] VoxelChunk: GenerateAsync (-1,-2,4)
[+00:27:43.060] VoxelChunk: GenerateAsync (0,-2,4)
[+00:27:43.062] VoxelChunk: GenerateAsync (1,-2,4)
[+00:27:43.064] VoxelChunk: GenerateAsync (2,-2,4)
[+00:27:43.071] VoxelChunk: GenerateAsync (3,-2,4)
[+00:27:43.073] VoxelChunk: GenerateAsync (-3,-1,4)
[+00:27:43.075] VoxelChunk: GenerateAsync (-2,-1,4)
[+00:27:43.077] VoxelChunk: GenerateAsync (-1,-1,4)
[+00:27:43.084] VoxelChunk: GenerateAsync (0,-1,4)
[+00:27:43.086] VoxelChunk: GenerateAsync (1,-1,4)
[+00:27:43.087] VoxelChunk: GenerateAsync (2,-1,4)
[+00:27:43.089] VoxelChunk: GenerateAsync (3,-1,4)
[+00:27:43.097] VoxelChunk: GenerateAsync (-3,0,4)
[+00:27:43.098] VoxelChunk: GenerateAsync (-2,0,4)
[+00:27:43.100] VoxelChunk: GenerateAsync (-1,0,4)
[+00:27:43.101] VoxelChunk: GenerateAsync (0,0,4)
[+00:27:43.109] VoxelChunk: GenerateAsync (1,0,4)
[+00:27:43.110] VoxelChunk: GenerateAsync (2,0,4)
[+00:27:43.111] VoxelChunk: GenerateAsync (3,0,4)
[+00:27:43.113] VoxelChunk: GenerateAsync (-3,1,4)
[+00:27:43.124] VoxelMesh: Chunk X=0 Y=0 Z=0 FlatVerts=96 SlopeVerts=12786
[+00:27:43.132] VoxelChunk: GenerateAsync (3,0,3)
[+00:27:43.134] VoxelMesh: Chunk X=3 Y=0 Z=3 FlatVerts=0 SlopeVerts=252
[+00:27:43.140] VoxelChunk: GenerateAsync (-2,1,4)
[+00:27:43.146] VoxelChunk: GenerateAsync (-1,1,4)
[+00:27:43.151] VoxelChunk: GenerateAsync (0,1,4)
[+00:27:43.157] VoxelChunk: GenerateAsync (1,1,4)
[+00:27:43.171] VoxelChunk: GenerateAsync (2,1,4)
[+00:27:43.177] VoxelChunk: GenerateAsync (3,1,4)
[+00:27:43.182] VoxelChunk: GenerateAsync (-3,2,4)
[+00:27:43.187] VoxelChunk: GenerateAsync (-2,2,4)
[+00:27:43.200] VoxelChunk: GenerateAsync (-1,2,4)
[+00:27:43.206] VoxelChunk: GenerateAsync (0,2,4)
[+00:27:43.212] VoxelChunk: GenerateAsync (1,2,4)
[+00:27:43.218] VoxelChunk: GenerateAsync (2,2,4)
[+00:27:43.230] VoxelChunk: GenerateAsync (6,-24,-1)
[+00:27:43.230] VoxelChunk: GenerateAsync (6,-24,3)
[+00:27:43.230] VoxelMesh: Chunk X=6 Y=-24 Z=3 FlatVerts=0 SlopeVerts=162
[+00:27:43.232] VoxelChunk: GenerateAsync (3,2,4)
[+00:27:43.232] VoxelChunk: GenerateAsync (-3,3,4)
[+00:27:43.233] VoxelChunk: GenerateAsync (-2,3,4)
[+00:27:43.235] VoxelChunk: GenerateAsync (-1,3,4)
[+00:27:43.249] VoxelMesh: Chunk X=0 Y=0 Z=0 FlatVerts=120 SlopeVerts=21480
[+00:27:43.263] VoxelChunk: GenerateAsync (3,-2,2)
[+00:27:43.264] VoxelMesh: Chunk X=3 Y=-2 Z=2 FlatVerts=102 SlopeVerts=1170
[+00:27:43.267] VoxelChunk: GenerateAsync (0,3,4)
[+00:27:43.269] VoxelChunk: GenerateAsync (1,3,4)
[+00:27:43.271] VoxelChunk: GenerateAsync (2,3,4)
[+00:27:43.272] VoxelChunk: GenerateAsync (3,3,4)
[+00:27:43.275] VoxelWater: Chunk X=4 Y=-26 Z=2 emitted 20 procedural water vertices (Ocean/Pools)
[+00:27:43.275] VoxelWater: Chunk X=4 Y=-25 Z=2 emitted 172 procedural water vertices (Ocean/Pools)
[+00:27:43.275] VoxelWater: Chunk X=4 Y=-25 Z=3 emitted 92 procedural water vertices (Ocean/Pools)
[+00:27:43.275] VoxelWater: Chunk X=5 Y=-25 Z=2 emitted 280 procedural water vertices (Ocean/Pools)
[+00:27:43.275] VoxelWater: Chunk X=4 Y=-24 Z=2 emitted 128 procedural water vertices (Ocean/Pools)
[+00:27:43.275] VoxelWater: Chunk X=4 Y=-24 Z=3 emitted 144 procedural water vertices (Ocean/Pools)
[+00:27:43.275] VoxelWater: Chunk X=5 Y=-25 Z=3 emitted 192 procedural water vertices (Ocean/Pools)
[+00:27:43.275] VoxelWater: Chunk X=5 Y=-24 Z=2 emitted 92 procedural water vertices (Ocean/Pools)
[+00:27:43.275] VoxelWater: Chunk X=5 Y=-24 Z=3 emitted 20 procedural water vertices (Ocean/Pools)
[+00:27:43.275] VoxelWater: Chunk X=6 Y=-24 Z=3 emitted 120 procedural water vertices (Ocean/Pools)
[+00:27:43.275] VoxelWater: Chunk X=6 Y=-26 Z=2 emitted 56 procedural water vertices (Ocean/Pools)
[+00:27:43.275] VoxelWater: Chunk X=6 Y=-26 Z=3 emitted 16 procedural water vertices (Ocean/Pools)
[+00:27:43.275] VoxelWater: Chunk X=6 Y=-25 Z=3 emitted 252 procedural water vertices (Ocean/Pools)
[+00:27:43.275] VoxelWater: Chunk X=6 Y=-25 Z=2 emitted 16 procedural water vertices (Ocean/Pools)
[+00:27:43.275] VoxelWater: Chunk X=6 Y=-24 Z=2 emitted 80 procedural water vertices (Ocean/Pools)
[+00:27:43.285] VoxelChunk: GenerateAsync (5,-25,0)
[+00:27:43.287] VoxelChunk: GenerateAsync (5,-25,-2)
[+00:27:43.289] VoxelChunk: GenerateAsync (5,-26,-2)
[+00:27:43.290] VoxelChunk: GenerateAsync (5,-24,-2)
[+00:27:43.300] VoxelChunk: GenerateAsync (4,-25,-2)
[+00:27:43.301] VoxelChunk: GenerateAsync (5,-26,0)
[+00:27:43.302] VoxelChunk: GenerateAsync (6,-25,-2)
[+00:27:43.304] VoxelChunk: GenerateAsync (6,-25,0)
[+00:27:43.313] VoxelChunk: GenerateAsync (5,-24,0)
[+00:27:43.314] VoxelChunk: GenerateAsync (4,-25,0)
[+00:27:43.315] VoxelChunk: GenerateAsync (4,-26,0)
[+00:27:43.316] VoxelChunk: GenerateAsync (6,-26,-2)
[+00:27:43.324] VoxelChunk: GenerateAsync (6,-24,-2)
[+00:27:43.326] VoxelChunk: GenerateAsync (4,-24,-2)
[+00:27:43.326] VoxelChunk: GenerateAsync (6,-26,0)
[+00:27:43.328] VoxelChunk: GenerateAsync (4,-26,-2)
[+00:27:43.335] VoxelChunk: GenerateAsync (4,-24,0)
[+00:27:43.336] VoxelChunk: GenerateAsync (6,-24,0)
[+00:27:43.337] VoxelMesh: Chunk X=-2 Y=-1 Z=3 FlatVerts=48 SlopeVerts=534
[+00:27:43.337] VoxelChunk: GenerateAsync (5,-25,1)
[+00:27:43.339] VoxelMesh: Chunk X=5 Y=-25 Z=1 FlatVerts=48 SlopeVerts=534
[+00:27:43.339] VoxelChunk: GenerateAsync (7,-25,-1)
[+00:27:43.351] VoxelChunk: GenerateAsync (-3,-1,2)
[+00:27:43.354] VoxelChunk: GenerateAsync (5,-25,-3)
[+00:27:43.356] VoxelChunk: GenerateAsync (3,-25,-1)
[+00:27:43.358] VoxelChunk: GenerateAsync (5,-27,-1)
[+00:27:43.359] VoxelChunk: GenerateAsync (5,-23,-1)
[+00:27:43.369] VoxelChunk: GenerateAsync (5,-23,0)
[+00:27:43.370] VoxelChunk: GenerateAsync (3,-25,0)
[+00:27:43.372] VoxelChunk: GenerateAsync (7,-25,0)
[+00:27:43.374] VoxelChunk: GenerateAsync (5,-23,-2)
[+00:27:43.383] VoxelChunk: GenerateAsync (7,-26,-1)
[+00:27:43.383] VoxelChunk: GenerateAsync (6,-25,1)
[+00:27:43.384] VoxelMesh: Chunk X=1 Y=3 Z=-4 FlatVerts=1758 SlopeVerts=924
[+00:27:43.385] VoxelChunk: GenerateAsync (5,-26,1)
[+00:27:43.385] VoxelMesh: Chunk X=5 Y=-26 Z=1 FlatVerts=1758 SlopeVerts=924
[+00:27:43.387] VoxelChunk: GenerateAsync (3,-26,-1)
[+00:27:43.396] VoxelChunk: GenerateAsync (5,-27,-2)
[+00:27:43.396] VoxelChunk: GenerateAsync (5,-27,0)
[+00:27:43.397] VoxelChunk: GenerateAsync (6,-27,-1)
[+00:27:43.399] VoxelChunk: GenerateAsync (4,-25,-3)
[+00:27:43.406] VoxelChunk: GenerateAsync (6,-23,-1)
[+00:27:43.408] VoxelChunk: GenerateAsync (4,-27,-1)
[+00:27:43.410] VoxelChunk: GenerateAsync (5,-26,-3)
[+00:27:43.411] VoxelMesh: Chunk X=1 Y=-3 Z=-4 FlatVerts=588 SlopeVerts=1134
[+00:27:43.411] VoxelChunk: GenerateAsync (5,-24,1)
[+00:27:43.412] VoxelMesh: Chunk X=5 Y=-24 Z=1 FlatVerts=588 SlopeVerts=1134
[+00:27:43.419] VoxelChunk: GenerateAsync (4,-23,-1)
[+00:27:43.420] VoxelChunk: GenerateAsync (5,-24,-3)
[+00:27:43.421] VoxelChunk: GenerateAsync (3,-25,-2)
[+00:27:43.423] VoxelChunk: GenerateAsync (6,-25,-3)
[+00:27:43.432] VoxelChunk: GenerateAsync (7,-24,-1)
[+00:27:43.433] VoxelChunk: GenerateAsync (3,-24,-1)
[+00:27:43.434] VoxelMesh: Chunk X=1 Y=0 Z=-4 FlatVerts=72 SlopeVerts=570
[+00:27:43.435] VoxelChunk: GenerateAsync (4,-25,1)
[+00:27:43.436] VoxelChunk: GenerateAsync (7,-25,-2)
[+00:27:43.436] VoxelMesh: Chunk X=4 Y=-25 Z=1 FlatVerts=72 SlopeVerts=570
[+00:27:43.443] VoxelMesh: Chunk X=0 Y=2 Z=-4 FlatVerts=1920 SlopeVerts=726
[+00:27:43.443] VoxelChunk: GenerateAsync (4,-26,1)
[+00:27:43.444] VoxelMesh: Chunk X=4 Y=-26 Z=1 FlatVerts=1920 SlopeVerts=726
[+00:27:43.444] VoxelChunk: GenerateAsync (7,-24,-2)
[+00:27:43.446] VoxelChunk: GenerateAsync (3,-26,0)
[+00:27:43.448] VoxelChunk: GenerateAsync (7,-24,0)
[+00:27:43.463] VoxelMesh: Chunk X=0 Y=0 Z=0 FlatVerts=0 SlopeVerts=42
[+00:27:43.463] VoxelChunk: GenerateAsync (2,1,3)
[+00:27:43.464] VoxelMesh: Chunk X=2 Y=1 Z=3 FlatVerts=0 SlopeVerts=1176
[+00:27:43.467] VoxelChunk: GenerateAsync (4,-23,-2)
[+00:27:43.467] VoxelChunk: GenerateAsync (6,-27,0)
[+00:27:43.469] VoxelChunk: GenerateAsync (6,-23,-2)
[+00:27:43.469] VoxelChunk: GenerateAsync (6,-23,0)
[+00:27:43.479] VoxelChunk: GenerateAsync (4,-27,0)
[+00:27:43.480] VoxelChunk: GenerateAsync (7,-26,0)
[+00:27:43.482] VoxelChunk: GenerateAsync (3,-24,-2)
[+00:27:43.483] VoxelChunk: GenerateAsync (4,-23,0)
[+00:27:43.492] VoxelWater: Chunk X=4 Y=-26 Z=2 emitted 12 procedural water vertices (Ocean/Pools)
[+00:27:43.492] VoxelWater: Chunk X=4 Y=-26 Z=1 emitted 76 procedural water vertices (Ocean/Pools)
[+00:27:43.492] VoxelWater: Chunk X=4 Y=-25 Z=2 emitted 188 procedural water vertices (Ocean/Pools)
[+00:27:43.492] VoxelWater: Chunk X=4 Y=-25 Z=3 emitted 96 procedural water vertices (Ocean/Pools)
[+00:27:43.492] VoxelWater: Chunk X=4 Y=-25 Z=1 emitted 28 procedural water vertices (Ocean/Pools)
[+00:27:43.492] VoxelWater: Chunk X=5 Y=-25 Z=2 emitted 288 procedural water vertices (Ocean/Pools)
[+00:27:43.492] VoxelWater: Chunk X=4 Y=-24 Z=2 emitted 144 procedural water vertices (Ocean/Pools)
[+00:27:43.492] VoxelWater: Chunk X=4 Y=-24 Z=3 emitted 152 procedural water vertices (Ocean/Pools)
[+00:27:43.492] VoxelWater: Chunk X=5 Y=-24 Z=2 emitted 116 procedural water vertices (Ocean/Pools)
[+00:27:43.492] VoxelWater: Chunk X=5 Y=-25 Z=3 emitted 192 procedural water vertices (Ocean/Pools)
[+00:27:43.492] VoxelWater: Chunk X=5 Y=-24 Z=3 emitted 20 procedural water vertices (Ocean/Pools)
[+00:27:43.492] VoxelWater: Chunk X=6 Y=-24 Z=3 emitted 128 procedural water vertices (Ocean/Pools)
[+00:27:43.492] VoxelWater: Chunk X=6 Y=-26 Z=2 emitted 56 procedural water vertices (Ocean/Pools)
[+00:27:43.492] VoxelWater: Chunk X=6 Y=-26 Z=3 emitted 16 procedural water vertices (Ocean/Pools)
[+00:27:43.492] VoxelWater: Chunk X=6 Y=-25 Z=3 emitted 276 procedural water vertices (Ocean/Pools)
[+00:27:43.493] VoxelWater: Chunk X=6 Y=-25 Z=2 emitted 16 procedural water vertices (Ocean/Pools)
[+00:27:43.493] VoxelWater: Chunk X=6 Y=-24 Z=2 emitted 88 procedural water vertices (Ocean/Pools)
[+00:27:43.493] VoxelWater: Chunk X=5 Y=-26 Z=1 emitted 40 procedural water vertices (Ocean/Pools)
[+00:27:43.500] VoxelMesh: Chunk X=3 Y=0 Z=-4 FlatVerts=1038 SlopeVerts=1020
[+00:27:43.500] VoxelChunk: GenerateAsync (6,-26,1)
[+00:27:43.501] VoxelMesh: Chunk X=6 Y=-26 Z=1 FlatVerts=1038 SlopeVerts=1020
[+00:27:43.501] VoxelChunk: GenerateAsync (4,-27,-2)
[+00:27:43.503] VoxelMesh: Chunk X=0 Y=-1 Z=-4 FlatVerts=78 SlopeVerts=402
[+00:27:43.504] VoxelChunk: GenerateAsync (4,-24,1)
[+00:27:43.505] VoxelMesh: Chunk X=4 Y=-24 Z=1 FlatVerts=78 SlopeVerts=402
[+00:27:43.505] VoxelChunk: GenerateAsync (6,-26,-3)
[+00:27:43.514] VoxelChunk: GenerateAsync (7,-26,-2)
[+00:27:43.515] VoxelChunk: GenerateAsync (6,-27,-2)
[+00:27:43.517] VoxelMesh: Chunk X=3 Y=-2 Z=-4 FlatVerts=462 SlopeVerts=1110
[+00:27:43.517] VoxelChunk: GenerateAsync (6,-24,1)
[+00:27:43.518] VoxelMesh: Chunk X=6 Y=-24 Z=1 FlatVerts=462 SlopeVerts=1110
[+00:27:43.518] VoxelChunk: GenerateAsync (3,-26,-2)
[+00:27:43.526] VoxelChunk: GenerateAsync (6,-24,-3)
[+00:27:43.529] VoxelChunk: GenerateAsync (4,-24,-3)
[+00:27:43.530] VoxelChunk: GenerateAsync (3,-24,0)
[+00:27:43.531] VoxelChunk: GenerateAsync (4,-26,-3)
[+00:27:43.539] VoxelChunk: GenerateAsync (3,-27,-1)
[+00:27:43.540] VoxelMesh: Chunk X=2 Y=3 Z=-4 FlatVerts=1278 SlopeVerts=1290
[+00:27:43.540] VoxelChunk: GenerateAsync (5,-23,1)
[+00:27:43.541] VoxelMesh: Chunk X=5 Y=-23 Z=1 FlatVerts=1278 SlopeVerts=1290
[+00:27:43.541] VoxelChunk: GenerateAsync (7,-27,-1)
[+00:27:43.544] VoxelChunk: GenerateAsync (5,-27,-3)
[+00:27:43.552] VoxelMesh: Chunk X=-2 Y=-3 Z=-4 FlatVerts=876 SlopeVerts=1362
[+00:27:43.553] VoxelChunk: GenerateAsync (5,-27,1)
[+00:27:43.554] VoxelMesh: Chunk X=5 Y=-27 Z=1 FlatVerts=876 SlopeVerts=1362
[+00:27:43.554] VoxelChunk: GenerateAsync (7,-25,-3)
[+00:27:43.555] VoxelChunk: GenerateAsync (3,-23,-1)
[+00:27:43.557] VoxelChunk: GenerateAsync (7,-25,1)
[+00:27:43.569] VoxelMesh: Chunk X=0 Y=0 Z=0 FlatVerts=0 SlopeVerts=30
[+00:27:43.570] VoxelChunk: GenerateAsync (3,1,3)
[+00:27:43.571] VoxelMesh: Chunk X=3 Y=1 Z=3 FlatVerts=0 SlopeVerts=2796
[+00:27:43.575] VoxelChunk: GenerateAsync (7,-23,-1)
[+00:27:43.576] VoxelChunk: GenerateAsync (3,-25,-3)
[+00:27:43.578] VoxelChunk: GenerateAsync (5,-23,-3)
[+00:27:43.580] VoxelChunk: GenerateAsync (3,-25,1)
[+00:27:43.589] VoxelChunk: GenerateAsync (5,-25,-4)
[+00:27:43.590] VoxelMesh: Chunk X=3 Y=-3 Z=4 FlatVerts=1920 SlopeVerts=12
[+00:27:43.591] VoxelChunk: GenerateAsync (6,-23,1)
[+00:27:43.592] VoxelMesh: Chunk X=6 Y=-23 Z=1 FlatVerts=1920 SlopeVerts=12
[+00:27:43.593] VoxelChunk: GenerateAsync (8,-25,-1)
[+00:27:43.594] VoxelMesh: Chunk X=-2 Y=-2 Z=4 FlatVerts=906 SlopeVerts=1134
[+00:27:43.594] VoxelChunk: GenerateAsync (7,-26,1)
[+00:27:43.595] VoxelMesh: Chunk X=7 Y=-26 Z=1 FlatVerts=906 SlopeVerts=1134
[+00:27:43.603] VoxelMesh: Chunk X=-1 Y=-2 Z=4 FlatVerts=0 SlopeVerts=0
[+00:27:43.603] VoxelChunk: GenerateAsync (3,-24,1)
[+00:27:43.604] VoxelMesh: Chunk X=0 Y=-2 Z=4 FlatVerts=270 SlopeVerts=534
[+00:27:43.604] VoxelChunk: GenerateAsync (3,-26,1)
[+00:27:43.605] VoxelMesh: Chunk X=3 Y=-24 Z=1 FlatVerts=0 SlopeVerts=0
[+00:27:43.606] VoxelMesh: Chunk X=1 Y=-2 Z=4 FlatVerts=1878 SlopeVerts=684
[+00:27:43.606] VoxelMesh: Chunk X=3 Y=-26 Z=1 FlatVerts=270 SlopeVerts=534
[+00:27:43.606] VoxelChunk: GenerateAsync (6,-27,1)
[+00:27:43.607] VoxelMesh: Chunk X=2 Y=-2 Z=4 FlatVerts=174 SlopeVerts=798
[+00:27:43.607] VoxelMesh: Chunk X=6 Y=-27 Z=1 FlatVerts=1878 SlopeVerts=684
[+00:27:43.607] VoxelChunk: GenerateAsync (4,-27,1)
[+00:27:43.608] VoxelMesh: Chunk X=4 Y=-27 Z=1 FlatVerts=174 SlopeVerts=798
[+00:27:43.616] VoxelChunk: GenerateAsync (7,-23,0)
[+00:27:43.617] VoxelChunk: GenerateAsync (3,-23,0)
[+00:27:43.618] VoxelMesh: Chunk X=-2 Y=-1 Z=4 FlatVerts=0 SlopeVerts=96
[+00:27:43.618] VoxelChunk: GenerateAsync (7,-24,1)
[+00:27:43.619] VoxelChunk: GenerateAsync (7,-27,0)
[+00:27:43.620] VoxelMesh: Chunk X=7 Y=-24 Z=1 FlatVerts=0 SlopeVerts=96
[+00:27:43.627] VoxelMesh: Chunk X=0 Y=-1 Z=4 FlatVerts=48 SlopeVerts=228
[+00:27:43.627] VoxelChunk: GenerateAsync (4,-23,1)
[+00:27:43.628] VoxelChunk: GenerateAsync (3,-27,0)
[+00:27:43.628] VoxelMesh: Chunk X=4 Y=-23 Z=1 FlatVerts=48 SlopeVerts=228
[+00:27:43.630] VoxelChunk: GenerateAsync (5,-22,-1)
[+00:27:43.631] VoxelChunk: GenerateAsync (3,-26,-3)
[+00:27:43.640] VoxelChunk: GenerateAsync (2,-25,-1)
[+00:27:43.642] VoxelChunk: GenerateAsync (5,-28,-1)
[+00:27:43.644] VoxelChunk: GenerateAsync (7,-23,-2)
[+00:27:43.645] VoxelChunk: GenerateAsync (3,-23,-2)
[+00:27:43.654] VoxelChunk: GenerateAsync (7,-27,-2)
[+00:27:43.656] VoxelChunk: GenerateAsync (3,-27,-2)
[+00:27:43.657] VoxelChunk: GenerateAsync (6,-23,-3)
[+00:27:43.658] VoxelChunk: GenerateAsync (4,-27,-3)
[+00:27:43.669] VoxelChunk: GenerateAsync (-1,2,3)
[+00:27:43.677] VoxelChunk: GenerateAsync (4,-23,-3)
[+00:27:43.683] VoxelChunk: GenerateAsync (6,-27,-3)
[+00:27:43.689] VoxelChunk: GenerateAsync (7,-24,-3)
[+00:27:43.695] VoxelChunk: GenerateAsync (3,-24,-3)
[+00:27:43.712] VoxelChunk: GenerateAsync (7,-26,-3)
[+00:27:43.716] VoxelChunk: GenerateAsync (4,-28,-1)
[+00:27:43.720] VoxelMesh: Chunk X=0 Y=0 Z=0 FlatVerts=3846 SlopeVerts=3024
[+00:27:43.722] VoxelChunk: GenerateAsync (2,-25,0)
[+00:27:43.729] VoxelChunk: GenerateAsync (2,-25,-2)
[+00:27:43.744] VoxelWater: Chunk X=4 Y=-27 Z=1 emitted 12 procedural water vertices (Ocean/Pools)
[+00:27:43.744] VoxelWater: Chunk X=6 Y=-27 Z=1 emitted 48 procedural water vertices (Ocean/Pools)
[+00:27:43.744] VoxelWater: Chunk X=3 Y=-26 Z=1 emitted 12 procedural water vertices (Ocean/Pools)
[+00:27:43.744] VoxelWater: Chunk X=7 Y=-26 Z=1 emitted 20 procedural water vertices (Ocean/Pools)
[+00:27:43.744] VoxelWater: Chunk X=5 Y=-27 Z=1 emitted 12 procedural water vertices (Ocean/Pools)
[+00:27:43.744] VoxelWater: Chunk X=5 Y=-23 Z=1 emitted 20 procedural water vertices (Ocean/Pools)
[+00:27:43.744] VoxelWater: Chunk X=6 Y=-23 Z=1 emitted 4 procedural water vertices (Ocean/Pools)
[+00:27:43.744] VoxelWater: Chunk X=4 Y=-26 Z=2 emitted 16 procedural water vertices (Ocean/Pools)
[+00:27:43.744] VoxelWater: Chunk X=4 Y=-26 Z=1 emitted 112 procedural water vertices (Ocean/Pools)
[+00:27:43.744] VoxelWater: Chunk X=4 Y=-25 Z=2 emitted 220 procedural water vertices (Ocean/Pools)
[+00:27:43.744] VoxelWater: Chunk X=4 Y=-25 Z=3 emitted 100 procedural water vertices (Ocean/Pools)
[+00:27:43.744] VoxelWater: Chunk X=4 Y=-24 Z=3 emitted 156 procedural water vertices (Ocean/Pools)
[+00:27:43.744] VoxelWater: Chunk X=4 Y=-25 Z=1 emitted 36 procedural water vertices (Ocean/Pools)
[+00:27:43.744] VoxelWater: Chunk X=5 Y=-25 Z=2 emitted 300 procedural water vertices (Ocean/Pools)
[+00:27:43.744] VoxelWater: Chunk X=4 Y=-24 Z=2 emitted 156 procedural water vertices (Ocean/Pools)
[+00:27:43.744] VoxelWater: Chunk X=5 Y=-24 Z=2 emitted 124 procedural water vertices (Ocean/Pools)
[+00:27:43.745] VoxelWater: Chunk X=5 Y=-25 Z=3 emitted 192 procedural water vertices (Ocean/Pools)
[+00:27:43.745] VoxelWater: Chunk X=5 Y=-24 Z=3 emitted 20 procedural water vertices (Ocean/Pools)
[+00:27:43.745] VoxelWater: Chunk X=6 Y=-24 Z=3 emitted 136 procedural water vertices (Ocean/Pools)
[+00:27:43.745] VoxelWater: Chunk X=6 Y=-26 Z=2 emitted 72 procedural water vertices (Ocean/Pools)
[+00:27:43.745] VoxelWater: Chunk X=6 Y=-26 Z=3 emitted 16 procedural water vertices (Ocean/Pools)
[+00:27:43.745] VoxelWater: Chunk X=6 Y=-25 Z=3 emitted 280 procedural water vertices (Ocean/Pools)
[+00:27:43.745] VoxelWater: Chunk X=6 Y=-25 Z=2 emitted 16 procedural water vertices (Ocean/Pools)
[+00:27:43.745] VoxelWater: Chunk X=6 Y=-24 Z=2 emitted 112 procedural water vertices (Ocean/Pools)
[+00:27:43.745] VoxelWater: Chunk X=6 Y=-24 Z=1 emitted 8 procedural water vertices (Ocean/Pools)
[+00:27:43.745] VoxelWater: Chunk X=4 Y=-24 Z=1 emitted 12 procedural water vertices (Ocean/Pools)
[+00:27:43.745] VoxelWater: Chunk X=5 Y=-26 Z=1 emitted 60 procedural water vertices (Ocean/Pools)
[+00:27:43.745] VoxelWater: Chunk X=5 Y=-25 Z=1 emitted 4 procedural water vertices (Ocean/Pools)
[+00:27:43.745] VoxelWater: Chunk X=6 Y=-26 Z=1 emitted 4 procedural water vertices (Ocean/Pools)
[+00:27:43.756] VoxelChunk: GenerateAsync (6,-23,-3)
[+00:27:43.756] VoxelChunk: GenerateAsync (3,-27,-2)
[+00:27:43.756] VoxelChunk: GenerateAsync (7,-27,-2)
[+00:27:43.756] VoxelChunk: GenerateAsync (3,-23,-2)
[+00:27:43.756] VoxelChunk: GenerateAsync (7,-23,-2)
[+00:27:43.756] VoxelChunk: GenerateAsync (5,-28,-1)
[+00:27:43.756] VoxelChunk: GenerateAsync (2,-25,-1)
[+00:27:43.756] VoxelChunk: GenerateAsync (5,-22,-1)
[+00:27:43.756] VoxelChunk: GenerateAsync (3,-27,0)
[+00:27:43.756] VoxelChunk: GenerateAsync (4,-23,1)
[+00:27:43.756] VoxelChunk: GenerateAsync (7,-27,0)
[+00:27:43.756] VoxelChunk: GenerateAsync (7,-24,1)
[+00:27:43.756] VoxelChunk: GenerateAsync (3,-23,0)
[+00:27:43.756] VoxelChunk: GenerateAsync (7,-23,0)
[+00:27:43.756] VoxelChunk: GenerateAsync (4,-27,1)
[+00:27:43.756] VoxelChunk: GenerateAsync (6,-27,1)
[+00:27:43.756] VoxelChunk: GenerateAsync (3,-26,1)
[+00:27:43.756] VoxelChunk: GenerateAsync (3,-24,1)
[+00:27:43.756] VoxelChunk: GenerateAsync (7,-26,1)
[+00:27:43.756] VoxelChunk: GenerateAsync (8,-25,-1)
[+00:27:43.756] VoxelChunk: GenerateAsync (6,-23,1)
[+00:27:43.756] VoxelChunk: GenerateAsync (3,-25,1)
[+00:27:43.757] VoxelChunk: GenerateAsync (7,-23,-1)
[+00:27:43.757] VoxelChunk: GenerateAsync (7,-25,1)
[+00:27:43.757] VoxelChunk: GenerateAsync (3,-23,-1)
[+00:27:43.757] VoxelChunk: GenerateAsync (5,-27,1)
[+00:27:43.757] VoxelChunk: GenerateAsync (7,-27,-1)
[+00:27:43.757] VoxelChunk: GenerateAsync (5,-23,1)
[+00:27:43.757] VoxelChunk: GenerateAsync (3,-27,-1)
[+00:27:43.757] VoxelChunk: GenerateAsync (3,-24,0)
[+00:27:43.757] VoxelChunk: GenerateAsync (3,-26,-2)
[+00:27:43.757] VoxelChunk: GenerateAsync (6,-24,1)
[+00:27:43.757] VoxelChunk: GenerateAsync (6,-27,-2)
[+00:27:43.757] VoxelChunk: GenerateAsync (7,-26,-2)
[+00:27:43.757] VoxelChunk: GenerateAsync (4,-26,-1)
[+00:27:43.757] VoxelChunk: GenerateAsync (4,-26,3)
[+00:27:43.757] VoxelChunk: GenerateAsync (4,-25,-1)
[+00:27:43.757] VoxelChunk: GenerateAsync (4,-25,3)
[+00:27:43.757] VoxelChunk: GenerateAsync (4,-24,-1)
[+00:27:43.757] VoxelChunk: GenerateAsync (4,-24,3)
[+00:27:43.757] VoxelChunk: GenerateAsync (4,-24,2)
[+00:27:43.757] VoxelChunk: GenerateAsync (5,-26,-1)
[+00:27:43.757] VoxelChunk: GenerateAsync (5,-26,3)
[+00:27:43.757] VoxelChunk: GenerateAsync (5,-25,-1)
[+00:27:43.757] VoxelChunk: GenerateAsync (5,-25,3)
[+00:27:43.757] VoxelChunk: GenerateAsync (5,-24,-1)
[+00:27:43.757] VoxelChunk: GenerateAsync (5,-24,3)
[+00:27:43.757] VoxelChunk: GenerateAsync (5,-24,2)
[+00:27:43.757] VoxelChunk: GenerateAsync (6,-26,-1)
[+00:27:43.757] VoxelChunk: GenerateAsync (6,-26,3)
[+00:27:43.757] VoxelChunk: GenerateAsync (6,-26,2)
[+00:27:43.757] VoxelChunk: GenerateAsync (6,-25,-1)
[+00:27:43.757] VoxelChunk: GenerateAsync (6,-25,3)
[+00:27:43.757] VoxelChunk: GenerateAsync (6,-25,2)
[+00:27:43.757] VoxelChunk: GenerateAsync (6,-24,2)
[+00:27:43.757] VoxelChunk: GenerateAsync (4,-24,1)
[+00:27:43.757] VoxelChunk: GenerateAsync (4,-27,-2)
[+00:27:43.757] VoxelChunk: GenerateAsync (6,-26,1)
[+00:27:43.757] VoxelChunk: GenerateAsync (4,-23,0)
[+00:27:43.757] VoxelChunk: GenerateAsync (3,-24,-2)
[+00:27:43.757] VoxelChunk: GenerateAsync (7,-26,0)
[+00:27:43.757] VoxelChunk: GenerateAsync (4,-27,0)
[+00:27:43.757] VoxelChunk: GenerateAsync (6,-23,0)
[+00:27:43.757] VoxelChunk: GenerateAsync (6,-23,-2)
[+00:27:43.757] VoxelChunk: GenerateAsync (6,-27,0)
[+00:27:43.757] VoxelChunk: GenerateAsync (4,-23,-2)
[+00:27:43.757] VoxelChunk: GenerateAsync (7,-24,0)
[+00:27:43.757] VoxelChunk: GenerateAsync (3,-26,0)
[+00:27:43.757] VoxelChunk: GenerateAsync (7,-24,-2)
[+00:27:43.757] VoxelChunk: GenerateAsync (4,-26,1)
[+00:27:43.757] VoxelChunk: GenerateAsync (7,-25,-2)
[+00:27:43.757] VoxelChunk: GenerateAsync (4,-25,1)
[+00:27:43.757] VoxelChunk: GenerateAsync (3,-24,-1)
[+00:27:43.757] VoxelChunk: GenerateAsync (7,-24,-1)
[+00:27:43.757] VoxelChunk: GenerateAsync (3,-25,-2)
[+00:27:43.757] VoxelChunk: GenerateAsync (4,-23,-1)
[+00:27:43.757] VoxelChunk: GenerateAsync (5,-24,1)
[+00:27:43.757] VoxelChunk: GenerateAsync (4,-27,-1)
[+00:27:43.757] VoxelChunk: GenerateAsync (6,-23,-1)
[+00:27:43.757] VoxelChunk: GenerateAsync (6,-27,-1)
[+00:27:43.757] VoxelChunk: GenerateAsync (5,-27,0)
[+00:27:43.757] VoxelChunk: GenerateAsync (5,-27,-2)
[+00:27:43.757] VoxelChunk: GenerateAsync (3,-26,-1)
[+00:27:43.757] VoxelChunk: GenerateAsync (5,-26,1)
[+00:27:43.757] VoxelChunk: GenerateAsync (6,-25,1)
[+00:27:43.757] VoxelChunk: GenerateAsync (7,-26,-1)
[+00:27:43.757] VoxelChunk: GenerateAsync (5,-23,-2)
[+00:27:43.757] VoxelChunk: GenerateAsync (7,-25,0)
[+00:27:43.757] VoxelChunk: GenerateAsync (3,-25,0)
[+00:27:43.757] VoxelChunk: GenerateAsync (5,-23,0)
[+00:27:43.757] VoxelChunk: GenerateAsync (5,-23,-1)
[+00:27:43.757] VoxelChunk: GenerateAsync (5,-27,-1)
[+00:27:43.757] VoxelChunk: GenerateAsync (3,-25,-1)
[+00:27:43.757] VoxelChunk: GenerateAsync (7,-25,-1)
[+00:27:43.757] VoxelChunk: GenerateAsync (5,-25,1)
[+00:27:43.757] VoxelChunk: GenerateAsync (6,-24,0)
[+00:27:43.757] VoxelChunk: GenerateAsync (4,-24,0)
[+00:27:43.757] VoxelChunk: GenerateAsync (6,-26,0)
[+00:27:43.757] VoxelChunk: GenerateAsync (4,-24,-2)
[+00:27:43.757] VoxelChunk: GenerateAsync (6,-24,-2)
[+00:27:43.759] VoxelChunk: GenerateAsync (6,-26,-2)
[+00:27:43.759] VoxelChunk: GenerateAsync (4,-26,0)
[+00:27:43.759] VoxelChunk: GenerateAsync (4,-25,0)
[+00:27:43.759] VoxelChunk: GenerateAsync (5,-24,0)
[+00:27:43.759] VoxelChunk: GenerateAsync (6,-25,0)
[+00:27:43.759] VoxelChunk: GenerateAsync (6,-25,-2)
[+00:27:43.759] VoxelChunk: GenerateAsync (5,-26,0)
[+00:27:43.759] VoxelChunk: GenerateAsync (5,-24,-2)
[+00:27:43.759] VoxelChunk: GenerateAsync (5,-25,0)
[+00:27:43.759] VoxelChunk: GenerateAsync (7,-24,-3)
[+00:27:43.759] VoxelChunk: GenerateAsync (4,-28,-1)
[+00:27:43.759] VoxelChunk: GenerateAsync (2,-25,0)
[+00:27:43.759] VoxelChunk: GenerateAsync (2,-25,-2)
[+00:27:43.759] VoxelMesh: Chunk X=4 Y=-23 Z=1 FlatVerts=12 SlopeVerts=54
[+00:27:43.759] VoxelMesh: Chunk X=7 Y=-24 Z=1 FlatVerts=0 SlopeVerts=18
[+00:27:43.760] VoxelMesh: Chunk X=4 Y=-27 Z=1 FlatVerts=24 SlopeVerts=186
[+00:27:43.760] VoxelMesh: Chunk X=6 Y=-27 Z=1 FlatVerts=480 SlopeVerts=150
[+00:27:43.760] VoxelMesh: Chunk X=3 Y=-26 Z=1 FlatVerts=66 SlopeVerts=108
[+00:27:43.760] VoxelMesh: Chunk X=7 Y=-26 Z=1 FlatVerts=210 SlopeVerts=264
[+00:27:43.760] VoxelMesh: Chunk X=6 Y=-23 Z=1 FlatVerts=504 SlopeVerts=0
[+00:27:43.760] VoxelMesh: Chunk X=3 Y=-24 Z=1 FlatVerts=0 SlopeVerts=0
[+00:27:43.761] VoxelMesh: Chunk X=5 Y=-27 Z=1 FlatVerts=198 SlopeVerts=348
[+00:27:43.761] VoxelMesh: Chunk X=5 Y=-23 Z=1 FlatVerts=336 SlopeVerts=270
[+00:27:43.762] VoxelChunk: GenerateAsync (2,-26,-1)
[+00:27:43.762] VoxelMesh: Chunk X=4 Y=-26 Z=3 FlatVerts=0 SlopeVerts=0
[+00:27:43.763] VoxelMesh: Chunk X=6 Y=-24 Z=1 FlatVerts=108 SlopeVerts=294
[+00:27:43.763] VoxelMesh: Chunk X=4 Y=-25 Z=3 FlatVerts=36 SlopeVerts=186
[+00:27:43.763] VoxelMesh: Chunk X=4 Y=-24 Z=3 FlatVerts=72 SlopeVerts=108
[+00:27:43.763] VoxelMesh: Chunk X=4 Y=-24 Z=2 FlatVerts=18 SlopeVerts=138
[+00:27:43.763] VoxelMesh: Chunk X=5 Y=-26 Z=3 FlatVerts=0 SlopeVerts=0
[+00:27:43.763] VoxelMesh: Chunk X=5 Y=-25 Z=3 FlatVerts=36 SlopeVerts=96
[+00:27:43.764] VoxelMesh: Chunk X=5 Y=-24 Z=3 FlatVerts=0 SlopeVerts=6
[+00:27:43.764] VoxelMesh: Chunk X=5 Y=-24 Z=2 FlatVerts=30 SlopeVerts=144
[+00:27:43.764] VoxelMesh: Chunk X=6 Y=-26 Z=3 FlatVerts=0 SlopeVerts=36
[+00:27:43.764] VoxelChunk: GenerateAsync (5,-22,0)
[+00:27:43.764] VoxelMesh: Chunk X=6 Y=-25 Z=3 FlatVerts=12 SlopeVerts=192
[+00:27:43.764] VoxelMesh: Chunk X=6 Y=-25 Z=2 FlatVerts=0 SlopeVerts=12
[+00:27:43.764] VoxelMesh: Chunk X=6 Y=-26 Z=2 FlatVerts=0 SlopeVerts=138
[+00:27:43.765] VoxelMesh: Chunk X=6 Y=-24 Z=2 FlatVerts=0 SlopeVerts=180
[+00:27:43.765] VoxelMesh: Chunk X=6 Y=-26 Z=1 FlatVerts=318 SlopeVerts=204
[+00:27:43.765] VoxelMesh: Chunk X=4 Y=-24 Z=1 FlatVerts=6 SlopeVerts=78
[+00:27:43.765] VoxelChunk: GenerateAsync (6,-25,-4)
[+00:27:43.767] VoxelMesh: Chunk X=4 Y=-26 Z=1 FlatVerts=558 SlopeVerts=132
[+00:27:43.767] VoxelMesh: Chunk X=4 Y=-25 Z=1 FlatVerts=30 SlopeVerts=132
[+00:27:43.767] VoxelMesh: Chunk X=5 Y=-24 Z=1 FlatVerts=114 SlopeVerts=306
[+00:27:43.767] VoxelChunk: GenerateAsync (5,-26,-4)
[+00:27:43.769] VoxelMesh: Chunk X=5 Y=-26 Z=1 FlatVerts=558 SlopeVerts=120
[+00:27:43.770] VoxelMesh: Chunk X=5 Y=-25 Z=1 FlatVerts=42 SlopeVerts=114
[+00:27:43.792] VoxelMesh: Chunk X=0 Y=0 Z=0 FlatVerts=228 SlopeVerts=13362
[+00:27:43.803] VoxelChunk: GenerateAsync (3,-1,1)
[+00:27:43.804] VoxelMesh: Chunk X=3 Y=-1 Z=1 FlatVerts=1422 SlopeVerts=2562
[+00:27:43.813] VoxelChunk: GenerateAsync (8,-26,-1)
[+00:27:43.814] VoxelChunk: GenerateAsync (5,-24,-4)
[+00:27:43.815] VoxelChunk: GenerateAsync (5,-28,-2)
[+00:27:43.816] VoxelChunk: GenerateAsync (5,-28,0)
[+00:27:43.832] VoxelChunk: GenerateAsync (8,-25,-2)
[+00:27:43.836] VoxelChunk: GenerateAsync (4,-22,-1)
[+00:27:43.841] VoxelMesh: Chunk X=0 Y=0 Z=0 FlatVerts=18 SlopeVerts=1470
[+00:27:43.841] VoxelChunk: GenerateAsync (8,-25,0)
[+00:27:43.846] VoxelChunk: GenerateAsync (5,-22,-2)
[+00:27:43.859] VoxelChunk: GenerateAsync (4,-25,-4)
[+00:27:43.863] VoxelChunk: GenerateAsync (8,-24,-1)
[+00:27:43.865] VoxelChunk: GenerateAsync (6,-22,-1)
[+00:27:43.869] VoxelChunk: GenerateAsync (6,-28,-1)
[+00:27:43.882] VoxelChunk: GenerateAsync (2,-24,-1)
[+00:27:43.885] VoxelMesh: Chunk X=0 Y=0 Z=0 FlatVerts=7512 SlopeVerts=318
[+00:27:43.887] VoxelChunk: GenerateAsync (6,-22,0)
[+00:27:43.889] VoxelMesh: Chunk X=0 Y=0 Z=0 FlatVerts=5952 SlopeVerts=2682
[+00:27:43.890] VoxelChunk: GenerateAsync (6,-28,0)
[+00:27:43.893] VoxelMesh: Chunk X=0 Y=0 Z=0 FlatVerts=4110 SlopeVerts=8610
[+00:27:43.895] VoxelChunk: GenerateAsync (4,-22,0)
[+00:27:43.908] VoxelMesh: Chunk X=0 Y=0 Z=0 FlatVerts=10374 SlopeVerts=4788
[+00:27:43.924] VoxelChunk: GenerateAsync (3,2,1)
[+00:27:43.933] VoxelChunk: GenerateAsync (6,-24,-4)
[+00:27:43.938] VoxelChunk: GenerateAsync (4,-24,-4)
[+00:27:43.943] VoxelMesh: Chunk X=0 Y=0 Z=0 FlatVerts=1566 SlopeVerts=3216
[+00:27:43.944] VoxelChunk: GenerateAsync (2,-24,0)
[+00:27:43.948] VoxelMesh: Chunk X=0 Y=0 Z=0 FlatVerts=2640 SlopeVerts=4614
[+00:27:43.948] VoxelChunk: GenerateAsync (8,-24,0)
[+00:27:43.963] VoxelWater: Chunk X=4 Y=-27 Z=1 emitted 24 procedural water vertices (Ocean/Pools)
[+00:27:43.963] VoxelWater: Chunk X=6 Y=-27 Z=1 emitted 92 procedural water vertices (Ocean/Pools)
[+00:27:43.963] VoxelWater: Chunk X=3 Y=-26 Z=1 emitted 24 procedural water vertices (Ocean/Pools)
[+00:27:43.963] VoxelWater: Chunk X=7 Y=-26 Z=1 emitted 36 procedural water vertices (Ocean/Pools)
[+00:27:43.963] VoxelWater: Chunk X=6 Y=-23 Z=1 emitted 4 procedural water vertices (Ocean/Pools)
[+00:27:43.963] VoxelWater: Chunk X=5 Y=-27 Z=1 emitted 20 procedural water vertices (Ocean/Pools)
[+00:27:43.963] VoxelWater: Chunk X=5 Y=-23 Z=1 emitted 40 procedural water vertices (Ocean/Pools)
[+00:27:43.963] VoxelWater: Chunk X=6 Y=-24 Z=1 emitted 60 procedural water vertices (Ocean/Pools)
[+00:27:43.963] VoxelWater: Chunk X=4 Y=-26 Z=1 emitted 180 procedural water vertices (Ocean/Pools)
[+00:27:43.963] VoxelWater: Chunk X=4 Y=-26 Z=2 emitted 12 procedural water vertices (Ocean/Pools)
[+00:27:43.963] VoxelWater: Chunk X=4 Y=-25 Z=2 emitted 256 procedural water vertices (Ocean/Pools)
[+00:27:43.963] VoxelWater: Chunk X=4 Y=-25 Z=3 emitted 164 procedural water vertices (Ocean/Pools)
[+00:27:43.963] VoxelWater: Chunk X=4 Y=-25 Z=1 emitted 48 procedural water vertices (Ocean/Pools)
[+00:27:43.964] VoxelWater: Chunk X=5 Y=-25 Z=2 emitted 316 procedural water vertices (Ocean/Pools)
[+00:27:43.964] VoxelWater: Chunk X=4 Y=-24 Z=2 emitted 208 procedural water vertices (Ocean/Pools)
[+00:27:43.964] VoxelWater: Chunk X=4 Y=-24 Z=3 emitted 132 procedural water vertices (Ocean/Pools)
[+00:27:43.964] VoxelWater: Chunk X=4 Y=-24 Z=1 emitted 24 procedural water vertices (Ocean/Pools)
[+00:27:43.964] VoxelWater: Chunk X=5 Y=-24 Z=2 emitted 132 procedural water vertices (Ocean/Pools)
[+00:27:43.964] VoxelWater: Chunk X=5 Y=-25 Z=3 emitted 192 procedural water vertices (Ocean/Pools)
[+00:27:43.964] VoxelWater: Chunk X=6 Y=-25 Z=2 emitted 28 procedural water vertices (Ocean/Pools)
[+00:27:43.964] VoxelWater: Chunk X=5 Y=-24 Z=3 emitted 20 procedural water vertices (Ocean/Pools)
[+00:27:43.964] VoxelWater: Chunk X=6 Y=-24 Z=3 emitted 136 procedural water vertices (Ocean/Pools)
[+00:27:43.964] VoxelWater: Chunk X=5 Y=-24 Z=1 emitted 12 procedural water vertices (Ocean/Pools)
[+00:27:43.964] VoxelWater: Chunk X=6 Y=-26 Z=2 emitted 56 procedural water vertices (Ocean/Pools)
[+00:27:43.964] VoxelWater: Chunk X=6 Y=-26 Z=3 emitted 16 procedural water vertices (Ocean/Pools)
[+00:27:43.964] VoxelWater: Chunk X=6 Y=-25 Z=3 emitted 304 procedural water vertices (Ocean/Pools)
[+00:27:43.964] VoxelWater: Chunk X=6 Y=-26 Z=1 emitted 40 procedural water vertices (Ocean/Pools)
[+00:27:43.964] VoxelWater: Chunk X=6 Y=-24 Z=2 emitted 132 procedural water vertices (Ocean/Pools)
[+00:27:43.964] VoxelWater: Chunk X=5 Y=-25 Z=1 emitted 16 procedural water vertices (Ocean/Pools)
[+00:27:43.964] VoxelWater: Chunk X=5 Y=-26 Z=1 emitted 92 procedural water vertices (Ocean/Pools)
[+00:27:43.979] VoxelMesh: Chunk X=0 Y=0 Z=0 FlatVerts=6354 SlopeVerts=1686
[+00:27:43.981] VoxelChunk: GenerateAsync (2,-26,0)
[+00:27:43.987] VoxelMesh: Chunk X=0 Y=0 Z=0 FlatVerts=0 SlopeVerts=48
[+00:27:43.987] VoxelChunk: GenerateAsync (8,-26,0)
[+00:27:43.990] VoxelMesh: Chunk X=0 Y=0 Z=0 FlatVerts=2376 SlopeVerts=2718
[+00:27:43.991] VoxelChunk: GenerateAsync (4,-28,0)
[+00:27:43.997] VoxelChunk: GenerateAsync (6,-28,-2)
[+00:27:44.013] VoxelChunk: GenerateAsync (8,-24,-2)
[+00:27:44.019] VoxelChunk: GenerateAsync (4,-22,-2)
[+00:27:44.025] VoxelChunk: GenerateAsync (8,-26,-2)
[+00:27:44.030] VoxelChunk: GenerateAsync (2,-24,-2)
[+00:27:44.043] VoxelMesh: Chunk X=0 Y=0 Z=0 FlatVerts=264 SlopeVerts=24378
[+00:27:44.062] VoxelChunk: GenerateAsync (3,-1,2)
[+00:27:44.064] VoxelMesh: Chunk X=3 Y=-1 Z=2 FlatVerts=84 SlopeVerts=120
[+00:27:44.071] VoxelChunk: GenerateAsync (4,-28,-2)
[+00:27:44.076] VoxelChunk: GenerateAsync (6,-22,-2)
[+00:27:44.081] VoxelChunk: GenerateAsync (2,-26,-2)
[+00:27:44.086] VoxelChunk: GenerateAsync (4,-26,-4)
[+00:27:44.102] VoxelChunk: GenerateAsync (6,-26,-4)
[+00:27:44.107] VoxelMesh: Chunk X=0 Y=0 Z=0 FlatVerts=2418 SlopeVerts=15198
[+00:27:44.108] VoxelChunk: GenerateAsync (3,-23,1)
[+00:27:44.111] VoxelMesh: Chunk X=3 Y=-23 Z=1 FlatVerts=42 SlopeVerts=444
[+00:27:44.113] VoxelMesh: Chunk X=0 Y=0 Z=0 FlatVerts=3462 SlopeVerts=16512
[+00:27:44.115] VoxelChunk: GenerateAsync (7,-27,1)
[+00:27:44.116] VoxelMesh: Chunk X=7 Y=-27 Z=1 FlatVerts=2034 SlopeVerts=0
[+00:27:44.121] VoxelChunk: GenerateAsync (3,-27,-3)
[+00:27:44.137] VoxelChunk: GenerateAsync (7,-23,-3)
[+00:27:44.143] VoxelChunk: GenerateAsync (3,-23,-3)
[+00:27:44.147] VoxelMesh: Chunk X=0 Y=0 Z=0 FlatVerts=6060 SlopeVerts=5592
[+00:27:44.149] VoxelChunk: GenerateAsync (7,-23,1)
[+00:27:44.149] VoxelMesh: Chunk X=7 Y=-23 Z=1 FlatVerts=1170 SlopeVerts=840
[+00:27:44.153] VoxelMesh: Chunk X=0 Y=0 Z=0 FlatVerts=6546 SlopeVerts=2784
[+00:27:44.155] VoxelChunk: GenerateAsync (3,-27,1)
[+00:27:44.155] VoxelMesh: Chunk X=3 Y=-27 Z=1 FlatVerts=12 SlopeVerts=66
[+00:27:44.172] VoxelWater: Chunk X=4 Y=-27 Z=1 emitted 24 procedural water vertices (Ocean/Pools)
[+00:27:44.172] VoxelWater: Chunk X=6 Y=-27 Z=1 emitted 92 procedural water vertices (Ocean/Pools)
[+00:27:44.172] VoxelWater: Chunk X=3 Y=-26 Z=1 emitted 24 procedural water vertices (Ocean/Pools)
[+00:27:44.172] VoxelWater: Chunk X=7 Y=-26 Z=1 emitted 52 procedural water vertices (Ocean/Pools)
[+00:27:44.172] VoxelWater: Chunk X=6 Y=-23 Z=1 emitted 4 procedural water vertices (Ocean/Pools)
[+00:27:44.172] VoxelWater: Chunk X=5 Y=-27 Z=1 emitted 20 procedural water vertices (Ocean/Pools)
[+00:27:44.172] VoxelWater: Chunk X=5 Y=-23 Z=1 emitted 40 procedural water vertices (Ocean/Pools)
[+00:27:44.172] VoxelWater: Chunk X=6 Y=-24 Z=1 emitted 60 procedural water vertices (Ocean/Pools)
[+00:27:44.172] VoxelWater: Chunk X=4 Y=-26 Z=1 emitted 192 procedural water vertices (Ocean/Pools)
[+00:27:44.172] VoxelWater: Chunk X=4 Y=-26 Z=2 emitted 12 procedural water vertices (Ocean/Pools)
[+00:27:44.172] VoxelWater: Chunk X=4 Y=-25 Z=2 emitted 304 procedural water vertices (Ocean/Pools)
[+00:27:44.172] VoxelWater: Chunk X=4 Y=-25 Z=3 emitted 160 procedural water vertices (Ocean/Pools)
[+00:27:44.172] VoxelWater: Chunk X=4 Y=-25 Z=1 emitted 52 procedural water vertices (Ocean/Pools)
[+00:27:44.172] VoxelWater: Chunk X=5 Y=-25 Z=2 emitted 396 procedural water vertices (Ocean/Pools)
[+00:27:44.172] VoxelWater: Chunk X=4 Y=-24 Z=2 emitted 244 procedural water vertices (Ocean/Pools)
[+00:27:44.172] VoxelWater: Chunk X=4 Y=-24 Z=3 emitted 120 procedural water vertices (Ocean/Pools)
[+00:27:44.172] VoxelWater: Chunk X=4 Y=-24 Z=1 emitted 28 procedural water vertices (Ocean/Pools)
[+00:27:44.172] VoxelWater: Chunk X=5 Y=-24 Z=2 emitted 144 procedural water vertices (Ocean/Pools)
[+00:27:44.172] VoxelWater: Chunk X=5 Y=-25 Z=3 emitted 168 procedural water vertices (Ocean/Pools)
[+00:27:44.172] VoxelWater: Chunk X=6 Y=-25 Z=2 emitted 36 procedural water vertices (Ocean/Pools)
[+00:27:44.172] VoxelWater: Chunk X=5 Y=-24 Z=3 emitted 20 procedural water vertices (Ocean/Pools)
[+00:27:44.172] VoxelWater: Chunk X=6 Y=-24 Z=3 emitted 136 procedural water vertices (Ocean/Pools)
[+00:27:44.172] VoxelWater: Chunk X=5 Y=-24 Z=1 emitted 16 procedural water vertices (Ocean/Pools)
[+00:27:44.172] VoxelWater: Chunk X=6 Y=-26 Z=2 emitted 56 procedural water vertices (Ocean/Pools)
[+00:27:44.172] VoxelWater: Chunk X=6 Y=-26 Z=3 emitted 16 procedural water vertices (Ocean/Pools)
[+00:27:44.172] VoxelWater: Chunk X=6 Y=-25 Z=3 emitted 324 procedural water vertices (Ocean/Pools)
[+00:27:44.172] VoxelWater: Chunk X=6 Y=-26 Z=1 emitted 52 procedural water vertices (Ocean/Pools)
[+00:27:44.172] VoxelWater: Chunk X=6 Y=-24 Z=2 emitted 148 procedural water vertices (Ocean/Pools)
[+00:27:44.172] VoxelWater: Chunk X=5 Y=-25 Z=1 emitted 12 procedural water vertices (Ocean/Pools)
[+00:27:44.172] VoxelWater: Chunk X=5 Y=-26 Z=1 emitted 92 procedural water vertices (Ocean/Pools)
[+00:27:44.172] VoxelWater: Chunk X=6 Y=-25 Z=1 emitted 8 procedural water vertices (Ocean/Pools)
[+00:27:44.172] VoxelWater: Chunk X=7 Y=-27 Z=1 emitted 8 procedural water vertices (Ocean/Pools)
[+00:27:44.185] VoxelChunk: GenerateAsync (-3,0,2)
[+00:27:44.188] VoxelMesh: Chunk X=-3 Y=0 Z=2 FlatVerts=0 SlopeVerts=18
[+00:27:44.196] VoxelChunk: GenerateAsync (7,-27,-3)
[+00:27:44.201] VoxelChunk: GenerateAsync (5,-23,-4)
[+00:27:44.208] VoxelChunk: GenerateAsync (8,-25,-3)
[+00:27:44.214] VoxelChunk: GenerateAsync (2,-25,-3)
[+00:27:44.229] VoxelMesh: Chunk X=0 Y=0 Z=0 FlatVerts=5142 SlopeVerts=10554
[+00:27:44.230] VoxelChunk: GenerateAsync (2,-25,1)
[+00:27:44.236] VoxelMesh: Chunk X=0 Y=0 Z=0 FlatVerts=210 SlopeVerts=12792
[+00:27:44.236] VoxelChunk: GenerateAsync (8,-25,1)
[+00:27:44.238] VoxelMesh: Chunk X=8 Y=-25 Z=1 FlatVerts=0 SlopeVerts=96
[+00:27:44.242] VoxelChunk: GenerateAsync (7,-25,-4)
[+00:27:44.248] VoxelChunk: GenerateAsync (5,-22,-3)
[+00:27:44.259] VoxelChunk: GenerateAsync (4,-27,-3)
[+00:27:44.259] VoxelChunk: GenerateAsync (3,-26,-3)
[+00:27:44.259] VoxelChunk: GenerateAsync (4,-23,1)
[+00:27:44.260] VoxelChunk: GenerateAsync (7,-24,1)
[+00:27:44.260] VoxelChunk: GenerateAsync (7,-23,0)
[+00:27:44.260] VoxelChunk: GenerateAsync (4,-27,1)
[+00:27:44.260] VoxelChunk: GenerateAsync (6,-27,1)
[+00:27:44.260] VoxelChunk: GenerateAsync (3,-26,1)
[+00:27:44.260] VoxelChunk: GenerateAsync (3,-24,1)
[+00:27:44.260] VoxelChunk: GenerateAsync (7,-26,1)
[+00:27:44.260] VoxelChunk: GenerateAsync (6,-23,1)
[+00:27:44.260] VoxelChunk: GenerateAsync (3,-25,1)
[+00:27:44.260] VoxelChunk: GenerateAsync (5,-23,-3)
[+00:27:44.260] VoxelChunk: GenerateAsync (3,-25,-3)
[+00:27:44.260] VoxelChunk: GenerateAsync (7,-25,1)
[+00:27:44.260] VoxelChunk: GenerateAsync (7,-25,-3)
[+00:27:44.260] VoxelChunk: GenerateAsync (5,-27,1)
[+00:27:44.260] VoxelChunk: GenerateAsync (5,-27,-3)
[+00:27:44.260] VoxelChunk: GenerateAsync (5,-23,1)
[+00:27:44.260] VoxelChunk: GenerateAsync (4,-26,-3)
[+00:27:44.260] VoxelChunk: GenerateAsync (4,-24,-3)
[+00:27:44.260] VoxelChunk: GenerateAsync (6,-24,-3)
[+00:27:44.260] VoxelChunk: GenerateAsync (6,-24,1)
[+00:27:44.260] VoxelChunk: GenerateAsync (6,-26,-3)
[+00:27:44.260] VoxelChunk: GenerateAsync (4,-26,2)
[+00:27:44.260] VoxelChunk: GenerateAsync (4,-25,2)
[+00:27:44.260] VoxelChunk: GenerateAsync (5,-26,2)
[+00:27:44.260] VoxelChunk: GenerateAsync (5,-25,2)
[+00:27:44.260] VoxelChunk: GenerateAsync (4,-24,1)
[+00:27:44.260] VoxelChunk: GenerateAsync (6,-26,1)
[+00:27:44.260] VoxelChunk: GenerateAsync (4,-26,1)
[+00:27:44.260] VoxelChunk: GenerateAsync (4,-25,1)
[+00:27:44.260] VoxelChunk: GenerateAsync (6,-25,-3)
[+00:27:44.260] VoxelChunk: GenerateAsync (5,-24,-3)
[+00:27:44.260] VoxelMesh: Chunk X=4 Y=-23 Z=1 FlatVerts=0 SlopeVerts=18
[+00:27:44.260] VoxelChunk: GenerateAsync (5,-24,1)
[+00:27:44.260] VoxelChunk: GenerateAsync (5,-26,-3)
[+00:27:44.260] VoxelChunk: GenerateAsync (4,-25,-3)
[+00:27:44.260] VoxelMesh: Chunk X=7 Y=-24 Z=1 FlatVerts=0 SlopeVerts=6
[+00:27:44.260] VoxelChunk: GenerateAsync (5,-26,1)
[+00:27:44.260] VoxelChunk: GenerateAsync (6,-25,1)
[+00:27:44.260] VoxelChunk: GenerateAsync (5,-25,-3)
[+00:27:44.260] VoxelChunk: GenerateAsync (5,-25,1)
[+00:27:44.260] VoxelChunk: GenerateAsync (5,-28,0)
[+00:27:44.260] VoxelChunk: GenerateAsync (5,-22,0)
[+00:27:44.260] VoxelChunk: GenerateAsync (4,-23,-3)
[+00:27:44.260] VoxelChunk: GenerateAsync (6,-27,-3)
[+00:27:44.260] VoxelChunk: GenerateAsync (3,-24,-3)
[+00:27:44.260] VoxelChunk: GenerateAsync (7,-26,-3)
[+00:27:44.260] VoxelChunk: GenerateAsync (8,-25,0)
[+00:27:44.260] VoxelChunk: GenerateAsync (6,-22,0)
[+00:27:44.260] VoxelChunk: GenerateAsync (6,-28,0)
[+00:27:44.260] VoxelChunk: GenerateAsync (4,-22,0)
[+00:27:44.260] VoxelChunk: GenerateAsync (2,-24,0)
[+00:27:44.260] VoxelChunk: GenerateAsync (8,-24,0)
[+00:27:44.260] VoxelChunk: GenerateAsync (2,-26,0)
[+00:27:44.260] VoxelChunk: GenerateAsync (8,-26,0)
[+00:27:44.260] VoxelChunk: GenerateAsync (4,-28,0)
[+00:27:44.260] VoxelChunk: GenerateAsync (3,-23,1)
[+00:27:44.260] VoxelMesh: Chunk X=4 Y=-27 Z=1 FlatVerts=6 SlopeVerts=36
[+00:27:44.260] VoxelChunk: GenerateAsync (7,-27,1)
[+00:27:44.260] VoxelChunk: GenerateAsync (3,-27,-3)
[+00:27:44.260] VoxelChunk: GenerateAsync (7,-23,-3)
[+00:27:44.260] VoxelChunk: GenerateAsync (3,-23,-3)
[+00:27:44.261] VoxelMesh: Chunk X=6 Y=-27 Z=1 FlatVerts=156 SlopeVerts=0
[+00:27:44.261] VoxelMesh: Chunk X=3 Y=-26 Z=1 FlatVerts=6 SlopeVerts=24
[+00:27:44.261] VoxelChunk: GenerateAsync (7,-23,1)
[+00:27:44.261] VoxelChunk: GenerateAsync (3,-27,1)
[+00:27:44.261] VoxelChunk: GenerateAsync (7,-27,-3)
[+00:27:44.261] VoxelChunk: GenerateAsync (8,-25,-3)
[+00:27:44.261] VoxelChunk: GenerateAsync (2,-25,-3)
[+00:27:44.261] VoxelChunk: GenerateAsync (2,-25,1)
[+00:27:44.261] VoxelChunk: GenerateAsync (8,-25,1)
[+00:27:44.261] VoxelChunk: GenerateAsync (5,-22,-3)
[+00:27:44.261] VoxelMesh: Chunk X=3 Y=-24 Z=1 FlatVerts=0 SlopeVerts=0
[+00:27:44.261] VoxelMesh: Chunk X=6 Y=-23 Z=1 FlatVerts=120 SlopeVerts=0
[+00:27:44.261] VoxelMesh: Chunk X=7 Y=-26 Z=1 FlatVerts=78 SlopeVerts=54
[+00:27:44.261] VoxelMesh: Chunk X=5 Y=-27 Z=1 FlatVerts=108 SlopeVerts=0
[+00:27:44.261] VoxelMesh: Chunk X=3 Y=-25 Z=1 FlatVerts=0 SlopeVerts=0
[+00:27:44.261] VoxelMesh: Chunk X=7 Y=-25 Z=1 FlatVerts=0 SlopeVerts=0
[+00:27:44.261] VoxelMesh: Chunk X=5 Y=-23 Z=1 FlatVerts=78 SlopeVerts=54
[+00:27:44.261] VoxelMesh: Chunk X=6 Y=-24 Z=1 FlatVerts=6 SlopeVerts=66
[+00:27:44.261] VoxelMesh: Chunk X=2 Y=-26 Z=-2 FlatVerts=0 SlopeVerts=150
[+00:27:44.261] VoxelChunk: GenerateAsync (3,-25,2)
[+00:27:44.262] VoxelMesh: Chunk X=4 Y=-25 Z=2 FlatVerts=0 SlopeVerts=156
[+00:27:44.262] VoxelMesh: Chunk X=5 Y=-26 Z=2 FlatVerts=0 SlopeVerts=12
[+00:27:44.262] VoxelMesh: Chunk X=4 Y=-26 Z=2 FlatVerts=24 SlopeVerts=18
[+00:27:44.262] VoxelMesh: Chunk X=6 Y=-26 Z=1 FlatVerts=96 SlopeVerts=36
[+00:27:44.262] VoxelMesh: Chunk X=5 Y=-25 Z=2 FlatVerts=12 SlopeVerts=186
[+00:27:44.262] VoxelMesh: Chunk X=4 Y=-24 Z=1 FlatVerts=0 SlopeVerts=12
[+00:27:44.263] VoxelMesh: Chunk X=4 Y=-26 Z=1 FlatVerts=120 SlopeVerts=12
[+00:27:44.263] VoxelMesh: Chunk X=4 Y=-25 Z=1 FlatVerts=6 SlopeVerts=30
[+00:27:44.263] VoxelMesh: Chunk X=5 Y=-24 Z=1 FlatVerts=6 SlopeVerts=78
[+00:27:44.263] VoxelMesh: Chunk X=5 Y=-26 Z=1 FlatVerts=180 SlopeVerts=12
[+00:27:44.263] VoxelMesh: Chunk X=6 Y=-25 Z=1 FlatVerts=0 SlopeVerts=0
[+00:27:44.263] VoxelMesh: Chunk X=5 Y=-25 Z=1 FlatVerts=24 SlopeVerts=30
[+00:27:44.263] VoxelChunk: GenerateAsync (3,-25,-4)
[+00:27:44.265] VoxelMesh: Chunk X=3 Y=-23 Z=1 FlatVerts=0 SlopeVerts=42
[+00:27:44.265] VoxelMesh: Chunk X=7 Y=-27 Z=1 FlatVerts=114 SlopeVerts=0
[+00:27:44.265] VoxelMesh: Chunk X=3 Y=-27 Z=1 FlatVerts=0 SlopeVerts=0
[+00:27:44.265] VoxelMesh: Chunk X=7 Y=-23 Z=1 FlatVerts=48 SlopeVerts=66
[+00:27:44.265] VoxelMesh: Chunk X=8 Y=-25 Z=1 FlatVerts=0 SlopeVerts=12
[+00:27:44.265] VoxelChunk: GenerateAsync (5,-28,-3)
[+00:27:44.267] VoxelMesh: Chunk X=3 Y=-25 Z=2 FlatVerts=0 SlopeVerts=150
[+00:27:44.267] VoxelChunk: GenerateAsync (8,-23,-1)
[+00:27:44.283] VoxelMesh: Chunk X=0 Y=0 Z=0 FlatVerts=1578 SlopeVerts=13698
[+00:27:44.294] VoxelChunk: GenerateAsync (-3,3,1)
[+00:27:44.298] VoxelMesh: Chunk X=8 Y=-26 Z=-2 FlatVerts=0 SlopeVerts=12
[+00:27:44.298] VoxelChunk: GenerateAsync (7,-25,2)
[+00:27:44.299] VoxelChunk: GenerateAsync (5,-27,-4)
[+00:27:44.299] VoxelMesh: Chunk X=7 Y=-25 Z=2 FlatVerts=0 SlopeVerts=12
[+00:27:44.301] VoxelMesh: Chunk X=8 Y=-24 Z=-2 FlatVerts=6 SlopeVerts=1044
[+00:27:44.301] VoxelChunk: GenerateAsync (5,-23,2)
[+00:27:44.303] VoxelChunk: GenerateAsync (2,-27,-1)
[+00:27:44.303] VoxelMesh: Chunk X=5 Y=-23 Z=2 FlatVerts=6 SlopeVerts=1044
[+00:27:44.313] VoxelChunk: GenerateAsync (7,-28,-1)
[+00:27:44.315] VoxelChunk: GenerateAsync (3,-22,-1)
[+00:27:44.317] VoxelMesh: Chunk X=6 Y=-22 Z=-1 FlatVerts=336 SlopeVerts=1848
[+00:27:44.317] VoxelChunk: GenerateAsync (5,-27,2)
[+00:27:44.319] VoxelChunk: GenerateAsync (8,-27,-1)
[+00:27:44.319] VoxelMesh: Chunk X=5 Y=-27 Z=2 FlatVerts=336 SlopeVerts=1848
[+00:27:44.328] VoxelChunk: GenerateAsync (7,-22,-1)
[+00:27:44.329] VoxelMesh: Chunk X=4 Y=-22 Z=-1 FlatVerts=72 SlopeVerts=108
[+00:27:44.329] VoxelChunk: GenerateAsync (5,-22,1)
[+00:27:44.330] VoxelMesh: Chunk X=5 Y=-22 Z=1 FlatVerts=72 SlopeVerts=108
[+00:27:44.330] VoxelChunk: GenerateAsync (2,-23,-1)
[+00:27:44.330] VoxelMesh: Chunk X=2 Y=-25 Z=-2 FlatVerts=546 SlopeVerts=48
[+00:27:44.330] VoxelChunk: GenerateAsync (5,-28,1)
[+00:27:44.330] VoxelMesh: Chunk X=5 Y=-28 Z=1 FlatVerts=546 SlopeVerts=48
[+00:27:44.337] VoxelChunk: GenerateAsync (3,-28,-1)
[+00:27:44.339] VoxelChunk: GenerateAsync (2,-23,-2)
[+00:27:44.341] VoxelChunk: GenerateAsync (8,-27,-2)
[+00:27:44.342] VoxelMesh: Chunk X=5 Y=-28 Z=-2 FlatVerts=420 SlopeVerts=252
[+00:27:44.343] VoxelChunk: GenerateAsync (4,-28,1)
[+00:27:44.343] VoxelMesh: Chunk X=4 Y=-28 Z=1 FlatVerts=420 SlopeVerts=252
[+00:27:44.355] VoxelWater: Chunk X=4 Y=-27 Z=1 emitted 24 procedural water vertices (Ocean/Pools)
[+00:27:44.355] VoxelWater: Chunk X=6 Y=-27 Z=1 emitted 92 procedural water vertices (Ocean/Pools)
[+00:27:44.355] VoxelWater: Chunk X=3 Y=-26 Z=1 emitted 24 procedural water vertices (Ocean/Pools)
[+00:27:44.355] VoxelWater: Chunk X=7 Y=-26 Z=1 emitted 56 procedural water vertices (Ocean/Pools)
[+00:27:44.355] VoxelWater: Chunk X=6 Y=-23 Z=1 emitted 4 procedural water vertices (Ocean/Pools)
[+00:27:44.355] VoxelWater: Chunk X=5 Y=-27 Z=1 emitted 36 procedural water vertices (Ocean/Pools)
[+00:27:44.355] VoxelWater: Chunk X=5 Y=-23 Z=1 emitted 40 procedural water vertices (Ocean/Pools)
[+00:27:44.355] VoxelWater: Chunk X=6 Y=-24 Z=1 emitted 72 procedural water vertices (Ocean/Pools)
[+00:27:44.355] VoxelWater: Chunk X=4 Y=-26 Z=1 emitted 204 procedural water vertices (Ocean/Pools)
[+00:27:44.355] VoxelWater: Chunk X=4 Y=-26 Z=2 emitted 12 procedural water vertices (Ocean/Pools)
[+00:27:44.355] VoxelWater: Chunk X=4 Y=-25 Z=2 emitted 304 procedural water vertices (Ocean/Pools)
[+00:27:44.355] VoxelWater: Chunk X=4 Y=-25 Z=3 emitted 164 procedural water vertices (Ocean/Pools)
[+00:27:44.355] VoxelWater: Chunk X=4 Y=-25 Z=1 emitted 68 procedural water vertices (Ocean/Pools)
[+00:27:44.355] VoxelWater: Chunk X=5 Y=-25 Z=2 emitted 420 procedural water vertices (Ocean/Pools)
[+00:27:44.355] VoxelWater: Chunk X=4 Y=-24 Z=2 emitted 296 procedural water vertices (Ocean/Pools)
[+00:27:44.355] VoxelWater: Chunk X=4 Y=-24 Z=3 emitted 92 procedural water vertices (Ocean/Pools)
[+00:27:44.355] VoxelWater: Chunk X=4 Y=-24 Z=1 emitted 28 procedural water vertices (Ocean/Pools)
[+00:27:44.355] VoxelWater: Chunk X=5 Y=-24 Z=2 emitted 144 procedural water vertices (Ocean/Pools)
[+00:27:44.355] VoxelWater: Chunk X=5 Y=-25 Z=3 emitted 156 procedural water vertices (Ocean/Pools)
[+00:27:44.355] VoxelWater: Chunk X=6 Y=-25 Z=2 emitted 40 procedural water vertices (Ocean/Pools)
[+00:27:44.355] VoxelWater: Chunk X=5 Y=-24 Z=3 emitted 20 procedural water vertices (Ocean/Pools)
[+00:27:44.356] VoxelWater: Chunk X=6 Y=-24 Z=3 emitted 132 procedural water vertices (Ocean/Pools)
[+00:27:44.356] VoxelWater: Chunk X=5 Y=-24 Z=1 emitted 16 procedural water vertices (Ocean/Pools)
[+00:27:44.356] VoxelWater: Chunk X=6 Y=-26 Z=2 emitted 64 procedural water vertices (Ocean/Pools)
[+00:27:44.356] VoxelWater: Chunk X=6 Y=-26 Z=3 emitted 16 procedural water vertices (Ocean/Pools)
[+00:27:44.356] VoxelWater: Chunk X=6 Y=-25 Z=3 emitted 332 procedural water vertices (Ocean/Pools)
[+00:27:44.356] VoxelWater: Chunk X=6 Y=-26 Z=1 emitted 64 procedural water vertices (Ocean/Pools)
[+00:27:44.356] VoxelWater: Chunk X=6 Y=-24 Z=2 emitted 148 procedural water vertices (Ocean/Pools)
[+00:27:44.356] VoxelWater: Chunk X=5 Y=-25 Z=1 emitted 12 procedural water vertices (Ocean/Pools)
[+00:27:44.356] VoxelWater: Chunk X=5 Y=-26 Z=1 emitted 92 procedural water vertices (Ocean/Pools)
[+00:27:44.356] VoxelWater: Chunk X=6 Y=-25 Z=1 emitted 8 procedural water vertices (Ocean/Pools)
[+00:27:44.356] VoxelWater: Chunk X=5 Y=-27 Z=2 emitted 32 procedural water vertices (Ocean/Pools)
[+00:27:44.356] VoxelWater: Chunk X=5 Y=-23 Z=2 emitted 12 procedural water vertices (Ocean/Pools)
[+00:27:44.356] VoxelWater: Chunk X=7 Y=-27 Z=1 emitted 16 procedural water vertices (Ocean/Pools)
[+00:27:44.365] VoxelChunk: GenerateAsync (6,-23,-4)
[+00:27:44.367] VoxelChunk: GenerateAsync (3,-22,-2)
[+00:27:44.367] VoxelChunk: GenerateAsync (7,-26,-4)
[+00:27:44.369] VoxelChunk: GenerateAsync (2,-26,-3)
[+00:27:44.382] VoxelMesh: Chunk X=0 Y=0 Z=0 FlatVerts=642 SlopeVerts=2130
[+00:27:44.385] VoxelChunk: GenerateAsync (-3,1,1)
[+00:27:44.387] VoxelChunk: GenerateAsync (7,-24,-4)
[+00:27:44.387] VoxelChunk: GenerateAsync (7,-22,-2)
[+00:27:44.388] VoxelChunk: GenerateAsync (2,-26,1)
[+00:27:44.388] VoxelChunk: GenerateAsync (7,-22,0)
[+00:27:44.397] VoxelChunk: GenerateAsync (4,-27,-4)
[+00:27:44.398] VoxelMesh: Chunk X=7 Y=-25 Z=-1 FlatVerts=0 SlopeVerts=570
[+00:27:44.398] VoxelChunk: GenerateAsync (7,-26,2)
[+00:27:44.399] VoxelChunk: GenerateAsync (8,-26,-3)
[+00:27:44.399] VoxelMesh: Chunk X=7 Y=-26 Z=2 FlatVerts=0 SlopeVerts=570
[+00:27:44.399] VoxelChunk: GenerateAsync (3,-26,-4)
[+00:27:44.406] VoxelMesh: Chunk X=5 Y=-23 Z=-1 FlatVerts=18 SlopeVerts=114
[+00:27:44.406] VoxelChunk: GenerateAsync (2,-24,1)
[+00:27:44.406] VoxelMesh: Chunk X=2 Y=-24 Z=1 FlatVerts=18 SlopeVerts=114
[+00:27:44.406] VoxelChunk: GenerateAsync (6,-28,-3)
[+00:27:44.407] VoxelChunk: GenerateAsync (3,-22,0)
[+00:27:44.407] VoxelChunk: GenerateAsync (8,-23,-2)
[+00:27:44.416] VoxelChunk: GenerateAsync (4,-28,-3)
[+00:27:44.416] VoxelMesh: Chunk X=6 Y=-27 Z=-1 FlatVerts=486 SlopeVerts=60
[+00:27:44.416] VoxelChunk: GenerateAsync (6,-22,1)
[+00:27:44.416] VoxelMesh: Chunk X=6 Y=-22 Z=1 FlatVerts=486 SlopeVerts=60
[+00:27:44.416] VoxelMesh: Chunk X=6 Y=-23 Z=-1 FlatVerts=402 SlopeVerts=714
[+00:27:44.417] VoxelChunk: GenerateAsync (4,-27,2)
[+00:27:44.417] VoxelMesh: Chunk X=4 Y=-27 Z=2 FlatVerts=402 SlopeVerts=714
[+00:27:44.417] VoxelChunk: GenerateAsync (2,-24,-3)
[+00:27:44.423] VoxelMesh: Chunk X=4 Y=-23 Z=-1 FlatVerts=36 SlopeVerts=780
[+00:27:44.423] VoxelChunk: GenerateAsync (3,-26,2)
[+00:27:44.424] VoxelChunk: GenerateAsync (2,-23,0)
[+00:27:44.425] VoxelMesh: Chunk X=3 Y=-26 Z=2 FlatVerts=36 SlopeVerts=780
[+00:27:44.425] VoxelMesh: Chunk X=7 Y=-24 Z=-1 FlatVerts=0 SlopeVerts=0
[+00:27:44.425] VoxelChunk: GenerateAsync (6,-23,2)
[+00:27:44.426] VoxelMesh: Chunk X=3 Y=-24 Z=-1 FlatVerts=24 SlopeVerts=18
[+00:27:44.426] VoxelMesh: Chunk X=6 Y=-23 Z=2 FlatVerts=0 SlopeVerts=0
[+00:27:44.426] VoxelChunk: GenerateAsync (6,-27,2)
[+00:27:44.426] VoxelMesh: Chunk X=6 Y=-27 Z=2 FlatVerts=24 SlopeVerts=18
[+00:27:44.432] VoxelChunk: GenerateAsync (3,-28,0)
[+00:27:44.433] VoxelChunk: GenerateAsync (2,-27,-2)
[+00:27:44.433] VoxelChunk: GenerateAsync (7,-28,0)
[+00:27:44.433] VoxelMesh: Chunk X=6 Y=-23 Z=-2 FlatVerts=0 SlopeVerts=366
[+00:27:44.434] VoxelChunk: GenerateAsync (7,-24,2)
[+00:27:44.434] VoxelMesh: Chunk X=7 Y=-24 Z=2 FlatVerts=0 SlopeVerts=366
[+00:27:44.441] VoxelChunk: GenerateAsync (8,-27,0)
[+00:27:44.441] VoxelChunk: GenerateAsync (7,-28,-2)
[+00:27:44.442] VoxelChunk: GenerateAsync (6,-27,-4)
[+00:27:44.442] VoxelMesh: Chunk X=6 Y=-25 Z=-1 FlatVerts=12 SlopeVerts=48
[+00:27:44.442] VoxelChunk: GenerateAsync (8,-24,1)
[+00:27:44.443] VoxelMesh: Chunk X=8 Y=-24 Z=1 FlatVerts=12 SlopeVerts=48
[+00:27:44.449] VoxelChunk: GenerateAsync (3,-28,-2)
[+00:27:44.450] VoxelChunk: GenerateAsync (4,-22,-3)
[+00:27:44.450] VoxelChunk: GenerateAsync (3,-24,-4)
[+00:27:44.451] VoxelChunk: GenerateAsync (8,-23,0)
[+00:27:44.458] VoxelChunk: GenerateAsync (2,-27,0)
[+00:27:44.459] VoxelMesh: Chunk X=4 Y=-25 Z=-1 FlatVerts=330 SlopeVerts=282
[+00:27:44.459] VoxelChunk: GenerateAsync (8,-26,1)
[+00:27:44.459] VoxelMesh: Chunk X=4 Y=-26 Z=-1 FlatVerts=0 SlopeVerts=6
[+00:27:44.459] VoxelMesh: Chunk X=8 Y=-26 Z=1 FlatVerts=330 SlopeVerts=282
[+00:27:44.459] VoxelChunk: GenerateAsync (4,-22,1)
[+00:27:44.459] VoxelMesh: Chunk X=4 Y=-22 Z=1 FlatVerts=0 SlopeVerts=6
[+00:27:44.460] VoxelChunk: GenerateAsync (4,-23,-4)
[+00:27:44.466] VoxelMesh: Chunk X=6 Y=-27 Z=-2 FlatVerts=0 SlopeVerts=132
[+00:27:44.467] VoxelChunk: GenerateAsync (3,-24,2)
[+00:27:44.467] VoxelMesh: Chunk X=3 Y=-26 Z=-2 FlatVerts=18 SlopeVerts=852
[+00:27:44.467] VoxelMesh: Chunk X=3 Y=-24 Z=2 FlatVerts=0 SlopeVerts=132
[+00:27:44.467] VoxelChunk: GenerateAsync (4,-23,2)
[+00:27:44.467] VoxelMesh: Chunk X=4 Y=-23 Z=2 FlatVerts=18 SlopeVerts=852
[+00:27:44.467] VoxelChunk: GenerateAsync (8,-24,-3)
[+00:27:44.467] VoxelMesh: Chunk X=7 Y=-27 Z=-1 FlatVerts=588 SlopeVerts=126
[+00:27:44.469] VoxelChunk: GenerateAsync (6,-28,1)
[+00:27:44.469] VoxelMesh: Chunk X=6 Y=-28 Z=1 FlatVerts=588 SlopeVerts=126
[+00:27:44.479] VoxelMesh: Chunk X=0 Y=0 Z=0 FlatVerts=1596 SlopeVerts=5688
[+00:27:44.485] VoxelChunk: GenerateAsync (-2,3,1)
[+00:27:44.486] VoxelMesh: Chunk X=-2 Y=3 Z=1 FlatVerts=120 SlopeVerts=420
[+00:27:44.488] VoxelChunk: GenerateAsync (6,-22,-3)
[+00:27:44.488] VoxelChunk: GenerateAsync (5,-25,-5)
[+00:27:44.489] VoxelChunk: GenerateAsync (3,-22,-3)
[+00:27:44.489] VoxelChunk: GenerateAsync (7,-23,-4)
[+00:27:44.499] VoxelChunk: GenerateAsync (8,-23,-3)
[+00:27:44.499] VoxelMesh: Chunk X=5 Y=-28 Z=-1 FlatVerts=474 SlopeVerts=138
[+00:27:44.499] VoxelChunk: GenerateAsync (8,-23,1)
[+00:27:44.499] VoxelMesh: Chunk X=7 Y=-23 Z=-2 FlatVerts=138 SlopeVerts=30
[+00:27:44.499] VoxelMesh: Chunk X=8 Y=-23 Z=1 FlatVerts=474 SlopeVerts=138
[+00:27:44.499] VoxelChunk: GenerateAsync (3,-28,1)
[+00:27:44.500] VoxelMesh: Chunk X=3 Y=-28 Z=1 FlatVerts=138 SlopeVerts=30
[+00:27:44.500] VoxelChunk: GenerateAsync (7,-28,-3)
[+00:27:44.508] VoxelChunk: GenerateAsync (2,-27,1)
[+00:27:44.508] VoxelChunk: GenerateAsync (3,-23,-4)
[+00:27:44.513] VoxelChunk: GenerateAsync (5,-24,-5)
[+00:27:44.518] VoxelChunk: GenerateAsync (2,-27,-3)
[+00:27:44.528] VoxelMesh: Chunk X=0 Y=0 Z=0 FlatVerts=4686 SlopeVerts=6012
[+00:27:44.530] VoxelChunk: GenerateAsync (5,-21,0)
[+00:27:44.534] VoxelMesh: Chunk X=0 Y=0 Z=0 FlatVerts=462 SlopeVerts=3414
[+00:27:44.535] VoxelChunk: GenerateAsync (9,-25,0)
[+00:27:44.541] VoxelChunk: GenerateAsync (3,-28,-3)
[+00:27:44.547] VoxelMesh: Chunk X=0 Y=0 Z=0 FlatVerts=1056 SlopeVerts=14940
[+00:27:44.549] VoxelChunk: GenerateAsync (8,-27,1)
[+00:27:44.549] VoxelMesh: Chunk X=8 Y=-27 Z=1 FlatVerts=2100 SlopeVerts=228
[+00:27:44.566] VoxelChunk: GenerateAsync (3,-27,-4)
[+00:27:44.571] VoxelMesh: Chunk X=0 Y=0 Z=0 FlatVerts=12 SlopeVerts=804
[+00:27:44.571] VoxelChunk: GenerateAsync (7,-23,2)
[+00:27:44.574] VoxelMesh: Chunk X=7 Y=-23 Z=2 FlatVerts=0 SlopeVerts=1038
[+00:27:44.576] VoxelMesh: Chunk X=0 Y=0 Z=0 FlatVerts=894 SlopeVerts=2304
[+00:27:44.578] VoxelChunk: GenerateAsync (5,-29,0)
[+00:27:44.582] VoxelMesh: Chunk X=0 Y=0 Z=0 FlatVerts=1110 SlopeVerts=18498
[+00:27:44.583] VoxelChunk: GenerateAsync (3,-22,1)
[+00:27:44.601] VoxelWater: Chunk X=4 Y=-27 Z=1 emitted 24 procedural water vertices (Ocean/Pools)
[+00:27:44.601] VoxelWater: Chunk X=6 Y=-27 Z=1 emitted 92 procedural water vertices (Ocean/Pools)
[+00:27:44.602] VoxelWater: Chunk X=3 Y=-26 Z=1 emitted 24 procedural water vertices (Ocean/Pools)
[+00:27:44.602] VoxelWater: Chunk X=7 Y=-26 Z=1 emitted 60 procedural water vertices (Ocean/Pools)
[+00:27:44.602] VoxelWater: Chunk X=8 Y=-26 Z=1 emitted 4 procedural water vertices (Ocean/Pools)
[+00:27:44.602] VoxelWater: Chunk X=6 Y=-23 Z=1 emitted 4 procedural water vertices (Ocean/Pools)
[+00:27:44.602] VoxelWater: Chunk X=5 Y=-27 Z=1 emitted 48 procedural water vertices (Ocean/Pools)
[+00:27:44.602] VoxelWater: Chunk X=5 Y=-23 Z=1 emitted 40 procedural water vertices (Ocean/Pools)
[+00:27:44.602] VoxelWater: Chunk X=6 Y=-24 Z=1 emitted 72 procedural water vertices (Ocean/Pools)
[+00:27:44.602] VoxelWater: Chunk X=4 Y=-26 Z=1 emitted 204 procedural water vertices (Ocean/Pools)
[+00:27:44.602] VoxelWater: Chunk X=4 Y=-26 Z=2 emitted 12 procedural water vertices (Ocean/Pools)
[+00:27:44.602] VoxelWater: Chunk X=4 Y=-25 Z=2 emitted 312 procedural water vertices (Ocean/Pools)
[+00:27:44.602] VoxelWater: Chunk X=4 Y=-25 Z=3 emitted 164 procedural water vertices (Ocean/Pools)
[+00:27:44.602] VoxelWater: Chunk X=4 Y=-25 Z=1 emitted 68 procedural water vertices (Ocean/Pools)
[+00:27:44.602] VoxelWater: Chunk X=5 Y=-25 Z=2 emitted 432 procedural water vertices (Ocean/Pools)
[+00:27:44.602] VoxelWater: Chunk X=4 Y=-24 Z=2 emitted 316 procedural water vertices (Ocean/Pools)
[+00:27:44.602] VoxelWater: Chunk X=4 Y=-24 Z=3 emitted 92 procedural water vertices (Ocean/Pools)
[+00:27:44.602] VoxelWater: Chunk X=4 Y=-24 Z=1 emitted 36 procedural water vertices (Ocean/Pools)
[+00:27:44.602] VoxelWater: Chunk X=4 Y=-23 Z=2 emitted 4 procedural water vertices (Ocean/Pools)
[+00:27:44.602] VoxelWater: Chunk X=5 Y=-24 Z=2 emitted 140 procedural water vertices (Ocean/Pools)
[+00:27:44.602] VoxelWater: Chunk X=5 Y=-25 Z=3 emitted 152 procedural water vertices (Ocean/Pools)
[+00:27:44.602] VoxelWater: Chunk X=5 Y=-26 Z=2 emitted 4 procedural water vertices (Ocean/Pools)
[+00:27:44.602] VoxelWater: Chunk X=6 Y=-25 Z=2 emitted 56 procedural water vertices (Ocean/Pools)
[+00:27:44.602] VoxelWater: Chunk X=5 Y=-24 Z=3 emitted 20 procedural water vertices (Ocean/Pools)
[+00:27:44.602] VoxelWater: Chunk X=6 Y=-24 Z=3 emitted 124 procedural water vertices (Ocean/Pools)
[+00:27:44.602] VoxelWater: Chunk X=5 Y=-24 Z=1 emitted 16 procedural water vertices (Ocean/Pools)
[+00:27:44.602] VoxelWater: Chunk X=6 Y=-26 Z=2 emitted 64 procedural water vertices (Ocean/Pools)
[+00:27:44.602] VoxelWater: Chunk X=6 Y=-26 Z=3 emitted 16 procedural water vertices (Ocean/Pools)
[+00:27:44.602] VoxelWater: Chunk X=6 Y=-25 Z=3 emitted 324 procedural water vertices (Ocean/Pools)
[+00:27:44.602] VoxelWater: Chunk X=6 Y=-26 Z=1 emitted 68 procedural water vertices (Ocean/Pools)
[+00:27:44.602] VoxelWater: Chunk X=6 Y=-24 Z=2 emitted 156 procedural water vertices (Ocean/Pools)
[+00:27:44.602] VoxelWater: Chunk X=5 Y=-25 Z=1 emitted 12 procedural water vertices (Ocean/Pools)
[+00:27:44.602] VoxelWater: Chunk X=5 Y=-26 Z=1 emitted 104 procedural water vertices (Ocean/Pools)
[+00:27:44.602] VoxelWater: Chunk X=6 Y=-25 Z=1 emitted 8 procedural water vertices (Ocean/Pools)
[+00:27:44.603] VoxelWater: Chunk X=5 Y=-27 Z=2 emitted 32 procedural water vertices (Ocean/Pools)
[+00:27:44.603] VoxelWater: Chunk X=6 Y=-27 Z=2 emitted 4 procedural water vertices (Ocean/Pools)
[+00:27:44.603] VoxelWater: Chunk X=5 Y=-23 Z=2 emitted 12 procedural water vertices (Ocean/Pools)
[+00:27:44.603] VoxelWater: Chunk X=7 Y=-27 Z=1 emitted 16 procedural water vertices (Ocean/Pools)
[+00:27:44.603] VoxelWater: Chunk X=8 Y=-27 Z=1 emitted 16 procedural water vertices (Ocean/Pools)
[+00:27:44.620] VoxelMesh: Chunk X=0 Y=0 Z=0 FlatVerts=0 SlopeVerts=1446
[+00:27:44.620] VoxelChunk: GenerateAsync (3,-27,2)
[+00:27:44.621] VoxelMesh: Chunk X=3 Y=-27 Z=2 FlatVerts=300 SlopeVerts=3258
[+00:27:44.626] VoxelChunk: GenerateAsync (2,-23,-3)
[+00:27:44.632] VoxelMesh: Chunk X=0 Y=0 Z=0 FlatVerts=7362 SlopeVerts=252
[+00:27:44.633] VoxelChunk: GenerateAsync (7,-22,1)
[+00:27:44.633] VoxelMesh: Chunk X=7 Y=-22 Z=1 FlatVerts=2142 SlopeVerts=300
[+00:27:44.639] VoxelMesh: Chunk X=0 Y=0 Z=0 FlatVerts=330 SlopeVerts=18936
[+00:27:44.641] VoxelChunk: GenerateAsync (3,-23,2)
[+00:27:44.643] VoxelMesh: Chunk X=3 Y=-23 Z=2 FlatVerts=162 SlopeVerts=5286
[+00:27:44.657] VoxelMesh: Chunk X=0 Y=0 Z=0 FlatVerts=0 SlopeVerts=0
[+00:27:44.657] VoxelChunk: GenerateAsync (-3,0,1)
[+00:27:44.666] VoxelChunk: GenerateAsync (7,-22,-3)
[+00:27:44.671] VoxelChunk: GenerateAsync (7,-27,-4)
[+00:27:44.676] VoxelMesh: Chunk X=0 Y=0 Z=0 FlatVerts=324 SlopeVerts=11982
[+00:27:44.677] VoxelChunk: GenerateAsync (2,-23,1)
[+00:27:44.677] VoxelMesh: Chunk X=2 Y=-23 Z=1 FlatVerts=186 SlopeVerts=936
[+00:27:44.681] VoxelChunk: GenerateAsync (6,-25,-5)
[+00:27:44.695] VoxelChunk: GenerateAsync (4,-25,-5)
[+00:27:44.702] VoxelMesh: Chunk X=0 Y=0 Z=0 FlatVerts=696 SlopeVerts=20742
[+00:27:44.704] VoxelChunk: GenerateAsync (7,-27,2)
[+00:27:44.709] VoxelChunk: GenerateAsync (8,-27,-3)
[+00:27:44.715] VoxelChunk: GenerateAsync (5,-26,-5)
[+00:27:44.728] VoxelMesh: Chunk X=0 Y=0 Z=0 FlatVerts=6102 SlopeVerts=6552
[+00:27:44.729] VoxelChunk: GenerateAsync (7,-28,1)
[+00:27:44.730] VoxelMesh: Chunk X=7 Y=-28 Z=1 FlatVerts=2442 SlopeVerts=36
[+00:27:44.733] VoxelMesh: Chunk X=0 Y=0 Z=0 FlatVerts=1446 SlopeVerts=624
[+00:27:44.733] VoxelChunk: GenerateAsync (1,-25,0)
[+00:27:44.739] VoxelMesh: Chunk X=0 Y=0 Z=0 FlatVerts=0 SlopeVerts=54
[+00:27:44.739] VoxelChunk: GenerateAsync (1,-24,0)
[+00:27:44.744] VoxelChunk: GenerateAsync (4,-24,-5)
[+00:27:44.755] VoxelMesh: Chunk X=0 Y=0 Z=0 FlatVerts=1878 SlopeVerts=3582
[+00:27:44.761] VoxelChunk: GenerateAsync (-1,3,1)
[+00:27:44.762] VoxelMesh: Chunk X=-1 Y=3 Z=1 FlatVerts=654 SlopeVerts=1950
[+00:27:44.767] VoxelChunk: GenerateAsync (2,-27,1)
[+00:27:44.767] VoxelChunk: GenerateAsync (3,-28,1)
[+00:27:44.767] VoxelChunk: GenerateAsync (8,-23,1)
[+00:27:44.767] VoxelChunk: GenerateAsync (3,-27,0)
[+00:27:44.767] VoxelChunk: GenerateAsync (7,-27,0)
[+00:27:44.767] VoxelChunk: GenerateAsync (3,-23,0)
[+00:27:44.767] VoxelChunk: GenerateAsync (5,-25,-4)
[+00:27:44.767] VoxelChunk: GenerateAsync (5,-25,-5)
[+00:27:44.767] VoxelChunk: GenerateAsync (6,-28,1)
[+00:27:44.767] VoxelChunk: GenerateAsync (3,-24,0)
[+00:27:44.767] VoxelChunk: GenerateAsync (4,-23,2)
[+00:27:44.767] VoxelChunk: GenerateAsync (3,-24,2)
[+00:27:44.767] VoxelChunk: GenerateAsync (4,-22,1)
[+00:27:44.767] VoxelChunk: GenerateAsync (8,-26,1)
[+00:27:44.767] VoxelChunk: GenerateAsync (2,-27,0)
[+00:27:44.767] VoxelChunk: GenerateAsync (8,-23,0)
[+00:27:44.767] VoxelMesh: Chunk X=2 Y=-27 Z=1 FlatVerts=0 SlopeVerts=0
[+00:27:44.767] VoxelChunk: GenerateAsync (8,-24,1)
[+00:27:44.767] VoxelMesh: Chunk X=3 Y=-28 Z=1 FlatVerts=36 SlopeVerts=12
[+00:27:44.767] VoxelChunk: GenerateAsync (4,-23,0)
[+00:27:44.767] VoxelChunk: GenerateAsync (8,-27,0)
[+00:27:44.767] VoxelChunk: GenerateAsync (7,-26,0)
[+00:27:44.767] VoxelChunk: GenerateAsync (4,-27,0)
[+00:27:44.767] VoxelChunk: GenerateAsync (6,-23,0)
[+00:27:44.767] VoxelChunk: GenerateAsync (7,-24,2)
[+00:27:44.767] VoxelMesh: Chunk X=8 Y=-23 Z=1 FlatVerts=108 SlopeVerts=66
[+00:27:44.767] VoxelMesh: Chunk X=6 Y=-28 Z=1 FlatVerts=168 SlopeVerts=0
[+00:27:44.767] VoxelChunk: GenerateAsync (6,-27,0)
[+00:27:44.767] VoxelChunk: GenerateAsync (7,-28,0)
[+00:27:44.767] VoxelChunk: GenerateAsync (7,-24,0)
[+00:27:44.767] VoxelChunk: GenerateAsync (3,-26,0)
[+00:27:44.767] VoxelChunk: GenerateAsync (3,-28,0)
[+00:27:44.767] VoxelChunk: GenerateAsync (6,-27,2)
[+00:27:44.767] VoxelChunk: GenerateAsync (6,-23,2)
[+00:27:44.767] VoxelChunk: GenerateAsync (2,-23,0)
[+00:27:44.767] VoxelChunk: GenerateAsync (3,-26,2)
[+00:27:44.767] VoxelChunk: GenerateAsync (4,-27,2)
[+00:27:44.767] VoxelChunk: GenerateAsync (6,-22,1)
[+00:27:44.767] VoxelChunk: GenerateAsync (5,-27,0)
[+00:27:44.767] VoxelChunk: GenerateAsync (3,-22,0)
[+00:27:44.767] VoxelChunk: GenerateAsync (7,-25,0)
[+00:27:44.767] VoxelChunk: GenerateAsync (3,-25,0)
[+00:27:44.767] VoxelMesh: Chunk X=3 Y=-24 Z=2 FlatVerts=6 SlopeVerts=36
[+00:27:44.767] VoxelChunk: GenerateAsync (5,-23,0)
[+00:27:44.767] VoxelChunk: GenerateAsync (2,-24,1)
[+00:27:44.767] VoxelMesh: Chunk X=8 Y=-26 Z=1 FlatVerts=126 SlopeVerts=30
[+00:27:44.767] VoxelChunk: GenerateAsync (7,-26,2)
[+00:27:44.767] VoxelMesh: Chunk X=4 Y=-23 Z=2 FlatVerts=0 SlopeVerts=228
[+00:27:44.767] VoxelChunk: GenerateAsync (6,-24,0)
[+00:27:44.767] VoxelChunk: GenerateAsync (4,-24,0)
[+00:27:44.767] VoxelChunk: GenerateAsync (4,-27,-4)
[+00:27:44.767] VoxelMesh: Chunk X=4 Y=-22 Z=1 FlatVerts=0 SlopeVerts=0
[+00:27:44.767] VoxelChunk: GenerateAsync (6,-26,0)
[+00:27:44.767] VoxelChunk: GenerateAsync (7,-22,0)
[+00:27:44.767] VoxelChunk: GenerateAsync (2,-26,1)
[+00:27:44.767] VoxelChunk: GenerateAsync (4,-26,0)
[+00:27:44.767] VoxelChunk: GenerateAsync (4,-25,0)
[+00:27:44.767] VoxelChunk: GenerateAsync (5,-24,0)
[+00:27:44.767] VoxelChunk: GenerateAsync (6,-25,0)
[+00:27:44.767] VoxelChunk: GenerateAsync (5,-26,0)
[+00:27:44.767] VoxelChunk: GenerateAsync (6,-23,-4)
[+00:27:44.767] VoxelMesh: Chunk X=8 Y=-27 Z=0 FlatVerts=6 SlopeVerts=0
[+00:27:44.767] VoxelChunk: GenerateAsync (5,-25,0)
[+00:27:44.767] VoxelChunk: GenerateAsync (5,-28,0)
[+00:27:44.767] VoxelChunk: GenerateAsync (4,-28,1)
[+00:27:44.767] VoxelChunk: GenerateAsync (5,-24,-4)
[+00:27:44.767] VoxelChunk: GenerateAsync (5,-26,-4)
[+00:27:44.767] VoxelChunk: GenerateAsync (6,-25,-4)
[+00:27:44.767] VoxelChunk: GenerateAsync (2,-25,0)
[+00:27:44.767] VoxelChunk: GenerateAsync (5,-28,1)
[+00:27:44.767] VoxelChunk: GenerateAsync (5,-22,1)
[+00:27:44.767] VoxelMesh: Chunk X=8 Y=-24 Z=1 FlatVerts=0 SlopeVerts=6
[+00:27:44.767] VoxelChunk: GenerateAsync (4,-25,-4)
[+00:27:44.767] VoxelChunk: GenerateAsync (5,-27,2)
[+00:27:44.767] VoxelChunk: GenerateAsync (6,-28,0)
[+00:27:44.767] VoxelChunk: GenerateAsync (6,-24,-4)
[+00:27:44.767] VoxelChunk: GenerateAsync (4,-24,-4)
[+00:27:44.767] VoxelChunk: GenerateAsync (2,-24,0)
[+00:27:44.767] VoxelChunk: GenerateAsync (2,-26,0)
[+00:27:44.767] VoxelChunk: GenerateAsync (4,-28,0)
[+00:27:44.767] VoxelChunk: GenerateAsync (5,-23,2)
[+00:27:44.767] VoxelChunk: GenerateAsync (5,-27,-4)
[+00:27:44.767] VoxelChunk: GenerateAsync (7,-25,2)
[+00:27:44.767] VoxelChunk: GenerateAsync (3,-25,-4)
[+00:27:44.767] VoxelChunk: GenerateAsync (3,-25,2)
[+00:27:44.767] VoxelChunk: GenerateAsync (4,-26,-4)
[+00:27:44.767] VoxelChunk: GenerateAsync (6,-26,-4)
[+00:27:44.767] VoxelChunk: GenerateAsync (5,-23,-4)
[+00:27:44.767] VoxelChunk: GenerateAsync (7,-25,-4)
[+00:27:44.767] VoxelChunk: GenerateAsync (5,-21,0)
[+00:27:44.767] VoxelChunk: GenerateAsync (9,-25,0)
[+00:27:44.767] VoxelChunk: GenerateAsync (8,-27,1)
[+00:27:44.767] VoxelChunk: GenerateAsync (3,-27,-4)
[+00:27:44.767] VoxelMesh: Chunk X=7 Y=-24 Z=2 FlatVerts=0 SlopeVerts=72
[+00:27:44.767] VoxelChunk: GenerateAsync (7,-23,2)
[+00:27:44.767] VoxelChunk: GenerateAsync (5,-29,0)
[+00:27:44.767] VoxelChunk: GenerateAsync (3,-22,1)
[+00:27:44.767] VoxelChunk: GenerateAsync (3,-27,2)
[+00:27:44.767] VoxelChunk: GenerateAsync (7,-22,1)
[+00:27:44.767] VoxelChunk: GenerateAsync (3,-23,2)
[+00:27:44.767] VoxelChunk: GenerateAsync (7,-27,-4)
[+00:27:44.767] VoxelChunk: GenerateAsync (2,-23,1)
[+00:27:44.767] VoxelChunk: GenerateAsync (7,-27,2)
[+00:27:44.767] VoxelChunk: GenerateAsync (7,-28,1)
[+00:27:44.767] VoxelChunk: GenerateAsync (1,-25,0)
[+00:27:44.767] VoxelChunk: GenerateAsync (1,-24,0)
[+00:27:44.767] VoxelMesh: Chunk X=6 Y=-23 Z=2 FlatVerts=0 SlopeVerts=0
[+00:27:44.767] VoxelMesh: Chunk X=6 Y=-22 Z=1 FlatVerts=120 SlopeVerts=0
[+00:27:44.767] VoxelMesh: Chunk X=6 Y=-27 Z=2 FlatVerts=30 SlopeVerts=0
[+00:27:44.767] VoxelMesh: Chunk X=3 Y=-26 Z=2 FlatVerts=0 SlopeVerts=216
[+00:27:44.767] VoxelMesh: Chunk X=4 Y=-27 Z=2 FlatVerts=150 SlopeVerts=108
[+00:27:44.767] VoxelMesh: Chunk X=2 Y=-24 Z=1 FlatVerts=0 SlopeVerts=36
[+00:27:44.767] VoxelMesh: Chunk X=7 Y=-26 Z=2 FlatVerts=0 SlopeVerts=138
[+00:27:44.767] VoxelMesh: Chunk X=2 Y=-26 Z=1 FlatVerts=0 SlopeVerts=6
[+00:27:44.769] VoxelMesh: Chunk X=4 Y=-28 Z=1 FlatVerts=72 SlopeVerts=0
[+00:27:44.769] VoxelMesh: Chunk X=5 Y=-28 Z=1 FlatVerts=102 SlopeVerts=0
[+00:27:44.769] VoxelMesh: Chunk X=5 Y=-22 Z=1 FlatVerts=30 SlopeVerts=12
[+00:27:44.769] VoxelChunk: GenerateAsync (6,-24,-5)
[+00:27:44.769] VoxelMesh: Chunk X=5 Y=-27 Z=2 FlatVerts=114 SlopeVerts=30
[+00:27:44.769] VoxelMesh: Chunk X=7 Y=-25 Z=2 FlatVerts=0 SlopeVerts=0
[+00:27:44.769] VoxelMesh: Chunk X=3 Y=-25 Z=2 FlatVerts=0 SlopeVerts=24
[+00:27:44.770] VoxelMesh: Chunk X=5 Y=-23 Z=2 FlatVerts=0 SlopeVerts=66
[+00:27:44.770] VoxelMesh: Chunk X=8 Y=-27 Z=1 FlatVerts=132 SlopeVerts=0
[+00:27:44.770] VoxelMesh: Chunk X=3 Y=-22 Z=1 FlatVerts=0 SlopeVerts=6
[+00:27:44.771] VoxelMesh: Chunk X=3 Y=-27 Z=2 FlatVerts=72 SlopeVerts=108
[+00:27:44.771] VoxelMesh: Chunk X=7 Y=-22 Z=1 FlatVerts=138 SlopeVerts=0
[+00:27:44.771] VoxelMesh: Chunk X=7 Y=-23 Z=2 FlatVerts=0 SlopeVerts=84
[+00:27:44.771] VoxelMesh: Chunk X=2 Y=-23 Z=1 FlatVerts=42 SlopeVerts=36
[+00:27:44.771] VoxelChunk: GenerateAsync (5,-22,-4)
[+00:27:44.771] VoxelMesh: Chunk X=3 Y=-23 Z=2 FlatVerts=0 SlopeVerts=270
[+00:27:44.771] VoxelMesh: Chunk X=7 Y=-28 Z=1 FlatVerts=138 SlopeVerts=0
[+00:27:44.771] VoxelMesh: Chunk X=7 Y=-27 Z=2 FlatVerts=0 SlopeVerts=0
[+00:27:44.771] VoxelChunk: GenerateAsync (9,-24,0)
[+00:27:44.774] VoxelChunk: GenerateAsync (8,-22,-1)
[+00:27:44.788] VoxelWater: Chunk X=4 Y=-27 Z=1 emitted 24 procedural water vertices (Ocean/Pools)
[+00:27:44.789] VoxelWater: Chunk X=7 Y=-27 Z=1 emitted 24 procedural water vertices (Ocean/Pools)
[+00:27:44.789] VoxelWater: Chunk X=6 Y=-27 Z=1 emitted 92 procedural water vertices (Ocean/Pools)
[+00:27:44.789] VoxelWater: Chunk X=3 Y=-26 Z=1 emitted 24 procedural water vertices (Ocean/Pools)
[+00:27:44.789] VoxelWater: Chunk X=7 Y=-26 Z=1 emitted 80 procedural water vertices (Ocean/Pools)
[+00:27:44.789] VoxelWater: Chunk X=8 Y=-26 Z=1 emitted 4 procedural water vertices (Ocean/Pools)
[+00:27:44.789] VoxelWater: Chunk X=6 Y=-23 Z=1 emitted 4 procedural water vertices (Ocean/Pools)
[+00:27:44.789] VoxelWater: Chunk X=5 Y=-27 Z=1 emitted 48 procedural water vertices (Ocean/Pools)
[+00:27:44.789] VoxelWater: Chunk X=5 Y=-23 Z=1 emitted 40 procedural water vertices (Ocean/Pools)
[+00:27:44.789] VoxelWater: Chunk X=4 Y=-23 Z=2 emitted 8 procedural water vertices (Ocean/Pools)
[+00:27:44.789] VoxelWater: Chunk X=6 Y=-24 Z=1 emitted 84 procedural water vertices (Ocean/Pools)
[+00:27:44.789] VoxelWater: Chunk X=4 Y=-26 Z=1 emitted 200 procedural water vertices (Ocean/Pools)
[+00:27:44.789] VoxelWater: Chunk X=4 Y=-26 Z=2 emitted 12 procedural water vertices (Ocean/Pools)
[+00:27:44.789] VoxelWater: Chunk X=4 Y=-25 Z=2 emitted 332 procedural water vertices (Ocean/Pools)
[+00:27:44.789] VoxelWater: Chunk X=4 Y=-25 Z=3 emitted 160 procedural water vertices (Ocean/Pools)
[+00:27:44.789] VoxelWater: Chunk X=4 Y=-25 Z=1 emitted 72 procedural water vertices (Ocean/Pools)
[+00:27:44.789] VoxelWater: Chunk X=5 Y=-25 Z=2 emitted 464 procedural water vertices (Ocean/Pools)
[+00:27:44.789] VoxelWater: Chunk X=4 Y=-24 Z=2 emitted 340 procedural water vertices (Ocean/Pools)
[+00:27:44.789] VoxelWater: Chunk X=4 Y=-24 Z=3 emitted 84 procedural water vertices (Ocean/Pools)
[+00:27:44.789] VoxelWater: Chunk X=4 Y=-24 Z=1 emitted 40 procedural water vertices (Ocean/Pools)
[+00:27:44.789] VoxelWater: Chunk X=5 Y=-24 Z=2 emitted 128 procedural water vertices (Ocean/Pools)
[+00:27:44.789] VoxelWater: Chunk X=5 Y=-26 Z=2 emitted 4 procedural water vertices (Ocean/Pools)
[+00:27:44.789] VoxelWater: Chunk X=5 Y=-25 Z=3 emitted 140 procedural water vertices (Ocean/Pools)
[+00:27:44.789] VoxelWater: Chunk X=6 Y=-25 Z=2 emitted 80 procedural water vertices (Ocean/Pools)
[+00:27:44.789] VoxelWater: Chunk X=5 Y=-24 Z=3 emitted 20 procedural water vertices (Ocean/Pools)
[+00:27:44.789] VoxelWater: Chunk X=6 Y=-24 Z=3 emitted 120 procedural water vertices (Ocean/Pools)
[+00:27:44.789] VoxelWater: Chunk X=5 Y=-24 Z=1 emitted 36 procedural water vertices (Ocean/Pools)
[+00:27:44.789] VoxelWater: Chunk X=6 Y=-26 Z=2 emitted 60 procedural water vertices (Ocean/Pools)
[+00:27:44.789] VoxelWater: Chunk X=6 Y=-26 Z=3 emitted 16 procedural water vertices (Ocean/Pools)
[+00:27:44.789] VoxelWater: Chunk X=6 Y=-25 Z=3 emitted 328 procedural water vertices (Ocean/Pools)
[+00:27:44.789] VoxelWater: Chunk X=6 Y=-26 Z=1 emitted 72 procedural water vertices (Ocean/Pools)
[+00:27:44.789] VoxelWater: Chunk X=6 Y=-24 Z=2 emitted 152 procedural water vertices (Ocean/Pools)
[+00:27:44.789] VoxelWater: Chunk X=5 Y=-26 Z=1 emitted 136 procedural water vertices (Ocean/Pools)
[+00:27:44.789] VoxelWater: Chunk X=5 Y=-25 Z=1 emitted 12 procedural water vertices (Ocean/Pools)
[+00:27:44.789] VoxelWater: Chunk X=6 Y=-27 Z=2 emitted 4 procedural water vertices (Ocean/Pools)
[+00:27:44.789] VoxelWater: Chunk X=6 Y=-25 Z=1 emitted 8 procedural water vertices (Ocean/Pools)
[+00:27:44.789] VoxelWater: Chunk X=5 Y=-27 Z=2 emitted 32 procedural water vertices (Ocean/Pools)
[+00:27:44.789] VoxelWater: Chunk X=5 Y=-23 Z=2 emitted 16 procedural water vertices (Ocean/Pools)
[+00:27:44.789] VoxelWater: Chunk X=8 Y=-27 Z=1 emitted 28 procedural water vertices (Ocean/Pools)
[+00:27:44.789] VoxelWater: Chunk X=3 Y=-27 Z=2 emitted 68 procedural water vertices (Ocean/Pools)
[+00:27:44.789] VoxelWater: Chunk X=7 Y=-22 Z=1 emitted 24 procedural water vertices (Ocean/Pools)
[+00:27:44.789] VoxelWater: Chunk X=6 Y=-22 Z=1 emitted 4 procedural water vertices (Ocean/Pools)
[+00:27:44.789] VoxelWater: Chunk X=3 Y=-23 Z=1 emitted 8 procedural water vertices (Ocean/Pools)
[+00:27:44.789] VoxelWater: Chunk X=3 Y=-23 Z=2 emitted 52 procedural water vertices (Ocean/Pools)
[+00:27:44.789] VoxelWater: Chunk X=2 Y=-23 Z=1 emitted 8 procedural water vertices (Ocean/Pools)
[+00:27:44.789] VoxelWater: Chunk X=2 Y=-24 Z=1 emitted 4 procedural water vertices (Ocean/Pools)
[+00:27:44.805] VoxelChunk: GenerateAsync (8,-25,-4)
[+00:27:44.806] VoxelChunk: GenerateAsync (4,-26,-5)
[+00:27:44.806] VoxelChunk: GenerateAsync (6,-26,-5)
[+00:27:44.807] VoxelChunk: GenerateAsync (2,-22,-1)
[+00:27:44.815] VoxelChunk: GenerateAsync (6,-29,0)
[+00:27:44.815] VoxelChunk: GenerateAsync (4,-21,0)
[+00:27:44.815] VoxelChunk: GenerateAsync (4,-29,0)
[+00:27:44.815] VoxelChunk: GenerateAsync (8,-28,-1)
[+00:27:44.823] VoxelChunk: GenerateAsync (2,-25,-4)
[+00:27:44.824] VoxelChunk: GenerateAsync (2,-28,-1)
[+00:27:44.826] VoxelChunk: GenerateAsync (5,-28,-4)
[+00:27:44.828] VoxelMesh: Chunk X=7 Y=-28 Z=-1 FlatVerts=306 SlopeVerts=1008
[+00:27:44.828] VoxelChunk: GenerateAsync (5,-28,2)
[+00:27:44.829] VoxelMesh: Chunk X=5 Y=-28 Z=2 FlatVerts=306 SlopeVerts=1008
[+00:27:44.839] VoxelMesh: Chunk X=0 Y=0 Z=0 FlatVerts=414 SlopeVerts=18228
[+00:27:44.855] VoxelChunk: GenerateAsync (3,0,2)
[+00:27:44.856] VoxelMesh: Chunk X=3 Y=0 Z=2 FlatVerts=18 SlopeVerts=1110
[+00:27:44.857] VoxelChunk: GenerateAsync (6,-21,0)
[+00:27:44.860] VoxelMesh: Chunk X=8 Y=-27 Z=-1 FlatVerts=864 SlopeVerts=4284
[+00:27:44.860] VoxelChunk: GenerateAsync (5,-22,2)
[+00:27:44.861] VoxelMesh: Chunk X=7 Y=-22 Z=-1 FlatVerts=240 SlopeVerts=3408
[+00:27:44.861] VoxelMesh: Chunk X=5 Y=-22 Z=2 FlatVerts=864 SlopeVerts=4284
[+00:27:44.861] VoxelChunk: GenerateAsync (8,-25,2)
[+00:27:44.862] VoxelMesh: Chunk X=2 Y=-23 Z=-1 FlatVerts=0 SlopeVerts=18
[+00:27:44.862] VoxelMesh: Chunk X=8 Y=-25 Z=2 FlatVerts=240 SlopeVerts=3408
[+00:27:44.862] VoxelChunk: GenerateAsync (2,-25,2)
[+00:27:44.864] VoxelMesh: Chunk X=2 Y=-25 Z=2 FlatVerts=0 SlopeVerts=18
[+00:27:44.873] VoxelChunk: GenerateAsync (1,-26,0)
[+00:27:44.873] VoxelChunk: GenerateAsync (9,-26,0)
[+00:27:44.874] VoxelMesh: Chunk X=3 Y=-24 Z=-3 FlatVerts=0 SlopeVerts=972
[+00:27:44.874] VoxelChunk: GenerateAsync (8,-24,2)
[+00:27:44.874] VoxelChunk: GenerateAsync (8,-22,0)
[+00:27:44.875] VoxelMesh: Chunk X=8 Y=-24 Z=2 FlatVerts=0 SlopeVerts=972
[+00:27:44.881] VoxelChunk: GenerateAsync (8,-28,0)
[+00:27:44.882] VoxelChunk: GenerateAsync (4,-22,-4)
[+00:27:44.883] VoxelChunk: GenerateAsync (2,-28,0)
[+00:27:44.885] VoxelChunk: GenerateAsync (2,-22,0)
[+00:27:44.893] VoxelChunk: GenerateAsync (6,-22,-4)
[+00:27:44.894] VoxelMesh: Chunk X=2 Y=-26 Z=-3 FlatVerts=126 SlopeVerts=3360
[+00:27:44.894] VoxelChunk: GenerateAsync (4,-22,2)
[+00:27:44.895] VoxelMesh: Chunk X=7 Y=-22 Z=-2 FlatVerts=48 SlopeVerts=738
[+00:27:44.895] VoxelChunk: GenerateAsync (2,-24,2)
[+00:27:44.895] VoxelMesh: Chunk X=4 Y=-22 Z=2 FlatVerts=126 SlopeVerts=3360
[+00:27:44.895] VoxelMesh: Chunk X=2 Y=-24 Z=2 FlatVerts=48 SlopeVerts=738
[+00:27:44.895] VoxelChunk: GenerateAsync (8,-22,-2)
[+00:27:44.903] VoxelChunk: GenerateAsync (2,-22,-2)
[+00:27:44.904] VoxelChunk: GenerateAsync (4,-28,-4)
[+00:27:44.904] VoxelChunk: GenerateAsync (6,-28,-4)
[+00:27:44.905] VoxelChunk: GenerateAsync (2,-26,-4)
[+00:27:44.913] VoxelChunk: GenerateAsync (8,-26,-4)
[+00:27:44.914] VoxelChunk: GenerateAsync (8,-28,-2)
[+00:27:44.914] VoxelChunk: GenerateAsync (2,-28,-2)
[+00:27:44.914] VoxelChunk: GenerateAsync (2,-24,-4)
[+00:27:44.922] VoxelChunk: GenerateAsync (8,-24,-4)
[+00:27:44.922] VoxelMesh: Chunk X=2 Y=-27 Z=-2 FlatVerts=384 SlopeVerts=498
[+00:27:44.923] VoxelChunk: GenerateAsync (4,-28,2)
[+00:27:44.923] VoxelMesh: Chunk X=7 Y=-28 Z=-2 FlatVerts=6 SlopeVerts=552
[+00:27:44.923] VoxelMesh: Chunk X=4 Y=-28 Z=2 FlatVerts=384 SlopeVerts=498
[+00:27:44.923] VoxelChunk: GenerateAsync (8,-26,2)
[+00:27:44.923] VoxelMesh: Chunk X=3 Y=-28 Z=-2 FlatVerts=186 SlopeVerts=150
[+00:27:44.923] VoxelMesh: Chunk X=8 Y=-26 Z=2 FlatVerts=6 SlopeVerts=552
[+00:27:44.924] VoxelChunk: GenerateAsync (6,-22,2)
[+00:27:44.924] VoxelMesh: Chunk X=6 Y=-22 Z=2 FlatVerts=186 SlopeVerts=150
[+00:27:44.931] VoxelMesh: Chunk X=4 Y=-22 Z=-3 FlatVerts=36 SlopeVerts=90
[+00:27:44.932] VoxelChunk: GenerateAsync (6,-28,2)
[+00:27:44.932] VoxelMesh: Chunk X=6 Y=-26 Z=-3 FlatVerts=0 SlopeVerts=678
[+00:27:44.932] VoxelMesh: Chunk X=6 Y=-28 Z=2 FlatVerts=36 SlopeVerts=90
[+00:27:44.932] VoxelChunk: GenerateAsync (2,-26,2)
[+00:27:44.932] VoxelMesh: Chunk X=2 Y=-26 Z=2 FlatVerts=0 SlopeVerts=678
[+00:27:44.932] VoxelChunk: GenerateAsync (5,-27,-5)
[+00:27:44.933] VoxelMesh: Chunk X=4 Y=-24 Z=-3 FlatVerts=0 SlopeVerts=102
[+00:27:44.933] VoxelChunk: GenerateAsync (5,-21,1)
[+00:27:44.933] VoxelMesh: Chunk X=5 Y=-21 Z=1 FlatVerts=0 SlopeVerts=102
[+00:27:44.945] VoxelChunk: GenerateAsync (0,3,3)
[+00:27:44.948] VoxelChunk: GenerateAsync (5,-23,-5)
[+00:27:44.948] VoxelMesh: Chunk X=8 Y=-24 Z=-3 FlatVerts=0 SlopeVerts=0
[+00:27:44.948] VoxelChunk: GenerateAsync (1,-25,1)
[+00:27:44.949] VoxelMesh: Chunk X=5 Y=-27 Z=-3 FlatVerts=0 SlopeVerts=366
[+00:27:44.949] VoxelChunk: GenerateAsync (7,-25,3)
[+00:27:44.949] VoxelMesh: Chunk X=1 Y=-25 Z=1 FlatVerts=0 SlopeVerts=0
[+00:27:44.949] VoxelChunk: GenerateAsync (3,-25,-5)
[+00:27:44.949] VoxelMesh: Chunk X=7 Y=-25 Z=3 FlatVerts=0 SlopeVerts=366
[+00:27:44.957] VoxelChunk: GenerateAsync (7,-25,-5)
[+00:27:44.958] VoxelMesh: Chunk X=3 Y=-25 Z=-3 FlatVerts=654 SlopeVerts=12
[+00:27:44.958] VoxelChunk: GenerateAsync (5,-29,1)
[+00:27:44.959] VoxelMesh: Chunk X=5 Y=-23 Z=-3 FlatVerts=24 SlopeVerts=42
[+00:27:44.959] VoxelMesh: Chunk X=5 Y=-29 Z=1 FlatVerts=654 SlopeVerts=12
[+00:27:44.959] VoxelChunk: GenerateAsync (9,-25,1)
[+00:27:44.959] VoxelMesh: Chunk X=9 Y=-25 Z=1 FlatVerts=24 SlopeVerts=42
[+00:27:44.959] VoxelChunk: GenerateAsync (5,-27,3)
[+00:27:44.967] VoxelChunk: GenerateAsync (5,-23,3)
[+00:27:44.968] VoxelMesh: Chunk X=8 Y=-23 Z=-3 FlatVerts=366 SlopeVerts=930
[+00:27:44.968] VoxelChunk: GenerateAsync (3,-25,3)
[+00:27:44.969] VoxelChunk: GenerateAsync (7,-26,-5)
[+00:27:44.969] VoxelMesh: Chunk X=3 Y=-25 Z=3 FlatVerts=366 SlopeVerts=930
[+00:27:44.969] VoxelChunk: GenerateAsync (7,-24,-5)
[+00:27:44.988] VoxelWater: Chunk X=4 Y=-27 Z=1 emitted 24 procedural water vertices (Ocean/Pools)
[+00:27:44.988] VoxelWater: Chunk X=6 Y=-27 Z=1 emitted 96 procedural water vertices (Ocean/Pools)
[+00:27:44.988] VoxelWater: Chunk X=7 Y=-27 Z=1 emitted 44 procedural water vertices (Ocean/Pools)
[+00:27:44.988] VoxelWater: Chunk X=3 Y=-26 Z=1 emitted 24 procedural water vertices (Ocean/Pools)
[+00:27:44.988] VoxelWater: Chunk X=7 Y=-26 Z=1 emitted 92 procedural water vertices (Ocean/Pools)
[+00:27:44.988] VoxelWater: Chunk X=8 Y=-26 Z=1 emitted 20 procedural water vertices (Ocean/Pools)
[+00:27:44.988] VoxelWater: Chunk X=6 Y=-23 Z=1 emitted 4 procedural water vertices (Ocean/Pools)
[+00:27:44.988] VoxelWater: Chunk X=5 Y=-27 Z=1 emitted 56 procedural water vertices (Ocean/Pools)
[+00:27:44.988] VoxelWater: Chunk X=5 Y=-23 Z=1 emitted 40 procedural water vertices (Ocean/Pools)
[+00:27:44.988] VoxelWater: Chunk X=4 Y=-23 Z=1 emitted 4 procedural water vertices (Ocean/Pools)
[+00:27:44.988] VoxelWater: Chunk X=4 Y=-23 Z=2 emitted 8 procedural water vertices (Ocean/Pools)
[+00:27:44.988] VoxelWater: Chunk X=6 Y=-24 Z=1 emitted 96 procedural water vertices (Ocean/Pools)
[+00:27:44.988] VoxelWater: Chunk X=4 Y=-26 Z=1 emitted 204 procedural water vertices (Ocean/Pools)
[+00:27:44.988] VoxelWater: Chunk X=4 Y=-26 Z=2 emitted 12 procedural water vertices (Ocean/Pools)
[+00:27:44.988] VoxelWater: Chunk X=4 Y=-25 Z=2 emitted 364 procedural water vertices (Ocean/Pools)
[+00:27:44.989] VoxelWater: Chunk X=4 Y=-25 Z=3 emitted 144 procedural water vertices (Ocean/Pools)
[+00:27:44.989] VoxelWater: Chunk X=4 Y=-25 Z=1 emitted 80 procedural water vertices (Ocean/Pools)
[+00:27:44.989] VoxelWater: Chunk X=5 Y=-25 Z=2 emitted 496 procedural water vertices (Ocean/Pools)
[+00:27:44.989] VoxelWater: Chunk X=4 Y=-24 Z=2 emitted 368 procedural water vertices (Ocean/Pools)
[+00:27:44.989] VoxelWater: Chunk X=4 Y=-24 Z=3 emitted 84 procedural water vertices (Ocean/Pools)
[+00:27:44.989] VoxelWater: Chunk X=4 Y=-24 Z=1 emitted 40 procedural water vertices (Ocean/Pools)
[+00:27:44.989] VoxelWater: Chunk X=5 Y=-24 Z=2 emitted 132 procedural water vertices (Ocean/Pools)
[+00:27:44.989] VoxelWater: Chunk X=5 Y=-26 Z=2 emitted 8 procedural water vertices (Ocean/Pools)
[+00:27:44.989] VoxelWater: Chunk X=5 Y=-25 Z=3 emitted 132 procedural water vertices (Ocean/Pools)
[+00:27:44.989] VoxelWater: Chunk X=6 Y=-25 Z=2 emitted 108 procedural water vertices (Ocean/Pools)
[+00:27:44.989] VoxelWater: Chunk X=5 Y=-24 Z=3 emitted 20 procedural water vertices (Ocean/Pools)
[+00:27:44.989] VoxelWater: Chunk X=6 Y=-24 Z=3 emitted 120 procedural water vertices (Ocean/Pools)
[+00:27:44.989] VoxelWater: Chunk X=5 Y=-24 Z=1 emitted 60 procedural water vertices (Ocean/Pools)
[+00:27:44.989] VoxelWater: Chunk X=6 Y=-26 Z=2 emitted 60 procedural water vertices (Ocean/Pools)
[+00:27:44.989] VoxelWater: Chunk X=6 Y=-26 Z=3 emitted 16 procedural water vertices (Ocean/Pools)
[+00:27:44.989] VoxelWater: Chunk X=6 Y=-25 Z=3 emitted 320 procedural water vertices (Ocean/Pools)
[+00:27:44.989] VoxelWater: Chunk X=6 Y=-26 Z=1 emitted 76 procedural water vertices (Ocean/Pools)
[+00:27:44.989] VoxelWater: Chunk X=6 Y=-24 Z=2 emitted 160 procedural water vertices (Ocean/Pools)
[+00:27:44.989] VoxelWater: Chunk X=5 Y=-26 Z=1 emitted 156 procedural water vertices (Ocean/Pools)
[+00:27:44.989] VoxelWater: Chunk X=5 Y=-25 Z=1 emitted 20 procedural water vertices (Ocean/Pools)
[+00:27:44.989] VoxelWater: Chunk X=6 Y=-27 Z=2 emitted 4 procedural water vertices (Ocean/Pools)
[+00:27:44.989] VoxelWater: Chunk X=6 Y=-22 Z=1 emitted 4 procedural water vertices (Ocean/Pools)
[+00:27:44.989] VoxelWater: Chunk X=6 Y=-25 Z=1 emitted 8 procedural water vertices (Ocean/Pools)
[+00:27:44.989] VoxelWater: Chunk X=7 Y=-25 Z=1 emitted 4 procedural water vertices (Ocean/Pools)
[+00:27:44.989] VoxelWater: Chunk X=2 Y=-24 Z=1 emitted 4 procedural water vertices (Ocean/Pools)
[+00:27:44.989] VoxelWater: Chunk X=4 Y=-22 Z=2 emitted 12 procedural water vertices (Ocean/Pools)
[+00:27:44.989] VoxelWater: Chunk X=8 Y=-25 Z=2 emitted 28 procedural water vertices (Ocean/Pools)
[+00:27:44.989] VoxelWater: Chunk X=8 Y=-26 Z=2 emitted 8 procedural water vertices (Ocean/Pools)
[+00:27:44.989] VoxelWater: Chunk X=5 Y=-22 Z=2 emitted 48 procedural water vertices (Ocean/Pools)
[+00:27:44.989] VoxelWater: Chunk X=5 Y=-27 Z=2 emitted 52 procedural water vertices (Ocean/Pools)
[+00:27:44.989] VoxelWater: Chunk X=5 Y=-28 Z=1 emitted 8 procedural water vertices (Ocean/Pools)
[+00:27:44.989] VoxelWater: Chunk X=5 Y=-28 Z=2 emitted 28 procedural water vertices (Ocean/Pools)
[+00:27:44.989] VoxelWater: Chunk X=5 Y=-23 Z=2 emitted 20 procedural water vertices (Ocean/Pools)
[+00:27:44.989] VoxelWater: Chunk X=3 Y=-23 Z=1 emitted 16 procedural water vertices (Ocean/Pools)
[+00:27:44.990] VoxelWater: Chunk X=8 Y=-27 Z=1 emitted 52 procedural water vertices (Ocean/Pools)
[+00:27:44.990] VoxelWater: Chunk X=3 Y=-27 Z=1 emitted 4 procedural water vertices (Ocean/Pools)
[+00:27:44.990] VoxelWater: Chunk X=3 Y=-27 Z=2 emitted 120 procedural water vertices (Ocean/Pools)
[+00:27:44.990] VoxelWater: Chunk X=4 Y=-27 Z=2 emitted 4 procedural water vertices (Ocean/Pools)
[+00:27:44.990] VoxelWater: Chunk X=7 Y=-22 Z=1 emitted 44 procedural water vertices (Ocean/Pools)
[+00:27:44.990] VoxelWater: Chunk X=3 Y=-23 Z=2 emitted 64 procedural water vertices (Ocean/Pools)
[+00:27:44.990] VoxelWater: Chunk X=2 Y=-23 Z=1 emitted 16 procedural water vertices (Ocean/Pools)
[+00:27:44.998] VoxelChunk: GenerateAsync (3,-24,-5)
[+00:27:45.004] VoxelMesh: Chunk X=0 Y=0 Z=0 FlatVerts=6396 SlopeVerts=3474
[+00:27:45.005] VoxelChunk: GenerateAsync (6,-21,1)
[+00:27:45.005] VoxelMesh: Chunk X=6 Y=-21 Z=1 FlatVerts=120 SlopeVerts=582
[+00:27:45.011] VoxelMesh: Chunk X=0 Y=0 Z=0 FlatVerts=540 SlopeVerts=1506
[+00:27:45.012] VoxelChunk: GenerateAsync (9,-27,0)
[+00:27:45.016] VoxelChunk: GenerateAsync (4,-27,-5)
[+00:27:45.030] VoxelMesh: Chunk X=0 Y=0 Z=0 FlatVerts=2280 SlopeVerts=21186
[+00:27:45.033] VoxelChunk: GenerateAsync (4,-21,1)
[+00:27:45.034] VoxelMesh: Chunk X=4 Y=-21 Z=1 FlatVerts=48 SlopeVerts=804
[+00:27:45.038] VoxelChunk: GenerateAsync (6,-23,-5)
[+00:27:45.042] VoxelChunk: GenerateAsync (6,-27,-5)
[+00:27:45.047] VoxelChunk: GenerateAsync (4,-23,-5)
[+00:27:45.060] VoxelChunk: GenerateAsync (3,-26,-5)
[+00:27:45.067] VoxelMesh: Chunk X=0 Y=0 Z=0 FlatVerts=90 SlopeVerts=21954
[+00:27:45.068] VoxelChunk: GenerateAsync (7,-26,3)
[+00:27:45.070] VoxelMesh: Chunk X=7 Y=-26 Z=3 FlatVerts=0 SlopeVerts=1356
[+00:27:45.072] VoxelMesh: Chunk X=0 Y=0 Z=0 FlatVerts=7908 SlopeVerts=1866
[+00:27:45.073] VoxelChunk: GenerateAsync (1,-27,0)
[+00:27:45.079] VoxelMesh: Chunk X=0 Y=0 Z=0 FlatVerts=2856 SlopeVerts=6822
[+00:27:45.080] VoxelChunk: GenerateAsync (3,-29,0)
[+00:27:45.092] VoxelChunk: GenerateAsync (-1,3,3)
[+00:27:45.100] VoxelMesh: Chunk X=0 Y=0 Z=0 FlatVerts=7554 SlopeVerts=6018
[+00:27:45.102] VoxelChunk: GenerateAsync (1,-26,1)
[+00:27:45.106] VoxelMesh: Chunk X=0 Y=0 Z=0 FlatVerts=6 SlopeVerts=1608
[+00:27:45.107] VoxelChunk: GenerateAsync (9,-26,1)
[+00:27:45.107] VoxelMesh: Chunk X=9 Y=-26 Z=1 FlatVerts=444 SlopeVerts=912
[+00:27:45.111] VoxelMesh: Chunk X=0 Y=0 Z=0 FlatVerts=3822 SlopeVerts=12264
[+00:27:45.113] VoxelChunk: GenerateAsync (9,-24,1)
[+00:27:45.114] VoxelMesh: Chunk X=9 Y=-24 Z=1 FlatVerts=108 SlopeVerts=126
[+00:27:45.119] VoxelMesh: Chunk X=0 Y=0 Z=0 FlatVerts=84 SlopeVerts=2712
[+00:27:45.121] VoxelChunk: GenerateAsync (3,-24,3)
[+00:27:45.122] VoxelMesh: Chunk X=3 Y=-24 Z=3 FlatVerts=258 SlopeVerts=5016
[+00:27:45.137] VoxelChunk: GenerateAsync (3,-26,3)
[+00:27:45.139] VoxelMesh: Chunk X=3 Y=-26 Z=3 FlatVerts=120 SlopeVerts=3750
[+00:27:45.142] VoxelMesh: Chunk X=0 Y=0 Z=0 FlatVerts=2610 SlopeVerts=8670
[+00:27:45.142] VoxelChunk: GenerateAsync (6,-29,1)
[+00:27:45.145] VoxelMesh: Chunk X=6 Y=-29 Z=1 FlatVerts=2208 SlopeVerts=828
[+00:27:45.148] VoxelMesh: Chunk X=0 Y=0 Z=0 FlatVerts=414 SlopeVerts=396
[+00:27:45.148] VoxelChunk: GenerateAsync (1,-23,0)
[+00:27:45.153] VoxelMesh: Chunk X=0 Y=0 Z=0 FlatVerts=0 SlopeVerts=684
[+00:27:45.153] VoxelChunk: GenerateAsync (6,-27,3)
[+00:27:45.168] VoxelMesh: Chunk X=0 Y=0 Z=0 FlatVerts=6954 SlopeVerts=1020
[+00:27:45.169] VoxelChunk: GenerateAsync (9,-23,0)
[+00:27:45.173] VoxelMesh: Chunk X=0 Y=0 Z=0 FlatVerts=1134 SlopeVerts=10998
[+00:27:45.175] VoxelChunk: GenerateAsync (4,-29,1)
[+00:27:45.176] VoxelMesh: Chunk X=4 Y=-29 Z=1 FlatVerts=1596 SlopeVerts=846
[+00:27:45.179] VoxelMesh: Chunk X=0 Y=0 Z=0 FlatVerts=5016 SlopeVerts=2346
[+00:27:45.180] VoxelChunk: GenerateAsync (7,-29,0)
[+00:27:45.185] VoxelMesh: Chunk X=0 Y=0 Z=0 FlatVerts=0 SlopeVerts=0
[+00:27:45.186] VoxelChunk: GenerateAsync (4,-27,3)
[+00:27:45.187] VoxelMesh: Chunk X=4 Y=-27 Z=3 FlatVerts=0 SlopeVerts=24
[+00:27:45.200] VoxelMesh: Chunk X=0 Y=0 Z=0 FlatVerts=3942 SlopeVerts=9798
[+00:27:45.212] VoxelChunk: GenerateAsync (1,3,1)
[+00:27:45.213] VoxelMesh: Chunk X=1 Y=3 Z=1 FlatVerts=300 SlopeVerts=726
[+00:27:45.219] VoxelMesh: Chunk X=0 Y=0 Z=0 FlatVerts=1014 SlopeVerts=15102
[+00:27:45.220] VoxelChunk: GenerateAsync (1,-24,1)
[+00:27:45.221] VoxelMesh: Chunk X=1 Y=-24 Z=1 FlatVerts=978 SlopeVerts=1056
[+00:27:45.225] VoxelChunk: GenerateAsync (6,-23,3)
[+00:27:45.230] VoxelMesh: Chunk X=0 Y=0 Z=0 FlatVerts=372 SlopeVerts=3414
[+00:27:45.231] VoxelChunk: GenerateAsync (3,-21,0)
[+00:27:45.233] VoxelMesh: Chunk X=0 Y=0 Z=0 FlatVerts=6936 SlopeVerts=2082
[+00:27:45.235] VoxelChunk: GenerateAsync (7,-21,0)
[+00:27:45.256] VoxelWater: Chunk X=4 Y=-23 Z=1 emitted 4 procedural water vertices (Ocean/Pools)
[+00:27:45.256] VoxelWater: Chunk X=4 Y=-27 Z=1 emitted 24 procedural water vertices (Ocean/Pools)
[+00:27:45.256] VoxelWater: Chunk X=6 Y=-27 Z=1 emitted 104 procedural water vertices (Ocean/Pools)
[+00:27:45.256] VoxelWater: Chunk X=7 Y=-27 Z=1 emitted 80 procedural water vertices (Ocean/Pools)
[+00:27:45.256] VoxelWater: Chunk X=3 Y=-26 Z=1 emitted 24 procedural water vertices (Ocean/Pools)
[+00:27:45.256] VoxelWater: Chunk X=7 Y=-26 Z=1 emitted 96 procedural water vertices (Ocean/Pools)
[+00:27:45.256] VoxelWater: Chunk X=8 Y=-26 Z=1 emitted 20 procedural water vertices (Ocean/Pools)
[+00:27:45.256] VoxelWater: Chunk X=6 Y=-23 Z=1 emitted 4 procedural water vertices (Ocean/Pools)
[+00:27:45.256] VoxelWater: Chunk X=7 Y=-25 Z=1 emitted 8 procedural water vertices (Ocean/Pools)
[+00:27:45.256] VoxelWater: Chunk X=8 Y=-25 Z=1 emitted 4 procedural water vertices (Ocean/Pools)
[+00:27:45.256] VoxelWater: Chunk X=5 Y=-27 Z=1 emitted 68 procedural water vertices (Ocean/Pools)
[+00:27:45.256] VoxelWater: Chunk X=5 Y=-23 Z=1 emitted 40 procedural water vertices (Ocean/Pools)
[+00:27:45.256] VoxelWater: Chunk X=4 Y=-23 Z=2 emitted 12 procedural water vertices (Ocean/Pools)
[+00:27:45.257] VoxelWater: Chunk X=6 Y=-24 Z=1 emitted 96 procedural water vertices (Ocean/Pools)
[+00:27:45.257] VoxelWater: Chunk X=4 Y=-26 Z=1 emitted 212 procedural water vertices (Ocean/Pools)
[+00:27:45.257] VoxelWater: Chunk X=4 Y=-26 Z=2 emitted 8 procedural water vertices (Ocean/Pools)
[+00:27:45.257] VoxelWater: Chunk X=4 Y=-25 Z=2 emitted 372 procedural water vertices (Ocean/Pools)
[+00:27:45.257] VoxelWater: Chunk X=4 Y=-25 Z=3 emitted 140 procedural water vertices (Ocean/Pools)
[+00:27:45.257] VoxelWater: Chunk X=4 Y=-25 Z=1 emitted 112 procedural water vertices (Ocean/Pools)
[+00:27:45.257] VoxelWater: Chunk X=5 Y=-25 Z=2 emitted 504 procedural water vertices (Ocean/Pools)
[+00:27:45.257] VoxelWater: Chunk X=3 Y=-25 Z=2 emitted 8 procedural water vertices (Ocean/Pools)
[+00:27:45.257] VoxelWater: Chunk X=4 Y=-24 Z=2 emitted 384 procedural water vertices (Ocean/Pools)
[+00:27:45.257] VoxelWater: Chunk X=4 Y=-24 Z=3 emitted 84 procedural water vertices (Ocean/Pools)
[+00:27:45.257] VoxelWater: Chunk X=4 Y=-24 Z=1 emitted 52 procedural water vertices (Ocean/Pools)
[+00:27:45.257] VoxelWater: Chunk X=5 Y=-24 Z=2 emitted 124 procedural water vertices (Ocean/Pools)
[+00:27:45.257] VoxelWater: Chunk X=5 Y=-26 Z=2 emitted 8 procedural water vertices (Ocean/Pools)
[+00:27:45.257] VoxelWater: Chunk X=5 Y=-25 Z=3 emitted 128 procedural water vertices (Ocean/Pools)
[+00:27:45.257] VoxelWater: Chunk X=6 Y=-25 Z=2 emitted 132 procedural water vertices (Ocean/Pools)
[+00:27:45.257] VoxelWater: Chunk X=5 Y=-24 Z=3 emitted 20 procedural water vertices (Ocean/Pools)
[+00:27:45.257] VoxelWater: Chunk X=6 Y=-24 Z=3 emitted 112 procedural water vertices (Ocean/Pools)
[+00:27:45.257] VoxelWater: Chunk X=5 Y=-24 Z=1 emitted 80 procedural water vertices (Ocean/Pools)
[+00:27:45.257] VoxelWater: Chunk X=6 Y=-26 Z=2 emitted 56 procedural water vertices (Ocean/Pools)
[+00:27:45.257] VoxelWater: Chunk X=6 Y=-26 Z=3 emitted 16 procedural water vertices (Ocean/Pools)
[+00:27:45.257] VoxelWater: Chunk X=6 Y=-25 Z=3 emitted 292 procedural water vertices (Ocean/Pools)
[+00:27:45.257] VoxelWater: Chunk X=6 Y=-26 Z=1 emitted 80 procedural water vertices (Ocean/Pools)
[+00:27:45.257] VoxelWater: Chunk X=6 Y=-25 Z=1 emitted 16 procedural water vertices (Ocean/Pools)
[+00:27:45.257] VoxelWater: Chunk X=7 Y=-25 Z=2 emitted 4 procedural water vertices (Ocean/Pools)
[+00:27:45.257] VoxelWater: Chunk X=6 Y=-24 Z=2 emitted 156 procedural water vertices (Ocean/Pools)
[+00:27:45.257] VoxelWater: Chunk X=8 Y=-26 Z=2 emitted 8 procedural water vertices (Ocean/Pools)
[+00:27:45.257] VoxelWater: Chunk X=5 Y=-26 Z=1 emitted 184 procedural water vertices (Ocean/Pools)
[+00:27:45.257] VoxelWater: Chunk X=5 Y=-25 Z=1 emitted 16 procedural water vertices (Ocean/Pools)
[+00:27:45.257] VoxelWater: Chunk X=6 Y=-27 Z=2 emitted 8 procedural water vertices (Ocean/Pools)
[+00:27:45.257] VoxelWater: Chunk X=4 Y=-27 Z=2 emitted 8 procedural water vertices (Ocean/Pools)
[+00:27:45.257] VoxelWater: Chunk X=6 Y=-22 Z=1 emitted 4 procedural water vertices (Ocean/Pools)
[+00:27:45.257] VoxelWater: Chunk X=2 Y=-24 Z=1 emitted 4 procedural water vertices (Ocean/Pools)
[+00:27:45.257] VoxelWater: Chunk X=4 Y=-22 Z=2 emitted 16 procedural water vertices (Ocean/Pools)
[+00:27:45.258] VoxelWater: Chunk X=5 Y=-28 Z=1 emitted 8 procedural water vertices (Ocean/Pools)
[+00:27:45.258] VoxelWater: Chunk X=8 Y=-25 Z=2 emitted 28 procedural water vertices (Ocean/Pools)
[+00:27:45.258] VoxelWater: Chunk X=5 Y=-22 Z=2 emitted 56 procedural water vertices (Ocean/Pools)
[+00:27:45.258] VoxelWater: Chunk X=5 Y=-27 Z=2 emitted 52 procedural water vertices (Ocean/Pools)
[+00:27:45.258] VoxelWater: Chunk X=5 Y=-28 Z=2 emitted 28 procedural water vertices (Ocean/Pools)
[+00:27:45.258] VoxelWater: Chunk X=5 Y=-23 Z=2 emitted 20 procedural water vertices (Ocean/Pools)
[+00:27:45.258] VoxelWater: Chunk X=3 Y=-23 Z=1 emitted 16 procedural water vertices (Ocean/Pools)
[+00:27:45.258] VoxelWater: Chunk X=8 Y=-27 Z=1 emitted 60 procedural water vertices (Ocean/Pools)
[+00:27:45.258] VoxelWater: Chunk X=3 Y=-27 Z=1 emitted 8 procedural water vertices (Ocean/Pools)
[+00:27:45.258] VoxelWater: Chunk X=3 Y=-27 Z=2 emitted 120 procedural water vertices (Ocean/Pools)
[+00:27:45.258] VoxelWater: Chunk X=7 Y=-22 Z=1 emitted 44 procedural water vertices (Ocean/Pools)
[+00:27:45.258] VoxelWater: Chunk X=3 Y=-23 Z=2 emitted 64 procedural water vertices (Ocean/Pools)
[+00:27:45.258] VoxelWater: Chunk X=2 Y=-23 Z=1 emitted 16 procedural water vertices (Ocean/Pools)
[+00:27:45.258] VoxelWater: Chunk X=4 Y=-21 Z=1 emitted 4 procedural water vertices (Ocean/Pools)
[+00:27:45.258] VoxelWater: Chunk X=5 Y=-21 Z=1 emitted 8 procedural water vertices (Ocean/Pools)
[+00:27:45.258] VoxelWater: Chunk X=9 Y=-26 Z=1 emitted 36 procedural water vertices (Ocean/Pools)
[+00:27:45.258] VoxelWater: Chunk X=3 Y=-24 Z=3 emitted 28 procedural water vertices (Ocean/Pools)
[+00:27:45.259] VoxelWater: Chunk X=3 Y=-26 Z=3 emitted 12 procedural water vertices (Ocean/Pools)
[+00:27:45.259] VoxelWater: Chunk X=6 Y=-29 Z=1 emitted 28 procedural water vertices (Ocean/Pools)
[+00:27:45.259] VoxelWater: Chunk X=6 Y=-28 Z=1 emitted 4 procedural water vertices (Ocean/Pools)
[+00:27:45.259] VoxelWater: Chunk X=4 Y=-29 Z=1 emitted 12 procedural water vertices (Ocean/Pools)
[+00:27:45.271] VoxelChunk: GenerateAsync (3,-25,3)
[+00:27:45.271] VoxelChunk: GenerateAsync (5,-23,3)
[+00:27:45.271] VoxelChunk: GenerateAsync (5,-27,3)
[+00:27:45.271] VoxelChunk: GenerateAsync (9,-25,1)
[+00:27:45.271] VoxelChunk: GenerateAsync (5,-29,1)
[+00:27:45.271] VoxelChunk: GenerateAsync (5,-25,-5)
[+00:27:45.271] VoxelChunk: GenerateAsync (7,-25,3)
[+00:27:45.271] VoxelChunk: GenerateAsync (1,-25,1)
[+00:27:45.271] VoxelChunk: GenerateAsync (5,-21,1)
[+00:27:45.271] VoxelChunk: GenerateAsync (2,-26,2)
[+00:27:45.271] VoxelChunk: GenerateAsync (6,-28,2)
[+00:27:45.271] VoxelChunk: GenerateAsync (6,-22,2)
[+00:27:45.271] VoxelChunk: GenerateAsync (8,-26,2)
[+00:27:45.271] VoxelChunk: GenerateAsync (4,-28,2)
[+00:27:45.271] VoxelMesh: Chunk X=3 Y=-25 Z=3 FlatVerts=108 SlopeVerts=138
[+00:27:45.271] VoxelChunk: GenerateAsync (2,-24,2)
[+00:27:45.271] VoxelChunk: GenerateAsync (4,-22,2)
[+00:27:45.271] VoxelChunk: GenerateAsync (2,-22,0)
[+00:27:45.271] VoxelChunk: GenerateAsync (2,-28,0)
[+00:27:45.271] VoxelChunk: GenerateAsync (8,-28,0)
[+00:27:45.271] VoxelChunk: GenerateAsync (8,-22,0)
[+00:27:45.271] VoxelMesh: Chunk X=5 Y=-29 Z=1 FlatVerts=168 SlopeVerts=0
[+00:27:45.271] VoxelMesh: Chunk X=9 Y=-25 Z=1 FlatVerts=18 SlopeVerts=6
[+00:27:45.271] VoxelChunk: GenerateAsync (8,-24,2)
[+00:27:45.271] VoxelMesh: Chunk X=7 Y=-25 Z=3 FlatVerts=0 SlopeVerts=96
[+00:27:45.271] VoxelChunk: GenerateAsync (9,-26,0)
[+00:27:45.271] VoxelChunk: GenerateAsync (1,-26,0)
[+00:27:45.271] VoxelChunk: GenerateAsync (2,-25,2)
[+00:27:45.271] VoxelMesh: Chunk X=5 Y=-21 Z=1 FlatVerts=0 SlopeVerts=24
[+00:27:45.271] VoxelChunk: GenerateAsync (8,-25,2)
[+00:27:45.271] VoxelMesh: Chunk X=5 Y=-23 Z=3 FlatVerts=0 SlopeVerts=0
[+00:27:45.271] VoxelChunk: GenerateAsync (5,-22,2)
[+00:27:45.271] VoxelChunk: GenerateAsync (6,-21,0)
[+00:27:45.271] VoxelChunk: GenerateAsync (5,-28,2)
[+00:27:45.271] VoxelMesh: Chunk X=1 Y=-25 Z=1 FlatVerts=0 SlopeVerts=0
[+00:27:45.271] VoxelChunk: GenerateAsync (4,-29,0)
[+00:27:45.271] VoxelMesh: Chunk X=2 Y=-26 Z=2 FlatVerts=0 SlopeVerts=132
[+00:27:45.271] VoxelChunk: GenerateAsync (4,-21,0)
[+00:27:45.271] VoxelChunk: GenerateAsync (6,-29,0)
[+00:27:45.271] VoxelChunk: GenerateAsync (5,-24,-5)
[+00:27:45.271] VoxelChunk: GenerateAsync (9,-24,0)
[+00:27:45.271] VoxelChunk: GenerateAsync (6,-25,-5)
[+00:27:45.271] VoxelChunk: GenerateAsync (4,-25,-5)
[+00:27:45.271] VoxelChunk: GenerateAsync (6,-24,-5)
[+00:27:45.271] VoxelMesh: Chunk X=6 Y=-28 Z=2 FlatVerts=18 SlopeVerts=6
[+00:27:45.271] VoxelChunk: GenerateAsync (5,-26,-5)
[+00:27:45.271] VoxelChunk: GenerateAsync (4,-24,-5)
[+00:27:45.271] VoxelChunk: GenerateAsync (6,-21,1)
[+00:27:45.271] VoxelChunk: GenerateAsync (9,-27,0)
[+00:27:45.271] VoxelMesh: Chunk X=6 Y=-22 Z=2 FlatVerts=102 SlopeVerts=18
[+00:27:45.271] VoxelChunk: GenerateAsync (4,-27,-5)
[+00:27:45.271] VoxelChunk: GenerateAsync (4,-21,1)
[+00:27:45.271] VoxelMesh: Chunk X=8 Y=-28 Z=0 FlatVerts=12 SlopeVerts=0
[+00:27:45.271] VoxelChunk: GenerateAsync (6,-23,-5)
[+00:27:45.271] VoxelChunk: GenerateAsync (6,-27,-5)
[+00:27:45.271] VoxelChunk: GenerateAsync (4,-23,-5)
[+00:27:45.271] VoxelChunk: GenerateAsync (3,-26,-5)
[+00:27:45.271] VoxelMesh: Chunk X=8 Y=-26 Z=2 FlatVerts=24 SlopeVerts=96
[+00:27:45.271] VoxelChunk: GenerateAsync (7,-26,3)
[+00:27:45.271] VoxelChunk: GenerateAsync (1,-27,0)
[+00:27:45.271] VoxelMesh: Chunk X=4 Y=-28 Z=2 FlatVerts=150 SlopeVerts=48
[+00:27:45.271] VoxelChunk: GenerateAsync (3,-29,0)
[+00:27:45.271] VoxelMesh: Chunk X=4 Y=-22 Z=2 FlatVerts=0 SlopeVerts=144
[+00:27:45.271] VoxelChunk: GenerateAsync (1,-26,1)
[+00:27:45.271] VoxelChunk: GenerateAsync (9,-26,1)
[+00:27:45.271] VoxelChunk: GenerateAsync (9,-24,1)
[+00:27:45.271] VoxelMesh: Chunk X=2 Y=-24 Z=2 FlatVerts=0 SlopeVerts=162
[+00:27:45.271] VoxelChunk: GenerateAsync (3,-24,3)
[+00:27:45.271] VoxelMesh: Chunk X=8 Y=-24 Z=2 FlatVerts=0 SlopeVerts=210
[+00:27:45.271] VoxelChunk: GenerateAsync (3,-26,3)
[+00:27:45.271] VoxelChunk: GenerateAsync (6,-29,1)
[+00:27:45.271] VoxelChunk: GenerateAsync (1,-23,0)
[+00:27:45.271] VoxelChunk: GenerateAsync (6,-27,3)
[+00:27:45.271] VoxelMesh: Chunk X=2 Y=-25 Z=2 FlatVerts=6 SlopeVerts=0
[+00:27:45.271] VoxelChunk: GenerateAsync (9,-23,0)
[+00:27:45.271] VoxelChunk: GenerateAsync (4,-29,1)
[+00:27:45.271] VoxelChunk: GenerateAsync (7,-29,0)
[+00:27:45.271] VoxelChunk: GenerateAsync (4,-27,3)
[+00:27:45.271] VoxelMesh: Chunk X=8 Y=-25 Z=2 FlatVerts=18 SlopeVerts=174
[+00:27:45.271] VoxelChunk: GenerateAsync (1,-24,1)
[+00:27:45.271] VoxelChunk: GenerateAsync (6,-23,3)
[+00:27:45.271] VoxelChunk: GenerateAsync (3,-21,0)
[+00:27:45.271] VoxelChunk: GenerateAsync (7,-21,0)
[+00:27:45.272] VoxelMesh: Chunk X=5 Y=-22 Z=2 FlatVerts=126 SlopeVerts=120
[+00:27:45.272] VoxelMesh: Chunk X=5 Y=-28 Z=2 FlatVerts=66 SlopeVerts=0
[+00:27:45.272] VoxelMesh: Chunk X=9 Y=-27 Z=0 FlatVerts=6 SlopeVerts=0
[+00:27:45.272] VoxelMesh: Chunk X=6 Y=-21 Z=1 FlatVerts=24 SlopeVerts=12
[+00:27:45.272] VoxelMesh: Chunk X=4 Y=-21 Z=1 FlatVerts=18 SlopeVerts=48
[+00:27:45.273] VoxelMesh: Chunk X=7 Y=-27 Z=-4 FlatVerts=12 SlopeVerts=870
[+00:27:45.273] VoxelMesh: Chunk X=7 Y=-26 Z=3 FlatVerts=0 SlopeVerts=78
[+00:27:45.273] VoxelChunk: GenerateAsync (4,-23,3)
[+00:27:45.273] VoxelMesh: Chunk X=9 Y=-24 Z=1 FlatVerts=0 SlopeVerts=6
[+00:27:45.273] VoxelMesh: Chunk X=9 Y=-26 Z=1 FlatVerts=78 SlopeVerts=18
[+00:27:45.273] VoxelMesh: Chunk X=6 Y=-29 Z=1 FlatVerts=198 SlopeVerts=0
[+00:27:45.273] VoxelMesh: Chunk X=7 Y=-29 Z=0 FlatVerts=0 SlopeVerts=0
[+00:27:45.273] VoxelMesh: Chunk X=4 Y=-29 Z=1 FlatVerts=114 SlopeVerts=0
[+00:27:45.273] VoxelMesh: Chunk X=3 Y=-24 Z=3 FlatVerts=60 SlopeVerts=222
[+00:27:45.273] VoxelMesh: Chunk X=3 Y=-26 Z=3 FlatVerts=6 SlopeVerts=186
[+00:27:45.274] VoxelMesh: Chunk X=6 Y=-23 Z=3 FlatVerts=0 SlopeVerts=0
[+00:27:45.274] VoxelMesh: Chunk X=1 Y=-24 Z=1 FlatVerts=30 SlopeVerts=66
[+00:27:45.274] VoxelMesh: Chunk X=4 Y=-27 Z=3 FlatVerts=12 SlopeVerts=12
[+00:27:45.274] VoxelMesh: Chunk X=4 Y=-23 Z=3 FlatVerts=12 SlopeVerts=870
[+00:27:45.274] VoxelMesh: Chunk X=5 Y=-22 Z=-4 FlatVerts=0 SlopeVerts=2832
[+00:27:45.274] VoxelChunk: GenerateAsync (7,-24,3)
[+00:27:45.276] VoxelMesh: Chunk X=3 Y=-27 Z=-4 FlatVerts=72 SlopeVerts=1188
[+00:27:45.276] VoxelChunk: GenerateAsync (2,-23,2)
[+00:27:45.277] VoxelMesh: Chunk X=2 Y=-23 Z=2 FlatVerts=72 SlopeVerts=1188
[+00:27:45.277] VoxelMesh: Chunk X=7 Y=-24 Z=3 FlatVerts=0 SlopeVerts=2832
[+00:27:45.278] VoxelMesh: Chunk X=8 Y=-22 Z=-1 FlatVerts=0 SlopeVerts=0
[+00:27:45.278] VoxelChunk: GenerateAsync (8,-27,2)
[+00:27:45.279] VoxelMesh: Chunk X=8 Y=-27 Z=2 FlatVerts=0 SlopeVerts=0
[+00:27:45.296] VoxelChunk: GenerateAsync (-3,-2,3)
[+00:27:45.297] VoxelMesh: Chunk X=-3 Y=-2 Z=3 FlatVerts=36 SlopeVerts=5982
[+00:27:45.302] VoxelMesh: Chunk X=8 Y=-25 Z=-4 FlatVerts=1764 SlopeVerts=0
[+00:27:45.303] VoxelChunk: GenerateAsync (8,-28,1)
[+00:27:45.303] VoxelMesh: Chunk X=7 Y=-25 Z=-4 FlatVerts=60 SlopeVerts=60
[+00:27:45.303] VoxelChunk: GenerateAsync (2,-28,1)
[+00:27:45.303] VoxelMesh: Chunk X=2 Y=-22 Z=-1 FlatVerts=66 SlopeVerts=30
[+00:27:45.303] VoxelMesh: Chunk X=2 Y=-28 Z=1 FlatVerts=60 SlopeVerts=60
[+00:27:45.304] VoxelChunk: GenerateAsync (2,-22,1)
[+00:27:45.304] VoxelMesh: Chunk X=8 Y=-28 Z=1 FlatVerts=1764 SlopeVerts=0
[+00:27:45.304] VoxelMesh: Chunk X=5 Y=-23 Z=-4 FlatVerts=450 SlopeVerts=0
[+00:27:45.304] VoxelMesh: Chunk X=2 Y=-22 Z=1 FlatVerts=66 SlopeVerts=30
[+00:27:45.304] VoxelChunk: GenerateAsync (8,-22,1)
[+00:27:45.305] VoxelMesh: Chunk X=8 Y=-22 Z=1 FlatVerts=450 SlopeVerts=0
[+00:27:45.314] VoxelMesh: Chunk X=8 Y=-28 Z=-1 FlatVerts=36 SlopeVerts=156
[+00:27:45.315] VoxelChunk: GenerateAsync (2,-27,2)
[+00:27:45.315] VoxelChunk: GenerateAsync (7,-28,2)
[+00:27:45.317] VoxelMesh: Chunk X=2 Y=-27 Z=2 FlatVerts=36 SlopeVerts=156
[+00:27:45.317] VoxelMesh: Chunk X=4 Y=-26 Z=-4 FlatVerts=0 SlopeVerts=120
[+00:27:45.317] VoxelChunk: GenerateAsync (8,-23,2)
[+00:27:45.318] VoxelChunk: GenerateAsync (2,-27,-4)
[+00:27:45.318] VoxelMesh: Chunk X=8 Y=-23 Z=2 FlatVerts=0 SlopeVerts=120
[+00:27:45.326] VoxelMesh: Chunk X=2 Y=-25 Z=-4 FlatVerts=54 SlopeVerts=3330
[+00:27:45.326] VoxelChunk: GenerateAsync (3,-22,2)
[+00:27:45.327] VoxelMesh: Chunk X=3 Y=-22 Z=2 FlatVerts=54 SlopeVerts=3330
[+00:27:45.327] VoxelChunk: GenerateAsync (2,-23,-4)
[+00:27:45.328] VoxelChunk: GenerateAsync (8,-28,-3)
[+00:27:45.329] VoxelChunk: GenerateAsync (2,-28,-3)
[+00:27:45.337] VoxelMesh: Chunk X=4 Y=-24 Z=-4 FlatVerts=66 SlopeVerts=30
[+00:27:45.337] VoxelChunk: GenerateAsync (7,-22,2)
[+00:27:45.337] VoxelChunk: GenerateAsync (8,-23,-4)
[+00:27:45.338] VoxelMesh: Chunk X=7 Y=-22 Z=2 FlatVerts=66 SlopeVerts=30
[+00:27:45.338] VoxelChunk: GenerateAsync (3,-22,-4)
[+00:27:45.339] VoxelChunk: GenerateAsync (8,-22,-3)
[+00:27:45.346] VoxelChunk: GenerateAsync (8,-27,-4)
[+00:27:45.347] VoxelChunk: GenerateAsync (2,-22,-3)
[+00:27:45.347] VoxelChunk: GenerateAsync (7,-22,-4)
[+00:27:45.348] VoxelMesh: Chunk X=6 Y=-23 Z=-4 FlatVerts=204 SlopeVerts=816
[+00:27:45.348] VoxelChunk: GenerateAsync (3,-28,2)
[+00:27:45.348] VoxelMesh: Chunk X=3 Y=-28 Z=2 FlatVerts=204 SlopeVerts=816
[+00:27:45.357] VoxelChunk: GenerateAsync (7,-28,-4)
[+00:27:45.358] VoxelChunk: GenerateAsync (3,-28,-4)
[+00:27:45.358] VoxelMesh: Chunk X=7 Y=-24 Z=-4 FlatVerts=216 SlopeVerts=480
[+00:27:45.359] VoxelChunk: GenerateAsync (3,-27,3)
[+00:27:45.359] VoxelMesh: Chunk X=4 Y=-27 Z=-4 FlatVerts=480 SlopeVerts=30
[+00:27:45.359] VoxelMesh: Chunk X=3 Y=-27 Z=3 FlatVerts=216 SlopeVerts=480
[+00:27:45.359] VoxelChunk: GenerateAsync (1,-23,1)
[+00:27:45.359] VoxelMesh: Chunk X=1 Y=-23 Z=1 FlatVerts=480 SlopeVerts=30
[+00:27:45.368] VoxelChunk: GenerateAsync (7,-23,-5)
[+00:27:45.368] VoxelChunk: GenerateAsync (3,-23,-5)
[+00:27:45.368] VoxelChunk: GenerateAsync (7,-27,3)
[+00:27:45.369] VoxelChunk: GenerateAsync (7,-27,-5)
[+00:27:45.375] VoxelMesh: Chunk X=6 Y=-28 Z=-4 FlatVerts=648 SlopeVerts=0
[+00:27:45.376] VoxelChunk: GenerateAsync (7,-29,1)
[+00:27:45.376] VoxelMesh: Chunk X=7 Y=-29 Z=1 FlatVerts=648 SlopeVerts=0
[+00:27:45.376] VoxelChunk: GenerateAsync (1,-27,1)
[+00:27:45.376] VoxelMesh: Chunk X=8 Y=-26 Z=-4 FlatVerts=600 SlopeVerts=66
[+00:27:45.376] VoxelChunk: GenerateAsync (9,-23,1)
[+00:27:45.377] VoxelMesh: Chunk X=8 Y=-28 Z=-2 FlatVerts=546 SlopeVerts=24
[+00:27:45.377] VoxelMesh: Chunk X=9 Y=-23 Z=1 FlatVerts=600 SlopeVerts=66
[+00:27:45.377] VoxelChunk: GenerateAsync (9,-27,1)
[+00:27:45.377] VoxelMesh: Chunk X=9 Y=-27 Z=1 FlatVerts=546 SlopeVerts=24
[+00:27:45.388] VoxelMesh: Chunk X=0 Y=0 Z=0 FlatVerts=8826 SlopeVerts=7482
[+00:27:45.405] VoxelChunk: GenerateAsync (2,3,1)
[+00:27:45.406] VoxelMesh: Chunk X=2 Y=3 Z=1 FlatVerts=6 SlopeVerts=24
[+00:27:45.409] VoxelMesh: Chunk X=2 Y=-28 Z=-2 FlatVerts=0 SlopeVerts=0
[+00:27:45.409] VoxelChunk: GenerateAsync (7,-23,3)
[+00:27:45.409] VoxelMesh: Chunk X=2 Y=-24 Z=-4 FlatVerts=480 SlopeVerts=108
[+00:27:45.409] VoxelChunk: GenerateAsync (7,-21,1)
[+00:27:45.409] VoxelMesh: Chunk X=7 Y=-23 Z=3 FlatVerts=0 SlopeVerts=0
[+00:27:45.409] VoxelMesh: Chunk X=7 Y=-21 Z=1 FlatVerts=480 SlopeVerts=108
[+00:27:45.409] VoxelMesh: Chunk X=8 Y=-24 Z=-4 FlatVerts=0 SlopeVerts=1158
[+00:27:45.410] VoxelChunk: GenerateAsync (3,-23,3)
[+00:27:45.410] VoxelMesh: Chunk X=6 Y=-27 Z=-4 FlatVerts=0 SlopeVerts=18
[+00:27:45.410] VoxelChunk: GenerateAsync (3,-21,1)
[+00:27:45.410] VoxelMesh: Chunk X=3 Y=-21 Z=1 FlatVerts=0 SlopeVerts=18
[+00:27:45.410] VoxelMesh: Chunk X=3 Y=-23 Z=3 FlatVerts=0 SlopeVerts=1158
[+00:27:45.418] VoxelMesh: Chunk X=3 Y=-24 Z=-4 FlatVerts=570 SlopeVerts=90
[+00:27:45.419] VoxelChunk: GenerateAsync (3,-29,1)
[+00:27:45.419] VoxelMesh: Chunk X=3 Y=-29 Z=1 FlatVerts=570 SlopeVerts=90
[+00:27:45.419] VoxelChunk: GenerateAsync (3,-27,-5)
[+00:27:45.420] VoxelChunk: GenerateAsync (8,-25,-5)
[+00:27:45.420] VoxelMesh: Chunk X=7 Y=-23 Z=-4 FlatVerts=0 SlopeVerts=0
[+00:27:45.420] VoxelChunk: GenerateAsync (5,-22,3)
[+00:27:45.421] VoxelMesh: Chunk X=5 Y=-22 Z=3 FlatVerts=0 SlopeVerts=0
[+00:27:45.442] VoxelWater: Chunk X=4 Y=-23 Z=1 emitted 8 procedural water vertices (Ocean/Pools)
[+00:27:45.442] VoxelWater: Chunk X=4 Y=-27 Z=1 emitted 28 procedural water vertices (Ocean/Pools)
[+00:27:45.442] VoxelWater: Chunk X=6 Y=-27 Z=1 emitted 128 procedural water vertices (Ocean/Pools)
[+00:27:45.442] VoxelWater: Chunk X=7 Y=-27 Z=1 emitted 116 procedural water vertices (Ocean/Pools)
[+00:27:45.442] VoxelWater: Chunk X=3 Y=-26 Z=1 emitted 24 procedural water vertices (Ocean/Pools)
[+00:27:45.442] VoxelWater: Chunk X=7 Y=-26 Z=1 emitted 108 procedural water vertices (Ocean/Pools)
[+00:27:45.442] VoxelWater: Chunk X=8 Y=-26 Z=1 emitted 20 procedural water vertices (Ocean/Pools)
[+00:27:45.442] VoxelWater: Chunk X=6 Y=-23 Z=1 emitted 4 procedural water vertices (Ocean/Pools)
[+00:27:45.442] VoxelWater: Chunk X=7 Y=-25 Z=1 emitted 12 procedural water vertices (Ocean/Pools)
[+00:27:45.442] VoxelWater: Chunk X=8 Y=-25 Z=1 emitted 12 procedural water vertices (Ocean/Pools)
[+00:27:45.442] VoxelWater: Chunk X=5 Y=-27 Z=1 emitted 80 procedural water vertices (Ocean/Pools)
[+00:27:45.442] VoxelWater: Chunk X=6 Y=-28 Z=1 emitted 4 procedural water vertices (Ocean/Pools)
[+00:27:45.442] VoxelWater: Chunk X=5 Y=-23 Z=1 emitted 40 procedural water vertices (Ocean/Pools)
[+00:27:45.442] VoxelWater: Chunk X=5 Y=-21 Z=1 emitted 8 procedural water vertices (Ocean/Pools)
[+00:27:45.442] VoxelWater: Chunk X=4 Y=-23 Z=2 emitted 8 procedural water vertices (Ocean/Pools)
[+00:27:45.442] VoxelWater: Chunk X=6 Y=-24 Z=1 emitted 108 procedural water vertices (Ocean/Pools)
[+00:27:45.442] VoxelWater: Chunk X=4 Y=-26 Z=1 emitted 240 procedural water vertices (Ocean/Pools)
[+00:27:45.442] VoxelWater: Chunk X=4 Y=-26 Z=2 emitted 8 procedural water vertices (Ocean/Pools)
[+00:27:45.442] VoxelWater: Chunk X=4 Y=-25 Z=2 emitted 368 procedural water vertices (Ocean/Pools)
[+00:27:45.442] VoxelWater: Chunk X=4 Y=-25 Z=3 emitted 140 procedural water vertices (Ocean/Pools)
[+00:27:45.442] VoxelWater: Chunk X=3 Y=-25 Z=3 emitted 4 procedural water vertices (Ocean/Pools)
[+00:27:45.442] VoxelWater: Chunk X=4 Y=-25 Z=1 emitted 140 procedural water vertices (Ocean/Pools)
[+00:27:45.442] VoxelWater: Chunk X=5 Y=-25 Z=2 emitted 508 procedural water vertices (Ocean/Pools)
[+00:27:45.442] VoxelWater: Chunk X=3 Y=-25 Z=2 emitted 12 procedural water vertices (Ocean/Pools)
[+00:27:45.442] VoxelWater: Chunk X=4 Y=-24 Z=2 emitted 392 procedural water vertices (Ocean/Pools)
[+00:27:45.442] VoxelWater: Chunk X=4 Y=-24 Z=3 emitted 80 procedural water vertices (Ocean/Pools)
[+00:27:45.442] VoxelWater: Chunk X=3 Y=-24 Z=3 emitted 68 procedural water vertices (Ocean/Pools)
[+00:27:45.442] VoxelWater: Chunk X=4 Y=-24 Z=1 emitted 56 procedural water vertices (Ocean/Pools)
[+00:27:45.442] VoxelWater: Chunk X=5 Y=-24 Z=2 emitted 124 procedural water vertices (Ocean/Pools)
[+00:27:45.442] VoxelWater: Chunk X=5 Y=-26 Z=1 emitted 232 procedural water vertices (Ocean/Pools)
[+00:27:45.442] VoxelWater: Chunk X=5 Y=-26 Z=2 emitted 8 procedural water vertices (Ocean/Pools)
[+00:27:45.442] VoxelWater: Chunk X=5 Y=-25 Z=3 emitted 128 procedural water vertices (Ocean/Pools)
[+00:27:45.442] VoxelWater: Chunk X=6 Y=-25 Z=3 emitted 276 procedural water vertices (Ocean/Pools)
[+00:27:45.442] VoxelWater: Chunk X=5 Y=-25 Z=1 emitted 32 procedural water vertices (Ocean/Pools)
[+00:27:45.442] VoxelWater: Chunk X=6 Y=-25 Z=2 emitted 148 procedural water vertices (Ocean/Pools)
[+00:27:45.442] VoxelWater: Chunk X=5 Y=-24 Z=3 emitted 20 procedural water vertices (Ocean/Pools)
[+00:27:45.442] VoxelWater: Chunk X=6 Y=-24 Z=3 emitted 112 procedural water vertices (Ocean/Pools)
[+00:27:45.442] VoxelWater: Chunk X=5 Y=-24 Z=1 emitted 88 procedural water vertices (Ocean/Pools)
[+00:27:45.442] VoxelWater: Chunk X=6 Y=-26 Z=2 emitted 56 procedural water vertices (Ocean/Pools)
[+00:27:45.442] VoxelWater: Chunk X=6 Y=-26 Z=3 emitted 20 procedural water vertices (Ocean/Pools)
[+00:27:45.442] VoxelWater: Chunk X=6 Y=-26 Z=1 emitted 84 procedural water vertices (Ocean/Pools)
[+00:27:45.442] VoxelWater: Chunk X=6 Y=-25 Z=1 emitted 16 procedural water vertices (Ocean/Pools)
[+00:27:45.442] VoxelWater: Chunk X=7 Y=-25 Z=2 emitted 4 procedural water vertices (Ocean/Pools)
[+00:27:45.442] VoxelWater: Chunk X=6 Y=-24 Z=2 emitted 160 procedural water vertices (Ocean/Pools)
[+00:27:45.442] VoxelWater: Chunk X=8 Y=-26 Z=2 emitted 8 procedural water vertices (Ocean/Pools)
[+00:27:45.443] VoxelWater: Chunk X=6 Y=-27 Z=2 emitted 12 procedural water vertices (Ocean/Pools)
[+00:27:45.443] VoxelWater: Chunk X=4 Y=-27 Z=2 emitted 8 procedural water vertices (Ocean/Pools)
[+00:27:45.443] VoxelWater: Chunk X=6 Y=-22 Z=1 emitted 4 procedural water vertices (Ocean/Pools)
[+00:27:45.443] VoxelWater: Chunk X=2 Y=-24 Z=1 emitted 4 procedural water vertices (Ocean/Pools)
[+00:27:45.443] VoxelWater: Chunk X=4 Y=-22 Z=2 emitted 24 procedural water vertices (Ocean/Pools)
[+00:27:45.443] VoxelWater: Chunk X=5 Y=-28 Z=1 emitted 16 procedural water vertices (Ocean/Pools)
[+00:27:45.443] VoxelWater: Chunk X=8 Y=-25 Z=2 emitted 52 procedural water vertices (Ocean/Pools)
[+00:27:45.443] VoxelWater: Chunk X=5 Y=-22 Z=2 emitted 100 procedural water vertices (Ocean/Pools)
[+00:27:45.443] VoxelWater: Chunk X=5 Y=-27 Z=2 emitted 52 procedural water vertices (Ocean/Pools)
[+00:27:45.443] VoxelWater: Chunk X=5 Y=-28 Z=2 emitted 44 procedural water vertices (Ocean/Pools)
[+00:27:45.443] VoxelWater: Chunk X=5 Y=-23 Z=2 emitted 20 procedural water vertices (Ocean/Pools)
[+00:27:45.443] VoxelWater: Chunk X=3 Y=-22 Z=2 emitted 32 procedural water vertices (Ocean/Pools)
[+00:27:45.443] VoxelWater: Chunk X=3 Y=-23 Z=1 emitted 16 procedural water vertices (Ocean/Pools)
[+00:27:45.443] VoxelWater: Chunk X=8 Y=-27 Z=1 emitted 76 procedural water vertices (Ocean/Pools)
[+00:27:45.443] VoxelWater: Chunk X=3 Y=-27 Z=1 emitted 8 procedural water vertices (Ocean/Pools)
[+00:27:45.443] VoxelWater: Chunk X=8 Y=-28 Z=1 emitted 12 procedural water vertices (Ocean/Pools)
[+00:27:45.443] VoxelWater: Chunk X=3 Y=-27 Z=2 emitted 124 procedural water vertices (Ocean/Pools)
[+00:27:45.443] VoxelWater: Chunk X=3 Y=-28 Z=2 emitted 4 procedural water vertices (Ocean/Pools)
[+00:27:45.443] VoxelWater: Chunk X=7 Y=-22 Z=1 emitted 44 procedural water vertices (Ocean/Pools)
[+00:27:45.443] VoxelWater: Chunk X=3 Y=-23 Z=2 emitted 64 procedural water vertices (Ocean/Pools)
[+00:27:45.443] VoxelWater: Chunk X=7 Y=-24 Z=3 emitted 24 procedural water vertices (Ocean/Pools)
[+00:27:45.443] VoxelWater: Chunk X=2 Y=-23 Z=1 emitted 16 procedural water vertices (Ocean/Pools)
[+00:27:45.443] VoxelWater: Chunk X=4 Y=-21 Z=1 emitted 20 procedural water vertices (Ocean/Pools)
[+00:27:45.443] VoxelWater: Chunk X=9 Y=-26 Z=1 emitted 64 procedural water vertices (Ocean/Pools)
[+00:27:45.443] VoxelWater: Chunk X=3 Y=-26 Z=3 emitted 20 procedural water vertices (Ocean/Pools)
[+00:27:45.443] VoxelWater: Chunk X=6 Y=-29 Z=1 emitted 60 procedural water vertices (Ocean/Pools)
[+00:27:45.443] VoxelWater: Chunk X=4 Y=-29 Z=1 emitted 24 procedural water vertices (Ocean/Pools)
[+00:27:45.443] VoxelWater: Chunk X=1 Y=-24 Z=1 emitted 56 procedural water vertices (Ocean/Pools)
[+00:27:45.451] VoxelChunk: GenerateAsync (5,-28,3)
[+00:27:45.456] VoxelMesh: Chunk X=0 Y=0 Z=0 FlatVerts=3792 SlopeVerts=11904
[+00:27:45.457] VoxelChunk: GenerateAsync (5,-29,2)
[+00:27:45.461] VoxelMesh: Chunk X=5 Y=-29 Z=2 FlatVerts=6 SlopeVerts=54
[+00:27:45.466] VoxelMesh: Chunk X=0 Y=0 Z=0 FlatVerts=108 SlopeVerts=29466
[+00:27:45.468] VoxelChunk: GenerateAsync (8,-25,3)
[+00:27:45.470] VoxelMesh: Chunk X=8 Y=-25 Z=3 FlatVerts=276 SlopeVerts=2286
[+00:27:45.473] VoxelChunk: GenerateAsync (5,-22,-5)
[+00:27:45.487] VoxelChunk: GenerateAsync (5,-28,-5)
[+00:27:45.494] VoxelMesh: Chunk X=0 Y=0 Z=0 FlatVerts=84 SlopeVerts=2814
[+00:27:45.494] VoxelChunk: GenerateAsync (2,-25,3)
[+00:27:45.495] VoxelMesh: Chunk X=2 Y=-25 Z=3 FlatVerts=318 SlopeVerts=3042
[+00:27:45.500] VoxelMesh: Chunk X=0 Y=0 Z=0 FlatVerts=486 SlopeVerts=21834
[+00:27:45.501] VoxelChunk: GenerateAsync (9,-25,2)
[+00:27:45.503] VoxelMesh: Chunk X=9 Y=-25 Z=2 FlatVerts=630 SlopeVerts=4926
[+00:27:45.506] VoxelChunk: GenerateAsync (5,-25,4)
[+00:27:45.520] VoxelMesh: Chunk X=0 Y=0 Z=0 FlatVerts=10770 SlopeVerts=2040
[+00:27:45.535] VoxelChunk: GenerateAsync (3,3,1)
[+00:27:45.535] VoxelMesh: Chunk X=3 Y=3 Z=1 FlatVerts=0 SlopeVerts=42
[+00:27:45.542] VoxelMesh: Chunk X=0 Y=0 Z=0 FlatVerts=360 SlopeVerts=5058
[+00:27:45.544] VoxelChunk: GenerateAsync (5,-21,2)
[+00:27:45.545] VoxelMesh: Chunk X=5 Y=-21 Z=2 FlatVerts=1224 SlopeVerts=3714
[+00:27:45.548] VoxelChunk: GenerateAsync (2,-25,-5)
[+00:27:45.553] VoxelMesh: Chunk X=0 Y=0 Z=0 FlatVerts=3126 SlopeVerts=17838
[+00:27:45.555] VoxelChunk: GenerateAsync (1,-25,2)
[+00:27:45.556] VoxelMesh: Chunk X=1 Y=-25 Z=2 FlatVerts=0 SlopeVerts=72
[+00:27:45.560] VoxelMesh: Chunk X=0 Y=0 Z=0 FlatVerts=228 SlopeVerts=10542
[+00:27:45.562] VoxelChunk: GenerateAsync (9,-24,2)
[+00:27:45.564] VoxelMesh: Chunk X=9 Y=-24 Z=2 FlatVerts=738 SlopeVerts=4362
[+00:27:45.579] VoxelChunk: GenerateAsync (6,-28,-5)
[+00:27:45.582] VoxelChunk: GenerateAsync (8,-26,-5)
[+00:27:45.587] VoxelMesh: Chunk X=0 Y=0 Z=0 FlatVerts=1806 SlopeVerts=3576
[+00:27:45.587] VoxelChunk: GenerateAsync (4,-28,3)
[+00:27:45.594] VoxelMesh: Chunk X=0 Y=0 Z=0 FlatVerts=24 SlopeVerts=822
[+00:27:45.594] VoxelChunk: GenerateAsync (4,-22,3)
[+00:27:45.595] VoxelMesh: Chunk X=4 Y=-22 Z=3 FlatVerts=66 SlopeVerts=4614
[+00:27:45.607] VoxelChunk: GenerateAsync (6,-22,-5)
[+00:27:45.610] VoxelChunk: GenerateAsync (2,-24,-5)
[+00:27:45.613] VoxelMesh: Chunk X=0 Y=0 Z=0 FlatVerts=7476 SlopeVerts=0
[+00:27:45.614] VoxelChunk: GenerateAsync (9,-22,0)
[+00:27:45.619] VoxelMesh: Chunk X=0 Y=0 Z=0 FlatVerts=1746 SlopeVerts=1464
[+00:27:45.619] VoxelChunk: GenerateAsync (5,-30,0)
[+00:27:45.632] VoxelMesh: Chunk X=0 Y=0 Z=0 FlatVerts=1044 SlopeVerts=3264
[+00:27:45.635] VoxelChunk: GenerateAsync (3,1,2)
[+00:27:45.637] VoxelMesh: Chunk X=3 Y=1 Z=2 FlatVerts=0 SlopeVerts=2064
[+00:27:45.645] VoxelChunk: GenerateAsync (6,-22,3)
[+00:27:45.647] VoxelMesh: Chunk X=0 Y=0 Z=0 FlatVerts=3420 SlopeVerts=6462
[+00:27:45.649] VoxelChunk: GenerateAsync (5,-20,0)
[+00:27:45.653] VoxelChunk: GenerateAsync (5,-26,4)
[+00:27:45.656] VoxelMesh: Chunk X=0 Y=0 Z=0 FlatVerts=7752 SlopeVerts=0
[+00:27:45.658] VoxelChunk: GenerateAsync (8,-21,0)
[+00:27:45.681] VoxelWater: Chunk X=3 Y=-25 Z=3 emitted 4 procedural water vertices (Ocean/Pools)
[+00:27:45.682] VoxelWater: Chunk X=4 Y=-23 Z=1 emitted 8 procedural water vertices (Ocean/Pools)
[+00:27:45.682] VoxelWater: Chunk X=4 Y=-27 Z=1 emitted 28 procedural water vertices (Ocean/Pools)
[+00:27:45.682] VoxelWater: Chunk X=6 Y=-27 Z=1 emitted 160 procedural water vertices (Ocean/Pools)
[+00:27:45.682] VoxelWater: Chunk X=7 Y=-27 Z=1 emitted 136 procedural water vertices (Ocean/Pools)
[+00:27:45.682] VoxelWater: Chunk X=3 Y=-26 Z=1 emitted 20 procedural water vertices (Ocean/Pools)
[+00:27:45.682] VoxelWater: Chunk X=4 Y=-26 Z=1 emitted 260 procedural water vertices (Ocean/Pools)
[+00:27:45.682] VoxelWater: Chunk X=7 Y=-26 Z=1 emitted 112 procedural water vertices (Ocean/Pools)
[+00:27:45.682] VoxelWater: Chunk X=8 Y=-26 Z=1 emitted 24 procedural water vertices (Ocean/Pools)
[+00:27:45.682] VoxelWater: Chunk X=6 Y=-23 Z=1 emitted 4 procedural water vertices (Ocean/Pools)
[+00:27:45.682] VoxelWater: Chunk X=7 Y=-25 Z=1 emitted 12 procedural water vertices (Ocean/Pools)
[+00:27:45.682] VoxelWater: Chunk X=8 Y=-25 Z=1 emitted 16 procedural water vertices (Ocean/Pools)
[+00:27:45.682] VoxelWater: Chunk X=5 Y=-27 Z=1 emitted 80 procedural water vertices (Ocean/Pools)
[+00:27:45.682] VoxelWater: Chunk X=6 Y=-28 Z=1 emitted 4 procedural water vertices (Ocean/Pools)
[+00:27:45.682] VoxelWater: Chunk X=5 Y=-23 Z=1 emitted 44 procedural water vertices (Ocean/Pools)
[+00:27:45.682] VoxelWater: Chunk X=5 Y=-21 Z=1 emitted 8 procedural water vertices (Ocean/Pools)
[+00:27:45.682] VoxelWater: Chunk X=4 Y=-23 Z=2 emitted 12 procedural water vertices (Ocean/Pools)
[+00:27:45.682] VoxelWater: Chunk X=6 Y=-24 Z=1 emitted 124 procedural water vertices (Ocean/Pools)
[+00:27:45.682] VoxelWater: Chunk X=4 Y=-26 Z=2 emitted 8 procedural water vertices (Ocean/Pools)
[+00:27:45.682] VoxelWater: Chunk X=4 Y=-25 Z=2 emitted 376 procedural water vertices (Ocean/Pools)
[+00:27:45.682] VoxelWater: Chunk X=4 Y=-25 Z=3 emitted 136 procedural water vertices (Ocean/Pools)
[+00:27:45.682] VoxelWater: Chunk X=4 Y=-25 Z=1 emitted 176 procedural water vertices (Ocean/Pools)
[+00:27:45.682] VoxelWater: Chunk X=5 Y=-25 Z=2 emitted 504 procedural water vertices (Ocean/Pools)
[+00:27:45.682] VoxelWater: Chunk X=3 Y=-25 Z=2 emitted 20 procedural water vertices (Ocean/Pools)
[+00:27:45.682] VoxelWater: Chunk X=4 Y=-24 Z=2 emitted 396 procedural water vertices (Ocean/Pools)
[+00:27:45.682] VoxelWater: Chunk X=4 Y=-24 Z=3 emitted 80 procedural water vertices (Ocean/Pools)
[+00:27:45.682] VoxelWater: Chunk X=3 Y=-24 Z=3 emitted 68 procedural water vertices (Ocean/Pools)
[+00:27:45.682] VoxelWater: Chunk X=4 Y=-24 Z=1 emitted 76 procedural water vertices (Ocean/Pools)
[+00:27:45.682] VoxelWater: Chunk X=5 Y=-24 Z=2 emitted 124 procedural water vertices (Ocean/Pools)
[+00:27:45.682] VoxelWater: Chunk X=5 Y=-26 Z=1 emitted 284 procedural water vertices (Ocean/Pools)
[+00:27:45.682] VoxelWater: Chunk X=5 Y=-26 Z=2 emitted 12 procedural water vertices (Ocean/Pools)
[+00:27:45.682] VoxelWater: Chunk X=5 Y=-25 Z=3 emitted 128 procedural water vertices (Ocean/Pools)
[+00:27:45.683] VoxelWater: Chunk X=5 Y=-25 Z=1 emitted 112 procedural water vertices (Ocean/Pools)
[+00:27:45.683] VoxelWater: Chunk X=6 Y=-25 Z=2 emitted 156 procedural water vertices (Ocean/Pools)
[+00:27:45.683] VoxelWater: Chunk X=5 Y=-24 Z=3 emitted 20 procedural water vertices (Ocean/Pools)
[+00:27:45.683] VoxelWater: Chunk X=6 Y=-24 Z=3 emitted 108 procedural water vertices (Ocean/Pools)
[+00:27:45.683] VoxelWater: Chunk X=5 Y=-24 Z=1 emitted 96 procedural water vertices (Ocean/Pools)
[+00:27:45.683] VoxelWater: Chunk X=6 Y=-26 Z=2 emitted 56 procedural water vertices (Ocean/Pools)
[+00:27:45.683] VoxelWater: Chunk X=6 Y=-26 Z=3 emitted 20 procedural water vertices (Ocean/Pools)
[+00:27:45.683] VoxelWater: Chunk X=6 Y=-25 Z=3 emitted 260 procedural water vertices (Ocean/Pools)
[+00:27:45.683] VoxelWater: Chunk X=6 Y=-26 Z=1 emitted 84 procedural water vertices (Ocean/Pools)
[+00:27:45.683] VoxelWater: Chunk X=6 Y=-25 Z=1 emitted 20 procedural water vertices (Ocean/Pools)
[+00:27:45.683] VoxelWater: Chunk X=7 Y=-25 Z=2 emitted 8 procedural water vertices (Ocean/Pools)
[+00:27:45.683] VoxelWater: Chunk X=6 Y=-24 Z=2 emitted 160 procedural water vertices (Ocean/Pools)
[+00:27:45.683] VoxelWater: Chunk X=8 Y=-26 Z=2 emitted 8 procedural water vertices (Ocean/Pools)
[+00:27:45.683] VoxelWater: Chunk X=6 Y=-27 Z=2 emitted 12 procedural water vertices (Ocean/Pools)
[+00:27:45.683] VoxelWater: Chunk X=4 Y=-27 Z=2 emitted 8 procedural water vertices (Ocean/Pools)
[+00:27:45.683] VoxelWater: Chunk X=6 Y=-22 Z=1 emitted 4 procedural water vertices (Ocean/Pools)
[+00:27:45.683] VoxelWater: Chunk X=2 Y=-24 Z=1 emitted 4 procedural water vertices (Ocean/Pools)
[+00:27:45.683] VoxelWater: Chunk X=4 Y=-22 Z=2 emitted 24 procedural water vertices (Ocean/Pools)
[+00:27:45.683] VoxelWater: Chunk X=3 Y=-28 Z=2 emitted 4 procedural water vertices (Ocean/Pools)
[+00:27:45.683] VoxelWater: Chunk X=5 Y=-28 Z=1 emitted 28 procedural water vertices (Ocean/Pools)
[+00:27:45.683] VoxelWater: Chunk X=8 Y=-25 Z=2 emitted 56 procedural water vertices (Ocean/Pools)
[+00:27:45.683] VoxelWater: Chunk X=5 Y=-22 Z=2 emitted 96 procedural water vertices (Ocean/Pools)
[+00:27:45.683] VoxelWater: Chunk X=5 Y=-27 Z=2 emitted 52 procedural water vertices (Ocean/Pools)
[+00:27:45.683] VoxelWater: Chunk X=5 Y=-28 Z=2 emitted 44 procedural water vertices (Ocean/Pools)
[+00:27:45.683] VoxelWater: Chunk X=5 Y=-23 Z=2 emitted 20 procedural water vertices (Ocean/Pools)
[+00:27:45.683] VoxelWater: Chunk X=3 Y=-22 Z=2 emitted 32 procedural water vertices (Ocean/Pools)
[+00:27:45.683] VoxelWater: Chunk X=3 Y=-23 Z=1 emitted 16 procedural water vertices (Ocean/Pools)
[+00:27:45.683] VoxelWater: Chunk X=8 Y=-27 Z=1 emitted 88 procedural water vertices (Ocean/Pools)
[+00:27:45.683] VoxelWater: Chunk X=3 Y=-27 Z=1 emitted 8 procedural water vertices (Ocean/Pools)
[+00:27:45.683] VoxelWater: Chunk X=9 Y=-25 Z=1 emitted 4 procedural water vertices (Ocean/Pools)
[+00:27:45.683] VoxelWater: Chunk X=8 Y=-28 Z=1 emitted 20 procedural water vertices (Ocean/Pools)
[+00:27:45.683] VoxelWater: Chunk X=8 Y=-27 Z=0 emitted 4 procedural water vertices (Ocean/Pools)
[+00:27:45.683] VoxelWater: Chunk X=9 Y=-27 Z=1 emitted 4 procedural water vertices (Ocean/Pools)
[+00:27:45.683] VoxelWater: Chunk X=3 Y=-27 Z=2 emitted 128 procedural water vertices (Ocean/Pools)
[+00:27:45.683] VoxelWater: Chunk X=7 Y=-22 Z=1 emitted 44 procedural water vertices (Ocean/Pools)
[+00:27:45.684] VoxelWater: Chunk X=3 Y=-23 Z=2 emitted 64 procedural water vertices (Ocean/Pools)
[+00:27:45.684] VoxelWater: Chunk X=7 Y=-24 Z=2 emitted 8 procedural water vertices (Ocean/Pools)
[+00:27:45.684] VoxelWater: Chunk X=7 Y=-24 Z=3 emitted 32 procedural water vertices (Ocean/Pools)
[+00:27:45.684] VoxelWater: Chunk X=2 Y=-23 Z=1 emitted 16 procedural water vertices (Ocean/Pools)
[+00:27:45.684] VoxelWater: Chunk X=4 Y=-21 Z=1 emitted 20 procedural water vertices (Ocean/Pools)
[+00:27:45.684] VoxelWater: Chunk X=9 Y=-26 Z=1 emitted 64 procedural water vertices (Ocean/Pools)
[+00:27:45.684] VoxelWater: Chunk X=3 Y=-24 Z=2 emitted 8 procedural water vertices (Ocean/Pools)
[+00:27:45.684] VoxelWater: Chunk X=3 Y=-26 Z=3 emitted 20 procedural water vertices (Ocean/Pools)
[+00:27:45.684] VoxelWater: Chunk X=6 Y=-29 Z=1 emitted 60 procedural water vertices (Ocean/Pools)
[+00:27:45.684] VoxelWater: Chunk X=4 Y=-29 Z=1 emitted 24 procedural water vertices (Ocean/Pools)
[+00:27:45.684] VoxelWater: Chunk X=1 Y=-24 Z=1 emitted 56 procedural water vertices (Ocean/Pools)
[+00:27:45.684] VoxelWater: Chunk X=5 Y=-29 Z=1 emitted 4 procedural water vertices (Ocean/Pools)
[+00:27:45.684] VoxelWater: Chunk X=8 Y=-25 Z=3 emitted 12 procedural water vertices (Ocean/Pools)
[+00:27:45.684] VoxelWater: Chunk X=2 Y=-25 Z=3 emitted 20 procedural water vertices (Ocean/Pools)
[+00:27:45.684] VoxelWater: Chunk X=9 Y=-25 Z=2 emitted 100 procedural water vertices (Ocean/Pools)
[+00:27:45.684] VoxelWater: Chunk X=9 Y=-24 Z=2 emitted 76 procedural water vertices (Ocean/Pools)
[+00:27:45.684] VoxelWater: Chunk X=5 Y=-21 Z=2 emitted 28 procedural water vertices (Ocean/Pools)
[+00:27:45.684] VoxelWater: Chunk X=4 Y=-22 Z=3 emitted 48 procedural water vertices (Ocean/Pools)
[+00:27:45.684] VoxelWater: Chunk X=4 Y=-23 Z=3 emitted 4 procedural water vertices (Ocean/Pools)
[+00:27:45.699] VoxelChunk: GenerateAsync (8,-24,-5)
[+00:27:45.703] VoxelMesh: Chunk X=0 Y=0 Z=0 FlatVerts=930 SlopeVerts=1062
[+00:27:45.703] VoxelChunk: GenerateAsync (1,-22,0)
[+00:27:45.710] VoxelMesh: Chunk X=0 Y=0 Z=0 FlatVerts=714 SlopeVerts=16476
[+00:27:45.712] VoxelChunk: GenerateAsync (4,-21,2)
[+00:27:45.714] VoxelMesh: Chunk X=4 Y=-21 Z=2 FlatVerts=480 SlopeVerts=4248
[+00:27:45.716] VoxelChunk: GenerateAsync (2,-26,-5)
[+00:27:45.731] VoxelMesh: Chunk X=0 Y=0 Z=0 FlatVerts=2244 SlopeVerts=4506
[+00:27:45.732] VoxelChunk: GenerateAsync (1,-26,2)
[+00:27:45.734] VoxelMesh: Chunk X=1 Y=-26 Z=2 FlatVerts=0 SlopeVerts=0
[+00:27:45.738] VoxelMesh: Chunk X=0 Y=0 Z=0 FlatVerts=12 SlopeVerts=774
[+00:27:45.738] VoxelChunk: GenerateAsync (2,-21,0)
[+00:27:45.743] VoxelMesh: Chunk X=0 Y=0 Z=0 FlatVerts=6 SlopeVerts=516
[+00:27:45.744] VoxelChunk: GenerateAsync (6,-28,3)
[+00:27:45.748] VoxelChunk: GenerateAsync (4,-28,-5)
[+00:27:45.760] VoxelMesh: Chunk X=0 Y=0 Z=0 FlatVerts=54 SlopeVerts=4116
[+00:27:45.763] VoxelChunk: GenerateAsync (-3,2,2)
[+00:27:45.764] VoxelMesh: Chunk X=-3 Y=2 Z=2 FlatVerts=0 SlopeVerts=6
[+00:27:45.771] VoxelMesh: Chunk X=0 Y=0 Z=0 FlatVerts=1236 SlopeVerts=31938
[+00:27:45.773] VoxelChunk: GenerateAsync (1,-24,2)
[+00:27:45.777] VoxelMesh: Chunk X=1 Y=-24 Z=2 FlatVerts=0 SlopeVerts=2244
[+00:27:45.781] VoxelMesh: Chunk X=0 Y=0 Z=0 FlatVerts=282 SlopeVerts=15474
[+00:27:45.782] VoxelChunk: GenerateAsync (2,-24,3)
[+00:27:45.785] VoxelMesh: Chunk X=2 Y=-24 Z=3 FlatVerts=6 SlopeVerts=2958
[+00:27:45.788] VoxelMesh: Chunk X=0 Y=0 Z=0 FlatVerts=294 SlopeVerts=19020
[+00:27:45.789] VoxelChunk: GenerateAsync (9,-26,2)
[+00:27:45.793] VoxelMesh: Chunk X=9 Y=-26 Z=2 FlatVerts=624 SlopeVerts=2838
[+00:27:45.796] VoxelMesh: Chunk X=0 Y=0 Z=0 FlatVerts=0 SlopeVerts=0
[+00:27:45.797] VoxelChunk: GenerateAsync (6,-21,2)
[+00:27:45.798] VoxelMesh: Chunk X=6 Y=-21 Z=2 FlatVerts=714 SlopeVerts=4392
[+00:27:45.812] VoxelChunk: GenerateAsync (5,-28,3)
[+00:27:45.812] VoxelChunk: GenerateAsync (5,-22,3)
[+00:27:45.812] VoxelChunk: GenerateAsync (3,-29,1)
[+00:27:45.812] VoxelChunk: GenerateAsync (3,-21,1)
[+00:27:45.812] VoxelChunk: GenerateAsync (3,-23,3)
[+00:27:45.812] VoxelChunk: GenerateAsync (7,-21,1)
[+00:27:45.812] VoxelChunk: GenerateAsync (7,-23,3)
[+00:27:45.812] VoxelChunk: GenerateAsync (9,-27,1)
[+00:27:45.812] VoxelChunk: GenerateAsync (9,-23,1)
[+00:27:45.812] VoxelChunk: GenerateAsync (1,-27,1)
[+00:27:45.812] VoxelChunk: GenerateAsync (7,-29,1)
[+00:27:45.812] VoxelChunk: GenerateAsync (7,-27,3)
[+00:27:45.812] VoxelChunk: GenerateAsync (1,-23,1)
[+00:27:45.812] VoxelMesh: Chunk X=3 Y=-29 Z=1 FlatVerts=156 SlopeVerts=0
[+00:27:45.812] VoxelMesh: Chunk X=5 Y=-22 Z=3 FlatVerts=0 SlopeVerts=0
[+00:27:45.812] VoxelChunk: GenerateAsync (3,-27,3)
[+00:27:45.812] VoxelMesh: Chunk X=3 Y=-21 Z=1 FlatVerts=6 SlopeVerts=6
[+00:27:45.812] VoxelChunk: GenerateAsync (3,-28,2)
[+00:27:45.812] VoxelChunk: GenerateAsync (7,-22,2)
[+00:27:45.812] VoxelChunk: GenerateAsync (3,-22,2)
[+00:27:45.812] VoxelChunk: GenerateAsync (8,-23,2)
[+00:27:45.812] VoxelChunk: GenerateAsync (7,-28,2)
[+00:27:45.812] VoxelMesh: Chunk X=7 Y=-21 Z=1 FlatVerts=114 SlopeVerts=6
[+00:27:45.812] VoxelChunk: GenerateAsync (2,-27,2)
[+00:27:45.812] VoxelMesh: Chunk X=9 Y=-23 Z=1 FlatVerts=138 SlopeVerts=24
[+00:27:45.812] VoxelChunk: GenerateAsync (8,-22,1)
[+00:27:45.812] VoxelChunk: GenerateAsync (2,-22,1)
[+00:27:45.812] VoxelMesh: Chunk X=1 Y=-23 Z=1 FlatVerts=120 SlopeVerts=0
[+00:27:45.812] VoxelChunk: GenerateAsync (2,-28,1)
[+00:27:45.812] VoxelMesh: Chunk X=7 Y=-29 Z=1 FlatVerts=162 SlopeVerts=0
[+00:27:45.812] VoxelChunk: GenerateAsync (8,-28,1)
[+00:27:45.812] VoxelChunk: GenerateAsync (8,-27,2)
[+00:27:45.812] VoxelMesh: Chunk X=9 Y=-27 Z=1 FlatVerts=150 SlopeVerts=0
[+00:27:45.812] VoxelChunk: GenerateAsync (2,-23,2)
[+00:27:45.812] VoxelMesh: Chunk X=1 Y=-27 Z=1 FlatVerts=0 SlopeVerts=0
[+00:27:45.812] VoxelChunk: GenerateAsync (7,-24,3)
[+00:27:45.812] VoxelChunk: GenerateAsync (4,-23,3)
[+00:27:45.812] VoxelChunk: GenerateAsync (5,-29,2)
[+00:27:45.812] VoxelMesh: Chunk X=7 Y=-23 Z=3 FlatVerts=0 SlopeVerts=0
[+00:27:45.812] VoxelChunk: GenerateAsync (8,-25,3)
[+00:27:45.812] VoxelChunk: GenerateAsync (2,-25,3)
[+00:27:45.812] VoxelMesh: Chunk X=3 Y=-23 Z=3 FlatVerts=0 SlopeVerts=198
[+00:27:45.812] VoxelMesh: Chunk X=3 Y=-22 Z=2 FlatVerts=6 SlopeVerts=156
[+00:27:45.812] VoxelChunk: GenerateAsync (9,-25,2)
[+00:27:45.812] VoxelChunk: GenerateAsync (5,-25,4)
[+00:27:45.812] VoxelMesh: Chunk X=3 Y=-28 Z=2 FlatVerts=90 SlopeVerts=132
[+00:27:45.812] VoxelMesh: Chunk X=7 Y=-22 Z=2 FlatVerts=60 SlopeVerts=0
[+00:27:45.812] VoxelChunk: GenerateAsync (5,-21,2)
[+00:27:45.812] VoxelChunk: GenerateAsync (1,-25,2)
[+00:27:45.812] VoxelMesh: Chunk X=2 Y=-27 Z=2 FlatVerts=42 SlopeVerts=18
[+00:27:45.812] VoxelMesh: Chunk X=8 Y=-22 Z=1 FlatVerts=96 SlopeVerts=0
[+00:27:45.812] VoxelMesh: Chunk X=3 Y=-27 Z=3 FlatVerts=42 SlopeVerts=78
[+00:27:45.812] VoxelChunk: GenerateAsync (9,-24,2)
[+00:27:45.812] VoxelChunk: GenerateAsync (4,-28,3)
[+00:27:45.812] VoxelMesh: Chunk X=2 Y=-22 Z=1 FlatVerts=54 SlopeVerts=0
[+00:27:45.812] VoxelMesh: Chunk X=8 Y=-23 Z=2 FlatVerts=0 SlopeVerts=42
[+00:27:45.812] VoxelChunk: GenerateAsync (4,-22,3)
[+00:27:45.812] VoxelMesh: Chunk X=2 Y=-28 Z=1 FlatVerts=36 SlopeVerts=0
[+00:27:45.812] VoxelChunk: GenerateAsync (9,-22,0)
[+00:27:45.812] VoxelMesh: Chunk X=7 Y=-28 Z=2 FlatVerts=0 SlopeVerts=0
[+00:27:45.812] VoxelChunk: GenerateAsync (5,-30,0)
[+00:27:45.812] VoxelChunk: GenerateAsync (6,-22,3)
[+00:27:45.812] VoxelChunk: GenerateAsync (5,-20,0)
[+00:27:45.812] VoxelChunk: GenerateAsync (5,-26,4)
[+00:27:45.812] VoxelChunk: GenerateAsync (8,-21,0)
[+00:27:45.812] VoxelChunk: GenerateAsync (1,-22,0)
[+00:27:45.812] VoxelChunk: GenerateAsync (4,-21,2)
[+00:27:45.812] VoxelChunk: GenerateAsync (1,-26,2)
[+00:27:45.812] VoxelChunk: GenerateAsync (2,-21,0)
[+00:27:45.812] VoxelChunk: GenerateAsync (6,-28,3)
[+00:27:45.812] VoxelChunk: GenerateAsync (1,-24,2)
[+00:27:45.812] VoxelMesh: Chunk X=8 Y=-28 Z=1 FlatVerts=114 SlopeVerts=0
[+00:27:45.812] VoxelMesh: Chunk X=7 Y=-24 Z=3 FlatVerts=6 SlopeVerts=198
[+00:27:45.812] VoxelChunk: GenerateAsync (2,-24,3)
[+00:27:45.812] VoxelChunk: GenerateAsync (9,-26,2)
[+00:27:45.812] VoxelMesh: Chunk X=4 Y=-23 Z=3 FlatVerts=12 SlopeVerts=216
[+00:27:45.812] VoxelMesh: Chunk X=8 Y=-25 Z=3 FlatVerts=0 SlopeVerts=168
[+00:27:45.812] VoxelChunk: GenerateAsync (6,-21,2)
[+00:27:45.812] VoxelMesh: Chunk X=2 Y=-23 Z=2 FlatVerts=54 SlopeVerts=222
[+00:27:45.812] VoxelMesh: Chunk X=8 Y=-27 Z=2 FlatVerts=0 SlopeVerts=0
[+00:27:45.812] VoxelMesh: Chunk X=2 Y=-25 Z=3 FlatVerts=24 SlopeVerts=138
[+00:27:45.812] VoxelMesh: Chunk X=5 Y=-29 Z=2 FlatVerts=18 SlopeVerts=0
[+00:27:45.812] VoxelMesh: Chunk X=5 Y=-25 Z=4 FlatVerts=0 SlopeVerts=0
[+00:27:45.812] VoxelMesh: Chunk X=5 Y=-21 Z=2 FlatVerts=186 SlopeVerts=102
[+00:27:45.812] VoxelMesh: Chunk X=1 Y=-25 Z=2 FlatVerts=0 SlopeVerts=6
[+00:27:45.812] VoxelMesh: Chunk X=9 Y=-25 Z=2 FlatVerts=222 SlopeVerts=78
[+00:27:45.813] VoxelMesh: Chunk X=9 Y=-24 Z=2 FlatVerts=114 SlopeVerts=144
[+00:27:45.813] VoxelMesh: Chunk X=4 Y=-28 Z=3 FlatVerts=0 SlopeVerts=0
[+00:27:45.813] VoxelMesh: Chunk X=4 Y=-22 Z=3 FlatVerts=48 SlopeVerts=264
[+00:27:45.813] VoxelMesh: Chunk X=1 Y=-26 Z=2 FlatVerts=0 SlopeVerts=0
[+00:27:45.813] VoxelMesh: Chunk X=1 Y=-24 Z=2 FlatVerts=0 SlopeVerts=144
[+00:27:45.813] VoxelMesh: Chunk X=4 Y=-21 Z=2 FlatVerts=114 SlopeVerts=150
[+00:27:45.813] VoxelMesh: Chunk X=2 Y=-24 Z=3 FlatVerts=12 SlopeVerts=180
[+00:27:45.813] VoxelMesh: Chunk X=9 Y=-26 Z=2 FlatVerts=72 SlopeVerts=84
[+00:27:45.813] VoxelMesh: Chunk X=6 Y=-21 Z=2 FlatVerts=126 SlopeVerts=114
[+00:27:45.814] VoxelMesh: Chunk X=4 Y=-28 Z=-5 FlatVerts=780 SlopeVerts=792
[+00:27:45.814] VoxelChunk: GenerateAsync (4,-29,2)
[+00:27:45.817] VoxelMesh: Chunk X=2 Y=-26 Z=-5 FlatVerts=18 SlopeVerts=4386
[+00:27:45.817] VoxelMesh: Chunk X=4 Y=-29 Z=2 FlatVerts=780 SlopeVerts=792
[+00:27:45.817] VoxelChunk: GenerateAsync (2,-26,3)
[+00:27:45.819] VoxelMesh: Chunk X=2 Y=-26 Z=3 FlatVerts=18 SlopeVerts=4386
[+00:27:45.819] VoxelMesh: Chunk X=8 Y=-24 Z=-5 FlatVerts=0 SlopeVerts=306
[+00:27:45.819] VoxelChunk: GenerateAsync (4,-25,4)
[+00:27:45.820] VoxelChunk: GenerateAsync (4,-22,-5)
[+00:27:45.820] VoxelMesh: Chunk X=4 Y=-25 Z=4 FlatVerts=0 SlopeVerts=306
[+00:27:45.834] VoxelChunk: GenerateAsync (5,-24,4)
[+00:27:45.836] VoxelChunk: GenerateAsync (6,-29,2)
[+00:27:45.838] VoxelMesh: Chunk X=6 Y=-28 Z=-5 FlatVerts=0 SlopeVerts=0
[+00:27:45.838] VoxelChunk: GenerateAsync (8,-26,3)
[+00:27:45.839] VoxelChunk: GenerateAsync (2,-29,0)
[+00:27:45.840] VoxelMesh: Chunk X=8 Y=-26 Z=3 FlatVerts=0 SlopeVerts=0
[+00:27:45.850] VoxelMesh: Chunk X=0 Y=0 Z=0 FlatVerts=48 SlopeVerts=1098
[+00:27:45.852] VoxelChunk: GenerateAsync (-3,-3,2)
[+00:27:45.853] VoxelMesh: Chunk X=-3 Y=-3 Z=2 FlatVerts=120 SlopeVerts=5010
[+00:27:45.857] VoxelMesh: Chunk X=5 Y=-28 Z=-5 FlatVerts=42 SlopeVerts=2028
[+00:27:45.859] VoxelChunk: GenerateAsync (8,-24,3)
[+00:27:45.859] VoxelChunk: GenerateAsync (9,-28,0)
[+00:27:45.859] VoxelChunk: GenerateAsync (1,-28,0)
[+00:27:45.860] VoxelMesh: Chunk X=4 Y=-23 Z=-5 FlatVerts=156 SlopeVerts=240
[+00:27:45.860] VoxelMesh: Chunk X=8 Y=-24 Z=3 FlatVerts=42 SlopeVerts=2028
[+00:27:45.860] VoxelChunk: GenerateAsync (6,-25,4)
[+00:27:45.860] VoxelMesh: Chunk X=6 Y=-25 Z=4 FlatVerts=156 SlopeVerts=240
[+00:27:45.881] VoxelWater: Chunk X=3 Y=-25 Z=3 emitted 4 procedural water vertices (Ocean/Pools)
[+00:27:45.882] VoxelWater: Chunk X=4 Y=-23 Z=1 emitted 8 procedural water vertices (Ocean/Pools)
[+00:27:45.882] VoxelWater: Chunk X=4 Y=-27 Z=1 emitted 40 procedural water vertices (Ocean/Pools)
[+00:27:45.882] VoxelWater: Chunk X=4 Y=-26 Z=1 emitted 296 procedural water vertices (Ocean/Pools)
[+00:27:45.882] VoxelWater: Chunk X=6 Y=-27 Z=1 emitted 192 procedural water vertices (Ocean/Pools)
[+00:27:45.882] VoxelWater: Chunk X=7 Y=-27 Z=1 emitted 160 procedural water vertices (Ocean/Pools)
[+00:27:45.882] VoxelWater: Chunk X=3 Y=-26 Z=1 emitted 20 procedural water vertices (Ocean/Pools)
[+00:27:45.882] VoxelWater: Chunk X=7 Y=-26 Z=0 emitted 8 procedural water vertices (Ocean/Pools)
[+00:27:45.882] VoxelWater: Chunk X=7 Y=-26 Z=1 emitted 128 procedural water vertices (Ocean/Pools)
[+00:27:45.882] VoxelWater: Chunk X=8 Y=-26 Z=1 emitted 24 procedural water vertices (Ocean/Pools)
[+00:27:45.882] VoxelWater: Chunk X=6 Y=-23 Z=1 emitted 4 procedural water vertices (Ocean/Pools)
[+00:27:45.882] VoxelWater: Chunk X=9 Y=-25 Z=1 emitted 8 procedural water vertices (Ocean/Pools)
[+00:27:45.882] VoxelWater: Chunk X=5 Y=-29 Z=1 emitted 4 procedural water vertices (Ocean/Pools)
[+00:27:45.882] VoxelWater: Chunk X=7 Y=-25 Z=1 emitted 12 procedural water vertices (Ocean/Pools)
[+00:27:45.882] VoxelWater: Chunk X=8 Y=-25 Z=1 emitted 16 procedural water vertices (Ocean/Pools)
[+00:27:45.882] VoxelWater: Chunk X=5 Y=-27 Z=1 emitted 80 procedural water vertices (Ocean/Pools)
[+00:27:45.882] VoxelWater: Chunk X=6 Y=-28 Z=1 emitted 4 procedural water vertices (Ocean/Pools)
[+00:27:45.882] VoxelWater: Chunk X=5 Y=-23 Z=1 emitted 48 procedural water vertices (Ocean/Pools)
[+00:27:45.882] VoxelWater: Chunk X=5 Y=-21 Z=1 emitted 8 procedural water vertices (Ocean/Pools)
[+00:27:45.882] VoxelWater: Chunk X=4 Y=-23 Z=2 emitted 20 procedural water vertices (Ocean/Pools)
[+00:27:45.882] VoxelWater: Chunk X=6 Y=-24 Z=1 emitted 128 procedural water vertices (Ocean/Pools)
[+00:27:45.882] VoxelWater: Chunk X=7 Y=-24 Z=1 emitted 4 procedural water vertices (Ocean/Pools)
[+00:27:45.882] VoxelWater: Chunk X=3 Y=-24 Z=2 emitted 8 procedural water vertices (Ocean/Pools)
[+00:27:45.882] VoxelWater: Chunk X=4 Y=-26 Z=2 emitted 8 procedural water vertices (Ocean/Pools)
[+00:27:45.882] VoxelWater: Chunk X=4 Y=-25 Z=2 emitted 372 procedural water vertices (Ocean/Pools)
[+00:27:45.882] VoxelWater: Chunk X=4 Y=-25 Z=3 emitted 136 procedural water vertices (Ocean/Pools)
[+00:27:45.882] VoxelWater: Chunk X=4 Y=-25 Z=1 emitted 212 procedural water vertices (Ocean/Pools)
[+00:27:45.882] VoxelWater: Chunk X=5 Y=-25 Z=2 emitted 476 procedural water vertices (Ocean/Pools)
[+00:27:45.882] VoxelWater: Chunk X=3 Y=-25 Z=2 emitted 24 procedural water vertices (Ocean/Pools)
[+00:27:45.882] VoxelWater: Chunk X=4 Y=-24 Z=2 emitted 396 procedural water vertices (Ocean/Pools)
[+00:27:45.882] VoxelWater: Chunk X=4 Y=-24 Z=3 emitted 80 procedural water vertices (Ocean/Pools)
[+00:27:45.882] VoxelWater: Chunk X=3 Y=-24 Z=3 emitted 64 procedural water vertices (Ocean/Pools)
[+00:27:45.882] VoxelWater: Chunk X=4 Y=-24 Z=1 emitted 88 procedural water vertices (Ocean/Pools)
[+00:27:45.882] VoxelWater: Chunk X=5 Y=-24 Z=2 emitted 128 procedural water vertices (Ocean/Pools)
[+00:27:45.882] VoxelWater: Chunk X=5 Y=-26 Z=1 emitted 336 procedural water vertices (Ocean/Pools)
[+00:27:45.882] VoxelWater: Chunk X=5 Y=-26 Z=2 emitted 12 procedural water vertices (Ocean/Pools)
[+00:27:45.882] VoxelWater: Chunk X=5 Y=-25 Z=3 emitted 132 procedural water vertices (Ocean/Pools)
[+00:27:45.882] VoxelWater: Chunk X=5 Y=-25 Z=1 emitted 120 procedural water vertices (Ocean/Pools)
[+00:27:45.882] VoxelWater: Chunk X=6 Y=-25 Z=2 emitted 156 procedural water vertices (Ocean/Pools)
[+00:27:45.882] VoxelWater: Chunk X=5 Y=-24 Z=3 emitted 20 procedural water vertices (Ocean/Pools)
[+00:27:45.882] VoxelWater: Chunk X=6 Y=-24 Z=3 emitted 108 procedural water vertices (Ocean/Pools)
[+00:27:45.882] VoxelWater: Chunk X=5 Y=-24 Z=1 emitted 104 procedural water vertices (Ocean/Pools)
[+00:27:45.882] VoxelWater: Chunk X=6 Y=-26 Z=2 emitted 60 procedural water vertices (Ocean/Pools)
[+00:27:45.882] VoxelWater: Chunk X=6 Y=-26 Z=3 emitted 20 procedural water vertices (Ocean/Pools)
[+00:27:45.882] VoxelWater: Chunk X=6 Y=-25 Z=3 emitted 236 procedural water vertices (Ocean/Pools)
[+00:27:45.882] VoxelWater: Chunk X=6 Y=-26 Z=1 emitted 88 procedural water vertices (Ocean/Pools)
[+00:27:45.882] VoxelWater: Chunk X=6 Y=-25 Z=1 emitted 24 procedural water vertices (Ocean/Pools)
[+00:27:45.882] VoxelWater: Chunk X=7 Y=-25 Z=2 emitted 12 procedural water vertices (Ocean/Pools)
[+00:27:45.882] VoxelWater: Chunk X=6 Y=-24 Z=2 emitted 160 procedural water vertices (Ocean/Pools)
[+00:27:45.882] VoxelWater: Chunk X=8 Y=-26 Z=2 emitted 8 procedural water vertices (Ocean/Pools)
[+00:27:45.882] VoxelWater: Chunk X=8 Y=-27 Z=0 emitted 4 procedural water vertices (Ocean/Pools)
[+00:27:45.883] VoxelWater: Chunk X=7 Y=-24 Z=2 emitted 8 procedural water vertices (Ocean/Pools)
[+00:27:45.883] VoxelWater: Chunk X=6 Y=-27 Z=2 emitted 12 procedural water vertices (Ocean/Pools)
[+00:27:45.883] VoxelWater: Chunk X=9 Y=-27 Z=1 emitted 16 procedural water vertices (Ocean/Pools)
[+00:27:45.883] VoxelWater: Chunk X=4 Y=-27 Z=2 emitted 16 procedural water vertices (Ocean/Pools)
[+00:27:45.883] VoxelWater: Chunk X=6 Y=-22 Z=1 emitted 4 procedural water vertices (Ocean/Pools)
[+00:27:45.883] VoxelWater: Chunk X=5 Y=-26 Z=0 emitted 4 procedural water vertices (Ocean/Pools)
[+00:27:45.883] VoxelWater: Chunk X=2 Y=-24 Z=1 emitted 4 procedural water vertices (Ocean/Pools)
[+00:27:45.883] VoxelWater: Chunk X=4 Y=-22 Z=2 emitted 28 procedural water vertices (Ocean/Pools)
[+00:27:45.883] VoxelWater: Chunk X=3 Y=-28 Z=2 emitted 4 procedural water vertices (Ocean/Pools)
[+00:27:45.883] VoxelWater: Chunk X=5 Y=-28 Z=1 emitted 28 procedural water vertices (Ocean/Pools)
[+00:27:45.883] VoxelWater: Chunk X=8 Y=-25 Z=2 emitted 56 procedural water vertices (Ocean/Pools)
[+00:27:45.883] VoxelWater: Chunk X=5 Y=-22 Z=2 emitted 92 procedural water vertices (Ocean/Pools)
[+00:27:45.883] VoxelWater: Chunk X=5 Y=-27 Z=2 emitted 52 procedural water vertices (Ocean/Pools)
[+00:27:45.883] VoxelWater: Chunk X=5 Y=-28 Z=2 emitted 44 procedural water vertices (Ocean/Pools)
[+00:27:45.883] VoxelWater: Chunk X=5 Y=-23 Z=2 emitted 20 procedural water vertices (Ocean/Pools)
[+00:27:45.883] VoxelWater: Chunk X=3 Y=-22 Z=2 emitted 64 procedural water vertices (Ocean/Pools)
[+00:27:45.883] VoxelWater: Chunk X=3 Y=-23 Z=1 emitted 16 procedural water vertices (Ocean/Pools)
[+00:27:45.883] VoxelWater: Chunk X=8 Y=-27 Z=1 emitted 96 procedural water vertices (Ocean/Pools)
[+00:27:45.883] VoxelWater: Chunk X=3 Y=-27 Z=1 emitted 12 procedural water vertices (Ocean/Pools)
[+00:27:45.884] VoxelWater: Chunk X=8 Y=-28 Z=1 emitted 32 procedural water vertices (Ocean/Pools)
[+00:27:45.884] VoxelWater: Chunk X=3 Y=-27 Z=2 emitted 140 procedural water vertices (Ocean/Pools)
[+00:27:45.884] VoxelWater: Chunk X=7 Y=-22 Z=1 emitted 44 procedural water vertices (Ocean/Pools)
[+00:27:45.884] VoxelWater: Chunk X=3 Y=-23 Z=2 emitted 72 procedural water vertices (Ocean/Pools)
[+00:27:45.884] VoxelWater: Chunk X=7 Y=-24 Z=3 emitted 40 procedural water vertices (Ocean/Pools)
[+00:27:45.884] VoxelWater: Chunk X=4 Y=-23 Z=3 emitted 4 procedural water vertices (Ocean/Pools)
[+00:27:45.884] VoxelWater: Chunk X=2 Y=-23 Z=1 emitted 16 procedural water vertices (Ocean/Pools)
[+00:27:45.884] VoxelWater: Chunk X=4 Y=-21 Z=1 emitted 24 procedural water vertices (Ocean/Pools)
[+00:27:45.884] VoxelWater: Chunk X=9 Y=-26 Z=1 emitted 64 procedural water vertices (Ocean/Pools)
[+00:27:45.884] VoxelWater: Chunk X=2 Y=-24 Z=3 emitted 56 procedural water vertices (Ocean/Pools)
[+00:27:45.884] VoxelWater: Chunk X=3 Y=-26 Z=3 emitted 20 procedural water vertices (Ocean/Pools)
[+00:27:45.884] VoxelWater: Chunk X=6 Y=-29 Z=1 emitted 60 procedural water vertices (Ocean/Pools)
[+00:27:45.884] VoxelWater: Chunk X=4 Y=-29 Z=1 emitted 28 procedural water vertices (Ocean/Pools)
[+00:27:45.884] VoxelWater: Chunk X=1 Y=-24 Z=1 emitted 48 procedural water vertices (Ocean/Pools)
[+00:27:45.884] VoxelWater: Chunk X=8 Y=-25 Z=3 emitted 20 procedural water vertices (Ocean/Pools)
[+00:27:45.884] VoxelWater: Chunk X=2 Y=-25 Z=3 emitted 52 procedural water vertices (Ocean/Pools)
[+00:27:45.884] VoxelWater: Chunk X=9 Y=-25 Z=2 emitted 208 procedural water vertices (Ocean/Pools)
[+00:27:45.884] VoxelWater: Chunk X=9 Y=-24 Z=2 emitted 128 procedural water vertices (Ocean/Pools)
[+00:27:45.884] VoxelWater: Chunk X=9 Y=-26 Z=2 emitted 56 procedural water vertices (Ocean/Pools)
[+00:27:45.884] VoxelWater: Chunk X=5 Y=-21 Z=2 emitted 68 procedural water vertices (Ocean/Pools)
[+00:27:45.884] VoxelWater: Chunk X=4 Y=-22 Z=3 emitted 96 procedural water vertices (Ocean/Pools)
[+00:27:45.884] VoxelWater: Chunk X=4 Y=-21 Z=2 emitted 136 procedural water vertices (Ocean/Pools)
[+00:27:45.884] VoxelWater: Chunk X=4 Y=-29 Z=2 emitted 20 procedural water vertices (Ocean/Pools)
[+00:27:45.884] VoxelWater: Chunk X=1 Y=-24 Z=2 emitted 60 procedural water vertices (Ocean/Pools)
[+00:27:45.884] VoxelWater: Chunk X=1 Y=-25 Z=2 emitted 4 procedural water vertices (Ocean/Pools)
[+00:27:45.884] VoxelWater: Chunk X=6 Y=-21 Z=2 emitted 112 procedural water vertices (Ocean/Pools)
[+00:27:45.895] VoxelChunk: GenerateAsync (8,-29,0)
[+00:27:45.895] VoxelChunk: GenerateAsync (10,-25,0)
[+00:27:45.896] VoxelChunk: GenerateAsync (0,-25,0)
[+00:27:45.896] VoxelMesh: Chunk X=4 Y=-24 Z=-5 FlatVerts=0 SlopeVerts=60
[+00:27:45.896] VoxelChunk: GenerateAsync (6,-24,4)
[+00:27:45.896] VoxelMesh: Chunk X=6 Y=-24 Z=4 FlatVerts=0 SlopeVerts=60
[+00:27:45.905] VoxelMesh: Chunk X=5 Y=-26 Z=-5 FlatVerts=0 SlopeVerts=0
[+00:27:45.905] VoxelChunk: GenerateAsync (4,-24,4)
[+00:27:45.905] VoxelChunk: GenerateAsync (4,-30,0)
[+00:27:45.906] VoxelMesh: Chunk X=4 Y=-24 Z=4 FlatVerts=0 SlopeVerts=0
[+00:27:45.906] VoxelChunk: GenerateAsync (6,-30,0)
[+00:27:45.906] VoxelChunk: GenerateAsync (8,-22,-4)
[+00:27:45.914] VoxelChunk: GenerateAsync (8,-28,-4)
[+00:27:45.914] VoxelChunk: GenerateAsync (2,-22,-4)
[+00:27:45.915] VoxelChunk: GenerateAsync (8,-22,2)
[+00:27:45.915] VoxelChunk: GenerateAsync (2,-28,-4)
[+00:27:45.922] VoxelChunk: GenerateAsync (8,-28,2)
[+00:27:45.923] VoxelMesh: Chunk X=8 Y=-28 Z=-3 FlatVerts=186 SlopeVerts=942
[+00:27:45.923] VoxelChunk: GenerateAsync (2,-28,2)
[+00:27:45.923] VoxelMesh: Chunk X=2 Y=-28 Z=2 FlatVerts=186 SlopeVerts=942
[+00:27:45.924] VoxelMesh: Chunk X=2 Y=-28 Z=-3 FlatVerts=222 SlopeVerts=5520
[+00:27:45.924] VoxelChunk: GenerateAsync (2,-22,2)
[+00:27:45.926] VoxelChunk: GenerateAsync (10,-26,0)
[+00:27:45.926] VoxelMesh: Chunk X=2 Y=-22 Z=2 FlatVerts=222 SlopeVerts=5520
[+00:27:45.934] VoxelChunk: GenerateAsync (6,-20,0)
[+00:27:45.935] VoxelChunk: GenerateAsync (0,-24,0)
[+00:27:45.935] VoxelChunk: GenerateAsync (0,-26,0)
[+00:27:45.935] VoxelChunk: GenerateAsync (4,-20,0)
[+00:27:45.947] VoxelChunk: GenerateAsync (-3,-1,3)
[+00:27:45.948] VoxelMesh: Chunk X=-3 Y=-1 Z=3 FlatVerts=0 SlopeVerts=720
[+00:27:45.950] VoxelMesh: Chunk X=7 Y=-22 Z=-4 FlatVerts=0 SlopeVerts=0
[+00:27:45.950] VoxelChunk: GenerateAsync (6,-26,4)
[+00:27:45.950] VoxelMesh: Chunk X=6 Y=-26 Z=4 FlatVerts=0 SlopeVerts=0
[+00:27:45.950] VoxelChunk: GenerateAsync (10,-24,0)
[+00:27:45.951] VoxelChunk: GenerateAsync (4,-26,4)
[+00:27:45.952] VoxelMesh: Chunk X=7 Y=-23 Z=-5 FlatVerts=114 SlopeVerts=72
[+00:27:45.952] VoxelChunk: GenerateAsync (3,-29,2)
[+00:27:45.952] VoxelMesh: Chunk X=3 Y=-29 Z=2 FlatVerts=114 SlopeVerts=72
[+00:27:45.960] VoxelMesh: Chunk X=3 Y=-23 Z=-5 FlatVerts=408 SlopeVerts=204
[+00:27:45.962] VoxelChunk: GenerateAsync (5,-20,1)
[+00:27:45.962] VoxelMesh: Chunk X=5 Y=-20 Z=1 FlatVerts=408 SlopeVerts=204
[+00:27:45.962] VoxelChunk: GenerateAsync (7,-22,-5)
[+00:27:45.963] VoxelMesh: Chunk X=3 Y=-27 Z=-5 FlatVerts=240 SlopeVerts=606
[+00:27:45.963] VoxelChunk: GenerateAsync (7,-25,4)
[+00:27:45.963] VoxelChunk: GenerateAsync (3,-22,-5)
[+00:27:45.963] VoxelMesh: Chunk X=7 Y=-25 Z=4 FlatVerts=240 SlopeVerts=606
[+00:27:45.971] VoxelMesh: Chunk X=5 Y=-23 Z=-5 FlatVerts=24 SlopeVerts=414
[+00:27:45.971] VoxelChunk: GenerateAsync (1,-27,2)
[+00:27:45.972] VoxelMesh: Chunk X=3 Y=-25 Z=-5 FlatVerts=0 SlopeVerts=0
[+00:27:45.972] VoxelMesh: Chunk X=1 Y=-27 Z=2 FlatVerts=24 SlopeVerts=414
[+00:27:45.972] VoxelChunk: GenerateAsync (9,-27,2)
[+00:27:45.972] VoxelChunk: GenerateAsync (7,-29,2)
[+00:27:45.972] VoxelMesh: Chunk X=9 Y=-27 Z=2 FlatVerts=0 SlopeVerts=0
[+00:27:45.972] VoxelMesh: Chunk X=5 Y=-25 Z=-5 FlatVerts=6 SlopeVerts=60
[+00:27:45.973] VoxelChunk: GenerateAsync (3,-28,3)
[+00:27:45.973] VoxelMesh: Chunk X=3 Y=-28 Z=3 FlatVerts=6 SlopeVerts=60
[+00:27:45.980] VoxelMesh: Chunk X=8 Y=-25 Z=-5 FlatVerts=234 SlopeVerts=138
[+00:27:45.980] VoxelChunk: GenerateAsync (1,-28,1)
[+00:27:45.980] VoxelMesh: Chunk X=7 Y=-26 Z=-5 FlatVerts=300 SlopeVerts=432
[+00:27:45.980] VoxelMesh: Chunk X=1 Y=-28 Z=1 FlatVerts=234 SlopeVerts=138
[+00:27:45.981] VoxelChunk: GenerateAsync (5,-30,1)
[+00:27:45.981] VoxelMesh: Chunk X=7 Y=-24 Z=-5 FlatVerts=402 SlopeVerts=192
[+00:27:45.981] VoxelMesh: Chunk X=5 Y=-30 Z=1 FlatVerts=300 SlopeVerts=432
[+00:27:45.981] VoxelChunk: GenerateAsync (8,-21,1)
[+00:27:45.981] VoxelChunk: GenerateAsync (3,-28,-5)
[+00:27:45.981] VoxelMesh: Chunk X=8 Y=-21 Z=1 FlatVerts=402 SlopeVerts=192
[+00:27:45.994] VoxelMesh: Chunk X=0 Y=0 Z=0 FlatVerts=54 SlopeVerts=13404
[+00:27:45.995] VoxelChunk: GenerateAsync (3,-22,3)
[+00:27:45.997] VoxelMesh: Chunk X=3 Y=-22 Z=3 FlatVerts=54 SlopeVerts=6096
[+00:27:46.000] VoxelChunk: GenerateAsync (8,-23,-5)
[+00:27:46.003] VoxelChunk: GenerateAsync (2,-23,-5)
[+00:27:46.009] VoxelMesh: Chunk X=0 Y=0 Z=0 FlatVerts=762 SlopeVerts=32820
[+00:27:46.013] VoxelChunk: GenerateAsync (1,-23,2)
[+00:27:46.014] VoxelMesh: Chunk X=1 Y=-23 Z=2 FlatVerts=0 SlopeVerts=6
[+00:27:46.032] VoxelChunk: GenerateAsync (3,-25,4)
[+00:27:46.035] VoxelMesh: Chunk X=3 Y=-25 Z=4 FlatVerts=0 SlopeVerts=414
[+00:27:46.037] VoxelChunk: GenerateAsync (8,-27,-5)
[+00:27:46.041] VoxelChunk: GenerateAsync (2,-27,-5)
[+00:27:46.046] VoxelChunk: GenerateAsync (5,-27,4)
[+00:27:46.060] VoxelChunk: GenerateAsync (8,-23,3)
[+00:27:46.065] VoxelChunk: GenerateAsync (5,-23,4)
[+00:27:46.070] VoxelMesh: Chunk X=0 Y=0 Z=0 FlatVerts=444 SlopeVerts=7818
[+00:27:46.071] VoxelChunk: GenerateAsync (10,-25,1)
[+00:27:46.071] VoxelMesh: Chunk X=10 Y=-25 Z=1 FlatVerts=1104 SlopeVerts=474
[+00:27:46.077] VoxelMesh: Chunk X=0 Y=0 Z=0 FlatVerts=0 SlopeVerts=0
[+00:27:46.077] VoxelChunk: GenerateAsync (9,-23,2)
[+00:27:46.078] VoxelMesh: Chunk X=9 Y=-23 Z=2 FlatVerts=30 SlopeVerts=66
[+00:27:46.103] VoxelWater: Chunk X=3 Y=-25 Z=2 emitted 36 procedural water vertices (Ocean/Pools)
[+00:27:46.103] VoxelWater: Chunk X=3 Y=-25 Z=3 emitted 4 procedural water vertices (Ocean/Pools)
[+00:27:46.103] VoxelWater: Chunk X=4 Y=-23 Z=1 emitted 12 procedural water vertices (Ocean/Pools)
[+00:27:46.103] VoxelWater: Chunk X=7 Y=-24 Z=1 emitted 4 procedural water vertices (Ocean/Pools)
[+00:27:46.103] VoxelWater: Chunk X=8 Y=-24 Z=1 emitted 4 procedural water vertices (Ocean/Pools)
[+00:27:46.103] VoxelWater: Chunk X=4 Y=-27 Z=1 emitted 64 procedural water vertices (Ocean/Pools)
[+00:27:46.103] VoxelWater: Chunk X=4 Y=-26 Z=1 emitted 356 procedural water vertices (Ocean/Pools)
[+00:27:46.103] VoxelWater: Chunk X=6 Y=-27 Z=1 emitted 200 procedural water vertices (Ocean/Pools)
[+00:27:46.103] VoxelWater: Chunk X=6 Y=-28 Z=1 emitted 12 procedural water vertices (Ocean/Pools)
[+00:27:46.103] VoxelWater: Chunk X=7 Y=-27 Z=1 emitted 196 procedural water vertices (Ocean/Pools)
[+00:27:46.103] VoxelWater: Chunk X=3 Y=-26 Z=1 emitted 24 procedural water vertices (Ocean/Pools)
[+00:27:46.103] VoxelWater: Chunk X=7 Y=-26 Z=0 emitted 8 procedural water vertices (Ocean/Pools)
[+00:27:46.103] VoxelWater: Chunk X=7 Y=-26 Z=1 emitted 144 procedural water vertices (Ocean/Pools)
[+00:27:46.103] VoxelWater: Chunk X=8 Y=-26 Z=1 emitted 28 procedural water vertices (Ocean/Pools)
[+00:27:46.103] VoxelWater: Chunk X=6 Y=-23 Z=1 emitted 8 procedural water vertices (Ocean/Pools)
[+00:27:46.104] VoxelWater: Chunk X=9 Y=-25 Z=1 emitted 12 procedural water vertices (Ocean/Pools)
[+00:27:46.104] VoxelWater: Chunk X=5 Y=-29 Z=1 emitted 4 procedural water vertices (Ocean/Pools)
[+00:27:46.104] VoxelWater: Chunk X=7 Y=-25 Z=1 emitted 12 procedural water vertices (Ocean/Pools)
[+00:27:46.104] VoxelWater: Chunk X=8 Y=-25 Z=1 emitted 16 procedural water vertices (Ocean/Pools)
[+00:27:46.104] VoxelWater: Chunk X=5 Y=-27 Z=1 emitted 80 procedural water vertices (Ocean/Pools)
[+00:27:46.104] VoxelWater: Chunk X=5 Y=-23 Z=1 emitted 56 procedural water vertices (Ocean/Pools)
[+00:27:46.104] VoxelWater: Chunk X=5 Y=-21 Z=1 emitted 8 procedural water vertices (Ocean/Pools)
[+00:27:46.104] VoxelWater: Chunk X=4 Y=-23 Z=2 emitted 16 procedural water vertices (Ocean/Pools)
[+00:27:46.104] VoxelWater: Chunk X=6 Y=-24 Z=1 emitted 132 procedural water vertices (Ocean/Pools)
[+00:27:46.104] VoxelWater: Chunk X=3 Y=-24 Z=2 emitted 8 procedural water vertices (Ocean/Pools)
[+00:27:46.104] VoxelWater: Chunk X=4 Y=-26 Z=2 emitted 8 procedural water vertices (Ocean/Pools)
[+00:27:46.104] VoxelWater: Chunk X=4 Y=-25 Z=2 emitted 376 procedural water vertices (Ocean/Pools)
[+00:27:46.104] VoxelWater: Chunk X=4 Y=-25 Z=3 emitted 136 procedural water vertices (Ocean/Pools)
[+00:27:46.104] VoxelWater: Chunk X=4 Y=-25 Z=1 emitted 244 procedural water vertices (Ocean/Pools)
[+00:27:46.104] VoxelWater: Chunk X=5 Y=-25 Z=2 emitted 496 procedural water vertices (Ocean/Pools)
[+00:27:46.104] VoxelWater: Chunk X=4 Y=-24 Z=2 emitted 388 procedural water vertices (Ocean/Pools)
[+00:27:46.104] VoxelWater: Chunk X=4 Y=-24 Z=3 emitted 80 procedural water vertices (Ocean/Pools)
[+00:27:46.104] VoxelWater: Chunk X=3 Y=-24 Z=3 emitted 64 procedural water vertices (Ocean/Pools)
[+00:27:46.104] VoxelWater: Chunk X=4 Y=-24 Z=1 emitted 124 procedural water vertices (Ocean/Pools)
[+00:27:46.104] VoxelWater: Chunk X=5 Y=-24 Z=2 emitted 128 procedural water vertices (Ocean/Pools)
[+00:27:46.104] VoxelWater: Chunk X=5 Y=-26 Z=1 emitted 376 procedural water vertices (Ocean/Pools)
[+00:27:46.104] VoxelWater: Chunk X=5 Y=-26 Z=2 emitted 8 procedural water vertices (Ocean/Pools)
[+00:27:46.104] VoxelWater: Chunk X=5 Y=-25 Z=3 emitted 128 procedural water vertices (Ocean/Pools)
[+00:27:46.104] VoxelWater: Chunk X=5 Y=-25 Z=1 emitted 140 procedural water vertices (Ocean/Pools)
[+00:27:46.104] VoxelWater: Chunk X=6 Y=-25 Z=2 emitted 172 procedural water vertices (Ocean/Pools)
[+00:27:46.104] VoxelWater: Chunk X=5 Y=-24 Z=3 emitted 20 procedural water vertices (Ocean/Pools)
[+00:27:46.104] VoxelWater: Chunk X=6 Y=-24 Z=3 emitted 108 procedural water vertices (Ocean/Pools)
[+00:27:46.104] VoxelWater: Chunk X=5 Y=-24 Z=1 emitted 112 procedural water vertices (Ocean/Pools)
[+00:27:46.104] VoxelWater: Chunk X=6 Y=-26 Z=2 emitted 60 procedural water vertices (Ocean/Pools)
[+00:27:46.104] VoxelWater: Chunk X=6 Y=-26 Z=3 emitted 20 procedural water vertices (Ocean/Pools)
[+00:27:46.104] VoxelWater: Chunk X=6 Y=-25 Z=3 emitted 232 procedural water vertices (Ocean/Pools)
[+00:27:46.104] VoxelWater: Chunk X=6 Y=-26 Z=1 emitted 112 procedural water vertices (Ocean/Pools)
[+00:27:46.105] VoxelWater: Chunk X=6 Y=-25 Z=1 emitted 24 procedural water vertices (Ocean/Pools)
[+00:27:46.105] VoxelWater: Chunk X=7 Y=-25 Z=2 emitted 16 procedural water vertices (Ocean/Pools)
[+00:27:46.105] VoxelWater: Chunk X=6 Y=-24 Z=2 emitted 160 procedural water vertices (Ocean/Pools)
[+00:27:46.105] VoxelWater: Chunk X=8 Y=-26 Z=2 emitted 8 procedural water vertices (Ocean/Pools)
[+00:27:46.105] VoxelWater: Chunk X=8 Y=-27 Z=0 emitted 8 procedural water vertices (Ocean/Pools)
[+00:27:46.105] VoxelWater: Chunk X=7 Y=-24 Z=2 emitted 8 procedural water vertices (Ocean/Pools)
[+00:27:46.105] VoxelWater: Chunk X=6 Y=-27 Z=2 emitted 12 procedural water vertices (Ocean/Pools)
[+00:27:46.105] VoxelWater: Chunk X=9 Y=-27 Z=1 emitted 24 procedural water vertices (Ocean/Pools)
[+00:27:46.105] VoxelWater: Chunk X=4 Y=-27 Z=2 emitted 20 procedural water vertices (Ocean/Pools)
[+00:27:46.105] VoxelWater: Chunk X=6 Y=-22 Z=1 emitted 4 procedural water vertices (Ocean/Pools)
[+00:27:46.105] VoxelWater: Chunk X=5 Y=-26 Z=0 emitted 4 procedural water vertices (Ocean/Pools)
[+00:27:46.105] VoxelWater: Chunk X=2 Y=-24 Z=1 emitted 4 procedural water vertices (Ocean/Pools)
[+00:27:46.105] VoxelWater: Chunk X=4 Y=-22 Z=2 emitted 28 procedural water vertices (Ocean/Pools)
[+00:27:46.105] VoxelWater: Chunk X=3 Y=-28 Z=2 emitted 4 procedural water vertices (Ocean/Pools)
[+00:27:46.105] VoxelWater: Chunk X=5 Y=-28 Z=1 emitted 36 procedural water vertices (Ocean/Pools)
[+00:27:46.105] VoxelWater: Chunk X=8 Y=-25 Z=2 emitted 56 procedural water vertices (Ocean/Pools)
[+00:27:46.105] VoxelWater: Chunk X=5 Y=-22 Z=2 emitted 92 procedural water vertices (Ocean/Pools)
[+00:27:46.105] VoxelWater: Chunk X=5 Y=-27 Z=2 emitted 52 procedural water vertices (Ocean/Pools)
[+00:27:46.105] VoxelWater: Chunk X=5 Y=-28 Z=2 emitted 44 procedural water vertices (Ocean/Pools)
[+00:27:46.105] VoxelWater: Chunk X=2 Y=-22 Z=2 emitted 12 procedural water vertices (Ocean/Pools)
[+00:27:46.105] VoxelWater: Chunk X=2 Y=-23 Z=2 emitted 8 procedural water vertices (Ocean/Pools)
[+00:27:46.105] VoxelWater: Chunk X=5 Y=-23 Z=2 emitted 20 procedural water vertices (Ocean/Pools)
[+00:27:46.105] VoxelWater: Chunk X=7 Y=-26 Z=2 emitted 4 procedural water vertices (Ocean/Pools)
[+00:27:46.105] VoxelWater: Chunk X=3 Y=-22 Z=2 emitted 72 procedural water vertices (Ocean/Pools)
[+00:27:46.105] VoxelWater: Chunk X=3 Y=-23 Z=1 emitted 16 procedural water vertices (Ocean/Pools)
[+00:27:46.105] VoxelWater: Chunk X=8 Y=-27 Z=1 emitted 112 procedural water vertices (Ocean/Pools)
[+00:27:46.105] VoxelWater: Chunk X=3 Y=-27 Z=1 emitted 12 procedural water vertices (Ocean/Pools)
[+00:27:46.105] VoxelWater: Chunk X=8 Y=-28 Z=1 emitted 32 procedural water vertices (Ocean/Pools)
[+00:27:46.105] VoxelWater: Chunk X=3 Y=-27 Z=2 emitted 164 procedural water vertices (Ocean/Pools)
[+00:27:46.105] VoxelWater: Chunk X=7 Y=-22 Z=1 emitted 44 procedural water vertices (Ocean/Pools)
[+00:27:46.105] VoxelWater: Chunk X=3 Y=-23 Z=2 emitted 84 procedural water vertices (Ocean/Pools)
[+00:27:46.105] VoxelWater: Chunk X=7 Y=-24 Z=3 emitted 44 procedural water vertices (Ocean/Pools)
[+00:27:46.105] VoxelWater: Chunk X=4 Y=-23 Z=3 emitted 4 procedural water vertices (Ocean/Pools)
[+00:27:46.105] VoxelWater: Chunk X=2 Y=-23 Z=1 emitted 16 procedural water vertices (Ocean/Pools)
[+00:27:46.105] VoxelWater: Chunk X=4 Y=-21 Z=1 emitted 28 procedural water vertices (Ocean/Pools)
[+00:27:46.105] VoxelWater: Chunk X=9 Y=-26 Z=1 emitted 64 procedural water vertices (Ocean/Pools)
[+00:27:46.105] VoxelWater: Chunk X=2 Y=-24 Z=3 emitted 56 procedural water vertices (Ocean/Pools)
[+00:27:46.105] VoxelWater: Chunk X=3 Y=-26 Z=3 emitted 20 procedural water vertices (Ocean/Pools)
[+00:27:46.106] VoxelWater: Chunk X=6 Y=-29 Z=1 emitted 60 procedural water vertices (Ocean/Pools)
[+00:27:46.106] VoxelWater: Chunk X=4 Y=-29 Z=1 emitted 28 procedural water vertices (Ocean/Pools)
[+00:27:46.106] VoxelWater: Chunk X=1 Y=-24 Z=1 emitted 48 procedural water vertices (Ocean/Pools)
[+00:27:46.106] VoxelWater: Chunk X=8 Y=-25 Z=3 emitted 20 procedural water vertices (Ocean/Pools)
[+00:27:46.106] VoxelWater: Chunk X=2 Y=-25 Z=3 emitted 52 procedural water vertices (Ocean/Pools)
[+00:27:46.106] VoxelWater: Chunk X=9 Y=-25 Z=2 emitted 212 procedural water vertices (Ocean/Pools)
[+00:27:46.106] VoxelWater: Chunk X=9 Y=-24 Z=2 emitted 128 procedural water vertices (Ocean/Pools)
[+00:27:46.106] VoxelWater: Chunk X=9 Y=-26 Z=2 emitted 56 procedural water vertices (Ocean/Pools)
[+00:27:46.106] VoxelWater: Chunk X=5 Y=-21 Z=2 emitted 68 procedural water vertices (Ocean/Pools)
[+00:27:46.106] VoxelWater: Chunk X=1 Y=-25 Z=2 emitted 4 procedural water vertices (Ocean/Pools)
[+00:27:46.106] VoxelWater: Chunk X=4 Y=-22 Z=3 emitted 100 procedural water vertices (Ocean/Pools)
[+00:27:46.106] VoxelWater: Chunk X=4 Y=-21 Z=2 emitted 136 procedural water vertices (Ocean/Pools)
[+00:27:46.106] VoxelWater: Chunk X=4 Y=-29 Z=2 emitted 32 procedural water vertices (Ocean/Pools)
[+00:27:46.106] VoxelWater: Chunk X=3 Y=-29 Z=2 emitted 4 procedural water vertices (Ocean/Pools)
[+00:27:46.106] VoxelWater: Chunk X=1 Y=-24 Z=2 emitted 60 procedural water vertices (Ocean/Pools)
[+00:27:46.106] VoxelWater: Chunk X=6 Y=-21 Z=2 emitted 116 procedural water vertices (Ocean/Pools)
[+00:27:46.106] VoxelWater: Chunk X=3 Y=-22 Z=3 emitted 56 procedural water vertices (Ocean/Pools)
[+00:27:46.106] VoxelWater: Chunk X=3 Y=-23 Z=3 emitted 4 procedural water vertices (Ocean/Pools)
[+00:27:46.121] VoxelMesh: Chunk X=0 Y=0 Z=0 FlatVerts=168 SlopeVerts=12966
[+00:27:46.131] VoxelChunk: GenerateAsync (-2,-3,2)
[+00:27:46.132] VoxelMesh: Chunk X=-2 Y=-3 Z=2 FlatVerts=0 SlopeVerts=2592
[+00:27:46.141] VoxelMesh: Chunk X=0 Y=0 Z=0 FlatVerts=348 SlopeVerts=15474
[+00:27:46.142] VoxelChunk: GenerateAsync (2,-21,1)
[+00:27:46.142] VoxelMesh: Chunk X=2 Y=-21 Z=1 FlatVerts=90 SlopeVerts=66
[+00:27:46.149] VoxelMesh: Chunk X=0 Y=0 Z=0 FlatVerts=0 SlopeVerts=1842
[+00:27:46.149] VoxelChunk: GenerateAsync (7,-28,3)
[+00:27:46.154] VoxelChunk: GenerateAsync (7,-28,-5)
[+00:27:46.160] VoxelMesh: Chunk X=0 Y=0 Z=0 FlatVerts=360 SlopeVerts=26664
[+00:27:46.162] VoxelChunk: GenerateAsync (2,-23,3)
[+00:27:46.163] VoxelMesh: Chunk X=2 Y=-23 Z=3 FlatVerts=0 SlopeVerts=906
[+00:27:46.179] VoxelChunk: GenerateAsync (7,-22,3)
[+00:27:46.185] VoxelChunk: GenerateAsync (2,-27,3)
[+00:27:46.188] VoxelMesh: Chunk X=2 Y=-27 Z=3 FlatVerts=168 SlopeVerts=7104
[+00:27:46.194] VoxelMesh: Chunk X=0 Y=0 Z=0 FlatVerts=126 SlopeVerts=22158
[+00:27:46.195] VoxelChunk: GenerateAsync (8,-27,3)
[+00:27:46.199] VoxelMesh: Chunk X=0 Y=0 Z=0 FlatVerts=1752 SlopeVerts=16560
[+00:27:46.201] VoxelChunk: GenerateAsync (1,-22,1)
[+00:27:46.202] VoxelMesh: Chunk X=1 Y=-22 Z=1 FlatVerts=1806 SlopeVerts=618
[+00:27:46.218] VoxelMesh: Chunk X=0 Y=0 Z=0 FlatVerts=0 SlopeVerts=36
[+00:27:46.219] VoxelChunk: GenerateAsync (-1,-1,3)
[+00:27:46.220] VoxelMesh: Chunk X=-1 Y=-1 Z=3 FlatVerts=12 SlopeVerts=4272
[+00:27:46.229] VoxelMesh: Chunk X=0 Y=0 Z=0 FlatVerts=3072 SlopeVerts=18852
[+00:27:46.230] VoxelChunk: GenerateAsync (2,-29,1)
[+00:27:46.231] VoxelMesh: Chunk X=2 Y=-29 Z=1 FlatVerts=2166 SlopeVerts=660
[+00:27:46.234] VoxelMesh: Chunk X=0 Y=0 Z=0 FlatVerts=6768 SlopeVerts=9648
[+00:27:46.236] VoxelChunk: GenerateAsync (0,-25,1)
[+00:27:46.238] VoxelMesh: Chunk X=0 Y=-25 Z=1 FlatVerts=36 SlopeVerts=786
[+00:27:46.242] VoxelMesh: Chunk X=0 Y=0 Z=0 FlatVerts=7476 SlopeVerts=0
[+00:27:46.243] VoxelChunk: GenerateAsync (9,-22,1)
[+00:27:46.243] VoxelMesh: Chunk X=9 Y=-22 Z=1 FlatVerts=1836 SlopeVerts=0
[+00:27:46.248] VoxelMesh: Chunk X=0 Y=0 Z=0 FlatVerts=6954 SlopeVerts=2430
[+00:27:46.249] VoxelChunk: GenerateAsync (8,-29,1)
[+00:27:46.250] VoxelMesh: Chunk X=8 Y=-29 Z=1 FlatVerts=1800 SlopeVerts=0
[+00:27:46.265] VoxelChunk: GenerateAsync (7,-21,2)
[+00:27:46.266] VoxelMesh: Chunk X=7 Y=-21 Z=2 FlatVerts=210 SlopeVerts=1062
[+00:27:46.270] VoxelMesh: Chunk X=0 Y=0 Z=0 FlatVerts=4434 SlopeVerts=9564
[+00:27:46.271] VoxelChunk: GenerateAsync (9,-28,1)
[+00:27:46.273] VoxelMesh: Chunk X=9 Y=-28 Z=1 FlatVerts=1794 SlopeVerts=0
[+00:27:46.277] VoxelMesh: Chunk X=0 Y=0 Z=0 FlatVerts=456 SlopeVerts=27828
[+00:27:46.280] VoxelChunk: GenerateAsync (3,-21,2)
[+00:27:46.282] VoxelMesh: Chunk X=3 Y=-21 Z=2 FlatVerts=414 SlopeVerts=5142
[+00:27:46.283] VoxelMesh: Chunk X=0 Y=0 Z=0 FlatVerts=6270 SlopeVerts=2274
[+00:27:46.285] VoxelChunk: GenerateAsync (10,-23,0)
[+00:27:46.312] VoxelWater: Chunk X=3 Y=-25 Z=2 emitted 40 procedural water vertices (Ocean/Pools)
[+00:27:46.312] VoxelWater: Chunk X=3 Y=-25 Z=3 emitted 4 procedural water vertices (Ocean/Pools)
[+00:27:46.312] VoxelWater: Chunk X=4 Y=-23 Z=1 emitted 12 procedural water vertices (Ocean/Pools)
[+00:27:46.312] VoxelWater: Chunk X=7 Y=-24 Z=1 emitted 8 procedural water vertices (Ocean/Pools)
[+00:27:46.312] VoxelWater: Chunk X=8 Y=-24 Z=1 emitted 8 procedural water vertices (Ocean/Pools)
[+00:27:46.312] VoxelWater: Chunk X=4 Y=-27 Z=1 emitted 84 procedural water vertices (Ocean/Pools)
[+00:27:46.312] VoxelWater: Chunk X=4 Y=-26 Z=1 emitted 412 procedural water vertices (Ocean/Pools)
[+00:27:46.312] VoxelWater: Chunk X=6 Y=-27 Z=1 emitted 224 procedural water vertices (Ocean/Pools)
[+00:27:46.313] VoxelWater: Chunk X=6 Y=-28 Z=1 emitted 16 procedural water vertices (Ocean/Pools)
[+00:27:46.313] VoxelWater: Chunk X=7 Y=-27 Z=1 emitted 236 procedural water vertices (Ocean/Pools)
[+00:27:46.313] VoxelWater: Chunk X=3 Y=-26 Z=1 emitted 40 procedural water vertices (Ocean/Pools)
[+00:27:46.313] VoxelWater: Chunk X=7 Y=-26 Z=0 emitted 8 procedural water vertices (Ocean/Pools)
[+00:27:46.313] VoxelWater: Chunk X=7 Y=-26 Z=1 emitted 168 procedural water vertices (Ocean/Pools)
[+00:27:46.313] VoxelWater: Chunk X=8 Y=-26 Z=1 emitted 32 procedural water vertices (Ocean/Pools)
[+00:27:46.313] VoxelWater: Chunk X=6 Y=-23 Z=1 emitted 12 procedural water vertices (Ocean/Pools)
[+00:27:46.313] VoxelWater: Chunk X=9 Y=-25 Z=1 emitted 16 procedural water vertices (Ocean/Pools)
[+00:27:46.313] VoxelWater: Chunk X=5 Y=-29 Z=1 emitted 4 procedural water vertices (Ocean/Pools)
[+00:27:46.313] VoxelWater: Chunk X=7 Y=-25 Z=1 emitted 12 procedural water vertices (Ocean/Pools)
[+00:27:46.313] VoxelWater: Chunk X=8 Y=-25 Z=1 emitted 16 procedural water vertices (Ocean/Pools)
[+00:27:46.313] VoxelWater: Chunk X=5 Y=-27 Z=1 emitted 92 procedural water vertices (Ocean/Pools)
[+00:27:46.313] VoxelWater: Chunk X=5 Y=-23 Z=1 emitted 92 procedural water vertices (Ocean/Pools)
[+00:27:46.313] VoxelWater: Chunk X=5 Y=-21 Z=1 emitted 8 procedural water vertices (Ocean/Pools)
[+00:27:46.313] VoxelWater: Chunk X=4 Y=-23 Z=2 emitted 20 procedural water vertices (Ocean/Pools)
[+00:27:46.313] VoxelWater: Chunk X=6 Y=-24 Z=1 emitted 132 procedural water vertices (Ocean/Pools)
[+00:27:46.313] VoxelWater: Chunk X=3 Y=-24 Z=2 emitted 8 procedural water vertices (Ocean/Pools)
[+00:27:46.313] VoxelWater: Chunk X=4 Y=-26 Z=2 emitted 8 procedural water vertices (Ocean/Pools)
[+00:27:46.313] VoxelWater: Chunk X=4 Y=-25 Z=2 emitted 372 procedural water vertices (Ocean/Pools)
[+00:27:46.313] VoxelWater: Chunk X=4 Y=-25 Z=3 emitted 136 procedural water vertices (Ocean/Pools)
[+00:27:46.313] VoxelWater: Chunk X=4 Y=-25 Z=1 emitted 276 procedural water vertices (Ocean/Pools)
[+00:27:46.313] VoxelWater: Chunk X=5 Y=-25 Z=2 emitted 468 procedural water vertices (Ocean/Pools)
[+00:27:46.313] VoxelWater: Chunk X=4 Y=-24 Z=2 emitted 388 procedural water vertices (Ocean/Pools)
[+00:27:46.313] VoxelWater: Chunk X=4 Y=-24 Z=3 emitted 80 procedural water vertices (Ocean/Pools)
[+00:27:46.313] VoxelWater: Chunk X=3 Y=-24 Z=3 emitted 64 procedural water vertices (Ocean/Pools)
[+00:27:46.313] VoxelWater: Chunk X=4 Y=-24 Z=1 emitted 152 procedural water vertices (Ocean/Pools)
[+00:27:46.313] VoxelWater: Chunk X=5 Y=-24 Z=2 emitted 128 procedural water vertices (Ocean/Pools)
[+00:27:46.313] VoxelWater: Chunk X=5 Y=-26 Z=1 emitted 420 procedural water vertices (Ocean/Pools)
[+00:27:46.313] VoxelWater: Chunk X=5 Y=-26 Z=2 emitted 8 procedural water vertices (Ocean/Pools)
[+00:27:46.313] VoxelWater: Chunk X=5 Y=-25 Z=3 emitted 132 procedural water vertices (Ocean/Pools)
[+00:27:46.313] VoxelWater: Chunk X=5 Y=-25 Z=1 emitted 160 procedural water vertices (Ocean/Pools)
[+00:27:46.313] VoxelWater: Chunk X=6 Y=-25 Z=2 emitted 180 procedural water vertices (Ocean/Pools)
[+00:27:46.313] VoxelWater: Chunk X=5 Y=-24 Z=3 emitted 20 procedural water vertices (Ocean/Pools)
[+00:27:46.313] VoxelWater: Chunk X=6 Y=-24 Z=3 emitted 104 procedural water vertices (Ocean/Pools)
[+00:27:46.313] VoxelWater: Chunk X=5 Y=-24 Z=1 emitted 132 procedural water vertices (Ocean/Pools)
[+00:27:46.313] VoxelWater: Chunk X=6 Y=-26 Z=2 emitted 56 procedural water vertices (Ocean/Pools)
[+00:27:46.313] VoxelWater: Chunk X=6 Y=-26 Z=3 emitted 20 procedural water vertices (Ocean/Pools)
[+00:27:46.313] VoxelWater: Chunk X=6 Y=-25 Z=3 emitted 216 procedural water vertices (Ocean/Pools)
[+00:27:46.313] VoxelWater: Chunk X=6 Y=-26 Z=1 emitted 132 procedural water vertices (Ocean/Pools)
[+00:27:46.313] VoxelWater: Chunk X=6 Y=-25 Z=1 emitted 24 procedural water vertices (Ocean/Pools)
[+00:27:46.313] VoxelWater: Chunk X=7 Y=-25 Z=2 emitted 8 procedural water vertices (Ocean/Pools)
[+00:27:46.313] VoxelWater: Chunk X=6 Y=-24 Z=2 emitted 172 procedural water vertices (Ocean/Pools)
[+00:27:46.313] VoxelWater: Chunk X=8 Y=-26 Z=2 emitted 8 procedural water vertices (Ocean/Pools)
[+00:27:46.313] VoxelWater: Chunk X=6 Y=-26 Z=0 emitted 4 procedural water vertices (Ocean/Pools)
[+00:27:46.313] VoxelWater: Chunk X=8 Y=-27 Z=0 emitted 8 procedural water vertices (Ocean/Pools)
[+00:27:46.313] VoxelWater: Chunk X=7 Y=-24 Z=2 emitted 8 procedural water vertices (Ocean/Pools)
[+00:27:46.313] VoxelWater: Chunk X=4 Y=-26 Z=0 emitted 4 procedural water vertices (Ocean/Pools)
[+00:27:46.313] VoxelWater: Chunk X=6 Y=-27 Z=2 emitted 12 procedural water vertices (Ocean/Pools)
[+00:27:46.313] VoxelWater: Chunk X=3 Y=-23 Z=3 emitted 4 procedural water vertices (Ocean/Pools)
[+00:27:46.313] VoxelWater: Chunk X=9 Y=-27 Z=0 emitted 4 procedural water vertices (Ocean/Pools)
[+00:27:46.314] VoxelWater: Chunk X=9 Y=-27 Z=1 emitted 28 procedural water vertices (Ocean/Pools)
[+00:27:46.314] VoxelWater: Chunk X=4 Y=-27 Z=2 emitted 20 procedural water vertices (Ocean/Pools)
[+00:27:46.314] VoxelWater: Chunk X=6 Y=-22 Z=1 emitted 4 procedural water vertices (Ocean/Pools)
[+00:27:46.314] VoxelWater: Chunk X=5 Y=-26 Z=0 emitted 8 procedural water vertices (Ocean/Pools)
[+00:27:46.314] VoxelWater: Chunk X=2 Y=-24 Z=1 emitted 4 procedural water vertices (Ocean/Pools)
[+00:27:46.314] VoxelWater: Chunk X=3 Y=-29 Z=2 emitted 4 procedural water vertices (Ocean/Pools)
[+00:27:46.314] VoxelWater: Chunk X=7 Y=-26 Z=2 emitted 4 procedural water vertices (Ocean/Pools)
[+00:27:46.314] VoxelWater: Chunk X=4 Y=-22 Z=2 emitted 28 procedural water vertices (Ocean/Pools)
[+00:27:46.314] VoxelWater: Chunk X=3 Y=-28 Z=2 emitted 4 procedural water vertices (Ocean/Pools)
[+00:27:46.314] VoxelWater: Chunk X=5 Y=-28 Z=1 emitted 36 procedural water vertices (Ocean/Pools)
[+00:27:46.314] VoxelWater: Chunk X=8 Y=-25 Z=2 emitted 60 procedural water vertices (Ocean/Pools)
[+00:27:46.314] VoxelWater: Chunk X=5 Y=-22 Z=1 emitted 16 procedural water vertices (Ocean/Pools)
[+00:27:46.314] VoxelWater: Chunk X=5 Y=-22 Z=2 emitted 100 procedural water vertices (Ocean/Pools)
[+00:27:46.314] VoxelWater: Chunk X=5 Y=-27 Z=2 emitted 52 procedural water vertices (Ocean/Pools)
[+00:27:46.314] VoxelWater: Chunk X=5 Y=-28 Z=2 emitted 44 procedural water vertices (Ocean/Pools)
[+00:27:46.314] VoxelWater: Chunk X=2 Y=-22 Z=2 emitted 16 procedural water vertices (Ocean/Pools)
[+00:27:46.314] VoxelWater: Chunk X=2 Y=-23 Z=2 emitted 8 procedural water vertices (Ocean/Pools)
[+00:27:46.314] VoxelWater: Chunk X=5 Y=-23 Z=2 emitted 20 procedural water vertices (Ocean/Pools)
[+00:27:46.314] VoxelWater: Chunk X=3 Y=-22 Z=2 emitted 84 procedural water vertices (Ocean/Pools)
[+00:27:46.315] VoxelWater: Chunk X=3 Y=-23 Z=1 emitted 16 procedural water vertices (Ocean/Pools)
[+00:27:46.315] VoxelWater: Chunk X=8 Y=-27 Z=1 emitted 140 procedural water vertices (Ocean/Pools)
[+00:27:46.315] VoxelWater: Chunk X=3 Y=-27 Z=1 emitted 12 procedural water vertices (Ocean/Pools)
[+00:27:46.315] VoxelWater: Chunk X=8 Y=-28 Z=1 emitted 32 procedural water vertices (Ocean/Pools)
[+00:27:46.315] VoxelWater: Chunk X=3 Y=-27 Z=2 emitted 176 procedural water vertices (Ocean/Pools)
[+00:27:46.315] VoxelWater: Chunk X=7 Y=-22 Z=1 emitted 44 procedural water vertices (Ocean/Pools)
[+00:27:46.315] VoxelWater: Chunk X=3 Y=-23 Z=2 emitted 88 procedural water vertices (Ocean/Pools)
[+00:27:46.315] VoxelWater: Chunk X=7 Y=-24 Z=3 emitted 48 procedural water vertices (Ocean/Pools)
[+00:27:46.315] VoxelWater: Chunk X=4 Y=-23 Z=3 emitted 4 procedural water vertices (Ocean/Pools)
[+00:27:46.315] VoxelWater: Chunk X=2 Y=-23 Z=1 emitted 16 procedural water vertices (Ocean/Pools)
[+00:27:46.315] VoxelWater: Chunk X=4 Y=-21 Z=1 emitted 28 procedural water vertices (Ocean/Pools)
[+00:27:46.315] VoxelWater: Chunk X=9 Y=-26 Z=1 emitted 64 procedural water vertices (Ocean/Pools)
[+00:27:46.315] VoxelWater: Chunk X=2 Y=-24 Z=3 emitted 56 procedural water vertices (Ocean/Pools)
[+00:27:46.315] VoxelWater: Chunk X=3 Y=-26 Z=3 emitted 20 procedural water vertices (Ocean/Pools)
[+00:27:46.315] VoxelWater: Chunk X=6 Y=-29 Z=1 emitted 60 procedural water vertices (Ocean/Pools)
[+00:27:46.315] VoxelWater: Chunk X=4 Y=-29 Z=1 emitted 36 procedural water vertices (Ocean/Pools)
[+00:27:46.315] VoxelWater: Chunk X=1 Y=-24 Z=1 emitted 48 procedural water vertices (Ocean/Pools)
[+00:27:46.315] VoxelWater: Chunk X=8 Y=-25 Z=3 emitted 20 procedural water vertices (Ocean/Pools)
[+00:27:46.315] VoxelWater: Chunk X=2 Y=-25 Z=3 emitted 52 procedural water vertices (Ocean/Pools)
[+00:27:46.315] VoxelWater: Chunk X=9 Y=-25 Z=2 emitted 224 procedural water vertices (Ocean/Pools)
[+00:27:46.315] VoxelWater: Chunk X=9 Y=-24 Z=2 emitted 124 procedural water vertices (Ocean/Pools)
[+00:27:46.315] VoxelWater: Chunk X=9 Y=-26 Z=2 emitted 56 procedural water vertices (Ocean/Pools)
[+00:27:46.315] VoxelWater: Chunk X=5 Y=-21 Z=2 emitted 72 procedural water vertices (Ocean/Pools)
[+00:27:46.315] VoxelWater: Chunk X=1 Y=-25 Z=2 emitted 4 procedural water vertices (Ocean/Pools)
[+00:27:46.315] VoxelWater: Chunk X=9 Y=-24 Z=1 emitted 20 procedural water vertices (Ocean/Pools)
[+00:27:46.315] VoxelWater: Chunk X=4 Y=-22 Z=3 emitted 104 procedural water vertices (Ocean/Pools)
[+00:27:46.315] VoxelWater: Chunk X=4 Y=-21 Z=2 emitted 136 procedural water vertices (Ocean/Pools)
[+00:27:46.315] VoxelWater: Chunk X=4 Y=-29 Z=2 emitted 32 procedural water vertices (Ocean/Pools)
[+00:27:46.315] VoxelWater: Chunk X=1 Y=-24 Z=2 emitted 56 procedural water vertices (Ocean/Pools)
[+00:27:46.315] VoxelWater: Chunk X=6 Y=-21 Z=2 emitted 120 procedural water vertices (Ocean/Pools)
[+00:27:46.315] VoxelWater: Chunk X=3 Y=-22 Z=3 emitted 72 procedural water vertices (Ocean/Pools)
[+00:27:46.315] VoxelWater: Chunk X=10 Y=-25 Z=1 emitted 12 procedural water vertices (Ocean/Pools)
[+00:27:46.315] VoxelWater: Chunk X=2 Y=-23 Z=3 emitted 12 procedural water vertices (Ocean/Pools)
[+00:27:46.315] VoxelWater: Chunk X=2 Y=-27 Z=3 emitted 40 procedural water vertices (Ocean/Pools)
[+00:27:46.315] VoxelWater: Chunk X=1 Y=-22 Z=1 emitted 36 procedural water vertices (Ocean/Pools)
[+00:27:46.315] VoxelWater: Chunk X=2 Y=-29 Z=1 emitted 44 procedural water vertices (Ocean/Pools)
[+00:27:46.315] VoxelWater: Chunk X=3 Y=-29 Z=1 emitted 4 procedural water vertices (Ocean/Pools)
[+00:27:46.315] VoxelWater: Chunk X=2 Y=-28 Z=1 emitted 4 procedural water vertices (Ocean/Pools)
[+00:27:46.315] VoxelWater: Chunk X=9 Y=-22 Z=1 emitted 36 procedural water vertices (Ocean/Pools)
[+00:27:46.315] VoxelWater: Chunk X=8 Y=-29 Z=1 emitted 24 procedural water vertices (Ocean/Pools)
[+00:27:46.328] VoxelChunk: GenerateAsync (8,-21,1)
[+00:27:46.328] VoxelChunk: GenerateAsync (5,-30,1)
[+00:27:46.328] VoxelChunk: GenerateAsync (1,-28,1)
[+00:27:46.328] VoxelChunk: GenerateAsync (3,-28,3)
[+00:27:46.328] VoxelChunk: GenerateAsync (7,-29,2)
[+00:27:46.328] VoxelChunk: GenerateAsync (9,-27,2)
[+00:27:46.328] VoxelChunk: GenerateAsync (1,-27,2)
[+00:27:46.328] VoxelChunk: GenerateAsync (7,-25,4)
[+00:27:46.328] VoxelChunk: GenerateAsync (5,-20,1)
[+00:27:46.328] VoxelChunk: GenerateAsync (3,-29,2)
[+00:27:46.328] VoxelChunk: GenerateAsync (4,-26,4)
[+00:27:46.328] VoxelChunk: GenerateAsync (10,-24,0)
[+00:27:46.328] VoxelMesh: Chunk X=8 Y=-21 Z=1 FlatVerts=102 SlopeVerts=18
[+00:27:46.328] VoxelMesh: Chunk X=5 Y=-30 Z=1 FlatVerts=156 SlopeVerts=18
[+00:27:46.328] VoxelChunk: GenerateAsync (6,-26,4)
[+00:27:46.329] VoxelChunk: GenerateAsync (4,-20,0)
[+00:27:46.329] VoxelChunk: GenerateAsync (0,-26,0)
[+00:27:46.329] VoxelMesh: Chunk X=1 Y=-28 Z=1 FlatVerts=84 SlopeVerts=18
[+00:27:46.329] VoxelChunk: GenerateAsync (0,-24,0)
[+00:27:46.329] VoxelChunk: GenerateAsync (6,-20,0)
[+00:27:46.329] VoxelChunk: GenerateAsync (10,-26,0)
[+00:27:46.329] VoxelMesh: Chunk X=1 Y=-27 Z=2 FlatVerts=12 SlopeVerts=102
[+00:27:46.329] VoxelChunk: GenerateAsync (2,-22,2)
[+00:27:46.329] VoxelChunk: GenerateAsync (2,-28,2)
[+00:27:46.329] VoxelChunk: GenerateAsync (8,-28,2)
[+00:27:46.329] VoxelMesh: Chunk X=3 Y=-28 Z=3 FlatVerts=0 SlopeVerts=6
[+00:27:46.329] VoxelMesh: Chunk X=5 Y=-20 Z=1 FlatVerts=78 SlopeVerts=36
[+00:27:46.329] VoxelChunk: GenerateAsync (8,-22,2)
[+00:27:46.329] VoxelChunk: GenerateAsync (6,-30,0)
[+00:27:46.329] VoxelMesh: Chunk X=7 Y=-25 Z=4 FlatVerts=60 SlopeVerts=144
[+00:27:46.329] VoxelChunk: GenerateAsync (4,-30,0)
[+00:27:46.329] VoxelChunk: GenerateAsync (4,-24,4)
[+00:27:46.329] VoxelChunk: GenerateAsync (6,-24,4)
[+00:27:46.329] VoxelChunk: GenerateAsync (0,-25,0)
[+00:27:46.329] VoxelChunk: GenerateAsync (10,-25,0)
[+00:27:46.329] VoxelChunk: GenerateAsync (8,-29,0)
[+00:27:46.329] VoxelChunk: GenerateAsync (6,-25,4)
[+00:27:46.329] VoxelChunk: GenerateAsync (1,-28,0)
[+00:27:46.329] VoxelChunk: GenerateAsync (9,-28,0)
[+00:27:46.329] VoxelChunk: GenerateAsync (8,-24,3)
[+00:27:46.329] VoxelChunk: GenerateAsync (2,-29,0)
[+00:27:46.329] VoxelChunk: GenerateAsync (8,-26,3)
[+00:27:46.329] VoxelChunk: GenerateAsync (6,-29,2)
[+00:27:46.329] VoxelMesh: Chunk X=3 Y=-29 Z=2 FlatVerts=84 SlopeVerts=6
[+00:27:46.329] VoxelChunk: GenerateAsync (5,-24,4)
[+00:27:46.329] VoxelChunk: GenerateAsync (4,-25,4)
[+00:27:46.329] VoxelMesh: Chunk X=6 Y=-26 Z=4 FlatVerts=0 SlopeVerts=0
[+00:27:46.329] VoxelMesh: Chunk X=4 Y=-26 Z=4 FlatVerts=0 SlopeVerts=0
[+00:27:46.329] VoxelChunk: GenerateAsync (2,-26,3)
[+00:27:46.329] VoxelChunk: GenerateAsync (4,-29,2)
[+00:27:46.329] VoxelChunk: GenerateAsync (3,-22,3)
[+00:27:46.329] VoxelChunk: GenerateAsync (1,-23,2)
[+00:27:46.329] VoxelChunk: GenerateAsync (3,-25,4)
[+00:27:46.329] VoxelChunk: GenerateAsync (5,-27,4)
[+00:27:46.329] VoxelMesh: Chunk X=6 Y=-30 Z=0 FlatVerts=0 SlopeVerts=0
[+00:27:46.329] VoxelChunk: GenerateAsync (8,-23,3)
[+00:27:46.329] VoxelChunk: GenerateAsync (5,-23,4)
[+00:27:46.329] VoxelChunk: GenerateAsync (10,-25,1)
[+00:27:46.329] VoxelChunk: GenerateAsync (9,-23,2)
[+00:27:46.329] VoxelMesh: Chunk X=2 Y=-28 Z=2 FlatVerts=96 SlopeVerts=132
[+00:27:46.329] VoxelChunk: GenerateAsync (2,-21,1)
[+00:27:46.329] VoxelChunk: GenerateAsync (7,-28,3)
[+00:27:46.329] VoxelChunk: GenerateAsync (2,-23,3)
[+00:27:46.329] VoxelChunk: GenerateAsync (7,-22,3)
[+00:27:46.329] VoxelMesh: Chunk X=9 Y=-27 Z=2 FlatVerts=0 SlopeVerts=0
[+00:27:46.329] VoxelChunk: GenerateAsync (2,-27,3)
[+00:27:46.329] VoxelChunk: GenerateAsync (8,-27,3)
[+00:27:46.329] VoxelChunk: GenerateAsync (1,-22,1)
[+00:27:46.329] VoxelMesh: Chunk X=8 Y=-22 Z=2 FlatVerts=0 SlopeVerts=0
[+00:27:46.330] VoxelMesh: Chunk X=2 Y=-22 Z=2 FlatVerts=132 SlopeVerts=102
[+00:27:46.330] VoxelMesh: Chunk X=8 Y=-29 Z=0 FlatVerts=36 SlopeVerts=0
[+00:27:46.330] VoxelChunk: GenerateAsync (2,-29,1)
[+00:27:46.330] VoxelChunk: GenerateAsync (0,-25,1)
[+00:27:46.330] VoxelChunk: GenerateAsync (9,-22,1)
[+00:27:46.330] VoxelMesh: Chunk X=9 Y=-28 Z=0 FlatVerts=18 SlopeVerts=0
[+00:27:46.330] VoxelMesh: Chunk X=6 Y=-24 Z=4 FlatVerts=0 SlopeVerts=18
[+00:27:46.330] VoxelChunk: GenerateAsync (8,-29,1)
[+00:27:46.330] VoxelChunk: GenerateAsync (7,-21,2)
[+00:27:46.330] VoxelChunk: GenerateAsync (9,-28,1)
[+00:27:46.330] VoxelChunk: GenerateAsync (3,-21,2)
[+00:27:46.330] VoxelChunk: GenerateAsync (10,-23,0)
[+00:27:46.330] VoxelMesh: Chunk X=6 Y=-25 Z=4 FlatVerts=24 SlopeVerts=78
[+00:27:46.330] VoxelMesh: Chunk X=5 Y=-24 Z=4 FlatVerts=0 SlopeVerts=0
[+00:27:46.330] VoxelMesh: Chunk X=8 Y=-26 Z=3 FlatVerts=0 SlopeVerts=0
[+00:27:46.330] VoxelMesh: Chunk X=8 Y=-24 Z=3 FlatVerts=0 SlopeVerts=168
[+00:27:46.330] VoxelMesh: Chunk X=2 Y=-26 Z=3 FlatVerts=24 SlopeVerts=252
[+00:27:46.330] VoxelMesh: Chunk X=6 Y=-29 Z=2 FlatVerts=0 SlopeVerts=0
[+00:27:46.330] VoxelMesh: Chunk X=4 Y=-25 Z=4 FlatVerts=0 SlopeVerts=0
[+00:27:46.330] VoxelMesh: Chunk X=4 Y=-29 Z=2 FlatVerts=90 SlopeVerts=24
[+00:27:46.330] VoxelMesh: Chunk X=1 Y=-23 Z=2 FlatVerts=0 SlopeVerts=0
[+00:27:46.330] VoxelMesh: Chunk X=8 Y=-23 Z=3 FlatVerts=0 SlopeVerts=0
[+00:27:46.330] VoxelMesh: Chunk X=3 Y=-22 Z=3 FlatVerts=6 SlopeVerts=270
[+00:27:46.330] VoxelMesh: Chunk X=3 Y=-25 Z=4 FlatVerts=0 SlopeVerts=30
[+00:27:46.330] VoxelChunk: GenerateAsync (7,-30,0)
[+00:27:46.330] VoxelMesh: Chunk X=9 Y=-23 Z=2 FlatVerts=0 SlopeVerts=24
[+00:27:46.330] VoxelMesh: Chunk X=2 Y=-21 Z=1 FlatVerts=30 SlopeVerts=0
[+00:27:46.330] VoxelMesh: Chunk X=4 Y=-24 Z=4 FlatVerts=0 SlopeVerts=0
[+00:27:46.331] VoxelMesh: Chunk X=1 Y=-22 Z=1 FlatVerts=156 SlopeVerts=0
[+00:27:46.331] VoxelMesh: Chunk X=2 Y=-29 Z=1 FlatVerts=150 SlopeVerts=0
[+00:27:46.331] VoxelMesh: Chunk X=2 Y=-23 Z=3 FlatVerts=0 SlopeVerts=54
[+00:27:46.331] VoxelMesh: Chunk X=2 Y=-27 Z=3 FlatVerts=150 SlopeVerts=126
[+00:27:46.331] VoxelMesh: Chunk X=10 Y=-25 Z=1 FlatVerts=126 SlopeVerts=0
[+00:27:46.331] VoxelMesh: Chunk X=9 Y=-22 Z=1 FlatVerts=120 SlopeVerts=0
[+00:27:46.331] VoxelMesh: Chunk X=0 Y=-25 Z=1 FlatVerts=6 SlopeVerts=60
[+00:27:46.331] VoxelMesh: Chunk X=8 Y=-29 Z=1 FlatVerts=138 SlopeVerts=0
[+00:27:46.331] VoxelMesh: Chunk X=9 Y=-28 Z=1 FlatVerts=132 SlopeVerts=0
[+00:27:46.331] VoxelMesh: Chunk X=7 Y=-21 Z=2 FlatVerts=42 SlopeVerts=48
[+00:27:46.331] VoxelMesh: Chunk X=3 Y=-21 Z=2 FlatVerts=108 SlopeVerts=162
[+00:27:46.331] VoxelMesh: Chunk X=2 Y=-27 Z=-5 FlatVerts=1524 SlopeVerts=570
[+00:27:46.331] VoxelChunk: GenerateAsync (10,-24,1)
[+00:27:46.333] VoxelMesh: Chunk X=10 Y=-24 Z=1 FlatVerts=1524 SlopeVerts=570
[+00:27:46.334] VoxelMesh: Chunk X=8 Y=-27 Z=-5 FlatVerts=0 SlopeVerts=42
[+00:27:46.334] VoxelChunk: GenerateAsync (4,-23,4)
[+00:27:46.335] VoxelChunk: GenerateAsync (3,-20,0)
[+00:27:46.335] VoxelMesh: Chunk X=4 Y=-23 Z=4 FlatVerts=0 SlopeVerts=42
[+00:27:46.354] VoxelMesh: Chunk X=0 Y=0 Z=0 FlatVerts=198 SlopeVerts=32844
[+00:27:46.380] VoxelChunk: GenerateAsync (-1,-3,2)
[+00:27:46.382] VoxelMesh: Chunk X=-1 Y=-3 Z=2 FlatVerts=0 SlopeVerts=3528
[+00:27:46.387] VoxelMesh: Chunk X=8 Y=-23 Z=-5 FlatVerts=324 SlopeVerts=462
[+00:27:46.387] VoxelChunk: GenerateAsync (6,-20,1)
[+00:27:46.388] VoxelMesh: Chunk X=6 Y=-20 Z=1 FlatVerts=324 SlopeVerts=462
[+00:27:46.389] VoxelMesh: Chunk X=4 Y=-22 Z=-5 FlatVerts=0 SlopeVerts=0
[+00:27:46.389] VoxelChunk: GenerateAsync (7,-26,4)
[+00:27:46.389] VoxelChunk: GenerateAsync (3,-30,0)
[+00:27:46.389] VoxelChunk: GenerateAsync (0,-27,0)
[+00:27:46.391] VoxelMesh: Chunk X=7 Y=-26 Z=4 FlatVerts=0 SlopeVerts=0
[+00:27:46.400] VoxelChunk: GenerateAsync (6,-23,4)
[+00:27:46.401] VoxelChunk: GenerateAsync (7,-20,0)
[+00:27:46.401] VoxelMesh: Chunk X=7 Y=-22 Z=-5 FlatVerts=348 SlopeVerts=186
[+00:27:46.401] VoxelChunk: GenerateAsync (0,-24,1)
[+00:27:46.402] VoxelMesh: Chunk X=3 Y=-22 Z=-5 FlatVerts=18 SlopeVerts=774
[+00:27:46.402] VoxelMesh: Chunk X=0 Y=-24 Z=1 FlatVerts=348 SlopeVerts=186
[+00:27:46.402] VoxelChunk: GenerateAsync (3,-24,4)
[+00:27:46.402] VoxelMesh: Chunk X=3 Y=-24 Z=4 FlatVerts=18 SlopeVerts=774
[+00:27:46.410] VoxelChunk: GenerateAsync (4,-27,4)
[+00:27:46.415] VoxelChunk: GenerateAsync (3,-26,4)
[+00:27:46.417] VoxelMesh: Chunk X=3 Y=-26 Z=4 FlatVerts=0 SlopeVerts=6
[+00:27:46.419] VoxelMesh: Chunk X=0 Y=0 Z=0 FlatVerts=3612 SlopeVerts=1476
[+00:27:46.420] VoxelChunk: GenerateAsync (0,-23,0)
[+00:27:46.425] VoxelMesh: Chunk X=0 Y=0 Z=0 FlatVerts=12 SlopeVerts=1098
[+00:27:46.426] VoxelChunk: GenerateAsync (7,-24,4)
[+00:27:46.428] VoxelMesh: Chunk X=7 Y=-24 Z=4 FlatVerts=306 SlopeVerts=1320
[+00:27:46.440] VoxelMesh: Chunk X=0 Y=0 Z=0 FlatVerts=246 SlopeVerts=8916
[+00:27:46.441] VoxelChunk: GenerateAsync (10,-26,1)
[+00:27:46.443] VoxelMesh: Chunk X=10 Y=-26 Z=1 FlatVerts=1368 SlopeVerts=1506
[+00:27:46.445] VoxelMesh: Chunk X=0 Y=0 Z=0 FlatVerts=1950 SlopeVerts=21774
[+00:27:46.447] VoxelChunk: GenerateAsync (4,-20,1)
[+00:27:46.447] VoxelMesh: Chunk X=4 Y=-20 Z=1 FlatVerts=2286 SlopeVerts=1056
[+00:27:46.452] VoxelChunk: GenerateAsync (6,-27,4)
[+00:27:46.456] VoxelMesh: Chunk X=0 Y=0 Z=0 FlatVerts=318 SlopeVerts=6420
[+00:27:46.456] VoxelChunk: GenerateAsync (6,-30,1)
[+00:27:46.458] VoxelMesh: Chunk X=6 Y=-30 Z=1 FlatVerts=2070 SlopeVerts=1194
[+00:27:46.472] VoxelMesh: Chunk X=0 Y=0 Z=0 FlatVerts=3180 SlopeVerts=1362
[+00:27:46.477] VoxelChunk: GenerateAsync (3,2,2)
[+00:27:46.478] VoxelMesh: Chunk X=3 Y=2 Z=2 FlatVerts=0 SlopeVerts=18
[+00:27:46.485] VoxelMesh: Chunk X=0 Y=0 Z=0 FlatVerts=7656 SlopeVerts=4338
[+00:27:46.488] VoxelChunk: GenerateAsync (0,-26,1)
[+00:27:46.489] VoxelMesh: Chunk X=0 Y=-26 Z=1 FlatVerts=0 SlopeVerts=0
[+00:27:46.492] VoxelMesh: Chunk X=0 Y=0 Z=0 FlatVerts=1458 SlopeVerts=2664
[+00:27:46.493] VoxelChunk: GenerateAsync (10,-27,0)
[+00:27:46.498] VoxelMesh: Chunk X=0 Y=0 Z=0 FlatVerts=4980 SlopeVerts=8796
[+00:27:46.499] VoxelChunk: GenerateAsync (4,-30,1)
[+00:27:46.500] VoxelMesh: Chunk X=4 Y=-30 Z=1 FlatVerts=540 SlopeVerts=1266
[+00:27:46.504] VoxelChunk: GenerateAsync (5,-21,3)
[+00:27:46.533] VoxelWater: Chunk X=3 Y=-25 Z=2 emitted 44 procedural water vertices (Ocean/Pools)
[+00:27:46.533] VoxelWater: Chunk X=3 Y=-25 Z=3 emitted 4 procedural water vertices (Ocean/Pools)
[+00:27:46.533] VoxelWater: Chunk X=4 Y=-23 Z=1 emitted 12 procedural water vertices (Ocean/Pools)
[+00:27:46.533] VoxelWater: Chunk X=7 Y=-24 Z=1 emitted 4 procedural water vertices (Ocean/Pools)
[+00:27:46.533] VoxelWater: Chunk X=8 Y=-24 Z=1 emitted 16 procedural water vertices (Ocean/Pools)
[+00:27:46.533] VoxelWater: Chunk X=4 Y=-27 Z=1 emitted 104 procedural water vertices (Ocean/Pools)
[+00:27:46.533] VoxelWater: Chunk X=4 Y=-26 Z=1 emitted 448 procedural water vertices (Ocean/Pools)
[+00:27:46.533] VoxelWater: Chunk X=6 Y=-27 Z=1 emitted 252 procedural water vertices (Ocean/Pools)
[+00:27:46.533] VoxelWater: Chunk X=6 Y=-28 Z=1 emitted 24 procedural water vertices (Ocean/Pools)
[+00:27:46.533] VoxelWater: Chunk X=7 Y=-27 Z=1 emitted 288 procedural water vertices (Ocean/Pools)
[+00:27:46.533] VoxelWater: Chunk X=3 Y=-26 Z=1 emitted 56 procedural water vertices (Ocean/Pools)
[+00:27:46.533] VoxelWater: Chunk X=7 Y=-26 Z=0 emitted 8 procedural water vertices (Ocean/Pools)
[+00:27:46.533] VoxelWater: Chunk X=7 Y=-26 Z=1 emitted 196 procedural water vertices (Ocean/Pools)
[+00:27:46.533] VoxelWater: Chunk X=8 Y=-26 Z=1 emitted 40 procedural water vertices (Ocean/Pools)
[+00:27:46.533] VoxelWater: Chunk X=6 Y=-23 Z=1 emitted 12 procedural water vertices (Ocean/Pools)
[+00:27:46.533] VoxelWater: Chunk X=5 Y=-23 Z=1 emitted 124 procedural water vertices (Ocean/Pools)
[+00:27:46.533] VoxelWater: Chunk X=9 Y=-25 Z=1 emitted 32 procedural water vertices (Ocean/Pools)
[+00:27:46.533] VoxelWater: Chunk X=5 Y=-29 Z=1 emitted 4 procedural water vertices (Ocean/Pools)
[+00:27:46.533] VoxelWater: Chunk X=7 Y=-25 Z=1 emitted 12 procedural water vertices (Ocean/Pools)
[+00:27:46.533] VoxelWater: Chunk X=8 Y=-25 Z=1 emitted 16 procedural water vertices (Ocean/Pools)
[+00:27:46.533] VoxelWater: Chunk X=5 Y=-27 Z=1 emitted 104 procedural water vertices (Ocean/Pools)
[+00:27:46.534] VoxelWater: Chunk X=5 Y=-28 Z=1 emitted 40 procedural water vertices (Ocean/Pools)
[+00:27:46.534] VoxelWater: Chunk X=5 Y=-21 Z=1 emitted 16 procedural water vertices (Ocean/Pools)
[+00:27:46.534] VoxelWater: Chunk X=4 Y=-23 Z=2 emitted 20 procedural water vertices (Ocean/Pools)
[+00:27:46.534] VoxelWater: Chunk X=6 Y=-24 Z=1 emitted 128 procedural water vertices (Ocean/Pools)
[+00:27:46.534] VoxelWater: Chunk X=3 Y=-24 Z=2 emitted 8 procedural water vertices (Ocean/Pools)
[+00:27:46.534] VoxelWater: Chunk X=4 Y=-26 Z=2 emitted 8 procedural water vertices (Ocean/Pools)
[+00:27:46.534] VoxelWater: Chunk X=4 Y=-25 Z=2 emitted 360 procedural water vertices (Ocean/Pools)
[+00:27:46.534] VoxelWater: Chunk X=4 Y=-25 Z=3 emitted 136 procedural water vertices (Ocean/Pools)
[+00:27:46.534] VoxelWater: Chunk X=4 Y=-25 Z=1 emitted 312 procedural water vertices (Ocean/Pools)
[+00:27:46.534] VoxelWater: Chunk X=5 Y=-25 Z=2 emitted 448 procedural water vertices (Ocean/Pools)
[+00:27:46.534] VoxelWater: Chunk X=4 Y=-24 Z=2 emitted 392 procedural water vertices (Ocean/Pools)
[+00:27:46.534] VoxelWater: Chunk X=4 Y=-24 Z=3 emitted 80 procedural water vertices (Ocean/Pools)
[+00:27:46.534] VoxelWater: Chunk X=3 Y=-24 Z=3 emitted 68 procedural water vertices (Ocean/Pools)
[+00:27:46.534] VoxelWater: Chunk X=4 Y=-24 Z=1 emitted 172 procedural water vertices (Ocean/Pools)
[+00:27:46.534] VoxelWater: Chunk X=5 Y=-24 Z=2 emitted 124 procedural water vertices (Ocean/Pools)
[+00:27:46.535] VoxelWater: Chunk X=5 Y=-26 Z=1 emitted 460 procedural water vertices (Ocean/Pools)
[+00:27:46.535] VoxelWater: Chunk X=5 Y=-26 Z=2 emitted 8 procedural water vertices (Ocean/Pools)
[+00:27:46.535] VoxelWater: Chunk X=3 Y=-29 Z=1 emitted 4 procedural water vertices (Ocean/Pools)
[+00:27:46.535] VoxelWater: Chunk X=5 Y=-25 Z=3 emitted 132 procedural water vertices (Ocean/Pools)
[+00:27:46.535] VoxelWater: Chunk X=6 Y=-25 Z=3 emitted 212 procedural water vertices (Ocean/Pools)
[+00:27:46.535] VoxelWater: Chunk X=5 Y=-25 Z=1 emitted 172 procedural water vertices (Ocean/Pools)
[+00:27:46.535] VoxelWater: Chunk X=6 Y=-25 Z=2 emitted 184 procedural water vertices (Ocean/Pools)
[+00:27:46.535] VoxelWater: Chunk X=5 Y=-24 Z=3 emitted 20 procedural water vertices (Ocean/Pools)
[+00:27:46.535] VoxelWater: Chunk X=6 Y=-24 Z=3 emitted 104 procedural water vertices (Ocean/Pools)
[+00:27:46.535] VoxelWater: Chunk X=5 Y=-24 Z=1 emitted 144 procedural water vertices (Ocean/Pools)
[+00:27:46.535] VoxelWater: Chunk X=6 Y=-26 Z=2 emitted 56 procedural water vertices (Ocean/Pools)
[+00:27:46.535] VoxelWater: Chunk X=6 Y=-26 Z=3 emitted 20 procedural water vertices (Ocean/Pools)
[+00:27:46.535] VoxelWater: Chunk X=6 Y=-26 Z=1 emitted 120 procedural water vertices (Ocean/Pools)
[+00:27:46.535] VoxelWater: Chunk X=6 Y=-25 Z=1 emitted 28 procedural water vertices (Ocean/Pools)
[+00:27:46.535] VoxelWater: Chunk X=7 Y=-25 Z=2 emitted 8 procedural water vertices (Ocean/Pools)
[+00:27:46.535] VoxelWater: Chunk X=6 Y=-24 Z=2 emitted 176 procedural water vertices (Ocean/Pools)
[+00:27:46.535] VoxelWater: Chunk X=8 Y=-26 Z=2 emitted 12 procedural water vertices (Ocean/Pools)
[+00:27:46.535] VoxelWater: Chunk X=6 Y=-26 Z=0 emitted 4 procedural water vertices (Ocean/Pools)
[+00:27:46.535] VoxelWater: Chunk X=8 Y=-27 Z=0 emitted 8 procedural water vertices (Ocean/Pools)
[+00:27:46.535] VoxelWater: Chunk X=7 Y=-24 Z=2 emitted 12 procedural water vertices (Ocean/Pools)
[+00:27:46.535] VoxelWater: Chunk X=4 Y=-26 Z=0 emitted 4 procedural water vertices (Ocean/Pools)
[+00:27:46.535] VoxelWater: Chunk X=6 Y=-27 Z=2 emitted 12 procedural water vertices (Ocean/Pools)
[+00:27:46.535] VoxelWater: Chunk X=3 Y=-23 Z=3 emitted 4 procedural water vertices (Ocean/Pools)
[+00:27:46.535] VoxelWater: Chunk X=9 Y=-27 Z=1 emitted 40 procedural water vertices (Ocean/Pools)
[+00:27:46.535] VoxelWater: Chunk X=4 Y=-27 Z=2 emitted 24 procedural water vertices (Ocean/Pools)
[+00:27:46.535] VoxelWater: Chunk X=6 Y=-22 Z=1 emitted 8 procedural water vertices (Ocean/Pools)
[+00:27:46.535] VoxelWater: Chunk X=5 Y=-26 Z=0 emitted 12 procedural water vertices (Ocean/Pools)
[+00:27:46.535] VoxelWater: Chunk X=2 Y=-24 Z=1 emitted 4 procedural water vertices (Ocean/Pools)
[+00:27:46.535] VoxelWater: Chunk X=4 Y=-29 Z=2 emitted 32 procedural water vertices (Ocean/Pools)
[+00:27:46.535] VoxelWater: Chunk X=3 Y=-29 Z=2 emitted 4 procedural water vertices (Ocean/Pools)
[+00:27:46.535] VoxelWater: Chunk X=7 Y=-26 Z=2 emitted 4 procedural water vertices (Ocean/Pools)
[+00:27:46.535] VoxelWater: Chunk X=4 Y=-22 Z=2 emitted 32 procedural water vertices (Ocean/Pools)
[+00:27:46.535] VoxelWater: Chunk X=3 Y=-28 Z=2 emitted 4 procedural water vertices (Ocean/Pools)
[+00:27:46.535] VoxelWater: Chunk X=5 Y=-22 Z=1 emitted 24 procedural water vertices (Ocean/Pools)
[+00:27:46.535] VoxelWater: Chunk X=8 Y=-25 Z=2 emitted 76 procedural water vertices (Ocean/Pools)
[+00:27:46.535] VoxelWater: Chunk X=5 Y=-22 Z=2 emitted 104 procedural water vertices (Ocean/Pools)
[+00:27:46.535] VoxelWater: Chunk X=6 Y=-22 Z=2 emitted 4 procedural water vertices (Ocean/Pools)
[+00:27:46.535] VoxelWater: Chunk X=5 Y=-27 Z=2 emitted 52 procedural water vertices (Ocean/Pools)
[+00:27:46.535] VoxelWater: Chunk X=5 Y=-28 Z=2 emitted 44 procedural water vertices (Ocean/Pools)
[+00:27:46.535] VoxelWater: Chunk X=2 Y=-22 Z=2 emitted 24 procedural water vertices (Ocean/Pools)
[+00:27:46.535] VoxelWater: Chunk X=2 Y=-23 Z=2 emitted 8 procedural water vertices (Ocean/Pools)
[+00:27:46.535] VoxelWater: Chunk X=5 Y=-23 Z=2 emitted 16 procedural water vertices (Ocean/Pools)
[+00:27:46.535] VoxelWater: Chunk X=3 Y=-22 Z=2 emitted 96 procedural water vertices (Ocean/Pools)
[+00:27:46.535] VoxelWater: Chunk X=3 Y=-23 Z=1 emitted 16 procedural water vertices (Ocean/Pools)
[+00:27:46.535] VoxelWater: Chunk X=8 Y=-27 Z=1 emitted 152 procedural water vertices (Ocean/Pools)
[+00:27:46.535] VoxelWater: Chunk X=3 Y=-27 Z=1 emitted 20 procedural water vertices (Ocean/Pools)
[+00:27:46.535] VoxelWater: Chunk X=2 Y=-28 Z=1 emitted 4 procedural water vertices (Ocean/Pools)
[+00:27:46.535] VoxelWater: Chunk X=8 Y=-28 Z=1 emitted 32 procedural water vertices (Ocean/Pools)
[+00:27:46.535] VoxelWater: Chunk X=9 Y=-28 Z=1 emitted 28 procedural water vertices (Ocean/Pools)
[+00:27:46.535] VoxelWater: Chunk X=2 Y=-23 Z=1 emitted 24 procedural water vertices (Ocean/Pools)
[+00:27:46.535] VoxelWater: Chunk X=3 Y=-27 Z=2 emitted 188 procedural water vertices (Ocean/Pools)
[+00:27:46.535] VoxelWater: Chunk X=3 Y=-26 Z=2 emitted 4 procedural water vertices (Ocean/Pools)
[+00:27:46.536] VoxelWater: Chunk X=7 Y=-22 Z=1 emitted 44 procedural water vertices (Ocean/Pools)
[+00:27:46.536] VoxelWater: Chunk X=3 Y=-23 Z=2 emitted 88 procedural water vertices (Ocean/Pools)
[+00:27:46.536] VoxelWater: Chunk X=7 Y=-24 Z=3 emitted 48 procedural water vertices (Ocean/Pools)
[+00:27:46.536] VoxelWater: Chunk X=4 Y=-23 Z=3 emitted 4 procedural water vertices (Ocean/Pools)
[+00:27:46.536] VoxelWater: Chunk X=9 Y=-27 Z=0 emitted 4 procedural water vertices (Ocean/Pools)
[+00:27:46.536] VoxelWater: Chunk X=4 Y=-21 Z=1 emitted 32 procedural water vertices (Ocean/Pools)
[+00:27:46.536] VoxelWater: Chunk X=9 Y=-26 Z=1 emitted 76 procedural water vertices (Ocean/Pools)
[+00:27:46.536] VoxelWater: Chunk X=9 Y=-24 Z=1 emitted 28 procedural water vertices (Ocean/Pools)
[+00:27:46.536] VoxelWater: Chunk X=2 Y=-24 Z=3 emitted 60 procedural water vertices (Ocean/Pools)
[+00:27:46.536] VoxelWater: Chunk X=3 Y=-26 Z=3 emitted 20 procedural water vertices (Ocean/Pools)
[+00:27:46.536] VoxelWater: Chunk X=6 Y=-29 Z=1 emitted 72 procedural water vertices (Ocean/Pools)
[+00:27:46.536] VoxelWater: Chunk X=4 Y=-29 Z=1 emitted 40 procedural water vertices (Ocean/Pools)
[+00:27:46.536] VoxelWater: Chunk X=1 Y=-24 Z=1 emitted 52 procedural water vertices (Ocean/Pools)
[+00:27:46.536] VoxelWater: Chunk X=0 Y=-24 Z=1 emitted 4 procedural water vertices (Ocean/Pools)
[+00:27:46.536] VoxelWater: Chunk X=8 Y=-25 Z=3 emitted 20 procedural water vertices (Ocean/Pools)
[+00:27:46.536] VoxelWater: Chunk X=2 Y=-25 Z=3 emitted 52 procedural water vertices (Ocean/Pools)
[+00:27:46.536] VoxelWater: Chunk X=9 Y=-25 Z=2 emitted 248 procedural water vertices (Ocean/Pools)
[+00:27:46.536] VoxelWater: Chunk X=9 Y=-24 Z=2 emitted 124 procedural water vertices (Ocean/Pools)
[+00:27:46.537] VoxelWater: Chunk X=9 Y=-26 Z=2 emitted 56 procedural water vertices (Ocean/Pools)
[+00:27:46.537] VoxelWater: Chunk X=5 Y=-21 Z=2 emitted 72 procedural water vertices (Ocean/Pools)
[+00:27:46.537] VoxelWater: Chunk X=1 Y=-25 Z=2 emitted 4 procedural water vertices (Ocean/Pools)
[+00:27:46.537] VoxelWater: Chunk X=4 Y=-22 Z=3 emitted 104 procedural water vertices (Ocean/Pools)
[+00:27:46.537] VoxelWater: Chunk X=4 Y=-21 Z=2 emitted 148 procedural water vertices (Ocean/Pools)
[+00:27:46.537] VoxelWater: Chunk X=1 Y=-24 Z=2 emitted 56 procedural water vertices (Ocean/Pools)
[+00:27:46.537] VoxelWater: Chunk X=6 Y=-21 Z=1 emitted 8 procedural water vertices (Ocean/Pools)
[+00:27:46.537] VoxelWater: Chunk X=6 Y=-21 Z=2 emitted 120 procedural water vertices (Ocean/Pools)
[+00:27:46.537] VoxelWater: Chunk X=3 Y=-22 Z=3 emitted 88 procedural water vertices (Ocean/Pools)
[+00:27:46.537] VoxelWater: Chunk X=10 Y=-24 Z=1 emitted 20 procedural water vertices (Ocean/Pools)
[+00:27:46.537] VoxelWater: Chunk X=10 Y=-25 Z=1 emitted 28 procedural water vertices (Ocean/Pools)
[+00:27:46.537] VoxelWater: Chunk X=2 Y=-23 Z=3 emitted 20 procedural water vertices (Ocean/Pools)
[+00:27:46.537] VoxelWater: Chunk X=2 Y=-27 Z=3 emitted 76 procedural water vertices (Ocean/Pools)
[+00:27:46.537] VoxelWater: Chunk X=1 Y=-22 Z=1 emitted 64 procedural water vertices (Ocean/Pools)
[+00:27:46.537] VoxelWater: Chunk X=2 Y=-29 Z=1 emitted 76 procedural water vertices (Ocean/Pools)
[+00:27:46.537] VoxelWater: Chunk X=9 Y=-22 Z=1 emitted 76 procedural water vertices (Ocean/Pools)
[+00:27:46.537] VoxelWater: Chunk X=8 Y=-29 Z=1 emitted 44 procedural water vertices (Ocean/Pools)
[+00:27:46.537] VoxelWater: Chunk X=7 Y=-21 Z=2 emitted 16 procedural water vertices (Ocean/Pools)
[+00:27:46.537] VoxelWater: Chunk X=3 Y=-21 Z=2 emitted 144 procedural water vertices (Ocean/Pools)
[+00:27:46.537] VoxelWater: Chunk X=7 Y=-24 Z=4 emitted 12 procedural water vertices (Ocean/Pools)
[+00:27:46.537] VoxelWater: Chunk X=10 Y=-26 Z=1 emitted 56 procedural water vertices (Ocean/Pools)
[+00:27:46.537] VoxelWater: Chunk X=4 Y=-20 Z=1 emitted 44 procedural water vertices (Ocean/Pools)
[+00:27:46.537] VoxelWater: Chunk X=6 Y=-30 Z=1 emitted 56 procedural water vertices (Ocean/Pools)
[+00:27:46.557] VoxelMesh: Chunk X=0 Y=0 Z=0 FlatVerts=90 SlopeVerts=4446
[+00:27:46.559] VoxelChunk: GenerateAsync (1,-25,3)
[+00:27:46.561] VoxelMesh: Chunk X=1 Y=-25 Z=3 FlatVerts=1092 SlopeVerts=1824
[+00:27:46.566] VoxelMesh: Chunk X=0 Y=0 Z=0 FlatVerts=318 SlopeVerts=19404
[+00:27:46.567] VoxelChunk: GenerateAsync (9,-25,3)
[+00:27:46.572] VoxelMesh: Chunk X=0 Y=0 Z=0 FlatVerts=4044 SlopeVerts=5850
[+00:27:46.573] VoxelChunk: GenerateAsync (5,-29,3)
[+00:27:46.582] VoxelMesh: Chunk X=0 Y=0 Z=0 FlatVerts=0 SlopeVerts=0
[+00:27:46.582] VoxelChunk: GenerateAsync (1,-26,3)
[+00:27:46.583] VoxelMesh: Chunk X=1 Y=-26 Z=3 FlatVerts=54 SlopeVerts=738
[+00:27:46.596] VoxelMesh: Chunk X=0 Y=0 Z=0 FlatVerts=54 SlopeVerts=7170
[+00:27:46.601] VoxelChunk: GenerateAsync (-3,3,2)
[+00:27:46.602] VoxelMesh: Chunk X=-3 Y=3 Z=2 FlatVerts=6 SlopeVerts=1428
[+00:27:46.610] VoxelMesh: Chunk X=0 Y=0 Z=0 FlatVerts=222 SlopeVerts=17508
[+00:27:46.613] VoxelChunk: GenerateAsync (1,-24,3)
[+00:27:46.615] VoxelMesh: Chunk X=1 Y=-24 Z=3 FlatVerts=0 SlopeVerts=468
[+00:27:46.620] VoxelMesh: Chunk X=0 Y=0 Z=0 FlatVerts=54 SlopeVerts=2778
[+00:27:46.620] VoxelChunk: GenerateAsync (9,-24,3)
[+00:27:46.622] VoxelMesh: Chunk X=9 Y=-24 Z=3 FlatVerts=0 SlopeVerts=0
[+00:27:46.626] VoxelChunk: GenerateAsync (6,-21,3)
[+00:27:46.631] VoxelMesh: Chunk X=0 Y=0 Z=0 FlatVerts=1740 SlopeVerts=6354
[+00:27:46.632] VoxelChunk: GenerateAsync (6,-29,3)
[+00:27:46.652] VoxelMesh: Chunk X=0 Y=0 Z=0 FlatVerts=366 SlopeVerts=36960
[+00:27:46.655] VoxelChunk: GenerateAsync (9,-26,3)
[+00:27:46.660] VoxelChunk: GenerateAsync (3,-27,4)
[+00:27:46.666] VoxelMesh: Chunk X=0 Y=0 Z=0 FlatVerts=3228 SlopeVerts=6600
[+00:27:46.667] VoxelChunk: GenerateAsync (4,-29,3)
[+00:27:46.671] VoxelMesh: Chunk X=0 Y=0 Z=0 FlatVerts=7182 SlopeVerts=0
[+00:27:46.672] VoxelChunk: GenerateAsync (9,-21,0)
[+00:27:46.689] VoxelChunk: GenerateAsync (7,-23,4)
[+00:27:46.695] VoxelMesh: Chunk X=0 Y=0 Z=0 FlatVerts=12 SlopeVerts=192
[+00:27:46.695] VoxelChunk: GenerateAsync (3,-23,4)
[+00:27:46.697] VoxelMesh: Chunk X=3 Y=-23 Z=4 FlatVerts=0 SlopeVerts=876
[+00:27:46.700] VoxelMesh: Chunk X=0 Y=0 Z=0 FlatVerts=678 SlopeVerts=1530
[+00:27:46.701] VoxelChunk: GenerateAsync (1,-21,0)
[+00:27:46.705] VoxelMesh: Chunk X=0 Y=0 Z=0 FlatVerts=5994 SlopeVerts=11676
[+00:27:46.707] VoxelChunk: GenerateAsync (3,-30,1)
[+00:27:46.707] VoxelMesh: Chunk X=3 Y=-30 Z=1 FlatVerts=1206 SlopeVerts=1044
[+00:27:46.740] VoxelWater: Chunk X=3 Y=-25 Z=2 emitted 44 procedural water vertices (Ocean/Pools)
[+00:27:46.741] VoxelWater: Chunk X=3 Y=-25 Z=3 emitted 4 procedural water vertices (Ocean/Pools)
[+00:27:46.741] VoxelWater: Chunk X=4 Y=-23 Z=1 emitted 12 procedural water vertices (Ocean/Pools)
[+00:27:46.741] VoxelWater: Chunk X=7 Y=-24 Z=1 emitted 4 procedural water vertices (Ocean/Pools)
[+00:27:46.741] VoxelWater: Chunk X=8 Y=-24 Z=1 emitted 20 procedural water vertices (Ocean/Pools)
[+00:27:46.741] VoxelWater: Chunk X=4 Y=-27 Z=1 emitted 120 procedural water vertices (Ocean/Pools)
[+00:27:46.741] VoxelWater: Chunk X=4 Y=-26 Z=1 emitted 472 procedural water vertices (Ocean/Pools)
[+00:27:46.741] VoxelWater: Chunk X=6 Y=-27 Z=1 emitted 272 procedural water vertices (Ocean/Pools)
[+00:27:46.741] VoxelWater: Chunk X=6 Y=-28 Z=1 emitted 28 procedural water vertices (Ocean/Pools)
[+00:27:46.741] VoxelWater: Chunk X=7 Y=-27 Z=1 emitted 340 procedural water vertices (Ocean/Pools)
[+00:27:46.741] VoxelWater: Chunk X=3 Y=-26 Z=1 emitted 68 procedural water vertices (Ocean/Pools)
[+00:27:46.741] VoxelWater: Chunk X=7 Y=-26 Z=0 emitted 8 procedural water vertices (Ocean/Pools)
[+00:27:46.741] VoxelWater: Chunk X=7 Y=-26 Z=1 emitted 212 procedural water vertices (Ocean/Pools)
[+00:27:46.741] VoxelWater: Chunk X=8 Y=-26 Z=1 emitted 48 procedural water vertices (Ocean/Pools)
[+00:27:46.741] VoxelWater: Chunk X=6 Y=-23 Z=1 emitted 12 procedural water vertices (Ocean/Pools)
[+00:27:46.741] VoxelWater: Chunk X=5 Y=-23 Z=1 emitted 148 procedural water vertices (Ocean/Pools)
[+00:27:46.741] VoxelWater: Chunk X=9 Y=-26 Z=1 emitted 92 procedural water vertices (Ocean/Pools)
[+00:27:46.741] VoxelWater: Chunk X=9 Y=-25 Z=1 emitted 52 procedural water vertices (Ocean/Pools)
[+00:27:46.741] VoxelWater: Chunk X=5 Y=-29 Z=1 emitted 4 procedural water vertices (Ocean/Pools)
[+00:27:46.741] VoxelWater: Chunk X=7 Y=-25 Z=1 emitted 12 procedural water vertices (Ocean/Pools)
[+00:27:46.741] VoxelWater: Chunk X=8 Y=-25 Z=1 emitted 16 procedural water vertices (Ocean/Pools)
[+00:27:46.741] VoxelWater: Chunk X=5 Y=-27 Z=1 emitted 116 procedural water vertices (Ocean/Pools)
[+00:27:46.741] VoxelWater: Chunk X=5 Y=-28 Z=1 emitted 48 procedural water vertices (Ocean/Pools)
[+00:27:46.741] VoxelWater: Chunk X=5 Y=-21 Z=1 emitted 20 procedural water vertices (Ocean/Pools)
[+00:27:46.741] VoxelWater: Chunk X=4 Y=-23 Z=2 emitted 24 procedural water vertices (Ocean/Pools)
[+00:27:46.741] VoxelWater: Chunk X=6 Y=-24 Z=1 emitted 136 procedural water vertices (Ocean/Pools)
[+00:27:46.741] VoxelWater: Chunk X=3 Y=-24 Z=2 emitted 12 procedural water vertices (Ocean/Pools)
[+00:27:46.741] VoxelWater: Chunk X=4 Y=-26 Z=2 emitted 8 procedural water vertices (Ocean/Pools)
[+00:27:46.741] VoxelWater: Chunk X=4 Y=-25 Z=2 emitted 356 procedural water vertices (Ocean/Pools)
[+00:27:46.741] VoxelWater: Chunk X=4 Y=-25 Z=3 emitted 136 procedural water vertices (Ocean/Pools)
[+00:27:46.741] VoxelWater: Chunk X=4 Y=-25 Z=1 emitted 344 procedural water vertices (Ocean/Pools)
[+00:27:46.741] VoxelWater: Chunk X=5 Y=-25 Z=2 emitted 448 procedural water vertices (Ocean/Pools)
[+00:27:46.741] VoxelWater: Chunk X=4 Y=-24 Z=2 emitted 380 procedural water vertices (Ocean/Pools)
[+00:27:46.741] VoxelWater: Chunk X=4 Y=-24 Z=3 emitted 80 procedural water vertices (Ocean/Pools)
[+00:27:46.741] VoxelWater: Chunk X=3 Y=-24 Z=3 emitted 72 procedural water vertices (Ocean/Pools)
[+00:27:46.741] VoxelWater: Chunk X=4 Y=-24 Z=1 emitted 188 procedural water vertices (Ocean/Pools)
[+00:27:46.741] VoxelWater: Chunk X=5 Y=-24 Z=2 emitted 124 procedural water vertices (Ocean/Pools)
[+00:27:46.741] VoxelWater: Chunk X=5 Y=-26 Z=1 emitted 484 procedural water vertices (Ocean/Pools)
[+00:27:46.741] VoxelWater: Chunk X=5 Y=-26 Z=2 emitted 8 procedural water vertices (Ocean/Pools)
[+00:27:46.741] VoxelWater: Chunk X=3 Y=-29 Z=1 emitted 4 procedural water vertices (Ocean/Pools)
[+00:27:46.741] VoxelWater: Chunk X=5 Y=-25 Z=3 emitted 132 procedural water vertices (Ocean/Pools)
[+00:27:46.741] VoxelWater: Chunk X=6 Y=-25 Z=3 emitted 212 procedural water vertices (Ocean/Pools)
[+00:27:46.741] VoxelWater: Chunk X=5 Y=-25 Z=1 emitted 180 procedural water vertices (Ocean/Pools)
[+00:27:46.741] VoxelWater: Chunk X=6 Y=-25 Z=2 emitted 184 procedural water vertices (Ocean/Pools)
[+00:27:46.741] VoxelWater: Chunk X=5 Y=-24 Z=3 emitted 20 procedural water vertices (Ocean/Pools)
[+00:27:46.741] VoxelWater: Chunk X=6 Y=-24 Z=3 emitted 104 procedural water vertices (Ocean/Pools)
[+00:27:46.742] VoxelWater: Chunk X=5 Y=-24 Z=1 emitted 156 procedural water vertices (Ocean/Pools)
[+00:27:46.742] VoxelWater: Chunk X=6 Y=-22 Z=2 emitted 4 procedural water vertices (Ocean/Pools)
[+00:27:46.742] VoxelWater: Chunk X=6 Y=-26 Z=2 emitted 56 procedural water vertices (Ocean/Pools)
[+00:27:46.742] VoxelWater: Chunk X=6 Y=-26 Z=3 emitted 20 procedural water vertices (Ocean/Pools)
[+00:27:46.742] VoxelWater: Chunk X=6 Y=-26 Z=1 emitted 116 procedural water vertices (Ocean/Pools)
[+00:27:46.742] VoxelWater: Chunk X=6 Y=-25 Z=1 emitted 32 procedural water vertices (Ocean/Pools)
[+00:27:46.742] VoxelWater: Chunk X=7 Y=-25 Z=2 emitted 12 procedural water vertices (Ocean/Pools)
[+00:27:46.742] VoxelWater: Chunk X=6 Y=-24 Z=2 emitted 188 procedural water vertices (Ocean/Pools)
[+00:27:46.742] VoxelWater: Chunk X=8 Y=-26 Z=2 emitted 12 procedural water vertices (Ocean/Pools)
[+00:27:46.742] VoxelWater: Chunk X=6 Y=-26 Z=0 emitted 4 procedural water vertices (Ocean/Pools)
[+00:27:46.742] VoxelWater: Chunk X=8 Y=-27 Z=0 emitted 8 procedural water vertices (Ocean/Pools)
[+00:27:46.742] VoxelWater: Chunk X=7 Y=-24 Z=2 emitted 12 procedural water vertices (Ocean/Pools)
[+00:27:46.742] VoxelWater: Chunk X=4 Y=-26 Z=0 emitted 4 procedural water vertices (Ocean/Pools)
[+00:27:46.742] VoxelWater: Chunk X=6 Y=-27 Z=2 emitted 12 procedural water vertices (Ocean/Pools)
[+00:27:46.742] VoxelWater: Chunk X=3 Y=-23 Z=3 emitted 4 procedural water vertices (Ocean/Pools)
[+00:27:46.742] VoxelWater: Chunk X=3 Y=-26 Z=2 emitted 8 procedural water vertices (Ocean/Pools)
[+00:27:46.742] VoxelWater: Chunk X=9 Y=-27 Z=1 emitted 48 procedural water vertices (Ocean/Pools)
[+00:27:46.743] VoxelWater: Chunk X=4 Y=-27 Z=2 emitted 24 procedural water vertices (Ocean/Pools)
[+00:27:46.743] VoxelWater: Chunk X=6 Y=-22 Z=1 emitted 12 procedural water vertices (Ocean/Pools)
[+00:27:46.743] VoxelWater: Chunk X=5 Y=-26 Z=0 emitted 12 procedural water vertices (Ocean/Pools)
[+00:27:46.743] VoxelWater: Chunk X=0 Y=-24 Z=1 emitted 4 procedural water vertices (Ocean/Pools)
[+00:27:46.743] VoxelWater: Chunk X=2 Y=-24 Z=1 emitted 4 procedural water vertices (Ocean/Pools)
[+00:27:46.743] VoxelWater: Chunk X=3 Y=-29 Z=2 emitted 8 procedural water vertices (Ocean/Pools)
[+00:27:46.743] VoxelWater: Chunk X=7 Y=-26 Z=2 emitted 4 procedural water vertices (Ocean/Pools)
[+00:27:46.743] VoxelWater: Chunk X=4 Y=-22 Z=2 emitted 40 procedural water vertices (Ocean/Pools)
[+00:27:46.743] VoxelWater: Chunk X=3 Y=-28 Z=2 emitted 4 procedural water vertices (Ocean/Pools)
[+00:27:46.743] VoxelWater: Chunk X=5 Y=-22 Z=1 emitted 32 procedural water vertices (Ocean/Pools)
[+00:27:46.743] VoxelWater: Chunk X=8 Y=-25 Z=2 emitted 76 procedural water vertices (Ocean/Pools)
[+00:27:46.743] VoxelWater: Chunk X=5 Y=-22 Z=2 emitted 108 procedural water vertices (Ocean/Pools)
[+00:27:46.743] VoxelWater: Chunk X=5 Y=-27 Z=2 emitted 52 procedural water vertices (Ocean/Pools)
[+00:27:46.743] VoxelWater: Chunk X=5 Y=-28 Z=2 emitted 44 procedural water vertices (Ocean/Pools)
[+00:27:46.743] VoxelWater: Chunk X=2 Y=-22 Z=2 emitted 28 procedural water vertices (Ocean/Pools)
[+00:27:46.743] VoxelWater: Chunk X=2 Y=-23 Z=2 emitted 12 procedural water vertices (Ocean/Pools)
[+00:27:46.743] VoxelWater: Chunk X=5 Y=-23 Z=2 emitted 16 procedural water vertices (Ocean/Pools)
[+00:27:46.743] VoxelWater: Chunk X=3 Y=-22 Z=2 emitted 100 procedural water vertices (Ocean/Pools)
[+00:27:46.743] VoxelWater: Chunk X=3 Y=-23 Z=1 emitted 20 procedural water vertices (Ocean/Pools)
[+00:27:46.743] VoxelWater: Chunk X=8 Y=-27 Z=1 emitted 172 procedural water vertices (Ocean/Pools)
[+00:27:46.743] VoxelWater: Chunk X=3 Y=-27 Z=1 emitted 20 procedural water vertices (Ocean/Pools)
[+00:27:46.743] VoxelWater: Chunk X=2 Y=-28 Z=1 emitted 4 procedural water vertices (Ocean/Pools)
[+00:27:46.743] VoxelWater: Chunk X=8 Y=-28 Z=1 emitted 48 procedural water vertices (Ocean/Pools)
[+00:27:46.743] VoxelWater: Chunk X=9 Y=-28 Z=1 emitted 28 procedural water vertices (Ocean/Pools)
[+00:27:46.743] VoxelWater: Chunk X=2 Y=-23 Z=1 emitted 32 procedural water vertices (Ocean/Pools)
[+00:27:46.743] VoxelWater: Chunk X=3 Y=-27 Z=2 emitted 208 procedural water vertices (Ocean/Pools)
[+00:27:46.743] VoxelWater: Chunk X=7 Y=-22 Z=1 emitted 60 procedural water vertices (Ocean/Pools)
[+00:27:46.743] VoxelWater: Chunk X=3 Y=-23 Z=2 emitted 100 procedural water vertices (Ocean/Pools)
[+00:27:46.743] VoxelWater: Chunk X=7 Y=-24 Z=3 emitted 48 procedural water vertices (Ocean/Pools)
[+00:27:46.743] VoxelWater: Chunk X=4 Y=-23 Z=3 emitted 4 procedural water vertices (Ocean/Pools)
[+00:27:46.743] VoxelWater: Chunk X=6 Y=-21 Z=1 emitted 20 procedural water vertices (Ocean/Pools)
[+00:27:46.743] VoxelWater: Chunk X=9 Y=-27 Z=0 emitted 4 procedural water vertices (Ocean/Pools)
[+00:27:46.743] VoxelWater: Chunk X=4 Y=-21 Z=1 emitted 44 procedural water vertices (Ocean/Pools)
[+00:27:46.743] VoxelWater: Chunk X=9 Y=-24 Z=1 emitted 44 procedural water vertices (Ocean/Pools)
[+00:27:46.743] VoxelWater: Chunk X=2 Y=-24 Z=3 emitted 60 procedural water vertices (Ocean/Pools)
[+00:27:46.743] VoxelWater: Chunk X=3 Y=-26 Z=3 emitted 24 procedural water vertices (Ocean/Pools)
[+00:27:46.743] VoxelWater: Chunk X=6 Y=-29 Z=1 emitted 100 procedural water vertices (Ocean/Pools)
[+00:27:46.743] VoxelWater: Chunk X=4 Y=-29 Z=1 emitted 56 procedural water vertices (Ocean/Pools)
[+00:27:46.743] VoxelWater: Chunk X=1 Y=-24 Z=1 emitted 52 procedural water vertices (Ocean/Pools)
[+00:27:46.743] VoxelWater: Chunk X=8 Y=-25 Z=3 emitted 20 procedural water vertices (Ocean/Pools)
[+00:27:46.743] VoxelWater: Chunk X=2 Y=-25 Z=3 emitted 52 procedural water vertices (Ocean/Pools)
[+00:27:46.743] VoxelWater: Chunk X=9 Y=-25 Z=2 emitted 284 procedural water vertices (Ocean/Pools)
[+00:27:46.743] VoxelWater: Chunk X=9 Y=-24 Z=2 emitted 124 procedural water vertices (Ocean/Pools)
[+00:27:46.743] VoxelWater: Chunk X=9 Y=-26 Z=2 emitted 60 procedural water vertices (Ocean/Pools)
[+00:27:46.743] VoxelWater: Chunk X=5 Y=-21 Z=2 emitted 80 procedural water vertices (Ocean/Pools)
[+00:27:46.743] VoxelWater: Chunk X=1 Y=-25 Z=2 emitted 4 procedural water vertices (Ocean/Pools)
[+00:27:46.743] VoxelWater: Chunk X=4 Y=-22 Z=3 emitted 108 procedural water vertices (Ocean/Pools)
[+00:27:46.743] VoxelWater: Chunk X=4 Y=-21 Z=2 emitted 168 procedural water vertices (Ocean/Pools)
[+00:27:46.743] VoxelWater: Chunk X=4 Y=-29 Z=2 emitted 32 procedural water vertices (Ocean/Pools)
[+00:27:46.743] VoxelWater: Chunk X=1 Y=-24 Z=2 emitted 56 procedural water vertices (Ocean/Pools)
[+00:27:46.743] VoxelWater: Chunk X=2 Y=-24 Z=2 emitted 12 procedural water vertices (Ocean/Pools)
[+00:27:46.743] VoxelWater: Chunk X=1 Y=-24 Z=3 emitted 16 procedural water vertices (Ocean/Pools)
[+00:27:46.743] VoxelWater: Chunk X=6 Y=-21 Z=2 emitted 132 procedural water vertices (Ocean/Pools)
[+00:27:46.743] VoxelWater: Chunk X=3 Y=-22 Z=3 emitted 88 procedural water vertices (Ocean/Pools)
[+00:27:46.744] VoxelWater: Chunk X=10 Y=-24 Z=1 emitted 32 procedural water vertices (Ocean/Pools)
[+00:27:46.744] VoxelWater: Chunk X=10 Y=-25 Z=1 emitted 28 procedural water vertices (Ocean/Pools)
[+00:27:46.744] VoxelWater: Chunk X=2 Y=-23 Z=3 emitted 20 procedural water vertices (Ocean/Pools)
[+00:27:46.744] VoxelWater: Chunk X=2 Y=-27 Z=2 emitted 12 procedural water vertices (Ocean/Pools)
[+00:27:46.744] VoxelWater: Chunk X=2 Y=-27 Z=3 emitted 76 procedural water vertices (Ocean/Pools)
[+00:27:46.744] VoxelWater: Chunk X=1 Y=-22 Z=1 emitted 64 procedural water vertices (Ocean/Pools)
[+00:27:46.744] VoxelWater: Chunk X=2 Y=-29 Z=1 emitted 76 procedural water vertices (Ocean/Pools)
[+00:27:46.744] VoxelWater: Chunk X=9 Y=-22 Z=1 emitted 76 procedural water vertices (Ocean/Pools)
[+00:27:46.744] VoxelWater: Chunk X=8 Y=-29 Z=1 emitted 44 procedural water vertices (Ocean/Pools)
[+00:27:46.744] VoxelWater: Chunk X=7 Y=-21 Z=2 emitted 16 procedural water vertices (Ocean/Pools)
[+00:27:46.744] VoxelWater: Chunk X=9 Y=-28 Z=0 emitted 12 procedural water vertices (Ocean/Pools)
[+00:27:46.744] VoxelWater: Chunk X=3 Y=-21 Z=1 emitted 12 procedural water vertices (Ocean/Pools)
[+00:27:46.744] VoxelWater: Chunk X=3 Y=-21 Z=2 emitted 144 procedural water vertices (Ocean/Pools)
[+00:27:46.744] VoxelWater: Chunk X=7 Y=-24 Z=4 emitted 20 procedural water vertices (Ocean/Pools)
[+00:27:46.745] VoxelWater: Chunk X=10 Y=-26 Z=1 emitted 76 procedural water vertices (Ocean/Pools)
[+00:27:46.745] VoxelWater: Chunk X=4 Y=-20 Z=1 emitted 64 procedural water vertices (Ocean/Pools)
[+00:27:46.745] VoxelWater: Chunk X=6 Y=-30 Z=1 emitted 80 procedural water vertices (Ocean/Pools)
[+00:27:46.745] VoxelWater: Chunk X=5 Y=-30 Z=1 emitted 4 procedural water vertices (Ocean/Pools)
[+00:27:46.745] VoxelWater: Chunk X=4 Y=-30 Z=1 emitted 32 procedural water vertices (Ocean/Pools)
[+00:27:46.745] VoxelWater: Chunk X=1 Y=-25 Z=3 emitted 12 procedural water vertices (Ocean/Pools)
[+00:27:46.903] VoxelMesh: Chunk X=0 Y=0 Z=0 FlatVerts=0 SlopeVerts=24
[+00:27:46.903] VoxelChunk: GenerateAsync (-2,3,2)
[+00:27:46.905] VoxelMesh: Chunk X=-2 Y=3 Z=2 FlatVerts=1056 SlopeVerts=3420
[+00:27:47.051] VoxelMesh: Chunk X=0 Y=0 Z=0 FlatVerts=0 SlopeVerts=0
[+00:27:47.051] VoxelChunk: GenerateAsync (-1,3,2)
[+00:27:47.053] VoxelMesh: Chunk X=-1 Y=3 Z=2 FlatVerts=1494 SlopeVerts=1200
[+00:27:47.109] VoxelMesh: Chunk X=0 Y=0 Z=0 FlatVerts=180 SlopeVerts=1428
[+00:27:47.110] VoxelChunk: GenerateAsync (0,3,2)
[+00:27:47.113] VoxelMesh: Chunk X=0 Y=3 Z=2 FlatVerts=1398 SlopeVerts=1296
[+00:27:47.212] VoxelMesh: Chunk X=0 Y=0 Z=0 FlatVerts=1260 SlopeVerts=3678
[+00:27:47.216] VoxelChunk: GenerateAsync (1,3,2)
[+00:27:47.217] VoxelMesh: Chunk X=1 Y=3 Z=2 FlatVerts=1302 SlopeVerts=2754
[+00:27:47.317] VoxelMesh: Chunk X=0 Y=0 Z=0 FlatVerts=2838 SlopeVerts=3324
[+00:27:47.323] VoxelChunk: GenerateAsync (2,3,2)
[+00:27:47.323] VoxelMesh: Chunk X=2 Y=3 Z=2 FlatVerts=30 SlopeVerts=2166
[+00:27:47.422] VoxelMesh: Chunk X=0 Y=0 Z=0 FlatVerts=2334 SlopeVerts=1128
[+00:27:47.426] VoxelChunk: GenerateAsync (3,3,2)
[+00:27:47.427] VoxelMesh: Chunk X=3 Y=3 Z=2 FlatVerts=252 SlopeVerts=4482
[+00:27:47.526] VoxelChunk: GenerateAsync (-3,-3,3)
[+00:27:47.527] VoxelMesh: Chunk X=-3 Y=-3 Z=3 FlatVerts=0 SlopeVerts=348
[+00:27:47.628] VoxelChunk: GenerateAsync (2,3,-4)
[+00:27:47.727] VoxelChunk: GenerateAsync (0,-2,-4)
[+00:27:47.836] VoxelChunk: GenerateAsync (-1,-2,-4)
[+00:27:47.937] VoxelChunk: GenerateAsync (-2,2,-4)
[+00:27:48.043] VoxelChunk: GenerateAsync (-2,-2,-4)
[+00:27:48.145] VoxelChunk: GenerateAsync (-3,-2,-4)
[+00:27:48.245] VoxelChunk: GenerateAsync (-3,2,-4)
[+00:27:48.352] VoxelChunk: GenerateAsync (-3,3,-4)
[+00:27:48.462] VoxelChunk: GenerateAsync (3,-3,-4)
[+00:27:48.557] VoxelChunk: GenerateAsync (2,-3,-4)
[+00:27:48.665] VoxelChunk: GenerateAsync (1,-3,-4)
[+00:27:48.766] VoxelChunk: GenerateAsync (0,-3,-4)
[+00:27:48.869] VoxelChunk: GenerateAsync (3,1,-4)
[+00:27:48.969] VoxelChunk: GenerateAsync (2,1,-4)
[+00:27:49.071] VoxelChunk: GenerateAsync (3,2,-4)
[+00:27:49.173] VoxelChunk: GenerateAsync (-1,3,-4)
[+00:27:49.274] VoxelChunk: GenerateAsync (3,0,-4)
[+00:27:49.381] VoxelChunk: GenerateAsync (2,2,-4)
[+00:27:49.487] VoxelChunk: GenerateAsync (2,0,-4)
[+00:27:49.592] VoxelChunk: GenerateAsync (1,0,-4)
[+00:27:49.696] VoxelChunk: GenerateAsync (1,1,-4)
[+00:27:50.549] VoxelChunk: GenerateAsync (0,0,-4)
[+00:27:50.646] VoxelChunk: GenerateAsync (-1,0,-4)
[+00:27:50.753] VoxelChunk: GenerateAsync (0,1,-4)
[+00:27:50.854] VoxelChunk: GenerateAsync (1,2,-4)
[+00:27:50.961] VoxelChunk: GenerateAsync (-2,3,-4)
[+00:27:51.061] VoxelChunk: GenerateAsync (1,3,-4)
[+00:27:51.163] VoxelChunk: GenerateAsync (-1,1,-4)
[+00:27:51.266] VoxelChunk: GenerateAsync (-2,0,-4)
[+00:27:51.369] VoxelChunk: GenerateAsync (-3,0,-4)
[+00:27:51.473] VoxelChunk: GenerateAsync (-2,1,-4)
[+00:27:51.575] VoxelChunk: GenerateAsync (0,2,-4)
[+00:27:51.676] VoxelChunk: GenerateAsync (3,-1,-4)
[+00:27:51.779] VoxelChunk: GenerateAsync (2,-1,-4)
[+00:27:51.880] VoxelChunk: GenerateAsync (-3,1,-4)
[+00:27:51.985] VoxelChunk: GenerateAsync (1,-1,-4)
[+00:27:52.092] VoxelChunk: GenerateAsync (0,-1,-4)
[+00:27:52.195] VoxelChunk: GenerateAsync (-1,-1,-4)
[+00:27:52.303] VoxelChunk: GenerateAsync (-2,-1,-4)
[+00:27:52.406] VoxelChunk: GenerateAsync (-3,-1,-4)
[+00:27:52.512] VoxelChunk: GenerateAsync (3,-2,-4)
[+00:27:52.617] VoxelChunk: GenerateAsync (-1,2,-4)
[+00:27:52.722] VoxelChunk: GenerateAsync (0,3,-4)
[+00:27:52.822] VoxelChunk: GenerateAsync (3,3,-4)
[+00:27:52.922] VoxelChunk: GenerateAsync (1,-2,-4)
[+00:27:53.033] VoxelChunk: GenerateAsync (-3,-3,-4)
[+00:27:53.139] VoxelChunk: GenerateAsync (-1,-3,-4)
[+00:27:53.244] VoxelChunk: GenerateAsync (2,-2,-4)
[+00:27:53.351] VoxelChunk: GenerateAsync (-2,-3,-4)
[+00:27:53.458] VoxelChunk: GenerateAsync (-3,-3,4)
[+00:27:53.561] VoxelChunk: GenerateAsync (-2,-3,4)
[+00:27:53.665] VoxelMesh: Chunk X=0 Y=0 Z=0 FlatVerts=30 SlopeVerts=4566
[+00:27:53.669] VoxelChunk: GenerateAsync (-1,-3,4)
[+00:27:53.670] VoxelMesh: Chunk X=-1 Y=-3 Z=4 FlatVerts=0 SlopeVerts=2052
[+00:27:53.768] VoxelMesh: Chunk X=0 Y=0 Z=0 FlatVerts=90 SlopeVerts=14202
[+00:27:53.776] VoxelChunk: GenerateAsync (0,-3,4)
[+00:27:53.777] VoxelMesh: Chunk X=0 Y=-3 Z=4 FlatVerts=0 SlopeVerts=4902
[+00:27:53.868] VoxelMesh: Chunk X=0 Y=0 Z=0 FlatVerts=78 SlopeVerts=30096
[+00:27:53.889] VoxelChunk: GenerateAsync (1,-3,4)
[+00:27:53.890] VoxelMesh: Chunk X=1 Y=-3 Z=4 FlatVerts=0 SlopeVerts=7728
[+00:27:53.974] VoxelMesh: Chunk X=0 Y=0 Z=0 FlatVerts=18 SlopeVerts=28116
[+00:27:53.994] VoxelChunk: GenerateAsync (2,-3,4)
[+00:27:53.996] VoxelMesh: Chunk X=2 Y=-3 Z=4 FlatVerts=18 SlopeVerts=7092
[+00:27:54.079] VoxelMesh: Chunk X=0 Y=0 Z=0 FlatVerts=36 SlopeVerts=19440
[+00:27:54.093] VoxelChunk: GenerateAsync (3,-3,4)
[+00:27:54.095] VoxelMesh: Chunk X=3 Y=-3 Z=4 FlatVerts=0 SlopeVerts=2700
[+00:27:54.180] VoxelChunk: GenerateAsync (-3,-2,4)
[+00:27:54.181] VoxelMesh: Chunk X=-3 Y=-2 Z=4 FlatVerts=24 SlopeVerts=5244
[+00:27:54.281] VoxelChunk: GenerateAsync (-2,-2,4)
[+00:27:54.283] VoxelMesh: Chunk X=-2 Y=-2 Z=4 FlatVerts=0 SlopeVerts=5550
[+00:27:54.398] VoxelMesh: Chunk X=0 Y=0 Z=0 FlatVerts=0 SlopeVerts=3084
[+00:27:54.399] VoxelChunk: GenerateAsync (-1,-2,4)
[+00:27:54.401] VoxelMesh: Chunk X=-1 Y=-2 Z=4 FlatVerts=0 SlopeVerts=894
[+00:27:54.500] VoxelMesh: Chunk X=0 Y=0 Z=0 FlatVerts=60 SlopeVerts=16818
[+00:27:54.512] VoxelChunk: GenerateAsync (0,-2,4)
[+00:27:54.513] VoxelMesh: Chunk X=0 Y=-2 Z=4 FlatVerts=0 SlopeVerts=1764
[+00:27:54.597] VoxelMesh: Chunk X=0 Y=0 Z=0 FlatVerts=90 SlopeVerts=33162
[+00:27:54.619] VoxelChunk: GenerateAsync (1,-2,4)
[+00:27:54.620] VoxelMesh: Chunk X=1 Y=-2 Z=4 FlatVerts=0 SlopeVerts=1200
[+00:27:54.707] VoxelMesh: Chunk X=0 Y=0 Z=0 FlatVerts=54 SlopeVerts=32040
[+00:27:54.729] VoxelChunk: GenerateAsync (2,-2,4)
[+00:27:54.731] VoxelMesh: Chunk X=2 Y=-2 Z=4 FlatVerts=0 SlopeVerts=246
[+00:27:54.812] VoxelMesh: Chunk X=0 Y=0 Z=0 FlatVerts=66 SlopeVerts=34452
[+00:27:54.839] VoxelChunk: GenerateAsync (3,-2,4)
[+00:27:54.920] VoxelChunk: GenerateAsync (-3,-1,4)
[+00:27:54.921] VoxelMesh: Chunk X=-3 Y=-1 Z=4 FlatVerts=0 SlopeVerts=3654
[+00:27:55.035] VoxelChunk: GenerateAsync (-2,-1,4)
[+00:27:55.036] VoxelMesh: Chunk X=-2 Y=-1 Z=4 FlatVerts=0 SlopeVerts=2328
[+00:27:55.129] VoxelMesh: Chunk X=0 Y=0 Z=0 FlatVerts=0 SlopeVerts=0
[+00:27:55.130] VoxelChunk: GenerateAsync (-1,-1,4)
[+00:27:55.132] VoxelMesh: Chunk X=-1 Y=-1 Z=4 FlatVerts=0 SlopeVerts=4416
[+00:27:55.231] VoxelMesh: Chunk X=0 Y=0 Z=0 FlatVerts=0 SlopeVerts=5460
[+00:27:55.235] VoxelChunk: GenerateAsync (0,-1,4)
[+00:27:55.338] VoxelMesh: Chunk X=0 Y=0 Z=0 FlatVerts=30 SlopeVerts=13686
[+00:27:55.346] VoxelChunk: GenerateAsync (1,-1,4)
[+00:27:55.445] VoxelMesh: Chunk X=0 Y=0 Z=0 FlatVerts=54 SlopeVerts=20274
[+00:27:55.458] VoxelChunk: GenerateAsync (2,-1,4)
[+00:27:55.557] VoxelMesh: Chunk X=0 Y=0 Z=0 FlatVerts=42 SlopeVerts=28584
[+00:27:55.577] VoxelChunk: GenerateAsync (3,-1,4)
[+00:27:55.663] VoxelChunk: GenerateAsync (-3,0,4)
[+00:27:55.664] VoxelMesh: Chunk X=-3 Y=0 Z=4 FlatVerts=0 SlopeVerts=7002
[+00:27:55.764] VoxelChunk: GenerateAsync (-2,0,4)
[+00:27:55.765] VoxelMesh: Chunk X=-2 Y=0 Z=4 FlatVerts=0 SlopeVerts=5376
[+00:27:55.869] VoxelChunk: GenerateAsync (-1,0,4)
[+00:27:55.871] VoxelMesh: Chunk X=-1 Y=0 Z=4 FlatVerts=0 SlopeVerts=1614
[+00:27:55.971] VoxelChunk: GenerateAsync (0,0,4)
[+00:27:56.076] VoxelChunk: GenerateAsync (1,0,4)
[+00:27:56.181] VoxelMesh: Chunk X=0 Y=0 Z=0 FlatVerts=0 SlopeVerts=1902
[+00:27:56.183] VoxelChunk: GenerateAsync (2,0,4)
[+00:27:56.280] VoxelMesh: Chunk X=0 Y=0 Z=0 FlatVerts=6 SlopeVerts=5514
[+00:27:56.283] VoxelChunk: GenerateAsync (3,0,4)
[+00:27:56.285] VoxelMesh: Chunk X=3 Y=0 Z=4 FlatVerts=0 SlopeVerts=0
[+00:27:56.384] VoxelChunk: GenerateAsync (-3,1,4)
[+00:27:56.385] VoxelMesh: Chunk X=-3 Y=1 Z=4 FlatVerts=42 SlopeVerts=7620
[+00:27:56.490] VoxelChunk: GenerateAsync (-2,1,4)
[+00:27:56.492] VoxelMesh: Chunk X=-2 Y=1 Z=4 FlatVerts=0 SlopeVerts=2244
[+00:27:56.593] VoxelChunk: GenerateAsync (-1,1,4)
[+00:27:56.595] VoxelMesh: Chunk X=-1 Y=1 Z=4 FlatVerts=0 SlopeVerts=0
[+00:27:56.699] VoxelChunk: GenerateAsync (0,1,4)
[+00:27:56.809] VoxelChunk: GenerateAsync (1,1,4)
[+00:27:56.910] VoxelChunk: GenerateAsync (2,1,4)
[+00:27:56.911] VoxelMesh: Chunk X=2 Y=1 Z=4 FlatVerts=0 SlopeVerts=300
[+00:27:57.017] VoxelChunk: GenerateAsync (3,1,4)
[+00:27:57.018] VoxelMesh: Chunk X=3 Y=1 Z=4 FlatVerts=270 SlopeVerts=3144
[+00:27:57.119] VoxelChunk: GenerateAsync (-3,2,4)
[+00:27:57.121] VoxelMesh: Chunk X=-3 Y=2 Z=4 FlatVerts=90 SlopeVerts=6630
[+00:27:57.221] VoxelChunk: GenerateAsync (-2,2,4)
[+00:27:57.224] VoxelMesh: Chunk X=-2 Y=2 Z=4 FlatVerts=54 SlopeVerts=1302
[+00:27:57.327] VoxelChunk: GenerateAsync (-1,2,4)
[+00:27:57.431] VoxelChunk: GenerateAsync (0,2,4)
[+00:27:57.536] VoxelChunk: GenerateAsync (1,2,4)
[+00:27:57.537] VoxelMesh: Chunk X=1 Y=2 Z=4 FlatVerts=0 SlopeVerts=0
[+00:27:57.640] VoxelChunk: GenerateAsync (2,2,4)
[+00:27:57.641] VoxelMesh: Chunk X=2 Y=2 Z=4 FlatVerts=0 SlopeVerts=3366
[+00:27:57.741] VoxelChunk: GenerateAsync (3,2,4)
[+00:27:57.742] VoxelMesh: Chunk X=3 Y=2 Z=4 FlatVerts=372 SlopeVerts=3042
[+00:27:57.849] VoxelChunk: GenerateAsync (-3,3,4)
[+00:27:57.851] VoxelMesh: Chunk X=-3 Y=3 Z=4 FlatVerts=6 SlopeVerts=1002
[+00:27:57.953] VoxelChunk: GenerateAsync (-2,3,4)
[+00:27:57.954] VoxelMesh: Chunk X=-2 Y=3 Z=4 FlatVerts=0 SlopeVerts=0
[+00:27:58.059] VoxelChunk: GenerateAsync (-1,3,4)
[+00:27:58.163] VoxelChunk: GenerateAsync (0,3,4)
[+00:27:58.264] VoxelChunk: GenerateAsync (1,3,4)
[+00:27:58.265] VoxelMesh: Chunk X=1 Y=3 Z=4 FlatVerts=0 SlopeVerts=6
[+00:27:58.368] VoxelChunk: GenerateAsync (2,3,4)
[+00:27:58.370] VoxelMesh: Chunk X=2 Y=3 Z=4 FlatVerts=0 SlopeVerts=3132
[+00:27:58.474] VoxelChunk: GenerateAsync (3,3,4)
[+00:27:58.474] VoxelWorld: Editor generation complete, 441 chunks.
[+00:27:58.476] VoxelMesh: Chunk X=3 Y=3 Z=4 FlatVerts=0 SlopeVerts=648
