=== FIRSTVOXEL SESSION [2026.03.16-22.37.42] ===
[+22:37:42.201] FirstVoxel module started.
[+22:37:57.713] VoxelWorld: GenerateWorldDeferred started.
[+22:37:57.713] VoxelWorld: Queued 441 chunks.
[+22:37:57.828] VoxelMesh: Chunk X=0 Y=0 Z=0 FlatVerts=5988 SlopeVerts=10350
[+22:37:57.847] VoxelChunk: GenerateAsync (0,0,0)
[+22:37:57.848] VoxelMesh: Chunk X=0 Y=0 Z=0 FlatVerts=144 SlopeVerts=132
[+22:37:57.925] VoxelMesh: Chunk X=0 Y=0 Z=0 FlatVerts=3600 SlopeVerts=13656
[+22:37:57.941] VoxelChunk: GenerateAsync (1,0,0)
[+22:37:57.942] VoxelMesh: Chunk X=1 Y=0 Z=0 FlatVerts=2484 SlopeVerts=174
[+22:37:58.032] VoxelMesh: Chunk X=0 Y=0 Z=0 FlatVerts=1476 SlopeVerts=876
[+22:37:58.034] VoxelChunk: GenerateAsync (0,-1,-1)
[+22:37:58.036] VoxelMesh: Chunk X=0 Y=-1 Z=-1 FlatVerts=0 SlopeVerts=0
[+22:37:58.136] VoxelMesh: Chunk X=0 Y=0 Z=0 FlatVerts=156 SlopeVerts=96
[+22:37:58.137] VoxelChunk: GenerateAsync (1,-1,-1)
[+22:37:58.138] VoxelMesh: Chunk X=1 Y=-1 Z=-1 FlatVerts=0 SlopeVerts=0
[+22:37:58.236] VoxelMesh: Chunk X=0 Y=0 Z=0 FlatVerts=4920 SlopeVerts=1614
[+22:37:58.243] VoxelChunk: GenerateAsync (-1,-1,-1)
[+22:37:58.246] VoxelMesh: Chunk X=-1 Y=-1 Z=-1 FlatVerts=0 SlopeVerts=0
[+22:37:58.345] VoxelMesh: Chunk X=0 Y=0 Z=0 FlatVerts=9000 SlopeVerts=2982
[+22:37:58.357] VoxelChunk: GenerateAsync (-1,0,0)
[+22:37:58.358] VoxelMesh: Chunk X=-1 Y=0 Z=0 FlatVerts=0 SlopeVerts=0
[+22:37:58.452] VoxelMesh: Chunk X=0 Y=0 Z=0 FlatVerts=8106 SlopeVerts=6354
[+22:37:58.466] VoxelChunk: GenerateAsync (1,1,0)
[+22:37:58.466] VoxelMesh: Chunk X=1 Y=1 Z=0 FlatVerts=2514 SlopeVerts=0
[+22:37:58.552] VoxelMesh: Chunk X=0 Y=0 Z=0 FlatVerts=900 SlopeVerts=11400
[+22:37:58.562] VoxelChunk: GenerateAsync (1,-1,0)
[+22:37:58.563] VoxelMesh: Chunk X=1 Y=-1 Z=0 FlatVerts=84 SlopeVerts=42
[+22:37:58.658] VoxelMesh: Chunk X=0 Y=0 Z=0 FlatVerts=0 SlopeVerts=0
[+22:37:58.658] VoxelChunk: GenerateAsync (-1,1,1)
[+22:37:58.659] VoxelMesh: Chunk X=-1 Y=1 Z=1 FlatVerts=24 SlopeVerts=3072
[+22:37:58.761] VoxelMesh: Chunk X=0 Y=0 Z=0 FlatVerts=9804 SlopeVerts=2352
[+22:37:58.774] VoxelChunk: GenerateAsync (0,1,0)
[+22:37:58.775] VoxelMesh: Chunk X=0 Y=1 Z=0 FlatVerts=1788 SlopeVerts=318
[+22:37:58.868] VoxelMesh: Chunk X=0 Y=0 Z=0 FlatVerts=9636 SlopeVerts=678
[+22:37:58.880] VoxelChunk: GenerateAsync (0,1,-1)
[+22:37:58.882] VoxelMesh: Chunk X=0 Y=1 Z=-1 FlatVerts=0 SlopeVerts=0
[+22:37:58.973] VoxelMesh: Chunk X=0 Y=0 Z=0 FlatVerts=6012 SlopeVerts=9102
[+22:37:58.986] VoxelChunk: GenerateAsync (-1,-1,0)
[+22:37:58.987] VoxelMesh: Chunk X=-1 Y=-1 Z=0 FlatVerts=0 SlopeVerts=0
[+22:37:59.078] VoxelMesh: Chunk X=0 Y=0 Z=0 FlatVerts=8916 SlopeVerts=882
[+22:37:59.091] VoxelChunk: GenerateAsync (-1,0,-1)
[+22:37:59.093] VoxelMesh: Chunk X=-1 Y=0 Z=-1 FlatVerts=0 SlopeVerts=0
[+22:37:59.184] VoxelMesh: Chunk X=0 Y=0 Z=0 FlatVerts=1608 SlopeVerts=20910
[+22:37:59.202] VoxelChunk: GenerateAsync (1,0,1)
[+22:37:59.204] VoxelMesh: Chunk X=1 Y=0 Z=1 FlatVerts=138 SlopeVerts=186
[+22:37:59.290] VoxelMesh: Chunk X=0 Y=0 Z=0 FlatVerts=648 SlopeVerts=25776
[+22:37:59.308] VoxelChunk: GenerateAsync (1,-1,1)
[+22:37:59.309] VoxelMesh: Chunk X=1 Y=-1 Z=1 FlatVerts=1296 SlopeVerts=2550
[+22:37:59.397] VoxelMesh: Chunk X=0 Y=0 Z=0 FlatVerts=10458 SlopeVerts=30
[+22:37:59.413] VoxelChunk: GenerateAsync (-1,1,0)
[+22:37:59.414] VoxelMesh: Chunk X=-1 Y=1 Z=0 FlatVerts=156 SlopeVerts=264
[+22:37:59.505] VoxelMesh: Chunk X=0 Y=0 Z=0 FlatVerts=2346 SlopeVerts=13482
[+22:37:59.517] VoxelChunk: GenerateAsync (0,-1,0)
[+22:37:59.518] VoxelMesh: Chunk X=0 Y=-1 Z=0 FlatVerts=0 SlopeVerts=0
[+22:37:59.607] VoxelMesh: Chunk X=0 Y=0 Z=0 FlatVerts=10458 SlopeVerts=30
[+22:37:59.619] VoxelChunk: GenerateAsync (-1,1,-1)
[+22:37:59.620] VoxelMesh: Chunk X=-1 Y=1 Z=-1 FlatVerts=0 SlopeVerts=0
[+22:37:59.715] VoxelMesh: Chunk X=0 Y=0 Z=0 FlatVerts=5424 SlopeVerts=1548
[+22:37:59.725] VoxelChunk: GenerateAsync (0,0,-1)
[+22:37:59.726] VoxelMesh: Chunk X=0 Y=0 Z=-1 FlatVerts=0 SlopeVerts=0
[+22:37:59.814] VoxelMesh: Chunk X=0 Y=0 Z=0 FlatVerts=7056 SlopeVerts=1260
[+22:37:59.824] VoxelChunk: GenerateAsync (1,1,-1)
[+22:37:59.824] VoxelMesh: Chunk X=1 Y=1 Z=-1 FlatVerts=0 SlopeVerts=0
[+22:37:59.915] VoxelMesh: Chunk X=0 Y=0 Z=0 FlatVerts=1836 SlopeVerts=1032
[+22:37:59.918] VoxelChunk: GenerateAsync (1,0,-1)
[+22:37:59.920] VoxelMesh: Chunk X=1 Y=0 Z=-1 FlatVerts=0 SlopeVerts=0
[+22:38:00.026] VoxelMesh: Chunk X=0 Y=0 Z=0 FlatVerts=990 SlopeVerts=5526
[+22:38:00.031] VoxelChunk: GenerateAsync (1,1,1)
[+22:38:00.033] VoxelMesh: Chunk X=1 Y=1 Z=1 FlatVerts=0 SlopeVerts=0
[+22:38:00.126] VoxelMesh: Chunk X=0 Y=0 Z=0 FlatVerts=144 SlopeVerts=1698
[+22:38:00.129] VoxelChunk: GenerateAsync (0,1,1)
[+22:38:00.130] VoxelMesh: Chunk X=0 Y=1 Z=1 FlatVerts=222 SlopeVerts=600
[+22:38:00.230] VoxelMesh: Chunk X=0 Y=0 Z=0 FlatVerts=456 SlopeVerts=10890
[+22:38:00.238] VoxelChunk: GenerateAsync (0,0,1)
[+22:38:00.239] VoxelMesh: Chunk X=0 Y=0 Z=1 FlatVerts=690 SlopeVerts=3588
[+22:38:00.331] VoxelMesh: Chunk X=0 Y=0 Z=0 FlatVerts=54 SlopeVerts=2202
[+22:38:00.333] VoxelChunk: GenerateAsync (-1,0,1)
[+22:38:00.334] VoxelMesh: Chunk X=-1 Y=0 Z=1 FlatVerts=0 SlopeVerts=84
[+22:38:00.434] VoxelMesh: Chunk X=0 Y=0 Z=0 FlatVerts=792 SlopeVerts=22026
[+22:38:00.455] VoxelChunk: GenerateAsync (0,-1,1)
[+22:38:00.456] VoxelMesh: Chunk X=0 Y=-1 Z=1 FlatVerts=36 SlopeVerts=2340
[+22:38:00.539] VoxelMesh: Chunk X=0 Y=0 Z=0 FlatVerts=1050 SlopeVerts=10668
[+22:38:00.549] VoxelChunk: GenerateAsync (-1,-1,1)
[+22:38:00.550] VoxelMesh: Chunk X=-1 Y=-1 Z=1 FlatVerts=0 SlopeVerts=0
[+22:38:00.643] VoxelMesh: Chunk X=0 Y=0 Z=0 FlatVerts=6 SlopeVerts=15186
[+22:38:00.654] VoxelChunk: GenerateAsync (0,-1,2)
[+22:38:00.656] VoxelMesh: Chunk X=0 Y=-1 Z=2 FlatVerts=396 SlopeVerts=3870
[+22:38:00.743] VoxelMesh: Chunk X=0 Y=0 Z=0 FlatVerts=6 SlopeVerts=3168
[+22:38:00.745] VoxelChunk: GenerateAsync (-1,-1,2)
[+22:38:00.747] VoxelMesh: Chunk X=-1 Y=-1 Z=2 FlatVerts=90 SlopeVerts=1260
[+22:38:00.851] VoxelMesh: Chunk X=0 Y=0 Z=0 FlatVerts=0 SlopeVerts=0
[+22:38:00.851] VoxelChunk: GenerateAsync (-2,1,2)
[+22:38:00.852] VoxelMesh: Chunk X=-2 Y=1 Z=2 FlatVerts=30 SlopeVerts=1836
[+22:38:00.953] VoxelMesh: Chunk X=0 Y=0 Z=0 FlatVerts=0 SlopeVerts=0
[+22:38:00.954] VoxelChunk: GenerateAsync (-2,-1,2)
[+22:38:00.955] VoxelMesh: Chunk X=-2 Y=-1 Z=2 FlatVerts=204 SlopeVerts=2970
[+22:38:01.057] VoxelMesh: Chunk X=0 Y=0 Z=0 FlatVerts=78 SlopeVerts=26808
[+22:38:01.079] VoxelChunk: GenerateAsync (2,-2,2)
[+22:38:01.080] VoxelMesh: Chunk X=2 Y=-2 Z=2 FlatVerts=0 SlopeVerts=3672
[+22:38:01.161] VoxelMesh: Chunk X=0 Y=0 Z=0 FlatVerts=270 SlopeVerts=19860
[+22:38:01.177] VoxelChunk: GenerateAsync (2,0,2)
[+22:38:01.178] VoxelMesh: Chunk X=2 Y=0 Z=2 FlatVerts=0 SlopeVerts=0
[+22:38:01.264] VoxelMesh: Chunk X=0 Y=0 Z=0 FlatVerts=252 SlopeVerts=2622
[+22:38:01.266] VoxelChunk: GenerateAsync (2,1,2)
[+22:38:01.268] VoxelMesh: Chunk X=2 Y=1 Z=2 FlatVerts=0 SlopeVerts=1722
[+22:38:01.371] VoxelMesh: Chunk X=0 Y=0 Z=0 FlatVerts=18 SlopeVerts=25014
[+22:38:01.393] VoxelChunk: GenerateAsync (1,-2,2)
[+22:38:01.394] VoxelMesh: Chunk X=1 Y=-2 Z=2 FlatVerts=168 SlopeVerts=3174
[+22:38:01.471] VoxelMesh: Chunk X=0 Y=0 Z=0 FlatVerts=36 SlopeVerts=26808
[+22:38:01.492] VoxelChunk: GenerateAsync (0,-2,2)
[+22:38:01.493] VoxelMesh: Chunk X=0 Y=-2 Z=2 FlatVerts=96 SlopeVerts=2754
[+22:38:01.579] VoxelMesh: Chunk X=0 Y=0 Z=0 FlatVerts=0 SlopeVerts=0
[+22:38:01.579] VoxelChunk: GenerateAsync (-2,1,1)
[+22:38:01.580] VoxelMesh: Chunk X=-2 Y=1 Z=1 FlatVerts=0 SlopeVerts=0
[+22:38:01.679] VoxelMesh: Chunk X=0 Y=0 Z=0 FlatVerts=1734 SlopeVerts=24360
[+22:38:01.701] VoxelChunk: GenerateAsync (2,0,1)
[+22:38:01.703] VoxelMesh: Chunk X=2 Y=0 Z=1 FlatVerts=0 SlopeVerts=0
[+22:38:01.782] VoxelMesh: Chunk X=0 Y=0 Z=0 FlatVerts=0 SlopeVerts=10548
[+22:38:01.788] VoxelChunk: GenerateAsync (1,0,2)
[+22:38:01.790] VoxelMesh: Chunk X=1 Y=0 Z=2 FlatVerts=0 SlopeVerts=0
[+22:38:01.888] VoxelMesh: Chunk X=0 Y=0 Z=0 FlatVerts=48 SlopeVerts=16752
[+22:38:01.900] VoxelChunk: GenerateAsync (-1,-2,2)
[+22:38:01.901] VoxelMesh: Chunk X=-1 Y=-2 Z=2 FlatVerts=198 SlopeVerts=5094
[+22:38:01.992] VoxelMesh: Chunk X=0 Y=0 Z=0 FlatVerts=18 SlopeVerts=4860
[+22:38:01.997] VoxelChunk: GenerateAsync (-2,-2,2)
[+22:38:01.999] VoxelMesh: Chunk X=-2 Y=-2 Z=2 FlatVerts=0 SlopeVerts=2334
[+22:38:02.092] VoxelMesh: Chunk X=0 Y=0 Z=0 FlatVerts=0 SlopeVerts=0
[+22:38:02.093] VoxelChunk: GenerateAsync (-2,0,1)
[+22:38:02.094] VoxelMesh: Chunk X=-2 Y=0 Z=1 FlatVerts=0 SlopeVerts=0
[+22:38:02.197] VoxelMesh: Chunk X=0 Y=0 Z=0 FlatVerts=636 SlopeVerts=23826
[+22:38:02.218] VoxelChunk: GenerateAsync (2,-1,1)
[+22:38:02.220] VoxelMesh: Chunk X=2 Y=-1 Z=1 FlatVerts=108 SlopeVerts=1128
[+22:38:02.301] VoxelMesh: Chunk X=0 Y=0 Z=0 FlatVerts=0 SlopeVerts=2088
[+22:38:02.303] VoxelChunk: GenerateAsync (0,0,2)
[+22:38:02.304] VoxelMesh: Chunk X=0 Y=0 Z=2 FlatVerts=0 SlopeVerts=930
[+22:38:02.407] VoxelMesh: Chunk X=0 Y=0 Z=0 FlatVerts=0 SlopeVerts=384
[+22:38:02.407] VoxelChunk: GenerateAsync (1,1,2)
[+22:38:02.409] VoxelMesh: Chunk X=1 Y=1 Z=2 FlatVerts=0 SlopeVerts=0
[+22:38:02.511] VoxelMesh: Chunk X=0 Y=0 Z=0 FlatVerts=0 SlopeVerts=0
[+22:38:02.511] VoxelChunk: GenerateAsync (-1,2,2)
[+22:38:02.513] VoxelMesh: Chunk X=-1 Y=2 Z=2 FlatVerts=0 SlopeVerts=114
[+22:38:02.613] VoxelMesh: Chunk X=0 Y=0 Z=0 FlatVerts=588 SlopeVerts=1656
[+22:38:02.616] VoxelChunk: GenerateAsync (-2,-1,1)
[+22:38:02.616] VoxelMesh: Chunk X=-2 Y=-1 Z=1 FlatVerts=0 SlopeVerts=0
[+22:38:02.721] VoxelMesh: Chunk X=0 Y=0 Z=0 FlatVerts=126 SlopeVerts=13854
[+22:38:02.731] VoxelChunk: GenerateAsync (2,-2,1)
[+22:38:02.732] VoxelMesh: Chunk X=2 Y=-2 Z=1 FlatVerts=228 SlopeVerts=2958
[+22:38:02.819] VoxelMesh: Chunk X=0 Y=0 Z=0 FlatVerts=5688 SlopeVerts=6942
[+22:38:02.830] VoxelChunk: GenerateAsync (2,2,1)
[+22:38:02.832] VoxelMesh: Chunk X=2 Y=2 Z=1 FlatVerts=0 SlopeVerts=672
[+22:38:02.925] VoxelMesh: Chunk X=0 Y=0 Z=0 FlatVerts=1248 SlopeVerts=3060
[+22:38:02.929] VoxelChunk: GenerateAsync (1,2,1)
[+22:38:02.930] VoxelMesh: Chunk X=1 Y=2 Z=1 FlatVerts=132 SlopeVerts=2694
[+22:38:03.034] VoxelMesh: Chunk X=0 Y=0 Z=0 FlatVerts=0 SlopeVerts=72
[+22:38:03.034] VoxelChunk: GenerateAsync (-1,0,2)
[+22:38:03.035] VoxelMesh: Chunk X=-1 Y=0 Z=2 FlatVerts=36 SlopeVerts=2820
[+22:38:03.141] VoxelMesh: Chunk X=0 Y=0 Z=0 FlatVerts=6 SlopeVerts=420
[+22:38:03.142] VoxelChunk: GenerateAsync (0,2,1)
[+22:38:03.143] VoxelMesh: Chunk X=0 Y=2 Z=1 FlatVerts=1284 SlopeVerts=0
[+22:38:03.244] VoxelMesh: Chunk X=0 Y=0 Z=0 FlatVerts=0 SlopeVerts=0
[+22:38:03.245] VoxelChunk: GenerateAsync (-1,2,1)
[+22:38:03.246] VoxelMesh: Chunk X=-1 Y=2 Z=1 FlatVerts=798 SlopeVerts=1308
[+22:38:03.348] VoxelMesh: Chunk X=0 Y=0 Z=0 FlatVerts=0 SlopeVerts=0
[+22:38:03.348] VoxelChunk: GenerateAsync (-2,0,2)
[+22:38:03.349] VoxelMesh: Chunk X=-2 Y=0 Z=2 FlatVerts=108 SlopeVerts=2652
[+22:38:03.453] VoxelMesh: Chunk X=0 Y=0 Z=0 FlatVerts=0 SlopeVerts=0
[+22:38:03.454] VoxelChunk: GenerateAsync (0,1,2)
[+22:38:03.455] VoxelMesh: Chunk X=0 Y=1 Z=2 FlatVerts=0 SlopeVerts=0
[+22:38:03.559] VoxelMesh: Chunk X=0 Y=0 Z=0 FlatVerts=1890 SlopeVerts=1116
[+22:38:03.562] VoxelChunk: GenerateAsync (2,2,2)
[+22:38:03.564] VoxelMesh: Chunk X=2 Y=2 Z=2 FlatVerts=0 SlopeVerts=1560
[+22:38:03.662] VoxelMesh: Chunk X=0 Y=0 Z=0 FlatVerts=204 SlopeVerts=30864
[+22:38:03.692] VoxelChunk: GenerateAsync (2,-1,2)
[+22:38:03.693] VoxelMesh: Chunk X=2 Y=-1 Z=2 FlatVerts=0 SlopeVerts=0
[+22:38:03.765] VoxelMesh: Chunk X=0 Y=0 Z=0 FlatVerts=0 SlopeVerts=25506
[+22:38:03.788] VoxelChunk: GenerateAsync (1,-1,2)
[+22:38:03.791] VoxelMesh: Chunk X=1 Y=-1 Z=2 FlatVerts=24 SlopeVerts=306
[+22:38:03.867] VoxelMesh: Chunk X=0 Y=0 Z=0 FlatVerts=0 SlopeVerts=0
[+22:38:03.869] VoxelChunk: GenerateAsync (-1,1,2)
[+22:38:03.871] VoxelMesh: Chunk X=-1 Y=1 Z=2 FlatVerts=78 SlopeVerts=4026
[+22:38:03.974] VoxelMesh: Chunk X=0 Y=0 Z=0 FlatVerts=0 SlopeVerts=0
[+22:38:03.974] VoxelChunk: GenerateAsync (-2,2,2)
[+22:38:03.975] VoxelMesh: Chunk X=-2 Y=2 Z=2 FlatVerts=0 SlopeVerts=2922
[+22:38:04.081] VoxelMesh: Chunk X=0 Y=0 Z=0 FlatVerts=0 SlopeVerts=0
[+22:38:04.081] VoxelChunk: GenerateAsync (0,2,2)
[+22:38:04.082] VoxelMesh: Chunk X=0 Y=2 Z=2 FlatVerts=0 SlopeVerts=0
[+22:38:04.184] VoxelMesh: Chunk X=0 Y=0 Z=0 FlatVerts=0 SlopeVerts=6
[+22:38:04.185] VoxelChunk: GenerateAsync (1,2,2)
[+22:38:04.186] VoxelMesh: Chunk X=1 Y=2 Z=2 FlatVerts=0 SlopeVerts=1476
[+22:38:04.289] VoxelMesh: Chunk X=0 Y=0 Z=0 FlatVerts=60 SlopeVerts=936
[+22:38:04.290] VoxelChunk: GenerateAsync (-2,2,1)
[+22:38:04.292] VoxelMesh: Chunk X=-2 Y=2 Z=1 FlatVerts=0 SlopeVerts=1896
[+22:38:04.389] VoxelMesh: Chunk X=0 Y=0 Z=0 FlatVerts=2706 SlopeVerts=12882
[+22:38:04.400] VoxelChunk: GenerateAsync (2,1,1)
[+22:38:04.402] VoxelMesh: Chunk X=2 Y=1 Z=1 FlatVerts=0 SlopeVerts=2430
[+22:38:04.488] VoxelMesh: Chunk X=0 Y=0 Z=0 FlatVerts=0 SlopeVerts=0
[+22:38:04.489] VoxelChunk: GenerateAsync (-1,1,-2)
[+22:38:04.490] VoxelMesh: Chunk X=-1 Y=1 Z=-2 FlatVerts=0 SlopeVerts=0
[+22:38:04.591] VoxelMesh: Chunk X=0 Y=0 Z=0 FlatVerts=0 SlopeVerts=0
[+22:38:04.592] VoxelChunk: GenerateAsync (2,-2,-1)
[+22:38:04.593] VoxelMesh: Chunk X=2 Y=-2 Z=-1 FlatVerts=0 SlopeVerts=0
[+22:38:04.692] VoxelMesh: Chunk X=0 Y=0 Z=0 FlatVerts=10176 SlopeVerts=4224
[+22:38:04.707] VoxelChunk: GenerateAsync (1,2,0)
[+22:38:04.708] VoxelMesh: Chunk X=1 Y=2 Z=0 FlatVerts=1620 SlopeVerts=264
[+22:38:04.795] VoxelMesh: Chunk X=0 Y=0 Z=0 FlatVerts=10800 SlopeVerts=684
[+22:38:04.808] VoxelChunk: GenerateAsync (0,2,0)
[+22:38:04.808] VoxelMesh: Chunk X=0 Y=2 Z=0 FlatVerts=1302 SlopeVerts=0
[+22:38:04.902] VoxelMesh: Chunk X=0 Y=0 Z=0 FlatVerts=486 SlopeVerts=6630
[+22:38:04.908] VoxelChunk: GenerateAsync (2,-1,0)
[+22:38:04.909] VoxelMesh: Chunk X=2 Y=-1 Z=0 FlatVerts=1668 SlopeVerts=474
[+22:38:05.005] VoxelMesh: Chunk X=0 Y=0 Z=0 FlatVerts=0 SlopeVerts=0
[+22:38:05.005] VoxelChunk: GenerateAsync (-1,0,-2)
[+22:38:05.007] VoxelMesh: Chunk X=-1 Y=0 Z=-2 FlatVerts=0 SlopeVerts=0
[+22:38:05.109] VoxelMesh: Chunk X=0 Y=0 Z=0 FlatVerts=540 SlopeVerts=17766
[+22:38:05.125] VoxelChunk: GenerateAsync (0,-2,1)
[+22:38:05.126] VoxelMesh: Chunk X=0 Y=-2 Z=1 FlatVerts=0 SlopeVerts=0
[+22:38:05.211] VoxelMesh: Chunk X=0 Y=0 Z=0 FlatVerts=1062 SlopeVerts=768
[+22:38:05.213] VoxelChunk: GenerateAsync (-1,-2,-1)
[+22:38:05.215] VoxelMesh: Chunk X=-1 Y=-2 Z=-1 FlatVerts=0 SlopeVerts=0
[+22:38:05.312] VoxelMesh: Chunk X=0 Y=0 Z=0 FlatVerts=10326 SlopeVerts=6
[+22:38:05.325] VoxelChunk: GenerateAsync (-2,1,-1)
[+22:38:05.327] VoxelMesh: Chunk X=-2 Y=1 Z=-1 FlatVerts=0 SlopeVerts=0
[+22:38:05.418] VoxelMesh: Chunk X=0 Y=0 Z=0 FlatVerts=0 SlopeVerts=0
[+22:38:05.418] VoxelChunk: GenerateAsync (-1,2,-2)
[+22:38:05.420] VoxelMesh: Chunk X=-1 Y=2 Z=-2 FlatVerts=0 SlopeVerts=0
[+22:38:05.520] VoxelMesh: Chunk X=0 Y=0 Z=0 FlatVerts=1860 SlopeVerts=11520
[+22:38:05.530] VoxelChunk: GenerateAsync (2,0,0)
[+22:38:05.530] VoxelMesh: Chunk X=2 Y=0 Z=0 FlatVerts=2574 SlopeVerts=12
[+22:38:05.625] VoxelMesh: Chunk X=0 Y=0 Z=0 FlatVerts=0 SlopeVerts=0
[+22:38:05.625] VoxelChunk: GenerateAsync (-2,-1,-2)
[+22:38:05.627] VoxelMesh: Chunk X=-2 Y=-1 Z=-2 FlatVerts=0 SlopeVerts=0
[+22:38:05.727] VoxelMesh: Chunk X=0 Y=0 Z=0 FlatVerts=0 SlopeVerts=6
[+22:38:05.728] VoxelChunk: GenerateAsync (0,-2,-1)
[+22:38:05.730] VoxelMesh: Chunk X=0 Y=-2 Z=-1 FlatVerts=0 SlopeVerts=0
[+22:38:05.831] VoxelMesh: Chunk X=0 Y=0 Z=0 FlatVerts=0 SlopeVerts=0
[+22:38:05.831] VoxelChunk: GenerateAsync (2,-1,-2)
[+22:38:05.833] VoxelMesh: Chunk X=2 Y=-1 Z=-2 FlatVerts=0 SlopeVerts=0
[+22:38:05.932] VoxelMesh: Chunk X=0 Y=0 Z=0 FlatVerts=0 SlopeVerts=0
[+22:38:05.932] VoxelChunk: GenerateAsync (-2,2,-2)
[+22:38:05.934] VoxelMesh: Chunk X=-2 Y=2 Z=-2 FlatVerts=0 SlopeVerts=0
[+22:38:06.034] VoxelMesh: Chunk X=0 Y=0 Z=0 FlatVerts=4062 SlopeVerts=1368
[+22:38:06.040] VoxelChunk: GenerateAsync (2,2,-1)
[+22:38:06.042] VoxelMesh: Chunk X=2 Y=2 Z=-1 FlatVerts=0 SlopeVerts=0
[+22:38:06.144] VoxelMesh: Chunk X=0 Y=0 Z=0 FlatVerts=4950 SlopeVerts=10122
[+22:38:06.158] VoxelChunk: GenerateAsync (-2,-2,0)
[+22:38:06.159] VoxelMesh: Chunk X=-2 Y=-2 Z=0 FlatVerts=0 SlopeVerts=0
[+22:38:06.243] VoxelMesh: Chunk X=0 Y=0 Z=0 FlatVerts=10050 SlopeVerts=48
[+22:38:06.256] VoxelChunk: GenerateAsync (-2,0,0)
[+22:38:06.258] VoxelMesh: Chunk X=-2 Y=0 Z=0 FlatVerts=0 SlopeVerts=0
[+22:38:06.341] VoxelMesh: Chunk X=0 Y=0 Z=0 FlatVerts=5886 SlopeVerts=12186
[+22:38:06.359] VoxelChunk: GenerateAsync (2,1,0)
[+22:38:06.360] VoxelMesh: Chunk X=2 Y=1 Z=0 FlatVerts=1908 SlopeVerts=510
[+22:38:06.445] VoxelMesh: Chunk X=0 Y=0 Z=0 FlatVerts=0 SlopeVerts=0
[+22:38:06.446] VoxelChunk: GenerateAsync (0,2,-2)
[+22:38:06.447] VoxelMesh: Chunk X=0 Y=2 Z=-2 FlatVerts=0 SlopeVerts=0
[+22:38:06.550] VoxelMesh: Chunk X=0 Y=0 Z=0 FlatVerts=0 SlopeVerts=0
[+22:38:06.550] VoxelChunk: GenerateAsync (-1,-1,-2)
[+22:38:06.551] VoxelMesh: Chunk X=-1 Y=-1 Z=-2 FlatVerts=0 SlopeVerts=0
[+22:38:06.654] VoxelMesh: Chunk X=0 Y=0 Z=0 FlatVerts=3414 SlopeVerts=1902
[+22:38:06.659] VoxelChunk: GenerateAsync (2,1,-1)
[+22:38:06.661] VoxelMesh: Chunk X=2 Y=1 Z=-1 FlatVerts=0 SlopeVerts=0
[+22:38:06.765] VoxelMesh: Chunk X=0 Y=0 Z=0 FlatVerts=0 SlopeVerts=0
[+22:38:06.765] VoxelChunk: GenerateAsync (1,-2,-1)
[+22:38:06.766] VoxelMesh: Chunk X=1 Y=-2 Z=-1 FlatVerts=0 SlopeVerts=0
[+22:38:06.870] VoxelMesh: Chunk X=0 Y=0 Z=0 FlatVerts=0 SlopeVerts=0
[+22:38:06.871] VoxelChunk: GenerateAsync (0,-1,-2)
[+22:38:06.872] VoxelMesh: Chunk X=0 Y=-1 Z=-2 FlatVerts=0 SlopeVerts=0
[+22:38:06.972] VoxelMesh: Chunk X=0 Y=0 Z=0 FlatVerts=10050 SlopeVerts=48
[+22:38:06.984] VoxelChunk: GenerateAsync (-2,0,-1)
[+22:38:06.986] VoxelMesh: Chunk X=-2 Y=0 Z=-1 FlatVerts=0 SlopeVerts=0
[+22:38:07.079] VoxelMesh: Chunk X=0 Y=0 Z=0 FlatVerts=0 SlopeVerts=0
[+22:38:07.080] VoxelChunk: GenerateAsync (-1,-2,-2)
[+22:38:07.081] VoxelMesh: Chunk X=-1 Y=-2 Z=-2 FlatVerts=0 SlopeVerts=0
[+22:38:07.181] VoxelMesh: Chunk X=0 Y=0 Z=0 FlatVerts=0 SlopeVerts=0
[+22:38:07.181] VoxelChunk: GenerateAsync (0,0,-2)
[+22:38:07.183] VoxelMesh: Chunk X=0 Y=0 Z=-2 FlatVerts=0 SlopeVerts=0
[+22:38:07.309] VoxelMesh: Chunk X=0 Y=0 Z=0 FlatVerts=0 SlopeVerts=0
[+22:38:07.309] VoxelChunk: GenerateAsync (2,0,-2)
[+22:38:07.310] VoxelMesh: Chunk X=2 Y=0 Z=-2 FlatVerts=0 SlopeVerts=0
[+22:38:07.410] VoxelMesh: Chunk X=0 Y=0 Z=0 FlatVerts=0 SlopeVerts=0
[+22:38:07.411] VoxelChunk: GenerateAsync (-2,1,-2)
[+22:38:07.412] VoxelMesh: Chunk X=-2 Y=1 Z=-2 FlatVerts=0 SlopeVerts=0
[+22:38:07.514] VoxelMesh: Chunk X=0 Y=0 Z=0 FlatVerts=10242 SlopeVerts=0
[+22:38:07.525] VoxelChunk: GenerateAsync (-1,2,0)
[+22:38:07.526] VoxelMesh: Chunk X=-1 Y=2 Z=0 FlatVerts=1380 SlopeVerts=504
[+22:38:07.623] VoxelMesh: Chunk X=0 Y=0 Z=0 FlatVerts=2334 SlopeVerts=10488
[+22:38:07.633] VoxelChunk: GenerateAsync (-1,-2,0)
[+22:38:07.634] VoxelMesh: Chunk X=-1 Y=-2 Z=0 FlatVerts=0 SlopeVerts=0
[+22:38:07.730] VoxelMesh: Chunk X=0 Y=0 Z=0 FlatVerts=0 SlopeVerts=0
[+22:38:07.731] VoxelChunk: GenerateAsync (2,2,-2)
[+22:38:07.732] VoxelMesh: Chunk X=2 Y=2 Z=-2 FlatVerts=0 SlopeVerts=0
[+22:38:07.836] VoxelMesh: Chunk X=0 Y=0 Z=0 FlatVerts=72 SlopeVerts=10386
[+22:38:07.843] VoxelChunk: GenerateAsync (1,-2,1)
[+22:38:07.844] VoxelMesh: Chunk X=1 Y=-2 Z=1 FlatVerts=42 SlopeVerts=1626
[+22:38:07.937] VoxelMesh: Chunk X=0 Y=0 Z=0 FlatVerts=0 SlopeVerts=0
[+22:38:07.938] VoxelChunk: GenerateAsync (-2,-2,-2)
[+22:38:07.939] VoxelMesh: Chunk X=-2 Y=-2 Z=-2 FlatVerts=0 SlopeVerts=0
[+22:38:08.041] VoxelMesh: Chunk X=0 Y=0 Z=0 FlatVerts=9300 SlopeVerts=1902
[+22:38:08.060] VoxelChunk: GenerateAsync (-2,2,0)
[+22:38:08.061] VoxelMesh: Chunk X=-2 Y=2 Z=0 FlatVerts=0 SlopeVerts=90
[+22:38:08.147] VoxelMesh: Chunk X=0 Y=0 Z=0 FlatVerts=0 SlopeVerts=0
[+22:38:08.147] VoxelChunk: GenerateAsync (2,-2,-2)
[+22:38:08.149] VoxelMesh: Chunk X=2 Y=-2 Z=-2 FlatVerts=0 SlopeVerts=0
[+22:38:08.276] VoxelMesh: Chunk X=0 Y=0 Z=0 FlatVerts=0 SlopeVerts=0
[+22:38:08.276] VoxelChunk: GenerateAsync (1,2,-2)
[+22:38:08.278] VoxelMesh: Chunk X=1 Y=2 Z=-2 FlatVerts=0 SlopeVerts=0
[+22:38:08.520] VoxelMesh: Chunk X=0 Y=0 Z=0 FlatVerts=0 SlopeVerts=0
[+22:38:08.520] VoxelChunk: GenerateAsync (1,-2,-2)
[+22:38:08.530] VoxelMesh: Chunk X=1 Y=-2 Z=-2 FlatVerts=0 SlopeVerts=0
[+22:38:08.573] VoxelMesh: Chunk X=0 Y=0 Z=0 FlatVerts=7686 SlopeVerts=7368
[+22:38:08.599] VoxelChunk: GenerateAsync (2,2,0)
[+22:38:08.607] VoxelMesh: Chunk X=2 Y=2 Z=0 FlatVerts=30 SlopeVerts=0
[+22:38:08.637] VoxelMesh: Chunk X=0 Y=0 Z=0 FlatVerts=3444 SlopeVerts=1092
[+22:38:08.645] VoxelChunk: GenerateAsync (-2,-2,-1)
[+22:38:08.647] VoxelMesh: Chunk X=-2 Y=-2 Z=-1 FlatVerts=0 SlopeVerts=0
[+22:38:08.734] VoxelMesh: Chunk X=0 Y=0 Z=0 FlatVerts=0 SlopeVerts=0
[+22:38:08.734] VoxelChunk: GenerateAsync (0,-2,-2)
[+22:38:08.736] VoxelMesh: Chunk X=0 Y=-2 Z=-2 FlatVerts=0 SlopeVerts=0
[+22:38:08.838] VoxelMesh: Chunk X=0 Y=0 Z=0 FlatVerts=10242 SlopeVerts=0
[+22:38:08.846] VoxelChunk: GenerateAsync (-1,2,-1)
[+22:38:08.847] VoxelMesh: Chunk X=-1 Y=2 Z=-1 FlatVerts=0 SlopeVerts=0
[+22:38:08.948] VoxelMesh: Chunk X=0 Y=0 Z=0 FlatVerts=1434 SlopeVerts=13392
[+22:38:08.958] VoxelChunk: GenerateAsync (-2,-2,1)
[+22:38:08.959] VoxelMesh: Chunk X=-2 Y=-2 Z=1 FlatVerts=0 SlopeVerts=576
[+22:38:09.054] VoxelMesh: Chunk X=0 Y=0 Z=0 FlatVerts=7932 SlopeVerts=1092
[+22:38:09.067] VoxelChunk: GenerateAsync (-2,-1,-1)
[+22:38:09.068] VoxelMesh: Chunk X=-2 Y=-1 Z=-1 FlatVerts=0 SlopeVerts=0
[+22:38:09.168] VoxelMesh: Chunk X=0 Y=0 Z=0 FlatVerts=0 SlopeVerts=0
[+22:38:09.168] VoxelChunk: GenerateAsync (1,-1,-2)
[+22:38:09.170] VoxelMesh: Chunk X=1 Y=-1 Z=-2 FlatVerts=0 SlopeVerts=0
[+22:38:09.267] VoxelMesh: Chunk X=0 Y=0 Z=0 FlatVerts=12 SlopeVerts=30
[+22:38:09.268] VoxelChunk: GenerateAsync (2,-1,-1)
[+22:38:09.268] VoxelMesh: Chunk X=2 Y=-1 Z=-1 FlatVerts=0 SlopeVerts=0
[+22:38:09.372] VoxelMesh: Chunk X=0 Y=0 Z=0 FlatVerts=8928 SlopeVerts=1170
[+22:38:09.384] VoxelChunk: GenerateAsync (1,2,-1)
[+22:38:09.385] VoxelMesh: Chunk X=1 Y=2 Z=-1 FlatVerts=0 SlopeVerts=0
[+22:38:09.482] VoxelMesh: Chunk X=0 Y=0 Z=0 FlatVerts=1302 SlopeVerts=20760
[+22:38:09.499] VoxelChunk: GenerateAsync (-1,-2,1)
[+22:38:09.500] VoxelMesh: Chunk X=-1 Y=-2 Z=1 FlatVerts=18 SlopeVerts=168
[+22:38:09.581] VoxelMesh: Chunk X=0 Y=0 Z=0 FlatVerts=324 SlopeVerts=1146
[+22:38:09.583] VoxelChunk: GenerateAsync (2,0,-1)
[+22:38:09.583] VoxelMesh: Chunk X=2 Y=0 Z=-1 FlatVerts=0 SlopeVerts=0
[+22:38:09.684] VoxelMesh: Chunk X=0 Y=0 Z=0 FlatVerts=0 SlopeVerts=0
[+22:38:09.684] VoxelChunk: GenerateAsync (-2,0,-2)
[+22:38:09.685] VoxelMesh: Chunk X=-2 Y=0 Z=-2 FlatVerts=0 SlopeVerts=0
[+22:38:09.788] VoxelMesh: Chunk X=0 Y=0 Z=0 FlatVerts=0 SlopeVerts=0
[+22:38:09.788] VoxelChunk: GenerateAsync (1,0,-2)
[+22:38:09.790] VoxelMesh: Chunk X=1 Y=0 Z=-2 FlatVerts=0 SlopeVerts=0
[+22:38:09.891] VoxelMesh: Chunk X=0 Y=0 Z=0 FlatVerts=72 SlopeVerts=4344
[+22:38:09.893] VoxelChunk: GenerateAsync (2,-2,0)
[+22:38:09.895] VoxelMesh: Chunk X=2 Y=-2 Z=0 FlatVerts=0 SlopeVerts=156
[+22:38:09.994] VoxelMesh: Chunk X=0 Y=0 Z=0 FlatVerts=9240 SlopeVerts=966
[+22:38:10.007] VoxelChunk: GenerateAsync (-2,2,-1)
[+22:38:10.009] VoxelMesh: Chunk X=-2 Y=2 Z=-1 FlatVerts=0 SlopeVerts=0
[+22:38:10.096] VoxelMesh: Chunk X=0 Y=0 Z=0 FlatVerts=10794 SlopeVerts=264
[+22:38:10.111] VoxelChunk: GenerateAsync (0,2,-1)
[+22:38:10.112] VoxelMesh: Chunk X=0 Y=2 Z=-1 FlatVerts=0 SlopeVerts=0
[+22:38:10.202] VoxelMesh: Chunk X=0 Y=0 Z=0 FlatVerts=10326 SlopeVerts=6
[+22:38:10.215] VoxelChunk: GenerateAsync (-2,1,0)
[+22:38:10.217] VoxelMesh: Chunk X=-2 Y=1 Z=0 FlatVerts=0 SlopeVerts=0
[+22:38:10.304] VoxelMesh: Chunk X=0 Y=0 Z=0 FlatVerts=0 SlopeVerts=0
[+22:38:10.304] VoxelChunk: GenerateAsync (0,1,-2)
[+22:38:10.306] VoxelMesh: Chunk X=0 Y=1 Z=-2 FlatVerts=0 SlopeVerts=0
[+22:38:10.404] VoxelMesh: Chunk X=0 Y=0 Z=0 FlatVerts=0 SlopeVerts=0
[+22:38:10.405] VoxelChunk: GenerateAsync (1,1,-2)
[+22:38:10.406] VoxelMesh: Chunk X=1 Y=1 Z=-2 FlatVerts=0 SlopeVerts=0
[+22:38:10.510] VoxelMesh: Chunk X=0 Y=0 Z=0 FlatVerts=0 SlopeVerts=0
[+22:38:10.510] VoxelChunk: GenerateAsync (2,1,-2)
[+22:38:10.512] VoxelMesh: Chunk X=2 Y=1 Z=-2 FlatVerts=0 SlopeVerts=0
[+22:38:10.616] VoxelMesh: Chunk X=0 Y=0 Z=0 FlatVerts=510 SlopeVerts=6414
[+22:38:10.621] VoxelChunk: GenerateAsync (0,-2,0)
[+22:38:10.622] VoxelMesh: Chunk X=0 Y=-2 Z=0 FlatVerts=0 SlopeVerts=0
[+22:38:10.976] VoxelMesh: Chunk X=0 Y=0 Z=0 FlatVerts=72 SlopeVerts=3438
[+22:38:10.978] VoxelChunk: GenerateAsync (1,-2,0)
[+22:38:10.979] VoxelMesh: Chunk X=1 Y=-2 Z=0 FlatVerts=0 SlopeVerts=0
[+22:38:11.310] VoxelMesh: Chunk X=0 Y=0 Z=0 FlatVerts=8580 SlopeVerts=2688
[+22:38:11.322] VoxelChunk: GenerateAsync (-2,-1,0)
[+22:38:11.324] VoxelMesh: Chunk X=-2 Y=-1 Z=0 FlatVerts=0 SlopeVerts=0
[+22:38:11.644] VoxelMesh: Chunk X=0 Y=0 Z=0 FlatVerts=0 SlopeVerts=0
[+22:38:11.644] VoxelChunk: GenerateAsync (-2,-3,-2)
[+22:38:11.646] VoxelMesh: Chunk X=-2 Y=-3 Z=-2 FlatVerts=0 SlopeVerts=0
[+22:38:11.976] VoxelMesh: Chunk X=0 Y=0 Z=0 FlatVerts=0 SlopeVerts=0
[+22:38:11.976] VoxelChunk: GenerateAsync (-3,2,-2)
[+22:38:11.978] VoxelMesh: Chunk X=-3 Y=2 Z=-2 FlatVerts=0 SlopeVerts=0
[+22:38:12.311] VoxelMesh: Chunk X=0 Y=0 Z=0 FlatVerts=0 SlopeVerts=660
[+22:38:12.312] VoxelChunk: GenerateAsync (3,-3,0)
[+22:38:12.313] VoxelMesh: Chunk X=3 Y=-3 Z=0 FlatVerts=0 SlopeVerts=0
[+22:38:12.645] VoxelMesh: Chunk X=0 Y=0 Z=0 FlatVerts=0 SlopeVerts=0
[+22:38:12.646] VoxelChunk: GenerateAsync (-1,-3,-2)
[+22:38:12.647] VoxelMesh: Chunk X=-1 Y=-3 Z=-2 FlatVerts=0 SlopeVerts=0
[+22:38:12.978] VoxelMesh: Chunk X=0 Y=0 Z=0 FlatVerts=0 SlopeVerts=0
[+22:38:12.979] VoxelChunk: GenerateAsync (3,1,-3)
[+22:38:12.980] VoxelMesh: Chunk X=3 Y=1 Z=-3 FlatVerts=0 SlopeVerts=0
[+22:38:13.312] VoxelMesh: Chunk X=0 Y=0 Z=0 FlatVerts=0 SlopeVerts=0
[+22:38:13.312] VoxelChunk: GenerateAsync (3,3,3)
[+22:38:13.314] VoxelMesh: Chunk X=3 Y=3 Z=3 FlatVerts=78 SlopeVerts=2466
[+22:38:13.646] VoxelMesh: Chunk X=0 Y=0 Z=0 FlatVerts=0 SlopeVerts=0
[+22:38:13.647] VoxelChunk: GenerateAsync (3,1,-2)
[+22:38:13.649] VoxelMesh: Chunk X=3 Y=1 Z=-2 FlatVerts=0 SlopeVerts=0
[+22:38:13.749] VoxelMesh: Chunk X=0 Y=0 Z=0 FlatVerts=5904 SlopeVerts=10266
[+22:38:13.774] VoxelChunk: GenerateAsync (-3,-2,0)
[+22:38:13.776] VoxelMesh: Chunk X=-3 Y=-2 Z=0 FlatVerts=0 SlopeVerts=0
[+22:38:13.856] VoxelMesh: Chunk X=0 Y=0 Z=0 FlatVerts=0 SlopeVerts=0
[+22:38:13.858] VoxelChunk: GenerateAsync (0,-3,-2)
[+22:38:13.858] VoxelMesh: Chunk X=0 Y=-3 Z=-2 FlatVerts=0 SlopeVerts=0
[+22:38:13.956] VoxelMesh: Chunk X=0 Y=0 Z=0 FlatVerts=8664 SlopeVerts=2394
[+22:38:13.974] VoxelChunk: GenerateAsync (-3,-1,0)
[+22:38:13.976] VoxelMesh: Chunk X=-3 Y=-1 Z=0 FlatVerts=0 SlopeVerts=0
[+22:38:14.063] VoxelMesh: Chunk X=0 Y=0 Z=0 FlatVerts=0 SlopeVerts=0
[+22:38:14.064] VoxelChunk: GenerateAsync (1,-3,-2)
[+22:38:14.065] VoxelMesh: Chunk X=1 Y=-3 Z=-2 FlatVerts=0 SlopeVerts=0
[+22:38:14.161] VoxelMesh: Chunk X=0 Y=0 Z=0 FlatVerts=0 SlopeVerts=0
[+22:38:14.161] VoxelChunk: GenerateAsync (-3,2,-3)
[+22:38:14.163] VoxelMesh: Chunk X=-3 Y=2 Z=-3 FlatVerts=0 SlopeVerts=0
[+22:38:14.264] VoxelMesh: Chunk X=0 Y=0 Z=0 FlatVerts=0 SlopeVerts=0
[+22:38:14.264] VoxelChunk: GenerateAsync (2,0,-3)
[+22:38:14.266] VoxelMesh: Chunk X=2 Y=0 Z=-3 FlatVerts=0 SlopeVerts=0
[+22:38:14.367] VoxelMesh: Chunk X=0 Y=0 Z=0 FlatVerts=0 SlopeVerts=0
[+22:38:14.367] VoxelChunk: GenerateAsync (3,2,-2)
[+22:38:14.369] VoxelMesh: Chunk X=3 Y=2 Z=-2 FlatVerts=0 SlopeVerts=0
[+22:38:14.474] VoxelMesh: Chunk X=0 Y=0 Z=0 FlatVerts=0 SlopeVerts=0
[+22:38:14.474] VoxelChunk: GenerateAsync (-3,3,-2)
[+22:38:14.476] VoxelMesh: Chunk X=-3 Y=3 Z=-2 FlatVerts=0 SlopeVerts=0
[+22:38:14.576] VoxelMesh: Chunk X=0 Y=0 Z=0 FlatVerts=0 SlopeVerts=0
[+22:38:14.576] VoxelChunk: GenerateAsync (2,-3,-2)
[+22:38:14.578] VoxelMesh: Chunk X=2 Y=-3 Z=-2 FlatVerts=0 SlopeVerts=0
[+22:38:14.678] VoxelMesh: Chunk X=0 Y=0 Z=0 FlatVerts=0 SlopeVerts=0
[+22:38:14.678] VoxelChunk: GenerateAsync (-2,3,-2)
[+22:38:14.679] VoxelMesh: Chunk X=-2 Y=3 Z=-2 FlatVerts=0 SlopeVerts=0
[+22:38:14.779] VoxelMesh: Chunk X=0 Y=0 Z=0 FlatVerts=0 SlopeVerts=0
[+22:38:14.780] VoxelChunk: GenerateAsync (-1,3,-2)
[+22:38:14.781] VoxelMesh: Chunk X=-1 Y=3 Z=-2 FlatVerts=0 SlopeVerts=0
[+22:38:14.886] VoxelMesh: Chunk X=0 Y=0 Z=0 FlatVerts=0 SlopeVerts=0
[+22:38:14.886] VoxelChunk: GenerateAsync (3,-3,-2)
[+22:38:14.888] VoxelMesh: Chunk X=3 Y=-3 Z=-2 FlatVerts=0 SlopeVerts=0
[+22:38:14.990] VoxelMesh: Chunk X=0 Y=0 Z=0 FlatVerts=0 SlopeVerts=0
[+22:38:14.991] VoxelChunk: GenerateAsync (-2,2,-3)
[+22:38:14.992] VoxelMesh: Chunk X=-2 Y=2 Z=-3 FlatVerts=0 SlopeVerts=0
[+22:38:15.094] VoxelMesh: Chunk X=0 Y=0 Z=0 FlatVerts=0 SlopeVerts=0
[+22:38:15.094] VoxelChunk: GenerateAsync (0,3,-2)
[+22:38:15.095] VoxelMesh: Chunk X=0 Y=3 Z=-2 FlatVerts=0 SlopeVerts=0
[+22:38:15.197] VoxelMesh: Chunk X=0 Y=0 Z=0 FlatVerts=0 SlopeVerts=0
[+22:38:15.198] VoxelChunk: GenerateAsync (1,3,-2)
[+22:38:15.199] VoxelMesh: Chunk X=1 Y=3 Z=-2 FlatVerts=0 SlopeVerts=0
[+22:38:15.300] VoxelMesh: Chunk X=0 Y=0 Z=0 FlatVerts=0 SlopeVerts=0
[+22:38:15.301] VoxelChunk: GenerateAsync (-3,-2,-2)
[+22:38:15.302] VoxelMesh: Chunk X=-3 Y=-2 Z=-2 FlatVerts=0 SlopeVerts=0
[+22:38:15.406] VoxelMesh: Chunk X=0 Y=0 Z=0 FlatVerts=0 SlopeVerts=0
[+22:38:15.406] VoxelChunk: GenerateAsync (2,3,-2)
[+22:38:15.408] VoxelMesh: Chunk X=2 Y=3 Z=-2 FlatVerts=0 SlopeVerts=0
[+22:38:15.510] VoxelMesh: Chunk X=0 Y=0 Z=0 FlatVerts=0 SlopeVerts=0
[+22:38:15.512] VoxelChunk: GenerateAsync (-1,-3,-3)
[+22:38:15.513] VoxelMesh: Chunk X=-1 Y=-3 Z=-3 FlatVerts=0 SlopeVerts=0
[+22:38:15.848] VoxelMesh: Chunk X=0 Y=0 Z=0 FlatVerts=0 SlopeVerts=0
[+22:38:15.849] VoxelChunk: GenerateAsync (3,3,-2)
[+22:38:15.850] VoxelMesh: Chunk X=3 Y=3 Z=-2 FlatVerts=0 SlopeVerts=0
[+22:38:16.181] VoxelMesh: Chunk X=0 Y=0 Z=0 FlatVerts=0 SlopeVerts=0
[+22:38:16.181] VoxelChunk: GenerateAsync (-1,2,-3)
[+22:38:16.183] VoxelMesh: Chunk X=-1 Y=2 Z=-3 FlatVerts=0 SlopeVerts=0
[+22:38:16.515] VoxelMesh: Chunk X=0 Y=0 Z=0 FlatVerts=0 SlopeVerts=0
[+22:38:16.516] VoxelChunk: GenerateAsync (3,0,-3)
[+22:38:16.517] VoxelMesh: Chunk X=3 Y=0 Z=-3 FlatVerts=0 SlopeVerts=0
[+22:38:16.848] VoxelMesh: Chunk X=0 Y=0 Z=0 FlatVerts=0 SlopeVerts=0
[+22:38:16.848] VoxelChunk: GenerateAsync (-2,0,-3)
[+22:38:16.849] VoxelMesh: Chunk X=-2 Y=0 Z=-3 FlatVerts=0 SlopeVerts=0
[+22:38:17.178] VoxelMesh: Chunk X=0 Y=0 Z=0 FlatVerts=1638 SlopeVerts=2652
[+22:38:17.182] VoxelChunk: GenerateAsync (-3,-3,-1)
[+22:38:17.183] VoxelMesh: Chunk X=-3 Y=-3 Z=-1 FlatVerts=0 SlopeVerts=0
[+22:38:17.512] VoxelMesh: Chunk X=0 Y=0 Z=0 FlatVerts=6810 SlopeVerts=10068
[+22:38:17.527] VoxelChunk: GenerateAsync (3,1,0)
[+22:38:17.529] VoxelMesh: Chunk X=3 Y=1 Z=0 FlatVerts=18 SlopeVerts=156
[+22:38:17.846] VoxelMesh: Chunk X=0 Y=0 Z=0 FlatVerts=1212 SlopeVerts=1014
[+22:38:17.849] VoxelChunk: GenerateAsync (-2,-3,-1)
[+22:38:17.850] VoxelMesh: Chunk X=-2 Y=-3 Z=-1 FlatVerts=0 SlopeVerts=0
[+22:38:18.180] VoxelMesh: Chunk X=0 Y=0 Z=0 FlatVerts=0 SlopeVerts=6
[+22:38:18.180] VoxelChunk: GenerateAsync (-1,-3,-1)
[+22:38:18.182] VoxelMesh: Chunk X=-1 Y=-3 Z=-1 FlatVerts=0 SlopeVerts=0
[+22:38:18.515] VoxelMesh: Chunk X=0 Y=0 Z=0 FlatVerts=0 SlopeVerts=0
[+22:38:18.515] VoxelChunk: GenerateAsync (1,-1,-3)
[+22:38:18.516] VoxelMesh: Chunk X=1 Y=-1 Z=-3 FlatVerts=0 SlopeVerts=0
[+22:38:18.848] VoxelMesh: Chunk X=0 Y=0 Z=0 FlatVerts=0 SlopeVerts=0
[+22:38:18.848] VoxelChunk: GenerateAsync (0,2,-3)
[+22:38:18.850] VoxelMesh: Chunk X=0 Y=2 Z=-3 FlatVerts=0 SlopeVerts=0
[+22:38:19.181] VoxelMesh: Chunk X=0 Y=0 Z=0 FlatVerts=0 SlopeVerts=0
[+22:38:19.181] VoxelChunk: GenerateAsync (2,-3,-1)
[+22:38:19.182] VoxelMesh: Chunk X=2 Y=-3 Z=-1 FlatVerts=0 SlopeVerts=0
[+22:38:19.515] VoxelMesh: Chunk X=0 Y=0 Z=0 FlatVerts=0 SlopeVerts=0
[+22:38:19.515] VoxelChunk: GenerateAsync (3,-3,-1)
[+22:38:19.516] VoxelMesh: Chunk X=3 Y=-3 Z=-1 FlatVerts=0 SlopeVerts=0
[+22:38:19.847] VoxelMesh: Chunk X=0 Y=0 Z=0 FlatVerts=4068 SlopeVerts=1104
[+22:38:19.852] VoxelChunk: GenerateAsync (-3,-2,-1)
[+22:38:19.854] VoxelMesh: Chunk X=-3 Y=-2 Z=-1 FlatVerts=0 SlopeVerts=0
[+22:38:20.181] VoxelMesh: Chunk X=0 Y=0 Z=0 FlatVerts=0 SlopeVerts=0
[+22:38:20.182] VoxelChunk: GenerateAsync (1,2,-3)
[+22:38:20.183] VoxelMesh: Chunk X=1 Y=2 Z=-3 FlatVerts=0 SlopeVerts=0
[+22:38:20.514] VoxelMesh: Chunk X=0 Y=0 Z=0 FlatVerts=0 SlopeVerts=0
[+22:38:20.514] VoxelChunk: GenerateAsync (-3,1,-3)
[+22:38:20.516] VoxelMesh: Chunk X=-3 Y=1 Z=-3 FlatVerts=0 SlopeVerts=0
[+22:38:20.848] VoxelMesh: Chunk X=0 Y=0 Z=0 FlatVerts=0 SlopeVerts=0
[+22:38:20.848] VoxelChunk: GenerateAsync (3,-2,-2)
[+22:38:20.850] VoxelMesh: Chunk X=3 Y=-2 Z=-2 FlatVerts=0 SlopeVerts=0
[+22:38:21.180] VoxelMesh: Chunk X=0 Y=0 Z=0 FlatVerts=0 SlopeVerts=0
[+22:38:21.180] VoxelChunk: GenerateAsync (-3,-1,-2)
[+22:38:21.181] VoxelMesh: Chunk X=-3 Y=-1 Z=-2 FlatVerts=0 SlopeVerts=0
[+22:38:21.514] VoxelMesh: Chunk X=0 Y=0 Z=0 FlatVerts=0 SlopeVerts=0
[+22:38:21.515] VoxelChunk: GenerateAsync (2,2,-3)
[+22:38:21.516] VoxelMesh: Chunk X=2 Y=2 Z=-3 FlatVerts=0 SlopeVerts=0
[+22:38:21.848] VoxelMesh: Chunk X=0 Y=0 Z=0 FlatVerts=0 SlopeVerts=0
[+22:38:21.849] VoxelChunk: GenerateAsync (0,-1,-3)
[+22:38:21.850] VoxelMesh: Chunk X=0 Y=-1 Z=-3 FlatVerts=0 SlopeVerts=0
[+22:38:22.178] VoxelMesh: Chunk X=0 Y=0 Z=0 FlatVerts=8286 SlopeVerts=942
[+22:38:22.189] VoxelChunk: GenerateAsync (-3,-1,-1)
[+22:38:22.190] VoxelMesh: Chunk X=-3 Y=-1 Z=-1 FlatVerts=0 SlopeVerts=0
[+22:38:22.516] VoxelMesh: Chunk X=0 Y=0 Z=0 FlatVerts=0 SlopeVerts=0
[+22:38:22.516] VoxelChunk: GenerateAsync (3,2,-3)
[+22:38:22.518] VoxelMesh: Chunk X=3 Y=2 Z=-3 FlatVerts=0 SlopeVerts=0
[+22:38:22.848] VoxelMesh: Chunk X=0 Y=0 Z=0 FlatVerts=0 SlopeVerts=0
[+22:38:22.849] VoxelChunk: GenerateAsync (-2,1,-3)
[+22:38:22.850] VoxelMesh: Chunk X=-2 Y=1 Z=-3 FlatVerts=0 SlopeVerts=0
[+22:38:23.181] VoxelMesh: Chunk X=0 Y=0 Z=0 FlatVerts=0 SlopeVerts=0
[+22:38:23.182] VoxelChunk: GenerateAsync (-1,0,-3)
[+22:38:23.182] VoxelMesh: Chunk X=-1 Y=0 Z=-3 FlatVerts=0 SlopeVerts=0
[+22:38:23.515] VoxelMesh: Chunk X=0 Y=0 Z=0 FlatVerts=0 SlopeVerts=0
[+22:38:23.516] VoxelChunk: GenerateAsync (3,-1,-3)
[+22:38:23.517] VoxelMesh: Chunk X=3 Y=-1 Z=-3 FlatVerts=0 SlopeVerts=0
[+22:38:23.849] VoxelMesh: Chunk X=0 Y=0 Z=0 FlatVerts=0 SlopeVerts=0
[+22:38:23.850] VoxelChunk: GenerateAsync (-2,-1,-3)
[+22:38:23.851] VoxelMesh: Chunk X=-2 Y=-1 Z=-3 FlatVerts=0 SlopeVerts=0
[+22:38:24.181] VoxelMesh: Chunk X=0 Y=0 Z=0 FlatVerts=0 SlopeVerts=0
[+22:38:24.182] VoxelChunk: GenerateAsync (-3,-1,-3)
[+22:38:24.182] VoxelMesh: Chunk X=-3 Y=-1 Z=-3 FlatVerts=0 SlopeVerts=0
[+22:38:24.515] VoxelMesh: Chunk X=0 Y=0 Z=0 FlatVerts=0 SlopeVerts=0
[+22:38:24.515] VoxelChunk: GenerateAsync (3,-2,-3)
[+22:38:24.516] VoxelMesh: Chunk X=3 Y=-2 Z=-3 FlatVerts=0 SlopeVerts=0
[+22:38:24.848] VoxelMesh: Chunk X=0 Y=0 Z=0 FlatVerts=0 SlopeVerts=0
[+22:38:24.849] VoxelChunk: GenerateAsync (-3,3,-3)
[+22:38:24.850] VoxelMesh: Chunk X=-3 Y=3 Z=-3 FlatVerts=0 SlopeVerts=0
[+22:38:25.182] VoxelMesh: Chunk X=0 Y=0 Z=0 FlatVerts=0 SlopeVerts=0
[+22:38:25.182] VoxelChunk: GenerateAsync (3,-1,-1)
[+22:38:25.184] VoxelMesh: Chunk X=3 Y=-1 Z=-1 FlatVerts=0 SlopeVerts=0
[+22:38:25.512] VoxelMesh: Chunk X=0 Y=0 Z=0 FlatVerts=9894 SlopeVerts=576
[+22:38:25.528] VoxelChunk: GenerateAsync (-3,0,-1)
[+22:38:25.530] VoxelMesh: Chunk X=-3 Y=0 Z=-1 FlatVerts=0 SlopeVerts=0
[+22:38:25.850] VoxelMesh: Chunk X=0 Y=0 Z=0 FlatVerts=0 SlopeVerts=0
[+22:38:25.850] VoxelChunk: GenerateAsync (2,-2,-3)
[+22:38:25.852] VoxelMesh: Chunk X=2 Y=-2 Z=-3 FlatVerts=0 SlopeVerts=0
[+22:38:26.182] VoxelMesh: Chunk X=0 Y=0 Z=0 FlatVerts=0 SlopeVerts=0
[+22:38:26.182] VoxelChunk: GenerateAsync (3,-1,-2)
[+22:38:26.184] VoxelMesh: Chunk X=3 Y=-1 Z=-2 FlatVerts=0 SlopeVerts=0
[+22:38:26.516] VoxelMesh: Chunk X=0 Y=0 Z=0 FlatVerts=0 SlopeVerts=0
[+22:38:26.516] VoxelChunk: GenerateAsync (-2,3,-3)
[+22:38:26.518] VoxelMesh: Chunk X=-2 Y=3 Z=-3 FlatVerts=0 SlopeVerts=0
[+22:38:26.849] VoxelMesh: Chunk X=0 Y=0 Z=0 FlatVerts=0 SlopeVerts=0
[+22:38:26.850] VoxelChunk: GenerateAsync (-1,1,-3)
[+22:38:26.851] VoxelMesh: Chunk X=-1 Y=1 Z=-3 FlatVerts=0 SlopeVerts=0
[+22:38:27.182] VoxelMesh: Chunk X=0 Y=0 Z=0 FlatVerts=0 SlopeVerts=0
[+22:38:27.182] VoxelChunk: GenerateAsync (1,-2,-3)
[+22:38:27.184] VoxelMesh: Chunk X=1 Y=-2 Z=-3 FlatVerts=0 SlopeVerts=0
[+22:38:27.516] VoxelMesh: Chunk X=0 Y=0 Z=0 FlatVerts=0 SlopeVerts=0
[+22:38:27.516] VoxelChunk: GenerateAsync (0,-2,-3)
[+22:38:27.518] VoxelMesh: Chunk X=0 Y=-2 Z=-3 FlatVerts=0 SlopeVerts=0
[+22:38:27.850] VoxelMesh: Chunk X=0 Y=0 Z=0 FlatVerts=0 SlopeVerts=0
[+22:38:27.850] VoxelChunk: GenerateAsync (-3,0,-2)
[+22:38:27.852] VoxelMesh: Chunk X=-3 Y=0 Z=-2 FlatVerts=0 SlopeVerts=0
[+22:38:28.181] VoxelMesh: Chunk X=0 Y=0 Z=0 FlatVerts=54 SlopeVerts=834
[+22:38:28.182] VoxelChunk: GenerateAsync (3,0,-1)
[+22:38:28.183] VoxelMesh: Chunk X=3 Y=0 Z=-1 FlatVerts=0 SlopeVerts=0
[+22:38:28.516] VoxelMesh: Chunk X=0 Y=0 Z=0 FlatVerts=0 SlopeVerts=0
[+22:38:28.516] VoxelChunk: GenerateAsync (-1,3,-3)
[+22:38:28.518] VoxelMesh: Chunk X=-1 Y=3 Z=-3 FlatVerts=0 SlopeVerts=0
[+22:38:28.846] VoxelMesh: Chunk X=0 Y=0 Z=0 FlatVerts=8646 SlopeVerts=1470
[+22:38:28.858] VoxelChunk: GenerateAsync (-3,1,-1)
[+22:38:28.859] VoxelMesh: Chunk X=-3 Y=1 Z=-1 FlatVerts=0 SlopeVerts=0
[+22:38:29.183] VoxelMesh: Chunk X=0 Y=0 Z=0 FlatVerts=0 SlopeVerts=0
[+22:38:29.184] VoxelChunk: GenerateAsync (-1,-2,-3)
[+22:38:29.185] VoxelMesh: Chunk X=-1 Y=-2 Z=-3 FlatVerts=0 SlopeVerts=0
[+22:38:29.516] VoxelMesh: Chunk X=0 Y=0 Z=0 FlatVerts=0 SlopeVerts=0
[+22:38:29.516] VoxelChunk: GenerateAsync (-2,-2,-3)
[+22:38:29.518] VoxelMesh: Chunk X=-2 Y=-2 Z=-3 FlatVerts=0 SlopeVerts=0
[+22:38:29.851] VoxelMesh: Chunk X=0 Y=0 Z=0 FlatVerts=0 SlopeVerts=0
[+22:38:29.851] VoxelChunk: GenerateAsync (0,3,-3)
[+22:38:29.852] VoxelMesh: Chunk X=0 Y=3 Z=-3 FlatVerts=0 SlopeVerts=0
[+22:38:30.185] VoxelMesh: Chunk X=0 Y=0 Z=0 FlatVerts=0 SlopeVerts=0
[+22:38:30.185] VoxelChunk: GenerateAsync (0,1,-3)
[+22:38:30.186] VoxelMesh: Chunk X=0 Y=1 Z=-3 FlatVerts=0 SlopeVerts=0
[+22:38:30.515] VoxelMesh: Chunk X=0 Y=0 Z=0 FlatVerts=0 SlopeVerts=0
[+22:38:30.515] VoxelChunk: GenerateAsync (3,3,-1)
[+22:38:30.516] VoxelMesh: Chunk X=3 Y=3 Z=-1 FlatVerts=0 SlopeVerts=0
[+22:38:30.849] VoxelMesh: Chunk X=0 Y=0 Z=0 FlatVerts=0 SlopeVerts=0
[+22:38:30.850] VoxelChunk: GenerateAsync (0,0,-3)
[+22:38:30.851] VoxelMesh: Chunk X=0 Y=0 Z=-3 FlatVerts=0 SlopeVerts=0
[+22:38:31.181] VoxelMesh: Chunk X=0 Y=0 Z=0 FlatVerts=2568 SlopeVerts=11472
[+22:38:31.192] VoxelChunk: GenerateAsync (-2,-3,0)
[+22:38:31.193] VoxelMesh: Chunk X=-2 Y=-3 Z=0 FlatVerts=0 SlopeVerts=0
[+22:38:31.513] VoxelMesh: Chunk X=0 Y=0 Z=0 FlatVerts=336 SlopeVerts=4980
[+22:38:31.517] VoxelChunk: GenerateAsync (-1,-3,0)
[+22:38:31.518] VoxelMesh: Chunk X=-1 Y=-3 Z=0 FlatVerts=0 SlopeVerts=30
[+22:38:31.848] VoxelMesh: Chunk X=0 Y=0 Z=0 FlatVerts=48 SlopeVerts=1284
[+22:38:31.849] VoxelChunk: GenerateAsync (0,-3,0)
[+22:38:31.851] VoxelMesh: Chunk X=0 Y=-3 Z=0 FlatVerts=0 SlopeVerts=0
[+22:38:32.188] VoxelMesh: Chunk X=0 Y=0 Z=0 FlatVerts=36 SlopeVerts=216
[+22:38:32.188] VoxelChunk: GenerateAsync (1,-3,0)
[+22:38:32.190] VoxelMesh: Chunk X=1 Y=-3 Z=0 FlatVerts=0 SlopeVerts=0
[+22:38:32.515] VoxelMesh: Chunk X=0 Y=0 Z=0 FlatVerts=0 SlopeVerts=660
[+22:38:32.516] VoxelChunk: GenerateAsync (2,-3,0)
[+22:38:32.517] VoxelMesh: Chunk X=2 Y=-3 Z=0 FlatVerts=0 SlopeVerts=0
[+22:38:32.851] VoxelMesh: Chunk X=0 Y=0 Z=0 FlatVerts=0 SlopeVerts=0
[+22:38:32.852] VoxelChunk: GenerateAsync (-3,-2,-3)
[+22:38:32.852] VoxelMesh: Chunk X=-3 Y=-2 Z=-3 FlatVerts=0 SlopeVerts=0
[+22:38:33.182] VoxelMesh: Chunk X=0 Y=0 Z=0 FlatVerts=612 SlopeVerts=1296
[+22:38:33.184] VoxelChunk: GenerateAsync (3,1,-1)
[+22:38:33.186] VoxelMesh: Chunk X=3 Y=1 Z=-1 FlatVerts=0 SlopeVerts=0
[+22:38:33.515] VoxelMesh: Chunk X=0 Y=0 Z=0 FlatVerts=5388 SlopeVerts=1914
[+22:38:33.524] VoxelChunk: GenerateAsync (-3,2,-1)
[+22:38:33.526] VoxelMesh: Chunk X=-3 Y=2 Z=-1 FlatVerts=0 SlopeVerts=0
[+22:38:33.866] VoxelMesh: Chunk X=0 Y=0 Z=0 FlatVerts=0 SlopeVerts=0
[+22:38:33.866] VoxelChunk: GenerateAsync (1,3,-3)
[+22:38:33.868] VoxelMesh: Chunk X=1 Y=3 Z=-3 FlatVerts=0 SlopeVerts=0
[+22:38:34.182] VoxelMesh: Chunk X=0 Y=0 Z=0 FlatVerts=0 SlopeVerts=0
[+22:38:34.183] VoxelChunk: GenerateAsync (3,0,-2)
[+22:38:34.184] VoxelMesh: Chunk X=3 Y=0 Z=-2 FlatVerts=0 SlopeVerts=0
[+22:38:34.514] VoxelMesh: Chunk X=0 Y=0 Z=0 FlatVerts=0 SlopeVerts=0
[+22:38:34.514] VoxelChunk: GenerateAsync (-3,1,-2)
[+22:38:34.515] VoxelMesh: Chunk X=-3 Y=1 Z=-2 FlatVerts=0 SlopeVerts=0
[+22:38:34.851] VoxelMesh: Chunk X=0 Y=0 Z=0 FlatVerts=0 SlopeVerts=0
[+22:38:34.851] VoxelChunk: GenerateAsync (2,3,-3)
[+22:38:34.852] VoxelMesh: Chunk X=2 Y=3 Z=-3 FlatVerts=0 SlopeVerts=0
[+22:38:35.183] VoxelMesh: Chunk X=0 Y=0 Z=0 FlatVerts=0 SlopeVerts=2418
[+22:38:35.185] VoxelChunk: GenerateAsync (3,-2,0)
[+22:38:35.186] VoxelMesh: Chunk X=3 Y=-2 Z=0 FlatVerts=0 SlopeVerts=102
[+22:38:35.528] VoxelMesh: Chunk X=0 Y=0 Z=0 FlatVerts=0 SlopeVerts=0
[+22:38:35.528] VoxelChunk: GenerateAsync (1,1,-3)
[+22:38:35.530] VoxelMesh: Chunk X=1 Y=1 Z=-3 FlatVerts=0 SlopeVerts=0
[+22:38:35.851] VoxelMesh: Chunk X=0 Y=0 Z=0 FlatVerts=558 SlopeVerts=462
[+22:38:35.852] VoxelChunk: GenerateAsync (3,2,-1)
[+22:38:35.854] VoxelMesh: Chunk X=3 Y=2 Z=-1 FlatVerts=0 SlopeVerts=0
[+22:38:35.955] VoxelMesh: Chunk X=0 Y=0 Z=0 FlatVerts=0 SlopeVerts=0
[+22:38:35.955] VoxelChunk: GenerateAsync (3,-3,-3)
[+22:38:35.957] VoxelMesh: Chunk X=3 Y=-3 Z=-3 FlatVerts=0 SlopeVerts=0
[+22:38:36.058] VoxelMesh: Chunk X=0 Y=0 Z=0 FlatVerts=0 SlopeVerts=0
[+22:38:36.058] VoxelChunk: GenerateAsync (2,-3,-3)
[+22:38:36.060] VoxelMesh: Chunk X=2 Y=-3 Z=-3 FlatVerts=0 SlopeVerts=0
[+22:38:36.158] VoxelMesh: Chunk X=0 Y=0 Z=0 FlatVerts=0 SlopeVerts=0
[+22:38:36.159] VoxelChunk: GenerateAsync (1,-3,-3)
[+22:38:36.160] VoxelMesh: Chunk X=1 Y=-3 Z=-3 FlatVerts=0 SlopeVerts=0
[+22:38:36.257] VoxelMesh: Chunk X=0 Y=0 Z=0 FlatVerts=2340 SlopeVerts=1830
[+22:38:36.261] VoxelChunk: GenerateAsync (-3,3,-1)
[+22:38:36.263] VoxelMesh: Chunk X=-3 Y=3 Z=-1 FlatVerts=0 SlopeVerts=0
[+22:38:36.357] VoxelMesh: Chunk X=0 Y=0 Z=0 FlatVerts=30 SlopeVerts=2028
[+22:38:36.360] VoxelChunk: GenerateAsync (3,-1,0)
[+22:38:36.360] VoxelMesh: Chunk X=3 Y=-1 Z=0 FlatVerts=312 SlopeVerts=462
[+22:38:36.465] VoxelMesh: Chunk X=0 Y=0 Z=0 FlatVerts=9894 SlopeVerts=576
[+22:38:36.479] VoxelChunk: GenerateAsync (-3,0,0)
[+22:38:36.481] VoxelMesh: Chunk X=-3 Y=0 Z=0 FlatVerts=0 SlopeVerts=0
[+22:38:36.564] VoxelMesh: Chunk X=0 Y=0 Z=0 FlatVerts=6054 SlopeVerts=2346
[+22:38:36.573] VoxelChunk: GenerateAsync (-2,3,-1)
[+22:38:36.575] VoxelMesh: Chunk X=-2 Y=3 Z=-1 FlatVerts=0 SlopeVerts=0
[+22:38:36.665] VoxelMesh: Chunk X=0 Y=0 Z=0 FlatVerts=0 SlopeVerts=0
[+22:38:36.666] VoxelChunk: GenerateAsync (0,-3,-3)
[+22:38:36.667] VoxelMesh: Chunk X=0 Y=-3 Z=-3 FlatVerts=0 SlopeVerts=0
[+22:38:36.773] VoxelMesh: Chunk X=0 Y=0 Z=0 FlatVerts=0 SlopeVerts=0
[+22:38:36.773] VoxelChunk: GenerateAsync (3,3,-3)
[+22:38:36.775] VoxelMesh: Chunk X=3 Y=3 Z=-3 FlatVerts=0 SlopeVerts=0
[+22:38:36.872] VoxelMesh: Chunk X=0 Y=0 Z=0 FlatVerts=6948 SlopeVerts=1038
[+22:38:36.881] VoxelChunk: GenerateAsync (-1,3,-1)
[+22:38:36.882] VoxelMesh: Chunk X=-1 Y=3 Z=-1 FlatVerts=0 SlopeVerts=0
[+22:38:36.977] VoxelMesh: Chunk X=0 Y=0 Z=0 FlatVerts=6060 SlopeVerts=1098
[+22:38:36.985] VoxelChunk: GenerateAsync (0,3,-1)
[+22:38:36.986] VoxelMesh: Chunk X=0 Y=3 Z=-1 FlatVerts=0 SlopeVerts=0
[+22:38:37.084] VoxelMesh: Chunk X=0 Y=0 Z=0 FlatVerts=2526 SlopeVerts=7044
[+22:38:37.091] VoxelChunk: GenerateAsync (3,0,0)
[+22:38:37.092] VoxelMesh: Chunk X=3 Y=0 Z=0 FlatVerts=432 SlopeVerts=438
[+22:38:37.190] VoxelMesh: Chunk X=0 Y=0 Z=0 FlatVerts=9288 SlopeVerts=3306
[+22:38:37.204] VoxelChunk: GenerateAsync (-3,1,0)
[+22:38:37.206] VoxelMesh: Chunk X=-3 Y=1 Z=0 FlatVerts=0 SlopeVerts=0
[+22:38:38.228] VoxelMesh: Chunk X=0 Y=0 Z=0 FlatVerts=3792 SlopeVerts=1224
[+22:38:38.234] VoxelChunk: GenerateAsync (1,3,-1)
[+22:38:38.235] VoxelMesh: Chunk X=1 Y=3 Z=-1 FlatVerts=0 SlopeVerts=0
[+22:38:38.328] VoxelMesh: Chunk X=0 Y=0 Z=0 FlatVerts=954 SlopeVerts=588
[+22:38:38.330] VoxelChunk: GenerateAsync (2,3,-1)
[+22:38:38.331] VoxelMesh: Chunk X=2 Y=3 Z=-1 FlatVerts=0 SlopeVerts=0
[+22:38:38.421] VoxelMesh: Chunk X=0 Y=0 Z=0 FlatVerts=0 SlopeVerts=0
[+22:38:38.421] VoxelChunk: GenerateAsync (-2,-3,-3)
[+22:38:38.423] VoxelMesh: Chunk X=-2 Y=-3 Z=-3 FlatVerts=0 SlopeVerts=0
[+22:38:38.538] VoxelMesh: Chunk X=0 Y=0 Z=0 FlatVerts=0 SlopeVerts=0
[+22:38:38.538] VoxelChunk: GenerateAsync (-3,-3,-3)
[+22:38:38.540] VoxelMesh: Chunk X=-3 Y=-3 Z=-3 FlatVerts=0 SlopeVerts=0
[+22:38:38.644] VoxelMesh: Chunk X=0 Y=0 Z=0 FlatVerts=0 SlopeVerts=0
[+22:38:38.645] VoxelChunk: GenerateAsync (-3,-3,-2)
[+22:38:38.647] VoxelMesh: Chunk X=-3 Y=-3 Z=-2 FlatVerts=0 SlopeVerts=0
[+22:38:38.740] VoxelMesh: Chunk X=0 Y=0 Z=0 FlatVerts=0 SlopeVerts=0
[+22:38:38.740] VoxelChunk: GenerateAsync (2,1,-3)
[+22:38:38.741] VoxelMesh: Chunk X=2 Y=1 Z=-3 FlatVerts=0 SlopeVerts=0
[+22:38:38.836] VoxelMesh: Chunk X=0 Y=0 Z=0 FlatVerts=6204 SlopeVerts=7032
[+22:38:38.850] VoxelChunk: GenerateAsync (-3,2,0)
[+22:38:38.851] VoxelMesh: Chunk X=-3 Y=2 Z=0 FlatVerts=0 SlopeVerts=0
[+22:38:38.949] VoxelMesh: Chunk X=0 Y=0 Z=0 FlatVerts=0 SlopeVerts=0
[+22:38:38.949] VoxelChunk: GenerateAsync (1,0,-3)
[+22:38:38.951] VoxelMesh: Chunk X=1 Y=0 Z=-3 FlatVerts=0 SlopeVerts=0
[+22:38:39.055] VoxelMesh: Chunk X=0 Y=0 Z=0 FlatVerts=0 SlopeVerts=0
[+22:38:39.055] VoxelChunk: GenerateAsync (-3,0,-3)
[+22:38:39.056] VoxelMesh: Chunk X=-3 Y=0 Z=-3 FlatVerts=0 SlopeVerts=0
[+22:38:39.162] VoxelMesh: Chunk X=0 Y=0 Z=0 FlatVerts=0 SlopeVerts=0
[+22:38:39.163] VoxelChunk: GenerateAsync (2,-1,-3)
[+22:38:39.164] VoxelMesh: Chunk X=2 Y=-1 Z=-3 FlatVerts=0 SlopeVerts=0
[+22:38:39.269] VoxelMesh: Chunk X=0 Y=0 Z=0 FlatVerts=0 SlopeVerts=0
[+22:38:39.269] VoxelChunk: GenerateAsync (0,-3,-1)
[+22:38:39.271] VoxelMesh: Chunk X=0 Y=-3 Z=-1 FlatVerts=0 SlopeVerts=0
[+22:38:39.371] VoxelMesh: Chunk X=0 Y=0 Z=0 FlatVerts=0 SlopeVerts=0
[+22:38:39.371] VoxelChunk: GenerateAsync (1,-3,-1)
[+22:38:39.372] VoxelMesh: Chunk X=1 Y=-3 Z=-1 FlatVerts=0 SlopeVerts=0
[+22:38:39.471] VoxelMesh: Chunk X=0 Y=0 Z=0 FlatVerts=0 SlopeVerts=0
[+22:38:39.472] VoxelChunk: GenerateAsync (-1,-1,-3)
[+22:38:39.474] VoxelMesh: Chunk X=-1 Y=-1 Z=-3 FlatVerts=0 SlopeVerts=0
[+22:38:39.570] VoxelMesh: Chunk X=0 Y=0 Z=0 FlatVerts=7440 SlopeVerts=4200
[+22:38:39.582] VoxelChunk: GenerateAsync (3,2,0)
[+22:38:39.584] VoxelMesh: Chunk X=3 Y=2 Z=0 FlatVerts=0 SlopeVerts=0
[+22:38:43.220] VoxelWater: No owner or OceanPlaneMesh — skipping ocean.
[+22:38:43.220] VoxelWorld: GenerateWorldDeferred started.
[+22:38:43.220] VoxelWorld: Queued 440 chunks.
[+22:38:43.251] VoxelMesh: Chunk X=0 Y=0 Z=0 FlatVerts=3600 SlopeVerts=13656
[+22:38:43.253] VoxelChunk: GenerateAsync (1,0,0)
[+22:38:43.254] VoxelMesh: Chunk X=1 Y=0 Z=0 FlatVerts=852 SlopeVerts=1590
[+22:38:43.256] VoxelMesh: Chunk X=0 Y=0 Z=0 FlatVerts=4920 SlopeVerts=1614
[+22:38:43.256] VoxelChunk: GenerateAsync (-1,-1,-1)
[+22:38:43.258] VoxelMesh: Chunk X=-1 Y=-1 Z=-1 FlatVerts=0 SlopeVerts=0
[+22:38:43.261] VoxelMesh: Chunk X=0 Y=0 Z=0 FlatVerts=1476 SlopeVerts=876
[+22:38:43.262] VoxelChunk: GenerateAsync (0,-1,-1)
[+22:38:43.263] VoxelMesh: Chunk X=0 Y=-1 Z=-1 FlatVerts=0 SlopeVerts=0
[+22:38:43.268] VoxelMesh: Chunk X=0 Y=0 Z=0 FlatVerts=990 SlopeVerts=5526
[+22:38:43.269] VoxelChunk: GenerateAsync (1,1,1)
[+22:38:43.270] VoxelMesh: Chunk X=1 Y=1 Z=1 FlatVerts=0 SlopeVerts=0
[+22:38:43.336] VoxelMesh: Chunk X=0 Y=0 Z=0 FlatVerts=8916 SlopeVerts=882
[+22:38:43.338] VoxelChunk: GenerateAsync (-1,0,-1)
[+22:38:43.341] VoxelMesh: Chunk X=-1 Y=0 Z=-1 FlatVerts=0 SlopeVerts=0
[+22:38:43.344] VoxelMesh: Chunk X=0 Y=0 Z=0 FlatVerts=1050 SlopeVerts=10668
[+22:38:43.346] VoxelChunk: GenerateAsync (-1,-1,1)
[+22:38:43.347] VoxelMesh: Chunk X=-1 Y=-1 Z=1 FlatVerts=354 SlopeVerts=960
[+22:38:43.350] VoxelMesh: Chunk X=0 Y=0 Z=0 FlatVerts=8106 SlopeVerts=6354
[+22:38:43.352] VoxelChunk: GenerateAsync (1,1,0)
[+22:38:43.353] VoxelMesh: Chunk X=1 Y=1 Z=0 FlatVerts=2568 SlopeVerts=0
[+22:38:43.356] VoxelMesh: Chunk X=0 Y=0 Z=0 FlatVerts=9000 SlopeVerts=2982
[+22:38:43.358] VoxelChunk: GenerateAsync (-1,0,0)
[+22:38:43.359] VoxelMesh: Chunk X=-1 Y=0 Z=0 FlatVerts=2622 SlopeVerts=36
[+22:38:43.359] VoxelWater: Chunk X=1 Y=0 Z=0 emitted 68 procedural water vertices (Ocean/Pools)
[+22:38:43.380] VoxelMesh: Chunk X=0 Y=0 Z=0 FlatVerts=3906 SlopeVerts=9678
[+22:38:43.397] VoxelChunk: GenerateAsync (-3,3,0)
[+22:38:43.399] VoxelMesh: Chunk X=-3 Y=3 Z=0 FlatVerts=0 SlopeVerts=0
[+22:38:43.405] VoxelMesh: Chunk X=0 Y=0 Z=0 FlatVerts=0 SlopeVerts=0
[+22:38:43.405] VoxelChunk: GenerateAsync (-1,1,1)
[+22:38:43.409] VoxelMesh: Chunk X=-1 Y=1 Z=1 FlatVerts=0 SlopeVerts=0
[+22:38:43.410] VoxelMesh: Chunk X=0 Y=0 Z=0 FlatVerts=9804 SlopeVerts=2352
[+22:38:43.412] VoxelChunk: GenerateAsync (0,1,0)
[+22:38:43.413] VoxelMesh: Chunk X=0 Y=1 Z=0 FlatVerts=2652 SlopeVerts=0
[+22:38:43.415] VoxelMesh: Chunk X=0 Y=0 Z=0 FlatVerts=9636 SlopeVerts=678
[+22:38:43.417] VoxelChunk: GenerateAsync (0,1,-1)
[+22:38:43.418] VoxelMesh: Chunk X=0 Y=1 Z=-1 FlatVerts=0 SlopeVerts=0
[+22:38:43.423] VoxelMesh: Chunk X=0 Y=0 Z=0 FlatVerts=900 SlopeVerts=11400
[+22:38:43.424] VoxelChunk: GenerateAsync (1,-1,0)
[+22:38:43.425] VoxelMesh: Chunk X=1 Y=-1 Z=0 FlatVerts=264 SlopeVerts=1026
[+22:38:43.437] VoxelMesh: Chunk X=0 Y=0 Z=0 FlatVerts=5424 SlopeVerts=1548
[+22:38:43.439] VoxelChunk: GenerateAsync (0,0,-1)
[+22:38:43.440] VoxelMesh: Chunk X=0 Y=0 Z=-1 FlatVerts=0 SlopeVerts=0
[+22:38:43.446] VoxelMesh: Chunk X=0 Y=0 Z=0 FlatVerts=1608 SlopeVerts=20910
[+22:38:43.449] VoxelChunk: GenerateAsync (1,0,1)
[+22:38:43.451] VoxelMesh: Chunk X=1 Y=0 Z=1 FlatVerts=0 SlopeVerts=1962
[+22:38:43.455] VoxelMesh: Chunk X=0 Y=0 Z=0 FlatVerts=648 SlopeVerts=25776
[+22:38:43.457] VoxelChunk: GenerateAsync (1,-1,1)
[+22:38:43.459] VoxelMesh: Chunk X=1 Y=-1 Z=1 FlatVerts=0 SlopeVerts=2328
[+22:38:43.462] VoxelMesh: Chunk X=0 Y=0 Z=0 FlatVerts=10458 SlopeVerts=30
[+22:38:43.465] VoxelChunk: GenerateAsync (-1,1,0)
[+22:38:43.465] VoxelMesh: Chunk X=-1 Y=1 Z=0 FlatVerts=2610 SlopeVerts=0
[+22:38:43.477] VoxelMesh: Chunk X=0 Y=0 Z=0 FlatVerts=7650 SlopeVerts=8010
[+22:38:43.493] VoxelChunk: GenerateAsync (-2,3,0)
[+22:38:43.494] VoxelMesh: Chunk X=-2 Y=3 Z=0 FlatVerts=0 SlopeVerts=0
[+22:38:43.498] VoxelMesh: Chunk X=0 Y=0 Z=0 FlatVerts=2346 SlopeVerts=13482
[+22:38:43.500] VoxelChunk: GenerateAsync (0,-1,0)
[+22:38:43.501] VoxelMesh: Chunk X=0 Y=-1 Z=0 FlatVerts=78 SlopeVerts=426
[+22:38:43.502] VoxelMesh: Chunk X=0 Y=0 Z=0 FlatVerts=10458 SlopeVerts=30
[+22:38:43.504] VoxelChunk: GenerateAsync (-1,1,-1)
[+22:38:43.505] VoxelMesh: Chunk X=-1 Y=1 Z=-1 FlatVerts=0 SlopeVerts=0
[+22:38:43.508] VoxelMesh: Chunk X=0 Y=0 Z=0 FlatVerts=1836 SlopeVerts=1032
[+22:38:43.509] VoxelChunk: GenerateAsync (1,0,-1)
[+22:38:43.510] VoxelMesh: Chunk X=1 Y=0 Z=-1 FlatVerts=0 SlopeVerts=0
[+22:38:43.514] VoxelMesh: Chunk X=0 Y=0 Z=0 FlatVerts=6012 SlopeVerts=9102
[+22:38:43.516] VoxelChunk: GenerateAsync (-1,-1,0)
[+22:38:43.517] VoxelMesh: Chunk X=-1 Y=-1 Z=0 FlatVerts=1230 SlopeVerts=1770
[+22:38:43.530] VoxelMesh: Chunk X=0 Y=0 Z=0 FlatVerts=7056 SlopeVerts=1260
[+22:38:43.531] VoxelChunk: GenerateAsync (1,1,-1)
[+22:38:43.532] VoxelMesh: Chunk X=1 Y=1 Z=-1 FlatVerts=0 SlopeVerts=0
[+22:38:43.536] VoxelMesh: Chunk X=0 Y=0 Z=0 FlatVerts=156 SlopeVerts=96
[+22:38:43.537] VoxelChunk: GenerateAsync (1,-1,-1)
[+22:38:43.539] VoxelMesh: Chunk X=1 Y=-1 Z=-1 FlatVerts=0 SlopeVerts=0
[+22:38:43.544] VoxelMesh: Chunk X=0 Y=0 Z=0 FlatVerts=144 SlopeVerts=1698
[+22:38:43.544] VoxelChunk: GenerateAsync (0,1,1)
[+22:38:43.546] VoxelMesh: Chunk X=0 Y=1 Z=1 FlatVerts=0 SlopeVerts=0
[+22:38:43.550] VoxelMesh: Chunk X=0 Y=0 Z=0 FlatVerts=456 SlopeVerts=10890
[+22:38:43.551] VoxelChunk: GenerateAsync (0,0,1)
[+22:38:43.552] VoxelMesh: Chunk X=0 Y=0 Z=1 FlatVerts=0 SlopeVerts=1992
[+22:38:43.553] VoxelWater: Chunk X=1 Y=0 Z=0 emitted 84 procedural water vertices (Ocean/Pools)
[+22:38:43.553] VoxelWater: Chunk X=-1 Y=-1 Z=1 emitted 64 procedural water vertices (Ocean/Pools)
[+22:38:43.553] VoxelWater: Chunk X=1 Y=1 Z=0 emitted 28 procedural water vertices (Ocean/Pools)
[+22:38:43.553] VoxelWater: Chunk X=-1 Y=0 Z=0 emitted 36 procedural water vertices (Ocean/Pools)
[+22:38:43.553] VoxelWater: Chunk X=0 Y=1 Z=0 emitted 12 procedural water vertices (Ocean/Pools)
[+22:38:43.554] VoxelWater: Chunk X=1 Y=-1 Z=0 emitted 8 procedural water vertices (Ocean/Pools)
[+22:38:43.554] VoxelWater: Chunk X=0 Y=0 Z=1 emitted 4 procedural water vertices (Ocean/Pools)
[+22:38:43.554] VoxelWater: Chunk X=1 Y=0 Z=1 emitted 40 procedural water vertices (Ocean/Pools)
[+22:38:43.554] VoxelWater: Chunk X=1 Y=-1 Z=1 emitted 32 procedural water vertices (Ocean/Pools)
[+22:38:43.554] VoxelWater: Chunk X=-1 Y=1 Z=0 emitted 32 procedural water vertices (Ocean/Pools)
[+22:38:43.554] VoxelWater: Chunk X=0 Y=-1 Z=0 emitted 8 procedural water vertices (Ocean/Pools)
[+22:38:43.554] VoxelWater: Chunk X=-1 Y=-1 Z=0 emitted 32 procedural water vertices (Ocean/Pools)
[+22:38:43.569] VoxelMesh: Chunk X=0 Y=0 Z=0 FlatVerts=54 SlopeVerts=2202
[+22:38:43.569] VoxelChunk: GenerateAsync (-1,0,1)
[+22:38:43.571] VoxelMesh: Chunk X=-1 Y=0 Z=1 FlatVerts=0 SlopeVerts=0
[+22:38:43.576] VoxelMesh: Chunk X=0 Y=0 Z=0 FlatVerts=792 SlopeVerts=22026
[+22:38:43.577] VoxelChunk: GenerateAsync (0,-1,1)
[+22:38:43.579] VoxelMesh: Chunk X=0 Y=-1 Z=1 FlatVerts=0 SlopeVerts=2304
[+22:38:43.584] VoxelMesh: Chunk X=0 Y=0 Z=0 FlatVerts=6 SlopeVerts=3168
[+22:38:43.584] VoxelChunk: GenerateAsync (-1,-1,2)
[+22:38:43.589] VoxelMesh: Chunk X=-1 Y=-1 Z=2 FlatVerts=0 SlopeVerts=0
[+22:38:43.592] VoxelMesh: Chunk X=0 Y=0 Z=0 FlatVerts=0 SlopeVerts=0
[+22:38:43.593] VoxelChunk: GenerateAsync (-2,-1,2)
[+22:38:43.595] VoxelMesh: Chunk X=-2 Y=-1 Z=2 FlatVerts=0 SlopeVerts=0
[+22:38:43.604] VoxelMesh: Chunk X=0 Y=0 Z=0 FlatVerts=8826 SlopeVerts=4620
[+22:38:43.618] VoxelChunk: GenerateAsync (-1,3,0)
[+22:38:43.619] VoxelMesh: Chunk X=-1 Y=3 Z=0 FlatVerts=0 SlopeVerts=12
[+22:38:43.627] VoxelMesh: Chunk X=0 Y=0 Z=0 FlatVerts=270 SlopeVerts=19860
[+22:38:43.628] VoxelChunk: GenerateAsync (2,0,2)
[+22:38:43.629] VoxelMesh: Chunk X=2 Y=0 Z=2 FlatVerts=0 SlopeVerts=0
[+22:38:43.634] VoxelMesh: Chunk X=0 Y=0 Z=0 FlatVerts=78 SlopeVerts=26808
[+22:38:43.636] VoxelChunk: GenerateAsync (2,-2,2)
[+22:38:43.639] VoxelMesh: Chunk X=2 Y=-2 Z=2 FlatVerts=0 SlopeVerts=0
[+22:38:43.643] VoxelMesh: Chunk X=0 Y=0 Z=0 FlatVerts=18 SlopeVerts=25014
[+22:38:43.644] VoxelChunk: GenerateAsync (1,-2,2)
[+22:38:43.646] VoxelMesh: Chunk X=1 Y=-2 Z=2 FlatVerts=0 SlopeVerts=2304
[+22:38:43.653] VoxelMesh: Chunk X=0 Y=0 Z=0 FlatVerts=0 SlopeVerts=10548
[+22:38:43.654] VoxelChunk: GenerateAsync (1,0,2)
[+22:38:43.655] VoxelMesh: Chunk X=1 Y=0 Z=2 FlatVerts=0 SlopeVerts=66
[+22:38:43.670] VoxelMesh: Chunk X=0 Y=0 Z=0 FlatVerts=0 SlopeVerts=384
[+22:38:43.671] VoxelChunk: GenerateAsync (1,1,2)
[+22:38:43.674] VoxelMesh: Chunk X=1 Y=1 Z=2 FlatVerts=0 SlopeVerts=0
[+22:38:43.678] VoxelMesh: Chunk X=0 Y=0 Z=0 FlatVerts=36 SlopeVerts=26808
[+22:38:43.679] VoxelChunk: GenerateAsync (0,-2,2)
[+22:38:43.680] VoxelMesh: Chunk X=0 Y=-2 Z=2 FlatVerts=0 SlopeVerts=1218
[+22:38:43.686] VoxelMesh: Chunk X=0 Y=0 Z=0 FlatVerts=48 SlopeVerts=16752
[+22:38:43.687] VoxelChunk: GenerateAsync (-1,-2,2)
[+22:38:43.689] VoxelMesh: Chunk X=-1 Y=-2 Z=2 FlatVerts=0 SlopeVerts=2208
[+22:38:43.693] VoxelMesh: Chunk X=0 Y=0 Z=0 FlatVerts=0 SlopeVerts=0
[+22:38:43.694] VoxelChunk: GenerateAsync (-2,1,1)
[+22:38:43.695] VoxelMesh: Chunk X=-2 Y=1 Z=1 FlatVerts=0 SlopeVerts=0
[+22:38:43.705] VoxelMesh: Chunk X=0 Y=0 Z=0 FlatVerts=7860 SlopeVerts=5976
[+22:38:43.721] VoxelChunk: GenerateAsync (0,3,0)
[+22:38:43.722] VoxelMesh: Chunk X=0 Y=3 Z=0 FlatVerts=0 SlopeVerts=0
[+22:38:43.728] VoxelMesh: Chunk X=0 Y=0 Z=0 FlatVerts=1734 SlopeVerts=24360
[+22:38:43.730] VoxelChunk: GenerateAsync (2,0,1)
[+22:38:43.731] VoxelMesh: Chunk X=2 Y=0 Z=1 FlatVerts=258 SlopeVerts=1512
[+22:38:43.737] VoxelMesh: Chunk X=0 Y=0 Z=0 FlatVerts=0 SlopeVerts=2088
[+22:38:43.738] VoxelChunk: GenerateAsync (0,0,2)
[+22:38:43.740] VoxelMesh: Chunk X=0 Y=0 Z=2 FlatVerts=0 SlopeVerts=66
[+22:38:43.745] VoxelMesh: Chunk X=0 Y=0 Z=0 FlatVerts=18 SlopeVerts=4860
[+22:38:43.746] VoxelChunk: GenerateAsync (-2,-2,2)
[+22:38:43.747] VoxelMesh: Chunk X=-2 Y=-2 Z=2 FlatVerts=30 SlopeVerts=282
[+22:38:43.751] VoxelMesh: Chunk X=0 Y=0 Z=0 FlatVerts=5688 SlopeVerts=6942
[+22:38:43.752] VoxelChunk: GenerateAsync (2,2,1)
[+22:38:43.753] VoxelMesh: Chunk X=2 Y=2 Z=1 FlatVerts=2922 SlopeVerts=1266
[+22:38:43.769] VoxelMesh: Chunk X=0 Y=0 Z=0 FlatVerts=0 SlopeVerts=0
[+22:38:43.770] VoxelChunk: GenerateAsync (-2,0,1)
[+22:38:43.772] VoxelMesh: Chunk X=-2 Y=0 Z=1 FlatVerts=462 SlopeVerts=1470
[+22:38:43.776] VoxelMesh: Chunk X=0 Y=0 Z=0 FlatVerts=636 SlopeVerts=23826
[+22:38:43.777] VoxelChunk: GenerateAsync (2,-1,1)
[+22:38:43.781] VoxelMesh: Chunk X=2 Y=-1 Z=1 FlatVerts=264 SlopeVerts=1596
[+22:38:43.784] VoxelMesh: Chunk X=0 Y=0 Z=0 FlatVerts=0 SlopeVerts=72
[+22:38:43.785] VoxelChunk: GenerateAsync (-1,0,2)
[+22:38:43.789] VoxelMesh: Chunk X=-1 Y=0 Z=2 FlatVerts=0 SlopeVerts=0
[+22:38:43.792] VoxelMesh: Chunk X=0 Y=0 Z=0 FlatVerts=0 SlopeVerts=0
[+22:38:43.793] VoxelChunk: GenerateAsync (0,1,2)
[+22:38:43.794] VoxelMesh: Chunk X=0 Y=1 Z=2 FlatVerts=0 SlopeVerts=0
[+22:38:43.797] VoxelWater: Chunk X=1 Y=0 Z=0 emitted 92 procedural water vertices (Ocean/Pools)
[+22:38:43.797] VoxelWater: Chunk X=-1 Y=-1 Z=0 emitted 48 procedural water vertices (Ocean/Pools)
[+22:38:43.797] VoxelWater: Chunk X=-1 Y=-1 Z=1 emitted 72 procedural water vertices (Ocean/Pools)
[+22:38:43.797] VoxelWater: Chunk X=1 Y=1 Z=0 emitted 36 procedural water vertices (Ocean/Pools)
[+22:38:43.797] VoxelWater: Chunk X=-1 Y=0 Z=0 emitted 56 procedural water vertices (Ocean/Pools)
[+22:38:43.797] VoxelWater: Chunk X=0 Y=1 Z=0 emitted 20 procedural water vertices (Ocean/Pools)
[+22:38:43.797] VoxelWater: Chunk X=1 Y=-1 Z=0 emitted 12 procedural water vertices (Ocean/Pools)
[+22:38:43.797] VoxelWater: Chunk X=1 Y=0 Z=1 emitted 48 procedural water vertices (Ocean/Pools)
[+22:38:43.797] VoxelWater: Chunk X=0 Y=0 Z=1 emitted 8 procedural water vertices (Ocean/Pools)
[+22:38:43.797] VoxelWater: Chunk X=1 Y=-1 Z=1 emitted 40 procedural water vertices (Ocean/Pools)
[+22:38:43.798] VoxelWater: Chunk X=-1 Y=1 Z=0 emitted 44 procedural water vertices (Ocean/Pools)
[+22:38:43.798] VoxelWater: Chunk X=0 Y=-1 Z=0 emitted 8 procedural water vertices (Ocean/Pools)
[+22:38:43.798] VoxelWater: Chunk X=0 Y=-1 Z=1 emitted 44 procedural water vertices (Ocean/Pools)
[+22:38:43.798] VoxelWater: Chunk X=0 Y=-2 Z=2 emitted 12 procedural water vertices (Ocean/Pools)
[+22:38:43.798] VoxelWater: Chunk X=-1 Y=-2 Z=2 emitted 24 procedural water vertices (Ocean/Pools)
[+22:38:43.798] VoxelWater: Chunk X=-2 Y=-2 Z=2 emitted 20 procedural water vertices (Ocean/Pools)
[+22:38:43.798] VoxelWater: Chunk X=2 Y=2 Z=1 emitted 40 procedural water vertices (Ocean/Pools)
[+22:38:43.802] VoxelMesh: Chunk X=0 Y=0 Z=0 FlatVerts=0 SlopeVerts=0
[+22:38:43.802] VoxelChunk: GenerateAsync (4,-26,-1)
[+22:38:43.804] VoxelMesh: Chunk X=4 Y=-26 Z=-1 FlatVerts=0 SlopeVerts=0
[+22:38:43.808] VoxelMesh: Chunk X=0 Y=0 Z=0 FlatVerts=0 SlopeVerts=0
[+22:38:43.809] VoxelChunk: GenerateAsync (4,-26,3)
[+22:38:43.811] VoxelMesh: Chunk X=4 Y=-26 Z=3 FlatVerts=0 SlopeVerts=0
[+22:38:43.815] VoxelMesh: Chunk X=0 Y=0 Z=0 FlatVerts=0 SlopeVerts=0
[+22:38:43.815] VoxelChunk: GenerateAsync (4,-26,2)
[+22:38:43.817] VoxelMesh: Chunk X=4 Y=-26 Z=2 FlatVerts=48 SlopeVerts=546
[+22:38:43.819] VoxelMesh: Chunk X=0 Y=0 Z=0 FlatVerts=0 SlopeVerts=0
[+22:38:43.819] VoxelChunk: GenerateAsync (4,-25,-1)
[+22:38:43.821] VoxelMesh: Chunk X=4 Y=-25 Z=-1 FlatVerts=0 SlopeVerts=0
[+22:38:43.826] VoxelMesh: Chunk X=0 Y=0 Z=0 FlatVerts=0 SlopeVerts=0
[+22:38:43.826] VoxelChunk: GenerateAsync (4,-25,3)
[+22:38:43.828] VoxelMesh: Chunk X=4 Y=-25 Z=3 FlatVerts=156 SlopeVerts=3426
[+22:38:43.831] VoxelMesh: Chunk X=0 Y=0 Z=0 FlatVerts=0 SlopeVerts=0
[+22:38:43.831] VoxelChunk: GenerateAsync (4,-25,2)
[+22:38:43.833] VoxelMesh: Chunk X=4 Y=-25 Z=2 FlatVerts=12 SlopeVerts=2496
[+22:38:43.834] VoxelMesh: Chunk X=0 Y=0 Z=0 FlatVerts=0 SlopeVerts=0
[+22:38:43.834] VoxelChunk: GenerateAsync (4,-24,-1)
[+22:38:43.836] VoxelMesh: Chunk X=4 Y=-24 Z=-1 FlatVerts=0 SlopeVerts=0
[+22:38:43.840] VoxelMesh: Chunk X=0 Y=0 Z=0 FlatVerts=0 SlopeVerts=0
[+22:38:43.840] VoxelChunk: GenerateAsync (4,-24,3)
[+22:38:43.843] VoxelMesh: Chunk X=4 Y=-24 Z=3 FlatVerts=528 SlopeVerts=1896
[+22:38:43.845] VoxelMesh: Chunk X=0 Y=0 Z=0 FlatVerts=18 SlopeVerts=366
[+22:38:43.846] VoxelChunk: GenerateAsync (4,-24,2)
[+22:38:43.847] VoxelMesh: Chunk X=4 Y=-24 Z=2 FlatVerts=60 SlopeVerts=2520
[+22:38:43.850] VoxelMesh: Chunk X=0 Y=0 Z=0 FlatVerts=0 SlopeVerts=0
[+22:38:43.851] VoxelChunk: GenerateAsync (5,-26,-1)
[+22:38:43.854] VoxelMesh: Chunk X=5 Y=-26 Z=-1 FlatVerts=0 SlopeVerts=0
[+22:38:43.856] VoxelMesh: Chunk X=0 Y=0 Z=0 FlatVerts=0 SlopeVerts=0
[+22:38:43.856] VoxelChunk: GenerateAsync (5,-26,3)
[+22:38:43.860] VoxelMesh: Chunk X=5 Y=-26 Z=3 FlatVerts=0 SlopeVerts=0
[+22:38:43.862] VoxelMesh: Chunk X=0 Y=0 Z=0 FlatVerts=0 SlopeVerts=168
[+22:38:43.862] VoxelChunk: GenerateAsync (5,-26,2)
[+22:38:43.864] VoxelMesh: Chunk X=5 Y=-26 Z=2 FlatVerts=0 SlopeVerts=486
[+22:38:43.866] VoxelMesh: Chunk X=0 Y=0 Z=0 FlatVerts=0 SlopeVerts=0
[+22:38:43.866] VoxelChunk: GenerateAsync (5,-25,-1)
[+22:38:43.868] VoxelMesh: Chunk X=5 Y=-25 Z=-1 FlatVerts=0 SlopeVerts=0
[+22:38:43.872] VoxelMesh: Chunk X=0 Y=0 Z=0 FlatVerts=0 SlopeVerts=0
[+22:38:43.872] VoxelChunk: GenerateAsync (5,-25,3)
[+22:38:43.875] VoxelMesh: Chunk X=5 Y=-25 Z=3 FlatVerts=588 SlopeVerts=1536
[+22:38:43.877] VoxelMesh: Chunk X=0 Y=0 Z=0 FlatVerts=0 SlopeVerts=738
[+22:38:43.877] VoxelChunk: GenerateAsync (5,-25,2)
[+22:38:43.878] VoxelMesh: Chunk X=5 Y=-25 Z=2 FlatVerts=42 SlopeVerts=2508
[+22:38:43.880] VoxelMesh: Chunk X=0 Y=0 Z=0 FlatVerts=0 SlopeVerts=0
[+22:38:43.880] VoxelChunk: GenerateAsync (5,-24,-1)
[+22:38:43.883] VoxelMesh: Chunk X=5 Y=-24 Z=-1 FlatVerts=0 SlopeVerts=0
[+22:38:43.885] VoxelMesh: Chunk X=0 Y=0 Z=0 FlatVerts=0 SlopeVerts=0
[+22:38:43.886] VoxelChunk: GenerateAsync (5,-24,3)
[+22:38:43.888] VoxelMesh: Chunk X=5 Y=-24 Z=3 FlatVerts=0 SlopeVerts=96
[+22:38:43.891] VoxelMesh: Chunk X=0 Y=0 Z=0 FlatVerts=0 SlopeVerts=606
[+22:38:43.891] VoxelChunk: GenerateAsync (5,-24,2)
[+22:38:43.893] VoxelMesh: Chunk X=5 Y=-24 Z=2 FlatVerts=156 SlopeVerts=2424
[+22:38:43.896] VoxelMesh: Chunk X=0 Y=0 Z=0 FlatVerts=0 SlopeVerts=0
[+22:38:43.896] VoxelChunk: GenerateAsync (6,-26,-1)
[+22:38:43.900] VoxelMesh: Chunk X=6 Y=-26 Z=-1 FlatVerts=0 SlopeVerts=0
[+22:38:43.903] VoxelMesh: Chunk X=0 Y=0 Z=0 FlatVerts=24 SlopeVerts=4302
[+22:38:43.904] VoxelChunk: GenerateAsync (6,-26,3)
[+22:38:43.906] VoxelMesh: Chunk X=6 Y=-26 Z=3 FlatVerts=0 SlopeVerts=1008
[+22:38:43.909] VoxelMesh: Chunk X=0 Y=0 Z=0 FlatVerts=450 SlopeVerts=13206
[+22:38:43.910] VoxelChunk: GenerateAsync (6,-26,2)
[+22:38:43.912] VoxelMesh: Chunk X=6 Y=-26 Z=2 FlatVerts=0 SlopeVerts=2274
[+22:38:43.915] VoxelMesh: Chunk X=0 Y=0 Z=0 FlatVerts=0 SlopeVerts=0
[+22:38:43.915] VoxelChunk: GenerateAsync (6,-25,-1)
[+22:38:43.919] VoxelMesh: Chunk X=6 Y=-25 Z=-1 FlatVerts=0 SlopeVerts=0
[+22:38:43.921] VoxelMesh: Chunk X=0 Y=0 Z=0 FlatVerts=24 SlopeVerts=6246
[+22:38:43.922] VoxelChunk: GenerateAsync (6,-25,3)
[+22:38:43.922] VoxelMesh: Chunk X=6 Y=-25 Z=3 FlatVerts=240 SlopeVerts=2544
[+22:38:43.928] VoxelMesh: Chunk X=0 Y=0 Z=0 FlatVerts=342 SlopeVerts=15888
[+22:38:43.929] VoxelChunk: GenerateAsync (6,-25,2)
[+22:38:43.930] VoxelMesh: Chunk X=6 Y=-25 Z=2 FlatVerts=0 SlopeVerts=24
[+22:38:43.932] VoxelMesh: Chunk X=0 Y=0 Z=0 FlatVerts=0 SlopeVerts=0
[+22:38:43.932] VoxelChunk: GenerateAsync (6,-24,-1)
[+22:38:43.934] VoxelMesh: Chunk X=6 Y=-24 Z=-1 FlatVerts=0 SlopeVerts=0
[+22:38:43.938] VoxelMesh: Chunk X=0 Y=0 Z=0 FlatVerts=0 SlopeVerts=2628
[+22:38:43.939] VoxelChunk: GenerateAsync (6,-24,3)
[+22:38:43.941] VoxelMesh: Chunk X=6 Y=-24 Z=3 FlatVerts=0 SlopeVerts=2334
[+22:38:43.944] VoxelMesh: Chunk X=0 Y=0 Z=0 FlatVerts=258 SlopeVerts=8406
[+22:38:43.945] VoxelChunk: GenerateAsync (6,-24,2)
[+22:38:43.946] VoxelMesh: Chunk X=6 Y=-24 Z=2 FlatVerts=0 SlopeVerts=2718
[+22:38:43.981] VoxelChunk: GenerateAsync (4,-26,3)
[+22:38:43.981] VoxelChunk: GenerateAsync (4,-25,3)
[+22:38:43.982] VoxelChunk: GenerateAsync (4,-24,3)
[+22:38:43.982] VoxelChunk: GenerateAsync (5,-26,3)
[+22:38:43.982] VoxelChunk: GenerateAsync (5,-25,3)
[+22:38:43.982] VoxelChunk: GenerateAsync (5,-24,3)
[+22:38:43.982] VoxelChunk: GenerateAsync (6,-26,3)
[+22:38:43.982] VoxelChunk: GenerateAsync (6,-25,3)
[+22:38:43.982] VoxelChunk: GenerateAsync (6,-24,3)
[+22:38:43.982] VoxelMesh: Chunk X=4 Y=-26 Z=3 FlatVerts=0 SlopeVerts=0
[+22:38:43.982] VoxelMesh: Chunk X=4 Y=-25 Z=3 FlatVerts=6 SlopeVerts=858
[+22:38:43.982] VoxelMesh: Chunk X=6 Y=-25 Z=3 FlatVerts=48 SlopeVerts=660
[+22:38:43.983] VoxelMesh: Chunk X=5 Y=-25 Z=3 FlatVerts=138 SlopeVerts=396
[+22:38:43.983] VoxelMesh: Chunk X=5 Y=-26 Z=3 FlatVerts=0 SlopeVerts=0
[+22:38:43.983] VoxelMesh: Chunk X=4 Y=-24 Z=3 FlatVerts=126 SlopeVerts=516
[+22:38:43.983] VoxelMesh: Chunk X=5 Y=-24 Z=3 FlatVerts=0 SlopeVerts=24
[+22:38:43.984] VoxelMesh: Chunk X=6 Y=-26 Z=3 FlatVerts=0 SlopeVerts=216
[+22:38:43.984] VoxelMesh: Chunk X=6 Y=-24 Z=3 FlatVerts=0 SlopeVerts=606
[+22:38:43.984] VoxelMesh: Chunk X=0 Y=1 Z=2 FlatVerts=0 SlopeVerts=0
[+22:38:43.985] VoxelChunk: GenerateAsync (-2,2,2)
[+22:38:43.986] VoxelMesh: Chunk X=-2 Y=2 Z=2 FlatVerts=0 SlopeVerts=0
[+22:38:43.987] VoxelMesh: Chunk X=-1 Y=0 Z=2 FlatVerts=900 SlopeVerts=1026
[+22:38:43.988] VoxelChunk: GenerateAsync (-2,-1,1)
[+22:38:43.989] VoxelMesh: Chunk X=2 Y=-1 Z=1 FlatVerts=1206 SlopeVerts=2730
[+22:38:43.990] VoxelMesh: Chunk X=-2 Y=-1 Z=1 FlatVerts=900 SlopeVerts=1026
[+22:38:43.990] VoxelChunk: GenerateAsync (2,-2,1)
[+22:38:43.992] VoxelMesh: Chunk X=-2 Y=0 Z=1 FlatVerts=0 SlopeVerts=2172
[+22:38:43.992] VoxelChunk: GenerateAsync (1,-2,1)
[+22:38:43.992] VoxelMesh: Chunk X=2 Y=-2 Z=1 FlatVerts=1206 SlopeVerts=2730
[+22:38:43.993] VoxelMesh: Chunk X=1 Y=-2 Z=1 FlatVerts=0 SlopeVerts=2172
[+22:38:43.997] VoxelWater: Chunk X=4 Y=-25 Z=3 emitted 60 procedural water vertices (Ocean/Pools)
[+22:38:43.997] VoxelWater: Chunk X=4 Y=-25 Z=2 emitted 44 procedural water vertices (Ocean/Pools)
[+22:38:43.997] VoxelWater: Chunk X=5 Y=-25 Z=3 emitted 84 procedural water vertices (Ocean/Pools)
[+22:38:43.997] VoxelWater: Chunk X=4 Y=-26 Z=2 emitted 8 procedural water vertices (Ocean/Pools)
[+22:38:43.997] VoxelWater: Chunk X=4 Y=-24 Z=3 emitted 20 procedural water vertices (Ocean/Pools)
[+22:38:43.997] VoxelWater: Chunk X=4 Y=-24 Z=2 emitted 36 procedural water vertices (Ocean/Pools)
[+22:38:43.997] VoxelWater: Chunk X=5 Y=-24 Z=3 emitted 16 procedural water vertices (Ocean/Pools)
[+22:38:43.997] VoxelWater: Chunk X=5 Y=-24 Z=2 emitted 8 procedural water vertices (Ocean/Pools)
[+22:38:43.997] VoxelWater: Chunk X=6 Y=-26 Z=3 emitted 12 procedural water vertices (Ocean/Pools)
[+22:38:43.998] VoxelWater: Chunk X=6 Y=-26 Z=2 emitted 24 procedural water vertices (Ocean/Pools)
[+22:38:43.998] VoxelWater: Chunk X=6 Y=-25 Z=3 emitted 48 procedural water vertices (Ocean/Pools)
[+22:38:43.998] VoxelWater: Chunk X=6 Y=-24 Z=3 emitted 52 procedural water vertices (Ocean/Pools)
[+22:38:43.998] VoxelWater: Chunk X=6 Y=-24 Z=2 emitted 40 procedural water vertices (Ocean/Pools)
[+22:38:44.013] VoxelMesh: Chunk X=0 Y=0 Z=0 FlatVerts=6402 SlopeVerts=7416
[+22:38:44.027] VoxelChunk: GenerateAsync (1,3,0)
[+22:38:44.029] VoxelMesh: Chunk X=1 Y=3 Z=0 FlatVerts=0 SlopeVerts=0
[+22:38:44.030] VoxelMesh: Chunk X=2 Y=2 Z=1 FlatVerts=1080 SlopeVerts=2232
[+22:38:44.031] VoxelChunk: GenerateAsync (1,2,1)
[+22:38:44.032] VoxelMesh: Chunk X=1 Y=2 Z=1 FlatVerts=1080 SlopeVerts=2232
[+22:38:44.032] VoxelMesh: Chunk X=-2 Y=-2 Z=2 FlatVerts=216 SlopeVerts=870
[+22:38:44.032] VoxelChunk: GenerateAsync (0,2,1)
[+22:38:44.034] VoxelMesh: Chunk X=0 Y=0 Z=2 FlatVerts=0 SlopeVerts=0
[+22:38:44.034] VoxelMesh: Chunk X=0 Y=2 Z=1 FlatVerts=216 SlopeVerts=870
[+22:38:44.034] VoxelChunk: GenerateAsync (-2,0,2)
[+22:38:44.035] VoxelMesh: Chunk X=2 Y=0 Z=1 FlatVerts=192 SlopeVerts=924
[+22:38:44.036] VoxelMesh: Chunk X=-2 Y=0 Z=2 FlatVerts=0 SlopeVerts=0
[+22:38:44.036] VoxelChunk: GenerateAsync (-1,2,1)
[+22:38:44.038] VoxelMesh: Chunk X=-1 Y=2 Z=1 FlatVerts=192 SlopeVerts=924
[+22:38:44.047] VoxelMesh: Chunk X=-2 Y=1 Z=1 FlatVerts=888 SlopeVerts=2376
[+22:38:44.048] VoxelChunk: GenerateAsync (-2,2,1)
[+22:38:44.049] VoxelMesh: Chunk X=-1 Y=-2 Z=2 FlatVerts=0 SlopeVerts=0
[+22:38:44.050] VoxelChunk: GenerateAsync (2,-1,2)
[+22:38:44.050] VoxelMesh: Chunk X=-2 Y=2 Z=1 FlatVerts=888 SlopeVerts=2376
[+22:38:44.051] VoxelMesh: Chunk X=2 Y=-1 Z=2 FlatVerts=0 SlopeVerts=0
[+22:38:44.051] VoxelMesh: Chunk X=0 Y=-2 Z=2 FlatVerts=0 SlopeVerts=0
[+22:38:44.052] VoxelChunk: GenerateAsync (-1,1,2)
[+22:38:44.054] VoxelMesh: Chunk X=1 Y=1 Z=2 FlatVerts=204 SlopeVerts=2262
[+22:38:44.054] VoxelMesh: Chunk X=-1 Y=1 Z=2 FlatVerts=0 SlopeVerts=0
[+22:38:44.055] VoxelChunk: GenerateAsync (1,-1,2)
[+22:38:44.056] VoxelMesh: Chunk X=1 Y=-1 Z=2 FlatVerts=204 SlopeVerts=2262
[+22:38:44.065] VoxelMesh: Chunk X=1 Y=0 Z=2 FlatVerts=162 SlopeVerts=3018
[+22:38:44.065] VoxelChunk: GenerateAsync (0,-1,2)
[+22:38:44.066] VoxelMesh: Chunk X=1 Y=-2 Z=2 FlatVerts=0 SlopeVerts=0
[+22:38:44.067] VoxelChunk: GenerateAsync (-2,1,2)
[+22:38:44.067] VoxelMesh: Chunk X=0 Y=-1 Z=2 FlatVerts=162 SlopeVerts=3018
[+22:38:44.069] VoxelMesh: Chunk X=2 Y=-2 Z=2 FlatVerts=0 SlopeVerts=0
[+22:38:44.069] VoxelMesh: Chunk X=-2 Y=1 Z=2 FlatVerts=0 SlopeVerts=0
[+22:38:44.069] VoxelChunk: GenerateAsync (2,1,2)
[+22:38:44.070] VoxelMesh: Chunk X=2 Y=1 Z=2 FlatVerts=0 SlopeVerts=0
[+22:38:44.070] VoxelMesh: Chunk X=2 Y=0 Z=2 FlatVerts=0 SlopeVerts=0
[+22:38:44.071] VoxelChunk: GenerateAsync (-1,2,2)
[+22:38:44.072] VoxelMesh: Chunk X=-1 Y=2 Z=2 FlatVerts=0 SlopeVerts=0
[+22:38:44.079] VoxelMesh: Chunk X=-2 Y=-1 Z=2 FlatVerts=0 SlopeVerts=0
[+22:38:44.080] VoxelChunk: GenerateAsync (2,2,2)
[+22:38:44.081] VoxelMesh: Chunk X=-1 Y=-1 Z=2 FlatVerts=0 SlopeVerts=0
[+22:38:44.081] VoxelChunk: GenerateAsync (0,2,2)
[+22:38:44.081] VoxelMesh: Chunk X=2 Y=2 Z=2 FlatVerts=0 SlopeVerts=0
[+22:38:44.082] VoxelMesh: Chunk X=0 Y=-1 Z=1 FlatVerts=0 SlopeVerts=0
[+22:38:44.082] VoxelMesh: Chunk X=0 Y=2 Z=2 FlatVerts=0 SlopeVerts=0
[+22:38:44.082] VoxelChunk: GenerateAsync (1,2,2)
[+22:38:44.084] VoxelMesh: Chunk X=-1 Y=0 Z=1 FlatVerts=918 SlopeVerts=2712
[+22:38:44.085] VoxelMesh: Chunk X=1 Y=2 Z=2 FlatVerts=0 SlopeVerts=0
[+22:38:44.085] VoxelChunk: GenerateAsync (2,1,1)
[+22:38:44.086] VoxelMesh: Chunk X=2 Y=1 Z=1 FlatVerts=918 SlopeVerts=2712
[+22:38:44.093] VoxelMesh: Chunk X=0 Y=0 Z=0 FlatVerts=6714 SlopeVerts=4974
[+22:38:44.106] VoxelChunk: GenerateAsync (2,3,0)
[+22:38:44.107] VoxelMesh: Chunk X=2 Y=3 Z=0 FlatVerts=0 SlopeVerts=0
[+22:38:44.108] VoxelMesh: Chunk X=0 Y=0 Z=1 FlatVerts=0 SlopeVerts=0
[+22:38:44.109] VoxelChunk: GenerateAsync (-2,1,-2)
[+22:38:44.110] VoxelMesh: Chunk X=0 Y=1 Z=1 FlatVerts=0 SlopeVerts=0
[+22:38:44.110] VoxelChunk: GenerateAsync (2,-2,-1)
[+22:38:44.110] VoxelMesh: Chunk X=-2 Y=1 Z=-2 FlatVerts=0 SlopeVerts=0
[+22:38:44.110] VoxelMesh: Chunk X=1 Y=-1 Z=-1 FlatVerts=0 SlopeVerts=0
[+22:38:44.110] VoxelChunk: GenerateAsync (2,2,0)
[+22:38:44.110] VoxelMesh: Chunk X=2 Y=-2 Z=-1 FlatVerts=0 SlopeVerts=0
[+22:38:44.111] VoxelMesh: Chunk X=2 Y=2 Z=0 FlatVerts=0 SlopeVerts=0
[+22:38:44.111] VoxelMesh: Chunk X=1 Y=1 Z=-1 FlatVerts=816 SlopeVerts=1236
[+22:38:44.111] VoxelChunk: GenerateAsync (1,2,0)
[+22:38:44.111] VoxelMesh: Chunk X=1 Y=2 Z=0 FlatVerts=816 SlopeVerts=1236
[+22:38:44.121] VoxelMesh: Chunk X=-1 Y=-1 Z=0 FlatVerts=0 SlopeVerts=0
[+22:38:44.121] VoxelChunk: GenerateAsync (2,2,-2)
[+22:38:44.123] VoxelMesh: Chunk X=1 Y=0 Z=-1 FlatVerts=0 SlopeVerts=0
[+22:38:44.123] VoxelChunk: GenerateAsync (-2,0,-2)
[+22:38:44.123] VoxelMesh: Chunk X=2 Y=2 Z=-2 FlatVerts=0 SlopeVerts=0
[+22:38:44.124] VoxelMesh: Chunk X=-1 Y=1 Z=-1 FlatVerts=1338 SlopeVerts=726
[+22:38:44.124] VoxelChunk: GenerateAsync (-2,-1,0)
[+22:38:44.124] VoxelMesh: Chunk X=-2 Y=0 Z=-2 FlatVerts=0 SlopeVerts=0
[+22:38:44.125] VoxelMesh: Chunk X=-2 Y=-1 Z=0 FlatVerts=1338 SlopeVerts=726
[+22:38:44.125] VoxelMesh: Chunk X=0 Y=-1 Z=0 FlatVerts=0 SlopeVerts=0
[+22:38:44.126] VoxelChunk: GenerateAsync (-2,-2,-1)
[+22:38:44.126] VoxelMesh: Chunk X=-2 Y=-2 Z=-1 FlatVerts=0 SlopeVerts=0
[+22:38:44.133] VoxelMesh: Chunk X=-1 Y=1 Z=0 FlatVerts=0 SlopeVerts=0
[+22:38:44.133] VoxelChunk: GenerateAsync (-1,0,-2)
[+22:38:44.135] VoxelMesh: Chunk X=-1 Y=0 Z=-2 FlatVerts=0 SlopeVerts=0
[+22:38:44.135] VoxelMesh: Chunk X=1 Y=-1 Z=1 FlatVerts=0 SlopeVerts=0
[+22:38:44.135] VoxelChunk: GenerateAsync (-2,2,-2)
[+22:38:44.136] VoxelMesh: Chunk X=1 Y=0 Z=1 FlatVerts=0 SlopeVerts=18
[+22:38:44.136] VoxelChunk: GenerateAsync (0,-2,1)
[+22:38:44.137] VoxelMesh: Chunk X=-2 Y=2 Z=-2 FlatVerts=0 SlopeVerts=0
[+22:38:44.137] VoxelMesh: Chunk X=0 Y=-2 Z=1 FlatVerts=0 SlopeVerts=18
[+22:38:44.138] VoxelMesh: Chunk X=0 Y=0 Z=-1 FlatVerts=0 SlopeVerts=0
[+22:38:44.138] VoxelChunk: GenerateAsync (0,-1,-2)
[+22:38:44.140] VoxelMesh: Chunk X=0 Y=-1 Z=-2 FlatVerts=0 SlopeVerts=0
[+22:38:44.145] VoxelMesh: Chunk X=1 Y=-1 Z=0 FlatVerts=0 SlopeVerts=0
[+22:38:44.145] VoxelChunk: GenerateAsync (-1,-2,-1)
[+22:38:44.146] VoxelMesh: Chunk X=0 Y=1 Z=-1 FlatVerts=0 SlopeVerts=0
[+22:38:44.146] VoxelChunk: GenerateAsync (-2,2,-1)
[+22:38:44.146] VoxelMesh: Chunk X=-1 Y=-2 Z=-1 FlatVerts=0 SlopeVerts=0
[+22:38:44.147] VoxelMesh: Chunk X=0 Y=1 Z=0 FlatVerts=0 SlopeVerts=0
[+22:38:44.147] VoxelChunk: GenerateAsync (-2,1,-1)
[+22:38:44.147] VoxelMesh: Chunk X=-2 Y=2 Z=-1 FlatVerts=0 SlopeVerts=0
[+22:38:44.147] VoxelMesh: Chunk X=-2 Y=1 Z=-1 FlatVerts=0 SlopeVerts=0
[+22:38:44.148] VoxelMesh: Chunk X=-1 Y=1 Z=1 FlatVerts=0 SlopeVerts=0
[+22:38:44.148] VoxelChunk: GenerateAsync (1,2,-1)
[+22:38:44.149] VoxelMesh: Chunk X=1 Y=2 Z=-1 FlatVerts=0 SlopeVerts=0
[+22:38:44.156] VoxelMesh: Chunk X=-1 Y=0 Z=0 FlatVerts=0 SlopeVerts=0
[+22:38:44.156] VoxelChunk: GenerateAsync (-1,2,-2)
[+22:38:44.157] VoxelMesh: Chunk X=1 Y=1 Z=0 FlatVerts=1668 SlopeVerts=666
[+22:38:44.158] VoxelChunk: GenerateAsync (2,-1,0)
[+22:38:44.158] VoxelMesh: Chunk X=-1 Y=2 Z=-2 FlatVerts=0 SlopeVerts=0
[+22:38:44.159] VoxelMesh: Chunk X=-1 Y=-1 Z=1 FlatVerts=1644 SlopeVerts=666
[+22:38:44.159] VoxelMesh: Chunk X=2 Y=-1 Z=0 FlatVerts=1668 SlopeVerts=666
[+22:38:44.159] VoxelChunk: GenerateAsync (2,0,0)
[+22:38:44.160] VoxelMesh: Chunk X=2 Y=0 Z=0 FlatVerts=1644 SlopeVerts=666
[+22:38:44.161] VoxelMesh: Chunk X=-1 Y=0 Z=-1 FlatVerts=0 SlopeVerts=0
[+22:38:44.161] VoxelChunk: GenerateAsync (1,2,-2)
[+22:38:44.163] VoxelMesh: Chunk X=1 Y=2 Z=-2 FlatVerts=0 SlopeVerts=0
[+22:38:44.172] VoxelMesh: Chunk X=1 Y=1 Z=1 FlatVerts=0 SlopeVerts=0
[+22:38:44.172] VoxelChunk: GenerateAsync (2,-2,-2)
[+22:38:44.174] VoxelMesh: Chunk X=0 Y=-1 Z=-1 FlatVerts=0 SlopeVerts=0
[+22:38:44.174] VoxelChunk: GenerateAsync (-2,-1,-2)
[+22:38:44.175] VoxelMesh: Chunk X=2 Y=-2 Z=-2 FlatVerts=0 SlopeVerts=0
[+22:38:44.176] VoxelMesh: Chunk X=-1 Y=-1 Z=-1 FlatVerts=0 SlopeVerts=0
[+22:38:44.176] VoxelChunk: GenerateAsync (0,-2,-1)
[+22:38:44.177] VoxelMesh: Chunk X=-2 Y=-1 Z=-2 FlatVerts=0 SlopeVerts=0
[+22:38:44.177] VoxelMesh: Chunk X=1 Y=0 Z=0 FlatVerts=0 SlopeVerts=0
[+22:38:44.177] VoxelChunk: GenerateAsync (-2,-1,-1)
[+22:38:44.178] VoxelMesh: Chunk X=0 Y=-2 Z=-1 FlatVerts=0 SlopeVerts=0
[+22:38:44.178] VoxelMesh: Chunk X=-2 Y=-1 Z=-1 FlatVerts=0 SlopeVerts=0
[+22:38:44.186] VoxelMesh: Chunk X=0 Y=0 Z=0 FlatVerts=0 SlopeVerts=0
[+22:38:44.186] VoxelChunk: GenerateAsync (2,-1,-2)
[+22:38:44.188] VoxelMesh: Chunk X=2 Y=-1 Z=-2 FlatVerts=0 SlopeVerts=0
[+22:38:44.190] VoxelMesh: Chunk X=0 Y=0 Z=0 FlatVerts=10326 SlopeVerts=6
[+22:38:44.192] VoxelChunk: GenerateAsync (-2,1,0)
[+22:38:44.193] VoxelMesh: Chunk X=-2 Y=1 Z=0 FlatVerts=2412 SlopeVerts=168
[+22:38:44.197] VoxelMesh: Chunk X=0 Y=0 Z=0 FlatVerts=0 SlopeVerts=0
[+22:38:44.198] VoxelChunk: GenerateAsync (2,1,-2)
[+22:38:44.201] VoxelMesh: Chunk X=2 Y=1 Z=-2 FlatVerts=0 SlopeVerts=0
[+22:38:44.203] VoxelMesh: Chunk X=0 Y=0 Z=0 FlatVerts=72 SlopeVerts=3438
[+22:38:44.204] VoxelChunk: GenerateAsync (1,-2,0)
[+22:38:44.205] VoxelMesh: Chunk X=1 Y=-2 Z=0 FlatVerts=48 SlopeVerts=1116
[+22:38:44.211] VoxelWater: Chunk X=2 Y=0 Z=0 emitted 12 procedural water vertices (Ocean/Pools)
[+22:38:44.211] VoxelWater: Chunk X=2 Y=-1 Z=0 emitted 12 procedural water vertices (Ocean/Pools)
[+22:38:44.211] VoxelWater: Chunk X=-2 Y=-1 Z=0 emitted 8 procedural water vertices (Ocean/Pools)
[+22:38:44.211] VoxelWater: Chunk X=2 Y=1 Z=1 emitted 24 procedural water vertices (Ocean/Pools)
[+22:38:44.211] VoxelWater: Chunk X=0 Y=-1 Z=2 emitted 44 procedural water vertices (Ocean/Pools)
[+22:38:44.211] VoxelWater: Chunk X=1 Y=-1 Z=2 emitted 36 procedural water vertices (Ocean/Pools)
[+22:38:44.211] VoxelWater: Chunk X=-1 Y=2 Z=1 emitted 8 procedural water vertices (Ocean/Pools)
[+22:38:44.211] VoxelWater: Chunk X=0 Y=2 Z=1 emitted 20 procedural water vertices (Ocean/Pools)
[+22:38:44.211] VoxelWater: Chunk X=1 Y=2 Z=1 emitted 36 procedural water vertices (Ocean/Pools)
[+22:38:44.211] VoxelWater: Chunk X=2 Y=-2 Z=1 emitted 40 procedural water vertices (Ocean/Pools)
[+22:38:44.211] VoxelWater: Chunk X=-2 Y=-1 Z=1 emitted 28 procedural water vertices (Ocean/Pools)
[+22:38:44.211] VoxelWater: Chunk X=4 Y=-26 Z=2 emitted 8 procedural water vertices (Ocean/Pools)
[+22:38:44.211] VoxelWater: Chunk X=4 Y=-25 Z=3 emitted 56 procedural water vertices (Ocean/Pools)
[+22:38:44.211] VoxelWater: Chunk X=4 Y=-25 Z=2 emitted 60 procedural water vertices (Ocean/Pools)
[+22:38:44.211] VoxelWater: Chunk X=5 Y=-25 Z=2 emitted 8 procedural water vertices (Ocean/Pools)
[+22:38:44.211] VoxelWater: Chunk X=4 Y=-24 Z=3 emitted 36 procedural water vertices (Ocean/Pools)
[+22:38:44.211] VoxelWater: Chunk X=4 Y=-24 Z=2 emitted 40 procedural water vertices (Ocean/Pools)
[+22:38:44.211] VoxelWater: Chunk X=5 Y=-24 Z=2 emitted 24 procedural water vertices (Ocean/Pools)
[+22:38:44.211] VoxelWater: Chunk X=5 Y=-25 Z=3 emitted 116 procedural water vertices (Ocean/Pools)
[+22:38:44.211] VoxelWater: Chunk X=5 Y=-24 Z=3 emitted 20 procedural water vertices (Ocean/Pools)
[+22:38:44.211] VoxelWater: Chunk X=6 Y=-24 Z=3 emitted 76 procedural water vertices (Ocean/Pools)
[+22:38:44.211] VoxelWater: Chunk X=6 Y=-26 Z=3 emitted 16 procedural water vertices (Ocean/Pools)
[+22:38:44.211] VoxelWater: Chunk X=6 Y=-25 Z=3 emitted 96 procedural water vertices (Ocean/Pools)
[+22:38:44.211] VoxelWater: Chunk X=6 Y=-26 Z=2 emitted 24 procedural water vertices (Ocean/Pools)
[+22:38:44.211] VoxelWater: Chunk X=6 Y=-24 Z=2 emitted 48 procedural water vertices (Ocean/Pools)
[+22:38:44.220] VoxelMesh: Chunk X=0 Y=0 Z=0 FlatVerts=8196 SlopeVerts=1152
[+22:38:44.231] VoxelChunk: GenerateAsync (3,3,0)
[+22:38:44.232] VoxelMesh: Chunk X=3 Y=3 Z=0 FlatVerts=0 SlopeVerts=0
[+22:38:44.238] VoxelMesh: Chunk X=0 Y=0 Z=0 FlatVerts=4062 SlopeVerts=1368
[+22:38:44.239] VoxelChunk: GenerateAsync (2,2,-1)
[+22:38:44.243] VoxelMesh: Chunk X=2 Y=2 Z=-1 FlatVerts=0 SlopeVerts=0
[+22:38:44.244] VoxelMesh: Chunk X=0 Y=0 Z=0 FlatVerts=0 SlopeVerts=0
[+22:38:44.244] VoxelChunk: GenerateAsync (0,1,-2)
[+22:38:44.246] VoxelMesh: Chunk X=0 Y=1 Z=-2 FlatVerts=0 SlopeVerts=0
[+22:38:44.249] VoxelMesh: Chunk X=0 Y=0 Z=0 FlatVerts=4950 SlopeVerts=10122
[+22:38:44.252] VoxelChunk: GenerateAsync (-2,-2,0)
[+22:38:44.253] VoxelMesh: Chunk X=-2 Y=-2 Z=0 FlatVerts=48 SlopeVerts=198
[+22:38:44.259] VoxelMesh: Chunk X=0 Y=0 Z=0 FlatVerts=72 SlopeVerts=4344
[+22:38:44.260] VoxelChunk: GenerateAsync (2,-2,0)
[+22:38:44.261] VoxelMesh: Chunk X=2 Y=-2 Z=0 FlatVerts=558 SlopeVerts=990
[+22:38:44.274] VoxelMesh: Chunk X=0 Y=0 Z=0 FlatVerts=10050 SlopeVerts=48
[+22:38:44.276] VoxelChunk: GenerateAsync (-2,0,0)
[+22:38:44.277] VoxelMesh: Chunk X=-2 Y=0 Z=0 FlatVerts=756 SlopeVerts=1734
[+22:38:44.281] VoxelMesh: Chunk X=0 Y=0 Z=0 FlatVerts=0 SlopeVerts=0
[+22:38:44.281] VoxelChunk: GenerateAsync (-2,-2,-2)
[+22:38:44.284] VoxelMesh: Chunk X=-2 Y=-2 Z=-2 FlatVerts=0 SlopeVerts=0
[+22:38:44.286] VoxelMesh: Chunk X=0 Y=0 Z=0 FlatVerts=5886 SlopeVerts=12186
[+22:38:44.288] VoxelChunk: GenerateAsync (2,1,0)
[+22:38:44.289] VoxelMesh: Chunk X=2 Y=1 Z=0 FlatVerts=846 SlopeVerts=1182
[+22:38:44.293] VoxelMesh: Chunk X=0 Y=0 Z=0 FlatVerts=9300 SlopeVerts=1902
[+22:38:44.295] VoxelChunk: GenerateAsync (-2,2,0)
[+22:38:44.296] VoxelMesh: Chunk X=-2 Y=2 Z=0 FlatVerts=840 SlopeVerts=1050
[+22:38:44.319] VoxelMesh: Chunk X=0 Y=0 Z=0 FlatVerts=0 SlopeVerts=0
[+22:38:44.319] VoxelChunk: GenerateAsync (0,2,-2)
[+22:38:44.321] VoxelMesh: Chunk X=0 Y=2 Z=-2 FlatVerts=0 SlopeVerts=0
[+22:38:44.324] VoxelMesh: Chunk X=0 Y=0 Z=0 FlatVerts=10800 SlopeVerts=684
[+22:38:44.325] VoxelChunk: GenerateAsync (0,2,0)
[+22:38:44.326] VoxelMesh: Chunk X=0 Y=2 Z=0 FlatVerts=1674 SlopeVerts=876
[+22:38:44.333] VoxelMesh: Chunk X=0 Y=0 Z=0 FlatVerts=1434 SlopeVerts=13392
[+22:38:44.335] VoxelChunk: GenerateAsync (-2,-2,1)
[+22:38:44.337] VoxelMesh: Chunk X=-2 Y=-2 Z=1 FlatVerts=546 SlopeVerts=4524
[+22:38:44.340] VoxelMesh: Chunk X=0 Y=0 Z=0 FlatVerts=12 SlopeVerts=30
[+22:38:44.341] VoxelChunk: GenerateAsync (2,-1,-1)
[+22:38:44.341] VoxelMesh: Chunk X=2 Y=-1 Z=-1 FlatVerts=0 SlopeVerts=0
[+22:38:44.355] VoxelMesh: Chunk X=0 Y=0 Z=0 FlatVerts=2226 SlopeVerts=14814
[+22:38:44.371] VoxelChunk: GenerateAsync (-3,-3,1)
[+22:38:44.371] VoxelMesh: Chunk X=-3 Y=-3 Z=1 FlatVerts=522 SlopeVerts=1476
[+22:38:44.380] VoxelMesh: Chunk X=0 Y=0 Z=0 FlatVerts=0 SlopeVerts=0
[+22:38:44.381] VoxelChunk: GenerateAsync (0,-2,-2)
[+22:38:44.383] VoxelMesh: Chunk X=0 Y=-2 Z=-2 FlatVerts=0 SlopeVerts=0
[+22:38:44.387] VoxelMesh: Chunk X=0 Y=0 Z=0 FlatVerts=0 SlopeVerts=0
[+22:38:44.388] VoxelChunk: GenerateAsync (1,-2,-2)
[+22:38:44.389] VoxelMesh: Chunk X=1 Y=-2 Z=-2 FlatVerts=0 SlopeVerts=0
[+22:38:44.394] VoxelMesh: Chunk X=0 Y=0 Z=0 FlatVerts=0 SlopeVerts=0
[+22:38:44.395] VoxelChunk: GenerateAsync (1,-2,-1)
[+22:38:44.398] VoxelMesh: Chunk X=1 Y=-2 Z=-1 FlatVerts=0 SlopeVerts=0
[+22:38:44.399] VoxelMesh: Chunk X=0 Y=0 Z=0 FlatVerts=0 SlopeVerts=0
[+22:38:44.400] VoxelChunk: GenerateAsync (-1,-1,-2)
[+22:38:44.401] VoxelMesh: Chunk X=-1 Y=-1 Z=-2 FlatVerts=0 SlopeVerts=0
[+22:38:44.415] VoxelMesh: Chunk X=0 Y=0 Z=0 FlatVerts=0 SlopeVerts=0
[+22:38:44.415] VoxelChunk: GenerateAsync (1,0,-2)
[+22:38:44.419] VoxelMesh: Chunk X=1 Y=0 Z=-2 FlatVerts=0 SlopeVerts=0
[+22:38:44.421] VoxelMesh: Chunk X=0 Y=0 Z=0 FlatVerts=0 SlopeVerts=0
[+22:38:44.421] VoxelChunk: GenerateAsync (1,-1,-2)
[+22:38:44.423] VoxelMesh: Chunk X=1 Y=-1 Z=-2 FlatVerts=0 SlopeVerts=0
[+22:38:44.424] VoxelMesh: Chunk X=0 Y=0 Z=0 FlatVerts=10050 SlopeVerts=48
[+22:38:44.426] VoxelChunk: GenerateAsync (-2,0,-1)
[+22:38:44.427] VoxelMesh: Chunk X=-2 Y=0 Z=-1 FlatVerts=0 SlopeVerts=0
[+22:38:44.429] VoxelMesh: Chunk X=0 Y=0 Z=0 FlatVerts=10794 SlopeVerts=264
[+22:38:44.431] VoxelChunk: GenerateAsync (0,2,-1)
[+22:38:44.431] VoxelMesh: Chunk X=0 Y=2 Z=-1 FlatVerts=0 SlopeVerts=0
[+22:38:44.439] VoxelWater: Chunk X=2 Y=0 Z=0 emitted 20 procedural water vertices (Ocean/Pools)
[+22:38:44.439] VoxelWater: Chunk X=2 Y=-1 Z=0 emitted 16 procedural water vertices (Ocean/Pools)
[+22:38:44.439] VoxelWater: Chunk X=-2 Y=-1 Z=0 emitted 20 procedural water vertices (Ocean/Pools)
[+22:38:44.439] VoxelWater: Chunk X=2 Y=1 Z=1 emitted 28 procedural water vertices (Ocean/Pools)
[+22:38:44.439] VoxelWater: Chunk X=0 Y=-1 Z=2 emitted 52 procedural water vertices (Ocean/Pools)
[+22:38:44.439] VoxelWater: Chunk X=1 Y=-1 Z=2 emitted 40 procedural water vertices (Ocean/Pools)
[+22:38:44.439] VoxelWater: Chunk X=-1 Y=2 Z=1 emitted 12 procedural water vertices (Ocean/Pools)
[+22:38:44.439] VoxelWater: Chunk X=0 Y=2 Z=1 emitted 24 procedural water vertices (Ocean/Pools)
[+22:38:44.439] VoxelWater: Chunk X=1 Y=2 Z=1 emitted 48 procedural water vertices (Ocean/Pools)
[+22:38:44.439] VoxelWater: Chunk X=2 Y=-2 Z=1 emitted 44 procedural water vertices (Ocean/Pools)
[+22:38:44.439] VoxelWater: Chunk X=-2 Y=-1 Z=1 emitted 40 procedural water vertices (Ocean/Pools)
[+22:38:44.439] VoxelWater: Chunk X=4 Y=-26 Z=2 emitted 12 procedural water vertices (Ocean/Pools)
[+22:38:44.439] VoxelWater: Chunk X=4 Y=-25 Z=3 emitted 52 procedural water vertices (Ocean/Pools)
[+22:38:44.439] VoxelWater: Chunk X=4 Y=-25 Z=2 emitted 64 procedural water vertices (Ocean/Pools)
[+22:38:44.439] VoxelWater: Chunk X=5 Y=-25 Z=3 emitted 132 procedural water vertices (Ocean/Pools)
[+22:38:44.439] VoxelWater: Chunk X=5 Y=-25 Z=2 emitted 16 procedural water vertices (Ocean/Pools)
[+22:38:44.439] VoxelWater: Chunk X=4 Y=-24 Z=3 emitted 40 procedural water vertices (Ocean/Pools)
[+22:38:44.439] VoxelWater: Chunk X=4 Y=-24 Z=2 emitted 56 procedural water vertices (Ocean/Pools)
[+22:38:44.439] VoxelWater: Chunk X=5 Y=-24 Z=2 emitted 40 procedural water vertices (Ocean/Pools)
[+22:38:44.439] VoxelWater: Chunk X=5 Y=-24 Z=3 emitted 24 procedural water vertices (Ocean/Pools)
[+22:38:44.439] VoxelWater: Chunk X=6 Y=-24 Z=3 emitted 84 procedural water vertices (Ocean/Pools)
[+22:38:44.439] VoxelWater: Chunk X=6 Y=-26 Z=3 emitted 16 procedural water vertices (Ocean/Pools)
[+22:38:44.439] VoxelWater: Chunk X=6 Y=-25 Z=3 emitted 96 procedural water vertices (Ocean/Pools)
[+22:38:44.439] VoxelWater: Chunk X=6 Y=-26 Z=2 emitted 32 procedural water vertices (Ocean/Pools)
[+22:38:44.439] VoxelWater: Chunk X=6 Y=-24 Z=2 emitted 52 procedural water vertices (Ocean/Pools)
[+22:38:44.439] VoxelWater: Chunk X=-2 Y=1 Z=0 emitted 28 procedural water vertices (Ocean/Pools)
[+22:38:44.439] VoxelWater: Chunk X=-2 Y=-2 Z=0 emitted 20 procedural water vertices (Ocean/Pools)
[+22:38:44.439] VoxelWater: Chunk X=1 Y=-2 Z=0 emitted 4 procedural water vertices (Ocean/Pools)
[+22:38:44.439] VoxelWater: Chunk X=2 Y=-2 Z=0 emitted 16 procedural water vertices (Ocean/Pools)
[+22:38:44.440] VoxelWater: Chunk X=-2 Y=0 Z=0 emitted 64 procedural water vertices (Ocean/Pools)
[+22:38:44.440] VoxelWater: Chunk X=-2 Y=2 Z=0 emitted 8 procedural water vertices (Ocean/Pools)
[+22:38:44.440] VoxelWater: Chunk X=0 Y=2 Z=0 emitted 20 procedural water vertices (Ocean/Pools)
[+22:38:44.440] VoxelWater: Chunk X=1 Y=2 Z=0 emitted 8 procedural water vertices (Ocean/Pools)
[+22:38:44.440] VoxelWater: Chunk X=-2 Y=-2 Z=1 emitted 112 procedural water vertices (Ocean/Pools)
[+22:38:44.452] VoxelMesh: Chunk X=0 Y=0 Z=0 FlatVerts=0 SlopeVerts=0
[+22:38:44.452] VoxelChunk: GenerateAsync (-1,1,-2)
[+22:38:44.454] VoxelMesh: Chunk X=-1 Y=1 Z=-2 FlatVerts=0 SlopeVerts=0
[+22:38:44.456] VoxelMesh: Chunk X=0 Y=0 Z=0 FlatVerts=324 SlopeVerts=1146
[+22:38:44.457] VoxelChunk: GenerateAsync (2,0,-1)
[+22:38:44.458] VoxelMesh: Chunk X=2 Y=0 Z=-1 FlatVerts=0 SlopeVerts=0
[+22:38:44.461] VoxelMesh: Chunk X=0 Y=0 Z=0 FlatVerts=0 SlopeVerts=0
[+22:38:44.462] VoxelChunk: GenerateAsync (0,0,-2)
[+22:38:44.463] VoxelMesh: Chunk X=0 Y=0 Z=-2 FlatVerts=0 SlopeVerts=0
[+22:38:44.465] VoxelMesh: Chunk X=0 Y=0 Z=0 FlatVerts=3414 SlopeVerts=1902
[+22:38:44.466] VoxelChunk: GenerateAsync (2,1,-1)
[+22:38:44.467] VoxelMesh: Chunk X=2 Y=1 Z=-1 FlatVerts=0 SlopeVerts=0
[+22:38:44.479] VoxelMesh: Chunk X=0 Y=0 Z=0 FlatVerts=1410 SlopeVerts=21966
[+22:38:44.499] VoxelChunk: GenerateAsync (-2,-3,1)
[+22:38:44.499] VoxelMesh: Chunk X=-2 Y=-3 Z=1 FlatVerts=450 SlopeVerts=5076
[+22:38:44.506] VoxelChunk: GenerateAsync (6,-24,2)
[+22:38:44.507] VoxelMesh: Chunk X=6 Y=-24 Z=2 FlatVerts=0 SlopeVerts=678
[+22:38:44.507] VoxelMesh: Chunk X=2 Y=1 Z=-1 FlatVerts=0 SlopeVerts=0
[+22:38:44.508] VoxelChunk: GenerateAsync (2,0,-2)
[+22:38:44.509] VoxelMesh: Chunk X=0 Y=0 Z=-2 FlatVerts=0 SlopeVerts=0
[+22:38:44.509] VoxelChunk: GenerateAsync (-1,2,-1)
[+22:38:44.509] VoxelMesh: Chunk X=2 Y=0 Z=-2 FlatVerts=0 SlopeVerts=0
[+22:38:44.510] VoxelMesh: Chunk X=-1 Y=2 Z=-1 FlatVerts=0 SlopeVerts=0
[+22:38:44.510] VoxelMesh: Chunk X=2 Y=0 Z=-1 FlatVerts=342 SlopeVerts=3852
[+22:38:44.511] VoxelChunk: GenerateAsync (-1,-2,1)
[+22:38:44.512] VoxelMesh: Chunk X=-1 Y=1 Z=-2 FlatVerts=0 SlopeVerts=0
[+22:38:44.512] VoxelChunk: GenerateAsync (-1,-2,-2)
[+22:38:44.512] VoxelMesh: Chunk X=-1 Y=-2 Z=1 FlatVerts=342 SlopeVerts=3852
[+22:38:44.514] VoxelMesh: Chunk X=-1 Y=-2 Z=-2 FlatVerts=0 SlopeVerts=0
[+22:38:44.524] VoxelMesh: Chunk X=0 Y=2 Z=-1 FlatVerts=1680 SlopeVerts=780
[+22:38:44.525] VoxelChunk: GenerateAsync (-1,2,0)
[+22:38:44.525] VoxelMesh: Chunk X=-1 Y=2 Z=0 FlatVerts=1680 SlopeVerts=780
[+22:38:44.526] VoxelMesh: Chunk X=-2 Y=0 Z=-1 FlatVerts=0 SlopeVerts=0
[+22:38:44.526] VoxelChunk: GenerateAsync (1,1,-2)
[+22:38:44.526] VoxelMesh: Chunk X=1 Y=-1 Z=-2 FlatVerts=102 SlopeVerts=234
[+22:38:44.527] VoxelChunk: GenerateAsync (-1,-2,0)
[+22:38:44.528] VoxelMesh: Chunk X=1 Y=1 Z=-2 FlatVerts=0 SlopeVerts=0
[+22:38:44.528] VoxelMesh: Chunk X=-1 Y=-2 Z=0 FlatVerts=102 SlopeVerts=234
[+22:38:44.529] VoxelMesh: Chunk X=1 Y=0 Z=-2 FlatVerts=0 SlopeVerts=0
[+22:38:44.529] VoxelChunk: GenerateAsync (0,-2,0)
[+22:38:44.530] VoxelMesh: Chunk X=0 Y=-2 Z=0 FlatVerts=0 SlopeVerts=0
[+22:38:44.537] VoxelMesh: Chunk X=-1 Y=-1 Z=-2 FlatVerts=0 SlopeVerts=0
[+22:38:44.538] VoxelChunk: GenerateAsync (-2,-3,-2)
[+22:38:44.539] VoxelMesh: Chunk X=1 Y=-2 Z=-1 FlatVerts=0 SlopeVerts=0
[+22:38:44.539] VoxelMesh: Chunk X=-2 Y=-3 Z=-2 FlatVerts=0 SlopeVerts=0
[+22:38:44.539] VoxelChunk: GenerateAsync (-1,-3,-2)
[+22:38:44.541] VoxelMesh: Chunk X=-1 Y=-3 Z=-2 FlatVerts=0 SlopeVerts=0
[+22:38:44.541] VoxelMesh: Chunk X=1 Y=-2 Z=-2 FlatVerts=0 SlopeVerts=0
[+22:38:44.541] VoxelChunk: GenerateAsync (3,1,-3)
[+22:38:44.543] VoxelMesh: Chunk X=0 Y=-2 Z=-2 FlatVerts=0 SlopeVerts=0
[+22:38:44.543] VoxelChunk: GenerateAsync (-3,-2,0)
[+22:38:44.543] VoxelMesh: Chunk X=3 Y=1 Z=-3 FlatVerts=0 SlopeVerts=0
[+22:38:44.544] VoxelMesh: Chunk X=-3 Y=-2 Z=0 FlatVerts=0 SlopeVerts=0
[+22:38:44.551] VoxelMesh: Chunk X=2 Y=-1 Z=-1 FlatVerts=0 SlopeVerts=0
[+22:38:44.552] VoxelChunk: GenerateAsync (0,-3,-2)
[+22:38:44.552] VoxelMesh: Chunk X=-2 Y=-2 Z=1 FlatVerts=432 SlopeVerts=246
[+22:38:44.553] VoxelChunk: GenerateAsync (-3,-1,0)
[+22:38:44.553] VoxelMesh: Chunk X=-3 Y=-1 Z=0 FlatVerts=432 SlopeVerts=246
[+22:38:44.554] VoxelMesh: Chunk X=0 Y=-3 Z=-2 FlatVerts=0 SlopeVerts=0
[+22:38:44.554] VoxelMesh: Chunk X=0 Y=2 Z=0 FlatVerts=0 SlopeVerts=0
[+22:38:44.554] VoxelChunk: GenerateAsync (-3,-3,0)
[+22:38:44.555] VoxelMesh: Chunk X=-3 Y=-3 Z=0 FlatVerts=0 SlopeVerts=0
[+22:38:44.555] VoxelMesh: Chunk X=0 Y=2 Z=-2 FlatVerts=0 SlopeVerts=0
[+22:38:44.556] VoxelChunk: GenerateAsync (3,1,-2)
[+22:38:44.557] VoxelMesh: Chunk X=3 Y=1 Z=-2 FlatVerts=0 SlopeVerts=0
[+22:38:44.566] VoxelMesh: Chunk X=0 Y=0 Z=0 FlatVerts=534 SlopeVerts=23658
[+22:38:44.585] VoxelChunk: GenerateAsync (-1,-3,1)
[+22:38:44.586] VoxelMesh: Chunk X=-1 Y=-3 Z=1 FlatVerts=72 SlopeVerts=3234
[+22:38:44.590] VoxelMesh: Chunk X=-2 Y=2 Z=0 FlatVerts=0 SlopeVerts=0
[+22:38:44.590] VoxelChunk: GenerateAsync (-3,2,-2)
[+22:38:44.591] VoxelMesh: Chunk X=2 Y=1 Z=0 FlatVerts=0 SlopeVerts=0
[+22:38:44.591] VoxelChunk: GenerateAsync (3,-3,0)
[+22:38:44.592] VoxelMesh: Chunk X=3 Y=-3 Z=0 FlatVerts=0 SlopeVerts=0
[+22:38:44.592] VoxelMesh: Chunk X=-3 Y=2 Z=-2 FlatVerts=0 SlopeVerts=0
[+22:38:44.592] VoxelMesh: Chunk X=-2 Y=-2 Z=-2 FlatVerts=0 SlopeVerts=0
[+22:38:44.592] VoxelChunk: GenerateAsync (1,-3,-2)
[+22:38:44.594] VoxelMesh: Chunk X=-2 Y=0 Z=0 FlatVerts=0 SlopeVerts=0
[+22:38:44.594] VoxelMesh: Chunk X=1 Y=-3 Z=-2 FlatVerts=0 SlopeVerts=0
[+22:38:44.594] VoxelChunk: GenerateAsync (-3,2,-3)
[+22:38:44.596] VoxelMesh: Chunk X=-3 Y=2 Z=-3 FlatVerts=0 SlopeVerts=0
[+22:38:44.604] VoxelMesh: Chunk X=2 Y=-2 Z=0 FlatVerts=0 SlopeVerts=0
[+22:38:44.605] VoxelChunk: GenerateAsync (2,0,-3)
[+22:38:44.606] VoxelMesh: Chunk X=-2 Y=-2 Z=0 FlatVerts=0 SlopeVerts=0
[+22:38:44.606] VoxelChunk: GenerateAsync (3,2,-2)
[+22:38:44.607] VoxelMesh: Chunk X=2 Y=0 Z=-3 FlatVerts=0 SlopeVerts=0
[+22:38:44.608] VoxelMesh: Chunk X=3 Y=2 Z=-2 FlatVerts=0 SlopeVerts=0
[+22:38:44.608] VoxelMesh: Chunk X=0 Y=1 Z=-2 FlatVerts=0 SlopeVerts=0
[+22:38:44.608] VoxelChunk: GenerateAsync (-3,3,-2)
[+22:38:44.610] VoxelMesh: Chunk X=2 Y=2 Z=-1 FlatVerts=0 SlopeVerts=0
[+22:38:44.610] VoxelChunk: GenerateAsync (2,-3,-2)
[+22:38:44.610] VoxelMesh: Chunk X=-3 Y=3 Z=-2 FlatVerts=0 SlopeVerts=0
[+22:38:44.612] VoxelMesh: Chunk X=2 Y=-3 Z=-2 FlatVerts=0 SlopeVerts=0
[+22:38:44.618] VoxelMesh: Chunk X=1 Y=-2 Z=0 FlatVerts=0 SlopeVerts=0
[+22:38:44.618] VoxelChunk: GenerateAsync (-2,3,-2)
[+22:38:44.620] VoxelMesh: Chunk X=2 Y=1 Z=-2 FlatVerts=0 SlopeVerts=0
[+22:38:44.620] VoxelMesh: Chunk X=-2 Y=3 Z=-2 FlatVerts=0 SlopeVerts=0
[+22:38:44.620] VoxelChunk: GenerateAsync (-1,3,-2)
[+22:38:44.622] VoxelMesh: Chunk X=-2 Y=1 Z=0 FlatVerts=0 SlopeVerts=0
[+22:38:44.622] VoxelChunk: GenerateAsync (3,-3,-2)
[+22:38:44.622] VoxelMesh: Chunk X=-1 Y=3 Z=-2 FlatVerts=0 SlopeVerts=0
[+22:38:44.622] VoxelMesh: Chunk X=-2 Y=2 Z=2 FlatVerts=0 SlopeVerts=0
[+22:38:44.623] VoxelChunk: GenerateAsync (-2,2,-3)
[+22:38:44.624] VoxelMesh: Chunk X=3 Y=-3 Z=-2 FlatVerts=0 SlopeVerts=0
[+22:38:44.625] VoxelMesh: Chunk X=-2 Y=2 Z=-3 FlatVerts=0 SlopeVerts=0
[+22:38:44.628] VoxelWater: Chunk X=4 Y=-26 Z=2 emitted 20 procedural water vertices (Ocean/Pools)
[+22:38:44.628] VoxelWater: Chunk X=4 Y=-25 Z=3 emitted 56 procedural water vertices (Ocean/Pools)
[+22:38:44.628] VoxelWater: Chunk X=4 Y=-25 Z=2 emitted 76 procedural water vertices (Ocean/Pools)
[+22:38:44.628] VoxelWater: Chunk X=5 Y=-25 Z=3 emitted 160 procedural water vertices (Ocean/Pools)
[+22:38:44.628] VoxelWater: Chunk X=5 Y=-25 Z=2 emitted 20 procedural water vertices (Ocean/Pools)
[+22:38:44.628] VoxelWater: Chunk X=4 Y=-24 Z=3 emitted 48 procedural water vertices (Ocean/Pools)
[+22:38:44.628] VoxelWater: Chunk X=4 Y=-24 Z=2 emitted 64 procedural water vertices (Ocean/Pools)
[+22:38:44.628] VoxelWater: Chunk X=5 Y=-24 Z=2 emitted 60 procedural water vertices (Ocean/Pools)
[+22:38:44.628] VoxelWater: Chunk X=5 Y=-24 Z=3 emitted 28 procedural water vertices (Ocean/Pools)
[+22:38:44.628] VoxelWater: Chunk X=6 Y=-24 Z=3 emitted 88 procedural water vertices (Ocean/Pools)
[+22:38:44.628] VoxelWater: Chunk X=6 Y=-24 Z=2 emitted 84 procedural water vertices (Ocean/Pools)
[+22:38:44.628] VoxelWater: Chunk X=6 Y=-26 Z=3 emitted 16 procedural water vertices (Ocean/Pools)
[+22:38:44.628] VoxelWater: Chunk X=6 Y=-25 Z=3 emitted 100 procedural water vertices (Ocean/Pools)
[+22:38:44.628] VoxelWater: Chunk X=6 Y=-26 Z=2 emitted 32 procedural water vertices (Ocean/Pools)
[+22:38:44.628] VoxelWater: Chunk X=-1 Y=2 Z=0 emitted 16 procedural water vertices (Ocean/Pools)
[+22:38:44.628] VoxelWater: Chunk X=-1 Y=-2 Z=1 emitted 76 procedural water vertices (Ocean/Pools)
[+22:38:44.628] VoxelWater: Chunk X=-1 Y=-2 Z=0 emitted 4 procedural water vertices (Ocean/Pools)
[+22:38:44.636] VoxelMesh: Chunk X=-2 Y=-1 Z=1 FlatVerts=0 SlopeVerts=0
[+22:38:44.636] VoxelChunk: GenerateAsync (0,3,-2)
[+22:38:44.638] VoxelMesh: Chunk X=2 Y=-2 Z=1 FlatVerts=0 SlopeVerts=0
[+22:38:44.638] VoxelMesh: Chunk X=0 Y=3 Z=-2 FlatVerts=0 SlopeVerts=0
[+22:38:44.638] VoxelChunk: GenerateAsync (1,3,-2)
[+22:38:44.640] VoxelMesh: Chunk X=1 Y=-2 Z=1 FlatVerts=0 SlopeVerts=0
[+22:38:44.640] VoxelChunk: GenerateAsync (-3,-2,-2)
[+22:38:44.640] VoxelMesh: Chunk X=1 Y=3 Z=-2 FlatVerts=0 SlopeVerts=0
[+22:38:44.642] VoxelMesh: Chunk X=1 Y=2 Z=1 FlatVerts=0 SlopeVerts=0
[+22:38:44.642] VoxelMesh: Chunk X=-3 Y=-2 Z=-2 FlatVerts=0 SlopeVerts=0
[+22:38:44.642] VoxelChunk: GenerateAsync (2,3,-2)
[+22:38:44.643] VoxelMesh: Chunk X=2 Y=3 Z=-2 FlatVerts=0 SlopeVerts=0
[+22:38:44.651] VoxelMesh: Chunk X=0 Y=2 Z=1 FlatVerts=0 SlopeVerts=0
[+22:38:44.651] VoxelChunk: GenerateAsync (-2,-3,-3)
[+22:38:44.653] VoxelMesh: Chunk X=-2 Y=-3 Z=-3 FlatVerts=0 SlopeVerts=0
[+22:38:44.653] VoxelMesh: Chunk X=-2 Y=0 Z=2 FlatVerts=0 SlopeVerts=0
[+22:38:44.653] VoxelChunk: GenerateAsync (3,3,-2)
[+22:38:44.655] VoxelMesh: Chunk X=-1 Y=2 Z=1 FlatVerts=0 SlopeVerts=0
[+22:38:44.655] VoxelMesh: Chunk X=3 Y=3 Z=-2 FlatVerts=0 SlopeVerts=0
[+22:38:44.655] VoxelChunk: GenerateAsync (-1,2,-3)
[+22:38:44.657] VoxelMesh: Chunk X=-2 Y=2 Z=1 FlatVerts=0 SlopeVerts=0
[+22:38:44.657] VoxelMesh: Chunk X=-1 Y=2 Z=-3 FlatVerts=0 SlopeVerts=0
[+22:38:44.657] VoxelChunk: GenerateAsync (3,0,-3)
[+22:38:44.659] VoxelMesh: Chunk X=3 Y=0 Z=-3 FlatVerts=0 SlopeVerts=0
[+22:38:44.665] VoxelMesh: Chunk X=2 Y=-1 Z=2 FlatVerts=0 SlopeVerts=0
[+22:38:44.665] VoxelChunk: GenerateAsync (-2,0,-3)
[+22:38:44.667] VoxelMesh: Chunk X=-1 Y=1 Z=2 FlatVerts=0 SlopeVerts=0
[+22:38:44.667] VoxelChunk: GenerateAsync (-3,-3,-1)
[+22:38:44.668] VoxelMesh: Chunk X=1 Y=-1 Z=2 FlatVerts=0 SlopeVerts=42
[+22:38:44.668] VoxelMesh: Chunk X=-2 Y=0 Z=-3 FlatVerts=0 SlopeVerts=0
[+22:38:44.668] VoxelChunk: GenerateAsync (-3,2,0)
[+22:38:44.669] VoxelMesh: Chunk X=-3 Y=2 Z=0 FlatVerts=0 SlopeVerts=42
[+22:38:44.669] VoxelMesh: Chunk X=-3 Y=-3 Z=-1 FlatVerts=0 SlopeVerts=0
[+22:38:44.670] VoxelMesh: Chunk X=0 Y=-1 Z=2 FlatVerts=0 SlopeVerts=0
[+22:38:44.670] VoxelChunk: GenerateAsync (-2,-3,-1)
[+22:38:44.671] VoxelMesh: Chunk X=-2 Y=-3 Z=-1 FlatVerts=0 SlopeVerts=0
[+22:38:44.681] VoxelMesh: Chunk X=0 Y=0 Z=0 FlatVerts=84 SlopeVerts=12018
[+22:38:44.689] VoxelChunk: GenerateAsync (0,-3,1)
[+22:38:44.691] VoxelMesh: Chunk X=0 Y=-3 Z=1 FlatVerts=54 SlopeVerts=1068
[+22:38:44.692] VoxelMesh: Chunk X=-2 Y=1 Z=2 FlatVerts=0 SlopeVerts=0
[+22:38:44.693] VoxelChunk: GenerateAsync (-1,-3,-1)
[+22:38:44.694] VoxelMesh: Chunk X=2 Y=1 Z=2 FlatVerts=0 SlopeVerts=0
[+22:38:44.694] VoxelChunk: GenerateAsync (0,2,-3)
[+22:38:44.695] VoxelMesh: Chunk X=-1 Y=-3 Z=-1 FlatVerts=0 SlopeVerts=0
[+22:38:44.696] VoxelMesh: Chunk X=-1 Y=2 Z=2 FlatVerts=0 SlopeVerts=0
[+22:38:44.696] VoxelChunk: GenerateAsync (2,-1,-3)
[+22:38:44.696] VoxelMesh: Chunk X=0 Y=2 Z=-3 FlatVerts=0 SlopeVerts=0
[+22:38:44.697] VoxelMesh: Chunk X=2 Y=2 Z=2 FlatVerts=0 SlopeVerts=0
[+22:38:44.697] VoxelChunk: GenerateAsync (2,-3,-1)
[+22:38:44.698] VoxelMesh: Chunk X=2 Y=-1 Z=-3 FlatVerts=0 SlopeVerts=0
[+22:38:44.699] VoxelMesh: Chunk X=2 Y=-3 Z=-1 FlatVerts=0 SlopeVerts=0
[+22:38:44.709] VoxelMesh: Chunk X=0 Y=2 Z=2 FlatVerts=0 SlopeVerts=0
[+22:38:44.709] VoxelChunk: GenerateAsync (3,-3,-1)
[+22:38:44.711] VoxelMesh: Chunk X=3 Y=-3 Z=-1 FlatVerts=0 SlopeVerts=0
[+22:38:44.711] VoxelMesh: Chunk X=1 Y=2 Z=2 FlatVerts=0 SlopeVerts=0
[+22:38:44.711] VoxelChunk: GenerateAsync (-3,-2,-1)
[+22:38:44.712] VoxelMesh: Chunk X=2 Y=1 Z=1 FlatVerts=0 SlopeVerts=0
[+22:38:44.712] VoxelMesh: Chunk X=-3 Y=-2 Z=-1 FlatVerts=0 SlopeVerts=0
[+22:38:44.713] VoxelChunk: GenerateAsync (1,2,-3)
[+22:38:44.715] VoxelMesh: Chunk X=1 Y=2 Z=-3 FlatVerts=0 SlopeVerts=0
[+22:38:44.715] VoxelMesh: Chunk X=-2 Y=1 Z=-2 FlatVerts=0 SlopeVerts=0
[+22:38:44.715] VoxelChunk: GenerateAsync (-3,1,-3)
[+22:38:44.716] VoxelMesh: Chunk X=-3 Y=1 Z=-3 FlatVerts=0 SlopeVerts=0
[+22:38:44.723] VoxelMesh: Chunk X=2 Y=-2 Z=-1 FlatVerts=0 SlopeVerts=0
[+22:38:44.724] VoxelChunk: GenerateAsync (3,-2,-2)
[+22:38:44.726] VoxelMesh: Chunk X=2 Y=2 Z=0 FlatVerts=0 SlopeVerts=0
[+22:38:44.726] VoxelMesh: Chunk X=3 Y=-2 Z=-2 FlatVerts=0 SlopeVerts=0
[+22:38:44.726] VoxelChunk: GenerateAsync (-3,-1,-2)
[+22:38:44.727] VoxelMesh: Chunk X=-3 Y=-1 Z=-2 FlatVerts=0 SlopeVerts=0
[+22:38:44.728] VoxelMesh: Chunk X=1 Y=2 Z=0 FlatVerts=0 SlopeVerts=0
[+22:38:44.728] VoxelChunk: GenerateAsync (2,2,-3)
[+22:38:44.729] VoxelMesh: Chunk X=2 Y=2 Z=-2 FlatVerts=0 SlopeVerts=0
[+22:38:44.729] VoxelChunk: GenerateAsync (3,-2,-1)
[+22:38:44.730] VoxelMesh: Chunk X=2 Y=2 Z=-3 FlatVerts=0 SlopeVerts=0
[+22:38:44.731] VoxelMesh: Chunk X=3 Y=-2 Z=-1 FlatVerts=0 SlopeVerts=0
[+22:38:44.738] VoxelMesh: Chunk X=-2 Y=0 Z=-2 FlatVerts=0 SlopeVerts=0
[+22:38:44.738] VoxelChunk: GenerateAsync (-3,-1,-1)
[+22:38:44.739] VoxelMesh: Chunk X=-3 Y=-1 Z=-1 FlatVerts=0 SlopeVerts=0
[+22:38:44.739] VoxelMesh: Chunk X=-2 Y=-1 Z=0 FlatVerts=0 SlopeVerts=0
[+22:38:44.740] VoxelChunk: GenerateAsync (3,2,-3)
[+22:38:44.741] VoxelMesh: Chunk X=-2 Y=-2 Z=-1 FlatVerts=0 SlopeVerts=0
[+22:38:44.741] VoxelChunk: GenerateAsync (-2,1,-3)
[+22:38:44.742] VoxelMesh: Chunk X=3 Y=2 Z=-3 FlatVerts=0 SlopeVerts=0
[+22:38:44.742] VoxelMesh: Chunk X=-1 Y=0 Z=-2 FlatVerts=0 SlopeVerts=0
[+22:38:44.743] VoxelChunk: GenerateAsync (-1,0,-3)
[+22:38:44.743] VoxelMesh: Chunk X=-2 Y=1 Z=-3 FlatVerts=0 SlopeVerts=0
[+22:38:44.745] VoxelMesh: Chunk X=-1 Y=0 Z=-3 FlatVerts=0 SlopeVerts=0
[+22:38:44.750] VoxelMesh: Chunk X=-2 Y=2 Z=-2 FlatVerts=0 SlopeVerts=0
[+22:38:44.750] VoxelChunk: GenerateAsync (3,-1,-3)
[+22:38:44.751] VoxelMesh: Chunk X=0 Y=-2 Z=1 FlatVerts=0 SlopeVerts=0
[+22:38:44.752] VoxelChunk: GenerateAsync (-2,-1,-3)
[+22:38:44.752] VoxelMesh: Chunk X=3 Y=-1 Z=-3 FlatVerts=0 SlopeVerts=0
[+22:38:44.753] VoxelMesh: Chunk X=0 Y=-1 Z=-2 FlatVerts=0 SlopeVerts=0
[+22:38:44.753] VoxelMesh: Chunk X=-2 Y=-1 Z=-3 FlatVerts=0 SlopeVerts=0
[+22:38:44.753] VoxelChunk: GenerateAsync (-3,-1,-3)
[+22:38:44.756] VoxelMesh: Chunk X=-1 Y=-2 Z=-1 FlatVerts=0 SlopeVerts=0
[+22:38:44.756] VoxelChunk: GenerateAsync (3,-2,-3)
[+22:38:44.756] VoxelMesh: Chunk X=-3 Y=-1 Z=-3 FlatVerts=0 SlopeVerts=0
[+22:38:44.757] VoxelMesh: Chunk X=3 Y=-2 Z=-3 FlatVerts=0 SlopeVerts=0
[+22:38:44.764] VoxelMesh: Chunk X=-2 Y=2 Z=-1 FlatVerts=0 SlopeVerts=0
[+22:38:44.764] VoxelChunk: GenerateAsync (-3,3,-3)
[+22:38:44.766] VoxelMesh: Chunk X=-2 Y=1 Z=-1 FlatVerts=0 SlopeVerts=0
[+22:38:44.766] VoxelChunk: GenerateAsync (3,-1,-1)
[+22:38:44.766] VoxelMesh: Chunk X=-3 Y=3 Z=-3 FlatVerts=0 SlopeVerts=0
[+22:38:44.769] VoxelMesh: Chunk X=1 Y=2 Z=-1 FlatVerts=0 SlopeVerts=0
[+22:38:44.769] VoxelChunk: GenerateAsync (-3,0,-1)
[+22:38:44.769] VoxelMesh: Chunk X=3 Y=-1 Z=-1 FlatVerts=0 SlopeVerts=0
[+22:38:44.770] VoxelMesh: Chunk X=-1 Y=2 Z=-2 FlatVerts=0 SlopeVerts=0
[+22:38:44.770] VoxelMesh: Chunk X=-3 Y=0 Z=-1 FlatVerts=0 SlopeVerts=0
[+22:38:44.770] VoxelChunk: GenerateAsync (2,-2,-3)
[+22:38:44.772] VoxelMesh: Chunk X=2 Y=-2 Z=-3 FlatVerts=0 SlopeVerts=0
[+22:38:44.779] VoxelMesh: Chunk X=2 Y=-1 Z=0 FlatVerts=0 SlopeVerts=0
[+22:38:44.779] VoxelChunk: GenerateAsync (3,-1,-2)
[+22:38:44.781] VoxelMesh: Chunk X=3 Y=-1 Z=-2 FlatVerts=0 SlopeVerts=0
[+22:38:44.781] VoxelMesh: Chunk X=2 Y=0 Z=0 FlatVerts=0 SlopeVerts=0
[+22:38:44.781] VoxelChunk: GenerateAsync (-2,3,-3)
[+22:38:44.782] VoxelMesh: Chunk X=1 Y=2 Z=-2 FlatVerts=0 SlopeVerts=0
[+22:38:44.782] VoxelMesh: Chunk X=-2 Y=3 Z=-3 FlatVerts=0 SlopeVerts=0
[+22:38:44.782] VoxelChunk: GenerateAsync (-1,1,-3)
[+22:38:44.784] VoxelMesh: Chunk X=2 Y=-2 Z=-2 FlatVerts=0 SlopeVerts=0
[+22:38:44.784] VoxelChunk: GenerateAsync (1,-2,-3)
[+22:38:44.784] VoxelMesh: Chunk X=-1 Y=1 Z=-3 FlatVerts=0 SlopeVerts=0
[+22:38:44.786] VoxelMesh: Chunk X=1 Y=-2 Z=-3 FlatVerts=0 SlopeVerts=0
[+22:38:44.796] VoxelMesh: Chunk X=0 Y=0 Z=0 FlatVerts=48 SlopeVerts=3480
[+22:38:44.798] VoxelChunk: GenerateAsync (1,-3,1)
[+22:38:44.799] VoxelMesh: Chunk X=1 Y=-3 Z=1 FlatVerts=0 SlopeVerts=0
[+22:38:44.801] VoxelMesh: Chunk X=-2 Y=-1 Z=-2 FlatVerts=0 SlopeVerts=0
[+22:38:44.801] VoxelChunk: GenerateAsync (0,-2,-3)
[+22:38:44.802] VoxelMesh: Chunk X=0 Y=-2 Z=-1 FlatVerts=0 SlopeVerts=0
[+22:38:44.802] VoxelChunk: GenerateAsync (-3,0,-2)
[+22:38:44.803] VoxelMesh: Chunk X=0 Y=-2 Z=-3 FlatVerts=0 SlopeVerts=0
[+22:38:44.804] VoxelMesh: Chunk X=-2 Y=-1 Z=-1 FlatVerts=0 SlopeVerts=0
[+22:38:44.804] VoxelChunk: GenerateAsync (3,0,-1)
[+22:38:44.805] VoxelMesh: Chunk X=-3 Y=0 Z=-2 FlatVerts=0 SlopeVerts=0
[+22:38:44.806] VoxelMesh: Chunk X=2 Y=-1 Z=-2 FlatVerts=0 SlopeVerts=0
[+22:38:44.806] VoxelMesh: Chunk X=3 Y=0 Z=-1 FlatVerts=0 SlopeVerts=0
[+22:38:44.806] VoxelChunk: GenerateAsync (-1,3,-3)
[+22:38:44.808] VoxelMesh: Chunk X=-1 Y=3 Z=-3 FlatVerts=0 SlopeVerts=0
[+22:38:44.817] VoxelMesh: Chunk X=0 Y=0 Z=0 FlatVerts=8646 SlopeVerts=1470
[+22:38:44.819] VoxelChunk: GenerateAsync (-3,1,-1)
[+22:38:44.824] VoxelMesh: Chunk X=-3 Y=1 Z=-1 FlatVerts=0 SlopeVerts=0
[+22:38:44.826] VoxelMesh: Chunk X=0 Y=0 Z=0 FlatVerts=0 SlopeVerts=0
[+22:38:44.826] VoxelChunk: GenerateAsync (-1,-2,-3)
[+22:38:44.828] VoxelMesh: Chunk X=-1 Y=-2 Z=-3 FlatVerts=0 SlopeVerts=0
[+22:38:44.832] VoxelMesh: Chunk X=0 Y=0 Z=0 FlatVerts=0 SlopeVerts=0
[+22:38:44.833] VoxelChunk: GenerateAsync (-2,-2,-3)
[+22:38:44.835] VoxelMesh: Chunk X=-2 Y=-2 Z=-3 FlatVerts=0 SlopeVerts=0
[+22:38:44.839] VoxelMesh: Chunk X=0 Y=0 Z=0 FlatVerts=0 SlopeVerts=0
[+22:38:44.840] VoxelChunk: GenerateAsync (0,3,-3)
[+22:38:44.841] VoxelMesh: Chunk X=0 Y=3 Z=-3 FlatVerts=0 SlopeVerts=0
[+22:38:44.853] VoxelMesh: Chunk X=0 Y=0 Z=0 FlatVerts=0 SlopeVerts=0
[+22:38:44.853] VoxelChunk: GenerateAsync (0,1,-3)
[+22:38:44.855] VoxelMesh: Chunk X=0 Y=1 Z=-3 FlatVerts=0 SlopeVerts=0
[+22:38:44.860] VoxelMesh: Chunk X=0 Y=0 Z=0 FlatVerts=0 SlopeVerts=0
[+22:38:44.860] VoxelChunk: GenerateAsync (0,0,-3)
[+22:38:44.862] VoxelMesh: Chunk X=0 Y=0 Z=-3 FlatVerts=0 SlopeVerts=0
[+22:38:44.866] VoxelMesh: Chunk X=0 Y=0 Z=0 FlatVerts=0 SlopeVerts=0
[+22:38:44.866] VoxelChunk: GenerateAsync (3,3,3)
[+22:38:44.870] VoxelMesh: Chunk X=3 Y=3 Z=3 FlatVerts=0 SlopeVerts=0
[+22:38:44.873] VoxelMesh: Chunk X=0 Y=0 Z=0 FlatVerts=0 SlopeVerts=0
[+22:38:44.873] VoxelChunk: GenerateAsync (-3,-2,-3)
[+22:38:44.875] VoxelMesh: Chunk X=-3 Y=-2 Z=-3 FlatVerts=0 SlopeVerts=0
[+22:38:44.886] VoxelWater: Chunk X=4 Y=-26 Z=2 emitted 24 procedural water vertices (Ocean/Pools)
[+22:38:44.886] VoxelWater: Chunk X=4 Y=-25 Z=3 emitted 60 procedural water vertices (Ocean/Pools)
[+22:38:44.886] VoxelWater: Chunk X=4 Y=-25 Z=2 emitted 84 procedural water vertices (Ocean/Pools)
[+22:38:44.886] VoxelWater: Chunk X=5 Y=-25 Z=3 emitted 212 procedural water vertices (Ocean/Pools)
[+22:38:44.886] VoxelWater: Chunk X=5 Y=-25 Z=2 emitted 32 procedural water vertices (Ocean/Pools)
[+22:38:44.887] VoxelWater: Chunk X=4 Y=-24 Z=3 emitted 60 procedural water vertices (Ocean/Pools)
[+22:38:44.887] VoxelWater: Chunk X=4 Y=-24 Z=2 emitted 68 procedural water vertices (Ocean/Pools)
[+22:38:44.887] VoxelWater: Chunk X=5 Y=-24 Z=2 emitted 80 procedural water vertices (Ocean/Pools)
[+22:38:44.887] VoxelWater: Chunk X=6 Y=-25 Z=3 emitted 140 procedural water vertices (Ocean/Pools)
[+22:38:44.887] VoxelWater: Chunk X=5 Y=-24 Z=3 emitted 36 procedural water vertices (Ocean/Pools)
[+22:38:44.887] VoxelWater: Chunk X=6 Y=-24 Z=3 emitted 108 procedural water vertices (Ocean/Pools)
[+22:38:44.887] VoxelWater: Chunk X=6 Y=-24 Z=2 emitted 80 procedural water vertices (Ocean/Pools)
[+22:38:44.887] VoxelWater: Chunk X=6 Y=-26 Z=3 emitted 16 procedural water vertices (Ocean/Pools)
[+22:38:44.887] VoxelWater: Chunk X=6 Y=-26 Z=2 emitted 44 procedural water vertices (Ocean/Pools)
[+22:38:44.887] VoxelWater: Chunk X=-1 Y=-2 Z=0 emitted 8 procedural water vertices (Ocean/Pools)
[+22:38:44.887] VoxelWater: Chunk X=-1 Y=2 Z=0 emitted 16 procedural water vertices (Ocean/Pools)
[+22:38:44.888] VoxelWater: Chunk X=-1 Y=-2 Z=1 emitted 80 procedural water vertices (Ocean/Pools)
[+22:38:44.900] VoxelMesh: Chunk X=0 Y=0 Z=0 FlatVerts=2568 SlopeVerts=11472
[+22:38:44.902] VoxelChunk: GenerateAsync (-2,-3,0)
[+22:38:44.903] VoxelMesh: Chunk X=-2 Y=-3 Z=0 FlatVerts=0 SlopeVerts=42
[+22:38:44.906] VoxelMesh: Chunk X=0 Y=0 Z=0 FlatVerts=336 SlopeVerts=4980
[+22:38:44.908] VoxelChunk: GenerateAsync (-1,-3,0)
[+22:38:44.911] VoxelMesh: Chunk X=-1 Y=-3 Z=0 FlatVerts=0 SlopeVerts=0
[+22:38:44.913] VoxelMesh: Chunk X=0 Y=0 Z=0 FlatVerts=48 SlopeVerts=1284
[+22:38:44.914] VoxelChunk: GenerateAsync (0,-3,0)
[+22:38:44.916] VoxelMesh: Chunk X=0 Y=-3 Z=0 FlatVerts=0 SlopeVerts=0
[+22:38:44.919] VoxelMesh: Chunk X=0 Y=0 Z=0 FlatVerts=36 SlopeVerts=216
[+22:38:44.920] VoxelChunk: GenerateAsync (1,-3,0)
[+22:38:44.921] VoxelMesh: Chunk X=1 Y=-3 Z=0 FlatVerts=0 SlopeVerts=36
[+22:38:44.933] VoxelMesh: Chunk X=0 Y=0 Z=0 FlatVerts=54 SlopeVerts=4902
[+22:38:44.936] VoxelChunk: GenerateAsync (2,-3,1)
[+22:38:44.937] VoxelMesh: Chunk X=2 Y=-3 Z=1 FlatVerts=0 SlopeVerts=0
[+22:38:44.944] VoxelMesh: Chunk X=0 Y=0 Z=0 FlatVerts=0 SlopeVerts=660
[+22:38:44.945] VoxelChunk: GenerateAsync (2,-3,0)
[+22:38:44.946] VoxelMesh: Chunk X=2 Y=-3 Z=0 FlatVerts=0 SlopeVerts=0
[+22:38:44.948] VoxelMesh: Chunk X=0 Y=0 Z=0 FlatVerts=612 SlopeVerts=1296
[+22:38:44.949] VoxelChunk: GenerateAsync (3,1,-1)
[+22:38:44.951] VoxelMesh: Chunk X=3 Y=1 Z=-1 FlatVerts=0 SlopeVerts=0
[+22:38:44.952] VoxelMesh: Chunk X=0 Y=0 Z=0 FlatVerts=5388 SlopeVerts=1914
[+22:38:44.953] VoxelChunk: GenerateAsync (-3,2,-1)
[+22:38:44.956] VoxelMesh: Chunk X=-3 Y=2 Z=-1 FlatVerts=0 SlopeVerts=0
[+22:38:44.960] VoxelMesh: Chunk X=0 Y=0 Z=0 FlatVerts=0 SlopeVerts=0
[+22:38:44.960] VoxelChunk: GenerateAsync (1,3,-3)
[+22:38:44.962] VoxelMesh: Chunk X=1 Y=3 Z=-3 FlatVerts=0 SlopeVerts=0
[+22:38:44.975] VoxelMesh: Chunk X=0 Y=0 Z=0 FlatVerts=0 SlopeVerts=0
[+22:38:44.976] VoxelChunk: GenerateAsync (3,0,-2)
[+22:38:44.978] VoxelMesh: Chunk X=3 Y=0 Z=-2 FlatVerts=0 SlopeVerts=0
[+22:38:44.980] VoxelMesh: Chunk X=0 Y=0 Z=0 FlatVerts=0 SlopeVerts=0
[+22:38:44.980] VoxelChunk: GenerateAsync (-3,1,-2)
[+22:38:44.982] VoxelMesh: Chunk X=-3 Y=1 Z=-2 FlatVerts=0 SlopeVerts=0
[+22:38:44.986] VoxelMesh: Chunk X=0 Y=0 Z=0 FlatVerts=0 SlopeVerts=0
[+22:38:44.987] VoxelChunk: GenerateAsync (2,3,-3)
[+22:38:44.990] VoxelMesh: Chunk X=2 Y=3 Z=-3 FlatVerts=0 SlopeVerts=0
[+22:38:44.993] VoxelMesh: Chunk X=0 Y=0 Z=0 FlatVerts=0 SlopeVerts=0
[+22:38:44.994] VoxelChunk: GenerateAsync (1,1,-3)
[+22:38:44.996] VoxelMesh: Chunk X=1 Y=1 Z=-3 FlatVerts=0 SlopeVerts=0
[+22:38:45.006] VoxelChunk: GenerateAsync (4,-26,2)
[+22:38:45.006] VoxelChunk: GenerateAsync (4,-25,2)
[+22:38:45.006] VoxelChunk: GenerateAsync (4,-24,2)
[+22:38:45.006] VoxelChunk: GenerateAsync (5,-26,2)
[+22:38:45.006] VoxelChunk: GenerateAsync (5,-25,2)
[+22:38:45.006] VoxelChunk: GenerateAsync (5,-24,2)
[+22:38:45.006] VoxelChunk: GenerateAsync (6,-26,2)
[+22:38:45.006] VoxelChunk: GenerateAsync (6,-25,2)
[+22:38:45.007] VoxelMesh: Chunk X=4 Y=-25 Z=2 FlatVerts=0 SlopeVerts=606
[+22:38:45.007] VoxelMesh: Chunk X=4 Y=-26 Z=2 FlatVerts=30 SlopeVerts=138
[+22:38:45.007] VoxelMesh: Chunk X=4 Y=-24 Z=2 FlatVerts=12 SlopeVerts=570
[+22:38:45.007] VoxelMesh: Chunk X=5 Y=-25 Z=2 FlatVerts=6 SlopeVerts=636
[+22:38:45.008] VoxelMesh: Chunk X=1 Y=1 Z=-3 FlatVerts=0 SlopeVerts=0
[+22:38:45.008] VoxelMesh: Chunk X=6 Y=-25 Z=2 FlatVerts=0 SlopeVerts=6
[+22:38:45.008] VoxelMesh: Chunk X=5 Y=-26 Z=2 FlatVerts=0 SlopeVerts=102
[+22:38:45.008] VoxelMesh: Chunk X=6 Y=-26 Z=2 FlatVerts=0 SlopeVerts=576
[+22:38:45.008] VoxelMesh: Chunk X=5 Y=-24 Z=2 FlatVerts=66 SlopeVerts=606
[+22:38:45.008] VoxelChunk: GenerateAsync (3,-2,0)
[+22:38:45.009] VoxelMesh: Chunk X=3 Y=-2 Z=0 FlatVerts=0 SlopeVerts=0
[+22:38:45.009] VoxelMesh: Chunk X=2 Y=3 Z=-3 FlatVerts=0 SlopeVerts=0
[+22:38:45.009] VoxelChunk: GenerateAsync (3,2,-1)
[+22:38:45.010] VoxelMesh: Chunk X=-3 Y=1 Z=-2 FlatVerts=0 SlopeVerts=0
[+22:38:45.011] VoxelChunk: GenerateAsync (-3,3,-1)
[+22:38:45.011] VoxelMesh: Chunk X=3 Y=2 Z=-1 FlatVerts=0 SlopeVerts=0
[+22:38:45.012] VoxelMesh: Chunk X=3 Y=0 Z=-2 FlatVerts=0 SlopeVerts=0
[+22:38:45.012] VoxelMesh: Chunk X=-3 Y=3 Z=-1 FlatVerts=0 SlopeVerts=0
[+22:38:45.012] VoxelChunk: GenerateAsync (3,-3,-3)
[+22:38:45.014] VoxelMesh: Chunk X=3 Y=-3 Z=-3 FlatVerts=0 SlopeVerts=0
[+22:38:45.025] VoxelMesh: Chunk X=0 Y=0 Z=0 FlatVerts=72 SlopeVerts=5850
[+22:38:45.030] VoxelChunk: GenerateAsync (3,-3,1)
[+22:38:45.031] VoxelMesh: Chunk X=3 Y=-3 Z=1 FlatVerts=60 SlopeVerts=318
[+22:38:45.033] VoxelMesh: Chunk X=1 Y=3 Z=-3 FlatVerts=0 SlopeVerts=0
[+22:38:45.033] VoxelChunk: GenerateAsync (2,-3,-3)
[+22:38:45.035] VoxelMesh: Chunk X=2 Y=-3 Z=-3 FlatVerts=0 SlopeVerts=0
[+22:38:45.035] VoxelMesh: Chunk X=-3 Y=2 Z=-1 FlatVerts=0 SlopeVerts=0
[+22:38:45.035] VoxelChunk: GenerateAsync (1,-3,-3)
[+22:38:45.036] VoxelMesh: Chunk X=3 Y=1 Z=-1 FlatVerts=0 SlopeVerts=0
[+22:38:45.036] VoxelMesh: Chunk X=1 Y=-3 Z=-3 FlatVerts=0 SlopeVerts=0
[+22:38:45.037] VoxelChunk: GenerateAsync (-2,3,-1)
[+22:38:45.038] VoxelMesh: Chunk X=2 Y=-3 Z=0 FlatVerts=0 SlopeVerts=0
[+22:38:45.038] VoxelChunk: GenerateAsync (3,-1,0)
[+22:38:45.038] VoxelMesh: Chunk X=3 Y=-1 Z=0 FlatVerts=0 SlopeVerts=0
[+22:38:45.039] VoxelMesh: Chunk X=-2 Y=3 Z=-1 FlatVerts=0 SlopeVerts=0
[+22:38:45.048] VoxelMesh: Chunk X=1 Y=-3 Z=0 FlatVerts=18 SlopeVerts=336
[+22:38:45.049] VoxelChunk: GenerateAsync (-3,0,0)
[+22:38:45.050] VoxelMesh: Chunk X=0 Y=-3 Z=0 FlatVerts=0 SlopeVerts=0
[+22:38:45.050] VoxelMesh: Chunk X=-3 Y=0 Z=0 FlatVerts=18 SlopeVerts=336
[+22:38:45.050] VoxelChunk: GenerateAsync (3,3,-3)
[+22:38:45.052] VoxelMesh: Chunk X=3 Y=3 Z=-3 FlatVerts=0 SlopeVerts=0
[+22:38:45.052] VoxelMesh: Chunk X=-1 Y=-3 Z=0 FlatVerts=0 SlopeVerts=0
[+22:38:45.052] VoxelChunk: GenerateAsync (0,-3,-3)
[+22:38:45.054] VoxelMesh: Chunk X=-2 Y=-3 Z=0 FlatVerts=0 SlopeVerts=0
[+22:38:45.054] VoxelChunk: GenerateAsync (-1,3,-1)
[+22:38:45.054] VoxelMesh: Chunk X=0 Y=-3 Z=-3 FlatVerts=0 SlopeVerts=0
[+22:38:45.055] VoxelMesh: Chunk X=-1 Y=3 Z=-1 FlatVerts=0 SlopeVerts=0
[+22:38:45.057] VoxelWater: Chunk X=4 Y=-26 Z=2 emitted 24 procedural water vertices (Ocean/Pools)
[+22:38:45.057] VoxelWater: Chunk X=4 Y=-25 Z=2 emitted 120 procedural water vertices (Ocean/Pools)
[+22:38:45.057] VoxelWater: Chunk X=4 Y=-25 Z=3 emitted 56 procedural water vertices (Ocean/Pools)
[+22:38:45.057] VoxelWater: Chunk X=4 Y=-24 Z=3 emitted 76 procedural water vertices (Ocean/Pools)
[+22:38:45.058] VoxelWater: Chunk X=4 Y=-24 Z=2 emitted 52 procedural water vertices (Ocean/Pools)
[+22:38:45.058] VoxelWater: Chunk X=5 Y=-25 Z=2 emitted 172 procedural water vertices (Ocean/Pools)
[+22:38:45.058] VoxelWater: Chunk X=5 Y=-25 Z=3 emitted 168 procedural water vertices (Ocean/Pools)
[+22:38:45.058] VoxelWater: Chunk X=5 Y=-24 Z=2 emitted 120 procedural water vertices (Ocean/Pools)
[+22:38:45.058] VoxelWater: Chunk X=5 Y=-24 Z=3 emitted 20 procedural water vertices (Ocean/Pools)
[+22:38:45.058] VoxelWater: Chunk X=6 Y=-24 Z=3 emitted 112 procedural water vertices (Ocean/Pools)
[+22:38:45.058] VoxelWater: Chunk X=6 Y=-26 Z=3 emitted 16 procedural water vertices (Ocean/Pools)
[+22:38:45.058] VoxelWater: Chunk X=6 Y=-25 Z=3 emitted 156 procedural water vertices (Ocean/Pools)
[+22:38:45.058] VoxelWater: Chunk X=6 Y=-26 Z=2 emitted 60 procedural water vertices (Ocean/Pools)
[+22:38:45.058] VoxelWater: Chunk X=6 Y=-25 Z=2 emitted 8 procedural water vertices (Ocean/Pools)
[+22:38:45.058] VoxelWater: Chunk X=6 Y=-24 Z=2 emitted 76 procedural water vertices (Ocean/Pools)
[+22:38:45.066] VoxelMesh: Chunk X=-3 Y=-2 Z=-3 FlatVerts=0 SlopeVerts=0
[+22:38:45.066] VoxelChunk: GenerateAsync (0,3,-1)
[+22:38:45.067] VoxelMesh: Chunk X=3 Y=3 Z=3 FlatVerts=0 SlopeVerts=0
[+22:38:45.067] VoxelChunk: GenerateAsync (3,0,0)
[+22:38:45.068] VoxelMesh: Chunk X=0 Y=3 Z=-1 FlatVerts=0 SlopeVerts=0
[+22:38:45.068] VoxelMesh: Chunk X=3 Y=0 Z=0 FlatVerts=0 SlopeVerts=0
[+22:38:45.068] VoxelMesh: Chunk X=0 Y=0 Z=-3 FlatVerts=414 SlopeVerts=1656
[+22:38:45.069] VoxelChunk: GenerateAsync (-3,1,0)
[+22:38:45.070] VoxelMesh: Chunk X=-3 Y=1 Z=0 FlatVerts=414 SlopeVerts=1656
[+22:38:45.070] VoxelMesh: Chunk X=0 Y=1 Z=-3 FlatVerts=0 SlopeVerts=0
[+22:38:45.070] VoxelChunk: GenerateAsync (1,3,-1)
[+22:38:45.071] VoxelMesh: Chunk X=1 Y=3 Z=-1 FlatVerts=0 SlopeVerts=0
[+22:38:45.079] VoxelMesh: Chunk X=0 Y=3 Z=-3 FlatVerts=0 SlopeVerts=0
[+22:38:45.079] VoxelChunk: GenerateAsync (-1,-3,-3)
[+22:38:45.080] VoxelMesh: Chunk X=-2 Y=-2 Z=-3 FlatVerts=0 SlopeVerts=0
[+22:38:45.081] VoxelChunk: GenerateAsync (2,3,-1)
[+22:38:45.082] VoxelMesh: Chunk X=-1 Y=-3 Z=-3 FlatVerts=0 SlopeVerts=0
[+22:38:45.082] VoxelMesh: Chunk X=2 Y=3 Z=-1 FlatVerts=0 SlopeVerts=0
[+22:38:45.082] VoxelMesh: Chunk X=-1 Y=-2 Z=-3 FlatVerts=0 SlopeVerts=0
[+22:38:45.082] VoxelChunk: GenerateAsync (-3,-3,-3)
[+22:38:45.084] VoxelMesh: Chunk X=-3 Y=1 Z=-1 FlatVerts=0 SlopeVerts=0
[+22:38:45.084] VoxelMesh: Chunk X=-3 Y=-3 Z=-3 FlatVerts=0 SlopeVerts=0
[+22:38:45.085] VoxelChunk: GenerateAsync (-3,-3,-2)
[+22:38:45.087] VoxelMesh: Chunk X=-3 Y=-3 Z=-2 FlatVerts=0 SlopeVerts=0
[+22:38:45.093] VoxelMesh: Chunk X=2 Y=0 Z=-2 FlatVerts=0 SlopeVerts=0
[+22:38:45.093] VoxelChunk: GenerateAsync (3,1,0)
[+22:38:45.094] VoxelMesh: Chunk X=3 Y=1 Z=0 FlatVerts=0 SlopeVerts=0
[+22:38:45.094] VoxelMesh: Chunk X=-1 Y=2 Z=-1 FlatVerts=0 SlopeVerts=0
[+22:38:45.095] VoxelChunk: GenerateAsync (2,1,-3)
[+22:38:45.096] VoxelMesh: Chunk X=-1 Y=-2 Z=1 FlatVerts=0 SlopeVerts=0
[+22:38:45.096] VoxelChunk: GenerateAsync (1,0,-3)
[+22:38:45.096] VoxelMesh: Chunk X=2 Y=1 Z=-3 FlatVerts=0 SlopeVerts=0
[+22:38:45.099] VoxelMesh: Chunk X=-1 Y=-2 Z=-2 FlatVerts=0 SlopeVerts=0
[+22:38:45.099] VoxelMesh: Chunk X=1 Y=0 Z=-3 FlatVerts=0 SlopeVerts=0
[+22:38:45.099] VoxelChunk: GenerateAsync (-3,0,-3)
[+22:38:45.101] VoxelMesh: Chunk X=-3 Y=0 Z=-3 FlatVerts=0 SlopeVerts=0
[+22:38:45.109] VoxelMesh: Chunk X=-1 Y=2 Z=0 FlatVerts=0 SlopeVerts=0
[+22:38:45.109] VoxelChunk: GenerateAsync (1,-1,-3)
[+22:38:45.111] VoxelMesh: Chunk X=1 Y=1 Z=-2 FlatVerts=0 SlopeVerts=0
[+22:38:45.111] VoxelChunk: GenerateAsync (1,-3,-1)
[+22:38:45.111] VoxelMesh: Chunk X=1 Y=-1 Z=-3 FlatVerts=0 SlopeVerts=0
[+22:38:45.113] VoxelMesh: Chunk X=-1 Y=-2 Z=0 FlatVerts=0 SlopeVerts=0
[+22:38:45.113] VoxelChunk: GenerateAsync (0,-3,-1)
[+22:38:45.114] VoxelMesh: Chunk X=1 Y=-3 Z=-1 FlatVerts=0 SlopeVerts=0
[+22:38:45.114] VoxelMesh: Chunk X=0 Y=-2 Z=0 FlatVerts=0 SlopeVerts=0
[+22:38:45.115] VoxelChunk: GenerateAsync (0,-1,-3)
[+22:38:45.115] VoxelMesh: Chunk X=0 Y=-3 Z=-1 FlatVerts=0 SlopeVerts=0
[+22:38:45.116] VoxelMesh: Chunk X=0 Y=-1 Z=-3 FlatVerts=0 SlopeVerts=0
[+22:38:45.128] VoxelMesh: Chunk X=0 Y=0 Z=0 FlatVerts=1728 SlopeVerts=9846
[+22:38:45.137] VoxelChunk: GenerateAsync (-3,-2,1)
[+22:38:45.139] VoxelMesh: Chunk X=-3 Y=-2 Z=1 FlatVerts=0 SlopeVerts=750
[+22:38:45.140] VoxelMesh: Chunk X=-2 Y=-3 Z=-2 FlatVerts=0 SlopeVerts=0
[+22:38:45.140] VoxelChunk: GenerateAsync (3,2,0)
[+22:38:45.142] VoxelMesh: Chunk X=-1 Y=-3 Z=-2 FlatVerts=0 SlopeVerts=0
[+22:38:45.142] VoxelChunk: GenerateAsync (-3,3,0)
[+22:38:45.142] VoxelMesh: Chunk X=3 Y=2 Z=0 FlatVerts=0 SlopeVerts=0
[+22:38:45.143] VoxelMesh: Chunk X=3 Y=1 Z=-3 FlatVerts=0 SlopeVerts=0
[+22:38:45.143] VoxelMesh: Chunk X=-3 Y=3 Z=0 FlatVerts=0 SlopeVerts=0
[+22:38:45.143] VoxelChunk: GenerateAsync (-2,3,0)
[+22:38:45.143] VoxelMesh: Chunk X=-3 Y=-2 Z=0 FlatVerts=0 SlopeVerts=0
[+22:38:45.143] VoxelMesh: Chunk X=-2 Y=3 Z=0 FlatVerts=0 SlopeVerts=0
[+22:38:45.143] VoxelChunk: GenerateAsync (-1,3,0)
[+22:38:45.144] VoxelMesh: Chunk X=-1 Y=3 Z=0 FlatVerts=0 SlopeVerts=0
[+22:38:45.151] VoxelMesh: Chunk X=0 Y=-3 Z=-2 FlatVerts=0 SlopeVerts=0
[+22:38:45.151] VoxelChunk: GenerateAsync (0,3,0)
[+22:38:45.152] VoxelMesh: Chunk X=-3 Y=-1 Z=0 FlatVerts=0 SlopeVerts=0
[+22:38:45.152] VoxelMesh: Chunk X=0 Y=3 Z=0 FlatVerts=0 SlopeVerts=0
[+22:38:45.152] VoxelChunk: GenerateAsync (1,3,0)
[+22:38:45.153] VoxelMesh: Chunk X=-3 Y=-3 Z=0 FlatVerts=0 SlopeVerts=0
[+22:38:45.153] VoxelMesh: Chunk X=1 Y=3 Z=0 FlatVerts=0 SlopeVerts=0
[+22:38:45.153] VoxelChunk: GenerateAsync (2,3,0)
[+22:38:45.153] VoxelMesh: Chunk X=2 Y=3 Z=0 FlatVerts=0 SlopeVerts=0
[+22:38:45.153] VoxelMesh: Chunk X=3 Y=1 Z=-2 FlatVerts=0 SlopeVerts=0
[+22:38:45.153] VoxelChunk: GenerateAsync (3,3,0)
[+22:38:45.154] VoxelMesh: Chunk X=3 Y=3 Z=0 FlatVerts=0 SlopeVerts=0
[+22:38:45.162] VoxelMesh: Chunk X=-3 Y=2 Z=-2 FlatVerts=276 SlopeVerts=420
[+22:38:45.163] VoxelChunk: GenerateAsync (-3,-3,1)
[+22:38:45.164] VoxelMesh: Chunk X=-3 Y=-3 Z=1 FlatVerts=276 SlopeVerts=420
[+22:38:45.164] VoxelMesh: Chunk X=3 Y=-3 Z=0 FlatVerts=258 SlopeVerts=3492
[+22:38:45.164] VoxelChunk: GenerateAsync (-2,-3,1)
[+22:38:45.165] VoxelMesh: Chunk X=1 Y=-3 Z=-2 FlatVerts=0 SlopeVerts=198
[+22:38:45.165] VoxelChunk: GenerateAsync (-1,-3,1)
[+22:38:45.166] VoxelMesh: Chunk X=-2 Y=-3 Z=1 FlatVerts=258 SlopeVerts=3492
[+22:38:45.166] VoxelMesh: Chunk X=-3 Y=2 Z=-3 FlatVerts=0 SlopeVerts=0
[+22:38:45.166] VoxelChunk: GenerateAsync (0,-3,1)
[+22:38:45.167] VoxelMesh: Chunk X=-1 Y=-3 Z=1 FlatVerts=0 SlopeVerts=198
[+22:38:45.168] VoxelMesh: Chunk X=0 Y=-3 Z=1 FlatVerts=0 SlopeVerts=0
[+22:38:45.176] VoxelMesh: Chunk X=2 Y=0 Z=-3 FlatVerts=6 SlopeVerts=1290
[+22:38:45.176] VoxelChunk: GenerateAsync (1,-3,1)
[+22:38:45.177] VoxelMesh: Chunk X=3 Y=2 Z=-2 FlatVerts=1224 SlopeVerts=1362
[+22:38:45.177] VoxelMesh: Chunk X=1 Y=-3 Z=1 FlatVerts=6 SlopeVerts=1290
[+22:38:45.177] VoxelChunk: GenerateAsync (2,-3,1)
[+22:38:45.178] VoxelMesh: Chunk X=2 Y=-3 Z=1 FlatVerts=1224 SlopeVerts=1362
[+22:38:45.178] VoxelMesh: Chunk X=-3 Y=3 Z=-2 FlatVerts=2088 SlopeVerts=780
[+22:38:45.179] VoxelChunk: GenerateAsync (3,-3,1)
[+22:38:45.179] VoxelMesh: Chunk X=2 Y=-3 Z=-2 FlatVerts=66 SlopeVerts=1812
[+22:38:45.180] VoxelMesh: Chunk X=3 Y=-3 Z=1 FlatVerts=2088 SlopeVerts=780
[+22:38:45.180] VoxelChunk: GenerateAsync (-3,-2,1)
[+22:38:45.180] VoxelMesh: Chunk X=-3 Y=-2 Z=1 FlatVerts=66 SlopeVerts=1812
[+22:38:45.189] VoxelMesh: Chunk X=-2 Y=3 Z=-2 FlatVerts=0 SlopeVerts=0
[+22:38:45.189] VoxelChunk: GenerateAsync (-1,-1,-3)
[+22:38:45.191] VoxelMesh: Chunk X=-1 Y=3 Z=-2 FlatVerts=0 SlopeVerts=0
[+22:38:45.191] VoxelChunk: GenerateAsync (3,3,-1)
[+22:38:45.191] VoxelMesh: Chunk X=-1 Y=-1 Z=-3 FlatVerts=0 SlopeVerts=0
[+22:38:45.193] VoxelMesh: Chunk X=3 Y=3 Z=-1 FlatVerts=0 SlopeVerts=0
[+22:38:45.193] VoxelMesh: Chunk X=3 Y=-3 Z=-2 FlatVerts=90 SlopeVerts=780
[+22:38:45.193] VoxelChunk: GenerateAsync (-3,1,2)
[+22:38:45.194] VoxelMesh: Chunk X=-2 Y=2 Z=-3 FlatVerts=0 SlopeVerts=0
[+22:38:45.195] VoxelChunk: GenerateAsync (2,3,3)
[+22:38:45.195] VoxelMesh: Chunk X=-3 Y=1 Z=2 FlatVerts=90 SlopeVerts=780
[+22:38:45.196] VoxelMesh: Chunk X=2 Y=3 Z=3 FlatVerts=0 SlopeVerts=0
[+22:38:45.203] VoxelMesh: Chunk X=0 Y=3 Z=-2 FlatVerts=0 SlopeVerts=0
[+22:38:45.203] VoxelChunk: GenerateAsync (1,3,3)
[+22:38:45.204] VoxelMesh: Chunk X=1 Y=3 Z=-2 FlatVerts=2880 SlopeVerts=462
[+22:38:45.204] VoxelMesh: Chunk X=1 Y=3 Z=3 FlatVerts=0 SlopeVerts=0
[+22:38:45.204] VoxelChunk: GenerateAsync (3,-2,1)
[+22:38:45.206] VoxelMesh: Chunk X=3 Y=-2 Z=1 FlatVerts=2880 SlopeVerts=462
[+22:38:45.206] VoxelMesh: Chunk X=-3 Y=-2 Z=-2 FlatVerts=348 SlopeVerts=3222
[+22:38:45.206] VoxelChunk: GenerateAsync (-3,-1,1)
[+22:38:45.208] VoxelMesh: Chunk X=2 Y=3 Z=-2 FlatVerts=0 SlopeVerts=0
[+22:38:45.208] VoxelChunk: GenerateAsync (-1,3,3)
[+22:38:45.208] VoxelMesh: Chunk X=-3 Y=-1 Z=1 FlatVerts=348 SlopeVerts=3222
[+22:38:45.210] VoxelMesh: Chunk X=-1 Y=3 Z=3 FlatVerts=0 SlopeVerts=0
[+22:38:45.218] VoxelMesh: Chunk X=-2 Y=-3 Z=-3 FlatVerts=0 SlopeVerts=2400
[+22:38:45.219] VoxelChunk: GenerateAsync (-2,-3,3)
[+22:38:45.220] VoxelMesh: Chunk X=3 Y=3 Z=-2 FlatVerts=0 SlopeVerts=0
[+22:38:45.220] VoxelMesh: Chunk X=-2 Y=-3 Z=3 FlatVerts=0 SlopeVerts=2400
[+22:38:45.220] VoxelChunk: GenerateAsync (3,0,3)
[+22:38:45.222] VoxelMesh: Chunk X=-1 Y=2 Z=-3 FlatVerts=252 SlopeVerts=2730
[+22:38:45.222] VoxelMesh: Chunk X=3 Y=0 Z=3 FlatVerts=0 SlopeVerts=0
[+22:38:45.222] VoxelChunk: GenerateAsync (-1,-3,3)
[+22:38:45.224] VoxelMesh: Chunk X=3 Y=0 Z=-3 FlatVerts=120 SlopeVerts=246
[+22:38:45.224] VoxelChunk: GenerateAsync (0,-1,3)
[+22:38:45.224] VoxelMesh: Chunk X=-1 Y=-3 Z=3 FlatVerts=252 SlopeVerts=2730
[+22:38:45.226] VoxelMesh: Chunk X=0 Y=-1 Z=3 FlatVerts=120 SlopeVerts=246
[+22:38:45.238] VoxelMesh: Chunk X=0 Y=0 Z=0 FlatVerts=0 SlopeVerts=0
[+22:38:45.238] VoxelChunk: GenerateAsync (3,-2,-1)
[+22:38:45.239] VoxelMesh: Chunk X=3 Y=-2 Z=-1 FlatVerts=0 SlopeVerts=0
[+22:38:45.241] VoxelMesh: Chunk X=-2 Y=0 Z=-3 FlatVerts=0 SlopeVerts=0
[+22:38:45.241] VoxelChunk: GenerateAsync (-3,1,3)
[+22:38:45.243] VoxelMesh: Chunk X=-3 Y=-3 Z=-1 FlatVerts=0 SlopeVerts=0
[+22:38:45.243] VoxelChunk: GenerateAsync (-3,2,3)
[+22:38:45.243] VoxelMesh: Chunk X=-3 Y=1 Z=3 FlatVerts=0 SlopeVerts=0
[+22:38:45.244] VoxelMesh: Chunk X=-3 Y=2 Z=0 FlatVerts=1560 SlopeVerts=1986
[+22:38:45.244] VoxelMesh: Chunk X=-3 Y=2 Z=3 FlatVerts=0 SlopeVerts=0
[+22:38:45.245] VoxelChunk: GenerateAsync (0,-3,3)
[+22:38:45.246] VoxelMesh: Chunk X=0 Y=-3 Z=3 FlatVerts=1560 SlopeVerts=1986
[+22:38:45.246] VoxelMesh: Chunk X=-2 Y=-3 Z=-1 FlatVerts=0 SlopeVerts=0
[+22:38:45.246] VoxelChunk: GenerateAsync (2,-2,3)
[+22:38:45.248] VoxelMesh: Chunk X=2 Y=-2 Z=3 FlatVerts=0 SlopeVerts=0
[+22:38:45.258] VoxelMesh: Chunk X=-1 Y=-3 Z=-1 FlatVerts=30 SlopeVerts=66
[+22:38:45.258] VoxelChunk: GenerateAsync (1,-1,3)
[+22:38:45.260] VoxelMesh: Chunk X=1 Y=-1 Z=3 FlatVerts=30 SlopeVerts=66
[+22:38:45.260] VoxelMesh: Chunk X=0 Y=2 Z=-3 FlatVerts=0 SlopeVerts=0
[+22:38:45.260] VoxelChunk: GenerateAsync (-2,0,3)
[+22:38:45.262] VoxelMesh: Chunk X=-2 Y=0 Z=3 FlatVerts=0 SlopeVerts=0
[+22:38:45.262] VoxelMesh: Chunk X=2 Y=-1 Z=-3 FlatVerts=0 SlopeVerts=0
[+22:38:45.262] VoxelChunk: GenerateAsync (-2,1,3)
[+22:38:45.264] VoxelMesh: Chunk X=-2 Y=1 Z=3 FlatVerts=0 SlopeVerts=0
[+22:38:45.264] VoxelMesh: Chunk X=2 Y=-3 Z=-1 FlatVerts=0 SlopeVerts=0
[+22:38:45.264] VoxelChunk: GenerateAsync (3,1,3)
[+22:38:45.265] VoxelMesh: Chunk X=3 Y=1 Z=3 FlatVerts=0 SlopeVerts=0
[+22:38:45.272] VoxelWater: Chunk X=0 Y=-3 Z=3 emitted 72 procedural water vertices (Ocean/Pools)
[+22:38:45.272] VoxelWater: Chunk X=-1 Y=-3 Z=3 emitted 68 procedural water vertices (Ocean/Pools)
[+22:38:45.272] VoxelWater: Chunk X=-2 Y=-3 Z=3 emitted 4 procedural water vertices (Ocean/Pools)
[+22:38:45.272] VoxelWater: Chunk X=-3 Y=-1 Z=1 emitted 40 procedural water vertices (Ocean/Pools)
[+22:38:45.272] VoxelWater: Chunk X=3 Y=-2 Z=1 emitted 56 procedural water vertices (Ocean/Pools)
[+22:38:45.272] VoxelWater: Chunk X=4 Y=-26 Z=2 emitted 24 procedural water vertices (Ocean/Pools)
[+22:38:45.272] VoxelWater: Chunk X=4 Y=-25 Z=2 emitted 128 procedural water vertices (Ocean/Pools)
[+22:38:45.272] VoxelWater: Chunk X=4 Y=-25 Z=3 emitted 56 procedural water vertices (Ocean/Pools)
[+22:38:45.272] VoxelWater: Chunk X=5 Y=-25 Z=2 emitted 188 procedural water vertices (Ocean/Pools)
[+22:38:45.272] VoxelWater: Chunk X=4 Y=-24 Z=3 emitted 84 procedural water vertices (Ocean/Pools)
[+22:38:45.272] VoxelWater: Chunk X=4 Y=-24 Z=2 emitted 60 procedural water vertices (Ocean/Pools)
[+22:38:45.272] VoxelWater: Chunk X=5 Y=-25 Z=3 emitted 180 procedural water vertices (Ocean/Pools)
[+22:38:45.272] VoxelWater: Chunk X=5 Y=-24 Z=2 emitted 120 procedural water vertices (Ocean/Pools)
[+22:38:45.272] VoxelWater: Chunk X=5 Y=-24 Z=3 emitted 20 procedural water vertices (Ocean/Pools)
[+22:38:45.272] VoxelWater: Chunk X=6 Y=-24 Z=3 emitted 120 procedural water vertices (Ocean/Pools)
[+22:38:45.272] VoxelWater: Chunk X=6 Y=-26 Z=3 emitted 16 procedural water vertices (Ocean/Pools)
[+22:38:45.272] VoxelWater: Chunk X=6 Y=-25 Z=3 emitted 180 procedural water vertices (Ocean/Pools)
[+22:38:45.272] VoxelWater: Chunk X=6 Y=-26 Z=2 emitted 56 procedural water vertices (Ocean/Pools)
[+22:38:45.272] VoxelWater: Chunk X=6 Y=-25 Z=2 emitted 8 procedural water vertices (Ocean/Pools)
[+22:38:45.272] VoxelWater: Chunk X=6 Y=-24 Z=2 emitted 76 procedural water vertices (Ocean/Pools)
[+22:38:45.272] VoxelWater: Chunk X=-3 Y=1 Z=2 emitted 40 procedural water vertices (Ocean/Pools)
[+22:38:45.272] VoxelWater: Chunk X=-3 Y=-2 Z=1 emitted 12 procedural water vertices (Ocean/Pools)
[+22:38:45.272] VoxelWater: Chunk X=3 Y=-3 Z=1 emitted 56 procedural water vertices (Ocean/Pools)
[+22:38:45.272] VoxelWater: Chunk X=2 Y=-3 Z=1 emitted 20 procedural water vertices (Ocean/Pools)
[+22:38:45.272] VoxelWater: Chunk X=1 Y=-3 Z=1 emitted 8 procedural water vertices (Ocean/Pools)
[+22:38:45.272] VoxelWater: Chunk X=-2 Y=-3 Z=1 emitted 20 procedural water vertices (Ocean/Pools)
[+22:38:45.272] VoxelWater: Chunk X=-3 Y=-3 Z=1 emitted 8 procedural water vertices (Ocean/Pools)
[+22:38:45.272] VoxelWater: Chunk X=-3 Y=1 Z=0 emitted 52 procedural water vertices (Ocean/Pools)
[+22:38:45.272] VoxelWater: Chunk X=-3 Y=0 Z=0 emitted 8 procedural water vertices (Ocean/Pools)
[+22:38:45.281] VoxelMesh: Chunk X=3 Y=-3 Z=-1 FlatVerts=0 SlopeVerts=0
[+22:38:45.282] VoxelChunk: GenerateAsync (-2,2,3)
[+22:38:45.283] VoxelMesh: Chunk X=-3 Y=-2 Z=-1 FlatVerts=0 SlopeVerts=0
[+22:38:45.283] VoxelMesh: Chunk X=-2 Y=2 Z=3 FlatVerts=0 SlopeVerts=0
[+22:38:45.284] VoxelChunk: GenerateAsync (3,2,3)
[+22:38:45.285] VoxelMesh: Chunk X=1 Y=2 Z=-3 FlatVerts=222 SlopeVerts=2682
[+22:38:45.285] VoxelChunk: GenerateAsync (1,-3,3)
[+22:38:45.285] VoxelMesh: Chunk X=3 Y=2 Z=3 FlatVerts=0 SlopeVerts=0
[+22:38:45.287] VoxelMesh: Chunk X=-3 Y=1 Z=-3 FlatVerts=0 SlopeVerts=192
[+22:38:45.287] VoxelMesh: Chunk X=1 Y=-3 Z=3 FlatVerts=222 SlopeVerts=2682
[+22:38:45.287] VoxelChunk: GenerateAsync (-1,-2,3)
[+22:38:45.288] VoxelMesh: Chunk X=-1 Y=-2 Z=3 FlatVerts=0 SlopeVerts=192
[+22:38:45.298] VoxelMesh: Chunk X=3 Y=-2 Z=-2 FlatVerts=0 SlopeVerts=0
[+22:38:45.298] VoxelChunk: GenerateAsync (3,-2,3)
[+22:38:45.299] VoxelMesh: Chunk X=-3 Y=-1 Z=-2 FlatVerts=2748 SlopeVerts=606
[+22:38:45.299] VoxelChunk: GenerateAsync (3,1,1)
[+22:38:45.300] VoxelMesh: Chunk X=3 Y=-2 Z=3 FlatVerts=0 SlopeVerts=0
[+22:38:45.300] VoxelMesh: Chunk X=2 Y=2 Z=-3 FlatVerts=2334 SlopeVerts=1866
[+22:38:45.300] VoxelMesh: Chunk X=3 Y=1 Z=1 FlatVerts=2748 SlopeVerts=606
[+22:38:45.301] VoxelChunk: GenerateAsync (-3,2,1)
[+22:38:45.302] VoxelMesh: Chunk X=-3 Y=2 Z=1 FlatVerts=2334 SlopeVerts=1866
[+22:38:45.302] VoxelMesh: Chunk X=3 Y=-2 Z=-1 FlatVerts=0 SlopeVerts=0
[+22:38:45.303] VoxelChunk: GenerateAsync (2,-1,3)
[+22:38:45.303] VoxelMesh: Chunk X=2 Y=-1 Z=3 FlatVerts=0 SlopeVerts=0
[+22:38:45.316] VoxelMesh: Chunk X=-3 Y=-1 Z=-1 FlatVerts=0 SlopeVerts=0
[+22:38:45.316] VoxelChunk: GenerateAsync (-1,0,3)
[+22:38:45.318] VoxelMesh: Chunk X=-1 Y=0 Z=3 FlatVerts=0 SlopeVerts=0
[+22:38:45.318] VoxelMesh: Chunk X=3 Y=2 Z=-3 FlatVerts=0 SlopeVerts=0
[+22:38:45.318] VoxelChunk: GenerateAsync (2,0,3)
[+22:38:45.319] VoxelMesh: Chunk X=-2 Y=1 Z=-3 FlatVerts=0 SlopeVerts=0
[+22:38:45.319] VoxelMesh: Chunk X=2 Y=0 Z=3 FlatVerts=0 SlopeVerts=0
[+22:38:45.320] VoxelChunk: GenerateAsync (-1,1,3)
[+22:38:45.321] VoxelMesh: Chunk X=-1 Y=0 Z=-3 FlatVerts=0 SlopeVerts=0
[+22:38:45.322] VoxelChunk: GenerateAsync (1,1,3)
[+22:38:45.322] VoxelMesh: Chunk X=-1 Y=1 Z=3 FlatVerts=0 SlopeVerts=0
[+22:38:45.322] VoxelMesh: Chunk X=1 Y=1 Z=3 FlatVerts=0 SlopeVerts=0
[+22:38:45.330] VoxelMesh: Chunk X=3 Y=-1 Z=-3 FlatVerts=348 SlopeVerts=4692
[+22:38:45.331] VoxelChunk: GenerateAsync (-3,0,1)
[+22:38:45.332] VoxelMesh: Chunk X=-2 Y=-1 Z=-3 FlatVerts=2670 SlopeVerts=48
[+22:38:45.332] VoxelMesh: Chunk X=-3 Y=0 Z=1 FlatVerts=348 SlopeVerts=4692
[+22:38:45.332] VoxelChunk: GenerateAsync (-3,3,1)
[+22:38:45.333] VoxelMesh: Chunk X=-3 Y=3 Z=1 FlatVerts=2670 SlopeVerts=48
[+22:38:45.334] VoxelMesh: Chunk X=-3 Y=-1 Z=-3 FlatVerts=0 SlopeVerts=0
[+22:38:45.334] VoxelChunk: GenerateAsync (-1,2,3)
[+22:38:45.335] VoxelMesh: Chunk X=3 Y=-2 Z=-3 FlatVerts=0 SlopeVerts=0
[+22:38:45.335] VoxelChunk: GenerateAsync (1,2,3)
[+22:38:45.335] VoxelMesh: Chunk X=-1 Y=2 Z=3 FlatVerts=0 SlopeVerts=0
[+22:38:45.336] VoxelMesh: Chunk X=1 Y=2 Z=3 FlatVerts=0 SlopeVerts=0
[+22:38:45.347] VoxelMesh: Chunk X=0 Y=0 Z=0 FlatVerts=4008 SlopeVerts=16176
[+22:38:45.368] VoxelChunk: GenerateAsync (-3,-3,0)
[+22:38:45.369] VoxelMesh: Chunk X=-3 Y=-3 Z=0 FlatVerts=0 SlopeVerts=0
[+22:38:45.371] VoxelMesh: Chunk X=-3 Y=3 Z=-3 FlatVerts=0 SlopeVerts=0
[+22:38:45.372] VoxelChunk: GenerateAsync (-3,3,3)
[+22:38:45.373] VoxelMesh: Chunk X=3 Y=-1 Z=-1 FlatVerts=3060 SlopeVerts=522
[+22:38:45.373] VoxelChunk: GenerateAsync (1,3,1)
[+22:38:45.373] VoxelMesh: Chunk X=-3 Y=3 Z=3 FlatVerts=0 SlopeVerts=0
[+22:38:45.376] VoxelMesh: Chunk X=1 Y=3 Z=1 FlatVerts=3060 SlopeVerts=522
[+22:38:45.376] VoxelMesh: Chunk X=-3 Y=0 Z=-1 FlatVerts=0 SlopeVerts=0
[+22:38:45.376] VoxelChunk: GenerateAsync (2,-3,3)
[+22:38:45.378] VoxelMesh: Chunk X=2 Y=-2 Z=-3 FlatVerts=0 SlopeVerts=198
[+22:38:45.378] VoxelChunk: GenerateAsync (-3,-2,3)
[+22:38:45.378] VoxelMesh: Chunk X=2 Y=-3 Z=3 FlatVerts=0 SlopeVerts=0
[+22:38:45.379] VoxelMesh: Chunk X=-3 Y=-2 Z=3 FlatVerts=0 SlopeVerts=198
[+22:38:45.389] VoxelMesh: Chunk X=3 Y=-1 Z=-2 FlatVerts=654 SlopeVerts=4494
[+22:38:45.390] VoxelChunk: GenerateAsync (-3,-3,2)
[+22:38:45.391] VoxelMesh: Chunk X=-2 Y=3 Z=-3 FlatVerts=1152 SlopeVerts=2178
[+22:38:45.392] VoxelMesh: Chunk X=-3 Y=-3 Z=2 FlatVerts=654 SlopeVerts=4494
[+22:38:45.392] VoxelChunk: GenerateAsync (0,-2,3)
[+22:38:45.394] VoxelMesh: Chunk X=0 Y=-2 Z=3 FlatVerts=1152 SlopeVerts=2178
[+22:38:45.394] VoxelMesh: Chunk X=-1 Y=1 Z=-3 FlatVerts=0 SlopeVerts=0
[+22:38:45.394] VoxelChunk: GenerateAsync (-3,-1,3)
[+22:38:45.396] VoxelMesh: Chunk X=1 Y=-2 Z=-3 FlatVerts=0 SlopeVerts=0
[+22:38:45.396] VoxelMesh: Chunk X=-3 Y=-1 Z=3 FlatVerts=0 SlopeVerts=0
[+22:38:45.396] VoxelChunk: GenerateAsync (-1,-1,3)
[+22:38:45.398] VoxelMesh: Chunk X=-1 Y=-1 Z=3 FlatVerts=0 SlopeVerts=0
[+22:38:45.406] VoxelMesh: Chunk X=0 Y=-2 Z=-3 FlatVerts=0 SlopeVerts=3378
[+22:38:45.406] VoxelChunk: GenerateAsync (1,-3,2)
[+22:38:45.408] VoxelMesh: Chunk X=1 Y=-3 Z=2 FlatVerts=0 SlopeVerts=3378
[+22:38:45.408] VoxelMesh: Chunk X=-3 Y=0 Z=-2 FlatVerts=402 SlopeVerts=1722
[+22:38:45.408] VoxelChunk: GenerateAsync (2,-3,2)
[+22:38:45.410] VoxelMesh: Chunk X=2 Y=-3 Z=2 FlatVerts=402 SlopeVerts=1722
[+22:38:45.411] VoxelMesh: Chunk X=3 Y=0 Z=-1 FlatVerts=12 SlopeVerts=258
[+22:38:45.411] VoxelChunk: GenerateAsync (3,-3,2)
[+22:38:45.413] VoxelMesh: Chunk X=3 Y=-3 Z=2 FlatVerts=12 SlopeVerts=258
[+22:38:45.413] VoxelMesh: Chunk X=-1 Y=3 Z=-3 FlatVerts=348 SlopeVerts=5370
[+22:38:45.413] VoxelChunk: GenerateAsync (-3,-2,2)
[+22:38:45.415] VoxelMesh: Chunk X=-3 Y=-2 Z=2 FlatVerts=348 SlopeVerts=5370
[+22:38:45.430] VoxelMesh: Chunk X=0 Y=0 Z=0 FlatVerts=96 SlopeVerts=31746
[+22:38:45.433] VoxelChunk: GenerateAsync (3,-1,3)
[+22:38:45.434] VoxelMesh: Chunk X=3 Y=-1 Z=3 FlatVerts=0 SlopeVerts=0
[+22:38:45.439] VoxelMesh: Chunk X=0 Y=0 Z=0 FlatVerts=0 SlopeVerts=0
[+22:38:45.439] VoxelChunk: GenerateAsync (-3,0,3)
[+22:38:45.442] VoxelMesh: Chunk X=-3 Y=0 Z=3 FlatVerts=0 SlopeVerts=0
[+22:38:45.447] VoxelMesh: Chunk X=0 Y=0 Z=0 FlatVerts=0 SlopeVerts=108
[+22:38:45.448] VoxelChunk: GenerateAsync (0,0,3)
[+22:38:45.449] VoxelMesh: Chunk X=0 Y=0 Z=3 FlatVerts=0 SlopeVerts=0
[+22:38:45.455] VoxelMesh: Chunk X=0 Y=0 Z=0 FlatVerts=0 SlopeVerts=2418
[+22:38:45.455] VoxelChunk: GenerateAsync (1,0,3)
[+22:38:45.457] VoxelMesh: Chunk X=1 Y=0 Z=3 FlatVerts=0 SlopeVerts=0
[+22:38:45.469] VoxelMesh: Chunk X=0 Y=0 Z=0 FlatVerts=228 SlopeVerts=13272
[+22:38:45.471] VoxelChunk: GenerateAsync (3,-1,1)
[+22:38:45.471] VoxelMesh: Chunk X=3 Y=-1 Z=1 FlatVerts=2622 SlopeVerts=1218
[+22:38:45.477] VoxelMesh: Chunk X=0 Y=0 Z=0 FlatVerts=120 SlopeVerts=21294
[+22:38:45.478] VoxelChunk: GenerateAsync (3,-2,2)
[+22:38:45.480] VoxelMesh: Chunk X=3 Y=-2 Z=2 FlatVerts=0 SlopeVerts=0
[+22:38:45.486] VoxelMesh: Chunk X=0 Y=0 Z=0 FlatVerts=0 SlopeVerts=0
[+22:38:45.487] VoxelChunk: GenerateAsync (-3,-1,2)
[+22:38:45.491] VoxelMesh: Chunk X=-3 Y=-1 Z=2 FlatVerts=84 SlopeVerts=1614
[+22:38:45.494] VoxelMesh: Chunk X=0 Y=0 Z=0 FlatVerts=0 SlopeVerts=0
[+22:38:45.495] VoxelChunk: GenerateAsync (0,1,3)
[+22:38:45.496] VoxelMesh: Chunk X=0 Y=1 Z=3 FlatVerts=0 SlopeVerts=0
[+22:38:45.506] VoxelWater: Chunk X=2 Y=-3 Z=2 emitted 20 procedural water vertices (Ocean/Pools)
[+22:38:45.506] VoxelWater: Chunk X=1 Y=-3 Z=2 emitted 48 procedural water vertices (Ocean/Pools)
[+22:38:45.506] VoxelWater: Chunk X=0 Y=-2 Z=3 emitted 84 procedural water vertices (Ocean/Pools)
[+22:38:45.506] VoxelWater: Chunk X=-3 Y=-3 Z=2 emitted 12 procedural water vertices (Ocean/Pools)
[+22:38:45.506] VoxelWater: Chunk X=1 Y=3 Z=1 emitted 56 procedural water vertices (Ocean/Pools)
[+22:38:45.506] VoxelWater: Chunk X=-3 Y=3 Z=1 emitted 44 procedural water vertices (Ocean/Pools)
[+22:38:45.506] VoxelWater: Chunk X=-3 Y=0 Z=1 emitted 88 procedural water vertices (Ocean/Pools)
[+22:38:45.506] VoxelWater: Chunk X=-3 Y=2 Z=1 emitted 32 procedural water vertices (Ocean/Pools)
[+22:38:45.506] VoxelWater: Chunk X=3 Y=1 Z=1 emitted 8 procedural water vertices (Ocean/Pools)
[+22:38:45.506] VoxelWater: Chunk X=-1 Y=-2 Z=3 emitted 20 procedural water vertices (Ocean/Pools)
[+22:38:45.506] VoxelWater: Chunk X=1 Y=-3 Z=3 emitted 64 procedural water vertices (Ocean/Pools)
[+22:38:45.506] VoxelWater: Chunk X=0 Y=-3 Z=3 emitted 96 procedural water vertices (Ocean/Pools)
[+22:38:45.506] VoxelWater: Chunk X=-1 Y=-3 Z=3 emitted 92 procedural water vertices (Ocean/Pools)
[+22:38:45.506] VoxelWater: Chunk X=-2 Y=-3 Z=3 emitted 8 procedural water vertices (Ocean/Pools)
[+22:38:45.506] VoxelWater: Chunk X=-3 Y=-1 Z=1 emitted 40 procedural water vertices (Ocean/Pools)
[+22:38:45.506] VoxelWater: Chunk X=3 Y=-2 Z=1 emitted 84 procedural water vertices (Ocean/Pools)
[+22:38:45.506] VoxelWater: Chunk X=4 Y=-26 Z=2 emitted 24 procedural water vertices (Ocean/Pools)
[+22:38:45.506] VoxelWater: Chunk X=4 Y=-25 Z=2 emitted 132 procedural water vertices (Ocean/Pools)
[+22:38:45.506] VoxelWater: Chunk X=4 Y=-25 Z=3 emitted 68 procedural water vertices (Ocean/Pools)
[+22:38:45.506] VoxelWater: Chunk X=5 Y=-25 Z=2 emitted 196 procedural water vertices (Ocean/Pools)
[+22:38:45.506] VoxelWater: Chunk X=4 Y=-24 Z=3 emitted 108 procedural water vertices (Ocean/Pools)
[+22:38:45.506] VoxelWater: Chunk X=4 Y=-24 Z=2 emitted 68 procedural water vertices (Ocean/Pools)
[+22:38:45.506] VoxelWater: Chunk X=5 Y=-25 Z=3 emitted 180 procedural water vertices (Ocean/Pools)
[+22:38:45.506] VoxelWater: Chunk X=5 Y=-24 Z=2 emitted 120 procedural water vertices (Ocean/Pools)
[+22:38:45.506] VoxelWater: Chunk X=5 Y=-24 Z=3 emitted 20 procedural water vertices (Ocean/Pools)
[+22:38:45.506] VoxelWater: Chunk X=6 Y=-24 Z=3 emitted 120 procedural water vertices (Ocean/Pools)
[+22:38:45.506] VoxelWater: Chunk X=6 Y=-26 Z=3 emitted 16 procedural water vertices (Ocean/Pools)
[+22:38:45.506] VoxelWater: Chunk X=6 Y=-25 Z=3 emitted 200 procedural water vertices (Ocean/Pools)
[+22:38:45.506] VoxelWater: Chunk X=6 Y=-26 Z=2 emitted 52 procedural water vertices (Ocean/Pools)
[+22:38:45.506] VoxelWater: Chunk X=6 Y=-25 Z=2 emitted 8 procedural water vertices (Ocean/Pools)
[+22:38:45.506] VoxelWater: Chunk X=6 Y=-24 Z=2 emitted 84 procedural water vertices (Ocean/Pools)
[+22:38:45.506] VoxelWater: Chunk X=-3 Y=-2 Z=2 emitted 32 procedural water vertices (Ocean/Pools)
[+22:38:45.506] VoxelWater: Chunk X=-3 Y=1 Z=2 emitted 40 procedural water vertices (Ocean/Pools)
[+22:38:45.506] VoxelWater: Chunk X=-3 Y=-2 Z=1 emitted 16 procedural water vertices (Ocean/Pools)
[+22:38:45.506] VoxelWater: Chunk X=3 Y=-3 Z=1 emitted 80 procedural water vertices (Ocean/Pools)
[+22:38:45.506] VoxelWater: Chunk X=2 Y=-3 Z=1 emitted 24 procedural water vertices (Ocean/Pools)
[+22:38:45.506] VoxelWater: Chunk X=1 Y=-3 Z=1 emitted 8 procedural water vertices (Ocean/Pools)
[+22:38:45.506] VoxelWater: Chunk X=-2 Y=-3 Z=1 emitted 20 procedural water vertices (Ocean/Pools)
[+22:38:45.506] VoxelWater: Chunk X=-3 Y=-3 Z=1 emitted 12 procedural water vertices (Ocean/Pools)
[+22:38:45.506] VoxelWater: Chunk X=-3 Y=1 Z=0 emitted 80 procedural water vertices (Ocean/Pools)
[+22:38:45.506] VoxelWater: Chunk X=-3 Y=0 Z=0 emitted 12 procedural water vertices (Ocean/Pools)
[+22:38:45.522] VoxelMesh: Chunk X=0 Y=0 Z=0 FlatVerts=0 SlopeVerts=294
[+22:38:45.522] VoxelChunk: GenerateAsync (-3,1,2)
[+22:38:45.524] VoxelMesh: Chunk X=-3 Y=1 Z=2 FlatVerts=0 SlopeVerts=12
[+22:38:45.531] VoxelMesh: Chunk X=0 Y=1 Z=3 FlatVerts=0 SlopeVerts=0
[+22:38:45.531] VoxelChunk: GenerateAsync (2,1,3)
[+22:38:45.532] VoxelMesh: Chunk X=-3 Y=-1 Z=2 FlatVerts=2664 SlopeVerts=1038
[+22:38:45.532] VoxelMesh: Chunk X=2 Y=1 Z=3 FlatVerts=0 SlopeVerts=0
[+22:38:45.532] VoxelChunk: GenerateAsync (3,0,1)
[+22:38:45.532] VoxelMesh: Chunk X=3 Y=0 Z=1 FlatVerts=2664 SlopeVerts=1038
[+22:38:45.533] VoxelMesh: Chunk X=3 Y=-2 Z=2 FlatVerts=402 SlopeVerts=3552
[+22:38:45.533] VoxelChunk: GenerateAsync (-3,1,1)
[+22:38:45.534] VoxelMesh: Chunk X=3 Y=-1 Z=1 FlatVerts=1434 SlopeVerts=918
[+22:38:45.534] VoxelMesh: Chunk X=-3 Y=1 Z=1 FlatVerts=402 SlopeVerts=3552
[+22:38:45.535] VoxelChunk: GenerateAsync (3,2,1)
[+22:38:45.535] VoxelMesh: Chunk X=3 Y=2 Z=1 FlatVerts=1434 SlopeVerts=918
[+22:38:45.547] VoxelMesh: Chunk X=1 Y=0 Z=3 FlatVerts=18 SlopeVerts=6
[+22:38:45.548] VoxelChunk: GenerateAsync (3,-1,2)
[+22:38:45.549] VoxelMesh: Chunk X=0 Y=0 Z=3 FlatVerts=0 SlopeVerts=2130
[+22:38:45.549] VoxelChunk: GenerateAsync (-3,0,2)
[+22:38:45.550] VoxelMesh: Chunk X=3 Y=-1 Z=2 FlatVerts=18 SlopeVerts=6
[+22:38:45.551] VoxelMesh: Chunk X=-3 Y=0 Z=3 FlatVerts=0 SlopeVerts=0
[+22:38:45.551] VoxelChunk: GenerateAsync (0,2,3)
[+22:38:45.551] VoxelMesh: Chunk X=-3 Y=0 Z=2 FlatVerts=0 SlopeVerts=2130
[+22:38:45.552] VoxelMesh: Chunk X=3 Y=-1 Z=3 FlatVerts=3162 SlopeVerts=444
[+22:38:45.553] VoxelChunk: GenerateAsync (-2,3,1)
[+22:38:45.553] VoxelMesh: Chunk X=0 Y=2 Z=3 FlatVerts=0 SlopeVerts=0
[+22:38:45.554] VoxelMesh: Chunk X=-2 Y=3 Z=1 FlatVerts=3162 SlopeVerts=444
[+22:38:45.564] VoxelMesh: Chunk X=3 Y=-2 Z=0 FlatVerts=0 SlopeVerts=0
[+22:38:45.564] VoxelChunk: GenerateAsync (2,2,3)
[+22:38:45.565] VoxelMesh: Chunk X=3 Y=2 Z=-1 FlatVerts=2580 SlopeVerts=1326
[+22:38:45.566] VoxelMesh: Chunk X=2 Y=2 Z=3 FlatVerts=0 SlopeVerts=0
[+22:38:45.566] VoxelChunk: GenerateAsync (-1,3,1)
[+22:38:45.566] VoxelMesh: Chunk X=-3 Y=3 Z=-1 FlatVerts=2550 SlopeVerts=1062
[+22:38:45.567] VoxelMesh: Chunk X=-1 Y=3 Z=1 FlatVerts=2580 SlopeVerts=1326
[+22:38:45.567] VoxelChunk: GenerateAsync (0,3,1)
[+22:38:45.568] VoxelMesh: Chunk X=0 Y=3 Z=1 FlatVerts=2550 SlopeVerts=1062
[+22:38:45.569] VoxelMesh: Chunk X=3 Y=-3 Z=-3 FlatVerts=72 SlopeVerts=42
[+22:38:45.569] VoxelChunk: GenerateAsync (3,0,2)
[+22:38:45.570] VoxelMesh: Chunk X=3 Y=0 Z=2 FlatVerts=72 SlopeVerts=42
[+22:38:45.580] VoxelMesh: Chunk X=2 Y=-3 Z=-3 FlatVerts=0 SlopeVerts=0
[+22:38:45.580] VoxelChunk: GenerateAsync (0,3,3)
[+22:38:45.581] VoxelMesh: Chunk X=1 Y=-3 Z=-3 FlatVerts=0 SlopeVerts=0
[+22:38:45.581] VoxelChunk: GenerateAsync (-2,3,3)
[+22:38:45.582] VoxelMesh: Chunk X=0 Y=3 Z=3 FlatVerts=0 SlopeVerts=0
[+22:38:45.583] VoxelMesh: Chunk X=-2 Y=3 Z=-1 FlatVerts=0 SlopeVerts=0
[+22:38:45.583] VoxelMesh: Chunk X=-2 Y=3 Z=3 FlatVerts=0 SlopeVerts=0
[+22:38:45.583] VoxelChunk: GenerateAsync (3,-3,3)
[+22:38:45.584] VoxelMesh: Chunk X=3 Y=-1 Z=0 FlatVerts=2658 SlopeVerts=114
[+22:38:45.585] VoxelChunk: GenerateAsync (2,3,1)
[+22:38:45.585] VoxelMesh: Chunk X=3 Y=-3 Z=3 FlatVerts=0 SlopeVerts=0
[+22:38:45.586] VoxelMesh: Chunk X=2 Y=3 Z=1 FlatVerts=2658 SlopeVerts=114
[+22:38:45.597] VoxelMesh: Chunk X=0 Y=0 Z=0 FlatVerts=0 SlopeVerts=0
[+22:38:45.598] VoxelChunk: GenerateAsync (2,3,3)
[+22:38:45.599] VoxelMesh: Chunk X=2 Y=3 Z=3 FlatVerts=0 SlopeVerts=2652
[+22:38:45.604] VoxelMesh: Chunk X=-3 Y=0 Z=0 FlatVerts=0 SlopeVerts=0
[+22:38:45.604] VoxelChunk: GenerateAsync (-2,-2,3)
[+22:38:45.605] VoxelMesh: Chunk X=3 Y=3 Z=-3 FlatVerts=930 SlopeVerts=1308
[+22:38:45.605] VoxelMesh: Chunk X=-2 Y=-2 Z=3 FlatVerts=0 SlopeVerts=0
[+22:38:45.605] VoxelChunk: GenerateAsync (3,3,1)
[+22:38:45.606] VoxelMesh: Chunk X=0 Y=-3 Z=-3 FlatVerts=156 SlopeVerts=534
[+22:38:45.606] VoxelMesh: Chunk X=3 Y=3 Z=1 FlatVerts=930 SlopeVerts=1308
[+22:38:45.606] VoxelChunk: GenerateAsync (3,1,2)
[+22:38:45.608] VoxelMesh: Chunk X=-1 Y=3 Z=-1 FlatVerts=78 SlopeVerts=426
[+22:38:45.608] VoxelMesh: Chunk X=3 Y=1 Z=2 FlatVerts=156 SlopeVerts=534
[+22:38:45.608] VoxelChunk: GenerateAsync (-3,2,2)
[+22:38:45.609] VoxelMesh: Chunk X=-3 Y=2 Z=2 FlatVerts=78 SlopeVerts=426
[+22:38:45.620] VoxelMesh: Chunk X=0 Y=3 Z=-1 FlatVerts=72 SlopeVerts=636
[+22:38:45.620] VoxelChunk: GenerateAsync (1,-2,3)
[+22:38:45.621] VoxelMesh: Chunk X=3 Y=0 Z=0 FlatVerts=0 SlopeVerts=2544
[+22:38:45.621] VoxelChunk: GenerateAsync (-2,-3,2)
[+22:38:45.622] VoxelMesh: Chunk X=1 Y=-2 Z=3 FlatVerts=72 SlopeVerts=636
[+22:38:45.623] VoxelMesh: Chunk X=-2 Y=-3 Z=2 FlatVerts=0 SlopeVerts=2544
[+22:38:45.623] VoxelMesh: Chunk X=-3 Y=1 Z=0 FlatVerts=0 SlopeVerts=0
[+22:38:45.623] VoxelChunk: GenerateAsync (-2,-1,3)
[+22:38:45.624] VoxelMesh: Chunk X=1 Y=3 Z=-1 FlatVerts=0 SlopeVerts=1746
[+22:38:45.624] VoxelChunk: GenerateAsync (-1,-3,2)
[+22:38:45.625] VoxelMesh: Chunk X=-2 Y=-1 Z=3 FlatVerts=0 SlopeVerts=0
[+22:38:45.626] VoxelMesh: Chunk X=-1 Y=-3 Z=2 FlatVerts=0 SlopeVerts=1746
[+22:38:45.632] VoxelMesh: Chunk X=-1 Y=-3 Z=-3 FlatVerts=0 SlopeVerts=0
[+22:38:45.633] VoxelChunk: GenerateAsync (0,-3,2)
[+22:38:45.634] VoxelMesh: Chunk X=0 Y=-3 Z=2 FlatVerts=0 SlopeVerts=0
[+22:38:45.634] VoxelMesh: Chunk X=2 Y=3 Z=-1 FlatVerts=252 SlopeVerts=2064
[+22:38:45.635] VoxelChunk: GenerateAsync (3,2,2)
[+22:38:45.636] VoxelMesh: Chunk X=3 Y=2 Z=2 FlatVerts=252 SlopeVerts=2064
[+22:38:45.636] VoxelMesh: Chunk X=-3 Y=-3 Z=-3 FlatVerts=0 SlopeVerts=0
[+22:38:45.636] VoxelChunk: GenerateAsync (-3,3,2)
[+22:38:45.638] VoxelMesh: Chunk X=-3 Y=-3 Z=-2 FlatVerts=0 SlopeVerts=0
[+22:38:45.638] VoxelChunk: GenerateAsync (-2,3,2)
[+22:38:45.638] VoxelMesh: Chunk X=-3 Y=3 Z=2 FlatVerts=0 SlopeVerts=0
[+22:38:45.639] VoxelMesh: Chunk X=-2 Y=3 Z=2 FlatVerts=0 SlopeVerts=0
[+22:38:45.646] VoxelMesh: Chunk X=3 Y=1 Z=0 FlatVerts=0 SlopeVerts=0
[+22:38:45.647] VoxelChunk: GenerateAsync (-1,3,2)
[+22:38:45.649] VoxelMesh: Chunk X=2 Y=1 Z=-3 FlatVerts=0 SlopeVerts=0
[+22:38:45.649] VoxelMesh: Chunk X=-1 Y=3 Z=2 FlatVerts=0 SlopeVerts=0
[+22:38:45.649] VoxelChunk: GenerateAsync (0,3,2)
[+22:38:45.651] VoxelMesh: Chunk X=1 Y=0 Z=-3 FlatVerts=0 SlopeVerts=0
[+22:38:45.651] VoxelMesh: Chunk X=0 Y=3 Z=2 FlatVerts=0 SlopeVerts=0
[+22:38:45.651] VoxelChunk: GenerateAsync (1,3,2)
[+22:38:45.652] VoxelMesh: Chunk X=-3 Y=0 Z=-3 FlatVerts=0 SlopeVerts=0
[+22:38:45.652] VoxelMesh: Chunk X=1 Y=3 Z=2 FlatVerts=0 SlopeVerts=0
[+22:38:45.652] VoxelChunk: GenerateAsync (2,3,2)
[+22:38:45.653] VoxelMesh: Chunk X=2 Y=3 Z=2 FlatVerts=0 SlopeVerts=0
[+22:38:45.660] VoxelMesh: Chunk X=1 Y=-1 Z=-3 FlatVerts=270 SlopeVerts=2352
[+22:38:45.661] VoxelChunk: GenerateAsync (3,3,2)
[+22:38:45.663] VoxelMesh: Chunk X=3 Y=3 Z=2 FlatVerts=270 SlopeVerts=2352
[+22:38:45.663] VoxelMesh: Chunk X=1 Y=-3 Z=-1 FlatVerts=0 SlopeVerts=324
[+22:38:45.663] VoxelChunk: GenerateAsync (-3,-3,3)
[+22:38:45.664] VoxelMesh: Chunk X=0 Y=-3 Z=-1 FlatVerts=0 SlopeVerts=0
[+22:38:45.664] VoxelMesh: Chunk X=-3 Y=-3 Z=3 FlatVerts=0 SlopeVerts=324
[+22:38:45.664] VoxelChunk: GenerateAsync (1,3,-4)
[+22:38:45.666] VoxelMesh: Chunk X=1 Y=3 Z=-4 FlatVerts=0 SlopeVerts=0
[+22:38:45.666] VoxelMesh: Chunk X=0 Y=-1 Z=-3 FlatVerts=0 SlopeVerts=0
[+22:38:45.666] VoxelChunk: GenerateAsync (-1,-2,-4)
[+22:38:45.667] VoxelMesh: Chunk X=-1 Y=-2 Z=-4 FlatVerts=0 SlopeVerts=0
[+22:38:45.677] VoxelMesh: Chunk X=3 Y=2 Z=0 FlatVerts=0 SlopeVerts=0
[+22:38:45.678] VoxelChunk: GenerateAsync (-2,-2,-4)
[+22:38:45.679] VoxelMesh: Chunk X=-3 Y=3 Z=0 FlatVerts=0 SlopeVerts=0
[+22:38:45.679] VoxelChunk: GenerateAsync (-3,-2,-4)
[+22:38:45.679] VoxelMesh: Chunk X=-2 Y=-2 Z=-4 FlatVerts=0 SlopeVerts=0
[+22:38:45.680] VoxelMesh: Chunk X=-2 Y=3 Z=0 FlatVerts=0 SlopeVerts=0
[+22:38:45.681] VoxelMesh: Chunk X=-3 Y=-2 Z=-4 FlatVerts=0 SlopeVerts=0
[+22:38:45.681] VoxelChunk: GenerateAsync (3,1,-4)
[+22:38:45.683] VoxelMesh: Chunk X=-1 Y=3 Z=0 FlatVerts=0 SlopeVerts=0
[+22:38:45.683] VoxelMesh: Chunk X=3 Y=1 Z=-4 FlatVerts=0 SlopeVerts=0
[+22:38:45.683] VoxelChunk: GenerateAsync (3,-3,-4)
[+22:38:45.684] VoxelMesh: Chunk X=3 Y=-3 Z=-4 FlatVerts=0 SlopeVerts=0
[+22:38:45.690] VoxelWater: Chunk X=4 Y=-26 Z=2 emitted 20 procedural water vertices (Ocean/Pools)
[+22:38:45.690] VoxelWater: Chunk X=4 Y=-25 Z=2 emitted 144 procedural water vertices (Ocean/Pools)
[+22:38:45.690] VoxelWater: Chunk X=4 Y=-25 Z=3 emitted 76 procedural water vertices (Ocean/Pools)
[+22:38:45.690] VoxelWater: Chunk X=5 Y=-25 Z=2 emitted 208 procedural water vertices (Ocean/Pools)
[+22:38:45.690] VoxelWater: Chunk X=4 Y=-24 Z=2 emitted 88 procedural water vertices (Ocean/Pools)
[+22:38:45.690] VoxelWater: Chunk X=4 Y=-24 Z=3 emitted 124 procedural water vertices (Ocean/Pools)
[+22:38:45.690] VoxelWater: Chunk X=5 Y=-25 Z=3 emitted 188 procedural water vertices (Ocean/Pools)
[+22:38:45.690] VoxelWater: Chunk X=5 Y=-24 Z=2 emitted 120 procedural water vertices (Ocean/Pools)
[+22:38:45.690] VoxelWater: Chunk X=5 Y=-24 Z=3 emitted 20 procedural water vertices (Ocean/Pools)
[+22:38:45.690] VoxelWater: Chunk X=6 Y=-24 Z=3 emitted 120 procedural water vertices (Ocean/Pools)
[+22:38:45.690] VoxelWater: Chunk X=6 Y=-26 Z=3 emitted 16 procedural water vertices (Ocean/Pools)
[+22:38:45.690] VoxelWater: Chunk X=6 Y=-25 Z=3 emitted 224 procedural water vertices (Ocean/Pools)
[+22:38:45.690] VoxelWater: Chunk X=6 Y=-26 Z=2 emitted 48 procedural water vertices (Ocean/Pools)
[+22:38:45.691] VoxelWater: Chunk X=6 Y=-25 Z=2 emitted 8 procedural water vertices (Ocean/Pools)
[+22:38:45.691] VoxelWater: Chunk X=6 Y=-24 Z=2 emitted 84 procedural water vertices (Ocean/Pools)
[+22:38:45.691] VoxelWater: Chunk X=-3 Y=-3 Z=3 emitted 8 procedural water vertices (Ocean/Pools)
[+22:38:45.691] VoxelWater: Chunk X=3 Y=3 Z=2 emitted 44 procedural water vertices (Ocean/Pools)
[+22:38:45.691] VoxelWater: Chunk X=3 Y=3 Z=1 emitted 20 procedural water vertices (Ocean/Pools)
[+22:38:45.691] VoxelWater: Chunk X=3 Y=2 Z=2 emitted 12 procedural water vertices (Ocean/Pools)
[+22:38:45.691] VoxelWater: Chunk X=-1 Y=-3 Z=2 emitted 72 procedural water vertices (Ocean/Pools)
[+22:38:45.691] VoxelWater: Chunk X=-2 Y=-3 Z=2 emitted 20 procedural water vertices (Ocean/Pools)
[+22:38:45.691] VoxelWater: Chunk X=1 Y=-2 Z=3 emitted 12 procedural water vertices (Ocean/Pools)
[+22:38:45.691] VoxelWater: Chunk X=3 Y=1 Z=2 emitted 12 procedural water vertices (Ocean/Pools)
[+22:38:45.691] VoxelWater: Chunk X=0 Y=3 Z=1 emitted 24 procedural water vertices (Ocean/Pools)
[+22:38:45.691] VoxelWater: Chunk X=-1 Y=3 Z=1 emitted 24 procedural water vertices (Ocean/Pools)
[+22:38:45.691] VoxelWater: Chunk X=-2 Y=3 Z=1 emitted 72 procedural water vertices (Ocean/Pools)
[+22:38:45.691] VoxelWater: Chunk X=-3 Y=0 Z=2 emitted 12 procedural water vertices (Ocean/Pools)
[+22:38:45.691] VoxelWater: Chunk X=3 Y=2 Z=1 emitted 28 procedural water vertices (Ocean/Pools)
[+22:38:45.691] VoxelWater: Chunk X=-3 Y=1 Z=1 emitted 36 procedural water vertices (Ocean/Pools)
[+22:38:45.691] VoxelWater: Chunk X=3 Y=0 Z=1 emitted 32 procedural water vertices (Ocean/Pools)
[+22:38:45.701] VoxelMesh: Chunk X=0 Y=3 Z=0 FlatVerts=0 SlopeVerts=0
[+22:38:45.701] VoxelChunk: GenerateAsync (2,-3,-4)
[+22:38:45.702] VoxelMesh: Chunk X=1 Y=3 Z=0 FlatVerts=0 SlopeVerts=0
[+22:38:45.702] VoxelChunk: GenerateAsync (2,1,-4)
[+22:38:45.702] VoxelMesh: Chunk X=2 Y=-3 Z=-4 FlatVerts=0 SlopeVerts=0
[+22:38:45.704] VoxelMesh: Chunk X=2 Y=3 Z=0 FlatVerts=0 SlopeVerts=0
[+22:38:45.704] VoxelChunk: GenerateAsync (2,2,-4)
[+22:38:45.705] VoxelMesh: Chunk X=2 Y=1 Z=-4 FlatVerts=0 SlopeVerts=0
[+22:38:45.706] VoxelMesh: Chunk X=3 Y=3 Z=0 FlatVerts=0 SlopeVerts=0
[+22:38:45.706] VoxelMesh: Chunk X=2 Y=2 Z=-4 FlatVerts=0 SlopeVerts=0
[+22:38:45.706] VoxelChunk: GenerateAsync (1,-3,-4)
[+22:38:45.707] VoxelMesh: Chunk X=1 Y=-3 Z=-4 FlatVerts=0 SlopeVerts=0
[+22:38:45.720] VoxelMesh: Chunk X=0 Y=0 Z=0 FlatVerts=0 SlopeVerts=0
[+22:38:45.720] VoxelChunk: GenerateAsync (1,3,3)
[+22:38:45.722] VoxelMesh: Chunk X=1 Y=3 Z=3 FlatVerts=0 SlopeVerts=1308
[+22:38:45.724] VoxelMesh: Chunk X=-3 Y=-3 Z=1 FlatVerts=0 SlopeVerts=0
[+22:38:45.725] VoxelChunk: GenerateAsync (0,-3,-4)
[+22:38:45.726] VoxelMesh: Chunk X=-2 Y=-3 Z=1 FlatVerts=0 SlopeVerts=0
[+22:38:45.726] VoxelMesh: Chunk X=0 Y=-3 Z=-4 FlatVerts=0 SlopeVerts=0
[+22:38:45.726] VoxelChunk: GenerateAsync (-1,-3,-4)
[+22:38:45.727] VoxelMesh: Chunk X=-1 Y=-3 Z=1 FlatVerts=0 SlopeVerts=0
[+22:38:45.728] VoxelChunk: GenerateAsync (1,1,-4)
[+22:38:45.728] VoxelMesh: Chunk X=-1 Y=-3 Z=-4 FlatVerts=0 SlopeVerts=0
[+22:38:45.729] VoxelMesh: Chunk X=0 Y=-3 Z=1 FlatVerts=0 SlopeVerts=0
[+22:38:45.729] VoxelChunk: GenerateAsync (1,2,-4)
[+22:38:45.729] VoxelMesh: Chunk X=1 Y=1 Z=-4 FlatVerts=0 SlopeVerts=0
[+22:38:45.730] VoxelMesh: Chunk X=1 Y=2 Z=-4 FlatVerts=0 SlopeVerts=0
[+22:38:45.739] VoxelMesh: Chunk X=1 Y=-3 Z=1 FlatVerts=0 SlopeVerts=0
[+22:38:45.740] VoxelChunk: GenerateAsync (-3,3,-4)
[+22:38:45.741] VoxelMesh: Chunk X=2 Y=-3 Z=1 FlatVerts=0 SlopeVerts=0
[+22:38:45.741] VoxelChunk: GenerateAsync (2,0,-4)
[+22:38:45.741] VoxelMesh: Chunk X=-3 Y=3 Z=-4 FlatVerts=0 SlopeVerts=0
[+22:38:45.742] VoxelMesh: Chunk X=2 Y=0 Z=-4 FlatVerts=0 SlopeVerts=0
[+22:38:45.742] VoxelMesh: Chunk X=3 Y=-3 Z=1 FlatVerts=0 SlopeVerts=0
[+22:38:45.742] VoxelChunk: GenerateAsync (1,0,-4)
[+22:38:45.744] VoxelMesh: Chunk X=1 Y=0 Z=-4 FlatVerts=0 SlopeVerts=0
[+22:38:45.744] VoxelMesh: Chunk X=-3 Y=-2 Z=1 FlatVerts=0 SlopeVerts=0
[+22:38:45.744] VoxelChunk: GenerateAsync (0,1,-4)
[+22:38:45.745] VoxelMesh: Chunk X=0 Y=1 Z=-4 FlatVerts=0 SlopeVerts=0
[+22:38:45.752] VoxelMesh: Chunk X=-1 Y=-1 Z=-3 FlatVerts=0 SlopeVerts=0
[+22:38:45.752] VoxelChunk: GenerateAsync (0,2,-4)
[+22:38:45.754] VoxelMesh: Chunk X=3 Y=3 Z=-1 FlatVerts=0 SlopeVerts=0
[+22:38:45.754] VoxelChunk: GenerateAsync (0,0,-4)
[+22:38:45.754] VoxelMesh: Chunk X=0 Y=2 Z=-4 FlatVerts=0 SlopeVerts=0
[+22:38:45.756] VoxelMesh: Chunk X=-3 Y=1 Z=2 FlatVerts=0 SlopeVerts=0
[+22:38:45.756] VoxelMesh: Chunk X=0 Y=0 Z=-4 FlatVerts=0 SlopeVerts=0
[+22:38:45.756] VoxelChunk: GenerateAsync (-1,0,-4)
[+22:38:45.757] VoxelMesh: Chunk X=2 Y=3 Z=3 FlatVerts=0 SlopeVerts=0
[+22:38:45.757] VoxelMesh: Chunk X=-1 Y=0 Z=-4 FlatVerts=0 SlopeVerts=0
[+22:38:45.758] VoxelChunk: GenerateAsync (-1,1,-4)
[+22:38:45.758] VoxelMesh: Chunk X=-1 Y=1 Z=-4 FlatVerts=0 SlopeVerts=0
[+22:38:45.768] VoxelMesh: Chunk X=1 Y=3 Z=3 FlatVerts=0 SlopeVerts=0
[+22:38:45.768] VoxelChunk: GenerateAsync (-2,0,-4)
[+22:38:45.769] VoxelMesh: Chunk X=3 Y=-2 Z=1 FlatVerts=0 SlopeVerts=0
[+22:38:45.769] VoxelMesh: Chunk X=-2 Y=0 Z=-4 FlatVerts=0 SlopeVerts=0
[+22:38:45.769] VoxelChunk: GenerateAsync (-2,1,-4)
[+22:38:45.771] VoxelMesh: Chunk X=-3 Y=-1 Z=1 FlatVerts=0 SlopeVerts=0
[+22:38:45.771] VoxelMesh: Chunk X=-2 Y=1 Z=-4 FlatVerts=0 SlopeVerts=0
[+22:38:45.771] VoxelChunk: GenerateAsync (-1,2,-4)
[+22:38:45.772] VoxelMesh: Chunk X=-1 Y=3 Z=3 FlatVerts=0 SlopeVerts=0
[+22:38:45.772] VoxelMesh: Chunk X=-1 Y=2 Z=-4 FlatVerts=0 SlopeVerts=0
[+22:38:45.773] VoxelChunk: GenerateAsync (-1,3,-4)
[+22:38:45.774] VoxelMesh: Chunk X=-1 Y=3 Z=-4 FlatVerts=0 SlopeVerts=0
[+22:38:45.782] VoxelMesh: Chunk X=-2 Y=-3 Z=3 FlatVerts=0 SlopeVerts=0
[+22:38:45.783] VoxelChunk: GenerateAsync (-3,0,-4)
[+22:38:45.784] VoxelMesh: Chunk X=3 Y=0 Z=3 FlatVerts=0 SlopeVerts=0
[+22:38:45.784] VoxelChunk: GenerateAsync (-3,1,-4)
[+22:38:45.784] VoxelMesh: Chunk X=-3 Y=0 Z=-4 FlatVerts=0 SlopeVerts=0
[+22:38:45.785] VoxelMesh: Chunk X=-3 Y=1 Z=-4 FlatVerts=0 SlopeVerts=0
[+22:38:45.785] VoxelMesh: Chunk X=-1 Y=-3 Z=3 FlatVerts=0 SlopeVerts=0
[+22:38:45.785] VoxelChunk: GenerateAsync (3,-1,-4)
[+22:38:45.787] VoxelMesh: Chunk X=3 Y=-1 Z=-4 FlatVerts=0 SlopeVerts=0
[+22:38:45.787] VoxelMesh: Chunk X=0 Y=-1 Z=3 FlatVerts=0 SlopeVerts=0
[+22:38:45.787] VoxelChunk: GenerateAsync (2,-1,-4)
[+22:38:45.788] VoxelMesh: Chunk X=2 Y=-1 Z=-4 FlatVerts=0 SlopeVerts=0
[+22:38:45.795] VoxelMesh: Chunk X=-3 Y=1 Z=3 FlatVerts=0 SlopeVerts=0
[+22:38:45.797] VoxelChunk: GenerateAsync (3,0,-4)
[+22:38:45.798] VoxelMesh: Chunk X=-3 Y=2 Z=3 FlatVerts=0 SlopeVerts=0
[+22:38:45.798] VoxelMesh: Chunk X=3 Y=0 Z=-4 FlatVerts=0 SlopeVerts=0
[+22:38:45.798] VoxelChunk: GenerateAsync (1,-1,-4)
[+22:38:45.800] VoxelMesh: Chunk X=0 Y=-3 Z=3 FlatVerts=0 SlopeVerts=0
[+22:38:45.800] VoxelChunk: GenerateAsync (0,-1,-4)
[+22:38:45.800] VoxelMesh: Chunk X=1 Y=-1 Z=-4 FlatVerts=0 SlopeVerts=0
[+22:38:45.802] VoxelMesh: Chunk X=2 Y=-2 Z=3 FlatVerts=0 SlopeVerts=0
[+22:38:45.802] VoxelMesh: Chunk X=0 Y=-1 Z=-4 FlatVerts=0 SlopeVerts=0
[+22:38:45.802] VoxelChunk: GenerateAsync (-1,-1,-4)
[+22:38:45.802] VoxelMesh: Chunk X=-1 Y=-1 Z=-4 FlatVerts=0 SlopeVerts=0
[+22:38:45.810] VoxelMesh: Chunk X=1 Y=-1 Z=3 FlatVerts=0 SlopeVerts=0
[+22:38:45.810] VoxelChunk: GenerateAsync (-2,-1,-4)
[+22:38:45.812] VoxelMesh: Chunk X=-2 Y=0 Z=3 FlatVerts=0 SlopeVerts=0
[+22:38:45.812] VoxelMesh: Chunk X=-2 Y=-1 Z=-4 FlatVerts=0 SlopeVerts=0
[+22:38:45.812] VoxelChunk: GenerateAsync (-3,-1,-4)
[+22:38:45.813] VoxelMesh: Chunk X=-3 Y=-1 Z=-4 FlatVerts=0 SlopeVerts=0
[+22:38:45.813] VoxelMesh: Chunk X=-2 Y=1 Z=3 FlatVerts=0 SlopeVerts=0
[+22:38:45.813] VoxelChunk: GenerateAsync (3,-2,-4)
[+22:38:45.815] VoxelMesh: Chunk X=3 Y=-2 Z=-4 FlatVerts=0 SlopeVerts=0
[+22:38:45.815] VoxelMesh: Chunk X=3 Y=1 Z=3 FlatVerts=0 SlopeVerts=0
[+22:38:45.815] VoxelChunk: GenerateAsync (-2,2,-4)
[+22:38:45.816] VoxelMesh: Chunk X=-2 Y=2 Z=-4 FlatVerts=0 SlopeVerts=0
[+22:38:45.827] VoxelMesh: Chunk X=0 Y=0 Z=0 FlatVerts=72 SlopeVerts=9960
[+22:38:45.833] VoxelChunk: GenerateAsync (3,-2,1)
[+22:38:45.835] VoxelMesh: Chunk X=3 Y=-2 Z=1 FlatVerts=1620 SlopeVerts=2238
[+22:38:45.839] VoxelMesh: Chunk X=-2 Y=2 Z=3 FlatVerts=0 SlopeVerts=0
[+22:38:45.839] VoxelChunk: GenerateAsync (2,-2,-4)
[+22:38:45.841] VoxelMesh: Chunk X=2 Y=-2 Z=-4 FlatVerts=0 SlopeVerts=0
[+22:38:45.842] VoxelMesh: Chunk X=3 Y=2 Z=3 FlatVerts=0 SlopeVerts=0
[+22:38:45.842] VoxelChunk: GenerateAsync (-3,2,-4)
[+22:38:45.843] VoxelMesh: Chunk X=1 Y=-3 Z=3 FlatVerts=0 SlopeVerts=0
[+22:38:45.843] VoxelMesh: Chunk X=-3 Y=2 Z=-4 FlatVerts=0 SlopeVerts=0
[+22:38:45.843] VoxelChunk: GenerateAsync (3,2,-4)
[+22:38:45.844] VoxelMesh: Chunk X=-1 Y=-2 Z=3 FlatVerts=0 SlopeVerts=0
[+22:38:45.845] VoxelMesh: Chunk X=3 Y=2 Z=-4 FlatVerts=0 SlopeVerts=0
[+22:38:45.845] VoxelChunk: GenerateAsync (-2,3,-4)
[+22:38:45.846] VoxelMesh: Chunk X=-2 Y=3 Z=-4 FlatVerts=0 SlopeVerts=0
[+22:38:45.854] VoxelMesh: Chunk X=3 Y=-2 Z=3 FlatVerts=0 SlopeVerts=0
[+22:38:45.855] VoxelChunk: GenerateAsync (0,3,-4)
[+22:38:45.857] VoxelMesh: Chunk X=3 Y=1 Z=1 FlatVerts=0 SlopeVerts=0
[+22:38:45.857] VoxelMesh: Chunk X=0 Y=3 Z=-4 FlatVerts=0 SlopeVerts=0
[+22:38:45.857] VoxelChunk: GenerateAsync (2,3,-4)
[+22:38:45.858] VoxelMesh: Chunk X=-3 Y=2 Z=1 FlatVerts=0 SlopeVerts=0
[+22:38:45.858] VoxelChunk: GenerateAsync (0,-2,-4)
[+22:38:45.860] VoxelMesh: Chunk X=2 Y=3 Z=-4 FlatVerts=0 SlopeVerts=0
[+22:38:45.860] VoxelMesh: Chunk X=0 Y=-2 Z=-4 FlatVerts=0 SlopeVerts=0
[+22:38:45.860] VoxelMesh: Chunk X=2 Y=-1 Z=3 FlatVerts=0 SlopeVerts=0
[+22:38:45.860] VoxelChunk: GenerateAsync (3,3,-4)
[+22:38:45.862] VoxelMesh: Chunk X=3 Y=3 Z=-4 FlatVerts=0 SlopeVerts=0
[+22:38:45.869] VoxelMesh: Chunk X=-1 Y=0 Z=3 FlatVerts=0 SlopeVerts=0
[+22:38:45.869] VoxelChunk: GenerateAsync (-2,-3,-4)
[+22:38:45.871] VoxelMesh: Chunk X=-2 Y=-3 Z=-4 FlatVerts=0 SlopeVerts=0
[+22:38:45.871] VoxelMesh: Chunk X=2 Y=0 Z=3 FlatVerts=0 SlopeVerts=0
[+22:38:45.871] VoxelChunk: GenerateAsync (1,-2,-4)
[+22:38:45.872] VoxelMesh: Chunk X=-1 Y=1 Z=3 FlatVerts=0 SlopeVerts=0
[+22:38:45.872] VoxelChunk: GenerateAsync (-3,-3,-4)
[+22:38:45.873] VoxelMesh: Chunk X=1 Y=-2 Z=-4 FlatVerts=0 SlopeVerts=0
[+22:38:45.874] VoxelMesh: Chunk X=-3 Y=-3 Z=-4 FlatVerts=0 SlopeVerts=0
[+22:38:45.874] VoxelMesh: Chunk X=1 Y=1 Z=3 FlatVerts=0 SlopeVerts=0
[+22:38:45.875] VoxelChunk: GenerateAsync (-3,-3,4)
[+22:38:45.876] VoxelMesh: Chunk X=-3 Y=-3 Z=4 FlatVerts=0 SlopeVerts=0
[+22:38:45.885] VoxelMesh: Chunk X=-3 Y=0 Z=1 FlatVerts=0 SlopeVerts=462
[+22:38:45.885] VoxelChunk: GenerateAsync (-2,-3,4)
[+22:38:45.887] VoxelMesh: Chunk X=-3 Y=3 Z=1 FlatVerts=114 SlopeVerts=1314
[+22:38:45.887] VoxelMesh: Chunk X=-2 Y=-3 Z=4 FlatVerts=0 SlopeVerts=462
[+22:38:45.888] VoxelChunk: GenerateAsync (-1,-3,4)
[+22:38:45.890] VoxelMesh: Chunk X=-1 Y=-3 Z=4 FlatVerts=114 SlopeVerts=1314
[+22:38:45.890] VoxelMesh: Chunk X=-1 Y=2 Z=3 FlatVerts=144 SlopeVerts=504
[+22:38:45.890] VoxelChunk: GenerateAsync (0,-3,4)
[+22:38:45.892] VoxelMesh: Chunk X=1 Y=2 Z=3 FlatVerts=48 SlopeVerts=318
[+22:38:45.892] VoxelChunk: GenerateAsync (1,-3,4)
[+22:38:45.893] VoxelMesh: Chunk X=0 Y=-3 Z=4 FlatVerts=144 SlopeVerts=504
[+22:38:45.894] VoxelMesh: Chunk X=1 Y=-3 Z=4 FlatVerts=48 SlopeVerts=318
[+22:38:45.902] VoxelWater: Chunk X=4 Y=-26 Z=2 emitted 20 procedural water vertices (Ocean/Pools)
[+22:38:45.902] VoxelWater: Chunk X=4 Y=-25 Z=2 emitted 156 procedural water vertices (Ocean/Pools)
[+22:38:45.902] VoxelWater: Chunk X=4 Y=-25 Z=3 emitted 84 procedural water vertices (Ocean/Pools)
[+22:38:45.903] VoxelWater: Chunk X=5 Y=-25 Z=2 emitted 212 procedural water vertices (Ocean/Pools)
[+22:38:45.903] VoxelWater: Chunk X=4 Y=-24 Z=2 emitted 104 procedural water vertices (Ocean/Pools)
[+22:38:45.903] VoxelWater: Chunk X=4 Y=-24 Z=3 emitted 136 procedural water vertices (Ocean/Pools)
[+22:38:45.903] VoxelWater: Chunk X=5 Y=-25 Z=3 emitted 188 procedural water vertices (Ocean/Pools)
[+22:38:45.903] VoxelWater: Chunk X=5 Y=-24 Z=2 emitted 120 procedural water vertices (Ocean/Pools)
[+22:38:45.903] VoxelWater: Chunk X=5 Y=-24 Z=3 emitted 20 procedural water vertices (Ocean/Pools)
[+22:38:45.903] VoxelWater: Chunk X=6 Y=-24 Z=3 emitted 124 procedural water vertices (Ocean/Pools)
[+22:38:45.903] VoxelWater: Chunk X=6 Y=-26 Z=2 emitted 64 procedural water vertices (Ocean/Pools)
[+22:38:45.903] VoxelWater: Chunk X=6 Y=-26 Z=3 emitted 16 procedural water vertices (Ocean/Pools)
[+22:38:45.903] VoxelWater: Chunk X=6 Y=-25 Z=3 emitted 236 procedural water vertices (Ocean/Pools)
[+22:38:45.903] VoxelWater: Chunk X=6 Y=-25 Z=2 emitted 8 procedural water vertices (Ocean/Pools)
[+22:38:45.903] VoxelWater: Chunk X=6 Y=-24 Z=2 emitted 80 procedural water vertices (Ocean/Pools)
[+22:38:45.903] VoxelWater: Chunk X=-3 Y=-3 Z=3 emitted 8 procedural water vertices (Ocean/Pools)
[+22:38:45.903] VoxelWater: Chunk X=3 Y=3 Z=1 emitted 32 procedural water vertices (Ocean/Pools)
[+22:38:45.903] VoxelWater: Chunk X=3 Y=3 Z=2 emitted 52 procedural water vertices (Ocean/Pools)
[+22:38:45.903] VoxelWater: Chunk X=3 Y=2 Z=2 emitted 20 procedural water vertices (Ocean/Pools)
[+22:38:45.903] VoxelWater: Chunk X=-1 Y=-3 Z=2 emitted 76 procedural water vertices (Ocean/Pools)
[+22:38:45.903] VoxelWater: Chunk X=-2 Y=-3 Z=2 emitted 24 procedural water vertices (Ocean/Pools)
[+22:38:45.903] VoxelWater: Chunk X=1 Y=-2 Z=3 emitted 12 procedural water vertices (Ocean/Pools)
[+22:38:45.903] VoxelWater: Chunk X=3 Y=1 Z=2 emitted 12 procedural water vertices (Ocean/Pools)
[+22:38:45.903] VoxelWater: Chunk X=0 Y=3 Z=1 emitted 36 procedural water vertices (Ocean/Pools)
[+22:38:45.903] VoxelWater: Chunk X=-1 Y=3 Z=1 emitted 24 procedural water vertices (Ocean/Pools)
[+22:38:45.903] VoxelWater: Chunk X=-2 Y=3 Z=1 emitted 92 procedural water vertices (Ocean/Pools)
[+22:38:45.903] VoxelWater: Chunk X=-3 Y=0 Z=2 emitted 12 procedural water vertices (Ocean/Pools)
[+22:38:45.903] VoxelWater: Chunk X=3 Y=2 Z=1 emitted 40 procedural water vertices (Ocean/Pools)
[+22:38:45.903] VoxelWater: Chunk X=-3 Y=1 Z=1 emitted 44 procedural water vertices (Ocean/Pools)
[+22:38:45.903] VoxelWater: Chunk X=3 Y=0 Z=1 emitted 44 procedural water vertices (Ocean/Pools)
[+22:38:45.914] VoxelMesh: Chunk X=-3 Y=3 Z=3 FlatVerts=0 SlopeVerts=0
[+22:38:45.914] VoxelChunk: GenerateAsync (2,-3,4)
[+22:38:45.916] VoxelMesh: Chunk X=1 Y=3 Z=1 FlatVerts=0 SlopeVerts=0
[+22:38:45.916] VoxelChunk: GenerateAsync (3,-3,4)
[+22:38:45.918] VoxelMesh: Chunk X=2 Y=-3 Z=4 FlatVerts=0 SlopeVerts=0
[+22:38:45.918] VoxelMesh: Chunk X=2 Y=-3 Z=3 FlatVerts=0 SlopeVerts=0
[+22:38:45.918] VoxelChunk: GenerateAsync (-3,-2,4)
[+22:38:45.918] VoxelMesh: Chunk X=3 Y=-3 Z=4 FlatVerts=0 SlopeVerts=0
[+22:38:45.920] VoxelMesh: Chunk X=-3 Y=-2 Z=4 FlatVerts=0 SlopeVerts=0
[+22:38:45.920] VoxelMesh: Chunk X=-3 Y=-2 Z=3 FlatVerts=0 SlopeVerts=0
[+22:38:45.920] VoxelChunk: GenerateAsync (-2,-2,4)
[+22:38:45.922] VoxelMesh: Chunk X=-2 Y=-2 Z=4 FlatVerts=0 SlopeVerts=0
[+22:38:45.935] VoxelMesh: Chunk X=0 Y=0 Z=0 FlatVerts=312 SlopeVerts=1518
[+22:38:45.937] VoxelChunk: GenerateAsync (-3,-1,1)
[+22:38:45.939] VoxelMesh: Chunk X=-3 Y=-1 Z=1 FlatVerts=0 SlopeVerts=0
[+22:38:45.939] VoxelMesh: Chunk X=-3 Y=-3 Z=2 FlatVerts=0 SlopeVerts=0
[+22:38:45.939] VoxelChunk: GenerateAsync (-1,-2,4)
[+22:38:45.941] VoxelMesh: Chunk X=0 Y=-2 Z=3 FlatVerts=0 SlopeVerts=0
[+22:38:45.941] VoxelChunk: GenerateAsync (0,-2,4)
[+22:38:45.942] VoxelMesh: Chunk X=-1 Y=-2 Z=4 FlatVerts=0 SlopeVerts=0
[+22:38:45.943] VoxelMesh: Chunk X=0 Y=-2 Z=4 FlatVerts=0 SlopeVerts=0
[+22:38:45.944] VoxelMesh: Chunk X=-3 Y=-1 Z=3 FlatVerts=0 SlopeVerts=0
[+22:38:45.944] VoxelChunk: GenerateAsync (1,-2,4)
[+22:38:45.946] VoxelMesh: Chunk X=1 Y=-2 Z=4 FlatVerts=0 SlopeVerts=0
[+22:38:45.946] VoxelMesh: Chunk X=-1 Y=-1 Z=3 FlatVerts=0 SlopeVerts=0
[+22:38:45.946] VoxelChunk: GenerateAsync (2,-2,4)
[+22:38:45.948] VoxelMesh: Chunk X=2 Y=-2 Z=4 FlatVerts=0 SlopeVerts=0
[+22:38:45.956] VoxelMesh: Chunk X=1 Y=-3 Z=2 FlatVerts=0 SlopeVerts=0
[+22:38:45.956] VoxelChunk: GenerateAsync (3,-2,4)
[+22:38:45.958] VoxelMesh: Chunk X=2 Y=-3 Z=2 FlatVerts=0 SlopeVerts=0
[+22:38:45.958] VoxelMesh: Chunk X=3 Y=-2 Z=4 FlatVerts=0 SlopeVerts=0
[+22:38:45.958] VoxelChunk: GenerateAsync (-3,-1,4)
[+22:38:45.960] VoxelMesh: Chunk X=3 Y=-3 Z=2 FlatVerts=0 SlopeVerts=0
[+22:38:45.960] VoxelMesh: Chunk X=-3 Y=-1 Z=4 FlatVerts=0 SlopeVerts=0
[+22:38:45.960] VoxelChunk: GenerateAsync (-2,-1,4)
[+22:38:45.963] VoxelMesh: Chunk X=-2 Y=-1 Z=4 FlatVerts=0 SlopeVerts=0
[+22:38:45.963] VoxelMesh: Chunk X=-3 Y=-2 Z=2 FlatVerts=0 SlopeVerts=0
[+22:38:45.963] VoxelChunk: GenerateAsync (-1,-1,4)
[+22:38:45.964] VoxelMesh: Chunk X=-1 Y=-1 Z=4 FlatVerts=0 SlopeVerts=0
[+22:38:45.976] VoxelMesh: Chunk X=0 Y=0 Z=0 FlatVerts=0 SlopeVerts=5460
[+22:38:45.976] VoxelChunk: GenerateAsync (0,-1,4)
[+22:38:45.978] VoxelMesh: Chunk X=0 Y=-1 Z=4 FlatVerts=0 SlopeVerts=0
[+22:38:45.984] VoxelMesh: Chunk X=0 Y=0 Z=0 FlatVerts=30 SlopeVerts=13686
[+22:38:45.985] VoxelChunk: GenerateAsync (1,-1,4)
[+22:38:45.986] VoxelMesh: Chunk X=1 Y=-1 Z=4 FlatVerts=0 SlopeVerts=0
[+22:38:45.993] VoxelMesh: Chunk X=0 Y=0 Z=0 FlatVerts=54 SlopeVerts=20274
[+22:38:45.995] VoxelChunk: GenerateAsync (2,-1,4)
[+22:38:45.996] VoxelMesh: Chunk X=2 Y=-1 Z=4 FlatVerts=0 SlopeVerts=0
[+22:38:46.003] VoxelMesh: Chunk X=0 Y=0 Z=0 FlatVerts=42 SlopeVerts=28584
[+22:38:46.005] VoxelChunk: GenerateAsync (3,-1,4)
[+22:38:46.006] VoxelMesh: Chunk X=3 Y=-1 Z=4 FlatVerts=0 SlopeVerts=0
[+22:38:46.022] VoxelMesh: Chunk X=0 Y=0 Z=0 FlatVerts=0 SlopeVerts=0
[+22:38:46.022] VoxelChunk: GenerateAsync (-3,0,4)
[+22:38:46.026] VoxelMesh: Chunk X=-3 Y=0 Z=4 FlatVerts=0 SlopeVerts=0
[+22:38:46.028] VoxelMesh: Chunk X=0 Y=0 Z=0 FlatVerts=0 SlopeVerts=0
[+22:38:46.029] VoxelChunk: GenerateAsync (-2,0,4)
[+22:38:46.032] VoxelMesh: Chunk X=-2 Y=0 Z=4 FlatVerts=0 SlopeVerts=0
[+22:38:46.035] VoxelMesh: Chunk X=0 Y=0 Z=0 FlatVerts=0 SlopeVerts=0
[+22:38:46.035] VoxelChunk: GenerateAsync (-1,0,4)
[+22:38:46.037] VoxelMesh: Chunk X=-1 Y=0 Z=4 FlatVerts=0 SlopeVerts=0
[+22:38:46.042] VoxelMesh: Chunk X=0 Y=0 Z=0 FlatVerts=0 SlopeVerts=0
[+22:38:46.042] VoxelChunk: GenerateAsync (0,0,4)
[+22:38:46.043] VoxelMesh: Chunk X=0 Y=0 Z=4 FlatVerts=0 SlopeVerts=0
[+22:38:46.056] VoxelMesh: Chunk X=0 Y=0 Z=0 FlatVerts=0 SlopeVerts=1572
[+22:38:46.057] VoxelChunk: GenerateAsync (-2,-3,3)
[+22:38:46.059] VoxelMesh: Chunk X=-2 Y=-3 Z=3 FlatVerts=0 SlopeVerts=30
[+22:38:46.064] VoxelMesh: Chunk X=0 Y=0 Z=4 FlatVerts=0 SlopeVerts=0
[+22:38:46.064] VoxelChunk: GenerateAsync (1,0,4)
[+22:38:46.066] VoxelMesh: Chunk X=-1 Y=0 Z=4 FlatVerts=0 SlopeVerts=0
[+22:38:46.066] VoxelChunk: GenerateAsync (2,0,4)
[+22:38:46.066] VoxelMesh: Chunk X=1 Y=0 Z=4 FlatVerts=0 SlopeVerts=0
[+22:38:46.067] VoxelMesh: Chunk X=-2 Y=0 Z=4 FlatVerts=0 SlopeVerts=0
[+22:38:46.067] VoxelMesh: Chunk X=2 Y=0 Z=4 FlatVerts=0 SlopeVerts=0
[+22:38:46.067] VoxelChunk: GenerateAsync (3,0,4)
[+22:38:46.069] VoxelMesh: Chunk X=-3 Y=0 Z=4 FlatVerts=0 SlopeVerts=0
[+22:38:46.069] VoxelChunk: GenerateAsync (-3,1,4)
[+22:38:46.069] VoxelMesh: Chunk X=3 Y=0 Z=4 FlatVerts=0 SlopeVerts=0
[+22:38:46.070] VoxelMesh: Chunk X=-3 Y=1 Z=4 FlatVerts=0 SlopeVerts=0
[+22:38:46.079] VoxelMesh: Chunk X=3 Y=-1 Z=4 FlatVerts=0 SlopeVerts=0
[+22:38:46.079] VoxelChunk: GenerateAsync (-2,1,4)
[+22:38:46.081] VoxelMesh: Chunk X=2 Y=-1 Z=4 FlatVerts=0 SlopeVerts=0
[+22:38:46.081] VoxelChunk: GenerateAsync (-1,1,4)
[+22:38:46.081] VoxelMesh: Chunk X=-2 Y=1 Z=4 FlatVerts=0 SlopeVerts=0
[+22:38:46.082] VoxelMesh: Chunk X=1 Y=-1 Z=4 FlatVerts=0 SlopeVerts=0
[+22:38:46.082] VoxelChunk: GenerateAsync (0,1,4)
[+22:38:46.083] VoxelMesh: Chunk X=-1 Y=1 Z=4 FlatVerts=0 SlopeVerts=0
[+22:38:46.084] VoxelMesh: Chunk X=0 Y=-1 Z=4 FlatVerts=0 SlopeVerts=0
[+22:38:46.084] VoxelChunk: GenerateAsync (1,1,4)
[+22:38:46.085] VoxelMesh: Chunk X=0 Y=1 Z=4 FlatVerts=0 SlopeVerts=0
[+22:38:46.085] VoxelMesh: Chunk X=1 Y=1 Z=4 FlatVerts=0 SlopeVerts=0
[+22:38:46.092] VoxelMesh: Chunk X=2 Y=1 Z=3 FlatVerts=0 SlopeVerts=0
[+22:38:46.092] VoxelChunk: GenerateAsync (2,1,4)
[+22:38:46.094] VoxelMesh: Chunk X=3 Y=0 Z=1 FlatVerts=0 SlopeVerts=0
[+22:38:46.094] VoxelMesh: Chunk X=2 Y=1 Z=4 FlatVerts=0 SlopeVerts=0
[+22:38:46.094] VoxelChunk: GenerateAsync (3,1,4)
[+22:38:46.096] VoxelMesh: Chunk X=3 Y=1 Z=4 FlatVerts=0 SlopeVerts=0
[+22:38:46.096] VoxelMesh: Chunk X=-3 Y=1 Z=1 FlatVerts=0 SlopeVerts=0
[+22:38:46.096] VoxelChunk: GenerateAsync (-3,2,4)
[+22:38:46.097] VoxelMesh: Chunk X=3 Y=2 Z=1 FlatVerts=0 SlopeVerts=0
[+22:38:46.097] VoxelChunk: GenerateAsync (-2,2,4)
[+22:38:46.098] VoxelMesh: Chunk X=-3 Y=2 Z=4 FlatVerts=0 SlopeVerts=0
[+22:38:46.099] VoxelMesh: Chunk X=-2 Y=2 Z=4 FlatVerts=0 SlopeVerts=0
[+22:38:46.101] VoxelWater: Chunk X=4 Y=-26 Z=2 emitted 12 procedural water vertices (Ocean/Pools)
[+22:38:46.101] VoxelWater: Chunk X=4 Y=-25 Z=2 emitted 172 procedural water vertices (Ocean/Pools)
[+22:38:46.101] VoxelWater: Chunk X=4 Y=-25 Z=3 emitted 92 procedural water vertices (Ocean/Pools)
[+22:38:46.101] VoxelWater: Chunk X=5 Y=-25 Z=2 emitted 236 procedural water vertices (Ocean/Pools)
[+22:38:46.101] VoxelWater: Chunk X=4 Y=-24 Z=2 emitted 112 procedural water vertices (Ocean/Pools)
[+22:38:46.101] VoxelWater: Chunk X=4 Y=-24 Z=3 emitted 144 procedural water vertices (Ocean/Pools)
[+22:38:46.101] VoxelWater: Chunk X=5 Y=-25 Z=3 emitted 192 procedural water vertices (Ocean/Pools)
[+22:38:46.101] VoxelWater: Chunk X=5 Y=-24 Z=2 emitted 120 procedural water vertices (Ocean/Pools)
[+22:38:46.101] VoxelWater: Chunk X=5 Y=-24 Z=3 emitted 20 procedural water vertices (Ocean/Pools)
[+22:38:46.102] VoxelWater: Chunk X=6 Y=-24 Z=3 emitted 124 procedural water vertices (Ocean/Pools)
[+22:38:46.102] VoxelWater: Chunk X=6 Y=-26 Z=2 emitted 64 procedural water vertices (Ocean/Pools)
[+22:38:46.102] VoxelWater: Chunk X=6 Y=-26 Z=3 emitted 16 procedural water vertices (Ocean/Pools)
[+22:38:46.102] VoxelWater: Chunk X=6 Y=-25 Z=3 emitted 252 procedural water vertices (Ocean/Pools)
[+22:38:46.102] VoxelWater: Chunk X=6 Y=-25 Z=2 emitted 12 procedural water vertices (Ocean/Pools)
[+22:38:46.102] VoxelWater: Chunk X=6 Y=-24 Z=2 emitted 80 procedural water vertices (Ocean/Pools)
[+22:38:46.111] VoxelMesh: Chunk X=3 Y=-1 Z=2 FlatVerts=0 SlopeVerts=0
[+22:38:46.112] VoxelChunk: GenerateAsync (-1,2,4)
[+22:38:46.113] VoxelMesh: Chunk X=-3 Y=0 Z=2 FlatVerts=0 SlopeVerts=0
[+22:38:46.113] VoxelMesh: Chunk X=-1 Y=2 Z=4 FlatVerts=0 SlopeVerts=0
[+22:38:46.114] VoxelChunk: GenerateAsync (0,2,4)
[+22:38:46.115] VoxelMesh: Chunk X=0 Y=2 Z=3 FlatVerts=0 SlopeVerts=0
[+22:38:46.115] VoxelMesh: Chunk X=0 Y=2 Z=4 FlatVerts=0 SlopeVerts=0
[+22:38:46.115] VoxelChunk: GenerateAsync (1,2,4)
[+22:38:46.117] VoxelMesh: Chunk X=1 Y=2 Z=4 FlatVerts=0 SlopeVerts=0
[+22:38:46.117] VoxelMesh: Chunk X=-2 Y=3 Z=1 FlatVerts=0 SlopeVerts=0
[+22:38:46.117] VoxelChunk: GenerateAsync (2,2,4)
[+22:38:46.118] VoxelMesh: Chunk X=2 Y=2 Z=4 FlatVerts=0 SlopeVerts=0
[+22:38:46.127] VoxelMesh: Chunk X=2 Y=2 Z=3 FlatVerts=0 SlopeVerts=0
[+22:38:46.127] VoxelChunk: GenerateAsync (3,2,4)
[+22:38:46.129] VoxelMesh: Chunk X=-1 Y=3 Z=1 FlatVerts=0 SlopeVerts=0
[+22:38:46.129] VoxelMesh: Chunk X=3 Y=2 Z=4 FlatVerts=0 SlopeVerts=0
[+22:38:46.129] VoxelChunk: GenerateAsync (-3,3,4)
[+22:38:46.131] VoxelMesh: Chunk X=0 Y=3 Z=1 FlatVerts=0 SlopeVerts=0
[+22:38:46.131] VoxelMesh: Chunk X=-3 Y=3 Z=4 FlatVerts=0 SlopeVerts=0
[+22:38:46.131] VoxelChunk: GenerateAsync (-2,3,4)
[+22:38:46.132] VoxelMesh: Chunk X=3 Y=0 Z=2 FlatVerts=0 SlopeVerts=0
[+22:38:46.132] VoxelChunk: GenerateAsync (-1,3,4)
[+22:38:46.132] VoxelMesh: Chunk X=-2 Y=3 Z=4 FlatVerts=0 SlopeVerts=0
[+22:38:46.134] VoxelMesh: Chunk X=-1 Y=3 Z=4 FlatVerts=0 SlopeVerts=0
[+22:38:46.144] VoxelMesh: Chunk X=0 Y=0 Z=0 FlatVerts=0 SlopeVerts=0
[+22:38:46.144] VoxelChunk: GenerateAsync (-3,1,3)
[+22:38:46.146] VoxelMesh: Chunk X=-3 Y=1 Z=3 FlatVerts=12 SlopeVerts=2208
[+22:38:46.149] VoxelMesh: Chunk X=0 Y=3 Z=3 FlatVerts=0 SlopeVerts=0
[+22:38:46.149] VoxelChunk: GenerateAsync (0,3,4)
[+22:38:46.150] VoxelMesh: Chunk X=-2 Y=3 Z=3 FlatVerts=0 SlopeVerts=0
[+22:38:46.150] VoxelChunk: GenerateAsync (1,3,4)
[+22:38:46.150] VoxelMesh: Chunk X=0 Y=3 Z=4 FlatVerts=0 SlopeVerts=0
[+22:38:46.152] VoxelMesh: Chunk X=3 Y=-3 Z=3 FlatVerts=0 SlopeVerts=0
[+22:38:46.153] VoxelChunk: GenerateAsync (2,3,4)
[+22:38:46.153] VoxelMesh: Chunk X=1 Y=3 Z=4 FlatVerts=0 SlopeVerts=0
[+22:38:46.154] VoxelMesh: Chunk X=2 Y=3 Z=4 FlatVerts=0 SlopeVerts=0
[+22:38:46.154] VoxelMesh: Chunk X=2 Y=3 Z=1 FlatVerts=0 SlopeVerts=0
[+22:38:46.154] VoxelChunk: GenerateAsync (3,3,4)
[+22:38:46.156] VoxelMesh: Chunk X=3 Y=3 Z=4 FlatVerts=0 SlopeVerts=0
[+22:38:46.166] VoxelMesh: Chunk X=-2 Y=-2 Z=3 FlatVerts=0 SlopeVerts=0
[+22:38:46.166] VoxelChunk: GenerateAsync (5,-25,0)
[+22:38:46.168] VoxelMesh: Chunk X=3 Y=3 Z=1 FlatVerts=0 SlopeVerts=0
[+22:38:46.168] VoxelChunk: GenerateAsync (5,-25,-2)
[+22:38:46.169] VoxelMesh: Chunk X=5 Y=-25 Z=0 FlatVerts=0 SlopeVerts=0
[+22:38:46.170] VoxelMesh: Chunk X=3 Y=1 Z=2 FlatVerts=0 SlopeVerts=0
[+22:38:46.170] VoxelChunk: GenerateAsync (5,-26,-2)
[+22:38:46.170] VoxelMesh: Chunk X=5 Y=-25 Z=-2 FlatVerts=0 SlopeVerts=0
[+22:38:46.171] VoxelMesh: Chunk X=-3 Y=2 Z=2 FlatVerts=0 SlopeVerts=0
[+22:38:46.172] VoxelChunk: GenerateAsync (5,-24,-2)
[+22:38:46.172] VoxelMesh: Chunk X=5 Y=-26 Z=-2 FlatVerts=0 SlopeVerts=0
[+22:38:46.173] VoxelMesh: Chunk X=5 Y=-24 Z=-2 FlatVerts=0 SlopeVerts=0
[+22:38:46.180] VoxelMesh: Chunk X=1 Y=-2 Z=3 FlatVerts=0 SlopeVerts=0
[+22:38:46.181] VoxelChunk: GenerateAsync (4,-25,-2)
[+22:38:46.181] VoxelMesh: Chunk X=-2 Y=-3 Z=2 FlatVerts=0 SlopeVerts=0
[+22:38:46.181] VoxelChunk: GenerateAsync (5,-26,0)
[+22:38:46.182] VoxelMesh: Chunk X=5 Y=-26 Z=0 FlatVerts=0 SlopeVerts=0
[+22:38:46.182] VoxelMesh: Chunk X=4 Y=-25 Z=-2 FlatVerts=0 SlopeVerts=0
[+22:38:46.183] VoxelMesh: Chunk X=-2 Y=-1 Z=3 FlatVerts=0 SlopeVerts=0
[+22:38:46.183] VoxelChunk: GenerateAsync (6,-25,-2)
[+22:38:46.185] VoxelMesh: Chunk X=-1 Y=-3 Z=2 FlatVerts=0 SlopeVerts=0
[+22:38:46.185] VoxelChunk: GenerateAsync (6,-25,0)
[+22:38:46.185] VoxelMesh: Chunk X=6 Y=-25 Z=-2 FlatVerts=0 SlopeVerts=0
[+22:38:46.186] VoxelMesh: Chunk X=6 Y=-25 Z=0 FlatVerts=0 SlopeVerts=0
[+22:38:46.195] VoxelMesh: Chunk X=0 Y=-3 Z=2 FlatVerts=0 SlopeVerts=0
[+22:38:46.195] VoxelChunk: GenerateAsync (5,-24,0)
[+22:38:46.197] VoxelMesh: Chunk X=5 Y=-24 Z=0 FlatVerts=0 SlopeVerts=0
[+22:38:46.197] VoxelMesh: Chunk X=3 Y=2 Z=2 FlatVerts=0 SlopeVerts=0
[+22:38:46.197] VoxelChunk: GenerateAsync (4,-25,0)
[+22:38:46.198] VoxelMesh: Chunk X=-3 Y=3 Z=2 FlatVerts=0 SlopeVerts=0
[+22:38:46.198] VoxelChunk: GenerateAsync (4,-26,0)
[+22:38:46.199] VoxelMesh: Chunk X=4 Y=-25 Z=0 FlatVerts=0 SlopeVerts=0
[+22:38:46.199] VoxelMesh: Chunk X=4 Y=-26 Z=0 FlatVerts=0 SlopeVerts=0
[+22:38:46.200] VoxelMesh: Chunk X=-2 Y=3 Z=2 FlatVerts=0 SlopeVerts=0
[+22:38:46.200] VoxelChunk: GenerateAsync (6,-26,-2)
[+22:38:46.202] VoxelMesh: Chunk X=6 Y=-26 Z=-2 FlatVerts=0 SlopeVerts=0
[+22:38:46.210] VoxelMesh: Chunk X=-1 Y=3 Z=2 FlatVerts=0 SlopeVerts=0
[+22:38:46.210] VoxelChunk: GenerateAsync (6,-24,-2)
[+22:38:46.212] VoxelMesh: Chunk X=0 Y=3 Z=2 FlatVerts=0 SlopeVerts=0
[+22:38:46.212] VoxelMesh: Chunk X=6 Y=-24 Z=-2 FlatVerts=0 SlopeVerts=0
[+22:38:46.213] VoxelChunk: GenerateAsync (4,-24,-2)
[+22:38:46.214] VoxelMesh: Chunk X=1 Y=3 Z=2 FlatVerts=0 SlopeVerts=0
[+22:38:46.214] VoxelChunk: GenerateAsync (6,-26,0)
[+22:38:46.215] VoxelMesh: Chunk X=4 Y=-24 Z=-2 FlatVerts=0 SlopeVerts=0
[+22:38:46.216] VoxelMesh: Chunk X=2 Y=3 Z=2 FlatVerts=0 SlopeVerts=0
[+22:38:46.216] VoxelMesh: Chunk X=6 Y=-26 Z=0 FlatVerts=0 SlopeVerts=0
[+22:38:46.216] VoxelChunk: GenerateAsync (4,-26,-2)
[+22:38:46.218] VoxelMesh: Chunk X=4 Y=-26 Z=-2 FlatVerts=0 SlopeVerts=0
[+22:38:46.225] VoxelMesh: Chunk X=3 Y=3 Z=2 FlatVerts=0 SlopeVerts=0
[+22:38:46.226] VoxelChunk: GenerateAsync (4,-24,0)
[+22:38:46.228] VoxelMesh: Chunk X=-3 Y=-3 Z=3 FlatVerts=0 SlopeVerts=0
[+22:38:46.228] VoxelChunk: GenerateAsync (6,-24,0)
[+22:38:46.228] VoxelMesh: Chunk X=4 Y=-24 Z=0 FlatVerts=0 SlopeVerts=0
[+22:38:46.229] VoxelMesh: Chunk X=1 Y=3 Z=-4 FlatVerts=48 SlopeVerts=504
[+22:38:46.229] VoxelChunk: GenerateAsync (5,-25,1)
[+22:38:46.229] VoxelMesh: Chunk X=6 Y=-24 Z=0 FlatVerts=0 SlopeVerts=0
[+22:38:46.230] VoxelMesh: Chunk X=5 Y=-25 Z=1 FlatVerts=48 SlopeVerts=504
[+22:38:46.230] VoxelMesh: Chunk X=-1 Y=-2 Z=-4 FlatVerts=0 SlopeVerts=0
[+22:38:46.231] VoxelChunk: GenerateAsync (7,-25,-1)
[+22:38:46.232] VoxelMesh: Chunk X=7 Y=-25 Z=-1 FlatVerts=0 SlopeVerts=0
[+22:38:46.241] VoxelMesh: Chunk X=-2 Y=-2 Z=-4 FlatVerts=0 SlopeVerts=0
[+22:38:46.241] VoxelChunk: GenerateAsync (5,-25,-3)
[+22:38:46.244] VoxelMesh: Chunk X=-3 Y=-2 Z=-4 FlatVerts=0 SlopeVerts=0
[+22:38:46.244] VoxelChunk: GenerateAsync (3,-25,-1)
[+22:38:46.244] VoxelMesh: Chunk X=5 Y=-25 Z=-3 FlatVerts=0 SlopeVerts=0
[+22:38:46.245] VoxelMesh: Chunk X=3 Y=1 Z=-4 FlatVerts=0 SlopeVerts=0
[+22:38:46.245] VoxelChunk: GenerateAsync (5,-27,-1)
[+22:38:46.246] VoxelMesh: Chunk X=3 Y=-25 Z=-1 FlatVerts=0 SlopeVerts=0
[+22:38:46.248] VoxelMesh: Chunk X=3 Y=-3 Z=-4 FlatVerts=0 SlopeVerts=0
[+22:38:46.248] VoxelChunk: GenerateAsync (5,-23,-1)
[+22:38:46.248] VoxelMesh: Chunk X=5 Y=-27 Z=-1 FlatVerts=0 SlopeVerts=0
[+22:38:46.250] VoxelMesh: Chunk X=5 Y=-23 Z=-1 FlatVerts=0 SlopeVerts=0
[+22:38:46.264] VoxelMesh: Chunk X=0 Y=0 Z=0 FlatVerts=36 SlopeVerts=18618
[+22:38:46.282] VoxelChunk: GenerateAsync (-1,-3,3)
[+22:38:46.283] VoxelMesh: Chunk X=-1 Y=-3 Z=3 FlatVerts=0 SlopeVerts=4332
[+22:38:46.288] VoxelMesh: Chunk X=2 Y=-3 Z=-4 FlatVerts=0 SlopeVerts=0
[+22:38:46.288] VoxelChunk: GenerateAsync (5,-23,0)
[+22:38:46.289] VoxelMesh: Chunk X=5 Y=-23 Z=0 FlatVerts=0 SlopeVerts=0
[+22:38:46.290] VoxelMesh: Chunk X=2 Y=1 Z=-4 FlatVerts=0 SlopeVerts=0
[+22:38:46.290] VoxelChunk: GenerateAsync (3,-25,0)
[+22:38:46.292] VoxelMesh: Chunk X=2 Y=2 Z=-4 FlatVerts=0 SlopeVerts=0
[+22:38:46.292] VoxelChunk: GenerateAsync (7,-25,0)
[+22:38:46.293] VoxelMesh: Chunk X=3 Y=-25 Z=0 FlatVerts=0 SlopeVerts=0
[+22:38:46.295] VoxelMesh: Chunk X=1 Y=-3 Z=-4 FlatVerts=0 SlopeVerts=0
[+22:38:46.295] VoxelMesh: Chunk X=7 Y=-25 Z=0 FlatVerts=0 SlopeVerts=0
[+22:38:46.295] VoxelChunk: GenerateAsync (5,-23,-2)
[+22:38:46.296] VoxelMesh: Chunk X=5 Y=-23 Z=-2 FlatVerts=0 SlopeVerts=0
[+22:38:46.309] VoxelMesh: Chunk X=0 Y=-3 Z=-4 FlatVerts=0 SlopeVerts=0
[+22:38:46.309] VoxelChunk: GenerateAsync (7,-26,-1)
[+22:38:46.311] VoxelMesh: Chunk X=-1 Y=-3 Z=-4 FlatVerts=0 SlopeVerts=0
[+22:38:46.311] VoxelMesh: Chunk X=7 Y=-26 Z=-1 FlatVerts=0 SlopeVerts=0
[+22:38:46.311] VoxelChunk: GenerateAsync (6,-25,1)
[+22:38:46.312] VoxelMesh: Chunk X=1 Y=1 Z=-4 FlatVerts=1758 SlopeVerts=918
[+22:38:46.313] VoxelChunk: GenerateAsync (5,-26,1)
[+22:38:46.313] VoxelMesh: Chunk X=6 Y=-25 Z=1 FlatVerts=0 SlopeVerts=0
[+22:38:46.315] VoxelMesh: Chunk X=5 Y=-26 Z=1 FlatVerts=1758 SlopeVerts=918
[+22:38:46.315] VoxelMesh: Chunk X=1 Y=2 Z=-4 FlatVerts=0 SlopeVerts=0
[+22:38:46.315] VoxelChunk: GenerateAsync (3,-26,-1)
[+22:38:46.316] VoxelMesh: Chunk X=3 Y=-26 Z=-1 FlatVerts=0 SlopeVerts=0
[+22:38:46.323] VoxelWater: Chunk X=4 Y=-26 Z=2 emitted 12 procedural water vertices (Ocean/Pools)
[+22:38:46.323] VoxelWater: Chunk X=4 Y=-25 Z=2 emitted 196 procedural water vertices (Ocean/Pools)
[+22:38:46.323] VoxelWater: Chunk X=4 Y=-25 Z=3 emitted 96 procedural water vertices (Ocean/Pools)
[+22:38:46.323] VoxelWater: Chunk X=5 Y=-25 Z=2 emitted 240 procedural water vertices (Ocean/Pools)
[+22:38:46.323] VoxelWater: Chunk X=4 Y=-24 Z=2 emitted 120 procedural water vertices (Ocean/Pools)
[+22:38:46.323] VoxelWater: Chunk X=4 Y=-24 Z=3 emitted 152 procedural water vertices (Ocean/Pools)
[+22:38:46.323] VoxelWater: Chunk X=5 Y=-25 Z=3 emitted 192 procedural water vertices (Ocean/Pools)
[+22:38:46.323] VoxelWater: Chunk X=5 Y=-24 Z=2 emitted 124 procedural water vertices (Ocean/Pools)
[+22:38:46.323] VoxelWater: Chunk X=5 Y=-24 Z=3 emitted 20 procedural water vertices (Ocean/Pools)
[+22:38:46.323] VoxelWater: Chunk X=6 Y=-24 Z=3 emitted 124 procedural water vertices (Ocean/Pools)
[+22:38:46.323] VoxelWater: Chunk X=6 Y=-26 Z=2 emitted 64 procedural water vertices (Ocean/Pools)
[+22:38:46.323] VoxelWater: Chunk X=6 Y=-26 Z=3 emitted 16 procedural water vertices (Ocean/Pools)
[+22:38:46.323] VoxelWater: Chunk X=6 Y=-25 Z=3 emitted 280 procedural water vertices (Ocean/Pools)
[+22:38:46.323] VoxelWater: Chunk X=6 Y=-25 Z=2 emitted 12 procedural water vertices (Ocean/Pools)
[+22:38:46.323] VoxelWater: Chunk X=6 Y=-24 Z=2 emitted 80 procedural water vertices (Ocean/Pools)
[+22:38:46.335] VoxelMesh: Chunk X=-3 Y=3 Z=-4 FlatVerts=0 SlopeVerts=0
[+22:38:46.335] VoxelChunk: GenerateAsync (5,-27,-2)
[+22:38:46.337] VoxelMesh: Chunk X=2 Y=0 Z=-4 FlatVerts=0 SlopeVerts=0
[+22:38:46.337] VoxelChunk: GenerateAsync (5,-27,0)
[+22:38:46.338] VoxelMesh: Chunk X=5 Y=-27 Z=-2 FlatVerts=0 SlopeVerts=0
[+22:38:46.338] VoxelMesh: Chunk X=1 Y=0 Z=-4 FlatVerts=0 SlopeVerts=0
[+22:38:46.338] VoxelMesh: Chunk X=5 Y=-27 Z=0 FlatVerts=0 SlopeVerts=0
[+22:38:46.338] VoxelChunk: GenerateAsync (6,-27,-1)
[+22:38:46.339] VoxelMesh: Chunk X=0 Y=1 Z=-4 FlatVerts=0 SlopeVerts=0
[+22:38:46.339] VoxelChunk: GenerateAsync (4,-25,-3)
[+22:38:46.340] VoxelMesh: Chunk X=6 Y=-27 Z=-1 FlatVerts=0 SlopeVerts=0
[+22:38:46.342] VoxelMesh: Chunk X=4 Y=-25 Z=-3 FlatVerts=0 SlopeVerts=0
[+22:38:46.349] VoxelMesh: Chunk X=0 Y=2 Z=-4 FlatVerts=0 SlopeVerts=0
[+22:38:46.349] VoxelChunk: GenerateAsync (6,-23,-1)
[+22:38:46.351] VoxelMesh: Chunk X=0 Y=0 Z=-4 FlatVerts=0 SlopeVerts=0
[+22:38:46.351] VoxelChunk: GenerateAsync (4,-27,-1)
[+22:38:46.352] VoxelMesh: Chunk X=6 Y=-23 Z=-1 FlatVerts=0 SlopeVerts=0
[+22:38:46.353] VoxelMesh: Chunk X=-1 Y=0 Z=-4 FlatVerts=0 SlopeVerts=0
[+22:38:46.353] VoxelChunk: GenerateAsync (5,-26,-3)
[+22:38:46.353] VoxelMesh: Chunk X=4 Y=-27 Z=-1 FlatVerts=0 SlopeVerts=0
[+22:38:46.354] VoxelMesh: Chunk X=-1 Y=1 Z=-4 FlatVerts=588 SlopeVerts=1122
[+22:38:46.354] VoxelChunk: GenerateAsync (5,-24,1)
[+22:38:46.355] VoxelMesh: Chunk X=5 Y=-26 Z=-3 FlatVerts=0 SlopeVerts=0
[+22:38:46.355] VoxelMesh: Chunk X=5 Y=-24 Z=1 FlatVerts=588 SlopeVerts=1122
[+22:38:46.371] VoxelMesh: Chunk X=0 Y=0 Z=0 FlatVerts=0 SlopeVerts=19716
[+22:38:46.386] VoxelChunk: GenerateAsync (1,-1,3)
[+22:38:46.387] VoxelMesh: Chunk X=1 Y=-1 Z=3 FlatVerts=0 SlopeVerts=0
[+22:38:46.390] VoxelMesh: Chunk X=-2 Y=0 Z=-4 FlatVerts=0 SlopeVerts=0
[+22:38:46.391] VoxelChunk: GenerateAsync (4,-23,-1)
[+22:38:46.392] VoxelMesh: Chunk X=4 Y=-23 Z=-1 FlatVerts=0 SlopeVerts=0
[+22:38:46.392] VoxelMesh: Chunk X=-2 Y=1 Z=-4 FlatVerts=0 SlopeVerts=0
[+22:38:46.393] VoxelChunk: GenerateAsync (5,-24,-3)
[+22:38:46.394] VoxelMesh: Chunk X=-1 Y=2 Z=-4 FlatVerts=0 SlopeVerts=0
[+22:38:46.395] VoxelChunk: GenerateAsync (3,-25,-2)
[+22:38:46.395] VoxelMesh: Chunk X=5 Y=-24 Z=-3 FlatVerts=0 SlopeVerts=0
[+22:38:46.397] VoxelMesh: Chunk X=-1 Y=3 Z=-4 FlatVerts=0 SlopeVerts=0
[+22:38:46.397] VoxelChunk: GenerateAsync (6,-25,-3)
[+22:38:46.397] VoxelMesh: Chunk X=3 Y=-25 Z=-2 FlatVerts=0 SlopeVerts=0
[+22:38:46.398] VoxelMesh: Chunk X=6 Y=-25 Z=-3 FlatVerts=0 SlopeVerts=0
[+22:38:46.408] VoxelMesh: Chunk X=-3 Y=0 Z=-4 FlatVerts=0 SlopeVerts=0
[+22:38:46.408] VoxelChunk: GenerateAsync (7,-24,-1)
[+22:38:46.410] VoxelMesh: Chunk X=-3 Y=1 Z=-4 FlatVerts=0 SlopeVerts=0
[+22:38:46.410] VoxelMesh: Chunk X=7 Y=-24 Z=-1 FlatVerts=0 SlopeVerts=0
[+22:38:46.410] VoxelChunk: GenerateAsync (3,-24,-1)
[+22:38:46.411] VoxelMesh: Chunk X=3 Y=-1 Z=-4 FlatVerts=72 SlopeVerts=558
[+22:38:46.412] VoxelChunk: GenerateAsync (4,-25,1)
[+22:38:46.412] VoxelMesh: Chunk X=3 Y=-24 Z=-1 FlatVerts=0 SlopeVerts=0
[+22:38:46.413] VoxelMesh: Chunk X=2 Y=-1 Z=-4 FlatVerts=0 SlopeVerts=0
[+22:38:46.413] VoxelMesh: Chunk X=4 Y=-25 Z=1 FlatVerts=72 SlopeVerts=558
[+22:38:46.413] VoxelChunk: GenerateAsync (7,-25,-2)
[+22:38:46.415] VoxelMesh: Chunk X=7 Y=-25 Z=-2 FlatVerts=0 SlopeVerts=0
[+22:38:46.422] VoxelMesh: Chunk X=3 Y=0 Z=-4 FlatVerts=1896 SlopeVerts=696
[+22:38:46.423] VoxelChunk: GenerateAsync (4,-26,1)
[+22:38:46.425] VoxelMesh: Chunk X=4 Y=-26 Z=1 FlatVerts=1896 SlopeVerts=696
[+22:38:46.425] VoxelMesh: Chunk X=1 Y=-1 Z=-4 FlatVerts=0 SlopeVerts=0
[+22:38:46.425] VoxelChunk: GenerateAsync (7,-24,-2)
[+22:38:46.427] VoxelMesh: Chunk X=0 Y=-1 Z=-4 FlatVerts=0 SlopeVerts=0
[+22:38:46.427] VoxelMesh: Chunk X=7 Y=-24 Z=-2 FlatVerts=0 SlopeVerts=0
[+22:38:46.427] VoxelChunk: GenerateAsync (3,-26,0)
[+22:38:46.429] VoxelMesh: Chunk X=-1 Y=-1 Z=-4 FlatVerts=0 SlopeVerts=0
[+22:38:46.429] VoxelMesh: Chunk X=3 Y=-26 Z=0 FlatVerts=0 SlopeVerts=0
[+22:38:46.429] VoxelChunk: GenerateAsync (7,-24,0)
[+22:38:46.431] VoxelMesh: Chunk X=7 Y=-24 Z=0 FlatVerts=0 SlopeVerts=0
[+22:38:46.439] VoxelMesh: Chunk X=-2 Y=-1 Z=-4 FlatVerts=0 SlopeVerts=0
[+22:38:46.439] VoxelChunk: GenerateAsync (4,-23,-2)
[+22:38:46.440] VoxelMesh: Chunk X=-3 Y=-1 Z=-4 FlatVerts=0 SlopeVerts=0
[+22:38:46.440] VoxelChunk: GenerateAsync (6,-27,0)
[+22:38:46.441] VoxelMesh: Chunk X=6 Y=-27 Z=0 FlatVerts=0 SlopeVerts=0
[+22:38:46.441] VoxelMesh: Chunk X=4 Y=-23 Z=-2 FlatVerts=0 SlopeVerts=0
[+22:38:46.442] VoxelMesh: Chunk X=3 Y=-2 Z=-4 FlatVerts=0 SlopeVerts=0
[+22:38:46.442] VoxelChunk: GenerateAsync (6,-23,-2)
[+22:38:46.443] VoxelMesh: Chunk X=-2 Y=2 Z=-4 FlatVerts=0 SlopeVerts=0
[+22:38:46.443] VoxelChunk: GenerateAsync (6,-23,0)
[+22:38:46.444] VoxelMesh: Chunk X=6 Y=-23 Z=-2 FlatVerts=0 SlopeVerts=0
[+22:38:46.444] VoxelMesh: Chunk X=6 Y=-23 Z=0 FlatVerts=0 SlopeVerts=0
[+22:38:46.452] VoxelMesh: Chunk X=2 Y=-2 Z=-4 FlatVerts=0 SlopeVerts=0
[+22:38:46.453] VoxelChunk: GenerateAsync (4,-27,0)
[+22:38:46.454] VoxelMesh: Chunk X=4 Y=-27 Z=0 FlatVerts=0 SlopeVerts=0
[+22:38:46.454] VoxelMesh: Chunk X=-3 Y=2 Z=-4 FlatVerts=0 SlopeVerts=0
[+22:38:46.454] VoxelChunk: GenerateAsync (7,-26,0)
[+22:38:46.456] VoxelMesh: Chunk X=7 Y=-26 Z=0 FlatVerts=0 SlopeVerts=0
[+22:38:46.456] VoxelMesh: Chunk X=3 Y=2 Z=-4 FlatVerts=0 SlopeVerts=0
[+22:38:46.456] VoxelChunk: GenerateAsync (3,-24,-2)
[+22:38:46.457] VoxelMesh: Chunk X=-2 Y=3 Z=-4 FlatVerts=0 SlopeVerts=0
[+22:38:46.458] VoxelMesh: Chunk X=3 Y=-24 Z=-2 FlatVerts=0 SlopeVerts=0
[+22:38:46.458] VoxelChunk: GenerateAsync (4,-23,0)
[+22:38:46.460] VoxelMesh: Chunk X=4 Y=-23 Z=0 FlatVerts=0 SlopeVerts=0
[+22:38:46.472] VoxelMesh: Chunk X=0 Y=0 Z=0 FlatVerts=0 SlopeVerts=0
[+22:38:46.472] VoxelChunk: GenerateAsync (-2,1,3)
[+22:38:46.474] VoxelMesh: Chunk X=-2 Y=1 Z=3 FlatVerts=144 SlopeVerts=7656
[+22:38:46.475] VoxelMesh: Chunk X=0 Y=3 Z=-4 FlatVerts=1038 SlopeVerts=990
[+22:38:46.476] VoxelChunk: GenerateAsync (6,-26,1)
[+22:38:46.477] VoxelMesh: Chunk X=6 Y=-26 Z=1 FlatVerts=1038 SlopeVerts=990
[+22:38:46.477] VoxelMesh: Chunk X=2 Y=3 Z=-4 FlatVerts=0 SlopeVerts=0
[+22:38:46.478] VoxelChunk: GenerateAsync (4,-27,-2)
[+22:38:46.479] VoxelMesh: Chunk X=0 Y=-2 Z=-4 FlatVerts=78 SlopeVerts=390
[+22:38:46.479] VoxelChunk: GenerateAsync (4,-24,1)
[+22:38:46.479] VoxelMesh: Chunk X=4 Y=-27 Z=-2 FlatVerts=0 SlopeVerts=0
[+22:38:46.480] VoxelMesh: Chunk X=3 Y=3 Z=-4 FlatVerts=0 SlopeVerts=0
[+22:38:46.480] VoxelMesh: Chunk X=4 Y=-24 Z=1 FlatVerts=78 SlopeVerts=390
[+22:38:46.480] VoxelChunk: GenerateAsync (6,-26,-3)
[+22:38:46.483] VoxelMesh: Chunk X=6 Y=-26 Z=-3 FlatVerts=0 SlopeVerts=0
[+22:38:46.501] VoxelMesh: Chunk X=-2 Y=-3 Z=-4 FlatVerts=0 SlopeVerts=0
[+22:38:46.501] VoxelChunk: GenerateAsync (7,-26,-2)
[+22:38:46.502] VoxelMesh: Chunk X=1 Y=-2 Z=-4 FlatVerts=0 SlopeVerts=0
[+22:38:46.503] VoxelMesh: Chunk X=7 Y=-26 Z=-2 FlatVerts=0 SlopeVerts=0
[+22:38:46.503] VoxelChunk: GenerateAsync (6,-27,-2)
[+22:38:46.504] VoxelMesh: Chunk X=-3 Y=-3 Z=-4 FlatVerts=462 SlopeVerts=1080
[+22:38:46.505] VoxelChunk: GenerateAsync (6,-24,1)
[+22:38:46.506] VoxelMesh: Chunk X=6 Y=-27 Z=-2 FlatVerts=0 SlopeVerts=0
[+22:38:46.506] VoxelMesh: Chunk X=6 Y=-24 Z=1 FlatVerts=462 SlopeVerts=1080
[+22:38:46.507] VoxelMesh: Chunk X=-3 Y=-3 Z=4 FlatVerts=0 SlopeVerts=0
[+22:38:46.507] VoxelChunk: GenerateAsync (3,-26,-2)
[+22:38:46.509] VoxelMesh: Chunk X=3 Y=-26 Z=-2 FlatVerts=0 SlopeVerts=0
[+22:38:46.517] VoxelMesh: Chunk X=-2 Y=-3 Z=4 FlatVerts=0 SlopeVerts=0
[+22:38:46.518] VoxelChunk: GenerateAsync (6,-24,-3)
[+22:38:46.519] VoxelMesh: Chunk X=-1 Y=-3 Z=4 FlatVerts=0 SlopeVerts=0
[+22:38:46.520] VoxelChunk: GenerateAsync (4,-24,-3)
[+22:38:46.520] VoxelMesh: Chunk X=6 Y=-24 Z=-3 FlatVerts=0 SlopeVerts=0
[+22:38:46.521] VoxelMesh: Chunk X=0 Y=-3 Z=4 FlatVerts=0 SlopeVerts=0
[+22:38:46.521] VoxelChunk: GenerateAsync (3,-24,0)
[+22:38:46.522] VoxelMesh: Chunk X=4 Y=-24 Z=-3 FlatVerts=0 SlopeVerts=0
[+22:38:46.523] VoxelMesh: Chunk X=1 Y=-3 Z=4 FlatVerts=0 SlopeVerts=0
[+22:38:46.524] VoxelChunk: GenerateAsync (4,-26,-3)
[+22:38:46.524] VoxelMesh: Chunk X=3 Y=-24 Z=0 FlatVerts=0 SlopeVerts=0
[+22:38:46.524] VoxelMesh: Chunk X=4 Y=-26 Z=-3 FlatVerts=0 SlopeVerts=0
[+22:38:46.535] VoxelWater: Chunk X=4 Y=-24 Z=1 emitted 12 procedural water vertices (Ocean/Pools)
[+22:38:46.535] VoxelWater: Chunk X=4 Y=-26 Z=1 emitted 72 procedural water vertices (Ocean/Pools)
[+22:38:46.535] VoxelWater: Chunk X=5 Y=-26 Z=1 emitted 36 procedural water vertices (Ocean/Pools)
[+22:38:46.535] VoxelWater: Chunk X=4 Y=-25 Z=1 emitted 28 procedural water vertices (Ocean/Pools)
[+22:38:46.535] VoxelWater: Chunk X=4 Y=-26 Z=2 emitted 12 procedural water vertices (Ocean/Pools)
[+22:38:46.535] VoxelWater: Chunk X=4 Y=-25 Z=2 emitted 240 procedural water vertices (Ocean/Pools)
[+22:38:46.535] VoxelWater: Chunk X=4 Y=-25 Z=3 emitted 100 procedural water vertices (Ocean/Pools)
[+22:38:46.535] VoxelWater: Chunk X=4 Y=-24 Z=3 emitted 156 procedural water vertices (Ocean/Pools)
[+22:38:46.535] VoxelWater: Chunk X=5 Y=-25 Z=2 emitted 260 procedural water vertices (Ocean/Pools)
[+22:38:46.535] VoxelWater: Chunk X=4 Y=-24 Z=2 emitted 132 procedural water vertices (Ocean/Pools)
[+22:38:46.535] VoxelWater: Chunk X=5 Y=-25 Z=3 emitted 192 procedural water vertices (Ocean/Pools)
[+22:38:46.535] VoxelWater: Chunk X=6 Y=-25 Z=2 emitted 20 procedural water vertices (Ocean/Pools)
[+22:38:46.536] VoxelWater: Chunk X=5 Y=-24 Z=2 emitted 132 procedural water vertices (Ocean/Pools)
[+22:38:46.536] VoxelWater: Chunk X=5 Y=-24 Z=3 emitted 20 procedural water vertices (Ocean/Pools)
[+22:38:46.536] VoxelWater: Chunk X=6 Y=-24 Z=3 emitted 124 procedural water vertices (Ocean/Pools)
[+22:38:46.536] VoxelWater: Chunk X=6 Y=-26 Z=2 emitted 80 procedural water vertices (Ocean/Pools)
[+22:38:46.536] VoxelWater: Chunk X=6 Y=-26 Z=3 emitted 16 procedural water vertices (Ocean/Pools)
[+22:38:46.536] VoxelWater: Chunk X=6 Y=-25 Z=3 emitted 288 procedural water vertices (Ocean/Pools)
[+22:38:46.536] VoxelWater: Chunk X=6 Y=-24 Z=2 emitted 108 procedural water vertices (Ocean/Pools)
[+22:38:46.536] VoxelWater: Chunk X=6 Y=-24 Z=1 emitted 8 procedural water vertices (Ocean/Pools)
[+22:38:46.536] VoxelWater: Chunk X=6 Y=-26 Z=1 emitted 4 procedural water vertices (Ocean/Pools)
[+22:38:46.546] VoxelMesh: Chunk X=2 Y=-3 Z=4 FlatVerts=0 SlopeVerts=0
[+22:38:46.547] VoxelChunk: GenerateAsync (3,-27,-1)
[+22:38:46.547] VoxelMesh: Chunk X=3 Y=-3 Z=4 FlatVerts=1278 SlopeVerts=1242
[+22:38:46.548] VoxelChunk: GenerateAsync (5,-23,1)
[+22:38:46.549] VoxelMesh: Chunk X=3 Y=-27 Z=-1 FlatVerts=0 SlopeVerts=0
[+22:38:46.549] VoxelMesh: Chunk X=5 Y=-23 Z=1 FlatVerts=1278 SlopeVerts=1242
[+22:38:46.549] VoxelMesh: Chunk X=-3 Y=-2 Z=4 FlatVerts=0 SlopeVerts=0
[+22:38:46.550] VoxelChunk: GenerateAsync (7,-27,-1)
[+22:38:46.551] VoxelMesh: Chunk X=7 Y=-27 Z=-1 FlatVerts=0 SlopeVerts=0
[+22:38:46.551] VoxelMesh: Chunk X=-2 Y=-2 Z=4 FlatVerts=0 SlopeVerts=0
[+22:38:46.552] VoxelChunk: GenerateAsync (5,-27,-3)
[+22:38:46.553] VoxelMesh: Chunk X=5 Y=-27 Z=-3 FlatVerts=0 SlopeVerts=0
[+22:38:46.563] VoxelChunk: GenerateAsync (7,-27,-1)
[+22:38:46.563] VoxelChunk: GenerateAsync (5,-23,1)
[+22:38:46.563] VoxelChunk: GenerateAsync (3,-27,-1)
[+22:38:46.563] VoxelChunk: GenerateAsync (3,-24,0)
[+22:38:46.563] VoxelChunk: GenerateAsync (6,-24,1)
[+22:38:46.563] VoxelChunk: GenerateAsync (4,-24,1)
[+22:38:46.563] VoxelChunk: GenerateAsync (6,-26,1)
[+22:38:46.563] VoxelChunk: GenerateAsync (4,-23,0)
[+22:38:46.563] VoxelChunk: GenerateAsync (7,-26,0)
[+22:38:46.563] VoxelChunk: GenerateAsync (4,-27,0)
[+22:38:46.563] VoxelChunk: GenerateAsync (6,-23,0)
[+22:38:46.563] VoxelChunk: GenerateAsync (6,-23,-2)
[+22:38:46.563] VoxelChunk: GenerateAsync (6,-27,0)
[+22:38:46.563] VoxelChunk: GenerateAsync (7,-24,0)
[+22:38:46.563] VoxelChunk: GenerateAsync (3,-26,0)
[+22:38:46.563] VoxelChunk: GenerateAsync (7,-24,-2)
[+22:38:46.563] VoxelChunk: GenerateAsync (4,-26,1)
[+22:38:46.563] VoxelChunk: GenerateAsync (4,-25,1)
[+22:38:46.563] VoxelChunk: GenerateAsync (3,-24,-1)
[+22:38:46.563] VoxelChunk: GenerateAsync (7,-24,-1)
[+22:38:46.563] VoxelChunk: GenerateAsync (4,-23,-1)
[+22:38:46.563] VoxelChunk: GenerateAsync (5,-24,1)
[+22:38:46.563] VoxelChunk: GenerateAsync (4,-26,3)
[+22:38:46.563] VoxelChunk: GenerateAsync (4,-25,3)
[+22:38:46.563] VoxelChunk: GenerateAsync (4,-24,-1)
[+22:38:46.563] VoxelChunk: GenerateAsync (4,-24,3)
[+22:38:46.563] VoxelChunk: GenerateAsync (5,-26,3)
[+22:38:46.563] VoxelChunk: GenerateAsync (5,-25,3)
[+22:38:46.563] VoxelChunk: GenerateAsync (5,-24,-1)
[+22:38:46.563] VoxelChunk: GenerateAsync (5,-24,3)
[+22:38:46.563] VoxelChunk: GenerateAsync (6,-26,-1)
[+22:38:46.563] VoxelChunk: GenerateAsync (6,-26,3)
[+22:38:46.563] VoxelChunk: GenerateAsync (6,-25,-1)
[+22:38:46.563] VoxelChunk: GenerateAsync (6,-25,3)
[+22:38:46.563] VoxelChunk: GenerateAsync (6,-24,-1)
[+22:38:46.563] VoxelChunk: GenerateAsync (6,-24,3)
[+22:38:46.563] VoxelChunk: GenerateAsync (4,-27,-1)
[+22:38:46.563] VoxelChunk: GenerateAsync (6,-23,-1)
[+22:38:46.563] VoxelChunk: GenerateAsync (6,-27,-1)
[+22:38:46.563] VoxelChunk: GenerateAsync (5,-27,0)
[+22:38:46.563] VoxelChunk: GenerateAsync (3,-26,-1)
[+22:38:46.563] VoxelChunk: GenerateAsync (5,-26,1)
[+22:38:46.563] VoxelChunk: GenerateAsync (6,-25,1)
[+22:38:46.563] VoxelChunk: GenerateAsync (7,-26,-1)
[+22:38:46.564] VoxelChunk: GenerateAsync (7,-25,0)
[+22:38:46.564] VoxelChunk: GenerateAsync (3,-25,0)
[+22:38:46.564] VoxelMesh: Chunk X=5 Y=-23 Z=1 FlatVerts=336 SlopeVerts=252
[+22:38:46.564] VoxelChunk: GenerateAsync (5,-23,0)
[+22:38:46.564] VoxelChunk: GenerateAsync (5,-23,-1)
[+22:38:46.564] VoxelChunk: GenerateAsync (5,-27,-1)
[+22:38:46.564] VoxelChunk: GenerateAsync (3,-25,-1)
[+22:38:46.564] VoxelChunk: GenerateAsync (7,-25,-1)
[+22:38:46.564] VoxelChunk: GenerateAsync (5,-25,1)
[+22:38:46.564] VoxelChunk: GenerateAsync (6,-24,0)
[+22:38:46.564] VoxelChunk: GenerateAsync (4,-24,0)
[+22:38:46.564] VoxelChunk: GenerateAsync (6,-26,0)
[+22:38:46.564] VoxelChunk: GenerateAsync (4,-26,0)
[+22:38:46.564] VoxelChunk: GenerateAsync (4,-25,0)
[+22:38:46.564] VoxelChunk: GenerateAsync (5,-24,0)
[+22:38:46.564] VoxelMesh: Chunk X=6 Y=-26 Z=1 FlatVerts=318 SlopeVerts=192
[+22:38:46.564] VoxelChunk: GenerateAsync (6,-25,0)
[+22:38:46.564] VoxelChunk: GenerateAsync (5,-26,0)
[+22:38:46.564] VoxelChunk: GenerateAsync (5,-25,0)
[+22:38:46.564] VoxelMesh: Chunk X=4 Y=-24 Z=1 FlatVerts=6 SlopeVerts=72
[+22:38:46.564] VoxelMesh: Chunk X=6 Y=-24 Z=1 FlatVerts=108 SlopeVerts=276
[+22:38:46.564] VoxelMesh: Chunk X=7 Y=-26 Z=0 FlatVerts=0 SlopeVerts=0
[+22:38:46.564] VoxelMesh: Chunk X=7 Y=-27 Z=-1 FlatVerts=0 SlopeVerts=0
[+22:38:46.564] VoxelMesh: Chunk X=6 Y=-23 Z=0 FlatVerts=0 SlopeVerts=0
[+22:38:46.564] VoxelMesh: Chunk X=6 Y=-27 Z=0 FlatVerts=0 SlopeVerts=0
[+22:38:46.564] VoxelMesh: Chunk X=4 Y=-23 Z=0 FlatVerts=0 SlopeVerts=0
[+22:38:46.564] VoxelMesh: Chunk X=3 Y=-27 Z=-1 FlatVerts=0 SlopeVerts=0
[+22:38:46.565] VoxelMesh: Chunk X=4 Y=-27 Z=0 FlatVerts=0 SlopeVerts=0
[+22:38:46.565] VoxelMesh: Chunk X=3 Y=-24 Z=0 FlatVerts=0 SlopeVerts=0
[+22:38:46.565] VoxelMesh: Chunk X=1 Y=0 Z=4 FlatVerts=840 SlopeVerts=1254
[+22:38:46.565] VoxelMesh: Chunk X=4 Y=-26 Z=1 FlatVerts=540 SlopeVerts=126
[+22:38:46.565] VoxelMesh: Chunk X=4 Y=-25 Z=1 FlatVerts=30 SlopeVerts=126
[+22:38:46.565] VoxelMesh: Chunk X=6 Y=-23 Z=-2 FlatVerts=0 SlopeVerts=0
[+22:38:46.565] VoxelMesh: Chunk X=3 Y=-26 Z=0 FlatVerts=0 SlopeVerts=0
[+22:38:46.565] VoxelChunk: GenerateAsync (5,-27,1)
[+22:38:46.566] VoxelMesh: Chunk X=7 Y=-24 Z=0 FlatVerts=0 SlopeVerts=0
[+22:38:46.566] VoxelMesh: Chunk X=4 Y=-26 Z=3 FlatVerts=0 SlopeVerts=0
[+22:38:46.566] VoxelMesh: Chunk X=7 Y=-24 Z=-2 FlatVerts=0 SlopeVerts=0
[+22:38:46.566] VoxelMesh: Chunk X=5 Y=-24 Z=1 FlatVerts=114 SlopeVerts=288
[+22:38:46.566] VoxelMesh: Chunk X=4 Y=-25 Z=3 FlatVerts=36 SlopeVerts=186
[+22:38:46.566] VoxelMesh: Chunk X=3 Y=-24 Z=-1 FlatVerts=0 SlopeVerts=0
[+22:38:46.566] VoxelMesh: Chunk X=4 Y=-24 Z=3 FlatVerts=72 SlopeVerts=108
[+22:38:46.566] VoxelMesh: Chunk X=5 Y=-25 Z=3 FlatVerts=36 SlopeVerts=96
[+22:38:46.566] VoxelMesh: Chunk X=5 Y=-26 Z=3 FlatVerts=0 SlopeVerts=0
[+22:38:46.566] VoxelMesh: Chunk X=7 Y=-24 Z=-1 FlatVerts=0 SlopeVerts=0
[+22:38:46.566] VoxelMesh: Chunk X=6 Y=-26 Z=3 FlatVerts=0 SlopeVerts=36
[+22:38:46.566] VoxelMesh: Chunk X=5 Y=-24 Z=3 FlatVerts=0 SlopeVerts=6
[+22:38:46.566] VoxelMesh: Chunk X=6 Y=-25 Z=3 FlatVerts=0 SlopeVerts=180
[+22:38:46.566] VoxelMesh: Chunk X=4 Y=-23 Z=-1 FlatVerts=0 SlopeVerts=0
[+22:38:46.567] VoxelMesh: Chunk X=6 Y=-24 Z=3 FlatVerts=0 SlopeVerts=156
[+22:38:46.567] VoxelMesh: Chunk X=4 Y=-24 Z=-1 FlatVerts=0 SlopeVerts=0
[+22:38:46.568] VoxelMesh: Chunk X=6 Y=-26 Z=-1 FlatVerts=0 SlopeVerts=0
[+22:38:46.568] VoxelMesh: Chunk X=5 Y=-24 Z=-1 FlatVerts=0 SlopeVerts=0
[+22:38:46.568] VoxelMesh: Chunk X=6 Y=-25 Z=-1 FlatVerts=0 SlopeVerts=0
[+22:38:46.568] VoxelMesh: Chunk X=5 Y=-27 Z=0 FlatVerts=0 SlopeVerts=0
[+22:38:46.568] VoxelMesh: Chunk X=6 Y=-24 Z=-1 FlatVerts=0 SlopeVerts=0
[+22:38:46.568] VoxelMesh: Chunk X=6 Y=-23 Z=-1 FlatVerts=0 SlopeVerts=0
[+22:38:46.568] VoxelMesh: Chunk X=6 Y=-27 Z=-1 FlatVerts=0 SlopeVerts=0
[+22:38:46.568] VoxelMesh: Chunk X=2 Y=0 Z=4 FlatVerts=0 SlopeVerts=0
[+22:38:46.568] VoxelMesh: Chunk X=4 Y=-27 Z=-1 FlatVerts=0 SlopeVerts=0
[+22:38:46.569] VoxelMesh: Chunk X=5 Y=-26 Z=1 FlatVerts=558 SlopeVerts=120
[+22:38:46.569] VoxelChunk: GenerateAsync (7,-25,-3)
[+22:38:46.569] VoxelMesh: Chunk X=5 Y=-23 Z=0 FlatVerts=0 SlopeVerts=0
[+22:38:46.569] VoxelMesh: Chunk X=3 Y=-26 Z=-1 FlatVerts=0 SlopeVerts=0
[+22:38:46.569] VoxelMesh: Chunk X=6 Y=-25 Z=1 FlatVerts=0 SlopeVerts=0
[+22:38:46.569] VoxelMesh: Chunk X=7 Y=-26 Z=-1 FlatVerts=0 SlopeVerts=0
[+22:38:46.570] VoxelMesh: Chunk X=7 Y=-25 Z=0 FlatVerts=0 SlopeVerts=0
[+22:38:46.570] VoxelMesh: Chunk X=3 Y=-25 Z=0 FlatVerts=0 SlopeVerts=0
[+22:38:46.570] VoxelMesh: Chunk X=5 Y=-23 Z=-1 FlatVerts=0 SlopeVerts=0
[+22:38:46.570] VoxelMesh: Chunk X=5 Y=-25 Z=1 FlatVerts=42 SlopeVerts=114
[+22:38:46.570] VoxelMesh: Chunk X=5 Y=-27 Z=-1 FlatVerts=0 SlopeVerts=0
[+22:38:46.570] VoxelMesh: Chunk X=4 Y=-26 Z=0 FlatVerts=0 SlopeVerts=0
[+22:38:46.570] VoxelMesh: Chunk X=6 Y=-24 Z=0 FlatVerts=0 SlopeVerts=0
[+22:38:46.571] VoxelMesh: Chunk X=6 Y=-26 Z=0 FlatVerts=0 SlopeVerts=0
[+22:38:46.571] VoxelMesh: Chunk X=7 Y=-25 Z=-1 FlatVerts=0 SlopeVerts=0
[+22:38:46.571] VoxelMesh: Chunk X=3 Y=-25 Z=-1 FlatVerts=0 SlopeVerts=0
[+22:38:46.571] VoxelMesh: Chunk X=5 Y=-26 Z=0 FlatVerts=0 SlopeVerts=0
[+22:38:46.571] VoxelMesh: Chunk X=4 Y=-24 Z=0 FlatVerts=0 SlopeVerts=0
[+22:38:46.571] VoxelMesh: Chunk X=5 Y=-24 Z=0 FlatVerts=0 SlopeVerts=0
[+22:38:46.571] VoxelMesh: Chunk X=3 Y=0 Z=4 FlatVerts=0 SlopeVerts=0
[+22:38:46.571] VoxelChunk: GenerateAsync (3,-23,-1)
[+22:38:46.571] VoxelMesh: Chunk X=5 Y=-25 Z=0 FlatVerts=0 SlopeVerts=0
[+22:38:46.571] VoxelMesh: Chunk X=4 Y=-25 Z=0 FlatVerts=0 SlopeVerts=0
[+22:38:46.572] VoxelMesh: Chunk X=6 Y=-25 Z=0 FlatVerts=0 SlopeVerts=0
[+22:38:46.573] VoxelMesh: Chunk X=5 Y=-27 Z=1 FlatVerts=840 SlopeVerts=1254
[+22:38:46.573] VoxelMesh: Chunk X=-3 Y=1 Z=4 FlatVerts=0 SlopeVerts=0
[+22:38:46.573] VoxelChunk: GenerateAsync (7,-25,1)
[+22:38:46.574] VoxelMesh: Chunk X=7 Y=-25 Z=-3 FlatVerts=0 SlopeVerts=0
[+22:38:46.574] VoxelMesh: Chunk X=3 Y=-23 Z=-1 FlatVerts=0 SlopeVerts=0
[+22:38:46.575] VoxelMesh: Chunk X=7 Y=-25 Z=1 FlatVerts=0 SlopeVerts=0
[+22:38:46.592] VoxelMesh: Chunk X=0 Y=0 Z=0 FlatVerts=0 SlopeVerts=0
[+22:38:46.593] VoxelChunk: GenerateAsync (0,2,3)
[+22:38:46.595] VoxelMesh: Chunk X=0 Y=2 Z=3 FlatVerts=0 SlopeVerts=0
[+22:38:46.596] VoxelMesh: Chunk X=-2 Y=1 Z=4 FlatVerts=0 SlopeVerts=0
[+22:38:46.596] VoxelChunk: GenerateAsync (7,-23,-1)
[+22:38:46.598] VoxelMesh: Chunk X=-1 Y=1 Z=4 FlatVerts=0 SlopeVerts=0
[+22:38:46.598] VoxelChunk: GenerateAsync (3,-25,-3)
[+22:38:46.599] VoxelMesh: Chunk X=7 Y=-23 Z=-1 FlatVerts=0 SlopeVerts=0
[+22:38:46.599] VoxelMesh: Chunk X=0 Y=1 Z=4 FlatVerts=0 SlopeVerts=0
[+22:38:46.600] VoxelMesh: Chunk X=3 Y=-25 Z=-3 FlatVerts=0 SlopeVerts=0
[+22:38:46.600] VoxelChunk: GenerateAsync (5,-23,-3)
[+22:38:46.601] VoxelMesh: Chunk X=1 Y=1 Z=4 FlatVerts=0 SlopeVerts=0
[+22:38:46.601] VoxelChunk: GenerateAsync (3,-25,1)
[+22:38:46.602] VoxelMesh: Chunk X=5 Y=-23 Z=-3 FlatVerts=0 SlopeVerts=0
[+22:38:46.603] VoxelMesh: Chunk X=3 Y=-25 Z=1 FlatVerts=0 SlopeVerts=0
[+22:38:46.613] VoxelMesh: Chunk X=2 Y=1 Z=4 FlatVerts=0 SlopeVerts=0
[+22:38:46.613] VoxelChunk: GenerateAsync (5,-25,-4)
[+22:38:46.614] VoxelMesh: Chunk X=3 Y=1 Z=4 FlatVerts=1920 SlopeVerts=12
[+22:38:46.615] VoxelMesh: Chunk X=5 Y=-25 Z=-4 FlatVerts=0 SlopeVerts=0
[+22:38:46.615] VoxelChunk: GenerateAsync (6,-23,1)
[+22:38:46.617] VoxelMesh: Chunk X=6 Y=-23 Z=1 FlatVerts=1920 SlopeVerts=12
[+22:38:46.617] VoxelMesh: Chunk X=-3 Y=2 Z=4 FlatVerts=0 SlopeVerts=0
[+22:38:46.617] VoxelChunk: GenerateAsync (8,-25,-1)
[+22:38:46.618] VoxelMesh: Chunk X=-2 Y=2 Z=4 FlatVerts=906 SlopeVerts=1110
[+22:38:46.619] VoxelChunk: GenerateAsync (7,-26,1)
[+22:38:46.619] VoxelMesh: Chunk X=8 Y=-25 Z=-1 FlatVerts=0 SlopeVerts=0
[+22:38:46.620] VoxelMesh: Chunk X=7 Y=-26 Z=1 FlatVerts=906 SlopeVerts=1110
[+22:38:46.631] VoxelMesh: Chunk X=-1 Y=2 Z=4 FlatVerts=0 SlopeVerts=0
[+22:38:46.632] VoxelChunk: GenerateAsync (3,-24,1)
[+22:38:46.633] VoxelMesh: Chunk X=0 Y=2 Z=4 FlatVerts=270 SlopeVerts=474
[+22:38:46.633] VoxelChunk: GenerateAsync (3,-26,1)
[+22:38:46.633] VoxelMesh: Chunk X=3 Y=-24 Z=1 FlatVerts=0 SlopeVerts=0
[+22:38:46.635] VoxelMesh: Chunk X=3 Y=-26 Z=1 FlatVerts=270 SlopeVerts=474
[+22:38:46.635] VoxelMesh: Chunk X=1 Y=2 Z=4 FlatVerts=1878 SlopeVerts=660
[+22:38:46.635] VoxelChunk: GenerateAsync (6,-27,1)
[+22:38:46.636] VoxelMesh: Chunk X=2 Y=2 Z=4 FlatVerts=174 SlopeVerts=738
[+22:38:46.636] VoxelMesh: Chunk X=6 Y=-27 Z=1 FlatVerts=1878 SlopeVerts=660
[+22:38:46.636] VoxelChunk: GenerateAsync (4,-27,1)
[+22:38:46.637] VoxelMesh: Chunk X=4 Y=-27 Z=1 FlatVerts=174 SlopeVerts=738
[+22:38:46.646] VoxelMesh: Chunk X=3 Y=2 Z=4 FlatVerts=0 SlopeVerts=0
[+22:38:46.647] VoxelChunk: GenerateAsync (7,-23,0)
[+22:38:46.648] VoxelMesh: Chunk X=-3 Y=3 Z=4 FlatVerts=0 SlopeVerts=0
[+22:38:46.649] VoxelMesh: Chunk X=7 Y=-23 Z=0 FlatVerts=0 SlopeVerts=0
[+22:38:46.649] VoxelChunk: GenerateAsync (3,-23,0)
[+22:38:46.651] VoxelMesh: Chunk X=-2 Y=3 Z=4 FlatVerts=0 SlopeVerts=90
[+22:38:46.651] VoxelChunk: GenerateAsync (7,-24,1)
[+22:38:46.651] VoxelMesh: Chunk X=-1 Y=3 Z=4 FlatVerts=0 SlopeVerts=0
[+22:38:46.652] VoxelChunk: GenerateAsync (7,-27,0)
[+22:38:46.652] VoxelMesh: Chunk X=7 Y=-24 Z=1 FlatVerts=0 SlopeVerts=90
[+22:38:46.652] VoxelMesh: Chunk X=7 Y=-27 Z=0 FlatVerts=0 SlopeVerts=0
[+22:38:46.652] VoxelMesh: Chunk X=3 Y=-23 Z=0 FlatVerts=0 SlopeVerts=0
[+22:38:46.661] VoxelMesh: Chunk X=0 Y=3 Z=4 FlatVerts=48 SlopeVerts=192
[+22:38:46.661] VoxelChunk: GenerateAsync (4,-23,1)
[+22:38:46.663] VoxelMesh: Chunk X=4 Y=-23 Z=1 FlatVerts=48 SlopeVerts=192
[+22:38:46.663] VoxelMesh: Chunk X=1 Y=3 Z=4 FlatVerts=0 SlopeVerts=0
[+22:38:46.663] VoxelChunk: GenerateAsync (3,-27,0)
[+22:38:46.665] VoxelMesh: Chunk X=3 Y=-27 Z=0 FlatVerts=0 SlopeVerts=0
[+22:38:46.665] VoxelMesh: Chunk X=2 Y=3 Z=4 FlatVerts=0 SlopeVerts=0
[+22:38:46.665] VoxelChunk: GenerateAsync (5,-22,-1)
[+22:38:46.667] VoxelMesh: Chunk X=3 Y=3 Z=4 FlatVerts=0 SlopeVerts=0
[+22:38:46.667] VoxelChunk: GenerateAsync (3,-26,-3)
[+22:38:46.668] VoxelMesh: Chunk X=5 Y=-22 Z=-1 FlatVerts=0 SlopeVerts=0
[+22:38:46.669] VoxelMesh: Chunk X=3 Y=-26 Z=-3 FlatVerts=0 SlopeVerts=0
[+22:38:46.678] VoxelMesh: Chunk X=-1 Y=-2 Z=4 FlatVerts=0 SlopeVerts=0
[+22:38:46.678] VoxelChunk: GenerateAsync (2,-25,-1)
[+22:38:46.680] VoxelMesh: Chunk X=0 Y=-2 Z=4 FlatVerts=0 SlopeVerts=0
[+22:38:46.680] VoxelMesh: Chunk X=2 Y=-25 Z=-1 FlatVerts=0 SlopeVerts=0
[+22:38:46.680] VoxelChunk: GenerateAsync (5,-28,-1)
[+22:38:46.682] VoxelMesh: Chunk X=5 Y=-28 Z=-1 FlatVerts=0 SlopeVerts=0
[+22:38:46.682] VoxelMesh: Chunk X=1 Y=-2 Z=4 FlatVerts=0 SlopeVerts=0
[+22:38:46.682] VoxelChunk: GenerateAsync (7,-23,-2)
[+22:38:46.684] VoxelMesh: Chunk X=2 Y=-2 Z=4 FlatVerts=0 SlopeVerts=0
[+22:38:46.684] VoxelMesh: Chunk X=7 Y=-23 Z=-2 FlatVerts=0 SlopeVerts=0
[+22:38:46.685] VoxelChunk: GenerateAsync (3,-23,-2)
[+22:38:46.686] VoxelMesh: Chunk X=3 Y=-23 Z=-2 FlatVerts=0 SlopeVerts=0
[+22:38:46.701] VoxelMesh: Chunk X=0 Y=0 Z=0 FlatVerts=156 SlopeVerts=35526
[+22:38:46.734] VoxelChunk: GenerateAsync (0,-3,3)
[+22:38:46.736] VoxelMesh: Chunk X=0 Y=-3 Z=3 FlatVerts=12 SlopeVerts=5172
[+22:38:46.737] VoxelMesh: Chunk X=3 Y=-2 Z=4 FlatVerts=0 SlopeVerts=0
[+22:38:46.738] VoxelChunk: GenerateAsync (7,-27,-2)
[+22:38:46.739] VoxelMesh: Chunk X=-3 Y=-1 Z=4 FlatVerts=0 SlopeVerts=0
[+22:38:46.740] VoxelMesh: Chunk X=7 Y=-27 Z=-2 FlatVerts=0 SlopeVerts=0
[+22:38:46.740] VoxelChunk: GenerateAsync (3,-27,-2)
[+22:38:46.742] VoxelMesh: Chunk X=-2 Y=-1 Z=4 FlatVerts=0 SlopeVerts=0
[+22:38:46.742] VoxelMesh: Chunk X=3 Y=-27 Z=-2 FlatVerts=0 SlopeVerts=0
[+22:38:46.742] VoxelChunk: GenerateAsync (6,-23,-3)
[+22:38:46.743] VoxelMesh: Chunk X=-1 Y=-1 Z=4 FlatVerts=0 SlopeVerts=0
[+22:38:46.744] VoxelChunk: GenerateAsync (4,-27,-3)
[+22:38:46.744] VoxelMesh: Chunk X=6 Y=-23 Z=-3 FlatVerts=0 SlopeVerts=0
[+22:38:46.746] VoxelMesh: Chunk X=4 Y=-27 Z=-3 FlatVerts=0 SlopeVerts=0
[+22:38:46.758] VoxelWater: Chunk X=5 Y=-23 Z=1 emitted 40 procedural water vertices (Ocean/Pools)
[+22:38:46.758] VoxelWater: Chunk X=6 Y=-24 Z=1 emitted 60 procedural water vertices (Ocean/Pools)
[+22:38:46.758] VoxelWater: Chunk X=4 Y=-24 Z=1 emitted 24 procedural water vertices (Ocean/Pools)
[+22:38:46.758] VoxelWater: Chunk X=6 Y=-26 Z=1 emitted 36 procedural water vertices (Ocean/Pools)
[+22:38:46.758] VoxelWater: Chunk X=4 Y=-26 Z=1 emitted 144 procedural water vertices (Ocean/Pools)
[+22:38:46.758] VoxelWater: Chunk X=5 Y=-25 Z=1 emitted 8 procedural water vertices (Ocean/Pools)
[+22:38:46.758] VoxelWater: Chunk X=4 Y=-25 Z=1 emitted 44 procedural water vertices (Ocean/Pools)
[+22:38:46.758] VoxelWater: Chunk X=4 Y=-26 Z=2 emitted 12 procedural water vertices (Ocean/Pools)
[+22:38:46.758] VoxelWater: Chunk X=4 Y=-25 Z=2 emitted 268 procedural water vertices (Ocean/Pools)
[+22:38:46.758] VoxelWater: Chunk X=4 Y=-25 Z=3 emitted 164 procedural water vertices (Ocean/Pools)
[+22:38:46.758] VoxelWater: Chunk X=5 Y=-25 Z=2 emitted 284 procedural water vertices (Ocean/Pools)
[+22:38:46.758] VoxelWater: Chunk X=4 Y=-24 Z=2 emitted 148 procedural water vertices (Ocean/Pools)
[+22:38:46.758] VoxelWater: Chunk X=4 Y=-24 Z=3 emitted 132 procedural water vertices (Ocean/Pools)
[+22:38:46.758] VoxelWater: Chunk X=5 Y=-24 Z=2 emitted 128 procedural water vertices (Ocean/Pools)
[+22:38:46.758] VoxelWater: Chunk X=5 Y=-25 Z=3 emitted 192 procedural water vertices (Ocean/Pools)
[+22:38:46.758] VoxelWater: Chunk X=6 Y=-25 Z=2 emitted 20 procedural water vertices (Ocean/Pools)
[+22:38:46.758] VoxelWater: Chunk X=5 Y=-24 Z=3 emitted 20 procedural water vertices (Ocean/Pools)
[+22:38:46.758] VoxelWater: Chunk X=6 Y=-24 Z=3 emitted 140 procedural water vertices (Ocean/Pools)
[+22:38:46.759] VoxelWater: Chunk X=5 Y=-24 Z=1 emitted 12 procedural water vertices (Ocean/Pools)
[+22:38:46.759] VoxelWater: Chunk X=6 Y=-26 Z=2 emitted 64 procedural water vertices (Ocean/Pools)
[+22:38:46.759] VoxelWater: Chunk X=6 Y=-26 Z=3 emitted 16 procedural water vertices (Ocean/Pools)
[+22:38:46.759] VoxelWater: Chunk X=6 Y=-25 Z=3 emitted 304 procedural water vertices (Ocean/Pools)
[+22:38:46.759] VoxelWater: Chunk X=6 Y=-24 Z=2 emitted 108 procedural water vertices (Ocean/Pools)
[+22:38:46.759] VoxelWater: Chunk X=5 Y=-26 Z=1 emitted 68 procedural water vertices (Ocean/Pools)
[+22:38:46.759] VoxelWater: Chunk X=4 Y=-27 Z=1 emitted 12 procedural water vertices (Ocean/Pools)
[+22:38:46.759] VoxelWater: Chunk X=6 Y=-27 Z=1 emitted 48 procedural water vertices (Ocean/Pools)
[+22:38:46.759] VoxelWater: Chunk X=3 Y=-26 Z=1 emitted 12 procedural water vertices (Ocean/Pools)
[+22:38:46.759] VoxelWater: Chunk X=7 Y=-26 Z=1 emitted 20 procedural water vertices (Ocean/Pools)
[+22:38:46.759] VoxelWater: Chunk X=5 Y=-27 Z=1 emitted 12 procedural water vertices (Ocean/Pools)
[+22:38:46.781] VoxelMesh: Chunk X=0 Y=0 Z=0 FlatVerts=0 SlopeVerts=0
[+22:38:46.782] VoxelChunk: GenerateAsync (4,-23,-3)
[+22:38:46.786] VoxelMesh: Chunk X=4 Y=-23 Z=-3 FlatVerts=0 SlopeVerts=0
[+22:38:46.789] VoxelMesh: Chunk X=0 Y=0 Z=0 FlatVerts=0 SlopeVerts=0
[+22:38:46.789] VoxelChunk: GenerateAsync (6,-27,-3)
[+22:38:46.796] VoxelMesh: Chunk X=6 Y=-27 Z=-3 FlatVerts=0 SlopeVerts=0
[+22:38:46.797] VoxelMesh: Chunk X=0 Y=0 Z=0 FlatVerts=0 SlopeVerts=0
[+22:38:46.797] VoxelChunk: GenerateAsync (7,-24,-3)
[+22:38:46.799] VoxelMesh: Chunk X=7 Y=-24 Z=-3 FlatVerts=0 SlopeVerts=0
[+22:38:46.804] VoxelMesh: Chunk X=0 Y=0 Z=0 FlatVerts=0 SlopeVerts=0
[+22:38:46.804] VoxelChunk: GenerateAsync (3,-24,-3)
[+22:38:46.806] VoxelMesh: Chunk X=3 Y=-24 Z=-3 FlatVerts=0 SlopeVerts=0
[+22:38:46.820] VoxelMesh: Chunk X=0 Y=0 Z=0 FlatVerts=0 SlopeVerts=0
[+22:38:46.820] VoxelChunk: GenerateAsync (7,-26,-3)
[+22:38:46.825] VoxelMesh: Chunk X=7 Y=-26 Z=-3 FlatVerts=0 SlopeVerts=0
[+22:38:46.825] VoxelMesh: Chunk X=0 Y=0 Z=0 FlatVerts=0 SlopeVerts=0
[+22:38:46.826] VoxelChunk: GenerateAsync (4,-28,-1)
[+22:38:46.828] VoxelMesh: Chunk X=4 Y=-28 Z=-1 FlatVerts=0 SlopeVerts=0
[+22:38:46.829] VoxelMesh: Chunk X=0 Y=0 Z=0 FlatVerts=3822 SlopeVerts=2934
[+22:38:46.830] VoxelChunk: GenerateAsync (2,-25,0)
[+22:38:46.835] VoxelMesh: Chunk X=2 Y=-25 Z=0 FlatVerts=0 SlopeVerts=0
[+22:38:46.836] VoxelMesh: Chunk X=0 Y=0 Z=0 FlatVerts=0 SlopeVerts=0
[+22:38:46.836] VoxelChunk: GenerateAsync (2,-25,-2)
[+22:38:46.839] VoxelMesh: Chunk X=2 Y=-25 Z=-2 FlatVerts=0 SlopeVerts=0
[+22:38:46.852] VoxelMesh: Chunk X=0 Y=0 Z=0 FlatVerts=72 SlopeVerts=40050
[+22:38:46.885] VoxelChunk: GenerateAsync (1,-2,3)
[+22:38:46.887] VoxelMesh: Chunk X=1 Y=-2 Z=3 FlatVerts=12 SlopeVerts=3810
[+22:38:46.896] VoxelMesh: Chunk X=0 Y=0 Z=0 FlatVerts=0 SlopeVerts=0
[+22:38:46.896] VoxelChunk: GenerateAsync (2,-26,-1)
[+22:38:46.898] VoxelMesh: Chunk X=2 Y=-26 Z=-1 FlatVerts=0 SlopeVerts=0
[+22:38:46.899] VoxelMesh: Chunk X=0 Y=0 Z=0 FlatVerts=7284 SlopeVerts=3558
[+22:38:46.901] VoxelChunk: GenerateAsync (5,-22,0)
[+22:38:46.902] VoxelMesh: Chunk X=5 Y=-22 Z=0 FlatVerts=0 SlopeVerts=0
[+22:38:46.907] VoxelMesh: Chunk X=0 Y=0 Z=0 FlatVerts=0 SlopeVerts=0
[+22:38:46.908] VoxelChunk: GenerateAsync (6,-25,-4)
[+22:38:46.911] VoxelMesh: Chunk X=6 Y=-25 Z=-4 FlatVerts=0 SlopeVerts=0
[+22:38:46.914] VoxelMesh: Chunk X=0 Y=0 Z=0 FlatVerts=0 SlopeVerts=0
[+22:38:46.915] VoxelChunk: GenerateAsync (5,-26,-4)
[+22:38:46.916] VoxelMesh: Chunk X=5 Y=-26 Z=-4 FlatVerts=0 SlopeVerts=0
[+22:38:46.934] VoxelMesh: Chunk X=0 Y=0 Z=0 FlatVerts=0 SlopeVerts=0
[+22:38:46.934] VoxelChunk: GenerateAsync (8,-26,-1)
[+22:38:46.936] VoxelMesh: Chunk X=8 Y=-26 Z=-1 FlatVerts=0 SlopeVerts=0
[+22:38:46.941] VoxelMesh: Chunk X=0 Y=0 Z=0 FlatVerts=0 SlopeVerts=0
[+22:38:46.941] VoxelChunk: GenerateAsync (5,-24,-4)
[+22:38:46.943] VoxelMesh: Chunk X=5 Y=-24 Z=-4 FlatVerts=0 SlopeVerts=0
[+22:38:46.947] VoxelMesh: Chunk X=0 Y=0 Z=0 FlatVerts=0 SlopeVerts=0
[+22:38:46.947] VoxelChunk: GenerateAsync (5,-28,-2)
[+22:38:46.950] VoxelMesh: Chunk X=5 Y=-28 Z=-2 FlatVerts=0 SlopeVerts=0
[+22:38:46.950] VoxelMesh: Chunk X=0 Y=0 Z=0 FlatVerts=3930 SlopeVerts=2958
[+22:38:46.951] VoxelChunk: GenerateAsync (5,-28,0)
[+22:38:46.952] VoxelMesh: Chunk X=5 Y=-28 Z=0 FlatVerts=0 SlopeVerts=0
[+22:38:46.966] VoxelMesh: Chunk X=0 Y=0 Z=0 FlatVerts=18 SlopeVerts=26178
[+22:38:46.988] VoxelChunk: GenerateAsync (2,-1,3)
[+22:38:46.990] VoxelMesh: Chunk X=2 Y=-1 Z=3 FlatVerts=0 SlopeVerts=0
[+22:38:46.997] VoxelMesh: Chunk X=0 Y=0 Z=0 FlatVerts=0 SlopeVerts=0
[+22:38:46.998] VoxelChunk: GenerateAsync (8,-25,-2)
[+22:38:47.000] VoxelMesh: Chunk X=8 Y=-25 Z=-2 FlatVerts=0 SlopeVerts=0
[+22:38:47.002] VoxelMesh: Chunk X=0 Y=0 Z=0 FlatVerts=0 SlopeVerts=0
[+22:38:47.002] VoxelChunk: GenerateAsync (4,-22,-1)
[+22:38:47.006] VoxelMesh: Chunk X=4 Y=-22 Z=-1 FlatVerts=0 SlopeVerts=0
[+22:38:47.007] VoxelMesh: Chunk X=0 Y=0 Z=0 FlatVerts=18 SlopeVerts=1440
[+22:38:47.007] VoxelChunk: GenerateAsync (8,-25,0)
[+22:38:47.010] VoxelMesh: Chunk X=8 Y=-25 Z=0 FlatVerts=0 SlopeVerts=0
[+22:38:47.013] VoxelMesh: Chunk X=0 Y=0 Z=0 FlatVerts=0 SlopeVerts=0
[+22:38:47.013] VoxelChunk: GenerateAsync (5,-22,-2)
[+22:38:47.015] VoxelMesh: Chunk X=5 Y=-22 Z=-2 FlatVerts=0 SlopeVerts=0
[+22:38:47.026] VoxelWater: Chunk X=5 Y=-23 Z=1 emitted 40 procedural water vertices (Ocean/Pools)
[+22:38:47.026] VoxelWater: Chunk X=6 Y=-24 Z=1 emitted 60 procedural water vertices (Ocean/Pools)
[+22:38:47.027] VoxelWater: Chunk X=4 Y=-24 Z=1 emitted 24 procedural water vertices (Ocean/Pools)
[+22:38:47.027] VoxelWater: Chunk X=6 Y=-26 Z=1 emitted 44 procedural water vertices (Ocean/Pools)
[+22:38:47.027] VoxelWater: Chunk X=4 Y=-26 Z=1 emitted 160 procedural water vertices (Ocean/Pools)
[+22:38:47.027] VoxelWater: Chunk X=5 Y=-25 Z=1 emitted 12 procedural water vertices (Ocean/Pools)
[+22:38:47.027] VoxelWater: Chunk X=4 Y=-25 Z=1 emitted 52 procedural water vertices (Ocean/Pools)
[+22:38:47.027] VoxelWater: Chunk X=5 Y=-24 Z=1 emitted 20 procedural water vertices (Ocean/Pools)
[+22:38:47.027] VoxelWater: Chunk X=4 Y=-26 Z=2 emitted 12 procedural water vertices (Ocean/Pools)
[+22:38:47.027] VoxelWater: Chunk X=4 Y=-25 Z=2 emitted 320 procedural water vertices (Ocean/Pools)
[+22:38:47.027] VoxelWater: Chunk X=4 Y=-25 Z=3 emitted 160 procedural water vertices (Ocean/Pools)
[+22:38:47.028] VoxelWater: Chunk X=5 Y=-25 Z=2 emitted 356 procedural water vertices (Ocean/Pools)
[+22:38:47.028] VoxelWater: Chunk X=4 Y=-24 Z=2 emitted 180 procedural water vertices (Ocean/Pools)
[+22:38:47.028] VoxelWater: Chunk X=4 Y=-24 Z=3 emitted 120 procedural water vertices (Ocean/Pools)
[+22:38:47.028] VoxelWater: Chunk X=5 Y=-24 Z=2 emitted 136 procedural water vertices (Ocean/Pools)
[+22:38:47.028] VoxelWater: Chunk X=5 Y=-25 Z=3 emitted 168 procedural water vertices (Ocean/Pools)
[+22:38:47.028] VoxelWater: Chunk X=6 Y=-25 Z=2 emitted 28 procedural water vertices (Ocean/Pools)
[+22:38:47.028] VoxelWater: Chunk X=5 Y=-24 Z=3 emitted 20 procedural water vertices (Ocean/Pools)
[+22:38:47.028] VoxelWater: Chunk X=6 Y=-24 Z=3 emitted 152 procedural water vertices (Ocean/Pools)
[+22:38:47.028] VoxelWater: Chunk X=6 Y=-26 Z=2 emitted 60 procedural water vertices (Ocean/Pools)
[+22:38:47.028] VoxelWater: Chunk X=6 Y=-26 Z=3 emitted 16 procedural water vertices (Ocean/Pools)
[+22:38:47.028] VoxelWater: Chunk X=6 Y=-25 Z=3 emitted 328 procedural water vertices (Ocean/Pools)
[+22:38:47.028] VoxelWater: Chunk X=6 Y=-24 Z=2 emitted 120 procedural water vertices (Ocean/Pools)
[+22:38:47.028] VoxelWater: Chunk X=5 Y=-26 Z=1 emitted 68 procedural water vertices (Ocean/Pools)
[+22:38:47.028] VoxelWater: Chunk X=6 Y=-25 Z=1 emitted 8 procedural water vertices (Ocean/Pools)
[+22:38:47.028] VoxelWater: Chunk X=4 Y=-27 Z=1 emitted 16 procedural water vertices (Ocean/Pools)
[+22:38:47.028] VoxelWater: Chunk X=6 Y=-27 Z=1 emitted 68 procedural water vertices (Ocean/Pools)
[+22:38:47.028] VoxelWater: Chunk X=3 Y=-26 Z=1 emitted 16 procedural water vertices (Ocean/Pools)
[+22:38:47.028] VoxelWater: Chunk X=7 Y=-26 Z=1 emitted 20 procedural water vertices (Ocean/Pools)
[+22:38:47.028] VoxelWater: Chunk X=5 Y=-27 Z=1 emitted 16 procedural water vertices (Ocean/Pools)
[+22:38:47.043] VoxelMesh: Chunk X=0 Y=0 Z=0 FlatVerts=0 SlopeVerts=0
[+22:38:47.044] VoxelChunk: GenerateAsync (4,-25,-4)
[+22:38:47.046] VoxelMesh: Chunk X=4 Y=-25 Z=-4 FlatVerts=0 SlopeVerts=0
[+22:38:47.048] VoxelMesh: Chunk X=0 Y=0 Z=0 FlatVerts=0 SlopeVerts=0
[+22:38:47.048] VoxelChunk: GenerateAsync (8,-24,-1)
[+22:38:47.050] VoxelMesh: Chunk X=8 Y=-24 Z=-1 FlatVerts=0 SlopeVerts=0
[+22:38:47.051] VoxelMesh: Chunk X=0 Y=0 Z=0 FlatVerts=0 SlopeVerts=0
[+22:38:47.052] VoxelChunk: GenerateAsync (6,-22,-1)
[+22:38:47.054] VoxelMesh: Chunk X=6 Y=-22 Z=-1 FlatVerts=0 SlopeVerts=0
[+22:38:47.056] VoxelMesh: Chunk X=0 Y=0 Z=0 FlatVerts=0 SlopeVerts=0
[+22:38:47.056] VoxelChunk: GenerateAsync (6,-28,-1)
[+22:38:47.057] VoxelMesh: Chunk X=6 Y=-28 Z=-1 FlatVerts=0 SlopeVerts=0
[+22:38:47.069] VoxelMesh: Chunk X=0 Y=0 Z=0 FlatVerts=0 SlopeVerts=0
[+22:38:47.069] VoxelChunk: GenerateAsync (-3,0,3)
[+22:38:47.070] VoxelMesh: Chunk X=-3 Y=0 Z=3 FlatVerts=0 SlopeVerts=1560
[+22:38:47.074] VoxelChunk: GenerateAsync (6,-23,-3)
[+22:38:47.074] VoxelChunk: GenerateAsync (3,-27,-2)
[+22:38:47.074] VoxelChunk: GenerateAsync (7,-27,-2)
[+22:38:47.074] VoxelChunk: GenerateAsync (3,-23,-2)
[+22:38:47.074] VoxelChunk: GenerateAsync (7,-23,-2)
[+22:38:47.074] VoxelChunk: GenerateAsync (3,-26,-2)
[+22:38:47.074] VoxelChunk: GenerateAsync (6,-27,-2)
[+22:38:47.074] VoxelChunk: GenerateAsync (7,-26,-2)
[+22:38:47.074] VoxelChunk: GenerateAsync (4,-27,-2)
[+22:38:47.074] VoxelChunk: GenerateAsync (3,-24,-2)
[+22:38:47.074] VoxelChunk: GenerateAsync (4,-23,-2)
[+22:38:47.074] VoxelChunk: GenerateAsync (7,-25,-2)
[+22:38:47.074] VoxelChunk: GenerateAsync (3,-25,-2)
[+22:38:47.074] VoxelChunk: GenerateAsync (4,-26,2)
[+22:38:47.074] VoxelChunk: GenerateAsync (4,-25,2)
[+22:38:47.074] VoxelChunk: GenerateAsync (4,-24,2)
[+22:38:47.074] VoxelChunk: GenerateAsync (5,-26,2)
[+22:38:47.074] VoxelChunk: GenerateAsync (5,-25,2)
[+22:38:47.074] VoxelChunk: GenerateAsync (5,-24,2)
[+22:38:47.074] VoxelChunk: GenerateAsync (6,-26,2)
[+22:38:47.074] VoxelChunk: GenerateAsync (6,-25,2)
[+22:38:47.074] VoxelChunk: GenerateAsync (6,-24,2)
[+22:38:47.074] VoxelChunk: GenerateAsync (5,-27,-2)
[+22:38:47.074] VoxelChunk: GenerateAsync (5,-23,-2)
[+22:38:47.074] VoxelChunk: GenerateAsync (4,-26,-2)
[+22:38:47.074] VoxelChunk: GenerateAsync (4,-24,-2)
[+22:38:47.074] VoxelChunk: GenerateAsync (6,-24,-2)
[+22:38:47.074] VoxelChunk: GenerateAsync (6,-26,-2)
[+22:38:47.074] VoxelChunk: GenerateAsync (6,-25,-2)
[+22:38:47.074] VoxelChunk: GenerateAsync (4,-25,-2)
[+22:38:47.074] VoxelChunk: GenerateAsync (5,-24,-2)
[+22:38:47.074] VoxelChunk: GenerateAsync (5,-26,-2)
[+22:38:47.074] VoxelChunk: GenerateAsync (5,-25,-2)
[+22:38:47.074] VoxelChunk: GenerateAsync (3,-27,0)
[+22:38:47.074] VoxelChunk: GenerateAsync (4,-23,1)
[+22:38:47.074] VoxelChunk: GenerateAsync (7,-27,0)
[+22:38:47.074] VoxelChunk: GenerateAsync (7,-24,1)
[+22:38:47.074] VoxelChunk: GenerateAsync (3,-23,0)
[+22:38:47.074] VoxelChunk: GenerateAsync (7,-23,0)
[+22:38:47.074] VoxelChunk: GenerateAsync (4,-27,1)
[+22:38:47.074] VoxelChunk: GenerateAsync (6,-27,1)
[+22:38:47.075] VoxelChunk: GenerateAsync (3,-26,1)
[+22:38:47.075] VoxelChunk: GenerateAsync (3,-24,1)
[+22:38:47.075] VoxelChunk: GenerateAsync (7,-26,1)
[+22:38:47.075] VoxelChunk: GenerateAsync (6,-23,1)
[+22:38:47.075] VoxelChunk: GenerateAsync (3,-25,1)
[+22:38:47.075] VoxelChunk: GenerateAsync (5,-23,-3)
[+22:38:47.075] VoxelChunk: GenerateAsync (7,-25,1)
[+22:38:47.075] VoxelChunk: GenerateAsync (7,-25,-3)
[+22:38:47.075] VoxelChunk: GenerateAsync (5,-27,1)
[+22:38:47.075] VoxelChunk: GenerateAsync (4,-23,-3)
[+22:38:47.075] VoxelChunk: GenerateAsync (7,-24,-3)
[+22:38:47.075] VoxelChunk: GenerateAsync (7,-26,-3)
[+22:38:47.075] VoxelChunk: GenerateAsync (2,-25,0)
[+22:38:47.075] VoxelMesh: Chunk X=6 Y=-23 Z=-3 FlatVerts=0 SlopeVerts=0
[+22:38:47.075] VoxelChunk: GenerateAsync (2,-25,-2)
[+22:38:47.075] VoxelChunk: GenerateAsync (5,-22,0)
[+22:38:47.075] VoxelChunk: GenerateAsync (5,-28,-2)
[+22:38:47.075] VoxelChunk: GenerateAsync (5,-28,0)
[+22:38:47.075] VoxelChunk: GenerateAsync (8,-25,-2)
[+22:38:47.075] VoxelChunk: GenerateAsync (8,-25,0)
[+22:38:47.075] VoxelChunk: GenerateAsync (5,-22,-2)
[+22:38:47.075] VoxelMesh: Chunk X=3 Y=-27 Z=-2 FlatVerts=0 SlopeVerts=0
[+22:38:47.075] VoxelMesh: Chunk X=7 Y=-27 Z=-2 FlatVerts=0 SlopeVerts=0
[+22:38:47.076] VoxelMesh: Chunk X=7 Y=-23 Z=-2 FlatVerts=0 SlopeVerts=0
[+22:38:47.076] VoxelMesh: Chunk X=3 Y=-23 Z=-2 FlatVerts=0 SlopeVerts=0
[+22:38:47.076] VoxelMesh: Chunk X=3 Y=-26 Z=-2 FlatVerts=0 SlopeVerts=0
[+22:38:47.076] VoxelMesh: Chunk X=7 Y=-26 Z=-2 FlatVerts=0 SlopeVerts=0
[+22:38:47.076] VoxelMesh: Chunk X=4 Y=-26 Z=2 FlatVerts=24 SlopeVerts=18
[+22:38:47.076] VoxelMesh: Chunk X=4 Y=-27 Z=-2 FlatVerts=0 SlopeVerts=0
[+22:38:47.076] VoxelMesh: Chunk X=4 Y=-25 Z=2 FlatVerts=0 SlopeVerts=144
[+22:38:47.076] VoxelMesh: Chunk X=4 Y=-24 Z=2 FlatVerts=0 SlopeVerts=120
[+22:38:47.076] VoxelMesh: Chunk X=3 Y=-24 Z=-2 FlatVerts=0 SlopeVerts=0
[+22:38:47.076] VoxelMesh: Chunk X=5 Y=-26 Z=2 FlatVerts=0 SlopeVerts=12
[+22:38:47.076] VoxelMesh: Chunk X=5 Y=-25 Z=2 FlatVerts=0 SlopeVerts=174
[+22:38:47.076] VoxelMesh: Chunk X=4 Y=-23 Z=-2 FlatVerts=0 SlopeVerts=0
[+22:38:47.076] VoxelMesh: Chunk X=6 Y=-25 Z=2 FlatVerts=0 SlopeVerts=6
[+22:38:47.077] VoxelMesh: Chunk X=5 Y=-24 Z=2 FlatVerts=30 SlopeVerts=144
[+22:38:47.077] VoxelMesh: Chunk X=7 Y=-25 Z=-2 FlatVerts=0 SlopeVerts=0
[+22:38:47.077] VoxelMesh: Chunk X=6 Y=-26 Z=2 FlatVerts=0 SlopeVerts=138
[+22:38:47.077] VoxelMesh: Chunk X=3 Y=-25 Z=-2 FlatVerts=0 SlopeVerts=0
[+22:38:47.077] VoxelMesh: Chunk X=6 Y=-24 Z=2 FlatVerts=0 SlopeVerts=168
[+22:38:47.078] VoxelMesh: Chunk X=6 Y=-28 Z=-1 FlatVerts=0 SlopeVerts=0
[+22:38:47.078] VoxelChunk: GenerateAsync (2,-24,-1)
[+22:38:47.078] VoxelMesh: Chunk X=6 Y=-27 Z=-2 FlatVerts=0 SlopeVerts=0
[+22:38:47.078] VoxelMesh: Chunk X=5 Y=-27 Z=-2 FlatVerts=0 SlopeVerts=0
[+22:38:47.079] VoxelMesh: Chunk X=5 Y=-23 Z=-2 FlatVerts=0 SlopeVerts=0
[+22:38:47.079] VoxelMesh: Chunk X=4 Y=-24 Z=-2 FlatVerts=0 SlopeVerts=0
[+22:38:47.079] VoxelMesh: Chunk X=6 Y=-24 Z=-2 FlatVerts=0 SlopeVerts=0
[+22:38:47.079] VoxelMesh: Chunk X=6 Y=-26 Z=-2 FlatVerts=0 SlopeVerts=0
[+22:38:47.079] VoxelMesh: Chunk X=6 Y=-25 Z=-2 FlatVerts=0 SlopeVerts=0
[+22:38:47.079] VoxelMesh: Chunk X=4 Y=-26 Z=-2 FlatVerts=0 SlopeVerts=0
[+22:38:47.079] VoxelMesh: Chunk X=6 Y=-22 Z=-1 FlatVerts=0 SlopeVerts=0
[+22:38:47.079] VoxelMesh: Chunk X=7 Y=-27 Z=0 FlatVerts=0 SlopeVerts=0
[+22:38:47.079] VoxelChunk: GenerateAsync (6,-22,0)
[+22:38:47.079] VoxelMesh: Chunk X=4 Y=-23 Z=1 FlatVerts=12 SlopeVerts=30
[+22:38:47.080] VoxelMesh: Chunk X=4 Y=-25 Z=-2 FlatVerts=0 SlopeVerts=0
[+22:38:47.080] VoxelMesh: Chunk X=7 Y=-24 Z=1 FlatVerts=0 SlopeVerts=12
[+22:38:47.080] VoxelMesh: Chunk X=7 Y=-23 Z=0 FlatVerts=0 SlopeVerts=0
[+22:38:47.080] VoxelMesh: Chunk X=3 Y=-27 Z=0 FlatVerts=0 SlopeVerts=0
[+22:38:47.080] VoxelMesh: Chunk X=5 Y=-26 Z=-2 FlatVerts=0 SlopeVerts=0
[+22:38:47.080] VoxelMesh: Chunk X=8 Y=-24 Z=-1 FlatVerts=0 SlopeVerts=0
[+22:38:47.080] VoxelMesh: Chunk X=5 Y=-25 Z=-2 FlatVerts=0 SlopeVerts=0
[+22:38:47.080] VoxelMesh: Chunk X=5 Y=-24 Z=-2 FlatVerts=0 SlopeVerts=0
[+22:38:47.080] VoxelMesh: Chunk X=4 Y=-27 Z=1 FlatVerts=24 SlopeVerts=150
[+22:38:47.080] VoxelChunk: GenerateAsync (6,-28,0)
[+22:38:47.081] VoxelMesh: Chunk X=6 Y=-27 Z=1 FlatVerts=462 SlopeVerts=150
[+22:38:47.081] VoxelMesh: Chunk X=3 Y=-23 Z=0 FlatVerts=0 SlopeVerts=0
[+22:38:47.081] VoxelMesh: Chunk X=3 Y=-26 Z=1 FlatVerts=66 SlopeVerts=90
[+22:38:47.081] VoxelMesh: Chunk X=6 Y=-23 Z=1 FlatVerts=504 SlopeVerts=0
[+22:38:47.081] VoxelMesh: Chunk X=7 Y=-26 Z=1 FlatVerts=210 SlopeVerts=258
[+22:38:47.081] VoxelMesh: Chunk X=3 Y=-24 Z=1 FlatVerts=0 SlopeVerts=0
[+22:38:47.081] VoxelMesh: Chunk X=5 Y=-27 Z=1 FlatVerts=186 SlopeVerts=276
[+22:38:47.081] VoxelMesh: Chunk X=3 Y=-25 Z=1 FlatVerts=0 SlopeVerts=0
[+22:38:47.082] VoxelMesh: Chunk X=5 Y=-23 Z=-3 FlatVerts=0 SlopeVerts=0
[+22:38:47.082] VoxelMesh: Chunk X=7 Y=-25 Z=-3 FlatVerts=0 SlopeVerts=0
[+22:38:47.082] VoxelMesh: Chunk X=7 Y=-25 Z=1 FlatVerts=0 SlopeVerts=0
[+22:38:47.082] VoxelMesh: Chunk X=4 Y=-23 Z=-3 FlatVerts=0 SlopeVerts=0
[+22:38:47.082] VoxelMesh: Chunk X=7 Y=-24 Z=-3 FlatVerts=0 SlopeVerts=0
[+22:38:47.082] VoxelMesh: Chunk X=7 Y=-26 Z=-3 FlatVerts=0 SlopeVerts=0
[+22:38:47.082] VoxelMesh: Chunk X=4 Y=-22 Z=-1 FlatVerts=0 SlopeVerts=0
[+22:38:47.082] VoxelMesh: Chunk X=5 Y=-28 Z=0 FlatVerts=0 SlopeVerts=0
[+22:38:47.082] VoxelMesh: Chunk X=5 Y=-22 Z=0 FlatVerts=0 SlopeVerts=0
[+22:38:47.082] VoxelMesh: Chunk X=2 Y=-25 Z=0 FlatVerts=0 SlopeVerts=0
[+22:38:47.082] VoxelChunk: GenerateAsync (4,-22,0)
[+22:38:47.082] VoxelMesh: Chunk X=2 Y=-25 Z=-2 FlatVerts=0 SlopeVerts=0
[+22:38:47.084] VoxelMesh: Chunk X=5 Y=-28 Z=-2 FlatVerts=0 SlopeVerts=0
[+22:38:47.084] VoxelMesh: Chunk X=8 Y=-25 Z=0 FlatVerts=0 SlopeVerts=0
[+22:38:47.084] VoxelMesh: Chunk X=8 Y=-25 Z=-2 FlatVerts=0 SlopeVerts=0
[+22:38:47.084] VoxelMesh: Chunk X=5 Y=-22 Z=-2 FlatVerts=0 SlopeVerts=0
[+22:38:47.085] VoxelMesh: Chunk X=6 Y=-28 Z=0 FlatVerts=0 SlopeVerts=0
[+22:38:47.085] VoxelMesh: Chunk X=6 Y=-22 Z=0 FlatVerts=0 SlopeVerts=0
[+22:38:47.086] VoxelMesh: Chunk X=4 Y=-22 Z=0 FlatVerts=0 SlopeVerts=0
[+22:38:47.086] VoxelMesh: Chunk X=2 Y=-24 Z=-1 FlatVerts=0 SlopeVerts=0
[+22:38:47.096] VoxelMesh: Chunk X=8 Y=-26 Z=-1 FlatVerts=0 SlopeVerts=0
[+22:38:47.096] VoxelChunk: GenerateAsync (6,-24,-4)
[+22:38:47.097] VoxelMesh: Chunk X=6 Y=-24 Z=-4 FlatVerts=0 SlopeVerts=0
[+22:38:47.097] VoxelMesh: Chunk X=2 Y=-26 Z=-1 FlatVerts=0 SlopeVerts=0
[+22:38:47.098] VoxelChunk: GenerateAsync (4,-24,-4)
[+22:38:47.099] VoxelMesh: Chunk X=4 Y=-28 Z=-1 FlatVerts=0 SlopeVerts=0
[+22:38:47.099] VoxelChunk: GenerateAsync (2,-24,0)
[+22:38:47.100] VoxelMesh: Chunk X=4 Y=-24 Z=-4 FlatVerts=0 SlopeVerts=0
[+22:38:47.100] VoxelMesh: Chunk X=3 Y=-23 Z=-1 FlatVerts=0 SlopeVerts=0
[+22:38:47.100] VoxelChunk: GenerateAsync (8,-24,0)
[+22:38:47.101] VoxelMesh: Chunk X=2 Y=-24 Z=0 FlatVerts=0 SlopeVerts=0
[+22:38:47.102] VoxelMesh: Chunk X=8 Y=-24 Z=0 FlatVerts=0 SlopeVerts=0
[+22:38:47.111] VoxelMesh: Chunk X=7 Y=-23 Z=-1 FlatVerts=0 SlopeVerts=0
[+22:38:47.111] VoxelChunk: GenerateAsync (2,-26,0)
[+22:38:47.112] VoxelMesh: Chunk X=8 Y=-25 Z=-1 FlatVerts=0 SlopeVerts=0
[+22:38:47.112] VoxelChunk: GenerateAsync (8,-26,0)
[+22:38:47.113] VoxelMesh: Chunk X=2 Y=-26 Z=0 FlatVerts=0 SlopeVerts=0
[+22:38:47.113] VoxelMesh: Chunk X=5 Y=-22 Z=-1 FlatVerts=0 SlopeVerts=0
[+22:38:47.114] VoxelChunk: GenerateAsync (4,-28,0)
[+22:38:47.114] VoxelMesh: Chunk X=7 Y=-25 Z=-1 FlatVerts=0 SlopeVerts=0
[+22:38:47.114] VoxelChunk: GenerateAsync (6,-28,-2)
[+22:38:47.114] VoxelMesh: Chunk X=8 Y=-26 Z=0 FlatVerts=0 SlopeVerts=0
[+22:38:47.115] VoxelMesh: Chunk X=6 Y=-28 Z=-2 FlatVerts=0 SlopeVerts=0
[+22:38:47.115] VoxelMesh: Chunk X=4 Y=-28 Z=0 FlatVerts=0 SlopeVerts=0
[+22:38:47.121] VoxelMesh: Chunk X=3 Y=-25 Z=-1 FlatVerts=0 SlopeVerts=0
[+22:38:47.121] VoxelChunk: GenerateAsync (8,-24,-2)
[+22:38:47.121] VoxelMesh: Chunk X=5 Y=-27 Z=-1 FlatVerts=0 SlopeVerts=0
[+22:38:47.121] VoxelMesh: Chunk X=8 Y=-24 Z=-2 FlatVerts=0 SlopeVerts=0
[+22:38:47.121] VoxelChunk: GenerateAsync (4,-22,-2)
[+22:38:47.122] VoxelMesh: Chunk X=5 Y=-23 Z=-1 FlatVerts=0 SlopeVerts=0
[+22:38:47.122] VoxelChunk: GenerateAsync (8,-26,-2)
[+22:38:47.122] VoxelMesh: Chunk X=4 Y=-22 Z=-2 FlatVerts=0 SlopeVerts=0
[+22:38:47.122] VoxelMesh: Chunk X=7 Y=-26 Z=-1 FlatVerts=0 SlopeVerts=0
[+22:38:47.123] VoxelChunk: GenerateAsync (2,-24,-2)
[+22:38:47.123] VoxelMesh: Chunk X=8 Y=-26 Z=-2 FlatVerts=0 SlopeVerts=0
[+22:38:47.123] VoxelMesh: Chunk X=2 Y=-24 Z=-2 FlatVerts=0 SlopeVerts=0
[+22:38:47.131] VoxelMesh: Chunk X=3 Y=-26 Z=-1 FlatVerts=0 SlopeVerts=0
[+22:38:47.131] VoxelChunk: GenerateAsync (4,-28,-2)
[+22:38:47.131] VoxelMesh: Chunk X=6 Y=-27 Z=-1 FlatVerts=0 SlopeVerts=0
[+22:38:47.131] VoxelMesh: Chunk X=4 Y=-28 Z=-2 FlatVerts=0 SlopeVerts=0
[+22:38:47.132] VoxelChunk: GenerateAsync (6,-22,-2)
[+22:38:47.132] VoxelMesh: Chunk X=6 Y=-23 Z=-1 FlatVerts=0 SlopeVerts=0
[+22:38:47.132] VoxelMesh: Chunk X=6 Y=-22 Z=-2 FlatVerts=0 SlopeVerts=0
[+22:38:47.132] VoxelChunk: GenerateAsync (2,-26,-2)
[+22:38:47.132] VoxelMesh: Chunk X=4 Y=-27 Z=-1 FlatVerts=0 SlopeVerts=0
[+22:38:47.133] VoxelMesh: Chunk X=2 Y=-26 Z=-2 FlatVerts=0 SlopeVerts=0
[+22:38:47.133] VoxelChunk: GenerateAsync (4,-26,-4)
[+22:38:47.133] VoxelMesh: Chunk X=4 Y=-26 Z=-4 FlatVerts=0 SlopeVerts=0
[+22:38:47.139] VoxelMesh: Chunk X=6 Y=-24 Z=-1 FlatVerts=0 SlopeVerts=0
[+22:38:47.139] VoxelChunk: GenerateAsync (6,-26,-4)
[+22:38:47.140] VoxelMesh: Chunk X=6 Y=-25 Z=-1 FlatVerts=0 SlopeVerts=96
[+22:38:47.140] VoxelChunk: GenerateAsync (3,-23,1)
[+22:38:47.140] VoxelMesh: Chunk X=6 Y=-26 Z=-4 FlatVerts=0 SlopeVerts=0
[+22:38:47.140] VoxelMesh: Chunk X=6 Y=-26 Z=-1 FlatVerts=552 SlopeVerts=0
[+22:38:47.140] VoxelMesh: Chunk X=3 Y=-23 Z=1 FlatVerts=0 SlopeVerts=96
[+22:38:47.140] VoxelChunk: GenerateAsync (7,-27,1)
[+22:38:47.141] VoxelMesh: Chunk X=5 Y=-24 Z=-1 FlatVerts=0 SlopeVerts=0
[+22:38:47.141] VoxelMesh: Chunk X=7 Y=-27 Z=1 FlatVerts=552 SlopeVerts=0
[+22:38:47.141] VoxelChunk: GenerateAsync (3,-27,-3)
[+22:38:47.141] VoxelMesh: Chunk X=3 Y=-27 Z=-3 FlatVerts=0 SlopeVerts=0
[+22:38:47.154] VoxelMesh: Chunk X=0 Y=0 Z=0 FlatVerts=0 SlopeVerts=0
[+22:38:47.154] VoxelChunk: GenerateAsync (-1,1,3)
[+22:38:47.158] VoxelMesh: Chunk X=5 Y=-25 Z=-1 FlatVerts=0 SlopeVerts=0
[+22:38:47.158] VoxelMesh: Chunk X=-1 Y=1 Z=3 FlatVerts=0 SlopeVerts=294
[+22:38:47.158] VoxelChunk: GenerateAsync (7,-23,-3)
[+22:38:47.160] VoxelMesh: Chunk X=5 Y=-26 Z=-1 FlatVerts=0 SlopeVerts=0
[+22:38:47.160] VoxelChunk: GenerateAsync (3,-23,-3)
[+22:38:47.160] VoxelMesh: Chunk X=7 Y=-23 Z=-3 FlatVerts=0 SlopeVerts=0
[+22:38:47.161] VoxelMesh: Chunk X=4 Y=-24 Z=-1 FlatVerts=246 SlopeVerts=198
[+22:38:47.161] VoxelChunk: GenerateAsync (7,-23,1)
[+22:38:47.162] VoxelMesh: Chunk X=7 Y=-23 Z=1 FlatVerts=246 SlopeVerts=198
[+22:38:47.162] VoxelMesh: Chunk X=4 Y=-25 Z=-1 FlatVerts=12 SlopeVerts=48
[+22:38:47.162] VoxelMesh: Chunk X=3 Y=-23 Z=-3 FlatVerts=0 SlopeVerts=0
[+22:38:47.162] VoxelChunk: GenerateAsync (3,-27,1)
[+22:38:47.163] VoxelMesh: Chunk X=3 Y=-27 Z=1 FlatVerts=12 SlopeVerts=48
[+22:38:47.175] VoxelMesh: Chunk X=4 Y=-26 Z=-1 FlatVerts=0 SlopeVerts=0
[+22:38:47.175] VoxelChunk: GenerateAsync (7,-27,-3)
[+22:38:47.176] VoxelMesh: Chunk X=4 Y=-23 Z=-1 FlatVerts=0 SlopeVerts=0
[+22:38:47.176] VoxelChunk: GenerateAsync (5,-23,-4)
[+22:38:47.176] VoxelMesh: Chunk X=7 Y=-24 Z=-1 FlatVerts=0 SlopeVerts=0
[+22:38:47.177] VoxelMesh: Chunk X=5 Y=-23 Z=-4 FlatVerts=0 SlopeVerts=0
[+22:38:47.177] VoxelChunk: GenerateAsync (8,-25,-3)
[+22:38:47.177] VoxelMesh: Chunk X=7 Y=-27 Z=-3 FlatVerts=0 SlopeVerts=0
[+22:38:47.178] VoxelMesh: Chunk X=3 Y=-24 Z=-1 FlatVerts=0 SlopeVerts=0
[+22:38:47.178] VoxelMesh: Chunk X=8 Y=-25 Z=-3 FlatVerts=0 SlopeVerts=0
[+22:38:47.178] VoxelChunk: GenerateAsync (2,-25,-3)
[+22:38:47.178] VoxelMesh: Chunk X=2 Y=-25 Z=-3 FlatVerts=0 SlopeVerts=0
[+22:38:47.188] VoxelMesh: Chunk X=3 Y=-27 Z=-1 FlatVerts=0 SlopeVerts=0
[+22:38:47.189] VoxelChunk: GenerateAsync (2,-25,1)
[+22:38:47.189] VoxelMesh: Chunk X=7 Y=-27 Z=-1 FlatVerts=0 SlopeVerts=6
[+22:38:47.189] VoxelMesh: Chunk X=2 Y=-25 Z=1 FlatVerts=0 SlopeVerts=0
[+22:38:47.189] VoxelChunk: GenerateAsync (8,-25,1)
[+22:38:47.190] VoxelMesh: Chunk X=8 Y=-25 Z=1 FlatVerts=0 SlopeVerts=6
[+22:38:47.190] VoxelMesh: Chunk X=2 Y=-25 Z=-1 FlatVerts=0 SlopeVerts=0
[+22:38:47.191] VoxelChunk: GenerateAsync (7,-25,-4)
[+22:38:47.191] VoxelMesh: Chunk X=7 Y=-25 Z=-4 FlatVerts=0 SlopeVerts=0
[+22:38:47.192] VoxelMesh: Chunk X=5 Y=-28 Z=-1 FlatVerts=0 SlopeVerts=0
[+22:38:47.192] VoxelChunk: GenerateAsync (5,-22,-3)
[+22:38:47.194] VoxelMesh: Chunk X=5 Y=-22 Z=-3 FlatVerts=0 SlopeVerts=0
[+22:38:47.208] VoxelMesh: Chunk X=0 Y=0 Z=0 FlatVerts=60 SlopeVerts=1110
[+22:38:47.208] VoxelChunk: GenerateAsync (3,-25,2)
[+22:38:47.212] VoxelMesh: Chunk X=3 Y=-25 Z=2 FlatVerts=0 SlopeVerts=132
[+22:38:47.215] VoxelMesh: Chunk X=0 Y=0 Z=0 FlatVerts=0 SlopeVerts=0
[+22:38:47.215] VoxelChunk: GenerateAsync (3,-25,-4)
[+22:38:47.219] VoxelMesh: Chunk X=3 Y=-25 Z=-4 FlatVerts=0 SlopeVerts=0
[+22:38:47.222] VoxelMesh: Chunk X=0 Y=0 Z=0 FlatVerts=0 SlopeVerts=0
[+22:38:47.223] VoxelChunk: GenerateAsync (5,-28,-3)
[+22:38:47.226] VoxelMesh: Chunk X=5 Y=-28 Z=-3 FlatVerts=0 SlopeVerts=0
[+22:38:47.226] VoxelMesh: Chunk X=0 Y=0 Z=0 FlatVerts=0 SlopeVerts=0
[+22:38:47.227] VoxelChunk: GenerateAsync (8,-23,-1)
[+22:38:47.229] VoxelMesh: Chunk X=8 Y=-23 Z=-1 FlatVerts=0 SlopeVerts=0
[+22:38:47.243] VoxelWater: Chunk X=5 Y=-23 Z=1 emitted 40 procedural water vertices (Ocean/Pools)
[+22:38:47.243] VoxelWater: Chunk X=6 Y=-24 Z=1 emitted 60 procedural water vertices (Ocean/Pools)
[+22:38:47.244] VoxelWater: Chunk X=4 Y=-24 Z=1 emitted 24 procedural water vertices (Ocean/Pools)
[+22:38:47.244] VoxelWater: Chunk X=6 Y=-26 Z=1 emitted 52 procedural water vertices (Ocean/Pools)
[+22:38:47.244] VoxelWater: Chunk X=4 Y=-26 Z=1 emitted 180 procedural water vertices (Ocean/Pools)
[+22:38:47.244] VoxelWater: Chunk X=5 Y=-26 Z=1 emitted 84 procedural water vertices (Ocean/Pools)
[+22:38:47.244] VoxelWater: Chunk X=5 Y=-25 Z=1 emitted 8 procedural water vertices (Ocean/Pools)
[+22:38:47.244] VoxelWater: Chunk X=4 Y=-25 Z=1 emitted 68 procedural water vertices (Ocean/Pools)
[+22:38:47.244] VoxelWater: Chunk X=5 Y=-24 Z=1 emitted 24 procedural water vertices (Ocean/Pools)
[+22:38:47.244] VoxelWater: Chunk X=4 Y=-26 Z=2 emitted 12 procedural water vertices (Ocean/Pools)
[+22:38:47.244] VoxelWater: Chunk X=4 Y=-25 Z=2 emitted 320 procedural water vertices (Ocean/Pools)
[+22:38:47.244] VoxelWater: Chunk X=4 Y=-25 Z=3 emitted 164 procedural water vertices (Ocean/Pools)
[+22:38:47.244] VoxelWater: Chunk X=5 Y=-25 Z=2 emitted 384 procedural water vertices (Ocean/Pools)
[+22:38:47.244] VoxelWater: Chunk X=4 Y=-24 Z=2 emitted 264 procedural water vertices (Ocean/Pools)
[+22:38:47.244] VoxelWater: Chunk X=4 Y=-24 Z=3 emitted 92 procedural water vertices (Ocean/Pools)
[+22:38:47.244] VoxelWater: Chunk X=5 Y=-24 Z=2 emitted 152 procedural water vertices (Ocean/Pools)
[+22:38:47.244] VoxelWater: Chunk X=5 Y=-25 Z=3 emitted 156 procedural water vertices (Ocean/Pools)
[+22:38:47.244] VoxelWater: Chunk X=6 Y=-25 Z=2 emitted 28 procedural water vertices (Ocean/Pools)
[+22:38:47.244] VoxelWater: Chunk X=5 Y=-24 Z=3 emitted 20 procedural water vertices (Ocean/Pools)
[+22:38:47.244] VoxelWater: Chunk X=6 Y=-24 Z=3 emitted 136 procedural water vertices (Ocean/Pools)
[+22:38:47.244] VoxelWater: Chunk X=6 Y=-26 Z=2 emitted 60 procedural water vertices (Ocean/Pools)
[+22:38:47.244] VoxelWater: Chunk X=6 Y=-26 Z=3 emitted 16 procedural water vertices (Ocean/Pools)
[+22:38:47.244] VoxelWater: Chunk X=6 Y=-25 Z=3 emitted 332 procedural water vertices (Ocean/Pools)
[+22:38:47.244] VoxelWater: Chunk X=6 Y=-24 Z=2 emitted 156 procedural water vertices (Ocean/Pools)
[+22:38:47.244] VoxelWater: Chunk X=6 Y=-25 Z=1 emitted 12 procedural water vertices (Ocean/Pools)
[+22:38:47.244] VoxelWater: Chunk X=4 Y=-27 Z=1 emitted 28 procedural water vertices (Ocean/Pools)
[+22:38:47.244] VoxelWater: Chunk X=6 Y=-27 Z=1 emitted 104 procedural water vertices (Ocean/Pools)
[+22:38:47.244] VoxelWater: Chunk X=3 Y=-26 Z=1 emitted 28 procedural water vertices (Ocean/Pools)
[+22:38:47.244] VoxelWater: Chunk X=7 Y=-26 Z=1 emitted 44 procedural water vertices (Ocean/Pools)
[+22:38:47.244] VoxelWater: Chunk X=8 Y=-25 Z=1 emitted 8 procedural water vertices (Ocean/Pools)
[+22:38:47.244] VoxelWater: Chunk X=5 Y=-27 Z=1 emitted 24 procedural water vertices (Ocean/Pools)
[+22:38:47.258] VoxelMesh: Chunk X=0 Y=0 Z=0 FlatVerts=396 SlopeVerts=32700
[+22:38:47.261] VoxelChunk: GenerateAsync (7,-25,2)
[+22:38:47.265] VoxelMesh: Chunk X=7 Y=-25 Z=2 FlatVerts=0 SlopeVerts=12
[+22:38:47.266] VoxelMesh: Chunk X=0 Y=0 Z=0 FlatVerts=0 SlopeVerts=0
[+22:38:47.267] VoxelChunk: GenerateAsync (5,-27,-4)
[+22:38:47.270] VoxelMesh: Chunk X=5 Y=-27 Z=-4 FlatVerts=0 SlopeVerts=0
[+22:38:47.273] VoxelMesh: Chunk X=0 Y=0 Z=0 FlatVerts=0 SlopeVerts=0
[+22:38:47.274] VoxelChunk: GenerateAsync (5,-23,2)
[+22:38:47.278] VoxelMesh: Chunk X=5 Y=-23 Z=2 FlatVerts=6 SlopeVerts=1044
[+22:38:47.279] VoxelMesh: Chunk X=0 Y=0 Z=0 FlatVerts=0 SlopeVerts=0
[+22:38:47.279] VoxelChunk: GenerateAsync (2,-27,-1)
[+22:38:47.281] VoxelMesh: Chunk X=2 Y=-27 Z=-1 FlatVerts=0 SlopeVerts=0
[+22:38:47.294] VoxelMesh: Chunk X=0 Y=0 Z=0 FlatVerts=36 SlopeVerts=834
[+22:38:47.296] VoxelChunk: GenerateAsync (-3,2,3)
[+22:38:47.296] VoxelMesh: Chunk X=-3 Y=2 Z=3 FlatVerts=6 SlopeVerts=912
[+22:38:47.304] VoxelMesh: Chunk X=0 Y=0 Z=0 FlatVerts=0 SlopeVerts=0
[+22:38:47.305] VoxelChunk: GenerateAsync (7,-28,-1)
[+22:38:47.306] VoxelMesh: Chunk X=7 Y=-28 Z=-1 FlatVerts=0 SlopeVerts=0
[+22:38:47.310] VoxelMesh: Chunk X=0 Y=0 Z=0 FlatVerts=0 SlopeVerts=0
[+22:38:47.311] VoxelChunk: GenerateAsync (3,-22,-1)
[+22:38:47.317] VoxelMesh: Chunk X=3 Y=-22 Z=-1 FlatVerts=0 SlopeVerts=0
[+22:38:47.317] VoxelMesh: Chunk X=0 Y=0 Z=0 FlatVerts=0 SlopeVerts=834
[+22:38:47.318] VoxelChunk: GenerateAsync (5,-27,2)
[+22:38:47.322] VoxelMesh: Chunk X=5 Y=-27 Z=2 FlatVerts=336 SlopeVerts=1848
[+22:38:47.324] VoxelMesh: Chunk X=0 Y=0 Z=0 FlatVerts=0 SlopeVerts=0
[+22:38:47.325] VoxelChunk: GenerateAsync (8,-27,-1)
[+22:38:47.326] VoxelMesh: Chunk X=8 Y=-27 Z=-1 FlatVerts=0 SlopeVerts=0
[+22:38:47.342] VoxelMesh: Chunk X=0 Y=0 Z=0 FlatVerts=0 SlopeVerts=0
[+22:38:47.342] VoxelChunk: GenerateAsync (7,-22,-1)
[+22:38:47.346] VoxelMesh: Chunk X=7 Y=-22 Z=-1 FlatVerts=0 SlopeVerts=0
[+22:38:47.348] VoxelMesh: Chunk X=0 Y=0 Z=0 FlatVerts=7284 SlopeVerts=4044
[+22:38:47.350] VoxelChunk: GenerateAsync (5,-22,1)
[+22:38:47.351] VoxelMesh: Chunk X=5 Y=-22 Z=1 FlatVerts=42 SlopeVerts=102
[+22:38:47.356] VoxelMesh: Chunk X=0 Y=0 Z=0 FlatVerts=0 SlopeVerts=0
[+22:38:47.358] VoxelChunk: GenerateAsync (2,-23,-1)
[+22:38:47.362] VoxelMesh: Chunk X=2 Y=-23 Z=-1 FlatVerts=0 SlopeVerts=0
[+22:38:47.363] VoxelMesh: Chunk X=0 Y=0 Z=0 FlatVerts=3930 SlopeVerts=8556
[+22:38:47.364] VoxelChunk: GenerateAsync (5,-28,1)
[+22:38:47.365] VoxelMesh: Chunk X=5 Y=-28 Z=1 FlatVerts=1794 SlopeVerts=804
[+22:38:47.385] VoxelMesh: Chunk X=0 Y=0 Z=0 FlatVerts=0 SlopeVerts=0
[+22:38:47.385] VoxelChunk: GenerateAsync (3,-28,-1)
[+22:38:47.390] VoxelMesh: Chunk X=3 Y=-28 Z=-1 FlatVerts=0 SlopeVerts=0
[+22:38:47.392] VoxelMesh: Chunk X=0 Y=0 Z=0 FlatVerts=0 SlopeVerts=0
[+22:38:47.392] VoxelChunk: GenerateAsync (2,-23,-2)
[+22:38:47.398] VoxelMesh: Chunk X=2 Y=-23 Z=-2 FlatVerts=0 SlopeVerts=0
[+22:38:47.400] VoxelMesh: Chunk X=0 Y=0 Z=0 FlatVerts=0 SlopeVerts=0
[+22:38:47.400] VoxelChunk: GenerateAsync (8,-27,-2)
[+22:38:47.402] VoxelMesh: Chunk X=8 Y=-27 Z=-2 FlatVerts=0 SlopeVerts=0
[+22:38:47.405] VoxelMesh: Chunk X=0 Y=0 Z=0 FlatVerts=2376 SlopeVerts=9522
[+22:38:47.406] VoxelChunk: GenerateAsync (4,-28,1)
[+22:38:47.407] VoxelMesh: Chunk X=4 Y=-28 Z=1 FlatVerts=258 SlopeVerts=168
[+22:38:47.422] VoxelMesh: Chunk X=0 Y=0 Z=0 FlatVerts=0 SlopeVerts=0
[+22:38:47.423] VoxelChunk: GenerateAsync (1,2,3)
[+22:38:47.424] VoxelMesh: Chunk X=1 Y=2 Z=3 FlatVerts=0 SlopeVerts=732
[+22:38:47.433] VoxelMesh: Chunk X=0 Y=0 Z=0 FlatVerts=0 SlopeVerts=0
[+22:38:47.434] VoxelChunk: GenerateAsync (6,-23,-4)
[+22:38:47.436] VoxelMesh: Chunk X=6 Y=-23 Z=-4 FlatVerts=0 SlopeVerts=0
[+22:38:47.441] VoxelMesh: Chunk X=0 Y=0 Z=0 FlatVerts=0 SlopeVerts=0
[+22:38:47.442] VoxelChunk: GenerateAsync (3,-22,-2)
[+22:38:47.447] VoxelMesh: Chunk X=3 Y=-22 Z=-2 FlatVerts=0 SlopeVerts=0
[+22:38:47.448] VoxelMesh: Chunk X=0 Y=0 Z=0 FlatVerts=0 SlopeVerts=0
[+22:38:47.448] VoxelChunk: GenerateAsync (7,-26,-4)
[+22:38:47.452] VoxelMesh: Chunk X=7 Y=-26 Z=-4 FlatVerts=0 SlopeVerts=0
[+22:38:47.455] VoxelMesh: Chunk X=0 Y=0 Z=0 FlatVerts=0 SlopeVerts=0
[+22:38:47.456] VoxelChunk: GenerateAsync (2,-26,-3)
[+22:38:47.457] VoxelMesh: Chunk X=2 Y=-26 Z=-3 FlatVerts=0 SlopeVerts=0
[+22:38:47.473] VoxelWater: Chunk X=8 Y=-25 Z=1 emitted 20 procedural water vertices (Ocean/Pools)
[+22:38:47.473] VoxelWater: Chunk X=5 Y=-23 Z=1 emitted 44 procedural water vertices (Ocean/Pools)
[+22:38:47.473] VoxelWater: Chunk X=6 Y=-24 Z=1 emitted 72 procedural water vertices (Ocean/Pools)
[+22:38:47.473] VoxelWater: Chunk X=5 Y=-24 Z=1 emitted 36 procedural water vertices (Ocean/Pools)
[+22:38:47.473] VoxelWater: Chunk X=4 Y=-24 Z=1 emitted 28 procedural water vertices (Ocean/Pools)
[+22:38:47.473] VoxelWater: Chunk X=6 Y=-26 Z=1 emitted 60 procedural water vertices (Ocean/Pools)
[+22:38:47.473] VoxelWater: Chunk X=5 Y=-26 Z=1 emitted 120 procedural water vertices (Ocean/Pools)
[+22:38:47.473] VoxelWater: Chunk X=4 Y=-26 Z=1 emitted 208 procedural water vertices (Ocean/Pools)
[+22:38:47.473] VoxelWater: Chunk X=5 Y=-25 Z=1 emitted 8 procedural water vertices (Ocean/Pools)
[+22:38:47.473] VoxelWater: Chunk X=4 Y=-25 Z=1 emitted 84 procedural water vertices (Ocean/Pools)
[+22:38:47.473] VoxelWater: Chunk X=4 Y=-26 Z=2 emitted 12 procedural water vertices (Ocean/Pools)
[+22:38:47.473] VoxelWater: Chunk X=4 Y=-25 Z=2 emitted 344 procedural water vertices (Ocean/Pools)
[+22:38:47.473] VoxelWater: Chunk X=4 Y=-25 Z=3 emitted 164 procedural water vertices (Ocean/Pools)
[+22:38:47.474] VoxelWater: Chunk X=5 Y=-25 Z=2 emitted 412 procedural water vertices (Ocean/Pools)
[+22:38:47.474] VoxelWater: Chunk X=4 Y=-24 Z=2 emitted 296 procedural water vertices (Ocean/Pools)
[+22:38:47.474] VoxelWater: Chunk X=4 Y=-24 Z=3 emitted 92 procedural water vertices (Ocean/Pools)
[+22:38:47.474] VoxelWater: Chunk X=5 Y=-24 Z=2 emitted 148 procedural water vertices (Ocean/Pools)
[+22:38:47.474] VoxelWater: Chunk X=5 Y=-25 Z=3 emitted 152 procedural water vertices (Ocean/Pools)
[+22:38:47.474] VoxelWater: Chunk X=5 Y=-26 Z=2 emitted 4 procedural water vertices (Ocean/Pools)
[+22:38:47.474] VoxelWater: Chunk X=6 Y=-25 Z=2 emitted 44 procedural water vertices (Ocean/Pools)
[+22:38:47.474] VoxelWater: Chunk X=5 Y=-24 Z=3 emitted 20 procedural water vertices (Ocean/Pools)
[+22:38:47.474] VoxelWater: Chunk X=6 Y=-24 Z=3 emitted 132 procedural water vertices (Ocean/Pools)
[+22:38:47.474] VoxelWater: Chunk X=6 Y=-26 Z=2 emitted 60 procedural water vertices (Ocean/Pools)
[+22:38:47.474] VoxelWater: Chunk X=6 Y=-26 Z=3 emitted 16 procedural water vertices (Ocean/Pools)
[+22:38:47.474] VoxelWater: Chunk X=6 Y=-25 Z=3 emitted 328 procedural water vertices (Ocean/Pools)
[+22:38:47.474] VoxelWater: Chunk X=6 Y=-24 Z=2 emitted 160 procedural water vertices (Ocean/Pools)
[+22:38:47.474] VoxelWater: Chunk X=6 Y=-25 Z=1 emitted 12 procedural water vertices (Ocean/Pools)
[+22:38:47.474] VoxelWater: Chunk X=4 Y=-27 Z=1 emitted 28 procedural water vertices (Ocean/Pools)
[+22:38:47.474] VoxelWater: Chunk X=6 Y=-27 Z=1 emitted 104 procedural water vertices (Ocean/Pools)
[+22:38:47.474] VoxelWater: Chunk X=3 Y=-26 Z=1 emitted 28 procedural water vertices (Ocean/Pools)
[+22:38:47.474] VoxelWater: Chunk X=7 Y=-26 Z=1 emitted 60 procedural water vertices (Ocean/Pools)
[+22:38:47.474] VoxelWater: Chunk X=5 Y=-27 Z=1 emitted 40 procedural water vertices (Ocean/Pools)
[+22:38:47.474] VoxelWater: Chunk X=5 Y=-23 Z=2 emitted 12 procedural water vertices (Ocean/Pools)
[+22:38:47.474] VoxelWater: Chunk X=5 Y=-27 Z=2 emitted 32 procedural water vertices (Ocean/Pools)
[+22:38:47.474] VoxelWater: Chunk X=5 Y=-28 Z=1 emitted 28 procedural water vertices (Ocean/Pools)
[+22:38:47.491] VoxelMesh: Chunk X=0 Y=0 Z=0 FlatVerts=0 SlopeVerts=0
[+22:38:47.492] VoxelChunk: GenerateAsync (7,-24,-4)
[+22:38:47.493] VoxelMesh: Chunk X=7 Y=-24 Z=-4 FlatVerts=0 SlopeVerts=0
[+22:38:47.497] VoxelMesh: Chunk X=0 Y=0 Z=0 FlatVerts=0 SlopeVerts=0
[+22:38:47.497] VoxelChunk: GenerateAsync (7,-22,-2)
[+22:38:47.500] VoxelMesh: Chunk X=7 Y=-22 Z=-2 FlatVerts=0 SlopeVerts=0
[+22:38:47.502] VoxelMesh: Chunk X=0 Y=0 Z=0 FlatVerts=7374 SlopeVerts=3960
[+22:38:47.504] VoxelChunk: GenerateAsync (2,-26,1)
[+22:38:47.506] VoxelMesh: Chunk X=2 Y=-26 Z=1 FlatVerts=0 SlopeVerts=0
[+22:38:47.508] VoxelMesh: Chunk X=0 Y=0 Z=0 FlatVerts=7362 SlopeVerts=252
[+22:38:47.509] VoxelChunk: GenerateAsync (7,-22,0)
[+22:38:47.510] VoxelMesh: Chunk X=7 Y=-22 Z=0 FlatVerts=0 SlopeVerts=0
[+22:38:47.523] VoxelMesh: Chunk X=0 Y=0 Z=0 FlatVerts=36 SlopeVerts=1386
[+22:38:47.524] VoxelChunk: GenerateAsync (-3,3,3)
[+22:38:47.526] VoxelMesh: Chunk X=-3 Y=3 Z=3 FlatVerts=60 SlopeVerts=3072
[+22:38:47.531] VoxelMesh: Chunk X=0 Y=0 Z=0 FlatVerts=0 SlopeVerts=0
[+22:38:47.532] VoxelChunk: GenerateAsync (4,-27,-4)
[+22:38:47.533] VoxelMesh: Chunk X=4 Y=-27 Z=-4 FlatVerts=0 SlopeVerts=0
[+22:38:47.537] VoxelMesh: Chunk X=0 Y=0 Z=0 FlatVerts=630 SlopeVerts=31638
[+22:38:47.542] VoxelChunk: GenerateAsync (7,-26,2)
[+22:38:47.544] VoxelMesh: Chunk X=7 Y=-26 Z=2 FlatVerts=0 SlopeVerts=2274
[+22:38:47.549] VoxelMesh: Chunk X=0 Y=0 Z=0 FlatVerts=0 SlopeVerts=0
[+22:38:47.549] VoxelChunk: GenerateAsync (8,-26,-3)
[+22:38:47.551] VoxelMesh: Chunk X=8 Y=-26 Z=-3 FlatVerts=0 SlopeVerts=0
[+22:38:47.556] VoxelMesh: Chunk X=0 Y=0 Z=0 FlatVerts=0 SlopeVerts=0
[+22:38:47.556] VoxelChunk: GenerateAsync (3,-26,-4)
[+22:38:47.557] VoxelMesh: Chunk X=3 Y=-26 Z=-4 FlatVerts=0 SlopeVerts=0
[+22:38:47.572] VoxelMesh: Chunk X=0 Y=0 Z=0 FlatVerts=1878 SlopeVerts=12426
[+22:38:47.574] VoxelChunk: GenerateAsync (2,-24,1)
[+22:38:47.575] VoxelMesh: Chunk X=2 Y=-24 Z=1 FlatVerts=72 SlopeVerts=456
[+22:38:47.582] VoxelMesh: Chunk X=0 Y=0 Z=0 FlatVerts=0 SlopeVerts=0
[+22:38:47.582] VoxelChunk: GenerateAsync (6,-28,-3)
[+22:38:47.584] VoxelMesh: Chunk X=6 Y=-28 Z=-3 FlatVerts=0 SlopeVerts=0
[+22:38:47.586] VoxelMesh: Chunk X=0 Y=0 Z=0 FlatVerts=810 SlopeVerts=5838
[+22:38:47.587] VoxelChunk: GenerateAsync (3,-22,0)
[+22:38:47.591] VoxelMesh: Chunk X=3 Y=-22 Z=0 FlatVerts=0 SlopeVerts=0
[+22:38:47.593] VoxelMesh: Chunk X=0 Y=0 Z=0 FlatVerts=0 SlopeVerts=0
[+22:38:47.593] VoxelChunk: GenerateAsync (8,-23,-2)
[+22:38:47.595] VoxelMesh: Chunk X=8 Y=-23 Z=-2 FlatVerts=0 SlopeVerts=0
[+22:38:47.606] VoxelChunk: GenerateAsync (4,-27,-3)
[+22:38:47.606] VoxelChunk: GenerateAsync (5,-22,-3)
[+22:38:47.606] VoxelChunk: GenerateAsync (7,-25,-4)
[+22:38:47.606] VoxelChunk: GenerateAsync (5,-27,-3)
[+22:38:47.606] VoxelChunk: GenerateAsync (8,-25,1)
[+22:38:47.606] VoxelChunk: GenerateAsync (5,-23,1)
[+22:38:47.606] VoxelChunk: GenerateAsync (2,-25,1)
[+22:38:47.606] VoxelChunk: GenerateAsync (4,-26,-3)
[+22:38:47.606] VoxelChunk: GenerateAsync (4,-24,-3)
[+22:38:47.606] VoxelChunk: GenerateAsync (6,-24,-3)
[+22:38:47.606] VoxelChunk: GenerateAsync (6,-24,1)
[+22:38:47.606] VoxelChunk: GenerateAsync (6,-26,-3)
[+22:38:47.606] VoxelChunk: GenerateAsync (4,-24,1)
[+22:38:47.606] VoxelChunk: GenerateAsync (6,-26,1)
[+22:38:47.606] VoxelChunk: GenerateAsync (4,-23,0)
[+22:38:47.606] VoxelChunk: GenerateAsync (7,-26,0)
[+22:38:47.606] VoxelChunk: GenerateAsync (6,-23,0)
[+22:38:47.606] VoxelChunk: GenerateAsync (7,-24,0)
[+22:38:47.606] VoxelChunk: GenerateAsync (4,-26,1)
[+22:38:47.606] VoxelChunk: GenerateAsync (4,-25,1)
[+22:38:47.606] VoxelChunk: GenerateAsync (6,-25,-3)
[+22:38:47.606] VoxelChunk: GenerateAsync (5,-24,-3)
[+22:38:47.606] VoxelChunk: GenerateAsync (5,-24,1)
[+22:38:47.606] VoxelChunk: GenerateAsync (7,-27,-3)
[+22:38:47.606] VoxelChunk: GenerateAsync (3,-27,1)
[+22:38:47.606] VoxelChunk: GenerateAsync (7,-23,1)
[+22:38:47.606] VoxelChunk: GenerateAsync (3,-23,-3)
[+22:38:47.606] VoxelChunk: GenerateAsync (7,-23,-3)
[+22:38:47.606] VoxelChunk: GenerateAsync (7,-27,1)
[+22:38:47.606] VoxelChunk: GenerateAsync (3,-23,1)
[+22:38:47.606] VoxelChunk: GenerateAsync (6,-26,-4)
[+22:38:47.606] VoxelChunk: GenerateAsync (5,-26,-3)
[+22:38:47.606] VoxelChunk: GenerateAsync (4,-26,-4)
[+22:38:47.606] VoxelMesh: Chunk X=5 Y=-23 Z=1 FlatVerts=78 SlopeVerts=48
[+22:38:47.606] VoxelChunk: GenerateAsync (4,-25,-3)
[+22:38:47.606] VoxelChunk: GenerateAsync (5,-26,1)
[+22:38:47.606] VoxelChunk: GenerateAsync (6,-25,1)
[+22:38:47.606] VoxelChunk: GenerateAsync (7,-25,0)
[+22:38:47.606] VoxelChunk: GenerateAsync (5,-23,0)
[+22:38:47.606] VoxelChunk: GenerateAsync (5,-25,-3)
[+22:38:47.606] VoxelChunk: GenerateAsync (5,-25,1)
[+22:38:47.606] VoxelChunk: GenerateAsync (3,-26,-3)
[+22:38:47.606] VoxelChunk: GenerateAsync (4,-28,0)
[+22:38:47.606] VoxelChunk: GenerateAsync (4,-23,1)
[+22:38:47.606] VoxelMesh: Chunk X=2 Y=-25 Z=1 FlatVerts=0 SlopeVerts=0
[+22:38:47.606] VoxelChunk: GenerateAsync (7,-27,0)
[+22:38:47.606] VoxelMesh: Chunk X=7 Y=-25 Z=-4 FlatVerts=0 SlopeVerts=0
[+22:38:47.606] VoxelChunk: GenerateAsync (7,-24,1)
[+22:38:47.606] VoxelChunk: GenerateAsync (3,-23,0)
[+22:38:47.606] VoxelChunk: GenerateAsync (7,-23,0)
[+22:38:47.606] VoxelChunk: GenerateAsync (4,-27,1)
[+22:38:47.606] VoxelMesh: Chunk X=8 Y=-25 Z=1 FlatVerts=0 SlopeVerts=0
[+22:38:47.606] VoxelChunk: GenerateAsync (6,-27,1)
[+22:38:47.606] VoxelChunk: GenerateAsync (3,-26,1)
[+22:38:47.606] VoxelChunk: GenerateAsync (3,-24,1)
[+22:38:47.606] VoxelChunk: GenerateAsync (7,-26,1)
[+22:38:47.606] VoxelChunk: GenerateAsync (8,-26,0)
[+22:38:47.606] VoxelChunk: GenerateAsync (6,-23,1)
[+22:38:47.606] VoxelChunk: GenerateAsync (3,-25,1)
[+22:38:47.606] VoxelChunk: GenerateAsync (3,-25,-3)
[+22:38:47.606] VoxelChunk: GenerateAsync (2,-26,0)
[+22:38:47.606] VoxelChunk: GenerateAsync (7,-25,1)
[+22:38:47.606] VoxelChunk: GenerateAsync (8,-24,0)
[+22:38:47.606] VoxelChunk: GenerateAsync (5,-27,1)
[+22:38:47.606] VoxelChunk: GenerateAsync (6,-27,-3)
[+22:38:47.606] VoxelChunk: GenerateAsync (3,-24,-3)
[+22:38:47.606] VoxelChunk: GenerateAsync (2,-24,0)
[+22:38:47.606] VoxelChunk: GenerateAsync (2,-25,0)
[+22:38:47.606] VoxelChunk: GenerateAsync (5,-22,0)
[+22:38:47.606] VoxelChunk: GenerateAsync (6,-24,-4)
[+22:38:47.606] VoxelChunk: GenerateAsync (5,-28,0)
[+22:38:47.606] VoxelChunk: GenerateAsync (4,-22,0)
[+22:38:47.606] VoxelChunk: GenerateAsync (8,-25,0)
[+22:38:47.606] VoxelChunk: GenerateAsync (6,-28,0)
[+22:38:47.606] VoxelChunk: GenerateAsync (6,-22,0)
[+22:38:47.606] VoxelChunk: GenerateAsync (3,-25,2)
[+22:38:47.606] VoxelChunk: GenerateAsync (5,-28,-3)
[+22:38:47.607] VoxelChunk: GenerateAsync (7,-25,2)
[+22:38:47.607] VoxelChunk: GenerateAsync (5,-23,2)
[+22:38:47.607] VoxelMesh: Chunk X=6 Y=-24 Z=1 FlatVerts=6 SlopeVerts=66
[+22:38:47.607] VoxelChunk: GenerateAsync (5,-27,2)
[+22:38:47.607] VoxelChunk: GenerateAsync (5,-22,1)
[+22:38:47.607] VoxelChunk: GenerateAsync (5,-28,1)
[+22:38:47.607] VoxelChunk: GenerateAsync (4,-28,1)
[+22:38:47.607] VoxelChunk: GenerateAsync (6,-23,-4)
[+22:38:47.607] VoxelChunk: GenerateAsync (7,-26,-4)
[+22:38:47.607] VoxelChunk: GenerateAsync (2,-26,-3)
[+22:38:47.607] VoxelMesh: Chunk X=4 Y=-27 Z=-3 FlatVerts=0 SlopeVerts=0
[+22:38:47.607] VoxelChunk: GenerateAsync (7,-24,-4)
[+22:38:47.607] VoxelChunk: GenerateAsync (2,-26,1)
[+22:38:47.607] VoxelChunk: GenerateAsync (7,-22,0)
[+22:38:47.607] VoxelChunk: GenerateAsync (7,-26,2)
[+22:38:47.607] VoxelChunk: GenerateAsync (8,-26,-3)
[+22:38:47.607] VoxelChunk: GenerateAsync (2,-24,1)
[+22:38:47.607] VoxelChunk: GenerateAsync (6,-28,-3)
[+22:38:47.607] VoxelChunk: GenerateAsync (3,-22,0)
[+22:38:47.607] VoxelMesh: Chunk X=6 Y=-26 Z=1 FlatVerts=96 SlopeVerts=36
[+22:38:47.607] VoxelMesh: Chunk X=5 Y=-27 Z=-3 FlatVerts=0 SlopeVerts=0
[+22:38:47.607] VoxelMesh: Chunk X=7 Y=-26 Z=0 FlatVerts=0 SlopeVerts=0
[+22:38:47.607] VoxelMesh: Chunk X=4 Y=-23 Z=0 FlatVerts=0 SlopeVerts=0
[+22:38:47.607] VoxelMesh: Chunk X=6 Y=-23 Z=0 FlatVerts=0 SlopeVerts=0
[+22:38:47.608] VoxelMesh: Chunk X=4 Y=-26 Z=-3 FlatVerts=0 SlopeVerts=0
[+22:38:47.608] VoxelMesh: Chunk X=6 Y=-24 Z=-3 FlatVerts=0 SlopeVerts=0
[+22:38:47.608] VoxelMesh: Chunk X=4 Y=-24 Z=-3 FlatVerts=0 SlopeVerts=0
[+22:38:47.608] VoxelMesh: Chunk X=4 Y=-26 Z=1 FlatVerts=108 SlopeVerts=12
[+22:38:47.608] VoxelMesh: Chunk X=4 Y=-24 Z=1 FlatVerts=0 SlopeVerts=6
[+22:38:47.608] VoxelMesh: Chunk X=6 Y=-26 Z=-3 FlatVerts=0 SlopeVerts=0
[+22:38:47.608] VoxelMesh: Chunk X=4 Y=-25 Z=1 FlatVerts=6 SlopeVerts=24
[+22:38:47.608] VoxelMesh: Chunk X=7 Y=-24 Z=0 FlatVerts=0 SlopeVerts=0
[+22:38:47.608] VoxelMesh: Chunk X=5 Y=-24 Z=1 FlatVerts=6 SlopeVerts=72
[+22:38:47.608] VoxelMesh: Chunk X=3 Y=-27 Z=1 FlatVerts=0 SlopeVerts=0
[+22:38:47.608] VoxelMesh: Chunk X=7 Y=-23 Z=1 FlatVerts=48 SlopeVerts=60
[+22:38:47.608] VoxelMesh: Chunk X=7 Y=-27 Z=1 FlatVerts=114 SlopeVerts=0
[+22:38:47.608] VoxelMesh: Chunk X=3 Y=-23 Z=1 FlatVerts=0 SlopeVerts=36
[+22:38:47.609] VoxelMesh: Chunk X=6 Y=-25 Z=-3 FlatVerts=0 SlopeVerts=0
[+22:38:47.609] VoxelMesh: Chunk X=5 Y=-24 Z=-3 FlatVerts=0 SlopeVerts=0
[+22:38:47.609] VoxelMesh: Chunk X=7 Y=-27 Z=-3 FlatVerts=0 SlopeVerts=0
[+22:38:47.610] VoxelMesh: Chunk X=5 Y=-26 Z=1 FlatVerts=180 SlopeVerts=12
[+22:38:47.610] VoxelMesh: Chunk X=7 Y=-23 Z=-3 FlatVerts=0 SlopeVerts=0
[+22:38:47.610] VoxelMesh: Chunk X=3 Y=-23 Z=-3 FlatVerts=0 SlopeVerts=0
[+22:38:47.610] VoxelMesh: Chunk X=8 Y=-23 Z=-2 FlatVerts=0 SlopeVerts=0
[+22:38:47.610] VoxelMesh: Chunk X=5 Y=-26 Z=-3 FlatVerts=0 SlopeVerts=0
[+22:38:47.610] VoxelMesh: Chunk X=6 Y=-25 Z=1 FlatVerts=0 SlopeVerts=0
[+22:38:47.610] VoxelMesh: Chunk X=5 Y=-23 Z=0 FlatVerts=0 SlopeVerts=0
[+22:38:47.610] VoxelMesh: Chunk X=5 Y=-22 Z=-3 FlatVerts=0 SlopeVerts=0
[+22:38:47.610] VoxelMesh: Chunk X=7 Y=-25 Z=0 FlatVerts=0 SlopeVerts=0
[+22:38:47.610] VoxelChunk: GenerateAsync (4,-28,-3)
[+22:38:47.610] VoxelMesh: Chunk X=5 Y=-25 Z=1 FlatVerts=24 SlopeVerts=24
[+22:38:47.610] VoxelMesh: Chunk X=7 Y=-27 Z=0 FlatVerts=0 SlopeVerts=0
[+22:38:47.610] VoxelMesh: Chunk X=4 Y=-23 Z=1 FlatVerts=0 SlopeVerts=6
[+22:38:47.610] VoxelMesh: Chunk X=4 Y=-28 Z=0 FlatVerts=0 SlopeVerts=0
[+22:38:47.611] VoxelMesh: Chunk X=7 Y=-23 Z=0 FlatVerts=0 SlopeVerts=0
[+22:38:47.611] VoxelMesh: Chunk X=7 Y=-24 Z=1 FlatVerts=0 SlopeVerts=6
[+22:38:47.611] VoxelMesh: Chunk X=3 Y=-23 Z=0 FlatVerts=0 SlopeVerts=0
[+22:38:47.611] VoxelMesh: Chunk X=4 Y=-27 Z=1 FlatVerts=0 SlopeVerts=18
[+22:38:47.611] VoxelMesh: Chunk X=4 Y=-25 Z=-3 FlatVerts=0 SlopeVerts=0
[+22:38:47.611] VoxelMesh: Chunk X=6 Y=-27 Z=1 FlatVerts=144 SlopeVerts=0
[+22:38:47.611] VoxelMesh: Chunk X=7 Y=-22 Z=-2 FlatVerts=1506 SlopeVerts=660
[+22:38:47.611] VoxelMesh: Chunk X=3 Y=-26 Z=1 FlatVerts=6 SlopeVerts=12
[+22:38:47.611] VoxelMesh: Chunk X=7 Y=-26 Z=1 FlatVerts=78 SlopeVerts=54
[+22:38:47.611] VoxelMesh: Chunk X=3 Y=-24 Z=1 FlatVerts=0 SlopeVerts=0
[+22:38:47.611] VoxelMesh: Chunk X=8 Y=-26 Z=0 FlatVerts=0 SlopeVerts=0
[+22:38:47.611] VoxelMesh: Chunk X=6 Y=-23 Z=1 FlatVerts=120 SlopeVerts=0
[+22:38:47.611] VoxelMesh: Chunk X=5 Y=-25 Z=-3 FlatVerts=0 SlopeVerts=0
[+22:38:47.611] VoxelMesh: Chunk X=3 Y=-25 Z=1 FlatVerts=0 SlopeVerts=0
[+22:38:47.612] VoxelChunk: GenerateAsync (6,-22,1)
[+22:38:47.612] VoxelMesh: Chunk X=2 Y=-26 Z=0 FlatVerts=0 SlopeVerts=0
[+22:38:47.612] VoxelMesh: Chunk X=7 Y=-25 Z=1 FlatVerts=0 SlopeVerts=0
[+22:38:47.612] VoxelMesh: Chunk X=8 Y=-24 Z=0 FlatVerts=0 SlopeVerts=0
[+22:38:47.612] VoxelMesh: Chunk X=3 Y=-26 Z=-3 FlatVerts=0 SlopeVerts=0
[+22:38:47.612] VoxelMesh: Chunk X=5 Y=-27 Z=1 FlatVerts=84 SlopeVerts=0
[+22:38:47.613] VoxelMesh: Chunk X=3 Y=-25 Z=-3 FlatVerts=0 SlopeVerts=0
[+22:38:47.613] VoxelMesh: Chunk X=2 Y=-25 Z=0 FlatVerts=0 SlopeVerts=0
[+22:38:47.613] VoxelMesh: Chunk X=5 Y=-22 Z=0 FlatVerts=0 SlopeVerts=0
[+22:38:47.613] VoxelMesh: Chunk X=6 Y=-26 Z=-4 FlatVerts=0 SlopeVerts=0
[+22:38:47.613] VoxelMesh: Chunk X=5 Y=-28 Z=0 FlatVerts=0 SlopeVerts=0
[+22:38:47.613] VoxelMesh: Chunk X=6 Y=-28 Z=0 FlatVerts=0 SlopeVerts=0
[+22:38:47.613] VoxelMesh: Chunk X=4 Y=-22 Z=0 FlatVerts=0 SlopeVerts=0
[+22:38:47.613] VoxelMesh: Chunk X=3 Y=-22 Z=-2 FlatVerts=642 SlopeVerts=3708
[+22:38:47.613] VoxelMesh: Chunk X=2 Y=-24 Z=0 FlatVerts=0 SlopeVerts=0
[+22:38:47.613] VoxelMesh: Chunk X=6 Y=-27 Z=-3 FlatVerts=0 SlopeVerts=0
[+22:38:47.613] VoxelMesh: Chunk X=8 Y=-25 Z=0 FlatVerts=0 SlopeVerts=0
[+22:38:47.614] VoxelMesh: Chunk X=6 Y=-22 Z=0 FlatVerts=0 SlopeVerts=0
[+22:38:47.614] VoxelMesh: Chunk X=3 Y=-25 Z=2 FlatVerts=0 SlopeVerts=12
[+22:38:47.614] VoxelMesh: Chunk X=3 Y=-24 Z=-3 FlatVerts=0 SlopeVerts=0
[+22:38:47.614] VoxelMesh: Chunk X=5 Y=-22 Z=1 FlatVerts=6 SlopeVerts=0
[+22:38:47.614] VoxelMesh: Chunk X=7 Y=-25 Z=2 FlatVerts=0 SlopeVerts=0
[+22:38:47.614] VoxelMesh: Chunk X=6 Y=-24 Z=-4 FlatVerts=0 SlopeVerts=0
[+22:38:47.614] VoxelMesh: Chunk X=5 Y=-28 Z=1 FlatVerts=90 SlopeVerts=0
[+22:38:47.614] VoxelMesh: Chunk X=5 Y=-27 Z=2 FlatVerts=114 SlopeVerts=30
[+22:38:47.614] VoxelMesh: Chunk X=5 Y=-23 Z=2 FlatVerts=0 SlopeVerts=66
[+22:38:47.614] VoxelMesh: Chunk X=4 Y=-28 Z=1 FlatVerts=18 SlopeVerts=0
[+22:38:47.614] VoxelChunk: GenerateAsync (4,-27,2)
[+22:38:47.614] VoxelMesh: Chunk X=7 Y=-22 Z=0 FlatVerts=0 SlopeVerts=0
[+22:38:47.614] VoxelMesh: Chunk X=2 Y=-26 Z=1 FlatVerts=0 SlopeVerts=0
[+22:38:47.615] VoxelMesh: Chunk X=7 Y=-26 Z=2 FlatVerts=0 SlopeVerts=138
[+22:38:47.615] VoxelMesh: Chunk X=7 Y=-24 Z=-4 FlatVerts=0 SlopeVerts=0
[+22:38:47.615] VoxelMesh: Chunk X=2 Y=-24 Z=1 FlatVerts=0 SlopeVerts=30
[+22:38:47.615] VoxelMesh: Chunk X=7 Y=-26 Z=-4 FlatVerts=0 SlopeVerts=0
[+22:38:47.615] VoxelMesh: Chunk X=6 Y=-23 Z=-4 FlatVerts=0 SlopeVerts=0
[+22:38:47.615] VoxelMesh: Chunk X=3 Y=-22 Z=0 FlatVerts=0 SlopeVerts=0
[+22:38:47.615] VoxelMesh: Chunk X=2 Y=-26 Z=-3 FlatVerts=0 SlopeVerts=0
[+22:38:47.616] VoxelMesh: Chunk X=8 Y=-26 Z=-3 FlatVerts=0 SlopeVerts=0
[+22:38:47.616] VoxelMesh: Chunk X=4 Y=-26 Z=-4 FlatVerts=0 SlopeVerts=0
[+22:38:47.616] VoxelMesh: Chunk X=6 Y=-28 Z=-3 FlatVerts=0 SlopeVerts=0
[+22:38:47.616] VoxelMesh: Chunk X=6 Y=-22 Z=1 FlatVerts=1506 SlopeVerts=660
[+22:38:47.616] VoxelMesh: Chunk X=8 Y=-27 Z=-2 FlatVerts=0 SlopeVerts=0
[+22:38:47.617] VoxelChunk: GenerateAsync (2,-24,-3)
[+22:38:47.617] VoxelMesh: Chunk X=5 Y=-28 Z=-3 FlatVerts=0 SlopeVerts=0
[+22:38:47.619] VoxelMesh: Chunk X=4 Y=-28 Z=-3 FlatVerts=0 SlopeVerts=0
[+22:38:47.619] VoxelMesh: Chunk X=4 Y=-27 Z=2 FlatVerts=642 SlopeVerts=3708
[+22:38:47.619] VoxelMesh: Chunk X=2 Y=-24 Z=-3 FlatVerts=0 SlopeVerts=0
[+22:38:47.641] VoxelMesh: Chunk X=0 Y=0 Z=0 FlatVerts=198 SlopeVerts=39828
[+22:38:47.673] VoxelChunk: GenerateAsync (1,-3,3)
[+22:38:47.675] VoxelMesh: Chunk X=1 Y=-3 Z=3 FlatVerts=0 SlopeVerts=4692
[+22:38:47.681] VoxelMesh: Chunk X=2 Y=-23 Z=-2 FlatVerts=96 SlopeVerts=3114
[+22:38:47.681] VoxelChunk: GenerateAsync (3,-26,2)
[+22:38:47.682] VoxelMesh: Chunk X=3 Y=-28 Z=-1 FlatVerts=0 SlopeVerts=0
[+22:38:47.682] VoxelChunk: GenerateAsync (2,-23,0)
[+22:38:47.683] VoxelMesh: Chunk X=3 Y=-26 Z=2 FlatVerts=96 SlopeVerts=3114
[+22:38:47.684] VoxelMesh: Chunk X=2 Y=-23 Z=0 FlatVerts=0 SlopeVerts=0
[+22:38:47.684] VoxelMesh: Chunk X=2 Y=-23 Z=-1 FlatVerts=0 SlopeVerts=0
[+22:38:47.684] VoxelChunk: GenerateAsync (6,-23,2)
[+22:38:47.686] VoxelMesh: Chunk X=7 Y=-22 Z=-1 FlatVerts=0 SlopeVerts=108
[+22:38:47.686] VoxelChunk: GenerateAsync (6,-27,2)
[+22:38:47.686] VoxelMesh: Chunk X=6 Y=-23 Z=2 FlatVerts=0 SlopeVerts=0
[+22:38:47.687] VoxelMesh: Chunk X=6 Y=-27 Z=2 FlatVerts=0 SlopeVerts=108
[+22:38:47.701] VoxelWater: Chunk X=8 Y=-25 Z=1 emitted 20 procedural water vertices (Ocean/Pools)
[+22:38:47.701] VoxelWater: Chunk X=5 Y=-23 Z=1 emitted 44 procedural water vertices (Ocean/Pools)
[+22:38:47.701] VoxelWater: Chunk X=6 Y=-24 Z=1 emitted 76 procedural water vertices (Ocean/Pools)
[+22:38:47.701] VoxelWater: Chunk X=4 Y=-24 Z=1 emitted 28 procedural water vertices (Ocean/Pools)
[+22:38:47.701] VoxelWater: Chunk X=5 Y=-26 Z=1 emitted 136 procedural water vertices (Ocean/Pools)
[+22:38:47.701] VoxelWater: Chunk X=6 Y=-26 Z=1 emitted 72 procedural water vertices (Ocean/Pools)
[+22:38:47.701] VoxelWater: Chunk X=4 Y=-26 Z=1 emitted 208 procedural water vertices (Ocean/Pools)
[+22:38:47.701] VoxelWater: Chunk X=4 Y=-25 Z=1 emitted 100 procedural water vertices (Ocean/Pools)
[+22:38:47.701] VoxelWater: Chunk X=5 Y=-25 Z=1 emitted 8 procedural water vertices (Ocean/Pools)
[+22:38:47.701] VoxelWater: Chunk X=5 Y=-24 Z=1 emitted 40 procedural water vertices (Ocean/Pools)
[+22:38:47.701] VoxelWater: Chunk X=4 Y=-26 Z=2 emitted 12 procedural water vertices (Ocean/Pools)
[+22:38:47.701] VoxelWater: Chunk X=4 Y=-25 Z=2 emitted 368 procedural water vertices (Ocean/Pools)
[+22:38:47.701] VoxelWater: Chunk X=4 Y=-25 Z=3 emitted 160 procedural water vertices (Ocean/Pools)
[+22:38:47.701] VoxelWater: Chunk X=5 Y=-25 Z=2 emitted 448 procedural water vertices (Ocean/Pools)
[+22:38:47.701] VoxelWater: Chunk X=4 Y=-24 Z=2 emitted 324 procedural water vertices (Ocean/Pools)
[+22:38:47.701] VoxelWater: Chunk X=4 Y=-24 Z=3 emitted 84 procedural water vertices (Ocean/Pools)
[+22:38:47.701] VoxelWater: Chunk X=5 Y=-24 Z=2 emitted 148 procedural water vertices (Ocean/Pools)
[+22:38:47.701] VoxelWater: Chunk X=5 Y=-26 Z=2 emitted 8 procedural water vertices (Ocean/Pools)
[+22:38:47.701] VoxelWater: Chunk X=5 Y=-25 Z=3 emitted 140 procedural water vertices (Ocean/Pools)
[+22:38:47.701] VoxelWater: Chunk X=6 Y=-25 Z=2 emitted 72 procedural water vertices (Ocean/Pools)
[+22:38:47.701] VoxelWater: Chunk X=5 Y=-24 Z=3 emitted 20 procedural water vertices (Ocean/Pools)
[+22:38:47.701] VoxelWater: Chunk X=6 Y=-24 Z=3 emitted 132 procedural water vertices (Ocean/Pools)
[+22:38:47.701] VoxelWater: Chunk X=6 Y=-26 Z=2 emitted 60 procedural water vertices (Ocean/Pools)
[+22:38:47.701] VoxelWater: Chunk X=6 Y=-26 Z=3 emitted 16 procedural water vertices (Ocean/Pools)
[+22:38:47.702] VoxelWater: Chunk X=6 Y=-25 Z=3 emitted 336 procedural water vertices (Ocean/Pools)
[+22:38:47.702] VoxelWater: Chunk X=6 Y=-24 Z=2 emitted 168 procedural water vertices (Ocean/Pools)
[+22:38:47.702] VoxelWater: Chunk X=6 Y=-25 Z=1 emitted 12 procedural water vertices (Ocean/Pools)
[+22:38:47.702] VoxelWater: Chunk X=4 Y=-27 Z=1 emitted 36 procedural water vertices (Ocean/Pools)
[+22:38:47.702] VoxelWater: Chunk X=6 Y=-27 Z=1 emitted 104 procedural water vertices (Ocean/Pools)
[+22:38:47.702] VoxelWater: Chunk X=3 Y=-26 Z=1 emitted 28 procedural water vertices (Ocean/Pools)
[+22:38:47.702] VoxelWater: Chunk X=7 Y=-26 Z=1 emitted 64 procedural water vertices (Ocean/Pools)
[+22:38:47.702] VoxelWater: Chunk X=5 Y=-27 Z=1 emitted 60 procedural water vertices (Ocean/Pools)
[+22:38:47.702] VoxelWater: Chunk X=5 Y=-23 Z=2 emitted 16 procedural water vertices (Ocean/Pools)
[+22:38:47.702] VoxelWater: Chunk X=5 Y=-27 Z=2 emitted 52 procedural water vertices (Ocean/Pools)
[+22:38:47.702] VoxelWater: Chunk X=6 Y=-27 Z=2 emitted 4 procedural water vertices (Ocean/Pools)
[+22:38:47.702] VoxelWater: Chunk X=5 Y=-28 Z=1 emitted 64 procedural water vertices (Ocean/Pools)
[+22:38:47.702] VoxelWater: Chunk X=4 Y=-27 Z=2 emitted 32 procedural water vertices (Ocean/Pools)
[+22:38:47.702] VoxelWater: Chunk X=6 Y=-22 Z=1 emitted 24 procedural water vertices (Ocean/Pools)
[+22:38:47.702] VoxelWater: Chunk X=7 Y=-26 Z=2 emitted 32 procedural water vertices (Ocean/Pools)
[+22:38:47.714] VoxelMesh: Chunk X=8 Y=-27 Z=-1 FlatVerts=0 SlopeVerts=0
[+22:38:47.715] VoxelChunk: GenerateAsync (3,-28,0)
[+22:38:47.716] VoxelMesh: Chunk X=3 Y=-22 Z=-1 FlatVerts=0 SlopeVerts=0
[+22:38:47.716] VoxelChunk: GenerateAsync (2,-27,-2)
[+22:38:47.716] VoxelMesh: Chunk X=3 Y=-28 Z=0 FlatVerts=0 SlopeVerts=0
[+22:38:47.717] VoxelMesh: Chunk X=7 Y=-28 Z=-1 FlatVerts=0 SlopeVerts=0
[+22:38:47.717] VoxelChunk: GenerateAsync (7,-28,0)
[+22:38:47.718] VoxelMesh: Chunk X=7 Y=-28 Z=0 FlatVerts=0 SlopeVerts=0
[+22:38:47.718] VoxelMesh: Chunk X=2 Y=-27 Z=-2 FlatVerts=0 SlopeVerts=0
[+22:38:47.718] VoxelMesh: Chunk X=2 Y=-27 Z=-1 FlatVerts=0 SlopeVerts=1512
[+22:38:47.719] VoxelChunk: GenerateAsync (7,-24,2)
[+22:38:47.720] VoxelMesh: Chunk X=7 Y=-24 Z=2 FlatVerts=0 SlopeVerts=1512
[+22:38:47.732] VoxelMesh: Chunk X=0 Y=0 Z=0 FlatVerts=0 SlopeVerts=588
[+22:38:47.732] VoxelChunk: GenerateAsync (-2,-2,3)
[+22:38:47.734] VoxelMesh: Chunk X=-2 Y=-2 Z=3 FlatVerts=0 SlopeVerts=6270
[+22:38:47.735] VoxelMesh: Chunk X=8 Y=-23 Z=-1 FlatVerts=0 SlopeVerts=0
[+22:38:47.735] VoxelChunk: GenerateAsync (8,-27,0)
[+22:38:47.736] VoxelMesh: Chunk X=8 Y=-27 Z=0 FlatVerts=0 SlopeVerts=0
[+22:38:47.736] VoxelMesh: Chunk X=2 Y=-24 Z=-1 FlatVerts=0 SlopeVerts=0
[+22:38:47.736] VoxelChunk: GenerateAsync (7,-28,-2)
[+22:38:47.736] VoxelMesh: Chunk X=5 Y=-22 Z=-2 FlatVerts=0 SlopeVerts=0
[+22:38:47.737] VoxelChunk: GenerateAsync (6,-27,-4)
[+22:38:47.737] VoxelMesh: Chunk X=8 Y=-25 Z=-2 FlatVerts=12 SlopeVerts=12
[+22:38:47.738] VoxelChunk: GenerateAsync (8,-24,1)
[+22:38:47.738] VoxelMesh: Chunk X=6 Y=-27 Z=-4 FlatVerts=0 SlopeVerts=0
[+22:38:47.738] VoxelMesh: Chunk X=8 Y=-24 Z=1 FlatVerts=12 SlopeVerts=12
[+22:38:47.738] VoxelMesh: Chunk X=7 Y=-28 Z=-2 FlatVerts=0 SlopeVerts=0
[+22:38:47.752] VoxelMesh: Chunk X=5 Y=-28 Z=-2 FlatVerts=0 SlopeVerts=0
[+22:38:47.752] VoxelChunk: GenerateAsync (3,-28,-2)
[+22:38:47.753] VoxelMesh: Chunk X=2 Y=-25 Z=-2 FlatVerts=0 SlopeVerts=0
[+22:38:47.753] VoxelChunk: GenerateAsync (4,-22,-3)
[+22:38:47.753] VoxelMesh: Chunk X=3 Y=-28 Z=-2 FlatVerts=0 SlopeVerts=0
[+22:38:47.753] VoxelMesh: Chunk X=5 Y=-25 Z=-2 FlatVerts=0 SlopeVerts=0
[+22:38:47.753] VoxelChunk: GenerateAsync (3,-24,-4)
[+22:38:47.753] VoxelMesh: Chunk X=4 Y=-22 Z=-3 FlatVerts=0 SlopeVerts=0
[+22:38:47.754] VoxelMesh: Chunk X=5 Y=-26 Z=-2 FlatVerts=0 SlopeVerts=0
[+22:38:47.754] VoxelMesh: Chunk X=3 Y=-24 Z=-4 FlatVerts=0 SlopeVerts=0
[+22:38:47.754] VoxelChunk: GenerateAsync (8,-23,0)
[+22:38:47.754] VoxelMesh: Chunk X=8 Y=-23 Z=0 FlatVerts=0 SlopeVerts=0
[+22:38:47.763] VoxelMesh: Chunk X=5 Y=-24 Z=-2 FlatVerts=0 SlopeVerts=0
[+22:38:47.763] VoxelChunk: GenerateAsync (2,-27,0)
[+22:38:47.764] VoxelMesh: Chunk X=4 Y=-25 Z=-2 FlatVerts=324 SlopeVerts=240
[+22:38:47.764] VoxelMesh: Chunk X=2 Y=-27 Z=0 FlatVerts=0 SlopeVerts=0
[+22:38:47.764] VoxelChunk: GenerateAsync (8,-26,1)
[+22:38:47.764] VoxelMesh: Chunk X=6 Y=-25 Z=-2 FlatVerts=0 SlopeVerts=0
[+22:38:47.764] VoxelMesh: Chunk X=8 Y=-26 Z=1 FlatVerts=324 SlopeVerts=240
[+22:38:47.764] VoxelChunk: GenerateAsync (4,-22,1)
[+22:38:47.765] VoxelMesh: Chunk X=4 Y=-22 Z=1 FlatVerts=0 SlopeVerts=0
[+22:38:47.765] VoxelMesh: Chunk X=6 Y=-26 Z=-2 FlatVerts=0 SlopeVerts=0
[+22:38:47.765] VoxelChunk: GenerateAsync (4,-23,-4)
[+22:38:47.765] VoxelMesh: Chunk X=4 Y=-23 Z=-4 FlatVerts=0 SlopeVerts=0
[+22:38:47.772] VoxelMesh: Chunk X=6 Y=-24 Z=-2 FlatVerts=0 SlopeVerts=114
[+22:38:47.772] VoxelChunk: GenerateAsync (3,-24,2)
[+22:38:47.773] VoxelMesh: Chunk X=4 Y=-24 Z=-2 FlatVerts=18 SlopeVerts=810
[+22:38:47.773] VoxelMesh: Chunk X=3 Y=-24 Z=2 FlatVerts=0 SlopeVerts=114
[+22:38:47.773] VoxelChunk: GenerateAsync (4,-23,2)
[+22:38:47.773] VoxelMesh: Chunk X=4 Y=-26 Z=-2 FlatVerts=0 SlopeVerts=0
[+22:38:47.773] VoxelMesh: Chunk X=4 Y=-23 Z=2 FlatVerts=18 SlopeVerts=810
[+22:38:47.773] VoxelChunk: GenerateAsync (8,-24,-3)
[+22:38:47.774] VoxelMesh: Chunk X=6 Y=-28 Z=-2 FlatVerts=576 SlopeVerts=108
[+22:38:47.774] VoxelMesh: Chunk X=8 Y=-24 Z=-3 FlatVerts=0 SlopeVerts=0
[+22:38:47.774] VoxelChunk: GenerateAsync (6,-28,1)
[+22:38:47.774] VoxelMesh: Chunk X=6 Y=-28 Z=1 FlatVerts=576 SlopeVerts=108
[+22:38:47.783] VoxelMesh: Chunk X=8 Y=-24 Z=-2 FlatVerts=0 SlopeVerts=0
[+22:38:47.783] VoxelChunk: GenerateAsync (6,-22,-3)
[+22:38:47.783] VoxelMesh: Chunk X=4 Y=-22 Z=-2 FlatVerts=0 SlopeVerts=0
[+22:38:47.783] VoxelMesh: Chunk X=6 Y=-22 Z=-3 FlatVerts=0 SlopeVerts=0
[+22:38:47.784] VoxelChunk: GenerateAsync (5,-25,-5)
[+22:38:47.784] VoxelMesh: Chunk X=5 Y=-25 Z=-5 FlatVerts=0 SlopeVerts=0
[+22:38:47.784] VoxelMesh: Chunk X=8 Y=-26 Z=-2 FlatVerts=0 SlopeVerts=0
[+22:38:47.784] VoxelChunk: GenerateAsync (3,-22,-3)
[+22:38:47.784] VoxelMesh: Chunk X=5 Y=-23 Z=-2 FlatVerts=0 SlopeVerts=0
[+22:38:47.785] VoxelMesh: Chunk X=3 Y=-22 Z=-3 FlatVerts=0 SlopeVerts=0
[+22:38:47.785] VoxelChunk: GenerateAsync (7,-23,-4)
[+22:38:47.785] VoxelMesh: Chunk X=7 Y=-23 Z=-4 FlatVerts=0 SlopeVerts=0
[+22:38:47.793] VoxelMesh: Chunk X=2 Y=-24 Z=-2 FlatVerts=0 SlopeVerts=0
[+22:38:47.794] VoxelChunk: GenerateAsync (8,-23,-3)
[+22:38:47.794] VoxelMesh: Chunk X=4 Y=-28 Z=-2 FlatVerts=474 SlopeVerts=132
[+22:38:47.794] VoxelMesh: Chunk X=8 Y=-23 Z=-3 FlatVerts=0 SlopeVerts=0
[+22:38:47.794] VoxelChunk: GenerateAsync (8,-23,1)
[+22:38:47.795] VoxelMesh: Chunk X=5 Y=-27 Z=-2 FlatVerts=120 SlopeVerts=24
[+22:38:47.795] VoxelMesh: Chunk X=8 Y=-23 Z=1 FlatVerts=474 SlopeVerts=132
[+22:38:47.795] VoxelChunk: GenerateAsync (3,-28,1)
[+22:38:47.795] VoxelMesh: Chunk X=3 Y=-28 Z=1 FlatVerts=120 SlopeVerts=24
[+22:38:47.795] VoxelMesh: Chunk X=6 Y=-22 Z=-2 FlatVerts=0 SlopeVerts=0
[+22:38:47.795] VoxelChunk: GenerateAsync (7,-28,-3)
[+22:38:47.796] VoxelMesh: Chunk X=7 Y=-28 Z=-3 FlatVerts=0 SlopeVerts=0
[+22:38:47.803] VoxelMesh: Chunk X=2 Y=-26 Z=-2 FlatVerts=0 SlopeVerts=0
[+22:38:47.804] VoxelChunk: GenerateAsync (2,-27,1)
[+22:38:47.804] VoxelMesh: Chunk X=3 Y=-25 Z=-2 FlatVerts=0 SlopeVerts=0
[+22:38:47.804] VoxelMesh: Chunk X=2 Y=-27 Z=1 FlatVerts=0 SlopeVerts=0
[+22:38:47.804] VoxelChunk: GenerateAsync (3,-23,-4)
[+22:38:47.804] VoxelMesh: Chunk X=7 Y=-25 Z=-2 FlatVerts=0 SlopeVerts=0
[+22:38:47.804] VoxelMesh: Chunk X=3 Y=-23 Z=-4 FlatVerts=0 SlopeVerts=0
[+22:38:47.805] VoxelChunk: GenerateAsync (5,-24,-5)
[+22:38:47.805] VoxelMesh: Chunk X=7 Y=-24 Z=-2 FlatVerts=0 SlopeVerts=0
[+22:38:47.805] VoxelMesh: Chunk X=5 Y=-24 Z=-5 FlatVerts=0 SlopeVerts=0
[+22:38:47.805] VoxelChunk: GenerateAsync (2,-27,-3)
[+22:38:47.806] VoxelMesh: Chunk X=2 Y=-27 Z=-3 FlatVerts=0 SlopeVerts=0
[+22:38:47.814] VoxelMesh: Chunk X=4 Y=-23 Z=-2 FlatVerts=0 SlopeVerts=0
[+22:38:47.814] VoxelChunk: GenerateAsync (5,-21,0)
[+22:38:47.814] VoxelMesh: Chunk X=6 Y=-23 Z=-2 FlatVerts=0 SlopeVerts=0
[+22:38:47.814] VoxelMesh: Chunk X=5 Y=-21 Z=0 FlatVerts=0 SlopeVerts=0
[+22:38:47.814] VoxelChunk: GenerateAsync (9,-25,0)
[+22:38:47.815] VoxelMesh: Chunk X=3 Y=-24 Z=-2 FlatVerts=0 SlopeVerts=0
[+22:38:47.815] VoxelMesh: Chunk X=9 Y=-25 Z=0 FlatVerts=0 SlopeVerts=0
[+22:38:47.815] VoxelChunk: GenerateAsync (3,-28,-3)
[+22:38:47.815] VoxelMesh: Chunk X=4 Y=-27 Z=-2 FlatVerts=552 SlopeVerts=36
[+22:38:47.816] VoxelChunk: GenerateAsync (8,-27,1)
[+22:38:47.816] VoxelMesh: Chunk X=3 Y=-28 Z=-3 FlatVerts=0 SlopeVerts=0
[+22:38:47.816] VoxelMesh: Chunk X=8 Y=-27 Z=1 FlatVerts=552 SlopeVerts=36
[+22:38:47.830] VoxelMesh: Chunk X=0 Y=0 Z=0 FlatVerts=24 SlopeVerts=36774
[+22:38:47.859] VoxelChunk: GenerateAsync (2,-2,3)
[+22:38:47.861] VoxelMesh: Chunk X=7 Y=-26 Z=-2 FlatVerts=0 SlopeVerts=0
[+22:38:47.861] VoxelMesh: Chunk X=2 Y=-2 Z=3 FlatVerts=6 SlopeVerts=3090
[+22:38:47.861] VoxelChunk: GenerateAsync (3,-27,-4)
[+22:38:47.862] VoxelMesh: Chunk X=6 Y=-27 Z=-2 FlatVerts=0 SlopeVerts=276
[+22:38:47.862] VoxelMesh: Chunk X=3 Y=-27 Z=-4 FlatVerts=0 SlopeVerts=0
[+22:38:47.862] VoxelChunk: GenerateAsync (7,-23,2)
[+22:38:47.862] VoxelMesh: Chunk X=3 Y=-26 Z=-2 FlatVerts=0 SlopeVerts=0
[+22:38:47.863] VoxelMesh: Chunk X=7 Y=-23 Z=2 FlatVerts=0 SlopeVerts=276
[+22:38:47.863] VoxelChunk: GenerateAsync (5,-29,0)
[+22:38:47.863] VoxelMesh: Chunk X=7 Y=-23 Z=-2 FlatVerts=0 SlopeVerts=0
[+22:38:47.863] VoxelMesh: Chunk X=5 Y=-29 Z=0 FlatVerts=0 SlopeVerts=0
[+22:38:47.863] VoxelChunk: GenerateAsync (3,-22,1)
[+22:38:47.863] VoxelMesh: Chunk X=3 Y=-22 Z=1 FlatVerts=0 SlopeVerts=0
[+22:38:47.875] VoxelMesh: Chunk X=3 Y=-23 Z=-2 FlatVerts=150 SlopeVerts=564
[+22:38:47.876] VoxelChunk: GenerateAsync (3,-27,2)
[+22:38:47.876] VoxelMesh: Chunk X=7 Y=-27 Z=-2 FlatVerts=0 SlopeVerts=0
[+22:38:47.876] VoxelMesh: Chunk X=3 Y=-27 Z=2 FlatVerts=150 SlopeVerts=564
[+22:38:47.876] VoxelChunk: GenerateAsync (2,-23,-3)
[+22:38:47.876] VoxelMesh: Chunk X=3 Y=-27 Z=-2 FlatVerts=522 SlopeVerts=6
[+22:38:47.877] VoxelMesh: Chunk X=2 Y=-23 Z=-3 FlatVerts=0 SlopeVerts=0
[+22:38:47.877] VoxelChunk: GenerateAsync (7,-22,1)
[+22:38:47.877] VoxelMesh: Chunk X=7 Y=-22 Z=1 FlatVerts=522 SlopeVerts=6
[+22:38:47.883] VoxelMesh: Chunk X=0 Y=0 Z=0 FlatVerts=330 SlopeVerts=18936
[+22:38:47.884] VoxelChunk: GenerateAsync (3,-23,2)
[+22:38:47.885] VoxelMesh: Chunk X=3 Y=-23 Z=2 FlatVerts=162 SlopeVerts=5232
[+22:38:47.902] VoxelMesh: Chunk X=0 Y=0 Z=0 FlatVerts=0 SlopeVerts=0
[+22:38:47.902] VoxelChunk: GenerateAsync (7,-22,-3)
[+22:38:47.904] VoxelMesh: Chunk X=7 Y=-22 Z=-3 FlatVerts=0 SlopeVerts=0
[+22:38:47.909] VoxelMesh: Chunk X=0 Y=0 Z=0 FlatVerts=0 SlopeVerts=0
[+22:38:47.909] VoxelChunk: GenerateAsync (7,-27,-4)
[+22:38:47.912] VoxelMesh: Chunk X=7 Y=-27 Z=-4 FlatVerts=0 SlopeVerts=0
[+22:38:47.914] VoxelMesh: Chunk X=0 Y=0 Z=0 FlatVerts=324 SlopeVerts=11784
[+22:38:47.914] VoxelChunk: GenerateAsync (2,-23,1)
[+22:38:47.915] VoxelMesh: Chunk X=2 Y=-23 Z=1 FlatVerts=180 SlopeVerts=822
[+22:38:47.919] VoxelMesh: Chunk X=0 Y=0 Z=0 FlatVerts=0 SlopeVerts=0
[+22:38:47.919] VoxelChunk: GenerateAsync (6,-25,-5)
[+22:38:47.919] VoxelMesh: Chunk X=6 Y=-25 Z=-5 FlatVerts=0 SlopeVerts=0
[+22:38:47.936] VoxelWater: Chunk X=8 Y=-25 Z=1 emitted 20 procedural water vertices (Ocean/Pools)
[+22:38:47.936] VoxelWater: Chunk X=5 Y=-23 Z=1 emitted 44 procedural water vertices (Ocean/Pools)
[+22:38:47.936] VoxelWater: Chunk X=6 Y=-24 Z=1 emitted 80 procedural water vertices (Ocean/Pools)
[+22:38:47.936] VoxelWater: Chunk X=4 Y=-24 Z=1 emitted 40 procedural water vertices (Ocean/Pools)
[+22:38:47.936] VoxelWater: Chunk X=6 Y=-26 Z=1 emitted 76 procedural water vertices (Ocean/Pools)
[+22:38:47.936] VoxelWater: Chunk X=4 Y=-26 Z=1 emitted 204 procedural water vertices (Ocean/Pools)
[+22:38:47.936] VoxelWater: Chunk X=5 Y=-26 Z=1 emitted 144 procedural water vertices (Ocean/Pools)
[+22:38:47.936] VoxelWater: Chunk X=4 Y=-25 Z=1 emitted 100 procedural water vertices (Ocean/Pools)
[+22:38:47.936] VoxelWater: Chunk X=5 Y=-25 Z=1 emitted 8 procedural water vertices (Ocean/Pools)
[+22:38:47.936] VoxelWater: Chunk X=5 Y=-24 Z=1 emitted 64 procedural water vertices (Ocean/Pools)
[+22:38:47.936] VoxelWater: Chunk X=4 Y=-26 Z=2 emitted 12 procedural water vertices (Ocean/Pools)
[+22:38:47.937] VoxelWater: Chunk X=4 Y=-25 Z=2 emitted 392 procedural water vertices (Ocean/Pools)
[+22:38:47.937] VoxelWater: Chunk X=4 Y=-25 Z=3 emitted 144 procedural water vertices (Ocean/Pools)
[+22:38:47.937] VoxelWater: Chunk X=5 Y=-25 Z=2 emitted 468 procedural water vertices (Ocean/Pools)
[+22:38:47.937] VoxelWater: Chunk X=4 Y=-24 Z=2 emitted 336 procedural water vertices (Ocean/Pools)
[+22:38:47.937] VoxelWater: Chunk X=4 Y=-24 Z=3 emitted 84 procedural water vertices (Ocean/Pools)
[+22:38:47.937] VoxelWater: Chunk X=4 Y=-23 Z=2 emitted 4 procedural water vertices (Ocean/Pools)
[+22:38:47.937] VoxelWater: Chunk X=5 Y=-24 Z=2 emitted 148 procedural water vertices (Ocean/Pools)
[+22:38:47.937] VoxelWater: Chunk X=5 Y=-26 Z=2 emitted 8 procedural water vertices (Ocean/Pools)
[+22:38:47.937] VoxelWater: Chunk X=5 Y=-25 Z=3 emitted 132 procedural water vertices (Ocean/Pools)
[+22:38:47.937] VoxelWater: Chunk X=6 Y=-25 Z=2 emitted 96 procedural water vertices (Ocean/Pools)
[+22:38:47.937] VoxelWater: Chunk X=5 Y=-24 Z=3 emitted 20 procedural water vertices (Ocean/Pools)
[+22:38:47.937] VoxelWater: Chunk X=6 Y=-24 Z=3 emitted 132 procedural water vertices (Ocean/Pools)
[+22:38:47.937] VoxelWater: Chunk X=6 Y=-26 Z=2 emitted 60 procedural water vertices (Ocean/Pools)
[+22:38:47.937] VoxelWater: Chunk X=6 Y=-26 Z=3 emitted 16 procedural water vertices (Ocean/Pools)
[+22:38:47.937] VoxelWater: Chunk X=6 Y=-25 Z=3 emitted 332 procedural water vertices (Ocean/Pools)
[+22:38:47.937] VoxelWater: Chunk X=6 Y=-24 Z=2 emitted 168 procedural water vertices (Ocean/Pools)
[+22:38:47.937] VoxelWater: Chunk X=6 Y=-25 Z=1 emitted 12 procedural water vertices (Ocean/Pools)
[+22:38:47.938] VoxelWater: Chunk X=4 Y=-27 Z=1 emitted 40 procedural water vertices (Ocean/Pools)
[+22:38:47.938] VoxelWater: Chunk X=6 Y=-27 Z=1 emitted 108 procedural water vertices (Ocean/Pools)
[+22:38:47.938] VoxelWater: Chunk X=3 Y=-26 Z=1 emitted 28 procedural water vertices (Ocean/Pools)
[+22:38:47.938] VoxelWater: Chunk X=7 Y=-26 Z=1 emitted 72 procedural water vertices (Ocean/Pools)
[+22:38:47.938] VoxelWater: Chunk X=8 Y=-26 Z=1 emitted 4 procedural water vertices (Ocean/Pools)
[+22:38:47.938] VoxelWater: Chunk X=5 Y=-27 Z=1 emitted 72 procedural water vertices (Ocean/Pools)
[+22:38:47.938] VoxelWater: Chunk X=5 Y=-23 Z=2 emitted 16 procedural water vertices (Ocean/Pools)
[+22:38:47.938] VoxelWater: Chunk X=5 Y=-27 Z=2 emitted 56 procedural water vertices (Ocean/Pools)
[+22:38:47.938] VoxelWater: Chunk X=6 Y=-27 Z=2 emitted 8 procedural water vertices (Ocean/Pools)
[+22:38:47.938] VoxelWater: Chunk X=5 Y=-28 Z=1 emitted 64 procedural water vertices (Ocean/Pools)
[+22:38:47.938] VoxelWater: Chunk X=3 Y=-26 Z=2 emitted 48 procedural water vertices (Ocean/Pools)
[+22:38:47.938] VoxelWater: Chunk X=4 Y=-27 Z=2 emitted 32 procedural water vertices (Ocean/Pools)
[+22:38:47.938] VoxelWater: Chunk X=6 Y=-22 Z=1 emitted 36 procedural water vertices (Ocean/Pools)
[+22:38:47.938] VoxelWater: Chunk X=7 Y=-26 Z=2 emitted 36 procedural water vertices (Ocean/Pools)
[+22:38:47.938] VoxelWater: Chunk X=3 Y=-23 Z=1 emitted 8 procedural water vertices (Ocean/Pools)
[+22:38:47.938] VoxelWater: Chunk X=3 Y=-23 Z=2 emitted 52 procedural water vertices (Ocean/Pools)
[+22:38:47.952] VoxelMesh: Chunk X=0 Y=0 Z=0 FlatVerts=0 SlopeVerts=0
[+22:38:47.952] VoxelChunk: GenerateAsync (4,-25,-5)
[+22:38:47.952] VoxelMesh: Chunk X=4 Y=-25 Z=-5 FlatVerts=0 SlopeVerts=0
[+22:38:47.958] VoxelMesh: Chunk X=0 Y=0 Z=0 FlatVerts=696 SlopeVerts=20724
[+22:38:47.960] VoxelChunk: GenerateAsync (7,-27,2)
[+22:38:47.962] VoxelMesh: Chunk X=7 Y=-27 Z=2 FlatVerts=0 SlopeVerts=0
[+22:38:47.966] VoxelMesh: Chunk X=0 Y=0 Z=0 FlatVerts=0 SlopeVerts=0
[+22:38:47.966] VoxelChunk: GenerateAsync (8,-27,-3)
[+22:38:47.970] VoxelMesh: Chunk X=8 Y=-27 Z=-3 FlatVerts=0 SlopeVerts=0
[+22:38:47.972] VoxelMesh: Chunk X=0 Y=0 Z=0 FlatVerts=0 SlopeVerts=0
[+22:38:47.972] VoxelChunk: GenerateAsync (5,-26,-5)
[+22:38:47.974] VoxelMesh: Chunk X=5 Y=-26 Z=-5 FlatVerts=0 SlopeVerts=0
[+22:38:47.986] VoxelMesh: Chunk X=0 Y=0 Z=0 FlatVerts=0 SlopeVerts=10260
[+22:38:47.994] VoxelChunk: GenerateAsync (0,-1,3)
[+22:38:47.996] VoxelMesh: Chunk X=0 Y=-1 Z=3 FlatVerts=0 SlopeVerts=72
[+22:38:48.001] VoxelMesh: Chunk X=0 Y=0 Z=0 FlatVerts=6102 SlopeVerts=6540
[+22:38:48.002] VoxelChunk: GenerateAsync (7,-28,1)
[+22:38:48.003] VoxelMesh: Chunk X=7 Y=-28 Z=1 FlatVerts=2442 SlopeVerts=36
[+22:38:48.007] VoxelMesh: Chunk X=0 Y=0 Z=0 FlatVerts=1344 SlopeVerts=522
[+22:38:48.008] VoxelChunk: GenerateAsync (1,-25,0)
[+22:38:48.010] VoxelMesh: Chunk X=1 Y=-25 Z=0 FlatVerts=0 SlopeVerts=0
[+22:38:48.013] VoxelMesh: Chunk X=0 Y=0 Z=0 FlatVerts=0 SlopeVerts=30
[+22:38:48.013] VoxelChunk: GenerateAsync (1,-24,0)
[+22:38:48.013] VoxelMesh: Chunk X=1 Y=-24 Z=0 FlatVerts=0 SlopeVerts=0
[+22:38:48.018] VoxelMesh: Chunk X=0 Y=0 Z=0 FlatVerts=0 SlopeVerts=0
[+22:38:48.018] VoxelChunk: GenerateAsync (4,-24,-5)
[+22:38:48.019] VoxelMesh: Chunk X=4 Y=-24 Z=-5 FlatVerts=0 SlopeVerts=0
[+22:38:48.032] VoxelMesh: Chunk X=0 Y=0 Z=0 FlatVerts=0 SlopeVerts=0
[+22:38:48.032] VoxelChunk: GenerateAsync (6,-24,-5)
[+22:38:48.036] VoxelMesh: Chunk X=6 Y=-24 Z=-5 FlatVerts=0 SlopeVerts=0
[+22:38:48.038] VoxelMesh: Chunk X=0 Y=0 Z=0 FlatVerts=0 SlopeVerts=0
[+22:38:48.039] VoxelChunk: GenerateAsync (5,-22,-4)
[+22:38:48.041] VoxelMesh: Chunk X=5 Y=-22 Z=-4 FlatVerts=0 SlopeVerts=0
[+22:38:48.043] VoxelMesh: Chunk X=0 Y=0 Z=0 FlatVerts=3660 SlopeVerts=4392
[+22:38:48.043] VoxelChunk: GenerateAsync (9,-24,0)
[+22:38:48.046] VoxelMesh: Chunk X=9 Y=-24 Z=0 FlatVerts=0 SlopeVerts=0
[+22:38:48.047] VoxelMesh: Chunk X=0 Y=0 Z=0 FlatVerts=0 SlopeVerts=0
[+22:38:48.047] VoxelChunk: GenerateAsync (8,-22,-1)
[+22:38:48.048] VoxelMesh: Chunk X=8 Y=-22 Z=-1 FlatVerts=0 SlopeVerts=0
[+22:38:48.061] VoxelMesh: Chunk X=0 Y=0 Z=0 FlatVerts=0 SlopeVerts=0
[+22:38:48.062] VoxelChunk: GenerateAsync (8,-25,-4)
[+22:38:48.064] VoxelMesh: Chunk X=8 Y=-25 Z=-4 FlatVerts=0 SlopeVerts=0
[+22:38:48.067] VoxelMesh: Chunk X=0 Y=0 Z=0 FlatVerts=0 SlopeVerts=0
[+22:38:48.067] VoxelChunk: GenerateAsync (4,-26,-5)
[+22:38:48.070] VoxelMesh: Chunk X=4 Y=-26 Z=-5 FlatVerts=0 SlopeVerts=0
[+22:38:48.072] VoxelMesh: Chunk X=0 Y=0 Z=0 FlatVerts=0 SlopeVerts=0
[+22:38:48.072] VoxelChunk: GenerateAsync (6,-26,-5)
[+22:38:48.076] VoxelMesh: Chunk X=6 Y=-26 Z=-5 FlatVerts=0 SlopeVerts=0
[+22:38:48.079] VoxelMesh: Chunk X=0 Y=0 Z=0 FlatVerts=0 SlopeVerts=0
[+22:38:48.079] VoxelChunk: GenerateAsync (2,-22,-1)
[+22:38:48.081] VoxelMesh: Chunk X=2 Y=-22 Z=-1 FlatVerts=0 SlopeVerts=0
[+22:38:48.091] VoxelMesh: Chunk X=0 Y=0 Z=0 FlatVerts=7380 SlopeVerts=11868
[+22:38:48.110] VoxelChunk: GenerateAsync (3,1,1)
[+22:38:48.111] VoxelMesh: Chunk X=3 Y=1 Z=1 FlatVerts=126 SlopeVerts=1146
[+22:38:48.113] VoxelChunk: GenerateAsync (7,-22,1)
[+22:38:48.114] VoxelChunk: GenerateAsync (3,-27,2)
[+22:38:48.114] VoxelChunk: GenerateAsync (3,-22,1)
[+22:38:48.114] VoxelChunk: GenerateAsync (3,-24,0)
[+22:38:48.114] VoxelChunk: GenerateAsync (5,-29,0)
[+22:38:48.114] VoxelChunk: GenerateAsync (7,-23,2)
[+22:38:48.114] VoxelChunk: GenerateAsync (8,-27,1)
[+22:38:48.114] VoxelChunk: GenerateAsync (4,-27,0)
[+22:38:48.114] VoxelChunk: GenerateAsync (9,-25,0)
[+22:38:48.114] VoxelChunk: GenerateAsync (6,-27,0)
[+22:38:48.114] VoxelChunk: GenerateAsync (5,-21,0)
[+22:38:48.114] VoxelChunk: GenerateAsync (3,-26,0)
[+22:38:48.114] VoxelChunk: GenerateAsync (6,-26,-4)
[+22:38:48.114] VoxelChunk: GenerateAsync (4,-26,-4)
[+22:38:48.114] VoxelMesh: Chunk X=7 Y=-22 Z=1 FlatVerts=126 SlopeVerts=0
[+22:38:48.114] VoxelChunk: GenerateAsync (2,-27,1)
[+22:38:48.114] VoxelChunk: GenerateAsync (5,-27,0)
[+22:38:48.114] VoxelChunk: GenerateAsync (3,-28,1)
[+22:38:48.114] VoxelChunk: GenerateAsync (8,-23,1)
[+22:38:48.114] VoxelMesh: Chunk X=3 Y=-27 Z=2 FlatVerts=54 SlopeVerts=102
[+22:38:48.114] VoxelChunk: GenerateAsync (3,-25,0)
[+22:38:48.114] VoxelChunk: GenerateAsync (5,-25,-5)
[+22:38:48.114] VoxelMesh: Chunk X=3 Y=-22 Z=1 FlatVerts=0 SlopeVerts=0
[+22:38:48.114] VoxelMesh: Chunk X=5 Y=-29 Z=0 FlatVerts=0 SlopeVerts=0
[+22:38:48.114] VoxelChunk: GenerateAsync (6,-28,1)
[+22:38:48.114] VoxelChunk: GenerateAsync (6,-24,0)
[+22:38:48.114] VoxelChunk: GenerateAsync (4,-24,0)
[+22:38:48.114] VoxelChunk: GenerateAsync (6,-26,0)
[+22:38:48.114] VoxelChunk: GenerateAsync (4,-23,2)
[+22:38:48.114] VoxelChunk: GenerateAsync (3,-24,2)
[+22:38:48.114] VoxelChunk: GenerateAsync (4,-26,0)
[+22:38:48.114] VoxelMesh: Chunk X=6 Y=-27 Z=0 FlatVerts=0 SlopeVerts=0
[+22:38:48.114] VoxelChunk: GenerateAsync (4,-25,0)
[+22:38:48.114] VoxelMesh: Chunk X=4 Y=-27 Z=0 FlatVerts=0 SlopeVerts=0
[+22:38:48.114] VoxelChunk: GenerateAsync (5,-24,0)
[+22:38:48.114] VoxelChunk: GenerateAsync (6,-25,0)
[+22:38:48.114] VoxelChunk: GenerateAsync (4,-22,1)
[+22:38:48.114] VoxelChunk: GenerateAsync (5,-26,0)
[+22:38:48.114] VoxelMesh: Chunk X=8 Y=-27 Z=1 FlatVerts=132 SlopeVerts=0
[+22:38:48.114] VoxelChunk: GenerateAsync (8,-26,1)
[+22:38:48.114] VoxelChunk: GenerateAsync (2,-27,0)
[+22:38:48.114] VoxelChunk: GenerateAsync (8,-23,0)
[+22:38:48.114] VoxelMesh: Chunk X=9 Y=-25 Z=0 FlatVerts=0 SlopeVerts=0
[+22:38:48.114] VoxelChunk: GenerateAsync (5,-25,0)
[+22:38:48.114] VoxelChunk: GenerateAsync (3,-27,0)
[+22:38:48.114] VoxelChunk: GenerateAsync (5,-25,-4)
[+22:38:48.114] VoxelChunk: GenerateAsync (4,-24,-4)
[+22:38:48.114] VoxelMesh: Chunk X=3 Y=-24 Z=0 FlatVerts=0 SlopeVerts=0
[+22:38:48.114] VoxelChunk: GenerateAsync (6,-25,-4)
[+22:38:48.114] VoxelChunk: GenerateAsync (5,-26,-4)
[+22:38:48.114] VoxelMesh: Chunk X=5 Y=-21 Z=0 FlatVerts=0 SlopeVerts=0
[+22:38:48.114] VoxelChunk: GenerateAsync (5,-24,-4)
[+22:38:48.114] VoxelChunk: GenerateAsync (8,-24,1)
[+22:38:48.114] VoxelMesh: Chunk X=7 Y=-23 Z=2 FlatVerts=0 SlopeVerts=84
[+22:38:48.114] VoxelChunk: GenerateAsync (4,-25,-4)
[+22:38:48.114] VoxelChunk: GenerateAsync (3,-25,-4)
[+22:38:48.114] VoxelChunk: GenerateAsync (8,-27,0)
[+22:38:48.114] VoxelChunk: GenerateAsync (5,-27,-4)
[+22:38:48.114] VoxelMesh: Chunk X=3 Y=-26 Z=0 FlatVerts=0 SlopeVerts=0
[+22:38:48.114] VoxelChunk: GenerateAsync (7,-24,2)
[+22:38:48.114] VoxelMesh: Chunk X=5 Y=-27 Z=0 FlatVerts=0 SlopeVerts=0
[+22:38:48.114] VoxelMesh: Chunk X=2 Y=-27 Z=1 FlatVerts=0 SlopeVerts=0
[+22:38:48.114] VoxelMesh: Chunk X=3 Y=-28 Z=1 FlatVerts=18 SlopeVerts=0
[+22:38:48.114] VoxelChunk: GenerateAsync (7,-28,0)
[+22:38:48.114] VoxelChunk: GenerateAsync (3,-28,0)
[+22:38:48.114] VoxelChunk: GenerateAsync (6,-27,2)
[+22:38:48.114] VoxelChunk: GenerateAsync (6,-23,2)
[+22:38:48.114] VoxelChunk: GenerateAsync (2,-23,0)
[+22:38:48.114] VoxelMesh: Chunk X=8 Y=-23 Z=1 FlatVerts=108 SlopeVerts=60
[+22:38:48.114] VoxelChunk: GenerateAsync (3,-26,2)
[+22:38:48.114] VoxelChunk: GenerateAsync (4,-27,2)
[+22:38:48.114] VoxelChunk: GenerateAsync (6,-22,1)
[+22:38:48.114] VoxelChunk: GenerateAsync (4,-27,-4)
[+22:38:48.114] VoxelChunk: GenerateAsync (3,-26,-4)
[+22:38:48.114] VoxelMesh: Chunk X=6 Y=-28 Z=1 FlatVerts=162 SlopeVerts=0
[+22:38:48.114] VoxelChunk: GenerateAsync (3,-23,2)
[+22:38:48.114] VoxelChunk: GenerateAsync (7,-27,-4)
[+22:38:48.114] VoxelMesh: Chunk X=6 Y=-24 Z=0 FlatVerts=0 SlopeVerts=0
[+22:38:48.114] VoxelChunk: GenerateAsync (2,-23,1)
[+22:38:48.114] VoxelChunk: GenerateAsync (6,-25,-5)
[+22:38:48.114] VoxelChunk: GenerateAsync (7,-27,2)
[+22:38:48.114] VoxelMesh: Chunk X=3 Y=-25 Z=0 FlatVerts=0 SlopeVerts=0
[+22:38:48.114] VoxelMesh: Chunk X=6 Y=-26 Z=0 FlatVerts=0 SlopeVerts=0
[+22:38:48.115] VoxelChunk: GenerateAsync (7,-28,1)
[+22:38:48.115] VoxelChunk: GenerateAsync (1,-25,0)
[+22:38:48.115] VoxelChunk: GenerateAsync (1,-24,0)
[+22:38:48.115] VoxelMesh: Chunk X=4 Y=-24 Z=0 FlatVerts=0 SlopeVerts=0
[+22:38:48.115] VoxelChunk: GenerateAsync (4,-24,-5)
[+22:38:48.115] VoxelChunk: GenerateAsync (6,-24,-5)
[+22:38:48.115] VoxelChunk: GenerateAsync (5,-22,-4)
[+22:38:48.115] VoxelChunk: GenerateAsync (9,-24,0)
[+22:38:48.115] VoxelChunk: GenerateAsync (8,-25,-4)
[+22:38:48.115] VoxelChunk: GenerateAsync (6,-26,-5)
[+22:38:48.115] VoxelMesh: Chunk X=4 Y=-26 Z=0 FlatVerts=0 SlopeVerts=0
[+22:38:48.115] VoxelMesh: Chunk X=3 Y=-24 Z=2 FlatVerts=0 SlopeVerts=30
[+22:38:48.115] VoxelMesh: Chunk X=4 Y=-23 Z=2 FlatVerts=0 SlopeVerts=216
[+22:38:48.115] VoxelMesh: Chunk X=5 Y=-24 Z=0 FlatVerts=0 SlopeVerts=0
[+22:38:48.115] VoxelMesh: Chunk X=4 Y=-25 Z=0 FlatVerts=0 SlopeVerts=0
[+22:38:48.115] VoxelMesh: Chunk X=4 Y=-22 Z=1 FlatVerts=0 SlopeVerts=0
[+22:38:48.115] VoxelMesh: Chunk X=6 Y=-26 Z=-4 FlatVerts=0 SlopeVerts=0
[+22:38:48.115] VoxelMesh: Chunk X=5 Y=-26 Z=0 FlatVerts=0 SlopeVerts=0
[+22:38:48.115] VoxelMesh: Chunk X=6 Y=-25 Z=0 FlatVerts=0 SlopeVerts=0
[+22:38:48.115] VoxelMesh: Chunk X=8 Y=-26 Z=1 FlatVerts=108 SlopeVerts=24
[+22:38:48.115] VoxelMesh: Chunk X=8 Y=-23 Z=0 FlatVerts=0 SlopeVerts=0
[+22:38:48.115] VoxelMesh: Chunk X=4 Y=-26 Z=-4 FlatVerts=0 SlopeVerts=0
[+22:38:48.115] VoxelMesh: Chunk X=5 Y=-25 Z=0 FlatVerts=0 SlopeVerts=0
[+22:38:48.115] VoxelMesh: Chunk X=2 Y=-27 Z=0 FlatVerts=0 SlopeVerts=0
[+22:38:48.115] VoxelMesh: Chunk X=3 Y=-27 Z=0 FlatVerts=0 SlopeVerts=0
[+22:38:48.115] VoxelMesh: Chunk X=2 Y=-22 Z=-1 FlatVerts=0 SlopeVerts=0
[+22:38:48.116] VoxelMesh: Chunk X=8 Y=-24 Z=1 FlatVerts=0 SlopeVerts=0
[+22:38:48.116] VoxelChunk: GenerateAsync (6,-29,0)
[+22:38:48.116] VoxelMesh: Chunk X=6 Y=-25 Z=-4 FlatVerts=0 SlopeVerts=0
[+22:38:48.116] VoxelMesh: Chunk X=8 Y=-27 Z=0 FlatVerts=0 SlopeVerts=0
[+22:38:48.116] VoxelMesh: Chunk X=5 Y=-25 Z=-5 FlatVerts=0 SlopeVerts=0
[+22:38:48.116] VoxelMesh: Chunk X=5 Y=-25 Z=-4 FlatVerts=0 SlopeVerts=0
[+22:38:48.116] VoxelMesh: Chunk X=4 Y=-24 Z=-4 FlatVerts=0 SlopeVerts=0
[+22:38:48.116] VoxelMesh: Chunk X=7 Y=-28 Z=0 FlatVerts=0 SlopeVerts=0
[+22:38:48.116] VoxelMesh: Chunk X=5 Y=-26 Z=-4 FlatVerts=0 SlopeVerts=0
[+22:38:48.116] VoxelMesh: Chunk X=5 Y=-24 Z=-4 FlatVerts=0 SlopeVerts=0
[+22:38:48.116] VoxelMesh: Chunk X=4 Y=-25 Z=-4 FlatVerts=0 SlopeVerts=0
[+22:38:48.117] VoxelMesh: Chunk X=7 Y=-24 Z=2 FlatVerts=0 SlopeVerts=66
[+22:38:48.117] VoxelMesh: Chunk X=3 Y=-25 Z=-4 FlatVerts=0 SlopeVerts=0
[+22:38:48.117] VoxelMesh: Chunk X=3 Y=-28 Z=0 FlatVerts=0 SlopeVerts=0
[+22:38:48.117] VoxelMesh: Chunk X=2 Y=-23 Z=0 FlatVerts=0 SlopeVerts=0
[+22:38:48.117] VoxelMesh: Chunk X=6 Y=-27 Z=2 FlatVerts=30 SlopeVerts=0
[+22:38:48.117] VoxelMesh: Chunk X=6 Y=-22 Z=1 FlatVerts=96 SlopeVerts=0
[+22:38:48.117] VoxelMesh: Chunk X=3 Y=-26 Z=2 FlatVerts=0 SlopeVerts=198
[+22:38:48.117] VoxelMesh: Chunk X=6 Y=-23 Z=2 FlatVerts=0 SlopeVerts=0
[+22:38:48.117] VoxelMesh: Chunk X=4 Y=-27 Z=2 FlatVerts=144 SlopeVerts=108
[+22:38:48.117] VoxelMesh: Chunk X=2 Y=-23 Z=1 FlatVerts=30 SlopeVerts=12
[+22:38:48.117] VoxelMesh: Chunk X=3 Y=-23 Z=2 FlatVerts=0 SlopeVerts=270
[+22:38:48.117] VoxelMesh: Chunk X=5 Y=-27 Z=-4 FlatVerts=0 SlopeVerts=0
[+22:38:48.117] VoxelMesh: Chunk X=6 Y=-25 Z=-5 FlatVerts=0 SlopeVerts=0
[+22:38:48.117] VoxelMesh: Chunk X=8 Y=-22 Z=-1 FlatVerts=0 SlopeVerts=0
[+22:38:48.117] VoxelMesh: Chunk X=7 Y=-27 Z=2 FlatVerts=0 SlopeVerts=0
[+22:38:48.117] VoxelMesh: Chunk X=7 Y=-28 Z=1 FlatVerts=138 SlopeVerts=0
[+22:38:48.117] VoxelMesh: Chunk X=1 Y=-24 Z=0 FlatVerts=0 SlopeVerts=0
[+22:38:48.117] VoxelChunk: GenerateAsync (4,-21,0)
[+22:38:48.118] VoxelMesh: Chunk X=1 Y=-25 Z=0 FlatVerts=0 SlopeVerts=0
[+22:38:48.118] VoxelMesh: Chunk X=9 Y=-24 Z=0 FlatVerts=0 SlopeVerts=0
[+22:38:48.118] VoxelMesh: Chunk X=4 Y=-27 Z=-4 FlatVerts=0 SlopeVerts=0
[+22:38:48.118] VoxelMesh: Chunk X=4 Y=-24 Z=-5 FlatVerts=0 SlopeVerts=0
[+22:38:48.118] VoxelMesh: Chunk X=3 Y=-26 Z=-4 FlatVerts=0 SlopeVerts=0
[+22:38:48.118] VoxelMesh: Chunk X=6 Y=-24 Z=-5 FlatVerts=0 SlopeVerts=0
[+22:38:48.118] VoxelMesh: Chunk X=7 Y=-27 Z=-4 FlatVerts=0 SlopeVerts=0
[+22:38:48.118] VoxelMesh: Chunk X=6 Y=-26 Z=-5 FlatVerts=0 SlopeVerts=0
[+22:38:48.119] VoxelMesh: Chunk X=8 Y=-25 Z=-4 FlatVerts=0 SlopeVerts=0
[+22:38:48.119] VoxelMesh: Chunk X=5 Y=-22 Z=-4 FlatVerts=0 SlopeVerts=0
[+22:38:48.119] VoxelMesh: Chunk X=8 Y=-27 Z=-3 FlatVerts=0 SlopeVerts=0
[+22:38:48.119] VoxelChunk: GenerateAsync (4,-29,0)
[+22:38:48.119] VoxelMesh: Chunk X=6 Y=-29 Z=0 FlatVerts=0 SlopeVerts=0
[+22:38:48.119] VoxelMesh: Chunk X=4 Y=-21 Z=0 FlatVerts=0 SlopeVerts=0
[+22:38:48.120] VoxelMesh: Chunk X=7 Y=-22 Z=-3 FlatVerts=0 SlopeVerts=0
[+22:38:48.120] VoxelMesh: Chunk X=4 Y=-29 Z=0 FlatVerts=0 SlopeVerts=0
[+22:38:48.120] VoxelChunk: GenerateAsync (8,-28,-1)
[+22:38:48.121] VoxelMesh: Chunk X=8 Y=-28 Z=-1 FlatVerts=0 SlopeVerts=0
[+22:38:48.135] VoxelWater: Chunk X=8 Y=-25 Z=1 emitted 20 procedural water vertices (Ocean/Pools)
[+22:38:48.135] VoxelWater: Chunk X=5 Y=-23 Z=1 emitted 44 procedural water vertices (Ocean/Pools)
[+22:38:48.135] VoxelWater: Chunk X=6 Y=-24 Z=1 emitted 84 procedural water vertices (Ocean/Pools)
[+22:38:48.135] VoxelWater: Chunk X=4 Y=-24 Z=1 emitted 44 procedural water vertices (Ocean/Pools)
[+22:38:48.135] VoxelWater: Chunk X=6 Y=-26 Z=1 emitted 76 procedural water vertices (Ocean/Pools)
[+22:38:48.135] VoxelWater: Chunk X=5 Y=-26 Z=1 emitted 180 procedural water vertices (Ocean/Pools)
[+22:38:48.135] VoxelWater: Chunk X=4 Y=-26 Z=1 emitted 212 procedural water vertices (Ocean/Pools)
[+22:38:48.135] VoxelWater: Chunk X=5 Y=-25 Z=1 emitted 12 procedural water vertices (Ocean/Pools)
[+22:38:48.135] VoxelWater: Chunk X=4 Y=-25 Z=1 emitted 108 procedural water vertices (Ocean/Pools)
[+22:38:48.135] VoxelWater: Chunk X=5 Y=-24 Z=1 emitted 80 procedural water vertices (Ocean/Pools)
[+22:38:48.136] VoxelWater: Chunk X=4 Y=-26 Z=2 emitted 8 procedural water vertices (Ocean/Pools)
[+22:38:48.136] VoxelWater: Chunk X=4 Y=-25 Z=2 emitted 400 procedural water vertices (Ocean/Pools)
[+22:38:48.136] VoxelWater: Chunk X=4 Y=-25 Z=3 emitted 140 procedural water vertices (Ocean/Pools)
[+22:38:48.136] VoxelWater: Chunk X=5 Y=-25 Z=2 emitted 488 procedural water vertices (Ocean/Pools)
[+22:38:48.136] VoxelWater: Chunk X=3 Y=-25 Z=2 emitted 8 procedural water vertices (Ocean/Pools)
[+22:38:48.136] VoxelWater: Chunk X=4 Y=-24 Z=2 emitted 364 procedural water vertices (Ocean/Pools)
[+22:38:48.136] VoxelWater: Chunk X=4 Y=-24 Z=3 emitted 84 procedural water vertices (Ocean/Pools)
[+22:38:48.136] VoxelWater: Chunk X=4 Y=-23 Z=2 emitted 8 procedural water vertices (Ocean/Pools)
[+22:38:48.136] VoxelWater: Chunk X=5 Y=-24 Z=2 emitted 132 procedural water vertices (Ocean/Pools)
[+22:38:48.136] VoxelWater: Chunk X=5 Y=-26 Z=2 emitted 12 procedural water vertices (Ocean/Pools)
[+22:38:48.136] VoxelWater: Chunk X=5 Y=-25 Z=3 emitted 128 procedural water vertices (Ocean/Pools)
[+22:38:48.136] VoxelWater: Chunk X=6 Y=-25 Z=2 emitted 128 procedural water vertices (Ocean/Pools)
[+22:38:48.136] VoxelWater: Chunk X=5 Y=-24 Z=3 emitted 20 procedural water vertices (Ocean/Pools)
[+22:38:48.136] VoxelWater: Chunk X=6 Y=-24 Z=3 emitted 124 procedural water vertices (Ocean/Pools)
[+22:38:48.136] VoxelWater: Chunk X=6 Y=-26 Z=2 emitted 60 procedural water vertices (Ocean/Pools)
[+22:38:48.136] VoxelWater: Chunk X=6 Y=-26 Z=3 emitted 16 procedural water vertices (Ocean/Pools)
[+22:38:48.136] VoxelWater: Chunk X=6 Y=-25 Z=3 emitted 304 procedural water vertices (Ocean/Pools)
[+22:38:48.136] VoxelWater: Chunk X=3 Y=-23 Z=1 emitted 16 procedural water vertices (Ocean/Pools)
[+22:38:48.136] VoxelWater: Chunk X=7 Y=-25 Z=2 emitted 4 procedural water vertices (Ocean/Pools)
[+22:38:48.136] VoxelWater: Chunk X=6 Y=-24 Z=2 emitted 168 procedural water vertices (Ocean/Pools)
[+22:38:48.136] VoxelWater: Chunk X=6 Y=-25 Z=1 emitted 12 procedural water vertices (Ocean/Pools)
[+22:38:48.136] VoxelWater: Chunk X=4 Y=-23 Z=1 emitted 4 procedural water vertices (Ocean/Pools)
[+22:38:48.136] VoxelWater: Chunk X=8 Y=-26 Z=1 emitted 4 procedural water vertices (Ocean/Pools)
[+22:38:48.136] VoxelWater: Chunk X=4 Y=-27 Z=1 emitted 40 procedural water vertices (Ocean/Pools)
[+22:38:48.136] VoxelWater: Chunk X=7 Y=-27 Z=1 emitted 8 procedural water vertices (Ocean/Pools)
[+22:38:48.136] VoxelWater: Chunk X=6 Y=-27 Z=1 emitted 108 procedural water vertices (Ocean/Pools)
[+22:38:48.136] VoxelWater: Chunk X=3 Y=-26 Z=1 emitted 28 procedural water vertices (Ocean/Pools)
[+22:38:48.136] VoxelWater: Chunk X=7 Y=-26 Z=1 emitted 92 procedural water vertices (Ocean/Pools)
[+22:38:48.136] VoxelWater: Chunk X=5 Y=-27 Z=1 emitted 84 procedural water vertices (Ocean/Pools)
[+22:38:48.136] VoxelWater: Chunk X=5 Y=-23 Z=2 emitted 16 procedural water vertices (Ocean/Pools)
[+22:38:48.136] VoxelWater: Chunk X=5 Y=-27 Z=2 emitted 60 procedural water vertices (Ocean/Pools)
[+22:38:48.136] VoxelWater: Chunk X=6 Y=-27 Z=2 emitted 8 procedural water vertices (Ocean/Pools)
[+22:38:48.136] VoxelWater: Chunk X=5 Y=-28 Z=1 emitted 64 procedural water vertices (Ocean/Pools)
[+22:38:48.136] VoxelWater: Chunk X=3 Y=-26 Z=2 emitted 56 procedural water vertices (Ocean/Pools)
[+22:38:48.136] VoxelWater: Chunk X=4 Y=-27 Z=2 emitted 36 procedural water vertices (Ocean/Pools)
[+22:38:48.136] VoxelWater: Chunk X=6 Y=-22 Z=1 emitted 48 procedural water vertices (Ocean/Pools)
[+22:38:48.136] VoxelWater: Chunk X=7 Y=-26 Z=2 emitted 36 procedural water vertices (Ocean/Pools)
[+22:38:48.136] VoxelWater: Chunk X=3 Y=-23 Z=2 emitted 56 procedural water vertices (Ocean/Pools)
[+22:38:48.136] VoxelWater: Chunk X=2 Y=-23 Z=1 emitted 8 procedural water vertices (Ocean/Pools)
[+22:38:48.136] VoxelWater: Chunk X=2 Y=-24 Z=1 emitted 4 procedural water vertices (Ocean/Pools)
[+22:38:48.151] VoxelMesh: Chunk X=4 Y=-28 Z=-3 FlatVerts=0 SlopeVerts=0
[+22:38:48.151] VoxelChunk: GenerateAsync (2,-25,-4)
[+22:38:48.152] VoxelMesh: Chunk X=6 Y=-28 Z=-3 FlatVerts=0 SlopeVerts=0
[+22:38:48.152] VoxelChunk: GenerateAsync (2,-28,-1)
[+22:38:48.152] VoxelMesh: Chunk X=8 Y=-26 Z=-3 FlatVerts=0 SlopeVerts=0
[+22:38:48.152] VoxelMesh: Chunk X=2 Y=-25 Z=-4 FlatVerts=0 SlopeVerts=0
[+22:38:48.153] VoxelChunk: GenerateAsync (5,-28,-4)
[+22:38:48.153] VoxelMesh: Chunk X=2 Y=-28 Z=-1 FlatVerts=0 SlopeVerts=0
[+22:38:48.153] VoxelMesh: Chunk X=2 Y=-26 Z=-3 FlatVerts=150 SlopeVerts=150
[+22:38:48.153] VoxelChunk: GenerateAsync (5,-28,2)
[+22:38:48.153] VoxelMesh: Chunk X=5 Y=-28 Z=-4 FlatVerts=0 SlopeVerts=0
[+22:38:48.154] VoxelMesh: Chunk X=5 Y=-28 Z=2 FlatVerts=150 SlopeVerts=150
[+22:38:48.163] VoxelMesh: Chunk X=2 Y=-24 Z=-3 FlatVerts=0 SlopeVerts=0
[+22:38:48.163] VoxelChunk: GenerateAsync (6,-21,0)
[+22:38:48.165] VoxelMesh: Chunk X=6 Y=-21 Z=0 FlatVerts=0 SlopeVerts=0
[+22:38:48.165] VoxelMesh: Chunk X=2 Y=-27 Z=-2 FlatVerts=864 SlopeVerts=4284
[+22:38:48.165] VoxelChunk: GenerateAsync (5,-22,2)
[+22:38:48.166] VoxelMesh: Chunk X=5 Y=-28 Z=-3 FlatVerts=54 SlopeVerts=786
[+22:38:48.166] VoxelChunk: GenerateAsync (8,-25,2)
[+22:38:48.166] VoxelMesh: Chunk X=8 Y=-25 Z=2 FlatVerts=54 SlopeVerts=786
[+22:38:48.167] VoxelMesh: Chunk X=7 Y=-28 Z=-2 FlatVerts=0 SlopeVerts=6
[+22:38:48.167] VoxelMesh: Chunk X=5 Y=-22 Z=2 FlatVerts=864 SlopeVerts=4284
[+22:38:48.167] VoxelChunk: GenerateAsync (2,-25,2)
[+22:38:48.168] VoxelMesh: Chunk X=2 Y=-25 Z=2 FlatVerts=0 SlopeVerts=6
[+22:38:48.185] VoxelMesh: Chunk X=0 Y=0 Z=0 FlatVerts=96 SlopeVerts=31746
[+22:38:48.212] VoxelChunk: GenerateAsync (3,-1,3)
[+22:38:48.214] VoxelMesh: Chunk X=3 Y=-1 Z=3 FlatVerts=0 SlopeVerts=0
[+22:38:48.215] VoxelMesh: Chunk X=3 Y=-28 Z=-2 FlatVerts=0 SlopeVerts=0
[+22:38:48.215] VoxelChunk: GenerateAsync (1,-26,0)
[+22:38:48.216] VoxelMesh: Chunk X=4 Y=-22 Z=-3 FlatVerts=0 SlopeVerts=0
[+22:38:48.216] VoxelChunk: GenerateAsync (9,-26,0)
[+22:38:48.216] VoxelMesh: Chunk X=1 Y=-26 Z=0 FlatVerts=0 SlopeVerts=0
[+22:38:48.216] VoxelMesh: Chunk X=7 Y=-26 Z=-3 FlatVerts=0 SlopeVerts=948
[+22:38:48.216] VoxelMesh: Chunk X=9 Y=-26 Z=0 FlatVerts=0 SlopeVerts=0
[+22:38:48.216] VoxelChunk: GenerateAsync (8,-24,2)
[+22:38:48.216] VoxelMesh: Chunk X=3 Y=-24 Z=-3 FlatVerts=0 SlopeVerts=0
[+22:38:48.217] VoxelChunk: GenerateAsync (8,-22,0)
[+22:38:48.217] VoxelMesh: Chunk X=8 Y=-24 Z=2 FlatVerts=0 SlopeVerts=948
[+22:38:48.217] VoxelMesh: Chunk X=8 Y=-22 Z=0 FlatVerts=0 SlopeVerts=0
[+22:38:48.228] VoxelMesh: Chunk X=7 Y=-24 Z=-3 FlatVerts=0 SlopeVerts=0
[+22:38:48.228] VoxelChunk: GenerateAsync (8,-28,0)
[+22:38:48.229] VoxelMesh: Chunk X=8 Y=-28 Z=0 FlatVerts=0 SlopeVerts=0
[+22:38:48.229] VoxelMesh: Chunk X=6 Y=-27 Z=-3 FlatVerts=0 SlopeVerts=0
[+22:38:48.229] VoxelChunk: GenerateAsync (4,-22,-4)
[+22:38:48.229] VoxelMesh: Chunk X=4 Y=-23 Z=-3 FlatVerts=0 SlopeVerts=0
[+22:38:48.230] VoxelMesh: Chunk X=4 Y=-22 Z=-4 FlatVerts=0 SlopeVerts=0
[+22:38:48.230] VoxelChunk: GenerateAsync (2,-28,0)
[+22:38:48.230] VoxelMesh: Chunk X=7 Y=-25 Z=-3 FlatVerts=0 SlopeVerts=0
[+22:38:48.230] VoxelMesh: Chunk X=2 Y=-28 Z=0 FlatVerts=0 SlopeVerts=0
[+22:38:48.230] VoxelChunk: GenerateAsync (2,-22,0)
[+22:38:48.231] VoxelMesh: Chunk X=2 Y=-22 Z=0 FlatVerts=0 SlopeVerts=0
[+22:38:48.237] VoxelMesh: Chunk X=3 Y=-25 Z=-3 FlatVerts=0 SlopeVerts=0
[+22:38:48.238] VoxelChunk: GenerateAsync (6,-22,-4)
[+22:38:48.238] VoxelMesh: Chunk X=5 Y=-23 Z=-3 FlatVerts=18 SlopeVerts=684
[+22:38:48.238] VoxelMesh: Chunk X=6 Y=-22 Z=-4 FlatVerts=0 SlopeVerts=0
[+22:38:48.238] VoxelChunk: GenerateAsync (4,-22,2)
[+22:38:48.239] VoxelMesh: Chunk X=3 Y=-26 Z=-3 FlatVerts=48 SlopeVerts=738
[+22:38:48.239] VoxelMesh: Chunk X=4 Y=-22 Z=2 FlatVerts=18 SlopeVerts=684
[+22:38:48.239] VoxelChunk: GenerateAsync (2,-24,2)
[+22:38:48.239] VoxelMesh: Chunk X=8 Y=-24 Z=-3 FlatVerts=0 SlopeVerts=0
[+22:38:48.240] VoxelMesh: Chunk X=2 Y=-24 Z=2 FlatVerts=48 SlopeVerts=738
[+22:38:48.240] VoxelChunk: GenerateAsync (8,-22,-2)
[+22:38:48.240] VoxelMesh: Chunk X=8 Y=-22 Z=-2 FlatVerts=0 SlopeVerts=0
[+22:38:48.249] VoxelMesh: Chunk X=5 Y=-25 Z=-3 FlatVerts=0 SlopeVerts=0
[+22:38:48.249] VoxelChunk: GenerateAsync (2,-22,-2)
[+22:38:48.250] VoxelMesh: Chunk X=6 Y=-22 Z=-3 FlatVerts=0 SlopeVerts=0
[+22:38:48.250] VoxelChunk: GenerateAsync (4,-28,-4)
[+22:38:48.250] VoxelMesh: Chunk X=2 Y=-22 Z=-2 FlatVerts=0 SlopeVerts=0
[+22:38:48.250] VoxelMesh: Chunk X=3 Y=-22 Z=-3 FlatVerts=0 SlopeVerts=0
[+22:38:48.250] VoxelChunk: GenerateAsync (6,-28,-4)
[+22:38:48.251] VoxelMesh: Chunk X=4 Y=-28 Z=-4 FlatVerts=0 SlopeVerts=0
[+22:38:48.251] VoxelMesh: Chunk X=8 Y=-23 Z=-3 FlatVerts=0 SlopeVerts=0
[+22:38:48.251] VoxelMesh: Chunk X=6 Y=-28 Z=-4 FlatVerts=0 SlopeVerts=0
[+22:38:48.251] VoxelChunk: GenerateAsync (2,-26,-4)
[+22:38:48.251] VoxelMesh: Chunk X=2 Y=-26 Z=-4 FlatVerts=0 SlopeVerts=0
[+22:38:48.260] VoxelMesh: Chunk X=7 Y=-28 Z=-3 FlatVerts=0 SlopeVerts=0
[+22:38:48.260] VoxelChunk: GenerateAsync (8,-26,-4)
[+22:38:48.261] VoxelMesh: Chunk X=4 Y=-25 Z=-3 FlatVerts=0 SlopeVerts=0
[+22:38:48.261] VoxelChunk: GenerateAsync (8,-28,-2)
[+22:38:48.261] VoxelMesh: Chunk X=8 Y=-26 Z=-4 FlatVerts=0 SlopeVerts=0
[+22:38:48.261] VoxelMesh: Chunk X=5 Y=-26 Z=-3 FlatVerts=0 SlopeVerts=0
[+22:38:48.261] VoxelMesh: Chunk X=8 Y=-28 Z=-2 FlatVerts=0 SlopeVerts=0
[+22:38:48.261] VoxelChunk: GenerateAsync (2,-28,-2)
[+22:38:48.262] VoxelMesh: Chunk X=3 Y=-27 Z=-3 FlatVerts=0 SlopeVerts=0
[+22:38:48.262] VoxelChunk: GenerateAsync (2,-24,-4)
[+22:38:48.262] VoxelMesh: Chunk X=2 Y=-28 Z=-2 FlatVerts=0 SlopeVerts=0
[+22:38:48.262] VoxelMesh: Chunk X=2 Y=-24 Z=-4 FlatVerts=0 SlopeVerts=0
[+22:38:48.270] VoxelMesh: Chunk X=7 Y=-23 Z=-3 FlatVerts=0 SlopeVerts=0
[+22:38:48.271] VoxelChunk: GenerateAsync (8,-24,-4)
[+22:38:48.271] VoxelMesh: Chunk X=3 Y=-23 Z=-3 FlatVerts=384 SlopeVerts=498
[+22:38:48.271] VoxelMesh: Chunk X=8 Y=-24 Z=-4 FlatVerts=0 SlopeVerts=0
[+22:38:48.271] VoxelChunk: GenerateAsync (4,-28,2)
[+22:38:48.272] VoxelMesh: Chunk X=7 Y=-27 Z=-3 FlatVerts=6 SlopeVerts=552
[+22:38:48.272] VoxelMesh: Chunk X=4 Y=-28 Z=2 FlatVerts=384 SlopeVerts=498
[+22:38:48.272] VoxelChunk: GenerateAsync (8,-26,2)
[+22:38:48.273] VoxelMesh: Chunk X=5 Y=-24 Z=-3 FlatVerts=186 SlopeVerts=150
[+22:38:48.273] VoxelMesh: Chunk X=8 Y=-26 Z=2 FlatVerts=6 SlopeVerts=552
[+22:38:48.273] VoxelChunk: GenerateAsync (6,-22,2)
[+22:38:48.274] VoxelMesh: Chunk X=6 Y=-22 Z=2 FlatVerts=186 SlopeVerts=150
[+22:38:48.286] VoxelMesh: Chunk X=0 Y=0 Z=0 FlatVerts=0 SlopeVerts=0
[+22:38:48.287] VoxelChunk: GenerateAsync (-2,0,3)
[+22:38:48.289] VoxelMesh: Chunk X=-2 Y=0 Z=3 FlatVerts=0 SlopeVerts=5352
[+22:38:48.294] VoxelMesh: Chunk X=6 Y=-25 Z=-3 FlatVerts=36 SlopeVerts=90
[+22:38:48.294] VoxelChunk: GenerateAsync (6,-28,2)
[+22:38:48.295] VoxelMesh: Chunk X=8 Y=-25 Z=-3 FlatVerts=0 SlopeVerts=648
[+22:38:48.295] VoxelMesh: Chunk X=6 Y=-28 Z=2 FlatVerts=36 SlopeVerts=90
[+22:38:48.295] VoxelChunk: GenerateAsync (2,-26,2)
[+22:38:48.295] VoxelMesh: Chunk X=2 Y=-26 Z=2 FlatVerts=0 SlopeVerts=648
[+22:38:48.295] VoxelMesh: Chunk X=2 Y=-25 Z=-3 FlatVerts=0 SlopeVerts=0
[+22:38:48.295] VoxelChunk: GenerateAsync (5,-27,-5)
[+22:38:48.296] VoxelMesh: Chunk X=2 Y=-27 Z=-3 FlatVerts=0 SlopeVerts=90
[+22:38:48.296] VoxelMesh: Chunk X=5 Y=-27 Z=-5 FlatVerts=0 SlopeVerts=0
[+22:38:48.296] VoxelChunk: GenerateAsync (5,-21,1)
[+22:38:48.296] VoxelMesh: Chunk X=5 Y=-21 Z=1 FlatVerts=0 SlopeVerts=90
[+22:38:48.306] VoxelMesh: Chunk X=3 Y=-28 Z=-3 FlatVerts=0 SlopeVerts=0
[+22:38:48.306] VoxelChunk: GenerateAsync (5,-23,-5)
[+22:38:48.307] VoxelMesh: Chunk X=6 Y=-26 Z=-3 FlatVerts=0 SlopeVerts=0
[+22:38:48.307] VoxelChunk: GenerateAsync (1,-25,1)
[+22:38:48.307] VoxelMesh: Chunk X=5 Y=-23 Z=-5 FlatVerts=0 SlopeVerts=0
[+22:38:48.308] VoxelMesh: Chunk X=6 Y=-24 Z=-3 FlatVerts=0 SlopeVerts=336
[+22:38:48.308] VoxelMesh: Chunk X=1 Y=-25 Z=1 FlatVerts=0 SlopeVerts=0
[+22:38:48.308] VoxelChunk: GenerateAsync (7,-25,3)
[+22:38:48.309] VoxelMesh: Chunk X=7 Y=-25 Z=3 FlatVerts=0 SlopeVerts=336
[+22:38:48.309] VoxelMesh: Chunk X=4 Y=-24 Z=-3 FlatVerts=0 SlopeVerts=0
[+22:38:48.309] VoxelChunk: GenerateAsync (3,-25,-5)
[+22:38:48.309] VoxelMesh: Chunk X=3 Y=-25 Z=-5 FlatVerts=0 SlopeVerts=0
[+22:38:48.317] VoxelMesh: Chunk X=4 Y=-26 Z=-3 FlatVerts=0 SlopeVerts=0
[+22:38:48.317] VoxelChunk: GenerateAsync (7,-25,-5)
[+22:38:48.317] VoxelMesh: Chunk X=7 Y=-25 Z=-5 FlatVerts=0 SlopeVerts=0
[+22:38:48.317] VoxelMesh: Chunk X=5 Y=-27 Z=-3 FlatVerts=648 SlopeVerts=12
[+22:38:48.317] VoxelChunk: GenerateAsync (5,-29,1)
[+22:38:48.319] VoxelMesh: Chunk X=5 Y=-22 Z=-3 FlatVerts=6 SlopeVerts=30
[+22:38:48.319] VoxelMesh: Chunk X=5 Y=-29 Z=1 FlatVerts=648 SlopeVerts=12
[+22:38:48.319] VoxelChunk: GenerateAsync (9,-25,1)
[+22:38:48.319] VoxelMesh: Chunk X=9 Y=-25 Z=1 FlatVerts=6 SlopeVerts=30
[+22:38:48.319] VoxelMesh: Chunk X=2 Y=-23 Z=-3 FlatVerts=0 SlopeVerts=0
[+22:38:48.319] VoxelChunk: GenerateAsync (5,-27,3)
[+22:38:48.320] VoxelMesh: Chunk X=5 Y=-27 Z=3 FlatVerts=0 SlopeVerts=0
[+22:38:48.340] VoxelWater: Chunk X=8 Y=-25 Z=1 emitted 20 procedural water vertices (Ocean/Pools)
[+22:38:48.340] VoxelWater: Chunk X=5 Y=-23 Z=1 emitted 44 procedural water vertices (Ocean/Pools)
[+22:38:48.340] VoxelWater: Chunk X=6 Y=-24 Z=1 emitted 100 procedural water vertices (Ocean/Pools)
[+22:38:48.340] VoxelWater: Chunk X=4 Y=-24 Z=1 emitted 44 procedural water vertices (Ocean/Pools)
[+22:38:48.340] VoxelWater: Chunk X=6 Y=-26 Z=1 emitted 84 procedural water vertices (Ocean/Pools)
[+22:38:48.340] VoxelWater: Chunk X=4 Y=-26 Z=1 emitted 232 procedural water vertices (Ocean/Pools)
[+22:38:48.340] VoxelWater: Chunk X=5 Y=-26 Z=1 emitted 200 procedural water vertices (Ocean/Pools)
[+22:38:48.340] VoxelWater: Chunk X=5 Y=-25 Z=1 emitted 72 procedural water vertices (Ocean/Pools)
[+22:38:48.340] VoxelWater: Chunk X=4 Y=-25 Z=1 emitted 120 procedural water vertices (Ocean/Pools)
[+22:38:48.340] VoxelWater: Chunk X=5 Y=-24 Z=1 emitted 108 procedural water vertices (Ocean/Pools)
[+22:38:48.340] VoxelWater: Chunk X=4 Y=-26 Z=2 emitted 8 procedural water vertices (Ocean/Pools)
[+22:38:48.340] VoxelWater: Chunk X=4 Y=-25 Z=2 emitted 384 procedural water vertices (Ocean/Pools)
[+22:38:48.340] VoxelWater: Chunk X=4 Y=-25 Z=3 emitted 140 procedural water vertices (Ocean/Pools)
[+22:38:48.340] VoxelWater: Chunk X=5 Y=-25 Z=2 emitted 480 procedural water vertices (Ocean/Pools)
[+22:38:48.341] VoxelWater: Chunk X=3 Y=-25 Z=2 emitted 16 procedural water vertices (Ocean/Pools)
[+22:38:48.341] VoxelWater: Chunk X=4 Y=-24 Z=2 emitted 392 procedural water vertices (Ocean/Pools)
[+22:38:48.341] VoxelWater: Chunk X=4 Y=-24 Z=3 emitted 84 procedural water vertices (Ocean/Pools)
[+22:38:48.341] VoxelWater: Chunk X=4 Y=-23 Z=2 emitted 12 procedural water vertices (Ocean/Pools)
[+22:38:48.341] VoxelWater: Chunk X=5 Y=-24 Z=2 emitted 128 procedural water vertices (Ocean/Pools)
[+22:38:48.341] VoxelWater: Chunk X=5 Y=-26 Z=2 emitted 12 procedural water vertices (Ocean/Pools)
[+22:38:48.341] VoxelWater: Chunk X=5 Y=-25 Z=3 emitted 128 procedural water vertices (Ocean/Pools)
[+22:38:48.341] VoxelWater: Chunk X=6 Y=-25 Z=3 emitted 288 procedural water vertices (Ocean/Pools)
[+22:38:48.341] VoxelWater: Chunk X=6 Y=-25 Z=2 emitted 144 procedural water vertices (Ocean/Pools)
[+22:38:48.341] VoxelWater: Chunk X=5 Y=-24 Z=3 emitted 20 procedural water vertices (Ocean/Pools)
[+22:38:48.341] VoxelWater: Chunk X=6 Y=-24 Z=3 emitted 120 procedural water vertices (Ocean/Pools)
[+22:38:48.341] VoxelWater: Chunk X=7 Y=-27 Z=1 emitted 20 procedural water vertices (Ocean/Pools)
[+22:38:48.341] VoxelWater: Chunk X=6 Y=-26 Z=2 emitted 60 procedural water vertices (Ocean/Pools)
[+22:38:48.341] VoxelWater: Chunk X=6 Y=-26 Z=3 emitted 20 procedural water vertices (Ocean/Pools)
[+22:38:48.341] VoxelWater: Chunk X=3 Y=-23 Z=1 emitted 16 procedural water vertices (Ocean/Pools)
[+22:38:48.341] VoxelWater: Chunk X=7 Y=-25 Z=2 emitted 4 procedural water vertices (Ocean/Pools)
[+22:38:48.341] VoxelWater: Chunk X=6 Y=-24 Z=2 emitted 168 procedural water vertices (Ocean/Pools)
[+22:38:48.341] VoxelWater: Chunk X=6 Y=-25 Z=1 emitted 12 procedural water vertices (Ocean/Pools)
[+22:38:48.341] VoxelWater: Chunk X=7 Y=-25 Z=1 emitted 4 procedural water vertices (Ocean/Pools)
[+22:38:48.341] VoxelWater: Chunk X=4 Y=-23 Z=1 emitted 4 procedural water vertices (Ocean/Pools)
[+22:38:48.341] VoxelWater: Chunk X=8 Y=-26 Z=1 emitted 20 procedural water vertices (Ocean/Pools)
[+22:38:48.341] VoxelWater: Chunk X=4 Y=-27 Z=1 emitted 44 procedural water vertices (Ocean/Pools)
[+22:38:48.341] VoxelWater: Chunk X=6 Y=-27 Z=1 emitted 108 procedural water vertices (Ocean/Pools)
[+22:38:48.341] VoxelWater: Chunk X=3 Y=-26 Z=1 emitted 28 procedural water vertices (Ocean/Pools)
[+22:38:48.341] VoxelWater: Chunk X=7 Y=-26 Z=1 emitted 104 procedural water vertices (Ocean/Pools)
[+22:38:48.341] VoxelWater: Chunk X=5 Y=-27 Z=1 emitted 84 procedural water vertices (Ocean/Pools)
[+22:38:48.341] VoxelWater: Chunk X=5 Y=-23 Z=2 emitted 16 procedural water vertices (Ocean/Pools)
[+22:38:48.341] VoxelWater: Chunk X=5 Y=-22 Z=2 emitted 48 procedural water vertices (Ocean/Pools)
[+22:38:48.341] VoxelWater: Chunk X=5 Y=-27 Z=2 emitted 64 procedural water vertices (Ocean/Pools)
[+22:38:48.341] VoxelWater: Chunk X=5 Y=-28 Z=2 emitted 4 procedural water vertices (Ocean/Pools)
[+22:38:48.341] VoxelWater: Chunk X=6 Y=-27 Z=2 emitted 12 procedural water vertices (Ocean/Pools)
[+22:38:48.341] VoxelWater: Chunk X=6 Y=-28 Z=2 emitted 4 procedural water vertices (Ocean/Pools)
[+22:38:48.341] VoxelWater: Chunk X=5 Y=-28 Z=1 emitted 64 procedural water vertices (Ocean/Pools)
[+22:38:48.341] VoxelWater: Chunk X=5 Y=-29 Z=1 emitted 4 procedural water vertices (Ocean/Pools)
[+22:38:48.341] VoxelWater: Chunk X=3 Y=-26 Z=2 emitted 76 procedural water vertices (Ocean/Pools)
[+22:38:48.341] VoxelWater: Chunk X=4 Y=-27 Z=2 emitted 60 procedural water vertices (Ocean/Pools)
[+22:38:48.341] VoxelWater: Chunk X=6 Y=-22 Z=1 emitted 64 procedural water vertices (Ocean/Pools)
[+22:38:48.341] VoxelWater: Chunk X=7 Y=-26 Z=2 emitted 36 procedural water vertices (Ocean/Pools)
[+22:38:48.341] VoxelWater: Chunk X=2 Y=-24 Z=1 emitted 4 procedural water vertices (Ocean/Pools)
[+22:38:48.341] VoxelWater: Chunk X=3 Y=-23 Z=2 emitted 68 procedural water vertices (Ocean/Pools)
[+22:38:48.341] VoxelWater: Chunk X=2 Y=-23 Z=1 emitted 16 procedural water vertices (Ocean/Pools)
[+22:38:48.351] VoxelMesh: Chunk X=6 Y=-23 Z=-3 FlatVerts=0 SlopeVerts=0
[+22:38:48.352] VoxelChunk: GenerateAsync (5,-23,3)
[+22:38:48.353] VoxelMesh: Chunk X=4 Y=-27 Z=-3 FlatVerts=366 SlopeVerts=924
[+22:38:48.353] VoxelMesh: Chunk X=5 Y=-23 Z=3 FlatVerts=0 SlopeVerts=0
[+22:38:48.353] VoxelChunk: GenerateAsync (3,-25,3)
[+22:38:48.353] VoxelMesh: Chunk X=3 Y=-25 Z=3 FlatVerts=366 SlopeVerts=924
[+22:38:48.357] VoxelMesh: Chunk X=0 Y=0 Z=0 FlatVerts=0 SlopeVerts=0
[+22:38:48.357] VoxelChunk: GenerateAsync (7,-26,-5)
[+22:38:48.359] VoxelMesh: Chunk X=7 Y=-26 Z=-5 FlatVerts=0 SlopeVerts=0
[+22:38:48.363] VoxelMesh: Chunk X=0 Y=0 Z=0 FlatVerts=0 SlopeVerts=0
[+22:38:48.363] VoxelChunk: GenerateAsync (7,-24,-5)
[+22:38:48.364] VoxelMesh: Chunk X=7 Y=-24 Z=-5 FlatVerts=0 SlopeVerts=0
[+22:38:48.378] VoxelMesh: Chunk X=0 Y=0 Z=0 FlatVerts=0 SlopeVerts=0
[+22:38:48.378] VoxelChunk: GenerateAsync (3,-24,-5)
[+22:38:48.379] VoxelMesh: Chunk X=3 Y=-24 Z=-5 FlatVerts=0 SlopeVerts=0
[+22:38:48.383] VoxelMesh: Chunk X=0 Y=0 Z=0 FlatVerts=6396 SlopeVerts=3474
[+22:38:48.385] VoxelChunk: GenerateAsync (6,-21,1)
[+22:38:48.389] VoxelMesh: Chunk X=6 Y=-21 Z=1 FlatVerts=96 SlopeVerts=516
[+22:38:48.392] VoxelMesh: Chunk X=0 Y=0 Z=0 FlatVerts=540 SlopeVerts=1416
[+22:38:48.393] VoxelChunk: GenerateAsync (9,-27,0)
[+22:38:48.393] VoxelMesh: Chunk X=9 Y=-27 Z=0 FlatVerts=0 SlopeVerts=0
[+22:38:48.398] VoxelMesh: Chunk X=0 Y=0 Z=0 FlatVerts=0 SlopeVerts=0
[+22:38:48.398] VoxelChunk: GenerateAsync (4,-27,-5)
[+22:38:48.400] VoxelMesh: Chunk X=4 Y=-27 Z=-5 FlatVerts=0 SlopeVerts=0
[+22:38:48.414] VoxelMesh: Chunk X=0 Y=0 Z=0 FlatVerts=0 SlopeVerts=2418
[+22:38:48.416] VoxelChunk: GenerateAsync (1,0,3)
[+22:38:48.418] VoxelMesh: Chunk X=1 Y=0 Z=3 FlatVerts=0 SlopeVerts=0
[+22:38:48.424] VoxelMesh: Chunk X=0 Y=0 Z=0 FlatVerts=2280 SlopeVerts=21108
[+22:38:48.426] VoxelChunk: GenerateAsync (4,-21,1)
[+22:38:48.427] VoxelMesh: Chunk X=4 Y=-21 Z=1 FlatVerts=48 SlopeVerts=768
[+22:38:48.431] VoxelMesh: Chunk X=0 Y=0 Z=0 FlatVerts=0 SlopeVerts=0
[+22:38:48.432] VoxelChunk: GenerateAsync (6,-23,-5)
[+22:38:48.434] VoxelMesh: Chunk X=6 Y=-23 Z=-5 FlatVerts=0 SlopeVerts=0
[+22:38:48.437] VoxelMesh: Chunk X=0 Y=0 Z=0 FlatVerts=0 SlopeVerts=0
[+22:38:48.437] VoxelChunk: GenerateAsync (6,-27,-5)
[+22:38:48.442] VoxelMesh: Chunk X=6 Y=-27 Z=-5 FlatVerts=0 SlopeVerts=0
[+22:38:48.444] VoxelMesh: Chunk X=0 Y=0 Z=0 FlatVerts=0 SlopeVerts=0
[+22:38:48.444] VoxelChunk: GenerateAsync (4,-23,-5)
[+22:38:48.444] VoxelMesh: Chunk X=4 Y=-23 Z=-5 FlatVerts=0 SlopeVerts=0
[+22:38:48.460] VoxelMesh: Chunk X=0 Y=0 Z=0 FlatVerts=0 SlopeVerts=0
[+22:38:48.460] VoxelChunk: GenerateAsync (3,-26,-5)
[+22:38:48.462] VoxelMesh: Chunk X=3 Y=-26 Z=-5 FlatVerts=0 SlopeVerts=0
[+22:38:48.468] VoxelMesh: Chunk X=0 Y=0 Z=0 FlatVerts=90 SlopeVerts=21942
[+22:38:48.470] VoxelChunk: GenerateAsync (7,-26,3)
[+22:38:48.472] VoxelMesh: Chunk X=7 Y=-26 Z=3 FlatVerts=0 SlopeVerts=1356
[+22:38:48.474] VoxelMesh: Chunk X=0 Y=0 Z=0 FlatVerts=7908 SlopeVerts=1866
[+22:38:48.476] VoxelChunk: GenerateAsync (1,-27,0)
[+22:38:48.478] VoxelMesh: Chunk X=1 Y=-27 Z=0 FlatVerts=0 SlopeVerts=0
[+22:38:48.481] VoxelMesh: Chunk X=0 Y=0 Z=0 FlatVerts=2856 SlopeVerts=6684
[+22:38:48.482] VoxelChunk: GenerateAsync (3,-29,0)
[+22:38:48.483] VoxelMesh: Chunk X=3 Y=-29 Z=0 FlatVerts=0 SlopeVerts=0
[+22:38:48.496] VoxelMesh: Chunk X=0 Y=0 Z=0 FlatVerts=7554 SlopeVerts=6018
[+22:38:48.499] VoxelChunk: GenerateAsync (1,-26,1)
[+22:38:48.502] VoxelMesh: Chunk X=1 Y=-26 Z=1 FlatVerts=0 SlopeVerts=0
[+22:38:48.505] VoxelMesh: Chunk X=0 Y=0 Z=0 FlatVerts=6 SlopeVerts=1512
[+22:38:48.506] VoxelChunk: GenerateAsync (9,-26,1)
[+22:38:48.506] VoxelMesh: Chunk X=9 Y=-26 Z=1 FlatVerts=438 SlopeVerts=858
[+22:38:48.511] VoxelMesh: Chunk X=0 Y=0 Z=0 FlatVerts=3822 SlopeVerts=12210
[+22:38:48.513] VoxelChunk: GenerateAsync (9,-24,1)
[+22:38:48.515] VoxelMesh: Chunk X=9 Y=-24 Z=1 FlatVerts=54 SlopeVerts=96
[+22:38:48.521] VoxelMesh: Chunk X=0 Y=0 Z=0 FlatVerts=84 SlopeVerts=2712
[+22:38:48.522] VoxelChunk: GenerateAsync (3,-24,3)
[+22:38:48.524] VoxelMesh: Chunk X=3 Y=-24 Z=3 FlatVerts=258 SlopeVerts=4968
[+22:38:48.539] VoxelMesh: Chunk X=0 Y=0 Z=0 FlatVerts=0 SlopeVerts=0
[+22:38:48.539] VoxelChunk: GenerateAsync (0,1,3)
[+22:38:48.541] VoxelMesh: Chunk X=0 Y=1 Z=3 FlatVerts=0 SlopeVerts=0
[+22:38:48.546] VoxelMesh: Chunk X=0 Y=0 Z=0 FlatVerts=0 SlopeVerts=0
[+22:38:48.547] VoxelChunk: GenerateAsync (3,-26,3)
[+22:38:48.550] VoxelMesh: Chunk X=3 Y=-26 Z=3 FlatVerts=120 SlopeVerts=3750
[+22:38:48.552] VoxelMesh: Chunk X=0 Y=0 Z=0 FlatVerts=2610 SlopeVerts=8610
[+22:38:48.552] VoxelChunk: GenerateAsync (6,-29,1)
[+22:38:48.556] VoxelMesh: Chunk X=6 Y=-29 Z=1 FlatVerts=2208 SlopeVerts=828
[+22:38:48.558] VoxelMesh: Chunk X=0 Y=0 Z=0 FlatVerts=390 SlopeVerts=354
[+22:38:48.559] VoxelChunk: GenerateAsync (1,-23,0)
[+22:38:48.562] VoxelMesh: Chunk X=1 Y=-23 Z=0 FlatVerts=0 SlopeVerts=0
[+22:38:48.565] VoxelMesh: Chunk X=0 Y=0 Z=0 FlatVerts=0 SlopeVerts=684
[+22:38:48.566] VoxelChunk: GenerateAsync (6,-27,3)
[+22:38:48.567] VoxelMesh: Chunk X=6 Y=-27 Z=3 FlatVerts=0 SlopeVerts=0
[+22:38:48.591] VoxelWater: Chunk X=5 Y=-29 Z=1 emitted 4 procedural water vertices (Ocean/Pools)
[+22:38:48.591] VoxelWater: Chunk X=8 Y=-25 Z=1 emitted 28 procedural water vertices (Ocean/Pools)
[+22:38:48.591] VoxelWater: Chunk X=5 Y=-23 Z=1 emitted 44 procedural water vertices (Ocean/Pools)
[+22:38:48.591] VoxelWater: Chunk X=6 Y=-24 Z=1 emitted 104 procedural water vertices (Ocean/Pools)
[+22:38:48.591] VoxelWater: Chunk X=4 Y=-24 Z=1 emitted 52 procedural water vertices (Ocean/Pools)
[+22:38:48.591] VoxelWater: Chunk X=6 Y=-26 Z=1 emitted 88 procedural water vertices (Ocean/Pools)
[+22:38:48.591] VoxelWater: Chunk X=4 Y=-26 Z=1 emitted 248 procedural water vertices (Ocean/Pools)
[+22:38:48.591] VoxelWater: Chunk X=5 Y=-26 Z=1 emitted 272 procedural water vertices (Ocean/Pools)
[+22:38:48.591] VoxelWater: Chunk X=4 Y=-25 Z=1 emitted 168 procedural water vertices (Ocean/Pools)
[+22:38:48.591] VoxelWater: Chunk X=5 Y=-25 Z=1 emitted 96 procedural water vertices (Ocean/Pools)
[+22:38:48.591] VoxelWater: Chunk X=6 Y=-28 Z=2 emitted 4 procedural water vertices (Ocean/Pools)
[+22:38:48.591] VoxelWater: Chunk X=5 Y=-24 Z=1 emitted 120 procedural water vertices (Ocean/Pools)
[+22:38:48.591] VoxelWater: Chunk X=4 Y=-26 Z=2 emitted 8 procedural water vertices (Ocean/Pools)
[+22:38:48.591] VoxelWater: Chunk X=4 Y=-25 Z=2 emitted 380 procedural water vertices (Ocean/Pools)
[+22:38:48.591] VoxelWater: Chunk X=4 Y=-25 Z=3 emitted 136 procedural water vertices (Ocean/Pools)
[+22:38:48.591] VoxelWater: Chunk X=5 Y=-25 Z=2 emitted 496 procedural water vertices (Ocean/Pools)
[+22:38:48.591] VoxelWater: Chunk X=3 Y=-25 Z=2 emitted 24 procedural water vertices (Ocean/Pools)
[+22:38:48.591] VoxelWater: Chunk X=4 Y=-24 Z=2 emitted 404 procedural water vertices (Ocean/Pools)
[+22:38:48.591] VoxelWater: Chunk X=4 Y=-24 Z=3 emitted 84 procedural water vertices (Ocean/Pools)
[+22:38:48.591] VoxelWater: Chunk X=5 Y=-24 Z=2 emitted 124 procedural water vertices (Ocean/Pools)
[+22:38:48.591] VoxelWater: Chunk X=5 Y=-26 Z=2 emitted 8 procedural water vertices (Ocean/Pools)
[+22:38:48.591] VoxelWater: Chunk X=5 Y=-25 Z=3 emitted 128 procedural water vertices (Ocean/Pools)
[+22:38:48.592] VoxelWater: Chunk X=6 Y=-25 Z=2 emitted 152 procedural water vertices (Ocean/Pools)
[+22:38:48.592] VoxelWater: Chunk X=5 Y=-24 Z=3 emitted 20 procedural water vertices (Ocean/Pools)
[+22:38:48.592] VoxelWater: Chunk X=6 Y=-24 Z=3 emitted 120 procedural water vertices (Ocean/Pools)
[+22:38:48.592] VoxelWater: Chunk X=7 Y=-27 Z=1 emitted 36 procedural water vertices (Ocean/Pools)
[+22:38:48.592] VoxelWater: Chunk X=6 Y=-26 Z=2 emitted 56 procedural water vertices (Ocean/Pools)
[+22:38:48.592] VoxelWater: Chunk X=6 Y=-26 Z=3 emitted 20 procedural water vertices (Ocean/Pools)
[+22:38:48.592] VoxelWater: Chunk X=6 Y=-25 Z=3 emitted 272 procedural water vertices (Ocean/Pools)
[+22:38:48.592] VoxelWater: Chunk X=3 Y=-23 Z=1 emitted 16 procedural water vertices (Ocean/Pools)
[+22:38:48.592] VoxelWater: Chunk X=6 Y=-25 Z=1 emitted 20 procedural water vertices (Ocean/Pools)
[+22:38:48.592] VoxelWater: Chunk X=7 Y=-25 Z=2 emitted 12 procedural water vertices (Ocean/Pools)
[+22:38:48.592] VoxelWater: Chunk X=6 Y=-24 Z=2 emitted 172 procedural water vertices (Ocean/Pools)
[+22:38:48.592] VoxelWater: Chunk X=7 Y=-25 Z=1 emitted 4 procedural water vertices (Ocean/Pools)
[+22:38:48.592] VoxelWater: Chunk X=4 Y=-23 Z=1 emitted 8 procedural water vertices (Ocean/Pools)
[+22:38:48.592] VoxelWater: Chunk X=4 Y=-23 Z=2 emitted 8 procedural water vertices (Ocean/Pools)
[+22:38:48.592] VoxelWater: Chunk X=8 Y=-26 Z=1 emitted 16 procedural water vertices (Ocean/Pools)
[+22:38:48.592] VoxelWater: Chunk X=4 Y=-27 Z=1 emitted 48 procedural water vertices (Ocean/Pools)
[+22:38:48.592] VoxelWater: Chunk X=6 Y=-27 Z=1 emitted 116 procedural water vertices (Ocean/Pools)
[+22:38:48.592] VoxelWater: Chunk X=3 Y=-26 Z=1 emitted 28 procedural water vertices (Ocean/Pools)
[+22:38:48.592] VoxelWater: Chunk X=7 Y=-26 Z=1 emitted 112 procedural water vertices (Ocean/Pools)
[+22:38:48.592] VoxelWater: Chunk X=5 Y=-27 Z=1 emitted 84 procedural water vertices (Ocean/Pools)
[+22:38:48.592] VoxelWater: Chunk X=5 Y=-23 Z=2 emitted 16 procedural water vertices (Ocean/Pools)
[+22:38:48.592] VoxelWater: Chunk X=5 Y=-22 Z=2 emitted 56 procedural water vertices (Ocean/Pools)
[+22:38:48.592] VoxelWater: Chunk X=5 Y=-27 Z=2 emitted 64 procedural water vertices (Ocean/Pools)
[+22:38:48.592] VoxelWater: Chunk X=5 Y=-28 Z=2 emitted 4 procedural water vertices (Ocean/Pools)
[+22:38:48.592] VoxelWater: Chunk X=6 Y=-27 Z=2 emitted 12 procedural water vertices (Ocean/Pools)
[+22:38:48.592] VoxelWater: Chunk X=5 Y=-28 Z=1 emitted 68 procedural water vertices (Ocean/Pools)
[+22:38:48.592] VoxelWater: Chunk X=3 Y=-26 Z=2 emitted 76 procedural water vertices (Ocean/Pools)
[+22:38:48.592] VoxelWater: Chunk X=4 Y=-27 Z=2 emitted 60 procedural water vertices (Ocean/Pools)
[+22:38:48.592] VoxelWater: Chunk X=6 Y=-22 Z=1 emitted 64 procedural water vertices (Ocean/Pools)
[+22:38:48.592] VoxelWater: Chunk X=7 Y=-26 Z=2 emitted 36 procedural water vertices (Ocean/Pools)
[+22:38:48.592] VoxelWater: Chunk X=2 Y=-24 Z=1 emitted 4 procedural water vertices (Ocean/Pools)
[+22:38:48.592] VoxelWater: Chunk X=3 Y=-23 Z=2 emitted 68 procedural water vertices (Ocean/Pools)
[+22:38:48.592] VoxelWater: Chunk X=2 Y=-23 Z=1 emitted 16 procedural water vertices (Ocean/Pools)
[+22:38:48.592] VoxelWater: Chunk X=4 Y=-21 Z=1 emitted 4 procedural water vertices (Ocean/Pools)
[+22:38:48.593] VoxelWater: Chunk X=5 Y=-21 Z=1 emitted 8 procedural water vertices (Ocean/Pools)
[+22:38:48.593] VoxelWater: Chunk X=9 Y=-26 Z=1 emitted 36 procedural water vertices (Ocean/Pools)
[+22:38:48.593] VoxelWater: Chunk X=3 Y=-24 Z=3 emitted 28 procedural water vertices (Ocean/Pools)
[+22:38:48.609] VoxelMesh: Chunk X=0 Y=0 Z=0 FlatVerts=6954 SlopeVerts=1020
[+22:38:48.611] VoxelChunk: GenerateAsync (9,-23,0)
[+22:38:48.611] VoxelMesh: Chunk X=9 Y=-23 Z=0 FlatVerts=0 SlopeVerts=0
[+22:38:48.615] VoxelMesh: Chunk X=0 Y=0 Z=0 FlatVerts=1134 SlopeVerts=10860
[+22:38:48.616] VoxelChunk: GenerateAsync (4,-29,1)
[+22:38:48.618] VoxelMesh: Chunk X=4 Y=-29 Z=1 FlatVerts=1464 SlopeVerts=738
[+22:38:48.621] VoxelMesh: Chunk X=0 Y=0 Z=0 FlatVerts=5016 SlopeVerts=2304
[+22:38:48.622] VoxelChunk: GenerateAsync (7,-29,0)
[+22:38:48.623] VoxelMesh: Chunk X=7 Y=-29 Z=0 FlatVerts=0 SlopeVerts=0
[+22:38:48.630] VoxelMesh: Chunk X=0 Y=0 Z=0 FlatVerts=0 SlopeVerts=0
[+22:38:48.630] VoxelChunk: GenerateAsync (4,-27,3)
[+22:38:48.632] VoxelMesh: Chunk X=4 Y=-27 Z=3 FlatVerts=0 SlopeVerts=24
[+22:38:48.646] VoxelMesh: Chunk X=0 Y=0 Z=0 FlatVerts=0 SlopeVerts=12
[+22:38:48.646] VoxelChunk: GenerateAsync (1,1,3)
[+22:38:48.648] VoxelMesh: Chunk X=1 Y=1 Z=3 FlatVerts=0 SlopeVerts=0
[+22:38:48.651] VoxelChunk: GenerateAsync (3,-25,3)
[+22:38:48.652] VoxelChunk: GenerateAsync (5,-23,3)
[+22:38:48.652] VoxelChunk: GenerateAsync (5,-27,3)
[+22:38:48.652] VoxelChunk: GenerateAsync (9,-25,1)
[+22:38:48.652] VoxelChunk: GenerateAsync (5,-29,1)
[+22:38:48.652] VoxelChunk: GenerateAsync (7,-25,3)
[+22:38:48.652] VoxelChunk: GenerateAsync (1,-25,1)
[+22:38:48.652] VoxelChunk: GenerateAsync (5,-21,1)
[+22:38:48.652] VoxelChunk: GenerateAsync (2,-26,2)
[+22:38:48.652] VoxelChunk: GenerateAsync (6,-28,2)
[+22:38:48.652] VoxelChunk: GenerateAsync (6,-22,2)
[+22:38:48.652] VoxelChunk: GenerateAsync (8,-26,2)
[+22:38:48.652] VoxelMesh: Chunk X=9 Y=-25 Z=1 FlatVerts=6 SlopeVerts=0
[+22:38:48.652] VoxelChunk: GenerateAsync (4,-28,2)
[+22:38:48.652] VoxelMesh: Chunk X=3 Y=-25 Z=3 FlatVerts=108 SlopeVerts=132
[+22:38:48.652] VoxelChunk: GenerateAsync (2,-24,2)
[+22:38:48.652] VoxelChunk: GenerateAsync (4,-22,2)
[+22:38:48.652] VoxelChunk: GenerateAsync (2,-22,0)
[+22:38:48.652] VoxelChunk: GenerateAsync (2,-28,0)
[+22:38:48.652] VoxelChunk: GenerateAsync (8,-28,0)
[+22:38:48.652] VoxelMesh: Chunk X=5 Y=-29 Z=1 FlatVerts=162 SlopeVerts=0
[+22:38:48.652] VoxelMesh: Chunk X=7 Y=-25 Z=3 FlatVerts=0 SlopeVerts=84
[+22:38:48.652] VoxelMesh: Chunk X=5 Y=-21 Z=1 FlatVerts=0 SlopeVerts=18
[+22:38:48.652] VoxelChunk: GenerateAsync (8,-22,0)
[+22:38:48.652] VoxelChunk: GenerateAsync (8,-24,2)
[+22:38:48.652] VoxelChunk: GenerateAsync (9,-26,0)
[+22:38:48.652] VoxelChunk: GenerateAsync (1,-26,0)
[+22:38:48.652] VoxelMesh: Chunk X=5 Y=-27 Z=3 FlatVerts=0 SlopeVerts=0
[+22:38:48.652] VoxelMesh: Chunk X=5 Y=-23 Z=3 FlatVerts=0 SlopeVerts=0
[+22:38:48.652] VoxelMesh: Chunk X=2 Y=-26 Z=2 FlatVerts=0 SlopeVerts=114
[+22:38:48.652] VoxelChunk: GenerateAsync (2,-25,2)
[+22:38:48.652] VoxelChunk: GenerateAsync (8,-25,2)
[+22:38:48.652] VoxelChunk: GenerateAsync (5,-22,2)
[+22:38:48.652] VoxelChunk: GenerateAsync (6,-21,0)
[+22:38:48.652] VoxelChunk: GenerateAsync (5,-28,2)
[+22:38:48.652] VoxelChunk: GenerateAsync (4,-29,0)
[+22:38:48.652] VoxelChunk: GenerateAsync (4,-21,0)
[+22:38:48.652] VoxelMesh: Chunk X=6 Y=-28 Z=2 FlatVerts=18 SlopeVerts=6
[+22:38:48.652] VoxelMesh: Chunk X=1 Y=-25 Z=1 FlatVerts=0 SlopeVerts=0
[+22:38:48.652] VoxelMesh: Chunk X=6 Y=-22 Z=2 FlatVerts=102 SlopeVerts=18
[+22:38:48.652] VoxelChunk: GenerateAsync (6,-29,0)
[+22:38:48.652] VoxelMesh: Chunk X=8 Y=-28 Z=0 FlatVerts=0 SlopeVerts=0
[+22:38:48.652] VoxelMesh: Chunk X=4 Y=-28 Z=2 FlatVerts=150 SlopeVerts=48
[+22:38:48.652] VoxelMesh: Chunk X=8 Y=-22 Z=0 FlatVerts=0 SlopeVerts=0
[+22:38:48.652] VoxelMesh: Chunk X=4 Y=-22 Z=2 FlatVerts=0 SlopeVerts=120
[+22:38:48.652] VoxelMesh: Chunk X=2 Y=-24 Z=2 FlatVerts=0 SlopeVerts=162
[+22:38:48.652] VoxelMesh: Chunk X=8 Y=-26 Z=2 FlatVerts=24 SlopeVerts=96
[+22:38:48.652] VoxelMesh: Chunk X=2 Y=-28 Z=0 FlatVerts=0 SlopeVerts=0
[+22:38:48.652] VoxelMesh: Chunk X=2 Y=-22 Z=0 FlatVerts=0 SlopeVerts=0
[+22:38:48.652] VoxelChunk: GenerateAsync (6,-21,1)
[+22:38:48.652] VoxelChunk: GenerateAsync (9,-27,0)
[+22:38:48.652] VoxelChunk: GenerateAsync (4,-21,1)
[+22:38:48.652] VoxelChunk: GenerateAsync (7,-26,3)
[+22:38:48.652] VoxelChunk: GenerateAsync (1,-27,0)
[+22:38:48.652] VoxelChunk: GenerateAsync (3,-29,0)
[+22:38:48.652] VoxelChunk: GenerateAsync (1,-26,1)
[+22:38:48.652] VoxelMesh: Chunk X=9 Y=-26 Z=0 FlatVerts=0 SlopeVerts=0
[+22:38:48.652] VoxelChunk: GenerateAsync (9,-26,1)
[+22:38:48.652] VoxelMesh: Chunk X=8 Y=-24 Z=2 FlatVerts=0 SlopeVerts=192
[+22:38:48.652] VoxelChunk: GenerateAsync (9,-24,1)
[+22:38:48.652] VoxelMesh: Chunk X=2 Y=-25 Z=2 FlatVerts=0 SlopeVerts=0
[+22:38:48.652] VoxelChunk: GenerateAsync (3,-24,3)
[+22:38:48.652] VoxelMesh: Chunk X=8 Y=-25 Z=2 FlatVerts=18 SlopeVerts=162
[+22:38:48.652] VoxelMesh: Chunk X=6 Y=-21 Z=0 FlatVerts=0 SlopeVerts=0
[+22:38:48.652] VoxelChunk: GenerateAsync (3,-26,3)
[+22:38:48.652] VoxelMesh: Chunk X=5 Y=-28 Z=2 FlatVerts=66 SlopeVerts=0
[+22:38:48.652] VoxelChunk: GenerateAsync (6,-29,1)
[+22:38:48.652] VoxelMesh: Chunk X=5 Y=-22 Z=2 FlatVerts=126 SlopeVerts=120
[+22:38:48.652] VoxelChunk: GenerateAsync (1,-23,0)
[+22:38:48.652] VoxelMesh: Chunk X=4 Y=-29 Z=0 FlatVerts=0 SlopeVerts=0
[+22:38:48.652] VoxelChunk: GenerateAsync (6,-27,3)
[+22:38:48.652] VoxelMesh: Chunk X=6 Y=-29 Z=0 FlatVerts=0 SlopeVerts=0
[+22:38:48.652] VoxelChunk: GenerateAsync (9,-23,0)
[+22:38:48.652] VoxelMesh: Chunk X=6 Y=-21 Z=1 FlatVerts=6 SlopeVerts=6
[+22:38:48.652] VoxelMesh: Chunk X=9 Y=-27 Z=0 FlatVerts=0 SlopeVerts=0
[+22:38:48.652] VoxelMesh: Chunk X=1 Y=-26 Z=0 FlatVerts=0 SlopeVerts=0
[+22:38:48.652] VoxelChunk: GenerateAsync (4,-29,1)
[+22:38:48.652] VoxelMesh: Chunk X=4 Y=-21 Z=0 FlatVerts=0 SlopeVerts=0
[+22:38:48.652] VoxelChunk: GenerateAsync (7,-29,0)
[+22:38:48.652] VoxelChunk: GenerateAsync (4,-27,3)
[+22:38:48.653] VoxelMesh: Chunk X=4 Y=-21 Z=1 FlatVerts=0 SlopeVerts=24
[+22:38:48.653] VoxelMesh: Chunk X=9 Y=-26 Z=1 FlatVerts=66 SlopeVerts=0
[+22:38:48.653] VoxelMesh: Chunk X=9 Y=-24 Z=1 FlatVerts=0 SlopeVerts=0
[+22:38:48.653] VoxelMesh: Chunk X=3 Y=-29 Z=0 FlatVerts=0 SlopeVerts=0
[+22:38:48.653] VoxelMesh: Chunk X=1 Y=-23 Z=0 FlatVerts=0 SlopeVerts=0
[+22:38:48.653] VoxelMesh: Chunk X=7 Y=-26 Z=3 FlatVerts=0 SlopeVerts=78
[+22:38:48.653] VoxelMesh: Chunk X=6 Y=-29 Z=1 FlatVerts=198 SlopeVerts=0
[+22:38:48.653] VoxelMesh: Chunk X=1 Y=-27 Z=0 FlatVerts=0 SlopeVerts=0
[+22:38:48.653] VoxelMesh: Chunk X=3 Y=-24 Z=3 FlatVerts=54 SlopeVerts=216
[+22:38:48.653] VoxelMesh: Chunk X=9 Y=-23 Z=0 FlatVerts=0 SlopeVerts=0
[+22:38:48.653] VoxelMesh: Chunk X=4 Y=-29 Z=1 FlatVerts=84 SlopeVerts=0
[+22:38:48.653] VoxelMesh: Chunk X=7 Y=-29 Z=0 FlatVerts=0 SlopeVerts=0
[+22:38:48.653] VoxelMesh: Chunk X=3 Y=-26 Z=3 FlatVerts=6 SlopeVerts=186
[+22:38:48.654] VoxelMesh: Chunk X=1 Y=-26 Z=1 FlatVerts=0 SlopeVerts=0
[+22:38:48.654] VoxelMesh: Chunk X=6 Y=-27 Z=3 FlatVerts=0 SlopeVerts=0
[+22:38:48.654] VoxelMesh: Chunk X=4 Y=-27 Z=3 FlatVerts=12 SlopeVerts=12
[+22:38:48.654] VoxelMesh: Chunk X=3 Y=-26 Z=-5 FlatVerts=978 SlopeVerts=1050
[+22:38:48.654] VoxelChunk: GenerateAsync (1,-24,1)
[+22:38:48.656] VoxelMesh: Chunk X=1 Y=-24 Z=1 FlatVerts=978 SlopeVerts=1050
[+22:38:48.656] VoxelMesh: Chunk X=4 Y=-23 Z=-5 FlatVerts=0 SlopeVerts=0
[+22:38:48.656] VoxelChunk: GenerateAsync (6,-23,3)
[+22:38:48.658] VoxelMesh: Chunk X=6 Y=-27 Z=-5 FlatVerts=0 SlopeVerts=0
[+22:38:48.659] VoxelChunk: GenerateAsync (3,-21,0)
[+22:38:48.659] VoxelMesh: Chunk X=6 Y=-23 Z=3 FlatVerts=0 SlopeVerts=0
[+22:38:48.660] VoxelMesh: Chunk X=6 Y=-23 Z=-5 FlatVerts=0 SlopeVerts=0
[+22:38:48.660] VoxelChunk: GenerateAsync (7,-21,0)
[+22:38:48.660] VoxelMesh: Chunk X=3 Y=-21 Z=0 FlatVerts=0 SlopeVerts=0
[+22:38:48.661] VoxelMesh: Chunk X=7 Y=-21 Z=0 FlatVerts=0 SlopeVerts=0
[+22:38:48.676] VoxelMesh: Chunk X=4 Y=-27 Z=-5 FlatVerts=90 SlopeVerts=3846
[+22:38:48.677] VoxelChunk: GenerateAsync (4,-23,3)
[+22:38:48.679] VoxelMesh: Chunk X=3 Y=-24 Z=-5 FlatVerts=0 SlopeVerts=2748
[+22:38:48.679] VoxelChunk: GenerateAsync (7,-24,3)
[+22:38:48.680] VoxelMesh: Chunk X=4 Y=-23 Z=3 FlatVerts=90 SlopeVerts=3846
[+22:38:48.680] VoxelMesh: Chunk X=7 Y=-24 Z=3 FlatVerts=0 SlopeVerts=2748
[+22:38:48.681] VoxelMesh: Chunk X=7 Y=-24 Z=-5 FlatVerts=150 SlopeVerts=5268
[+22:38:48.681] VoxelChunk: GenerateAsync (2,-23,2)
[+22:38:48.683] VoxelMesh: Chunk X=7 Y=-26 Z=-5 FlatVerts=0 SlopeVerts=0
[+22:38:48.684] VoxelMesh: Chunk X=2 Y=-23 Z=2 FlatVerts=150 SlopeVerts=5268
[+22:38:48.684] VoxelChunk: GenerateAsync (8,-27,2)
[+22:38:48.686] VoxelMesh: Chunk X=8 Y=-27 Z=2 FlatVerts=0 SlopeVerts=0
[+22:38:48.694] VoxelMesh: Chunk X=6 Y=-26 Z=-5 FlatVerts=432 SlopeVerts=0
[+22:38:48.695] VoxelChunk: GenerateAsync (8,-28,1)
[+22:38:48.695] VoxelMesh: Chunk X=8 Y=-28 Z=1 FlatVerts=432 SlopeVerts=0
[+22:38:48.695] VoxelMesh: Chunk X=4 Y=-26 Z=-5 FlatVerts=102 SlopeVerts=216
[+22:38:48.696] VoxelChunk: GenerateAsync (2,-28,1)
[+22:38:48.696] VoxelMesh: Chunk X=8 Y=-25 Z=-4 FlatVerts=30 SlopeVerts=0
[+22:38:48.696] VoxelChunk: GenerateAsync (2,-22,1)
[+22:38:48.696] VoxelMesh: Chunk X=2 Y=-22 Z=1 FlatVerts=30 SlopeVerts=0
[+22:38:48.696] VoxelMesh: Chunk X=5 Y=-22 Z=-4 FlatVerts=450 SlopeVerts=0
[+22:38:48.696] VoxelMesh: Chunk X=2 Y=-28 Z=1 FlatVerts=102 SlopeVerts=216
[+22:38:48.696] VoxelChunk: GenerateAsync (8,-22,1)
[+22:38:48.696] VoxelMesh: Chunk X=8 Y=-22 Z=1 FlatVerts=450 SlopeVerts=0
[+22:38:48.704] VoxelMesh: Chunk X=6 Y=-24 Z=-5 FlatVerts=18 SlopeVerts=120
[+22:38:48.705] VoxelChunk: GenerateAsync (2,-27,2)
[+22:38:48.705] VoxelMesh: Chunk X=4 Y=-24 Z=-5 FlatVerts=0 SlopeVerts=0
[+22:38:48.705] VoxelMesh: Chunk X=2 Y=-27 Z=2 FlatVerts=18 SlopeVerts=120
[+22:38:48.705] VoxelChunk: GenerateAsync (7,-28,2)
[+22:38:48.706] VoxelMesh: Chunk X=7 Y=-28 Z=2 FlatVerts=0 SlopeVerts=0
[+22:38:48.707] VoxelMesh: Chunk X=5 Y=-26 Z=-5 FlatVerts=0 SlopeVerts=378
[+22:38:48.707] VoxelChunk: GenerateAsync (8,-23,2)
[+22:38:48.709] VoxelMesh: Chunk X=4 Y=-25 Z=-5 FlatVerts=0 SlopeVerts=0
[+22:38:48.709] VoxelChunk: GenerateAsync (2,-27,-4)
[+22:38:48.709] VoxelMesh: Chunk X=8 Y=-23 Z=2 FlatVerts=0 SlopeVerts=378
[+22:38:48.710] VoxelMesh: Chunk X=2 Y=-27 Z=-4 FlatVerts=0 SlopeVerts=0
[+22:38:48.718] VoxelMesh: Chunk X=6 Y=-25 Z=-5 FlatVerts=0 SlopeVerts=726
[+22:38:48.718] VoxelChunk: GenerateAsync (3,-22,2)
[+22:38:48.719] VoxelMesh: Chunk X=7 Y=-27 Z=-4 FlatVerts=0 SlopeVerts=0
[+22:38:48.719] VoxelMesh: Chunk X=3 Y=-22 Z=2 FlatVerts=0 SlopeVerts=726
[+22:38:48.719] VoxelChunk: GenerateAsync (2,-23,-4)
[+22:38:48.719] VoxelMesh: Chunk X=2 Y=-23 Z=-4 FlatVerts=0 SlopeVerts=0
[+22:38:48.721] VoxelMesh: Chunk X=8 Y=-28 Z=-1 FlatVerts=0 SlopeVerts=0
[+22:38:48.721] VoxelChunk: GenerateAsync (8,-28,-3)
[+22:38:48.722] VoxelMesh: Chunk X=2 Y=-25 Z=-4 FlatVerts=0 SlopeVerts=0
[+22:38:48.723] VoxelChunk: GenerateAsync (2,-28,-3)
[+22:38:48.723] VoxelMesh: Chunk X=8 Y=-28 Z=-3 FlatVerts=0 SlopeVerts=0
[+22:38:48.724] VoxelMesh: Chunk X=2 Y=-28 Z=-3 FlatVerts=0 SlopeVerts=0
[+22:38:48.738] VoxelMesh: Chunk X=0 Y=0 Z=0 FlatVerts=0 SlopeVerts=0
[+22:38:48.739] VoxelChunk: GenerateAsync (-2,2,3)
[+22:38:48.741] VoxelMesh: Chunk X=-2 Y=2 Z=3 FlatVerts=18 SlopeVerts=4662
[+22:38:48.741] VoxelMesh: Chunk X=2 Y=-28 Z=-1 FlatVerts=66 SlopeVerts=30
[+22:38:48.741] VoxelChunk: GenerateAsync (7,-22,2)
[+22:38:48.741] VoxelMesh: Chunk X=3 Y=-26 Z=-4 FlatVerts=0 SlopeVerts=0
[+22:38:48.741] VoxelChunk: GenerateAsync (8,-23,-4)
[+22:38:48.741] VoxelMesh: Chunk X=7 Y=-22 Z=2 FlatVerts=66 SlopeVerts=30
[+22:38:48.742] VoxelMesh: Chunk X=5 Y=-28 Z=-4 FlatVerts=0 SlopeVerts=0
[+22:38:48.742] VoxelMesh: Chunk X=8 Y=-23 Z=-4 FlatVerts=0 SlopeVerts=0
[+22:38:48.742] VoxelChunk: GenerateAsync (3,-22,-4)
[+22:38:48.742] VoxelMesh: Chunk X=4 Y=-27 Z=-4 FlatVerts=0 SlopeVerts=0
[+22:38:48.743] VoxelChunk: GenerateAsync (8,-22,-3)
[+22:38:48.743] VoxelMesh: Chunk X=3 Y=-22 Z=-4 FlatVerts=0 SlopeVerts=0
[+22:38:48.744] VoxelMesh: Chunk X=8 Y=-22 Z=-3 FlatVerts=0 SlopeVerts=0
[+22:38:48.755] VoxelMesh: Chunk X=7 Y=-24 Z=-4 FlatVerts=0 SlopeVerts=0
[+22:38:48.755] VoxelChunk: GenerateAsync (8,-27,-4)
[+22:38:48.756] VoxelMesh: Chunk X=7 Y=-26 Z=-4 FlatVerts=0 SlopeVerts=0
[+22:38:48.756] VoxelChunk: GenerateAsync (2,-22,-3)
[+22:38:48.756] VoxelMesh: Chunk X=6 Y=-23 Z=-4 FlatVerts=0 SlopeVerts=0
[+22:38:48.756] VoxelMesh: Chunk X=8 Y=-27 Z=-4 FlatVerts=0 SlopeVerts=0
[+22:38:48.756] VoxelChunk: GenerateAsync (7,-22,-4)
[+22:38:48.757] VoxelMesh: Chunk X=5 Y=-27 Z=-4 FlatVerts=204 SlopeVerts=810
[+22:38:48.757] VoxelMesh: Chunk X=2 Y=-22 Z=-3 FlatVerts=0 SlopeVerts=0
[+22:38:48.758] VoxelChunk: GenerateAsync (3,-28,2)
[+22:38:48.758] VoxelMesh: Chunk X=7 Y=-22 Z=-4 FlatVerts=0 SlopeVerts=0
[+22:38:48.758] VoxelMesh: Chunk X=3 Y=-28 Z=2 FlatVerts=204 SlopeVerts=810
[+22:38:48.782] VoxelWater: Chunk X=5 Y=-29 Z=1 emitted 4 procedural water vertices (Ocean/Pools)
[+22:38:48.782] VoxelWater: Chunk X=8 Y=-25 Z=1 emitted 32 procedural water vertices (Ocean/Pools)
[+22:38:48.782] VoxelWater: Chunk X=9 Y=-25 Z=1 emitted 8 procedural water vertices (Ocean/Pools)
[+22:38:48.782] VoxelWater: Chunk X=5 Y=-23 Z=1 emitted 52 procedural water vertices (Ocean/Pools)
[+22:38:48.782] VoxelWater: Chunk X=6 Y=-24 Z=1 emitted 120 procedural water vertices (Ocean/Pools)
[+22:38:48.782] VoxelWater: Chunk X=4 Y=-24 Z=1 emitted 60 procedural water vertices (Ocean/Pools)
[+22:38:48.782] VoxelWater: Chunk X=5 Y=-24 Z=1 emitted 128 procedural water vertices (Ocean/Pools)
[+22:38:48.782] VoxelWater: Chunk X=6 Y=-26 Z=1 emitted 92 procedural water vertices (Ocean/Pools)
[+22:38:48.782] VoxelWater: Chunk X=5 Y=-21 Z=1 emitted 8 procedural water vertices (Ocean/Pools)
[+22:38:48.782] VoxelWater: Chunk X=4 Y=-26 Z=1 emitted 272 procedural water vertices (Ocean/Pools)
[+22:38:48.782] VoxelWater: Chunk X=5 Y=-26 Z=1 emitted 328 procedural water vertices (Ocean/Pools)
[+22:38:48.782] VoxelWater: Chunk X=4 Y=-25 Z=1 emitted 212 procedural water vertices (Ocean/Pools)
[+22:38:48.782] VoxelWater: Chunk X=5 Y=-25 Z=1 emitted 116 procedural water vertices (Ocean/Pools)
[+22:38:48.782] VoxelWater: Chunk X=6 Y=-28 Z=1 emitted 8 procedural water vertices (Ocean/Pools)
[+22:38:48.782] VoxelWater: Chunk X=6 Y=-28 Z=2 emitted 4 procedural water vertices (Ocean/Pools)
[+22:38:48.782] VoxelWater: Chunk X=4 Y=-26 Z=2 emitted 8 procedural water vertices (Ocean/Pools)
[+22:38:48.782] VoxelWater: Chunk X=4 Y=-25 Z=2 emitted 392 procedural water vertices (Ocean/Pools)
[+22:38:48.782] VoxelWater: Chunk X=4 Y=-25 Z=3 emitted 136 procedural water vertices (Ocean/Pools)
[+22:38:48.782] VoxelWater: Chunk X=3 Y=-25 Z=3 emitted 4 procedural water vertices (Ocean/Pools)
[+22:38:48.783] VoxelWater: Chunk X=5 Y=-25 Z=2 emitted 476 procedural water vertices (Ocean/Pools)
[+22:38:48.783] VoxelWater: Chunk X=3 Y=-25 Z=2 emitted 28 procedural water vertices (Ocean/Pools)
[+22:38:48.783] VoxelWater: Chunk X=4 Y=-24 Z=2 emitted 400 procedural water vertices (Ocean/Pools)
[+22:38:48.783] VoxelWater: Chunk X=4 Y=-24 Z=3 emitted 80 procedural water vertices (Ocean/Pools)
[+22:38:48.783] VoxelWater: Chunk X=3 Y=-24 Z=3 emitted 68 procedural water vertices (Ocean/Pools)
[+22:38:48.783] VoxelWater: Chunk X=5 Y=-24 Z=2 emitted 124 procedural water vertices (Ocean/Pools)
[+22:38:48.783] VoxelWater: Chunk X=5 Y=-26 Z=2 emitted 8 procedural water vertices (Ocean/Pools)
[+22:38:48.783] VoxelWater: Chunk X=5 Y=-25 Z=3 emitted 132 procedural water vertices (Ocean/Pools)
[+22:38:48.783] VoxelWater: Chunk X=6 Y=-25 Z=2 emitted 160 procedural water vertices (Ocean/Pools)
[+22:38:48.783] VoxelWater: Chunk X=5 Y=-24 Z=3 emitted 20 procedural water vertices (Ocean/Pools)
[+22:38:48.784] VoxelWater: Chunk X=6 Y=-24 Z=3 emitted 112 procedural water vertices (Ocean/Pools)
[+22:38:48.784] VoxelWater: Chunk X=7 Y=-27 Z=1 emitted 52 procedural water vertices (Ocean/Pools)
[+22:38:48.784] VoxelWater: Chunk X=8 Y=-27 Z=1 emitted 4 procedural water vertices (Ocean/Pools)
[+22:38:48.784] VoxelWater: Chunk X=6 Y=-26 Z=2 emitted 60 procedural water vertices (Ocean/Pools)
[+22:38:48.784] VoxelWater: Chunk X=6 Y=-26 Z=3 emitted 20 procedural water vertices (Ocean/Pools)
[+22:38:48.784] VoxelWater: Chunk X=6 Y=-25 Z=3 emitted 240 procedural water vertices (Ocean/Pools)
[+22:38:48.784] VoxelWater: Chunk X=3 Y=-23 Z=1 emitted 16 procedural water vertices (Ocean/Pools)
[+22:38:48.784] VoxelWater: Chunk X=7 Y=-25 Z=2 emitted 16 procedural water vertices (Ocean/Pools)
[+22:38:48.784] VoxelWater: Chunk X=6 Y=-24 Z=2 emitted 168 procedural water vertices (Ocean/Pools)
[+22:38:48.784] VoxelWater: Chunk X=5 Y=-26 Z=0 emitted 4 procedural water vertices (Ocean/Pools)
[+22:38:48.784] VoxelWater: Chunk X=6 Y=-25 Z=1 emitted 20 procedural water vertices (Ocean/Pools)
[+22:38:48.784] VoxelWater: Chunk X=7 Y=-25 Z=1 emitted 4 procedural water vertices (Ocean/Pools)
[+22:38:48.784] VoxelWater: Chunk X=4 Y=-23 Z=1 emitted 8 procedural water vertices (Ocean/Pools)
[+22:38:48.784] VoxelWater: Chunk X=4 Y=-23 Z=2 emitted 4 procedural water vertices (Ocean/Pools)
[+22:38:48.784] VoxelWater: Chunk X=8 Y=-26 Z=1 emitted 20 procedural water vertices (Ocean/Pools)
[+22:38:48.784] VoxelWater: Chunk X=8 Y=-24 Z=1 emitted 4 procedural water vertices (Ocean/Pools)
[+22:38:48.784] VoxelWater: Chunk X=4 Y=-27 Z=1 emitted 52 procedural water vertices (Ocean/Pools)
[+22:38:48.784] VoxelWater: Chunk X=6 Y=-27 Z=1 emitted 148 procedural water vertices (Ocean/Pools)
[+22:38:48.784] VoxelWater: Chunk X=3 Y=-26 Z=1 emitted 28 procedural water vertices (Ocean/Pools)
[+22:38:48.785] VoxelWater: Chunk X=7 Y=-26 Z=1 emitted 120 procedural water vertices (Ocean/Pools)
[+22:38:48.785] VoxelWater: Chunk X=5 Y=-27 Z=1 emitted 88 procedural water vertices (Ocean/Pools)
[+22:38:48.785] VoxelWater: Chunk X=5 Y=-23 Z=2 emitted 16 procedural water vertices (Ocean/Pools)
[+22:38:48.785] VoxelWater: Chunk X=5 Y=-22 Z=2 emitted 100 procedural water vertices (Ocean/Pools)
[+22:38:48.785] VoxelWater: Chunk X=5 Y=-27 Z=2 emitted 64 procedural water vertices (Ocean/Pools)
[+22:38:48.785] VoxelWater: Chunk X=5 Y=-28 Z=2 emitted 4 procedural water vertices (Ocean/Pools)
[+22:38:48.785] VoxelWater: Chunk X=6 Y=-27 Z=2 emitted 12 procedural water vertices (Ocean/Pools)
[+22:38:48.785] VoxelWater: Chunk X=5 Y=-28 Z=1 emitted 68 procedural water vertices (Ocean/Pools)
[+22:38:48.785] VoxelWater: Chunk X=3 Y=-26 Z=2 emitted 72 procedural water vertices (Ocean/Pools)
[+22:38:48.785] VoxelWater: Chunk X=4 Y=-27 Z=2 emitted 60 procedural water vertices (Ocean/Pools)
[+22:38:48.785] VoxelWater: Chunk X=6 Y=-22 Z=1 emitted 64 procedural water vertices (Ocean/Pools)
[+22:38:48.785] VoxelWater: Chunk X=7 Y=-26 Z=2 emitted 36 procedural water vertices (Ocean/Pools)
[+22:38:48.785] VoxelWater: Chunk X=2 Y=-24 Z=1 emitted 4 procedural water vertices (Ocean/Pools)
[+22:38:48.785] VoxelWater: Chunk X=3 Y=-23 Z=2 emitted 68 procedural water vertices (Ocean/Pools)
[+22:38:48.785] VoxelWater: Chunk X=2 Y=-23 Z=2 emitted 16 procedural water vertices (Ocean/Pools)
[+22:38:48.785] VoxelWater: Chunk X=2 Y=-23 Z=1 emitted 16 procedural water vertices (Ocean/Pools)
[+22:38:48.785] VoxelWater: Chunk X=8 Y=-23 Z=2 emitted 20 procedural water vertices (Ocean/Pools)
[+22:38:48.785] VoxelWater: Chunk X=8 Y=-24 Z=2 emitted 8 procedural water vertices (Ocean/Pools)
[+22:38:48.785] VoxelWater: Chunk X=7 Y=-24 Z=3 emitted 24 procedural water vertices (Ocean/Pools)
[+22:38:48.785] VoxelWater: Chunk X=4 Y=-23 Z=3 emitted 12 procedural water vertices (Ocean/Pools)
[+22:38:48.785] VoxelWater: Chunk X=4 Y=-21 Z=1 emitted 20 procedural water vertices (Ocean/Pools)
[+22:38:48.786] VoxelWater: Chunk X=1 Y=-24 Z=1 emitted 32 procedural water vertices (Ocean/Pools)
[+22:38:48.786] VoxelWater: Chunk X=9 Y=-26 Z=1 emitted 64 procedural water vertices (Ocean/Pools)
[+22:38:48.786] VoxelWater: Chunk X=3 Y=-26 Z=3 emitted 20 procedural water vertices (Ocean/Pools)
[+22:38:48.786] VoxelWater: Chunk X=6 Y=-29 Z=1 emitted 56 procedural water vertices (Ocean/Pools)
[+22:38:48.786] VoxelWater: Chunk X=4 Y=-29 Z=1 emitted 20 procedural water vertices (Ocean/Pools)
[+22:38:48.798] VoxelMesh: Chunk X=3 Y=-25 Z=-4 FlatVerts=0 SlopeVerts=0
[+22:38:48.798] VoxelChunk: GenerateAsync (7,-28,-4)
[+22:38:48.798] VoxelMesh: Chunk X=4 Y=-25 Z=-4 FlatVerts=0 SlopeVerts=0
[+22:38:48.799] VoxelChunk: GenerateAsync (3,-28,-4)
[+22:38:48.799] VoxelMesh: Chunk X=6 Y=-27 Z=-4 FlatVerts=216 SlopeVerts=480
[+22:38:48.799] VoxelMesh: Chunk X=7 Y=-28 Z=-4 FlatVerts=0 SlopeVerts=0
[+22:38:48.799] VoxelMesh: Chunk X=3 Y=-28 Z=-4 FlatVerts=0 SlopeVerts=0
[+22:38:48.800] VoxelChunk: GenerateAsync (3,-27,3)
[+22:38:48.800] VoxelMesh: Chunk X=5 Y=-24 Z=-4 FlatVerts=480 SlopeVerts=30
[+22:38:48.800] VoxelChunk: GenerateAsync (1,-23,1)
[+22:38:48.800] VoxelMesh: Chunk X=3 Y=-27 Z=3 FlatVerts=216 SlopeVerts=480
[+22:38:48.800] VoxelMesh: Chunk X=1 Y=-23 Z=1 FlatVerts=480 SlopeVerts=30
[+22:38:48.809] VoxelMesh: Chunk X=6 Y=-24 Z=-4 FlatVerts=0 SlopeVerts=0
[+22:38:48.809] VoxelChunk: GenerateAsync (7,-23,-5)
[+22:38:48.809] VoxelMesh: Chunk X=5 Y=-26 Z=-4 FlatVerts=0 SlopeVerts=0
[+22:38:48.810] VoxelChunk: GenerateAsync (3,-23,-5)
[+22:38:48.810] VoxelMesh: Chunk X=7 Y=-23 Z=-5 FlatVerts=0 SlopeVerts=0
[+22:38:48.810] VoxelMesh: Chunk X=6 Y=-25 Z=-4 FlatVerts=0 SlopeVerts=0
[+22:38:48.810] VoxelMesh: Chunk X=3 Y=-23 Z=-5 FlatVerts=0 SlopeVerts=0
[+22:38:48.810] VoxelChunk: GenerateAsync (7,-27,3)
[+22:38:48.811] VoxelMesh: Chunk X=4 Y=-24 Z=-4 FlatVerts=0 SlopeVerts=0
[+22:38:48.811] VoxelChunk: GenerateAsync (7,-27,-5)
[+22:38:48.811] VoxelMesh: Chunk X=7 Y=-27 Z=3 FlatVerts=0 SlopeVerts=0
[+22:38:48.811] VoxelMesh: Chunk X=7 Y=-27 Z=-5 FlatVerts=0 SlopeVerts=0
[+22:38:48.822] VoxelMesh: Chunk X=4 Y=-22 Z=-4 FlatVerts=648 SlopeVerts=0
[+22:38:48.822] VoxelChunk: GenerateAsync (7,-29,1)
[+22:38:48.822] VoxelMesh: Chunk X=6 Y=-22 Z=-4 FlatVerts=0 SlopeVerts=0
[+22:38:48.823] VoxelMesh: Chunk X=7 Y=-29 Z=1 FlatVerts=648 SlopeVerts=0
[+22:38:48.823] VoxelChunk: GenerateAsync (1,-27,1)
[+22:38:48.823] VoxelMesh: Chunk X=5 Y=-25 Z=-4 FlatVerts=594 SlopeVerts=54
[+22:38:48.823] VoxelMesh: Chunk X=1 Y=-27 Z=1 FlatVerts=0 SlopeVerts=0
[+22:38:48.823] VoxelChunk: GenerateAsync (9,-23,1)
[+22:38:48.824] VoxelMesh: Chunk X=3 Y=-24 Z=-4 FlatVerts=546 SlopeVerts=24
[+22:38:48.824] VoxelMesh: Chunk X=9 Y=-23 Z=1 FlatVerts=594 SlopeVerts=54
[+22:38:48.824] VoxelChunk: GenerateAsync (9,-27,1)
[+22:38:48.824] VoxelMesh: Chunk X=9 Y=-27 Z=1 FlatVerts=546 SlopeVerts=24
[+22:38:48.838] VoxelMesh: Chunk X=0 Y=0 Z=0 FlatVerts=2850 SlopeVerts=16926
[+22:38:48.859] VoxelChunk: GenerateAsync (3,0,1)
[+22:38:48.860] VoxelMesh: Chunk X=3 Y=0 Z=1 FlatVerts=1170 SlopeVerts=2454
[+22:38:48.864] VoxelMesh: Chunk X=4 Y=-23 Z=-4 FlatVerts=0 SlopeVerts=0
[+22:38:48.864] VoxelChunk: GenerateAsync (7,-23,3)
[+22:38:48.864] VoxelMesh: Chunk X=8 Y=-22 Z=-2 FlatVerts=462 SlopeVerts=90
[+22:38:48.865] VoxelMesh: Chunk X=7 Y=-23 Z=3 FlatVerts=0 SlopeVerts=0
[+22:38:48.865] VoxelChunk: GenerateAsync (7,-21,1)
[+22:38:48.865] VoxelMesh: Chunk X=7 Y=-21 Z=1 FlatVerts=462 SlopeVerts=90
[+22:38:48.865] VoxelMesh: Chunk X=2 Y=-22 Z=-2 FlatVerts=0 SlopeVerts=1158
[+22:38:48.865] VoxelChunk: GenerateAsync (3,-23,3)
[+22:38:48.865] VoxelMesh: Chunk X=4 Y=-28 Z=-4 FlatVerts=0 SlopeVerts=0
[+22:38:48.866] VoxelChunk: GenerateAsync (3,-21,1)
[+22:38:48.866] VoxelMesh: Chunk X=3 Y=-23 Z=3 FlatVerts=0 SlopeVerts=1158
[+22:38:48.866] VoxelMesh: Chunk X=3 Y=-21 Z=1 FlatVerts=0 SlopeVerts=0
[+22:38:48.876] VoxelMesh: Chunk X=5 Y=-25 Z=-5 FlatVerts=1848 SlopeVerts=930
[+22:38:48.877] VoxelChunk: GenerateAsync (3,-29,1)
[+22:38:48.877] VoxelMesh: Chunk X=6 Y=-28 Z=-4 FlatVerts=0 SlopeVerts=0
[+22:38:48.877] VoxelChunk: GenerateAsync (3,-27,-5)
[+22:38:48.877] VoxelMesh: Chunk X=3 Y=-29 Z=1 FlatVerts=1848 SlopeVerts=930
[+22:38:48.877] VoxelMesh: Chunk X=7 Y=-23 Z=-4 FlatVerts=0 SlopeVerts=0
[+22:38:48.878] VoxelMesh: Chunk X=3 Y=-27 Z=-5 FlatVerts=0 SlopeVerts=0
[+22:38:48.878] VoxelChunk: GenerateAsync (8,-25,-5)
[+22:38:48.878] VoxelMesh: Chunk X=8 Y=-25 Z=-5 FlatVerts=0 SlopeVerts=0
[+22:38:48.878] VoxelMesh: Chunk X=2 Y=-26 Z=-4 FlatVerts=0 SlopeVerts=0
[+22:38:48.878] VoxelChunk: GenerateAsync (5,-22,3)
[+22:38:48.879] VoxelMesh: Chunk X=5 Y=-22 Z=3 FlatVerts=0 SlopeVerts=0
[+22:38:48.886] VoxelMesh: Chunk X=8 Y=-26 Z=-4 FlatVerts=0 SlopeVerts=0
[+22:38:48.886] VoxelChunk: GenerateAsync (5,-28,3)
[+22:38:48.887] VoxelMesh: Chunk X=8 Y=-28 Z=-2 FlatVerts=12 SlopeVerts=12
[+22:38:48.887] VoxelMesh: Chunk X=5 Y=-28 Z=3 FlatVerts=0 SlopeVerts=0
[+22:38:48.887] VoxelChunk: GenerateAsync (5,-29,2)
[+22:38:48.888] VoxelMesh: Chunk X=4 Y=-26 Z=-4 FlatVerts=24 SlopeVerts=618
[+22:38:48.888] VoxelMesh: Chunk X=5 Y=-29 Z=2 FlatVerts=12 SlopeVerts=12
[+22:38:48.888] VoxelChunk: GenerateAsync (8,-25,3)
[+22:38:48.888] VoxelMesh: Chunk X=2 Y=-28 Z=-2 FlatVerts=0 SlopeVerts=0
[+22:38:48.889] VoxelChunk: GenerateAsync (5,-22,-5)
[+22:38:48.889] VoxelMesh: Chunk X=8 Y=-25 Z=3 FlatVerts=24 SlopeVerts=618
[+22:38:48.889] VoxelMesh: Chunk X=5 Y=-22 Z=-5 FlatVerts=0 SlopeVerts=0
[+22:38:48.896] VoxelMesh: Chunk X=6 Y=-26 Z=-4 FlatVerts=0 SlopeVerts=0
[+22:38:48.896] VoxelChunk: GenerateAsync (5,-28,-5)
[+22:38:48.897] VoxelMesh: Chunk X=2 Y=-24 Z=-4 FlatVerts=90 SlopeVerts=648
[+22:38:48.897] VoxelMesh: Chunk X=5 Y=-28 Z=-5 FlatVerts=0 SlopeVerts=0
[+22:38:48.897] VoxelChunk: GenerateAsync (2,-25,3)
[+22:38:48.898] VoxelMesh: Chunk X=8 Y=-24 Z=-4 FlatVerts=234 SlopeVerts=984
[+22:38:48.898] VoxelMesh: Chunk X=2 Y=-25 Z=3 FlatVerts=90 SlopeVerts=648
[+22:38:48.898] VoxelChunk: GenerateAsync (9,-25,2)
[+22:38:48.898] VoxelMesh: Chunk X=5 Y=-23 Z=-4 FlatVerts=0 SlopeVerts=0
[+22:38:48.898] VoxelMesh: Chunk X=9 Y=-25 Z=2 FlatVerts=234 SlopeVerts=984
[+22:38:48.898] VoxelChunk: GenerateAsync (5,-25,4)
[+22:38:48.899] VoxelMesh: Chunk X=5 Y=-25 Z=4 FlatVerts=0 SlopeVerts=0
[+22:38:48.907] VoxelMesh: Chunk X=3 Y=-23 Z=-4 FlatVerts=570 SlopeVerts=570
[+22:38:48.908] VoxelChunk: GenerateAsync (5,-21,2)
[+22:38:48.908] VoxelMesh: Chunk X=5 Y=-27 Z=-5 FlatVerts=0 SlopeVerts=0
[+22:38:48.908] VoxelChunk: GenerateAsync (2,-25,-5)
[+22:38:48.908] VoxelMesh: Chunk X=5 Y=-21 Z=2 FlatVerts=570 SlopeVerts=570
[+22:38:48.908] VoxelMesh: Chunk X=5 Y=-24 Z=-5 FlatVerts=0 SlopeVerts=18
[+22:38:48.908] VoxelMesh: Chunk X=2 Y=-25 Z=-5 FlatVerts=0 SlopeVerts=0
[+22:38:48.908] VoxelChunk: GenerateAsync (1,-25,2)
[+22:38:48.909] VoxelMesh: Chunk X=5 Y=-23 Z=-5 FlatVerts=216 SlopeVerts=1026
[+22:38:48.909] VoxelMesh: Chunk X=1 Y=-25 Z=2 FlatVerts=0 SlopeVerts=18
[+22:38:48.909] VoxelChunk: GenerateAsync (9,-24,2)
[+22:38:48.909] VoxelMesh: Chunk X=9 Y=-24 Z=2 FlatVerts=216 SlopeVerts=1026
[+22:38:48.918] VoxelMesh: Chunk X=3 Y=-27 Z=-4 FlatVerts=0 SlopeVerts=0
[+22:38:48.918] VoxelChunk: GenerateAsync (6,-28,-5)
[+22:38:48.918] VoxelMesh: Chunk X=3 Y=-25 Z=-5 FlatVerts=0 SlopeVerts=0
[+22:38:48.919] VoxelMesh: Chunk X=6 Y=-28 Z=-5 FlatVerts=0 SlopeVerts=0
[+22:38:48.919] VoxelChunk: GenerateAsync (8,-26,-5)
[+22:38:48.919] VoxelMesh: Chunk X=8 Y=-26 Z=-5 FlatVerts=0 SlopeVerts=0
[+22:38:48.919] VoxelMesh: Chunk X=7 Y=-25 Z=-5 FlatVerts=0 SlopeVerts=0
[+22:38:48.919] VoxelChunk: GenerateAsync (4,-28,3)
[+22:38:48.920] VoxelMesh: Chunk X=7 Y=-25 Z=-4 FlatVerts=30 SlopeVerts=1056
[+22:38:48.920] VoxelMesh: Chunk X=4 Y=-28 Z=3 FlatVerts=0 SlopeVerts=0
[+22:38:48.920] VoxelChunk: GenerateAsync (4,-22,3)
[+22:38:48.920] VoxelMesh: Chunk X=4 Y=-22 Z=3 FlatVerts=30 SlopeVerts=1056
[+22:38:48.932] VoxelMesh: Chunk X=0 Y=0 Z=0 FlatVerts=0 SlopeVerts=0
[+22:38:48.933] VoxelChunk: GenerateAsync (6,-22,-5)
[+22:38:48.935] VoxelMesh: Chunk X=6 Y=-22 Z=-5 FlatVerts=0 SlopeVerts=0
[+22:38:48.937] VoxelMesh: Chunk X=0 Y=0 Z=0 FlatVerts=0 SlopeVerts=0
[+22:38:48.937] VoxelChunk: GenerateAsync (2,-24,-5)
[+22:38:48.938] VoxelMesh: Chunk X=2 Y=-24 Z=-5 FlatVerts=0 SlopeVerts=0
[+22:38:48.940] VoxelMesh: Chunk X=0 Y=0 Z=0 FlatVerts=7476 SlopeVerts=0
[+22:38:48.941] VoxelChunk: GenerateAsync (9,-22,0)
[+22:38:48.944] VoxelMesh: Chunk X=9 Y=-22 Z=0 FlatVerts=0 SlopeVerts=0
[+22:38:48.946] VoxelMesh: Chunk X=0 Y=0 Z=0 FlatVerts=1746 SlopeVerts=1434
[+22:38:48.946] VoxelChunk: GenerateAsync (5,-30,0)
[+22:38:48.947] VoxelMesh: Chunk X=5 Y=-30 Z=0 FlatVerts=0 SlopeVerts=0
[+22:38:48.959] VoxelMesh: Chunk X=0 Y=0 Z=0 FlatVerts=0 SlopeVerts=0
[+22:38:48.959] VoxelChunk: GenerateAsync (2,2,3)
[+22:38:48.960] VoxelMesh: Chunk X=2 Y=2 Z=3 FlatVerts=0 SlopeVerts=2184
[+22:38:48.969] VoxelMesh: Chunk X=0 Y=0 Z=0 FlatVerts=0 SlopeVerts=0
[+22:38:48.969] VoxelChunk: GenerateAsync (6,-22,3)
[+22:38:48.971] VoxelMesh: Chunk X=6 Y=-22 Z=3 FlatVerts=0 SlopeVerts=0
[+22:38:48.972] VoxelMesh: Chunk X=0 Y=0 Z=0 FlatVerts=3378 SlopeVerts=6234
[+22:38:48.975] VoxelChunk: GenerateAsync (5,-20,0)
[+22:38:48.976] VoxelMesh: Chunk X=5 Y=-20 Z=0 FlatVerts=0 SlopeVerts=0
[+22:38:48.981] VoxelMesh: Chunk X=0 Y=0 Z=0 FlatVerts=0 SlopeVerts=0
[+22:38:48.981] VoxelChunk: GenerateAsync (5,-26,4)
[+22:38:48.983] VoxelMesh: Chunk X=5 Y=-26 Z=4 FlatVerts=0 SlopeVerts=0
[+22:38:48.984] VoxelMesh: Chunk X=0 Y=0 Z=0 FlatVerts=7752 SlopeVerts=0
[+22:38:48.985] VoxelChunk: GenerateAsync (8,-21,0)
[+22:38:48.986] VoxelMesh: Chunk X=8 Y=-21 Z=0 FlatVerts=0 SlopeVerts=0
[+22:38:49.016] VoxelWater: Chunk X=9 Y=-25 Z=1 emitted 12 procedural water vertices (Ocean/Pools)
[+22:38:49.016] VoxelWater: Chunk X=5 Y=-29 Z=1 emitted 4 procedural water vertices (Ocean/Pools)
[+22:38:49.016] VoxelWater: Chunk X=8 Y=-25 Z=1 emitted 32 procedural water vertices (Ocean/Pools)
[+22:38:49.016] VoxelWater: Chunk X=5 Y=-23 Z=1 emitted 56 procedural water vertices (Ocean/Pools)
[+22:38:49.016] VoxelWater: Chunk X=6 Y=-23 Z=1 emitted 4 procedural water vertices (Ocean/Pools)
[+22:38:49.016] VoxelWater: Chunk X=6 Y=-24 Z=1 emitted 128 procedural water vertices (Ocean/Pools)
[+22:38:49.016] VoxelWater: Chunk X=4 Y=-24 Z=1 emitted 108 procedural water vertices (Ocean/Pools)
[+22:38:49.016] VoxelWater: Chunk X=5 Y=-24 Z=1 emitted 148 procedural water vertices (Ocean/Pools)
[+22:38:49.016] VoxelWater: Chunk X=8 Y=-27 Z=1 emitted 8 procedural water vertices (Ocean/Pools)
[+22:38:49.016] VoxelWater: Chunk X=6 Y=-26 Z=1 emitted 96 procedural water vertices (Ocean/Pools)
[+22:38:49.016] VoxelWater: Chunk X=5 Y=-21 Z=1 emitted 8 procedural water vertices (Ocean/Pools)
[+22:38:49.016] VoxelWater: Chunk X=4 Y=-26 Z=1 emitted 304 procedural water vertices (Ocean/Pools)
[+22:38:49.016] VoxelWater: Chunk X=5 Y=-26 Z=1 emitted 384 procedural water vertices (Ocean/Pools)
[+22:38:49.016] VoxelWater: Chunk X=4 Y=-25 Z=1 emitted 240 procedural water vertices (Ocean/Pools)
[+22:38:49.016] VoxelWater: Chunk X=5 Y=-25 Z=1 emitted 128 procedural water vertices (Ocean/Pools)
[+22:38:49.016] VoxelWater: Chunk X=6 Y=-28 Z=1 emitted 8 procedural water vertices (Ocean/Pools)
[+22:38:49.016] VoxelWater: Chunk X=6 Y=-28 Z=2 emitted 4 procedural water vertices (Ocean/Pools)
[+22:38:49.016] VoxelWater: Chunk X=4 Y=-26 Z=2 emitted 8 procedural water vertices (Ocean/Pools)
[+22:38:49.017] VoxelWater: Chunk X=4 Y=-25 Z=2 emitted 380 procedural water vertices (Ocean/Pools)
[+22:38:49.017] VoxelWater: Chunk X=4 Y=-25 Z=3 emitted 136 procedural water vertices (Ocean/Pools)
[+22:38:49.017] VoxelWater: Chunk X=3 Y=-25 Z=3 emitted 4 procedural water vertices (Ocean/Pools)
[+22:38:49.017] VoxelWater: Chunk X=5 Y=-25 Z=2 emitted 496 procedural water vertices (Ocean/Pools)
[+22:38:49.017] VoxelWater: Chunk X=3 Y=-25 Z=2 emitted 36 procedural water vertices (Ocean/Pools)
[+22:38:49.017] VoxelWater: Chunk X=4 Y=-24 Z=2 emitted 384 procedural water vertices (Ocean/Pools)
[+22:38:49.017] VoxelWater: Chunk X=4 Y=-24 Z=3 emitted 80 procedural water vertices (Ocean/Pools)
[+22:38:49.017] VoxelWater: Chunk X=3 Y=-24 Z=3 emitted 68 procedural water vertices (Ocean/Pools)
[+22:38:49.018] VoxelWater: Chunk X=4 Y=-23 Z=2 emitted 12 procedural water vertices (Ocean/Pools)
[+22:38:49.018] VoxelWater: Chunk X=5 Y=-24 Z=2 emitted 124 procedural water vertices (Ocean/Pools)
[+22:38:49.018] VoxelWater: Chunk X=5 Y=-26 Z=2 emitted 8 procedural water vertices (Ocean/Pools)
[+22:38:49.018] VoxelWater: Chunk X=5 Y=-25 Z=3 emitted 128 procedural water vertices (Ocean/Pools)
[+22:38:49.018] VoxelWater: Chunk X=6 Y=-25 Z=2 emitted 184 procedural water vertices (Ocean/Pools)
[+22:38:49.018] VoxelWater: Chunk X=5 Y=-24 Z=3 emitted 20 procedural water vertices (Ocean/Pools)
[+22:38:49.018] VoxelWater: Chunk X=6 Y=-24 Z=3 emitted 112 procedural water vertices (Ocean/Pools)
[+22:38:49.018] VoxelWater: Chunk X=7 Y=-27 Z=1 emitted 64 procedural water vertices (Ocean/Pools)
[+22:38:49.018] VoxelWater: Chunk X=6 Y=-26 Z=2 emitted 60 procedural water vertices (Ocean/Pools)
[+22:38:49.018] VoxelWater: Chunk X=6 Y=-26 Z=3 emitted 20 procedural water vertices (Ocean/Pools)
[+22:38:49.018] VoxelWater: Chunk X=6 Y=-25 Z=3 emitted 240 procedural water vertices (Ocean/Pools)
[+22:38:49.018] VoxelWater: Chunk X=3 Y=-23 Z=1 emitted 16 procedural water vertices (Ocean/Pools)
[+22:38:49.018] VoxelWater: Chunk X=7 Y=-25 Z=2 emitted 12 procedural water vertices (Ocean/Pools)
[+22:38:49.018] VoxelWater: Chunk X=6 Y=-24 Z=2 emitted 168 procedural water vertices (Ocean/Pools)
[+22:38:49.018] VoxelWater: Chunk X=7 Y=-24 Z=2 emitted 12 procedural water vertices (Ocean/Pools)
[+22:38:49.018] VoxelWater: Chunk X=5 Y=-26 Z=0 emitted 4 procedural water vertices (Ocean/Pools)
[+22:38:49.018] VoxelWater: Chunk X=6 Y=-25 Z=1 emitted 20 procedural water vertices (Ocean/Pools)
[+22:38:49.018] VoxelWater: Chunk X=7 Y=-25 Z=1 emitted 4 procedural water vertices (Ocean/Pools)
[+22:38:49.018] VoxelWater: Chunk X=3 Y=-29 Z=1 emitted 48 procedural water vertices (Ocean/Pools)
[+22:38:49.018] VoxelWater: Chunk X=4 Y=-29 Z=1 emitted 28 procedural water vertices (Ocean/Pools)
[+22:38:49.019] VoxelWater: Chunk X=3 Y=-28 Z=1 emitted 4 procedural water vertices (Ocean/Pools)
[+22:38:49.019] VoxelWater: Chunk X=8 Y=-26 Z=1 emitted 24 procedural water vertices (Ocean/Pools)
[+22:38:49.019] VoxelWater: Chunk X=4 Y=-23 Z=1 emitted 8 procedural water vertices (Ocean/Pools)
[+22:38:49.019] VoxelWater: Chunk X=8 Y=-24 Z=1 emitted 8 procedural water vertices (Ocean/Pools)
[+22:38:49.019] VoxelWater: Chunk X=4 Y=-27 Z=1 emitted 52 procedural water vertices (Ocean/Pools)
[+22:38:49.019] VoxelWater: Chunk X=6 Y=-27 Z=1 emitted 168 procedural water vertices (Ocean/Pools)
[+22:38:49.019] VoxelWater: Chunk X=3 Y=-26 Z=1 emitted 28 procedural water vertices (Ocean/Pools)
[+22:38:49.019] VoxelWater: Chunk X=7 Y=-26 Z=1 emitted 124 procedural water vertices (Ocean/Pools)
[+22:38:49.019] VoxelWater: Chunk X=5 Y=-27 Z=1 emitted 88 procedural water vertices (Ocean/Pools)
[+22:38:49.019] VoxelWater: Chunk X=8 Y=-24 Z=2 emitted 8 procedural water vertices (Ocean/Pools)
[+22:38:49.019] VoxelWater: Chunk X=7 Y=-26 Z=2 emitted 40 procedural water vertices (Ocean/Pools)
[+22:38:49.019] VoxelWater: Chunk X=5 Y=-23 Z=2 emitted 16 procedural water vertices (Ocean/Pools)
[+22:38:49.019] VoxelWater: Chunk X=5 Y=-22 Z=2 emitted 96 procedural water vertices (Ocean/Pools)
[+22:38:49.019] VoxelWater: Chunk X=5 Y=-27 Z=2 emitted 64 procedural water vertices (Ocean/Pools)
[+22:38:49.019] VoxelWater: Chunk X=5 Y=-28 Z=2 emitted 4 procedural water vertices (Ocean/Pools)
[+22:38:49.019] VoxelWater: Chunk X=6 Y=-27 Z=2 emitted 12 procedural water vertices (Ocean/Pools)
[+22:38:49.019] VoxelWater: Chunk X=5 Y=-28 Z=1 emitted 68 procedural water vertices (Ocean/Pools)
[+22:38:49.019] VoxelWater: Chunk X=3 Y=-26 Z=2 emitted 80 procedural water vertices (Ocean/Pools)
[+22:38:49.019] VoxelWater: Chunk X=4 Y=-27 Z=2 emitted 60 procedural water vertices (Ocean/Pools)
[+22:38:49.019] VoxelWater: Chunk X=6 Y=-22 Z=1 emitted 64 procedural water vertices (Ocean/Pools)
[+22:38:49.019] VoxelWater: Chunk X=2 Y=-24 Z=1 emitted 4 procedural water vertices (Ocean/Pools)
[+22:38:49.019] VoxelWater: Chunk X=3 Y=-23 Z=2 emitted 72 procedural water vertices (Ocean/Pools)
[+22:38:49.019] VoxelWater: Chunk X=2 Y=-23 Z=2 emitted 16 procedural water vertices (Ocean/Pools)
[+22:38:49.019] VoxelWater: Chunk X=2 Y=-23 Z=1 emitted 20 procedural water vertices (Ocean/Pools)
[+22:38:49.019] VoxelWater: Chunk X=8 Y=-23 Z=2 emitted 24 procedural water vertices (Ocean/Pools)
[+22:38:49.019] VoxelWater: Chunk X=7 Y=-24 Z=3 emitted 32 procedural water vertices (Ocean/Pools)
[+22:38:49.019] VoxelWater: Chunk X=4 Y=-23 Z=3 emitted 12 procedural water vertices (Ocean/Pools)
[+22:38:49.019] VoxelWater: Chunk X=3 Y=-23 Z=3 emitted 4 procedural water vertices (Ocean/Pools)
[+22:38:49.020] VoxelWater: Chunk X=4 Y=-21 Z=1 emitted 20 procedural water vertices (Ocean/Pools)
[+22:38:49.020] VoxelWater: Chunk X=1 Y=-24 Z=1 emitted 36 procedural water vertices (Ocean/Pools)
[+22:38:49.020] VoxelWater: Chunk X=9 Y=-26 Z=1 emitted 64 procedural water vertices (Ocean/Pools)
[+22:38:49.020] VoxelWater: Chunk X=3 Y=-24 Z=2 emitted 8 procedural water vertices (Ocean/Pools)
[+22:38:49.020] VoxelWater: Chunk X=3 Y=-26 Z=3 emitted 20 procedural water vertices (Ocean/Pools)
[+22:38:49.020] VoxelWater: Chunk X=6 Y=-29 Z=1 emitted 56 procedural water vertices (Ocean/Pools)
[+22:38:49.037] VoxelMesh: Chunk X=0 Y=0 Z=0 FlatVerts=0 SlopeVerts=0
[+22:38:49.038] VoxelChunk: GenerateAsync (8,-24,-5)
[+22:38:49.041] VoxelMesh: Chunk X=8 Y=-24 Z=-5 FlatVerts=0 SlopeVerts=0
[+22:38:49.042] VoxelMesh: Chunk X=0 Y=0 Z=0 FlatVerts=852 SlopeVerts=1002
[+22:38:49.042] VoxelChunk: GenerateAsync (1,-22,0)
[+22:38:49.046] VoxelMesh: Chunk X=1 Y=-22 Z=0 FlatVerts=0 SlopeVerts=0
[+22:38:49.049] VoxelMesh: Chunk X=0 Y=0 Z=0 FlatVerts=714 SlopeVerts=16476
[+22:38:49.051] VoxelChunk: GenerateAsync (4,-21,2)
[+22:38:49.052] VoxelMesh: Chunk X=4 Y=-21 Z=2 FlatVerts=480 SlopeVerts=4248
[+22:38:49.056] VoxelMesh: Chunk X=0 Y=0 Z=0 FlatVerts=0 SlopeVerts=0
[+22:38:49.057] VoxelChunk: GenerateAsync (2,-26,-5)
[+22:38:49.059] VoxelMesh: Chunk X=2 Y=-26 Z=-5 FlatVerts=0 SlopeVerts=0
[+22:38:49.074] VoxelMesh: Chunk X=0 Y=0 Z=0 FlatVerts=0 SlopeVerts=0
[+22:38:49.074] VoxelChunk: GenerateAsync (3,2,3)
[+22:38:49.075] VoxelMesh: Chunk X=3 Y=2 Z=3 FlatVerts=0 SlopeVerts=1038
[+22:38:49.083] VoxelMesh: Chunk X=0 Y=0 Z=0 FlatVerts=2244 SlopeVerts=4506
[+22:38:49.084] VoxelChunk: GenerateAsync (1,-26,2)
[+22:38:49.085] VoxelMesh: Chunk X=1 Y=-26 Z=2 FlatVerts=0 SlopeVerts=0
[+22:38:49.089] VoxelMesh: Chunk X=0 Y=0 Z=0 FlatVerts=12 SlopeVerts=750
[+22:38:49.090] VoxelChunk: GenerateAsync (2,-21,0)
[+22:38:49.093] VoxelMesh: Chunk X=2 Y=-21 Z=0 FlatVerts=0 SlopeVerts=0
[+22:38:49.095] VoxelMesh: Chunk X=0 Y=0 Z=0 FlatVerts=6 SlopeVerts=516
[+22:38:49.096] VoxelChunk: GenerateAsync (6,-28,3)
[+22:38:49.098] VoxelMesh: Chunk X=6 Y=-28 Z=3 FlatVerts=0 SlopeVerts=0
[+22:38:49.100] VoxelMesh: Chunk X=0 Y=0 Z=0 FlatVerts=0 SlopeVerts=0
[+22:38:49.100] VoxelChunk: GenerateAsync (4,-28,-5)
[+22:38:49.101] VoxelMesh: Chunk X=4 Y=-28 Z=-5 FlatVerts=0 SlopeVerts=0
[+22:38:49.116] VoxelMesh: Chunk X=0 Y=0 Z=0 FlatVerts=1236 SlopeVerts=31890
[+22:38:49.120] VoxelChunk: GenerateAsync (1,-24,2)
[+22:38:49.124] VoxelMesh: Chunk X=1 Y=-24 Z=2 FlatVerts=0 SlopeVerts=2220
[+22:38:49.128] VoxelMesh: Chunk X=0 Y=0 Z=0 FlatVerts=282 SlopeVerts=15474
[+22:38:49.131] VoxelChunk: GenerateAsync (2,-24,3)
[+22:38:49.135] VoxelMesh: Chunk X=2 Y=-24 Z=3 FlatVerts=0 SlopeVerts=2892
[+22:38:49.138] VoxelMesh: Chunk X=0 Y=0 Z=0 FlatVerts=294 SlopeVerts=18864
[+22:38:49.141] VoxelChunk: GenerateAsync (9,-26,2)
[+22:38:49.146] VoxelMesh: Chunk X=9 Y=-26 Z=2 FlatVerts=624 SlopeVerts=2838
[+22:38:49.147] VoxelMesh: Chunk X=0 Y=0 Z=0 FlatVerts=0 SlopeVerts=0
[+22:38:49.148] VoxelChunk: GenerateAsync (6,-21,2)
[+22:38:49.149] VoxelMesh: Chunk X=6 Y=-21 Z=2 FlatVerts=714 SlopeVerts=4392
[+22:38:49.164] VoxelChunk: GenerateAsync (4,-22,3)
[+22:38:49.164] VoxelChunk: GenerateAsync (4,-28,3)
[+22:38:49.164] VoxelChunk: GenerateAsync (9,-24,2)
[+22:38:49.164] VoxelChunk: GenerateAsync (1,-25,2)
[+22:38:49.164] VoxelChunk: GenerateAsync (5,-21,2)
[+22:38:49.164] VoxelChunk: GenerateAsync (5,-25,4)
[+22:38:49.164] VoxelChunk: GenerateAsync (9,-25,2)
[+22:38:49.164] VoxelChunk: GenerateAsync (2,-25,3)
[+22:38:49.164] VoxelChunk: GenerateAsync (8,-25,3)
[+22:38:49.164] VoxelChunk: GenerateAsync (5,-29,2)
[+22:38:49.164] VoxelChunk: GenerateAsync (5,-28,3)
[+22:38:49.165] VoxelChunk: GenerateAsync (5,-22,3)
[+22:38:49.165] VoxelChunk: GenerateAsync (3,-29,1)
[+22:38:49.165] VoxelMesh: Chunk X=4 Y=-22 Z=3 FlatVerts=48 SlopeVerts=258
[+22:38:49.165] VoxelChunk: GenerateAsync (3,-21,1)
[+22:38:49.165] VoxelChunk: GenerateAsync (3,-23,3)
[+22:38:49.165] VoxelChunk: GenerateAsync (7,-21,1)
[+22:38:49.165] VoxelChunk: GenerateAsync (7,-23,3)
[+22:38:49.165] VoxelMesh: Chunk X=1 Y=-25 Z=2 FlatVerts=0 SlopeVerts=6
[+22:38:49.165] VoxelChunk: GenerateAsync (9,-27,1)
[+22:38:49.165] VoxelMesh: Chunk X=4 Y=-28 Z=3 FlatVerts=0 SlopeVerts=0
[+22:38:49.165] VoxelChunk: GenerateAsync (9,-23,1)
[+22:38:49.165] VoxelChunk: GenerateAsync (1,-27,1)
[+22:38:49.165] VoxelChunk: GenerateAsync (7,-29,1)
[+22:38:49.165] VoxelChunk: GenerateAsync (7,-27,3)
[+22:38:49.165] VoxelMesh: Chunk X=9 Y=-24 Z=2 FlatVerts=114 SlopeVerts=144
[+22:38:49.165] VoxelChunk: GenerateAsync (1,-23,1)
[+22:38:49.165] VoxelChunk: GenerateAsync (3,-27,3)
[+22:38:49.165] VoxelMesh: Chunk X=2 Y=-25 Z=3 FlatVerts=12 SlopeVerts=132
[+22:38:49.165] VoxelChunk: GenerateAsync (3,-28,2)
[+22:38:49.165] VoxelMesh: Chunk X=5 Y=-21 Z=2 FlatVerts=186 SlopeVerts=102
[+22:38:49.165] VoxelChunk: GenerateAsync (7,-22,2)
[+22:38:49.165] VoxelMesh: Chunk X=9 Y=-25 Z=2 FlatVerts=222 SlopeVerts=78
[+22:38:49.165] VoxelChunk: GenerateAsync (3,-22,2)
[+22:38:49.165] VoxelChunk: GenerateAsync (8,-23,2)
[+22:38:49.165] VoxelChunk: GenerateAsync (7,-28,2)
[+22:38:49.165] VoxelChunk: GenerateAsync (2,-27,2)
[+22:38:49.165] VoxelChunk: GenerateAsync (8,-22,1)
[+22:38:49.165] VoxelChunk: GenerateAsync (2,-22,1)
[+22:38:49.165] VoxelMesh: Chunk X=5 Y=-25 Z=4 FlatVerts=0 SlopeVerts=0
[+22:38:49.165] VoxelChunk: GenerateAsync (2,-28,1)
[+22:38:49.165] VoxelChunk: GenerateAsync (8,-28,1)
[+22:38:49.165] VoxelMesh: Chunk X=3 Y=-29 Z=1 FlatVerts=132 SlopeVerts=0
[+22:38:49.165] VoxelChunk: GenerateAsync (8,-27,2)
[+22:38:49.165] VoxelMesh: Chunk X=3 Y=-21 Z=1 FlatVerts=0 SlopeVerts=0
[+22:38:49.165] VoxelMesh: Chunk X=5 Y=-29 Z=2 FlatVerts=18 SlopeVerts=0
[+22:38:49.165] VoxelChunk: GenerateAsync (2,-23,2)
[+22:38:49.165] VoxelMesh: Chunk X=8 Y=-25 Z=3 FlatVerts=0 SlopeVerts=168
[+22:38:49.165] VoxelMesh: Chunk X=5 Y=-28 Z=3 FlatVerts=0 SlopeVerts=0
[+22:38:49.165] VoxelChunk: GenerateAsync (7,-24,3)
[+22:38:49.165] VoxelChunk: GenerateAsync (4,-23,3)
[+22:38:49.165] VoxelChunk: GenerateAsync (7,-21,0)
[+22:38:49.165] VoxelChunk: GenerateAsync (3,-21,0)
[+22:38:49.165] VoxelMesh: Chunk X=7 Y=-21 Z=1 FlatVerts=102 SlopeVerts=6
[+22:38:49.165] VoxelChunk: GenerateAsync (6,-23,3)
[+22:38:49.165] VoxelChunk: GenerateAsync (1,-24,1)
[+22:38:49.165] VoxelChunk: GenerateAsync (9,-22,0)
[+22:38:49.165] VoxelChunk: GenerateAsync (5,-30,0)
[+22:38:49.165] VoxelMesh: Chunk X=9 Y=-23 Z=1 FlatVerts=138 SlopeVerts=18
[+22:38:49.165] VoxelMesh: Chunk X=5 Y=-22 Z=3 FlatVerts=0 SlopeVerts=0
[+22:38:49.165] VoxelChunk: GenerateAsync (6,-22,3)
[+22:38:49.165] VoxelMesh: Chunk X=9 Y=-27 Z=1 FlatVerts=150 SlopeVerts=0
[+22:38:49.165] VoxelChunk: GenerateAsync (5,-20,0)
[+22:38:49.165] VoxelChunk: GenerateAsync (5,-26,4)
[+22:38:49.165] VoxelChunk: GenerateAsync (8,-21,0)
[+22:38:49.165] VoxelMesh: Chunk X=3 Y=-23 Z=3 FlatVerts=0 SlopeVerts=198
[+22:38:49.165] VoxelChunk: GenerateAsync (1,-22,0)
[+22:38:49.165] VoxelMesh: Chunk X=7 Y=-29 Z=1 FlatVerts=162 SlopeVerts=0
[+22:38:49.165] VoxelChunk: GenerateAsync (4,-21,2)
[+22:38:49.165] VoxelMesh: Chunk X=1 Y=-27 Z=1 FlatVerts=0 SlopeVerts=0
[+22:38:49.165] VoxelChunk: GenerateAsync (1,-26,2)
[+22:38:49.165] VoxelChunk: GenerateAsync (2,-21,0)
[+22:38:49.165] VoxelChunk: GenerateAsync (6,-28,3)
[+22:38:49.165] VoxelMesh: Chunk X=7 Y=-23 Z=3 FlatVerts=0 SlopeVerts=0
[+22:38:49.165] VoxelChunk: GenerateAsync (1,-24,2)
[+22:38:49.165] VoxelMesh: Chunk X=1 Y=-23 Z=1 FlatVerts=120 SlopeVerts=0
[+22:38:49.165] VoxelChunk: GenerateAsync (2,-24,3)
[+22:38:49.165] VoxelChunk: GenerateAsync (9,-26,2)
[+22:38:49.166] VoxelChunk: GenerateAsync (6,-21,2)
[+22:38:49.166] VoxelMesh: Chunk X=7 Y=-27 Z=3 FlatVerts=0 SlopeVerts=0
[+22:38:49.166] VoxelMesh: Chunk X=3 Y=-28 Z=2 FlatVerts=90 SlopeVerts=132
[+22:38:49.166] VoxelMesh: Chunk X=3 Y=-22 Z=2 FlatVerts=6 SlopeVerts=132
[+22:38:49.166] VoxelMesh: Chunk X=3 Y=-27 Z=3 FlatVerts=42 SlopeVerts=78
[+22:38:49.166] VoxelMesh: Chunk X=2 Y=-27 Z=2 FlatVerts=18 SlopeVerts=12
[+22:38:49.166] VoxelMesh: Chunk X=7 Y=-22 Z=2 FlatVerts=60 SlopeVerts=0
[+22:38:49.166] VoxelMesh: Chunk X=8 Y=-23 Z=2 FlatVerts=0 SlopeVerts=42
[+22:38:49.166] VoxelMesh: Chunk X=7 Y=-28 Z=2 FlatVerts=0 SlopeVerts=0
[+22:38:49.166] VoxelMesh: Chunk X=8 Y=-22 Z=1 FlatVerts=96 SlopeVerts=0
[+22:38:49.166] VoxelMesh: Chunk X=2 Y=-28 Z=1 FlatVerts=24 SlopeVerts=0
[+22:38:49.166] VoxelMesh: Chunk X=8 Y=-28 Z=1 FlatVerts=114 SlopeVerts=0
[+22:38:49.166] VoxelMesh: Chunk X=7 Y=-21 Z=0 FlatVerts=0 SlopeVerts=0
[+22:38:49.166] VoxelMesh: Chunk X=7 Y=-24 Z=3 FlatVerts=0 SlopeVerts=180
[+22:38:49.166] VoxelMesh: Chunk X=8 Y=-27 Z=2 FlatVerts=0 SlopeVerts=0
[+22:38:49.166] VoxelMesh: Chunk X=3 Y=-21 Z=0 FlatVerts=0 SlopeVerts=0
[+22:38:49.166] VoxelMesh: Chunk X=4 Y=-23 Z=3 FlatVerts=12 SlopeVerts=216
[+22:38:49.166] VoxelMesh: Chunk X=9 Y=-22 Z=0 FlatVerts=0 SlopeVerts=0
[+22:38:49.166] VoxelMesh: Chunk X=5 Y=-30 Z=0 FlatVerts=0 SlopeVerts=0
[+22:38:49.166] VoxelMesh: Chunk X=1 Y=-24 Z=1 FlatVerts=30 SlopeVerts=60
[+22:38:49.166] VoxelMesh: Chunk X=5 Y=-20 Z=0 FlatVerts=0 SlopeVerts=0
[+22:38:49.166] VoxelMesh: Chunk X=8 Y=-21 Z=0 FlatVerts=0 SlopeVerts=0
[+22:38:49.166] VoxelMesh: Chunk X=5 Y=-26 Z=4 FlatVerts=0 SlopeVerts=0
[+22:38:49.166] VoxelMesh: Chunk X=6 Y=-23 Z=3 FlatVerts=0 SlopeVerts=0
[+22:38:49.166] VoxelMesh: Chunk X=2 Y=-23 Z=2 FlatVerts=54 SlopeVerts=222
[+22:38:49.166] VoxelMesh: Chunk X=6 Y=-22 Z=3 FlatVerts=0 SlopeVerts=0
[+22:38:49.166] VoxelMesh: Chunk X=1 Y=-22 Z=0 FlatVerts=0 SlopeVerts=0
[+22:38:49.166] VoxelMesh: Chunk X=1 Y=-26 Z=2 FlatVerts=0 SlopeVerts=0
[+22:38:49.166] VoxelMesh: Chunk X=2 Y=-22 Z=1 FlatVerts=12 SlopeVerts=0
[+22:38:49.166] VoxelMesh: Chunk X=4 Y=-21 Z=2 FlatVerts=114 SlopeVerts=150
[+22:38:49.166] VoxelMesh: Chunk X=2 Y=-21 Z=0 FlatVerts=0 SlopeVerts=0
[+22:38:49.167] VoxelMesh: Chunk X=1 Y=-24 Z=2 FlatVerts=0 SlopeVerts=138
[+22:38:49.167] VoxelMesh: Chunk X=2 Y=-24 Z=3 FlatVerts=0 SlopeVerts=180
[+22:38:49.167] VoxelMesh: Chunk X=6 Y=-28 Z=3 FlatVerts=0 SlopeVerts=0
[+22:38:49.167] VoxelMesh: Chunk X=6 Y=-21 Z=2 FlatVerts=126 SlopeVerts=114
[+22:38:49.167] VoxelMesh: Chunk X=9 Y=-26 Z=2 FlatVerts=72 SlopeVerts=84
[+22:38:49.168] VoxelMesh: Chunk X=4 Y=-28 Z=-5 FlatVerts=780 SlopeVerts=792
[+22:38:49.168] VoxelChunk: GenerateAsync (4,-29,2)
[+22:38:49.170] VoxelMesh: Chunk X=2 Y=-26 Z=-5 FlatVerts=18 SlopeVerts=4356
[+22:38:49.170] VoxelMesh: Chunk X=4 Y=-29 Z=2 FlatVerts=780 SlopeVerts=792
[+22:38:49.171] VoxelChunk: GenerateAsync (2,-26,3)
[+22:38:49.172] VoxelMesh: Chunk X=2 Y=-26 Z=3 FlatVerts=18 SlopeVerts=4356
[+22:38:49.172] VoxelMesh: Chunk X=8 Y=-24 Z=-5 FlatVerts=0 SlopeVerts=306
[+22:38:49.172] VoxelChunk: GenerateAsync (4,-25,4)
[+22:38:49.173] VoxelMesh: Chunk X=2 Y=-24 Z=-5 FlatVerts=0 SlopeVerts=0
[+22:38:49.174] VoxelChunk: GenerateAsync (4,-22,-5)
[+22:38:49.175] VoxelMesh: Chunk X=4 Y=-22 Z=-5 FlatVerts=0 SlopeVerts=0
[+22:38:49.175] VoxelMesh: Chunk X=4 Y=-25 Z=4 FlatVerts=0 SlopeVerts=306
[+22:38:49.192] VoxelMesh: Chunk X=0 Y=0 Z=0 FlatVerts=0 SlopeVerts=0
[+22:38:49.194] VoxelChunk: GenerateAsync (-2,3,3)
[+22:38:49.196] VoxelMesh: Chunk X=-2 Y=3 Z=3 FlatVerts=0 SlopeVerts=1026
[+22:38:49.198] VoxelMesh: Chunk X=6 Y=-22 Z=-5 FlatVerts=0 SlopeVerts=0
[+22:38:49.198] VoxelChunk: GenerateAsync (5,-24,4)
[+22:38:49.200] VoxelMesh: Chunk X=2 Y=-27 Z=-4 FlatVerts=0 SlopeVerts=0
[+22:38:49.200] VoxelMesh: Chunk X=5 Y=-24 Z=4 FlatVerts=0 SlopeVerts=0
[+22:38:49.200] VoxelChunk: GenerateAsync (6,-29,2)
[+22:38:49.200] VoxelMesh: Chunk X=2 Y=-23 Z=-4 FlatVerts=0 SlopeVerts=0
[+22:38:49.200] VoxelChunk: GenerateAsync (8,-26,3)
[+22:38:49.201] VoxelMesh: Chunk X=8 Y=-26 Z=3 FlatVerts=0 SlopeVerts=0
[+22:38:49.201] VoxelMesh: Chunk X=8 Y=-28 Z=-3 FlatVerts=0 SlopeVerts=0
[+22:38:49.201] VoxelChunk: GenerateAsync (2,-29,0)
[+22:38:49.201] VoxelMesh: Chunk X=6 Y=-29 Z=2 FlatVerts=0 SlopeVerts=0
[+22:38:49.202] VoxelMesh: Chunk X=2 Y=-29 Z=0 FlatVerts=0 SlopeVerts=0
[+22:38:49.223] VoxelWater: Chunk X=9 Y=-25 Z=1 emitted 16 procedural water vertices (Ocean/Pools)
[+22:38:49.223] VoxelWater: Chunk X=5 Y=-29 Z=1 emitted 4 procedural water vertices (Ocean/Pools)
[+22:38:49.223] VoxelWater: Chunk X=8 Y=-25 Z=1 emitted 32 procedural water vertices (Ocean/Pools)
[+22:38:49.224] VoxelWater: Chunk X=5 Y=-23 Z=1 emitted 80 procedural water vertices (Ocean/Pools)
[+22:38:49.224] VoxelWater: Chunk X=6 Y=-23 Z=1 emitted 4 procedural water vertices (Ocean/Pools)
[+22:38:49.224] VoxelWater: Chunk X=6 Y=-24 Z=1 emitted 140 procedural water vertices (Ocean/Pools)
[+22:38:49.224] VoxelWater: Chunk X=4 Y=-24 Z=1 emitted 140 procedural water vertices (Ocean/Pools)
[+22:38:49.224] VoxelWater: Chunk X=5 Y=-24 Z=1 emitted 156 procedural water vertices (Ocean/Pools)
[+22:38:49.224] VoxelWater: Chunk X=8 Y=-27 Z=1 emitted 16 procedural water vertices (Ocean/Pools)
[+22:38:49.224] VoxelWater: Chunk X=9 Y=-27 Z=1 emitted 4 procedural water vertices (Ocean/Pools)
[+22:38:49.224] VoxelWater: Chunk X=6 Y=-26 Z=0 emitted 4 procedural water vertices (Ocean/Pools)
[+22:38:49.224] VoxelWater: Chunk X=6 Y=-26 Z=1 emitted 144 procedural water vertices (Ocean/Pools)
[+22:38:49.224] VoxelWater: Chunk X=7 Y=-26 Z=1 emitted 144 procedural water vertices (Ocean/Pools)
[+22:38:49.224] VoxelWater: Chunk X=5 Y=-21 Z=1 emitted 8 procedural water vertices (Ocean/Pools)
[+22:38:49.224] VoxelWater: Chunk X=4 Y=-26 Z=0 emitted 4 procedural water vertices (Ocean/Pools)
[+22:38:49.224] VoxelWater: Chunk X=4 Y=-26 Z=1 emitted 372 procedural water vertices (Ocean/Pools)
[+22:38:49.224] VoxelWater: Chunk X=5 Y=-26 Z=1 emitted 416 procedural water vertices (Ocean/Pools)
[+22:38:49.224] VoxelWater: Chunk X=4 Y=-25 Z=1 emitted 272 procedural water vertices (Ocean/Pools)
[+22:38:49.224] VoxelWater: Chunk X=5 Y=-25 Z=1 emitted 144 procedural water vertices (Ocean/Pools)
[+22:38:49.224] VoxelWater: Chunk X=6 Y=-28 Z=1 emitted 8 procedural water vertices (Ocean/Pools)
[+22:38:49.224] VoxelWater: Chunk X=6 Y=-28 Z=2 emitted 4 procedural water vertices (Ocean/Pools)
[+22:38:49.224] VoxelWater: Chunk X=4 Y=-26 Z=2 emitted 8 procedural water vertices (Ocean/Pools)
[+22:38:49.224] VoxelWater: Chunk X=4 Y=-25 Z=2 emitted 380 procedural water vertices (Ocean/Pools)
[+22:38:49.224] VoxelWater: Chunk X=4 Y=-25 Z=3 emitted 136 procedural water vertices (Ocean/Pools)
[+22:38:49.224] VoxelWater: Chunk X=3 Y=-25 Z=3 emitted 4 procedural water vertices (Ocean/Pools)
[+22:38:49.224] VoxelWater: Chunk X=5 Y=-25 Z=2 emitted 476 procedural water vertices (Ocean/Pools)
[+22:38:49.224] VoxelWater: Chunk X=3 Y=-25 Z=2 emitted 44 procedural water vertices (Ocean/Pools)
[+22:38:49.224] VoxelWater: Chunk X=4 Y=-24 Z=2 emitted 384 procedural water vertices (Ocean/Pools)
[+22:38:49.224] VoxelWater: Chunk X=4 Y=-24 Z=3 emitted 80 procedural water vertices (Ocean/Pools)
[+22:38:49.224] VoxelWater: Chunk X=3 Y=-24 Z=3 emitted 64 procedural water vertices (Ocean/Pools)
[+22:38:49.224] VoxelWater: Chunk X=5 Y=-24 Z=2 emitted 128 procedural water vertices (Ocean/Pools)
[+22:38:49.224] VoxelWater: Chunk X=5 Y=-26 Z=2 emitted 8 procedural water vertices (Ocean/Pools)
[+22:38:49.225] VoxelWater: Chunk X=5 Y=-25 Z=3 emitted 132 procedural water vertices (Ocean/Pools)
[+22:38:49.225] VoxelWater: Chunk X=6 Y=-25 Z=2 emitted 188 procedural water vertices (Ocean/Pools)
[+22:38:49.225] VoxelWater: Chunk X=5 Y=-24 Z=3 emitted 20 procedural water vertices (Ocean/Pools)
[+22:38:49.225] VoxelWater: Chunk X=6 Y=-24 Z=3 emitted 108 procedural water vertices (Ocean/Pools)
[+22:38:49.225] VoxelWater: Chunk X=7 Y=-27 Z=1 emitted 72 procedural water vertices (Ocean/Pools)
[+22:38:49.225] VoxelWater: Chunk X=6 Y=-26 Z=2 emitted 60 procedural water vertices (Ocean/Pools)
[+22:38:49.225] VoxelWater: Chunk X=6 Y=-26 Z=3 emitted 20 procedural water vertices (Ocean/Pools)
[+22:38:49.225] VoxelWater: Chunk X=6 Y=-25 Z=3 emitted 220 procedural water vertices (Ocean/Pools)
[+22:38:49.225] VoxelWater: Chunk X=3 Y=-23 Z=1 emitted 16 procedural water vertices (Ocean/Pools)
[+22:38:49.225] VoxelWater: Chunk X=7 Y=-25 Z=2 emitted 8 procedural water vertices (Ocean/Pools)
[+22:38:49.225] VoxelWater: Chunk X=6 Y=-24 Z=2 emitted 168 procedural water vertices (Ocean/Pools)
[+22:38:49.225] VoxelWater: Chunk X=7 Y=-24 Z=2 emitted 12 procedural water vertices (Ocean/Pools)
[+22:38:49.225] VoxelWater: Chunk X=3 Y=-28 Z=1 emitted 4 procedural water vertices (Ocean/Pools)
[+22:38:49.225] VoxelWater: Chunk X=5 Y=-26 Z=0 emitted 8 procedural water vertices (Ocean/Pools)
[+22:38:49.225] VoxelWater: Chunk X=6 Y=-25 Z=1 emitted 20 procedural water vertices (Ocean/Pools)
[+22:38:49.225] VoxelWater: Chunk X=7 Y=-25 Z=1 emitted 4 procedural water vertices (Ocean/Pools)
[+22:38:49.225] VoxelWater: Chunk X=3 Y=-29 Z=1 emitted 96 procedural water vertices (Ocean/Pools)
[+22:38:49.225] VoxelWater: Chunk X=3 Y=-23 Z=3 emitted 4 procedural water vertices (Ocean/Pools)
[+22:38:49.225] VoxelWater: Chunk X=4 Y=-23 Z=1 emitted 12 procedural water vertices (Ocean/Pools)
[+22:38:49.225] VoxelWater: Chunk X=4 Y=-23 Z=2 emitted 16 procedural water vertices (Ocean/Pools)
[+22:38:49.225] VoxelWater: Chunk X=3 Y=-24 Z=2 emitted 8 procedural water vertices (Ocean/Pools)
[+22:38:49.225] VoxelWater: Chunk X=8 Y=-26 Z=1 emitted 24 procedural water vertices (Ocean/Pools)
[+22:38:49.225] VoxelWater: Chunk X=8 Y=-24 Z=1 emitted 12 procedural water vertices (Ocean/Pools)
[+22:38:49.225] VoxelWater: Chunk X=4 Y=-27 Z=1 emitted 68 procedural water vertices (Ocean/Pools)
[+22:38:49.225] VoxelWater: Chunk X=6 Y=-27 Z=1 emitted 188 procedural water vertices (Ocean/Pools)
[+22:38:49.225] VoxelWater: Chunk X=3 Y=-26 Z=1 emitted 32 procedural water vertices (Ocean/Pools)
[+22:38:49.225] VoxelWater: Chunk X=7 Y=-26 Z=0 emitted 8 procedural water vertices (Ocean/Pools)
[+22:38:49.225] VoxelWater: Chunk X=5 Y=-27 Z=1 emitted 88 procedural water vertices (Ocean/Pools)
[+22:38:49.225] VoxelWater: Chunk X=8 Y=-24 Z=2 emitted 8 procedural water vertices (Ocean/Pools)
[+22:38:49.225] VoxelWater: Chunk X=7 Y=-26 Z=2 emitted 44 procedural water vertices (Ocean/Pools)
[+22:38:49.225] VoxelWater: Chunk X=5 Y=-23 Z=2 emitted 16 procedural water vertices (Ocean/Pools)
[+22:38:49.225] VoxelWater: Chunk X=5 Y=-22 Z=2 emitted 92 procedural water vertices (Ocean/Pools)
[+22:38:49.225] VoxelWater: Chunk X=5 Y=-27 Z=2 emitted 64 procedural water vertices (Ocean/Pools)
[+22:38:49.226] VoxelWater: Chunk X=5 Y=-28 Z=2 emitted 4 procedural water vertices (Ocean/Pools)
[+22:38:49.226] VoxelWater: Chunk X=6 Y=-27 Z=2 emitted 12 procedural water vertices (Ocean/Pools)
[+22:38:49.226] VoxelWater: Chunk X=5 Y=-28 Z=1 emitted 76 procedural water vertices (Ocean/Pools)
[+22:38:49.226] VoxelWater: Chunk X=3 Y=-26 Z=2 emitted 88 procedural water vertices (Ocean/Pools)
[+22:38:49.226] VoxelWater: Chunk X=4 Y=-27 Z=2 emitted 60 procedural water vertices (Ocean/Pools)
[+22:38:49.226] VoxelWater: Chunk X=6 Y=-22 Z=1 emitted 64 procedural water vertices (Ocean/Pools)
[+22:38:49.226] VoxelWater: Chunk X=2 Y=-24 Z=1 emitted 4 procedural water vertices (Ocean/Pools)
[+22:38:49.226] VoxelWater: Chunk X=3 Y=-23 Z=2 emitted 76 procedural water vertices (Ocean/Pools)
[+22:38:49.226] VoxelWater: Chunk X=2 Y=-23 Z=1 emitted 20 procedural water vertices (Ocean/Pools)
[+22:38:49.226] VoxelWater: Chunk X=8 Y=-23 Z=2 emitted 28 procedural water vertices (Ocean/Pools)
[+22:38:49.226] VoxelWater: Chunk X=2 Y=-23 Z=2 emitted 20 procedural water vertices (Ocean/Pools)
[+22:38:49.226] VoxelWater: Chunk X=7 Y=-24 Z=3 emitted 40 procedural water vertices (Ocean/Pools)
[+22:38:49.226] VoxelWater: Chunk X=4 Y=-23 Z=3 emitted 16 procedural water vertices (Ocean/Pools)
[+22:38:49.226] VoxelWater: Chunk X=4 Y=-21 Z=1 emitted 24 procedural water vertices (Ocean/Pools)
[+22:38:49.226] VoxelWater: Chunk X=1 Y=-24 Z=1 emitted 56 procedural water vertices (Ocean/Pools)
[+22:38:49.226] VoxelWater: Chunk X=9 Y=-26 Z=1 emitted 64 procedural water vertices (Ocean/Pools)
[+22:38:49.226] VoxelWater: Chunk X=2 Y=-24 Z=3 emitted 56 procedural water vertices (Ocean/Pools)
[+22:38:49.226] VoxelWater: Chunk X=3 Y=-26 Z=3 emitted 20 procedural water vertices (Ocean/Pools)
[+22:38:49.226] VoxelWater: Chunk X=6 Y=-29 Z=1 emitted 56 procedural water vertices (Ocean/Pools)
[+22:38:49.226] VoxelWater: Chunk X=4 Y=-29 Z=1 emitted 32 procedural water vertices (Ocean/Pools)
[+22:38:49.226] VoxelWater: Chunk X=4 Y=-21 Z=2 emitted 136 procedural water vertices (Ocean/Pools)
[+22:38:49.226] VoxelWater: Chunk X=4 Y=-22 Z=2 emitted 4 procedural water vertices (Ocean/Pools)
[+22:38:49.226] VoxelWater: Chunk X=5 Y=-21 Z=2 emitted 4 procedural water vertices (Ocean/Pools)
[+22:38:49.226] VoxelWater: Chunk X=4 Y=-29 Z=2 emitted 20 procedural water vertices (Ocean/Pools)
[+22:38:49.226] VoxelWater: Chunk X=1 Y=-24 Z=2 emitted 60 procedural water vertices (Ocean/Pools)
[+22:38:49.226] VoxelWater: Chunk X=1 Y=-25 Z=2 emitted 4 procedural water vertices (Ocean/Pools)
[+22:38:49.226] VoxelWater: Chunk X=2 Y=-25 Z=3 emitted 4 procedural water vertices (Ocean/Pools)
[+22:38:49.226] VoxelWater: Chunk X=9 Y=-26 Z=2 emitted 52 procedural water vertices (Ocean/Pools)
[+22:38:49.226] VoxelWater: Chunk X=6 Y=-21 Z=2 emitted 112 procedural water vertices (Ocean/Pools)
[+22:38:49.238] VoxelMesh: Chunk X=2 Y=-28 Z=-3 FlatVerts=36 SlopeVerts=2022
[+22:38:49.238] VoxelChunk: GenerateAsync (8,-24,3)
[+22:38:49.239] VoxelMesh: Chunk X=8 Y=-23 Z=-4 FlatVerts=0 SlopeVerts=0
[+22:38:49.239] VoxelChunk: GenerateAsync (9,-28,0)
[+22:38:49.239] VoxelMesh: Chunk X=9 Y=-28 Z=0 FlatVerts=0 SlopeVerts=0
[+22:38:49.239] VoxelMesh: Chunk X=3 Y=-22 Z=-4 FlatVerts=0 SlopeVerts=0
[+22:38:49.239] VoxelChunk: GenerateAsync (1,-28,0)
[+22:38:49.240] VoxelMesh: Chunk X=8 Y=-22 Z=-3 FlatVerts=156 SlopeVerts=240
[+22:38:49.240] VoxelMesh: Chunk X=1 Y=-28 Z=0 FlatVerts=0 SlopeVerts=0
[+22:38:49.240] VoxelChunk: GenerateAsync (6,-25,4)
[+22:38:49.240] VoxelMesh: Chunk X=8 Y=-24 Z=3 FlatVerts=36 SlopeVerts=2022
[+22:38:49.241] VoxelMesh: Chunk X=6 Y=-25 Z=4 FlatVerts=156 SlopeVerts=240
[+22:38:49.248] VoxelMesh: Chunk X=8 Y=-27 Z=-4 FlatVerts=0 SlopeVerts=0
[+22:38:49.249] VoxelChunk: GenerateAsync (8,-29,0)
[+22:38:49.249] VoxelMesh: Chunk X=8 Y=-29 Z=0 FlatVerts=0 SlopeVerts=0
[+22:38:49.249] VoxelMesh: Chunk X=2 Y=-22 Z=-3 FlatVerts=0 SlopeVerts=0
[+22:38:49.249] VoxelChunk: GenerateAsync (10,-25,0)
[+22:38:49.249] VoxelMesh: Chunk X=7 Y=-22 Z=-4 FlatVerts=0 SlopeVerts=0
[+22:38:49.249] VoxelMesh: Chunk X=10 Y=-25 Z=0 FlatVerts=0 SlopeVerts=0
[+22:38:49.250] VoxelChunk: GenerateAsync (0,-25,0)
[+22:38:49.250] VoxelMesh: Chunk X=7 Y=-28 Z=-4 FlatVerts=0 SlopeVerts=60
[+22:38:49.250] VoxelMesh: Chunk X=0 Y=-25 Z=0 FlatVerts=0 SlopeVerts=0
[+22:38:49.250] VoxelChunk: GenerateAsync (6,-24,4)
[+22:38:49.251] VoxelMesh: Chunk X=6 Y=-24 Z=4 FlatVerts=0 SlopeVerts=60
[+22:38:49.259] VoxelMesh: Chunk X=3 Y=-28 Z=-4 FlatVerts=0 SlopeVerts=0
[+22:38:49.259] VoxelChunk: GenerateAsync (4,-24,4)
[+22:38:49.260] VoxelMesh: Chunk X=7 Y=-23 Z=-5 FlatVerts=0 SlopeVerts=0
[+22:38:49.260] VoxelChunk: GenerateAsync (4,-30,0)
[+22:38:49.260] VoxelMesh: Chunk X=4 Y=-24 Z=4 FlatVerts=0 SlopeVerts=0
[+22:38:49.260] VoxelMesh: Chunk X=3 Y=-23 Z=-5 FlatVerts=0 SlopeVerts=0
[+22:38:49.260] VoxelMesh: Chunk X=4 Y=-30 Z=0 FlatVerts=0 SlopeVerts=0
[+22:38:49.260] VoxelChunk: GenerateAsync (6,-30,0)
[+22:38:49.260] VoxelMesh: Chunk X=6 Y=-30 Z=0 FlatVerts=0 SlopeVerts=0
[+22:38:49.260] VoxelMesh: Chunk X=7 Y=-27 Z=-5 FlatVerts=0 SlopeVerts=0
[+22:38:49.261] VoxelChunk: GenerateAsync (8,-22,-4)
[+22:38:49.261] VoxelMesh: Chunk X=8 Y=-22 Z=-4 FlatVerts=0 SlopeVerts=0
[+22:38:49.270] VoxelMesh: Chunk X=3 Y=-27 Z=-5 FlatVerts=0 SlopeVerts=0
[+22:38:49.270] VoxelChunk: GenerateAsync (8,-28,-4)
[+22:38:49.270] VoxelMesh: Chunk X=8 Y=-25 Z=-5 FlatVerts=0 SlopeVerts=0
[+22:38:49.270] VoxelMesh: Chunk X=8 Y=-28 Z=-4 FlatVerts=0 SlopeVerts=0
[+22:38:49.270] VoxelChunk: GenerateAsync (2,-22,-4)
[+22:38:49.270] VoxelMesh: Chunk X=5 Y=-22 Z=-5 FlatVerts=0 SlopeVerts=0
[+22:38:49.271] VoxelMesh: Chunk X=2 Y=-22 Z=-4 FlatVerts=0 SlopeVerts=0
[+22:38:49.271] VoxelChunk: GenerateAsync (8,-22,2)
[+22:38:49.271] VoxelMesh: Chunk X=8 Y=-22 Z=2 FlatVerts=0 SlopeVerts=0
[+22:38:49.271] VoxelMesh: Chunk X=5 Y=-28 Z=-5 FlatVerts=0 SlopeVerts=0
[+22:38:49.271] VoxelChunk: GenerateAsync (2,-28,-4)
[+22:38:49.272] VoxelMesh: Chunk X=2 Y=-28 Z=-4 FlatVerts=0 SlopeVerts=0
[+22:38:49.285] VoxelMesh: Chunk X=0 Y=0 Z=0 FlatVerts=2016 SlopeVerts=6270
[+22:38:49.292] VoxelChunk: GenerateAsync (0,3,1)
[+22:38:49.292] VoxelMesh: Chunk X=0 Y=3 Z=1 FlatVerts=660 SlopeVerts=1860
[+22:38:49.296] VoxelMesh: Chunk X=2 Y=-25 Z=-5 FlatVerts=0 SlopeVerts=0
[+22:38:49.296] VoxelChunk: GenerateAsync (8,-28,2)
[+22:38:49.297] VoxelMesh: Chunk X=6 Y=-28 Z=-5 FlatVerts=186 SlopeVerts=936
[+22:38:49.297] VoxelMesh: Chunk X=8 Y=-28 Z=2 FlatVerts=0 SlopeVerts=0
[+22:38:49.297] VoxelChunk: GenerateAsync (2,-28,2)
[+22:38:49.297] VoxelMesh: Chunk X=8 Y=-26 Z=-5 FlatVerts=174 SlopeVerts=1044
[+22:38:49.297] VoxelMesh: Chunk X=2 Y=-28 Z=2 FlatVerts=186 SlopeVerts=936
[+22:38:49.297] VoxelChunk: GenerateAsync (2,-22,2)
[+22:38:49.298] VoxelMesh: Chunk X=2 Y=-22 Z=2 FlatVerts=174 SlopeVerts=1044
[+22:38:49.303] VoxelMesh: Chunk X=0 Y=0 Z=0 FlatVerts=144 SlopeVerts=1254
[+22:38:49.304] VoxelChunk: GenerateAsync (10,-26,0)
[+22:38:49.304] VoxelMesh: Chunk X=10 Y=-26 Z=0 FlatVerts=0 SlopeVerts=0
[+22:38:49.318] VoxelMesh: Chunk X=0 Y=0 Z=0 FlatVerts=5880 SlopeVerts=5340
[+22:38:49.319] VoxelChunk: GenerateAsync (6,-20,0)
[+22:38:49.321] VoxelMesh: Chunk X=6 Y=-20 Z=0 FlatVerts=0 SlopeVerts=0
[+22:38:49.324] VoxelMesh: Chunk X=0 Y=0 Z=0 FlatVerts=3168 SlopeVerts=666
[+22:38:49.325] VoxelChunk: GenerateAsync (0,-24,0)
[+22:38:49.326] VoxelMesh: Chunk X=0 Y=-24 Z=0 FlatVerts=0 SlopeVerts=0
[+22:38:49.328] VoxelMesh: Chunk X=0 Y=0 Z=0 FlatVerts=5970 SlopeVerts=1842
[+22:38:49.329] VoxelChunk: GenerateAsync (0,-26,0)
[+22:38:49.332] VoxelMesh: Chunk X=0 Y=-26 Z=0 FlatVerts=0 SlopeVerts=0
[+22:38:49.334] VoxelMesh: Chunk X=0 Y=0 Z=0 FlatVerts=750 SlopeVerts=3942
[+22:38:49.334] VoxelChunk: GenerateAsync (4,-20,0)
[+22:38:49.335] VoxelMesh: Chunk X=4 Y=-20 Z=0 FlatVerts=0 SlopeVerts=0
[+22:38:49.350] VoxelMesh: Chunk X=0 Y=0 Z=0 FlatVerts=0 SlopeVerts=0
[+22:38:49.351] VoxelChunk: GenerateAsync (6,-26,4)
[+22:38:49.353] VoxelMesh: Chunk X=6 Y=-26 Z=4 FlatVerts=0 SlopeVerts=0
[+22:38:49.356] VoxelMesh: Chunk X=0 Y=0 Z=0 FlatVerts=3114 SlopeVerts=4116
[+22:38:49.357] VoxelChunk: GenerateAsync (10,-24,0)
[+22:38:49.358] VoxelMesh: Chunk X=10 Y=-24 Z=0 FlatVerts=0 SlopeVerts=0
[+22:38:49.363] VoxelMesh: Chunk X=0 Y=0 Z=0 FlatVerts=0 SlopeVerts=0
[+22:38:49.364] VoxelChunk: GenerateAsync (4,-26,4)
[+22:38:49.367] VoxelMesh: Chunk X=4 Y=-26 Z=4 FlatVerts=0 SlopeVerts=0
[+22:38:49.370] VoxelMesh: Chunk X=0 Y=0 Z=0 FlatVerts=990 SlopeVerts=10848
[+22:38:49.372] VoxelChunk: GenerateAsync (3,-29,2)
[+22:38:49.373] VoxelMesh: Chunk X=3 Y=-29 Z=2 FlatVerts=252 SlopeVerts=414
[+22:38:49.390] VoxelMesh: Chunk X=0 Y=0 Z=0 FlatVerts=4152 SlopeVerts=14088
[+22:38:49.392] VoxelChunk: GenerateAsync (5,-20,1)
[+22:38:49.394] VoxelMesh: Chunk X=5 Y=-20 Z=1 FlatVerts=870 SlopeVerts=1614
[+22:38:49.397] VoxelMesh: Chunk X=0 Y=0 Z=0 FlatVerts=0 SlopeVerts=0
[+22:38:49.398] VoxelChunk: GenerateAsync (7,-22,-5)
[+22:38:49.402] VoxelMesh: Chunk X=7 Y=-22 Z=-5 FlatVerts=0 SlopeVerts=0
[+22:38:49.405] VoxelMesh: Chunk X=0 Y=0 Z=0 FlatVerts=12 SlopeVerts=6744
[+22:38:49.406] VoxelChunk: GenerateAsync (7,-25,4)
[+22:38:49.409] VoxelMesh: Chunk X=7 Y=-25 Z=4 FlatVerts=738 SlopeVerts=2520
[+22:38:49.411] VoxelMesh: Chunk X=0 Y=0 Z=0 FlatVerts=0 SlopeVerts=0
[+22:38:49.411] VoxelChunk: GenerateAsync (3,-22,-5)
[+22:38:49.412] VoxelMesh: Chunk X=3 Y=-22 Z=-5 FlatVerts=0 SlopeVerts=0
[+22:38:49.429] VoxelMesh: Chunk X=0 Y=0 Z=0 FlatVerts=132 SlopeVerts=39048
[+22:38:49.463] VoxelChunk: GenerateAsync (2,-3,3)
[+22:38:49.464] VoxelMesh: Chunk X=2 Y=-3 Z=3 FlatVerts=12 SlopeVerts=3114
[+22:38:49.475] VoxelMesh: Chunk X=0 Y=0 Z=0 FlatVerts=0 SlopeVerts=0
[+22:38:49.475] VoxelChunk: GenerateAsync (1,-27,2)
[+22:38:49.476] VoxelMesh: Chunk X=1 Y=-27 Z=2 FlatVerts=84 SlopeVerts=1770
[+22:38:49.481] VoxelMesh: Chunk X=0 Y=0 Z=0 FlatVerts=180 SlopeVerts=20904
[+22:38:49.482] VoxelChunk: GenerateAsync (9,-27,2)
[+22:38:49.486] VoxelMesh: Chunk X=9 Y=-27 Z=2 FlatVerts=0 SlopeVerts=0
[+22:38:49.489] VoxelMesh: Chunk X=0 Y=0 Z=0 FlatVerts=0 SlopeVerts=6978
[+22:38:49.490] VoxelChunk: GenerateAsync (7,-29,2)
[+22:38:49.492] VoxelMesh: Chunk X=7 Y=-29 Z=2 FlatVerts=0 SlopeVerts=0
[+22:38:49.496] VoxelMesh: Chunk X=0 Y=0 Z=0 FlatVerts=732 SlopeVerts=2022
[+22:38:49.497] VoxelChunk: GenerateAsync (3,-28,3)
[+22:38:49.499] VoxelMesh: Chunk X=3 Y=-28 Z=3 FlatVerts=24 SlopeVerts=234
[+22:38:49.523] VoxelWater: Chunk X=9 Y=-25 Z=1 emitted 20 procedural water vertices (Ocean/Pools)
[+22:38:49.523] VoxelWater: Chunk X=5 Y=-29 Z=1 emitted 8 procedural water vertices (Ocean/Pools)
[+22:38:49.523] VoxelWater: Chunk X=8 Y=-25 Z=1 emitted 32 procedural water vertices (Ocean/Pools)
[+22:38:49.523] VoxelWater: Chunk X=5 Y=-23 Z=1 emitted 120 procedural water vertices (Ocean/Pools)
[+22:38:49.523] VoxelWater: Chunk X=6 Y=-23 Z=1 emitted 4 procedural water vertices (Ocean/Pools)
[+22:38:49.523] VoxelWater: Chunk X=6 Y=-24 Z=1 emitted 144 procedural water vertices (Ocean/Pools)
[+22:38:49.523] VoxelWater: Chunk X=4 Y=-24 Z=1 emitted 172 procedural water vertices (Ocean/Pools)
[+22:38:49.523] VoxelWater: Chunk X=5 Y=-24 Z=1 emitted 168 procedural water vertices (Ocean/Pools)
[+22:38:49.523] VoxelWater: Chunk X=8 Y=-27 Z=1 emitted 20 procedural water vertices (Ocean/Pools)
[+22:38:49.523] VoxelWater: Chunk X=9 Y=-27 Z=1 emitted 12 procedural water vertices (Ocean/Pools)
[+22:38:49.523] VoxelWater: Chunk X=6 Y=-26 Z=0 emitted 4 procedural water vertices (Ocean/Pools)
[+22:38:49.523] VoxelWater: Chunk X=6 Y=-26 Z=1 emitted 160 procedural water vertices (Ocean/Pools)
[+22:38:49.523] VoxelWater: Chunk X=7 Y=-26 Z=1 emitted 164 procedural water vertices (Ocean/Pools)
[+22:38:49.523] VoxelWater: Chunk X=7 Y=-26 Z=0 emitted 8 procedural water vertices (Ocean/Pools)
[+22:38:49.523] VoxelWater: Chunk X=5 Y=-21 Z=1 emitted 8 procedural water vertices (Ocean/Pools)
[+22:38:49.523] VoxelWater: Chunk X=4 Y=-26 Z=0 emitted 4 procedural water vertices (Ocean/Pools)
[+22:38:49.523] VoxelWater: Chunk X=4 Y=-26 Z=1 emitted 424 procedural water vertices (Ocean/Pools)
[+22:38:49.523] VoxelWater: Chunk X=5 Y=-26 Z=1 emitted 444 procedural water vertices (Ocean/Pools)
[+22:38:49.523] VoxelWater: Chunk X=1 Y=-25 Z=2 emitted 4 procedural water vertices (Ocean/Pools)
[+22:38:49.523] VoxelWater: Chunk X=4 Y=-25 Z=1 emitted 324 procedural water vertices (Ocean/Pools)
[+22:38:49.523] VoxelWater: Chunk X=5 Y=-25 Z=1 emitted 156 procedural water vertices (Ocean/Pools)
[+22:38:49.523] VoxelWater: Chunk X=6 Y=-28 Z=1 emitted 16 procedural water vertices (Ocean/Pools)
[+22:38:49.523] VoxelWater: Chunk X=6 Y=-28 Z=2 emitted 4 procedural water vertices (Ocean/Pools)
[+22:38:49.523] VoxelWater: Chunk X=5 Y=-21 Z=2 emitted 4 procedural water vertices (Ocean/Pools)
[+22:38:49.523] VoxelWater: Chunk X=4 Y=-26 Z=2 emitted 8 procedural water vertices (Ocean/Pools)
[+22:38:49.523] VoxelWater: Chunk X=4 Y=-25 Z=2 emitted 360 procedural water vertices (Ocean/Pools)
[+22:38:49.524] VoxelWater: Chunk X=4 Y=-25 Z=3 emitted 136 procedural water vertices (Ocean/Pools)
[+22:38:49.524] VoxelWater: Chunk X=3 Y=-25 Z=3 emitted 4 procedural water vertices (Ocean/Pools)
[+22:38:49.524] VoxelWater: Chunk X=5 Y=-25 Z=2 emitted 452 procedural water vertices (Ocean/Pools)
[+22:38:49.524] VoxelWater: Chunk X=3 Y=-25 Z=2 emitted 48 procedural water vertices (Ocean/Pools)
[+22:38:49.524] VoxelWater: Chunk X=4 Y=-24 Z=2 emitted 388 procedural water vertices (Ocean/Pools)
[+22:38:49.524] VoxelWater: Chunk X=4 Y=-24 Z=3 emitted 80 procedural water vertices (Ocean/Pools)
[+22:38:49.524] VoxelWater: Chunk X=3 Y=-24 Z=3 emitted 64 procedural water vertices (Ocean/Pools)
[+22:38:49.524] VoxelWater: Chunk X=5 Y=-24 Z=2 emitted 124 procedural water vertices (Ocean/Pools)
[+22:38:49.524] VoxelWater: Chunk X=5 Y=-26 Z=2 emitted 8 procedural water vertices (Ocean/Pools)
[+22:38:49.524] VoxelWater: Chunk X=5 Y=-25 Z=3 emitted 132 procedural water vertices (Ocean/Pools)
[+22:38:49.524] VoxelWater: Chunk X=6 Y=-25 Z=3 emitted 212 procedural water vertices (Ocean/Pools)
[+22:38:49.524] VoxelWater: Chunk X=6 Y=-25 Z=2 emitted 196 procedural water vertices (Ocean/Pools)
[+22:38:49.524] VoxelWater: Chunk X=2 Y=-25 Z=3 emitted 4 procedural water vertices (Ocean/Pools)
[+22:38:49.524] VoxelWater: Chunk X=5 Y=-24 Z=3 emitted 20 procedural water vertices (Ocean/Pools)
[+22:38:49.524] VoxelWater: Chunk X=6 Y=-24 Z=3 emitted 108 procedural water vertices (Ocean/Pools)
[+22:38:49.524] VoxelWater: Chunk X=7 Y=-27 Z=1 emitted 76 procedural water vertices (Ocean/Pools)
[+22:38:49.524] VoxelWater: Chunk X=6 Y=-27 Z=1 emitted 204 procedural water vertices (Ocean/Pools)
[+22:38:49.524] VoxelWater: Chunk X=6 Y=-26 Z=2 emitted 60 procedural water vertices (Ocean/Pools)
[+22:38:49.524] VoxelWater: Chunk X=6 Y=-26 Z=3 emitted 20 procedural water vertices (Ocean/Pools)
[+22:38:49.524] VoxelWater: Chunk X=3 Y=-23 Z=1 emitted 16 procedural water vertices (Ocean/Pools)
[+22:38:49.524] VoxelWater: Chunk X=6 Y=-25 Z=1 emitted 24 procedural water vertices (Ocean/Pools)
[+22:38:49.524] VoxelWater: Chunk X=7 Y=-25 Z=2 emitted 8 procedural water vertices (Ocean/Pools)
[+22:38:49.524] VoxelWater: Chunk X=6 Y=-24 Z=2 emitted 168 procedural water vertices (Ocean/Pools)
[+22:38:49.524] VoxelWater: Chunk X=3 Y=-28 Z=1 emitted 4 procedural water vertices (Ocean/Pools)
[+22:38:49.524] VoxelWater: Chunk X=5 Y=-26 Z=0 emitted 12 procedural water vertices (Ocean/Pools)
[+22:38:49.524] VoxelWater: Chunk X=7 Y=-25 Z=1 emitted 4 procedural water vertices (Ocean/Pools)
[+22:38:49.524] VoxelWater: Chunk X=3 Y=-29 Z=1 emitted 96 procedural water vertices (Ocean/Pools)
[+22:38:49.524] VoxelWater: Chunk X=3 Y=-23 Z=3 emitted 4 procedural water vertices (Ocean/Pools)
[+22:38:49.524] VoxelWater: Chunk X=4 Y=-23 Z=2 emitted 16 procedural water vertices (Ocean/Pools)
[+22:38:49.524] VoxelWater: Chunk X=3 Y=-24 Z=2 emitted 8 procedural water vertices (Ocean/Pools)
[+22:38:49.524] VoxelWater: Chunk X=8 Y=-26 Z=1 emitted 24 procedural water vertices (Ocean/Pools)
[+22:38:49.524] VoxelWater: Chunk X=4 Y=-23 Z=1 emitted 12 procedural water vertices (Ocean/Pools)
[+22:38:49.525] VoxelWater: Chunk X=8 Y=-24 Z=1 emitted 20 procedural water vertices (Ocean/Pools)
[+22:38:49.525] VoxelWater: Chunk X=4 Y=-27 Z=1 emitted 88 procedural water vertices (Ocean/Pools)
[+22:38:49.525] VoxelWater: Chunk X=3 Y=-26 Z=1 emitted 40 procedural water vertices (Ocean/Pools)
[+22:38:49.525] VoxelWater: Chunk X=4 Y=-22 Z=2 emitted 4 procedural water vertices (Ocean/Pools)
[+22:38:49.525] VoxelWater: Chunk X=5 Y=-27 Z=1 emitted 92 procedural water vertices (Ocean/Pools)
[+22:38:49.525] VoxelWater: Chunk X=8 Y=-24 Z=2 emitted 8 procedural water vertices (Ocean/Pools)
[+22:38:49.525] VoxelWater: Chunk X=7 Y=-26 Z=2 emitted 44 procedural water vertices (Ocean/Pools)
[+22:38:49.525] VoxelWater: Chunk X=5 Y=-23 Z=2 emitted 16 procedural water vertices (Ocean/Pools)
[+22:38:49.525] VoxelWater: Chunk X=5 Y=-22 Z=2 emitted 92 procedural water vertices (Ocean/Pools)
[+22:38:49.525] VoxelWater: Chunk X=7 Y=-24 Z=2 emitted 12 procedural water vertices (Ocean/Pools)
[+22:38:49.525] VoxelWater: Chunk X=5 Y=-27 Z=2 emitted 64 procedural water vertices (Ocean/Pools)
[+22:38:49.525] VoxelWater: Chunk X=5 Y=-28 Z=2 emitted 4 procedural water vertices (Ocean/Pools)
[+22:38:49.525] VoxelWater: Chunk X=6 Y=-27 Z=2 emitted 12 procedural water vertices (Ocean/Pools)
[+22:38:49.525] VoxelWater: Chunk X=5 Y=-28 Z=1 emitted 88 procedural water vertices (Ocean/Pools)
[+22:38:49.525] VoxelWater: Chunk X=3 Y=-26 Z=2 emitted 100 procedural water vertices (Ocean/Pools)
[+22:38:49.525] VoxelWater: Chunk X=4 Y=-27 Z=2 emitted 60 procedural water vertices (Ocean/Pools)
[+22:38:49.525] VoxelWater: Chunk X=6 Y=-22 Z=1 emitted 64 procedural water vertices (Ocean/Pools)
[+22:38:49.525] VoxelWater: Chunk X=2 Y=-24 Z=1 emitted 4 procedural water vertices (Ocean/Pools)
[+22:38:49.525] VoxelWater: Chunk X=3 Y=-23 Z=2 emitted 88 procedural water vertices (Ocean/Pools)
[+22:38:49.525] VoxelWater: Chunk X=2 Y=-23 Z=1 emitted 20 procedural water vertices (Ocean/Pools)
[+22:38:49.525] VoxelWater: Chunk X=8 Y=-23 Z=2 emitted 28 procedural water vertices (Ocean/Pools)
[+22:38:49.525] VoxelWater: Chunk X=2 Y=-23 Z=2 emitted 20 procedural water vertices (Ocean/Pools)
[+22:38:49.525] VoxelWater: Chunk X=7 Y=-24 Z=3 emitted 44 procedural water vertices (Ocean/Pools)
[+22:38:49.525] VoxelWater: Chunk X=4 Y=-23 Z=3 emitted 16 procedural water vertices (Ocean/Pools)
[+22:38:49.525] VoxelWater: Chunk X=4 Y=-21 Z=1 emitted 28 procedural water vertices (Ocean/Pools)
[+22:38:49.525] VoxelWater: Chunk X=1 Y=-24 Z=1 emitted 56 procedural water vertices (Ocean/Pools)
[+22:38:49.525] VoxelWater: Chunk X=9 Y=-26 Z=1 emitted 64 procedural water vertices (Ocean/Pools)
[+22:38:49.525] VoxelWater: Chunk X=2 Y=-24 Z=3 emitted 56 procedural water vertices (Ocean/Pools)
[+22:38:49.525] VoxelWater: Chunk X=3 Y=-26 Z=3 emitted 20 procedural water vertices (Ocean/Pools)
[+22:38:49.525] VoxelWater: Chunk X=6 Y=-29 Z=1 emitted 56 procedural water vertices (Ocean/Pools)
[+22:38:49.525] VoxelWater: Chunk X=4 Y=-29 Z=1 emitted 32 procedural water vertices (Ocean/Pools)
[+22:38:49.525] VoxelWater: Chunk X=4 Y=-21 Z=2 emitted 136 procedural water vertices (Ocean/Pools)
[+22:38:49.525] VoxelWater: Chunk X=4 Y=-29 Z=2 emitted 32 procedural water vertices (Ocean/Pools)
[+22:38:49.525] VoxelWater: Chunk X=1 Y=-24 Z=2 emitted 60 procedural water vertices (Ocean/Pools)
[+22:38:49.525] VoxelWater: Chunk X=9 Y=-26 Z=2 emitted 52 procedural water vertices (Ocean/Pools)
[+22:38:49.525] VoxelWater: Chunk X=6 Y=-21 Z=2 emitted 116 procedural water vertices (Ocean/Pools)
[+22:38:49.525] VoxelWater: Chunk X=5 Y=-20 Z=1 emitted 12 procedural water vertices (Ocean/Pools)
[+22:38:49.526] VoxelWater: Chunk X=7 Y=-25 Z=4 emitted 36 procedural water vertices (Ocean/Pools)
[+22:38:49.526] VoxelWater: Chunk X=6 Y=-25 Z=4 emitted 4 procedural water vertices (Ocean/Pools)
[+22:38:49.545] VoxelMesh: Chunk X=0 Y=0 Z=0 FlatVerts=5460 SlopeVerts=11304
[+22:38:49.546] VoxelChunk: GenerateAsync (1,-28,1)
[+22:38:49.548] VoxelMesh: Chunk X=1 Y=-28 Z=1 FlatVerts=774 SlopeVerts=648
[+22:38:49.551] VoxelMesh: Chunk X=0 Y=0 Z=0 FlatVerts=1746 SlopeVerts=6984
[+22:38:49.552] VoxelChunk: GenerateAsync (5,-30,1)
[+22:38:49.553] VoxelMesh: Chunk X=5 Y=-30 Z=1 FlatVerts=1092 SlopeVerts=2016
[+22:38:49.558] VoxelMesh: Chunk X=0 Y=0 Z=0 FlatVerts=7752 SlopeVerts=0
[+22:38:49.559] VoxelChunk: GenerateAsync (8,-21,1)
[+22:38:49.560] VoxelMesh: Chunk X=8 Y=-21 Z=1 FlatVerts=1476 SlopeVerts=876
[+22:38:49.564] VoxelMesh: Chunk X=0 Y=0 Z=0 FlatVerts=0 SlopeVerts=0
[+22:38:49.565] VoxelChunk: GenerateAsync (3,-28,-5)
[+22:38:49.567] VoxelMesh: Chunk X=3 Y=-28 Z=-5 FlatVerts=0 SlopeVerts=0
[+22:38:49.585] VoxelMesh: Chunk X=0 Y=0 Z=0 FlatVerts=96 SlopeVerts=37128
[+22:38:49.614] VoxelChunk: GenerateAsync (3,-3,3)
[+22:38:49.616] VoxelMesh: Chunk X=3 Y=-3 Z=3 FlatVerts=0 SlopeVerts=4488
[+22:38:49.622] VoxelMesh: Chunk X=0 Y=0 Z=0 FlatVerts=54 SlopeVerts=13404
[+22:38:49.623] VoxelChunk: GenerateAsync (3,-22,3)
[+22:38:49.628] VoxelMesh: Chunk X=3 Y=-22 Z=3 FlatVerts=54 SlopeVerts=6072
[+22:38:49.629] VoxelMesh: Chunk X=0 Y=0 Z=0 FlatVerts=0 SlopeVerts=0
[+22:38:49.629] VoxelChunk: GenerateAsync (8,-23,-5)
[+22:38:49.631] VoxelMesh: Chunk X=8 Y=-23 Z=-5 FlatVerts=0 SlopeVerts=0
[+22:38:49.633] VoxelMesh: Chunk X=0 Y=0 Z=0 FlatVerts=0 SlopeVerts=0
[+22:38:49.633] VoxelChunk: GenerateAsync (2,-23,-5)
[+22:38:49.635] VoxelMesh: Chunk X=2 Y=-23 Z=-5 FlatVerts=0 SlopeVerts=0
[+22:38:49.639] VoxelMesh: Chunk X=0 Y=0 Z=0 FlatVerts=762 SlopeVerts=32730
[+22:38:49.642] VoxelChunk: GenerateAsync (1,-23,2)
[+22:38:49.643] VoxelMesh: Chunk X=1 Y=-23 Z=2 FlatVerts=0 SlopeVerts=6
[+22:38:49.664] VoxelMesh: Chunk X=0 Y=0 Z=0 FlatVerts=0 SlopeVerts=0
[+22:38:49.665] VoxelChunk: GenerateAsync (3,-25,4)
[+22:38:49.668] VoxelMesh: Chunk X=3 Y=-25 Z=4 FlatVerts=0 SlopeVerts=414
[+22:38:49.669] VoxelMesh: Chunk X=0 Y=0 Z=0 FlatVerts=0 SlopeVerts=0
[+22:38:49.669] VoxelChunk: GenerateAsync (8,-27,-5)
[+22:38:49.672] VoxelMesh: Chunk X=8 Y=-27 Z=-5 FlatVerts=0 SlopeVerts=0
[+22:38:49.675] VoxelMesh: Chunk X=0 Y=0 Z=0 FlatVerts=0 SlopeVerts=0
[+22:38:49.675] VoxelChunk: GenerateAsync (2,-27,-5)
[+22:38:49.676] VoxelMesh: Chunk X=2 Y=-27 Z=-5 FlatVerts=0 SlopeVerts=0
[+22:38:49.681] VoxelMesh: Chunk X=0 Y=0 Z=0 FlatVerts=0 SlopeVerts=0
[+22:38:49.681] VoxelChunk: GenerateAsync (5,-27,4)
[+22:38:49.683] VoxelMesh: Chunk X=5 Y=-27 Z=4 FlatVerts=0 SlopeVerts=0
[+22:38:49.697] VoxelMesh: Chunk X=0 Y=0 Z=0 FlatVerts=0 SlopeVerts=8814
[+22:38:49.703] VoxelChunk: GenerateAsync (-1,-2,3)
[+22:38:49.704] VoxelMesh: Chunk X=-1 Y=-2 Z=3 FlatVerts=6 SlopeVerts=2718
[+22:38:49.705] VoxelChunk: GenerateAsync (2,-22,2)
[+22:38:49.705] VoxelChunk: GenerateAsync (2,-28,2)
[+22:38:49.705] VoxelChunk: GenerateAsync (8,-28,2)
[+22:38:49.705] VoxelChunk: GenerateAsync (8,-22,2)
[+22:38:49.705] VoxelChunk: GenerateAsync (6,-30,0)
[+22:38:49.705] VoxelChunk: GenerateAsync (4,-30,0)
[+22:38:49.705] VoxelChunk: GenerateAsync (4,-24,4)
[+22:38:49.705] VoxelChunk: GenerateAsync (6,-24,4)
[+22:38:49.705] VoxelChunk: GenerateAsync (0,-25,0)
[+22:38:49.705] VoxelChunk: GenerateAsync (10,-25,0)
[+22:38:49.705] VoxelChunk: GenerateAsync (8,-29,0)
[+22:38:49.705] VoxelChunk: GenerateAsync (6,-25,4)
[+22:38:49.705] VoxelChunk: GenerateAsync (1,-28,0)
[+22:38:49.705] VoxelChunk: GenerateAsync (9,-28,0)
[+22:38:49.705] VoxelChunk: GenerateAsync (8,-24,3)
[+22:38:49.705] VoxelMesh: Chunk X=2 Y=-28 Z=2 FlatVerts=96 SlopeVerts=132
[+22:38:49.705] VoxelChunk: GenerateAsync (2,-29,0)
[+22:38:49.705] VoxelChunk: GenerateAsync (8,-26,3)
[+22:38:49.705] VoxelChunk: GenerateAsync (6,-29,2)
[+22:38:49.705] VoxelChunk: GenerateAsync (5,-24,4)
[+22:38:49.705] VoxelChunk: GenerateAsync (4,-25,4)
[+22:38:49.705] VoxelMesh: Chunk X=6 Y=-30 Z=0 FlatVerts=0 SlopeVerts=0
[+22:38:49.705] VoxelMesh: Chunk X=4 Y=-30 Z=0 FlatVerts=0 SlopeVerts=0
[+22:38:49.705] VoxelChunk: GenerateAsync (2,-26,3)
[+22:38:49.705] VoxelChunk: GenerateAsync (4,-29,2)
[+22:38:49.705] VoxelChunk: GenerateAsync (10,-26,0)
[+22:38:49.705] VoxelChunk: GenerateAsync (6,-20,0)
[+22:38:49.705] VoxelMesh: Chunk X=8 Y=-22 Z=2 FlatVerts=0 SlopeVerts=0
[+22:38:49.705] VoxelMesh: Chunk X=2 Y=-22 Z=2 FlatVerts=132 SlopeVerts=96
[+22:38:49.705] VoxelMesh: Chunk X=8 Y=-29 Z=0 FlatVerts=0 SlopeVerts=0
[+22:38:49.705] VoxelChunk: GenerateAsync (0,-24,0)
[+22:38:49.705] VoxelMesh: Chunk X=8 Y=-28 Z=2 FlatVerts=0 SlopeVerts=0
[+22:38:49.705] VoxelChunk: GenerateAsync (0,-26,0)
[+22:38:49.705] VoxelChunk: GenerateAsync (4,-20,0)
[+22:38:49.705] VoxelChunk: GenerateAsync (6,-26,4)
[+22:38:49.705] VoxelChunk: GenerateAsync (10,-24,0)
[+22:38:49.705] VoxelChunk: GenerateAsync (4,-26,4)
[+22:38:49.705] VoxelChunk: GenerateAsync (3,-29,2)
[+22:38:49.705] VoxelMesh: Chunk X=9 Y=-28 Z=0 FlatVerts=0 SlopeVerts=0
[+22:38:49.705] VoxelChunk: GenerateAsync (5,-20,1)
[+22:38:49.705] VoxelMesh: Chunk X=10 Y=-25 Z=0 FlatVerts=0 SlopeVerts=0
[+22:38:49.705] VoxelChunk: GenerateAsync (7,-25,4)
[+22:38:49.705] VoxelChunk: GenerateAsync (1,-27,2)
[+22:38:49.705] VoxelMesh: Chunk X=0 Y=-25 Z=0 FlatVerts=0 SlopeVerts=0
[+22:38:49.705] VoxelChunk: GenerateAsync (9,-27,2)
[+22:38:49.705] VoxelChunk: GenerateAsync (7,-29,2)
[+22:38:49.705] VoxelChunk: GenerateAsync (3,-28,3)
[+22:38:49.705] VoxelMesh: Chunk X=6 Y=-25 Z=4 FlatVerts=24 SlopeVerts=78
[+22:38:49.705] VoxelMesh: Chunk X=1 Y=-28 Z=0 FlatVerts=0 SlopeVerts=0
[+22:38:49.705] VoxelChunk: GenerateAsync (1,-28,1)
[+22:38:49.705] VoxelMesh: Chunk X=2 Y=-29 Z=0 FlatVerts=0 SlopeVerts=0
[+22:38:49.705] VoxelMesh: Chunk X=6 Y=-24 Z=4 FlatVerts=0 SlopeVerts=18
[+22:38:49.705] VoxelChunk: GenerateAsync (5,-30,1)
[+22:38:49.705] VoxelChunk: GenerateAsync (8,-21,1)
[+22:38:49.705] VoxelMesh: Chunk X=4 Y=-24 Z=4 FlatVerts=0 SlopeVerts=0
[+22:38:49.705] VoxelMesh: Chunk X=8 Y=-24 Z=3 FlatVerts=0 SlopeVerts=162
[+22:38:49.705] VoxelChunk: GenerateAsync (3,-22,3)
[+22:38:49.705] VoxelChunk: GenerateAsync (1,-23,2)
[+22:38:49.705] VoxelChunk: GenerateAsync (3,-25,4)
[+22:38:49.705] VoxelChunk: GenerateAsync (5,-27,4)
[+22:38:49.705] VoxelMesh: Chunk X=10 Y=-26 Z=0 FlatVerts=0 SlopeVerts=0
[+22:38:49.705] VoxelMesh: Chunk X=2 Y=-26 Z=3 FlatVerts=24 SlopeVerts=246
[+22:38:49.705] VoxelMesh: Chunk X=8 Y=-26 Z=3 FlatVerts=0 SlopeVerts=0
[+22:38:49.705] VoxelMesh: Chunk X=6 Y=-29 Z=2 FlatVerts=0 SlopeVerts=0
[+22:38:49.705] VoxelMesh: Chunk X=0 Y=-24 Z=0 FlatVerts=0 SlopeVerts=0
[+22:38:49.705] VoxelMesh: Chunk X=6 Y=-20 Z=0 FlatVerts=0 SlopeVerts=0
[+22:38:49.705] VoxelMesh: Chunk X=4 Y=-25 Z=4 FlatVerts=0 SlopeVerts=0
[+22:38:49.706] VoxelMesh: Chunk X=5 Y=-24 Z=4 FlatVerts=0 SlopeVerts=0
[+22:38:49.706] VoxelMesh: Chunk X=4 Y=-29 Z=2 FlatVerts=90 SlopeVerts=24
[+22:38:49.706] VoxelMesh: Chunk X=4 Y=-20 Z=0 FlatVerts=0 SlopeVerts=0
[+22:38:49.706] VoxelMesh: Chunk X=10 Y=-24 Z=0 FlatVerts=0 SlopeVerts=0
[+22:38:49.706] VoxelMesh: Chunk X=5 Y=-20 Z=1 FlatVerts=78 SlopeVerts=30
[+22:38:49.706] VoxelMesh: Chunk X=6 Y=-26 Z=4 FlatVerts=0 SlopeVerts=0
[+22:38:49.706] VoxelMesh: Chunk X=1 Y=-27 Z=2 FlatVerts=12 SlopeVerts=78
[+22:38:49.706] VoxelMesh: Chunk X=3 Y=-29 Z=2 FlatVerts=84 SlopeVerts=6
[+22:38:49.706] VoxelMesh: Chunk X=4 Y=-26 Z=4 FlatVerts=0 SlopeVerts=0
[+22:38:49.706] VoxelMesh: Chunk X=1 Y=-28 Z=1 FlatVerts=60 SlopeVerts=0
[+22:38:49.706] VoxelMesh: Chunk X=9 Y=-27 Z=2 FlatVerts=0 SlopeVerts=0
[+22:38:49.706] VoxelMesh: Chunk X=8 Y=-21 Z=1 FlatVerts=102 SlopeVerts=18
[+22:38:49.706] VoxelMesh: Chunk X=5 Y=-30 Z=1 FlatVerts=150 SlopeVerts=18
[+22:38:49.706] VoxelMesh: Chunk X=7 Y=-25 Z=4 FlatVerts=60 SlopeVerts=144
[+22:38:49.706] VoxelMesh: Chunk X=3 Y=-28 Z=3 FlatVerts=0 SlopeVerts=6
[+22:38:49.706] VoxelMesh: Chunk X=7 Y=-29 Z=2 FlatVerts=0 SlopeVerts=0
[+22:38:49.706] VoxelMesh: Chunk X=1 Y=-23 Z=2 FlatVerts=0 SlopeVerts=0
[+22:38:49.707] VoxelMesh: Chunk X=5 Y=-27 Z=4 FlatVerts=0 SlopeVerts=0
[+22:38:49.707] VoxelMesh: Chunk X=3 Y=-25 Z=4 FlatVerts=0 SlopeVerts=30
[+22:38:49.707] VoxelMesh: Chunk X=3 Y=-22 Z=3 FlatVerts=6 SlopeVerts=258
[+22:38:49.707] VoxelMesh: Chunk X=0 Y=-26 Z=0 FlatVerts=0 SlopeVerts=0
[+22:38:49.707] VoxelMesh: Chunk X=2 Y=-27 Z=-5 FlatVerts=0 SlopeVerts=0
[+22:38:49.708] VoxelChunk: GenerateAsync (8,-23,3)
[+22:38:49.710] VoxelMesh: Chunk X=8 Y=-27 Z=-5 FlatVerts=0 SlopeVerts=0
[+22:38:49.710] VoxelMesh: Chunk X=8 Y=-23 Z=3 FlatVerts=0 SlopeVerts=0
[+22:38:49.710] VoxelChunk: GenerateAsync (5,-23,4)
[+22:38:49.710] VoxelMesh: Chunk X=2 Y=-23 Z=-5 FlatVerts=960 SlopeVerts=432
[+22:38:49.711] VoxelChunk: GenerateAsync (10,-25,1)
[+22:38:49.713] VoxelMesh: Chunk X=5 Y=-23 Z=4 FlatVerts=0 SlopeVerts=0
[+22:38:49.713] VoxelMesh: Chunk X=10 Y=-25 Z=1 FlatVerts=960 SlopeVerts=432
[+22:38:49.713] VoxelMesh: Chunk X=8 Y=-23 Z=-5 FlatVerts=30 SlopeVerts=66
[+22:38:49.713] VoxelChunk: GenerateAsync (9,-23,2)
[+22:38:49.714] VoxelMesh: Chunk X=9 Y=-23 Z=2 FlatVerts=30 SlopeVerts=66
[+22:38:49.743] VoxelWater: Chunk X=9 Y=-25 Z=1 emitted 24 procedural water vertices (Ocean/Pools)
[+22:38:49.743] VoxelWater: Chunk X=5 Y=-29 Z=1 emitted 8 procedural water vertices (Ocean/Pools)
[+22:38:49.743] VoxelWater: Chunk X=8 Y=-25 Z=1 emitted 32 procedural water vertices (Ocean/Pools)
[+22:38:49.744] VoxelWater: Chunk X=5 Y=-23 Z=1 emitted 148 procedural water vertices (Ocean/Pools)
[+22:38:49.744] VoxelWater: Chunk X=6 Y=-23 Z=1 emitted 4 procedural water vertices (Ocean/Pools)
[+22:38:49.744] VoxelWater: Chunk X=6 Y=-24 Z=1 emitted 160 procedural water vertices (Ocean/Pools)
[+22:38:49.744] VoxelWater: Chunk X=4 Y=-24 Z=1 emitted 196 procedural water vertices (Ocean/Pools)
[+22:38:49.744] VoxelWater: Chunk X=5 Y=-24 Z=1 emitted 176 procedural water vertices (Ocean/Pools)
[+22:38:49.744] VoxelWater: Chunk X=8 Y=-27 Z=1 emitted 20 procedural water vertices (Ocean/Pools)
[+22:38:49.744] VoxelWater: Chunk X=9 Y=-27 Z=1 emitted 20 procedural water vertices (Ocean/Pools)
[+22:38:49.744] VoxelWater: Chunk X=6 Y=-26 Z=0 emitted 4 procedural water vertices (Ocean/Pools)
[+22:38:49.744] VoxelWater: Chunk X=6 Y=-26 Z=1 emitted 176 procedural water vertices (Ocean/Pools)
[+22:38:49.744] VoxelWater: Chunk X=7 Y=-26 Z=1 emitted 184 procedural water vertices (Ocean/Pools)
[+22:38:49.744] VoxelWater: Chunk X=7 Y=-26 Z=0 emitted 8 procedural water vertices (Ocean/Pools)
[+22:38:49.744] VoxelWater: Chunk X=5 Y=-21 Z=1 emitted 8 procedural water vertices (Ocean/Pools)
[+22:38:49.744] VoxelWater: Chunk X=4 Y=-26 Z=0 emitted 4 procedural water vertices (Ocean/Pools)
[+22:38:49.744] VoxelWater: Chunk X=4 Y=-26 Z=1 emitted 444 procedural water vertices (Ocean/Pools)
[+22:38:49.744] VoxelWater: Chunk X=5 Y=-26 Z=1 emitted 476 procedural water vertices (Ocean/Pools)
[+22:38:49.744] VoxelWater: Chunk X=1 Y=-25 Z=2 emitted 4 procedural water vertices (Ocean/Pools)
[+22:38:49.744] VoxelWater: Chunk X=4 Y=-25 Z=1 emitted 344 procedural water vertices (Ocean/Pools)
[+22:38:49.744] VoxelWater: Chunk X=5 Y=-25 Z=1 emitted 168 procedural water vertices (Ocean/Pools)
[+22:38:49.744] VoxelWater: Chunk X=6 Y=-28 Z=1 emitted 28 procedural water vertices (Ocean/Pools)
[+22:38:49.744] VoxelWater: Chunk X=6 Y=-28 Z=2 emitted 4 procedural water vertices (Ocean/Pools)
[+22:38:49.744] VoxelWater: Chunk X=5 Y=-21 Z=2 emitted 4 procedural water vertices (Ocean/Pools)
[+22:38:49.744] VoxelWater: Chunk X=4 Y=-26 Z=2 emitted 8 procedural water vertices (Ocean/Pools)
[+22:38:49.744] VoxelWater: Chunk X=4 Y=-25 Z=2 emitted 356 procedural water vertices (Ocean/Pools)
[+22:38:49.744] VoxelWater: Chunk X=4 Y=-25 Z=3 emitted 136 procedural water vertices (Ocean/Pools)
[+22:38:49.744] VoxelWater: Chunk X=3 Y=-25 Z=3 emitted 4 procedural water vertices (Ocean/Pools)
[+22:38:49.744] VoxelWater: Chunk X=5 Y=-25 Z=2 emitted 456 procedural water vertices (Ocean/Pools)
[+22:38:49.744] VoxelWater: Chunk X=3 Y=-25 Z=2 emitted 48 procedural water vertices (Ocean/Pools)
[+22:38:49.744] VoxelWater: Chunk X=4 Y=-24 Z=2 emitted 376 procedural water vertices (Ocean/Pools)
[+22:38:49.744] VoxelWater: Chunk X=4 Y=-24 Z=3 emitted 80 procedural water vertices (Ocean/Pools)
[+22:38:49.744] VoxelWater: Chunk X=3 Y=-24 Z=3 emitted 64 procedural water vertices (Ocean/Pools)
[+22:38:49.745] VoxelWater: Chunk X=5 Y=-24 Z=2 emitted 124 procedural water vertices (Ocean/Pools)
[+22:38:49.745] VoxelWater: Chunk X=5 Y=-26 Z=2 emitted 8 procedural water vertices (Ocean/Pools)
[+22:38:49.745] VoxelWater: Chunk X=5 Y=-25 Z=3 emitted 132 procedural water vertices (Ocean/Pools)
[+22:38:49.745] VoxelWater: Chunk X=6 Y=-25 Z=3 emitted 212 procedural water vertices (Ocean/Pools)
[+22:38:49.745] VoxelWater: Chunk X=6 Y=-25 Z=2 emitted 188 procedural water vertices (Ocean/Pools)
[+22:38:49.745] VoxelWater: Chunk X=2 Y=-25 Z=3 emitted 4 procedural water vertices (Ocean/Pools)
[+22:38:49.745] VoxelWater: Chunk X=5 Y=-24 Z=3 emitted 20 procedural water vertices (Ocean/Pools)
[+22:38:49.745] VoxelWater: Chunk X=6 Y=-24 Z=3 emitted 108 procedural water vertices (Ocean/Pools)
[+22:38:49.745] VoxelWater: Chunk X=7 Y=-27 Z=1 emitted 84 procedural water vertices (Ocean/Pools)
[+22:38:49.745] VoxelWater: Chunk X=6 Y=-27 Z=1 emitted 224 procedural water vertices (Ocean/Pools)
[+22:38:49.745] VoxelWater: Chunk X=6 Y=-26 Z=2 emitted 56 procedural water vertices (Ocean/Pools)
[+22:38:49.745] VoxelWater: Chunk X=6 Y=-26 Z=3 emitted 20 procedural water vertices (Ocean/Pools)
[+22:38:49.745] VoxelWater: Chunk X=3 Y=-23 Z=1 emitted 16 procedural water vertices (Ocean/Pools)
[+22:38:49.745] VoxelWater: Chunk X=6 Y=-25 Z=1 emitted 32 procedural water vertices (Ocean/Pools)
[+22:38:49.745] VoxelWater: Chunk X=7 Y=-25 Z=2 emitted 8 procedural water vertices (Ocean/Pools)
[+22:38:49.745] VoxelWater: Chunk X=6 Y=-24 Z=2 emitted 176 procedural water vertices (Ocean/Pools)
[+22:38:49.745] VoxelWater: Chunk X=3 Y=-28 Z=1 emitted 4 procedural water vertices (Ocean/Pools)
[+22:38:49.745] VoxelWater: Chunk X=5 Y=-26 Z=0 emitted 12 procedural water vertices (Ocean/Pools)
[+22:38:49.745] VoxelWater: Chunk X=7 Y=-25 Z=1 emitted 4 procedural water vertices (Ocean/Pools)
[+22:38:49.745] VoxelWater: Chunk X=3 Y=-29 Z=1 emitted 96 procedural water vertices (Ocean/Pools)
[+22:38:49.745] VoxelWater: Chunk X=3 Y=-23 Z=3 emitted 8 procedural water vertices (Ocean/Pools)
[+22:38:49.745] VoxelWater: Chunk X=4 Y=-23 Z=2 emitted 16 procedural water vertices (Ocean/Pools)
[+22:38:49.745] VoxelWater: Chunk X=3 Y=-24 Z=2 emitted 8 procedural water vertices (Ocean/Pools)
[+22:38:49.745] VoxelWater: Chunk X=8 Y=-26 Z=1 emitted 28 procedural water vertices (Ocean/Pools)
[+22:38:49.745] VoxelWater: Chunk X=4 Y=-23 Z=1 emitted 12 procedural water vertices (Ocean/Pools)
[+22:38:49.745] VoxelWater: Chunk X=8 Y=-24 Z=1 emitted 24 procedural water vertices (Ocean/Pools)
[+22:38:49.745] VoxelWater: Chunk X=4 Y=-27 Z=1 emitted 104 procedural water vertices (Ocean/Pools)
[+22:38:49.745] VoxelWater: Chunk X=3 Y=-26 Z=1 emitted 64 procedural water vertices (Ocean/Pools)
[+22:38:49.745] VoxelWater: Chunk X=4 Y=-22 Z=2 emitted 4 procedural water vertices (Ocean/Pools)
[+22:38:49.745] VoxelWater: Chunk X=5 Y=-27 Z=1 emitted 104 procedural water vertices (Ocean/Pools)
[+22:38:49.745] VoxelWater: Chunk X=8 Y=-24 Z=2 emitted 12 procedural water vertices (Ocean/Pools)
[+22:38:49.745] VoxelWater: Chunk X=7 Y=-26 Z=2 emitted 44 procedural water vertices (Ocean/Pools)
[+22:38:49.745] VoxelWater: Chunk X=5 Y=-23 Z=2 emitted 16 procedural water vertices (Ocean/Pools)
[+22:38:49.745] VoxelWater: Chunk X=5 Y=-22 Z=2 emitted 100 procedural water vertices (Ocean/Pools)
[+22:38:49.745] VoxelWater: Chunk X=7 Y=-24 Z=2 emitted 12 procedural water vertices (Ocean/Pools)
[+22:38:49.745] VoxelWater: Chunk X=5 Y=-22 Z=1 emitted 16 procedural water vertices (Ocean/Pools)
[+22:38:49.746] VoxelWater: Chunk X=5 Y=-27 Z=2 emitted 64 procedural water vertices (Ocean/Pools)
[+22:38:49.746] VoxelWater: Chunk X=5 Y=-28 Z=2 emitted 4 procedural water vertices (Ocean/Pools)
[+22:38:49.746] VoxelWater: Chunk X=6 Y=-27 Z=2 emitted 12 procedural water vertices (Ocean/Pools)
[+22:38:49.746] VoxelWater: Chunk X=5 Y=-28 Z=1 emitted 116 procedural water vertices (Ocean/Pools)
[+22:38:49.746] VoxelWater: Chunk X=3 Y=-26 Z=2 emitted 112 procedural water vertices (Ocean/Pools)
[+22:38:49.746] VoxelWater: Chunk X=4 Y=-27 Z=2 emitted 60 procedural water vertices (Ocean/Pools)
[+22:38:49.746] VoxelWater: Chunk X=6 Y=-22 Z=1 emitted 64 procedural water vertices (Ocean/Pools)
[+22:38:49.746] VoxelWater: Chunk X=6 Y=-25 Z=4 emitted 4 procedural water vertices (Ocean/Pools)
[+22:38:49.746] VoxelWater: Chunk X=2 Y=-24 Z=1 emitted 4 procedural water vertices (Ocean/Pools)
[+22:38:49.746] VoxelWater: Chunk X=3 Y=-23 Z=2 emitted 88 procedural water vertices (Ocean/Pools)
[+22:38:49.746] VoxelWater: Chunk X=2 Y=-23 Z=1 emitted 20 procedural water vertices (Ocean/Pools)
[+22:38:49.746] VoxelWater: Chunk X=8 Y=-23 Z=2 emitted 28 procedural water vertices (Ocean/Pools)
[+22:38:49.746] VoxelWater: Chunk X=2 Y=-23 Z=2 emitted 20 procedural water vertices (Ocean/Pools)
[+22:38:49.746] VoxelWater: Chunk X=7 Y=-24 Z=3 emitted 48 procedural water vertices (Ocean/Pools)
[+22:38:49.746] VoxelWater: Chunk X=4 Y=-23 Z=3 emitted 16 procedural water vertices (Ocean/Pools)
[+22:38:49.746] VoxelWater: Chunk X=4 Y=-21 Z=1 emitted 28 procedural water vertices (Ocean/Pools)
[+22:38:49.746] VoxelWater: Chunk X=1 Y=-24 Z=1 emitted 52 procedural water vertices (Ocean/Pools)
[+22:38:49.746] VoxelWater: Chunk X=9 Y=-26 Z=1 emitted 64 procedural water vertices (Ocean/Pools)
[+22:38:49.746] VoxelWater: Chunk X=2 Y=-24 Z=3 emitted 56 procedural water vertices (Ocean/Pools)
[+22:38:49.746] VoxelWater: Chunk X=3 Y=-26 Z=3 emitted 20 procedural water vertices (Ocean/Pools)
[+22:38:49.746] VoxelWater: Chunk X=6 Y=-29 Z=1 emitted 56 procedural water vertices (Ocean/Pools)
[+22:38:49.746] VoxelWater: Chunk X=4 Y=-29 Z=1 emitted 40 procedural water vertices (Ocean/Pools)
[+22:38:49.746] VoxelWater: Chunk X=4 Y=-21 Z=2 emitted 136 procedural water vertices (Ocean/Pools)
[+22:38:49.746] VoxelWater: Chunk X=4 Y=-29 Z=2 emitted 32 procedural water vertices (Ocean/Pools)
[+22:38:49.746] VoxelWater: Chunk X=1 Y=-24 Z=2 emitted 56 procedural water vertices (Ocean/Pools)
[+22:38:49.746] VoxelWater: Chunk X=9 Y=-26 Z=2 emitted 52 procedural water vertices (Ocean/Pools)
[+22:38:49.746] VoxelWater: Chunk X=6 Y=-21 Z=2 emitted 120 procedural water vertices (Ocean/Pools)
[+22:38:49.746] VoxelWater: Chunk X=5 Y=-20 Z=1 emitted 12 procedural water vertices (Ocean/Pools)
[+22:38:49.746] VoxelWater: Chunk X=7 Y=-25 Z=4 emitted 44 procedural water vertices (Ocean/Pools)
[+22:38:49.746] VoxelWater: Chunk X=1 Y=-27 Z=2 emitted 20 procedural water vertices (Ocean/Pools)
[+22:38:49.746] VoxelWater: Chunk X=2 Y=-28 Z=1 emitted 12 procedural water vertices (Ocean/Pools)
[+22:38:49.746] VoxelWater: Chunk X=1 Y=-28 Z=1 emitted 12 procedural water vertices (Ocean/Pools)
[+22:38:49.746] VoxelWater: Chunk X=5 Y=-30 Z=1 emitted 12 procedural water vertices (Ocean/Pools)
[+22:38:49.746] VoxelWater: Chunk X=3 Y=-22 Z=2 emitted 8 procedural water vertices (Ocean/Pools)
[+22:38:49.746] VoxelWater: Chunk X=3 Y=-22 Z=3 emitted 56 procedural water vertices (Ocean/Pools)
[+22:38:49.762] VoxelMesh: Chunk X=3 Y=-28 Z=-5 FlatVerts=30 SlopeVerts=36
[+22:38:49.762] VoxelChunk: GenerateAsync (2,-21,1)
[+22:38:49.763] VoxelMesh: Chunk X=2 Y=-21 Z=1 FlatVerts=30 SlopeVerts=36
[+22:38:49.764] VoxelMesh: Chunk X=3 Y=-22 Z=-5 FlatVerts=0 SlopeVerts=0
[+22:38:49.764] VoxelChunk: GenerateAsync (7,-28,3)
[+22:38:49.765] VoxelMesh: Chunk X=7 Y=-22 Z=-5 FlatVerts=0 SlopeVerts=0
[+22:38:49.766] VoxelChunk: GenerateAsync (7,-28,-5)
[+22:38:49.766] VoxelMesh: Chunk X=7 Y=-28 Z=3 FlatVerts=0 SlopeVerts=0
[+22:38:49.768] VoxelMesh: Chunk X=7 Y=-28 Z=-5 FlatVerts=0 SlopeVerts=0
[+22:38:49.768] VoxelMesh: Chunk X=4 Y=-22 Z=-5 FlatVerts=0 SlopeVerts=906
[+22:38:49.768] VoxelChunk: GenerateAsync (2,-23,3)
[+22:38:49.770] VoxelMesh: Chunk X=2 Y=-23 Z=3 FlatVerts=0 SlopeVerts=906
[+22:38:49.783] VoxelMesh: Chunk X=0 Y=0 Z=0 FlatVerts=60 SlopeVerts=29712
[+22:38:49.808] VoxelChunk: GenerateAsync (0,-2,3)
[+22:38:49.809] VoxelMesh: Chunk X=0 Y=-2 Z=3 FlatVerts=66 SlopeVerts=4050
[+22:38:49.810] VoxelMesh: Chunk X=8 Y=-22 Z=-4 FlatVerts=0 SlopeVerts=0
[+22:38:49.810] VoxelChunk: GenerateAsync (7,-22,3)
[+22:38:49.810] VoxelMesh: Chunk X=8 Y=-28 Z=-4 FlatVerts=264 SlopeVerts=1392
[+22:38:49.812] VoxelMesh: Chunk X=7 Y=-22 Z=3 FlatVerts=0 SlopeVerts=0
[+22:38:49.812] VoxelChunk: GenerateAsync (2,-27,3)
[+22:38:49.812] VoxelMesh: Chunk X=2 Y=-22 Z=-4 FlatVerts=0 SlopeVerts=0
[+22:38:49.812] VoxelMesh: Chunk X=2 Y=-27 Z=3 FlatVerts=264 SlopeVerts=1392
[+22:38:49.812] VoxelChunk: GenerateAsync (8,-27,3)
[+22:38:49.813] VoxelMesh: Chunk X=2 Y=-28 Z=-4 FlatVerts=534 SlopeVerts=54
[+22:38:49.813] VoxelMesh: Chunk X=8 Y=-27 Z=3 FlatVerts=0 SlopeVerts=0
[+22:38:49.813] VoxelChunk: GenerateAsync (1,-22,1)
[+22:38:49.813] VoxelMesh: Chunk X=1 Y=-22 Z=1 FlatVerts=534 SlopeVerts=54
[+22:38:49.832] VoxelMesh: Chunk X=0 Y=0 Z=0 FlatVerts=3072 SlopeVerts=18804
[+22:38:49.833] VoxelChunk: GenerateAsync (2,-29,1)
[+22:38:49.836] VoxelMesh: Chunk X=2 Y=-29 Z=1 FlatVerts=2106 SlopeVerts=630
[+22:38:49.839] VoxelMesh: Chunk X=0 Y=0 Z=0 FlatVerts=6768 SlopeVerts=9582
[+22:38:49.841] VoxelChunk: GenerateAsync (0,-25,1)
[+22:38:49.846] VoxelMesh: Chunk X=0 Y=-25 Z=1 FlatVerts=36 SlopeVerts=756
[+22:38:49.848] VoxelMesh: Chunk X=0 Y=0 Z=0 FlatVerts=7476 SlopeVerts=0
[+22:38:49.850] VoxelChunk: GenerateAsync (9,-22,1)
[+22:38:49.851] VoxelMesh: Chunk X=9 Y=-22 Z=1 FlatVerts=1836 SlopeVerts=0
[+22:38:49.854] VoxelMesh: Chunk X=0 Y=0 Z=0 FlatVerts=6954 SlopeVerts=2424
[+22:38:49.856] VoxelChunk: GenerateAsync (8,-29,1)
[+22:38:49.857] VoxelMesh: Chunk X=8 Y=-29 Z=1 FlatVerts=1800 SlopeVerts=0
[+22:38:49.874] VoxelMesh: Chunk X=0 Y=0 Z=0 FlatVerts=0 SlopeVerts=0
[+22:38:49.875] VoxelChunk: GenerateAsync (7,-21,2)
[+22:38:49.878] VoxelMesh: Chunk X=7 Y=-21 Z=2 FlatVerts=210 SlopeVerts=1062
[+22:38:49.880] VoxelMesh: Chunk X=0 Y=0 Z=0 FlatVerts=4434 SlopeVerts=9504
[+22:38:49.881] VoxelChunk: GenerateAsync (9,-28,1)
[+22:38:49.884] VoxelMesh: Chunk X=9 Y=-28 Z=1 FlatVerts=1794 SlopeVerts=0
[+22:38:49.888] VoxelMesh: Chunk X=0 Y=0 Z=0 FlatVerts=456 SlopeVerts=27792
[+22:38:49.892] VoxelChunk: GenerateAsync (3,-21,2)
[+22:38:49.893] VoxelMesh: Chunk X=3 Y=-21 Z=2 FlatVerts=414 SlopeVerts=5124
[+22:38:49.895] VoxelMesh: Chunk X=0 Y=0 Z=0 FlatVerts=6270 SlopeVerts=2232
[+22:38:49.896] VoxelChunk: GenerateAsync (10,-23,0)
[+22:38:49.897] VoxelMesh: Chunk X=10 Y=-23 Z=0 FlatVerts=0 SlopeVerts=0
[+22:38:49.916] VoxelMesh: Chunk X=0 Y=0 Z=0 FlatVerts=60 SlopeVerts=35088
[+22:38:49.945] VoxelChunk: GenerateAsync (3,-2,3)
[+22:38:49.946] VoxelMesh: Chunk X=3 Y=-2 Z=3 FlatVerts=0 SlopeVerts=0
[+22:38:49.952] VoxelMesh: Chunk X=0 Y=0 Z=0 FlatVerts=2250 SlopeVerts=2610
[+22:38:49.952] VoxelChunk: GenerateAsync (7,-30,0)
[+22:38:49.953] VoxelMesh: Chunk X=7 Y=-30 Z=0 FlatVerts=0 SlopeVerts=0
[+22:38:49.958] VoxelMesh: Chunk X=0 Y=0 Z=0 FlatVerts=3114 SlopeVerts=10464
[+22:38:49.959] VoxelChunk: GenerateAsync (10,-24,1)
[+22:38:49.959] VoxelMesh: Chunk X=10 Y=-24 Z=1 FlatVerts=1470 SlopeVerts=522
[+22:38:49.965] VoxelMesh: Chunk X=0 Y=0 Z=0 FlatVerts=0 SlopeVerts=0
[+22:38:49.966] VoxelChunk: GenerateAsync (4,-23,4)
[+22:38:49.968] VoxelMesh: Chunk X=4 Y=-23 Z=4 FlatVerts=0 SlopeVerts=42
[+22:38:49.971] VoxelMesh: Chunk X=0 Y=0 Z=0 FlatVerts=192 SlopeVerts=534
[+22:38:49.971] VoxelChunk: GenerateAsync (3,-20,0)
[+22:38:49.972] VoxelMesh: Chunk X=3 Y=-20 Z=0 FlatVerts=0 SlopeVerts=0
[+22:38:49.999] VoxelWater: Chunk X=9 Y=-25 Z=1 emitted 28 procedural water vertices (Ocean/Pools)
[+22:38:49.999] VoxelWater: Chunk X=5 Y=-29 Z=1 emitted 20 procedural water vertices (Ocean/Pools)
[+22:38:49.999] VoxelWater: Chunk X=8 Y=-25 Z=1 emitted 32 procedural water vertices (Ocean/Pools)
[+22:38:49.999] VoxelWater: Chunk X=5 Y=-23 Z=1 emitted 172 procedural water vertices (Ocean/Pools)
[+22:38:50.000] VoxelWater: Chunk X=6 Y=-23 Z=1 emitted 4 procedural water vertices (Ocean/Pools)
[+22:38:50.000] VoxelWater: Chunk X=6 Y=-24 Z=1 emitted 168 procedural water vertices (Ocean/Pools)
[+22:38:50.000] VoxelWater: Chunk X=4 Y=-24 Z=1 emitted 212 procedural water vertices (Ocean/Pools)
[+22:38:50.000] VoxelWater: Chunk X=5 Y=-24 Z=1 emitted 176 procedural water vertices (Ocean/Pools)
[+22:38:50.000] VoxelWater: Chunk X=8 Y=-27 Z=1 emitted 24 procedural water vertices (Ocean/Pools)
[+22:38:50.000] VoxelWater: Chunk X=9 Y=-27 Z=1 emitted 28 procedural water vertices (Ocean/Pools)
[+22:38:50.000] VoxelWater: Chunk X=6 Y=-26 Z=0 emitted 4 procedural water vertices (Ocean/Pools)
[+22:38:50.000] VoxelWater: Chunk X=6 Y=-26 Z=1 emitted 176 procedural water vertices (Ocean/Pools)
[+22:38:50.000] VoxelWater: Chunk X=7 Y=-26 Z=1 emitted 208 procedural water vertices (Ocean/Pools)
[+22:38:50.000] VoxelWater: Chunk X=7 Y=-26 Z=0 emitted 8 procedural water vertices (Ocean/Pools)
[+22:38:50.000] VoxelWater: Chunk X=5 Y=-21 Z=1 emitted 8 procedural water vertices (Ocean/Pools)
[+22:38:50.000] VoxelWater: Chunk X=4 Y=-26 Z=0 emitted 4 procedural water vertices (Ocean/Pools)
[+22:38:50.000] VoxelWater: Chunk X=4 Y=-26 Z=1 emitted 488 procedural water vertices (Ocean/Pools)
[+22:38:50.000] VoxelWater: Chunk X=5 Y=-26 Z=1 emitted 500 procedural water vertices (Ocean/Pools)
[+22:38:50.000] VoxelWater: Chunk X=1 Y=-25 Z=2 emitted 4 procedural water vertices (Ocean/Pools)
[+22:38:50.000] VoxelWater: Chunk X=4 Y=-25 Z=1 emitted 360 procedural water vertices (Ocean/Pools)
[+22:38:50.000] VoxelWater: Chunk X=5 Y=-25 Z=1 emitted 172 procedural water vertices (Ocean/Pools)
[+22:38:50.001] VoxelWater: Chunk X=6 Y=-28 Z=1 emitted 40 procedural water vertices (Ocean/Pools)
[+22:38:50.001] VoxelWater: Chunk X=6 Y=-28 Z=2 emitted 4 procedural water vertices (Ocean/Pools)
[+22:38:50.001] VoxelWater: Chunk X=5 Y=-21 Z=2 emitted 4 procedural water vertices (Ocean/Pools)
[+22:38:50.001] VoxelWater: Chunk X=4 Y=-26 Z=2 emitted 8 procedural water vertices (Ocean/Pools)
[+22:38:50.001] VoxelWater: Chunk X=4 Y=-25 Z=2 emitted 348 procedural water vertices (Ocean/Pools)
[+22:38:50.001] VoxelWater: Chunk X=4 Y=-25 Z=3 emitted 136 procedural water vertices (Ocean/Pools)
[+22:38:50.001] VoxelWater: Chunk X=3 Y=-25 Z=3 emitted 4 procedural water vertices (Ocean/Pools)
[+22:38:50.001] VoxelWater: Chunk X=5 Y=-25 Z=2 emitted 468 procedural water vertices (Ocean/Pools)
[+22:38:50.001] VoxelWater: Chunk X=3 Y=-25 Z=2 emitted 48 procedural water vertices (Ocean/Pools)
[+22:38:50.001] VoxelWater: Chunk X=4 Y=-24 Z=2 emitted 380 procedural water vertices (Ocean/Pools)
[+22:38:50.001] VoxelWater: Chunk X=4 Y=-24 Z=3 emitted 80 procedural water vertices (Ocean/Pools)
[+22:38:50.001] VoxelWater: Chunk X=3 Y=-24 Z=3 emitted 68 procedural water vertices (Ocean/Pools)
[+22:38:50.001] VoxelWater: Chunk X=5 Y=-24 Z=2 emitted 124 procedural water vertices (Ocean/Pools)
[+22:38:50.001] VoxelWater: Chunk X=5 Y=-26 Z=2 emitted 8 procedural water vertices (Ocean/Pools)
[+22:38:50.001] VoxelWater: Chunk X=5 Y=-25 Z=3 emitted 132 procedural water vertices (Ocean/Pools)
[+22:38:50.001] VoxelWater: Chunk X=6 Y=-25 Z=3 emitted 212 procedural water vertices (Ocean/Pools)
[+22:38:50.001] VoxelWater: Chunk X=6 Y=-25 Z=2 emitted 184 procedural water vertices (Ocean/Pools)
[+22:38:50.001] VoxelWater: Chunk X=2 Y=-25 Z=3 emitted 4 procedural water vertices (Ocean/Pools)
[+22:38:50.001] VoxelWater: Chunk X=5 Y=-24 Z=3 emitted 20 procedural water vertices (Ocean/Pools)
[+22:38:50.001] VoxelWater: Chunk X=6 Y=-24 Z=3 emitted 104 procedural water vertices (Ocean/Pools)
[+22:38:50.001] VoxelWater: Chunk X=7 Y=-27 Z=1 emitted 92 procedural water vertices (Ocean/Pools)
[+22:38:50.001] VoxelWater: Chunk X=6 Y=-27 Z=1 emitted 248 procedural water vertices (Ocean/Pools)
[+22:38:50.001] VoxelWater: Chunk X=6 Y=-26 Z=2 emitted 56 procedural water vertices (Ocean/Pools)
[+22:38:50.001] VoxelWater: Chunk X=6 Y=-26 Z=3 emitted 20 procedural water vertices (Ocean/Pools)
[+22:38:50.001] VoxelWater: Chunk X=3 Y=-23 Z=1 emitted 20 procedural water vertices (Ocean/Pools)
[+22:38:50.001] VoxelWater: Chunk X=6 Y=-25 Z=1 emitted 32 procedural water vertices (Ocean/Pools)
[+22:38:50.001] VoxelWater: Chunk X=7 Y=-25 Z=2 emitted 12 procedural water vertices (Ocean/Pools)
[+22:38:50.001] VoxelWater: Chunk X=6 Y=-24 Z=2 emitted 192 procedural water vertices (Ocean/Pools)
[+22:38:50.001] VoxelWater: Chunk X=3 Y=-28 Z=1 emitted 4 procedural water vertices (Ocean/Pools)
[+22:38:50.001] VoxelWater: Chunk X=5 Y=-26 Z=0 emitted 12 procedural water vertices (Ocean/Pools)
[+22:38:50.001] VoxelWater: Chunk X=7 Y=-25 Z=1 emitted 4 procedural water vertices (Ocean/Pools)
[+22:38:50.001] VoxelWater: Chunk X=3 Y=-29 Z=1 emitted 100 procedural water vertices (Ocean/Pools)
[+22:38:50.002] VoxelWater: Chunk X=3 Y=-23 Z=3 emitted 8 procedural water vertices (Ocean/Pools)
[+22:38:50.002] VoxelWater: Chunk X=4 Y=-23 Z=2 emitted 16 procedural water vertices (Ocean/Pools)
[+22:38:50.002] VoxelWater: Chunk X=3 Y=-24 Z=2 emitted 8 procedural water vertices (Ocean/Pools)
[+22:38:50.002] VoxelWater: Chunk X=8 Y=-26 Z=1 emitted 32 procedural water vertices (Ocean/Pools)
[+22:38:50.002] VoxelWater: Chunk X=4 Y=-23 Z=1 emitted 12 procedural water vertices (Ocean/Pools)
[+22:38:50.002] VoxelWater: Chunk X=8 Y=-24 Z=1 emitted 28 procedural water vertices (Ocean/Pools)
[+22:38:50.002] VoxelWater: Chunk X=4 Y=-27 Z=1 emitted 116 procedural water vertices (Ocean/Pools)
[+22:38:50.002] VoxelWater: Chunk X=3 Y=-26 Z=1 emitted 84 procedural water vertices (Ocean/Pools)
[+22:38:50.002] VoxelWater: Chunk X=4 Y=-22 Z=2 emitted 4 procedural water vertices (Ocean/Pools)
[+22:38:50.002] VoxelWater: Chunk X=5 Y=-27 Z=1 emitted 112 procedural water vertices (Ocean/Pools)
[+22:38:50.002] VoxelWater: Chunk X=5 Y=-28 Z=1 emitted 136 procedural water vertices (Ocean/Pools)
[+22:38:50.002] VoxelWater: Chunk X=8 Y=-24 Z=2 emitted 16 procedural water vertices (Ocean/Pools)
[+22:38:50.002] VoxelWater: Chunk X=7 Y=-24 Z=2 emitted 20 procedural water vertices (Ocean/Pools)
[+22:38:50.002] VoxelWater: Chunk X=7 Y=-26 Z=2 emitted 44 procedural water vertices (Ocean/Pools)
[+22:38:50.002] VoxelWater: Chunk X=5 Y=-23 Z=2 emitted 16 procedural water vertices (Ocean/Pools)
[+22:38:50.002] VoxelWater: Chunk X=5 Y=-22 Z=2 emitted 104 procedural water vertices (Ocean/Pools)
[+22:38:50.002] VoxelWater: Chunk X=5 Y=-22 Z=1 emitted 24 procedural water vertices (Ocean/Pools)
[+22:38:50.002] VoxelWater: Chunk X=6 Y=-22 Z=2 emitted 4 procedural water vertices (Ocean/Pools)
[+22:38:50.002] VoxelWater: Chunk X=5 Y=-27 Z=2 emitted 64 procedural water vertices (Ocean/Pools)
[+22:38:50.002] VoxelWater: Chunk X=5 Y=-28 Z=2 emitted 4 procedural water vertices (Ocean/Pools)
[+22:38:50.002] VoxelWater: Chunk X=6 Y=-27 Z=2 emitted 12 procedural water vertices (Ocean/Pools)
[+22:38:50.002] VoxelWater: Chunk X=3 Y=-26 Z=2 emitted 124 procedural water vertices (Ocean/Pools)
[+22:38:50.002] VoxelWater: Chunk X=4 Y=-27 Z=2 emitted 64 procedural water vertices (Ocean/Pools)
[+22:38:50.002] VoxelWater: Chunk X=6 Y=-22 Z=1 emitted 64 procedural water vertices (Ocean/Pools)
[+22:38:50.002] VoxelWater: Chunk X=6 Y=-25 Z=4 emitted 4 procedural water vertices (Ocean/Pools)
[+22:38:50.002] VoxelWater: Chunk X=8 Y=-26 Z=2 emitted 4 procedural water vertices (Ocean/Pools)
[+22:38:50.002] VoxelWater: Chunk X=2 Y=-24 Z=1 emitted 4 procedural water vertices (Ocean/Pools)
[+22:38:50.002] VoxelWater: Chunk X=3 Y=-23 Z=2 emitted 92 procedural water vertices (Ocean/Pools)
[+22:38:50.002] VoxelWater: Chunk X=2 Y=-23 Z=1 emitted 20 procedural water vertices (Ocean/Pools)
[+22:38:50.002] VoxelWater: Chunk X=3 Y=-22 Z=2 emitted 32 procedural water vertices (Ocean/Pools)
[+22:38:50.002] VoxelWater: Chunk X=8 Y=-23 Z=2 emitted 28 procedural water vertices (Ocean/Pools)
[+22:38:50.002] VoxelWater: Chunk X=2 Y=-28 Z=1 emitted 16 procedural water vertices (Ocean/Pools)
[+22:38:50.002] VoxelWater: Chunk X=2 Y=-23 Z=2 emitted 20 procedural water vertices (Ocean/Pools)
[+22:38:50.002] VoxelWater: Chunk X=7 Y=-24 Z=3 emitted 48 procedural water vertices (Ocean/Pools)
[+22:38:50.002] VoxelWater: Chunk X=4 Y=-23 Z=3 emitted 16 procedural water vertices (Ocean/Pools)
[+22:38:50.002] VoxelWater: Chunk X=4 Y=-21 Z=1 emitted 28 procedural water vertices (Ocean/Pools)
[+22:38:50.002] VoxelWater: Chunk X=1 Y=-24 Z=1 emitted 56 procedural water vertices (Ocean/Pools)
[+22:38:50.002] VoxelWater: Chunk X=9 Y=-26 Z=1 emitted 76 procedural water vertices (Ocean/Pools)
[+22:38:50.002] VoxelWater: Chunk X=2 Y=-24 Z=3 emitted 60 procedural water vertices (Ocean/Pools)
[+22:38:50.002] VoxelWater: Chunk X=3 Y=-26 Z=3 emitted 20 procedural water vertices (Ocean/Pools)
[+22:38:50.002] VoxelWater: Chunk X=6 Y=-29 Z=1 emitted 56 procedural water vertices (Ocean/Pools)
[+22:38:50.002] VoxelWater: Chunk X=4 Y=-29 Z=1 emitted 44 procedural water vertices (Ocean/Pools)
[+22:38:50.002] VoxelWater: Chunk X=2 Y=-23 Z=3 emitted 12 procedural water vertices (Ocean/Pools)
[+22:38:50.002] VoxelWater: Chunk X=4 Y=-21 Z=2 emitted 148 procedural water vertices (Ocean/Pools)
[+22:38:50.002] VoxelWater: Chunk X=3 Y=-21 Z=2 emitted 88 procedural water vertices (Ocean/Pools)
[+22:38:50.002] VoxelWater: Chunk X=4 Y=-29 Z=2 emitted 32 procedural water vertices (Ocean/Pools)
[+22:38:50.002] VoxelWater: Chunk X=3 Y=-29 Z=2 emitted 4 procedural water vertices (Ocean/Pools)
[+22:38:50.002] VoxelWater: Chunk X=1 Y=-24 Z=2 emitted 56 procedural water vertices (Ocean/Pools)
[+22:38:50.002] VoxelWater: Chunk X=9 Y=-26 Z=2 emitted 52 procedural water vertices (Ocean/Pools)
[+22:38:50.002] VoxelWater: Chunk X=6 Y=-21 Z=1 emitted 8 procedural water vertices (Ocean/Pools)
[+22:38:50.002] VoxelWater: Chunk X=6 Y=-21 Z=2 emitted 120 procedural water vertices (Ocean/Pools)
[+22:38:50.002] VoxelWater: Chunk X=5 Y=-20 Z=1 emitted 20 procedural water vertices (Ocean/Pools)
[+22:38:50.002] VoxelWater: Chunk X=7 Y=-25 Z=3 emitted 8 procedural water vertices (Ocean/Pools)
[+22:38:50.002] VoxelWater: Chunk X=7 Y=-25 Z=4 emitted 68 procedural water vertices (Ocean/Pools)
[+22:38:50.002] VoxelWater: Chunk X=1 Y=-27 Z=2 emitted 36 procedural water vertices (Ocean/Pools)
[+22:38:50.002] VoxelWater: Chunk X=1 Y=-28 Z=1 emitted 28 procedural water vertices (Ocean/Pools)
[+22:38:50.003] VoxelWater: Chunk X=5 Y=-30 Z=1 emitted 20 procedural water vertices (Ocean/Pools)
[+22:38:50.003] VoxelWater: Chunk X=3 Y=-22 Z=3 emitted 72 procedural water vertices (Ocean/Pools)
[+22:38:50.003] VoxelWater: Chunk X=10 Y=-25 Z=1 emitted 12 procedural water vertices (Ocean/Pools)
[+22:38:50.003] VoxelWater: Chunk X=2 Y=-29 Z=1 emitted 44 procedural water vertices (Ocean/Pools)
[+22:38:50.003] VoxelWater: Chunk X=9 Y=-22 Z=1 emitted 36 procedural water vertices (Ocean/Pools)
[+22:38:50.003] VoxelWater: Chunk X=8 Y=-29 Z=1 emitted 24 procedural water vertices (Ocean/Pools)
[+22:38:50.003] VoxelWater: Chunk X=7 Y=-21 Z=2 emitted 8 procedural water vertices (Ocean/Pools)
[+22:38:50.003] VoxelWater: Chunk X=9 Y=-28 Z=1 emitted 12 procedural water vertices (Ocean/Pools)
[+22:38:50.019] VoxelMesh: Chunk X=0 Y=0 Z=0 FlatVerts=5892 SlopeVerts=5352
[+22:38:50.021] VoxelChunk: GenerateAsync (6,-20,1)
[+22:38:50.022] VoxelMesh: Chunk X=6 Y=-20 Z=1 FlatVerts=318 SlopeVerts=390
[+22:38:50.030] VoxelMesh: Chunk X=0 Y=0 Z=0 FlatVerts=0 SlopeVerts=7386
[+22:38:50.032] VoxelChunk: GenerateAsync (7,-26,4)
[+22:38:50.034] VoxelMesh: Chunk X=7 Y=-26 Z=4 FlatVerts=0 SlopeVerts=0
[+22:38:50.036] VoxelMesh: Chunk X=0 Y=0 Z=0 FlatVerts=5550 SlopeVerts=4734
[+22:38:50.038] VoxelChunk: GenerateAsync (3,-30,0)
[+22:38:50.040] VoxelMesh: Chunk X=3 Y=-30 Z=0 FlatVerts=0 SlopeVerts=0
[+22:38:50.042] VoxelMesh: Chunk X=0 Y=0 Z=0 FlatVerts=7008 SlopeVerts=2958
[+22:38:50.044] VoxelChunk: GenerateAsync (0,-27,0)
[+22:38:50.046] VoxelMesh: Chunk X=0 Y=-27 Z=0 FlatVerts=0 SlopeVerts=0
[+22:38:50.061] VoxelMesh: Chunk X=0 Y=0 Z=0 FlatVerts=0 SlopeVerts=0
[+22:38:50.062] VoxelChunk: GenerateAsync (-2,-1,3)
[+22:38:50.064] VoxelMesh: Chunk X=-2 Y=-1 Z=3 FlatVerts=66 SlopeVerts=4182
[+22:38:50.080] VoxelMesh: Chunk X=0 Y=0 Z=0 FlatVerts=0 SlopeVerts=0
[+22:38:50.080] VoxelChunk: GenerateAsync (6,-23,4)
[+22:38:50.083] VoxelMesh: Chunk X=6 Y=-23 Z=4 FlatVerts=0 SlopeVerts=0
[+22:38:50.084] VoxelMesh: Chunk X=0 Y=0 Z=0 FlatVerts=7056 SlopeVerts=2520
[+22:38:50.086] VoxelChunk: GenerateAsync (7,-20,0)
[+22:38:50.088] VoxelMesh: Chunk X=7 Y=-20 Z=0 FlatVerts=0 SlopeVerts=0
[+22:38:50.092] VoxelMesh: Chunk X=0 Y=0 Z=0 FlatVerts=4794 SlopeVerts=12948
[+22:38:50.095] VoxelChunk: GenerateAsync (0,-24,1)
[+22:38:50.098] VoxelMesh: Chunk X=0 Y=-24 Z=1 FlatVerts=1512 SlopeVerts=714
[+22:38:50.103] VoxelMesh: Chunk X=0 Y=0 Z=0 FlatVerts=0 SlopeVerts=0
[+22:38:50.103] VoxelChunk: GenerateAsync (3,-24,4)
[+22:38:50.105] VoxelMesh: Chunk X=3 Y=-24 Z=4 FlatVerts=18 SlopeVerts=3282
[+22:38:50.122] VoxelMesh: Chunk X=0 Y=0 Z=0 FlatVerts=0 SlopeVerts=0
[+22:38:50.123] VoxelChunk: GenerateAsync (4,-27,4)
[+22:38:50.125] VoxelMesh: Chunk X=4 Y=-27 Z=4 FlatVerts=0 SlopeVerts=0
[+22:38:50.129] VoxelMesh: Chunk X=0 Y=0 Z=0 FlatVerts=0 SlopeVerts=0
[+22:38:50.130] VoxelChunk: GenerateAsync (3,-26,4)
[+22:38:50.132] VoxelMesh: Chunk X=3 Y=-26 Z=4 FlatVerts=0 SlopeVerts=6
[+22:38:50.134] VoxelMesh: Chunk X=0 Y=0 Z=0 FlatVerts=3546 SlopeVerts=1344
[+22:38:50.135] VoxelChunk: GenerateAsync (0,-23,0)
[+22:38:50.136] VoxelMesh: Chunk X=0 Y=-23 Z=0 FlatVerts=0 SlopeVerts=0
[+22:38:50.141] VoxelMesh: Chunk X=0 Y=0 Z=0 FlatVerts=12 SlopeVerts=1098
[+22:38:50.143] VoxelChunk: GenerateAsync (7,-24,4)
[+22:38:50.144] VoxelMesh: Chunk X=7 Y=-24 Z=4 FlatVerts=306 SlopeVerts=1320
[+22:38:50.158] VoxelMesh: Chunk X=0 Y=0 Z=0 FlatVerts=126 SlopeVerts=33546
[+22:38:50.190] VoxelChunk: GenerateAsync (0,-3,2)
[+22:38:50.192] VoxelMesh: Chunk X=0 Y=-3 Z=2 FlatVerts=0 SlopeVerts=4014
[+22:38:50.200] VoxelMesh: Chunk X=0 Y=0 Z=0 FlatVerts=246 SlopeVerts=8844
[+22:38:50.201] VoxelChunk: GenerateAsync (10,-26,1)
[+22:38:50.202] VoxelMesh: Chunk X=10 Y=-26 Z=1 FlatVerts=1344 SlopeVerts=1476
[+22:38:50.205] VoxelMesh: Chunk X=0 Y=0 Z=0 FlatVerts=1950 SlopeVerts=21642
[+22:38:50.207] VoxelChunk: GenerateAsync (4,-20,1)
[+22:38:50.208] VoxelMesh: Chunk X=4 Y=-20 Z=1 FlatVerts=2280 SlopeVerts=1056
[+22:38:50.213] VoxelMesh: Chunk X=0 Y=0 Z=0 FlatVerts=0 SlopeVerts=0
[+22:38:50.214] VoxelChunk: GenerateAsync (6,-27,4)
[+22:38:50.216] VoxelMesh: Chunk X=6 Y=-27 Z=4 FlatVerts=0 SlopeVerts=0
[+22:38:50.218] VoxelMesh: Chunk X=0 Y=0 Z=0 FlatVerts=318 SlopeVerts=6360
[+22:38:50.219] VoxelChunk: GenerateAsync (6,-30,1)
[+22:38:50.220] VoxelMesh: Chunk X=6 Y=-30 Z=1 FlatVerts=2070 SlopeVerts=1194
[+22:38:50.251] VoxelWater: Chunk X=9 Y=-26 Z=1 emitted 92 procedural water vertices (Ocean/Pools)
[+22:38:50.251] VoxelWater: Chunk X=9 Y=-25 Z=1 emitted 28 procedural water vertices (Ocean/Pools)
[+22:38:50.251] VoxelWater: Chunk X=5 Y=-29 Z=1 emitted 20 procedural water vertices (Ocean/Pools)
[+22:38:50.251] VoxelWater: Chunk X=8 Y=-25 Z=1 emitted 32 procedural water vertices (Ocean/Pools)
[+22:38:50.251] VoxelWater: Chunk X=5 Y=-23 Z=1 emitted 192 procedural water vertices (Ocean/Pools)
[+22:38:50.251] VoxelWater: Chunk X=6 Y=-23 Z=1 emitted 8 procedural water vertices (Ocean/Pools)
[+22:38:50.251] VoxelWater: Chunk X=7 Y=-25 Z=3 emitted 16 procedural water vertices (Ocean/Pools)
[+22:38:50.251] VoxelWater: Chunk X=6 Y=-24 Z=1 emitted 184 procedural water vertices (Ocean/Pools)
[+22:38:50.251] VoxelWater: Chunk X=5 Y=-24 Z=1 emitted 192 procedural water vertices (Ocean/Pools)
[+22:38:50.251] VoxelWater: Chunk X=7 Y=-24 Z=1 emitted 4 procedural water vertices (Ocean/Pools)
[+22:38:50.251] VoxelWater: Chunk X=4 Y=-24 Z=1 emitted 232 procedural water vertices (Ocean/Pools)
[+22:38:50.251] VoxelWater: Chunk X=8 Y=-27 Z=1 emitted 32 procedural water vertices (Ocean/Pools)
[+22:38:50.251] VoxelWater: Chunk X=9 Y=-27 Z=1 emitted 32 procedural water vertices (Ocean/Pools)
[+22:38:50.251] VoxelWater: Chunk X=6 Y=-26 Z=0 emitted 4 procedural water vertices (Ocean/Pools)
[+22:38:50.251] VoxelWater: Chunk X=6 Y=-26 Z=1 emitted 184 procedural water vertices (Ocean/Pools)
[+22:38:50.251] VoxelWater: Chunk X=7 Y=-26 Z=1 emitted 232 procedural water vertices (Ocean/Pools)
[+22:38:50.251] VoxelWater: Chunk X=7 Y=-26 Z=0 emitted 8 procedural water vertices (Ocean/Pools)
[+22:38:50.251] VoxelWater: Chunk X=5 Y=-21 Z=1 emitted 8 procedural water vertices (Ocean/Pools)
[+22:38:50.251] VoxelWater: Chunk X=4 Y=-26 Z=0 emitted 4 procedural water vertices (Ocean/Pools)
[+22:38:50.251] VoxelWater: Chunk X=4 Y=-26 Z=1 emitted 508 procedural water vertices (Ocean/Pools)
[+22:38:50.251] VoxelWater: Chunk X=5 Y=-26 Z=1 emitted 520 procedural water vertices (Ocean/Pools)
[+22:38:50.251] VoxelWater: Chunk X=1 Y=-25 Z=2 emitted 4 procedural water vertices (Ocean/Pools)
[+22:38:50.251] VoxelWater: Chunk X=4 Y=-25 Z=1 emitted 376 procedural water vertices (Ocean/Pools)
[+22:38:50.251] VoxelWater: Chunk X=5 Y=-25 Z=1 emitted 164 procedural water vertices (Ocean/Pools)
[+22:38:50.251] VoxelWater: Chunk X=6 Y=-28 Z=1 emitted 64 procedural water vertices (Ocean/Pools)
[+22:38:50.251] VoxelWater: Chunk X=6 Y=-28 Z=2 emitted 4 procedural water vertices (Ocean/Pools)
[+22:38:50.251] VoxelWater: Chunk X=5 Y=-21 Z=2 emitted 4 procedural water vertices (Ocean/Pools)
[+22:38:50.251] VoxelWater: Chunk X=6 Y=-22 Z=2 emitted 4 procedural water vertices (Ocean/Pools)
[+22:38:50.251] VoxelWater: Chunk X=8 Y=-26 Z=2 emitted 4 procedural water vertices (Ocean/Pools)
[+22:38:50.251] VoxelWater: Chunk X=4 Y=-26 Z=2 emitted 8 procedural water vertices (Ocean/Pools)
[+22:38:50.252] VoxelWater: Chunk X=4 Y=-25 Z=2 emitted 348 procedural water vertices (Ocean/Pools)
[+22:38:50.252] VoxelWater: Chunk X=4 Y=-25 Z=3 emitted 136 procedural water vertices (Ocean/Pools)
[+22:38:50.252] VoxelWater: Chunk X=3 Y=-25 Z=3 emitted 4 procedural water vertices (Ocean/Pools)
[+22:38:50.252] VoxelWater: Chunk X=5 Y=-25 Z=2 emitted 460 procedural water vertices (Ocean/Pools)
[+22:38:50.252] VoxelWater: Chunk X=3 Y=-25 Z=2 emitted 48 procedural water vertices (Ocean/Pools)
[+22:38:50.252] VoxelWater: Chunk X=4 Y=-24 Z=2 emitted 368 procedural water vertices (Ocean/Pools)
[+22:38:50.252] VoxelWater: Chunk X=4 Y=-24 Z=3 emitted 80 procedural water vertices (Ocean/Pools)
[+22:38:50.252] VoxelWater: Chunk X=3 Y=-24 Z=3 emitted 72 procedural water vertices (Ocean/Pools)
[+22:38:50.252] VoxelWater: Chunk X=5 Y=-24 Z=2 emitted 124 procedural water vertices (Ocean/Pools)
[+22:38:50.252] VoxelWater: Chunk X=5 Y=-26 Z=2 emitted 8 procedural water vertices (Ocean/Pools)
[+22:38:50.252] VoxelWater: Chunk X=5 Y=-25 Z=3 emitted 128 procedural water vertices (Ocean/Pools)
[+22:38:50.252] VoxelWater: Chunk X=6 Y=-25 Z=3 emitted 212 procedural water vertices (Ocean/Pools)
[+22:38:50.252] VoxelWater: Chunk X=6 Y=-25 Z=2 emitted 188 procedural water vertices (Ocean/Pools)
[+22:38:50.252] VoxelWater: Chunk X=2 Y=-25 Z=3 emitted 4 procedural water vertices (Ocean/Pools)
[+22:38:50.252] VoxelWater: Chunk X=5 Y=-24 Z=3 emitted 20 procedural water vertices (Ocean/Pools)
[+22:38:50.252] VoxelWater: Chunk X=6 Y=-24 Z=3 emitted 104 procedural water vertices (Ocean/Pools)
[+22:38:50.252] VoxelWater: Chunk X=7 Y=-27 Z=1 emitted 100 procedural water vertices (Ocean/Pools)
[+22:38:50.252] VoxelWater: Chunk X=6 Y=-27 Z=1 emitted 268 procedural water vertices (Ocean/Pools)
[+22:38:50.252] VoxelWater: Chunk X=6 Y=-26 Z=2 emitted 56 procedural water vertices (Ocean/Pools)
[+22:38:50.252] VoxelWater: Chunk X=6 Y=-26 Z=3 emitted 20 procedural water vertices (Ocean/Pools)
[+22:38:50.252] VoxelWater: Chunk X=3 Y=-23 Z=1 emitted 24 procedural water vertices (Ocean/Pools)
[+22:38:50.252] VoxelWater: Chunk X=6 Y=-25 Z=1 emitted 36 procedural water vertices (Ocean/Pools)
[+22:38:50.252] VoxelWater: Chunk X=7 Y=-25 Z=2 emitted 16 procedural water vertices (Ocean/Pools)
[+22:38:50.252] VoxelWater: Chunk X=6 Y=-24 Z=2 emitted 196 procedural water vertices (Ocean/Pools)
[+22:38:50.252] VoxelWater: Chunk X=3 Y=-28 Z=1 emitted 4 procedural water vertices (Ocean/Pools)
[+22:38:50.252] VoxelWater: Chunk X=5 Y=-26 Z=0 emitted 12 procedural water vertices (Ocean/Pools)
[+22:38:50.252] VoxelWater: Chunk X=3 Y=-29 Z=1 emitted 100 procedural water vertices (Ocean/Pools)
[+22:38:50.252] VoxelWater: Chunk X=3 Y=-23 Z=3 emitted 8 procedural water vertices (Ocean/Pools)
[+22:38:50.252] VoxelWater: Chunk X=4 Y=-23 Z=2 emitted 20 procedural water vertices (Ocean/Pools)
[+22:38:50.252] VoxelWater: Chunk X=3 Y=-24 Z=2 emitted 12 procedural water vertices (Ocean/Pools)
[+22:38:50.252] VoxelWater: Chunk X=8 Y=-26 Z=1 emitted 40 procedural water vertices (Ocean/Pools)
[+22:38:50.253] VoxelWater: Chunk X=4 Y=-23 Z=1 emitted 16 procedural water vertices (Ocean/Pools)
[+22:38:50.253] VoxelWater: Chunk X=8 Y=-24 Z=1 emitted 28 procedural water vertices (Ocean/Pools)
[+22:38:50.253] VoxelWater: Chunk X=4 Y=-27 Z=1 emitted 144 procedural water vertices (Ocean/Pools)
[+22:38:50.253] VoxelWater: Chunk X=3 Y=-26 Z=1 emitted 112 procedural water vertices (Ocean/Pools)
[+22:38:50.253] VoxelWater: Chunk X=4 Y=-22 Z=2 emitted 4 procedural water vertices (Ocean/Pools)
[+22:38:50.253] VoxelWater: Chunk X=5 Y=-27 Z=1 emitted 124 procedural water vertices (Ocean/Pools)
[+22:38:50.253] VoxelWater: Chunk X=5 Y=-28 Z=1 emitted 156 procedural water vertices (Ocean/Pools)
[+22:38:50.253] VoxelWater: Chunk X=8 Y=-24 Z=2 emitted 20 procedural water vertices (Ocean/Pools)
[+22:38:50.253] VoxelWater: Chunk X=7 Y=-24 Z=2 emitted 24 procedural water vertices (Ocean/Pools)
[+22:38:50.253] VoxelWater: Chunk X=3 Y=-25 Z=1 emitted 4 procedural water vertices (Ocean/Pools)
[+22:38:50.253] VoxelWater: Chunk X=7 Y=-26 Z=2 emitted 40 procedural water vertices (Ocean/Pools)
[+22:38:50.253] VoxelWater: Chunk X=5 Y=-23 Z=2 emitted 16 procedural water vertices (Ocean/Pools)
[+22:38:50.253] VoxelWater: Chunk X=5 Y=-22 Z=2 emitted 108 procedural water vertices (Ocean/Pools)
[+22:38:50.253] VoxelWater: Chunk X=5 Y=-22 Z=1 emitted 32 procedural water vertices (Ocean/Pools)
[+22:38:50.253] VoxelWater: Chunk X=5 Y=-27 Z=2 emitted 64 procedural water vertices (Ocean/Pools)
[+22:38:50.253] VoxelWater: Chunk X=5 Y=-28 Z=2 emitted 4 procedural water vertices (Ocean/Pools)
[+22:38:50.253] VoxelWater: Chunk X=6 Y=-27 Z=2 emitted 12 procedural water vertices (Ocean/Pools)
[+22:38:50.253] VoxelWater: Chunk X=3 Y=-26 Z=2 emitted 140 procedural water vertices (Ocean/Pools)
[+22:38:50.253] VoxelWater: Chunk X=4 Y=-27 Z=2 emitted 64 procedural water vertices (Ocean/Pools)
[+22:38:50.253] VoxelWater: Chunk X=6 Y=-22 Z=1 emitted 64 procedural water vertices (Ocean/Pools)
[+22:38:50.253] VoxelWater: Chunk X=6 Y=-25 Z=4 emitted 4 procedural water vertices (Ocean/Pools)
[+22:38:50.253] VoxelWater: Chunk X=2 Y=-24 Z=1 emitted 4 procedural water vertices (Ocean/Pools)
[+22:38:50.253] VoxelWater: Chunk X=3 Y=-23 Z=2 emitted 108 procedural water vertices (Ocean/Pools)
[+22:38:50.253] VoxelWater: Chunk X=2 Y=-23 Z=1 emitted 28 procedural water vertices (Ocean/Pools)
[+22:38:50.253] VoxelWater: Chunk X=3 Y=-22 Z=2 emitted 36 procedural water vertices (Ocean/Pools)
[+22:38:50.253] VoxelWater: Chunk X=8 Y=-23 Z=1 emitted 8 procedural water vertices (Ocean/Pools)
[+22:38:50.253] VoxelWater: Chunk X=8 Y=-23 Z=2 emitted 24 procedural water vertices (Ocean/Pools)
[+22:38:50.253] VoxelWater: Chunk X=2 Y=-28 Z=1 emitted 16 procedural water vertices (Ocean/Pools)
[+22:38:50.253] VoxelWater: Chunk X=2 Y=-23 Z=2 emitted 20 procedural water vertices (Ocean/Pools)
[+22:38:50.253] VoxelWater: Chunk X=7 Y=-24 Z=3 emitted 48 procedural water vertices (Ocean/Pools)
[+22:38:50.253] VoxelWater: Chunk X=6 Y=-21 Z=1 emitted 20 procedural water vertices (Ocean/Pools)
[+22:38:50.253] VoxelWater: Chunk X=4 Y=-23 Z=3 emitted 16 procedural water vertices (Ocean/Pools)
[+22:38:50.253] VoxelWater: Chunk X=4 Y=-21 Z=1 emitted 40 procedural water vertices (Ocean/Pools)
[+22:38:50.253] VoxelWater: Chunk X=1 Y=-24 Z=1 emitted 56 procedural water vertices (Ocean/Pools)
[+22:38:50.253] VoxelWater: Chunk X=0 Y=-24 Z=1 emitted 4 procedural water vertices (Ocean/Pools)
[+22:38:50.253] VoxelWater: Chunk X=2 Y=-24 Z=3 emitted 60 procedural water vertices (Ocean/Pools)
[+22:38:50.254] VoxelWater: Chunk X=3 Y=-26 Z=3 emitted 24 procedural water vertices (Ocean/Pools)
[+22:38:50.254] VoxelWater: Chunk X=6 Y=-29 Z=1 emitted 84 procedural water vertices (Ocean/Pools)
[+22:38:50.254] VoxelWater: Chunk X=4 Y=-29 Z=1 emitted 56 procedural water vertices (Ocean/Pools)
[+22:38:50.254] VoxelWater: Chunk X=2 Y=-23 Z=3 emitted 12 procedural water vertices (Ocean/Pools)
[+22:38:50.254] VoxelWater: Chunk X=4 Y=-21 Z=2 emitted 168 procedural water vertices (Ocean/Pools)
[+22:38:50.254] VoxelWater: Chunk X=3 Y=-21 Z=2 emitted 108 procedural water vertices (Ocean/Pools)
[+22:38:50.254] VoxelWater: Chunk X=4 Y=-29 Z=2 emitted 32 procedural water vertices (Ocean/Pools)
[+22:38:50.254] VoxelWater: Chunk X=3 Y=-29 Z=2 emitted 8 procedural water vertices (Ocean/Pools)
[+22:38:50.254] VoxelWater: Chunk X=1 Y=-24 Z=2 emitted 56 procedural water vertices (Ocean/Pools)
[+22:38:50.254] VoxelWater: Chunk X=2 Y=-24 Z=2 emitted 12 procedural water vertices (Ocean/Pools)
[+22:38:50.254] VoxelWater: Chunk X=9 Y=-26 Z=2 emitted 56 procedural water vertices (Ocean/Pools)
[+22:38:50.254] VoxelWater: Chunk X=6 Y=-21 Z=2 emitted 132 procedural water vertices (Ocean/Pools)
[+22:38:50.254] VoxelWater: Chunk X=5 Y=-20 Z=1 emitted 20 procedural water vertices (Ocean/Pools)
[+22:38:50.254] VoxelWater: Chunk X=7 Y=-25 Z=4 emitted 68 procedural water vertices (Ocean/Pools)
[+22:38:50.254] VoxelWater: Chunk X=7 Y=-24 Z=4 emitted 16 procedural water vertices (Ocean/Pools)
[+22:38:50.254] VoxelWater: Chunk X=1 Y=-27 Z=2 emitted 44 procedural water vertices (Ocean/Pools)
[+22:38:50.254] VoxelWater: Chunk X=1 Y=-28 Z=1 emitted 28 procedural water vertices (Ocean/Pools)
[+22:38:50.254] VoxelWater: Chunk X=5 Y=-30 Z=1 emitted 20 procedural water vertices (Ocean/Pools)
[+22:38:50.254] VoxelWater: Chunk X=3 Y=-22 Z=3 emitted 72 procedural water vertices (Ocean/Pools)
[+22:38:50.254] VoxelWater: Chunk X=10 Y=-25 Z=1 emitted 20 procedural water vertices (Ocean/Pools)
[+22:38:50.254] VoxelWater: Chunk X=2 Y=-29 Z=1 emitted 72 procedural water vertices (Ocean/Pools)
[+22:38:50.254] VoxelWater: Chunk X=9 Y=-22 Z=1 emitted 60 procedural water vertices (Ocean/Pools)
[+22:38:50.254] VoxelWater: Chunk X=8 Y=-29 Z=1 emitted 40 procedural water vertices (Ocean/Pools)
[+22:38:50.254] VoxelWater: Chunk X=7 Y=-21 Z=2 emitted 8 procedural water vertices (Ocean/Pools)
[+22:38:50.254] VoxelWater: Chunk X=9 Y=-28 Z=1 emitted 16 procedural water vertices (Ocean/Pools)
[+22:38:50.254] VoxelWater: Chunk X=10 Y=-24 Z=1 emitted 20 procedural water vertices (Ocean/Pools)
[+22:38:50.268] VoxelChunk: GenerateAsync (1,-22,1)
[+22:38:50.268] VoxelChunk: GenerateAsync (8,-27,3)
[+22:38:50.268] VoxelChunk: GenerateAsync (2,-27,3)
[+22:38:50.268] VoxelChunk: GenerateAsync (7,-22,3)
[+22:38:50.268] VoxelChunk: GenerateAsync (2,-23,3)
[+22:38:50.268] VoxelChunk: GenerateAsync (7,-28,3)
[+22:38:50.268] VoxelChunk: GenerateAsync (2,-21,1)
[+22:38:50.268] VoxelChunk: GenerateAsync (9,-23,2)
[+22:38:50.268] VoxelChunk: GenerateAsync (10,-25,1)
[+22:38:50.268] VoxelChunk: GenerateAsync (5,-23,4)
[+22:38:50.268] VoxelChunk: GenerateAsync (8,-23,3)
[+22:38:50.268] VoxelChunk: GenerateAsync (2,-29,1)
[+22:38:50.268] VoxelChunk: GenerateAsync (0,-25,1)
[+22:38:50.268] VoxelChunk: GenerateAsync (9,-22,1)
[+22:38:50.268] VoxelMesh: Chunk X=1 Y=-22 Z=1 FlatVerts=156 SlopeVerts=0
[+22:38:50.268] VoxelChunk: GenerateAsync (8,-29,1)
[+22:38:50.268] VoxelChunk: GenerateAsync (7,-21,2)
[+22:38:50.268] VoxelChunk: GenerateAsync (9,-28,1)
[+22:38:50.268] VoxelMesh: Chunk X=2 Y=-27 Z=3 FlatVerts=150 SlopeVerts=126
[+22:38:50.268] VoxelChunk: GenerateAsync (3,-21,2)
[+22:38:50.268] VoxelChunk: GenerateAsync (10,-23,0)
[+22:38:50.268] VoxelChunk: GenerateAsync (7,-30,0)
[+22:38:50.268] VoxelMesh: Chunk X=2 Y=-21 Z=1 FlatVerts=6 SlopeVerts=0
[+22:38:50.268] VoxelMesh: Chunk X=10 Y=-25 Z=1 FlatVerts=66 SlopeVerts=0
[+22:38:50.268] VoxelChunk: GenerateAsync (10,-24,1)
[+22:38:50.268] VoxelChunk: GenerateAsync (4,-23,4)
[+22:38:50.268] VoxelChunk: GenerateAsync (3,-20,0)
[+22:38:50.268] VoxelChunk: GenerateAsync (6,-20,1)
[+22:38:50.268] VoxelChunk: GenerateAsync (7,-26,4)
[+22:38:50.268] VoxelChunk: GenerateAsync (3,-30,0)
[+22:38:50.269] VoxelChunk: GenerateAsync (0,-27,0)
[+22:38:50.269] VoxelChunk: GenerateAsync (6,-23,4)
[+22:38:50.269] VoxelMesh: Chunk X=7 Y=-22 Z=3 FlatVerts=0 SlopeVerts=0
[+22:38:50.269] VoxelChunk: GenerateAsync (7,-20,0)
[+22:38:50.269] VoxelMesh: Chunk X=9 Y=-23 Z=2 FlatVerts=0 SlopeVerts=24
[+22:38:50.269] VoxelChunk: GenerateAsync (0,-24,1)
[+22:38:50.269] VoxelMesh: Chunk X=2 Y=-23 Z=3 FlatVerts=0 SlopeVerts=54
[+22:38:50.269] VoxelChunk: GenerateAsync (3,-24,4)
[+22:38:50.269] VoxelChunk: GenerateAsync (4,-27,4)
[+22:38:50.269] VoxelChunk: GenerateAsync (3,-26,4)
[+22:38:50.269] VoxelChunk: GenerateAsync (0,-23,0)
[+22:38:50.269] VoxelChunk: GenerateAsync (7,-24,4)
[+22:38:50.269] VoxelChunk: GenerateAsync (10,-26,1)
[+22:38:50.269] VoxelMesh: Chunk X=8 Y=-27 Z=3 FlatVerts=0 SlopeVerts=0
[+22:38:50.269] VoxelMesh: Chunk X=9 Y=-22 Z=1 FlatVerts=120 SlopeVerts=0
[+22:38:50.269] VoxelMesh: Chunk X=2 Y=-29 Z=1 FlatVerts=150 SlopeVerts=0
[+22:38:50.269] VoxelChunk: GenerateAsync (4,-20,1)
[+22:38:50.269] VoxelChunk: GenerateAsync (6,-27,4)
[+22:38:50.269] VoxelMesh: Chunk X=5 Y=-23 Z=4 FlatVerts=0 SlopeVerts=0
[+22:38:50.269] VoxelMesh: Chunk X=8 Y=-23 Z=3 FlatVerts=0 SlopeVerts=0
[+22:38:50.269] VoxelMesh: Chunk X=0 Y=-25 Z=1 FlatVerts=6 SlopeVerts=42
[+22:38:50.269] VoxelChunk: GenerateAsync (6,-30,1)
[+22:38:50.269] VoxelMesh: Chunk X=8 Y=-29 Z=1 FlatVerts=138 SlopeVerts=0
[+22:38:50.269] VoxelMesh: Chunk X=10 Y=-23 Z=0 FlatVerts=0 SlopeVerts=0
[+22:38:50.269] VoxelMesh: Chunk X=7 Y=-30 Z=0 FlatVerts=0 SlopeVerts=0
[+22:38:50.269] VoxelMesh: Chunk X=9 Y=-28 Z=1 FlatVerts=132 SlopeVerts=0
[+22:38:50.269] VoxelMesh: Chunk X=10 Y=-24 Z=1 FlatVerts=90 SlopeVerts=0
[+22:38:50.269] VoxelMesh: Chunk X=6 Y=-20 Z=1 FlatVerts=30 SlopeVerts=0
[+22:38:50.269] VoxelMesh: Chunk X=3 Y=-20 Z=0 FlatVerts=0 SlopeVerts=0
[+22:38:50.269] VoxelMesh: Chunk X=3 Y=-21 Z=2 FlatVerts=96 SlopeVerts=150
[+22:38:50.269] VoxelMesh: Chunk X=7 Y=-21 Z=2 FlatVerts=42 SlopeVerts=48
[+22:38:50.269] VoxelMesh: Chunk X=3 Y=-30 Z=0 FlatVerts=0 SlopeVerts=0
[+22:38:50.269] VoxelMesh: Chunk X=4 Y=-23 Z=4 FlatVerts=0 SlopeVerts=0
[+22:38:50.269] VoxelMesh: Chunk X=7 Y=-26 Z=4 FlatVerts=0 SlopeVerts=0
[+22:38:50.270] VoxelMesh: Chunk X=7 Y=-20 Z=0 FlatVerts=0 SlopeVerts=0
[+22:38:50.270] VoxelMesh: Chunk X=0 Y=-24 Z=1 FlatVerts=96 SlopeVerts=48
[+22:38:50.270] VoxelMesh: Chunk X=0 Y=-27 Z=0 FlatVerts=0 SlopeVerts=0
[+22:38:50.270] VoxelMesh: Chunk X=0 Y=-23 Z=0 FlatVerts=0 SlopeVerts=0
[+22:38:50.270] VoxelMesh: Chunk X=6 Y=-23 Z=4 FlatVerts=0 SlopeVerts=0
[+22:38:50.270] VoxelMesh: Chunk X=4 Y=-27 Z=4 FlatVerts=0 SlopeVerts=0
[+22:38:50.270] VoxelMesh: Chunk X=10 Y=-26 Z=1 FlatVerts=114 SlopeVerts=36
[+22:38:50.270] VoxelMesh: Chunk X=4 Y=-20 Z=1 FlatVerts=138 SlopeVerts=18
[+22:38:50.270] VoxelMesh: Chunk X=7 Y=-24 Z=4 FlatVerts=60 SlopeVerts=66
[+22:38:50.270] VoxelMesh: Chunk X=3 Y=-24 Z=4 FlatVerts=12 SlopeVerts=162
[+22:38:50.270] VoxelMesh: Chunk X=3 Y=-26 Z=4 FlatVerts=0 SlopeVerts=6
[+22:38:50.270] VoxelMesh: Chunk X=6 Y=-30 Z=1 FlatVerts=126 SlopeVerts=0
[+22:38:50.271] VoxelMesh: Chunk X=6 Y=-27 Z=4 FlatVerts=0 SlopeVerts=0
[+22:38:50.271] VoxelMesh: Chunk X=7 Y=-28 Z=3 FlatVerts=0 SlopeVerts=0
[+22:38:50.271] VoxelMesh: Chunk X=7 Y=-28 Z=-5 FlatVerts=0 SlopeVerts=0
[+22:38:50.271] VoxelChunk: GenerateAsync (0,-26,1)
[+22:38:50.275] VoxelMesh: Chunk X=0 Y=-26 Z=1 FlatVerts=0 SlopeVerts=0
[+22:38:50.277] VoxelMesh: Chunk X=0 Y=0 Z=0 FlatVerts=1410 SlopeVerts=2388
[+22:38:50.278] VoxelChunk: GenerateAsync (10,-27,0)
[+22:38:50.279] VoxelMesh: Chunk X=10 Y=-27 Z=0 FlatVerts=0 SlopeVerts=0
[+22:38:50.283] VoxelMesh: Chunk X=0 Y=0 Z=0 FlatVerts=4980 SlopeVerts=8754
[+22:38:50.284] VoxelChunk: GenerateAsync (4,-30,1)
[+22:38:50.285] VoxelMesh: Chunk X=4 Y=-30 Z=1 FlatVerts=486 SlopeVerts=1176
[+22:38:50.291] VoxelMesh: Chunk X=0 Y=0 Z=0 FlatVerts=0 SlopeVerts=0
[+22:38:50.291] VoxelChunk: GenerateAsync (5,-21,3)
[+22:38:50.293] VoxelMesh: Chunk X=5 Y=-21 Z=3 FlatVerts=0 SlopeVerts=0
[+22:38:50.307] VoxelMesh: Chunk X=0 Y=0 Z=0 FlatVerts=180 SlopeVerts=22140
[+22:38:50.326] VoxelChunk: GenerateAsync (1,-3,2)
[+22:38:50.327] VoxelMesh: Chunk X=1 Y=-3 Z=2 FlatVerts=0 SlopeVerts=666
[+22:38:50.333] VoxelMesh: Chunk X=0 Y=0 Z=0 FlatVerts=90 SlopeVerts=4446
[+22:38:50.334] VoxelChunk: GenerateAsync (1,-25,3)
[+22:38:50.335] VoxelMesh: Chunk X=1 Y=-25 Z=3 FlatVerts=876 SlopeVerts=1806
[+22:38:50.341] VoxelMesh: Chunk X=0 Y=0 Z=0 FlatVerts=318 SlopeVerts=19386
[+22:38:50.342] VoxelChunk: GenerateAsync (9,-25,3)
[+22:38:50.345] VoxelMesh: Chunk X=9 Y=-25 Z=3 FlatVerts=0 SlopeVerts=0
[+22:38:50.348] VoxelMesh: Chunk X=0 Y=0 Z=0 FlatVerts=4044 SlopeVerts=5850
[+22:38:50.349] VoxelChunk: GenerateAsync (5,-29,3)
[+22:38:50.353] VoxelMesh: Chunk X=5 Y=-29 Z=3 FlatVerts=0 SlopeVerts=0
[+22:38:50.356] VoxelMesh: Chunk X=0 Y=0 Z=0 FlatVerts=0 SlopeVerts=0
[+22:38:50.356] VoxelChunk: GenerateAsync (1,-26,3)
[+22:38:50.357] VoxelMesh: Chunk X=1 Y=-26 Z=3 FlatVerts=0 SlopeVerts=696
[+22:38:50.372] VoxelMesh: Chunk X=0 Y=0 Z=0 FlatVerts=222 SlopeVerts=17508
[+22:38:50.374] VoxelChunk: GenerateAsync (1,-24,3)
[+22:38:50.376] VoxelMesh: Chunk X=1 Y=-24 Z=3 FlatVerts=0 SlopeVerts=468
[+22:38:50.380] VoxelMesh: Chunk X=0 Y=0 Z=0 FlatVerts=54 SlopeVerts=2778
[+22:38:50.381] VoxelChunk: GenerateAsync (9,-24,3)
[+22:38:50.384] VoxelMesh: Chunk X=9 Y=-24 Z=3 FlatVerts=0 SlopeVerts=0
[+22:38:50.387] VoxelMesh: Chunk X=0 Y=0 Z=0 FlatVerts=0 SlopeVerts=0
[+22:38:50.388] VoxelChunk: GenerateAsync (6,-21,3)
[+22:38:50.391] VoxelMesh: Chunk X=6 Y=-21 Z=3 FlatVerts=0 SlopeVerts=0
[+22:38:50.393] VoxelMesh: Chunk X=0 Y=0 Z=0 FlatVerts=1740 SlopeVerts=6354
[+22:38:50.394] VoxelChunk: GenerateAsync (6,-29,3)
[+22:38:50.396] VoxelMesh: Chunk X=6 Y=-29 Z=3 FlatVerts=0 SlopeVerts=0
[+22:38:50.411] VoxelMesh: Chunk X=0 Y=0 Z=0 FlatVerts=366 SlopeVerts=36840
[+22:38:50.414] VoxelChunk: GenerateAsync (9,-26,3)
[+22:38:50.416] VoxelMesh: Chunk X=9 Y=-26 Z=3 FlatVerts=0 SlopeVerts=0
[+22:38:50.421] VoxelMesh: Chunk X=0 Y=0 Z=0 FlatVerts=0 SlopeVerts=0
[+22:38:50.421] VoxelChunk: GenerateAsync (3,-27,4)
[+22:38:50.426] VoxelMesh: Chunk X=3 Y=-27 Z=4 FlatVerts=0 SlopeVerts=0
[+22:38:50.427] VoxelMesh: Chunk X=0 Y=0 Z=0 FlatVerts=3228 SlopeVerts=6600
[+22:38:50.429] VoxelChunk: GenerateAsync (4,-29,3)
[+22:38:50.431] VoxelMesh: Chunk X=4 Y=-29 Z=3 FlatVerts=0 SlopeVerts=0
[+22:38:50.433] VoxelMesh: Chunk X=0 Y=0 Z=0 FlatVerts=7182 SlopeVerts=0
[+22:38:50.434] VoxelChunk: GenerateAsync (9,-21,0)
[+22:38:50.434] VoxelMesh: Chunk X=9 Y=-21 Z=0 FlatVerts=0 SlopeVerts=0
[+22:38:50.464] VoxelWater: Chunk X=9 Y=-26 Z=1 emitted 100 procedural water vertices (Ocean/Pools)
[+22:38:50.464] VoxelWater: Chunk X=9 Y=-25 Z=1 emitted 28 procedural water vertices (Ocean/Pools)
[+22:38:50.464] VoxelWater: Chunk X=5 Y=-29 Z=1 emitted 20 procedural water vertices (Ocean/Pools)
[+22:38:50.464] VoxelWater: Chunk X=8 Y=-25 Z=1 emitted 32 procedural water vertices (Ocean/Pools)
[+22:38:50.464] VoxelWater: Chunk X=5 Y=-23 Z=1 emitted 216 procedural water vertices (Ocean/Pools)
[+22:38:50.464] VoxelWater: Chunk X=6 Y=-23 Z=1 emitted 12 procedural water vertices (Ocean/Pools)
[+22:38:50.464] VoxelWater: Chunk X=7 Y=-25 Z=3 emitted 32 procedural water vertices (Ocean/Pools)
[+22:38:50.464] VoxelWater: Chunk X=6 Y=-24 Z=1 emitted 208 procedural water vertices (Ocean/Pools)
[+22:38:50.464] VoxelWater: Chunk X=5 Y=-24 Z=1 emitted 196 procedural water vertices (Ocean/Pools)
[+22:38:50.464] VoxelWater: Chunk X=7 Y=-24 Z=1 emitted 4 procedural water vertices (Ocean/Pools)
[+22:38:50.464] VoxelWater: Chunk X=4 Y=-24 Z=1 emitted 256 procedural water vertices (Ocean/Pools)
[+22:38:50.464] VoxelWater: Chunk X=8 Y=-27 Z=1 emitted 40 procedural water vertices (Ocean/Pools)
[+22:38:50.464] VoxelWater: Chunk X=9 Y=-27 Z=1 emitted 40 procedural water vertices (Ocean/Pools)
[+22:38:50.464] VoxelWater: Chunk X=6 Y=-26 Z=0 emitted 8 procedural water vertices (Ocean/Pools)
[+22:38:50.464] VoxelWater: Chunk X=6 Y=-26 Z=1 emitted 188 procedural water vertices (Ocean/Pools)
[+22:38:50.464] VoxelWater: Chunk X=7 Y=-26 Z=1 emitted 260 procedural water vertices (Ocean/Pools)
[+22:38:50.464] VoxelWater: Chunk X=7 Y=-26 Z=0 emitted 8 procedural water vertices (Ocean/Pools)
[+22:38:50.464] VoxelWater: Chunk X=5 Y=-21 Z=1 emitted 8 procedural water vertices (Ocean/Pools)
[+22:38:50.465] VoxelWater: Chunk X=4 Y=-26 Z=0 emitted 4 procedural water vertices (Ocean/Pools)
[+22:38:50.465] VoxelWater: Chunk X=4 Y=-26 Z=1 emitted 524 procedural water vertices (Ocean/Pools)
[+22:38:50.465] VoxelWater: Chunk X=5 Y=-26 Z=1 emitted 540 procedural water vertices (Ocean/Pools)
[+22:38:50.465] VoxelWater: Chunk X=1 Y=-25 Z=2 emitted 4 procedural water vertices (Ocean/Pools)
[+22:38:50.465] VoxelWater: Chunk X=4 Y=-25 Z=1 emitted 404 procedural water vertices (Ocean/Pools)
[+22:38:50.465] VoxelWater: Chunk X=5 Y=-25 Z=1 emitted 172 procedural water vertices (Ocean/Pools)
[+22:38:50.465] VoxelWater: Chunk X=6 Y=-28 Z=1 emitted 84 procedural water vertices (Ocean/Pools)
[+22:38:50.465] VoxelWater: Chunk X=6 Y=-28 Z=2 emitted 4 procedural water vertices (Ocean/Pools)
[+22:38:50.465] VoxelWater: Chunk X=5 Y=-21 Z=2 emitted 4 procedural water vertices (Ocean/Pools)
[+22:38:50.465] VoxelWater: Chunk X=6 Y=-22 Z=1 emitted 64 procedural water vertices (Ocean/Pools)
[+22:38:50.465] VoxelWater: Chunk X=8 Y=-26 Z=2 emitted 4 procedural water vertices (Ocean/Pools)
[+22:38:50.465] VoxelWater: Chunk X=4 Y=-26 Z=2 emitted 8 procedural water vertices (Ocean/Pools)
[+22:38:50.465] VoxelWater: Chunk X=4 Y=-25 Z=2 emitted 336 procedural water vertices (Ocean/Pools)
[+22:38:50.465] VoxelWater: Chunk X=4 Y=-25 Z=3 emitted 136 procedural water vertices (Ocean/Pools)
[+22:38:50.465] VoxelWater: Chunk X=3 Y=-25 Z=3 emitted 4 procedural water vertices (Ocean/Pools)
[+22:38:50.465] VoxelWater: Chunk X=5 Y=-25 Z=2 emitted 468 procedural water vertices (Ocean/Pools)
[+22:38:50.465] VoxelWater: Chunk X=3 Y=-25 Z=2 emitted 48 procedural water vertices (Ocean/Pools)
[+22:38:50.465] VoxelWater: Chunk X=4 Y=-24 Z=2 emitted 368 procedural water vertices (Ocean/Pools)
[+22:38:50.465] VoxelWater: Chunk X=4 Y=-24 Z=3 emitted 80 procedural water vertices (Ocean/Pools)
[+22:38:50.465] VoxelWater: Chunk X=3 Y=-24 Z=3 emitted 80 procedural water vertices (Ocean/Pools)
[+22:38:50.465] VoxelWater: Chunk X=5 Y=-24 Z=2 emitted 124 procedural water vertices (Ocean/Pools)
[+22:38:50.465] VoxelWater: Chunk X=5 Y=-26 Z=2 emitted 12 procedural water vertices (Ocean/Pools)
[+22:38:50.465] VoxelWater: Chunk X=5 Y=-25 Z=3 emitted 128 procedural water vertices (Ocean/Pools)
[+22:38:50.465] VoxelWater: Chunk X=6 Y=-25 Z=3 emitted 212 procedural water vertices (Ocean/Pools)
[+22:38:50.465] VoxelWater: Chunk X=6 Y=-25 Z=2 emitted 208 procedural water vertices (Ocean/Pools)
[+22:38:50.465] VoxelWater: Chunk X=2 Y=-25 Z=3 emitted 4 procedural water vertices (Ocean/Pools)
[+22:38:50.465] VoxelWater: Chunk X=5 Y=-24 Z=3 emitted 20 procedural water vertices (Ocean/Pools)
[+22:38:50.465] VoxelWater: Chunk X=6 Y=-24 Z=3 emitted 104 procedural water vertices (Ocean/Pools)
[+22:38:50.465] VoxelWater: Chunk X=7 Y=-27 Z=1 emitted 108 procedural water vertices (Ocean/Pools)
[+22:38:50.465] VoxelWater: Chunk X=6 Y=-27 Z=1 emitted 288 procedural water vertices (Ocean/Pools)
[+22:38:50.465] VoxelWater: Chunk X=6 Y=-26 Z=2 emitted 56 procedural water vertices (Ocean/Pools)
[+22:38:50.465] VoxelWater: Chunk X=6 Y=-26 Z=3 emitted 20 procedural water vertices (Ocean/Pools)
[+22:38:50.466] VoxelWater: Chunk X=3 Y=-23 Z=1 emitted 48 procedural water vertices (Ocean/Pools)
[+22:38:50.466] VoxelWater: Chunk X=6 Y=-25 Z=1 emitted 40 procedural water vertices (Ocean/Pools)
[+22:38:50.466] VoxelWater: Chunk X=7 Y=-25 Z=2 emitted 16 procedural water vertices (Ocean/Pools)
[+22:38:50.466] VoxelWater: Chunk X=6 Y=-24 Z=2 emitted 200 procedural water vertices (Ocean/Pools)
[+22:38:50.466] VoxelWater: Chunk X=3 Y=-28 Z=1 emitted 4 procedural water vertices (Ocean/Pools)
[+22:38:50.466] VoxelWater: Chunk X=8 Y=-23 Z=1 emitted 16 procedural water vertices (Ocean/Pools)
[+22:38:50.466] VoxelWater: Chunk X=5 Y=-26 Z=0 emitted 12 procedural water vertices (Ocean/Pools)
[+22:38:50.466] VoxelWater: Chunk X=3 Y=-29 Z=1 emitted 100 procedural water vertices (Ocean/Pools)
[+22:38:50.466] VoxelWater: Chunk X=2 Y=-29 Z=1 emitted 108 procedural water vertices (Ocean/Pools)
[+22:38:50.466] VoxelWater: Chunk X=3 Y=-23 Z=3 emitted 8 procedural water vertices (Ocean/Pools)
[+22:38:50.466] VoxelWater: Chunk X=4 Y=-23 Z=1 emitted 20 procedural water vertices (Ocean/Pools)
[+22:38:50.466] VoxelWater: Chunk X=4 Y=-23 Z=2 emitted 20 procedural water vertices (Ocean/Pools)
[+22:38:50.466] VoxelWater: Chunk X=3 Y=-24 Z=2 emitted 24 procedural water vertices (Ocean/Pools)
[+22:38:50.466] VoxelWater: Chunk X=8 Y=-26 Z=1 emitted 44 procedural water vertices (Ocean/Pools)
[+22:38:50.466] VoxelWater: Chunk X=2 Y=-24 Z=2 emitted 16 procedural water vertices (Ocean/Pools)
[+22:38:50.466] VoxelWater: Chunk X=8 Y=-24 Z=1 emitted 28 procedural water vertices (Ocean/Pools)
[+22:38:50.466] VoxelWater: Chunk X=4 Y=-27 Z=1 emitted 176 procedural water vertices (Ocean/Pools)
[+22:38:50.466] VoxelWater: Chunk X=3 Y=-26 Z=1 emitted 128 procedural water vertices (Ocean/Pools)
[+22:38:50.466] VoxelWater: Chunk X=3 Y=-25 Z=1 emitted 4 procedural water vertices (Ocean/Pools)
[+22:38:50.466] VoxelWater: Chunk X=4 Y=-22 Z=2 emitted 8 procedural water vertices (Ocean/Pools)
[+22:38:50.466] VoxelWater: Chunk X=5 Y=-27 Z=1 emitted 140 procedural water vertices (Ocean/Pools)
[+22:38:50.466] VoxelWater: Chunk X=5 Y=-28 Z=1 emitted 184 procedural water vertices (Ocean/Pools)
[+22:38:50.466] VoxelWater: Chunk X=8 Y=-24 Z=2 emitted 24 procedural water vertices (Ocean/Pools)
[+22:38:50.466] VoxelWater: Chunk X=7 Y=-24 Z=2 emitted 20 procedural water vertices (Ocean/Pools)
[+22:38:50.466] VoxelWater: Chunk X=7 Y=-26 Z=2 emitted 40 procedural water vertices (Ocean/Pools)
[+22:38:50.466] VoxelWater: Chunk X=5 Y=-23 Z=2 emitted 16 procedural water vertices (Ocean/Pools)
[+22:38:50.466] VoxelWater: Chunk X=5 Y=-22 Z=2 emitted 120 procedural water vertices (Ocean/Pools)
[+22:38:50.466] VoxelWater: Chunk X=5 Y=-22 Z=1 emitted 48 procedural water vertices (Ocean/Pools)
[+22:38:50.466] VoxelWater: Chunk X=5 Y=-27 Z=2 emitted 64 procedural water vertices (Ocean/Pools)
[+22:38:50.466] VoxelWater: Chunk X=5 Y=-28 Z=2 emitted 4 procedural water vertices (Ocean/Pools)
[+22:38:50.466] VoxelWater: Chunk X=6 Y=-27 Z=2 emitted 12 procedural water vertices (Ocean/Pools)
[+22:38:50.466] VoxelWater: Chunk X=3 Y=-26 Z=2 emitted 140 procedural water vertices (Ocean/Pools)
[+22:38:50.466] VoxelWater: Chunk X=4 Y=-27 Z=2 emitted 68 procedural water vertices (Ocean/Pools)
[+22:38:50.466] VoxelWater: Chunk X=6 Y=-25 Z=4 emitted 4 procedural water vertices (Ocean/Pools)
[+22:38:50.466] VoxelWater: Chunk X=2 Y=-24 Z=1 emitted 8 procedural water vertices (Ocean/Pools)
[+22:38:50.466] VoxelWater: Chunk X=3 Y=-23 Z=2 emitted 112 procedural water vertices (Ocean/Pools)
[+22:38:50.466] VoxelWater: Chunk X=2 Y=-23 Z=1 emitted 36 procedural water vertices (Ocean/Pools)
[+22:38:50.466] VoxelWater: Chunk X=3 Y=-22 Z=2 emitted 36 procedural water vertices (Ocean/Pools)
[+22:38:50.466] VoxelWater: Chunk X=8 Y=-23 Z=2 emitted 24 procedural water vertices (Ocean/Pools)
[+22:38:50.466] VoxelWater: Chunk X=2 Y=-28 Z=1 emitted 16 procedural water vertices (Ocean/Pools)
[+22:38:50.466] VoxelWater: Chunk X=2 Y=-23 Z=2 emitted 24 procedural water vertices (Ocean/Pools)
[+22:38:50.466] VoxelWater: Chunk X=7 Y=-24 Z=3 emitted 48 procedural water vertices (Ocean/Pools)
[+22:38:50.466] VoxelWater: Chunk X=6 Y=-21 Z=1 emitted 40 procedural water vertices (Ocean/Pools)
[+22:38:50.466] VoxelWater: Chunk X=4 Y=-23 Z=3 emitted 16 procedural water vertices (Ocean/Pools)
[+22:38:50.466] VoxelWater: Chunk X=4 Y=-21 Z=1 emitted 60 procedural water vertices (Ocean/Pools)
[+22:38:50.466] VoxelWater: Chunk X=1 Y=-24 Z=1 emitted 56 procedural water vertices (Ocean/Pools)
[+22:38:50.466] VoxelWater: Chunk X=0 Y=-24 Z=1 emitted 4 procedural water vertices (Ocean/Pools)
[+22:38:50.466] VoxelWater: Chunk X=2 Y=-24 Z=3 emitted 60 procedural water vertices (Ocean/Pools)
[+22:38:50.466] VoxelWater: Chunk X=3 Y=-26 Z=3 emitted 24 procedural water vertices (Ocean/Pools)
[+22:38:50.466] VoxelWater: Chunk X=6 Y=-29 Z=1 emitted 136 procedural water vertices (Ocean/Pools)
[+22:38:50.466] VoxelWater: Chunk X=4 Y=-29 Z=1 emitted 60 procedural water vertices (Ocean/Pools)
[+22:38:50.466] VoxelWater: Chunk X=2 Y=-23 Z=3 emitted 20 procedural water vertices (Ocean/Pools)
[+22:38:50.466] VoxelWater: Chunk X=4 Y=-21 Z=2 emitted 184 procedural water vertices (Ocean/Pools)
[+22:38:50.466] VoxelWater: Chunk X=3 Y=-21 Z=2 emitted 176 procedural water vertices (Ocean/Pools)
[+22:38:50.467] VoxelWater: Chunk X=4 Y=-29 Z=2 emitted 32 procedural water vertices (Ocean/Pools)
[+22:38:50.467] VoxelWater: Chunk X=3 Y=-29 Z=2 emitted 12 procedural water vertices (Ocean/Pools)
[+22:38:50.467] VoxelWater: Chunk X=1 Y=-24 Z=2 emitted 60 procedural water vertices (Ocean/Pools)
[+22:38:50.467] VoxelWater: Chunk X=1 Y=-24 Z=3 emitted 20 procedural water vertices (Ocean/Pools)
[+22:38:50.467] VoxelWater: Chunk X=9 Y=-26 Z=2 emitted 60 procedural water vertices (Ocean/Pools)
[+22:38:50.467] VoxelWater: Chunk X=6 Y=-21 Z=2 emitted 152 procedural water vertices (Ocean/Pools)
[+22:38:50.467] VoxelWater: Chunk X=5 Y=-20 Z=1 emitted 20 procedural water vertices (Ocean/Pools)
[+22:38:50.467] VoxelWater: Chunk X=7 Y=-25 Z=4 emitted 68 procedural water vertices (Ocean/Pools)
[+22:38:50.467] VoxelWater: Chunk X=7 Y=-24 Z=4 emitted 28 procedural water vertices (Ocean/Pools)
[+22:38:50.467] VoxelWater: Chunk X=1 Y=-27 Z=2 emitted 44 procedural water vertices (Ocean/Pools)
[+22:38:50.468] VoxelWater: Chunk X=1 Y=-28 Z=1 emitted 28 procedural water vertices (Ocean/Pools)
[+22:38:50.468] VoxelWater: Chunk X=5 Y=-30 Z=1 emitted 20 procedural water vertices (Ocean/Pools)
[+22:38:50.468] VoxelWater: Chunk X=3 Y=-22 Z=3 emitted 76 procedural water vertices (Ocean/Pools)
[+22:38:50.468] VoxelWater: Chunk X=10 Y=-25 Z=1 emitted 36 procedural water vertices (Ocean/Pools)
[+22:38:50.468] VoxelWater: Chunk X=9 Y=-22 Z=1 emitted 100 procedural water vertices (Ocean/Pools)
[+22:38:50.468] VoxelWater: Chunk X=8 Y=-29 Z=1 emitted 60 procedural water vertices (Ocean/Pools)
[+22:38:50.468] VoxelWater: Chunk X=7 Y=-21 Z=2 emitted 20 procedural water vertices (Ocean/Pools)
[+22:38:50.468] VoxelWater: Chunk X=9 Y=-28 Z=1 emitted 20 procedural water vertices (Ocean/Pools)
[+22:38:50.468] VoxelWater: Chunk X=10 Y=-24 Z=1 emitted 48 procedural water vertices (Ocean/Pools)
[+22:38:50.468] VoxelWater: Chunk X=10 Y=-26 Z=1 emitted 96 procedural water vertices (Ocean/Pools)
[+22:38:50.468] VoxelWater: Chunk X=4 Y=-20 Z=1 emitted 76 procedural water vertices (Ocean/Pools)
[+22:38:50.468] VoxelWater: Chunk X=6 Y=-30 Z=1 emitted 96 procedural water vertices (Ocean/Pools)
[+22:38:50.468] VoxelWater: Chunk X=4 Y=-30 Z=1 emitted 32 procedural water vertices (Ocean/Pools)
[+22:38:50.468] VoxelWater: Chunk X=1 Y=-25 Z=3 emitted 12 procedural water vertices (Ocean/Pools)
[+22:38:50.482] VoxelMesh: Chunk X=0 Y=0 Z=0 FlatVerts=186 SlopeVerts=23634
[+22:38:50.500] VoxelChunk: GenerateAsync (2,-3,2)
[+22:38:50.501] VoxelMesh: Chunk X=2 Y=-3 Z=2 FlatVerts=0 SlopeVerts=30
[+22:38:50.508] VoxelMesh: Chunk X=0 Y=0 Z=0 FlatVerts=0 SlopeVerts=0
[+22:38:50.509] VoxelChunk: GenerateAsync (7,-23,4)
[+22:38:50.512] VoxelMesh: Chunk X=7 Y=-23 Z=4 FlatVerts=0 SlopeVerts=0
[+22:38:50.515] VoxelMesh: Chunk X=0 Y=0 Z=0 FlatVerts=12 SlopeVerts=192
[+22:38:50.515] VoxelChunk: GenerateAsync (3,-23,4)
[+22:38:50.518] VoxelMesh: Chunk X=3 Y=-23 Z=4 FlatVerts=0 SlopeVerts=876
[+22:38:50.520] VoxelMesh: Chunk X=0 Y=0 Z=0 FlatVerts=624 SlopeVerts=1440
[+22:38:50.520] VoxelChunk: GenerateAsync (1,-21,0)
[+22:38:50.521] VoxelMesh: Chunk X=1 Y=-21 Z=0 FlatVerts=0 SlopeVerts=0
[+22:38:50.525] VoxelMesh: Chunk X=0 Y=0 Z=0 FlatVerts=5994 SlopeVerts=11658
[+22:38:50.526] VoxelChunk: GenerateAsync (3,-30,1)
[+22:38:50.527] VoxelMesh: Chunk X=3 Y=-30 Z=1 FlatVerts=1188 SlopeVerts=966
[+22:38:50.542] VoxelMesh: Chunk X=0 Y=0 Z=0 FlatVerts=786 SlopeVerts=3774
[+22:38:50.543] VoxelChunk: GenerateAsync (1,-29,0)
[+22:38:50.544] VoxelMesh: Chunk X=1 Y=-29 Z=0 FlatVerts=0 SlopeVerts=0
[+22:38:50.546] VoxelMesh: Chunk X=0 Y=0 Z=0 FlatVerts=7500 SlopeVerts=828
[+22:38:50.548] VoxelChunk: GenerateAsync (9,-29,0)
[+22:38:50.549] VoxelMesh: Chunk X=9 Y=-29 Z=0 FlatVerts=0 SlopeVerts=0
[+22:38:50.555] VoxelMesh: Chunk X=0 Y=0 Z=0 FlatVerts=24 SlopeVerts=2460
[+22:38:50.556] VoxelChunk: GenerateAsync (4,-21,3)
[+22:38:50.560] VoxelMesh: Chunk X=4 Y=-21 Z=3 FlatVerts=0 SlopeVerts=0
[+22:38:50.563] VoxelMesh: Chunk X=0 Y=0 Z=0 FlatVerts=0 SlopeVerts=1824
[+22:38:50.563] VoxelChunk: GenerateAsync (7,-27,4)
[+22:38:50.565] VoxelMesh: Chunk X=7 Y=-27 Z=4 FlatVerts=0 SlopeVerts=0
[+22:38:50.577] VoxelMesh: Chunk X=0 Y=0 Z=0 FlatVerts=156 SlopeVerts=26832
[+22:38:50.598] VoxelChunk: GenerateAsync (3,-3,2)
[+22:38:50.600] VoxelMesh: Chunk X=3 Y=-3 Z=2 FlatVerts=0 SlopeVerts=2658
[+22:38:50.607] VoxelMesh: Chunk X=0 Y=0 Z=0 FlatVerts=2250 SlopeVerts=8502
[+22:38:50.608] VoxelChunk: GenerateAsync (7,-30,1)
[+22:38:50.611] VoxelMesh: Chunk X=7 Y=-30 Z=1 FlatVerts=2478 SlopeVerts=342
[+22:38:50.613] VoxelMesh: Chunk X=0 Y=0 Z=0 FlatVerts=2394 SlopeVerts=14490
[+22:38:50.614] VoxelChunk: GenerateAsync (10,-27,1)
[+22:38:50.615] VoxelMesh: Chunk X=10 Y=-27 Z=1 FlatVerts=1848 SlopeVerts=150
[+22:38:50.618] VoxelMesh: Chunk X=0 Y=0 Z=0 FlatVerts=7056 SlopeVerts=2520
[+22:38:50.620] VoxelChunk: GenerateAsync (7,-20,1)
[+22:38:50.620] VoxelMesh: Chunk X=7 Y=-20 Z=1 FlatVerts=84 SlopeVerts=1098
[+22:38:50.626] VoxelMesh: Chunk X=0 Y=0 Z=0 FlatVerts=654 SlopeVerts=13506
[+22:38:50.626] VoxelChunk: GenerateAsync (3,-20,1)
[+22:38:50.627] VoxelMesh: Chunk X=3 Y=-20 Z=1 FlatVerts=630 SlopeVerts=1752
[+22:38:50.645] VoxelMesh: Chunk X=0 Y=0 Z=0 FlatVerts=6270 SlopeVerts=4866
[+22:38:50.646] VoxelChunk: GenerateAsync (10,-23,1)
[+22:38:50.647] VoxelMesh: Chunk X=10 Y=-23 Z=1 FlatVerts=2154 SlopeVerts=0
[+22:38:50.651] VoxelMesh: Chunk X=0 Y=0 Z=0 FlatVerts=4542 SlopeVerts=13488
[+22:38:50.652] VoxelChunk: GenerateAsync (0,-23,1)
[+22:38:50.655] VoxelMesh: Chunk X=0 Y=-23 Z=1 FlatVerts=1776 SlopeVerts=0
[+22:38:50.659] VoxelMesh: Chunk X=0 Y=0 Z=0 FlatVerts=7008 SlopeVerts=3078
[+22:38:50.660] VoxelChunk: GenerateAsync (0,-27,1)
[+22:38:50.664] VoxelMesh: Chunk X=0 Y=-27 Z=1 FlatVerts=0 SlopeVerts=0
[+22:38:50.667] VoxelMesh: Chunk X=0 Y=0 Z=0 FlatVerts=0 SlopeVerts=0
[+22:38:50.667] VoxelChunk: GenerateAsync (8,-21,2)
[+22:38:50.668] VoxelMesh: Chunk X=8 Y=-21 Z=2 FlatVerts=0 SlopeVerts=948
[+22:38:50.700] VoxelWater: Chunk X=9 Y=-26 Z=1 emitted 116 procedural water vertices (Ocean/Pools)
[+22:38:50.700] VoxelWater: Chunk X=9 Y=-25 Z=1 emitted 28 procedural water vertices (Ocean/Pools)
[+22:38:50.700] VoxelWater: Chunk X=5 Y=-29 Z=0 emitted 4 procedural water vertices (Ocean/Pools)
[+22:38:50.700] VoxelWater: Chunk X=5 Y=-29 Z=1 emitted 28 procedural water vertices (Ocean/Pools)
[+22:38:50.700] VoxelWater: Chunk X=8 Y=-25 Z=1 emitted 32 procedural water vertices (Ocean/Pools)
[+22:38:50.700] VoxelWater: Chunk X=5 Y=-23 Z=1 emitted 236 procedural water vertices (Ocean/Pools)
[+22:38:50.700] VoxelWater: Chunk X=6 Y=-23 Z=1 emitted 12 procedural water vertices (Ocean/Pools)
[+22:38:50.700] VoxelWater: Chunk X=7 Y=-25 Z=3 emitted 36 procedural water vertices (Ocean/Pools)
[+22:38:50.700] VoxelWater: Chunk X=6 Y=-24 Z=1 emitted 220 procedural water vertices (Ocean/Pools)
[+22:38:50.700] VoxelWater: Chunk X=5 Y=-24 Z=1 emitted 204 procedural water vertices (Ocean/Pools)
[+22:38:50.700] VoxelWater: Chunk X=7 Y=-24 Z=1 emitted 4 procedural water vertices (Ocean/Pools)
[+22:38:50.700] VoxelWater: Chunk X=4 Y=-24 Z=1 emitted 268 procedural water vertices (Ocean/Pools)
[+22:38:50.700] VoxelWater: Chunk X=8 Y=-27 Z=1 emitted 48 procedural water vertices (Ocean/Pools)
[+22:38:50.700] VoxelWater: Chunk X=9 Y=-27 Z=1 emitted 48 procedural water vertices (Ocean/Pools)
[+22:38:50.700] VoxelWater: Chunk X=6 Y=-26 Z=0 emitted 12 procedural water vertices (Ocean/Pools)
[+22:38:50.700] VoxelWater: Chunk X=6 Y=-26 Z=1 emitted 184 procedural water vertices (Ocean/Pools)
[+22:38:50.700] VoxelWater: Chunk X=7 Y=-26 Z=1 emitted 276 procedural water vertices (Ocean/Pools)
[+22:38:50.700] VoxelWater: Chunk X=7 Y=-26 Z=0 emitted 8 procedural water vertices (Ocean/Pools)
[+22:38:50.700] VoxelWater: Chunk X=5 Y=-21 Z=1 emitted 4 procedural water vertices (Ocean/Pools)
[+22:38:50.700] VoxelWater: Chunk X=5 Y=-20 Z=1 emitted 24 procedural water vertices (Ocean/Pools)
[+22:38:50.700] VoxelWater: Chunk X=4 Y=-26 Z=0 emitted 4 procedural water vertices (Ocean/Pools)
[+22:38:50.700] VoxelWater: Chunk X=4 Y=-26 Z=1 emitted 552 procedural water vertices (Ocean/Pools)
[+22:38:50.700] VoxelWater: Chunk X=5 Y=-26 Z=1 emitted 548 procedural water vertices (Ocean/Pools)
[+22:38:50.700] VoxelWater: Chunk X=1 Y=-25 Z=2 emitted 4 procedural water vertices (Ocean/Pools)
[+22:38:50.700] VoxelWater: Chunk X=4 Y=-25 Z=1 emitted 440 procedural water vertices (Ocean/Pools)
[+22:38:50.700] VoxelWater: Chunk X=5 Y=-25 Z=1 emitted 176 procedural water vertices (Ocean/Pools)
[+22:38:50.700] VoxelWater: Chunk X=6 Y=-28 Z=1 emitted 96 procedural water vertices (Ocean/Pools)
[+22:38:50.700] VoxelWater: Chunk X=6 Y=-28 Z=2 emitted 4 procedural water vertices (Ocean/Pools)
[+22:38:50.701] VoxelWater: Chunk X=5 Y=-21 Z=2 emitted 8 procedural water vertices (Ocean/Pools)
[+22:38:50.701] VoxelWater: Chunk X=8 Y=-26 Z=1 emitted 52 procedural water vertices (Ocean/Pools)
[+22:38:50.701] VoxelWater: Chunk X=8 Y=-26 Z=2 emitted 8 procedural water vertices (Ocean/Pools)
[+22:38:50.701] VoxelWater: Chunk X=4 Y=-26 Z=2 emitted 8 procedural water vertices (Ocean/Pools)
[+22:38:50.701] VoxelWater: Chunk X=4 Y=-25 Z=2 emitted 324 procedural water vertices (Ocean/Pools)
[+22:38:50.701] VoxelWater: Chunk X=4 Y=-25 Z=3 emitted 136 procedural water vertices (Ocean/Pools)
[+22:38:50.701] VoxelWater: Chunk X=3 Y=-25 Z=3 emitted 8 procedural water vertices (Ocean/Pools)
[+22:38:50.701] VoxelWater: Chunk X=5 Y=-25 Z=2 emitted 464 procedural water vertices (Ocean/Pools)
[+22:38:50.701] VoxelWater: Chunk X=3 Y=-25 Z=2 emitted 48 procedural water vertices (Ocean/Pools)
[+22:38:50.701] VoxelWater: Chunk X=4 Y=-24 Z=2 emitted 364 procedural water vertices (Ocean/Pools)
[+22:38:50.701] VoxelWater: Chunk X=4 Y=-24 Z=3 emitted 80 procedural water vertices (Ocean/Pools)
[+22:38:50.701] VoxelWater: Chunk X=3 Y=-24 Z=3 emitted 96 procedural water vertices (Ocean/Pools)
[+22:38:50.701] VoxelWater: Chunk X=5 Y=-24 Z=2 emitted 124 procedural water vertices (Ocean/Pools)
[+22:38:50.701] VoxelWater: Chunk X=5 Y=-26 Z=2 emitted 12 procedural water vertices (Ocean/Pools)
[+22:38:50.701] VoxelWater: Chunk X=5 Y=-25 Z=3 emitted 128 procedural water vertices (Ocean/Pools)
[+22:38:50.701] VoxelWater: Chunk X=6 Y=-25 Z=3 emitted 212 procedural water vertices (Ocean/Pools)
[+22:38:50.701] VoxelWater: Chunk X=6 Y=-25 Z=2 emitted 232 procedural water vertices (Ocean/Pools)
[+22:38:50.701] VoxelWater: Chunk X=2 Y=-25 Z=3 emitted 8 procedural water vertices (Ocean/Pools)
[+22:38:50.701] VoxelWater: Chunk X=5 Y=-24 Z=3 emitted 20 procedural water vertices (Ocean/Pools)
[+22:38:50.701] VoxelWater: Chunk X=6 Y=-24 Z=3 emitted 104 procedural water vertices (Ocean/Pools)
[+22:38:50.701] VoxelWater: Chunk X=7 Y=-27 Z=1 emitted 116 procedural water vertices (Ocean/Pools)
[+22:38:50.701] VoxelWater: Chunk X=6 Y=-27 Z=1 emitted 316 procedural water vertices (Ocean/Pools)
[+22:38:50.701] VoxelWater: Chunk X=6 Y=-26 Z=2 emitted 56 procedural water vertices (Ocean/Pools)
[+22:38:50.701] VoxelWater: Chunk X=6 Y=-26 Z=3 emitted 20 procedural water vertices (Ocean/Pools)
[+22:38:50.701] VoxelWater: Chunk X=3 Y=-23 Z=1 emitted 68 procedural water vertices (Ocean/Pools)
[+22:38:50.701] VoxelWater: Chunk X=6 Y=-25 Z=1 emitted 40 procedural water vertices (Ocean/Pools)
[+22:38:50.701] VoxelWater: Chunk X=7 Y=-25 Z=2 emitted 20 procedural water vertices (Ocean/Pools)
[+22:38:50.701] VoxelWater: Chunk X=6 Y=-24 Z=2 emitted 204 procedural water vertices (Ocean/Pools)
[+22:38:50.701] VoxelWater: Chunk X=3 Y=-28 Z=1 emitted 4 procedural water vertices (Ocean/Pools)
[+22:38:50.701] VoxelWater: Chunk X=8 Y=-23 Z=1 emitted 20 procedural water vertices (Ocean/Pools)
[+22:38:50.701] VoxelWater: Chunk X=5 Y=-26 Z=0 emitted 12 procedural water vertices (Ocean/Pools)
[+22:38:50.701] VoxelWater: Chunk X=5 Y=-27 Z=1 emitted 160 procedural water vertices (Ocean/Pools)
[+22:38:50.702] VoxelWater: Chunk X=3 Y=-29 Z=1 emitted 100 procedural water vertices (Ocean/Pools)
[+22:38:50.702] VoxelWater: Chunk X=2 Y=-29 Z=1 emitted 108 procedural water vertices (Ocean/Pools)
[+22:38:50.702] VoxelWater: Chunk X=3 Y=-23 Z=3 emitted 8 procedural water vertices (Ocean/Pools)
[+22:38:50.702] VoxelWater: Chunk X=6 Y=-28 Z=0 emitted 4 procedural water vertices (Ocean/Pools)
[+22:38:50.702] VoxelWater: Chunk X=4 Y=-23 Z=1 emitted 16 procedural water vertices (Ocean/Pools)
[+22:38:50.702] VoxelWater: Chunk X=4 Y=-23 Z=2 emitted 20 procedural water vertices (Ocean/Pools)
[+22:38:50.702] VoxelWater: Chunk X=3 Y=-24 Z=2 emitted 24 procedural water vertices (Ocean/Pools)
[+22:38:50.702] VoxelWater: Chunk X=2 Y=-24 Z=2 emitted 20 procedural water vertices (Ocean/Pools)
[+22:38:50.702] VoxelWater: Chunk X=8 Y=-24 Z=1 emitted 28 procedural water vertices (Ocean/Pools)
[+22:38:50.702] VoxelWater: Chunk X=4 Y=-27 Z=1 emitted 184 procedural water vertices (Ocean/Pools)
[+22:38:50.702] VoxelWater: Chunk X=3 Y=-26 Z=1 emitted 140 procedural water vertices (Ocean/Pools)
[+22:38:50.702] VoxelWater: Chunk X=7 Y=-23 Z=1 emitted 4 procedural water vertices (Ocean/Pools)
[+22:38:50.702] VoxelWater: Chunk X=3 Y=-25 Z=1 emitted 4 procedural water vertices (Ocean/Pools)
[+22:38:50.702] VoxelWater: Chunk X=4 Y=-22 Z=2 emitted 16 procedural water vertices (Ocean/Pools)
[+22:38:50.702] VoxelWater: Chunk X=5 Y=-28 Z=1 emitted 216 procedural water vertices (Ocean/Pools)
[+22:38:50.702] VoxelWater: Chunk X=8 Y=-24 Z=2 emitted 28 procedural water vertices (Ocean/Pools)
[+22:38:50.702] VoxelWater: Chunk X=7 Y=-24 Z=2 emitted 20 procedural water vertices (Ocean/Pools)
[+22:38:50.702] VoxelWater: Chunk X=7 Y=-26 Z=2 emitted 40 procedural water vertices (Ocean/Pools)
[+22:38:50.702] VoxelWater: Chunk X=5 Y=-23 Z=2 emitted 16 procedural water vertices (Ocean/Pools)
[+22:38:50.702] VoxelWater: Chunk X=5 Y=-22 Z=2 emitted 124 procedural water vertices (Ocean/Pools)
[+22:38:50.702] VoxelWater: Chunk X=5 Y=-22 Z=1 emitted 60 procedural water vertices (Ocean/Pools)
[+22:38:50.702] VoxelWater: Chunk X=5 Y=-27 Z=2 emitted 64 procedural water vertices (Ocean/Pools)
[+22:38:50.702] VoxelWater: Chunk X=5 Y=-28 Z=2 emitted 4 procedural water vertices (Ocean/Pools)
[+22:38:50.702] VoxelWater: Chunk X=6 Y=-27 Z=2 emitted 12 procedural water vertices (Ocean/Pools)
[+22:38:50.702] VoxelWater: Chunk X=3 Y=-26 Z=2 emitted 152 procedural water vertices (Ocean/Pools)
[+22:38:50.702] VoxelWater: Chunk X=4 Y=-27 Z=2 emitted 68 procedural water vertices (Ocean/Pools)
[+22:38:50.702] VoxelWater: Chunk X=6 Y=-22 Z=1 emitted 60 procedural water vertices (Ocean/Pools)
[+22:38:50.702] VoxelWater: Chunk X=7 Y=-22 Z=1 emitted 8 procedural water vertices (Ocean/Pools)
[+22:38:50.702] VoxelWater: Chunk X=6 Y=-25 Z=4 emitted 4 procedural water vertices (Ocean/Pools)
[+22:38:50.702] VoxelWater: Chunk X=2 Y=-24 Z=1 emitted 16 procedural water vertices (Ocean/Pools)
[+22:38:50.702] VoxelWater: Chunk X=3 Y=-23 Z=2 emitted 116 procedural water vertices (Ocean/Pools)
[+22:38:50.702] VoxelWater: Chunk X=2 Y=-23 Z=1 emitted 44 procedural water vertices (Ocean/Pools)
[+22:38:50.702] VoxelWater: Chunk X=3 Y=-22 Z=2 emitted 36 procedural water vertices (Ocean/Pools)
[+22:38:50.702] VoxelWater: Chunk X=8 Y=-23 Z=2 emitted 24 procedural water vertices (Ocean/Pools)
[+22:38:50.702] VoxelWater: Chunk X=7 Y=-23 Z=2 emitted 4 procedural water vertices (Ocean/Pools)
[+22:38:50.702] VoxelWater: Chunk X=2 Y=-28 Z=1 emitted 16 procedural water vertices (Ocean/Pools)
[+22:38:50.702] VoxelWater: Chunk X=2 Y=-23 Z=2 emitted 28 procedural water vertices (Ocean/Pools)
[+22:38:50.702] VoxelWater: Chunk X=7 Y=-24 Z=3 emitted 48 procedural water vertices (Ocean/Pools)
[+22:38:50.702] VoxelWater: Chunk X=6 Y=-21 Z=1 emitted 52 procedural water vertices (Ocean/Pools)
[+22:38:50.702] VoxelWater: Chunk X=4 Y=-23 Z=3 emitted 16 procedural water vertices (Ocean/Pools)
[+22:38:50.702] VoxelWater: Chunk X=4 Y=-20 Z=1 emitted 84 procedural water vertices (Ocean/Pools)
[+22:38:50.702] VoxelWater: Chunk X=4 Y=-21 Z=1 emitted 84 procedural water vertices (Ocean/Pools)
[+22:38:50.702] VoxelWater: Chunk X=1 Y=-24 Z=1 emitted 60 procedural water vertices (Ocean/Pools)
[+22:38:50.702] VoxelWater: Chunk X=0 Y=-24 Z=1 emitted 4 procedural water vertices (Ocean/Pools)
[+22:38:50.702] VoxelWater: Chunk X=2 Y=-24 Z=3 emitted 64 procedural water vertices (Ocean/Pools)
[+22:38:50.702] VoxelWater: Chunk X=3 Y=-26 Z=3 emitted 24 procedural water vertices (Ocean/Pools)
[+22:38:50.702] VoxelWater: Chunk X=6 Y=-29 Z=0 emitted 4 procedural water vertices (Ocean/Pools)
[+22:38:50.702] VoxelWater: Chunk X=6 Y=-29 Z=1 emitted 184 procedural water vertices (Ocean/Pools)
[+22:38:50.702] VoxelWater: Chunk X=4 Y=-29 Z=1 emitted 64 procedural water vertices (Ocean/Pools)
[+22:38:50.702] VoxelWater: Chunk X=2 Y=-23 Z=3 emitted 20 procedural water vertices (Ocean/Pools)
[+22:38:50.702] VoxelWater: Chunk X=4 Y=-21 Z=2 emitted 220 procedural water vertices (Ocean/Pools)
[+22:38:50.702] VoxelWater: Chunk X=3 Y=-21 Z=2 emitted 176 procedural water vertices (Ocean/Pools)
[+22:38:50.702] VoxelWater: Chunk X=4 Y=-29 Z=2 emitted 32 procedural water vertices (Ocean/Pools)
[+22:38:50.702] VoxelWater: Chunk X=3 Y=-29 Z=2 emitted 16 procedural water vertices (Ocean/Pools)
[+22:38:50.702] VoxelWater: Chunk X=1 Y=-24 Z=2 emitted 60 procedural water vertices (Ocean/Pools)
[+22:38:50.702] VoxelWater: Chunk X=1 Y=-24 Z=3 emitted 24 procedural water vertices (Ocean/Pools)
[+22:38:50.703] VoxelWater: Chunk X=9 Y=-26 Z=2 emitted 68 procedural water vertices (Ocean/Pools)
[+22:38:50.703] VoxelWater: Chunk X=6 Y=-21 Z=2 emitted 156 procedural water vertices (Ocean/Pools)
[+22:38:50.703] VoxelWater: Chunk X=7 Y=-25 Z=4 emitted 68 procedural water vertices (Ocean/Pools)
[+22:38:50.703] VoxelWater: Chunk X=7 Y=-24 Z=4 emitted 28 procedural water vertices (Ocean/Pools)
[+22:38:50.703] VoxelWater: Chunk X=1 Y=-27 Z=2 emitted 48 procedural water vertices (Ocean/Pools)
[+22:38:50.703] VoxelWater: Chunk X=1 Y=-28 Z=1 emitted 28 procedural water vertices (Ocean/Pools)
[+22:38:50.703] VoxelWater: Chunk X=5 Y=-30 Z=1 emitted 20 procedural water vertices (Ocean/Pools)
[+22:38:50.703] VoxelWater: Chunk X=3 Y=-22 Z=3 emitted 76 procedural water vertices (Ocean/Pools)
[+22:38:50.703] VoxelWater: Chunk X=10 Y=-25 Z=1 emitted 36 procedural water vertices (Ocean/Pools)
[+22:38:50.703] VoxelWater: Chunk X=9 Y=-22 Z=1 emitted 100 procedural water vertices (Ocean/Pools)
[+22:38:50.703] VoxelWater: Chunk X=8 Y=-29 Z=1 emitted 60 procedural water vertices (Ocean/Pools)
[+22:38:50.703] VoxelWater: Chunk X=7 Y=-21 Z=2 emitted 20 procedural water vertices (Ocean/Pools)
[+22:38:50.703] VoxelWater: Chunk X=9 Y=-28 Z=1 emitted 20 procedural water vertices (Ocean/Pools)
[+22:38:50.703] VoxelWater: Chunk X=3 Y=-21 Z=1 emitted 12 procedural water vertices (Ocean/Pools)
[+22:38:50.703] VoxelWater: Chunk X=10 Y=-24 Z=1 emitted 48 procedural water vertices (Ocean/Pools)
[+22:38:50.703] VoxelWater: Chunk X=10 Y=-26 Z=1 emitted 96 procedural water vertices (Ocean/Pools)
[+22:38:50.703] VoxelWater: Chunk X=6 Y=-30 Z=1 emitted 96 procedural water vertices (Ocean/Pools)
[+22:38:50.704] VoxelWater: Chunk X=4 Y=-30 Z=1 emitted 36 procedural water vertices (Ocean/Pools)
[+22:38:50.704] VoxelWater: Chunk X=1 Y=-25 Z=3 emitted 20 procedural water vertices (Ocean/Pools)
[+22:38:50.704] VoxelWater: Chunk X=3 Y=-30 Z=1 emitted 12 procedural water vertices (Ocean/Pools)
[+22:38:50.704] VoxelWater: Chunk X=7 Y=-30 Z=1 emitted 36 procedural water vertices (Ocean/Pools)
[+22:38:50.704] VoxelWater: Chunk X=7 Y=-20 Z=1 emitted 20 procedural water vertices (Ocean/Pools)
[+22:38:50.704] VoxelWater: Chunk X=3 Y=-20 Z=1 emitted 16 procedural water vertices (Ocean/Pools)
[+22:38:50.720] VoxelMesh: Chunk X=0 Y=0 Z=0 FlatVerts=48 SlopeVerts=528
[+22:38:50.722] VoxelChunk: GenerateAsync (-3,-2,2)
[+22:38:50.723] VoxelMesh: Chunk X=-3 Y=-2 Z=2 FlatVerts=18 SlopeVerts=2742
[+22:38:50.729] VoxelMesh: Chunk X=0 Y=0 Z=0 FlatVerts=336 SlopeVerts=17292
[+22:38:50.730] VoxelChunk: GenerateAsync (10,-25,2)
[+22:38:50.732] VoxelMesh: Chunk X=10 Y=-25 Z=2 FlatVerts=1248 SlopeVerts=858
[+22:38:50.735] VoxelMesh: Chunk X=0 Y=0 Z=0 FlatVerts=0 SlopeVerts=0
[+22:38:50.735] VoxelChunk: GenerateAsync (2,-28,-5)
[+22:38:50.736] VoxelMesh: Chunk X=2 Y=-28 Z=-5 FlatVerts=0 SlopeVerts=0
[+22:38:50.740] VoxelMesh: Chunk X=0 Y=0 Z=0 FlatVerts=2658 SlopeVerts=13122
[+22:38:50.741] VoxelChunk: GenerateAsync (5,-30,2)
[+22:38:50.747] VoxelMesh: Chunk X=5 Y=-30 Z=2 FlatVerts=198 SlopeVerts=582
[+22:38:50.749] VoxelMesh: Chunk X=0 Y=0 Z=0 FlatVerts=702 SlopeVerts=12420
[+22:38:50.751] VoxelChunk: GenerateAsync (2,-29,2)
[+22:38:50.752] VoxelMesh: Chunk X=2 Y=-29 Z=2 FlatVerts=180 SlopeVerts=282
[+22:38:50.768] VoxelMesh: Chunk X=0 Y=0 Z=0 FlatVerts=0 SlopeVerts=0
[+22:38:50.769] VoxelChunk: GenerateAsync (8,-22,-5)
[+22:38:50.770] VoxelMesh: Chunk X=8 Y=-22 Z=-5 FlatVerts=0 SlopeVerts=0
[+22:38:50.776] VoxelMesh: Chunk X=0 Y=0 Z=0 FlatVerts=726 SlopeVerts=7902
[+22:38:50.777] VoxelChunk: GenerateAsync (5,-20,2)
[+22:38:50.780] VoxelMesh: Chunk X=5 Y=-20 Z=2 FlatVerts=216 SlopeVerts=2358
[+22:38:50.783] VoxelMesh: Chunk X=0 Y=0 Z=0 FlatVerts=0 SlopeVerts=912
[+22:38:50.783] VoxelChunk: GenerateAsync (8,-29,2)
[+22:38:50.786] VoxelMesh: Chunk X=8 Y=-29 Z=2 FlatVerts=0 SlopeVerts=0
[+22:38:50.791] VoxelMesh: Chunk X=0 Y=0 Z=0 FlatVerts=816 SlopeVerts=7476
[+22:38:50.791] VoxelChunk: GenerateAsync (1,-28,2)
[+22:38:50.793] VoxelMesh: Chunk X=1 Y=-28 Z=2 FlatVerts=168 SlopeVerts=3816
[+22:38:50.806] VoxelMesh: Chunk X=0 Y=0 Z=0 FlatVerts=828 SlopeVerts=8406
[+22:38:50.813] VoxelChunk: GenerateAsync (-3,2,1)
[+22:38:50.814] VoxelMesh: Chunk X=-3 Y=2 Z=1 FlatVerts=0 SlopeVerts=0
[+22:38:50.815] VoxelChunk: GenerateAsync (0,-26,1)
[+22:38:50.815] VoxelChunk: GenerateAsync (10,-27,0)
[+22:38:50.815] VoxelChunk: GenerateAsync (4,-30,1)
[+22:38:50.815] VoxelChunk: GenerateAsync (5,-21,3)
[+22:38:50.815] VoxelChunk: GenerateAsync (1,-25,3)
[+22:38:50.815] VoxelChunk: GenerateAsync (9,-25,3)
[+22:38:50.815] VoxelChunk: GenerateAsync (5,-29,3)
[+22:38:50.815] VoxelMesh: Chunk X=10 Y=-27 Z=0 FlatVerts=0 SlopeVerts=0
[+22:38:50.815] VoxelChunk: GenerateAsync (1,-26,3)
[+22:38:50.815] VoxelChunk: GenerateAsync (1,-24,3)
[+22:38:50.815] VoxelChunk: GenerateAsync (9,-24,3)
[+22:38:50.815] VoxelChunk: GenerateAsync (6,-21,3)
[+22:38:50.815] VoxelChunk: GenerateAsync (6,-29,3)
[+22:38:50.815] VoxelMesh: Chunk X=4 Y=-30 Z=1 FlatVerts=66 SlopeVerts=0
[+22:38:50.815] VoxelMesh: Chunk X=0 Y=-26 Z=1 FlatVerts=0 SlopeVerts=0
[+22:38:50.815] VoxelChunk: GenerateAsync (9,-26,3)
[+22:38:50.815] VoxelChunk: GenerateAsync (3,-27,4)
[+22:38:50.815] VoxelChunk: GenerateAsync (4,-29,3)
[+22:38:50.815] VoxelChunk: GenerateAsync (9,-21,0)
[+22:38:50.815] VoxelChunk: GenerateAsync (7,-23,4)
[+22:38:50.815] VoxelChunk: GenerateAsync (3,-23,4)
[+22:38:50.815] VoxelChunk: GenerateAsync (1,-21,0)
[+22:38:50.815] VoxelMesh: Chunk X=1 Y=-25 Z=3 FlatVerts=54 SlopeVerts=90
[+22:38:50.815] VoxelChunk: GenerateAsync (3,-30,1)
[+22:38:50.815] VoxelChunk: GenerateAsync (1,-29,0)
[+22:38:50.815] VoxelChunk: GenerateAsync (9,-29,0)
[+22:38:50.815] VoxelMesh: Chunk X=1 Y=-26 Z=3 FlatVerts=6 SlopeVerts=24
[+22:38:50.815] VoxelChunk: GenerateAsync (4,-21,3)
[+22:38:50.815] VoxelChunk: GenerateAsync (7,-27,4)
[+22:38:50.815] VoxelChunk: GenerateAsync (7,-30,1)
[+22:38:50.815] VoxelMesh: Chunk X=5 Y=-21 Z=3 FlatVerts=0 SlopeVerts=0
[+22:38:50.815] VoxelChunk: GenerateAsync (10,-27,1)
[+22:38:50.815] VoxelChunk: GenerateAsync (7,-20,1)
[+22:38:50.815] VoxelChunk: GenerateAsync (3,-20,1)
[+22:38:50.815] VoxelChunk: GenerateAsync (10,-23,1)
[+22:38:50.815] VoxelMesh: Chunk X=5 Y=-29 Z=3 FlatVerts=0 SlopeVerts=0
[+22:38:50.815] VoxelChunk: GenerateAsync (0,-23,1)
[+22:38:50.815] VoxelChunk: GenerateAsync (0,-27,1)
[+22:38:50.815] VoxelChunk: GenerateAsync (8,-21,2)
[+22:38:50.815] VoxelChunk: GenerateAsync (10,-25,2)
[+22:38:50.815] VoxelChunk: GenerateAsync (5,-30,2)
[+22:38:50.815] VoxelMesh: Chunk X=6 Y=-29 Z=3 FlatVerts=0 SlopeVerts=0
[+22:38:50.815] VoxelChunk: GenerateAsync (2,-29,2)
[+22:38:50.815] VoxelMesh: Chunk X=9 Y=-25 Z=3 FlatVerts=0 SlopeVerts=0
[+22:38:50.815] VoxelMesh: Chunk X=1 Y=-24 Z=3 FlatVerts=0 SlopeVerts=48
[+22:38:50.815] VoxelMesh: Chunk X=9 Y=-21 Z=0 FlatVerts=0 SlopeVerts=0
[+22:38:50.815] VoxelChunk: GenerateAsync (5,-20,2)
[+22:38:50.815] VoxelMesh: Chunk X=9 Y=-24 Z=3 FlatVerts=0 SlopeVerts=0
[+22:38:50.815] VoxelChunk: GenerateAsync (8,-29,2)
[+22:38:50.815] VoxelMesh: Chunk X=9 Y=-26 Z=3 FlatVerts=0 SlopeVerts=0
[+22:38:50.815] VoxelChunk: GenerateAsync (1,-28,2)
[+22:38:50.815] VoxelMesh: Chunk X=9 Y=-29 Z=0 FlatVerts=0 SlopeVerts=0
[+22:38:50.815] VoxelMesh: Chunk X=6 Y=-21 Z=3 FlatVerts=0 SlopeVerts=0
[+22:38:50.815] VoxelMesh: Chunk X=1 Y=-29 Z=0 FlatVerts=0 SlopeVerts=0
[+22:38:50.815] VoxelMesh: Chunk X=3 Y=-30 Z=1 FlatVerts=120 SlopeVerts=0
[+22:38:50.815] VoxelMesh: Chunk X=3 Y=-27 Z=4 FlatVerts=0 SlopeVerts=0
[+22:38:50.815] VoxelMesh: Chunk X=1 Y=-21 Z=0 FlatVerts=0 SlopeVerts=0
[+22:38:50.815] VoxelMesh: Chunk X=4 Y=-29 Z=3 FlatVerts=0 SlopeVerts=0
[+22:38:50.816] VoxelMesh: Chunk X=7 Y=-23 Z=4 FlatVerts=0 SlopeVerts=0
[+22:38:50.816] VoxelMesh: Chunk X=7 Y=-20 Z=1 FlatVerts=0 SlopeVerts=48
[+22:38:50.816] VoxelMesh: Chunk X=3 Y=-20 Z=1 FlatVerts=72 SlopeVerts=6
[+22:38:50.816] VoxelMesh: Chunk X=10 Y=-27 Z=1 FlatVerts=126 SlopeVerts=0
[+22:38:50.816] VoxelMesh: Chunk X=4 Y=-21 Z=3 FlatVerts=0 SlopeVerts=0
[+22:38:50.816] VoxelMesh: Chunk X=10 Y=-23 Z=1 FlatVerts=162 SlopeVerts=0
[+22:38:50.816] VoxelMesh: Chunk X=3 Y=-23 Z=4 FlatVerts=0 SlopeVerts=6
[+22:38:50.816] VoxelMesh: Chunk X=7 Y=-30 Z=1 FlatVerts=168 SlopeVerts=0
[+22:38:50.816] VoxelMesh: Chunk X=7 Y=-27 Z=4 FlatVerts=0 SlopeVerts=0
[+22:38:50.816] VoxelMesh: Chunk X=0 Y=-23 Z=1 FlatVerts=138 SlopeVerts=0
[+22:38:50.816] VoxelMesh: Chunk X=8 Y=-21 Z=2 FlatVerts=0 SlopeVerts=48
[+22:38:50.816] VoxelMesh: Chunk X=0 Y=-27 Z=1 FlatVerts=0 SlopeVerts=0
[+22:38:50.816] VoxelMesh: Chunk X=10 Y=-25 Z=2 FlatVerts=96 SlopeVerts=0
[+22:38:50.816] VoxelMesh: Chunk X=2 Y=-29 Z=2 FlatVerts=12 SlopeVerts=6
[+22:38:50.816] VoxelMesh: Chunk X=5 Y=-20 Z=2 FlatVerts=18 SlopeVerts=102
[+22:38:50.816] VoxelMesh: Chunk X=5 Y=-30 Z=2 FlatVerts=24 SlopeVerts=6
[+22:38:50.816] VoxelMesh: Chunk X=1 Y=-28 Z=2 FlatVerts=60 SlopeVerts=126
[+22:38:50.816] VoxelMesh: Chunk X=8 Y=-29 Z=2 FlatVerts=0 SlopeVerts=0
[+22:38:50.817] VoxelMesh: Chunk X=8 Y=-22 Z=-5 FlatVerts=198 SlopeVerts=2604
[+22:38:50.818] VoxelChunk: GenerateAsync (2,-25,4)
[+22:38:50.819] VoxelMesh: Chunk X=2 Y=-28 Z=-5 FlatVerts=858 SlopeVerts=4194
[+22:38:50.820] VoxelMesh: Chunk X=2 Y=-25 Z=4 FlatVerts=198 SlopeVerts=2604
[+22:38:50.820] VoxelChunk: GenerateAsync (2,-21,2)
[+22:38:50.821] VoxelMesh: Chunk X=2 Y=-21 Z=2 FlatVerts=858 SlopeVerts=4194
[+22:38:50.828] VoxelMesh: Chunk X=0 Y=0 Z=0 FlatVerts=12 SlopeVerts=11670
[+22:38:50.829] VoxelChunk: GenerateAsync (8,-25,4)
[+22:38:50.831] VoxelMesh: Chunk X=8 Y=-25 Z=4 FlatVerts=0 SlopeVerts=18
[+22:38:50.835] VoxelMesh: Chunk X=0 Y=0 Z=0 FlatVerts=156 SlopeVerts=13284
[+22:38:50.836] VoxelChunk: GenerateAsync (9,-28,2)
[+22:38:50.838] VoxelMesh: Chunk X=9 Y=-28 Z=2 FlatVerts=0 SlopeVerts=0
[+22:38:50.858] VoxelMesh: Chunk X=0 Y=0 Z=0 FlatVerts=270 SlopeVerts=24942
[+22:38:50.861] VoxelChunk: GenerateAsync (2,-22,3)
[+22:38:50.864] VoxelMesh: Chunk X=2 Y=-22 Z=3 FlatVerts=0 SlopeVerts=1014
[+22:38:50.866] VoxelMesh: Chunk X=0 Y=0 Z=0 FlatVerts=0 SlopeVerts=0
[+22:38:50.866] VoxelChunk: GenerateAsync (2,-22,-5)
[+22:38:50.870] VoxelMesh: Chunk X=2 Y=-22 Z=-5 FlatVerts=0 SlopeVerts=0
[+22:38:50.872] VoxelMesh: Chunk X=0 Y=0 Z=0 FlatVerts=0 SlopeVerts=0
[+22:38:50.874] VoxelChunk: GenerateAsync (9,-22,2)
[+22:38:50.875] VoxelMesh: Chunk X=9 Y=-22 Z=2 FlatVerts=0 SlopeVerts=0
[+22:38:50.881] VoxelMesh: Chunk X=0 Y=0 Z=0 FlatVerts=1002 SlopeVerts=27636
[+22:38:50.884] VoxelChunk: GenerateAsync (1,-22,2)
[+22:38:50.885] VoxelMesh: Chunk X=1 Y=-22 Z=2 FlatVerts=102 SlopeVerts=672
[+22:38:50.918] VoxelWater: Chunk X=7 Y=-22 Z=1 emitted 8 procedural water vertices (Ocean/Pools)
[+22:38:50.918] VoxelWater: Chunk X=9 Y=-26 Z=1 emitted 160 procedural water vertices (Ocean/Pools)
[+22:38:50.918] VoxelWater: Chunk X=9 Y=-25 Z=1 emitted 28 procedural water vertices (Ocean/Pools)
[+22:38:50.918] VoxelWater: Chunk X=5 Y=-29 Z=0 emitted 4 procedural water vertices (Ocean/Pools)
[+22:38:50.918] VoxelWater: Chunk X=5 Y=-29 Z=1 emitted 40 procedural water vertices (Ocean/Pools)
[+22:38:50.918] VoxelWater: Chunk X=8 Y=-25 Z=1 emitted 32 procedural water vertices (Ocean/Pools)
[+22:38:50.918] VoxelWater: Chunk X=5 Y=-23 Z=1 emitted 248 procedural water vertices (Ocean/Pools)
[+22:38:50.918] VoxelWater: Chunk X=6 Y=-23 Z=1 emitted 12 procedural water vertices (Ocean/Pools)
[+22:38:50.918] VoxelWater: Chunk X=7 Y=-25 Z=3 emitted 36 procedural water vertices (Ocean/Pools)
[+22:38:50.918] VoxelWater: Chunk X=6 Y=-24 Z=1 emitted 220 procedural water vertices (Ocean/Pools)
[+22:38:50.918] VoxelWater: Chunk X=5 Y=-24 Z=1 emitted 208 procedural water vertices (Ocean/Pools)
[+22:38:50.918] VoxelWater: Chunk X=7 Y=-24 Z=1 emitted 4 procedural water vertices (Ocean/Pools)
[+22:38:50.918] VoxelWater: Chunk X=7 Y=-23 Z=2 emitted 4 procedural water vertices (Ocean/Pools)
[+22:38:50.918] VoxelWater: Chunk X=4 Y=-24 Z=1 emitted 276 procedural water vertices (Ocean/Pools)
[+22:38:50.918] VoxelWater: Chunk X=8 Y=-27 Z=1 emitted 52 procedural water vertices (Ocean/Pools)
[+22:38:50.918] VoxelWater: Chunk X=9 Y=-27 Z=1 emitted 48 procedural water vertices (Ocean/Pools)
[+22:38:50.918] VoxelWater: Chunk X=7 Y=-27 Z=1 emitted 124 procedural water vertices (Ocean/Pools)
[+22:38:50.918] VoxelWater: Chunk X=6 Y=-26 Z=0 emitted 28 procedural water vertices (Ocean/Pools)
[+22:38:50.918] VoxelWater: Chunk X=6 Y=-26 Z=1 emitted 168 procedural water vertices (Ocean/Pools)
[+22:38:50.918] VoxelWater: Chunk X=7 Y=-26 Z=1 emitted 296 procedural water vertices (Ocean/Pools)
[+22:38:50.918] VoxelWater: Chunk X=7 Y=-26 Z=0 emitted 8 procedural water vertices (Ocean/Pools)
[+22:38:50.918] VoxelWater: Chunk X=5 Y=-21 Z=1 emitted 4 procedural water vertices (Ocean/Pools)
[+22:38:50.918] VoxelWater: Chunk X=4 Y=-26 Z=0 emitted 4 procedural water vertices (Ocean/Pools)
[+22:38:50.918] VoxelWater: Chunk X=4 Y=-26 Z=1 emitted 552 procedural water vertices (Ocean/Pools)
[+22:38:50.918] VoxelWater: Chunk X=5 Y=-26 Z=1 emitted 560 procedural water vertices (Ocean/Pools)
[+22:38:50.919] VoxelWater: Chunk X=1 Y=-25 Z=2 emitted 4 procedural water vertices (Ocean/Pools)
[+22:38:50.919] VoxelWater: Chunk X=4 Y=-25 Z=1 emitted 440 procedural water vertices (Ocean/Pools)
[+22:38:50.919] VoxelWater: Chunk X=5 Y=-25 Z=1 emitted 180 procedural water vertices (Ocean/Pools)
[+22:38:50.919] VoxelWater: Chunk X=3 Y=-25 Z=1 emitted 16 procedural water vertices (Ocean/Pools)
[+22:38:50.919] VoxelWater: Chunk X=6 Y=-28 Z=1 emitted 100 procedural water vertices (Ocean/Pools)
[+22:38:50.919] VoxelWater: Chunk X=6 Y=-28 Z=2 emitted 4 procedural water vertices (Ocean/Pools)
[+22:38:50.919] VoxelWater: Chunk X=5 Y=-21 Z=2 emitted 8 procedural water vertices (Ocean/Pools)
[+22:38:50.919] VoxelWater: Chunk X=8 Y=-26 Z=1 emitted 52 procedural water vertices (Ocean/Pools)
[+22:38:50.919] VoxelWater: Chunk X=8 Y=-26 Z=2 emitted 8 procedural water vertices (Ocean/Pools)
[+22:38:50.919] VoxelWater: Chunk X=4 Y=-26 Z=2 emitted 8 procedural water vertices (Ocean/Pools)
[+22:38:50.919] VoxelWater: Chunk X=4 Y=-25 Z=2 emitted 332 procedural water vertices (Ocean/Pools)
[+22:38:50.919] VoxelWater: Chunk X=4 Y=-25 Z=3 emitted 136 procedural water vertices (Ocean/Pools)
[+22:38:50.919] VoxelWater: Chunk X=3 Y=-25 Z=3 emitted 8 procedural water vertices (Ocean/Pools)
[+22:38:50.919] VoxelWater: Chunk X=5 Y=-25 Z=2 emitted 464 procedural water vertices (Ocean/Pools)
[+22:38:50.919] VoxelWater: Chunk X=3 Y=-25 Z=2 emitted 48 procedural water vertices (Ocean/Pools)
[+22:38:50.919] VoxelWater: Chunk X=7 Y=-23 Z=1 emitted 8 procedural water vertices (Ocean/Pools)
[+22:38:50.919] VoxelWater: Chunk X=4 Y=-24 Z=2 emitted 360 procedural water vertices (Ocean/Pools)
[+22:38:50.919] VoxelWater: Chunk X=4 Y=-24 Z=3 emitted 80 procedural water vertices (Ocean/Pools)
[+22:38:50.919] VoxelWater: Chunk X=3 Y=-24 Z=3 emitted 124 procedural water vertices (Ocean/Pools)
[+22:38:50.919] VoxelWater: Chunk X=5 Y=-24 Z=2 emitted 124 procedural water vertices (Ocean/Pools)
[+22:38:50.919] VoxelWater: Chunk X=5 Y=-26 Z=2 emitted 16 procedural water vertices (Ocean/Pools)
[+22:38:50.919] VoxelWater: Chunk X=5 Y=-25 Z=3 emitted 128 procedural water vertices (Ocean/Pools)
[+22:38:50.919] VoxelWater: Chunk X=6 Y=-25 Z=3 emitted 216 procedural water vertices (Ocean/Pools)
[+22:38:50.919] VoxelWater: Chunk X=6 Y=-25 Z=2 emitted 248 procedural water vertices (Ocean/Pools)
[+22:38:50.919] VoxelWater: Chunk X=2 Y=-25 Z=3 emitted 12 procedural water vertices (Ocean/Pools)
[+22:38:50.919] VoxelWater: Chunk X=1 Y=-25 Z=3 emitted 36 procedural water vertices (Ocean/Pools)
[+22:38:50.919] VoxelWater: Chunk X=5 Y=-24 Z=3 emitted 20 procedural water vertices (Ocean/Pools)
[+22:38:50.919] VoxelWater: Chunk X=6 Y=-24 Z=3 emitted 104 procedural water vertices (Ocean/Pools)
[+22:38:50.919] VoxelWater: Chunk X=6 Y=-27 Z=1 emitted 348 procedural water vertices (Ocean/Pools)
[+22:38:50.919] VoxelWater: Chunk X=6 Y=-26 Z=2 emitted 56 procedural water vertices (Ocean/Pools)
[+22:38:50.919] VoxelWater: Chunk X=6 Y=-26 Z=3 emitted 20 procedural water vertices (Ocean/Pools)
[+22:38:50.919] VoxelWater: Chunk X=3 Y=-23 Z=1 emitted 100 procedural water vertices (Ocean/Pools)
[+22:38:50.919] VoxelWater: Chunk X=6 Y=-25 Z=1 emitted 48 procedural water vertices (Ocean/Pools)
[+22:38:50.919] VoxelWater: Chunk X=7 Y=-25 Z=2 emitted 20 procedural water vertices (Ocean/Pools)
[+22:38:50.920] VoxelWater: Chunk X=6 Y=-24 Z=2 emitted 200 procedural water vertices (Ocean/Pools)
[+22:38:50.920] VoxelWater: Chunk X=3 Y=-28 Z=1 emitted 8 procedural water vertices (Ocean/Pools)
[+22:38:50.920] VoxelWater: Chunk X=8 Y=-23 Z=1 emitted 20 procedural water vertices (Ocean/Pools)
[+22:38:50.920] VoxelWater: Chunk X=5 Y=-26 Z=0 emitted 12 procedural water vertices (Ocean/Pools)
[+22:38:50.920] VoxelWater: Chunk X=5 Y=-27 Z=1 emitted 192 procedural water vertices (Ocean/Pools)
[+22:38:50.920] VoxelWater: Chunk X=3 Y=-29 Z=1 emitted 100 procedural water vertices (Ocean/Pools)
[+22:38:50.920] VoxelWater: Chunk X=2 Y=-29 Z=1 emitted 108 procedural water vertices (Ocean/Pools)
[+22:38:50.920] VoxelWater: Chunk X=3 Y=-21 Z=1 emitted 12 procedural water vertices (Ocean/Pools)
[+22:38:50.920] VoxelWater: Chunk X=3 Y=-23 Z=3 emitted 8 procedural water vertices (Ocean/Pools)
[+22:38:50.920] VoxelWater: Chunk X=6 Y=-28 Z=0 emitted 4 procedural water vertices (Ocean/Pools)
[+22:38:50.920] VoxelWater: Chunk X=6 Y=-29 Z=1 emitted 200 procedural water vertices (Ocean/Pools)
[+22:38:50.920] VoxelWater: Chunk X=4 Y=-23 Z=1 emitted 16 procedural water vertices (Ocean/Pools)
[+22:38:50.920] VoxelWater: Chunk X=4 Y=-23 Z=2 emitted 20 procedural water vertices (Ocean/Pools)
[+22:38:50.920] VoxelWater: Chunk X=3 Y=-24 Z=2 emitted 24 procedural water vertices (Ocean/Pools)
[+22:38:50.920] VoxelWater: Chunk X=10 Y=-27 Z=1 emitted 12 procedural water vertices (Ocean/Pools)
[+22:38:50.920] VoxelWater: Chunk X=2 Y=-24 Z=2 emitted 20 procedural water vertices (Ocean/Pools)
[+22:38:50.920] VoxelWater: Chunk X=8 Y=-24 Z=1 emitted 32 procedural water vertices (Ocean/Pools)
[+22:38:50.920] VoxelWater: Chunk X=4 Y=-27 Z=1 emitted 212 procedural water vertices (Ocean/Pools)
[+22:38:50.920] VoxelWater: Chunk X=6 Y=-27 Z=0 emitted 8 procedural water vertices (Ocean/Pools)
[+22:38:50.920] VoxelWater: Chunk X=3 Y=-26 Z=1 emitted 156 procedural water vertices (Ocean/Pools)
[+22:38:50.921] VoxelWater: Chunk X=4 Y=-22 Z=2 emitted 12 procedural water vertices (Ocean/Pools)
[+22:38:50.921] VoxelWater: Chunk X=5 Y=-28 Z=1 emitted 248 procedural water vertices (Ocean/Pools)
[+22:38:50.921] VoxelWater: Chunk X=8 Y=-24 Z=2 emitted 28 procedural water vertices (Ocean/Pools)
[+22:38:50.921] VoxelWater: Chunk X=7 Y=-24 Z=2 emitted 24 procedural water vertices (Ocean/Pools)
[+22:38:50.921] VoxelWater: Chunk X=7 Y=-26 Z=2 emitted 40 procedural water vertices (Ocean/Pools)
[+22:38:50.921] VoxelWater: Chunk X=5 Y=-23 Z=2 emitted 16 procedural water vertices (Ocean/Pools)
[+22:38:50.921] VoxelWater: Chunk X=5 Y=-22 Z=2 emitted 124 procedural water vertices (Ocean/Pools)
[+22:38:50.921] VoxelWater: Chunk X=5 Y=-22 Z=1 emitted 64 procedural water vertices (Ocean/Pools)
[+22:38:50.921] VoxelWater: Chunk X=5 Y=-27 Z=2 emitted 64 procedural water vertices (Ocean/Pools)
[+22:38:50.921] VoxelWater: Chunk X=5 Y=-28 Z=2 emitted 4 procedural water vertices (Ocean/Pools)
[+22:38:50.921] VoxelWater: Chunk X=6 Y=-27 Z=2 emitted 12 procedural water vertices (Ocean/Pools)
[+22:38:50.921] VoxelWater: Chunk X=3 Y=-26 Z=2 emitted 172 procedural water vertices (Ocean/Pools)
[+22:38:50.921] VoxelWater: Chunk X=4 Y=-27 Z=2 emitted 72 procedural water vertices (Ocean/Pools)
[+22:38:50.921] VoxelWater: Chunk X=6 Y=-22 Z=1 emitted 68 procedural water vertices (Ocean/Pools)
[+22:38:50.921] VoxelWater: Chunk X=6 Y=-25 Z=4 emitted 4 procedural water vertices (Ocean/Pools)
[+22:38:50.921] VoxelWater: Chunk X=2 Y=-24 Z=1 emitted 20 procedural water vertices (Ocean/Pools)
[+22:38:50.921] VoxelWater: Chunk X=3 Y=-23 Z=2 emitted 124 procedural water vertices (Ocean/Pools)
[+22:38:50.921] VoxelWater: Chunk X=2 Y=-23 Z=1 emitted 44 procedural water vertices (Ocean/Pools)
[+22:38:50.921] VoxelWater: Chunk X=3 Y=-22 Z=2 emitted 36 procedural water vertices (Ocean/Pools)
[+22:38:50.921] VoxelWater: Chunk X=8 Y=-23 Z=2 emitted 28 procedural water vertices (Ocean/Pools)
[+22:38:50.921] VoxelWater: Chunk X=2 Y=-28 Z=1 emitted 16 procedural water vertices (Ocean/Pools)
[+22:38:50.922] VoxelWater: Chunk X=6 Y=-29 Z=0 emitted 12 procedural water vertices (Ocean/Pools)
[+22:38:50.922] VoxelWater: Chunk X=2 Y=-23 Z=2 emitted 36 procedural water vertices (Ocean/Pools)
[+22:38:50.922] VoxelWater: Chunk X=7 Y=-24 Z=3 emitted 48 procedural water vertices (Ocean/Pools)
[+22:38:50.922] VoxelWater: Chunk X=6 Y=-21 Z=1 emitted 64 procedural water vertices (Ocean/Pools)
[+22:38:50.922] VoxelWater: Chunk X=4 Y=-23 Z=3 emitted 16 procedural water vertices (Ocean/Pools)
[+22:38:50.922] VoxelWater: Chunk X=4 Y=-21 Z=1 emitted 120 procedural water vertices (Ocean/Pools)
[+22:38:50.922] VoxelWater: Chunk X=4 Y=-20 Z=1 emitted 88 procedural water vertices (Ocean/Pools)
[+22:38:50.922] VoxelWater: Chunk X=1 Y=-24 Z=1 emitted 64 procedural water vertices (Ocean/Pools)
[+22:38:50.922] VoxelWater: Chunk X=0 Y=-24 Z=1 emitted 8 procedural water vertices (Ocean/Pools)
[+22:38:50.922] VoxelWater: Chunk X=10 Y=-26 Z=1 emitted 100 procedural water vertices (Ocean/Pools)
[+22:38:50.922] VoxelWater: Chunk X=2 Y=-24 Z=3 emitted 64 procedural water vertices (Ocean/Pools)
[+22:38:50.922] VoxelWater: Chunk X=3 Y=-26 Z=3 emitted 24 procedural water vertices (Ocean/Pools)
[+22:38:50.922] VoxelWater: Chunk X=4 Y=-29 Z=1 emitted 64 procedural water vertices (Ocean/Pools)
[+22:38:50.922] VoxelWater: Chunk X=2 Y=-23 Z=3 emitted 16 procedural water vertices (Ocean/Pools)
[+22:38:50.922] VoxelWater: Chunk X=4 Y=-21 Z=2 emitted 244 procedural water vertices (Ocean/Pools)
[+22:38:50.922] VoxelWater: Chunk X=3 Y=-21 Z=2 emitted 180 procedural water vertices (Ocean/Pools)
[+22:38:50.922] VoxelWater: Chunk X=4 Y=-29 Z=2 emitted 32 procedural water vertices (Ocean/Pools)
[+22:38:50.922] VoxelWater: Chunk X=3 Y=-29 Z=2 emitted 16 procedural water vertices (Ocean/Pools)
[+22:38:50.922] VoxelWater: Chunk X=1 Y=-24 Z=2 emitted 64 procedural water vertices (Ocean/Pools)
[+22:38:50.922] VoxelWater: Chunk X=1 Y=-24 Z=3 emitted 32 procedural water vertices (Ocean/Pools)
[+22:38:50.922] VoxelWater: Chunk X=9 Y=-26 Z=2 emitted 84 procedural water vertices (Ocean/Pools)
[+22:38:50.923] VoxelWater: Chunk X=6 Y=-21 Z=2 emitted 168 procedural water vertices (Ocean/Pools)
[+22:38:50.923] VoxelWater: Chunk X=5 Y=-20 Z=1 emitted 36 procedural water vertices (Ocean/Pools)
[+22:38:50.923] VoxelWater: Chunk X=7 Y=-25 Z=4 emitted 68 procedural water vertices (Ocean/Pools)
[+22:38:50.923] VoxelWater: Chunk X=7 Y=-24 Z=4 emitted 28 procedural water vertices (Ocean/Pools)
[+22:38:50.923] VoxelWater: Chunk X=1 Y=-28 Z=2 emitted 104 procedural water vertices (Ocean/Pools)
[+22:38:50.923] VoxelWater: Chunk X=1 Y=-27 Z=2 emitted 68 procedural water vertices (Ocean/Pools)
[+22:38:50.923] VoxelWater: Chunk X=1 Y=-28 Z=1 emitted 28 procedural water vertices (Ocean/Pools)
[+22:38:50.923] VoxelWater: Chunk X=5 Y=-30 Z=1 emitted 32 procedural water vertices (Ocean/Pools)
[+22:38:50.923] VoxelWater: Chunk X=3 Y=-22 Z=3 emitted 92 procedural water vertices (Ocean/Pools)
[+22:38:50.923] VoxelWater: Chunk X=10 Y=-25 Z=1 emitted 36 procedural water vertices (Ocean/Pools)
[+22:38:50.923] VoxelWater: Chunk X=9 Y=-22 Z=1 emitted 100 procedural water vertices (Ocean/Pools)
[+22:38:50.923] VoxelWater: Chunk X=8 Y=-29 Z=1 emitted 60 procedural water vertices (Ocean/Pools)
[+22:38:50.923] VoxelWater: Chunk X=7 Y=-21 Z=2 emitted 20 procedural water vertices (Ocean/Pools)
[+22:38:50.923] VoxelWater: Chunk X=9 Y=-28 Z=1 emitted 20 procedural water vertices (Ocean/Pools)
[+22:38:50.923] VoxelWater: Chunk X=10 Y=-24 Z=1 emitted 48 procedural water vertices (Ocean/Pools)
[+22:38:50.923] VoxelWater: Chunk X=10 Y=-23 Z=1 emitted 24 procedural water vertices (Ocean/Pools)
[+22:38:50.923] VoxelWater: Chunk X=6 Y=-30 Z=1 emitted 96 procedural water vertices (Ocean/Pools)
[+22:38:50.923] VoxelWater: Chunk X=4 Y=-30 Z=1 emitted 60 procedural water vertices (Ocean/Pools)
[+22:38:50.923] VoxelWater: Chunk X=3 Y=-30 Z=1 emitted 20 procedural water vertices (Ocean/Pools)
[+22:38:50.923] VoxelWater: Chunk X=7 Y=-30 Z=1 emitted 68 procedural water vertices (Ocean/Pools)
[+22:38:50.923] VoxelWater: Chunk X=7 Y=-20 Z=1 emitted 36 procedural water vertices (Ocean/Pools)
[+22:38:50.924] VoxelWater: Chunk X=3 Y=-20 Z=1 emitted 36 procedural water vertices (Ocean/Pools)
[+22:38:50.924] VoxelWater: Chunk X=8 Y=-21 Z=2 emitted 20 procedural water vertices (Ocean/Pools)
[+22:38:50.924] VoxelWater: Chunk X=10 Y=-25 Z=2 emitted 20 procedural water vertices (Ocean/Pools)
[+22:38:50.924] VoxelWater: Chunk X=2 Y=-21 Z=1 emitted 4 procedural water vertices (Ocean/Pools)
[+22:38:50.924] VoxelWater: Chunk X=2 Y=-21 Z=2 emitted 100 procedural water vertices (Ocean/Pools)
[+22:38:50.924] VoxelWater: Chunk X=5 Y=-30 Z=2 emitted 28 procedural water vertices (Ocean/Pools)
[+22:38:50.924] VoxelWater: Chunk X=2 Y=-25 Z=4 emitted 24 procedural water vertices (Ocean/Pools)
[+22:38:50.924] VoxelWater: Chunk X=5 Y=-20 Z=2 emitted 32 procedural water vertices (Ocean/Pools)
[+22:38:50.941] VoxelMesh: Chunk X=0 Y=0 Z=0 FlatVerts=0 SlopeVerts=0
[+22:38:50.941] VoxelChunk: GenerateAsync (8,-22,3)
[+22:38:50.943] VoxelMesh: Chunk X=8 Y=-22 Z=3 FlatVerts=0 SlopeVerts=0
[+22:38:50.946] VoxelMesh: Chunk X=0 Y=0 Z=0 FlatVerts=0 SlopeVerts=0
[+22:38:50.946] VoxelChunk: GenerateAsync (8,-28,-5)
[+22:38:50.950] VoxelMesh: Chunk X=8 Y=-28 Z=-5 FlatVerts=0 SlopeVerts=0
[+22:38:50.953] VoxelMesh: Chunk X=0 Y=0 Z=0 FlatVerts=2838 SlopeVerts=10092
[+22:38:50.954] VoxelChunk: GenerateAsync (0,-25,2)
[+22:38:50.956] VoxelMesh: Chunk X=0 Y=-25 Z=2 FlatVerts=0 SlopeVerts=3108
[+22:38:50.960] VoxelMesh: Chunk X=0 Y=0 Z=0 FlatVerts=0 SlopeVerts=0
[+22:38:50.961] VoxelChunk: GenerateAsync (5,-22,4)
[+22:38:50.962] VoxelMesh: Chunk X=5 Y=-22 Z=4 FlatVerts=0 SlopeVerts=0
[+22:38:50.974] VoxelMesh: Chunk X=0 Y=0 Z=0 FlatVerts=0 SlopeVerts=0
[+22:38:50.975] VoxelChunk: GenerateAsync (-1,0,3)
[+22:38:50.977] VoxelMesh: Chunk X=-1 Y=0 Z=3 FlatVerts=108 SlopeVerts=6228
[+22:38:50.989] VoxelMesh: Chunk X=0 Y=0 Z=0 FlatVerts=0 SlopeVerts=0
[+22:38:50.989] VoxelChunk: GenerateAsync (2,-28,3)
[+22:38:50.993] VoxelMesh: Chunk X=2 Y=-28 Z=3 FlatVerts=30 SlopeVerts=432
[+22:38:50.996] VoxelMesh: Chunk X=0 Y=0 Z=0 FlatVerts=0 SlopeVerts=6648
[+22:38:50.997] VoxelChunk: GenerateAsync (8,-28,3)
[+22:38:51.000] VoxelMesh: Chunk X=8 Y=-28 Z=3 FlatVerts=0 SlopeVerts=0
[+22:38:51.003] VoxelMesh: Chunk X=0 Y=0 Z=0 FlatVerts=0 SlopeVerts=0
[+22:38:51.003] VoxelChunk: GenerateAsync (5,-28,4)
[+22:38:51.005] VoxelMesh: Chunk X=5 Y=-28 Z=4 FlatVerts=0 SlopeVerts=0
[+22:38:51.010] VoxelMesh: Chunk X=0 Y=0 Z=0 FlatVerts=12 SlopeVerts=12
[+22:38:51.010] VoxelChunk: GenerateAsync (6,-20,2)
[+22:38:51.011] VoxelMesh: Chunk X=6 Y=-20 Z=2 FlatVerts=540 SlopeVerts=4710
[+22:38:51.025] VoxelMesh: Chunk X=0 Y=0 Z=0 FlatVerts=1434 SlopeVerts=9702
[+22:38:51.026] VoxelChunk: GenerateAsync (4,-30,2)
[+22:38:51.028] VoxelMesh: Chunk X=4 Y=-30 Z=2 FlatVerts=558 SlopeVerts=2754
[+22:38:51.030] VoxelMesh: Chunk X=0 Y=0 Z=0 FlatVerts=7140 SlopeVerts=498
[+22:38:51.031] VoxelChunk: GenerateAsync (10,-22,0)
[+22:38:51.032] VoxelMesh: Chunk X=10 Y=-22 Z=0 FlatVerts=0 SlopeVerts=0
[+22:38:51.038] VoxelMesh: Chunk X=0 Y=0 Z=0 FlatVerts=54 SlopeVerts=12036
[+22:38:51.039] VoxelChunk: GenerateAsync (10,-24,2)
[+22:38:51.041] VoxelMesh: Chunk X=10 Y=-24 Z=2 FlatVerts=702 SlopeVerts=480
[+22:38:51.043] VoxelMesh: Chunk X=0 Y=0 Z=0 FlatVerts=3906 SlopeVerts=2292
[+22:38:51.043] VoxelChunk: GenerateAsync (0,-22,0)
[+22:38:51.045] VoxelMesh: Chunk X=0 Y=-22 Z=0 FlatVerts=0 SlopeVerts=0
[+22:38:51.059] VoxelMesh: Chunk X=0 Y=0 Z=0 FlatVerts=1278 SlopeVerts=15294
[+22:38:51.060] VoxelChunk: GenerateAsync (6,-30,2)
[+22:38:51.063] VoxelMesh: Chunk X=6 Y=-30 Z=2 FlatVerts=0 SlopeVerts=0
[+22:38:51.067] VoxelMesh: Chunk X=0 Y=0 Z=0 FlatVerts=0 SlopeVerts=396
[+22:38:51.068] VoxelChunk: GenerateAsync (2,-24,4)
[+22:38:51.070] VoxelMesh: Chunk X=2 Y=-24 Z=4 FlatVerts=18 SlopeVerts=1734
[+22:38:51.074] VoxelMesh: Chunk X=0 Y=0 Z=0 FlatVerts=0 SlopeVerts=0
[+22:38:51.075] VoxelChunk: GenerateAsync (4,-28,4)
[+22:38:51.077] VoxelMesh: Chunk X=4 Y=-28 Z=4 FlatVerts=0 SlopeVerts=0
[+22:38:51.079] VoxelMesh: Chunk X=0 Y=0 Z=0 FlatVerts=2370 SlopeVerts=5166
[+22:38:51.080] VoxelChunk: GenerateAsync (2,-30,0)
[+22:38:51.081] VoxelMesh: Chunk X=2 Y=-30 Z=0 FlatVerts=0 SlopeVerts=0
[+22:38:51.115] VoxelWater: Chunk X=7 Y=-22 Z=1 emitted 16 procedural water vertices (Ocean/Pools)
[+22:38:51.115] VoxelWater: Chunk X=9 Y=-26 Z=1 emitted 180 procedural water vertices (Ocean/Pools)
[+22:38:51.115] VoxelWater: Chunk X=9 Y=-25 Z=1 emitted 28 procedural water vertices (Ocean/Pools)
[+22:38:51.115] VoxelWater: Chunk X=5 Y=-29 Z=0 emitted 4 procedural water vertices (Ocean/Pools)
[+22:38:51.115] VoxelWater: Chunk X=5 Y=-29 Z=1 emitted 48 procedural water vertices (Ocean/Pools)
[+22:38:51.115] VoxelWater: Chunk X=8 Y=-25 Z=1 emitted 32 procedural water vertices (Ocean/Pools)
[+22:38:51.115] VoxelWater: Chunk X=5 Y=-23 Z=1 emitted 260 procedural water vertices (Ocean/Pools)
[+22:38:51.115] VoxelWater: Chunk X=6 Y=-23 Z=1 emitted 16 procedural water vertices (Ocean/Pools)
[+22:38:51.115] VoxelWater: Chunk X=7 Y=-25 Z=3 emitted 48 procedural water vertices (Ocean/Pools)
[+22:38:51.115] VoxelWater: Chunk X=6 Y=-24 Z=1 emitted 256 procedural water vertices (Ocean/Pools)
[+22:38:51.115] VoxelWater: Chunk X=5 Y=-24 Z=1 emitted 212 procedural water vertices (Ocean/Pools)
[+22:38:51.115] VoxelWater: Chunk X=7 Y=-24 Z=1 emitted 4 procedural water vertices (Ocean/Pools)
[+22:38:51.115] VoxelWater: Chunk X=7 Y=-23 Z=2 emitted 4 procedural water vertices (Ocean/Pools)
[+22:38:51.115] VoxelWater: Chunk X=4 Y=-24 Z=1 emitted 288 procedural water vertices (Ocean/Pools)
[+22:38:51.115] VoxelWater: Chunk X=8 Y=-27 Z=1 emitted 60 procedural water vertices (Ocean/Pools)
[+22:38:51.115] VoxelWater: Chunk X=9 Y=-27 Z=1 emitted 44 procedural water vertices (Ocean/Pools)
[+22:38:51.115] VoxelWater: Chunk X=7 Y=-27 Z=1 emitted 136 procedural water vertices (Ocean/Pools)
[+22:38:51.115] VoxelWater: Chunk X=6 Y=-26 Z=0 emitted 32 procedural water vertices (Ocean/Pools)
[+22:38:51.115] VoxelWater: Chunk X=6 Y=-26 Z=1 emitted 156 procedural water vertices (Ocean/Pools)
[+22:38:51.116] VoxelWater: Chunk X=7 Y=-26 Z=1 emitted 312 procedural water vertices (Ocean/Pools)
[+22:38:51.116] VoxelWater: Chunk X=5 Y=-26 Z=1 emitted 576 procedural water vertices (Ocean/Pools)
[+22:38:51.116] VoxelWater: Chunk X=7 Y=-26 Z=0 emitted 8 procedural water vertices (Ocean/Pools)
[+22:38:51.116] VoxelWater: Chunk X=6 Y=-27 Z=0 emitted 8 procedural water vertices (Ocean/Pools)
[+22:38:51.116] VoxelWater: Chunk X=5 Y=-21 Z=1 emitted 4 procedural water vertices (Ocean/Pools)
[+22:38:51.116] VoxelWater: Chunk X=4 Y=-26 Z=0 emitted 4 procedural water vertices (Ocean/Pools)
[+22:38:51.116] VoxelWater: Chunk X=4 Y=-26 Z=1 emitted 564 procedural water vertices (Ocean/Pools)
[+22:38:51.116] VoxelWater: Chunk X=1 Y=-25 Z=2 emitted 4 procedural water vertices (Ocean/Pools)
[+22:38:51.116] VoxelWater: Chunk X=4 Y=-25 Z=1 emitted 452 procedural water vertices (Ocean/Pools)
[+22:38:51.116] VoxelWater: Chunk X=5 Y=-25 Z=1 emitted 200 procedural water vertices (Ocean/Pools)
[+22:38:51.116] VoxelWater: Chunk X=3 Y=-25 Z=1 emitted 28 procedural water vertices (Ocean/Pools)
[+22:38:51.116] VoxelWater: Chunk X=6 Y=-28 Z=1 emitted 116 procedural water vertices (Ocean/Pools)
[+22:38:51.116] VoxelWater: Chunk X=6 Y=-28 Z=2 emitted 4 procedural water vertices (Ocean/Pools)
[+22:38:51.116] VoxelWater: Chunk X=5 Y=-21 Z=2 emitted 12 procedural water vertices (Ocean/Pools)
[+22:38:51.116] VoxelWater: Chunk X=8 Y=-26 Z=1 emitted 52 procedural water vertices (Ocean/Pools)
[+22:38:51.116] VoxelWater: Chunk X=8 Y=-26 Z=2 emitted 12 procedural water vertices (Ocean/Pools)
[+22:38:51.116] VoxelWater: Chunk X=4 Y=-26 Z=2 emitted 8 procedural water vertices (Ocean/Pools)
[+22:38:51.116] VoxelWater: Chunk X=4 Y=-25 Z=2 emitted 340 procedural water vertices (Ocean/Pools)
[+22:38:51.116] VoxelWater: Chunk X=4 Y=-25 Z=3 emitted 136 procedural water vertices (Ocean/Pools)
[+22:38:51.116] VoxelWater: Chunk X=3 Y=-25 Z=3 emitted 8 procedural water vertices (Ocean/Pools)
[+22:38:51.116] VoxelWater: Chunk X=5 Y=-25 Z=2 emitted 460 procedural water vertices (Ocean/Pools)
[+22:38:51.116] VoxelWater: Chunk X=3 Y=-25 Z=2 emitted 48 procedural water vertices (Ocean/Pools)
[+22:38:51.116] VoxelWater: Chunk X=7 Y=-23 Z=1 emitted 8 procedural water vertices (Ocean/Pools)
[+22:38:51.116] VoxelWater: Chunk X=4 Y=-24 Z=2 emitted 360 procedural water vertices (Ocean/Pools)
[+22:38:51.116] VoxelWater: Chunk X=4 Y=-24 Z=3 emitted 84 procedural water vertices (Ocean/Pools)
[+22:38:51.116] VoxelWater: Chunk X=3 Y=-24 Z=3 emitted 132 procedural water vertices (Ocean/Pools)
[+22:38:51.116] VoxelWater: Chunk X=5 Y=-24 Z=2 emitted 124 procedural water vertices (Ocean/Pools)
[+22:38:51.116] VoxelWater: Chunk X=5 Y=-26 Z=2 emitted 16 procedural water vertices (Ocean/Pools)
[+22:38:51.116] VoxelWater: Chunk X=5 Y=-25 Z=3 emitted 128 procedural water vertices (Ocean/Pools)
[+22:38:51.116] VoxelWater: Chunk X=6 Y=-25 Z=3 emitted 216 procedural water vertices (Ocean/Pools)
[+22:38:51.116] VoxelWater: Chunk X=6 Y=-25 Z=2 emitted 264 procedural water vertices (Ocean/Pools)
[+22:38:51.116] VoxelWater: Chunk X=2 Y=-25 Z=3 emitted 20 procedural water vertices (Ocean/Pools)
[+22:38:51.116] VoxelWater: Chunk X=1 Y=-25 Z=3 emitted 40 procedural water vertices (Ocean/Pools)
[+22:38:51.116] VoxelWater: Chunk X=5 Y=-24 Z=3 emitted 20 procedural water vertices (Ocean/Pools)
[+22:38:51.116] VoxelWater: Chunk X=6 Y=-24 Z=3 emitted 104 procedural water vertices (Ocean/Pools)
[+22:38:51.116] VoxelWater: Chunk X=6 Y=-27 Z=1 emitted 388 procedural water vertices (Ocean/Pools)
[+22:38:51.116] VoxelWater: Chunk X=6 Y=-26 Z=2 emitted 56 procedural water vertices (Ocean/Pools)
[+22:38:51.116] VoxelWater: Chunk X=6 Y=-26 Z=3 emitted 20 procedural water vertices (Ocean/Pools)
[+22:38:51.116] VoxelWater: Chunk X=3 Y=-23 Z=1 emitted 124 procedural water vertices (Ocean/Pools)
[+22:38:51.116] VoxelWater: Chunk X=6 Y=-25 Z=1 emitted 56 procedural water vertices (Ocean/Pools)
[+22:38:51.116] VoxelWater: Chunk X=7 Y=-25 Z=2 emitted 24 procedural water vertices (Ocean/Pools)
[+22:38:51.116] VoxelWater: Chunk X=6 Y=-24 Z=2 emitted 192 procedural water vertices (Ocean/Pools)
[+22:38:51.116] VoxelWater: Chunk X=3 Y=-28 Z=1 emitted 12 procedural water vertices (Ocean/Pools)
[+22:38:51.116] VoxelWater: Chunk X=8 Y=-23 Z=1 emitted 20 procedural water vertices (Ocean/Pools)
[+22:38:51.116] VoxelWater: Chunk X=5 Y=-26 Z=0 emitted 12 procedural water vertices (Ocean/Pools)
[+22:38:51.116] VoxelWater: Chunk X=5 Y=-27 Z=1 emitted 220 procedural water vertices (Ocean/Pools)
[+22:38:51.116] VoxelWater: Chunk X=7 Y=-25 Z=1 emitted 4 procedural water vertices (Ocean/Pools)
[+22:38:51.116] VoxelWater: Chunk X=3 Y=-29 Z=1 emitted 112 procedural water vertices (Ocean/Pools)
[+22:38:51.116] VoxelWater: Chunk X=2 Y=-29 Z=1 emitted 108 procedural water vertices (Ocean/Pools)
[+22:38:51.116] VoxelWater: Chunk X=3 Y=-21 Z=1 emitted 16 procedural water vertices (Ocean/Pools)
[+22:38:51.117] VoxelWater: Chunk X=3 Y=-23 Z=3 emitted 8 procedural water vertices (Ocean/Pools)
[+22:38:51.117] VoxelWater: Chunk X=6 Y=-28 Z=0 emitted 4 procedural water vertices (Ocean/Pools)
[+22:38:51.117] VoxelWater: Chunk X=4 Y=-23 Z=1 emitted 16 procedural water vertices (Ocean/Pools)
[+22:38:51.117] VoxelWater: Chunk X=4 Y=-23 Z=2 emitted 20 procedural water vertices (Ocean/Pools)
[+22:38:51.117] VoxelWater: Chunk X=3 Y=-23 Z=2 emitted 124 procedural water vertices (Ocean/Pools)
[+22:38:51.117] VoxelWater: Chunk X=3 Y=-24 Z=2 emitted 32 procedural water vertices (Ocean/Pools)
[+22:38:51.117] VoxelWater: Chunk X=10 Y=-27 Z=1 emitted 24 procedural water vertices (Ocean/Pools)
[+22:38:51.117] VoxelWater: Chunk X=2 Y=-24 Z=2 emitted 20 procedural water vertices (Ocean/Pools)
[+22:38:51.117] VoxelWater: Chunk X=8 Y=-24 Z=1 emitted 32 procedural water vertices (Ocean/Pools)
[+22:38:51.117] VoxelWater: Chunk X=4 Y=-27 Z=1 emitted 236 procedural water vertices (Ocean/Pools)
[+22:38:51.117] VoxelWater: Chunk X=3 Y=-26 Z=1 emitted 172 procedural water vertices (Ocean/Pools)
[+22:38:51.117] VoxelWater: Chunk X=4 Y=-22 Z=1 emitted 4 procedural water vertices (Ocean/Pools)
[+22:38:51.117] VoxelWater: Chunk X=4 Y=-22 Z=2 emitted 16 procedural water vertices (Ocean/Pools)
[+22:38:51.117] VoxelWater: Chunk X=5 Y=-28 Z=1 emitted 268 procedural water vertices (Ocean/Pools)
[+22:38:51.117] VoxelWater: Chunk X=8 Y=-24 Z=2 emitted 28 procedural water vertices (Ocean/Pools)
[+22:38:51.117] VoxelWater: Chunk X=7 Y=-24 Z=2 emitted 24 procedural water vertices (Ocean/Pools)
[+22:38:51.117] VoxelWater: Chunk X=7 Y=-26 Z=2 emitted 40 procedural water vertices (Ocean/Pools)
[+22:38:51.117] VoxelWater: Chunk X=5 Y=-23 Z=2 emitted 16 procedural water vertices (Ocean/Pools)
[+22:38:51.117] VoxelWater: Chunk X=5 Y=-22 Z=2 emitted 128 procedural water vertices (Ocean/Pools)
[+22:38:51.118] VoxelWater: Chunk X=5 Y=-22 Z=1 emitted 68 procedural water vertices (Ocean/Pools)
[+22:38:51.118] VoxelWater: Chunk X=5 Y=-27 Z=2 emitted 64 procedural water vertices (Ocean/Pools)
[+22:38:51.118] VoxelWater: Chunk X=5 Y=-28 Z=2 emitted 4 procedural water vertices (Ocean/Pools)
[+22:38:51.118] VoxelWater: Chunk X=6 Y=-27 Z=2 emitted 12 procedural water vertices (Ocean/Pools)
[+22:38:51.118] VoxelWater: Chunk X=3 Y=-26 Z=2 emitted 180 procedural water vertices (Ocean/Pools)
[+22:38:51.118] VoxelWater: Chunk X=4 Y=-27 Z=2 emitted 72 procedural water vertices (Ocean/Pools)
[+22:38:51.118] VoxelWater: Chunk X=6 Y=-22 Z=1 emitted 92 procedural water vertices (Ocean/Pools)
[+22:38:51.118] VoxelWater: Chunk X=6 Y=-25 Z=4 emitted 4 procedural water vertices (Ocean/Pools)
[+22:38:51.118] VoxelWater: Chunk X=2 Y=-24 Z=1 emitted 28 procedural water vertices (Ocean/Pools)
[+22:38:51.118] VoxelWater: Chunk X=1 Y=-23 Z=1 emitted 8 procedural water vertices (Ocean/Pools)
[+22:38:51.118] VoxelWater: Chunk X=2 Y=-23 Z=1 emitted 48 procedural water vertices (Ocean/Pools)
[+22:38:51.118] VoxelWater: Chunk X=3 Y=-22 Z=2 emitted 40 procedural water vertices (Ocean/Pools)
[+22:38:51.118] VoxelWater: Chunk X=8 Y=-23 Z=2 emitted 28 procedural water vertices (Ocean/Pools)
[+22:38:51.118] VoxelWater: Chunk X=2 Y=-28 Z=1 emitted 16 procedural water vertices (Ocean/Pools)
[+22:38:51.118] VoxelWater: Chunk X=6 Y=-29 Z=0 emitted 20 procedural water vertices (Ocean/Pools)
[+22:38:51.118] VoxelWater: Chunk X=2 Y=-23 Z=2 emitted 40 procedural water vertices (Ocean/Pools)
[+22:38:51.118] VoxelWater: Chunk X=7 Y=-24 Z=3 emitted 48 procedural water vertices (Ocean/Pools)
[+22:38:51.118] VoxelWater: Chunk X=6 Y=-21 Z=1 emitted 80 procedural water vertices (Ocean/Pools)
[+22:38:51.118] VoxelWater: Chunk X=4 Y=-23 Z=3 emitted 24 procedural water vertices (Ocean/Pools)
[+22:38:51.118] VoxelWater: Chunk X=4 Y=-21 Z=1 emitted 136 procedural water vertices (Ocean/Pools)
[+22:38:51.118] VoxelWater: Chunk X=4 Y=-20 Z=1 emitted 96 procedural water vertices (Ocean/Pools)
[+22:38:51.118] VoxelWater: Chunk X=1 Y=-24 Z=1 emitted 92 procedural water vertices (Ocean/Pools)
[+22:38:51.118] VoxelWater: Chunk X=0 Y=-24 Z=1 emitted 8 procedural water vertices (Ocean/Pools)
[+22:38:51.118] VoxelWater: Chunk X=10 Y=-26 Z=1 emitted 104 procedural water vertices (Ocean/Pools)
[+22:38:51.118] VoxelWater: Chunk X=2 Y=-24 Z=3 emitted 64 procedural water vertices (Ocean/Pools)
[+22:38:51.118] VoxelWater: Chunk X=3 Y=-26 Z=3 emitted 24 procedural water vertices (Ocean/Pools)
[+22:38:51.118] VoxelWater: Chunk X=6 Y=-29 Z=1 emitted 236 procedural water vertices (Ocean/Pools)
[+22:38:51.118] VoxelWater: Chunk X=4 Y=-29 Z=1 emitted 72 procedural water vertices (Ocean/Pools)
[+22:38:51.118] VoxelWater: Chunk X=2 Y=-23 Z=3 emitted 16 procedural water vertices (Ocean/Pools)
[+22:38:51.118] VoxelWater: Chunk X=4 Y=-21 Z=2 emitted 260 procedural water vertices (Ocean/Pools)
[+22:38:51.118] VoxelWater: Chunk X=3 Y=-21 Z=2 emitted 196 procedural water vertices (Ocean/Pools)
[+22:38:51.118] VoxelWater: Chunk X=4 Y=-29 Z=2 emitted 32 procedural water vertices (Ocean/Pools)
[+22:38:51.118] VoxelWater: Chunk X=3 Y=-29 Z=2 emitted 16 procedural water vertices (Ocean/Pools)
[+22:38:51.119] VoxelWater: Chunk X=1 Y=-24 Z=2 emitted 76 procedural water vertices (Ocean/Pools)
[+22:38:51.119] VoxelWater: Chunk X=1 Y=-24 Z=3 emitted 28 procedural water vertices (Ocean/Pools)
[+22:38:51.119] VoxelWater: Chunk X=9 Y=-26 Z=2 emitted 92 procedural water vertices (Ocean/Pools)
[+22:38:51.119] VoxelWater: Chunk X=6 Y=-21 Z=2 emitted 176 procedural water vertices (Ocean/Pools)
[+22:38:51.119] VoxelWater: Chunk X=5 Y=-20 Z=1 emitted 44 procedural water vertices (Ocean/Pools)
[+22:38:51.119] VoxelWater: Chunk X=7 Y=-25 Z=4 emitted 64 procedural water vertices (Ocean/Pools)
[+22:38:51.119] VoxelWater: Chunk X=7 Y=-24 Z=4 emitted 28 procedural water vertices (Ocean/Pools)
[+22:38:51.119] VoxelWater: Chunk X=1 Y=-28 Z=2 emitted 100 procedural water vertices (Ocean/Pools)
[+22:38:51.119] VoxelWater: Chunk X=1 Y=-27 Z=2 emitted 100 procedural water vertices (Ocean/Pools)
[+22:38:51.119] VoxelWater: Chunk X=1 Y=-28 Z=1 emitted 28 procedural water vertices (Ocean/Pools)
[+22:38:51.119] VoxelWater: Chunk X=5 Y=-30 Z=1 emitted 40 procedural water vertices (Ocean/Pools)
[+22:38:51.119] VoxelWater: Chunk X=2 Y=-21 Z=1 emitted 12 procedural water vertices (Ocean/Pools)
[+22:38:51.119] VoxelWater: Chunk X=3 Y=-22 Z=3 emitted 96 procedural water vertices (Ocean/Pools)
[+22:38:51.119] VoxelWater: Chunk X=10 Y=-25 Z=1 emitted 36 procedural water vertices (Ocean/Pools)
[+22:38:51.119] VoxelWater: Chunk X=9 Y=-22 Z=1 emitted 100 procedural water vertices (Ocean/Pools)
[+22:38:51.119] VoxelWater: Chunk X=8 Y=-29 Z=1 emitted 60 procedural water vertices (Ocean/Pools)
[+22:38:51.119] VoxelWater: Chunk X=7 Y=-21 Z=2 emitted 20 procedural water vertices (Ocean/Pools)
[+22:38:51.119] VoxelWater: Chunk X=9 Y=-28 Z=1 emitted 20 procedural water vertices (Ocean/Pools)
[+22:38:51.119] VoxelWater: Chunk X=10 Y=-24 Z=1 emitted 56 procedural water vertices (Ocean/Pools)
[+22:38:51.119] VoxelWater: Chunk X=10 Y=-23 Z=1 emitted 24 procedural water vertices (Ocean/Pools)
[+22:38:51.119] VoxelWater: Chunk X=6 Y=-24 Z=4 emitted 4 procedural water vertices (Ocean/Pools)
[+22:38:51.119] VoxelWater: Chunk X=6 Y=-30 Z=1 emitted 96 procedural water vertices (Ocean/Pools)
[+22:38:51.119] VoxelWater: Chunk X=4 Y=-30 Z=1 emitted 60 procedural water vertices (Ocean/Pools)
[+22:38:51.119] VoxelWater: Chunk X=3 Y=-30 Z=1 emitted 20 procedural water vertices (Ocean/Pools)
[+22:38:51.119] VoxelWater: Chunk X=7 Y=-30 Z=1 emitted 68 procedural water vertices (Ocean/Pools)
[+22:38:51.119] VoxelWater: Chunk X=7 Y=-20 Z=1 emitted 36 procedural water vertices (Ocean/Pools)
[+22:38:51.119] VoxelWater: Chunk X=3 Y=-20 Z=1 emitted 36 procedural water vertices (Ocean/Pools)
[+22:38:51.119] VoxelWater: Chunk X=8 Y=-21 Z=1 emitted 12 procedural water vertices (Ocean/Pools)
[+22:38:51.119] VoxelWater: Chunk X=8 Y=-21 Z=2 emitted 20 procedural water vertices (Ocean/Pools)
[+22:38:51.119] VoxelWater: Chunk X=10 Y=-25 Z=2 emitted 20 procedural water vertices (Ocean/Pools)
[+22:38:51.119] VoxelWater: Chunk X=2 Y=-21 Z=2 emitted 124 procedural water vertices (Ocean/Pools)
[+22:38:51.119] VoxelWater: Chunk X=5 Y=-30 Z=2 emitted 28 procedural water vertices (Ocean/Pools)
[+22:38:51.119] VoxelWater: Chunk X=2 Y=-25 Z=4 emitted 28 procedural water vertices (Ocean/Pools)
[+22:38:51.119] VoxelWater: Chunk X=5 Y=-20 Z=2 emitted 32 procedural water vertices (Ocean/Pools)
[+22:38:51.119] VoxelWater: Chunk X=1 Y=-22 Z=1 emitted 12 procedural water vertices (Ocean/Pools)
[+22:38:51.119] VoxelWater: Chunk X=1 Y=-22 Z=2 emitted 20 procedural water vertices (Ocean/Pools)
[+22:38:51.119] VoxelWater: Chunk X=0 Y=-25 Z=2 emitted 12 procedural water vertices (Ocean/Pools)
[+22:38:51.119] VoxelWater: Chunk X=6 Y=-20 Z=2 emitted 56 procedural water vertices (Ocean/Pools)
[+22:38:51.120] VoxelWater: Chunk X=4 Y=-30 Z=2 emitted 32 procedural water vertices (Ocean/Pools)
[+22:38:51.120] VoxelWater: Chunk X=10 Y=-24 Z=2 emitted 20 procedural water vertices (Ocean/Pools)
[+22:38:51.120] VoxelWater: Chunk X=9 Y=-24 Z=2 emitted 4 procedural water vertices (Ocean/Pools)
[+22:38:51.135] VoxelMesh: Chunk X=0 Y=0 Z=0 FlatVerts=0 SlopeVerts=108
[+22:38:51.136] VoxelChunk: GenerateAsync (0,0,3)
[+22:38:51.137] VoxelMesh: Chunk X=0 Y=0 Z=3 FlatVerts=0 SlopeVerts=42
[+22:38:51.145] VoxelMesh: Chunk X=0 Y=0 Z=0 FlatVerts=1572 SlopeVerts=2610
[+22:38:51.146] VoxelChunk: GenerateAsync (0,-26,2)
[+22:38:51.147] VoxelMesh: Chunk X=0 Y=-26 Z=2 FlatVerts=0 SlopeVerts=792
[+22:38:51.150] VoxelMesh: Chunk X=0 Y=0 Z=0 FlatVerts=5262 SlopeVerts=1476
[+22:38:51.151] VoxelChunk: GenerateAsync (10,-28,0)
[+22:38:51.151] VoxelMesh: Chunk X=10 Y=-28 Z=0 FlatVerts=0 SlopeVerts=0
[+22:38:51.158] VoxelMesh: Chunk X=0 Y=0 Z=0 FlatVerts=450 SlopeVerts=19926
[+22:38:51.161] VoxelChunk: GenerateAsync (10,-26,2)
[+22:38:51.166] VoxelMesh: Chunk X=10 Y=-26 Z=2 FlatVerts=144 SlopeVerts=462
[+22:38:51.168] VoxelMesh: Chunk X=0 Y=0 Z=0 FlatVerts=12 SlopeVerts=1008
[+22:38:51.168] VoxelChunk: GenerateAsync (8,-24,4)
[+22:38:51.170] VoxelMesh: Chunk X=8 Y=-24 Z=4 FlatVerts=6 SlopeVerts=24
[+22:38:51.186] VoxelMesh: Chunk X=0 Y=0 Z=0 FlatVerts=4446 SlopeVerts=5214
[+22:38:51.188] VoxelChunk: GenerateAsync (0,-28,0)
[+22:38:51.190] VoxelMesh: Chunk X=0 Y=-28 Z=0 FlatVerts=0 SlopeVerts=0
[+22:38:51.191] VoxelMesh: Chunk X=0 Y=0 Z=0 FlatVerts=7770 SlopeVerts=0
[+22:38:51.192] VoxelChunk: GenerateAsync (8,-20,0)
[+22:38:51.194] VoxelMesh: Chunk X=8 Y=-20 Z=0 FlatVerts=0 SlopeVerts=0
[+22:38:51.199] VoxelMesh: Chunk X=0 Y=0 Z=0 FlatVerts=0 SlopeVerts=0
[+22:38:51.199] VoxelChunk: GenerateAsync (2,-26,4)
[+22:38:51.203] VoxelMesh: Chunk X=2 Y=-26 Z=4 FlatVerts=6 SlopeVerts=744
[+22:38:51.208] VoxelMesh: Chunk X=0 Y=0 Z=0 FlatVerts=84 SlopeVerts=23586
[+22:38:51.210] VoxelChunk: GenerateAsync (8,-26,4)
[+22:38:51.211] VoxelMesh: Chunk X=8 Y=-26 Z=4 FlatVerts=0 SlopeVerts=0
[+22:38:51.227] VoxelMesh: Chunk X=0 Y=0 Z=0 FlatVerts=18 SlopeVerts=7752
[+22:38:51.233] VoxelChunk: GenerateAsync (2,0,3)
[+22:38:51.234] VoxelMesh: Chunk X=2 Y=0 Z=3 FlatVerts=0 SlopeVerts=0
[+22:38:51.240] VoxelMesh: Chunk X=0 Y=0 Z=0 FlatVerts=0 SlopeVerts=0
[+22:38:51.241] VoxelChunk: GenerateAsync (6,-28,4)
[+22:38:51.242] VoxelMesh: Chunk X=6 Y=-28 Z=4 FlatVerts=0 SlopeVerts=0
[+22:38:51.246] VoxelMesh: Chunk X=0 Y=0 Z=0 FlatVerts=0 SlopeVerts=0
[+22:38:51.246] VoxelChunk: GenerateAsync (6,-22,4)
[+22:38:51.248] VoxelMesh: Chunk X=6 Y=-22 Z=4 FlatVerts=0 SlopeVerts=0
[+22:38:51.249] VoxelMesh: Chunk X=0 Y=0 Z=0 FlatVerts=5646 SlopeVerts=1746
[+22:38:51.250] VoxelChunk: GenerateAsync (8,-30,0)
[+22:38:51.251] VoxelMesh: Chunk X=8 Y=-30 Z=0 FlatVerts=0 SlopeVerts=0
[+22:38:51.256] VoxelMesh: Chunk X=0 Y=0 Z=0 FlatVerts=1566 SlopeVerts=17112
[+22:38:51.258] VoxelChunk: GenerateAsync (0,-24,2)
[+22:38:51.260] VoxelMesh: Chunk X=0 Y=-24 Z=2 FlatVerts=0 SlopeVerts=504
[+22:38:51.276] VoxelMesh: Chunk X=0 Y=0 Z=0 FlatVerts=0 SlopeVerts=0
[+22:38:51.276] VoxelChunk: GenerateAsync (2,-20,0)
[+22:38:51.279] VoxelMesh: Chunk X=2 Y=-20 Z=0 FlatVerts=0 SlopeVerts=0
[+22:38:51.282] VoxelMesh: Chunk X=0 Y=0 Z=0 FlatVerts=1158 SlopeVerts=21360
[+22:38:51.284] VoxelChunk: GenerateAsync (4,-20,2)
[+22:38:51.288] VoxelMesh: Chunk X=4 Y=-20 Z=2 FlatVerts=12 SlopeVerts=12
[+22:38:51.290] VoxelMesh: Chunk X=0 Y=0 Z=0 FlatVerts=0 SlopeVerts=0
[+22:38:51.290] VoxelChunk: GenerateAsync (4,-22,4)
[+22:38:51.295] VoxelMesh: Chunk X=4 Y=-22 Z=4 FlatVerts=6 SlopeVerts=174
[+22:38:51.297] VoxelMesh: Chunk X=0 Y=0 Z=0 FlatVerts=0 SlopeVerts=0
[+22:38:51.297] VoxelChunk: GenerateAsync (7,-21,3)
[+22:38:51.299] VoxelMesh: Chunk X=7 Y=-21 Z=3 FlatVerts=0 SlopeVerts=0
[+22:38:51.335] VoxelWater: Chunk X=7 Y=-22 Z=1 emitted 24 procedural water vertices (Ocean/Pools)
[+22:38:51.335] VoxelWater: Chunk X=9 Y=-26 Z=1 emitted 192 procedural water vertices (Ocean/Pools)
[+22:38:51.335] VoxelWater: Chunk X=9 Y=-25 Z=1 emitted 28 procedural water vertices (Ocean/Pools)
[+22:38:51.335] VoxelWater: Chunk X=5 Y=-29 Z=0 emitted 4 procedural water vertices (Ocean/Pools)
[+22:38:51.335] VoxelWater: Chunk X=5 Y=-29 Z=1 emitted 48 procedural water vertices (Ocean/Pools)
[+22:38:51.335] VoxelWater: Chunk X=8 Y=-25 Z=1 emitted 48 procedural water vertices (Ocean/Pools)
[+22:38:51.335] VoxelWater: Chunk X=5 Y=-23 Z=1 emitted 268 procedural water vertices (Ocean/Pools)
[+22:38:51.335] VoxelWater: Chunk X=6 Y=-23 Z=1 emitted 20 procedural water vertices (Ocean/Pools)
[+22:38:51.335] VoxelWater: Chunk X=7 Y=-25 Z=3 emitted 60 procedural water vertices (Ocean/Pools)
[+22:38:51.336] VoxelWater: Chunk X=6 Y=-24 Z=1 emitted 268 procedural water vertices (Ocean/Pools)
[+22:38:51.336] VoxelWater: Chunk X=5 Y=-24 Z=1 emitted 232 procedural water vertices (Ocean/Pools)
[+22:38:51.336] VoxelWater: Chunk X=7 Y=-24 Z=1 emitted 8 procedural water vertices (Ocean/Pools)
[+22:38:51.336] VoxelWater: Chunk X=7 Y=-23 Z=1 emitted 12 procedural water vertices (Ocean/Pools)
[+22:38:51.336] VoxelWater: Chunk X=7 Y=-23 Z=2 emitted 4 procedural water vertices (Ocean/Pools)
[+22:38:51.336] VoxelWater: Chunk X=4 Y=-24 Z=1 emitted 304 procedural water vertices (Ocean/Pools)
[+22:38:51.336] VoxelWater: Chunk X=8 Y=-27 Z=1 emitted 68 procedural water vertices (Ocean/Pools)
[+22:38:51.336] VoxelWater: Chunk X=9 Y=-27 Z=1 emitted 52 procedural water vertices (Ocean/Pools)
[+22:38:51.336] VoxelWater: Chunk X=7 Y=-27 Z=1 emitted 148 procedural water vertices (Ocean/Pools)
[+22:38:51.336] VoxelWater: Chunk X=6 Y=-26 Z=0 emitted 40 procedural water vertices (Ocean/Pools)
[+22:38:51.336] VoxelWater: Chunk X=6 Y=-26 Z=1 emitted 164 procedural water vertices (Ocean/Pools)
[+22:38:51.336] VoxelWater: Chunk X=9 Y=-24 Z=2 emitted 4 procedural water vertices (Ocean/Pools)
[+22:38:51.336] VoxelWater: Chunk X=7 Y=-26 Z=0 emitted 8 procedural water vertices (Ocean/Pools)
[+22:38:51.336] VoxelWater: Chunk X=6 Y=-27 Z=0 emitted 12 procedural water vertices (Ocean/Pools)
[+22:38:51.336] VoxelWater: Chunk X=5 Y=-21 Z=1 emitted 8 procedural water vertices (Ocean/Pools)
[+22:38:51.336] VoxelWater: Chunk X=4 Y=-26 Z=0 emitted 4 procedural water vertices (Ocean/Pools)
[+22:38:51.336] VoxelWater: Chunk X=4 Y=-26 Z=1 emitted 568 procedural water vertices (Ocean/Pools)
[+22:38:51.336] VoxelWater: Chunk X=5 Y=-26 Z=1 emitted 604 procedural water vertices (Ocean/Pools)
[+22:38:51.336] VoxelWater: Chunk X=1 Y=-25 Z=2 emitted 4 procedural water vertices (Ocean/Pools)
[+22:38:51.336] VoxelWater: Chunk X=4 Y=-25 Z=1 emitted 472 procedural water vertices (Ocean/Pools)
[+22:38:51.336] VoxelWater: Chunk X=5 Y=-25 Z=1 emitted 212 procedural water vertices (Ocean/Pools)
[+22:38:51.336] VoxelWater: Chunk X=3 Y=-25 Z=1 emitted 40 procedural water vertices (Ocean/Pools)
[+22:38:51.336] VoxelWater: Chunk X=6 Y=-28 Z=1 emitted 120 procedural water vertices (Ocean/Pools)
[+22:38:51.336] VoxelWater: Chunk X=6 Y=-28 Z=2 emitted 4 procedural water vertices (Ocean/Pools)
[+22:38:51.336] VoxelWater: Chunk X=5 Y=-21 Z=2 emitted 12 procedural water vertices (Ocean/Pools)
[+22:38:51.336] VoxelWater: Chunk X=8 Y=-26 Z=1 emitted 60 procedural water vertices (Ocean/Pools)
[+22:38:51.336] VoxelWater: Chunk X=8 Y=-26 Z=2 emitted 12 procedural water vertices (Ocean/Pools)
[+22:38:51.336] VoxelWater: Chunk X=4 Y=-26 Z=2 emitted 8 procedural water vertices (Ocean/Pools)
[+22:38:51.336] VoxelWater: Chunk X=4 Y=-25 Z=2 emitted 328 procedural water vertices (Ocean/Pools)
[+22:38:51.336] VoxelWater: Chunk X=4 Y=-25 Z=3 emitted 136 procedural water vertices (Ocean/Pools)
[+22:38:51.336] VoxelWater: Chunk X=3 Y=-25 Z=3 emitted 12 procedural water vertices (Ocean/Pools)
[+22:38:51.336] VoxelWater: Chunk X=5 Y=-25 Z=2 emitted 460 procedural water vertices (Ocean/Pools)
[+22:38:51.336] VoxelWater: Chunk X=3 Y=-25 Z=2 emitted 52 procedural water vertices (Ocean/Pools)
[+22:38:51.336] VoxelWater: Chunk X=4 Y=-24 Z=2 emitted 360 procedural water vertices (Ocean/Pools)
[+22:38:51.336] VoxelWater: Chunk X=4 Y=-24 Z=3 emitted 84 procedural water vertices (Ocean/Pools)
[+22:38:51.336] VoxelWater: Chunk X=3 Y=-24 Z=3 emitted 148 procedural water vertices (Ocean/Pools)
[+22:38:51.336] VoxelWater: Chunk X=5 Y=-24 Z=2 emitted 124 procedural water vertices (Ocean/Pools)
[+22:38:51.336] VoxelWater: Chunk X=5 Y=-26 Z=2 emitted 16 procedural water vertices (Ocean/Pools)
[+22:38:51.336] VoxelWater: Chunk X=5 Y=-25 Z=3 emitted 128 procedural water vertices (Ocean/Pools)
[+22:38:51.336] VoxelWater: Chunk X=6 Y=-25 Z=3 emitted 216 procedural water vertices (Ocean/Pools)
[+22:38:51.336] VoxelWater: Chunk X=6 Y=-25 Z=2 emitted 264 procedural water vertices (Ocean/Pools)
[+22:38:51.336] VoxelWater: Chunk X=2 Y=-25 Z=3 emitted 20 procedural water vertices (Ocean/Pools)
[+22:38:51.336] VoxelWater: Chunk X=1 Y=-25 Z=3 emitted 44 procedural water vertices (Ocean/Pools)
[+22:38:51.336] VoxelWater: Chunk X=5 Y=-24 Z=3 emitted 20 procedural water vertices (Ocean/Pools)
[+22:38:51.336] VoxelWater: Chunk X=6 Y=-24 Z=3 emitted 104 procedural water vertices (Ocean/Pools)
[+22:38:51.336] VoxelWater: Chunk X=6 Y=-27 Z=1 emitted 416 procedural water vertices (Ocean/Pools)
[+22:38:51.336] VoxelWater: Chunk X=6 Y=-26 Z=2 emitted 56 procedural water vertices (Ocean/Pools)
[+22:38:51.336] VoxelWater: Chunk X=6 Y=-26 Z=3 emitted 20 procedural water vertices (Ocean/Pools)
[+22:38:51.337] VoxelWater: Chunk X=3 Y=-23 Z=1 emitted 132 procedural water vertices (Ocean/Pools)
[+22:38:51.337] VoxelWater: Chunk X=6 Y=-25 Z=1 emitted 60 procedural water vertices (Ocean/Pools)
[+22:38:51.337] VoxelWater: Chunk X=7 Y=-25 Z=2 emitted 24 procedural water vertices (Ocean/Pools)
[+22:38:51.337] VoxelWater: Chunk X=1 Y=-22 Z=1 emitted 24 procedural water vertices (Ocean/Pools)
[+22:38:51.337] VoxelWater: Chunk X=6 Y=-24 Z=2 emitted 204 procedural water vertices (Ocean/Pools)
[+22:38:51.337] VoxelWater: Chunk X=3 Y=-28 Z=1 emitted 16 procedural water vertices (Ocean/Pools)
[+22:38:51.337] VoxelWater: Chunk X=8 Y=-23 Z=1 emitted 24 procedural water vertices (Ocean/Pools)
[+22:38:51.337] VoxelWater: Chunk X=5 Y=-26 Z=0 emitted 12 procedural water vertices (Ocean/Pools)
[+22:38:51.337] VoxelWater: Chunk X=5 Y=-27 Z=1 emitted 252 procedural water vertices (Ocean/Pools)
[+22:38:51.337] VoxelWater: Chunk X=7 Y=-25 Z=1 emitted 4 procedural water vertices (Ocean/Pools)
[+22:38:51.337] VoxelWater: Chunk X=3 Y=-29 Z=1 emitted 148 procedural water vertices (Ocean/Pools)
[+22:38:51.337] VoxelWater: Chunk X=2 Y=-29 Z=1 emitted 120 procedural water vertices (Ocean/Pools)
[+22:38:51.337] VoxelWater: Chunk X=3 Y=-21 Z=1 emitted 16 procedural water vertices (Ocean/Pools)
[+22:38:51.337] VoxelWater: Chunk X=3 Y=-23 Z=3 emitted 8 procedural water vertices (Ocean/Pools)
[+22:38:51.337] VoxelWater: Chunk X=6 Y=-28 Z=0 emitted 8 procedural water vertices (Ocean/Pools)
[+22:38:51.337] VoxelWater: Chunk X=4 Y=-23 Z=1 emitted 12 procedural water vertices (Ocean/Pools)
[+22:38:51.337] VoxelWater: Chunk X=4 Y=-23 Z=2 emitted 20 procedural water vertices (Ocean/Pools)
[+22:38:51.337] VoxelWater: Chunk X=3 Y=-23 Z=2 emitted 124 procedural water vertices (Ocean/Pools)
[+22:38:51.337] VoxelWater: Chunk X=3 Y=-24 Z=2 emitted 36 procedural water vertices (Ocean/Pools)
[+22:38:51.338] VoxelWater: Chunk X=4 Y=-22 Z=1 emitted 4 procedural water vertices (Ocean/Pools)
[+22:38:51.338] VoxelWater: Chunk X=7 Y=-26 Z=1 emitted 328 procedural water vertices (Ocean/Pools)
[+22:38:51.338] VoxelWater: Chunk X=2 Y=-24 Z=2 emitted 24 procedural water vertices (Ocean/Pools)
[+22:38:51.338] VoxelWater: Chunk X=8 Y=-24 Z=1 emitted 32 procedural water vertices (Ocean/Pools)
[+22:38:51.338] VoxelWater: Chunk X=4 Y=-27 Z=1 emitted 256 procedural water vertices (Ocean/Pools)
[+22:38:51.338] VoxelWater: Chunk X=3 Y=-26 Z=1 emitted 200 procedural water vertices (Ocean/Pools)
[+22:38:51.338] VoxelWater: Chunk X=4 Y=-22 Z=2 emitted 20 procedural water vertices (Ocean/Pools)
[+22:38:51.338] VoxelWater: Chunk X=5 Y=-28 Z=1 emitted 276 procedural water vertices (Ocean/Pools)
[+22:38:51.338] VoxelWater: Chunk X=8 Y=-24 Z=2 emitted 28 procedural water vertices (Ocean/Pools)
[+22:38:51.338] VoxelWater: Chunk X=7 Y=-24 Z=2 emitted 24 procedural water vertices (Ocean/Pools)
[+22:38:51.338] VoxelWater: Chunk X=1 Y=-23 Z=1 emitted 12 procedural water vertices (Ocean/Pools)
[+22:38:51.338] VoxelWater: Chunk X=6 Y=-24 Z=4 emitted 4 procedural water vertices (Ocean/Pools)
[+22:38:51.338] VoxelWater: Chunk X=7 Y=-26 Z=2 emitted 40 procedural water vertices (Ocean/Pools)
[+22:38:51.338] VoxelWater: Chunk X=5 Y=-23 Z=2 emitted 16 procedural water vertices (Ocean/Pools)
[+22:38:51.338] VoxelWater: Chunk X=5 Y=-22 Z=2 emitted 140 procedural water vertices (Ocean/Pools)
[+22:38:51.338] VoxelWater: Chunk X=5 Y=-22 Z=1 emitted 68 procedural water vertices (Ocean/Pools)
[+22:38:51.338] VoxelWater: Chunk X=5 Y=-27 Z=2 emitted 64 procedural water vertices (Ocean/Pools)
[+22:38:51.338] VoxelWater: Chunk X=5 Y=-28 Z=2 emitted 4 procedural water vertices (Ocean/Pools)
[+22:38:51.338] VoxelWater: Chunk X=6 Y=-27 Z=2 emitted 12 procedural water vertices (Ocean/Pools)
[+22:38:51.338] VoxelWater: Chunk X=3 Y=-26 Z=2 emitted 188 procedural water vertices (Ocean/Pools)
[+22:38:51.338] VoxelWater: Chunk X=4 Y=-27 Z=2 emitted 72 procedural water vertices (Ocean/Pools)
[+22:38:51.338] VoxelWater: Chunk X=6 Y=-22 Z=1 emitted 124 procedural water vertices (Ocean/Pools)
[+22:38:51.338] VoxelWater: Chunk X=6 Y=-25 Z=4 emitted 4 procedural water vertices (Ocean/Pools)
[+22:38:51.338] VoxelWater: Chunk X=2 Y=-24 Z=1 emitted 40 procedural water vertices (Ocean/Pools)
[+22:38:51.338] VoxelWater: Chunk X=1 Y=-24 Z=1 emitted 108 procedural water vertices (Ocean/Pools)
[+22:38:51.338] VoxelWater: Chunk X=2 Y=-23 Z=1 emitted 52 procedural water vertices (Ocean/Pools)
[+22:38:51.338] VoxelWater: Chunk X=3 Y=-22 Z=2 emitted 64 procedural water vertices (Ocean/Pools)
[+22:38:51.338] VoxelWater: Chunk X=8 Y=-23 Z=2 emitted 28 procedural water vertices (Ocean/Pools)
[+22:38:51.338] VoxelWater: Chunk X=2 Y=-28 Z=1 emitted 16 procedural water vertices (Ocean/Pools)
[+22:38:51.338] VoxelWater: Chunk X=6 Y=-29 Z=0 emitted 24 procedural water vertices (Ocean/Pools)
[+22:38:51.338] VoxelWater: Chunk X=2 Y=-23 Z=2 emitted 40 procedural water vertices (Ocean/Pools)
[+22:38:51.339] VoxelWater: Chunk X=7 Y=-24 Z=3 emitted 48 procedural water vertices (Ocean/Pools)
[+22:38:51.339] VoxelWater: Chunk X=6 Y=-21 Z=1 emitted 96 procedural water vertices (Ocean/Pools)
[+22:38:51.339] VoxelWater: Chunk X=4 Y=-23 Z=3 emitted 28 procedural water vertices (Ocean/Pools)
[+22:38:51.339] VoxelWater: Chunk X=4 Y=-21 Z=1 emitted 152 procedural water vertices (Ocean/Pools)
[+22:38:51.339] VoxelWater: Chunk X=4 Y=-20 Z=1 emitted 100 procedural water vertices (Ocean/Pools)
[+22:38:51.339] VoxelWater: Chunk X=0 Y=-24 Z=1 emitted 16 procedural water vertices (Ocean/Pools)
[+22:38:51.339] VoxelWater: Chunk X=10 Y=-26 Z=1 emitted 124 procedural water vertices (Ocean/Pools)
[+22:38:51.339] VoxelWater: Chunk X=2 Y=-24 Z=3 emitted 64 procedural water vertices (Ocean/Pools)
[+22:38:51.339] VoxelWater: Chunk X=3 Y=-26 Z=3 emitted 24 procedural water vertices (Ocean/Pools)
[+22:38:51.339] VoxelWater: Chunk X=6 Y=-29 Z=1 emitted 256 procedural water vertices (Ocean/Pools)
[+22:38:51.339] VoxelWater: Chunk X=7 Y=-29 Z=1 emitted 4 procedural water vertices (Ocean/Pools)
[+22:38:51.339] VoxelWater: Chunk X=4 Y=-29 Z=1 emitted 80 procedural water vertices (Ocean/Pools)
[+22:38:51.339] VoxelWater: Chunk X=2 Y=-23 Z=3 emitted 16 procedural water vertices (Ocean/Pools)
[+22:38:51.339] VoxelWater: Chunk X=4 Y=-21 Z=2 emitted 260 procedural water vertices (Ocean/Pools)
[+22:38:51.339] VoxelWater: Chunk X=4 Y=-29 Z=2 emitted 32 procedural water vertices (Ocean/Pools)
[+22:38:51.339] VoxelWater: Chunk X=3 Y=-29 Z=2 emitted 16 procedural water vertices (Ocean/Pools)
[+22:38:51.339] VoxelWater: Chunk X=1 Y=-24 Z=2 emitted 96 procedural water vertices (Ocean/Pools)
[+22:38:51.339] VoxelWater: Chunk X=1 Y=-24 Z=3 emitted 24 procedural water vertices (Ocean/Pools)
[+22:38:51.339] VoxelWater: Chunk X=9 Y=-26 Z=2 emitted 96 procedural water vertices (Ocean/Pools)
[+22:38:51.339] VoxelWater: Chunk X=6 Y=-21 Z=2 emitted 176 procedural water vertices (Ocean/Pools)
[+22:38:51.339] VoxelWater: Chunk X=5 Y=-20 Z=1 emitted 44 procedural water vertices (Ocean/Pools)
[+22:38:51.339] VoxelWater: Chunk X=7 Y=-25 Z=4 emitted 64 procedural water vertices (Ocean/Pools)
[+22:38:51.339] VoxelWater: Chunk X=7 Y=-24 Z=4 emitted 32 procedural water vertices (Ocean/Pools)
[+22:38:51.339] VoxelWater: Chunk X=1 Y=-28 Z=2 emitted 96 procedural water vertices (Ocean/Pools)
[+22:38:51.339] VoxelWater: Chunk X=1 Y=-27 Z=2 emitted 104 procedural water vertices (Ocean/Pools)
[+22:38:51.339] VoxelWater: Chunk X=1 Y=-28 Z=1 emitted 28 procedural water vertices (Ocean/Pools)
[+22:38:51.339] VoxelWater: Chunk X=5 Y=-30 Z=1 emitted 52 procedural water vertices (Ocean/Pools)
[+22:38:51.340] VoxelWater: Chunk X=8 Y=-21 Z=1 emitted 20 procedural water vertices (Ocean/Pools)
[+22:38:51.340] VoxelWater: Chunk X=2 Y=-21 Z=1 emitted 12 procedural water vertices (Ocean/Pools)
[+22:38:51.340] VoxelWater: Chunk X=3 Y=-22 Z=3 emitted 96 procedural water vertices (Ocean/Pools)
[+22:38:51.340] VoxelWater: Chunk X=10 Y=-25 Z=1 emitted 36 procedural water vertices (Ocean/Pools)
[+22:38:51.340] VoxelWater: Chunk X=9 Y=-22 Z=1 emitted 100 procedural water vertices (Ocean/Pools)
[+22:38:51.340] VoxelWater: Chunk X=8 Y=-29 Z=0 emitted 20 procedural water vertices (Ocean/Pools)
[+22:38:51.340] VoxelWater: Chunk X=8 Y=-29 Z=1 emitted 60 procedural water vertices (Ocean/Pools)
[+22:38:51.340] VoxelWater: Chunk X=7 Y=-21 Z=2 emitted 20 procedural water vertices (Ocean/Pools)
[+22:38:51.340] VoxelWater: Chunk X=9 Y=-28 Z=1 emitted 20 procedural water vertices (Ocean/Pools)
[+22:38:51.340] VoxelWater: Chunk X=3 Y=-21 Z=2 emitted 204 procedural water vertices (Ocean/Pools)
[+22:38:51.340] VoxelWater: Chunk X=10 Y=-24 Z=1 emitted 60 procedural water vertices (Ocean/Pools)
[+22:38:51.340] VoxelWater: Chunk X=10 Y=-23 Z=1 emitted 24 procedural water vertices (Ocean/Pools)
[+22:38:51.340] VoxelWater: Chunk X=6 Y=-30 Z=1 emitted 104 procedural water vertices (Ocean/Pools)
[+22:38:51.340] VoxelWater: Chunk X=4 Y=-30 Z=1 emitted 60 procedural water vertices (Ocean/Pools)
[+22:38:51.340] VoxelWater: Chunk X=3 Y=-30 Z=1 emitted 20 procedural water vertices (Ocean/Pools)
[+22:38:51.340] VoxelWater: Chunk X=7 Y=-30 Z=1 emitted 68 procedural water vertices (Ocean/Pools)
[+22:38:51.340] VoxelWater: Chunk X=10 Y=-27 Z=1 emitted 24 procedural water vertices (Ocean/Pools)
[+22:38:51.340] VoxelWater: Chunk X=7 Y=-20 Z=1 emitted 36 procedural water vertices (Ocean/Pools)
[+22:38:51.340] VoxelWater: Chunk X=3 Y=-20 Z=1 emitted 36 procedural water vertices (Ocean/Pools)
[+22:38:51.340] VoxelWater: Chunk X=8 Y=-21 Z=2 emitted 20 procedural water vertices (Ocean/Pools)
[+22:38:51.340] VoxelWater: Chunk X=10 Y=-25 Z=2 emitted 20 procedural water vertices (Ocean/Pools)
[+22:38:51.340] VoxelWater: Chunk X=2 Y=-21 Z=2 emitted 136 procedural water vertices (Ocean/Pools)
[+22:38:51.340] VoxelWater: Chunk X=5 Y=-30 Z=2 emitted 32 procedural water vertices (Ocean/Pools)
[+22:38:51.340] VoxelWater: Chunk X=2 Y=-25 Z=4 emitted 32 procedural water vertices (Ocean/Pools)
[+22:38:51.340] VoxelWater: Chunk X=5 Y=-20 Z=2 emitted 32 procedural water vertices (Ocean/Pools)
[+22:38:51.340] VoxelWater: Chunk X=1 Y=-22 Z=2 emitted 20 procedural water vertices (Ocean/Pools)
[+22:38:51.340] VoxelWater: Chunk X=0 Y=-25 Z=2 emitted 16 procedural water vertices (Ocean/Pools)
[+22:38:51.340] VoxelWater: Chunk X=6 Y=-20 Z=2 emitted 60 procedural water vertices (Ocean/Pools)
[+22:38:51.340] VoxelWater: Chunk X=4 Y=-30 Z=2 emitted 36 procedural water vertices (Ocean/Pools)
[+22:38:51.340] VoxelWater: Chunk X=10 Y=-24 Z=2 emitted 28 procedural water vertices (Ocean/Pools)
[+22:38:51.340] VoxelWater: Chunk X=2 Y=-24 Z=4 emitted 12 procedural water vertices (Ocean/Pools)
[+22:38:51.340] VoxelWater: Chunk X=10 Y=-26 Z=2 emitted 4 procedural water vertices (Ocean/Pools)
[+22:38:51.340] VoxelWater: Chunk X=0 Y=-24 Z=2 emitted 12 procedural water vertices (Ocean/Pools)
[+22:38:51.351] VoxelChunk: GenerateAsync (2,-21,2)
[+22:38:51.351] VoxelChunk: GenerateAsync (2,-25,4)
[+22:38:51.351] VoxelChunk: GenerateAsync (8,-25,4)
[+22:38:51.351] VoxelChunk: GenerateAsync (9,-28,2)
[+22:38:51.351] VoxelChunk: GenerateAsync (2,-22,3)
[+22:38:51.351] VoxelChunk: GenerateAsync (9,-22,2)
[+22:38:51.351] VoxelChunk: GenerateAsync (1,-22,2)
[+22:38:51.351] VoxelChunk: GenerateAsync (8,-22,3)
[+22:38:51.351] VoxelMesh: Chunk X=2 Y=-21 Z=2 FlatVerts=132 SlopeVerts=102
[+22:38:51.351] VoxelChunk: GenerateAsync (0,-25,2)
[+22:38:51.351] VoxelChunk: GenerateAsync (5,-22,4)
[+22:38:51.351] VoxelChunk: GenerateAsync (2,-28,3)
[+22:38:51.351] VoxelChunk: GenerateAsync (8,-28,3)
[+22:38:51.351] VoxelChunk: GenerateAsync (5,-28,4)
[+22:38:51.351] VoxelChunk: GenerateAsync (6,-20,2)
[+22:38:51.351] VoxelMesh: Chunk X=2 Y=-25 Z=4 FlatVerts=72 SlopeVerts=90
[+22:38:51.351] VoxelChunk: GenerateAsync (4,-30,2)
[+22:38:51.351] VoxelChunk: GenerateAsync (10,-22,0)
[+22:38:51.351] VoxelChunk: GenerateAsync (10,-24,2)
[+22:38:51.351] VoxelChunk: GenerateAsync (0,-22,0)
[+22:38:51.351] VoxelChunk: GenerateAsync (6,-30,2)
[+22:38:51.351] VoxelChunk: GenerateAsync (2,-24,4)
[+22:38:51.352] VoxelChunk: GenerateAsync (4,-28,4)
[+22:38:51.352] VoxelChunk: GenerateAsync (2,-30,0)
[+22:38:51.352] VoxelChunk: GenerateAsync (0,-26,2)
[+22:38:51.352] VoxelMesh: Chunk X=9 Y=-28 Z=2 FlatVerts=0 SlopeVerts=0
[+22:38:51.352] VoxelChunk: GenerateAsync (10,-28,0)
[+22:38:51.352] VoxelMesh: Chunk X=8 Y=-25 Z=4 FlatVerts=0 SlopeVerts=6
[+22:38:51.352] VoxelChunk: GenerateAsync (10,-26,2)
[+22:38:51.352] VoxelChunk: GenerateAsync (8,-24,4)
[+22:38:51.352] VoxelChunk: GenerateAsync (0,-28,0)
[+22:38:51.352] VoxelChunk: GenerateAsync (8,-20,0)
[+22:38:51.352] VoxelMesh: Chunk X=9 Y=-22 Z=2 FlatVerts=0 SlopeVerts=0
[+22:38:51.352] VoxelMesh: Chunk X=0 Y=-25 Z=2 FlatVerts=0 SlopeVerts=186
[+22:38:51.352] VoxelChunk: GenerateAsync (2,-26,4)
[+22:38:51.352] VoxelMesh: Chunk X=1 Y=-22 Z=2 FlatVerts=6 SlopeVerts=12
[+22:38:51.352] VoxelChunk: GenerateAsync (8,-26,4)
[+22:38:51.352] VoxelChunk: GenerateAsync (6,-28,4)
[+22:38:51.352] VoxelChunk: GenerateAsync (6,-22,4)
[+22:38:51.352] VoxelChunk: GenerateAsync (8,-30,0)
[+22:38:51.352] VoxelChunk: GenerateAsync (0,-24,2)
[+22:38:51.352] VoxelChunk: GenerateAsync (2,-20,0)
[+22:38:51.352] VoxelChunk: GenerateAsync (4,-20,2)
[+22:38:51.352] VoxelMesh: Chunk X=8 Y=-22 Z=3 FlatVerts=0 SlopeVerts=0
[+22:38:51.352] VoxelChunk: GenerateAsync (4,-22,4)
[+22:38:51.352] VoxelMesh: Chunk X=2 Y=-22 Z=3 FlatVerts=0 SlopeVerts=30
[+22:38:51.352] VoxelChunk: GenerateAsync (7,-21,3)
[+22:38:51.352] VoxelMesh: Chunk X=10 Y=-22 Z=0 FlatVerts=0 SlopeVerts=0
[+22:38:51.352] VoxelMesh: Chunk X=2 Y=-28 Z=3 FlatVerts=6 SlopeVerts=12
[+22:38:51.352] VoxelMesh: Chunk X=0 Y=-22 Z=0 FlatVerts=0 SlopeVerts=0
[+22:38:51.352] VoxelMesh: Chunk X=5 Y=-28 Z=4 FlatVerts=0 SlopeVerts=0
[+22:38:51.352] VoxelMesh: Chunk X=8 Y=-28 Z=3 FlatVerts=0 SlopeVerts=0
[+22:38:51.352] VoxelMesh: Chunk X=5 Y=-22 Z=4 FlatVerts=0 SlopeVerts=0
[+22:38:51.352] VoxelMesh: Chunk X=6 Y=-20 Z=2 FlatVerts=60 SlopeVerts=216
[+22:38:51.352] VoxelMesh: Chunk X=4 Y=-30 Z=2 FlatVerts=102 SlopeVerts=60
[+22:38:51.352] VoxelMesh: Chunk X=2 Y=-30 Z=0 FlatVerts=0 SlopeVerts=0
[+22:38:51.352] VoxelMesh: Chunk X=10 Y=-28 Z=0 FlatVerts=0 SlopeVerts=0
[+22:38:51.352] VoxelMesh: Chunk X=10 Y=-24 Z=2 FlatVerts=72 SlopeVerts=6
[+22:38:51.352] VoxelMesh: Chunk X=4 Y=-28 Z=4 FlatVerts=0 SlopeVerts=0
[+22:38:51.352] VoxelMesh: Chunk X=6 Y=-30 Z=2 FlatVerts=0 SlopeVerts=0
[+22:38:51.352] VoxelMesh: Chunk X=0 Y=-26 Z=2 FlatVerts=0 SlopeVerts=48
[+22:38:51.352] VoxelMesh: Chunk X=2 Y=-24 Z=4 FlatVerts=30 SlopeVerts=48
[+22:38:51.352] VoxelMesh: Chunk X=0 Y=-28 Z=0 FlatVerts=0 SlopeVerts=0
[+22:38:51.352] VoxelMesh: Chunk X=10 Y=-26 Z=2 FlatVerts=36 SlopeVerts=12
[+22:38:51.352] VoxelMesh: Chunk X=8 Y=-24 Z=4 FlatVerts=0 SlopeVerts=18
[+22:38:51.352] VoxelMesh: Chunk X=8 Y=-30 Z=0 FlatVerts=0 SlopeVerts=0
[+22:38:51.352] VoxelMesh: Chunk X=8 Y=-20 Z=0 FlatVerts=0 SlopeVerts=0
[+22:38:51.352] VoxelMesh: Chunk X=6 Y=-28 Z=4 FlatVerts=0 SlopeVerts=0
[+22:38:51.352] VoxelMesh: Chunk X=2 Y=-20 Z=0 FlatVerts=0 SlopeVerts=0
[+22:38:51.352] VoxelMesh: Chunk X=2 Y=-26 Z=4 FlatVerts=18 SlopeVerts=30
[+22:38:51.352] VoxelMesh: Chunk X=8 Y=-28 Z=-5 FlatVerts=2136 SlopeVerts=180
[+22:38:51.352] VoxelMesh: Chunk X=6 Y=-22 Z=4 FlatVerts=0 SlopeVerts=0
[+22:38:51.353] VoxelMesh: Chunk X=0 Y=-24 Z=2 FlatVerts=0 SlopeVerts=36
[+22:38:51.353] VoxelMesh: Chunk X=4 Y=-20 Z=2 FlatVerts=0 SlopeVerts=0
[+22:38:51.353] VoxelMesh: Chunk X=4 Y=-22 Z=4 FlatVerts=0 SlopeVerts=24
[+22:38:51.353] VoxelMesh: Chunk X=8 Y=-26 Z=4 FlatVerts=0 SlopeVerts=0
[+22:38:51.353] VoxelMesh: Chunk X=7 Y=-21 Z=3 FlatVerts=0 SlopeVerts=0
[+22:38:51.354] VoxelChunk: GenerateAsync (1,-29,1)
[+22:38:51.355] VoxelMesh: Chunk X=1 Y=-29 Z=1 FlatVerts=2136 SlopeVerts=180
[+22:38:51.356] VoxelMesh: Chunk X=2 Y=-22 Z=-5 FlatVerts=288 SlopeVerts=4722
[+22:38:51.357] VoxelChunk: GenerateAsync (1,-27,3)
[+22:38:51.360] VoxelMesh: Chunk X=1 Y=-27 Z=3 FlatVerts=288 SlopeVerts=4722
[+22:38:51.362] VoxelMesh: Chunk X=0 Y=0 Z=0 FlatVerts=1386 SlopeVerts=16950
[+22:38:51.364] VoxelChunk: GenerateAsync (1,-21,1)
[+22:38:51.365] VoxelMesh: Chunk X=1 Y=-21 Z=1 FlatVerts=1164 SlopeVerts=1338
[+22:38:51.372] VoxelMesh: Chunk X=0 Y=0 Z=0 FlatVerts=270 SlopeVerts=21048
[+22:38:51.375] VoxelChunk: GenerateAsync (1,-23,3)
[+22:38:51.377] VoxelMesh: Chunk X=1 Y=-23 Z=3 FlatVerts=0 SlopeVerts=0
[+22:38:51.393] VoxelMesh: Chunk X=0 Y=0 Z=0 FlatVerts=96 SlopeVerts=12786
[+22:38:51.402] VoxelChunk: GenerateAsync (3,0,3)
[+22:38:51.403] VoxelMesh: Chunk X=3 Y=0 Z=3 FlatVerts=0 SlopeVerts=252
[+22:38:51.410] VoxelMesh: Chunk X=0 Y=0 Z=0 FlatVerts=0 SlopeVerts=0
[+22:38:51.410] VoxelChunk: GenerateAsync (9,-23,3)
[+22:38:51.412] VoxelMesh: Chunk X=9 Y=-23 Z=3 FlatVerts=0 SlopeVerts=0
[+22:38:51.415] VoxelMesh: Chunk X=0 Y=0 Z=0 FlatVerts=7500 SlopeVerts=858
[+22:38:51.416] VoxelChunk: GenerateAsync (9,-29,1)
[+22:38:51.419] VoxelMesh: Chunk X=9 Y=-29 Z=1 FlatVerts=1746 SlopeVerts=0
[+22:38:51.423] VoxelMesh: Chunk X=0 Y=0 Z=0 FlatVerts=48 SlopeVerts=14598
[+22:38:51.425] VoxelChunk: GenerateAsync (3,-21,3)
[+22:38:51.428] VoxelMesh: Chunk X=3 Y=-21 Z=3 FlatVerts=42 SlopeVerts=414
[+22:38:51.431] VoxelMesh: Chunk X=0 Y=0 Z=0 FlatVerts=150 SlopeVerts=3978
[+22:38:51.432] VoxelChunk: GenerateAsync (7,-29,3)
[+22:38:51.434] VoxelMesh: Chunk X=7 Y=-29 Z=3 FlatVerts=0 SlopeVerts=0
[+22:38:51.451] VoxelMesh: Chunk X=0 Y=0 Z=0 FlatVerts=132 SlopeVerts=28614
[+22:38:51.454] VoxelChunk: GenerateAsync (9,-27,3)
[+22:38:51.455] VoxelMesh: Chunk X=9 Y=-27 Z=3 FlatVerts=0 SlopeVerts=0
[+22:38:51.460] VoxelMesh: Chunk X=0 Y=0 Z=0 FlatVerts=0 SlopeVerts=0
[+22:38:51.460] VoxelChunk: GenerateAsync (5,-25,5)
[+22:38:51.464] VoxelMesh: Chunk X=5 Y=-25 Z=5 FlatVerts=0 SlopeVerts=0
[+22:38:51.467] VoxelMesh: Chunk X=0 Y=0 Z=0 FlatVerts=774 SlopeVerts=3144
[+22:38:51.468] VoxelChunk: GenerateAsync (3,-29,3)
[+22:38:51.470] VoxelMesh: Chunk X=3 Y=-29 Z=3 FlatVerts=0 SlopeVerts=0
[+22:38:51.473] VoxelMesh: Chunk X=0 Y=0 Z=0 FlatVerts=7182 SlopeVerts=0
[+22:38:51.475] VoxelChunk: GenerateAsync (9,-21,1)
[+22:38:51.476] VoxelMesh: Chunk X=9 Y=-21 Z=1 FlatVerts=1662 SlopeVerts=396
[+22:38:51.488] VoxelMesh: Chunk X=0 Y=0 Z=0 FlatVerts=5562 SlopeVerts=1482
[+22:38:51.489] VoxelChunk: GenerateAsync (5,-31,0)
[+22:38:51.490] VoxelMesh: Chunk X=5 Y=-31 Z=0 FlatVerts=0 SlopeVerts=0
[+22:38:51.495] VoxelMesh: Chunk X=0 Y=0 Z=0 FlatVerts=0 SlopeVerts=0
[+22:38:51.495] VoxelChunk: GenerateAsync (5,-26,5)
[+22:38:51.496] VoxelMesh: Chunk X=5 Y=-26 Z=5 FlatVerts=0 SlopeVerts=0
[+22:38:51.500] VoxelMesh: Chunk X=0 Y=0 Z=0 FlatVerts=0 SlopeVerts=0
[+22:38:51.500] VoxelChunk: GenerateAsync (4,-25,5)
[+22:38:51.502] VoxelMesh: Chunk X=4 Y=-25 Z=5 FlatVerts=0 SlopeVerts=0
[+22:38:51.504] VoxelMesh: Chunk X=0 Y=0 Z=0 FlatVerts=3888 SlopeVerts=5520
[+22:38:51.505] VoxelChunk: GenerateAsync (5,-19,0)
[+22:38:51.505] VoxelMesh: Chunk X=5 Y=-19 Z=0 FlatVerts=0 SlopeVerts=0
[+22:38:51.542] VoxelWater: Chunk X=7 Y=-22 Z=1 emitted 32 procedural water vertices (Ocean/Pools)
[+22:38:51.542] VoxelWater: Chunk X=9 Y=-26 Z=1 emitted 224 procedural water vertices (Ocean/Pools)
[+22:38:51.542] VoxelWater: Chunk X=9 Y=-25 Z=1 emitted 32 procedural water vertices (Ocean/Pools)
[+22:38:51.542] VoxelWater: Chunk X=5 Y=-29 Z=0 emitted 4 procedural water vertices (Ocean/Pools)
[+22:38:51.542] VoxelWater: Chunk X=5 Y=-29 Z=1 emitted 52 procedural water vertices (Ocean/Pools)
[+22:38:51.543] VoxelWater: Chunk X=8 Y=-25 Z=1 emitted 52 procedural water vertices (Ocean/Pools)
[+22:38:51.543] VoxelWater: Chunk X=5 Y=-23 Z=1 emitted 276 procedural water vertices (Ocean/Pools)
[+22:38:51.543] VoxelWater: Chunk X=6 Y=-23 Z=1 emitted 24 procedural water vertices (Ocean/Pools)
[+22:38:51.543] VoxelWater: Chunk X=7 Y=-25 Z=3 emitted 68 procedural water vertices (Ocean/Pools)
[+22:38:51.543] VoxelWater: Chunk X=6 Y=-24 Z=1 emitted 276 procedural water vertices (Ocean/Pools)
[+22:38:51.543] VoxelWater: Chunk X=5 Y=-24 Z=1 emitted 244 procedural water vertices (Ocean/Pools)
[+22:38:51.543] VoxelWater: Chunk X=7 Y=-24 Z=1 emitted 8 procedural water vertices (Ocean/Pools)
[+22:38:51.543] VoxelWater: Chunk X=7 Y=-23 Z=1 emitted 12 procedural water vertices (Ocean/Pools)
[+22:38:51.543] VoxelWater: Chunk X=7 Y=-23 Z=2 emitted 4 procedural water vertices (Ocean/Pools)
[+22:38:51.543] VoxelWater: Chunk X=4 Y=-24 Z=1 emitted 304 procedural water vertices (Ocean/Pools)
[+22:38:51.543] VoxelWater: Chunk X=4 Y=-23 Z=1 emitted 12 procedural water vertices (Ocean/Pools)
[+22:38:51.543] VoxelWater: Chunk X=8 Y=-27 Z=1 emitted 76 procedural water vertices (Ocean/Pools)
[+22:38:51.543] VoxelWater: Chunk X=9 Y=-27 Z=1 emitted 60 procedural water vertices (Ocean/Pools)
[+22:38:51.543] VoxelWater: Chunk X=7 Y=-27 Z=1 emitted 156 procedural water vertices (Ocean/Pools)
[+22:38:51.543] VoxelWater: Chunk X=6 Y=-26 Z=0 emitted 44 procedural water vertices (Ocean/Pools)
[+22:38:51.543] VoxelWater: Chunk X=6 Y=-26 Z=1 emitted 176 procedural water vertices (Ocean/Pools)
[+22:38:51.543] VoxelWater: Chunk X=9 Y=-24 Z=2 emitted 4 procedural water vertices (Ocean/Pools)
[+22:38:51.544] VoxelWater: Chunk X=7 Y=-26 Z=0 emitted 12 procedural water vertices (Ocean/Pools)
[+22:38:51.544] VoxelWater: Chunk X=6 Y=-27 Z=0 emitted 12 procedural water vertices (Ocean/Pools)
[+22:38:51.544] VoxelWater: Chunk X=5 Y=-21 Z=1 emitted 8 procedural water vertices (Ocean/Pools)
[+22:38:51.544] VoxelWater: Chunk X=4 Y=-26 Z=0 emitted 4 procedural water vertices (Ocean/Pools)
[+22:38:51.544] VoxelWater: Chunk X=4 Y=-26 Z=1 emitted 568 procedural water vertices (Ocean/Pools)
[+22:38:51.544] VoxelWater: Chunk X=5 Y=-26 Z=1 emitted 612 procedural water vertices (Ocean/Pools)
[+22:38:51.544] VoxelWater: Chunk X=1 Y=-25 Z=2 emitted 4 procedural water vertices (Ocean/Pools)
[+22:38:51.544] VoxelWater: Chunk X=4 Y=-25 Z=1 emitted 480 procedural water vertices (Ocean/Pools)
[+22:38:51.544] VoxelWater: Chunk X=5 Y=-25 Z=1 emitted 228 procedural water vertices (Ocean/Pools)
[+22:38:51.544] VoxelWater: Chunk X=3 Y=-25 Z=1 emitted 52 procedural water vertices (Ocean/Pools)
[+22:38:51.544] VoxelWater: Chunk X=6 Y=-28 Z=1 emitted 128 procedural water vertices (Ocean/Pools)
[+22:38:51.544] VoxelWater: Chunk X=6 Y=-28 Z=2 emitted 4 procedural water vertices (Ocean/Pools)
[+22:38:51.544] VoxelWater: Chunk X=5 Y=-21 Z=2 emitted 12 procedural water vertices (Ocean/Pools)
[+22:38:51.544] VoxelWater: Chunk X=8 Y=-26 Z=1 emitted 64 procedural water vertices (Ocean/Pools)
[+22:38:51.544] VoxelWater: Chunk X=8 Y=-26 Z=2 emitted 12 procedural water vertices (Ocean/Pools)
[+22:38:51.544] VoxelWater: Chunk X=4 Y=-26 Z=2 emitted 8 procedural water vertices (Ocean/Pools)
[+22:38:51.544] VoxelWater: Chunk X=4 Y=-25 Z=2 emitted 336 procedural water vertices (Ocean/Pools)
[+22:38:51.545] VoxelWater: Chunk X=4 Y=-25 Z=3 emitted 136 procedural water vertices (Ocean/Pools)
[+22:38:51.545] VoxelWater: Chunk X=3 Y=-25 Z=3 emitted 12 procedural water vertices (Ocean/Pools)
[+22:38:51.545] VoxelWater: Chunk X=5 Y=-25 Z=2 emitted 456 procedural water vertices (Ocean/Pools)
[+22:38:51.545] VoxelWater: Chunk X=3 Y=-25 Z=2 emitted 52 procedural water vertices (Ocean/Pools)
[+22:38:51.545] VoxelWater: Chunk X=4 Y=-24 Z=2 emitted 364 procedural water vertices (Ocean/Pools)
[+22:38:51.545] VoxelWater: Chunk X=4 Y=-24 Z=3 emitted 84 procedural water vertices (Ocean/Pools)
[+22:38:51.545] VoxelWater: Chunk X=3 Y=-24 Z=3 emitted 152 procedural water vertices (Ocean/Pools)
[+22:38:51.545] VoxelWater: Chunk X=5 Y=-24 Z=2 emitted 124 procedural water vertices (Ocean/Pools)
[+22:38:51.545] VoxelWater: Chunk X=5 Y=-26 Z=2 emitted 20 procedural water vertices (Ocean/Pools)
[+22:38:51.545] VoxelWater: Chunk X=5 Y=-25 Z=3 emitted 128 procedural water vertices (Ocean/Pools)
[+22:38:51.545] VoxelWater: Chunk X=6 Y=-25 Z=3 emitted 216 procedural water vertices (Ocean/Pools)
[+22:38:51.545] VoxelWater: Chunk X=6 Y=-25 Z=2 emitted 244 procedural water vertices (Ocean/Pools)
[+22:38:51.545] VoxelWater: Chunk X=2 Y=-25 Z=2 emitted 4 procedural water vertices (Ocean/Pools)
[+22:38:51.545] VoxelWater: Chunk X=2 Y=-25 Z=3 emitted 28 procedural water vertices (Ocean/Pools)
[+22:38:51.545] VoxelWater: Chunk X=1 Y=-25 Z=3 emitted 52 procedural water vertices (Ocean/Pools)
[+22:38:51.545] VoxelWater: Chunk X=5 Y=-24 Z=3 emitted 20 procedural water vertices (Ocean/Pools)
[+22:38:51.545] VoxelWater: Chunk X=6 Y=-24 Z=3 emitted 108 procedural water vertices (Ocean/Pools)
[+22:38:51.546] VoxelWater: Chunk X=6 Y=-27 Z=1 emitted 444 procedural water vertices (Ocean/Pools)
[+22:38:51.546] VoxelWater: Chunk X=6 Y=-26 Z=2 emitted 56 procedural water vertices (Ocean/Pools)
[+22:38:51.546] VoxelWater: Chunk X=6 Y=-26 Z=3 emitted 20 procedural water vertices (Ocean/Pools)
[+22:38:51.546] VoxelWater: Chunk X=3 Y=-23 Z=1 emitted 152 procedural water vertices (Ocean/Pools)
[+22:38:51.546] VoxelWater: Chunk X=6 Y=-25 Z=1 emitted 64 procedural water vertices (Ocean/Pools)
[+22:38:51.546] VoxelWater: Chunk X=7 Y=-25 Z=2 emitted 24 procedural water vertices (Ocean/Pools)
[+22:38:51.546] VoxelWater: Chunk X=6 Y=-24 Z=2 emitted 208 procedural water vertices (Ocean/Pools)
[+22:38:51.546] VoxelWater: Chunk X=1 Y=-22 Z=1 emitted 36 procedural water vertices (Ocean/Pools)
[+22:38:51.546] VoxelWater: Chunk X=3 Y=-28 Z=1 emitted 16 procedural water vertices (Ocean/Pools)
[+22:38:51.546] VoxelWater: Chunk X=8 Y=-23 Z=1 emitted 24 procedural water vertices (Ocean/Pools)
[+22:38:51.546] VoxelWater: Chunk X=5 Y=-26 Z=0 emitted 12 procedural water vertices (Ocean/Pools)
[+22:38:51.546] VoxelWater: Chunk X=5 Y=-27 Z=1 emitted 280 procedural water vertices (Ocean/Pools)
[+22:38:51.546] VoxelWater: Chunk X=7 Y=-25 Z=1 emitted 4 procedural water vertices (Ocean/Pools)
[+22:38:51.546] VoxelWater: Chunk X=3 Y=-29 Z=1 emitted 180 procedural water vertices (Ocean/Pools)
[+22:38:51.546] VoxelWater: Chunk X=2 Y=-29 Z=1 emitted 120 procedural water vertices (Ocean/Pools)
[+22:38:51.546] VoxelWater: Chunk X=3 Y=-21 Z=1 emitted 28 procedural water vertices (Ocean/Pools)
[+22:38:51.546] VoxelWater: Chunk X=3 Y=-23 Z=3 emitted 8 procedural water vertices (Ocean/Pools)
[+22:38:51.546] VoxelWater: Chunk X=6 Y=-28 Z=0 emitted 12 procedural water vertices (Ocean/Pools)
[+22:38:51.546] VoxelWater: Chunk X=6 Y=-29 Z=1 emitted 272 procedural water vertices (Ocean/Pools)
[+22:38:51.546] VoxelWater: Chunk X=4 Y=-23 Z=2 emitted 28 procedural water vertices (Ocean/Pools)
[+22:38:51.546] VoxelWater: Chunk X=3 Y=-23 Z=2 emitted 124 procedural water vertices (Ocean/Pools)
[+22:38:51.546] VoxelWater: Chunk X=3 Y=-24 Z=2 emitted 48 procedural water vertices (Ocean/Pools)
[+22:38:51.546] VoxelWater: Chunk X=4 Y=-22 Z=1 emitted 4 procedural water vertices (Ocean/Pools)
[+22:38:51.546] VoxelWater: Chunk X=7 Y=-26 Z=1 emitted 352 procedural water vertices (Ocean/Pools)
[+22:38:51.546] VoxelWater: Chunk X=2 Y=-24 Z=2 emitted 24 procedural water vertices (Ocean/Pools)
[+22:38:51.546] VoxelWater: Chunk X=8 Y=-24 Z=1 emitted 32 procedural water vertices (Ocean/Pools)
[+22:38:51.546] VoxelWater: Chunk X=4 Y=-27 Z=1 emitted 272 procedural water vertices (Ocean/Pools)
[+22:38:51.547] VoxelWater: Chunk X=3 Y=-26 Z=1 emitted 208 procedural water vertices (Ocean/Pools)
[+22:38:51.547] VoxelWater: Chunk X=4 Y=-22 Z=2 emitted 28 procedural water vertices (Ocean/Pools)
[+22:38:51.547] VoxelWater: Chunk X=5 Y=-28 Z=1 emitted 284 procedural water vertices (Ocean/Pools)
[+22:38:51.547] VoxelWater: Chunk X=7 Y=-29 Z=1 emitted 8 procedural water vertices (Ocean/Pools)
[+22:38:51.547] VoxelWater: Chunk X=8 Y=-24 Z=2 emitted 28 procedural water vertices (Ocean/Pools)
[+22:38:51.547] VoxelWater: Chunk X=7 Y=-24 Z=2 emitted 24 procedural water vertices (Ocean/Pools)
[+22:38:51.547] VoxelWater: Chunk X=1 Y=-23 Z=1 emitted 20 procedural water vertices (Ocean/Pools)
[+22:38:51.547] VoxelWater: Chunk X=6 Y=-24 Z=4 emitted 4 procedural water vertices (Ocean/Pools)
[+22:38:51.547] VoxelWater: Chunk X=7 Y=-26 Z=2 emitted 40 procedural water vertices (Ocean/Pools)
[+22:38:51.547] VoxelWater: Chunk X=5 Y=-23 Z=2 emitted 16 procedural water vertices (Ocean/Pools)
[+22:38:51.547] VoxelWater: Chunk X=5 Y=-22 Z=2 emitted 148 procedural water vertices (Ocean/Pools)
[+22:38:51.547] VoxelWater: Chunk X=5 Y=-22 Z=1 emitted 68 procedural water vertices (Ocean/Pools)
[+22:38:51.547] VoxelWater: Chunk X=5 Y=-27 Z=2 emitted 64 procedural water vertices (Ocean/Pools)
[+22:38:51.547] VoxelWater: Chunk X=5 Y=-28 Z=2 emitted 4 procedural water vertices (Ocean/Pools)
[+22:38:51.547] VoxelWater: Chunk X=6 Y=-27 Z=2 emitted 12 procedural water vertices (Ocean/Pools)
[+22:38:51.548] VoxelWater: Chunk X=3 Y=-26 Z=2 emitted 188 procedural water vertices (Ocean/Pools)
[+22:38:51.548] VoxelWater: Chunk X=4 Y=-27 Z=2 emitted 72 procedural water vertices (Ocean/Pools)
[+22:38:51.548] VoxelWater: Chunk X=8 Y=-29 Z=0 emitted 52 procedural water vertices (Ocean/Pools)
[+22:38:51.548] VoxelWater: Chunk X=6 Y=-22 Z=1 emitted 136 procedural water vertices (Ocean/Pools)
[+22:38:51.548] VoxelWater: Chunk X=6 Y=-25 Z=4 emitted 4 procedural water vertices (Ocean/Pools)
[+22:38:51.548] VoxelWater: Chunk X=2 Y=-24 Z=1 emitted 56 procedural water vertices (Ocean/Pools)
[+22:38:51.548] VoxelWater: Chunk X=1 Y=-24 Z=1 emitted 128 procedural water vertices (Ocean/Pools)
[+22:38:51.548] VoxelWater: Chunk X=2 Y=-23 Z=1 emitted 52 procedural water vertices (Ocean/Pools)
[+22:38:51.548] VoxelWater: Chunk X=3 Y=-22 Z=2 emitted 72 procedural water vertices (Ocean/Pools)
[+22:38:51.548] VoxelWater: Chunk X=8 Y=-23 Z=2 emitted 28 procedural water vertices (Ocean/Pools)
[+22:38:51.548] VoxelWater: Chunk X=2 Y=-28 Z=1 emitted 16 procedural water vertices (Ocean/Pools)
[+22:38:51.548] VoxelWater: Chunk X=6 Y=-29 Z=0 emitted 24 procedural water vertices (Ocean/Pools)
[+22:38:51.548] VoxelWater: Chunk X=2 Y=-23 Z=2 emitted 44 procedural water vertices (Ocean/Pools)
[+22:38:51.548] VoxelWater: Chunk X=7 Y=-24 Z=3 emitted 64 procedural water vertices (Ocean/Pools)
[+22:38:51.548] VoxelWater: Chunk X=6 Y=-21 Z=1 emitted 108 procedural water vertices (Ocean/Pools)
[+22:38:51.548] VoxelWater: Chunk X=4 Y=-23 Z=3 emitted 28 procedural water vertices (Ocean/Pools)
[+22:38:51.548] VoxelWater: Chunk X=4 Y=-21 Z=1 emitted 172 procedural water vertices (Ocean/Pools)
[+22:38:51.548] VoxelWater: Chunk X=4 Y=-20 Z=1 emitted 116 procedural water vertices (Ocean/Pools)
[+22:38:51.548] VoxelWater: Chunk X=0 Y=-24 Z=1 emitted 32 procedural water vertices (Ocean/Pools)
[+22:38:51.548] VoxelWater: Chunk X=10 Y=-26 Z=1 emitted 132 procedural water vertices (Ocean/Pools)
[+22:38:51.548] VoxelWater: Chunk X=2 Y=-24 Z=3 emitted 72 procedural water vertices (Ocean/Pools)
[+22:38:51.548] VoxelWater: Chunk X=3 Y=-26 Z=3 emitted 24 procedural water vertices (Ocean/Pools)
[+22:38:51.548] VoxelWater: Chunk X=4 Y=-29 Z=1 emitted 112 procedural water vertices (Ocean/Pools)
[+22:38:51.548] VoxelWater: Chunk X=2 Y=-23 Z=3 emitted 16 procedural water vertices (Ocean/Pools)
[+22:38:51.548] VoxelWater: Chunk X=4 Y=-21 Z=2 emitted 272 procedural water vertices (Ocean/Pools)
[+22:38:51.548] VoxelWater: Chunk X=4 Y=-29 Z=2 emitted 32 procedural water vertices (Ocean/Pools)
[+22:38:51.548] VoxelWater: Chunk X=3 Y=-29 Z=2 emitted 16 procedural water vertices (Ocean/Pools)
[+22:38:51.548] VoxelWater: Chunk X=1 Y=-24 Z=2 emitted 104 procedural water vertices (Ocean/Pools)
[+22:38:51.548] VoxelWater: Chunk X=1 Y=-24 Z=3 emitted 24 procedural water vertices (Ocean/Pools)
[+22:38:51.548] VoxelWater: Chunk X=9 Y=-26 Z=2 emitted 100 procedural water vertices (Ocean/Pools)
[+22:38:51.548] VoxelWater: Chunk X=6 Y=-21 Z=2 emitted 176 procedural water vertices (Ocean/Pools)
[+22:38:51.548] VoxelWater: Chunk X=5 Y=-20 Z=1 emitted 44 procedural water vertices (Ocean/Pools)
[+22:38:51.548] VoxelWater: Chunk X=7 Y=-25 Z=4 emitted 68 procedural water vertices (Ocean/Pools)
[+22:38:51.549] VoxelWater: Chunk X=7 Y=-24 Z=4 emitted 36 procedural water vertices (Ocean/Pools)
[+22:38:51.549] VoxelWater: Chunk X=1 Y=-28 Z=2 emitted 96 procedural water vertices (Ocean/Pools)
[+22:38:51.549] VoxelWater: Chunk X=1 Y=-27 Z=2 emitted 124 procedural water vertices (Ocean/Pools)
[+22:38:51.549] VoxelWater: Chunk X=1 Y=-28 Z=1 emitted 32 procedural water vertices (Ocean/Pools)
[+22:38:51.549] VoxelWater: Chunk X=5 Y=-30 Z=1 emitted 56 procedural water vertices (Ocean/Pools)
[+22:38:51.549] VoxelWater: Chunk X=8 Y=-21 Z=1 emitted 24 procedural water vertices (Ocean/Pools)
[+22:38:51.549] VoxelWater: Chunk X=2 Y=-21 Z=1 emitted 12 procedural water vertices (Ocean/Pools)
[+22:38:51.549] VoxelWater: Chunk X=3 Y=-22 Z=3 emitted 100 procedural water vertices (Ocean/Pools)
[+22:38:51.549] VoxelWater: Chunk X=10 Y=-25 Z=1 emitted 32 procedural water vertices (Ocean/Pools)
[+22:38:51.549] VoxelWater: Chunk X=9 Y=-22 Z=1 emitted 100 procedural water vertices (Ocean/Pools)
[+22:38:51.549] VoxelWater: Chunk X=8 Y=-29 Z=1 emitted 52 procedural water vertices (Ocean/Pools)
[+22:38:51.549] VoxelWater: Chunk X=7 Y=-21 Z=1 emitted 4 procedural water vertices (Ocean/Pools)
[+22:38:51.549] VoxelWater: Chunk X=7 Y=-21 Z=2 emitted 20 procedural water vertices (Ocean/Pools)
[+22:38:51.549] VoxelWater: Chunk X=9 Y=-28 Z=0 emitted 20 procedural water vertices (Ocean/Pools)
[+22:38:51.549] VoxelWater: Chunk X=9 Y=-28 Z=1 emitted 16 procedural water vertices (Ocean/Pools)
[+22:38:51.549] VoxelWater: Chunk X=3 Y=-21 Z=2 emitted 232 procedural water vertices (Ocean/Pools)
[+22:38:51.549] VoxelWater: Chunk X=10 Y=-24 Z=1 emitted 64 procedural water vertices (Ocean/Pools)
[+22:38:51.549] VoxelWater: Chunk X=10 Y=-23 Z=1 emitted 24 procedural water vertices (Ocean/Pools)
[+22:38:51.549] VoxelWater: Chunk X=6 Y=-30 Z=1 emitted 132 procedural water vertices (Ocean/Pools)
[+22:38:51.549] VoxelWater: Chunk X=7 Y=-30 Z=1 emitted 80 procedural water vertices (Ocean/Pools)
[+22:38:51.549] VoxelWater: Chunk X=4 Y=-30 Z=1 emitted 60 procedural water vertices (Ocean/Pools)
[+22:38:51.549] VoxelWater: Chunk X=3 Y=-30 Z=1 emitted 20 procedural water vertices (Ocean/Pools)
[+22:38:51.549] VoxelWater: Chunk X=10 Y=-27 Z=1 emitted 24 procedural water vertices (Ocean/Pools)
[+22:38:51.549] VoxelWater: Chunk X=7 Y=-20 Z=1 emitted 36 procedural water vertices (Ocean/Pools)
[+22:38:51.549] VoxelWater: Chunk X=3 Y=-20 Z=1 emitted 36 procedural water vertices (Ocean/Pools)
[+22:38:51.549] VoxelWater: Chunk X=8 Y=-21 Z=2 emitted 20 procedural water vertices (Ocean/Pools)
[+22:38:51.549] VoxelWater: Chunk X=10 Y=-25 Z=2 emitted 20 procedural water vertices (Ocean/Pools)
[+22:38:51.549] VoxelWater: Chunk X=2 Y=-21 Z=2 emitted 192 procedural water vertices (Ocean/Pools)
[+22:38:51.549] VoxelWater: Chunk X=5 Y=-30 Z=2 emitted 32 procedural water vertices (Ocean/Pools)
[+22:38:51.549] VoxelWater: Chunk X=4 Y=-30 Z=2 emitted 76 procedural water vertices (Ocean/Pools)
[+22:38:51.549] VoxelWater: Chunk X=2 Y=-25 Z=4 emitted 48 procedural water vertices (Ocean/Pools)
[+22:38:51.549] VoxelWater: Chunk X=5 Y=-20 Z=2 emitted 32 procedural water vertices (Ocean/Pools)
[+22:38:51.549] VoxelWater: Chunk X=1 Y=-27 Z=3 emitted 108 procedural water vertices (Ocean/Pools)
[+22:38:51.549] VoxelWater: Chunk X=1 Y=-26 Z=3 emitted 8 procedural water vertices (Ocean/Pools)
[+22:38:51.549] VoxelWater: Chunk X=1 Y=-22 Z=2 emitted 20 procedural water vertices (Ocean/Pools)
[+22:38:51.549] VoxelWater: Chunk X=1 Y=-29 Z=1 emitted 12 procedural water vertices (Ocean/Pools)
[+22:38:51.550] VoxelWater: Chunk X=0 Y=-25 Z=2 emitted 24 procedural water vertices (Ocean/Pools)
[+22:38:51.550] VoxelWater: Chunk X=6 Y=-20 Z=2 emitted 112 procedural water vertices (Ocean/Pools)
[+22:38:51.550] VoxelWater: Chunk X=10 Y=-24 Z=2 emitted 36 procedural water vertices (Ocean/Pools)
[+22:38:51.550] VoxelWater: Chunk X=2 Y=-24 Z=4 emitted 20 procedural water vertices (Ocean/Pools)
[+22:38:51.550] VoxelWater: Chunk X=10 Y=-26 Z=2 emitted 8 procedural water vertices (Ocean/Pools)
[+22:38:51.550] VoxelWater: Chunk X=0 Y=-24 Z=2 emitted 16 procedural water vertices (Ocean/Pools)
[+22:38:51.550] VoxelWater: Chunk X=1 Y=-21 Z=1 emitted 32 procedural water vertices (Ocean/Pools)
[+22:38:51.550] VoxelWater: Chunk X=9 Y=-21 Z=1 emitted 24 procedural water vertices (Ocean/Pools)
[+22:38:51.566] VoxelMesh: Chunk X=0 Y=0 Z=0 FlatVerts=120 SlopeVerts=21294
[+22:38:51.583] VoxelChunk: GenerateAsync (3,-2,2)
[+22:38:51.585] VoxelMesh: Chunk X=3 Y=-2 Z=2 FlatVerts=102 SlopeVerts=1170
[+22:38:51.590] VoxelMesh: Chunk X=0 Y=0 Z=0 FlatVerts=414 SlopeVerts=2496
[+22:38:51.590] VoxelChunk: GenerateAsync (11,-25,0)
[+22:38:51.591] VoxelMesh: Chunk X=11 Y=-25 Z=0 FlatVerts=0 SlopeVerts=0
[+22:38:51.595] VoxelMesh: Chunk X=0 Y=0 Z=0 FlatVerts=0 SlopeVerts=0
[+22:38:51.595] VoxelChunk: GenerateAsync (5,-24,5)
[+22:38:51.597] VoxelMesh: Chunk X=5 Y=-24 Z=5 FlatVerts=0 SlopeVerts=0
[+22:38:51.598] VoxelMesh: Chunk X=0 Y=0 Z=0 FlatVerts=7176 SlopeVerts=1146
[+22:38:51.600] VoxelChunk: GenerateAsync (-1,-25,0)
[+22:38:51.600] VoxelMesh: Chunk X=-1 Y=-25 Z=0 FlatVerts=0 SlopeVerts=0
[+22:38:51.607] VoxelMesh: Chunk X=0 Y=0 Z=0 FlatVerts=0 SlopeVerts=0
[+22:38:51.607] VoxelChunk: GenerateAsync (6,-25,5)
[+22:38:51.608] VoxelMesh: Chunk X=6 Y=-25 Z=5 FlatVerts=0 SlopeVerts=0
[+22:38:51.622] VoxelMesh: Chunk X=0 Y=0 Z=0 FlatVerts=0 SlopeVerts=0
[+22:38:51.622] VoxelChunk: GenerateAsync (-3,-1,2)
[+22:38:51.624] VoxelMesh: Chunk X=-3 Y=-1 Z=2 FlatVerts=0 SlopeVerts=0
[+22:38:51.629] VoxelMesh: Chunk X=0 Y=0 Z=0 FlatVerts=6144 SlopeVerts=7548
[+22:38:51.631] VoxelChunk: GenerateAsync (10,-28,1)
[+22:38:51.632] VoxelMesh: Chunk X=10 Y=-28 Z=1 FlatVerts=1896 SlopeVerts=0
[+22:38:51.636] VoxelMesh: Chunk X=0 Y=0 Z=0 FlatVerts=4902 SlopeVerts=12174
[+22:38:51.638] VoxelChunk: GenerateAsync (0,-28,1)
[+22:38:51.642] VoxelMesh: Chunk X=0 Y=-28 Z=1 FlatVerts=432 SlopeVerts=750
[+22:38:51.644] VoxelMesh: Chunk X=0 Y=0 Z=0 FlatVerts=90 SlopeVerts=6618
[+22:38:51.645] VoxelChunk: GenerateAsync (2,-20,1)
[+22:38:51.645] VoxelMesh: Chunk X=2 Y=-20 Z=1 FlatVerts=162 SlopeVerts=102
[+22:38:51.649] VoxelMesh: Chunk X=0 Y=0 Z=0 FlatVerts=2964 SlopeVerts=1236
[+22:38:51.650] VoxelChunk: GenerateAsync (6,-31,0)
[+22:38:51.651] VoxelMesh: Chunk X=6 Y=-31 Z=0 FlatVerts=0 SlopeVerts=0
[+22:38:51.665] VoxelMesh: Chunk X=0 Y=0 Z=0 FlatVerts=1410 SlopeVerts=4560
[+22:38:51.665] VoxelChunk: GenerateAsync (4,-19,0)
[+22:38:51.666] VoxelMesh: Chunk X=4 Y=-19 Z=0 FlatVerts=0 SlopeVerts=0
[+22:38:51.670] VoxelMesh: Chunk X=0 Y=0 Z=0 FlatVerts=7770 SlopeVerts=0
[+22:38:51.672] VoxelChunk: GenerateAsync (8,-20,1)
[+22:38:51.676] VoxelMesh: Chunk X=8 Y=-20 Z=1 FlatVerts=0 SlopeVerts=6
[+22:38:51.677] VoxelMesh: Chunk X=0 Y=0 Z=0 FlatVerts=846 SlopeVerts=2184
[+22:38:51.677] VoxelChunk: GenerateAsync (11,-24,0)
[+22:38:51.678] VoxelMesh: Chunk X=11 Y=-24 Z=0 FlatVerts=0 SlopeVerts=0
[+22:38:51.681] VoxelMesh: Chunk X=0 Y=0 Z=0 FlatVerts=6810 SlopeVerts=2808
[+22:38:51.682] VoxelChunk: GenerateAsync (6,-19,0)
[+22:38:51.682] VoxelMesh: Chunk X=6 Y=-19 Z=0 FlatVerts=0 SlopeVerts=0
[+22:38:51.919] VoxelMesh: Chunk X=0 Y=0 Z=0 FlatVerts=0 SlopeVerts=42
[+22:38:51.920] VoxelChunk: GenerateAsync (2,1,3)
[+22:38:51.922] VoxelMesh: Chunk X=2 Y=1 Z=3 FlatVerts=0 SlopeVerts=1170
[+22:38:52.000] VoxelMesh: Chunk X=0 Y=0 Z=0 FlatVerts=0 SlopeVerts=30
[+22:38:52.001] VoxelChunk: GenerateAsync (3,1,3)
[+22:38:52.002] VoxelMesh: Chunk X=3 Y=1 Z=3 FlatVerts=0 SlopeVerts=2766
[+22:38:52.107] VoxelMesh: Chunk X=0 Y=0 Z=0 FlatVerts=0 SlopeVerts=0
[+22:38:52.107] VoxelChunk: GenerateAsync (-1,2,3)
[+22:38:52.110] VoxelMesh: Chunk X=-1 Y=2 Z=3 FlatVerts=0 SlopeVerts=0
[+22:38:52.208] VoxelMesh: Chunk X=0 Y=0 Z=0 FlatVerts=228 SlopeVerts=13272
[+22:38:52.217] VoxelChunk: GenerateAsync (3,-1,1)
[+22:38:52.219] VoxelMesh: Chunk X=3 Y=-1 Z=1 FlatVerts=1392 SlopeVerts=2544
[+22:38:52.313] VoxelMesh: Chunk X=0 Y=0 Z=0 FlatVerts=10374 SlopeVerts=4788
[+22:38:52.332] VoxelChunk: GenerateAsync (3,2,1)
[+22:38:52.334] VoxelMesh: Chunk X=3 Y=2 Z=1 FlatVerts=0 SlopeVerts=0
[+22:38:52.425] VoxelMesh: Chunk X=0 Y=0 Z=0 FlatVerts=264 SlopeVerts=24228
[+22:38:52.448] VoxelChunk: GenerateAsync (3,-1,2)
[+22:38:52.450] VoxelMesh: Chunk X=3 Y=-1 Z=2 FlatVerts=84 SlopeVerts=120
[+22:38:52.524] VoxelMesh: Chunk X=0 Y=0 Z=0 FlatVerts=0 SlopeVerts=0
[+22:38:52.524] VoxelChunk: GenerateAsync (-3,0,2)
[+22:38:52.525] VoxelMesh: Chunk X=-3 Y=0 Z=2 FlatVerts=0 SlopeVerts=18
[+22:38:52.628] VoxelMesh: Chunk X=0 Y=0 Z=0 FlatVerts=1578 SlopeVerts=13638
[+22:38:52.638] VoxelChunk: GenerateAsync (-3,3,1)
[+22:38:52.640] VoxelMesh: Chunk X=-3 Y=3 Z=1 FlatVerts=0 SlopeVerts=0
[+22:38:52.735] VoxelMesh: Chunk X=0 Y=0 Z=0 FlatVerts=642 SlopeVerts=2130
[+22:38:52.738] VoxelChunk: GenerateAsync (-3,1,1)
[+22:38:52.739] VoxelMesh: Chunk X=-3 Y=1 Z=1 FlatVerts=0 SlopeVerts=0
[+22:38:52.842] VoxelMesh: Chunk X=0 Y=0 Z=0 FlatVerts=1596 SlopeVerts=5688
[+22:38:52.847] VoxelChunk: GenerateAsync (-2,3,1)
[+22:38:52.848] VoxelMesh: Chunk X=-2 Y=3 Z=1 FlatVerts=90 SlopeVerts=372
[+22:38:52.943] VoxelMesh: Chunk X=0 Y=0 Z=0 FlatVerts=0 SlopeVerts=0
[+22:38:52.945] VoxelChunk: GenerateAsync (-3,0,1)
[+22:38:52.946] VoxelMesh: Chunk X=-3 Y=0 Z=1 FlatVerts=0 SlopeVerts=0
[+22:38:53.048] VoxelMesh: Chunk X=0 Y=0 Z=0 FlatVerts=1878 SlopeVerts=3582
[+22:38:53.053] VoxelChunk: GenerateAsync (-1,3,1)
[+22:38:53.054] VoxelMesh: Chunk X=-1 Y=3 Z=1 FlatVerts=564 SlopeVerts=1836
[+22:38:53.152] VoxelMesh: Chunk X=0 Y=0 Z=0 FlatVerts=414 SlopeVerts=18162
[+22:38:53.167] VoxelChunk: GenerateAsync (3,0,2)
[+22:38:53.169] VoxelMesh: Chunk X=3 Y=0 Z=2 FlatVerts=18 SlopeVerts=1110
