=== FIRSTVOXEL SESSION [2026.03.16-19.42.23] ===
[+19:42:23.526] FirstVoxel module started.
[+19:42:45.025] VoxelWorld: GenerateWorldDeferred started.
[+19:42:45.026] VoxelWorld: Queued 441 chunks.
[+19:42:45.132] VoxelMesh: Chunk X=0 Y=0 Z=0 FlatVerts=5988 SlopeVerts=10350
[+19:42:45.155] VoxelChunk: GenerateAsync (0,0,0)
[+19:42:45.156] VoxelMesh: Chunk X=0 Y=0 Z=0 FlatVerts=144 SlopeVerts=132
[+19:42:45.228] VoxelMesh: Chunk X=0 Y=0 Z=0 FlatVerts=3600 SlopeVerts=13656
[+19:42:45.244] VoxelChunk: GenerateAsync (1,0,0)
[+19:42:45.244] VoxelMesh: Chunk X=1 Y=0 Z=0 FlatVerts=2484 SlopeVerts=174
[+19:42:45.333] VoxelMesh: Chunk X=0 Y=0 Z=0 FlatVerts=1476 SlopeVerts=876
[+19:42:45.336] VoxelChunk: GenerateAsync (0,-1,-1)
[+19:42:45.337] VoxelMesh: Chunk X=0 Y=-1 Z=-1 FlatVerts=0 SlopeVerts=0
[+19:42:45.436] VoxelMesh: Chunk X=0 Y=0 Z=0 FlatVerts=156 SlopeVerts=96
[+19:42:45.438] VoxelChunk: GenerateAsync (1,-1,-1)
[+19:42:45.438] VoxelMesh: Chunk X=1 Y=-1 Z=-1 FlatVerts=0 SlopeVerts=0
[+19:42:45.540] VoxelMesh: Chunk X=0 Y=0 Z=0 FlatVerts=4920 SlopeVerts=1614
[+19:42:45.548] VoxelChunk: GenerateAsync (-1,-1,-1)
[+19:42:45.549] VoxelMesh: Chunk X=-1 Y=-1 Z=-1 FlatVerts=0 SlopeVerts=0
[+19:42:45.647] VoxelMesh: Chunk X=0 Y=0 Z=0 FlatVerts=9000 SlopeVerts=2982
[+19:42:45.659] VoxelChunk: GenerateAsync (-1,0,0)
[+19:42:45.661] VoxelMesh: Chunk X=-1 Y=0 Z=0 FlatVerts=0 SlopeVerts=0
[+19:42:45.751] VoxelMesh: Chunk X=0 Y=0 Z=0 FlatVerts=8106 SlopeVerts=6354
[+19:42:45.765] VoxelChunk: GenerateAsync (1,1,0)
[+19:42:45.766] VoxelMesh: Chunk X=1 Y=1 Z=0 FlatVerts=2514 SlopeVerts=0
[+19:42:45.861] VoxelMesh: Chunk X=0 Y=0 Z=0 FlatVerts=900 SlopeVerts=11400
[+19:42:45.870] VoxelChunk: GenerateAsync (1,-1,0)
[+19:42:45.870] VoxelMesh: Chunk X=1 Y=-1 Z=0 FlatVerts=84 SlopeVerts=42
[+19:42:45.968] VoxelMesh: Chunk X=0 Y=0 Z=0 FlatVerts=0 SlopeVerts=0
[+19:42:45.968] VoxelChunk: GenerateAsync (-1,1,1)
[+19:42:45.970] VoxelMesh: Chunk X=-1 Y=1 Z=1 FlatVerts=24 SlopeVerts=3072
[+19:42:46.066] VoxelMesh: Chunk X=0 Y=0 Z=0 FlatVerts=9804 SlopeVerts=2352
[+19:42:46.080] VoxelChunk: GenerateAsync (0,1,0)
[+19:42:46.080] VoxelMesh: Chunk X=0 Y=1 Z=0 FlatVerts=1788 SlopeVerts=318
[+19:42:46.173] VoxelMesh: Chunk X=0 Y=0 Z=0 FlatVerts=9636 SlopeVerts=678
[+19:42:46.186] VoxelChunk: GenerateAsync (0,1,-1)
[+19:42:46.187] VoxelMesh: Chunk X=0 Y=1 Z=-1 FlatVerts=0 SlopeVerts=0
[+19:42:46.276] VoxelMesh: Chunk X=0 Y=0 Z=0 FlatVerts=6012 SlopeVerts=9102
[+19:42:46.289] VoxelChunk: GenerateAsync (-1,-1,0)
[+19:42:46.291] VoxelMesh: Chunk X=-1 Y=-1 Z=0 FlatVerts=0 SlopeVerts=0
[+19:42:46.380] VoxelMesh: Chunk X=0 Y=0 Z=0 FlatVerts=8916 SlopeVerts=882
[+19:42:46.391] VoxelChunk: GenerateAsync (-1,0,-1)
[+19:42:46.393] VoxelMesh: Chunk X=-1 Y=0 Z=-1 FlatVerts=0 SlopeVerts=0
[+19:42:46.487] VoxelMesh: Chunk X=0 Y=0 Z=0 FlatVerts=1608 SlopeVerts=20910
[+19:42:46.505] VoxelChunk: GenerateAsync (1,0,1)
[+19:42:46.506] VoxelMesh: Chunk X=1 Y=0 Z=1 FlatVerts=138 SlopeVerts=186
[+19:42:46.591] VoxelMesh: Chunk X=0 Y=0 Z=0 FlatVerts=648 SlopeVerts=25776
[+19:42:46.611] VoxelChunk: GenerateAsync (1,-1,1)
[+19:42:46.613] VoxelMesh: Chunk X=1 Y=-1 Z=1 FlatVerts=1296 SlopeVerts=2550
[+19:42:46.691] VoxelMesh: Chunk X=0 Y=0 Z=0 FlatVerts=10458 SlopeVerts=30
[+19:42:46.703] VoxelChunk: GenerateAsync (-1,1,0)
[+19:42:46.705] VoxelMesh: Chunk X=-1 Y=1 Z=0 FlatVerts=156 SlopeVerts=264
[+19:42:46.796] VoxelMesh: Chunk X=0 Y=0 Z=0 FlatVerts=2346 SlopeVerts=13482
[+19:42:46.808] VoxelChunk: GenerateAsync (0,-1,0)
[+19:42:46.809] VoxelMesh: Chunk X=0 Y=-1 Z=0 FlatVerts=0 SlopeVerts=0
[+19:42:46.900] VoxelMesh: Chunk X=0 Y=0 Z=0 FlatVerts=10458 SlopeVerts=30
[+19:42:46.913] VoxelChunk: GenerateAsync (-1,1,-1)
[+19:42:46.914] VoxelMesh: Chunk X=-1 Y=1 Z=-1 FlatVerts=0 SlopeVerts=0
[+19:42:47.004] VoxelMesh: Chunk X=0 Y=0 Z=0 FlatVerts=5424 SlopeVerts=1548
[+19:42:47.011] VoxelChunk: GenerateAsync (0,0,-1)
[+19:42:47.013] VoxelMesh: Chunk X=0 Y=0 Z=-1 FlatVerts=0 SlopeVerts=0
[+19:42:47.110] VoxelMesh: Chunk X=0 Y=0 Z=0 FlatVerts=7056 SlopeVerts=1260
[+19:42:47.120] VoxelChunk: GenerateAsync (1,1,-1)
[+19:42:47.120] VoxelMesh: Chunk X=1 Y=1 Z=-1 FlatVerts=0 SlopeVerts=0
[+19:42:47.220] VoxelMesh: Chunk X=0 Y=0 Z=0 FlatVerts=1836 SlopeVerts=1032
[+19:42:47.224] VoxelChunk: GenerateAsync (1,0,-1)
[+19:42:47.225] VoxelMesh: Chunk X=1 Y=0 Z=-1 FlatVerts=0 SlopeVerts=0
[+19:42:47.327] VoxelMesh: Chunk X=0 Y=0 Z=0 FlatVerts=990 SlopeVerts=5526
[+19:42:47.332] VoxelChunk: GenerateAsync (1,1,1)
[+19:42:47.333] VoxelMesh: Chunk X=1 Y=1 Z=1 FlatVerts=0 SlopeVerts=0
[+19:42:47.425] VoxelMesh: Chunk X=0 Y=0 Z=0 FlatVerts=144 SlopeVerts=1698
[+19:42:47.427] VoxelChunk: GenerateAsync (0,1,1)
[+19:42:47.429] VoxelMesh: Chunk X=0 Y=1 Z=1 FlatVerts=222 SlopeVerts=600
[+19:42:47.531] VoxelMesh: Chunk X=0 Y=0 Z=0 FlatVerts=456 SlopeVerts=10890
[+19:42:47.538] VoxelChunk: GenerateAsync (0,0,1)
[+19:42:47.540] VoxelMesh: Chunk X=0 Y=0 Z=1 FlatVerts=690 SlopeVerts=3588
[+19:42:47.634] VoxelMesh: Chunk X=0 Y=0 Z=0 FlatVerts=54 SlopeVerts=2202
[+19:42:47.636] VoxelChunk: GenerateAsync (-1,0,1)
[+19:42:47.638] VoxelMesh: Chunk X=-1 Y=0 Z=1 FlatVerts=0 SlopeVerts=84
[+19:42:47.740] VoxelMesh: Chunk X=0 Y=0 Z=0 FlatVerts=792 SlopeVerts=22026
[+19:42:47.756] VoxelChunk: GenerateAsync (0,-1,1)
[+19:42:47.758] VoxelMesh: Chunk X=0 Y=-1 Z=1 FlatVerts=36 SlopeVerts=2340
[+19:42:47.844] VoxelMesh: Chunk X=0 Y=0 Z=0 FlatVerts=1050 SlopeVerts=10668
[+19:42:47.853] VoxelChunk: GenerateAsync (-1,-1,1)
[+19:42:47.854] VoxelMesh: Chunk X=-1 Y=-1 Z=1 FlatVerts=0 SlopeVerts=0
[+19:42:47.947] VoxelMesh: Chunk X=0 Y=0 Z=0 FlatVerts=6 SlopeVerts=15186
[+19:42:47.957] VoxelChunk: GenerateAsync (0,-1,2)
[+19:42:47.959] VoxelMesh: Chunk X=0 Y=-1 Z=2 FlatVerts=396 SlopeVerts=3870
[+19:42:48.048] VoxelMesh: Chunk X=0 Y=0 Z=0 FlatVerts=6 SlopeVerts=3168
[+19:42:48.051] VoxelChunk: GenerateAsync (-1,-1,2)
[+19:42:48.052] VoxelMesh: Chunk X=-1 Y=-1 Z=2 FlatVerts=90 SlopeVerts=1260
[+19:42:48.154] VoxelMesh: Chunk X=0 Y=0 Z=0 FlatVerts=0 SlopeVerts=0
[+19:42:48.155] VoxelChunk: GenerateAsync (-2,1,2)
[+19:42:48.156] VoxelMesh: Chunk X=-2 Y=1 Z=2 FlatVerts=30 SlopeVerts=1836
[+19:42:48.260] VoxelMesh: Chunk X=0 Y=0 Z=0 FlatVerts=0 SlopeVerts=0
[+19:42:48.261] VoxelChunk: GenerateAsync (-2,-1,2)
[+19:42:48.261] VoxelMesh: Chunk X=-2 Y=-1 Z=2 FlatVerts=204 SlopeVerts=2970
[+19:42:48.362] VoxelMesh: Chunk X=0 Y=0 Z=0 FlatVerts=78 SlopeVerts=26808
[+19:42:48.381] VoxelChunk: GenerateAsync (2,-2,2)
[+19:42:48.383] VoxelMesh: Chunk X=2 Y=-2 Z=2 FlatVerts=0 SlopeVerts=3672
[+19:42:48.463] VoxelMesh: Chunk X=0 Y=0 Z=0 FlatVerts=270 SlopeVerts=19860
[+19:42:48.478] VoxelChunk: GenerateAsync (2,0,2)
[+19:42:48.480] VoxelMesh: Chunk X=2 Y=0 Z=2 FlatVerts=0 SlopeVerts=0
[+19:42:48.566] VoxelMesh: Chunk X=0 Y=0 Z=0 FlatVerts=252 SlopeVerts=2622
[+19:42:48.568] VoxelChunk: GenerateAsync (2,1,2)
[+19:42:48.569] VoxelMesh: Chunk X=2 Y=1 Z=2 FlatVerts=0 SlopeVerts=1722
[+19:42:48.670] VoxelMesh: Chunk X=0 Y=0 Z=0 FlatVerts=18 SlopeVerts=25014
[+19:42:48.689] VoxelChunk: GenerateAsync (1,-2,2)
[+19:42:48.690] VoxelMesh: Chunk X=1 Y=-2 Z=2 FlatVerts=168 SlopeVerts=3174
[+19:42:48.779] VoxelMesh: Chunk X=0 Y=0 Z=0 FlatVerts=36 SlopeVerts=26808
[+19:42:48.798] VoxelChunk: GenerateAsync (0,-2,2)
[+19:42:48.800] VoxelMesh: Chunk X=0 Y=-2 Z=2 FlatVerts=96 SlopeVerts=2754
[+19:42:48.882] VoxelMesh: Chunk X=0 Y=0 Z=0 FlatVerts=0 SlopeVerts=0
[+19:42:48.882] VoxelChunk: GenerateAsync (-2,1,1)
[+19:42:48.883] VoxelMesh: Chunk X=-2 Y=1 Z=1 FlatVerts=0 SlopeVerts=0
[+19:42:48.985] VoxelMesh: Chunk X=0 Y=0 Z=0 FlatVerts=1734 SlopeVerts=24360
[+19:42:49.004] VoxelChunk: GenerateAsync (2,0,1)
[+19:42:49.006] VoxelMesh: Chunk X=2 Y=0 Z=1 FlatVerts=0 SlopeVerts=0
[+19:42:49.090] VoxelMesh: Chunk X=0 Y=0 Z=0 FlatVerts=0 SlopeVerts=10548
[+19:42:49.096] VoxelChunk: GenerateAsync (1,0,2)
[+19:42:49.098] VoxelMesh: Chunk X=1 Y=0 Z=2 FlatVerts=0 SlopeVerts=0
[+19:42:49.190] VoxelMesh: Chunk X=0 Y=0 Z=0 FlatVerts=48 SlopeVerts=16752
[+19:42:49.203] VoxelChunk: GenerateAsync (-1,-2,2)
[+19:42:49.204] VoxelMesh: Chunk X=-1 Y=-2 Z=2 FlatVerts=198 SlopeVerts=5094
[+19:42:49.295] VoxelMesh: Chunk X=0 Y=0 Z=0 FlatVerts=18 SlopeVerts=4860
[+19:42:49.298] VoxelChunk: GenerateAsync (-2,-2,2)
[+19:42:49.298] VoxelMesh: Chunk X=-2 Y=-2 Z=2 FlatVerts=0 SlopeVerts=2334
[+19:42:49.400] VoxelMesh: Chunk X=0 Y=0 Z=0 FlatVerts=0 SlopeVerts=0
[+19:42:49.400] VoxelChunk: GenerateAsync (-2,0,1)
[+19:42:49.401] VoxelMesh: Chunk X=-2 Y=0 Z=1 FlatVerts=0 SlopeVerts=0
[+19:42:49.503] VoxelMesh: Chunk X=0 Y=0 Z=0 FlatVerts=636 SlopeVerts=23826
[+19:42:49.521] VoxelChunk: GenerateAsync (2,-1,1)
[+19:42:49.523] VoxelMesh: Chunk X=2 Y=-1 Z=1 FlatVerts=108 SlopeVerts=1128
[+19:42:49.608] VoxelMesh: Chunk X=0 Y=0 Z=0 FlatVerts=0 SlopeVerts=2088
[+19:42:49.609] VoxelChunk: GenerateAsync (0,0,2)
[+19:42:49.610] VoxelMesh: Chunk X=0 Y=0 Z=2 FlatVerts=0 SlopeVerts=930
[+19:42:49.712] VoxelMesh: Chunk X=0 Y=0 Z=0 FlatVerts=0 SlopeVerts=384
[+19:42:49.713] VoxelChunk: GenerateAsync (1,1,2)
[+19:42:49.714] VoxelMesh: Chunk X=1 Y=1 Z=2 FlatVerts=0 SlopeVerts=0
[+19:42:49.817] VoxelMesh: Chunk X=0 Y=0 Z=0 FlatVerts=0 SlopeVerts=0
[+19:42:49.817] VoxelChunk: GenerateAsync (-1,2,2)
[+19:42:49.820] VoxelMesh: Chunk X=-1 Y=2 Z=2 FlatVerts=0 SlopeVerts=114
[+19:42:49.921] VoxelMesh: Chunk X=0 Y=0 Z=0 FlatVerts=588 SlopeVerts=1656
[+19:42:49.923] VoxelChunk: GenerateAsync (-2,-1,1)
[+19:42:49.925] VoxelMesh: Chunk X=-2 Y=-1 Z=1 FlatVerts=0 SlopeVerts=0
[+19:42:50.026] VoxelMesh: Chunk X=0 Y=0 Z=0 FlatVerts=126 SlopeVerts=13854
[+19:42:50.035] VoxelChunk: GenerateAsync (2,-2,1)
[+19:42:50.037] VoxelMesh: Chunk X=2 Y=-2 Z=1 FlatVerts=228 SlopeVerts=2958
[+19:42:50.130] VoxelMesh: Chunk X=0 Y=0 Z=0 FlatVerts=5688 SlopeVerts=6942
[+19:42:50.140] VoxelChunk: GenerateAsync (2,2,1)
[+19:42:50.142] VoxelMesh: Chunk X=2 Y=2 Z=1 FlatVerts=0 SlopeVerts=672
[+19:42:50.235] VoxelMesh: Chunk X=0 Y=0 Z=0 FlatVerts=1248 SlopeVerts=3060
[+19:42:50.240] VoxelChunk: GenerateAsync (1,2,1)
[+19:42:50.241] VoxelMesh: Chunk X=1 Y=2 Z=1 FlatVerts=132 SlopeVerts=2694
[+19:42:50.344] VoxelMesh: Chunk X=0 Y=0 Z=0 FlatVerts=0 SlopeVerts=72
[+19:42:50.345] VoxelChunk: GenerateAsync (-1,0,2)
[+19:42:50.346] VoxelMesh: Chunk X=-1 Y=0 Z=2 FlatVerts=36 SlopeVerts=2820
[+19:42:50.447] VoxelMesh: Chunk X=0 Y=0 Z=0 FlatVerts=6 SlopeVerts=420
[+19:42:50.449] VoxelChunk: GenerateAsync (0,2,1)
[+19:42:50.450] VoxelMesh: Chunk X=0 Y=2 Z=1 FlatVerts=1284 SlopeVerts=0
[+19:42:50.552] VoxelMesh: Chunk X=0 Y=0 Z=0 FlatVerts=0 SlopeVerts=0
[+19:42:50.553] VoxelChunk: GenerateAsync (-1,2,1)
[+19:42:50.554] VoxelMesh: Chunk X=-1 Y=2 Z=1 FlatVerts=798 SlopeVerts=1308
[+19:42:50.657] VoxelMesh: Chunk X=0 Y=0 Z=0 FlatVerts=0 SlopeVerts=0
[+19:42:50.658] VoxelChunk: GenerateAsync (-2,0,2)
[+19:42:50.658] VoxelMesh: Chunk X=-2 Y=0 Z=2 FlatVerts=108 SlopeVerts=2652
[+19:42:50.763] VoxelMesh: Chunk X=0 Y=0 Z=0 FlatVerts=0 SlopeVerts=0
[+19:42:50.764] VoxelChunk: GenerateAsync (0,1,2)
[+19:42:50.765] VoxelMesh: Chunk X=0 Y=1 Z=2 FlatVerts=0 SlopeVerts=0
[+19:42:50.869] VoxelMesh: Chunk X=0 Y=0 Z=0 FlatVerts=1890 SlopeVerts=1116
[+19:42:50.871] VoxelChunk: GenerateAsync (2,2,2)
[+19:42:50.873] VoxelMesh: Chunk X=2 Y=2 Z=2 FlatVerts=0 SlopeVerts=1560
[+19:42:50.970] VoxelMesh: Chunk X=0 Y=0 Z=0 FlatVerts=204 SlopeVerts=30864
[+19:42:50.993] VoxelChunk: GenerateAsync (2,-1,2)
[+19:42:50.994] VoxelMesh: Chunk X=2 Y=-1 Z=2 FlatVerts=0 SlopeVerts=0
[+19:42:51.074] VoxelMesh: Chunk X=0 Y=0 Z=0 FlatVerts=0 SlopeVerts=25506
[+19:42:51.092] VoxelChunk: GenerateAsync (1,-1,2)
[+19:42:51.094] VoxelMesh: Chunk X=1 Y=-1 Z=2 FlatVerts=24 SlopeVerts=306
[+19:42:51.174] VoxelMesh: Chunk X=0 Y=0 Z=0 FlatVerts=0 SlopeVerts=0
[+19:42:51.174] VoxelChunk: GenerateAsync (-1,1,2)
[+19:42:51.176] VoxelMesh: Chunk X=-1 Y=1 Z=2 FlatVerts=78 SlopeVerts=4026
[+19:42:51.279] VoxelMesh: Chunk X=0 Y=0 Z=0 FlatVerts=0 SlopeVerts=0
[+19:42:51.279] VoxelChunk: GenerateAsync (-2,2,2)
[+19:42:51.279] VoxelMesh: Chunk X=-2 Y=2 Z=2 FlatVerts=0 SlopeVerts=2922
[+19:42:51.385] VoxelMesh: Chunk X=0 Y=0 Z=0 FlatVerts=0 SlopeVerts=0
[+19:42:51.385] VoxelChunk: GenerateAsync (0,2,2)
[+19:42:51.387] VoxelMesh: Chunk X=0 Y=2 Z=2 FlatVerts=0 SlopeVerts=0
[+19:42:51.491] VoxelMesh: Chunk X=0 Y=0 Z=0 FlatVerts=0 SlopeVerts=6
[+19:42:51.491] VoxelChunk: GenerateAsync (1,2,2)
[+19:42:51.493] VoxelMesh: Chunk X=1 Y=2 Z=2 FlatVerts=0 SlopeVerts=1476
[+19:42:51.595] VoxelMesh: Chunk X=0 Y=0 Z=0 FlatVerts=60 SlopeVerts=936
[+19:42:51.596] VoxelChunk: GenerateAsync (-2,2,1)
[+19:42:51.597] VoxelMesh: Chunk X=-2 Y=2 Z=1 FlatVerts=0 SlopeVerts=1896
[+19:42:51.701] VoxelMesh: Chunk X=0 Y=0 Z=0 FlatVerts=2706 SlopeVerts=12882
[+19:42:51.713] VoxelChunk: GenerateAsync (2,1,1)
[+19:42:51.714] VoxelMesh: Chunk X=2 Y=1 Z=1 FlatVerts=0 SlopeVerts=2430
[+19:42:51.799] VoxelMesh: Chunk X=0 Y=0 Z=0 FlatVerts=0 SlopeVerts=0
[+19:42:51.799] VoxelChunk: GenerateAsync (-1,1,-2)
[+19:42:51.802] VoxelMesh: Chunk X=-1 Y=1 Z=-2 FlatVerts=0 SlopeVerts=0
[+19:42:51.903] VoxelMesh: Chunk X=0 Y=0 Z=0 FlatVerts=0 SlopeVerts=0
[+19:42:51.904] VoxelChunk: GenerateAsync (2,-2,-1)
[+19:42:51.905] VoxelMesh: Chunk X=2 Y=-2 Z=-1 FlatVerts=0 SlopeVerts=0
[+19:42:52.008] VoxelMesh: Chunk X=0 Y=0 Z=0 FlatVerts=10176 SlopeVerts=4224
[+19:42:52.023] VoxelChunk: GenerateAsync (1,2,0)
[+19:42:52.024] VoxelMesh: Chunk X=1 Y=2 Z=0 FlatVerts=1620 SlopeVerts=264
[+19:42:52.111] VoxelMesh: Chunk X=0 Y=0 Z=0 FlatVerts=10800 SlopeVerts=684
[+19:42:52.125] VoxelChunk: GenerateAsync (0,2,0)
[+19:42:52.126] VoxelMesh: Chunk X=0 Y=2 Z=0 FlatVerts=1302 SlopeVerts=0
[+19:42:52.211] VoxelMesh: Chunk X=0 Y=0 Z=0 FlatVerts=486 SlopeVerts=6630
[+19:42:52.216] VoxelChunk: GenerateAsync (2,-1,0)
[+19:42:52.216] VoxelMesh: Chunk X=2 Y=-1 Z=0 FlatVerts=1668 SlopeVerts=474
[+19:42:52.318] VoxelMesh: Chunk X=0 Y=0 Z=0 FlatVerts=0 SlopeVerts=0
[+19:42:52.319] VoxelChunk: GenerateAsync (-1,0,-2)
[+19:42:52.320] VoxelMesh: Chunk X=-1 Y=0 Z=-2 FlatVerts=0 SlopeVerts=0
[+19:42:52.423] VoxelMesh: Chunk X=0 Y=0 Z=0 FlatVerts=540 SlopeVerts=17766
[+19:42:52.437] VoxelChunk: GenerateAsync (0,-2,1)
[+19:42:52.438] VoxelMesh: Chunk X=0 Y=-2 Z=1 FlatVerts=0 SlopeVerts=0
[+19:42:52.523] VoxelMesh: Chunk X=0 Y=0 Z=0 FlatVerts=1062 SlopeVerts=768
[+19:42:52.525] VoxelChunk: GenerateAsync (-1,-2,-1)
[+19:42:52.527] VoxelMesh: Chunk X=-1 Y=-2 Z=-1 FlatVerts=0 SlopeVerts=0
[+19:42:52.626] VoxelMesh: Chunk X=0 Y=0 Z=0 FlatVerts=10326 SlopeVerts=6
[+19:42:52.638] VoxelChunk: GenerateAsync (-2,1,-1)
[+19:42:52.641] VoxelMesh: Chunk X=-2 Y=1 Z=-1 FlatVerts=0 SlopeVerts=0
[+19:42:52.733] VoxelMesh: Chunk X=0 Y=0 Z=0 FlatVerts=0 SlopeVerts=0
[+19:42:52.733] VoxelChunk: GenerateAsync (-1,2,-2)
[+19:42:52.735] VoxelMesh: Chunk X=-1 Y=2 Z=-2 FlatVerts=0 SlopeVerts=0
[+19:42:52.837] VoxelMesh: Chunk X=0 Y=0 Z=0 FlatVerts=1860 SlopeVerts=11520
[+19:42:52.846] VoxelChunk: GenerateAsync (2,0,0)
[+19:42:52.847] VoxelMesh: Chunk X=2 Y=0 Z=0 FlatVerts=2574 SlopeVerts=12
[+19:42:52.942] VoxelMesh: Chunk X=0 Y=0 Z=0 FlatVerts=0 SlopeVerts=0
[+19:42:52.942] VoxelChunk: GenerateAsync (-2,-1,-2)
[+19:42:52.944] VoxelMesh: Chunk X=-2 Y=-1 Z=-2 FlatVerts=0 SlopeVerts=0
[+19:42:53.046] VoxelMesh: Chunk X=0 Y=0 Z=0 FlatVerts=0 SlopeVerts=6
[+19:42:53.046] VoxelChunk: GenerateAsync (0,-2,-1)
[+19:42:53.048] VoxelMesh: Chunk X=0 Y=-2 Z=-1 FlatVerts=0 SlopeVerts=0
[+19:42:53.149] VoxelMesh: Chunk X=0 Y=0 Z=0 FlatVerts=0 SlopeVerts=0
[+19:42:53.150] VoxelChunk: GenerateAsync (2,-1,-2)
[+19:42:53.151] VoxelMesh: Chunk X=2 Y=-1 Z=-2 FlatVerts=0 SlopeVerts=0
[+19:42:53.253] VoxelMesh: Chunk X=0 Y=0 Z=0 FlatVerts=0 SlopeVerts=0
[+19:42:53.253] VoxelChunk: GenerateAsync (-2,2,-2)
[+19:42:53.255] VoxelMesh: Chunk X=-2 Y=2 Z=-2 FlatVerts=0 SlopeVerts=0
[+19:42:53.355] VoxelMesh: Chunk X=0 Y=0 Z=0 FlatVerts=4062 SlopeVerts=1368
[+19:42:53.361] VoxelChunk: GenerateAsync (2,2,-1)
[+19:42:53.363] VoxelMesh: Chunk X=2 Y=2 Z=-1 FlatVerts=0 SlopeVerts=0
[+19:42:53.456] VoxelMesh: Chunk X=0 Y=0 Z=0 FlatVerts=4950 SlopeVerts=10122
[+19:42:53.469] VoxelChunk: GenerateAsync (-2,-2,0)
[+19:42:53.471] VoxelMesh: Chunk X=-2 Y=-2 Z=0 FlatVerts=0 SlopeVerts=0
[+19:42:53.563] VoxelMesh: Chunk X=0 Y=0 Z=0 FlatVerts=10050 SlopeVerts=48
[+19:42:53.576] VoxelChunk: GenerateAsync (-2,0,0)
[+19:42:53.578] VoxelMesh: Chunk X=-2 Y=0 Z=0 FlatVerts=0 SlopeVerts=0
[+19:42:53.670] VoxelMesh: Chunk X=0 Y=0 Z=0 FlatVerts=5886 SlopeVerts=12186
[+19:42:53.688] VoxelChunk: GenerateAsync (2,1,0)
[+19:42:53.689] VoxelMesh: Chunk X=2 Y=1 Z=0 FlatVerts=1908 SlopeVerts=510
[+19:42:53.777] VoxelMesh: Chunk X=0 Y=0 Z=0 FlatVerts=0 SlopeVerts=0
[+19:42:53.777] VoxelChunk: GenerateAsync (0,2,-2)
[+19:42:53.779] VoxelMesh: Chunk X=0 Y=2 Z=-2 FlatVerts=0 SlopeVerts=0
[+19:42:53.879] VoxelMesh: Chunk X=0 Y=0 Z=0 FlatVerts=0 SlopeVerts=0
[+19:42:53.879] VoxelChunk: GenerateAsync (-1,-1,-2)
[+19:42:53.882] VoxelMesh: Chunk X=-1 Y=-1 Z=-2 FlatVerts=0 SlopeVerts=0
[+19:42:53.982] VoxelMesh: Chunk X=0 Y=0 Z=0 FlatVerts=3414 SlopeVerts=1902
[+19:42:53.987] VoxelChunk: GenerateAsync (2,1,-1)
[+19:42:53.988] VoxelMesh: Chunk X=2 Y=1 Z=-1 FlatVerts=0 SlopeVerts=0
[+19:42:54.093] VoxelMesh: Chunk X=0 Y=0 Z=0 FlatVerts=0 SlopeVerts=0
[+19:42:54.093] VoxelChunk: GenerateAsync (1,-2,-1)
[+19:42:54.095] VoxelMesh: Chunk X=1 Y=-2 Z=-1 FlatVerts=0 SlopeVerts=0
[+19:42:54.196] VoxelMesh: Chunk X=0 Y=0 Z=0 FlatVerts=0 SlopeVerts=0
[+19:42:54.197] VoxelChunk: GenerateAsync (0,-1,-2)
[+19:42:54.199] VoxelMesh: Chunk X=0 Y=-1 Z=-2 FlatVerts=0 SlopeVerts=0
[+19:42:54.299] VoxelMesh: Chunk X=0 Y=0 Z=0 FlatVerts=10050 SlopeVerts=48
[+19:42:54.311] VoxelChunk: GenerateAsync (-2,0,-1)
[+19:42:54.313] VoxelMesh: Chunk X=-2 Y=0 Z=-1 FlatVerts=0 SlopeVerts=0
[+19:42:54.407] VoxelMesh: Chunk X=0 Y=0 Z=0 FlatVerts=0 SlopeVerts=0
[+19:42:54.408] VoxelChunk: GenerateAsync (-1,-2,-2)
[+19:42:54.409] VoxelMesh: Chunk X=-1 Y=-2 Z=-2 FlatVerts=0 SlopeVerts=0
[+19:42:54.510] VoxelMesh: Chunk X=0 Y=0 Z=0 FlatVerts=0 SlopeVerts=0
[+19:42:54.510] VoxelChunk: GenerateAsync (0,0,-2)
[+19:42:54.512] VoxelMesh: Chunk X=0 Y=0 Z=-2 FlatVerts=0 SlopeVerts=0
[+19:42:54.615] VoxelMesh: Chunk X=0 Y=0 Z=0 FlatVerts=0 SlopeVerts=0
[+19:42:54.615] VoxelChunk: GenerateAsync (2,0,-2)
[+19:42:54.616] VoxelMesh: Chunk X=2 Y=0 Z=-2 FlatVerts=0 SlopeVerts=0
[+19:42:54.718] VoxelMesh: Chunk X=0 Y=0 Z=0 FlatVerts=0 SlopeVerts=0
[+19:42:54.718] VoxelChunk: GenerateAsync (-2,1,-2)
[+19:42:54.719] VoxelMesh: Chunk X=-2 Y=1 Z=-2 FlatVerts=0 SlopeVerts=0
[+19:42:54.820] VoxelMesh: Chunk X=0 Y=0 Z=0 FlatVerts=10242 SlopeVerts=0
[+19:42:54.827] VoxelChunk: GenerateAsync (-1,2,0)
[+19:42:54.828] VoxelMesh: Chunk X=-1 Y=2 Z=0 FlatVerts=1380 SlopeVerts=504
[+19:42:54.923] VoxelMesh: Chunk X=0 Y=0 Z=0 FlatVerts=2334 SlopeVerts=10488
[+19:42:54.932] VoxelChunk: GenerateAsync (-1,-2,0)
[+19:42:54.934] VoxelMesh: Chunk X=-1 Y=-2 Z=0 FlatVerts=0 SlopeVerts=0
[+19:42:55.028] VoxelMesh: Chunk X=0 Y=0 Z=0 FlatVerts=0 SlopeVerts=0
[+19:42:55.028] VoxelChunk: GenerateAsync (2,2,-2)
[+19:42:55.031] VoxelMesh: Chunk X=2 Y=2 Z=-2 FlatVerts=0 SlopeVerts=0
[+19:42:55.132] VoxelMesh: Chunk X=0 Y=0 Z=0 FlatVerts=72 SlopeVerts=10386
[+19:42:55.139] VoxelChunk: GenerateAsync (1,-2,1)
[+19:42:55.140] VoxelMesh: Chunk X=1 Y=-2 Z=1 FlatVerts=42 SlopeVerts=1626
[+19:42:55.234] VoxelMesh: Chunk X=0 Y=0 Z=0 FlatVerts=0 SlopeVerts=0
[+19:42:55.234] VoxelChunk: GenerateAsync (-2,-2,-2)
[+19:42:55.236] VoxelMesh: Chunk X=-2 Y=-2 Z=-2 FlatVerts=0 SlopeVerts=0
[+19:42:55.338] VoxelMesh: Chunk X=0 Y=0 Z=0 FlatVerts=9300 SlopeVerts=1902
[+19:42:55.350] VoxelChunk: GenerateAsync (-2,2,0)
[+19:42:55.352] VoxelMesh: Chunk X=-2 Y=2 Z=0 FlatVerts=0 SlopeVerts=90
[+19:42:55.447] VoxelMesh: Chunk X=0 Y=0 Z=0 FlatVerts=0 SlopeVerts=0
[+19:42:55.448] VoxelChunk: GenerateAsync (2,-2,-2)
[+19:42:55.450] VoxelMesh: Chunk X=2 Y=-2 Z=-2 FlatVerts=0 SlopeVerts=0
[+19:42:55.549] VoxelMesh: Chunk X=0 Y=0 Z=0 FlatVerts=0 SlopeVerts=0
[+19:42:55.550] VoxelChunk: GenerateAsync (1,2,-2)
[+19:42:55.551] VoxelMesh: Chunk X=1 Y=2 Z=-2 FlatVerts=0 SlopeVerts=0
[+19:42:55.653] VoxelMesh: Chunk X=0 Y=0 Z=0 FlatVerts=0 SlopeVerts=0
[+19:42:55.653] VoxelChunk: GenerateAsync (1,-2,-2)
[+19:42:55.656] VoxelMesh: Chunk X=1 Y=-2 Z=-2 FlatVerts=0 SlopeVerts=0
[+19:42:55.755] VoxelMesh: Chunk X=0 Y=0 Z=0 FlatVerts=7686 SlopeVerts=7368
[+19:42:55.770] VoxelChunk: GenerateAsync (2,2,0)
[+19:42:55.771] VoxelMesh: Chunk X=2 Y=2 Z=0 FlatVerts=30 SlopeVerts=0
[+19:42:55.856] VoxelMesh: Chunk X=0 Y=0 Z=0 FlatVerts=3444 SlopeVerts=1092
[+19:42:55.861] VoxelChunk: GenerateAsync (-2,-2,-1)
[+19:42:55.863] VoxelMesh: Chunk X=-2 Y=-2 Z=-1 FlatVerts=0 SlopeVerts=0
[+19:42:55.965] VoxelMesh: Chunk X=0 Y=0 Z=0 FlatVerts=0 SlopeVerts=0
[+19:42:55.965] VoxelChunk: GenerateAsync (0,-2,-2)
[+19:42:55.967] VoxelMesh: Chunk X=0 Y=-2 Z=-2 FlatVerts=0 SlopeVerts=0
[+19:42:56.068] VoxelMesh: Chunk X=0 Y=0 Z=0 FlatVerts=10242 SlopeVerts=0
[+19:42:56.075] VoxelChunk: GenerateAsync (-1,2,-1)
[+19:42:56.075] VoxelMesh: Chunk X=-1 Y=2 Z=-1 FlatVerts=0 SlopeVerts=0
[+19:42:56.173] VoxelMesh: Chunk X=0 Y=0 Z=0 FlatVerts=1434 SlopeVerts=13392
[+19:42:56.184] VoxelChunk: GenerateAsync (-2,-2,1)
[+19:42:56.185] VoxelMesh: Chunk X=-2 Y=-2 Z=1 FlatVerts=0 SlopeVerts=576
[+19:42:56.277] VoxelMesh: Chunk X=0 Y=0 Z=0 FlatVerts=7932 SlopeVerts=1092
[+19:42:56.287] VoxelChunk: GenerateAsync (-2,-1,-1)
[+19:42:56.288] VoxelMesh: Chunk X=-2 Y=-1 Z=-1 FlatVerts=0 SlopeVerts=0
[+19:42:56.383] VoxelMesh: Chunk X=0 Y=0 Z=0 FlatVerts=0 SlopeVerts=0
[+19:42:56.383] VoxelChunk: GenerateAsync (1,-1,-2)
[+19:42:56.385] VoxelMesh: Chunk X=1 Y=-1 Z=-2 FlatVerts=0 SlopeVerts=0
[+19:42:56.486] VoxelMesh: Chunk X=0 Y=0 Z=0 FlatVerts=12 SlopeVerts=30
[+19:42:56.487] VoxelChunk: GenerateAsync (2,-1,-1)
[+19:42:56.487] VoxelMesh: Chunk X=2 Y=-1 Z=-1 FlatVerts=0 SlopeVerts=0
[+19:42:56.589] VoxelMesh: Chunk X=0 Y=0 Z=0 FlatVerts=8928 SlopeVerts=1170
[+19:42:56.600] VoxelChunk: GenerateAsync (1,2,-1)
[+19:42:56.602] VoxelMesh: Chunk X=1 Y=2 Z=-1 FlatVerts=0 SlopeVerts=0
[+19:42:56.695] VoxelMesh: Chunk X=0 Y=0 Z=0 FlatVerts=1302 SlopeVerts=20760
[+19:42:56.713] VoxelChunk: GenerateAsync (-1,-2,1)
[+19:42:56.715] VoxelMesh: Chunk X=-1 Y=-2 Z=1 FlatVerts=18 SlopeVerts=168
[+19:42:56.799] VoxelMesh: Chunk X=0 Y=0 Z=0 FlatVerts=324 SlopeVerts=1146
[+19:42:56.801] VoxelChunk: GenerateAsync (2,0,-1)
[+19:42:56.801] VoxelMesh: Chunk X=2 Y=0 Z=-1 FlatVerts=0 SlopeVerts=0
[+19:42:56.903] VoxelMesh: Chunk X=0 Y=0 Z=0 FlatVerts=0 SlopeVerts=0
[+19:42:56.904] VoxelChunk: GenerateAsync (-2,0,-2)
[+19:42:56.905] VoxelMesh: Chunk X=-2 Y=0 Z=-2 FlatVerts=0 SlopeVerts=0
[+19:42:57.007] VoxelMesh: Chunk X=0 Y=0 Z=0 FlatVerts=0 SlopeVerts=0
[+19:42:57.007] VoxelChunk: GenerateAsync (1,0,-2)
[+19:42:57.008] VoxelMesh: Chunk X=1 Y=0 Z=-2 FlatVerts=0 SlopeVerts=0
[+19:42:57.111] VoxelMesh: Chunk X=0 Y=0 Z=0 FlatVerts=72 SlopeVerts=4344
[+19:42:57.114] VoxelChunk: GenerateAsync (2,-2,0)
[+19:42:57.115] VoxelMesh: Chunk X=2 Y=-2 Z=0 FlatVerts=0 SlopeVerts=156
[+19:42:57.216] VoxelMesh: Chunk X=0 Y=0 Z=0 FlatVerts=9240 SlopeVerts=966
[+19:42:57.226] VoxelChunk: GenerateAsync (-2,2,-1)
[+19:42:57.228] VoxelMesh: Chunk X=-2 Y=2 Z=-1 FlatVerts=0 SlopeVerts=0
[+19:42:57.320] VoxelMesh: Chunk X=0 Y=0 Z=0 FlatVerts=10794 SlopeVerts=264
[+19:42:57.333] VoxelChunk: GenerateAsync (0,2,-1)
[+19:42:57.334] VoxelMesh: Chunk X=0 Y=2 Z=-1 FlatVerts=0 SlopeVerts=0
[+19:42:57.427] VoxelMesh: Chunk X=0 Y=0 Z=0 FlatVerts=10326 SlopeVerts=6
[+19:42:57.440] VoxelChunk: GenerateAsync (-2,1,0)
[+19:42:57.442] VoxelMesh: Chunk X=-2 Y=1 Z=0 FlatVerts=0 SlopeVerts=0
[+19:42:57.533] VoxelMesh: Chunk X=0 Y=0 Z=0 FlatVerts=0 SlopeVerts=0
[+19:42:57.533] VoxelChunk: GenerateAsync (0,1,-2)
[+19:42:57.536] VoxelMesh: Chunk X=0 Y=1 Z=-2 FlatVerts=0 SlopeVerts=0
[+19:42:57.636] VoxelMesh: Chunk X=0 Y=0 Z=0 FlatVerts=0 SlopeVerts=0
[+19:42:57.636] VoxelChunk: GenerateAsync (1,1,-2)
[+19:42:57.638] VoxelMesh: Chunk X=1 Y=1 Z=-2 FlatVerts=0 SlopeVerts=0
[+19:42:57.740] VoxelMesh: Chunk X=0 Y=0 Z=0 FlatVerts=0 SlopeVerts=0
[+19:42:57.740] VoxelChunk: GenerateAsync (2,1,-2)
[+19:42:57.742] VoxelMesh: Chunk X=2 Y=1 Z=-2 FlatVerts=0 SlopeVerts=0
[+19:42:57.843] VoxelMesh: Chunk X=0 Y=0 Z=0 FlatVerts=510 SlopeVerts=6414
[+19:42:57.848] VoxelChunk: GenerateAsync (0,-2,0)
[+19:42:57.849] VoxelMesh: Chunk X=0 Y=-2 Z=0 FlatVerts=0 SlopeVerts=0
[+19:42:57.951] VoxelMesh: Chunk X=0 Y=0 Z=0 FlatVerts=72 SlopeVerts=3438
[+19:42:57.953] VoxelChunk: GenerateAsync (1,-2,0)
[+19:42:57.954] VoxelMesh: Chunk X=1 Y=-2 Z=0 FlatVerts=0 SlopeVerts=0
[+19:42:58.056] VoxelMesh: Chunk X=0 Y=0 Z=0 FlatVerts=8580 SlopeVerts=2688
[+19:42:58.069] VoxelChunk: GenerateAsync (-2,-1,0)
[+19:42:58.070] VoxelMesh: Chunk X=-2 Y=-1 Z=0 FlatVerts=0 SlopeVerts=0
[+19:42:58.164] VoxelMesh: Chunk X=0 Y=0 Z=0 FlatVerts=0 SlopeVerts=0
[+19:42:58.164] VoxelChunk: GenerateAsync (-2,-3,-2)
[+19:42:58.166] VoxelMesh: Chunk X=-2 Y=-3 Z=-2 FlatVerts=0 SlopeVerts=0
[+19:42:58.268] VoxelMesh: Chunk X=0 Y=0 Z=0 FlatVerts=0 SlopeVerts=0
[+19:42:58.269] VoxelChunk: GenerateAsync (-3,2,-2)
[+19:42:58.270] VoxelMesh: Chunk X=-3 Y=2 Z=-2 FlatVerts=0 SlopeVerts=0
[+19:42:58.373] VoxelMesh: Chunk X=0 Y=0 Z=0 FlatVerts=0 SlopeVerts=660
[+19:42:58.373] VoxelChunk: GenerateAsync (3,-3,0)
[+19:42:58.375] VoxelMesh: Chunk X=3 Y=-3 Z=0 FlatVerts=0 SlopeVerts=0
[+19:42:58.477] VoxelMesh: Chunk X=0 Y=0 Z=0 FlatVerts=0 SlopeVerts=0
[+19:42:58.478] VoxelChunk: GenerateAsync (-1,-3,-2)
[+19:42:58.479] VoxelMesh: Chunk X=-1 Y=-3 Z=-2 FlatVerts=0 SlopeVerts=0
[+19:42:58.583] VoxelMesh: Chunk X=0 Y=0 Z=0 FlatVerts=0 SlopeVerts=0
[+19:42:58.583] VoxelChunk: GenerateAsync (3,1,-3)
[+19:42:58.585] VoxelMesh: Chunk X=3 Y=1 Z=-3 FlatVerts=0 SlopeVerts=0
[+19:42:58.688] VoxelMesh: Chunk X=0 Y=0 Z=0 FlatVerts=0 SlopeVerts=0
[+19:42:58.688] VoxelChunk: GenerateAsync (3,3,3)
[+19:42:58.690] VoxelMesh: Chunk X=3 Y=3 Z=3 FlatVerts=78 SlopeVerts=2466
[+19:42:58.794] VoxelMesh: Chunk X=0 Y=0 Z=0 FlatVerts=0 SlopeVerts=0
[+19:42:58.795] VoxelChunk: GenerateAsync (3,1,-2)
[+19:42:58.797] VoxelMesh: Chunk X=3 Y=1 Z=-2 FlatVerts=0 SlopeVerts=0
[+19:42:58.897] VoxelMesh: Chunk X=0 Y=0 Z=0 FlatVerts=5904 SlopeVerts=10266
[+19:42:58.913] VoxelChunk: GenerateAsync (-3,-2,0)
[+19:42:58.914] VoxelMesh: Chunk X=-3 Y=-2 Z=0 FlatVerts=0 SlopeVerts=0
[+19:42:59.001] VoxelMesh: Chunk X=0 Y=0 Z=0 FlatVerts=0 SlopeVerts=0
[+19:42:59.001] VoxelChunk: GenerateAsync (0,-3,-2)
[+19:42:59.003] VoxelMesh: Chunk X=0 Y=-3 Z=-2 FlatVerts=0 SlopeVerts=0
[+19:42:59.104] VoxelMesh: Chunk X=0 Y=0 Z=0 FlatVerts=8664 SlopeVerts=2394
[+19:42:59.115] VoxelChunk: GenerateAsync (-3,-1,0)
[+19:42:59.117] VoxelMesh: Chunk X=-3 Y=-1 Z=0 FlatVerts=0 SlopeVerts=0
[+19:42:59.212] VoxelMesh: Chunk X=0 Y=0 Z=0 FlatVerts=0 SlopeVerts=0
[+19:42:59.213] VoxelChunk: GenerateAsync (1,-3,-2)
[+19:42:59.214] VoxelMesh: Chunk X=1 Y=-3 Z=-2 FlatVerts=0 SlopeVerts=0
[+19:42:59.317] VoxelMesh: Chunk X=0 Y=0 Z=0 FlatVerts=0 SlopeVerts=0
[+19:42:59.318] VoxelChunk: GenerateAsync (-3,2,-3)
[+19:42:59.319] VoxelMesh: Chunk X=-3 Y=2 Z=-3 FlatVerts=0 SlopeVerts=0
[+19:42:59.423] VoxelMesh: Chunk X=0 Y=0 Z=0 FlatVerts=0 SlopeVerts=0
[+19:42:59.423] VoxelChunk: GenerateAsync (2,0,-3)
[+19:42:59.425] VoxelMesh: Chunk X=2 Y=0 Z=-3 FlatVerts=0 SlopeVerts=0
[+19:42:59.526] VoxelMesh: Chunk X=0 Y=0 Z=0 FlatVerts=0 SlopeVerts=0
[+19:42:59.528] VoxelChunk: GenerateAsync (3,2,-2)
[+19:42:59.530] VoxelMesh: Chunk X=3 Y=2 Z=-2 FlatVerts=0 SlopeVerts=0
[+19:42:59.631] VoxelMesh: Chunk X=0 Y=0 Z=0 FlatVerts=0 SlopeVerts=0
[+19:42:59.631] VoxelChunk: GenerateAsync (-3,3,-2)
[+19:42:59.633] VoxelMesh: Chunk X=-3 Y=3 Z=-2 FlatVerts=0 SlopeVerts=0
[+19:42:59.734] VoxelMesh: Chunk X=0 Y=0 Z=0 FlatVerts=0 SlopeVerts=0
[+19:42:59.736] VoxelChunk: GenerateAsync (2,-3,-2)
[+19:42:59.737] VoxelMesh: Chunk X=2 Y=-3 Z=-2 FlatVerts=0 SlopeVerts=0
[+19:42:59.839] VoxelMesh: Chunk X=0 Y=0 Z=0 FlatVerts=0 SlopeVerts=0
[+19:42:59.839] VoxelChunk: GenerateAsync (-2,3,-2)
[+19:42:59.841] VoxelMesh: Chunk X=-2 Y=3 Z=-2 FlatVerts=0 SlopeVerts=0
[+19:42:59.942] VoxelMesh: Chunk X=0 Y=0 Z=0 FlatVerts=0 SlopeVerts=0
[+19:42:59.943] VoxelChunk: GenerateAsync (-1,3,-2)
[+19:42:59.944] VoxelMesh: Chunk X=-1 Y=3 Z=-2 FlatVerts=0 SlopeVerts=0
[+19:43:00.047] VoxelMesh: Chunk X=0 Y=0 Z=0 FlatVerts=0 SlopeVerts=0
[+19:43:00.047] VoxelChunk: GenerateAsync (3,-3,-2)
[+19:43:00.049] VoxelMesh: Chunk X=3 Y=-3 Z=-2 FlatVerts=0 SlopeVerts=0
[+19:43:00.151] VoxelMesh: Chunk X=0 Y=0 Z=0 FlatVerts=0 SlopeVerts=0
[+19:43:00.152] VoxelChunk: GenerateAsync (-2,2,-3)
[+19:43:00.153] VoxelMesh: Chunk X=-2 Y=2 Z=-3 FlatVerts=0 SlopeVerts=0
[+19:43:00.253] VoxelMesh: Chunk X=0 Y=0 Z=0 FlatVerts=0 SlopeVerts=0
[+19:43:00.254] VoxelChunk: GenerateAsync (0,3,-2)
[+19:43:00.255] VoxelMesh: Chunk X=0 Y=3 Z=-2 FlatVerts=0 SlopeVerts=0
[+19:43:00.357] VoxelMesh: Chunk X=0 Y=0 Z=0 FlatVerts=0 SlopeVerts=0
[+19:43:00.358] VoxelChunk: GenerateAsync (1,3,-2)
[+19:43:00.359] VoxelMesh: Chunk X=1 Y=3 Z=-2 FlatVerts=0 SlopeVerts=0
[+19:43:00.460] VoxelMesh: Chunk X=0 Y=0 Z=0 FlatVerts=0 SlopeVerts=0
[+19:43:00.460] VoxelChunk: GenerateAsync (-3,-2,-2)
[+19:43:00.461] VoxelMesh: Chunk X=-3 Y=-2 Z=-2 FlatVerts=0 SlopeVerts=0
[+19:43:00.562] VoxelMesh: Chunk X=0 Y=0 Z=0 FlatVerts=0 SlopeVerts=0
[+19:43:00.562] VoxelChunk: GenerateAsync (2,3,-2)
[+19:43:00.564] VoxelMesh: Chunk X=2 Y=3 Z=-2 FlatVerts=0 SlopeVerts=0
[+19:43:00.667] VoxelMesh: Chunk X=0 Y=0 Z=0 FlatVerts=0 SlopeVerts=0
[+19:43:00.667] VoxelChunk: GenerateAsync (-1,-3,-3)
[+19:43:00.669] VoxelMesh: Chunk X=-1 Y=-3 Z=-3 FlatVerts=0 SlopeVerts=0
[+19:43:00.770] VoxelMesh: Chunk X=0 Y=0 Z=0 FlatVerts=0 SlopeVerts=0
[+19:43:00.771] VoxelChunk: GenerateAsync (3,3,-2)
[+19:43:00.773] VoxelMesh: Chunk X=3 Y=3 Z=-2 FlatVerts=0 SlopeVerts=0
[+19:43:00.874] VoxelMesh: Chunk X=0 Y=0 Z=0 FlatVerts=0 SlopeVerts=0
[+19:43:00.874] VoxelChunk: GenerateAsync (-1,2,-3)
[+19:43:00.875] VoxelMesh: Chunk X=-1 Y=2 Z=-3 FlatVerts=0 SlopeVerts=0
[+19:43:00.977] VoxelMesh: Chunk X=0 Y=0 Z=0 FlatVerts=0 SlopeVerts=0
[+19:43:00.977] VoxelChunk: GenerateAsync (3,0,-3)
[+19:43:00.979] VoxelMesh: Chunk X=3 Y=0 Z=-3 FlatVerts=0 SlopeVerts=0
[+19:43:01.080] VoxelMesh: Chunk X=0 Y=0 Z=0 FlatVerts=0 SlopeVerts=0
[+19:43:01.080] VoxelChunk: GenerateAsync (-2,0,-3)
[+19:43:01.082] VoxelMesh: Chunk X=-2 Y=0 Z=-3 FlatVerts=0 SlopeVerts=0
[+19:43:01.179] VoxelMesh: Chunk X=0 Y=0 Z=0 FlatVerts=1638 SlopeVerts=2652
[+19:43:01.183] VoxelChunk: GenerateAsync (-3,-3,-1)
[+19:43:01.185] VoxelMesh: Chunk X=-3 Y=-3 Z=-1 FlatVerts=0 SlopeVerts=0
[+19:43:01.283] VoxelMesh: Chunk X=0 Y=0 Z=0 FlatVerts=6810 SlopeVerts=10068
[+19:43:01.303] VoxelChunk: GenerateAsync (3,1,0)
[+19:43:01.304] VoxelMesh: Chunk X=3 Y=1 Z=0 FlatVerts=18 SlopeVerts=156
[+19:43:01.391] VoxelMesh: Chunk X=0 Y=0 Z=0 FlatVerts=1212 SlopeVerts=1014
[+19:43:01.395] VoxelChunk: GenerateAsync (-2,-3,-1)
[+19:43:01.396] VoxelMesh: Chunk X=-2 Y=-3 Z=-1 FlatVerts=0 SlopeVerts=0
[+19:43:01.498] VoxelMesh: Chunk X=0 Y=0 Z=0 FlatVerts=0 SlopeVerts=6
[+19:43:01.498] VoxelChunk: GenerateAsync (-1,-3,-1)
[+19:43:01.500] VoxelMesh: Chunk X=-1 Y=-3 Z=-1 FlatVerts=0 SlopeVerts=0
[+19:43:01.600] VoxelMesh: Chunk X=0 Y=0 Z=0 FlatVerts=0 SlopeVerts=0
[+19:43:01.601] VoxelChunk: GenerateAsync (1,-1,-3)
[+19:43:01.602] VoxelMesh: Chunk X=1 Y=-1 Z=-3 FlatVerts=0 SlopeVerts=0
[+19:43:01.710] VoxelMesh: Chunk X=0 Y=0 Z=0 FlatVerts=0 SlopeVerts=0
[+19:43:01.710] VoxelChunk: GenerateAsync (0,2,-3)
[+19:43:01.712] VoxelMesh: Chunk X=0 Y=2 Z=-3 FlatVerts=0 SlopeVerts=0
[+19:43:01.817] VoxelMesh: Chunk X=0 Y=0 Z=0 FlatVerts=0 SlopeVerts=0
[+19:43:01.817] VoxelChunk: GenerateAsync (2,-3,-1)
[+19:43:01.819] VoxelMesh: Chunk X=2 Y=-3 Z=-1 FlatVerts=0 SlopeVerts=0
[+19:43:01.920] VoxelMesh: Chunk X=0 Y=0 Z=0 FlatVerts=0 SlopeVerts=0
[+19:43:01.921] VoxelChunk: GenerateAsync (3,-3,-1)
[+19:43:01.923] VoxelMesh: Chunk X=3 Y=-3 Z=-1 FlatVerts=0 SlopeVerts=0
[+19:43:02.027] VoxelMesh: Chunk X=0 Y=0 Z=0 FlatVerts=4068 SlopeVerts=1104
[+19:43:02.035] VoxelChunk: GenerateAsync (-3,-2,-1)
[+19:43:02.036] VoxelMesh: Chunk X=-3 Y=-2 Z=-1 FlatVerts=0 SlopeVerts=0
[+19:43:02.133] VoxelMesh: Chunk X=0 Y=0 Z=0 FlatVerts=0 SlopeVerts=0
[+19:43:02.133] VoxelChunk: GenerateAsync (1,2,-3)
[+19:43:02.134] VoxelMesh: Chunk X=1 Y=2 Z=-3 FlatVerts=0 SlopeVerts=0
[+19:43:02.236] VoxelMesh: Chunk X=0 Y=0 Z=0 FlatVerts=0 SlopeVerts=0
[+19:43:02.237] VoxelChunk: GenerateAsync (-3,1,-3)
[+19:43:02.238] VoxelMesh: Chunk X=-3 Y=1 Z=-3 FlatVerts=0 SlopeVerts=0
[+19:43:02.649] VoxelMesh: Chunk X=0 Y=0 Z=0 FlatVerts=0 SlopeVerts=0
[+19:43:02.649] VoxelChunk: GenerateAsync (3,-2,-2)
[+19:43:02.651] VoxelMesh: Chunk X=3 Y=-2 Z=-2 FlatVerts=0 SlopeVerts=0
[+19:43:02.981] VoxelMesh: Chunk X=0 Y=0 Z=0 FlatVerts=0 SlopeVerts=0
[+19:43:02.981] VoxelChunk: GenerateAsync (-3,-1,-2)
[+19:43:02.983] VoxelMesh: Chunk X=-3 Y=-1 Z=-2 FlatVerts=0 SlopeVerts=0
[+19:43:03.317] VoxelMesh: Chunk X=0 Y=0 Z=0 FlatVerts=0 SlopeVerts=0
[+19:43:03.317] VoxelChunk: GenerateAsync (2,2,-3)
[+19:43:03.319] VoxelMesh: Chunk X=2 Y=2 Z=-3 FlatVerts=0 SlopeVerts=0
[+19:43:03.650] VoxelMesh: Chunk X=0 Y=0 Z=0 FlatVerts=0 SlopeVerts=0
[+19:43:03.650] VoxelChunk: GenerateAsync (0,-1,-3)
[+19:43:03.652] VoxelMesh: Chunk X=0 Y=-1 Z=-3 FlatVerts=0 SlopeVerts=0
[+19:43:03.980] VoxelMesh: Chunk X=0 Y=0 Z=0 FlatVerts=8286 SlopeVerts=942
[+19:43:03.991] VoxelChunk: GenerateAsync (-3,-1,-1)
[+19:43:03.993] VoxelMesh: Chunk X=-3 Y=-1 Z=-1 FlatVerts=0 SlopeVerts=0
[+19:43:04.334] VoxelMesh: Chunk X=0 Y=0 Z=0 FlatVerts=0 SlopeVerts=0
[+19:43:04.334] VoxelChunk: GenerateAsync (3,2,-3)
[+19:43:04.335] VoxelMesh: Chunk X=3 Y=2 Z=-3 FlatVerts=0 SlopeVerts=0
[+19:43:04.429] VoxelMesh: Chunk X=0 Y=0 Z=0 FlatVerts=0 SlopeVerts=0
[+19:43:04.429] VoxelChunk: GenerateAsync (-2,1,-3)
[+19:43:04.432] VoxelMesh: Chunk X=-2 Y=1 Z=-3 FlatVerts=0 SlopeVerts=0
[+19:43:04.535] VoxelMesh: Chunk X=0 Y=0 Z=0 FlatVerts=0 SlopeVerts=0
[+19:43:04.535] VoxelChunk: GenerateAsync (-1,0,-3)
[+19:43:04.537] VoxelMesh: Chunk X=-1 Y=0 Z=-3 FlatVerts=0 SlopeVerts=0
[+19:43:04.642] VoxelMesh: Chunk X=0 Y=0 Z=0 FlatVerts=0 SlopeVerts=0
[+19:43:04.642] VoxelChunk: GenerateAsync (3,-1,-3)
[+19:43:04.644] VoxelMesh: Chunk X=3 Y=-1 Z=-3 FlatVerts=0 SlopeVerts=0
[+19:43:04.745] VoxelMesh: Chunk X=0 Y=0 Z=0 FlatVerts=0 SlopeVerts=0
[+19:43:04.745] VoxelChunk: GenerateAsync (-2,-1,-3)
[+19:43:04.747] VoxelMesh: Chunk X=-2 Y=-1 Z=-3 FlatVerts=0 SlopeVerts=0
[+19:43:04.848] VoxelMesh: Chunk X=0 Y=0 Z=0 FlatVerts=0 SlopeVerts=0
[+19:43:04.849] VoxelChunk: GenerateAsync (-3,-1,-3)
[+19:43:04.849] VoxelMesh: Chunk X=-3 Y=-1 Z=-3 FlatVerts=0 SlopeVerts=0
[+19:43:04.951] VoxelMesh: Chunk X=0 Y=0 Z=0 FlatVerts=0 SlopeVerts=0
[+19:43:04.951] VoxelChunk: GenerateAsync (3,-2,-3)
[+19:43:04.953] VoxelMesh: Chunk X=3 Y=-2 Z=-3 FlatVerts=0 SlopeVerts=0
[+19:43:05.055] VoxelMesh: Chunk X=0 Y=0 Z=0 FlatVerts=0 SlopeVerts=0
[+19:43:05.055] VoxelChunk: GenerateAsync (-3,3,-3)
[+19:43:05.057] VoxelMesh: Chunk X=-3 Y=3 Z=-3 FlatVerts=0 SlopeVerts=0
[+19:43:05.158] VoxelMesh: Chunk X=0 Y=0 Z=0 FlatVerts=0 SlopeVerts=0
[+19:43:05.158] VoxelChunk: GenerateAsync (3,-1,-1)
[+19:43:05.160] VoxelMesh: Chunk X=3 Y=-1 Z=-1 FlatVerts=0 SlopeVerts=0
[+19:43:05.261] VoxelMesh: Chunk X=0 Y=0 Z=0 FlatVerts=9894 SlopeVerts=576
[+19:43:05.275] VoxelChunk: GenerateAsync (-3,0,-1)
[+19:43:05.277] VoxelMesh: Chunk X=-3 Y=0 Z=-1 FlatVerts=0 SlopeVerts=0
[+19:43:05.372] VoxelMesh: Chunk X=0 Y=0 Z=0 FlatVerts=0 SlopeVerts=0
[+19:43:05.373] VoxelChunk: GenerateAsync (2,-2,-3)
[+19:43:05.374] VoxelMesh: Chunk X=2 Y=-2 Z=-3 FlatVerts=0 SlopeVerts=0
[+19:43:05.475] VoxelMesh: Chunk X=0 Y=0 Z=0 FlatVerts=0 SlopeVerts=0
[+19:43:05.477] VoxelChunk: GenerateAsync (3,-1,-2)
[+19:43:05.479] VoxelMesh: Chunk X=3 Y=-1 Z=-2 FlatVerts=0 SlopeVerts=0
[+19:43:05.580] VoxelMesh: Chunk X=0 Y=0 Z=0 FlatVerts=0 SlopeVerts=0
[+19:43:05.581] VoxelChunk: GenerateAsync (-2,3,-3)
[+19:43:05.583] VoxelMesh: Chunk X=-2 Y=3 Z=-3 FlatVerts=0 SlopeVerts=0
[+19:43:05.683] VoxelMesh: Chunk X=0 Y=0 Z=0 FlatVerts=0 SlopeVerts=0
[+19:43:05.684] VoxelChunk: GenerateAsync (-1,1,-3)
[+19:43:05.685] VoxelMesh: Chunk X=-1 Y=1 Z=-3 FlatVerts=0 SlopeVerts=0
[+19:43:06.030] VoxelMesh: Chunk X=0 Y=0 Z=0 FlatVerts=0 SlopeVerts=0
[+19:43:06.030] VoxelChunk: GenerateAsync (1,-2,-3)
[+19:43:06.031] VoxelMesh: Chunk X=1 Y=-2 Z=-3 FlatVerts=0 SlopeVerts=0
[+19:43:06.363] VoxelMesh: Chunk X=0 Y=0 Z=0 FlatVerts=0 SlopeVerts=0
[+19:43:06.364] VoxelChunk: GenerateAsync (0,-2,-3)
[+19:43:06.365] VoxelMesh: Chunk X=0 Y=-2 Z=-3 FlatVerts=0 SlopeVerts=0
[+19:43:06.693] VoxelMesh: Chunk X=0 Y=0 Z=0 FlatVerts=0 SlopeVerts=0
[+19:43:06.694] VoxelChunk: GenerateAsync (-3,0,-2)
[+19:43:06.695] VoxelMesh: Chunk X=-3 Y=0 Z=-2 FlatVerts=0 SlopeVerts=0
[+19:43:07.028] VoxelMesh: Chunk X=0 Y=0 Z=0 FlatVerts=54 SlopeVerts=834
[+19:43:07.028] VoxelChunk: GenerateAsync (3,0,-1)
[+19:43:07.030] VoxelMesh: Chunk X=3 Y=0 Z=-1 FlatVerts=0 SlopeVerts=0
[+19:43:07.363] VoxelMesh: Chunk X=0 Y=0 Z=0 FlatVerts=0 SlopeVerts=0
[+19:43:07.364] VoxelChunk: GenerateAsync (-1,3,-3)
[+19:43:07.365] VoxelMesh: Chunk X=-1 Y=3 Z=-3 FlatVerts=0 SlopeVerts=0
[+19:43:07.693] VoxelMesh: Chunk X=0 Y=0 Z=0 FlatVerts=8646 SlopeVerts=1470
[+19:43:07.705] VoxelChunk: GenerateAsync (-3,1,-1)
[+19:43:07.707] VoxelMesh: Chunk X=-3 Y=1 Z=-1 FlatVerts=0 SlopeVerts=0
[+19:43:08.030] VoxelMesh: Chunk X=0 Y=0 Z=0 FlatVerts=0 SlopeVerts=0
[+19:43:08.030] VoxelChunk: GenerateAsync (-1,-2,-3)
[+19:43:08.032] VoxelMesh: Chunk X=-1 Y=-2 Z=-3 FlatVerts=0 SlopeVerts=0
[+19:43:08.363] VoxelMesh: Chunk X=0 Y=0 Z=0 FlatVerts=0 SlopeVerts=0
[+19:43:08.363] VoxelChunk: GenerateAsync (-2,-2,-3)
[+19:43:08.364] VoxelMesh: Chunk X=-2 Y=-2 Z=-3 FlatVerts=0 SlopeVerts=0
[+19:43:08.697] VoxelMesh: Chunk X=0 Y=0 Z=0 FlatVerts=0 SlopeVerts=0
[+19:43:08.698] VoxelChunk: GenerateAsync (0,3,-3)
[+19:43:08.699] VoxelMesh: Chunk X=0 Y=3 Z=-3 FlatVerts=0 SlopeVerts=0
[+19:43:09.031] VoxelMesh: Chunk X=0 Y=0 Z=0 FlatVerts=0 SlopeVerts=0
[+19:43:09.031] VoxelChunk: GenerateAsync (0,1,-3)
[+19:43:09.032] VoxelMesh: Chunk X=0 Y=1 Z=-3 FlatVerts=0 SlopeVerts=0
[+19:43:09.361] VoxelMesh: Chunk X=0 Y=0 Z=0 FlatVerts=0 SlopeVerts=0
[+19:43:09.362] VoxelChunk: GenerateAsync (3,3,-1)
[+19:43:09.363] VoxelMesh: Chunk X=3 Y=3 Z=-1 FlatVerts=0 SlopeVerts=0
[+19:43:09.698] VoxelMesh: Chunk X=0 Y=0 Z=0 FlatVerts=0 SlopeVerts=0
[+19:43:09.698] VoxelChunk: GenerateAsync (0,0,-3)
[+19:43:09.699] VoxelMesh: Chunk X=0 Y=0 Z=-3 FlatVerts=0 SlopeVerts=0
[+19:43:10.028] VoxelMesh: Chunk X=0 Y=0 Z=0 FlatVerts=2568 SlopeVerts=11472
[+19:43:10.039] VoxelChunk: GenerateAsync (-2,-3,0)
[+19:43:10.039] VoxelMesh: Chunk X=-2 Y=-3 Z=0 FlatVerts=0 SlopeVerts=0
[+19:43:10.361] VoxelMesh: Chunk X=0 Y=0 Z=0 FlatVerts=336 SlopeVerts=4980
[+19:43:10.365] VoxelChunk: GenerateAsync (-1,-3,0)
[+19:43:10.367] VoxelMesh: Chunk X=-1 Y=-3 Z=0 FlatVerts=0 SlopeVerts=30
[+19:43:10.695] VoxelMesh: Chunk X=0 Y=0 Z=0 FlatVerts=48 SlopeVerts=1284
[+19:43:10.697] VoxelChunk: GenerateAsync (0,-3,0)
[+19:43:10.697] VoxelMesh: Chunk X=0 Y=-3 Z=0 FlatVerts=0 SlopeVerts=0
[+19:43:11.029] VoxelMesh: Chunk X=0 Y=0 Z=0 FlatVerts=36 SlopeVerts=216
[+19:43:11.029] VoxelChunk: GenerateAsync (1,-3,0)
[+19:43:11.031] VoxelMesh: Chunk X=1 Y=-3 Z=0 FlatVerts=0 SlopeVerts=0
[+19:43:11.364] VoxelMesh: Chunk X=0 Y=0 Z=0 FlatVerts=0 SlopeVerts=660
[+19:43:11.364] VoxelChunk: GenerateAsync (2,-3,0)
[+19:43:11.366] VoxelMesh: Chunk X=2 Y=-3 Z=0 FlatVerts=0 SlopeVerts=0
[+19:43:11.697] VoxelMesh: Chunk X=0 Y=0 Z=0 FlatVerts=0 SlopeVerts=0
[+19:43:11.697] VoxelChunk: GenerateAsync (-3,-2,-3)
[+19:43:11.698] VoxelMesh: Chunk X=-3 Y=-2 Z=-3 FlatVerts=0 SlopeVerts=0
[+19:43:12.027] VoxelMesh: Chunk X=0 Y=0 Z=0 FlatVerts=612 SlopeVerts=1296
[+19:43:12.029] VoxelChunk: GenerateAsync (3,1,-1)
[+19:43:12.031] VoxelMesh: Chunk X=3 Y=1 Z=-1 FlatVerts=0 SlopeVerts=0
[+19:43:12.360] VoxelMesh: Chunk X=0 Y=0 Z=0 FlatVerts=5388 SlopeVerts=1914
[+19:43:12.368] VoxelChunk: GenerateAsync (-3,2,-1)
[+19:43:12.370] VoxelMesh: Chunk X=-3 Y=2 Z=-1 FlatVerts=0 SlopeVerts=0
[+19:43:12.697] VoxelMesh: Chunk X=0 Y=0 Z=0 FlatVerts=0 SlopeVerts=0
[+19:43:12.697] VoxelChunk: GenerateAsync (1,3,-3)
[+19:43:12.699] VoxelMesh: Chunk X=1 Y=3 Z=-3 FlatVerts=0 SlopeVerts=0
[+19:43:13.029] VoxelMesh: Chunk X=0 Y=0 Z=0 FlatVerts=0 SlopeVerts=0
[+19:43:13.031] VoxelChunk: GenerateAsync (3,0,-2)
[+19:43:13.032] VoxelMesh: Chunk X=3 Y=0 Z=-2 FlatVerts=0 SlopeVerts=0
[+19:43:13.365] VoxelMesh: Chunk X=0 Y=0 Z=0 FlatVerts=0 SlopeVerts=0
[+19:43:13.365] VoxelChunk: GenerateAsync (-3,1,-2)
[+19:43:13.367] VoxelMesh: Chunk X=-3 Y=1 Z=-2 FlatVerts=0 SlopeVerts=0
[+19:43:13.696] VoxelMesh: Chunk X=0 Y=0 Z=0 FlatVerts=0 SlopeVerts=0
[+19:43:13.697] VoxelChunk: GenerateAsync (2,3,-3)
[+19:43:13.698] VoxelMesh: Chunk X=2 Y=3 Z=-3 FlatVerts=0 SlopeVerts=0
[+19:43:14.029] VoxelMesh: Chunk X=0 Y=0 Z=0 FlatVerts=0 SlopeVerts=2418
[+19:43:14.031] VoxelChunk: GenerateAsync (3,-2,0)
[+19:43:14.032] VoxelMesh: Chunk X=3 Y=-2 Z=0 FlatVerts=0 SlopeVerts=102
[+19:43:14.363] VoxelMesh: Chunk X=0 Y=0 Z=0 FlatVerts=0 SlopeVerts=0
[+19:43:14.363] VoxelChunk: GenerateAsync (1,1,-3)
[+19:43:14.365] VoxelMesh: Chunk X=1 Y=1 Z=-3 FlatVerts=0 SlopeVerts=0
[+19:43:14.694] VoxelMesh: Chunk X=0 Y=0 Z=0 FlatVerts=558 SlopeVerts=462
[+19:43:14.695] VoxelChunk: GenerateAsync (3,2,-1)
[+19:43:14.697] VoxelMesh: Chunk X=3 Y=2 Z=-1 FlatVerts=0 SlopeVerts=0
[+19:43:15.031] VoxelMesh: Chunk X=0 Y=0 Z=0 FlatVerts=0 SlopeVerts=0
[+19:43:15.031] VoxelChunk: GenerateAsync (3,-3,-3)
[+19:43:15.032] VoxelMesh: Chunk X=3 Y=-3 Z=-3 FlatVerts=0 SlopeVerts=0
[+19:43:15.362] VoxelMesh: Chunk X=0 Y=0 Z=0 FlatVerts=0 SlopeVerts=0
[+19:43:15.362] VoxelChunk: GenerateAsync (2,-3,-3)
[+19:43:15.364] VoxelMesh: Chunk X=2 Y=-3 Z=-3 FlatVerts=0 SlopeVerts=0
[+19:43:15.694] VoxelMesh: Chunk X=0 Y=0 Z=0 FlatVerts=0 SlopeVerts=0
[+19:43:15.696] VoxelChunk: GenerateAsync (1,-3,-3)
[+19:43:15.697] VoxelMesh: Chunk X=1 Y=-3 Z=-3 FlatVerts=0 SlopeVerts=0
[+19:43:16.029] VoxelMesh: Chunk X=0 Y=0 Z=0 FlatVerts=2340 SlopeVerts=1830
[+19:43:16.032] VoxelChunk: GenerateAsync (-3,3,-1)
[+19:43:16.035] VoxelMesh: Chunk X=-3 Y=3 Z=-1 FlatVerts=0 SlopeVerts=0
[+19:43:16.364] VoxelMesh: Chunk X=0 Y=0 Z=0 FlatVerts=30 SlopeVerts=2028
[+19:43:16.366] VoxelChunk: GenerateAsync (3,-1,0)
[+19:43:16.367] VoxelMesh: Chunk X=3 Y=-1 Z=0 FlatVerts=312 SlopeVerts=462
[+19:43:16.697] VoxelMesh: Chunk X=0 Y=0 Z=0 FlatVerts=9894 SlopeVerts=576
[+19:43:16.709] VoxelChunk: GenerateAsync (-3,0,0)
[+19:43:16.711] VoxelMesh: Chunk X=-3 Y=0 Z=0 FlatVerts=0 SlopeVerts=0
[+19:43:17.028] VoxelMesh: Chunk X=0 Y=0 Z=0 FlatVerts=6054 SlopeVerts=2346
[+19:43:17.037] VoxelChunk: GenerateAsync (-2,3,-1)
[+19:43:17.039] VoxelMesh: Chunk X=-2 Y=3 Z=-1 FlatVerts=0 SlopeVerts=0
[+19:43:17.364] VoxelMesh: Chunk X=0 Y=0 Z=0 FlatVerts=0 SlopeVerts=0
[+19:43:17.364] VoxelChunk: GenerateAsync (0,-3,-3)
[+19:43:17.365] VoxelMesh: Chunk X=0 Y=-3 Z=-3 FlatVerts=0 SlopeVerts=0
[+19:43:17.697] VoxelMesh: Chunk X=0 Y=0 Z=0 FlatVerts=0 SlopeVerts=0
[+19:43:17.698] VoxelChunk: GenerateAsync (3,3,-3)
[+19:43:17.700] VoxelMesh: Chunk X=3 Y=3 Z=-3 FlatVerts=0 SlopeVerts=0
[+19:43:18.027] VoxelMesh: Chunk X=0 Y=0 Z=0 FlatVerts=6948 SlopeVerts=1038
[+19:43:18.037] VoxelChunk: GenerateAsync (-1,3,-1)
[+19:43:18.038] VoxelMesh: Chunk X=-1 Y=3 Z=-1 FlatVerts=0 SlopeVerts=0
[+19:43:18.361] VoxelMesh: Chunk X=0 Y=0 Z=0 FlatVerts=6060 SlopeVerts=1098
[+19:43:18.369] VoxelChunk: GenerateAsync (0,3,-1)
[+19:43:18.371] VoxelMesh: Chunk X=0 Y=3 Z=-1 FlatVerts=0 SlopeVerts=0
[+19:43:18.694] VoxelMesh: Chunk X=0 Y=0 Z=0 FlatVerts=2526 SlopeVerts=7044
[+19:43:18.703] VoxelChunk: GenerateAsync (3,0,0)
[+19:43:18.704] VoxelMesh: Chunk X=3 Y=0 Z=0 FlatVerts=432 SlopeVerts=438
[+19:43:19.030] VoxelMesh: Chunk X=0 Y=0 Z=0 FlatVerts=9288 SlopeVerts=3306
[+19:43:19.043] VoxelChunk: GenerateAsync (-3,1,0)
[+19:43:19.044] VoxelMesh: Chunk X=-3 Y=1 Z=0 FlatVerts=0 SlopeVerts=0
[+19:43:19.362] VoxelMesh: Chunk X=0 Y=0 Z=0 FlatVerts=3792 SlopeVerts=1224
[+19:43:19.367] VoxelChunk: GenerateAsync (1,3,-1)
[+19:43:19.369] VoxelMesh: Chunk X=1 Y=3 Z=-1 FlatVerts=0 SlopeVerts=0
[+19:43:19.695] VoxelMesh: Chunk X=0 Y=0 Z=0 FlatVerts=954 SlopeVerts=588
[+19:43:19.697] VoxelChunk: GenerateAsync (2,3,-1)
[+19:43:19.699] VoxelMesh: Chunk X=2 Y=3 Z=-1 FlatVerts=0 SlopeVerts=0
[+19:43:20.032] VoxelMesh: Chunk X=0 Y=0 Z=0 FlatVerts=0 SlopeVerts=0
[+19:43:20.033] VoxelChunk: GenerateAsync (-2,-3,-3)
[+19:43:20.034] VoxelMesh: Chunk X=-2 Y=-3 Z=-3 FlatVerts=0 SlopeVerts=0
[+19:43:20.365] VoxelMesh: Chunk X=0 Y=0 Z=0 FlatVerts=0 SlopeVerts=0
[+19:43:20.365] VoxelChunk: GenerateAsync (-3,-3,-3)
[+19:43:20.367] VoxelMesh: Chunk X=-3 Y=-3 Z=-3 FlatVerts=0 SlopeVerts=0
[+19:43:20.697] VoxelMesh: Chunk X=0 Y=0 Z=0 FlatVerts=0 SlopeVerts=0
[+19:43:20.697] VoxelChunk: GenerateAsync (-3,-3,-2)
[+19:43:20.698] VoxelMesh: Chunk X=-3 Y=-3 Z=-2 FlatVerts=0 SlopeVerts=0
[+19:43:21.031] VoxelMesh: Chunk X=0 Y=0 Z=0 FlatVerts=0 SlopeVerts=0
[+19:43:21.031] VoxelChunk: GenerateAsync (2,1,-3)
[+19:43:21.033] VoxelMesh: Chunk X=2 Y=1 Z=-3 FlatVerts=0 SlopeVerts=0
[+19:43:21.363] VoxelMesh: Chunk X=0 Y=0 Z=0 FlatVerts=6204 SlopeVerts=7032
[+19:43:21.375] VoxelChunk: GenerateAsync (-3,2,0)
[+19:43:21.377] VoxelMesh: Chunk X=-3 Y=2 Z=0 FlatVerts=0 SlopeVerts=0
[+19:43:21.698] VoxelMesh: Chunk X=0 Y=0 Z=0 FlatVerts=0 SlopeVerts=0
[+19:43:21.699] VoxelChunk: GenerateAsync (1,0,-3)
[+19:43:21.700] VoxelMesh: Chunk X=1 Y=0 Z=-3 FlatVerts=0 SlopeVerts=0
[+19:43:22.031] VoxelMesh: Chunk X=0 Y=0 Z=0 FlatVerts=0 SlopeVerts=0
[+19:43:22.031] VoxelChunk: GenerateAsync (-3,0,-3)
[+19:43:22.033] VoxelMesh: Chunk X=-3 Y=0 Z=-3 FlatVerts=0 SlopeVerts=0
[+19:43:22.374] VoxelMesh: Chunk X=0 Y=0 Z=0 FlatVerts=0 SlopeVerts=0
[+19:43:22.375] VoxelChunk: GenerateAsync (2,-1,-3)
[+19:43:22.377] VoxelMesh: Chunk X=2 Y=-1 Z=-3 FlatVerts=0 SlopeVerts=0
[+19:43:22.697] VoxelMesh: Chunk X=0 Y=0 Z=0 FlatVerts=0 SlopeVerts=0
[+19:43:22.698] VoxelChunk: GenerateAsync (0,-3,-1)
[+19:43:22.699] VoxelMesh: Chunk X=0 Y=-3 Z=-1 FlatVerts=0 SlopeVerts=0
[+19:43:23.032] VoxelMesh: Chunk X=0 Y=0 Z=0 FlatVerts=0 SlopeVerts=0
[+19:43:23.032] VoxelChunk: GenerateAsync (1,-3,-1)
[+19:43:23.033] VoxelMesh: Chunk X=1 Y=-3 Z=-1 FlatVerts=0 SlopeVerts=0
[+19:43:23.364] VoxelMesh: Chunk X=0 Y=0 Z=0 FlatVerts=0 SlopeVerts=0
[+19:43:23.365] VoxelChunk: GenerateAsync (-1,-1,-3)
[+19:43:23.367] VoxelMesh: Chunk X=-1 Y=-1 Z=-3 FlatVerts=0 SlopeVerts=0
[+19:43:23.697] VoxelMesh: Chunk X=0 Y=0 Z=0 FlatVerts=7440 SlopeVerts=4200
[+19:43:23.709] VoxelChunk: GenerateAsync (3,2,0)
[+19:43:23.711] VoxelMesh: Chunk X=3 Y=2 Z=0 FlatVerts=0 SlopeVerts=0
[+19:43:24.029] VoxelMesh: Chunk X=0 Y=0 Z=0 FlatVerts=3906 SlopeVerts=9678
[+19:43:24.040] VoxelChunk: GenerateAsync (-3,3,0)
[+19:43:24.041] VoxelMesh: Chunk X=-3 Y=3 Z=0 FlatVerts=0 SlopeVerts=0
[+19:43:24.363] VoxelMesh: Chunk X=0 Y=0 Z=0 FlatVerts=7650 SlopeVerts=8010
[+19:43:24.377] VoxelChunk: GenerateAsync (-2,3,0)
[+19:43:24.378] VoxelMesh: Chunk X=-2 Y=3 Z=0 FlatVerts=0 SlopeVerts=0
[+19:43:24.696] VoxelMesh: Chunk X=0 Y=0 Z=0 FlatVerts=8826 SlopeVerts=4620
[+19:43:24.709] VoxelChunk: GenerateAsync (-1,3,0)
[+19:43:24.710] VoxelMesh: Chunk X=-1 Y=3 Z=0 FlatVerts=0 SlopeVerts=12
[+19:43:25.030] VoxelMesh: Chunk X=0 Y=0 Z=0 FlatVerts=7860 SlopeVerts=5976
[+19:43:25.043] VoxelChunk: GenerateAsync (0,3,0)
[+19:43:25.044] VoxelMesh: Chunk X=0 Y=3 Z=0 FlatVerts=0 SlopeVerts=0
[+19:43:25.362] VoxelMesh: Chunk X=0 Y=0 Z=0 FlatVerts=6402 SlopeVerts=7416
[+19:43:25.374] VoxelChunk: GenerateAsync (1,3,0)
[+19:43:25.375] VoxelMesh: Chunk X=1 Y=3 Z=0 FlatVerts=0 SlopeVerts=0
[+19:43:25.694] VoxelMesh: Chunk X=0 Y=0 Z=0 FlatVerts=6714 SlopeVerts=4974
[+19:43:25.706] VoxelChunk: GenerateAsync (2,3,0)
[+19:43:25.707] VoxelMesh: Chunk X=2 Y=3 Z=0 FlatVerts=0 SlopeVerts=0
[+19:43:26.027] VoxelMesh: Chunk X=0 Y=0 Z=0 FlatVerts=8196 SlopeVerts=1152
[+19:43:26.038] VoxelChunk: GenerateAsync (3,3,0)
[+19:43:26.040] VoxelMesh: Chunk X=3 Y=3 Z=0 FlatVerts=0 SlopeVerts=0
[+19:43:26.364] VoxelMesh: Chunk X=0 Y=0 Z=0 FlatVerts=2226 SlopeVerts=14814
[+19:43:26.380] VoxelChunk: GenerateAsync (-3,-3,1)
[+19:43:26.381] VoxelMesh: Chunk X=-3 Y=-3 Z=1 FlatVerts=522 SlopeVerts=1476
[+19:43:26.701] VoxelMesh: Chunk X=0 Y=0 Z=0 FlatVerts=1410 SlopeVerts=21966
[+19:43:26.720] VoxelChunk: GenerateAsync (-2,-3,1)
[+19:43:26.721] VoxelMesh: Chunk X=-2 Y=-3 Z=1 FlatVerts=450 SlopeVerts=5076
[+19:43:27.035] VoxelMesh: Chunk X=0 Y=0 Z=0 FlatVerts=534 SlopeVerts=23658
[+19:43:27.053] VoxelChunk: GenerateAsync (-1,-3,1)
[+19:43:27.053] VoxelMesh: Chunk X=-1 Y=-3 Z=1 FlatVerts=72 SlopeVerts=3234
[+19:43:27.365] VoxelMesh: Chunk X=0 Y=0 Z=0 FlatVerts=84 SlopeVerts=12018
[+19:43:27.373] VoxelChunk: GenerateAsync (0,-3,1)
[+19:43:27.375] VoxelMesh: Chunk X=0 Y=-3 Z=1 FlatVerts=54 SlopeVerts=1068
[+19:43:27.698] VoxelMesh: Chunk X=0 Y=0 Z=0 FlatVerts=48 SlopeVerts=3480
[+19:43:27.700] VoxelChunk: GenerateAsync (1,-3,1)
[+19:43:27.701] VoxelMesh: Chunk X=1 Y=-3 Z=1 FlatVerts=0 SlopeVerts=0
[+19:43:28.029] VoxelMesh: Chunk X=0 Y=0 Z=0 FlatVerts=54 SlopeVerts=4902
[+19:43:28.033] VoxelChunk: GenerateAsync (2,-3,1)
[+19:43:28.035] VoxelMesh: Chunk X=2 Y=-3 Z=1 FlatVerts=0 SlopeVerts=0
[+19:43:28.363] VoxelMesh: Chunk X=0 Y=0 Z=0 FlatVerts=72 SlopeVerts=5850
[+19:43:28.367] VoxelChunk: GenerateAsync (3,-3,1)
[+19:43:28.368] VoxelMesh: Chunk X=3 Y=-3 Z=1 FlatVerts=60 SlopeVerts=318
[+19:43:28.700] VoxelMesh: Chunk X=0 Y=0 Z=0 FlatVerts=1728 SlopeVerts=9846
[+19:43:28.709] VoxelChunk: GenerateAsync (-3,-2,1)
[+19:43:28.711] VoxelMesh: Chunk X=-3 Y=-2 Z=1 FlatVerts=0 SlopeVerts=750
[+19:43:29.032] VoxelMesh: Chunk X=0 Y=0 Z=0 FlatVerts=0 SlopeVerts=0
[+19:43:29.032] VoxelChunk: GenerateAsync (3,-2,-1)
[+19:43:29.033] VoxelMesh: Chunk X=3 Y=-2 Z=-1 FlatVerts=0 SlopeVerts=0
[+19:43:29.364] VoxelMesh: Chunk X=0 Y=0 Z=0 FlatVerts=4008 SlopeVerts=16176
[+19:43:29.382] VoxelChunk: GenerateAsync (-3,-3,0)
[+19:43:29.384] VoxelMesh: Chunk X=-3 Y=-3 Z=0 FlatVerts=0 SlopeVerts=0
[+19:43:29.699] VoxelMesh: Chunk X=0 Y=0 Z=0 FlatVerts=0 SlopeVerts=294
[+19:43:29.700] VoxelChunk: GenerateAsync (-3,1,2)
[+19:43:29.701] VoxelMesh: Chunk X=-3 Y=1 Z=2 FlatVerts=0 SlopeVerts=12
[+19:43:30.032] VoxelMesh: Chunk X=0 Y=0 Z=0 FlatVerts=0 SlopeVerts=0
[+19:43:30.032] VoxelChunk: GenerateAsync (2,3,3)
[+19:43:30.033] VoxelMesh: Chunk X=2 Y=3 Z=3 FlatVerts=0 SlopeVerts=2652
[+19:43:30.367] VoxelMesh: Chunk X=0 Y=0 Z=0 FlatVerts=0 SlopeVerts=0
[+19:43:30.367] VoxelChunk: GenerateAsync (1,3,3)
[+19:43:30.369] VoxelMesh: Chunk X=1 Y=3 Z=3 FlatVerts=0 SlopeVerts=1308
[+19:43:30.698] VoxelMesh: Chunk X=0 Y=0 Z=0 FlatVerts=72 SlopeVerts=9960
[+19:43:30.704] VoxelChunk: GenerateAsync (3,-2,1)
[+19:43:30.705] VoxelMesh: Chunk X=3 Y=-2 Z=1 FlatVerts=1620 SlopeVerts=2238
[+19:43:31.035] VoxelMesh: Chunk X=0 Y=0 Z=0 FlatVerts=312 SlopeVerts=1518
[+19:43:31.036] VoxelChunk: GenerateAsync (-3,-1,1)
[+19:43:31.038] VoxelMesh: Chunk X=-3 Y=-1 Z=1 FlatVerts=0 SlopeVerts=0
[+19:43:31.365] VoxelMesh: Chunk X=0 Y=0 Z=0 FlatVerts=0 SlopeVerts=1572
[+19:43:31.368] VoxelChunk: GenerateAsync (-2,-3,3)
[+19:43:31.370] VoxelMesh: Chunk X=-2 Y=-3 Z=3 FlatVerts=0 SlopeVerts=30
[+19:43:31.699] VoxelMesh: Chunk X=0 Y=0 Z=0 FlatVerts=0 SlopeVerts=0
[+19:43:31.699] VoxelChunk: GenerateAsync (-3,1,3)
[+19:43:31.700] VoxelMesh: Chunk X=-3 Y=1 Z=3 FlatVerts=12 SlopeVerts=2208
[+19:43:32.037] VoxelMesh: Chunk X=0 Y=0 Z=0 FlatVerts=36 SlopeVerts=18618
[+19:43:32.051] VoxelChunk: GenerateAsync (-1,-3,3)
[+19:43:32.053] VoxelMesh: Chunk X=-1 Y=-3 Z=3 FlatVerts=0 SlopeVerts=4332
[+19:43:32.369] VoxelMesh: Chunk X=0 Y=0 Z=0 FlatVerts=0 SlopeVerts=19716
[+19:43:32.383] VoxelChunk: GenerateAsync (1,-1,3)
[+19:43:32.384] VoxelMesh: Chunk X=1 Y=-1 Z=3 FlatVerts=0 SlopeVerts=0
[+19:43:32.699] VoxelMesh: Chunk X=0 Y=0 Z=0 FlatVerts=0 SlopeVerts=0
[+19:43:32.700] VoxelChunk: GenerateAsync (-2,1,3)
[+19:43:32.702] VoxelMesh: Chunk X=-2 Y=1 Z=3 FlatVerts=144 SlopeVerts=7656
[+19:43:33.037] VoxelMesh: Chunk X=0 Y=0 Z=0 FlatVerts=0 SlopeVerts=0
[+19:43:33.038] VoxelChunk: GenerateAsync (0,2,3)
[+19:43:33.038] VoxelMesh: Chunk X=0 Y=2 Z=3 FlatVerts=0 SlopeVerts=0
[+19:43:33.367] VoxelMesh: Chunk X=0 Y=0 Z=0 FlatVerts=156 SlopeVerts=35526
[+19:43:33.392] VoxelChunk: GenerateAsync (0,-3,3)
[+19:43:33.393] VoxelMesh: Chunk X=0 Y=-3 Z=3 FlatVerts=12 SlopeVerts=5172
[+19:43:33.704] VoxelMesh: Chunk X=0 Y=0 Z=0 FlatVerts=72 SlopeVerts=40050
[+19:43:33.732] VoxelChunk: GenerateAsync (1,-2,3)
[+19:43:33.733] VoxelMesh: Chunk X=1 Y=-2 Z=3 FlatVerts=12 SlopeVerts=3810
[+19:43:34.037] VoxelMesh: Chunk X=0 Y=0 Z=0 FlatVerts=18 SlopeVerts=26178
[+19:43:34.055] VoxelChunk: GenerateAsync (2,-1,3)
[+19:43:34.057] VoxelMesh: Chunk X=2 Y=-1 Z=3 FlatVerts=0 SlopeVerts=0
[+19:43:34.365] VoxelMesh: Chunk X=0 Y=0 Z=0 FlatVerts=0 SlopeVerts=0
[+19:43:34.365] VoxelChunk: GenerateAsync (-3,0,3)
[+19:43:34.366] VoxelMesh: Chunk X=-3 Y=0 Z=3 FlatVerts=0 SlopeVerts=1560
[+19:43:34.703] VoxelMesh: Chunk X=0 Y=0 Z=0 FlatVerts=0 SlopeVerts=0
[+19:43:34.704] VoxelChunk: GenerateAsync (-1,1,3)
[+19:43:34.705] VoxelMesh: Chunk X=-1 Y=1 Z=3 FlatVerts=0 SlopeVerts=294
[+19:43:35.031] VoxelMesh: Chunk X=0 Y=0 Z=0 FlatVerts=36 SlopeVerts=834
[+19:43:35.032] VoxelChunk: GenerateAsync (-3,2,3)
[+19:43:35.034] VoxelMesh: Chunk X=-3 Y=2 Z=3 FlatVerts=6 SlopeVerts=912
[+19:43:35.367] VoxelMesh: Chunk X=0 Y=0 Z=0 FlatVerts=0 SlopeVerts=0
[+19:43:35.367] VoxelChunk: GenerateAsync (1,2,3)
[+19:43:35.368] VoxelMesh: Chunk X=1 Y=2 Z=3 FlatVerts=0 SlopeVerts=732
[+19:43:35.702] VoxelMesh: Chunk X=0 Y=0 Z=0 FlatVerts=36 SlopeVerts=1386
[+19:43:35.703] VoxelChunk: GenerateAsync (-3,3,3)
[+19:43:35.705] VoxelMesh: Chunk X=-3 Y=3 Z=3 FlatVerts=60 SlopeVerts=3072
[+19:43:36.035] VoxelMesh: Chunk X=0 Y=0 Z=0 FlatVerts=198 SlopeVerts=39828
[+19:43:36.062] VoxelChunk: GenerateAsync (1,-3,3)
[+19:43:36.064] VoxelMesh: Chunk X=1 Y=-3 Z=3 FlatVerts=0 SlopeVerts=4692
[+19:43:36.370] VoxelMesh: Chunk X=0 Y=0 Z=0 FlatVerts=0 SlopeVerts=588
[+19:43:36.370] VoxelChunk: GenerateAsync (-2,-2,3)
[+19:43:36.371] VoxelMesh: Chunk X=-2 Y=-2 Z=3 FlatVerts=0 SlopeVerts=6270
[+19:43:36.705] VoxelMesh: Chunk X=0 Y=0 Z=0 FlatVerts=24 SlopeVerts=36774
[+19:43:36.731] VoxelChunk: GenerateAsync (2,-2,3)
[+19:43:36.733] VoxelMesh: Chunk X=2 Y=-2 Z=3 FlatVerts=6 SlopeVerts=3090
[+19:43:37.036] VoxelMesh: Chunk X=0 Y=0 Z=0 FlatVerts=0 SlopeVerts=10260
[+19:43:37.042] VoxelChunk: GenerateAsync (0,-1,3)
[+19:43:37.043] VoxelMesh: Chunk X=0 Y=-1 Z=3 FlatVerts=0 SlopeVerts=72
[+19:43:37.365] VoxelMesh: Chunk X=0 Y=0 Z=0 FlatVerts=7380 SlopeVerts=11868
[+19:43:37.383] VoxelChunk: GenerateAsync (3,1,1)
[+19:43:37.385] VoxelMesh: Chunk X=3 Y=1 Z=1 FlatVerts=126 SlopeVerts=1146
[+19:43:37.703] VoxelMesh: Chunk X=0 Y=0 Z=0 FlatVerts=96 SlopeVerts=31746
[+19:43:37.726] VoxelChunk: GenerateAsync (3,-1,3)
[+19:43:37.727] VoxelMesh: Chunk X=3 Y=-1 Z=3 FlatVerts=0 SlopeVerts=0
[+19:43:38.033] VoxelMesh: Chunk X=0 Y=0 Z=0 FlatVerts=0 SlopeVerts=0
[+19:43:38.034] VoxelChunk: GenerateAsync (-2,0,3)
[+19:43:38.035] VoxelMesh: Chunk X=-2 Y=0 Z=3 FlatVerts=0 SlopeVerts=5352
[+19:43:38.370] VoxelMesh: Chunk X=0 Y=0 Z=0 FlatVerts=0 SlopeVerts=2418
[+19:43:38.372] VoxelChunk: GenerateAsync (1,0,3)
[+19:43:38.373] VoxelMesh: Chunk X=1 Y=0 Z=3 FlatVerts=0 SlopeVerts=0
[+19:43:38.704] VoxelMesh: Chunk X=0 Y=0 Z=0 FlatVerts=0 SlopeVerts=0
[+19:43:38.704] VoxelChunk: GenerateAsync (0,1,3)
[+19:43:38.705] VoxelMesh: Chunk X=0 Y=1 Z=3 FlatVerts=0 SlopeVerts=0
[+19:43:39.034] VoxelMesh: Chunk X=0 Y=0 Z=0 FlatVerts=0 SlopeVerts=12
[+19:43:39.034] VoxelChunk: GenerateAsync (1,1,3)
[+19:43:39.035] VoxelMesh: Chunk X=1 Y=1 Z=3 FlatVerts=0 SlopeVerts=0
[+19:43:39.365] VoxelMesh: Chunk X=0 Y=0 Z=0 FlatVerts=0 SlopeVerts=0
[+19:43:39.365] VoxelChunk: GenerateAsync (-2,2,3)
[+19:43:39.367] VoxelMesh: Chunk X=-2 Y=2 Z=3 FlatVerts=18 SlopeVerts=4662
[+19:43:39.703] VoxelMesh: Chunk X=0 Y=0 Z=0 FlatVerts=2850 SlopeVerts=16926
[+19:43:39.718] VoxelChunk: GenerateAsync (3,0,1)
[+19:43:39.719] VoxelMesh: Chunk X=3 Y=0 Z=1 FlatVerts=1170 SlopeVerts=2454
[+19:43:40.036] VoxelMesh: Chunk X=0 Y=0 Z=0 FlatVerts=0 SlopeVerts=0
[+19:43:40.036] VoxelChunk: GenerateAsync (2,2,3)
[+19:43:40.037] VoxelMesh: Chunk X=2 Y=2 Z=3 FlatVerts=0 SlopeVerts=2184
[+19:43:40.366] VoxelMesh: Chunk X=0 Y=0 Z=0 FlatVerts=0 SlopeVerts=0
[+19:43:40.366] VoxelChunk: GenerateAsync (3,2,3)
[+19:43:40.367] VoxelMesh: Chunk X=3 Y=2 Z=3 FlatVerts=0 SlopeVerts=1038
[+19:43:40.703] VoxelMesh: Chunk X=0 Y=0 Z=0 FlatVerts=0 SlopeVerts=0
[+19:43:40.704] VoxelChunk: GenerateAsync (-2,3,3)
[+19:43:40.705] VoxelMesh: Chunk X=-2 Y=3 Z=3 FlatVerts=0 SlopeVerts=1026
[+19:43:41.034] VoxelMesh: Chunk X=0 Y=0 Z=0 FlatVerts=2016 SlopeVerts=6270
[+19:43:41.041] VoxelChunk: GenerateAsync (0,3,1)
[+19:43:41.041] VoxelMesh: Chunk X=0 Y=3 Z=1 FlatVerts=660 SlopeVerts=1860
[+19:43:41.370] VoxelMesh: Chunk X=0 Y=0 Z=0 FlatVerts=132 SlopeVerts=39048
[+19:43:41.398] VoxelChunk: GenerateAsync (2,-3,3)
[+19:43:41.399] VoxelMesh: Chunk X=2 Y=-3 Z=3 FlatVerts=12 SlopeVerts=3114
[+19:43:41.704] VoxelMesh: Chunk X=0 Y=0 Z=0 FlatVerts=96 SlopeVerts=37128
[+19:43:41.731] VoxelChunk: GenerateAsync (3,-3,3)
[+19:43:41.732] VoxelMesh: Chunk X=3 Y=-3 Z=3 FlatVerts=0 SlopeVerts=4488
[+19:43:42.036] VoxelMesh: Chunk X=0 Y=0 Z=0 FlatVerts=0 SlopeVerts=8814
[+19:43:42.041] VoxelChunk: GenerateAsync (-1,-2,3)
[+19:43:42.043] VoxelMesh: Chunk X=-1 Y=-2 Z=3 FlatVerts=6 SlopeVerts=2718
[+19:43:42.369] VoxelMesh: Chunk X=0 Y=0 Z=0 FlatVerts=60 SlopeVerts=29712
[+19:43:42.390] VoxelChunk: GenerateAsync (0,-2,3)
[+19:43:42.392] VoxelMesh: Chunk X=0 Y=-2 Z=3 FlatVerts=66 SlopeVerts=4050
[+19:43:42.703] VoxelMesh: Chunk X=0 Y=0 Z=0 FlatVerts=60 SlopeVerts=35088
[+19:43:42.728] VoxelChunk: GenerateAsync (3,-2,3)
[+19:43:42.730] VoxelMesh: Chunk X=3 Y=-2 Z=3 FlatVerts=0 SlopeVerts=0
[+19:43:43.032] VoxelMesh: Chunk X=0 Y=0 Z=0 FlatVerts=0 SlopeVerts=0
[+19:43:43.033] VoxelChunk: GenerateAsync (-2,-1,3)
[+19:43:43.034] VoxelMesh: Chunk X=-2 Y=-1 Z=3 FlatVerts=66 SlopeVerts=4182
[+19:43:43.367] VoxelMesh: Chunk X=0 Y=0 Z=0 FlatVerts=126 SlopeVerts=33546
[+19:43:43.393] VoxelChunk: GenerateAsync (0,-3,2)
[+19:43:43.394] VoxelMesh: Chunk X=0 Y=-3 Z=2 FlatVerts=0 SlopeVerts=4014
[+19:43:43.702] VoxelMesh: Chunk X=0 Y=0 Z=0 FlatVerts=180 SlopeVerts=22140
[+19:43:43.719] VoxelChunk: GenerateAsync (1,-3,2)
[+19:43:43.719] VoxelMesh: Chunk X=1 Y=-3 Z=2 FlatVerts=0 SlopeVerts=666
[+19:43:44.033] VoxelMesh: Chunk X=0 Y=0 Z=0 FlatVerts=186 SlopeVerts=23634
[+19:43:44.048] VoxelChunk: GenerateAsync (2,-3,2)
[+19:43:44.050] VoxelMesh: Chunk X=2 Y=-3 Z=2 FlatVerts=0 SlopeVerts=30
[+19:43:44.366] VoxelMesh: Chunk X=0 Y=0 Z=0 FlatVerts=156 SlopeVerts=26832
[+19:43:44.384] VoxelChunk: GenerateAsync (3,-3,2)
[+19:43:44.385] VoxelMesh: Chunk X=3 Y=-3 Z=2 FlatVerts=0 SlopeVerts=2658
[+19:43:44.705] VoxelMesh: Chunk X=0 Y=0 Z=0 FlatVerts=48 SlopeVerts=528
[+19:43:44.707] VoxelChunk: GenerateAsync (-3,-2,2)
[+19:43:44.708] VoxelMesh: Chunk X=-3 Y=-2 Z=2 FlatVerts=18 SlopeVerts=2742
[+19:43:45.033] VoxelMesh: Chunk X=0 Y=0 Z=0 FlatVerts=828 SlopeVerts=8406
[+19:43:45.039] VoxelChunk: GenerateAsync (-3,2,1)
[+19:43:45.041] VoxelMesh: Chunk X=-3 Y=2 Z=1 FlatVerts=0 SlopeVerts=0
[+19:43:45.365] VoxelMesh: Chunk X=0 Y=0 Z=0 FlatVerts=0 SlopeVerts=0
[+19:43:45.367] VoxelChunk: GenerateAsync (-1,0,3)
[+19:43:45.368] VoxelMesh: Chunk X=-1 Y=0 Z=3 FlatVerts=108 SlopeVerts=6228
[+19:43:45.705] VoxelMesh: Chunk X=0 Y=0 Z=0 FlatVerts=0 SlopeVerts=108
[+19:43:45.705] VoxelChunk: GenerateAsync (0,0,3)
[+19:43:45.707] VoxelMesh: Chunk X=0 Y=0 Z=3 FlatVerts=0 SlopeVerts=42
[+19:43:46.033] VoxelMesh: Chunk X=0 Y=0 Z=0 FlatVerts=18 SlopeVerts=7752
[+19:43:46.038] VoxelChunk: GenerateAsync (2,0,3)
[+19:43:46.039] VoxelMesh: Chunk X=2 Y=0 Z=3 FlatVerts=0 SlopeVerts=0
[+19:43:46.366] VoxelMesh: Chunk X=0 Y=0 Z=0 FlatVerts=96 SlopeVerts=12786
[+19:43:46.374] VoxelChunk: GenerateAsync (3,0,3)
[+19:43:46.375] VoxelMesh: Chunk X=3 Y=0 Z=3 FlatVerts=0 SlopeVerts=252
[+19:43:46.699] VoxelMesh: Chunk X=0 Y=0 Z=0 FlatVerts=120 SlopeVerts=21294
[+19:43:46.718] VoxelChunk: GenerateAsync (3,-2,2)
[+19:43:46.720] VoxelMesh: Chunk X=3 Y=-2 Z=2 FlatVerts=102 SlopeVerts=1170
[+19:43:47.034] VoxelMesh: Chunk X=0 Y=0 Z=0 FlatVerts=0 SlopeVerts=0
[+19:43:47.034] VoxelChunk: GenerateAsync (-3,-1,2)
[+19:43:47.035] VoxelMesh: Chunk X=-3 Y=-1 Z=2 FlatVerts=0 SlopeVerts=0
[+19:43:47.367] VoxelMesh: Chunk X=0 Y=0 Z=0 FlatVerts=0 SlopeVerts=42
[+19:43:47.367] VoxelChunk: GenerateAsync (2,1,3)
[+19:43:47.367] VoxelMesh: Chunk X=2 Y=1 Z=3 FlatVerts=0 SlopeVerts=1170
[+19:43:47.699] VoxelMesh: Chunk X=0 Y=0 Z=0 FlatVerts=0 SlopeVerts=30
[+19:43:47.699] VoxelChunk: GenerateAsync (3,1,3)
[+19:43:47.700] VoxelMesh: Chunk X=3 Y=1 Z=3 FlatVerts=0 SlopeVerts=2766
[+19:43:48.034] VoxelMesh: Chunk X=0 Y=0 Z=0 FlatVerts=0 SlopeVerts=0
[+19:43:48.034] VoxelChunk: GenerateAsync (-1,2,3)
[+19:43:48.035] VoxelMesh: Chunk X=-1 Y=2 Z=3 FlatVerts=0 SlopeVerts=0
[+19:43:48.364] VoxelMesh: Chunk X=0 Y=0 Z=0 FlatVerts=228 SlopeVerts=13272
[+19:43:48.374] VoxelChunk: GenerateAsync (3,-1,1)
[+19:43:48.374] VoxelMesh: Chunk X=3 Y=-1 Z=1 FlatVerts=1392 SlopeVerts=2544
[+19:43:48.703] VoxelMesh: Chunk X=0 Y=0 Z=0 FlatVerts=10374 SlopeVerts=4788
[+19:43:48.720] VoxelChunk: GenerateAsync (3,2,1)
[+19:43:48.721] VoxelMesh: Chunk X=3 Y=2 Z=1 FlatVerts=0 SlopeVerts=0
[+19:43:49.033] VoxelMesh: Chunk X=0 Y=0 Z=0 FlatVerts=264 SlopeVerts=24228
[+19:43:49.052] VoxelChunk: GenerateAsync (3,-1,2)
[+19:43:49.055] VoxelMesh: Chunk X=3 Y=-1 Z=2 FlatVerts=84 SlopeVerts=120
[+19:43:49.367] VoxelMesh: Chunk X=0 Y=0 Z=0 FlatVerts=0 SlopeVerts=0
[+19:43:49.367] VoxelChunk: GenerateAsync (-3,0,2)
[+19:43:49.369] VoxelMesh: Chunk X=-3 Y=0 Z=2 FlatVerts=0 SlopeVerts=18
[+19:43:49.698] VoxelMesh: Chunk X=0 Y=0 Z=0 FlatVerts=1578 SlopeVerts=13638
[+19:43:49.711] VoxelChunk: GenerateAsync (-3,3,1)
[+19:43:49.713] VoxelMesh: Chunk X=-3 Y=3 Z=1 FlatVerts=0 SlopeVerts=0
[+19:43:50.033] VoxelMesh: Chunk X=0 Y=0 Z=0 FlatVerts=642 SlopeVerts=2130
[+19:43:50.035] VoxelChunk: GenerateAsync (-3,1,1)
[+19:43:50.037] VoxelMesh: Chunk X=-3 Y=1 Z=1 FlatVerts=0 SlopeVerts=0
[+19:43:50.366] VoxelMesh: Chunk X=0 Y=0 Z=0 FlatVerts=1596 SlopeVerts=5688
[+19:43:50.374] VoxelChunk: GenerateAsync (-2,3,1)
[+19:43:50.374] VoxelMesh: Chunk X=-2 Y=3 Z=1 FlatVerts=90 SlopeVerts=372
[+19:43:50.705] VoxelMesh: Chunk X=0 Y=0 Z=0 FlatVerts=0 SlopeVerts=0
[+19:43:50.706] VoxelChunk: GenerateAsync (-3,0,1)
[+19:43:50.708] VoxelMesh: Chunk X=-3 Y=0 Z=1 FlatVerts=0 SlopeVerts=0
[+19:43:51.034] VoxelMesh: Chunk X=0 Y=0 Z=0 FlatVerts=1878 SlopeVerts=3582
[+19:43:51.038] VoxelChunk: GenerateAsync (-1,3,1)
[+19:43:51.039] VoxelMesh: Chunk X=-1 Y=3 Z=1 FlatVerts=564 SlopeVerts=1836
[+19:43:51.369] VoxelMesh: Chunk X=0 Y=0 Z=0 FlatVerts=414 SlopeVerts=18162
[+19:43:51.383] VoxelChunk: GenerateAsync (3,0,2)
[+19:43:51.385] VoxelMesh: Chunk X=3 Y=0 Z=2 FlatVerts=18 SlopeVerts=1110
[+19:43:51.702] VoxelMesh: Chunk X=0 Y=0 Z=0 FlatVerts=0 SlopeVerts=0
[+19:43:51.703] VoxelChunk: GenerateAsync (0,3,3)
[+19:43:51.704] VoxelMesh: Chunk X=0 Y=3 Z=3 FlatVerts=0 SlopeVerts=0
[+19:43:52.036] VoxelMesh: Chunk X=0 Y=0 Z=0 FlatVerts=0 SlopeVerts=0
[+19:43:52.036] VoxelChunk: GenerateAsync (-1,3,3)
[+19:43:52.037] VoxelMesh: Chunk X=-1 Y=3 Z=3 FlatVerts=0 SlopeVerts=0
[+19:43:52.367] VoxelMesh: Chunk X=0 Y=0 Z=0 FlatVerts=3942 SlopeVerts=9798
[+19:43:52.379] VoxelChunk: GenerateAsync (1,3,1)
[+19:43:52.380] VoxelMesh: Chunk X=1 Y=3 Z=1 FlatVerts=252 SlopeVerts=636
[+19:43:52.707] VoxelMesh: Chunk X=0 Y=0 Z=0 FlatVerts=0 SlopeVerts=0
[+19:43:52.707] VoxelChunk: GenerateAsync (-3,-2,3)
[+19:43:52.708] VoxelMesh: Chunk X=-3 Y=-2 Z=3 FlatVerts=36 SlopeVerts=5958
[+19:43:53.038] VoxelMesh: Chunk X=0 Y=0 Z=0 FlatVerts=8826 SlopeVerts=7482
[+19:43:53.053] VoxelChunk: GenerateAsync (2,3,1)
[+19:43:53.054] VoxelMesh: Chunk X=2 Y=3 Z=1 FlatVerts=0 SlopeVerts=0
[+19:43:53.367] VoxelMesh: Chunk X=0 Y=0 Z=0 FlatVerts=10770 SlopeVerts=2040
[+19:43:53.383] VoxelChunk: GenerateAsync (3,3,1)
[+19:43:53.384] VoxelMesh: Chunk X=3 Y=3 Z=1 FlatVerts=0 SlopeVerts=0
[+19:43:53.704] VoxelMesh: Chunk X=0 Y=0 Z=0 FlatVerts=1044 SlopeVerts=3264
[+19:43:53.709] VoxelChunk: GenerateAsync (3,1,2)
[+19:43:53.711] VoxelMesh: Chunk X=3 Y=1 Z=2 FlatVerts=0 SlopeVerts=2052
[+19:43:54.053] VoxelMesh: Chunk X=0 Y=0 Z=0 FlatVerts=54 SlopeVerts=4116
[+19:43:54.055] VoxelChunk: GenerateAsync (-3,2,2)
[+19:43:54.057] VoxelMesh: Chunk X=-3 Y=2 Z=2 FlatVerts=0 SlopeVerts=0
[+19:43:54.369] VoxelMesh: Chunk X=0 Y=0 Z=0 FlatVerts=48 SlopeVerts=1098
[+19:43:54.370] VoxelChunk: GenerateAsync (-3,-3,2)
[+19:43:54.372] VoxelMesh: Chunk X=-3 Y=-3 Z=2 FlatVerts=120 SlopeVerts=4998
[+19:43:54.705] VoxelMesh: Chunk X=0 Y=0 Z=0 FlatVerts=0 SlopeVerts=0
[+19:43:54.705] VoxelChunk: GenerateAsync (-3,-1,3)
[+19:43:54.706] VoxelMesh: Chunk X=-3 Y=-1 Z=3 FlatVerts=0 SlopeVerts=714
[+19:43:55.044] VoxelMesh: Chunk X=0 Y=0 Z=0 FlatVerts=168 SlopeVerts=12966
[+19:43:55.054] VoxelChunk: GenerateAsync (-2,-3,2)
[+19:43:55.056] VoxelMesh: Chunk X=-2 Y=-3 Z=2 FlatVerts=0 SlopeVerts=2592
[+19:43:55.371] VoxelMesh: Chunk X=0 Y=0 Z=0 FlatVerts=0 SlopeVerts=36
[+19:43:55.372] VoxelChunk: GenerateAsync (-1,-1,3)
[+19:43:55.373] VoxelMesh: Chunk X=-1 Y=-1 Z=3 FlatVerts=12 SlopeVerts=4242
[+19:43:55.707] VoxelMesh: Chunk X=0 Y=0 Z=0 FlatVerts=198 SlopeVerts=32742
[+19:43:55.733] VoxelChunk: GenerateAsync (-1,-3,2)
[+19:43:55.734] VoxelMesh: Chunk X=-1 Y=-3 Z=2 FlatVerts=0 SlopeVerts=3492
[+19:43:56.038] VoxelMesh: Chunk X=0 Y=0 Z=0 FlatVerts=3180 SlopeVerts=1362
[+19:43:56.044] VoxelChunk: GenerateAsync (3,2,2)
[+19:43:56.045] VoxelMesh: Chunk X=3 Y=2 Z=2 FlatVerts=0 SlopeVerts=12
[+19:43:56.367] VoxelMesh: Chunk X=0 Y=0 Z=0 FlatVerts=54 SlopeVerts=7170
[+19:43:56.373] VoxelChunk: GenerateAsync (-3,3,2)
[+19:43:56.373] VoxelMesh: Chunk X=-3 Y=3 Z=2 FlatVerts=6 SlopeVerts=1368
[+19:43:56.706] VoxelMesh: Chunk X=0 Y=0 Z=0 FlatVerts=0 SlopeVerts=24
[+19:43:56.707] VoxelChunk: GenerateAsync (-2,3,2)
[+19:43:56.708] VoxelMesh: Chunk X=-2 Y=3 Z=2 FlatVerts=1056 SlopeVerts=3390
[+19:43:57.047] VoxelMesh: Chunk X=0 Y=0 Z=0 FlatVerts=0 SlopeVerts=0
[+19:43:57.048] VoxelChunk: GenerateAsync (-1,3,2)
[+19:43:57.049] VoxelMesh: Chunk X=-1 Y=3 Z=2 FlatVerts=1494 SlopeVerts=1200
[+19:43:57.373] VoxelMesh: Chunk X=0 Y=0 Z=0 FlatVerts=180 SlopeVerts=1428
[+19:43:57.374] VoxelChunk: GenerateAsync (0,3,2)
[+19:43:57.376] VoxelMesh: Chunk X=0 Y=3 Z=2 FlatVerts=1398 SlopeVerts=1296
[+19:43:57.479] VoxelMesh: Chunk X=0 Y=0 Z=0 FlatVerts=1260 SlopeVerts=3678
[+19:43:57.484] VoxelChunk: GenerateAsync (1,3,2)
[+19:43:57.485] VoxelMesh: Chunk X=1 Y=3 Z=2 FlatVerts=1302 SlopeVerts=2742
[+19:43:57.577] VoxelMesh: Chunk X=0 Y=0 Z=0 FlatVerts=2838 SlopeVerts=3324
[+19:43:57.583] VoxelChunk: GenerateAsync (2,3,2)
[+19:43:57.585] VoxelMesh: Chunk X=2 Y=3 Z=2 FlatVerts=30 SlopeVerts=2148
[+19:43:57.679] VoxelMesh: Chunk X=0 Y=0 Z=0 FlatVerts=2334 SlopeVerts=1128
[+19:43:57.683] VoxelChunk: GenerateAsync (3,3,2)
[+19:43:57.685] VoxelMesh: Chunk X=3 Y=3 Z=2 FlatVerts=246 SlopeVerts=4416
[+19:43:57.782] VoxelMesh: Chunk X=0 Y=0 Z=0 FlatVerts=0 SlopeVerts=0
[+19:43:57.782] VoxelChunk: GenerateAsync (-3,-3,3)
[+19:43:57.784] VoxelMesh: Chunk X=-3 Y=-3 Z=3 FlatVerts=0 SlopeVerts=348
[+19:43:57.885] VoxelMesh: Chunk X=0 Y=0 Z=0 FlatVerts=0 SlopeVerts=0
[+19:43:57.886] VoxelChunk: GenerateAsync (2,3,-4)
[+19:43:57.887] VoxelMesh: Chunk X=2 Y=3 Z=-4 FlatVerts=0 SlopeVerts=0
[+19:43:57.991] VoxelMesh: Chunk X=0 Y=0 Z=0 FlatVerts=0 SlopeVerts=0
[+19:43:57.991] VoxelChunk: GenerateAsync (0,-2,-4)
[+19:43:57.992] VoxelMesh: Chunk X=0 Y=-2 Z=-4 FlatVerts=0 SlopeVerts=0
[+19:43:58.093] VoxelMesh: Chunk X=0 Y=0 Z=0 FlatVerts=0 SlopeVerts=0
[+19:43:58.094] VoxelChunk: GenerateAsync (-1,-2,-4)
[+19:43:58.094] VoxelMesh: Chunk X=-1 Y=-2 Z=-4 FlatVerts=0 SlopeVerts=0
[+19:43:58.197] VoxelMesh: Chunk X=0 Y=0 Z=0 FlatVerts=0 SlopeVerts=0
[+19:43:58.197] VoxelChunk: GenerateAsync (-2,2,-4)
[+19:43:58.198] VoxelMesh: Chunk X=-2 Y=2 Z=-4 FlatVerts=0 SlopeVerts=0
[+19:43:58.301] VoxelMesh: Chunk X=0 Y=0 Z=0 FlatVerts=0 SlopeVerts=0
[+19:43:58.301] VoxelChunk: GenerateAsync (-2,-2,-4)
[+19:43:58.302] VoxelMesh: Chunk X=-2 Y=-2 Z=-4 FlatVerts=0 SlopeVerts=0
[+19:43:58.415] VoxelMesh: Chunk X=0 Y=0 Z=0 FlatVerts=0 SlopeVerts=0
[+19:43:58.415] VoxelChunk: GenerateAsync (-3,-2,-4)
[+19:43:58.416] VoxelMesh: Chunk X=-3 Y=-2 Z=-4 FlatVerts=0 SlopeVerts=0
[+19:43:58.521] VoxelMesh: Chunk X=0 Y=0 Z=0 FlatVerts=0 SlopeVerts=0
[+19:43:58.521] VoxelChunk: GenerateAsync (-3,2,-4)
[+19:43:58.522] VoxelMesh: Chunk X=-3 Y=2 Z=-4 FlatVerts=0 SlopeVerts=0
[+19:43:58.624] VoxelMesh: Chunk X=0 Y=0 Z=0 FlatVerts=0 SlopeVerts=0
[+19:43:58.624] VoxelChunk: GenerateAsync (-3,3,-4)
[+19:43:58.625] VoxelMesh: Chunk X=-3 Y=3 Z=-4 FlatVerts=0 SlopeVerts=0
[+19:43:58.723] VoxelMesh: Chunk X=0 Y=0 Z=0 FlatVerts=0 SlopeVerts=0
[+19:43:58.723] VoxelChunk: GenerateAsync (3,-3,-4)
[+19:43:58.725] VoxelMesh: Chunk X=3 Y=-3 Z=-4 FlatVerts=0 SlopeVerts=0
[+19:43:58.825] VoxelMesh: Chunk X=0 Y=0 Z=0 FlatVerts=0 SlopeVerts=0
[+19:43:58.825] VoxelChunk: GenerateAsync (2,-3,-4)
[+19:43:58.826] VoxelMesh: Chunk X=2 Y=-3 Z=-4 FlatVerts=0 SlopeVerts=0
[+19:43:58.927] VoxelMesh: Chunk X=0 Y=0 Z=0 FlatVerts=0 SlopeVerts=0
[+19:43:58.927] VoxelChunk: GenerateAsync (1,-3,-4)
[+19:43:58.928] VoxelMesh: Chunk X=1 Y=-3 Z=-4 FlatVerts=0 SlopeVerts=0
[+19:43:59.031] VoxelMesh: Chunk X=0 Y=0 Z=0 FlatVerts=0 SlopeVerts=0
[+19:43:59.032] VoxelChunk: GenerateAsync (0,-3,-4)
[+19:43:59.032] VoxelMesh: Chunk X=0 Y=-3 Z=-4 FlatVerts=0 SlopeVerts=0
[+19:43:59.135] VoxelMesh: Chunk X=0 Y=0 Z=0 FlatVerts=0 SlopeVerts=0
[+19:43:59.136] VoxelChunk: GenerateAsync (3,1,-4)
[+19:43:59.136] VoxelMesh: Chunk X=3 Y=1 Z=-4 FlatVerts=0 SlopeVerts=0
[+19:43:59.426] VoxelMesh: Chunk X=0 Y=0 Z=0 FlatVerts=0 SlopeVerts=0
[+19:43:59.426] VoxelChunk: GenerateAsync (2,1,-4)
[+19:43:59.427] VoxelMesh: Chunk X=2 Y=1 Z=-4 FlatVerts=0 SlopeVerts=0
[+19:43:59.514] VoxelMesh: Chunk X=0 Y=0 Z=0 FlatVerts=0 SlopeVerts=0
[+19:43:59.514] VoxelChunk: GenerateAsync (3,2,-4)
[+19:43:59.515] VoxelMesh: Chunk X=3 Y=2 Z=-4 FlatVerts=0 SlopeVerts=0
[+19:43:59.620] VoxelMesh: Chunk X=0 Y=0 Z=0 FlatVerts=0 SlopeVerts=0
[+19:43:59.620] VoxelChunk: GenerateAsync (-1,3,-4)
[+19:43:59.622] VoxelMesh: Chunk X=-1 Y=3 Z=-4 FlatVerts=0 SlopeVerts=0
[+19:43:59.724] VoxelMesh: Chunk X=0 Y=0 Z=0 FlatVerts=0 SlopeVerts=0
[+19:43:59.725] VoxelChunk: GenerateAsync (3,0,-4)
[+19:43:59.726] VoxelMesh: Chunk X=3 Y=0 Z=-4 FlatVerts=0 SlopeVerts=0
[+19:43:59.831] VoxelMesh: Chunk X=0 Y=0 Z=0 FlatVerts=0 SlopeVerts=0
[+19:43:59.831] VoxelChunk: GenerateAsync (2,2,-4)
[+19:43:59.832] VoxelMesh: Chunk X=2 Y=2 Z=-4 FlatVerts=0 SlopeVerts=0
[+19:43:59.938] VoxelMesh: Chunk X=0 Y=0 Z=0 FlatVerts=0 SlopeVerts=0
[+19:43:59.938] VoxelChunk: GenerateAsync (2,0,-4)
[+19:43:59.940] VoxelMesh: Chunk X=2 Y=0 Z=-4 FlatVerts=0 SlopeVerts=0
[+19:44:00.078] VoxelMesh: Chunk X=0 Y=0 Z=0 FlatVerts=0 SlopeVerts=0
[+19:44:00.078] VoxelChunk: GenerateAsync (1,0,-4)
[+19:44:00.080] VoxelMesh: Chunk X=1 Y=0 Z=-4 FlatVerts=0 SlopeVerts=0
[+19:44:00.169] VoxelMesh: Chunk X=0 Y=0 Z=0 FlatVerts=0 SlopeVerts=0
[+19:44:00.169] VoxelChunk: GenerateAsync (1,1,-4)
[+19:44:00.171] VoxelMesh: Chunk X=1 Y=1 Z=-4 FlatVerts=0 SlopeVerts=0
[+19:44:00.266] VoxelMesh: Chunk X=0 Y=0 Z=0 FlatVerts=0 SlopeVerts=0
[+19:44:00.266] VoxelChunk: GenerateAsync (0,0,-4)
[+19:44:00.268] VoxelMesh: Chunk X=0 Y=0 Z=-4 FlatVerts=0 SlopeVerts=0
[+19:44:00.371] VoxelMesh: Chunk X=0 Y=0 Z=0 FlatVerts=0 SlopeVerts=0
[+19:44:00.372] VoxelChunk: GenerateAsync (-1,0,-4)
[+19:44:00.373] VoxelMesh: Chunk X=-1 Y=0 Z=-4 FlatVerts=0 SlopeVerts=0
[+19:44:00.477] VoxelMesh: Chunk X=0 Y=0 Z=0 FlatVerts=0 SlopeVerts=0
[+19:44:00.477] VoxelChunk: GenerateAsync (0,1,-4)
[+19:44:00.478] VoxelMesh: Chunk X=0 Y=1 Z=-4 FlatVerts=0 SlopeVerts=0
[+19:44:00.580] VoxelMesh: Chunk X=0 Y=0 Z=0 FlatVerts=0 SlopeVerts=0
[+19:44:00.580] VoxelChunk: GenerateAsync (1,2,-4)
[+19:44:00.582] VoxelMesh: Chunk X=1 Y=2 Z=-4 FlatVerts=0 SlopeVerts=0
[+19:44:00.687] VoxelMesh: Chunk X=0 Y=0 Z=0 FlatVerts=0 SlopeVerts=0
[+19:44:00.687] VoxelChunk: GenerateAsync (-2,3,-4)
[+19:44:00.688] VoxelMesh: Chunk X=-2 Y=3 Z=-4 FlatVerts=0 SlopeVerts=0
[+19:44:00.917] VoxelWater: No owner or OceanPlaneMesh, skipping ocean.
[+19:44:00.917] VoxelWorld: GenerateWorldDeferred started.
[+19:44:00.917] VoxelWorld: Queued 441 chunks.
[+19:44:00.946] VoxelMesh: Chunk X=0 Y=0 Z=0 FlatVerts=5988 SlopeVerts=10350
[+19:44:00.948] VoxelChunk: GenerateAsync (0,0,0)
[+19:44:00.948] VoxelMesh: Chunk X=0 Y=0 Z=0 FlatVerts=144 SlopeVerts=132
[+19:44:00.953] VoxelMesh: Chunk X=0 Y=0 Z=0 FlatVerts=3600 SlopeVerts=13656
[+19:44:00.954] VoxelChunk: GenerateAsync (1,0,0)
[+19:44:00.955] VoxelMesh: Chunk X=1 Y=0 Z=0 FlatVerts=2484 SlopeVerts=174
[+19:44:00.959] VoxelMesh: Chunk X=0 Y=0 Z=0 FlatVerts=1476 SlopeVerts=876
[+19:44:00.960] VoxelChunk: GenerateAsync (0,-1,-1)
[+19:44:00.964] VoxelMesh: Chunk X=0 Y=-1 Z=-1 FlatVerts=0 SlopeVerts=0
[+19:44:00.966] VoxelMesh: Chunk X=0 Y=0 Z=0 FlatVerts=156 SlopeVerts=96
[+19:44:00.966] VoxelChunk: GenerateAsync (1,-1,-1)
[+19:44:00.967] VoxelMesh: Chunk X=1 Y=-1 Z=-1 FlatVerts=0 SlopeVerts=0
[+19:44:01.060] VoxelMesh: Chunk X=0 Y=0 Z=0 FlatVerts=4920 SlopeVerts=1614
[+19:44:01.062] VoxelChunk: GenerateAsync (-1,-1,-1)
[+19:44:01.072] VoxelMesh: Chunk X=-1 Y=-1 Z=-1 FlatVerts=0 SlopeVerts=0
[+19:44:01.077] VoxelMesh: Chunk X=0 Y=0 Z=0 FlatVerts=9000 SlopeVerts=2982
[+19:44:01.079] VoxelChunk: GenerateAsync (-1,0,0)
[+19:44:01.088] VoxelMesh: Chunk X=0 Y=0 Z=0 FlatVerts=8106 SlopeVerts=6354
[+19:44:01.088] VoxelMesh: Chunk X=-1 Y=0 Z=0 FlatVerts=0 SlopeVerts=0
[+19:44:01.091] VoxelChunk: GenerateAsync (1,1,0)
[+19:44:01.093] VoxelMesh: Chunk X=1 Y=1 Z=0 FlatVerts=2514 SlopeVerts=0
[+19:44:01.102] VoxelMesh: Chunk X=0 Y=0 Z=0 FlatVerts=900 SlopeVerts=11400
[+19:44:01.103] VoxelChunk: GenerateAsync (1,-1,0)
[+19:44:01.107] VoxelMesh: Chunk X=1 Y=-1 Z=0 FlatVerts=84 SlopeVerts=42
[+19:44:01.134] VoxelMesh: Chunk X=0 Y=0 Z=0 FlatVerts=0 SlopeVerts=0
[+19:44:01.134] VoxelChunk: GenerateAsync (1,3,-4)
[+19:44:01.141] VoxelMesh: Chunk X=1 Y=3 Z=-4 FlatVerts=0 SlopeVerts=0
[+19:44:01.160] VoxelMesh: Chunk X=0 Y=0 Z=0 FlatVerts=0 SlopeVerts=0
[+19:44:01.161] VoxelChunk: GenerateAsync (-1,1,1)
[+19:44:01.173] VoxelMesh: Chunk X=0 Y=0 Z=0 FlatVerts=9804 SlopeVerts=2352
[+19:44:01.174] VoxelMesh: Chunk X=-1 Y=1 Z=1 FlatVerts=24 SlopeVerts=3072
[+19:44:01.177] VoxelChunk: GenerateAsync (0,1,0)
[+19:44:01.188] VoxelMesh: Chunk X=0 Y=0 Z=0 FlatVerts=9636 SlopeVerts=678
[+19:44:01.190] VoxelMesh: Chunk X=0 Y=1 Z=0 FlatVerts=1788 SlopeVerts=318
[+19:44:01.191] VoxelChunk: GenerateAsync (0,1,-1)
[+19:44:01.194] VoxelMesh: Chunk X=0 Y=1 Z=-1 FlatVerts=0 SlopeVerts=0
[+19:44:01.202] VoxelMesh: Chunk X=0 Y=0 Z=0 FlatVerts=6012 SlopeVerts=9102
[+19:44:01.204] VoxelChunk: GenerateAsync (-1,-1,0)
[+19:44:01.219] VoxelMesh: Chunk X=-1 Y=-1 Z=0 FlatVerts=0 SlopeVerts=0
[+19:44:01.237] VoxelMesh: Chunk X=0 Y=0 Z=0 FlatVerts=8916 SlopeVerts=882
[+19:44:01.239] VoxelChunk: GenerateAsync (-1,0,-1)
[+19:44:01.249] VoxelMesh: Chunk X=-1 Y=0 Z=-1 FlatVerts=0 SlopeVerts=0
[+19:44:01.254] VoxelMesh: Chunk X=0 Y=0 Z=0 FlatVerts=1608 SlopeVerts=20910
[+19:44:01.257] VoxelChunk: GenerateAsync (1,0,1)
[+19:44:01.265] VoxelMesh: Chunk X=1 Y=0 Z=1 FlatVerts=138 SlopeVerts=186
[+19:44:01.271] VoxelMesh: Chunk X=0 Y=0 Z=0 FlatVerts=648 SlopeVerts=25776
[+19:44:01.274] VoxelChunk: GenerateAsync (1,-1,1)
[+19:44:01.279] VoxelMesh: Chunk X=1 Y=-1 Z=1 FlatVerts=1296 SlopeVerts=2550
[+19:44:01.286] VoxelMesh: Chunk X=0 Y=0 Z=0 FlatVerts=10458 SlopeVerts=30
[+19:44:01.289] VoxelChunk: GenerateAsync (-1,1,0)
[+19:44:01.294] VoxelMesh: Chunk X=-1 Y=1 Z=0 FlatVerts=156 SlopeVerts=264
[+19:44:01.317] VoxelMesh: Chunk X=0 Y=0 Z=0 FlatVerts=0 SlopeVerts=0
[+19:44:01.317] VoxelChunk: GenerateAsync (-1,1,-4)
[+19:44:01.324] VoxelMesh: Chunk X=-1 Y=1 Z=-4 FlatVerts=0 SlopeVerts=0
[+19:44:01.330] VoxelMesh: Chunk X=0 Y=0 Z=0 FlatVerts=2346 SlopeVerts=13482
[+19:44:01.333] VoxelChunk: GenerateAsync (0,-1,0)
[+19:44:01.337] VoxelMesh: Chunk X=0 Y=-1 Z=0 FlatVerts=0 SlopeVerts=0
[+19:44:01.340] VoxelMesh: Chunk X=0 Y=0 Z=0 FlatVerts=10458 SlopeVerts=30
[+19:44:01.344] VoxelChunk: GenerateAsync (-1,1,-1)
[+19:44:01.353] VoxelMesh: Chunk X=0 Y=0 Z=0 FlatVerts=5424 SlopeVerts=1548
[+19:44:01.353] VoxelMesh: Chunk X=-1 Y=1 Z=-1 FlatVerts=0 SlopeVerts=0
[+19:44:01.355] VoxelChunk: GenerateAsync (0,0,-1)
[+19:44:01.358] VoxelMesh: Chunk X=0 Y=0 Z=-1 FlatVerts=0 SlopeVerts=0
[+19:44:01.362] VoxelMesh: Chunk X=0 Y=0 Z=0 FlatVerts=7056 SlopeVerts=1260
[+19:44:01.364] VoxelChunk: GenerateAsync (1,1,-1)
[+19:44:01.364] VoxelMesh: Chunk X=1 Y=1 Z=-1 FlatVerts=0 SlopeVerts=0
[+19:44:01.384] VoxelMesh: Chunk X=0 Y=0 Z=0 FlatVerts=1836 SlopeVerts=1032
[+19:44:01.385] VoxelChunk: GenerateAsync (1,0,-1)
[+19:44:01.385] VoxelMesh: Chunk X=1 Y=0 Z=-1 FlatVerts=0 SlopeVerts=0
[+19:44:01.391] VoxelMesh: Chunk X=0 Y=0 Z=0 FlatVerts=990 SlopeVerts=5526
[+19:44:01.392] VoxelChunk: GenerateAsync (1,1,1)
[+19:44:01.397] VoxelMesh: Chunk X=1 Y=1 Z=1 FlatVerts=0 SlopeVerts=0
[+19:44:01.398] VoxelMesh: Chunk X=0 Y=0 Z=0 FlatVerts=144 SlopeVerts=1698
[+19:44:01.399] VoxelChunk: GenerateAsync (0,1,1)
[+19:44:01.401] VoxelMesh: Chunk X=0 Y=1 Z=1 FlatVerts=222 SlopeVerts=600
[+19:44:01.406] VoxelMesh: Chunk X=0 Y=0 Z=0 FlatVerts=456 SlopeVerts=10890
[+19:44:01.406] VoxelChunk: GenerateAsync (0,0,1)
[+19:44:01.408] VoxelMesh: Chunk X=0 Y=0 Z=1 FlatVerts=690 SlopeVerts=3588
[+19:44:01.421] VoxelMesh: Chunk X=0 Y=0 Z=0 FlatVerts=0 SlopeVerts=0
[+19:44:01.421] VoxelChunk: GenerateAsync (-2,0,-4)
[+19:44:01.422] VoxelMesh: Chunk X=-2 Y=0 Z=-4 FlatVerts=0 SlopeVerts=0
[+19:44:01.434] VoxelMesh: Chunk X=0 Y=0 Z=0 FlatVerts=54 SlopeVerts=2202
[+19:44:01.434] VoxelChunk: GenerateAsync (-1,0,1)
[+19:44:01.435] VoxelMesh: Chunk X=-1 Y=0 Z=1 FlatVerts=0 SlopeVerts=84
[+19:44:01.440] VoxelMesh: Chunk X=0 Y=0 Z=0 FlatVerts=792 SlopeVerts=22026
[+19:44:01.442] VoxelChunk: GenerateAsync (0,-1,1)
[+19:44:01.444] VoxelMesh: Chunk X=0 Y=-1 Z=1 FlatVerts=36 SlopeVerts=2340
[+19:44:01.449] VoxelMesh: Chunk X=0 Y=0 Z=0 FlatVerts=1050 SlopeVerts=10668
[+19:44:01.450] VoxelChunk: GenerateAsync (-1,-1,1)
[+19:44:01.452] VoxelMesh: Chunk X=-1 Y=-1 Z=1 FlatVerts=0 SlopeVerts=0
[+19:44:01.459] VoxelMesh: Chunk X=0 Y=0 Z=0 FlatVerts=6 SlopeVerts=15186
[+19:44:01.460] VoxelChunk: GenerateAsync (0,-1,2)
[+19:44:01.461] VoxelMesh: Chunk X=0 Y=-1 Z=2 FlatVerts=396 SlopeVerts=3870
[+19:44:01.477] VoxelMesh: Chunk X=0 Y=0 Z=0 FlatVerts=6 SlopeVerts=3168
[+19:44:01.477] VoxelChunk: GenerateAsync (-1,-1,2)
[+19:44:01.480] VoxelMesh: Chunk X=-1 Y=-1 Z=2 FlatVerts=90 SlopeVerts=1260
[+19:44:01.483] VoxelMesh: Chunk X=0 Y=0 Z=0 FlatVerts=0 SlopeVerts=0
[+19:44:01.483] VoxelChunk: GenerateAsync (-2,1,2)
[+19:44:01.485] VoxelMesh: Chunk X=-2 Y=1 Z=2 FlatVerts=30 SlopeVerts=1836
[+19:44:01.489] VoxelMesh: Chunk X=0 Y=0 Z=0 FlatVerts=0 SlopeVerts=0
[+19:44:01.489] VoxelChunk: GenerateAsync (-2,-1,2)
[+19:44:01.491] VoxelMesh: Chunk X=-2 Y=-1 Z=2 FlatVerts=204 SlopeVerts=2970
[+19:44:01.496] VoxelMesh: Chunk X=0 Y=0 Z=0 FlatVerts=78 SlopeVerts=26808
[+19:44:01.498] VoxelChunk: GenerateAsync (2,-2,2)
[+19:44:01.499] VoxelMesh: Chunk X=2 Y=-2 Z=2 FlatVerts=0 SlopeVerts=3672
[+19:44:01.514] VoxelMesh: Chunk X=0 Y=0 Z=0 FlatVerts=270 SlopeVerts=19860
[+19:44:01.517] VoxelChunk: GenerateAsync (2,0,2)
[+19:44:01.519] VoxelMesh: Chunk X=2 Y=0 Z=2 FlatVerts=0 SlopeVerts=0
[+19:44:01.523] VoxelMesh: Chunk X=0 Y=0 Z=0 FlatVerts=252 SlopeVerts=2622
[+19:44:01.524] VoxelChunk: GenerateAsync (2,1,2)
[+19:44:01.526] VoxelMesh: Chunk X=2 Y=1 Z=2 FlatVerts=0 SlopeVerts=1722
[+19:44:01.532] VoxelMesh: Chunk X=0 Y=0 Z=0 FlatVerts=18 SlopeVerts=25014
[+19:44:01.534] VoxelChunk: GenerateAsync (1,-2,2)
[+19:44:01.536] VoxelMesh: Chunk X=1 Y=-2 Z=2 FlatVerts=168 SlopeVerts=3174
[+19:44:01.542] VoxelMesh: Chunk X=0 Y=0 Z=0 FlatVerts=36 SlopeVerts=26808
[+19:44:01.543] VoxelChunk: GenerateAsync (0,-2,2)
[+19:44:01.545] VoxelMesh: Chunk X=0 Y=-2 Z=2 FlatVerts=96 SlopeVerts=2754
[+19:44:01.558] VoxelMesh: Chunk X=0 Y=0 Z=0 FlatVerts=0 SlopeVerts=0
[+19:44:01.559] VoxelChunk: GenerateAsync (-3,0,-4)
[+19:44:01.559] VoxelMesh: Chunk X=-3 Y=0 Z=-4 FlatVerts=0 SlopeVerts=0
[+19:44:01.567] VoxelMesh: Chunk X=0 Y=0 Z=0 FlatVerts=0 SlopeVerts=0
[+19:44:01.567] VoxelChunk: GenerateAsync (-2,1,1)
[+19:44:01.569] VoxelMesh: Chunk X=-2 Y=1 Z=1 FlatVerts=0 SlopeVerts=0
[+19:44:01.573] VoxelMesh: Chunk X=0 Y=0 Z=0 FlatVerts=1734 SlopeVerts=24360
[+19:44:01.574] VoxelChunk: GenerateAsync (2,0,1)
[+19:44:01.575] VoxelMesh: Chunk X=2 Y=0 Z=1 FlatVerts=0 SlopeVerts=0
[+19:44:01.582] VoxelMesh: Chunk X=0 Y=0 Z=0 FlatVerts=0 SlopeVerts=10548
[+19:44:01.582] VoxelChunk: GenerateAsync (1,0,2)
[+19:44:01.584] VoxelMesh: Chunk X=1 Y=0 Z=2 FlatVerts=0 SlopeVerts=0
[+19:44:01.590] VoxelMesh: Chunk X=0 Y=0 Z=0 FlatVerts=48 SlopeVerts=16752
[+19:44:01.592] VoxelChunk: GenerateAsync (-1,-2,2)
[+19:44:01.593] VoxelMesh: Chunk X=-1 Y=-2 Z=2 FlatVerts=198 SlopeVerts=5094
[+19:44:01.598] VoxelMesh: Chunk X=0 Y=0 Z=0 FlatVerts=5052 SlopeVerts=13686
[+19:44:01.599] VoxelChunk: GenerateAsync (-13,-9,1)
[+19:44:01.601] VoxelMesh: Chunk X=-13 Y=-9 Z=1 FlatVerts=312 SlopeVerts=1302
[+19:44:01.605] VoxelMesh: Chunk X=0 Y=0 Z=0 FlatVerts=6 SlopeVerts=354
[+19:44:01.607] VoxelChunk: GenerateAsync (-13,-9,3)
[+19:44:01.611] VoxelMesh: Chunk X=-13 Y=-9 Z=3 FlatVerts=0 SlopeVerts=2994
[+19:44:01.614] VoxelMesh: Chunk X=0 Y=0 Z=0 FlatVerts=1320 SlopeVerts=12396
[+19:44:01.615] VoxelChunk: GenerateAsync (-13,-9,2)
[+19:44:01.617] VoxelMesh: Chunk X=-13 Y=-9 Z=2 FlatVerts=0 SlopeVerts=2970
[+19:44:01.621] VoxelMesh: Chunk X=0 Y=0 Z=0 FlatVerts=2280 SlopeVerts=22230
[+19:44:01.623] VoxelChunk: GenerateAsync (-13,-8,1)
[+19:44:01.626] VoxelMesh: Chunk X=-13 Y=-8 Z=1 FlatVerts=1332 SlopeVerts=1542
[+19:44:01.631] VoxelMesh: Chunk X=0 Y=0 Z=0 FlatVerts=18 SlopeVerts=720
[+19:44:01.631] VoxelChunk: GenerateAsync (-13,-8,3)
[+19:44:01.633] VoxelMesh: Chunk X=-13 Y=-8 Z=3 FlatVerts=0 SlopeVerts=18
[+19:44:01.638] VoxelMesh: Chunk X=0 Y=0 Z=0 FlatVerts=1488 SlopeVerts=20490
[+19:44:01.640] VoxelChunk: GenerateAsync (-13,-8,2)
[+19:44:01.641] VoxelMesh: Chunk X=-13 Y=-8 Z=2 FlatVerts=0 SlopeVerts=768
[+19:44:01.645] VoxelMesh: Chunk X=0 Y=0 Z=0 FlatVerts=4392 SlopeVerts=13728
[+19:44:01.647] VoxelChunk: GenerateAsync (-13,-7,1)
[+19:44:01.647] VoxelMesh: Chunk X=-13 Y=-7 Z=1 FlatVerts=750 SlopeVerts=456
[+19:44:01.654] VoxelMesh: Chunk X=0 Y=0 Z=0 FlatVerts=12 SlopeVerts=366
[+19:44:01.655] VoxelChunk: GenerateAsync (-13,-7,3)
[+19:44:01.657] VoxelMesh: Chunk X=-13 Y=-7 Z=3 FlatVerts=0 SlopeVerts=0
[+19:44:01.662] VoxelMesh: Chunk X=0 Y=0 Z=0 FlatVerts=564 SlopeVerts=9594
[+19:44:01.664] VoxelChunk: GenerateAsync (-13,-7,2)
[+19:44:01.667] VoxelMesh: Chunk X=-13 Y=-7 Z=2 FlatVerts=612 SlopeVerts=2682
[+19:44:01.668] VoxelMesh: Chunk X=0 Y=0 Z=0 FlatVerts=3528 SlopeVerts=18474
[+19:44:01.671] VoxelChunk: GenerateAsync (-12,-9,1)
[+19:44:01.674] VoxelMesh: Chunk X=-12 Y=-9 Z=1 FlatVerts=0 SlopeVerts=0
[+19:44:01.679] VoxelMesh: Chunk X=0 Y=0 Z=0 FlatVerts=0 SlopeVerts=534
[+19:44:01.680] VoxelChunk: GenerateAsync (-12,-9,3)
[+19:44:01.681] VoxelMesh: Chunk X=-12 Y=-9 Z=3 FlatVerts=0 SlopeVerts=456
[+19:44:01.687] VoxelMesh: Chunk X=0 Y=0 Z=0 FlatVerts=1536 SlopeVerts=16806
[+19:44:01.688] VoxelChunk: GenerateAsync (-12,-9,2)
[+19:44:01.689] VoxelMesh: Chunk X=-12 Y=-9 Z=2 FlatVerts=0 SlopeVerts=0
[+19:44:01.694] VoxelMesh: Chunk X=0 Y=0 Z=0 FlatVerts=2502 SlopeVerts=21654
[+19:44:01.697] VoxelChunk: GenerateAsync (-12,-8,1)
[+19:44:01.698] VoxelMesh: Chunk X=-12 Y=-8 Z=1 FlatVerts=186 SlopeVerts=2148
[+19:44:01.704] VoxelMesh: Chunk X=0 Y=0 Z=0 FlatVerts=0 SlopeVerts=36
[+19:44:01.705] VoxelChunk: GenerateAsync (-12,-8,3)
[+19:44:01.707] VoxelMesh: Chunk X=-12 Y=-8 Z=3 FlatVerts=0 SlopeVerts=2334
[+19:44:01.713] VoxelMesh: Chunk X=0 Y=0 Z=0 FlatVerts=1782 SlopeVerts=18588
[+19:44:01.715] VoxelChunk: GenerateAsync (-12,-8,2)
[+19:44:01.716] VoxelMesh: Chunk X=-12 Y=-8 Z=2 FlatVerts=0 SlopeVerts=2508
[+19:44:01.721] VoxelMesh: Chunk X=0 Y=0 Z=0 FlatVerts=3972 SlopeVerts=14880
[+19:44:01.723] VoxelChunk: GenerateAsync (-12,-7,1)
[+19:44:01.723] VoxelMesh: Chunk X=-12 Y=-7 Z=1 FlatVerts=342 SlopeVerts=1302
[+19:44:01.730] VoxelMesh: Chunk X=0 Y=0 Z=0 FlatVerts=0 SlopeVerts=0
[+19:44:01.731] VoxelChunk: GenerateAsync (-12,-7,3)
[+19:44:01.733] VoxelMesh: Chunk X=-12 Y=-7 Z=3 FlatVerts=0 SlopeVerts=0
[+19:44:01.738] VoxelMesh: Chunk X=0 Y=0 Z=0 FlatVerts=942 SlopeVerts=9240
[+19:44:01.739] VoxelChunk: GenerateAsync (-12,-7,2)
[+19:44:01.742] VoxelMesh: Chunk X=-12 Y=-7 Z=2 FlatVerts=594 SlopeVerts=2940
[+19:44:01.744] VoxelMesh: Chunk X=0 Y=0 Z=0 FlatVerts=1356 SlopeVerts=20916
[+19:44:01.747] VoxelChunk: GenerateAsync (-11,-9,1)
[+19:44:01.749] VoxelMesh: Chunk X=-11 Y=-9 Z=1 FlatVerts=0 SlopeVerts=162
[+19:44:01.754] VoxelMesh: Chunk X=0 Y=0 Z=0 FlatVerts=54 SlopeVerts=5598
[+19:44:01.755] VoxelChunk: GenerateAsync (-11,-9,3)
[+19:44:01.756] VoxelMesh: Chunk X=-11 Y=-9 Z=3 FlatVerts=0 SlopeVerts=2118
[+19:44:01.761] VoxelMesh: Chunk X=0 Y=0 Z=0 FlatVerts=1110 SlopeVerts=24762
[+19:44:01.765] VoxelChunk: GenerateAsync (-11,-9,2)
[+19:44:01.766] VoxelMesh: Chunk X=-11 Y=-9 Z=2 FlatVerts=0 SlopeVerts=960
[+19:44:01.771] VoxelMesh: Chunk X=0 Y=0 Z=0 FlatVerts=1656 SlopeVerts=25416
[+19:44:01.774] VoxelChunk: GenerateAsync (-11,-8,1)
[+19:44:01.775] VoxelMesh: Chunk X=-11 Y=-8 Z=1 FlatVerts=684 SlopeVerts=1584
[+19:44:01.781] VoxelMesh: Chunk X=0 Y=0 Z=0 FlatVerts=0 SlopeVerts=258
[+19:44:01.782] VoxelChunk: GenerateAsync (-11,-8,3)
[+19:44:01.784] VoxelMesh: Chunk X=-11 Y=-8 Z=3 FlatVerts=0 SlopeVerts=1458
[+19:44:01.789] VoxelMesh: Chunk X=0 Y=0 Z=0 FlatVerts=1146 SlopeVerts=21294
[+19:44:01.791] VoxelChunk: GenerateAsync (-11,-8,2)
[+19:44:01.794] VoxelMesh: Chunk X=-11 Y=-8 Z=2 FlatVerts=0 SlopeVerts=2358
[+19:44:01.797] VoxelMesh: Chunk X=0 Y=0 Z=0 FlatVerts=2004 SlopeVerts=23316
[+19:44:01.800] VoxelChunk: GenerateAsync (-11,-7,1)
[+19:44:01.801] VoxelMesh: Chunk X=-11 Y=-7 Z=1 FlatVerts=1572 SlopeVerts=996
[+19:44:01.806] VoxelMesh: Chunk X=0 Y=0 Z=0 FlatVerts=30 SlopeVerts=1908
[+19:44:01.808] VoxelChunk: GenerateAsync (-11,-7,3)
[+19:44:01.810] VoxelMesh: Chunk X=-11 Y=-7 Z=3 FlatVerts=0 SlopeVerts=0
[+19:44:01.815] VoxelMesh: Chunk X=0 Y=0 Z=0 FlatVerts=744 SlopeVerts=19398
[+19:44:01.817] VoxelChunk: GenerateAsync (-11,-7,2)
[+19:44:01.819] VoxelMesh: Chunk X=-11 Y=-7 Z=2 FlatVerts=0 SlopeVerts=0
[+19:44:01.861] VoxelMesh: Chunk X=-1 Y=-2 Z=2 FlatVerts=0 SlopeVerts=2334
[+19:44:01.862] VoxelChunk: GenerateAsync (-2,-2,2)
[+19:44:01.863] VoxelMesh: Chunk X=1 Y=0 Z=2 FlatVerts=0 SlopeVerts=0
[+19:44:01.863] VoxelChunk: GenerateAsync (-2,0,1)
[+19:44:01.864] VoxelMesh: Chunk X=-2 Y=-2 Z=2 FlatVerts=0 SlopeVerts=2334
[+19:44:01.864] VoxelMesh: Chunk X=-2 Y=0 Z=1 FlatVerts=0 SlopeVerts=0
[+19:44:01.865] VoxelMesh: Chunk X=2 Y=0 Z=1 FlatVerts=108 SlopeVerts=1128
[+19:44:01.865] VoxelChunk: GenerateAsync (2,-1,1)
[+19:44:01.867] VoxelMesh: Chunk X=-2 Y=1 Z=1 FlatVerts=0 SlopeVerts=930
[+19:44:01.867] VoxelMesh: Chunk X=2 Y=-1 Z=1 FlatVerts=108 SlopeVerts=1128
[+19:44:01.867] VoxelChunk: GenerateAsync (0,0,2)
[+19:44:01.868] VoxelMesh: Chunk X=0 Y=0 Z=2 FlatVerts=0 SlopeVerts=930
[+19:44:01.881] VoxelMesh: Chunk X=0 Y=0 Z=0 FlatVerts=0 SlopeVerts=0
[+19:44:01.882] VoxelChunk: GenerateAsync (-2,1,-4)
[+19:44:01.883] VoxelMesh: Chunk X=-2 Y=1 Z=-4 FlatVerts=0 SlopeVerts=0
[+19:44:01.884] VoxelMesh: Chunk X=0 Y=-2 Z=2 FlatVerts=0 SlopeVerts=0
[+19:44:01.885] VoxelChunk: GenerateAsync (1,1,2)
[+19:44:01.886] VoxelMesh: Chunk X=1 Y=-2 Z=2 FlatVerts=0 SlopeVerts=114
[+19:44:01.886] VoxelMesh: Chunk X=1 Y=1 Z=2 FlatVerts=0 SlopeVerts=0
[+19:44:01.886] VoxelChunk: GenerateAsync (-1,2,2)
[+19:44:01.888] VoxelMesh: Chunk X=2 Y=1 Z=2 FlatVerts=0 SlopeVerts=0
[+19:44:01.888] VoxelChunk: GenerateAsync (-2,-1,1)
[+19:44:01.889] VoxelMesh: Chunk X=-1 Y=2 Z=2 FlatVerts=0 SlopeVerts=114
[+19:44:01.889] VoxelMesh: Chunk X=2 Y=0 Z=2 FlatVerts=228 SlopeVerts=2958
[+19:44:01.889] VoxelMesh: Chunk X=-2 Y=-1 Z=1 FlatVerts=0 SlopeVerts=0
[+19:44:01.889] VoxelChunk: GenerateAsync (2,-2,1)
[+19:44:01.891] VoxelMesh: Chunk X=2 Y=-2 Z=1 FlatVerts=228 SlopeVerts=2958
[+19:44:01.897] VoxelMesh: Chunk X=2 Y=-2 Z=2 FlatVerts=0 SlopeVerts=672
[+19:44:01.898] VoxelChunk: GenerateAsync (2,2,1)
[+19:44:01.899] VoxelMesh: Chunk X=-2 Y=-1 Z=2 FlatVerts=132 SlopeVerts=2694
[+19:44:01.900] VoxelChunk: GenerateAsync (1,2,1)
[+19:44:01.901] VoxelMesh: Chunk X=2 Y=2 Z=1 FlatVerts=0 SlopeVerts=672
[+19:44:01.901] VoxelMesh: Chunk X=-2 Y=1 Z=2 FlatVerts=36 SlopeVerts=2820
[+19:44:01.901] VoxelMesh: Chunk X=1 Y=2 Z=1 FlatVerts=132 SlopeVerts=2694
[+19:44:01.901] VoxelChunk: GenerateAsync (-1,0,2)
[+19:44:01.902] VoxelMesh: Chunk X=-1 Y=-1 Z=2 FlatVerts=1284 SlopeVerts=0
[+19:44:01.903] VoxelMesh: Chunk X=-1 Y=0 Z=2 FlatVerts=36 SlopeVerts=2820
[+19:44:01.903] VoxelChunk: GenerateAsync (0,2,1)
[+19:44:01.904] VoxelMesh: Chunk X=0 Y=2 Z=1 FlatVerts=1284 SlopeVerts=0
[+19:44:01.912] VoxelMesh: Chunk X=0 Y=-1 Z=2 FlatVerts=798 SlopeVerts=1308
[+19:44:01.912] VoxelChunk: GenerateAsync (-1,2,1)
[+19:44:01.914] VoxelMesh: Chunk X=-1 Y=-1 Z=1 FlatVerts=108 SlopeVerts=2652
[+19:44:01.914] VoxelMesh: Chunk X=-1 Y=2 Z=1 FlatVerts=798 SlopeVerts=1308
[+19:44:01.914] VoxelChunk: GenerateAsync (-2,0,2)
[+19:44:01.916] VoxelMesh: Chunk X=0 Y=-1 Z=1 FlatVerts=0 SlopeVerts=0
[+19:44:01.916] VoxelMesh: Chunk X=-2 Y=0 Z=2 FlatVerts=108 SlopeVerts=2652
[+19:44:01.916] VoxelChunk: GenerateAsync (0,1,2)
[+19:44:01.918] VoxelMesh: Chunk X=-1 Y=0 Z=1 FlatVerts=0 SlopeVerts=1560
[+19:44:01.918] VoxelChunk: GenerateAsync (2,2,2)
[+19:44:01.918] VoxelMesh: Chunk X=0 Y=1 Z=2 FlatVerts=0 SlopeVerts=0
[+19:44:01.919] VoxelMesh: Chunk X=2 Y=2 Z=2 FlatVerts=0 SlopeVerts=1560
[+19:44:01.927] VoxelMesh: Chunk X=0 Y=0 Z=1 FlatVerts=0 SlopeVerts=0
[+19:44:01.927] VoxelChunk: GenerateAsync (2,-1,2)
[+19:44:01.929] VoxelMesh: Chunk X=0 Y=1 Z=1 FlatVerts=24 SlopeVerts=306
[+19:44:01.929] VoxelChunk: GenerateAsync (1,-1,2)
[+19:44:01.930] VoxelMesh: Chunk X=2 Y=-1 Z=2 FlatVerts=0 SlopeVerts=0
[+19:44:01.931] VoxelMesh: Chunk X=1 Y=1 Z=1 FlatVerts=78 SlopeVerts=4026
[+19:44:01.931] VoxelMesh: Chunk X=1 Y=-1 Z=2 FlatVerts=24 SlopeVerts=306
[+19:44:01.932] VoxelChunk: GenerateAsync (-1,1,2)
[+19:44:01.932] VoxelMesh: Chunk X=1 Y=0 Z=-1 FlatVerts=0 SlopeVerts=2922
[+19:44:01.933] VoxelChunk: GenerateAsync (-2,2,2)
[+19:44:01.933] VoxelMesh: Chunk X=-1 Y=1 Z=2 FlatVerts=78 SlopeVerts=4026
[+19:44:01.934] VoxelMesh: Chunk X=-2 Y=2 Z=2 FlatVerts=0 SlopeVerts=2922
[+19:44:01.942] VoxelMesh: Chunk X=1 Y=1 Z=-1 FlatVerts=0 SlopeVerts=0
[+19:44:01.942] VoxelChunk: GenerateAsync (0,2,2)
[+19:44:01.943] VoxelMesh: Chunk X=0 Y=0 Z=-1 FlatVerts=0 SlopeVerts=1476
[+19:44:01.943] VoxelChunk: GenerateAsync (1,2,2)
[+19:44:01.944] VoxelMesh: Chunk X=0 Y=2 Z=2 FlatVerts=0 SlopeVerts=0
[+19:44:01.944] VoxelMesh: Chunk X=-1 Y=1 Z=-1 FlatVerts=0 SlopeVerts=1896
[+19:44:01.944] VoxelMesh: Chunk X=1 Y=2 Z=2 FlatVerts=0 SlopeVerts=1476
[+19:44:01.946] VoxelChunk: GenerateAsync (-2,2,1)
[+19:44:01.947] VoxelMesh: Chunk X=0 Y=-1 Z=0 FlatVerts=0 SlopeVerts=2430
[+19:44:01.947] VoxelMesh: Chunk X=-2 Y=2 Z=1 FlatVerts=0 SlopeVerts=1896
[+19:44:01.947] VoxelChunk: GenerateAsync (2,1,1)
[+19:44:01.948] VoxelMesh: Chunk X=2 Y=1 Z=1 FlatVerts=0 SlopeVerts=2430
[+19:44:01.956] VoxelMesh: Chunk X=-1 Y=1 Z=0 FlatVerts=0 SlopeVerts=0
[+19:44:01.956] VoxelChunk: GenerateAsync (-1,1,-2)
[+19:44:01.956] VoxelMesh: Chunk X=1 Y=-1 Z=1 FlatVerts=0 SlopeVerts=0
[+19:44:01.958] VoxelChunk: GenerateAsync (2,-2,-1)
[+19:44:01.958] VoxelMesh: Chunk X=-1 Y=1 Z=-2 FlatVerts=0 SlopeVerts=0
[+19:44:01.959] VoxelMesh: Chunk X=1 Y=0 Z=1 FlatVerts=1620 SlopeVerts=264
[+19:44:01.959] VoxelChunk: GenerateAsync (1,2,0)
[+19:44:01.959] VoxelMesh: Chunk X=2 Y=-2 Z=-1 FlatVerts=0 SlopeVerts=0
[+19:44:01.959] VoxelMesh: Chunk X=-1 Y=0 Z=-1 FlatVerts=1302 SlopeVerts=0
[+19:44:01.960] VoxelChunk: GenerateAsync (0,2,0)
[+19:44:01.960] VoxelMesh: Chunk X=1 Y=2 Z=0 FlatVerts=1620 SlopeVerts=264
[+19:44:01.960] VoxelMesh: Chunk X=0 Y=2 Z=0 FlatVerts=1302 SlopeVerts=0
[+19:44:01.969] VoxelMesh: Chunk X=-1 Y=-1 Z=0 FlatVerts=1668 SlopeVerts=474
[+19:44:01.969] VoxelChunk: GenerateAsync (2,-1,0)
[+19:44:01.970] VoxelMesh: Chunk X=2 Y=-1 Z=0 FlatVerts=1668 SlopeVerts=474
[+19:44:01.971] VoxelMesh: Chunk X=0 Y=1 Z=-1 FlatVerts=0 SlopeVerts=0
[+19:44:01.971] VoxelChunk: GenerateAsync (-1,0,-2)
[+19:44:01.972] VoxelMesh: Chunk X=0 Y=1 Z=0 FlatVerts=0 SlopeVerts=0
[+19:44:01.972] VoxelChunk: GenerateAsync (0,-2,1)
[+19:44:01.973] VoxelMesh: Chunk X=-1 Y=0 Z=-2 FlatVerts=0 SlopeVerts=0
[+19:44:01.973] VoxelMesh: Chunk X=0 Y=-2 Z=1 FlatVerts=0 SlopeVerts=0
[+19:44:01.973] VoxelMesh: Chunk X=-1 Y=1 Z=1 FlatVerts=0 SlopeVerts=0
[+19:44:01.973] VoxelChunk: GenerateAsync (-1,-2,-1)
[+19:44:01.975] VoxelMesh: Chunk X=-1 Y=-2 Z=-1 FlatVerts=0 SlopeVerts=0
[+19:44:01.985] VoxelMesh: Chunk X=0 Y=0 Z=0 FlatVerts=0 SlopeVerts=0
[+19:44:01.985] VoxelChunk: GenerateAsync (0,2,-4)
[+19:44:01.987] VoxelMesh: Chunk X=0 Y=2 Z=-4 FlatVerts=0 SlopeVerts=0
[+19:44:01.989] VoxelMesh: Chunk X=1 Y=-1 Z=0 FlatVerts=0 SlopeVerts=0
[+19:44:01.989] VoxelChunk: GenerateAsync (-2,1,-1)
[+19:44:01.991] VoxelMesh: Chunk X=1 Y=1 Z=0 FlatVerts=0 SlopeVerts=0
[+19:44:01.991] VoxelChunk: GenerateAsync (-1,2,-2)
[+19:44:01.991] VoxelMesh: Chunk X=-2 Y=1 Z=-1 FlatVerts=0 SlopeVerts=0
[+19:44:01.991] VoxelMesh: Chunk X=-1 Y=0 Z=0 FlatVerts=2574 SlopeVerts=12
[+19:44:01.992] VoxelChunk: GenerateAsync (2,0,0)
[+19:44:01.992] VoxelMesh: Chunk X=-1 Y=2 Z=-2 FlatVerts=0 SlopeVerts=0
[+19:44:01.992] VoxelMesh: Chunk X=2 Y=0 Z=0 FlatVerts=2574 SlopeVerts=12
[+19:44:01.993] VoxelMesh: Chunk X=-1 Y=-1 Z=-1 FlatVerts=0 SlopeVerts=0
[+19:44:01.993] VoxelChunk: GenerateAsync (-2,-1,-2)
[+19:44:01.994] VoxelMesh: Chunk X=-2 Y=-1 Z=-2 FlatVerts=0 SlopeVerts=0
[+19:44:02.003] VoxelMesh: Chunk X=1 Y=-1 Z=-1 FlatVerts=0 SlopeVerts=0
[+19:44:02.004] VoxelChunk: GenerateAsync (0,-2,-1)
[+19:44:02.005] VoxelMesh: Chunk X=0 Y=-1 Z=-1 FlatVerts=0 SlopeVerts=0
[+19:44:02.005] VoxelChunk: GenerateAsync (2,-1,-2)
[+19:44:02.006] VoxelMesh: Chunk X=0 Y=-2 Z=-1 FlatVerts=0 SlopeVerts=0
[+19:44:02.007] VoxelMesh: Chunk X=1 Y=0 Z=0 FlatVerts=0 SlopeVerts=0
[+19:44:02.007] VoxelMesh: Chunk X=2 Y=-1 Z=-2 FlatVerts=0 SlopeVerts=0
[+19:44:02.007] VoxelChunk: GenerateAsync (-2,2,-2)
[+19:44:02.009] VoxelMesh: Chunk X=0 Y=0 Z=0 FlatVerts=0 SlopeVerts=0
[+19:44:02.009] VoxelChunk: GenerateAsync (2,2,-1)
[+19:44:02.009] VoxelMesh: Chunk X=-2 Y=2 Z=-2 FlatVerts=0 SlopeVerts=0
[+19:44:02.010] VoxelMesh: Chunk X=2 Y=2 Z=-1 FlatVerts=0 SlopeVerts=0
[+19:44:02.020] VoxelMesh: Chunk X=0 Y=0 Z=0 FlatVerts=4950 SlopeVerts=10122
[+19:44:02.023] VoxelChunk: GenerateAsync (-2,-2,0)
[+19:44:02.025] VoxelMesh: Chunk X=-2 Y=-2 Z=0 FlatVerts=0 SlopeVerts=0
[+19:44:02.027] VoxelMesh: Chunk X=0 Y=0 Z=0 FlatVerts=10050 SlopeVerts=48
[+19:44:02.029] VoxelChunk: GenerateAsync (-2,0,0)
[+19:44:02.032] VoxelMesh: Chunk X=-2 Y=0 Z=0 FlatVerts=0 SlopeVerts=0
[+19:44:02.034] VoxelMesh: Chunk X=0 Y=0 Z=0 FlatVerts=5886 SlopeVerts=12186
[+19:44:02.036] VoxelChunk: GenerateAsync (2,1,0)
[+19:44:02.038] VoxelMesh: Chunk X=2 Y=1 Z=0 FlatVerts=1908 SlopeVerts=510
[+19:44:02.040] VoxelMesh: Chunk X=0 Y=0 Z=0 FlatVerts=0 SlopeVerts=0
[+19:44:02.040] VoxelChunk: GenerateAsync (0,2,-2)
[+19:44:02.041] VoxelMesh: Chunk X=0 Y=2 Z=-2 FlatVerts=0 SlopeVerts=0
[+19:44:02.053] VoxelMesh: Chunk X=0 Y=0 Z=0 FlatVerts=0 SlopeVerts=0
[+19:44:02.053] VoxelChunk: GenerateAsync (-1,-1,-2)
[+19:44:02.055] VoxelMesh: Chunk X=-1 Y=-1 Z=-2 FlatVerts=0 SlopeVerts=0
[+19:44:02.057] VoxelMesh: Chunk X=0 Y=0 Z=0 FlatVerts=3414 SlopeVerts=1902
[+19:44:02.057] VoxelChunk: GenerateAsync (2,1,-1)
[+19:44:02.059] VoxelMesh: Chunk X=2 Y=1 Z=-1 FlatVerts=0 SlopeVerts=0
[+19:44:02.065] VoxelMesh: Chunk X=0 Y=0 Z=0 FlatVerts=0 SlopeVerts=0
[+19:44:02.065] VoxelChunk: GenerateAsync (1,-2,-1)
[+19:44:02.067] VoxelMesh: Chunk X=1 Y=-2 Z=-1 FlatVerts=0 SlopeVerts=0
[+19:44:02.070] VoxelMesh: Chunk X=0 Y=0 Z=0 FlatVerts=0 SlopeVerts=0
[+19:44:02.071] VoxelChunk: GenerateAsync (0,-1,-2)
[+19:44:02.073] VoxelMesh: Chunk X=0 Y=-1 Z=-2 FlatVerts=0 SlopeVerts=0
[+19:44:02.091] VoxelMesh: Chunk X=0 Y=0 Z=0 FlatVerts=10050 SlopeVerts=48
[+19:44:02.092] VoxelChunk: GenerateAsync (-2,0,-1)
[+19:44:02.094] VoxelMesh: Chunk X=-2 Y=0 Z=-1 FlatVerts=0 SlopeVerts=0
[+19:44:02.097] VoxelMesh: Chunk X=0 Y=0 Z=0 FlatVerts=0 SlopeVerts=0
[+19:44:02.099] VoxelChunk: GenerateAsync (-1,-2,-2)
[+19:44:02.100] VoxelMesh: Chunk X=-1 Y=-2 Z=-2 FlatVerts=0 SlopeVerts=0
[+19:44:02.103] VoxelMesh: Chunk X=0 Y=0 Z=0 FlatVerts=0 SlopeVerts=0
[+19:44:02.103] VoxelChunk: GenerateAsync (0,0,-2)
[+19:44:02.105] VoxelMesh: Chunk X=0 Y=0 Z=-2 FlatVerts=0 SlopeVerts=0
[+19:44:02.109] VoxelMesh: Chunk X=0 Y=0 Z=0 FlatVerts=0 SlopeVerts=0
[+19:44:02.109] VoxelChunk: GenerateAsync (2,0,-2)
[+19:44:02.110] VoxelMesh: Chunk X=2 Y=0 Z=-2 FlatVerts=0 SlopeVerts=0
[+19:44:02.122] VoxelMesh: Chunk X=0 Y=0 Z=0 FlatVerts=0 SlopeVerts=0
[+19:44:02.122] VoxelChunk: GenerateAsync (3,-1,-4)
[+19:44:02.123] VoxelMesh: Chunk X=3 Y=-1 Z=-4 FlatVerts=0 SlopeVerts=0
[+19:44:02.128] VoxelMesh: Chunk X=0 Y=0 Z=0 FlatVerts=0 SlopeVerts=0
[+19:44:02.128] VoxelChunk: GenerateAsync (-2,1,-2)
[+19:44:02.131] VoxelMesh: Chunk X=-2 Y=1 Z=-2 FlatVerts=0 SlopeVerts=0
[+19:44:02.133] VoxelMesh: Chunk X=0 Y=0 Z=0 FlatVerts=10242 SlopeVerts=0
[+19:44:02.134] VoxelChunk: GenerateAsync (-1,2,0)
[+19:44:02.136] VoxelMesh: Chunk X=-1 Y=2 Z=0 FlatVerts=1380 SlopeVerts=504
[+19:44:02.139] VoxelMesh: Chunk X=0 Y=0 Z=0 FlatVerts=2334 SlopeVerts=10488
[+19:44:02.141] VoxelChunk: GenerateAsync (-1,-2,0)
[+19:44:02.142] VoxelMesh: Chunk X=-1 Y=-2 Z=0 FlatVerts=0 SlopeVerts=0
[+19:44:02.146] VoxelMesh: Chunk X=0 Y=0 Z=0 FlatVerts=0 SlopeVerts=0
[+19:44:02.147] VoxelChunk: GenerateAsync (2,2,-2)
[+19:44:02.148] VoxelMesh: Chunk X=2 Y=2 Z=-2 FlatVerts=0 SlopeVerts=0
[+19:44:02.162] VoxelMesh: Chunk X=0 Y=0 Z=0 FlatVerts=72 SlopeVerts=10386
[+19:44:02.163] VoxelChunk: GenerateAsync (1,-2,1)
[+19:44:02.165] VoxelMesh: Chunk X=1 Y=-2 Z=1 FlatVerts=42 SlopeVerts=1626
[+19:44:02.169] VoxelMesh: Chunk X=0 Y=0 Z=0 FlatVerts=0 SlopeVerts=0
[+19:44:02.170] VoxelChunk: GenerateAsync (-2,-2,-2)
[+19:44:02.172] VoxelMesh: Chunk X=-2 Y=-2 Z=-2 FlatVerts=0 SlopeVerts=0
[+19:44:02.175] VoxelMesh: Chunk X=0 Y=0 Z=0 FlatVerts=9300 SlopeVerts=1902
[+19:44:02.177] VoxelChunk: GenerateAsync (-2,2,0)
[+19:44:02.181] VoxelMesh: Chunk X=-2 Y=2 Z=0 FlatVerts=0 SlopeVerts=90
[+19:44:02.184] VoxelMesh: Chunk X=0 Y=0 Z=0 FlatVerts=0 SlopeVerts=0
[+19:44:02.184] VoxelChunk: GenerateAsync (2,-2,-2)
[+19:44:02.186] VoxelMesh: Chunk X=2 Y=-2 Z=-2 FlatVerts=0 SlopeVerts=0
[+19:44:02.199] VoxelMesh: Chunk X=0 Y=0 Z=0 FlatVerts=0 SlopeVerts=0
[+19:44:02.199] VoxelChunk: GenerateAsync (1,2,-2)
[+19:44:02.203] VoxelMesh: Chunk X=1 Y=2 Z=-2 FlatVerts=0 SlopeVerts=0
[+19:44:02.207] VoxelMesh: Chunk X=0 Y=0 Z=0 FlatVerts=0 SlopeVerts=0
[+19:44:02.207] VoxelChunk: GenerateAsync (1,-2,-2)
[+19:44:02.209] VoxelMesh: Chunk X=1 Y=-2 Z=-2 FlatVerts=0 SlopeVerts=0
[+19:44:02.210] VoxelMesh: Chunk X=0 Y=0 Z=0 FlatVerts=7686 SlopeVerts=7368
[+19:44:02.213] VoxelChunk: GenerateAsync (2,2,0)
[+19:44:02.215] VoxelMesh: Chunk X=2 Y=2 Z=0 FlatVerts=30 SlopeVerts=0
[+19:44:02.217] VoxelMesh: Chunk X=0 Y=0 Z=0 FlatVerts=3444 SlopeVerts=1092
[+19:44:02.218] VoxelChunk: GenerateAsync (-2,-2,-1)
[+19:44:02.220] VoxelMesh: Chunk X=-2 Y=-2 Z=-1 FlatVerts=0 SlopeVerts=0
[+19:44:02.232] VoxelMesh: Chunk X=0 Y=0 Z=0 FlatVerts=0 SlopeVerts=0
[+19:44:02.232] VoxelChunk: GenerateAsync (2,-1,-4)
[+19:44:02.234] VoxelMesh: Chunk X=2 Y=-1 Z=-4 FlatVerts=0 SlopeVerts=0
[+19:44:02.241] VoxelMesh: Chunk X=0 Y=0 Z=0 FlatVerts=0 SlopeVerts=0
[+19:44:02.242] VoxelChunk: GenerateAsync (0,-2,-2)
[+19:44:02.244] VoxelMesh: Chunk X=0 Y=-2 Z=-2 FlatVerts=0 SlopeVerts=0
[+19:44:02.245] VoxelMesh: Chunk X=0 Y=0 Z=0 FlatVerts=10242 SlopeVerts=0
[+19:44:02.247] VoxelChunk: GenerateAsync (-1,2,-1)
[+19:44:02.248] VoxelMesh: Chunk X=-1 Y=2 Z=-1 FlatVerts=0 SlopeVerts=0
[+19:44:02.254] VoxelMesh: Chunk X=0 Y=0 Z=0 FlatVerts=1434 SlopeVerts=13392
[+19:44:02.254] VoxelChunk: GenerateAsync (-2,-2,1)
[+19:44:02.256] VoxelMesh: Chunk X=-2 Y=-2 Z=1 FlatVerts=0 SlopeVerts=576
[+19:44:02.257] VoxelMesh: Chunk X=0 Y=0 Z=0 FlatVerts=7932 SlopeVerts=1092
[+19:44:02.259] VoxelChunk: GenerateAsync (-2,-1,-1)
[+19:44:02.261] VoxelMesh: Chunk X=-2 Y=-1 Z=-1 FlatVerts=0 SlopeVerts=0
[+19:44:02.276] VoxelMesh: Chunk X=0 Y=0 Z=0 FlatVerts=0 SlopeVerts=0
[+19:44:02.276] VoxelChunk: GenerateAsync (1,-1,-2)
[+19:44:02.279] VoxelMesh: Chunk X=1 Y=-1 Z=-2 FlatVerts=0 SlopeVerts=0
[+19:44:02.282] VoxelMesh: Chunk X=0 Y=0 Z=0 FlatVerts=12 SlopeVerts=30
[+19:44:02.283] VoxelChunk: GenerateAsync (2,-1,-1)
[+19:44:02.284] VoxelMesh: Chunk X=2 Y=-1 Z=-1 FlatVerts=0 SlopeVerts=0
[+19:44:02.286] VoxelMesh: Chunk X=0 Y=0 Z=0 FlatVerts=8928 SlopeVerts=1170
[+19:44:02.287] VoxelChunk: GenerateAsync (1,2,-1)
[+19:44:02.289] VoxelMesh: Chunk X=1 Y=2 Z=-1 FlatVerts=0 SlopeVerts=0
[+19:44:02.294] VoxelMesh: Chunk X=0 Y=0 Z=0 FlatVerts=1302 SlopeVerts=20760
[+19:44:02.295] VoxelChunk: GenerateAsync (-1,-2,1)
[+19:44:02.297] VoxelMesh: Chunk X=-1 Y=-2 Z=1 FlatVerts=18 SlopeVerts=168
[+19:44:02.309] VoxelMesh: Chunk X=0 Y=0 Z=0 FlatVerts=324 SlopeVerts=1146
[+19:44:02.310] VoxelChunk: GenerateAsync (2,0,-1)
[+19:44:02.310] VoxelMesh: Chunk X=2 Y=0 Z=-1 FlatVerts=0 SlopeVerts=0
[+19:44:02.313] VoxelMesh: Chunk X=0 Y=0 Z=0 FlatVerts=0 SlopeVerts=0
[+19:44:02.314] VoxelChunk: GenerateAsync (-2,0,-2)
[+19:44:02.315] VoxelMesh: Chunk X=-2 Y=0 Z=-2 FlatVerts=0 SlopeVerts=0
[+19:44:02.319] VoxelMesh: Chunk X=0 Y=0 Z=0 FlatVerts=0 SlopeVerts=0
[+19:44:02.319] VoxelChunk: GenerateAsync (1,0,-2)
[+19:44:02.322] VoxelMesh: Chunk X=1 Y=0 Z=-2 FlatVerts=0 SlopeVerts=0
[+19:44:02.325] VoxelMesh: Chunk X=0 Y=0 Z=0 FlatVerts=72 SlopeVerts=4344
[+19:44:02.327] VoxelChunk: GenerateAsync (2,-2,0)
[+19:44:02.328] VoxelMesh: Chunk X=2 Y=-2 Z=0 FlatVerts=0 SlopeVerts=156
[+19:44:02.341] VoxelMesh: Chunk X=0 Y=0 Z=0 FlatVerts=0 SlopeVerts=0
[+19:44:02.341] VoxelChunk: GenerateAsync (-3,1,-4)
[+19:44:02.342] VoxelMesh: Chunk X=-3 Y=1 Z=-4 FlatVerts=0 SlopeVerts=0
[+19:44:02.347] VoxelMesh: Chunk X=0 Y=0 Z=0 FlatVerts=9240 SlopeVerts=966
[+19:44:02.348] VoxelChunk: GenerateAsync (-2,2,-1)
[+19:44:02.351] VoxelMesh: Chunk X=-2 Y=2 Z=-1 FlatVerts=0 SlopeVerts=0
[+19:44:02.352] VoxelMesh: Chunk X=0 Y=0 Z=0 FlatVerts=10794 SlopeVerts=264
[+19:44:02.354] VoxelChunk: GenerateAsync (0,2,-1)
[+19:44:02.356] VoxelMesh: Chunk X=0 Y=2 Z=-1 FlatVerts=0 SlopeVerts=0
[+19:44:02.359] VoxelMesh: Chunk X=0 Y=0 Z=0 FlatVerts=10326 SlopeVerts=6
[+19:44:02.360] VoxelChunk: GenerateAsync (-2,1,0)
[+19:44:02.364] VoxelMesh: Chunk X=-2 Y=1 Z=0 FlatVerts=0 SlopeVerts=0
[+19:44:02.365] VoxelMesh: Chunk X=0 Y=0 Z=0 FlatVerts=0 SlopeVerts=0
[+19:44:02.365] VoxelChunk: GenerateAsync (0,1,-2)
[+19:44:02.367] VoxelMesh: Chunk X=0 Y=1 Z=-2 FlatVerts=0 SlopeVerts=0
[+19:44:02.379] VoxelMesh: Chunk X=0 Y=1 Z=-2 FlatVerts=0 SlopeVerts=0
[+19:44:02.379] VoxelChunk: GenerateAsync (1,1,-2)
[+19:44:02.382] VoxelMesh: Chunk X=1 Y=1 Z=-2 FlatVerts=0 SlopeVerts=0
[+19:44:02.382] VoxelMesh: Chunk X=-2 Y=1 Z=0 FlatVerts=0 SlopeVerts=0
[+19:44:02.382] VoxelChunk: GenerateAsync (2,1,-2)
[+19:44:02.383] VoxelMesh: Chunk X=0 Y=2 Z=-1 FlatVerts=0 SlopeVerts=0
[+19:44:02.384] VoxelChunk: GenerateAsync (0,-2,0)
[+19:44:02.384] VoxelMesh: Chunk X=2 Y=1 Z=-2 FlatVerts=0 SlopeVerts=0
[+19:44:02.385] VoxelMesh: Chunk X=-2 Y=2 Z=-1 FlatVerts=0 SlopeVerts=0
[+19:44:02.385] VoxelChunk: GenerateAsync (1,-2,0)
[+19:44:02.385] VoxelMesh: Chunk X=0 Y=-2 Z=0 FlatVerts=0 SlopeVerts=0
[+19:44:02.385] VoxelMesh: Chunk X=1 Y=-2 Z=0 FlatVerts=0 SlopeVerts=0
[+19:44:02.395] VoxelMesh: Chunk X=2 Y=-2 Z=0 FlatVerts=0 SlopeVerts=0
[+19:44:02.395] VoxelChunk: GenerateAsync (-2,-1,0)
[+19:44:02.397] VoxelMesh: Chunk X=1 Y=0 Z=-2 FlatVerts=0 SlopeVerts=0
[+19:44:02.397] VoxelChunk: GenerateAsync (-2,-3,-2)
[+19:44:02.398] VoxelMesh: Chunk X=-2 Y=-1 Z=0 FlatVerts=0 SlopeVerts=0
[+19:44:02.399] VoxelMesh: Chunk X=-2 Y=-3 Z=-2 FlatVerts=0 SlopeVerts=0
[+19:44:02.399] VoxelMesh: Chunk X=-2 Y=0 Z=-2 FlatVerts=0 SlopeVerts=0
[+19:44:02.399] VoxelChunk: GenerateAsync (-3,2,-2)
[+19:44:02.400] VoxelMesh: Chunk X=2 Y=0 Z=-1 FlatVerts=0 SlopeVerts=0
[+19:44:02.400] VoxelChunk: GenerateAsync (3,-3,0)
[+19:44:02.400] VoxelMesh: Chunk X=-3 Y=2 Z=-2 FlatVerts=0 SlopeVerts=0
[+19:44:02.402] VoxelMesh: Chunk X=3 Y=-3 Z=0 FlatVerts=0 SlopeVerts=0
[+19:44:02.409] VoxelMesh: Chunk X=-1 Y=-2 Z=1 FlatVerts=0 SlopeVerts=0
[+19:44:02.409] VoxelChunk: GenerateAsync (-1,-3,-2)
[+19:44:02.410] VoxelMesh: Chunk X=1 Y=2 Z=-1 FlatVerts=0 SlopeVerts=0
[+19:44:02.410] VoxelChunk: GenerateAsync (3,1,-3)
[+19:44:02.412] VoxelMesh: Chunk X=-1 Y=-3 Z=-2 FlatVerts=0 SlopeVerts=0
[+19:44:02.412] VoxelMesh: Chunk X=3 Y=1 Z=-3 FlatVerts=0 SlopeVerts=0
[+19:44:02.413] VoxelMesh: Chunk X=2 Y=-1 Z=-1 FlatVerts=78 SlopeVerts=2466
[+19:44:02.413] VoxelChunk: GenerateAsync (3,3,3)
[+19:44:02.414] VoxelMesh: Chunk X=1 Y=-1 Z=-2 FlatVerts=0 SlopeVerts=0
[+19:44:02.414] VoxelChunk: GenerateAsync (3,1,-2)
[+19:44:02.415] VoxelMesh: Chunk X=3 Y=3 Z=3 FlatVerts=78 SlopeVerts=2466
[+19:44:02.417] VoxelMesh: Chunk X=3 Y=1 Z=-2 FlatVerts=0 SlopeVerts=0
[+19:44:02.431] VoxelMesh: Chunk X=0 Y=0 Z=0 FlatVerts=0 SlopeVerts=0
[+19:44:02.431] VoxelChunk: GenerateAsync (1,-1,-4)
[+19:44:02.432] VoxelMesh: Chunk X=1 Y=-1 Z=-4 FlatVerts=0 SlopeVerts=0
[+19:44:02.434] VoxelMesh: Chunk X=-2 Y=-1 Z=-1 FlatVerts=0 SlopeVerts=0
[+19:44:02.434] VoxelChunk: GenerateAsync (-3,-2,0)
[+19:44:02.436] VoxelMesh: Chunk X=-2 Y=-2 Z=1 FlatVerts=0 SlopeVerts=0
[+19:44:02.437] VoxelMesh: Chunk X=-3 Y=-2 Z=0 FlatVerts=0 SlopeVerts=0
[+19:44:02.437] VoxelChunk: GenerateAsync (0,-3,-2)
[+19:44:02.438] VoxelMesh: Chunk X=0 Y=-3 Z=-2 FlatVerts=0 SlopeVerts=0
[+19:44:02.438] VoxelMesh: Chunk X=-1 Y=2 Z=-1 FlatVerts=0 SlopeVerts=0
[+19:44:02.438] VoxelChunk: GenerateAsync (-3,-1,0)
[+19:44:02.439] VoxelMesh: Chunk X=-3 Y=-1 Z=0 FlatVerts=0 SlopeVerts=0
[+19:44:02.441] VoxelMesh: Chunk X=0 Y=-2 Z=-2 FlatVerts=0 SlopeVerts=0
[+19:44:02.441] VoxelChunk: GenerateAsync (1,-3,-2)
[+19:44:02.442] VoxelMesh: Chunk X=1 Y=-3 Z=-2 FlatVerts=0 SlopeVerts=0
[+19:44:02.451] VoxelMesh: Chunk X=-2 Y=-2 Z=-1 FlatVerts=0 SlopeVerts=0
[+19:44:02.451] VoxelChunk: GenerateAsync (-3,2,-3)
[+19:44:02.453] VoxelMesh: Chunk X=2 Y=2 Z=0 FlatVerts=0 SlopeVerts=0
[+19:44:02.453] VoxelMesh: Chunk X=-3 Y=2 Z=-3 FlatVerts=0 SlopeVerts=0
[+19:44:02.453] VoxelChunk: GenerateAsync (2,0,-3)
[+19:44:02.455] VoxelMesh: Chunk X=2 Y=0 Z=-3 FlatVerts=0 SlopeVerts=0
[+19:44:02.455] VoxelMesh: Chunk X=1 Y=-2 Z=-2 FlatVerts=0 SlopeVerts=0
[+19:44:02.455] VoxelChunk: GenerateAsync (3,2,-2)
[+19:44:02.456] VoxelMesh: Chunk X=1 Y=2 Z=-2 FlatVerts=0 SlopeVerts=0
[+19:44:02.456] VoxelChunk: GenerateAsync (-3,3,-2)
[+19:44:02.456] VoxelMesh: Chunk X=3 Y=2 Z=-2 FlatVerts=0 SlopeVerts=0
[+19:44:02.458] VoxelMesh: Chunk X=-3 Y=3 Z=-2 FlatVerts=0 SlopeVerts=0
[+19:44:02.467] VoxelMesh: Chunk X=2 Y=-2 Z=-2 FlatVerts=0 SlopeVerts=0
[+19:44:02.467] VoxelChunk: GenerateAsync (2,-3,-2)
[+19:44:02.469] VoxelMesh: Chunk X=-2 Y=2 Z=0 FlatVerts=0 SlopeVerts=0
[+19:44:02.469] VoxelMesh: Chunk X=2 Y=-3 Z=-2 FlatVerts=0 SlopeVerts=0
[+19:44:02.469] VoxelChunk: GenerateAsync (-2,3,-2)
[+19:44:02.471] VoxelMesh: Chunk X=-2 Y=-2 Z=-2 FlatVerts=0 SlopeVerts=0
[+19:44:02.471] VoxelMesh: Chunk X=-2 Y=3 Z=-2 FlatVerts=0 SlopeVerts=0
[+19:44:02.471] VoxelChunk: GenerateAsync (-1,3,-2)
[+19:44:02.473] VoxelMesh: Chunk X=1 Y=-2 Z=1 FlatVerts=0 SlopeVerts=0
[+19:44:02.473] VoxelMesh: Chunk X=-1 Y=3 Z=-2 FlatVerts=0 SlopeVerts=0
[+19:44:02.473] VoxelChunk: GenerateAsync (3,-3,-2)
[+19:44:02.475] VoxelMesh: Chunk X=3 Y=-3 Z=-2 FlatVerts=0 SlopeVerts=0
[+19:44:02.483] VoxelMesh: Chunk X=2 Y=2 Z=-2 FlatVerts=0 SlopeVerts=0
[+19:44:02.483] VoxelChunk: GenerateAsync (-2,2,-3)
[+19:44:02.485] VoxelMesh: Chunk X=-1 Y=-2 Z=0 FlatVerts=0 SlopeVerts=0
[+19:44:02.485] VoxelChunk: GenerateAsync (0,3,-2)
[+19:44:02.485] VoxelMesh: Chunk X=-2 Y=2 Z=-3 FlatVerts=0 SlopeVerts=0
[+19:44:02.487] VoxelMesh: Chunk X=-1 Y=2 Z=0 FlatVerts=0 SlopeVerts=0
[+19:44:02.487] VoxelChunk: GenerateAsync (1,3,-2)
[+19:44:02.487] VoxelMesh: Chunk X=0 Y=3 Z=-2 FlatVerts=0 SlopeVerts=0
[+19:44:02.488] VoxelMesh: Chunk X=-2 Y=1 Z=-2 FlatVerts=0 SlopeVerts=0
[+19:44:02.488] VoxelChunk: GenerateAsync (-3,-2,-2)
[+19:44:02.490] VoxelMesh: Chunk X=1 Y=3 Z=-2 FlatVerts=0 SlopeVerts=0
[+19:44:02.490] VoxelMesh: Chunk X=-3 Y=-2 Z=-2 FlatVerts=0 SlopeVerts=0
[+19:44:02.497] VoxelMesh: Chunk X=2 Y=0 Z=-2 FlatVerts=0 SlopeVerts=0
[+19:44:02.498] VoxelChunk: GenerateAsync (2,3,-2)
[+19:44:02.500] VoxelMesh: Chunk X=0 Y=0 Z=-2 FlatVerts=0 SlopeVerts=0
[+19:44:02.500] VoxelMesh: Chunk X=2 Y=3 Z=-2 FlatVerts=0 SlopeVerts=0
[+19:44:02.500] VoxelChunk: GenerateAsync (-1,-3,-3)
[+19:44:02.502] VoxelMesh: Chunk X=-1 Y=-2 Z=-2 FlatVerts=0 SlopeVerts=0
[+19:44:02.503] VoxelChunk: GenerateAsync (3,3,-2)
[+19:44:02.503] VoxelMesh: Chunk X=-1 Y=-3 Z=-3 FlatVerts=0 SlopeVerts=0
[+19:44:02.504] VoxelMesh: Chunk X=-2 Y=0 Z=-1 FlatVerts=0 SlopeVerts=0
[+19:44:02.505] VoxelMesh: Chunk X=3 Y=3 Z=-2 FlatVerts=0 SlopeVerts=0
[+19:44:02.505] VoxelChunk: GenerateAsync (-1,2,-3)
[+19:44:02.506] VoxelMesh: Chunk X=-1 Y=2 Z=-3 FlatVerts=0 SlopeVerts=0
[+19:44:02.513] VoxelMesh: Chunk X=0 Y=-1 Z=-2 FlatVerts=0 SlopeVerts=0
[+19:44:02.514] VoxelChunk: GenerateAsync (3,0,-3)
[+19:44:02.515] VoxelMesh: Chunk X=1 Y=-2 Z=-1 FlatVerts=0 SlopeVerts=0
[+19:44:02.515] VoxelChunk: GenerateAsync (-2,0,-3)
[+19:44:02.515] VoxelMesh: Chunk X=3 Y=0 Z=-3 FlatVerts=0 SlopeVerts=0
[+19:44:02.517] VoxelMesh: Chunk X=2 Y=1 Z=-1 FlatVerts=0 SlopeVerts=0
[+19:44:02.517] VoxelMesh: Chunk X=-2 Y=0 Z=-3 FlatVerts=0 SlopeVerts=0
[+19:44:02.517] VoxelChunk: GenerateAsync (-3,-3,-1)
[+19:44:02.519] VoxelMesh: Chunk X=-1 Y=-1 Z=-2 FlatVerts=18 SlopeVerts=156
[+19:44:02.519] VoxelMesh: Chunk X=-3 Y=-3 Z=-1 FlatVerts=0 SlopeVerts=0
[+19:44:02.519] VoxelChunk: GenerateAsync (3,1,0)
[+19:44:02.520] VoxelMesh: Chunk X=3 Y=1 Z=0 FlatVerts=18 SlopeVerts=156
[+19:44:02.531] VoxelMesh: Chunk X=0 Y=0 Z=0 FlatVerts=0 SlopeVerts=0
[+19:44:02.531] VoxelChunk: GenerateAsync (0,-1,-4)
[+19:44:02.532] VoxelMesh: Chunk X=0 Y=-1 Z=-4 FlatVerts=0 SlopeVerts=0
[+19:44:02.534] VoxelMesh: Chunk X=0 Y=2 Z=-2 FlatVerts=0 SlopeVerts=0
[+19:44:02.534] VoxelChunk: GenerateAsync (-2,-3,-1)
[+19:44:02.535] VoxelMesh: Chunk X=2 Y=1 Z=0 FlatVerts=0 SlopeVerts=0
[+19:44:02.536] VoxelMesh: Chunk X=-2 Y=-3 Z=-1 FlatVerts=0 SlopeVerts=0
[+19:44:02.536] VoxelChunk: GenerateAsync (-1,-3,-1)
[+19:44:02.538] VoxelMesh: Chunk X=-2 Y=0 Z=0 FlatVerts=0 SlopeVerts=0
[+19:44:02.538] VoxelMesh: Chunk X=-1 Y=-3 Z=-1 FlatVerts=0 SlopeVerts=0
[+19:44:02.538] VoxelChunk: GenerateAsync (1,-1,-3)
[+19:44:02.539] VoxelMesh: Chunk X=-2 Y=-2 Z=0 FlatVerts=0 SlopeVerts=0
[+19:44:02.539] VoxelChunk: GenerateAsync (0,2,-3)
[+19:44:02.539] VoxelMesh: Chunk X=1 Y=-1 Z=-3 FlatVerts=0 SlopeVerts=0
[+19:44:02.541] VoxelMesh: Chunk X=0 Y=2 Z=-3 FlatVerts=0 SlopeVerts=0
[+19:44:02.548] VoxelMesh: Chunk X=-2 Y=-2 Z=2 FlatVerts=0 SlopeVerts=0
[+19:44:02.548] VoxelChunk: GenerateAsync (2,-3,-1)
[+19:44:02.552] VoxelMesh: Chunk X=-2 Y=0 Z=1 FlatVerts=0 SlopeVerts=0
[+19:44:02.552] VoxelChunk: GenerateAsync (3,-3,-1)
[+19:44:02.552] VoxelMesh: Chunk X=2 Y=-3 Z=-1 FlatVerts=0 SlopeVerts=0
[+19:44:02.552] VoxelMesh: Chunk X=3 Y=-3 Z=-1 FlatVerts=0 SlopeVerts=0
[+19:44:02.554] VoxelMesh: Chunk X=2 Y=-1 Z=1 FlatVerts=0 SlopeVerts=0
[+19:44:02.554] VoxelChunk: GenerateAsync (-3,-2,-1)
[+19:44:02.555] VoxelMesh: Chunk X=-3 Y=-2 Z=-1 FlatVerts=0 SlopeVerts=0
[+19:44:02.556] VoxelMesh: Chunk X=0 Y=0 Z=2 FlatVerts=0 SlopeVerts=0
[+19:44:02.556] VoxelChunk: GenerateAsync (1,2,-3)
[+19:44:02.557] VoxelMesh: Chunk X=1 Y=2 Z=-3 FlatVerts=0 SlopeVerts=0
[+19:44:02.564] VoxelMesh: Chunk X=1 Y=1 Z=2 FlatVerts=0 SlopeVerts=0
[+19:44:02.564] VoxelChunk: GenerateAsync (-3,1,-3)
[+19:44:02.566] VoxelMesh: Chunk X=-1 Y=2 Z=2 FlatVerts=0 SlopeVerts=0
[+19:44:02.566] VoxelMesh: Chunk X=-3 Y=1 Z=-3 FlatVerts=0 SlopeVerts=0
[+19:44:02.566] VoxelChunk: GenerateAsync (3,-2,-2)
[+19:44:02.567] VoxelMesh: Chunk X=-2 Y=-1 Z=1 FlatVerts=0 SlopeVerts=0
[+19:44:02.567] VoxelChunk: GenerateAsync (-3,-1,-2)
[+19:44:02.568] VoxelMesh: Chunk X=3 Y=-2 Z=-2 FlatVerts=0 SlopeVerts=0
[+19:44:02.568] VoxelMesh: Chunk X=2 Y=-2 Z=1 FlatVerts=0 SlopeVerts=0
[+19:44:02.569] VoxelChunk: GenerateAsync (2,2,-3)
[+19:44:02.570] VoxelMesh: Chunk X=-3 Y=-1 Z=-2 FlatVerts=0 SlopeVerts=0
[+19:44:02.571] VoxelMesh: Chunk X=2 Y=2 Z=-3 FlatVerts=0 SlopeVerts=0
[+19:44:02.577] VoxelMesh: Chunk X=2 Y=2 Z=1 FlatVerts=0 SlopeVerts=0
[+19:44:02.577] VoxelChunk: GenerateAsync (0,-1,-3)
[+19:44:02.579] VoxelMesh: Chunk X=1 Y=2 Z=1 FlatVerts=0 SlopeVerts=0
[+19:44:02.579] VoxelChunk: GenerateAsync (-3,-1,-1)
[+19:44:02.580] VoxelMesh: Chunk X=0 Y=-1 Z=-3 FlatVerts=0 SlopeVerts=0
[+19:44:02.581] VoxelMesh: Chunk X=-1 Y=0 Z=2 FlatVerts=0 SlopeVerts=0
[+19:44:02.581] VoxelChunk: GenerateAsync (3,2,-3)
[+19:44:02.581] VoxelMesh: Chunk X=-3 Y=-1 Z=-1 FlatVerts=0 SlopeVerts=0
[+19:44:02.582] VoxelMesh: Chunk X=0 Y=2 Z=1 FlatVerts=0 SlopeVerts=0
[+19:44:02.582] VoxelChunk: GenerateAsync (-2,1,-3)
[+19:44:02.583] VoxelMesh: Chunk X=3 Y=2 Z=-3 FlatVerts=0 SlopeVerts=0
[+19:44:02.584] VoxelMesh: Chunk X=-2 Y=1 Z=-3 FlatVerts=0 SlopeVerts=0
[+19:44:02.591] VoxelMesh: Chunk X=-1 Y=2 Z=1 FlatVerts=0 SlopeVerts=0
[+19:44:02.591] VoxelChunk: GenerateAsync (-1,0,-3)
[+19:44:02.593] VoxelMesh: Chunk X=-2 Y=0 Z=2 FlatVerts=0 SlopeVerts=0
[+19:44:02.593] VoxelChunk: GenerateAsync (3,-1,-3)
[+19:44:02.593] VoxelMesh: Chunk X=-1 Y=0 Z=-3 FlatVerts=0 SlopeVerts=0
[+19:44:02.594] VoxelMesh: Chunk X=3 Y=-1 Z=-3 FlatVerts=0 SlopeVerts=0
[+19:44:02.595] VoxelMesh: Chunk X=0 Y=1 Z=2 FlatVerts=0 SlopeVerts=0
[+19:44:02.595] VoxelChunk: GenerateAsync (-2,-1,-3)
[+19:44:02.596] VoxelMesh: Chunk X=2 Y=2 Z=2 FlatVerts=0 SlopeVerts=0
[+19:44:02.596] VoxelChunk: GenerateAsync (-3,-1,-3)
[+19:44:02.597] VoxelMesh: Chunk X=-2 Y=-1 Z=-3 FlatVerts=0 SlopeVerts=0
[+19:44:02.597] VoxelMesh: Chunk X=-3 Y=-1 Z=-3 FlatVerts=0 SlopeVerts=0
[+19:44:02.604] VoxelMesh: Chunk X=2 Y=-1 Z=2 FlatVerts=0 SlopeVerts=0
[+19:44:02.605] VoxelChunk: GenerateAsync (3,-2,-3)
[+19:44:02.606] VoxelMesh: Chunk X=3 Y=-2 Z=-3 FlatVerts=0 SlopeVerts=0
[+19:44:02.606] VoxelMesh: Chunk X=1 Y=-1 Z=2 FlatVerts=0 SlopeVerts=0
[+19:44:02.606] VoxelChunk: GenerateAsync (-3,3,-3)
[+19:44:02.608] VoxelMesh: Chunk X=-1 Y=1 Z=2 FlatVerts=0 SlopeVerts=0
[+19:44:02.608] VoxelChunk: GenerateAsync (3,-1,-1)
[+19:44:02.609] VoxelMesh: Chunk X=-3 Y=3 Z=-3 FlatVerts=0 SlopeVerts=0
[+19:44:02.609] VoxelMesh: Chunk X=3 Y=-1 Z=-1 FlatVerts=0 SlopeVerts=0
[+19:44:02.610] VoxelMesh: Chunk X=-2 Y=2 Z=2 FlatVerts=0 SlopeVerts=0
[+19:44:02.610] VoxelChunk: GenerateAsync (-3,0,-1)
[+19:44:02.612] VoxelMesh: Chunk X=-3 Y=0 Z=-1 FlatVerts=0 SlopeVerts=0
[+19:44:02.618] VoxelMesh: Chunk X=0 Y=2 Z=2 FlatVerts=0 SlopeVerts=0
[+19:44:02.619] VoxelChunk: GenerateAsync (2,-2,-3)
[+19:44:02.620] VoxelMesh: Chunk X=1 Y=2 Z=2 FlatVerts=0 SlopeVerts=0
[+19:44:02.621] VoxelChunk: GenerateAsync (3,-1,-2)
[+19:44:02.621] VoxelMesh: Chunk X=2 Y=-2 Z=-3 FlatVerts=0 SlopeVerts=0
[+19:44:02.622] VoxelMesh: Chunk X=3 Y=-1 Z=-2 FlatVerts=0 SlopeVerts=0
[+19:44:02.622] VoxelMesh: Chunk X=-2 Y=2 Z=1 FlatVerts=0 SlopeVerts=0
[+19:44:02.622] VoxelChunk: GenerateAsync (-2,3,-3)
[+19:44:02.624] VoxelMesh: Chunk X=2 Y=1 Z=1 FlatVerts=0 SlopeVerts=0
[+19:44:02.624] VoxelMesh: Chunk X=-2 Y=3 Z=-3 FlatVerts=0 SlopeVerts=0
[+19:44:02.624] VoxelChunk: GenerateAsync (-1,1,-3)
[+19:44:02.626] VoxelMesh: Chunk X=-1 Y=1 Z=-3 FlatVerts=0 SlopeVerts=0
[+19:44:02.637] VoxelMesh: Chunk X=0 Y=0 Z=0 FlatVerts=0 SlopeVerts=0
[+19:44:02.637] VoxelChunk: GenerateAsync (-1,-1,-4)
[+19:44:02.638] VoxelMesh: Chunk X=-1 Y=-1 Z=-4 FlatVerts=0 SlopeVerts=0
[+19:44:02.639] VoxelMesh: Chunk X=-1 Y=1 Z=-2 FlatVerts=0 SlopeVerts=0
[+19:44:02.639] VoxelChunk: GenerateAsync (1,-2,-3)
[+19:44:02.641] VoxelMesh: Chunk X=2 Y=-2 Z=-1 FlatVerts=0 SlopeVerts=0
[+19:44:02.641] VoxelMesh: Chunk X=1 Y=-2 Z=-3 FlatVerts=0 SlopeVerts=0
[+19:44:02.641] VoxelChunk: GenerateAsync (0,-2,-3)
[+19:44:02.643] VoxelMesh: Chunk X=1 Y=2 Z=0 FlatVerts=0 SlopeVerts=0
[+19:44:02.643] VoxelMesh: Chunk X=0 Y=-2 Z=-3 FlatVerts=0 SlopeVerts=0
[+19:44:02.643] VoxelChunk: GenerateAsync (-3,0,-2)
[+19:44:02.645] VoxelMesh: Chunk X=0 Y=2 Z=0 FlatVerts=0 SlopeVerts=0
[+19:44:02.645] VoxelChunk: GenerateAsync (3,0,-1)
[+19:44:02.646] VoxelMesh: Chunk X=-3 Y=0 Z=-2 FlatVerts=0 SlopeVerts=0
[+19:44:02.647] VoxelMesh: Chunk X=3 Y=0 Z=-1 FlatVerts=0 SlopeVerts=0
[+19:44:02.654] VoxelMesh: Chunk X=2 Y=-1 Z=0 FlatVerts=0 SlopeVerts=0
[+19:44:02.654] VoxelChunk: GenerateAsync (-1,3,-3)
[+19:44:02.657] VoxelMesh: Chunk X=-1 Y=0 Z=-2 FlatVerts=0 SlopeVerts=0
[+19:44:02.657] VoxelChunk: GenerateAsync (-3,1,-1)
[+19:44:02.657] VoxelMesh: Chunk X=-1 Y=3 Z=-3 FlatVerts=0 SlopeVerts=0
[+19:44:02.658] VoxelMesh: Chunk X=-3 Y=1 Z=-1 FlatVerts=0 SlopeVerts=0
[+19:44:02.658] VoxelMesh: Chunk X=0 Y=-2 Z=1 FlatVerts=0 SlopeVerts=0
[+19:44:02.658] VoxelChunk: GenerateAsync (-1,-2,-3)
[+19:44:02.660] VoxelMesh: Chunk X=-1 Y=-2 Z=-1 FlatVerts=0 SlopeVerts=0
[+19:44:02.660] VoxelChunk: GenerateAsync (-2,-2,-3)
[+19:44:02.660] VoxelMesh: Chunk X=-1 Y=-2 Z=-3 FlatVerts=0 SlopeVerts=0
[+19:44:02.662] VoxelMesh: Chunk X=-2 Y=-2 Z=-3 FlatVerts=0 SlopeVerts=0
[+19:44:02.669] VoxelMesh: Chunk X=-2 Y=1 Z=-1 FlatVerts=0 SlopeVerts=0
[+19:44:02.669] VoxelChunk: GenerateAsync (0,3,-3)
[+19:44:02.672] VoxelMesh: Chunk X=-1 Y=2 Z=-2 FlatVerts=0 SlopeVerts=0
[+19:44:02.672] VoxelMesh: Chunk X=0 Y=3 Z=-3 FlatVerts=0 SlopeVerts=0
[+19:44:02.672] VoxelChunk: GenerateAsync (0,1,-3)
[+19:44:02.674] VoxelMesh: Chunk X=2 Y=0 Z=0 FlatVerts=0 SlopeVerts=0
[+19:44:02.674] VoxelChunk: GenerateAsync (3,3,-1)
[+19:44:02.674] VoxelMesh: Chunk X=0 Y=1 Z=-3 FlatVerts=0 SlopeVerts=0
[+19:44:02.675] VoxelMesh: Chunk X=-2 Y=-1 Z=-2 FlatVerts=0 SlopeVerts=0
[+19:44:02.676] VoxelChunk: GenerateAsync (0,0,-3)
[+19:44:02.676] VoxelMesh: Chunk X=3 Y=3 Z=-1 FlatVerts=0 SlopeVerts=0
[+19:44:02.678] VoxelMesh: Chunk X=0 Y=0 Z=-3 FlatVerts=0 SlopeVerts=0
[+19:44:02.684] VoxelMesh: Chunk X=0 Y=-2 Z=-1 FlatVerts=0 SlopeVerts=0
[+19:44:02.684] VoxelChunk: GenerateAsync (-2,-3,0)
[+19:44:02.685] VoxelMesh: Chunk X=-2 Y=-3 Z=0 FlatVerts=0 SlopeVerts=0
[+19:44:02.685] VoxelMesh: Chunk X=2 Y=-1 Z=-2 FlatVerts=0 SlopeVerts=30
[+19:44:02.685] VoxelChunk: GenerateAsync (-1,-3,0)
[+19:44:02.687] VoxelMesh: Chunk X=-2 Y=2 Z=-2 FlatVerts=0 SlopeVerts=0
[+19:44:02.687] VoxelMesh: Chunk X=-1 Y=-3 Z=0 FlatVerts=0 SlopeVerts=30
[+19:44:02.687] VoxelChunk: GenerateAsync (0,-3,0)
[+19:44:02.688] VoxelMesh: Chunk X=2 Y=2 Z=-1 FlatVerts=0 SlopeVerts=0
[+19:44:02.689] VoxelChunk: GenerateAsync (1,-3,0)
[+19:44:02.689] VoxelMesh: Chunk X=0 Y=-3 Z=0 FlatVerts=0 SlopeVerts=0
[+19:44:02.690] VoxelMesh: Chunk X=1 Y=-3 Z=0 FlatVerts=0 SlopeVerts=0
[+19:44:02.701] VoxelMesh: Chunk X=0 Y=0 Z=0 FlatVerts=0 SlopeVerts=660
[+19:44:02.702] VoxelChunk: GenerateAsync (2,-3,0)
[+19:44:02.704] VoxelMesh: Chunk X=2 Y=-3 Z=0 FlatVerts=0 SlopeVerts=0
[+19:44:02.707] VoxelMesh: Chunk X=0 Y=0 Z=0 FlatVerts=0 SlopeVerts=0
[+19:44:02.708] VoxelChunk: GenerateAsync (-3,-2,-3)
[+19:44:02.710] VoxelMesh: Chunk X=-3 Y=-2 Z=-3 FlatVerts=0 SlopeVerts=0
[+19:44:02.712] VoxelMesh: Chunk X=0 Y=0 Z=0 FlatVerts=612 SlopeVerts=1296
[+19:44:02.712] VoxelChunk: GenerateAsync (3,1,-1)
[+19:44:02.714] VoxelMesh: Chunk X=3 Y=1 Z=-1 FlatVerts=0 SlopeVerts=0
[+19:44:02.716] VoxelMesh: Chunk X=0 Y=0 Z=0 FlatVerts=5388 SlopeVerts=1914
[+19:44:02.718] VoxelChunk: GenerateAsync (-3,2,-1)
[+19:44:02.720] VoxelMesh: Chunk X=-3 Y=2 Z=-1 FlatVerts=0 SlopeVerts=0
[+19:44:02.733] VoxelMesh: Chunk X=0 Y=0 Z=0 FlatVerts=0 SlopeVerts=0
[+19:44:02.733] VoxelChunk: GenerateAsync (1,3,-3)
[+19:44:02.735] VoxelMesh: Chunk X=1 Y=3 Z=-3 FlatVerts=0 SlopeVerts=0
[+19:44:02.739] VoxelMesh: Chunk X=0 Y=0 Z=0 FlatVerts=0 SlopeVerts=0
[+19:44:02.740] VoxelChunk: GenerateAsync (3,0,-2)
[+19:44:02.741] VoxelMesh: Chunk X=3 Y=0 Z=-2 FlatVerts=0 SlopeVerts=0
[+19:44:02.744] VoxelMesh: Chunk X=0 Y=0 Z=0 FlatVerts=0 SlopeVerts=0
[+19:44:02.744] VoxelChunk: GenerateAsync (-3,1,-2)
[+19:44:02.747] VoxelMesh: Chunk X=-3 Y=1 Z=-2 FlatVerts=0 SlopeVerts=0
[+19:44:02.751] VoxelMesh: Chunk X=0 Y=0 Z=0 FlatVerts=0 SlopeVerts=0
[+19:44:02.752] VoxelChunk: GenerateAsync (2,3,-3)
[+19:44:02.753] VoxelMesh: Chunk X=2 Y=3 Z=-3 FlatVerts=0 SlopeVerts=0
[+19:44:02.764] VoxelMesh: Chunk X=0 Y=0 Z=0 FlatVerts=0 SlopeVerts=0
[+19:44:02.764] VoxelChunk: GenerateAsync (-2,-1,-4)
[+19:44:02.765] VoxelMesh: Chunk X=-2 Y=-1 Z=-4 FlatVerts=0 SlopeVerts=0
[+19:44:02.773] VoxelMesh: Chunk X=0 Y=0 Z=0 FlatVerts=0 SlopeVerts=2418
[+19:44:02.773] VoxelChunk: GenerateAsync (3,-2,0)
[+19:44:02.773] VoxelMesh: Chunk X=3 Y=-2 Z=0 FlatVerts=0 SlopeVerts=102
[+19:44:02.778] VoxelMesh: Chunk X=0 Y=0 Z=0 FlatVerts=0 SlopeVerts=0
[+19:44:02.778] VoxelChunk: GenerateAsync (1,1,-3)
[+19:44:02.781] VoxelMesh: Chunk X=1 Y=1 Z=-3 FlatVerts=0 SlopeVerts=0
[+19:44:02.783] VoxelMesh: Chunk X=0 Y=0 Z=0 FlatVerts=558 SlopeVerts=462
[+19:44:02.783] VoxelChunk: GenerateAsync (3,2,-1)
[+19:44:02.786] VoxelMesh: Chunk X=3 Y=2 Z=-1 FlatVerts=0 SlopeVerts=0
[+19:44:02.790] VoxelMesh: Chunk X=0 Y=0 Z=0 FlatVerts=0 SlopeVerts=0
[+19:44:02.790] VoxelChunk: GenerateAsync (3,-3,-3)
[+19:44:02.792] VoxelMesh: Chunk X=3 Y=-3 Z=-3 FlatVerts=0 SlopeVerts=0
[+19:44:02.803] VoxelMesh: Chunk X=0 Y=0 Z=0 FlatVerts=0 SlopeVerts=0
[+19:44:02.805] VoxelChunk: GenerateAsync (2,-3,-3)
[+19:44:02.807] VoxelMesh: Chunk X=2 Y=-3 Z=-3 FlatVerts=0 SlopeVerts=0
[+19:44:02.810] VoxelMesh: Chunk X=0 Y=0 Z=0 FlatVerts=0 SlopeVerts=0
[+19:44:02.810] VoxelChunk: GenerateAsync (1,-3,-3)
[+19:44:02.814] VoxelMesh: Chunk X=1 Y=-3 Z=-3 FlatVerts=0 SlopeVerts=0
[+19:44:02.815] VoxelMesh: Chunk X=0 Y=0 Z=0 FlatVerts=2340 SlopeVerts=1830
[+19:44:02.816] VoxelChunk: GenerateAsync (-3,3,-1)
[+19:44:02.818] VoxelMesh: Chunk X=-3 Y=3 Z=-1 FlatVerts=0 SlopeVerts=0
[+19:44:02.820] VoxelMesh: Chunk X=0 Y=0 Z=0 FlatVerts=30 SlopeVerts=2028
[+19:44:02.820] VoxelChunk: GenerateAsync (3,-1,0)
[+19:44:02.822] VoxelMesh: Chunk X=3 Y=-1 Z=0 FlatVerts=312 SlopeVerts=462
[+19:44:02.834] VoxelMesh: Chunk X=0 Y=0 Z=0 FlatVerts=9894 SlopeVerts=576
[+19:44:02.835] VoxelChunk: GenerateAsync (-3,0,0)
[+19:44:02.839] VoxelMesh: Chunk X=-3 Y=0 Z=0 FlatVerts=0 SlopeVerts=0
[+19:44:02.840] VoxelMesh: Chunk X=0 Y=0 Z=0 FlatVerts=6054 SlopeVerts=2346
[+19:44:02.841] VoxelChunk: GenerateAsync (-2,3,-1)
[+19:44:02.843] VoxelMesh: Chunk X=-2 Y=3 Z=-1 FlatVerts=0 SlopeVerts=0
[+19:44:02.849] VoxelMesh: Chunk X=0 Y=0 Z=0 FlatVerts=0 SlopeVerts=0
[+19:44:02.849] VoxelChunk: GenerateAsync (0,-3,-3)
[+19:44:02.851] VoxelMesh: Chunk X=0 Y=-3 Z=-3 FlatVerts=0 SlopeVerts=0
[+19:44:02.856] VoxelMesh: Chunk X=0 Y=0 Z=0 FlatVerts=0 SlopeVerts=0
[+19:44:02.856] VoxelChunk: GenerateAsync (3,3,-3)
[+19:44:02.858] VoxelMesh: Chunk X=3 Y=3 Z=-3 FlatVerts=0 SlopeVerts=0
[+19:44:02.869] VoxelMesh: Chunk X=0 Y=0 Z=0 FlatVerts=0 SlopeVerts=0
[+19:44:02.869] VoxelChunk: GenerateAsync (-3,-1,-4)
[+19:44:02.870] VoxelMesh: Chunk X=-3 Y=-1 Z=-4 FlatVerts=0 SlopeVerts=0
[+19:44:02.873] VoxelMesh: Chunk X=0 Y=0 Z=0 FlatVerts=6948 SlopeVerts=1038
[+19:44:02.875] VoxelChunk: GenerateAsync (-1,3,-1)
[+19:44:02.879] VoxelMesh: Chunk X=-1 Y=3 Z=-1 FlatVerts=0 SlopeVerts=0
[+19:44:02.881] VoxelMesh: Chunk X=0 Y=0 Z=0 FlatVerts=6060 SlopeVerts=1098
[+19:44:02.882] VoxelChunk: GenerateAsync (0,3,-1)
[+19:44:02.884] VoxelMesh: Chunk X=0 Y=3 Z=-1 FlatVerts=0 SlopeVerts=0
[+19:44:02.886] VoxelMesh: Chunk X=0 Y=0 Z=0 FlatVerts=2526 SlopeVerts=7044
[+19:44:02.887] VoxelChunk: GenerateAsync (3,0,0)
[+19:44:02.889] VoxelMesh: Chunk X=3 Y=0 Z=0 FlatVerts=432 SlopeVerts=438
[+19:44:02.891] VoxelMesh: Chunk X=0 Y=0 Z=0 FlatVerts=9288 SlopeVerts=3306
[+19:44:02.894] VoxelChunk: GenerateAsync (-3,1,0)
[+19:44:02.898] VoxelMesh: Chunk X=-3 Y=1 Z=0 FlatVerts=0 SlopeVerts=0
[+19:44:02.909] VoxelChunk: GenerateAsync (-11,-9,3)
[+19:44:02.909] VoxelChunk: GenerateAsync (-11,-7,3)
[+19:44:02.910] VoxelMesh: Chunk X=-11 Y=-7 Z=3 FlatVerts=0 SlopeVerts=0
[+19:44:02.910] VoxelMesh: Chunk X=-11 Y=-9 Z=3 FlatVerts=0 SlopeVerts=492
[+19:44:02.911] VoxelMesh: Chunk X=-3 Y=1 Z=0 FlatVerts=0 SlopeVerts=0
[+19:44:02.911] VoxelChunk: GenerateAsync (1,3,-1)
[+19:44:02.912] VoxelMesh: Chunk X=3 Y=0 Z=0 FlatVerts=0 SlopeVerts=0
[+19:44:02.912] VoxelChunk: GenerateAsync (2,3,-1)
[+19:44:02.914] VoxelMesh: Chunk X=1 Y=3 Z=-1 FlatVerts=0 SlopeVerts=0
[+19:44:02.914] VoxelMesh: Chunk X=0 Y=3 Z=-1 FlatVerts=0 SlopeVerts=0
[+19:44:02.915] VoxelMesh: Chunk X=2 Y=3 Z=-1 FlatVerts=0 SlopeVerts=0
[+19:44:02.915] VoxelChunk: GenerateAsync (-2,-3,-3)
[+19:44:02.916] VoxelMesh: Chunk X=-1 Y=3 Z=-1 FlatVerts=0 SlopeVerts=0
[+19:44:02.916] VoxelMesh: Chunk X=-2 Y=-3 Z=-3 FlatVerts=0 SlopeVerts=0
[+19:44:02.917] VoxelChunk: GenerateAsync (-3,-3,-3)
[+19:44:02.919] VoxelMesh: Chunk X=-3 Y=-3 Z=-3 FlatVerts=0 SlopeVerts=0
[+19:44:02.926] VoxelMesh: Chunk X=3 Y=3 Z=-3 FlatVerts=0 SlopeVerts=0
[+19:44:02.926] VoxelChunk: GenerateAsync (-3,-3,-2)
[+19:44:02.929] VoxelMesh: Chunk X=0 Y=-3 Z=-3 FlatVerts=0 SlopeVerts=0
[+19:44:02.929] VoxelMesh: Chunk X=-3 Y=-3 Z=-2 FlatVerts=0 SlopeVerts=0
[+19:44:02.929] VoxelChunk: GenerateAsync (2,1,-3)
[+19:44:02.931] VoxelMesh: Chunk X=-2 Y=3 Z=-1 FlatVerts=0 SlopeVerts=0
[+19:44:02.931] VoxelMesh: Chunk X=2 Y=1 Z=-3 FlatVerts=0 SlopeVerts=0
[+19:44:02.931] VoxelChunk: GenerateAsync (-3,2,0)
[+19:44:02.932] VoxelMesh: Chunk X=-3 Y=0 Z=0 FlatVerts=0 SlopeVerts=0
[+19:44:02.933] VoxelChunk: GenerateAsync (1,0,-3)
[+19:44:02.933] VoxelMesh: Chunk X=-3 Y=2 Z=0 FlatVerts=0 SlopeVerts=0
[+19:44:02.934] VoxelMesh: Chunk X=1 Y=0 Z=-3 FlatVerts=0 SlopeVerts=0
[+19:44:02.940] VoxelMesh: Chunk X=3 Y=-1 Z=0 FlatVerts=0 SlopeVerts=0
[+19:44:02.941] VoxelChunk: GenerateAsync (-3,0,-3)
[+19:44:02.942] VoxelMesh: Chunk X=-3 Y=3 Z=-1 FlatVerts=0 SlopeVerts=0
[+19:44:02.942] VoxelMesh: Chunk X=-3 Y=0 Z=-3 FlatVerts=0 SlopeVerts=0
[+19:44:02.942] VoxelChunk: GenerateAsync (2,-1,-3)
[+19:44:02.944] VoxelMesh: Chunk X=1 Y=-3 Z=-3 FlatVerts=0 SlopeVerts=0
[+19:44:02.944] VoxelChunk: GenerateAsync (0,-3,-1)
[+19:44:02.944] VoxelMesh: Chunk X=2 Y=-1 Z=-3 FlatVerts=0 SlopeVerts=0
[+19:44:02.945] VoxelMesh: Chunk X=2 Y=-3 Z=-3 FlatVerts=0 SlopeVerts=0
[+19:44:02.946] VoxelChunk: GenerateAsync (1,-3,-1)
[+19:44:02.946] VoxelMesh: Chunk X=0 Y=-3 Z=-1 FlatVerts=0 SlopeVerts=0
[+19:44:02.948] VoxelMesh: Chunk X=1 Y=-3 Z=-1 FlatVerts=0 SlopeVerts=0
[+19:44:02.956] VoxelMesh: Chunk X=0 Y=0 Z=0 FlatVerts=0 SlopeVerts=0
[+19:44:02.956] VoxelChunk: GenerateAsync (3,-2,-4)
[+19:44:02.958] VoxelMesh: Chunk X=3 Y=-2 Z=-4 FlatVerts=0 SlopeVerts=0
[+19:44:02.959] VoxelMesh: Chunk X=3 Y=-3 Z=-3 FlatVerts=0 SlopeVerts=0
[+19:44:02.959] VoxelChunk: GenerateAsync (-1,-1,-3)
[+19:44:02.962] VoxelMesh: Chunk X=3 Y=2 Z=-1 FlatVerts=0 SlopeVerts=0
[+19:44:02.962] VoxelChunk: GenerateAsync (3,2,0)
[+19:44:02.962] VoxelMesh: Chunk X=-1 Y=-1 Z=-3 FlatVerts=0 SlopeVerts=0
[+19:44:02.964] VoxelMesh: Chunk X=1 Y=1 Z=-3 FlatVerts=0 SlopeVerts=0
[+19:44:02.964] VoxelChunk: GenerateAsync (-3,3,0)
[+19:44:02.964] VoxelMesh: Chunk X=3 Y=2 Z=0 FlatVerts=0 SlopeVerts=0
[+19:44:02.966] VoxelMesh: Chunk X=3 Y=-2 Z=0 FlatVerts=0 SlopeVerts=0
[+19:44:02.966] VoxelChunk: GenerateAsync (-2,3,0)
[+19:44:02.966] VoxelMesh: Chunk X=-3 Y=3 Z=0 FlatVerts=0 SlopeVerts=0
[+19:44:02.967] VoxelMesh: Chunk X=-2 Y=3 Z=0 FlatVerts=0 SlopeVerts=0
[+19:44:02.974] VoxelMesh: Chunk X=2 Y=3 Z=-3 FlatVerts=0 SlopeVerts=12
[+19:44:02.974] VoxelChunk: GenerateAsync (-1,3,0)
[+19:44:02.975] VoxelMesh: Chunk X=-3 Y=1 Z=-2 FlatVerts=0 SlopeVerts=0
[+19:44:02.975] VoxelChunk: GenerateAsync (0,3,0)
[+19:44:02.975] VoxelMesh: Chunk X=-1 Y=3 Z=0 FlatVerts=0 SlopeVerts=12
[+19:44:02.977] VoxelMesh: Chunk X=0 Y=3 Z=0 FlatVerts=0 SlopeVerts=0
[+19:44:02.977] VoxelMesh: Chunk X=3 Y=0 Z=-2 FlatVerts=0 SlopeVerts=0
[+19:44:02.977] VoxelChunk: GenerateAsync (1,3,0)
[+19:44:02.978] VoxelMesh: Chunk X=1 Y=3 Z=-3 FlatVerts=0 SlopeVerts=0
[+19:44:02.978] VoxelMesh: Chunk X=1 Y=3 Z=0 FlatVerts=0 SlopeVerts=0
[+19:44:02.978] VoxelChunk: GenerateAsync (2,3,0)
[+19:44:02.979] VoxelMesh: Chunk X=2 Y=3 Z=0 FlatVerts=0 SlopeVerts=0
[+19:44:02.986] VoxelMesh: Chunk X=-3 Y=2 Z=-1 FlatVerts=0 SlopeVerts=0
[+19:44:02.986] VoxelChunk: GenerateAsync (3,3,0)
[+19:44:02.988] VoxelMesh: Chunk X=3 Y=1 Z=-1 FlatVerts=522 SlopeVerts=1476
[+19:44:02.988] VoxelChunk: GenerateAsync (-3,-3,1)
[+19:44:02.989] VoxelMesh: Chunk X=3 Y=3 Z=0 FlatVerts=0 SlopeVerts=0
[+19:44:02.989] VoxelMesh: Chunk X=-3 Y=-3 Z=1 FlatVerts=522 SlopeVerts=1476
[+19:44:02.989] VoxelMesh: Chunk X=-3 Y=-2 Z=-3 FlatVerts=450 SlopeVerts=5076
[+19:44:02.990] VoxelChunk: GenerateAsync (-2,-3,1)
[+19:44:02.991] VoxelMesh: Chunk X=-2 Y=-3 Z=1 FlatVerts=450 SlopeVerts=5076
[+19:44:02.992] VoxelMesh: Chunk X=2 Y=-3 Z=0 FlatVerts=72 SlopeVerts=3234
[+19:44:02.992] VoxelChunk: GenerateAsync (-1,-3,1)
[+19:44:02.993] VoxelMesh: Chunk X=-1 Y=-3 Z=1 FlatVerts=72 SlopeVerts=3234
[+19:44:03.002] VoxelMesh: Chunk X=1 Y=1 Z=-2 FlatVerts=54 SlopeVerts=1068
[+19:44:03.002] VoxelChunk: GenerateAsync (0,-3,1)
[+19:44:03.004] VoxelMesh: Chunk X=2 Y=1 Z=-2 FlatVerts=0 SlopeVerts=0
[+19:44:03.004] VoxelChunk: GenerateAsync (1,-3,1)
[+19:44:03.004] VoxelMesh: Chunk X=0 Y=-3 Z=1 FlatVerts=54 SlopeVerts=1068
[+19:44:03.006] VoxelMesh: Chunk X=0 Y=-2 Z=0 FlatVerts=0 SlopeVerts=0
[+19:44:03.006] VoxelMesh: Chunk X=1 Y=-3 Z=1 FlatVerts=0 SlopeVerts=0
[+19:44:03.006] VoxelChunk: GenerateAsync (2,-3,1)
[+19:44:03.007] VoxelMesh: Chunk X=1 Y=-2 Z=0 FlatVerts=60 SlopeVerts=318
[+19:44:03.007] VoxelChunk: GenerateAsync (3,-3,1)
[+19:44:03.007] VoxelMesh: Chunk X=2 Y=-3 Z=1 FlatVerts=0 SlopeVerts=0
[+19:44:03.007] VoxelMesh: Chunk X=3 Y=-3 Z=1 FlatVerts=60 SlopeVerts=318
[+19:44:03.016] VoxelMesh: Chunk X=-2 Y=-1 Z=0 FlatVerts=0 SlopeVerts=750
[+19:44:03.016] VoxelChunk: GenerateAsync (-3,-2,1)
[+19:44:03.018] VoxelMesh: Chunk X=-2 Y=-3 Z=-2 FlatVerts=0 SlopeVerts=0
[+19:44:03.018] VoxelChunk: GenerateAsync (3,-2,-1)
[+19:44:03.018] VoxelMesh: Chunk X=-3 Y=-2 Z=1 FlatVerts=0 SlopeVerts=750
[+19:44:03.019] VoxelMesh: Chunk X=-3 Y=2 Z=-2 FlatVerts=0 SlopeVerts=0
[+19:44:03.019] VoxelChunk: GenerateAsync (-3,-3,0)
[+19:44:03.019] VoxelMesh: Chunk X=3 Y=-2 Z=-1 FlatVerts=0 SlopeVerts=0
[+19:44:03.020] VoxelMesh: Chunk X=-3 Y=-3 Z=0 FlatVerts=0 SlopeVerts=0
[+19:44:03.020] VoxelMesh: Chunk X=3 Y=-3 Z=0 FlatVerts=0 SlopeVerts=12
[+19:44:03.020] VoxelChunk: GenerateAsync (-3,1,2)
[+19:44:03.022] VoxelMesh: Chunk X=-3 Y=1 Z=2 FlatVerts=0 SlopeVerts=12
[+19:44:03.035] VoxelMesh: Chunk X=-1 Y=-3 Z=-2 FlatVerts=0 SlopeVerts=2652
[+19:44:03.035] VoxelChunk: GenerateAsync (2,3,3)
[+19:44:03.037] VoxelMesh: Chunk X=3 Y=1 Z=-3 FlatVerts=0 SlopeVerts=1308
[+19:44:03.037] VoxelMesh: Chunk X=2 Y=3 Z=3 FlatVerts=0 SlopeVerts=2652
[+19:44:03.037] VoxelChunk: GenerateAsync (1,3,3)
[+19:44:03.038] VoxelMesh: Chunk X=3 Y=3 Z=3 FlatVerts=1620 SlopeVerts=2238
[+19:44:03.038] VoxelChunk: GenerateAsync (3,-2,1)
[+19:44:03.038] VoxelMesh: Chunk X=1 Y=3 Z=3 FlatVerts=0 SlopeVerts=1308
[+19:44:03.039] VoxelMesh: Chunk X=3 Y=-2 Z=1 FlatVerts=1620 SlopeVerts=2238
[+19:44:03.039] VoxelMesh: Chunk X=3 Y=1 Z=-2 FlatVerts=0 SlopeVerts=0
[+19:44:03.039] VoxelChunk: GenerateAsync (-3,-1,1)
[+19:44:03.041] VoxelMesh: Chunk X=-3 Y=-1 Z=1 FlatVerts=0 SlopeVerts=0
[+19:44:03.050] VoxelMesh: Chunk X=-3 Y=-2 Z=0 FlatVerts=0 SlopeVerts=30
[+19:44:03.051] VoxelChunk: GenerateAsync (-2,-3,3)
[+19:44:03.052] VoxelMesh: Chunk X=0 Y=-3 Z=-2 FlatVerts=12 SlopeVerts=2208
[+19:44:03.052] VoxelChunk: GenerateAsync (-3,1,3)
[+19:44:03.053] VoxelMesh: Chunk X=-2 Y=-3 Z=3 FlatVerts=0 SlopeVerts=30
[+19:44:03.054] VoxelMesh: Chunk X=-3 Y=1 Z=3 FlatVerts=12 SlopeVerts=2208
[+19:44:03.054] VoxelMesh: Chunk X=-3 Y=-1 Z=0 FlatVerts=0 SlopeVerts=4332
[+19:44:03.054] VoxelChunk: GenerateAsync (-1,-3,3)
[+19:44:03.057] VoxelMesh: Chunk X=1 Y=-3 Z=-2 FlatVerts=0 SlopeVerts=0
[+19:44:03.057] VoxelChunk: GenerateAsync (1,-1,3)
[+19:44:03.057] VoxelMesh: Chunk X=-1 Y=-3 Z=3 FlatVerts=0 SlopeVerts=4332
[+19:44:03.058] VoxelMesh: Chunk X=1 Y=-1 Z=3 FlatVerts=0 SlopeVerts=0
[+19:44:03.069] VoxelMesh: Chunk X=0 Y=0 Z=0 FlatVerts=0 SlopeVerts=0
[+19:44:03.069] VoxelChunk: GenerateAsync (-1,2,-4)
[+19:44:03.071] VoxelMesh: Chunk X=-1 Y=2 Z=-4 FlatVerts=0 SlopeVerts=0
[+19:44:03.072] VoxelMesh: Chunk X=-3 Y=2 Z=-3 FlatVerts=144 SlopeVerts=7656
[+19:44:03.073] VoxelChunk: GenerateAsync (-2,1,3)
[+19:44:03.075] VoxelMesh: Chunk X=2 Y=0 Z=-3 FlatVerts=0 SlopeVerts=0
[+19:44:03.075] VoxelMesh: Chunk X=-2 Y=1 Z=3 FlatVerts=144 SlopeVerts=7656
[+19:44:03.075] VoxelChunk: GenerateAsync (0,2,3)
[+19:44:03.077] VoxelMesh: Chunk X=3 Y=2 Z=-2 FlatVerts=12 SlopeVerts=5172
[+19:44:03.077] VoxelMesh: Chunk X=0 Y=2 Z=3 FlatVerts=0 SlopeVerts=0
[+19:44:03.077] VoxelChunk: GenerateAsync (0,-3,3)
[+19:44:03.079] VoxelMesh: Chunk X=-3 Y=3 Z=-2 FlatVerts=12 SlopeVerts=3810
[+19:44:03.079] VoxelMesh: Chunk X=0 Y=-3 Z=3 FlatVerts=12 SlopeVerts=5172
[+19:44:03.079] VoxelChunk: GenerateAsync (1,-2,3)
[+19:44:03.081] VoxelMesh: Chunk X=1 Y=-2 Z=3 FlatVerts=12 SlopeVerts=3810
[+19:44:03.100] VoxelMesh: Chunk X=2 Y=-3 Z=-2 FlatVerts=0 SlopeVerts=0
[+19:44:03.100] VoxelChunk: GenerateAsync (2,-1,3)
[+19:44:03.101] VoxelMesh: Chunk X=-2 Y=3 Z=-2 FlatVerts=0 SlopeVerts=1560
[+19:44:03.102] VoxelChunk: GenerateAsync (-3,0,3)
[+19:44:03.102] VoxelMesh: Chunk X=2 Y=-1 Z=3 FlatVerts=0 SlopeVerts=0
[+19:44:03.103] VoxelMesh: Chunk X=-3 Y=0 Z=3 FlatVerts=0 SlopeVerts=1560
[+19:44:03.103] VoxelMesh: Chunk X=-1 Y=3 Z=-2 FlatVerts=0 SlopeVerts=294
[+19:44:03.104] VoxelChunk: GenerateAsync (-1,1,3)
[+19:44:03.104] VoxelMesh: Chunk X=3 Y=-3 Z=-2 FlatVerts=6 SlopeVerts=912
[+19:44:03.105] VoxelChunk: GenerateAsync (-3,2,3)
[+19:44:03.105] VoxelMesh: Chunk X=-3 Y=2 Z=3 FlatVerts=6 SlopeVerts=912
[+19:44:03.105] VoxelMesh: Chunk X=-1 Y=1 Z=3 FlatVerts=0 SlopeVerts=294
[+19:44:03.113] VoxelMesh: Chunk X=-2 Y=2 Z=-3 FlatVerts=0 SlopeVerts=732
[+19:44:03.113] VoxelChunk: GenerateAsync (1,2,3)
[+19:44:03.116] VoxelMesh: Chunk X=1 Y=2 Z=3 FlatVerts=0 SlopeVerts=732
[+19:44:03.116] VoxelMesh: Chunk X=0 Y=3 Z=-2 FlatVerts=60 SlopeVerts=3072
[+19:44:03.116] VoxelChunk: GenerateAsync (-3,3,3)
[+19:44:03.118] VoxelMesh: Chunk X=1 Y=3 Z=-2 FlatVerts=0 SlopeVerts=4692
[+19:44:03.118] VoxelChunk: GenerateAsync (1,-3,3)
[+19:44:03.118] VoxelMesh: Chunk X=-3 Y=3 Z=3 FlatVerts=60 SlopeVerts=3072
[+19:44:03.119] VoxelMesh: Chunk X=-3 Y=-2 Z=-2 FlatVerts=0 SlopeVerts=6270
[+19:44:03.120] VoxelMesh: Chunk X=1 Y=-3 Z=3 FlatVerts=0 SlopeVerts=4692
[+19:44:03.120] VoxelChunk: GenerateAsync (-2,-2,3)
[+19:44:03.122] VoxelMesh: Chunk X=-2 Y=-2 Z=3 FlatVerts=0 SlopeVerts=6270
[+19:44:03.132] VoxelMesh: Chunk X=2 Y=3 Z=-2 FlatVerts=6 SlopeVerts=3090
[+19:44:03.132] VoxelChunk: GenerateAsync (2,-2,3)
[+19:44:03.134] VoxelMesh: Chunk X=2 Y=-2 Z=3 FlatVerts=6 SlopeVerts=3090
[+19:44:03.134] VoxelMesh: Chunk X=-1 Y=-3 Z=-3 FlatVerts=0 SlopeVerts=72
[+19:44:03.134] VoxelChunk: GenerateAsync (0,-1,3)
[+19:44:03.136] VoxelMesh: Chunk X=3 Y=3 Z=-2 FlatVerts=126 SlopeVerts=1146
[+19:44:03.136] VoxelChunk: GenerateAsync (3,1,1)
[+19:44:03.136] VoxelMesh: Chunk X=0 Y=-1 Z=3 FlatVerts=0 SlopeVerts=72
[+19:44:03.137] VoxelMesh: Chunk X=3 Y=1 Z=1 FlatVerts=126 SlopeVerts=1146
[+19:44:03.137] VoxelMesh: Chunk X=-1 Y=2 Z=-3 FlatVerts=0 SlopeVerts=0
[+19:44:03.137] VoxelChunk: GenerateAsync (3,-1,3)
[+19:44:03.139] VoxelMesh: Chunk X=3 Y=-1 Z=3 FlatVerts=0 SlopeVerts=0
[+19:44:03.148] VoxelMesh: Chunk X=3 Y=0 Z=-3 FlatVerts=0 SlopeVerts=5352
[+19:44:03.149] VoxelChunk: GenerateAsync (-2,0,3)
[+19:44:03.150] VoxelMesh: Chunk X=-2 Y=0 Z=-3 FlatVerts=0 SlopeVerts=0
[+19:44:03.150] VoxelChunk: GenerateAsync (1,0,3)
[+19:44:03.150] VoxelMesh: Chunk X=-2 Y=0 Z=3 FlatVerts=0 SlopeVerts=5352
[+19:44:03.153] VoxelMesh: Chunk X=1 Y=0 Z=3 FlatVerts=0 SlopeVerts=0
[+19:44:03.153] VoxelMesh: Chunk X=-3 Y=-3 Z=-1 FlatVerts=0 SlopeVerts=0
[+19:44:03.153] VoxelChunk: GenerateAsync (0,1,3)
[+19:44:03.154] VoxelMesh: Chunk X=0 Y=1 Z=3 FlatVerts=0 SlopeVerts=0
[+19:44:03.154] VoxelMesh: Chunk X=3 Y=1 Z=0 FlatVerts=0 SlopeVerts=0
[+19:44:03.154] VoxelChunk: GenerateAsync (1,1,3)
[+19:44:03.155] VoxelMesh: Chunk X=1 Y=1 Z=3 FlatVerts=0 SlopeVerts=0
[+19:44:03.167] VoxelMesh: Chunk X=-2 Y=-3 Z=-1 FlatVerts=18 SlopeVerts=4662
[+19:44:03.167] VoxelChunk: GenerateAsync (-2,2,3)
[+19:44:03.169] VoxelMesh: Chunk X=-1 Y=-3 Z=-1 FlatVerts=1170 SlopeVerts=2454
[+19:44:03.169] VoxelChunk: GenerateAsync (3,0,1)
[+19:44:03.169] VoxelMesh: Chunk X=-2 Y=2 Z=3 FlatVerts=18 SlopeVerts=4662
[+19:44:03.170] VoxelMesh: Chunk X=1 Y=-1 Z=-3 FlatVerts=0 SlopeVerts=2184
[+19:44:03.170] VoxelMesh: Chunk X=3 Y=0 Z=1 FlatVerts=1170 SlopeVerts=2454
[+19:44:03.170] VoxelChunk: GenerateAsync (2,2,3)
[+19:44:03.172] VoxelMesh: Chunk X=0 Y=2 Z=-3 FlatVerts=0 SlopeVerts=1038
[+19:44:03.172] VoxelMesh: Chunk X=2 Y=2 Z=3 FlatVerts=0 SlopeVerts=2184
[+19:44:03.172] VoxelChunk: GenerateAsync (3,2,3)
[+19:44:03.173] VoxelMesh: Chunk X=3 Y=2 Z=3 FlatVerts=0 SlopeVerts=1038
[+19:44:03.185] VoxelMesh: Chunk X=0 Y=0 Z=0 FlatVerts=0 SlopeVerts=0
[+19:44:03.185] VoxelChunk: GenerateAsync (0,3,-4)
[+19:44:03.187] VoxelMesh: Chunk X=0 Y=3 Z=-4 FlatVerts=0 SlopeVerts=0
[+19:44:03.188] VoxelMesh: Chunk X=2 Y=-3 Z=-1 FlatVerts=0 SlopeVerts=1026
[+19:44:03.188] VoxelChunk: GenerateAsync (-2,3,3)
[+19:44:03.190] VoxelMesh: Chunk X=3 Y=-3 Z=-1 FlatVerts=660 SlopeVerts=1860
[+19:44:03.190] VoxelChunk: GenerateAsync (0,3,1)
[+19:44:03.191] VoxelMesh: Chunk X=-2 Y=3 Z=3 FlatVerts=0 SlopeVerts=1026
[+19:44:03.191] VoxelMesh: Chunk X=0 Y=3 Z=1 FlatVerts=660 SlopeVerts=1860
[+19:44:03.191] VoxelMesh: Chunk X=-3 Y=-2 Z=-1 FlatVerts=12 SlopeVerts=3114
[+19:44:03.191] VoxelChunk: GenerateAsync (2,-3,3)
[+19:44:03.193] VoxelMesh: Chunk X=2 Y=-3 Z=3 FlatVerts=12 SlopeVerts=3114
[+19:44:03.193] VoxelMesh: Chunk X=1 Y=2 Z=-3 FlatVerts=0 SlopeVerts=4488
[+19:44:03.193] VoxelChunk: GenerateAsync (3,-3,3)
[+19:44:03.194] VoxelMesh: Chunk X=3 Y=-3 Z=3 FlatVerts=0 SlopeVerts=4488
[+19:44:03.204] VoxelMesh: Chunk X=-3 Y=1 Z=-3 FlatVerts=6 SlopeVerts=2718
[+19:44:03.204] VoxelChunk: GenerateAsync (-1,-2,3)
[+19:44:03.207] VoxelMesh: Chunk X=3 Y=-2 Z=-2 FlatVerts=66 SlopeVerts=4050
[+19:44:03.207] VoxelMesh: Chunk X=-1 Y=-2 Z=3 FlatVerts=6 SlopeVerts=2718
[+19:44:03.207] VoxelChunk: GenerateAsync (0,-2,3)
[+19:44:03.209] VoxelMesh: Chunk X=-3 Y=-1 Z=-2 FlatVerts=0 SlopeVerts=0
[+19:44:03.209] VoxelChunk: GenerateAsync (3,-2,3)
[+19:44:03.209] VoxelMesh: Chunk X=0 Y=-2 Z=3 FlatVerts=66 SlopeVerts=4050
[+19:44:03.211] VoxelMesh: Chunk X=3 Y=-2 Z=3 FlatVerts=0 SlopeVerts=0
[+19:44:03.211] VoxelMesh: Chunk X=2 Y=2 Z=-3 FlatVerts=66 SlopeVerts=4182
[+19:44:03.211] VoxelChunk: GenerateAsync (-2,-1,3)
[+19:44:03.214] VoxelMesh: Chunk X=-2 Y=-1 Z=3 FlatVerts=66 SlopeVerts=4182
[+19:44:03.222] VoxelMesh: Chunk X=0 Y=-1 Z=-3 FlatVerts=0 SlopeVerts=4014
[+19:44:03.222] VoxelChunk: GenerateAsync (0,-3,2)
[+19:44:03.224] VoxelMesh: Chunk X=-3 Y=-1 Z=-1 FlatVerts=0 SlopeVerts=666
[+19:44:03.224] VoxelChunk: GenerateAsync (1,-3,2)
[+19:44:03.224] VoxelMesh: Chunk X=0 Y=-3 Z=2 FlatVerts=0 SlopeVerts=4014
[+19:44:03.224] VoxelMesh: Chunk X=3 Y=2 Z=-3 FlatVerts=0 SlopeVerts=30
[+19:44:03.225] VoxelChunk: GenerateAsync (2,-3,2)
[+19:44:03.225] VoxelMesh: Chunk X=1 Y=-3 Z=2 FlatVerts=0 SlopeVerts=666
[+19:44:03.225] VoxelMesh: Chunk X=-2 Y=1 Z=-3 FlatVerts=0 SlopeVerts=2658
[+19:44:03.225] VoxelMesh: Chunk X=2 Y=-3 Z=2 FlatVerts=0 SlopeVerts=30
[+19:44:03.227] VoxelChunk: GenerateAsync (3,-3,2)
[+19:44:03.227] VoxelMesh: Chunk X=3 Y=-3 Z=2 FlatVerts=0 SlopeVerts=2658
[+19:44:03.237] VoxelMesh: Chunk X=-1 Y=0 Z=-3 FlatVerts=18 SlopeVerts=2742
[+19:44:03.237] VoxelChunk: GenerateAsync (-3,-2,2)
[+19:44:03.239] VoxelMesh: Chunk X=-3 Y=-2 Z=2 FlatVerts=18 SlopeVerts=2742
[+19:44:03.239] VoxelMesh: Chunk X=3 Y=-1 Z=-3 FlatVerts=0 SlopeVerts=0
[+19:44:03.239] VoxelChunk: GenerateAsync (-3,2,1)
[+19:44:03.240] VoxelMesh: Chunk X=-2 Y=-1 Z=-3 FlatVerts=108 SlopeVerts=6228
[+19:44:03.241] VoxelMesh: Chunk X=-3 Y=2 Z=1 FlatVerts=0 SlopeVerts=0
[+19:44:03.241] VoxelChunk: GenerateAsync (-1,0,3)
[+19:44:03.242] VoxelMesh: Chunk X=-3 Y=-1 Z=-3 FlatVerts=0 SlopeVerts=42
[+19:44:03.243] VoxelChunk: GenerateAsync (0,0,3)
[+19:44:03.243] VoxelMesh: Chunk X=-1 Y=0 Z=3 FlatVerts=108 SlopeVerts=6228
[+19:44:03.244] VoxelMesh: Chunk X=0 Y=0 Z=3 FlatVerts=0 SlopeVerts=42
[+19:44:03.253] VoxelMesh: Chunk X=3 Y=-2 Z=-3 FlatVerts=0 SlopeVerts=0
[+19:44:03.253] VoxelChunk: GenerateAsync (2,0,3)
[+19:44:03.255] VoxelMesh: Chunk X=-3 Y=3 Z=-3 FlatVerts=0 SlopeVerts=252
[+19:44:03.255] VoxelChunk: GenerateAsync (3,0,3)
[+19:44:03.255] VoxelMesh: Chunk X=2 Y=0 Z=3 FlatVerts=0 SlopeVerts=0
[+19:44:03.256] VoxelMesh: Chunk X=3 Y=-1 Z=-1 FlatVerts=102 SlopeVerts=1170
[+19:44:03.257] VoxelChunk: GenerateAsync (3,-2,2)
[+19:44:03.257] VoxelMesh: Chunk X=3 Y=0 Z=3 FlatVerts=0 SlopeVerts=252
[+19:44:03.258] VoxelMesh: Chunk X=-3 Y=0 Z=-1 FlatVerts=0 SlopeVerts=0
[+19:44:03.258] VoxelMesh: Chunk X=3 Y=-2 Z=2 FlatVerts=102 SlopeVerts=1170
[+19:44:03.258] VoxelChunk: GenerateAsync (-3,-1,2)
[+19:44:03.260] VoxelMesh: Chunk X=-3 Y=-1 Z=2 FlatVerts=0 SlopeVerts=0
[+19:44:03.268] VoxelMesh: Chunk X=2 Y=-2 Z=-3 FlatVerts=0 SlopeVerts=1170
[+19:44:03.268] VoxelChunk: GenerateAsync (2,1,3)
[+19:44:03.269] VoxelMesh: Chunk X=3 Y=-1 Z=-2 FlatVerts=0 SlopeVerts=2766
[+19:44:03.269] VoxelMesh: Chunk X=2 Y=1 Z=3 FlatVerts=0 SlopeVerts=1170
[+19:44:03.269] VoxelChunk: GenerateAsync (3,1,3)
[+19:44:03.271] VoxelMesh: Chunk X=3 Y=1 Z=3 FlatVerts=0 SlopeVerts=2766
[+19:44:03.271] VoxelMesh: Chunk X=-2 Y=3 Z=-3 FlatVerts=0 SlopeVerts=0
[+19:44:03.272] VoxelChunk: GenerateAsync (-1,2,3)
[+19:44:03.272] VoxelMesh: Chunk X=-1 Y=1 Z=-3 FlatVerts=1392 SlopeVerts=2544
[+19:44:03.273] VoxelChunk: GenerateAsync (3,-1,1)
[+19:44:03.273] VoxelMesh: Chunk X=-1 Y=2 Z=3 FlatVerts=0 SlopeVerts=0
[+19:44:03.274] VoxelMesh: Chunk X=3 Y=-1 Z=1 FlatVerts=1392 SlopeVerts=2544
[+19:44:03.286] VoxelMesh: Chunk X=0 Y=0 Z=0 FlatVerts=0 SlopeVerts=0
[+19:44:03.286] VoxelChunk: GenerateAsync (3,3,-4)
[+19:44:03.287] VoxelMesh: Chunk X=3 Y=3 Z=-4 FlatVerts=0 SlopeVerts=0
[+19:44:03.289] VoxelMesh: Chunk X=1 Y=-2 Z=-3 FlatVerts=0 SlopeVerts=0
[+19:44:03.289] VoxelChunk: GenerateAsync (3,2,1)
[+19:44:03.291] VoxelMesh: Chunk X=3 Y=2 Z=1 FlatVerts=0 SlopeVerts=0
[+19:44:03.291] VoxelMesh: Chunk X=0 Y=-2 Z=-3 FlatVerts=84 SlopeVerts=120
[+19:44:03.291] VoxelChunk: GenerateAsync (3,-1,2)
[+19:44:03.292] VoxelMesh: Chunk X=-3 Y=0 Z=-2 FlatVerts=0 SlopeVerts=18
[+19:44:03.292] VoxelChunk: GenerateAsync (-3,0,2)
[+19:44:03.294] VoxelMesh: Chunk X=3 Y=-1 Z=2 FlatVerts=84 SlopeVerts=120
[+19:44:03.294] VoxelMesh: Chunk X=3 Y=0 Z=-1 FlatVerts=0 SlopeVerts=0
[+19:44:03.294] VoxelChunk: GenerateAsync (-3,3,1)
[+19:44:03.294] VoxelMesh: Chunk X=-3 Y=0 Z=2 FlatVerts=0 SlopeVerts=18
[+19:44:03.295] VoxelMesh: Chunk X=-3 Y=3 Z=1 FlatVerts=0 SlopeVerts=0
[+19:44:03.303] VoxelMesh: Chunk X=-1 Y=3 Z=-3 FlatVerts=0 SlopeVerts=0
[+19:44:03.303] VoxelChunk: GenerateAsync (-3,1,1)
[+19:44:03.304] VoxelMesh: Chunk X=-3 Y=1 Z=-1 FlatVerts=90 SlopeVerts=372
[+19:44:03.304] VoxelChunk: GenerateAsync (-2,3,1)
[+19:44:03.306] VoxelMesh: Chunk X=-3 Y=1 Z=1 FlatVerts=0 SlopeVerts=0
[+19:44:03.306] VoxelMesh: Chunk X=-2 Y=3 Z=1 FlatVerts=90 SlopeVerts=372
[+19:44:03.306] VoxelMesh: Chunk X=-1 Y=-2 Z=-3 FlatVerts=0 SlopeVerts=0
[+19:44:03.306] VoxelChunk: GenerateAsync (-3,0,1)
[+19:44:03.307] VoxelMesh: Chunk X=-2 Y=-2 Z=-3 FlatVerts=564 SlopeVerts=1836
[+19:44:03.307] VoxelMesh: Chunk X=-3 Y=0 Z=1 FlatVerts=0 SlopeVerts=0
[+19:44:03.307] VoxelChunk: GenerateAsync (-1,3,1)
[+19:44:03.308] VoxelMesh: Chunk X=-1 Y=3 Z=1 FlatVerts=564 SlopeVerts=1836
[+19:44:03.317] VoxelMesh: Chunk X=0 Y=3 Z=-3 FlatVerts=18 SlopeVerts=1110
[+19:44:03.317] VoxelChunk: GenerateAsync (3,0,2)
[+19:44:03.319] VoxelMesh: Chunk X=3 Y=0 Z=2 FlatVerts=18 SlopeVerts=1110
[+19:44:03.319] VoxelMesh: Chunk X=0 Y=1 Z=-3 FlatVerts=0 SlopeVerts=0
[+19:44:03.319] VoxelChunk: GenerateAsync (0,3,3)
[+19:44:03.321] VoxelMesh: Chunk X=3 Y=3 Z=-1 FlatVerts=0 SlopeVerts=0
[+19:44:03.321] VoxelMesh: Chunk X=0 Y=3 Z=3 FlatVerts=0 SlopeVerts=0
[+19:44:03.322] VoxelChunk: GenerateAsync (-1,3,3)
[+19:44:03.322] VoxelMesh: Chunk X=0 Y=0 Z=-3 FlatVerts=252 SlopeVerts=636
[+19:44:03.322] VoxelChunk: GenerateAsync (1,3,1)
[+19:44:03.323] VoxelMesh: Chunk X=1 Y=3 Z=1 FlatVerts=252 SlopeVerts=636
[+19:44:03.323] VoxelMesh: Chunk X=-1 Y=3 Z=3 FlatVerts=0 SlopeVerts=0
[+19:44:03.331] VoxelMesh: Chunk X=-2 Y=-3 Z=0 FlatVerts=36 SlopeVerts=5958
[+19:44:03.332] VoxelChunk: GenerateAsync (-3,-2,3)
[+19:44:03.333] VoxelMesh: Chunk X=-1 Y=-3 Z=0 FlatVerts=0 SlopeVerts=0
[+19:44:03.333] VoxelChunk: GenerateAsync (2,3,1)
[+19:44:03.333] VoxelMesh: Chunk X=-3 Y=-2 Z=3 FlatVerts=36 SlopeVerts=5958
[+19:44:03.334] VoxelMesh: Chunk X=2 Y=3 Z=1 FlatVerts=0 SlopeVerts=0
[+19:44:03.334] VoxelMesh: Chunk X=0 Y=-3 Z=0 FlatVerts=0 SlopeVerts=0
[+19:44:03.334] VoxelChunk: GenerateAsync (3,3,1)
[+19:44:03.335] VoxelMesh: Chunk X=3 Y=3 Z=1 FlatVerts=0 SlopeVerts=0
[+19:44:03.335] VoxelMesh: Chunk X=1 Y=-3 Z=0 FlatVerts=0 SlopeVerts=2052
[+19:44:03.335] VoxelChunk: GenerateAsync (3,1,2)
[+19:44:03.337] VoxelMesh: Chunk X=3 Y=1 Z=2 FlatVerts=0 SlopeVerts=2052
[+19:44:03.351] VoxelMesh: Chunk X=0 Y=0 Z=0 FlatVerts=54 SlopeVerts=4116
[+19:44:03.352] VoxelChunk: GenerateAsync (-3,2,2)
[+19:44:03.353] VoxelMesh: Chunk X=-3 Y=2 Z=2 FlatVerts=0 SlopeVerts=0
[+19:44:03.358] VoxelMesh: Chunk X=0 Y=0 Z=0 FlatVerts=48 SlopeVerts=1098
[+19:44:03.359] VoxelChunk: GenerateAsync (-3,-3,2)
[+19:44:03.361] VoxelMesh: Chunk X=-3 Y=-3 Z=2 FlatVerts=120 SlopeVerts=4998
[+19:44:03.365] VoxelMesh: Chunk X=0 Y=0 Z=0 FlatVerts=0 SlopeVerts=0
[+19:44:03.366] VoxelChunk: GenerateAsync (-3,-1,3)
[+19:44:03.367] VoxelMesh: Chunk X=-3 Y=-1 Z=3 FlatVerts=0 SlopeVerts=714
[+19:44:03.373] VoxelMesh: Chunk X=0 Y=0 Z=0 FlatVerts=168 SlopeVerts=12966
[+19:44:03.374] VoxelChunk: GenerateAsync (-2,-3,2)
[+19:44:03.376] VoxelMesh: Chunk X=-2 Y=-3 Z=2 FlatVerts=0 SlopeVerts=2592
[+19:44:03.392] VoxelMesh: Chunk X=0 Y=0 Z=0 FlatVerts=0 SlopeVerts=36
[+19:44:03.392] VoxelChunk: GenerateAsync (-1,-1,3)
[+19:44:03.394] VoxelMesh: Chunk X=-1 Y=-1 Z=3 FlatVerts=12 SlopeVerts=4242
[+19:44:03.400] VoxelMesh: Chunk X=0 Y=0 Z=0 FlatVerts=198 SlopeVerts=32742
[+19:44:03.402] VoxelChunk: GenerateAsync (-1,-3,2)
[+19:44:03.404] VoxelMesh: Chunk X=-1 Y=-3 Z=2 FlatVerts=0 SlopeVerts=3492
[+19:44:03.409] VoxelMesh: Chunk X=0 Y=0 Z=0 FlatVerts=3180 SlopeVerts=1362
[+19:44:03.410] VoxelChunk: GenerateAsync (3,2,2)
[+19:44:03.413] VoxelMesh: Chunk X=3 Y=2 Z=2 FlatVerts=0 SlopeVerts=12
[+19:44:03.417] VoxelMesh: Chunk X=0 Y=0 Z=0 FlatVerts=54 SlopeVerts=7170
[+19:44:03.417] VoxelChunk: GenerateAsync (-3,3,2)
[+19:44:03.418] VoxelMesh: Chunk X=-3 Y=3 Z=2 FlatVerts=6 SlopeVerts=1368
[+19:44:03.430] VoxelMesh: Chunk X=0 Y=0 Z=0 FlatVerts=0 SlopeVerts=0
[+19:44:03.431] VoxelChunk: GenerateAsync (1,-2,-4)
[+19:44:03.432] VoxelMesh: Chunk X=1 Y=-2 Z=-4 FlatVerts=0 SlopeVerts=0
[+19:44:03.436] VoxelChunk: GenerateAsync (-13,-9,3)
[+19:44:03.436] VoxelChunk: GenerateAsync (-13,-8,3)
[+19:44:03.436] VoxelChunk: GenerateAsync (-13,-7,3)
[+19:44:03.436] VoxelChunk: GenerateAsync (-12,-9,3)
[+19:44:03.436] VoxelChunk: GenerateAsync (-12,-8,3)
[+19:44:03.436] VoxelChunk: GenerateAsync (-12,-7,3)
[+19:44:03.436] VoxelChunk: GenerateAsync (-11,-8,3)
[+19:44:03.436] VoxelMesh: Chunk X=-13 Y=-9 Z=3 FlatVerts=0 SlopeVerts=756
[+19:44:03.438] VoxelMesh: Chunk X=-12 Y=-9 Z=3 FlatVerts=0 SlopeVerts=102
[+19:44:03.438] VoxelMesh: Chunk X=-13 Y=-8 Z=3 FlatVerts=0 SlopeVerts=12
[+19:44:03.438] VoxelMesh: Chunk X=-12 Y=-8 Z=3 FlatVerts=0 SlopeVerts=600
[+19:44:03.438] VoxelMesh: Chunk X=-11 Y=-8 Z=3 FlatVerts=0 SlopeVerts=402
[+19:44:03.438] VoxelMesh: Chunk X=-12 Y=-7 Z=3 FlatVerts=0 SlopeVerts=0
[+19:44:03.438] VoxelMesh: Chunk X=-13 Y=-7 Z=3 FlatVerts=0 SlopeVerts=0
[+19:44:03.439] VoxelMesh: Chunk X=-3 Y=3 Z=2 FlatVerts=1056 SlopeVerts=3390
[+19:44:03.439] VoxelChunk: GenerateAsync (-2,3,2)
[+19:44:03.440] VoxelMesh: Chunk X=3 Y=2 Z=2 FlatVerts=1494 SlopeVerts=1200
[+19:44:03.441] VoxelMesh: Chunk X=-2 Y=3 Z=2 FlatVerts=1056 SlopeVerts=3390
[+19:44:03.441] VoxelChunk: GenerateAsync (-1,3,2)
[+19:44:03.443] VoxelMesh: Chunk X=-1 Y=-3 Z=2 FlatVerts=1398 SlopeVerts=1296
[+19:44:03.443] VoxelChunk: GenerateAsync (0,3,2)
[+19:44:03.443] VoxelMesh: Chunk X=-1 Y=3 Z=2 FlatVerts=1494 SlopeVerts=1200
[+19:44:03.444] VoxelMesh: Chunk X=-1 Y=-1 Z=3 FlatVerts=1302 SlopeVerts=2742
[+19:44:03.445] VoxelMesh: Chunk X=0 Y=3 Z=2 FlatVerts=1398 SlopeVerts=1296
[+19:44:03.445] VoxelChunk: GenerateAsync (1,3,2)
[+19:44:03.446] VoxelMesh: Chunk X=1 Y=3 Z=2 FlatVerts=1302 SlopeVerts=2742
[+19:44:03.459] VoxelMesh: Chunk X=-2 Y=-3 Z=2 FlatVerts=30 SlopeVerts=2148
[+19:44:03.460] VoxelChunk: GenerateAsync (2,3,2)
[+19:44:03.461] VoxelMesh: Chunk X=-3 Y=-1 Z=3 FlatVerts=246 SlopeVerts=4416
[+19:44:03.462] VoxelChunk: GenerateAsync (3,3,2)
[+19:44:03.462] VoxelMesh: Chunk X=2 Y=3 Z=2 FlatVerts=30 SlopeVerts=2148
[+19:44:03.464] VoxelMesh: Chunk X=-3 Y=-3 Z=2 FlatVerts=0 SlopeVerts=348
[+19:44:03.464] VoxelMesh: Chunk X=3 Y=3 Z=2 FlatVerts=246 SlopeVerts=4416
[+19:44:03.464] VoxelChunk: GenerateAsync (-3,-3,3)
[+19:44:03.465] VoxelMesh: Chunk X=-3 Y=2 Z=2 FlatVerts=0 SlopeVerts=0
[+19:44:03.465] VoxelChunk: GenerateAsync (2,3,-4)
[+19:44:03.465] VoxelMesh: Chunk X=-3 Y=-3 Z=3 FlatVerts=0 SlopeVerts=348
[+19:44:03.466] VoxelMesh: Chunk X=2 Y=3 Z=-4 FlatVerts=0 SlopeVerts=0
[+19:44:03.480] VoxelMesh: Chunk X=1 Y=3 Z=-1 FlatVerts=0 SlopeVerts=0
[+19:44:03.480] VoxelChunk: GenerateAsync (0,-2,-4)
[+19:44:03.482] VoxelMesh: Chunk X=2 Y=3 Z=-1 FlatVerts=0 SlopeVerts=0
[+19:44:03.482] VoxelMesh: Chunk X=0 Y=-2 Z=-4 FlatVerts=0 SlopeVerts=0
[+19:44:03.482] VoxelChunk: GenerateAsync (-1,-2,-4)
[+19:44:03.484] VoxelMesh: Chunk X=-2 Y=-3 Z=-3 FlatVerts=0 SlopeVerts=0
[+19:44:03.484] VoxelChunk: GenerateAsync (-2,2,-4)
[+19:44:03.484] VoxelMesh: Chunk X=-1 Y=-2 Z=-4 FlatVerts=0 SlopeVerts=0
[+19:44:03.485] VoxelMesh: Chunk X=-3 Y=-3 Z=-3 FlatVerts=0 SlopeVerts=0
[+19:44:03.485] VoxelChunk: GenerateAsync (-2,-2,-4)
[+19:44:03.485] VoxelMesh: Chunk X=-2 Y=2 Z=-4 FlatVerts=0 SlopeVerts=0
[+19:44:03.486] VoxelMesh: Chunk X=-2 Y=-2 Z=-4 FlatVerts=0 SlopeVerts=0
[+19:44:03.494] VoxelMesh: Chunk X=-3 Y=-3 Z=-2 FlatVerts=0 SlopeVerts=0
[+19:44:03.494] VoxelChunk: GenerateAsync (-3,-2,-4)
[+19:44:03.495] VoxelMesh: Chunk X=2 Y=1 Z=-3 FlatVerts=0 SlopeVerts=0
[+19:44:03.496] VoxelChunk: GenerateAsync (-3,2,-4)
[+19:44:03.496] VoxelMesh: Chunk X=-3 Y=-2 Z=-4 FlatVerts=0 SlopeVerts=0
[+19:44:03.496] VoxelMesh: Chunk X=-3 Y=2 Z=-4 FlatVerts=0 SlopeVerts=0
[+19:44:03.496] VoxelMesh: Chunk X=-3 Y=2 Z=0 FlatVerts=0 SlopeVerts=0
[+19:44:03.497] VoxelChunk: GenerateAsync (-3,3,-4)
[+19:44:03.499] VoxelMesh: Chunk X=1 Y=0 Z=-3 FlatVerts=0 SlopeVerts=0
[+19:44:03.499] VoxelChunk: GenerateAsync (3,-3,-4)
[+19:44:03.499] VoxelMesh: Chunk X=-3 Y=3 Z=-4 FlatVerts=0 SlopeVerts=0
[+19:44:03.500] VoxelMesh: Chunk X=3 Y=-3 Z=-4 FlatVerts=0 SlopeVerts=0
[+19:44:03.511] VoxelMesh: Chunk X=0 Y=0 Z=0 FlatVerts=0 SlopeVerts=0
[+19:44:03.511] VoxelChunk: GenerateAsync (-3,-3,-4)
[+19:44:03.512] VoxelMesh: Chunk X=-3 Y=-3 Z=-4 FlatVerts=0 SlopeVerts=0
[+19:44:03.514] VoxelMesh: Chunk X=-3 Y=0 Z=-3 FlatVerts=0 SlopeVerts=0
[+19:44:03.514] VoxelChunk: GenerateAsync (2,-3,-4)
[+19:44:03.515] VoxelMesh: Chunk X=2 Y=-1 Z=-3 FlatVerts=0 SlopeVerts=0
[+19:44:03.515] VoxelChunk: GenerateAsync (1,-3,-4)
[+19:44:03.515] VoxelMesh: Chunk X=2 Y=-3 Z=-4 FlatVerts=0 SlopeVerts=0
[+19:44:03.516] VoxelMesh: Chunk X=1 Y=-3 Z=-4 FlatVerts=0 SlopeVerts=0
[+19:44:03.517] VoxelMesh: Chunk X=0 Y=-3 Z=-1 FlatVerts=0 SlopeVerts=0
[+19:44:03.517] VoxelChunk: GenerateAsync (0,-3,-4)
[+19:44:03.517] VoxelMesh: Chunk X=1 Y=-3 Z=-1 FlatVerts=0 SlopeVerts=0
[+19:44:03.517] VoxelChunk: GenerateAsync (3,1,-4)
[+19:44:03.517] VoxelMesh: Chunk X=0 Y=-3 Z=-4 FlatVerts=0 SlopeVerts=0
[+19:44:03.517] VoxelMesh: Chunk X=3 Y=1 Z=-4 FlatVerts=0 SlopeVerts=0
[+19:44:03.535] VoxelMesh: Chunk X=-1 Y=-1 Z=-3 FlatVerts=0 SlopeVerts=0
[+19:44:03.535] VoxelChunk: GenerateAsync (2,1,-4)
[+19:44:03.536] VoxelMesh: Chunk X=3 Y=2 Z=0 FlatVerts=0 SlopeVerts=0
[+19:44:03.536] VoxelChunk: GenerateAsync (3,2,-4)
[+19:44:03.537] VoxelMesh: Chunk X=2 Y=1 Z=-4 FlatVerts=0 SlopeVerts=0
[+19:44:03.537] VoxelMesh: Chunk X=3 Y=2 Z=-4 FlatVerts=0 SlopeVerts=0
[+19:44:03.537] VoxelMesh: Chunk X=-3 Y=3 Z=0 FlatVerts=0 SlopeVerts=0
[+19:44:03.537] VoxelChunk: GenerateAsync (-1,3,-4)
[+19:44:03.538] VoxelMesh: Chunk X=-1 Y=3 Z=-4 FlatVerts=0 SlopeVerts=0
[+19:44:03.538] VoxelMesh: Chunk X=-2 Y=3 Z=0 FlatVerts=0 SlopeVerts=0
[+19:44:03.538] VoxelChunk: GenerateAsync (3,0,-4)
[+19:44:03.541] VoxelMesh: Chunk X=3 Y=0 Z=-4 FlatVerts=0 SlopeVerts=0
[+19:44:03.547] VoxelMesh: Chunk X=-1 Y=3 Z=0 FlatVerts=0 SlopeVerts=0
[+19:44:03.548] VoxelChunk: GenerateAsync (2,2,-4)
[+19:44:03.549] VoxelMesh: Chunk X=2 Y=2 Z=-4 FlatVerts=0 SlopeVerts=0
[+19:44:03.549] VoxelMesh: Chunk X=0 Y=3 Z=0 FlatVerts=0 SlopeVerts=0
[+19:44:03.549] VoxelChunk: GenerateAsync (2,0,-4)
[+19:44:03.550] VoxelMesh: Chunk X=1 Y=3 Z=0 FlatVerts=0 SlopeVerts=0
[+19:44:03.550] VoxelMesh: Chunk X=2 Y=0 Z=-4 FlatVerts=0 SlopeVerts=0
[+19:44:03.551] VoxelChunk: GenerateAsync (1,0,-4)
[+19:44:03.552] VoxelMesh: Chunk X=2 Y=3 Z=0 FlatVerts=0 SlopeVerts=0
[+19:44:03.552] VoxelChunk: GenerateAsync (1,1,-4)
[+19:44:03.552] VoxelMesh: Chunk X=1 Y=0 Z=-4 FlatVerts=0 SlopeVerts=0
[+19:44:03.554] VoxelMesh: Chunk X=1 Y=1 Z=-4 FlatVerts=0 SlopeVerts=0
[+19:44:03.560] VoxelMesh: Chunk X=3 Y=3 Z=0 FlatVerts=0 SlopeVerts=0
[+19:44:03.561] VoxelChunk: GenerateAsync (0,0,-4)
[+19:44:03.562] VoxelMesh: Chunk X=-3 Y=-3 Z=1 FlatVerts=0 SlopeVerts=0
[+19:44:03.562] VoxelChunk: GenerateAsync (-1,0,-4)
[+19:44:03.564] VoxelMesh: Chunk X=0 Y=0 Z=-4 FlatVerts=0 SlopeVerts=0
[+19:44:03.564] VoxelMesh: Chunk X=-2 Y=-3 Z=1 FlatVerts=0 SlopeVerts=0
[+19:44:03.564] VoxelChunk: GenerateAsync (0,1,-4)
[+19:44:03.565] VoxelMesh: Chunk X=-1 Y=0 Z=-4 FlatVerts=0 SlopeVerts=0
[+19:44:03.566] VoxelMesh: Chunk X=-1 Y=-3 Z=1 FlatVerts=0 SlopeVerts=0
[+19:44:03.566] VoxelChunk: GenerateAsync (1,2,-4)
[+19:44:03.566] VoxelMesh: Chunk X=0 Y=1 Z=-4 FlatVerts=0 SlopeVerts=0
[+19:44:03.567] VoxelMesh: Chunk X=1 Y=2 Z=-4 FlatVerts=0 SlopeVerts=0
[+19:44:03.574] VoxelMesh: Chunk X=0 Y=-3 Z=1 FlatVerts=0 SlopeVerts=0
[+19:44:03.574] VoxelChunk: GenerateAsync (-2,3,-4)
[+19:44:03.575] VoxelMesh: Chunk X=-2 Y=3 Z=-4 FlatVerts=0 SlopeVerts=0
[+19:44:03.575] VoxelMesh: Chunk X=1 Y=-3 Z=1 FlatVerts=0 SlopeVerts=0
[+19:44:03.575] VoxelChunk: GenerateAsync (1,3,-4)
[+19:44:03.577] VoxelMesh: Chunk X=2 Y=-3 Z=1 FlatVerts=0 SlopeVerts=0
[+19:44:03.577] VoxelChunk: GenerateAsync (-1,1,-4)
[+19:44:03.577] VoxelMesh: Chunk X=1 Y=3 Z=-4 FlatVerts=0 SlopeVerts=0
[+19:44:03.579] VoxelMesh: Chunk X=3 Y=-3 Z=1 FlatVerts=0 SlopeVerts=0
[+19:44:03.579] VoxelMesh: Chunk X=-1 Y=1 Z=-4 FlatVerts=0 SlopeVerts=0
[+19:44:03.579] VoxelChunk: GenerateAsync (-2,0,-4)
[+19:44:03.579] VoxelMesh: Chunk X=-2 Y=0 Z=-4 FlatVerts=0 SlopeVerts=0
[+19:44:03.587] VoxelMesh: Chunk X=-3 Y=-2 Z=1 FlatVerts=0 SlopeVerts=0
[+19:44:03.587] VoxelChunk: GenerateAsync (-3,0,-4)
[+19:44:03.588] VoxelMesh: Chunk X=-3 Y=0 Z=-4 FlatVerts=0 SlopeVerts=0
[+19:44:03.588] VoxelMesh: Chunk X=3 Y=-2 Z=-1 FlatVerts=0 SlopeVerts=0
[+19:44:03.588] VoxelChunk: GenerateAsync (-2,1,-4)
[+19:44:03.590] VoxelMesh: Chunk X=-2 Y=1 Z=-4 FlatVerts=0 SlopeVerts=0
[+19:44:03.590] VoxelMesh: Chunk X=-3 Y=-3 Z=0 FlatVerts=0 SlopeVerts=0
[+19:44:03.590] VoxelChunk: GenerateAsync (0,2,-4)
[+19:44:03.592] VoxelMesh: Chunk X=-3 Y=1 Z=2 FlatVerts=0 SlopeVerts=0
[+19:44:03.592] VoxelMesh: Chunk X=0 Y=2 Z=-4 FlatVerts=0 SlopeVerts=0
[+19:44:03.592] VoxelChunk: GenerateAsync (3,-1,-4)
[+19:44:03.593] VoxelMesh: Chunk X=3 Y=-1 Z=-4 FlatVerts=0 SlopeVerts=0
[+19:44:03.601] VoxelMesh: Chunk X=2 Y=3 Z=3 FlatVerts=0 SlopeVerts=0
[+19:44:03.601] VoxelChunk: GenerateAsync (2,-1,-4)
[+19:44:03.602] VoxelMesh: Chunk X=1 Y=3 Z=3 FlatVerts=0 SlopeVerts=0
[+19:44:03.602] VoxelChunk: GenerateAsync (-3,1,-4)
[+19:44:03.603] VoxelMesh: Chunk X=2 Y=-1 Z=-4 FlatVerts=0 SlopeVerts=0
[+19:44:03.603] VoxelMesh: Chunk X=-3 Y=1 Z=-4 FlatVerts=0 SlopeVerts=0
[+19:44:03.603] VoxelMesh: Chunk X=3 Y=-2 Z=1 FlatVerts=0 SlopeVerts=0
[+19:44:03.604] VoxelChunk: GenerateAsync (1,-1,-4)
[+19:44:03.605] VoxelMesh: Chunk X=-3 Y=-1 Z=1 FlatVerts=0 SlopeVerts=0
[+19:44:03.605] VoxelMesh: Chunk X=1 Y=-1 Z=-4 FlatVerts=0 SlopeVerts=0
[+19:44:03.605] VoxelChunk: GenerateAsync (0,-1,-4)
[+19:44:03.606] VoxelMesh: Chunk X=0 Y=-1 Z=-4 FlatVerts=0 SlopeVerts=0
[+19:44:03.615] VoxelMesh: Chunk X=0 Y=0 Z=0 FlatVerts=0 SlopeVerts=0
[+19:44:03.615] VoxelChunk: GenerateAsync (-1,-3,-4)
[+19:44:03.617] VoxelMesh: Chunk X=-1 Y=-3 Z=-4 FlatVerts=0 SlopeVerts=0
[+19:44:03.620] VoxelMesh: Chunk X=-2 Y=-3 Z=3 FlatVerts=0 SlopeVerts=0
[+19:44:03.620] VoxelChunk: GenerateAsync (-1,-1,-4)
[+19:44:03.621] VoxelMesh: Chunk X=-3 Y=1 Z=3 FlatVerts=0 SlopeVerts=0
[+19:44:03.621] VoxelMesh: Chunk X=-1 Y=-1 Z=-4 FlatVerts=0 SlopeVerts=0
[+19:44:03.621] VoxelChunk: GenerateAsync (-2,-1,-4)
[+19:44:03.622] VoxelMesh: Chunk X=-1 Y=-3 Z=3 FlatVerts=0 SlopeVerts=0
[+19:44:03.622] VoxelChunk: GenerateAsync (-3,-1,-4)
[+19:44:03.623] VoxelMesh: Chunk X=-3 Y=-1 Z=-4 FlatVerts=0 SlopeVerts=0
[+19:44:03.623] VoxelMesh: Chunk X=-2 Y=-1 Z=-4 FlatVerts=0 SlopeVerts=0
[+19:44:03.623] VoxelMesh: Chunk X=1 Y=-1 Z=3 FlatVerts=0 SlopeVerts=0
[+19:44:03.623] VoxelChunk: GenerateAsync (3,-2,-4)
[+19:44:03.624] VoxelMesh: Chunk X=3 Y=-2 Z=-4 FlatVerts=0 SlopeVerts=0
[+19:44:03.632] VoxelMesh: Chunk X=-2 Y=1 Z=3 FlatVerts=0 SlopeVerts=0
[+19:44:03.632] VoxelChunk: GenerateAsync (-1,2,-4)
[+19:44:03.634] VoxelMesh: Chunk X=-1 Y=2 Z=-4 FlatVerts=0 SlopeVerts=0
[+19:44:03.634] VoxelMesh: Chunk X=0 Y=2 Z=3 FlatVerts=0 SlopeVerts=0
[+19:44:03.634] VoxelChunk: GenerateAsync (0,3,-4)
[+19:44:03.636] VoxelMesh: Chunk X=0 Y=-3 Z=3 FlatVerts=0 SlopeVerts=0
[+19:44:03.636] VoxelChunk: GenerateAsync (3,3,-4)
[+19:44:03.636] VoxelMesh: Chunk X=0 Y=3 Z=-4 FlatVerts=0 SlopeVerts=0
[+19:44:03.637] VoxelMesh: Chunk X=1 Y=-2 Z=3 FlatVerts=0 SlopeVerts=0
[+19:44:03.637] VoxelChunk: GenerateAsync (1,-2,-4)
[+19:44:03.637] VoxelMesh: Chunk X=3 Y=3 Z=-4 FlatVerts=0 SlopeVerts=0
[+19:44:03.638] VoxelMesh: Chunk X=1 Y=-2 Z=-4 FlatVerts=0 SlopeVerts=0
[+19:44:03.645] VoxelMesh: Chunk X=2 Y=-1 Z=3 FlatVerts=0 SlopeVerts=0
[+19:44:03.646] VoxelChunk: GenerateAsync (-3,-3,-4)
[+19:44:03.647] VoxelMesh: Chunk X=-3 Y=0 Z=3 FlatVerts=0 SlopeVerts=0
[+19:44:03.647] VoxelChunk: GenerateAsync (-1,-3,-4)
[+19:44:03.647] VoxelMesh: Chunk X=-3 Y=-3 Z=-4 FlatVerts=0 SlopeVerts=0
[+19:44:03.649] VoxelMesh: Chunk X=-1 Y=1 Z=3 FlatVerts=0 SlopeVerts=0
[+19:44:03.649] VoxelMesh: Chunk X=-1 Y=-3 Z=-4 FlatVerts=0 SlopeVerts=0
[+19:44:03.649] VoxelChunk: GenerateAsync (2,-2,-4)
[+19:44:03.650] VoxelMesh: Chunk X=-3 Y=2 Z=3 FlatVerts=0 SlopeVerts=0
[+19:44:03.650] VoxelMesh: Chunk X=2 Y=-2 Z=-4 FlatVerts=0 SlopeVerts=0
[+19:44:03.650] VoxelChunk: GenerateAsync (-2,-3,-4)
[+19:44:03.652] VoxelMesh: Chunk X=-2 Y=-3 Z=-4 FlatVerts=0 SlopeVerts=0
[+19:44:03.659] VoxelMesh: Chunk X=1 Y=2 Z=3 FlatVerts=0 SlopeVerts=0
[+19:44:03.659] VoxelChunk: GenerateAsync (-3,-3,4)
[+19:44:03.662] VoxelMesh: Chunk X=-3 Y=3 Z=3 FlatVerts=0 SlopeVerts=0
[+19:44:03.662] VoxelMesh: Chunk X=-3 Y=-3 Z=4 FlatVerts=0 SlopeVerts=0
[+19:44:03.662] VoxelChunk: GenerateAsync (-2,-3,4)
[+19:44:03.664] VoxelMesh: Chunk X=-2 Y=-3 Z=4 FlatVerts=0 SlopeVerts=0
[+19:44:03.664] VoxelMesh: Chunk X=1 Y=-3 Z=3 FlatVerts=0 SlopeVerts=2040
[+19:44:03.665] VoxelChunk: GenerateAsync (-1,-3,4)
[+19:44:03.666] VoxelMesh: Chunk X=-2 Y=-2 Z=3 FlatVerts=0 SlopeVerts=4878
[+19:44:03.666] VoxelChunk: GenerateAsync (0,-3,4)
[+19:44:03.666] VoxelMesh: Chunk X=-1 Y=-3 Z=4 FlatVerts=0 SlopeVerts=2040
[+19:44:03.668] VoxelMesh: Chunk X=0 Y=-3 Z=4 FlatVerts=0 SlopeVerts=4878
[+19:44:03.686] VoxelMesh: Chunk X=2 Y=-2 Z=3 FlatVerts=0 SlopeVerts=7668
[+19:44:03.686] VoxelChunk: GenerateAsync (1,-3,4)
[+19:44:03.689] VoxelMesh: Chunk X=0 Y=-1 Z=3 FlatVerts=18 SlopeVerts=7074
[+19:44:03.689] VoxelMesh: Chunk X=1 Y=-3 Z=4 FlatVerts=0 SlopeVerts=7668
[+19:44:03.689] VoxelChunk: GenerateAsync (2,-3,4)
[+19:44:03.691] VoxelMesh: Chunk X=3 Y=1 Z=1 FlatVerts=0 SlopeVerts=2682
[+19:44:03.691] VoxelMesh: Chunk X=2 Y=-3 Z=4 FlatVerts=18 SlopeVerts=7074
[+19:44:03.691] VoxelChunk: GenerateAsync (3,-3,4)
[+19:44:03.693] VoxelMesh: Chunk X=3 Y=-1 Z=3 FlatVerts=24 SlopeVerts=5220
[+19:44:03.693] VoxelMesh: Chunk X=3 Y=-3 Z=4 FlatVerts=0 SlopeVerts=2682
[+19:44:03.693] VoxelChunk: GenerateAsync (-3,-2,4)
[+19:44:03.695] VoxelMesh: Chunk X=-3 Y=-2 Z=4 FlatVerts=24 SlopeVerts=5220
[+19:44:03.706] VoxelMesh: Chunk X=-2 Y=0 Z=3 FlatVerts=0 SlopeVerts=5532
[+19:44:03.706] VoxelChunk: GenerateAsync (-2,-2,4)
[+19:44:03.708] VoxelMesh: Chunk X=1 Y=0 Z=3 FlatVerts=0 SlopeVerts=894
[+19:44:03.708] VoxelChunk: GenerateAsync (-1,-2,4)
[+19:44:03.709] VoxelMesh: Chunk X=-2 Y=-2 Z=4 FlatVerts=0 SlopeVerts=5532
[+19:44:03.710] VoxelMesh: Chunk X=0 Y=1 Z=3 FlatVerts=0 SlopeVerts=1740
[+19:44:03.710] VoxelMesh: Chunk X=-1 Y=-2 Z=4 FlatVerts=0 SlopeVerts=894
[+19:44:03.712] VoxelChunk: GenerateAsync (0,-2,4)
[+19:44:03.714] VoxelMesh: Chunk X=1 Y=1 Z=3 FlatVerts=0 SlopeVerts=1200
[+19:44:03.714] VoxelChunk: GenerateAsync (1,-2,4)
[+19:44:03.714] VoxelMesh: Chunk X=0 Y=-2 Z=4 FlatVerts=0 SlopeVerts=1740
[+19:44:03.715] VoxelMesh: Chunk X=1 Y=-2 Z=4 FlatVerts=0 SlopeVerts=1200
[+19:44:03.725] VoxelMesh: Chunk X=0 Y=0 Z=0 FlatVerts=0 SlopeVerts=0
[+19:44:03.726] VoxelChunk: GenerateAsync (2,-2,-4)
[+19:44:03.727] VoxelMesh: Chunk X=2 Y=-2 Z=-4 FlatVerts=0 SlopeVerts=0
[+19:44:03.729] VoxelMesh: Chunk X=-2 Y=2 Z=3 FlatVerts=0 SlopeVerts=246
[+19:44:03.729] VoxelChunk: GenerateAsync (2,-2,4)
[+19:44:03.731] VoxelMesh: Chunk X=3 Y=0 Z=1 FlatVerts=0 SlopeVerts=0
[+19:44:03.731] VoxelChunk: GenerateAsync (3,-2,4)
[+19:44:03.731] VoxelMesh: Chunk X=2 Y=-2 Z=4 FlatVerts=0 SlopeVerts=246
[+19:44:03.732] VoxelMesh: Chunk X=2 Y=2 Z=3 FlatVerts=0 SlopeVerts=3618
[+19:44:03.732] VoxelChunk: GenerateAsync (-3,-1,4)
[+19:44:03.732] VoxelMesh: Chunk X=3 Y=-2 Z=4 FlatVerts=0 SlopeVerts=0
[+19:44:03.734] VoxelMesh: Chunk X=-3 Y=-1 Z=4 FlatVerts=0 SlopeVerts=3618
[+19:44:03.734] VoxelMesh: Chunk X=3 Y=2 Z=3 FlatVerts=0 SlopeVerts=2322
[+19:44:03.734] VoxelChunk: GenerateAsync (-2,-1,4)
[+19:44:03.736] VoxelMesh: Chunk X=-2 Y=-1 Z=4 FlatVerts=0 SlopeVerts=2322
[+19:44:03.744] VoxelMesh: Chunk X=-2 Y=3 Z=3 FlatVerts=0 SlopeVerts=4392
[+19:44:03.745] VoxelChunk: GenerateAsync (-1,-1,4)
[+19:44:03.747] VoxelMesh: Chunk X=0 Y=3 Z=1 FlatVerts=0 SlopeVerts=0
[+19:44:03.748] VoxelMesh: Chunk X=-1 Y=-1 Z=4 FlatVerts=0 SlopeVerts=4392
[+19:44:03.748] VoxelChunk: GenerateAsync (0,-1,4)
[+19:44:03.749] VoxelMesh: Chunk X=2 Y=-3 Z=3 FlatVerts=0 SlopeVerts=0
[+19:44:03.749] VoxelChunk: GenerateAsync (1,-1,4)
[+19:44:03.749] VoxelMesh: Chunk X=0 Y=-1 Z=4 FlatVerts=0 SlopeVerts=0
[+19:44:03.750] VoxelMesh: Chunk X=3 Y=-3 Z=3 FlatVerts=0 SlopeVerts=0
[+19:44:03.752] VoxelMesh: Chunk X=1 Y=-1 Z=4 FlatVerts=0 SlopeVerts=0
[+19:44:03.752] VoxelChunk: GenerateAsync (2,-1,4)
[+19:44:03.753] VoxelMesh: Chunk X=2 Y=-1 Z=4 FlatVerts=0 SlopeVerts=0
[+19:44:03.760] VoxelMesh: Chunk X=-1 Y=-2 Z=3 FlatVerts=0 SlopeVerts=0
[+19:44:03.761] VoxelChunk: GenerateAsync (3,-1,4)
[+19:44:03.763] VoxelMesh: Chunk X=0 Y=-2 Z=3 FlatVerts=0 SlopeVerts=6954
[+19:44:03.764] VoxelMesh: Chunk X=3 Y=-1 Z=4 FlatVerts=0 SlopeVerts=0
[+19:44:03.764] VoxelChunk: GenerateAsync (-3,0,4)
[+19:44:03.765] VoxelMesh: Chunk X=-3 Y=0 Z=4 FlatVerts=0 SlopeVerts=6954
[+19:44:03.766] VoxelMesh: Chunk X=3 Y=-2 Z=3 FlatVerts=0 SlopeVerts=5364
[+19:44:03.767] VoxelChunk: GenerateAsync (-2,0,4)
[+19:44:03.768] VoxelMesh: Chunk X=-2 Y=-1 Z=3 FlatVerts=0 SlopeVerts=1614
[+19:44:03.768] VoxelChunk: GenerateAsync (-1,0,4)
[+19:44:03.769] VoxelMesh: Chunk X=-2 Y=0 Z=4 FlatVerts=0 SlopeVerts=5364
[+19:44:03.770] VoxelMesh: Chunk X=-1 Y=0 Z=4 FlatVerts=0 SlopeVerts=1614
[+19:44:03.779] VoxelMesh: Chunk X=0 Y=-3 Z=2 FlatVerts=0 SlopeVerts=0
[+19:44:03.779] VoxelChunk: GenerateAsync (0,0,4)
[+19:44:03.781] VoxelMesh: Chunk X=1 Y=-3 Z=2 FlatVerts=0 SlopeVerts=0
[+19:44:03.782] VoxelMesh: Chunk X=0 Y=0 Z=4 FlatVerts=0 SlopeVerts=0
[+19:44:03.782] VoxelChunk: GenerateAsync (1,0,4)
[+19:44:03.783] VoxelMesh: Chunk X=2 Y=-3 Z=2 FlatVerts=0 SlopeVerts=0
[+19:44:03.783] VoxelMesh: Chunk X=1 Y=0 Z=4 FlatVerts=0 SlopeVerts=0
[+19:44:03.783] VoxelChunk: GenerateAsync (2,0,4)
[+19:44:03.784] VoxelMesh: Chunk X=3 Y=-3 Z=2 FlatVerts=0 SlopeVerts=0
[+19:44:03.784] VoxelChunk: GenerateAsync (3,0,4)
[+19:44:03.784] VoxelMesh: Chunk X=2 Y=0 Z=4 FlatVerts=0 SlopeVerts=0
[+19:44:03.785] VoxelMesh: Chunk X=3 Y=0 Z=4 FlatVerts=0 SlopeVerts=0
[+19:44:03.793] VoxelMesh: Chunk X=-3 Y=-2 Z=2 FlatVerts=42 SlopeVerts=7578
[+19:44:03.794] VoxelChunk: GenerateAsync (-3,1,4)
[+19:44:03.796] VoxelMesh: Chunk X=-3 Y=2 Z=1 FlatVerts=0 SlopeVerts=2238
[+19:44:03.797] VoxelChunk: GenerateAsync (-2,1,4)
[+19:44:03.797] VoxelMesh: Chunk X=-3 Y=1 Z=4 FlatVerts=42 SlopeVerts=7578
[+19:44:03.799] VoxelMesh: Chunk X=-1 Y=0 Z=3 FlatVerts=0 SlopeVerts=0
[+19:44:03.799] VoxelChunk: GenerateAsync (-1,1,4)
[+19:44:03.800] VoxelMesh: Chunk X=-2 Y=1 Z=4 FlatVerts=0 SlopeVerts=2238
[+19:44:03.800] VoxelMesh: Chunk X=0 Y=0 Z=3 FlatVerts=0 SlopeVerts=0
[+19:44:03.800] VoxelChunk: GenerateAsync (0,1,4)
[+19:44:03.800] VoxelMesh: Chunk X=-1 Y=1 Z=4 FlatVerts=0 SlopeVerts=0
[+19:44:03.802] VoxelMesh: Chunk X=0 Y=1 Z=4 FlatVerts=0 SlopeVerts=0
[+19:44:03.811] VoxelMesh: Chunk X=2 Y=0 Z=3 FlatVerts=0 SlopeVerts=0
[+19:44:03.811] VoxelChunk: GenerateAsync (1,1,4)
[+19:44:03.813] VoxelMesh: Chunk X=3 Y=0 Z=3 FlatVerts=0 SlopeVerts=300
[+19:44:03.813] VoxelMesh: Chunk X=1 Y=1 Z=4 FlatVerts=0 SlopeVerts=0
[+19:44:03.814] VoxelChunk: GenerateAsync (2,1,4)
[+19:44:03.814] VoxelMesh: Chunk X=3 Y=-2 Z=2 FlatVerts=186 SlopeVerts=3120
[+19:44:03.815] VoxelChunk: GenerateAsync (3,1,4)
[+19:44:03.815] VoxelMesh: Chunk X=2 Y=1 Z=4 FlatVerts=0 SlopeVerts=300
[+19:44:03.817] VoxelMesh: Chunk X=3 Y=1 Z=4 FlatVerts=186 SlopeVerts=3120
[+19:44:03.817] VoxelMesh: Chunk X=-3 Y=-1 Z=2 FlatVerts=90 SlopeVerts=6582
[+19:44:03.818] VoxelChunk: GenerateAsync (-3,2,4)
[+19:44:03.819] VoxelMesh: Chunk X=-3 Y=2 Z=4 FlatVerts=90 SlopeVerts=6582
[+19:44:03.831] VoxelMesh: Chunk X=0 Y=0 Z=0 FlatVerts=0 SlopeVerts=0
[+19:44:03.831] VoxelChunk: GenerateAsync (-2,-3,-4)
[+19:44:03.832] VoxelMesh: Chunk X=-2 Y=-3 Z=-4 FlatVerts=0 SlopeVerts=0
[+19:44:03.835] VoxelMesh: Chunk X=2 Y=1 Z=3 FlatVerts=54 SlopeVerts=1302
[+19:44:03.835] VoxelChunk: GenerateAsync (-2,2,4)
[+19:44:03.838] VoxelMesh: Chunk X=-2 Y=2 Z=4 FlatVerts=54 SlopeVerts=1302
[+19:44:03.838] VoxelMesh: Chunk X=3 Y=1 Z=3 FlatVerts=0 SlopeVerts=0
[+19:44:03.838] VoxelChunk: GenerateAsync (-1,2,4)
[+19:44:03.840] VoxelMesh: Chunk X=-1 Y=2 Z=3 FlatVerts=0 SlopeVerts=0
[+19:44:03.840] VoxelChunk: GenerateAsync (0,2,4)
[+19:44:03.841] VoxelMesh: Chunk X=-1 Y=2 Z=4 FlatVerts=0 SlopeVerts=0
[+19:44:03.841] VoxelMesh: Chunk X=3 Y=-1 Z=1 FlatVerts=0 SlopeVerts=0
[+19:44:03.841] VoxelChunk: GenerateAsync (1,2,4)
[+19:44:03.841] VoxelMesh: Chunk X=0 Y=2 Z=4 FlatVerts=0 SlopeVerts=0
[+19:44:03.843] VoxelMesh: Chunk X=1 Y=2 Z=4 FlatVerts=0 SlopeVerts=0
[+19:44:03.851] VoxelMesh: Chunk X=3 Y=2 Z=1 FlatVerts=0 SlopeVerts=3294
[+19:44:03.852] VoxelChunk: GenerateAsync (2,2,4)
[+19:44:03.852] VoxelMesh: Chunk X=3 Y=-1 Z=2 FlatVerts=276 SlopeVerts=2958
[+19:44:03.852] VoxelMesh: Chunk X=2 Y=2 Z=4 FlatVerts=0 SlopeVerts=3294
[+19:44:03.853] VoxelChunk: GenerateAsync (3,2,4)
[+19:44:03.854] VoxelMesh: Chunk X=3 Y=2 Z=4 FlatVerts=276 SlopeVerts=2958
[+19:44:03.855] VoxelMesh: Chunk X=-3 Y=0 Z=2 FlatVerts=6 SlopeVerts=1002
[+19:44:03.855] VoxelChunk: GenerateAsync (-3,3,4)
[+19:44:03.857] VoxelMesh: Chunk X=-3 Y=3 Z=1 FlatVerts=0 SlopeVerts=0
[+19:44:03.857] VoxelMesh: Chunk X=-3 Y=3 Z=4 FlatVerts=6 SlopeVerts=1002
[+19:44:03.857] VoxelChunk: GenerateAsync (-2,3,4)
[+19:44:03.859] VoxelMesh: Chunk X=-2 Y=3 Z=4 FlatVerts=0 SlopeVerts=0
[+19:44:03.868] VoxelMesh: Chunk X=-3 Y=1 Z=1 FlatVerts=0 SlopeVerts=0
[+19:44:03.868] VoxelChunk: GenerateAsync (-1,3,4)
[+19:44:03.870] VoxelMesh: Chunk X=-2 Y=3 Z=1 FlatVerts=0 SlopeVerts=0
[+19:44:03.871] VoxelChunk: GenerateAsync (0,3,4)
[+19:44:03.871] VoxelMesh: Chunk X=-1 Y=3 Z=4 FlatVerts=0 SlopeVerts=0
[+19:44:03.872] VoxelMesh: Chunk X=-3 Y=0 Z=1 FlatVerts=0 SlopeVerts=6
[+19:44:03.872] VoxelChunk: GenerateAsync (1,3,4)
[+19:44:03.873] VoxelMesh: Chunk X=0 Y=3 Z=4 FlatVerts=0 SlopeVerts=0
[+19:44:03.874] VoxelMesh: Chunk X=1 Y=3 Z=4 FlatVerts=0 SlopeVerts=6
[+19:44:03.874] VoxelMesh: Chunk X=-1 Y=3 Z=1 FlatVerts=0 SlopeVerts=3090
[+19:44:03.874] VoxelChunk: GenerateAsync (2,3,4)
[+19:44:03.876] VoxelMesh: Chunk X=2 Y=3 Z=4 FlatVerts=0 SlopeVerts=3090
[+19:44:03.885] VoxelMesh: Chunk X=3 Y=0 Z=2 FlatVerts=0 SlopeVerts=648
[+19:44:03.885] VoxelChunk: GenerateAsync (3,3,4)
[+19:44:03.886] VoxelMesh: Chunk X=0 Y=3 Z=3 FlatVerts=0 SlopeVerts=0
[+19:44:03.887] VoxelChunk: GenerateAsync (0,0,5)
[+19:44:03.887] VoxelMesh: Chunk X=3 Y=3 Z=4 FlatVerts=0 SlopeVerts=648
[+19:44:03.888] VoxelMesh: Chunk X=-1 Y=3 Z=3 FlatVerts=486 SlopeVerts=96
[+19:44:03.888] VoxelChunk: GenerateAsync (4,0,1)
[+19:44:03.888] VoxelMesh: Chunk X=0 Y=0 Z=5 FlatVerts=0 SlopeVerts=0
[+19:44:03.890] VoxelMesh: Chunk X=1 Y=3 Z=1 FlatVerts=0 SlopeVerts=12
[+19:44:03.890] VoxelMesh: Chunk X=4 Y=0 Z=1 FlatVerts=486 SlopeVerts=96
[+19:44:03.890] VoxelChunk: GenerateAsync (0,-4,1)
[+19:44:03.891] VoxelMesh: Chunk X=0 Y=-4 Z=1 FlatVerts=0 SlopeVerts=12
[+19:44:03.905] VoxelMesh: Chunk X=-3 Y=-2 Z=3 FlatVerts=0 SlopeVerts=0
[+19:44:03.905] VoxelChunk: GenerateAsync (-4,0,1)
[+19:44:03.905] VoxelMesh: Chunk X=2 Y=3 Z=1 FlatVerts=246 SlopeVerts=0
[+19:44:03.906] VoxelChunk: GenerateAsync (0,4,1)
[+19:44:03.906] VoxelMesh: Chunk X=0 Y=4 Z=1 FlatVerts=246 SlopeVerts=0
[+19:44:03.907] VoxelMesh: Chunk X=-4 Y=0 Z=1 FlatVerts=0 SlopeVerts=0
[+19:44:03.907] VoxelMesh: Chunk X=3 Y=3 Z=1 FlatVerts=18 SlopeVerts=2178
[+19:44:03.907] VoxelChunk: GenerateAsync (4,0,2)
[+19:44:03.908] VoxelMesh: Chunk X=4 Y=0 Z=2 FlatVerts=18 SlopeVerts=2178
[+19:44:03.909] VoxelMesh: Chunk X=3 Y=1 Z=2 FlatVerts=18 SlopeVerts=216
[+19:44:03.909] VoxelChunk: GenerateAsync (-4,0,2)
[+19:44:03.910] VoxelMesh: Chunk X=-4 Y=0 Z=2 FlatVerts=18 SlopeVerts=216
[+19:44:03.923] VoxelMesh: Chunk X=0 Y=0 Z=0 FlatVerts=828 SlopeVerts=11466
[+19:44:03.923] VoxelChunk: GenerateAsync (0,4,2)
[+19:44:03.925] VoxelMesh: Chunk X=0 Y=4 Z=2 FlatVerts=2754 SlopeVerts=102
[+19:44:03.932] VoxelMesh: Chunk X=0 Y=0 Z=0 FlatVerts=0 SlopeVerts=0
[+19:44:03.932] VoxelChunk: GenerateAsync (1,0,5)
[+19:44:03.934] VoxelMesh: Chunk X=1 Y=0 Z=5 FlatVerts=0 SlopeVerts=0
[+19:44:03.937] VoxelMesh: Chunk X=0 Y=0 Z=0 FlatVerts=738 SlopeVerts=8664
[+19:44:03.937] VoxelChunk: GenerateAsync (4,-1,1)
[+19:44:03.938] VoxelMesh: Chunk X=4 Y=-1 Z=1 FlatVerts=1776 SlopeVerts=552
[+19:44:03.943] VoxelMesh: Chunk X=0 Y=0 Z=0 FlatVerts=0 SlopeVerts=0
[+19:44:03.943] VoxelChunk: GenerateAsync (-1,0,5)
[+19:44:03.946] VoxelMesh: Chunk X=-1 Y=0 Z=5 FlatVerts=0 SlopeVerts=0
[+19:44:03.959] VoxelMesh: Chunk X=0 Y=0 Z=0 FlatVerts=0 SlopeVerts=0
[+19:44:03.959] VoxelChunk: GenerateAsync (-3,-3,4)
[+19:44:03.961] VoxelMesh: Chunk X=-3 Y=-3 Z=4 FlatVerts=0 SlopeVerts=0
[+19:44:03.967] VoxelChunk: GenerateAsync (-13,-9,2)
[+19:44:03.967] VoxelChunk: GenerateAsync (-13,-8,2)
[+19:44:03.967] VoxelChunk: GenerateAsync (-13,-7,2)
[+19:44:03.967] VoxelChunk: GenerateAsync (-12,-9,2)
[+19:44:03.967] VoxelChunk: GenerateAsync (-12,-8,2)
[+19:44:03.967] VoxelChunk: GenerateAsync (-12,-7,2)
[+19:44:03.967] VoxelChunk: GenerateAsync (-11,-9,2)
[+19:44:03.967] VoxelChunk: GenerateAsync (-11,-8,2)
[+19:44:03.967] VoxelChunk: GenerateAsync (-11,-7,2)
[+19:44:03.967] VoxelMesh: Chunk X=-13 Y=-9 Z=2 FlatVerts=0 SlopeVerts=732
[+19:44:03.967] VoxelMesh: Chunk X=-13 Y=-8 Z=2 FlatVerts=0 SlopeVerts=192
[+19:44:03.967] VoxelMesh: Chunk X=-12 Y=-7 Z=2 FlatVerts=198 SlopeVerts=678
[+19:44:03.967] VoxelMesh: Chunk X=-11 Y=-9 Z=2 FlatVerts=0 SlopeVerts=198
[+19:44:03.968] VoxelMesh: Chunk X=-12 Y=-9 Z=2 FlatVerts=0 SlopeVerts=0
[+19:44:03.968] VoxelMesh: Chunk X=-11 Y=-8 Z=2 FlatVerts=0 SlopeVerts=630
[+19:44:03.968] VoxelMesh: Chunk X=-12 Y=-8 Z=2 FlatVerts=0 SlopeVerts=636
[+19:44:03.968] VoxelMesh: Chunk X=-13 Y=-7 Z=2 FlatVerts=204 SlopeVerts=462
[+19:44:03.968] VoxelMesh: Chunk X=-1 Y=0 Z=5 FlatVerts=282 SlopeVerts=2688
[+19:44:03.968] VoxelMesh: Chunk X=-11 Y=-7 Z=2 FlatVerts=0 SlopeVerts=0
[+19:44:03.968] VoxelChunk: GenerateAsync (-1,-4,1)
[+19:44:03.970] VoxelMesh: Chunk X=4 Y=-1 Z=1 FlatVerts=54 SlopeVerts=2874
[+19:44:03.970] VoxelMesh: Chunk X=-1 Y=-4 Z=1 FlatVerts=282 SlopeVerts=2688
[+19:44:03.970] VoxelChunk: GenerateAsync (0,-4,2)
[+19:44:03.971] VoxelMesh: Chunk X=1 Y=0 Z=5 FlatVerts=0 SlopeVerts=0
[+19:44:03.971] VoxelChunk: GenerateAsync (0,4,0)
[+19:44:03.972] VoxelMesh: Chunk X=0 Y=-4 Z=2 FlatVerts=54 SlopeVerts=2874
[+19:44:03.972] VoxelMesh: Chunk X=0 Y=4 Z=2 FlatVerts=96 SlopeVerts=0
[+19:44:03.972] VoxelChunk: GenerateAsync (1,4,1)
[+19:44:03.972] VoxelMesh: Chunk X=0 Y=4 Z=0 FlatVerts=0 SlopeVerts=0
[+19:44:03.972] VoxelMesh: Chunk X=1 Y=4 Z=1 FlatVerts=96 SlopeVerts=0
[+19:44:03.989] VoxelMesh: Chunk X=-2 Y=3 Z=2 FlatVerts=0 SlopeVerts=0
[+19:44:03.989] VoxelChunk: GenerateAsync (1,-4,1)
[+19:44:03.990] VoxelMesh: Chunk X=-1 Y=3 Z=2 FlatVerts=0 SlopeVerts=0
[+19:44:03.990] VoxelChunk: GenerateAsync (-4,-1,1)
[+19:44:03.991] VoxelMesh: Chunk X=1 Y=-4 Z=1 FlatVerts=0 SlopeVerts=0
[+19:44:03.992] VoxelMesh: Chunk X=0 Y=3 Z=2 FlatVerts=0 SlopeVerts=0
[+19:44:03.992] VoxelMesh: Chunk X=-4 Y=-1 Z=1 FlatVerts=0 SlopeVerts=0
[+19:44:03.992] VoxelChunk: GenerateAsync (0,-1,5)
[+19:44:03.994] VoxelMesh: Chunk X=1 Y=3 Z=2 FlatVerts=0 SlopeVerts=0
[+19:44:03.995] VoxelChunk: GenerateAsync (-4,0,0)
[+19:44:03.995] VoxelMesh: Chunk X=0 Y=-1 Z=5 FlatVerts=0 SlopeVerts=0
[+19:44:03.996] VoxelMesh: Chunk X=-4 Y=0 Z=0 FlatVerts=0 SlopeVerts=0
[+19:44:04.004] VoxelMesh: Chunk X=2 Y=3 Z=2 FlatVerts=0 SlopeVerts=0
[+19:44:04.005] VoxelChunk: GenerateAsync (4,0,0)
[+19:44:04.005] VoxelMesh: Chunk X=3 Y=3 Z=2 FlatVerts=204 SlopeVerts=0
[+19:44:04.005] VoxelChunk: GenerateAsync (-1,4,1)
[+19:44:04.006] VoxelMesh: Chunk X=-1 Y=4 Z=1 FlatVerts=204 SlopeVerts=0
[+19:44:04.007] VoxelMesh: Chunk X=-3 Y=-3 Z=3 FlatVerts=0 SlopeVerts=0
[+19:44:04.007] VoxelMesh: Chunk X=4 Y=0 Z=0 FlatVerts=0 SlopeVerts=0
[+19:44:04.007] VoxelChunk: GenerateAsync (0,-4,0)
[+19:44:04.009] VoxelMesh: Chunk X=2 Y=3 Z=-4 FlatVerts=0 SlopeVerts=0
[+19:44:04.009] VoxelMesh: Chunk X=0 Y=-4 Z=0 FlatVerts=0 SlopeVerts=0
[+19:44:04.009] VoxelChunk: GenerateAsync (0,1,5)
[+19:44:04.011] VoxelMesh: Chunk X=0 Y=1 Z=5 FlatVerts=0 SlopeVerts=0
[+19:44:04.021] VoxelMesh: Chunk X=0 Y=-2 Z=-4 FlatVerts=0 SlopeVerts=0
[+19:44:04.021] VoxelChunk: GenerateAsync (4,1,1)
[+19:44:04.023] VoxelMesh: Chunk X=-1 Y=-2 Z=-4 FlatVerts=0 SlopeVerts=0
[+19:44:04.023] VoxelMesh: Chunk X=4 Y=1 Z=1 FlatVerts=0 SlopeVerts=0
[+19:44:04.023] VoxelChunk: GenerateAsync (-4,1,1)
[+19:44:04.024] VoxelMesh: Chunk X=-2 Y=2 Z=-4 FlatVerts=48 SlopeVerts=2580
[+19:44:04.024] VoxelChunk: GenerateAsync (4,-1,2)
[+19:44:04.026] VoxelMesh: Chunk X=-4 Y=1 Z=1 FlatVerts=0 SlopeVerts=0
[+19:44:04.026] VoxelMesh: Chunk X=4 Y=-1 Z=2 FlatVerts=48 SlopeVerts=2580
[+19:44:04.027] VoxelMesh: Chunk X=-2 Y=-2 Z=-4 FlatVerts=24 SlopeVerts=1590
[+19:44:04.027] VoxelChunk: GenerateAsync (-4,1,2)
[+19:44:04.029] VoxelMesh: Chunk X=-4 Y=1 Z=2 FlatVerts=24 SlopeVerts=1590
[+19:44:04.042] VoxelMesh: Chunk X=0 Y=0 Z=0 FlatVerts=0 SlopeVerts=0
[+19:44:04.043] VoxelChunk: GenerateAsync (-2,-3,4)
[+19:44:04.045] VoxelMesh: Chunk X=-2 Y=-3 Z=4 FlatVerts=0 SlopeVerts=0
[+19:44:04.048] VoxelMesh: Chunk X=-3 Y=-2 Z=-4 FlatVerts=0 SlopeVerts=0
[+19:44:04.048] VoxelChunk: GenerateAsync (4,1,2)
[+19:44:04.050] VoxelMesh: Chunk X=4 Y=1 Z=2 FlatVerts=0 SlopeVerts=0
[+19:44:04.050] VoxelMesh: Chunk X=-3 Y=2 Z=-4 FlatVerts=0 SlopeVerts=0
[+19:44:04.050] VoxelChunk: GenerateAsync (-1,1,5)
[+19:44:04.052] VoxelMesh: Chunk X=-3 Y=3 Z=-4 FlatVerts=0 SlopeVerts=0
[+19:44:04.052] VoxelChunk: GenerateAsync (1,-4,2)
[+19:44:04.054] VoxelMesh: Chunk X=-1 Y=1 Z=5 FlatVerts=0 SlopeVerts=0
[+19:44:04.054] VoxelMesh: Chunk X=3 Y=-3 Z=-4 FlatVerts=0 SlopeVerts=0
[+19:44:04.054] VoxelMesh: Chunk X=1 Y=-4 Z=2 FlatVerts=0 SlopeVerts=0
[+19:44:04.054] VoxelChunk: GenerateAsync (1,1,5)
[+19:44:04.056] VoxelMesh: Chunk X=1 Y=1 Z=5 FlatVerts=0 SlopeVerts=0
[+19:44:04.066] VoxelMesh: Chunk X=2 Y=-3 Z=-4 FlatVerts=0 SlopeVerts=132
[+19:44:04.066] VoxelChunk: GenerateAsync (-1,-1,5)
[+19:44:04.068] VoxelMesh: Chunk X=1 Y=-3 Z=-4 FlatVerts=0 SlopeVerts=0
[+19:44:04.069] VoxelChunk: GenerateAsync (1,-1,5)
[+19:44:04.069] VoxelMesh: Chunk X=-1 Y=-1 Z=5 FlatVerts=0 SlopeVerts=132
[+19:44:04.071] VoxelMesh: Chunk X=0 Y=-3 Z=-4 FlatVerts=66 SlopeVerts=4686
[+19:44:04.071] VoxelChunk: GenerateAsync (-1,-4,2)
[+19:44:04.071] VoxelMesh: Chunk X=1 Y=-1 Z=5 FlatVerts=0 SlopeVerts=0
[+19:44:04.073] VoxelMesh: Chunk X=3 Y=1 Z=-4 FlatVerts=2538 SlopeVerts=282
[+19:44:04.073] VoxelMesh: Chunk X=-1 Y=-4 Z=2 FlatVerts=66 SlopeVerts=4686
[+19:44:04.073] VoxelChunk: GenerateAsync (1,4,2)
[+19:44:04.076] VoxelMesh: Chunk X=1 Y=4 Z=2 FlatVerts=2538 SlopeVerts=282
[+19:44:04.086] VoxelMesh: Chunk X=2 Y=1 Z=-4 FlatVerts=2622 SlopeVerts=180
[+19:44:04.086] VoxelChunk: GenerateAsync (-1,4,2)
[+19:44:04.087] VoxelMesh: Chunk X=3 Y=2 Z=-4 FlatVerts=0 SlopeVerts=6
[+19:44:04.088] VoxelChunk: GenerateAsync (-1,-4,0)
[+19:44:04.088] VoxelMesh: Chunk X=-1 Y=4 Z=2 FlatVerts=2622 SlopeVerts=180
[+19:44:04.089] VoxelMesh: Chunk X=-1 Y=-4 Z=0 FlatVerts=0 SlopeVerts=6
[+19:44:04.089] VoxelMesh: Chunk X=-1 Y=3 Z=-4 FlatVerts=0 SlopeVerts=0
[+19:44:04.089] VoxelChunk: GenerateAsync (1,4,0)
[+19:44:04.090] VoxelMesh: Chunk X=1 Y=4 Z=0 FlatVerts=0 SlopeVerts=0
[+19:44:04.090] VoxelMesh: Chunk X=3 Y=0 Z=-4 FlatVerts=0 SlopeVerts=0
[+19:44:04.090] VoxelChunk: GenerateAsync (-4,-1,2)
[+19:44:04.092] VoxelMesh: Chunk X=-4 Y=-1 Z=2 FlatVerts=0 SlopeVerts=0
[+19:44:04.110] VoxelMesh: Chunk X=2 Y=2 Z=-4 FlatVerts=0 SlopeVerts=0
[+19:44:04.111] VoxelChunk: GenerateAsync (-1,4,0)
[+19:44:04.113] VoxelMesh: Chunk X=-1 Y=4 Z=0 FlatVerts=0 SlopeVerts=0
[+19:44:04.114] VoxelMesh: Chunk X=2 Y=0 Z=-4 FlatVerts=0 SlopeVerts=0
[+19:44:04.114] VoxelChunk: GenerateAsync (4,1,0)
[+19:44:04.116] VoxelMesh: Chunk X=1 Y=0 Z=-4 FlatVerts=0 SlopeVerts=0
[+19:44:04.116] VoxelChunk: GenerateAsync (-4,1,0)
[+19:44:04.117] VoxelMesh: Chunk X=4 Y=1 Z=0 FlatVerts=0 SlopeVerts=0
[+19:44:04.118] VoxelMesh: Chunk X=1 Y=1 Z=-4 FlatVerts=0 SlopeVerts=0
[+19:44:04.118] VoxelChunk: GenerateAsync (-4,-1,0)
[+19:44:04.118] VoxelMesh: Chunk X=-4 Y=1 Z=0 FlatVerts=0 SlopeVerts=0
[+19:44:04.119] VoxelMesh: Chunk X=-4 Y=-1 Z=0 FlatVerts=0 SlopeVerts=0
[+19:44:04.128] VoxelMesh: Chunk X=0 Y=0 Z=-4 FlatVerts=0 SlopeVerts=0
[+19:44:04.129] VoxelChunk: GenerateAsync (4,-1,0)
[+19:44:04.131] VoxelMesh: Chunk X=4 Y=-1 Z=0 FlatVerts=0 SlopeVerts=0
[+19:44:04.131] VoxelMesh: Chunk X=-1 Y=0 Z=-4 FlatVerts=0 SlopeVerts=0
[+19:44:04.131] VoxelChunk: GenerateAsync (1,-4,0)
[+19:44:04.133] VoxelMesh: Chunk X=1 Y=-4 Z=0 FlatVerts=0 SlopeVerts=0
[+19:44:04.133] VoxelMesh: Chunk X=0 Y=1 Z=-4 FlatVerts=0 SlopeVerts=0
[+19:44:04.133] VoxelChunk: GenerateAsync (0,2,5)
[+19:44:04.135] VoxelMesh: Chunk X=0 Y=2 Z=5 FlatVerts=0 SlopeVerts=0
[+19:44:04.135] VoxelMesh: Chunk X=1 Y=2 Z=-4 FlatVerts=0 SlopeVerts=684
[+19:44:04.135] VoxelChunk: GenerateAsync (0,-2,5)
[+19:44:04.137] VoxelMesh: Chunk X=0 Y=-2 Z=5 FlatVerts=0 SlopeVerts=684
[+19:44:04.149] VoxelMesh: Chunk X=0 Y=0 Z=0 FlatVerts=30 SlopeVerts=4566
[+19:44:04.153] VoxelChunk: GenerateAsync (-1,-3,4)
[+19:44:04.155] VoxelMesh: Chunk X=-1 Y=-3 Z=4 FlatVerts=0 SlopeVerts=2040
[+19:44:04.158] VoxelMesh: Chunk X=-2 Y=3 Z=-4 FlatVerts=0 SlopeVerts=0
[+19:44:04.159] VoxelChunk: GenerateAsync (2,0,5)
[+19:44:04.160] VoxelMesh: Chunk X=1 Y=3 Z=-4 FlatVerts=0 SlopeVerts=2466
[+19:44:04.160] VoxelChunk: GenerateAsync (-2,0,5)
[+19:44:04.161] VoxelMesh: Chunk X=2 Y=0 Z=5 FlatVerts=0 SlopeVerts=0
[+19:44:04.161] VoxelMesh: Chunk X=-1 Y=1 Z=-4 FlatVerts=0 SlopeVerts=3198
[+19:44:04.161] VoxelChunk: GenerateAsync (4,0,3)
[+19:44:04.163] VoxelMesh: Chunk X=-2 Y=0 Z=-4 FlatVerts=2766 SlopeVerts=1686
[+19:44:04.163] VoxelMesh: Chunk X=4 Y=0 Z=3 FlatVerts=0 SlopeVerts=3198
[+19:44:04.164] VoxelMesh: Chunk X=-2 Y=0 Z=5 FlatVerts=0 SlopeVerts=2466
[+19:44:04.164] VoxelChunk: GenerateAsync (-2,-4,1)
[+19:44:04.165] VoxelMesh: Chunk X=-2 Y=-4 Z=1 FlatVerts=2766 SlopeVerts=1686
[+19:44:04.177] VoxelMesh: Chunk X=-3 Y=0 Z=-4 FlatVerts=0 SlopeVerts=0
[+19:44:04.177] VoxelChunk: GenerateAsync (2,-4,1)
[+19:44:04.180] VoxelMesh: Chunk X=-2 Y=1 Z=-4 FlatVerts=0 SlopeVerts=0
[+19:44:04.180] VoxelChunk: GenerateAsync (0,4,3)
[+19:44:04.181] VoxelMesh: Chunk X=2 Y=-4 Z=1 FlatVerts=0 SlopeVerts=0
[+19:44:04.182] VoxelMesh: Chunk X=0 Y=2 Z=-4 FlatVerts=0 SlopeVerts=0
[+19:44:04.182] VoxelChunk: GenerateAsync (-4,-2,1)
[+19:44:04.183] VoxelMesh: Chunk X=0 Y=4 Z=3 FlatVerts=0 SlopeVerts=0
[+19:44:04.183] VoxelMesh: Chunk X=3 Y=-1 Z=-4 FlatVerts=1686 SlopeVerts=840
[+19:44:04.183] VoxelChunk: GenerateAsync (4,-2,1)
[+19:44:04.183] VoxelMesh: Chunk X=-4 Y=-2 Z=1 FlatVerts=0 SlopeVerts=0
[+19:44:04.183] VoxelMesh: Chunk X=4 Y=-2 Z=1 FlatVerts=1686 SlopeVerts=840
[+19:44:04.193] VoxelMesh: Chunk X=2 Y=-1 Z=-4 FlatVerts=0 SlopeVerts=4002
[+19:44:04.193] VoxelChunk: GenerateAsync (0,-4,3)
[+19:44:04.194] VoxelMesh: Chunk X=-3 Y=1 Z=-4 FlatVerts=0 SlopeVerts=1578
[+19:44:04.195] VoxelChunk: GenerateAsync (-4,0,3)
[+19:44:04.195] VoxelMesh: Chunk X=0 Y=-4 Z=3 FlatVerts=0 SlopeVerts=4002
[+19:44:04.196] VoxelMesh: Chunk X=1 Y=-1 Z=-4 FlatVerts=0 SlopeVerts=0
[+19:44:04.196] VoxelChunk: GenerateAsync (4,2,1)
[+19:44:04.196] VoxelMesh: Chunk X=-4 Y=0 Z=3 FlatVerts=0 SlopeVerts=1578
[+19:44:04.197] VoxelMesh: Chunk X=0 Y=-1 Z=-4 FlatVerts=186 SlopeVerts=600
[+19:44:04.197] VoxelMesh: Chunk X=4 Y=2 Z=1 FlatVerts=0 SlopeVerts=0
[+19:44:04.197] VoxelChunk: GenerateAsync (-4,2,1)
[+19:44:04.199] VoxelMesh: Chunk X=-4 Y=2 Z=1 FlatVerts=186 SlopeVerts=600
[+19:44:04.207] VoxelMesh: Chunk X=-1 Y=-1 Z=-4 FlatVerts=894 SlopeVerts=60
[+19:44:04.208] VoxelChunk: GenerateAsync (-2,4,1)
[+19:44:04.208] VoxelMesh: Chunk X=-2 Y=4 Z=1 FlatVerts=894 SlopeVerts=60
[+19:44:04.208] VoxelMesh: Chunk X=-2 Y=-1 Z=-4 FlatVerts=42 SlopeVerts=0
[+19:44:04.208] VoxelChunk: GenerateAsync (2,4,1)
[+19:44:04.209] VoxelMesh: Chunk X=2 Y=4 Z=1 FlatVerts=42 SlopeVerts=0
[+19:44:04.210] VoxelMesh: Chunk X=-3 Y=-1 Z=-4 FlatVerts=1362 SlopeVerts=3102
[+19:44:04.210] VoxelChunk: GenerateAsync (2,4,2)
[+19:44:04.213] VoxelMesh: Chunk X=2 Y=4 Z=2 FlatVerts=1362 SlopeVerts=3102
[+19:44:04.213] VoxelMesh: Chunk X=3 Y=-2 Z=-4 FlatVerts=1278 SlopeVerts=366
[+19:44:04.213] VoxelChunk: GenerateAsync (-2,4,2)
[+19:44:04.215] VoxelMesh: Chunk X=-2 Y=4 Z=2 FlatVerts=1278 SlopeVerts=366
[+19:44:04.224] VoxelMesh: Chunk X=-1 Y=2 Z=-4 FlatVerts=60 SlopeVerts=3216
[+19:44:04.224] VoxelChunk: GenerateAsync (-4,-1,3)
[+19:44:04.226] VoxelMesh: Chunk X=0 Y=3 Z=-4 FlatVerts=0 SlopeVerts=0
[+19:44:04.227] VoxelMesh: Chunk X=-4 Y=-1 Z=3 FlatVerts=60 SlopeVerts=3216
[+19:44:04.227] VoxelChunk: GenerateAsync (2,-1,5)
[+19:44:04.228] VoxelMesh: Chunk X=3 Y=3 Z=-4 FlatVerts=54 SlopeVerts=2448
[+19:44:04.228] VoxelChunk: GenerateAsync (4,2,2)
[+19:44:04.229] VoxelMesh: Chunk X=2 Y=-1 Z=5 FlatVerts=0 SlopeVerts=0
[+19:44:04.229] VoxelMesh: Chunk X=1 Y=-2 Z=-4 FlatVerts=0 SlopeVerts=1866
[+19:44:04.230] VoxelChunk: GenerateAsync (1,-4,3)
[+19:44:04.230] VoxelMesh: Chunk X=4 Y=2 Z=2 FlatVerts=54 SlopeVerts=2448
[+19:44:04.231] VoxelMesh: Chunk X=1 Y=-4 Z=3 FlatVerts=0 SlopeVerts=1866
[+19:44:04.239] VoxelMesh: Chunk X=-3 Y=-3 Z=-4 FlatVerts=0 SlopeVerts=90
[+19:44:04.239] VoxelChunk: GenerateAsync (4,1,3)
[+19:44:04.240] VoxelMesh: Chunk X=4 Y=1 Z=3 FlatVerts=0 SlopeVerts=90
[+19:44:04.240] VoxelMesh: Chunk X=-1 Y=-3 Z=-4 FlatVerts=0 SlopeVerts=2766
[+19:44:04.241] VoxelChunk: GenerateAsync (-4,1,3)
[+19:44:04.242] VoxelMesh: Chunk X=2 Y=-2 Z=-4 FlatVerts=0 SlopeVerts=138
[+19:44:04.242] VoxelMesh: Chunk X=-4 Y=1 Z=3 FlatVerts=0 SlopeVerts=2766
[+19:44:04.242] VoxelChunk: GenerateAsync (1,-2,5)
[+19:44:04.244] VoxelMesh: Chunk X=-2 Y=-3 Z=-4 FlatVerts=0 SlopeVerts=0
[+19:44:04.247] VoxelMesh: Chunk X=1 Y=-2 Z=5 FlatVerts=0 SlopeVerts=138
[+19:44:04.247] VoxelChunk: GenerateAsync (-4,-2,0)
[+19:44:04.248] VoxelMesh: Chunk X=-4 Y=-2 Z=0 FlatVerts=0 SlopeVerts=0
[+19:44:04.262] VoxelMesh: Chunk X=0 Y=0 Z=0 FlatVerts=90 SlopeVerts=14202
[+19:44:04.270] VoxelChunk: GenerateAsync (0,-3,4)
[+19:44:04.272] VoxelMesh: Chunk X=0 Y=-3 Z=4 FlatVerts=0 SlopeVerts=4878
[+19:44:04.278] VoxelMesh: Chunk X=-3 Y=-3 Z=4 FlatVerts=0 SlopeVerts=0
[+19:44:04.278] VoxelChunk: GenerateAsync (2,-4,2)
[+19:44:04.279] VoxelMesh: Chunk X=-2 Y=-3 Z=4 FlatVerts=0 SlopeVerts=1836
[+19:44:04.279] VoxelChunk: GenerateAsync (-2,-1,5)
[+19:44:04.279] VoxelMesh: Chunk X=2 Y=-4 Z=2 FlatVerts=0 SlopeVerts=0
[+19:44:04.281] VoxelMesh: Chunk X=-1 Y=-3 Z=4 FlatVerts=0 SlopeVerts=1842
[+19:44:04.281] VoxelChunk: GenerateAsync (-1,-4,3)
[+19:44:04.283] VoxelMesh: Chunk X=-2 Y=-1 Z=5 FlatVerts=0 SlopeVerts=1836
[+19:44:04.283] VoxelMesh: Chunk X=0 Y=-3 Z=4 FlatVerts=0 SlopeVerts=300
[+19:44:04.283] VoxelChunk: GenerateAsync (4,-1,3)
[+19:44:04.284] VoxelMesh: Chunk X=-1 Y=-4 Z=3 FlatVerts=0 SlopeVerts=1842
[+19:44:04.285] VoxelMesh: Chunk X=4 Y=-1 Z=3 FlatVerts=0 SlopeVerts=300
[+19:44:04.295] VoxelMesh: Chunk X=1 Y=-3 Z=4 FlatVerts=0 SlopeVerts=2448
[+19:44:04.296] VoxelChunk: GenerateAsync (-4,2,2)
[+19:44:04.297] VoxelMesh: Chunk X=-4 Y=2 Z=2 FlatVerts=0 SlopeVerts=2448
[+19:44:04.298] VoxelMesh: Chunk X=2 Y=-3 Z=4 FlatVerts=0 SlopeVerts=138
[+19:44:04.298] VoxelChunk: GenerateAsync (-1,-2,5)
[+19:44:04.300] VoxelMesh: Chunk X=3 Y=-3 Z=4 FlatVerts=0 SlopeVerts=0
[+19:44:04.300] VoxelChunk: GenerateAsync (-1,4,3)
[+19:44:04.300] VoxelMesh: Chunk X=-1 Y=-2 Z=5 FlatVerts=0 SlopeVerts=138
[+19:44:04.302] VoxelMesh: Chunk X=-1 Y=4 Z=3 FlatVerts=0 SlopeVerts=0
[+19:44:04.302] VoxelMesh: Chunk X=-3 Y=-2 Z=4 FlatVerts=0 SlopeVerts=60
[+19:44:04.302] VoxelChunk: GenerateAsync (-2,1,5)
[+19:44:04.304] VoxelMesh: Chunk X=-2 Y=1 Z=5 FlatVerts=0 SlopeVerts=60
[+19:44:04.310] VoxelMesh: Chunk X=-2 Y=-2 Z=4 FlatVerts=0 SlopeVerts=0
[+19:44:04.312] VoxelChunk: GenerateAsync (-2,-4,0)
[+19:44:04.313] VoxelMesh: Chunk X=-2 Y=-4 Z=0 FlatVerts=0 SlopeVerts=0
[+19:44:04.313] VoxelMesh: Chunk X=-1 Y=-2 Z=4 FlatVerts=0 SlopeVerts=0
[+19:44:04.313] VoxelChunk: GenerateAsync (2,1,5)
[+19:44:04.315] VoxelMesh: Chunk X=0 Y=-2 Z=4 FlatVerts=0 SlopeVerts=0
[+19:44:04.315] VoxelChunk: GenerateAsync (1,4,3)
[+19:44:04.316] VoxelMesh: Chunk X=2 Y=1 Z=5 FlatVerts=0 SlopeVerts=0
[+19:44:04.316] VoxelMesh: Chunk X=1 Y=-2 Z=4 FlatVerts=0 SlopeVerts=150
[+19:44:04.316] VoxelChunk: GenerateAsync (-4,-2,2)
[+19:44:04.317] VoxelMesh: Chunk X=-4 Y=-2 Z=2 FlatVerts=0 SlopeVerts=150
[+19:44:04.317] VoxelMesh: Chunk X=1 Y=4 Z=3 FlatVerts=0 SlopeVerts=0
[+19:44:04.324] VoxelMesh: Chunk X=2 Y=-2 Z=4 FlatVerts=0 SlopeVerts=0
[+19:44:04.325] VoxelChunk: GenerateAsync (2,-4,0)
[+19:44:04.326] VoxelMesh: Chunk X=3 Y=-2 Z=4 FlatVerts=0 SlopeVerts=2238
[+19:44:04.327] VoxelMesh: Chunk X=2 Y=-4 Z=0 FlatVerts=0 SlopeVerts=0
[+19:44:04.327] VoxelChunk: GenerateAsync (4,-2,2)
[+19:44:04.329] VoxelMesh: Chunk X=-3 Y=-1 Z=4 FlatVerts=0 SlopeVerts=234
[+19:44:04.330] VoxelChunk: GenerateAsync (-2,-4,2)
[+19:44:04.330] VoxelMesh: Chunk X=4 Y=-2 Z=2 FlatVerts=0 SlopeVerts=2238
[+19:44:04.331] VoxelMesh: Chunk X=-2 Y=-1 Z=4 FlatVerts=0 SlopeVerts=0
[+19:44:04.331] VoxelChunk: GenerateAsync (2,4,0)
[+19:44:04.332] VoxelMesh: Chunk X=-2 Y=-4 Z=2 FlatVerts=0 SlopeVerts=234
[+19:44:04.333] VoxelMesh: Chunk X=2 Y=4 Z=0 FlatVerts=0 SlopeVerts=0
[+19:44:04.341] VoxelMesh: Chunk X=-1 Y=-1 Z=4 FlatVerts=0 SlopeVerts=0
[+19:44:04.341] VoxelChunk: GenerateAsync (-1,2,5)
[+19:44:04.342] VoxelMesh: Chunk X=0 Y=-1 Z=4 FlatVerts=0 SlopeVerts=0
[+19:44:04.342] VoxelChunk: GenerateAsync (1,2,5)
[+19:44:04.343] VoxelMesh: Chunk X=1 Y=-1 Z=4 FlatVerts=0 SlopeVerts=0
[+19:44:04.343] VoxelMesh: Chunk X=-1 Y=2 Z=5 FlatVerts=0 SlopeVerts=0
[+19:44:04.343] VoxelChunk: GenerateAsync (-2,4,0)
[+19:44:04.343] VoxelMesh: Chunk X=1 Y=2 Z=5 FlatVerts=0 SlopeVerts=0
[+19:44:04.345] VoxelMesh: Chunk X=-2 Y=4 Z=0 FlatVerts=0 SlopeVerts=0
[+19:44:04.345] VoxelMesh: Chunk X=2 Y=-1 Z=4 FlatVerts=0 SlopeVerts=0
[+19:44:04.346] VoxelChunk: GenerateAsync (4,2,0)
[+19:44:04.347] VoxelMesh: Chunk X=4 Y=2 Z=0 FlatVerts=0 SlopeVerts=0
[+19:44:04.359] VoxelMesh: Chunk X=0 Y=0 Z=0 FlatVerts=78 SlopeVerts=30096
[+19:44:04.382] VoxelChunk: GenerateAsync (1,-3,4)
[+19:44:04.383] VoxelMesh: Chunk X=1 Y=-3 Z=4 FlatVerts=0 SlopeVerts=7668
[+19:44:04.389] VoxelMesh: Chunk X=3 Y=-1 Z=4 FlatVerts=0 SlopeVerts=0
[+19:44:04.390] VoxelChunk: GenerateAsync (-4,2,0)
[+19:44:04.391] VoxelMesh: Chunk X=-3 Y=0 Z=4 FlatVerts=0 SlopeVerts=0
[+19:44:04.391] VoxelChunk: GenerateAsync (4,-2,0)
[+19:44:04.392] VoxelMesh: Chunk X=-4 Y=2 Z=0 FlatVerts=0 SlopeVerts=0
[+19:44:04.393] VoxelMesh: Chunk X=-2 Y=0 Z=4 FlatVerts=0 SlopeVerts=0
[+19:44:04.393] VoxelMesh: Chunk X=4 Y=-2 Z=0 FlatVerts=0 SlopeVerts=0
[+19:44:04.393] VoxelChunk: GenerateAsync (-2,4,3)
[+19:44:04.395] VoxelMesh: Chunk X=-1 Y=0 Z=4 FlatVerts=0 SlopeVerts=786
[+19:44:04.395] VoxelMesh: Chunk X=-2 Y=4 Z=3 FlatVerts=0 SlopeVerts=0
[+19:44:04.395] VoxelChunk: GenerateAsync (2,4,3)
[+19:44:04.397] VoxelMesh: Chunk X=2 Y=4 Z=3 FlatVerts=0 SlopeVerts=786
[+19:44:04.405] VoxelMesh: Chunk X=0 Y=0 Z=4 FlatVerts=0 SlopeVerts=2910
[+19:44:04.405] VoxelChunk: GenerateAsync (-4,2,3)
[+19:44:04.407] VoxelMesh: Chunk X=1 Y=0 Z=4 FlatVerts=0 SlopeVerts=3036
[+19:44:04.407] VoxelChunk: GenerateAsync (4,2,3)
[+19:44:04.408] VoxelMesh: Chunk X=-4 Y=2 Z=3 FlatVerts=0 SlopeVerts=2910
[+19:44:04.409] VoxelMesh: Chunk X=4 Y=2 Z=3 FlatVerts=0 SlopeVerts=3036
[+19:44:04.409] VoxelMesh: Chunk X=2 Y=0 Z=4 FlatVerts=0 SlopeVerts=726
[+19:44:04.409] VoxelChunk: GenerateAsync (4,-2,3)
[+19:44:04.410] VoxelMesh: Chunk X=3 Y=0 Z=4 FlatVerts=24 SlopeVerts=7830
[+19:44:04.411] VoxelMesh: Chunk X=4 Y=-2 Z=3 FlatVerts=0 SlopeVerts=726
[+19:44:04.411] VoxelChunk: GenerateAsync (-4,-2,3)
[+19:44:04.413] VoxelMesh: Chunk X=-4 Y=-2 Z=3 FlatVerts=24 SlopeVerts=7830
[+19:44:04.423] VoxelMesh: Chunk X=-3 Y=1 Z=4 FlatVerts=0 SlopeVerts=282
[+19:44:04.423] VoxelChunk: GenerateAsync (2,-4,3)
[+19:44:04.424] VoxelMesh: Chunk X=2 Y=-4 Z=3 FlatVerts=0 SlopeVerts=282
[+19:44:04.425] VoxelMesh: Chunk X=-2 Y=1 Z=4 FlatVerts=0 SlopeVerts=0
[+19:44:04.426] VoxelChunk: GenerateAsync (-2,-4,3)
[+19:44:04.427] VoxelMesh: Chunk X=-1 Y=1 Z=4 FlatVerts=0 SlopeVerts=0
[+19:44:04.427] VoxelChunk: GenerateAsync (2,-2,5)
[+19:44:04.427] VoxelMesh: Chunk X=-2 Y=-4 Z=3 FlatVerts=0 SlopeVerts=0
[+19:44:04.430] VoxelMesh: Chunk X=0 Y=1 Z=4 FlatVerts=0 SlopeVerts=0
[+19:44:04.430] VoxelMesh: Chunk X=2 Y=-2 Z=5 FlatVerts=0 SlopeVerts=0
[+19:44:04.430] VoxelChunk: GenerateAsync (-2,2,5)
[+19:44:04.432] VoxelMesh: Chunk X=-2 Y=2 Z=5 FlatVerts=0 SlopeVerts=0
[+19:44:04.439] VoxelMesh: Chunk X=1 Y=1 Z=4 FlatVerts=0 SlopeVerts=612
[+19:44:04.439] VoxelChunk: GenerateAsync (-2,-2,5)
[+19:44:04.441] VoxelMesh: Chunk X=2 Y=1 Z=4 FlatVerts=342 SlopeVerts=1176
[+19:44:04.441] VoxelChunk: GenerateAsync (2,2,5)
[+19:44:04.442] VoxelMesh: Chunk X=-2 Y=-2 Z=5 FlatVerts=0 SlopeVerts=612
[+19:44:04.443] VoxelMesh: Chunk X=3 Y=1 Z=4 FlatVerts=0 SlopeVerts=1614
[+19:44:04.443] VoxelMesh: Chunk X=2 Y=2 Z=5 FlatVerts=342 SlopeVerts=1176
[+19:44:04.443] VoxelChunk: GenerateAsync (0,-3,5)
[+19:44:04.445] VoxelMesh: Chunk X=-3 Y=2 Z=4 FlatVerts=0 SlopeVerts=0
[+19:44:04.445] VoxelChunk: GenerateAsync (0,0,6)
[+19:44:04.446] VoxelMesh: Chunk X=0 Y=-3 Z=5 FlatVerts=0 SlopeVerts=1614
[+19:44:04.447] VoxelMesh: Chunk X=0 Y=0 Z=6 FlatVerts=0 SlopeVerts=0
[+19:44:04.465] VoxelChunk: GenerateAsync (-13,-9,1)
[+19:44:04.465] VoxelChunk: GenerateAsync (-13,-8,1)
[+19:44:04.465] VoxelChunk: GenerateAsync (-13,-7,1)
[+19:44:04.465] VoxelChunk: GenerateAsync (-12,-9,1)
[+19:44:04.465] VoxelChunk: GenerateAsync (-12,-8,1)
[+19:44:04.466] VoxelChunk: GenerateAsync (-12,-7,1)
[+19:44:04.466] VoxelChunk: GenerateAsync (-11,-9,1)
[+19:44:04.466] VoxelChunk: GenerateAsync (-11,-8,1)
[+19:44:04.466] VoxelChunk: GenerateAsync (-11,-7,1)
[+19:44:04.466] VoxelMesh: Chunk X=-13 Y=-8 Z=1 FlatVerts=384 SlopeVerts=336
[+19:44:04.466] VoxelMesh: Chunk X=-13 Y=-9 Z=1 FlatVerts=60 SlopeVerts=306
[+19:44:04.467] VoxelMesh: Chunk X=-13 Y=-7 Z=1 FlatVerts=222 SlopeVerts=48
[+19:44:04.467] VoxelMesh: Chunk X=-12 Y=-7 Z=1 FlatVerts=72 SlopeVerts=258
[+19:44:04.467] VoxelMesh: Chunk X=-12 Y=-8 Z=1 FlatVerts=66 SlopeVerts=462
[+19:44:04.467] VoxelMesh: Chunk X=-11 Y=-7 Z=1 FlatVerts=420 SlopeVerts=186
[+19:44:04.467] VoxelMesh: Chunk X=-11 Y=-8 Z=1 FlatVerts=108 SlopeVerts=438
[+19:44:04.467] VoxelMesh: Chunk X=-11 Y=-9 Z=1 FlatVerts=0 SlopeVerts=24
[+19:44:04.467] VoxelMesh: Chunk X=-12 Y=-9 Z=1 FlatVerts=0 SlopeVerts=0
[+19:44:04.468] VoxelMesh: Chunk X=-1 Y=-4 Z=1 FlatVerts=0 SlopeVerts=0
[+19:44:04.468] VoxelChunk: GenerateAsync (0,3,5)
[+19:44:04.469] VoxelMesh: Chunk X=0 Y=-4 Z=2 FlatVerts=6 SlopeVerts=1782
[+19:44:04.469] VoxelChunk: GenerateAsync (4,0,4)
[+19:44:04.470] VoxelMesh: Chunk X=0 Y=3 Z=5 FlatVerts=0 SlopeVerts=0
[+19:44:04.471] VoxelMesh: Chunk X=0 Y=4 Z=0 FlatVerts=0 SlopeVerts=0
[+19:44:04.471] VoxelMesh: Chunk X=4 Y=0 Z=4 FlatVerts=6 SlopeVerts=1782
[+19:44:04.471] VoxelChunk: GenerateAsync (5,0,1)
[+19:44:04.473] VoxelMesh: Chunk X=5 Y=0 Z=1 FlatVerts=0 SlopeVerts=0
[+19:44:04.473] VoxelMesh: Chunk X=1 Y=4 Z=1 FlatVerts=0 SlopeVerts=9576
[+19:44:04.473] VoxelChunk: GenerateAsync (-3,0,5)
[+19:44:04.476] VoxelMesh: Chunk X=-3 Y=0 Z=5 FlatVerts=0 SlopeVerts=9576
[+19:44:04.492] VoxelMesh: Chunk X=0 Y=0 Z=0 FlatVerts=18 SlopeVerts=28116
[+19:44:04.513] VoxelChunk: GenerateAsync (2,-3,4)
[+19:44:04.514] VoxelMesh: Chunk X=2 Y=-3 Z=4 FlatVerts=18 SlopeVerts=7074
[+19:44:04.520] VoxelMesh: Chunk X=1 Y=-4 Z=1 FlatVerts=0 SlopeVerts=3864
[+19:44:04.520] VoxelChunk: GenerateAsync (0,-4,4)
[+19:44:04.522] VoxelMesh: Chunk X=-4 Y=-1 Z=1 FlatVerts=0 SlopeVerts=4188
[+19:44:04.522] VoxelMesh: Chunk X=0 Y=-4 Z=4 FlatVerts=0 SlopeVerts=3864
[+19:44:04.522] VoxelChunk: GenerateAsync (-4,0,4)
[+19:44:04.524] VoxelMesh: Chunk X=0 Y=-1 Z=5 FlatVerts=744 SlopeVerts=6
[+19:44:04.524] VoxelChunk: GenerateAsync (0,5,1)
[+19:44:04.524] VoxelMesh: Chunk X=-4 Y=0 Z=4 FlatVerts=0 SlopeVerts=4188
[+19:44:04.524] VoxelMesh: Chunk X=0 Y=5 Z=1 FlatVerts=744 SlopeVerts=6
[+19:44:04.525] VoxelMesh: Chunk X=-4 Y=0 Z=0 FlatVerts=0 SlopeVerts=0
[+19:44:04.525] VoxelChunk: GenerateAsync (3,4,1)
[+19:44:04.525] VoxelMesh: Chunk X=3 Y=4 Z=1 FlatVerts=0 SlopeVerts=0
[+19:44:04.536] VoxelMesh: Chunk X=4 Y=0 Z=0 FlatVerts=3282 SlopeVerts=210
[+19:44:04.536] VoxelChunk: GenerateAsync (-3,-4,1)
[+19:44:04.537] VoxelMesh: Chunk X=-1 Y=4 Z=1 FlatVerts=0 SlopeVerts=0
[+19:44:04.537] VoxelMesh: Chunk X=-3 Y=-4 Z=1 FlatVerts=3282 SlopeVerts=210
[+19:44:04.537] VoxelChunk: GenerateAsync (4,3,1)
[+19:44:04.538] VoxelMesh: Chunk X=0 Y=-4 Z=0 FlatVerts=318 SlopeVerts=978
[+19:44:04.538] VoxelMesh: Chunk X=4 Y=3 Z=1 FlatVerts=0 SlopeVerts=0
[+19:44:04.538] VoxelChunk: GenerateAsync (-4,3,1)
[+19:44:04.539] VoxelMesh: Chunk X=-4 Y=3 Z=1 FlatVerts=318 SlopeVerts=978
[+19:44:04.539] VoxelMesh: Chunk X=0 Y=1 Z=5 FlatVerts=456 SlopeVerts=1302
[+19:44:04.540] VoxelChunk: GenerateAsync (-4,-3,1)
[+19:44:04.540] VoxelMesh: Chunk X=-4 Y=-3 Z=1 FlatVerts=456 SlopeVerts=1302
[+19:44:04.548] VoxelMesh: Chunk X=4 Y=1 Z=1 FlatVerts=588 SlopeVerts=798
[+19:44:04.548] VoxelChunk: GenerateAsync (-3,4,1)
[+19:44:04.550] VoxelMesh: Chunk X=-4 Y=1 Z=1 FlatVerts=96 SlopeVerts=636
[+19:44:04.550] VoxelMesh: Chunk X=-3 Y=4 Z=1 FlatVerts=588 SlopeVerts=798
[+19:44:04.550] VoxelChunk: GenerateAsync (0,-5,1)
[+19:44:04.551] VoxelMesh: Chunk X=0 Y=-5 Z=1 FlatVerts=96 SlopeVerts=636
[+19:44:04.551] VoxelMesh: Chunk X=4 Y=-1 Z=2 FlatVerts=0 SlopeVerts=0
[+19:44:04.552] VoxelChunk: GenerateAsync (0,4,4)
[+19:44:04.553] VoxelMesh: Chunk X=-4 Y=1 Z=2 FlatVerts=0 SlopeVerts=0
[+19:44:04.553] VoxelChunk: GenerateAsync (3,0,5)
[+19:44:04.554] VoxelMesh: Chunk X=0 Y=4 Z=4 FlatVerts=0 SlopeVerts=0
[+19:44:04.554] VoxelMesh: Chunk X=3 Y=0 Z=5 FlatVerts=0 SlopeVerts=0
[+19:44:04.561] VoxelMesh: Chunk X=4 Y=1 Z=2 FlatVerts=288 SlopeVerts=1236
[+19:44:04.562] VoxelChunk: GenerateAsync (-5,0,1)
[+19:44:04.563] VoxelMesh: Chunk X=-1 Y=1 Z=5 FlatVerts=510 SlopeVerts=1908
[+19:44:04.563] VoxelMesh: Chunk X=-5 Y=0 Z=1 FlatVerts=288 SlopeVerts=1236
[+19:44:04.563] VoxelChunk: GenerateAsync (4,-3,1)
[+19:44:04.564] VoxelMesh: Chunk X=4 Y=-3 Z=1 FlatVerts=510 SlopeVerts=1908
[+19:44:04.565] VoxelMesh: Chunk X=1 Y=-4 Z=2 FlatVerts=0 SlopeVerts=0
[+19:44:04.565] VoxelChunk: GenerateAsync (3,-4,1)
[+19:44:04.566] VoxelMesh: Chunk X=1 Y=1 Z=5 FlatVerts=0 SlopeVerts=0
[+19:44:04.566] VoxelChunk: GenerateAsync (-4,3,0)
[+19:44:04.567] VoxelMesh: Chunk X=3 Y=-4 Z=1 FlatVerts=0 SlopeVerts=0
[+19:44:04.567] VoxelMesh: Chunk X=-4 Y=3 Z=0 FlatVerts=0 SlopeVerts=0
[+19:44:04.575] VoxelMesh: Chunk X=-1 Y=-1 Z=5 FlatVerts=0 SlopeVerts=0
[+19:44:04.575] VoxelChunk: GenerateAsync (4,3,0)
[+19:44:04.577] VoxelMesh: Chunk X=1 Y=-1 Z=5 FlatVerts=0 SlopeVerts=0
[+19:44:04.577] VoxelChunk: GenerateAsync (-5,0,0)
[+19:44:04.578] VoxelMesh: Chunk X=4 Y=3 Z=0 FlatVerts=0 SlopeVerts=0
[+19:44:04.578] VoxelMesh: Chunk X=-1 Y=-4 Z=2 FlatVerts=0 SlopeVerts=0
[+19:44:04.578] VoxelMesh: Chunk X=-5 Y=0 Z=0 FlatVerts=0 SlopeVerts=0
[+19:44:04.579] VoxelChunk: GenerateAsync (4,-3,0)
[+19:44:04.580] VoxelMesh: Chunk X=4 Y=-3 Z=0 FlatVerts=0 SlopeVerts=0
[+19:44:04.580] VoxelMesh: Chunk X=1 Y=4 Z=2 FlatVerts=0 SlopeVerts=0
[+19:44:04.580] VoxelChunk: GenerateAsync (1,3,5)
[+19:44:04.582] VoxelMesh: Chunk X=1 Y=3 Z=5 FlatVerts=0 SlopeVerts=0
[+19:44:04.593] VoxelMesh: Chunk X=0 Y=0 Z=0 FlatVerts=36 SlopeVerts=19440
[+19:44:04.609] VoxelChunk: GenerateAsync (3,-3,4)
[+19:44:04.610] VoxelMesh: Chunk X=3 Y=-3 Z=4 FlatVerts=0 SlopeVerts=2682
[+19:44:04.615] VoxelMesh: Chunk X=-1 Y=4 Z=2 FlatVerts=0 SlopeVerts=0
[+19:44:04.615] VoxelChunk: GenerateAsync (-4,-3,0)
[+19:44:04.617] VoxelMesh: Chunk X=-1 Y=-4 Z=0 FlatVerts=0 SlopeVerts=0
[+19:44:04.617] VoxelMesh: Chunk X=-4 Y=-3 Z=0 FlatVerts=0 SlopeVerts=0
[+19:44:04.617] VoxelChunk: GenerateAsync (5,0,0)
[+19:44:04.619] VoxelMesh: Chunk X=1 Y=4 Z=0 FlatVerts=0 SlopeVerts=0
[+19:44:04.619] VoxelChunk: GenerateAsync (-3,4,0)
[+19:44:04.620] VoxelMesh: Chunk X=5 Y=0 Z=0 FlatVerts=0 SlopeVerts=0
[+19:44:04.620] VoxelMesh: Chunk X=-3 Y=4 Z=0 FlatVerts=0 SlopeVerts=0
[+19:44:04.620] VoxelMesh: Chunk X=-4 Y=-1 Z=2 FlatVerts=0 SlopeVerts=0
[+19:44:04.621] VoxelChunk: GenerateAsync (-1,3,5)
[+19:44:04.622] VoxelMesh: Chunk X=-1 Y=3 Z=5 FlatVerts=0 SlopeVerts=0
[+19:44:04.630] VoxelMesh: Chunk X=-1 Y=4 Z=0 FlatVerts=24 SlopeVerts=6012
[+19:44:04.631] VoxelChunk: GenerateAsync (-4,-1,4)
[+19:44:04.632] VoxelMesh: Chunk X=-4 Y=-1 Z=4 FlatVerts=24 SlopeVerts=6012
[+19:44:04.632] VoxelMesh: Chunk X=4 Y=1 Z=0 FlatVerts=0 SlopeVerts=636
[+19:44:04.633] VoxelChunk: GenerateAsync (-1,-4,4)
[+19:44:04.635] VoxelMesh: Chunk X=-1 Y=-4 Z=4 FlatVerts=0 SlopeVerts=636
[+19:44:04.635] VoxelMesh: Chunk X=-4 Y=1 Z=0 FlatVerts=0 SlopeVerts=0
[+19:44:04.635] VoxelChunk: GenerateAsync (0,-1,6)
[+19:44:04.637] VoxelMesh: Chunk X=-4 Y=-1 Z=0 FlatVerts=0 SlopeVerts=0
[+19:44:04.637] VoxelMesh: Chunk X=0 Y=-1 Z=6 FlatVerts=0 SlopeVerts=0
[+19:44:04.637] VoxelChunk: GenerateAsync (-1,0,6)
[+19:44:04.639] VoxelMesh: Chunk X=-1 Y=0 Z=6 FlatVerts=0 SlopeVerts=0
[+19:44:04.649] VoxelMesh: Chunk X=4 Y=-1 Z=0 FlatVerts=0 SlopeVerts=0
[+19:44:04.649] VoxelChunk: GenerateAsync (3,4,0)
[+19:44:04.650] VoxelMesh: Chunk X=1 Y=-4 Z=0 FlatVerts=0 SlopeVerts=0
[+19:44:04.650] VoxelMesh: Chunk X=3 Y=4 Z=0 FlatVerts=0 SlopeVerts=0
[+19:44:04.650] VoxelChunk: GenerateAsync (1,0,6)
[+19:44:04.652] VoxelMesh: Chunk X=0 Y=2 Z=5 FlatVerts=654 SlopeVerts=2316
[+19:44:04.652] VoxelMesh: Chunk X=1 Y=0 Z=6 FlatVerts=0 SlopeVerts=0
[+19:44:04.652] VoxelChunk: GenerateAsync (0,5,2)
[+19:44:04.654] VoxelMesh: Chunk X=0 Y=-2 Z=5 FlatVerts=678 SlopeVerts=4182
[+19:44:04.654] VoxelMesh: Chunk X=0 Y=5 Z=2 FlatVerts=654 SlopeVerts=2316
[+19:44:04.654] VoxelChunk: GenerateAsync (3,4,2)
[+19:44:04.655] VoxelMesh: Chunk X=3 Y=4 Z=2 FlatVerts=678 SlopeVerts=4182
[+19:44:04.665] VoxelMesh: Chunk X=2 Y=0 Z=5 FlatVerts=0 SlopeVerts=210
[+19:44:04.665] VoxelChunk: GenerateAsync (-1,-3,5)
[+19:44:04.666] VoxelMesh: Chunk X=-2 Y=0 Z=5 FlatVerts=306 SlopeVerts=1956
[+19:44:04.667] VoxelChunk: GenerateAsync (-3,4,2)
[+19:44:04.667] VoxelMesh: Chunk X=-1 Y=-3 Z=5 FlatVerts=0 SlopeVerts=210
[+19:44:04.667] VoxelMesh: Chunk X=4 Y=0 Z=3 FlatVerts=486 SlopeVerts=3570
[+19:44:04.668] VoxelChunk: GenerateAsync (4,3,2)
[+19:44:04.668] VoxelMesh: Chunk X=-3 Y=4 Z=2 FlatVerts=306 SlopeVerts=1956
[+19:44:04.669] VoxelMesh: Chunk X=4 Y=3 Z=2 FlatVerts=486 SlopeVerts=3570
[+19:44:04.669] VoxelMesh: Chunk X=-2 Y=-4 Z=1 FlatVerts=0 SlopeVerts=3090
[+19:44:04.669] VoxelChunk: GenerateAsync (-4,3,2)
[+19:44:04.670] VoxelMesh: Chunk X=-4 Y=3 Z=2 FlatVerts=0 SlopeVerts=3090
[+19:44:04.682] VoxelMesh: Chunk X=2 Y=-4 Z=1 FlatVerts=24 SlopeVerts=4404
[+19:44:04.682] VoxelChunk: GenerateAsync (1,-3,5)
[+19:44:04.683] VoxelMesh: Chunk X=0 Y=4 Z=3 FlatVerts=1332 SlopeVerts=0
[+19:44:04.684] VoxelChunk: GenerateAsync (-1,5,1)
[+19:44:04.684] VoxelMesh: Chunk X=1 Y=-3 Z=5 FlatVerts=24 SlopeVerts=4404
[+19:44:04.684] VoxelMesh: Chunk X=-1 Y=5 Z=1 FlatVerts=1332 SlopeVerts=0
[+19:44:04.685] VoxelMesh: Chunk X=-4 Y=-2 Z=1 FlatVerts=0 SlopeVerts=0
[+19:44:04.685] VoxelChunk: GenerateAsync (0,5,0)
[+19:44:04.687] VoxelMesh: Chunk X=0 Y=5 Z=0 FlatVerts=0 SlopeVerts=0
[+19:44:04.687] VoxelMesh: Chunk X=4 Y=-2 Z=1 FlatVerts=0 SlopeVerts=7308
[+19:44:04.687] VoxelChunk: GenerateAsync (-3,-1,5)
[+19:44:04.689] VoxelMesh: Chunk X=-3 Y=-1 Z=5 FlatVerts=0 SlopeVerts=7308
[+19:44:04.704] VoxelMesh: Chunk X=0 Y=0 Z=0 FlatVerts=0 SlopeVerts=0
[+19:44:04.704] VoxelChunk: GenerateAsync (-3,-2,4)
[+19:44:04.706] VoxelMesh: Chunk X=-3 Y=-2 Z=4 FlatVerts=24 SlopeVerts=5220
[+19:44:04.711] VoxelMesh: Chunk X=0 Y=-4 Z=3 FlatVerts=0 SlopeVerts=0
[+19:44:04.711] VoxelChunk: GenerateAsync (5,0,2)
[+19:44:04.712] VoxelMesh: Chunk X=5 Y=0 Z=2 FlatVerts=0 SlopeVerts=0
[+19:44:04.712] VoxelMesh: Chunk X=-4 Y=0 Z=3 FlatVerts=42 SlopeVerts=3306
[+19:44:04.713] VoxelChunk: GenerateAsync (-5,0,2)
[+19:44:04.714] VoxelMesh: Chunk X=4 Y=2 Z=1 FlatVerts=0 SlopeVerts=0
[+19:44:04.714] VoxelChunk: GenerateAsync (0,-5,0)
[+19:44:04.714] VoxelMesh: Chunk X=-5 Y=0 Z=2 FlatVerts=42 SlopeVerts=3306
[+19:44:04.715] VoxelMesh: Chunk X=-4 Y=2 Z=1 FlatVerts=0 SlopeVerts=3204
[+19:44:04.715] VoxelMesh: Chunk X=0 Y=-5 Z=0 FlatVerts=0 SlopeVerts=0
[+19:44:04.716] VoxelChunk: GenerateAsync (4,-3,2)
[+19:44:04.717] VoxelMesh: Chunk X=4 Y=-3 Z=2 FlatVerts=0 SlopeVerts=3204
[+19:44:04.729] VoxelMesh: Chunk X=-2 Y=4 Z=1 FlatVerts=174 SlopeVerts=3750
[+19:44:04.729] VoxelChunk: GenerateAsync (-4,-3,2)
[+19:44:04.730] VoxelMesh: Chunk X=2 Y=4 Z=1 FlatVerts=18 SlopeVerts=1002
[+19:44:04.731] VoxelChunk: GenerateAsync (3,-4,2)
[+19:44:04.731] VoxelMesh: Chunk X=-4 Y=-3 Z=2 FlatVerts=174 SlopeVerts=3750
[+19:44:04.732] VoxelMesh: Chunk X=3 Y=-4 Z=2 FlatVerts=18 SlopeVerts=1002
[+19:44:04.732] VoxelMesh: Chunk X=2 Y=4 Z=2 FlatVerts=0 SlopeVerts=0
[+19:44:04.733] VoxelChunk: GenerateAsync (-3,-4,2)
[+19:44:04.734] VoxelMesh: Chunk X=-2 Y=4 Z=2 FlatVerts=0 SlopeVerts=0
[+19:44:04.735] VoxelMesh: Chunk X=-3 Y=-4 Z=2 FlatVerts=0 SlopeVerts=0
[+19:44:04.735] VoxelChunk: GenerateAsync (1,4,4)
[+19:44:04.737] VoxelMesh: Chunk X=1 Y=4 Z=4 FlatVerts=0 SlopeVerts=0
[+19:44:04.745] VoxelMesh: Chunk X=-4 Y=-1 Z=3 FlatVerts=0 SlopeVerts=4326
[+19:44:04.746] VoxelChunk: GenerateAsync (1,-4,4)
[+19:44:04.747] VoxelMesh: Chunk X=2 Y=-1 Z=5 FlatVerts=720 SlopeVerts=4482
[+19:44:04.747] VoxelMesh: Chunk X=1 Y=-4 Z=4 FlatVerts=0 SlopeVerts=4326
[+19:44:04.748] VoxelChunk: GenerateAsync (0,-5,2)
[+19:44:04.750] VoxelMesh: Chunk X=4 Y=2 Z=2 FlatVerts=0 SlopeVerts=0
[+19:44:04.751] VoxelMesh: Chunk X=0 Y=-5 Z=2 FlatVerts=720 SlopeVerts=4482
[+19:44:04.751] VoxelChunk: GenerateAsync (0,1,6)
[+19:44:04.752] VoxelMesh: Chunk X=1 Y=-4 Z=3 FlatVerts=0 SlopeVerts=0
[+19:44:04.752] VoxelMesh: Chunk X=0 Y=1 Z=6 FlatVerts=0 SlopeVerts=0
[+19:44:04.752] VoxelChunk: GenerateAsync (4,-1,4)
[+19:44:04.754] VoxelMesh: Chunk X=4 Y=-1 Z=4 FlatVerts=0 SlopeVerts=0
[+19:44:04.762] VoxelMesh: Chunk X=4 Y=1 Z=3 FlatVerts=114 SlopeVerts=0
[+19:44:04.762] VoxelChunk: GenerateAsync (1,5,1)
[+19:44:04.763] VoxelMesh: Chunk X=1 Y=5 Z=1 FlatVerts=114 SlopeVerts=0
[+19:44:04.763] VoxelMesh: Chunk X=-4 Y=1 Z=3 FlatVerts=0 SlopeVerts=0
[+19:44:04.763] VoxelChunk: GenerateAsync (5,-1,1)
[+19:44:04.765] VoxelMesh: Chunk X=5 Y=-1 Z=1 FlatVerts=0 SlopeVerts=0
[+19:44:04.765] VoxelMesh: Chunk X=1 Y=-2 Z=5 FlatVerts=0 SlopeVerts=4530
[+19:44:04.765] VoxelChunk: GenerateAsync (-4,1,4)
[+19:44:04.767] VoxelMesh: Chunk X=-4 Y=-2 Z=0 FlatVerts=1260 SlopeVerts=2658
[+19:44:04.767] VoxelChunk: GenerateAsync (4,1,4)
[+19:44:04.767] VoxelMesh: Chunk X=-4 Y=1 Z=4 FlatVerts=0 SlopeVerts=4530
[+19:44:04.767] VoxelMesh: Chunk X=4 Y=1 Z=4 FlatVerts=1260 SlopeVerts=2658
[+19:44:04.777] VoxelMesh: Chunk X=2 Y=-4 Z=2 FlatVerts=0 SlopeVerts=336
[+19:44:04.777] VoxelChunk: GenerateAsync (5,1,1)
[+19:44:04.779] VoxelMesh: Chunk X=5 Y=1 Z=1 FlatVerts=0 SlopeVerts=336
[+19:44:04.779] VoxelMesh: Chunk X=-2 Y=-1 Z=5 FlatVerts=0 SlopeVerts=0
[+19:44:04.779] VoxelChunk: GenerateAsync (3,-1,5)
[+19:44:04.780] VoxelMesh: Chunk X=-1 Y=-4 Z=3 FlatVerts=1440 SlopeVerts=684
[+19:44:04.781] VoxelChunk: GenerateAsync (-5,1,1)
[+19:44:04.781] VoxelMesh: Chunk X=3 Y=-1 Z=5 FlatVerts=0 SlopeVerts=0
[+19:44:04.781] VoxelMesh: Chunk X=-5 Y=1 Z=1 FlatVerts=1440 SlopeVerts=684
[+19:44:04.782] VoxelMesh: Chunk X=4 Y=-1 Z=3 FlatVerts=0 SlopeVerts=5406
[+19:44:04.783] VoxelChunk: GenerateAsync (-3,1,5)
[+19:44:04.785] VoxelMesh: Chunk X=-3 Y=1 Z=5 FlatVerts=0 SlopeVerts=5406
[+19:44:04.794] VoxelMesh: Chunk X=-4 Y=2 Z=2 FlatVerts=0 SlopeVerts=0
[+19:44:04.795] VoxelChunk: GenerateAsync (-1,4,4)
[+19:44:04.795] VoxelMesh: Chunk X=-1 Y=-2 Z=5 FlatVerts=0 SlopeVerts=0
[+19:44:04.796] VoxelChunk: GenerateAsync (-3,-4,0)
[+19:44:04.796] VoxelMesh: Chunk X=-3 Y=-4 Z=0 FlatVerts=0 SlopeVerts=0
[+19:44:04.796] VoxelMesh: Chunk X=-1 Y=4 Z=4 FlatVerts=0 SlopeVerts=0
[+19:44:04.796] VoxelMesh: Chunk X=-1 Y=4 Z=3 FlatVerts=0 SlopeVerts=48
[+19:44:04.797] VoxelChunk: GenerateAsync (-5,-1,1)
[+19:44:04.798] VoxelMesh: Chunk X=-5 Y=-1 Z=1 FlatVerts=0 SlopeVerts=48
[+19:44:04.799] VoxelMesh: Chunk X=-2 Y=1 Z=5 FlatVerts=0 SlopeVerts=0
[+19:44:04.799] VoxelChunk: GenerateAsync (3,-4,0)
[+19:44:04.800] VoxelMesh: Chunk X=3 Y=-4 Z=0 FlatVerts=0 SlopeVerts=0
[+19:44:04.813] VoxelMesh: Chunk X=0 Y=0 Z=0 FlatVerts=0 SlopeVerts=0
[+19:44:04.813] VoxelChunk: GenerateAsync (-2,-2,4)
[+19:44:04.815] VoxelMesh: Chunk X=-2 Y=-2 Z=4 FlatVerts=0 SlopeVerts=5532
[+19:44:04.820] VoxelMesh: Chunk X=-2 Y=-4 Z=0 FlatVerts=198 SlopeVerts=186
[+19:44:04.820] VoxelChunk: GenerateAsync (3,1,5)
[+19:44:04.822] VoxelMesh: Chunk X=2 Y=1 Z=5 FlatVerts=0 SlopeVerts=0
[+19:44:04.822] VoxelChunk: GenerateAsync (1,-5,1)
[+19:44:04.823] VoxelMesh: Chunk X=3 Y=1 Z=5 FlatVerts=198 SlopeVerts=186
[+19:44:04.823] VoxelMesh: Chunk X=1 Y=4 Z=3 FlatVerts=2202 SlopeVerts=768
[+19:44:04.823] VoxelMesh: Chunk X=1 Y=-5 Z=1 FlatVerts=0 SlopeVerts=0
[+19:44:04.823] VoxelChunk: GenerateAsync (-1,-5,1)
[+19:44:04.824] VoxelMesh: Chunk X=-1 Y=-5 Z=1 FlatVerts=2202 SlopeVerts=768
[+19:44:04.824] VoxelMesh: Chunk X=-4 Y=-2 Z=2 FlatVerts=0 SlopeVerts=0
[+19:44:04.824] VoxelChunk: GenerateAsync (1,5,0)
[+19:44:04.826] VoxelMesh: Chunk X=1 Y=5 Z=0 FlatVerts=0 SlopeVerts=0
[+19:44:04.836] VoxelMesh: Chunk X=2 Y=-4 Z=0 FlatVerts=0 SlopeVerts=0
[+19:44:04.836] VoxelChunk: GenerateAsync (-1,5,0)
[+19:44:04.837] VoxelMesh: Chunk X=-1 Y=5 Z=0 FlatVerts=0 SlopeVerts=0
[+19:44:04.837] VoxelMesh: Chunk X=4 Y=-2 Z=2 FlatVerts=84 SlopeVerts=540
[+19:44:04.838] VoxelChunk: GenerateAsync (-1,-5,2)
[+19:44:04.839] VoxelMesh: Chunk X=-2 Y=-4 Z=2 FlatVerts=0 SlopeVerts=0
[+19:44:04.839] VoxelMesh: Chunk X=-1 Y=-5 Z=2 FlatVerts=84 SlopeVerts=540
[+19:44:04.839] VoxelChunk: GenerateAsync (-1,1,6)
[+19:44:04.841] VoxelMesh: Chunk X=2 Y=4 Z=0 FlatVerts=114 SlopeVerts=2586
[+19:44:04.841] VoxelChunk: GenerateAsync (-5,-1,2)
[+19:44:04.842] VoxelMesh: Chunk X=-1 Y=1 Z=6 FlatVerts=0 SlopeVerts=0
[+19:44:04.842] VoxelMesh: Chunk X=-5 Y=-1 Z=2 FlatVerts=114 SlopeVerts=2586
[+19:44:04.850] VoxelMesh: Chunk X=-1 Y=2 Z=5 FlatVerts=0 SlopeVerts=0
[+19:44:04.850] VoxelChunk: GenerateAsync (-1,-5,0)
[+19:44:04.851] VoxelMesh: Chunk X=1 Y=2 Z=5 FlatVerts=60 SlopeVerts=0
[+19:44:04.851] VoxelMesh: Chunk X=-1 Y=-5 Z=0 FlatVerts=0 SlopeVerts=0
[+19:44:04.851] VoxelChunk: GenerateAsync (5,-1,2)
[+19:44:04.851] VoxelMesh: Chunk X=5 Y=-1 Z=2 FlatVerts=60 SlopeVerts=0
[+19:44:04.852] VoxelMesh: Chunk X=-2 Y=4 Z=0 FlatVerts=0 SlopeVerts=0
[+19:44:04.852] VoxelChunk: GenerateAsync (-5,-1,0)
[+19:44:04.853] VoxelMesh: Chunk X=4 Y=2 Z=0 FlatVerts=0 SlopeVerts=0
[+19:44:04.853] VoxelChunk: GenerateAsync (-5,1,0)
[+19:44:04.854] VoxelMesh: Chunk X=-5 Y=-1 Z=0 FlatVerts=0 SlopeVerts=0
[+19:44:04.854] VoxelMesh: Chunk X=-5 Y=1 Z=0 FlatVerts=0 SlopeVerts=0
[+19:44:04.861] VoxelMesh: Chunk X=-4 Y=2 Z=0 FlatVerts=0 SlopeVerts=0
[+19:44:04.861] VoxelChunk: GenerateAsync (5,-1,0)
[+19:44:04.862] VoxelMesh: Chunk X=4 Y=-2 Z=0 FlatVerts=0 SlopeVerts=1842
[+19:44:04.862] VoxelChunk: GenerateAsync (5,1,2)
[+19:44:04.864] VoxelMesh: Chunk X=5 Y=-1 Z=0 FlatVerts=0 SlopeVerts=0
[+19:44:04.864] VoxelMesh: Chunk X=-2 Y=4 Z=3 FlatVerts=1140 SlopeVerts=3252
[+19:44:04.864] VoxelMesh: Chunk X=5 Y=1 Z=2 FlatVerts=0 SlopeVerts=1842
[+19:44:04.864] VoxelChunk: GenerateAsync (1,5,2)
[+19:44:04.866] VoxelMesh: Chunk X=1 Y=5 Z=2 FlatVerts=1140 SlopeVerts=3252
[+19:44:04.866] VoxelMesh: Chunk X=2 Y=4 Z=3 FlatVerts=0 SlopeVerts=0
[+19:44:04.866] VoxelChunk: GenerateAsync (1,-5,0)
[+19:44:04.868] VoxelMesh: Chunk X=1 Y=-5 Z=0 FlatVerts=0 SlopeVerts=0
[+19:44:04.876] VoxelMesh: Chunk X=-4 Y=2 Z=3 FlatVerts=0 SlopeVerts=1512
[+19:44:04.876] VoxelChunk: GenerateAsync (-5,1,2)
[+19:44:04.878] VoxelMesh: Chunk X=4 Y=2 Z=3 FlatVerts=0 SlopeVerts=0
[+19:44:04.879] VoxelChunk: GenerateAsync (-1,-1,6)
[+19:44:04.879] VoxelMesh: Chunk X=-5 Y=1 Z=2 FlatVerts=0 SlopeVerts=1512
[+19:44:04.880] VoxelMesh: Chunk X=4 Y=-2 Z=3 FlatVerts=0 SlopeVerts=0
[+19:44:04.880] VoxelChunk: GenerateAsync (5,1,0)
[+19:44:04.882] VoxelMesh: Chunk X=-1 Y=-1 Z=6 FlatVerts=0 SlopeVerts=0
[+19:44:04.883] VoxelMesh: Chunk X=-4 Y=-2 Z=3 FlatVerts=0 SlopeVerts=0
[+19:44:04.883] VoxelChunk: GenerateAsync (1,-1,6)
[+19:44:04.883] VoxelMesh: Chunk X=5 Y=1 Z=0 FlatVerts=0 SlopeVerts=0
[+19:44:04.884] VoxelMesh: Chunk X=1 Y=-1 Z=6 FlatVerts=0 SlopeVerts=0
[+19:44:04.891] VoxelMesh: Chunk X=2 Y=-4 Z=3 FlatVerts=0 SlopeVerts=0
[+19:44:04.891] VoxelChunk: GenerateAsync (1,1,6)
[+19:44:04.892] VoxelMesh: Chunk X=-2 Y=-4 Z=3 FlatVerts=558 SlopeVerts=744
[+19:44:04.893] VoxelChunk: GenerateAsync (-1,5,2)
[+19:44:04.893] VoxelMesh: Chunk X=1 Y=1 Z=6 FlatVerts=0 SlopeVerts=0
[+19:44:04.894] VoxelMesh: Chunk X=-1 Y=5 Z=2 FlatVerts=558 SlopeVerts=744
[+19:44:04.894] VoxelMesh: Chunk X=2 Y=-2 Z=5 FlatVerts=0 SlopeVerts=2874
[+19:44:04.894] VoxelChunk: GenerateAsync (1,-5,2)
[+19:44:04.897] VoxelMesh: Chunk X=1 Y=-5 Z=2 FlatVerts=0 SlopeVerts=2874
[+19:44:04.897] VoxelMesh: Chunk X=-2 Y=2 Z=5 FlatVerts=78 SlopeVerts=276
[+19:44:04.897] VoxelChunk: GenerateAsync (2,3,5)
[+19:44:04.898] VoxelMesh: Chunk X=2 Y=3 Z=5 FlatVerts=78 SlopeVerts=276
[+19:44:04.907] VoxelMesh: Chunk X=-2 Y=-2 Z=5 FlatVerts=24 SlopeVerts=1926
[+19:44:04.907] VoxelChunk: GenerateAsync (-3,2,5)
[+19:44:04.909] VoxelMesh: Chunk X=2 Y=2 Z=5 FlatVerts=240 SlopeVerts=1674
[+19:44:04.909] VoxelChunk: GenerateAsync (4,3,3)
[+19:44:04.909] VoxelMesh: Chunk X=-3 Y=2 Z=5 FlatVerts=24 SlopeVerts=1926
[+19:44:04.911] VoxelMesh: Chunk X=0 Y=-3 Z=5 FlatVerts=0 SlopeVerts=0
[+19:44:04.911] VoxelChunk: GenerateAsync (-2,4,4)
[+19:44:04.911] VoxelMesh: Chunk X=4 Y=3 Z=3 FlatVerts=240 SlopeVerts=1674
[+19:44:04.912] VoxelMesh: Chunk X=0 Y=0 Z=6 FlatVerts=6 SlopeVerts=2988
[+19:44:04.913] VoxelChunk: GenerateAsync (-4,-2,4)
[+19:44:04.913] VoxelMesh: Chunk X=-2 Y=4 Z=4 FlatVerts=0 SlopeVerts=0
[+19:44:04.915] VoxelMesh: Chunk X=-4 Y=-2 Z=4 FlatVerts=6 SlopeVerts=2988
[+19:44:04.929] VoxelMesh: Chunk X=0 Y=0 Z=0 FlatVerts=0 SlopeVerts=3084
[+19:44:04.930] VoxelChunk: GenerateAsync (-1,-2,4)
[+19:44:04.933] VoxelMesh: Chunk X=-1 Y=-2 Z=4 FlatVerts=0 SlopeVerts=894
[+19:44:04.934] VoxelMesh: Chunk X=-2 Y=2 Z=4 FlatVerts=0 SlopeVerts=0
[+19:44:04.934] VoxelChunk: GenerateAsync (3,-2,5)
[+19:44:04.936] VoxelMesh: Chunk X=-1 Y=2 Z=4 FlatVerts=0 SlopeVerts=0
[+19:44:04.936] VoxelChunk: GenerateAsync (-2,3,5)
[+19:44:04.937] VoxelMesh: Chunk X=3 Y=-2 Z=5 FlatVerts=0 SlopeVerts=0
[+19:44:04.938] VoxelMesh: Chunk X=0 Y=2 Z=4 FlatVerts=24 SlopeVerts=5766
[+19:44:04.938] VoxelMesh: Chunk X=-2 Y=3 Z=5 FlatVerts=0 SlopeVerts=0
[+19:44:04.938] VoxelChunk: GenerateAsync (3,-4,3)
[+19:44:04.940] VoxelMesh: Chunk X=3 Y=-4 Z=3 FlatVerts=24 SlopeVerts=5766
[+19:44:04.940] VoxelMesh: Chunk X=1 Y=2 Z=4 FlatVerts=0 SlopeVerts=1422
[+19:44:04.941] VoxelChunk: GenerateAsync (-4,3,3)
[+19:44:04.942] VoxelMesh: Chunk X=-4 Y=3 Z=3 FlatVerts=0 SlopeVerts=1422
[+19:44:04.953] VoxelMesh: Chunk X=2 Y=2 Z=4 FlatVerts=2532 SlopeVerts=12
[+19:44:04.954] VoxelChunk: GenerateAsync (-2,-5,1)
[+19:44:04.954] VoxelMesh: Chunk X=-2 Y=-5 Z=1 FlatVerts=2532 SlopeVerts=12
[+19:44:04.955] VoxelMesh: Chunk X=3 Y=2 Z=4 FlatVerts=0 SlopeVerts=912
[+19:44:04.955] VoxelChunk: GenerateAsync (4,-3,3)
[+19:44:04.956] VoxelMesh: Chunk X=4 Y=-3 Z=3 FlatVerts=0 SlopeVerts=912
[+19:44:04.956] VoxelMesh: Chunk X=-3 Y=3 Z=4 FlatVerts=0 SlopeVerts=0
[+19:44:04.957] VoxelChunk: GenerateAsync (-3,-4,3)
[+19:44:04.959] VoxelMesh: Chunk X=-2 Y=3 Z=4 FlatVerts=0 SlopeVerts=0
[+19:44:04.959] VoxelChunk: GenerateAsync (-3,4,3)
[+19:44:04.959] VoxelMesh: Chunk X=-3 Y=-4 Z=3 FlatVerts=0 SlopeVerts=0
[+19:44:04.960] VoxelMesh: Chunk X=-3 Y=4 Z=3 FlatVerts=0 SlopeVerts=0
[+19:44:04.971] VoxelChunk: GenerateAsync (-13,-9,3)
[+19:44:04.971] VoxelChunk: GenerateAsync (-13,-8,3)
[+19:44:04.971] VoxelChunk: GenerateAsync (-13,-7,3)
[+19:44:04.971] VoxelChunk: GenerateAsync (-12,-9,3)
[+19:44:04.971] VoxelChunk: GenerateAsync (-12,-8,3)
[+19:44:04.971] VoxelChunk: GenerateAsync (-12,-7,3)
[+19:44:04.971] VoxelChunk: GenerateAsync (-11,-9,3)
[+19:44:04.971] VoxelChunk: GenerateAsync (-11,-8,3)
[+19:44:04.971] VoxelChunk: GenerateAsync (-11,-7,3)
[+19:44:04.971] VoxelMesh: Chunk X=-13 Y=-9 Z=3 FlatVerts=0 SlopeVerts=186
[+19:44:04.971] VoxelMesh: Chunk X=-13 Y=-7 Z=3 FlatVerts=0 SlopeVerts=0
[+19:44:04.971] VoxelMesh: Chunk X=-13 Y=-8 Z=3 FlatVerts=0 SlopeVerts=6
[+19:44:04.971] VoxelMesh: Chunk X=-12 Y=-9 Z=3 FlatVerts=0 SlopeVerts=24
[+19:44:04.971] VoxelMesh: Chunk X=-12 Y=-8 Z=3 FlatVerts=0 SlopeVerts=144
[+19:44:04.971] VoxelMesh: Chunk X=-11 Y=-9 Z=3 FlatVerts=0 SlopeVerts=108
[+19:44:04.972] VoxelMesh: Chunk X=-11 Y=-8 Z=3 FlatVerts=0 SlopeVerts=126
[+19:44:04.972] VoxelMesh: Chunk X=-11 Y=-7 Z=3 FlatVerts=0 SlopeVerts=0
[+19:44:04.972] VoxelMesh: Chunk X=-12 Y=-7 Z=3 FlatVerts=0 SlopeVerts=0
[+19:44:04.972] VoxelMesh: Chunk X=0 Y=3 Z=5 FlatVerts=12 SlopeVerts=4014
[+19:44:04.973] VoxelChunk: GenerateAsync (2,-4,4)
[+19:44:04.975] VoxelMesh: Chunk X=4 Y=0 Z=4 FlatVerts=0 SlopeVerts=0
[+19:44:04.975] VoxelMesh: Chunk X=2 Y=-4 Z=4 FlatVerts=12 SlopeVerts=4014
[+19:44:04.975] VoxelChunk: GenerateAsync (2,-5,1)
[+19:44:04.977] VoxelMesh: Chunk X=2 Y=-5 Z=1 FlatVerts=0 SlopeVerts=0
[+19:44:04.977] VoxelMesh: Chunk X=5 Y=0 Z=1 FlatVerts=0 SlopeVerts=378
[+19:44:04.977] VoxelChunk: GenerateAsync (0,-5,3)
[+19:44:04.979] VoxelMesh: Chunk X=-3 Y=0 Z=5 FlatVerts=0 SlopeVerts=0
[+19:44:04.979] VoxelChunk: GenerateAsync (-5,-2,1)
[+19:44:04.981] VoxelMesh: Chunk X=0 Y=-5 Z=3 FlatVerts=0 SlopeVerts=378
[+19:44:04.981] VoxelMesh: Chunk X=-5 Y=-2 Z=1 FlatVerts=0 SlopeVerts=0
[+19:44:04.990] VoxelMesh: Chunk X=0 Y=-4 Z=4 FlatVerts=60 SlopeVerts=1752
[+19:44:04.991] VoxelChunk: GenerateAsync (-5,0,3)
[+19:44:04.992] VoxelMesh: Chunk X=-4 Y=0 Z=4 FlatVerts=912 SlopeVerts=2112
[+19:44:04.992] VoxelChunk: GenerateAsync (5,0,3)
[+19:44:04.992] VoxelMesh: Chunk X=-5 Y=0 Z=3 FlatVerts=60 SlopeVerts=1752
[+19:44:04.993] VoxelMesh: Chunk X=5 Y=0 Z=3 FlatVerts=912 SlopeVerts=2112
[+19:44:04.994] VoxelMesh: Chunk X=0 Y=5 Z=1 FlatVerts=0 SlopeVerts=0
[+19:44:04.994] VoxelChunk: GenerateAsync (-2,-4,4)
[+19:44:04.995] VoxelMesh: Chunk X=3 Y=4 Z=1 FlatVerts=0 SlopeVerts=0
[+19:44:04.995] VoxelChunk: GenerateAsync (5,-2,1)
[+19:44:04.996] VoxelMesh: Chunk X=-2 Y=-4 Z=4 FlatVerts=0 SlopeVerts=0
[+19:44:04.997] VoxelMesh: Chunk X=5 Y=-2 Z=1 FlatVerts=0 SlopeVerts=0
[+19:44:05.005] VoxelMesh: Chunk X=-3 Y=-4 Z=1 FlatVerts=0 SlopeVerts=1122
[+19:44:05.005] VoxelChunk: GenerateAsync (-4,-3,3)
[+19:44:05.007] VoxelMesh: Chunk X=4 Y=3 Z=1 FlatVerts=0 SlopeVerts=1002
[+19:44:05.007] VoxelChunk: GenerateAsync (3,4,3)
[+19:44:05.007] VoxelMesh: Chunk X=-4 Y=-3 Z=3 FlatVerts=0 SlopeVerts=1122
[+19:44:05.009] VoxelMesh: Chunk X=3 Y=4 Z=3 FlatVerts=0 SlopeVerts=1002
[+19:44:05.009] VoxelMesh: Chunk X=-4 Y=3 Z=1 FlatVerts=0 SlopeVerts=132
[+19:44:05.010] VoxelChunk: GenerateAsync (-2,0,6)
[+19:44:05.011] VoxelMesh: Chunk X=-4 Y=-3 Z=1 FlatVerts=0 SlopeVerts=0
[+19:44:05.012] VoxelChunk: GenerateAsync (0,2,6)
[+19:44:05.012] VoxelMesh: Chunk X=-2 Y=0 Z=6 FlatVerts=0 SlopeVerts=132
[+19:44:05.013] VoxelMesh: Chunk X=0 Y=2 Z=6 FlatVerts=0 SlopeVerts=0
[+19:44:05.020] VoxelMesh: Chunk X=-3 Y=4 Z=1 FlatVerts=0 SlopeVerts=0
[+19:44:05.021] VoxelChunk: GenerateAsync (2,5,1)
[+19:44:05.022] VoxelMesh: Chunk X=0 Y=-5 Z=1 FlatVerts=0 SlopeVerts=0
[+19:44:05.022] VoxelMesh: Chunk X=2 Y=5 Z=1 FlatVerts=0 SlopeVerts=0
[+19:44:05.022] VoxelChunk: GenerateAsync (-2,-3,5)
[+19:44:05.024] VoxelMesh: Chunk X=0 Y=4 Z=4 FlatVerts=0 SlopeVerts=0
[+19:44:05.024] VoxelChunk: GenerateAsync (2,0,6)
[+19:44:05.025] VoxelMesh: Chunk X=-2 Y=-3 Z=5 FlatVerts=0 SlopeVerts=0
[+19:44:05.026] VoxelMesh: Chunk X=2 Y=0 Z=6 FlatVerts=0 SlopeVerts=0
[+19:44:05.026] VoxelMesh: Chunk X=3 Y=0 Z=5 FlatVerts=0 SlopeVerts=132
[+19:44:05.026] VoxelChunk: GenerateAsync (0,5,3)
[+19:44:05.027] VoxelMesh: Chunk X=0 Y=5 Z=3 FlatVerts=0 SlopeVerts=132
[+19:44:05.039] VoxelMesh: Chunk X=0 Y=0 Z=0 FlatVerts=60 SlopeVerts=16818
[+19:44:05.052] VoxelChunk: GenerateAsync (0,-2,4)
[+19:44:05.053] VoxelMesh: Chunk X=0 Y=-2 Z=4 FlatVerts=0 SlopeVerts=1740
[+19:44:05.054] VoxelMesh: Chunk X=-5 Y=0 Z=1 FlatVerts=1572 SlopeVerts=0
[+19:44:05.054] VoxelChunk: GenerateAsync (-2,5,1)
[+19:44:05.055] VoxelMesh: Chunk X=-2 Y=5 Z=1 FlatVerts=1572 SlopeVerts=0
[+19:44:05.055] VoxelMesh: Chunk X=4 Y=-3 Z=1 FlatVerts=120 SlopeVerts=1662
[+19:44:05.055] VoxelChunk: GenerateAsync (4,2,4)
[+19:44:05.056] VoxelMesh: Chunk X=3 Y=-4 Z=1 FlatVerts=1914 SlopeVerts=156
[+19:44:05.056] VoxelMesh: Chunk X=4 Y=2 Z=4 FlatVerts=120 SlopeVerts=1662
[+19:44:05.056] VoxelChunk: GenerateAsync (-5,2,1)
[+19:44:05.058] VoxelMesh: Chunk X=-5 Y=2 Z=1 FlatVerts=1914 SlopeVerts=156
[+19:44:05.058] VoxelMesh: Chunk X=-4 Y=3 Z=0 FlatVerts=0 SlopeVerts=1026
[+19:44:05.058] VoxelChunk: GenerateAsync (-3,-2,5)
[+19:44:05.060] VoxelMesh: Chunk X=-3 Y=-2 Z=5 FlatVerts=0 SlopeVerts=1026
[+19:44:05.071] VoxelMesh: Chunk X=4 Y=3 Z=0 FlatVerts=18 SlopeVerts=840
[+19:44:05.072] VoxelChunk: GenerateAsync (-4,2,4)
[+19:44:05.073] VoxelMesh: Chunk X=-5 Y=0 Z=0 FlatVerts=0 SlopeVerts=0
[+19:44:05.074] VoxelChunk: GenerateAsync (2,4,4)
[+19:44:05.074] VoxelMesh: Chunk X=-4 Y=2 Z=4 FlatVerts=18 SlopeVerts=840
[+19:44:05.075] VoxelMesh: Chunk X=2 Y=4 Z=4 FlatVerts=0 SlopeVerts=0
[+19:44:05.075] VoxelMesh: Chunk X=4 Y=-3 Z=0 FlatVerts=0 SlopeVerts=0
[+19:44:05.075] VoxelChunk: GenerateAsync (4,-2,4)
[+19:44:05.077] VoxelMesh: Chunk X=1 Y=3 Z=5 FlatVerts=240 SlopeVerts=1122
[+19:44:05.077] VoxelChunk: GenerateAsync (5,2,1)
[+19:44:05.077] VoxelMesh: Chunk X=4 Y=-2 Z=4 FlatVerts=0 SlopeVerts=0
[+19:44:05.077] VoxelMesh: Chunk X=5 Y=2 Z=1 FlatVerts=240 SlopeVerts=1122
[+19:44:05.086] VoxelMesh: Chunk X=-4 Y=-3 Z=0 FlatVerts=702 SlopeVerts=714
[+19:44:05.086] VoxelChunk: GenerateAsync (3,2,5)
[+19:44:05.088] VoxelMesh: Chunk X=3 Y=2 Z=5 FlatVerts=702 SlopeVerts=714
[+19:44:05.088] VoxelMesh: Chunk X=5 Y=0 Z=0 FlatVerts=0 SlopeVerts=0
[+19:44:05.088] VoxelChunk: GenerateAsync (0,-2,6)
[+19:44:05.089] VoxelMesh: Chunk X=0 Y=-2 Z=6 FlatVerts=0 SlopeVerts=0
[+19:44:05.089] VoxelMesh: Chunk X=-3 Y=4 Z=0 FlatVerts=0 SlopeVerts=4770
[+19:44:05.090] VoxelChunk: GenerateAsync (2,-3,5)
[+19:44:05.091] VoxelMesh: Chunk X=-1 Y=3 Z=5 FlatVerts=0 SlopeVerts=222
[+19:44:05.092] VoxelChunk: GenerateAsync (-2,-1,6)
[+19:44:05.092] VoxelMesh: Chunk X=2 Y=-3 Z=5 FlatVerts=0 SlopeVerts=4770
[+19:44:05.093] VoxelMesh: Chunk X=-2 Y=-1 Z=6 FlatVerts=0 SlopeVerts=222
[+19:44:05.109] VoxelMesh: Chunk X=-4 Y=-1 Z=4 FlatVerts=162 SlopeVerts=3780
[+19:44:05.109] VoxelChunk: GenerateAsync (5,2,2)
[+19:44:05.111] VoxelMesh: Chunk X=5 Y=2 Z=2 FlatVerts=162 SlopeVerts=3780
[+19:44:05.111] VoxelMesh: Chunk X=-1 Y=-4 Z=4 FlatVerts=330 SlopeVerts=108
[+19:44:05.111] VoxelChunk: GenerateAsync (-2,5,2)
[+19:44:05.114] VoxelMesh: Chunk X=-2 Y=5 Z=2 FlatVerts=330 SlopeVerts=108
[+19:44:05.114] VoxelMesh: Chunk X=0 Y=-1 Z=6 FlatVerts=0 SlopeVerts=0
[+19:44:05.114] VoxelChunk: GenerateAsync (-1,-2,6)
[+19:44:05.116] VoxelMesh: Chunk X=-1 Y=0 Z=6 FlatVerts=0 SlopeVerts=0
[+19:44:05.116] VoxelMesh: Chunk X=-1 Y=-2 Z=6 FlatVerts=0 SlopeVerts=0
[+19:44:05.116] VoxelChunk: GenerateAsync (-1,5,3)
[+19:44:05.117] VoxelMesh: Chunk X=-1 Y=5 Z=3 FlatVerts=0 SlopeVerts=0
[+19:44:05.124] VoxelMesh: Chunk X=3 Y=4 Z=0 FlatVerts=0 SlopeVerts=0
[+19:44:05.124] VoxelChunk: GenerateAsync (-2,5,0)
[+19:44:05.125] VoxelMesh: Chunk X=1 Y=0 Z=6 FlatVerts=0 SlopeVerts=504
[+19:44:05.125] VoxelMesh: Chunk X=-2 Y=5 Z=0 FlatVerts=0 SlopeVerts=0
[+19:44:05.126] VoxelChunk: GenerateAsync (1,5,3)
[+19:44:05.127] VoxelMesh: Chunk X=0 Y=5 Z=2 FlatVerts=0 SlopeVerts=0
[+19:44:05.127] VoxelChunk: GenerateAsync (-2,1,6)
[+19:44:05.129] VoxelMesh: Chunk X=1 Y=5 Z=3 FlatVerts=0 SlopeVerts=504
[+19:44:05.130] VoxelMesh: Chunk X=3 Y=4 Z=2 FlatVerts=0 SlopeVerts=0
[+19:44:05.130] VoxelChunk: GenerateAsync (-5,2,2)
[+19:44:05.130] VoxelMesh: Chunk X=-2 Y=1 Z=6 FlatVerts=0 SlopeVerts=0
[+19:44:05.132] VoxelMesh: Chunk X=-5 Y=2 Z=2 FlatVerts=0 SlopeVerts=0
[+19:44:05.144] VoxelMesh: Chunk X=0 Y=0 Z=0 FlatVerts=90 SlopeVerts=33162
[+19:44:05.170] VoxelChunk: GenerateAsync (1,-2,4)
[+19:44:05.173] VoxelMesh: Chunk X=1 Y=-2 Z=4 FlatVerts=0 SlopeVerts=1200
[+19:44:05.174] VoxelMesh: Chunk X=-1 Y=-3 Z=5 FlatVerts=0 SlopeVerts=0
[+19:44:05.174] VoxelChunk: GenerateAsync (5,-2,0)
[+19:44:05.175] VoxelMesh: Chunk X=-3 Y=4 Z=2 FlatVerts=204 SlopeVerts=1794
[+19:44:05.175] VoxelChunk: GenerateAsync (2,5,2)
[+19:44:05.176] VoxelMesh: Chunk X=2 Y=5 Z=2 FlatVerts=204 SlopeVerts=1794
[+19:44:05.176] VoxelMesh: Chunk X=5 Y=-2 Z=0 FlatVerts=0 SlopeVerts=0
[+19:44:05.176] VoxelMesh: Chunk X=4 Y=3 Z=2 FlatVerts=0 SlopeVerts=0
[+19:44:05.177] VoxelChunk: GenerateAsync (1,-2,6)
[+19:44:05.179] VoxelMesh: Chunk X=-4 Y=3 Z=2 FlatVerts=30 SlopeVerts=3936
[+19:44:05.179] VoxelChunk: GenerateAsync (-5,-1,3)
[+19:44:05.180] VoxelMesh: Chunk X=1 Y=-2 Z=6 FlatVerts=0 SlopeVerts=0
[+19:44:05.181] VoxelMesh: Chunk X=-5 Y=-1 Z=3 FlatVerts=30 SlopeVerts=3936
[+19:44:05.191] VoxelMesh: Chunk X=1 Y=-3 Z=5 FlatVerts=2244 SlopeVerts=288
[+19:44:05.192] VoxelChunk: GenerateAsync (5,-1,3)
[+19:44:05.193] VoxelMesh: Chunk X=5 Y=-1 Z=3 FlatVerts=2244 SlopeVerts=288
[+19:44:05.193] VoxelMesh: Chunk X=-1 Y=5 Z=1 FlatVerts=0 SlopeVerts=0
[+19:44:05.193] VoxelChunk: GenerateAsync (2,5,0)
[+19:44:05.195] VoxelMesh: Chunk X=0 Y=5 Z=0 FlatVerts=0 SlopeVerts=0
[+19:44:05.196] VoxelChunk: GenerateAsync (2,-1,6)
[+19:44:05.196] VoxelMesh: Chunk X=2 Y=5 Z=0 FlatVerts=0 SlopeVerts=0
[+19:44:05.198] VoxelMesh: Chunk X=-3 Y=-1 Z=5 FlatVerts=30 SlopeVerts=5376
[+19:44:05.198] VoxelMesh: Chunk X=2 Y=-1 Z=6 FlatVerts=0 SlopeVerts=0
[+19:44:05.198] VoxelChunk: GenerateAsync (1,-5,3)
[+19:44:05.200] VoxelMesh: Chunk X=1 Y=-5 Z=3 FlatVerts=30 SlopeVerts=5376
[+19:44:05.207] VoxelMesh: Chunk X=5 Y=0 Z=2 FlatVerts=0 SlopeVerts=0
[+19:44:05.207] VoxelChunk: GenerateAsync (1,2,6)
[+19:44:05.209] VoxelMesh: Chunk X=1 Y=2 Z=6 FlatVerts=0 SlopeVerts=0
[+19:44:05.209] VoxelMesh: Chunk X=-5 Y=0 Z=2 FlatVerts=0 SlopeVerts=0
[+19:44:05.209] VoxelChunk: GenerateAsync (-5,1,3)
[+19:44:05.211] VoxelMesh: Chunk X=0 Y=-5 Z=0 FlatVerts=0 SlopeVerts=0
[+19:44:05.211] VoxelChunk: GenerateAsync (-2,-5,0)
[+19:44:05.212] VoxelMesh: Chunk X=-2 Y=-5 Z=0 FlatVerts=0 SlopeVerts=0
[+19:44:05.212] VoxelMesh: Chunk X=4 Y=-3 Z=2 FlatVerts=0 SlopeVerts=0
[+19:44:05.212] VoxelMesh: Chunk X=-5 Y=1 Z=3 FlatVerts=0 SlopeVerts=0
[+19:44:05.212] VoxelChunk: GenerateAsync (5,2,0)
[+19:44:05.213] VoxelMesh: Chunk X=5 Y=2 Z=0 FlatVerts=0 SlopeVerts=0
[+19:44:05.220] VoxelMesh: Chunk X=-4 Y=-3 Z=2 FlatVerts=0 SlopeVerts=0
[+19:44:05.220] VoxelChunk: GenerateAsync (-1,-5,3)
[+19:44:05.222] VoxelMesh: Chunk X=3 Y=-4 Z=2 FlatVerts=0 SlopeVerts=3120
[+19:44:05.222] VoxelMesh: Chunk X=-1 Y=-5 Z=3 FlatVerts=0 SlopeVerts=0
[+19:44:05.222] VoxelChunk: GenerateAsync (5,1,3)
[+19:44:05.223] VoxelMesh: Chunk X=5 Y=1 Z=3 FlatVerts=0 SlopeVerts=3120
[+19:44:05.223] VoxelMesh: Chunk X=-3 Y=-4 Z=2 FlatVerts=0 SlopeVerts=0
[+19:44:05.224] VoxelChunk: GenerateAsync (-5,-2,0)
[+19:44:05.224] VoxelMesh: Chunk X=1 Y=4 Z=4 FlatVerts=6 SlopeVerts=0
[+19:44:05.224] VoxelChunk: GenerateAsync (5,-2,2)
[+19:44:05.225] VoxelMesh: Chunk X=5 Y=-2 Z=2 FlatVerts=6 SlopeVerts=0
[+19:44:05.225] VoxelMesh: Chunk X=-5 Y=-2 Z=0 FlatVerts=0 SlopeVerts=0
[+19:44:05.233] VoxelMesh: Chunk X=1 Y=-4 Z=4 FlatVerts=0 SlopeVerts=0
[+19:44:05.235] VoxelChunk: GenerateAsync (-5,2,0)
[+19:44:05.235] VoxelMesh: Chunk X=-5 Y=2 Z=0 FlatVerts=0 SlopeVerts=0
[+19:44:05.236] VoxelMesh: Chunk X=0 Y=-5 Z=2 FlatVerts=0 SlopeVerts=0
[+19:44:05.236] VoxelChunk: GenerateAsync (-1,2,6)
[+19:44:05.237] VoxelMesh: Chunk X=0 Y=1 Z=6 FlatVerts=30 SlopeVerts=816
[+19:44:05.237] VoxelChunk: GenerateAsync (-5,-2,2)
[+19:44:05.238] VoxelMesh: Chunk X=-5 Y=-2 Z=2 FlatVerts=30 SlopeVerts=816
[+19:44:05.238] VoxelMesh: Chunk X=-1 Y=2 Z=6 FlatVerts=0 SlopeVerts=0
[+19:44:05.238] VoxelMesh: Chunk X=4 Y=-1 Z=4 FlatVerts=0 SlopeVerts=0
[+19:44:05.239] VoxelChunk: GenerateAsync (2,-5,0)
[+19:44:05.240] VoxelMesh: Chunk X=2 Y=-5 Z=0 FlatVerts=0 SlopeVerts=0
[+19:44:05.253] VoxelMesh: Chunk X=0 Y=0 Z=0 FlatVerts=54 SlopeVerts=32040
[+19:44:05.277] VoxelChunk: GenerateAsync (2,-2,4)
[+19:44:05.279] VoxelMesh: Chunk X=2 Y=-2 Z=4 FlatVerts=0 SlopeVerts=246
[+19:44:05.281] VoxelMesh: Chunk X=1 Y=5 Z=1 FlatVerts=0 SlopeVerts=0
[+19:44:05.281] VoxelChunk: GenerateAsync (2,-5,2)
[+19:44:05.282] VoxelMesh: Chunk X=5 Y=-1 Z=1 FlatVerts=0 SlopeVerts=0
[+19:44:05.282] VoxelChunk: GenerateAsync (-2,-5,2)
[+19:44:05.282] VoxelMesh: Chunk X=2 Y=-5 Z=2 FlatVerts=0 SlopeVerts=0
[+19:44:05.284] VoxelMesh: Chunk X=-2 Y=-5 Z=2 FlatVerts=0 SlopeVerts=0
[+19:44:05.284] VoxelMesh: Chunk X=-4 Y=1 Z=4 FlatVerts=0 SlopeVerts=0
[+19:44:05.284] VoxelChunk: GenerateAsync (2,1,6)
[+19:44:05.286] VoxelMesh: Chunk X=2 Y=1 Z=6 FlatVerts=0 SlopeVerts=0
[+19:44:05.286] VoxelMesh: Chunk X=4 Y=1 Z=4 FlatVerts=0 SlopeVerts=7530
[+19:44:05.286] VoxelChunk: GenerateAsync (-4,0,5)
[+19:44:05.287] VoxelMesh: Chunk X=-4 Y=0 Z=5 FlatVerts=0 SlopeVerts=7530
[+19:44:05.297] VoxelMesh: Chunk X=5 Y=1 Z=1 FlatVerts=0 SlopeVerts=0
[+19:44:05.298] VoxelChunk: GenerateAsync (0,4,5)
[+19:44:05.298] VoxelMesh: Chunk X=3 Y=-1 Z=5 FlatVerts=168 SlopeVerts=1362
[+19:44:05.299] VoxelChunk: GenerateAsync (4,-4,1)
[+19:44:05.300] VoxelMesh: Chunk X=0 Y=4 Z=5 FlatVerts=0 SlopeVerts=0
[+19:44:05.300] VoxelMesh: Chunk X=4 Y=-4 Z=1 FlatVerts=168 SlopeVerts=1362
[+19:44:05.300] VoxelMesh: Chunk X=-5 Y=1 Z=1 FlatVerts=0 SlopeVerts=4218
[+19:44:05.300] VoxelChunk: GenerateAsync (0,-4,5)
[+19:44:05.301] VoxelMesh: Chunk X=-3 Y=1 Z=5 FlatVerts=0 SlopeVerts=0
[+19:44:05.301] VoxelChunk: GenerateAsync (4,4,1)
[+19:44:05.302] VoxelMesh: Chunk X=4 Y=4 Z=1 FlatVerts=0 SlopeVerts=0
[+19:44:05.302] VoxelMesh: Chunk X=0 Y=-4 Z=5 FlatVerts=0 SlopeVerts=4218
[+19:44:05.310] VoxelMesh: Chunk X=-1 Y=4 Z=4 FlatVerts=1566 SlopeVerts=462
[+19:44:05.311] VoxelChunk: GenerateAsync (-4,4,1)
[+19:44:05.312] VoxelMesh: Chunk X=-4 Y=4 Z=1 FlatVerts=1566 SlopeVerts=462
[+19:44:05.312] VoxelMesh: Chunk X=-3 Y=-4 Z=0 FlatVerts=0 SlopeVerts=0
[+19:44:05.312] VoxelChunk: GenerateAsync (4,0,5)
[+19:44:05.314] VoxelMesh: Chunk X=-5 Y=-1 Z=1 FlatVerts=2184 SlopeVerts=714
[+19:44:05.314] VoxelMesh: Chunk X=4 Y=0 Z=5 FlatVerts=0 SlopeVerts=0
[+19:44:05.314] VoxelChunk: GenerateAsync (-4,-4,1)
[+19:44:05.316] VoxelMesh: Chunk X=3 Y=-4 Z=0 FlatVerts=0 SlopeVerts=0
[+19:44:05.316] VoxelChunk: GenerateAsync (4,-4,0)
[+19:44:05.316] VoxelMesh: Chunk X=-4 Y=-4 Z=1 FlatVerts=2184 SlopeVerts=714
[+19:44:05.317] VoxelMesh: Chunk X=4 Y=-4 Z=0 FlatVerts=0 SlopeVerts=0
[+19:44:05.325] VoxelMesh: Chunk X=3 Y=1 Z=5 FlatVerts=0 SlopeVerts=0
[+19:44:05.325] VoxelChunk: GenerateAsync (4,-1,5)
[+19:44:05.326] VoxelMesh: Chunk X=1 Y=-5 Z=1 FlatVerts=192 SlopeVerts=96
[+19:44:05.327] VoxelChunk: GenerateAsync (4,1,5)
[+19:44:05.327] VoxelMesh: Chunk X=4 Y=-1 Z=5 FlatVerts=0 SlopeVerts=0
[+19:44:05.328] VoxelMesh: Chunk X=-1 Y=-5 Z=1 FlatVerts=0 SlopeVerts=0
[+19:44:05.328] VoxelChunk: GenerateAsync (-4,-4,0)
[+19:44:05.329] VoxelMesh: Chunk X=4 Y=1 Z=5 FlatVerts=192 SlopeVerts=96
[+19:44:05.330] VoxelMesh: Chunk X=-4 Y=-4 Z=0 FlatVerts=0 SlopeVerts=0
[+19:44:05.331] VoxelMesh: Chunk X=1 Y=5 Z=0 FlatVerts=6 SlopeVerts=6576
[+19:44:05.331] VoxelChunk: GenerateAsync (-4,-1,5)
[+19:44:05.332] VoxelMesh: Chunk X=-4 Y=-1 Z=5 FlatVerts=6 SlopeVerts=6576
[+19:44:05.341] VoxelMesh: Chunk X=-1 Y=5 Z=0 FlatVerts=0 SlopeVerts=0
[+19:44:05.341] VoxelChunk: GenerateAsync (2,2,6)
[+19:44:05.343] VoxelMesh: Chunk X=2 Y=2 Z=6 FlatVerts=0 SlopeVerts=0
[+19:44:05.343] VoxelMesh: Chunk X=-1 Y=-5 Z=2 FlatVerts=0 SlopeVerts=0
[+19:44:05.343] VoxelChunk: GenerateAsync (-2,2,6)
[+19:44:05.343] VoxelMesh: Chunk X=-1 Y=1 Z=6 FlatVerts=0 SlopeVerts=0
[+19:44:05.344] VoxelChunk: GenerateAsync (-4,4,0)
[+19:44:05.346] VoxelMesh: Chunk X=-5 Y=-1 Z=2 FlatVerts=0 SlopeVerts=0
[+19:44:05.346] VoxelMesh: Chunk X=-4 Y=4 Z=0 FlatVerts=0 SlopeVerts=0
[+19:44:05.346] VoxelChunk: GenerateAsync (-5,2,3)
[+19:44:05.346] VoxelMesh: Chunk X=-2 Y=2 Z=6 FlatVerts=0 SlopeVerts=0
[+19:44:05.348] VoxelMesh: Chunk X=-5 Y=2 Z=3 FlatVerts=0 SlopeVerts=0
[+19:44:05.361] VoxelMesh: Chunk X=0 Y=0 Z=0 FlatVerts=66 SlopeVerts=34452
[+19:44:05.387] VoxelChunk: GenerateAsync (3,-2,4)
[+19:44:05.389] VoxelMesh: Chunk X=3 Y=-2 Z=4 FlatVerts=0 SlopeVerts=0
[+19:44:05.389] VoxelMesh: Chunk X=-1 Y=-5 Z=0 FlatVerts=0 SlopeVerts=0
[+19:44:05.390] VoxelChunk: GenerateAsync (-1,4,5)
[+19:44:05.391] VoxelMesh: Chunk X=5 Y=-1 Z=2 FlatVerts=0 SlopeVerts=0
[+19:44:05.392] VoxelChunk: GenerateAsync (4,4,0)
[+19:44:05.392] VoxelMesh: Chunk X=-1 Y=4 Z=5 FlatVerts=0 SlopeVerts=0
[+19:44:05.393] VoxelMesh: Chunk X=4 Y=4 Z=0 FlatVerts=0 SlopeVerts=0
[+19:44:05.394] VoxelMesh: Chunk X=-5 Y=-1 Z=0 FlatVerts=0 SlopeVerts=0
[+19:44:05.394] VoxelChunk: GenerateAsync (2,-2,6)
[+19:44:05.395] VoxelMesh: Chunk X=-5 Y=1 Z=0 FlatVerts=0 SlopeVerts=0
[+19:44:05.396] VoxelChunk: GenerateAsync (-1,-4,5)
[+19:44:05.397] VoxelMesh: Chunk X=2 Y=-2 Z=6 FlatVerts=0 SlopeVerts=0
[+19:44:05.398] VoxelMesh: Chunk X=-1 Y=-4 Z=5 FlatVerts=0 SlopeVerts=0
[+19:44:05.405] VoxelMesh: Chunk X=5 Y=-1 Z=0 FlatVerts=54 SlopeVerts=822
[+19:44:05.406] VoxelChunk: GenerateAsync (2,-5,3)
[+19:44:05.407] VoxelMesh: Chunk X=2 Y=-5 Z=3 FlatVerts=54 SlopeVerts=822
[+19:44:05.407] VoxelMesh: Chunk X=5 Y=1 Z=2 FlatVerts=0 SlopeVerts=0
[+19:44:05.408] VoxelChunk: GenerateAsync (-2,-2,6)
[+19:44:05.409] VoxelMesh: Chunk X=1 Y=5 Z=2 FlatVerts=0 SlopeVerts=648
[+19:44:05.410] VoxelMesh: Chunk X=-2 Y=-2 Z=6 FlatVerts=0 SlopeVerts=0
[+19:44:05.410] VoxelChunk: GenerateAsync (5,2,3)
[+19:44:05.410] VoxelMesh: Chunk X=1 Y=-5 Z=0 FlatVerts=0 SlopeVerts=0
[+19:44:05.410] VoxelChunk: GenerateAsync (-2,5,3)
[+19:44:05.412] VoxelMesh: Chunk X=5 Y=2 Z=3 FlatVerts=0 SlopeVerts=648
[+19:44:05.413] VoxelMesh: Chunk X=-2 Y=5 Z=3 FlatVerts=0 SlopeVerts=0
[+19:44:05.420] VoxelMesh: Chunk X=-5 Y=1 Z=2 FlatVerts=0 SlopeVerts=0
[+19:44:05.420] VoxelChunk: GenerateAsync (-4,-4,2)
[+19:44:05.422] VoxelMesh: Chunk X=-1 Y=-1 Z=6 FlatVerts=0 SlopeVerts=342
[+19:44:05.422] VoxelChunk: GenerateAsync (-4,4,2)
[+19:44:05.423] VoxelMesh: Chunk X=-4 Y=-4 Z=2 FlatVerts=0 SlopeVerts=0
[+19:44:05.423] VoxelMesh: Chunk X=5 Y=1 Z=0 FlatVerts=0 SlopeVerts=0
[+19:44:05.423] VoxelMesh: Chunk X=-4 Y=4 Z=2 FlatVerts=0 SlopeVerts=342
[+19:44:05.423] VoxelChunk: GenerateAsync (-2,-5,3)
[+19:44:05.424] VoxelMesh: Chunk X=1 Y=-1 Z=6 FlatVerts=432 SlopeVerts=3582
[+19:44:05.425] VoxelChunk: GenerateAsync (4,4,2)
[+19:44:05.425] VoxelMesh: Chunk X=-2 Y=-5 Z=3 FlatVerts=0 SlopeVerts=0
[+19:44:05.426] VoxelMesh: Chunk X=4 Y=4 Z=2 FlatVerts=432 SlopeVerts=3582
[+19:44:05.434] VoxelMesh: Chunk X=1 Y=1 Z=6 FlatVerts=48 SlopeVerts=4272
[+19:44:05.435] VoxelChunk: GenerateAsync (4,-4,2)
[+19:44:05.436] VoxelMesh: Chunk X=-1 Y=5 Z=2 FlatVerts=0 SlopeVerts=0
[+19:44:05.436] VoxelMesh: Chunk X=4 Y=-4 Z=2 FlatVerts=48 SlopeVerts=4272
[+19:44:05.437] VoxelChunk: GenerateAsync (1,4,5)
[+19:44:05.438] VoxelMesh: Chunk X=1 Y=-5 Z=2 FlatVerts=96 SlopeVerts=5274
[+19:44:05.438] VoxelMesh: Chunk X=1 Y=4 Z=5 FlatVerts=0 SlopeVerts=0
[+19:44:05.439] VoxelChunk: GenerateAsync (2,5,3)
[+19:44:05.440] VoxelMesh: Chunk X=2 Y=3 Z=5 FlatVerts=2286 SlopeVerts=576
[+19:44:05.441] VoxelMesh: Chunk X=2 Y=5 Z=3 FlatVerts=96 SlopeVerts=5274
[+19:44:05.441] VoxelChunk: GenerateAsync (5,-2,3)
[+19:44:05.442] VoxelMesh: Chunk X=5 Y=-2 Z=3 FlatVerts=2286 SlopeVerts=576
[+19:44:05.451] VoxelMesh: Chunk X=-3 Y=2 Z=5 FlatVerts=0 SlopeVerts=2892
[+19:44:05.453] VoxelChunk: GenerateAsync (-4,1,5)
[+19:44:05.454] VoxelMesh: Chunk X=4 Y=3 Z=3 FlatVerts=132 SlopeVerts=7452
[+19:44:05.454] VoxelChunk: GenerateAsync (-5,-2,3)
[+19:44:05.455] VoxelMesh: Chunk X=-4 Y=1 Z=5 FlatVerts=0 SlopeVerts=2892
[+19:44:05.456] VoxelMesh: Chunk X=-2 Y=4 Z=4 FlatVerts=0 SlopeVerts=5466
[+19:44:05.456] VoxelMesh: Chunk X=-5 Y=-2 Z=3 FlatVerts=132 SlopeVerts=7452
[+19:44:05.456] VoxelChunk: GenerateAsync (1,-4,5)
[+19:44:05.457] VoxelMesh: Chunk X=-4 Y=-2 Z=4 FlatVerts=0 SlopeVerts=0
[+19:44:05.457] VoxelChunk: GenerateAsync (3,5,1)
[+19:44:05.458] VoxelMesh: Chunk X=1 Y=-4 Z=5 FlatVerts=0 SlopeVerts=5466
[+19:44:05.458] VoxelMesh: Chunk X=3 Y=5 Z=1 FlatVerts=0 SlopeVerts=0
[+19:44:05.473] VoxelMesh: Chunk X=0 Y=0 Z=0 FlatVerts=0 SlopeVerts=0
[+19:44:05.473] VoxelChunk: GenerateAsync (-3,-1,4)
[+19:44:05.474] VoxelMesh: Chunk X=-3 Y=-1 Z=4 FlatVerts=0 SlopeVerts=3618
[+19:44:05.478] VoxelChunk: GenerateAsync (-13,-9,2)
[+19:44:05.478] VoxelChunk: GenerateAsync (-13,-8,2)
[+19:44:05.478] VoxelChunk: GenerateAsync (-13,-7,2)
[+19:44:05.478] VoxelChunk: GenerateAsync (-12,-9,2)
[+19:44:05.478] VoxelChunk: GenerateAsync (-12,-8,2)
[+19:44:05.478] VoxelChunk: GenerateAsync (-12,-7,2)
[+19:44:05.478] VoxelChunk: GenerateAsync (-11,-9,2)
[+19:44:05.478] VoxelChunk: GenerateAsync (-11,-8,2)
[+19:44:05.478] VoxelChunk: GenerateAsync (-11,-7,2)
[+19:44:05.479] VoxelMesh: Chunk X=-13 Y=-7 Z=2 FlatVerts=48 SlopeVerts=78
[+19:44:05.479] VoxelMesh: Chunk X=-13 Y=-8 Z=2 FlatVerts=0 SlopeVerts=54
[+19:44:05.479] VoxelMesh: Chunk X=-12 Y=-7 Z=2 FlatVerts=48 SlopeVerts=138
[+19:44:05.479] VoxelMesh: Chunk X=-12 Y=-9 Z=2 FlatVerts=0 SlopeVerts=0
[+19:44:05.479] VoxelMesh: Chunk X=-11 Y=-9 Z=2 FlatVerts=0 SlopeVerts=30
[+19:44:05.479] VoxelMesh: Chunk X=-12 Y=-8 Z=2 FlatVerts=0 SlopeVerts=168
[+19:44:05.479] VoxelMesh: Chunk X=-11 Y=-8 Z=2 FlatVerts=0 SlopeVerts=174
[+19:44:05.480] VoxelMesh: Chunk X=-11 Y=-7 Z=2 FlatVerts=0 SlopeVerts=0
[+19:44:05.480] VoxelMesh: Chunk X=-13 Y=-9 Z=2 FlatVerts=0 SlopeVerts=180
[+19:44:05.480] VoxelMesh: Chunk X=2 Y=-4 Z=4 FlatVerts=0 SlopeVerts=0
[+19:44:05.480] VoxelChunk: GenerateAsync (4,-3,4)
[+19:44:05.482] VoxelMesh: Chunk X=2 Y=-5 Z=1 FlatVerts=0 SlopeVerts=0
[+19:44:05.482] VoxelMesh: Chunk X=4 Y=-3 Z=4 FlatVerts=0 SlopeVerts=0
[+19:44:05.483] VoxelChunk: GenerateAsync (3,3,5)
[+19:44:05.485] VoxelMesh: Chunk X=0 Y=-5 Z=3 FlatVerts=0 SlopeVerts=0
[+19:44:05.485] VoxelMesh: Chunk X=3 Y=3 Z=5 FlatVerts=0 SlopeVerts=0
[+19:44:05.485] VoxelChunk: GenerateAsync (-4,-3,4)
[+19:44:05.486] VoxelMesh: Chunk X=-5 Y=-2 Z=1 FlatVerts=0 SlopeVerts=0
[+19:44:05.486] VoxelChunk: GenerateAsync (3,-5,1)
[+19:44:05.487] VoxelMesh: Chunk X=-4 Y=-3 Z=4 FlatVerts=0 SlopeVerts=0
[+19:44:05.487] VoxelMesh: Chunk X=3 Y=-5 Z=1 FlatVerts=0 SlopeVerts=0
[+19:44:05.499] VoxelMesh: Chunk X=-5 Y=0 Z=3 FlatVerts=0 SlopeVerts=0
[+19:44:05.500] VoxelChunk: GenerateAsync (-3,4,4)
[+19:44:05.502] VoxelMesh: Chunk X=-3 Y=4 Z=4 FlatVerts=0 SlopeVerts=0
[+19:44:05.502] VoxelMesh: Chunk X=5 Y=0 Z=3 FlatVerts=0 SlopeVerts=2748
[+19:44:05.502] VoxelChunk: GenerateAsync (-3,0,6)
[+19:44:05.504] VoxelMesh: Chunk X=-2 Y=-4 Z=4 FlatVerts=0 SlopeVerts=0
[+19:44:05.504] VoxelChunk: GenerateAsync (4,3,4)
[+19:44:05.504] VoxelMesh: Chunk X=-3 Y=0 Z=6 FlatVerts=0 SlopeVerts=2748
[+19:44:05.505] VoxelMesh: Chunk X=5 Y=-2 Z=1 FlatVerts=2142 SlopeVerts=0
[+19:44:05.506] VoxelChunk: GenerateAsync (-3,-5,1)
[+19:44:05.506] VoxelMesh: Chunk X=4 Y=3 Z=4 FlatVerts=0 SlopeVerts=0
[+19:44:05.506] VoxelMesh: Chunk X=-3 Y=-5 Z=1 FlatVerts=2142 SlopeVerts=0
[+19:44:05.515] VoxelMesh: Chunk X=-4 Y=-3 Z=3 FlatVerts=0 SlopeVerts=42
[+19:44:05.515] VoxelChunk: GenerateAsync (-5,0,4)
[+19:44:05.518] VoxelMesh: Chunk X=3 Y=4 Z=3 FlatVerts=0 SlopeVerts=0
[+19:44:05.518] VoxelChunk: GenerateAsync (-4,3,4)
[+19:44:05.518] VoxelMesh: Chunk X=-5 Y=0 Z=4 FlatVerts=0 SlopeVerts=42
[+19:44:05.519] VoxelMesh: Chunk X=-2 Y=0 Z=6 FlatVerts=0 SlopeVerts=3378
[+19:44:05.519] VoxelChunk: GenerateAsync (3,-4,4)
[+19:44:05.521] VoxelMesh: Chunk X=-4 Y=3 Z=4 FlatVerts=0 SlopeVerts=0
[+19:44:05.521] VoxelMesh: Chunk X=0 Y=2 Z=6 FlatVerts=0 SlopeVerts=0
[+19:44:05.522] VoxelChunk: GenerateAsync (3,0,6)
[+19:44:05.522] VoxelMesh: Chunk X=3 Y=-4 Z=4 FlatVerts=0 SlopeVerts=3378
[+19:44:05.522] VoxelMesh: Chunk X=3 Y=0 Z=6 FlatVerts=0 SlopeVerts=0
[+19:44:05.529] VoxelMesh: Chunk X=2 Y=5 Z=1 FlatVerts=216 SlopeVerts=2148
[+19:44:05.529] VoxelChunk: GenerateAsync (-5,-3,1)
[+19:44:05.531] VoxelMesh: Chunk X=-5 Y=-3 Z=1 FlatVerts=216 SlopeVerts=2148
[+19:44:05.532] VoxelMesh: Chunk X=-2 Y=-3 Z=5 FlatVerts=0 SlopeVerts=0
[+19:44:05.532] VoxelChunk: GenerateAsync (0,5,4)
[+19:44:05.534] VoxelMesh: Chunk X=2 Y=0 Z=6 FlatVerts=0 SlopeVerts=0
[+19:44:05.534] VoxelMesh: Chunk X=0 Y=5 Z=4 FlatVerts=0 SlopeVerts=0
[+19:44:05.534] VoxelChunk: GenerateAsync (-3,-3,5)
[+19:44:05.536] VoxelMesh: Chunk X=0 Y=5 Z=3 FlatVerts=0 SlopeVerts=0
[+19:44:05.536] VoxelChunk: GenerateAsync (3,4,4)
[+19:44:05.536] VoxelMesh: Chunk X=-3 Y=-3 Z=5 FlatVerts=0 SlopeVerts=0
[+19:44:05.537] VoxelMesh: Chunk X=3 Y=4 Z=4 FlatVerts=0 SlopeVerts=0
[+19:44:05.544] VoxelMesh: Chunk X=-2 Y=5 Z=1 FlatVerts=0 SlopeVerts=0
[+19:44:05.545] VoxelChunk: GenerateAsync (5,-3,1)
[+19:44:05.546] VoxelMesh: Chunk X=4 Y=2 Z=4 FlatVerts=0 SlopeVerts=876
[+19:44:05.546] VoxelMesh: Chunk X=5 Y=-3 Z=1 FlatVerts=0 SlopeVerts=0
[+19:44:05.547] VoxelChunk: GenerateAsync (3,-3,5)
[+19:44:05.548] VoxelMesh: Chunk X=3 Y=-3 Z=5 FlatVerts=0 SlopeVerts=876
[+19:44:05.549] VoxelMesh: Chunk X=-5 Y=2 Z=1 FlatVerts=0 SlopeVerts=0
[+19:44:05.549] VoxelChunk: GenerateAsync (-3,-4,4)
[+19:44:05.551] VoxelMesh: Chunk X=-3 Y=-2 Z=5 FlatVerts=0 SlopeVerts=0
[+19:44:05.551] VoxelMesh: Chunk X=-3 Y=-4 Z=4 FlatVerts=0 SlopeVerts=0
[+19:44:05.551] VoxelChunk: GenerateAsync (0,3,6)
[+19:44:05.553] VoxelMesh: Chunk X=0 Y=3 Z=6 FlatVerts=0 SlopeVerts=0
[+19:44:05.559] VoxelMesh: Chunk X=-4 Y=2 Z=4 FlatVerts=1740 SlopeVerts=0
[+19:44:05.559] VoxelChunk: GenerateAsync (-5,3,1)
[+19:44:05.561] VoxelMesh: Chunk X=2 Y=4 Z=4 FlatVerts=0 SlopeVerts=1236
[+19:44:05.561] VoxelMesh: Chunk X=-5 Y=3 Z=1 FlatVerts=1740 SlopeVerts=0
[+19:44:05.561] VoxelChunk: GenerateAsync (5,0,4)
[+19:44:05.562] VoxelMesh: Chunk X=4 Y=-2 Z=4 FlatVerts=1902 SlopeVerts=0
[+19:44:05.562] VoxelChunk: GenerateAsync (-3,5,1)
[+19:44:05.563] VoxelMesh: Chunk X=5 Y=0 Z=4 FlatVerts=0 SlopeVerts=1236
[+19:44:05.563] VoxelMesh: Chunk X=-3 Y=5 Z=1 FlatVerts=1902 SlopeVerts=0
[+19:44:05.564] VoxelMesh: Chunk X=5 Y=2 Z=1 FlatVerts=0 SlopeVerts=0
[+19:44:05.564] VoxelChunk: GenerateAsync (0,-3,6)
[+19:44:05.566] VoxelMesh: Chunk X=0 Y=-3 Z=6 FlatVerts=0 SlopeVerts=0
[+19:44:05.577] VoxelMesh: Chunk X=0 Y=0 Z=0 FlatVerts=0 SlopeVerts=0
[+19:44:05.577] VoxelChunk: GenerateAsync (-2,-1,4)
[+19:44:05.580] VoxelMesh: Chunk X=-2 Y=-1 Z=4 FlatVerts=0 SlopeVerts=2322
[+19:44:05.582] VoxelMesh: Chunk X=3 Y=2 Z=5 FlatVerts=0 SlopeVerts=0
[+19:44:05.582] VoxelChunk: GenerateAsync (-3,3,5)
[+19:44:05.584] VoxelMesh: Chunk X=0 Y=-2 Z=6 FlatVerts=0 SlopeVerts=0
[+19:44:05.584] VoxelChunk: GenerateAsync (0,-5,4)
[+19:44:05.585] VoxelMesh: Chunk X=-3 Y=3 Z=5 FlatVerts=0 SlopeVerts=0
[+19:44:05.585] VoxelMesh: Chunk X=2 Y=-3 Z=5 FlatVerts=0 SlopeVerts=0
[+19:44:05.585] VoxelChunk: GenerateAsync (5,3,1)
[+19:44:05.586] VoxelMesh: Chunk X=-2 Y=-1 Z=6 FlatVerts=0 SlopeVerts=204
[+19:44:05.586] VoxelChunk: GenerateAsync (5,-3,2)
[+19:44:05.586] VoxelMesh: Chunk X=5 Y=3 Z=1 FlatVerts=0 SlopeVerts=0
[+19:44:05.587] VoxelMesh: Chunk X=5 Y=-3 Z=2 FlatVerts=0 SlopeVerts=204
[+19:44:05.587] VoxelMesh: Chunk X=0 Y=-5 Z=4 FlatVerts=0 SlopeVerts=0
[+19:44:05.598] VoxelMesh: Chunk X=5 Y=2 Z=2 FlatVerts=0 SlopeVerts=2940
[+19:44:05.598] VoxelChunk: GenerateAsync (1,-5,4)
[+19:44:05.600] VoxelMesh: Chunk X=-2 Y=5 Z=2 FlatVerts=0 SlopeVerts=0
[+19:44:05.600] VoxelChunk: GenerateAsync (5,-1,4)
[+19:44:05.600] VoxelMesh: Chunk X=1 Y=-5 Z=4 FlatVerts=0 SlopeVerts=2940
[+19:44:05.602] VoxelMesh: Chunk X=-1 Y=-2 Z=6 FlatVerts=48 SlopeVerts=3216
[+19:44:05.602] VoxelMesh: Chunk X=5 Y=-1 Z=4 FlatVerts=0 SlopeVerts=0
[+19:44:05.602] VoxelChunk: GenerateAsync (-5,-3,2)
[+19:44:05.604] VoxelMesh: Chunk X=-1 Y=5 Z=3 FlatVerts=0 SlopeVerts=0
[+19:44:05.604] VoxelChunk: GenerateAsync (-3,-5,2)
[+19:44:05.604] VoxelMesh: Chunk X=-5 Y=-3 Z=2 FlatVerts=48 SlopeVerts=3216
[+19:44:05.605] VoxelMesh: Chunk X=-3 Y=-5 Z=2 FlatVerts=0 SlopeVerts=0
[+19:44:05.613] VoxelMesh: Chunk X=-2 Y=5 Z=0 FlatVerts=6 SlopeVerts=2508
[+19:44:05.615] VoxelChunk: GenerateAsync (-5,-1,4)
[+19:44:05.617] VoxelMesh: Chunk X=1 Y=5 Z=3 FlatVerts=0 SlopeVerts=0
[+19:44:05.617] VoxelMesh: Chunk X=-5 Y=-1 Z=4 FlatVerts=6 SlopeVerts=2508
[+19:44:05.617] VoxelChunk: GenerateAsync (3,-5,0)
[+19:44:05.618] VoxelMesh: Chunk X=3 Y=-5 Z=0 FlatVerts=0 SlopeVerts=0
[+19:44:05.618] VoxelMesh: Chunk X=-2 Y=1 Z=6 FlatVerts=0 SlopeVerts=0
[+19:44:05.618] VoxelChunk: GenerateAsync (3,1,6)
[+19:44:05.620] VoxelMesh: Chunk X=3 Y=1 Z=6 FlatVerts=0 SlopeVerts=0
[+19:44:05.620] VoxelMesh: Chunk X=-5 Y=2 Z=2 FlatVerts=0 SlopeVerts=0
[+19:44:05.620] VoxelChunk: GenerateAsync (-5,1,4)
[+19:44:05.622] VoxelMesh: Chunk X=-5 Y=1 Z=4 FlatVerts=0 SlopeVerts=0
[+19:44:05.629] VoxelMesh: Chunk X=5 Y=-2 Z=0 FlatVerts=96 SlopeVerts=2724
[+19:44:05.629] VoxelChunk: GenerateAsync (3,-5,2)
[+19:44:05.631] VoxelMesh: Chunk X=3 Y=-5 Z=2 FlatVerts=96 SlopeVerts=2724
[+19:44:05.632] VoxelMesh: Chunk X=2 Y=5 Z=2 FlatVerts=0 SlopeVerts=30
[+19:44:05.632] VoxelChunk: GenerateAsync (-3,1,6)
[+19:44:05.633] VoxelMesh: Chunk X=1 Y=-2 Z=6 FlatVerts=0 SlopeVerts=0
[+19:44:05.633] VoxelChunk: GenerateAsync (-3,5,0)
[+19:44:05.634] VoxelMesh: Chunk X=-3 Y=5 Z=0 FlatVerts=0 SlopeVerts=0
[+19:44:05.635] VoxelMesh: Chunk X=-3 Y=1 Z=6 FlatVerts=0 SlopeVerts=30
[+19:44:05.635] VoxelMesh: Chunk X=-5 Y=-1 Z=3 FlatVerts=0 SlopeVerts=7320
[+19:44:05.635] VoxelChunk: GenerateAsync (-3,-1,6)
[+19:44:05.636] VoxelMesh: Chunk X=-3 Y=-1 Z=6 FlatVerts=0 SlopeVerts=7320
[+19:44:05.645] VoxelMesh: Chunk X=5 Y=-1 Z=3 FlatVerts=0 SlopeVerts=0
[+19:44:05.645] VoxelChunk: GenerateAsync (3,5,0)
[+19:44:05.647] VoxelMesh: Chunk X=2 Y=5 Z=0 FlatVerts=0 SlopeVerts=0
[+19:44:05.647] VoxelMesh: Chunk X=3 Y=5 Z=0 FlatVerts=0 SlopeVerts=0
[+19:44:05.647] VoxelChunk: GenerateAsync (1,5,4)
[+19:44:05.648] VoxelMesh: Chunk X=2 Y=-1 Z=6 FlatVerts=0 SlopeVerts=0
[+19:44:05.650] VoxelChunk: GenerateAsync (-3,5,2)
[+19:44:05.651] VoxelMesh: Chunk X=1 Y=5 Z=4 FlatVerts=0 SlopeVerts=0
[+19:44:05.651] VoxelMesh: Chunk X=1 Y=-5 Z=3 FlatVerts=0 SlopeVerts=0
[+19:44:05.651] VoxelChunk: GenerateAsync (-1,-5,4)
[+19:44:05.652] VoxelMesh: Chunk X=-3 Y=5 Z=2 FlatVerts=0 SlopeVerts=0
[+19:44:05.652] VoxelMesh: Chunk X=-1 Y=-5 Z=4 FlatVerts=0 SlopeVerts=0
[+19:44:05.659] VoxelMesh: Chunk X=1 Y=2 Z=6 FlatVerts=606 SlopeVerts=4452
[+19:44:05.659] VoxelChunk: GenerateAsync (5,3,2)
[+19:44:05.660] VoxelMesh: Chunk X=-5 Y=1 Z=3 FlatVerts=0 SlopeVerts=0
[+19:44:05.660] VoxelChunk: GenerateAsync (-3,-5,0)
[+19:44:05.660] VoxelMesh: Chunk X=5 Y=3 Z=2 FlatVerts=606 SlopeVerts=4452
[+19:44:05.660] VoxelMesh: Chunk X=-3 Y=-5 Z=0 FlatVerts=0 SlopeVerts=0
[+19:44:05.661] VoxelMesh: Chunk X=-2 Y=-5 Z=0 FlatVerts=0 SlopeVerts=0
[+19:44:05.661] VoxelChunk: GenerateAsync (3,-1,6)
[+19:44:05.663] VoxelMesh: Chunk X=5 Y=2 Z=0 FlatVerts=0 SlopeVerts=0
[+19:44:05.663] VoxelChunk: GenerateAsync (5,3,0)
[+19:44:05.664] VoxelMesh: Chunk X=3 Y=-1 Z=6 FlatVerts=0 SlopeVerts=0
[+19:44:05.665] VoxelMesh: Chunk X=5 Y=3 Z=0 FlatVerts=0 SlopeVerts=0
[+19:44:05.677] VoxelMesh: Chunk X=0 Y=0 Z=0 FlatVerts=0 SlopeVerts=0
[+19:44:05.678] VoxelChunk: GenerateAsync (-1,-1,4)
[+19:44:05.680] VoxelMesh: Chunk X=-1 Y=-1 Z=4 FlatVerts=0 SlopeVerts=4392
[+19:44:05.681] VoxelMesh: Chunk X=-1 Y=-5 Z=3 FlatVerts=0 SlopeVerts=0
[+19:44:05.681] VoxelChunk: GenerateAsync (-5,-3,0)
[+19:44:05.683] VoxelMesh: Chunk X=-5 Y=-3 Z=0 FlatVerts=0 SlopeVerts=0
[+19:44:05.683] VoxelMesh: Chunk X=5 Y=1 Z=3 FlatVerts=0 SlopeVerts=0
[+19:44:05.683] VoxelChunk: GenerateAsync (1,3,6)
[+19:44:05.684] VoxelMesh: Chunk X=1 Y=3 Z=6 FlatVerts=0 SlopeVerts=0
[+19:44:05.686] VoxelMesh: Chunk X=-5 Y=-2 Z=0 FlatVerts=0 SlopeVerts=30
[+19:44:05.686] VoxelChunk: GenerateAsync (1,-3,6)
[+19:44:05.686] VoxelMesh: Chunk X=5 Y=-2 Z=2 FlatVerts=36 SlopeVerts=1236
[+19:44:05.687] VoxelChunk: GenerateAsync (3,5,2)
[+19:44:05.687] VoxelMesh: Chunk X=3 Y=5 Z=2 FlatVerts=36 SlopeVerts=1236
[+19:44:05.688] VoxelMesh: Chunk X=1 Y=-3 Z=6 FlatVerts=0 SlopeVerts=30
[+19:44:05.699] VoxelMesh: Chunk X=-5 Y=2 Z=0 FlatVerts=0 SlopeVerts=0
[+19:44:05.699] VoxelChunk: GenerateAsync (-1,5,4)
[+19:44:05.701] VoxelMesh: Chunk X=-1 Y=2 Z=6 FlatVerts=72 SlopeVerts=2274
[+19:44:05.701] VoxelMesh: Chunk X=-1 Y=5 Z=4 FlatVerts=0 SlopeVerts=0
[+19:44:05.701] VoxelChunk: GenerateAsync (5,1,4)
[+19:44:05.702] VoxelMesh: Chunk X=5 Y=1 Z=4 FlatVerts=72 SlopeVerts=2274
[+19:44:05.703] VoxelMesh: Chunk X=-5 Y=-2 Z=2 FlatVerts=0 SlopeVerts=0
[+19:44:05.703] VoxelChunk: GenerateAsync (5,-3,0)
[+19:44:05.704] VoxelMesh: Chunk X=2 Y=-5 Z=0 FlatVerts=0 SlopeVerts=0
[+19:44:05.704] VoxelChunk: GenerateAsync (-5,3,0)
[+19:44:05.704] VoxelMesh: Chunk X=-5 Y=3 Z=0 FlatVerts=0 SlopeVerts=0
[+19:44:05.704] VoxelMesh: Chunk X=5 Y=-3 Z=0 FlatVerts=0 SlopeVerts=0
[+19:44:05.713] VoxelMesh: Chunk X=2 Y=-5 Z=2 FlatVerts=0 SlopeVerts=0
[+19:44:05.714] VoxelChunk: GenerateAsync (-1,-3,6)
[+19:44:05.715] VoxelMesh: Chunk X=-1 Y=-3 Z=6 FlatVerts=0 SlopeVerts=0
[+19:44:05.715] VoxelMesh: Chunk X=-2 Y=-5 Z=2 FlatVerts=0 SlopeVerts=0
[+19:44:05.716] VoxelChunk: GenerateAsync (-1,3,6)
[+19:44:05.718] VoxelMesh: Chunk X=2 Y=1 Z=6 FlatVerts=0 SlopeVerts=0
[+19:44:05.718] VoxelChunk: GenerateAsync (-5,3,2)
[+19:44:05.718] VoxelMesh: Chunk X=-1 Y=3 Z=6 FlatVerts=0 SlopeVerts=0
[+19:44:05.720] VoxelMesh: Chunk X=-4 Y=0 Z=5 FlatVerts=0 SlopeVerts=2274
[+19:44:05.720] VoxelChunk: GenerateAsync (4,-4,3)
[+19:44:05.720] VoxelMesh: Chunk X=-5 Y=3 Z=2 FlatVerts=0 SlopeVerts=0
[+19:44:05.722] VoxelMesh: Chunk X=4 Y=-4 Z=3 FlatVerts=0 SlopeVerts=2274
[+19:44:05.727] VoxelMesh: Chunk X=0 Y=4 Z=5 FlatVerts=660 SlopeVerts=1488
[+19:44:05.728] VoxelChunk: GenerateAsync (6,0,1)
[+19:44:05.730] VoxelMesh: Chunk X=4 Y=-4 Z=1 FlatVerts=0 SlopeVerts=0
[+19:44:05.730] VoxelMesh: Chunk X=6 Y=0 Z=1 FlatVerts=660 SlopeVerts=1488
[+19:44:05.730] VoxelChunk: GenerateAsync (0,6,1)
[+19:44:05.731] VoxelMesh: Chunk X=0 Y=6 Z=1 FlatVerts=0 SlopeVerts=0
[+19:44:05.731] VoxelMesh: Chunk X=0 Y=-4 Z=5 FlatVerts=0 SlopeVerts=0
[+19:44:05.732] VoxelChunk: GenerateAsync (-4,-4,3)
[+19:44:05.733] VoxelMesh: Chunk X=4 Y=4 Z=1 FlatVerts=0 SlopeVerts=0
[+19:44:05.734] VoxelChunk: GenerateAsync (-2,4,5)
[+19:44:05.734] VoxelMesh: Chunk X=-4 Y=-4 Z=3 FlatVerts=0 SlopeVerts=0
[+19:44:05.735] VoxelMesh: Chunk X=-2 Y=4 Z=5 FlatVerts=0 SlopeVerts=0
[+19:44:05.742] VoxelMesh: Chunk X=-4 Y=4 Z=1 FlatVerts=0 SlopeVerts=0
[+19:44:05.742] VoxelChunk: GenerateAsync (4,-2,5)
[+19:44:05.743] VoxelMesh: Chunk X=4 Y=0 Z=5 FlatVerts=780 SlopeVerts=1716
[+19:44:05.744] VoxelChunk: GenerateAsync (0,-6,1)
[+19:44:05.744] VoxelMesh: Chunk X=4 Y=-2 Z=5 FlatVerts=0 SlopeVerts=0
[+19:44:05.745] VoxelMesh: Chunk X=0 Y=-6 Z=1 FlatVerts=780 SlopeVerts=1716
[+19:44:05.745] VoxelMesh: Chunk X=-4 Y=-4 Z=1 FlatVerts=0 SlopeVerts=0
[+19:44:05.745] VoxelChunk: GenerateAsync (-4,4,3)
[+19:44:05.747] VoxelMesh: Chunk X=4 Y=-4 Z=0 FlatVerts=0 SlopeVerts=0
[+19:44:05.748] VoxelMesh: Chunk X=-4 Y=4 Z=3 FlatVerts=0 SlopeVerts=0
[+19:44:05.748] VoxelChunk: GenerateAsync (2,4,5)
[+19:44:05.750] VoxelMesh: Chunk X=2 Y=4 Z=5 FlatVerts=0 SlopeVerts=0
[+19:44:05.756] VoxelMesh: Chunk X=4 Y=-1 Z=5 FlatVerts=0 SlopeVerts=0
[+19:44:05.756] VoxelChunk: GenerateAsync (-2,-4,5)
[+19:44:05.758] VoxelMesh: Chunk X=-2 Y=-4 Z=5 FlatVerts=0 SlopeVerts=0
[+19:44:05.758] VoxelMesh: Chunk X=4 Y=1 Z=5 FlatVerts=0 SlopeVerts=0
[+19:44:05.758] VoxelChunk: GenerateAsync (-4,2,5)
[+19:44:05.761] VoxelMesh: Chunk X=-4 Y=-4 Z=0 FlatVerts=204 SlopeVerts=1794
[+19:44:05.761] VoxelMesh: Chunk X=-4 Y=2 Z=5 FlatVerts=0 SlopeVerts=0
[+19:44:05.761] VoxelChunk: GenerateAsync (4,4,3)
[+19:44:05.763] VoxelMesh: Chunk X=-4 Y=-1 Z=5 FlatVerts=1902 SlopeVerts=156
[+19:44:05.763] VoxelMesh: Chunk X=4 Y=4 Z=3 FlatVerts=204 SlopeVerts=1794
[+19:44:05.763] VoxelChunk: GenerateAsync (-6,0,1)
[+19:44:05.764] VoxelMesh: Chunk X=-6 Y=0 Z=1 FlatVerts=1902 SlopeVerts=156
[+19:44:05.773] VoxelMesh: Chunk X=2 Y=2 Z=6 FlatVerts=0 SlopeVerts=4950
[+19:44:05.774] VoxelChunk: GenerateAsync (2,-4,5)
[+19:44:05.775] VoxelMesh: Chunk X=-2 Y=2 Z=6 FlatVerts=0 SlopeVerts=216
[+19:44:05.776] VoxelMesh: Chunk X=2 Y=-4 Z=5 FlatVerts=0 SlopeVerts=4950
[+19:44:05.776] VoxelChunk: GenerateAsync (-4,-2,5)
[+19:44:05.777] VoxelMesh: Chunk X=-4 Y=4 Z=0 FlatVerts=0 SlopeVerts=0
[+19:44:05.777] VoxelChunk: GenerateAsync (4,2,5)
[+19:44:05.778] VoxelMesh: Chunk X=-4 Y=-2 Z=5 FlatVerts=0 SlopeVerts=216
[+19:44:05.778] VoxelMesh: Chunk X=-5 Y=2 Z=3 FlatVerts=0 SlopeVerts=0
[+19:44:05.778] VoxelChunk: GenerateAsync (-6,0,0)
[+19:44:05.779] VoxelMesh: Chunk X=-6 Y=0 Z=0 FlatVerts=0 SlopeVerts=0
[+19:44:05.779] VoxelMesh: Chunk X=4 Y=2 Z=5 FlatVerts=0 SlopeVerts=0
[+19:44:05.792] VoxelMesh: Chunk X=0 Y=0 Z=0 FlatVerts=0 SlopeVerts=5460
[+19:44:05.795] VoxelChunk: GenerateAsync (0,-1,4)
[+19:44:05.797] VoxelMesh: Chunk X=0 Y=-1 Z=4 FlatVerts=0 SlopeVerts=0
[+19:44:05.798] VoxelMesh: Chunk X=-1 Y=4 Z=5 FlatVerts=1434 SlopeVerts=816
[+19:44:05.799] VoxelChunk: GenerateAsync (6,1,1)
[+19:44:05.800] VoxelMesh: Chunk X=6 Y=1 Z=1 FlatVerts=1434 SlopeVerts=816
[+19:44:05.800] VoxelMesh: Chunk X=4 Y=4 Z=0 FlatVerts=0 SlopeVerts=0
[+19:44:05.800] VoxelChunk: GenerateAsync (-6,0,2)
[+19:44:05.802] VoxelMesh: Chunk X=-6 Y=0 Z=2 FlatVerts=0 SlopeVerts=0
[+19:44:05.802] VoxelMesh: Chunk X=2 Y=-2 Z=6 FlatVerts=0 SlopeVerts=0
[+19:44:05.802] VoxelChunk: GenerateAsync (0,6,0)
[+19:44:05.803] VoxelMesh: Chunk X=-1 Y=-4 Z=5 FlatVerts=0 SlopeVerts=0
[+19:44:05.803] VoxelChunk: GenerateAsync (0,-6,0)
[+19:44:05.804] VoxelMesh: Chunk X=0 Y=-6 Z=0 FlatVerts=0 SlopeVerts=0
[+19:44:05.804] VoxelMesh: Chunk X=0 Y=6 Z=0 FlatVerts=0 SlopeVerts=0
[+19:44:05.813] VoxelMesh: Chunk X=2 Y=-5 Z=3 FlatVerts=0 SlopeVerts=2520
[+19:44:05.813] VoxelChunk: GenerateAsync (6,0,2)
[+19:44:05.815] VoxelMesh: Chunk X=6 Y=0 Z=2 FlatVerts=0 SlopeVerts=2520
[+19:44:05.815] VoxelMesh: Chunk X=-2 Y=-2 Z=6 FlatVerts=0 SlopeVerts=2490
[+19:44:05.815] VoxelChunk: GenerateAsync (0,-6,2)
[+19:44:05.817] VoxelMesh: Chunk X=5 Y=2 Z=3 FlatVerts=792 SlopeVerts=2784
[+19:44:05.817] VoxelChunk: GenerateAsync (0,6,2)
[+19:44:05.817] VoxelMesh: Chunk X=0 Y=-6 Z=2 FlatVerts=0 SlopeVerts=2490
[+19:44:05.818] VoxelMesh: Chunk X=0 Y=6 Z=2 FlatVerts=792 SlopeVerts=2784
[+19:44:05.818] VoxelMesh: Chunk X=-2 Y=5 Z=3 FlatVerts=1620 SlopeVerts=0
[+19:44:05.818] VoxelChunk: GenerateAsync (-1,-6,1)
[+19:44:05.819] VoxelMesh: Chunk X=-1 Y=-6 Z=1 FlatVerts=1620 SlopeVerts=0
[+19:44:05.827] VoxelMesh: Chunk X=-4 Y=-4 Z=2 FlatVerts=0 SlopeVerts=0
[+19:44:05.827] VoxelChunk: GenerateAsync (1,6,1)
[+19:44:05.828] VoxelMesh: Chunk X=-4 Y=4 Z=2 FlatVerts=0 SlopeVerts=0
[+19:44:05.829] VoxelChunk: GenerateAsync (-1,6,1)
[+19:44:05.830] VoxelMesh: Chunk X=-2 Y=-5 Z=3 FlatVerts=0 SlopeVerts=0
[+19:44:05.830] VoxelMesh: Chunk X=-1 Y=6 Z=1 FlatVerts=0 SlopeVerts=0
[+19:44:05.830] VoxelChunk: GenerateAsync (6,0,0)
[+19:44:05.830] VoxelMesh: Chunk X=1 Y=6 Z=1 FlatVerts=0 SlopeVerts=0
[+19:44:05.831] VoxelMesh: Chunk X=6 Y=0 Z=0 FlatVerts=0 SlopeVerts=0
[+19:44:05.831] VoxelMesh: Chunk X=4 Y=4 Z=2 FlatVerts=0 SlopeVerts=516
[+19:44:05.832] VoxelChunk: GenerateAsync (6,-1,1)
[+19:44:05.832] VoxelMesh: Chunk X=6 Y=-1 Z=1 FlatVerts=0 SlopeVerts=516
[+19:44:05.839] VoxelMesh: Chunk X=4 Y=-4 Z=2 FlatVerts=1734 SlopeVerts=0
[+19:44:05.839] VoxelChunk: GenerateAsync (-6,1,1)
[+19:44:05.840] VoxelMesh: Chunk X=1 Y=4 Z=5 FlatVerts=1734 SlopeVerts=1140
[+19:44:05.840] VoxelMesh: Chunk X=-6 Y=1 Z=1 FlatVerts=1734 SlopeVerts=0
[+19:44:05.841] VoxelChunk: GenerateAsync (-6,-1,1)
[+19:44:05.842] VoxelMesh: Chunk X=-6 Y=-1 Z=1 FlatVerts=1734 SlopeVerts=1140
[+19:44:05.842] VoxelMesh: Chunk X=2 Y=5 Z=3 FlatVerts=6 SlopeVerts=42
[+19:44:05.843] VoxelChunk: GenerateAsync (1,-6,1)
[+19:44:05.844] VoxelMesh: Chunk X=1 Y=-6 Z=1 FlatVerts=6 SlopeVerts=42
[+19:44:05.844] VoxelMesh: Chunk X=5 Y=-2 Z=3 FlatVerts=0 SlopeVerts=0
[+19:44:05.845] VoxelChunk: GenerateAsync (3,-2,6)
[+19:44:05.847] VoxelMesh: Chunk X=3 Y=-2 Z=6 FlatVerts=0 SlopeVerts=0
[+19:44:05.854] VoxelMesh: Chunk X=-4 Y=1 Z=5 FlatVerts=0 SlopeVerts=0
[+19:44:05.854] VoxelChunk: GenerateAsync (2,3,6)
[+19:44:05.856] VoxelMesh: Chunk X=-5 Y=-2 Z=3 FlatVerts=234 SlopeVerts=5526
[+19:44:05.856] VoxelMesh: Chunk X=2 Y=3 Z=6 FlatVerts=0 SlopeVerts=0
[+19:44:05.857] VoxelChunk: GenerateAsync (3,5,3)
[+19:44:05.859] VoxelMesh: Chunk X=1 Y=-4 Z=5 FlatVerts=0 SlopeVerts=0
[+19:44:05.859] VoxelChunk: GenerateAsync (1,6,0)
[+19:44:05.859] VoxelMesh: Chunk X=3 Y=5 Z=3 FlatVerts=234 SlopeVerts=5526
[+19:44:05.861] VoxelMesh: Chunk X=3 Y=5 Z=1 FlatVerts=750 SlopeVerts=2238
[+19:44:05.861] VoxelChunk: GenerateAsync (6,-1,2)
[+19:44:05.861] VoxelMesh: Chunk X=1 Y=6 Z=0 FlatVerts=0 SlopeVerts=0
[+19:44:05.862] VoxelMesh: Chunk X=6 Y=-1 Z=2 FlatVerts=750 SlopeVerts=2238
[+19:44:05.871] VoxelMesh: Chunk X=3 Y=-2 Z=5 FlatVerts=0 SlopeVerts=0
[+19:44:05.871] VoxelChunk: GenerateAsync (-1,-6,2)
[+19:44:05.873] VoxelMesh: Chunk X=-2 Y=3 Z=5 FlatVerts=0 SlopeVerts=0
[+19:44:05.873] VoxelChunk: GenerateAsync (-6,1,0)
[+19:44:05.873] VoxelMesh: Chunk X=-6 Y=1 Z=0 FlatVerts=0 SlopeVerts=0
[+19:44:05.874] VoxelMesh: Chunk X=-1 Y=-6 Z=2 FlatVerts=0 SlopeVerts=0
[+19:44:05.874] VoxelMesh: Chunk X=3 Y=-4 Z=3 FlatVerts=0 SlopeVerts=96
[+19:44:05.874] VoxelChunk: GenerateAsync (-3,-2,6)
[+19:44:05.876] VoxelMesh: Chunk X=-4 Y=3 Z=3 FlatVerts=0 SlopeVerts=0
[+19:44:05.876] VoxelMesh: Chunk X=-3 Y=-2 Z=6 FlatVerts=0 SlopeVerts=96
[+19:44:05.877] VoxelChunk: GenerateAsync (-5,3,3)
[+19:44:05.878] VoxelMesh: Chunk X=-5 Y=3 Z=3 FlatVerts=0 SlopeVerts=0
[+19:44:05.884] VoxelMesh: Chunk X=-2 Y=-5 Z=1 FlatVerts=1308 SlopeVerts=3786
[+19:44:05.885] VoxelChunk: GenerateAsync (-1,6,2)
[+19:44:05.887] VoxelMesh: Chunk X=-1 Y=6 Z=2 FlatVerts=1308 SlopeVerts=3786
[+19:44:05.887] VoxelMesh: Chunk X=4 Y=-3 Z=3 FlatVerts=0 SlopeVerts=2448
[+19:44:05.887] VoxelChunk: GenerateAsync (2,-3,6)
[+19:44:05.889] VoxelMesh: Chunk X=2 Y=-3 Z=6 FlatVerts=0 SlopeVerts=2448
[+19:44:05.889] VoxelMesh: Chunk X=-3 Y=-4 Z=3 FlatVerts=0 SlopeVerts=0
[+19:44:05.889] VoxelChunk: GenerateAsync (-3,2,6)
[+19:44:05.891] VoxelMesh: Chunk X=-3 Y=4 Z=3 FlatVerts=0 SlopeVerts=432
[+19:44:05.891] VoxelChunk: GenerateAsync (1,6,2)
[+19:44:05.892] VoxelMesh: Chunk X=-3 Y=2 Z=6 FlatVerts=0 SlopeVerts=0
[+19:44:05.892] VoxelMesh: Chunk X=1 Y=6 Z=2 FlatVerts=0 SlopeVerts=432
[+19:44:05.907] VoxelMesh: Chunk X=0 Y=0 Z=0 FlatVerts=30 SlopeVerts=13686
[+19:44:05.916] VoxelChunk: GenerateAsync (1,-1,4)
[+19:44:05.919] VoxelMesh: Chunk X=1 Y=-1 Z=4 FlatVerts=0 SlopeVerts=0
[+19:44:05.919] VoxelMesh: Chunk X=-1 Y=3 Z=4 FlatVerts=0 SlopeVerts=0
[+19:44:05.920] VoxelChunk: GenerateAsync (3,2,6)
[+19:44:05.921] VoxelMesh: Chunk X=0 Y=3 Z=4 FlatVerts=78 SlopeVerts=2772
[+19:44:05.921] VoxelChunk: GenerateAsync (1,-6,2)
[+19:44:05.921] VoxelMesh: Chunk X=3 Y=2 Z=6 FlatVerts=0 SlopeVerts=0
[+19:44:05.922] VoxelMesh: Chunk X=1 Y=3 Z=4 FlatVerts=1500 SlopeVerts=1968
[+19:44:05.922] VoxelMesh: Chunk X=1 Y=-6 Z=2 FlatVerts=78 SlopeVerts=2772
[+19:44:05.922] VoxelChunk: GenerateAsync (5,-3,3)
[+19:44:05.924] VoxelMesh: Chunk X=5 Y=-3 Z=3 FlatVerts=1500 SlopeVerts=1968
[+19:44:05.924] VoxelMesh: Chunk X=2 Y=3 Z=4 FlatVerts=0 SlopeVerts=0
[+19:44:05.924] VoxelChunk: GenerateAsync (5,-2,4)
[+19:44:05.926] VoxelMesh: Chunk X=5 Y=-2 Z=4 FlatVerts=0 SlopeVerts=0
[+19:44:05.934] VoxelMesh: Chunk X=3 Y=3 Z=4 FlatVerts=0 SlopeVerts=0
[+19:44:05.934] VoxelChunk: GenerateAsync (-2,3,6)
[+19:44:05.936] VoxelMesh: Chunk X=0 Y=0 Z=5 FlatVerts=0 SlopeVerts=0
[+19:44:05.936] VoxelChunk: GenerateAsync (-3,5,3)
[+19:44:05.937] VoxelMesh: Chunk X=-2 Y=3 Z=6 FlatVerts=0 SlopeVerts=0
[+19:44:05.938] VoxelMesh: Chunk X=4 Y=0 Z=1 FlatVerts=30 SlopeVerts=4866
[+19:44:05.938] VoxelMesh: Chunk X=-3 Y=5 Z=3 FlatVerts=0 SlopeVerts=0
[+19:44:05.938] VoxelChunk: GenerateAsync (2,-5,4)
[+19:44:05.939] VoxelMesh: Chunk X=0 Y=-4 Z=1 FlatVerts=0 SlopeVerts=0
[+19:44:05.939] VoxelChunk: GenerateAsync (-2,5,4)
[+19:44:05.939] VoxelMesh: Chunk X=2 Y=-5 Z=4 FlatVerts=30 SlopeVerts=4866
[+19:44:05.941] VoxelMesh: Chunk X=-2 Y=5 Z=4 FlatVerts=0 SlopeVerts=0
[+19:44:05.949] VoxelMesh: Chunk X=-4 Y=0 Z=1 FlatVerts=0 SlopeVerts=0
[+19:44:05.949] VoxelChunk: GenerateAsync (6,-1,0)
[+19:44:05.952] VoxelMesh: Chunk X=6 Y=-1 Z=0 FlatVerts=0 SlopeVerts=0
[+19:44:05.952] VoxelMesh: Chunk X=0 Y=4 Z=1 FlatVerts=0 SlopeVerts=852
[+19:44:05.952] VoxelChunk: GenerateAsync (-5,-2,4)
[+19:44:05.953] VoxelMesh: Chunk X=4 Y=0 Z=2 FlatVerts=0 SlopeVerts=0
[+19:44:05.953] VoxelChunk: GenerateAsync (1,-6,0)
[+19:44:05.953] VoxelMesh: Chunk X=-5 Y=-2 Z=4 FlatVerts=0 SlopeVerts=852
[+19:44:05.955] VoxelMesh: Chunk X=1 Y=-6 Z=0 FlatVerts=0 SlopeVerts=0
[+19:44:05.956] VoxelMesh: Chunk X=-4 Y=0 Z=2 FlatVerts=30 SlopeVerts=906
[+19:44:05.956] VoxelChunk: GenerateAsync (-5,-3,3)
[+19:44:05.957] VoxelMesh: Chunk X=-5 Y=-3 Z=3 FlatVerts=30 SlopeVerts=906
[+19:44:05.967] VoxelMesh: Chunk X=0 Y=0 Z=0 FlatVerts=2526 SlopeVerts=7440
[+19:44:05.968] VoxelChunk: GenerateAsync (-6,-1,0)
[+19:44:05.969] VoxelMesh: Chunk X=-6 Y=-1 Z=0 FlatVerts=0 SlopeVerts=0
[+19:44:05.974] VoxelMesh: Chunk X=0 Y=0 Z=0 FlatVerts=0 SlopeVerts=0
[+19:44:05.974] VoxelChunk: GenerateAsync (5,3,3)
[+19:44:05.977] VoxelMesh: Chunk X=5 Y=3 Z=3 FlatVerts=72 SlopeVerts=612
[+19:44:05.980] VoxelMesh: Chunk X=0 Y=0 Z=0 FlatVerts=0 SlopeVerts=840
[+19:44:05.981] VoxelChunk: GenerateAsync (-6,1,2)
[+19:44:05.984] VoxelMesh: Chunk X=-6 Y=1 Z=2 FlatVerts=0 SlopeVerts=0
[+19:44:05.987] VoxelMesh: Chunk X=0 Y=0 Z=0 FlatVerts=72 SlopeVerts=930
[+19:44:05.987] VoxelChunk: GenerateAsync (-1,6,0)
[+19:44:05.988] VoxelMesh: Chunk X=-1 Y=6 Z=0 FlatVerts=0 SlopeVerts=0
[+19:44:06.001] VoxelChunk: GenerateAsync (-13,-9,1)
[+19:44:06.001] VoxelChunk: GenerateAsync (-13,-8,1)
[+19:44:06.001] VoxelChunk: GenerateAsync (-13,-7,1)
[+19:44:06.001] VoxelChunk: GenerateAsync (-12,-9,1)
[+19:44:06.001] VoxelChunk: GenerateAsync (-12,-8,1)
[+19:44:06.001] VoxelChunk: GenerateAsync (-12,-7,1)
[+19:44:06.001] VoxelChunk: GenerateAsync (-11,-9,1)
[+19:44:06.001] VoxelChunk: GenerateAsync (-11,-8,1)
[+19:44:06.001] VoxelChunk: GenerateAsync (-11,-7,1)
[+19:44:06.001] VoxelMesh: Chunk X=-13 Y=-9 Z=1 FlatVerts=6 SlopeVerts=84
[+19:44:06.001] VoxelMesh: Chunk X=-13 Y=-7 Z=1 FlatVerts=72 SlopeVerts=0
[+19:44:06.001] VoxelMesh: Chunk X=-13 Y=-8 Z=1 FlatVerts=126 SlopeVerts=48
[+19:44:06.001] VoxelMesh: Chunk X=-12 Y=-7 Z=1 FlatVerts=24 SlopeVerts=36
[+19:44:06.001] VoxelMesh: Chunk X=-12 Y=-9 Z=1 FlatVerts=0 SlopeVerts=0
[+19:44:06.001] VoxelMesh: Chunk X=-12 Y=-8 Z=1 FlatVerts=24 SlopeVerts=96
[+19:44:06.001] VoxelMesh: Chunk X=-11 Y=-8 Z=1 FlatVerts=6 SlopeVerts=114
[+19:44:06.001] VoxelMesh: Chunk X=-11 Y=-7 Z=1 FlatVerts=138 SlopeVerts=18
[+19:44:06.001] VoxelMesh: Chunk X=-11 Y=-9 Z=1 FlatVerts=0 SlopeVerts=0
[+19:44:06.002] VoxelMesh: Chunk X=-1 Y=6 Z=0 FlatVerts=0 SlopeVerts=0
[+19:44:06.002] VoxelChunk: GenerateAsync (-3,-5,3)
[+19:44:06.004] VoxelMesh: Chunk X=-6 Y=1 Z=2 FlatVerts=0 SlopeVerts=0
[+19:44:06.004] VoxelMesh: Chunk X=-3 Y=-5 Z=3 FlatVerts=0 SlopeVerts=0
[+19:44:06.004] VoxelChunk: GenerateAsync (5,2,4)
[+19:44:06.005] VoxelMesh: Chunk X=5 Y=3 Z=3 FlatVerts=0 SlopeVerts=0
[+19:44:06.005] VoxelMesh: Chunk X=5 Y=2 Z=4 FlatVerts=0 SlopeVerts=0
[+19:44:06.005] VoxelChunk: GenerateAsync (-2,-3,6)
[+19:44:06.007] VoxelMesh: Chunk X=-6 Y=-1 Z=0 FlatVerts=150 SlopeVerts=5178
[+19:44:06.007] VoxelMesh: Chunk X=-2 Y=-3 Z=6 FlatVerts=0 SlopeVerts=0
[+19:44:06.007] VoxelChunk: GenerateAsync (3,-5,3)
[+19:44:06.009] VoxelMesh: Chunk X=3 Y=-5 Z=3 FlatVerts=150 SlopeVerts=5178
[+19:44:06.025] VoxelMesh: Chunk X=0 Y=0 Z=0 FlatVerts=54 SlopeVerts=20274
[+19:44:06.039] VoxelChunk: GenerateAsync (2,-1,4)
[+19:44:06.041] VoxelMesh: Chunk X=2 Y=-1 Z=4 FlatVerts=0 SlopeVerts=0
[+19:44:06.044] VoxelMesh: Chunk X=4 Y=-3 Z=4 FlatVerts=0 SlopeVerts=60
[+19:44:06.044] VoxelChunk: GenerateAsync (2,5,4)
[+19:44:06.046] VoxelMesh: Chunk X=3 Y=3 Z=5 FlatVerts=6 SlopeVerts=870
[+19:44:06.047] VoxelMesh: Chunk X=2 Y=5 Z=4 FlatVerts=0 SlopeVerts=60
[+19:44:06.047] VoxelChunk: GenerateAsync (-6,-1,2)
[+19:44:06.048] VoxelMesh: Chunk X=-4 Y=-3 Z=4 FlatVerts=0 SlopeVerts=0
[+19:44:06.048] VoxelChunk: GenerateAsync (-2,-5,4)
[+19:44:06.048] VoxelMesh: Chunk X=-6 Y=-1 Z=2 FlatVerts=6 SlopeVerts=870
[+19:44:06.048] VoxelMesh: Chunk X=3 Y=-5 Z=1 FlatVerts=0 SlopeVerts=0
[+19:44:06.049] VoxelChunk: GenerateAsync (-1,-6,0)
[+19:44:06.050] VoxelMesh: Chunk X=-1 Y=-6 Z=0 FlatVerts=0 SlopeVerts=0
[+19:44:06.050] VoxelMesh: Chunk X=-2 Y=-5 Z=4 FlatVerts=0 SlopeVerts=0
[+19:44:06.057] VoxelMesh: Chunk X=-3 Y=4 Z=4 FlatVerts=0 SlopeVerts=0
[+19:44:06.058] VoxelChunk: GenerateAsync (6,1,0)
[+19:44:06.059] VoxelMesh: Chunk X=6 Y=1 Z=0 FlatVerts=0 SlopeVerts=0
[+19:44:06.059] VoxelMesh: Chunk X=-3 Y=0 Z=6 FlatVerts=0 SlopeVerts=846
[+19:44:06.059] VoxelChunk: GenerateAsync (6,1,2)
[+19:44:06.060] VoxelMesh: Chunk X=4 Y=3 Z=4 FlatVerts=0 SlopeVerts=0
[+19:44:06.060] VoxelMesh: Chunk X=6 Y=1 Z=2 FlatVerts=0 SlopeVerts=846
[+19:44:06.060] VoxelChunk: GenerateAsync (-5,2,4)
[+19:44:06.061] VoxelMesh: Chunk X=-3 Y=-5 Z=1 FlatVerts=936 SlopeVerts=24
[+19:44:06.061] VoxelChunk: GenerateAsync (-2,6,1)
[+19:44:06.062] VoxelMesh: Chunk X=-2 Y=6 Z=1 FlatVerts=936 SlopeVerts=24
[+19:44:06.063] VoxelMesh: Chunk X=-5 Y=2 Z=4 FlatVerts=0 SlopeVerts=0
[+19:44:06.072] VoxelMesh: Chunk X=-5 Y=0 Z=4 FlatVerts=6 SlopeVerts=3882
[+19:44:06.073] VoxelChunk: GenerateAsync (0,6,3)
[+19:44:06.074] VoxelMesh: Chunk X=-4 Y=3 Z=4 FlatVerts=0 SlopeVerts=168
[+19:44:06.074] VoxelMesh: Chunk X=0 Y=6 Z=3 FlatVerts=6 SlopeVerts=3882
[+19:44:06.075] VoxelChunk: GenerateAsync (0,-6,3)
[+19:44:06.075] VoxelMesh: Chunk X=3 Y=-4 Z=4 FlatVerts=1800 SlopeVerts=0
[+19:44:06.075] VoxelChunk: GenerateAsync (-6,2,1)
[+19:44:06.077] VoxelMesh: Chunk X=0 Y=-6 Z=3 FlatVerts=0 SlopeVerts=168
[+19:44:06.077] VoxelMesh: Chunk X=3 Y=0 Z=6 FlatVerts=0 SlopeVerts=0
[+19:44:06.077] VoxelMesh: Chunk X=-6 Y=2 Z=1 FlatVerts=1800 SlopeVerts=0
[+19:44:06.077] VoxelChunk: GenerateAsync (6,-2,1)
[+19:44:06.078] VoxelMesh: Chunk X=6 Y=-2 Z=1 FlatVerts=0 SlopeVerts=0
[+19:44:06.087] VoxelMesh: Chunk X=-5 Y=-3 Z=1 FlatVerts=114 SlopeVerts=450
[+19:44:06.088] VoxelChunk: GenerateAsync (-6,-2,1)
[+19:44:06.088] VoxelMesh: Chunk X=0 Y=5 Z=4 FlatVerts=1566 SlopeVerts=222
[+19:44:06.088] VoxelMesh: Chunk X=-6 Y=-2 Z=1 FlatVerts=114 SlopeVerts=450
[+19:44:06.088] VoxelChunk: GenerateAsync (6,2,1)
[+19:44:06.089] VoxelMesh: Chunk X=6 Y=2 Z=1 FlatVerts=1566 SlopeVerts=222
[+19:44:06.089] VoxelMesh: Chunk X=-3 Y=-3 Z=5 FlatVerts=1848 SlopeVerts=0
[+19:44:06.089] VoxelChunk: GenerateAsync (-2,-6,1)
[+19:44:06.091] VoxelMesh: Chunk X=-2 Y=-6 Z=1 FlatVerts=1848 SlopeVerts=0
[+19:44:06.091] VoxelMesh: Chunk X=3 Y=4 Z=4 FlatVerts=24 SlopeVerts=360
[+19:44:06.091] VoxelChunk: GenerateAsync (6,0,3)
[+19:44:06.093] VoxelMesh: Chunk X=6 Y=0 Z=3 FlatVerts=24 SlopeVerts=360
[+19:44:06.102] VoxelMesh: Chunk X=5 Y=-3 Z=1 FlatVerts=0 SlopeVerts=0
[+19:44:06.102] VoxelChunk: GenerateAsync (2,6,1)
[+19:44:06.104] VoxelMesh: Chunk X=3 Y=-3 Z=5 FlatVerts=0 SlopeVerts=0
[+19:44:06.104] VoxelChunk: GenerateAsync (2,-6,1)
[+19:44:06.104] VoxelMesh: Chunk X=2 Y=6 Z=1 FlatVerts=0 SlopeVerts=0
[+19:44:06.105] VoxelMesh: Chunk X=-3 Y=-4 Z=4 FlatVerts=0 SlopeVerts=0
[+19:44:06.105] VoxelChunk: GenerateAsync (-6,0,3)
[+19:44:06.105] VoxelMesh: Chunk X=2 Y=-6 Z=1 FlatVerts=0 SlopeVerts=0
[+19:44:06.107] VoxelMesh: Chunk X=0 Y=3 Z=6 FlatVerts=0 SlopeVerts=2004
[+19:44:06.107] VoxelMesh: Chunk X=-6 Y=0 Z=3 FlatVerts=0 SlopeVerts=0
[+19:44:06.107] VoxelChunk: GenerateAsync (-4,0,6)
[+19:44:06.109] VoxelMesh: Chunk X=-4 Y=0 Z=6 FlatVerts=0 SlopeVerts=2004
[+19:44:06.128] VoxelMesh: Chunk X=0 Y=0 Z=0 FlatVerts=42 SlopeVerts=28584
[+19:44:06.149] VoxelChunk: GenerateAsync (3,-1,4)
[+19:44:06.151] VoxelMesh: Chunk X=3 Y=-1 Z=4 FlatVerts=0 SlopeVerts=0
[+19:44:06.153] VoxelMesh: Chunk X=-5 Y=3 Z=1 FlatVerts=24 SlopeVerts=420
[+19:44:06.154] VoxelChunk: GenerateAsync (2,-6,2)
[+19:44:06.154] VoxelMesh: Chunk X=5 Y=0 Z=4 FlatVerts=252 SlopeVerts=1572
[+19:44:06.155] VoxelChunk: GenerateAsync (5,-4,1)
[+19:44:06.155] VoxelMesh: Chunk X=2 Y=-6 Z=2 FlatVerts=24 SlopeVerts=420
[+19:44:06.155] VoxelMesh: Chunk X=5 Y=-4 Z=1 FlatVerts=252 SlopeVerts=1572
[+19:44:06.155] VoxelMesh: Chunk X=-3 Y=5 Z=1 FlatVerts=0 SlopeVerts=0
[+19:44:06.156] VoxelChunk: GenerateAsync (4,0,6)
[+19:44:06.158] VoxelMesh: Chunk X=0 Y=-3 Z=6 FlatVerts=0 SlopeVerts=6054
[+19:44:06.158] VoxelMesh: Chunk X=4 Y=0 Z=6 FlatVerts=0 SlopeVerts=0
[+19:44:06.158] VoxelChunk: GenerateAsync (1,-6,3)
[+19:44:06.159] VoxelMesh: Chunk X=1 Y=-6 Z=3 FlatVerts=0 SlopeVerts=6054
[+19:44:06.172] VoxelMesh: Chunk X=-3 Y=3 Z=5 FlatVerts=0 SlopeVerts=0
[+19:44:06.172] VoxelChunk: GenerateAsync (6,-2,0)
[+19:44:06.173] VoxelMesh: Chunk X=0 Y=-5 Z=4 FlatVerts=888 SlopeVerts=1308
[+19:44:06.173] VoxelMesh: Chunk X=6 Y=-2 Z=0 FlatVerts=0 SlopeVerts=0
[+19:44:06.173] VoxelChunk: GenerateAsync (-2,6,2)
[+19:44:06.174] VoxelMesh: Chunk X=5 Y=3 Z=1 FlatVerts=798 SlopeVerts=2820
[+19:44:06.175] VoxelChunk: GenerateAsync (-5,-4,1)
[+19:44:06.175] VoxelMesh: Chunk X=-2 Y=6 Z=2 FlatVerts=888 SlopeVerts=1308
[+19:44:06.176] VoxelMesh: Chunk X=5 Y=-3 Z=2 FlatVerts=0 SlopeVerts=0
[+19:44:06.176] VoxelChunk: GenerateAsync (6,2,0)
[+19:44:06.176] VoxelMesh: Chunk X=-5 Y=-4 Z=1 FlatVerts=798 SlopeVerts=2820
[+19:44:06.177] VoxelMesh: Chunk X=6 Y=2 Z=0 FlatVerts=0 SlopeVerts=0
[+19:44:06.187] VoxelMesh: Chunk X=1 Y=-5 Z=4 FlatVerts=0 SlopeVerts=0
[+19:44:06.187] VoxelChunk: GenerateAsync (-6,-1,3)
[+19:44:06.188] VoxelMesh: Chunk X=5 Y=-1 Z=4 FlatVerts=0 SlopeVerts=6
[+19:44:06.188] VoxelChunk: GenerateAsync (4,-5,1)
[+19:44:06.189] VoxelMesh: Chunk X=-6 Y=-1 Z=3 FlatVerts=0 SlopeVerts=0
[+19:44:06.190] VoxelMesh: Chunk X=4 Y=-5 Z=1 FlatVerts=0 SlopeVerts=6
[+19:44:06.190] VoxelMesh: Chunk X=-5 Y=-3 Z=2 FlatVerts=0 SlopeVerts=0
[+19:44:06.190] VoxelChunk: GenerateAsync (-1,-6,3)
[+19:44:06.191] VoxelMesh: Chunk X=-1 Y=-6 Z=3 FlatVerts=0 SlopeVerts=0
[+19:44:06.191] VoxelMesh: Chunk X=-3 Y=-5 Z=2 FlatVerts=0 SlopeVerts=0
[+19:44:06.192] VoxelChunk: GenerateAsync (2,-6,0)
[+19:44:06.194] VoxelMesh: Chunk X=2 Y=-6 Z=0 FlatVerts=0 SlopeVerts=0
[+19:44:06.202] VoxelMesh: Chunk X=-5 Y=-1 Z=4 FlatVerts=0 SlopeVerts=0
[+19:44:06.202] VoxelChunk: GenerateAsync (-2,6,0)
[+19:44:06.202] VoxelMesh: Chunk X=3 Y=-5 Z=0 FlatVerts=402 SlopeVerts=42
[+19:44:06.203] VoxelMesh: Chunk X=-2 Y=6 Z=0 FlatVerts=0 SlopeVerts=0
[+19:44:06.203] VoxelChunk: GenerateAsync (4,5,1)
[+19:44:06.204] VoxelMesh: Chunk X=4 Y=5 Z=1 FlatVerts=402 SlopeVerts=42
[+19:44:06.204] VoxelMesh: Chunk X=3 Y=1 Z=6 FlatVerts=420 SlopeVerts=126
[+19:44:06.204] VoxelChunk: GenerateAsync (6,-1,3)
[+19:44:06.207] VoxelMesh: Chunk X=6 Y=-1 Z=3 FlatVerts=420 SlopeVerts=126
[+19:44:06.207] VoxelMesh: Chunk X=-5 Y=1 Z=4 FlatVerts=0 SlopeVerts=0
[+19:44:06.207] VoxelChunk: GenerateAsync (2,6,0)
[+19:44:06.209] VoxelMesh: Chunk X=2 Y=6 Z=0 FlatVerts=0 SlopeVerts=0
[+19:44:06.218] VoxelMesh: Chunk X=0 Y=0 Z=0 FlatVerts=0 SlopeVerts=0
[+19:44:06.218] VoxelChunk: GenerateAsync (-3,0,4)
[+19:44:06.219] VoxelMesh: Chunk X=-3 Y=0 Z=4 FlatVerts=0 SlopeVerts=6954
[+19:44:06.220] VoxelMesh: Chunk X=3 Y=-5 Z=2 FlatVerts=1788 SlopeVerts=0
[+19:44:06.220] VoxelChunk: GenerateAsync (-4,5,1)
[+19:44:06.221] VoxelMesh: Chunk X=-4 Y=5 Z=1 FlatVerts=1788 SlopeVerts=0
[+19:44:06.221] VoxelMesh: Chunk X=-3 Y=1 Z=6 FlatVerts=432 SlopeVerts=2148
[+19:44:06.221] VoxelChunk: GenerateAsync (6,-2,2)
[+19:44:06.223] VoxelMesh: Chunk X=6 Y=-2 Z=2 FlatVerts=432 SlopeVerts=2148
[+19:44:06.223] VoxelMesh: Chunk X=-3 Y=5 Z=0 FlatVerts=0 SlopeVerts=0
[+19:44:06.224] VoxelChunk: GenerateAsync (-2,-6,2)
[+19:44:06.225] VoxelMesh: Chunk X=-3 Y=-1 Z=6 FlatVerts=324 SlopeVerts=282
[+19:44:06.225] VoxelChunk: GenerateAsync (5,4,1)
[+19:44:06.225] VoxelMesh: Chunk X=-2 Y=-6 Z=2 FlatVerts=0 SlopeVerts=0
[+19:44:06.225] VoxelMesh: Chunk X=5 Y=4 Z=1 FlatVerts=324 SlopeVerts=282
[+19:44:06.239] VoxelMesh: Chunk X=3 Y=5 Z=0 FlatVerts=192 SlopeVerts=5424
[+19:44:06.240] VoxelChunk: GenerateAsync (-6,-2,2)
[+19:44:06.241] VoxelMesh: Chunk X=1 Y=5 Z=4 FlatVerts=0 SlopeVerts=0
[+19:44:06.241] VoxelChunk: GenerateAsync (-6,1,3)
[+19:44:06.242] VoxelMesh: Chunk X=-6 Y=-2 Z=2 FlatVerts=192 SlopeVerts=5424
[+19:44:06.243] VoxelMesh: Chunk X=-3 Y=5 Z=2 FlatVerts=1728 SlopeVerts=0
[+19:44:06.243] VoxelMesh: Chunk X=-6 Y=1 Z=3 FlatVerts=0 SlopeVerts=0
[+19:44:06.243] VoxelChunk: GenerateAsync (-4,-5,1)
[+19:44:06.244] VoxelMesh: Chunk X=-1 Y=-5 Z=4 FlatVerts=300 SlopeVerts=756
[+19:44:06.244] VoxelChunk: GenerateAsync (6,2,2)
[+19:44:06.246] VoxelMesh: Chunk X=-4 Y=-5 Z=1 FlatVerts=1728 SlopeVerts=0
[+19:44:06.246] VoxelMesh: Chunk X=6 Y=2 Z=2 FlatVerts=300 SlopeVerts=756
[+19:44:06.254] VoxelMesh: Chunk X=5 Y=3 Z=2 FlatVerts=0 SlopeVerts=0
[+19:44:06.254] VoxelChunk: GenerateAsync (-6,2,0)
[+19:44:06.255] VoxelMesh: Chunk X=-6 Y=2 Z=0 FlatVerts=0 SlopeVerts=0
[+19:44:06.255] VoxelMesh: Chunk X=-3 Y=-5 Z=0 FlatVerts=0 SlopeVerts=0
[+19:44:06.256] VoxelChunk: GenerateAsync (-6,2,2)
[+19:44:06.257] VoxelMesh: Chunk X=3 Y=-1 Z=6 FlatVerts=0 SlopeVerts=0
[+19:44:06.257] VoxelChunk: GenerateAsync (6,1,3)
[+19:44:06.257] VoxelMesh: Chunk X=-6 Y=2 Z=2 FlatVerts=0 SlopeVerts=0
[+19:44:06.258] VoxelMesh: Chunk X=5 Y=3 Z=0 FlatVerts=1806 SlopeVerts=0
[+19:44:06.258] VoxelChunk: GenerateAsync (-5,4,1)
[+19:44:06.258] VoxelMesh: Chunk X=6 Y=1 Z=3 FlatVerts=0 SlopeVerts=0
[+19:44:06.258] VoxelMesh: Chunk X=-5 Y=4 Z=1 FlatVerts=1806 SlopeVerts=0
[+19:44:06.266] VoxelMesh: Chunk X=-5 Y=-3 Z=0 FlatVerts=0 SlopeVerts=0
[+19:44:06.266] VoxelChunk: GenerateAsync (2,6,2)
[+19:44:06.268] VoxelMesh: Chunk X=1 Y=3 Z=6 FlatVerts=0 SlopeVerts=0
[+19:44:06.269] VoxelMesh: Chunk X=2 Y=6 Z=2 FlatVerts=0 SlopeVerts=0
[+19:44:06.269] VoxelChunk: GenerateAsync (4,3,5)
[+19:44:06.270] VoxelMesh: Chunk X=1 Y=-3 Z=6 FlatVerts=0 SlopeVerts=0
[+19:44:06.271] VoxelMesh: Chunk X=4 Y=3 Z=5 FlatVerts=0 SlopeVerts=0
[+19:44:06.271] VoxelChunk: GenerateAsync (-4,3,5)
[+19:44:06.272] VoxelMesh: Chunk X=3 Y=5 Z=2 FlatVerts=0 SlopeVerts=0
[+19:44:06.273] VoxelChunk: GenerateAsync (0,5,5)
[+19:44:06.273] VoxelMesh: Chunk X=-4 Y=3 Z=5 FlatVerts=0 SlopeVerts=0
[+19:44:06.274] VoxelMesh: Chunk X=0 Y=5 Z=5 FlatVerts=0 SlopeVerts=0
[+19:44:06.281] VoxelMesh: Chunk X=-1 Y=5 Z=4 FlatVerts=0 SlopeVerts=0
[+19:44:06.281] VoxelChunk: GenerateAsync (-4,4,4)
[+19:44:06.283] VoxelMesh: Chunk X=5 Y=1 Z=4 FlatVerts=0 SlopeVerts=0
[+19:44:06.283] VoxelMesh: Chunk X=-4 Y=4 Z=4 FlatVerts=0 SlopeVerts=0
[+19:44:06.283] VoxelChunk: GenerateAsync (-4,-3,5)
[+19:44:06.285] VoxelMesh: Chunk X=5 Y=-3 Z=0 FlatVerts=0 SlopeVerts=0
[+19:44:06.285] VoxelMesh: Chunk X=-4 Y=-3 Z=5 FlatVerts=0 SlopeVerts=0
[+19:44:06.285] VoxelChunk: GenerateAsync (4,-4,4)
[+19:44:06.287] VoxelMesh: Chunk X=4 Y=-4 Z=4 FlatVerts=0 SlopeVerts=0
[+19:44:06.287] VoxelMesh: Chunk X=-5 Y=3 Z=0 FlatVerts=0 SlopeVerts=0
[+19:44:06.288] VoxelChunk: GenerateAsync (3,4,5)
[+19:44:06.289] VoxelMesh: Chunk X=3 Y=4 Z=5 FlatVerts=0 SlopeVerts=0
[+19:44:06.296] VoxelMesh: Chunk X=-1 Y=-3 Z=6 FlatVerts=42 SlopeVerts=4026
[+19:44:06.296] VoxelChunk: GenerateAsync (1,6,3)
[+19:44:06.298] VoxelMesh: Chunk X=1 Y=6 Z=3 FlatVerts=42 SlopeVerts=4026
[+19:44:06.298] VoxelMesh: Chunk X=-1 Y=3 Z=6 FlatVerts=0 SlopeVerts=0
[+19:44:06.298] VoxelChunk: GenerateAsync (-3,4,5)
[+19:44:06.300] VoxelMesh: Chunk X=-5 Y=3 Z=2 FlatVerts=0 SlopeVerts=0
[+19:44:06.300] VoxelMesh: Chunk X=-3 Y=4 Z=5 FlatVerts=0 SlopeVerts=0
[+19:44:06.300] VoxelChunk: GenerateAsync (-3,-4,5)
[+19:44:06.302] VoxelMesh: Chunk X=4 Y=-4 Z=3 FlatVerts=0 SlopeVerts=0
[+19:44:06.302] VoxelChunk: GenerateAsync (-6,-2,0)
[+19:44:06.302] VoxelMesh: Chunk X=-3 Y=-4 Z=5 FlatVerts=0 SlopeVerts=0
[+19:44:06.303] VoxelMesh: Chunk X=-6 Y=-2 Z=0 FlatVerts=0 SlopeVerts=0
[+19:44:06.310] VoxelMesh: Chunk X=6 Y=0 Z=1 FlatVerts=0 SlopeVerts=90
[+19:44:06.310] VoxelChunk: GenerateAsync (-1,6,3)
[+19:44:06.313] VoxelMesh: Chunk X=0 Y=6 Z=1 FlatVerts=0 SlopeVerts=0
[+19:44:06.313] VoxelMesh: Chunk X=-1 Y=6 Z=3 FlatVerts=0 SlopeVerts=90
[+19:44:06.313] VoxelChunk: GenerateAsync (-4,-4,4)
[+19:44:06.315] VoxelMesh: Chunk X=-4 Y=-4 Z=4 FlatVerts=0 SlopeVerts=0
[+19:44:06.315] VoxelMesh: Chunk X=-4 Y=-4 Z=3 FlatVerts=0 SlopeVerts=1926
[+19:44:06.315] VoxelChunk: GenerateAsync (0,-4,6)
[+19:44:06.317] VoxelMesh: Chunk X=0 Y=-4 Z=6 FlatVerts=0 SlopeVerts=1926
[+19:44:06.317] VoxelMesh: Chunk X=-2 Y=4 Z=5 FlatVerts=0 SlopeVerts=2514
[+19:44:06.317] VoxelChunk: GenerateAsync (3,-4,5)
[+19:44:06.319] VoxelMesh: Chunk X=3 Y=-4 Z=5 FlatVerts=0 SlopeVerts=2514
[+19:44:06.330] VoxelMesh: Chunk X=0 Y=0 Z=0 FlatVerts=0 SlopeVerts=0
[+19:44:06.330] VoxelChunk: GenerateAsync (-2,0,4)
[+19:44:06.333] VoxelMesh: Chunk X=-2 Y=0 Z=4 FlatVerts=0 SlopeVerts=5364
[+19:44:06.339] VoxelMesh: Chunk X=4 Y=-2 Z=5 FlatVerts=0 SlopeVerts=0
[+19:44:06.339] VoxelChunk: GenerateAsync (-5,0,5)
[+19:44:06.342] VoxelMesh: Chunk X=0 Y=-6 Z=1 FlatVerts=0 SlopeVerts=0
[+19:44:06.342] VoxelChunk: GenerateAsync (0,-5,5)
[+19:44:06.342] VoxelMesh: Chunk X=-5 Y=0 Z=5 FlatVerts=0 SlopeVerts=0
[+19:44:06.343] VoxelMesh: Chunk X=-4 Y=4 Z=3 FlatVerts=0 SlopeVerts=0
[+19:44:06.344] VoxelChunk: GenerateAsync (5,0,5)
[+19:44:06.344] VoxelMesh: Chunk X=0 Y=-5 Z=5 FlatVerts=0 SlopeVerts=0
[+19:44:06.345] VoxelMesh: Chunk X=5 Y=0 Z=5 FlatVerts=0 SlopeVerts=0
[+19:44:06.345] VoxelMesh: Chunk X=2 Y=4 Z=5 FlatVerts=0 SlopeVerts=0
[+19:44:06.345] VoxelChunk: GenerateAsync (4,4,4)
[+19:44:06.347] VoxelMesh: Chunk X=4 Y=4 Z=4 FlatVerts=0 SlopeVerts=0
[+19:44:06.356] VoxelMesh: Chunk X=-2 Y=-4 Z=5 FlatVerts=0 SlopeVerts=0
[+19:44:06.356] VoxelChunk: GenerateAsync (0,4,6)
[+19:44:06.357] VoxelMesh: Chunk X=-4 Y=2 Z=5 FlatVerts=0 SlopeVerts=0
[+19:44:06.357] VoxelChunk: GenerateAsync (-2,-6,0)
[+19:44:06.358] VoxelMesh: Chunk X=-2 Y=-6 Z=0 FlatVerts=0 SlopeVerts=0
[+19:44:06.358] VoxelMesh: Chunk X=0 Y=4 Z=6 FlatVerts=0 SlopeVerts=0
[+19:44:06.359] VoxelMesh: Chunk X=4 Y=4 Z=3 FlatVerts=0 SlopeVerts=0
[+19:44:06.359] VoxelChunk: GenerateAsync (4,-3,5)
[+19:44:06.361] VoxelMesh: Chunk X=-6 Y=0 Z=1 FlatVerts=42 SlopeVerts=7932
[+19:44:06.361] VoxelMesh: Chunk X=4 Y=-3 Z=5 FlatVerts=0 SlopeVerts=0
[+19:44:06.361] VoxelChunk: GenerateAsync (1,-4,6)
[+19:44:06.364] VoxelMesh: Chunk X=1 Y=-4 Z=6 FlatVerts=42 SlopeVerts=7932
[+19:44:06.373] VoxelMesh: Chunk X=2 Y=-4 Z=5 FlatVerts=0 SlopeVerts=0
[+19:44:06.373] VoxelChunk: GenerateAsync (-4,1,6)
[+19:44:06.375] VoxelMesh: Chunk X=-4 Y=1 Z=6 FlatVerts=0 SlopeVerts=0
[+19:44:06.376] VoxelMesh: Chunk X=-4 Y=-2 Z=5 FlatVerts=0 SlopeVerts=0
[+19:44:06.376] VoxelChunk: GenerateAsync (1,5,5)
[+19:44:06.377] VoxelMesh: Chunk X=4 Y=2 Z=5 FlatVerts=684 SlopeVerts=3012
[+19:44:06.377] VoxelChunk: GenerateAsync (4,5,2)
[+19:44:06.379] VoxelMesh: Chunk X=1 Y=5 Z=5 FlatVerts=0 SlopeVerts=0
[+19:44:06.380] VoxelMesh: Chunk X=-6 Y=0 Z=0 FlatVerts=0 SlopeVerts=1506
[+19:44:06.381] VoxelMesh: Chunk X=4 Y=5 Z=2 FlatVerts=684 SlopeVerts=3012
[+19:44:06.381] VoxelChunk: GenerateAsync (-4,-1,6)
[+19:44:06.383] VoxelMesh: Chunk X=-4 Y=-1 Z=6 FlatVerts=0 SlopeVerts=1506
[+19:44:06.390] VoxelMesh: Chunk X=6 Y=1 Z=1 FlatVerts=0 SlopeVerts=0
[+19:44:06.390] VoxelChunk: GenerateAsync (4,1,6)
[+19:44:06.392] VoxelMesh: Chunk X=4 Y=1 Z=6 FlatVerts=0 SlopeVerts=0
[+19:44:06.392] VoxelMesh: Chunk X=-6 Y=0 Z=2 FlatVerts=0 SlopeVerts=0
[+19:44:06.392] VoxelChunk: GenerateAsync (5,1,5)
[+19:44:06.394] VoxelMesh: Chunk X=0 Y=6 Z=0 FlatVerts=0 SlopeVerts=0
[+19:44:06.394] VoxelMesh: Chunk X=5 Y=1 Z=5 FlatVerts=0 SlopeVerts=0
[+19:44:06.394] VoxelChunk: GenerateAsync (-4,-5,2)
[+19:44:06.397] VoxelMesh: Chunk X=0 Y=-6 Z=0 FlatVerts=0 SlopeVerts=0
[+19:44:06.397] VoxelChunk: GenerateAsync (4,-1,6)
[+19:44:06.398] VoxelMesh: Chunk X=-4 Y=-5 Z=2 FlatVerts=0 SlopeVerts=0
[+19:44:06.399] VoxelMesh: Chunk X=4 Y=-1 Z=6 FlatVerts=0 SlopeVerts=0
[+19:44:06.405] VoxelMesh: Chunk X=6 Y=0 Z=2 FlatVerts=0 SlopeVerts=0
[+19:44:06.405] VoxelChunk: GenerateAsync (-5,-4,0)
[+19:44:06.407] VoxelMesh: Chunk X=-5 Y=-4 Z=0 FlatVerts=0 SlopeVerts=0
[+19:44:06.407] VoxelMesh: Chunk X=0 Y=-6 Z=2 FlatVerts=0 SlopeVerts=0
[+19:44:06.407] VoxelChunk: GenerateAsync (-1,4,6)
[+19:44:06.408] VoxelMesh: Chunk X=0 Y=6 Z=2 FlatVerts=0 SlopeVerts=0
[+19:44:06.408] VoxelChunk: GenerateAsync (-5,4,0)
[+19:44:06.409] VoxelMesh: Chunk X=-1 Y=4 Z=6 FlatVerts=0 SlopeVerts=0
[+19:44:06.409] VoxelMesh: Chunk X=-5 Y=4 Z=0 FlatVerts=0 SlopeVerts=0
[+19:44:06.409] VoxelMesh: Chunk X=-1 Y=-6 Z=1 FlatVerts=0 SlopeVerts=0
[+19:44:06.409] VoxelChunk: GenerateAsync (5,4,0)
[+19:44:06.410] VoxelMesh: Chunk X=5 Y=4 Z=0 FlatVerts=0 SlopeVerts=0
[+19:44:06.419] VoxelMesh: Chunk X=1 Y=6 Z=1 FlatVerts=0 SlopeVerts=0
[+19:44:06.419] VoxelChunk: GenerateAsync (4,-5,0)
[+19:44:06.421] VoxelMesh: Chunk X=-1 Y=6 Z=1 FlatVerts=0 SlopeVerts=0
[+19:44:06.421] VoxelChunk: GenerateAsync (-5,1,5)
[+19:44:06.421] VoxelMesh: Chunk X=4 Y=-5 Z=0 FlatVerts=0 SlopeVerts=0
[+19:44:06.423] VoxelMesh: Chunk X=6 Y=0 Z=0 FlatVerts=108 SlopeVerts=1260
[+19:44:06.423] VoxelMesh: Chunk X=-5 Y=1 Z=5 FlatVerts=0 SlopeVerts=0
[+19:44:06.423] VoxelChunk: GenerateAsync (-5,-4,2)
[+19:44:06.424] VoxelMesh: Chunk X=6 Y=-1 Z=1 FlatVerts=0 SlopeVerts=3144
[+19:44:06.424] VoxelChunk: GenerateAsync (5,-4,2)
[+19:44:06.425] VoxelMesh: Chunk X=-5 Y=-4 Z=2 FlatVerts=108 SlopeVerts=1260
[+19:44:06.426] VoxelMesh: Chunk X=5 Y=-4 Z=2 FlatVerts=0 SlopeVerts=3144
[+19:44:06.438] VoxelMesh: Chunk X=0 Y=0 Z=0 FlatVerts=0 SlopeVerts=0
[+19:44:06.439] VoxelChunk: GenerateAsync (-1,0,4)
[+19:44:06.441] VoxelMesh: Chunk X=-1 Y=0 Z=4 FlatVerts=0 SlopeVerts=1614
[+19:44:06.443] VoxelMesh: Chunk X=-6 Y=1 Z=1 FlatVerts=0 SlopeVerts=0
[+19:44:06.443] VoxelChunk: GenerateAsync (-4,-5,0)
[+19:44:06.443] VoxelMesh: Chunk X=-4 Y=-5 Z=0 FlatVerts=0 SlopeVerts=0
[+19:44:06.444] VoxelMesh: Chunk X=-6 Y=-1 Z=1 FlatVerts=0 SlopeVerts=0
[+19:44:06.444] VoxelChunk: GenerateAsync (1,4,6)
[+19:44:06.446] VoxelMesh: Chunk X=1 Y=-6 Z=1 FlatVerts=0 SlopeVerts=0
[+19:44:06.447] VoxelChunk: GenerateAsync (5,-1,5)
[+19:44:06.448] VoxelMesh: Chunk X=1 Y=4 Z=6 FlatVerts=0 SlopeVerts=0
[+19:44:06.449] VoxelMesh: Chunk X=3 Y=-2 Z=6 FlatVerts=0 SlopeVerts=0
[+19:44:06.449] VoxelChunk: GenerateAsync (-1,-4,6)
[+19:44:06.449] VoxelMesh: Chunk X=5 Y=-1 Z=5 FlatVerts=0 SlopeVerts=0
[+19:44:06.450] VoxelMesh: Chunk X=-1 Y=-4 Z=6 FlatVerts=0 SlopeVerts=0
[+19:44:06.458] VoxelMesh: Chunk X=2 Y=3 Z=6 FlatVerts=0 SlopeVerts=0
[+19:44:06.458] VoxelChunk: GenerateAsync (-1,-5,5)
[+19:44:06.459] VoxelMesh: Chunk X=3 Y=5 Z=3 FlatVerts=0 SlopeVerts=0
[+19:44:06.459] VoxelChunk: GenerateAsync (-4,5,0)
[+19:44:06.460] VoxelMesh: Chunk X=-4 Y=5 Z=0 FlatVerts=0 SlopeVerts=0
[+19:44:06.460] VoxelMesh: Chunk X=-1 Y=-5 Z=5 FlatVerts=0 SlopeVerts=0
[+19:44:06.460] VoxelMesh: Chunk X=1 Y=6 Z=0 FlatVerts=0 SlopeVerts=0
[+19:44:06.460] VoxelChunk: GenerateAsync (-4,5,2)
[+19:44:06.461] VoxelMesh: Chunk X=6 Y=-1 Z=2 FlatVerts=0 SlopeVerts=0
[+19:44:06.461] VoxelChunk: GenerateAsync (4,5,0)
[+19:44:06.462] VoxelMesh: Chunk X=-4 Y=5 Z=2 FlatVerts=0 SlopeVerts=0
[+19:44:06.462] VoxelMesh: Chunk X=4 Y=5 Z=0 FlatVerts=0 SlopeVerts=0
[+19:44:06.470] VoxelMesh: Chunk X=-1 Y=-6 Z=2 FlatVerts=0 SlopeVerts=0
[+19:44:06.470] VoxelChunk: GenerateAsync (5,-4,0)
[+19:44:06.471] VoxelMesh: Chunk X=-6 Y=1 Z=0 FlatVerts=0 SlopeVerts=366
[+19:44:06.471] VoxelMesh: Chunk X=5 Y=-4 Z=0 FlatVerts=0 SlopeVerts=0
[+19:44:06.472] VoxelChunk: GenerateAsync (-5,-1,5)
[+19:44:06.474] VoxelMesh: Chunk X=-3 Y=-2 Z=6 FlatVerts=0 SlopeVerts=2514
[+19:44:06.474] VoxelMesh: Chunk X=-5 Y=-1 Z=5 FlatVerts=0 SlopeVerts=366
[+19:44:06.475] VoxelChunk: GenerateAsync (1,-5,5)
[+19:44:06.476] VoxelMesh: Chunk X=-5 Y=3 Z=3 FlatVerts=198 SlopeVerts=4752
[+19:44:06.477] VoxelChunk: GenerateAsync (4,-5,2)
[+19:44:06.477] VoxelMesh: Chunk X=1 Y=-5 Z=5 FlatVerts=0 SlopeVerts=2514
[+19:44:06.478] VoxelMesh: Chunk X=4 Y=-5 Z=2 FlatVerts=198 SlopeVerts=4752
[+19:44:06.486] VoxelMesh: Chunk X=-1 Y=6 Z=2 FlatVerts=0 SlopeVerts=0
[+19:44:06.486] VoxelChunk: GenerateAsync (-1,5,5)
[+19:44:06.488] VoxelMesh: Chunk X=-1 Y=5 Z=5 FlatVerts=0 SlopeVerts=0
[+19:44:06.488] VoxelMesh: Chunk X=2 Y=-3 Z=6 FlatVerts=894 SlopeVerts=3066
[+19:44:06.489] VoxelChunk: GenerateAsync (5,4,2)
[+19:44:06.490] VoxelMesh: Chunk X=-3 Y=2 Z=6 FlatVerts=0 SlopeVerts=0
[+19:44:06.491] VoxelChunk: GenerateAsync (-5,4,2)
[+19:44:06.491] VoxelMesh: Chunk X=5 Y=4 Z=2 FlatVerts=894 SlopeVerts=3066
[+19:44:06.492] VoxelMesh: Chunk X=-5 Y=4 Z=2 FlatVerts=0 SlopeVerts=0
[+19:44:06.493] VoxelMesh: Chunk X=1 Y=6 Z=2 FlatVerts=0 SlopeVerts=0
[+19:44:06.493] VoxelChunk: GenerateAsync (3,-3,6)
[+19:44:06.494] VoxelMesh: Chunk X=3 Y=-3 Z=6 FlatVerts=0 SlopeVerts=0
[+19:44:06.506] VoxelChunk: GenerateAsync (-6,-2,0)
[+19:44:06.506] VoxelChunk: GenerateAsync (-6,-2,2)
[+19:44:06.506] VoxelChunk: GenerateAsync (-6,-2,1)
[+19:44:06.506] VoxelMesh: Chunk X=-6 Y=-2 Z=0 FlatVerts=0 SlopeVerts=0
[+19:44:06.506] VoxelMesh: Chunk X=-6 Y=-2 Z=1 FlatVerts=12 SlopeVerts=6
[+19:44:06.506] VoxelMesh: Chunk X=-6 Y=-2 Z=2 FlatVerts=60 SlopeVerts=216
[+19:44:06.507] VoxelMesh: Chunk X=-3 Y=-5 Z=3 FlatVerts=0 SlopeVerts=0
[+19:44:06.507] VoxelChunk: GenerateAsync (-3,-3,6)
[+19:44:06.509] VoxelMesh: Chunk X=5 Y=2 Z=4 FlatVerts=0 SlopeVerts=0
[+19:44:06.509] VoxelChunk: GenerateAsync (5,-3,4)
[+19:44:06.510] VoxelMesh: Chunk X=-3 Y=-3 Z=6 FlatVerts=0 SlopeVerts=0
[+19:44:06.511] VoxelMesh: Chunk X=-2 Y=-3 Z=6 FlatVerts=0 SlopeVerts=0
[+19:44:06.511] VoxelMesh: Chunk X=5 Y=-3 Z=4 FlatVerts=0 SlopeVerts=0
[+19:44:06.511] VoxelChunk: GenerateAsync (3,5,4)
[+19:44:06.515] VoxelMesh: Chunk X=3 Y=-5 Z=3 FlatVerts=0 SlopeVerts=390
[+19:44:06.515] VoxelMesh: Chunk X=3 Y=5 Z=4 FlatVerts=0 SlopeVerts=0
[+19:44:06.515] VoxelChunk: GenerateAsync (3,-5,4)
[+19:44:06.516] VoxelMesh: Chunk X=3 Y=-5 Z=4 FlatVerts=0 SlopeVerts=390
[+19:44:06.524] VoxelMesh: Chunk X=2 Y=5 Z=4 FlatVerts=0 SlopeVerts=0
[+19:44:06.525] VoxelChunk: GenerateAsync (3,3,6)
[+19:44:06.526] VoxelMesh: Chunk X=-6 Y=-1 Z=2 FlatVerts=0 SlopeVerts=0
[+19:44:06.526] VoxelChunk: GenerateAsync (-3,5,4)
[+19:44:06.526] VoxelMesh: Chunk X=3 Y=3 Z=6 FlatVerts=0 SlopeVerts=0
[+19:44:06.527] VoxelMesh: Chunk X=-3 Y=5 Z=4 FlatVerts=0 SlopeVerts=0
[+19:44:06.528] VoxelMesh: Chunk X=-2 Y=-5 Z=4 FlatVerts=0 SlopeVerts=0
[+19:44:06.529] VoxelChunk: GenerateAsync (-5,3,4)
[+19:44:06.530] VoxelMesh: Chunk X=-5 Y=3 Z=4 FlatVerts=0 SlopeVerts=0
[+19:44:06.530] VoxelMesh: Chunk X=-1 Y=-6 Z=0 FlatVerts=0 SlopeVerts=0
[+19:44:06.531] VoxelChunk: GenerateAsync (-5,-3,4)
[+19:44:06.532] VoxelMesh: Chunk X=-5 Y=-3 Z=4 FlatVerts=0 SlopeVerts=0
[+19:44:06.543] VoxelMesh: Chunk X=0 Y=0 Z=0 FlatVerts=0 SlopeVerts=0
[+19:44:06.543] VoxelChunk: GenerateAsync (0,0,4)
[+19:44:06.544] VoxelMesh: Chunk X=0 Y=0 Z=4 FlatVerts=0 SlopeVerts=0
[+19:44:06.548] VoxelMesh: Chunk X=6 Y=1 Z=0 FlatVerts=0 SlopeVerts=0
[+19:44:06.548] VoxelChunk: GenerateAsync (5,3,4)
[+19:44:06.550] VoxelMesh: Chunk X=6 Y=1 Z=2 FlatVerts=0 SlopeVerts=0
[+19:44:06.550] VoxelMesh: Chunk X=5 Y=3 Z=4 FlatVerts=0 SlopeVerts=0
[+19:44:06.550] VoxelChunk: GenerateAsync (-3,3,6)
[+19:44:06.551] VoxelMesh: Chunk X=-5 Y=2 Z=4 FlatVerts=0 SlopeVerts=0
[+19:44:06.552] VoxelChunk: GenerateAsync (-3,-5,4)
[+19:44:06.552] VoxelMesh: Chunk X=-3 Y=3 Z=6 FlatVerts=0 SlopeVerts=0
[+19:44:06.553] VoxelMesh: Chunk X=-2 Y=6 Z=1 FlatVerts=0 SlopeVerts=0
[+19:44:06.553] VoxelMesh: Chunk X=-3 Y=-5 Z=4 FlatVerts=0 SlopeVerts=0
[+19:44:06.553] VoxelChunk: GenerateAsync (-6,2,3)
[+19:44:06.554] VoxelMesh: Chunk X=-6 Y=2 Z=3 FlatVerts=0 SlopeVerts=0
[+19:44:06.564] VoxelMesh: Chunk X=0 Y=6 Z=3 FlatVerts=474 SlopeVerts=570
[+19:44:06.564] VoxelChunk: GenerateAsync (6,-2,3)
[+19:44:06.566] VoxelMesh: Chunk X=0 Y=-6 Z=3 FlatVerts=0 SlopeVerts=0
[+19:44:06.566] VoxelMesh: Chunk X=6 Y=-2 Z=3 FlatVerts=474 SlopeVerts=570
[+19:44:06.566] VoxelChunk: GenerateAsync (-2,6,3)
[+19:44:06.568] VoxelMesh: Chunk X=-6 Y=2 Z=1 FlatVerts=0 SlopeVerts=0
[+19:44:06.568] VoxelMesh: Chunk X=-2 Y=6 Z=3 FlatVerts=0 SlopeVerts=0
[+19:44:06.568] VoxelChunk: GenerateAsync (6,2,3)
[+19:44:06.570] VoxelMesh: Chunk X=6 Y=-2 Z=1 FlatVerts=0 SlopeVerts=0
[+19:44:06.570] VoxelMesh: Chunk X=6 Y=2 Z=3 FlatVerts=0 SlopeVerts=0
[+19:44:06.570] VoxelChunk: GenerateAsync (-2,-6,3)
[+19:44:06.571] VoxelMesh: Chunk X=-2 Y=-6 Z=3 FlatVerts=0 SlopeVerts=0
[+19:44:06.579] VoxelMesh: Chunk X=6 Y=2 Z=1 FlatVerts=132 SlopeVerts=798
[+19:44:06.579] VoxelChunk: GenerateAsync (-6,-2,3)
[+19:44:06.582] VoxelMesh: Chunk X=-2 Y=-6 Z=1 FlatVerts=78 SlopeVerts=1422
[+19:44:06.582] VoxelChunk: GenerateAsync (2,6,3)
[+19:44:06.582] VoxelMesh: Chunk X=-6 Y=-2 Z=3 FlatVerts=132 SlopeVerts=798
[+19:44:06.583] VoxelMesh: Chunk X=6 Y=0 Z=3 FlatVerts=0 SlopeVerts=2238
[+19:44:06.583] VoxelChunk: GenerateAsync (2,-6,3)
[+19:44:06.584] VoxelMesh: Chunk X=2 Y=6 Z=3 FlatVerts=78 SlopeVerts=1422
[+19:44:06.584] VoxelMesh: Chunk X=2 Y=-6 Z=3 FlatVerts=0 SlopeVerts=2238
[+19:44:06.585] VoxelMesh: Chunk X=2 Y=6 Z=1 FlatVerts=0 SlopeVerts=0
[+19:44:06.585] VoxelChunk: GenerateAsync (0,-6,4)
[+19:44:06.587] VoxelMesh: Chunk X=0 Y=-6 Z=4 FlatVerts=0 SlopeVerts=0
[+19:44:06.595] VoxelMesh: Chunk X=2 Y=-6 Z=1 FlatVerts=0 SlopeVerts=6132
[+19:44:06.596] VoxelChunk: GenerateAsync (2,-4,6)
[+19:44:06.598] VoxelMesh: Chunk X=-6 Y=0 Z=3 FlatVerts=0 SlopeVerts=0
[+19:44:06.598] VoxelChunk: GenerateAsync (-2,5,5)
[+19:44:06.598] VoxelMesh: Chunk X=2 Y=-4 Z=6 FlatVerts=0 SlopeVerts=6132
[+19:44:06.598] VoxelMesh: Chunk X=-2 Y=5 Z=5 FlatVerts=0 SlopeVerts=0
[+19:44:06.600] VoxelMesh: Chunk X=-4 Y=0 Z=6 FlatVerts=0 SlopeVerts=0
[+19:44:06.600] VoxelChunk: GenerateAsync (-5,2,5)
[+19:44:06.601] VoxelMesh: Chunk X=2 Y=-6 Z=2 FlatVerts=0 SlopeVerts=0
[+19:44:06.601] VoxelChunk: GenerateAsync (5,2,5)
[+19:44:06.601] VoxelMesh: Chunk X=-5 Y=2 Z=5 FlatVerts=0 SlopeVerts=0
[+19:44:06.602] VoxelMesh: Chunk X=5 Y=2 Z=5 FlatVerts=0 SlopeVerts=0
[+19:44:06.610] VoxelMesh: Chunk X=5 Y=-4 Z=1 FlatVerts=0 SlopeVerts=0
[+19:44:06.610] VoxelChunk: GenerateAsync (-2,-5,5)
[+19:44:06.613] VoxelMesh: Chunk X=4 Y=0 Z=6 FlatVerts=0 SlopeVerts=12
[+19:44:06.613] VoxelMesh: Chunk X=-2 Y=-5 Z=5 FlatVerts=0 SlopeVerts=0
[+19:44:06.614] VoxelChunk: GenerateAsync (-4,-2,6)
[+19:44:06.616] VoxelMesh: Chunk X=1 Y=-6 Z=3 FlatVerts=0 SlopeVerts=5982
[+19:44:06.616] VoxelMesh: Chunk X=-4 Y=-2 Z=6 FlatVerts=0 SlopeVerts=12
[+19:44:06.616] VoxelChunk: GenerateAsync (2,-5,5)
[+19:44:06.617] VoxelMesh: Chunk X=6 Y=-2 Z=0 FlatVerts=0 SlopeVerts=0
[+19:44:06.617] VoxelChunk: GenerateAsync (-4,5,3)
[+19:44:06.618] VoxelMesh: Chunk X=2 Y=-5 Z=5 FlatVerts=0 SlopeVerts=5982
[+19:44:06.619] VoxelMesh: Chunk X=-4 Y=5 Z=3 FlatVerts=0 SlopeVerts=0
[+19:44:06.627] VoxelMesh: Chunk X=-2 Y=6 Z=2 FlatVerts=0 SlopeVerts=0
[+19:44:06.627] VoxelChunk: GenerateAsync (4,-2,6)
[+19:44:06.629] VoxelMesh: Chunk X=-5 Y=-4 Z=1 FlatVerts=24 SlopeVerts=12
[+19:44:06.629] VoxelChunk: GenerateAsync (5,4,3)
[+19:44:06.630] VoxelMesh: Chunk X=4 Y=-2 Z=6 FlatVerts=0 SlopeVerts=0
[+19:44:06.632] VoxelMesh: Chunk X=6 Y=2 Z=0 FlatVerts=0 SlopeVerts=0
[+19:44:06.632] VoxelMesh: Chunk X=5 Y=4 Z=3 FlatVerts=24 SlopeVerts=12
[+19:44:06.632] VoxelChunk: GenerateAsync (-5,-2,5)
[+19:44:06.634] VoxelMesh: Chunk X=-5 Y=-2 Z=5 FlatVerts=0 SlopeVerts=0
[+19:44:06.634] VoxelMesh: Chunk X=-6 Y=-1 Z=3 FlatVerts=0 SlopeVerts=0
[+19:44:06.634] VoxelChunk: GenerateAsync (2,5,5)
[+19:44:06.635] VoxelMesh: Chunk X=2 Y=5 Z=5 FlatVerts=0 SlopeVerts=0
[+19:44:06.647] VoxelMesh: Chunk X=0 Y=0 Z=0 FlatVerts=0 SlopeVerts=0
[+19:44:06.648] VoxelChunk: GenerateAsync (1,0,4)
[+19:44:06.649] VoxelMesh: Chunk X=1 Y=0 Z=4 FlatVerts=0 SlopeVerts=0
[+19:44:06.651] VoxelMesh: Chunk X=4 Y=-5 Z=1 FlatVerts=0 SlopeVerts=0
[+19:44:06.651] VoxelChunk: GenerateAsync (5,-2,5)
[+19:44:06.652] VoxelMesh: Chunk X=-1 Y=-6 Z=3 FlatVerts=0 SlopeVerts=0
[+19:44:06.653] VoxelChunk: GenerateAsync (-4,-5,3)
[+19:44:06.653] VoxelMesh: Chunk X=5 Y=-2 Z=5 FlatVerts=0 SlopeVerts=0
[+19:44:06.654] VoxelMesh: Chunk X=2 Y=-6 Z=0 FlatVerts=36 SlopeVerts=354
[+19:44:06.654] VoxelMesh: Chunk X=-4 Y=-5 Z=3 FlatVerts=0 SlopeVerts=0
[+19:44:06.655] VoxelChunk: GenerateAsync (4,5,3)
[+19:44:06.656] VoxelMesh: Chunk X=-2 Y=6 Z=0 FlatVerts=0 SlopeVerts=0
[+19:44:06.657] VoxelChunk: GenerateAsync (-2,4,6)
[+19:44:06.657] VoxelMesh: Chunk X=4 Y=5 Z=3 FlatVerts=36 SlopeVerts=354
[+19:44:06.657] VoxelMesh: Chunk X=-2 Y=4 Z=6 FlatVerts=0 SlopeVerts=0
[+19:44:06.667] VoxelMesh: Chunk X=4 Y=5 Z=1 FlatVerts=0 SlopeVerts=180
[+19:44:06.668] VoxelChunk: GenerateAsync (0,6,4)
[+19:44:06.669] VoxelMesh: Chunk X=6 Y=-1 Z=3 FlatVerts=0 SlopeVerts=0
[+19:44:06.669] VoxelChunk: GenerateAsync (-5,4,3)
[+19:44:06.670] VoxelMesh: Chunk X=0 Y=6 Z=4 FlatVerts=0 SlopeVerts=180
[+19:44:06.671] VoxelMesh: Chunk X=-5 Y=4 Z=3 FlatVerts=0 SlopeVerts=0
[+19:44:06.671] VoxelMesh: Chunk X=2 Y=6 Z=0 FlatVerts=0 SlopeVerts=2796
[+19:44:06.671] VoxelChunk: GenerateAsync (4,-5,3)
[+19:44:06.673] VoxelMesh: Chunk X=-4 Y=5 Z=1 FlatVerts=0 SlopeVerts=0
[+19:44:06.673] VoxelMesh: Chunk X=4 Y=-5 Z=3 FlatVerts=0 SlopeVerts=2796
[+19:44:06.673] VoxelChunk: GenerateAsync (2,4,6)
[+19:44:06.675] VoxelMesh: Chunk X=2 Y=4 Z=6 FlatVerts=0 SlopeVerts=0
[+19:44:06.683] VoxelMesh: Chunk X=6 Y=-2 Z=2 FlatVerts=0 SlopeVerts=708
[+19:44:06.683] VoxelChunk: GenerateAsync (5,-4,3)
[+19:44:06.686] VoxelMesh: Chunk X=-2 Y=-6 Z=2 FlatVerts=0 SlopeVerts=0
[+19:44:06.686] VoxelMesh: Chunk X=5 Y=-4 Z=3 FlatVerts=0 SlopeVerts=708
[+19:44:06.686] VoxelChunk: GenerateAsync (-2,-4,6)
[+19:44:06.688] VoxelMesh: Chunk X=5 Y=4 Z=1 FlatVerts=0 SlopeVerts=0
[+19:44:06.688] VoxelChunk: GenerateAsync (-5,-4,3)
[+19:44:06.688] VoxelMesh: Chunk X=-2 Y=-4 Z=6 FlatVerts=0 SlopeVerts=0
[+19:44:06.689] VoxelMesh: Chunk X=-6 Y=1 Z=3 FlatVerts=0 SlopeVerts=0
[+19:44:06.689] VoxelChunk: GenerateAsync (6,0,4)
[+19:44:06.690] VoxelMesh: Chunk X=-5 Y=-4 Z=3 FlatVerts=0 SlopeVerts=0
[+19:44:06.690] VoxelMesh: Chunk X=6 Y=0 Z=4 FlatVerts=0 SlopeVerts=0
[+19:44:06.697] VoxelMesh: Chunk X=-4 Y=-5 Z=1 FlatVerts=0 SlopeVerts=0
[+19:44:06.697] VoxelChunk: GenerateAsync (6,3,1)
[+19:44:06.698] VoxelMesh: Chunk X=6 Y=2 Z=2 FlatVerts=1854 SlopeVerts=0
[+19:44:06.698] VoxelMesh: Chunk X=6 Y=3 Z=1 FlatVerts=0 SlopeVerts=0
[+19:44:06.698] VoxelChunk: GenerateAsync (-3,6,1)
[+19:44:06.699] VoxelMesh: Chunk X=-3 Y=6 Z=1 FlatVerts=1854 SlopeVerts=0
[+19:44:06.700] VoxelMesh: Chunk X=-6 Y=2 Z=0 FlatVerts=0 SlopeVerts=0
[+19:44:06.700] VoxelChunk: GenerateAsync (-6,0,4)
[+19:44:06.700] VoxelMesh: Chunk X=-6 Y=2 Z=2 FlatVerts=1860 SlopeVerts=0
[+19:44:06.701] VoxelMesh: Chunk X=-6 Y=0 Z=4 FlatVerts=0 SlopeVerts=0
[+19:44:06.701] VoxelChunk: GenerateAsync (-6,3,1)
[+19:44:06.701] VoxelMesh: Chunk X=-6 Y=3 Z=1 FlatVerts=1860 SlopeVerts=0
[+19:44:06.710] VoxelMesh: Chunk X=6 Y=1 Z=3 FlatVerts=78 SlopeVerts=1098
[+19:44:06.710] VoxelChunk: GenerateAsync (6,-3,1)
[+19:44:06.712] VoxelMesh: Chunk X=6 Y=-3 Z=1 FlatVerts=78 SlopeVerts=1098
[+19:44:06.712] VoxelMesh: Chunk X=-5 Y=4 Z=1 FlatVerts=0 SlopeVerts=0
[+19:44:06.712] VoxelChunk: GenerateAsync (4,2,6)
[+19:44:06.714] VoxelMesh: Chunk X=4 Y=2 Z=6 FlatVerts=0 SlopeVerts=0
[+19:44:06.714] VoxelMesh: Chunk X=2 Y=6 Z=2 FlatVerts=0 SlopeVerts=0
[+19:44:06.714] VoxelChunk: GenerateAsync (-4,2,6)
[+19:44:06.716] VoxelMesh: Chunk X=4 Y=3 Z=5 FlatVerts=1806 SlopeVerts=0
[+19:44:06.716] VoxelChunk: GenerateAsync (-3,-6,1)
[+19:44:06.716] VoxelMesh: Chunk X=-4 Y=2 Z=6 FlatVerts=0 SlopeVerts=0
[+19:44:06.717] VoxelMesh: Chunk X=-3 Y=-6 Z=1 FlatVerts=1806 SlopeVerts=0
[+19:44:06.726] VoxelMesh: Chunk X=-4 Y=3 Z=5 FlatVerts=0 SlopeVerts=0
[+19:44:06.726] VoxelChunk: GenerateAsync (3,-6,1)
[+19:44:06.727] VoxelMesh: Chunk X=0 Y=5 Z=5 FlatVerts=6 SlopeVerts=96
[+19:44:06.727] VoxelChunk: GenerateAsync (-6,-3,1)
[+19:44:06.729] VoxelMesh: Chunk X=-6 Y=-3 Z=1 FlatVerts=6 SlopeVerts=96
[+19:44:06.729] VoxelMesh: Chunk X=-4 Y=4 Z=4 FlatVerts=0 SlopeVerts=0
[+19:44:06.729] VoxelChunk: GenerateAsync (3,6,1)
[+19:44:06.730] VoxelMesh: Chunk X=3 Y=-6 Z=1 FlatVerts=0 SlopeVerts=0
[+19:44:06.731] VoxelMesh: Chunk X=-4 Y=-3 Z=5 FlatVerts=138 SlopeVerts=5358
[+19:44:06.731] VoxelMesh: Chunk X=3 Y=6 Z=1 FlatVerts=0 SlopeVerts=0
[+19:44:06.731] VoxelChunk: GenerateAsync (-6,-3,2)
[+19:44:06.732] VoxelMesh: Chunk X=-6 Y=-3 Z=2 FlatVerts=138 SlopeVerts=5358
[+19:44:06.741] VoxelMesh: Chunk X=4 Y=-4 Z=4 FlatVerts=0 SlopeVerts=0
[+19:44:06.741] VoxelChunk: GenerateAsync (6,-1,4)
[+19:44:06.743] VoxelMesh: Chunk X=3 Y=4 Z=5 FlatVerts=0 SlopeVerts=2874
[+19:44:06.743] VoxelMesh: Chunk X=6 Y=-1 Z=4 FlatVerts=0 SlopeVerts=0
[+19:44:06.743] VoxelChunk: GenerateAsync (6,-3,2)
[+19:44:06.745] VoxelMesh: Chunk X=1 Y=6 Z=3 FlatVerts=0 SlopeVerts=0
[+19:44:06.745] VoxelMesh: Chunk X=6 Y=-3 Z=2 FlatVerts=0 SlopeVerts=2874
[+19:44:06.745] VoxelChunk: GenerateAsync (-6,3,2)
[+19:44:06.746] VoxelMesh: Chunk X=-3 Y=4 Z=5 FlatVerts=612 SlopeVerts=4764
[+19:44:06.746] VoxelMesh: Chunk X=-6 Y=3 Z=2 FlatVerts=0 SlopeVerts=0
[+19:44:06.746] VoxelChunk: GenerateAsync (6,3,2)
[+19:44:06.747] VoxelMesh: Chunk X=6 Y=3 Z=2 FlatVerts=612 SlopeVerts=4764
[+19:44:06.760] VoxelMesh: Chunk X=0 Y=0 Z=0 FlatVerts=0 SlopeVerts=1902
[+19:44:06.762] VoxelChunk: GenerateAsync (2,0,4)
[+19:44:06.763] VoxelMesh: Chunk X=2 Y=0 Z=4 FlatVerts=0 SlopeVerts=0
[+19:44:06.766] VoxelMesh: Chunk X=-3 Y=-4 Z=5 FlatVerts=0 SlopeVerts=0
[+19:44:06.766] VoxelChunk: GenerateAsync (-1,-6,4)
[+19:44:06.767] VoxelMesh: Chunk X=-1 Y=6 Z=3 FlatVerts=108 SlopeVerts=2028
[+19:44:06.767] VoxelMesh: Chunk X=-1 Y=-6 Z=4 FlatVerts=0 SlopeVerts=0
[+19:44:06.767] VoxelChunk: GenerateAsync (3,6,2)
[+19:44:06.767] VoxelMesh: Chunk X=-4 Y=-4 Z=4 FlatVerts=0 SlopeVerts=0
[+19:44:06.769] VoxelChunk: GenerateAsync (3,-6,2)
[+19:44:06.769] VoxelMesh: Chunk X=3 Y=6 Z=2 FlatVerts=108 SlopeVerts=2028
[+19:44:06.770] VoxelMesh: Chunk X=0 Y=-4 Z=6 FlatVerts=0 SlopeVerts=0
[+19:44:06.770] VoxelMesh: Chunk X=3 Y=-6 Z=2 FlatVerts=0 SlopeVerts=0
[+19:44:06.770] VoxelChunk: GenerateAsync (3,-6,0)
[+19:44:06.772] VoxelMesh: Chunk X=3 Y=-6 Z=0 FlatVerts=0 SlopeVerts=0
[+19:44:06.781] VoxelMesh: Chunk X=3 Y=-4 Z=5 FlatVerts=0 SlopeVerts=0
[+19:44:06.781] VoxelChunk: GenerateAsync (-3,-6,0)
[+19:44:06.782] VoxelMesh: Chunk X=-3 Y=-6 Z=0 FlatVerts=0 SlopeVerts=0
[+19:44:06.782] VoxelMesh: Chunk X=-5 Y=0 Z=5 FlatVerts=0 SlopeVerts=0
[+19:44:06.782] VoxelChunk: GenerateAsync (-6,1,4)
[+19:44:06.784] VoxelMesh: Chunk X=0 Y=-5 Z=5 FlatVerts=0 SlopeVerts=0
[+19:44:06.784] VoxelMesh: Chunk X=-6 Y=1 Z=4 FlatVerts=0 SlopeVerts=0
[+19:44:06.784] VoxelChunk: GenerateAsync (-6,-1,4)
[+19:44:06.785] VoxelMesh: Chunk X=5 Y=0 Z=5 FlatVerts=6 SlopeVerts=3162
[+19:44:06.785] VoxelMesh: Chunk X=-6 Y=-1 Z=4 FlatVerts=0 SlopeVerts=0
[+19:44:06.785] VoxelChunk: GenerateAsync (1,-6,4)
[+19:44:06.787] VoxelMesh: Chunk X=1 Y=-6 Z=4 FlatVerts=6 SlopeVerts=3162
[+19:44:06.795] VoxelMesh: Chunk X=4 Y=4 Z=4 FlatVerts=0 SlopeVerts=0
[+19:44:06.795] VoxelChunk: GenerateAsync (-3,-6,2)
[+19:44:06.797] VoxelMesh: Chunk X=0 Y=4 Z=6 FlatVerts=0 SlopeVerts=0
[+19:44:06.797] VoxelMesh: Chunk X=-3 Y=-6 Z=2 FlatVerts=0 SlopeVerts=0
[+19:44:06.797] VoxelChunk: GenerateAsync (-3,6,2)
[+19:44:06.798] VoxelMesh: Chunk X=-2 Y=-6 Z=0 FlatVerts=0 SlopeVerts=0
[+19:44:06.799] VoxelChunk: GenerateAsync (6,1,4)
[+19:44:06.799] VoxelMesh: Chunk X=-3 Y=6 Z=2 FlatVerts=0 SlopeVerts=0
[+19:44:06.799] VoxelMesh: Chunk X=4 Y=-3 Z=5 FlatVerts=0 SlopeVerts=0
[+19:44:06.800] VoxelChunk: GenerateAsync (-3,6,0)
[+19:44:06.800] VoxelMesh: Chunk X=6 Y=1 Z=4 FlatVerts=0 SlopeVerts=0
[+19:44:06.800] VoxelMesh: Chunk X=-3 Y=6 Z=0 FlatVerts=0 SlopeVerts=0
[+19:44:06.808] VoxelMesh: Chunk X=1 Y=-4 Z=6 FlatVerts=0 SlopeVerts=0
[+19:44:06.808] VoxelChunk: GenerateAsync (-6,-3,0)
[+19:44:06.809] VoxelMesh: Chunk X=-4 Y=1 Z=6 FlatVerts=0 SlopeVerts=0
[+19:44:06.810] VoxelChunk: GenerateAsync (-1,6,4)
[+19:44:06.810] VoxelMesh: Chunk X=-6 Y=-3 Z=0 FlatVerts=0 SlopeVerts=0
[+19:44:06.812] VoxelMesh: Chunk X=-1 Y=6 Z=4 FlatVerts=0 SlopeVerts=0
[+19:44:06.812] VoxelMesh: Chunk X=1 Y=5 Z=5 FlatVerts=0 SlopeVerts=0
[+19:44:06.812] VoxelChunk: GenerateAsync (6,-3,0)
[+19:44:06.813] VoxelMesh: Chunk X=4 Y=5 Z=2 FlatVerts=0 SlopeVerts=0
[+19:44:06.813] VoxelChunk: GenerateAsync (-6,3,0)
[+19:44:06.813] VoxelMesh: Chunk X=6 Y=-3 Z=0 FlatVerts=0 SlopeVerts=0
[+19:44:06.813] VoxelMesh: Chunk X=-6 Y=3 Z=0 FlatVerts=0 SlopeVerts=0
[+19:44:06.822] VoxelMesh: Chunk X=-4 Y=-1 Z=6 FlatVerts=0 SlopeVerts=0
[+19:44:06.822] VoxelChunk: GenerateAsync (6,3,0)
[+19:44:06.824] VoxelMesh: Chunk X=6 Y=3 Z=0 FlatVerts=0 SlopeVerts=0
[+19:44:06.824] VoxelMesh: Chunk X=4 Y=1 Z=6 FlatVerts=0 SlopeVerts=3180
[+19:44:06.825] VoxelChunk: GenerateAsync (1,6,4)
[+19:44:06.827] VoxelMesh: Chunk X=5 Y=1 Z=5 FlatVerts=0 SlopeVerts=0
[+19:44:06.827] VoxelChunk: GenerateAsync (3,6,0)
[+19:44:06.827] VoxelMesh: Chunk X=1 Y=6 Z=4 FlatVerts=0 SlopeVerts=3180
[+19:44:06.829] VoxelMesh: Chunk X=3 Y=6 Z=0 FlatVerts=0 SlopeVerts=0
[+19:44:06.829] VoxelMesh: Chunk X=-4 Y=-5 Z=2 FlatVerts=0 SlopeVerts=0
[+19:44:06.829] VoxelChunk: GenerateAsync (-4,4,5)
[+19:44:06.830] VoxelMesh: Chunk X=-4 Y=4 Z=5 FlatVerts=0 SlopeVerts=0
[+19:44:06.839] VoxelMesh: Chunk X=4 Y=-1 Z=6 FlatVerts=0 SlopeVerts=0
[+19:44:06.839] VoxelChunk: GenerateAsync (4,4,5)
[+19:44:06.840] VoxelMesh: Chunk X=-5 Y=-4 Z=0 FlatVerts=0 SlopeVerts=0
[+19:44:06.840] VoxelChunk: GenerateAsync (-4,-4,5)
[+19:44:06.841] VoxelMesh: Chunk X=4 Y=4 Z=5 FlatVerts=0 SlopeVerts=0
[+19:44:06.842] VoxelMesh: Chunk X=-1 Y=4 Z=6 FlatVerts=0 SlopeVerts=0
[+19:44:06.842] VoxelMesh: Chunk X=-4 Y=-4 Z=5 FlatVerts=0 SlopeVerts=0
[+19:44:06.843] VoxelChunk: GenerateAsync (4,-4,5)
[+19:44:06.844] VoxelMesh: Chunk X=4 Y=-4 Z=5 FlatVerts=0 SlopeVerts=0
[+19:44:06.844] VoxelMesh: Chunk X=-5 Y=4 Z=0 FlatVerts=0 SlopeVerts=0
[+19:44:06.844] VoxelChunk: GenerateAsync (-6,2,4)
[+19:44:06.845] VoxelMesh: Chunk X=-6 Y=2 Z=4 FlatVerts=0 SlopeVerts=0
[+19:44:06.853] VoxelMesh: Chunk X=5 Y=4 Z=0 FlatVerts=0 SlopeVerts=0
[+19:44:06.854] VoxelChunk: GenerateAsync (6,2,4)
[+19:44:06.855] VoxelMesh: Chunk X=4 Y=-5 Z=0 FlatVerts=0 SlopeVerts=0
[+19:44:06.855] VoxelChunk: GenerateAsync (-3,-6,3)
[+19:44:06.855] VoxelMesh: Chunk X=6 Y=2 Z=4 FlatVerts=0 SlopeVerts=0
[+19:44:06.857] VoxelMesh: Chunk X=-3 Y=-6 Z=3 FlatVerts=0 SlopeVerts=0
[+19:44:06.857] VoxelMesh: Chunk X=-5 Y=1 Z=5 FlatVerts=0 SlopeVerts=0
[+19:44:06.857] VoxelChunk: GenerateAsync (-2,6,4)
[+19:44:06.859] VoxelMesh: Chunk X=-5 Y=-4 Z=2 FlatVerts=0 SlopeVerts=0
[+19:44:06.859] VoxelChunk: GenerateAsync (-3,6,3)
[+19:44:06.859] VoxelMesh: Chunk X=-2 Y=6 Z=4 FlatVerts=0 SlopeVerts=0
[+19:44:06.860] VoxelMesh: Chunk X=-3 Y=6 Z=3 FlatVerts=0 SlopeVerts=0
[+19:44:06.872] VoxelMesh: Chunk X=0 Y=0 Z=0 FlatVerts=6 SlopeVerts=5514
[+19:44:06.875] VoxelChunk: GenerateAsync (3,0,4)
[+19:44:06.877] VoxelMesh: Chunk X=3 Y=0 Z=4 FlatVerts=0 SlopeVerts=0
[+19:44:06.879] VoxelMesh: Chunk X=5 Y=-4 Z=2 FlatVerts=84 SlopeVerts=1248
[+19:44:06.879] VoxelChunk: GenerateAsync (6,-3,3)
[+19:44:06.882] VoxelMesh: Chunk X=-4 Y=-5 Z=0 FlatVerts=0 SlopeVerts=4776
[+19:44:06.882] VoxelMesh: Chunk X=6 Y=-3 Z=3 FlatVerts=84 SlopeVerts=1248
[+19:44:06.882] VoxelChunk: GenerateAsync (2,-6,4)
[+19:44:06.883] VoxelMesh: Chunk X=1 Y=4 Z=6 FlatVerts=0 SlopeVerts=0
[+19:44:06.883] VoxelChunk: GenerateAsync (-6,3,3)
[+19:44:06.885] VoxelMesh: Chunk X=2 Y=-6 Z=4 FlatVerts=0 SlopeVerts=4776
[+19:44:06.886] VoxelMesh: Chunk X=-6 Y=3 Z=3 FlatVerts=0 SlopeVerts=0
[+19:44:06.886] VoxelMesh: Chunk X=5 Y=-1 Z=5 FlatVerts=0 SlopeVerts=0
[+19:44:06.886] VoxelChunk: GenerateAsync (-6,-2,4)
[+19:44:06.888] VoxelMesh: Chunk X=-6 Y=-2 Z=4 FlatVerts=0 SlopeVerts=0
[+19:44:06.898] VoxelMesh: Chunk X=-1 Y=-4 Z=6 FlatVerts=42 SlopeVerts=1650
[+19:44:06.899] VoxelChunk: GenerateAsync (-6,-3,3)
[+19:44:06.900] VoxelMesh: Chunk X=-1 Y=-5 Z=5 FlatVerts=0 SlopeVerts=1410
[+19:44:06.900] VoxelChunk: GenerateAsync (3,-6,3)
[+19:44:06.902] VoxelMesh: Chunk X=-6 Y=-3 Z=3 FlatVerts=42 SlopeVerts=1650
[+19:44:06.902] VoxelMesh: Chunk X=3 Y=-6 Z=3 FlatVerts=0 SlopeVerts=1410
[+19:44:06.902] VoxelMesh: Chunk X=-4 Y=5 Z=0 FlatVerts=114 SlopeVerts=2682
[+19:44:06.902] VoxelChunk: GenerateAsync (2,6,4)
[+19:44:06.904] VoxelMesh: Chunk X=-4 Y=5 Z=2 FlatVerts=54 SlopeVerts=396
[+19:44:06.904] VoxelChunk: GenerateAsync (6,3,3)
[+19:44:06.904] VoxelMesh: Chunk X=2 Y=6 Z=4 FlatVerts=114 SlopeVerts=2682
[+19:44:06.905] VoxelMesh: Chunk X=6 Y=3 Z=3 FlatVerts=54 SlopeVerts=396
[+19:44:06.916] VoxelMesh: Chunk X=4 Y=5 Z=0 FlatVerts=6 SlopeVerts=2982
[+19:44:06.916] VoxelChunk: GenerateAsync (3,6,3)
[+19:44:06.919] VoxelMesh: Chunk X=5 Y=-4 Z=0 FlatVerts=0 SlopeVerts=0
[+19:44:06.920] VoxelChunk: GenerateAsync (6,-2,4)
[+19:44:06.921] VoxelMesh: Chunk X=3 Y=6 Z=3 FlatVerts=6 SlopeVerts=2982
[+19:44:06.921] VoxelMesh: Chunk X=-5 Y=-1 Z=5 FlatVerts=0 SlopeVerts=0
[+19:44:06.921] VoxelMesh: Chunk X=6 Y=-2 Z=4 FlatVerts=0 SlopeVerts=0
[+19:44:06.921] VoxelChunk: GenerateAsync (-2,-6,4)
[+19:44:06.922] VoxelMesh: Chunk X=1 Y=-5 Z=5 FlatVerts=1716 SlopeVerts=84
[+19:44:06.923] VoxelChunk: GenerateAsync (5,5,1)
[+19:44:06.923] VoxelMesh: Chunk X=-2 Y=-6 Z=4 FlatVerts=0 SlopeVerts=0
[+19:44:06.923] VoxelMesh: Chunk X=5 Y=5 Z=1 FlatVerts=1716 SlopeVerts=84
[+19:44:06.933] VoxelMesh: Chunk X=4 Y=-5 Z=2 FlatVerts=0 SlopeVerts=0
[+19:44:06.933] VoxelChunk: GenerateAsync (4,5,4)
[+19:44:06.936] VoxelMesh: Chunk X=-1 Y=5 Z=5 FlatVerts=0 SlopeVerts=0
[+19:44:06.936] VoxelChunk: GenerateAsync (-4,5,4)
[+19:44:06.936] VoxelMesh: Chunk X=4 Y=5 Z=4 FlatVerts=0 SlopeVerts=0
[+19:44:06.938] VoxelMesh: Chunk X=-4 Y=5 Z=4 FlatVerts=0 SlopeVerts=0
[+19:44:06.938] VoxelMesh: Chunk X=5 Y=4 Z=2 FlatVerts=0 SlopeVerts=0
[+19:44:06.938] VoxelChunk: GenerateAsync (3,4,6)
[+19:44:06.939] VoxelMesh: Chunk X=-5 Y=4 Z=2 FlatVerts=0 SlopeVerts=0
[+19:44:06.940] VoxelChunk: GenerateAsync (5,4,4)
[+19:44:06.941] VoxelMesh: Chunk X=3 Y=4 Z=6 FlatVerts=0 SlopeVerts=0
[+19:44:06.942] VoxelMesh: Chunk X=5 Y=4 Z=4 FlatVerts=0 SlopeVerts=0
[+19:44:06.951] VoxelMesh: Chunk X=3 Y=-3 Z=6 FlatVerts=0 SlopeVerts=0
[+19:44:06.951] VoxelChunk: GenerateAsync (0,-5,6)
[+19:44:06.953] VoxelMesh: Chunk X=3 Y=2 Z=6 FlatVerts=0 SlopeVerts=0
[+19:44:06.953] VoxelChunk: GenerateAsync (-4,-5,4)
[+19:44:06.953] VoxelMesh: Chunk X=0 Y=-5 Z=6 FlatVerts=0 SlopeVerts=0
[+19:44:06.954] VoxelMesh: Chunk X=1 Y=-6 Z=2 FlatVerts=216 SlopeVerts=1236
[+19:44:06.954] VoxelChunk: GenerateAsync (5,-5,1)
[+19:44:06.956] VoxelMesh: Chunk X=5 Y=-5 Z=1 FlatVerts=216 SlopeVerts=1236
[+19:44:06.956] VoxelMesh: Chunk X=-4 Y=-5 Z=4 FlatVerts=0 SlopeVerts=0
[+19:44:06.956] VoxelMesh: Chunk X=5 Y=-3 Z=3 FlatVerts=0 SlopeVerts=0
[+19:44:06.956] VoxelChunk: GenerateAsync (-4,-3,6)
[+19:44:06.958] VoxelMesh: Chunk X=-4 Y=-3 Z=6 FlatVerts=0 SlopeVerts=0
[+19:44:06.969] VoxelMesh: Chunk X=5 Y=-2 Z=4 FlatVerts=0 SlopeVerts=0
[+19:44:06.969] VoxelChunk: GenerateAsync (4,-3,6)
[+19:44:06.970] VoxelMesh: Chunk X=-2 Y=3 Z=6 FlatVerts=0 SlopeVerts=0
[+19:44:06.971] VoxelChunk: GenerateAsync (-5,0,6)
[+19:44:06.971] VoxelMesh: Chunk X=4 Y=-3 Z=6 FlatVerts=0 SlopeVerts=0
[+19:44:06.973] VoxelMesh: Chunk X=-3 Y=5 Z=3 FlatVerts=0 SlopeVerts=0
[+19:44:06.973] VoxelMesh: Chunk X=-5 Y=0 Z=6 FlatVerts=0 SlopeVerts=0
[+19:44:06.974] VoxelChunk: GenerateAsync (3,-5,5)
[+19:44:06.976] VoxelMesh: Chunk X=2 Y=-5 Z=4 FlatVerts=0 SlopeVerts=0
[+19:44:06.976] VoxelChunk: GenerateAsync (3,5,5)
[+19:44:06.976] VoxelMesh: Chunk X=3 Y=-5 Z=5 FlatVerts=0 SlopeVerts=0
[+19:44:06.979] VoxelMesh: Chunk X=3 Y=5 Z=5 FlatVerts=0 SlopeVerts=0
[+19:44:06.989] VoxelMesh: Chunk X=0 Y=0 Z=0 FlatVerts=0 SlopeVerts=0
[+19:44:06.990] VoxelChunk: GenerateAsync (-3,1,4)
[+19:44:06.992] VoxelMesh: Chunk X=-3 Y=1 Z=4 FlatVerts=42 SlopeVerts=7578
[+19:44:06.999] VoxelMesh: Chunk X=-2 Y=5 Z=4 FlatVerts=0 SlopeVerts=0
[+19:44:07.000] VoxelChunk: GenerateAsync (-5,3,5)
[+19:44:07.001] VoxelMesh: Chunk X=6 Y=-1 Z=0 FlatVerts=0 SlopeVerts=0
[+19:44:07.002] VoxelChunk: GenerateAsync (5,-4,4)
[+19:44:07.002] VoxelMesh: Chunk X=-5 Y=3 Z=5 FlatVerts=0 SlopeVerts=0
[+19:44:07.003] VoxelMesh: Chunk X=-5 Y=-2 Z=4 FlatVerts=0 SlopeVerts=0
[+19:44:07.003] VoxelChunk: GenerateAsync (0,5,6)
[+19:44:07.005] VoxelMesh: Chunk X=5 Y=-4 Z=4 FlatVerts=0 SlopeVerts=0
[+19:44:07.005] VoxelMesh: Chunk X=1 Y=-6 Z=0 FlatVerts=1404 SlopeVerts=1716
[+19:44:07.006] VoxelChunk: GenerateAsync (-5,-5,1)
[+19:44:07.006] VoxelMesh: Chunk X=0 Y=5 Z=6 FlatVerts=0 SlopeVerts=0
[+19:44:07.007] VoxelMesh: Chunk X=-5 Y=-5 Z=1 FlatVerts=1404 SlopeVerts=1716
[+19:44:07.021] VoxelChunk: GenerateAsync (-6,-3,3)
[+19:44:07.021] VoxelChunk: GenerateAsync (-6,-2,4)
[+19:44:07.021] VoxelChunk: GenerateAsync (-6,-3,0)
[+19:44:07.021] VoxelChunk: GenerateAsync (-6,-3,2)
[+19:44:07.021] VoxelChunk: GenerateAsync (-6,-3,1)
[+19:44:07.021] VoxelChunk: GenerateAsync (-6,-2,3)
[+19:44:07.021] VoxelMesh: Chunk X=-6 Y=-3 Z=3 FlatVerts=24 SlopeVerts=108
[+19:44:07.021] VoxelMesh: Chunk X=-6 Y=-2 Z=4 FlatVerts=0 SlopeVerts=0
[+19:44:07.021] VoxelMesh: Chunk X=-6 Y=-3 Z=1 FlatVerts=0 SlopeVerts=0
[+19:44:07.022] VoxelMesh: Chunk X=-6 Y=-3 Z=2 FlatVerts=42 SlopeVerts=174
[+19:44:07.022] VoxelMesh: Chunk X=-6 Y=-3 Z=0 FlatVerts=0 SlopeVerts=0
[+19:44:07.022] VoxelMesh: Chunk X=-6 Y=-2 Z=3 FlatVerts=0 SlopeVerts=54
[+19:44:07.023] VoxelMesh: Chunk X=-3 Y=-3 Z=6 FlatVerts=0 SlopeVerts=0
[+19:44:07.023] VoxelChunk: GenerateAsync (5,3,5)
[+19:44:07.024] VoxelMesh: Chunk X=5 Y=-3 Z=4 FlatVerts=0 SlopeVerts=0
[+19:44:07.024] VoxelMesh: Chunk X=5 Y=3 Z=5 FlatVerts=0 SlopeVerts=0
[+19:44:07.024] VoxelChunk: GenerateAsync (-3,5,5)
[+19:44:07.025] VoxelMesh: Chunk X=-3 Y=5 Z=5 FlatVerts=0 SlopeVerts=0
[+19:44:07.025] VoxelMesh: Chunk X=3 Y=5 Z=4 FlatVerts=0 SlopeVerts=0
[+19:44:07.025] VoxelChunk: GenerateAsync (-3,-4,6)
[+19:44:07.028] VoxelMesh: Chunk X=3 Y=-5 Z=4 FlatVerts=0 SlopeVerts=0
[+19:44:07.028] VoxelMesh: Chunk X=-3 Y=-4 Z=6 FlatVerts=0 SlopeVerts=0
[+19:44:07.029] VoxelChunk: GenerateAsync (5,-3,5)
[+19:44:07.030] VoxelMesh: Chunk X=5 Y=-3 Z=5 FlatVerts=0 SlopeVerts=0
[+19:44:07.039] VoxelMesh: Chunk X=3 Y=3 Z=6 FlatVerts=0 SlopeVerts=0
[+19:44:07.039] VoxelChunk: GenerateAsync (-5,4,4)
[+19:44:07.041] VoxelMesh: Chunk X=-3 Y=5 Z=4 FlatVerts=0 SlopeVerts=0
[+19:44:07.041] VoxelChunk: GenerateAsync (5,0,6)
[+19:44:07.042] VoxelMesh: Chunk X=-5 Y=4 Z=4 FlatVerts=0 SlopeVerts=0
[+19:44:07.043] VoxelMesh: Chunk X=-5 Y=3 Z=4 FlatVerts=0 SlopeVerts=42
[+19:44:07.043] VoxelMesh: Chunk X=5 Y=0 Z=6 FlatVerts=0 SlopeVerts=0
[+19:44:07.043] VoxelChunk: GenerateAsync (3,-4,6)
[+19:44:07.045] VoxelMesh: Chunk X=-5 Y=-3 Z=4 FlatVerts=0 SlopeVerts=0
[+19:44:07.045] VoxelChunk: GenerateAsync (-3,4,6)
[+19:44:07.046] VoxelMesh: Chunk X=3 Y=-4 Z=6 FlatVerts=0 SlopeVerts=42
[+19:44:07.047] VoxelMesh: Chunk X=-3 Y=4 Z=6 FlatVerts=0 SlopeVerts=0
[+19:44:07.055] VoxelMesh: Chunk X=5 Y=3 Z=4 FlatVerts=0 SlopeVerts=0
[+19:44:07.055] VoxelChunk: GenerateAsync (-5,-3,5)
[+19:44:07.057] VoxelMesh: Chunk X=-3 Y=3 Z=6 FlatVerts=0 SlopeVerts=924
[+19:44:07.057] VoxelMesh: Chunk X=-5 Y=-3 Z=5 FlatVerts=0 SlopeVerts=0
[+19:44:07.057] VoxelChunk: GenerateAsync (4,-5,4)
[+19:44:07.059] VoxelMesh: Chunk X=4 Y=-5 Z=4 FlatVerts=0 SlopeVerts=924
[+19:44:07.060] VoxelMesh: Chunk X=-3 Y=-5 Z=4 FlatVerts=0 SlopeVerts=0
[+19:44:07.060] VoxelChunk: GenerateAsync (4,3,6)
[+19:44:07.061] VoxelMesh: Chunk X=-6 Y=2 Z=3 FlatVerts=0 SlopeVerts=0
[+19:44:07.061] VoxelChunk: GenerateAsync (-4,3,6)
[+19:44:07.061] VoxelMesh: Chunk X=4 Y=3 Z=6 FlatVerts=0 SlopeVerts=0
[+19:44:07.063] VoxelMesh: Chunk X=-4 Y=3 Z=6 FlatVerts=0 SlopeVerts=0
[+19:44:07.070] VoxelMesh: Chunk X=6 Y=-2 Z=3 FlatVerts=0 SlopeVerts=0
[+19:44:07.071] VoxelChunk: GenerateAsync (-5,-4,4)
[+19:44:07.072] VoxelMesh: Chunk X=-2 Y=6 Z=3 FlatVerts=0 SlopeVerts=0
[+19:44:07.072] VoxelChunk: GenerateAsync (-3,-5,5)
[+19:44:07.073] VoxelMesh: Chunk X=-5 Y=-4 Z=4 FlatVerts=0 SlopeVerts=0
[+19:44:07.073] VoxelMesh: Chunk X=6 Y=2 Z=3 FlatVerts=1800 SlopeVerts=0
[+19:44:07.073] VoxelChunk: GenerateAsync (-5,5,1)
[+19:44:07.075] VoxelMesh: Chunk X=-3 Y=-5 Z=5 FlatVerts=0 SlopeVerts=0
[+19:44:07.075] VoxelMesh: Chunk X=-2 Y=-6 Z=3 FlatVerts=0 SlopeVerts=0
[+19:44:07.075] VoxelChunk: GenerateAsync (5,-5,0)
[+19:44:07.075] VoxelMesh: Chunk X=-5 Y=5 Z=1 FlatVerts=1800 SlopeVerts=0
[+19:44:07.076] VoxelMesh: Chunk X=5 Y=-5 Z=0 FlatVerts=0 SlopeVerts=0
[+19:44:07.088] VoxelMesh: Chunk X=0 Y=0 Z=0 FlatVerts=0 SlopeVerts=0
[+19:44:07.088] VoxelChunk: GenerateAsync (-2,1,4)
[+19:44:07.090] VoxelMesh: Chunk X=-2 Y=1 Z=4 FlatVerts=0 SlopeVerts=2238
[+19:44:07.092] VoxelMesh: Chunk X=2 Y=6 Z=3 FlatVerts=0 SlopeVerts=294
[+19:44:07.093] VoxelChunk: GenerateAsync (-5,-5,2)
[+19:44:07.094] VoxelMesh: Chunk X=2 Y=-6 Z=3 FlatVerts=246 SlopeVerts=4218
[+19:44:07.094] VoxelMesh: Chunk X=-5 Y=-5 Z=2 FlatVerts=0 SlopeVerts=294
[+19:44:07.096] VoxelChunk: GenerateAsync (5,-5,2)
[+19:44:07.097] VoxelMesh: Chunk X=5 Y=-5 Z=2 FlatVerts=246 SlopeVerts=4218
[+19:44:07.097] VoxelMesh: Chunk X=0 Y=-6 Z=4 FlatVerts=0 SlopeVerts=336
[+19:44:07.098] VoxelChunk: GenerateAsync (1,-5,6)
[+19:44:07.098] VoxelMesh: Chunk X=2 Y=-4 Z=6 FlatVerts=0 SlopeVerts=0
[+19:44:07.099] VoxelChunk: GenerateAsync (5,5,0)
[+19:44:07.099] VoxelMesh: Chunk X=5 Y=5 Z=0 FlatVerts=0 SlopeVerts=0
[+19:44:07.100] VoxelMesh: Chunk X=1 Y=-5 Z=6 FlatVerts=0 SlopeVerts=336
[+19:44:07.110] VoxelMesh: Chunk X=-2 Y=5 Z=5 FlatVerts=0 SlopeVerts=0
[+19:44:07.110] VoxelChunk: GenerateAsync (-5,1,6)
[+19:44:07.112] VoxelMesh: Chunk X=-5 Y=2 Z=5 FlatVerts=0 SlopeVerts=0
[+19:44:07.112] VoxelMesh: Chunk X=-5 Y=1 Z=6 FlatVerts=0 SlopeVerts=0
[+19:44:07.112] VoxelChunk: GenerateAsync (1,5,6)
[+19:44:07.114] VoxelMesh: Chunk X=1 Y=5 Z=6 FlatVerts=0 SlopeVerts=0
[+19:44:07.115] VoxelMesh: Chunk X=5 Y=2 Z=5 FlatVerts=0 SlopeVerts=0
[+19:44:07.115] VoxelChunk: GenerateAsync (-1,-5,6)
[+19:44:07.115] VoxelMesh: Chunk X=-2 Y=-5 Z=5 FlatVerts=0 SlopeVerts=0
[+19:44:07.115] VoxelChunk: GenerateAsync (-5,-5,0)
[+19:44:07.116] VoxelMesh: Chunk X=-5 Y=-5 Z=0 FlatVerts=0 SlopeVerts=0
[+19:44:07.116] VoxelMesh: Chunk X=-1 Y=-5 Z=6 FlatVerts=0 SlopeVerts=0
[+19:44:07.132] VoxelMesh: Chunk X=-4 Y=-2 Z=6 FlatVerts=0 SlopeVerts=0
[+19:44:07.132] VoxelChunk: GenerateAsync (-5,-1,6)
[+19:44:07.134] VoxelMesh: Chunk X=2 Y=-5 Z=5 FlatVerts=0 SlopeVerts=0
[+19:44:07.134] VoxelMesh: Chunk X=-5 Y=-1 Z=6 FlatVerts=0 SlopeVerts=0
[+19:44:07.134] VoxelChunk: GenerateAsync (-1,5,6)
[+19:44:07.136] VoxelMesh: Chunk X=-1 Y=5 Z=6 FlatVerts=0 SlopeVerts=0
[+19:44:07.137] VoxelMesh: Chunk X=-4 Y=5 Z=3 FlatVerts=0 SlopeVerts=0
[+19:44:07.137] VoxelChunk: GenerateAsync (5,-1,6)
[+19:44:07.138] VoxelMesh: Chunk X=5 Y=-1 Z=6 FlatVerts=0 SlopeVerts=0
[+19:44:07.138] VoxelMesh: Chunk X=4 Y=-2 Z=6 FlatVerts=156 SlopeVerts=444
[+19:44:07.139] VoxelChunk: GenerateAsync (5,5,2)
[+19:44:07.140] VoxelMesh: Chunk X=5 Y=5 Z=2 FlatVerts=156 SlopeVerts=444
[+19:44:07.147] VoxelMesh: Chunk X=5 Y=4 Z=3 FlatVerts=0 SlopeVerts=0
[+19:44:07.147] VoxelChunk: GenerateAsync (-5,5,0)
[+19:44:07.148] VoxelMesh: Chunk X=-5 Y=5 Z=0 FlatVerts=0 SlopeVerts=0
[+19:44:07.148] VoxelMesh: Chunk X=-5 Y=-2 Z=5 FlatVerts=0 SlopeVerts=0
[+19:44:07.148] VoxelChunk: GenerateAsync (5,1,6)
[+19:44:07.150] VoxelMesh: Chunk X=2 Y=5 Z=5 FlatVerts=0 SlopeVerts=0
[+19:44:07.150] VoxelChunk: GenerateAsync (-5,5,2)
[+19:44:07.150] VoxelMesh: Chunk X=5 Y=1 Z=6 FlatVerts=0 SlopeVerts=0
[+19:44:07.150] VoxelMesh: Chunk X=5 Y=-2 Z=5 FlatVerts=36 SlopeVerts=966
[+19:44:07.151] VoxelChunk: GenerateAsync (-6,-4,1)
[+19:44:07.151] VoxelMesh: Chunk X=-5 Y=5 Z=2 FlatVerts=0 SlopeVerts=0
[+19:44:07.151] VoxelMesh: Chunk X=-6 Y=-4 Z=1 FlatVerts=36 SlopeVerts=966
[+19:44:07.160] VoxelMesh: Chunk X=-4 Y=-5 Z=3 FlatVerts=0 SlopeVerts=0
[+19:44:07.160] VoxelChunk: GenerateAsync (0,6,5)
[+19:44:07.162] VoxelMesh: Chunk X=4 Y=5 Z=3 FlatVerts=0 SlopeVerts=0
[+19:44:07.163] VoxelChunk: GenerateAsync (0,-6,5)
[+19:44:07.163] VoxelMesh: Chunk X=0 Y=6 Z=5 FlatVerts=0 SlopeVerts=0
[+19:44:07.164] VoxelMesh: Chunk X=-2 Y=4 Z=6 FlatVerts=0 SlopeVerts=0
[+19:44:07.164] VoxelChunk: GenerateAsync (4,-6,1)
[+19:44:07.165] VoxelMesh: Chunk X=0 Y=6 Z=4 FlatVerts=948 SlopeVerts=1482
[+19:44:07.165] VoxelMesh: Chunk X=0 Y=-6 Z=5 FlatVerts=0 SlopeVerts=0
[+19:44:07.166] VoxelMesh: Chunk X=4 Y=-6 Z=1 FlatVerts=0 SlopeVerts=0
[+19:44:07.166] VoxelChunk: GenerateAsync (6,-4,1)
[+19:44:07.166] VoxelMesh: Chunk X=6 Y=-4 Z=1 FlatVerts=948 SlopeVerts=1482
[+19:44:07.175] VoxelMesh: Chunk X=-5 Y=4 Z=3 FlatVerts=84 SlopeVerts=30
[+19:44:07.175] VoxelChunk: GenerateAsync (6,4,1)
[+19:44:07.177] VoxelMesh: Chunk X=6 Y=4 Z=1 FlatVerts=84 SlopeVerts=30
[+19:44:07.177] VoxelMesh: Chunk X=4 Y=-5 Z=3 FlatVerts=0 SlopeVerts=0
[+19:44:07.177] VoxelChunk: GenerateAsync (-6,0,5)
[+19:44:07.178] VoxelMesh: Chunk X=2 Y=4 Z=6 FlatVerts=0 SlopeVerts=0
[+19:44:07.179] VoxelChunk: GenerateAsync (6,0,5)
[+19:44:07.179] VoxelMesh: Chunk X=-6 Y=0 Z=5 FlatVerts=0 SlopeVerts=0
[+19:44:07.181] VoxelMesh: Chunk X=6 Y=0 Z=5 FlatVerts=0 SlopeVerts=0
[+19:44:07.181] VoxelMesh: Chunk X=5 Y=-4 Z=3 FlatVerts=1842 SlopeVerts=0
[+19:44:07.181] VoxelChunk: GenerateAsync (-6,4,1)
[+19:44:07.182] VoxelMesh: Chunk X=-6 Y=4 Z=1 FlatVerts=1842 SlopeVerts=0
[+19:44:07.193] VoxelMesh: Chunk X=0 Y=0 Z=0 FlatVerts=0 SlopeVerts=0
[+19:44:07.193] VoxelChunk: GenerateAsync (-1,1,4)
[+19:44:07.195] VoxelMesh: Chunk X=-1 Y=1 Z=4 FlatVerts=0 SlopeVerts=0
[+19:44:07.196] VoxelMesh: Chunk X=-2 Y=-4 Z=6 FlatVerts=888 SlopeVerts=0
[+19:44:07.197] VoxelChunk: GenerateAsync (4,6,1)
[+19:44:07.198] VoxelMesh: Chunk X=4 Y=6 Z=1 FlatVerts=888 SlopeVerts=0
[+19:44:07.198] VoxelMesh: Chunk X=-5 Y=-4 Z=3 FlatVerts=1692 SlopeVerts=0
[+19:44:07.198] VoxelChunk: GenerateAsync (-4,-6,1)
[+19:44:07.199] VoxelMesh: Chunk X=6 Y=0 Z=4 FlatVerts=1758 SlopeVerts=0
[+19:44:07.199] VoxelMesh: Chunk X=-4 Y=-6 Z=1 FlatVerts=1692 SlopeVerts=0
[+19:44:07.199] VoxelChunk: GenerateAsync (-4,6,1)
[+19:44:07.200] VoxelMesh: Chunk X=-4 Y=6 Z=1 FlatVerts=1758 SlopeVerts=0
[+19:44:07.201] VoxelMesh: Chunk X=6 Y=3 Z=1 FlatVerts=0 SlopeVerts=78
[+19:44:07.201] VoxelChunk: GenerateAsync (1,-6,5)
[+19:44:07.202] VoxelMesh: Chunk X=1 Y=-6 Z=5 FlatVerts=0 SlopeVerts=78
[+19:44:07.210] VoxelMesh: Chunk X=-3 Y=6 Z=1 FlatVerts=0 SlopeVerts=0
[+19:44:07.210] VoxelChunk: GenerateAsync (6,-4,0)
[+19:44:07.211] VoxelMesh: Chunk X=6 Y=-4 Z=0 FlatVerts=0 SlopeVerts=0
[+19:44:07.212] VoxelMesh: Chunk X=-6 Y=0 Z=4 FlatVerts=1110 SlopeVerts=960
[+19:44:07.212] VoxelChunk: GenerateAsync (4,6,2)
[+19:44:07.213] VoxelMesh: Chunk X=-6 Y=3 Z=1 FlatVerts=0 SlopeVerts=0
[+19:44:07.214] VoxelChunk: GenerateAsync (-6,-4,0)
[+19:44:07.214] VoxelMesh: Chunk X=4 Y=6 Z=2 FlatVerts=1110 SlopeVerts=960
[+19:44:07.215] VoxelMesh: Chunk X=-6 Y=-4 Z=0 FlatVerts=0 SlopeVerts=0
[+19:44:07.215] VoxelMesh: Chunk X=6 Y=-3 Z=1 FlatVerts=0 SlopeVerts=0
[+19:44:07.215] VoxelChunk: GenerateAsync (-6,4,2)
[+19:44:07.217] VoxelMesh: Chunk X=-6 Y=4 Z=2 FlatVerts=0 SlopeVerts=0
[+19:44:07.224] VoxelMesh: Chunk X=4 Y=2 Z=6 FlatVerts=132 SlopeVerts=2508
[+19:44:07.224] VoxelChunk: GenerateAsync (4,-6,2)
[+19:44:07.225] VoxelMesh: Chunk X=-4 Y=2 Z=6 FlatVerts=1014 SlopeVerts=3840
[+19:44:07.225] VoxelMesh: Chunk X=4 Y=-6 Z=2 FlatVerts=132 SlopeVerts=2508
[+19:44:07.225] VoxelChunk: GenerateAsync (6,4,2)
[+19:44:07.227] VoxelMesh: Chunk X=-3 Y=-6 Z=1 FlatVerts=0 SlopeVerts=1512
[+19:44:07.227] VoxelChunk: GenerateAsync (6,-4,2)
[+19:44:07.227] VoxelMesh: Chunk X=6 Y=4 Z=2 FlatVerts=1014 SlopeVerts=3840
[+19:44:07.228] VoxelMesh: Chunk X=3 Y=-6 Z=1 FlatVerts=0 SlopeVerts=0
[+19:44:07.228] VoxelChunk: GenerateAsync (6,4,0)
[+19:44:07.230] VoxelMesh: Chunk X=6 Y=-4 Z=2 FlatVerts=0 SlopeVerts=1512
[+19:44:07.231] VoxelMesh: Chunk X=6 Y=4 Z=0 FlatVerts=0 SlopeVerts=0
[+19:44:07.239] VoxelMesh: Chunk X=3 Y=6 Z=1 FlatVerts=0 SlopeVerts=0
[+19:44:07.239] VoxelChunk: GenerateAsync (4,6,0)
[+19:44:07.240] VoxelMesh: Chunk X=4 Y=6 Z=0 FlatVerts=0 SlopeVerts=0
[+19:44:07.241] VoxelMesh: Chunk X=6 Y=-1 Z=4 FlatVerts=0 SlopeVerts=0
[+19:44:07.241] VoxelChunk: GenerateAsync (6,-1,5)
[+19:44:07.242] VoxelMesh: Chunk X=6 Y=-1 Z=5 FlatVerts=0 SlopeVerts=0
[+19:44:07.242] VoxelMesh: Chunk X=6 Y=-3 Z=2 FlatVerts=0 SlopeVerts=0
[+19:44:07.242] VoxelChunk: GenerateAsync (4,-6,0)
[+19:44:07.243] VoxelMesh: Chunk X=-6 Y=3 Z=2 FlatVerts=0 SlopeVerts=0
[+19:44:07.243] VoxelChunk: GenerateAsync (-6,4,0)
[+19:44:07.243] VoxelMesh: Chunk X=-6 Y=4 Z=0 FlatVerts=0 SlopeVerts=0
[+19:44:07.244] VoxelMesh: Chunk X=4 Y=-6 Z=0 FlatVerts=0 SlopeVerts=0
[+19:44:07.254] VoxelMesh: Chunk X=6 Y=3 Z=2 FlatVerts=0 SlopeVerts=0
[+19:44:07.254] VoxelChunk: GenerateAsync (-4,-6,2)
[+19:44:07.255] VoxelMesh: Chunk X=-1 Y=-6 Z=4 FlatVerts=0 SlopeVerts=0
[+19:44:07.256] VoxelMesh: Chunk X=-4 Y=-6 Z=2 FlatVerts=0 SlopeVerts=0
[+19:44:07.256] VoxelChunk: GenerateAsync (-1,-6,5)
[+19:44:07.258] VoxelMesh: Chunk X=-1 Y=-6 Z=5 FlatVerts=0 SlopeVerts=0
[+19:44:07.258] VoxelMesh: Chunk X=3 Y=6 Z=2 FlatVerts=132 SlopeVerts=6174
[+19:44:07.258] VoxelChunk: GenerateAsync (-6,-4,2)
[+19:44:07.259] VoxelMesh: Chunk X=3 Y=-6 Z=2 FlatVerts=0 SlopeVerts=0
[+19:44:07.259] VoxelMesh: Chunk X=-6 Y=-4 Z=2 FlatVerts=132 SlopeVerts=6174
[+19:44:07.259] VoxelChunk: GenerateAsync (-4,6,2)
[+19:44:07.261] VoxelMesh: Chunk X=-4 Y=6 Z=2 FlatVerts=0 SlopeVerts=0
[+19:44:07.268] VoxelMesh: Chunk X=3 Y=-6 Z=0 FlatVerts=0 SlopeVerts=0
[+19:44:07.270] VoxelChunk: GenerateAsync (-6,-1,5)
[+19:44:07.271] VoxelMesh: Chunk X=-3 Y=-6 Z=0 FlatVerts=0 SlopeVerts=0
[+19:44:07.271] VoxelChunk: GenerateAsync (-6,1,5)
[+19:44:07.272] VoxelMesh: Chunk X=-6 Y=1 Z=4 FlatVerts=0 SlopeVerts=0
[+19:44:07.272] VoxelMesh: Chunk X=-6 Y=-1 Z=5 FlatVerts=0 SlopeVerts=0
[+19:44:07.272] VoxelChunk: GenerateAsync (-4,6,0)
[+19:44:07.272] VoxelMesh: Chunk X=-6 Y=-1 Z=4 FlatVerts=0 SlopeVerts=0
[+19:44:07.272] VoxelMesh: Chunk X=-6 Y=1 Z=5 FlatVerts=0 SlopeVerts=0
[+19:44:07.272] VoxelMesh: Chunk X=-4 Y=6 Z=0 FlatVerts=0 SlopeVerts=0
[+19:44:07.272] VoxelChunk: GenerateAsync (-4,-6,0)
[+19:44:07.273] VoxelMesh: Chunk X=-4 Y=-6 Z=0 FlatVerts=0 SlopeVerts=0
[+19:44:07.280] VoxelMesh: Chunk X=1 Y=-6 Z=4 FlatVerts=12 SlopeVerts=3390
[+19:44:07.281] VoxelChunk: GenerateAsync (1,6,5)
[+19:44:07.282] VoxelMesh: Chunk X=-3 Y=-6 Z=2 FlatVerts=0 SlopeVerts=0
[+19:44:07.282] VoxelChunk: GenerateAsync (6,1,5)
[+19:44:07.282] VoxelMesh: Chunk X=1 Y=6 Z=5 FlatVerts=12 SlopeVerts=3390
[+19:44:07.284] VoxelMesh: Chunk X=-3 Y=6 Z=2 FlatVerts=0 SlopeVerts=0
[+19:44:07.284] VoxelMesh: Chunk X=6 Y=1 Z=5 FlatVerts=0 SlopeVerts=0
[+19:44:07.284] VoxelChunk: GenerateAsync (-1,6,5)
[+19:44:07.285] VoxelMesh: Chunk X=-1 Y=6 Z=5 FlatVerts=0 SlopeVerts=0
[+19:44:07.285] VoxelMesh: Chunk X=6 Y=1 Z=4 FlatVerts=0 SlopeVerts=0
[+19:44:07.285] VoxelChunk: GenerateAsync (-2,-5,6)
[+19:44:07.287] VoxelMesh: Chunk X=-2 Y=-5 Z=6 FlatVerts=0 SlopeVerts=0
[+19:44:07.298] VoxelMesh: Chunk X=0 Y=0 Z=0 FlatVerts=0 SlopeVerts=0
[+19:44:07.298] VoxelChunk: GenerateAsync (0,1,4)
[+19:44:07.300] VoxelMesh: Chunk X=0 Y=1 Z=4 FlatVerts=0 SlopeVerts=0
[+19:44:07.302] VoxelMesh: Chunk X=-3 Y=6 Z=0 FlatVerts=0 SlopeVerts=0
[+19:44:07.302] VoxelChunk: GenerateAsync (-5,2,6)
[+19:44:07.304] VoxelMesh: Chunk X=-1 Y=6 Z=4 FlatVerts=0 SlopeVerts=0
[+19:44:07.304] VoxelChunk: GenerateAsync (5,2,6)
[+19:44:07.304] VoxelMesh: Chunk X=-5 Y=2 Z=6 FlatVerts=0 SlopeVerts=0
[+19:44:07.305] VoxelMesh: Chunk X=6 Y=-3 Z=0 FlatVerts=0 SlopeVerts=0
[+19:44:07.306] VoxelChunk: GenerateAsync (-5,5,3)
[+19:44:07.306] VoxelMesh: Chunk X=5 Y=2 Z=6 FlatVerts=0 SlopeVerts=0
[+19:44:07.307] VoxelMesh: Chunk X=-5 Y=5 Z=3 FlatVerts=0 SlopeVerts=0
[+19:44:07.307] VoxelMesh: Chunk X=-6 Y=3 Z=0 FlatVerts=0 SlopeVerts=0
[+19:44:07.308] VoxelChunk: GenerateAsync (5,-2,6)
[+19:44:07.309] VoxelMesh: Chunk X=5 Y=-2 Z=6 FlatVerts=0 SlopeVerts=0
[+19:44:07.317] VoxelMesh: Chunk X=6 Y=3 Z=0 FlatVerts=0 SlopeVerts=0
[+19:44:07.317] VoxelChunk: GenerateAsync (6,-3,4)
[+19:44:07.320] VoxelMesh: Chunk X=6 Y=-3 Z=4 FlatVerts=0 SlopeVerts=0
[+19:44:07.320] VoxelMesh: Chunk X=1 Y=6 Z=4 FlatVerts=0 SlopeVerts=480
[+19:44:07.320] VoxelChunk: GenerateAsync (5,-5,3)
[+19:44:07.321] VoxelMesh: Chunk X=3 Y=6 Z=0 FlatVerts=0 SlopeVerts=0
[+19:44:07.321] VoxelChunk: GenerateAsync (-3,-6,4)
[+19:44:07.322] VoxelMesh: Chunk X=5 Y=-5 Z=3 FlatVerts=0 SlopeVerts=480
[+19:44:07.323] VoxelMesh: Chunk X=-4 Y=4 Z=5 FlatVerts=0 SlopeVerts=0
[+19:44:07.323] VoxelChunk: GenerateAsync (-3,6,4)
[+19:44:07.323] VoxelMesh: Chunk X=-3 Y=-6 Z=4 FlatVerts=0 SlopeVerts=0
[+19:44:07.324] VoxelMesh: Chunk X=-3 Y=6 Z=4 FlatVerts=0 SlopeVerts=0
[+19:44:07.333] VoxelMesh: Chunk X=4 Y=4 Z=5 FlatVerts=0 SlopeVerts=0
[+19:44:07.333] VoxelChunk: GenerateAsync (-5,-2,6)
[+19:44:07.335] VoxelMesh: Chunk X=-4 Y=-4 Z=5 FlatVerts=0 SlopeVerts=0
[+19:44:07.335] VoxelChunk: GenerateAsync (6,3,4)
[+19:44:07.335] VoxelMesh: Chunk X=-5 Y=-2 Z=6 FlatVerts=0 SlopeVerts=0
[+19:44:07.336] VoxelMesh: Chunk X=6 Y=3 Z=4 FlatVerts=0 SlopeVerts=0
[+19:44:07.336] VoxelMesh: Chunk X=4 Y=-4 Z=5 FlatVerts=0 SlopeVerts=0
[+19:44:07.337] VoxelChunk: GenerateAsync (-6,-3,4)
[+19:44:07.339] VoxelMesh: Chunk X=-6 Y=2 Z=4 FlatVerts=0 SlopeVerts=1878
[+19:44:07.339] VoxelMesh: Chunk X=-6 Y=-3 Z=4 FlatVerts=0 SlopeVerts=0
[+19:44:07.339] VoxelChunk: GenerateAsync (2,-5,6)
[+19:44:07.340] VoxelMesh: Chunk X=2 Y=-5 Z=6 FlatVerts=0 SlopeVerts=1878
[+19:44:07.348] VoxelMesh: Chunk X=6 Y=2 Z=4 FlatVerts=0 SlopeVerts=1866
[+19:44:07.348] VoxelChunk: GenerateAsync (3,6,4)
[+19:44:07.350] VoxelMesh: Chunk X=-3 Y=-6 Z=3 FlatVerts=0 SlopeVerts=0
[+19:44:07.351] VoxelChunk: GenerateAsync (-6,3,4)
[+19:44:07.351] VoxelMesh: Chunk X=3 Y=6 Z=4 FlatVerts=0 SlopeVerts=1866
[+19:44:07.352] VoxelMesh: Chunk X=-2 Y=6 Z=4 FlatVerts=0 SlopeVerts=0
[+19:44:07.352] VoxelMesh: Chunk X=-6 Y=3 Z=4 FlatVerts=0 SlopeVerts=0
[+19:44:07.352] VoxelChunk: GenerateAsync (2,5,6)
[+19:44:07.354] VoxelMesh: Chunk X=-3 Y=6 Z=3 FlatVerts=0 SlopeVerts=0
[+19:44:07.354] VoxelChunk: GenerateAsync (-2,5,6)
[+19:44:07.355] VoxelMesh: Chunk X=2 Y=5 Z=6 FlatVerts=0 SlopeVerts=0
[+19:44:07.355] VoxelMesh: Chunk X=-2 Y=5 Z=6 FlatVerts=0 SlopeVerts=0
[+19:44:07.363] VoxelMesh: Chunk X=6 Y=-3 Z=3 FlatVerts=0 SlopeVerts=3276
[+19:44:07.363] VoxelChunk: GenerateAsync (3,-6,4)
[+19:44:07.365] VoxelMesh: Chunk X=2 Y=-6 Z=4 FlatVerts=0 SlopeVerts=0
[+19:44:07.365] VoxelMesh: Chunk X=3 Y=-6 Z=4 FlatVerts=0 SlopeVerts=3276
[+19:44:07.365] VoxelChunk: GenerateAsync (5,5,3)
[+19:44:07.367] VoxelMesh: Chunk X=5 Y=5 Z=3 FlatVerts=0 SlopeVerts=0
[+19:44:07.367] VoxelMesh: Chunk X=-6 Y=3 Z=3 FlatVerts=0 SlopeVerts=0
[+19:44:07.367] VoxelChunk: GenerateAsync (-5,-5,3)
[+19:44:07.369] VoxelMesh: Chunk X=-5 Y=-5 Z=3 FlatVerts=0 SlopeVerts=0
[+19:44:07.370] VoxelMesh: Chunk X=3 Y=-6 Z=3 FlatVerts=0 SlopeVerts=0
[+19:44:07.370] VoxelChunk: GenerateAsync (4,6,3)
[+19:44:07.371] VoxelMesh: Chunk X=4 Y=6 Z=3 FlatVerts=0 SlopeVerts=0
[+19:44:07.379] VoxelMesh: Chunk X=2 Y=6 Z=4 FlatVerts=0 SlopeVerts=5694
[+19:44:07.379] VoxelChunk: GenerateAsync (2,-6,5)
[+19:44:07.382] VoxelMesh: Chunk X=6 Y=3 Z=3 FlatVerts=0 SlopeVerts=0
[+19:44:07.382] VoxelChunk: GenerateAsync (-2,-6,5)
[+19:44:07.382] VoxelMesh: Chunk X=2 Y=-6 Z=5 FlatVerts=0 SlopeVerts=5694
[+19:44:07.383] VoxelMesh: Chunk X=-2 Y=-6 Z=5 FlatVerts=0 SlopeVerts=0
[+19:44:07.383] VoxelMesh: Chunk X=3 Y=6 Z=3 FlatVerts=12 SlopeVerts=144
[+19:44:07.383] VoxelChunk: GenerateAsync (6,4,3)
[+19:44:07.385] VoxelMesh: Chunk X=6 Y=-2 Z=4 FlatVerts=6 SlopeVerts=228
[+19:44:07.385] VoxelChunk: GenerateAsync (-6,-4,3)
[+19:44:07.385] VoxelMesh: Chunk X=6 Y=4 Z=3 FlatVerts=12 SlopeVerts=144
[+19:44:07.387] VoxelMesh: Chunk X=-6 Y=-4 Z=3 FlatVerts=6 SlopeVerts=228
[+19:44:07.395] VoxelMesh: Chunk X=-2 Y=-6 Z=4 FlatVerts=0 SlopeVerts=0
[+19:44:07.395] VoxelChunk: GenerateAsync (6,-2,5)
[+19:44:07.397] VoxelMesh: Chunk X=5 Y=5 Z=1 FlatVerts=0 SlopeVerts=0
[+19:44:07.397] VoxelMesh: Chunk X=6 Y=-2 Z=5 FlatVerts=0 SlopeVerts=0
[+19:44:07.398] VoxelChunk: GenerateAsync (6,2,5)
[+19:44:07.399] VoxelMesh: Chunk X=4 Y=5 Z=4 FlatVerts=0 SlopeVerts=12
[+19:44:07.399] VoxelMesh: Chunk X=6 Y=2 Z=5 FlatVerts=0 SlopeVerts=0
[+19:44:07.400] VoxelChunk: GenerateAsync (6,-4,3)
[+19:44:07.400] VoxelMesh: Chunk X=6 Y=-4 Z=3 FlatVerts=0 SlopeVerts=12
[+19:44:07.402] VoxelMesh: Chunk X=-4 Y=5 Z=4 FlatVerts=0 SlopeVerts=0
[+19:44:07.402] VoxelChunk: GenerateAsync (-6,-2,5)
[+19:44:07.403] VoxelMesh: Chunk X=-6 Y=-2 Z=5 FlatVerts=0 SlopeVerts=0
[+19:44:07.414] VoxelMesh: Chunk X=0 Y=0 Z=0 FlatVerts=0 SlopeVerts=0
[+19:44:07.415] VoxelChunk: GenerateAsync (1,1,4)
[+19:44:07.416] VoxelMesh: Chunk X=1 Y=1 Z=4 FlatVerts=0 SlopeVerts=0
[+19:44:07.417] VoxelMesh: Chunk X=3 Y=4 Z=6 FlatVerts=0 SlopeVerts=0
[+19:44:07.417] VoxelChunk: GenerateAsync (-6,4,3)
[+19:44:07.419] VoxelMesh: Chunk X=5 Y=4 Z=4 FlatVerts=0 SlopeVerts=2370
[+19:44:07.419] VoxelChunk: GenerateAsync (4,-6,3)
[+19:44:07.419] VoxelMesh: Chunk X=-6 Y=4 Z=3 FlatVerts=0 SlopeVerts=0
[+19:44:07.420] VoxelMesh: Chunk X=0 Y=-5 Z=6 FlatVerts=0 SlopeVerts=0
[+19:44:07.420] VoxelMesh: Chunk X=4 Y=-6 Z=3 FlatVerts=0 SlopeVerts=2370
[+19:44:07.420] VoxelChunk: GenerateAsync (-6,2,5)
[+19:44:07.421] VoxelMesh: Chunk X=-4 Y=-5 Z=4 FlatVerts=0 SlopeVerts=0
[+19:44:07.422] VoxelChunk: GenerateAsync (-4,-6,3)
[+19:44:07.422] VoxelMesh: Chunk X=-6 Y=2 Z=5 FlatVerts=0 SlopeVerts=0
[+19:44:07.423] VoxelMesh: Chunk X=-4 Y=-6 Z=3 FlatVerts=0 SlopeVerts=0
[+19:44:07.432] VoxelMesh: Chunk X=5 Y=-5 Z=1 FlatVerts=0 SlopeVerts=0
[+19:44:07.432] VoxelChunk: GenerateAsync (-4,6,3)
[+19:44:07.434] VoxelMesh: Chunk X=-4 Y=-3 Z=6 FlatVerts=6 SlopeVerts=2964
[+19:44:07.434] VoxelMesh: Chunk X=-4 Y=6 Z=3 FlatVerts=0 SlopeVerts=0
[+19:44:07.434] VoxelChunk: GenerateAsync (2,6,5)
[+19:44:07.436] VoxelMesh: Chunk X=2 Y=6 Z=5 FlatVerts=6 SlopeVerts=2964
[+19:44:07.436] VoxelMesh: Chunk X=4 Y=-3 Z=6 FlatVerts=0 SlopeVerts=0
[+19:44:07.436] VoxelChunk: GenerateAsync (-2,6,5)
[+19:44:07.438] VoxelMesh: Chunk X=-5 Y=0 Z=6 FlatVerts=0 SlopeVerts=0
[+19:44:07.438] VoxelMesh: Chunk X=-2 Y=6 Z=5 FlatVerts=0 SlopeVerts=0
[+19:44:07.438] VoxelChunk: GenerateAsync (-4,-5,5)
[+19:44:07.438] VoxelMesh: Chunk X=-4 Y=-5 Z=5 FlatVerts=0 SlopeVerts=0
[+19:44:07.447] VoxelMesh: Chunk X=3 Y=-5 Z=5 FlatVerts=0 SlopeVerts=0
[+19:44:07.447] VoxelChunk: GenerateAsync (4,-5,5)
[+19:44:07.449] VoxelMesh: Chunk X=3 Y=5 Z=5 FlatVerts=0 SlopeVerts=0
[+19:44:07.449] VoxelChunk: GenerateAsync (-4,5,5)
[+19:44:07.450] VoxelMesh: Chunk X=4 Y=-5 Z=5 FlatVerts=0 SlopeVerts=0
[+19:44:07.451] VoxelMesh: Chunk X=-5 Y=3 Z=5 FlatVerts=0 SlopeVerts=0
[+19:44:07.451] VoxelChunk: GenerateAsync (-5,-4,5)
[+19:44:07.452] VoxelMesh: Chunk X=-4 Y=5 Z=5 FlatVerts=0 SlopeVerts=0
[+19:44:07.452] VoxelMesh: Chunk X=5 Y=-4 Z=4 FlatVerts=0 SlopeVerts=0
[+19:44:07.452] VoxelMesh: Chunk X=-5 Y=-4 Z=5 FlatVerts=0 SlopeVerts=0
[+19:44:07.453] VoxelChunk: GenerateAsync (5,4,5)
[+19:44:07.454] VoxelMesh: Chunk X=5 Y=4 Z=5 FlatVerts=0 SlopeVerts=0
[+19:44:07.460] VoxelMesh: Chunk X=0 Y=5 Z=6 FlatVerts=0 SlopeVerts=0
[+19:44:07.460] VoxelChunk: GenerateAsync (4,5,5)
[+19:44:07.462] VoxelMesh: Chunk X=-5 Y=-5 Z=1 FlatVerts=0 SlopeVerts=0
[+19:44:07.463] VoxelChunk: GenerateAsync (-5,4,5)
[+19:44:07.463] VoxelMesh: Chunk X=4 Y=5 Z=5 FlatVerts=0 SlopeVerts=0
[+19:44:07.465] VoxelMesh: Chunk X=-5 Y=4 Z=5 FlatVerts=0 SlopeVerts=0
[+19:44:07.465] VoxelMesh: Chunk X=-5 Y=-3 Z=3 FlatVerts=0 SlopeVerts=0
[+19:44:07.465] VoxelChunk: GenerateAsync (5,-4,5)
[+19:44:07.466] VoxelMesh: Chunk X=5 Y=-4 Z=5 FlatVerts=0 SlopeVerts=0
[+19:44:07.470] VoxelMesh: Chunk X=0 Y=0 Z=0 FlatVerts=0 SlopeVerts=0
[+19:44:07.472] VoxelChunk: GenerateAsync (-4,-4,6)
[+19:44:07.473] VoxelMesh: Chunk X=-4 Y=-4 Z=6 FlatVerts=0 SlopeVerts=0
[+19:44:07.485] VoxelMesh: Chunk X=0 Y=0 Z=0 FlatVerts=0 SlopeVerts=0
[+19:44:07.485] VoxelChunk: GenerateAsync (4,-4,6)
[+19:44:07.487] VoxelMesh: Chunk X=4 Y=-4 Z=6 FlatVerts=0 SlopeVerts=0
[+19:44:07.491] VoxelMesh: Chunk X=0 Y=0 Z=0 FlatVerts=0 SlopeVerts=0
[+19:44:07.491] VoxelChunk: GenerateAsync (4,4,6)
[+19:44:07.493] VoxelMesh: Chunk X=4 Y=4 Z=6 FlatVerts=0 SlopeVerts=0
[+19:44:07.498] VoxelMesh: Chunk X=0 Y=0 Z=0 FlatVerts=0 SlopeVerts=0
[+19:44:07.498] VoxelChunk: GenerateAsync (-4,4,6)
[+19:44:07.501] VoxelMesh: Chunk X=-4 Y=4 Z=6 FlatVerts=0 SlopeVerts=0
[+19:44:07.504] VoxelMesh: Chunk X=0 Y=0 Z=0 FlatVerts=0 SlopeVerts=0
[+19:44:07.504] VoxelChunk: GenerateAsync (-5,5,4)
[+19:44:07.505] VoxelMesh: Chunk X=-5 Y=5 Z=4 FlatVerts=0 SlopeVerts=0
[+19:44:07.520] VoxelMesh: Chunk X=0 Y=0 Z=0 FlatVerts=0 SlopeVerts=0
[+19:44:07.520] VoxelChunk: GenerateAsync (5,-3,6)
[+19:44:07.522] VoxelMesh: Chunk X=5 Y=-3 Z=6 FlatVerts=0 SlopeVerts=0
[+19:44:07.526] VoxelMesh: Chunk X=0 Y=0 Z=0 FlatVerts=0 SlopeVerts=0
[+19:44:07.526] VoxelChunk: GenerateAsync (-3,5,6)
[+19:44:07.527] VoxelMesh: Chunk X=-3 Y=5 Z=6 FlatVerts=0 SlopeVerts=0
[+19:44:07.532] VoxelMesh: Chunk X=0 Y=0 Z=0 FlatVerts=0 SlopeVerts=0
[+19:44:07.533] VoxelChunk: GenerateAsync (5,-5,4)
[+19:44:07.536] VoxelMesh: Chunk X=5 Y=-5 Z=4 FlatVerts=0 SlopeVerts=0
[+19:44:07.539] VoxelMesh: Chunk X=0 Y=0 Z=0 FlatVerts=0 SlopeVerts=0
[+19:44:07.540] VoxelChunk: GenerateAsync (-5,3,6)
[+19:44:07.541] VoxelMesh: Chunk X=-5 Y=3 Z=6 FlatVerts=0 SlopeVerts=0
[+19:44:07.555] VoxelMesh: Chunk X=0 Y=0 Z=0 FlatVerts=0 SlopeVerts=0
[+19:44:07.556] VoxelChunk: GenerateAsync (2,1,4)
[+19:44:07.557] VoxelMesh: Chunk X=2 Y=1 Z=4 FlatVerts=0 SlopeVerts=300
[+19:44:07.562] VoxelChunk: GenerateAsync (-6,-2,5)
[+19:44:07.562] VoxelChunk: GenerateAsync (-6,-4,3)
[+19:44:07.562] VoxelChunk: GenerateAsync (-6,-3,4)
[+19:44:07.562] VoxelChunk: GenerateAsync (-6,-4,2)
[+19:44:07.562] VoxelChunk: GenerateAsync (-6,-4,0)
[+19:44:07.562] VoxelChunk: GenerateAsync (-6,-4,1)
[+19:44:07.562] VoxelMesh: Chunk X=-6 Y=-2 Z=5 FlatVerts=0 SlopeVerts=0
[+19:44:07.562] VoxelMesh: Chunk X=-6 Y=-4 Z=2 FlatVerts=66 SlopeVerts=204
[+19:44:07.562] VoxelMesh: Chunk X=-6 Y=-4 Z=1 FlatVerts=6 SlopeVerts=36
[+19:44:07.563] VoxelMesh: Chunk X=-6 Y=-4 Z=0 FlatVerts=0 SlopeVerts=0
[+19:44:07.563] VoxelMesh: Chunk X=-6 Y=-4 Z=3 FlatVerts=0 SlopeVerts=24
[+19:44:07.563] VoxelMesh: Chunk X=-6 Y=-3 Z=4 FlatVerts=0 SlopeVerts=0
[+19:44:07.564] VoxelMesh: Chunk X=-5 Y=3 Z=6 FlatVerts=0 SlopeVerts=0
[+19:44:07.564] VoxelChunk: GenerateAsync (-5,-5,4)
[+19:44:07.567] VoxelMesh: Chunk X=-5 Y=-5 Z=4 FlatVerts=0 SlopeVerts=0
[+19:44:07.567] VoxelMesh: Chunk X=5 Y=-5 Z=4 FlatVerts=0 SlopeVerts=0
[+19:44:07.567] VoxelChunk: GenerateAsync (3,-5,6)
[+19:44:07.568] VoxelMesh: Chunk X=-3 Y=5 Z=6 FlatVerts=0 SlopeVerts=0
[+19:44:07.569] VoxelChunk: GenerateAsync (5,3,6)
[+19:44:07.569] VoxelMesh: Chunk X=3 Y=-5 Z=6 FlatVerts=0 SlopeVerts=0
[+19:44:07.570] VoxelMesh: Chunk X=5 Y=-3 Z=6 FlatVerts=0 SlopeVerts=0
[+19:44:07.570] VoxelMesh: Chunk X=5 Y=3 Z=6 FlatVerts=0 SlopeVerts=0
[+19:44:07.571] VoxelChunk: GenerateAsync (-5,-3,6)
[+19:44:07.572] VoxelMesh: Chunk X=-5 Y=-3 Z=6 FlatVerts=0 SlopeVerts=0
[+19:44:07.582] VoxelMesh: Chunk X=-5 Y=5 Z=4 FlatVerts=0 SlopeVerts=0
[+19:44:07.583] VoxelChunk: GenerateAsync (-3,-5,6)
[+19:44:07.584] VoxelMesh: Chunk X=-4 Y=4 Z=6 FlatVerts=0 SlopeVerts=0
[+19:44:07.585] VoxelMesh: Chunk X=-3 Y=-5 Z=6 FlatVerts=0 SlopeVerts=0
[+19:44:07.585] VoxelChunk: GenerateAsync (3,5,6)
[+19:44:07.586] VoxelMesh: Chunk X=4 Y=4 Z=6 FlatVerts=0 SlopeVerts=0
[+19:44:07.587] VoxelChunk: GenerateAsync (5,5,4)
[+19:44:07.587] VoxelMesh: Chunk X=3 Y=5 Z=6 FlatVerts=0 SlopeVerts=0
[+19:44:07.588] VoxelMesh: Chunk X=4 Y=-4 Z=6 FlatVerts=1800 SlopeVerts=0
[+19:44:07.588] VoxelMesh: Chunk X=5 Y=5 Z=4 FlatVerts=0 SlopeVerts=0
[+19:44:07.588] VoxelChunk: GenerateAsync (-5,6,1)
[+19:44:07.589] VoxelMesh: Chunk X=-5 Y=6 Z=1 FlatVerts=1800 SlopeVerts=0
[+19:44:07.597] VoxelMesh: Chunk X=-4 Y=-4 Z=6 FlatVerts=90 SlopeVerts=210
[+19:44:07.597] VoxelChunk: GenerateAsync (3,6,5)
[+19:44:07.599] VoxelMesh: Chunk X=5 Y=3 Z=5 FlatVerts=1596 SlopeVerts=708
[+19:44:07.599] VoxelChunk: GenerateAsync (6,-5,1)
[+19:44:07.599] VoxelMesh: Chunk X=3 Y=6 Z=5 FlatVerts=90 SlopeVerts=210
[+19:44:07.600] VoxelMesh: Chunk X=6 Y=-5 Z=1 FlatVerts=1596 SlopeVerts=708
[+19:44:07.600] VoxelMesh: Chunk X=-3 Y=5 Z=5 FlatVerts=0 SlopeVerts=0
[+19:44:07.600] VoxelChunk: GenerateAsync (-3,6,5)
[+19:44:07.602] VoxelMesh: Chunk X=-3 Y=6 Z=5 FlatVerts=0 SlopeVerts=0
[+19:44:07.602] VoxelMesh: Chunk X=-3 Y=-4 Z=6 FlatVerts=0 SlopeVerts=0
[+19:44:07.603] VoxelChunk: GenerateAsync (6,-3,5)
[+19:44:07.604] VoxelMesh: Chunk X=6 Y=-3 Z=5 FlatVerts=0 SlopeVerts=0
[+19:44:07.610] VoxelMesh: Chunk X=5 Y=-3 Z=5 FlatVerts=42 SlopeVerts=1344
[+19:44:07.610] VoxelChunk: GenerateAsync (-6,-5,1)
[+19:44:07.612] VoxelMesh: Chunk X=-5 Y=4 Z=4 FlatVerts=1536 SlopeVerts=30
[+19:44:07.612] VoxelMesh: Chunk X=-6 Y=-5 Z=1 FlatVerts=42 SlopeVerts=1344
[+19:44:07.613] VoxelChunk: GenerateAsync (6,5,1)
[+19:44:07.614] VoxelMesh: Chunk X=6 Y=5 Z=1 FlatVerts=1536 SlopeVerts=30
[+19:44:07.614] VoxelMesh: Chunk X=5 Y=0 Z=6 FlatVerts=0 SlopeVerts=0
[+19:44:07.614] VoxelChunk: GenerateAsync (4,6,4)
[+19:44:07.615] VoxelMesh: Chunk X=3 Y=-4 Z=6 FlatVerts=1896 SlopeVerts=0
[+19:44:07.616] VoxelChunk: GenerateAsync (5,6,1)
[+19:44:07.616] VoxelMesh: Chunk X=5 Y=6 Z=1 FlatVerts=1896 SlopeVerts=0
[+19:44:07.616] VoxelMesh: Chunk X=4 Y=6 Z=4 FlatVerts=0 SlopeVerts=0
[+19:44:07.624] VoxelMesh: Chunk X=-3 Y=4 Z=6 FlatVerts=0 SlopeVerts=0
[+19:44:07.624] VoxelChunk: GenerateAsync (0,-6,6)
[+19:44:07.627] VoxelMesh: Chunk X=-5 Y=-3 Z=5 FlatVerts=0 SlopeVerts=0
[+19:44:07.627] VoxelChunk: GenerateAsync (6,4,4)
[+19:44:07.627] VoxelMesh: Chunk X=0 Y=-6 Z=6 FlatVerts=0 SlopeVerts=0
[+19:44:07.627] VoxelMesh: Chunk X=4 Y=-5 Z=4 FlatVerts=1806 SlopeVerts=0
[+19:44:07.629] VoxelChunk: GenerateAsync (-6,5,1)
[+19:44:07.629] VoxelMesh: Chunk X=6 Y=4 Z=4 FlatVerts=0 SlopeVerts=0
[+19:44:07.630] VoxelMesh: Chunk X=-6 Y=5 Z=1 FlatVerts=1806 SlopeVerts=0
[+19:44:07.630] VoxelMesh: Chunk X=4 Y=3 Z=6 FlatVerts=0 SlopeVerts=0
[+19:44:07.630] VoxelChunk: GenerateAsync (6,-4,4)
[+19:44:07.633] VoxelMesh: Chunk X=6 Y=-4 Z=4 FlatVerts=0 SlopeVerts=0
[+19:44:07.643] VoxelMesh: Chunk X=0 Y=0 Z=0 FlatVerts=0 SlopeVerts=0
[+19:44:07.643] VoxelChunk: GenerateAsync (3,1,4)
[+19:44:07.644] VoxelMesh: Chunk X=3 Y=1 Z=4 FlatVerts=186 SlopeVerts=3120
[+19:44:07.650] VoxelMesh: Chunk X=-4 Y=3 Z=6 FlatVerts=6 SlopeVerts=3612
[+19:44:07.650] VoxelChunk: GenerateAsync (4,-6,4)
[+19:44:07.652] VoxelMesh: Chunk X=-5 Y=-4 Z=4 FlatVerts=0 SlopeVerts=0
[+19:44:07.652] VoxelChunk: GenerateAsync (-6,0,6)
[+19:44:07.652] VoxelMesh: Chunk X=4 Y=-6 Z=4 FlatVerts=6 SlopeVerts=3612
[+19:44:07.654] VoxelMesh: Chunk X=-6 Y=0 Z=6 FlatVerts=0 SlopeVerts=0
[+19:44:07.654] VoxelMesh: Chunk X=-3 Y=-5 Z=5 FlatVerts=0 SlopeVerts=0
[+19:44:07.654] VoxelChunk: GenerateAsync (-4,-6,4)
[+19:44:07.656] VoxelMesh: Chunk X=-5 Y=5 Z=1 FlatVerts=0 SlopeVerts=0
[+19:44:07.656] VoxelMesh: Chunk X=-4 Y=-6 Z=4 FlatVerts=0 SlopeVerts=0
[+19:44:07.656] VoxelChunk: GenerateAsync (-6,-4,4)
[+19:44:07.657] VoxelMesh: Chunk X=-6 Y=-4 Z=4 FlatVerts=0 SlopeVerts=0
[+19:44:07.665] VoxelMesh: Chunk X=5 Y=-5 Z=0 FlatVerts=0 SlopeVerts=0
[+19:44:07.666] VoxelChunk: GenerateAsync (-3,-6,5)
[+19:44:07.667] VoxelMesh: Chunk X=-5 Y=-5 Z=2 FlatVerts=0 SlopeVerts=0
[+19:44:07.667] VoxelChunk: GenerateAsync (6,0,6)
[+19:44:07.668] VoxelMesh: Chunk X=-3 Y=-6 Z=5 FlatVerts=0 SlopeVerts=0
[+19:44:07.669] VoxelMesh: Chunk X=6 Y=0 Z=6 FlatVerts=0 SlopeVerts=0
[+19:44:07.669] VoxelMesh: Chunk X=5 Y=-5 Z=2 FlatVerts=60 SlopeVerts=3426
[+19:44:07.670] VoxelChunk: GenerateAsync (3,-6,5)
[+19:44:07.672] VoxelMesh: Chunk X=1 Y=-5 Z=6 FlatVerts=0 SlopeVerts=0
[+19:44:07.672] VoxelChunk: GenerateAsync (-6,-3,5)
[+19:44:07.672] VoxelMesh: Chunk X=3 Y=-6 Z=5 FlatVerts=60 SlopeVerts=3426
[+19:44:07.673] VoxelMesh: Chunk X=-6 Y=-3 Z=5 FlatVerts=0 SlopeVerts=0
[+19:44:07.681] VoxelMesh: Chunk X=5 Y=5 Z=0 FlatVerts=0 SlopeVerts=0
[+19:44:07.681] VoxelChunk: GenerateAsync (-6,4,4)
[+19:44:07.683] VoxelMesh: Chunk X=-6 Y=4 Z=4 FlatVerts=0 SlopeVerts=0
[+19:44:07.683] VoxelMesh: Chunk X=-5 Y=1 Z=6 FlatVerts=0 SlopeVerts=0
[+19:44:07.683] VoxelChunk: GenerateAsync (6,3,5)
[+19:44:07.684] VoxelMesh: Chunk X=1 Y=5 Z=6 FlatVerts=18 SlopeVerts=48
[+19:44:07.684] VoxelChunk: GenerateAsync (5,-6,1)
[+19:44:07.685] VoxelMesh: Chunk X=6 Y=3 Z=5 FlatVerts=0 SlopeVerts=0
[+19:44:07.685] VoxelMesh: Chunk X=5 Y=-6 Z=1 FlatVerts=18 SlopeVerts=48
[+19:44:07.686] VoxelMesh: Chunk X=-1 Y=-5 Z=6 FlatVerts=0 SlopeVerts=0
[+19:44:07.686] VoxelChunk: GenerateAsync (-4,6,4)
[+19:44:07.687] VoxelMesh: Chunk X=-4 Y=6 Z=4 FlatVerts=0 SlopeVerts=0
[+19:44:07.693] VoxelMesh: Chunk X=-5 Y=-5 Z=0 FlatVerts=0 SlopeVerts=0
[+19:44:07.694] VoxelChunk: GenerateAsync (0,6,6)
[+19:44:07.696] VoxelMesh: Chunk X=-5 Y=-1 Z=6 FlatVerts=0 SlopeVerts=0
[+19:44:07.696] VoxelChunk: GenerateAsync (-6,3,5)
[+19:44:07.697] VoxelMesh: Chunk X=0 Y=6 Z=6 FlatVerts=0 SlopeVerts=0
[+19:44:07.697] VoxelMesh: Chunk X=-6 Y=3 Z=5 FlatVerts=0 SlopeVerts=0
[+19:44:07.697] VoxelMesh: Chunk X=-1 Y=5 Z=6 FlatVerts=1884 SlopeVerts=420
[+19:44:07.699] VoxelChunk: GenerateAsync (-5,-6,1)
[+19:44:07.700] VoxelMesh: Chunk X=5 Y=-1 Z=6 FlatVerts=0 SlopeVerts=0
[+19:44:07.700] VoxelMesh: Chunk X=-5 Y=-6 Z=1 FlatVerts=1884 SlopeVerts=420
[+19:44:07.700] VoxelChunk: GenerateAsync (-6,5,2)
[+19:44:07.702] VoxelMesh: Chunk X=-6 Y=5 Z=2 FlatVerts=0 SlopeVerts=0
[+19:44:07.709] VoxelMesh: Chunk X=5 Y=5 Z=2 FlatVerts=0 SlopeVerts=114
[+19:44:07.709] VoxelChunk: GenerateAsync (6,-5,2)
[+19:44:07.710] VoxelMesh: Chunk X=-5 Y=5 Z=0 FlatVerts=246 SlopeVerts=5250
[+19:44:07.711] VoxelChunk: GenerateAsync (5,-6,2)
[+19:44:07.712] VoxelMesh: Chunk X=6 Y=-5 Z=2 FlatVerts=0 SlopeVerts=114
[+19:44:07.712] VoxelMesh: Chunk X=5 Y=-6 Z=2 FlatVerts=246 SlopeVerts=5250
[+19:44:07.712] VoxelMesh: Chunk X=5 Y=1 Z=6 FlatVerts=480 SlopeVerts=5004
[+19:44:07.713] VoxelChunk: GenerateAsync (-6,-5,2)
[+19:44:07.715] VoxelMesh: Chunk X=-5 Y=5 Z=2 FlatVerts=0 SlopeVerts=0
[+19:44:07.715] VoxelChunk: GenerateAsync (-6,1,6)
[+19:44:07.715] VoxelMesh: Chunk X=-6 Y=-5 Z=2 FlatVerts=480 SlopeVerts=5004
[+19:44:07.716] VoxelMesh: Chunk X=-6 Y=1 Z=6 FlatVerts=0 SlopeVerts=0
[+19:44:07.725] VoxelMesh: Chunk X=0 Y=6 Z=5 FlatVerts=0 SlopeVerts=0
[+19:44:07.725] VoxelChunk: GenerateAsync (1,-6,6)
[+19:44:07.727] VoxelMesh: Chunk X=0 Y=-6 Z=5 FlatVerts=0 SlopeVerts=0
[+19:44:07.727] VoxelChunk: GenerateAsync (-6,-5,0)
[+19:44:07.728] VoxelMesh: Chunk X=-6 Y=-5 Z=0 FlatVerts=0 SlopeVerts=0
[+19:44:07.728] VoxelMesh: Chunk X=1 Y=-6 Z=6 FlatVerts=0 SlopeVerts=0
[+19:44:07.728] VoxelMesh: Chunk X=4 Y=-6 Z=1 FlatVerts=0 SlopeVerts=0
[+19:44:07.728] VoxelChunk: GenerateAsync (-1,-6,6)
[+19:44:07.730] VoxelMesh: Chunk X=6 Y=-4 Z=1 FlatVerts=0 SlopeVerts=0
[+19:44:07.730] VoxelChunk: GenerateAsync (6,5,0)
[+19:44:07.731] VoxelMesh: Chunk X=-1 Y=-6 Z=6 FlatVerts=0 SlopeVerts=0
[+19:44:07.731] VoxelMesh: Chunk X=6 Y=5 Z=0 FlatVerts=0 SlopeVerts=0
[+19:44:07.741] VoxelMesh: Chunk X=0 Y=0 Z=0 FlatVerts=0 SlopeVerts=0
[+19:44:07.741] VoxelChunk: GenerateAsync (-3,2,4)
[+19:44:07.743] VoxelMesh: Chunk X=-3 Y=2 Z=4 FlatVerts=90 SlopeVerts=6582
[+19:44:07.744] VoxelMesh: Chunk X=6 Y=4 Z=1 FlatVerts=0 SlopeVerts=0
[+19:44:07.744] VoxelChunk: GenerateAsync (-5,6,2)
[+19:44:07.745] VoxelMesh: Chunk X=-6 Y=0 Z=5 FlatVerts=0 SlopeVerts=0
[+19:44:07.745] VoxelChunk: GenerateAsync (-5,-6,0)
[+19:44:07.746] VoxelMesh: Chunk X=-5 Y=-6 Z=0 FlatVerts=0 SlopeVerts=0
[+19:44:07.746] VoxelMesh: Chunk X=-5 Y=6 Z=2 FlatVerts=0 SlopeVerts=0
[+19:44:07.746] VoxelMesh: Chunk X=6 Y=0 Z=5 FlatVerts=162 SlopeVerts=6
[+19:44:07.747] VoxelChunk: GenerateAsync (5,6,2)
[+19:44:07.748] VoxelMesh: Chunk X=-6 Y=4 Z=1 FlatVerts=0 SlopeVerts=0
[+19:44:07.748] VoxelChunk: GenerateAsync (-6,5,0)
[+19:44:07.748] VoxelMesh: Chunk X=5 Y=6 Z=2 FlatVerts=162 SlopeVerts=6
[+19:44:07.748] VoxelMesh: Chunk X=-6 Y=5 Z=0 FlatVerts=0 SlopeVerts=0
[+19:44:07.761] VoxelMesh: Chunk X=4 Y=6 Z=1 FlatVerts=0 SlopeVerts=0
[+19:44:07.762] VoxelChunk: GenerateAsync (6,-5,0)
[+19:44:07.763] VoxelMesh: Chunk X=6 Y=-5 Z=0 FlatVerts=0 SlopeVerts=0
[+19:44:07.763] VoxelMesh: Chunk X=-4 Y=-6 Z=1 FlatVerts=0 SlopeVerts=0
[+19:44:07.763] VoxelChunk: GenerateAsync (-5,-6,2)
[+19:44:07.765] VoxelMesh: Chunk X=-4 Y=6 Z=1 FlatVerts=0 SlopeVerts=516
[+19:44:07.765] VoxelChunk: GenerateAsync (1,6,6)
[+19:44:07.765] VoxelMesh: Chunk X=-5 Y=-6 Z=2 FlatVerts=0 SlopeVerts=0
[+19:44:07.767] VoxelMesh: Chunk X=1 Y=-6 Z=5 FlatVerts=528 SlopeVerts=1314
[+19:44:07.767] VoxelMesh: Chunk X=1 Y=6 Z=6 FlatVerts=0 SlopeVerts=516
[+19:44:07.767] VoxelChunk: GenerateAsync (6,5,2)
[+19:44:07.769] VoxelMesh: Chunk X=6 Y=5 Z=2 FlatVerts=528 SlopeVerts=1314
[+19:44:07.776] VoxelMesh: Chunk X=6 Y=-4 Z=0 FlatVerts=0 SlopeVerts=0
[+19:44:07.776] VoxelChunk: GenerateAsync (6,1,6)
[+19:44:07.776] VoxelMesh: Chunk X=4 Y=6 Z=2 FlatVerts=0 SlopeVerts=0
[+19:44:07.776] VoxelChunk: GenerateAsync (-5,6,0)
[+19:44:07.779] VoxelMesh: Chunk X=6 Y=1 Z=6 FlatVerts=0 SlopeVerts=0
[+19:44:07.779] VoxelMesh: Chunk X=-5 Y=6 Z=0 FlatVerts=0 SlopeVerts=0
[+19:44:07.779] VoxelMesh: Chunk X=-6 Y=4 Z=2 FlatVerts=0 SlopeVerts=0
[+19:44:07.780] VoxelChunk: GenerateAsync (-1,6,6)
[+19:44:07.780] VoxelMesh: Chunk X=4 Y=-6 Z=2 FlatVerts=0 SlopeVerts=0
[+19:44:07.780] VoxelChunk: GenerateAsync (5,6,0)
[+19:44:07.781] VoxelMesh: Chunk X=-1 Y=6 Z=6 FlatVerts=0 SlopeVerts=0
[+19:44:07.781] VoxelMesh: Chunk X=5 Y=6 Z=0 FlatVerts=0 SlopeVerts=0
[+19:44:07.788] VoxelMesh: Chunk X=6 Y=4 Z=2 FlatVerts=0 SlopeVerts=0
[+19:44:07.788] VoxelChunk: GenerateAsync (5,-6,0)
[+19:44:07.790] VoxelMesh: Chunk X=5 Y=-6 Z=0 FlatVerts=0 SlopeVerts=0
[+19:44:07.790] VoxelMesh: Chunk X=6 Y=-4 Z=2 FlatVerts=0 SlopeVerts=0
[+19:44:07.790] VoxelChunk: GenerateAsync (6,-1,6)
[+19:44:07.791] VoxelMesh: Chunk X=6 Y=4 Z=0 FlatVerts=0 SlopeVerts=0
[+19:44:07.792] VoxelChunk: GenerateAsync (-6,-1,6)
[+19:44:07.792] VoxelMesh: Chunk X=6 Y=-1 Z=6 FlatVerts=0 SlopeVerts=0
[+19:44:07.793] VoxelMesh: Chunk X=4 Y=6 Z=0 FlatVerts=0 SlopeVerts=0
[+19:44:07.793] VoxelChunk: GenerateAsync (6,5,3)
[+19:44:07.794] VoxelMesh: Chunk X=-6 Y=-1 Z=6 FlatVerts=0 SlopeVerts=0
[+19:44:07.795] VoxelMesh: Chunk X=6 Y=5 Z=3 FlatVerts=0 SlopeVerts=0
[+19:44:07.802] VoxelMesh: Chunk X=6 Y=-1 Z=5 FlatVerts=0 SlopeVerts=2478
[+19:44:07.803] VoxelChunk: GenerateAsync (2,6,6)
[+19:44:07.805] VoxelMesh: Chunk X=2 Y=6 Z=6 FlatVerts=0 SlopeVerts=2478
[+19:44:07.805] VoxelMesh: Chunk X=4 Y=-6 Z=0 FlatVerts=0 SlopeVerts=0
[+19:44:07.805] VoxelChunk: GenerateAsync (6,-2,6)
[+19:44:07.807] VoxelMesh: Chunk X=-6 Y=4 Z=0 FlatVerts=0 SlopeVerts=0
[+19:44:07.807] VoxelMesh: Chunk X=6 Y=-2 Z=6 FlatVerts=0 SlopeVerts=0
[+19:44:07.807] VoxelChunk: GenerateAsync (-5,6,3)
[+19:44:07.809] VoxelMesh: Chunk X=-5 Y=6 Z=3 FlatVerts=0 SlopeVerts=0
[+19:44:07.809] VoxelMesh: Chunk X=-4 Y=-6 Z=2 FlatVerts=0 SlopeVerts=708
[+19:44:07.809] VoxelChunk: GenerateAsync (2,-6,6)
[+19:44:07.812] VoxelMesh: Chunk X=2 Y=-6 Z=6 FlatVerts=0 SlopeVerts=708
[+19:44:07.820] VoxelMesh: Chunk X=-1 Y=-6 Z=5 FlatVerts=0 SlopeVerts=0
[+19:44:07.820] VoxelChunk: GenerateAsync (-6,5,3)
[+19:44:07.822] VoxelMesh: Chunk X=-6 Y=5 Z=3 FlatVerts=0 SlopeVerts=0
[+19:44:07.822] VoxelMesh: Chunk X=-4 Y=6 Z=2 FlatVerts=0 SlopeVerts=0
[+19:44:07.822] VoxelChunk: GenerateAsync (5,6,3)
[+19:44:07.824] VoxelMesh: Chunk X=-6 Y=-1 Z=5 FlatVerts=0 SlopeVerts=0
[+19:44:07.824] VoxelChunk: GenerateAsync (-2,-6,6)
[+19:44:07.824] VoxelMesh: Chunk X=5 Y=6 Z=3 FlatVerts=0 SlopeVerts=0
[+19:44:07.825] VoxelMesh: Chunk X=-6 Y=1 Z=5 FlatVerts=0 SlopeVerts=0
[+19:44:07.825] VoxelMesh: Chunk X=-2 Y=-6 Z=6 FlatVerts=0 SlopeVerts=0
[+19:44:07.825] VoxelChunk: GenerateAsync (-2,6,6)
[+19:44:07.827] VoxelMesh: Chunk X=-2 Y=6 Z=6 FlatVerts=0 SlopeVerts=0
[+19:44:07.835] VoxelMesh: Chunk X=-4 Y=6 Z=0 FlatVerts=0 SlopeVerts=0
[+19:44:07.835] VoxelChunk: GenerateAsync (-6,-2,6)
[+19:44:07.837] VoxelMesh: Chunk X=-4 Y=-6 Z=0 FlatVerts=0 SlopeVerts=2178
[+19:44:07.837] VoxelChunk: GenerateAsync (5,-6,3)
[+19:44:07.838] VoxelMesh: Chunk X=-6 Y=-2 Z=6 FlatVerts=0 SlopeVerts=0
[+19:44:07.839] VoxelMesh: Chunk X=1 Y=6 Z=5 FlatVerts=0 SlopeVerts=0
[+19:44:07.839] VoxelChunk: GenerateAsync (6,2,6)
[+19:44:07.839] VoxelMesh: Chunk X=5 Y=-6 Z=3 FlatVerts=0 SlopeVerts=2178
[+19:44:07.841] VoxelMesh: Chunk X=6 Y=2 Z=6 FlatVerts=0 SlopeVerts=0
[+19:44:07.842] VoxelMesh: Chunk X=6 Y=1 Z=5 FlatVerts=0 SlopeVerts=0
[+19:44:07.842] VoxelChunk: GenerateAsync (-5,-6,3)
[+19:44:07.843] VoxelMesh: Chunk X=-5 Y=-6 Z=3 FlatVerts=0 SlopeVerts=0
[+19:44:07.856] VoxelMesh: Chunk X=0 Y=0 Z=0 FlatVerts=0 SlopeVerts=0
[+19:44:07.856] VoxelChunk: GenerateAsync (-2,2,4)
[+19:44:07.859] VoxelMesh: Chunk X=-2 Y=2 Z=4 FlatVerts=54 SlopeVerts=1302
[+19:44:07.859] VoxelMesh: Chunk X=-1 Y=6 Z=5 FlatVerts=0 SlopeVerts=0
[+19:44:07.859] VoxelChunk: GenerateAsync (6,-5,3)
[+19:44:07.861] VoxelMesh: Chunk X=-2 Y=-5 Z=6 FlatVerts=0 SlopeVerts=0
[+19:44:07.861] VoxelMesh: Chunk X=6 Y=-5 Z=3 FlatVerts=0 SlopeVerts=0
[+19:44:07.861] VoxelChunk: GenerateAsync (-6,2,6)
[+19:44:07.863] VoxelMesh: Chunk X=-6 Y=2 Z=6 FlatVerts=0 SlopeVerts=0
[+19:44:07.863] VoxelMesh: Chunk X=-5 Y=2 Z=6 FlatVerts=0 SlopeVerts=66
[+19:44:07.863] VoxelChunk: GenerateAsync (-6,-5,3)
[+19:44:07.865] VoxelMesh: Chunk X=5 Y=2 Z=6 FlatVerts=0 SlopeVerts=0
[+19:44:07.865] VoxelMesh: Chunk X=-6 Y=-5 Z=3 FlatVerts=0 SlopeVerts=66
[+19:44:07.865] VoxelChunk: GenerateAsync (-5,4,6)
[+19:44:07.866] VoxelMesh: Chunk X=-5 Y=4 Z=6 FlatVerts=0 SlopeVerts=0
[+19:44:07.875] VoxelMesh: Chunk X=-5 Y=5 Z=3 FlatVerts=0 SlopeVerts=0
[+19:44:07.876] VoxelChunk: GenerateAsync (-4,5,6)
[+19:44:07.877] VoxelMesh: Chunk X=-4 Y=5 Z=6 FlatVerts=0 SlopeVerts=0
[+19:44:07.878] VoxelMesh: Chunk X=5 Y=-2 Z=6 FlatVerts=0 SlopeVerts=0
[+19:44:07.878] VoxelChunk: GenerateAsync (5,-5,5)
[+19:44:07.880] VoxelMesh: Chunk X=5 Y=-5 Z=5 FlatVerts=0 SlopeVerts=0
[+19:44:07.880] VoxelMesh: Chunk X=6 Y=-3 Z=4 FlatVerts=0 SlopeVerts=0
[+19:44:07.880] VoxelChunk: GenerateAsync (5,4,6)
[+19:44:07.882] VoxelMesh: Chunk X=5 Y=-5 Z=3 FlatVerts=0 SlopeVerts=0
[+19:44:07.882] VoxelChunk: GenerateAsync (4,-5,6)
[+19:44:07.882] VoxelMesh: Chunk X=5 Y=4 Z=6 FlatVerts=0 SlopeVerts=0
[+19:44:07.884] VoxelMesh: Chunk X=4 Y=-5 Z=6 FlatVerts=0 SlopeVerts=0
[+19:44:07.891] VoxelMesh: Chunk X=-3 Y=-6 Z=4 FlatVerts=0 SlopeVerts=0
[+19:44:07.891] VoxelChunk: GenerateAsync (-5,-5,5)
[+19:44:07.892] VoxelMesh: Chunk X=-3 Y=6 Z=4 FlatVerts=0 SlopeVerts=0
[+19:44:07.892] VoxelChunk: GenerateAsync (4,5,6)
[+19:44:07.893] VoxelMesh: Chunk X=-5 Y=-5 Z=5 FlatVerts=0 SlopeVerts=0
[+19:44:07.894] VoxelMesh: Chunk X=4 Y=5 Z=6 FlatVerts=0 SlopeVerts=0
[+19:44:07.894] VoxelMesh: Chunk X=-5 Y=-2 Z=6 FlatVerts=0 SlopeVerts=0
[+19:44:07.894] VoxelChunk: GenerateAsync (-5,-4,6)
[+19:44:07.897] VoxelMesh: Chunk X=6 Y=3 Z=4 FlatVerts=0 SlopeVerts=0
[+19:44:07.897] VoxelChunk: GenerateAsync (5,5,5)
[+19:44:07.897] VoxelMesh: Chunk X=-5 Y=-4 Z=6 FlatVerts=0 SlopeVerts=0
[+19:44:07.898] VoxelMesh: Chunk X=5 Y=5 Z=5 FlatVerts=0 SlopeVerts=0
[+19:44:07.905] VoxelMesh: Chunk X=2 Y=-5 Z=6 FlatVerts=0 SlopeVerts=0
[+19:44:07.905] VoxelChunk: GenerateAsync (-4,-5,6)
[+19:44:07.907] VoxelMesh: Chunk X=3 Y=6 Z=4 FlatVerts=0 SlopeVerts=0
[+19:44:07.907] VoxelMesh: Chunk X=-4 Y=-5 Z=6 FlatVerts=0 SlopeVerts=0
[+19:44:07.907] VoxelChunk: GenerateAsync (-5,5,5)
[+19:44:07.909] VoxelMesh: Chunk X=-6 Y=3 Z=4 FlatVerts=0 SlopeVerts=0
[+19:44:07.909] VoxelMesh: Chunk X=-5 Y=5 Z=5 FlatVerts=0 SlopeVerts=0
[+19:44:07.909] VoxelChunk: GenerateAsync (5,-4,6)
[+19:44:07.911] VoxelMesh: Chunk X=2 Y=5 Z=6 FlatVerts=0 SlopeVerts=0
[+19:44:07.911] VoxelMesh: Chunk X=5 Y=-4 Z=6 FlatVerts=0 SlopeVerts=0
[+19:44:07.911] VoxelChunk: GenerateAsync (6,-4,5)
[+19:44:07.913] VoxelMesh: Chunk X=6 Y=-4 Z=5 FlatVerts=0 SlopeVerts=0
[+19:44:07.920] VoxelMesh: Chunk X=-2 Y=5 Z=6 FlatVerts=0 SlopeVerts=0
[+19:44:07.921] VoxelChunk: GenerateAsync (4,6,5)
[+19:44:07.922] VoxelMesh: Chunk X=3 Y=-6 Z=4 FlatVerts=0 SlopeVerts=0
[+19:44:07.922] VoxelChunk: GenerateAsync (-4,-6,5)
[+19:44:07.923] VoxelMesh: Chunk X=4 Y=6 Z=5 FlatVerts=0 SlopeVerts=0
[+19:44:07.923] VoxelMesh: Chunk X=5 Y=5 Z=3 FlatVerts=18 SlopeVerts=2166
[+19:44:07.924] VoxelChunk: GenerateAsync (4,-6,5)
[+19:44:07.924] VoxelMesh: Chunk X=-4 Y=-6 Z=5 FlatVerts=0 SlopeVerts=0
[+19:44:07.926] VoxelMesh: Chunk X=-5 Y=-5 Z=3 FlatVerts=0 SlopeVerts=0
[+19:44:07.926] VoxelMesh: Chunk X=4 Y=-6 Z=5 FlatVerts=18 SlopeVerts=2166
[+19:44:07.926] VoxelChunk: GenerateAsync (-6,-4,5)
[+19:44:07.928] VoxelMesh: Chunk X=-6 Y=-4 Z=5 FlatVerts=0 SlopeVerts=0
[+19:44:07.935] VoxelMesh: Chunk X=4 Y=6 Z=3 FlatVerts=0 SlopeVerts=0
[+19:44:07.935] VoxelChunk: GenerateAsync (6,4,5)
[+19:44:07.936] VoxelMesh: Chunk X=2 Y=-6 Z=5 FlatVerts=0 SlopeVerts=0
[+19:44:07.937] VoxelChunk: GenerateAsync (-6,4,5)
[+19:44:07.937] VoxelMesh: Chunk X=6 Y=4 Z=5 FlatVerts=0 SlopeVerts=0
[+19:44:07.938] VoxelMesh: Chunk X=-6 Y=4 Z=5 FlatVerts=0 SlopeVerts=0
[+19:44:07.938] VoxelMesh: Chunk X=-2 Y=-6 Z=5 FlatVerts=0 SlopeVerts=0
[+19:44:07.938] VoxelChunk: GenerateAsync (-4,6,5)
[+19:44:07.940] VoxelMesh: Chunk X=-4 Y=6 Z=5 FlatVerts=0 SlopeVerts=0
[+19:44:07.940] VoxelMesh: Chunk X=6 Y=4 Z=3 FlatVerts=0 SlopeVerts=0
[+19:44:07.940] VoxelChunk: GenerateAsync (5,-6,4)
[+19:44:07.942] VoxelMesh: Chunk X=5 Y=-6 Z=4 FlatVerts=0 SlopeVerts=0
[+19:44:07.949] VoxelMesh: Chunk X=6 Y=-2 Z=5 FlatVerts=0 SlopeVerts=0
[+19:44:07.950] VoxelChunk: GenerateAsync (-6,5,4)
[+19:44:07.951] VoxelMesh: Chunk X=-6 Y=5 Z=4 FlatVerts=0 SlopeVerts=0
[+19:44:07.951] VoxelMesh: Chunk X=6 Y=2 Z=5 FlatVerts=0 SlopeVerts=0
[+19:44:07.952] VoxelChunk: GenerateAsync (-5,-6,4)
[+19:44:07.953] VoxelMesh: Chunk X=6 Y=-4 Z=3 FlatVerts=0 SlopeVerts=0
[+19:44:07.953] VoxelChunk: GenerateAsync (6,5,4)
[+19:44:07.954] VoxelMesh: Chunk X=-5 Y=-6 Z=4 FlatVerts=0 SlopeVerts=0
[+19:44:07.955] VoxelMesh: Chunk X=-6 Y=4 Z=3 FlatVerts=0 SlopeVerts=0
[+19:44:07.955] VoxelChunk: GenerateAsync (6,-5,4)
[+19:44:07.955] VoxelMesh: Chunk X=6 Y=5 Z=4 FlatVerts=0 SlopeVerts=0
[+19:44:07.956] VoxelMesh: Chunk X=6 Y=-5 Z=4 FlatVerts=0 SlopeVerts=0
[+19:44:07.967] VoxelMesh: Chunk X=0 Y=0 Z=0 FlatVerts=0 SlopeVerts=0
[+19:44:07.967] VoxelChunk: GenerateAsync (-1,2,4)
[+19:44:07.969] VoxelMesh: Chunk X=-1 Y=2 Z=4 FlatVerts=0 SlopeVerts=0
[+19:44:07.971] VoxelMesh: Chunk X=4 Y=-6 Z=3 FlatVerts=0 SlopeVerts=0
[+19:44:07.971] VoxelChunk: GenerateAsync (5,6,4)
[+19:44:07.973] VoxelMesh: Chunk X=-6 Y=2 Z=5 FlatVerts=0 SlopeVerts=420
[+19:44:07.973] VoxelChunk: GenerateAsync (3,-6,6)
[+19:44:07.973] VoxelMesh: Chunk X=5 Y=6 Z=4 FlatVerts=0 SlopeVerts=0
[+19:44:07.974] VoxelMesh: Chunk X=-4 Y=-6 Z=3 FlatVerts=0 SlopeVerts=0
[+19:44:07.975] VoxelChunk: GenerateAsync (6,-3,6)
[+19:44:07.975] VoxelMesh: Chunk X=3 Y=-6 Z=6 FlatVerts=0 SlopeVerts=420
[+19:44:07.976] VoxelMesh: Chunk X=-4 Y=6 Z=3 FlatVerts=0 SlopeVerts=0
[+19:44:07.976] VoxelChunk: GenerateAsync (-3,-6,6)
[+19:44:07.976] VoxelMesh: Chunk X=6 Y=-3 Z=6 FlatVerts=0 SlopeVerts=0
[+19:44:07.977] VoxelMesh: Chunk X=-3 Y=-6 Z=6 FlatVerts=0 SlopeVerts=0
[+19:44:07.988] VoxelMesh: Chunk X=2 Y=6 Z=5 FlatVerts=0 SlopeVerts=0
[+19:44:07.988] VoxelChunk: GenerateAsync (3,6,6)
[+19:44:07.990] VoxelMesh: Chunk X=-2 Y=6 Z=5 FlatVerts=0 SlopeVerts=0
[+19:44:07.990] VoxelChunk: GenerateAsync (-3,6,6)
[+19:44:07.991] VoxelMesh: Chunk X=3 Y=6 Z=6 FlatVerts=0 SlopeVerts=0
[+19:44:07.992] VoxelMesh: Chunk X=-3 Y=6 Z=6 FlatVerts=0 SlopeVerts=0
[+19:44:07.992] VoxelMesh: Chunk X=-4 Y=-5 Z=5 FlatVerts=0 SlopeVerts=0
[+19:44:07.992] VoxelChunk: GenerateAsync (-5,6,4)
[+19:44:07.993] VoxelMesh: Chunk X=-5 Y=6 Z=4 FlatVerts=0 SlopeVerts=0
[+19:44:07.993] VoxelMesh: Chunk X=4 Y=-5 Z=5 FlatVerts=0 SlopeVerts=0
[+19:44:07.993] VoxelChunk: GenerateAsync (-6,-5,4)
[+19:44:07.995] VoxelMesh: Chunk X=-6 Y=-5 Z=4 FlatVerts=0 SlopeVerts=0
[+19:44:08.002] VoxelMesh: Chunk X=-4 Y=5 Z=5 FlatVerts=0 SlopeVerts=0
[+19:44:08.002] VoxelChunk: GenerateAsync (-6,-3,6)
[+19:44:08.004] VoxelMesh: Chunk X=-5 Y=-4 Z=5 FlatVerts=0 SlopeVerts=0
[+19:44:08.004] VoxelChunk: GenerateAsync (6,3,6)
[+19:44:08.004] VoxelMesh: Chunk X=-6 Y=-3 Z=6 FlatVerts=0 SlopeVerts=0
[+19:44:08.006] VoxelMesh: Chunk X=5 Y=4 Z=5 FlatVerts=0 SlopeVerts=0
[+19:44:08.006] VoxelChunk: GenerateAsync (-6,3,6)
[+19:44:08.006] VoxelMesh: Chunk X=6 Y=3 Z=6 FlatVerts=0 SlopeVerts=0
[+19:44:08.006] VoxelMesh: Chunk X=4 Y=5 Z=5 FlatVerts=1830 SlopeVerts=0
[+19:44:08.006] VoxelChunk: GenerateAsync (6,6,1)
[+19:44:08.007] VoxelMesh: Chunk X=-6 Y=3 Z=6 FlatVerts=0 SlopeVerts=0
[+19:44:08.007] VoxelMesh: Chunk X=6 Y=6 Z=1 FlatVerts=1830 SlopeVerts=0
[+19:44:08.015] VoxelMesh: Chunk X=-5 Y=4 Z=5 FlatVerts=1836 SlopeVerts=0
[+19:44:08.016] VoxelChunk: GenerateAsync (-6,6,1)
[+19:44:08.016] VoxelMesh: Chunk X=-6 Y=6 Z=1 FlatVerts=1836 SlopeVerts=0
[+19:44:08.016] VoxelMesh: Chunk X=5 Y=-4 Z=5 FlatVerts=540 SlopeVerts=1560
[+19:44:08.016] VoxelChunk: GenerateAsync (6,-6,1)
[+19:44:08.017] VoxelMesh: Chunk X=6 Y=-6 Z=1 FlatVerts=540 SlopeVerts=1560
[+19:44:08.023] VoxelMesh: Chunk X=0 Y=0 Z=0 FlatVerts=4746 SlopeVerts=10998
[+19:44:08.024] VoxelChunk: GenerateAsync (-6,-6,1)
[+19:44:08.026] VoxelMesh: Chunk X=-6 Y=-6 Z=1 FlatVerts=1290 SlopeVerts=1818
[+19:44:08.032] VoxelMesh: Chunk X=0 Y=0 Z=0 FlatVerts=600 SlopeVerts=7980
[+19:44:08.032] VoxelChunk: GenerateAsync (6,6,2)
[+19:44:08.034] VoxelMesh: Chunk X=6 Y=6 Z=2 FlatVerts=0 SlopeVerts=0
[+19:44:08.049] VoxelMesh: Chunk X=0 Y=0 Z=0 FlatVerts=66 SlopeVerts=6252
[+19:44:08.049] VoxelChunk: GenerateAsync (-6,-6,2)
[+19:44:08.052] VoxelMesh: Chunk X=-6 Y=-6 Z=2 FlatVerts=78 SlopeVerts=720
[+19:44:08.055] VoxelMesh: Chunk X=0 Y=0 Z=0 FlatVerts=354 SlopeVerts=24798
[+19:44:08.056] VoxelChunk: GenerateAsync (-6,6,2)
[+19:44:08.060] VoxelMesh: Chunk X=-6 Y=6 Z=2 FlatVerts=0 SlopeVerts=0
[+19:44:08.061] VoxelMesh: Chunk X=0 Y=0 Z=0 FlatVerts=4518 SlopeVerts=2700
[+19:44:08.062] VoxelChunk: GenerateAsync (6,6,0)
[+19:44:08.063] VoxelMesh: Chunk X=6 Y=6 Z=0 FlatVerts=0 SlopeVerts=0
[+19:44:08.067] VoxelMesh: Chunk X=0 Y=0 Z=0 FlatVerts=828 SlopeVerts=2628
[+19:44:08.069] VoxelChunk: GenerateAsync (-6,6,0)
[+19:44:08.070] VoxelMesh: Chunk X=-6 Y=6 Z=0 FlatVerts=0 SlopeVerts=0
[+19:44:08.081] VoxelChunk: GenerateAsync (-6,-5,4)
[+19:44:08.081] VoxelChunk: GenerateAsync (-6,-4,5)
[+19:44:08.082] VoxelChunk: GenerateAsync (-6,-5,3)
[+19:44:08.082] VoxelChunk: GenerateAsync (-6,-5,0)
[+19:44:08.082] VoxelChunk: GenerateAsync (-6,-5,2)
[+19:44:08.082] VoxelChunk: GenerateAsync (-6,-3,5)
[+19:44:08.082] VoxelChunk: GenerateAsync (-6,-4,4)
[+19:44:08.082] VoxelChunk: GenerateAsync (-6,-5,1)
[+19:44:08.082] VoxelChunk: GenerateAsync (-6,-6,1)
[+19:44:08.082] VoxelChunk: GenerateAsync (-6,-6,2)
[+19:44:08.082] VoxelMesh: Chunk X=-6 Y=-5 Z=4 FlatVerts=0 SlopeVerts=0
[+19:44:08.082] VoxelMesh: Chunk X=-6 Y=-5 Z=0 FlatVerts=0 SlopeVerts=0
[+19:44:08.082] VoxelMesh: Chunk X=-6 Y=-5 Z=3 FlatVerts=0 SlopeVerts=0
[+19:44:08.082] VoxelMesh: Chunk X=-6 Y=-4 Z=5 FlatVerts=0 SlopeVerts=0
[+19:44:08.082] VoxelMesh: Chunk X=-6 Y=-6 Z=1 FlatVerts=126 SlopeVerts=36
[+19:44:08.082] VoxelMesh: Chunk X=-6 Y=-5 Z=2 FlatVerts=78 SlopeVerts=192
[+19:44:08.082] VoxelMesh: Chunk X=-6 Y=-5 Z=1 FlatVerts=12 SlopeVerts=30
[+19:44:08.082] VoxelMesh: Chunk X=-6 Y=-4 Z=4 FlatVerts=0 SlopeVerts=0
[+19:44:08.082] VoxelMesh: Chunk X=-6 Y=-3 Z=5 FlatVerts=0 SlopeVerts=0
[+19:44:08.082] VoxelMesh: Chunk X=-6 Y=-6 Z=2 FlatVerts=0 SlopeVerts=48
[+19:44:08.083] VoxelMesh: Chunk X=-6 Y=6 Z=0 FlatVerts=186 SlopeVerts=2442
[+19:44:08.084] VoxelChunk: GenerateAsync (6,-6,2)
[+19:44:08.085] VoxelMesh: Chunk X=6 Y=6 Z=0 FlatVerts=0 SlopeVerts=0
[+19:44:08.085] VoxelChunk: GenerateAsync (6,-6,0)
[+19:44:08.085] VoxelMesh: Chunk X=6 Y=-6 Z=0 FlatVerts=0 SlopeVerts=0
[+19:44:08.085] VoxelMesh: Chunk X=-6 Y=6 Z=2 FlatVerts=0 SlopeVerts=0
[+19:44:08.085] VoxelMesh: Chunk X=6 Y=-6 Z=2 FlatVerts=186 SlopeVerts=2442
[+19:44:08.085] VoxelChunk: GenerateAsync (-6,-6,0)
[+19:44:08.086] VoxelMesh: Chunk X=-6 Y=-6 Z=0 FlatVerts=0 SlopeVerts=0
[+19:44:08.087] VoxelMesh: Chunk X=6 Y=6 Z=2 FlatVerts=0 SlopeVerts=0
[+19:44:08.087] VoxelChunk: GenerateAsync (5,5,6)
[+19:44:08.088] VoxelMesh: Chunk X=5 Y=5 Z=6 FlatVerts=0 SlopeVerts=0
[+19:44:08.101] VoxelMesh: Chunk X=0 Y=0 Z=0 FlatVerts=0 SlopeVerts=0
[+19:44:08.101] VoxelChunk: GenerateAsync (0,2,4)
[+19:44:08.103] VoxelMesh: Chunk X=0 Y=2 Z=4 FlatVerts=0 SlopeVerts=0
[+19:44:08.105] VoxelMesh: Chunk X=-5 Y=-5 Z=4 FlatVerts=0 SlopeVerts=0
[+19:44:08.105] VoxelChunk: GenerateAsync (5,-5,6)
[+19:44:08.106] VoxelMesh: Chunk X=3 Y=-5 Z=6 FlatVerts=0 SlopeVerts=0
[+19:44:08.106] VoxelChunk: GenerateAsync (-5,-5,6)
[+19:44:08.107] VoxelMesh: Chunk X=5 Y=-5 Z=6 FlatVerts=0 SlopeVerts=0
[+19:44:08.108] VoxelMesh: Chunk X=5 Y=3 Z=6 FlatVerts=0 SlopeVerts=0
[+19:44:08.108] VoxelChunk: GenerateAsync (-5,5,6)
[+19:44:08.108] VoxelMesh: Chunk X=-5 Y=-5 Z=6 FlatVerts=0 SlopeVerts=0
[+19:44:08.109] VoxelMesh: Chunk X=-5 Y=-3 Z=6 FlatVerts=0 SlopeVerts=0
[+19:44:08.109] VoxelMesh: Chunk X=-5 Y=5 Z=6 FlatVerts=0 SlopeVerts=0
[+19:44:08.109] VoxelChunk: GenerateAsync (6,6,3)
[+19:44:08.111] VoxelMesh: Chunk X=6 Y=6 Z=3 FlatVerts=0 SlopeVerts=0
[+19:44:08.118] VoxelMesh: Chunk X=-3 Y=-5 Z=6 FlatVerts=0 SlopeVerts=0
[+19:44:08.119] VoxelChunk: GenerateAsync (-6,-6,3)
[+19:44:08.120] VoxelMesh: Chunk X=3 Y=5 Z=6 FlatVerts=0 SlopeVerts=0
[+19:44:08.120] VoxelMesh: Chunk X=-6 Y=-6 Z=3 FlatVerts=0 SlopeVerts=0
[+19:44:08.120] VoxelChunk: GenerateAsync (6,-6,3)
[+19:44:08.122] VoxelMesh: Chunk X=5 Y=5 Z=4 FlatVerts=0 SlopeVerts=0
[+19:44:08.122] VoxelChunk: GenerateAsync (-6,6,3)
[+19:44:08.123] VoxelMesh: Chunk X=6 Y=-6 Z=3 FlatVerts=0 SlopeVerts=0
[+19:44:08.123] VoxelMesh: Chunk X=-5 Y=6 Z=1 FlatVerts=0 SlopeVerts=0
[+19:44:08.123] VoxelChunk: GenerateAsync (-6,5,5)
[+19:44:08.124] VoxelMesh: Chunk X=-6 Y=6 Z=3 FlatVerts=0 SlopeVerts=0
[+19:44:08.125] VoxelMesh: Chunk X=-6 Y=5 Z=5 FlatVerts=0 SlopeVerts=0
[+19:44:08.139] VoxelMesh: Chunk X=3 Y=6 Z=5 FlatVerts=0 SlopeVerts=0
[+19:44:08.139] VoxelChunk: GenerateAsync (6,-4,6)
[+19:44:08.141] VoxelMesh: Chunk X=6 Y=-5 Z=1 FlatVerts=0 SlopeVerts=0
[+19:44:08.141] VoxelChunk: GenerateAsync (-6,-4,6)
[+19:44:08.142] VoxelMesh: Chunk X=6 Y=-4 Z=6 FlatVerts=0 SlopeVerts=0
[+19:44:08.143] VoxelMesh: Chunk X=-3 Y=6 Z=5 FlatVerts=0 SlopeVerts=0
[+19:44:08.143] VoxelMesh: Chunk X=-6 Y=-4 Z=6 FlatVerts=0 SlopeVerts=0
[+19:44:08.143] VoxelChunk: GenerateAsync (6,-5,5)
[+19:44:08.145] VoxelMesh: Chunk X=6 Y=-5 Z=5 FlatVerts=0 SlopeVerts=0
[+19:44:08.145] VoxelMesh: Chunk X=6 Y=-3 Z=5 FlatVerts=0 SlopeVerts=0
[+19:44:08.145] VoxelChunk: GenerateAsync (-6,-5,5)
[+19:44:08.147] VoxelMesh: Chunk X=-6 Y=-5 Z=5 FlatVerts=0 SlopeVerts=0
[+19:44:08.153] VoxelMesh: Chunk X=6 Y=5 Z=1 FlatVerts=0 SlopeVerts=0
[+19:44:08.154] VoxelChunk: GenerateAsync (-5,6,5)
[+19:44:08.155] VoxelMesh: Chunk X=-5 Y=6 Z=5 FlatVerts=0 SlopeVerts=0
[+19:44:08.155] VoxelMesh: Chunk X=4 Y=6 Z=4 FlatVerts=0 SlopeVerts=0
[+19:44:08.156] VoxelChunk: GenerateAsync (-5,-6,5)
[+19:44:08.157] VoxelMesh: Chunk X=5 Y=6 Z=1 FlatVerts=0 SlopeVerts=54
[+19:44:08.157] VoxelChunk: GenerateAsync (4,-6,6)
[+19:44:08.157] VoxelMesh: Chunk X=-5 Y=-6 Z=5 FlatVerts=0 SlopeVerts=0
[+19:44:08.158] VoxelMesh: Chunk X=0 Y=-6 Z=6 FlatVerts=0 SlopeVerts=0
[+19:44:08.159] VoxelChunk: GenerateAsync (-4,-6,6)
[+19:44:08.159] VoxelMesh: Chunk X=4 Y=-6 Z=6 FlatVerts=0 SlopeVerts=54
[+19:44:08.160] VoxelMesh: Chunk X=-4 Y=-6 Z=6 FlatVerts=0 SlopeVerts=0
[+19:44:08.170] VoxelMesh: Chunk X=6 Y=4 Z=4 FlatVerts=0 SlopeVerts=0
[+19:44:08.170] VoxelChunk: GenerateAsync (6,4,6)
[+19:44:08.171] VoxelMesh: Chunk X=-6 Y=5 Z=1 FlatVerts=0 SlopeVerts=0
[+19:44:08.172] VoxelChunk: GenerateAsync (-4,6,6)
[+19:44:08.172] VoxelMesh: Chunk X=6 Y=4 Z=6 FlatVerts=0 SlopeVerts=0
[+19:44:08.173] VoxelMesh: Chunk X=-4 Y=6 Z=6 FlatVerts=0 SlopeVerts=0
[+19:44:08.174] VoxelMesh: Chunk X=6 Y=-4 Z=4 FlatVerts=0 SlopeVerts=0
[+19:44:08.174] VoxelChunk: GenerateAsync (6,5,5)
[+19:44:08.176] VoxelMesh: Chunk X=4 Y=-6 Z=4 FlatVerts=0 SlopeVerts=0
[+19:44:08.176] VoxelChunk: GenerateAsync (4,6,6)
[+19:44:08.176] VoxelMesh: Chunk X=6 Y=5 Z=5 FlatVerts=0 SlopeVerts=0
[+19:44:08.178] VoxelMesh: Chunk X=4 Y=6 Z=6 FlatVerts=0 SlopeVerts=0
[+19:44:08.185] VoxelMesh: Chunk X=-6 Y=0 Z=6 FlatVerts=0 SlopeVerts=0
[+19:44:08.186] VoxelChunk: GenerateAsync (5,6,5)
[+19:44:08.187] VoxelMesh: Chunk X=-4 Y=-6 Z=4 FlatVerts=0 SlopeVerts=0
[+19:44:08.187] VoxelChunk: GenerateAsync (5,-6,5)
[+19:44:08.188] VoxelMesh: Chunk X=-3 Y=-6 Z=5 FlatVerts=0 SlopeVerts=0
[+19:44:08.188] VoxelMesh: Chunk X=5 Y=6 Z=5 FlatVerts=0 SlopeVerts=0
[+19:44:08.188] VoxelChunk: GenerateAsync (-6,4,6)
[+19:44:08.190] VoxelMesh: Chunk X=5 Y=-6 Z=5 FlatVerts=0 SlopeVerts=0
[+19:44:08.191] VoxelMesh: Chunk X=-6 Y=4 Z=6 FlatVerts=0 SlopeVerts=0
[+19:44:08.191] VoxelMesh: Chunk X=6 Y=0 Z=6 FlatVerts=0 SlopeVerts=0
[+19:44:08.191] VoxelChunk: GenerateAsync (-6,-6,4)
[+19:44:08.192] VoxelMesh: Chunk X=-6 Y=-6 Z=4 FlatVerts=0 SlopeVerts=0
[+19:44:08.203] VoxelMesh: Chunk X=0 Y=0 Z=0 FlatVerts=0 SlopeVerts=0
[+19:44:08.203] VoxelChunk: GenerateAsync (1,2,4)
[+19:44:08.205] VoxelMesh: Chunk X=1 Y=2 Z=4 FlatVerts=0 SlopeVerts=0
[+19:44:08.207] VoxelMesh: Chunk X=3 Y=-6 Z=5 FlatVerts=0 SlopeVerts=0
[+19:44:08.207] VoxelChunk: GenerateAsync (6,-6,4)
[+19:44:08.208] VoxelMesh: Chunk X=-6 Y=4 Z=4 FlatVerts=0 SlopeVerts=0
[+19:44:08.209] VoxelMesh: Chunk X=6 Y=-6 Z=4 FlatVerts=0 SlopeVerts=0
[+19:44:08.209] VoxelChunk: GenerateAsync (-6,6,4)
[+19:44:08.210] VoxelMesh: Chunk X=-6 Y=6 Z=4 FlatVerts=0 SlopeVerts=0
[+19:44:08.210] VoxelMesh: Chunk X=6 Y=3 Z=5 FlatVerts=0 SlopeVerts=0
[+19:44:08.211] VoxelChunk: GenerateAsync (6,6,4)
[+19:44:08.212] VoxelMesh: Chunk X=5 Y=-6 Z=1 FlatVerts=0 SlopeVerts=0
[+19:44:08.213] VoxelMesh: Chunk X=6 Y=6 Z=4 FlatVerts=0 SlopeVerts=0
[+19:44:08.214] VoxelChunk: GenerateAsync (6,-5,6)
[+19:44:08.215] VoxelMesh: Chunk X=6 Y=-5 Z=6 FlatVerts=0 SlopeVerts=0
[+19:44:08.223] VoxelMesh: Chunk X=-4 Y=6 Z=4 FlatVerts=0 SlopeVerts=0
[+19:44:08.223] VoxelChunk: GenerateAsync (6,5,6)
[+19:44:08.224] VoxelMesh: Chunk X=0 Y=6 Z=6 FlatVerts=0 SlopeVerts=0
[+19:44:08.224] VoxelChunk: GenerateAsync (-5,-6,6)
[+19:44:08.225] VoxelMesh: Chunk X=6 Y=5 Z=6 FlatVerts=0 SlopeVerts=0
[+19:44:08.227] VoxelMesh: Chunk X=-6 Y=3 Z=5 FlatVerts=0 SlopeVerts=0
[+19:44:08.227] VoxelMesh: Chunk X=-5 Y=-6 Z=6 FlatVerts=0 SlopeVerts=0
[+19:44:08.227] VoxelChunk: GenerateAsync (-5,6,6)
[+19:44:08.228] VoxelMesh: Chunk X=-5 Y=-6 Z=1 FlatVerts=0 SlopeVerts=0
[+19:44:08.228] VoxelChunk: GenerateAsync (-6,5,6)
[+19:44:08.228] VoxelMesh: Chunk X=-5 Y=6 Z=6 FlatVerts=0 SlopeVerts=0
[+19:44:08.229] VoxelMesh: Chunk X=-6 Y=5 Z=6 FlatVerts=0 SlopeVerts=0
[+19:44:08.237] VoxelMesh: Chunk X=-6 Y=5 Z=2 FlatVerts=0 SlopeVerts=0
[+19:44:08.237] VoxelChunk: GenerateAsync (5,-6,6)
[+19:44:08.238] VoxelMesh: Chunk X=6 Y=-5 Z=2 FlatVerts=0 SlopeVerts=0
[+19:44:08.238] VoxelChunk: GenerateAsync (-6,-5,6)
[+19:44:08.239] VoxelMesh: Chunk X=5 Y=-6 Z=6 FlatVerts=0 SlopeVerts=0
[+19:44:08.240] VoxelMesh: Chunk X=5 Y=-6 Z=2 FlatVerts=0 SlopeVerts=0
[+19:44:08.240] VoxelMesh: Chunk X=-6 Y=-5 Z=6 FlatVerts=0 SlopeVerts=0
[+19:44:08.240] VoxelChunk: GenerateAsync (5,6,6)
[+19:44:08.242] VoxelMesh: Chunk X=-6 Y=1 Z=6 FlatVerts=0 SlopeVerts=0
[+19:44:08.242] VoxelChunk: GenerateAsync (6,-6,5)
[+19:44:08.243] VoxelMesh: Chunk X=5 Y=6 Z=6 FlatVerts=0 SlopeVerts=0
[+19:44:08.244] VoxelMesh: Chunk X=6 Y=-6 Z=5 FlatVerts=0 SlopeVerts=0
[+19:44:08.252] VoxelMesh: Chunk X=1 Y=-6 Z=6 FlatVerts=0 SlopeVerts=0
[+19:44:08.252] VoxelChunk: GenerateAsync (-6,-6,5)
[+19:44:08.253] VoxelMesh: Chunk X=-1 Y=-6 Z=6 FlatVerts=0 SlopeVerts=0
[+19:44:08.254] VoxelChunk: GenerateAsync (-6,6,5)
[+19:44:08.254] VoxelMesh: Chunk X=-6 Y=-6 Z=5 FlatVerts=0 SlopeVerts=0
[+19:44:08.255] VoxelMesh: Chunk X=6 Y=5 Z=0 FlatVerts=0 SlopeVerts=0
[+19:44:08.255] VoxelChunk: GenerateAsync (6,6,5)
[+19:44:08.256] VoxelMesh: Chunk X=-6 Y=6 Z=5 FlatVerts=0 SlopeVerts=0
[+19:44:08.257] VoxelMesh: Chunk X=6 Y=6 Z=5 FlatVerts=0 SlopeVerts=0
[+19:44:08.257] VoxelMesh: Chunk X=-5 Y=6 Z=2 FlatVerts=0 SlopeVerts=0
[+19:44:08.257] VoxelChunk: GenerateAsync (-6,-6,6)
[+19:44:08.258] VoxelMesh: Chunk X=-6 Y=-6 Z=6 FlatVerts=0 SlopeVerts=0
[+19:44:08.265] VoxelMesh: Chunk X=-5 Y=-6 Z=0 FlatVerts=0 SlopeVerts=0
[+19:44:08.266] VoxelChunk: GenerateAsync (6,-6,6)
[+19:44:08.267] VoxelMesh: Chunk X=5 Y=6 Z=2 FlatVerts=0 SlopeVerts=0
[+19:44:08.267] VoxelChunk: GenerateAsync (6,6,6)
[+19:44:08.268] VoxelMesh: Chunk X=6 Y=-6 Z=6 FlatVerts=0 SlopeVerts=0
[+19:44:08.269] VoxelMesh: Chunk X=-6 Y=5 Z=0 FlatVerts=0 SlopeVerts=0
[+19:44:08.269] VoxelChunk: GenerateAsync (-6,6,6)
[+19:44:08.270] VoxelMesh: Chunk X=6 Y=6 Z=6 FlatVerts=0 SlopeVerts=0
[+19:44:08.271] VoxelMesh: Chunk X=6 Y=-5 Z=0 FlatVerts=0 SlopeVerts=0
[+19:44:08.271] VoxelChunk: GenerateAsync (-12,-8,0)
[+19:44:08.271] VoxelMesh: Chunk X=-6 Y=6 Z=6 FlatVerts=0 SlopeVerts=0
[+19:44:08.272] VoxelMesh: Chunk X=-12 Y=-8 Z=0 FlatVerts=0 SlopeVerts=0
[+19:44:08.278] VoxelMesh: Chunk X=-5 Y=-6 Z=2 FlatVerts=0 SlopeVerts=0
[+19:44:08.279] VoxelChunk: GenerateAsync (-12,-9,0)
[+19:44:08.280] VoxelMesh: Chunk X=1 Y=6 Z=6 FlatVerts=0 SlopeVerts=0
[+19:44:08.280] VoxelChunk: GenerateAsync (-13,-8,0)
[+19:44:08.280] VoxelMesh: Chunk X=-13 Y=-8 Z=0 FlatVerts=0 SlopeVerts=0
[+19:44:08.280] VoxelMesh: Chunk X=-12 Y=-9 Z=0 FlatVerts=0 SlopeVerts=0
[+19:44:08.281] VoxelMesh: Chunk X=6 Y=5 Z=2 FlatVerts=0 SlopeVerts=0
[+19:44:08.281] VoxelChunk: GenerateAsync (-11,-8,0)
[+19:44:08.282] VoxelMesh: Chunk X=-11 Y=-8 Z=0 FlatVerts=0 SlopeVerts=0
[+19:44:08.282] VoxelMesh: Chunk X=6 Y=1 Z=6 FlatVerts=0 SlopeVerts=0
[+19:44:08.282] VoxelChunk: GenerateAsync (-12,-7,0)
[+19:44:08.283] VoxelMesh: Chunk X=-12 Y=-7 Z=0 FlatVerts=0 SlopeVerts=0
[+19:44:08.291] VoxelMesh: Chunk X=-5 Y=6 Z=0 FlatVerts=0 SlopeVerts=0
[+19:44:08.291] VoxelChunk: GenerateAsync (-13,-9,0)
[+19:44:08.292] VoxelMesh: Chunk X=-1 Y=6 Z=6 FlatVerts=0 SlopeVerts=0
[+19:44:08.292] VoxelChunk: GenerateAsync (-13,-7,0)
[+19:44:08.292] VoxelMesh: Chunk X=-13 Y=-9 Z=0 FlatVerts=0 SlopeVerts=0
[+19:44:08.292] VoxelMesh: Chunk X=5 Y=6 Z=0 FlatVerts=0 SlopeVerts=0
[+19:44:08.292] VoxelChunk: GenerateAsync (-11,-7,0)
[+19:44:08.293] VoxelMesh: Chunk X=-13 Y=-7 Z=0 FlatVerts=0 SlopeVerts=0
[+19:44:08.293] VoxelMesh: Chunk X=-11 Y=-7 Z=0 FlatVerts=0 SlopeVerts=0
[+19:44:08.293] VoxelMesh: Chunk X=5 Y=-6 Z=0 FlatVerts=0 SlopeVerts=0
[+19:44:08.294] VoxelChunk: GenerateAsync (-11,-9,0)
[+19:44:08.296] VoxelMesh: Chunk X=-11 Y=-9 Z=0 FlatVerts=0 SlopeVerts=0
[+19:44:08.307] VoxelMesh: Chunk X=0 Y=0 Z=0 FlatVerts=0 SlopeVerts=0
[+19:44:08.307] VoxelChunk: GenerateAsync (2,2,4)
[+19:44:08.308] VoxelMesh: Chunk X=2 Y=2 Z=4 FlatVerts=0 SlopeVerts=3294
[+19:44:08.312] VoxelMesh: Chunk X=6 Y=-1 Z=6 FlatVerts=0 SlopeVerts=0
[+19:44:08.312] VoxelChunk: GenerateAsync (-12,-8,-1)
[+19:44:08.313] VoxelMesh: Chunk X=-6 Y=-1 Z=6 FlatVerts=1704 SlopeVerts=0
[+19:44:08.313] VoxelChunk: GenerateAsync (-10,-8,1)
[+19:44:08.314] VoxelMesh: Chunk X=-12 Y=-8 Z=-1 FlatVerts=0 SlopeVerts=0
[+19:44:08.314] VoxelMesh: Chunk X=6 Y=5 Z=3 FlatVerts=1830 SlopeVerts=0
[+19:44:08.314] VoxelMesh: Chunk X=-10 Y=-8 Z=1 FlatVerts=1704 SlopeVerts=0
[+19:44:08.314] VoxelChunk: GenerateAsync (-14,-8,1)
[+19:44:08.316] VoxelMesh: Chunk X=-14 Y=-8 Z=1 FlatVerts=1830 SlopeVerts=0
[+19:44:08.317] VoxelMesh: Chunk X=2 Y=6 Z=6 FlatVerts=0 SlopeVerts=0
[+19:44:08.317] VoxelChunk: GenerateAsync (-12,-10,1)
[+19:44:08.318] VoxelMesh: Chunk X=-12 Y=-10 Z=1 FlatVerts=0 SlopeVerts=0
[+19:44:08.331] VoxelMesh: Chunk X=6 Y=-2 Z=6 FlatVerts=72 SlopeVerts=276
[+19:44:08.331] VoxelChunk: GenerateAsync (-12,-6,1)
[+19:44:08.332] VoxelMesh: Chunk X=-12 Y=-6 Z=1 FlatVerts=72 SlopeVerts=276
[+19:44:08.333] VoxelMesh: Chunk X=-5 Y=6 Z=3 FlatVerts=0 SlopeVerts=0
[+19:44:36.135] VoxelChunk: GenerateAsync (-10,-8,2)
[+19:44:36.136] VoxelMesh: Chunk X=2 Y=-6 Z=6 FlatVerts=2520 SlopeVerts=54
[+19:44:36.136] VoxelMesh: Chunk X=-10 Y=-8 Z=2 FlatVerts=0 SlopeVerts=0
[+19:44:36.137] VoxelChunk: GenerateAsync (-14,-7,1)
[+19:44:36.138] VoxelMesh: Chunk X=-6 Y=5 Z=3 FlatVerts=960 SlopeVerts=1956
[+19:44:36.138] VoxelMesh: Chunk X=-14 Y=-7 Z=1 FlatVerts=2520 SlopeVerts=54
[+19:44:36.138] VoxelChunk: GenerateAsync (-11,-6,1)
[+19:44:36.138] VoxelMesh: Chunk X=-11 Y=-6 Z=1 FlatVerts=960 SlopeVerts=1956
[+19:44:36.331] VoxelChunk: GenerateAsync (-11,-6,1)
[+19:44:36.331] VoxelChunk: GenerateAsync (-14,-7,1)
[+19:44:36.331] VoxelChunk: GenerateAsync (-10,-8,2)
[+19:44:36.331] VoxelChunk: GenerateAsync (-12,-6,1)
[+19:44:36.331] VoxelChunk: GenerateAsync (-12,-10,1)
[+19:44:36.331] VoxelChunk: GenerateAsync (-14,-8,1)
[+19:44:36.331] VoxelChunk: GenerateAsync (-10,-8,1)
[+19:44:36.331] VoxelChunk: GenerateAsync (-12,-8,-1)
[+19:44:36.331] VoxelChunk: GenerateAsync (-11,-9,0)
[+19:44:36.331] VoxelChunk: GenerateAsync (-11,-7,0)
[+19:44:36.331] VoxelChunk: GenerateAsync (-13,-7,0)
[+19:44:36.331] VoxelChunk: GenerateAsync (-13,-9,0)
[+19:44:36.331] VoxelChunk: GenerateAsync (-12,-7,0)
[+19:44:36.331] VoxelChunk: GenerateAsync (-11,-8,0)
[+19:44:36.331] VoxelChunk: GenerateAsync (-13,-8,0)
[+19:44:36.331] VoxelChunk: GenerateAsync (-12,-9,0)
[+19:44:36.331] VoxelChunk: GenerateAsync (-12,-8,0)
[+19:44:36.331] VoxelChunk: GenerateAsync (-6,-6,5)
[+19:44:36.331] VoxelChunk: GenerateAsync (-6,-6,4)
[+19:44:36.331] VoxelChunk: GenerateAsync (-6,-5,5)
[+19:44:36.331] VoxelChunk: GenerateAsync (-6,-6,3)
[+19:44:36.331] VoxelChunk: GenerateAsync (-6,-6,0)
[+19:44:36.331] VoxelMesh: Chunk X=-10 Y=-8 Z=2 FlatVerts=0 SlopeVerts=0
[+19:44:36.331] VoxelMesh: Chunk X=-12 Y=-6 Z=1 FlatVerts=0 SlopeVerts=0
[+19:44:36.331] VoxelMesh: Chunk X=-14 Y=-7 Z=1 FlatVerts=162 SlopeVerts=0
[+19:44:36.331] VoxelMesh: Chunk X=-12 Y=-10 Z=1 FlatVerts=0 SlopeVerts=0
[+19:44:36.331] VoxelMesh: Chunk X=-10 Y=-8 Z=1 FlatVerts=114 SlopeVerts=18
[+19:44:36.332] VoxelMesh: Chunk X=-12 Y=-8 Z=-1 FlatVerts=0 SlopeVerts=0
[+19:44:36.332] VoxelMesh: Chunk X=-11 Y=-7 Z=0 FlatVerts=0 SlopeVerts=0
[+19:44:36.332] VoxelMesh: Chunk X=-13 Y=-7 Z=0 FlatVerts=0 SlopeVerts=0
[+19:44:36.332] VoxelMesh: Chunk X=-11 Y=-9 Z=0 FlatVerts=0 SlopeVerts=0
[+19:44:36.332] VoxelMesh: Chunk X=-13 Y=-8 Z=0 FlatVerts=0 SlopeVerts=0
[+19:44:36.332] VoxelMesh: Chunk X=-11 Y=-6 Z=1 FlatVerts=78 SlopeVerts=78
[+19:44:36.332] VoxelMesh: Chunk X=-12 Y=-8 Z=0 FlatVerts=0 SlopeVerts=0
[+19:44:36.332] VoxelMesh: Chunk X=-12 Y=-7 Z=0 FlatVerts=0 SlopeVerts=0
[+19:44:36.332] VoxelMesh: Chunk X=-13 Y=-9 Z=0 FlatVerts=0 SlopeVerts=0
[+19:44:36.332] VoxelMesh: Chunk X=-14 Y=-8 Z=1 FlatVerts=102 SlopeVerts=0
[+19:44:36.332] VoxelMesh: Chunk X=-12 Y=-9 Z=0 FlatVerts=0 SlopeVerts=0
[+19:44:36.332] VoxelMesh: Chunk X=-6 Y=-6 Z=4 FlatVerts=0 SlopeVerts=0
[+19:44:36.332] VoxelMesh: Chunk X=-6 Y=-6 Z=0 FlatVerts=0 SlopeVerts=0
[+19:44:36.332] VoxelMesh: Chunk X=-6 Y=-6 Z=5 FlatVerts=0 SlopeVerts=0
[+19:44:36.333] VoxelMesh: Chunk X=-6 Y=-5 Z=5 FlatVerts=0 SlopeVerts=0
[+19:44:36.333] VoxelMesh: Chunk X=-6 Y=-6 Z=3 FlatVerts=0 SlopeVerts=0
[+19:44:36.333] VoxelMesh: Chunk X=-11 Y=-8 Z=0 FlatVerts=0 SlopeVerts=0
[+19:44:36.333] VoxelMesh: Chunk X=6 Y=-6 Z=2 FlatVerts=0 SlopeVerts=0
[+19:44:36.333] VoxelChunk: GenerateAsync (-12,-9,-1)
[+19:44:36.335] VoxelMesh: Chunk X=6 Y=-6 Z=0 FlatVerts=1836 SlopeVerts=0
[+19:44:36.335] VoxelChunk: GenerateAsync (-10,-7,1)
[+19:44:36.335] VoxelMesh: Chunk X=-12 Y=-9 Z=-1 FlatVerts=0 SlopeVerts=0
[+19:44:36.336] VoxelMesh: Chunk X=5 Y=5 Z=6 FlatVerts=1002 SlopeVerts=1302
[+19:44:36.336] VoxelMesh: Chunk X=-10 Y=-7 Z=1 FlatVerts=1836 SlopeVerts=0
[+19:44:36.337] VoxelChunk: GenerateAsync (-10,-9,1)
[+19:44:36.337] VoxelMesh: Chunk X=5 Y=-5 Z=6 FlatVerts=48 SlopeVerts=372
[+19:44:36.337] VoxelChunk: GenerateAsync (-13,-6,1)
[+19:44:36.338] VoxelMesh: Chunk X=-10 Y=-9 Z=1 FlatVerts=1002 SlopeVerts=1302
[+19:44:36.339] VoxelMesh: Chunk X=-13 Y=-6 Z=1 FlatVerts=48 SlopeVerts=372
[+19:44:36.504] VoxelMesh: Chunk X=0 Y=0 Z=0 FlatVerts=0 SlopeVerts=0
[+19:44:36.504] VoxelChunk: GenerateAsync (3,2,4)
[+19:44:36.505] VoxelMesh: Chunk X=3 Y=2 Z=4 FlatVerts=276 SlopeVerts=2958
[+19:44:36.647] VoxelMesh: Chunk X=0 Y=0 Z=0 FlatVerts=0 SlopeVerts=0
[+19:44:36.648] VoxelChunk: GenerateAsync (-3,3,4)
[+19:44:36.650] VoxelMesh: Chunk X=-3 Y=3 Z=4 FlatVerts=6 SlopeVerts=1002
[+19:44:36.967] VoxelMesh: Chunk X=0 Y=0 Z=0 FlatVerts=0 SlopeVerts=0
[+19:44:36.968] VoxelChunk: GenerateAsync (-2,3,4)
[+19:44:36.974] VoxelMesh: Chunk X=-2 Y=3 Z=4 FlatVerts=0 SlopeVerts=0
[+19:44:37.285] VoxelMesh: Chunk X=0 Y=0 Z=0 FlatVerts=0 SlopeVerts=0
[+19:44:37.285] VoxelChunk: GenerateAsync (-1,3,4)
[+19:44:37.286] VoxelMesh: Chunk X=-1 Y=3 Z=4 FlatVerts=0 SlopeVerts=0
[+19:44:37.617] VoxelMesh: Chunk X=0 Y=0 Z=0 FlatVerts=0 SlopeVerts=0
[+19:44:37.617] VoxelChunk: GenerateAsync (0,3,4)
[+19:44:37.619] VoxelMesh: Chunk X=0 Y=3 Z=4 FlatVerts=0 SlopeVerts=0
[+19:44:37.950] VoxelMesh: Chunk X=0 Y=0 Z=0 FlatVerts=0 SlopeVerts=0
[+19:44:37.950] VoxelChunk: GenerateAsync (1,3,4)
[+19:44:37.952] VoxelMesh: Chunk X=1 Y=3 Z=4 FlatVerts=0 SlopeVerts=6
[+19:44:38.284] VoxelMesh: Chunk X=0 Y=0 Z=0 FlatVerts=0 SlopeVerts=0
[+19:44:38.284] VoxelChunk: GenerateAsync (2,3,4)
[+19:44:38.286] VoxelMesh: Chunk X=2 Y=3 Z=4 FlatVerts=0 SlopeVerts=3090
[+19:44:38.617] VoxelMesh: Chunk X=0 Y=0 Z=0 FlatVerts=0 SlopeVerts=0
[+19:44:38.617] VoxelChunk: GenerateAsync (3,3,4)
[+19:44:38.617] VoxelWorld: Editor generation complete, 441 chunks.
[+19:44:38.620] VoxelMesh: Chunk X=3 Y=3 Z=4 FlatVerts=0 SlopeVerts=648
