=== FIRSTVOXEL SESSION [2026.03.17-02.30.42] ===
[+02:30:42.646] FirstVoxel module started.
[+02:31:01.783] VoxelWorld: GenerateWorldDeferred started.
[+02:31:01.783] VoxelWorld: Queued 245 chunks.
[+02:31:01.883] VoxelMesh: Chunk X=0 Y=0 Z=0 FlatVerts=5964 SlopeVerts=9672
[+02:31:01.896] VoxelChunk: GenerateAsync (0,0,0)
[+02:31:01.898] VoxelMesh: Chunk X=0 Y=0 Z=0 FlatVerts=1278 SlopeVerts=732
[+02:31:01.986] VoxelMesh: Chunk X=0 Y=0 Z=0 FlatVerts=4134 SlopeVerts=12660
[+02:31:02.001] VoxelChunk: GenerateAsync (1,0,0)
[+02:31:02.001] VoxelMesh: Chunk X=1 Y=0 Z=0 FlatVerts=156 SlopeVerts=42
[+02:31:02.086] VoxelMesh: Chunk X=0 Y=0 Z=0 FlatVerts=7866 SlopeVerts=5814
[+02:31:02.098] VoxelChunk: GenerateAsync (1,1,0)
[+02:31:02.099] VoxelMesh: Chunk X=1 Y=1 Z=0 FlatVerts=1350 SlopeVerts=606
[+02:31:02.192] VoxelMesh: Chunk X=0 Y=0 Z=0 FlatVerts=1302 SlopeVerts=5070
[+02:31:02.196] VoxelChunk: GenerateAsync (1,1,1)
[+02:31:02.197] VoxelMesh: Chunk X=1 Y=1 Z=1 FlatVerts=186 SlopeVerts=1626
[+02:31:02.296] VoxelMesh: Chunk X=0 Y=0 Z=0 FlatVerts=186 SlopeVerts=1626
[+02:31:02.298] VoxelChunk: GenerateAsync (0,1,1)
[+02:31:02.299] VoxelMesh: Chunk X=0 Y=1 Z=1 FlatVerts=0 SlopeVerts=0
[+02:31:02.405] VoxelMesh: Chunk X=0 Y=0 Z=0 FlatVerts=0 SlopeVerts=0
[+02:31:02.406] VoxelChunk: GenerateAsync (-1,1,1)
[+02:31:02.512] VoxelMesh: Chunk X=0 Y=0 Z=0 FlatVerts=2310 SlopeVerts=19704
[+02:31:02.529] VoxelChunk: GenerateAsync (1,0,1)
[+02:31:02.529] VoxelMesh: Chunk X=1 Y=0 Z=1 FlatVerts=576 SlopeVerts=4626
[+02:31:02.613] VoxelMesh: Chunk X=0 Y=0 Z=0 FlatVerts=822 SlopeVerts=10194
[+02:31:02.620] VoxelChunk: GenerateAsync (0,0,1)
[+02:31:02.621] VoxelMesh: Chunk X=0 Y=0 Z=1 FlatVerts=90 SlopeVerts=2058
[+02:31:02.723] VoxelMesh: Chunk X=0 Y=0 Z=0 FlatVerts=1428 SlopeVerts=786
[+02:31:02.726] VoxelChunk: GenerateAsync (0,-1,-1)
[+02:31:02.827] VoxelMesh: Chunk X=0 Y=0 Z=0 FlatVerts=174 SlopeVerts=60
[+02:31:02.827] VoxelChunk: GenerateAsync (1,-1,-1)
[+02:31:02.926] VoxelMesh: Chunk X=0 Y=0 Z=0 FlatVerts=9138 SlopeVerts=2238
[+02:31:02.939] VoxelChunk: GenerateAsync (0,1,0)
[+02:31:02.940] VoxelMesh: Chunk X=0 Y=1 Z=0 FlatVerts=2280 SlopeVerts=30
[+02:31:03.033] VoxelMesh: Chunk X=0 Y=0 Z=0 FlatVerts=9684 SlopeVerts=30
[+02:31:03.043] VoxelChunk: GenerateAsync (-1,1,-1)
[+02:31:03.134] VoxelMesh: Chunk X=0 Y=0 Z=0 FlatVerts=8196 SlopeVerts=2832
[+02:31:03.146] VoxelChunk: GenerateAsync (-1,0,0)
[+02:31:03.146] VoxelMesh: Chunk X=-1 Y=0 Z=0 FlatVerts=2124 SlopeVerts=48
[+02:31:03.239] VoxelMesh: Chunk X=0 Y=0 Z=0 FlatVerts=1848 SlopeVerts=9348
[+02:31:03.247] VoxelChunk: GenerateAsync (-1,-1,1)
[+02:31:03.248] VoxelMesh: Chunk X=-1 Y=-1 Z=1 FlatVerts=618 SlopeVerts=1266
[+02:31:03.338] VoxelMesh: Chunk X=0 Y=0 Z=0 FlatVerts=5058 SlopeVerts=1416
[+02:31:03.346] VoxelChunk: GenerateAsync (0,0,-1)
[+02:31:03.446] VoxelMesh: Chunk X=0 Y=0 Z=0 FlatVerts=6066 SlopeVerts=8094
[+02:31:03.458] VoxelChunk: GenerateAsync (-1,-1,0)
[+02:31:03.459] VoxelMesh: Chunk X=-1 Y=-1 Z=0 FlatVerts=1050 SlopeVerts=696
[+02:31:03.554] VoxelMesh: Chunk X=0 Y=0 Z=0 FlatVerts=2976 SlopeVerts=12210
[+02:31:03.564] VoxelChunk: GenerateAsync (0,-1,0)
[+02:31:03.565] VoxelMesh: Chunk X=0 Y=-1 Z=0 FlatVerts=0 SlopeVerts=6
[+02:31:03.655] VoxelMesh: Chunk X=0 Y=0 Z=0 FlatVerts=90 SlopeVerts=2118
[+02:31:03.656] VoxelChunk: GenerateAsync (-1,0,1)
[+02:31:03.658] VoxelMesh: Chunk X=-1 Y=0 Z=1 FlatVerts=0 SlopeVerts=0
[+02:31:03.758] VoxelMesh: Chunk X=0 Y=0 Z=0 FlatVerts=9684 SlopeVerts=30
[+02:31:03.770] VoxelChunk: GenerateAsync (-1,1,0)
[+02:31:03.771] VoxelMesh: Chunk X=-1 Y=1 Z=0 FlatVerts=2388 SlopeVerts=0
[+02:31:03.864] VoxelMesh: Chunk X=0 Y=0 Z=0 FlatVerts=8928 SlopeVerts=636
[+02:31:03.875] VoxelChunk: GenerateAsync (0,1,-1)
[+02:31:03.966] VoxelMesh: Chunk X=0 Y=0 Z=0 FlatVerts=8070 SlopeVerts=810
[+02:31:03.976] VoxelChunk: GenerateAsync (-1,0,-1)
[+02:31:04.069] VoxelMesh: Chunk X=0 Y=0 Z=0 FlatVerts=1374 SlopeVerts=10620
[+02:31:04.077] VoxelChunk: GenerateAsync (1,-1,0)
[+02:31:04.169] VoxelMesh: Chunk X=0 Y=0 Z=0 FlatVerts=6516 SlopeVerts=1164
[+02:31:04.178] VoxelChunk: GenerateAsync (1,1,-1)
[+02:31:04.269] VoxelMesh: Chunk X=0 Y=0 Z=0 FlatVerts=1788 SlopeVerts=942
[+02:31:04.272] VoxelChunk: GenerateAsync (1,0,-1)
[+02:31:04.376] VoxelMesh: Chunk X=0 Y=0 Z=0 FlatVerts=1266 SlopeVerts=24498
[+02:31:04.395] VoxelChunk: GenerateAsync (1,-1,1)
[+02:31:04.396] VoxelMesh: Chunk X=1 Y=-1 Z=1 FlatVerts=24 SlopeVerts=1404
[+02:31:04.481] VoxelMesh: Chunk X=0 Y=0 Z=0 FlatVerts=1830 SlopeVerts=20022
[+02:31:04.497] VoxelChunk: GenerateAsync (0,-1,1)
[+02:31:04.498] VoxelMesh: Chunk X=0 Y=-1 Z=1 FlatVerts=882 SlopeVerts=3312
[+02:31:04.587] VoxelMesh: Chunk X=0 Y=0 Z=0 FlatVerts=4452 SlopeVerts=1482
[+02:31:04.593] VoxelChunk: GenerateAsync (-1,-1,-1)
[+02:31:04.694] VoxelChunk: GenerateAsync (1,0,-2)
[+02:31:04.796] VoxelChunk: GenerateAsync (2,0,-2)
[+02:31:04.898] VoxelChunk: GenerateAsync (0,-1,-2)
[+02:31:05.000] VoxelChunk: GenerateAsync (1,-1,-2)
[+02:31:05.101] VoxelChunk: GenerateAsync (-1,-2,-2)
[+02:31:05.208] VoxelChunk: GenerateAsync (-2,-2,-2)
[+02:31:05.310] VoxelChunk: GenerateAsync (2,-1,-2)
[+02:31:05.410] VoxelChunk: GenerateAsync (0,1,-2)
[+02:31:05.510] VoxelChunk: GenerateAsync (1,1,-2)
[+02:31:05.612] VoxelChunk: GenerateAsync (1,-2,-2)
[+02:31:05.713] VoxelChunk: GenerateAsync (2,1,-2)
[+02:31:05.813] VoxelChunk: GenerateAsync (-2,2,-2)
[+02:31:05.919] VoxelChunk: GenerateAsync (-2,0,-2)
[+02:31:06.027] VoxelChunk: GenerateAsync (-2,-1,-2)
[+02:31:06.129] VoxelChunk: GenerateAsync (-1,2,-2)
[+02:31:06.230] VoxelChunk: GenerateAsync (0,2,-2)
[+02:31:06.331] VoxelChunk: GenerateAsync (-1,0,-2)
[+02:31:06.431] VoxelChunk: GenerateAsync (1,2,-2)
[+02:31:06.532] VoxelChunk: GenerateAsync (2,2,-2)
[+02:31:06.639] VoxelChunk: GenerateAsync (0,0,-2)
[+02:31:06.746] VoxelChunk: GenerateAsync (-1,-1,-2)
[+02:31:06.847] VoxelChunk: GenerateAsync (2,-2,-2)
[+02:31:06.949] VoxelChunk: GenerateAsync (0,-2,-2)
[+02:31:07.049] VoxelChunk: GenerateAsync (-2,1,-2)
[+02:31:07.150] VoxelChunk: GenerateAsync (-1,1,-2)
[+02:31:07.253] VoxelMesh: Chunk X=0 Y=0 Z=0 FlatVerts=0 SlopeVerts=6
[+02:31:07.254] VoxelChunk: GenerateAsync (1,2,2)
[+02:31:07.363] VoxelMesh: Chunk X=0 Y=0 Z=0 FlatVerts=3258 SlopeVerts=1536
[+02:31:07.368] VoxelChunk: GenerateAsync (2,1,-1)
[+02:31:07.461] VoxelMesh: Chunk X=0 Y=0 Z=0 FlatVerts=0 SlopeVerts=0
[+02:31:07.462] VoxelChunk: GenerateAsync (-2,1,1)
[+02:31:07.561] VoxelMesh: Chunk X=0 Y=0 Z=0 FlatVerts=3390 SlopeVerts=966
[+02:31:07.566] VoxelChunk: GenerateAsync (-2,-2,-1)
[+02:31:07.675] VoxelChunk: GenerateAsync (1,-2,-1)
[+02:31:07.774] VoxelChunk: GenerateAsync (-2,1,2)
[+02:31:07.881] VoxelMesh: Chunk X=0 Y=0 Z=0 FlatVerts=1176 SlopeVerts=24630
[+02:31:07.900] VoxelChunk: GenerateAsync (0,-2,2)
[+02:31:07.901] VoxelMesh: Chunk X=0 Y=-2 Z=2 FlatVerts=222 SlopeVerts=3372
[+02:31:07.986] VoxelMesh: Chunk X=0 Y=0 Z=0 FlatVerts=90 SlopeVerts=888
[+02:31:07.987] VoxelChunk: GenerateAsync (-2,2,1)
[+02:31:07.988] VoxelMesh: Chunk X=-2 Y=2 Z=1 FlatVerts=0 SlopeVerts=0
[+02:31:08.089] VoxelMesh: Chunk X=0 Y=0 Z=0 FlatVerts=1242 SlopeVerts=22686
[+02:31:08.106] VoxelChunk: GenerateAsync (2,-1,1)
[+02:31:08.108] VoxelMesh: Chunk X=2 Y=-1 Z=1 FlatVerts=108 SlopeVerts=1872
[+02:31:08.192] VoxelMesh: Chunk X=0 Y=0 Z=0 FlatVerts=7254 SlopeVerts=972
[+02:31:08.200] VoxelChunk: GenerateAsync (-2,-1,-1)
[+02:31:08.296] VoxelMesh: Chunk X=0 Y=0 Z=0 FlatVerts=132 SlopeVerts=3276
[+02:31:08.298] VoxelChunk: GenerateAsync (1,-2,0)
[+02:31:08.395] VoxelChunk: GenerateAsync (0,1,2)
[+02:31:08.502] VoxelMesh: Chunk X=0 Y=0 Z=0 FlatVerts=2616 SlopeVerts=10362
[+02:31:08.512] VoxelChunk: GenerateAsync (2,0,0)
[+02:31:08.513] VoxelMesh: Chunk X=2 Y=0 Z=0 FlatVerts=18 SlopeVerts=18
[+02:31:08.607] VoxelMesh: Chunk X=0 Y=0 Z=0 FlatVerts=948 SlopeVerts=23262
[+02:31:08.624] VoxelChunk: GenerateAsync (1,-2,2)
[+02:31:08.625] VoxelMesh: Chunk X=1 Y=-2 Z=2 FlatVerts=96 SlopeVerts=198
[+02:31:08.706] VoxelChunk: GenerateAsync (-2,0,2)
[+02:31:08.807] VoxelMesh: Chunk X=0 Y=0 Z=0 FlatVerts=180 SlopeVerts=246
[+02:31:08.808] VoxelChunk: GenerateAsync (0,2,1)
[+02:31:08.908] VoxelMesh: Chunk X=0 Y=0 Z=0 FlatVerts=1566 SlopeVerts=15888
[+02:31:08.921] VoxelChunk: GenerateAsync (0,-2,1)
[+02:31:08.922] VoxelMesh: Chunk X=0 Y=-2 Z=1 FlatVerts=30 SlopeVerts=888
[+02:31:09.010] VoxelMesh: Chunk X=0 Y=0 Z=0 FlatVerts=0 SlopeVerts=378
[+02:31:09.011] VoxelChunk: GenerateAsync (1,1,2)
[+02:31:09.115] VoxelMesh: Chunk X=0 Y=0 Z=0 FlatVerts=432 SlopeVerts=972
[+02:31:09.117] VoxelChunk: GenerateAsync (2,0,-1)
[+02:31:09.215] VoxelMesh: Chunk X=0 Y=0 Z=0 FlatVerts=2214 SlopeVerts=12114
[+02:31:09.225] VoxelChunk: GenerateAsync (-2,-2,1)
[+02:31:09.226] VoxelMesh: Chunk X=-2 Y=-2 Z=1 FlatVerts=984 SlopeVerts=3504
[+02:31:09.322] VoxelMesh: Chunk X=0 Y=0 Z=0 FlatVerts=5508 SlopeVerts=9018
[+02:31:09.334] VoxelChunk: GenerateAsync (-2,-2,0)
[+02:31:09.336] VoxelMesh: Chunk X=-2 Y=-2 Z=0 FlatVerts=282 SlopeVerts=36
[+02:31:09.426] VoxelMesh: Chunk X=0 Y=0 Z=0 FlatVerts=132 SlopeVerts=4170
[+02:31:09.429] VoxelChunk: GenerateAsync (2,-2,0)
[+02:31:09.533] VoxelMesh: Chunk X=0 Y=0 Z=0 FlatVerts=8646 SlopeVerts=1740
[+02:31:09.544] VoxelChunk: GenerateAsync (-2,2,0)
[+02:31:09.545] VoxelMesh: Chunk X=-2 Y=2 Z=0 FlatVerts=2316 SlopeVerts=0
[+02:31:09.639] VoxelMesh: Chunk X=0 Y=0 Z=0 FlatVerts=0 SlopeVerts=6
[+02:31:09.639] VoxelChunk: GenerateAsync (0,-2,-1)
[+02:31:09.738] VoxelMesh: Chunk X=0 Y=0 Z=0 FlatVerts=8184 SlopeVerts=3600
[+02:31:09.749] VoxelChunk: GenerateAsync (2,2,1)
[+02:31:09.750] VoxelMesh: Chunk X=2 Y=2 Z=1 FlatVerts=102 SlopeVerts=186
[+02:31:09.841] VoxelMesh: Chunk X=0 Y=0 Z=0 FlatVerts=8796 SlopeVerts=402
[+02:31:09.852] VoxelChunk: GenerateAsync (1,2,-1)
[+02:31:09.942] VoxelMesh: Chunk X=0 Y=0 Z=0 FlatVerts=9678 SlopeVerts=0
[+02:31:09.948] VoxelChunk: GenerateAsync (-2,1,0)
[+02:31:09.949] VoxelMesh: Chunk X=-2 Y=1 Z=0 FlatVerts=2622 SlopeVerts=0
[+02:31:10.050] VoxelMesh: Chunk X=0 Y=0 Z=0 FlatVerts=912 SlopeVerts=25254
[+02:31:10.069] VoxelChunk: GenerateAsync (2,-2,2)
[+02:31:10.071] VoxelMesh: Chunk X=2 Y=-2 Z=2 FlatVerts=0 SlopeVerts=18
[+02:31:10.153] VoxelMesh: Chunk X=0 Y=0 Z=0 FlatVerts=270 SlopeVerts=2730
[+02:31:10.155] VoxelChunk: GenerateAsync (-1,-1,2)
[+02:31:10.253] VoxelMesh: Chunk X=0 Y=0 Z=0 FlatVerts=0 SlopeVerts=60
[+02:31:10.253] VoxelChunk: GenerateAsync (-1,0,2)
[+02:31:10.354] VoxelMesh: Chunk X=0 Y=0 Z=0 FlatVerts=11790 SlopeVerts=1494
[+02:31:10.369] VoxelChunk: GenerateAsync (1,2,0)
[+02:31:10.370] VoxelMesh: Chunk X=1 Y=2 Z=0 FlatVerts=2634 SlopeVerts=0
[+02:31:10.463] VoxelMesh: Chunk X=0 Y=0 Z=0 FlatVerts=9186 SlopeVerts=0
[+02:31:10.469] VoxelChunk: GenerateAsync (-1,2,-1)
[+02:31:10.568] VoxelMesh: Chunk X=0 Y=0 Z=0 FlatVerts=8550 SlopeVerts=858
[+02:31:10.578] VoxelChunk: GenerateAsync (-2,2,-1)
[+02:31:10.673] VoxelMesh: Chunk X=0 Y=0 Z=0 FlatVerts=288 SlopeVerts=9858
[+02:31:10.679] VoxelChunk: GenerateAsync (1,-2,1)
[+02:31:10.772] VoxelMesh: Chunk X=0 Y=0 Z=0 FlatVerts=10074 SlopeVerts=324
[+02:31:10.783] VoxelChunk: GenerateAsync (0,2,0)
[+02:31:10.784] VoxelMesh: Chunk X=0 Y=2 Z=0 FlatVerts=2664 SlopeVerts=0
[+02:31:10.879] VoxelMesh: Chunk X=0 Y=0 Z=0 FlatVerts=360 SlopeVerts=2388
[+02:31:10.881] VoxelChunk: GenerateAsync (2,1,2)
[+02:31:10.882] VoxelMesh: Chunk X=2 Y=1 Z=2 FlatVerts=0 SlopeVerts=372
[+02:31:10.981] VoxelMesh: Chunk X=0 Y=0 Z=0 FlatVerts=2958 SlopeVerts=22428
[+02:31:11.002] VoxelChunk: GenerateAsync (2,0,1)
[+02:31:11.003] VoxelMesh: Chunk X=2 Y=0 Z=1 FlatVerts=492 SlopeVerts=2658
[+02:31:11.089] VoxelMesh: Chunk X=0 Y=0 Z=0 FlatVerts=684 SlopeVerts=6270
[+02:31:11.094] VoxelChunk: GenerateAsync (2,-1,0)
[+02:31:11.192] VoxelMesh: Chunk X=0 Y=0 Z=0 FlatVerts=2940 SlopeVerts=1152
[+02:31:11.197] VoxelChunk: GenerateAsync (1,2,1)
[+02:31:11.296] VoxelMesh: Chunk X=0 Y=0 Z=0 FlatVerts=2580 SlopeVerts=18588
[+02:31:11.312] VoxelChunk: GenerateAsync (-1,-2,1)
[+02:31:11.313] VoxelMesh: Chunk X=-1 Y=-2 Z=1 FlatVerts=408 SlopeVerts=3102
[+02:31:11.400] VoxelMesh: Chunk X=0 Y=0 Z=0 FlatVerts=390 SlopeVerts=13248
[+02:31:11.408] VoxelChunk: GenerateAsync (2,-2,1)
[+02:31:11.499] VoxelMesh: Chunk X=0 Y=0 Z=0 FlatVerts=690 SlopeVerts=1482
[+02:31:11.501] VoxelChunk: GenerateAsync (-2,-1,1)
[+02:31:11.502] VoxelMesh: Chunk X=-2 Y=-1 Z=1 FlatVerts=72 SlopeVerts=216
[+02:31:11.604] VoxelMesh: Chunk X=0 Y=0 Z=0 FlatVerts=7092 SlopeVerts=9966
[+02:31:11.620] VoxelChunk: GenerateAsync (2,1,0)
[+02:31:11.621] VoxelMesh: Chunk X=2 Y=1 Z=0 FlatVerts=270 SlopeVerts=270
[+02:31:11.702] VoxelMesh: Chunk X=0 Y=0 Z=0 FlatVerts=0 SlopeVerts=0
[+02:31:11.703] VoxelChunk: GenerateAsync (-2,0,1)
[+02:31:11.806] VoxelMesh: Chunk X=0 Y=0 Z=0 FlatVerts=1002 SlopeVerts=29136
[+02:31:11.826] VoxelChunk: GenerateAsync (2,-1,2)
[+02:31:11.828] VoxelMesh: Chunk X=2 Y=-1 Z=2 FlatVerts=0 SlopeVerts=2310
[+02:31:11.906] VoxelMesh: Chunk X=0 Y=0 Z=0 FlatVerts=270 SlopeVerts=9828
[+02:31:11.912] VoxelChunk: GenerateAsync (1,0,2)
[+02:31:11.913] VoxelMesh: Chunk X=1 Y=0 Z=2 FlatVerts=12 SlopeVerts=1782
[+02:31:12.011] VoxelMesh: Chunk X=0 Y=0 Z=0 FlatVerts=8004 SlopeVerts=2394
[+02:31:12.022] VoxelChunk: GenerateAsync (-2,-1,0)
[+02:31:12.023] VoxelMesh: Chunk X=-2 Y=-1 Z=0 FlatVerts=2064 SlopeVerts=228
[+02:31:12.116] VoxelMesh: Chunk X=0 Y=0 Z=0 FlatVerts=4176 SlopeVerts=10818
[+02:31:12.128] VoxelChunk: GenerateAsync (2,1,1)
[+02:31:12.129] VoxelMesh: Chunk X=2 Y=1 Z=1 FlatVerts=1002 SlopeVerts=2898
[+02:31:12.220] VoxelChunk: GenerateAsync (-1,2,1)
[+02:31:12.320] VoxelMesh: Chunk X=0 Y=0 Z=0 FlatVerts=9150 SlopeVerts=48
[+02:31:12.332] VoxelChunk: GenerateAsync (-2,0,0)
[+02:31:12.332] VoxelMesh: Chunk X=-2 Y=0 Z=0 FlatVerts=2016 SlopeVerts=0
[+02:31:12.424] VoxelMesh: Chunk X=0 Y=0 Z=0 FlatVerts=9870 SlopeVerts=102
[+02:31:12.435] VoxelChunk: GenerateAsync (0,2,-1)
[+02:31:12.530] VoxelMesh: Chunk X=0 Y=0 Z=0 FlatVerts=4320 SlopeVerts=600
[+02:31:12.535] VoxelChunk: GenerateAsync (2,2,-1)
[+02:31:12.628] VoxelMesh: Chunk X=0 Y=0 Z=0 FlatVerts=9678 SlopeVerts=0
[+02:31:12.635] VoxelChunk: GenerateAsync (-2,1,-1)
[+02:31:12.734] VoxelMesh: Chunk X=0 Y=0 Z=0 FlatVerts=240 SlopeVerts=4410
[+02:31:12.737] VoxelChunk: GenerateAsync (-2,-2,2)
[+02:31:12.738] VoxelMesh: Chunk X=-2 Y=-2 Z=2 FlatVerts=0 SlopeVerts=0
[+02:31:12.840] VoxelMesh: Chunk X=0 Y=0 Z=0 FlatVerts=1050 SlopeVerts=702
[+02:31:12.841] VoxelChunk: GenerateAsync (-1,-2,-1)
[+02:31:12.944] VoxelChunk: GenerateAsync (2,-2,-1)
[+02:31:13.043] VoxelChunk: GenerateAsync (-2,-1,2)
[+02:31:13.144] VoxelMesh: Chunk X=0 Y=0 Z=0 FlatVerts=552 SlopeVerts=13884
[+02:31:13.153] VoxelChunk: GenerateAsync (0,-1,2)
[+02:31:13.154] VoxelMesh: Chunk X=0 Y=-1 Z=2 FlatVerts=270 SlopeVerts=2640
[+02:31:13.247] VoxelMesh: Chunk X=0 Y=0 Z=0 FlatVerts=588 SlopeVerts=23994
[+02:31:13.264] VoxelChunk: GenerateAsync (1,-1,2)
[+02:31:13.265] VoxelMesh: Chunk X=1 Y=-1 Z=2 FlatVerts=60 SlopeVerts=4056
[+02:31:13.351] VoxelMesh: Chunk X=0 Y=0 Z=0 FlatVerts=12 SlopeVerts=1920
[+02:31:13.353] VoxelChunk: GenerateAsync (0,0,2)
[+02:31:13.354] VoxelMesh: Chunk X=0 Y=0 Z=2 FlatVerts=0 SlopeVerts=60
[+02:31:13.453] VoxelMesh: Chunk X=0 Y=0 Z=0 FlatVerts=1092 SlopeVerts=18228
[+02:31:13.468] VoxelChunk: GenerateAsync (2,0,2)
[+02:31:13.468] VoxelMesh: Chunk X=2 Y=0 Z=2 FlatVerts=72 SlopeVerts=5712
[+02:31:13.557] VoxelMesh: Chunk X=0 Y=0 Z=0 FlatVerts=10428 SlopeVerts=3540
[+02:31:13.571] VoxelChunk: GenerateAsync (2,2,0)
[+02:31:13.572] VoxelMesh: Chunk X=2 Y=2 Z=0 FlatVerts=2298 SlopeVerts=252
[+02:31:13.655] VoxelChunk: GenerateAsync (-1,1,2)
[+02:31:13.756] VoxelMesh: Chunk X=0 Y=0 Z=0 FlatVerts=9150 SlopeVerts=48
[+02:31:13.766] VoxelChunk: GenerateAsync (-2,0,-1)
[+02:31:13.862] VoxelMesh: Chunk X=0 Y=0 Z=0 FlatVerts=18 SlopeVerts=18
[+02:31:13.862] VoxelChunk: GenerateAsync (2,-1,-1)
[+02:31:13.961] VoxelChunk: GenerateAsync (0,2,2)
[+02:31:14.061] VoxelMesh: Chunk X=0 Y=0 Z=0 FlatVerts=2016 SlopeVerts=720
[+02:31:14.064] VoxelChunk: GenerateAsync (2,2,2)
[+02:31:14.167] VoxelMesh: Chunk X=0 Y=0 Z=0 FlatVerts=828 SlopeVerts=15342
[+02:31:14.178] VoxelChunk: GenerateAsync (-1,-2,2)
[+02:31:14.179] VoxelMesh: Chunk X=-1 Y=-2 Z=2 FlatVerts=180 SlopeVerts=3978
[+02:31:14.273] VoxelMesh: Chunk X=0 Y=0 Z=0 FlatVerts=9186 SlopeVerts=0
[+02:31:14.279] VoxelChunk: GenerateAsync (-1,2,0)
[+02:31:14.280] VoxelMesh: Chunk X=-1 Y=2 Z=0 FlatVerts=2352 SlopeVerts=0
[+02:31:14.372] VoxelMesh: Chunk X=0 Y=0 Z=0 FlatVerts=2976 SlopeVerts=9282
[+02:31:14.382] VoxelChunk: GenerateAsync (-1,-2,0)
[+02:31:14.384] VoxelMesh: Chunk X=-1 Y=-2 Z=0 FlatVerts=0 SlopeVerts=0
[+02:31:14.474] VoxelMesh: Chunk X=0 Y=0 Z=0 FlatVerts=930 SlopeVerts=5616
[+02:31:14.479] VoxelChunk: GenerateAsync (0,-2,0)
[+02:31:14.578] VoxelChunk: GenerateAsync (-2,2,2)
[+02:31:14.676] VoxelChunk: GenerateAsync (-1,2,2)
[+02:31:14.783] VoxelChunk: GenerateAsync (3,2,-2)
[+02:31:14.883] VoxelMesh: Chunk X=0 Y=0 Z=0 FlatVerts=906 SlopeVerts=8184
[+02:31:14.889] VoxelChunk: GenerateAsync (-3,2,1)
[+02:31:14.890] VoxelMesh: Chunk X=-3 Y=2 Z=1 FlatVerts=684 SlopeVerts=1692
[+02:31:14.984] VoxelMesh: Chunk X=0 Y=0 Z=0 FlatVerts=5256 SlopeVerts=1704
[+02:31:14.991] VoxelChunk: GenerateAsync (-3,2,-1)
[+02:31:15.091] VoxelMesh: Chunk X=0 Y=0 Z=0 FlatVerts=1908 SlopeVerts=12960
[+02:31:15.101] VoxelChunk: GenerateAsync (-3,3,1)
[+02:31:15.102] VoxelMesh: Chunk X=-3 Y=3 Z=1 FlatVerts=108 SlopeVerts=2328
[+02:31:15.195] VoxelMesh: Chunk X=0 Y=0 Z=0 FlatVerts=2238 SlopeVerts=2778
[+02:31:15.199] VoxelChunk: GenerateAsync (-1,3,1)
[+02:31:15.303] VoxelChunk: GenerateAsync (-3,2,-2)
[+02:31:15.404] VoxelChunk: GenerateAsync (-3,-3,-2)
[+02:31:15.503] VoxelMesh: Chunk X=0 Y=0 Z=0 FlatVerts=10878 SlopeVerts=4278
[+02:31:15.518] VoxelChunk: GenerateAsync (2,3,1)
[+02:31:15.519] VoxelMesh: Chunk X=2 Y=3 Z=1 FlatVerts=2658 SlopeVerts=714
[+02:31:15.604] VoxelMesh: Chunk X=0 Y=0 Z=0 FlatVerts=10788 SlopeVerts=1218
[+02:31:15.619] VoxelChunk: GenerateAsync (3,3,1)
[+02:31:15.620] VoxelMesh: Chunk X=3 Y=3 Z=1 FlatVerts=1236 SlopeVerts=510
[+02:31:15.713] VoxelChunk: GenerateAsync (-1,-3,-2)
[+02:31:15.816] VoxelChunk: GenerateAsync (3,-1,-1)
[+02:31:15.918] VoxelMesh: Chunk X=0 Y=0 Z=0 FlatVerts=1038 SlopeVerts=11454
[+02:31:15.925] VoxelChunk: GenerateAsync (-2,-3,2)
[+02:31:15.926] VoxelMesh: Chunk X=-2 Y=-3 Z=2 FlatVerts=6 SlopeVerts=462
[+02:31:16.019] VoxelMesh: Chunk X=0 Y=0 Z=0 FlatVerts=1476 SlopeVerts=30768
[+02:31:16.043] VoxelChunk: GenerateAsync (0,-3,2)
[+02:31:16.044] VoxelMesh: Chunk X=0 Y=-3 Z=2 FlatVerts=90 SlopeVerts=3864
[+02:31:16.122] VoxelMesh: Chunk X=0 Y=0 Z=0 FlatVerts=3030 SlopeVerts=5766
[+02:31:16.129] VoxelChunk: GenerateAsync (3,0,0)
[+02:31:16.228] VoxelMesh: Chunk X=0 Y=0 Z=0 FlatVerts=8952 SlopeVerts=2952
[+02:31:16.239] VoxelChunk: GenerateAsync (-3,1,0)
[+02:31:16.240] VoxelMesh: Chunk X=-3 Y=1 Z=0 FlatVerts=2262 SlopeVerts=480
[+02:31:16.336] VoxelMesh: Chunk X=0 Y=0 Z=0 FlatVerts=1722 SlopeVerts=24168
[+02:31:16.356] VoxelChunk: GenerateAsync (3,-3,2)
[+02:31:16.357] VoxelMesh: Chunk X=3 Y=-3 Z=2 FlatVerts=0 SlopeVerts=0
[+02:31:16.438] VoxelMesh: Chunk X=0 Y=0 Z=0 FlatVerts=234 SlopeVerts=318
[+02:31:16.439] VoxelChunk: GenerateAsync (-3,-2,2)
[+02:31:16.439] VoxelMesh: Chunk X=-3 Y=-2 Z=2 FlatVerts=234 SlopeVerts=318
[+02:31:16.541] VoxelMesh: Chunk X=0 Y=0 Z=0 FlatVerts=9270 SlopeVerts=480
[+02:31:16.551] VoxelChunk: GenerateAsync (-3,0,-1)
[+02:31:16.646] VoxelChunk: GenerateAsync (3,1,-2)
[+02:31:16.748] VoxelChunk: GenerateAsync (-3,1,-2)
[+02:31:16.849] VoxelMesh: Chunk X=0 Y=0 Z=0 FlatVerts=576 SlopeVerts=300
[+02:31:16.850] VoxelChunk: GenerateAsync (3,2,-1)
[+02:31:16.951] VoxelMesh: Chunk X=0 Y=0 Z=0 FlatVerts=804 SlopeVerts=19944
[+02:31:16.967] VoxelChunk: GenerateAsync (3,-2,2)
[+02:31:16.968] VoxelMesh: Chunk X=3 Y=-2 Z=2 FlatVerts=252 SlopeVerts=3588
[+02:31:17.056] VoxelChunk: GenerateAsync (3,0,-2)
[+02:31:17.154] VoxelChunk: GenerateAsync (-3,-1,2)
[+02:31:17.258] VoxelMesh: Chunk X=0 Y=0 Z=0 FlatVerts=2358 SlopeVerts=1638
[+02:31:17.261] VoxelChunk: GenerateAsync (-3,3,-1)
[+02:31:17.362] VoxelMesh: Chunk X=0 Y=0 Z=0 FlatVerts=4110 SlopeVerts=918
[+02:31:17.368] VoxelChunk: GenerateAsync (-3,-2,-1)
[+02:31:17.470] VoxelMesh: Chunk X=0 Y=0 Z=0 FlatVerts=7866 SlopeVerts=7638
[+02:31:17.484] VoxelChunk: GenerateAsync (3,1,0)
[+02:31:17.485] VoxelMesh: Chunk X=3 Y=1 Z=0 FlatVerts=144 SlopeVerts=684
[+02:31:17.567] VoxelMesh: Chunk X=0 Y=0 Z=0 FlatVerts=6150 SlopeVerts=6600
[+02:31:17.579] VoxelChunk: GenerateAsync (-3,2,0)
[+02:31:17.580] VoxelMesh: Chunk X=-3 Y=2 Z=0 FlatVerts=1068 SlopeVerts=780
[+02:31:17.673] VoxelMesh: Chunk X=0 Y=0 Z=0 FlatVerts=5784 SlopeVerts=2016
[+02:31:17.680] VoxelChunk: GenerateAsync (-2,3,-1)
[+02:31:17.778] VoxelChunk: GenerateAsync (-3,0,2)
[+02:31:17.879] VoxelMesh: Chunk X=0 Y=0 Z=0 FlatVerts=6474 SlopeVerts=726
[+02:31:17.888] VoxelChunk: GenerateAsync (-1,3,-1)
[+02:31:17.989] VoxelMesh: Chunk X=0 Y=0 Z=0 FlatVerts=1740 SlopeVerts=2460
[+02:31:17.994] VoxelChunk: GenerateAsync (-3,-3,-1)
[+02:31:18.096] VoxelMesh: Chunk X=0 Y=0 Z=0 FlatVerts=1050 SlopeVerts=16716
[+02:31:18.109] VoxelChunk: GenerateAsync (3,0,2)
[+02:31:18.110] VoxelMesh: Chunk X=3 Y=0 Z=2 FlatVerts=498 SlopeVerts=5250
[+02:31:18.196] VoxelMesh: Chunk X=0 Y=0 Z=0 FlatVerts=5892 SlopeVerts=558
[+02:31:18.206] VoxelChunk: GenerateAsync (0,3,-1)
[+02:31:18.297] VoxelMesh: Chunk X=0 Y=0 Z=0 FlatVerts=0 SlopeVerts=294
[+02:31:18.297] VoxelChunk: GenerateAsync (-3,1,2)
[+02:31:18.397] VoxelMesh: Chunk X=0 Y=0 Z=0 FlatVerts=8196 SlopeVerts=2592
[+02:31:18.409] VoxelChunk: GenerateAsync (3,2,0)
[+02:31:18.411] VoxelMesh: Chunk X=3 Y=2 Z=0 FlatVerts=576 SlopeVerts=300
[+02:31:18.503] VoxelMesh: Chunk X=0 Y=0 Z=0 FlatVerts=4296 SlopeVerts=324
[+02:31:18.508] VoxelChunk: GenerateAsync (1,3,-1)
[+02:31:18.611] VoxelChunk: GenerateAsync (3,3,-2)
[+02:31:18.715] VoxelChunk: GenerateAsync (3,-2,-1)
[+02:31:18.818] VoxelMesh: Chunk X=0 Y=0 Z=0 FlatVerts=1446 SlopeVerts=48
[+02:31:18.820] VoxelChunk: GenerateAsync (2,3,-1)
[+02:31:18.922] VoxelChunk: GenerateAsync (3,3,-1)
[+02:31:19.024] VoxelChunk: GenerateAsync (2,3,-2)
[+02:31:19.123] VoxelMesh: Chunk X=0 Y=0 Z=0 FlatVerts=9216 SlopeVerts=3888
[+02:31:19.137] VoxelChunk: GenerateAsync (1,3,0)
[+02:31:19.138] VoxelMesh: Chunk X=1 Y=3 Z=0 FlatVerts=2418 SlopeVerts=102
[+02:31:19.226] VoxelMesh: Chunk X=0 Y=0 Z=0 FlatVerts=8904 SlopeVerts=2094
[+02:31:19.238] VoxelChunk: GenerateAsync (2,3,0)
[+02:31:19.239] VoxelMesh: Chunk X=2 Y=3 Z=0 FlatVerts=1446 SlopeVerts=48
[+02:31:19.331] VoxelMesh: Chunk X=0 Y=0 Z=0 FlatVerts=4980 SlopeVerts=14622
[+02:31:19.349] VoxelChunk: GenerateAsync (-3,-3,0)
[+02:31:19.350] VoxelMesh: Chunk X=-3 Y=-3 Z=0 FlatVerts=240 SlopeVerts=1410
[+02:31:19.435] VoxelMesh: Chunk X=0 Y=0 Z=0 FlatVerts=8202 SlopeVerts=654
[+02:31:19.445] VoxelChunk: GenerateAsync (3,3,0)
[+02:31:19.538] VoxelMesh: Chunk X=0 Y=0 Z=0 FlatVerts=3324 SlopeVerts=13200
[+02:31:19.553] VoxelChunk: GenerateAsync (-3,-3,1)
[+02:31:19.555] VoxelMesh: Chunk X=-3 Y=-3 Z=1 FlatVerts=702 SlopeVerts=2976
[+02:31:19.643] VoxelMesh: Chunk X=0 Y=0 Z=0 FlatVerts=3066 SlopeVerts=10548
[+02:31:19.652] VoxelChunk: GenerateAsync (-2,-3,0)
[+02:31:19.654] VoxelMesh: Chunk X=-2 Y=-3 Z=0 FlatVerts=960 SlopeVerts=906
[+02:31:19.748] VoxelMesh: Chunk X=0 Y=0 Z=0 FlatVerts=7962 SlopeVerts=768
[+02:31:19.759] VoxelChunk: GenerateAsync (-3,-1,-1)
[+02:31:19.853] VoxelChunk: GenerateAsync (2,-3,-1)
[+02:31:19.953] VoxelMesh: Chunk X=0 Y=0 Z=0 FlatVerts=2508 SlopeVerts=20046
[+02:31:19.970] VoxelChunk: GenerateAsync (-2,-3,1)
[+02:31:19.971] VoxelMesh: Chunk X=-2 Y=-3 Z=1 FlatVerts=330 SlopeVerts=2526
[+02:31:20.056] VoxelMesh: Chunk X=0 Y=0 Z=0 FlatVerts=1620 SlopeVerts=21702
[+02:31:20.074] VoxelChunk: GenerateAsync (-1,-3,1)
[+02:31:20.075] VoxelMesh: Chunk X=-1 Y=-3 Z=1 FlatVerts=12 SlopeVerts=564
[+02:31:20.160] VoxelMesh: Chunk X=0 Y=0 Z=0 FlatVerts=492 SlopeVerts=4626
[+02:31:20.164] VoxelChunk: GenerateAsync (-1,-3,0)
[+02:31:20.265] VoxelMesh: Chunk X=0 Y=0 Z=0 FlatVerts=690 SlopeVerts=10908
[+02:31:20.272] VoxelChunk: GenerateAsync (0,-3,1)
[+02:31:20.274] VoxelMesh: Chunk X=0 Y=-3 Z=1 FlatVerts=42 SlopeVerts=72
[+02:31:20.369] VoxelMesh: Chunk X=0 Y=0 Z=0 FlatVerts=318 SlopeVerts=2994
[+02:31:20.372] VoxelChunk: GenerateAsync (1,-3,1)
[+02:31:20.373] VoxelMesh: Chunk X=1 Y=-3 Z=1 FlatVerts=102 SlopeVerts=120
[+02:31:20.472] VoxelMesh: Chunk X=0 Y=0 Z=0 FlatVerts=8406 SlopeVerts=9390
[+02:31:20.490] VoxelChunk: GenerateAsync (3,1,1)
[+02:31:20.491] VoxelMesh: Chunk X=3 Y=1 Z=1 FlatVerts=636 SlopeVerts=3798
[+02:31:20.578] VoxelMesh: Chunk X=0 Y=0 Z=0 FlatVerts=174 SlopeVerts=1080
[+02:31:20.579] VoxelChunk: GenerateAsync (0,-3,0)
[+02:31:20.680] VoxelMesh: Chunk X=0 Y=0 Z=0 FlatVerts=144 SlopeVerts=684
[+02:31:20.681] VoxelChunk: GenerateAsync (3,0,-1)
[+02:31:20.784] VoxelMesh: Chunk X=0 Y=0 Z=0 FlatVerts=270 SlopeVerts=4488
[+02:31:20.786] VoxelChunk: GenerateAsync (2,-3,1)
[+02:31:20.887] VoxelMesh: Chunk X=0 Y=0 Z=0 FlatVerts=348 SlopeVerts=5280
[+02:31:20.892] VoxelChunk: GenerateAsync (3,-3,1)
[+02:31:20.996] VoxelMesh: Chunk X=0 Y=0 Z=0 FlatVerts=102 SlopeVerts=120
[+02:31:20.997] VoxelChunk: GenerateAsync (1,-3,0)
[+02:31:21.098] VoxelMesh: Chunk X=0 Y=0 Z=0 FlatVerts=2628 SlopeVerts=8586
[+02:31:21.106] VoxelChunk: GenerateAsync (-3,-2,1)
[+02:31:21.107] VoxelMesh: Chunk X=-3 Y=-2 Z=1 FlatVerts=1080 SlopeVerts=3300
[+02:31:21.206] VoxelMesh: Chunk X=0 Y=0 Z=0 FlatVerts=11046 SlopeVerts=2976
[+02:31:21.222] VoxelChunk: GenerateAsync (3,2,1)
[+02:31:21.223] VoxelMesh: Chunk X=3 Y=2 Z=1 FlatVerts=2082 SlopeVerts=1560
[+02:31:21.311] VoxelMesh: Chunk X=0 Y=0 Z=0 FlatVerts=6 SlopeVerts=618
[+02:31:21.312] VoxelChunk: GenerateAsync (2,-3,0)
[+02:31:21.411] VoxelMesh: Chunk X=0 Y=0 Z=0 FlatVerts=1890 SlopeVerts=4944
[+02:31:21.416] VoxelChunk: GenerateAsync (-2,3,1)
[+02:31:21.417] VoxelMesh: Chunk X=-2 Y=3 Z=1 FlatVerts=90 SlopeVerts=888
[+02:31:21.518] VoxelMesh: Chunk X=0 Y=0 Z=0 FlatVerts=8268 SlopeVerts=1260
[+02:31:21.529] VoxelChunk: GenerateAsync (-3,1,-1)
[+02:31:21.621] VoxelMesh: Chunk X=0 Y=0 Z=0 FlatVerts=3084 SlopeVerts=4890
[+02:31:21.628] VoxelChunk: GenerateAsync (0,3,1)
[+02:31:21.729] VoxelMesh: Chunk X=0 Y=0 Z=0 FlatVerts=6564 SlopeVerts=6504
[+02:31:21.740] VoxelChunk: GenerateAsync (1,3,1)
[+02:31:21.741] VoxelMesh: Chunk X=1 Y=3 Z=1 FlatVerts=180 SlopeVerts=246
[+02:31:21.834] VoxelMesh: Chunk X=0 Y=0 Z=0 FlatVerts=6 SlopeVerts=618
[+02:31:21.836] VoxelChunk: GenerateAsync (3,-3,0)
[+02:31:21.935] VoxelMesh: Chunk X=0 Y=0 Z=0 FlatVerts=6630 SlopeVerts=9060
[+02:31:21.949] VoxelChunk: GenerateAsync (-3,-2,0)
[+02:31:21.950] VoxelMesh: Chunk X=-3 Y=-2 Z=0 FlatVerts=258 SlopeVerts=108
[+02:31:22.043] VoxelMesh: Chunk X=0 Y=0 Z=0 FlatVerts=234 SlopeVerts=888
[+02:31:22.044] VoxelChunk: GenerateAsync (-3,-3,2)
[+02:31:22.045] VoxelMesh: Chunk X=-3 Y=-3 Z=2 FlatVerts=0 SlopeVerts=102
[+02:31:22.149] VoxelMesh: Chunk X=0 Y=0 Z=0 FlatVerts=360 SlopeVerts=9312
[+02:31:22.155] VoxelChunk: GenerateAsync (3,-2,1)
[+02:31:22.156] VoxelMesh: Chunk X=3 Y=-2 Z=1 FlatVerts=6 SlopeVerts=618
[+02:31:22.251] VoxelMesh: Chunk X=0 Y=0 Z=0 FlatVerts=1920 SlopeVerts=29520
[+02:31:22.274] VoxelChunk: GenerateAsync (-1,-3,2)
[+02:31:22.276] VoxelMesh: Chunk X=-1 Y=-3 Z=2 FlatVerts=612 SlopeVerts=5886
[+02:31:22.354] VoxelMesh: Chunk X=0 Y=0 Z=0 FlatVerts=396 SlopeVerts=1398
[+02:31:22.356] VoxelChunk: GenerateAsync (-3,-1,1)
[+02:31:22.357] VoxelMesh: Chunk X=-3 Y=-1 Z=1 FlatVerts=330 SlopeVerts=1176
[+02:31:22.459] VoxelMesh: Chunk X=0 Y=0 Z=0 FlatVerts=1170 SlopeVerts=20316
[+02:31:22.476] VoxelChunk: GenerateAsync (1,-3,2)
[+02:31:22.477] VoxelMesh: Chunk X=1 Y=-3 Z=2 FlatVerts=108 SlopeVerts=2394
[+02:31:22.562] VoxelMesh: Chunk X=0 Y=0 Z=0 FlatVerts=1626 SlopeVerts=21216
[+02:31:22.579] VoxelChunk: GenerateAsync (2,-3,2)
[+02:31:22.580] VoxelMesh: Chunk X=2 Y=-3 Z=2 FlatVerts=6 SlopeVerts=270
[+02:31:22.669] VoxelChunk: GenerateAsync (-3,0,-2)
[+02:31:22.772] VoxelChunk: GenerateAsync (1,3,-2)
[+02:31:22.877] VoxelChunk: GenerateAsync (0,-3,-1)
[+02:31:22.980] VoxelChunk: GenerateAsync (3,-1,-2)
[+02:31:23.082] VoxelChunk: GenerateAsync (-3,-1,-2)
[+02:31:23.182] VoxelMesh: Chunk X=0 Y=0 Z=0 FlatVerts=576 SlopeVerts=12474
[+02:31:23.190] VoxelChunk: GenerateAsync (3,-1,1)
[+02:31:23.193] VoxelMesh: Chunk X=3 Y=-1 Z=1 FlatVerts=24 SlopeVerts=1674
[+02:31:23.285] VoxelChunk: GenerateAsync (0,3,-2)
[+02:31:23.385] VoxelMesh: Chunk X=0 Y=0 Z=0 FlatVerts=0 SlopeVerts=0
[+02:31:23.386] VoxelChunk: GenerateAsync (-3,0,1)
[+02:31:23.489] VoxelChunk: GenerateAsync (3,-2,-2)
[+02:31:23.593] VoxelChunk: GenerateAsync (-3,-2,-2)
[+02:31:23.696] VoxelMesh: Chunk X=0 Y=0 Z=0 FlatVerts=24 SlopeVerts=2298
[+02:31:23.697] VoxelChunk: GenerateAsync (3,-2,0)
[+02:31:23.798] VoxelChunk: GenerateAsync (-1,3,-2)
[+02:31:23.901] VoxelMesh: Chunk X=0 Y=0 Z=0 FlatVerts=0 SlopeVerts=0
[+02:31:23.902] VoxelChunk: GenerateAsync (-1,-3,-1)
[+02:31:24.008] VoxelChunk: GenerateAsync (3,-3,-2)
[+02:31:24.110] VoxelMesh: Chunk X=0 Y=0 Z=0 FlatVerts=834 SlopeVerts=22848
[+02:31:24.127] VoxelChunk: GenerateAsync (3,-1,2)
[+02:31:24.128] VoxelMesh: Chunk X=3 Y=-1 Z=2 FlatVerts=0 SlopeVerts=3168
[+02:31:24.215] VoxelMesh: Chunk X=0 Y=0 Z=0 FlatVerts=8418 SlopeVerts=2106
[+02:31:24.227] VoxelChunk: GenerateAsync (-3,-1,0)
[+02:31:24.228] VoxelMesh: Chunk X=-3 Y=-1 Z=0 FlatVerts=1512 SlopeVerts=540
[+02:31:24.321] VoxelMesh: Chunk X=0 Y=0 Z=0 FlatVerts=3732 SlopeVerts=14898
[+02:31:24.336] VoxelChunk: GenerateAsync (3,0,1)
[+02:31:24.337] VoxelMesh: Chunk X=3 Y=0 Z=1 FlatVerts=30 SlopeVerts=60
[+02:31:24.427] VoxelMesh: Chunk X=0 Y=0 Z=0 FlatVerts=684 SlopeVerts=1986
[+02:31:24.430] VoxelChunk: GenerateAsync (-3,1,1)
[+02:31:24.430] VoxelMesh: Chunk X=-3 Y=1 Z=1 FlatVerts=0 SlopeVerts=0
[+02:31:24.531] VoxelChunk: GenerateAsync (2,-3,-2)
[+02:31:24.631] VoxelChunk: GenerateAsync (-2,3,-2)
[+02:31:24.736] VoxelChunk: GenerateAsync (1,-3,-2)
[+02:31:24.839] VoxelChunk: GenerateAsync (0,-3,-2)
[+02:31:24.942] VoxelChunk: GenerateAsync (-3,3,-2)
[+02:31:25.041] VoxelMesh: Chunk X=0 Y=0 Z=0 FlatVerts=720 SlopeVerts=984
[+02:31:25.044] VoxelChunk: GenerateAsync (3,1,-1)
[+02:31:25.144] VoxelMesh: Chunk X=0 Y=0 Z=0 FlatVerts=1242 SlopeVerts=942
[+02:31:25.147] VoxelChunk: GenerateAsync (-2,-3,-1)
[+02:31:25.249] VoxelChunk: GenerateAsync (3,-3,-1)
[+02:31:25.350] VoxelMesh: Chunk X=0 Y=0 Z=0 FlatVerts=4218 SlopeVerts=8880
[+02:31:25.360] VoxelChunk: GenerateAsync (-3,3,0)
[+02:31:25.362] VoxelMesh: Chunk X=-3 Y=3 Z=0 FlatVerts=12 SlopeVerts=60
[+02:31:25.455] VoxelMesh: Chunk X=0 Y=0 Z=0 FlatVerts=7680 SlopeVerts=6930
[+02:31:25.469] VoxelChunk: GenerateAsync (-2,3,0)
[+02:31:25.470] VoxelMesh: Chunk X=-2 Y=3 Z=0 FlatVerts=1866 SlopeVerts=858
[+02:31:25.556] VoxelMesh: Chunk X=0 Y=0 Z=0 FlatVerts=8712 SlopeVerts=3504
[+02:31:25.569] VoxelChunk: GenerateAsync (-1,3,0)
[+02:31:25.570] VoxelMesh: Chunk X=-1 Y=3 Z=0 FlatVerts=2016 SlopeVerts=0
[+02:31:25.660] VoxelMesh: Chunk X=0 Y=0 Z=0 FlatVerts=1188 SlopeVerts=2820
[+02:31:25.664] VoxelChunk: GenerateAsync (3,1,2)
[+02:31:25.665] VoxelMesh: Chunk X=3 Y=1 Z=2 FlatVerts=168 SlopeVerts=1740
[+02:31:25.764] VoxelMesh: Chunk X=0 Y=0 Z=0 FlatVerts=78 SlopeVerts=4092
[+02:31:25.767] VoxelChunk: GenerateAsync (-3,2,2)
[+02:31:25.768] VoxelMesh: Chunk X=-3 Y=2 Z=2 FlatVerts=0 SlopeVerts=294
[+02:31:25.869] VoxelChunk: GenerateAsync (1,-3,-1)
[+02:31:25.968] VoxelMesh: Chunk X=0 Y=0 Z=0 FlatVerts=8712 SlopeVerts=4182
[+02:31:25.981] VoxelChunk: GenerateAsync (0,3,0)
[+02:31:25.982] VoxelMesh: Chunk X=0 Y=3 Z=0 FlatVerts=2154 SlopeVerts=0
[+02:31:26.075] VoxelMesh: Chunk X=0 Y=0 Z=0 FlatVerts=66 SlopeVerts=1872
[+02:31:26.077] VoxelChunk: GenerateAsync (3,-1,0)
[+02:31:26.176] VoxelMesh: Chunk X=0 Y=0 Z=0 FlatVerts=9270 SlopeVerts=480
[+02:31:26.187] VoxelChunk: GenerateAsync (-3,0,0)
[+02:31:26.188] VoxelMesh: Chunk X=-3 Y=0 Z=0 FlatVerts=2370 SlopeVerts=0
[+02:31:26.282] VoxelChunk: GenerateAsync (-2,-3,-2)
[+02:31:26.384] VoxelMesh: Chunk X=0 Y=0 Z=0 FlatVerts=3282 SlopeVerts=828
[+02:31:26.388] VoxelChunk: GenerateAsync (3,2,2)
[+02:31:26.389] VoxelMesh: Chunk X=3 Y=2 Z=2 FlatVerts=192 SlopeVerts=258
[+02:31:26.488] VoxelMesh: Chunk X=0 Y=0 Z=0 FlatVerts=114 SlopeVerts=7062
[+02:31:26.493] VoxelChunk: GenerateAsync (-3,3,2)
[+02:31:26.494] VoxelMesh: Chunk X=-3 Y=3 Z=2 FlatVerts=24 SlopeVerts=2982
[+02:31:26.593] VoxelMesh: Chunk X=0 Y=0 Z=0 FlatVerts=0 SlopeVerts=24
[+02:31:26.593] VoxelChunk: GenerateAsync (-2,3,2)
[+02:31:26.692] VoxelMesh: Chunk X=0 Y=0 Z=0 FlatVerts=0 SlopeVerts=0
[+02:31:26.693] VoxelChunk: GenerateAsync (-1,3,2)
[+02:31:26.792] VoxelMesh: Chunk X=0 Y=0 Z=0 FlatVerts=258 SlopeVerts=1272
[+02:31:26.794] VoxelChunk: GenerateAsync (0,3,2)
[+02:31:26.893] VoxelMesh: Chunk X=0 Y=0 Z=0 FlatVerts=1638 SlopeVerts=2946
[+02:31:26.897] VoxelChunk: GenerateAsync (1,3,2)
[+02:31:26.998] VoxelMesh: Chunk X=0 Y=0 Z=0 FlatVerts=3330 SlopeVerts=2322
[+02:31:27.003] VoxelChunk: GenerateAsync (2,3,2)
[+02:31:27.005] VoxelMesh: Chunk X=2 Y=3 Z=2 FlatVerts=0 SlopeVerts=6
[+02:31:27.104] VoxelMesh: Chunk X=0 Y=0 Z=0 FlatVerts=2466 SlopeVerts=684
[+02:31:27.108] VoxelChunk: GenerateAsync (3,3,2)
[+02:31:27.108] VoxelWorld: Editor generation complete, 245 chunks.
[+02:31:27.109] VoxelMesh: Chunk X=3 Y=3 Z=2 FlatVerts=1824 SlopeVerts=456
[+02:31:39.476] VoxelWater: Ocean created at Z=0 scale=10000
[+02:31:39.476] VoxelWorld: GenerateWorldDeferred started.
[+02:31:39.476] VoxelWorld: Queued 244 chunks.
[+02:31:39.491] VoxelMesh: Chunk X=0 Y=0 Z=0 FlatVerts=4134 SlopeVerts=12660
[+02:31:39.492] VoxelChunk: GenerateAsync (1,0,0)
[+02:31:39.494] VoxelMesh: Chunk X=1 Y=0 Z=0 FlatVerts=816 SlopeVerts=1560
[+02:31:39.498] VoxelMesh: Chunk X=0 Y=0 Z=0 FlatVerts=1428 SlopeVerts=786
[+02:31:39.499] VoxelChunk: GenerateAsync (0,-1,-1)
[+02:31:39.502] VoxelMesh: Chunk X=0 Y=0 Z=0 FlatVerts=1302 SlopeVerts=5070
[+02:31:39.503] VoxelChunk: GenerateAsync (1,1,1)
[+02:31:39.504] VoxelMesh: Chunk X=1 Y=1 Z=1 FlatVerts=0 SlopeVerts=0
[+02:31:39.506] VoxelMesh: Chunk X=0 Y=0 Z=0 FlatVerts=186 SlopeVerts=1626
[+02:31:39.506] VoxelChunk: GenerateAsync (0,1,1)
[+02:31:39.554] VoxelMesh: Chunk X=0 Y=0 Z=0 FlatVerts=0 SlopeVerts=0
[+02:31:39.555] VoxelChunk: GenerateAsync (-1,1,1)
[+02:31:39.559] VoxelMesh: Chunk X=0 Y=0 Z=0 FlatVerts=2310 SlopeVerts=19704
[+02:31:39.560] VoxelChunk: GenerateAsync (1,0,1)
[+02:31:39.561] VoxelMesh: Chunk X=1 Y=0 Z=1 FlatVerts=0 SlopeVerts=1962
[+02:31:39.563] VoxelMesh: Chunk X=0 Y=0 Z=0 FlatVerts=822 SlopeVerts=10194
[+02:31:39.565] VoxelChunk: GenerateAsync (0,0,1)
[+02:31:39.566] VoxelMesh: Chunk X=0 Y=0 Z=1 FlatVerts=0 SlopeVerts=1992
[+02:31:39.567] VoxelMesh: Chunk X=0 Y=0 Z=0 FlatVerts=90 SlopeVerts=2118
[+02:31:39.568] VoxelChunk: GenerateAsync (-1,0,1)
[+02:31:39.569] VoxelWater: Chunk X=1 Y=0 Z=0 emitted 68 procedural water vertices (Ocean/Pools)
[+02:31:39.569] VoxelWater: Chunk X=0 Y=0 Z=1 emitted 4 procedural water vertices (Ocean/Pools)
[+02:31:39.569] VoxelWater: Chunk X=1 Y=0 Z=1 emitted 40 procedural water vertices (Ocean/Pools)
[+02:31:39.587] VoxelMesh: Chunk X=0 Y=0 Z=0 FlatVerts=9684 SlopeVerts=30
[+02:31:39.590] VoxelChunk: GenerateAsync (-1,1,0)
[+02:31:39.594] VoxelMesh: Chunk X=-1 Y=1 Z=0 FlatVerts=2268 SlopeVerts=0
[+02:31:39.598] VoxelMesh: Chunk X=0 Y=0 Z=0 FlatVerts=9138 SlopeVerts=2238
[+02:31:39.600] VoxelChunk: GenerateAsync (0,1,0)
[+02:31:39.601] VoxelMesh: Chunk X=0 Y=1 Z=0 FlatVerts=2346 SlopeVerts=0
[+02:31:39.605] VoxelMesh: Chunk X=0 Y=0 Z=0 FlatVerts=8928 SlopeVerts=636
[+02:31:39.607] VoxelChunk: GenerateAsync (0,1,-1)
[+02:31:39.611] VoxelMesh: Chunk X=0 Y=0 Z=0 FlatVerts=8070 SlopeVerts=810
[+02:31:39.612] VoxelChunk: GenerateAsync (-1,0,-1)
[+02:31:39.626] VoxelMesh: Chunk X=0 Y=0 Z=0 FlatVerts=1830 SlopeVerts=20022
[+02:31:39.627] VoxelChunk: GenerateAsync (0,-1,1)
[+02:31:39.629] VoxelMesh: Chunk X=0 Y=-1 Z=1 FlatVerts=0 SlopeVerts=2304
[+02:31:39.632] VoxelMesh: Chunk X=0 Y=0 Z=0 FlatVerts=1788 SlopeVerts=942
[+02:31:39.633] VoxelChunk: GenerateAsync (1,0,-1)
[+02:31:39.637] VoxelMesh: Chunk X=0 Y=0 Z=0 FlatVerts=2976 SlopeVerts=12210
[+02:31:39.639] VoxelChunk: GenerateAsync (0,-1,0)
[+02:31:39.640] VoxelMesh: Chunk X=0 Y=-1 Z=0 FlatVerts=90 SlopeVerts=414
[+02:31:39.644] VoxelMesh: Chunk X=0 Y=0 Z=0 FlatVerts=8196 SlopeVerts=2832
[+02:31:39.645] VoxelChunk: GenerateAsync (-1,0,0)
[+02:31:39.646] VoxelMesh: Chunk X=-1 Y=0 Z=0 FlatVerts=2358 SlopeVerts=36
[+02:31:39.660] VoxelMesh: Chunk X=0 Y=0 Z=0 FlatVerts=1266 SlopeVerts=24498
[+02:31:39.662] VoxelChunk: GenerateAsync (1,-1,1)
[+02:31:39.663] VoxelMesh: Chunk X=1 Y=-1 Z=1 FlatVerts=0 SlopeVerts=2328
[+02:31:39.665] VoxelMesh: Chunk X=0 Y=0 Z=0 FlatVerts=1848 SlopeVerts=9348
[+02:31:39.667] VoxelChunk: GenerateAsync (-1,-1,1)
[+02:31:39.668] VoxelMesh: Chunk X=-1 Y=-1 Z=1 FlatVerts=462 SlopeVerts=852
[+02:31:39.672] VoxelMesh: Chunk X=0 Y=0 Z=0 FlatVerts=1374 SlopeVerts=10620
[+02:31:39.673] VoxelChunk: GenerateAsync (1,-1,0)
[+02:31:39.675] VoxelMesh: Chunk X=1 Y=-1 Z=0 FlatVerts=258 SlopeVerts=1002
[+02:31:39.678] VoxelMesh: Chunk X=0 Y=0 Z=0 FlatVerts=5058 SlopeVerts=1416
[+02:31:39.679] VoxelChunk: GenerateAsync (0,0,-1)
[+02:31:39.691] VoxelMesh: Chunk X=0 Y=0 Z=0 FlatVerts=7866 SlopeVerts=5814
[+02:31:39.693] VoxelChunk: GenerateAsync (1,1,0)
[+02:31:39.694] VoxelMesh: Chunk X=1 Y=1 Z=0 FlatVerts=2346 SlopeVerts=0
[+02:31:39.696] VoxelMesh: Chunk X=0 Y=0 Z=0 FlatVerts=6066 SlopeVerts=8094
[+02:31:39.698] VoxelChunk: GenerateAsync (-1,-1,0)
[+02:31:39.699] VoxelMesh: Chunk X=-1 Y=-1 Z=0 FlatVerts=1230 SlopeVerts=1680
[+02:31:39.703] VoxelMesh: Chunk X=0 Y=0 Z=0 FlatVerts=9684 SlopeVerts=30
[+02:31:39.704] VoxelChunk: GenerateAsync (-1,1,-1)
[+02:31:39.708] VoxelMesh: Chunk X=0 Y=0 Z=0 FlatVerts=6516 SlopeVerts=1164
[+02:31:39.710] VoxelChunk: GenerateAsync (1,1,-1)
[+02:31:39.724] VoxelMesh: Chunk X=0 Y=0 Z=0 FlatVerts=174 SlopeVerts=60
[+02:31:39.724] VoxelChunk: GenerateAsync (1,-1,-1)
[+02:31:39.729] VoxelMesh: Chunk X=0 Y=0 Z=0 FlatVerts=4452 SlopeVerts=1482
[+02:31:39.730] VoxelChunk: GenerateAsync (-1,-1,-1)
[+02:31:39.734] VoxelChunk: GenerateAsync (0,0,-2)
[+02:31:39.740] VoxelChunk: GenerateAsync (-1,-1,-2)
[+02:31:39.751] VoxelChunk: GenerateAsync (0,-1,-2)
[+02:31:39.759] VoxelChunk: GenerateAsync (2,-2,-2)
[+02:31:39.765] VoxelChunk: GenerateAsync (-1,-2,-2)
[+02:31:39.771] VoxelChunk: GenerateAsync (1,-1,-2)
[+02:31:39.775] VoxelWater: Chunk X=1 Y=0 Z=0 emitted 84 procedural water vertices (Ocean/Pools)
[+02:31:39.775] VoxelWater: Chunk X=1 Y=0 Z=1 emitted 48 procedural water vertices (Ocean/Pools)
[+02:31:39.775] VoxelWater: Chunk X=0 Y=0 Z=1 emitted 8 procedural water vertices (Ocean/Pools)
[+02:31:39.775] VoxelWater: Chunk X=-1 Y=1 Z=0 emitted 32 procedural water vertices (Ocean/Pools)
[+02:31:39.775] VoxelWater: Chunk X=0 Y=1 Z=0 emitted 12 procedural water vertices (Ocean/Pools)
[+02:31:39.775] VoxelWater: Chunk X=0 Y=-1 Z=1 emitted 44 procedural water vertices (Ocean/Pools)
[+02:31:39.775] VoxelWater: Chunk X=0 Y=-1 Z=0 emitted 8 procedural water vertices (Ocean/Pools)
[+02:31:39.775] VoxelWater: Chunk X=-1 Y=0 Z=0 emitted 36 procedural water vertices (Ocean/Pools)
[+02:31:39.775] VoxelWater: Chunk X=1 Y=-1 Z=1 emitted 32 procedural water vertices (Ocean/Pools)
[+02:31:39.775] VoxelWater: Chunk X=-1 Y=-1 Z=1 emitted 64 procedural water vertices (Ocean/Pools)
[+02:31:39.775] VoxelWater: Chunk X=1 Y=-1 Z=0 emitted 8 procedural water vertices (Ocean/Pools)
[+02:31:39.775] VoxelWater: Chunk X=1 Y=1 Z=0 emitted 28 procedural water vertices (Ocean/Pools)
[+02:31:39.775] VoxelWater: Chunk X=-1 Y=-1 Z=0 emitted 32 procedural water vertices (Ocean/Pools)
[+02:31:39.785] VoxelChunk: GenerateAsync (-1,1,-2)
[+02:31:39.790] VoxelChunk: GenerateAsync (0,1,-2)
[+02:31:39.796] VoxelChunk: GenerateAsync (2,-1,-2)
[+02:31:39.802] VoxelChunk: GenerateAsync (0,-2,-2)
[+02:31:39.814] VoxelChunk: GenerateAsync (1,1,-2)
[+02:31:39.819] VoxelChunk: GenerateAsync (2,1,-2)
[+02:31:39.825] VoxelChunk: GenerateAsync (-2,2,-2)
[+02:31:39.830] VoxelChunk: GenerateAsync (2,2,-2)
[+02:31:39.841] VoxelChunk: GenerateAsync (-1,2,-2)
[+02:31:39.847] VoxelChunk: GenerateAsync (-2,0,-2)
[+02:31:39.852] VoxelChunk: GenerateAsync (0,2,-2)
[+02:31:39.857] VoxelChunk: GenerateAsync (1,2,-2)
[+02:31:39.867] VoxelChunk: GenerateAsync (-1,0,-2)
[+02:31:39.872] VoxelChunk: GenerateAsync (-2,-1,-2)
[+02:31:39.879] VoxelChunk: GenerateAsync (1,-2,-2)
[+02:31:39.884] VoxelChunk: GenerateAsync (-2,-2,-2)
[+02:31:39.896] VoxelChunk: GenerateAsync (-2,1,-2)
[+02:31:39.902] VoxelChunk: GenerateAsync (1,0,-2)
[+02:31:39.908] VoxelChunk: GenerateAsync (2,0,-2)
[+02:31:39.914] VoxelMesh: Chunk X=0 Y=0 Z=0 FlatVerts=684 SlopeVerts=6270
[+02:31:39.914] VoxelChunk: GenerateAsync (2,-1,0)
[+02:31:39.915] VoxelMesh: Chunk X=2 Y=-1 Z=0 FlatVerts=1662 SlopeVerts=576
[+02:31:39.924] VoxelChunk: GenerateAsync (0,2,2)
[+02:31:39.926] VoxelChunk: GenerateAsync (-1,2,2)
[+02:31:39.931] VoxelMesh: Chunk X=0 Y=0 Z=0 FlatVerts=3258 SlopeVerts=1536
[+02:31:39.932] VoxelChunk: GenerateAsync (2,1,-1)
[+02:31:39.935] VoxelMesh: Chunk X=0 Y=0 Z=0 FlatVerts=0 SlopeVerts=378
[+02:31:39.935] VoxelChunk: GenerateAsync (1,1,2)
[+02:31:39.947] VoxelMesh: Chunk X=0 Y=0 Z=0 FlatVerts=432 SlopeVerts=972
[+02:31:39.948] VoxelChunk: GenerateAsync (2,0,-1)
[+02:31:39.951] VoxelMesh: Chunk X=0 Y=0 Z=0 FlatVerts=9870 SlopeVerts=102
[+02:31:39.953] VoxelChunk: GenerateAsync (0,2,-1)
[+02:31:39.956] VoxelMesh: Chunk X=0 Y=0 Z=0 FlatVerts=360 SlopeVerts=2388
[+02:31:39.956] VoxelChunk: GenerateAsync (2,1,2)
[+02:31:39.961] VoxelMesh: Chunk X=0 Y=0 Z=0 FlatVerts=948 SlopeVerts=23262
[+02:31:39.963] VoxelChunk: GenerateAsync (1,-2,2)
[+02:31:39.964] VoxelMesh: Chunk X=1 Y=-2 Z=2 FlatVerts=0 SlopeVerts=2304
[+02:31:39.974] VoxelMesh: Chunk X=0 Y=0 Z=0 FlatVerts=0 SlopeVerts=0
[+02:31:39.974] VoxelChunk: GenerateAsync (-2,1,1)
[+02:31:39.975] VoxelMesh: Chunk X=-2 Y=1 Z=1 FlatVerts=0 SlopeVerts=0
[+02:31:39.979] VoxelMesh: Chunk X=0 Y=0 Z=0 FlatVerts=1242 SlopeVerts=22686
[+02:31:39.980] VoxelChunk: GenerateAsync (2,-1,1)
[+02:31:39.982] VoxelMesh: Chunk X=2 Y=-1 Z=1 FlatVerts=426 SlopeVerts=1392
[+02:31:39.984] VoxelMesh: Chunk X=0 Y=0 Z=0 FlatVerts=2214 SlopeVerts=12114
[+02:31:39.985] VoxelChunk: GenerateAsync (-2,-2,1)
[+02:31:39.987] VoxelMesh: Chunk X=-2 Y=-2 Z=1 FlatVerts=924 SlopeVerts=4002
[+02:31:39.992] VoxelMesh: Chunk X=0 Y=0 Z=0 FlatVerts=132 SlopeVerts=3276
[+02:31:39.993] VoxelChunk: GenerateAsync (1,-2,0)
[+02:31:39.995] VoxelMesh: Chunk X=1 Y=-2 Z=0 FlatVerts=108 SlopeVerts=1014
[+02:31:40.000] VoxelWater: Chunk X=1 Y=0 Z=0 emitted 92 procedural water vertices (Ocean/Pools)
[+02:31:40.000] VoxelWater: Chunk X=1 Y=0 Z=1 emitted 68 procedural water vertices (Ocean/Pools)
[+02:31:40.000] VoxelWater: Chunk X=0 Y=0 Z=1 emitted 8 procedural water vertices (Ocean/Pools)
[+02:31:40.000] VoxelWater: Chunk X=-1 Y=1 Z=0 emitted 44 procedural water vertices (Ocean/Pools)
[+02:31:40.000] VoxelWater: Chunk X=0 Y=1 Z=0 emitted 20 procedural water vertices (Ocean/Pools)
[+02:31:40.000] VoxelWater: Chunk X=0 Y=-1 Z=1 emitted 44 procedural water vertices (Ocean/Pools)
[+02:31:40.000] VoxelWater: Chunk X=0 Y=-1 Z=0 emitted 8 procedural water vertices (Ocean/Pools)
[+02:31:40.000] VoxelWater: Chunk X=-1 Y=0 Z=0 emitted 56 procedural water vertices (Ocean/Pools)
[+02:31:40.000] VoxelWater: Chunk X=1 Y=-1 Z=1 emitted 40 procedural water vertices (Ocean/Pools)
[+02:31:40.000] VoxelWater: Chunk X=-1 Y=-1 Z=0 emitted 48 procedural water vertices (Ocean/Pools)
[+02:31:40.001] VoxelWater: Chunk X=-1 Y=-1 Z=1 emitted 72 procedural water vertices (Ocean/Pools)
[+02:31:40.001] VoxelWater: Chunk X=1 Y=-1 Z=0 emitted 12 procedural water vertices (Ocean/Pools)
[+02:31:40.001] VoxelWater: Chunk X=1 Y=1 Z=0 emitted 36 procedural water vertices (Ocean/Pools)
[+02:31:40.001] VoxelWater: Chunk X=2 Y=-1 Z=0 emitted 16 procedural water vertices (Ocean/Pools)
[+02:31:40.001] VoxelWater: Chunk X=2 Y=-1 Z=1 emitted 12 procedural water vertices (Ocean/Pools)
[+02:31:40.001] VoxelWater: Chunk X=-2 Y=-2 Z=1 emitted 108 procedural water vertices (Ocean/Pools)
[+02:31:40.005] VoxelChunk: GenerateAsync (4,-26,-1)
[+02:31:40.007] VoxelChunk: GenerateAsync (4,-26,3)
[+02:31:40.008] VoxelMesh: Chunk X=4 Y=-26 Z=3 FlatVerts=0 SlopeVerts=0
[+02:31:40.009] VoxelChunk: GenerateAsync (4,-26,2)
[+02:31:40.010] VoxelMesh: Chunk X=4 Y=-26 Z=2 FlatVerts=60 SlopeVerts=534
[+02:31:40.012] VoxelChunk: GenerateAsync (4,-25,-1)
[+02:31:40.015] VoxelChunk: GenerateAsync (4,-25,3)
[+02:31:40.016] VoxelMesh: Chunk X=4 Y=-25 Z=3 FlatVerts=264 SlopeVerts=3270
[+02:31:40.017] VoxelChunk: GenerateAsync (4,-25,2)
[+02:31:40.018] VoxelMesh: Chunk X=4 Y=-25 Z=2 FlatVerts=12 SlopeVerts=2496
[+02:31:40.020] VoxelMesh: Chunk X=0 Y=0 Z=0 FlatVerts=0 SlopeVerts=0
[+02:31:40.021] VoxelChunk: GenerateAsync (4,-24,-1)
[+02:31:40.023] VoxelChunk: GenerateAsync (4,-24,3)
[+02:31:40.025] VoxelMesh: Chunk X=4 Y=-24 Z=3 FlatVerts=642 SlopeVerts=1728
[+02:31:40.026] VoxelMesh: Chunk X=0 Y=0 Z=0 FlatVerts=48 SlopeVerts=336
[+02:31:40.026] VoxelChunk: GenerateAsync (4,-24,2)
[+02:31:40.028] VoxelMesh: Chunk X=4 Y=-24 Z=2 FlatVerts=96 SlopeVerts=2466
[+02:31:40.030] VoxelChunk: GenerateAsync (5,-26,-1)
[+02:31:40.033] VoxelChunk: GenerateAsync (5,-26,3)
[+02:31:40.034] VoxelMesh: Chunk X=5 Y=-26 Z=3 FlatVerts=0 SlopeVerts=0
[+02:31:40.035] VoxelMesh: Chunk X=0 Y=0 Z=0 FlatVerts=0 SlopeVerts=150
[+02:31:40.035] VoxelChunk: GenerateAsync (5,-26,2)
[+02:31:40.036] VoxelMesh: Chunk X=5 Y=-26 Z=2 FlatVerts=0 SlopeVerts=486
[+02:31:40.039] VoxelChunk: GenerateAsync (5,-25,-1)
[+02:31:40.041] VoxelChunk: GenerateAsync (5,-25,3)
[+02:31:40.043] VoxelMesh: Chunk X=5 Y=-25 Z=3 FlatVerts=600 SlopeVerts=1512
[+02:31:40.044] VoxelMesh: Chunk X=0 Y=0 Z=0 FlatVerts=6 SlopeVerts=732
[+02:31:40.044] VoxelChunk: GenerateAsync (5,-25,2)
[+02:31:40.046] VoxelMesh: Chunk X=5 Y=-25 Z=2 FlatVerts=42 SlopeVerts=2508
[+02:31:40.048] VoxelMesh: Chunk X=0 Y=0 Z=0 FlatVerts=0 SlopeVerts=0
[+02:31:40.048] VoxelChunk: GenerateAsync (5,-24,-1)
[+02:31:40.051] VoxelChunk: GenerateAsync (5,-24,3)
[+02:31:40.052] VoxelMesh: Chunk X=5 Y=-24 Z=3 FlatVerts=0 SlopeVerts=96
[+02:31:40.053] VoxelMesh: Chunk X=0 Y=0 Z=0 FlatVerts=6 SlopeVerts=600
[+02:31:40.054] VoxelChunk: GenerateAsync (5,-24,2)
[+02:31:40.055] VoxelMesh: Chunk X=5 Y=-24 Z=2 FlatVerts=156 SlopeVerts=2424
[+02:31:40.058] VoxelChunk: GenerateAsync (6,-26,-1)
[+02:31:40.062] VoxelMesh: Chunk X=0 Y=0 Z=0 FlatVerts=264 SlopeVerts=3708
[+02:31:40.062] VoxelChunk: GenerateAsync (6,-26,3)
[+02:31:40.063] VoxelMesh: Chunk X=6 Y=-26 Z=3 FlatVerts=0 SlopeVerts=1008
[+02:31:40.065] VoxelMesh: Chunk X=0 Y=0 Z=0 FlatVerts=1350 SlopeVerts=11610
[+02:31:40.066] VoxelChunk: GenerateAsync (6,-26,2)
[+02:31:40.068] VoxelMesh: Chunk X=6 Y=-26 Z=2 FlatVerts=0 SlopeVerts=2274
[+02:31:40.071] VoxelChunk: GenerateAsync (6,-25,-1)
[+02:31:40.075] VoxelMesh: Chunk X=0 Y=0 Z=0 FlatVerts=360 SlopeVerts=5472
[+02:31:40.076] VoxelChunk: GenerateAsync (6,-25,3)
[+02:31:40.076] VoxelMesh: Chunk X=6 Y=-25 Z=3 FlatVerts=258 SlopeVerts=2526
[+02:31:40.079] VoxelMesh: Chunk X=0 Y=0 Z=0 FlatVerts=1314 SlopeVerts=14142
[+02:31:40.080] VoxelChunk: GenerateAsync (6,-25,2)
[+02:31:40.082] VoxelMesh: Chunk X=6 Y=-25 Z=2 FlatVerts=0 SlopeVerts=24
[+02:31:40.086] VoxelMesh: Chunk X=0 Y=0 Z=0 FlatVerts=0 SlopeVerts=0
[+02:31:40.086] VoxelChunk: GenerateAsync (6,-24,-1)
[+02:31:40.090] VoxelMesh: Chunk X=0 Y=0 Z=0 FlatVerts=102 SlopeVerts=2412
[+02:31:40.090] VoxelChunk: GenerateAsync (6,-24,3)
[+02:31:40.092] VoxelMesh: Chunk X=6 Y=-24 Z=3 FlatVerts=0 SlopeVerts=2334
[+02:31:40.093] VoxelMesh: Chunk X=0 Y=0 Z=0 FlatVerts=744 SlopeVerts=7548
[+02:31:40.094] VoxelChunk: GenerateAsync (6,-24,2)
[+02:31:40.095] VoxelMesh: Chunk X=6 Y=-24 Z=2 FlatVerts=0 SlopeVerts=2718
[+02:31:40.126] VoxelMesh: Chunk X=0 Y=0 Z=0 FlatVerts=4176 SlopeVerts=10818
[+02:31:40.128] VoxelChunk: GenerateAsync (2,1,1)
[+02:31:40.129] VoxelMesh: Chunk X=2 Y=1 Z=1 FlatVerts=1752 SlopeVerts=1596
[+02:31:40.132] VoxelMesh: Chunk X=0 Y=0 Z=0 FlatVerts=2616 SlopeVerts=10362
[+02:31:40.134] VoxelChunk: GenerateAsync (2,0,0)
[+02:31:40.136] VoxelMesh: Chunk X=2 Y=0 Z=0 FlatVerts=1776 SlopeVerts=474
[+02:31:40.141] VoxelMesh: Chunk X=0 Y=0 Z=0 FlatVerts=912 SlopeVerts=25254
[+02:31:40.142] VoxelChunk: GenerateAsync (2,-2,2)
[+02:31:40.145] VoxelMesh: Chunk X=0 Y=0 Z=0 FlatVerts=0 SlopeVerts=60
[+02:31:40.146] VoxelChunk: GenerateAsync (-1,0,2)
[+02:31:40.158] VoxelMesh: Chunk X=0 Y=0 Z=0 FlatVerts=9150 SlopeVerts=48
[+02:31:40.159] VoxelChunk: GenerateAsync (-2,0,-1)
[+02:31:40.163] VoxelMesh: Chunk X=0 Y=0 Z=0 FlatVerts=8646 SlopeVerts=1740
[+02:31:40.164] VoxelChunk: GenerateAsync (-2,2,0)
[+02:31:40.166] VoxelMesh: Chunk X=-2 Y=2 Z=0 FlatVerts=822 SlopeVerts=990
[+02:31:40.170] VoxelMesh: Chunk X=0 Y=0 Z=0 FlatVerts=1002 SlopeVerts=29136
[+02:31:40.172] VoxelChunk: GenerateAsync (2,-1,2)
[+02:31:40.177] VoxelMesh: Chunk X=0 Y=0 Z=0 FlatVerts=1050 SlopeVerts=702
[+02:31:40.178] VoxelChunk: GenerateAsync (-1,-2,-1)
[+02:31:40.189] VoxelChunk: GenerateAsync (4,-26,3)
[+02:31:40.189] VoxelChunk: GenerateAsync (4,-25,3)
[+02:31:40.189] VoxelChunk: GenerateAsync (4,-24,3)
[+02:31:40.189] VoxelChunk: GenerateAsync (5,-26,3)
[+02:31:40.189] VoxelChunk: GenerateAsync (5,-25,3)
[+02:31:40.189] VoxelChunk: GenerateAsync (5,-24,3)
[+02:31:40.189] VoxelChunk: GenerateAsync (6,-26,3)
[+02:31:40.189] VoxelChunk: GenerateAsync (6,-25,3)
[+02:31:40.189] VoxelChunk: GenerateAsync (6,-24,3)
[+02:31:40.189] VoxelMesh: Chunk X=4 Y=-26 Z=3 FlatVerts=0 SlopeVerts=0
[+02:31:40.190] VoxelMesh: Chunk X=4 Y=-25 Z=3 FlatVerts=48 SlopeVerts=804
[+02:31:40.191] VoxelMesh: Chunk X=6 Y=-26 Z=3 FlatVerts=0 SlopeVerts=216
[+02:31:40.191] VoxelMesh: Chunk X=5 Y=-26 Z=3 FlatVerts=0 SlopeVerts=0
[+02:31:40.191] VoxelMesh: Chunk X=6 Y=-25 Z=3 FlatVerts=60 SlopeVerts=648
[+02:31:40.191] VoxelMesh: Chunk X=5 Y=-24 Z=3 FlatVerts=0 SlopeVerts=24
[+02:31:40.191] VoxelMesh: Chunk X=5 Y=-25 Z=3 FlatVerts=138 SlopeVerts=396
[+02:31:40.191] VoxelMesh: Chunk X=6 Y=-24 Z=3 FlatVerts=0 SlopeVerts=606
[+02:31:40.191] VoxelMesh: Chunk X=4 Y=-24 Z=3 FlatVerts=162 SlopeVerts=474
[+02:31:40.191] VoxelMesh: Chunk X=-1 Y=-2 Z=-1 FlatVerts=486 SlopeVerts=3654
[+02:31:40.192] VoxelChunk: GenerateAsync (-1,-2,1)
[+02:31:40.193] VoxelMesh: Chunk X=2 Y=-1 Z=2 FlatVerts=2262 SlopeVerts=156
[+02:31:40.193] VoxelMesh: Chunk X=-1 Y=-2 Z=1 FlatVerts=486 SlopeVerts=3654
[+02:31:40.193] VoxelChunk: GenerateAsync (-2,1,0)
[+02:31:40.194] VoxelMesh: Chunk X=-2 Y=2 Z=0 FlatVerts=570 SlopeVerts=954
[+02:31:40.195] VoxelMesh: Chunk X=-2 Y=1 Z=0 FlatVerts=2262 SlopeVerts=156
[+02:31:40.195] VoxelChunk: GenerateAsync (2,-2,0)
[+02:31:40.196] VoxelMesh: Chunk X=-2 Y=0 Z=-1 FlatVerts=480 SlopeVerts=1236
[+02:31:40.196] VoxelMesh: Chunk X=2 Y=-2 Z=0 FlatVerts=570 SlopeVerts=954
[+02:31:40.196] VoxelChunk: GenerateAsync (2,0,1)
[+02:31:40.197] VoxelMesh: Chunk X=2 Y=0 Z=1 FlatVerts=480 SlopeVerts=1236
[+02:31:40.200] VoxelWater: Chunk X=4 Y=-25 Z=3 emitted 48 procedural water vertices (Ocean/Pools)
[+02:31:40.200] VoxelWater: Chunk X=4 Y=-25 Z=2 emitted 40 procedural water vertices (Ocean/Pools)
[+02:31:40.200] VoxelWater: Chunk X=4 Y=-26 Z=2 emitted 8 procedural water vertices (Ocean/Pools)
[+02:31:40.200] VoxelWater: Chunk X=4 Y=-24 Z=3 emitted 36 procedural water vertices (Ocean/Pools)
[+02:31:40.200] VoxelWater: Chunk X=4 Y=-24 Z=2 emitted 36 procedural water vertices (Ocean/Pools)
[+02:31:40.201] VoxelWater: Chunk X=5 Y=-25 Z=3 emitted 120 procedural water vertices (Ocean/Pools)
[+02:31:40.201] VoxelWater: Chunk X=5 Y=-24 Z=3 emitted 20 procedural water vertices (Ocean/Pools)
[+02:31:40.201] VoxelWater: Chunk X=5 Y=-24 Z=2 emitted 8 procedural water vertices (Ocean/Pools)
[+02:31:40.201] VoxelWater: Chunk X=6 Y=-24 Z=3 emitted 76 procedural water vertices (Ocean/Pools)
[+02:31:40.201] VoxelWater: Chunk X=6 Y=-26 Z=3 emitted 16 procedural water vertices (Ocean/Pools)
[+02:31:40.201] VoxelWater: Chunk X=6 Y=-25 Z=3 emitted 96 procedural water vertices (Ocean/Pools)
[+02:31:40.201] VoxelWater: Chunk X=6 Y=-26 Z=2 emitted 24 procedural water vertices (Ocean/Pools)
[+02:31:40.201] VoxelWater: Chunk X=6 Y=-24 Z=2 emitted 44 procedural water vertices (Ocean/Pools)
[+02:31:40.201] VoxelWater: Chunk X=2 Y=-2 Z=0 emitted 16 procedural water vertices (Ocean/Pools)
[+02:31:40.201] VoxelWater: Chunk X=-2 Y=1 Z=0 emitted 28 procedural water vertices (Ocean/Pools)
[+02:31:40.201] VoxelWater: Chunk X=-1 Y=-2 Z=1 emitted 76 procedural water vertices (Ocean/Pools)
[+02:31:40.209] VoxelChunk: GenerateAsync (2,-1,-1)
[+02:31:40.211] VoxelChunk: GenerateAsync (-1,2,-1)
[+02:31:40.213] VoxelChunk: GenerateAsync (2,-2,-1)
[+02:31:40.214] VoxelMesh: Chunk X=2 Y=1 Z=1 FlatVerts=84 SlopeVerts=192
[+02:31:40.214] VoxelChunk: GenerateAsync (-2,-2,2)
[+02:31:40.215] VoxelMesh: Chunk X=-2 Y=-2 Z=2 FlatVerts=84 SlopeVerts=192
[+02:31:40.222] VoxelMesh: Chunk X=1 Y=-2 Z=0 FlatVerts=1446 SlopeVerts=534
[+02:31:40.222] VoxelChunk: GenerateAsync (2,1,0)
[+02:31:40.223] VoxelMesh: Chunk X=-2 Y=-2 Z=1 FlatVerts=162 SlopeVerts=3006
[+02:31:40.223] VoxelMesh: Chunk X=2 Y=1 Z=0 FlatVerts=1446 SlopeVerts=534
[+02:31:40.224] VoxelChunk: GenerateAsync (0,-1,2)
[+02:31:40.224] VoxelMesh: Chunk X=2 Y=-1 Z=1 FlatVerts=0 SlopeVerts=66
[+02:31:40.224] VoxelChunk: GenerateAsync (0,0,2)
[+02:31:40.224] VoxelMesh: Chunk X=0 Y=-1 Z=2 FlatVerts=162 SlopeVerts=3006
[+02:31:40.226] VoxelChunk: GenerateAsync (-1,1,2)
[+02:31:40.226] VoxelMesh: Chunk X=0 Y=0 Z=2 FlatVerts=0 SlopeVerts=66
[+02:31:40.234] VoxelMesh: Chunk X=1 Y=-2 Z=2 FlatVerts=954 SlopeVerts=2118
[+02:31:40.234] VoxelChunk: GenerateAsync (-2,2,1)
[+02:31:40.236] VoxelMesh: Chunk X=2 Y=1 Z=2 FlatVerts=234 SlopeVerts=810
[+02:31:40.236] VoxelMesh: Chunk X=-2 Y=2 Z=1 FlatVerts=954 SlopeVerts=2118
[+02:31:40.236] VoxelChunk: GenerateAsync (-1,2,1)
[+02:31:40.237] VoxelMesh: Chunk X=-1 Y=2 Z=1 FlatVerts=234 SlopeVerts=810
[+02:31:40.237] VoxelMesh: Chunk X=0 Y=2 Z=-1 FlatVerts=24 SlopeVerts=2124
[+02:31:40.237] VoxelChunk: GenerateAsync (1,-2,1)
[+02:31:40.239] VoxelMesh: Chunk X=1 Y=-2 Z=1 FlatVerts=24 SlopeVerts=2124
[+02:31:40.239] VoxelMesh: Chunk X=2 Y=0 Z=-1 FlatVerts=990 SlopeVerts=804
[+02:31:40.239] VoxelChunk: GenerateAsync (-2,-1,1)
[+02:31:40.240] VoxelMesh: Chunk X=-2 Y=-1 Z=1 FlatVerts=990 SlopeVerts=804
[+02:31:40.247] VoxelChunk: GenerateAsync (-2,2,2)
[+02:31:40.248] VoxelMesh: Chunk X=2 Y=1 Z=-1 FlatVerts=1380 SlopeVerts=570
[+02:31:40.249] VoxelChunk: GenerateAsync (-2,-1,0)
[+02:31:40.250] VoxelMesh: Chunk X=-2 Y=-1 Z=0 FlatVerts=1380 SlopeVerts=570
[+02:31:40.250] VoxelChunk: GenerateAsync (-2,-1,-1)
[+02:31:40.251] VoxelMesh: Chunk X=0 Y=2 Z=2 FlatVerts=1752 SlopeVerts=1398
[+02:31:40.252] VoxelChunk: GenerateAsync (1,2,1)
[+02:31:40.252] VoxelMesh: Chunk X=1 Y=2 Z=1 FlatVerts=1752 SlopeVerts=1398
[+02:31:40.260] VoxelMesh: Chunk X=2 Y=-1 Z=0 FlatVerts=0 SlopeVerts=18
[+02:31:40.260] VoxelChunk: GenerateAsync (0,-2,1)
[+02:31:40.261] VoxelMesh: Chunk X=2 Y=0 Z=-2 FlatVerts=1344 SlopeVerts=2352
[+02:31:40.262] VoxelMesh: Chunk X=0 Y=-2 Z=1 FlatVerts=0 SlopeVerts=18
[+02:31:40.262] VoxelChunk: GenerateAsync (2,-2,1)
[+02:31:40.263] VoxelMesh: Chunk X=1 Y=0 Z=-2 FlatVerts=66 SlopeVerts=180
[+02:31:40.263] VoxelChunk: GenerateAsync (-2,-2,0)
[+02:31:40.263] VoxelMesh: Chunk X=2 Y=-2 Z=1 FlatVerts=1344 SlopeVerts=2352
[+02:31:40.265] VoxelChunk: GenerateAsync (0,-2,-1)
[+02:31:40.265] VoxelMesh: Chunk X=-2 Y=-2 Z=0 FlatVerts=66 SlopeVerts=180
[+02:31:40.273] VoxelMesh: Chunk X=-2 Y=-2 Z=-2 FlatVerts=744 SlopeVerts=1092
[+02:31:40.273] VoxelChunk: GenerateAsync (-2,0,1)
[+02:31:40.274] VoxelMesh: Chunk X=1 Y=-2 Z=-2 FlatVerts=1692 SlopeVerts=672
[+02:31:40.274] VoxelMesh: Chunk X=-2 Y=0 Z=1 FlatVerts=744 SlopeVerts=1092
[+02:31:40.275] VoxelChunk: GenerateAsync (-1,2,0)
[+02:31:40.275] VoxelChunk: GenerateAsync (2,0,2)
[+02:31:40.276] VoxelMesh: Chunk X=-1 Y=2 Z=0 FlatVerts=1692 SlopeVerts=672
[+02:31:40.276] VoxelChunk: GenerateAsync (-2,1,2)
[+02:31:40.283] VoxelChunk: GenerateAsync (1,2,2)
[+02:31:40.284] VoxelMesh: Chunk X=0 Y=2 Z=-2 FlatVerts=378 SlopeVerts=654
[+02:31:40.284] VoxelChunk: GenerateAsync (0,2,1)
[+02:31:40.285] VoxelMesh: Chunk X=-2 Y=0 Z=-2 FlatVerts=642 SlopeVerts=1698
[+02:31:40.285] VoxelMesh: Chunk X=0 Y=2 Z=1 FlatVerts=378 SlopeVerts=654
[+02:31:40.286] VoxelChunk: GenerateAsync (-2,0,0)
[+02:31:40.286] VoxelChunk: GenerateAsync (-2,1,-1)
[+02:31:40.287] VoxelMesh: Chunk X=-2 Y=0 Z=0 FlatVerts=642 SlopeVerts=1698
[+02:31:40.295] VoxelChunk: GenerateAsync (1,2,-1)
[+02:31:40.296] VoxelChunk: GenerateAsync (2,2,-1)
[+02:31:40.297] VoxelMesh: Chunk X=2 Y=1 Z=-2 FlatVerts=0 SlopeVerts=2208
[+02:31:40.297] VoxelChunk: GenerateAsync (-1,-2,2)
[+02:31:40.298] VoxelMesh: Chunk X=1 Y=1 Z=-2 FlatVerts=0 SlopeVerts=1218
[+02:31:40.298] VoxelChunk: GenerateAsync (0,-2,2)
[+02:31:40.298] VoxelMesh: Chunk X=-1 Y=-2 Z=2 FlatVerts=0 SlopeVerts=2208
[+02:31:40.299] VoxelMesh: Chunk X=0 Y=-2 Z=2 FlatVerts=0 SlopeVerts=1218
[+02:31:40.307] VoxelChunk: GenerateAsync (-2,-1,2)
[+02:31:40.308] VoxelMesh: Chunk X=2 Y=-1 Z=-2 FlatVerts=0 SlopeVerts=0
[+02:31:40.308] VoxelChunk: GenerateAsync (-1,-1,2)
[+02:31:40.309] VoxelMesh: Chunk X=0 Y=1 Z=-2 FlatVerts=222 SlopeVerts=2208
[+02:31:40.309] VoxelMesh: Chunk X=-1 Y=-1 Z=2 FlatVerts=0 SlopeVerts=0
[+02:31:40.309] VoxelChunk: GenerateAsync (1,-1,2)
[+02:31:40.310] VoxelChunk: GenerateAsync (-2,0,2)
[+02:31:40.310] VoxelMesh: Chunk X=1 Y=-1 Z=2 FlatVerts=222 SlopeVerts=2208
[+02:31:40.318] VoxelMesh: Chunk X=1 Y=-1 Z=-2 FlatVerts=0 SlopeVerts=66
[+02:31:40.319] VoxelChunk: GenerateAsync (1,0,2)
[+02:31:40.319] VoxelMesh: Chunk X=-1 Y=-2 Z=-2 FlatVerts=0 SlopeVerts=0
[+02:31:40.320] VoxelChunk: GenerateAsync (2,2,0)
[+02:31:40.320] VoxelMesh: Chunk X=1 Y=0 Z=2 FlatVerts=0 SlopeVerts=66
[+02:31:40.320] VoxelChunk: GenerateAsync (0,1,2)
[+02:31:40.321] VoxelMesh: Chunk X=2 Y=2 Z=0 FlatVerts=0 SlopeVerts=0
[+02:31:40.322] VoxelChunk: GenerateAsync (1,-2,-1)
[+02:31:40.328] VoxelChunk: GenerateAsync (-2,2,-1)
[+02:31:40.329] VoxelChunk: GenerateAsync (2,2,2)
[+02:31:40.330] VoxelMesh: Chunk X=-1 Y=-1 Z=-1 FlatVerts=3222 SlopeVerts=684
[+02:31:40.330] VoxelChunk: GenerateAsync (2,2,1)
[+02:31:40.332] VoxelChunk: GenerateAsync (-2,-2,-1)
[+02:31:40.332] VoxelMesh: Chunk X=2 Y=2 Z=1 FlatVerts=3222 SlopeVerts=684
[+02:31:40.340] VoxelMesh: Chunk X=1 Y=1 Z=-1 FlatVerts=1848 SlopeVerts=552
[+02:31:40.341] VoxelChunk: GenerateAsync (0,2,0)
[+02:31:40.342] VoxelMesh: Chunk X=-1 Y=1 Z=-1 FlatVerts=1434 SlopeVerts=522
[+02:31:40.342] VoxelMesh: Chunk X=0 Y=2 Z=0 FlatVerts=1848 SlopeVerts=552
[+02:31:40.342] VoxelChunk: GenerateAsync (1,2,0)
[+02:31:40.344] VoxelMesh: Chunk X=1 Y=2 Z=0 FlatVerts=1434 SlopeVerts=522
[+02:31:40.344] VoxelMesh: Chunk X=-1 Y=-1 Z=0 FlatVerts=102 SlopeVerts=216
[+02:31:40.344] VoxelChunk: GenerateAsync (-1,-2,0)
[+02:31:40.345] VoxelChunk: GenerateAsync (0,-2,0)
[+02:31:40.346] VoxelMesh: Chunk X=-1 Y=-2 Z=0 FlatVerts=102 SlopeVerts=216
[+02:31:40.354] VoxelMesh: Chunk X=0 Y=0 Z=-1 FlatVerts=2310 SlopeVerts=1530
[+02:31:40.354] VoxelChunk: GenerateAsync (-3,2,1)
[+02:31:40.355] VoxelMesh: Chunk X=1 Y=-1 Z=0 FlatVerts=48 SlopeVerts=306
[+02:31:40.355] VoxelMesh: Chunk X=-3 Y=2 Z=1 FlatVerts=2310 SlopeVerts=1530
[+02:31:40.356] VoxelChunk: GenerateAsync (-3,0,0)
[+02:31:40.357] VoxelMesh: Chunk X=-1 Y=-1 Z=1 FlatVerts=1584 SlopeVerts=648
[+02:31:40.357] VoxelMesh: Chunk X=-3 Y=0 Z=0 FlatVerts=48 SlopeVerts=306
[+02:31:40.357] VoxelChunk: GenerateAsync (3,2,1)
[+02:31:40.358] VoxelMesh: Chunk X=1 Y=-1 Z=1 FlatVerts=2634 SlopeVerts=24
[+02:31:40.358] VoxelMesh: Chunk X=3 Y=2 Z=1 FlatVerts=1584 SlopeVerts=648
[+02:31:40.359] VoxelChunk: GenerateAsync (-3,3,1)
[+02:31:40.360] VoxelMesh: Chunk X=-3 Y=3 Z=1 FlatVerts=2634 SlopeVerts=24
[+02:31:40.368] VoxelChunk: GenerateAsync (3,-1,-1)
[+02:31:40.370] VoxelChunk: GenerateAsync (3,1,-2)
[+02:31:40.371] VoxelMesh: Chunk X=1 Y=0 Z=-1 FlatVerts=3066 SlopeVerts=228
[+02:31:40.372] VoxelChunk: GenerateAsync (1,3,1)
[+02:31:40.373] VoxelChunk: GenerateAsync (-2,-3,-2)
[+02:31:40.373] VoxelMesh: Chunk X=1 Y=3 Z=1 FlatVerts=3066 SlopeVerts=228
[+02:31:40.380] VoxelMesh: Chunk X=-1 Y=0 Z=-1 FlatVerts=966 SlopeVerts=1248
[+02:31:40.380] VoxelChunk: GenerateAsync (3,3,1)
[+02:31:40.382] VoxelMesh: Chunk X=3 Y=3 Z=1 FlatVerts=966 SlopeVerts=1248
[+02:31:40.382] VoxelMesh: Chunk X=0 Y=1 Z=-1 FlatVerts=930 SlopeVerts=4026
[+02:31:40.382] VoxelChunk: GenerateAsync (-3,-3,2)
[+02:31:40.383] VoxelMesh: Chunk X=0 Y=1 Z=0 FlatVerts=0 SlopeVerts=2514
[+02:31:40.383] VoxelChunk: GenerateAsync (-2,-3,2)
[+02:31:40.384] VoxelMesh: Chunk X=-3 Y=-3 Z=2 FlatVerts=930 SlopeVerts=4026
[+02:31:40.385] VoxelChunk: GenerateAsync (3,0,0)
[+02:31:40.385] VoxelMesh: Chunk X=-2 Y=-3 Z=2 FlatVerts=0 SlopeVerts=2514
[+02:31:40.395] VoxelChunk: GenerateAsync (-3,0,-1)
[+02:31:40.396] VoxelMesh: Chunk X=0 Y=0 Z=1 FlatVerts=432 SlopeVerts=1626
[+02:31:40.397] VoxelChunk: GenerateAsync (-3,1,0)
[+02:31:40.398] VoxelMesh: Chunk X=-3 Y=1 Z=0 FlatVerts=432 SlopeVerts=1626
[+02:31:40.398] VoxelMesh: Chunk X=1 Y=0 Z=1 FlatVerts=0 SlopeVerts=3270
[+02:31:40.399] VoxelChunk: GenerateAsync (1,-3,2)
[+02:31:40.400] VoxelMesh: Chunk X=-1 Y=1 Z=1 FlatVerts=600 SlopeVerts=1386
[+02:31:40.400] VoxelMesh: Chunk X=1 Y=-3 Z=2 FlatVerts=0 SlopeVerts=3270
[+02:31:40.400] VoxelChunk: GenerateAsync (2,-3,2)
[+02:31:40.401] VoxelMesh: Chunk X=2 Y=-3 Z=2 FlatVerts=600 SlopeVerts=1386
[+02:31:40.409] VoxelWater: Chunk X=1 Y=-3 Z=2 emitted 48 procedural water vertices (Ocean/Pools)
[+02:31:40.409] VoxelWater: Chunk X=-3 Y=1 Z=0 emitted 36 procedural water vertices (Ocean/Pools)
[+02:31:40.409] VoxelWater: Chunk X=-2 Y=1 Z=0 emitted 52 procedural water vertices (Ocean/Pools)
[+02:31:40.409] VoxelWater: Chunk X=-2 Y=-3 Z=2 emitted 16 procedural water vertices (Ocean/Pools)
[+02:31:40.409] VoxelWater: Chunk X=-3 Y=-3 Z=2 emitted 12 procedural water vertices (Ocean/Pools)
[+02:31:40.409] VoxelWater: Chunk X=3 Y=3 Z=1 emitted 16 procedural water vertices (Ocean/Pools)
[+02:31:40.409] VoxelWater: Chunk X=1 Y=3 Z=1 emitted 56 procedural water vertices (Ocean/Pools)
[+02:31:40.409] VoxelWater: Chunk X=-3 Y=3 Z=1 emitted 44 procedural water vertices (Ocean/Pools)
[+02:31:40.409] VoxelWater: Chunk X=3 Y=2 Z=1 emitted 28 procedural water vertices (Ocean/Pools)
[+02:31:40.409] VoxelWater: Chunk X=-3 Y=0 Z=0 emitted 8 procedural water vertices (Ocean/Pools)
[+02:31:40.409] VoxelWater: Chunk X=-2 Y=2 Z=1 emitted 8 procedural water vertices (Ocean/Pools)
[+02:31:40.410] VoxelWater: Chunk X=-3 Y=2 Z=1 emitted 28 procedural water vertices (Ocean/Pools)
[+02:31:40.410] VoxelWater: Chunk X=0 Y=2 Z=0 emitted 20 procedural water vertices (Ocean/Pools)
[+02:31:40.410] VoxelWater: Chunk X=1 Y=2 Z=0 emitted 8 procedural water vertices (Ocean/Pools)
[+02:31:40.410] VoxelWater: Chunk X=-1 Y=2 Z=0 emitted 20 procedural water vertices (Ocean/Pools)
[+02:31:40.410] VoxelWater: Chunk X=2 Y=2 Z=1 emitted 40 procedural water vertices (Ocean/Pools)
[+02:31:40.410] VoxelWater: Chunk X=1 Y=-1 Z=2 emitted 36 procedural water vertices (Ocean/Pools)
[+02:31:40.410] VoxelWater: Chunk X=0 Y=-2 Z=2 emitted 12 procedural water vertices (Ocean/Pools)
[+02:31:40.410] VoxelWater: Chunk X=-1 Y=-2 Z=2 emitted 24 procedural water vertices (Ocean/Pools)
[+02:31:40.410] VoxelWater: Chunk X=-2 Y=0 Z=0 emitted 72 procedural water vertices (Ocean/Pools)
[+02:31:40.410] VoxelWater: Chunk X=-2 Y=-1 Z=0 emitted 20 procedural water vertices (Ocean/Pools)
[+02:31:40.410] VoxelWater: Chunk X=0 Y=2 Z=1 emitted 20 procedural water vertices (Ocean/Pools)
[+02:31:40.410] VoxelWater: Chunk X=-2 Y=0 Z=1 emitted 24 procedural water vertices (Ocean/Pools)
[+02:31:40.410] VoxelWater: Chunk X=-2 Y=-2 Z=0 emitted 16 procedural water vertices (Ocean/Pools)
[+02:31:40.410] VoxelWater: Chunk X=2 Y=-2 Z=1 emitted 40 procedural water vertices (Ocean/Pools)
[+02:31:40.410] VoxelWater: Chunk X=1 Y=2 Z=1 emitted 36 procedural water vertices (Ocean/Pools)
[+02:31:40.410] VoxelWater: Chunk X=-2 Y=-1 Z=1 emitted 28 procedural water vertices (Ocean/Pools)
[+02:31:40.410] VoxelWater: Chunk X=-1 Y=2 Z=1 emitted 8 procedural water vertices (Ocean/Pools)
[+02:31:40.410] VoxelWater: Chunk X=0 Y=-1 Z=2 emitted 44 procedural water vertices (Ocean/Pools)
[+02:31:40.410] VoxelWater: Chunk X=4 Y=-26 Z=2 emitted 8 procedural water vertices (Ocean/Pools)
[+02:31:40.410] VoxelWater: Chunk X=4 Y=-25 Z=3 emitted 52 procedural water vertices (Ocean/Pools)
[+02:31:40.410] VoxelWater: Chunk X=4 Y=-25 Z=2 emitted 56 procedural water vertices (Ocean/Pools)
[+02:31:40.410] VoxelWater: Chunk X=5 Y=-25 Z=2 emitted 8 procedural water vertices (Ocean/Pools)
[+02:31:40.410] VoxelWater: Chunk X=4 Y=-24 Z=3 emitted 40 procedural water vertices (Ocean/Pools)
[+02:31:40.410] VoxelWater: Chunk X=4 Y=-24 Z=2 emitted 40 procedural water vertices (Ocean/Pools)
[+02:31:40.410] VoxelWater: Chunk X=5 Y=-24 Z=2 emitted 24 procedural water vertices (Ocean/Pools)
[+02:31:40.410] VoxelWater: Chunk X=5 Y=-25 Z=3 emitted 124 procedural water vertices (Ocean/Pools)
[+02:31:40.410] VoxelWater: Chunk X=5 Y=-24 Z=3 emitted 20 procedural water vertices (Ocean/Pools)
[+02:31:40.410] VoxelWater: Chunk X=6 Y=-24 Z=3 emitted 84 procedural water vertices (Ocean/Pools)
[+02:31:40.410] VoxelWater: Chunk X=6 Y=-26 Z=3 emitted 16 procedural water vertices (Ocean/Pools)
[+02:31:40.410] VoxelWater: Chunk X=6 Y=-25 Z=3 emitted 96 procedural water vertices (Ocean/Pools)
[+02:31:40.410] VoxelWater: Chunk X=6 Y=-26 Z=2 emitted 24 procedural water vertices (Ocean/Pools)
[+02:31:40.410] VoxelWater: Chunk X=6 Y=-24 Z=2 emitted 48 procedural water vertices (Ocean/Pools)
[+02:31:40.410] VoxelWater: Chunk X=-2 Y=-2 Z=2 emitted 20 procedural water vertices (Ocean/Pools)
[+02:31:40.410] VoxelWater: Chunk X=2 Y=-2 Z=0 emitted 20 procedural water vertices (Ocean/Pools)
[+02:31:40.410] VoxelWater: Chunk X=-1 Y=-2 Z=0 emitted 8 procedural water vertices (Ocean/Pools)
[+02:31:40.410] VoxelWater: Chunk X=-1 Y=-2 Z=1 emitted 80 procedural water vertices (Ocean/Pools)
[+02:31:40.418] VoxelChunk: GenerateAsync (-3,1,-2)
[+02:31:40.420] VoxelChunk: GenerateAsync (3,0,-2)
[+02:31:40.422] VoxelChunk: GenerateAsync (3,2,-1)
[+02:31:40.424] VoxelChunk: GenerateAsync (-3,0,-2)
[+02:31:40.438] VoxelMesh: Chunk X=0 Y=0 Z=0 FlatVerts=252 SlopeVerts=3588
[+02:31:40.438] VoxelChunk: GenerateAsync (3,-2,2)
[+02:31:40.443] VoxelMesh: Chunk X=0 Y=0 Z=0 FlatVerts=2358 SlopeVerts=1638
[+02:31:40.444] VoxelChunk: GenerateAsync (-3,3,-1)
[+02:31:40.449] VoxelMesh: Chunk X=0 Y=0 Z=0 FlatVerts=7866 SlopeVerts=7638
[+02:31:40.450] VoxelChunk: GenerateAsync (3,1,0)
[+02:31:40.454] VoxelMesh: Chunk X=0 Y=0 Z=0 FlatVerts=6150 SlopeVerts=6600
[+02:31:40.456] VoxelChunk: GenerateAsync (-3,2,0)
[+02:31:40.456] VoxelMesh: Chunk X=-3 Y=2 Z=0 FlatVerts=0 SlopeVerts=42
[+02:31:40.468] VoxelMesh: Chunk X=0 Y=0 Z=0 FlatVerts=5784 SlopeVerts=2016
[+02:31:40.469] VoxelChunk: GenerateAsync (-2,3,-1)
[+02:31:40.475] VoxelChunk: GenerateAsync (3,3,-2)
[+02:31:40.483] VoxelChunk: GenerateAsync (3,-2,-1)
[+02:31:40.486] VoxelChunk: GenerateAsync (-3,0,2)
[+02:31:40.487] VoxelMesh: Chunk X=-3 Y=0 Z=2 FlatVerts=36 SlopeVerts=2022
[+02:31:40.498] VoxelMesh: Chunk X=0 Y=0 Z=0 FlatVerts=6474 SlopeVerts=726
[+02:31:40.499] VoxelChunk: GenerateAsync (-1,3,-1)
[+02:31:40.504] VoxelMesh: Chunk X=0 Y=0 Z=0 FlatVerts=5892 SlopeVerts=558
[+02:31:40.505] VoxelChunk: GenerateAsync (0,3,-1)
[+02:31:40.512] VoxelChunk: GenerateAsync (2,3,-2)
[+02:31:40.516] VoxelMesh: Chunk X=0 Y=0 Z=0 FlatVerts=1050 SlopeVerts=16716
[+02:31:40.517] VoxelChunk: GenerateAsync (3,0,2)
[+02:31:40.518] VoxelMesh: Chunk X=3 Y=0 Z=2 FlatVerts=84 SlopeVerts=0
[+02:31:40.531] VoxelMesh: Chunk X=0 Y=0 Z=0 FlatVerts=8196 SlopeVerts=2592
[+02:31:40.532] VoxelChunk: GenerateAsync (3,2,0)
[+02:31:40.538] VoxelMesh: Chunk X=0 Y=0 Z=0 FlatVerts=4296 SlopeVerts=324
[+02:31:40.539] VoxelChunk: GenerateAsync (1,3,-1)
[+02:31:40.543] VoxelMesh: Chunk X=0 Y=0 Z=0 FlatVerts=4218 SlopeVerts=8880
[+02:31:40.545] VoxelChunk: GenerateAsync (-3,3,0)
[+02:31:40.548] VoxelMesh: Chunk X=0 Y=0 Z=0 FlatVerts=7680 SlopeVerts=6930
[+02:31:40.550] VoxelChunk: GenerateAsync (-2,3,0)
[+02:31:40.563] VoxelMesh: Chunk X=0 Y=0 Z=0 FlatVerts=1446 SlopeVerts=48
[+02:31:40.564] VoxelChunk: GenerateAsync (2,3,-1)
[+02:31:40.569] VoxelChunk: GenerateAsync (1,3,-2)
[+02:31:40.574] VoxelMesh: Chunk X=0 Y=0 Z=0 FlatVerts=7962 SlopeVerts=768
[+02:31:40.575] VoxelChunk: GenerateAsync (-3,-1,-1)
[+02:31:40.579] VoxelMesh: Chunk X=0 Y=0 Z=0 FlatVerts=8712 SlopeVerts=3504
[+02:31:40.581] VoxelChunk: GenerateAsync (-1,3,0)
[+02:31:40.593] VoxelChunk: GenerateAsync (3,3,-1)
[+02:31:40.600] VoxelChunk: GenerateAsync (2,-3,-1)
[+02:31:40.605] VoxelMesh: Chunk X=0 Y=0 Z=0 FlatVerts=8904 SlopeVerts=2094
[+02:31:40.606] VoxelChunk: GenerateAsync (2,3,0)
[+02:31:40.610] VoxelMesh: Chunk X=0 Y=0 Z=0 FlatVerts=4980 SlopeVerts=14622
[+02:31:40.612] VoxelChunk: GenerateAsync (-3,-3,0)
[+02:31:40.623] VoxelMesh: Chunk X=0 Y=0 Z=0 FlatVerts=8202 SlopeVerts=654
[+02:31:40.624] VoxelChunk: GenerateAsync (3,3,0)
[+02:31:40.629] VoxelMesh: Chunk X=0 Y=0 Z=0 FlatVerts=3324 SlopeVerts=13200
[+02:31:40.630] VoxelChunk: GenerateAsync (-3,-3,1)
[+02:31:40.632] VoxelMesh: Chunk X=-3 Y=-3 Z=1 FlatVerts=288 SlopeVerts=294
[+02:31:40.636] VoxelMesh: Chunk X=0 Y=0 Z=0 FlatVerts=3066 SlopeVerts=10548
[+02:31:40.637] VoxelChunk: GenerateAsync (-2,-3,0)
[+02:31:40.639] VoxelMesh: Chunk X=-2 Y=-3 Z=0 FlatVerts=6 SlopeVerts=36
[+02:31:40.642] VoxelMesh: Chunk X=0 Y=0 Z=0 FlatVerts=2508 SlopeVerts=20046
[+02:31:40.644] VoxelChunk: GenerateAsync (-2,-3,1)
[+02:31:40.645] VoxelMesh: Chunk X=-2 Y=-3 Z=1 FlatVerts=642 SlopeVerts=3000
[+02:31:40.656] VoxelWater: Chunk X=2 Y=-3 Z=2 emitted 20 procedural water vertices (Ocean/Pools)
[+02:31:40.656] VoxelWater: Chunk X=1 Y=-3 Z=2 emitted 52 procedural water vertices (Ocean/Pools)
[+02:31:40.656] VoxelWater: Chunk X=-3 Y=1 Z=0 emitted 52 procedural water vertices (Ocean/Pools)
[+02:31:40.656] VoxelWater: Chunk X=-2 Y=1 Z=0 emitted 68 procedural water vertices (Ocean/Pools)
[+02:31:40.656] VoxelWater: Chunk X=-2 Y=-3 Z=2 emitted 20 procedural water vertices (Ocean/Pools)
[+02:31:40.656] VoxelWater: Chunk X=-2 Y=-3 Z=1 emitted 20 procedural water vertices (Ocean/Pools)
[+02:31:40.656] VoxelWater: Chunk X=-3 Y=-3 Z=2 emitted 12 procedural water vertices (Ocean/Pools)
[+02:31:40.656] VoxelWater: Chunk X=-3 Y=-3 Z=1 emitted 12 procedural water vertices (Ocean/Pools)
[+02:31:40.656] VoxelWater: Chunk X=3 Y=3 Z=1 emitted 24 procedural water vertices (Ocean/Pools)
[+02:31:40.656] VoxelWater: Chunk X=1 Y=3 Z=1 emitted 68 procedural water vertices (Ocean/Pools)
[+02:31:40.656] VoxelWater: Chunk X=-3 Y=3 Z=1 emitted 68 procedural water vertices (Ocean/Pools)
[+02:31:40.656] VoxelWater: Chunk X=2 Y=2 Z=1 emitted 44 procedural water vertices (Ocean/Pools)
[+02:31:40.656] VoxelWater: Chunk X=3 Y=2 Z=1 emitted 36 procedural water vertices (Ocean/Pools)
[+02:31:40.656] VoxelWater: Chunk X=-3 Y=0 Z=0 emitted 16 procedural water vertices (Ocean/Pools)
[+02:31:40.656] VoxelWater: Chunk X=-2 Y=2 Z=1 emitted 12 procedural water vertices (Ocean/Pools)
[+02:31:40.656] VoxelWater: Chunk X=-3 Y=2 Z=1 emitted 36 procedural water vertices (Ocean/Pools)
[+02:31:40.656] VoxelWater: Chunk X=-1 Y=-2 Z=0 emitted 8 procedural water vertices (Ocean/Pools)
[+02:31:40.656] VoxelWater: Chunk X=1 Y=2 Z=0 emitted 20 procedural water vertices (Ocean/Pools)
[+02:31:40.657] VoxelWater: Chunk X=0 Y=2 Z=0 emitted 24 procedural water vertices (Ocean/Pools)
[+02:31:40.657] VoxelWater: Chunk X=-1 Y=2 Z=0 emitted 20 procedural water vertices (Ocean/Pools)
[+02:31:40.657] VoxelWater: Chunk X=1 Y=-1 Z=2 emitted 40 procedural water vertices (Ocean/Pools)
[+02:31:40.657] VoxelWater: Chunk X=0 Y=-2 Z=2 emitted 16 procedural water vertices (Ocean/Pools)
[+02:31:40.657] VoxelWater: Chunk X=-1 Y=-2 Z=2 emitted 24 procedural water vertices (Ocean/Pools)
[+02:31:40.657] VoxelWater: Chunk X=-2 Y=0 Z=0 emitted 96 procedural water vertices (Ocean/Pools)
[+02:31:40.657] VoxelWater: Chunk X=-2 Y=-1 Z=0 emitted 24 procedural water vertices (Ocean/Pools)
[+02:31:40.657] VoxelWater: Chunk X=0 Y=2 Z=1 emitted 24 procedural water vertices (Ocean/Pools)
[+02:31:40.657] VoxelWater: Chunk X=-2 Y=0 Z=1 emitted 28 procedural water vertices (Ocean/Pools)
[+02:31:40.657] VoxelWater: Chunk X=-2 Y=-2 Z=0 emitted 20 procedural water vertices (Ocean/Pools)
[+02:31:40.657] VoxelWater: Chunk X=2 Y=-2 Z=1 emitted 44 procedural water vertices (Ocean/Pools)
[+02:31:40.657] VoxelWater: Chunk X=1 Y=2 Z=1 emitted 48 procedural water vertices (Ocean/Pools)
[+02:31:40.657] VoxelWater: Chunk X=-2 Y=-1 Z=1 emitted 36 procedural water vertices (Ocean/Pools)
[+02:31:40.657] VoxelWater: Chunk X=-1 Y=2 Z=1 emitted 12 procedural water vertices (Ocean/Pools)
[+02:31:40.657] VoxelWater: Chunk X=0 Y=-1 Z=2 emitted 52 procedural water vertices (Ocean/Pools)
[+02:31:40.657] VoxelWater: Chunk X=4 Y=-26 Z=2 emitted 12 procedural water vertices (Ocean/Pools)
[+02:31:40.657] VoxelWater: Chunk X=4 Y=-25 Z=3 emitted 48 procedural water vertices (Ocean/Pools)
[+02:31:40.657] VoxelWater: Chunk X=4 Y=-25 Z=2 emitted 60 procedural water vertices (Ocean/Pools)
[+02:31:40.657] VoxelWater: Chunk X=5 Y=-25 Z=3 emitted 132 procedural water vertices (Ocean/Pools)
[+02:31:40.657] VoxelWater: Chunk X=5 Y=-25 Z=2 emitted 20 procedural water vertices (Ocean/Pools)
[+02:31:40.657] VoxelWater: Chunk X=4 Y=-24 Z=3 emitted 48 procedural water vertices (Ocean/Pools)
[+02:31:40.657] VoxelWater: Chunk X=4 Y=-24 Z=2 emitted 56 procedural water vertices (Ocean/Pools)
[+02:31:40.657] VoxelWater: Chunk X=5 Y=-24 Z=2 emitted 44 procedural water vertices (Ocean/Pools)
[+02:31:40.657] VoxelWater: Chunk X=5 Y=-24 Z=3 emitted 28 procedural water vertices (Ocean/Pools)
[+02:31:40.657] VoxelWater: Chunk X=6 Y=-24 Z=3 emitted 84 procedural water vertices (Ocean/Pools)
[+02:31:40.657] VoxelWater: Chunk X=6 Y=-26 Z=3 emitted 16 procedural water vertices (Ocean/Pools)
[+02:31:40.657] VoxelWater: Chunk X=6 Y=-25 Z=3 emitted 100 procedural water vertices (Ocean/Pools)
[+02:31:40.657] VoxelWater: Chunk X=6 Y=-26 Z=2 emitted 32 procedural water vertices (Ocean/Pools)
[+02:31:40.657] VoxelWater: Chunk X=6 Y=-24 Z=2 emitted 52 procedural water vertices (Ocean/Pools)
[+02:31:40.657] VoxelWater: Chunk X=-2 Y=-2 Z=2 emitted 20 procedural water vertices (Ocean/Pools)
[+02:31:40.657] VoxelWater: Chunk X=2 Y=-2 Z=0 emitted 24 procedural water vertices (Ocean/Pools)
[+02:31:40.657] VoxelWater: Chunk X=-1 Y=-2 Z=1 emitted 88 procedural water vertices (Ocean/Pools)
[+02:31:40.657] VoxelWater: Chunk X=-3 Y=0 Z=2 emitted 12 procedural water vertices (Ocean/Pools)
[+02:31:40.670] VoxelMesh: Chunk X=0 Y=0 Z=0 FlatVerts=1620 SlopeVerts=21702
[+02:31:40.671] VoxelChunk: GenerateAsync (-1,-3,1)
[+02:31:40.673] VoxelMesh: Chunk X=-1 Y=-3 Z=1 FlatVerts=0 SlopeVerts=198
[+02:31:40.677] VoxelMesh: Chunk X=0 Y=0 Z=0 FlatVerts=492 SlopeVerts=4626
[+02:31:40.678] VoxelChunk: GenerateAsync (-1,-3,0)
[+02:31:40.685] VoxelMesh: Chunk X=0 Y=0 Z=0 FlatVerts=144 SlopeVerts=684
[+02:31:40.685] VoxelChunk: GenerateAsync (3,0,-1)
[+02:31:40.692] VoxelChunk: GenerateAsync (3,-3,-1)
[+02:31:40.705] VoxelChunk: GenerateAsync (6,-24,2)
[+02:31:40.706] VoxelMesh: Chunk X=6 Y=-24 Z=2 FlatVerts=0 SlopeVerts=678
[+02:31:40.706] VoxelChunk: GenerateAsync (0,-3,1)
[+02:31:40.707] VoxelMesh: Chunk X=3 Y=0 Z=-1 FlatVerts=6 SlopeVerts=1194
[+02:31:40.708] VoxelChunk: GenerateAsync (1,-3,1)
[+02:31:40.709] VoxelChunk: GenerateAsync (0,-3,0)
[+02:31:40.710] VoxelMesh: Chunk X=1 Y=-3 Z=1 FlatVerts=6 SlopeVerts=1194
[+02:31:40.711] VoxelMesh: Chunk X=-1 Y=-3 Z=1 FlatVerts=1356 SlopeVerts=1092
[+02:31:40.711] VoxelChunk: GenerateAsync (2,-3,1)
[+02:31:40.712] VoxelMesh: Chunk X=2 Y=-3 Z=1 FlatVerts=1356 SlopeVerts=1092
[+02:31:40.720] VoxelMesh: Chunk X=-2 Y=-3 Z=1 FlatVerts=2136 SlopeVerts=624
[+02:31:40.721] VoxelChunk: GenerateAsync (3,-3,1)
[+02:31:40.723] VoxelMesh: Chunk X=3 Y=-3 Z=1 FlatVerts=2136 SlopeVerts=624
[+02:31:40.723] VoxelMesh: Chunk X=-2 Y=-3 Z=0 FlatVerts=0 SlopeVerts=24
[+02:31:40.723] VoxelChunk: GenerateAsync (1,-3,0)
[+02:31:40.725] VoxelChunk: GenerateAsync (-3,1,-1)
[+02:31:40.725] VoxelMesh: Chunk X=1 Y=-3 Z=0 FlatVerts=0 SlopeVerts=24
[+02:31:40.726] VoxelMesh: Chunk X=3 Y=3 Z=0 FlatVerts=234 SlopeVerts=1596
[+02:31:40.726] VoxelChunk: GenerateAsync (-3,-2,1)
[+02:31:40.727] VoxelMesh: Chunk X=-3 Y=-2 Z=1 FlatVerts=234 SlopeVerts=1596
[+02:31:40.735] VoxelMesh: Chunk X=-3 Y=-3 Z=0 FlatVerts=0 SlopeVerts=0
[+02:31:40.735] VoxelChunk: GenerateAsync (2,-3,0)
[+02:31:40.736] VoxelChunk: GenerateAsync (3,-3,0)
[+02:31:40.736] VoxelMesh: Chunk X=2 Y=-3 Z=0 FlatVerts=0 SlopeVerts=0
[+02:31:40.737] VoxelChunk: GenerateAsync (-1,-3,-1)
[+02:31:40.739] VoxelMesh: Chunk X=3 Y=3 Z=-1 FlatVerts=0 SlopeVerts=0
[+02:31:40.739] VoxelChunk: GenerateAsync (-3,-2,0)
[+02:31:40.741] VoxelMesh: Chunk X=-3 Y=-2 Z=0 FlatVerts=0 SlopeVerts=0
[+02:31:40.747] VoxelMesh: Chunk X=-1 Y=3 Z=0 FlatVerts=2874 SlopeVerts=324
[+02:31:40.748] VoxelChunk: GenerateAsync (-2,3,1)
[+02:31:40.749] VoxelMesh: Chunk X=-3 Y=-1 Z=-1 FlatVerts=2616 SlopeVerts=960
[+02:31:40.749] VoxelMesh: Chunk X=-2 Y=3 Z=1 FlatVerts=2874 SlopeVerts=324
[+02:31:40.749] VoxelChunk: GenerateAsync (-1,3,1)
[+02:31:40.750] VoxelMesh: Chunk X=1 Y=3 Z=-2 FlatVerts=2538 SlopeVerts=828
[+02:31:40.750] VoxelMesh: Chunk X=-1 Y=3 Z=1 FlatVerts=2616 SlopeVerts=960
[+02:31:40.750] VoxelChunk: GenerateAsync (0,3,1)
[+02:31:40.751] VoxelMesh: Chunk X=2 Y=3 Z=-1 FlatVerts=2910 SlopeVerts=198
[+02:31:40.752] VoxelMesh: Chunk X=0 Y=3 Z=1 FlatVerts=2538 SlopeVerts=828
[+02:31:40.752] VoxelChunk: GenerateAsync (3,-2,1)
[+02:31:40.753] VoxelMesh: Chunk X=3 Y=-2 Z=1 FlatVerts=2910 SlopeVerts=198
[+02:31:40.761] VoxelMesh: Chunk X=-2 Y=3 Z=0 FlatVerts=2580 SlopeVerts=48
[+02:31:40.762] VoxelChunk: GenerateAsync (2,3,1)
[+02:31:40.764] VoxelMesh: Chunk X=-3 Y=3 Z=0 FlatVerts=444 SlopeVerts=3042
[+02:31:40.764] VoxelMesh: Chunk X=2 Y=3 Z=1 FlatVerts=2580 SlopeVerts=48
[+02:31:40.764] VoxelChunk: GenerateAsync (-3,-1,1)
[+02:31:40.766] VoxelMesh: Chunk X=-3 Y=-1 Z=1 FlatVerts=444 SlopeVerts=3042
[+02:31:40.766] VoxelChunk: GenerateAsync (0,3,-2)
[+02:31:40.768] VoxelChunk: GenerateAsync (3,-1,-2)
[+02:31:40.777] VoxelMesh: Chunk X=3 Y=0 Z=2 FlatVerts=0 SlopeVerts=1746
[+02:31:40.777] VoxelChunk: GenerateAsync (-1,-3,2)
[+02:31:40.778] VoxelMesh: Chunk X=2 Y=3 Z=-2 FlatVerts=0 SlopeVerts=0
[+02:31:40.778] VoxelChunk: GenerateAsync (0,-3,2)
[+02:31:40.779] VoxelMesh: Chunk X=-1 Y=-3 Z=2 FlatVerts=0 SlopeVerts=1746
[+02:31:40.780] VoxelMesh: Chunk X=0 Y=-3 Z=2 FlatVerts=0 SlopeVerts=0
[+02:31:40.780] VoxelChunk: GenerateAsync (-3,-1,-2)
[+02:31:40.782] VoxelChunk: GenerateAsync (3,-2,-2)
[+02:31:40.789] VoxelMesh: Chunk X=-3 Y=0 Z=2 FlatVerts=36 SlopeVerts=210
[+02:31:40.790] VoxelChunk: GenerateAsync (3,-3,2)
[+02:31:40.791] VoxelMesh: Chunk X=3 Y=-3 Z=2 FlatVerts=36 SlopeVerts=210
[+02:31:40.791] VoxelMesh: Chunk X=3 Y=-2 Z=-1 FlatVerts=1386 SlopeVerts=3936
[+02:31:40.792] VoxelChunk: GenerateAsync (-3,-2,2)
[+02:31:40.793] VoxelChunk: GenerateAsync (-1,3,-2)
[+02:31:40.795] VoxelMesh: Chunk X=-3 Y=-2 Z=2 FlatVerts=1386 SlopeVerts=3936
[+02:31:40.796] VoxelChunk: GenerateAsync (-2,-3,-1)
[+02:31:40.804] VoxelMesh: Chunk X=-3 Y=2 Z=0 FlatVerts=2658 SlopeVerts=894
[+02:31:40.805] VoxelChunk: GenerateAsync (3,-1,1)
[+02:31:40.806] VoxelMesh: Chunk X=3 Y=1 Z=0 FlatVerts=810 SlopeVerts=3972
[+02:31:40.806] VoxelMesh: Chunk X=3 Y=-1 Z=1 FlatVerts=2658 SlopeVerts=894
[+02:31:40.806] VoxelChunk: GenerateAsync (-3,0,1)
[+02:31:40.809] VoxelChunk: GenerateAsync (-2,3,-2)
[+02:31:40.809] VoxelMesh: Chunk X=-3 Y=0 Z=1 FlatVerts=810 SlopeVerts=3972
[+02:31:40.810] VoxelChunk: GenerateAsync (-3,-2,-2)
[+02:31:40.819] VoxelMesh: Chunk X=-2 Y=1 Z=0 FlatVerts=96 SlopeVerts=1524
[+02:31:40.820] VoxelChunk: GenerateAsync (-3,-1,2)
[+02:31:40.821] VoxelMesh: Chunk X=-3 Y=-1 Z=2 FlatVerts=96 SlopeVerts=1524
[+02:31:40.821] VoxelChunk: GenerateAsync (3,-3,-2)
[+02:31:40.822] VoxelChunk: GenerateAsync (3,-2,0)
[+02:31:40.824] VoxelChunk: GenerateAsync (2,-3,-2)
[+02:31:40.832] VoxelMesh: Chunk X=-1 Y=2 Z=-1 FlatVerts=456 SlopeVerts=216
[+02:31:40.833] VoxelChunk: GenerateAsync (-3,-1,0)
[+02:31:40.834] VoxelChunk: GenerateAsync (-3,-3,-1)
[+02:31:40.835] VoxelMesh: Chunk X=-3 Y=-1 Z=0 FlatVerts=456 SlopeVerts=216
[+02:31:40.835] VoxelMesh: Chunk X=-2 Y=-2 Z=2 FlatVerts=18 SlopeVerts=6
[+02:31:40.835] VoxelChunk: GenerateAsync (3,-1,2)
[+02:31:40.837] VoxelMesh: Chunk X=2 Y=1 Z=0 FlatVerts=2610 SlopeVerts=732
[+02:31:40.837] VoxelMesh: Chunk X=3 Y=-1 Z=2 FlatVerts=18 SlopeVerts=6
[+02:31:40.837] VoxelChunk: GenerateAsync (3,0,1)
[+02:31:40.838] VoxelMesh: Chunk X=3 Y=0 Z=1 FlatVerts=2610 SlopeVerts=732
[+02:31:40.844] VoxelWater: Chunk X=4 Y=-26 Z=2 emitted 20 procedural water vertices (Ocean/Pools)
[+02:31:40.844] VoxelWater: Chunk X=4 Y=-25 Z=3 emitted 52 procedural water vertices (Ocean/Pools)
[+02:31:40.844] VoxelWater: Chunk X=4 Y=-25 Z=2 emitted 72 procedural water vertices (Ocean/Pools)
[+02:31:40.844] VoxelWater: Chunk X=5 Y=-25 Z=3 emitted 184 procedural water vertices (Ocean/Pools)
[+02:31:40.844] VoxelWater: Chunk X=5 Y=-25 Z=2 emitted 24 procedural water vertices (Ocean/Pools)
[+02:31:40.844] VoxelWater: Chunk X=4 Y=-24 Z=3 emitted 60 procedural water vertices (Ocean/Pools)
[+02:31:40.844] VoxelWater: Chunk X=4 Y=-24 Z=2 emitted 64 procedural water vertices (Ocean/Pools)
[+02:31:40.844] VoxelWater: Chunk X=5 Y=-24 Z=2 emitted 64 procedural water vertices (Ocean/Pools)
[+02:31:40.844] VoxelWater: Chunk X=6 Y=-25 Z=3 emitted 136 procedural water vertices (Ocean/Pools)
[+02:31:40.844] VoxelWater: Chunk X=5 Y=-24 Z=3 emitted 32 procedural water vertices (Ocean/Pools)
[+02:31:40.844] VoxelWater: Chunk X=6 Y=-24 Z=3 emitted 96 procedural water vertices (Ocean/Pools)
[+02:31:40.844] VoxelWater: Chunk X=6 Y=-24 Z=2 emitted 84 procedural water vertices (Ocean/Pools)
[+02:31:40.844] VoxelWater: Chunk X=6 Y=-26 Z=3 emitted 16 procedural water vertices (Ocean/Pools)
[+02:31:40.844] VoxelWater: Chunk X=6 Y=-26 Z=2 emitted 32 procedural water vertices (Ocean/Pools)
[+02:31:40.844] VoxelWater: Chunk X=-3 Y=-1 Z=2 emitted 20 procedural water vertices (Ocean/Pools)
[+02:31:40.844] VoxelWater: Chunk X=-3 Y=0 Z=1 emitted 88 procedural water vertices (Ocean/Pools)
[+02:31:40.844] VoxelWater: Chunk X=3 Y=-1 Z=1 emitted 52 procedural water vertices (Ocean/Pools)
[+02:31:40.844] VoxelWater: Chunk X=3 Y=0 Z=1 emitted 4 procedural water vertices (Ocean/Pools)
[+02:31:40.844] VoxelWater: Chunk X=-3 Y=-2 Z=2 emitted 32 procedural water vertices (Ocean/Pools)
[+02:31:40.844] VoxelWater: Chunk X=-1 Y=-3 Z=2 emitted 72 procedural water vertices (Ocean/Pools)
[+02:31:40.844] VoxelWater: Chunk X=-3 Y=-1 Z=1 emitted 40 procedural water vertices (Ocean/Pools)
[+02:31:40.844] VoxelWater: Chunk X=-3 Y=-1 Z=0 emitted 4 procedural water vertices (Ocean/Pools)
[+02:31:40.844] VoxelWater: Chunk X=3 Y=-2 Z=1 emitted 56 procedural water vertices (Ocean/Pools)
[+02:31:40.844] VoxelWater: Chunk X=0 Y=3 Z=1 emitted 24 procedural water vertices (Ocean/Pools)
[+02:31:40.844] VoxelWater: Chunk X=-1 Y=3 Z=1 emitted 24 procedural water vertices (Ocean/Pools)
[+02:31:40.844] VoxelWater: Chunk X=-2 Y=3 Z=1 emitted 72 procedural water vertices (Ocean/Pools)
[+02:31:40.844] VoxelWater: Chunk X=-3 Y=-2 Z=1 emitted 12 procedural water vertices (Ocean/Pools)
[+02:31:40.844] VoxelWater: Chunk X=3 Y=-3 Z=1 emitted 56 procedural water vertices (Ocean/Pools)
[+02:31:40.844] VoxelWater: Chunk X=2 Y=-3 Z=1 emitted 20 procedural water vertices (Ocean/Pools)
[+02:31:40.844] VoxelWater: Chunk X=1 Y=-3 Z=1 emitted 8 procedural water vertices (Ocean/Pools)
[+02:31:40.852] VoxelMesh: Chunk X=0 Y=-1 Z=2 FlatVerts=468 SlopeVerts=3312
[+02:31:40.852] VoxelChunk: GenerateAsync (-3,1,1)
[+02:31:40.854] VoxelMesh: Chunk X=-3 Y=1 Z=1 FlatVerts=468 SlopeVerts=3312
[+02:31:40.854] VoxelChunk: GenerateAsync (1,-3,-2)
[+02:31:40.856] VoxelChunk: GenerateAsync (-3,3,-2)
[+02:31:40.858] VoxelChunk: GenerateAsync (3,1,-1)
[+02:31:40.866] VoxelChunk: GenerateAsync (0,-3,-2)
[+02:31:40.869] VoxelChunk: GenerateAsync (-1,-3,-2)
[+02:31:40.870] VoxelMesh: Chunk X=-2 Y=-1 Z=1 FlatVerts=180 SlopeVerts=678
[+02:31:40.870] VoxelChunk: GenerateAsync (-3,1,2)
[+02:31:40.872] VoxelChunk: GenerateAsync (3,2,-2)
[+02:31:40.872] VoxelMesh: Chunk X=-3 Y=1 Z=2 FlatVerts=180 SlopeVerts=678
[+02:31:40.879] VoxelMesh: Chunk X=-2 Y=-1 Z=0 FlatVerts=2736 SlopeVerts=366
[+02:31:40.879] VoxelChunk: GenerateAsync (3,1,1)
[+02:31:40.881] VoxelChunk: GenerateAsync (-3,2,-2)
[+02:31:40.881] VoxelMesh: Chunk X=3 Y=1 Z=1 FlatVerts=2736 SlopeVerts=366
[+02:31:40.883] VoxelChunk: GenerateAsync (-3,2,-1)
[+02:31:40.885] VoxelChunk: GenerateAsync (-3,-2,-1)
[+02:31:40.893] VoxelChunk: GenerateAsync (1,-3,-1)
[+02:31:40.894] VoxelMesh: Chunk X=-2 Y=-2 Z=0 FlatVerts=180 SlopeVerts=462
[+02:31:40.895] VoxelChunk: GenerateAsync (3,1,2)
[+02:31:40.896] VoxelMesh: Chunk X=0 Y=-2 Z=-1 FlatVerts=144 SlopeVerts=264
[+02:31:40.896] VoxelChunk: GenerateAsync (-3,2,2)
[+02:31:40.896] VoxelMesh: Chunk X=3 Y=1 Z=2 FlatVerts=180 SlopeVerts=462
[+02:31:40.897] VoxelMesh: Chunk X=-3 Y=2 Z=2 FlatVerts=144 SlopeVerts=264
[+02:31:40.898] VoxelChunk: GenerateAsync (0,-3,-1)
[+02:31:40.906] VoxelChunk: GenerateAsync (0,3,0)
[+02:31:40.907] VoxelChunk: GenerateAsync (1,3,0)
[+02:31:40.908] VoxelChunk: GenerateAsync (3,-1,0)
[+02:31:40.910] VoxelChunk: GenerateAsync (-3,-3,-2)
[+02:31:40.917] VoxelMesh: Chunk X=0 Y=2 Z=1 FlatVerts=408 SlopeVerts=1824
[+02:31:40.917] VoxelChunk: GenerateAsync (3,2,2)
[+02:31:40.918] VoxelChunk: GenerateAsync (-3,3,2)
[+02:31:40.919] VoxelMesh: Chunk X=-2 Y=1 Z=-1 FlatVerts=0 SlopeVerts=0
[+02:31:40.919] VoxelMesh: Chunk X=3 Y=2 Z=2 FlatVerts=408 SlopeVerts=1824
[+02:31:40.919] VoxelChunk: GenerateAsync (-2,3,2)
[+02:31:40.920] VoxelMesh: Chunk X=-2 Y=3 Z=2 FlatVerts=0 SlopeVerts=0
[+02:31:40.920] VoxelChunk: GenerateAsync (-1,3,2)
[+02:31:40.927] VoxelChunk: GenerateAsync (0,3,2)
[+02:31:40.928] VoxelChunk: GenerateAsync (1,3,2)
[+02:31:40.929] VoxelChunk: GenerateAsync (2,3,2)
[+02:31:40.929] VoxelMesh: Chunk X=-2 Y=-1 Z=2 FlatVerts=408 SlopeVerts=2142
[+02:31:40.930] VoxelChunk: GenerateAsync (3,3,2)
[+02:31:40.931] VoxelMesh: Chunk X=3 Y=3 Z=2 FlatVerts=408 SlopeVerts=2142
[+02:31:40.938] VoxelChunk: GenerateAsync (5,-25,0)
[+02:31:40.940] VoxelChunk: GenerateAsync (5,-25,-2)
[+02:31:40.942] VoxelChunk: GenerateAsync (4,-25,0)
[+02:31:40.943] VoxelChunk: GenerateAsync (5,-24,0)
[+02:31:40.951] VoxelChunk: GenerateAsync (6,-25,-2)
[+02:31:40.952] VoxelChunk: GenerateAsync (4,-25,-2)
[+02:31:40.954] VoxelChunk: GenerateAsync (6,-25,0)
[+02:31:40.956] VoxelChunk: GenerateAsync (5,-26,-2)
[+02:31:40.964] VoxelChunk: GenerateAsync (5,-24,-2)
[+02:31:40.965] VoxelChunk: GenerateAsync (5,-26,0)
[+02:31:40.966] VoxelChunk: GenerateAsync (6,-24,0)
[+02:31:40.968] VoxelChunk: GenerateAsync (4,-24,-2)
[+02:31:40.976] VoxelChunk: GenerateAsync (6,-26,0)
[+02:31:40.977] VoxelChunk: GenerateAsync (6,-24,-2)
[+02:31:40.979] VoxelChunk: GenerateAsync (4,-26,0)
[+02:31:40.981] VoxelChunk: GenerateAsync (4,-26,-2)
[+02:31:40.989] VoxelChunk: GenerateAsync (6,-26,-2)
[+02:31:40.991] VoxelChunk: GenerateAsync (4,-24,0)
[+02:31:40.992] VoxelChunk: GenerateAsync (5,-27,-1)
[+02:31:40.994] VoxelChunk: GenerateAsync (5,-23,-1)
[+02:31:41.000] VoxelChunk: GenerateAsync (7,-25,-1)
[+02:31:41.002] VoxelMesh: Chunk X=1 Y=3 Z=1 FlatVerts=60 SlopeVerts=492
[+02:31:41.002] VoxelChunk: GenerateAsync (5,-25,1)
[+02:31:41.004] VoxelChunk: GenerateAsync (3,-25,-1)
[+02:31:41.005] VoxelMesh: Chunk X=5 Y=-25 Z=1 FlatVerts=60 SlopeVerts=492
[+02:31:41.006] VoxelChunk: GenerateAsync (5,-25,-3)
[+02:31:41.015] VoxelChunk: GenerateAsync (7,-26,-1)
[+02:31:41.017] VoxelChunk: GenerateAsync (6,-25,-3)
[+02:31:41.018] VoxelChunk: GenerateAsync (6,-23,-1)
[+02:31:41.020] VoxelChunk: GenerateAsync (5,-26,-3)
[+02:31:41.027] VoxelChunk: GenerateAsync (6,-25,1)
[+02:31:41.029] VoxelChunk: GenerateAsync (4,-23,-1)
[+02:31:41.030] VoxelChunk: GenerateAsync (3,-24,-1)
[+02:31:41.033] VoxelMesh: Chunk X=-3 Y=1 Z=-2 FlatVerts=84 SlopeVerts=546
[+02:31:41.033] VoxelChunk: GenerateAsync (4,-25,1)
[+02:31:41.035] VoxelMesh: Chunk X=4 Y=-25 Z=1 FlatVerts=84 SlopeVerts=546
[+02:31:41.041] VoxelChunk: GenerateAsync (4,-27,-1)
[+02:31:41.042] VoxelChunk: GenerateAsync (6,-27,-1)
[+02:31:41.043] VoxelMesh: Chunk X=-3 Y=0 Z=-2 FlatVerts=1788 SlopeVerts=864
[+02:31:41.044] VoxelChunk: GenerateAsync (5,-26,1)
[+02:31:41.046] VoxelChunk: GenerateAsync (7,-24,-1)
[+02:31:41.047] VoxelMesh: Chunk X=5 Y=-26 Z=1 FlatVerts=1788 SlopeVerts=864
[+02:31:41.058] VoxelWater: Chunk X=4 Y=-25 Z=1 emitted 28 procedural water vertices (Ocean/Pools)
[+02:31:41.058] VoxelWater: Chunk X=3 Y=3 Z=2 emitted 44 procedural water vertices (Ocean/Pools)
[+02:31:41.058] VoxelWater: Chunk X=3 Y=2 Z=2 emitted 8 procedural water vertices (Ocean/Pools)
[+02:31:41.058] VoxelWater: Chunk X=3 Y=1 Z=2 emitted 12 procedural water vertices (Ocean/Pools)
[+02:31:41.058] VoxelWater: Chunk X=3 Y=1 Z=1 emitted 8 procedural water vertices (Ocean/Pools)
[+02:31:41.058] VoxelWater: Chunk X=-3 Y=1 Z=2 emitted 44 procedural water vertices (Ocean/Pools)
[+02:31:41.058] VoxelWater: Chunk X=-3 Y=1 Z=1 emitted 36 procedural water vertices (Ocean/Pools)
[+02:31:41.058] VoxelWater: Chunk X=3 Y=0 Z=1 emitted 40 procedural water vertices (Ocean/Pools)
[+02:31:41.058] VoxelWater: Chunk X=4 Y=-26 Z=2 emitted 24 procedural water vertices (Ocean/Pools)
[+02:31:41.058] VoxelWater: Chunk X=4 Y=-25 Z=3 emitted 60 procedural water vertices (Ocean/Pools)
[+02:31:41.058] VoxelWater: Chunk X=4 Y=-25 Z=2 emitted 80 procedural water vertices (Ocean/Pools)
[+02:31:41.058] VoxelWater: Chunk X=5 Y=-25 Z=3 emitted 256 procedural water vertices (Ocean/Pools)
[+02:31:41.058] VoxelWater: Chunk X=5 Y=-25 Z=2 emitted 32 procedural water vertices (Ocean/Pools)
[+02:31:41.058] VoxelWater: Chunk X=4 Y=-24 Z=3 emitted 76 procedural water vertices (Ocean/Pools)
[+02:31:41.058] VoxelWater: Chunk X=4 Y=-24 Z=2 emitted 68 procedural water vertices (Ocean/Pools)
[+02:31:41.058] VoxelWater: Chunk X=5 Y=-24 Z=2 emitted 88 procedural water vertices (Ocean/Pools)
[+02:31:41.058] VoxelWater: Chunk X=6 Y=-25 Z=3 emitted 164 procedural water vertices (Ocean/Pools)
[+02:31:41.058] VoxelWater: Chunk X=5 Y=-24 Z=3 emitted 40 procedural water vertices (Ocean/Pools)
[+02:31:41.058] VoxelWater: Chunk X=6 Y=-24 Z=3 emitted 112 procedural water vertices (Ocean/Pools)
[+02:31:41.058] VoxelWater: Chunk X=6 Y=-24 Z=2 emitted 80 procedural water vertices (Ocean/Pools)
[+02:31:41.058] VoxelWater: Chunk X=6 Y=-26 Z=3 emitted 16 procedural water vertices (Ocean/Pools)
[+02:31:41.058] VoxelWater: Chunk X=6 Y=-26 Z=2 emitted 44 procedural water vertices (Ocean/Pools)
[+02:31:41.058] VoxelWater: Chunk X=-3 Y=-1 Z=0 emitted 12 procedural water vertices (Ocean/Pools)
[+02:31:41.058] VoxelWater: Chunk X=-3 Y=-1 Z=2 emitted 32 procedural water vertices (Ocean/Pools)
[+02:31:41.058] VoxelWater: Chunk X=-3 Y=0 Z=1 emitted 92 procedural water vertices (Ocean/Pools)
[+02:31:41.058] VoxelWater: Chunk X=3 Y=-1 Z=1 emitted 64 procedural water vertices (Ocean/Pools)
[+02:31:41.058] VoxelWater: Chunk X=-3 Y=-2 Z=2 emitted 36 procedural water vertices (Ocean/Pools)
[+02:31:41.058] VoxelWater: Chunk X=-1 Y=-3 Z=2 emitted 76 procedural water vertices (Ocean/Pools)
[+02:31:41.058] VoxelWater: Chunk X=-3 Y=-1 Z=1 emitted 40 procedural water vertices (Ocean/Pools)
[+02:31:41.058] VoxelWater: Chunk X=3 Y=-2 Z=1 emitted 84 procedural water vertices (Ocean/Pools)
[+02:31:41.058] VoxelWater: Chunk X=0 Y=3 Z=1 emitted 36 procedural water vertices (Ocean/Pools)
[+02:31:41.058] VoxelWater: Chunk X=-1 Y=3 Z=1 emitted 24 procedural water vertices (Ocean/Pools)
[+02:31:41.058] VoxelWater: Chunk X=-2 Y=3 Z=1 emitted 92 procedural water vertices (Ocean/Pools)
[+02:31:41.059] VoxelWater: Chunk X=-3 Y=-2 Z=1 emitted 16 procedural water vertices (Ocean/Pools)
[+02:31:41.059] VoxelWater: Chunk X=3 Y=-3 Z=1 emitted 80 procedural water vertices (Ocean/Pools)
[+02:31:41.059] VoxelWater: Chunk X=2 Y=-3 Z=1 emitted 24 procedural water vertices (Ocean/Pools)
[+02:31:41.059] VoxelWater: Chunk X=1 Y=-3 Z=1 emitted 8 procedural water vertices (Ocean/Pools)
[+02:31:41.068] VoxelMesh: Chunk X=0 Y=0 Z=0 FlatVerts=6606 SlopeVerts=3336
[+02:31:41.069] VoxelChunk: GenerateAsync (5,-24,1)
[+02:31:41.071] VoxelMesh: Chunk X=5 Y=-24 Z=1 FlatVerts=612 SlopeVerts=1074
[+02:31:41.074] VoxelChunk: GenerateAsync (3,-26,-1)
[+02:31:41.081] VoxelChunk: GenerateAsync (7,-25,-2)
[+02:31:41.084] VoxelMesh: Chunk X=0 Y=0 Z=0 FlatVerts=6816 SlopeVerts=1368
[+02:31:41.085] VoxelChunk: GenerateAsync (5,-27,0)
[+02:31:41.098] VoxelChunk: GenerateAsync (5,-23,-2)
[+02:31:41.105] VoxelChunk: GenerateAsync (4,-25,-3)
[+02:31:41.110] VoxelChunk: GenerateAsync (3,-25,-2)
[+02:31:41.117] VoxelChunk: GenerateAsync (5,-24,-3)
[+02:31:41.128] VoxelMesh: Chunk X=0 Y=0 Z=0 FlatVerts=7878 SlopeVerts=1434
[+02:31:41.129] VoxelChunk: GenerateAsync (5,-23,0)
[+02:31:41.133] VoxelMesh: Chunk X=0 Y=0 Z=0 FlatVerts=6738 SlopeVerts=2460
[+02:31:41.134] VoxelChunk: GenerateAsync (3,-25,0)
[+02:31:41.141] VoxelMesh: Chunk X=0 Y=0 Z=0 FlatVerts=150 SlopeVerts=936
[+02:31:41.141] VoxelChunk: GenerateAsync (7,-25,0)
[+02:31:41.147] VoxelChunk: GenerateAsync (5,-27,-2)
[+02:31:41.159] VoxelMesh: Chunk X=0 Y=0 Z=0 FlatVerts=2646 SlopeVerts=4764
[+02:31:41.160] VoxelChunk: GenerateAsync (7,-24,0)
[+02:31:41.164] VoxelMesh: Chunk X=0 Y=0 Z=0 FlatVerts=7512 SlopeVerts=0
[+02:31:41.165] VoxelChunk: GenerateAsync (4,-26,1)
[+02:31:41.166] VoxelMesh: Chunk X=4 Y=-26 Z=1 FlatVerts=1902 SlopeVerts=624
[+02:31:41.168] VoxelMesh: Chunk X=0 Y=0 Z=0 FlatVerts=6018 SlopeVerts=4290
[+02:31:41.170] VoxelChunk: GenerateAsync (4,-23,0)
[+02:31:41.177] VoxelChunk: GenerateAsync (6,-24,-3)
[+02:31:41.189] VoxelMesh: Chunk X=0 Y=0 Z=0 FlatVerts=7056 SlopeVerts=3210
[+02:31:41.191] VoxelChunk: GenerateAsync (6,-23,0)
[+02:31:41.195] VoxelMesh: Chunk X=0 Y=0 Z=0 FlatVerts=4830 SlopeVerts=4578
[+02:31:41.196] VoxelChunk: GenerateAsync (3,-24,0)
[+02:31:41.201] VoxelMesh: Chunk X=0 Y=0 Z=0 FlatVerts=5508 SlopeVerts=9888
[+02:31:41.203] VoxelChunk: GenerateAsync (6,-26,1)
[+02:31:41.204] VoxelMesh: Chunk X=6 Y=-26 Z=1 FlatVerts=1074 SlopeVerts=954
[+02:31:41.206] VoxelMesh: Chunk X=0 Y=0 Z=0 FlatVerts=6834 SlopeVerts=1902
[+02:31:41.207] VoxelChunk: GenerateAsync (4,-24,1)
[+02:31:41.208] VoxelMesh: Chunk X=4 Y=-24 Z=1 FlatVerts=90 SlopeVerts=378
[+02:31:41.219] VoxelChunk: GenerateAsync (4,-26,2)
[+02:31:41.219] VoxelChunk: GenerateAsync (4,-25,2)
[+02:31:41.219] VoxelChunk: GenerateAsync (4,-24,2)
[+02:31:41.219] VoxelChunk: GenerateAsync (5,-26,2)
[+02:31:41.219] VoxelChunk: GenerateAsync (5,-25,2)
[+02:31:41.219] VoxelChunk: GenerateAsync (5,-24,2)
[+02:31:41.219] VoxelChunk: GenerateAsync (6,-26,2)
[+02:31:41.219] VoxelChunk: GenerateAsync (6,-25,2)
[+02:31:41.219] VoxelMesh: Chunk X=4 Y=-26 Z=2 FlatVerts=24 SlopeVerts=132
[+02:31:41.220] VoxelMesh: Chunk X=4 Y=-25 Z=2 FlatVerts=0 SlopeVerts=606
[+02:31:41.221] VoxelMesh: Chunk X=4 Y=-24 Z=2 FlatVerts=18 SlopeVerts=558
[+02:31:41.221] VoxelMesh: Chunk X=5 Y=-26 Z=2 FlatVerts=0 SlopeVerts=102
[+02:31:41.221] VoxelMesh: Chunk X=6 Y=-26 Z=2 FlatVerts=0 SlopeVerts=576
[+02:31:41.221] VoxelMesh: Chunk X=5 Y=-24 Z=2 FlatVerts=66 SlopeVerts=606
[+02:31:41.221] VoxelMesh: Chunk X=5 Y=-25 Z=2 FlatVerts=6 SlopeVerts=636
[+02:31:41.221] VoxelMesh: Chunk X=6 Y=-25 Z=2 FlatVerts=0 SlopeVerts=6
[+02:31:41.221] VoxelMesh: Chunk X=0 Y=-3 Z=1 FlatVerts=486 SlopeVerts=1044
[+02:31:41.221] VoxelChunk: GenerateAsync (6,-24,1)
[+02:31:41.223] VoxelMesh: Chunk X=6 Y=-24 Z=1 FlatVerts=486 SlopeVerts=1044
[+02:31:41.223] VoxelChunk: GenerateAsync (6,-26,-3)
[+02:31:41.225] VoxelChunk: GenerateAsync (4,-27,-2)
[+02:31:41.228] VoxelChunk: GenerateAsync (4,-26,-3)
[+02:31:41.239] VoxelChunk: GenerateAsync (4,-24,-3)
[+02:31:41.241] VoxelChunk: GenerateAsync (6,-27,-2)
[+02:31:41.242] VoxelChunk: GenerateAsync (7,-24,-2)
[+02:31:41.244] VoxelChunk: GenerateAsync (7,-26,-2)
[+02:31:41.252] VoxelChunk: GenerateAsync (3,-26,-2)
[+02:31:41.254] VoxelChunk: GenerateAsync (7,-26,0)
[+02:31:41.255] VoxelChunk: GenerateAsync (4,-27,0)
[+02:31:41.256] VoxelChunk: GenerateAsync (6,-27,0)
[+02:31:41.265] VoxelWater: Chunk X=5 Y=-26 Z=1 emitted 36 procedural water vertices (Ocean/Pools)
[+02:31:41.265] VoxelWater: Chunk X=6 Y=-26 Z=1 emitted 8 procedural water vertices (Ocean/Pools)
[+02:31:41.265] VoxelWater: Chunk X=5 Y=-25 Z=1 emitted 4 procedural water vertices (Ocean/Pools)
[+02:31:41.265] VoxelWater: Chunk X=4 Y=-25 Z=1 emitted 40 procedural water vertices (Ocean/Pools)
[+02:31:41.265] VoxelWater: Chunk X=4 Y=-26 Z=2 emitted 24 procedural water vertices (Ocean/Pools)
[+02:31:41.265] VoxelWater: Chunk X=4 Y=-25 Z=2 emitted 116 procedural water vertices (Ocean/Pools)
[+02:31:41.265] VoxelWater: Chunk X=4 Y=-25 Z=3 emitted 56 procedural water vertices (Ocean/Pools)
[+02:31:41.265] VoxelWater: Chunk X=4 Y=-24 Z=3 emitted 80 procedural water vertices (Ocean/Pools)
[+02:31:41.265] VoxelWater: Chunk X=4 Y=-24 Z=2 emitted 52 procedural water vertices (Ocean/Pools)
[+02:31:41.265] VoxelWater: Chunk X=5 Y=-25 Z=2 emitted 208 procedural water vertices (Ocean/Pools)
[+02:31:41.265] VoxelWater: Chunk X=5 Y=-25 Z=3 emitted 180 procedural water vertices (Ocean/Pools)
[+02:31:41.265] VoxelWater: Chunk X=5 Y=-24 Z=2 emitted 132 procedural water vertices (Ocean/Pools)
[+02:31:41.265] VoxelWater: Chunk X=5 Y=-24 Z=3 emitted 20 procedural water vertices (Ocean/Pools)
[+02:31:41.265] VoxelWater: Chunk X=6 Y=-24 Z=3 emitted 116 procedural water vertices (Ocean/Pools)
[+02:31:41.265] VoxelWater: Chunk X=6 Y=-26 Z=3 emitted 16 procedural water vertices (Ocean/Pools)
[+02:31:41.265] VoxelWater: Chunk X=6 Y=-25 Z=3 emitted 180 procedural water vertices (Ocean/Pools)
[+02:31:41.265] VoxelWater: Chunk X=6 Y=-26 Z=2 emitted 60 procedural water vertices (Ocean/Pools)
[+02:31:41.265] VoxelWater: Chunk X=6 Y=-25 Z=2 emitted 12 procedural water vertices (Ocean/Pools)
[+02:31:41.265] VoxelWater: Chunk X=6 Y=-24 Z=2 emitted 80 procedural water vertices (Ocean/Pools)
[+02:31:41.265] VoxelWater: Chunk X=6 Y=-24 Z=1 emitted 4 procedural water vertices (Ocean/Pools)
[+02:31:41.265] VoxelWater: Chunk X=4 Y=-26 Z=1 emitted 68 procedural water vertices (Ocean/Pools)
[+02:31:41.265] VoxelWater: Chunk X=4 Y=-24 Z=1 emitted 12 procedural water vertices (Ocean/Pools)
[+02:31:41.273] VoxelChunk: GenerateAsync (4,-23,-2)
[+02:31:41.274] VoxelChunk: GenerateAsync (3,-24,-2)
[+02:31:41.276] VoxelChunk: GenerateAsync (3,-26,0)
[+02:31:41.278] VoxelChunk: GenerateAsync (6,-23,-2)
[+02:31:41.286] VoxelMesh: Chunk X=2 Y=3 Z=1 FlatVerts=906 SlopeVerts=1176
[+02:31:41.286] VoxelChunk: GenerateAsync (5,-27,1)
[+02:31:41.287] VoxelMesh: Chunk X=-3 Y=-1 Z=1 FlatVerts=1272 SlopeVerts=1212
[+02:31:41.288] VoxelMesh: Chunk X=5 Y=-27 Z=1 FlatVerts=906 SlopeVerts=1176
[+02:31:41.288] VoxelChunk: GenerateAsync (5,-23,1)
[+02:31:41.289] VoxelMesh: Chunk X=5 Y=-23 Z=1 FlatVerts=1272 SlopeVerts=1212
[+02:31:41.289] VoxelChunk: GenerateAsync (7,-27,-1)
[+02:31:41.291] VoxelChunk: GenerateAsync (5,-23,-3)
[+02:31:41.301] VoxelChunk: GenerateAsync (5,-27,-3)
[+02:31:41.302] VoxelChunk: GenerateAsync (7,-25,1)
[+02:31:41.304] VoxelChunk: GenerateAsync (3,-25,1)
[+02:31:41.306] VoxelChunk: GenerateAsync (7,-23,-1)
[+02:31:41.313] VoxelChunk: GenerateAsync (3,-27,-1)
[+02:31:41.315] VoxelChunk: GenerateAsync (3,-25,-3)
[+02:31:41.317] VoxelChunk: GenerateAsync (3,-23,-1)
[+02:31:41.319] VoxelChunk: GenerateAsync (7,-25,-3)
[+02:31:41.327] VoxelChunk: GenerateAsync (3,-24,-3)
[+02:31:41.329] VoxelChunk: GenerateAsync (3,-27,-2)
[+02:31:41.330] VoxelMesh: Chunk X=-2 Y=3 Z=-2 FlatVerts=324 SlopeVerts=384
[+02:31:41.330] VoxelChunk: GenerateAsync (3,-26,1)
[+02:31:41.331] VoxelMesh: Chunk X=-3 Y=-2 Z=-2 FlatVerts=948 SlopeVerts=1068
[+02:31:41.332] VoxelChunk: GenerateAsync (7,-26,1)
[+02:31:41.332] VoxelMesh: Chunk X=3 Y=-26 Z=1 FlatVerts=324 SlopeVerts=384
[+02:31:41.333] VoxelMesh: Chunk X=7 Y=-26 Z=1 FlatVerts=948 SlopeVerts=1068
[+02:31:41.340] VoxelChunk: GenerateAsync (7,-24,-3)
[+02:31:41.342] VoxelChunk: GenerateAsync (3,-23,-2)
[+02:31:41.344] VoxelChunk: GenerateAsync (4,-23,-3)
[+02:31:41.346] VoxelChunk: GenerateAsync (7,-27,-2)
[+02:31:41.353] VoxelChunk: GenerateAsync (7,-23,0)
[+02:31:41.355] VoxelChunk: GenerateAsync (6,-23,-3)
[+02:31:41.356] VoxelMesh: Chunk X=3 Y=-1 Z=2 FlatVerts=1920 SlopeVerts=606
[+02:31:41.356] VoxelChunk: GenerateAsync (6,-27,1)
[+02:31:41.358] VoxelChunk: GenerateAsync (3,-23,0)
[+02:31:41.358] VoxelMesh: Chunk X=6 Y=-27 Z=1 FlatVerts=1920 SlopeVerts=606
[+02:31:41.366] VoxelChunk: GenerateAsync (3,-27,0)
[+02:31:41.368] VoxelChunk: GenerateAsync (5,-22,-1)
[+02:31:41.369] VoxelChunk: GenerateAsync (7,-23,-2)
[+02:31:41.371] VoxelChunk: GenerateAsync (7,-26,-3)
[+02:31:41.378] VoxelMesh: Chunk X=0 Y=-3 Z=-2 FlatVerts=192 SlopeVerts=708
[+02:31:41.378] VoxelChunk: GenerateAsync (4,-27,1)
[+02:31:41.380] VoxelChunk: GenerateAsync (5,-28,-1)
[+02:31:41.381] VoxelMesh: Chunk X=4 Y=-27 Z=1 FlatVerts=192 SlopeVerts=708
[+02:31:41.381] VoxelChunk: GenerateAsync (7,-27,0)
[+02:31:41.383] VoxelChunk: GenerateAsync (3,-26,-3)
[+02:31:41.391] VoxelMesh: Chunk X=3 Y=1 Z=1 FlatVerts=0 SlopeVerts=0
[+02:31:41.391] VoxelChunk: GenerateAsync (3,-24,1)
[+02:31:41.393] VoxelChunk: GenerateAsync (8,-25,-1)
[+02:31:41.393] VoxelMesh: Chunk X=3 Y=-24 Z=1 FlatVerts=0 SlopeVerts=0
[+02:31:41.394] VoxelMesh: Chunk X=-3 Y=2 Z=-1 FlatVerts=1908 SlopeVerts=12
[+02:31:41.394] VoxelChunk: GenerateAsync (6,-23,1)
[+02:31:41.396] VoxelMesh: Chunk X=6 Y=-23 Z=1 FlatVerts=1908 SlopeVerts=12
[+02:31:41.396] VoxelChunk: GenerateAsync (6,-27,-3)
[+02:31:41.404] VoxelChunk: GenerateAsync (4,-27,-3)
[+02:31:41.406] VoxelMesh: Chunk X=3 Y=1 Z=2 FlatVerts=0 SlopeVerts=90
[+02:31:41.406] VoxelChunk: GenerateAsync (7,-24,1)
[+02:31:41.408] VoxelChunk: GenerateAsync (2,-25,-1)
[+02:31:41.409] VoxelMesh: Chunk X=7 Y=-24 Z=1 FlatVerts=0 SlopeVerts=90
[+02:31:41.409] VoxelMesh: Chunk X=0 Y=-3 Z=-1 FlatVerts=48 SlopeVerts=180
[+02:31:41.410] VoxelChunk: GenerateAsync (4,-23,1)
[+02:31:41.411] VoxelMesh: Chunk X=4 Y=-23 Z=1 FlatVerts=48 SlopeVerts=180
[+02:31:41.418] VoxelChunk: GenerateAsync (5,-22,-2)
[+02:31:41.419] VoxelChunk: GenerateAsync (2,-25,-2)
[+02:31:41.421] VoxelChunk: GenerateAsync (8,-26,-1)
[+02:31:41.423] VoxelChunk: GenerateAsync (8,-25,-2)
[+02:31:41.430] VoxelChunk: GenerateAsync (4,-28,-1)
[+02:31:41.432] VoxelChunk: GenerateAsync (5,-28,-2)
[+02:31:41.433] VoxelChunk: GenerateAsync (6,-28,-1)
[+02:31:41.435] VoxelChunk: GenerateAsync (2,-26,-1)
[+02:31:41.445] VoxelChunk: GenerateAsync (2,-24,-1)
[+02:31:41.447] VoxelChunk: GenerateAsync (2,-25,0)
[+02:31:41.448] VoxelChunk: GenerateAsync (8,-24,-1)
[+02:31:41.449] VoxelChunk: GenerateAsync (5,-22,0)
[+02:31:41.461] VoxelMesh: Chunk X=0 Y=0 Z=0 FlatVerts=24 SlopeVerts=1416
[+02:31:41.461] VoxelChunk: GenerateAsync (8,-25,0)
[+02:31:41.466] VoxelMesh: Chunk X=0 Y=0 Z=0 FlatVerts=3972 SlopeVerts=2868
[+02:31:41.466] VoxelChunk: GenerateAsync (5,-28,0)
[+02:31:41.470] VoxelChunk: GenerateAsync (6,-22,-1)
[+02:31:41.475] VoxelChunk: GenerateAsync (4,-22,-1)
[+02:31:41.489] VoxelWater: Chunk X=5 Y=-26 Z=1 emitted 56 procedural water vertices (Ocean/Pools)
[+02:31:41.489] VoxelWater: Chunk X=6 Y=-26 Z=1 emitted 12 procedural water vertices (Ocean/Pools)
[+02:31:41.489] VoxelWater: Chunk X=4 Y=-26 Z=1 emitted 100 procedural water vertices (Ocean/Pools)
[+02:31:41.489] VoxelWater: Chunk X=4 Y=-25 Z=1 emitted 44 procedural water vertices (Ocean/Pools)
[+02:31:41.489] VoxelWater: Chunk X=5 Y=-25 Z=1 emitted 8 procedural water vertices (Ocean/Pools)
[+02:31:41.490] VoxelWater: Chunk X=4 Y=-27 Z=1 emitted 12 procedural water vertices (Ocean/Pools)
[+02:31:41.490] VoxelWater: Chunk X=4 Y=-26 Z=2 emitted 24 procedural water vertices (Ocean/Pools)
[+02:31:41.490] VoxelWater: Chunk X=4 Y=-25 Z=2 emitted 120 procedural water vertices (Ocean/Pools)
[+02:31:41.490] VoxelWater: Chunk X=4 Y=-25 Z=3 emitted 68 procedural water vertices (Ocean/Pools)
[+02:31:41.490] VoxelWater: Chunk X=5 Y=-25 Z=2 emitted 224 procedural water vertices (Ocean/Pools)
[+02:31:41.490] VoxelWater: Chunk X=4 Y=-24 Z=3 emitted 104 procedural water vertices (Ocean/Pools)
[+02:31:41.490] VoxelWater: Chunk X=4 Y=-24 Z=2 emitted 60 procedural water vertices (Ocean/Pools)
[+02:31:41.490] VoxelWater: Chunk X=5 Y=-25 Z=3 emitted 180 procedural water vertices (Ocean/Pools)
[+02:31:41.490] VoxelWater: Chunk X=5 Y=-24 Z=2 emitted 132 procedural water vertices (Ocean/Pools)
[+02:31:41.490] VoxelWater: Chunk X=5 Y=-24 Z=3 emitted 20 procedural water vertices (Ocean/Pools)
[+02:31:41.490] VoxelWater: Chunk X=6 Y=-24 Z=3 emitted 120 procedural water vertices (Ocean/Pools)
[+02:31:41.490] VoxelWater: Chunk X=6 Y=-26 Z=3 emitted 16 procedural water vertices (Ocean/Pools)
[+02:31:41.490] VoxelWater: Chunk X=6 Y=-25 Z=3 emitted 196 procedural water vertices (Ocean/Pools)
[+02:31:41.490] VoxelWater: Chunk X=6 Y=-26 Z=2 emitted 64 procedural water vertices (Ocean/Pools)
[+02:31:41.490] VoxelWater: Chunk X=6 Y=-25 Z=2 emitted 12 procedural water vertices (Ocean/Pools)
[+02:31:41.490] VoxelWater: Chunk X=6 Y=-24 Z=2 emitted 84 procedural water vertices (Ocean/Pools)
[+02:31:41.490] VoxelWater: Chunk X=6 Y=-24 Z=1 emitted 4 procedural water vertices (Ocean/Pools)
[+02:31:41.491] VoxelWater: Chunk X=6 Y=-27 Z=1 emitted 48 procedural water vertices (Ocean/Pools)
[+02:31:41.491] VoxelWater: Chunk X=7 Y=-26 Z=1 emitted 24 procedural water vertices (Ocean/Pools)
[+02:31:41.491] VoxelWater: Chunk X=3 Y=-26 Z=1 emitted 12 procedural water vertices (Ocean/Pools)
[+02:31:41.491] VoxelWater: Chunk X=5 Y=-23 Z=1 emitted 20 procedural water vertices (Ocean/Pools)
[+02:31:41.491] VoxelWater: Chunk X=6 Y=-23 Z=1 emitted 4 procedural water vertices (Ocean/Pools)
[+02:31:41.491] VoxelWater: Chunk X=5 Y=-27 Z=1 emitted 12 procedural water vertices (Ocean/Pools)
[+02:31:41.491] VoxelWater: Chunk X=4 Y=-24 Z=1 emitted 16 procedural water vertices (Ocean/Pools)
[+02:31:41.502] VoxelChunk: GenerateAsync (2,-26,-2)
[+02:31:41.509] VoxelMesh: Chunk X=0 Y=0 Z=0 FlatVerts=6 SlopeVerts=18
[+02:31:41.509] VoxelChunk: GenerateAsync (8,-26,0)
[+02:31:41.512] VoxelMesh: Chunk X=0 Y=0 Z=0 FlatVerts=7524 SlopeVerts=294
[+02:31:41.513] VoxelChunk: GenerateAsync (6,-22,0)
[+02:31:41.520] VoxelChunk: GenerateAsync (8,-26,-2)
[+02:31:41.532] VoxelMesh: Chunk X=0 Y=0 Z=0 FlatVerts=4614 SlopeVerts=7656
[+02:31:41.534] VoxelChunk: GenerateAsync (4,-22,0)
[+02:31:41.539] VoxelMesh: Chunk X=0 Y=0 Z=0 FlatVerts=2694 SlopeVerts=4410
[+02:31:41.540] VoxelChunk: GenerateAsync (8,-24,0)
[+02:31:41.546] VoxelChunk: GenerateAsync (4,-28,-2)
[+02:31:41.552] VoxelChunk: GenerateAsync (6,-28,-2)
[+02:31:41.565] VoxelMesh: Chunk X=0 Y=0 Z=0 FlatVerts=1626 SlopeVerts=3018
[+02:31:41.566] VoxelChunk: GenerateAsync (2,-24,0)
[+02:31:41.572] VoxelChunk: GenerateAsync (6,-22,-2)
[+02:31:41.578] VoxelChunk: GenerateAsync (2,-24,-2)
[+02:31:41.583] VoxelMesh: Chunk X=0 Y=0 Z=0 FlatVerts=2400 SlopeVerts=2604
[+02:31:41.583] VoxelChunk: GenerateAsync (4,-28,0)
[+02:31:41.596] VoxelChunk: GenerateAsync (8,-24,-2)
[+02:31:41.601] VoxelMesh: Chunk X=0 Y=0 Z=0 FlatVerts=6036 SlopeVerts=2484
[+02:31:41.602] VoxelChunk: GenerateAsync (6,-28,0)
[+02:31:41.606] VoxelMesh: Chunk X=0 Y=0 Z=0 FlatVerts=6348 SlopeVerts=1572
[+02:31:41.608] VoxelChunk: GenerateAsync (2,-26,0)
[+02:31:41.614] VoxelChunk: GenerateAsync (4,-22,-2)
[+02:31:41.625] VoxelMesh: Chunk X=0 Y=0 Z=0 FlatVerts=6336 SlopeVerts=5088
[+02:31:41.627] VoxelChunk: GenerateAsync (7,-23,1)
[+02:31:41.628] VoxelMesh: Chunk X=7 Y=-23 Z=1 FlatVerts=1206 SlopeVerts=786
[+02:31:41.632] VoxelMesh: Chunk X=0 Y=0 Z=0 FlatVerts=2928 SlopeVerts=14256
[+02:31:41.633] VoxelChunk: GenerateAsync (3,-23,1)
[+02:31:41.635] VoxelMesh: Chunk X=3 Y=-23 Z=1 FlatVerts=168 SlopeVerts=276
[+02:31:41.637] VoxelMesh: Chunk X=0 Y=0 Z=0 FlatVerts=4662 SlopeVerts=14442
[+02:31:41.639] VoxelChunk: GenerateAsync (7,-27,1)
[+02:31:41.640] VoxelMesh: Chunk X=7 Y=-27 Z=1 FlatVerts=2022 SlopeVerts=0
[+02:31:41.646] VoxelChunk: GenerateAsync (3,-27,-3)
[+02:31:41.658] VoxelMesh: Chunk X=0 Y=0 Z=0 FlatVerts=6564 SlopeVerts=2754
[+02:31:41.659] VoxelChunk: GenerateAsync (3,-27,1)
[+02:31:41.662] VoxelMesh: Chunk X=3 Y=-27 Z=1 FlatVerts=18 SlopeVerts=42
[+02:31:41.666] VoxelChunk: GenerateAsync (3,-23,-3)
[+02:31:41.672] VoxelChunk: GenerateAsync (7,-27,-3)
[+02:31:41.679] VoxelChunk: GenerateAsync (7,-23,-3)
[+02:31:41.690] VoxelMesh: Chunk X=0 Y=0 Z=0 FlatVerts=60 SlopeVerts=1086
[+02:31:41.691] VoxelChunk: GenerateAsync (3,-25,2)
[+02:31:41.692] VoxelMesh: Chunk X=3 Y=-25 Z=2 FlatVerts=0 SlopeVerts=132
[+02:31:41.695] VoxelChunk: GenerateAsync (3,-28,-1)
[+02:31:41.702] VoxelChunk: GenerateAsync (5,-22,-3)
[+02:31:41.706] VoxelMesh: Chunk X=0 Y=0 Z=0 FlatVerts=7542 SlopeVerts=3684
[+02:31:41.707] VoxelChunk: GenerateAsync (5,-22,1)
[+02:31:41.708] VoxelMesh: Chunk X=5 Y=-22 Z=1 FlatVerts=42 SlopeVerts=102
[+02:31:41.724] VoxelWater: Chunk X=5 Y=-26 Z=1 emitted 76 procedural water vertices (Ocean/Pools)
[+02:31:41.724] VoxelWater: Chunk X=6 Y=-26 Z=1 emitted 16 procedural water vertices (Ocean/Pools)
[+02:31:41.724] VoxelWater: Chunk X=4 Y=-26 Z=1 emitted 116 procedural water vertices (Ocean/Pools)
[+02:31:41.724] VoxelWater: Chunk X=4 Y=-25 Z=1 emitted 44 procedural water vertices (Ocean/Pools)
[+02:31:41.724] VoxelWater: Chunk X=5 Y=-25 Z=1 emitted 8 procedural water vertices (Ocean/Pools)
[+02:31:41.724] VoxelWater: Chunk X=6 Y=-23 Z=1 emitted 8 procedural water vertices (Ocean/Pools)
[+02:31:41.724] VoxelWater: Chunk X=4 Y=-27 Z=1 emitted 16 procedural water vertices (Ocean/Pools)
[+02:31:41.724] VoxelWater: Chunk X=4 Y=-26 Z=2 emitted 24 procedural water vertices (Ocean/Pools)
[+02:31:41.724] VoxelWater: Chunk X=4 Y=-25 Z=2 emitted 124 procedural water vertices (Ocean/Pools)
[+02:31:41.724] VoxelWater: Chunk X=4 Y=-25 Z=3 emitted 76 procedural water vertices (Ocean/Pools)
[+02:31:41.724] VoxelWater: Chunk X=5 Y=-25 Z=2 emitted 232 procedural water vertices (Ocean/Pools)
[+02:31:41.724] VoxelWater: Chunk X=4 Y=-24 Z=2 emitted 76 procedural water vertices (Ocean/Pools)
[+02:31:41.724] VoxelWater: Chunk X=4 Y=-24 Z=3 emitted 120 procedural water vertices (Ocean/Pools)
[+02:31:41.724] VoxelWater: Chunk X=5 Y=-25 Z=3 emitted 180 procedural water vertices (Ocean/Pools)
[+02:31:41.724] VoxelWater: Chunk X=5 Y=-24 Z=2 emitted 132 procedural water vertices (Ocean/Pools)
[+02:31:41.724] VoxelWater: Chunk X=5 Y=-24 Z=3 emitted 20 procedural water vertices (Ocean/Pools)
[+02:31:41.724] VoxelWater: Chunk X=6 Y=-24 Z=3 emitted 120 procedural water vertices (Ocean/Pools)
[+02:31:41.724] VoxelWater: Chunk X=6 Y=-26 Z=3 emitted 16 procedural water vertices (Ocean/Pools)
[+02:31:41.724] VoxelWater: Chunk X=6 Y=-25 Z=3 emitted 220 procedural water vertices (Ocean/Pools)
[+02:31:41.724] VoxelWater: Chunk X=6 Y=-26 Z=2 emitted 68 procedural water vertices (Ocean/Pools)
[+02:31:41.724] VoxelWater: Chunk X=6 Y=-25 Z=2 emitted 12 procedural water vertices (Ocean/Pools)
[+02:31:41.724] VoxelWater: Chunk X=6 Y=-24 Z=2 emitted 104 procedural water vertices (Ocean/Pools)
[+02:31:41.724] VoxelWater: Chunk X=6 Y=-24 Z=1 emitted 8 procedural water vertices (Ocean/Pools)
[+02:31:41.724] VoxelWater: Chunk X=7 Y=-27 Z=1 emitted 36 procedural water vertices (Ocean/Pools)
[+02:31:41.724] VoxelWater: Chunk X=6 Y=-27 Z=1 emitted 52 procedural water vertices (Ocean/Pools)
[+02:31:41.724] VoxelWater: Chunk X=7 Y=-26 Z=1 emitted 24 procedural water vertices (Ocean/Pools)
[+02:31:41.724] VoxelWater: Chunk X=3 Y=-26 Z=1 emitted 16 procedural water vertices (Ocean/Pools)
[+02:31:41.724] VoxelWater: Chunk X=5 Y=-23 Z=1 emitted 24 procedural water vertices (Ocean/Pools)
[+02:31:41.724] VoxelWater: Chunk X=5 Y=-27 Z=1 emitted 16 procedural water vertices (Ocean/Pools)
[+02:31:41.724] VoxelWater: Chunk X=5 Y=-24 Z=1 emitted 8 procedural water vertices (Ocean/Pools)
[+02:31:41.724] VoxelWater: Chunk X=4 Y=-24 Z=1 emitted 16 procedural water vertices (Ocean/Pools)
[+02:31:41.732] VoxelChunk: GenerateAsync (6,-25,1)
[+02:31:41.732] VoxelChunk: GenerateAsync (5,-22,0)
[+02:31:41.732] VoxelChunk: GenerateAsync (8,-24,-1)
[+02:31:41.732] VoxelChunk: GenerateAsync (8,-26,-1)
[+02:31:41.732] VoxelChunk: GenerateAsync (4,-23,1)
[+02:31:41.732] VoxelChunk: GenerateAsync (7,-24,1)
[+02:31:41.732] VoxelChunk: GenerateAsync (6,-23,1)
[+02:31:41.732] VoxelChunk: GenerateAsync (8,-25,-1)
[+02:31:41.732] VoxelChunk: GenerateAsync (3,-24,1)
[+02:31:41.732] VoxelChunk: GenerateAsync (7,-27,0)
[+02:31:41.732] VoxelChunk: GenerateAsync (4,-27,1)
[+02:31:41.732] VoxelChunk: GenerateAsync (5,-22,-1)
[+02:31:41.732] VoxelChunk: GenerateAsync (3,-23,0)
[+02:31:41.732] VoxelChunk: GenerateAsync (6,-27,1)
[+02:31:41.732] VoxelChunk: GenerateAsync (7,-23,0)
[+02:31:41.732] VoxelChunk: GenerateAsync (7,-26,1)
[+02:31:41.732] VoxelChunk: GenerateAsync (3,-26,1)
[+02:31:41.732] VoxelChunk: GenerateAsync (7,-23,-1)
[+02:31:41.732] VoxelChunk: GenerateAsync (3,-25,1)
[+02:31:41.732] VoxelChunk: GenerateAsync (7,-25,1)
[+02:31:41.732] VoxelChunk: GenerateAsync (5,-23,1)
[+02:31:41.732] VoxelChunk: GenerateAsync (5,-27,1)
[+02:31:41.732] VoxelChunk: GenerateAsync (6,-24,1)
[+02:31:41.732] VoxelChunk: GenerateAsync (5,-24,1)
[+02:31:41.732] VoxelChunk: GenerateAsync (7,-24,0)
[+02:31:41.732] VoxelChunk: GenerateAsync (6,-23,0)
[+02:31:41.732] VoxelChunk: GenerateAsync (6,-26,1)
[+02:31:41.732] VoxelChunk: GenerateAsync (4,-24,1)
[+02:31:41.732] VoxelChunk: GenerateAsync (8,-25,0)
[+02:31:41.732] VoxelChunk: GenerateAsync (6,-22,-1)
[+02:31:41.732] VoxelChunk: GenerateAsync (4,-22,-1)
[+02:31:41.732] VoxelChunk: GenerateAsync (8,-26,0)
[+02:31:41.732] VoxelChunk: GenerateAsync (6,-22,0)
[+02:31:41.732] VoxelChunk: GenerateAsync (4,-22,0)
[+02:31:41.732] VoxelChunk: GenerateAsync (8,-24,0)
[+02:31:41.732] VoxelChunk: GenerateAsync (2,-24,0)
[+02:31:41.732] VoxelChunk: GenerateAsync (6,-22,-2)
[+02:31:41.732] VoxelChunk: GenerateAsync (8,-24,-2)
[+02:31:41.732] VoxelChunk: GenerateAsync (6,-28,0)
[+02:31:41.732] VoxelChunk: GenerateAsync (7,-23,1)
[+02:31:41.732] VoxelChunk: GenerateAsync (3,-23,1)
[+02:31:41.732] VoxelChunk: GenerateAsync (7,-27,1)
[+02:31:41.733] VoxelChunk: GenerateAsync (3,-27,1)
[+02:31:41.733] VoxelChunk: GenerateAsync (3,-25,2)
[+02:31:41.733] VoxelChunk: GenerateAsync (5,-22,1)
[+02:31:41.734] VoxelMesh: Chunk X=6 Y=-23 Z=1 FlatVerts=504 SlopeVerts=0
[+02:31:41.734] VoxelMesh: Chunk X=4 Y=-23 Z=1 FlatVerts=18 SlopeVerts=18
[+02:31:41.734] VoxelMesh: Chunk X=7 Y=-24 Z=1 FlatVerts=0 SlopeVerts=12
[+02:31:41.734] VoxelMesh: Chunk X=3 Y=-24 Z=1 FlatVerts=0 SlopeVerts=0
[+02:31:41.735] VoxelMesh: Chunk X=4 Y=-27 Z=1 FlatVerts=24 SlopeVerts=138
[+02:31:41.735] VoxelMesh: Chunk X=6 Y=-27 Z=1 FlatVerts=480 SlopeVerts=120
[+02:31:41.736] VoxelMesh: Chunk X=7 Y=-26 Z=1 FlatVerts=210 SlopeVerts=258
[+02:31:41.736] VoxelMesh: Chunk X=3 Y=-26 Z=1 FlatVerts=78 SlopeVerts=72
[+02:31:41.737] VoxelMesh: Chunk X=5 Y=-27 Z=1 FlatVerts=228 SlopeVerts=222
[+02:31:41.737] VoxelMesh: Chunk X=5 Y=-23 Z=1 FlatVerts=336 SlopeVerts=252
[+02:31:41.738] VoxelMesh: Chunk X=5 Y=-24 Z=1 FlatVerts=126 SlopeVerts=276
[+02:31:41.738] VoxelMesh: Chunk X=6 Y=-24 Z=1 FlatVerts=120 SlopeVerts=264
[+02:31:41.739] VoxelMesh: Chunk X=6 Y=-26 Z=1 FlatVerts=336 SlopeVerts=174
[+02:31:41.739] VoxelMesh: Chunk X=4 Y=-24 Z=1 FlatVerts=6 SlopeVerts=72
[+02:31:41.741] VoxelMesh: Chunk X=0 Y=0 Z=0 FlatVerts=3972 SlopeVerts=8466
[+02:31:41.742] VoxelMesh: Chunk X=7 Y=-23 Z=1 FlatVerts=246 SlopeVerts=198
[+02:31:41.742] VoxelMesh: Chunk X=7 Y=-27 Z=1 FlatVerts=528 SlopeVerts=0
[+02:31:41.743] VoxelChunk: GenerateAsync (5,-28,1)
[+02:31:41.743] VoxelMesh: Chunk X=3 Y=-23 Z=1 FlatVerts=30 SlopeVerts=54
[+02:31:41.743] VoxelMesh: Chunk X=3 Y=-25 Z=2 FlatVerts=0 SlopeVerts=36
[+02:31:41.743] VoxelMesh: Chunk X=5 Y=-22 Z=1 FlatVerts=18 SlopeVerts=12
[+02:31:41.743] VoxelMesh: Chunk X=3 Y=-27 Z=1 FlatVerts=0 SlopeVerts=6
[+02:31:41.744] VoxelMesh: Chunk X=5 Y=-28 Z=1 FlatVerts=1788 SlopeVerts=684
[+02:31:41.749] VoxelChunk: GenerateAsync (3,-22,-1)
[+02:31:41.756] VoxelChunk: GenerateAsync (8,-25,-3)
[+02:31:41.759] VoxelChunk: GenerateAsync (7,-22,-1)
[+02:31:41.775] VoxelChunk: GenerateAsync (7,-28,-1)
[+02:31:41.779] VoxelMesh: Chunk X=0 Y=0 Z=0 FlatVerts=5658 SlopeVerts=9510
[+02:31:41.781] VoxelChunk: GenerateAsync (2,-25,1)
[+02:31:41.786] VoxelMesh: Chunk X=0 Y=0 Z=0 FlatVerts=2082 SlopeVerts=29514
[+02:31:41.789] VoxelChunk: GenerateAsync (7,-25,2)
[+02:31:41.790] VoxelMesh: Chunk X=7 Y=-25 Z=2 FlatVerts=0 SlopeVerts=12
[+02:31:41.793] VoxelChunk: GenerateAsync (2,-27,-1)
[+02:31:41.806] VoxelMesh: Chunk X=0 Y=0 Z=0 FlatVerts=732 SlopeVerts=11628
[+02:31:41.807] VoxelChunk: GenerateAsync (8,-25,1)
[+02:31:41.808] VoxelMesh: Chunk X=8 Y=-25 Z=1 FlatVerts=0 SlopeVerts=54
[+02:31:41.813] VoxelChunk: GenerateAsync (8,-27,-1)
[+02:31:41.817] VoxelChunk: GenerateAsync (8,-23,-1)
[+02:31:41.823] VoxelChunk: GenerateAsync (2,-23,-1)
[+02:31:41.837] VoxelChunk: GenerateAsync (5,-28,-3)
[+02:31:41.844] VoxelChunk: GenerateAsync (2,-25,-3)
[+02:31:41.847] VoxelMesh: Chunk X=0 Y=0 Z=0 FlatVerts=0 SlopeVerts=0
[+02:31:41.847] VoxelChunk: GenerateAsync (5,-23,2)
[+02:31:41.848] VoxelMesh: Chunk X=5 Y=-23 Z=2 FlatVerts=6 SlopeVerts=1038
[+02:31:41.850] VoxelMesh: Chunk X=0 Y=0 Z=0 FlatVerts=0 SlopeVerts=816
[+02:31:41.850] VoxelChunk: GenerateAsync (5,-27,2)
[+02:31:41.851] VoxelMesh: Chunk X=5 Y=-27 Z=2 FlatVerts=642 SlopeVerts=1458
[+02:31:41.863] VoxelChunk: GenerateAsync (7,-22,-2)
[+02:31:41.869] VoxelChunk: GenerateAsync (7,-28,-2)
[+02:31:41.875] VoxelChunk: GenerateAsync (8,-23,-2)
[+02:31:41.882] VoxelChunk: GenerateAsync (6,-22,-3)
[+02:31:41.895] VoxelChunk: GenerateAsync (2,-23,-2)
[+02:31:41.900] VoxelMesh: Chunk X=0 Y=0 Z=0 FlatVerts=3876 SlopeVerts=4116
[+02:31:41.901] VoxelChunk: GenerateAsync (3,-28,0)
[+02:31:41.904] VoxelMesh: Chunk X=0 Y=0 Z=0 FlatVerts=6372 SlopeVerts=2982
[+02:31:41.906] VoxelChunk: GenerateAsync (8,-23,0)
[+02:31:41.912] VoxelMesh: Chunk X=0 Y=0 Z=0 FlatVerts=852 SlopeVerts=1584
[+02:31:41.912] VoxelChunk: GenerateAsync (8,-27,0)
[+02:31:41.931] VoxelWater: Chunk X=5 Y=-26 Z=1 emitted 104 procedural water vertices (Ocean/Pools)
[+02:31:41.931] VoxelWater: Chunk X=6 Y=-26 Z=1 emitted 56 procedural water vertices (Ocean/Pools)
[+02:31:41.931] VoxelWater: Chunk X=4 Y=-26 Z=1 emitted 136 procedural water vertices (Ocean/Pools)
[+02:31:41.931] VoxelWater: Chunk X=4 Y=-25 Z=1 emitted 52 procedural water vertices (Ocean/Pools)
[+02:31:41.931] VoxelWater: Chunk X=5 Y=-25 Z=1 emitted 8 procedural water vertices (Ocean/Pools)
[+02:31:41.931] VoxelWater: Chunk X=6 Y=-23 Z=1 emitted 8 procedural water vertices (Ocean/Pools)
[+02:31:41.931] VoxelWater: Chunk X=4 Y=-27 Z=1 emitted 28 procedural water vertices (Ocean/Pools)
[+02:31:41.931] VoxelWater: Chunk X=4 Y=-26 Z=2 emitted 20 procedural water vertices (Ocean/Pools)
[+02:31:41.931] VoxelWater: Chunk X=4 Y=-25 Z=2 emitted 144 procedural water vertices (Ocean/Pools)
[+02:31:41.931] VoxelWater: Chunk X=4 Y=-25 Z=3 emitted 80 procedural water vertices (Ocean/Pools)
[+02:31:41.931] VoxelWater: Chunk X=5 Y=-25 Z=2 emitted 236 procedural water vertices (Ocean/Pools)
[+02:31:41.931] VoxelWater: Chunk X=4 Y=-24 Z=2 emitted 96 procedural water vertices (Ocean/Pools)
[+02:31:41.931] VoxelWater: Chunk X=4 Y=-24 Z=3 emitted 136 procedural water vertices (Ocean/Pools)
[+02:31:41.931] VoxelWater: Chunk X=5 Y=-25 Z=3 emitted 188 procedural water vertices (Ocean/Pools)
[+02:31:41.931] VoxelWater: Chunk X=5 Y=-24 Z=2 emitted 132 procedural water vertices (Ocean/Pools)
[+02:31:41.931] VoxelWater: Chunk X=5 Y=-24 Z=3 emitted 20 procedural water vertices (Ocean/Pools)
[+02:31:41.931] VoxelWater: Chunk X=6 Y=-24 Z=3 emitted 124 procedural water vertices (Ocean/Pools)
[+02:31:41.931] VoxelWater: Chunk X=6 Y=-26 Z=2 emitted 56 procedural water vertices (Ocean/Pools)
[+02:31:41.931] VoxelWater: Chunk X=6 Y=-26 Z=3 emitted 16 procedural water vertices (Ocean/Pools)
[+02:31:41.931] VoxelWater: Chunk X=6 Y=-25 Z=3 emitted 236 procedural water vertices (Ocean/Pools)
[+02:31:41.931] VoxelWater: Chunk X=6 Y=-25 Z=2 emitted 12 procedural water vertices (Ocean/Pools)
[+02:31:41.931] VoxelWater: Chunk X=6 Y=-24 Z=2 emitted 84 procedural water vertices (Ocean/Pools)
[+02:31:41.931] VoxelWater: Chunk X=6 Y=-24 Z=1 emitted 48 procedural water vertices (Ocean/Pools)
[+02:31:41.931] VoxelWater: Chunk X=6 Y=-27 Z=1 emitted 100 procedural water vertices (Ocean/Pools)
[+02:31:41.931] VoxelWater: Chunk X=7 Y=-26 Z=1 emitted 52 procedural water vertices (Ocean/Pools)
[+02:31:41.931] VoxelWater: Chunk X=3 Y=-26 Z=1 emitted 28 procedural water vertices (Ocean/Pools)
[+02:31:41.931] VoxelWater: Chunk X=5 Y=-23 Z=1 emitted 44 procedural water vertices (Ocean/Pools)
[+02:31:41.931] VoxelWater: Chunk X=5 Y=-27 Z=1 emitted 40 procedural water vertices (Ocean/Pools)
[+02:31:41.931] VoxelWater: Chunk X=5 Y=-24 Z=1 emitted 8 procedural water vertices (Ocean/Pools)
[+02:31:41.931] VoxelWater: Chunk X=4 Y=-24 Z=1 emitted 24 procedural water vertices (Ocean/Pools)
[+02:31:41.931] VoxelWater: Chunk X=7 Y=-27 Z=1 emitted 44 procedural water vertices (Ocean/Pools)
[+02:31:41.931] VoxelWater: Chunk X=5 Y=-28 Z=1 emitted 28 procedural water vertices (Ocean/Pools)
[+02:31:41.932] VoxelWater: Chunk X=5 Y=-23 Z=2 emitted 12 procedural water vertices (Ocean/Pools)
[+02:31:41.932] VoxelWater: Chunk X=5 Y=-27 Z=2 emitted 32 procedural water vertices (Ocean/Pools)
[+02:31:41.943] VoxelMesh: Chunk X=0 Y=0 Z=0 FlatVerts=1176 SlopeVerts=5298
[+02:31:41.944] VoxelChunk: GenerateAsync (3,-22,0)
[+02:31:41.948] VoxelMesh: Chunk X=0 Y=0 Z=0 FlatVerts=360 SlopeVerts=6876
[+02:31:41.948] VoxelChunk: GenerateAsync (3,-24,2)
[+02:31:41.951] VoxelMesh: Chunk X=3 Y=-24 Z=2 FlatVerts=6 SlopeVerts=468
[+02:31:41.955] VoxelChunk: GenerateAsync (8,-27,-2)
[+02:31:41.961] VoxelChunk: GenerateAsync (3,-28,-2)
[+02:31:41.972] VoxelMesh: Chunk X=0 Y=0 Z=0 FlatVerts=7380 SlopeVerts=234
[+02:31:41.973] VoxelChunk: GenerateAsync (7,-22,0)
[+02:31:41.976] VoxelMesh: Chunk X=0 Y=0 Z=0 FlatVerts=42 SlopeVerts=102
[+02:31:41.976] VoxelChunk: GenerateAsync (3,-26,2)
[+02:31:41.978] VoxelMesh: Chunk X=3 Y=-26 Z=2 FlatVerts=156 SlopeVerts=3030
[+02:31:41.979] VoxelMesh: Chunk X=0 Y=0 Z=0 FlatVerts=450 SlopeVerts=2274
[+02:31:41.980] VoxelChunk: GenerateAsync (4,-23,2)
[+02:31:41.981] VoxelMesh: Chunk X=4 Y=-23 Z=2 FlatVerts=312 SlopeVerts=3156
[+02:31:41.985] VoxelChunk: GenerateAsync (2,-27,-2)
[+02:31:41.999] VoxelMesh: Chunk X=0 Y=0 Z=0 FlatVerts=300 SlopeVerts=1596
[+02:31:41.999] VoxelChunk: GenerateAsync (2,-23,0)
[+02:31:42.003] VoxelMesh: Chunk X=0 Y=0 Z=0 FlatVerts=2400 SlopeVerts=9462
[+02:31:42.005] VoxelChunk: GenerateAsync (4,-28,1)
[+02:31:42.006] VoxelMesh: Chunk X=4 Y=-28 Z=1 FlatVerts=288 SlopeVerts=96
[+02:31:42.009] VoxelMesh: Chunk X=0 Y=0 Z=0 FlatVerts=6060 SlopeVerts=2196
[+02:31:42.011] VoxelChunk: GenerateAsync (7,-28,0)
[+02:31:42.015] VoxelMesh: Chunk X=0 Y=0 Z=0 FlatVerts=6132 SlopeVerts=5844
[+02:31:42.016] VoxelChunk: GenerateAsync (6,-28,1)
[+02:31:42.017] VoxelMesh: Chunk X=6 Y=-28 Z=1 FlatVerts=2202 SlopeVerts=696
[+02:31:42.032] VoxelChunk: GenerateAsync (4,-22,-3)
[+02:31:42.036] VoxelMesh: Chunk X=0 Y=0 Z=0 FlatVerts=792 SlopeVerts=5370
[+02:31:42.036] VoxelChunk: GenerateAsync (6,-27,2)
[+02:31:42.037] VoxelMesh: Chunk X=6 Y=-27 Z=2 FlatVerts=6 SlopeVerts=96
[+02:31:42.040] VoxelMesh: Chunk X=0 Y=0 Z=0 FlatVerts=1092 SlopeVerts=15384
[+02:31:42.041] VoxelChunk: GenerateAsync (7,-24,2)
[+02:31:42.043] VoxelMesh: Chunk X=7 Y=-24 Z=2 FlatVerts=0 SlopeVerts=1512
[+02:31:42.048] VoxelChunk: GenerateAsync (3,-22,-2)
[+02:31:42.059] VoxelMesh: Chunk X=0 Y=0 Z=0 FlatVerts=54 SlopeVerts=390
[+02:31:42.060] VoxelChunk: GenerateAsync (6,-23,2)
[+02:31:42.061] VoxelMesh: Chunk X=6 Y=-23 Z=2 FlatVerts=0 SlopeVerts=0
[+02:31:42.063] VoxelMesh: Chunk X=0 Y=0 Z=0 FlatVerts=7776 SlopeVerts=414
[+02:31:42.064] VoxelChunk: GenerateAsync (2,-27,0)
[+02:31:42.069] VoxelMesh: Chunk X=0 Y=0 Z=0 FlatVerts=2520 SlopeVerts=28104
[+02:31:42.071] VoxelChunk: GenerateAsync (7,-26,2)
[+02:31:42.073] VoxelMesh: Chunk X=7 Y=-26 Z=2 FlatVerts=0 SlopeVerts=2274
[+02:31:42.078] VoxelChunk: GenerateAsync (2,-26,-3)
[+02:31:42.094] VoxelChunk: GenerateAsync (4,-28,-3)
[+02:31:42.098] VoxelMesh: Chunk X=0 Y=0 Z=0 FlatVerts=7458 SlopeVerts=3666
[+02:31:42.099] VoxelChunk: GenerateAsync (2,-26,1)
[+02:31:42.103] VoxelMesh: Chunk X=0 Y=0 Z=0 FlatVerts=7524 SlopeVerts=294
[+02:31:42.105] VoxelChunk: GenerateAsync (6,-22,1)
[+02:31:42.106] VoxelMesh: Chunk X=6 Y=-22 Z=1 FlatVerts=1494 SlopeVerts=588
[+02:31:42.111] VoxelMesh: Chunk X=0 Y=0 Z=0 FlatVerts=648 SlopeVerts=7356
[+02:31:42.111] VoxelChunk: GenerateAsync (8,-26,1)
[+02:31:42.112] VoxelMesh: Chunk X=8 Y=-26 Z=1 FlatVerts=1302 SlopeVerts=1188
[+02:31:42.126] VoxelChunk: GenerateAsync (2,-24,-3)
[+02:31:42.130] VoxelMesh: Chunk X=0 Y=0 Z=0 FlatVerts=5178 SlopeVerts=12936
[+02:31:42.132] VoxelChunk: GenerateAsync (4,-22,1)
[+02:31:42.136] VoxelMesh: Chunk X=0 Y=0 Z=0 FlatVerts=3264 SlopeVerts=12702
[+02:31:42.138] VoxelChunk: GenerateAsync (8,-24,1)
[+02:31:42.139] VoxelMesh: Chunk X=8 Y=-24 Z=1 FlatVerts=120 SlopeVerts=102
[+02:31:42.144] VoxelChunk: GenerateAsync (8,-26,-3)
[+02:31:42.165] VoxelWater: Chunk X=5 Y=-26 Z=1 emitted 136 procedural water vertices (Ocean/Pools)
[+02:31:42.165] VoxelWater: Chunk X=6 Y=-26 Z=1 emitted 60 procedural water vertices (Ocean/Pools)
[+02:31:42.166] VoxelWater: Chunk X=4 Y=-25 Z=1 emitted 56 procedural water vertices (Ocean/Pools)
[+02:31:42.166] VoxelWater: Chunk X=4 Y=-26 Z=1 emitted 148 procedural water vertices (Ocean/Pools)
[+02:31:42.166] VoxelWater: Chunk X=5 Y=-25 Z=1 emitted 8 procedural water vertices (Ocean/Pools)
[+02:31:42.166] VoxelWater: Chunk X=6 Y=-23 Z=1 emitted 8 procedural water vertices (Ocean/Pools)
[+02:31:42.166] VoxelWater: Chunk X=4 Y=-27 Z=1 emitted 28 procedural water vertices (Ocean/Pools)
[+02:31:42.166] VoxelWater: Chunk X=4 Y=-26 Z=2 emitted 20 procedural water vertices (Ocean/Pools)
[+02:31:42.166] VoxelWater: Chunk X=4 Y=-25 Z=2 emitted 152 procedural water vertices (Ocean/Pools)
[+02:31:42.166] VoxelWater: Chunk X=4 Y=-25 Z=3 emitted 88 procedural water vertices (Ocean/Pools)
[+02:31:42.166] VoxelWater: Chunk X=5 Y=-25 Z=2 emitted 248 procedural water vertices (Ocean/Pools)
[+02:31:42.166] VoxelWater: Chunk X=4 Y=-24 Z=2 emitted 108 procedural water vertices (Ocean/Pools)
[+02:31:42.166] VoxelWater: Chunk X=4 Y=-24 Z=3 emitted 144 procedural water vertices (Ocean/Pools)
[+02:31:42.166] VoxelWater: Chunk X=5 Y=-25 Z=3 emitted 192 procedural water vertices (Ocean/Pools)
[+02:31:42.166] VoxelWater: Chunk X=5 Y=-24 Z=2 emitted 132 procedural water vertices (Ocean/Pools)
[+02:31:42.166] VoxelWater: Chunk X=5 Y=-24 Z=3 emitted 20 procedural water vertices (Ocean/Pools)
[+02:31:42.166] VoxelWater: Chunk X=6 Y=-24 Z=3 emitted 124 procedural water vertices (Ocean/Pools)
[+02:31:42.166] VoxelWater: Chunk X=6 Y=-26 Z=2 emitted 64 procedural water vertices (Ocean/Pools)
[+02:31:42.166] VoxelWater: Chunk X=6 Y=-26 Z=3 emitted 16 procedural water vertices (Ocean/Pools)
[+02:31:42.166] VoxelWater: Chunk X=6 Y=-25 Z=3 emitted 248 procedural water vertices (Ocean/Pools)
[+02:31:42.166] VoxelWater: Chunk X=6 Y=-25 Z=2 emitted 16 procedural water vertices (Ocean/Pools)
[+02:31:42.166] VoxelWater: Chunk X=6 Y=-24 Z=2 emitted 80 procedural water vertices (Ocean/Pools)
[+02:31:42.166] VoxelWater: Chunk X=6 Y=-24 Z=1 emitted 48 procedural water vertices (Ocean/Pools)
[+02:31:42.166] VoxelWater: Chunk X=6 Y=-27 Z=1 emitted 108 procedural water vertices (Ocean/Pools)
[+02:31:42.166] VoxelWater: Chunk X=7 Y=-26 Z=1 emitted 60 procedural water vertices (Ocean/Pools)
[+02:31:42.166] VoxelWater: Chunk X=8 Y=-26 Z=1 emitted 32 procedural water vertices (Ocean/Pools)
[+02:31:42.166] VoxelWater: Chunk X=3 Y=-26 Z=1 emitted 28 procedural water vertices (Ocean/Pools)
[+02:31:42.166] VoxelWater: Chunk X=5 Y=-23 Z=1 emitted 44 procedural water vertices (Ocean/Pools)
[+02:31:42.166] VoxelWater: Chunk X=5 Y=-27 Z=1 emitted 52 procedural water vertices (Ocean/Pools)
[+02:31:42.166] VoxelWater: Chunk X=5 Y=-24 Z=1 emitted 8 procedural water vertices (Ocean/Pools)
[+02:31:42.166] VoxelWater: Chunk X=4 Y=-24 Z=1 emitted 24 procedural water vertices (Ocean/Pools)
[+02:31:42.166] VoxelWater: Chunk X=7 Y=-27 Z=1 emitted 44 procedural water vertices (Ocean/Pools)
[+02:31:42.166] VoxelWater: Chunk X=5 Y=-28 Z=1 emitted 36 procedural water vertices (Ocean/Pools)
[+02:31:42.166] VoxelWater: Chunk X=6 Y=-28 Z=1 emitted 24 procedural water vertices (Ocean/Pools)
[+02:31:42.166] VoxelWater: Chunk X=5 Y=-23 Z=2 emitted 20 procedural water vertices (Ocean/Pools)
[+02:31:42.166] VoxelWater: Chunk X=5 Y=-27 Z=2 emitted 32 procedural water vertices (Ocean/Pools)
[+02:31:42.166] VoxelWater: Chunk X=6 Y=-27 Z=2 emitted 8 procedural water vertices (Ocean/Pools)
[+02:31:42.166] VoxelWater: Chunk X=3 Y=-24 Z=2 emitted 16 procedural water vertices (Ocean/Pools)
[+02:31:42.166] VoxelWater: Chunk X=3 Y=-26 Z=2 emitted 48 procedural water vertices (Ocean/Pools)
[+02:31:42.166] VoxelWater: Chunk X=4 Y=-23 Z=2 emitted 72 procedural water vertices (Ocean/Pools)
[+02:31:42.166] VoxelWater: Chunk X=7 Y=-26 Z=2 emitted 24 procedural water vertices (Ocean/Pools)
[+02:31:42.166] VoxelWater: Chunk X=6 Y=-22 Z=1 emitted 24 procedural water vertices (Ocean/Pools)
[+02:31:42.179] VoxelChunk: GenerateAsync (6,-28,-3)
[+02:31:42.184] VoxelMesh: Chunk X=0 Y=0 Z=0 FlatVerts=2454 SlopeVerts=11484
[+02:31:42.185] VoxelChunk: GenerateAsync (2,-24,1)
[+02:31:42.186] VoxelMesh: Chunk X=2 Y=-24 Z=1 FlatVerts=72 SlopeVerts=456
[+02:31:42.189] VoxelMesh: Chunk X=0 Y=0 Z=0 FlatVerts=0 SlopeVerts=2244
[+02:31:42.189] VoxelChunk: GenerateAsync (4,-27,2)
[+02:31:42.190] VoxelMesh: Chunk X=4 Y=-27 Z=2 FlatVerts=1086 SlopeVerts=3132
[+02:31:42.197] VoxelChunk: GenerateAsync (8,-24,-3)
[+02:31:42.211] VoxelChunk: GenerateAsync (8,-23,-3)
[+02:31:42.216] VoxelMesh: Chunk X=0 Y=0 Z=0 FlatVerts=6492 SlopeVerts=5922
[+02:31:42.217] VoxelChunk: GenerateAsync (7,-28,1)
[+02:31:42.219] VoxelMesh: Chunk X=7 Y=-28 Z=1 FlatVerts=2412 SlopeVerts=24
[+02:31:42.223] VoxelMesh: Chunk X=0 Y=0 Z=0 FlatVerts=2058 SlopeVerts=13218
[+02:31:42.224] VoxelChunk: GenerateAsync (8,-27,1)
[+02:31:42.225] VoxelMesh: Chunk X=8 Y=-27 Z=1 FlatVerts=2106 SlopeVerts=222
[+02:31:42.231] VoxelChunk: GenerateAsync (2,-23,-3)
[+02:31:42.239] VoxelChunk: GenerateAsync (7,-24,-1)
[+02:31:42.239] VoxelChunk: GenerateAsync (5,-26,1)
[+02:31:42.239] VoxelChunk: GenerateAsync (4,-25,1)
[+02:31:42.239] VoxelChunk: GenerateAsync (6,-23,-1)
[+02:31:42.239] VoxelChunk: GenerateAsync (5,-25,1)
[+02:31:42.239] VoxelChunk: GenerateAsync (4,-24,0)
[+02:31:42.239] VoxelChunk: GenerateAsync (6,-26,0)
[+02:31:42.239] VoxelChunk: GenerateAsync (6,-24,0)
[+02:31:42.239] VoxelChunk: GenerateAsync (6,-25,0)
[+02:31:42.239] VoxelChunk: GenerateAsync (5,-24,0)
[+02:31:42.239] VoxelChunk: GenerateAsync (2,-25,0)
[+02:31:42.239] VoxelChunk: GenerateAsync (2,-24,-1)
[+02:31:42.239] VoxelChunk: GenerateAsync (6,-28,-1)
[+02:31:42.239] VoxelChunk: GenerateAsync (8,-25,-2)
[+02:31:42.239] VoxelChunk: GenerateAsync (5,-22,-2)
[+02:31:42.239] VoxelChunk: GenerateAsync (7,-23,-2)
[+02:31:42.239] VoxelChunk: GenerateAsync (3,-27,0)
[+02:31:42.239] VoxelChunk: GenerateAsync (3,-23,-1)
[+02:31:42.239] VoxelChunk: GenerateAsync (7,-27,-1)
[+02:31:42.239] VoxelChunk: GenerateAsync (3,-26,0)
[+02:31:42.239] VoxelChunk: GenerateAsync (6,-27,0)
[+02:31:42.239] VoxelChunk: GenerateAsync (4,-27,0)
[+02:31:42.239] VoxelChunk: GenerateAsync (7,-26,0)
[+02:31:42.239] VoxelChunk: GenerateAsync (5,-27,0)
[+02:31:42.239] VoxelChunk: GenerateAsync (5,-23,0)
[+02:31:42.239] VoxelChunk: GenerateAsync (3,-25,0)
[+02:31:42.239] VoxelChunk: GenerateAsync (7,-25,0)
[+02:31:42.239] VoxelChunk: GenerateAsync (4,-26,1)
[+02:31:42.239] VoxelChunk: GenerateAsync (4,-23,0)
[+02:31:42.239] VoxelChunk: GenerateAsync (3,-24,0)
[+02:31:42.239] VoxelChunk: GenerateAsync (5,-28,0)
[+02:31:42.239] VoxelChunk: GenerateAsync (8,-26,-2)
[+02:31:42.239] VoxelChunk: GenerateAsync (4,-28,0)
[+02:31:42.239] VoxelChunk: GenerateAsync (2,-26,0)
[+02:31:42.239] VoxelChunk: GenerateAsync (4,-22,-2)
[+02:31:42.239] VoxelChunk: GenerateAsync (3,-28,-1)
[+02:31:42.240] VoxelChunk: GenerateAsync (5,-28,1)
[+02:31:42.240] VoxelChunk: GenerateAsync (3,-22,-1)
[+02:31:42.240] VoxelChunk: GenerateAsync (7,-22,-1)
[+02:31:42.240] VoxelChunk: GenerateAsync (7,-28,-1)
[+02:31:42.240] VoxelChunk: GenerateAsync (2,-25,1)
[+02:31:42.240] VoxelChunk: GenerateAsync (7,-25,2)
[+02:31:42.240] VoxelChunk: GenerateAsync (2,-27,-1)
[+02:31:42.240] VoxelChunk: GenerateAsync (8,-25,1)
[+02:31:42.240] VoxelChunk: GenerateAsync (8,-27,-1)
[+02:31:42.240] VoxelChunk: GenerateAsync (8,-23,-1)
[+02:31:42.240] VoxelChunk: GenerateAsync (2,-23,-1)
[+02:31:42.240] VoxelChunk: GenerateAsync (5,-23,2)
[+02:31:42.240] VoxelChunk: GenerateAsync (5,-27,2)
[+02:31:42.240] VoxelChunk: GenerateAsync (7,-22,-2)
[+02:31:42.240] VoxelChunk: GenerateAsync (7,-28,-2)
[+02:31:42.240] VoxelChunk: GenerateAsync (8,-23,-2)
[+02:31:42.240] VoxelChunk: GenerateAsync (6,-22,-3)
[+02:31:42.240] VoxelChunk: GenerateAsync (2,-23,-2)
[+02:31:42.240] VoxelChunk: GenerateAsync (3,-28,0)
[+02:31:42.240] VoxelChunk: GenerateAsync (8,-23,0)
[+02:31:42.240] VoxelChunk: GenerateAsync (8,-27,0)
[+02:31:42.240] VoxelChunk: GenerateAsync (3,-22,0)
[+02:31:42.240] VoxelChunk: GenerateAsync (3,-24,2)
[+02:31:42.240] VoxelChunk: GenerateAsync (8,-27,-2)
[+02:31:42.240] VoxelChunk: GenerateAsync (7,-22,0)
[+02:31:42.240] VoxelChunk: GenerateAsync (3,-26,2)
[+02:31:42.240] VoxelChunk: GenerateAsync (4,-23,2)
[+02:31:42.240] VoxelChunk: GenerateAsync (2,-23,0)
[+02:31:42.240] VoxelChunk: GenerateAsync (4,-28,1)
[+02:31:42.240] VoxelChunk: GenerateAsync (7,-28,0)
[+02:31:42.241] VoxelChunk: GenerateAsync (6,-28,1)
[+02:31:42.241] VoxelChunk: GenerateAsync (6,-27,2)
[+02:31:42.241] VoxelChunk: GenerateAsync (7,-24,2)
[+02:31:42.241] VoxelChunk: GenerateAsync (3,-22,-2)
[+02:31:42.241] VoxelChunk: GenerateAsync (6,-23,2)
[+02:31:42.241] VoxelChunk: GenerateAsync (2,-27,0)
[+02:31:42.241] VoxelChunk: GenerateAsync (7,-26,2)
[+02:31:42.241] VoxelChunk: GenerateAsync (2,-26,1)
[+02:31:42.241] VoxelChunk: GenerateAsync (6,-22,1)
[+02:31:42.241] VoxelChunk: GenerateAsync (8,-26,1)
[+02:31:42.241] VoxelChunk: GenerateAsync (4,-22,1)
[+02:31:42.241] VoxelChunk: GenerateAsync (8,-24,1)
[+02:31:42.241] VoxelChunk: GenerateAsync (2,-24,1)
[+02:31:42.241] VoxelChunk: GenerateAsync (4,-27,2)
[+02:31:42.241] VoxelChunk: GenerateAsync (8,-24,-3)
[+02:31:42.241] VoxelChunk: GenerateAsync (8,-23,-3)
[+02:31:42.241] VoxelChunk: GenerateAsync (7,-28,1)
[+02:31:42.241] VoxelChunk: GenerateAsync (8,-27,1)
[+02:31:42.241] VoxelMesh: Chunk X=5 Y=-26 Z=1 FlatVerts=570 SlopeVerts=108
[+02:31:42.242] VoxelMesh: Chunk X=5 Y=-25 Z=1 FlatVerts=48 SlopeVerts=108
[+02:31:42.242] VoxelMesh: Chunk X=4 Y=-25 Z=1 FlatVerts=30 SlopeVerts=126
[+02:31:42.248] VoxelMesh: Chunk X=4 Y=-26 Z=1 FlatVerts=468 SlopeVerts=108
[+02:31:42.250] VoxelMesh: Chunk X=0 Y=0 Z=0 FlatVerts=3876 SlopeVerts=9012
[+02:31:42.251] VoxelMesh: Chunk X=5 Y=-28 Z=1 FlatVerts=492 SlopeVerts=36
[+02:31:42.251] VoxelChunk: GenerateAsync (3,-28,1)
[+02:31:42.253] VoxelMesh: Chunk X=7 Y=-25 Z=2 FlatVerts=0 SlopeVerts=0
[+02:31:42.253] VoxelMesh: Chunk X=8 Y=-25 Z=1 FlatVerts=0 SlopeVerts=6
[+02:31:42.254] VoxelMesh: Chunk X=5 Y=-23 Z=2 FlatVerts=6 SlopeVerts=246
[+02:31:42.254] VoxelMesh: Chunk X=5 Y=-27 Z=2 FlatVerts=288 SlopeVerts=258
[+02:31:42.258] VoxelMesh: Chunk X=0 Y=0 Z=0 FlatVerts=54 SlopeVerts=720
[+02:31:42.259] VoxelMesh: Chunk X=3 Y=-24 Z=2 FlatVerts=0 SlopeVerts=114
[+02:31:42.259] VoxelMesh: Chunk X=3 Y=-26 Z=2 FlatVerts=48 SlopeVerts=708
[+02:31:42.259] VoxelMesh: Chunk X=4 Y=-23 Z=2 FlatVerts=30 SlopeVerts=756
[+02:31:42.259] VoxelChunk: GenerateAsync (7,-23,2)
[+02:31:42.259] VoxelMesh: Chunk X=4 Y=-28 Z=1 FlatVerts=60 SlopeVerts=18
[+02:31:42.260] VoxelMesh: Chunk X=6 Y=-28 Z=1 FlatVerts=600 SlopeVerts=66
[+02:31:42.260] VoxelMesh: Chunk X=6 Y=-27 Z=2 FlatVerts=24 SlopeVerts=18
[+02:31:42.260] VoxelMesh: Chunk X=7 Y=-24 Z=2 FlatVerts=0 SlopeVerts=354
[+02:31:42.261] VoxelMesh: Chunk X=6 Y=-23 Z=2 FlatVerts=0 SlopeVerts=0
[+02:31:42.261] VoxelMesh: Chunk X=7 Y=-26 Z=2 FlatVerts=0 SlopeVerts=570
[+02:31:42.261] VoxelMesh: Chunk X=6 Y=-22 Z=1 FlatVerts=396 SlopeVerts=36
[+02:31:42.261] VoxelMesh: Chunk X=8 Y=-26 Z=1 FlatVerts=372 SlopeVerts=192
[+02:31:42.262] VoxelMesh: Chunk X=4 Y=-22 Z=1 FlatVerts=0 SlopeVerts=0
[+02:31:42.263] VoxelMesh: Chunk X=8 Y=-24 Z=1 FlatVerts=18 SlopeVerts=6
[+02:31:42.263] VoxelMesh: Chunk X=7 Y=-28 Z=1 FlatVerts=552 SlopeVerts=0
[+02:31:42.263] VoxelMesh: Chunk X=4 Y=-27 Z=2 FlatVerts=462 SlopeVerts=564
[+02:31:42.263] VoxelMesh: Chunk X=2 Y=-24 Z=1 FlatVerts=30 SlopeVerts=96
[+02:31:42.263] VoxelMesh: Chunk X=8 Y=-27 Z=1 FlatVerts=546 SlopeVerts=30
[+02:31:42.266] VoxelMesh: Chunk X=7 Y=-23 Z=2 FlatVerts=0 SlopeVerts=1038
[+02:31:42.267] VoxelMesh: Chunk X=3 Y=-28 Z=1 FlatVerts=354 SlopeVerts=222
[+02:31:42.268] VoxelChunk: GenerateAsync (7,-22,-3)
[+02:31:42.274] VoxelChunk: GenerateAsync (2,-27,-3)
[+02:31:42.292] VoxelMesh: Chunk X=0 Y=0 Z=0 FlatVerts=1902 SlopeVerts=18540
[+02:31:42.293] VoxelChunk: GenerateAsync (7,-27,2)
[+02:31:42.296] VoxelMesh: Chunk X=0 Y=0 Z=0 FlatVerts=7776 SlopeVerts=414
[+02:31:42.297] VoxelChunk: GenerateAsync (2,-27,1)
[+02:31:42.302] VoxelMesh: Chunk X=0 Y=0 Z=0 FlatVerts=552 SlopeVerts=11166
[+02:31:42.303] VoxelChunk: GenerateAsync (2,-23,1)
[+02:31:42.304] VoxelMesh: Chunk X=2 Y=-23 Z=1 FlatVerts=228 SlopeVerts=714
[+02:31:42.307] VoxelMesh: Chunk X=0 Y=0 Z=0 FlatVerts=1314 SlopeVerts=17106
[+02:31:42.309] VoxelChunk: GenerateAsync (3,-23,2)
[+02:31:42.310] VoxelMesh: Chunk X=3 Y=-23 Z=2 FlatVerts=438 SlopeVerts=4776
[+02:31:42.325] VoxelChunk: GenerateAsync (8,-27,-3)
[+02:31:42.331] VoxelMesh: Chunk X=0 Y=0 Z=0 FlatVerts=924 SlopeVerts=2208
[+02:31:42.331] VoxelChunk: GenerateAsync (5,-29,0)
[+02:31:42.338] VoxelChunk: GenerateAsync (3,-28,-3)
[+02:31:42.344] VoxelChunk: GenerateAsync (3,-22,-3)
[+02:31:42.355] VoxelMesh: Chunk X=0 Y=0 Z=0 FlatVerts=6372 SlopeVerts=3312
[+02:31:42.356] VoxelChunk: GenerateAsync (8,-23,1)
[+02:31:42.363] VoxelMesh: Chunk X=8 Y=-23 Z=1 FlatVerts=1878 SlopeVerts=492
[+02:31:42.363] VoxelChunk: GenerateAsync (7,-28,-3)
[+02:31:42.368] VoxelMesh: Chunk X=0 Y=0 Z=0 FlatVerts=1878 SlopeVerts=17202
[+02:31:42.369] VoxelChunk: GenerateAsync (3,-22,1)
[+02:31:42.375] VoxelMesh: Chunk X=0 Y=0 Z=0 FlatVerts=486 SlopeVerts=3252
[+02:31:42.375] VoxelChunk: GenerateAsync (9,-25,0)
[+02:31:42.398] VoxelWater: Chunk X=5 Y=-26 Z=1 emitted 168 procedural water vertices (Ocean/Pools)
[+02:31:42.398] VoxelWater: Chunk X=4 Y=-26 Z=1 emitted 232 procedural water vertices (Ocean/Pools)
[+02:31:42.398] VoxelWater: Chunk X=4 Y=-25 Z=1 emitted 56 procedural water vertices (Ocean/Pools)
[+02:31:42.398] VoxelWater: Chunk X=5 Y=-25 Z=1 emitted 16 procedural water vertices (Ocean/Pools)
[+02:31:42.398] VoxelWater: Chunk X=6 Y=-23 Z=1 emitted 8 procedural water vertices (Ocean/Pools)
[+02:31:42.398] VoxelWater: Chunk X=4 Y=-27 Z=1 emitted 28 procedural water vertices (Ocean/Pools)
[+02:31:42.398] VoxelWater: Chunk X=5 Y=-27 Z=1 emitted 68 procedural water vertices (Ocean/Pools)
[+02:31:42.398] VoxelWater: Chunk X=4 Y=-26 Z=2 emitted 12 procedural water vertices (Ocean/Pools)
[+02:31:42.398] VoxelWater: Chunk X=4 Y=-25 Z=2 emitted 168 procedural water vertices (Ocean/Pools)
[+02:31:42.398] VoxelWater: Chunk X=4 Y=-25 Z=3 emitted 92 procedural water vertices (Ocean/Pools)
[+02:31:42.398] VoxelWater: Chunk X=5 Y=-25 Z=2 emitted 264 procedural water vertices (Ocean/Pools)
[+02:31:42.398] VoxelWater: Chunk X=4 Y=-24 Z=2 emitted 112 procedural water vertices (Ocean/Pools)
[+02:31:42.398] VoxelWater: Chunk X=4 Y=-24 Z=3 emitted 152 procedural water vertices (Ocean/Pools)
[+02:31:42.398] VoxelWater: Chunk X=5 Y=-25 Z=3 emitted 192 procedural water vertices (Ocean/Pools)
[+02:31:42.398] VoxelWater: Chunk X=5 Y=-24 Z=2 emitted 132 procedural water vertices (Ocean/Pools)
[+02:31:42.398] VoxelWater: Chunk X=5 Y=-24 Z=3 emitted 20 procedural water vertices (Ocean/Pools)
[+02:31:42.398] VoxelWater: Chunk X=6 Y=-24 Z=3 emitted 124 procedural water vertices (Ocean/Pools)
[+02:31:42.398] VoxelWater: Chunk X=6 Y=-26 Z=2 emitted 64 procedural water vertices (Ocean/Pools)
[+02:31:42.398] VoxelWater: Chunk X=6 Y=-26 Z=3 emitted 16 procedural water vertices (Ocean/Pools)
[+02:31:42.398] VoxelWater: Chunk X=6 Y=-25 Z=3 emitted 276 procedural water vertices (Ocean/Pools)
[+02:31:42.399] VoxelWater: Chunk X=6 Y=-26 Z=1 emitted 56 procedural water vertices (Ocean/Pools)
[+02:31:42.399] VoxelWater: Chunk X=6 Y=-25 Z=2 emitted 16 procedural water vertices (Ocean/Pools)
[+02:31:42.399] VoxelWater: Chunk X=6 Y=-24 Z=2 emitted 80 procedural water vertices (Ocean/Pools)
[+02:31:42.399] VoxelWater: Chunk X=6 Y=-24 Z=1 emitted 60 procedural water vertices (Ocean/Pools)
[+02:31:42.399] VoxelWater: Chunk X=6 Y=-27 Z=1 emitted 112 procedural water vertices (Ocean/Pools)
[+02:31:42.399] VoxelWater: Chunk X=7 Y=-26 Z=1 emitted 68 procedural water vertices (Ocean/Pools)
[+02:31:42.399] VoxelWater: Chunk X=8 Y=-26 Z=1 emitted 48 procedural water vertices (Ocean/Pools)
[+02:31:42.399] VoxelWater: Chunk X=3 Y=-26 Z=1 emitted 28 procedural water vertices (Ocean/Pools)
[+02:31:42.399] VoxelWater: Chunk X=5 Y=-23 Z=1 emitted 44 procedural water vertices (Ocean/Pools)
[+02:31:42.399] VoxelWater: Chunk X=5 Y=-24 Z=1 emitted 12 procedural water vertices (Ocean/Pools)
[+02:31:42.399] VoxelWater: Chunk X=4 Y=-24 Z=1 emitted 20 procedural water vertices (Ocean/Pools)
[+02:31:42.399] VoxelWater: Chunk X=8 Y=-27 Z=1 emitted 36 procedural water vertices (Ocean/Pools)
[+02:31:42.399] VoxelWater: Chunk X=7 Y=-27 Z=1 emitted 48 procedural water vertices (Ocean/Pools)
[+02:31:42.399] VoxelWater: Chunk X=5 Y=-28 Z=1 emitted 72 procedural water vertices (Ocean/Pools)
[+02:31:42.399] VoxelWater: Chunk X=5 Y=-23 Z=2 emitted 24 procedural water vertices (Ocean/Pools)
[+02:31:42.399] VoxelWater: Chunk X=5 Y=-27 Z=2 emitted 32 procedural water vertices (Ocean/Pools)
[+02:31:42.399] VoxelWater: Chunk X=6 Y=-27 Z=2 emitted 12 procedural water vertices (Ocean/Pools)
[+02:31:42.399] VoxelWater: Chunk X=3 Y=-23 Z=2 emitted 64 procedural water vertices (Ocean/Pools)
[+02:31:42.399] VoxelWater: Chunk X=3 Y=-24 Z=2 emitted 16 procedural water vertices (Ocean/Pools)
[+02:31:42.399] VoxelWater: Chunk X=3 Y=-26 Z=2 emitted 72 procedural water vertices (Ocean/Pools)
[+02:31:42.399] VoxelWater: Chunk X=4 Y=-23 Z=2 emitted 92 procedural water vertices (Ocean/Pools)
[+02:31:42.399] VoxelWater: Chunk X=6 Y=-28 Z=1 emitted 44 procedural water vertices (Ocean/Pools)
[+02:31:42.399] VoxelWater: Chunk X=7 Y=-26 Z=2 emitted 40 procedural water vertices (Ocean/Pools)
[+02:31:42.399] VoxelWater: Chunk X=6 Y=-22 Z=1 emitted 44 procedural water vertices (Ocean/Pools)
[+02:31:42.399] VoxelWater: Chunk X=4 Y=-27 Z=2 emitted 40 procedural water vertices (Ocean/Pools)
[+02:31:42.399] VoxelWater: Chunk X=2 Y=-23 Z=1 emitted 8 procedural water vertices (Ocean/Pools)
[+02:31:42.399] VoxelWater: Chunk X=2 Y=-24 Z=1 emitted 4 procedural water vertices (Ocean/Pools)
[+02:31:42.399] VoxelWater: Chunk X=3 Y=-23 Z=1 emitted 8 procedural water vertices (Ocean/Pools)
[+02:31:42.399] VoxelWater: Chunk X=8 Y=-23 Z=1 emitted 20 procedural water vertices (Ocean/Pools)
[+02:31:42.410] VoxelMesh: Chunk X=0 Y=0 Z=0 FlatVerts=5016 SlopeVerts=5400
[+02:31:42.411] VoxelChunk: GenerateAsync (5,-21,0)
[+02:31:42.415] VoxelMesh: Chunk X=0 Y=0 Z=0 FlatVerts=7380 SlopeVerts=234
[+02:31:42.416] VoxelChunk: GenerateAsync (7,-22,1)
[+02:31:42.417] VoxelMesh: Chunk X=7 Y=-22 Z=1 FlatVerts=2070 SlopeVerts=252
[+02:31:42.419] VoxelMesh: Chunk X=0 Y=0 Z=0 FlatVerts=0 SlopeVerts=1446
[+02:31:42.420] VoxelChunk: GenerateAsync (3,-27,2)
[+02:31:42.421] VoxelMesh: Chunk X=3 Y=-27 Z=2 FlatVerts=456 SlopeVerts=2856
[+02:31:42.424] VoxelMesh: Chunk X=0 Y=0 Z=0 FlatVerts=1368 SlopeVerts=462
[+02:31:42.424] VoxelChunk: GenerateAsync (1,-25,0)
[+02:31:42.438] VoxelChunk: GenerateAsync (2,-28,-1)
[+02:31:42.444] VoxelChunk: GenerateAsync (2,-22,-1)
[+02:31:42.450] VoxelChunk: GenerateAsync (8,-28,-1)
[+02:31:42.453] VoxelChunk: GenerateAsync (8,-22,-1)
[+02:31:42.465] VoxelMesh: Chunk X=0 Y=0 Z=0 FlatVerts=3702 SlopeVerts=4242
[+02:31:42.466] VoxelChunk: GenerateAsync (9,-24,0)
[+02:31:42.470] VoxelMesh: Chunk X=0 Y=0 Z=0 FlatVerts=1080 SlopeVerts=7668
[+02:31:42.470] VoxelChunk: GenerateAsync (5,-28,2)
[+02:31:42.472] VoxelMesh: Chunk X=5 Y=-28 Z=2 FlatVerts=402 SlopeVerts=858
[+02:31:42.476] VoxelMesh: Chunk X=0 Y=0 Z=0 FlatVerts=12 SlopeVerts=18
[+02:31:42.476] VoxelChunk: GenerateAsync (1,-24,0)
[+02:31:42.479] VoxelMesh: Chunk X=0 Y=0 Z=0 FlatVerts=2106 SlopeVerts=9186
[+02:31:42.481] VoxelChunk: GenerateAsync (2,-25,2)
[+02:31:42.482] VoxelMesh: Chunk X=2 Y=-25 Z=2 FlatVerts=6 SlopeVerts=0
[+02:31:42.492] VoxelMesh: Chunk X=0 Y=0 Z=0 FlatVerts=6504 SlopeVerts=3306
[+02:31:42.494] VoxelChunk: GenerateAsync (6,-21,0)
[+02:31:42.498] VoxelMesh: Chunk X=0 Y=0 Z=0 FlatVerts=2034 SlopeVerts=6444
[+02:31:42.499] VoxelChunk: GenerateAsync (4,-21,0)
[+02:31:42.503] VoxelMesh: Chunk X=0 Y=0 Z=0 FlatVerts=36 SlopeVerts=432
[+02:31:42.504] VoxelChunk: GenerateAsync (5,-22,2)
[+02:31:42.505] VoxelMesh: Chunk X=5 Y=-22 Z=2 FlatVerts=1266 SlopeVerts=3678
[+02:31:42.509] VoxelMesh: Chunk X=0 Y=0 Z=0 FlatVerts=2658 SlopeVerts=2772
[+02:31:42.509] VoxelChunk: GenerateAsync (6,-29,0)
[+02:31:42.522] VoxelMesh: Chunk X=0 Y=0 Z=0 FlatVerts=1806 SlopeVerts=27918
[+02:31:42.525] VoxelChunk: GenerateAsync (8,-25,2)
[+02:31:42.527] VoxelMesh: Chunk X=8 Y=-25 Z=2 FlatVerts=522 SlopeVerts=3024
[+02:31:42.531] VoxelChunk: GenerateAsync (9,-26,0)
[+02:31:42.534] VoxelMesh: Chunk X=0 Y=0 Z=0 FlatVerts=5256 SlopeVerts=1482
[+02:31:42.536] VoxelChunk: GenerateAsync (1,-26,0)
[+02:31:42.542] VoxelMesh: Chunk X=0 Y=0 Z=0 FlatVerts=1290 SlopeVerts=2280
[+02:31:42.543] VoxelChunk: GenerateAsync (4,-29,0)
[+02:31:42.558] VoxelChunk: GenerateAsync (8,-28,-2)
[+02:31:42.561] VoxelMesh: Chunk X=0 Y=0 Z=0 FlatVerts=5358 SlopeVerts=4734
[+02:31:42.562] VoxelChunk: GenerateAsync (2,-28,0)
[+02:31:42.566] VoxelMesh: Chunk X=0 Y=0 Z=0 FlatVerts=858 SlopeVerts=14016
[+02:31:42.568] VoxelChunk: GenerateAsync (8,-24,2)
[+02:31:42.570] VoxelMesh: Chunk X=8 Y=-24 Z=2 FlatVerts=222 SlopeVerts=3840
[+02:31:42.571] VoxelMesh: Chunk X=0 Y=0 Z=0 FlatVerts=78 SlopeVerts=3900
[+02:31:42.572] VoxelChunk: GenerateAsync (6,-28,2)
[+02:31:42.572] VoxelMesh: Chunk X=6 Y=-28 Z=2 FlatVerts=198 SlopeVerts=270
[+02:31:42.581] VoxelChunk: GenerateAsync (6,-22,2)
[+02:31:42.583] VoxelMesh: Chunk X=6 Y=-22 Z=2 FlatVerts=558 SlopeVerts=696
[+02:31:42.587] VoxelChunk: GenerateAsync (2,-22,-2)
[+02:31:42.590] VoxelMesh: Chunk X=0 Y=0 Z=0 FlatVerts=1080 SlopeVerts=2124
[+02:31:42.591] VoxelChunk: GenerateAsync (2,-26,2)
[+02:31:42.593] VoxelMesh: Chunk X=2 Y=-26 Z=2 FlatVerts=228 SlopeVerts=2472
[+02:31:42.595] VoxelMesh: Chunk X=0 Y=0 Z=0 FlatVerts=666 SlopeVerts=5910
[+02:31:42.596] VoxelChunk: GenerateAsync (4,-22,2)
[+02:31:42.597] VoxelMesh: Chunk X=4 Y=-22 Z=2 FlatVerts=366 SlopeVerts=2892
[+02:31:42.621] VoxelWater: Chunk X=5 Y=-26 Z=1 emitted 168 procedural water vertices (Ocean/Pools)
[+02:31:42.621] VoxelWater: Chunk X=4 Y=-26 Z=1 emitted 244 procedural water vertices (Ocean/Pools)
[+02:31:42.621] VoxelWater: Chunk X=4 Y=-25 Z=1 emitted 60 procedural water vertices (Ocean/Pools)
[+02:31:42.621] VoxelWater: Chunk X=5 Y=-25 Z=1 emitted 12 procedural water vertices (Ocean/Pools)
[+02:31:42.621] VoxelWater: Chunk X=6 Y=-25 Z=1 emitted 8 procedural water vertices (Ocean/Pools)
[+02:31:42.621] VoxelWater: Chunk X=6 Y=-23 Z=1 emitted 8 procedural water vertices (Ocean/Pools)
[+02:31:42.621] VoxelWater: Chunk X=4 Y=-27 Z=1 emitted 32 procedural water vertices (Ocean/Pools)
[+02:31:42.621] VoxelWater: Chunk X=5 Y=-27 Z=1 emitted 76 procedural water vertices (Ocean/Pools)
[+02:31:42.621] VoxelWater: Chunk X=4 Y=-26 Z=2 emitted 12 procedural water vertices (Ocean/Pools)
[+02:31:42.621] VoxelWater: Chunk X=4 Y=-25 Z=2 emitted 196 procedural water vertices (Ocean/Pools)
[+02:31:42.621] VoxelWater: Chunk X=4 Y=-25 Z=3 emitted 100 procedural water vertices (Ocean/Pools)
[+02:31:42.621] VoxelWater: Chunk X=4 Y=-24 Z=3 emitted 156 procedural water vertices (Ocean/Pools)
[+02:31:42.621] VoxelWater: Chunk X=5 Y=-25 Z=2 emitted 272 procedural water vertices (Ocean/Pools)
[+02:31:42.621] VoxelWater: Chunk X=4 Y=-24 Z=2 emitted 124 procedural water vertices (Ocean/Pools)
[+02:31:42.621] VoxelWater: Chunk X=4 Y=-24 Z=1 emitted 24 procedural water vertices (Ocean/Pools)
[+02:31:42.621] VoxelWater: Chunk X=5 Y=-25 Z=3 emitted 192 procedural water vertices (Ocean/Pools)
[+02:31:42.621] VoxelWater: Chunk X=5 Y=-24 Z=2 emitted 136 procedural water vertices (Ocean/Pools)
[+02:31:42.621] VoxelWater: Chunk X=5 Y=-24 Z=3 emitted 20 procedural water vertices (Ocean/Pools)
[+02:31:42.621] VoxelWater: Chunk X=6 Y=-24 Z=3 emitted 124 procedural water vertices (Ocean/Pools)
[+02:31:42.621] VoxelWater: Chunk X=6 Y=-26 Z=2 emitted 64 procedural water vertices (Ocean/Pools)
[+02:31:42.621] VoxelWater: Chunk X=6 Y=-26 Z=3 emitted 16 procedural water vertices (Ocean/Pools)
[+02:31:42.621] VoxelWater: Chunk X=6 Y=-25 Z=3 emitted 288 procedural water vertices (Ocean/Pools)
[+02:31:42.621] VoxelWater: Chunk X=6 Y=-26 Z=1 emitted 56 procedural water vertices (Ocean/Pools)
[+02:31:42.622] VoxelWater: Chunk X=6 Y=-25 Z=2 emitted 20 procedural water vertices (Ocean/Pools)
[+02:31:42.622] VoxelWater: Chunk X=6 Y=-24 Z=2 emitted 84 procedural water vertices (Ocean/Pools)
[+02:31:42.622] VoxelWater: Chunk X=6 Y=-24 Z=1 emitted 60 procedural water vertices (Ocean/Pools)
[+02:31:42.622] VoxelWater: Chunk X=7 Y=-27 Z=1 emitted 64 procedural water vertices (Ocean/Pools)
[+02:31:42.622] VoxelWater: Chunk X=6 Y=-27 Z=1 emitted 120 procedural water vertices (Ocean/Pools)
[+02:31:42.622] VoxelWater: Chunk X=7 Y=-26 Z=1 emitted 88 procedural water vertices (Ocean/Pools)
[+02:31:42.622] VoxelWater: Chunk X=8 Y=-26 Z=1 emitted 56 procedural water vertices (Ocean/Pools)
[+02:31:42.622] VoxelWater: Chunk X=3 Y=-26 Z=1 emitted 28 procedural water vertices (Ocean/Pools)
[+02:31:42.622] VoxelWater: Chunk X=5 Y=-23 Z=1 emitted 48 procedural water vertices (Ocean/Pools)
[+02:31:42.622] VoxelWater: Chunk X=7 Y=-24 Z=1 emitted 4 procedural water vertices (Ocean/Pools)
[+02:31:42.622] VoxelWater: Chunk X=5 Y=-24 Z=1 emitted 12 procedural water vertices (Ocean/Pools)
[+02:31:42.622] VoxelWater: Chunk X=3 Y=-23 Z=1 emitted 16 procedural water vertices (Ocean/Pools)
[+02:31:42.622] VoxelWater: Chunk X=8 Y=-27 Z=1 emitted 60 procedural water vertices (Ocean/Pools)
[+02:31:42.622] VoxelWater: Chunk X=5 Y=-28 Z=1 emitted 80 procedural water vertices (Ocean/Pools)
[+02:31:42.622] VoxelWater: Chunk X=5 Y=-23 Z=2 emitted 28 procedural water vertices (Ocean/Pools)
[+02:31:42.622] VoxelWater: Chunk X=5 Y=-27 Z=2 emitted 40 procedural water vertices (Ocean/Pools)
[+02:31:42.622] VoxelWater: Chunk X=6 Y=-27 Z=2 emitted 12 procedural water vertices (Ocean/Pools)
[+02:31:42.622] VoxelWater: Chunk X=3 Y=-23 Z=2 emitted 68 procedural water vertices (Ocean/Pools)
[+02:31:42.622] VoxelWater: Chunk X=3 Y=-24 Z=2 emitted 16 procedural water vertices (Ocean/Pools)
[+02:31:42.622] VoxelWater: Chunk X=3 Y=-26 Z=2 emitted 72 procedural water vertices (Ocean/Pools)
[+02:31:42.622] VoxelWater: Chunk X=4 Y=-23 Z=2 emitted 100 procedural water vertices (Ocean/Pools)
[+02:31:42.622] VoxelWater: Chunk X=4 Y=-22 Z=2 emitted 4 procedural water vertices (Ocean/Pools)
[+02:31:42.622] VoxelWater: Chunk X=6 Y=-28 Z=1 emitted 48 procedural water vertices (Ocean/Pools)
[+02:31:42.622] VoxelWater: Chunk X=7 Y=-26 Z=2 emitted 40 procedural water vertices (Ocean/Pools)
[+02:31:42.622] VoxelWater: Chunk X=6 Y=-22 Z=1 emitted 68 procedural water vertices (Ocean/Pools)
[+02:31:42.622] VoxelWater: Chunk X=2 Y=-24 Z=1 emitted 4 procedural water vertices (Ocean/Pools)
[+02:31:42.622] VoxelWater: Chunk X=4 Y=-27 Z=2 emitted 40 procedural water vertices (Ocean/Pools)
[+02:31:42.622] VoxelWater: Chunk X=2 Y=-23 Z=1 emitted 8 procedural water vertices (Ocean/Pools)
[+02:31:42.622] VoxelWater: Chunk X=8 Y=-23 Z=1 emitted 24 procedural water vertices (Ocean/Pools)
[+02:31:42.622] VoxelWater: Chunk X=7 Y=-22 Z=1 emitted 24 procedural water vertices (Ocean/Pools)
[+02:31:42.622] VoxelWater: Chunk X=3 Y=-27 Z=2 emitted 68 procedural water vertices (Ocean/Pools)
[+02:31:42.622] VoxelWater: Chunk X=5 Y=-28 Z=2 emitted 28 procedural water vertices (Ocean/Pools)
[+02:31:42.622] VoxelWater: Chunk X=5 Y=-22 Z=2 emitted 48 procedural water vertices (Ocean/Pools)
[+02:31:42.622] VoxelWater: Chunk X=8 Y=-25 Z=2 emitted 28 procedural water vertices (Ocean/Pools)
[+02:31:42.622] VoxelWater: Chunk X=8 Y=-24 Z=2 emitted 24 procedural water vertices (Ocean/Pools)
[+02:31:42.622] VoxelWater: Chunk X=6 Y=-28 Z=2 emitted 12 procedural water vertices (Ocean/Pools)
[+02:31:42.622] VoxelWater: Chunk X=6 Y=-22 Z=2 emitted 8 procedural water vertices (Ocean/Pools)
[+02:31:42.623] VoxelWater: Chunk X=2 Y=-26 Z=2 emitted 44 procedural water vertices (Ocean/Pools)
[+02:31:42.636] VoxelChunk: GenerateAsync (2,-28,-2)
[+02:31:42.639] VoxelMesh: Chunk X=0 Y=0 Z=0 FlatVerts=1806 SlopeVerts=10434
[+02:31:42.641] VoxelChunk: GenerateAsync (4,-28,2)
[+02:31:42.642] VoxelMesh: Chunk X=4 Y=-28 Z=2 FlatVerts=1368 SlopeVerts=2424
[+02:31:42.645] VoxelMesh: Chunk X=0 Y=0 Z=0 FlatVerts=2340 SlopeVerts=21498
[+02:31:42.647] VoxelChunk: GenerateAsync (2,-24,2)
[+02:31:42.649] VoxelMesh: Chunk X=2 Y=-24 Z=2 FlatVerts=132 SlopeVerts=3114
[+02:31:42.652] VoxelMesh: Chunk X=0 Y=0 Z=0 FlatVerts=1746 SlopeVerts=26058
[+02:31:42.654] VoxelChunk: GenerateAsync (8,-26,2)
[+02:31:42.656] VoxelMesh: Chunk X=8 Y=-26 Z=2 FlatVerts=216 SlopeVerts=2160
[+02:31:42.667] VoxelMesh: Chunk X=0 Y=0 Z=0 FlatVerts=7710 SlopeVerts=0
[+02:31:42.669] VoxelChunk: GenerateAsync (8,-22,0)
[+02:31:42.673] VoxelMesh: Chunk X=0 Y=0 Z=0 FlatVerts=4578 SlopeVerts=2358
[+02:31:42.674] VoxelChunk: GenerateAsync (8,-28,0)
[+02:31:42.680] VoxelMesh: Chunk X=0 Y=0 Z=0 FlatVerts=78 SlopeVerts=882
[+02:31:42.680] VoxelChunk: GenerateAsync (2,-22,0)
[+02:31:42.685] VoxelChunk: GenerateAsync (8,-22,-2)
[+02:31:42.696] VoxelChunk: GenerateAsync (5,-27,3)
[+02:31:42.698] VoxelChunk: GenerateAsync (3,-25,3)
[+02:31:42.699] VoxelMesh: Chunk X=3 Y=-25 Z=3 FlatVerts=1206 SlopeVerts=4434
[+02:31:42.702] VoxelMesh: Chunk X=0 Y=0 Z=0 FlatVerts=924 SlopeVerts=8394
[+02:31:42.703] VoxelChunk: GenerateAsync (5,-29,1)
[+02:31:42.704] VoxelMesh: Chunk X=5 Y=-29 Z=1 FlatVerts=2496 SlopeVerts=630
[+02:31:42.706] VoxelMesh: Chunk X=0 Y=0 Z=0 FlatVerts=6114 SlopeVerts=9390
[+02:31:42.708] VoxelChunk: GenerateAsync (5,-21,1)
[+02:31:42.708] VoxelMesh: Chunk X=5 Y=-21 Z=1 FlatVerts=42 SlopeVerts=486
[+02:31:42.720] VoxelChunk: GenerateAsync (5,-23,3)
[+02:31:42.724] VoxelMesh: Chunk X=0 Y=0 Z=0 FlatVerts=1290 SlopeVerts=22314
[+02:31:42.725] VoxelChunk: GenerateAsync (7,-25,3)
[+02:31:42.726] VoxelMesh: Chunk X=7 Y=-25 Z=3 FlatVerts=0 SlopeVerts=1368
[+02:31:42.730] VoxelMesh: Chunk X=0 Y=0 Z=0 FlatVerts=1014 SlopeVerts=11292
[+02:31:42.731] VoxelChunk: GenerateAsync (9,-25,1)
[+02:31:42.732] VoxelMesh: Chunk X=9 Y=-25 Z=1 FlatVerts=36 SlopeVerts=96
[+02:31:42.735] VoxelMesh: Chunk X=0 Y=0 Z=0 FlatVerts=5754 SlopeVerts=11784
[+02:31:42.737] VoxelChunk: GenerateAsync (1,-25,1)
[+02:31:42.750] VoxelChunk: GenerateAsync (4,-26,0)
[+02:31:42.750] VoxelChunk: GenerateAsync (5,-26,0)
[+02:31:42.750] VoxelChunk: GenerateAsync (4,-25,0)
[+02:31:42.750] VoxelChunk: GenerateAsync (5,-25,0)
[+02:31:42.750] VoxelChunk: GenerateAsync (4,-26,3)
[+02:31:42.750] VoxelChunk: GenerateAsync (4,-25,3)
[+02:31:42.750] VoxelChunk: GenerateAsync (4,-24,3)
[+02:31:42.750] VoxelChunk: GenerateAsync (5,-26,3)
[+02:31:42.750] VoxelChunk: GenerateAsync (5,-25,3)
[+02:31:42.750] VoxelChunk: GenerateAsync (5,-24,3)
[+02:31:42.750] VoxelChunk: GenerateAsync (6,-26,3)
[+02:31:42.750] VoxelChunk: GenerateAsync (6,-25,3)
[+02:31:42.750] VoxelChunk: GenerateAsync (6,-24,3)
[+02:31:42.750] VoxelChunk: GenerateAsync (7,-23,-3)
[+02:31:42.750] VoxelChunk: GenerateAsync (5,-22,-3)
[+02:31:42.750] VoxelChunk: GenerateAsync (8,-25,-3)
[+02:31:42.750] VoxelChunk: GenerateAsync (4,-22,-3)
[+02:31:42.750] VoxelChunk: GenerateAsync (8,-26,-3)
[+02:31:42.750] VoxelChunk: GenerateAsync (2,-23,-3)
[+02:31:42.750] VoxelChunk: GenerateAsync (3,-28,1)
[+02:31:42.750] VoxelChunk: GenerateAsync (7,-23,2)
[+02:31:42.750] VoxelChunk: GenerateAsync (7,-22,-3)
[+02:31:42.750] VoxelChunk: GenerateAsync (7,-27,2)
[+02:31:42.750] VoxelChunk: GenerateAsync (2,-27,1)
[+02:31:42.750] VoxelChunk: GenerateAsync (2,-23,1)
[+02:31:42.750] VoxelChunk: GenerateAsync (3,-23,2)
[+02:31:42.750] VoxelChunk: GenerateAsync (8,-27,-3)
[+02:31:42.750] VoxelChunk: GenerateAsync (5,-29,0)
[+02:31:42.750] VoxelChunk: GenerateAsync (3,-22,-3)
[+02:31:42.750] VoxelChunk: GenerateAsync (8,-23,1)
[+02:31:42.750] VoxelChunk: GenerateAsync (7,-28,-3)
[+02:31:42.750] VoxelChunk: GenerateAsync (3,-22,1)
[+02:31:42.750] VoxelChunk: GenerateAsync (9,-25,0)
[+02:31:42.750] VoxelChunk: GenerateAsync (5,-21,0)
[+02:31:42.750] VoxelChunk: GenerateAsync (7,-22,1)
[+02:31:42.750] VoxelChunk: GenerateAsync (3,-27,2)
[+02:31:42.750] VoxelChunk: GenerateAsync (1,-25,0)
[+02:31:42.750] VoxelChunk: GenerateAsync (9,-24,0)
[+02:31:42.750] VoxelChunk: GenerateAsync (5,-28,2)
[+02:31:42.750] VoxelMesh: Chunk X=4 Y=-26 Z=3 FlatVerts=0 SlopeVerts=0
[+02:31:42.750] VoxelChunk: GenerateAsync (1,-24,0)
[+02:31:42.750] VoxelChunk: GenerateAsync (2,-25,2)
[+02:31:42.750] VoxelChunk: GenerateAsync (6,-21,0)
[+02:31:42.750] VoxelChunk: GenerateAsync (4,-21,0)
[+02:31:42.750] VoxelChunk: GenerateAsync (5,-22,2)
[+02:31:42.750] VoxelChunk: GenerateAsync (6,-29,0)
[+02:31:42.750] VoxelChunk: GenerateAsync (8,-25,2)
[+02:31:42.750] VoxelChunk: GenerateAsync (9,-26,0)
[+02:31:42.750] VoxelChunk: GenerateAsync (1,-26,0)
[+02:31:42.750] VoxelChunk: GenerateAsync (4,-29,0)
[+02:31:42.750] VoxelChunk: GenerateAsync (2,-28,0)
[+02:31:42.750] VoxelChunk: GenerateAsync (8,-24,2)
[+02:31:42.750] VoxelChunk: GenerateAsync (6,-28,2)
[+02:31:42.750] VoxelChunk: GenerateAsync (6,-22,2)
[+02:31:42.750] VoxelChunk: GenerateAsync (2,-26,2)
[+02:31:42.751] VoxelChunk: GenerateAsync (4,-22,2)
[+02:31:42.751] VoxelChunk: GenerateAsync (4,-28,2)
[+02:31:42.751] VoxelChunk: GenerateAsync (2,-24,2)
[+02:31:42.751] VoxelChunk: GenerateAsync (8,-26,2)
[+02:31:42.751] VoxelMesh: Chunk X=4 Y=-24 Z=3 FlatVerts=96 SlopeVerts=84
[+02:31:42.751] VoxelMesh: Chunk X=5 Y=-25 Z=3 FlatVerts=48 SlopeVerts=84
[+02:31:42.751] VoxelChunk: GenerateAsync (8,-22,0)
[+02:31:42.751] VoxelMesh: Chunk X=5 Y=-26 Z=3 FlatVerts=0 SlopeVerts=0
[+02:31:42.751] VoxelChunk: GenerateAsync (8,-28,0)
[+02:31:42.751] VoxelChunk: GenerateAsync (2,-22,0)
[+02:31:42.751] VoxelChunk: GenerateAsync (5,-27,3)
[+02:31:42.751] VoxelMesh: Chunk X=4 Y=-25 Z=3 FlatVerts=66 SlopeVerts=156
[+02:31:42.751] VoxelChunk: GenerateAsync (3,-25,3)
[+02:31:42.751] VoxelChunk: GenerateAsync (5,-29,1)
[+02:31:42.751] VoxelChunk: GenerateAsync (5,-21,1)
[+02:31:42.751] VoxelChunk: GenerateAsync (5,-23,3)
[+02:31:42.751] VoxelChunk: GenerateAsync (7,-25,3)
[+02:31:42.751] VoxelChunk: GenerateAsync (9,-25,1)
[+02:31:42.751] VoxelChunk: GenerateAsync (1,-25,1)
[+02:31:42.751] VoxelMesh: Chunk X=5 Y=-24 Z=3 FlatVerts=0 SlopeVerts=6
[+02:31:42.751] VoxelMesh: Chunk X=6 Y=-26 Z=3 FlatVerts=0 SlopeVerts=36
[+02:31:42.751] VoxelMesh: Chunk X=6 Y=-24 Z=3 FlatVerts=0 SlopeVerts=156
[+02:31:42.751] VoxelMesh: Chunk X=6 Y=-25 Z=3 FlatVerts=12 SlopeVerts=168
[+02:31:42.753] VoxelMesh: Chunk X=8 Y=-22 Z=-2 FlatVerts=444 SlopeVerts=4644
[+02:31:42.753] VoxelMesh: Chunk X=7 Y=-23 Z=2 FlatVerts=0 SlopeVerts=276
[+02:31:42.753] VoxelMesh: Chunk X=3 Y=-28 Z=1 FlatVerts=132 SlopeVerts=12
[+02:31:42.754] VoxelChunk: GenerateAsync (3,-24,3)
[+02:31:42.755] VoxelMesh: Chunk X=2 Y=-23 Z=1 FlatVerts=90 SlopeVerts=108
[+02:31:42.755] VoxelMesh: Chunk X=3 Y=-23 Z=2 FlatVerts=138 SlopeVerts=1062
[+02:31:42.756] VoxelMesh: Chunk X=8 Y=-23 Z=1 FlatVerts=480 SlopeVerts=114
[+02:31:42.757] VoxelMesh: Chunk X=3 Y=-22 Z=1 FlatVerts=0 SlopeVerts=0
[+02:31:42.758] VoxelMesh: Chunk X=7 Y=-22 Z=1 FlatVerts=516 SlopeVerts=6
[+02:31:42.758] VoxelChunk: GenerateAsync (3,-21,0)
[+02:31:42.758] VoxelMesh: Chunk X=3 Y=-27 Z=2 FlatVerts=204 SlopeVerts=492
[+02:31:42.758] VoxelMesh: Chunk X=5 Y=-28 Z=2 FlatVerts=144 SlopeVerts=120
[+02:31:42.759] VoxelMesh: Chunk X=5 Y=-22 Z=2 FlatVerts=420 SlopeVerts=624
[+02:31:42.759] VoxelMesh: Chunk X=2 Y=-25 Z=2 FlatVerts=0 SlopeVerts=0
[+02:31:42.760] VoxelMesh: Chunk X=8 Y=-24 Z=2 FlatVerts=0 SlopeVerts=186
[+02:31:42.760] VoxelMesh: Chunk X=8 Y=-25 Z=2 FlatVerts=108 SlopeVerts=684
[+02:31:42.760] VoxelMesh: Chunk X=6 Y=-22 Z=2 FlatVerts=90 SlopeVerts=12
[+02:31:42.762] VoxelChunk: GenerateAsync (1,-26,1)
[+02:31:42.762] VoxelMesh: Chunk X=6 Y=-28 Z=2 FlatVerts=54 SlopeVerts=60
[+02:31:42.762] VoxelMesh: Chunk X=4 Y=-28 Z=2 FlatVerts=492 SlopeVerts=360
[+02:31:42.762] VoxelMesh: Chunk X=2 Y=-26 Z=2 FlatVerts=54 SlopeVerts=558
[+02:31:42.762] VoxelMesh: Chunk X=4 Y=-22 Z=2 FlatVerts=102 SlopeVerts=552
[+02:31:42.763] VoxelChunk: GenerateAsync (6,-23,3)
[+02:31:42.763] VoxelMesh: Chunk X=8 Y=-26 Z=2 FlatVerts=84 SlopeVerts=474
[+02:31:42.763] VoxelMesh: Chunk X=2 Y=-24 Z=2 FlatVerts=72 SlopeVerts=678
[+02:31:42.763] VoxelMesh: Chunk X=3 Y=-25 Z=3 FlatVerts=168 SlopeVerts=72
[+02:31:42.764] VoxelMesh: Chunk X=5 Y=-23 Z=3 FlatVerts=0 SlopeVerts=0
[+02:31:42.764] VoxelMesh: Chunk X=7 Y=-25 Z=3 FlatVerts=0 SlopeVerts=84
[+02:31:42.764] VoxelMesh: Chunk X=5 Y=-29 Z=1 FlatVerts=612 SlopeVerts=12
[+02:31:42.764] VoxelMesh: Chunk X=5 Y=-21 Z=1 FlatVerts=0 SlopeVerts=90
[+02:31:42.765] VoxelMesh: Chunk X=9 Y=-25 Z=1 FlatVerts=24 SlopeVerts=12
[+02:31:42.765] VoxelMesh: Chunk X=1 Y=-25 Z=1 FlatVerts=0 SlopeVerts=0
[+02:31:42.766] VoxelMesh: Chunk X=3 Y=-24 Z=3 FlatVerts=444 SlopeVerts=4644
[+02:31:42.778] VoxelChunk: GenerateAsync (7,-21,0)
[+02:31:42.780] VoxelChunk: GenerateAsync (1,-27,0)
[+02:31:42.780] VoxelMesh: Chunk X=2 Y=-22 Z=-1 FlatVerts=0 SlopeVerts=1356
[+02:31:42.781] VoxelChunk: GenerateAsync (7,-26,3)
[+02:31:42.782] VoxelChunk: GenerateAsync (9,-27,0)
[+02:31:42.783] VoxelMesh: Chunk X=7 Y=-26 Z=3 FlatVerts=0 SlopeVerts=1356
[+02:31:42.790] VoxelMesh: Chunk X=3 Y=-22 Z=-2 FlatVerts=72 SlopeVerts=48
[+02:31:42.790] VoxelChunk: GenerateAsync (6,-21,1)
[+02:31:42.791] VoxelMesh: Chunk X=6 Y=-21 Z=1 FlatVerts=72 SlopeVerts=48
[+02:31:42.791] VoxelMesh: Chunk X=2 Y=-27 Z=-2 FlatVerts=54 SlopeVerts=762
[+02:31:42.792] VoxelChunk: GenerateAsync (4,-21,1)
[+02:31:42.793] VoxelMesh: Chunk X=3 Y=-28 Z=-2 FlatVerts=1542 SlopeVerts=594
[+02:31:42.793] VoxelMesh: Chunk X=4 Y=-21 Z=1 FlatVerts=54 SlopeVerts=762
[+02:31:42.793] VoxelChunk: GenerateAsync (4,-29,1)
[+02:31:42.794] VoxelChunk: GenerateAsync (1,-23,0)
[+02:31:42.794] VoxelMesh: Chunk X=4 Y=-29 Z=1 FlatVerts=1542 SlopeVerts=594
[+02:31:42.812] VoxelWater: Chunk X=4 Y=-26 Z=1 emitted 260 procedural water vertices (Ocean/Pools)
[+02:31:42.812] VoxelWater: Chunk X=5 Y=-26 Z=1 emitted 192 procedural water vertices (Ocean/Pools)
[+02:31:42.813] VoxelWater: Chunk X=5 Y=-25 Z=1 emitted 12 procedural water vertices (Ocean/Pools)
[+02:31:42.813] VoxelWater: Chunk X=4 Y=-25 Z=1 emitted 84 procedural water vertices (Ocean/Pools)
[+02:31:42.813] VoxelWater: Chunk X=6 Y=-25 Z=1 emitted 12 procedural water vertices (Ocean/Pools)
[+02:31:42.813] VoxelWater: Chunk X=7 Y=-24 Z=1 emitted 4 procedural water vertices (Ocean/Pools)
[+02:31:42.813] VoxelWater: Chunk X=8 Y=-24 Z=1 emitted 4 procedural water vertices (Ocean/Pools)
[+02:31:42.813] VoxelWater: Chunk X=6 Y=-23 Z=1 emitted 8 procedural water vertices (Ocean/Pools)
[+02:31:42.813] VoxelWater: Chunk X=4 Y=-27 Z=1 emitted 36 procedural water vertices (Ocean/Pools)
[+02:31:42.813] VoxelWater: Chunk X=5 Y=-27 Z=1 emitted 84 procedural water vertices (Ocean/Pools)
[+02:31:42.813] VoxelWater: Chunk X=4 Y=-26 Z=2 emitted 12 procedural water vertices (Ocean/Pools)
[+02:31:42.813] VoxelWater: Chunk X=4 Y=-25 Z=2 emitted 240 procedural water vertices (Ocean/Pools)
[+02:31:42.813] VoxelWater: Chunk X=4 Y=-25 Z=3 emitted 168 procedural water vertices (Ocean/Pools)
[+02:31:42.813] VoxelWater: Chunk X=5 Y=-25 Z=2 emitted 292 procedural water vertices (Ocean/Pools)
[+02:31:42.813] VoxelWater: Chunk X=4 Y=-24 Z=2 emitted 132 procedural water vertices (Ocean/Pools)
[+02:31:42.813] VoxelWater: Chunk X=4 Y=-24 Z=3 emitted 132 procedural water vertices (Ocean/Pools)
[+02:31:42.813] VoxelWater: Chunk X=4 Y=-24 Z=1 emitted 28 procedural water vertices (Ocean/Pools)
[+02:31:42.813] VoxelWater: Chunk X=5 Y=-25 Z=3 emitted 192 procedural water vertices (Ocean/Pools)
[+02:31:42.813] VoxelWater: Chunk X=6 Y=-25 Z=2 emitted 20 procedural water vertices (Ocean/Pools)
[+02:31:42.813] VoxelWater: Chunk X=5 Y=-24 Z=2 emitted 140 procedural water vertices (Ocean/Pools)
[+02:31:42.813] VoxelWater: Chunk X=5 Y=-24 Z=3 emitted 20 procedural water vertices (Ocean/Pools)
[+02:31:42.813] VoxelWater: Chunk X=6 Y=-24 Z=3 emitted 140 procedural water vertices (Ocean/Pools)
[+02:31:42.813] VoxelWater: Chunk X=6 Y=-26 Z=2 emitted 64 procedural water vertices (Ocean/Pools)
[+02:31:42.813] VoxelWater: Chunk X=6 Y=-26 Z=3 emitted 16 procedural water vertices (Ocean/Pools)
[+02:31:42.813] VoxelWater: Chunk X=6 Y=-25 Z=3 emitted 304 procedural water vertices (Ocean/Pools)
[+02:31:42.813] VoxelWater: Chunk X=6 Y=-26 Z=1 emitted 64 procedural water vertices (Ocean/Pools)
[+02:31:42.813] VoxelWater: Chunk X=6 Y=-24 Z=2 emitted 96 procedural water vertices (Ocean/Pools)
[+02:31:42.813] VoxelWater: Chunk X=6 Y=-24 Z=1 emitted 64 procedural water vertices (Ocean/Pools)
[+02:31:42.813] VoxelWater: Chunk X=6 Y=-27 Z=1 emitted 164 procedural water vertices (Ocean/Pools)
[+02:31:42.813] VoxelWater: Chunk X=7 Y=-27 Z=1 emitted 96 procedural water vertices (Ocean/Pools)
[+02:31:42.813] VoxelWater: Chunk X=7 Y=-26 Z=1 emitted 112 procedural water vertices (Ocean/Pools)
[+02:31:42.813] VoxelWater: Chunk X=8 Y=-26 Z=1 emitted 60 procedural water vertices (Ocean/Pools)
[+02:31:42.813] VoxelWater: Chunk X=3 Y=-26 Z=1 emitted 20 procedural water vertices (Ocean/Pools)
[+02:31:42.813] VoxelWater: Chunk X=5 Y=-23 Z=1 emitted 52 procedural water vertices (Ocean/Pools)
[+02:31:42.813] VoxelWater: Chunk X=5 Y=-24 Z=1 emitted 16 procedural water vertices (Ocean/Pools)
[+02:31:42.813] VoxelWater: Chunk X=3 Y=-23 Z=1 emitted 16 procedural water vertices (Ocean/Pools)
[+02:31:42.814] VoxelWater: Chunk X=8 Y=-27 Z=1 emitted 84 procedural water vertices (Ocean/Pools)
[+02:31:42.814] VoxelWater: Chunk X=5 Y=-28 Z=1 emitted 80 procedural water vertices (Ocean/Pools)
[+02:31:42.814] VoxelWater: Chunk X=5 Y=-29 Z=1 emitted 124 procedural water vertices (Ocean/Pools)
[+02:31:42.814] VoxelWater: Chunk X=8 Y=-25 Z=2 emitted 36 procedural water vertices (Ocean/Pools)
[+02:31:42.814] VoxelWater: Chunk X=9 Y=-25 Z=1 emitted 8 procedural water vertices (Ocean/Pools)
[+02:31:42.814] VoxelWater: Chunk X=5 Y=-23 Z=2 emitted 28 procedural water vertices (Ocean/Pools)
[+02:31:42.814] VoxelWater: Chunk X=5 Y=-22 Z=2 emitted 100 procedural water vertices (Ocean/Pools)
[+02:31:42.814] VoxelWater: Chunk X=5 Y=-27 Z=2 emitted 48 procedural water vertices (Ocean/Pools)
[+02:31:42.814] VoxelWater: Chunk X=5 Y=-28 Z=2 emitted 52 procedural water vertices (Ocean/Pools)
[+02:31:42.814] VoxelWater: Chunk X=6 Y=-27 Z=2 emitted 12 procedural water vertices (Ocean/Pools)
[+02:31:42.814] VoxelWater: Chunk X=3 Y=-23 Z=2 emitted 84 procedural water vertices (Ocean/Pools)
[+02:31:42.814] VoxelWater: Chunk X=3 Y=-24 Z=2 emitted 28 procedural water vertices (Ocean/Pools)
[+02:31:42.814] VoxelWater: Chunk X=3 Y=-26 Z=2 emitted 76 procedural water vertices (Ocean/Pools)
[+02:31:42.814] VoxelWater: Chunk X=4 Y=-23 Z=2 emitted 108 procedural water vertices (Ocean/Pools)
[+02:31:42.814] VoxelWater: Chunk X=4 Y=-22 Z=2 emitted 24 procedural water vertices (Ocean/Pools)
[+02:31:42.814] VoxelWater: Chunk X=4 Y=-21 Z=1 emitted 4 procedural water vertices (Ocean/Pools)
[+02:31:42.814] VoxelWater: Chunk X=5 Y=-21 Z=1 emitted 24 procedural water vertices (Ocean/Pools)
[+02:31:42.814] VoxelWater: Chunk X=6 Y=-28 Z=1 emitted 64 procedural water vertices (Ocean/Pools)
[+02:31:42.814] VoxelWater: Chunk X=6 Y=-28 Z=2 emitted 16 procedural water vertices (Ocean/Pools)
[+02:31:42.814] VoxelWater: Chunk X=7 Y=-26 Z=2 emitted 40 procedural water vertices (Ocean/Pools)
[+02:31:42.814] VoxelWater: Chunk X=6 Y=-22 Z=1 emitted 68 procedural water vertices (Ocean/Pools)
[+02:31:42.814] VoxelWater: Chunk X=2 Y=-24 Z=1 emitted 4 procedural water vertices (Ocean/Pools)
[+02:31:42.814] VoxelWater: Chunk X=4 Y=-27 Z=2 emitted 40 procedural water vertices (Ocean/Pools)
[+02:31:42.814] VoxelWater: Chunk X=2 Y=-23 Z=1 emitted 16 procedural water vertices (Ocean/Pools)
[+02:31:42.814] VoxelWater: Chunk X=8 Y=-23 Z=1 emitted 52 procedural water vertices (Ocean/Pools)
[+02:31:42.814] VoxelWater: Chunk X=7 Y=-22 Z=1 emitted 44 procedural water vertices (Ocean/Pools)
[+02:31:42.814] VoxelWater: Chunk X=3 Y=-27 Z=1 emitted 4 procedural water vertices (Ocean/Pools)
[+02:31:42.814] VoxelWater: Chunk X=3 Y=-27 Z=2 emitted 84 procedural water vertices (Ocean/Pools)
[+02:31:42.814] VoxelWater: Chunk X=8 Y=-26 Z=2 emitted 28 procedural water vertices (Ocean/Pools)
[+02:31:42.814] VoxelWater: Chunk X=8 Y=-24 Z=2 emitted 40 procedural water vertices (Ocean/Pools)
[+02:31:42.814] VoxelWater: Chunk X=6 Y=-22 Z=2 emitted 12 procedural water vertices (Ocean/Pools)
[+02:31:42.814] VoxelWater: Chunk X=2 Y=-26 Z=2 emitted 32 procedural water vertices (Ocean/Pools)
[+02:31:42.814] VoxelWater: Chunk X=4 Y=-28 Z=1 emitted 4 procedural water vertices (Ocean/Pools)
[+02:31:42.814] VoxelWater: Chunk X=4 Y=-28 Z=2 emitted 32 procedural water vertices (Ocean/Pools)
[+02:31:42.814] VoxelWater: Chunk X=2 Y=-24 Z=2 emitted 16 procedural water vertices (Ocean/Pools)
[+02:31:42.814] VoxelWater: Chunk X=3 Y=-24 Z=3 emitted 28 procedural water vertices (Ocean/Pools)
[+02:31:42.814] VoxelWater: Chunk X=3 Y=-25 Z=3 emitted 60 procedural water vertices (Ocean/Pools)
[+02:31:42.814] VoxelWater: Chunk X=7 Y=-25 Z=3 emitted 68 procedural water vertices (Ocean/Pools)
[+02:31:42.822] VoxelChunk: GenerateAsync (9,-23,0)
[+02:31:42.823] VoxelChunk: GenerateAsync (3,-29,0)
[+02:31:42.823] VoxelMesh: Chunk X=7 Y=-28 Z=-2 FlatVerts=156 SlopeVerts=162
[+02:31:42.823] VoxelChunk: GenerateAsync (9,-26,1)
[+02:31:42.824] VoxelMesh: Chunk X=7 Y=-22 Z=-2 FlatVerts=228 SlopeVerts=252
[+02:31:42.824] VoxelMesh: Chunk X=9 Y=-26 Z=1 FlatVerts=156 SlopeVerts=162
[+02:31:42.824] VoxelChunk: GenerateAsync (1,-24,1)
[+02:31:42.824] VoxelMesh: Chunk X=1 Y=-24 Z=1 FlatVerts=228 SlopeVerts=252
[+02:31:42.831] VoxelMesh: Chunk X=2 Y=-23 Z=-1 FlatVerts=84 SlopeVerts=738
[+02:31:42.831] VoxelChunk: GenerateAsync (4,-23,3)
[+02:31:42.831] VoxelMesh: Chunk X=8 Y=-23 Z=-1 FlatVerts=0 SlopeVerts=0
[+02:31:42.831] VoxelChunk: GenerateAsync (4,-27,3)
[+02:31:42.831] VoxelMesh: Chunk X=4 Y=-23 Z=3 FlatVerts=84 SlopeVerts=738
[+02:31:42.832] VoxelMesh: Chunk X=8 Y=-27 Z=-1 FlatVerts=12 SlopeVerts=6
[+02:31:42.832] VoxelMesh: Chunk X=4 Y=-27 Z=3 FlatVerts=0 SlopeVerts=0
[+02:31:42.832] VoxelChunk: GenerateAsync (9,-24,1)
[+02:31:42.832] VoxelChunk: GenerateAsync (6,-27,3)
[+02:31:42.832] VoxelMesh: Chunk X=9 Y=-24 Z=1 FlatVerts=12 SlopeVerts=6
[+02:31:42.839] VoxelMesh: Chunk X=7 Y=-28 Z=-1 FlatVerts=0 SlopeVerts=672
[+02:31:42.840] VoxelChunk: GenerateAsync (7,-24,3)
[+02:31:42.840] VoxelChunk: GenerateAsync (7,-29,0)
[+02:31:42.840] VoxelMesh: Chunk X=7 Y=-24 Z=3 FlatVerts=0 SlopeVerts=672
[+02:31:42.841] VoxelMesh: Chunk X=3 Y=-22 Z=-1 FlatVerts=72 SlopeVerts=708
[+02:31:42.841] VoxelChunk: GenerateAsync (3,-26,3)
[+02:31:42.841] VoxelMesh: Chunk X=3 Y=-28 Z=-1 FlatVerts=672 SlopeVerts=60
[+02:31:42.841] VoxelMesh: Chunk X=3 Y=-26 Z=3 FlatVerts=72 SlopeVerts=708
[+02:31:42.841] VoxelChunk: GenerateAsync (6,-29,1)
[+02:31:42.842] VoxelMesh: Chunk X=6 Y=-29 Z=1 FlatVerts=672 SlopeVerts=60
[+02:31:42.848] VoxelChunk: GenerateAsync (8,-22,-3)
[+02:31:42.849] VoxelChunk: GenerateAsync (2,-22,-3)
[+02:31:42.850] VoxelMesh: Chunk X=2 Y=-24 Z=-2 FlatVerts=0 SlopeVerts=378
[+02:31:42.850] VoxelChunk: GenerateAsync (8,-23,2)
[+02:31:42.850] VoxelMesh: Chunk X=6 Y=-22 Z=-2 FlatVerts=54 SlopeVerts=588
[+02:31:42.851] VoxelChunk: GenerateAsync (3,-22,2)
[+02:31:42.851] VoxelMesh: Chunk X=8 Y=-23 Z=2 FlatVerts=0 SlopeVerts=378
[+02:31:42.851] VoxelMesh: Chunk X=3 Y=-22 Z=2 FlatVerts=54 SlopeVerts=588
[+02:31:42.858] VoxelMesh: Chunk X=6 Y=-28 Z=-2 FlatVerts=192 SlopeVerts=114
[+02:31:42.858] VoxelChunk: GenerateAsync (7,-22,2)
[+02:31:42.859] VoxelChunk: GenerateAsync (2,-28,-3)
[+02:31:42.860] VoxelMesh: Chunk X=7 Y=-22 Z=2 FlatVerts=192 SlopeVerts=114
[+02:31:42.860] VoxelMesh: Chunk X=8 Y=-26 Z=-2 FlatVerts=168 SlopeVerts=1026
[+02:31:42.860] VoxelChunk: GenerateAsync (2,-23,2)
[+02:31:42.862] VoxelMesh: Chunk X=2 Y=-23 Z=2 FlatVerts=168 SlopeVerts=1026
[+02:31:42.862] VoxelChunk: GenerateAsync (8,-28,-3)
[+02:31:42.869] VoxelChunk: GenerateAsync (7,-28,2)
[+02:31:42.869] VoxelMesh: Chunk X=6 Y=-22 Z=-1 FlatVerts=0 SlopeVerts=0
[+02:31:42.870] VoxelChunk: GenerateAsync (8,-27,2)
[+02:31:42.870] VoxelMesh: Chunk X=8 Y=-27 Z=2 FlatVerts=0 SlopeVerts=0
[+02:31:42.870] VoxelMesh: Chunk X=5 Y=-27 Z=-2 FlatVerts=1764 SlopeVerts=0
[+02:31:42.871] VoxelChunk: GenerateAsync (8,-28,1)
[+02:31:42.872] VoxelMesh: Chunk X=3 Y=-25 Z=-2 FlatVerts=774 SlopeVerts=3528
[+02:31:42.872] VoxelMesh: Chunk X=8 Y=-28 Z=1 FlatVerts=1764 SlopeVerts=0
[+02:31:42.872] VoxelChunk: GenerateAsync (3,-28,2)
[+02:31:42.873] VoxelMesh: Chunk X=3 Y=-28 Z=2 FlatVerts=774 SlopeVerts=3528
[+02:31:42.881] VoxelMesh: Chunk X=5 Y=-23 Z=-2 FlatVerts=108 SlopeVerts=192
[+02:31:42.882] VoxelChunk: GenerateAsync (2,-28,1)
[+02:31:42.883] VoxelMesh: Chunk X=7 Y=-25 Z=-2 FlatVerts=120 SlopeVerts=12
[+02:31:42.883] VoxelChunk: GenerateAsync (2,-22,1)
[+02:31:42.883] VoxelMesh: Chunk X=2 Y=-28 Z=1 FlatVerts=108 SlopeVerts=192
[+02:31:42.884] VoxelMesh: Chunk X=3 Y=-26 Z=-1 FlatVerts=1818 SlopeVerts=0
[+02:31:42.884] VoxelMesh: Chunk X=2 Y=-22 Z=1 FlatVerts=120 SlopeVerts=12
[+02:31:42.884] VoxelChunk: GenerateAsync (8,-22,1)
[+02:31:42.885] VoxelMesh: Chunk X=4 Y=-27 Z=-2 FlatVerts=144 SlopeVerts=540
[+02:31:42.885] VoxelMesh: Chunk X=8 Y=-22 Z=1 FlatVerts=1818 SlopeVerts=0
[+02:31:42.885] VoxelChunk: GenerateAsync (2,-27,2)
[+02:31:42.886] VoxelMesh: Chunk X=2 Y=-27 Z=2 FlatVerts=144 SlopeVerts=540
[+02:31:42.894] VoxelMesh: Chunk X=6 Y=-27 Z=-2 FlatVerts=0 SlopeVerts=6
[+02:31:42.894] VoxelChunk: GenerateAsync (3,-21,1)
[+02:31:42.895] VoxelMesh: Chunk X=7 Y=-24 Z=-2 FlatVerts=2340 SlopeVerts=270
[+02:31:42.896] VoxelMesh: Chunk X=3 Y=-21 Z=1 FlatVerts=0 SlopeVerts=6
[+02:31:42.896] VoxelChunk: GenerateAsync (9,-23,1)
[+02:31:42.896] VoxelMesh: Chunk X=7 Y=-26 Z=-2 FlatVerts=1848 SlopeVerts=312
[+02:31:42.897] VoxelMesh: Chunk X=9 Y=-23 Z=1 FlatVerts=2340 SlopeVerts=270
[+02:31:42.897] VoxelChunk: GenerateAsync (1,-23,1)
[+02:31:42.898] VoxelChunk: GenerateAsync (7,-27,3)
[+02:31:42.898] VoxelMesh: Chunk X=1 Y=-23 Z=1 FlatVerts=1848 SlopeVerts=312
[+02:31:42.907] VoxelMesh: Chunk X=4 Y=-23 Z=-2 FlatVerts=936 SlopeVerts=2070
[+02:31:42.907] VoxelChunk: GenerateAsync (3,-27,3)
[+02:31:42.908] VoxelMesh: Chunk X=3 Y=-24 Z=-2 FlatVerts=1572 SlopeVerts=678
[+02:31:42.908] VoxelMesh: Chunk X=3 Y=-27 Z=3 FlatVerts=936 SlopeVerts=2070
[+02:31:42.909] VoxelChunk: GenerateAsync (7,-21,1)
[+02:31:42.910] VoxelMesh: Chunk X=7 Y=-21 Z=1 FlatVerts=1572 SlopeVerts=678
[+02:31:42.910] VoxelChunk: GenerateAsync (1,-27,1)
[+02:31:42.911] VoxelMesh: Chunk X=7 Y=-27 Z=-1 FlatVerts=528 SlopeVerts=66
[+02:31:42.911] VoxelChunk: GenerateAsync (3,-29,1)
[+02:31:42.912] VoxelMesh: Chunk X=3 Y=-29 Z=1 FlatVerts=528 SlopeVerts=66
[+02:31:42.919] VoxelMesh: Chunk X=7 Y=-23 Z=-1 FlatVerts=0 SlopeVerts=0
[+02:31:42.919] VoxelChunk: GenerateAsync (7,-23,3)
[+02:31:42.920] VoxelMesh: Chunk X=7 Y=-23 Z=3 FlatVerts=0 SlopeVerts=0
[+02:31:42.920] VoxelMesh: Chunk X=3 Y=-27 Z=-1 FlatVerts=2562 SlopeVerts=138
[+02:31:42.921] VoxelChunk: GenerateAsync (7,-29,1)
[+02:31:42.921] VoxelMesh: Chunk X=3 Y=-23 Z=-1 FlatVerts=546 SlopeVerts=24
[+02:31:42.922] VoxelChunk: GenerateAsync (9,-27,1)
[+02:31:42.922] VoxelMesh: Chunk X=9 Y=-27 Z=1 FlatVerts=546 SlopeVerts=24
[+02:31:42.923] VoxelMesh: Chunk X=7 Y=-29 Z=1 FlatVerts=2562 SlopeVerts=138
[+02:31:42.923] VoxelMesh: Chunk X=3 Y=-27 Z=-2 FlatVerts=126 SlopeVerts=4662
[+02:31:42.923] VoxelChunk: GenerateAsync (3,-23,3)
[+02:31:42.924] VoxelMesh: Chunk X=3 Y=-23 Z=3 FlatVerts=126 SlopeVerts=4662
[+02:31:42.933] VoxelMesh: Chunk X=3 Y=-23 Z=-2 FlatVerts=1854 SlopeVerts=2874
[+02:31:42.933] VoxelChunk: GenerateAsync (5,-21,2)
[+02:31:42.935] VoxelMesh: Chunk X=7 Y=-27 Z=-2 FlatVerts=558 SlopeVerts=2616
[+02:31:42.935] VoxelMesh: Chunk X=5 Y=-21 Z=2 FlatVerts=1854 SlopeVerts=2874
[+02:31:42.935] VoxelChunk: GenerateAsync (2,-25,3)
[+02:31:42.936] VoxelMesh: Chunk X=6 Y=-24 Z=-1 FlatVerts=0 SlopeVerts=0
[+02:31:42.936] VoxelChunk: GenerateAsync (5,-22,3)
[+02:31:42.936] VoxelMesh: Chunk X=2 Y=-25 Z=3 FlatVerts=558 SlopeVerts=2616
[+02:31:42.937] VoxelMesh: Chunk X=6 Y=-25 Z=-1 FlatVerts=1038 SlopeVerts=4314
[+02:31:42.937] VoxelMesh: Chunk X=5 Y=-22 Z=3 FlatVerts=0 SlopeVerts=0
[+02:31:42.941] VoxelChunk: GenerateAsync (9,-25,2)
[+02:31:42.943] VoxelMesh: Chunk X=9 Y=-25 Z=2 FlatVerts=1038 SlopeVerts=4314
[+02:31:42.955] VoxelMesh: Chunk X=6 Y=-26 Z=-1 FlatVerts=0 SlopeVerts=66
[+02:31:42.955] VoxelChunk: GenerateAsync (1,-25,2)
[+02:31:42.956] VoxelMesh: Chunk X=5 Y=-24 Z=-1 FlatVerts=6 SlopeVerts=54
[+02:31:42.957] VoxelChunk: GenerateAsync (5,-29,2)
[+02:31:42.958] VoxelMesh: Chunk X=1 Y=-25 Z=2 FlatVerts=0 SlopeVerts=66
[+02:31:42.958] VoxelChunk: GenerateAsync (5,-25,4)
[+02:31:42.958] VoxelMesh: Chunk X=5 Y=-29 Z=2 FlatVerts=6 SlopeVerts=54
[+02:31:42.959] VoxelMesh: Chunk X=5 Y=-26 Z=-1 FlatVerts=282 SlopeVerts=2226
[+02:31:42.961] VoxelChunk: GenerateAsync (8,-25,3)
[+02:31:42.962] VoxelMesh: Chunk X=8 Y=-25 Z=3 FlatVerts=282 SlopeVerts=2226
[+02:31:42.978] VoxelChunk: GenerateAsync (5,-28,3)
[+02:31:42.980] VoxelChunk: GenerateAsync (1,-22,0)
[+02:31:42.981] VoxelChunk: GenerateAsync (1,-28,0)
[+02:31:42.982] VoxelChunk: GenerateAsync (9,-22,0)
[+02:31:42.991] VoxelChunk: GenerateAsync (9,-28,0)
[+02:31:42.992] VoxelChunk: GenerateAsync (0,-25,0)
[+02:31:42.993] VoxelChunk: GenerateAsync (2,-21,0)
[+02:31:42.995] VoxelChunk: GenerateAsync (8,-29,0)
[+02:31:43.026] VoxelWater: Chunk X=5 Y=-26 Z=1 emitted 228 procedural water vertices (Ocean/Pools)
[+02:31:43.026] VoxelWater: Chunk X=4 Y=-26 Z=1 emitted 288 procedural water vertices (Ocean/Pools)
[+02:31:43.026] VoxelWater: Chunk X=5 Y=-25 Z=1 emitted 16 procedural water vertices (Ocean/Pools)
[+02:31:43.026] VoxelWater: Chunk X=4 Y=-25 Z=1 emitted 96 procedural water vertices (Ocean/Pools)
[+02:31:43.026] VoxelWater: Chunk X=6 Y=-25 Z=1 emitted 12 procedural water vertices (Ocean/Pools)
[+02:31:43.027] VoxelWater: Chunk X=7 Y=-24 Z=1 emitted 8 procedural water vertices (Ocean/Pools)
[+02:31:43.027] VoxelWater: Chunk X=8 Y=-24 Z=1 emitted 4 procedural water vertices (Ocean/Pools)
[+02:31:43.027] VoxelWater: Chunk X=6 Y=-23 Z=1 emitted 8 procedural water vertices (Ocean/Pools)
[+02:31:43.027] VoxelWater: Chunk X=4 Y=-27 Z=1 emitted 44 procedural water vertices (Ocean/Pools)
[+02:31:43.027] VoxelWater: Chunk X=5 Y=-27 Z=1 emitted 92 procedural water vertices (Ocean/Pools)
[+02:31:43.027] VoxelWater: Chunk X=4 Y=-26 Z=2 emitted 12 procedural water vertices (Ocean/Pools)
[+02:31:43.027] VoxelWater: Chunk X=4 Y=-25 Z=2 emitted 288 procedural water vertices (Ocean/Pools)
[+02:31:43.027] VoxelWater: Chunk X=4 Y=-25 Z=3 emitted 164 procedural water vertices (Ocean/Pools)
[+02:31:43.027] VoxelWater: Chunk X=3 Y=-25 Z=2 emitted 4 procedural water vertices (Ocean/Pools)
[+02:31:43.027] VoxelWater: Chunk X=5 Y=-25 Z=2 emitted 376 procedural water vertices (Ocean/Pools)
[+02:31:43.027] VoxelWater: Chunk X=4 Y=-24 Z=2 emitted 172 procedural water vertices (Ocean/Pools)
[+02:31:43.027] VoxelWater: Chunk X=4 Y=-24 Z=3 emitted 120 procedural water vertices (Ocean/Pools)
[+02:31:43.027] VoxelWater: Chunk X=4 Y=-24 Z=1 emitted 48 procedural water vertices (Ocean/Pools)
[+02:31:43.028] VoxelWater: Chunk X=5 Y=-24 Z=2 emitted 140 procedural water vertices (Ocean/Pools)
[+02:31:43.028] VoxelWater: Chunk X=8 Y=-25 Z=3 emitted 16 procedural water vertices (Ocean/Pools)
[+02:31:43.028] VoxelWater: Chunk X=5 Y=-25 Z=3 emitted 168 procedural water vertices (Ocean/Pools)
[+02:31:43.028] VoxelWater: Chunk X=6 Y=-25 Z=2 emitted 20 procedural water vertices (Ocean/Pools)
[+02:31:43.028] VoxelWater: Chunk X=5 Y=-24 Z=3 emitted 20 procedural water vertices (Ocean/Pools)
[+02:31:43.028] VoxelWater: Chunk X=6 Y=-24 Z=3 emitted 152 procedural water vertices (Ocean/Pools)
[+02:31:43.028] VoxelWater: Chunk X=5 Y=-24 Z=1 emitted 36 procedural water vertices (Ocean/Pools)
[+02:31:43.028] VoxelWater: Chunk X=6 Y=-26 Z=2 emitted 64 procedural water vertices (Ocean/Pools)
[+02:31:43.028] VoxelWater: Chunk X=6 Y=-26 Z=3 emitted 16 procedural water vertices (Ocean/Pools)
[+02:31:43.028] VoxelWater: Chunk X=6 Y=-25 Z=3 emitted 328 procedural water vertices (Ocean/Pools)
[+02:31:43.028] VoxelWater: Chunk X=6 Y=-26 Z=1 emitted 60 procedural water vertices (Ocean/Pools)
[+02:31:43.028] VoxelWater: Chunk X=9 Y=-25 Z=2 emitted 100 procedural water vertices (Ocean/Pools)
[+02:31:43.028] VoxelWater: Chunk X=8 Y=-25 Z=2 emitted 44 procedural water vertices (Ocean/Pools)
[+02:31:43.028] VoxelWater: Chunk X=6 Y=-24 Z=2 emitted 128 procedural water vertices (Ocean/Pools)
[+02:31:43.028] VoxelWater: Chunk X=6 Y=-24 Z=1 emitted 68 procedural water vertices (Ocean/Pools)
[+02:31:43.028] VoxelWater: Chunk X=6 Y=-27 Z=1 emitted 192 procedural water vertices (Ocean/Pools)
[+02:31:43.028] VoxelWater: Chunk X=7 Y=-27 Z=1 emitted 124 procedural water vertices (Ocean/Pools)
[+02:31:43.028] VoxelWater: Chunk X=6 Y=-28 Z=1 emitted 76 procedural water vertices (Ocean/Pools)
[+02:31:43.028] VoxelWater: Chunk X=2 Y=-25 Z=3 emitted 20 procedural water vertices (Ocean/Pools)
[+02:31:43.028] VoxelWater: Chunk X=5 Y=-21 Z=2 emitted 28 procedural water vertices (Ocean/Pools)
[+02:31:43.028] VoxelWater: Chunk X=7 Y=-26 Z=1 emitted 136 procedural water vertices (Ocean/Pools)
[+02:31:43.028] VoxelWater: Chunk X=8 Y=-26 Z=1 emitted 68 procedural water vertices (Ocean/Pools)
[+02:31:43.028] VoxelWater: Chunk X=3 Y=-26 Z=1 emitted 32 procedural water vertices (Ocean/Pools)
[+02:31:43.028] VoxelWater: Chunk X=3 Y=-23 Z=2 emitted 124 procedural water vertices (Ocean/Pools)
[+02:31:43.028] VoxelWater: Chunk X=3 Y=-23 Z=3 emitted 20 procedural water vertices (Ocean/Pools)
[+02:31:43.028] VoxelWater: Chunk X=7 Y=-29 Z=1 emitted 32 procedural water vertices (Ocean/Pools)
[+02:31:43.028] VoxelWater: Chunk X=7 Y=-28 Z=1 emitted 4 procedural water vertices (Ocean/Pools)
[+02:31:43.029] VoxelWater: Chunk X=5 Y=-23 Z=1 emitted 60 procedural water vertices (Ocean/Pools)
[+02:31:43.029] VoxelWater: Chunk X=7 Y=-21 Z=1 emitted 36 procedural water vertices (Ocean/Pools)
[+02:31:43.029] VoxelWater: Chunk X=6 Y=-21 Z=1 emitted 4 procedural water vertices (Ocean/Pools)
[+02:31:43.029] VoxelWater: Chunk X=7 Y=-22 Z=1 emitted 48 procedural water vertices (Ocean/Pools)
[+02:31:43.029] VoxelWater: Chunk X=3 Y=-27 Z=3 emitted 56 procedural water vertices (Ocean/Pools)
[+02:31:43.029] VoxelWater: Chunk X=1 Y=-23 Z=1 emitted 36 procedural water vertices (Ocean/Pools)
[+02:31:43.029] VoxelWater: Chunk X=9 Y=-23 Z=1 emitted 24 procedural water vertices (Ocean/Pools)
[+02:31:43.029] VoxelWater: Chunk X=2 Y=-27 Z=2 emitted 12 procedural water vertices (Ocean/Pools)
[+02:31:43.029] VoxelWater: Chunk X=8 Y=-22 Z=1 emitted 12 procedural water vertices (Ocean/Pools)
[+02:31:43.029] VoxelWater: Chunk X=3 Y=-28 Z=2 emitted 36 procedural water vertices (Ocean/Pools)
[+02:31:43.029] VoxelWater: Chunk X=8 Y=-28 Z=1 emitted 12 procedural water vertices (Ocean/Pools)
[+02:31:43.029] VoxelWater: Chunk X=8 Y=-23 Z=2 emitted 20 procedural water vertices (Ocean/Pools)
[+02:31:43.029] VoxelWater: Chunk X=8 Y=-24 Z=2 emitted 48 procedural water vertices (Ocean/Pools)
[+02:31:43.029] VoxelWater: Chunk X=3 Y=-23 Z=1 emitted 16 procedural water vertices (Ocean/Pools)
[+02:31:43.029] VoxelWater: Chunk X=8 Y=-27 Z=1 emitted 104 procedural water vertices (Ocean/Pools)
[+02:31:43.029] VoxelWater: Chunk X=3 Y=-27 Z=1 emitted 4 procedural water vertices (Ocean/Pools)
[+02:31:43.029] VoxelWater: Chunk X=5 Y=-28 Z=1 emitted 120 procedural water vertices (Ocean/Pools)
[+02:31:43.029] VoxelWater: Chunk X=5 Y=-29 Z=1 emitted 128 procedural water vertices (Ocean/Pools)
[+02:31:43.029] VoxelWater: Chunk X=9 Y=-25 Z=1 emitted 12 procedural water vertices (Ocean/Pools)
[+02:31:43.029] VoxelWater: Chunk X=5 Y=-23 Z=2 emitted 28 procedural water vertices (Ocean/Pools)
[+02:31:43.029] VoxelWater: Chunk X=5 Y=-22 Z=2 emitted 112 procedural water vertices (Ocean/Pools)
[+02:31:43.029] VoxelWater: Chunk X=5 Y=-27 Z=2 emitted 52 procedural water vertices (Ocean/Pools)
[+02:31:43.029] VoxelWater: Chunk X=5 Y=-28 Z=2 emitted 56 procedural water vertices (Ocean/Pools)
[+02:31:43.029] VoxelWater: Chunk X=6 Y=-27 Z=2 emitted 12 procedural water vertices (Ocean/Pools)
[+02:31:43.029] VoxelWater: Chunk X=3 Y=-24 Z=2 emitted 40 procedural water vertices (Ocean/Pools)
[+02:31:43.029] VoxelWater: Chunk X=2 Y=-24 Z=2 emitted 20 procedural water vertices (Ocean/Pools)
[+02:31:43.029] VoxelWater: Chunk X=4 Y=-29 Z=1 emitted 12 procedural water vertices (Ocean/Pools)
[+02:31:43.029] VoxelWater: Chunk X=3 Y=-26 Z=2 emitted 84 procedural water vertices (Ocean/Pools)
[+02:31:43.029] VoxelWater: Chunk X=4 Y=-23 Z=2 emitted 116 procedural water vertices (Ocean/Pools)
[+02:31:43.029] VoxelWater: Chunk X=4 Y=-22 Z=2 emitted 24 procedural water vertices (Ocean/Pools)
[+02:31:43.029] VoxelWater: Chunk X=4 Y=-21 Z=1 emitted 4 procedural water vertices (Ocean/Pools)
[+02:31:43.030] VoxelWater: Chunk X=5 Y=-21 Z=1 emitted 24 procedural water vertices (Ocean/Pools)
[+02:31:43.030] VoxelWater: Chunk X=4 Y=-28 Z=1 emitted 4 procedural water vertices (Ocean/Pools)
[+02:31:43.030] VoxelWater: Chunk X=6 Y=-28 Z=2 emitted 16 procedural water vertices (Ocean/Pools)
[+02:31:43.030] VoxelWater: Chunk X=7 Y=-26 Z=2 emitted 40 procedural water vertices (Ocean/Pools)
[+02:31:43.030] VoxelWater: Chunk X=6 Y=-22 Z=1 emitted 76 procedural water vertices (Ocean/Pools)
[+02:31:43.030] VoxelWater: Chunk X=9 Y=-26 Z=1 emitted 4 procedural water vertices (Ocean/Pools)
[+02:31:43.030] VoxelWater: Chunk X=9 Y=-24 Z=1 emitted 4 procedural water vertices (Ocean/Pools)
[+02:31:43.030] VoxelWater: Chunk X=2 Y=-24 Z=1 emitted 4 procedural water vertices (Ocean/Pools)
[+02:31:43.030] VoxelWater: Chunk X=4 Y=-27 Z=2 emitted 40 procedural water vertices (Ocean/Pools)
[+02:31:43.030] VoxelWater: Chunk X=9 Y=-27 Z=1 emitted 4 procedural water vertices (Ocean/Pools)
[+02:31:43.030] VoxelWater: Chunk X=2 Y=-23 Z=1 emitted 16 procedural water vertices (Ocean/Pools)
[+02:31:43.030] VoxelWater: Chunk X=8 Y=-23 Z=1 emitted 52 procedural water vertices (Ocean/Pools)
[+02:31:43.030] VoxelWater: Chunk X=3 Y=-27 Z=2 emitted 84 procedural water vertices (Ocean/Pools)
[+02:31:43.030] VoxelWater: Chunk X=5 Y=-29 Z=2 emitted 4 procedural water vertices (Ocean/Pools)
[+02:31:43.030] VoxelWater: Chunk X=8 Y=-26 Z=2 emitted 28 procedural water vertices (Ocean/Pools)
[+02:31:43.030] VoxelWater: Chunk X=6 Y=-22 Z=2 emitted 12 procedural water vertices (Ocean/Pools)
[+02:31:43.030] VoxelWater: Chunk X=2 Y=-26 Z=2 emitted 36 procedural water vertices (Ocean/Pools)
[+02:31:43.030] VoxelWater: Chunk X=4 Y=-28 Z=2 emitted 32 procedural water vertices (Ocean/Pools)
[+02:31:43.030] VoxelWater: Chunk X=3 Y=-24 Z=3 emitted 32 procedural water vertices (Ocean/Pools)
[+02:31:43.030] VoxelWater: Chunk X=3 Y=-25 Z=3 emitted 60 procedural water vertices (Ocean/Pools)
[+02:31:43.030] VoxelWater: Chunk X=7 Y=-25 Z=3 emitted 68 procedural water vertices (Ocean/Pools)
[+02:31:43.039] VoxelChunk: GenerateAsync (2,-29,0)
[+02:31:43.040] VoxelChunk: GenerateAsync (8,-21,0)
[+02:31:43.041] VoxelChunk: GenerateAsync (5,-20,0)
[+02:31:43.042] VoxelChunk: GenerateAsync (5,-26,4)
[+02:31:43.049] VoxelChunk: GenerateAsync (10,-25,0)
[+02:31:43.050] VoxelChunk: GenerateAsync (6,-29,2)
[+02:31:43.051] VoxelMesh: Chunk X=6 Y=-28 Z=-1 FlatVerts=246 SlopeVerts=132
[+02:31:43.051] VoxelChunk: GenerateAsync (4,-29,2)
[+02:31:43.052] VoxelMesh: Chunk X=4 Y=-29 Z=2 FlatVerts=246 SlopeVerts=132
[+02:31:43.052] VoxelMesh: Chunk X=2 Y=-26 Z=-1 FlatVerts=1104 SlopeVerts=2172
[+02:31:43.053] VoxelChunk: GenerateAsync (9,-26,2)
[+02:31:43.054] VoxelMesh: Chunk X=9 Y=-26 Z=2 FlatVerts=1104 SlopeVerts=2172
[+02:31:43.061] VoxelMesh: Chunk X=2 Y=-24 Z=-1 FlatVerts=0 SlopeVerts=0
[+02:31:43.061] VoxelChunk: GenerateAsync (1,-26,2)
[+02:31:43.062] VoxelChunk: GenerateAsync (6,-22,3)
[+02:31:43.062] VoxelMesh: Chunk X=1 Y=-26 Z=2 FlatVerts=0 SlopeVerts=0
[+02:31:43.063] VoxelMesh: Chunk X=5 Y=-25 Z=-2 FlatVerts=54 SlopeVerts=2826
[+02:31:43.063] VoxelChunk: GenerateAsync (2,-24,3)
[+02:31:43.064] VoxelChunk: GenerateAsync (6,-28,3)
[+02:31:43.065] VoxelMesh: Chunk X=2 Y=-24 Z=3 FlatVerts=54 SlopeVerts=2826
[+02:31:43.074] VoxelMesh: Chunk X=4 Y=-25 Z=-2 FlatVerts=0 SlopeVerts=2220
[+02:31:43.074] VoxelChunk: GenerateAsync (1,-24,2)
[+02:31:43.076] VoxelMesh: Chunk X=5 Y=-26 Z=-2 FlatVerts=414 SlopeVerts=4020
[+02:31:43.076] VoxelMesh: Chunk X=1 Y=-24 Z=2 FlatVerts=0 SlopeVerts=2220
[+02:31:43.076] VoxelChunk: GenerateAsync (4,-22,3)
[+02:31:43.078] VoxelMesh: Chunk X=5 Y=-24 Z=-2 FlatVerts=1176 SlopeVerts=3750
[+02:31:43.078] VoxelMesh: Chunk X=4 Y=-22 Z=3 FlatVerts=414 SlopeVerts=4020
[+02:31:43.079] VoxelChunk: GenerateAsync (9,-24,2)
[+02:31:43.079] VoxelChunk: GenerateAsync (4,-28,3)
[+02:31:43.080] VoxelMesh: Chunk X=9 Y=-24 Z=2 FlatVerts=1176 SlopeVerts=3750
[+02:31:43.091] VoxelMesh: Chunk X=6 Y=-24 Z=-2 FlatVerts=738 SlopeVerts=870
[+02:31:43.092] VoxelChunk: GenerateAsync (6,-25,4)
[+02:31:43.093] VoxelChunk: GenerateAsync (5,-30,0)
[+02:31:43.093] VoxelMesh: Chunk X=6 Y=-25 Z=4 FlatVerts=738 SlopeVerts=870
[+02:31:43.094] VoxelMesh: Chunk X=6 Y=-26 Z=-2 FlatVerts=42 SlopeVerts=2004
[+02:31:43.094] VoxelChunk: GenerateAsync (8,-24,3)
[+02:31:43.096] VoxelMesh: Chunk X=8 Y=-24 Z=3 FlatVerts=42 SlopeVerts=2004
[+02:31:43.096] VoxelMesh: Chunk X=5 Y=-27 Z=-1 FlatVerts=60 SlopeVerts=4128
[+02:31:43.097] VoxelChunk: GenerateAsync (2,-26,3)
[+02:31:43.098] VoxelMesh: Chunk X=2 Y=-26 Z=3 FlatVerts=60 SlopeVerts=4128
[+02:31:43.106] VoxelChunk: GenerateAsync (5,-24,4)
[+02:31:43.108] VoxelMesh: Chunk X=7 Y=-25 Z=-1 FlatVerts=0 SlopeVerts=0
[+02:31:43.108] VoxelChunk: GenerateAsync (8,-26,3)
[+02:31:43.109] VoxelMesh: Chunk X=8 Y=-26 Z=3 FlatVerts=0 SlopeVerts=0
[+02:31:43.109] VoxelMesh: Chunk X=3 Y=-25 Z=-1 FlatVerts=1026 SlopeVerts=3528
[+02:31:43.109] VoxelChunk: GenerateAsync (4,-21,2)
[+02:31:43.110] VoxelMesh: Chunk X=7 Y=-26 Z=-1 FlatVerts=12 SlopeVerts=270
[+02:31:43.111] VoxelMesh: Chunk X=4 Y=-21 Z=2 FlatVerts=1026 SlopeVerts=3528
[+02:31:43.111] VoxelChunk: GenerateAsync (4,-25,4)
[+02:31:43.112] VoxelMesh: Chunk X=4 Y=-25 Z=4 FlatVerts=12 SlopeVerts=270
[+02:31:43.121] VoxelMesh: Chunk X=6 Y=-23 Z=-1 FlatVerts=462 SlopeVerts=564
[+02:31:43.121] VoxelChunk: GenerateAsync (6,-21,2)
[+02:31:43.123] VoxelMesh: Chunk X=6 Y=-21 Z=2 FlatVerts=462 SlopeVerts=564
[+02:31:43.123] VoxelChunk: GenerateAsync (0,-26,0)
[+02:31:43.123] VoxelMesh: Chunk X=3 Y=-24 Z=-1 FlatVerts=18 SlopeVerts=168
[+02:31:43.124] VoxelChunk: GenerateAsync (6,-24,4)
[+02:31:43.125] VoxelChunk: GenerateAsync (10,-26,0)
[+02:31:43.126] VoxelMesh: Chunk X=6 Y=-24 Z=4 FlatVerts=18 SlopeVerts=168
[+02:31:43.135] VoxelChunk: GenerateAsync (6,-30,0)
[+02:31:43.135] VoxelChunk: GenerateAsync (0,-24,0)
[+02:31:43.138] VoxelChunk: GenerateAsync (8,-22,2)
[+02:31:43.140] VoxelChunk: GenerateAsync (4,-26,4)
[+02:31:43.151] VoxelMesh: Chunk X=0 Y=0 Z=0 FlatVerts=756 SlopeVerts=3252
[+02:31:43.152] VoxelChunk: GenerateAsync (2,-28,2)
[+02:31:43.154] VoxelMesh: Chunk X=2 Y=-28 Z=2 FlatVerts=786 SlopeVerts=3942
[+02:31:43.156] VoxelMesh: Chunk X=0 Y=0 Z=0 FlatVerts=828 SlopeVerts=11004
[+02:31:43.158] VoxelChunk: GenerateAsync (8,-28,2)
[+02:31:43.161] VoxelMesh: Chunk X=0 Y=0 Z=0 FlatVerts=6096 SlopeVerts=5040
[+02:31:43.163] VoxelChunk: GenerateAsync (6,-20,0)
[+02:31:43.169] VoxelMesh: Chunk X=0 Y=0 Z=0 FlatVerts=2568 SlopeVerts=33312
[+02:31:43.172] VoxelChunk: GenerateAsync (2,-22,2)
[+02:31:43.173] VoxelMesh: Chunk X=2 Y=-22 Z=2 FlatVerts=630 SlopeVerts=4764
[+02:31:43.192] VoxelMesh: Chunk X=0 Y=0 Z=0 FlatVerts=966 SlopeVerts=3468
[+02:31:43.193] VoxelChunk: GenerateAsync (4,-20,0)
[+02:31:43.198] VoxelMesh: Chunk X=0 Y=0 Z=0 FlatVerts=5550 SlopeVerts=2286
[+02:31:43.199] VoxelChunk: GenerateAsync (4,-30,0)
[+02:31:43.204] VoxelMesh: Chunk X=0 Y=0 Z=0 FlatVerts=0 SlopeVerts=0
[+02:31:43.204] VoxelChunk: GenerateAsync (6,-26,4)
[+02:31:43.205] VoxelMesh: Chunk X=6 Y=-26 Z=4 FlatVerts=0 SlopeVerts=0
[+02:31:43.209] VoxelMesh: Chunk X=0 Y=0 Z=0 FlatVerts=3174 SlopeVerts=3966
[+02:31:43.210] VoxelChunk: GenerateAsync (10,-24,0)
[+02:31:43.222] VoxelChunk: GenerateAsync (4,-24,4)
[+02:31:43.225] VoxelMesh: Chunk X=0 Y=0 Z=0 FlatVerts=7752 SlopeVerts=0
[+02:31:43.226] VoxelChunk: GenerateAsync (8,-21,1)
[+02:31:43.229] VoxelMesh: Chunk X=8 Y=-21 Z=1 FlatVerts=1524 SlopeVerts=828
[+02:31:43.231] VoxelMesh: Chunk X=0 Y=0 Z=0 FlatVerts=1992 SlopeVerts=25290
[+02:31:43.232] VoxelChunk: GenerateAsync (3,-21,2)
[+02:31:43.235] VoxelMesh: Chunk X=3 Y=-21 Z=2 FlatVerts=978 SlopeVerts=4350
[+02:31:43.236] VoxelMesh: Chunk X=0 Y=0 Z=0 FlatVerts=1044 SlopeVerts=11610
[+02:31:43.238] VoxelChunk: GenerateAsync (3,-22,3)
[+02:31:43.239] VoxelMesh: Chunk X=3 Y=-22 Z=3 FlatVerts=504 SlopeVerts=5424
[+02:31:43.270] VoxelWater: Chunk X=5 Y=-26 Z=1 emitted 260 procedural water vertices (Ocean/Pools)
[+02:31:43.270] VoxelWater: Chunk X=6 Y=-26 Z=1 emitted 80 procedural water vertices (Ocean/Pools)
[+02:31:43.270] VoxelWater: Chunk X=4 Y=-26 Z=1 emitted 304 procedural water vertices (Ocean/Pools)
[+02:31:43.270] VoxelWater: Chunk X=5 Y=-25 Z=1 emitted 16 procedural water vertices (Ocean/Pools)
[+02:31:43.270] VoxelWater: Chunk X=4 Y=-25 Z=1 emitted 108 procedural water vertices (Ocean/Pools)
[+02:31:43.270] VoxelWater: Chunk X=6 Y=-24 Z=4 emitted 12 procedural water vertices (Ocean/Pools)
[+02:31:43.270] VoxelWater: Chunk X=6 Y=-25 Z=1 emitted 12 procedural water vertices (Ocean/Pools)
[+02:31:43.270] VoxelWater: Chunk X=4 Y=-21 Z=2 emitted 80 procedural water vertices (Ocean/Pools)
[+02:31:43.270] VoxelWater: Chunk X=4 Y=-21 Z=1 emitted 8 procedural water vertices (Ocean/Pools)
[+02:31:43.271] VoxelWater: Chunk X=3 Y=-21 Z=2 emitted 88 procedural water vertices (Ocean/Pools)
[+02:31:43.271] VoxelWater: Chunk X=4 Y=-22 Z=2 emitted 40 procedural water vertices (Ocean/Pools)
[+02:31:43.271] VoxelWater: Chunk X=6 Y=-25 Z=3 emitted 348 procedural water vertices (Ocean/Pools)
[+02:31:43.271] VoxelWater: Chunk X=6 Y=-25 Z=4 emitted 16 procedural water vertices (Ocean/Pools)
[+02:31:43.271] VoxelWater: Chunk X=9 Y=-24 Z=2 emitted 76 procedural water vertices (Ocean/Pools)
[+02:31:43.271] VoxelWater: Chunk X=4 Y=-22 Z=3 emitted 48 procedural water vertices (Ocean/Pools)
[+02:31:43.271] VoxelWater: Chunk X=4 Y=-23 Z=3 emitted 4 procedural water vertices (Ocean/Pools)
[+02:31:43.271] VoxelWater: Chunk X=1 Y=-24 Z=2 emitted 52 procedural water vertices (Ocean/Pools)
[+02:31:43.271] VoxelWater: Chunk X=2 Y=-24 Z=3 emitted 36 procedural water vertices (Ocean/Pools)
[+02:31:43.271] VoxelWater: Chunk X=9 Y=-26 Z=2 emitted 32 procedural water vertices (Ocean/Pools)
[+02:31:43.271] VoxelWater: Chunk X=7 Y=-24 Z=1 emitted 4 procedural water vertices (Ocean/Pools)
[+02:31:43.271] VoxelWater: Chunk X=8 Y=-24 Z=1 emitted 12 procedural water vertices (Ocean/Pools)
[+02:31:43.271] VoxelWater: Chunk X=6 Y=-23 Z=1 emitted 12 procedural water vertices (Ocean/Pools)
[+02:31:43.271] VoxelWater: Chunk X=4 Y=-27 Z=1 emitted 52 procedural water vertices (Ocean/Pools)
[+02:31:43.271] VoxelWater: Chunk X=5 Y=-27 Z=1 emitted 116 procedural water vertices (Ocean/Pools)
[+02:31:43.271] VoxelWater: Chunk X=4 Y=-26 Z=2 emitted 12 procedural water vertices (Ocean/Pools)
[+02:31:43.271] VoxelWater: Chunk X=4 Y=-25 Z=2 emitted 324 procedural water vertices (Ocean/Pools)
[+02:31:43.271] VoxelWater: Chunk X=4 Y=-25 Z=3 emitted 168 procedural water vertices (Ocean/Pools)
[+02:31:43.271] VoxelWater: Chunk X=3 Y=-25 Z=2 emitted 12 procedural water vertices (Ocean/Pools)
[+02:31:43.271] VoxelWater: Chunk X=5 Y=-25 Z=2 emitted 388 procedural water vertices (Ocean/Pools)
[+02:31:43.271] VoxelWater: Chunk X=4 Y=-24 Z=2 emitted 204 procedural water vertices (Ocean/Pools)
[+02:31:43.271] VoxelWater: Chunk X=4 Y=-24 Z=3 emitted 92 procedural water vertices (Ocean/Pools)
[+02:31:43.271] VoxelWater: Chunk X=4 Y=-24 Z=1 emitted 68 procedural water vertices (Ocean/Pools)
[+02:31:43.271] VoxelWater: Chunk X=4 Y=-23 Z=2 emitted 144 procedural water vertices (Ocean/Pools)
[+02:31:43.271] VoxelWater: Chunk X=5 Y=-24 Z=2 emitted 144 procedural water vertices (Ocean/Pools)
[+02:31:43.271] VoxelWater: Chunk X=8 Y=-25 Z=3 emitted 16 procedural water vertices (Ocean/Pools)
[+02:31:43.272] VoxelWater: Chunk X=5 Y=-25 Z=3 emitted 156 procedural water vertices (Ocean/Pools)
[+02:31:43.272] VoxelWater: Chunk X=6 Y=-25 Z=2 emitted 20 procedural water vertices (Ocean/Pools)
[+02:31:43.272] VoxelWater: Chunk X=5 Y=-29 Z=1 emitted 132 procedural water vertices (Ocean/Pools)
[+02:31:43.272] VoxelWater: Chunk X=5 Y=-29 Z=2 emitted 4 procedural water vertices (Ocean/Pools)
[+02:31:43.272] VoxelWater: Chunk X=5 Y=-24 Z=3 emitted 20 procedural water vertices (Ocean/Pools)
[+02:31:43.272] VoxelWater: Chunk X=6 Y=-24 Z=3 emitted 136 procedural water vertices (Ocean/Pools)
[+02:31:43.272] VoxelWater: Chunk X=5 Y=-24 Z=1 emitted 48 procedural water vertices (Ocean/Pools)
[+02:31:43.272] VoxelWater: Chunk X=6 Y=-26 Z=2 emitted 60 procedural water vertices (Ocean/Pools)
[+02:31:43.272] VoxelWater: Chunk X=6 Y=-26 Z=3 emitted 16 procedural water vertices (Ocean/Pools)
[+02:31:43.272] VoxelWater: Chunk X=9 Y=-25 Z=2 emitted 112 procedural water vertices (Ocean/Pools)
[+02:31:43.272] VoxelWater: Chunk X=8 Y=-25 Z=2 emitted 48 procedural water vertices (Ocean/Pools)
[+02:31:43.272] VoxelWater: Chunk X=6 Y=-24 Z=2 emitted 124 procedural water vertices (Ocean/Pools)
[+02:31:43.272] VoxelWater: Chunk X=6 Y=-24 Z=1 emitted 72 procedural water vertices (Ocean/Pools)
[+02:31:43.272] VoxelWater: Chunk X=6 Y=-27 Z=1 emitted 208 procedural water vertices (Ocean/Pools)
[+02:31:43.272] VoxelWater: Chunk X=7 Y=-27 Z=1 emitted 152 procedural water vertices (Ocean/Pools)
[+02:31:43.272] VoxelWater: Chunk X=6 Y=-28 Z=1 emitted 76 procedural water vertices (Ocean/Pools)
[+02:31:43.272] VoxelWater: Chunk X=2 Y=-25 Z=3 emitted 24 procedural water vertices (Ocean/Pools)
[+02:31:43.272] VoxelWater: Chunk X=5 Y=-21 Z=2 emitted 36 procedural water vertices (Ocean/Pools)
[+02:31:43.272] VoxelWater: Chunk X=7 Y=-26 Z=1 emitted 164 procedural water vertices (Ocean/Pools)
[+02:31:43.272] VoxelWater: Chunk X=8 Y=-26 Z=1 emitted 72 procedural water vertices (Ocean/Pools)
[+02:31:43.272] VoxelWater: Chunk X=3 Y=-26 Z=1 emitted 60 procedural water vertices (Ocean/Pools)
[+02:31:43.272] VoxelWater: Chunk X=3 Y=-23 Z=2 emitted 144 procedural water vertices (Ocean/Pools)
[+02:31:43.272] VoxelWater: Chunk X=3 Y=-23 Z=3 emitted 24 procedural water vertices (Ocean/Pools)
[+02:31:43.272] VoxelWater: Chunk X=9 Y=-27 Z=1 emitted 8 procedural water vertices (Ocean/Pools)
[+02:31:43.272] VoxelWater: Chunk X=7 Y=-29 Z=1 emitted 48 procedural water vertices (Ocean/Pools)
[+02:31:43.272] VoxelWater: Chunk X=7 Y=-28 Z=1 emitted 4 procedural water vertices (Ocean/Pools)
[+02:31:43.272] VoxelWater: Chunk X=6 Y=-29 Z=1 emitted 4 procedural water vertices (Ocean/Pools)
[+02:31:43.272] VoxelWater: Chunk X=5 Y=-23 Z=1 emitted 72 procedural water vertices (Ocean/Pools)
[+02:31:43.273] VoxelWater: Chunk X=7 Y=-21 Z=1 emitted 48 procedural water vertices (Ocean/Pools)
[+02:31:43.273] VoxelWater: Chunk X=6 Y=-21 Z=1 emitted 12 procedural water vertices (Ocean/Pools)
[+02:31:43.273] VoxelWater: Chunk X=7 Y=-22 Z=1 emitted 52 procedural water vertices (Ocean/Pools)
[+02:31:43.273] VoxelWater: Chunk X=3 Y=-27 Z=2 emitted 100 procedural water vertices (Ocean/Pools)
[+02:31:43.273] VoxelWater: Chunk X=3 Y=-27 Z=3 emitted 60 procedural water vertices (Ocean/Pools)
[+02:31:43.273] VoxelWater: Chunk X=1 Y=-23 Z=1 emitted 52 procedural water vertices (Ocean/Pools)
[+02:31:43.273] VoxelWater: Chunk X=9 Y=-23 Z=1 emitted 40 procedural water vertices (Ocean/Pools)
[+02:31:43.273] VoxelWater: Chunk X=2 Y=-27 Z=2 emitted 16 procedural water vertices (Ocean/Pools)
[+02:31:43.273] VoxelWater: Chunk X=8 Y=-22 Z=1 emitted 20 procedural water vertices (Ocean/Pools)
[+02:31:43.273] VoxelWater: Chunk X=3 Y=-28 Z=2 emitted 48 procedural water vertices (Ocean/Pools)
[+02:31:43.273] VoxelWater: Chunk X=8 Y=-28 Z=1 emitted 20 procedural water vertices (Ocean/Pools)
[+02:31:43.273] VoxelWater: Chunk X=8 Y=-23 Z=2 emitted 24 procedural water vertices (Ocean/Pools)
[+02:31:43.273] VoxelWater: Chunk X=8 Y=-24 Z=2 emitted 52 procedural water vertices (Ocean/Pools)
[+02:31:43.273] VoxelWater: Chunk X=3 Y=-23 Z=1 emitted 16 procedural water vertices (Ocean/Pools)
[+02:31:43.273] VoxelWater: Chunk X=8 Y=-27 Z=1 emitted 128 procedural water vertices (Ocean/Pools)
[+02:31:43.273] VoxelWater: Chunk X=3 Y=-27 Z=1 emitted 4 procedural water vertices (Ocean/Pools)
[+02:31:43.273] VoxelWater: Chunk X=5 Y=-28 Z=1 emitted 132 procedural water vertices (Ocean/Pools)
[+02:31:43.273] VoxelWater: Chunk X=9 Y=-25 Z=1 emitted 16 procedural water vertices (Ocean/Pools)
[+02:31:43.273] VoxelWater: Chunk X=9 Y=-24 Z=1 emitted 8 procedural water vertices (Ocean/Pools)
[+02:31:43.273] VoxelWater: Chunk X=5 Y=-23 Z=2 emitted 32 procedural water vertices (Ocean/Pools)
[+02:31:43.273] VoxelWater: Chunk X=5 Y=-22 Z=2 emitted 128 procedural water vertices (Ocean/Pools)
[+02:31:43.273] VoxelWater: Chunk X=5 Y=-27 Z=2 emitted 52 procedural water vertices (Ocean/Pools)
[+02:31:43.273] VoxelWater: Chunk X=5 Y=-28 Z=2 emitted 60 procedural water vertices (Ocean/Pools)
[+02:31:43.273] VoxelWater: Chunk X=6 Y=-27 Z=2 emitted 12 procedural water vertices (Ocean/Pools)
[+02:31:43.273] VoxelWater: Chunk X=9 Y=-26 Z=1 emitted 8 procedural water vertices (Ocean/Pools)
[+02:31:43.273] VoxelWater: Chunk X=3 Y=-24 Z=2 emitted 48 procedural water vertices (Ocean/Pools)
[+02:31:43.273] VoxelWater: Chunk X=2 Y=-24 Z=2 emitted 20 procedural water vertices (Ocean/Pools)
[+02:31:43.273] VoxelWater: Chunk X=4 Y=-29 Z=1 emitted 12 procedural water vertices (Ocean/Pools)
[+02:31:43.273] VoxelWater: Chunk X=3 Y=-26 Z=2 emitted 96 procedural water vertices (Ocean/Pools)
[+02:31:43.273] VoxelWater: Chunk X=5 Y=-21 Z=1 emitted 28 procedural water vertices (Ocean/Pools)
[+02:31:43.273] VoxelWater: Chunk X=4 Y=-28 Z=1 emitted 4 procedural water vertices (Ocean/Pools)
[+02:31:43.273] VoxelWater: Chunk X=6 Y=-28 Z=2 emitted 16 procedural water vertices (Ocean/Pools)
[+02:31:43.274] VoxelWater: Chunk X=7 Y=-26 Z=2 emitted 40 procedural water vertices (Ocean/Pools)
[+02:31:43.274] VoxelWater: Chunk X=6 Y=-22 Z=1 emitted 88 procedural water vertices (Ocean/Pools)
[+02:31:43.274] VoxelWater: Chunk X=2 Y=-24 Z=1 emitted 4 procedural water vertices (Ocean/Pools)
[+02:31:43.274] VoxelWater: Chunk X=4 Y=-27 Z=2 emitted 48 procedural water vertices (Ocean/Pools)
[+02:31:43.274] VoxelWater: Chunk X=2 Y=-23 Z=1 emitted 16 procedural water vertices (Ocean/Pools)
[+02:31:43.274] VoxelWater: Chunk X=8 Y=-23 Z=1 emitted 52 procedural water vertices (Ocean/Pools)
[+02:31:43.274] VoxelWater: Chunk X=8 Y=-26 Z=2 emitted 28 procedural water vertices (Ocean/Pools)
[+02:31:43.274] VoxelWater: Chunk X=6 Y=-22 Z=2 emitted 12 procedural water vertices (Ocean/Pools)
[+02:31:43.274] VoxelWater: Chunk X=2 Y=-26 Z=2 emitted 44 procedural water vertices (Ocean/Pools)
[+02:31:43.274] VoxelWater: Chunk X=4 Y=-28 Z=2 emitted 32 procedural water vertices (Ocean/Pools)
[+02:31:43.274] VoxelWater: Chunk X=3 Y=-24 Z=3 emitted 32 procedural water vertices (Ocean/Pools)
[+02:31:43.274] VoxelWater: Chunk X=3 Y=-25 Z=3 emitted 60 procedural water vertices (Ocean/Pools)
[+02:31:43.274] VoxelWater: Chunk X=7 Y=-25 Z=3 emitted 60 procedural water vertices (Ocean/Pools)
[+02:31:43.274] VoxelWater: Chunk X=2 Y=-28 Z=2 emitted 72 procedural water vertices (Ocean/Pools)
[+02:31:43.274] VoxelWater: Chunk X=2 Y=-22 Z=2 emitted 16 procedural water vertices (Ocean/Pools)
[+02:31:43.286] VoxelChunk: GenerateAsync (6,-30,0)
[+02:31:43.286] VoxelChunk: GenerateAsync (10,-26,0)
[+02:31:43.286] VoxelChunk: GenerateAsync (6,-24,4)
[+02:31:43.286] VoxelChunk: GenerateAsync (0,-26,0)
[+02:31:43.286] VoxelChunk: GenerateAsync (6,-21,2)
[+02:31:43.286] VoxelChunk: GenerateAsync (4,-25,4)
[+02:31:43.286] VoxelChunk: GenerateAsync (4,-21,2)
[+02:31:43.286] VoxelChunk: GenerateAsync (8,-26,3)
[+02:31:43.286] VoxelChunk: GenerateAsync (5,-24,4)
[+02:31:43.286] VoxelChunk: GenerateAsync (2,-26,3)
[+02:31:43.286] VoxelChunk: GenerateAsync (8,-24,3)
[+02:31:43.286] VoxelChunk: GenerateAsync (5,-30,0)
[+02:31:43.286] VoxelChunk: GenerateAsync (6,-25,4)
[+02:31:43.286] VoxelChunk: GenerateAsync (4,-28,3)
[+02:31:43.286] VoxelChunk: GenerateAsync (9,-24,2)
[+02:31:43.286] VoxelMesh: Chunk X=6 Y=-24 Z=4 FlatVerts=0 SlopeVerts=18
[+02:31:43.286] VoxelChunk: GenerateAsync (4,-22,3)
[+02:31:43.286] VoxelChunk: GenerateAsync (1,-24,2)
[+02:31:43.286] VoxelChunk: GenerateAsync (6,-28,3)
[+02:31:43.287] VoxelChunk: GenerateAsync (2,-24,3)
[+02:31:43.287] VoxelChunk: GenerateAsync (6,-22,3)
[+02:31:43.287] VoxelChunk: GenerateAsync (1,-26,2)
[+02:31:43.287] VoxelChunk: GenerateAsync (9,-26,2)
[+02:31:43.287] VoxelChunk: GenerateAsync (4,-29,2)
[+02:31:43.287] VoxelChunk: GenerateAsync (6,-29,2)
[+02:31:43.287] VoxelChunk: GenerateAsync (10,-25,0)
[+02:31:43.287] VoxelChunk: GenerateAsync (5,-26,4)
[+02:31:43.287] VoxelChunk: GenerateAsync (5,-20,0)
[+02:31:43.287] VoxelChunk: GenerateAsync (8,-21,0)
[+02:31:43.287] VoxelChunk: GenerateAsync (8,-29,0)
[+02:31:43.287] VoxelChunk: GenerateAsync (2,-21,0)
[+02:31:43.287] VoxelChunk: GenerateAsync (0,-25,0)
[+02:31:43.287] VoxelChunk: GenerateAsync (9,-28,0)
[+02:31:43.287] VoxelChunk: GenerateAsync (9,-22,0)
[+02:31:43.287] VoxelChunk: GenerateAsync (1,-28,0)
[+02:31:43.287] VoxelChunk: GenerateAsync (4,-26,2)
[+02:31:43.287] VoxelChunk: GenerateAsync (1,-22,0)
[+02:31:43.287] VoxelChunk: GenerateAsync (4,-25,2)
[+02:31:43.287] VoxelChunk: GenerateAsync (5,-28,3)
[+02:31:43.287] VoxelChunk: GenerateAsync (4,-24,2)
[+02:31:43.287] VoxelChunk: GenerateAsync (8,-25,3)
[+02:31:43.287] VoxelChunk: GenerateAsync (5,-26,2)
[+02:31:43.287] VoxelChunk: GenerateAsync (5,-25,4)
[+02:31:43.287] VoxelChunk: GenerateAsync (5,-25,2)
[+02:31:43.287] VoxelChunk: GenerateAsync (5,-29,2)
[+02:31:43.287] VoxelChunk: GenerateAsync (5,-24,2)
[+02:31:43.287] VoxelChunk: GenerateAsync (1,-25,2)
[+02:31:43.287] VoxelChunk: GenerateAsync (6,-26,2)
[+02:31:43.287] VoxelMesh: Chunk X=8 Y=-26 Z=3 FlatVerts=0 SlopeVerts=0
[+02:31:43.287] VoxelChunk: GenerateAsync (9,-25,2)
[+02:31:43.287] VoxelChunk: GenerateAsync (6,-25,2)
[+02:31:43.288] VoxelChunk: GenerateAsync (5,-22,3)
[+02:31:43.288] VoxelMesh: Chunk X=4 Y=-25 Z=4 FlatVerts=0 SlopeVerts=0
[+02:31:43.288] VoxelChunk: GenerateAsync (6,-24,2)
[+02:31:43.288] VoxelMesh: Chunk X=6 Y=-21 Z=2 FlatVerts=126 SlopeVerts=90
[+02:31:43.288] VoxelMesh: Chunk X=4 Y=-21 Z=2 FlatVerts=174 SlopeVerts=78
[+02:31:43.288] VoxelChunk: GenerateAsync (2,-25,3)
[+02:31:43.288] VoxelChunk: GenerateAsync (5,-21,2)
[+02:31:43.288] VoxelChunk: GenerateAsync (3,-23,3)
[+02:31:43.288] VoxelChunk: GenerateAsync (9,-27,1)
[+02:31:43.288] VoxelChunk: GenerateAsync (7,-29,1)
[+02:31:43.288] VoxelChunk: GenerateAsync (7,-23,3)
[+02:31:43.288] VoxelChunk: GenerateAsync (3,-29,1)
[+02:31:43.288] VoxelChunk: GenerateAsync (1,-27,1)
[+02:31:43.288] VoxelChunk: GenerateAsync (7,-21,1)
[+02:31:43.288] VoxelMesh: Chunk X=5 Y=-24 Z=4 FlatVerts=0 SlopeVerts=0
[+02:31:43.288] VoxelChunk: GenerateAsync (3,-27,3)
[+02:31:43.288] VoxelChunk: GenerateAsync (7,-27,3)
[+02:31:43.288] VoxelMesh: Chunk X=6 Y=-25 Z=4 FlatVerts=24 SlopeVerts=78
[+02:31:43.288] VoxelChunk: GenerateAsync (1,-23,1)
[+02:31:43.288] VoxelChunk: GenerateAsync (9,-23,1)
[+02:31:43.288] VoxelChunk: GenerateAsync (3,-21,1)
[+02:31:43.288] VoxelChunk: GenerateAsync (2,-27,2)
[+02:31:43.288] VoxelChunk: GenerateAsync (8,-22,1)
[+02:31:43.288] VoxelMesh: Chunk X=4 Y=-28 Z=3 FlatVerts=0 SlopeVerts=0
[+02:31:43.288] VoxelChunk: GenerateAsync (2,-22,1)
[+02:31:43.288] VoxelChunk: GenerateAsync (2,-28,1)
[+02:31:43.288] VoxelMesh: Chunk X=8 Y=-24 Z=3 FlatVerts=0 SlopeVerts=162
[+02:31:43.288] VoxelChunk: GenerateAsync (3,-28,2)
[+02:31:43.288] VoxelChunk: GenerateAsync (8,-28,1)
[+02:31:43.288] VoxelChunk: GenerateAsync (8,-27,2)
[+02:31:43.288] VoxelChunk: GenerateAsync (7,-28,2)
[+02:31:43.288] VoxelChunk: GenerateAsync (2,-23,2)
[+02:31:43.288] VoxelChunk: GenerateAsync (7,-22,2)
[+02:31:43.288] VoxelChunk: GenerateAsync (3,-22,2)
[+02:31:43.288] VoxelChunk: GenerateAsync (8,-23,2)
[+02:31:43.288] VoxelChunk: GenerateAsync (7,-23,1)
[+02:31:43.288] VoxelChunk: GenerateAsync (3,-25,2)
[+02:31:43.288] VoxelChunk: GenerateAsync (6,-29,1)
[+02:31:43.288] VoxelChunk: GenerateAsync (5,-22,1)
[+02:31:43.288] VoxelChunk: GenerateAsync (3,-26,3)
[+02:31:43.288] VoxelChunk: GenerateAsync (7,-24,3)
[+02:31:43.288] VoxelChunk: GenerateAsync (7,-25,2)
[+02:31:43.288] VoxelChunk: GenerateAsync (6,-27,3)
[+02:31:43.288] VoxelChunk: GenerateAsync (8,-25,1)
[+02:31:43.289] VoxelChunk: GenerateAsync (9,-24,1)
[+02:31:43.289] VoxelChunk: GenerateAsync (4,-27,3)
[+02:31:43.289] VoxelChunk: GenerateAsync (4,-23,3)
[+02:31:43.289] VoxelChunk: GenerateAsync (5,-23,2)
[+02:31:43.289] VoxelChunk: GenerateAsync (5,-27,2)
[+02:31:43.289] VoxelChunk: GenerateAsync (1,-24,1)
[+02:31:43.289] VoxelMesh: Chunk X=2 Y=-26 Z=3 FlatVerts=84 SlopeVerts=186
[+02:31:43.289] VoxelChunk: GenerateAsync (9,-26,1)
[+02:31:43.289] VoxelChunk: GenerateAsync (9,-23,0)
[+02:31:43.289] VoxelChunk: GenerateAsync (3,-24,2)
[+02:31:43.289] VoxelMesh: Chunk X=9 Y=-24 Z=2 FlatVerts=120 SlopeVerts=120
[+02:31:43.289] VoxelChunk: GenerateAsync (4,-29,1)
[+02:31:43.289] VoxelChunk: GenerateAsync (3,-26,2)
[+02:31:43.289] VoxelChunk: GenerateAsync (4,-23,2)
[+02:31:43.289] VoxelChunk: GenerateAsync (4,-21,1)
[+02:31:43.289] VoxelMesh: Chunk X=2 Y=-24 Z=3 FlatVerts=0 SlopeVerts=180
[+02:31:43.289] VoxelChunk: GenerateAsync (6,-27,2)
[+02:31:43.289] VoxelChunk: GenerateAsync (7,-24,2)
[+02:31:43.289] VoxelMesh: Chunk X=4 Y=-22 Z=3 FlatVerts=96 SlopeVerts=156
[+02:31:43.289] VoxelChunk: GenerateAsync (6,-21,1)
[+02:31:43.289] VoxelChunk: GenerateAsync (6,-23,2)
[+02:31:43.289] VoxelChunk: GenerateAsync (7,-26,2)
[+02:31:43.289] VoxelChunk: GenerateAsync (6,-22,1)
[+02:31:43.289] VoxelChunk: GenerateAsync (8,-26,1)
[+02:31:43.289] VoxelChunk: GenerateAsync (4,-22,1)
[+02:31:43.289] VoxelChunk: GenerateAsync (8,-24,1)
[+02:31:43.289] VoxelChunk: GenerateAsync (4,-27,2)
[+02:31:43.289] VoxelChunk: GenerateAsync (7,-28,1)
[+02:31:43.289] VoxelChunk: GenerateAsync (8,-27,1)
[+02:31:43.289] VoxelChunk: GenerateAsync (7,-23,2)
[+02:31:43.289] VoxelChunk: GenerateAsync (7,-27,2)
[+02:31:43.289] VoxelChunk: GenerateAsync (2,-23,1)
[+02:31:43.289] VoxelChunk: GenerateAsync (3,-23,2)
[+02:31:43.289] VoxelChunk: GenerateAsync (8,-23,1)
[+02:31:43.289] VoxelChunk: GenerateAsync (3,-22,1)
[+02:31:43.289] VoxelChunk: GenerateAsync (7,-22,1)
[+02:31:43.289] VoxelChunk: GenerateAsync (3,-27,2)
[+02:31:43.289] VoxelChunk: GenerateAsync (9,-27,0)
[+02:31:43.289] VoxelMesh: Chunk X=1 Y=-24 Z=2 FlatVerts=0 SlopeVerts=138
[+02:31:43.289] VoxelChunk: GenerateAsync (7,-26,3)
[+02:31:43.289] VoxelChunk: GenerateAsync (1,-27,0)
[+02:31:43.289] VoxelChunk: GenerateAsync (7,-21,0)
[+02:31:43.289] VoxelChunk: GenerateAsync (5,-28,2)
[+02:31:43.289] VoxelChunk: GenerateAsync (2,-25,2)
[+02:31:43.289] VoxelChunk: GenerateAsync (5,-22,2)
[+02:31:43.289] VoxelChunk: GenerateAsync (8,-25,2)
[+02:31:43.289] VoxelChunk: GenerateAsync (6,-23,3)
[+02:31:43.289] VoxelChunk: GenerateAsync (6,-28,2)
[+02:31:43.289] VoxelChunk: GenerateAsync (1,-26,1)
[+02:31:43.289] VoxelMesh: Chunk X=1 Y=-26 Z=2 FlatVerts=0 SlopeVerts=0
[+02:31:43.289] VoxelChunk: GenerateAsync (2,-26,2)
[+02:31:43.289] VoxelChunk: GenerateAsync (4,-22,2)
[+02:31:43.289] VoxelChunk: GenerateAsync (3,-21,0)
[+02:31:43.289] VoxelChunk: GenerateAsync (4,-28,2)
[+02:31:43.289] VoxelMesh: Chunk X=9 Y=-26 Z=2 FlatVerts=72 SlopeVerts=66
[+02:31:43.289] VoxelChunk: GenerateAsync (2,-24,2)
[+02:31:43.289] VoxelMesh: Chunk X=4 Y=-29 Z=2 FlatVerts=90 SlopeVerts=24
[+02:31:43.289] VoxelChunk: GenerateAsync (8,-26,2)
[+02:31:43.289] VoxelChunk: GenerateAsync (8,-22,0)
[+02:31:43.289] VoxelMesh: Chunk X=6 Y=-29 Z=2 FlatVerts=0 SlopeVerts=0
[+02:31:43.289] VoxelChunk: GenerateAsync (3,-24,3)
[+02:31:43.289] VoxelChunk: GenerateAsync (5,-29,1)
[+02:31:43.289] VoxelChunk: GenerateAsync (5,-21,1)
[+02:31:43.289] VoxelChunk: GenerateAsync (9,-25,1)
[+02:31:43.289] VoxelChunk: GenerateAsync (1,-25,1)
[+02:31:43.289] VoxelChunk: GenerateAsync (8,-22,2)
[+02:31:43.289] VoxelChunk: GenerateAsync (4,-26,4)
[+02:31:43.290] VoxelChunk: GenerateAsync (2,-28,2)
[+02:31:43.290] VoxelChunk: GenerateAsync (8,-28,2)
[+02:31:43.290] VoxelChunk: GenerateAsync (6,-20,0)
[+02:31:43.290] VoxelChunk: GenerateAsync (2,-22,2)
[+02:31:43.290] VoxelChunk: GenerateAsync (4,-20,0)
[+02:31:43.290] VoxelChunk: GenerateAsync (4,-30,0)
[+02:31:43.290] VoxelChunk: GenerateAsync (6,-26,4)
[+02:31:43.290] VoxelChunk: GenerateAsync (10,-24,0)
[+02:31:43.290] VoxelChunk: GenerateAsync (4,-24,4)
[+02:31:43.290] VoxelChunk: GenerateAsync (8,-21,1)
[+02:31:43.290] VoxelChunk: GenerateAsync (3,-21,2)
[+02:31:43.290] VoxelChunk: GenerateAsync (3,-22,3)
[+02:31:43.290] VoxelMesh: Chunk X=8 Y=-29 Z=0 FlatVerts=0 SlopeVerts=0
[+02:31:43.290] VoxelMesh: Chunk X=9 Y=-28 Z=0 FlatVerts=0 SlopeVerts=0
[+02:31:43.290] VoxelMesh: Chunk X=4 Y=-26 Z=2 FlatVerts=24 SlopeVerts=18
[+02:31:43.291] VoxelMesh: Chunk X=4 Y=-25 Z=2 FlatVerts=0 SlopeVerts=144
[+02:31:43.291] VoxelMesh: Chunk X=4 Y=-24 Z=2 FlatVerts=6 SlopeVerts=114
[+02:31:43.291] VoxelMesh: Chunk X=8 Y=-25 Z=3 FlatVerts=0 SlopeVerts=168
[+02:31:43.291] VoxelMesh: Chunk X=7 Y=-28 Z=-3 FlatVerts=0 SlopeVerts=12
[+02:31:43.291] VoxelMesh: Chunk X=5 Y=-26 Z=2 FlatVerts=0 SlopeVerts=12
[+02:31:43.291] VoxelMesh: Chunk X=5 Y=-25 Z=4 FlatVerts=0 SlopeVerts=0
[+02:31:43.291] VoxelMesh: Chunk X=5 Y=-25 Z=2 FlatVerts=0 SlopeVerts=174
[+02:31:43.291] VoxelChunk: GenerateAsync (3,-25,4)
[+02:31:43.291] VoxelMesh: Chunk X=5 Y=-24 Z=2 FlatVerts=30 SlopeVerts=144
[+02:31:43.291] VoxelMesh: Chunk X=5 Y=-29 Z=2 FlatVerts=18 SlopeVerts=0
[+02:31:43.292] VoxelMesh: Chunk X=1 Y=-25 Z=2 FlatVerts=0 SlopeVerts=6
[+02:31:43.292] VoxelMesh: Chunk X=6 Y=-26 Z=2 FlatVerts=0 SlopeVerts=138
[+02:31:43.292] VoxelMesh: Chunk X=9 Y=-25 Z=2 FlatVerts=240 SlopeVerts=42
[+02:31:43.292] VoxelMesh: Chunk X=6 Y=-25 Z=2 FlatVerts=0 SlopeVerts=6
[+02:31:43.292] VoxelMesh: Chunk X=5 Y=-22 Z=3 FlatVerts=0 SlopeVerts=0
[+02:31:43.292] VoxelMesh: Chunk X=3 Y=-22 Z=-3 FlatVerts=72 SlopeVerts=222
[+02:31:43.292] VoxelMesh: Chunk X=6 Y=-24 Z=2 FlatVerts=0 SlopeVerts=168
[+02:31:43.292] VoxelMesh: Chunk X=2 Y=-25 Z=3 FlatVerts=30 SlopeVerts=114
[+02:31:43.292] VoxelMesh: Chunk X=5 Y=-21 Z=2 FlatVerts=186 SlopeVerts=72
[+02:31:43.292] VoxelChunk: GenerateAsync (7,-21,2)
[+02:31:43.292] VoxelMesh: Chunk X=9 Y=-27 Z=1 FlatVerts=150 SlopeVerts=0
[+02:31:43.292] VoxelMesh: Chunk X=7 Y=-29 Z=1 FlatVerts=162 SlopeVerts=0
[+02:31:43.292] VoxelMesh: Chunk X=7 Y=-23 Z=3 FlatVerts=0 SlopeVerts=0
[+02:31:43.292] VoxelMesh: Chunk X=3 Y=-23 Z=3 FlatVerts=12 SlopeVerts=180
[+02:31:43.293] VoxelMesh: Chunk X=3 Y=-29 Z=1 FlatVerts=126 SlopeVerts=0
[+02:31:43.293] VoxelMesh: Chunk X=1 Y=-27 Z=1 FlatVerts=0 SlopeVerts=0
[+02:31:43.293] VoxelMesh: Chunk X=7 Y=-21 Z=1 FlatVerts=102 SlopeVerts=6
[+02:31:43.293] VoxelMesh: Chunk X=9 Y=-23 Z=1 FlatVerts=126 SlopeVerts=6
[+02:31:43.293] VoxelMesh: Chunk X=3 Y=-27 Z=3 FlatVerts=84 SlopeVerts=30
[+02:31:43.293] VoxelMesh: Chunk X=1 Y=-23 Z=1 FlatVerts=120 SlopeVerts=0
[+02:31:43.293] VoxelMesh: Chunk X=3 Y=-21 Z=1 FlatVerts=0 SlopeVerts=0
[+02:31:43.293] VoxelMesh: Chunk X=2 Y=-27 Z=2 FlatVerts=18 SlopeVerts=0
[+02:31:43.294] VoxelMesh: Chunk X=8 Y=-22 Z=1 FlatVerts=96 SlopeVerts=0
[+02:31:43.294] VoxelMesh: Chunk X=8 Y=-28 Z=1 FlatVerts=114 SlopeVerts=0
[+02:31:43.294] VoxelMesh: Chunk X=8 Y=-27 Z=2 FlatVerts=0 SlopeVerts=0
[+02:31:43.294] VoxelMesh: Chunk X=2 Y=-22 Z=1 FlatVerts=6 SlopeVerts=0
[+02:31:43.294] VoxelMesh: Chunk X=2 Y=-28 Z=1 FlatVerts=24 SlopeVerts=0
[+02:31:43.294] VoxelMesh: Chunk X=3 Y=-28 Z=2 FlatVerts=102 SlopeVerts=108
[+02:31:43.294] VoxelMesh: Chunk X=7 Y=-28 Z=2 FlatVerts=0 SlopeVerts=0
[+02:31:43.294] VoxelChunk: GenerateAsync (8,-23,3)
[+02:31:43.294] VoxelMesh: Chunk X=2 Y=-23 Z=2 FlatVerts=90 SlopeVerts=174
[+02:31:43.294] VoxelMesh: Chunk X=8 Y=-23 Z=2 FlatVerts=0 SlopeVerts=42
[+02:31:43.294] VoxelMesh: Chunk X=7 Y=-23 Z=1 FlatVerts=60 SlopeVerts=48
[+02:31:43.294] VoxelMesh: Chunk X=3 Y=-22 Z=2 FlatVerts=30 SlopeVerts=96
[+02:31:43.294] VoxelMesh: Chunk X=6 Y=-29 Z=1 FlatVerts=174 SlopeVerts=0
[+02:31:43.294] VoxelMesh: Chunk X=5 Y=-22 Z=1 FlatVerts=6 SlopeVerts=0
[+02:31:43.294] VoxelMesh: Chunk X=7 Y=-22 Z=2 FlatVerts=60 SlopeVerts=0
[+02:31:43.294] VoxelMesh: Chunk X=3 Y=-25 Z=2 FlatVerts=0 SlopeVerts=12
[+02:31:43.294] VoxelMesh: Chunk X=8 Y=-27 Z=-3 FlatVerts=390 SlopeVerts=138
[+02:31:43.295] VoxelMesh: Chunk X=3 Y=-26 Z=3 FlatVerts=48 SlopeVerts=102
[+02:31:43.295] VoxelChunk: GenerateAsync (5,-20,1)
[+02:31:43.295] VoxelMesh: Chunk X=7 Y=-25 Z=2 FlatVerts=0 SlopeVerts=0
[+02:31:43.296] VoxelMesh: Chunk X=9 Y=-24 Z=1 FlatVerts=0 SlopeVerts=0
[+02:31:43.296] VoxelMesh: Chunk X=4 Y=-27 Z=3 FlatVerts=0 SlopeVerts=0
[+02:31:43.296] VoxelMesh: Chunk X=7 Y=-24 Z=3 FlatVerts=0 SlopeVerts=180
[+02:31:43.296] VoxelMesh: Chunk X=8 Y=-25 Z=1 FlatVerts=0 SlopeVerts=0
[+02:31:43.296] VoxelMesh: Chunk X=4 Y=-23 Z=3 FlatVerts=54 SlopeVerts=162
[+02:31:43.296] VoxelMesh: Chunk X=5 Y=-23 Z=2 FlatVerts=0 SlopeVerts=66
[+02:31:43.296] VoxelMesh: Chunk X=5 Y=-27 Z=2 FlatVerts=102 SlopeVerts=12
[+02:31:43.296] VoxelMesh: Chunk X=9 Y=-26 Z=1 FlatVerts=66 SlopeVerts=0
[+02:31:43.296] VoxelMesh: Chunk X=1 Y=-24 Z=1 FlatVerts=36 SlopeVerts=54
[+02:31:43.296] VoxelMesh: Chunk X=4 Y=-29 Z=1 FlatVerts=84 SlopeVerts=0
[+02:31:43.296] VoxelMesh: Chunk X=3 Y=-24 Z=2 FlatVerts=0 SlopeVerts=30
[+02:31:43.296] VoxelMesh: Chunk X=3 Y=-26 Z=2 FlatVerts=12 SlopeVerts=174
[+02:31:43.296] VoxelMesh: Chunk X=6 Y=-27 Z=2 FlatVerts=18 SlopeVerts=0
[+02:31:43.296] VoxelMesh: Chunk X=4 Y=-23 Z=2 FlatVerts=0 SlopeVerts=192
[+02:31:43.296] VoxelMesh: Chunk X=4 Y=-21 Z=1 FlatVerts=0 SlopeVerts=24
[+02:31:43.296] VoxelMesh: Chunk X=6 Y=-23 Z=2 FlatVerts=0 SlopeVerts=0
[+02:31:43.296] VoxelMesh: Chunk X=6 Y=-21 Z=1 FlatVerts=12 SlopeVerts=0
[+02:31:43.296] VoxelMesh: Chunk X=7 Y=-24 Z=2 FlatVerts=0 SlopeVerts=66
[+02:31:43.296] VoxelMesh: Chunk X=7 Y=-26 Z=2 FlatVerts=0 SlopeVerts=138
[+02:31:43.296] VoxelMesh: Chunk X=6 Y=-22 Z=1 FlatVerts=66 SlopeVerts=0
[+02:31:43.296] VoxelMesh: Chunk X=8 Y=-26 Z=1 FlatVerts=114 SlopeVerts=18
[+02:31:43.296] VoxelMesh: Chunk X=7 Y=-28 Z=1 FlatVerts=138 SlopeVerts=0
[+02:31:43.296] VoxelMesh: Chunk X=8 Y=-27 Z=1 FlatVerts=132 SlopeVerts=0
[+02:31:43.296] VoxelMesh: Chunk X=4 Y=-27 Z=2 FlatVerts=126 SlopeVerts=90
[+02:31:43.296] VoxelMesh: Chunk X=8 Y=-24 Z=1 FlatVerts=0 SlopeVerts=0
[+02:31:43.296] VoxelMesh: Chunk X=4 Y=-22 Z=1 FlatVerts=0 SlopeVerts=0
[+02:31:43.296] VoxelMesh: Chunk X=7 Y=-27 Z=2 FlatVerts=0 SlopeVerts=0
[+02:31:43.298] VoxelMesh: Chunk X=7 Y=-23 Z=2 FlatVerts=0 SlopeVerts=84
[+02:31:43.298] VoxelMesh: Chunk X=2 Y=-23 Z=1 FlatVerts=30 SlopeVerts=6
[+02:31:43.298] VoxelMesh: Chunk X=3 Y=-23 Z=2 FlatVerts=24 SlopeVerts=222
[+02:31:43.298] VoxelMesh: Chunk X=7 Y=-22 Z=1 FlatVerts=126 SlopeVerts=0
[+02:31:43.298] VoxelMesh: Chunk X=8 Y=-23 Z=1 FlatVerts=120 SlopeVerts=36
[+02:31:43.298] VoxelMesh: Chunk X=7 Y=-26 Z=3 FlatVerts=0 SlopeVerts=78
[+02:31:43.298] VoxelMesh: Chunk X=3 Y=-27 Z=2 FlatVerts=48 SlopeVerts=72
[+02:31:43.298] VoxelMesh: Chunk X=3 Y=-22 Z=1 FlatVerts=0 SlopeVerts=0
[+02:31:43.299] VoxelMesh: Chunk X=5 Y=-28 Z=2 FlatVerts=66 SlopeVerts=0
[+02:31:43.299] VoxelMesh: Chunk X=5 Y=-22 Z=2 FlatVerts=126 SlopeVerts=102
[+02:31:43.299] VoxelMesh: Chunk X=2 Y=-25 Z=2 FlatVerts=0 SlopeVerts=0
[+02:31:43.299] VoxelMesh: Chunk X=8 Y=-25 Z=2 FlatVerts=30 SlopeVerts=138
[+02:31:43.299] VoxelMesh: Chunk X=6 Y=-23 Z=3 FlatVerts=0 SlopeVerts=0
[+02:31:43.299] VoxelMesh: Chunk X=6 Y=-28 Z=2 FlatVerts=24 SlopeVerts=0
[+02:31:43.299] VoxelMesh: Chunk X=4 Y=-28 Z=2 FlatVerts=174 SlopeVerts=24
[+02:31:43.299] VoxelMesh: Chunk X=4 Y=-22 Z=2 FlatVerts=12 SlopeVerts=90
[+02:31:43.299] VoxelMesh: Chunk X=2 Y=-26 Z=2 FlatVerts=30 SlopeVerts=48
[+02:31:43.299] VoxelMesh: Chunk X=2 Y=-24 Z=2 FlatVerts=0 SlopeVerts=156
[+02:31:43.299] VoxelMesh: Chunk X=8 Y=-26 Z=2 FlatVerts=24 SlopeVerts=96
[+02:31:43.299] VoxelMesh: Chunk X=5 Y=-29 Z=1 FlatVerts=138 SlopeVerts=0
[+02:31:43.299] VoxelMesh: Chunk X=5 Y=-21 Z=1 FlatVerts=0 SlopeVerts=18
[+02:31:43.299] VoxelMesh: Chunk X=3 Y=-24 Z=3 FlatVerts=54 SlopeVerts=198
[+02:31:43.300] VoxelMesh: Chunk X=9 Y=-25 Z=1 FlatVerts=6 SlopeVerts=0
[+02:31:43.300] VoxelMesh: Chunk X=8 Y=-22 Z=2 FlatVerts=0 SlopeVerts=0
[+02:31:43.300] VoxelMesh: Chunk X=1 Y=-25 Z=1 FlatVerts=0 SlopeVerts=0
[+02:31:43.300] VoxelMesh: Chunk X=4 Y=-26 Z=4 FlatVerts=0 SlopeVerts=0
[+02:31:43.300] VoxelMesh: Chunk X=2 Y=-28 Z=2 FlatVerts=126 SlopeVerts=102
[+02:31:43.300] VoxelMesh: Chunk X=2 Y=-22 Z=2 FlatVerts=132 SlopeVerts=90
[+02:31:43.300] VoxelMesh: Chunk X=6 Y=-26 Z=4 FlatVerts=0 SlopeVerts=0
[+02:31:43.301] VoxelMesh: Chunk X=4 Y=-24 Z=4 FlatVerts=0 SlopeVerts=0
[+02:31:43.301] VoxelMesh: Chunk X=8 Y=-21 Z=1 FlatVerts=102 SlopeVerts=18
[+02:31:43.301] VoxelMesh: Chunk X=3 Y=-21 Z=2 FlatVerts=96 SlopeVerts=120
[+02:31:43.301] VoxelMesh: Chunk X=3 Y=-22 Z=3 FlatVerts=60 SlopeVerts=198
[+02:31:43.302] VoxelMesh: Chunk X=3 Y=-25 Z=4 FlatVerts=0 SlopeVerts=12
[+02:31:43.302] VoxelMesh: Chunk X=7 Y=-21 Z=2 FlatVerts=72 SlopeVerts=222
[+02:31:43.302] VoxelMesh: Chunk X=5 Y=-20 Z=1 FlatVerts=390 SlopeVerts=138
[+02:31:43.321] VoxelMesh: Chunk X=2 Y=-27 Z=-3 FlatVerts=60 SlopeVerts=150
[+02:31:43.321] VoxelChunk: GenerateAsync (3,-28,3)
[+02:31:43.321] VoxelMesh: Chunk X=7 Y=-22 Z=-3 FlatVerts=0 SlopeVerts=36
[+02:31:43.322] VoxelChunk: GenerateAsync (9,-23,2)
[+02:31:43.322] VoxelMesh: Chunk X=2 Y=-23 Z=-3 FlatVerts=108 SlopeVerts=66
[+02:31:43.323] VoxelMesh: Chunk X=3 Y=-28 Z=3 FlatVerts=60 SlopeVerts=150
[+02:31:43.323] VoxelChunk: GenerateAsync (3,-29,2)
[+02:31:43.323] VoxelMesh: Chunk X=9 Y=-23 Z=2 FlatVerts=0 SlopeVerts=36
[+02:31:43.323] VoxelMesh: Chunk X=8 Y=-23 Z=-3 FlatVerts=24 SlopeVerts=174
[+02:31:43.323] VoxelMesh: Chunk X=3 Y=-29 Z=2 FlatVerts=108 SlopeVerts=66
[+02:31:43.324] VoxelChunk: GenerateAsync (0,-25,1)
[+02:31:43.324] VoxelMesh: Chunk X=0 Y=-25 Z=1 FlatVerts=24 SlopeVerts=174
[+02:31:43.333] VoxelChunk: GenerateAsync (8,-27,3)
[+02:31:43.334] VoxelMesh: Chunk X=6 Y=-28 Z=-3 FlatVerts=984 SlopeVerts=408
[+02:31:43.334] VoxelChunk: GenerateAsync (10,-25,1)
[+02:31:43.335] VoxelChunk: GenerateAsync (7,-29,2)
[+02:31:43.336] VoxelMesh: Chunk X=10 Y=-25 Z=1 FlatVerts=984 SlopeVerts=408
[+02:31:43.336] VoxelMesh: Chunk X=2 Y=-24 Z=-3 FlatVerts=0 SlopeVerts=6
[+02:31:43.336] VoxelChunk: GenerateAsync (1,-23,2)
[+02:31:43.337] VoxelMesh: Chunk X=1 Y=-23 Z=2 FlatVerts=0 SlopeVerts=6
[+02:31:43.345] VoxelMesh: Chunk X=4 Y=-28 Z=-3 FlatVerts=36 SlopeVerts=24
[+02:31:43.345] VoxelChunk: GenerateAsync (2,-21,1)
[+02:31:43.346] VoxelMesh: Chunk X=2 Y=-26 Z=-3 FlatVerts=60 SlopeVerts=750
[+02:31:43.347] VoxelMesh: Chunk X=2 Y=-21 Z=1 FlatVerts=36 SlopeVerts=24
[+02:31:43.347] VoxelChunk: GenerateAsync (2,-23,3)
[+02:31:43.347] VoxelMesh: Chunk X=4 Y=-22 Z=-3 FlatVerts=324 SlopeVerts=372
[+02:31:43.348] VoxelChunk: GenerateAsync (5,-30,1)
[+02:31:43.348] VoxelMesh: Chunk X=2 Y=-23 Z=3 FlatVerts=60 SlopeVerts=750
[+02:31:43.348] VoxelMesh: Chunk X=5 Y=-30 Z=1 FlatVerts=324 SlopeVerts=372
[+02:31:43.348] VoxelChunk: GenerateAsync (5,-23,4)
[+02:31:43.357] VoxelMesh: Chunk X=2 Y=-25 Z=-3 FlatVerts=726 SlopeVerts=2502
[+02:31:43.358] VoxelChunk: GenerateAsync (7,-25,4)
[+02:31:43.359] VoxelMesh: Chunk X=5 Y=-28 Z=-3 FlatVerts=1794 SlopeVerts=0
[+02:31:43.359] VoxelMesh: Chunk X=7 Y=-25 Z=4 FlatVerts=726 SlopeVerts=2502
[+02:31:43.360] VoxelChunk: GenerateAsync (9,-28,1)
[+02:31:43.360] VoxelMesh: Chunk X=8 Y=-25 Z=-3 FlatVerts=252 SlopeVerts=60
[+02:31:43.361] VoxelChunk: GenerateAsync (1,-28,1)
[+02:31:43.361] VoxelMesh: Chunk X=9 Y=-28 Z=1 FlatVerts=1794 SlopeVerts=0
[+02:31:43.361] VoxelMesh: Chunk X=1 Y=-28 Z=1 FlatVerts=252 SlopeVerts=60
[+02:31:43.361] VoxelMesh: Chunk X=5 Y=-22 Z=-3 FlatVerts=630 SlopeVerts=12
[+02:31:43.362] VoxelChunk: GenerateAsync (2,-29,1)
[+02:31:43.362] VoxelMesh: Chunk X=2 Y=-29 Z=1 FlatVerts=630 SlopeVerts=12
[+02:31:43.370] VoxelChunk: GenerateAsync (5,-27,4)
[+02:31:43.371] VoxelMesh: Chunk X=7 Y=-27 Z=-3 FlatVerts=1836 SlopeVerts=0
[+02:31:43.372] VoxelChunk: GenerateAsync (9,-22,1)
[+02:31:43.373] VoxelMesh: Chunk X=3 Y=-23 Z=-3 FlatVerts=1812 SlopeVerts=546
[+02:31:43.374] VoxelMesh: Chunk X=9 Y=-22 Z=1 FlatVerts=1836 SlopeVerts=0
[+02:31:43.374] VoxelChunk: GenerateAsync (1,-22,1)
[+02:31:43.375] VoxelChunk: GenerateAsync (7,-22,3)
[+02:31:43.375] VoxelMesh: Chunk X=1 Y=-22 Z=1 FlatVerts=1812 SlopeVerts=546
[+02:31:43.384] VoxelMesh: Chunk X=8 Y=-22 Z=-3 FlatVerts=0 SlopeVerts=0
[+02:31:43.384] VoxelChunk: GenerateAsync (9,-27,2)
[+02:31:43.385] VoxelMesh: Chunk X=2 Y=-22 Z=-3 FlatVerts=48 SlopeVerts=324
[+02:31:43.385] VoxelMesh: Chunk X=9 Y=-27 Z=2 FlatVerts=0 SlopeVerts=0
[+02:31:43.385] VoxelChunk: GenerateAsync (1,-27,2)
[+02:31:43.386] VoxelMesh: Chunk X=1 Y=-27 Z=2 FlatVerts=48 SlopeVerts=324
[+02:31:43.386] VoxelMesh: Chunk X=2 Y=-28 Z=-3 FlatVerts=1800 SlopeVerts=0
[+02:31:43.387] VoxelChunk: GenerateAsync (8,-29,1)
[+02:31:43.388] VoxelMesh: Chunk X=8 Y=-29 Z=1 FlatVerts=1800 SlopeVerts=0
[+02:31:43.388] VoxelMesh: Chunk X=8 Y=-28 Z=-3 FlatVerts=1734 SlopeVerts=5148
[+02:31:43.389] VoxelChunk: GenerateAsync (2,-27,3)
[+02:31:43.391] VoxelMesh: Chunk X=2 Y=-27 Z=3 FlatVerts=1734 SlopeVerts=5148
[+02:31:43.400] VoxelChunk: GenerateAsync (7,-28,3)
[+02:31:43.402] VoxelChunk: GenerateAsync (0,-27,0)
[+02:31:43.404] VoxelMesh: Chunk X=4 Y=-25 Z=-3 FlatVerts=0 SlopeVerts=0
[+02:31:43.404] VoxelChunk: GenerateAsync (0,-26,1)
[+02:31:43.405] VoxelMesh: Chunk X=6 Y=-26 Z=-3 FlatVerts=0 SlopeVerts=0
[+02:31:43.405] VoxelChunk: GenerateAsync (7,-26,4)
[+02:31:43.406] VoxelMesh: Chunk X=0 Y=-26 Z=1 FlatVerts=0 SlopeVerts=0
[+02:31:43.406] VoxelMesh: Chunk X=7 Y=-26 Z=4 FlatVerts=0 SlopeVerts=0
[+02:31:43.414] VoxelChunk: GenerateAsync (4,-27,4)
[+02:31:43.416] VoxelMesh: Chunk X=4 Y=-24 Z=-3 FlatVerts=342 SlopeVerts=318
[+02:31:43.416] VoxelChunk: GenerateAsync (6,-20,1)
[+02:31:43.417] VoxelMesh: Chunk X=5 Y=-23 Z=-3 FlatVerts=1392 SlopeVerts=1380
[+02:31:43.417] VoxelMesh: Chunk X=6 Y=-20 Z=1 FlatVerts=342 SlopeVerts=318
[+02:31:43.418] VoxelChunk: GenerateAsync (10,-26,1)
[+02:31:43.419] VoxelChunk: GenerateAsync (7,-30,0)
[+02:31:43.420] VoxelMesh: Chunk X=10 Y=-26 Z=1 FlatVerts=1392 SlopeVerts=1380
[+02:31:43.430] VoxelMesh: Chunk X=3 Y=-25 Z=-3 FlatVerts=2316 SlopeVerts=888
[+02:31:43.431] VoxelChunk: GenerateAsync (4,-20,1)
[+02:31:43.433] VoxelMesh: Chunk X=7 Y=-25 Z=-3 FlatVerts=1530 SlopeVerts=696
[+02:31:43.433] VoxelMesh: Chunk X=4 Y=-20 Z=1 FlatVerts=2316 SlopeVerts=888
[+02:31:43.433] VoxelChunk: GenerateAsync (0,-24,1)
[+02:31:43.434] VoxelMesh: Chunk X=3 Y=-24 Z=-3 FlatVerts=240 SlopeVerts=2922
[+02:31:43.434] VoxelMesh: Chunk X=0 Y=-24 Z=1 FlatVerts=1530 SlopeVerts=696
[+02:31:43.434] VoxelChunk: GenerateAsync (3,-24,4)
[+02:31:43.436] VoxelMesh: Chunk X=7 Y=-24 Z=-3 FlatVerts=1542 SlopeVerts=414
[+02:31:43.436] VoxelMesh: Chunk X=3 Y=-24 Z=4 FlatVerts=240 SlopeVerts=2922
[+02:31:43.437] VoxelChunk: GenerateAsync (10,-24,1)
[+02:31:43.438] VoxelMesh: Chunk X=10 Y=-24 Z=1 FlatVerts=1542 SlopeVerts=414
[+02:31:43.470] VoxelWater: Chunk X=5 Y=-26 Z=1 emitted 320 procedural water vertices (Ocean/Pools)
[+02:31:43.470] VoxelWater: Chunk X=6 Y=-26 Z=1 emitted 96 procedural water vertices (Ocean/Pools)
[+02:31:43.470] VoxelWater: Chunk X=4 Y=-26 Z=1 emitted 348 procedural water vertices (Ocean/Pools)
[+02:31:43.470] VoxelWater: Chunk X=4 Y=-25 Z=1 emitted 112 procedural water vertices (Ocean/Pools)
[+02:31:43.470] VoxelWater: Chunk X=5 Y=-25 Z=1 emitted 12 procedural water vertices (Ocean/Pools)
[+02:31:43.470] VoxelWater: Chunk X=6 Y=-24 Z=4 emitted 16 procedural water vertices (Ocean/Pools)
[+02:31:43.470] VoxelWater: Chunk X=6 Y=-25 Z=1 emitted 12 procedural water vertices (Ocean/Pools)
[+02:31:43.470] VoxelWater: Chunk X=4 Y=-21 Z=1 emitted 32 procedural water vertices (Ocean/Pools)
[+02:31:43.470] VoxelWater: Chunk X=4 Y=-21 Z=2 emitted 140 procedural water vertices (Ocean/Pools)
[+02:31:43.470] VoxelWater: Chunk X=4 Y=-22 Z=2 emitted 40 procedural water vertices (Ocean/Pools)
[+02:31:43.470] VoxelWater: Chunk X=5 Y=-21 Z=2 emitted 76 procedural water vertices (Ocean/Pools)
[+02:31:43.470] VoxelWater: Chunk X=6 Y=-25 Z=3 emitted 360 procedural water vertices (Ocean/Pools)
[+02:31:43.470] VoxelWater: Chunk X=6 Y=-25 Z=4 emitted 28 procedural water vertices (Ocean/Pools)
[+02:31:43.470] VoxelWater: Chunk X=9 Y=-24 Z=2 emitted 128 procedural water vertices (Ocean/Pools)
[+02:31:43.470] VoxelWater: Chunk X=4 Y=-22 Z=3 emitted 96 procedural water vertices (Ocean/Pools)
[+02:31:43.471] VoxelWater: Chunk X=4 Y=-23 Z=3 emitted 4 procedural water vertices (Ocean/Pools)
[+02:31:43.471] VoxelWater: Chunk X=1 Y=-24 Z=2 emitted 68 procedural water vertices (Ocean/Pools)
[+02:31:43.471] VoxelWater: Chunk X=1 Y=-25 Z=2 emitted 4 procedural water vertices (Ocean/Pools)
[+02:31:43.471] VoxelWater: Chunk X=2 Y=-24 Z=3 emitted 56 procedural water vertices (Ocean/Pools)
[+02:31:43.471] VoxelWater: Chunk X=2 Y=-25 Z=3 emitted 56 procedural water vertices (Ocean/Pools)
[+02:31:43.471] VoxelWater: Chunk X=9 Y=-26 Z=2 emitted 56 procedural water vertices (Ocean/Pools)
[+02:31:43.471] VoxelWater: Chunk X=7 Y=-24 Z=1 emitted 8 procedural water vertices (Ocean/Pools)
[+02:31:43.471] VoxelWater: Chunk X=8 Y=-24 Z=1 emitted 28 procedural water vertices (Ocean/Pools)
[+02:31:43.471] VoxelWater: Chunk X=6 Y=-23 Z=1 emitted 20 procedural water vertices (Ocean/Pools)
[+02:31:43.471] VoxelWater: Chunk X=5 Y=-23 Z=1 emitted 80 procedural water vertices (Ocean/Pools)
[+02:31:43.471] VoxelWater: Chunk X=4 Y=-27 Z=1 emitted 64 procedural water vertices (Ocean/Pools)
[+02:31:43.471] VoxelWater: Chunk X=5 Y=-27 Z=1 emitted 144 procedural water vertices (Ocean/Pools)
[+02:31:43.471] VoxelWater: Chunk X=4 Y=-26 Z=2 emitted 12 procedural water vertices (Ocean/Pools)
[+02:31:43.471] VoxelWater: Chunk X=4 Y=-25 Z=2 emitted 316 procedural water vertices (Ocean/Pools)
[+02:31:43.471] VoxelWater: Chunk X=4 Y=-25 Z=3 emitted 168 procedural water vertices (Ocean/Pools)
[+02:31:43.471] VoxelWater: Chunk X=5 Y=-25 Z=2 emitted 424 procedural water vertices (Ocean/Pools)
[+02:31:43.471] VoxelWater: Chunk X=4 Y=-24 Z=2 emitted 284 procedural water vertices (Ocean/Pools)
[+02:31:43.471] VoxelWater: Chunk X=4 Y=-24 Z=3 emitted 88 procedural water vertices (Ocean/Pools)
[+02:31:43.471] VoxelWater: Chunk X=3 Y=-24 Z=3 emitted 72 procedural water vertices (Ocean/Pools)
[+02:31:43.471] VoxelWater: Chunk X=4 Y=-24 Z=1 emitted 88 procedural water vertices (Ocean/Pools)
[+02:31:43.471] VoxelWater: Chunk X=5 Y=-24 Z=2 emitted 160 procedural water vertices (Ocean/Pools)
[+02:31:43.471] VoxelWater: Chunk X=8 Y=-25 Z=3 emitted 24 procedural water vertices (Ocean/Pools)
[+02:31:43.471] VoxelWater: Chunk X=5 Y=-25 Z=3 emitted 152 procedural water vertices (Ocean/Pools)
[+02:31:43.471] VoxelWater: Chunk X=6 Y=-25 Z=2 emitted 36 procedural water vertices (Ocean/Pools)
[+02:31:43.471] VoxelWater: Chunk X=5 Y=-29 Z=1 emitted 132 procedural water vertices (Ocean/Pools)
[+02:31:43.472] VoxelWater: Chunk X=5 Y=-29 Z=2 emitted 4 procedural water vertices (Ocean/Pools)
[+02:31:43.472] VoxelWater: Chunk X=5 Y=-24 Z=3 emitted 20 procedural water vertices (Ocean/Pools)
[+02:31:43.472] VoxelWater: Chunk X=6 Y=-24 Z=3 emitted 132 procedural water vertices (Ocean/Pools)
[+02:31:43.472] VoxelWater: Chunk X=5 Y=-24 Z=1 emitted 64 procedural water vertices (Ocean/Pools)
[+02:31:43.472] VoxelWater: Chunk X=6 Y=-26 Z=2 emitted 60 procedural water vertices (Ocean/Pools)
[+02:31:43.472] VoxelWater: Chunk X=6 Y=-26 Z=3 emitted 16 procedural water vertices (Ocean/Pools)
[+02:31:43.472] VoxelWater: Chunk X=9 Y=-25 Z=2 emitted 216 procedural water vertices (Ocean/Pools)
[+02:31:43.472] VoxelWater: Chunk X=8 Y=-25 Z=2 emitted 76 procedural water vertices (Ocean/Pools)
[+02:31:43.472] VoxelWater: Chunk X=6 Y=-24 Z=2 emitted 160 procedural water vertices (Ocean/Pools)
[+02:31:43.472] VoxelWater: Chunk X=6 Y=-24 Z=1 emitted 72 procedural water vertices (Ocean/Pools)
[+02:31:43.472] VoxelWater: Chunk X=6 Y=-27 Z=1 emitted 224 procedural water vertices (Ocean/Pools)
[+02:31:43.472] VoxelWater: Chunk X=7 Y=-27 Z=1 emitted 172 procedural water vertices (Ocean/Pools)
[+02:31:43.472] VoxelWater: Chunk X=6 Y=-28 Z=1 emitted 80 procedural water vertices (Ocean/Pools)
[+02:31:43.472] VoxelWater: Chunk X=10 Y=-24 Z=1 emitted 20 procedural water vertices (Ocean/Pools)
[+02:31:43.472] VoxelWater: Chunk X=7 Y=-26 Z=1 emitted 196 procedural water vertices (Ocean/Pools)
[+02:31:43.472] VoxelWater: Chunk X=8 Y=-26 Z=1 emitted 96 procedural water vertices (Ocean/Pools)
[+02:31:43.472] VoxelWater: Chunk X=3 Y=-26 Z=1 emitted 84 procedural water vertices (Ocean/Pools)
[+02:31:43.472] VoxelWater: Chunk X=3 Y=-23 Z=2 emitted 156 procedural water vertices (Ocean/Pools)
[+02:31:43.472] VoxelWater: Chunk X=3 Y=-23 Z=3 emitted 36 procedural water vertices (Ocean/Pools)
[+02:31:43.472] VoxelWater: Chunk X=9 Y=-27 Z=1 emitted 16 procedural water vertices (Ocean/Pools)
[+02:31:43.472] VoxelWater: Chunk X=4 Y=-20 Z=1 emitted 44 procedural water vertices (Ocean/Pools)
[+02:31:43.472] VoxelWater: Chunk X=7 Y=-29 Z=1 emitted 80 procedural water vertices (Ocean/Pools)
[+02:31:43.472] VoxelWater: Chunk X=7 Y=-28 Z=1 emitted 8 procedural water vertices (Ocean/Pools)
[+02:31:43.472] VoxelWater: Chunk X=8 Y=-25 Z=1 emitted 12 procedural water vertices (Ocean/Pools)
[+02:31:43.472] VoxelWater: Chunk X=10 Y=-26 Z=1 emitted 56 procedural water vertices (Ocean/Pools)
[+02:31:43.472] VoxelWater: Chunk X=10 Y=-25 Z=1 emitted 16 procedural water vertices (Ocean/Pools)
[+02:31:43.472] VoxelWater: Chunk X=5 Y=-28 Z=1 emitted 160 procedural water vertices (Ocean/Pools)
[+02:31:43.473] VoxelWater: Chunk X=7 Y=-21 Z=1 emitted 64 procedural water vertices (Ocean/Pools)
[+02:31:43.473] VoxelWater: Chunk X=6 Y=-21 Z=1 emitted 12 procedural water vertices (Ocean/Pools)
[+02:31:43.473] VoxelWater: Chunk X=7 Y=-22 Z=1 emitted 52 procedural water vertices (Ocean/Pools)
[+02:31:43.473] VoxelWater: Chunk X=3 Y=-27 Z=2 emitted 136 procedural water vertices (Ocean/Pools)
[+02:31:43.473] VoxelWater: Chunk X=3 Y=-27 Z=3 emitted 104 procedural water vertices (Ocean/Pools)
[+02:31:43.473] VoxelWater: Chunk X=2 Y=-27 Z=3 emitted 44 procedural water vertices (Ocean/Pools)
[+02:31:43.473] VoxelWater: Chunk X=1 Y=-23 Z=1 emitted 76 procedural water vertices (Ocean/Pools)
[+02:31:43.473] VoxelWater: Chunk X=9 Y=-23 Z=1 emitted 64 procedural water vertices (Ocean/Pools)
[+02:31:43.473] VoxelWater: Chunk X=2 Y=-27 Z=2 emitted 24 procedural water vertices (Ocean/Pools)
[+02:31:43.473] VoxelWater: Chunk X=8 Y=-22 Z=1 emitted 32 procedural water vertices (Ocean/Pools)
[+02:31:43.473] VoxelWater: Chunk X=3 Y=-28 Z=2 emitted 104 procedural water vertices (Ocean/Pools)
[+02:31:43.473] VoxelWater: Chunk X=8 Y=-28 Z=1 emitted 32 procedural water vertices (Ocean/Pools)
[+02:31:43.473] VoxelWater: Chunk X=8 Y=-29 Z=1 emitted 24 procedural water vertices (Ocean/Pools)
[+02:31:43.473] VoxelWater: Chunk X=8 Y=-23 Z=2 emitted 28 procedural water vertices (Ocean/Pools)
[+02:31:43.473] VoxelWater: Chunk X=8 Y=-24 Z=2 emitted 52 procedural water vertices (Ocean/Pools)
[+02:31:43.473] VoxelWater: Chunk X=3 Y=-23 Z=1 emitted 16 procedural water vertices (Ocean/Pools)
[+02:31:43.473] VoxelWater: Chunk X=8 Y=-27 Z=1 emitted 124 procedural water vertices (Ocean/Pools)
[+02:31:43.473] VoxelWater: Chunk X=3 Y=-27 Z=1 emitted 4 procedural water vertices (Ocean/Pools)
[+02:31:43.473] VoxelWater: Chunk X=1 Y=-22 Z=1 emitted 36 procedural water vertices (Ocean/Pools)
[+02:31:43.473] VoxelWater: Chunk X=9 Y=-22 Z=1 emitted 36 procedural water vertices (Ocean/Pools)
[+02:31:43.473] VoxelWater: Chunk X=3 Y=-25 Z=2 emitted 12 procedural water vertices (Ocean/Pools)
[+02:31:43.473] VoxelWater: Chunk X=6 Y=-29 Z=1 emitted 4 procedural water vertices (Ocean/Pools)
[+02:31:43.473] VoxelWater: Chunk X=9 Y=-24 Z=1 emitted 8 procedural water vertices (Ocean/Pools)
[+02:31:43.473] VoxelWater: Chunk X=9 Y=-28 Z=1 emitted 12 procedural water vertices (Ocean/Pools)
[+02:31:43.473] VoxelWater: Chunk X=7 Y=-25 Z=4 emitted 36 procedural water vertices (Ocean/Pools)
[+02:31:43.473] VoxelWater: Chunk X=5 Y=-23 Z=2 emitted 44 procedural water vertices (Ocean/Pools)
[+02:31:43.474] VoxelWater: Chunk X=5 Y=-22 Z=2 emitted 128 procedural water vertices (Ocean/Pools)
[+02:31:43.474] VoxelWater: Chunk X=5 Y=-27 Z=2 emitted 72 procedural water vertices (Ocean/Pools)
[+02:31:43.474] VoxelWater: Chunk X=5 Y=-28 Z=2 emitted 60 procedural water vertices (Ocean/Pools)
[+02:31:43.474] VoxelWater: Chunk X=6 Y=-27 Z=2 emitted 12 procedural water vertices (Ocean/Pools)
[+02:31:43.474] VoxelWater: Chunk X=9 Y=-26 Z=1 emitted 8 procedural water vertices (Ocean/Pools)
[+02:31:43.474] VoxelWater: Chunk X=3 Y=-24 Z=2 emitted 52 procedural water vertices (Ocean/Pools)
[+02:31:43.474] VoxelWater: Chunk X=4 Y=-29 Z=1 emitted 24 procedural water vertices (Ocean/Pools)
[+02:31:43.474] VoxelWater: Chunk X=3 Y=-26 Z=2 emitted 124 procedural water vertices (Ocean/Pools)
[+02:31:43.474] VoxelWater: Chunk X=4 Y=-23 Z=1 emitted 8 procedural water vertices (Ocean/Pools)
[+02:31:43.474] VoxelWater: Chunk X=4 Y=-23 Z=2 emitted 196 procedural water vertices (Ocean/Pools)
[+02:31:43.474] VoxelWater: Chunk X=4 Y=-28 Z=1 emitted 8 procedural water vertices (Ocean/Pools)
[+02:31:43.474] VoxelWater: Chunk X=6 Y=-28 Z=2 emitted 16 procedural water vertices (Ocean/Pools)
[+02:31:43.474] VoxelWater: Chunk X=7 Y=-26 Z=2 emitted 44 procedural water vertices (Ocean/Pools)
[+02:31:43.474] VoxelWater: Chunk X=2 Y=-23 Z=3 emitted 12 procedural water vertices (Ocean/Pools)
[+02:31:43.474] VoxelWater: Chunk X=6 Y=-22 Z=1 emitted 88 procedural water vertices (Ocean/Pools)
[+02:31:43.474] VoxelWater: Chunk X=2 Y=-24 Z=1 emitted 4 procedural water vertices (Ocean/Pools)
[+02:31:43.474] VoxelWater: Chunk X=4 Y=-27 Z=2 emitted 60 procedural water vertices (Ocean/Pools)
[+02:31:43.474] VoxelWater: Chunk X=2 Y=-23 Z=1 emitted 16 procedural water vertices (Ocean/Pools)
[+02:31:43.474] VoxelWater: Chunk X=2 Y=-23 Z=2 emitted 8 procedural water vertices (Ocean/Pools)
[+02:31:43.474] VoxelWater: Chunk X=8 Y=-23 Z=1 emitted 52 procedural water vertices (Ocean/Pools)
[+02:31:43.474] VoxelWater: Chunk X=8 Y=-26 Z=2 emitted 32 procedural water vertices (Ocean/Pools)
[+02:31:43.474] VoxelWater: Chunk X=6 Y=-22 Z=2 emitted 12 procedural water vertices (Ocean/Pools)
[+02:31:43.474] VoxelWater: Chunk X=2 Y=-26 Z=2 emitted 96 procedural water vertices (Ocean/Pools)
[+02:31:43.474] VoxelWater: Chunk X=4 Y=-28 Z=2 emitted 44 procedural water vertices (Ocean/Pools)
[+02:31:43.474] VoxelWater: Chunk X=2 Y=-24 Z=2 emitted 24 procedural water vertices (Ocean/Pools)
[+02:31:43.474] VoxelWater: Chunk X=3 Y=-25 Z=3 emitted 60 procedural water vertices (Ocean/Pools)
[+02:31:43.474] VoxelWater: Chunk X=5 Y=-21 Z=1 emitted 28 procedural water vertices (Ocean/Pools)
[+02:31:43.474] VoxelWater: Chunk X=5 Y=-20 Z=1 emitted 4 procedural water vertices (Ocean/Pools)
[+02:31:43.474] VoxelWater: Chunk X=7 Y=-25 Z=3 emitted 60 procedural water vertices (Ocean/Pools)
[+02:31:43.474] VoxelWater: Chunk X=9 Y=-25 Z=1 emitted 16 procedural water vertices (Ocean/Pools)
[+02:31:43.475] VoxelWater: Chunk X=2 Y=-28 Z=2 emitted 132 procedural water vertices (Ocean/Pools)
[+02:31:43.475] VoxelWater: Chunk X=2 Y=-22 Z=2 emitted 20 procedural water vertices (Ocean/Pools)
[+02:31:43.475] VoxelWater: Chunk X=3 Y=-21 Z=2 emitted 148 procedural water vertices (Ocean/Pools)
[+02:31:43.475] VoxelWater: Chunk X=3 Y=-22 Z=2 emitted 20 procedural water vertices (Ocean/Pools)
[+02:31:43.475] VoxelWater: Chunk X=3 Y=-22 Z=3 emitted 72 procedural water vertices (Ocean/Pools)
[+02:31:43.487] VoxelMesh: Chunk X=4 Y=-23 Z=-3 FlatVerts=2244 SlopeVerts=966
[+02:31:43.488] VoxelChunk: GenerateAsync (6,-30,1)
[+02:31:43.489] VoxelChunk: GenerateAsync (0,-23,0)
[+02:31:43.489] VoxelMesh: Chunk X=6 Y=-30 Z=1 FlatVerts=2244 SlopeVerts=966
[+02:31:43.491] VoxelMesh: Chunk X=7 Y=-26 Z=-3 FlatVerts=0 SlopeVerts=0
[+02:31:43.491] VoxelChunk: GenerateAsync (3,-26,4)
[+02:31:43.492] VoxelMesh: Chunk X=3 Y=-26 Z=-3 FlatVerts=0 SlopeVerts=30
[+02:31:43.492] VoxelMesh: Chunk X=3 Y=-26 Z=4 FlatVerts=0 SlopeVerts=0
[+02:31:43.492] VoxelChunk: GenerateAsync (4,-23,4)
[+02:31:43.493] VoxelMesh: Chunk X=4 Y=-23 Z=4 FlatVerts=0 SlopeVerts=30
[+02:31:43.504] VoxelChunk: GenerateAsync (7,-20,0)
[+02:31:43.505] VoxelChunk: GenerateAsync (10,-23,0)
[+02:31:43.506] VoxelChunk: GenerateAsync (6,-23,4)
[+02:31:43.507] VoxelMesh: Chunk X=6 Y=-25 Z=-3 FlatVerts=600 SlopeVerts=1032
[+02:31:43.508] VoxelChunk: GenerateAsync (4,-30,1)
[+02:31:43.509] VoxelMesh: Chunk X=4 Y=-30 Z=1 FlatVerts=600 SlopeVerts=1032
[+02:31:43.517] VoxelChunk: GenerateAsync (10,-27,0)
[+02:31:43.522] VoxelMesh: Chunk X=0 Y=0 Z=0 FlatVerts=5808 SlopeVerts=4404
[+02:31:43.524] VoxelChunk: GenerateAsync (3,-30,0)
[+02:31:43.531] VoxelMesh: Chunk X=0 Y=0 Z=0 FlatVerts=222 SlopeVerts=414
[+02:31:43.531] VoxelChunk: GenerateAsync (3,-20,0)
[+02:31:43.534] VoxelChunk: GenerateAsync (6,-27,4)
[+02:31:43.545] VoxelMesh: Chunk X=0 Y=0 Z=0 FlatVerts=138 SlopeVerts=840
[+02:31:43.545] VoxelChunk: GenerateAsync (7,-24,4)
[+02:31:43.547] VoxelMesh: Chunk X=7 Y=-24 Z=4 FlatVerts=324 SlopeVerts=1302
[+02:31:43.549] VoxelMesh: Chunk X=0 Y=0 Z=0 FlatVerts=1008 SlopeVerts=18006
[+02:31:43.551] VoxelChunk: GenerateAsync (9,-25,3)
[+02:31:43.554] VoxelMesh: Chunk X=0 Y=0 Z=0 FlatVerts=432 SlopeVerts=3888
[+02:31:43.555] VoxelChunk: GenerateAsync (1,-25,3)
[+02:31:43.557] VoxelMesh: Chunk X=1 Y=-25 Z=3 FlatVerts=882 SlopeVerts=1800
[+02:31:43.558] VoxelChunk: GenerateAsync (5,-21,3)
[+02:31:43.570] VoxelMesh: Chunk X=0 Y=0 Z=0 FlatVerts=4062 SlopeVerts=5832
[+02:31:43.572] VoxelChunk: GenerateAsync (5,-29,3)
[+02:31:43.577] VoxelMesh: Chunk X=0 Y=0 Z=0 FlatVerts=6612 SlopeVerts=10716
[+02:31:43.579] VoxelChunk: GenerateAsync (3,-30,1)
[+02:31:43.580] VoxelMesh: Chunk X=3 Y=-30 Z=1 FlatVerts=1212 SlopeVerts=924
[+02:31:43.584] VoxelMesh: Chunk X=0 Y=0 Z=0 FlatVerts=2304 SlopeVerts=8448
[+02:31:43.585] VoxelChunk: GenerateAsync (7,-30,1)
[+02:31:43.586] VoxelMesh: Chunk X=7 Y=-30 Z=1 FlatVerts=2478 SlopeVerts=318
[+02:31:43.588] VoxelMesh: Chunk X=0 Y=0 Z=0 FlatVerts=54 SlopeVerts=120
[+02:31:43.589] VoxelChunk: GenerateAsync (3,-23,4)
[+02:31:43.590] VoxelMesh: Chunk X=3 Y=-23 Z=4 FlatVerts=78 SlopeVerts=678
[+02:31:43.602] VoxelMesh: Chunk X=0 Y=0 Z=0 FlatVerts=6324 SlopeVerts=4812
[+02:31:43.603] VoxelChunk: GenerateAsync (10,-23,1)
[+02:31:43.604] VoxelMesh: Chunk X=10 Y=-23 Z=1 FlatVerts=2154 SlopeVerts=0
[+02:31:43.607] VoxelMesh: Chunk X=0 Y=0 Z=0 FlatVerts=7488 SlopeVerts=804
[+02:31:43.608] VoxelChunk: GenerateAsync (9,-29,0)
[+02:31:43.612] VoxelMesh: Chunk X=0 Y=0 Z=0 FlatVerts=1764 SlopeVerts=6330
[+02:31:43.613] VoxelChunk: GenerateAsync (6,-29,3)
[+02:31:43.618] VoxelMesh: Chunk X=0 Y=0 Z=0 FlatVerts=5394 SlopeVerts=11844
[+02:31:43.620] VoxelChunk: GenerateAsync (0,-23,1)
[+02:31:43.621] VoxelMesh: Chunk X=0 Y=-23 Z=1 FlatVerts=1776 SlopeVerts=0
[+02:31:43.633] VoxelMesh: Chunk X=0 Y=0 Z=0 FlatVerts=7104 SlopeVerts=2436
[+02:31:43.635] VoxelChunk: GenerateAsync (7,-20,1)
[+02:31:43.637] VoxelMesh: Chunk X=7 Y=-20 Z=1 FlatVerts=90 SlopeVerts=1068
[+02:31:43.640] VoxelMesh: Chunk X=0 Y=0 Z=0 FlatVerts=3138 SlopeVerts=13248
[+02:31:43.643] VoxelChunk: GenerateAsync (10,-27,1)
[+02:31:43.644] VoxelMesh: Chunk X=10 Y=-27 Z=1 FlatVerts=1860 SlopeVerts=138
[+02:31:43.646] VoxelMesh: Chunk X=0 Y=0 Z=0 FlatVerts=150 SlopeVerts=1596
[+02:31:43.646] VoxelChunk: GenerateAsync (7,-27,4)
[+02:31:43.650] VoxelMesh: Chunk X=0 Y=0 Z=0 FlatVerts=7182 SlopeVerts=0
[+02:31:43.651] VoxelChunk: GenerateAsync (9,-21,0)
[+02:31:43.685] VoxelWater: Chunk X=5 Y=-26 Z=1 emitted 360 procedural water vertices (Ocean/Pools)
[+02:31:43.685] VoxelWater: Chunk X=6 Y=-26 Z=1 emitted 120 procedural water vertices (Ocean/Pools)
[+02:31:43.685] VoxelWater: Chunk X=4 Y=-26 Z=1 emitted 396 procedural water vertices (Ocean/Pools)
[+02:31:43.685] VoxelWater: Chunk X=4 Y=-25 Z=1 emitted 128 procedural water vertices (Ocean/Pools)
[+02:31:43.685] VoxelWater: Chunk X=5 Y=-25 Z=1 emitted 12 procedural water vertices (Ocean/Pools)
[+02:31:43.685] VoxelWater: Chunk X=6 Y=-24 Z=3 emitted 136 procedural water vertices (Ocean/Pools)
[+02:31:43.685] VoxelWater: Chunk X=6 Y=-24 Z=4 emitted 16 procedural water vertices (Ocean/Pools)
[+02:31:43.685] VoxelWater: Chunk X=6 Y=-25 Z=1 emitted 16 procedural water vertices (Ocean/Pools)
[+02:31:43.685] VoxelWater: Chunk X=4 Y=-30 Z=1 emitted 32 procedural water vertices (Ocean/Pools)
[+02:31:43.685] VoxelWater: Chunk X=4 Y=-21 Z=1 emitted 36 procedural water vertices (Ocean/Pools)
[+02:31:43.685] VoxelWater: Chunk X=4 Y=-21 Z=2 emitted 140 procedural water vertices (Ocean/Pools)
[+02:31:43.685] VoxelWater: Chunk X=4 Y=-22 Z=2 emitted 40 procedural water vertices (Ocean/Pools)
[+02:31:43.685] VoxelWater: Chunk X=5 Y=-21 Z=2 emitted 80 procedural water vertices (Ocean/Pools)
[+02:31:43.685] VoxelWater: Chunk X=6 Y=-25 Z=3 emitted 376 procedural water vertices (Ocean/Pools)
[+02:31:43.685] VoxelWater: Chunk X=6 Y=-25 Z=4 emitted 28 procedural water vertices (Ocean/Pools)
[+02:31:43.685] VoxelWater: Chunk X=9 Y=-24 Z=2 emitted 128 procedural water vertices (Ocean/Pools)
[+02:31:43.685] VoxelWater: Chunk X=4 Y=-22 Z=3 emitted 100 procedural water vertices (Ocean/Pools)
[+02:31:43.685] VoxelWater: Chunk X=4 Y=-23 Z=3 emitted 4 procedural water vertices (Ocean/Pools)
[+02:31:43.685] VoxelWater: Chunk X=1 Y=-24 Z=2 emitted 64 procedural water vertices (Ocean/Pools)
[+02:31:43.685] VoxelWater: Chunk X=1 Y=-25 Z=2 emitted 4 procedural water vertices (Ocean/Pools)
[+02:31:43.685] VoxelWater: Chunk X=2 Y=-24 Z=3 emitted 56 procedural water vertices (Ocean/Pools)
[+02:31:43.685] VoxelWater: Chunk X=2 Y=-25 Z=3 emitted 56 procedural water vertices (Ocean/Pools)
[+02:31:43.685] VoxelWater: Chunk X=9 Y=-26 Z=2 emitted 60 procedural water vertices (Ocean/Pools)
[+02:31:43.686] VoxelWater: Chunk X=4 Y=-23 Z=1 emitted 12 procedural water vertices (Ocean/Pools)
[+02:31:43.686] VoxelWater: Chunk X=7 Y=-24 Z=1 emitted 8 procedural water vertices (Ocean/Pools)
[+02:31:43.686] VoxelWater: Chunk X=8 Y=-24 Z=1 emitted 36 procedural water vertices (Ocean/Pools)
[+02:31:43.686] VoxelWater: Chunk X=5 Y=-23 Z=1 emitted 88 procedural water vertices (Ocean/Pools)
[+02:31:43.686] VoxelWater: Chunk X=6 Y=-23 Z=1 emitted 24 procedural water vertices (Ocean/Pools)
[+02:31:43.686] VoxelWater: Chunk X=4 Y=-27 Z=1 emitted 68 procedural water vertices (Ocean/Pools)
[+02:31:43.686] VoxelWater: Chunk X=5 Y=-27 Z=1 emitted 212 procedural water vertices (Ocean/Pools)
[+02:31:43.686] VoxelWater: Chunk X=4 Y=-26 Z=2 emitted 12 procedural water vertices (Ocean/Pools)
[+02:31:43.686] VoxelWater: Chunk X=4 Y=-25 Z=2 emitted 344 procedural water vertices (Ocean/Pools)
[+02:31:43.686] VoxelWater: Chunk X=4 Y=-25 Z=3 emitted 164 procedural water vertices (Ocean/Pools)
[+02:31:43.686] VoxelWater: Chunk X=3 Y=-25 Z=3 emitted 64 procedural water vertices (Ocean/Pools)
[+02:31:43.686] VoxelWater: Chunk X=5 Y=-25 Z=2 emitted 444 procedural water vertices (Ocean/Pools)
[+02:31:43.686] VoxelWater: Chunk X=4 Y=-24 Z=2 emitted 304 procedural water vertices (Ocean/Pools)
[+02:31:43.686] VoxelWater: Chunk X=4 Y=-24 Z=3 emitted 80 procedural water vertices (Ocean/Pools)
[+02:31:43.686] VoxelWater: Chunk X=3 Y=-24 Z=3 emitted 72 procedural water vertices (Ocean/Pools)
[+02:31:43.686] VoxelWater: Chunk X=4 Y=-24 Z=1 emitted 116 procedural water vertices (Ocean/Pools)
[+02:31:43.686] VoxelWater: Chunk X=5 Y=-24 Z=2 emitted 160 procedural water vertices (Ocean/Pools)
[+02:31:43.686] VoxelWater: Chunk X=8 Y=-25 Z=3 emitted 24 procedural water vertices (Ocean/Pools)
[+02:31:43.686] VoxelWater: Chunk X=5 Y=-25 Z=3 emitted 140 procedural water vertices (Ocean/Pools)
[+02:31:43.686] VoxelWater: Chunk X=5 Y=-26 Z=2 emitted 4 procedural water vertices (Ocean/Pools)
[+02:31:43.686] VoxelWater: Chunk X=6 Y=-25 Z=2 emitted 60 procedural water vertices (Ocean/Pools)
[+02:31:43.686] VoxelWater: Chunk X=5 Y=-29 Z=1 emitted 132 procedural water vertices (Ocean/Pools)
[+02:31:43.686] VoxelWater: Chunk X=5 Y=-29 Z=2 emitted 4 procedural water vertices (Ocean/Pools)
[+02:31:43.686] VoxelWater: Chunk X=5 Y=-24 Z=3 emitted 20 procedural water vertices (Ocean/Pools)
[+02:31:43.686] VoxelWater: Chunk X=5 Y=-24 Z=1 emitted 76 procedural water vertices (Ocean/Pools)
[+02:31:43.686] VoxelWater: Chunk X=6 Y=-26 Z=2 emitted 60 procedural water vertices (Ocean/Pools)
[+02:31:43.686] VoxelWater: Chunk X=6 Y=-26 Z=3 emitted 16 procedural water vertices (Ocean/Pools)
[+02:31:43.686] VoxelWater: Chunk X=9 Y=-25 Z=2 emitted 216 procedural water vertices (Ocean/Pools)
[+02:31:43.687] VoxelWater: Chunk X=8 Y=-25 Z=2 emitted 72 procedural water vertices (Ocean/Pools)
[+02:31:43.687] VoxelWater: Chunk X=6 Y=-24 Z=2 emitted 168 procedural water vertices (Ocean/Pools)
[+02:31:43.687] VoxelWater: Chunk X=6 Y=-24 Z=1 emitted 88 procedural water vertices (Ocean/Pools)
[+02:31:43.687] VoxelWater: Chunk X=6 Y=-27 Z=1 emitted 264 procedural water vertices (Ocean/Pools)
[+02:31:43.687] VoxelWater: Chunk X=7 Y=-27 Z=1 emitted 196 procedural water vertices (Ocean/Pools)
[+02:31:43.687] VoxelWater: Chunk X=6 Y=-28 Z=1 emitted 96 procedural water vertices (Ocean/Pools)
[+02:31:43.687] VoxelWater: Chunk X=6 Y=-30 Z=1 emitted 52 procedural water vertices (Ocean/Pools)
[+02:31:43.687] VoxelWater: Chunk X=6 Y=-29 Z=1 emitted 8 procedural water vertices (Ocean/Pools)
[+02:31:43.687] VoxelWater: Chunk X=7 Y=-30 Z=1 emitted 40 procedural water vertices (Ocean/Pools)
[+02:31:43.687] VoxelWater: Chunk X=10 Y=-24 Z=1 emitted 32 procedural water vertices (Ocean/Pools)
[+02:31:43.687] VoxelWater: Chunk X=10 Y=-23 Z=1 emitted 16 procedural water vertices (Ocean/Pools)
[+02:31:43.687] VoxelWater: Chunk X=7 Y=-26 Z=1 emitted 228 procedural water vertices (Ocean/Pools)
[+02:31:43.687] VoxelWater: Chunk X=8 Y=-26 Z=1 emitted 96 procedural water vertices (Ocean/Pools)
[+02:31:43.687] VoxelWater: Chunk X=3 Y=-26 Z=1 emitted 96 procedural water vertices (Ocean/Pools)
[+02:31:43.687] VoxelWater: Chunk X=3 Y=-23 Z=2 emitted 160 procedural water vertices (Ocean/Pools)
[+02:31:43.687] VoxelWater: Chunk X=3 Y=-23 Z=3 emitted 36 procedural water vertices (Ocean/Pools)
[+02:31:43.687] VoxelWater: Chunk X=9 Y=-27 Z=1 emitted 20 procedural water vertices (Ocean/Pools)
[+02:31:43.687] VoxelWater: Chunk X=4 Y=-20 Z=1 emitted 64 procedural water vertices (Ocean/Pools)
[+02:31:43.687] VoxelWater: Chunk X=7 Y=-29 Z=1 emitted 80 procedural water vertices (Ocean/Pools)
[+02:31:43.687] VoxelWater: Chunk X=7 Y=-28 Z=1 emitted 8 procedural water vertices (Ocean/Pools)
[+02:31:43.687] VoxelWater: Chunk X=8 Y=-25 Z=1 emitted 12 procedural water vertices (Ocean/Pools)
[+02:31:43.687] VoxelWater: Chunk X=10 Y=-26 Z=1 emitted 76 procedural water vertices (Ocean/Pools)
[+02:31:43.687] VoxelWater: Chunk X=10 Y=-25 Z=1 emitted 24 procedural water vertices (Ocean/Pools)
[+02:31:43.687] VoxelWater: Chunk X=5 Y=-28 Z=1 emitted 200 procedural water vertices (Ocean/Pools)
[+02:31:43.687] VoxelWater: Chunk X=7 Y=-21 Z=1 emitted 64 procedural water vertices (Ocean/Pools)
[+02:31:43.687] VoxelWater: Chunk X=6 Y=-21 Z=1 emitted 12 procedural water vertices (Ocean/Pools)
[+02:31:43.687] VoxelWater: Chunk X=7 Y=-22 Z=1 emitted 52 procedural water vertices (Ocean/Pools)
[+02:31:43.687] VoxelWater: Chunk X=3 Y=-27 Z=2 emitted 152 procedural water vertices (Ocean/Pools)
[+02:31:43.687] VoxelWater: Chunk X=3 Y=-27 Z=3 emitted 108 procedural water vertices (Ocean/Pools)
[+02:31:43.687] VoxelWater: Chunk X=2 Y=-27 Z=3 emitted 44 procedural water vertices (Ocean/Pools)
[+02:31:43.687] VoxelWater: Chunk X=1 Y=-23 Z=1 emitted 76 procedural water vertices (Ocean/Pools)
[+02:31:43.687] VoxelWater: Chunk X=9 Y=-23 Z=1 emitted 64 procedural water vertices (Ocean/Pools)
[+02:31:43.687] VoxelWater: Chunk X=2 Y=-27 Z=2 emitted 24 procedural water vertices (Ocean/Pools)
[+02:31:43.688] VoxelWater: Chunk X=8 Y=-22 Z=1 emitted 32 procedural water vertices (Ocean/Pools)
[+02:31:43.688] VoxelWater: Chunk X=3 Y=-28 Z=2 emitted 112 procedural water vertices (Ocean/Pools)
[+02:31:43.688] VoxelWater: Chunk X=8 Y=-28 Z=1 emitted 32 procedural water vertices (Ocean/Pools)
[+02:31:43.688] VoxelWater: Chunk X=2 Y=-23 Z=2 emitted 16 procedural water vertices (Ocean/Pools)
[+02:31:43.688] VoxelWater: Chunk X=8 Y=-29 Z=1 emitted 40 procedural water vertices (Ocean/Pools)
[+02:31:43.688] VoxelWater: Chunk X=3 Y=-22 Z=2 emitted 32 procedural water vertices (Ocean/Pools)
[+02:31:43.688] VoxelWater: Chunk X=8 Y=-23 Z=2 emitted 28 procedural water vertices (Ocean/Pools)
[+02:31:43.688] VoxelWater: Chunk X=8 Y=-24 Z=2 emitted 56 procedural water vertices (Ocean/Pools)
[+02:31:43.688] VoxelWater: Chunk X=3 Y=-23 Z=1 emitted 32 procedural water vertices (Ocean/Pools)
[+02:31:43.688] VoxelWater: Chunk X=8 Y=-27 Z=1 emitted 136 procedural water vertices (Ocean/Pools)
[+02:31:43.688] VoxelWater: Chunk X=3 Y=-27 Z=1 emitted 8 procedural water vertices (Ocean/Pools)
[+02:31:43.688] VoxelWater: Chunk X=1 Y=-22 Z=1 emitted 56 procedural water vertices (Ocean/Pools)
[+02:31:43.688] VoxelWater: Chunk X=9 Y=-22 Z=1 emitted 60 procedural water vertices (Ocean/Pools)
[+02:31:43.688] VoxelWater: Chunk X=3 Y=-25 Z=2 emitted 12 procedural water vertices (Ocean/Pools)
[+02:31:43.688] VoxelWater: Chunk X=9 Y=-24 Z=1 emitted 8 procedural water vertices (Ocean/Pools)
[+02:31:43.688] VoxelWater: Chunk X=4 Y=-23 Z=2 emitted 212 procedural water vertices (Ocean/Pools)
[+02:31:43.688] VoxelWater: Chunk X=9 Y=-28 Z=1 emitted 16 procedural water vertices (Ocean/Pools)
[+02:31:43.688] VoxelWater: Chunk X=7 Y=-25 Z=4 emitted 44 procedural water vertices (Ocean/Pools)
[+02:31:43.688] VoxelWater: Chunk X=7 Y=-24 Z=4 emitted 16 procedural water vertices (Ocean/Pools)
[+02:31:43.688] VoxelWater: Chunk X=5 Y=-23 Z=2 emitted 44 procedural water vertices (Ocean/Pools)
[+02:31:43.688] VoxelWater: Chunk X=5 Y=-22 Z=2 emitted 136 procedural water vertices (Ocean/Pools)
[+02:31:43.688] VoxelWater: Chunk X=5 Y=-27 Z=2 emitted 64 procedural water vertices (Ocean/Pools)
[+02:31:43.688] VoxelWater: Chunk X=5 Y=-28 Z=2 emitted 60 procedural water vertices (Ocean/Pools)
[+02:31:43.688] VoxelWater: Chunk X=6 Y=-27 Z=2 emitted 12 procedural water vertices (Ocean/Pools)
[+02:31:43.688] VoxelWater: Chunk X=9 Y=-26 Z=1 emitted 8 procedural water vertices (Ocean/Pools)
[+02:31:43.688] VoxelWater: Chunk X=3 Y=-24 Z=2 emitted 56 procedural water vertices (Ocean/Pools)
[+02:31:43.689] VoxelWater: Chunk X=4 Y=-29 Z=1 emitted 24 procedural water vertices (Ocean/Pools)
[+02:31:43.689] VoxelWater: Chunk X=3 Y=-26 Z=2 emitted 144 procedural water vertices (Ocean/Pools)
[+02:31:43.689] VoxelWater: Chunk X=4 Y=-28 Z=1 emitted 8 procedural water vertices (Ocean/Pools)
[+02:31:43.689] VoxelWater: Chunk X=6 Y=-28 Z=2 emitted 16 procedural water vertices (Ocean/Pools)
[+02:31:43.689] VoxelWater: Chunk X=7 Y=-26 Z=2 emitted 44 procedural water vertices (Ocean/Pools)
[+02:31:43.689] VoxelWater: Chunk X=2 Y=-23 Z=3 emitted 12 procedural water vertices (Ocean/Pools)
[+02:31:43.689] VoxelWater: Chunk X=6 Y=-22 Z=1 emitted 88 procedural water vertices (Ocean/Pools)
[+02:31:43.689] VoxelWater: Chunk X=2 Y=-24 Z=1 emitted 8 procedural water vertices (Ocean/Pools)
[+02:31:43.689] VoxelWater: Chunk X=4 Y=-27 Z=2 emitted 64 procedural water vertices (Ocean/Pools)
[+02:31:43.689] VoxelWater: Chunk X=2 Y=-23 Z=1 emitted 16 procedural water vertices (Ocean/Pools)
[+02:31:43.689] VoxelWater: Chunk X=5 Y=-20 Z=1 emitted 4 procedural water vertices (Ocean/Pools)
[+02:31:43.689] VoxelWater: Chunk X=8 Y=-23 Z=1 emitted 52 procedural water vertices (Ocean/Pools)
[+02:31:43.689] VoxelWater: Chunk X=5 Y=-22 Z=1 emitted 4 procedural water vertices (Ocean/Pools)
[+02:31:43.689] VoxelWater: Chunk X=8 Y=-26 Z=2 emitted 32 procedural water vertices (Ocean/Pools)
[+02:31:43.689] VoxelWater: Chunk X=6 Y=-22 Z=2 emitted 12 procedural water vertices (Ocean/Pools)
[+02:31:43.689] VoxelWater: Chunk X=2 Y=-26 Z=2 emitted 96 procedural water vertices (Ocean/Pools)
[+02:31:43.689] VoxelWater: Chunk X=4 Y=-28 Z=2 emitted 44 procedural water vertices (Ocean/Pools)
[+02:31:43.689] VoxelWater: Chunk X=2 Y=-24 Z=2 emitted 24 procedural water vertices (Ocean/Pools)
[+02:31:43.689] VoxelWater: Chunk X=5 Y=-21 Z=1 emitted 28 procedural water vertices (Ocean/Pools)
[+02:31:43.689] VoxelWater: Chunk X=7 Y=-25 Z=3 emitted 60 procedural water vertices (Ocean/Pools)
[+02:31:43.689] VoxelWater: Chunk X=9 Y=-25 Z=1 emitted 16 procedural water vertices (Ocean/Pools)
[+02:31:43.689] VoxelWater: Chunk X=2 Y=-28 Z=2 emitted 136 procedural water vertices (Ocean/Pools)
[+02:31:43.689] VoxelWater: Chunk X=2 Y=-22 Z=2 emitted 24 procedural water vertices (Ocean/Pools)
[+02:31:43.690] VoxelWater: Chunk X=3 Y=-21 Z=1 emitted 12 procedural water vertices (Ocean/Pools)
[+02:31:43.690] VoxelWater: Chunk X=3 Y=-21 Z=2 emitted 148 procedural water vertices (Ocean/Pools)
[+02:31:43.690] VoxelWater: Chunk X=3 Y=-22 Z=3 emitted 72 procedural water vertices (Ocean/Pools)
[+02:31:43.690] VoxelWater: Chunk X=1 Y=-25 Z=3 emitted 12 procedural water vertices (Ocean/Pools)
[+02:31:43.690] VoxelWater: Chunk X=3 Y=-30 Z=1 emitted 12 procedural water vertices (Ocean/Pools)
[+02:31:43.690] VoxelWater: Chunk X=7 Y=-20 Z=1 emitted 20 procedural water vertices (Ocean/Pools)
[+02:31:43.703] VoxelMesh: Chunk X=0 Y=0 Z=0 FlatVerts=1512 SlopeVerts=15120
[+02:31:43.705] VoxelChunk: GenerateAsync (1,-24,3)
[+02:31:43.706] VoxelMesh: Chunk X=1 Y=-24 Z=3 FlatVerts=0 SlopeVerts=468
[+02:31:43.711] VoxelMesh: Chunk X=0 Y=0 Z=0 FlatVerts=1602 SlopeVerts=11958
[+02:31:43.712] VoxelChunk: GenerateAsync (3,-20,1)
[+02:31:43.713] VoxelMesh: Chunk X=3 Y=-20 Z=1 FlatVerts=744 SlopeVerts=1494
[+02:31:43.715] VoxelMesh: Chunk X=0 Y=0 Z=0 FlatVerts=7032 SlopeVerts=2940
[+02:31:43.716] VoxelChunk: GenerateAsync (0,-27,1)
[+02:31:43.720] VoxelMesh: Chunk X=0 Y=0 Z=0 FlatVerts=96 SlopeVerts=2676
[+02:31:43.721] VoxelChunk: GenerateAsync (9,-24,3)
[+02:31:43.721] VoxelMesh: Chunk X=9 Y=-24 Z=3 FlatVerts=0 SlopeVerts=0
[+02:31:43.731] VoxelMesh: Chunk X=0 Y=0 Z=0 FlatVerts=0 SlopeVerts=0
[+02:31:43.732] VoxelChunk: GenerateAsync (1,-26,3)
[+02:31:43.733] VoxelMesh: Chunk X=1 Y=-26 Z=3 FlatVerts=6 SlopeVerts=690
[+02:31:43.734] VoxelMesh: Chunk X=0 Y=0 Z=0 FlatVerts=210 SlopeVerts=2034
[+02:31:43.735] VoxelChunk: GenerateAsync (4,-21,3)
[+02:31:43.736] VoxelMesh: Chunk X=4 Y=-21 Z=3 FlatVerts=0 SlopeVerts=0
[+02:31:43.740] VoxelMesh: Chunk X=0 Y=0 Z=0 FlatVerts=594 SlopeVerts=1404
[+02:31:43.741] VoxelChunk: GenerateAsync (1,-21,0)
[+02:31:43.743] VoxelChunk: GenerateAsync (7,-23,4)
[+02:31:43.753] VoxelChunk: GenerateAsync (3,-27,4)
[+02:31:43.755] VoxelChunk: GenerateAsync (6,-21,3)
[+02:31:43.759] VoxelMesh: Chunk X=0 Y=0 Z=0 FlatVerts=906 SlopeVerts=3546
[+02:31:43.759] VoxelChunk: GenerateAsync (1,-29,0)
[+02:31:43.764] VoxelMesh: Chunk X=0 Y=0 Z=0 FlatVerts=2046 SlopeVerts=33786
[+02:31:43.767] VoxelChunk: GenerateAsync (9,-26,3)
[+02:31:43.778] VoxelMesh: Chunk X=0 Y=0 Z=0 FlatVerts=3234 SlopeVerts=6594
[+02:31:43.779] VoxelChunk: GenerateAsync (4,-29,3)
[+02:31:43.783] VoxelMesh: Chunk X=0 Y=0 Z=0 FlatVerts=0 SlopeVerts=906
[+02:31:43.784] VoxelChunk: GenerateAsync (8,-29,2)
[+02:31:43.788] VoxelMesh: Chunk X=0 Y=0 Z=0 FlatVerts=600 SlopeVerts=16878
[+02:31:43.789] VoxelChunk: GenerateAsync (10,-25,2)
[+02:31:43.791] VoxelMesh: Chunk X=10 Y=-25 Z=2 FlatVerts=1374 SlopeVerts=654
[+02:31:43.795] VoxelMesh: Chunk X=0 Y=0 Z=0 FlatVerts=2718 SlopeVerts=31890
[+02:31:43.797] VoxelChunk: GenerateAsync (2,-21,2)
[+02:31:43.798] VoxelMesh: Chunk X=2 Y=-21 Z=2 FlatVerts=1284 SlopeVerts=3570
[+02:31:43.808] VoxelChunk: GenerateAsync (0,-24,0)
[+02:31:43.808] VoxelChunk: GenerateAsync (5,-26,1)
[+02:31:43.809] VoxelChunk: GenerateAsync (6,-30,0)
[+02:31:43.809] VoxelChunk: GenerateAsync (4,-25,1)
[+02:31:43.809] VoxelChunk: GenerateAsync (0,-26,0)
[+02:31:43.809] VoxelChunk: GenerateAsync (6,-25,1)
[+02:31:43.809] VoxelChunk: GenerateAsync (10,-27,0)
[+02:31:43.809] VoxelChunk: GenerateAsync (4,-30,1)
[+02:31:43.809] VoxelChunk: GenerateAsync (6,-23,4)
[+02:31:43.809] VoxelChunk: GenerateAsync (5,-25,1)
[+02:31:43.809] VoxelChunk: GenerateAsync (5,-30,0)
[+02:31:43.809] VoxelChunk: GenerateAsync (5,-22,0)
[+02:31:43.809] VoxelChunk: GenerateAsync (2,-25,0)
[+02:31:43.809] VoxelChunk: GenerateAsync (2,-29,0)
[+02:31:43.809] VoxelChunk: GenerateAsync (4,-23,1)
[+02:31:43.809] VoxelChunk: GenerateAsync (7,-24,1)
[+02:31:43.809] VoxelChunk: GenerateAsync (10,-23,0)
[+02:31:43.809] VoxelChunk: GenerateAsync (7,-20,0)
[+02:31:43.809] VoxelChunk: GenerateAsync (6,-23,1)
[+02:31:43.809] VoxelChunk: GenerateAsync (3,-24,1)
[+02:31:43.809] VoxelChunk: GenerateAsync (4,-23,4)
[+02:31:43.809] VoxelChunk: GenerateAsync (7,-27,0)
[+02:31:43.809] VoxelChunk: GenerateAsync (0,-25,0)
[+02:31:43.809] VoxelChunk: GenerateAsync (4,-27,1)
[+02:31:43.809] VoxelChunk: GenerateAsync (3,-26,4)
[+02:31:43.809] VoxelChunk: GenerateAsync (3,-23,0)
[+02:31:43.809] VoxelChunk: GenerateAsync (1,-28,0)
[+02:31:43.809] VoxelChunk: GenerateAsync (6,-27,1)
[+02:31:43.809] VoxelChunk: GenerateAsync (0,-23,0)
[+02:31:43.809] VoxelChunk: GenerateAsync (7,-23,0)
[+02:31:43.809] VoxelChunk: GenerateAsync (6,-30,1)
[+02:31:43.809] VoxelChunk: GenerateAsync (10,-24,1)
[+02:31:43.809] VoxelChunk: GenerateAsync (7,-26,1)
[+02:31:43.809] VoxelChunk: GenerateAsync (3,-26,1)
[+02:31:43.809] VoxelChunk: GenerateAsync (3,-24,4)
[+02:31:43.810] VoxelChunk: GenerateAsync (0,-24,1)
[+02:31:43.810] VoxelMesh: Chunk X=5 Y=-26 Z=1 FlatVerts=168 SlopeVerts=12
[+02:31:43.810] VoxelChunk: GenerateAsync (4,-20,1)
[+02:31:43.810] VoxelChunk: GenerateAsync (3,-25,1)
[+02:31:43.810] VoxelChunk: GenerateAsync (7,-25,1)
[+02:31:43.810] VoxelChunk: GenerateAsync (7,-30,0)
[+02:31:43.810] VoxelChunk: GenerateAsync (10,-26,1)
[+02:31:43.810] VoxelChunk: GenerateAsync (5,-23,1)
[+02:31:43.810] VoxelChunk: GenerateAsync (5,-27,1)
[+02:31:43.810] VoxelChunk: GenerateAsync (7,-26,0)
[+02:31:43.810] VoxelChunk: GenerateAsync (6,-20,1)
[+02:31:43.810] VoxelMesh: Chunk X=6 Y=-30 Z=0 FlatVerts=0 SlopeVerts=0
[+02:31:43.810] VoxelChunk: GenerateAsync (4,-27,4)
[+02:31:43.810] VoxelChunk: GenerateAsync (7,-26,4)
[+02:31:43.810] VoxelChunk: GenerateAsync (6,-24,1)
[+02:31:43.810] VoxelMesh: Chunk X=4 Y=-25 Z=1 FlatVerts=6 SlopeVerts=24
[+02:31:43.810] VoxelChunk: GenerateAsync (5,-24,1)
[+02:31:43.810] VoxelChunk: GenerateAsync (0,-26,1)
[+02:31:43.810] VoxelChunk: GenerateAsync (0,-27,0)
[+02:31:43.810] VoxelChunk: GenerateAsync (5,-23,0)
[+02:31:43.810] VoxelChunk: GenerateAsync (7,-25,0)
[+02:31:43.810] VoxelChunk: GenerateAsync (7,-24,0)
[+02:31:43.810] VoxelChunk: GenerateAsync (4,-26,1)
[+02:31:43.810] VoxelChunk: GenerateAsync (4,-23,0)
[+02:31:43.810] VoxelChunk: GenerateAsync (7,-28,3)
[+02:31:43.810] VoxelChunk: GenerateAsync (6,-23,0)
[+02:31:43.810] VoxelChunk: GenerateAsync (6,-26,1)
[+02:31:43.810] VoxelChunk: GenerateAsync (4,-24,1)
[+02:31:43.810] VoxelChunk: GenerateAsync (8,-25,0)
[+02:31:43.810] VoxelChunk: GenerateAsync (5,-28,0)
[+02:31:43.810] VoxelMesh: Chunk X=6 Y=-25 Z=1 FlatVerts=0 SlopeVerts=0
[+02:31:43.810] VoxelMesh: Chunk X=4 Y=-30 Z=1 FlatVerts=60 SlopeVerts=0
[+02:31:43.810] VoxelChunk: GenerateAsync (2,-27,3)
[+02:31:43.810] VoxelChunk: GenerateAsync (8,-26,0)
[+02:31:43.810] VoxelChunk: GenerateAsync (6,-22,0)
[+02:31:43.810] VoxelChunk: GenerateAsync (4,-22,0)
[+02:31:43.810] VoxelChunk: GenerateAsync (8,-24,0)
[+02:31:43.810] VoxelChunk: GenerateAsync (8,-29,1)
[+02:31:43.810] VoxelChunk: GenerateAsync (2,-24,0)
[+02:31:43.810] VoxelChunk: GenerateAsync (4,-28,0)
[+02:31:43.810] VoxelChunk: GenerateAsync (1,-27,2)
[+02:31:43.810] VoxelChunk: GenerateAsync (6,-28,0)
[+02:31:43.810] VoxelChunk: GenerateAsync (2,-26,0)
[+02:31:43.810] VoxelChunk: GenerateAsync (9,-27,2)
[+02:31:43.810] VoxelChunk: GenerateAsync (3,-23,1)
[+02:31:43.810] VoxelChunk: GenerateAsync (7,-27,1)
[+02:31:43.810] VoxelChunk: GenerateAsync (7,-22,3)
[+02:31:43.810] VoxelChunk: GenerateAsync (3,-27,1)
[+02:31:43.810] VoxelChunk: GenerateAsync (1,-22,1)
[+02:31:43.810] VoxelChunk: GenerateAsync (9,-22,1)
[+02:31:43.810] VoxelChunk: GenerateAsync (5,-27,4)
[+02:31:43.810] VoxelChunk: GenerateAsync (2,-29,1)
[+02:31:43.810] VoxelChunk: GenerateAsync (5,-28,1)
[+02:31:43.810] VoxelMesh: Chunk X=5 Y=-25 Z=1 FlatVerts=24 SlopeVerts=24
[+02:31:43.810] VoxelChunk: GenerateAsync (1,-28,1)
[+02:31:43.810] VoxelChunk: GenerateAsync (7,-29,0)
[+02:31:43.810] VoxelChunk: GenerateAsync (2,-25,1)
[+02:31:43.810] VoxelChunk: GenerateAsync (9,-28,1)
[+02:31:43.810] VoxelChunk: GenerateAsync (7,-25,4)
[+02:31:43.810] VoxelChunk: GenerateAsync (3,-29,0)
[+02:31:43.811] VoxelChunk: GenerateAsync (5,-23,4)
[+02:31:43.811] VoxelChunk: GenerateAsync (3,-28,0)
[+02:31:43.811] VoxelChunk: GenerateAsync (8,-23,0)
[+02:31:43.811] VoxelChunk: GenerateAsync (8,-27,0)
[+02:31:43.811] VoxelChunk: GenerateAsync (3,-22,0)
[+02:31:43.811] VoxelChunk: GenerateAsync (1,-23,0)
[+02:31:43.811] VoxelChunk: GenerateAsync (7,-22,0)
[+02:31:43.811] VoxelChunk: GenerateAsync (2,-23,0)
[+02:31:43.811] VoxelChunk: GenerateAsync (4,-28,1)
[+02:31:43.811] VoxelChunk: GenerateAsync (7,-28,0)
[+02:31:43.811] VoxelChunk: GenerateAsync (6,-28,1)
[+02:31:43.811] VoxelChunk: GenerateAsync (5,-30,1)
[+02:31:43.811] VoxelChunk: GenerateAsync (2,-27,0)
[+02:31:43.811] VoxelChunk: GenerateAsync (2,-23,3)
[+02:31:43.811] VoxelChunk: GenerateAsync (2,-21,1)
[+02:31:43.811] VoxelChunk: GenerateAsync (2,-26,1)
[+02:31:43.811] VoxelChunk: GenerateAsync (1,-23,2)
[+02:31:43.811] VoxelChunk: GenerateAsync (7,-29,2)
[+02:31:43.811] VoxelMesh: Chunk X=4 Y=-23 Z=1 FlatVerts=0 SlopeVerts=6
[+02:31:43.811] VoxelChunk: GenerateAsync (10,-25,1)
[+02:31:43.811] VoxelChunk: GenerateAsync (2,-24,1)
[+02:31:43.811] VoxelChunk: GenerateAsync (8,-27,3)
[+02:31:43.811] VoxelChunk: GenerateAsync (0,-25,1)
[+02:31:43.811] VoxelChunk: GenerateAsync (3,-29,2)
[+02:31:43.811] VoxelChunk: GenerateAsync (3,-28,1)
[+02:31:43.811] VoxelChunk: GenerateAsync (9,-23,2)
[+02:31:43.811] VoxelChunk: GenerateAsync (3,-28,3)
[+02:31:43.811] VoxelChunk: GenerateAsync (2,-27,1)
[+02:31:43.811] VoxelChunk: GenerateAsync (5,-20,1)
[+02:31:43.811] VoxelChunk: GenerateAsync (5,-29,0)
[+02:31:43.811] VoxelChunk: GenerateAsync (8,-23,3)
[+02:31:43.811] VoxelMesh: Chunk X=7 Y=-24 Z=1 FlatVerts=0 SlopeVerts=6
[+02:31:43.811] VoxelChunk: GenerateAsync (7,-21,2)
[+02:31:43.811] VoxelChunk: GenerateAsync (3,-25,4)
[+02:31:43.811] VoxelChunk: GenerateAsync (9,-25,0)
[+02:31:43.811] VoxelChunk: GenerateAsync (5,-21,0)
[+02:31:43.811] VoxelChunk: GenerateAsync (1,-25,0)
[+02:31:43.811] VoxelChunk: GenerateAsync (9,-27,0)
[+02:31:43.811] VoxelChunk: GenerateAsync (1,-27,0)
[+02:31:43.811] VoxelChunk: GenerateAsync (9,-24,0)
[+02:31:43.811] VoxelChunk: GenerateAsync (1,-24,0)
[+02:31:43.811] VoxelChunk: GenerateAsync (6,-21,0)
[+02:31:43.811] VoxelChunk: GenerateAsync (4,-21,0)
[+02:31:43.811] VoxelChunk: GenerateAsync (6,-29,0)
[+02:31:43.811] VoxelChunk: GenerateAsync (9,-26,0)
[+02:31:43.811] VoxelMesh: Chunk X=6 Y=-23 Z=1 FlatVerts=120 SlopeVerts=0
[+02:31:43.811] VoxelChunk: GenerateAsync (1,-26,0)
[+02:31:43.811] VoxelChunk: GenerateAsync (4,-29,0)
[+02:31:43.811] VoxelChunk: GenerateAsync (2,-28,0)
[+02:31:43.811] VoxelChunk: GenerateAsync (3,-21,0)
[+02:31:43.811] VoxelChunk: GenerateAsync (8,-28,0)
[+02:31:43.811] VoxelChunk: GenerateAsync (2,-22,0)
[+02:31:43.811] VoxelChunk: GenerateAsync (4,-30,0)
[+02:31:43.811] VoxelChunk: GenerateAsync (3,-30,0)
[+02:31:43.811] VoxelChunk: GenerateAsync (3,-20,0)
[+02:31:43.811] VoxelChunk: GenerateAsync (6,-27,4)
[+02:31:43.811] VoxelChunk: GenerateAsync (7,-24,4)
[+02:31:43.811] VoxelChunk: GenerateAsync (9,-25,3)
[+02:31:43.811] VoxelChunk: GenerateAsync (1,-25,3)
[+02:31:43.811] VoxelChunk: GenerateAsync (5,-21,3)
[+02:31:43.811] VoxelChunk: GenerateAsync (5,-29,3)
[+02:31:43.811] VoxelChunk: GenerateAsync (3,-30,1)
[+02:31:43.811] VoxelMesh: Chunk X=4 Y=-23 Z=4 FlatVerts=0 SlopeVerts=0
[+02:31:43.811] VoxelChunk: GenerateAsync (7,-30,1)
[+02:31:43.811] VoxelChunk: GenerateAsync (3,-23,4)
[+02:31:43.811] VoxelChunk: GenerateAsync (10,-23,1)
[+02:31:43.811] VoxelChunk: GenerateAsync (9,-29,0)
[+02:31:43.811] VoxelChunk: GenerateAsync (6,-29,3)
[+02:31:43.811] VoxelChunk: GenerateAsync (0,-23,1)
[+02:31:43.811] VoxelChunk: GenerateAsync (7,-20,1)
[+02:31:43.811] VoxelChunk: GenerateAsync (10,-27,1)
[+02:31:43.811] VoxelChunk: GenerateAsync (7,-27,4)
[+02:31:43.811] VoxelChunk: GenerateAsync (9,-21,0)
[+02:31:43.811] VoxelChunk: GenerateAsync (1,-24,3)
[+02:31:43.811] VoxelChunk: GenerateAsync (3,-20,1)
[+02:31:43.811] VoxelMesh: Chunk X=3 Y=-24 Z=1 FlatVerts=0 SlopeVerts=0
[+02:31:43.811] VoxelChunk: GenerateAsync (0,-27,1)
[+02:31:43.812] VoxelChunk: GenerateAsync (9,-24,3)
[+02:31:43.812] VoxelChunk: GenerateAsync (1,-26,3)
[+02:31:43.812] VoxelChunk: GenerateAsync (4,-21,3)
[+02:31:43.812] VoxelChunk: GenerateAsync (1,-21,0)
[+02:31:43.812] VoxelChunk: GenerateAsync (7,-23,4)
[+02:31:43.812] VoxelChunk: GenerateAsync (3,-27,4)
[+02:31:43.812] VoxelMesh: Chunk X=3 Y=-26 Z=4 FlatVerts=0 SlopeVerts=0
[+02:31:43.812] VoxelChunk: GenerateAsync (6,-21,3)
[+02:31:43.812] VoxelMesh: Chunk X=4 Y=-27 Z=1 FlatVerts=0 SlopeVerts=18
[+02:31:43.812] VoxelChunk: GenerateAsync (1,-29,0)
[+02:31:43.812] VoxelChunk: GenerateAsync (9,-26,3)
[+02:31:43.812] VoxelChunk: GenerateAsync (4,-29,3)
[+02:31:43.812] VoxelChunk: GenerateAsync (8,-29,2)
[+02:31:43.812] VoxelChunk: GenerateAsync (10,-25,2)
[+02:31:43.812] VoxelChunk: GenerateAsync (2,-21,2)
[+02:31:43.812] VoxelMesh: Chunk X=6 Y=-27 Z=1 FlatVerts=144 SlopeVerts=0
[+02:31:43.812] VoxelMesh: Chunk X=6 Y=-30 Z=1 FlatVerts=126 SlopeVerts=0
[+02:31:43.812] VoxelMesh: Chunk X=10 Y=-24 Z=1 FlatVerts=90 SlopeVerts=0
[+02:31:43.812] VoxelMesh: Chunk X=7 Y=-26 Z=1 FlatVerts=84 SlopeVerts=48
[+02:31:43.813] VoxelMesh: Chunk X=3 Y=-24 Z=4 FlatVerts=54 SlopeVerts=108
[+02:31:43.813] VoxelMesh: Chunk X=0 Y=-24 Z=1 FlatVerts=102 SlopeVerts=30
[+02:31:43.813] VoxelMesh: Chunk X=3 Y=-26 Z=1 FlatVerts=6 SlopeVerts=12
[+02:31:43.813] VoxelMesh: Chunk X=4 Y=-20 Z=1 FlatVerts=126 SlopeVerts=12
[+02:31:43.813] VoxelMesh: Chunk X=3 Y=-25 Z=1 FlatVerts=0 SlopeVerts=0
[+02:31:43.813] VoxelMesh: Chunk X=7 Y=-30 Z=0 FlatVerts=0 SlopeVerts=0
[+02:31:43.813] VoxelMesh: Chunk X=10 Y=-26 Z=1 FlatVerts=120 SlopeVerts=30
[+02:31:43.813] VoxelMesh: Chunk X=5 Y=-23 Z=1 FlatVerts=84 SlopeVerts=42
[+02:31:43.813] VoxelMesh: Chunk X=5 Y=-27 Z=1 FlatVerts=84 SlopeVerts=0
[+02:31:43.813] VoxelMesh: Chunk X=7 Y=-25 Z=1 FlatVerts=0 SlopeVerts=0
[+02:31:43.814] VoxelMesh: Chunk X=6 Y=-20 Z=1 FlatVerts=24 SlopeVerts=0
[+02:31:43.814] VoxelMesh: Chunk X=7 Y=-26 Z=4 FlatVerts=0 SlopeVerts=0
[+02:31:43.814] VoxelMesh: Chunk X=6 Y=-24 Z=1 FlatVerts=12 SlopeVerts=60
[+02:31:43.814] VoxelMesh: Chunk X=5 Y=-24 Z=1 FlatVerts=12 SlopeVerts=66
[+02:31:43.814] VoxelMesh: Chunk X=0 Y=-26 Z=1 FlatVerts=0 SlopeVerts=0
[+02:31:43.815] VoxelMesh: Chunk X=4 Y=-26 Z=1 FlatVerts=108 SlopeVerts=12
[+02:31:43.815] VoxelMesh: Chunk X=6 Y=-26 Z=1 FlatVerts=108 SlopeVerts=24
[+02:31:43.815] VoxelMesh: Chunk X=2 Y=-27 Z=3 FlatVerts=210 SlopeVerts=36
[+02:31:43.816] VoxelMesh: Chunk X=4 Y=-24 Z=1 FlatVerts=0 SlopeVerts=6
[+02:31:43.816] VoxelMesh: Chunk X=8 Y=-29 Z=1 FlatVerts=138 SlopeVerts=0
[+02:31:43.816] VoxelMesh: Chunk X=1 Y=-27 Z=2 FlatVerts=24 SlopeVerts=66
[+02:31:43.816] VoxelMesh: Chunk X=9 Y=-27 Z=2 FlatVerts=0 SlopeVerts=0
[+02:31:43.816] VoxelMesh: Chunk X=1 Y=-22 Z=1 FlatVerts=156 SlopeVerts=0
[+02:31:43.816] VoxelMesh: Chunk X=7 Y=-27 Z=1 FlatVerts=114 SlopeVerts=0
[+02:31:43.817] VoxelMesh: Chunk X=3 Y=-23 Z=1 FlatVerts=0 SlopeVerts=6
[+02:31:43.817] VoxelMesh: Chunk X=3 Y=-27 Z=1 FlatVerts=0 SlopeVerts=0
[+02:31:43.817] VoxelMesh: Chunk X=9 Y=-22 Z=1 FlatVerts=120 SlopeVerts=0
[+02:31:43.817] VoxelMesh: Chunk X=2 Y=-29 Z=1 FlatVerts=150 SlopeVerts=0
[+02:31:43.818] VoxelMesh: Chunk X=5 Y=-28 Z=1 FlatVerts=90 SlopeVerts=0
[+02:31:43.818] VoxelMesh: Chunk X=9 Y=-28 Z=1 FlatVerts=132 SlopeVerts=0
[+02:31:43.818] VoxelMesh: Chunk X=7 Y=-29 Z=0 FlatVerts=0 SlopeVerts=0
[+02:31:43.818] VoxelMesh: Chunk X=7 Y=-25 Z=4 FlatVerts=60 SlopeVerts=144
[+02:31:43.818] VoxelMesh: Chunk X=0 Y=0 Z=0 FlatVerts=1656 SlopeVerts=6192
[+02:31:43.818] VoxelMesh: Chunk X=1 Y=-28 Z=1 FlatVerts=60 SlopeVerts=0
[+02:31:43.818] VoxelMesh: Chunk X=8 Y=-27 Z=0 FlatVerts=0 SlopeVerts=0
[+02:31:43.819] VoxelMesh: Chunk X=4 Y=-28 Z=1 FlatVerts=18 SlopeVerts=0
[+02:31:43.819] VoxelMesh: Chunk X=6 Y=-28 Z=1 FlatVerts=162 SlopeVerts=0
[+02:31:43.819] VoxelMesh: Chunk X=5 Y=-30 Z=1 FlatVerts=150 SlopeVerts=18
[+02:31:43.819] VoxelChunk: GenerateAsync (1,-28,2)
[+02:31:43.819] VoxelMesh: Chunk X=2 Y=-23 Z=3 FlatVerts=12 SlopeVerts=12
[+02:31:43.820] VoxelMesh: Chunk X=2 Y=-21 Z=1 FlatVerts=6 SlopeVerts=0
[+02:31:43.820] VoxelMesh: Chunk X=1 Y=-23 Z=2 FlatVerts=0 SlopeVerts=0
[+02:31:43.820] VoxelMesh: Chunk X=10 Y=-25 Z=1 FlatVerts=66 SlopeVerts=0
[+02:31:43.820] VoxelMesh: Chunk X=2 Y=-26 Z=1 FlatVerts=0 SlopeVerts=0
[+02:31:43.820] VoxelMesh: Chunk X=2 Y=-24 Z=1 FlatVerts=6 SlopeVerts=24
[+02:31:43.820] VoxelMesh: Chunk X=9 Y=-23 Z=2 FlatVerts=0 SlopeVerts=24
[+02:31:43.820] VoxelMesh: Chunk X=0 Y=-25 Z=1 FlatVerts=6 SlopeVerts=42
[+02:31:43.820] VoxelMesh: Chunk X=3 Y=-29 Z=2 FlatVerts=72 SlopeVerts=6
[+02:31:43.820] VoxelMesh: Chunk X=3 Y=-28 Z=1 FlatVerts=18 SlopeVerts=0
[+02:31:43.820] VoxelMesh: Chunk X=3 Y=-28 Z=3 FlatVerts=6 SlopeVerts=0
[+02:31:43.821] VoxelMesh: Chunk X=5 Y=-20 Z=1 FlatVerts=84 SlopeVerts=24
[+02:31:43.821] VoxelMesh: Chunk X=8 Y=-23 Z=3 FlatVerts=0 SlopeVerts=0
[+02:31:43.821] VoxelMesh: Chunk X=2 Y=-27 Z=1 FlatVerts=0 SlopeVerts=0
[+02:31:43.821] VoxelMesh: Chunk X=7 Y=-21 Z=2 FlatVerts=36 SlopeVerts=36
[+02:31:43.821] VoxelMesh: Chunk X=3 Y=-25 Z=4 FlatVerts=0 SlopeVerts=6
[+02:31:43.821] VoxelMesh: Chunk X=9 Y=-27 Z=0 FlatVerts=0 SlopeVerts=0
[+02:31:43.822] VoxelMesh: Chunk X=8 Y=-28 Z=0 FlatVerts=0 SlopeVerts=0
[+02:31:43.823] VoxelMesh: Chunk X=7 Y=-24 Z=4 FlatVerts=54 SlopeVerts=60
[+02:31:43.823] VoxelMesh: Chunk X=9 Y=-25 Z=3 FlatVerts=0 SlopeVerts=0
[+02:31:43.823] VoxelMesh: Chunk X=5 Y=-21 Z=3 FlatVerts=0 SlopeVerts=0
[+02:31:43.823] VoxelMesh: Chunk X=1 Y=-25 Z=3 FlatVerts=48 SlopeVerts=84
[+02:31:43.823] VoxelMesh: Chunk X=3 Y=-30 Z=1 FlatVerts=120 SlopeVerts=0
[+02:31:43.823] VoxelMesh: Chunk X=7 Y=-30 Z=1 FlatVerts=168 SlopeVerts=0
[+02:31:43.823] VoxelMesh: Chunk X=10 Y=-23 Z=1 FlatVerts=150 SlopeVerts=0
[+02:31:43.823] VoxelMesh: Chunk X=3 Y=-23 Z=4 FlatVerts=0 SlopeVerts=6
[+02:31:43.823] VoxelMesh: Chunk X=9 Y=-29 Z=0 FlatVerts=0 SlopeVerts=0
[+02:31:43.824] VoxelMesh: Chunk X=0 Y=-23 Z=1 FlatVerts=138 SlopeVerts=0
[+02:31:43.824] VoxelMesh: Chunk X=10 Y=-27 Z=1 FlatVerts=126 SlopeVerts=0
[+02:31:43.824] VoxelMesh: Chunk X=7 Y=-20 Z=1 FlatVerts=6 SlopeVerts=36
[+02:31:43.824] VoxelMesh: Chunk X=1 Y=-24 Z=3 FlatVerts=0 SlopeVerts=48
[+02:31:43.824] VoxelMesh: Chunk X=3 Y=-20 Z=1 FlatVerts=78 SlopeVerts=0
[+02:31:43.824] VoxelMesh: Chunk X=9 Y=-24 Z=3 FlatVerts=0 SlopeVerts=0
[+02:31:43.824] VoxelMesh: Chunk X=0 Y=-27 Z=1 FlatVerts=0 SlopeVerts=0
[+02:31:43.824] VoxelMesh: Chunk X=1 Y=-26 Z=3 FlatVerts=6 SlopeVerts=24
[+02:31:43.824] VoxelMesh: Chunk X=4 Y=-21 Z=3 FlatVerts=0 SlopeVerts=0
[+02:31:43.825] VoxelMesh: Chunk X=9 Y=-26 Z=3 FlatVerts=0 SlopeVerts=0
[+02:31:43.825] VoxelMesh: Chunk X=10 Y=-25 Z=2 FlatVerts=96 SlopeVerts=0
[+02:31:43.825] VoxelMesh: Chunk X=2 Y=-21 Z=2 FlatVerts=132 SlopeVerts=66
[+02:31:43.825] VoxelChunk: GenerateAsync (8,-22,3)
[+02:31:43.826] VoxelMesh: Chunk X=1 Y=-28 Z=2 FlatVerts=582 SlopeVerts=3276
[+02:31:43.828] VoxelMesh: Chunk X=0 Y=0 Z=0 FlatVerts=246 SlopeVerts=6180
[+02:31:43.829] VoxelChunk: GenerateAsync (8,-28,3)
[+02:31:43.833] VoxelMesh: Chunk X=0 Y=0 Z=0 FlatVerts=2982 SlopeVerts=24498
[+02:31:43.835] VoxelChunk: GenerateAsync (1,-22,2)
[+02:31:43.836] VoxelMesh: Chunk X=1 Y=-22 Z=2 FlatVerts=144 SlopeVerts=606
[+02:31:43.856] VoxelMesh: Chunk X=0 Y=0 Z=0 FlatVerts=942 SlopeVerts=12006
[+02:31:43.858] VoxelChunk: GenerateAsync (9,-28,2)
[+02:31:43.862] VoxelMesh: Chunk X=0 Y=0 Z=0 FlatVerts=2670 SlopeVerts=13110
[+02:31:43.863] VoxelChunk: GenerateAsync (5,-30,2)
[+02:31:43.864] VoxelMesh: Chunk X=5 Y=-30 Z=2 FlatVerts=288 SlopeVerts=486
[+02:31:43.865] VoxelChunk: GenerateAsync (8,-21,2)
[+02:31:43.866] VoxelMesh: Chunk X=8 Y=-21 Z=2 FlatVerts=0 SlopeVerts=948
[+02:31:43.869] VoxelMesh: Chunk X=0 Y=0 Z=0 FlatVerts=2058 SlopeVerts=21894
[+02:31:43.871] VoxelChunk: GenerateAsync (2,-22,3)
[+02:31:43.872] VoxelMesh: Chunk X=2 Y=-22 Z=3 FlatVerts=90 SlopeVerts=852
[+02:31:43.903] VoxelWater: Chunk X=5 Y=-26 Z=1 emitted 364 procedural water vertices (Ocean/Pools)
[+02:31:43.903] VoxelWater: Chunk X=6 Y=-26 Z=1 emitted 112 procedural water vertices (Ocean/Pools)
[+02:31:43.903] VoxelWater: Chunk X=4 Y=-25 Z=1 emitted 144 procedural water vertices (Ocean/Pools)
[+02:31:43.903] VoxelWater: Chunk X=5 Y=-25 Z=1 emitted 12 procedural water vertices (Ocean/Pools)
[+02:31:43.903] VoxelWater: Chunk X=6 Y=-24 Z=3 emitted 144 procedural water vertices (Ocean/Pools)
[+02:31:43.903] VoxelWater: Chunk X=6 Y=-24 Z=4 emitted 16 procedural water vertices (Ocean/Pools)
[+02:31:43.903] VoxelWater: Chunk X=7 Y=-24 Z=4 emitted 32 procedural water vertices (Ocean/Pools)
[+02:31:43.903] VoxelWater: Chunk X=6 Y=-25 Z=1 emitted 16 procedural water vertices (Ocean/Pools)
[+02:31:43.903] VoxelWater: Chunk X=4 Y=-30 Z=1 emitted 56 procedural water vertices (Ocean/Pools)
[+02:31:43.903] VoxelWater: Chunk X=4 Y=-21 Z=1 emitted 36 procedural water vertices (Ocean/Pools)
[+02:31:43.903] VoxelWater: Chunk X=4 Y=-21 Z=2 emitted 144 procedural water vertices (Ocean/Pools)
[+02:31:43.903] VoxelWater: Chunk X=4 Y=-22 Z=2 emitted 40 procedural water vertices (Ocean/Pools)
[+02:31:43.903] VoxelWater: Chunk X=5 Y=-21 Z=2 emitted 80 procedural water vertices (Ocean/Pools)
[+02:31:43.903] VoxelWater: Chunk X=6 Y=-25 Z=3 emitted 372 procedural water vertices (Ocean/Pools)
[+02:31:43.903] VoxelWater: Chunk X=6 Y=-25 Z=4 emitted 28 procedural water vertices (Ocean/Pools)
[+02:31:43.903] VoxelWater: Chunk X=9 Y=-24 Z=1 emitted 28 procedural water vertices (Ocean/Pools)
[+02:31:43.903] VoxelWater: Chunk X=9 Y=-24 Z=2 emitted 124 procedural water vertices (Ocean/Pools)
[+02:31:43.903] VoxelWater: Chunk X=4 Y=-22 Z=3 emitted 104 procedural water vertices (Ocean/Pools)
[+02:31:43.903] VoxelWater: Chunk X=4 Y=-23 Z=3 emitted 4 procedural water vertices (Ocean/Pools)
[+02:31:43.903] VoxelWater: Chunk X=1 Y=-24 Z=2 emitted 64 procedural water vertices (Ocean/Pools)
[+02:31:43.903] VoxelWater: Chunk X=1 Y=-25 Z=2 emitted 4 procedural water vertices (Ocean/Pools)
[+02:31:43.903] VoxelWater: Chunk X=2 Y=-24 Z=3 emitted 56 procedural water vertices (Ocean/Pools)
[+02:31:43.904] VoxelWater: Chunk X=1 Y=-24 Z=3 emitted 20 procedural water vertices (Ocean/Pools)
[+02:31:43.904] VoxelWater: Chunk X=2 Y=-25 Z=3 emitted 56 procedural water vertices (Ocean/Pools)
[+02:31:43.904] VoxelWater: Chunk X=9 Y=-26 Z=2 emitted 60 procedural water vertices (Ocean/Pools)
[+02:31:43.904] VoxelWater: Chunk X=4 Y=-23 Z=1 emitted 16 procedural water vertices (Ocean/Pools)
[+02:31:43.904] VoxelWater: Chunk X=7 Y=-24 Z=1 emitted 8 procedural water vertices (Ocean/Pools)
[+02:31:43.904] VoxelWater: Chunk X=6 Y=-23 Z=1 emitted 20 procedural water vertices (Ocean/Pools)
[+02:31:43.904] VoxelWater: Chunk X=5 Y=-23 Z=1 emitted 96 procedural water vertices (Ocean/Pools)
[+02:31:43.904] VoxelWater: Chunk X=4 Y=-27 Z=1 emitted 68 procedural water vertices (Ocean/Pools)
[+02:31:43.904] VoxelWater: Chunk X=4 Y=-26 Z=1 emitted 408 procedural water vertices (Ocean/Pools)
[+02:31:43.904] VoxelWater: Chunk X=4 Y=-26 Z=2 emitted 12 procedural water vertices (Ocean/Pools)
[+02:31:43.904] VoxelWater: Chunk X=4 Y=-25 Z=2 emitted 372 procedural water vertices (Ocean/Pools)
[+02:31:43.904] VoxelWater: Chunk X=4 Y=-25 Z=3 emitted 152 procedural water vertices (Ocean/Pools)
[+02:31:43.904] VoxelWater: Chunk X=3 Y=-25 Z=3 emitted 68 procedural water vertices (Ocean/Pools)
[+02:31:43.904] VoxelWater: Chunk X=5 Y=-25 Z=2 emitted 472 procedural water vertices (Ocean/Pools)
[+02:31:43.904] VoxelWater: Chunk X=4 Y=-24 Z=2 emitted 332 procedural water vertices (Ocean/Pools)
[+02:31:43.904] VoxelWater: Chunk X=4 Y=-24 Z=3 emitted 80 procedural water vertices (Ocean/Pools)
[+02:31:43.904] VoxelWater: Chunk X=3 Y=-24 Z=3 emitted 68 procedural water vertices (Ocean/Pools)
[+02:31:43.904] VoxelWater: Chunk X=4 Y=-24 Z=1 emitted 116 procedural water vertices (Ocean/Pools)
[+02:31:43.904] VoxelWater: Chunk X=5 Y=-24 Z=2 emitted 156 procedural water vertices (Ocean/Pools)
[+02:31:43.904] VoxelWater: Chunk X=8 Y=-25 Z=3 emitted 24 procedural water vertices (Ocean/Pools)
[+02:31:43.904] VoxelWater: Chunk X=5 Y=-26 Z=2 emitted 8 procedural water vertices (Ocean/Pools)
[+02:31:43.904] VoxelWater: Chunk X=5 Y=-25 Z=3 emitted 132 procedural water vertices (Ocean/Pools)
[+02:31:43.904] VoxelWater: Chunk X=6 Y=-25 Z=2 emitted 88 procedural water vertices (Ocean/Pools)
[+02:31:43.904] VoxelWater: Chunk X=5 Y=-29 Z=1 emitted 132 procedural water vertices (Ocean/Pools)
[+02:31:43.904] VoxelWater: Chunk X=5 Y=-29 Z=2 emitted 4 procedural water vertices (Ocean/Pools)
[+02:31:43.904] VoxelWater: Chunk X=5 Y=-24 Z=3 emitted 20 procedural water vertices (Ocean/Pools)
[+02:31:43.904] VoxelWater: Chunk X=5 Y=-24 Z=1 emitted 84 procedural water vertices (Ocean/Pools)
[+02:31:43.904] VoxelWater: Chunk X=6 Y=-26 Z=2 emitted 60 procedural water vertices (Ocean/Pools)
[+02:31:43.905] VoxelWater: Chunk X=6 Y=-26 Z=3 emitted 16 procedural water vertices (Ocean/Pools)
[+02:31:43.905] VoxelWater: Chunk X=9 Y=-25 Z=1 emitted 24 procedural water vertices (Ocean/Pools)
[+02:31:43.905] VoxelWater: Chunk X=9 Y=-25 Z=2 emitted 224 procedural water vertices (Ocean/Pools)
[+02:31:43.905] VoxelWater: Chunk X=8 Y=-25 Z=2 emitted 76 procedural water vertices (Ocean/Pools)
[+02:31:43.905] VoxelWater: Chunk X=6 Y=-24 Z=2 emitted 168 procedural water vertices (Ocean/Pools)
[+02:31:43.905] VoxelWater: Chunk X=6 Y=-24 Z=1 emitted 92 procedural water vertices (Ocean/Pools)
[+02:31:43.905] VoxelWater: Chunk X=6 Y=-27 Z=1 emitted 260 procedural water vertices (Ocean/Pools)
[+02:31:43.905] VoxelWater: Chunk X=7 Y=-27 Z=1 emitted 200 procedural water vertices (Ocean/Pools)
[+02:31:43.905] VoxelWater: Chunk X=6 Y=-30 Z=1 emitted 100 procedural water vertices (Ocean/Pools)
[+02:31:43.905] VoxelWater: Chunk X=6 Y=-29 Z=1 emitted 8 procedural water vertices (Ocean/Pools)
[+02:31:43.905] VoxelWater: Chunk X=5 Y=-21 Z=1 emitted 36 procedural water vertices (Ocean/Pools)
[+02:31:43.905] VoxelWater: Chunk X=10 Y=-24 Z=1 emitted 56 procedural water vertices (Ocean/Pools)
[+02:31:43.905] VoxelWater: Chunk X=10 Y=-23 Z=1 emitted 36 procedural water vertices (Ocean/Pools)
[+02:31:43.905] VoxelWater: Chunk X=7 Y=-26 Z=1 emitted 248 procedural water vertices (Ocean/Pools)
[+02:31:43.905] VoxelWater: Chunk X=8 Y=-26 Z=1 emitted 96 procedural water vertices (Ocean/Pools)
[+02:31:43.905] VoxelWater: Chunk X=3 Y=-26 Z=1 emitted 104 procedural water vertices (Ocean/Pools)
[+02:31:43.905] VoxelWater: Chunk X=3 Y=-23 Z=2 emitted 160 procedural water vertices (Ocean/Pools)
[+02:31:43.905] VoxelWater: Chunk X=3 Y=-23 Z=3 emitted 36 procedural water vertices (Ocean/Pools)
[+02:31:43.905] VoxelWater: Chunk X=9 Y=-27 Z=1 emitted 20 procedural water vertices (Ocean/Pools)
[+02:31:43.905] VoxelWater: Chunk X=10 Y=-27 Z=1 emitted 4 procedural water vertices (Ocean/Pools)
[+02:31:43.905] VoxelWater: Chunk X=4 Y=-20 Z=1 emitted 104 procedural water vertices (Ocean/Pools)
[+02:31:43.905] VoxelWater: Chunk X=7 Y=-29 Z=1 emitted 80 procedural water vertices (Ocean/Pools)
[+02:31:43.905] VoxelWater: Chunk X=7 Y=-28 Z=1 emitted 8 procedural water vertices (Ocean/Pools)
[+02:31:43.905] VoxelWater: Chunk X=10 Y=-26 Z=1 emitted 116 procedural water vertices (Ocean/Pools)
[+02:31:43.905] VoxelWater: Chunk X=10 Y=-25 Z=1 emitted 40 procedural water vertices (Ocean/Pools)
[+02:31:43.905] VoxelWater: Chunk X=5 Y=-27 Z=1 emitted 220 procedural water vertices (Ocean/Pools)
[+02:31:43.905] VoxelWater: Chunk X=7 Y=-21 Z=1 emitted 64 procedural water vertices (Ocean/Pools)
[+02:31:43.905] VoxelWater: Chunk X=6 Y=-21 Z=1 emitted 12 procedural water vertices (Ocean/Pools)
[+02:31:43.905] VoxelWater: Chunk X=7 Y=-22 Z=1 emitted 52 procedural water vertices (Ocean/Pools)
[+02:31:43.905] VoxelWater: Chunk X=3 Y=-27 Z=2 emitted 184 procedural water vertices (Ocean/Pools)
[+02:31:43.905] VoxelWater: Chunk X=3 Y=-27 Z=3 emitted 108 procedural water vertices (Ocean/Pools)
[+02:31:43.905] VoxelWater: Chunk X=2 Y=-27 Z=3 emitted 84 procedural water vertices (Ocean/Pools)
[+02:31:43.905] VoxelWater: Chunk X=1 Y=-23 Z=1 emitted 76 procedural water vertices (Ocean/Pools)
[+02:31:43.905] VoxelWater: Chunk X=1 Y=-22 Z=1 emitted 100 procedural water vertices (Ocean/Pools)
[+02:31:43.906] VoxelWater: Chunk X=9 Y=-23 Z=1 emitted 64 procedural water vertices (Ocean/Pools)
[+02:31:43.906] VoxelWater: Chunk X=3 Y=-21 Z=1 emitted 12 procedural water vertices (Ocean/Pools)
[+02:31:43.906] VoxelWater: Chunk X=2 Y=-27 Z=2 emitted 28 procedural water vertices (Ocean/Pools)
[+02:31:43.906] VoxelWater: Chunk X=8 Y=-22 Z=1 emitted 32 procedural water vertices (Ocean/Pools)
[+02:31:43.906] VoxelWater: Chunk X=3 Y=-28 Z=2 emitted 124 procedural water vertices (Ocean/Pools)
[+02:31:43.906] VoxelWater: Chunk X=8 Y=-28 Z=1 emitted 32 procedural water vertices (Ocean/Pools)
[+02:31:43.906] VoxelWater: Chunk X=2 Y=-23 Z=2 emitted 20 procedural water vertices (Ocean/Pools)
[+02:31:43.906] VoxelWater: Chunk X=8 Y=-29 Z=1 emitted 60 procedural water vertices (Ocean/Pools)
[+02:31:43.906] VoxelWater: Chunk X=3 Y=-22 Z=2 emitted 32 procedural water vertices (Ocean/Pools)
[+02:31:43.906] VoxelWater: Chunk X=8 Y=-23 Z=2 emitted 28 procedural water vertices (Ocean/Pools)
[+02:31:43.906] VoxelWater: Chunk X=8 Y=-24 Z=2 emitted 72 procedural water vertices (Ocean/Pools)
[+02:31:43.906] VoxelWater: Chunk X=3 Y=-23 Z=1 emitted 32 procedural water vertices (Ocean/Pools)
[+02:31:43.906] VoxelWater: Chunk X=8 Y=-27 Z=1 emitted 144 procedural water vertices (Ocean/Pools)
[+02:31:43.906] VoxelWater: Chunk X=3 Y=-27 Z=1 emitted 8 procedural water vertices (Ocean/Pools)
[+02:31:43.906] VoxelWater: Chunk X=9 Y=-22 Z=1 emitted 100 procedural water vertices (Ocean/Pools)
[+02:31:43.906] VoxelWater: Chunk X=3 Y=-25 Z=2 emitted 32 procedural water vertices (Ocean/Pools)
[+02:31:43.906] VoxelWater: Chunk X=5 Y=-22 Z=1 emitted 12 procedural water vertices (Ocean/Pools)
[+02:31:43.906] VoxelWater: Chunk X=5 Y=-28 Z=1 emitted 200 procedural water vertices (Ocean/Pools)
[+02:31:43.906] VoxelWater: Chunk X=8 Y=-25 Z=1 emitted 12 procedural water vertices (Ocean/Pools)
[+02:31:43.906] VoxelWater: Chunk X=4 Y=-23 Z=2 emitted 220 procedural water vertices (Ocean/Pools)
[+02:31:43.906] VoxelWater: Chunk X=9 Y=-28 Z=1 emitted 20 procedural water vertices (Ocean/Pools)
[+02:31:43.906] VoxelWater: Chunk X=7 Y=-25 Z=3 emitted 64 procedural water vertices (Ocean/Pools)
[+02:31:43.906] VoxelWater: Chunk X=7 Y=-25 Z=4 emitted 68 procedural water vertices (Ocean/Pools)
[+02:31:43.906] VoxelWater: Chunk X=5 Y=-23 Z=2 emitted 44 procedural water vertices (Ocean/Pools)
[+02:31:43.906] VoxelWater: Chunk X=5 Y=-22 Z=2 emitted 148 procedural water vertices (Ocean/Pools)
[+02:31:43.906] VoxelWater: Chunk X=5 Y=-27 Z=2 emitted 64 procedural water vertices (Ocean/Pools)
[+02:31:43.906] VoxelWater: Chunk X=5 Y=-28 Z=2 emitted 60 procedural water vertices (Ocean/Pools)
[+02:31:43.906] VoxelWater: Chunk X=6 Y=-27 Z=2 emitted 12 procedural water vertices (Ocean/Pools)
[+02:31:43.906] VoxelWater: Chunk X=9 Y=-26 Z=1 emitted 8 procedural water vertices (Ocean/Pools)
[+02:31:43.906] VoxelWater: Chunk X=3 Y=-24 Z=2 emitted 56 procedural water vertices (Ocean/Pools)
[+02:31:43.906] VoxelWater: Chunk X=4 Y=-29 Z=1 emitted 24 procedural water vertices (Ocean/Pools)
[+02:31:43.906] VoxelWater: Chunk X=3 Y=-26 Z=2 emitted 172 procedural water vertices (Ocean/Pools)
[+02:31:43.906] VoxelWater: Chunk X=4 Y=-28 Z=1 emitted 8 procedural water vertices (Ocean/Pools)
[+02:31:43.906] VoxelWater: Chunk X=6 Y=-28 Z=1 emitted 96 procedural water vertices (Ocean/Pools)
[+02:31:43.906] VoxelWater: Chunk X=6 Y=-28 Z=2 emitted 16 procedural water vertices (Ocean/Pools)
[+02:31:43.906] VoxelWater: Chunk X=7 Y=-26 Z=2 emitted 40 procedural water vertices (Ocean/Pools)
[+02:31:43.906] VoxelWater: Chunk X=2 Y=-23 Z=3 emitted 20 procedural water vertices (Ocean/Pools)
[+02:31:43.907] VoxelWater: Chunk X=6 Y=-22 Z=1 emitted 88 procedural water vertices (Ocean/Pools)
[+02:31:43.907] VoxelWater: Chunk X=8 Y=-24 Z=1 emitted 36 procedural water vertices (Ocean/Pools)
[+02:31:43.907] VoxelWater: Chunk X=2 Y=-24 Z=1 emitted 8 procedural water vertices (Ocean/Pools)
[+02:31:43.907] VoxelWater: Chunk X=4 Y=-27 Z=2 emitted 64 procedural water vertices (Ocean/Pools)
[+02:31:43.907] VoxelWater: Chunk X=2 Y=-23 Z=1 emitted 16 procedural water vertices (Ocean/Pools)
[+02:31:43.907] VoxelWater: Chunk X=5 Y=-20 Z=1 emitted 4 procedural water vertices (Ocean/Pools)
[+02:31:43.907] VoxelWater: Chunk X=8 Y=-23 Z=1 emitted 52 procedural water vertices (Ocean/Pools)
[+02:31:43.907] VoxelWater: Chunk X=8 Y=-26 Z=2 emitted 32 procedural water vertices (Ocean/Pools)
[+02:31:43.907] VoxelWater: Chunk X=7 Y=-24 Z=2 emitted 4 procedural water vertices (Ocean/Pools)
[+02:31:43.907] VoxelWater: Chunk X=6 Y=-22 Z=2 emitted 12 procedural water vertices (Ocean/Pools)
[+02:31:43.907] VoxelWater: Chunk X=2 Y=-26 Z=2 emitted 108 procedural water vertices (Ocean/Pools)
[+02:31:43.907] VoxelWater: Chunk X=4 Y=-28 Z=2 emitted 44 procedural water vertices (Ocean/Pools)
[+02:31:43.907] VoxelWater: Chunk X=2 Y=-24 Z=2 emitted 24 procedural water vertices (Ocean/Pools)
[+02:31:43.907] VoxelWater: Chunk X=2 Y=-28 Z=2 emitted 140 procedural water vertices (Ocean/Pools)
[+02:31:43.907] VoxelWater: Chunk X=2 Y=-22 Z=2 emitted 32 procedural water vertices (Ocean/Pools)
[+02:31:43.907] VoxelWater: Chunk X=3 Y=-21 Z=2 emitted 160 procedural water vertices (Ocean/Pools)
[+02:31:43.907] VoxelWater: Chunk X=3 Y=-22 Z=3 emitted 72 procedural water vertices (Ocean/Pools)
[+02:31:43.907] VoxelWater: Chunk X=1 Y=-25 Z=3 emitted 24 procedural water vertices (Ocean/Pools)
[+02:31:43.907] VoxelWater: Chunk X=3 Y=-30 Z=1 emitted 20 procedural water vertices (Ocean/Pools)
[+02:31:43.907] VoxelWater: Chunk X=7 Y=-30 Z=1 emitted 72 procedural water vertices (Ocean/Pools)
[+02:31:43.907] VoxelWater: Chunk X=7 Y=-20 Z=1 emitted 36 procedural water vertices (Ocean/Pools)
[+02:31:43.907] VoxelWater: Chunk X=3 Y=-20 Z=1 emitted 36 procedural water vertices (Ocean/Pools)
[+02:31:43.907] VoxelWater: Chunk X=10 Y=-25 Z=2 emitted 20 procedural water vertices (Ocean/Pools)
[+02:31:43.907] VoxelWater: Chunk X=2 Y=-21 Z=1 emitted 4 procedural water vertices (Ocean/Pools)
[+02:31:43.907] VoxelWater: Chunk X=2 Y=-21 Z=2 emitted 164 procedural water vertices (Ocean/Pools)
[+02:31:43.907] VoxelWater: Chunk X=1 Y=-28 Z=2 emitted 60 procedural water vertices (Ocean/Pools)
[+02:31:43.907] VoxelWater: Chunk X=1 Y=-27 Z=2 emitted 8 procedural water vertices (Ocean/Pools)
[+02:31:43.907] VoxelWater: Chunk X=1 Y=-22 Z=2 emitted 20 procedural water vertices (Ocean/Pools)
[+02:31:43.907] VoxelWater: Chunk X=5 Y=-30 Z=1 emitted 8 procedural water vertices (Ocean/Pools)
[+02:31:43.907] VoxelWater: Chunk X=5 Y=-30 Z=2 emitted 20 procedural water vertices (Ocean/Pools)
[+02:31:43.907] VoxelWater: Chunk X=8 Y=-21 Z=2 emitted 12 procedural water vertices (Ocean/Pools)
[+02:31:43.920] VoxelMesh: Chunk X=0 Y=0 Z=0 FlatVerts=522 SlopeVerts=10542
[+02:31:43.921] VoxelChunk: GenerateAsync (8,-25,4)
[+02:31:43.922] VoxelMesh: Chunk X=8 Y=-25 Z=4 FlatVerts=0 SlopeVerts=18
[+02:31:43.923] VoxelChunk: GenerateAsync (2,-28,3)
[+02:31:43.925] VoxelMesh: Chunk X=2 Y=-28 Z=3 FlatVerts=60 SlopeVerts=360
[+02:31:43.926] VoxelMesh: Chunk X=0 Y=0 Z=0 FlatVerts=3894 SlopeVerts=8382
[+02:31:43.928] VoxelChunk: GenerateAsync (0,-25,2)
[+02:31:43.930] VoxelChunk: GenerateAsync (5,-28,4)
[+02:31:43.930] VoxelMesh: Chunk X=0 Y=-25 Z=2 FlatVerts=0 SlopeVerts=3108
[+02:31:43.941] VoxelMesh: Chunk X=0 Y=0 Z=0 FlatVerts=1758 SlopeVerts=10734
[+02:31:43.942] VoxelChunk: GenerateAsync (2,-29,2)
[+02:31:43.945] VoxelMesh: Chunk X=2 Y=-29 Z=2 FlatVerts=186 SlopeVerts=258
[+02:31:43.945] VoxelChunk: GenerateAsync (9,-22,2)
[+02:31:43.948] VoxelMesh: Chunk X=0 Y=0 Z=0 FlatVerts=1722 SlopeVerts=6330
[+02:31:43.948] VoxelChunk: GenerateAsync (5,-20,2)
[+02:31:43.951] VoxelMesh: Chunk X=5 Y=-20 Z=2 FlatVerts=372 SlopeVerts=2058
[+02:31:43.951] VoxelChunk: GenerateAsync (2,-25,4)
[+02:31:43.952] VoxelMesh: Chunk X=2 Y=-25 Z=4 FlatVerts=384 SlopeVerts=2280
[+02:31:43.961] VoxelChunk: GenerateAsync (5,-22,4)
[+02:31:43.965] VoxelMesh: Chunk X=0 Y=0 Z=0 FlatVerts=2838 SlopeVerts=18540
[+02:31:43.966] VoxelChunk: GenerateAsync (4,-20,2)
[+02:31:43.968] VoxelMesh: Chunk X=4 Y=-20 Z=2 FlatVerts=6 SlopeVerts=6
[+02:31:43.968] VoxelChunk: GenerateAsync (2,-26,4)
[+02:31:43.970] VoxelMesh: Chunk X=2 Y=-26 Z=4 FlatVerts=18 SlopeVerts=732
[+02:31:43.971] VoxelChunk: GenerateAsync (4,-22,4)
[+02:31:43.971] VoxelMesh: Chunk X=4 Y=-22 Z=4 FlatVerts=54 SlopeVerts=102
[+02:31:43.981] VoxelChunk: GenerateAsync (6,-22,4)
[+02:31:43.984] VoxelMesh: Chunk X=0 Y=0 Z=0 FlatVerts=1440 SlopeVerts=9696
[+02:31:43.985] VoxelChunk: GenerateAsync (4,-30,2)
[+02:31:43.986] VoxelMesh: Chunk X=4 Y=-30 Z=2 FlatVerts=840 SlopeVerts=2226
[+02:31:43.989] VoxelMesh: Chunk X=0 Y=0 Z=0 FlatVerts=1284 SlopeVerts=15288
[+02:31:43.990] VoxelChunk: GenerateAsync (6,-30,2)
[+02:31:43.995] VoxelMesh: Chunk X=0 Y=0 Z=0 FlatVerts=3966 SlopeVerts=2154
[+02:31:43.996] VoxelChunk: GenerateAsync (0,-22,0)
[+02:31:44.008] VoxelMesh: Chunk X=0 Y=0 Z=0 FlatVerts=7152 SlopeVerts=486
[+02:31:44.009] VoxelChunk: GenerateAsync (10,-22,0)
[+02:31:44.011] VoxelMesh: Chunk X=0 Y=0 Z=0 FlatVerts=6 SlopeVerts=6
[+02:31:44.012] VoxelChunk: GenerateAsync (6,-20,2)
[+02:31:44.013] VoxelMesh: Chunk X=6 Y=-20 Z=2 FlatVerts=1080 SlopeVerts=4008
[+02:31:44.016] VoxelMesh: Chunk X=0 Y=0 Z=0 FlatVerts=2568 SlopeVerts=4854
[+02:31:44.017] VoxelChunk: GenerateAsync (2,-30,0)
[+02:31:44.020] VoxelMesh: Chunk X=0 Y=0 Z=0 FlatVerts=84 SlopeVerts=11994
[+02:31:44.021] VoxelChunk: GenerateAsync (10,-24,2)
[+02:31:44.022] VoxelMesh: Chunk X=10 Y=-24 Z=2 FlatVerts=684 SlopeVerts=432
[+02:31:44.032] VoxelMesh: Chunk X=0 Y=0 Z=0 FlatVerts=7770 SlopeVerts=0
[+02:31:44.033] VoxelChunk: GenerateAsync (8,-20,0)
[+02:31:44.036] VoxelChunk: GenerateAsync (4,-28,4)
[+02:31:44.041] VoxelMesh: Chunk X=0 Y=0 Z=0 FlatVerts=2784 SlopeVerts=14850
[+02:31:44.043] VoxelChunk: GenerateAsync (0,-24,2)
[+02:31:44.044] VoxelMesh: Chunk X=0 Y=-24 Z=2 FlatVerts=0 SlopeVerts=504
[+02:31:44.046] VoxelMesh: Chunk X=0 Y=0 Z=0 FlatVerts=1326 SlopeVerts=21234
[+02:31:44.048] VoxelChunk: GenerateAsync (8,-26,4)
[+02:31:44.061] VoxelMesh: Chunk X=0 Y=0 Z=0 FlatVerts=132 SlopeVerts=768
[+02:31:44.062] VoxelChunk: GenerateAsync (8,-24,4)
[+02:31:44.064] VoxelMesh: Chunk X=8 Y=-24 Z=4 FlatVerts=6 SlopeVerts=24
[+02:31:44.064] VoxelMesh: Chunk X=0 Y=0 Z=0 FlatVerts=1944 SlopeVerts=2106
[+02:31:44.066] VoxelChunk: GenerateAsync (0,-26,2)
[+02:31:44.069] VoxelMesh: Chunk X=0 Y=-26 Z=2 FlatVerts=0 SlopeVerts=792
[+02:31:44.071] VoxelMesh: Chunk X=0 Y=0 Z=0 FlatVerts=1104 SlopeVerts=18804
[+02:31:44.072] VoxelChunk: GenerateAsync (10,-26,2)
[+02:31:44.075] VoxelMesh: Chunk X=10 Y=-26 Z=2 FlatVerts=186 SlopeVerts=402
[+02:31:44.078] VoxelChunk: GenerateAsync (2,-20,0)
[+02:31:44.115] VoxelWater: Chunk X=5 Y=-26 Z=1 emitted 372 procedural water vertices (Ocean/Pools)
[+02:31:44.115] VoxelWater: Chunk X=4 Y=-25 Z=1 emitted 140 procedural water vertices (Ocean/Pools)
[+02:31:44.115] VoxelWater: Chunk X=5 Y=-25 Z=1 emitted 12 procedural water vertices (Ocean/Pools)
[+02:31:44.115] VoxelWater: Chunk X=6 Y=-24 Z=3 emitted 140 procedural water vertices (Ocean/Pools)
[+02:31:44.115] VoxelWater: Chunk X=6 Y=-24 Z=4 emitted 16 procedural water vertices (Ocean/Pools)
[+02:31:44.115] VoxelWater: Chunk X=7 Y=-24 Z=4 emitted 32 procedural water vertices (Ocean/Pools)
[+02:31:44.115] VoxelWater: Chunk X=6 Y=-25 Z=1 emitted 16 procedural water vertices (Ocean/Pools)
[+02:31:44.115] VoxelWater: Chunk X=4 Y=-30 Z=1 emitted 56 procedural water vertices (Ocean/Pools)
[+02:31:44.115] VoxelWater: Chunk X=4 Y=-21 Z=1 emitted 40 procedural water vertices (Ocean/Pools)
[+02:31:44.115] VoxelWater: Chunk X=4 Y=-21 Z=2 emitted 152 procedural water vertices (Ocean/Pools)
[+02:31:44.115] VoxelWater: Chunk X=4 Y=-22 Z=2 emitted 44 procedural water vertices (Ocean/Pools)
[+02:31:44.115] VoxelWater: Chunk X=5 Y=-21 Z=2 emitted 80 procedural water vertices (Ocean/Pools)
[+02:31:44.115] VoxelWater: Chunk X=6 Y=-25 Z=3 emitted 344 procedural water vertices (Ocean/Pools)
[+02:31:44.115] VoxelWater: Chunk X=6 Y=-25 Z=4 emitted 28 procedural water vertices (Ocean/Pools)
[+02:31:44.115] VoxelWater: Chunk X=9 Y=-24 Z=1 emitted 36 procedural water vertices (Ocean/Pools)
[+02:31:44.115] VoxelWater: Chunk X=9 Y=-24 Z=2 emitted 128 procedural water vertices (Ocean/Pools)
[+02:31:44.115] VoxelWater: Chunk X=4 Y=-22 Z=3 emitted 104 procedural water vertices (Ocean/Pools)
[+02:31:44.115] VoxelWater: Chunk X=4 Y=-23 Z=3 emitted 4 procedural water vertices (Ocean/Pools)
[+02:31:44.115] VoxelWater: Chunk X=1 Y=-24 Z=1 emitted 8 procedural water vertices (Ocean/Pools)
[+02:31:44.115] VoxelWater: Chunk X=1 Y=-24 Z=2 emitted 64 procedural water vertices (Ocean/Pools)
[+02:31:44.115] VoxelWater: Chunk X=1 Y=-25 Z=2 emitted 4 procedural water vertices (Ocean/Pools)
[+02:31:44.115] VoxelWater: Chunk X=2 Y=-24 Z=2 emitted 28 procedural water vertices (Ocean/Pools)
[+02:31:44.115] VoxelWater: Chunk X=2 Y=-24 Z=3 emitted 60 procedural water vertices (Ocean/Pools)
[+02:31:44.115] VoxelWater: Chunk X=1 Y=-24 Z=3 emitted 20 procedural water vertices (Ocean/Pools)
[+02:31:44.115] VoxelWater: Chunk X=2 Y=-25 Z=3 emitted 56 procedural water vertices (Ocean/Pools)
[+02:31:44.115] VoxelWater: Chunk X=9 Y=-26 Z=1 emitted 28 procedural water vertices (Ocean/Pools)
[+02:31:44.115] VoxelWater: Chunk X=9 Y=-26 Z=2 emitted 60 procedural water vertices (Ocean/Pools)
[+02:31:44.116] VoxelWater: Chunk X=4 Y=-23 Z=1 emitted 16 procedural water vertices (Ocean/Pools)
[+02:31:44.116] VoxelWater: Chunk X=7 Y=-24 Z=1 emitted 8 procedural water vertices (Ocean/Pools)
[+02:31:44.116] VoxelWater: Chunk X=5 Y=-23 Z=1 emitted 108 procedural water vertices (Ocean/Pools)
[+02:31:44.116] VoxelWater: Chunk X=6 Y=-23 Z=1 emitted 16 procedural water vertices (Ocean/Pools)
[+02:31:44.116] VoxelWater: Chunk X=4 Y=-27 Z=1 emitted 68 procedural water vertices (Ocean/Pools)
[+02:31:44.116] VoxelWater: Chunk X=4 Y=-26 Z=1 emitted 412 procedural water vertices (Ocean/Pools)
[+02:31:44.116] VoxelWater: Chunk X=4 Y=-26 Z=2 emitted 16 procedural water vertices (Ocean/Pools)
[+02:31:44.116] VoxelWater: Chunk X=4 Y=-25 Z=2 emitted 392 procedural water vertices (Ocean/Pools)
[+02:31:44.116] VoxelWater: Chunk X=4 Y=-25 Z=3 emitted 152 procedural water vertices (Ocean/Pools)
[+02:31:44.116] VoxelWater: Chunk X=3 Y=-25 Z=3 emitted 68 procedural water vertices (Ocean/Pools)
[+02:31:44.116] VoxelWater: Chunk X=5 Y=-25 Z=2 emitted 484 procedural water vertices (Ocean/Pools)
[+02:31:44.116] VoxelWater: Chunk X=4 Y=-24 Z=2 emitted 344 procedural water vertices (Ocean/Pools)
[+02:31:44.116] VoxelWater: Chunk X=4 Y=-24 Z=3 emitted 80 procedural water vertices (Ocean/Pools)
[+02:31:44.116] VoxelWater: Chunk X=3 Y=-24 Z=3 emitted 68 procedural water vertices (Ocean/Pools)
[+02:31:44.116] VoxelWater: Chunk X=4 Y=-24 Z=1 emitted 128 procedural water vertices (Ocean/Pools)
[+02:31:44.116] VoxelWater: Chunk X=4 Y=-23 Z=2 emitted 228 procedural water vertices (Ocean/Pools)
[+02:31:44.116] VoxelWater: Chunk X=5 Y=-24 Z=2 emitted 156 procedural water vertices (Ocean/Pools)
[+02:31:44.116] VoxelWater: Chunk X=8 Y=-25 Z=3 emitted 24 procedural water vertices (Ocean/Pools)
[+02:31:44.116] VoxelWater: Chunk X=5 Y=-26 Z=2 emitted 8 procedural water vertices (Ocean/Pools)
[+02:31:44.116] VoxelWater: Chunk X=5 Y=-25 Z=3 emitted 128 procedural water vertices (Ocean/Pools)
[+02:31:44.116] VoxelWater: Chunk X=6 Y=-25 Z=2 emitted 112 procedural water vertices (Ocean/Pools)
[+02:31:44.116] VoxelWater: Chunk X=5 Y=-29 Z=1 emitted 132 procedural water vertices (Ocean/Pools)
[+02:31:44.116] VoxelWater: Chunk X=5 Y=-29 Z=2 emitted 4 procedural water vertices (Ocean/Pools)
[+02:31:44.116] VoxelWater: Chunk X=5 Y=-24 Z=3 emitted 20 procedural water vertices (Ocean/Pools)
[+02:31:44.116] VoxelWater: Chunk X=5 Y=-24 Z=1 emitted 104 procedural water vertices (Ocean/Pools)
[+02:31:44.116] VoxelWater: Chunk X=6 Y=-26 Z=2 emitted 60 procedural water vertices (Ocean/Pools)
[+02:31:44.116] VoxelWater: Chunk X=6 Y=-26 Z=3 emitted 16 procedural water vertices (Ocean/Pools)
[+02:31:44.116] VoxelWater: Chunk X=6 Y=-26 Z=1 emitted 128 procedural water vertices (Ocean/Pools)
[+02:31:44.116] VoxelWater: Chunk X=9 Y=-25 Z=1 emitted 44 procedural water vertices (Ocean/Pools)
[+02:31:44.116] VoxelWater: Chunk X=9 Y=-25 Z=2 emitted 248 procedural water vertices (Ocean/Pools)
[+02:31:44.116] VoxelWater: Chunk X=8 Y=-25 Z=2 emitted 76 procedural water vertices (Ocean/Pools)
[+02:31:44.116] VoxelWater: Chunk X=7 Y=-25 Z=2 emitted 4 procedural water vertices (Ocean/Pools)
[+02:31:44.116] VoxelWater: Chunk X=6 Y=-24 Z=2 emitted 172 procedural water vertices (Ocean/Pools)
[+02:31:44.117] VoxelWater: Chunk X=6 Y=-24 Z=1 emitted 104 procedural water vertices (Ocean/Pools)
[+02:31:44.117] VoxelWater: Chunk X=6 Y=-27 Z=1 emitted 272 procedural water vertices (Ocean/Pools)
[+02:31:44.117] VoxelWater: Chunk X=7 Y=-27 Z=1 emitted 256 procedural water vertices (Ocean/Pools)
[+02:31:44.117] VoxelWater: Chunk X=6 Y=-30 Z=1 emitted 100 procedural water vertices (Ocean/Pools)
[+02:31:44.117] VoxelWater: Chunk X=6 Y=-29 Z=1 emitted 8 procedural water vertices (Ocean/Pools)
[+02:31:44.117] VoxelWater: Chunk X=5 Y=-21 Z=1 emitted 36 procedural water vertices (Ocean/Pools)
[+02:31:44.117] VoxelWater: Chunk X=10 Y=-24 Z=1 emitted 64 procedural water vertices (Ocean/Pools)
[+02:31:44.117] VoxelWater: Chunk X=10 Y=-23 Z=1 emitted 36 procedural water vertices (Ocean/Pools)
[+02:31:44.117] VoxelWater: Chunk X=7 Y=-26 Z=1 emitted 280 procedural water vertices (Ocean/Pools)
[+02:31:44.117] VoxelWater: Chunk X=8 Y=-26 Z=1 emitted 108 procedural water vertices (Ocean/Pools)
[+02:31:44.117] VoxelWater: Chunk X=3 Y=-26 Z=1 emitted 112 procedural water vertices (Ocean/Pools)
[+02:31:44.117] VoxelWater: Chunk X=3 Y=-23 Z=2 emitted 168 procedural water vertices (Ocean/Pools)
[+02:31:44.117] VoxelWater: Chunk X=3 Y=-23 Z=3 emitted 36 procedural water vertices (Ocean/Pools)
[+02:31:44.117] VoxelWater: Chunk X=9 Y=-27 Z=1 emitted 24 procedural water vertices (Ocean/Pools)
[+02:31:44.117] VoxelWater: Chunk X=10 Y=-27 Z=1 emitted 8 procedural water vertices (Ocean/Pools)
[+02:31:44.117] VoxelWater: Chunk X=4 Y=-20 Z=1 emitted 104 procedural water vertices (Ocean/Pools)
[+02:31:44.117] VoxelWater: Chunk X=7 Y=-29 Z=1 emitted 80 procedural water vertices (Ocean/Pools)
[+02:31:44.117] VoxelWater: Chunk X=7 Y=-28 Z=1 emitted 8 procedural water vertices (Ocean/Pools)
[+02:31:44.117] VoxelWater: Chunk X=10 Y=-26 Z=1 emitted 128 procedural water vertices (Ocean/Pools)
[+02:31:44.117] VoxelWater: Chunk X=10 Y=-25 Z=1 emitted 40 procedural water vertices (Ocean/Pools)
[+02:31:44.117] VoxelWater: Chunk X=5 Y=-27 Z=1 emitted 220 procedural water vertices (Ocean/Pools)
[+02:31:44.117] VoxelWater: Chunk X=7 Y=-21 Z=1 emitted 64 procedural water vertices (Ocean/Pools)
[+02:31:44.117] VoxelWater: Chunk X=6 Y=-21 Z=1 emitted 12 procedural water vertices (Ocean/Pools)
[+02:31:44.117] VoxelWater: Chunk X=7 Y=-22 Z=1 emitted 52 procedural water vertices (Ocean/Pools)
[+02:31:44.117] VoxelWater: Chunk X=3 Y=-27 Z=2 emitted 188 procedural water vertices (Ocean/Pools)
[+02:31:44.117] VoxelWater: Chunk X=3 Y=-27 Z=3 emitted 116 procedural water vertices (Ocean/Pools)
[+02:31:44.117] VoxelWater: Chunk X=2 Y=-27 Z=3 emitted 84 procedural water vertices (Ocean/Pools)
[+02:31:44.117] VoxelWater: Chunk X=1 Y=-23 Z=1 emitted 76 procedural water vertices (Ocean/Pools)
[+02:31:44.117] VoxelWater: Chunk X=1 Y=-22 Z=1 emitted 112 procedural water vertices (Ocean/Pools)
[+02:31:44.117] VoxelWater: Chunk X=9 Y=-23 Z=1 emitted 64 procedural water vertices (Ocean/Pools)
[+02:31:44.117] VoxelWater: Chunk X=3 Y=-21 Z=1 emitted 12 procedural water vertices (Ocean/Pools)
[+02:31:44.117] VoxelWater: Chunk X=2 Y=-27 Z=2 emitted 40 procedural water vertices (Ocean/Pools)
[+02:31:44.117] VoxelWater: Chunk X=8 Y=-22 Z=1 emitted 32 procedural water vertices (Ocean/Pools)
[+02:31:44.117] VoxelWater: Chunk X=3 Y=-28 Z=1 emitted 4 procedural water vertices (Ocean/Pools)
[+02:31:44.117] VoxelWater: Chunk X=3 Y=-28 Z=2 emitted 140 procedural water vertices (Ocean/Pools)
[+02:31:44.117] VoxelWater: Chunk X=2 Y=-28 Z=2 emitted 148 procedural water vertices (Ocean/Pools)
[+02:31:44.118] VoxelWater: Chunk X=8 Y=-28 Z=1 emitted 32 procedural water vertices (Ocean/Pools)
[+02:31:44.118] VoxelWater: Chunk X=9 Y=-28 Z=1 emitted 32 procedural water vertices (Ocean/Pools)
[+02:31:44.118] VoxelWater: Chunk X=2 Y=-23 Z=1 emitted 24 procedural water vertices (Ocean/Pools)
[+02:31:44.118] VoxelWater: Chunk X=2 Y=-23 Z=2 emitted 24 procedural water vertices (Ocean/Pools)
[+02:31:44.118] VoxelWater: Chunk X=8 Y=-29 Z=1 emitted 60 procedural water vertices (Ocean/Pools)
[+02:31:44.118] VoxelWater: Chunk X=3 Y=-22 Z=2 emitted 32 procedural water vertices (Ocean/Pools)
[+02:31:44.118] VoxelWater: Chunk X=8 Y=-23 Z=2 emitted 28 procedural water vertices (Ocean/Pools)
[+02:31:44.118] VoxelWater: Chunk X=8 Y=-24 Z=2 emitted 84 procedural water vertices (Ocean/Pools)
[+02:31:44.118] VoxelWater: Chunk X=1 Y=-27 Z=2 emitted 12 procedural water vertices (Ocean/Pools)
[+02:31:44.118] VoxelWater: Chunk X=3 Y=-23 Z=1 emitted 32 procedural water vertices (Ocean/Pools)
[+02:31:44.118] VoxelWater: Chunk X=8 Y=-27 Z=1 emitted 152 procedural water vertices (Ocean/Pools)
[+02:31:44.118] VoxelWater: Chunk X=3 Y=-27 Z=1 emitted 8 procedural water vertices (Ocean/Pools)
[+02:31:44.118] VoxelWater: Chunk X=9 Y=-22 Z=1 emitted 100 procedural water vertices (Ocean/Pools)
[+02:31:44.118] VoxelWater: Chunk X=3 Y=-25 Z=2 emitted 52 procedural water vertices (Ocean/Pools)
[+02:31:44.118] VoxelWater: Chunk X=5 Y=-22 Z=1 emitted 12 procedural water vertices (Ocean/Pools)
[+02:31:44.118] VoxelWater: Chunk X=5 Y=-28 Z=1 emitted 204 procedural water vertices (Ocean/Pools)
[+02:31:44.118] VoxelWater: Chunk X=8 Y=-25 Z=1 emitted 12 procedural water vertices (Ocean/Pools)
[+02:31:44.118] VoxelWater: Chunk X=7 Y=-25 Z=3 emitted 72 procedural water vertices (Ocean/Pools)
[+02:31:44.118] VoxelWater: Chunk X=7 Y=-25 Z=4 emitted 68 procedural water vertices (Ocean/Pools)
[+02:31:44.118] VoxelWater: Chunk X=5 Y=-23 Z=2 emitted 44 procedural water vertices (Ocean/Pools)
[+02:31:44.118] VoxelWater: Chunk X=5 Y=-22 Z=2 emitted 152 procedural water vertices (Ocean/Pools)
[+02:31:44.118] VoxelWater: Chunk X=5 Y=-27 Z=2 emitted 64 procedural water vertices (Ocean/Pools)
[+02:31:44.118] VoxelWater: Chunk X=5 Y=-28 Z=2 emitted 60 procedural water vertices (Ocean/Pools)
[+02:31:44.118] VoxelWater: Chunk X=6 Y=-27 Z=2 emitted 12 procedural water vertices (Ocean/Pools)
[+02:31:44.118] VoxelWater: Chunk X=3 Y=-24 Z=2 emitted 60 procedural water vertices (Ocean/Pools)
[+02:31:44.118] VoxelWater: Chunk X=4 Y=-29 Z=1 emitted 24 procedural water vertices (Ocean/Pools)
[+02:31:44.118] VoxelWater: Chunk X=3 Y=-26 Z=2 emitted 188 procedural water vertices (Ocean/Pools)
[+02:31:44.118] VoxelWater: Chunk X=4 Y=-28 Z=1 emitted 8 procedural water vertices (Ocean/Pools)
[+02:31:44.118] VoxelWater: Chunk X=6 Y=-28 Z=1 emitted 96 procedural water vertices (Ocean/Pools)
[+02:31:44.118] VoxelWater: Chunk X=5 Y=-30 Z=1 emitted 12 procedural water vertices (Ocean/Pools)
[+02:31:44.118] VoxelWater: Chunk X=6 Y=-28 Z=2 emitted 16 procedural water vertices (Ocean/Pools)
[+02:31:44.118] VoxelWater: Chunk X=7 Y=-24 Z=2 emitted 4 procedural water vertices (Ocean/Pools)
[+02:31:44.118] VoxelWater: Chunk X=7 Y=-26 Z=2 emitted 40 procedural water vertices (Ocean/Pools)
[+02:31:44.118] VoxelWater: Chunk X=2 Y=-23 Z=3 emitted 20 procedural water vertices (Ocean/Pools)
[+02:31:44.118] VoxelWater: Chunk X=2 Y=-21 Z=1 emitted 8 procedural water vertices (Ocean/Pools)
[+02:31:44.118] VoxelWater: Chunk X=6 Y=-22 Z=1 emitted 88 procedural water vertices (Ocean/Pools)
[+02:31:44.119] VoxelWater: Chunk X=8 Y=-24 Z=1 emitted 36 procedural water vertices (Ocean/Pools)
[+02:31:44.119] VoxelWater: Chunk X=2 Y=-24 Z=1 emitted 8 procedural water vertices (Ocean/Pools)
[+02:31:44.119] VoxelWater: Chunk X=4 Y=-27 Z=2 emitted 68 procedural water vertices (Ocean/Pools)
[+02:31:44.119] VoxelWater: Chunk X=8 Y=-27 Z=0 emitted 4 procedural water vertices (Ocean/Pools)
[+02:31:44.119] VoxelWater: Chunk X=5 Y=-20 Z=1 emitted 16 procedural water vertices (Ocean/Pools)
[+02:31:44.119] VoxelWater: Chunk X=8 Y=-23 Z=1 emitted 52 procedural water vertices (Ocean/Pools)
[+02:31:44.119] VoxelWater: Chunk X=8 Y=-26 Z=2 emitted 32 procedural water vertices (Ocean/Pools)
[+02:31:44.119] VoxelWater: Chunk X=6 Y=-22 Z=2 emitted 12 procedural water vertices (Ocean/Pools)
[+02:31:44.119] VoxelWater: Chunk X=2 Y=-26 Z=2 emitted 132 procedural water vertices (Ocean/Pools)
[+02:31:44.119] VoxelWater: Chunk X=4 Y=-28 Z=2 emitted 44 procedural water vertices (Ocean/Pools)
[+02:31:44.119] VoxelWater: Chunk X=2 Y=-22 Z=1 emitted 8 procedural water vertices (Ocean/Pools)
[+02:31:44.119] VoxelWater: Chunk X=2 Y=-22 Z=2 emitted 32 procedural water vertices (Ocean/Pools)
[+02:31:44.119] VoxelWater: Chunk X=3 Y=-21 Z=2 emitted 168 procedural water vertices (Ocean/Pools)
[+02:31:44.119] VoxelWater: Chunk X=3 Y=-22 Z=3 emitted 76 procedural water vertices (Ocean/Pools)
[+02:31:44.119] VoxelWater: Chunk X=1 Y=-25 Z=3 emitted 28 procedural water vertices (Ocean/Pools)
[+02:31:44.119] VoxelWater: Chunk X=3 Y=-30 Z=1 emitted 20 procedural water vertices (Ocean/Pools)
[+02:31:44.119] VoxelWater: Chunk X=7 Y=-30 Z=1 emitted 72 procedural water vertices (Ocean/Pools)
[+02:31:44.119] VoxelWater: Chunk X=7 Y=-20 Z=1 emitted 36 procedural water vertices (Ocean/Pools)
[+02:31:44.119] VoxelWater: Chunk X=3 Y=-20 Z=1 emitted 36 procedural water vertices (Ocean/Pools)
[+02:31:44.119] VoxelWater: Chunk X=10 Y=-25 Z=2 emitted 20 procedural water vertices (Ocean/Pools)
[+02:31:44.119] VoxelWater: Chunk X=2 Y=-21 Z=2 emitted 168 procedural water vertices (Ocean/Pools)
[+02:31:44.119] VoxelWater: Chunk X=1 Y=-28 Z=2 emitted 64 procedural water vertices (Ocean/Pools)
[+02:31:44.119] VoxelWater: Chunk X=1 Y=-22 Z=2 emitted 20 procedural water vertices (Ocean/Pools)
[+02:31:44.119] VoxelWater: Chunk X=5 Y=-30 Z=2 emitted 20 procedural water vertices (Ocean/Pools)
[+02:31:44.119] VoxelWater: Chunk X=8 Y=-21 Z=1 emitted 4 procedural water vertices (Ocean/Pools)
[+02:31:44.119] VoxelWater: Chunk X=8 Y=-21 Z=2 emitted 12 procedural water vertices (Ocean/Pools)
[+02:31:44.119] VoxelWater: Chunk X=0 Y=-25 Z=2 emitted 12 procedural water vertices (Ocean/Pools)
[+02:31:44.119] VoxelWater: Chunk X=5 Y=-20 Z=2 emitted 8 procedural water vertices (Ocean/Pools)
[+02:31:44.119] VoxelWater: Chunk X=2 Y=-25 Z=4 emitted 24 procedural water vertices (Ocean/Pools)
[+02:31:44.119] VoxelWater: Chunk X=4 Y=-30 Z=2 emitted 32 procedural water vertices (Ocean/Pools)
[+02:31:44.119] VoxelWater: Chunk X=6 Y=-20 Z=2 emitted 56 procedural water vertices (Ocean/Pools)
[+02:31:44.119] VoxelWater: Chunk X=10 Y=-24 Z=2 emitted 20 procedural water vertices (Ocean/Pools)
[+02:31:44.119] VoxelWater: Chunk X=0 Y=-24 Z=2 emitted 12 procedural water vertices (Ocean/Pools)
[+02:31:44.119] VoxelWater: Chunk X=10 Y=-26 Z=2 emitted 4 procedural water vertices (Ocean/Pools)
[+02:31:44.132] VoxelMesh: Chunk X=0 Y=0 Z=0 FlatVerts=4530 SlopeVerts=4992
[+02:31:44.133] VoxelChunk: GenerateAsync (0,-28,0)
[+02:31:44.138] VoxelMesh: Chunk X=0 Y=0 Z=0 FlatVerts=5700 SlopeVerts=1692
[+02:31:44.139] VoxelChunk: GenerateAsync (8,-30,0)
[+02:31:44.141] VoxelChunk: GenerateAsync (6,-28,4)
[+02:31:44.145] VoxelMesh: Chunk X=0 Y=0 Z=0 FlatVerts=5322 SlopeVerts=1326
[+02:31:44.146] VoxelChunk: GenerateAsync (10,-28,0)
[+02:31:44.157] VoxelMesh: Chunk X=0 Y=0 Z=0 FlatVerts=6 SlopeVerts=240
[+02:31:44.158] VoxelChunk: GenerateAsync (2,-24,4)
[+02:31:44.160] VoxelMesh: Chunk X=2 Y=-24 Z=4 FlatVerts=144 SlopeVerts=1542
[+02:31:44.160] VoxelChunk: GenerateAsync (9,-23,3)
[+02:31:44.162] VoxelChunk: GenerateAsync (5,-25,5)
[+02:31:44.164] VoxelMesh: Chunk X=0 Y=0 Z=0 FlatVerts=7182 SlopeVerts=0
[+02:31:44.166] VoxelChunk: GenerateAsync (9,-21,1)
[+02:31:44.166] VoxelMesh: Chunk X=9 Y=-21 Z=1 FlatVerts=1674 SlopeVerts=372
[+02:31:44.177] VoxelChunk: GenerateAsync (7,-21,3)
[+02:31:44.180] VoxelMesh: Chunk X=0 Y=0 Z=0 FlatVerts=7488 SlopeVerts=828
[+02:31:44.181] VoxelChunk: GenerateAsync (9,-29,1)
[+02:31:44.182] VoxelMesh: Chunk X=9 Y=-29 Z=1 FlatVerts=1746 SlopeVerts=0
[+02:31:44.186] VoxelMesh: Chunk X=0 Y=0 Z=0 FlatVerts=2778 SlopeVerts=14880
[+02:31:44.187] VoxelChunk: GenerateAsync (1,-21,1)
[+02:31:44.190] VoxelMesh: Chunk X=1 Y=-21 Z=1 FlatVerts=1266 SlopeVerts=1236
[+02:31:44.190] VoxelMesh: Chunk X=0 Y=0 Z=0 FlatVerts=162 SlopeVerts=3966
[+02:31:44.191] VoxelChunk: GenerateAsync (7,-29,3)
[+02:31:44.203] VoxelMesh: Chunk X=0 Y=0 Z=0 FlatVerts=786 SlopeVerts=13176
[+02:31:44.204] VoxelChunk: GenerateAsync (3,-21,3)
[+02:31:44.205] VoxelMesh: Chunk X=3 Y=-21 Z=3 FlatVerts=120 SlopeVerts=324
[+02:31:44.208] VoxelMesh: Chunk X=0 Y=0 Z=0 FlatVerts=1644 SlopeVerts=25884
[+02:31:44.209] VoxelChunk: GenerateAsync (9,-27,3)
[+02:31:44.213] VoxelMesh: Chunk X=0 Y=0 Z=0 FlatVerts=774 SlopeVerts=3144
[+02:31:44.214] VoxelChunk: GenerateAsync (3,-29,3)
[+02:31:44.217] VoxelMesh: Chunk X=0 Y=0 Z=0 FlatVerts=2022 SlopeVerts=18018
[+02:31:44.219] VoxelChunk: GenerateAsync (1,-23,3)
[+02:31:44.231] VoxelMesh: Chunk X=0 Y=0 Z=0 FlatVerts=3288 SlopeVerts=18228
[+02:31:44.233] VoxelChunk: GenerateAsync (1,-29,1)
[+02:31:44.235] VoxelMesh: Chunk X=1 Y=-29 Z=1 FlatVerts=2130 SlopeVerts=168
[+02:31:44.235] VoxelChunk: GenerateAsync (1,-27,3)
[+02:31:44.237] VoxelMesh: Chunk X=1 Y=-27 Z=3 FlatVerts=480 SlopeVerts=4344
[+02:31:44.238] VoxelChunk: GenerateAsync (5,-24,5)
[+02:31:44.240] VoxelChunk: GenerateAsync (6,-25,5)
[+02:31:44.250] VoxelChunk: GenerateAsync (5,-26,5)
[+02:31:44.253] VoxelChunk: GenerateAsync (4,-25,5)
[+02:31:44.256] VoxelMesh: Chunk X=0 Y=0 Z=0 FlatVerts=414 SlopeVerts=948
[+02:31:44.256] VoxelChunk: GenerateAsync (2,-23,4)
[+02:31:44.260] VoxelMesh: Chunk X=0 Y=0 Z=0 FlatVerts=5538 SlopeVerts=11076
[+02:31:44.261] VoxelChunk: GenerateAsync (0,-28,1)
[+02:31:44.262] VoxelMesh: Chunk X=0 Y=-28 Z=1 FlatVerts=438 SlopeVerts=720
[+02:31:44.272] VoxelMesh: Chunk X=0 Y=0 Z=0 FlatVerts=6462 SlopeVerts=6924
[+02:31:44.274] VoxelChunk: GenerateAsync (10,-28,1)
[+02:31:44.275] VoxelMesh: Chunk X=10 Y=-28 Z=1 FlatVerts=1896 SlopeVerts=0
[+02:31:44.278] VoxelMesh: Chunk X=0 Y=0 Z=0 FlatVerts=1980 SlopeVerts=18834
[+02:31:44.280] VoxelChunk: GenerateAsync (10,-27,2)
[+02:31:44.283] VoxelChunk: GenerateAsync (6,-24,5)
[+02:31:44.285] VoxelChunk: GenerateAsync (4,-24,5)
[+02:31:44.322] VoxelWater: Chunk X=5 Y=-26 Z=1 emitted 416 procedural water vertices (Ocean/Pools)
[+02:31:44.322] VoxelWater: Chunk X=5 Y=-25 Z=1 emitted 16 procedural water vertices (Ocean/Pools)
[+02:31:44.322] VoxelWater: Chunk X=4 Y=-25 Z=1 emitted 156 procedural water vertices (Ocean/Pools)
[+02:31:44.322] VoxelWater: Chunk X=6 Y=-24 Z=3 emitted 136 procedural water vertices (Ocean/Pools)
[+02:31:44.322] VoxelWater: Chunk X=6 Y=-24 Z=4 emitted 16 procedural water vertices (Ocean/Pools)
[+02:31:44.322] VoxelWater: Chunk X=7 Y=-24 Z=4 emitted 32 procedural water vertices (Ocean/Pools)
[+02:31:44.322] VoxelWater: Chunk X=6 Y=-25 Z=1 emitted 16 procedural water vertices (Ocean/Pools)
[+02:31:44.322] VoxelWater: Chunk X=4 Y=-30 Z=1 emitted 56 procedural water vertices (Ocean/Pools)
[+02:31:44.322] VoxelWater: Chunk X=4 Y=-21 Z=1 emitted 56 procedural water vertices (Ocean/Pools)
[+02:31:44.322] VoxelWater: Chunk X=4 Y=-21 Z=2 emitted 172 procedural water vertices (Ocean/Pools)
[+02:31:44.322] VoxelWater: Chunk X=4 Y=-22 Z=2 emitted 56 procedural water vertices (Ocean/Pools)
[+02:31:44.322] VoxelWater: Chunk X=5 Y=-21 Z=2 emitted 84 procedural water vertices (Ocean/Pools)
[+02:31:44.322] VoxelWater: Chunk X=6 Y=-25 Z=3 emitted 328 procedural water vertices (Ocean/Pools)
[+02:31:44.322] VoxelWater: Chunk X=6 Y=-25 Z=4 emitted 28 procedural water vertices (Ocean/Pools)
[+02:31:44.322] VoxelWater: Chunk X=9 Y=-24 Z=1 emitted 52 procedural water vertices (Ocean/Pools)
[+02:31:44.322] VoxelWater: Chunk X=9 Y=-24 Z=2 emitted 128 procedural water vertices (Ocean/Pools)
[+02:31:44.322] VoxelWater: Chunk X=4 Y=-22 Z=3 emitted 108 procedural water vertices (Ocean/Pools)
[+02:31:44.322] VoxelWater: Chunk X=4 Y=-23 Z=3 emitted 4 procedural water vertices (Ocean/Pools)
[+02:31:44.322] VoxelWater: Chunk X=1 Y=-24 Z=1 emitted 8 procedural water vertices (Ocean/Pools)
[+02:31:44.322] VoxelWater: Chunk X=1 Y=-24 Z=2 emitted 76 procedural water vertices (Ocean/Pools)
[+02:31:44.323] VoxelWater: Chunk X=1 Y=-25 Z=2 emitted 4 procedural water vertices (Ocean/Pools)
[+02:31:44.323] VoxelWater: Chunk X=2 Y=-24 Z=2 emitted 44 procedural water vertices (Ocean/Pools)
[+02:31:44.323] VoxelWater: Chunk X=2 Y=-24 Z=3 emitted 60 procedural water vertices (Ocean/Pools)
[+02:31:44.323] VoxelWater: Chunk X=1 Y=-24 Z=3 emitted 20 procedural water vertices (Ocean/Pools)
[+02:31:44.323] VoxelWater: Chunk X=2 Y=-25 Z=3 emitted 56 procedural water vertices (Ocean/Pools)
[+02:31:44.323] VoxelWater: Chunk X=9 Y=-26 Z=1 emitted 44 procedural water vertices (Ocean/Pools)
[+02:31:44.323] VoxelWater: Chunk X=9 Y=-26 Z=2 emitted 64 procedural water vertices (Ocean/Pools)
[+02:31:44.323] VoxelWater: Chunk X=4 Y=-23 Z=1 emitted 32 procedural water vertices (Ocean/Pools)
[+02:31:44.323] VoxelWater: Chunk X=7 Y=-24 Z=1 emitted 8 procedural water vertices (Ocean/Pools)
[+02:31:44.323] VoxelWater: Chunk X=6 Y=-23 Z=1 emitted 16 procedural water vertices (Ocean/Pools)
[+02:31:44.323] VoxelWater: Chunk X=4 Y=-27 Z=1 emitted 76 procedural water vertices (Ocean/Pools)
[+02:31:44.323] VoxelWater: Chunk X=4 Y=-26 Z=1 emitted 424 procedural water vertices (Ocean/Pools)
[+02:31:44.323] VoxelWater: Chunk X=4 Y=-26 Z=2 emitted 12 procedural water vertices (Ocean/Pools)
[+02:31:44.323] VoxelWater: Chunk X=4 Y=-25 Z=2 emitted 392 procedural water vertices (Ocean/Pools)
[+02:31:44.323] VoxelWater: Chunk X=4 Y=-25 Z=3 emitted 156 procedural water vertices (Ocean/Pools)
[+02:31:44.323] VoxelWater: Chunk X=3 Y=-25 Z=3 emitted 68 procedural water vertices (Ocean/Pools)
[+02:31:44.323] VoxelWater: Chunk X=5 Y=-25 Z=2 emitted 504 procedural water vertices (Ocean/Pools)
[+02:31:44.323] VoxelWater: Chunk X=3 Y=-25 Z=2 emitted 68 procedural water vertices (Ocean/Pools)
[+02:31:44.323] VoxelWater: Chunk X=4 Y=-24 Z=2 emitted 368 procedural water vertices (Ocean/Pools)
[+02:31:44.323] VoxelWater: Chunk X=4 Y=-24 Z=3 emitted 80 procedural water vertices (Ocean/Pools)
[+02:31:44.323] VoxelWater: Chunk X=3 Y=-24 Z=3 emitted 68 procedural water vertices (Ocean/Pools)
[+02:31:44.323] VoxelWater: Chunk X=4 Y=-24 Z=1 emitted 132 procedural water vertices (Ocean/Pools)
[+02:31:44.323] VoxelWater: Chunk X=4 Y=-23 Z=2 emitted 236 procedural water vertices (Ocean/Pools)
[+02:31:44.323] VoxelWater: Chunk X=5 Y=-24 Z=2 emitted 140 procedural water vertices (Ocean/Pools)
[+02:31:44.323] VoxelWater: Chunk X=8 Y=-25 Z=3 emitted 28 procedural water vertices (Ocean/Pools)
[+02:31:44.323] VoxelWater: Chunk X=5 Y=-26 Z=2 emitted 12 procedural water vertices (Ocean/Pools)
[+02:31:44.323] VoxelWater: Chunk X=5 Y=-25 Z=3 emitted 128 procedural water vertices (Ocean/Pools)
[+02:31:44.323] VoxelWater: Chunk X=6 Y=-25 Z=2 emitted 140 procedural water vertices (Ocean/Pools)
[+02:31:44.323] VoxelWater: Chunk X=5 Y=-29 Z=1 emitted 132 procedural water vertices (Ocean/Pools)
[+02:31:44.323] VoxelWater: Chunk X=5 Y=-29 Z=2 emitted 4 procedural water vertices (Ocean/Pools)
[+02:31:44.323] VoxelWater: Chunk X=5 Y=-24 Z=3 emitted 20 procedural water vertices (Ocean/Pools)
[+02:31:44.323] VoxelWater: Chunk X=5 Y=-24 Z=1 emitted 124 procedural water vertices (Ocean/Pools)
[+02:31:44.324] VoxelWater: Chunk X=6 Y=-26 Z=2 emitted 60 procedural water vertices (Ocean/Pools)
[+02:31:44.324] VoxelWater: Chunk X=6 Y=-26 Z=3 emitted 20 procedural water vertices (Ocean/Pools)
[+02:31:44.324] VoxelWater: Chunk X=6 Y=-26 Z=1 emitted 148 procedural water vertices (Ocean/Pools)
[+02:31:44.324] VoxelWater: Chunk X=9 Y=-25 Z=1 emitted 52 procedural water vertices (Ocean/Pools)
[+02:31:44.324] VoxelWater: Chunk X=9 Y=-25 Z=2 emitted 284 procedural water vertices (Ocean/Pools)
[+02:31:44.324] VoxelWater: Chunk X=8 Y=-25 Z=2 emitted 72 procedural water vertices (Ocean/Pools)
[+02:31:44.324] VoxelWater: Chunk X=7 Y=-25 Z=2 emitted 4 procedural water vertices (Ocean/Pools)
[+02:31:44.324] VoxelWater: Chunk X=6 Y=-24 Z=2 emitted 168 procedural water vertices (Ocean/Pools)
[+02:31:44.324] VoxelWater: Chunk X=6 Y=-24 Z=1 emitted 108 procedural water vertices (Ocean/Pools)
[+02:31:44.324] VoxelWater: Chunk X=6 Y=-27 Z=1 emitted 272 procedural water vertices (Ocean/Pools)
[+02:31:44.324] VoxelWater: Chunk X=7 Y=-27 Z=1 emitted 304 procedural water vertices (Ocean/Pools)
[+02:31:44.324] VoxelWater: Chunk X=6 Y=-30 Z=1 emitted 100 procedural water vertices (Ocean/Pools)
[+02:31:44.324] VoxelWater: Chunk X=6 Y=-29 Z=1 emitted 8 procedural water vertices (Ocean/Pools)
[+02:31:44.324] VoxelWater: Chunk X=5 Y=-21 Z=1 emitted 40 procedural water vertices (Ocean/Pools)
[+02:31:44.324] VoxelWater: Chunk X=10 Y=-24 Z=1 emitted 68 procedural water vertices (Ocean/Pools)
[+02:31:44.324] VoxelWater: Chunk X=10 Y=-23 Z=1 emitted 36 procedural water vertices (Ocean/Pools)
[+02:31:44.324] VoxelWater: Chunk X=7 Y=-26 Z=1 emitted 288 procedural water vertices (Ocean/Pools)
[+02:31:44.324] VoxelWater: Chunk X=8 Y=-26 Z=1 emitted 144 procedural water vertices (Ocean/Pools)
[+02:31:44.324] VoxelWater: Chunk X=3 Y=-26 Z=1 emitted 124 procedural water vertices (Ocean/Pools)
[+02:31:44.324] VoxelWater: Chunk X=3 Y=-23 Z=2 emitted 172 procedural water vertices (Ocean/Pools)
[+02:31:44.324] VoxelWater: Chunk X=3 Y=-23 Z=3 emitted 36 procedural water vertices (Ocean/Pools)
[+02:31:44.324] VoxelWater: Chunk X=9 Y=-27 Z=1 emitted 28 procedural water vertices (Ocean/Pools)
[+02:31:44.324] VoxelWater: Chunk X=10 Y=-27 Z=1 emitted 16 procedural water vertices (Ocean/Pools)
[+02:31:44.324] VoxelWater: Chunk X=4 Y=-20 Z=1 emitted 104 procedural water vertices (Ocean/Pools)
[+02:31:44.324] VoxelWater: Chunk X=7 Y=-29 Z=1 emitted 72 procedural water vertices (Ocean/Pools)
[+02:31:44.324] VoxelWater: Chunk X=8 Y=-29 Z=1 emitted 68 procedural water vertices (Ocean/Pools)
[+02:31:44.324] VoxelWater: Chunk X=7 Y=-28 Z=1 emitted 12 procedural water vertices (Ocean/Pools)
[+02:31:44.324] VoxelWater: Chunk X=10 Y=-26 Z=1 emitted 132 procedural water vertices (Ocean/Pools)
[+02:31:44.324] VoxelWater: Chunk X=10 Y=-25 Z=1 emitted 40 procedural water vertices (Ocean/Pools)
[+02:31:44.324] VoxelWater: Chunk X=5 Y=-23 Z=1 emitted 136 procedural water vertices (Ocean/Pools)
[+02:31:44.324] VoxelWater: Chunk X=5 Y=-27 Z=1 emitted 220 procedural water vertices (Ocean/Pools)
[+02:31:44.324] VoxelWater: Chunk X=7 Y=-21 Z=1 emitted 64 procedural water vertices (Ocean/Pools)
[+02:31:44.324] VoxelWater: Chunk X=6 Y=-21 Z=1 emitted 12 procedural water vertices (Ocean/Pools)
[+02:31:44.325] VoxelWater: Chunk X=7 Y=-22 Z=1 emitted 52 procedural water vertices (Ocean/Pools)
[+02:31:44.325] VoxelWater: Chunk X=3 Y=-27 Z=2 emitted 216 procedural water vertices (Ocean/Pools)
[+02:31:44.325] VoxelWater: Chunk X=3 Y=-27 Z=3 emitted 124 procedural water vertices (Ocean/Pools)
[+02:31:44.325] VoxelWater: Chunk X=2 Y=-27 Z=3 emitted 112 procedural water vertices (Ocean/Pools)
[+02:31:44.325] VoxelWater: Chunk X=1 Y=-23 Z=1 emitted 76 procedural water vertices (Ocean/Pools)
[+02:31:44.325] VoxelWater: Chunk X=1 Y=-22 Z=1 emitted 112 procedural water vertices (Ocean/Pools)
[+02:31:44.325] VoxelWater: Chunk X=9 Y=-23 Z=1 emitted 64 procedural water vertices (Ocean/Pools)
[+02:31:44.325] VoxelWater: Chunk X=3 Y=-21 Z=1 emitted 16 procedural water vertices (Ocean/Pools)
[+02:31:44.325] VoxelWater: Chunk X=2 Y=-27 Z=2 emitted 52 procedural water vertices (Ocean/Pools)
[+02:31:44.325] VoxelWater: Chunk X=8 Y=-22 Z=1 emitted 32 procedural water vertices (Ocean/Pools)
[+02:31:44.325] VoxelWater: Chunk X=2 Y=-22 Z=1 emitted 12 procedural water vertices (Ocean/Pools)
[+02:31:44.325] VoxelWater: Chunk X=3 Y=-28 Z=1 emitted 4 procedural water vertices (Ocean/Pools)
[+02:31:44.325] VoxelWater: Chunk X=3 Y=-28 Z=2 emitted 152 procedural water vertices (Ocean/Pools)
[+02:31:44.325] VoxelWater: Chunk X=2 Y=-28 Z=2 emitted 160 procedural water vertices (Ocean/Pools)
[+02:31:44.325] VoxelWater: Chunk X=8 Y=-28 Z=1 emitted 44 procedural water vertices (Ocean/Pools)
[+02:31:44.325] VoxelWater: Chunk X=9 Y=-28 Z=1 emitted 32 procedural water vertices (Ocean/Pools)
[+02:31:44.325] VoxelWater: Chunk X=2 Y=-23 Z=1 emitted 28 procedural water vertices (Ocean/Pools)
[+02:31:44.325] VoxelWater: Chunk X=2 Y=-23 Z=2 emitted 32 procedural water vertices (Ocean/Pools)
[+02:31:44.325] VoxelWater: Chunk X=3 Y=-22 Z=2 emitted 32 procedural water vertices (Ocean/Pools)
[+02:31:44.325] VoxelWater: Chunk X=8 Y=-23 Z=1 emitted 60 procedural water vertices (Ocean/Pools)
[+02:31:44.325] VoxelWater: Chunk X=8 Y=-23 Z=2 emitted 24 procedural water vertices (Ocean/Pools)
[+02:31:44.325] VoxelWater: Chunk X=8 Y=-24 Z=2 emitted 92 procedural water vertices (Ocean/Pools)
[+02:31:44.325] VoxelWater: Chunk X=1 Y=-27 Z=2 emitted 12 procedural water vertices (Ocean/Pools)
[+02:31:44.325] VoxelWater: Chunk X=3 Y=-23 Z=1 emitted 32 procedural water vertices (Ocean/Pools)
[+02:31:44.325] VoxelWater: Chunk X=8 Y=-27 Z=1 emitted 148 procedural water vertices (Ocean/Pools)
[+02:31:44.325] VoxelWater: Chunk X=3 Y=-27 Z=1 emitted 12 procedural water vertices (Ocean/Pools)
[+02:31:44.325] VoxelWater: Chunk X=9 Y=-22 Z=1 emitted 100 procedural water vertices (Ocean/Pools)
[+02:31:44.325] VoxelWater: Chunk X=5 Y=-22 Z=1 emitted 28 procedural water vertices (Ocean/Pools)
[+02:31:44.325] VoxelWater: Chunk X=6 Y=-28 Z=1 emitted 100 procedural water vertices (Ocean/Pools)
[+02:31:44.325] VoxelWater: Chunk X=5 Y=-28 Z=1 emitted 216 procedural water vertices (Ocean/Pools)
[+02:31:44.325] VoxelWater: Chunk X=8 Y=-25 Z=1 emitted 24 procedural water vertices (Ocean/Pools)
[+02:31:44.325] VoxelWater: Chunk X=9 Y=-28 Z=0 emitted 12 procedural water vertices (Ocean/Pools)
[+02:31:44.325] VoxelWater: Chunk X=7 Y=-25 Z=3 emitted 100 procedural water vertices (Ocean/Pools)
[+02:31:44.325] VoxelWater: Chunk X=7 Y=-25 Z=4 emitted 68 procedural water vertices (Ocean/Pools)
[+02:31:44.325] VoxelWater: Chunk X=5 Y=-23 Z=2 emitted 40 procedural water vertices (Ocean/Pools)
[+02:31:44.325] VoxelWater: Chunk X=5 Y=-22 Z=2 emitted 152 procedural water vertices (Ocean/Pools)
[+02:31:44.326] VoxelWater: Chunk X=5 Y=-27 Z=2 emitted 64 procedural water vertices (Ocean/Pools)
[+02:31:44.326] VoxelWater: Chunk X=5 Y=-28 Z=2 emitted 60 procedural water vertices (Ocean/Pools)
[+02:31:44.326] VoxelWater: Chunk X=6 Y=-27 Z=2 emitted 12 procedural water vertices (Ocean/Pools)
[+02:31:44.326] VoxelWater: Chunk X=8 Y=-27 Z=0 emitted 16 procedural water vertices (Ocean/Pools)
[+02:31:44.326] VoxelWater: Chunk X=3 Y=-24 Z=2 emitted 72 procedural water vertices (Ocean/Pools)
[+02:31:44.326] VoxelWater: Chunk X=4 Y=-29 Z=1 emitted 24 procedural water vertices (Ocean/Pools)
[+02:31:44.326] VoxelWater: Chunk X=3 Y=-26 Z=2 emitted 192 procedural water vertices (Ocean/Pools)
[+02:31:44.326] VoxelWater: Chunk X=4 Y=-28 Z=1 emitted 8 procedural water vertices (Ocean/Pools)
[+02:31:44.326] VoxelWater: Chunk X=5 Y=-30 Z=1 emitted 16 procedural water vertices (Ocean/Pools)
[+02:31:44.326] VoxelWater: Chunk X=6 Y=-28 Z=2 emitted 16 procedural water vertices (Ocean/Pools)
[+02:31:44.326] VoxelWater: Chunk X=7 Y=-24 Z=2 emitted 8 procedural water vertices (Ocean/Pools)
[+02:31:44.326] VoxelWater: Chunk X=7 Y=-26 Z=2 emitted 36 procedural water vertices (Ocean/Pools)
[+02:31:44.326] VoxelWater: Chunk X=2 Y=-23 Z=3 emitted 16 procedural water vertices (Ocean/Pools)
[+02:31:44.326] VoxelWater: Chunk X=2 Y=-21 Z=1 emitted 8 procedural water vertices (Ocean/Pools)
[+02:31:44.326] VoxelWater: Chunk X=6 Y=-22 Z=1 emitted 92 procedural water vertices (Ocean/Pools)
[+02:31:44.326] VoxelWater: Chunk X=8 Y=-24 Z=1 emitted 40 procedural water vertices (Ocean/Pools)
[+02:31:44.326] VoxelWater: Chunk X=2 Y=-24 Z=1 emitted 8 procedural water vertices (Ocean/Pools)
[+02:31:44.326] VoxelWater: Chunk X=4 Y=-27 Z=2 emitted 84 procedural water vertices (Ocean/Pools)
[+02:31:44.326] VoxelWater: Chunk X=5 Y=-20 Z=1 emitted 16 procedural water vertices (Ocean/Pools)
[+02:31:44.326] VoxelWater: Chunk X=8 Y=-26 Z=2 emitted 32 procedural water vertices (Ocean/Pools)
[+02:31:44.326] VoxelWater: Chunk X=6 Y=-22 Z=2 emitted 12 procedural water vertices (Ocean/Pools)
[+02:31:44.326] VoxelWater: Chunk X=2 Y=-26 Z=2 emitted 152 procedural water vertices (Ocean/Pools)
[+02:31:44.326] VoxelWater: Chunk X=4 Y=-28 Z=2 emitted 56 procedural water vertices (Ocean/Pools)
[+02:31:44.326] VoxelWater: Chunk X=2 Y=-22 Z=2 emitted 32 procedural water vertices (Ocean/Pools)
[+02:31:44.326] VoxelWater: Chunk X=8 Y=-21 Z=1 emitted 12 procedural water vertices (Ocean/Pools)
[+02:31:44.326] VoxelWater: Chunk X=3 Y=-21 Z=2 emitted 188 procedural water vertices (Ocean/Pools)
[+02:31:44.326] VoxelWater: Chunk X=3 Y=-22 Z=3 emitted 80 procedural water vertices (Ocean/Pools)
[+02:31:44.326] VoxelWater: Chunk X=7 Y=-24 Z=3 emitted 4 procedural water vertices (Ocean/Pools)
[+02:31:44.326] VoxelWater: Chunk X=1 Y=-25 Z=3 emitted 32 procedural water vertices (Ocean/Pools)
[+02:31:44.326] VoxelWater: Chunk X=3 Y=-30 Z=1 emitted 20 procedural water vertices (Ocean/Pools)
[+02:31:44.326] VoxelWater: Chunk X=7 Y=-30 Z=1 emitted 72 procedural water vertices (Ocean/Pools)
[+02:31:44.326] VoxelWater: Chunk X=7 Y=-20 Z=1 emitted 36 procedural water vertices (Ocean/Pools)
[+02:31:44.326] VoxelWater: Chunk X=3 Y=-20 Z=1 emitted 36 procedural water vertices (Ocean/Pools)
[+02:31:44.326] VoxelWater: Chunk X=10 Y=-25 Z=2 emitted 20 procedural water vertices (Ocean/Pools)
[+02:31:44.326] VoxelWater: Chunk X=2 Y=-21 Z=2 emitted 184 procedural water vertices (Ocean/Pools)
[+02:31:44.326] VoxelWater: Chunk X=1 Y=-28 Z=2 emitted 76 procedural water vertices (Ocean/Pools)
[+02:31:44.326] VoxelWater: Chunk X=1 Y=-22 Z=2 emitted 20 procedural water vertices (Ocean/Pools)
[+02:31:44.326] VoxelWater: Chunk X=5 Y=-30 Z=2 emitted 20 procedural water vertices (Ocean/Pools)
[+02:31:44.326] VoxelWater: Chunk X=8 Y=-21 Z=2 emitted 12 procedural water vertices (Ocean/Pools)
[+02:31:44.326] VoxelWater: Chunk X=0 Y=-25 Z=2 emitted 16 procedural water vertices (Ocean/Pools)
[+02:31:44.326] VoxelWater: Chunk X=5 Y=-20 Z=2 emitted 8 procedural water vertices (Ocean/Pools)
[+02:31:44.326] VoxelWater: Chunk X=2 Y=-25 Z=4 emitted 28 procedural water vertices (Ocean/Pools)
[+02:31:44.326] VoxelWater: Chunk X=4 Y=-30 Z=2 emitted 36 procedural water vertices (Ocean/Pools)
[+02:31:44.326] VoxelWater: Chunk X=6 Y=-20 Z=2 emitted 60 procedural water vertices (Ocean/Pools)
[+02:31:44.326] VoxelWater: Chunk X=10 Y=-24 Z=2 emitted 28 procedural water vertices (Ocean/Pools)
[+02:31:44.326] VoxelWater: Chunk X=0 Y=-24 Z=2 emitted 12 procedural water vertices (Ocean/Pools)
[+02:31:44.326] VoxelWater: Chunk X=10 Y=-26 Z=2 emitted 4 procedural water vertices (Ocean/Pools)
[+02:31:44.326] VoxelWater: Chunk X=2 Y=-24 Z=4 emitted 12 procedural water vertices (Ocean/Pools)
[+02:31:44.326] VoxelWater: Chunk X=9 Y=-21 Z=1 emitted 24 procedural water vertices (Ocean/Pools)
[+02:31:44.326] VoxelWater: Chunk X=1 Y=-21 Z=1 emitted 32 procedural water vertices (Ocean/Pools)
[+02:31:44.326] VoxelWater: Chunk X=1 Y=-29 Z=1 emitted 12 procedural water vertices (Ocean/Pools)
[+02:31:44.326] VoxelWater: Chunk X=1 Y=-27 Z=3 emitted 108 procedural water vertices (Ocean/Pools)
[+02:31:44.326] VoxelWater: Chunk X=1 Y=-26 Z=3 emitted 8 procedural water vertices (Ocean/Pools)
[+02:31:44.326] VoxelWater: Chunk X=0 Y=-28 Z=1 emitted 12 procedural water vertices (Ocean/Pools)
[+02:31:44.326] VoxelWater: Chunk X=10 Y=-28 Z=1 emitted 12 procedural water vertices (Ocean/Pools)
[+02:31:44.335] VoxelChunk: GenerateAsync (4,-24,0)
[+02:31:44.335] VoxelChunk: GenerateAsync (4,-26,0)
[+02:31:44.335] VoxelChunk: GenerateAsync (6,-26,0)
[+02:31:44.335] VoxelChunk: GenerateAsync (6,-24,0)
[+02:31:44.335] VoxelChunk: GenerateAsync (5,-26,0)
[+02:31:44.335] VoxelChunk: GenerateAsync (6,-25,0)
[+02:31:44.335] VoxelChunk: GenerateAsync (5,-24,0)
[+02:31:44.335] VoxelChunk: GenerateAsync (4,-25,0)
[+02:31:44.335] VoxelChunk: GenerateAsync (5,-25,0)
[+02:31:44.335] VoxelChunk: GenerateAsync (3,-27,0)
[+02:31:44.335] VoxelChunk: GenerateAsync (3,-26,0)
[+02:31:44.335] VoxelChunk: GenerateAsync (6,-27,0)
[+02:31:44.335] VoxelChunk: GenerateAsync (4,-27,0)
[+02:31:44.335] VoxelChunk: GenerateAsync (5,-27,0)
[+02:31:44.335] VoxelChunk: GenerateAsync (3,-25,0)
[+02:31:44.335] VoxelChunk: GenerateAsync (3,-24,0)
[+02:31:44.335] VoxelChunk: GenerateAsync (1,-28,2)
[+02:31:44.335] VoxelChunk: GenerateAsync (8,-22,3)
[+02:31:44.335] VoxelChunk: GenerateAsync (8,-28,3)
[+02:31:44.336] VoxelChunk: GenerateAsync (1,-22,2)
[+02:31:44.336] VoxelChunk: GenerateAsync (9,-28,2)
[+02:31:44.336] VoxelChunk: GenerateAsync (5,-30,2)
[+02:31:44.336] VoxelChunk: GenerateAsync (8,-21,2)
[+02:31:44.336] VoxelChunk: GenerateAsync (2,-22,3)
[+02:31:44.336] VoxelChunk: GenerateAsync (8,-25,4)
[+02:31:44.336] VoxelChunk: GenerateAsync (2,-28,3)
[+02:31:44.336] VoxelChunk: GenerateAsync (0,-25,2)
[+02:31:44.336] VoxelChunk: GenerateAsync (5,-28,4)
[+02:31:44.336] VoxelChunk: GenerateAsync (2,-29,2)
[+02:31:44.336] VoxelChunk: GenerateAsync (9,-22,2)
[+02:31:44.336] VoxelChunk: GenerateAsync (5,-20,2)
[+02:31:44.336] VoxelChunk: GenerateAsync (2,-25,4)
[+02:31:44.336] VoxelChunk: GenerateAsync (5,-22,4)
[+02:31:44.336] VoxelChunk: GenerateAsync (4,-20,2)
[+02:31:44.336] VoxelChunk: GenerateAsync (2,-26,4)
[+02:31:44.336] VoxelChunk: GenerateAsync (4,-22,4)
[+02:31:44.336] VoxelChunk: GenerateAsync (6,-22,4)
[+02:31:44.336] VoxelChunk: GenerateAsync (4,-30,2)
[+02:31:44.336] VoxelChunk: GenerateAsync (6,-30,2)
[+02:31:44.336] VoxelChunk: GenerateAsync (0,-22,0)
[+02:31:44.336] VoxelChunk: GenerateAsync (10,-22,0)
[+02:31:44.336] VoxelChunk: GenerateAsync (6,-20,2)
[+02:31:44.336] VoxelChunk: GenerateAsync (2,-30,0)
[+02:31:44.336] VoxelChunk: GenerateAsync (10,-24,2)
[+02:31:44.336] VoxelChunk: GenerateAsync (8,-20,0)
[+02:31:44.336] VoxelChunk: GenerateAsync (4,-28,4)
[+02:31:44.336] VoxelChunk: GenerateAsync (0,-24,2)
[+02:31:44.336] VoxelChunk: GenerateAsync (8,-26,4)
[+02:31:44.336] VoxelChunk: GenerateAsync (8,-24,4)
[+02:31:44.336] VoxelChunk: GenerateAsync (0,-26,2)
[+02:31:44.336] VoxelChunk: GenerateAsync (10,-26,2)
[+02:31:44.336] VoxelChunk: GenerateAsync (2,-20,0)
[+02:31:44.336] VoxelChunk: GenerateAsync (0,-28,0)
[+02:31:44.336] VoxelChunk: GenerateAsync (8,-30,0)
[+02:31:44.336] VoxelChunk: GenerateAsync (6,-28,4)
[+02:31:44.336] VoxelChunk: GenerateAsync (10,-28,0)
[+02:31:44.336] VoxelChunk: GenerateAsync (2,-24,4)
[+02:31:44.336] VoxelChunk: GenerateAsync (9,-23,3)
[+02:31:44.336] VoxelChunk: GenerateAsync (5,-25,5)
[+02:31:44.336] VoxelChunk: GenerateAsync (9,-21,1)
[+02:31:44.336] VoxelChunk: GenerateAsync (7,-21,3)
[+02:31:44.336] VoxelChunk: GenerateAsync (9,-29,1)
[+02:31:44.336] VoxelChunk: GenerateAsync (1,-21,1)
[+02:31:44.336] VoxelChunk: GenerateAsync (7,-29,3)
[+02:31:44.336] VoxelChunk: GenerateAsync (3,-21,3)
[+02:31:44.336] VoxelChunk: GenerateAsync (9,-27,3)
[+02:31:44.336] VoxelChunk: GenerateAsync (3,-29,3)
[+02:31:44.336] VoxelChunk: GenerateAsync (1,-23,3)
[+02:31:44.336] VoxelChunk: GenerateAsync (1,-29,1)
[+02:31:44.336] VoxelChunk: GenerateAsync (1,-27,3)
[+02:31:44.336] VoxelChunk: GenerateAsync (5,-24,5)
[+02:31:44.336] VoxelChunk: GenerateAsync (6,-25,5)
[+02:31:44.336] VoxelChunk: GenerateAsync (5,-26,5)
[+02:31:44.336] VoxelChunk: GenerateAsync (4,-25,5)
[+02:31:44.336] VoxelChunk: GenerateAsync (2,-23,4)
[+02:31:44.336] VoxelChunk: GenerateAsync (0,-28,1)
[+02:31:44.336] VoxelChunk: GenerateAsync (10,-28,1)
[+02:31:44.336] VoxelChunk: GenerateAsync (10,-27,2)
[+02:31:44.336] VoxelChunk: GenerateAsync (6,-24,5)
[+02:31:44.336] VoxelChunk: GenerateAsync (4,-24,5)
[+02:31:44.337] VoxelMesh: Chunk X=1 Y=-28 Z=2 FlatVerts=78 SlopeVerts=96
[+02:31:44.337] VoxelMesh: Chunk X=1 Y=-22 Z=2 FlatVerts=6 SlopeVerts=12
[+02:31:44.338] VoxelMesh: Chunk X=8 Y=-21 Z=2 FlatVerts=0 SlopeVerts=48
[+02:31:44.338] VoxelMesh: Chunk X=5 Y=-30 Z=2 FlatVerts=24 SlopeVerts=6
[+02:31:44.338] VoxelMesh: Chunk X=2 Y=-22 Z=3 FlatVerts=12 SlopeVerts=18
[+02:31:44.338] VoxelMesh: Chunk X=8 Y=-25 Z=4 FlatVerts=0 SlopeVerts=6
[+02:31:44.338] VoxelMesh: Chunk X=2 Y=-28 Z=3 FlatVerts=0 SlopeVerts=6
[+02:31:44.338] VoxelMesh: Chunk X=9 Y=-22 Z=2 FlatVerts=0 SlopeVerts=0
[+02:31:44.338] VoxelMesh: Chunk X=0 Y=-25 Z=2 FlatVerts=0 SlopeVerts=186
[+02:31:44.338] VoxelMesh: Chunk X=2 Y=-29 Z=2 FlatVerts=12 SlopeVerts=6
[+02:31:44.338] VoxelMesh: Chunk X=5 Y=-20 Z=2 FlatVerts=48 SlopeVerts=60
[+02:31:44.338] VoxelMesh: Chunk X=4 Y=-20 Z=2 FlatVerts=0 SlopeVerts=0
[+02:31:44.339] VoxelMesh: Chunk X=2 Y=-25 Z=4 FlatVerts=72 SlopeVerts=66
[+02:31:44.339] VoxelMesh: Chunk X=4 Y=-22 Z=4 FlatVerts=6 SlopeVerts=6
[+02:31:44.339] VoxelMesh: Chunk X=2 Y=-26 Z=4 FlatVerts=12 SlopeVerts=30
[+02:31:44.339] VoxelMesh: Chunk X=4 Y=-30 Z=2 FlatVerts=102 SlopeVerts=42
[+02:31:44.339] VoxelMesh: Chunk X=6 Y=-30 Z=2 FlatVerts=0 SlopeVerts=0
[+02:31:44.339] VoxelMesh: Chunk X=6 Y=-20 Z=2 FlatVerts=138 SlopeVerts=126
[+02:31:44.339] VoxelMesh: Chunk X=10 Y=-24 Z=2 FlatVerts=72 SlopeVerts=6
[+02:31:44.340] VoxelMesh: Chunk X=8 Y=-26 Z=4 FlatVerts=0 SlopeVerts=0
[+02:31:44.340] VoxelMesh: Chunk X=0 Y=-24 Z=2 FlatVerts=0 SlopeVerts=36
[+02:31:44.340] VoxelMesh: Chunk X=8 Y=-24 Z=4 FlatVerts=0 SlopeVerts=18
[+02:31:44.340] VoxelMesh: Chunk X=10 Y=-26 Z=2 FlatVerts=24 SlopeVerts=12
[+02:31:44.340] VoxelMesh: Chunk X=0 Y=-26 Z=2 FlatVerts=0 SlopeVerts=48
[+02:31:44.340] VoxelMesh: Chunk X=8 Y=-30 Z=0 FlatVerts=0 SlopeVerts=0
[+02:31:44.340] VoxelMesh: Chunk X=2 Y=-24 Z=4 FlatVerts=36 SlopeVerts=42
[+02:31:44.341] VoxelMesh: Chunk X=9 Y=-21 Z=1 FlatVerts=132 SlopeVerts=18
[+02:31:44.341] VoxelMesh: Chunk X=9 Y=-29 Z=1 FlatVerts=150 SlopeVerts=0
[+02:31:44.341] VoxelMesh: Chunk X=7 Y=-21 Z=3 FlatVerts=0 SlopeVerts=0
[+02:31:44.341] VoxelMesh: Chunk X=1 Y=-21 Z=1 FlatVerts=126 SlopeVerts=12
[+02:31:44.341] VoxelMesh: Chunk X=3 Y=-21 Z=3 FlatVerts=24 SlopeVerts=24
[+02:31:44.341] VoxelMesh: Chunk X=1 Y=-29 Z=1 FlatVerts=114 SlopeVerts=0
[+02:31:44.341] VoxelMesh: Chunk X=1 Y=-27 Z=3 FlatVerts=42 SlopeVerts=192
[+02:31:44.342] VoxelMesh: Chunk X=2 Y=-23 Z=4 FlatVerts=0 SlopeVerts=0
[+02:31:44.342] VoxelMesh: Chunk X=10 Y=-28 Z=1 FlatVerts=102 SlopeVerts=0
[+02:31:44.342] VoxelMesh: Chunk X=0 Y=-28 Z=1 FlatVerts=18 SlopeVerts=42
[+02:31:44.342] VoxelMesh: Chunk X=10 Y=-27 Z=2 FlatVerts=0 SlopeVerts=0
[+02:31:44.343] VoxelMesh: Chunk X=0 Y=0 Z=0 FlatVerts=5700 SlopeVerts=4740
[+02:31:44.345] VoxelChunk: GenerateAsync (8,-30,1)
[+02:31:44.346] VoxelMesh: Chunk X=8 Y=-30 Z=1 FlatVerts=1404 SlopeVerts=1440
[+02:31:44.350] VoxelMesh: Chunk X=0 Y=0 Z=0 FlatVerts=0 SlopeVerts=12186
[+02:31:44.350] VoxelChunk: GenerateAsync (7,-30,2)
[+02:31:44.353] VoxelMesh: Chunk X=0 Y=0 Z=0 FlatVerts=858 SlopeVerts=7422
[+02:31:44.354] VoxelChunk: GenerateAsync (3,-30,2)
[+02:31:44.356] VoxelMesh: Chunk X=3 Y=-30 Z=2 FlatVerts=408 SlopeVerts=1758
[+02:31:44.358] VoxelMesh: Chunk X=0 Y=0 Z=0 FlatVerts=0 SlopeVerts=3750
[+02:31:44.358] VoxelChunk: GenerateAsync (10,-23,2)
[+02:31:44.359] VoxelMesh: Chunk X=10 Y=-23 Z=2 FlatVerts=0 SlopeVerts=0
[+02:31:44.373] VoxelMesh: Chunk X=0 Y=0 Z=0 FlatVerts=0 SlopeVerts=120
[+02:31:44.373] VoxelChunk: GenerateAsync (0,-27,2)
[+02:31:44.375] VoxelMesh: Chunk X=0 Y=-27 Z=2 FlatVerts=0 SlopeVerts=0
[+02:31:44.376] VoxelMesh: Chunk X=0 Y=0 Z=0 FlatVerts=1926 SlopeVerts=14172
[+02:31:44.378] VoxelChunk: GenerateAsync (0,-23,2)
[+02:31:44.381] VoxelChunk: GenerateAsync (6,-26,5)
[+02:31:44.383] VoxelMesh: Chunk X=0 Y=0 Z=0 FlatVerts=7770 SlopeVerts=0
[+02:31:44.384] VoxelChunk: GenerateAsync (8,-20,1)
[+02:31:44.386] VoxelMesh: Chunk X=8 Y=-20 Z=1 FlatVerts=0 SlopeVerts=6
[+02:31:44.399] VoxelMesh: Chunk X=0 Y=0 Z=0 FlatVerts=642 SlopeVerts=5808
[+02:31:44.399] VoxelChunk: GenerateAsync (2,-20,1)
[+02:31:44.400] VoxelMesh: Chunk X=2 Y=-20 Z=1 FlatVerts=198 SlopeVerts=66
[+02:31:44.402] VoxelChunk: GenerateAsync (4,-26,5)
[+02:31:44.405] VoxelChunk: GenerateAsync (7,-22,4)
[+02:31:44.409] VoxelMesh: Chunk X=0 Y=0 Z=0 FlatVerts=1602 SlopeVerts=20778
[+02:31:44.410] VoxelChunk: GenerateAsync (3,-20,2)
[+02:31:44.411] VoxelMesh: Chunk X=3 Y=-20 Z=2 FlatVerts=540 SlopeVerts=1710
[+02:31:44.422] VoxelChunk: GenerateAsync (7,-20,2)
[+02:31:44.424] VoxelMesh: Chunk X=7 Y=-20 Z=2 FlatVerts=324 SlopeVerts=3690
[+02:31:44.425] VoxelMesh: Chunk X=0 Y=0 Z=0 FlatVerts=102 SlopeVerts=498
[+02:31:44.426] VoxelChunk: GenerateAsync (3,-22,4)
[+02:31:44.426] VoxelMesh: Chunk X=3 Y=-22 Z=4 FlatVerts=114 SlopeVerts=648
[+02:31:44.428] VoxelChunk: GenerateAsync (8,-23,4)
[+02:31:44.431] VoxelMesh: Chunk X=0 Y=0 Z=0 FlatVerts=7152 SlopeVerts=558
[+02:31:44.432] VoxelChunk: GenerateAsync (10,-22,1)
[+02:31:44.432] VoxelMesh: Chunk X=10 Y=-22 Z=1 FlatVerts=1746 SlopeVerts=0
[+02:31:44.444] VoxelMesh: Chunk X=0 Y=0 Z=0 FlatVerts=5724 SlopeVerts=10500
[+02:31:44.446] VoxelChunk: GenerateAsync (0,-22,1)
[+02:31:44.449] VoxelMesh: Chunk X=0 Y=-22 Z=1 FlatVerts=1752 SlopeVerts=0
[+02:31:44.451] VoxelMesh: Chunk X=0 Y=0 Z=0 FlatVerts=4224 SlopeVerts=18960
[+02:31:44.453] VoxelChunk: GenerateAsync (2,-30,1)
[+02:31:44.454] VoxelMesh: Chunk X=2 Y=-30 Z=1 FlatVerts=2010 SlopeVerts=210
[+02:31:44.457] VoxelMesh: Chunk X=0 Y=0 Z=0 FlatVerts=1008 SlopeVerts=13248
[+02:31:44.458] VoxelChunk: GenerateAsync (8,-27,4)
[+02:31:44.459] VoxelChunk: GenerateAsync (2,-27,4)
[+02:31:44.470] VoxelChunk: GenerateAsync (3,-28,4)
[+02:31:44.473] VoxelMesh: Chunk X=0 Y=0 Z=0 FlatVerts=0 SlopeVerts=84
[+02:31:44.474] VoxelChunk: GenerateAsync (7,-28,4)
[+02:31:44.476] VoxelChunk: GenerateAsync (5,-27,5)
[+02:31:44.478] VoxelChunk: GenerateAsync (5,-23,5)
[+02:31:44.489] VoxelChunk: GenerateAsync (3,-25,5)
[+02:31:44.492] VoxelMesh: Chunk X=0 Y=0 Z=0 FlatVerts=66 SlopeVerts=378
[+02:31:44.492] VoxelChunk: GenerateAsync (7,-25,5)
[+02:31:44.495] VoxelMesh: Chunk X=0 Y=0 Z=0 FlatVerts=132 SlopeVerts=1368
[+02:31:44.495] VoxelChunk: GenerateAsync (0,-25,3)
[+02:31:44.496] VoxelMesh: Chunk X=0 Y=-25 Z=3 FlatVerts=318 SlopeVerts=2496
[+02:31:44.498] VoxelMesh: Chunk X=0 Y=0 Z=0 FlatVerts=138 SlopeVerts=648
[+02:31:44.498] VoxelChunk: GenerateAsync (2,-29,3)
[+02:31:44.538] VoxelWater: Chunk X=5 Y=-26 Z=0 emitted 12 procedural water vertices (Ocean/Pools)
[+02:31:44.538] VoxelWater: Chunk X=5 Y=-26 Z=1 emitted 444 procedural water vertices (Ocean/Pools)
[+02:31:44.538] VoxelWater: Chunk X=6 Y=-26 Z=1 emitted 176 procedural water vertices (Ocean/Pools)
[+02:31:44.538] VoxelWater: Chunk X=4 Y=-25 Z=1 emitted 168 procedural water vertices (Ocean/Pools)
[+02:31:44.538] VoxelWater: Chunk X=4 Y=-26 Z=1 emitted 432 procedural water vertices (Ocean/Pools)
[+02:31:44.538] VoxelWater: Chunk X=5 Y=-25 Z=1 emitted 92 procedural water vertices (Ocean/Pools)
[+02:31:44.538] VoxelWater: Chunk X=6 Y=-24 Z=3 emitted 136 procedural water vertices (Ocean/Pools)
[+02:31:44.538] VoxelWater: Chunk X=6 Y=-24 Z=4 emitted 20 procedural water vertices (Ocean/Pools)
[+02:31:44.538] VoxelWater: Chunk X=7 Y=-24 Z=4 emitted 32 procedural water vertices (Ocean/Pools)
[+02:31:44.538] VoxelWater: Chunk X=6 Y=-25 Z=1 emitted 20 procedural water vertices (Ocean/Pools)
[+02:31:44.538] VoxelWater: Chunk X=7 Y=-25 Z=1 emitted 4 procedural water vertices (Ocean/Pools)
[+02:31:44.538] VoxelWater: Chunk X=4 Y=-30 Z=1 emitted 56 procedural water vertices (Ocean/Pools)
[+02:31:44.538] VoxelWater: Chunk X=4 Y=-21 Z=1 emitted 56 procedural water vertices (Ocean/Pools)
[+02:31:44.538] VoxelWater: Chunk X=4 Y=-21 Z=2 emitted 196 procedural water vertices (Ocean/Pools)
[+02:31:44.538] VoxelWater: Chunk X=4 Y=-22 Z=2 emitted 84 procedural water vertices (Ocean/Pools)
[+02:31:44.538] VoxelWater: Chunk X=5 Y=-21 Z=2 emitted 84 procedural water vertices (Ocean/Pools)
[+02:31:44.538] VoxelWater: Chunk X=6 Y=-25 Z=3 emitted 312 procedural water vertices (Ocean/Pools)
[+02:31:44.538] VoxelWater: Chunk X=6 Y=-25 Z=4 emitted 28 procedural water vertices (Ocean/Pools)
[+02:31:44.538] VoxelWater: Chunk X=9 Y=-24 Z=1 emitted 60 procedural water vertices (Ocean/Pools)
[+02:31:44.538] VoxelWater: Chunk X=9 Y=-24 Z=2 emitted 128 procedural water vertices (Ocean/Pools)
[+02:31:44.538] VoxelWater: Chunk X=4 Y=-22 Z=3 emitted 108 procedural water vertices (Ocean/Pools)
[+02:31:44.538] VoxelWater: Chunk X=4 Y=-23 Z=3 emitted 4 procedural water vertices (Ocean/Pools)
[+02:31:44.539] VoxelWater: Chunk X=1 Y=-24 Z=1 emitted 8 procedural water vertices (Ocean/Pools)
[+02:31:44.539] VoxelWater: Chunk X=1 Y=-24 Z=2 emitted 88 procedural water vertices (Ocean/Pools)
[+02:31:44.539] VoxelWater: Chunk X=1 Y=-25 Z=2 emitted 4 procedural water vertices (Ocean/Pools)
[+02:31:44.539] VoxelWater: Chunk X=2 Y=-24 Z=2 emitted 48 procedural water vertices (Ocean/Pools)
[+02:31:44.539] VoxelWater: Chunk X=2 Y=-24 Z=3 emitted 60 procedural water vertices (Ocean/Pools)
[+02:31:44.539] VoxelWater: Chunk X=1 Y=-24 Z=3 emitted 20 procedural water vertices (Ocean/Pools)
[+02:31:44.539] VoxelWater: Chunk X=2 Y=-25 Z=3 emitted 60 procedural water vertices (Ocean/Pools)
[+02:31:44.539] VoxelWater: Chunk X=9 Y=-26 Z=1 emitted 56 procedural water vertices (Ocean/Pools)
[+02:31:44.539] VoxelWater: Chunk X=9 Y=-26 Z=2 emitted 84 procedural water vertices (Ocean/Pools)
[+02:31:44.539] VoxelWater: Chunk X=4 Y=-23 Z=1 emitted 44 procedural water vertices (Ocean/Pools)
[+02:31:44.539] VoxelWater: Chunk X=7 Y=-24 Z=1 emitted 8 procedural water vertices (Ocean/Pools)
[+02:31:44.539] VoxelWater: Chunk X=6 Y=-23 Z=1 emitted 16 procedural water vertices (Ocean/Pools)
[+02:31:44.539] VoxelWater: Chunk X=4 Y=-27 Z=1 emitted 104 procedural water vertices (Ocean/Pools)
[+02:31:44.539] VoxelWater: Chunk X=9 Y=-28 Z=0 emitted 12 procedural water vertices (Ocean/Pools)
[+02:31:44.539] VoxelWater: Chunk X=4 Y=-26 Z=2 emitted 12 procedural water vertices (Ocean/Pools)
[+02:31:44.539] VoxelWater: Chunk X=4 Y=-25 Z=2 emitted 388 procedural water vertices (Ocean/Pools)
[+02:31:44.539] VoxelWater: Chunk X=4 Y=-25 Z=3 emitted 152 procedural water vertices (Ocean/Pools)
[+02:31:44.539] VoxelWater: Chunk X=3 Y=-25 Z=3 emitted 68 procedural water vertices (Ocean/Pools)
[+02:31:44.539] VoxelWater: Chunk X=5 Y=-25 Z=2 emitted 496 procedural water vertices (Ocean/Pools)
[+02:31:44.539] VoxelWater: Chunk X=3 Y=-25 Z=2 emitted 72 procedural water vertices (Ocean/Pools)
[+02:31:44.539] VoxelWater: Chunk X=4 Y=-24 Z=2 emitted 408 procedural water vertices (Ocean/Pools)
[+02:31:44.539] VoxelWater: Chunk X=4 Y=-24 Z=3 emitted 80 procedural water vertices (Ocean/Pools)
[+02:31:44.539] VoxelWater: Chunk X=3 Y=-24 Z=3 emitted 72 procedural water vertices (Ocean/Pools)
[+02:31:44.539] VoxelWater: Chunk X=4 Y=-24 Z=1 emitted 132 procedural water vertices (Ocean/Pools)
[+02:31:44.539] VoxelWater: Chunk X=5 Y=-24 Z=2 emitted 132 procedural water vertices (Ocean/Pools)
[+02:31:44.539] VoxelWater: Chunk X=8 Y=-25 Z=3 emitted 28 procedural water vertices (Ocean/Pools)
[+02:31:44.539] VoxelWater: Chunk X=5 Y=-26 Z=2 emitted 12 procedural water vertices (Ocean/Pools)
[+02:31:44.539] VoxelWater: Chunk X=5 Y=-25 Z=3 emitted 128 procedural water vertices (Ocean/Pools)
[+02:31:44.539] VoxelWater: Chunk X=6 Y=-25 Z=2 emitted 144 procedural water vertices (Ocean/Pools)
[+02:31:44.539] VoxelWater: Chunk X=5 Y=-29 Z=1 emitted 144 procedural water vertices (Ocean/Pools)
[+02:31:44.539] VoxelWater: Chunk X=5 Y=-29 Z=2 emitted 4 procedural water vertices (Ocean/Pools)
[+02:31:44.539] VoxelWater: Chunk X=5 Y=-24 Z=3 emitted 20 procedural water vertices (Ocean/Pools)
[+02:31:44.539] VoxelWater: Chunk X=5 Y=-24 Z=1 emitted 160 procedural water vertices (Ocean/Pools)
[+02:31:44.539] VoxelWater: Chunk X=6 Y=-26 Z=2 emitted 60 procedural water vertices (Ocean/Pools)
[+02:31:44.539] VoxelWater: Chunk X=6 Y=-26 Z=3 emitted 20 procedural water vertices (Ocean/Pools)
[+02:31:44.540] VoxelWater: Chunk X=9 Y=-25 Z=1 emitted 80 procedural water vertices (Ocean/Pools)
[+02:31:44.540] VoxelWater: Chunk X=9 Y=-25 Z=2 emitted 300 procedural water vertices (Ocean/Pools)
[+02:31:44.540] VoxelWater: Chunk X=8 Y=-25 Z=2 emitted 84 procedural water vertices (Ocean/Pools)
[+02:31:44.540] VoxelWater: Chunk X=7 Y=-25 Z=2 emitted 12 procedural water vertices (Ocean/Pools)
[+02:31:44.540] VoxelWater: Chunk X=6 Y=-24 Z=2 emitted 176 procedural water vertices (Ocean/Pools)
[+02:31:44.540] VoxelWater: Chunk X=6 Y=-24 Z=1 emitted 124 procedural water vertices (Ocean/Pools)
[+02:31:44.540] VoxelWater: Chunk X=6 Y=-27 Z=1 emitted 260 procedural water vertices (Ocean/Pools)
[+02:31:44.540] VoxelWater: Chunk X=7 Y=-27 Z=1 emitted 348 procedural water vertices (Ocean/Pools)
[+02:31:44.540] VoxelWater: Chunk X=6 Y=-30 Z=1 emitted 100 procedural water vertices (Ocean/Pools)
[+02:31:44.540] VoxelWater: Chunk X=6 Y=-29 Z=1 emitted 12 procedural water vertices (Ocean/Pools)
[+02:31:44.540] VoxelWater: Chunk X=5 Y=-21 Z=1 emitted 52 procedural water vertices (Ocean/Pools)
[+02:31:44.540] VoxelWater: Chunk X=10 Y=-24 Z=1 emitted 72 procedural water vertices (Ocean/Pools)
[+02:31:44.540] VoxelWater: Chunk X=10 Y=-23 Z=1 emitted 36 procedural water vertices (Ocean/Pools)
[+02:31:44.540] VoxelWater: Chunk X=7 Y=-26 Z=0 emitted 28 procedural water vertices (Ocean/Pools)
[+02:31:44.540] VoxelWater: Chunk X=7 Y=-26 Z=1 emitted 292 procedural water vertices (Ocean/Pools)
[+02:31:44.540] VoxelWater: Chunk X=8 Y=-26 Z=1 emitted 148 procedural water vertices (Ocean/Pools)
[+02:31:44.540] VoxelWater: Chunk X=3 Y=-26 Z=1 emitted 136 procedural water vertices (Ocean/Pools)
[+02:31:44.540] VoxelWater: Chunk X=3 Y=-23 Z=2 emitted 180 procedural water vertices (Ocean/Pools)
[+02:31:44.540] VoxelWater: Chunk X=3 Y=-23 Z=3 emitted 36 procedural water vertices (Ocean/Pools)
[+02:31:44.540] VoxelWater: Chunk X=9 Y=-27 Z=1 emitted 32 procedural water vertices (Ocean/Pools)
[+02:31:44.540] VoxelWater: Chunk X=10 Y=-27 Z=1 emitted 24 procedural water vertices (Ocean/Pools)
[+02:31:44.540] VoxelWater: Chunk X=4 Y=-20 Z=1 emitted 104 procedural water vertices (Ocean/Pools)
[+02:31:44.540] VoxelWater: Chunk X=7 Y=-29 Z=1 emitted 60 procedural water vertices (Ocean/Pools)
[+02:31:44.540] VoxelWater: Chunk X=8 Y=-29 Z=1 emitted 68 procedural water vertices (Ocean/Pools)
[+02:31:44.540] VoxelWater: Chunk X=7 Y=-28 Z=1 emitted 16 procedural water vertices (Ocean/Pools)
[+02:31:44.540] VoxelWater: Chunk X=10 Y=-26 Z=1 emitted 136 procedural water vertices (Ocean/Pools)
[+02:31:44.540] VoxelWater: Chunk X=10 Y=-25 Z=1 emitted 40 procedural water vertices (Ocean/Pools)
[+02:31:44.540] VoxelWater: Chunk X=5 Y=-23 Z=1 emitted 176 procedural water vertices (Ocean/Pools)
[+02:31:44.540] VoxelWater: Chunk X=5 Y=-27 Z=1 emitted 224 procedural water vertices (Ocean/Pools)
[+02:31:44.540] VoxelWater: Chunk X=5 Y=-28 Z=1 emitted 228 procedural water vertices (Ocean/Pools)
[+02:31:44.540] VoxelWater: Chunk X=7 Y=-21 Z=1 emitted 64 procedural water vertices (Ocean/Pools)
[+02:31:44.540] VoxelWater: Chunk X=6 Y=-21 Z=1 emitted 12 procedural water vertices (Ocean/Pools)
[+02:31:44.541] VoxelWater: Chunk X=7 Y=-22 Z=1 emitted 68 procedural water vertices (Ocean/Pools)
[+02:31:44.541] VoxelWater: Chunk X=3 Y=-27 Z=2 emitted 268 procedural water vertices (Ocean/Pools)
[+02:31:44.541] VoxelWater: Chunk X=3 Y=-27 Z=3 emitted 128 procedural water vertices (Ocean/Pools)
[+02:31:44.541] VoxelWater: Chunk X=2 Y=-27 Z=3 emitted 116 procedural water vertices (Ocean/Pools)
[+02:31:44.541] VoxelWater: Chunk X=1 Y=-23 Z=1 emitted 76 procedural water vertices (Ocean/Pools)
[+02:31:44.541] VoxelWater: Chunk X=1 Y=-22 Z=1 emitted 132 procedural water vertices (Ocean/Pools)
[+02:31:44.541] VoxelWater: Chunk X=9 Y=-23 Z=1 emitted 68 procedural water vertices (Ocean/Pools)
[+02:31:44.541] VoxelWater: Chunk X=3 Y=-21 Z=1 emitted 20 procedural water vertices (Ocean/Pools)
[+02:31:44.541] VoxelWater: Chunk X=2 Y=-27 Z=2 emitted 56 procedural water vertices (Ocean/Pools)
[+02:31:44.541] VoxelWater: Chunk X=8 Y=-22 Z=1 emitted 32 procedural water vertices (Ocean/Pools)
[+02:31:44.541] VoxelWater: Chunk X=2 Y=-22 Z=1 emitted 12 procedural water vertices (Ocean/Pools)
[+02:31:44.541] VoxelWater: Chunk X=3 Y=-28 Z=1 emitted 8 procedural water vertices (Ocean/Pools)
[+02:31:44.541] VoxelWater: Chunk X=3 Y=-28 Z=2 emitted 184 procedural water vertices (Ocean/Pools)
[+02:31:44.541] VoxelWater: Chunk X=2 Y=-28 Z=2 emitted 176 procedural water vertices (Ocean/Pools)
[+02:31:44.541] VoxelWater: Chunk X=8 Y=-28 Z=0 emitted 8 procedural water vertices (Ocean/Pools)
[+02:31:44.541] VoxelWater: Chunk X=8 Y=-28 Z=1 emitted 64 procedural water vertices (Ocean/Pools)
[+02:31:44.541] VoxelWater: Chunk X=9 Y=-28 Z=1 emitted 32 procedural water vertices (Ocean/Pools)
[+02:31:44.541] VoxelWater: Chunk X=6 Y=-26 Z=0 emitted 12 procedural water vertices (Ocean/Pools)
[+02:31:44.541] VoxelWater: Chunk X=2 Y=-23 Z=1 emitted 40 procedural water vertices (Ocean/Pools)
[+02:31:44.541] VoxelWater: Chunk X=2 Y=-23 Z=2 emitted 36 procedural water vertices (Ocean/Pools)
[+02:31:44.541] VoxelWater: Chunk X=8 Y=-29 Z=0 emitted 8 procedural water vertices (Ocean/Pools)
[+02:31:44.541] VoxelWater: Chunk X=9 Y=-29 Z=1 emitted 4 procedural water vertices (Ocean/Pools)
[+02:31:44.541] VoxelWater: Chunk X=3 Y=-22 Z=2 emitted 36 procedural water vertices (Ocean/Pools)
[+02:31:44.541] VoxelWater: Chunk X=8 Y=-23 Z=1 emitted 64 procedural water vertices (Ocean/Pools)
[+02:31:44.541] VoxelWater: Chunk X=8 Y=-23 Z=2 emitted 24 procedural water vertices (Ocean/Pools)
[+02:31:44.541] VoxelWater: Chunk X=8 Y=-24 Z=2 emitted 96 procedural water vertices (Ocean/Pools)
[+02:31:44.541] VoxelWater: Chunk X=1 Y=-28 Z=2 emitted 104 procedural water vertices (Ocean/Pools)
[+02:31:44.541] VoxelWater: Chunk X=1 Y=-27 Z=2 emitted 16 procedural water vertices (Ocean/Pools)
[+02:31:44.541] VoxelWater: Chunk X=3 Y=-23 Z=1 emitted 32 procedural water vertices (Ocean/Pools)
[+02:31:44.541] VoxelWater: Chunk X=8 Y=-27 Z=1 emitted 168 procedural water vertices (Ocean/Pools)
[+02:31:44.541] VoxelWater: Chunk X=3 Y=-27 Z=1 emitted 16 procedural water vertices (Ocean/Pools)
[+02:31:44.541] VoxelWater: Chunk X=9 Y=-22 Z=1 emitted 100 procedural water vertices (Ocean/Pools)
[+02:31:44.541] VoxelWater: Chunk X=5 Y=-22 Z=1 emitted 76 procedural water vertices (Ocean/Pools)
[+02:31:44.541] VoxelWater: Chunk X=6 Y=-28 Z=1 emitted 112 procedural water vertices (Ocean/Pools)
[+02:31:44.541] VoxelWater: Chunk X=7 Y=-24 Z=3 emitted 4 procedural water vertices (Ocean/Pools)
[+02:31:44.541] VoxelWater: Chunk X=8 Y=-25 Z=1 emitted 24 procedural water vertices (Ocean/Pools)
[+02:31:44.542] VoxelWater: Chunk X=4 Y=-23 Z=2 emitted 248 procedural water vertices (Ocean/Pools)
[+02:31:44.542] VoxelWater: Chunk X=7 Y=-25 Z=3 emitted 112 procedural water vertices (Ocean/Pools)
[+02:31:44.542] VoxelWater: Chunk X=7 Y=-25 Z=4 emitted 68 procedural water vertices (Ocean/Pools)
[+02:31:44.542] VoxelWater: Chunk X=5 Y=-23 Z=2 emitted 44 procedural water vertices (Ocean/Pools)
[+02:31:44.542] VoxelWater: Chunk X=5 Y=-22 Z=2 emitted 152 procedural water vertices (Ocean/Pools)
[+02:31:44.542] VoxelWater: Chunk X=5 Y=-27 Z=2 emitted 64 procedural water vertices (Ocean/Pools)
[+02:31:44.542] VoxelWater: Chunk X=5 Y=-28 Z=2 emitted 60 procedural water vertices (Ocean/Pools)
[+02:31:44.542] VoxelWater: Chunk X=6 Y=-27 Z=2 emitted 12 procedural water vertices (Ocean/Pools)
[+02:31:44.542] VoxelWater: Chunk X=8 Y=-27 Z=0 emitted 16 procedural water vertices (Ocean/Pools)
[+02:31:44.542] VoxelWater: Chunk X=3 Y=-24 Z=2 emitted 84 procedural water vertices (Ocean/Pools)
[+02:31:44.542] VoxelWater: Chunk X=4 Y=-29 Z=1 emitted 24 procedural water vertices (Ocean/Pools)
[+02:31:44.542] VoxelWater: Chunk X=3 Y=-26 Z=2 emitted 216 procedural water vertices (Ocean/Pools)
[+02:31:44.542] VoxelWater: Chunk X=4 Y=-28 Z=1 emitted 20 procedural water vertices (Ocean/Pools)
[+02:31:44.542] VoxelWater: Chunk X=5 Y=-30 Z=1 emitted 24 procedural water vertices (Ocean/Pools)
[+02:31:44.542] VoxelWater: Chunk X=6 Y=-28 Z=2 emitted 16 procedural water vertices (Ocean/Pools)
[+02:31:44.542] VoxelWater: Chunk X=7 Y=-24 Z=2 emitted 8 procedural water vertices (Ocean/Pools)
[+02:31:44.542] VoxelWater: Chunk X=7 Y=-26 Z=2 emitted 36 procedural water vertices (Ocean/Pools)
[+02:31:44.542] VoxelWater: Chunk X=8 Y=-26 Z=2 emitted 40 procedural water vertices (Ocean/Pools)
[+02:31:44.542] VoxelWater: Chunk X=2 Y=-23 Z=3 emitted 16 procedural water vertices (Ocean/Pools)
[+02:31:44.542] VoxelWater: Chunk X=2 Y=-21 Z=1 emitted 8 procedural water vertices (Ocean/Pools)
[+02:31:44.542] VoxelWater: Chunk X=6 Y=-22 Z=1 emitted 96 procedural water vertices (Ocean/Pools)
[+02:31:44.542] VoxelWater: Chunk X=8 Y=-24 Z=1 emitted 40 procedural water vertices (Ocean/Pools)
[+02:31:44.542] VoxelWater: Chunk X=2 Y=-24 Z=1 emitted 16 procedural water vertices (Ocean/Pools)
[+02:31:44.542] VoxelWater: Chunk X=4 Y=-27 Z=2 emitted 96 procedural water vertices (Ocean/Pools)
[+02:31:44.542] VoxelWater: Chunk X=5 Y=-20 Z=1 emitted 16 procedural water vertices (Ocean/Pools)
[+02:31:44.542] VoxelWater: Chunk X=6 Y=-22 Z=2 emitted 12 procedural water vertices (Ocean/Pools)
[+02:31:44.542] VoxelWater: Chunk X=2 Y=-26 Z=2 emitted 172 procedural water vertices (Ocean/Pools)
[+02:31:44.542] VoxelWater: Chunk X=4 Y=-28 Z=2 emitted 72 procedural water vertices (Ocean/Pools)
[+02:31:44.542] VoxelWater: Chunk X=2 Y=-28 Z=1 emitted 4 procedural water vertices (Ocean/Pools)
[+02:31:44.542] VoxelWater: Chunk X=2 Y=-22 Z=2 emitted 32 procedural water vertices (Ocean/Pools)
[+02:31:44.542] VoxelWater: Chunk X=8 Y=-21 Z=1 emitted 12 procedural water vertices (Ocean/Pools)
[+02:31:44.542] VoxelWater: Chunk X=3 Y=-21 Z=2 emitted 216 procedural water vertices (Ocean/Pools)
[+02:31:44.542] VoxelWater: Chunk X=3 Y=-22 Z=3 emitted 92 procedural water vertices (Ocean/Pools)
[+02:31:44.542] VoxelWater: Chunk X=1 Y=-25 Z=3 emitted 40 procedural water vertices (Ocean/Pools)
[+02:31:44.542] VoxelWater: Chunk X=3 Y=-30 Z=1 emitted 20 procedural water vertices (Ocean/Pools)
[+02:31:44.542] VoxelWater: Chunk X=7 Y=-30 Z=1 emitted 76 procedural water vertices (Ocean/Pools)
[+02:31:44.542] VoxelWater: Chunk X=7 Y=-20 Z=1 emitted 36 procedural water vertices (Ocean/Pools)
[+02:31:44.543] VoxelWater: Chunk X=3 Y=-20 Z=1 emitted 44 procedural water vertices (Ocean/Pools)
[+02:31:44.543] VoxelWater: Chunk X=1 Y=-26 Z=3 emitted 8 procedural water vertices (Ocean/Pools)
[+02:31:44.543] VoxelWater: Chunk X=10 Y=-25 Z=2 emitted 20 procedural water vertices (Ocean/Pools)
[+02:31:44.543] VoxelWater: Chunk X=2 Y=-21 Z=2 emitted 204 procedural water vertices (Ocean/Pools)
[+02:31:44.543] VoxelWater: Chunk X=1 Y=-22 Z=2 emitted 20 procedural water vertices (Ocean/Pools)
[+02:31:44.543] VoxelWater: Chunk X=5 Y=-30 Z=2 emitted 36 procedural water vertices (Ocean/Pools)
[+02:31:44.543] VoxelWater: Chunk X=4 Y=-30 Z=2 emitted 80 procedural water vertices (Ocean/Pools)
[+02:31:44.543] VoxelWater: Chunk X=8 Y=-21 Z=2 emitted 20 procedural water vertices (Ocean/Pools)
[+02:31:44.543] VoxelWater: Chunk X=0 Y=-25 Z=2 emitted 32 procedural water vertices (Ocean/Pools)
[+02:31:44.543] VoxelWater: Chunk X=5 Y=-20 Z=2 emitted 32 procedural water vertices (Ocean/Pools)
[+02:31:44.543] VoxelWater: Chunk X=2 Y=-25 Z=4 emitted 44 procedural water vertices (Ocean/Pools)
[+02:31:44.543] VoxelWater: Chunk X=6 Y=-20 Z=2 emitted 112 procedural water vertices (Ocean/Pools)
[+02:31:44.543] VoxelWater: Chunk X=10 Y=-24 Z=2 emitted 36 procedural water vertices (Ocean/Pools)
[+02:31:44.543] VoxelWater: Chunk X=0 Y=-24 Z=1 emitted 4 procedural water vertices (Ocean/Pools)
[+02:31:44.543] VoxelWater: Chunk X=0 Y=-24 Z=2 emitted 16 procedural water vertices (Ocean/Pools)
[+02:31:44.543] VoxelWater: Chunk X=10 Y=-26 Z=2 emitted 8 procedural water vertices (Ocean/Pools)
[+02:31:44.543] VoxelWater: Chunk X=2 Y=-24 Z=4 emitted 20 procedural water vertices (Ocean/Pools)
[+02:31:44.543] VoxelWater: Chunk X=9 Y=-21 Z=1 emitted 44 procedural water vertices (Ocean/Pools)
[+02:31:44.543] VoxelWater: Chunk X=1 Y=-21 Z=1 emitted 56 procedural water vertices (Ocean/Pools)
[+02:31:44.543] VoxelWater: Chunk X=1 Y=-29 Z=1 emitted 28 procedural water vertices (Ocean/Pools)
[+02:31:44.543] VoxelWater: Chunk X=1 Y=-27 Z=3 emitted 176 procedural water vertices (Ocean/Pools)
[+02:31:44.543] VoxelWater: Chunk X=0 Y=-28 Z=1 emitted 20 procedural water vertices (Ocean/Pools)
[+02:31:44.543] VoxelWater: Chunk X=10 Y=-28 Z=1 emitted 20 procedural water vertices (Ocean/Pools)
[+02:31:44.543] VoxelWater: Chunk X=3 Y=-30 Z=2 emitted 8 procedural water vertices (Ocean/Pools)
[+02:31:44.543] VoxelWater: Chunk X=3 Y=-20 Z=2 emitted 32 procedural water vertices (Ocean/Pools)
[+02:31:44.543] VoxelWater: Chunk X=7 Y=-20 Z=2 emitted 120 procedural water vertices (Ocean/Pools)
[+02:31:44.543] VoxelWater: Chunk X=7 Y=-21 Z=2 emitted 8 procedural water vertices (Ocean/Pools)
[+02:31:44.543] VoxelWater: Chunk X=4 Y=-22 Z=4 emitted 8 procedural water vertices (Ocean/Pools)
[+02:31:44.543] VoxelWater: Chunk X=3 Y=-22 Z=4 emitted 8 procedural water vertices (Ocean/Pools)
[+02:31:44.543] VoxelWater: Chunk X=10 Y=-22 Z=1 emitted 8 procedural water vertices (Ocean/Pools)
[+02:31:44.543] VoxelWater: Chunk X=0 Y=-22 Z=1 emitted 8 procedural water vertices (Ocean/Pools)
[+02:31:44.543] VoxelWater: Chunk X=2 Y=-30 Z=1 emitted 12 procedural water vertices (Ocean/Pools)
[+02:31:44.543] VoxelWater: Chunk X=0 Y=-25 Z=3 emitted 44 procedural water vertices (Ocean/Pools)
[+02:31:44.556] VoxelMesh: Chunk X=0 Y=0 Z=0 FlatVerts=1572 SlopeVerts=16290
[+02:31:44.558] VoxelChunk: GenerateAsync (10,-25,3)
[+02:31:44.560] VoxelChunk: GenerateAsync (1,-28,3)
[+02:31:44.561] VoxelMesh: Chunk X=1 Y=-28 Z=3 FlatVerts=0 SlopeVerts=480
[+02:31:44.563] VoxelMesh: Chunk X=0 Y=0 Z=0 FlatVerts=0 SlopeVerts=18
[+02:31:44.563] VoxelChunk: GenerateAsync (8,-29,3)
[+02:31:44.567] VoxelMesh: Chunk X=0 Y=0 Z=0 FlatVerts=3264 SlopeVerts=8838
[+02:31:44.568] VoxelChunk: GenerateAsync (5,-30,3)
[+02:31:44.582] VoxelMesh: Chunk X=0 Y=0 Z=0 FlatVerts=498 SlopeVerts=7440
[+02:31:44.583] VoxelChunk: GenerateAsync (9,-28,3)
[+02:31:44.585] VoxelChunk: GenerateAsync (6,-27,5)
[+02:31:44.588] VoxelMesh: Chunk X=0 Y=0 Z=0 FlatVerts=210 SlopeVerts=7518
[+02:31:44.589] VoxelChunk: GenerateAsync (9,-25,4)
[+02:31:44.591] VoxelMesh: Chunk X=0 Y=0 Z=0 FlatVerts=96 SlopeVerts=600
[+02:31:44.592] VoxelChunk: GenerateAsync (7,-26,5)
[+02:31:44.603] VoxelMesh: Chunk X=0 Y=0 Z=0 FlatVerts=1248 SlopeVerts=11922
[+02:31:44.603] VoxelChunk: GenerateAsync (1,-22,3)
[+02:31:44.606] VoxelChunk: GenerateAsync (9,-21,2)
[+02:31:44.606] VoxelMesh: Chunk X=9 Y=-21 Z=2 FlatVerts=0 SlopeVerts=138
[+02:31:44.610] VoxelMesh: Chunk X=0 Y=0 Z=0 FlatVerts=3198 SlopeVerts=25848
[+02:31:44.612] VoxelChunk: GenerateAsync (1,-21,2)
[+02:31:44.613] VoxelMesh: Chunk X=1 Y=-21 Z=2 FlatVerts=306 SlopeVerts=1422
[+02:31:44.614] VoxelChunk: GenerateAsync (5,-21,4)
[+02:31:44.625] VoxelMesh: Chunk X=0 Y=0 Z=0 FlatVerts=366 SlopeVerts=150
[+02:31:44.626] VoxelChunk: GenerateAsync (5,-29,4)
[+02:31:44.628] VoxelChunk: GenerateAsync (6,-23,5)
[+02:31:44.630] VoxelChunk: GenerateAsync (4,-23,5)
[+02:31:44.633] VoxelChunk: GenerateAsync (7,-24,5)
[+02:31:44.641] VoxelChunk: GenerateAsync (9,-22,3)
[+02:31:44.643] VoxelChunk: GenerateAsync (3,-26,5)
[+02:31:44.646] VoxelMesh: Chunk X=0 Y=0 Z=0 FlatVerts=0 SlopeVerts=24
[+02:31:44.646] VoxelChunk: GenerateAsync (9,-29,2)
[+02:31:44.650] VoxelMesh: Chunk X=0 Y=0 Z=0 FlatVerts=3018 SlopeVerts=21066
[+02:31:44.652] VoxelChunk: GenerateAsync (1,-29,2)
[+02:31:44.653] VoxelMesh: Chunk X=1 Y=-29 Z=2 FlatVerts=0 SlopeVerts=0
[+02:31:44.665] VoxelMesh: Chunk X=0 Y=0 Z=0 FlatVerts=1452 SlopeVerts=21894
[+02:31:44.667] VoxelChunk: GenerateAsync (2,-21,3)
[+02:31:44.668] VoxelMesh: Chunk X=2 Y=-21 Z=3 FlatVerts=54 SlopeVerts=84
[+02:31:44.669] VoxelChunk: GenerateAsync (4,-27,5)
[+02:31:44.671] VoxelChunk: GenerateAsync (3,-24,5)
[+02:31:44.674] VoxelChunk: GenerateAsync (5,-20,3)
[+02:31:44.683] VoxelChunk: GenerateAsync (1,-25,4)
[+02:31:44.685] VoxelMesh: Chunk X=1 Y=-25 Z=4 FlatVerts=738 SlopeVerts=480
[+02:31:44.685] VoxelChunk: GenerateAsync (8,-21,3)
[+02:31:44.688] VoxelMesh: Chunk X=0 Y=0 Z=0 FlatVerts=276 SlopeVerts=4134
[+02:31:44.689] VoxelChunk: GenerateAsync (0,-24,3)
[+02:31:44.691] VoxelMesh: Chunk X=0 Y=-24 Z=3 FlatVerts=0 SlopeVerts=0
[+02:31:44.692] VoxelChunk: GenerateAsync (6,-21,4)
[+02:31:44.702] VoxelMesh: Chunk X=0 Y=0 Z=0 FlatVerts=2802 SlopeVerts=13980
[+02:31:44.704] VoxelChunk: GenerateAsync (6,-30,3)
[+02:31:44.707] VoxelMesh: Chunk X=0 Y=0 Z=0 FlatVerts=1440 SlopeVerts=3822
[+02:31:44.709] VoxelChunk: GenerateAsync (4,-30,3)
[+02:31:44.712] VoxelMesh: Chunk X=0 Y=0 Z=0 FlatVerts=0 SlopeVerts=30
[+02:31:44.712] VoxelChunk: GenerateAsync (9,-24,4)
[+02:31:44.716] VoxelMesh: Chunk X=0 Y=0 Z=0 FlatVerts=1896 SlopeVerts=24948
[+02:31:44.718] VoxelChunk: GenerateAsync (9,-26,4)
[+02:31:44.761] VoxelWater: Chunk X=5 Y=-26 Z=0 emitted 12 procedural water vertices (Ocean/Pools)
[+02:31:44.761] VoxelWater: Chunk X=5 Y=-26 Z=1 emitted 480 procedural water vertices (Ocean/Pools)
[+02:31:44.761] VoxelWater: Chunk X=6 Y=-26 Z=1 emitted 184 procedural water vertices (Ocean/Pools)
[+02:31:44.761] VoxelWater: Chunk X=4 Y=-25 Z=1 emitted 224 procedural water vertices (Ocean/Pools)
[+02:31:44.761] VoxelWater: Chunk X=4 Y=-26 Z=1 emitted 468 procedural water vertices (Ocean/Pools)
[+02:31:44.761] VoxelWater: Chunk X=5 Y=-25 Z=1 emitted 108 procedural water vertices (Ocean/Pools)
[+02:31:44.761] VoxelWater: Chunk X=6 Y=-24 Z=3 emitted 128 procedural water vertices (Ocean/Pools)
[+02:31:44.761] VoxelWater: Chunk X=6 Y=-24 Z=4 emitted 20 procedural water vertices (Ocean/Pools)
[+02:31:44.761] VoxelWater: Chunk X=7 Y=-24 Z=4 emitted 36 procedural water vertices (Ocean/Pools)
[+02:31:44.761] VoxelWater: Chunk X=6 Y=-25 Z=1 emitted 24 procedural water vertices (Ocean/Pools)
[+02:31:44.761] VoxelWater: Chunk X=7 Y=-25 Z=1 emitted 4 procedural water vertices (Ocean/Pools)
[+02:31:44.761] VoxelWater: Chunk X=4 Y=-30 Z=1 emitted 56 procedural water vertices (Ocean/Pools)
[+02:31:44.761] VoxelWater: Chunk X=4 Y=-21 Z=1 emitted 76 procedural water vertices (Ocean/Pools)
[+02:31:44.761] VoxelWater: Chunk X=4 Y=-21 Z=2 emitted 232 procedural water vertices (Ocean/Pools)
[+02:31:44.761] VoxelWater: Chunk X=4 Y=-22 Z=2 emitted 100 procedural water vertices (Ocean/Pools)
[+02:31:44.761] VoxelWater: Chunk X=5 Y=-21 Z=2 emitted 92 procedural water vertices (Ocean/Pools)
[+02:31:44.761] VoxelWater: Chunk X=6 Y=-25 Z=3 emitted 284 procedural water vertices (Ocean/Pools)
[+02:31:44.761] VoxelWater: Chunk X=6 Y=-25 Z=4 emitted 28 procedural water vertices (Ocean/Pools)
[+02:31:44.761] VoxelWater: Chunk X=6 Y=-26 Z=0 emitted 16 procedural water vertices (Ocean/Pools)
[+02:31:44.761] VoxelWater: Chunk X=9 Y=-24 Z=1 emitted 68 procedural water vertices (Ocean/Pools)
[+02:31:44.761] VoxelWater: Chunk X=9 Y=-24 Z=2 emitted 128 procedural water vertices (Ocean/Pools)
[+02:31:44.761] VoxelWater: Chunk X=4 Y=-22 Z=3 emitted 108 procedural water vertices (Ocean/Pools)
[+02:31:44.762] VoxelWater: Chunk X=4 Y=-23 Z=3 emitted 4 procedural water vertices (Ocean/Pools)
[+02:31:44.762] VoxelWater: Chunk X=1 Y=-24 Z=1 emitted 12 procedural water vertices (Ocean/Pools)
[+02:31:44.762] VoxelWater: Chunk X=1 Y=-24 Z=2 emitted 88 procedural water vertices (Ocean/Pools)
[+02:31:44.762] VoxelWater: Chunk X=1 Y=-25 Z=2 emitted 4 procedural water vertices (Ocean/Pools)
[+02:31:44.762] VoxelWater: Chunk X=2 Y=-24 Z=2 emitted 56 procedural water vertices (Ocean/Pools)
[+02:31:44.762] VoxelWater: Chunk X=2 Y=-24 Z=3 emitted 68 procedural water vertices (Ocean/Pools)
[+02:31:44.762] VoxelWater: Chunk X=1 Y=-24 Z=3 emitted 20 procedural water vertices (Ocean/Pools)
[+02:31:44.762] VoxelWater: Chunk X=2 Y=-25 Z=3 emitted 68 procedural water vertices (Ocean/Pools)
[+02:31:44.762] VoxelWater: Chunk X=9 Y=-26 Z=1 emitted 64 procedural water vertices (Ocean/Pools)
[+02:31:44.762] VoxelWater: Chunk X=9 Y=-26 Z=2 emitted 108 procedural water vertices (Ocean/Pools)
[+02:31:44.762] VoxelWater: Chunk X=8 Y=-26 Z=2 emitted 44 procedural water vertices (Ocean/Pools)
[+02:31:44.762] VoxelWater: Chunk X=4 Y=-23 Z=1 emitted 56 procedural water vertices (Ocean/Pools)
[+02:31:44.762] VoxelWater: Chunk X=8 Y=-29 Z=0 emitted 32 procedural water vertices (Ocean/Pools)
[+02:31:44.762] VoxelWater: Chunk X=7 Y=-24 Z=1 emitted 12 procedural water vertices (Ocean/Pools)
[+02:31:44.762] VoxelWater: Chunk X=6 Y=-23 Z=1 emitted 16 procedural water vertices (Ocean/Pools)
[+02:31:44.762] VoxelWater: Chunk X=5 Y=-23 Z=1 emitted 196 procedural water vertices (Ocean/Pools)
[+02:31:44.762] VoxelWater: Chunk X=4 Y=-27 Z=1 emitted 152 procedural water vertices (Ocean/Pools)
[+02:31:44.762] VoxelWater: Chunk X=5 Y=-27 Z=1 emitted 212 procedural water vertices (Ocean/Pools)
[+02:31:44.762] VoxelWater: Chunk X=9 Y=-28 Z=0 emitted 12 procedural water vertices (Ocean/Pools)
[+02:31:44.762] VoxelWater: Chunk X=4 Y=-26 Z=2 emitted 12 procedural water vertices (Ocean/Pools)
[+02:31:44.762] VoxelWater: Chunk X=4 Y=-25 Z=2 emitted 392 procedural water vertices (Ocean/Pools)
[+02:31:44.762] VoxelWater: Chunk X=4 Y=-25 Z=3 emitted 152 procedural water vertices (Ocean/Pools)
[+02:31:44.762] VoxelWater: Chunk X=3 Y=-25 Z=3 emitted 68 procedural water vertices (Ocean/Pools)
[+02:31:44.762] VoxelWater: Chunk X=5 Y=-25 Z=2 emitted 496 procedural water vertices (Ocean/Pools)
[+02:31:44.762] VoxelWater: Chunk X=3 Y=-25 Z=2 emitted 80 procedural water vertices (Ocean/Pools)
[+02:31:44.762] VoxelWater: Chunk X=4 Y=-24 Z=2 emitted 412 procedural water vertices (Ocean/Pools)
[+02:31:44.762] VoxelWater: Chunk X=4 Y=-24 Z=3 emitted 80 procedural water vertices (Ocean/Pools)
[+02:31:44.762] VoxelWater: Chunk X=3 Y=-24 Z=3 emitted 76 procedural water vertices (Ocean/Pools)
[+02:31:44.762] VoxelWater: Chunk X=4 Y=-24 Z=1 emitted 132 procedural water vertices (Ocean/Pools)
[+02:31:44.762] VoxelWater: Chunk X=4 Y=-23 Z=2 emitted 264 procedural water vertices (Ocean/Pools)
[+02:31:44.762] VoxelWater: Chunk X=5 Y=-24 Z=2 emitted 124 procedural water vertices (Ocean/Pools)
[+02:31:44.762] VoxelWater: Chunk X=8 Y=-25 Z=3 emitted 28 procedural water vertices (Ocean/Pools)
[+02:31:44.762] VoxelWater: Chunk X=5 Y=-26 Z=2 emitted 8 procedural water vertices (Ocean/Pools)
[+02:31:44.762] VoxelWater: Chunk X=5 Y=-25 Z=3 emitted 132 procedural water vertices (Ocean/Pools)
[+02:31:44.763] VoxelWater: Chunk X=6 Y=-25 Z=2 emitted 148 procedural water vertices (Ocean/Pools)
[+02:31:44.763] VoxelWater: Chunk X=5 Y=-29 Z=1 emitted 180 procedural water vertices (Ocean/Pools)
[+02:31:44.763] VoxelWater: Chunk X=5 Y=-29 Z=2 emitted 4 procedural water vertices (Ocean/Pools)
[+02:31:44.763] VoxelWater: Chunk X=5 Y=-24 Z=3 emitted 20 procedural water vertices (Ocean/Pools)
[+02:31:44.763] VoxelWater: Chunk X=5 Y=-24 Z=1 emitted 172 procedural water vertices (Ocean/Pools)
[+02:31:44.763] VoxelWater: Chunk X=6 Y=-26 Z=2 emitted 60 procedural water vertices (Ocean/Pools)
[+02:31:44.763] VoxelWater: Chunk X=6 Y=-26 Z=3 emitted 20 procedural water vertices (Ocean/Pools)
[+02:31:44.763] VoxelWater: Chunk X=9 Y=-25 Z=1 emitted 104 procedural water vertices (Ocean/Pools)
[+02:31:44.763] VoxelWater: Chunk X=9 Y=-25 Z=2 emitted 328 procedural water vertices (Ocean/Pools)
[+02:31:44.763] VoxelWater: Chunk X=8 Y=-25 Z=2 emitted 88 procedural water vertices (Ocean/Pools)
[+02:31:44.763] VoxelWater: Chunk X=7 Y=-25 Z=2 emitted 16 procedural water vertices (Ocean/Pools)
[+02:31:44.763] VoxelWater: Chunk X=6 Y=-24 Z=2 emitted 168 procedural water vertices (Ocean/Pools)
[+02:31:44.763] VoxelWater: Chunk X=6 Y=-24 Z=1 emitted 144 procedural water vertices (Ocean/Pools)
[+02:31:44.763] VoxelWater: Chunk X=6 Y=-27 Z=1 emitted 276 procedural water vertices (Ocean/Pools)
[+02:31:44.763] VoxelWater: Chunk X=7 Y=-27 Z=1 emitted 404 procedural water vertices (Ocean/Pools)
[+02:31:44.763] VoxelWater: Chunk X=1 Y=-25 Z=3 emitted 44 procedural water vertices (Ocean/Pools)
[+02:31:44.763] VoxelWater: Chunk X=6 Y=-30 Z=1 emitted 116 procedural water vertices (Ocean/Pools)
[+02:31:44.763] VoxelWater: Chunk X=7 Y=-30 Z=1 emitted 96 procedural water vertices (Ocean/Pools)
[+02:31:44.763] VoxelWater: Chunk X=6 Y=-29 Z=1 emitted 12 procedural water vertices (Ocean/Pools)
[+02:31:44.763] VoxelWater: Chunk X=5 Y=-21 Z=1 emitted 52 procedural water vertices (Ocean/Pools)
[+02:31:44.763] VoxelWater: Chunk X=10 Y=-24 Z=1 emitted 76 procedural water vertices (Ocean/Pools)
[+02:31:44.763] VoxelWater: Chunk X=10 Y=-23 Z=1 emitted 36 procedural water vertices (Ocean/Pools)
[+02:31:44.763] VoxelWater: Chunk X=7 Y=-26 Z=0 emitted 28 procedural water vertices (Ocean/Pools)
[+02:31:44.763] VoxelWater: Chunk X=7 Y=-26 Z=1 emitted 288 procedural water vertices (Ocean/Pools)
[+02:31:44.763] VoxelWater: Chunk X=8 Y=-26 Z=1 emitted 160 procedural water vertices (Ocean/Pools)
[+02:31:44.763] VoxelWater: Chunk X=3 Y=-26 Z=1 emitted 136 procedural water vertices (Ocean/Pools)
[+02:31:44.763] VoxelWater: Chunk X=3 Y=-23 Z=2 emitted 188 procedural water vertices (Ocean/Pools)
[+02:31:44.763] VoxelWater: Chunk X=3 Y=-23 Z=3 emitted 36 procedural water vertices (Ocean/Pools)
[+02:31:44.763] VoxelWater: Chunk X=0 Y=-24 Z=1 emitted 8 procedural water vertices (Ocean/Pools)
[+02:31:44.763] VoxelWater: Chunk X=9 Y=-27 Z=1 emitted 44 procedural water vertices (Ocean/Pools)
[+02:31:44.763] VoxelWater: Chunk X=4 Y=-20 Z=1 emitted 104 procedural water vertices (Ocean/Pools)
[+02:31:44.763] VoxelWater: Chunk X=7 Y=-29 Z=1 emitted 64 procedural water vertices (Ocean/Pools)
[+02:31:44.763] VoxelWater: Chunk X=8 Y=-29 Z=1 emitted 68 procedural water vertices (Ocean/Pools)
[+02:31:44.763] VoxelWater: Chunk X=7 Y=-28 Z=1 emitted 20 procedural water vertices (Ocean/Pools)
[+02:31:44.763] VoxelWater: Chunk X=8 Y=-25 Z=1 emitted 28 procedural water vertices (Ocean/Pools)
[+02:31:44.764] VoxelWater: Chunk X=10 Y=-26 Z=1 emitted 144 procedural water vertices (Ocean/Pools)
[+02:31:44.764] VoxelWater: Chunk X=10 Y=-25 Z=1 emitted 40 procedural water vertices (Ocean/Pools)
[+02:31:44.764] VoxelWater: Chunk X=5 Y=-28 Z=1 emitted 232 procedural water vertices (Ocean/Pools)
[+02:31:44.764] VoxelWater: Chunk X=7 Y=-21 Z=1 emitted 68 procedural water vertices (Ocean/Pools)
[+02:31:44.764] VoxelWater: Chunk X=6 Y=-21 Z=1 emitted 12 procedural water vertices (Ocean/Pools)
[+02:31:44.764] VoxelWater: Chunk X=7 Y=-22 Z=1 emitted 92 procedural water vertices (Ocean/Pools)
[+02:31:44.764] VoxelWater: Chunk X=3 Y=-27 Z=2 emitted 292 procedural water vertices (Ocean/Pools)
[+02:31:44.764] VoxelWater: Chunk X=3 Y=-27 Z=3 emitted 128 procedural water vertices (Ocean/Pools)
[+02:31:44.764] VoxelWater: Chunk X=2 Y=-27 Z=3 emitted 132 procedural water vertices (Ocean/Pools)
[+02:31:44.764] VoxelWater: Chunk X=1 Y=-23 Z=1 emitted 76 procedural water vertices (Ocean/Pools)
[+02:31:44.764] VoxelWater: Chunk X=1 Y=-22 Z=1 emitted 136 procedural water vertices (Ocean/Pools)
[+02:31:44.764] VoxelWater: Chunk X=9 Y=-23 Z=1 emitted 76 procedural water vertices (Ocean/Pools)
[+02:31:44.764] VoxelWater: Chunk X=3 Y=-21 Z=1 emitted 36 procedural water vertices (Ocean/Pools)
[+02:31:44.764] VoxelWater: Chunk X=2 Y=-27 Z=2 emitted 72 procedural water vertices (Ocean/Pools)
[+02:31:44.764] VoxelWater: Chunk X=8 Y=-22 Z=1 emitted 32 procedural water vertices (Ocean/Pools)
[+02:31:44.764] VoxelWater: Chunk X=2 Y=-22 Z=1 emitted 12 procedural water vertices (Ocean/Pools)
[+02:31:44.764] VoxelWater: Chunk X=2 Y=-28 Z=1 emitted 4 procedural water vertices (Ocean/Pools)
[+02:31:44.764] VoxelWater: Chunk X=3 Y=-28 Z=1 emitted 8 procedural water vertices (Ocean/Pools)
[+02:31:44.764] VoxelWater: Chunk X=3 Y=-28 Z=2 emitted 216 procedural water vertices (Ocean/Pools)
[+02:31:44.764] VoxelWater: Chunk X=2 Y=-28 Z=2 emitted 196 procedural water vertices (Ocean/Pools)
[+02:31:44.764] VoxelWater: Chunk X=8 Y=-28 Z=0 emitted 8 procedural water vertices (Ocean/Pools)
[+02:31:44.764] VoxelWater: Chunk X=8 Y=-28 Z=1 emitted 76 procedural water vertices (Ocean/Pools)
[+02:31:44.764] VoxelWater: Chunk X=9 Y=-28 Z=1 emitted 32 procedural water vertices (Ocean/Pools)
[+02:31:44.764] VoxelWater: Chunk X=4 Y=-26 Z=0 emitted 4 procedural water vertices (Ocean/Pools)
[+02:31:44.764] VoxelWater: Chunk X=2 Y=-23 Z=1 emitted 44 procedural water vertices (Ocean/Pools)
[+02:31:44.764] VoxelWater: Chunk X=2 Y=-23 Z=2 emitted 36 procedural water vertices (Ocean/Pools)
[+02:31:44.764] VoxelWater: Chunk X=3 Y=-22 Z=2 emitted 48 procedural water vertices (Ocean/Pools)
[+02:31:44.764] VoxelWater: Chunk X=8 Y=-23 Z=1 emitted 84 procedural water vertices (Ocean/Pools)
[+02:31:44.764] VoxelWater: Chunk X=8 Y=-23 Z=2 emitted 24 procedural water vertices (Ocean/Pools)
[+02:31:44.764] VoxelWater: Chunk X=7 Y=-23 Z=2 emitted 4 procedural water vertices (Ocean/Pools)
[+02:31:44.764] VoxelWater: Chunk X=8 Y=-24 Z=2 emitted 96 procedural water vertices (Ocean/Pools)
[+02:31:44.764] VoxelWater: Chunk X=1 Y=-28 Z=2 emitted 104 procedural water vertices (Ocean/Pools)
[+02:31:44.764] VoxelWater: Chunk X=1 Y=-27 Z=2 emitted 16 procedural water vertices (Ocean/Pools)
[+02:31:44.764] VoxelWater: Chunk X=3 Y=-23 Z=1 emitted 36 procedural water vertices (Ocean/Pools)
[+02:31:44.764] VoxelWater: Chunk X=8 Y=-27 Z=1 emitted 180 procedural water vertices (Ocean/Pools)
[+02:31:44.764] VoxelWater: Chunk X=3 Y=-27 Z=1 emitted 24 procedural water vertices (Ocean/Pools)
[+02:31:44.764] VoxelWater: Chunk X=9 Y=-22 Z=1 emitted 100 procedural water vertices (Ocean/Pools)
[+02:31:44.765] VoxelWater: Chunk X=5 Y=-22 Z=1 emitted 80 procedural water vertices (Ocean/Pools)
[+02:31:44.765] VoxelWater: Chunk X=6 Y=-28 Z=1 emitted 124 procedural water vertices (Ocean/Pools)
[+02:31:44.765] VoxelWater: Chunk X=7 Y=-24 Z=3 emitted 4 procedural water vertices (Ocean/Pools)
[+02:31:44.765] VoxelWater: Chunk X=7 Y=-25 Z=3 emitted 116 procedural water vertices (Ocean/Pools)
[+02:31:44.765] VoxelWater: Chunk X=7 Y=-25 Z=4 emitted 68 procedural water vertices (Ocean/Pools)
[+02:31:44.765] VoxelWater: Chunk X=5 Y=-23 Z=2 emitted 40 procedural water vertices (Ocean/Pools)
[+02:31:44.765] VoxelWater: Chunk X=5 Y=-22 Z=2 emitted 156 procedural water vertices (Ocean/Pools)
[+02:31:44.765] VoxelWater: Chunk X=5 Y=-27 Z=2 emitted 64 procedural water vertices (Ocean/Pools)
[+02:31:44.765] VoxelWater: Chunk X=5 Y=-28 Z=2 emitted 60 procedural water vertices (Ocean/Pools)
[+02:31:44.765] VoxelWater: Chunk X=6 Y=-27 Z=2 emitted 12 procedural water vertices (Ocean/Pools)
[+02:31:44.765] VoxelWater: Chunk X=8 Y=-27 Z=0 emitted 16 procedural water vertices (Ocean/Pools)
[+02:31:44.765] VoxelWater: Chunk X=3 Y=-24 Z=2 emitted 80 procedural water vertices (Ocean/Pools)
[+02:31:44.765] VoxelWater: Chunk X=4 Y=-29 Z=1 emitted 24 procedural water vertices (Ocean/Pools)
[+02:31:44.765] VoxelWater: Chunk X=3 Y=-26 Z=2 emitted 240 procedural water vertices (Ocean/Pools)
[+02:31:44.765] VoxelWater: Chunk X=4 Y=-28 Z=1 emitted 36 procedural water vertices (Ocean/Pools)
[+02:31:44.765] VoxelWater: Chunk X=5 Y=-30 Z=1 emitted 36 procedural water vertices (Ocean/Pools)
[+02:31:44.765] VoxelWater: Chunk X=6 Y=-28 Z=2 emitted 16 procedural water vertices (Ocean/Pools)
[+02:31:44.765] VoxelWater: Chunk X=7 Y=-24 Z=2 emitted 8 procedural water vertices (Ocean/Pools)
[+02:31:44.765] VoxelWater: Chunk X=7 Y=-26 Z=2 emitted 36 procedural water vertices (Ocean/Pools)
[+02:31:44.765] VoxelWater: Chunk X=2 Y=-23 Z=3 emitted 16 procedural water vertices (Ocean/Pools)
[+02:31:44.765] VoxelWater: Chunk X=2 Y=-21 Z=1 emitted 20 procedural water vertices (Ocean/Pools)
[+02:31:44.765] VoxelWater: Chunk X=6 Y=-22 Z=1 emitted 104 procedural water vertices (Ocean/Pools)
[+02:31:44.765] VoxelWater: Chunk X=8 Y=-24 Z=1 emitted 56 procedural water vertices (Ocean/Pools)
[+02:31:44.765] VoxelWater: Chunk X=2 Y=-24 Z=1 emitted 24 procedural water vertices (Ocean/Pools)
[+02:31:44.765] VoxelWater: Chunk X=4 Y=-27 Z=2 emitted 100 procedural water vertices (Ocean/Pools)
[+02:31:44.765] VoxelWater: Chunk X=7 Y=-28 Z=0 emitted 4 procedural water vertices (Ocean/Pools)
[+02:31:44.765] VoxelWater: Chunk X=5 Y=-20 Z=1 emitted 28 procedural water vertices (Ocean/Pools)
[+02:31:44.765] VoxelWater: Chunk X=7 Y=-21 Z=2 emitted 12 procedural water vertices (Ocean/Pools)
[+02:31:44.765] VoxelWater: Chunk X=6 Y=-22 Z=2 emitted 12 procedural water vertices (Ocean/Pools)
[+02:31:44.765] VoxelWater: Chunk X=2 Y=-26 Z=2 emitted 200 procedural water vertices (Ocean/Pools)
[+02:31:44.765] VoxelWater: Chunk X=4 Y=-28 Z=2 emitted 84 procedural water vertices (Ocean/Pools)
[+02:31:44.765] VoxelWater: Chunk X=7 Y=-26 Z=3 emitted 4 procedural water vertices (Ocean/Pools)
[+02:31:44.765] VoxelWater: Chunk X=2 Y=-22 Z=2 emitted 32 procedural water vertices (Ocean/Pools)
[+02:31:44.765] VoxelWater: Chunk X=8 Y=-21 Z=1 emitted 20 procedural water vertices (Ocean/Pools)
[+02:31:44.765] VoxelWater: Chunk X=3 Y=-21 Z=2 emitted 240 procedural water vertices (Ocean/Pools)
[+02:31:44.765] VoxelWater: Chunk X=3 Y=-22 Z=3 emitted 96 procedural water vertices (Ocean/Pools)
[+02:31:44.765] VoxelWater: Chunk X=3 Y=-30 Z=1 emitted 20 procedural water vertices (Ocean/Pools)
[+02:31:44.766] VoxelWater: Chunk X=7 Y=-20 Z=1 emitted 44 procedural water vertices (Ocean/Pools)
[+02:31:44.766] VoxelWater: Chunk X=10 Y=-27 Z=1 emitted 24 procedural water vertices (Ocean/Pools)
[+02:31:44.766] VoxelWater: Chunk X=3 Y=-20 Z=1 emitted 64 procedural water vertices (Ocean/Pools)
[+02:31:44.766] VoxelWater: Chunk X=1 Y=-26 Z=3 emitted 8 procedural water vertices (Ocean/Pools)
[+02:31:44.766] VoxelWater: Chunk X=10 Y=-25 Z=2 emitted 20 procedural water vertices (Ocean/Pools)
[+02:31:44.766] VoxelWater: Chunk X=2 Y=-21 Z=2 emitted 220 procedural water vertices (Ocean/Pools)
[+02:31:44.766] VoxelWater: Chunk X=1 Y=-21 Z=2 emitted 24 procedural water vertices (Ocean/Pools)
[+02:31:44.766] VoxelWater: Chunk X=1 Y=-22 Z=2 emitted 20 procedural water vertices (Ocean/Pools)
[+02:31:44.766] VoxelWater: Chunk X=5 Y=-30 Z=2 emitted 32 procedural water vertices (Ocean/Pools)
[+02:31:44.766] VoxelWater: Chunk X=4 Y=-30 Z=2 emitted 84 procedural water vertices (Ocean/Pools)
[+02:31:44.766] VoxelWater: Chunk X=8 Y=-21 Z=2 emitted 20 procedural water vertices (Ocean/Pools)
[+02:31:44.766] VoxelWater: Chunk X=0 Y=-25 Z=2 emitted 36 procedural water vertices (Ocean/Pools)
[+02:31:44.766] VoxelWater: Chunk X=5 Y=-20 Z=2 emitted 32 procedural water vertices (Ocean/Pools)
[+02:31:44.766] VoxelWater: Chunk X=2 Y=-25 Z=4 emitted 52 procedural water vertices (Ocean/Pools)
[+02:31:44.766] VoxelWater: Chunk X=4 Y=-22 Z=4 emitted 8 procedural water vertices (Ocean/Pools)
[+02:31:44.766] VoxelWater: Chunk X=6 Y=-20 Z=2 emitted 116 procedural water vertices (Ocean/Pools)
[+02:31:44.766] VoxelWater: Chunk X=10 Y=-24 Z=2 emitted 36 procedural water vertices (Ocean/Pools)
[+02:31:44.766] VoxelWater: Chunk X=0 Y=-24 Z=2 emitted 16 procedural water vertices (Ocean/Pools)
[+02:31:44.766] VoxelWater: Chunk X=10 Y=-26 Z=2 emitted 8 procedural water vertices (Ocean/Pools)
[+02:31:44.766] VoxelWater: Chunk X=2 Y=-24 Z=4 emitted 20 procedural water vertices (Ocean/Pools)
[+02:31:44.766] VoxelWater: Chunk X=9 Y=-21 Z=1 emitted 44 procedural water vertices (Ocean/Pools)
[+02:31:44.766] VoxelWater: Chunk X=9 Y=-29 Z=0 emitted 4 procedural water vertices (Ocean/Pools)
[+02:31:44.766] VoxelWater: Chunk X=1 Y=-21 Z=1 emitted 56 procedural water vertices (Ocean/Pools)
[+02:31:44.766] VoxelWater: Chunk X=1 Y=-29 Z=1 emitted 28 procedural water vertices (Ocean/Pools)
[+02:31:44.766] VoxelWater: Chunk X=1 Y=-27 Z=3 emitted 176 procedural water vertices (Ocean/Pools)
[+02:31:44.766] VoxelWater: Chunk X=0 Y=-28 Z=1 emitted 20 procedural water vertices (Ocean/Pools)
[+02:31:44.766] VoxelWater: Chunk X=10 Y=-28 Z=1 emitted 20 procedural water vertices (Ocean/Pools)
[+02:31:44.766] VoxelWater: Chunk X=3 Y=-30 Z=2 emitted 8 procedural water vertices (Ocean/Pools)
[+02:31:44.766] VoxelWater: Chunk X=3 Y=-20 Z=2 emitted 32 procedural water vertices (Ocean/Pools)
[+02:31:44.766] VoxelWater: Chunk X=7 Y=-20 Z=2 emitted 148 procedural water vertices (Ocean/Pools)
[+02:31:44.766] VoxelWater: Chunk X=3 Y=-22 Z=4 emitted 8 procedural water vertices (Ocean/Pools)
[+02:31:44.766] VoxelWater: Chunk X=10 Y=-22 Z=1 emitted 12 procedural water vertices (Ocean/Pools)
[+02:31:44.766] VoxelWater: Chunk X=0 Y=-22 Z=1 emitted 12 procedural water vertices (Ocean/Pools)
[+02:31:44.766] VoxelWater: Chunk X=2 Y=-30 Z=1 emitted 20 procedural water vertices (Ocean/Pools)
[+02:31:44.766] VoxelWater: Chunk X=0 Y=-25 Z=3 emitted 48 procedural water vertices (Ocean/Pools)
[+02:31:44.766] VoxelWater: Chunk X=1 Y=-28 Z=3 emitted 8 procedural water vertices (Ocean/Pools)
[+02:31:44.766] VoxelWater: Chunk X=1 Y=-25 Z=4 emitted 28 procedural water vertices (Ocean/Pools)
[+02:31:44.777] VoxelMesh: Chunk X=0 Y=0 Z=0 FlatVerts=0 SlopeVerts=0
[+02:31:44.778] VoxelChunk: GenerateAsync (4,-21,4)
[+02:31:44.781] VoxelMesh: Chunk X=0 Y=0 Z=0 FlatVerts=54 SlopeVerts=3414
[+02:31:44.782] VoxelChunk: GenerateAsync (4,-20,3)
[+02:31:44.786] VoxelMesh: Chunk X=0 Y=0 Z=0 FlatVerts=2520 SlopeVerts=3192
[+02:31:44.787] VoxelChunk: GenerateAsync (0,-21,0)
[+02:31:44.789] VoxelChunk: GenerateAsync (6,-20,3)
[+02:31:44.800] VoxelMesh: Chunk X=0 Y=0 Z=0 FlatVerts=7488 SlopeVerts=318
[+02:31:44.801] VoxelChunk: GenerateAsync (10,-29,0)
[+02:31:44.804] VoxelMesh: Chunk X=0 Y=0 Z=0 FlatVerts=522 SlopeVerts=996
[+02:31:44.804] VoxelChunk: GenerateAsync (6,-29,4)
[+02:31:44.809] VoxelMesh: Chunk X=0 Y=0 Z=0 FlatVerts=1314 SlopeVerts=3786
[+02:31:44.810] VoxelChunk: GenerateAsync (0,-29,0)
[+02:31:44.813] VoxelMesh: Chunk X=0 Y=0 Z=0 FlatVerts=7464 SlopeVerts=0
[+02:31:44.813] VoxelChunk: GenerateAsync (9,-20,0)
[+02:31:44.828] VoxelMesh: Chunk X=0 Y=0 Z=0 FlatVerts=144 SlopeVerts=756
[+02:31:44.828] VoxelChunk: GenerateAsync (1,-20,0)
[+02:31:44.831] VoxelMesh: Chunk X=0 Y=0 Z=0 FlatVerts=714 SlopeVerts=7344
[+02:31:44.832] VoxelChunk: GenerateAsync (10,-24,3)
[+02:31:44.834] VoxelChunk: GenerateAsync (1,-26,4)
[+02:31:44.836] VoxelMesh: Chunk X=1 Y=-26 Z=4 FlatVerts=1560 SlopeVerts=2544
[+02:31:44.836] VoxelMesh: Chunk X=0 Y=0 Z=0 FlatVerts=0 SlopeVerts=0
[+02:31:44.838] VoxelChunk: GenerateAsync (0,-26,3)
[+02:31:44.839] VoxelMesh: Chunk X=0 Y=-26 Z=3 FlatVerts=204 SlopeVerts=2862
[+02:31:44.846] VoxelChunk: GenerateAsync (8,-30,1)
[+02:31:44.846] VoxelChunk: GenerateAsync (7,-30,2)
[+02:31:44.846] VoxelChunk: GenerateAsync (3,-30,2)
[+02:31:44.846] VoxelChunk: GenerateAsync (10,-23,2)
[+02:31:44.846] VoxelChunk: GenerateAsync (0,-27,2)
[+02:31:44.846] VoxelChunk: GenerateAsync (0,-23,2)
[+02:31:44.846] VoxelChunk: GenerateAsync (6,-26,5)
[+02:31:44.846] VoxelChunk: GenerateAsync (8,-20,1)
[+02:31:44.846] VoxelChunk: GenerateAsync (2,-20,1)
[+02:31:44.846] VoxelChunk: GenerateAsync (4,-26,5)
[+02:31:44.846] VoxelChunk: GenerateAsync (7,-22,4)
[+02:31:44.846] VoxelChunk: GenerateAsync (3,-20,2)
[+02:31:44.846] VoxelChunk: GenerateAsync (7,-20,2)
[+02:31:44.846] VoxelChunk: GenerateAsync (3,-22,4)
[+02:31:44.846] VoxelChunk: GenerateAsync (8,-23,4)
[+02:31:44.846] VoxelChunk: GenerateAsync (10,-22,1)
[+02:31:44.846] VoxelMesh: Chunk X=7 Y=-30 Z=2 FlatVerts=0 SlopeVerts=0
[+02:31:44.846] VoxelChunk: GenerateAsync (0,-22,1)
[+02:31:44.846] VoxelMesh: Chunk X=8 Y=-30 Z=1 FlatVerts=66 SlopeVerts=90
[+02:31:44.846] VoxelChunk: GenerateAsync (2,-30,1)
[+02:31:44.846] VoxelChunk: GenerateAsync (8,-27,4)
[+02:31:44.846] VoxelChunk: GenerateAsync (2,-27,4)
[+02:31:44.846] VoxelChunk: GenerateAsync (3,-28,4)
[+02:31:44.846] VoxelChunk: GenerateAsync (7,-28,4)
[+02:31:44.846] VoxelChunk: GenerateAsync (5,-27,5)
[+02:31:44.846] VoxelChunk: GenerateAsync (5,-23,5)
[+02:31:44.846] VoxelChunk: GenerateAsync (3,-25,5)
[+02:31:44.846] VoxelChunk: GenerateAsync (7,-25,5)
[+02:31:44.846] VoxelChunk: GenerateAsync (0,-25,3)
[+02:31:44.846] VoxelChunk: GenerateAsync (2,-29,3)
[+02:31:44.846] VoxelChunk: GenerateAsync (10,-25,3)
[+02:31:44.846] VoxelChunk: GenerateAsync (1,-28,3)
[+02:31:44.846] VoxelChunk: GenerateAsync (8,-29,3)
[+02:31:44.846] VoxelChunk: GenerateAsync (5,-30,3)
[+02:31:44.846] VoxelChunk: GenerateAsync (9,-28,3)
[+02:31:44.846] VoxelChunk: GenerateAsync (6,-27,5)
[+02:31:44.846] VoxelChunk: GenerateAsync (9,-25,4)
[+02:31:44.846] VoxelChunk: GenerateAsync (7,-26,5)
[+02:31:44.846] VoxelChunk: GenerateAsync (1,-22,3)
[+02:31:44.846] VoxelChunk: GenerateAsync (9,-21,2)
[+02:31:44.846] VoxelMesh: Chunk X=3 Y=-30 Z=2 FlatVerts=42 SlopeVerts=36
[+02:31:44.846] VoxelChunk: GenerateAsync (1,-21,2)
[+02:31:44.846] VoxelChunk: GenerateAsync (5,-21,4)
[+02:31:44.846] VoxelChunk: GenerateAsync (5,-29,4)
[+02:31:44.846] VoxelChunk: GenerateAsync (6,-23,5)
[+02:31:44.846] VoxelChunk: GenerateAsync (4,-23,5)
[+02:31:44.846] VoxelChunk: GenerateAsync (7,-24,5)
[+02:31:44.846] VoxelChunk: GenerateAsync (9,-22,3)
[+02:31:44.846] VoxelChunk: GenerateAsync (3,-26,5)
[+02:31:44.846] VoxelChunk: GenerateAsync (9,-29,2)
[+02:31:44.846] VoxelChunk: GenerateAsync (1,-29,2)
[+02:31:44.847] VoxelChunk: GenerateAsync (2,-21,3)
[+02:31:44.847] VoxelMesh: Chunk X=10 Y=-23 Z=2 FlatVerts=0 SlopeVerts=0
[+02:31:44.847] VoxelChunk: GenerateAsync (4,-27,5)
[+02:31:44.847] VoxelChunk: GenerateAsync (3,-24,5)
[+02:31:44.847] VoxelChunk: GenerateAsync (5,-20,3)
[+02:31:44.847] VoxelChunk: GenerateAsync (1,-25,4)
[+02:31:44.847] VoxelChunk: GenerateAsync (8,-21,3)
[+02:31:44.847] VoxelChunk: GenerateAsync (0,-24,3)
[+02:31:44.847] VoxelChunk: GenerateAsync (6,-21,4)
[+02:31:44.847] VoxelChunk: GenerateAsync (6,-30,3)
[+02:31:44.847] VoxelChunk: GenerateAsync (4,-30,3)
[+02:31:44.847] VoxelChunk: GenerateAsync (9,-24,4)
[+02:31:44.847] VoxelChunk: GenerateAsync (9,-26,4)
[+02:31:44.847] VoxelChunk: GenerateAsync (4,-21,4)
[+02:31:44.847] VoxelChunk: GenerateAsync (4,-20,3)
[+02:31:44.847] VoxelChunk: GenerateAsync (0,-21,0)
[+02:31:44.847] VoxelChunk: GenerateAsync (6,-20,3)
[+02:31:44.847] VoxelMesh: Chunk X=2 Y=-20 Z=1 FlatVerts=6 SlopeVerts=0
[+02:31:44.847] VoxelChunk: GenerateAsync (10,-29,0)
[+02:31:44.847] VoxelChunk: GenerateAsync (6,-29,4)
[+02:31:44.847] VoxelChunk: GenerateAsync (0,-29,0)
[+02:31:44.847] VoxelChunk: GenerateAsync (9,-20,0)
[+02:31:44.847] VoxelChunk: GenerateAsync (1,-20,0)
[+02:31:44.847] VoxelMesh: Chunk X=8 Y=-20 Z=1 FlatVerts=6 SlopeVerts=0
[+02:31:44.847] VoxelChunk: GenerateAsync (10,-24,3)
[+02:31:44.847] VoxelChunk: GenerateAsync (1,-26,4)
[+02:31:44.847] VoxelChunk: GenerateAsync (0,-26,3)
[+02:31:44.847] VoxelMesh: Chunk X=0 Y=-27 Z=2 FlatVerts=0 SlopeVerts=0
[+02:31:44.848] VoxelMesh: Chunk X=3 Y=-20 Z=2 FlatVerts=126 SlopeVerts=42
[+02:31:44.848] VoxelMesh: Chunk X=3 Y=-22 Z=4 FlatVerts=18 SlopeVerts=30
[+02:31:44.848] VoxelMesh: Chunk X=10 Y=-22 Z=1 FlatVerts=120 SlopeVerts=0
[+02:31:44.848] VoxelMesh: Chunk X=7 Y=-20 Z=2 FlatVerts=126 SlopeVerts=96
[+02:31:44.848] VoxelMesh: Chunk X=2 Y=-30 Z=1 FlatVerts=108 SlopeVerts=0
[+02:31:44.848] VoxelMesh: Chunk X=0 Y=-22 Z=1 FlatVerts=102 SlopeVerts=0
[+02:31:44.848] VoxelMesh: Chunk X=2 Y=-27 Z=4 FlatVerts=0 SlopeVerts=0
[+02:31:44.848] VoxelMesh: Chunk X=0 Y=-25 Z=3 FlatVerts=0 SlopeVerts=186
[+02:31:44.849] VoxelMesh: Chunk X=1 Y=-28 Z=3 FlatVerts=0 SlopeVerts=30
[+02:31:44.849] VoxelMesh: Chunk X=9 Y=-21 Z=2 FlatVerts=0 SlopeVerts=12
[+02:31:44.849] VoxelMesh: Chunk X=1 Y=-21 Z=2 FlatVerts=30 SlopeVerts=48
[+02:31:44.849] VoxelMesh: Chunk X=2 Y=-21 Z=3 FlatVerts=6 SlopeVerts=6
[+02:31:44.850] VoxelMesh: Chunk X=1 Y=-29 Z=2 FlatVerts=0 SlopeVerts=0
[+02:31:44.850] VoxelMesh: Chunk X=5 Y=-20 Z=3 FlatVerts=0 SlopeVerts=0
[+02:31:44.850] VoxelMesh: Chunk X=8 Y=-21 Z=3 FlatVerts=0 SlopeVerts=0
[+02:31:44.850] VoxelMesh: Chunk X=1 Y=-25 Z=4 FlatVerts=90 SlopeVerts=0
[+02:31:44.851] VoxelMesh: Chunk X=0 Y=-24 Z=3 FlatVerts=0 SlopeVerts=0
[+02:31:44.851] VoxelMesh: Chunk X=10 Y=-29 Z=0 FlatVerts=0 SlopeVerts=0
[+02:31:44.851] VoxelMesh: Chunk X=6 Y=-20 Z=3 FlatVerts=0 SlopeVerts=0
[+02:31:44.852] VoxelMesh: Chunk X=1 Y=-26 Z=4 FlatVerts=138 SlopeVerts=72
[+02:31:44.852] VoxelMesh: Chunk X=0 Y=-26 Z=3 FlatVerts=18 SlopeVerts=168
[+02:31:44.853] VoxelMesh: Chunk X=0 Y=0 Z=0 FlatVerts=6828 SlopeVerts=558
[+02:31:44.854] VoxelChunk: GenerateAsync (10,-21,0)
[+02:31:44.858] VoxelMesh: Chunk X=0 Y=0 Z=0 FlatVerts=7194 SlopeVerts=0
[+02:31:44.858] VoxelChunk: GenerateAsync (9,-30,0)
[+02:31:44.861] VoxelMesh: Chunk X=0 Y=0 Z=0 FlatVerts=6 SlopeVerts=240
[+02:31:44.861] VoxelChunk: GenerateAsync (1,-24,4)
[+02:31:44.865] VoxelMesh: Chunk X=0 Y=0 Z=0 FlatVerts=1740 SlopeVerts=20400
[+02:31:44.866] VoxelChunk: GenerateAsync (10,-26,3)
[+02:31:44.883] VoxelMesh: Chunk X=0 Y=0 Z=0 FlatVerts=510 SlopeVerts=2664
[+02:31:44.884] VoxelChunk: GenerateAsync (1,-30,0)
[+02:31:44.886] VoxelMesh: Chunk X=0 Y=0 Z=0 FlatVerts=0 SlopeVerts=0
[+02:31:44.887] VoxelChunk: GenerateAsync (4,-29,4)
[+02:31:44.890] VoxelMesh: Chunk X=0 Y=0 Z=0 FlatVerts=1374 SlopeVerts=8616
[+02:31:44.891] VoxelChunk: GenerateAsync (10,-28,2)
[+02:31:44.894] VoxelMesh: Chunk X=0 Y=0 Z=0 FlatVerts=990 SlopeVerts=6102
[+02:31:44.894] VoxelChunk: GenerateAsync (0,-28,2)
[+02:31:44.895] VoxelMesh: Chunk X=0 Y=-28 Z=2 FlatVerts=0 SlopeVerts=2646
[+02:31:44.905] VoxelMesh: Chunk X=0 Y=0 Z=0 FlatVerts=1758 SlopeVerts=9486
[+02:31:44.907] VoxelChunk: GenerateAsync (0,-22,2)
[+02:31:44.909] VoxelChunk: GenerateAsync (8,-20,2)
[+02:31:44.911] VoxelMesh: Chunk X=8 Y=-20 Z=2 FlatVerts=0 SlopeVerts=1500
[+02:31:44.913] VoxelMesh: Chunk X=0 Y=0 Z=0 FlatVerts=1800 SlopeVerts=15810
[+02:31:44.914] VoxelChunk: GenerateAsync (2,-30,2)
[+02:31:44.915] VoxelMesh: Chunk X=2 Y=-30 Z=2 FlatVerts=0 SlopeVerts=0
[+02:31:44.917] VoxelMesh: Chunk X=0 Y=0 Z=0 FlatVerts=0 SlopeVerts=4110
[+02:31:44.918] VoxelChunk: GenerateAsync (8,-30,2)
[+02:31:44.919] VoxelMesh: Chunk X=8 Y=-30 Z=2 FlatVerts=0 SlopeVerts=396
[+02:31:44.965] VoxelWater: Chunk X=5 Y=-26 Z=0 emitted 12 procedural water vertices (Ocean/Pools)
[+02:31:44.965] VoxelWater: Chunk X=5 Y=-26 Z=1 emitted 504 procedural water vertices (Ocean/Pools)
[+02:31:44.965] VoxelWater: Chunk X=6 Y=-26 Z=1 emitted 188 procedural water vertices (Ocean/Pools)
[+02:31:44.965] VoxelWater: Chunk X=4 Y=-25 Z=1 emitted 260 procedural water vertices (Ocean/Pools)
[+02:31:44.965] VoxelWater: Chunk X=4 Y=-26 Z=1 emitted 500 procedural water vertices (Ocean/Pools)
[+02:31:44.965] VoxelWater: Chunk X=5 Y=-25 Z=1 emitted 124 procedural water vertices (Ocean/Pools)
[+02:31:44.965] VoxelWater: Chunk X=6 Y=-24 Z=3 emitted 132 procedural water vertices (Ocean/Pools)
[+02:31:44.965] VoxelWater: Chunk X=6 Y=-24 Z=4 emitted 20 procedural water vertices (Ocean/Pools)
[+02:31:44.966] VoxelWater: Chunk X=7 Y=-24 Z=4 emitted 40 procedural water vertices (Ocean/Pools)
[+02:31:44.966] VoxelWater: Chunk X=6 Y=-25 Z=1 emitted 24 procedural water vertices (Ocean/Pools)
[+02:31:44.966] VoxelWater: Chunk X=7 Y=-25 Z=1 emitted 4 procedural water vertices (Ocean/Pools)
[+02:31:44.966] VoxelWater: Chunk X=4 Y=-30 Z=1 emitted 64 procedural water vertices (Ocean/Pools)
[+02:31:44.966] VoxelWater: Chunk X=4 Y=-21 Z=1 emitted 108 procedural water vertices (Ocean/Pools)
[+02:31:44.966] VoxelWater: Chunk X=4 Y=-21 Z=2 emitted 248 procedural water vertices (Ocean/Pools)
[+02:31:44.966] VoxelWater: Chunk X=4 Y=-22 Z=2 emitted 128 procedural water vertices (Ocean/Pools)
[+02:31:44.966] VoxelWater: Chunk X=5 Y=-21 Z=2 emitted 96 procedural water vertices (Ocean/Pools)
[+02:31:44.966] VoxelWater: Chunk X=4 Y=-26 Z=0 emitted 4 procedural water vertices (Ocean/Pools)
[+02:31:44.966] VoxelWater: Chunk X=6 Y=-25 Z=3 emitted 284 procedural water vertices (Ocean/Pools)
[+02:31:44.966] VoxelWater: Chunk X=6 Y=-25 Z=4 emitted 28 procedural water vertices (Ocean/Pools)
[+02:31:44.966] VoxelWater: Chunk X=6 Y=-26 Z=0 emitted 20 procedural water vertices (Ocean/Pools)
[+02:31:44.966] VoxelWater: Chunk X=9 Y=-24 Z=1 emitted 68 procedural water vertices (Ocean/Pools)
[+02:31:44.966] VoxelWater: Chunk X=9 Y=-24 Z=2 emitted 132 procedural water vertices (Ocean/Pools)
[+02:31:44.966] VoxelWater: Chunk X=4 Y=-22 Z=3 emitted 116 procedural water vertices (Ocean/Pools)
[+02:31:44.966] VoxelWater: Chunk X=4 Y=-23 Z=3 emitted 4 procedural water vertices (Ocean/Pools)
[+02:31:44.966] VoxelWater: Chunk X=1 Y=-24 Z=1 emitted 16 procedural water vertices (Ocean/Pools)
[+02:31:44.966] VoxelWater: Chunk X=1 Y=-24 Z=2 emitted 96 procedural water vertices (Ocean/Pools)
[+02:31:44.966] VoxelWater: Chunk X=1 Y=-25 Z=2 emitted 4 procedural water vertices (Ocean/Pools)
[+02:31:44.966] VoxelWater: Chunk X=2 Y=-24 Z=2 emitted 56 procedural water vertices (Ocean/Pools)
[+02:31:44.966] VoxelWater: Chunk X=2 Y=-24 Z=3 emitted 80 procedural water vertices (Ocean/Pools)
[+02:31:44.966] VoxelWater: Chunk X=1 Y=-24 Z=3 emitted 20 procedural water vertices (Ocean/Pools)
[+02:31:44.966] VoxelWater: Chunk X=2 Y=-25 Z=3 emitted 104 procedural water vertices (Ocean/Pools)
[+02:31:44.966] VoxelWater: Chunk X=9 Y=-26 Z=1 emitted 88 procedural water vertices (Ocean/Pools)
[+02:31:44.966] VoxelWater: Chunk X=9 Y=-26 Z=2 emitted 112 procedural water vertices (Ocean/Pools)
[+02:31:44.966] VoxelWater: Chunk X=8 Y=-26 Z=2 emitted 52 procedural water vertices (Ocean/Pools)
[+02:31:44.966] VoxelWater: Chunk X=4 Y=-23 Z=1 emitted 76 procedural water vertices (Ocean/Pools)
[+02:31:44.966] VoxelWater: Chunk X=8 Y=-29 Z=0 emitted 68 procedural water vertices (Ocean/Pools)
[+02:31:44.966] VoxelWater: Chunk X=7 Y=-24 Z=1 emitted 12 procedural water vertices (Ocean/Pools)
[+02:31:44.966] VoxelWater: Chunk X=8 Y=-24 Z=1 emitted 56 procedural water vertices (Ocean/Pools)
[+02:31:44.966] VoxelWater: Chunk X=6 Y=-23 Z=1 emitted 20 procedural water vertices (Ocean/Pools)
[+02:31:44.966] VoxelWater: Chunk X=4 Y=-27 Z=1 emitted 192 procedural water vertices (Ocean/Pools)
[+02:31:44.966] VoxelWater: Chunk X=5 Y=-27 Z=1 emitted 228 procedural water vertices (Ocean/Pools)
[+02:31:44.966] VoxelWater: Chunk X=9 Y=-28 Z=0 emitted 32 procedural water vertices (Ocean/Pools)
[+02:31:44.967] VoxelWater: Chunk X=4 Y=-26 Z=2 emitted 12 procedural water vertices (Ocean/Pools)
[+02:31:44.967] VoxelWater: Chunk X=4 Y=-25 Z=2 emitted 396 procedural water vertices (Ocean/Pools)
[+02:31:44.967] VoxelWater: Chunk X=4 Y=-25 Z=3 emitted 152 procedural water vertices (Ocean/Pools)
[+02:31:44.967] VoxelWater: Chunk X=3 Y=-25 Z=3 emitted 68 procedural water vertices (Ocean/Pools)
[+02:31:44.967] VoxelWater: Chunk X=5 Y=-25 Z=2 emitted 488 procedural water vertices (Ocean/Pools)
[+02:31:44.967] VoxelWater: Chunk X=3 Y=-25 Z=2 emitted 80 procedural water vertices (Ocean/Pools)
[+02:31:44.967] VoxelWater: Chunk X=4 Y=-24 Z=2 emitted 396 procedural water vertices (Ocean/Pools)
[+02:31:44.967] VoxelWater: Chunk X=4 Y=-24 Z=3 emitted 80 procedural water vertices (Ocean/Pools)
[+02:31:44.967] VoxelWater: Chunk X=3 Y=-24 Z=3 emitted 80 procedural water vertices (Ocean/Pools)
[+02:31:44.967] VoxelWater: Chunk X=4 Y=-24 Z=1 emitted 156 procedural water vertices (Ocean/Pools)
[+02:31:44.967] VoxelWater: Chunk X=5 Y=-24 Z=2 emitted 124 procedural water vertices (Ocean/Pools)
[+02:31:44.967] VoxelWater: Chunk X=8 Y=-25 Z=3 emitted 28 procedural water vertices (Ocean/Pools)
[+02:31:44.967] VoxelWater: Chunk X=5 Y=-26 Z=2 emitted 8 procedural water vertices (Ocean/Pools)
[+02:31:44.967] VoxelWater: Chunk X=5 Y=-25 Z=3 emitted 128 procedural water vertices (Ocean/Pools)
[+02:31:44.967] VoxelWater: Chunk X=6 Y=-25 Z=2 emitted 168 procedural water vertices (Ocean/Pools)
[+02:31:44.967] VoxelWater: Chunk X=5 Y=-29 Z=1 emitted 216 procedural water vertices (Ocean/Pools)
[+02:31:44.967] VoxelWater: Chunk X=5 Y=-29 Z=2 emitted 4 procedural water vertices (Ocean/Pools)
[+02:31:44.967] VoxelWater: Chunk X=5 Y=-24 Z=3 emitted 20 procedural water vertices (Ocean/Pools)
[+02:31:44.967] VoxelWater: Chunk X=5 Y=-24 Z=1 emitted 176 procedural water vertices (Ocean/Pools)
[+02:31:44.967] VoxelWater: Chunk X=6 Y=-26 Z=2 emitted 60 procedural water vertices (Ocean/Pools)
[+02:31:44.967] VoxelWater: Chunk X=6 Y=-26 Z=3 emitted 20 procedural water vertices (Ocean/Pools)
[+02:31:44.967] VoxelWater: Chunk X=9 Y=-25 Z=1 emitted 108 procedural water vertices (Ocean/Pools)
[+02:31:44.967] VoxelWater: Chunk X=9 Y=-25 Z=2 emitted 332 procedural water vertices (Ocean/Pools)
[+02:31:44.967] VoxelWater: Chunk X=8 Y=-25 Z=2 emitted 104 procedural water vertices (Ocean/Pools)
[+02:31:44.967] VoxelWater: Chunk X=7 Y=-25 Z=2 emitted 12 procedural water vertices (Ocean/Pools)
[+02:31:44.967] VoxelWater: Chunk X=6 Y=-24 Z=2 emitted 168 procedural water vertices (Ocean/Pools)
[+02:31:44.967] VoxelWater: Chunk X=6 Y=-24 Z=1 emitted 184 procedural water vertices (Ocean/Pools)
[+02:31:44.967] VoxelWater: Chunk X=7 Y=-24 Z=2 emitted 16 procedural water vertices (Ocean/Pools)
[+02:31:44.967] VoxelWater: Chunk X=6 Y=-27 Z=1 emitted 300 procedural water vertices (Ocean/Pools)
[+02:31:44.967] VoxelWater: Chunk X=7 Y=-27 Z=1 emitted 456 procedural water vertices (Ocean/Pools)
[+02:31:44.967] VoxelWater: Chunk X=6 Y=-28 Z=1 emitted 140 procedural water vertices (Ocean/Pools)
[+02:31:44.967] VoxelWater: Chunk X=1 Y=-25 Z=3 emitted 44 procedural water vertices (Ocean/Pools)
[+02:31:44.967] VoxelWater: Chunk X=6 Y=-30 Z=1 emitted 152 procedural water vertices (Ocean/Pools)
[+02:31:44.968] VoxelWater: Chunk X=7 Y=-30 Z=1 emitted 116 procedural water vertices (Ocean/Pools)
[+02:31:44.968] VoxelWater: Chunk X=6 Y=-29 Z=1 emitted 12 procedural water vertices (Ocean/Pools)
[+02:31:44.968] VoxelWater: Chunk X=5 Y=-21 Z=1 emitted 52 procedural water vertices (Ocean/Pools)
[+02:31:44.968] VoxelWater: Chunk X=10 Y=-24 Z=1 emitted 80 procedural water vertices (Ocean/Pools)
[+02:31:44.968] VoxelWater: Chunk X=10 Y=-23 Z=1 emitted 36 procedural water vertices (Ocean/Pools)
[+02:31:44.968] VoxelWater: Chunk X=7 Y=-26 Z=0 emitted 28 procedural water vertices (Ocean/Pools)
[+02:31:44.968] VoxelWater: Chunk X=7 Y=-26 Z=1 emitted 296 procedural water vertices (Ocean/Pools)
[+02:31:44.968] VoxelWater: Chunk X=8 Y=-26 Z=1 emitted 200 procedural water vertices (Ocean/Pools)
[+02:31:44.968] VoxelWater: Chunk X=3 Y=-26 Z=1 emitted 172 procedural water vertices (Ocean/Pools)
[+02:31:44.968] VoxelWater: Chunk X=3 Y=-23 Z=2 emitted 192 procedural water vertices (Ocean/Pools)
[+02:31:44.968] VoxelWater: Chunk X=3 Y=-23 Z=3 emitted 36 procedural water vertices (Ocean/Pools)
[+02:31:44.968] VoxelWater: Chunk X=0 Y=-24 Z=1 emitted 12 procedural water vertices (Ocean/Pools)
[+02:31:44.968] VoxelWater: Chunk X=9 Y=-27 Z=1 emitted 56 procedural water vertices (Ocean/Pools)
[+02:31:44.968] VoxelWater: Chunk X=4 Y=-20 Z=1 emitted 108 procedural water vertices (Ocean/Pools)
[+02:31:44.968] VoxelWater: Chunk X=7 Y=-29 Z=0 emitted 8 procedural water vertices (Ocean/Pools)
[+02:31:44.968] VoxelWater: Chunk X=7 Y=-29 Z=1 emitted 92 procedural water vertices (Ocean/Pools)
[+02:31:44.968] VoxelWater: Chunk X=8 Y=-29 Z=1 emitted 60 procedural water vertices (Ocean/Pools)
[+02:31:44.968] VoxelWater: Chunk X=7 Y=-28 Z=1 emitted 24 procedural water vertices (Ocean/Pools)
[+02:31:44.968] VoxelWater: Chunk X=8 Y=-25 Z=1 emitted 28 procedural water vertices (Ocean/Pools)
[+02:31:44.968] VoxelWater: Chunk X=10 Y=-26 Z=1 emitted 152 procedural water vertices (Ocean/Pools)
[+02:31:44.968] VoxelWater: Chunk X=10 Y=-25 Z=1 emitted 48 procedural water vertices (Ocean/Pools)
[+02:31:44.968] VoxelWater: Chunk X=5 Y=-23 Z=1 emitted 208 procedural water vertices (Ocean/Pools)
[+02:31:44.968] VoxelWater: Chunk X=5 Y=-28 Z=1 emitted 256 procedural water vertices (Ocean/Pools)
[+02:31:44.968] VoxelWater: Chunk X=7 Y=-21 Z=1 emitted 76 procedural water vertices (Ocean/Pools)
[+02:31:44.968] VoxelWater: Chunk X=6 Y=-21 Z=1 emitted 16 procedural water vertices (Ocean/Pools)
[+02:31:44.968] VoxelWater: Chunk X=7 Y=-22 Z=1 emitted 112 procedural water vertices (Ocean/Pools)
[+02:31:44.968] VoxelWater: Chunk X=3 Y=-27 Z=2 emitted 336 procedural water vertices (Ocean/Pools)
[+02:31:44.968] VoxelWater: Chunk X=3 Y=-27 Z=3 emitted 128 procedural water vertices (Ocean/Pools)
[+02:31:44.968] VoxelWater: Chunk X=2 Y=-27 Z=3 emitted 144 procedural water vertices (Ocean/Pools)
[+02:31:44.968] VoxelWater: Chunk X=1 Y=-23 Z=1 emitted 80 procedural water vertices (Ocean/Pools)
[+02:31:44.968] VoxelWater: Chunk X=1 Y=-22 Z=1 emitted 148 procedural water vertices (Ocean/Pools)
[+02:31:44.968] VoxelWater: Chunk X=8 Y=-23 Z=1 emitted 100 procedural water vertices (Ocean/Pools)
[+02:31:44.968] VoxelWater: Chunk X=9 Y=-23 Z=1 emitted 80 procedural water vertices (Ocean/Pools)
[+02:31:44.968] VoxelWater: Chunk X=3 Y=-21 Z=1 emitted 60 procedural water vertices (Ocean/Pools)
[+02:31:44.969] VoxelWater: Chunk X=2 Y=-27 Z=2 emitted 88 procedural water vertices (Ocean/Pools)
[+02:31:44.969] VoxelWater: Chunk X=8 Y=-22 Z=1 emitted 32 procedural water vertices (Ocean/Pools)
[+02:31:44.969] VoxelWater: Chunk X=2 Y=-22 Z=1 emitted 12 procedural water vertices (Ocean/Pools)
[+02:31:44.969] VoxelWater: Chunk X=2 Y=-28 Z=1 emitted 8 procedural water vertices (Ocean/Pools)
[+02:31:44.969] VoxelWater: Chunk X=3 Y=-28 Z=1 emitted 24 procedural water vertices (Ocean/Pools)
[+02:31:44.969] VoxelWater: Chunk X=3 Y=-28 Z=2 emitted 244 procedural water vertices (Ocean/Pools)
[+02:31:44.969] VoxelWater: Chunk X=2 Y=-28 Z=2 emitted 220 procedural water vertices (Ocean/Pools)
[+02:31:44.969] VoxelWater: Chunk X=8 Y=-28 Z=0 emitted 12 procedural water vertices (Ocean/Pools)
[+02:31:44.969] VoxelWater: Chunk X=8 Y=-28 Z=1 emitted 88 procedural water vertices (Ocean/Pools)
[+02:31:44.969] VoxelWater: Chunk X=9 Y=-28 Z=1 emitted 28 procedural water vertices (Ocean/Pools)
[+02:31:44.969] VoxelWater: Chunk X=2 Y=-23 Z=1 emitted 52 procedural water vertices (Ocean/Pools)
[+02:31:44.969] VoxelWater: Chunk X=2 Y=-23 Z=2 emitted 40 procedural water vertices (Ocean/Pools)
[+02:31:44.969] VoxelWater: Chunk X=3 Y=-22 Z=2 emitted 64 procedural water vertices (Ocean/Pools)
[+02:31:44.969] VoxelWater: Chunk X=8 Y=-23 Z=2 emitted 28 procedural water vertices (Ocean/Pools)
[+02:31:44.969] VoxelWater: Chunk X=7 Y=-23 Z=2 emitted 4 procedural water vertices (Ocean/Pools)
[+02:31:44.969] VoxelWater: Chunk X=8 Y=-24 Z=2 emitted 96 procedural water vertices (Ocean/Pools)
[+02:31:44.969] VoxelWater: Chunk X=1 Y=-27 Z=2 emitted 28 procedural water vertices (Ocean/Pools)
[+02:31:44.969] VoxelWater: Chunk X=1 Y=-28 Z=2 emitted 104 procedural water vertices (Ocean/Pools)
[+02:31:44.969] VoxelWater: Chunk X=3 Y=-23 Z=1 emitted 76 procedural water vertices (Ocean/Pools)
[+02:31:44.969] VoxelWater: Chunk X=8 Y=-27 Z=1 emitted 184 procedural water vertices (Ocean/Pools)
[+02:31:44.969] VoxelWater: Chunk X=3 Y=-27 Z=1 emitted 32 procedural water vertices (Ocean/Pools)
[+02:31:44.969] VoxelWater: Chunk X=9 Y=-22 Z=1 emitted 100 procedural water vertices (Ocean/Pools)
[+02:31:44.969] VoxelWater: Chunk X=5 Y=-22 Z=1 emitted 84 procedural water vertices (Ocean/Pools)
[+02:31:44.969] VoxelWater: Chunk X=7 Y=-24 Z=3 emitted 20 procedural water vertices (Ocean/Pools)
[+02:31:44.969] VoxelWater: Chunk X=7 Y=-26 Z=2 emitted 40 procedural water vertices (Ocean/Pools)
[+02:31:44.969] VoxelWater: Chunk X=4 Y=-23 Z=2 emitted 256 procedural water vertices (Ocean/Pools)
[+02:31:44.969] VoxelWater: Chunk X=7 Y=-25 Z=3 emitted 144 procedural water vertices (Ocean/Pools)
[+02:31:44.969] VoxelWater: Chunk X=7 Y=-25 Z=4 emitted 64 procedural water vertices (Ocean/Pools)
[+02:31:44.969] VoxelWater: Chunk X=5 Y=-23 Z=2 emitted 40 procedural water vertices (Ocean/Pools)
[+02:31:44.969] VoxelWater: Chunk X=5 Y=-22 Z=2 emitted 160 procedural water vertices (Ocean/Pools)
[+02:31:44.969] VoxelWater: Chunk X=5 Y=-27 Z=2 emitted 64 procedural water vertices (Ocean/Pools)
[+02:31:44.969] VoxelWater: Chunk X=5 Y=-28 Z=2 emitted 60 procedural water vertices (Ocean/Pools)
[+02:31:44.969] VoxelWater: Chunk X=6 Y=-27 Z=2 emitted 12 procedural water vertices (Ocean/Pools)
[+02:31:44.969] VoxelWater: Chunk X=8 Y=-27 Z=0 emitted 16 procedural water vertices (Ocean/Pools)
[+02:31:44.970] VoxelWater: Chunk X=3 Y=-24 Z=2 emitted 92 procedural water vertices (Ocean/Pools)
[+02:31:44.970] VoxelWater: Chunk X=4 Y=-29 Z=1 emitted 24 procedural water vertices (Ocean/Pools)
[+02:31:44.970] VoxelWater: Chunk X=3 Y=-26 Z=2 emitted 264 procedural water vertices (Ocean/Pools)
[+02:31:44.970] VoxelWater: Chunk X=4 Y=-28 Z=1 emitted 64 procedural water vertices (Ocean/Pools)
[+02:31:44.970] VoxelWater: Chunk X=7 Y=-28 Z=0 emitted 8 procedural water vertices (Ocean/Pools)
[+02:31:44.970] VoxelWater: Chunk X=5 Y=-30 Z=1 emitted 48 procedural water vertices (Ocean/Pools)
[+02:31:44.970] VoxelWater: Chunk X=6 Y=-28 Z=2 emitted 16 procedural water vertices (Ocean/Pools)
[+02:31:44.970] VoxelWater: Chunk X=2 Y=-23 Z=3 emitted 16 procedural water vertices (Ocean/Pools)
[+02:31:44.970] VoxelWater: Chunk X=2 Y=-21 Z=1 emitted 40 procedural water vertices (Ocean/Pools)
[+02:31:44.970] VoxelWater: Chunk X=6 Y=-22 Z=1 emitted 136 procedural water vertices (Ocean/Pools)
[+02:31:44.970] VoxelWater: Chunk X=2 Y=-24 Z=1 emitted 36 procedural water vertices (Ocean/Pools)
[+02:31:44.970] VoxelWater: Chunk X=4 Y=-27 Z=2 emitted 104 procedural water vertices (Ocean/Pools)
[+02:31:44.970] VoxelWater: Chunk X=5 Y=-20 Z=1 emitted 32 procedural water vertices (Ocean/Pools)
[+02:31:44.970] VoxelWater: Chunk X=7 Y=-21 Z=2 emitted 12 procedural water vertices (Ocean/Pools)
[+02:31:44.970] VoxelWater: Chunk X=7 Y=-26 Z=3 emitted 8 procedural water vertices (Ocean/Pools)
[+02:31:44.970] VoxelWater: Chunk X=6 Y=-22 Z=2 emitted 12 procedural water vertices (Ocean/Pools)
[+02:31:44.970] VoxelWater: Chunk X=2 Y=-26 Z=1 emitted 4 procedural water vertices (Ocean/Pools)
[+02:31:44.970] VoxelWater: Chunk X=2 Y=-26 Z=2 emitted 216 procedural water vertices (Ocean/Pools)
[+02:31:44.970] VoxelWater: Chunk X=4 Y=-22 Z=1 emitted 4 procedural water vertices (Ocean/Pools)
[+02:31:44.970] VoxelWater: Chunk X=4 Y=-28 Z=2 emitted 84 procedural water vertices (Ocean/Pools)
[+02:31:44.970] VoxelWater: Chunk X=5 Y=-29 Z=0 emitted 4 procedural water vertices (Ocean/Pools)
[+02:31:44.970] VoxelWater: Chunk X=2 Y=-22 Z=2 emitted 32 procedural water vertices (Ocean/Pools)
[+02:31:44.970] VoxelWater: Chunk X=8 Y=-21 Z=1 emitted 24 procedural water vertices (Ocean/Pools)
[+02:31:44.970] VoxelWater: Chunk X=3 Y=-21 Z=2 emitted 244 procedural water vertices (Ocean/Pools)
[+02:31:44.970] VoxelWater: Chunk X=3 Y=-22 Z=3 emitted 100 procedural water vertices (Ocean/Pools)
[+02:31:44.970] VoxelWater: Chunk X=3 Y=-30 Z=1 emitted 24 procedural water vertices (Ocean/Pools)
[+02:31:44.970] VoxelWater: Chunk X=9 Y=-29 Z=0 emitted 4 procedural water vertices (Ocean/Pools)
[+02:31:44.970] VoxelWater: Chunk X=7 Y=-20 Z=1 emitted 48 procedural water vertices (Ocean/Pools)
[+02:31:44.970] VoxelWater: Chunk X=10 Y=-27 Z=1 emitted 24 procedural water vertices (Ocean/Pools)
[+02:31:44.970] VoxelWater: Chunk X=3 Y=-20 Z=1 emitted 68 procedural water vertices (Ocean/Pools)
[+02:31:44.970] VoxelWater: Chunk X=1 Y=-26 Z=3 emitted 12 procedural water vertices (Ocean/Pools)
[+02:31:44.970] VoxelWater: Chunk X=10 Y=-25 Z=2 emitted 20 procedural water vertices (Ocean/Pools)
[+02:31:44.970] VoxelWater: Chunk X=2 Y=-21 Z=2 emitted 236 procedural water vertices (Ocean/Pools)
[+02:31:44.970] VoxelWater: Chunk X=1 Y=-21 Z=2 emitted 44 procedural water vertices (Ocean/Pools)
[+02:31:44.970] VoxelWater: Chunk X=1 Y=-22 Z=2 emitted 20 procedural water vertices (Ocean/Pools)
[+02:31:44.970] VoxelWater: Chunk X=5 Y=-30 Z=2 emitted 32 procedural water vertices (Ocean/Pools)
[+02:31:44.970] VoxelWater: Chunk X=4 Y=-30 Z=2 emitted 88 procedural water vertices (Ocean/Pools)
[+02:31:44.971] VoxelWater: Chunk X=8 Y=-21 Z=2 emitted 24 procedural water vertices (Ocean/Pools)
[+02:31:44.971] VoxelWater: Chunk X=0 Y=-25 Z=2 emitted 40 procedural water vertices (Ocean/Pools)
[+02:31:44.971] VoxelWater: Chunk X=5 Y=-20 Z=2 emitted 32 procedural water vertices (Ocean/Pools)
[+02:31:44.971] VoxelWater: Chunk X=2 Y=-25 Z=4 emitted 52 procedural water vertices (Ocean/Pools)
[+02:31:44.971] VoxelWater: Chunk X=4 Y=-22 Z=4 emitted 8 procedural water vertices (Ocean/Pools)
[+02:31:44.971] VoxelWater: Chunk X=6 Y=-20 Z=1 emitted 8 procedural water vertices (Ocean/Pools)
[+02:31:44.971] VoxelWater: Chunk X=6 Y=-20 Z=2 emitted 108 procedural water vertices (Ocean/Pools)
[+02:31:44.971] VoxelWater: Chunk X=10 Y=-24 Z=2 emitted 32 procedural water vertices (Ocean/Pools)
[+02:31:44.971] VoxelWater: Chunk X=0 Y=-24 Z=2 emitted 16 procedural water vertices (Ocean/Pools)
[+02:31:44.971] VoxelWater: Chunk X=10 Y=-26 Z=2 emitted 8 procedural water vertices (Ocean/Pools)
[+02:31:44.971] VoxelWater: Chunk X=2 Y=-24 Z=4 emitted 20 procedural water vertices (Ocean/Pools)
[+02:31:44.971] VoxelWater: Chunk X=9 Y=-21 Z=1 emitted 44 procedural water vertices (Ocean/Pools)
[+02:31:44.971] VoxelWater: Chunk X=1 Y=-21 Z=1 emitted 68 procedural water vertices (Ocean/Pools)
[+02:31:44.971] VoxelWater: Chunk X=1 Y=-29 Z=1 emitted 28 procedural water vertices (Ocean/Pools)
[+02:31:44.971] VoxelWater: Chunk X=1 Y=-27 Z=3 emitted 176 procedural water vertices (Ocean/Pools)
[+02:31:44.971] VoxelWater: Chunk X=1 Y=-28 Z=3 emitted 24 procedural water vertices (Ocean/Pools)
[+02:31:44.971] VoxelWater: Chunk X=0 Y=-28 Z=1 emitted 20 procedural water vertices (Ocean/Pools)
[+02:31:44.971] VoxelWater: Chunk X=10 Y=-28 Z=1 emitted 20 procedural water vertices (Ocean/Pools)
[+02:31:44.971] VoxelWater: Chunk X=3 Y=-30 Z=2 emitted 16 procedural water vertices (Ocean/Pools)
[+02:31:44.971] VoxelWater: Chunk X=3 Y=-20 Z=2 emitted 48 procedural water vertices (Ocean/Pools)
[+02:31:44.971] VoxelWater: Chunk X=7 Y=-20 Z=2 emitted 208 procedural water vertices (Ocean/Pools)
[+02:31:44.971] VoxelWater: Chunk X=3 Y=-22 Z=4 emitted 16 procedural water vertices (Ocean/Pools)
[+02:31:44.971] VoxelWater: Chunk X=10 Y=-22 Z=1 emitted 20 procedural water vertices (Ocean/Pools)
[+02:31:44.971] VoxelWater: Chunk X=0 Y=-22 Z=1 emitted 20 procedural water vertices (Ocean/Pools)
[+02:31:44.971] VoxelWater: Chunk X=2 Y=-30 Z=1 emitted 28 procedural water vertices (Ocean/Pools)
[+02:31:44.971] VoxelWater: Chunk X=0 Y=-25 Z=3 emitted 76 procedural water vertices (Ocean/Pools)
[+02:31:44.971] VoxelWater: Chunk X=1 Y=-25 Z=4 emitted 44 procedural water vertices (Ocean/Pools)
[+02:31:44.971] VoxelWater: Chunk X=1 Y=-26 Z=4 emitted 112 procedural water vertices (Ocean/Pools)
[+02:31:44.971] VoxelWater: Chunk X=0 Y=-26 Z=2 emitted 4 procedural water vertices (Ocean/Pools)
[+02:31:44.971] VoxelWater: Chunk X=0 Y=-26 Z=3 emitted 84 procedural water vertices (Ocean/Pools)
[+02:31:44.971] VoxelWater: Chunk X=0 Y=-28 Z=2 emitted 24 procedural water vertices (Ocean/Pools)
[+02:31:44.971] VoxelWater: Chunk X=8 Y=-20 Z=1 emitted 4 procedural water vertices (Ocean/Pools)
[+02:31:44.971] VoxelWater: Chunk X=8 Y=-20 Z=2 emitted 4 procedural water vertices (Ocean/Pools)
[+02:31:44.983] VoxelMesh: Chunk X=0 Y=0 Z=0 FlatVerts=0 SlopeVerts=72
[+02:31:44.983] VoxelChunk: GenerateAsync (10,-22,2)
[+02:31:44.989] VoxelMesh: Chunk X=0 Y=0 Z=0 FlatVerts=1452 SlopeVerts=18528
[+02:31:44.990] VoxelChunk: GenerateAsync (2,-20,2)
[+02:31:44.993] VoxelMesh: Chunk X=2 Y=-20 Z=2 FlatVerts=1704 SlopeVerts=3072
[+02:31:44.994] VoxelMesh: Chunk X=0 Y=0 Z=0 FlatVerts=492 SlopeVerts=1350
[+02:31:44.994] VoxelChunk: GenerateAsync (2,-22,4)
[+02:31:44.997] VoxelMesh: Chunk X=0 Y=0 Z=0 FlatVerts=72 SlopeVerts=1788
[+02:31:44.998] VoxelChunk: GenerateAsync (8,-28,4)
[+02:31:45.009] VoxelChunk: GenerateAsync (8,-22,4)
[+02:31:45.011] VoxelChunk: GenerateAsync (2,-28,4)
[+02:31:45.013] VoxelMesh: Chunk X=0 Y=0 Z=0 FlatVerts=30 SlopeVerts=222
[+02:31:45.014] VoxelChunk: GenerateAsync (7,-27,5)
[+02:31:45.015] VoxelChunk: GenerateAsync (3,-27,5)
[+02:31:45.025] VoxelChunk: GenerateAsync (3,-23,5)
[+02:31:45.027] VoxelChunk: GenerateAsync (7,-23,5)
[+02:31:45.029] VoxelChunk: GenerateAsync (3,-29,4)
[+02:31:45.031] VoxelMesh: Chunk X=0 Y=0 Z=0 FlatVerts=54 SlopeVerts=1110
[+02:31:45.032] VoxelChunk: GenerateAsync (3,-30,3)
[+02:31:45.043] VoxelMesh: Chunk X=0 Y=0 Z=0 FlatVerts=1758 SlopeVerts=19518
[+02:31:45.045] VoxelChunk: GenerateAsync (9,-27,4)
[+02:31:45.049] VoxelMesh: Chunk X=0 Y=0 Z=0 FlatVerts=3072 SlopeVerts=17922
[+02:31:45.050] VoxelChunk: GenerateAsync (0,-29,1)
[+02:31:45.051] VoxelMesh: Chunk X=0 Y=-29 Z=1 FlatVerts=1812 SlopeVerts=192
[+02:31:45.053] VoxelMesh: Chunk X=0 Y=0 Z=0 FlatVerts=114 SlopeVerts=1338
[+02:31:45.053] VoxelChunk: GenerateAsync (8,-25,5)
[+02:31:45.058] VoxelMesh: Chunk X=0 Y=0 Z=0 FlatVerts=3960 SlopeVerts=13014
[+02:31:45.059] VoxelChunk: GenerateAsync (0,-21,1)
[+02:31:45.060] VoxelMesh: Chunk X=0 Y=-21 Z=1 FlatVerts=1974 SlopeVerts=588
[+02:31:45.099] VoxelChunk: CancelGeneration (0,-21,1)
[+02:32:36.123] VoxelWater: Ocean created at Z=0 scale=10000
[+02:32:36.123] VoxelWorld: GenerateWorldDeferred started.
[+02:32:36.123] VoxelWorld: Queued 244 chunks.
[+02:32:36.131] VoxelMesh: Chunk X=0 Y=0 Z=0 FlatVerts=228 SlopeVerts=5064
[+02:32:36.132] VoxelChunk: GenerateAsync (1,0,0)
[+02:32:36.133] VoxelMesh: Chunk X=1 Y=0 Z=0 FlatVerts=816 SlopeVerts=1560
[+02:32:36.136] VoxelMesh: Chunk X=0 Y=0 Z=0 FlatVerts=972 SlopeVerts=17226
[+02:32:36.137] VoxelChunk: GenerateAsync (0,-1,-1)
[+02:32:36.140] VoxelChunk: GenerateAsync (1,1,1)
[+02:32:36.141] VoxelMesh: Chunk X=1 Y=1 Z=1 FlatVerts=0 SlopeVerts=0
[+02:32:36.142] VoxelChunk: GenerateAsync (0,1,1)
[+02:32:36.168] VoxelChunk: GenerateAsync (-1,1,1)
[+02:32:36.170] VoxelMesh: Chunk X=0 Y=0 Z=0 FlatVerts=0 SlopeVerts=12
[+02:32:36.171] VoxelChunk: GenerateAsync (1,0,1)
[+02:32:36.172] VoxelMesh: Chunk X=1 Y=0 Z=1 FlatVerts=0 SlopeVerts=1962
[+02:32:36.173] VoxelChunk: GenerateAsync (0,0,1)
[+02:32:36.174] VoxelMesh: Chunk X=0 Y=0 Z=1 FlatVerts=0 SlopeVerts=1992
[+02:32:36.175] VoxelChunk: GenerateAsync (-1,0,1)
[+02:32:36.176] VoxelWater: Chunk X=1 Y=0 Z=0 emitted 68 procedural water vertices (Ocean/Pools)
[+02:32:36.176] VoxelWater: Chunk X=0 Y=0 Z=1 emitted 4 procedural water vertices (Ocean/Pools)
[+02:32:36.176] VoxelWater: Chunk X=1 Y=0 Z=1 emitted 40 procedural water vertices (Ocean/Pools)
[+02:32:36.188] VoxelChunk: GenerateAsync (-1,1,0)
[+02:32:36.190] VoxelMesh: Chunk X=-1 Y=1 Z=0 FlatVerts=2268 SlopeVerts=0
[+02:32:36.190] VoxelChunk: GenerateAsync (0,1,0)
[+02:32:36.191] VoxelMesh: Chunk X=0 Y=1 Z=0 FlatVerts=2346 SlopeVerts=0
[+02:32:36.192] VoxelMesh: Chunk X=0 Y=0 Z=0 FlatVerts=12 SlopeVerts=192
[+02:32:36.193] VoxelChunk: GenerateAsync (0,1,-1)
[+02:32:36.196] VoxelMesh: Chunk X=0 Y=0 Z=0 FlatVerts=48 SlopeVerts=540
[+02:32:36.197] VoxelChunk: GenerateAsync (-1,0,-1)
[+02:32:36.208] VoxelMesh: Chunk X=0 Y=0 Z=0 FlatVerts=270 SlopeVerts=6636
[+02:32:36.209] VoxelChunk: GenerateAsync (0,-1,1)
[+02:32:36.211] VoxelMesh: Chunk X=0 Y=-1 Z=1 FlatVerts=0 SlopeVerts=2304
[+02:32:36.213] VoxelMesh: Chunk X=0 Y=0 Z=0 FlatVerts=582 SlopeVerts=14334
[+02:32:36.213] VoxelChunk: GenerateAsync (1,0,-1)
[+02:32:36.217] VoxelMesh: Chunk X=0 Y=0 Z=0 FlatVerts=360 SlopeVerts=10830
[+02:32:36.218] VoxelChunk: GenerateAsync (0,-1,0)
[+02:32:36.220] VoxelMesh: Chunk X=0 Y=-1 Z=0 FlatVerts=90 SlopeVerts=414
[+02:32:36.221] VoxelChunk: GenerateAsync (-1,0,0)
[+02:32:36.222] VoxelMesh: Chunk X=-1 Y=0 Z=0 FlatVerts=2358 SlopeVerts=36
[+02:32:36.232] VoxelMesh: Chunk X=0 Y=0 Z=0 FlatVerts=816 SlopeVerts=14340
[+02:32:36.233] VoxelChunk: GenerateAsync (1,-1,1)
[+02:32:36.235] VoxelMesh: Chunk X=1 Y=-1 Z=1 FlatVerts=0 SlopeVerts=2328
[+02:32:36.236] VoxelMesh: Chunk X=0 Y=0 Z=0 FlatVerts=0 SlopeVerts=0
[+02:32:36.236] VoxelChunk: GenerateAsync (-1,-1,1)
[+02:32:36.238] VoxelMesh: Chunk X=-1 Y=-1 Z=1 FlatVerts=462 SlopeVerts=852
[+02:32:36.241] VoxelMesh: Chunk X=0 Y=0 Z=0 FlatVerts=696 SlopeVerts=20772
[+02:32:36.243] VoxelChunk: GenerateAsync (1,-1,0)
[+02:32:36.244] VoxelMesh: Chunk X=1 Y=-1 Z=0 FlatVerts=258 SlopeVerts=1002
[+02:32:36.246] VoxelMesh: Chunk X=0 Y=0 Z=0 FlatVerts=228 SlopeVerts=4584
[+02:32:36.246] VoxelChunk: GenerateAsync (0,0,-1)
[+02:32:36.255] VoxelChunk: GenerateAsync (0,0,0)
[+02:32:36.255] VoxelChunk: GenerateAsync (1,0,0)
[+02:32:36.255] VoxelChunk: GenerateAsync (1,1,1)
[+02:32:36.255] VoxelChunk: GenerateAsync (0,1,1)
[+02:32:36.255] VoxelChunk: GenerateAsync (-1,1,1)
[+02:32:36.255] VoxelChunk: GenerateAsync (1,0,1)
[+02:32:36.255] VoxelChunk: GenerateAsync (0,0,1)
[+02:32:36.255] VoxelChunk: GenerateAsync (-1,0,1)
[+02:32:36.255] VoxelChunk: GenerateAsync (-1,1,0)
[+02:32:36.255] VoxelChunk: GenerateAsync (0,1,0)
[+02:32:36.255] VoxelChunk: GenerateAsync (0,-1,1)
[+02:32:36.255] VoxelChunk: GenerateAsync (0,-1,0)
[+02:32:36.255] VoxelChunk: GenerateAsync (-1,0,0)
[+02:32:36.255] VoxelChunk: GenerateAsync (1,-1,1)
[+02:32:36.255] VoxelChunk: GenerateAsync (-1,-1,1)
[+02:32:36.255] VoxelChunk: GenerateAsync (1,-1,0)
[+02:32:36.255] VoxelMesh: Chunk X=0 Y=0 Z=0 FlatVerts=282 SlopeVerts=72
[+02:32:36.256] VoxelMesh: Chunk X=1 Y=0 Z=0 FlatVerts=90 SlopeVerts=372
[+02:32:36.256] VoxelMesh: Chunk X=1 Y=1 Z=1 FlatVerts=0 SlopeVerts=0
[+02:32:36.256] VoxelMesh: Chunk X=-1 Y=1 Z=0 FlatVerts=492 SlopeVerts=0
[+02:32:36.256] VoxelMesh: Chunk X=-1 Y=0 Z=1 FlatVerts=0 SlopeVerts=0
[+02:32:36.256] VoxelMesh: Chunk X=0 Y=0 Z=1 FlatVerts=0 SlopeVerts=510
[+02:32:36.256] VoxelMesh: Chunk X=0 Y=1 Z=0 FlatVerts=480 SlopeVerts=0
[+02:32:36.256] VoxelMesh: Chunk X=1 Y=0 Z=1 FlatVerts=0 SlopeVerts=516
[+02:32:36.258] VoxelMesh: Chunk X=0 Y=-1 Z=1 FlatVerts=0 SlopeVerts=558
[+02:32:36.258] VoxelMesh: Chunk X=-1 Y=0 Z=0 FlatVerts=522 SlopeVerts=18
[+02:32:36.259] VoxelMesh: Chunk X=1 Y=-1 Z=1 FlatVerts=0 SlopeVerts=576
[+02:32:36.259] VoxelMesh: Chunk X=-1 Y=-1 Z=1 FlatVerts=204 SlopeVerts=156
[+02:32:36.259] VoxelMesh: Chunk X=0 Y=-1 Z=0 FlatVerts=24 SlopeVerts=96
[+02:32:36.259] VoxelMesh: Chunk X=1 Y=-1 Z=0 FlatVerts=6 SlopeVerts=240
[+02:32:36.260] VoxelMesh: Chunk X=0 Y=0 Z=0 FlatVerts=0 SlopeVerts=72
[+02:32:36.261] VoxelChunk: GenerateAsync (1,1,0)
[+02:32:36.262] VoxelMesh: Chunk X=1 Y=1 Z=0 FlatVerts=2346 SlopeVerts=0
[+02:32:36.263] VoxelMesh: Chunk X=0 Y=0 Z=0 FlatVerts=18 SlopeVerts=528
[+02:32:36.264] VoxelChunk: GenerateAsync (-1,-1,0)
[+02:32:36.266] VoxelMesh: Chunk X=-1 Y=-1 Z=0 FlatVerts=1230 SlopeVerts=1680
[+02:32:36.267] VoxelChunk: GenerateAsync (-1,1,-1)
[+02:32:36.269] VoxelMesh: Chunk X=0 Y=0 Z=0 FlatVerts=156 SlopeVerts=1596
[+02:32:36.270] VoxelChunk: GenerateAsync (1,1,-1)
[+02:32:36.284] VoxelMesh: Chunk X=0 Y=0 Z=0 FlatVerts=702 SlopeVerts=26112
[+02:32:36.285] VoxelChunk: GenerateAsync (1,-1,-1)
[+02:32:36.289] VoxelMesh: Chunk X=0 Y=0 Z=0 FlatVerts=540 SlopeVerts=4962
[+02:32:36.290] VoxelChunk: GenerateAsync (-1,-1,-1)
[+02:32:36.294] VoxelMesh: Chunk X=0 Y=0 Z=0 FlatVerts=5628 SlopeVerts=10962
[+02:32:36.295] VoxelChunk: GenerateAsync (0,0,-2)
[+02:32:36.300] VoxelMesh: Chunk X=0 Y=0 Z=0 FlatVerts=6672 SlopeVerts=10290
[+02:32:36.302] VoxelChunk: GenerateAsync (-1,-1,-2)
[+02:32:36.316] VoxelMesh: Chunk X=0 Y=0 Z=0 FlatVerts=3264 SlopeVerts=17874
[+02:32:36.317] VoxelChunk: GenerateAsync (0,-1,-2)
[+02:32:36.324] VoxelMesh: Chunk X=0 Y=0 Z=0 FlatVerts=234 SlopeVerts=8844
[+02:32:36.325] VoxelChunk: GenerateAsync (2,-2,-2)
[+02:32:36.330] VoxelMesh: Chunk X=0 Y=0 Z=0 FlatVerts=3564 SlopeVerts=15426
[+02:32:36.331] VoxelChunk: GenerateAsync (-1,-2,-2)
[+02:32:36.338] VoxelMesh: Chunk X=0 Y=0 Z=0 FlatVerts=1356 SlopeVerts=18540
[+02:32:36.339] VoxelChunk: GenerateAsync (1,-1,-2)
[+02:32:36.352] VoxelMesh: Chunk X=0 Y=0 Z=0 FlatVerts=8424 SlopeVerts=30
[+02:32:36.353] VoxelChunk: GenerateAsync (-1,1,-2)
[+02:32:36.357] VoxelMesh: Chunk X=0 Y=0 Z=0 FlatVerts=7728 SlopeVerts=2184
[+02:32:36.359] VoxelChunk: GenerateAsync (0,1,-2)
[+02:32:36.366] VoxelMesh: Chunk X=0 Y=0 Z=0 FlatVerts=1206 SlopeVerts=15666
[+02:32:36.367] VoxelChunk: GenerateAsync (2,-1,-2)
[+02:32:36.373] VoxelMesh: Chunk X=0 Y=0 Z=0 FlatVerts=1272 SlopeVerts=11442
[+02:32:36.374] VoxelChunk: GenerateAsync (0,-2,-2)
[+02:32:36.386] VoxelMesh: Chunk X=0 Y=0 Z=0 FlatVerts=7122 SlopeVerts=6126
[+02:32:36.388] VoxelChunk: GenerateAsync (1,1,-2)
[+02:32:36.392] VoxelMesh: Chunk X=0 Y=0 Z=0 FlatVerts=7476 SlopeVerts=11856
[+02:32:36.394] VoxelChunk: GenerateAsync (2,1,-2)
[+02:32:36.399] VoxelMesh: Chunk X=0 Y=0 Z=0 FlatVerts=8328 SlopeVerts=1722
[+02:32:36.400] VoxelChunk: GenerateAsync (-2,2,-2)
[+02:32:36.405] VoxelMesh: Chunk X=0 Y=0 Z=0 FlatVerts=12336 SlopeVerts=4116
[+02:32:36.407] VoxelChunk: GenerateAsync (2,2,-2)
[+02:32:36.411] VoxelWater: Chunk X=1 Y=0 Z=0 emitted 132 procedural water vertices (Ocean/Pools)
[+02:32:36.411] VoxelWater: Chunk X=1 Y=0 Z=1 emitted 64 procedural water vertices (Ocean/Pools)
[+02:32:36.411] VoxelWater: Chunk X=0 Y=0 Z=1 emitted 8 procedural water vertices (Ocean/Pools)
[+02:32:36.411] VoxelWater: Chunk X=1 Y=-1 Z=1 emitted 36 procedural water vertices (Ocean/Pools)
[+02:32:36.411] VoxelWater: Chunk X=-1 Y=1 Z=0 emitted 60 procedural water vertices (Ocean/Pools)
[+02:32:36.411] VoxelWater: Chunk X=0 Y=1 Z=0 emitted 40 procedural water vertices (Ocean/Pools)
[+02:32:36.411] VoxelWater: Chunk X=0 Y=-1 Z=1 emitted 84 procedural water vertices (Ocean/Pools)
[+02:32:36.411] VoxelWater: Chunk X=0 Y=-1 Z=0 emitted 16 procedural water vertices (Ocean/Pools)
[+02:32:36.411] VoxelWater: Chunk X=-1 Y=0 Z=0 emitted 64 procedural water vertices (Ocean/Pools)
[+02:32:36.411] VoxelWater: Chunk X=-1 Y=-1 Z=1 emitted 84 procedural water vertices (Ocean/Pools)
[+02:32:36.411] VoxelWater: Chunk X=1 Y=1 Z=0 emitted 28 procedural water vertices (Ocean/Pools)
[+02:32:36.411] VoxelWater: Chunk X=-1 Y=-1 Z=0 emitted 32 procedural water vertices (Ocean/Pools)
[+02:32:36.421] VoxelMesh: Chunk X=0 Y=0 Z=0 FlatVerts=8574 SlopeVerts=0
[+02:32:36.423] VoxelChunk: GenerateAsync (-1,2,-2)
[+02:32:36.426] VoxelMesh: Chunk X=0 Y=0 Z=0 FlatVerts=8676 SlopeVerts=36
[+02:32:36.428] VoxelChunk: GenerateAsync (-2,0,-2)
[+02:32:36.432] VoxelMesh: Chunk X=0 Y=0 Z=0 FlatVerts=8640 SlopeVerts=348
[+02:32:36.433] VoxelChunk: GenerateAsync (0,2,-2)
[+02:32:36.437] VoxelMesh: Chunk X=0 Y=0 Z=0 FlatVerts=10740 SlopeVerts=1572
[+02:32:36.438] VoxelChunk: GenerateAsync (1,2,-2)
[+02:32:36.450] VoxelMesh: Chunk X=0 Y=0 Z=0 FlatVerts=7932 SlopeVerts=2814
[+02:32:36.452] VoxelChunk: GenerateAsync (-1,0,-2)
[+02:32:36.456] VoxelMesh: Chunk X=0 Y=0 Z=0 FlatVerts=8880 SlopeVerts=2412
[+02:32:36.458] VoxelChunk: GenerateAsync (-2,-1,-2)
[+02:32:36.465] VoxelMesh: Chunk X=0 Y=0 Z=0 FlatVerts=138 SlopeVerts=6810
[+02:32:36.465] VoxelChunk: GenerateAsync (1,-2,-2)
[+02:32:36.470] VoxelMesh: Chunk X=0 Y=0 Z=0 FlatVerts=6156 SlopeVerts=11568
[+02:32:36.472] VoxelChunk: GenerateAsync (-2,-2,-2)
[+02:32:36.483] VoxelMesh: Chunk X=0 Y=0 Z=0 FlatVerts=8364 SlopeVerts=0
[+02:32:36.484] VoxelChunk: GenerateAsync (-2,1,-2)
[+02:32:36.489] VoxelMesh: Chunk X=0 Y=0 Z=0 FlatVerts=4026 SlopeVerts=17352
[+02:32:36.491] VoxelChunk: GenerateAsync (1,0,-2)
[+02:32:36.496] VoxelMesh: Chunk X=0 Y=0 Z=0 FlatVerts=3342 SlopeVerts=18186
[+02:32:36.497] VoxelChunk: GenerateAsync (2,0,-2)
[+02:32:36.503] VoxelMesh: Chunk X=0 Y=0 Z=0 FlatVerts=654 SlopeVerts=26958
[+02:32:36.504] VoxelChunk: GenerateAsync (2,-1,0)
[+02:32:36.505] VoxelMesh: Chunk X=2 Y=-1 Z=0 FlatVerts=1662 SlopeVerts=576
[+02:32:36.517] VoxelChunk: GenerateAsync (0,2,2)
[+02:32:36.519] VoxelChunk: GenerateAsync (-1,2,2)
[+02:32:36.522] VoxelMesh: Chunk X=0 Y=0 Z=0 FlatVerts=1722 SlopeVerts=5580
[+02:32:36.523] VoxelChunk: GenerateAsync (2,1,-1)
[+02:32:36.525] VoxelChunk: GenerateAsync (1,1,2)
[+02:32:36.537] VoxelMesh: Chunk X=0 Y=0 Z=0 FlatVerts=1368 SlopeVerts=21186
[+02:32:36.538] VoxelChunk: GenerateAsync (2,0,-1)
[+02:32:36.540] VoxelChunk: GenerateAsync (0,2,-1)
[+02:32:36.543] VoxelChunk: GenerateAsync (2,1,2)
[+02:32:36.546] VoxelMesh: Chunk X=0 Y=0 Z=0 FlatVerts=1476 SlopeVerts=18162
[+02:32:36.548] VoxelChunk: GenerateAsync (1,-2,2)
[+02:32:36.549] VoxelMesh: Chunk X=1 Y=-2 Z=2 FlatVerts=0 SlopeVerts=2304
[+02:32:36.559] VoxelChunk: GenerateAsync (-2,1,1)
[+02:32:36.561] VoxelMesh: Chunk X=-2 Y=1 Z=1 FlatVerts=0 SlopeVerts=0
[+02:32:36.563] VoxelMesh: Chunk X=0 Y=0 Z=0 FlatVerts=1014 SlopeVerts=21234
[+02:32:36.565] VoxelChunk: GenerateAsync (2,-1,1)
[+02:32:36.566] VoxelMesh: Chunk X=2 Y=-1 Z=1 FlatVerts=426 SlopeVerts=1392
[+02:32:36.568] VoxelMesh: Chunk X=0 Y=0 Z=0 FlatVerts=0 SlopeVerts=0
[+02:32:36.568] VoxelChunk: GenerateAsync (-2,-2,1)
[+02:32:36.570] VoxelMesh: Chunk X=-2 Y=-2 Z=1 FlatVerts=924 SlopeVerts=4002
[+02:32:36.573] VoxelMesh: Chunk X=0 Y=0 Z=0 FlatVerts=1254 SlopeVerts=31410
[+02:32:36.575] VoxelChunk: GenerateAsync (1,-2,0)
[+02:32:36.577] VoxelMesh: Chunk X=1 Y=-2 Z=0 FlatVerts=108 SlopeVerts=1014
[+02:32:36.587] VoxelChunk: GenerateAsync (2,1,1)
[+02:32:36.589] VoxelMesh: Chunk X=2 Y=1 Z=1 FlatVerts=1752 SlopeVerts=1596
[+02:32:36.591] VoxelMesh: Chunk X=0 Y=0 Z=0 FlatVerts=504 SlopeVerts=11448
[+02:32:36.592] VoxelChunk: GenerateAsync (2,0,0)
[+02:32:36.593] VoxelMesh: Chunk X=2 Y=0 Z=0 FlatVerts=1776 SlopeVerts=474
[+02:32:36.596] VoxelMesh: Chunk X=0 Y=0 Z=0 FlatVerts=1080 SlopeVerts=17874
[+02:32:36.597] VoxelChunk: GenerateAsync (2,-2,2)
[+02:32:36.600] VoxelChunk: GenerateAsync (-1,0,2)
[+02:32:36.607] VoxelWater: Chunk X=1 Y=0 Z=0 emitted 140 procedural water vertices (Ocean/Pools)
[+02:32:36.607] VoxelWater: Chunk X=1 Y=0 Z=1 emitted 64 procedural water vertices (Ocean/Pools)
[+02:32:36.607] VoxelWater: Chunk X=0 Y=0 Z=1 emitted 8 procedural water vertices (Ocean/Pools)
[+02:32:36.607] VoxelWater: Chunk X=1 Y=-1 Z=1 emitted 36 procedural water vertices (Ocean/Pools)
[+02:32:36.607] VoxelWater: Chunk X=-1 Y=1 Z=0 emitted 60 procedural water vertices (Ocean/Pools)
[+02:32:36.607] VoxelWater: Chunk X=0 Y=1 Z=0 emitted 40 procedural water vertices (Ocean/Pools)
[+02:32:36.607] VoxelWater: Chunk X=0 Y=-1 Z=1 emitted 84 procedural water vertices (Ocean/Pools)
[+02:32:36.607] VoxelWater: Chunk X=0 Y=-1 Z=0 emitted 20 procedural water vertices (Ocean/Pools)
[+02:32:36.608] VoxelWater: Chunk X=-1 Y=0 Z=0 emitted 68 procedural water vertices (Ocean/Pools)
[+02:32:36.608] VoxelWater: Chunk X=-1 Y=-1 Z=1 emitted 84 procedural water vertices (Ocean/Pools)
[+02:32:36.608] VoxelWater: Chunk X=-1 Y=-1 Z=0 emitted 56 procedural water vertices (Ocean/Pools)
[+02:32:36.608] VoxelWater: Chunk X=1 Y=1 Z=0 emitted 36 procedural water vertices (Ocean/Pools)
[+02:32:36.608] VoxelWater: Chunk X=2 Y=-1 Z=0 emitted 12 procedural water vertices (Ocean/Pools)
[+02:32:36.608] VoxelWater: Chunk X=2 Y=0 Z=0 emitted 12 procedural water vertices (Ocean/Pools)
[+02:32:36.608] VoxelWater: Chunk X=2 Y=-1 Z=1 emitted 12 procedural water vertices (Ocean/Pools)
[+02:32:36.608] VoxelWater: Chunk X=-2 Y=-2 Z=1 emitted 108 procedural water vertices (Ocean/Pools)
[+02:32:36.608] VoxelWater: Chunk X=2 Y=1 Z=1 emitted 24 procedural water vertices (Ocean/Pools)
[+02:32:36.612] VoxelChunk: GenerateAsync (4,-26,-4)
[+02:32:36.615] VoxelChunk: GenerateAsync (4,-26,3)
[+02:32:36.615] VoxelMesh: Chunk X=4 Y=-26 Z=3 FlatVerts=0 SlopeVerts=0
[+02:32:36.616] VoxelChunk: GenerateAsync (4,-26,2)
[+02:32:36.618] VoxelMesh: Chunk X=4 Y=-26 Z=2 FlatVerts=60 SlopeVerts=534
[+02:32:36.620] VoxelChunk: GenerateAsync (4,-25,-4)
[+02:32:36.623] VoxelChunk: GenerateAsync (4,-25,3)
[+02:32:36.624] VoxelMesh: Chunk X=4 Y=-25 Z=3 FlatVerts=264 SlopeVerts=3270
[+02:32:36.625] VoxelChunk: GenerateAsync (4,-25,2)
[+02:32:36.626] VoxelMesh: Chunk X=4 Y=-25 Z=2 FlatVerts=12 SlopeVerts=2496
[+02:32:36.629] VoxelChunk: GenerateAsync (4,-24,-4)
[+02:32:36.631] VoxelChunk: GenerateAsync (4,-24,3)
[+02:32:36.632] VoxelMesh: Chunk X=4 Y=-24 Z=3 FlatVerts=642 SlopeVerts=1728
[+02:32:36.633] VoxelChunk: GenerateAsync (4,-24,2)
[+02:32:36.634] VoxelMesh: Chunk X=4 Y=-24 Z=2 FlatVerts=96 SlopeVerts=2466
[+02:32:36.638] VoxelChunk: GenerateAsync (5,-26,-4)
[+02:32:36.640] VoxelChunk: GenerateAsync (5,-26,3)
[+02:32:36.641] VoxelMesh: Chunk X=5 Y=-26 Z=3 FlatVerts=0 SlopeVerts=0
[+02:32:36.642] VoxelChunk: GenerateAsync (5,-26,2)
[+02:32:36.643] VoxelMesh: Chunk X=5 Y=-26 Z=2 FlatVerts=0 SlopeVerts=486
[+02:32:36.646] VoxelChunk: GenerateAsync (5,-25,-4)
[+02:32:36.649] VoxelChunk: GenerateAsync (5,-25,3)
[+02:32:36.650] VoxelMesh: Chunk X=5 Y=-25 Z=3 FlatVerts=600 SlopeVerts=1512
[+02:32:36.651] VoxelChunk: GenerateAsync (5,-25,2)
[+02:32:36.652] VoxelMesh: Chunk X=5 Y=-25 Z=2 FlatVerts=42 SlopeVerts=2508
[+02:32:36.654] VoxelChunk: GenerateAsync (5,-24,-4)
[+02:32:36.656] VoxelChunk: GenerateAsync (5,-24,3)
[+02:32:36.658] VoxelMesh: Chunk X=5 Y=-24 Z=3 FlatVerts=0 SlopeVerts=96
[+02:32:36.659] VoxelChunk: GenerateAsync (5,-24,2)
[+02:32:36.660] VoxelMesh: Chunk X=5 Y=-24 Z=2 FlatVerts=156 SlopeVerts=2424
[+02:32:36.663] VoxelChunk: GenerateAsync (6,-26,-4)
[+02:32:36.667] VoxelChunk: GenerateAsync (6,-26,3)
[+02:32:36.668] VoxelMesh: Chunk X=6 Y=-26 Z=3 FlatVerts=0 SlopeVerts=1008
[+02:32:36.669] VoxelChunk: GenerateAsync (6,-26,2)
[+02:32:36.670] VoxelMesh: Chunk X=6 Y=-26 Z=2 FlatVerts=0 SlopeVerts=2274
[+02:32:36.673] VoxelChunk: GenerateAsync (6,-25,-4)
[+02:32:36.676] VoxelChunk: GenerateAsync (6,-25,3)
[+02:32:36.677] VoxelMesh: Chunk X=6 Y=-25 Z=3 FlatVerts=258 SlopeVerts=2526
[+02:32:36.678] VoxelChunk: GenerateAsync (6,-25,2)
[+02:32:36.679] VoxelMesh: Chunk X=6 Y=-25 Z=2 FlatVerts=0 SlopeVerts=24
[+02:32:36.683] VoxelChunk: GenerateAsync (6,-24,-4)
[+02:32:36.686] VoxelChunk: GenerateAsync (6,-24,3)
[+02:32:36.687] VoxelMesh: Chunk X=6 Y=-24 Z=3 FlatVerts=0 SlopeVerts=2334
[+02:32:36.688] VoxelChunk: GenerateAsync (6,-24,2)
[+02:32:36.688] VoxelMesh: Chunk X=6 Y=-24 Z=2 FlatVerts=0 SlopeVerts=2718
[+02:32:36.719] VoxelChunk: GenerateAsync (-2,0,-1)
[+02:32:36.721] VoxelChunk: GenerateAsync (-2,2,0)
[+02:32:36.723] VoxelMesh: Chunk X=-2 Y=2 Z=0 FlatVerts=822 SlopeVerts=990
[+02:32:36.724] VoxelMesh: Chunk X=0 Y=0 Z=0 FlatVerts=840 SlopeVerts=11034
[+02:32:36.725] VoxelChunk: GenerateAsync (2,-1,2)
[+02:32:36.729] VoxelMesh: Chunk X=0 Y=0 Z=0 FlatVerts=1014 SlopeVerts=17064
[+02:32:36.730] VoxelChunk: GenerateAsync (-1,-2,-1)
[+02:32:36.743] VoxelMesh: Chunk X=0 Y=0 Z=0 FlatVerts=408 SlopeVerts=4632
[+02:32:36.744] VoxelChunk: GenerateAsync (-1,-2,1)
[+02:32:36.745] VoxelMesh: Chunk X=-1 Y=-2 Z=1 FlatVerts=486 SlopeVerts=3654
[+02:32:36.746] VoxelChunk: GenerateAsync (-2,1,0)
[+02:32:36.748] VoxelMesh: Chunk X=-2 Y=1 Z=0 FlatVerts=2262 SlopeVerts=156
[+02:32:36.751] VoxelMesh: Chunk X=0 Y=0 Z=0 FlatVerts=1086 SlopeVerts=32082
[+02:32:36.753] VoxelChunk: GenerateAsync (2,-2,0)
[+02:32:36.755] VoxelMesh: Chunk X=2 Y=-2 Z=0 FlatVerts=570 SlopeVerts=954
[+02:32:36.756] VoxelMesh: Chunk X=0 Y=0 Z=0 FlatVerts=168 SlopeVerts=2700
[+02:32:36.757] VoxelChunk: GenerateAsync (2,0,1)
[+02:32:36.758] VoxelMesh: Chunk X=2 Y=0 Z=1 FlatVerts=480 SlopeVerts=1236
[+02:32:36.769] VoxelChunk: GenerateAsync (4,-26,3)
[+02:32:36.769] VoxelChunk: GenerateAsync (4,-26,2)
[+02:32:36.769] VoxelChunk: GenerateAsync (4,-25,3)
[+02:32:36.769] VoxelChunk: GenerateAsync (4,-25,2)
[+02:32:36.769] VoxelChunk: GenerateAsync (4,-24,3)
[+02:32:36.769] VoxelChunk: GenerateAsync (4,-24,2)
[+02:32:36.769] VoxelChunk: GenerateAsync (5,-26,3)
[+02:32:36.769] VoxelChunk: GenerateAsync (5,-26,2)
[+02:32:36.769] VoxelChunk: GenerateAsync (5,-25,3)
[+02:32:36.769] VoxelChunk: GenerateAsync (5,-25,2)
[+02:32:36.769] VoxelChunk: GenerateAsync (5,-24,3)
[+02:32:36.769] VoxelChunk: GenerateAsync (5,-24,2)
[+02:32:36.769] VoxelChunk: GenerateAsync (6,-26,3)
[+02:32:36.769] VoxelChunk: GenerateAsync (6,-26,2)
[+02:32:36.769] VoxelChunk: GenerateAsync (6,-25,3)
[+02:32:36.769] VoxelChunk: GenerateAsync (6,-25,2)
[+02:32:36.769] VoxelChunk: GenerateAsync (6,-24,3)
[+02:32:36.769] VoxelChunk: GenerateAsync (6,-24,2)
[+02:32:36.769] VoxelMesh: Chunk X=4 Y=-26 Z=3 FlatVerts=0 SlopeVerts=0
[+02:32:36.769] VoxelMesh: Chunk X=4 Y=-26 Z=2 FlatVerts=24 SlopeVerts=132
[+02:32:36.771] VoxelMesh: Chunk X=5 Y=-26 Z=2 FlatVerts=0 SlopeVerts=102
[+02:32:36.771] VoxelMesh: Chunk X=5 Y=-26 Z=3 FlatVerts=0 SlopeVerts=0
[+02:32:36.771] VoxelMesh: Chunk X=4 Y=-25 Z=3 FlatVerts=48 SlopeVerts=804
[+02:32:36.771] VoxelMesh: Chunk X=4 Y=-24 Z=3 FlatVerts=162 SlopeVerts=474
[+02:32:36.771] VoxelMesh: Chunk X=4 Y=-25 Z=2 FlatVerts=0 SlopeVerts=606
[+02:32:36.771] VoxelMesh: Chunk X=4 Y=-24 Z=2 FlatVerts=18 SlopeVerts=558
[+02:32:36.771] VoxelMesh: Chunk X=5 Y=-25 Z=3 FlatVerts=138 SlopeVerts=396
[+02:32:36.771] VoxelMesh: Chunk X=5 Y=-25 Z=2 FlatVerts=6 SlopeVerts=636
[+02:32:36.772] VoxelMesh: Chunk X=5 Y=-24 Z=3 FlatVerts=0 SlopeVerts=24
[+02:32:36.772] VoxelMesh: Chunk X=5 Y=-24 Z=2 FlatVerts=66 SlopeVerts=606
[+02:32:36.772] VoxelMesh: Chunk X=6 Y=-26 Z=3 FlatVerts=0 SlopeVerts=216
[+02:32:36.772] VoxelMesh: Chunk X=2 Y=0 Z=1 FlatVerts=36 SlopeVerts=84
[+02:32:36.772] VoxelMesh: Chunk X=6 Y=-26 Z=2 FlatVerts=0 SlopeVerts=576
[+02:32:36.772] VoxelMesh: Chunk X=6 Y=-25 Z=3 FlatVerts=60 SlopeVerts=648
[+02:32:36.772] VoxelMesh: Chunk X=6 Y=-24 Z=3 FlatVerts=0 SlopeVerts=606
[+02:32:36.772] VoxelChunk: GenerateAsync (2,-1,-1)
[+02:32:36.772] VoxelMesh: Chunk X=6 Y=-25 Z=2 FlatVerts=0 SlopeVerts=6
[+02:32:36.772] VoxelMesh: Chunk X=6 Y=-24 Z=2 FlatVerts=0 SlopeVerts=678
[+02:32:36.773] VoxelMesh: Chunk X=2 Y=-2 Z=0 FlatVerts=0 SlopeVerts=0
[+02:32:36.773] VoxelChunk: GenerateAsync (-1,2,-1)
[+02:32:36.774] VoxelMesh: Chunk X=-2 Y=1 Z=0 FlatVerts=726 SlopeVerts=696
[+02:32:36.774] VoxelChunk: GenerateAsync (2,-2,-1)
[+02:32:36.775] VoxelChunk: GenerateAsync (-2,-2,2)
[+02:32:36.778] VoxelMesh: Chunk X=-2 Y=-2 Z=2 FlatVerts=84 SlopeVerts=192
[+02:32:36.785] VoxelChunk: GenerateAsync (2,1,0)
[+02:32:36.786] VoxelChunk: GenerateAsync (0,-1,2)
[+02:32:36.788] VoxelMesh: Chunk X=2 Y=1 Z=0 FlatVerts=1446 SlopeVerts=534
[+02:32:36.788] VoxelChunk: GenerateAsync (0,0,2)
[+02:32:36.788] VoxelChunk: GenerateAsync (-1,1,2)
[+02:32:36.789] VoxelMesh: Chunk X=0 Y=-1 Z=2 FlatVerts=162 SlopeVerts=3006
[+02:32:36.789] VoxelMesh: Chunk X=0 Y=0 Z=2 FlatVerts=0 SlopeVerts=66
[+02:32:36.796] VoxelChunk: GenerateAsync (-2,2,1)
[+02:32:36.797] VoxelChunk: GenerateAsync (-1,2,1)
[+02:32:36.798] VoxelMesh: Chunk X=-1 Y=2 Z=1 FlatVerts=234 SlopeVerts=810
[+02:32:36.798] VoxelMesh: Chunk X=-2 Y=2 Z=1 FlatVerts=954 SlopeVerts=2118
[+02:32:36.798] VoxelChunk: GenerateAsync (1,-2,1)
[+02:32:36.799] VoxelChunk: GenerateAsync (-2,-1,1)
[+02:32:36.799] VoxelMesh: Chunk X=1 Y=-2 Z=1 FlatVerts=24 SlopeVerts=2124
[+02:32:36.800] VoxelMesh: Chunk X=-2 Y=-1 Z=1 FlatVerts=990 SlopeVerts=804
[+02:32:36.803] VoxelWater: Chunk X=-1 Y=2 Z=1 emitted 8 procedural water vertices (Ocean/Pools)
[+02:32:36.803] VoxelWater: Chunk X=4 Y=-25 Z=2 emitted 56 procedural water vertices (Ocean/Pools)
[+02:32:36.803] VoxelWater: Chunk X=4 Y=-25 Z=3 emitted 48 procedural water vertices (Ocean/Pools)
[+02:32:36.803] VoxelWater: Chunk X=4 Y=-26 Z=2 emitted 4 procedural water vertices (Ocean/Pools)
[+02:32:36.803] VoxelWater: Chunk X=4 Y=-24 Z=3 emitted 36 procedural water vertices (Ocean/Pools)
[+02:32:36.803] VoxelWater: Chunk X=4 Y=-24 Z=2 emitted 40 procedural water vertices (Ocean/Pools)
[+02:32:36.803] VoxelWater: Chunk X=5 Y=-25 Z=2 emitted 12 procedural water vertices (Ocean/Pools)
[+02:32:36.803] VoxelWater: Chunk X=5 Y=-25 Z=3 emitted 112 procedural water vertices (Ocean/Pools)
[+02:32:36.803] VoxelWater: Chunk X=5 Y=-24 Z=2 emitted 12 procedural water vertices (Ocean/Pools)
[+02:32:36.803] VoxelWater: Chunk X=5 Y=-24 Z=3 emitted 20 procedural water vertices (Ocean/Pools)
[+02:32:36.803] VoxelWater: Chunk X=6 Y=-24 Z=3 emitted 76 procedural water vertices (Ocean/Pools)
[+02:32:36.803] VoxelWater: Chunk X=6 Y=-26 Z=3 emitted 16 procedural water vertices (Ocean/Pools)
[+02:32:36.803] VoxelWater: Chunk X=6 Y=-25 Z=3 emitted 96 procedural water vertices (Ocean/Pools)
[+02:32:36.803] VoxelWater: Chunk X=6 Y=-26 Z=2 emitted 36 procedural water vertices (Ocean/Pools)
[+02:32:36.803] VoxelWater: Chunk X=6 Y=-24 Z=2 emitted 52 procedural water vertices (Ocean/Pools)
[+02:32:36.803] VoxelWater: Chunk X=0 Y=-1 Z=2 emitted 44 procedural water vertices (Ocean/Pools)
[+02:32:36.803] VoxelWater: Chunk X=-2 Y=-2 Z=2 emitted 20 procedural water vertices (Ocean/Pools)
[+02:32:36.810] VoxelChunk: GenerateAsync (-2,2,2)
[+02:32:36.810] VoxelChunk: GenerateAsync (-2,-1,0)
[+02:32:36.811] VoxelChunk: GenerateAsync (-2,-1,-1)
[+02:32:36.812] VoxelChunk: GenerateAsync (1,2,1)
[+02:32:36.812] VoxelMesh: Chunk X=-2 Y=-1 Z=0 FlatVerts=1380 SlopeVerts=570
[+02:32:36.813] VoxelMesh: Chunk X=1 Y=2 Z=1 FlatVerts=1752 SlopeVerts=1398
[+02:32:36.820] VoxelMesh: Chunk X=1 Y=-2 Z=2 FlatVerts=210 SlopeVerts=48
[+02:32:36.820] VoxelChunk: GenerateAsync (0,-2,1)
[+02:32:36.821] VoxelChunk: GenerateAsync (2,-2,1)
[+02:32:36.822] VoxelChunk: GenerateAsync (-2,-2,0)
[+02:32:36.822] VoxelMesh: Chunk X=0 Y=-2 Z=1 FlatVerts=0 SlopeVerts=18
[+02:32:36.823] VoxelMesh: Chunk X=2 Y=-2 Z=1 FlatVerts=1344 SlopeVerts=2352
[+02:32:36.823] VoxelMesh: Chunk X=2 Y=0 Z=-1 FlatVerts=0 SlopeVerts=456
[+02:32:36.824] VoxelMesh: Chunk X=-2 Y=-2 Z=0 FlatVerts=66 SlopeVerts=180
[+02:32:36.824] VoxelChunk: GenerateAsync (0,-2,-1)
[+02:32:36.832] VoxelChunk: GenerateAsync (-2,0,1)
[+02:32:36.833] VoxelChunk: GenerateAsync (-1,2,0)
[+02:32:36.833] VoxelMesh: Chunk X=-2 Y=0 Z=1 FlatVerts=744 SlopeVerts=1092
[+02:32:36.833] VoxelMesh: Chunk X=-1 Y=2 Z=0 FlatVerts=1692 SlopeVerts=672
[+02:32:36.833] VoxelChunk: GenerateAsync (2,0,2)
[+02:32:36.834] VoxelChunk: GenerateAsync (-2,1,2)
[+02:32:36.841] VoxelChunk: GenerateAsync (1,2,2)
[+02:32:36.842] VoxelChunk: GenerateAsync (0,2,1)
[+02:32:36.843] VoxelChunk: GenerateAsync (-2,0,0)
[+02:32:36.843] VoxelMesh: Chunk X=0 Y=2 Z=1 FlatVerts=378 SlopeVerts=654
[+02:32:36.843] VoxelChunk: GenerateAsync (-2,1,-1)
[+02:32:36.843] VoxelMesh: Chunk X=-2 Y=0 Z=0 FlatVerts=642 SlopeVerts=1698
[+02:32:36.851] VoxelMesh: Chunk X=-2 Y=-2 Z=-2 FlatVerts=270 SlopeVerts=240
[+02:32:36.851] VoxelChunk: GenerateAsync (1,2,-1)
[+02:32:36.852] VoxelMesh: Chunk X=1 Y=-2 Z=-2 FlatVerts=2280 SlopeVerts=372
[+02:32:36.852] VoxelChunk: GenerateAsync (2,2,-1)
[+02:32:36.853] VoxelChunk: GenerateAsync (-1,-2,2)
[+02:32:36.855] VoxelChunk: GenerateAsync (0,-2,2)
[+02:32:36.856] VoxelMesh: Chunk X=-1 Y=-2 Z=2 FlatVerts=0 SlopeVerts=2208
[+02:32:36.856] VoxelMesh: Chunk X=0 Y=-2 Z=2 FlatVerts=0 SlopeVerts=1218
[+02:32:36.862] VoxelChunk: GenerateAsync (-2,-1,2)
[+02:32:36.863] VoxelChunk: GenerateAsync (-1,-1,2)
[+02:32:36.863] VoxelMesh: Chunk X=-1 Y=-1 Z=2 FlatVerts=0 SlopeVerts=0
[+02:32:36.863] VoxelChunk: GenerateAsync (1,-1,2)
[+02:32:36.864] VoxelChunk: GenerateAsync (-2,0,2)
[+02:32:36.864] VoxelMesh: Chunk X=1 Y=-1 Z=2 FlatVerts=222 SlopeVerts=2208
[+02:32:36.871] VoxelChunk: GenerateAsync (1,0,2)
[+02:32:36.872] VoxelChunk: GenerateAsync (2,2,0)
[+02:32:36.872] VoxelMesh: Chunk X=1 Y=0 Z=2 FlatVerts=0 SlopeVerts=66
[+02:32:36.872] VoxelChunk: GenerateAsync (0,1,2)
[+02:32:36.873] VoxelMesh: Chunk X=2 Y=2 Z=0 FlatVerts=0 SlopeVerts=0
[+02:32:36.873] VoxelMesh: Chunk X=1 Y=1 Z=-2 FlatVerts=0 SlopeVerts=2172
[+02:32:36.874] VoxelChunk: GenerateAsync (1,-2,-1)
[+02:32:36.881] VoxelMesh: Chunk X=0 Y=-2 Z=-2 FlatVerts=336 SlopeVerts=540
[+02:32:36.882] VoxelChunk: GenerateAsync (-2,2,-1)
[+02:32:36.882] VoxelChunk: GenerateAsync (2,2,2)
[+02:32:36.883] VoxelChunk: GenerateAsync (2,2,1)
[+02:32:36.884] VoxelMesh: Chunk X=-1 Y=1 Z=-2 FlatVerts=372 SlopeVerts=1566
[+02:32:36.885] VoxelMesh: Chunk X=2 Y=2 Z=1 FlatVerts=3222 SlopeVerts=684
[+02:32:36.885] VoxelChunk: GenerateAsync (-2,-2,-1)
[+02:32:36.895] VoxelChunk: GenerateAsync (0,2,0)
[+02:32:36.895] VoxelChunk: GenerateAsync (1,2,0)
[+02:32:36.896] VoxelMesh: Chunk X=0 Y=2 Z=0 FlatVerts=1848 SlopeVerts=552
[+02:32:36.896] VoxelMesh: Chunk X=2 Y=-2 Z=-2 FlatVerts=0 SlopeVerts=870
[+02:32:36.896] VoxelChunk: GenerateAsync (-1,-2,0)
[+02:32:36.896] VoxelMesh: Chunk X=1 Y=2 Z=0 FlatVerts=1434 SlopeVerts=522
[+02:32:36.898] VoxelMesh: Chunk X=0 Y=-1 Z=-2 FlatVerts=894 SlopeVerts=2922
[+02:32:36.898] VoxelMesh: Chunk X=-1 Y=-2 Z=0 FlatVerts=102 SlopeVerts=216
[+02:32:36.899] VoxelChunk: GenerateAsync (0,-2,0)
[+02:32:36.906] VoxelChunk: GenerateAsync (-3,2,1)
[+02:32:36.907] VoxelMesh: Chunk X=0 Y=0 Z=-2 FlatVerts=30 SlopeVerts=570
[+02:32:36.907] VoxelMesh: Chunk X=-3 Y=2 Z=1 FlatVerts=2310 SlopeVerts=1530
[+02:32:36.907] VoxelChunk: GenerateAsync (-3,0,0)
[+02:32:36.909] VoxelChunk: GenerateAsync (3,2,1)
[+02:32:36.909] VoxelMesh: Chunk X=-3 Y=0 Z=0 FlatVerts=48 SlopeVerts=306
[+02:32:36.909] VoxelChunk: GenerateAsync (-3,3,1)
[+02:32:36.910] VoxelMesh: Chunk X=3 Y=2 Z=1 FlatVerts=1584 SlopeVerts=648
[+02:32:36.910] VoxelMesh: Chunk X=-3 Y=3 Z=1 FlatVerts=2634 SlopeVerts=24
[+02:32:36.918] VoxelMesh: Chunk X=1 Y=1 Z=-1 FlatVerts=2424 SlopeVerts=888
[+02:32:36.919] VoxelChunk: GenerateAsync (3,-1,-1)
[+02:32:36.920] VoxelMesh: Chunk X=-1 Y=1 Z=-1 FlatVerts=18 SlopeVerts=0
[+02:32:36.920] VoxelChunk: GenerateAsync (3,1,-2)
[+02:32:36.921] VoxelChunk: GenerateAsync (1,3,1)
[+02:32:36.923] VoxelMesh: Chunk X=1 Y=1 Z=0 FlatVerts=198 SlopeVerts=1548
[+02:32:36.923] VoxelChunk: GenerateAsync (-2,-3,-2)
[+02:32:36.923] VoxelMesh: Chunk X=1 Y=3 Z=1 FlatVerts=3066 SlopeVerts=228
[+02:32:36.931] VoxelChunk: GenerateAsync (3,3,1)
[+02:32:36.932] VoxelChunk: GenerateAsync (-3,-3,2)
[+02:32:36.932] VoxelMesh: Chunk X=-1 Y=-1 Z=1 FlatVerts=0 SlopeVerts=0
[+02:32:36.932] VoxelChunk: GenerateAsync (-2,-3,2)
[+02:32:36.932] VoxelMesh: Chunk X=-3 Y=-3 Z=2 FlatVerts=204 SlopeVerts=954
[+02:32:36.933] VoxelMesh: Chunk X=3 Y=3 Z=1 FlatVerts=966 SlopeVerts=1248
[+02:32:36.933] VoxelMesh: Chunk X=-2 Y=-3 Z=2 FlatVerts=0 SlopeVerts=618
[+02:32:36.933] VoxelChunk: GenerateAsync (3,0,0)
[+02:32:36.939] VoxelMesh: Chunk X=-1 Y=0 Z=0 FlatVerts=108 SlopeVerts=636
[+02:32:36.939] VoxelChunk: GenerateAsync (-3,0,-1)
[+02:32:36.940] VoxelMesh: Chunk X=0 Y=-1 Z=0 FlatVerts=0 SlopeVerts=6
[+02:32:36.940] VoxelChunk: GenerateAsync (-3,1,0)
[+02:32:36.941] VoxelMesh: Chunk X=-3 Y=1 Z=0 FlatVerts=54 SlopeVerts=402
[+02:32:36.941] VoxelChunk: GenerateAsync (1,-3,2)
[+02:32:36.941] VoxelChunk: GenerateAsync (2,-3,2)
[+02:32:36.942] VoxelMesh: Chunk X=2 Y=-3 Z=2 FlatVerts=246 SlopeVerts=270
[+02:32:36.942] VoxelMesh: Chunk X=1 Y=-3 Z=2 FlatVerts=0 SlopeVerts=3270
[+02:32:36.948] VoxelMesh: Chunk X=-1 Y=0 Z=-1 FlatVerts=162 SlopeVerts=3264
[+02:32:36.948] VoxelChunk: GenerateAsync (-3,1,-2)
[+02:32:36.949] VoxelMesh: Chunk X=0 Y=1 Z=-1 FlatVerts=24 SlopeVerts=0
[+02:32:36.949] VoxelChunk: GenerateAsync (3,0,-2)
[+02:32:36.951] VoxelMesh: Chunk X=0 Y=1 Z=0 FlatVerts=600 SlopeVerts=360
[+02:32:36.951] VoxelChunk: GenerateAsync (3,2,-1)
[+02:32:36.952] VoxelMesh: Chunk X=-1 Y=1 Z=0 FlatVerts=168 SlopeVerts=522
[+02:32:36.952] VoxelChunk: GenerateAsync (-3,0,-2)
[+02:32:36.958] VoxelChunk: GenerateAsync (3,-2,2)
[+02:32:36.958] VoxelMesh: Chunk X=0 Y=0 Z=1 FlatVerts=516 SlopeVerts=0
[+02:32:36.958] VoxelChunk: GenerateAsync (-3,3,-1)
[+02:32:36.959] VoxelMesh: Chunk X=1 Y=0 Z=1 FlatVerts=0 SlopeVerts=0
[+02:32:36.959] VoxelChunk: GenerateAsync (3,1,0)
[+02:32:36.959] VoxelChunk: GenerateAsync (-3,2,0)
[+02:32:36.959] VoxelMesh: Chunk X=-3 Y=2 Z=0 FlatVerts=0 SlopeVerts=18
[+02:32:36.966] VoxelMesh: Chunk X=0 Y=1 Z=1 FlatVerts=534 SlopeVerts=84
[+02:32:36.967] VoxelChunk: GenerateAsync (-2,3,-1)
[+02:32:36.967] VoxelMesh: Chunk X=1 Y=1 Z=1 FlatVerts=198 SlopeVerts=6
[+02:32:36.967] VoxelChunk: GenerateAsync (3,3,-2)
[+02:32:36.968] VoxelMesh: Chunk X=0 Y=-1 Z=-1 FlatVerts=1668 SlopeVerts=312
[+02:32:36.969] VoxelChunk: GenerateAsync (3,-2,-1)
[+02:32:36.969] VoxelChunk: GenerateAsync (-3,0,2)
[+02:32:36.970] VoxelMesh: Chunk X=-3 Y=0 Z=2 FlatVerts=30 SlopeVerts=528
[+02:32:36.975] VoxelChunk: GenerateAsync (-1,3,-1)
[+02:32:36.978] VoxelMesh: Chunk X=0 Y=0 Z=0 FlatVerts=840 SlopeVerts=2820
[+02:32:36.978] VoxelChunk: GenerateAsync (0,3,-1)
[+02:32:36.982] VoxelMesh: Chunk X=0 Y=0 Z=0 FlatVerts=11904 SlopeVerts=4194
[+02:32:36.985] VoxelChunk: GenerateAsync (2,3,-2)
[+02:32:36.988] VoxelMesh: Chunk X=0 Y=0 Z=0 FlatVerts=246 SlopeVerts=1182
[+02:32:36.989] VoxelChunk: GenerateAsync (3,0,2)
[+02:32:36.990] VoxelMesh: Chunk X=3 Y=0 Z=2 FlatVerts=84 SlopeVerts=0
[+02:32:36.998] VoxelChunk: GenerateAsync (3,2,0)
[+02:32:37.001] VoxelMesh: Chunk X=0 Y=0 Z=0 FlatVerts=3252 SlopeVerts=5076
[+02:32:37.002] VoxelChunk: GenerateAsync (1,3,-1)
[+02:32:37.006] VoxelMesh: Chunk X=0 Y=0 Z=0 FlatVerts=90 SlopeVerts=3360
[+02:32:37.007] VoxelChunk: GenerateAsync (-3,3,0)
[+02:32:37.009] VoxelChunk: GenerateAsync (-2,3,0)
[+02:32:37.019] VoxelWater: Chunk X=1 Y=-3 Z=2 emitted 48 procedural water vertices (Ocean/Pools)
[+02:32:37.019] VoxelWater: Chunk X=3 Y=3 Z=1 emitted 16 procedural water vertices (Ocean/Pools)
[+02:32:37.019] VoxelWater: Chunk X=1 Y=3 Z=1 emitted 56 procedural water vertices (Ocean/Pools)
[+02:32:37.019] VoxelWater: Chunk X=-3 Y=3 Z=1 emitted 44 procedural water vertices (Ocean/Pools)
[+02:32:37.019] VoxelWater: Chunk X=3 Y=2 Z=1 emitted 28 procedural water vertices (Ocean/Pools)
[+02:32:37.019] VoxelWater: Chunk X=-3 Y=0 Z=0 emitted 8 procedural water vertices (Ocean/Pools)
[+02:32:37.019] VoxelWater: Chunk X=-3 Y=1 Z=0 emitted 4 procedural water vertices (Ocean/Pools)
[+02:32:37.019] VoxelWater: Chunk X=-2 Y=2 Z=1 emitted 8 procedural water vertices (Ocean/Pools)
[+02:32:37.019] VoxelWater: Chunk X=-3 Y=2 Z=1 emitted 28 procedural water vertices (Ocean/Pools)
[+02:32:37.019] VoxelWater: Chunk X=0 Y=2 Z=0 emitted 20 procedural water vertices (Ocean/Pools)
[+02:32:37.019] VoxelWater: Chunk X=1 Y=2 Z=0 emitted 8 procedural water vertices (Ocean/Pools)
[+02:32:37.019] VoxelWater: Chunk X=-1 Y=2 Z=0 emitted 20 procedural water vertices (Ocean/Pools)
[+02:32:37.019] VoxelWater: Chunk X=2 Y=2 Z=1 emitted 40 procedural water vertices (Ocean/Pools)
[+02:32:37.019] VoxelWater: Chunk X=1 Y=-1 Z=2 emitted 36 procedural water vertices (Ocean/Pools)
[+02:32:37.019] VoxelWater: Chunk X=0 Y=-2 Z=2 emitted 12 procedural water vertices (Ocean/Pools)
[+02:32:37.019] VoxelWater: Chunk X=-1 Y=-2 Z=2 emitted 24 procedural water vertices (Ocean/Pools)
[+02:32:37.019] VoxelWater: Chunk X=-2 Y=0 Z=0 emitted 72 procedural water vertices (Ocean/Pools)
[+02:32:37.019] VoxelWater: Chunk X=-2 Y=-1 Z=0 emitted 20 procedural water vertices (Ocean/Pools)
[+02:32:37.019] VoxelWater: Chunk X=0 Y=2 Z=1 emitted 20 procedural water vertices (Ocean/Pools)
[+02:32:37.019] VoxelWater: Chunk X=-2 Y=0 Z=1 emitted 24 procedural water vertices (Ocean/Pools)
[+02:32:37.019] VoxelWater: Chunk X=-2 Y=-2 Z=0 emitted 16 procedural water vertices (Ocean/Pools)
[+02:32:37.019] VoxelWater: Chunk X=2 Y=-2 Z=1 emitted 40 procedural water vertices (Ocean/Pools)
[+02:32:37.019] VoxelWater: Chunk X=1 Y=2 Z=1 emitted 36 procedural water vertices (Ocean/Pools)
[+02:32:37.019] VoxelWater: Chunk X=-2 Y=-1 Z=1 emitted 28 procedural water vertices (Ocean/Pools)
[+02:32:37.020] VoxelWater: Chunk X=-1 Y=2 Z=1 emitted 12 procedural water vertices (Ocean/Pools)
[+02:32:37.020] VoxelWater: Chunk X=4 Y=-26 Z=2 emitted 4 procedural water vertices (Ocean/Pools)
[+02:32:37.020] VoxelWater: Chunk X=4 Y=-25 Z=2 emitted 68 procedural water vertices (Ocean/Pools)
[+02:32:37.020] VoxelWater: Chunk X=4 Y=-25 Z=3 emitted 52 procedural water vertices (Ocean/Pools)
[+02:32:37.020] VoxelWater: Chunk X=4 Y=-24 Z=3 emitted 40 procedural water vertices (Ocean/Pools)
[+02:32:37.020] VoxelWater: Chunk X=4 Y=-24 Z=2 emitted 48 procedural water vertices (Ocean/Pools)
[+02:32:37.020] VoxelWater: Chunk X=5 Y=-25 Z=2 emitted 24 procedural water vertices (Ocean/Pools)
[+02:32:37.020] VoxelWater: Chunk X=5 Y=-25 Z=3 emitted 112 procedural water vertices (Ocean/Pools)
[+02:32:37.020] VoxelWater: Chunk X=5 Y=-24 Z=2 emitted 20 procedural water vertices (Ocean/Pools)
[+02:32:37.020] VoxelWater: Chunk X=5 Y=-24 Z=3 emitted 20 procedural water vertices (Ocean/Pools)
[+02:32:37.020] VoxelWater: Chunk X=6 Y=-24 Z=3 emitted 84 procedural water vertices (Ocean/Pools)
[+02:32:37.020] VoxelWater: Chunk X=6 Y=-26 Z=3 emitted 16 procedural water vertices (Ocean/Pools)
[+02:32:37.020] VoxelWater: Chunk X=6 Y=-25 Z=3 emitted 96 procedural water vertices (Ocean/Pools)
[+02:32:37.020] VoxelWater: Chunk X=6 Y=-26 Z=2 emitted 36 procedural water vertices (Ocean/Pools)
[+02:32:37.020] VoxelWater: Chunk X=6 Y=-24 Z=2 emitted 60 procedural water vertices (Ocean/Pools)
[+02:32:37.020] VoxelWater: Chunk X=0 Y=-1 Z=2 emitted 52 procedural water vertices (Ocean/Pools)
[+02:32:37.020] VoxelWater: Chunk X=-2 Y=-2 Z=2 emitted 20 procedural water vertices (Ocean/Pools)
[+02:32:37.029] VoxelMesh: Chunk X=0 Y=0 Z=0 FlatVerts=8316 SlopeVerts=3720
[+02:32:37.031] VoxelChunk: GenerateAsync (2,3,-1)
[+02:32:37.035] VoxelMesh: Chunk X=0 Y=0 Z=0 FlatVerts=10524 SlopeVerts=6750
[+02:32:37.037] VoxelChunk: GenerateAsync (1,3,-2)
[+02:32:37.041] VoxelMesh: Chunk X=0 Y=0 Z=0 FlatVerts=0 SlopeVerts=24
[+02:32:37.042] VoxelChunk: GenerateAsync (-3,-1,-1)
[+02:32:37.044] VoxelChunk: GenerateAsync (-1,3,0)
[+02:32:37.062] VoxelMesh: Chunk X=0 Y=0 Z=0 FlatVerts=10602 SlopeVerts=1128
[+02:32:37.063] VoxelChunk: GenerateAsync (3,3,-1)
[+02:32:37.070] VoxelMesh: Chunk X=0 Y=0 Z=0 FlatVerts=1038 SlopeVerts=12528
[+02:32:37.071] VoxelChunk: GenerateAsync (2,-3,-1)
[+02:32:37.074] VoxelMesh: Chunk X=0 Y=0 Z=0 FlatVerts=0 SlopeVerts=0
[+02:32:37.075] VoxelChunk: GenerateAsync (2,3,0)
[+02:32:37.077] VoxelChunk: GenerateAsync (-3,-3,0)
[+02:32:37.086] VoxelChunk: GenerateAsync (3,3,0)
[+02:32:37.089] VoxelChunk: GenerateAsync (-3,-3,1)
[+02:32:37.091] VoxelMesh: Chunk X=-3 Y=-3 Z=1 FlatVerts=288 SlopeVerts=294
[+02:32:37.092] VoxelMesh: Chunk X=0 Y=0 Z=0 FlatVerts=738 SlopeVerts=5430
[+02:32:37.092] VoxelChunk: GenerateAsync (-2,-3,0)
[+02:32:37.094] VoxelMesh: Chunk X=-2 Y=-3 Z=0 FlatVerts=6 SlopeVerts=36
[+02:32:37.096] VoxelMesh: Chunk X=0 Y=0 Z=0 FlatVerts=0 SlopeVerts=0
[+02:32:37.096] VoxelChunk: GenerateAsync (-2,-3,1)
[+02:32:37.097] VoxelMesh: Chunk X=-2 Y=-3 Z=1 FlatVerts=642 SlopeVerts=3000
[+02:32:37.108] VoxelMesh: Chunk X=0 Y=0 Z=0 FlatVerts=894 SlopeVerts=8376
[+02:32:37.109] VoxelChunk: GenerateAsync (-1,-3,1)
[+02:32:37.111] VoxelMesh: Chunk X=-1 Y=-3 Z=1 FlatVerts=0 SlopeVerts=198
[+02:32:37.114] VoxelMesh: Chunk X=0 Y=0 Z=0 FlatVerts=1926 SlopeVerts=24354
[+02:32:37.116] VoxelChunk: GenerateAsync (-1,-3,0)
[+02:32:37.120] VoxelMesh: Chunk X=0 Y=0 Z=0 FlatVerts=3642 SlopeVerts=16962
[+02:32:37.122] VoxelChunk: GenerateAsync (3,0,-1)
[+02:32:37.128] VoxelMesh: Chunk X=0 Y=0 Z=0 FlatVerts=1182 SlopeVerts=16104
[+02:32:37.130] VoxelChunk: GenerateAsync (3,-3,-1)
[+02:32:37.143] VoxelMesh: Chunk X=0 Y=0 Z=0 FlatVerts=1698 SlopeVerts=20250
[+02:32:37.145] VoxelChunk: GenerateAsync (0,-3,1)
[+02:32:37.151] VoxelMesh: Chunk X=0 Y=0 Z=0 FlatVerts=1554 SlopeVerts=34428
[+02:32:37.153] VoxelChunk: GenerateAsync (1,-3,1)
[+02:32:37.155] VoxelMesh: Chunk X=1 Y=-3 Z=1 FlatVerts=6 SlopeVerts=1194
[+02:32:37.159] VoxelMesh: Chunk X=0 Y=0 Z=0 FlatVerts=1860 SlopeVerts=34122
[+02:32:37.161] VoxelChunk: GenerateAsync (0,-3,0)
[+02:32:37.167] VoxelMesh: Chunk X=0 Y=0 Z=0 FlatVerts=1368 SlopeVerts=33984
[+02:32:37.170] VoxelChunk: GenerateAsync (2,-3,1)
[+02:32:37.171] VoxelMesh: Chunk X=2 Y=-3 Z=1 FlatVerts=1356 SlopeVerts=1092
[+02:32:37.186] VoxelMesh: Chunk X=0 Y=0 Z=0 FlatVerts=1206 SlopeVerts=25878
[+02:32:37.187] VoxelChunk: GenerateAsync (3,-3,1)
[+02:32:37.189] VoxelMesh: Chunk X=3 Y=-3 Z=1 FlatVerts=2136 SlopeVerts=624
[+02:32:37.193] VoxelMesh: Chunk X=0 Y=0 Z=0 FlatVerts=1512 SlopeVerts=30918
[+02:32:37.195] VoxelChunk: GenerateAsync (1,-3,0)
[+02:32:37.197] VoxelMesh: Chunk X=1 Y=-3 Z=0 FlatVerts=0 SlopeVerts=24
[+02:32:37.198] VoxelMesh: Chunk X=0 Y=0 Z=0 FlatVerts=0 SlopeVerts=792
[+02:32:37.199] VoxelChunk: GenerateAsync (-3,1,-1)
[+02:32:37.202] VoxelChunk: GenerateAsync (-3,-2,1)
[+02:32:37.203] VoxelMesh: Chunk X=-3 Y=-2 Z=1 FlatVerts=234 SlopeVerts=1596
[+02:32:37.216] VoxelMesh: Chunk X=0 Y=0 Z=0 FlatVerts=1968 SlopeVerts=32424
[+02:32:37.219] VoxelChunk: GenerateAsync (2,-3,0)
[+02:32:37.221] VoxelMesh: Chunk X=2 Y=-3 Z=0 FlatVerts=0 SlopeVerts=0
[+02:32:37.225] VoxelMesh: Chunk X=0 Y=0 Z=0 FlatVerts=1992 SlopeVerts=33090
[+02:32:37.228] VoxelChunk: GenerateAsync (3,-3,0)
[+02:32:37.233] VoxelMesh: Chunk X=0 Y=0 Z=0 FlatVerts=1620 SlopeVerts=27216
[+02:32:37.235] VoxelChunk: GenerateAsync (-1,-3,-1)
[+02:32:37.239] VoxelChunk: GenerateAsync (-3,-2,0)
[+02:32:37.240] VoxelMesh: Chunk X=-3 Y=-2 Z=0 FlatVerts=0 SlopeVerts=0
[+02:32:37.252] VoxelWater: Chunk X=1 Y=-3 Z=2 emitted 52 procedural water vertices (Ocean/Pools)
[+02:32:37.252] VoxelWater: Chunk X=-3 Y=1 Z=0 emitted 4 procedural water vertices (Ocean/Pools)
[+02:32:37.252] VoxelWater: Chunk X=3 Y=3 Z=1 emitted 24 procedural water vertices (Ocean/Pools)
[+02:32:37.252] VoxelWater: Chunk X=1 Y=3 Z=1 emitted 68 procedural water vertices (Ocean/Pools)
[+02:32:37.252] VoxelWater: Chunk X=-3 Y=3 Z=1 emitted 68 procedural water vertices (Ocean/Pools)
[+02:32:37.252] VoxelWater: Chunk X=2 Y=2 Z=1 emitted 44 procedural water vertices (Ocean/Pools)
[+02:32:37.252] VoxelWater: Chunk X=3 Y=2 Z=1 emitted 36 procedural water vertices (Ocean/Pools)
[+02:32:37.252] VoxelWater: Chunk X=-3 Y=0 Z=0 emitted 16 procedural water vertices (Ocean/Pools)
[+02:32:37.252] VoxelWater: Chunk X=-2 Y=2 Z=1 emitted 12 procedural water vertices (Ocean/Pools)
[+02:32:37.252] VoxelWater: Chunk X=-3 Y=2 Z=1 emitted 36 procedural water vertices (Ocean/Pools)
[+02:32:37.252] VoxelWater: Chunk X=1 Y=2 Z=0 emitted 20 procedural water vertices (Ocean/Pools)
[+02:32:37.252] VoxelWater: Chunk X=0 Y=2 Z=0 emitted 24 procedural water vertices (Ocean/Pools)
[+02:32:37.252] VoxelWater: Chunk X=-1 Y=2 Z=0 emitted 20 procedural water vertices (Ocean/Pools)
[+02:32:37.252] VoxelWater: Chunk X=1 Y=-1 Z=2 emitted 40 procedural water vertices (Ocean/Pools)
[+02:32:37.252] VoxelWater: Chunk X=0 Y=-2 Z=2 emitted 16 procedural water vertices (Ocean/Pools)
[+02:32:37.252] VoxelWater: Chunk X=-1 Y=-2 Z=2 emitted 24 procedural water vertices (Ocean/Pools)
[+02:32:37.252] VoxelWater: Chunk X=-2 Y=0 Z=0 emitted 96 procedural water vertices (Ocean/Pools)
[+02:32:37.252] VoxelWater: Chunk X=-2 Y=-1 Z=0 emitted 24 procedural water vertices (Ocean/Pools)
[+02:32:37.252] VoxelWater: Chunk X=0 Y=2 Z=1 emitted 24 procedural water vertices (Ocean/Pools)
[+02:32:37.252] VoxelWater: Chunk X=-2 Y=0 Z=1 emitted 28 procedural water vertices (Ocean/Pools)
[+02:32:37.252] VoxelWater: Chunk X=-2 Y=-2 Z=0 emitted 20 procedural water vertices (Ocean/Pools)
[+02:32:37.252] VoxelWater: Chunk X=2 Y=-2 Z=1 emitted 44 procedural water vertices (Ocean/Pools)
[+02:32:37.252] VoxelWater: Chunk X=1 Y=2 Z=1 emitted 48 procedural water vertices (Ocean/Pools)
[+02:32:37.252] VoxelWater: Chunk X=-2 Y=-1 Z=1 emitted 36 procedural water vertices (Ocean/Pools)
[+02:32:37.252] VoxelWater: Chunk X=-1 Y=2 Z=1 emitted 16 procedural water vertices (Ocean/Pools)
[+02:32:37.252] VoxelWater: Chunk X=4 Y=-26 Z=2 emitted 4 procedural water vertices (Ocean/Pools)
[+02:32:37.252] VoxelWater: Chunk X=4 Y=-25 Z=2 emitted 76 procedural water vertices (Ocean/Pools)
[+02:32:37.253] VoxelWater: Chunk X=4 Y=-25 Z=3 emitted 48 procedural water vertices (Ocean/Pools)
[+02:32:37.253] VoxelWater: Chunk X=4 Y=-24 Z=3 emitted 48 procedural water vertices (Ocean/Pools)
[+02:32:37.253] VoxelWater: Chunk X=4 Y=-24 Z=2 emitted 60 procedural water vertices (Ocean/Pools)
[+02:32:37.253] VoxelWater: Chunk X=5 Y=-25 Z=2 emitted 24 procedural water vertices (Ocean/Pools)
[+02:32:37.253] VoxelWater: Chunk X=5 Y=-25 Z=3 emitted 112 procedural water vertices (Ocean/Pools)
[+02:32:37.253] VoxelWater: Chunk X=5 Y=-24 Z=2 emitted 28 procedural water vertices (Ocean/Pools)
[+02:32:37.253] VoxelWater: Chunk X=5 Y=-24 Z=3 emitted 20 procedural water vertices (Ocean/Pools)
[+02:32:37.253] VoxelWater: Chunk X=6 Y=-24 Z=3 emitted 84 procedural water vertices (Ocean/Pools)
[+02:32:37.253] VoxelWater: Chunk X=6 Y=-26 Z=3 emitted 16 procedural water vertices (Ocean/Pools)
[+02:32:37.253] VoxelWater: Chunk X=6 Y=-25 Z=3 emitted 100 procedural water vertices (Ocean/Pools)
[+02:32:37.253] VoxelWater: Chunk X=6 Y=-26 Z=2 emitted 36 procedural water vertices (Ocean/Pools)
[+02:32:37.253] VoxelWater: Chunk X=6 Y=-24 Z=2 emitted 60 procedural water vertices (Ocean/Pools)
[+02:32:37.253] VoxelWater: Chunk X=0 Y=-1 Z=2 emitted 64 procedural water vertices (Ocean/Pools)
[+02:32:37.253] VoxelWater: Chunk X=-2 Y=-2 Z=2 emitted 20 procedural water vertices (Ocean/Pools)
[+02:32:37.253] VoxelWater: Chunk X=-3 Y=-3 Z=1 emitted 8 procedural water vertices (Ocean/Pools)
[+02:32:37.253] VoxelWater: Chunk X=-2 Y=-3 Z=1 emitted 20 procedural water vertices (Ocean/Pools)
[+02:32:37.253] VoxelWater: Chunk X=1 Y=-3 Z=1 emitted 8 procedural water vertices (Ocean/Pools)
[+02:32:37.253] VoxelWater: Chunk X=2 Y=-3 Z=1 emitted 20 procedural water vertices (Ocean/Pools)
[+02:32:37.253] VoxelWater: Chunk X=3 Y=-3 Z=1 emitted 56 procedural water vertices (Ocean/Pools)
[+02:32:37.253] VoxelWater: Chunk X=-3 Y=-2 Z=1 emitted 12 procedural water vertices (Ocean/Pools)
[+02:32:37.263] VoxelChunk: GenerateAsync (-2,3,1)
[+02:32:37.264] VoxelMesh: Chunk X=-2 Y=3 Z=1 FlatVerts=2874 SlopeVerts=324
[+02:32:37.265] VoxelChunk: GenerateAsync (-1,3,1)
[+02:32:37.266] VoxelMesh: Chunk X=-1 Y=3 Z=1 FlatVerts=2616 SlopeVerts=960
[+02:32:37.267] VoxelChunk: GenerateAsync (0,3,1)
[+02:32:37.269] VoxelMesh: Chunk X=0 Y=3 Z=1 FlatVerts=2538 SlopeVerts=828
[+02:32:37.272] VoxelMesh: Chunk X=0 Y=0 Z=0 FlatVerts=1470 SlopeVerts=35034
[+02:32:37.274] VoxelChunk: GenerateAsync (3,-2,1)
[+02:32:37.275] VoxelMesh: Chunk X=3 Y=-2 Z=1 FlatVerts=2910 SlopeVerts=198
[+02:32:37.291] VoxelChunk: GenerateAsync (4,-26,3)
[+02:32:37.291] VoxelChunk: GenerateAsync (4,-25,3)
[+02:32:37.291] VoxelChunk: GenerateAsync (4,-24,3)
[+02:32:37.291] VoxelChunk: GenerateAsync (5,-26,3)
[+02:32:37.291] VoxelChunk: GenerateAsync (5,-25,3)
[+02:32:37.291] VoxelMesh: Chunk X=4 Y=-26 Z=3 FlatVerts=0 SlopeVerts=0
[+02:32:37.291] VoxelChunk: GenerateAsync (5,-24,3)
[+02:32:37.291] VoxelChunk: GenerateAsync (6,-26,3)
[+02:32:37.291] VoxelChunk: GenerateAsync (6,-25,3)
[+02:32:37.291] VoxelChunk: GenerateAsync (6,-24,3)
[+02:32:37.291] VoxelMesh: Chunk X=5 Y=-26 Z=3 FlatVerts=0 SlopeVerts=0
[+02:32:37.291] VoxelMesh: Chunk X=4 Y=-25 Z=3 FlatVerts=66 SlopeVerts=156
[+02:32:37.291] VoxelMesh: Chunk X=4 Y=-24 Z=3 FlatVerts=96 SlopeVerts=84
[+02:32:37.291] VoxelMesh: Chunk X=5 Y=-25 Z=3 FlatVerts=48 SlopeVerts=84
[+02:32:37.291] VoxelMesh: Chunk X=6 Y=-26 Z=3 FlatVerts=0 SlopeVerts=36
[+02:32:37.291] VoxelMesh: Chunk X=5 Y=-24 Z=3 FlatVerts=0 SlopeVerts=6
[+02:32:37.291] VoxelMesh: Chunk X=6 Y=-25 Z=3 FlatVerts=12 SlopeVerts=168
[+02:32:37.291] VoxelMesh: Chunk X=6 Y=-24 Z=3 FlatVerts=0 SlopeVerts=156
[+02:32:37.292] VoxelChunk: GenerateAsync (2,3,1)
[+02:32:37.293] VoxelChunk: GenerateAsync (-3,-1,1)
[+02:32:37.293] VoxelMesh: Chunk X=2 Y=3 Z=1 FlatVerts=2580 SlopeVerts=48
[+02:32:37.294] VoxelMesh: Chunk X=-1 Y=3 Z=1 FlatVerts=2202 SlopeVerts=654
[+02:32:37.294] VoxelMesh: Chunk X=-3 Y=-1 Z=1 FlatVerts=444 SlopeVerts=3042
[+02:32:37.295] VoxelChunk: GenerateAsync (0,3,-2)
[+02:32:37.296] VoxelMesh: Chunk X=-2 Y=3 Z=1 FlatVerts=114 SlopeVerts=6
[+02:32:37.296] VoxelChunk: GenerateAsync (3,-1,-2)
[+02:32:37.308] VoxelMesh: Chunk X=-3 Y=-2 Z=0 FlatVerts=0 SlopeVerts=0
[+02:32:37.308] VoxelChunk: GenerateAsync (-1,-3,2)
[+02:32:37.310] VoxelChunk: GenerateAsync (0,-3,2)
[+02:32:37.311] VoxelMesh: Chunk X=-1 Y=-3 Z=2 FlatVerts=0 SlopeVerts=1746
[+02:32:37.311] VoxelMesh: Chunk X=3 Y=-3 Z=0 FlatVerts=918 SlopeVerts=2382
[+02:32:37.311] VoxelMesh: Chunk X=0 Y=-3 Z=2 FlatVerts=0 SlopeVerts=0
[+02:32:37.312] VoxelChunk: GenerateAsync (-3,-1,-2)
[+02:32:37.313] VoxelMesh: Chunk X=2 Y=-3 Z=0 FlatVerts=1224 SlopeVerts=6
[+02:32:37.313] VoxelChunk: GenerateAsync (3,-2,-2)
[+02:32:37.321] VoxelChunk: GenerateAsync (3,-3,2)
[+02:32:37.322] VoxelChunk: GenerateAsync (-3,-2,2)
[+02:32:37.322] VoxelMesh: Chunk X=3 Y=-3 Z=2 FlatVerts=36 SlopeVerts=210
[+02:32:37.323] VoxelMesh: Chunk X=1 Y=-3 Z=0 FlatVerts=924 SlopeVerts=624
[+02:32:37.323] VoxelChunk: GenerateAsync (-1,3,-2)
[+02:32:37.323] VoxelMesh: Chunk X=-3 Y=-2 Z=2 FlatVerts=1386 SlopeVerts=3936
[+02:32:37.324] VoxelMesh: Chunk X=3 Y=-3 Z=1 FlatVerts=390 SlopeVerts=2994
[+02:32:37.325] VoxelChunk: GenerateAsync (-2,-3,-1)
[+02:32:37.333] VoxelChunk: GenerateAsync (3,-1,1)
[+02:32:37.334] VoxelChunk: GenerateAsync (-3,0,1)
[+02:32:37.335] VoxelMesh: Chunk X=3 Y=-1 Z=1 FlatVerts=2658 SlopeVerts=894
[+02:32:37.335] VoxelMesh: Chunk X=1 Y=-3 Z=1 FlatVerts=84 SlopeVerts=6
[+02:32:37.335] VoxelChunk: GenerateAsync (-2,3,-2)
[+02:32:37.335] VoxelMesh: Chunk X=-3 Y=0 Z=1 FlatVerts=810 SlopeVerts=3972
[+02:32:37.337] VoxelMesh: Chunk X=0 Y=-3 Z=1 FlatVerts=30 SlopeVerts=450
[+02:32:37.337] VoxelChunk: GenerateAsync (-3,-2,-2)
[+02:32:37.345] VoxelChunk: GenerateAsync (-3,-1,2)
[+02:32:37.346] VoxelMesh: Chunk X=3 Y=0 Z=-1 FlatVerts=738 SlopeVerts=6
[+02:32:37.346] VoxelMesh: Chunk X=-3 Y=-1 Z=2 FlatVerts=96 SlopeVerts=1524
[+02:32:37.346] VoxelChunk: GenerateAsync (3,-3,-2)
[+02:32:37.347] VoxelChunk: GenerateAsync (3,-2,0)
[+02:32:37.349] VoxelMesh: Chunk X=-1 Y=-3 Z=1 FlatVerts=66 SlopeVerts=186
[+02:32:37.349] VoxelChunk: GenerateAsync (2,-3,-2)
[+02:32:37.356] VoxelMesh: Chunk X=-2 Y=-3 Z=1 FlatVerts=0 SlopeVerts=144
[+02:32:37.357] VoxelChunk: GenerateAsync (-3,-1,0)
[+02:32:37.357] VoxelMesh: Chunk X=-2 Y=-3 Z=0 FlatVerts=1056 SlopeVerts=3150
[+02:32:37.358] VoxelMesh: Chunk X=-3 Y=-1 Z=0 FlatVerts=456 SlopeVerts=216
[+02:32:37.358] VoxelChunk: GenerateAsync (-3,-3,-1)
[+02:32:37.359] VoxelChunk: GenerateAsync (3,-1,2)
[+02:32:37.360] VoxelChunk: GenerateAsync (3,0,1)
[+02:32:37.361] VoxelMesh: Chunk X=3 Y=-1 Z=2 FlatVerts=18 SlopeVerts=6
[+02:32:37.361] VoxelMesh: Chunk X=3 Y=0 Z=1 FlatVerts=2610 SlopeVerts=732
[+02:32:37.368] VoxelChunk: GenerateAsync (-3,1,1)
[+02:32:37.369] VoxelMesh: Chunk X=2 Y=3 Z=0 FlatVerts=0 SlopeVerts=444
[+02:32:37.369] VoxelChunk: GenerateAsync (1,-3,-2)
[+02:32:37.369] VoxelMesh: Chunk X=-3 Y=1 Z=1 FlatVerts=468 SlopeVerts=3312
[+02:32:37.370] VoxelMesh: Chunk X=2 Y=-3 Z=-1 FlatVerts=300 SlopeVerts=0
[+02:32:37.370] VoxelChunk: GenerateAsync (-3,3,-2)
[+02:32:37.372] VoxelMesh: Chunk X=3 Y=3 Z=-1 FlatVerts=2670 SlopeVerts=786
[+02:32:37.373] VoxelChunk: GenerateAsync (3,1,-1)
[+02:32:37.382] VoxelChunk: GenerateAsync (0,-3,-2)
[+02:32:37.384] VoxelMesh: Chunk X=-3 Y=-1 Z=-1 FlatVerts=0 SlopeVerts=6
[+02:32:37.384] VoxelChunk: GenerateAsync (-1,-3,-2)
[+02:32:37.385] VoxelChunk: GenerateAsync (-3,1,2)
[+02:32:37.387] VoxelMesh: Chunk X=2 Y=3 Z=-1 FlatVerts=36 SlopeVerts=0
[+02:32:37.387] VoxelChunk: GenerateAsync (3,2,-2)
[+02:32:37.387] VoxelMesh: Chunk X=-3 Y=1 Z=2 FlatVerts=180 SlopeVerts=678
[+02:32:37.393] VoxelChunk: GenerateAsync (3,1,1)
[+02:32:37.394] VoxelMesh: Chunk X=-3 Y=3 Z=0 FlatVerts=120 SlopeVerts=480
[+02:32:37.395] VoxelChunk: GenerateAsync (-3,2,-2)
[+02:32:37.395] VoxelMesh: Chunk X=3 Y=1 Z=1 FlatVerts=2736 SlopeVerts=366
[+02:32:37.396] VoxelMesh: Chunk X=1 Y=3 Z=-1 FlatVerts=2484 SlopeVerts=1350
[+02:32:37.396] VoxelChunk: GenerateAsync (-3,2,-1)
[+02:32:37.398] VoxelMesh: Chunk X=3 Y=2 Z=0 FlatVerts=1110 SlopeVerts=3714
[+02:32:37.398] VoxelChunk: GenerateAsync (-3,-2,-1)
[+02:32:37.407] VoxelMesh: Chunk X=3 Y=0 Z=2 FlatVerts=0 SlopeVerts=2502
[+02:32:37.407] VoxelChunk: GenerateAsync (1,-3,-1)
[+02:32:37.408] VoxelChunk: GenerateAsync (3,1,2)
[+02:32:37.409] VoxelChunk: GenerateAsync (-3,2,2)
[+02:32:37.410] VoxelMesh: Chunk X=3 Y=1 Z=2 FlatVerts=180 SlopeVerts=462
[+02:32:37.410] VoxelChunk: GenerateAsync (0,-3,-1)
[+02:32:37.411] VoxelMesh: Chunk X=-3 Y=2 Z=2 FlatVerts=144 SlopeVerts=264
[+02:32:37.418] VoxelChunk: GenerateAsync (0,3,0)
[+02:32:37.419] VoxelChunk: GenerateAsync (1,3,0)
[+02:32:37.420] VoxelChunk: GenerateAsync (3,-1,0)
[+02:32:37.421] VoxelMesh: Chunk X=2 Y=1 Z=0 FlatVerts=0 SlopeVerts=0
[+02:32:37.421] VoxelChunk: GenerateAsync (-3,-3,-2)
[+02:32:37.428] VoxelWater: Chunk X=4 Y=-26 Z=2 emitted 8 procedural water vertices (Ocean/Pools)
[+02:32:37.428] VoxelWater: Chunk X=4 Y=-25 Z=2 emitted 84 procedural water vertices (Ocean/Pools)
[+02:32:37.428] VoxelWater: Chunk X=4 Y=-25 Z=3 emitted 104 procedural water vertices (Ocean/Pools)
[+02:32:37.428] VoxelWater: Chunk X=4 Y=-24 Z=3 emitted 48 procedural water vertices (Ocean/Pools)
[+02:32:37.428] VoxelWater: Chunk X=4 Y=-24 Z=2 emitted 72 procedural water vertices (Ocean/Pools)
[+02:32:37.428] VoxelWater: Chunk X=5 Y=-25 Z=2 emitted 52 procedural water vertices (Ocean/Pools)
[+02:32:37.428] VoxelWater: Chunk X=5 Y=-25 Z=3 emitted 128 procedural water vertices (Ocean/Pools)
[+02:32:37.428] VoxelWater: Chunk X=5 Y=-24 Z=2 emitted 28 procedural water vertices (Ocean/Pools)
[+02:32:37.428] VoxelWater: Chunk X=5 Y=-24 Z=3 emitted 20 procedural water vertices (Ocean/Pools)
[+02:32:37.428] VoxelWater: Chunk X=6 Y=-24 Z=3 emitted 84 procedural water vertices (Ocean/Pools)
[+02:32:37.428] VoxelWater: Chunk X=6 Y=-26 Z=3 emitted 16 procedural water vertices (Ocean/Pools)
[+02:32:37.428] VoxelWater: Chunk X=6 Y=-25 Z=3 emitted 108 procedural water vertices (Ocean/Pools)
[+02:32:37.428] VoxelWater: Chunk X=6 Y=-26 Z=2 emitted 36 procedural water vertices (Ocean/Pools)
[+02:32:37.428] VoxelWater: Chunk X=6 Y=-24 Z=2 emitted 60 procedural water vertices (Ocean/Pools)
[+02:32:37.428] VoxelWater: Chunk X=3 Y=1 Z=2 emitted 12 procedural water vertices (Ocean/Pools)
[+02:32:37.428] VoxelWater: Chunk X=3 Y=1 Z=1 emitted 8 procedural water vertices (Ocean/Pools)
[+02:32:37.428] VoxelWater: Chunk X=-3 Y=1 Z=2 emitted 44 procedural water vertices (Ocean/Pools)
[+02:32:37.428] VoxelWater: Chunk X=-3 Y=1 Z=1 emitted 36 procedural water vertices (Ocean/Pools)
[+02:32:37.428] VoxelWater: Chunk X=3 Y=0 Z=1 emitted 36 procedural water vertices (Ocean/Pools)
[+02:32:37.428] VoxelWater: Chunk X=-3 Y=-1 Z=2 emitted 20 procedural water vertices (Ocean/Pools)
[+02:32:37.428] VoxelWater: Chunk X=-3 Y=0 Z=1 emitted 88 procedural water vertices (Ocean/Pools)
[+02:32:37.428] VoxelWater: Chunk X=3 Y=-1 Z=1 emitted 52 procedural water vertices (Ocean/Pools)
[+02:32:37.428] VoxelWater: Chunk X=-3 Y=-2 Z=2 emitted 32 procedural water vertices (Ocean/Pools)
[+02:32:37.428] VoxelWater: Chunk X=-1 Y=-3 Z=2 emitted 72 procedural water vertices (Ocean/Pools)
[+02:32:37.428] VoxelWater: Chunk X=-3 Y=-1 Z=1 emitted 40 procedural water vertices (Ocean/Pools)
[+02:32:37.429] VoxelWater: Chunk X=-3 Y=-1 Z=0 emitted 4 procedural water vertices (Ocean/Pools)
[+02:32:37.435] VoxelChunk: GenerateAsync (3,2,2)
[+02:32:37.436] VoxelChunk: GenerateAsync (-3,3,2)
[+02:32:37.436] VoxelMesh: Chunk X=3 Y=2 Z=2 FlatVerts=408 SlopeVerts=1824
[+02:32:37.436] VoxelChunk: GenerateAsync (-2,3,2)
[+02:32:37.437] VoxelMesh: Chunk X=-2 Y=3 Z=2 FlatVerts=0 SlopeVerts=0
[+02:32:37.437] VoxelChunk: GenerateAsync (-1,3,2)
[+02:32:37.445] VoxelChunk: GenerateAsync (0,3,2)
[+02:32:37.446] VoxelChunk: GenerateAsync (1,3,2)
[+02:32:37.446] VoxelChunk: GenerateAsync (2,3,2)
[+02:32:37.447] VoxelChunk: GenerateAsync (3,3,2)
[+02:32:37.448] VoxelMesh: Chunk X=3 Y=3 Z=2 FlatVerts=408 SlopeVerts=2142
[+02:32:37.455] VoxelChunk: GenerateAsync (0,0,-4)
[+02:32:37.456] VoxelChunk: GenerateAsync (-1,0,-4)
[+02:32:37.457] VoxelChunk: GenerateAsync (1,0,-4)
[+02:32:37.459] VoxelChunk: GenerateAsync (0,0,-5)
[+02:32:37.467] VoxelChunk: GenerateAsync (0,1,-4)
[+02:32:37.469] VoxelChunk: GenerateAsync (0,-1,-4)
[+02:32:37.470] VoxelMesh: Chunk X=0 Y=-2 Z=-1 FlatVerts=252 SlopeVerts=6
[+02:32:37.470] VoxelChunk: GenerateAsync (0,0,-3)
[+02:32:37.472] VoxelChunk: GenerateAsync (-1,1,-4)
[+02:32:37.479] VoxelChunk: GenerateAsync (-1,0,-5)
[+02:32:37.480] VoxelMesh: Chunk X=2 Y=0 Z=2 FlatVerts=1260 SlopeVerts=0
[+02:32:37.481] VoxelChunk: GenerateAsync (0,1,-3)
[+02:32:37.482] VoxelMesh: Chunk X=-2 Y=1 Z=2 FlatVerts=462 SlopeVerts=126
[+02:32:37.482] VoxelChunk: GenerateAsync (1,0,-3)
[+02:32:37.484] VoxelChunk: GenerateAsync (1,0,-5)
[+02:32:37.492] VoxelChunk: GenerateAsync (0,1,-5)
[+02:32:37.494] VoxelChunk: GenerateAsync (-1,-1,-4)
[+02:32:37.495] VoxelChunk: GenerateAsync (1,1,-4)
[+02:32:37.496] VoxelMesh: Chunk X=1 Y=2 Z=-1 FlatVerts=396 SlopeVerts=0
[+02:32:37.496] VoxelChunk: GenerateAsync (-1,0,-3)
[+02:32:37.504] VoxelChunk: GenerateAsync (0,-1,-5)
[+02:32:37.505] VoxelMesh: Chunk X=-1 Y=-2 Z=2 FlatVerts=6 SlopeVerts=0
[+02:32:37.505] VoxelChunk: GenerateAsync (0,-1,-3)
[+02:32:37.507] VoxelChunk: GenerateAsync (1,-1,-4)
[+02:32:37.509] VoxelMesh: Chunk X=-2 Y=-1 Z=2 FlatVerts=138 SlopeVerts=102
[+02:32:37.509] VoxelChunk: GenerateAsync (1,-1,-3)
[+02:32:37.517] VoxelChunk: GenerateAsync (1,-1,-5)
[+02:32:37.518] VoxelChunk: GenerateAsync (-1,1,-5)
[+02:32:37.519] VoxelMesh: Chunk X=-2 Y=0 Z=2 FlatVerts=72 SlopeVerts=0
[+02:32:37.520] VoxelChunk: GenerateAsync (-1,1,-3)
[+02:32:37.521] VoxelChunk: GenerateAsync (-1,-1,-5)
[+02:32:37.528] VoxelMesh: Chunk X=2 Y=2 Z=0 FlatVerts=114 SlopeVerts=6
[+02:32:37.528] VoxelChunk: GenerateAsync (-1,-1,-3)
[+02:32:37.528] VoxelMesh: Chunk X=0 Y=1 Z=2 FlatVerts=2418 SlopeVerts=0
[+02:32:37.529] VoxelChunk: GenerateAsync (1,1,-3)
[+02:32:37.531] VoxelChunk: GenerateAsync (1,1,-5)
[+02:32:37.533] VoxelChunk: GenerateAsync (0,2,-4)
[+02:32:37.542] VoxelChunk: GenerateAsync (0,-2,-4)
[+02:32:37.543] VoxelChunk: GenerateAsync (0,0,-6)
[+02:32:37.545] VoxelChunk: GenerateAsync (-2,0,-4)
[+02:32:37.546] VoxelChunk: GenerateAsync (2,0,-4)
[+02:32:37.554] VoxelChunk: GenerateAsync (-1,0,-6)
[+02:32:37.555] VoxelChunk: GenerateAsync (1,2,-4)
[+02:32:37.557] VoxelChunk: GenerateAsync (0,1,-6)
[+02:32:37.559] VoxelChunk: GenerateAsync (1,0,-6)
[+02:32:37.566] VoxelChunk: GenerateAsync (0,-2,-3)
[+02:32:37.567] VoxelChunk: GenerateAsync (2,0,-5)
[+02:32:37.569] VoxelChunk: GenerateAsync (0,-1,-6)
[+02:32:37.570] VoxelMesh: Chunk X=3 Y=-1 Z=-1 FlatVerts=420 SlopeVerts=108
[+02:32:37.571] VoxelChunk: GenerateAsync (-2,0,-3)
[+02:32:37.578] VoxelMesh: Chunk X=3 Y=1 Z=-2 FlatVerts=216 SlopeVerts=0
[+02:32:37.578] VoxelChunk: GenerateAsync (2,0,-3)
[+02:32:37.579] VoxelMesh: Chunk X=1 Y=3 Z=1 FlatVerts=1584 SlopeVerts=30
[+02:32:37.579] VoxelChunk: GenerateAsync (0,2,-3)
[+02:32:37.580] VoxelChunk: GenerateAsync (-2,1,-4)
[+02:32:37.582] VoxelChunk: GenerateAsync (-1,2,-4)
[+02:32:37.589] VoxelChunk: GenerateAsync (2,1,-4)
[+02:32:37.590] VoxelChunk: GenerateAsync (-2,-1,-4)
[+02:32:37.590] VoxelChunk: GenerateAsync (0,-2,-5)
[+02:32:37.591] VoxelChunk: GenerateAsync (1,-2,-4)
[+02:32:37.598] VoxelChunk: GenerateAsync (2,-1,-4)
[+02:32:37.599] VoxelChunk: GenerateAsync (-2,0,-5)
[+02:32:37.600] VoxelChunk: GenerateAsync (-1,-2,-4)
[+02:32:37.602] VoxelChunk: GenerateAsync (0,2,-5)
[+02:32:37.609] VoxelChunk: GenerateAsync (1,1,-6)
[+02:32:37.609] VoxelMesh: Chunk X=3 Y=2 Z=-1 FlatVerts=0 SlopeVerts=24
[+02:32:37.610] VoxelChunk: GenerateAsync (1,-2,-3)
[+02:32:37.610] VoxelMesh: Chunk X=-3 Y=0 Z=-2 FlatVerts=0 SlopeVerts=0
[+02:32:37.611] VoxelChunk: GenerateAsync (-1,-2,-3)
[+02:32:37.611] VoxelChunk: GenerateAsync (1,2,-5)
[+02:32:37.617] VoxelMesh: Chunk X=-3 Y=3 Z=-1 FlatVerts=0 SlopeVerts=0
[+02:32:37.617] VoxelChunk: GenerateAsync (-2,-1,-3)
[+02:32:37.618] VoxelChunk: GenerateAsync (-1,1,-6)
[+02:32:37.619] VoxelChunk: GenerateAsync (-1,-2,-5)
[+02:32:37.619] VoxelChunk: GenerateAsync (1,-2,-5)
[+02:32:37.626] VoxelChunk: GenerateAsync (-2,1,-5)
[+02:32:37.627] VoxelChunk: GenerateAsync (-1,2,-5)
[+02:32:37.628] VoxelChunk: GenerateAsync (2,1,-5)
[+02:32:37.629] VoxelChunk: GenerateAsync (2,-1,-5)
[+02:32:37.641] VoxelWater: Chunk X=3 Y=3 Z=2 emitted 44 procedural water vertices (Ocean/Pools)
[+02:32:37.641] VoxelWater: Chunk X=4 Y=-26 Z=2 emitted 12 procedural water vertices (Ocean/Pools)
[+02:32:37.641] VoxelWater: Chunk X=4 Y=-25 Z=2 emitted 100 procedural water vertices (Ocean/Pools)
[+02:32:37.641] VoxelWater: Chunk X=4 Y=-25 Z=3 emitted 112 procedural water vertices (Ocean/Pools)
[+02:32:37.641] VoxelWater: Chunk X=4 Y=-24 Z=3 emitted 48 procedural water vertices (Ocean/Pools)
[+02:32:37.641] VoxelWater: Chunk X=4 Y=-24 Z=2 emitted 76 procedural water vertices (Ocean/Pools)
[+02:32:37.641] VoxelWater: Chunk X=5 Y=-25 Z=2 emitted 96 procedural water vertices (Ocean/Pools)
[+02:32:37.641] VoxelWater: Chunk X=5 Y=-25 Z=3 emitted 124 procedural water vertices (Ocean/Pools)
[+02:32:37.641] VoxelWater: Chunk X=5 Y=-24 Z=2 emitted 28 procedural water vertices (Ocean/Pools)
[+02:32:37.641] VoxelWater: Chunk X=5 Y=-24 Z=3 emitted 20 procedural water vertices (Ocean/Pools)
[+02:32:37.641] VoxelWater: Chunk X=6 Y=-24 Z=3 emitted 92 procedural water vertices (Ocean/Pools)
[+02:32:37.641] VoxelWater: Chunk X=6 Y=-26 Z=3 emitted 16 procedural water vertices (Ocean/Pools)
[+02:32:37.641] VoxelWater: Chunk X=6 Y=-25 Z=3 emitted 108 procedural water vertices (Ocean/Pools)
[+02:32:37.641] VoxelWater: Chunk X=6 Y=-26 Z=2 emitted 36 procedural water vertices (Ocean/Pools)
[+02:32:37.641] VoxelWater: Chunk X=6 Y=-24 Z=2 emitted 64 procedural water vertices (Ocean/Pools)
[+02:32:37.641] VoxelWater: Chunk X=3 Y=2 Z=2 emitted 8 procedural water vertices (Ocean/Pools)
[+02:32:37.641] VoxelWater: Chunk X=3 Y=1 Z=1 emitted 16 procedural water vertices (Ocean/Pools)
[+02:32:37.641] VoxelWater: Chunk X=3 Y=1 Z=2 emitted 16 procedural water vertices (Ocean/Pools)
[+02:32:37.641] VoxelWater: Chunk X=-3 Y=1 Z=1 emitted 56 procedural water vertices (Ocean/Pools)
[+02:32:37.641] VoxelWater: Chunk X=-3 Y=1 Z=2 emitted 48 procedural water vertices (Ocean/Pools)
[+02:32:37.641] VoxelWater: Chunk X=3 Y=0 Z=1 emitted 52 procedural water vertices (Ocean/Pools)
[+02:32:37.641] VoxelWater: Chunk X=-3 Y=-1 Z=0 emitted 12 procedural water vertices (Ocean/Pools)
[+02:32:37.642] VoxelWater: Chunk X=-3 Y=-1 Z=2 emitted 32 procedural water vertices (Ocean/Pools)
[+02:32:37.642] VoxelWater: Chunk X=-3 Y=0 Z=1 emitted 92 procedural water vertices (Ocean/Pools)
[+02:32:37.642] VoxelWater: Chunk X=3 Y=-1 Z=1 emitted 64 procedural water vertices (Ocean/Pools)
[+02:32:37.642] VoxelWater: Chunk X=-3 Y=-2 Z=2 emitted 36 procedural water vertices (Ocean/Pools)
[+02:32:37.642] VoxelWater: Chunk X=-1 Y=-3 Z=2 emitted 76 procedural water vertices (Ocean/Pools)
[+02:32:37.642] VoxelWater: Chunk X=-3 Y=-1 Z=1 emitted 40 procedural water vertices (Ocean/Pools)
[+02:32:37.654] VoxelChunk: GenerateAsync (-2,-1,-5)
[+02:32:37.660] VoxelChunk: GenerateAsync (1,-1,-6)
[+02:32:37.666] VoxelChunk: GenerateAsync (-1,-1,-6)
[+02:32:37.672] VoxelMesh: Chunk X=0 Y=0 Z=0 FlatVerts=606 SlopeVerts=2766
[+02:32:37.672] VoxelChunk: GenerateAsync (2,-1,-3)
[+02:32:37.683] VoxelMesh: Chunk X=0 Y=0 Z=0 FlatVerts=10014 SlopeVerts=1290
[+02:32:37.685] VoxelChunk: GenerateAsync (1,2,-3)
[+02:32:37.690] VoxelMesh: Chunk X=0 Y=0 Z=0 FlatVerts=8364 SlopeVerts=0
[+02:32:37.691] VoxelChunk: GenerateAsync (-2,1,-3)
[+02:32:37.696] VoxelMesh: Chunk X=0 Y=0 Z=0 FlatVerts=5766 SlopeVerts=6750
[+02:32:37.698] VoxelChunk: GenerateAsync (2,1,-3)
[+02:32:37.701] VoxelMesh: Chunk X=0 Y=0 Z=0 FlatVerts=8574 SlopeVerts=0
[+02:32:37.703] VoxelChunk: GenerateAsync (-1,2,-3)
[+02:32:37.718] VoxelChunk: GenerateAsync (2,0,-6)
[+02:32:37.725] VoxelChunk: GenerateAsync (-2,0,-6)
[+02:32:37.731] VoxelChunk: GenerateAsync (0,-2,-6)
[+02:32:37.737] VoxelChunk: GenerateAsync (0,2,-6)
[+02:32:37.749] VoxelMesh: Chunk X=0 Y=0 Z=0 FlatVerts=48 SlopeVerts=48
[+02:32:37.749] VoxelChunk: GenerateAsync (-2,2,-4)
[+02:32:37.753] VoxelChunk: GenerateAsync (2,2,-4)
[+02:32:37.761] VoxelChunk: GenerateAsync (2,-2,-4)
[+02:32:37.766] VoxelMesh: Chunk X=0 Y=0 Z=0 FlatVerts=60 SlopeVerts=0
[+02:32:37.766] VoxelChunk: GenerateAsync (-2,-2,-4)
[+02:32:37.780] VoxelChunk: GenerateAsync (1,-2,-6)
[+02:32:37.787] VoxelChunk: GenerateAsync (-2,1,-6)
[+02:32:37.791] VoxelMesh: Chunk X=0 Y=0 Z=0 FlatVerts=7392 SlopeVerts=2262
[+02:32:37.792] VoxelChunk: GenerateAsync (2,2,-3)
[+02:32:37.796] VoxelMesh: Chunk X=0 Y=0 Z=0 FlatVerts=8376 SlopeVerts=1722
[+02:32:37.797] VoxelChunk: GenerateAsync (-2,2,-3)
[+02:32:37.813] VoxelChunk: GenerateAsync (-1,-2,-6)
[+02:32:37.814] VoxelChunk: GenerateAsync (-2,2,-5)
[+02:32:37.815] VoxelChunk: GenerateAsync (2,-2,-5)
[+02:32:37.818] VoxelChunk: GenerateAsync (-2,-2,-5)
[+02:32:37.827] VoxelChunk: GenerateAsync (-2,-1,-6)
[+02:32:37.829] VoxelChunk: GenerateAsync (2,2,-5)
[+02:32:37.830] VoxelChunk: GenerateAsync (2,-1,-6)
[+02:32:37.832] VoxelMesh: Chunk X=-2 Y=2 Z=-4 FlatVerts=342 SlopeVerts=30
[+02:32:37.832] VoxelChunk: GenerateAsync (2,-2,-3)
[+02:32:37.836] VoxelWater: Chunk X=4 Y=-26 Z=2 emitted 12 procedural water vertices (Ocean/Pools)
[+02:32:37.836] VoxelWater: Chunk X=4 Y=-25 Z=2 emitted 136 procedural water vertices (Ocean/Pools)
[+02:32:37.836] VoxelWater: Chunk X=4 Y=-25 Z=3 emitted 116 procedural water vertices (Ocean/Pools)
[+02:32:37.836] VoxelWater: Chunk X=5 Y=-25 Z=2 emitted 120 procedural water vertices (Ocean/Pools)
[+02:32:37.836] VoxelWater: Chunk X=4 Y=-24 Z=3 emitted 56 procedural water vertices (Ocean/Pools)
[+02:32:37.836] VoxelWater: Chunk X=4 Y=-24 Z=2 emitted 84 procedural water vertices (Ocean/Pools)
[+02:32:37.836] VoxelWater: Chunk X=5 Y=-25 Z=3 emitted 124 procedural water vertices (Ocean/Pools)
[+02:32:37.836] VoxelWater: Chunk X=5 Y=-24 Z=2 emitted 28 procedural water vertices (Ocean/Pools)
[+02:32:37.836] VoxelWater: Chunk X=5 Y=-24 Z=3 emitted 20 procedural water vertices (Ocean/Pools)
[+02:32:37.836] VoxelWater: Chunk X=6 Y=-24 Z=3 emitted 96 procedural water vertices (Ocean/Pools)
[+02:32:37.836] VoxelWater: Chunk X=6 Y=-26 Z=3 emitted 16 procedural water vertices (Ocean/Pools)
[+02:32:37.836] VoxelWater: Chunk X=6 Y=-25 Z=3 emitted 108 procedural water vertices (Ocean/Pools)
[+02:32:37.836] VoxelWater: Chunk X=6 Y=-26 Z=2 emitted 36 procedural water vertices (Ocean/Pools)
[+02:32:37.836] VoxelWater: Chunk X=6 Y=-24 Z=2 emitted 64 procedural water vertices (Ocean/Pools)
[+02:32:37.843] VoxelChunk: GenerateAsync (-3,0,-4)
[+02:32:37.845] VoxelChunk: GenerateAsync (2,1,-6)
[+02:32:37.847] VoxelChunk: GenerateAsync (1,2,-6)
[+02:32:37.848] VoxelChunk: GenerateAsync (-2,-2,-3)
[+02:32:37.855] VoxelChunk: GenerateAsync (0,3,-4)
[+02:32:37.857] VoxelChunk: GenerateAsync (-1,2,-6)
[+02:32:37.859] VoxelChunk: GenerateAsync (3,0,-4)
[+02:32:37.861] VoxelChunk: GenerateAsync (0,-3,-4)
[+02:32:37.868] VoxelChunk: GenerateAsync (-1,-3,-4)
[+02:32:37.870] VoxelChunk: GenerateAsync (1,-3,-4)
[+02:32:37.872] VoxelChunk: GenerateAsync (0,3,-5)
[+02:32:37.873] VoxelChunk: GenerateAsync (3,0,-3)
[+02:32:37.881] VoxelMesh: Chunk X=2 Y=3 Z=1 FlatVerts=0 SlopeVerts=0
[+02:32:37.881] VoxelChunk: GenerateAsync (-3,0,-3)
[+02:32:37.883] VoxelChunk: GenerateAsync (0,-3,-5)
[+02:32:37.884] VoxelChunk: GenerateAsync (1,3,-4)
[+02:32:37.886] VoxelChunk: GenerateAsync (-1,3,-4)
[+02:32:37.893] VoxelChunk: GenerateAsync (0,3,-3)
[+02:32:37.895] VoxelChunk: GenerateAsync (-3,1,-4)
[+02:32:37.896] VoxelChunk: GenerateAsync (3,-1,-4)
[+02:32:37.898] VoxelChunk: GenerateAsync (-3,-1,-4)
[+02:32:37.906] VoxelChunk: GenerateAsync (3,1,-4)
[+02:32:37.908] VoxelChunk: GenerateAsync (-3,0,-5)
[+02:32:37.910] VoxelChunk: GenerateAsync (0,-3,-3)
[+02:32:37.911] VoxelChunk: GenerateAsync (3,0,-5)
[+02:32:37.919] VoxelMesh: Chunk X=3 Y=-1 Z=1 FlatVerts=270 SlopeVerts=216
[+02:32:37.919] VoxelChunk: GenerateAsync (-3,1,-3)
[+02:32:37.920] VoxelChunk: GenerateAsync (1,3,-3)
[+02:32:37.922] VoxelChunk: GenerateAsync (1,-3,-5)
[+02:32:37.925] VoxelChunk: GenerateAsync (-3,1,-5)
[+02:32:37.932] VoxelChunk: GenerateAsync (3,-1,-5)
[+02:32:37.933] VoxelChunk: GenerateAsync (-3,-1,-5)
[+02:32:37.935] VoxelChunk: GenerateAsync (-1,-3,-5)
[+02:32:37.937] VoxelChunk: GenerateAsync (3,-1,-3)
[+02:32:37.944] VoxelChunk: GenerateAsync (-1,-3,-3)
[+02:32:37.946] VoxelMesh: Chunk X=-3 Y=-3 Z=-1 FlatVerts=0 SlopeVerts=0
[+02:32:37.946] VoxelChunk: GenerateAsync (1,-3,-3)
[+02:32:37.947] VoxelChunk: GenerateAsync (-1,3,-3)
[+02:32:37.949] VoxelChunk: GenerateAsync (-3,-1,-3)
[+02:32:37.956] VoxelChunk: GenerateAsync (1,3,-5)
[+02:32:37.958] VoxelChunk: GenerateAsync (3,1,-3)
[+02:32:37.959] VoxelChunk: GenerateAsync (-1,3,-5)
[+02:32:37.961] VoxelChunk: GenerateAsync (3,1,-5)
[+02:32:37.969] VoxelChunk: GenerateAsync (2,2,-6)
[+02:32:37.970] VoxelChunk: GenerateAsync (-2,-2,-6)
[+02:32:37.972] VoxelChunk: GenerateAsync (2,-2,-6)
[+02:32:37.973] VoxelChunk: GenerateAsync (-2,2,-6)
[+02:32:37.981] VoxelChunk: GenerateAsync (2,-3,-4)
[+02:32:37.982] VoxelChunk: GenerateAsync (3,-2,-4)
[+02:32:37.984] VoxelChunk: GenerateAsync (3,2,-4)
[+02:32:37.986] VoxelChunk: GenerateAsync (-2,-3,-4)
[+02:32:37.994] VoxelChunk: GenerateAsync (0,3,-6)
[+02:32:37.996] VoxelChunk: GenerateAsync (-3,-2,-4)
[+02:32:37.997] VoxelChunk: GenerateAsync (-3,2,-4)
[+02:32:37.999] VoxelChunk: GenerateAsync (-2,3,-4)
[+02:32:38.007] VoxelChunk: GenerateAsync (2,3,-4)
[+02:32:38.009] VoxelChunk: GenerateAsync (0,-3,-6)
[+02:32:38.010] VoxelChunk: GenerateAsync (3,0,-6)
[+02:32:38.012] VoxelChunk: GenerateAsync (-3,0,-6)
[+02:32:38.019] VoxelChunk: GenerateAsync (-1,-3,-6)
[+02:32:38.021] VoxelChunk: GenerateAsync (3,1,-6)
[+02:32:38.022] VoxelChunk: GenerateAsync (1,-3,-6)
[+02:32:38.024] VoxelChunk: GenerateAsync (-2,-3,-3)
[+02:32:38.030] VoxelMesh: Chunk X=0 Y=3 Z=2 FlatVerts=0 SlopeVerts=0
[+02:32:38.030] VoxelChunk: GenerateAsync (2,-3,-3)
[+02:32:38.032] VoxelMesh: Chunk X=1 Y=3 Z=2 FlatVerts=0 SlopeVerts=0
[+02:32:38.032] VoxelChunk: GenerateAsync (-3,2,-3)
[+02:32:38.034] VoxelChunk: GenerateAsync (-3,-2,-3)
[+02:32:38.035] VoxelChunk: GenerateAsync (3,-2,-5)
[+02:32:38.046] VoxelWater: Chunk X=4 Y=-26 Z=2 emitted 12 procedural water vertices (Ocean/Pools)
[+02:32:38.046] VoxelWater: Chunk X=4 Y=-25 Z=2 emitted 164 procedural water vertices (Ocean/Pools)
[+02:32:38.046] VoxelWater: Chunk X=4 Y=-25 Z=3 emitted 124 procedural water vertices (Ocean/Pools)
[+02:32:38.046] VoxelWater: Chunk X=5 Y=-25 Z=2 emitted 120 procedural water vertices (Ocean/Pools)
[+02:32:38.046] VoxelWater: Chunk X=4 Y=-24 Z=3 emitted 60 procedural water vertices (Ocean/Pools)
[+02:32:38.046] VoxelWater: Chunk X=4 Y=-24 Z=2 emitted 92 procedural water vertices (Ocean/Pools)
[+02:32:38.046] VoxelWater: Chunk X=5 Y=-25 Z=3 emitted 124 procedural water vertices (Ocean/Pools)
[+02:32:38.046] VoxelWater: Chunk X=5 Y=-24 Z=2 emitted 28 procedural water vertices (Ocean/Pools)
[+02:32:38.046] VoxelWater: Chunk X=5 Y=-24 Z=3 emitted 20 procedural water vertices (Ocean/Pools)
[+02:32:38.046] VoxelWater: Chunk X=6 Y=-24 Z=3 emitted 104 procedural water vertices (Ocean/Pools)
[+02:32:38.046] VoxelWater: Chunk X=6 Y=-26 Z=3 emitted 16 procedural water vertices (Ocean/Pools)
[+02:32:38.046] VoxelWater: Chunk X=6 Y=-25 Z=3 emitted 108 procedural water vertices (Ocean/Pools)
[+02:32:38.046] VoxelWater: Chunk X=6 Y=-26 Z=2 emitted 36 procedural water vertices (Ocean/Pools)
[+02:32:38.046] VoxelWater: Chunk X=6 Y=-24 Z=2 emitted 68 procedural water vertices (Ocean/Pools)
[+02:32:38.055] VoxelChunk: GenerateAsync (3,2,-3)
[+02:32:38.057] VoxelChunk: GenerateAsync (-2,3,-5)
[+02:32:38.058] VoxelChunk: GenerateAsync (-3,1,-6)
[+02:32:38.060] VoxelChunk: GenerateAsync (-2,3,-3)
[+02:32:38.067] VoxelChunk: GenerateAsync (2,3,-3)
[+02:32:38.068] VoxelChunk: GenerateAsync (2,3,-5)
[+02:32:38.070] VoxelChunk: GenerateAsync (3,-2,-3)
[+02:32:38.071] VoxelChunk: GenerateAsync (-3,-1,-6)
[+02:32:38.079] VoxelChunk: GenerateAsync (3,-1,-6)
[+02:32:38.080] VoxelChunk: GenerateAsync (3,2,-5)
[+02:32:38.082] VoxelChunk: GenerateAsync (-3,-2,-5)
[+02:32:38.083] VoxelChunk: GenerateAsync (1,3,-6)
[+02:32:38.091] VoxelChunk: GenerateAsync (-1,3,-6)
[+02:32:38.093] VoxelChunk: GenerateAsync (-2,-3,-5)
[+02:32:38.095] VoxelChunk: GenerateAsync (-3,2,-5)
[+02:32:38.096] VoxelChunk: GenerateAsync (2,-3,-5)
[+02:32:38.103] VoxelChunk: GenerateAsync (2,3,-6)
[+02:32:38.105] VoxelChunk: GenerateAsync (-2,3,-6)
[+02:32:38.107] VoxelChunk: GenerateAsync (3,-2,-6)
[+02:32:38.109] VoxelChunk: GenerateAsync (-3,2,-6)
[+02:32:38.115] VoxelChunk: GenerateAsync (3,2,-6)
[+02:32:38.116] VoxelChunk: GenerateAsync (-3,-2,-6)
[+02:32:38.118] VoxelChunk: GenerateAsync (-2,-3,-6)
[+02:32:38.119] VoxelChunk: GenerateAsync (2,-3,-6)
[+02:32:38.127] VoxelChunk: GenerateAsync (3,-3,-4)
[+02:32:38.128] VoxelChunk: GenerateAsync (-3,3,-4)
[+02:32:38.131] VoxelChunk: GenerateAsync (3,3,-4)
[+02:32:38.132] VoxelChunk: GenerateAsync (-3,-3,-4)
[+02:32:38.139] VoxelChunk: GenerateAsync (-3,-3,-3)
[+02:32:38.141] VoxelChunk: GenerateAsync (3,-3,-3)
[+02:32:38.142] VoxelChunk: GenerateAsync (-3,3,-5)
[+02:32:38.145] VoxelChunk: GenerateAsync (3,-3,-5)
[+02:32:38.152] VoxelChunk: GenerateAsync (3,3,-5)
[+02:32:38.153] VoxelChunk: GenerateAsync (-3,3,-3)
[+02:32:38.155] VoxelChunk: GenerateAsync (-3,-3,-5)
[+02:32:38.157] VoxelChunk: GenerateAsync (3,3,-3)
[+02:32:38.164] VoxelChunk: GenerateAsync (3,3,-6)
[+02:32:38.166] VoxelChunk: GenerateAsync (3,-3,-6)
[+02:32:38.168] VoxelChunk: GenerateAsync (-3,3,-6)
[+02:32:38.169] VoxelChunk: GenerateAsync (-3,-3,-6)
[+02:32:38.176] VoxelChunk: GenerateAsync (0,4,-1)
[+02:32:38.178] VoxelChunk: GenerateAsync (0,-4,-1)
[+02:32:38.179] VoxelMesh: Chunk X=-2 Y=1 Z=-4 FlatVerts=1044 SlopeVerts=420
[+02:32:38.179] VoxelChunk: GenerateAsync (4,0,-1)
[+02:32:38.180] VoxelMesh: Chunk X=-1 Y=2 Z=-4 FlatVerts=606 SlopeVerts=1776
[+02:32:38.181] VoxelChunk: GenerateAsync (-4,0,-1)
[+02:32:38.189] VoxelMesh: Chunk X=2 Y=1 Z=-4 FlatVerts=648 SlopeVerts=132
[+02:32:38.189] VoxelChunk: GenerateAsync (-4,1,-1)
[+02:32:38.190] VoxelChunk: GenerateAsync (1,4,-1)
[+02:32:38.190] VoxelMesh: Chunk X=0 Y=-2 Z=-5 FlatVerts=60 SlopeVerts=0
[+02:32:38.190] VoxelChunk: GenerateAsync (4,-1,-1)
[+02:32:38.191] VoxelMesh: Chunk X=1 Y=-2 Z=-4 FlatVerts=42 SlopeVerts=108
[+02:32:38.191] VoxelChunk: GenerateAsync (-4,-1,-1)
[+02:32:38.197] VoxelChunk: GenerateAsync (-1,-4,-1)
[+02:32:38.198] VoxelMesh: Chunk X=-2 Y=0 Z=-5 FlatVerts=84 SlopeVerts=6
[+02:32:38.198] VoxelChunk: GenerateAsync (-1,4,-1)
[+02:32:38.199] VoxelMesh: Chunk X=-1 Y=-2 Z=-4 FlatVerts=0 SlopeVerts=12
[+02:32:38.199] VoxelChunk: GenerateAsync (1,-4,-1)
[+02:32:38.200] VoxelMesh: Chunk X=0 Y=2 Z=-5 FlatVerts=1536 SlopeVerts=2412
[+02:32:38.201] VoxelChunk: GenerateAsync (4,1,-1)
[+02:32:38.208] VoxelMesh: Chunk X=1 Y=1 Z=-6 FlatVerts=0 SlopeVerts=0
[+02:32:38.209] VoxelChunk: GenerateAsync (4,-2,-1)
[+02:32:38.209] VoxelChunk: GenerateAsync (-2,-4,-1)
[+02:32:38.210] VoxelMesh: Chunk X=-1 Y=-2 Z=-3 FlatVerts=162 SlopeVerts=324
[+02:32:38.210] VoxelChunk: GenerateAsync (4,2,-1)
[+02:32:38.211] VoxelMesh: Chunk X=1 Y=2 Z=-5 FlatVerts=552 SlopeVerts=0
[+02:32:38.211] VoxelChunk: GenerateAsync (-4,2,-1)
[+02:32:38.217] VoxelMesh: Chunk X=-2 Y=-1 Z=-3 FlatVerts=102 SlopeVerts=0
[+02:32:38.217] VoxelChunk: GenerateAsync (-2,4,-1)
[+02:32:38.218] VoxelMesh: Chunk X=-1 Y=1 Z=-6 FlatVerts=12 SlopeVerts=246
[+02:32:38.218] VoxelChunk: GenerateAsync (2,-4,-1)
[+02:32:38.218] VoxelMesh: Chunk X=-1 Y=-2 Z=-5 FlatVerts=12 SlopeVerts=102
[+02:32:38.218] VoxelChunk: GenerateAsync (-4,-2,-1)
[+02:32:38.218] VoxelMesh: Chunk X=1 Y=-2 Z=-5 FlatVerts=0 SlopeVerts=42
[+02:32:38.219] VoxelChunk: GenerateAsync (2,4,-1)
[+02:32:38.226] VoxelChunk: GenerateAsync (0,-4,0)
[+02:32:38.226] VoxelChunk: GenerateAsync (0,4,0)
[+02:32:38.227] VoxelChunk: GenerateAsync (4,0,0)
[+02:32:38.227] VoxelMesh: Chunk X=2 Y=-1 Z=-5 FlatVerts=234 SlopeVerts=804
[+02:32:38.228] VoxelChunk: GenerateAsync (-4,0,0)
[+02:32:38.237] VoxelMesh: Chunk X=0 Y=0 Z=0 FlatVerts=0 SlopeVerts=0
[+02:32:38.237] VoxelChunk: GenerateAsync (4,1,0)
[+02:32:38.240] VoxelMesh: Chunk X=0 Y=0 Z=0 FlatVerts=0 SlopeVerts=750
[+02:32:38.241] VoxelChunk: GenerateAsync (-4,1,0)
[+02:32:38.243] VoxelMesh: Chunk X=0 Y=0 Z=0 FlatVerts=486 SlopeVerts=3624
[+02:32:38.244] VoxelChunk: GenerateAsync (1,4,0)
[+02:32:38.247] VoxelMesh: Chunk X=0 Y=0 Z=0 FlatVerts=1272 SlopeVerts=13668
[+02:32:38.248] VoxelChunk: GenerateAsync (-1,-4,0)
[+02:32:38.263] VoxelWater: Chunk X=4 Y=-26 Z=2 emitted 12 procedural water vertices (Ocean/Pools)
[+02:32:38.263] VoxelWater: Chunk X=4 Y=-25 Z=2 emitted 212 procedural water vertices (Ocean/Pools)
[+02:32:38.263] VoxelWater: Chunk X=4 Y=-25 Z=3 emitted 132 procedural water vertices (Ocean/Pools)
[+02:32:38.263] VoxelWater: Chunk X=5 Y=-25 Z=2 emitted 128 procedural water vertices (Ocean/Pools)
[+02:32:38.263] VoxelWater: Chunk X=4 Y=-24 Z=2 emitted 108 procedural water vertices (Ocean/Pools)
[+02:32:38.263] VoxelWater: Chunk X=4 Y=-24 Z=3 emitted 72 procedural water vertices (Ocean/Pools)
[+02:32:38.263] VoxelWater: Chunk X=5 Y=-25 Z=3 emitted 124 procedural water vertices (Ocean/Pools)
[+02:32:38.263] VoxelWater: Chunk X=5 Y=-24 Z=2 emitted 40 procedural water vertices (Ocean/Pools)
[+02:32:38.263] VoxelWater: Chunk X=5 Y=-24 Z=3 emitted 20 procedural water vertices (Ocean/Pools)
[+02:32:38.263] VoxelWater: Chunk X=6 Y=-24 Z=3 emitted 104 procedural water vertices (Ocean/Pools)
[+02:32:38.263] VoxelWater: Chunk X=6 Y=-26 Z=3 emitted 16 procedural water vertices (Ocean/Pools)
[+02:32:38.263] VoxelWater: Chunk X=6 Y=-25 Z=3 emitted 112 procedural water vertices (Ocean/Pools)
[+02:32:38.263] VoxelWater: Chunk X=6 Y=-26 Z=2 emitted 36 procedural water vertices (Ocean/Pools)
[+02:32:38.264] VoxelWater: Chunk X=6 Y=-24 Z=2 emitted 72 procedural water vertices (Ocean/Pools)
[+02:32:38.273] VoxelChunk: GenerateAsync (-4,-1,0)
[+02:32:38.277] VoxelMesh: Chunk X=0 Y=0 Z=0 FlatVerts=1014 SlopeVerts=19314
[+02:32:38.278] VoxelChunk: GenerateAsync (4,-1,0)
[+02:32:38.281] VoxelMesh: Chunk X=0 Y=0 Z=0 FlatVerts=120 SlopeVerts=4350
[+02:32:38.282] VoxelChunk: GenerateAsync (-1,4,0)
[+02:32:38.286] VoxelMesh: Chunk X=0 Y=0 Z=0 FlatVerts=798 SlopeVerts=18006
[+02:32:38.286] VoxelChunk: GenerateAsync (1,-4,0)
[+02:32:38.298] VoxelMesh: Chunk X=0 Y=0 Z=0 FlatVerts=372 SlopeVerts=1476
[+02:32:38.299] VoxelChunk: GenerateAsync (-5,0,-1)
[+02:32:38.303] VoxelMesh: Chunk X=0 Y=0 Z=0 FlatVerts=8544 SlopeVerts=12
[+02:32:38.304] VoxelChunk: GenerateAsync (4,3,-1)
[+02:32:38.309] VoxelMesh: Chunk X=0 Y=0 Z=0 FlatVerts=5244 SlopeVerts=20124
[+02:32:38.312] VoxelChunk: GenerateAsync (0,-5,-1)
[+02:32:38.317] VoxelMesh: Chunk X=0 Y=0 Z=0 FlatVerts=2022 SlopeVerts=16686
[+02:32:38.318] VoxelChunk: GenerateAsync (3,-4,-1)
[+02:32:38.335] VoxelChunk: GenerateAsync (4,-26,2)
[+02:32:38.335] VoxelChunk: GenerateAsync (4,-25,2)
[+02:32:38.335] VoxelChunk: GenerateAsync (4,-24,2)
[+02:32:38.335] VoxelChunk: GenerateAsync (5,-26,2)
[+02:32:38.335] VoxelChunk: GenerateAsync (5,-25,2)
[+02:32:38.335] VoxelChunk: GenerateAsync (5,-24,2)
[+02:32:38.335] VoxelChunk: GenerateAsync (6,-26,2)
[+02:32:38.335] VoxelChunk: GenerateAsync (6,-25,2)
[+02:32:38.335] VoxelChunk: GenerateAsync (6,-24,2)
[+02:32:38.335] VoxelMesh: Chunk X=4 Y=-26 Z=2 FlatVerts=24 SlopeVerts=18
[+02:32:38.335] VoxelMesh: Chunk X=4 Y=-24 Z=2 FlatVerts=6 SlopeVerts=114
[+02:32:38.335] VoxelMesh: Chunk X=4 Y=-25 Z=2 FlatVerts=0 SlopeVerts=144
[+02:32:38.335] VoxelMesh: Chunk X=5 Y=-26 Z=2 FlatVerts=0 SlopeVerts=12
[+02:32:38.335] VoxelMesh: Chunk X=5 Y=-25 Z=2 FlatVerts=0 SlopeVerts=174
[+02:32:38.335] VoxelMesh: Chunk X=5 Y=-24 Z=2 FlatVerts=30 SlopeVerts=144
[+02:32:38.335] VoxelMesh: Chunk X=6 Y=-26 Z=2 FlatVerts=0 SlopeVerts=138
[+02:32:38.335] VoxelMesh: Chunk X=6 Y=-24 Z=2 FlatVerts=0 SlopeVerts=168
[+02:32:38.335] VoxelMesh: Chunk X=6 Y=-25 Z=2 FlatVerts=0 SlopeVerts=6
[+02:32:38.335] VoxelMesh: Chunk X=3 Y=-4 Z=-1 FlatVerts=534 SlopeVerts=42
[+02:32:38.336] VoxelChunk: GenerateAsync (4,-3,-1)
[+02:32:38.337] VoxelChunk: GenerateAsync (0,5,-1)
[+02:32:38.338] VoxelMesh: Chunk X=4 Y=3 Z=-1 FlatVerts=474 SlopeVerts=0
[+02:32:38.339] VoxelChunk: GenerateAsync (-3,4,-1)
[+02:32:38.339] VoxelMesh: Chunk X=-5 Y=0 Z=-1 FlatVerts=12 SlopeVerts=1542
[+02:32:38.340] VoxelChunk: GenerateAsync (3,4,-1)
[+02:32:38.349] VoxelMesh: Chunk X=1 Y=-4 Z=0 FlatVerts=330 SlopeVerts=1896
[+02:32:38.350] VoxelChunk: GenerateAsync (5,0,-1)
[+02:32:38.352] VoxelMesh: Chunk X=-1 Y=4 Z=0 FlatVerts=0 SlopeVerts=0
[+02:32:38.352] VoxelChunk: GenerateAsync (-3,-4,-1)
[+02:32:38.353] VoxelMesh: Chunk X=4 Y=-1 Z=0 FlatVerts=840 SlopeVerts=6
[+02:32:38.353] VoxelChunk: GenerateAsync (-4,3,-1)
[+02:32:38.355] VoxelMesh: Chunk X=-4 Y=-1 Z=0 FlatVerts=924 SlopeVerts=3216
[+02:32:38.355] VoxelChunk: GenerateAsync (-4,-3,-1)
[+02:32:38.364] VoxelMesh: Chunk X=-1 Y=-4 Z=0 FlatVerts=0 SlopeVerts=0
[+02:32:38.364] VoxelChunk: GenerateAsync (5,-1,-1)
[+02:32:38.365] VoxelMesh: Chunk X=1 Y=4 Z=0 FlatVerts=1332 SlopeVerts=2052
[+02:32:38.366] VoxelChunk: GenerateAsync (-5,-1,-1)
[+02:32:38.367] VoxelMesh: Chunk X=-4 Y=1 Z=0 FlatVerts=750 SlopeVerts=930
[+02:32:38.368] VoxelChunk: GenerateAsync (-5,1,-1)
[+02:32:38.369] VoxelMesh: Chunk X=4 Y=1 Z=0 FlatVerts=702 SlopeVerts=3240
[+02:32:38.369] VoxelChunk: GenerateAsync (5,1,-1)
[+02:32:38.378] VoxelMesh: Chunk X=-1 Y=-2 Z=-6 FlatVerts=54 SlopeVerts=156
[+02:32:38.378] VoxelChunk: GenerateAsync (1,-5,-1)
[+02:32:38.380] VoxelMesh: Chunk X=-2 Y=2 Z=-5 FlatVerts=144 SlopeVerts=1650
[+02:32:38.380] VoxelChunk: GenerateAsync (-1,-5,-1)
[+02:32:38.381] VoxelChunk: GenerateAsync (-1,5,-1)
[+02:32:38.382] VoxelChunk: GenerateAsync (1,5,-1)
[+02:32:38.388] VoxelChunk: GenerateAsync (-2,4,0)
[+02:32:38.389] VoxelChunk: GenerateAsync (-4,2,0)
[+02:32:38.390] VoxelChunk: GenerateAsync (2,4,0)
[+02:32:38.391] VoxelChunk: GenerateAsync (4,-2,0)
[+02:32:38.398] VoxelMesh: Chunk X=-3 Y=0 Z=-4 FlatVerts=948 SlopeVerts=4578
[+02:32:38.398] VoxelChunk: GenerateAsync (-4,-2,0)
[+02:32:38.400] VoxelMesh: Chunk X=2 Y=1 Z=-6 FlatVerts=588 SlopeVerts=4392
[+02:32:38.400] VoxelChunk: GenerateAsync (2,-4,0)
[+02:32:38.402] VoxelMesh: Chunk X=1 Y=2 Z=-6 FlatVerts=0 SlopeVerts=6
[+02:32:38.402] VoxelChunk: GenerateAsync (-2,-4,0)
[+02:32:38.403] VoxelMesh: Chunk X=-2 Y=-2 Z=-3 FlatVerts=1002 SlopeVerts=2454
[+02:32:38.404] VoxelChunk: GenerateAsync (4,2,0)
[+02:32:38.411] VoxelMesh: Chunk X=0 Y=3 Z=-4 FlatVerts=0 SlopeVerts=0
[+02:32:38.412] VoxelChunk: GenerateAsync (5,-2,-1)
[+02:32:38.413] VoxelMesh: Chunk X=-1 Y=2 Z=-6 FlatVerts=1752 SlopeVerts=1164
[+02:32:38.413] VoxelChunk: GenerateAsync (-5,-2,-1)
[+02:32:38.415] VoxelMesh: Chunk X=3 Y=0 Z=-4 FlatVerts=804 SlopeVerts=2316
[+02:32:38.415] VoxelChunk: GenerateAsync (5,2,-1)
[+02:32:38.416] VoxelMesh: Chunk X=0 Y=-3 Z=-4 FlatVerts=12 SlopeVerts=78
[+02:32:38.417] VoxelChunk: GenerateAsync (2,-5,-1)
[+02:32:38.424] VoxelChunk: GenerateAsync (-2,5,-1)
[+02:32:38.426] VoxelMesh: Chunk X=1 Y=-3 Z=-4 FlatVerts=396 SlopeVerts=1878
[+02:32:38.426] VoxelChunk: GenerateAsync (-2,-5,-1)
[+02:32:38.427] VoxelMesh: Chunk X=0 Y=3 Z=-5 FlatVerts=966 SlopeVerts=24
[+02:32:38.428] VoxelChunk: GenerateAsync (-5,2,-1)
[+02:32:38.429] VoxelMesh: Chunk X=3 Y=0 Z=-3 FlatVerts=24 SlopeVerts=1662
[+02:32:38.429] VoxelChunk: GenerateAsync (2,5,-1)
[+02:32:38.436] VoxelMesh: Chunk X=-3 Y=0 Z=-3 FlatVerts=0 SlopeVerts=0
[+02:32:38.437] VoxelChunk: GenerateAsync (-4,4,-1)
[+02:32:38.438] VoxelMesh: Chunk X=0 Y=-3 Z=-5 FlatVerts=2232 SlopeVerts=750
[+02:32:38.438] VoxelChunk: GenerateAsync (4,-4,-1)
[+02:32:38.440] VoxelMesh: Chunk X=1 Y=3 Z=-4 FlatVerts=0 SlopeVerts=306
[+02:32:38.440] VoxelChunk: GenerateAsync (-4,-4,-1)
[+02:32:38.441] VoxelMesh: Chunk X=-1 Y=3 Z=-4 FlatVerts=1032 SlopeVerts=3720
[+02:32:38.442] VoxelChunk: GenerateAsync (4,4,-1)
[+02:32:38.448] VoxelWater: Chunk X=4 Y=-26 Z=2 emitted 12 procedural water vertices (Ocean/Pools)
[+02:32:38.448] VoxelWater: Chunk X=4 Y=-25 Z=2 emitted 204 procedural water vertices (Ocean/Pools)
[+02:32:38.448] VoxelWater: Chunk X=4 Y=-25 Z=3 emitted 136 procedural water vertices (Ocean/Pools)
[+02:32:38.448] VoxelWater: Chunk X=4 Y=-24 Z=2 emitted 164 procedural water vertices (Ocean/Pools)
[+02:32:38.448] VoxelWater: Chunk X=4 Y=-24 Z=3 emitted 68 procedural water vertices (Ocean/Pools)
[+02:32:38.448] VoxelWater: Chunk X=5 Y=-24 Z=2 emitted 44 procedural water vertices (Ocean/Pools)
[+02:32:38.448] VoxelWater: Chunk X=5 Y=-25 Z=2 emitted 128 procedural water vertices (Ocean/Pools)
[+02:32:38.448] VoxelWater: Chunk X=5 Y=-25 Z=3 emitted 128 procedural water vertices (Ocean/Pools)
[+02:32:38.448] VoxelWater: Chunk X=5 Y=-24 Z=3 emitted 20 procedural water vertices (Ocean/Pools)
[+02:32:38.448] VoxelWater: Chunk X=6 Y=-24 Z=3 emitted 104 procedural water vertices (Ocean/Pools)
[+02:32:38.448] VoxelWater: Chunk X=6 Y=-26 Z=2 emitted 44 procedural water vertices (Ocean/Pools)
[+02:32:38.448] VoxelWater: Chunk X=6 Y=-26 Z=3 emitted 16 procedural water vertices (Ocean/Pools)
[+02:32:38.449] VoxelWater: Chunk X=6 Y=-25 Z=3 emitted 132 procedural water vertices (Ocean/Pools)
[+02:32:38.449] VoxelWater: Chunk X=6 Y=-25 Z=2 emitted 12 procedural water vertices (Ocean/Pools)
[+02:32:38.449] VoxelWater: Chunk X=6 Y=-24 Z=2 emitted 96 procedural water vertices (Ocean/Pools)
[+02:32:38.455] VoxelMesh: Chunk X=0 Y=3 Z=-3 FlatVerts=12 SlopeVerts=252
[+02:32:38.455] VoxelChunk: GenerateAsync (-5,0,0)
[+02:32:38.456] VoxelMesh: Chunk X=-3 Y=1 Z=-4 FlatVerts=6 SlopeVerts=402
[+02:32:38.457] VoxelChunk: GenerateAsync (-4,-3,0)
[+02:32:38.458] VoxelChunk: GenerateAsync (4,-3,0)
[+02:32:38.458] VoxelMesh: Chunk X=-3 Y=-1 Z=-4 FlatVerts=0 SlopeVerts=0
[+02:32:38.459] VoxelChunk: GenerateAsync (-4,0,1)
[+02:32:38.459] VoxelMesh: Chunk X=-4 Y=0 Z=1 FlatVerts=0 SlopeVerts=0
[+02:32:38.465] VoxelChunk: GenerateAsync (0,5,0)
[+02:32:38.467] VoxelMesh: Chunk X=-3 Y=0 Z=-5 FlatVerts=36 SlopeVerts=306
[+02:32:38.467] VoxelChunk: GenerateAsync (0,-5,0)
[+02:32:38.468] VoxelMesh: Chunk X=0 Y=-3 Z=-3 FlatVerts=0 SlopeVerts=0
[+02:32:38.468] VoxelChunk: GenerateAsync (3,4,0)
[+02:32:38.469] VoxelMesh: Chunk X=3 Y=0 Z=-5 FlatVerts=300 SlopeVerts=810
[+02:32:38.470] VoxelChunk: GenerateAsync (4,3,0)
[+02:32:38.477] VoxelChunk: GenerateAsync (0,4,1)
[+02:32:38.477] VoxelChunk: GenerateAsync (-3,4,0)
[+02:32:38.478] VoxelMesh: Chunk X=0 Y=4 Z=1 FlatVerts=2106 SlopeVerts=0
[+02:32:38.478] VoxelMesh: Chunk X=1 Y=-3 Z=-5 FlatVerts=66 SlopeVerts=804
[+02:32:38.479] VoxelChunk: GenerateAsync (3,-4,0)
[+02:32:38.480] VoxelMesh: Chunk X=-3 Y=1 Z=-5 FlatVerts=0 SlopeVerts=330
[+02:32:38.480] VoxelChunk: GenerateAsync (5,0,0)
[+02:32:38.488] VoxelMesh: Chunk X=3 Y=-1 Z=-5 FlatVerts=0 SlopeVerts=1344
[+02:32:38.488] VoxelChunk: GenerateAsync (-3,-4,0)
[+02:32:38.489] VoxelChunk: GenerateAsync (-4,3,0)
[+02:32:38.491] VoxelMesh: Chunk X=-1 Y=-3 Z=-5 FlatVerts=708 SlopeVerts=1950
[+02:32:38.491] VoxelChunk: GenerateAsync (0,-4,1)
[+02:32:38.492] VoxelChunk: GenerateAsync (4,0,1)
[+02:32:38.494] VoxelMesh: Chunk X=4 Y=0 Z=1 FlatVerts=2184 SlopeVerts=366
[+02:32:38.500] VoxelMesh: Chunk X=-1 Y=-3 Z=-3 FlatVerts=18 SlopeVerts=84
[+02:32:38.501] VoxelChunk: GenerateAsync (-4,-1,1)
[+02:32:38.502] VoxelChunk: GenerateAsync (4,1,1)
[+02:32:38.503] VoxelMesh: Chunk X=-1 Y=3 Z=-3 FlatVerts=672 SlopeVerts=5538
[+02:32:38.503] VoxelMesh: Chunk X=4 Y=1 Z=1 FlatVerts=744 SlopeVerts=180
[+02:32:38.503] VoxelChunk: GenerateAsync (1,-4,1)
[+02:32:38.505] VoxelMesh: Chunk X=-3 Y=-1 Z=-3 FlatVerts=48 SlopeVerts=2424
[+02:32:38.505] VoxelChunk: GenerateAsync (1,-5,0)
[+02:32:38.514] VoxelChunk: GenerateAsync (-4,1,1)
[+02:32:38.515] VoxelMesh: Chunk X=-4 Y=1 Z=1 FlatVerts=1860 SlopeVerts=480
[+02:32:38.515] VoxelMesh: Chunk X=3 Y=1 Z=-3 FlatVerts=306 SlopeVerts=1362
[+02:32:38.515] VoxelChunk: GenerateAsync (-1,-4,1)
[+02:32:38.516] VoxelChunk: GenerateAsync (-1,4,1)
[+02:32:38.518] VoxelMesh: Chunk X=3 Y=1 Z=-5 FlatVerts=0 SlopeVerts=2658
[+02:32:38.518] VoxelMesh: Chunk X=-1 Y=4 Z=1 FlatVerts=2250 SlopeVerts=0
[+02:32:38.518] VoxelChunk: GenerateAsync (-1,-5,0)
[+02:32:38.526] VoxelChunk: GenerateAsync (4,-1,1)
[+02:32:38.527] VoxelChunk: GenerateAsync (1,5,0)
[+02:32:38.527] VoxelMesh: Chunk X=4 Y=-1 Z=1 FlatVerts=2142 SlopeVerts=18
[+02:32:38.528] VoxelChunk: GenerateAsync (1,4,1)
[+02:32:38.528] VoxelChunk: GenerateAsync (-1,5,0)
[+02:32:38.529] VoxelMesh: Chunk X=1 Y=4 Z=1 FlatVerts=1812 SlopeVerts=0
[+02:32:38.536] VoxelMesh: Chunk X=2 Y=-3 Z=-4 FlatVerts=150 SlopeVerts=2778
[+02:32:38.537] VoxelChunk: GenerateAsync (5,1,0)
[+02:32:38.538] VoxelMesh: Chunk X=3 Y=-2 Z=-4 FlatVerts=30 SlopeVerts=552
[+02:32:38.538] VoxelChunk: GenerateAsync (-5,-1,0)
[+02:32:38.539] VoxelChunk: GenerateAsync (-5,1,0)
[+02:32:38.540] VoxelChunk: GenerateAsync (5,-1,0)
[+02:32:38.548] VoxelMesh: Chunk X=0 Y=3 Z=-6 FlatVerts=204 SlopeVerts=2142
[+02:32:38.548] VoxelChunk: GenerateAsync (-3,-5,-1)
[+02:32:38.549] VoxelMesh: Chunk X=-3 Y=-2 Z=-4 FlatVerts=1356 SlopeVerts=78
[+02:32:38.549] VoxelChunk: GenerateAsync (-5,3,-1)
[+02:32:38.550] VoxelMesh: Chunk X=-3 Y=2 Z=-4 FlatVerts=522 SlopeVerts=2610
[+02:32:38.551] VoxelChunk: GenerateAsync (3,-5,-1)
[+02:32:38.552] VoxelMesh: Chunk X=-2 Y=3 Z=-4 FlatVerts=246 SlopeVerts=828
[+02:32:38.552] VoxelChunk: GenerateAsync (5,3,-1)
[+02:32:38.560] VoxelChunk: GenerateAsync (-3,5,-1)
[+02:32:38.561] VoxelMesh: Chunk X=0 Y=-3 Z=-6 FlatVerts=2052 SlopeVerts=354
[+02:32:38.561] VoxelChunk: GenerateAsync (-5,-3,-1)
[+02:32:38.562] VoxelMesh: Chunk X=3 Y=0 Z=-6 FlatVerts=288 SlopeVerts=6
[+02:32:38.563] VoxelChunk: GenerateAsync (5,-3,-1)
[+02:32:38.564] VoxelMesh: Chunk X=-3 Y=0 Z=-6 FlatVerts=0 SlopeVerts=4158
[+02:32:38.564] VoxelChunk: GenerateAsync (3,5,-1)
[+02:32:38.573] VoxelMesh: Chunk X=-1 Y=-3 Z=-6 FlatVerts=0 SlopeVerts=42
[+02:32:38.573] VoxelChunk: GenerateAsync (-5,-2,0)
[+02:32:38.574] VoxelChunk: GenerateAsync (-5,2,0)
[+02:32:38.575] VoxelMesh: Chunk X=1 Y=-3 Z=-6 FlatVerts=0 SlopeVerts=1968
[+02:32:38.575] VoxelChunk: GenerateAsync (-2,-5,0)
[+02:32:38.576] VoxelChunk: GenerateAsync (5,-2,0)
[+02:32:38.583] VoxelMesh: Chunk X=2 Y=-3 Z=-3 FlatVerts=510 SlopeVerts=4644
[+02:32:38.583] VoxelChunk: GenerateAsync (2,-5,0)
[+02:32:38.585] VoxelMesh: Chunk X=-3 Y=2 Z=-3 FlatVerts=150 SlopeVerts=3786
[+02:32:38.585] VoxelChunk: GenerateAsync (5,2,0)
[+02:32:38.586] VoxelChunk: GenerateAsync (-2,4,1)
[+02:32:38.587] VoxelChunk: GenerateAsync (-4,2,1)
[+02:32:38.588] VoxelMesh: Chunk X=-2 Y=4 Z=1 FlatVerts=2010 SlopeVerts=0
[+02:32:38.588] VoxelMesh: Chunk X=-4 Y=2 Z=1 FlatVerts=2520 SlopeVerts=24
[+02:32:38.595] VoxelMesh: Chunk X=3 Y=2 Z=-3 FlatVerts=1374 SlopeVerts=1824
[+02:32:38.595] VoxelChunk: GenerateAsync (-2,-4,1)
[+02:32:38.596] VoxelMesh: Chunk X=-2 Y=3 Z=-5 FlatVerts=36 SlopeVerts=570
[+02:32:38.597] VoxelChunk: GenerateAsync (2,-4,1)
[+02:32:38.598] VoxelChunk: GenerateAsync (-2,5,0)
[+02:32:38.599] VoxelMesh: Chunk X=2 Y=-4 Z=1 FlatVerts=12 SlopeVerts=48
[+02:32:38.599] VoxelChunk: GenerateAsync (2,5,0)
[+02:32:38.606] VoxelChunk: GenerateAsync (2,4,1)
[+02:32:38.607] VoxelMesh: Chunk X=2 Y=3 Z=-5 FlatVerts=12 SlopeVerts=18
[+02:32:38.607] VoxelChunk: GenerateAsync (-4,-2,1)
[+02:32:38.607] VoxelMesh: Chunk X=2 Y=4 Z=1 FlatVerts=1692 SlopeVerts=432
[+02:32:38.608] VoxelChunk: GenerateAsync (4,2,1)
[+02:32:38.609] VoxelChunk: GenerateAsync (4,-2,1)
[+02:32:38.610] VoxelMesh: Chunk X=4 Y=-2 Z=1 FlatVerts=1884 SlopeVerts=0
[+02:32:38.616] VoxelChunk: GenerateAsync (-4,4,0)
[+02:32:38.618] VoxelMesh: Chunk X=3 Y=2 Z=-5 FlatVerts=0 SlopeVerts=3114
[+02:32:38.618] VoxelChunk: GenerateAsync (-4,-4,0)
[+02:32:38.619] VoxelChunk: GenerateAsync (4,-4,0)
[+02:32:38.620] VoxelMesh: Chunk X=1 Y=3 Z=-6 FlatVerts=36 SlopeVerts=132
[+02:32:38.621] VoxelChunk: GenerateAsync (4,4,0)
[+02:32:38.628] VoxelChunk: GenerateAsync (0,0,3)
[+02:32:38.629] VoxelMesh: Chunk X=-2 Y=-3 Z=-5 FlatVerts=708 SlopeVerts=5532
[+02:32:38.629] VoxelChunk: GenerateAsync (5,3,0)
[+02:32:38.630] VoxelChunk: GenerateAsync (-3,5,0)
[+02:32:38.631] VoxelMesh: Chunk X=2 Y=-3 Z=-5 FlatVerts=270 SlopeVerts=396
[+02:32:38.632] VoxelChunk: GenerateAsync (3,5,0)
[+02:32:38.640] VoxelMesh: Chunk X=2 Y=3 Z=-6 FlatVerts=1410 SlopeVerts=2118
[+02:32:38.641] VoxelChunk: GenerateAsync (5,4,-1)
[+02:32:38.642] VoxelMesh: Chunk X=-2 Y=3 Z=-6 FlatVerts=0 SlopeVerts=0
[+02:32:38.642] VoxelChunk: GenerateAsync (-4,5,-1)
[+02:32:38.643] VoxelChunk: GenerateAsync (5,-3,0)
[+02:32:38.644] VoxelMesh: Chunk X=-3 Y=2 Z=-6 FlatVerts=2244 SlopeVerts=186
[+02:32:38.645] VoxelChunk: GenerateAsync (5,-4,-1)
[+02:32:38.657] VoxelWater: Chunk X=4 Y=-2 Z=1 emitted 24 procedural water vertices (Ocean/Pools)
[+02:32:38.657] VoxelWater: Chunk X=2 Y=4 Z=1 emitted 12 procedural water vertices (Ocean/Pools)
[+02:32:38.657] VoxelWater: Chunk X=-4 Y=2 Z=1 emitted 20 procedural water vertices (Ocean/Pools)
[+02:32:38.657] VoxelWater: Chunk X=-2 Y=4 Z=1 emitted 16 procedural water vertices (Ocean/Pools)
[+02:32:38.657] VoxelWater: Chunk X=-1 Y=4 Z=1 emitted 20 procedural water vertices (Ocean/Pools)
[+02:32:38.657] VoxelWater: Chunk X=4 Y=-26 Z=2 emitted 12 procedural water vertices (Ocean/Pools)
[+02:32:38.657] VoxelWater: Chunk X=4 Y=-25 Z=2 emitted 208 procedural water vertices (Ocean/Pools)
[+02:32:38.657] VoxelWater: Chunk X=4 Y=-25 Z=3 emitted 136 procedural water vertices (Ocean/Pools)
[+02:32:38.657] VoxelWater: Chunk X=5 Y=-25 Z=2 emitted 136 procedural water vertices (Ocean/Pools)
[+02:32:38.657] VoxelWater: Chunk X=4 Y=-24 Z=2 emitted 200 procedural water vertices (Ocean/Pools)
[+02:32:38.657] VoxelWater: Chunk X=4 Y=-24 Z=3 emitted 76 procedural water vertices (Ocean/Pools)
[+02:32:38.657] VoxelWater: Chunk X=5 Y=-24 Z=2 emitted 56 procedural water vertices (Ocean/Pools)
[+02:32:38.657] VoxelWater: Chunk X=5 Y=-25 Z=3 emitted 128 procedural water vertices (Ocean/Pools)
[+02:32:38.657] VoxelWater: Chunk X=5 Y=-24 Z=3 emitted 20 procedural water vertices (Ocean/Pools)
[+02:32:38.657] VoxelWater: Chunk X=6 Y=-24 Z=3 emitted 100 procedural water vertices (Ocean/Pools)
[+02:32:38.657] VoxelWater: Chunk X=6 Y=-26 Z=2 emitted 56 procedural water vertices (Ocean/Pools)
[+02:32:38.657] VoxelWater: Chunk X=6 Y=-26 Z=3 emitted 16 procedural water vertices (Ocean/Pools)
[+02:32:38.657] VoxelWater: Chunk X=6 Y=-25 Z=3 emitted 148 procedural water vertices (Ocean/Pools)
[+02:32:38.657] VoxelWater: Chunk X=6 Y=-25 Z=2 emitted 36 procedural water vertices (Ocean/Pools)
[+02:32:38.657] VoxelWater: Chunk X=6 Y=-24 Z=2 emitted 96 procedural water vertices (Ocean/Pools)
[+02:32:38.657] VoxelWater: Chunk X=1 Y=4 Z=1 emitted 40 procedural water vertices (Ocean/Pools)
[+02:32:38.657] VoxelWater: Chunk X=4 Y=-1 Z=1 emitted 20 procedural water vertices (Ocean/Pools)
[+02:32:38.657] VoxelWater: Chunk X=-4 Y=1 Z=1 emitted 36 procedural water vertices (Ocean/Pools)
[+02:32:38.657] VoxelWater: Chunk X=4 Y=1 Z=1 emitted 8 procedural water vertices (Ocean/Pools)
[+02:32:38.657] VoxelWater: Chunk X=4 Y=0 Z=1 emitted 12 procedural water vertices (Ocean/Pools)
[+02:32:38.657] VoxelWater: Chunk X=0 Y=4 Z=1 emitted 16 procedural water vertices (Ocean/Pools)
[+02:32:38.664] VoxelMesh: Chunk X=3 Y=2 Z=-6 FlatVerts=0 SlopeVerts=84
[+02:32:38.665] VoxelChunk: GenerateAsync (-4,-5,-1)
[+02:32:38.666] VoxelMesh: Chunk X=-3 Y=-2 Z=-6 FlatVerts=702 SlopeVerts=3162
[+02:32:38.666] VoxelChunk: GenerateAsync (-5,-4,-1)
[+02:32:38.668] VoxelMesh: Chunk X=-2 Y=-3 Z=-6 FlatVerts=42 SlopeVerts=0
[+02:32:38.668] VoxelChunk: GenerateAsync (-5,4,-1)
[+02:32:38.669] VoxelMesh: Chunk X=2 Y=-3 Z=-6 FlatVerts=1962 SlopeVerts=1476
[+02:32:38.669] VoxelChunk: GenerateAsync (4,-5,-1)
[+02:32:38.678] VoxelChunk: GenerateAsync (0,1,3)
[+02:32:38.679] VoxelChunk: GenerateAsync (-3,4,1)
[+02:32:38.680] VoxelChunk: GenerateAsync (0,5,1)
[+02:32:38.680] VoxelMesh: Chunk X=-3 Y=4 Z=1 FlatVerts=1716 SlopeVerts=0
[+02:32:38.681] VoxelMesh: Chunk X=-3 Y=-3 Z=-4 FlatVerts=0 SlopeVerts=2544
[+02:32:38.681] VoxelMesh: Chunk X=0 Y=5 Z=1 FlatVerts=1788 SlopeVerts=0
[+02:32:38.681] VoxelChunk: GenerateAsync (-3,-5,0)
[+02:32:38.689] VoxelChunk: GenerateAsync (-5,3,0)
[+02:32:38.691] VoxelMesh: Chunk X=3 Y=-3 Z=-3 FlatVerts=690 SlopeVerts=5550
[+02:32:38.692] VoxelChunk: GenerateAsync (0,-5,1)
[+02:32:38.693] VoxelMesh: Chunk X=-3 Y=3 Z=-5 FlatVerts=1278 SlopeVerts=1842
[+02:32:38.693] VoxelChunk: GenerateAsync (-3,-4,1)
[+02:32:38.695] VoxelMesh: Chunk X=3 Y=-3 Z=-5 FlatVerts=582 SlopeVerts=1572
[+02:32:38.696] VoxelChunk: GenerateAsync (3,-5,0)
[+02:32:38.703] VoxelChunk: GenerateAsync (-4,-3,1)
[+02:32:38.703] VoxelChunk: GenerateAsync (3,4,1)
[+02:32:38.705] VoxelChunk: GenerateAsync (4,3,1)
[+02:32:38.705] VoxelMesh: Chunk X=-4 Y=-3 Z=1 FlatVerts=924 SlopeVerts=522
[+02:32:38.706] VoxelChunk: GenerateAsync (-1,0,3)
[+02:32:38.706] VoxelMesh: Chunk X=3 Y=4 Z=1 FlatVerts=1446 SlopeVerts=1374
[+02:32:38.707] VoxelMesh: Chunk X=4 Y=3 Z=1 FlatVerts=0 SlopeVerts=0
[+02:32:38.713] VoxelChunk: GenerateAsync (4,-3,1)
[+02:32:38.713] VoxelChunk: GenerateAsync (1,0,3)
[+02:32:38.714] VoxelMesh: Chunk X=4 Y=-3 Z=1 FlatVerts=1962 SlopeVerts=18
[+02:32:38.714] VoxelMesh: Chunk X=-3 Y=3 Z=-6 FlatVerts=0 SlopeVerts=0
[+02:32:38.714] VoxelChunk: GenerateAsync (-5,-3,0)
[+02:32:38.715] VoxelChunk: GenerateAsync (-5,0,1)
[+02:32:38.716] VoxelMesh: Chunk X=-5 Y=0 Z=1 FlatVerts=924 SlopeVerts=792
[+02:32:38.723] VoxelChunk: GenerateAsync (-4,3,1)
[+02:32:38.725] VoxelMesh: Chunk X=0 Y=-4 Z=-1 FlatVerts=1248 SlopeVerts=1464
[+02:32:38.725] VoxelMesh: Chunk X=-4 Y=3 Z=1 FlatVerts=1848 SlopeVerts=0
[+02:32:38.725] VoxelChunk: GenerateAsync (4,5,-1)
[+02:32:38.726] VoxelChunk: GenerateAsync (3,-4,1)
[+02:32:38.727] VoxelChunk: GenerateAsync (5,0,1)
[+02:32:38.728] VoxelMesh: Chunk X=3 Y=-4 Z=1 FlatVerts=120 SlopeVerts=66
[+02:32:38.729] VoxelMesh: Chunk X=5 Y=0 Z=1 FlatVerts=1458 SlopeVerts=858
[+02:32:38.735] VoxelChunk: GenerateAsync (0,-1,3)
[+02:32:38.735] VoxelChunk: GenerateAsync (1,5,1)
[+02:32:38.735] VoxelMesh: Chunk X=0 Y=-1 Z=3 FlatVerts=24 SlopeVerts=72
[+02:32:38.736] VoxelMesh: Chunk X=1 Y=5 Z=1 FlatVerts=444 SlopeVerts=0
[+02:32:38.736] VoxelChunk: GenerateAsync (-1,5,1)
[+02:32:38.736] VoxelMesh: Chunk X=-1 Y=5 Z=1 FlatVerts=384 SlopeVerts=0
[+02:32:38.736] VoxelMesh: Chunk X=-4 Y=-1 Z=-1 FlatVerts=0 SlopeVerts=594
[+02:32:38.736] VoxelChunk: GenerateAsync (-1,-5,1)
[+02:32:38.737] VoxelMesh: Chunk X=-1 Y=-5 Z=1 FlatVerts=54 SlopeVerts=84
[+02:32:38.744] VoxelChunk: GenerateAsync (-1,1,3)
[+02:32:38.745] VoxelChunk: GenerateAsync (1,-1,3)
[+02:32:38.746] VoxelChunk: GenerateAsync (-1,-1,3)
[+02:32:38.746] VoxelMesh: Chunk X=1 Y=-1 Z=3 FlatVerts=30 SlopeVerts=66
[+02:32:38.746] VoxelChunk: GenerateAsync (1,1,3)
[+02:32:38.753] VoxelMesh: Chunk X=4 Y=-2 Z=-1 FlatVerts=360 SlopeVerts=6372
[+02:32:38.754] VoxelChunk: GenerateAsync (1,-5,1)
[+02:32:38.754] VoxelChunk: GenerateAsync (-5,-1,1)
[+02:32:38.755] VoxelChunk: GenerateAsync (5,-1,1)
[+02:32:38.755] VoxelMesh: Chunk X=-4 Y=2 Z=-1 FlatVerts=0 SlopeVerts=78
[+02:32:38.755] VoxelMesh: Chunk X=-5 Y=-1 Z=1 FlatVerts=294 SlopeVerts=24
[+02:32:38.755] VoxelMesh: Chunk X=5 Y=-1 Z=1 FlatVerts=504 SlopeVerts=0
[+02:32:38.755] VoxelChunk: GenerateAsync (5,1,1)
[+02:32:38.756] VoxelMesh: Chunk X=5 Y=1 Z=1 FlatVerts=60 SlopeVerts=0
[+02:32:38.762] VoxelChunk: GenerateAsync (-5,1,1)
[+02:32:38.763] VoxelChunk: GenerateAsync (-4,0,2)
[+02:32:38.763] VoxelMesh: Chunk X=-5 Y=1 Z=1 FlatVerts=390 SlopeVerts=138
[+02:32:38.763] VoxelMesh: Chunk X=-4 Y=-2 Z=-1 FlatVerts=336 SlopeVerts=180
[+02:32:38.763] VoxelMesh: Chunk X=-4 Y=0 Z=2 FlatVerts=300 SlopeVerts=612
[+02:32:38.763] VoxelChunk: GenerateAsync (0,-4,2)
[+02:32:38.764] VoxelChunk: GenerateAsync (0,4,2)
[+02:32:38.772] VoxelChunk: GenerateAsync (4,0,2)
[+02:32:38.772] VoxelMesh: Chunk X=4 Y=0 Z=2 FlatVerts=0 SlopeVerts=0
[+02:32:38.772] VoxelChunk: GenerateAsync (-4,1,2)
[+02:32:38.773] VoxelChunk: GenerateAsync (1,4,2)
[+02:32:38.773] VoxelMesh: Chunk X=-4 Y=1 Z=2 FlatVerts=768 SlopeVerts=792
[+02:32:38.773] VoxelChunk: GenerateAsync (-2,0,3)
[+02:32:38.783] VoxelMesh: Chunk X=0 Y=0 Z=0 FlatVerts=60 SlopeVerts=4956
[+02:32:38.785] VoxelChunk: GenerateAsync (1,-4,2)
[+02:32:38.786] VoxelMesh: Chunk X=1 Y=-4 Z=2 FlatVerts=6 SlopeVerts=408
[+02:32:38.787] VoxelChunk: GenerateAsync (2,0,3)
[+02:32:38.791] VoxelMesh: Chunk X=0 Y=0 Z=0 FlatVerts=720 SlopeVerts=9762
[+02:32:38.791] VoxelChunk: GenerateAsync (4,-1,2)
[+02:32:38.794] VoxelChunk: GenerateAsync (0,2,3)
[+02:32:38.803] VoxelMesh: Chunk X=0 Y=0 Z=0 FlatVerts=0 SlopeVerts=0
[+02:32:38.803] VoxelChunk: GenerateAsync (0,-2,3)
[+02:32:38.805] VoxelMesh: Chunk X=0 Y=-2 Z=3 FlatVerts=1122 SlopeVerts=2154
[+02:32:38.805] VoxelChunk: GenerateAsync (4,1,2)
[+02:32:38.807] VoxelMesh: Chunk X=4 Y=1 Z=2 FlatVerts=924 SlopeVerts=2934
[+02:32:38.808] VoxelMesh: Chunk X=0 Y=0 Z=0 FlatVerts=0 SlopeVerts=0
[+02:32:38.808] VoxelChunk: GenerateAsync (-1,-4,2)
[+02:32:38.811] VoxelChunk: GenerateAsync (-4,-1,2)
[+02:32:38.812] VoxelMesh: Chunk X=-4 Y=-1 Z=2 FlatVerts=426 SlopeVerts=3192
[+02:32:38.822] VoxelChunk: GenerateAsync (-1,4,2)
[+02:32:38.825] VoxelMesh: Chunk X=0 Y=0 Z=0 FlatVerts=222 SlopeVerts=2124
[+02:32:38.825] VoxelChunk: GenerateAsync (2,5,1)
[+02:32:38.827] VoxelMesh: Chunk X=2 Y=5 Z=1 FlatVerts=1266 SlopeVerts=1620
[+02:32:38.829] VoxelMesh: Chunk X=0 Y=0 Z=0 FlatVerts=948 SlopeVerts=12228
[+02:32:38.830] VoxelChunk: GenerateAsync (5,-2,1)
[+02:32:38.831] VoxelMesh: Chunk X=5 Y=-2 Z=1 FlatVerts=1638 SlopeVerts=0
[+02:32:38.832] VoxelMesh: Chunk X=0 Y=0 Z=0 FlatVerts=648 SlopeVerts=1050
[+02:32:38.833] VoxelChunk: GenerateAsync (-2,5,1)
[+02:32:38.833] VoxelMesh: Chunk X=-2 Y=5 Z=1 FlatVerts=1668 SlopeVerts=0
[+02:32:38.848] VoxelChunk: GenerateAsync (-5,2,1)
[+02:32:38.848] VoxelChunk: GenerateAsync (1,2,3)
[+02:32:38.849] VoxelMesh: Chunk X=-5 Y=2 Z=1 FlatVerts=2022 SlopeVerts=0
[+02:32:38.849] VoxelMesh: Chunk X=2 Y=5 Z=1 FlatVerts=354 SlopeVerts=1524
[+02:32:38.850] VoxelChunk: GenerateAsync (2,-5,1)
[+02:32:38.851] VoxelChunk: GenerateAsync (-1,-2,3)
[+02:32:38.853] VoxelMesh: Chunk X=-1 Y=-2 Z=3 FlatVerts=0 SlopeVerts=192
[+02:32:38.854] VoxelWater: Chunk X=4 Y=-26 Z=2 emitted 12 procedural water vertices (Ocean/Pools)
[+02:32:38.855] VoxelWater: Chunk X=4 Y=-25 Z=2 emitted 224 procedural water vertices (Ocean/Pools)
[+02:32:38.855] VoxelWater: Chunk X=4 Y=-25 Z=3 emitted 136 procedural water vertices (Ocean/Pools)
[+02:32:38.855] VoxelWater: Chunk X=5 Y=-25 Z=2 emitted 144 procedural water vertices (Ocean/Pools)
[+02:32:38.855] VoxelWater: Chunk X=4 Y=-24 Z=2 emitted 224 procedural water vertices (Ocean/Pools)
[+02:32:38.855] VoxelWater: Chunk X=4 Y=-24 Z=3 emitted 76 procedural water vertices (Ocean/Pools)
[+02:32:38.855] VoxelWater: Chunk X=5 Y=-24 Z=2 emitted 64 procedural water vertices (Ocean/Pools)
[+02:32:38.855] VoxelWater: Chunk X=5 Y=-25 Z=3 emitted 128 procedural water vertices (Ocean/Pools)
[+02:32:38.855] VoxelWater: Chunk X=5 Y=-24 Z=3 emitted 20 procedural water vertices (Ocean/Pools)
[+02:32:38.855] VoxelWater: Chunk X=6 Y=-24 Z=3 emitted 100 procedural water vertices (Ocean/Pools)
[+02:32:38.855] VoxelWater: Chunk X=6 Y=-26 Z=2 emitted 56 procedural water vertices (Ocean/Pools)
[+02:32:38.855] VoxelWater: Chunk X=6 Y=-26 Z=3 emitted 16 procedural water vertices (Ocean/Pools)
[+02:32:38.855] VoxelWater: Chunk X=6 Y=-25 Z=3 emitted 168 procedural water vertices (Ocean/Pools)
[+02:32:38.855] VoxelWater: Chunk X=6 Y=-25 Z=2 emitted 44 procedural water vertices (Ocean/Pools)
[+02:32:38.855] VoxelWater: Chunk X=6 Y=-24 Z=2 emitted 96 procedural water vertices (Ocean/Pools)
[+02:32:38.863] VoxelChunk: GenerateAsync (-5,-2,1)
[+02:32:38.864] VoxelChunk: GenerateAsync (-2,-1,3)
[+02:32:38.864] VoxelMesh: Chunk X=-5 Y=-2 Z=1 FlatVerts=1014 SlopeVerts=0
[+02:32:38.865] VoxelChunk: GenerateAsync (-1,2,3)
[+02:32:38.866] VoxelChunk: GenerateAsync (2,-1,3)
[+02:32:38.874] VoxelMesh: Chunk X=0 Y=2 Z=3 FlatVerts=96 SlopeVerts=1890
[+02:32:38.874] VoxelChunk: GenerateAsync (5,2,1)
[+02:32:38.875] VoxelChunk: GenerateAsync (-2,1,3)
[+02:32:38.876] VoxelMesh: Chunk X=2 Y=0 Z=3 FlatVerts=12 SlopeVerts=1458
[+02:32:38.876] VoxelChunk: GenerateAsync (-2,-5,1)
[+02:32:38.878] VoxelChunk: GenerateAsync (1,-2,3)
[+02:32:38.878] VoxelMesh: Chunk X=-2 Y=-5 Z=1 FlatVerts=540 SlopeVerts=696
[+02:32:38.879] VoxelMesh: Chunk X=1 Y=-2 Z=3 FlatVerts=84 SlopeVerts=624
[+02:32:38.885] VoxelChunk: GenerateAsync (2,1,3)
[+02:32:38.886] VoxelChunk: GenerateAsync (2,4,2)
[+02:32:38.887] VoxelChunk: GenerateAsync (-4,-2,2)
[+02:32:38.888] VoxelChunk: GenerateAsync (4,2,2)
[+02:32:38.888] VoxelMesh: Chunk X=2 Y=4 Z=2 FlatVerts=0 SlopeVerts=0
[+02:32:38.888] VoxelMesh: Chunk X=-4 Y=-2 Z=2 FlatVerts=324 SlopeVerts=2106
[+02:32:38.889] VoxelMesh: Chunk X=4 Y=2 Z=2 FlatVerts=1440 SlopeVerts=4080
[+02:32:38.896] VoxelMesh: Chunk X=5 Y=0 Z=-1 FlatVerts=462 SlopeVerts=138
[+02:32:38.896] VoxelChunk: GenerateAsync (-2,-4,2)
[+02:32:38.897] VoxelChunk: GenerateAsync (2,-4,2)
[+02:32:38.898] VoxelChunk: GenerateAsync (-2,4,2)
[+02:32:38.899] VoxelChunk: GenerateAsync (-4,2,2)
[+02:32:38.899] VoxelMesh: Chunk X=2 Y=-4 Z=2 FlatVerts=294 SlopeVerts=2316
[+02:32:38.899] VoxelMesh: Chunk X=-4 Y=2 Z=2 FlatVerts=0 SlopeVerts=0
[+02:32:38.907] VoxelChunk: GenerateAsync (4,-2,2)
[+02:32:38.908] VoxelChunk: GenerateAsync (2,2,3)
[+02:32:38.908] VoxelChunk: GenerateAsync (2,-2,3)
[+02:32:38.909] VoxelChunk: GenerateAsync (-2,2,3)
[+02:32:38.916] VoxelChunk: GenerateAsync (4,-4,1)
[+02:32:38.917] VoxelChunk: GenerateAsync (-2,-2,3)
[+02:32:38.917] VoxelMesh: Chunk X=4 Y=-4 Z=1 FlatVerts=1830 SlopeVerts=378
[+02:32:38.918] VoxelChunk: GenerateAsync (4,5,0)
[+02:32:38.919] VoxelChunk: GenerateAsync (4,4,1)
[+02:32:38.920] VoxelMesh: Chunk X=4 Y=4 Z=1 FlatVerts=66 SlopeVerts=474
[+02:32:38.928] VoxelMesh: Chunk X=-2 Y=4 Z=0 FlatVerts=72 SlopeVerts=1026
[+02:32:38.928] VoxelChunk: GenerateAsync (-5,-4,0)
[+02:32:38.929] VoxelChunk: GenerateAsync (-4,5,0)
[+02:32:38.930] VoxelChunk: GenerateAsync (5,-4,0)
[+02:32:38.931] VoxelChunk: GenerateAsync (4,-5,0)
[+02:32:38.938] VoxelMesh: Chunk X=-4 Y=-2 Z=0 FlatVerts=264 SlopeVerts=1350
[+02:32:38.938] VoxelChunk: GenerateAsync (5,4,0)
[+02:32:38.939] VoxelChunk: GenerateAsync (-4,4,1)
[+02:32:38.940] VoxelChunk: GenerateAsync (-5,4,0)
[+02:32:38.941] VoxelMesh: Chunk X=-4 Y=4 Z=1 FlatVerts=1806 SlopeVerts=0
[+02:32:38.941] VoxelMesh: Chunk X=4 Y=2 Z=0 FlatVerts=18 SlopeVerts=2940
[+02:32:38.942] VoxelChunk: GenerateAsync (-4,-5,0)
[+02:32:38.949] VoxelMesh: Chunk X=5 Y=-2 Z=-1 FlatVerts=360 SlopeVerts=1416
[+02:32:38.949] VoxelChunk: GenerateAsync (-4,-4,1)
[+02:32:38.950] VoxelChunk: GenerateAsync (0,3,3)
[+02:32:38.951] VoxelMesh: Chunk X=-4 Y=-4 Z=1 FlatVerts=0 SlopeVerts=0
[+02:32:38.951] VoxelChunk: GenerateAsync (3,0,3)
[+02:32:38.952] VoxelChunk: GenerateAsync (0,-3,3)
[+02:32:38.953] VoxelMesh: Chunk X=0 Y=-3 Z=3 FlatVerts=1716 SlopeVerts=1728
[+02:32:38.958] VoxelChunk: GenerateAsync (-3,0,3)
[+02:32:38.959] VoxelChunk: GenerateAsync (3,5,1)
[+02:32:38.959] VoxelMesh: Chunk X=-3 Y=0 Z=3 FlatVerts=0 SlopeVerts=0
[+02:32:38.960] VoxelMesh: Chunk X=3 Y=5 Z=1 FlatVerts=306 SlopeVerts=1380
[+02:32:38.960] VoxelChunk: GenerateAsync (-1,3,3)
[+02:32:38.961] VoxelChunk: GenerateAsync (-1,-3,3)
[+02:32:38.962] VoxelMesh: Chunk X=-1 Y=-3 Z=3 FlatVerts=252 SlopeVerts=2718
[+02:32:38.969] VoxelChunk: GenerateAsync (3,-5,1)
[+02:32:38.970] VoxelChunk: GenerateAsync (-3,1,3)
[+02:32:38.970] VoxelMesh: Chunk X=3 Y=-5 Z=1 FlatVerts=6 SlopeVerts=192
[+02:32:38.971] VoxelMesh: Chunk X=-4 Y=-4 Z=-1 FlatVerts=0 SlopeVerts=0
[+02:32:38.971] VoxelChunk: GenerateAsync (-5,5,-1)
[+02:32:38.972] VoxelChunk: GenerateAsync (-5,3,1)
[+02:32:38.973] VoxelMesh: Chunk X=-5 Y=3 Z=1 FlatVerts=2178 SlopeVerts=48
[+02:32:38.979] VoxelChunk: GenerateAsync (-3,-1,3)
[+02:32:38.980] VoxelChunk: GenerateAsync (5,-3,1)
[+02:32:38.980] VoxelMesh: Chunk X=-3 Y=-1 Z=3 FlatVerts=0 SlopeVerts=0
[+02:32:38.981] VoxelChunk: GenerateAsync (1,-3,3)
[+02:32:38.981] VoxelMesh: Chunk X=5 Y=-3 Z=1 FlatVerts=1932 SlopeVerts=0
[+02:32:38.982] VoxelChunk: GenerateAsync (1,3,3)
[+02:32:38.982] VoxelMesh: Chunk X=1 Y=-3 Z=3 FlatVerts=246 SlopeVerts=2544
[+02:32:38.989] VoxelMesh: Chunk X=0 Y=5 Z=0 FlatVerts=570 SlopeVerts=3258
[+02:32:38.989] VoxelChunk: GenerateAsync (-5,-5,-1)
[+02:32:38.991] VoxelMesh: Chunk X=0 Y=-5 Z=0 FlatVerts=48 SlopeVerts=420
[+02:32:38.991] VoxelChunk: GenerateAsync (5,3,1)
[+02:32:38.992] VoxelMesh: Chunk X=5 Y=3 Z=1 FlatVerts=0 SlopeVerts=0
[+02:32:38.992] VoxelChunk: GenerateAsync (-3,5,1)
[+02:32:38.994] VoxelMesh: Chunk X=-3 Y=5 Z=1 FlatVerts=1728 SlopeVerts=0
[+02:32:38.994] VoxelChunk: GenerateAsync (-5,-3,1)
[+02:32:38.994] VoxelMesh: Chunk X=-5 Y=-3 Z=1 FlatVerts=1530 SlopeVerts=144
[+02:32:39.002] VoxelMesh: Chunk X=0 Y=4 Z=1 FlatVerts=1746 SlopeVerts=2442
[+02:32:39.003] VoxelChunk: GenerateAsync (5,5,-1)
[+02:32:39.003] VoxelChunk: GenerateAsync (3,1,3)
[+02:32:39.005] VoxelMesh: Chunk X=3 Y=-4 Z=0 FlatVerts=2466 SlopeVerts=1224
[+02:32:39.006] VoxelChunk: GenerateAsync (5,-5,-1)
[+02:32:39.007] VoxelMesh: Chunk X=5 Y=0 Z=0 FlatVerts=120 SlopeVerts=1074
[+02:32:39.008] VoxelChunk: GenerateAsync (-3,-5,1)
[+02:32:39.009] VoxelMesh: Chunk X=-3 Y=-5 Z=1 FlatVerts=204 SlopeVerts=714
[+02:32:39.015] VoxelChunk: GenerateAsync (3,-1,3)
[+02:32:39.016] VoxelChunk: GenerateAsync (4,-3,2)
[+02:32:39.017] VoxelChunk: GenerateAsync (5,0,2)
[+02:32:39.018] VoxelChunk: GenerateAsync (-5,0,2)
[+02:32:39.018] VoxelMesh: Chunk X=5 Y=0 Z=2 FlatVerts=0 SlopeVerts=1230
[+02:32:39.018] VoxelMesh: Chunk X=-5 Y=0 Z=2 FlatVerts=180 SlopeVerts=1656
[+02:32:39.025] VoxelChunk: GenerateAsync (-4,-3,2)
[+02:32:39.025] VoxelChunk: GenerateAsync (-3,-4,2)
[+02:32:39.026] VoxelMesh: Chunk X=-4 Y=-3 Z=2 FlatVerts=12 SlopeVerts=3066
[+02:32:39.027] VoxelMesh: Chunk X=-3 Y=-4 Z=2 FlatVerts=0 SlopeVerts=168
[+02:32:39.027] VoxelMesh: Chunk X=1 Y=-4 Z=1 FlatVerts=60 SlopeVerts=612
[+02:32:39.027] VoxelChunk: GenerateAsync (0,-5,2)
[+02:32:39.028] VoxelChunk: GenerateAsync (4,3,2)
[+02:32:39.029] VoxelMesh: Chunk X=4 Y=3 Z=2 FlatVerts=1632 SlopeVerts=3258
[+02:32:39.036] VoxelChunk: GenerateAsync (0,5,2)
[+02:32:39.037] VoxelChunk: GenerateAsync (-4,3,2)
[+02:32:39.038] VoxelChunk: GenerateAsync (3,4,2)
[+02:32:39.038] VoxelChunk: GenerateAsync (-3,4,2)
[+02:32:39.039] VoxelMesh: Chunk X=3 Y=4 Z=2 FlatVerts=18 SlopeVerts=432
[+02:32:39.045] VoxelChunk: GenerateAsync (3,-4,2)
[+02:32:39.046] VoxelMesh: Chunk X=1 Y=5 Z=0 FlatVerts=432 SlopeVerts=1218
[+02:32:39.047] VoxelMesh: Chunk X=3 Y=-4 Z=2 FlatVerts=1272 SlopeVerts=3324
[+02:32:39.047] VoxelChunk: GenerateAsync (1,-5,2)
[+02:32:39.048] VoxelChunk: GenerateAsync (-5,1,2)
[+02:32:39.049] VoxelMesh: Chunk X=1 Y=-5 Z=2 FlatVerts=66 SlopeVerts=1164
[+02:32:39.049] VoxelChunk: GenerateAsync (5,1,2)
[+02:32:39.049] VoxelMesh: Chunk X=-5 Y=1 Z=2 FlatVerts=174 SlopeVerts=198
[+02:32:39.050] VoxelMesh: Chunk X=5 Y=1 Z=2 FlatVerts=672 SlopeVerts=4680
[+02:32:39.058] VoxelWater: Chunk X=4 Y=-26 Z=2 emitted 12 procedural water vertices (Ocean/Pools)
[+02:32:39.058] VoxelWater: Chunk X=4 Y=-25 Z=2 emitted 228 procedural water vertices (Ocean/Pools)
[+02:32:39.059] VoxelWater: Chunk X=4 Y=-25 Z=3 emitted 136 procedural water vertices (Ocean/Pools)
[+02:32:39.059] VoxelWater: Chunk X=5 Y=-25 Z=2 emitted 156 procedural water vertices (Ocean/Pools)
[+02:32:39.059] VoxelWater: Chunk X=4 Y=-24 Z=2 emitted 248 procedural water vertices (Ocean/Pools)
[+02:32:39.059] VoxelWater: Chunk X=4 Y=-24 Z=3 emitted 80 procedural water vertices (Ocean/Pools)
[+02:32:39.059] VoxelWater: Chunk X=5 Y=-24 Z=2 emitted 64 procedural water vertices (Ocean/Pools)
[+02:32:39.059] VoxelWater: Chunk X=5 Y=-25 Z=3 emitted 128 procedural water vertices (Ocean/Pools)
[+02:32:39.059] VoxelWater: Chunk X=5 Y=-24 Z=3 emitted 20 procedural water vertices (Ocean/Pools)
[+02:32:39.059] VoxelWater: Chunk X=6 Y=-24 Z=3 emitted 108 procedural water vertices (Ocean/Pools)
[+02:32:39.059] VoxelWater: Chunk X=6 Y=-26 Z=2 emitted 56 procedural water vertices (Ocean/Pools)
[+02:32:39.059] VoxelWater: Chunk X=6 Y=-26 Z=3 emitted 16 procedural water vertices (Ocean/Pools)
[+02:32:39.059] VoxelWater: Chunk X=6 Y=-25 Z=3 emitted 172 procedural water vertices (Ocean/Pools)
[+02:32:39.059] VoxelWater: Chunk X=6 Y=-25 Z=2 emitted 52 procedural water vertices (Ocean/Pools)
[+02:32:39.059] VoxelWater: Chunk X=6 Y=-24 Z=2 emitted 100 procedural water vertices (Ocean/Pools)
[+02:32:39.059] VoxelWater: Chunk X=1 Y=-5 Z=2 emitted 20 procedural water vertices (Ocean/Pools)
[+02:32:39.059] VoxelWater: Chunk X=3 Y=-4 Z=2 emitted 92 procedural water vertices (Ocean/Pools)
[+02:32:39.059] VoxelWater: Chunk X=4 Y=3 Z=2 emitted 40 procedural water vertices (Ocean/Pools)
[+02:32:39.059] VoxelWater: Chunk X=4 Y=2 Z=2 emitted 60 procedural water vertices (Ocean/Pools)
[+02:32:39.059] VoxelWater: Chunk X=-4 Y=-3 Z=2 emitted 20 procedural water vertices (Ocean/Pools)
[+02:32:39.059] VoxelWater: Chunk X=-5 Y=0 Z=2 emitted 8 procedural water vertices (Ocean/Pools)
[+02:32:39.059] VoxelWater: Chunk X=5 Y=0 Z=2 emitted 24 procedural water vertices (Ocean/Pools)
[+02:32:39.059] VoxelWater: Chunk X=-3 Y=-5 Z=1 emitted 12 procedural water vertices (Ocean/Pools)
[+02:32:39.059] VoxelWater: Chunk X=-5 Y=-3 Z=1 emitted 12 procedural water vertices (Ocean/Pools)
[+02:32:39.059] VoxelWater: Chunk X=1 Y=-3 Z=3 emitted 64 procedural water vertices (Ocean/Pools)
[+02:32:39.059] VoxelWater: Chunk X=-5 Y=3 Z=1 emitted 12 procedural water vertices (Ocean/Pools)
[+02:32:39.059] VoxelWater: Chunk X=-1 Y=-3 Z=3 emitted 68 procedural water vertices (Ocean/Pools)
[+02:32:39.059] VoxelWater: Chunk X=3 Y=5 Z=1 emitted 20 procedural water vertices (Ocean/Pools)
[+02:32:39.059] VoxelWater: Chunk X=0 Y=-3 Z=3 emitted 68 procedural water vertices (Ocean/Pools)
[+02:32:39.059] VoxelWater: Chunk X=-4 Y=4 Z=1 emitted 12 procedural water vertices (Ocean/Pools)
[+02:32:39.059] VoxelWater: Chunk X=4 Y=-4 Z=1 emitted 20 procedural water vertices (Ocean/Pools)
[+02:32:39.059] VoxelWater: Chunk X=2 Y=-4 Z=2 emitted 52 procedural water vertices (Ocean/Pools)
[+02:32:39.059] VoxelWater: Chunk X=-4 Y=-2 Z=2 emitted 28 procedural water vertices (Ocean/Pools)
[+02:32:39.059] VoxelWater: Chunk X=1 Y=-2 Z=3 emitted 12 procedural water vertices (Ocean/Pools)
[+02:32:39.059] VoxelWater: Chunk X=-1 Y=-2 Z=3 emitted 20 procedural water vertices (Ocean/Pools)
[+02:32:39.068] VoxelChunk: GenerateAsync (-5,-1,2)
[+02:32:39.069] VoxelChunk: GenerateAsync (5,-1,2)
[+02:32:39.070] VoxelMesh: Chunk X=-5 Y=-1 Z=2 FlatVerts=312 SlopeVerts=2322
[+02:32:39.070] VoxelMesh: Chunk X=-5 Y=1 Z=0 FlatVerts=0 SlopeVerts=0
[+02:32:39.070] VoxelChunk: GenerateAsync (-1,-5,2)
[+02:32:39.071] VoxelChunk: GenerateAsync (2,-3,3)
[+02:32:39.072] VoxelMesh: Chunk X=-1 Y=-5 Z=2 FlatVerts=12 SlopeVerts=2070
[+02:32:39.079] VoxelChunk: GenerateAsync (-3,-2,3)
[+02:32:39.079] VoxelChunk: GenerateAsync (3,2,3)
[+02:32:39.080] VoxelMesh: Chunk X=-3 Y=-2 Z=3 FlatVerts=0 SlopeVerts=186
[+02:32:39.080] VoxelChunk: GenerateAsync (3,-2,3)
[+02:32:39.081] VoxelChunk: GenerateAsync (-3,2,3)
[+02:32:39.088] VoxelChunk: GenerateAsync (-1,5,2)
[+02:32:39.089] VoxelChunk: GenerateAsync (-2,3,3)
[+02:32:39.090] VoxelChunk: GenerateAsync (1,5,2)
[+02:32:39.091] VoxelChunk: GenerateAsync (-2,-3,3)
[+02:32:39.091] VoxelMesh: Chunk X=-2 Y=-3 Z=3 FlatVerts=0 SlopeVerts=2352
[+02:32:39.097] VoxelChunk: GenerateAsync (2,3,3)
[+02:32:39.098] VoxelChunk: GenerateAsync (0,0,4)
[+02:32:39.099] VoxelChunk: GenerateAsync (-2,-5,2)
[+02:32:39.100] VoxelChunk: GenerateAsync (5,2,2)
[+02:32:39.101] VoxelMesh: Chunk X=-2 Y=-5 Z=2 FlatVerts=0 SlopeVerts=1896
[+02:32:39.101] VoxelMesh: Chunk X=5 Y=2 Z=2 FlatVerts=990 SlopeVerts=3882
[+02:32:39.111] VoxelChunk: GenerateAsync (0,-1,4)
[+02:32:39.112] VoxelChunk: GenerateAsync (4,0,3)
[+02:32:39.113] VoxelChunk: GenerateAsync (2,-5,2)
[+02:32:39.114] VoxelChunk: GenerateAsync (-5,-2,2)
[+02:32:39.114] VoxelMesh: Chunk X=2 Y=-5 Z=2 FlatVerts=174 SlopeVerts=1668
[+02:32:39.115] VoxelMesh: Chunk X=-5 Y=-2 Z=2 FlatVerts=600 SlopeVerts=1284
[+02:32:39.124] VoxelChunk: GenerateAsync (2,5,2)
[+02:32:39.124] VoxelChunk: GenerateAsync (5,-2,2)
[+02:32:39.125] VoxelMesh: Chunk X=2 Y=5 Z=2 FlatVerts=0 SlopeVerts=450
[+02:32:39.125] VoxelChunk: GenerateAsync (-2,5,2)
[+02:32:39.126] VoxelChunk: GenerateAsync (-1,0,4)
[+02:32:39.133] VoxelChunk: GenerateAsync (-5,2,2)
[+02:32:39.134] VoxelChunk: GenerateAsync (0,4,3)
[+02:32:39.135] VoxelChunk: GenerateAsync (-4,0,3)
[+02:32:39.136] VoxelChunk: GenerateAsync (0,1,4)
[+02:32:39.136] VoxelMesh: Chunk X=-4 Y=0 Z=3 FlatVerts=426 SlopeVerts=2094
[+02:32:39.142] VoxelChunk: GenerateAsync (0,-4,3)
[+02:32:39.143] VoxelChunk: GenerateAsync (1,0,4)
[+02:32:39.144] VoxelMesh: Chunk X=0 Y=-4 Z=3 FlatVerts=0 SlopeVerts=18
[+02:32:39.144] VoxelChunk: GenerateAsync (-1,-4,3)
[+02:32:39.144] VoxelChunk: GenerateAsync (-4,5,1)
[+02:32:39.145] VoxelMesh: Chunk X=-4 Y=5 Z=1 FlatVerts=2046 SlopeVerts=0
[+02:32:39.153] VoxelChunk: GenerateAsync (-1,1,4)
[+02:32:39.154] VoxelChunk: GenerateAsync (1,-4,3)
[+02:32:39.155] VoxelMesh: Chunk X=-4 Y=-2 Z=1 FlatVerts=0 SlopeVerts=0
[+02:32:39.155] VoxelMesh: Chunk X=1 Y=-4 Z=3 FlatVerts=78 SlopeVerts=3462
[+02:32:39.155] VoxelChunk: GenerateAsync (5,4,1)
[+02:32:39.156] VoxelMesh: Chunk X=5 Y=4 Z=1 FlatVerts=0 SlopeVerts=0
[+02:32:39.156] VoxelChunk: GenerateAsync (1,1,4)
[+02:32:39.163] VoxelChunk: GenerateAsync (-5,4,1)
[+02:32:39.164] VoxelMesh: Chunk X=-4 Y=4 Z=0 FlatVerts=0 SlopeVerts=0
[+02:32:39.164] VoxelMesh: Chunk X=-5 Y=4 Z=1 FlatVerts=1878 SlopeVerts=0
[+02:32:39.164] VoxelChunk: GenerateAsync (5,-5,0)
[+02:32:39.165] VoxelChunk: GenerateAsync (4,5,1)
[+02:32:39.166] VoxelChunk: GenerateAsync (5,-4,1)
[+02:32:39.166] VoxelMesh: Chunk X=4 Y=5 Z=1 FlatVerts=1350 SlopeVerts=822
[+02:32:39.167] VoxelMesh: Chunk X=5 Y=-4 Z=1 FlatVerts=2262 SlopeVerts=216
[+02:32:39.175] VoxelChunk: GenerateAsync (-5,-4,1)
[+02:32:39.175] VoxelChunk: GenerateAsync (-1,-1,4)
[+02:32:39.176] VoxelMesh: Chunk X=-5 Y=-4 Z=1 FlatVerts=426 SlopeVerts=276
[+02:32:39.176] VoxelChunk: GenerateAsync (4,-5,1)
[+02:32:39.178] VoxelMesh: Chunk X=-3 Y=5 Z=0 FlatVerts=222 SlopeVerts=1524
[+02:32:39.178] VoxelMesh: Chunk X=4 Y=-5 Z=1 FlatVerts=1842 SlopeVerts=804
[+02:32:39.178] VoxelChunk: GenerateAsync (-4,-5,1)
[+02:32:39.180] VoxelMesh: Chunk X=-4 Y=-5 Z=1 FlatVerts=0 SlopeVerts=0
[+02:32:39.186] VoxelMesh: Chunk X=3 Y=5 Z=0 FlatVerts=96 SlopeVerts=288
[+02:32:39.187] VoxelChunk: GenerateAsync (5,5,0)
[+02:32:39.188] VoxelChunk: GenerateAsync (-1,4,3)
[+02:32:39.189] VoxelChunk: GenerateAsync (1,-1,4)
[+02:32:39.190] VoxelChunk: GenerateAsync (-5,5,0)
[+02:32:39.198] VoxelMesh: Chunk X=5 Y=-4 Z=-1 FlatVerts=36 SlopeVerts=1368
[+02:32:39.198] VoxelChunk: GenerateAsync (-5,-5,0)
[+02:32:39.199] VoxelChunk: GenerateAsync (1,4,3)
[+02:32:39.200] VoxelChunk: GenerateAsync (4,-1,3)
[+02:32:39.201] VoxelChunk: GenerateAsync (4,1,3)
[+02:32:39.202] VoxelMesh: Chunk X=4 Y=1 Z=3 FlatVerts=0 SlopeVerts=0
[+02:32:39.208] VoxelChunk: GenerateAsync (-4,-1,3)
[+02:32:39.209] VoxelChunk: GenerateAsync (-4,1,3)
[+02:32:39.210] VoxelChunk: GenerateAsync (3,-3,3)
[+02:32:39.210] VoxelMesh: Chunk X=-4 Y=-1 Z=3 FlatVerts=318 SlopeVerts=3240
[+02:32:39.211] VoxelChunk: GenerateAsync (3,3,3)
[+02:32:39.218] VoxelChunk: GenerateAsync (-3,-3,3)
[+02:32:39.218] VoxelChunk: GenerateAsync (-3,3,3)
[+02:32:39.219] VoxelMesh: Chunk X=-3 Y=-3 Z=3 FlatVerts=0 SlopeVerts=324
[+02:32:39.219] VoxelChunk: GenerateAsync (2,0,4)
[+02:32:39.220] VoxelChunk: GenerateAsync (0,2,4)
[+02:32:39.227] VoxelChunk: GenerateAsync (-4,4,2)
[+02:32:39.228] VoxelChunk: GenerateAsync (4,4,2)
[+02:32:39.229] VoxelChunk: GenerateAsync (-4,-4,2)
[+02:32:39.230] VoxelChunk: GenerateAsync (4,-4,2)
[+02:32:39.230] VoxelMesh: Chunk X=4 Y=4 Z=2 FlatVerts=1116 SlopeVerts=3330
[+02:32:39.231] VoxelMesh: Chunk X=-4 Y=-4 Z=2 FlatVerts=0 SlopeVerts=1356
[+02:32:39.231] VoxelMesh: Chunk X=4 Y=-4 Z=2 FlatVerts=354 SlopeVerts=390
[+02:32:39.238] VoxelChunk: GenerateAsync (0,-2,4)
[+02:32:39.238] VoxelChunk: GenerateAsync (-2,0,4)
[+02:32:39.239] VoxelChunk: GenerateAsync (-1,2,4)
[+02:32:39.239] VoxelChunk: GenerateAsync (4,2,3)
[+02:32:39.241] VoxelMesh: Chunk X=4 Y=2 Z=3 FlatVerts=108 SlopeVerts=54
[+02:32:39.248] VoxelChunk: GenerateAsync (-4,-2,3)
[+02:32:39.249] VoxelChunk: GenerateAsync (-2,-4,3)
[+02:32:39.250] VoxelMesh: Chunk X=-4 Y=-2 Z=3 FlatVerts=612 SlopeVerts=2886
[+02:32:39.250] VoxelMesh: Chunk X=-2 Y=-4 Z=3 FlatVerts=0 SlopeVerts=228
[+02:32:39.250] VoxelChunk: GenerateAsync (4,-2,3)
[+02:32:39.250] VoxelChunk: GenerateAsync (1,2,4)
[+02:32:39.265] VoxelWater: Chunk X=-4 Y=-2 Z=3 emitted 48 procedural water vertices (Ocean/Pools)
[+02:32:39.265] VoxelWater: Chunk X=-4 Y=-2 Z=2 emitted 32 procedural water vertices (Ocean/Pools)
[+02:32:39.265] VoxelWater: Chunk X=-4 Y=-3 Z=2 emitted 32 procedural water vertices (Ocean/Pools)
[+02:32:39.265] VoxelWater: Chunk X=-4 Y=-4 Z=2 emitted 28 procedural water vertices (Ocean/Pools)
[+02:32:39.265] VoxelWater: Chunk X=4 Y=4 Z=2 emitted 60 procedural water vertices (Ocean/Pools)
[+02:32:39.266] VoxelWater: Chunk X=3 Y=4 Z=2 emitted 8 procedural water vertices (Ocean/Pools)
[+02:32:39.266] VoxelWater: Chunk X=-3 Y=-3 Z=3 emitted 8 procedural water vertices (Ocean/Pools)
[+02:32:39.266] VoxelWater: Chunk X=-4 Y=-1 Z=3 emitted 36 procedural water vertices (Ocean/Pools)
[+02:32:39.266] VoxelWater: Chunk X=4 Y=-5 Z=1 emitted 20 procedural water vertices (Ocean/Pools)
[+02:32:39.266] VoxelWater: Chunk X=-5 Y=-4 Z=1 emitted 12 procedural water vertices (Ocean/Pools)
[+02:32:39.266] VoxelWater: Chunk X=5 Y=-4 Z=1 emitted 24 procedural water vertices (Ocean/Pools)
[+02:32:39.266] VoxelWater: Chunk X=4 Y=5 Z=1 emitted 8 procedural water vertices (Ocean/Pools)
[+02:32:39.266] VoxelWater: Chunk X=1 Y=-4 Z=3 emitted 24 procedural water vertices (Ocean/Pools)
[+02:32:39.266] VoxelWater: Chunk X=-4 Y=5 Z=1 emitted 36 procedural water vertices (Ocean/Pools)
[+02:32:39.266] VoxelWater: Chunk X=-3 Y=0 Z=3 emitted 4 procedural water vertices (Ocean/Pools)
[+02:32:39.266] VoxelWater: Chunk X=-4 Y=0 Z=3 emitted 8 procedural water vertices (Ocean/Pools)
[+02:32:39.266] VoxelWater: Chunk X=4 Y=-26 Z=2 emitted 8 procedural water vertices (Ocean/Pools)
[+02:32:39.266] VoxelWater: Chunk X=4 Y=-25 Z=2 emitted 256 procedural water vertices (Ocean/Pools)
[+02:32:39.266] VoxelWater: Chunk X=4 Y=-25 Z=3 emitted 136 procedural water vertices (Ocean/Pools)
[+02:32:39.266] VoxelWater: Chunk X=5 Y=-25 Z=2 emitted 172 procedural water vertices (Ocean/Pools)
[+02:32:39.266] VoxelWater: Chunk X=4 Y=-24 Z=2 emitted 260 procedural water vertices (Ocean/Pools)
[+02:32:39.266] VoxelWater: Chunk X=4 Y=-24 Z=3 emitted 80 procedural water vertices (Ocean/Pools)
[+02:32:39.266] VoxelWater: Chunk X=5 Y=-24 Z=2 emitted 80 procedural water vertices (Ocean/Pools)
[+02:32:39.266] VoxelWater: Chunk X=2 Y=5 Z=2 emitted 12 procedural water vertices (Ocean/Pools)
[+02:32:39.266] VoxelWater: Chunk X=-5 Y=-2 Z=2 emitted 36 procedural water vertices (Ocean/Pools)
[+02:32:39.266] VoxelWater: Chunk X=5 Y=-25 Z=3 emitted 128 procedural water vertices (Ocean/Pools)
[+02:32:39.266] VoxelWater: Chunk X=2 Y=-5 Z=2 emitted 12 procedural water vertices (Ocean/Pools)
[+02:32:39.266] VoxelWater: Chunk X=5 Y=-24 Z=3 emitted 20 procedural water vertices (Ocean/Pools)
[+02:32:39.266] VoxelWater: Chunk X=6 Y=-24 Z=3 emitted 108 procedural water vertices (Ocean/Pools)
[+02:32:39.266] VoxelWater: Chunk X=6 Y=-26 Z=2 emitted 56 procedural water vertices (Ocean/Pools)
[+02:32:39.266] VoxelWater: Chunk X=6 Y=-26 Z=3 emitted 20 procedural water vertices (Ocean/Pools)
[+02:32:39.266] VoxelWater: Chunk X=6 Y=-25 Z=3 emitted 180 procedural water vertices (Ocean/Pools)
[+02:32:39.266] VoxelWater: Chunk X=6 Y=-25 Z=2 emitted 60 procedural water vertices (Ocean/Pools)
[+02:32:39.266] VoxelWater: Chunk X=5 Y=2 Z=2 emitted 60 procedural water vertices (Ocean/Pools)
[+02:32:39.266] VoxelWater: Chunk X=6 Y=-24 Z=2 emitted 112 procedural water vertices (Ocean/Pools)
[+02:32:39.266] VoxelWater: Chunk X=-1 Y=-5 Z=2 emitted 8 procedural water vertices (Ocean/Pools)
[+02:32:39.266] VoxelWater: Chunk X=-5 Y=-1 Z=2 emitted 32 procedural water vertices (Ocean/Pools)
[+02:32:39.266] VoxelWater: Chunk X=5 Y=1 Z=2 emitted 80 procedural water vertices (Ocean/Pools)
[+02:32:39.266] VoxelWater: Chunk X=1 Y=-5 Z=2 emitted 24 procedural water vertices (Ocean/Pools)
[+02:32:39.266] VoxelWater: Chunk X=3 Y=-4 Z=2 emitted 100 procedural water vertices (Ocean/Pools)
[+02:32:39.267] VoxelWater: Chunk X=4 Y=3 Z=2 emitted 52 procedural water vertices (Ocean/Pools)
[+02:32:39.267] VoxelWater: Chunk X=4 Y=2 Z=2 emitted 72 procedural water vertices (Ocean/Pools)
[+02:32:39.267] VoxelWater: Chunk X=-5 Y=0 Z=2 emitted 8 procedural water vertices (Ocean/Pools)
[+02:32:39.267] VoxelWater: Chunk X=5 Y=0 Z=2 emitted 24 procedural water vertices (Ocean/Pools)
[+02:32:39.267] VoxelWater: Chunk X=-3 Y=-5 Z=1 emitted 12 procedural water vertices (Ocean/Pools)
[+02:32:39.267] VoxelWater: Chunk X=-5 Y=-3 Z=1 emitted 20 procedural water vertices (Ocean/Pools)
[+02:32:39.267] VoxelWater: Chunk X=1 Y=-3 Z=3 emitted 64 procedural water vertices (Ocean/Pools)
[+02:32:39.267] VoxelWater: Chunk X=-5 Y=3 Z=1 emitted 20 procedural water vertices (Ocean/Pools)
[+02:32:39.267] VoxelWater: Chunk X=-1 Y=-3 Z=3 emitted 92 procedural water vertices (Ocean/Pools)
[+02:32:39.267] VoxelWater: Chunk X=-2 Y=-3 Z=3 emitted 4 procedural water vertices (Ocean/Pools)
[+02:32:39.267] VoxelWater: Chunk X=3 Y=5 Z=1 emitted 20 procedural water vertices (Ocean/Pools)
[+02:32:39.267] VoxelWater: Chunk X=0 Y=-3 Z=3 emitted 96 procedural water vertices (Ocean/Pools)
[+02:32:39.267] VoxelWater: Chunk X=-4 Y=4 Z=1 emitted 20 procedural water vertices (Ocean/Pools)
[+02:32:39.267] VoxelWater: Chunk X=4 Y=-4 Z=1 emitted 20 procedural water vertices (Ocean/Pools)
[+02:32:39.267] VoxelWater: Chunk X=2 Y=-4 Z=2 emitted 64 procedural water vertices (Ocean/Pools)
[+02:32:39.267] VoxelWater: Chunk X=1 Y=-2 Z=3 emitted 12 procedural water vertices (Ocean/Pools)
[+02:32:39.267] VoxelWater: Chunk X=-1 Y=-2 Z=3 emitted 16 procedural water vertices (Ocean/Pools)
[+02:32:39.275] VoxelChunk: GenerateAsync (2,1,4)
[+02:32:39.275] VoxelChunk: GenerateAsync (-2,1,4)
[+02:32:39.275] VoxelChunk: GenerateAsync (2,-4,3)
[+02:32:39.276] VoxelChunk: GenerateAsync (2,-1,4)
[+02:32:39.276] VoxelMesh: Chunk X=2 Y=-4 Z=3 FlatVerts=246 SlopeVerts=684
[+02:32:39.283] VoxelChunk: GenerateAsync (-4,2,3)
[+02:32:39.283] VoxelChunk: GenerateAsync (-2,4,3)
[+02:32:39.284] VoxelChunk: GenerateAsync (-2,-1,4)
[+02:32:39.284] VoxelChunk: GenerateAsync (2,4,3)
[+02:32:39.292] VoxelChunk: GenerateAsync (-1,-2,4)
[+02:32:39.293] VoxelChunk: GenerateAsync (1,-2,4)
[+02:32:39.293] VoxelChunk: GenerateAsync (-3,-5,2)
[+02:32:39.293] VoxelChunk: GenerateAsync (5,3,2)
[+02:32:39.293] VoxelMesh: Chunk X=-3 Y=-5 Z=2 FlatVerts=0 SlopeVerts=624
[+02:32:39.293] VoxelMesh: Chunk X=5 Y=3 Z=2 FlatVerts=240 SlopeVerts=498
[+02:32:39.300] VoxelChunk: GenerateAsync (3,-5,2)
[+02:32:39.300] VoxelChunk: GenerateAsync (-5,3,2)
[+02:32:39.300] VoxelMesh: Chunk X=3 Y=-5 Z=2 FlatVerts=474 SlopeVerts=600
[+02:32:39.300] VoxelMesh: Chunk X=-5 Y=3 Z=2 FlatVerts=0 SlopeVerts=0
[+02:32:39.300] VoxelChunk: GenerateAsync (-5,-3,2)
[+02:32:39.301] VoxelChunk: GenerateAsync (3,5,2)
[+02:32:39.301] VoxelMesh: Chunk X=-5 Y=-3 Z=2 FlatVerts=138 SlopeVerts=48
[+02:32:39.301] VoxelMesh: Chunk X=3 Y=5 Z=2 FlatVerts=48 SlopeVerts=840
[+02:32:39.309] VoxelChunk: GenerateAsync (-3,5,2)
[+02:32:39.309] VoxelChunk: GenerateAsync (5,-3,2)
[+02:32:39.310] VoxelChunk: GenerateAsync (-2,2,4)
[+02:32:39.310] VoxelChunk: GenerateAsync (2,2,4)
[+02:32:39.317] VoxelChunk: GenerateAsync (-2,-2,4)
[+02:32:39.319] VoxelChunk: GenerateAsync (2,-2,4)
[+02:32:39.321] VoxelChunk: GenerateAsync (0,3,4)
[+02:32:39.323] VoxelChunk: GenerateAsync (3,0,4)
[+02:32:39.331] VoxelChunk: GenerateAsync (-3,0,4)
[+02:32:39.333] VoxelChunk: GenerateAsync (0,-3,4)
[+02:32:39.334] VoxelMesh: Chunk X=0 Y=-3 Z=4 FlatVerts=180 SlopeVerts=468
[+02:32:39.336] VoxelMesh: Chunk X=0 Y=0 Z=0 FlatVerts=30 SlopeVerts=306
[+02:32:39.336] VoxelChunk: GenerateAsync (4,-3,3)
[+02:32:39.339] VoxelChunk: GenerateAsync (-5,0,3)
[+02:32:39.353] VoxelChunk: GenerateAsync (-4,-3,3)
[+02:32:39.354] VoxelChunk: GenerateAsync (-3,-4,3)
[+02:32:39.354] VoxelMesh: Chunk X=-4 Y=-3 Z=3 FlatVerts=0 SlopeVerts=0
[+02:32:39.354] VoxelChunk: GenerateAsync (3,1,4)
[+02:32:39.355] VoxelChunk: GenerateAsync (5,0,3)
[+02:32:39.355] VoxelMesh: Chunk X=-3 Y=-4 Z=3 FlatVerts=54 SlopeVerts=2262
[+02:32:39.356] VoxelMesh: Chunk X=5 Y=0 Z=3 FlatVerts=0 SlopeVerts=66
[+02:32:39.365] VoxelChunk: GenerateAsync (3,-1,4)
[+02:32:39.366] VoxelChunk: GenerateAsync (-4,3,3)
[+02:32:39.367] VoxelChunk: GenerateAsync (3,-4,3)
[+02:32:39.368] VoxelChunk: GenerateAsync (0,-5,3)
[+02:32:39.368] VoxelMesh: Chunk X=3 Y=-4 Z=3 FlatVerts=6 SlopeVerts=126
[+02:32:39.369] VoxelMesh: Chunk X=0 Y=-5 Z=3 FlatVerts=582 SlopeVerts=2412
[+02:32:39.375] VoxelChunk: GenerateAsync (-3,1,4)
[+02:32:39.376] VoxelChunk: GenerateAsync (4,3,3)
[+02:32:39.377] VoxelChunk: GenerateAsync (3,4,3)
[+02:32:39.378] VoxelChunk: GenerateAsync (-1,-3,4)
[+02:32:39.379] VoxelMesh: Chunk X=-1 Y=-3 Z=4 FlatVerts=150 SlopeVerts=1224
[+02:32:39.385] VoxelChunk: GenerateAsync (1,-3,4)
[+02:32:39.385] VoxelChunk: GenerateAsync (-1,3,4)
[+02:32:39.386] VoxelMesh: Chunk X=1 Y=-3 Z=4 FlatVerts=102 SlopeVerts=264
[+02:32:39.386] VoxelChunk: GenerateAsync (1,3,4)
[+02:32:39.387] VoxelChunk: GenerateAsync (0,5,3)
[+02:32:39.394] VoxelChunk: GenerateAsync (-3,4,3)
[+02:32:39.395] VoxelChunk: GenerateAsync (-3,-1,4)
[+02:32:39.397] VoxelChunk: GenerateAsync (1,-5,3)
[+02:32:39.398] VoxelChunk: GenerateAsync (-5,1,3)
[+02:32:39.398] VoxelMesh: Chunk X=1 Y=-5 Z=3 FlatVerts=174 SlopeVerts=3444
[+02:32:39.405] VoxelChunk: GenerateAsync (5,5,1)
[+02:32:39.406] VoxelChunk: GenerateAsync (-5,-5,1)
[+02:32:39.407] VoxelMesh: Chunk X=5 Y=5 Z=1 FlatVerts=300 SlopeVerts=30
[+02:32:39.407] VoxelChunk: GenerateAsync (5,-5,1)
[+02:32:39.408] VoxelMesh: Chunk X=-5 Y=-5 Z=1 FlatVerts=294 SlopeVerts=510
[+02:32:39.408] VoxelChunk: GenerateAsync (-1,-5,3)
[+02:32:39.409] VoxelMesh: Chunk X=5 Y=-5 Z=1 FlatVerts=576 SlopeVerts=408
[+02:32:39.409] VoxelMesh: Chunk X=-1 Y=-5 Z=3 FlatVerts=48 SlopeVerts=3060
[+02:32:39.416] VoxelChunk: GenerateAsync (5,1,3)
[+02:32:39.416] VoxelChunk: GenerateAsync (-5,5,1)
[+02:32:39.417] VoxelMesh: Chunk X=5 Y=1 Z=3 FlatVerts=42 SlopeVerts=1656
[+02:32:39.417] VoxelChunk: GenerateAsync (-5,-1,3)
[+02:32:39.418] VoxelMesh: Chunk X=-5 Y=5 Z=1 FlatVerts=1794 SlopeVerts=0
[+02:32:39.418] VoxelChunk: GenerateAsync (5,-1,3)
[+02:32:39.419] VoxelMesh: Chunk X=-5 Y=-1 Z=3 FlatVerts=0 SlopeVerts=66
[+02:32:39.426] VoxelChunk: GenerateAsync (-1,5,3)
[+02:32:39.427] VoxelChunk: GenerateAsync (1,5,3)
[+02:32:39.428] VoxelChunk: GenerateAsync (-5,4,2)
[+02:32:39.428] VoxelChunk: GenerateAsync (4,5,2)
[+02:32:39.429] VoxelMesh: Chunk X=4 Y=5 Z=2 FlatVerts=300 SlopeVerts=672
[+02:32:39.435] VoxelChunk: GenerateAsync (5,4,2)
[+02:32:39.436] VoxelChunk: GenerateAsync (5,-4,2)
[+02:32:39.436] VoxelChunk: GenerateAsync (4,-5,2)
[+02:32:39.437] VoxelMesh: Chunk X=5 Y=4 Z=2 FlatVerts=1578 SlopeVerts=3204
[+02:32:39.438] VoxelChunk: GenerateAsync (-4,5,2)
[+02:32:39.438] VoxelMesh: Chunk X=5 Y=-4 Z=2 FlatVerts=0 SlopeVerts=0
[+02:32:39.439] VoxelMesh: Chunk X=4 Y=-5 Z=2 FlatVerts=192 SlopeVerts=660
[+02:32:39.445] VoxelChunk: GenerateAsync (-4,-5,2)
[+02:32:39.446] VoxelChunk: GenerateAsync (-5,-4,2)
[+02:32:39.447] VoxelMesh: Chunk X=-4 Y=-5 Z=2 FlatVerts=12 SlopeVerts=774
[+02:32:39.447] VoxelChunk: GenerateAsync (-2,3,4)
[+02:32:39.448] VoxelChunk: GenerateAsync (-3,2,4)
[+02:32:39.448] VoxelMesh: Chunk X=-5 Y=-4 Z=2 FlatVerts=306 SlopeVerts=3756
[+02:32:39.455] VoxelChunk: GenerateAsync (3,-2,4)
[+02:32:39.457] VoxelChunk: GenerateAsync (3,2,4)
[+02:32:39.457] VoxelChunk: GenerateAsync (-3,-2,4)
[+02:32:39.458] VoxelChunk: GenerateAsync (2,-3,4)
[+02:32:39.464] VoxelWater: Chunk X=4 Y=-26 Z=2 emitted 8 procedural water vertices (Ocean/Pools)
[+02:32:39.464] VoxelWater: Chunk X=4 Y=-25 Z=2 emitted 252 procedural water vertices (Ocean/Pools)
[+02:32:39.464] VoxelWater: Chunk X=4 Y=-25 Z=3 emitted 136 procedural water vertices (Ocean/Pools)
[+02:32:39.465] VoxelWater: Chunk X=5 Y=-25 Z=2 emitted 168 procedural water vertices (Ocean/Pools)
[+02:32:39.465] VoxelWater: Chunk X=4 Y=-24 Z=2 emitted 276 procedural water vertices (Ocean/Pools)
[+02:32:39.465] VoxelWater: Chunk X=4 Y=-24 Z=3 emitted 80 procedural water vertices (Ocean/Pools)
[+02:32:39.465] VoxelWater: Chunk X=5 Y=-24 Z=2 emitted 84 procedural water vertices (Ocean/Pools)
[+02:32:39.465] VoxelWater: Chunk X=5 Y=-25 Z=3 emitted 128 procedural water vertices (Ocean/Pools)
[+02:32:39.465] VoxelWater: Chunk X=6 Y=-25 Z=2 emitted 76 procedural water vertices (Ocean/Pools)
[+02:32:39.465] VoxelWater: Chunk X=5 Y=-24 Z=3 emitted 20 procedural water vertices (Ocean/Pools)
[+02:32:39.465] VoxelWater: Chunk X=6 Y=-24 Z=3 emitted 108 procedural water vertices (Ocean/Pools)
[+02:32:39.465] VoxelWater: Chunk X=6 Y=-26 Z=2 emitted 56 procedural water vertices (Ocean/Pools)
[+02:32:39.465] VoxelWater: Chunk X=6 Y=-26 Z=3 emitted 20 procedural water vertices (Ocean/Pools)
[+02:32:39.465] VoxelWater: Chunk X=6 Y=-25 Z=3 emitted 180 procedural water vertices (Ocean/Pools)
[+02:32:39.465] VoxelWater: Chunk X=6 Y=-24 Z=2 emitted 136 procedural water vertices (Ocean/Pools)
[+02:32:39.465] VoxelWater: Chunk X=-5 Y=-4 Z=2 emitted 32 procedural water vertices (Ocean/Pools)
[+02:32:39.465] VoxelWater: Chunk X=-4 Y=-5 Z=2 emitted 16 procedural water vertices (Ocean/Pools)
[+02:32:39.465] VoxelWater: Chunk X=5 Y=4 Z=2 emitted 64 procedural water vertices (Ocean/Pools)
[+02:32:39.465] VoxelWater: Chunk X=4 Y=5 Z=2 emitted 12 procedural water vertices (Ocean/Pools)
[+02:32:39.465] VoxelWater: Chunk X=-5 Y=5 Z=1 emitted 12 procedural water vertices (Ocean/Pools)
[+02:32:39.465] VoxelWater: Chunk X=-1 Y=-5 Z=3 emitted 64 procedural water vertices (Ocean/Pools)
[+02:32:39.465] VoxelWater: Chunk X=5 Y=-5 Z=1 emitted 12 procedural water vertices (Ocean/Pools)
[+02:32:39.465] VoxelWater: Chunk X=-5 Y=-5 Z=1 emitted 12 procedural water vertices (Ocean/Pools)
[+02:32:39.465] VoxelWater: Chunk X=1 Y=-5 Z=3 emitted 40 procedural water vertices (Ocean/Pools)
[+02:32:39.465] VoxelWater: Chunk X=-1 Y=-3 Z=4 emitted 8 procedural water vertices (Ocean/Pools)
[+02:32:39.465] VoxelWater: Chunk X=0 Y=-5 Z=3 emitted 44 procedural water vertices (Ocean/Pools)
[+02:32:39.465] VoxelWater: Chunk X=-3 Y=-4 Z=3 emitted 32 procedural water vertices (Ocean/Pools)
[+02:32:39.472] VoxelChunk: GenerateAsync (2,3,4)
[+02:32:39.472] VoxelChunk: GenerateAsync (-2,-3,4)
[+02:32:39.473] VoxelChunk: GenerateAsync (5,2,3)
[+02:32:39.473] VoxelMesh: Chunk X=-2 Y=-3 Z=4 FlatVerts=0 SlopeVerts=426
[+02:32:39.474] VoxelChunk: GenerateAsync (2,5,3)
[+02:32:39.475] VoxelMesh: Chunk X=5 Y=2 Z=3 FlatVerts=96 SlopeVerts=3654
[+02:32:39.482] VoxelChunk: GenerateAsync (5,-2,3)
[+02:32:39.482] VoxelChunk: GenerateAsync (-2,-5,3)
[+02:32:39.483] VoxelChunk: GenerateAsync (2,-5,3)
[+02:32:39.483] VoxelChunk: GenerateAsync (-5,2,3)
[+02:32:39.483] VoxelMesh: Chunk X=-2 Y=-5 Z=3 FlatVerts=0 SlopeVerts=2142
[+02:32:39.485] VoxelMesh: Chunk X=2 Y=-5 Z=3 FlatVerts=468 SlopeVerts=4248
[+02:32:39.493] VoxelChunk: GenerateAsync (-5,-2,3)
[+02:32:39.493] VoxelChunk: GenerateAsync (-2,5,3)
[+02:32:39.494] VoxelChunk: GenerateAsync (4,0,4)
[+02:32:39.495] VoxelChunk: GenerateAsync (0,4,4)
[+02:32:39.501] VoxelChunk: GenerateAsync (0,-4,4)
[+02:32:39.502] VoxelChunk: GenerateAsync (-4,0,4)
[+02:32:39.503] VoxelChunk: GenerateAsync (1,-4,4)
[+02:32:39.503] VoxelMesh: Chunk X=0 Y=-4 Z=4 FlatVerts=1602 SlopeVerts=3360
[+02:32:39.504] VoxelChunk: GenerateAsync (-4,4,3)
[+02:32:39.505] VoxelMesh: Chunk X=1 Y=-4 Z=4 FlatVerts=690 SlopeVerts=4068
[+02:32:39.512] VoxelChunk: GenerateAsync (-4,-1,4)
[+02:32:39.514] VoxelChunk: GenerateAsync (4,-1,4)
[+02:32:39.514] VoxelChunk: GenerateAsync (4,1,4)
[+02:32:39.515] VoxelChunk: GenerateAsync (4,4,3)
[+02:32:39.522] VoxelChunk: GenerateAsync (-4,-4,3)
[+02:32:39.523] VoxelChunk: GenerateAsync (-1,-4,4)
[+02:32:39.523] VoxelChunk: GenerateAsync (-1,4,4)
[+02:32:39.523] VoxelMesh: Chunk X=-4 Y=-4 Z=3 FlatVerts=0 SlopeVerts=3228
[+02:32:39.524] VoxelChunk: GenerateAsync (1,4,4)
[+02:32:39.524] VoxelMesh: Chunk X=-1 Y=-4 Z=4 FlatVerts=1806 SlopeVerts=1872
[+02:32:39.532] VoxelChunk: GenerateAsync (4,-4,3)
[+02:32:39.533] VoxelChunk: GenerateAsync (0,0,5)
[+02:32:39.533] VoxelChunk: GenerateAsync (-4,1,4)
[+02:32:39.535] VoxelChunk: GenerateAsync (0,-1,5)
[+02:32:39.541] VoxelChunk: GenerateAsync (3,3,4)
[+02:32:39.542] VoxelChunk: GenerateAsync (0,1,5)
[+02:32:39.542] VoxelChunk: GenerateAsync (-3,3,4)
[+02:32:39.543] VoxelChunk: GenerateAsync (-3,-3,4)
[+02:32:39.551] VoxelChunk: GenerateAsync (3,-3,4)
[+02:32:39.552] VoxelChunk: GenerateAsync (-1,0,5)
[+02:32:39.552] VoxelChunk: GenerateAsync (1,0,5)
[+02:32:39.553] VoxelChunk: GenerateAsync (-3,-5,3)
[+02:32:39.554] VoxelMesh: Chunk X=-3 Y=-5 Z=3 FlatVerts=72 SlopeVerts=2634
[+02:32:39.559] VoxelChunk: GenerateAsync (-1,1,5)
[+02:32:39.560] VoxelChunk: GenerateAsync (-3,5,3)
[+02:32:39.561] VoxelChunk: GenerateAsync (3,5,3)
[+02:32:39.562] VoxelChunk: GenerateAsync (1,-1,5)
[+02:32:39.569] VoxelChunk: GenerateAsync (-1,-1,5)
[+02:32:39.569] VoxelChunk: GenerateAsync (-5,-3,3)
[+02:32:39.570] VoxelChunk: GenerateAsync (1,1,5)
[+02:32:39.571] VoxelChunk: GenerateAsync (5,-3,3)
[+02:32:39.578] VoxelChunk: GenerateAsync (5,3,3)
[+02:32:39.578] VoxelChunk: GenerateAsync (-5,3,3)
[+02:32:39.578] VoxelChunk: GenerateAsync (3,-5,3)
[+02:32:39.579] VoxelMesh: Chunk X=5 Y=3 Z=3 FlatVerts=402 SlopeVerts=3864
[+02:32:39.579] VoxelChunk: GenerateAsync (4,-2,4)
[+02:32:39.580] VoxelMesh: Chunk X=3 Y=-5 Z=3 FlatVerts=0 SlopeVerts=42
[+02:32:39.588] VoxelChunk: GenerateAsync (-4,-2,4)
[+02:32:39.588] VoxelChunk: GenerateAsync (-2,4,4)
[+02:32:39.589] VoxelChunk: GenerateAsync (2,4,4)
[+02:32:39.589] VoxelChunk: GenerateAsync (2,-4,4)
[+02:32:39.590] VoxelMesh: Chunk X=2 Y=-4 Z=4 FlatVerts=0 SlopeVerts=36
[+02:32:39.597] VoxelChunk: GenerateAsync (-2,-4,4)
[+02:32:39.598] VoxelMesh: Chunk X=-2 Y=-4 Z=4 FlatVerts=1956 SlopeVerts=1626
[+02:32:39.598] VoxelChunk: GenerateAsync (-4,2,4)
[+02:32:39.599] VoxelChunk: GenerateAsync (4,2,4)
[+02:32:39.600] VoxelChunk: GenerateAsync (0,-2,5)
[+02:32:39.607] VoxelChunk: GenerateAsync (-2,0,5)
[+02:32:39.608] VoxelChunk: GenerateAsync (2,0,5)
[+02:32:39.609] VoxelChunk: GenerateAsync (0,2,5)
[+02:32:39.609] VoxelChunk: GenerateAsync (5,-5,2)
[+02:32:39.610] VoxelMesh: Chunk X=5 Y=-5 Z=2 FlatVerts=1614 SlopeVerts=942
[+02:32:39.619] VoxelChunk: GenerateAsync (-2,1,5)
[+02:32:39.620] VoxelChunk: GenerateAsync (-2,-1,5)
[+02:32:39.621] VoxelChunk: GenerateAsync (1,2,5)
[+02:32:39.621] VoxelChunk: GenerateAsync (-1,2,5)
[+02:32:39.628] VoxelChunk: GenerateAsync (2,-1,5)
[+02:32:39.629] VoxelChunk: GenerateAsync (2,1,5)
[+02:32:39.630] VoxelChunk: GenerateAsync (-5,-5,2)
[+02:32:39.631] VoxelChunk: GenerateAsync (-5,5,2)
[+02:32:39.631] VoxelMesh: Chunk X=-5 Y=-5 Z=2 FlatVerts=402 SlopeVerts=3744
[+02:32:39.638] VoxelChunk: GenerateAsync (-1,-2,5)
[+02:32:39.638] VoxelChunk: GenerateAsync (1,-2,5)
[+02:32:39.640] VoxelChunk: GenerateAsync (5,5,2)
[+02:32:39.640] VoxelChunk: GenerateAsync (5,0,4)
[+02:32:39.641] VoxelMesh: Chunk X=5 Y=5 Z=2 FlatVerts=1428 SlopeVerts=2694
[+02:32:39.648] VoxelChunk: GenerateAsync (-5,0,4)
[+02:32:39.649] VoxelChunk: GenerateAsync (4,-3,4)
[+02:32:39.650] VoxelChunk: GenerateAsync (-3,-4,4)
[+02:32:39.651] VoxelChunk: GenerateAsync (3,4,4)
[+02:32:39.651] VoxelMesh: Chunk X=-3 Y=-4 Z=4 FlatVerts=1188 SlopeVerts=786
[+02:32:39.658] VoxelChunk: GenerateAsync (2,-2,5)
[+02:32:39.659] VoxelChunk: GenerateAsync (0,-5,4)
[+02:32:39.660] VoxelChunk: GenerateAsync (-3,4,4)
[+02:32:39.660] VoxelChunk: GenerateAsync (-4,3,4)
[+02:32:39.660] VoxelMesh: Chunk X=0 Y=-5 Z=4 FlatVerts=276 SlopeVerts=3924
[+02:32:39.673] VoxelWater: Chunk X=0 Y=-5 Z=4 emitted 64 procedural water vertices (Ocean/Pools)
[+02:32:39.673] VoxelWater: Chunk X=0 Y=-5 Z=3 emitted 48 procedural water vertices (Ocean/Pools)
[+02:32:39.673] VoxelWater: Chunk X=-3 Y=-4 Z=4 emitted 28 procedural water vertices (Ocean/Pools)
[+02:32:39.673] VoxelWater: Chunk X=5 Y=5 Z=2 emitted 56 procedural water vertices (Ocean/Pools)
[+02:32:39.673] VoxelWater: Chunk X=-5 Y=-5 Z=2 emitted 36 procedural water vertices (Ocean/Pools)
[+02:32:39.673] VoxelWater: Chunk X=-5 Y=-5 Z=1 emitted 24 procedural water vertices (Ocean/Pools)
[+02:32:39.673] VoxelWater: Chunk X=4 Y=-26 Z=2 emitted 8 procedural water vertices (Ocean/Pools)
[+02:32:39.673] VoxelWater: Chunk X=4 Y=-25 Z=2 emitted 260 procedural water vertices (Ocean/Pools)
[+02:32:39.673] VoxelWater: Chunk X=4 Y=-25 Z=3 emitted 136 procedural water vertices (Ocean/Pools)
[+02:32:39.673] VoxelWater: Chunk X=5 Y=-25 Z=2 emitted 176 procedural water vertices (Ocean/Pools)
[+02:32:39.673] VoxelWater: Chunk X=4 Y=-24 Z=2 emitted 288 procedural water vertices (Ocean/Pools)
[+02:32:39.673] VoxelWater: Chunk X=4 Y=-24 Z=3 emitted 84 procedural water vertices (Ocean/Pools)
[+02:32:39.673] VoxelWater: Chunk X=5 Y=-24 Z=2 emitted 92 procedural water vertices (Ocean/Pools)
[+02:32:39.673] VoxelWater: Chunk X=5 Y=-5 Z=2 emitted 28 procedural water vertices (Ocean/Pools)
[+02:32:39.673] VoxelWater: Chunk X=5 Y=-5 Z=1 emitted 20 procedural water vertices (Ocean/Pools)
[+02:32:39.673] VoxelWater: Chunk X=5 Y=-25 Z=3 emitted 128 procedural water vertices (Ocean/Pools)
[+02:32:39.673] VoxelWater: Chunk X=6 Y=-25 Z=2 emitted 88 procedural water vertices (Ocean/Pools)
[+02:32:39.674] VoxelWater: Chunk X=5 Y=-24 Z=3 emitted 20 procedural water vertices (Ocean/Pools)
[+02:32:39.674] VoxelWater: Chunk X=6 Y=-24 Z=3 emitted 104 procedural water vertices (Ocean/Pools)
[+02:32:39.674] VoxelWater: Chunk X=6 Y=-26 Z=2 emitted 56 procedural water vertices (Ocean/Pools)
[+02:32:39.674] VoxelWater: Chunk X=6 Y=-26 Z=3 emitted 16 procedural water vertices (Ocean/Pools)
[+02:32:39.674] VoxelWater: Chunk X=6 Y=-25 Z=3 emitted 188 procedural water vertices (Ocean/Pools)
[+02:32:39.674] VoxelWater: Chunk X=6 Y=-24 Z=2 emitted 136 procedural water vertices (Ocean/Pools)
[+02:32:39.674] VoxelWater: Chunk X=-2 Y=-4 Z=4 emitted 44 procedural water vertices (Ocean/Pools)
[+02:32:39.674] VoxelWater: Chunk X=5 Y=3 Z=3 emitted 16 procedural water vertices (Ocean/Pools)
[+02:32:39.674] VoxelWater: Chunk X=-3 Y=-5 Z=3 emitted 60 procedural water vertices (Ocean/Pools)
[+02:32:39.674] VoxelWater: Chunk X=-1 Y=-4 Z=4 emitted 32 procedural water vertices (Ocean/Pools)
[+02:32:39.674] VoxelWater: Chunk X=-1 Y=-3 Z=4 emitted 20 procedural water vertices (Ocean/Pools)
[+02:32:39.674] VoxelWater: Chunk X=0 Y=-4 Z=4 emitted 60 procedural water vertices (Ocean/Pools)
[+02:32:39.674] VoxelWater: Chunk X=-4 Y=-4 Z=3 emitted 52 procedural water vertices (Ocean/Pools)
[+02:32:39.674] VoxelWater: Chunk X=1 Y=-4 Z=4 emitted 40 procedural water vertices (Ocean/Pools)
[+02:32:39.674] VoxelWater: Chunk X=2 Y=-5 Z=3 emitted 44 procedural water vertices (Ocean/Pools)
[+02:32:39.674] VoxelWater: Chunk X=3 Y=-5 Z=3 emitted 4 procedural water vertices (Ocean/Pools)
[+02:32:39.674] VoxelWater: Chunk X=5 Y=2 Z=3 emitted 44 procedural water vertices (Ocean/Pools)
[+02:32:39.674] VoxelWater: Chunk X=-2 Y=-3 Z=4 emitted 12 procedural water vertices (Ocean/Pools)
[+02:32:39.674] VoxelWater: Chunk X=-5 Y=-4 Z=2 emitted 44 procedural water vertices (Ocean/Pools)
[+02:32:39.674] VoxelWater: Chunk X=-4 Y=-5 Z=2 emitted 16 procedural water vertices (Ocean/Pools)
[+02:32:39.674] VoxelWater: Chunk X=5 Y=4 Z=2 emitted 84 procedural water vertices (Ocean/Pools)
[+02:32:39.674] VoxelWater: Chunk X=4 Y=5 Z=2 emitted 16 procedural water vertices (Ocean/Pools)
[+02:32:39.674] VoxelWater: Chunk X=-5 Y=5 Z=1 emitted 20 procedural water vertices (Ocean/Pools)
[+02:32:39.674] VoxelWater: Chunk X=-1 Y=-5 Z=3 emitted 68 procedural water vertices (Ocean/Pools)
[+02:32:39.674] VoxelWater: Chunk X=1 Y=-5 Z=3 emitted 40 procedural water vertices (Ocean/Pools)
[+02:32:39.674] VoxelWater: Chunk X=-3 Y=-4 Z=3 emitted 40 procedural water vertices (Ocean/Pools)
[+02:32:39.682] VoxelChunk: GenerateAsync (0,5,4)
[+02:32:39.683] VoxelChunk: GenerateAsync (-4,-3,4)
[+02:32:39.684] VoxelChunk: GenerateAsync (3,-4,4)
[+02:32:39.685] VoxelChunk: GenerateAsync (4,3,4)
[+02:32:39.692] VoxelChunk: GenerateAsync (-2,-2,5)
[+02:32:39.693] VoxelChunk: GenerateAsync (2,2,5)
[+02:32:39.693] VoxelChunk: GenerateAsync (-2,2,5)
[+02:32:39.695] VoxelChunk: GenerateAsync (3,0,5)
[+02:32:39.701] VoxelChunk: GenerateAsync (-5,4,3)
[+02:32:39.702] VoxelChunk: GenerateAsync (1,-5,4)
[+02:32:39.703] VoxelChunk: GenerateAsync (-4,-5,3)
[+02:32:39.703] VoxelMesh: Chunk X=1 Y=-5 Z=4 FlatVerts=606 SlopeVerts=5514
[+02:32:39.704] VoxelChunk: GenerateAsync (5,1,4)
[+02:32:39.704] VoxelMesh: Chunk X=5 Y=1 Z=4 FlatVerts=12 SlopeVerts=18
[+02:32:39.704] VoxelMesh: Chunk X=-4 Y=-5 Z=3 FlatVerts=0 SlopeVerts=3498
[+02:32:39.712] VoxelChunk: GenerateAsync (-4,5,3)
[+02:32:39.713] VoxelChunk: GenerateAsync (0,-3,5)
[+02:32:39.714] VoxelChunk: GenerateAsync (-5,-4,3)
[+02:32:39.715] VoxelChunk: GenerateAsync (-5,-1,4)
[+02:32:39.715] VoxelMesh: Chunk X=-5 Y=-4 Z=3 FlatVerts=0 SlopeVerts=204
[+02:32:39.722] VoxelChunk: GenerateAsync (-3,0,5)
[+02:32:39.722] VoxelChunk: GenerateAsync (5,-4,3)
[+02:32:39.724] VoxelChunk: GenerateAsync (5,4,3)
[+02:32:39.725] VoxelChunk: GenerateAsync (5,-1,4)
[+02:32:39.726] VoxelMesh: Chunk X=5 Y=4 Z=3 FlatVerts=48 SlopeVerts=270
[+02:32:39.733] VoxelChunk: GenerateAsync (4,5,3)
[+02:32:39.733] VoxelChunk: GenerateAsync (-5,1,4)
[+02:32:39.734] VoxelChunk: GenerateAsync (4,-5,3)
[+02:32:39.735] VoxelChunk: GenerateAsync (0,3,5)
[+02:32:39.742] VoxelChunk: GenerateAsync (-1,-5,4)
[+02:32:39.743] VoxelChunk: GenerateAsync (1,5,4)
[+02:32:39.743] VoxelMesh: Chunk X=-1 Y=-5 Z=4 FlatVerts=18 SlopeVerts=966
[+02:32:39.743] VoxelChunk: GenerateAsync (-1,5,4)
[+02:32:39.744] VoxelChunk: GenerateAsync (1,3,5)
[+02:32:39.751] VoxelChunk: GenerateAsync (-1,3,5)
[+02:32:39.752] VoxelChunk: GenerateAsync (-3,-1,5)
[+02:32:39.752] VoxelChunk: GenerateAsync (3,1,5)
[+02:32:39.753] VoxelChunk: GenerateAsync (-3,1,5)
[+02:32:39.761] VoxelChunk: GenerateAsync (3,-1,5)
[+02:32:39.761] VoxelChunk: GenerateAsync (-1,-3,5)
[+02:32:39.762] VoxelChunk: GenerateAsync (1,-3,5)
[+02:32:39.762] VoxelChunk: GenerateAsync (2,-5,4)
[+02:32:39.762] VoxelMesh: Chunk X=2 Y=-5 Z=4 FlatVerts=24 SlopeVerts=78
[+02:32:39.769] VoxelChunk: GenerateAsync (-5,2,4)
[+02:32:39.770] VoxelChunk: GenerateAsync (2,5,4)
[+02:32:39.770] VoxelChunk: GenerateAsync (-2,5,4)
[+02:32:39.771] VoxelChunk: GenerateAsync (-2,-5,4)
[+02:32:39.771] VoxelMesh: Chunk X=-2 Y=-5 Z=4 FlatVerts=6 SlopeVerts=588
[+02:32:39.778] VoxelChunk: GenerateAsync (5,-2,4)
[+02:32:39.778] VoxelChunk: GenerateAsync (-5,-2,4)
[+02:32:39.779] VoxelChunk: GenerateAsync (5,2,4)
[+02:32:39.779] VoxelChunk: GenerateAsync (-2,3,5)
[+02:32:39.779] VoxelMesh: Chunk X=5 Y=2 Z=4 FlatVerts=0 SlopeVerts=66
[+02:32:39.786] VoxelChunk: GenerateAsync (2,3,5)
[+02:32:39.786] VoxelChunk: GenerateAsync (3,2,5)
[+02:32:39.787] VoxelChunk: GenerateAsync (-3,2,5)
[+02:32:39.787] VoxelChunk: GenerateAsync (-2,-3,5)
[+02:32:39.794] VoxelChunk: GenerateAsync (-3,-2,5)
[+02:32:39.795] VoxelChunk: GenerateAsync (2,-3,5)
[+02:32:39.795] VoxelChunk: GenerateAsync (3,-2,5)
[+02:32:39.795] VoxelChunk: GenerateAsync (4,-4,4)
[+02:32:39.803] VoxelChunk: GenerateAsync (-4,4,4)
[+02:32:39.805] VoxelChunk: GenerateAsync (4,4,4)
[+02:32:39.808] VoxelChunk: GenerateAsync (-4,-4,4)
[+02:32:39.809] VoxelMesh: Chunk X=-4 Y=-4 Z=4 FlatVerts=408 SlopeVerts=222
[+02:32:39.810] VoxelChunk: GenerateAsync (-4,0,5)
[+02:32:39.819] VoxelChunk: GenerateAsync (0,-4,5)
[+02:32:39.820] VoxelMesh: Chunk X=0 Y=-4 Z=5 FlatVerts=0 SlopeVerts=0
[+02:32:39.821] VoxelChunk: GenerateAsync (4,0,5)
[+02:32:39.824] VoxelChunk: GenerateAsync (0,4,5)
[+02:32:39.826] VoxelChunk: GenerateAsync (4,1,5)
[+02:32:39.834] VoxelChunk: GenerateAsync (1,-4,5)
[+02:32:39.837] VoxelMesh: Chunk X=0 Y=0 Z=0 FlatVerts=282 SlopeVerts=3912
[+02:32:39.838] VoxelChunk: GenerateAsync (-5,-3,4)
[+02:32:39.840] VoxelChunk: GenerateAsync (5,3,4)
[+02:32:39.842] VoxelMesh: Chunk X=5 Y=3 Z=4 FlatVerts=0 SlopeVerts=0
[+02:32:39.842] VoxelChunk: GenerateAsync (1,4,5)
[+02:32:39.857] VoxelChunk: GenerateAsync (-1,-4,5)
[+02:32:39.858] VoxelChunk: GenerateAsync (3,5,4)
[+02:32:39.859] VoxelChunk: GenerateAsync (-3,5,4)
[+02:32:39.860] VoxelChunk: GenerateAsync (5,-3,4)
[+02:32:39.868] VoxelChunk: GenerateAsync (-1,4,5)
[+02:32:39.869] VoxelChunk: GenerateAsync (3,-5,4)
[+02:32:39.870] VoxelChunk: GenerateAsync (4,-1,5)
[+02:32:39.871] VoxelChunk: GenerateAsync (-5,3,4)
[+02:32:39.874] VoxelWater: Chunk X=4 Y=-26 Z=2 emitted 8 procedural water vertices (Ocean/Pools)
[+02:32:39.874] VoxelWater: Chunk X=4 Y=-25 Z=2 emitted 276 procedural water vertices (Ocean/Pools)
[+02:32:39.874] VoxelWater: Chunk X=4 Y=-25 Z=3 emitted 136 procedural water vertices (Ocean/Pools)
[+02:32:39.874] VoxelWater: Chunk X=5 Y=-25 Z=2 emitted 200 procedural water vertices (Ocean/Pools)
[+02:32:39.874] VoxelWater: Chunk X=4 Y=-24 Z=2 emitted 292 procedural water vertices (Ocean/Pools)
[+02:32:39.874] VoxelWater: Chunk X=4 Y=-24 Z=3 emitted 84 procedural water vertices (Ocean/Pools)
[+02:32:39.874] VoxelWater: Chunk X=5 Y=-24 Z=2 emitted 100 procedural water vertices (Ocean/Pools)
[+02:32:39.874] VoxelWater: Chunk X=5 Y=-25 Z=3 emitted 128 procedural water vertices (Ocean/Pools)
[+02:32:39.874] VoxelWater: Chunk X=5 Y=-26 Z=2 emitted 8 procedural water vertices (Ocean/Pools)
[+02:32:39.874] VoxelWater: Chunk X=6 Y=-25 Z=2 emitted 92 procedural water vertices (Ocean/Pools)
[+02:32:39.874] VoxelWater: Chunk X=5 Y=-24 Z=3 emitted 20 procedural water vertices (Ocean/Pools)
[+02:32:39.874] VoxelWater: Chunk X=6 Y=-24 Z=3 emitted 104 procedural water vertices (Ocean/Pools)
[+02:32:39.874] VoxelWater: Chunk X=6 Y=-26 Z=2 emitted 60 procedural water vertices (Ocean/Pools)
[+02:32:39.874] VoxelWater: Chunk X=6 Y=-26 Z=3 emitted 16 procedural water vertices (Ocean/Pools)
[+02:32:39.874] VoxelWater: Chunk X=6 Y=-25 Z=3 emitted 192 procedural water vertices (Ocean/Pools)
[+02:32:39.875] VoxelWater: Chunk X=6 Y=-24 Z=2 emitted 140 procedural water vertices (Ocean/Pools)
[+02:32:39.882] VoxelChunk: GenerateAsync (-4,-1,5)
[+02:32:39.883] VoxelChunk: GenerateAsync (-3,-5,4)
[+02:32:39.884] VoxelChunk: GenerateAsync (-4,1,5)
[+02:32:39.884] VoxelChunk: GenerateAsync (-5,5,3)
[+02:32:39.884] VoxelMesh: Chunk X=-3 Y=-5 Z=4 FlatVerts=18 SlopeVerts=54
[+02:32:39.892] VoxelChunk: GenerateAsync (-3,3,5)
[+02:32:39.892] VoxelChunk: GenerateAsync (-3,-3,5)
[+02:32:39.893] VoxelChunk: GenerateAsync (5,-5,3)
[+02:32:39.894] VoxelChunk: GenerateAsync (5,5,3)
[+02:32:39.895] VoxelMesh: Chunk X=5 Y=5 Z=3 FlatVerts=0 SlopeVerts=0
[+02:32:39.901] VoxelChunk: GenerateAsync (-5,-5,3)
[+02:32:39.902] VoxelChunk: GenerateAsync (3,-3,5)
[+02:32:39.902] VoxelMesh: Chunk X=-5 Y=-5 Z=3 FlatVerts=0 SlopeVerts=306
[+02:32:39.903] VoxelChunk: GenerateAsync (3,3,5)
[+02:32:39.903] VoxelChunk: GenerateAsync (-4,-2,5)
[+02:32:39.911] VoxelChunk: GenerateAsync (2,-4,5)
[+02:32:39.912] VoxelChunk: GenerateAsync (2,4,5)
[+02:32:39.912] VoxelChunk: GenerateAsync (-4,2,5)
[+02:32:39.913] VoxelChunk: GenerateAsync (4,-2,5)
[+02:32:39.920] VoxelChunk: GenerateAsync (-2,4,5)
[+02:32:39.921] VoxelChunk: GenerateAsync (-2,-4,5)
[+02:32:39.921] VoxelChunk: GenerateAsync (4,2,5)
[+02:32:39.922] VoxelChunk: GenerateAsync (-5,-4,4)
[+02:32:39.929] VoxelChunk: GenerateAsync (-4,-5,4)
[+02:32:39.930] VoxelChunk: GenerateAsync (4,5,4)
[+02:32:39.931] VoxelMesh: Chunk X=-4 Y=-5 Z=4 FlatVerts=216 SlopeVerts=324
[+02:32:39.931] VoxelChunk: GenerateAsync (5,4,4)
[+02:32:39.931] VoxelChunk: GenerateAsync (5,-4,4)
[+02:32:39.939] VoxelChunk: GenerateAsync (-5,4,4)
[+02:32:39.940] VoxelChunk: GenerateAsync (4,-5,4)
[+02:32:39.941] VoxelChunk: GenerateAsync (-4,5,4)
[+02:32:39.941] VoxelChunk: GenerateAsync (-3,-4,5)
[+02:32:39.948] VoxelChunk: GenerateAsync (0,5,5)
[+02:32:39.949] VoxelChunk: GenerateAsync (-5,0,5)
[+02:32:39.950] VoxelChunk: GenerateAsync (4,3,5)
[+02:32:39.951] VoxelChunk: GenerateAsync (3,4,5)
[+02:32:39.958] VoxelChunk: GenerateAsync (3,-4,5)
[+02:32:39.958] VoxelChunk: GenerateAsync (-4,3,5)
[+02:32:39.959] VoxelChunk: GenerateAsync (4,-3,5)
[+02:32:39.960] VoxelChunk: GenerateAsync (-4,-3,5)
[+02:32:39.966] VoxelChunk: GenerateAsync (-3,4,5)
[+02:32:39.967] VoxelChunk: GenerateAsync (5,0,5)
[+02:32:39.968] VoxelChunk: GenerateAsync (0,-5,5)
[+02:32:39.969] VoxelMesh: Chunk X=0 Y=-5 Z=5 FlatVerts=0 SlopeVerts=12
[+02:32:39.969] VoxelChunk: GenerateAsync (-5,1,5)
[+02:32:39.975] VoxelChunk: GenerateAsync (5,-1,5)
[+02:32:39.976] VoxelChunk: GenerateAsync (5,1,5)
[+02:32:39.977] VoxelChunk: GenerateAsync (-5,-1,5)
[+02:32:39.978] VoxelChunk: GenerateAsync (1,5,5)
[+02:32:39.985] VoxelChunk: GenerateAsync (-1,5,5)
[+02:32:39.986] VoxelChunk: GenerateAsync (1,-5,5)
[+02:32:39.986] VoxelChunk: GenerateAsync (-1,-5,5)
[+02:32:39.988] VoxelMesh: Chunk X=1 Y=-5 Z=5 FlatVerts=36 SlopeVerts=66
[+02:32:39.988] VoxelChunk: GenerateAsync (5,-2,5)
[+02:32:39.994] VoxelChunk: GenerateAsync (5,2,5)
[+02:32:39.995] VoxelChunk: GenerateAsync (2,-5,5)
[+02:32:39.996] VoxelChunk: GenerateAsync (-5,2,5)
[+02:32:39.997] VoxelChunk: GenerateAsync (-5,-2,5)
[+02:32:40.003] VoxelChunk: GenerateAsync (-2,-5,5)
[+02:32:40.004] VoxelChunk: GenerateAsync (-2,5,5)
[+02:32:40.005] VoxelChunk: GenerateAsync (2,5,5)
[+02:32:40.006] VoxelChunk: GenerateAsync (-4,4,5)
[+02:32:40.014] VoxelChunk: GenerateAsync (4,-4,5)
[+02:32:40.015] VoxelChunk: GenerateAsync (-4,-4,5)
[+02:32:40.015] VoxelChunk: GenerateAsync (4,4,5)
[+02:32:40.016] VoxelChunk: GenerateAsync (5,-5,4)
[+02:32:40.023] VoxelChunk: GenerateAsync (-5,-5,4)
[+02:32:40.024] VoxelChunk: GenerateAsync (-5,5,4)
[+02:32:40.025] VoxelChunk: GenerateAsync (5,5,4)
[+02:32:40.025] VoxelChunk: GenerateAsync (5,3,5)
[+02:32:40.031] VoxelChunk: GenerateAsync (-5,3,5)
[+02:32:40.033] VoxelChunk: GenerateAsync (5,-3,5)
[+02:32:40.034] VoxelChunk: GenerateAsync (-5,-3,5)
[+02:32:40.035] VoxelChunk: GenerateAsync (-3,5,5)
[+02:32:40.041] VoxelChunk: GenerateAsync (3,-5,5)
[+02:32:40.042] VoxelChunk: GenerateAsync (-3,-5,5)
[+02:32:40.043] VoxelChunk: GenerateAsync (3,5,5)
[+02:32:40.044] VoxelChunk: GenerateAsync (5,-4,5)
[+02:32:40.050] VoxelChunk: GenerateAsync (-5,4,5)
[+02:32:40.051] VoxelChunk: GenerateAsync (-4,5,5)
[+02:32:40.052] VoxelChunk: GenerateAsync (-5,-4,5)
[+02:32:40.052] VoxelChunk: GenerateAsync (4,-5,5)
[+02:32:40.059] VoxelChunk: GenerateAsync (5,4,5)
[+02:32:40.059] VoxelChunk: GenerateAsync (-4,-5,5)
[+02:32:40.060] VoxelChunk: GenerateAsync (4,5,5)
[+02:32:40.061] VoxelChunk: GenerateAsync (5,-5,5)
[+02:32:40.068] VoxelChunk: GenerateAsync (-5,5,5)
[+02:32:40.069] VoxelChunk: GenerateAsync (-5,-5,5)
[+02:32:40.070] VoxelChunk: GenerateAsync (5,5,5)
[+02:32:40.071] VoxelChunk: GenerateAsync (5,-25,-5)
[+02:32:40.082] VoxelWater: Chunk X=4 Y=-26 Z=2 emitted 8 procedural water vertices (Ocean/Pools)
[+02:32:40.082] VoxelWater: Chunk X=4 Y=-25 Z=2 emitted 276 procedural water vertices (Ocean/Pools)
[+02:32:40.082] VoxelWater: Chunk X=4 Y=-25 Z=3 emitted 136 procedural water vertices (Ocean/Pools)
[+02:32:40.082] VoxelWater: Chunk X=5 Y=-25 Z=2 emitted 228 procedural water vertices (Ocean/Pools)
[+02:32:40.082] VoxelWater: Chunk X=4 Y=-24 Z=2 emitted 288 procedural water vertices (Ocean/Pools)
[+02:32:40.082] VoxelWater: Chunk X=4 Y=-24 Z=3 emitted 84 procedural water vertices (Ocean/Pools)
[+02:32:40.082] VoxelWater: Chunk X=5 Y=-24 Z=2 emitted 112 procedural water vertices (Ocean/Pools)
[+02:32:40.082] VoxelWater: Chunk X=5 Y=-26 Z=2 emitted 8 procedural water vertices (Ocean/Pools)
[+02:32:40.082] VoxelWater: Chunk X=5 Y=-25 Z=3 emitted 132 procedural water vertices (Ocean/Pools)
[+02:32:40.082] VoxelWater: Chunk X=6 Y=-25 Z=2 emitted 92 procedural water vertices (Ocean/Pools)
[+02:32:40.082] VoxelWater: Chunk X=5 Y=-24 Z=3 emitted 20 procedural water vertices (Ocean/Pools)
[+02:32:40.082] VoxelWater: Chunk X=6 Y=-24 Z=3 emitted 104 procedural water vertices (Ocean/Pools)
[+02:32:40.082] VoxelWater: Chunk X=6 Y=-26 Z=2 emitted 60 procedural water vertices (Ocean/Pools)
[+02:32:40.082] VoxelWater: Chunk X=6 Y=-26 Z=3 emitted 16 procedural water vertices (Ocean/Pools)
[+02:32:40.082] VoxelWater: Chunk X=6 Y=-25 Z=3 emitted 192 procedural water vertices (Ocean/Pools)
[+02:32:40.082] VoxelWater: Chunk X=6 Y=-24 Z=2 emitted 140 procedural water vertices (Ocean/Pools)
[+02:32:40.082] VoxelWater: Chunk X=-4 Y=-5 Z=4 emitted 20 procedural water vertices (Ocean/Pools)
[+02:32:40.082] VoxelWater: Chunk X=-3 Y=-5 Z=4 emitted 4 procedural water vertices (Ocean/Pools)
[+02:32:40.091] VoxelChunk: GenerateAsync (5,-25,-3)
[+02:32:40.092] VoxelChunk: GenerateAsync (5,-24,-3)
[+02:32:40.094] VoxelChunk: GenerateAsync (5,-26,-3)
[+02:32:40.096] VoxelChunk: GenerateAsync (6,-25,-3)
[+02:32:40.104] VoxelChunk: GenerateAsync (5,-24,-5)
[+02:32:40.106] VoxelChunk: GenerateAsync (4,-25,-3)
[+02:32:40.107] VoxelChunk: GenerateAsync (5,-26,-5)
[+02:32:40.109] VoxelChunk: GenerateAsync (6,-25,-5)
[+02:32:40.116] VoxelChunk: GenerateAsync (4,-25,-5)
[+02:32:40.118] VoxelChunk: GenerateAsync (4,-24,-3)
[+02:32:40.120] VoxelChunk: GenerateAsync (6,-26,-3)
[+02:32:40.121] VoxelChunk: GenerateAsync (6,-24,-5)
[+02:32:40.129] VoxelChunk: GenerateAsync (6,-24,-3)
[+02:32:40.130] VoxelChunk: GenerateAsync (4,-26,-5)
[+02:32:40.132] VoxelChunk: GenerateAsync (4,-24,-5)
[+02:32:40.134] VoxelChunk: GenerateAsync (6,-26,-5)
[+02:32:40.142] VoxelChunk: GenerateAsync (4,-26,-3)
[+02:32:40.143] VoxelMesh: Chunk X=-4 Y=2 Z=4 FlatVerts=60 SlopeVerts=54
[+02:32:40.143] VoxelChunk: GenerateAsync (5,-25,-2)
[+02:32:40.145] VoxelChunk: GenerateAsync (5,-25,-6)
[+02:32:40.147] VoxelChunk: GenerateAsync (5,-27,-4)
[+02:32:40.155] VoxelChunk: GenerateAsync (3,-25,-4)
[+02:32:40.158] VoxelChunk: GenerateAsync (5,-23,-4)
[+02:32:40.159] VoxelChunk: GenerateAsync (7,-25,-4)
[+02:32:40.161] VoxelChunk: GenerateAsync (6,-25,-6)
[+02:32:40.168] VoxelChunk: GenerateAsync (5,-23,-5)
[+02:32:40.169] VoxelChunk: GenerateAsync (5,-23,-3)
[+02:32:40.171] VoxelChunk: GenerateAsync (4,-25,-6)
[+02:32:40.173] VoxelChunk: GenerateAsync (7,-25,-5)
[+02:32:40.180] VoxelChunk: GenerateAsync (5,-27,-3)
[+02:32:40.182] VoxelChunk: GenerateAsync (6,-23,-4)
[+02:32:40.183] VoxelChunk: GenerateAsync (5,-24,-6)
[+02:32:40.184] VoxelMesh: Chunk X=-5 Y=5 Z=2 FlatVerts=1434 SlopeVerts=120
[+02:32:40.185] VoxelChunk: GenerateAsync (5,-26,-2)
[+02:32:40.192] VoxelChunk: GenerateAsync (5,-27,-5)
[+02:32:40.194] VoxelChunk: GenerateAsync (7,-25,-3)
[+02:32:40.196] VoxelChunk: GenerateAsync (3,-25,-3)
[+02:32:40.198] VoxelChunk: GenerateAsync (4,-23,-4)
[+02:32:40.206] VoxelChunk: GenerateAsync (6,-25,-2)
[+02:32:40.207] VoxelChunk: GenerateAsync (7,-24,-4)
[+02:32:40.209] VoxelChunk: GenerateAsync (6,-27,-4)
[+02:32:40.211] VoxelChunk: GenerateAsync (3,-26,-4)
[+02:32:40.219] VoxelChunk: GenerateAsync (5,-26,-6)
[+02:32:40.221] VoxelChunk: GenerateAsync (3,-24,-4)
[+02:32:40.222] VoxelMesh: Chunk X=-3 Y=4 Z=4 FlatVerts=456 SlopeVerts=78
[+02:32:40.223] VoxelChunk: GenerateAsync (5,-24,-2)
[+02:32:40.224] VoxelChunk: GenerateAsync (7,-26,-4)
[+02:32:40.232] VoxelChunk: GenerateAsync (4,-27,-4)
[+02:32:40.234] VoxelChunk: GenerateAsync (3,-25,-5)
[+02:32:40.235] VoxelMesh: Chunk X=3 Y=-4 Z=4 FlatVerts=78 SlopeVerts=24
[+02:32:40.236] VoxelChunk: GenerateAsync (4,-25,-2)
[+02:32:40.237] VoxelChunk: GenerateAsync (4,-23,-3)
[+02:32:40.245] VoxelChunk: GenerateAsync (6,-23,-3)
[+02:32:40.246] VoxelChunk: GenerateAsync (6,-27,-3)
[+02:32:40.248] VoxelChunk: GenerateAsync (3,-24,-3)
[+02:32:40.250] VoxelChunk: GenerateAsync (4,-24,-6)
[+02:32:40.258] VoxelChunk: GenerateAsync (3,-26,-3)
[+02:32:40.259] VoxelChunk: GenerateAsync (6,-24,-6)
[+02:32:40.260] VoxelChunk: GenerateAsync (7,-24,-3)
[+02:32:40.262] VoxelChunk: GenerateAsync (7,-26,-3)
[+02:32:40.270] VoxelMesh: Chunk X=-4 Y=5 Z=3 FlatVerts=1026 SlopeVerts=126
[+02:32:40.270] VoxelChunk: GenerateAsync (6,-26,-2)
[+02:32:40.272] VoxelChunk: GenerateAsync (4,-27,-5)
[+02:32:40.273] VoxelChunk: GenerateAsync (3,-24,-5)
[+02:32:40.275] VoxelChunk: GenerateAsync (6,-27,-5)
[+02:32:40.291] VoxelWater: Chunk X=4 Y=-26 Z=2 emitted 8 procedural water vertices (Ocean/Pools)
[+02:32:40.291] VoxelWater: Chunk X=4 Y=-25 Z=2 emitted 292 procedural water vertices (Ocean/Pools)
[+02:32:40.291] VoxelWater: Chunk X=4 Y=-25 Z=3 emitted 136 procedural water vertices (Ocean/Pools)
[+02:32:40.291] VoxelWater: Chunk X=5 Y=-25 Z=2 emitted 264 procedural water vertices (Ocean/Pools)
[+02:32:40.291] VoxelWater: Chunk X=4 Y=-24 Z=2 emitted 288 procedural water vertices (Ocean/Pools)
[+02:32:40.291] VoxelWater: Chunk X=4 Y=-24 Z=3 emitted 84 procedural water vertices (Ocean/Pools)
[+02:32:40.291] VoxelWater: Chunk X=5 Y=-24 Z=2 emitted 112 procedural water vertices (Ocean/Pools)
[+02:32:40.291] VoxelWater: Chunk X=5 Y=-26 Z=2 emitted 8 procedural water vertices (Ocean/Pools)
[+02:32:40.291] VoxelWater: Chunk X=5 Y=-25 Z=3 emitted 128 procedural water vertices (Ocean/Pools)
[+02:32:40.291] VoxelWater: Chunk X=6 Y=-25 Z=2 emitted 92 procedural water vertices (Ocean/Pools)
[+02:32:40.291] VoxelWater: Chunk X=5 Y=-24 Z=3 emitted 20 procedural water vertices (Ocean/Pools)
[+02:32:40.291] VoxelWater: Chunk X=6 Y=-24 Z=3 emitted 104 procedural water vertices (Ocean/Pools)
[+02:32:40.291] VoxelWater: Chunk X=6 Y=-26 Z=2 emitted 60 procedural water vertices (Ocean/Pools)
[+02:32:40.291] VoxelWater: Chunk X=6 Y=-26 Z=3 emitted 20 procedural water vertices (Ocean/Pools)
[+02:32:40.291] VoxelWater: Chunk X=6 Y=-25 Z=3 emitted 192 procedural water vertices (Ocean/Pools)
[+02:32:40.291] VoxelWater: Chunk X=6 Y=-24 Z=2 emitted 140 procedural water vertices (Ocean/Pools)
[+02:32:40.291] VoxelWater: Chunk X=-4 Y=-5 Z=4 emitted 20 procedural water vertices (Ocean/Pools)
[+02:32:40.291] VoxelWater: Chunk X=-3 Y=-5 Z=4 emitted 8 procedural water vertices (Ocean/Pools)
[+02:32:40.299] VoxelMesh: Chunk X=-3 Y=0 Z=5 FlatVerts=426 SlopeVerts=24
[+02:32:40.299] VoxelChunk: GenerateAsync (4,-26,-2)
[+02:32:40.300] VoxelChunk: GenerateAsync (4,-27,-3)
[+02:32:40.302] VoxelMesh: Chunk X=5 Y=4 Z=3 FlatVerts=60 SlopeVerts=24
[+02:32:40.302] VoxelChunk: GenerateAsync (6,-24,-2)
[+02:32:40.305] VoxelChunk: GenerateAsync (3,-26,-5)
[+02:32:40.312] VoxelChunk: GenerateAsync (6,-26,-6)
[+02:32:40.313] VoxelMesh: Chunk X=-5 Y=1 Z=4 FlatVerts=0 SlopeVerts=0
[+02:32:40.313] VoxelChunk: GenerateAsync (4,-24,-2)
[+02:32:40.316] VoxelChunk: GenerateAsync (4,-26,-6)
[+02:32:40.317] VoxelChunk: GenerateAsync (7,-26,-5)
[+02:32:40.325] VoxelChunk: GenerateAsync (6,-23,-5)
[+02:32:40.326] VoxelChunk: GenerateAsync (4,-23,-5)
[+02:32:40.328] VoxelChunk: GenerateAsync (7,-24,-5)
[+02:32:40.329] VoxelChunk: GenerateAsync (7,-25,-6)
[+02:32:40.336] VoxelChunk: GenerateAsync (5,-23,-6)
[+02:32:40.338] VoxelChunk: GenerateAsync (3,-25,-6)
[+02:32:40.339] VoxelChunk: GenerateAsync (7,-25,-2)
[+02:32:40.342] VoxelChunk: GenerateAsync (3,-27,-4)
[+02:32:40.349] VoxelChunk: GenerateAsync (7,-27,-4)
[+02:32:40.349] VoxelChunk: GenerateAsync (7,-23,-4)
[+02:32:40.349] VoxelMesh: Chunk X=1 Y=-3 Z=5 FlatVerts=24 SlopeVerts=0
[+02:32:40.349] VoxelChunk: GenerateAsync (5,-27,-2)
[+02:32:40.350] VoxelChunk: GenerateAsync (5,-27,-6)
[+02:32:40.364] VoxelChunk: GenerateAsync (3,-25,-2)
[+02:32:40.365] VoxelChunk: GenerateAsync (3,-23,-4)
[+02:32:40.366] VoxelMesh: Chunk X=-3 Y=5 Z=4 FlatVerts=570 SlopeVerts=0
[+02:32:40.366] VoxelChunk: GenerateAsync (5,-23,-2)
[+02:32:40.368] VoxelChunk: GenerateAsync (3,-23,-5)
[+02:32:40.376] VoxelMesh: Chunk X=-1 Y=4 Z=5 FlatVerts=1266 SlopeVerts=60
[+02:32:40.377] VoxelChunk: GenerateAsync (6,-27,-2)
[+02:32:40.378] VoxelChunk: GenerateAsync (4,-23,-2)
[+02:32:40.380] VoxelChunk: GenerateAsync (6,-27,-6)
[+02:32:40.382] VoxelChunk: GenerateAsync (3,-26,-2)
[+02:32:40.389] VoxelMesh: Chunk X=-4 Y=-1 Z=5 FlatVerts=0 SlopeVerts=0
[+02:32:40.390] VoxelChunk: GenerateAsync (4,-27,-2)
[+02:32:40.391] VoxelChunk: GenerateAsync (7,-23,-3)
[+02:32:40.393] VoxelChunk: GenerateAsync (3,-23,-3)
[+02:32:40.394] VoxelChunk: GenerateAsync (3,-24,-6)
[+02:32:40.402] VoxelChunk: GenerateAsync (7,-24,-6)
[+02:32:40.403] VoxelChunk: GenerateAsync (3,-26,-6)
[+02:32:40.404] VoxelMesh: Chunk X=5 Y=-5 Z=3 FlatVerts=258 SlopeVerts=0
[+02:32:40.404] VoxelChunk: GenerateAsync (6,-23,-2)
[+02:32:40.406] VoxelChunk: GenerateAsync (7,-23,-5)
[+02:32:40.414] VoxelChunk: GenerateAsync (4,-27,-6)
[+02:32:40.415] VoxelChunk: GenerateAsync (4,-23,-6)
[+02:32:40.416] VoxelChunk: GenerateAsync (7,-27,-3)
[+02:32:40.417] VoxelChunk: GenerateAsync (3,-27,-5)
[+02:32:40.425] VoxelChunk: GenerateAsync (5,-28,-4)
[+02:32:40.427] VoxelChunk: GenerateAsync (8,-25,-4)
[+02:32:40.428] VoxelChunk: GenerateAsync (6,-23,-6)
[+02:32:40.430] VoxelChunk: GenerateAsync (7,-27,-5)
[+02:32:40.437] VoxelMesh: Chunk X=-2 Y=4 Z=5 FlatVerts=0 SlopeVerts=0
[+02:32:40.438] VoxelChunk: GenerateAsync (7,-24,-2)
[+02:32:40.439] VoxelChunk: GenerateAsync (7,-26,-6)
[+02:32:40.441] VoxelChunk: GenerateAsync (3,-27,-3)
[+02:32:40.442] VoxelChunk: GenerateAsync (5,-22,-4)
[+02:32:40.450] VoxelChunk: GenerateAsync (3,-24,-2)
[+02:32:40.452] VoxelChunk: GenerateAsync (2,-25,-4)
[+02:32:40.453] VoxelMesh: Chunk X=5 Y=4 Z=4 FlatVerts=954 SlopeVerts=228
[+02:32:40.453] VoxelChunk: GenerateAsync (7,-26,-2)
[+02:32:40.456] VoxelChunk: GenerateAsync (2,-26,-4)
[+02:32:40.463] VoxelChunk: GenerateAsync (5,-22,-5)
[+02:32:40.465] VoxelChunk: GenerateAsync (8,-25,-5)
[+02:32:40.466] VoxelChunk: GenerateAsync (8,-26,-4)
[+02:32:40.468] VoxelChunk: GenerateAsync (6,-28,-4)
[+02:32:40.476] VoxelChunk: GenerateAsync (4,-28,-4)
[+02:32:40.477] VoxelChunk: GenerateAsync (5,-28,-5)
[+02:32:40.479] VoxelChunk: GenerateAsync (2,-25,-5)
[+02:32:40.481] VoxelChunk: GenerateAsync (2,-24,-4)
[+02:32:40.487] VoxelWater: Chunk X=4 Y=-26 Z=2 emitted 8 procedural water vertices (Ocean/Pools)
[+02:32:40.487] VoxelWater: Chunk X=4 Y=-25 Z=2 emitted 300 procedural water vertices (Ocean/Pools)
[+02:32:40.487] VoxelWater: Chunk X=4 Y=-25 Z=3 emitted 136 procedural water vertices (Ocean/Pools)
[+02:32:40.487] VoxelWater: Chunk X=5 Y=-25 Z=2 emitted 272 procedural water vertices (Ocean/Pools)
[+02:32:40.487] VoxelWater: Chunk X=4 Y=-24 Z=2 emitted 300 procedural water vertices (Ocean/Pools)
[+02:32:40.487] VoxelWater: Chunk X=4 Y=-24 Z=3 emitted 84 procedural water vertices (Ocean/Pools)
[+02:32:40.487] VoxelWater: Chunk X=5 Y=-24 Z=2 emitted 120 procedural water vertices (Ocean/Pools)
[+02:32:40.487] VoxelWater: Chunk X=5 Y=-26 Z=2 emitted 8 procedural water vertices (Ocean/Pools)
[+02:32:40.487] VoxelWater: Chunk X=5 Y=-25 Z=3 emitted 128 procedural water vertices (Ocean/Pools)
[+02:32:40.487] VoxelWater: Chunk X=6 Y=-25 Z=2 emitted 100 procedural water vertices (Ocean/Pools)
[+02:32:40.487] VoxelWater: Chunk X=5 Y=-24 Z=3 emitted 20 procedural water vertices (Ocean/Pools)
[+02:32:40.487] VoxelWater: Chunk X=6 Y=-24 Z=3 emitted 104 procedural water vertices (Ocean/Pools)
[+02:32:40.487] VoxelWater: Chunk X=6 Y=-26 Z=2 emitted 60 procedural water vertices (Ocean/Pools)
[+02:32:40.487] VoxelWater: Chunk X=6 Y=-26 Z=3 emitted 20 procedural water vertices (Ocean/Pools)
[+02:32:40.487] VoxelWater: Chunk X=6 Y=-25 Z=3 emitted 192 procedural water vertices (Ocean/Pools)
[+02:32:40.487] VoxelWater: Chunk X=6 Y=-24 Z=2 emitted 144 procedural water vertices (Ocean/Pools)
[+02:32:40.496] VoxelChunk: GenerateAsync (6,-22,-4)
[+02:32:40.497] VoxelChunk: GenerateAsync (8,-24,-4)
[+02:32:40.499] VoxelChunk: GenerateAsync (5,-22,-3)
[+02:32:40.500] VoxelChunk: GenerateAsync (5,-28,-3)
[+02:32:40.529] VoxelChunk: CancelGeneration (5,-28,-3)
[+02:32:40.529] VoxelChunk: CancelGeneration (5,-22,-3)
