=== FIRSTVOXEL SESSION [2026.03.16-21.03.54] ===
[+21:03:54.824] FirstVoxel module started.
[+21:04:11.406] VoxelWorld: GenerateWorldDeferred started.
[+21:04:11.407] VoxelWorld: Queued 441 chunks.
[+21:04:11.510] VoxelMesh: Chunk X=0 Y=0 Z=0 FlatVerts=5988 SlopeVerts=10350
[+21:04:11.533] VoxelChunk: GenerateAsync (0,0,0)
[+21:04:11.534] VoxelMesh: Chunk X=0 Y=0 Z=0 FlatVerts=144 SlopeVerts=132
[+21:04:11.612] VoxelMesh: Chunk X=0 Y=0 Z=0 FlatVerts=3600 SlopeVerts=13656
[+21:04:11.628] VoxelChunk: GenerateAsync (1,0,0)
[+21:04:11.629] VoxelMesh: Chunk X=1 Y=0 Z=0 FlatVerts=2484 SlopeVerts=174
[+21:04:11.716] VoxelMesh: Chunk X=0 Y=0 Z=0 FlatVerts=1476 SlopeVerts=876
[+21:04:11.719] VoxelChunk: GenerateAsync (0,-1,-1)
[+21:04:11.721] VoxelMesh: Chunk X=0 Y=-1 Z=-1 FlatVerts=0 SlopeVerts=0
[+21:04:11.821] VoxelMesh: Chunk X=0 Y=0 Z=0 FlatVerts=156 SlopeVerts=96
[+21:04:11.821] VoxelChunk: GenerateAsync (1,-1,-1)
[+21:04:11.822] VoxelMesh: Chunk X=1 Y=-1 Z=-1 FlatVerts=0 SlopeVerts=0
[+21:04:11.921] VoxelMesh: Chunk X=0 Y=0 Z=0 FlatVerts=4920 SlopeVerts=1614
[+21:04:11.928] VoxelChunk: GenerateAsync (-1,-1,-1)
[+21:04:11.930] VoxelMesh: Chunk X=-1 Y=-1 Z=-1 FlatVerts=0 SlopeVerts=0
[+21:04:12.028] VoxelMesh: Chunk X=0 Y=0 Z=0 FlatVerts=9000 SlopeVerts=2982
[+21:04:12.042] VoxelChunk: GenerateAsync (-1,0,0)
[+21:04:12.043] VoxelMesh: Chunk X=-1 Y=0 Z=0 FlatVerts=0 SlopeVerts=0
[+21:04:12.134] VoxelMesh: Chunk X=0 Y=0 Z=0 FlatVerts=8106 SlopeVerts=6354
[+21:04:12.148] VoxelChunk: GenerateAsync (1,1,0)
[+21:04:12.150] VoxelMesh: Chunk X=1 Y=1 Z=0 FlatVerts=2514 SlopeVerts=0
[+21:04:12.241] VoxelMesh: Chunk X=0 Y=0 Z=0 FlatVerts=900 SlopeVerts=11400
[+21:04:12.249] VoxelChunk: GenerateAsync (1,-1,0)
[+21:04:12.249] VoxelMesh: Chunk X=1 Y=-1 Z=0 FlatVerts=84 SlopeVerts=42
[+21:04:12.350] VoxelMesh: Chunk X=0 Y=0 Z=0 FlatVerts=0 SlopeVerts=0
[+21:04:12.351] VoxelChunk: GenerateAsync (-1,1,1)
[+21:04:12.352] VoxelMesh: Chunk X=-1 Y=1 Z=1 FlatVerts=24 SlopeVerts=3072
[+21:04:12.453] VoxelMesh: Chunk X=0 Y=0 Z=0 FlatVerts=9804 SlopeVerts=2352
[+21:04:12.466] VoxelChunk: GenerateAsync (0,1,0)
[+21:04:12.467] VoxelMesh: Chunk X=0 Y=1 Z=0 FlatVerts=1788 SlopeVerts=318
[+21:04:12.558] VoxelMesh: Chunk X=0 Y=0 Z=0 FlatVerts=9636 SlopeVerts=678
[+21:04:12.571] VoxelChunk: GenerateAsync (0,1,-1)
[+21:04:12.572] VoxelMesh: Chunk X=0 Y=1 Z=-1 FlatVerts=0 SlopeVerts=0
[+21:04:12.663] VoxelMesh: Chunk X=0 Y=0 Z=0 FlatVerts=6012 SlopeVerts=9102
[+21:04:12.676] VoxelChunk: GenerateAsync (-1,-1,0)
[+21:04:12.677] VoxelMesh: Chunk X=-1 Y=-1 Z=0 FlatVerts=0 SlopeVerts=0
[+21:04:12.767] VoxelMesh: Chunk X=0 Y=0 Z=0 FlatVerts=8916 SlopeVerts=882
[+21:04:12.778] VoxelChunk: GenerateAsync (-1,0,-1)
[+21:04:12.779] VoxelMesh: Chunk X=-1 Y=0 Z=-1 FlatVerts=0 SlopeVerts=0
[+21:04:12.872] VoxelMesh: Chunk X=0 Y=0 Z=0 FlatVerts=1608 SlopeVerts=20910
[+21:04:12.888] VoxelChunk: GenerateAsync (1,0,1)
[+21:04:12.889] VoxelMesh: Chunk X=1 Y=0 Z=1 FlatVerts=138 SlopeVerts=186
[+21:04:12.974] VoxelMesh: Chunk X=0 Y=0 Z=0 FlatVerts=648 SlopeVerts=25776
[+21:04:12.994] VoxelChunk: GenerateAsync (1,-1,1)
[+21:04:12.995] VoxelMesh: Chunk X=1 Y=-1 Z=1 FlatVerts=1296 SlopeVerts=2550
[+21:04:13.073] VoxelMesh: Chunk X=0 Y=0 Z=0 FlatVerts=10458 SlopeVerts=30
[+21:04:13.086] VoxelChunk: GenerateAsync (-1,1,0)
[+21:04:13.087] VoxelMesh: Chunk X=-1 Y=1 Z=0 FlatVerts=156 SlopeVerts=264
[+21:04:13.180] VoxelMesh: Chunk X=0 Y=0 Z=0 FlatVerts=2346 SlopeVerts=13482
[+21:04:13.191] VoxelChunk: GenerateAsync (0,-1,0)
[+21:04:13.192] VoxelMesh: Chunk X=0 Y=-1 Z=0 FlatVerts=0 SlopeVerts=0
[+21:04:13.282] VoxelMesh: Chunk X=0 Y=0 Z=0 FlatVerts=10458 SlopeVerts=30
[+21:04:13.295] VoxelChunk: GenerateAsync (-1,1,-1)
[+21:04:13.297] VoxelMesh: Chunk X=-1 Y=1 Z=-1 FlatVerts=0 SlopeVerts=0
[+21:04:13.388] VoxelMesh: Chunk X=0 Y=0 Z=0 FlatVerts=5424 SlopeVerts=1548
[+21:04:13.396] VoxelChunk: GenerateAsync (0,0,-1)
[+21:04:13.396] VoxelMesh: Chunk X=0 Y=0 Z=-1 FlatVerts=0 SlopeVerts=0
[+21:04:13.496] VoxelMesh: Chunk X=0 Y=0 Z=0 FlatVerts=7056 SlopeVerts=1260
[+21:04:13.505] VoxelChunk: GenerateAsync (1,1,-1)
[+21:04:13.506] VoxelMesh: Chunk X=1 Y=1 Z=-1 FlatVerts=0 SlopeVerts=0
[+21:04:13.597] VoxelMesh: Chunk X=0 Y=0 Z=0 FlatVerts=1836 SlopeVerts=1032
[+21:04:13.600] VoxelChunk: GenerateAsync (1,0,-1)
[+21:04:13.601] VoxelMesh: Chunk X=1 Y=0 Z=-1 FlatVerts=0 SlopeVerts=0
[+21:04:13.702] VoxelMesh: Chunk X=0 Y=0 Z=0 FlatVerts=990 SlopeVerts=5526
[+21:04:13.708] VoxelChunk: GenerateAsync (1,1,1)
[+21:04:13.709] VoxelMesh: Chunk X=1 Y=1 Z=1 FlatVerts=0 SlopeVerts=0
[+21:04:13.809] VoxelMesh: Chunk X=0 Y=0 Z=0 FlatVerts=144 SlopeVerts=1698
[+21:04:13.812] VoxelChunk: GenerateAsync (0,1,1)
[+21:04:13.813] VoxelMesh: Chunk X=0 Y=1 Z=1 FlatVerts=222 SlopeVerts=600
[+21:04:13.914] VoxelMesh: Chunk X=0 Y=0 Z=0 FlatVerts=456 SlopeVerts=10890
[+21:04:13.922] VoxelChunk: GenerateAsync (0,0,1)
[+21:04:13.923] VoxelMesh: Chunk X=0 Y=0 Z=1 FlatVerts=690 SlopeVerts=3588
[+21:04:14.020] VoxelMesh: Chunk X=0 Y=0 Z=0 FlatVerts=54 SlopeVerts=2202
[+21:04:14.022] VoxelChunk: GenerateAsync (-1,0,1)
[+21:04:14.022] VoxelMesh: Chunk X=-1 Y=0 Z=1 FlatVerts=0 SlopeVerts=84
[+21:04:14.125] VoxelMesh: Chunk X=0 Y=0 Z=0 FlatVerts=792 SlopeVerts=22026
[+21:04:14.141] VoxelChunk: GenerateAsync (0,-1,1)
[+21:04:14.142] VoxelMesh: Chunk X=0 Y=-1 Z=1 FlatVerts=36 SlopeVerts=2340
[+21:04:14.230] VoxelMesh: Chunk X=0 Y=0 Z=0 FlatVerts=1050 SlopeVerts=10668
[+21:04:14.238] VoxelChunk: GenerateAsync (-1,-1,1)
[+21:04:14.240] VoxelMesh: Chunk X=-1 Y=-1 Z=1 FlatVerts=0 SlopeVerts=0
[+21:04:14.335] VoxelMesh: Chunk X=0 Y=0 Z=0 FlatVerts=6 SlopeVerts=15186
[+21:04:14.345] VoxelChunk: GenerateAsync (0,-1,2)
[+21:04:14.346] VoxelMesh: Chunk X=0 Y=-1 Z=2 FlatVerts=396 SlopeVerts=3870
[+21:04:14.436] VoxelMesh: Chunk X=0 Y=0 Z=0 FlatVerts=6 SlopeVerts=3168
[+21:04:14.438] VoxelChunk: GenerateAsync (-1,-1,2)
[+21:04:14.439] VoxelMesh: Chunk X=-1 Y=-1 Z=2 FlatVerts=90 SlopeVerts=1260
[+21:04:14.540] VoxelMesh: Chunk X=0 Y=0 Z=0 FlatVerts=0 SlopeVerts=0
[+21:04:14.540] VoxelChunk: GenerateAsync (-2,1,2)
[+21:04:14.541] VoxelMesh: Chunk X=-2 Y=1 Z=2 FlatVerts=30 SlopeVerts=1836
[+21:04:14.642] VoxelMesh: Chunk X=0 Y=0 Z=0 FlatVerts=0 SlopeVerts=0
[+21:04:14.642] VoxelChunk: GenerateAsync (-2,-1,2)
[+21:04:14.643] VoxelMesh: Chunk X=-2 Y=-1 Z=2 FlatVerts=204 SlopeVerts=2970
[+21:04:14.745] VoxelMesh: Chunk X=0 Y=0 Z=0 FlatVerts=78 SlopeVerts=26808
[+21:04:14.764] VoxelChunk: GenerateAsync (2,-2,2)
[+21:04:14.766] VoxelMesh: Chunk X=2 Y=-2 Z=2 FlatVerts=0 SlopeVerts=3672
[+21:04:14.857] VoxelMesh: Chunk X=0 Y=0 Z=0 FlatVerts=270 SlopeVerts=19860
[+21:04:14.871] VoxelChunk: GenerateAsync (2,0,2)
[+21:04:14.873] VoxelMesh: Chunk X=2 Y=0 Z=2 FlatVerts=0 SlopeVerts=0
[+21:04:14.959] VoxelMesh: Chunk X=0 Y=0 Z=0 FlatVerts=252 SlopeVerts=2622
[+21:04:14.961] VoxelChunk: GenerateAsync (2,1,2)
[+21:04:14.963] VoxelMesh: Chunk X=2 Y=1 Z=2 FlatVerts=0 SlopeVerts=1722
[+21:04:15.059] VoxelMesh: Chunk X=0 Y=0 Z=0 FlatVerts=18 SlopeVerts=25014
[+21:04:15.077] VoxelChunk: GenerateAsync (1,-2,2)
[+21:04:15.077] VoxelMesh: Chunk X=1 Y=-2 Z=2 FlatVerts=168 SlopeVerts=3174
[+21:04:15.167] VoxelMesh: Chunk X=0 Y=0 Z=0 FlatVerts=36 SlopeVerts=26808
[+21:04:15.187] VoxelChunk: GenerateAsync (0,-2,2)
[+21:04:15.188] VoxelMesh: Chunk X=0 Y=-2 Z=2 FlatVerts=96 SlopeVerts=2754
[+21:04:15.274] VoxelMesh: Chunk X=0 Y=0 Z=0 FlatVerts=0 SlopeVerts=0
[+21:04:15.274] VoxelChunk: GenerateAsync (-2,1,1)
[+21:04:15.275] VoxelMesh: Chunk X=-2 Y=1 Z=1 FlatVerts=0 SlopeVerts=0
[+21:04:15.377] VoxelMesh: Chunk X=0 Y=0 Z=0 FlatVerts=1734 SlopeVerts=24360
[+21:04:15.396] VoxelChunk: GenerateAsync (2,0,1)
[+21:04:15.398] VoxelMesh: Chunk X=2 Y=0 Z=1 FlatVerts=0 SlopeVerts=0
[+21:04:15.486] VoxelMesh: Chunk X=0 Y=0 Z=0 FlatVerts=0 SlopeVerts=10548
[+21:04:15.493] VoxelChunk: GenerateAsync (1,0,2)
[+21:04:15.494] VoxelMesh: Chunk X=1 Y=0 Z=2 FlatVerts=0 SlopeVerts=0
[+21:04:15.588] VoxelMesh: Chunk X=0 Y=0 Z=0 FlatVerts=48 SlopeVerts=16752
[+21:04:15.600] VoxelChunk: GenerateAsync (-1,-2,2)
[+21:04:15.601] VoxelMesh: Chunk X=-1 Y=-2 Z=2 FlatVerts=198 SlopeVerts=5094
[+21:04:15.688] VoxelMesh: Chunk X=0 Y=0 Z=0 FlatVerts=18 SlopeVerts=4860
[+21:04:15.693] VoxelChunk: GenerateAsync (-2,-2,2)
[+21:04:15.693] VoxelMesh: Chunk X=-2 Y=-2 Z=2 FlatVerts=0 SlopeVerts=2334
[+21:04:15.795] VoxelMesh: Chunk X=0 Y=0 Z=0 FlatVerts=0 SlopeVerts=0
[+21:04:15.795] VoxelChunk: GenerateAsync (-2,0,1)
[+21:04:15.796] VoxelMesh: Chunk X=-2 Y=0 Z=1 FlatVerts=0 SlopeVerts=0
[+21:04:15.896] VoxelMesh: Chunk X=0 Y=0 Z=0 FlatVerts=636 SlopeVerts=23826
[+21:04:15.916] VoxelChunk: GenerateAsync (2,-1,1)
[+21:04:15.918] VoxelMesh: Chunk X=2 Y=-1 Z=1 FlatVerts=108 SlopeVerts=1128
[+21:04:16.005] VoxelMesh: Chunk X=0 Y=0 Z=0 FlatVerts=0 SlopeVerts=2088
[+21:04:16.007] VoxelChunk: GenerateAsync (0,0,2)
[+21:04:16.008] VoxelMesh: Chunk X=0 Y=0 Z=2 FlatVerts=0 SlopeVerts=930
[+21:04:16.110] VoxelMesh: Chunk X=0 Y=0 Z=0 FlatVerts=0 SlopeVerts=384
[+21:04:16.110] VoxelChunk: GenerateAsync (1,1,2)
[+21:04:16.111] VoxelMesh: Chunk X=1 Y=1 Z=2 FlatVerts=0 SlopeVerts=0
[+21:04:16.215] VoxelMesh: Chunk X=0 Y=0 Z=0 FlatVerts=0 SlopeVerts=0
[+21:04:16.215] VoxelChunk: GenerateAsync (-1,2,2)
[+21:04:16.216] VoxelMesh: Chunk X=-1 Y=2 Z=2 FlatVerts=0 SlopeVerts=114
[+21:04:16.317] VoxelMesh: Chunk X=0 Y=0 Z=0 FlatVerts=588 SlopeVerts=1656
[+21:04:16.319] VoxelChunk: GenerateAsync (-2,-1,1)
[+21:04:16.320] VoxelMesh: Chunk X=-2 Y=-1 Z=1 FlatVerts=0 SlopeVerts=0
[+21:04:16.421] VoxelMesh: Chunk X=0 Y=0 Z=0 FlatVerts=126 SlopeVerts=13854
[+21:04:16.430] VoxelChunk: GenerateAsync (2,-2,1)
[+21:04:16.431] VoxelMesh: Chunk X=2 Y=-2 Z=1 FlatVerts=228 SlopeVerts=2958
[+21:04:16.527] VoxelMesh: Chunk X=0 Y=0 Z=0 FlatVerts=5688 SlopeVerts=6942
[+21:04:16.539] VoxelChunk: GenerateAsync (2,2,1)
[+21:04:16.540] VoxelMesh: Chunk X=2 Y=2 Z=1 FlatVerts=0 SlopeVerts=672
[+21:04:16.633] VoxelMesh: Chunk X=0 Y=0 Z=0 FlatVerts=1248 SlopeVerts=3060
[+21:04:16.637] VoxelChunk: GenerateAsync (1,2,1)
[+21:04:16.638] VoxelMesh: Chunk X=1 Y=2 Z=1 FlatVerts=132 SlopeVerts=2694
[+21:04:16.741] VoxelMesh: Chunk X=0 Y=0 Z=0 FlatVerts=0 SlopeVerts=72
[+21:04:16.741] VoxelChunk: GenerateAsync (-1,0,2)
[+21:04:16.742] VoxelMesh: Chunk X=-1 Y=0 Z=2 FlatVerts=36 SlopeVerts=2820
[+21:04:16.844] VoxelMesh: Chunk X=0 Y=0 Z=0 FlatVerts=6 SlopeVerts=420
[+21:04:16.845] VoxelChunk: GenerateAsync (0,2,1)
[+21:04:16.846] VoxelMesh: Chunk X=0 Y=2 Z=1 FlatVerts=1284 SlopeVerts=0
[+21:04:16.948] VoxelMesh: Chunk X=0 Y=0 Z=0 FlatVerts=0 SlopeVerts=0
[+21:04:16.948] VoxelChunk: GenerateAsync (-1,2,1)
[+21:04:16.950] VoxelMesh: Chunk X=-1 Y=2 Z=1 FlatVerts=798 SlopeVerts=1308
[+21:04:17.051] VoxelMesh: Chunk X=0 Y=0 Z=0 FlatVerts=0 SlopeVerts=0
[+21:04:17.052] VoxelChunk: GenerateAsync (-2,0,2)
[+21:04:17.053] VoxelMesh: Chunk X=-2 Y=0 Z=2 FlatVerts=108 SlopeVerts=2652
[+21:04:17.156] VoxelMesh: Chunk X=0 Y=0 Z=0 FlatVerts=0 SlopeVerts=0
[+21:04:17.157] VoxelChunk: GenerateAsync (0,1,2)
[+21:04:17.158] VoxelMesh: Chunk X=0 Y=1 Z=2 FlatVerts=0 SlopeVerts=0
[+21:04:17.259] VoxelMesh: Chunk X=0 Y=0 Z=0 FlatVerts=1890 SlopeVerts=1116
[+21:04:17.262] VoxelChunk: GenerateAsync (2,2,2)
[+21:04:17.263] VoxelMesh: Chunk X=2 Y=2 Z=2 FlatVerts=0 SlopeVerts=1560
[+21:04:17.366] VoxelMesh: Chunk X=0 Y=0 Z=0 FlatVerts=204 SlopeVerts=30864
[+21:04:17.388] VoxelChunk: GenerateAsync (2,-1,2)
[+21:04:17.390] VoxelMesh: Chunk X=2 Y=-1 Z=2 FlatVerts=0 SlopeVerts=0
[+21:04:17.471] VoxelMesh: Chunk X=0 Y=0 Z=0 FlatVerts=0 SlopeVerts=25506
[+21:04:17.489] VoxelChunk: GenerateAsync (1,-1,2)
[+21:04:17.490] VoxelMesh: Chunk X=1 Y=-1 Z=2 FlatVerts=24 SlopeVerts=306
[+21:04:17.574] VoxelMesh: Chunk X=0 Y=0 Z=0 FlatVerts=0 SlopeVerts=0
[+21:04:17.574] VoxelChunk: GenerateAsync (-1,1,2)
[+21:04:17.576] VoxelMesh: Chunk X=-1 Y=1 Z=2 FlatVerts=78 SlopeVerts=4026
[+21:04:17.682] VoxelMesh: Chunk X=0 Y=0 Z=0 FlatVerts=0 SlopeVerts=0
[+21:04:17.682] VoxelChunk: GenerateAsync (-2,2,2)
[+21:04:17.683] VoxelMesh: Chunk X=-2 Y=2 Z=2 FlatVerts=0 SlopeVerts=2922
[+21:04:17.783] VoxelMesh: Chunk X=0 Y=0 Z=0 FlatVerts=0 SlopeVerts=0
[+21:04:17.783] VoxelChunk: GenerateAsync (0,2,2)
[+21:04:17.784] VoxelMesh: Chunk X=0 Y=2 Z=2 FlatVerts=0 SlopeVerts=0
[+21:04:17.885] VoxelMesh: Chunk X=0 Y=0 Z=0 FlatVerts=0 SlopeVerts=6
[+21:04:17.887] VoxelChunk: GenerateAsync (1,2,2)
[+21:04:17.888] VoxelMesh: Chunk X=1 Y=2 Z=2 FlatVerts=0 SlopeVerts=1476
[+21:04:17.989] VoxelMesh: Chunk X=0 Y=0 Z=0 FlatVerts=60 SlopeVerts=936
[+21:04:17.990] VoxelChunk: GenerateAsync (-2,2,1)
[+21:04:17.991] VoxelMesh: Chunk X=-2 Y=2 Z=1 FlatVerts=0 SlopeVerts=1896
[+21:04:18.094] VoxelMesh: Chunk X=0 Y=0 Z=0 FlatVerts=2706 SlopeVerts=12882
[+21:04:18.107] VoxelChunk: GenerateAsync (2,1,1)
[+21:04:18.108] VoxelMesh: Chunk X=2 Y=1 Z=1 FlatVerts=0 SlopeVerts=2430
[+21:04:18.191] VoxelMesh: Chunk X=0 Y=0 Z=0 FlatVerts=0 SlopeVerts=0
[+21:04:18.191] VoxelChunk: GenerateAsync (-1,1,-2)
[+21:04:18.192] VoxelMesh: Chunk X=-1 Y=1 Z=-2 FlatVerts=0 SlopeVerts=0
[+21:04:18.295] VoxelMesh: Chunk X=0 Y=0 Z=0 FlatVerts=0 SlopeVerts=0
[+21:04:18.295] VoxelChunk: GenerateAsync (2,-2,-1)
[+21:04:18.296] VoxelMesh: Chunk X=2 Y=-2 Z=-1 FlatVerts=0 SlopeVerts=0
[+21:04:18.396] VoxelMesh: Chunk X=0 Y=0 Z=0 FlatVerts=10176 SlopeVerts=4224
[+21:04:18.412] VoxelChunk: GenerateAsync (1,2,0)
[+21:04:18.412] VoxelMesh: Chunk X=1 Y=2 Z=0 FlatVerts=1620 SlopeVerts=264
[+21:04:18.498] VoxelMesh: Chunk X=0 Y=0 Z=0 FlatVerts=10800 SlopeVerts=684
[+21:04:18.512] VoxelChunk: GenerateAsync (0,2,0)
[+21:04:18.513] VoxelMesh: Chunk X=0 Y=2 Z=0 FlatVerts=1302 SlopeVerts=0
[+21:04:18.603] VoxelMesh: Chunk X=0 Y=0 Z=0 FlatVerts=486 SlopeVerts=6630
[+21:04:18.608] VoxelChunk: GenerateAsync (2,-1,0)
[+21:04:18.610] VoxelMesh: Chunk X=2 Y=-1 Z=0 FlatVerts=1668 SlopeVerts=474
[+21:04:18.709] VoxelMesh: Chunk X=0 Y=0 Z=0 FlatVerts=0 SlopeVerts=0
[+21:04:18.710] VoxelChunk: GenerateAsync (-1,0,-2)
[+21:04:18.711] VoxelMesh: Chunk X=-1 Y=0 Z=-2 FlatVerts=0 SlopeVerts=0
[+21:04:18.812] VoxelMesh: Chunk X=0 Y=0 Z=0 FlatVerts=540 SlopeVerts=17766
[+21:04:18.827] VoxelChunk: GenerateAsync (0,-2,1)
[+21:04:18.828] VoxelMesh: Chunk X=0 Y=-2 Z=1 FlatVerts=0 SlopeVerts=0
[+21:04:18.912] VoxelMesh: Chunk X=0 Y=0 Z=0 FlatVerts=1062 SlopeVerts=768
[+21:04:18.914] VoxelChunk: GenerateAsync (-1,-2,-1)
[+21:04:18.916] VoxelMesh: Chunk X=-1 Y=-2 Z=-1 FlatVerts=0 SlopeVerts=0
[+21:04:19.014] VoxelMesh: Chunk X=0 Y=0 Z=0 FlatVerts=10326 SlopeVerts=6
[+21:04:19.026] VoxelChunk: GenerateAsync (-2,1,-1)
[+21:04:19.027] VoxelMesh: Chunk X=-2 Y=1 Z=-1 FlatVerts=0 SlopeVerts=0
[+21:04:19.119] VoxelMesh: Chunk X=0 Y=0 Z=0 FlatVerts=0 SlopeVerts=0
[+21:04:19.119] VoxelChunk: GenerateAsync (-1,2,-2)
[+21:04:19.121] VoxelMesh: Chunk X=-1 Y=2 Z=-2 FlatVerts=0 SlopeVerts=0
[+21:04:19.219] VoxelMesh: Chunk X=0 Y=0 Z=0 FlatVerts=1860 SlopeVerts=11520
[+21:04:19.228] VoxelChunk: GenerateAsync (2,0,0)
[+21:04:19.228] VoxelMesh: Chunk X=2 Y=0 Z=0 FlatVerts=2574 SlopeVerts=12
[+21:04:19.322] VoxelMesh: Chunk X=0 Y=0 Z=0 FlatVerts=0 SlopeVerts=0
[+21:04:19.323] VoxelChunk: GenerateAsync (-2,-1,-2)
[+21:04:19.324] VoxelMesh: Chunk X=-2 Y=-1 Z=-2 FlatVerts=0 SlopeVerts=0
[+21:04:19.424] VoxelMesh: Chunk X=0 Y=0 Z=0 FlatVerts=0 SlopeVerts=6
[+21:04:19.424] VoxelChunk: GenerateAsync (0,-2,-1)
[+21:04:19.426] VoxelMesh: Chunk X=0 Y=-2 Z=-1 FlatVerts=0 SlopeVerts=0
[+21:04:19.525] VoxelMesh: Chunk X=0 Y=0 Z=0 FlatVerts=0 SlopeVerts=0
[+21:04:19.525] VoxelChunk: GenerateAsync (2,-1,-2)
[+21:04:19.527] VoxelMesh: Chunk X=2 Y=-1 Z=-2 FlatVerts=0 SlopeVerts=0
[+21:04:19.626] VoxelMesh: Chunk X=0 Y=0 Z=0 FlatVerts=0 SlopeVerts=0
[+21:04:19.626] VoxelChunk: GenerateAsync (-2,2,-2)
[+21:04:19.628] VoxelMesh: Chunk X=-2 Y=2 Z=-2 FlatVerts=0 SlopeVerts=0
[+21:04:19.726] VoxelMesh: Chunk X=0 Y=0 Z=0 FlatVerts=4062 SlopeVerts=1368
[+21:04:19.732] VoxelChunk: GenerateAsync (2,2,-1)
[+21:04:19.734] VoxelMesh: Chunk X=2 Y=2 Z=-1 FlatVerts=0 SlopeVerts=0
[+21:04:19.832] VoxelMesh: Chunk X=0 Y=0 Z=0 FlatVerts=4950 SlopeVerts=10122
[+21:04:19.846] VoxelChunk: GenerateAsync (-2,-2,0)
[+21:04:19.848] VoxelMesh: Chunk X=-2 Y=-2 Z=0 FlatVerts=0 SlopeVerts=0
[+21:04:19.938] VoxelMesh: Chunk X=0 Y=0 Z=0 FlatVerts=10050 SlopeVerts=48
[+21:04:19.951] VoxelChunk: GenerateAsync (-2,0,0)
[+21:04:19.952] VoxelMesh: Chunk X=-2 Y=0 Z=0 FlatVerts=0 SlopeVerts=0
[+21:04:20.043] VoxelMesh: Chunk X=0 Y=0 Z=0 FlatVerts=5886 SlopeVerts=12186
[+21:04:20.061] VoxelChunk: GenerateAsync (2,1,0)
[+21:04:20.062] VoxelMesh: Chunk X=2 Y=1 Z=0 FlatVerts=1908 SlopeVerts=510
[+21:04:20.149] VoxelMesh: Chunk X=0 Y=0 Z=0 FlatVerts=0 SlopeVerts=0
[+21:04:20.149] VoxelChunk: GenerateAsync (0,2,-2)
[+21:04:20.151] VoxelMesh: Chunk X=0 Y=2 Z=-2 FlatVerts=0 SlopeVerts=0
[+21:04:20.248] VoxelMesh: Chunk X=0 Y=0 Z=0 FlatVerts=0 SlopeVerts=0
[+21:04:20.248] VoxelChunk: GenerateAsync (-1,-1,-2)
[+21:04:20.250] VoxelMesh: Chunk X=-1 Y=-1 Z=-2 FlatVerts=0 SlopeVerts=0
[+21:04:20.355] VoxelMesh: Chunk X=0 Y=0 Z=0 FlatVerts=3414 SlopeVerts=1902
[+21:04:20.360] VoxelChunk: GenerateAsync (2,1,-1)
[+21:04:20.361] VoxelMesh: Chunk X=2 Y=1 Z=-1 FlatVerts=0 SlopeVerts=0
[+21:04:20.462] VoxelMesh: Chunk X=0 Y=0 Z=0 FlatVerts=0 SlopeVerts=0
[+21:04:20.462] VoxelChunk: GenerateAsync (1,-2,-1)
[+21:04:20.463] VoxelMesh: Chunk X=1 Y=-2 Z=-1 FlatVerts=0 SlopeVerts=0
[+21:04:20.565] VoxelMesh: Chunk X=0 Y=0 Z=0 FlatVerts=0 SlopeVerts=0
[+21:04:20.565] VoxelChunk: GenerateAsync (0,-1,-2)
[+21:04:20.567] VoxelMesh: Chunk X=0 Y=-1 Z=-2 FlatVerts=0 SlopeVerts=0
[+21:04:20.664] VoxelMesh: Chunk X=0 Y=0 Z=0 FlatVerts=10050 SlopeVerts=48
[+21:04:20.678] VoxelChunk: GenerateAsync (-2,0,-1)
[+21:04:20.679] VoxelMesh: Chunk X=-2 Y=0 Z=-1 FlatVerts=0 SlopeVerts=0
[+21:04:20.771] VoxelMesh: Chunk X=0 Y=0 Z=0 FlatVerts=0 SlopeVerts=0
[+21:04:20.772] VoxelChunk: GenerateAsync (-1,-2,-2)
[+21:04:20.773] VoxelMesh: Chunk X=-1 Y=-2 Z=-2 FlatVerts=0 SlopeVerts=0
[+21:04:20.872] VoxelMesh: Chunk X=0 Y=0 Z=0 FlatVerts=0 SlopeVerts=0
[+21:04:20.872] VoxelChunk: GenerateAsync (0,0,-2)
[+21:04:20.875] VoxelMesh: Chunk X=0 Y=0 Z=-2 FlatVerts=0 SlopeVerts=0
[+21:04:20.923] VoxelWorld: GenerateWorldDeferred started.
[+21:04:20.923] VoxelWorld: Queued 350 chunks.
[+21:04:20.972] VoxelMesh: Chunk X=0 Y=0 Z=0 FlatVerts=324 SlopeVerts=1146
[+21:04:20.974] VoxelChunk: GenerateAsync (2,0,-1)
[+21:04:20.975] VoxelMesh: Chunk X=2 Y=0 Z=-1 FlatVerts=0 SlopeVerts=0
[+21:04:21.025] VoxelMesh: Chunk X=0 Y=0 Z=0 FlatVerts=72 SlopeVerts=10386
[+21:04:21.031] VoxelChunk: GenerateAsync (1,-2,1)
[+21:04:21.032] VoxelMesh: Chunk X=1 Y=-2 Z=1 FlatVerts=42 SlopeVerts=1626
[+21:04:21.075] VoxelMesh: Chunk X=0 Y=0 Z=0 FlatVerts=1302 SlopeVerts=20760
[+21:04:21.094] VoxelChunk: GenerateAsync (-1,-2,1)
[+21:04:21.095] VoxelMesh: Chunk X=-1 Y=-2 Z=1 FlatVerts=18 SlopeVerts=168
[+21:04:21.134] VoxelMesh: Chunk X=0 Y=0 Z=0 FlatVerts=1434 SlopeVerts=13392
[+21:04:21.144] VoxelChunk: GenerateAsync (-2,-2,1)
[+21:04:21.146] VoxelMesh: Chunk X=-2 Y=-2 Z=1 FlatVerts=0 SlopeVerts=576
[+21:04:21.181] VoxelMesh: Chunk X=0 Y=0 Z=0 FlatVerts=7686 SlopeVerts=7368
[+21:04:21.195] VoxelChunk: GenerateAsync (2,2,0)
[+21:04:21.196] VoxelMesh: Chunk X=2 Y=2 Z=0 FlatVerts=30 SlopeVerts=0
[+21:04:21.237] VoxelMesh: Chunk X=0 Y=0 Z=0 FlatVerts=10242 SlopeVerts=0
[+21:04:21.245] VoxelChunk: GenerateAsync (-1,2,0)
[+21:04:21.245] VoxelMesh: Chunk X=-1 Y=2 Z=0 FlatVerts=1380 SlopeVerts=504
[+21:04:21.286] VoxelMesh: Chunk X=0 Y=0 Z=0 FlatVerts=9300 SlopeVerts=1902
[+21:04:21.298] VoxelChunk: GenerateAsync (-2,2,0)
[+21:04:21.300] VoxelMesh: Chunk X=-2 Y=2 Z=0 FlatVerts=0 SlopeVerts=90
[+21:04:21.340] VoxelMesh: Chunk X=0 Y=0 Z=0 FlatVerts=10326 SlopeVerts=6
[+21:04:21.352] VoxelChunk: GenerateAsync (-2,1,0)
[+21:04:21.353] VoxelMesh: Chunk X=-2 Y=1 Z=0 FlatVerts=0 SlopeVerts=0
[+21:04:21.395] VoxelMesh: Chunk X=0 Y=0 Z=0 FlatVerts=8580 SlopeVerts=2688
[+21:04:21.407] VoxelChunk: GenerateAsync (-2,-1,0)
[+21:04:21.409] VoxelMesh: Chunk X=-2 Y=-1 Z=0 FlatVerts=0 SlopeVerts=0
[+21:04:21.444] VoxelMesh: Chunk X=0 Y=0 Z=0 FlatVerts=72 SlopeVerts=4344
[+21:04:21.447] VoxelChunk: GenerateAsync (2,-2,0)
[+21:04:21.448] VoxelMesh: Chunk X=2 Y=-2 Z=0 FlatVerts=0 SlopeVerts=156
[+21:04:21.499] VoxelMesh: Chunk X=0 Y=0 Z=0 FlatVerts=72 SlopeVerts=3438
[+21:04:21.501] VoxelChunk: GenerateAsync (1,-2,0)
[+21:04:21.503] VoxelMesh: Chunk X=1 Y=-2 Z=0 FlatVerts=0 SlopeVerts=0
[+21:04:21.544] VoxelMesh: Chunk X=0 Y=0 Z=0 FlatVerts=510 SlopeVerts=6414
[+21:04:21.549] VoxelChunk: GenerateAsync (0,-2,0)
[+21:04:21.550] VoxelMesh: Chunk X=0 Y=-2 Z=0 FlatVerts=0 SlopeVerts=0
[+21:04:21.604] VoxelMesh: Chunk X=0 Y=0 Z=0 FlatVerts=2334 SlopeVerts=10488
[+21:04:21.614] VoxelChunk: GenerateAsync (-1,-2,0)
[+21:04:21.615] VoxelMesh: Chunk X=-1 Y=-2 Z=0 FlatVerts=0 SlopeVerts=0
[+21:04:21.648] VoxelMesh: Chunk X=0 Y=0 Z=0 FlatVerts=8928 SlopeVerts=1170
[+21:04:21.660] VoxelChunk: GenerateAsync (1,2,-1)
[+21:04:21.661] VoxelMesh: Chunk X=1 Y=2 Z=-1 FlatVerts=0 SlopeVerts=0
[+21:04:21.706] VoxelMesh: Chunk X=0 Y=0 Z=0 FlatVerts=10794 SlopeVerts=264
[+21:04:21.721] VoxelChunk: GenerateAsync (0,2,-1)
[+21:04:21.722] VoxelMesh: Chunk X=0 Y=2 Z=-1 FlatVerts=0 SlopeVerts=0
[+21:04:21.748] VoxelMesh: Chunk X=0 Y=0 Z=0 FlatVerts=10242 SlopeVerts=0
[+21:04:21.756] VoxelChunk: GenerateAsync (-1,2,-1)
[+21:04:21.757] VoxelMesh: Chunk X=-1 Y=2 Z=-1 FlatVerts=0 SlopeVerts=0
[+21:04:21.805] VoxelMesh: Chunk X=0 Y=0 Z=0 FlatVerts=9240 SlopeVerts=966
[+21:04:21.817] VoxelChunk: GenerateAsync (-2,2,-1)
[+21:04:21.818] VoxelMesh: Chunk X=-2 Y=2 Z=-1 FlatVerts=0 SlopeVerts=0
[+21:04:21.852] VoxelMesh: Chunk X=0 Y=0 Z=0 FlatVerts=0 SlopeVerts=0
[+21:04:21.852] VoxelChunk: GenerateAsync (-2,-2,-2)
[+21:04:21.854] VoxelMesh: Chunk X=-2 Y=-2 Z=-2 FlatVerts=0 SlopeVerts=0
[+21:04:21.915] VoxelMesh: Chunk X=0 Y=0 Z=0 FlatVerts=12 SlopeVerts=30
[+21:04:21.916] VoxelChunk: GenerateAsync (2,-1,-1)
[+21:04:21.916] VoxelMesh: Chunk X=2 Y=-1 Z=-1 FlatVerts=0 SlopeVerts=0
[+21:04:21.954] VoxelMesh: Chunk X=0 Y=0 Z=0 FlatVerts=7932 SlopeVerts=1092
[+21:04:21.964] VoxelChunk: GenerateAsync (-2,-1,-1)
[+21:04:21.966] VoxelMesh: Chunk X=-2 Y=-1 Z=-1 FlatVerts=0 SlopeVerts=0
[+21:04:22.014] VoxelMesh: Chunk X=0 Y=0 Z=0 FlatVerts=3444 SlopeVerts=1092
[+21:04:22.019] VoxelChunk: GenerateAsync (-2,-2,-1)
[+21:04:22.021] VoxelMesh: Chunk X=-2 Y=-2 Z=-1 FlatVerts=0 SlopeVerts=0
[+21:04:22.060] VoxelMesh: Chunk X=0 Y=0 Z=0 FlatVerts=0 SlopeVerts=0
[+21:04:22.060] VoxelChunk: GenerateAsync (2,2,-2)
[+21:04:22.063] VoxelMesh: Chunk X=2 Y=2 Z=-2 FlatVerts=0 SlopeVerts=0
[+21:04:22.118] VoxelMesh: Chunk X=0 Y=0 Z=0 FlatVerts=0 SlopeVerts=0
[+21:04:22.118] VoxelChunk: GenerateAsync (1,2,-2)
[+21:04:22.120] VoxelMesh: Chunk X=1 Y=2 Z=-2 FlatVerts=0 SlopeVerts=0
[+21:04:22.160] VoxelMesh: Chunk X=0 Y=0 Z=0 FlatVerts=0 SlopeVerts=0
[+21:04:22.161] VoxelChunk: GenerateAsync (2,1,-2)
[+21:04:22.163] VoxelMesh: Chunk X=2 Y=1 Z=-2 FlatVerts=0 SlopeVerts=0
[+21:04:22.222] VoxelMesh: Chunk X=0 Y=0 Z=0 FlatVerts=0 SlopeVerts=0
[+21:04:22.222] VoxelChunk: GenerateAsync (1,1,-2)
[+21:04:22.223] VoxelMesh: Chunk X=1 Y=1 Z=-2 FlatVerts=0 SlopeVerts=0
[+21:04:22.265] VoxelMesh: Chunk X=0 Y=0 Z=0 FlatVerts=0 SlopeVerts=0
[+21:04:22.265] VoxelChunk: GenerateAsync (0,1,-2)
[+21:04:22.267] VoxelMesh: Chunk X=0 Y=1 Z=-2 FlatVerts=0 SlopeVerts=0
[+21:04:22.324] VoxelMesh: Chunk X=0 Y=0 Z=0 FlatVerts=0 SlopeVerts=0
[+21:04:22.324] VoxelChunk: GenerateAsync (-2,1,-2)
[+21:04:22.325] VoxelMesh: Chunk X=-2 Y=1 Z=-2 FlatVerts=0 SlopeVerts=0
[+21:04:22.368] VoxelMesh: Chunk X=0 Y=0 Z=0 FlatVerts=0 SlopeVerts=0
[+21:04:22.369] VoxelChunk: GenerateAsync (2,0,-2)
[+21:04:22.370] VoxelMesh: Chunk X=2 Y=0 Z=-2 FlatVerts=0 SlopeVerts=0
[+21:04:22.429] VoxelMesh: Chunk X=0 Y=0 Z=0 FlatVerts=0 SlopeVerts=0
[+21:04:22.429] VoxelChunk: GenerateAsync (1,0,-2)
[+21:04:22.430] VoxelMesh: Chunk X=1 Y=0 Z=-2 FlatVerts=0 SlopeVerts=0
[+21:04:22.470] VoxelMesh: Chunk X=0 Y=0 Z=0 FlatVerts=0 SlopeVerts=0
[+21:04:22.470] VoxelChunk: GenerateAsync (-2,0,-2)
[+21:04:22.472] VoxelMesh: Chunk X=-2 Y=0 Z=-2 FlatVerts=0 SlopeVerts=0
[+21:04:22.531] VoxelMesh: Chunk X=0 Y=0 Z=0 FlatVerts=0 SlopeVerts=0
[+21:04:22.531] VoxelChunk: GenerateAsync (1,-1,-2)
[+21:04:22.533] VoxelMesh: Chunk X=1 Y=-1 Z=-2 FlatVerts=0 SlopeVerts=0
[+21:04:22.575] VoxelMesh: Chunk X=0 Y=0 Z=0 FlatVerts=0 SlopeVerts=0
[+21:04:22.575] VoxelChunk: GenerateAsync (2,-2,-2)
[+21:04:22.577] VoxelMesh: Chunk X=2 Y=-2 Z=-2 FlatVerts=0 SlopeVerts=0
[+21:04:22.636] VoxelMesh: Chunk X=0 Y=0 Z=0 FlatVerts=0 SlopeVerts=0
[+21:04:22.636] VoxelChunk: GenerateAsync (1,-2,-2)
[+21:04:22.638] VoxelMesh: Chunk X=1 Y=-2 Z=-2 FlatVerts=0 SlopeVerts=0
[+21:04:22.680] VoxelMesh: Chunk X=0 Y=0 Z=0 FlatVerts=0 SlopeVerts=0
[+21:04:22.680] VoxelChunk: GenerateAsync (0,-2,-2)
[+21:04:22.683] VoxelMesh: Chunk X=0 Y=-2 Z=-2 FlatVerts=0 SlopeVerts=0
[+21:04:22.740] VoxelMesh: Chunk X=0 Y=0 Z=0 FlatVerts=5904 SlopeVerts=10266
[+21:04:22.754] VoxelChunk: GenerateAsync (-3,-2,0)
[+21:04:22.757] VoxelMesh: Chunk X=-3 Y=-2 Z=0 FlatVerts=0 SlopeVerts=0
[+21:04:22.781] VoxelMesh: Chunk X=0 Y=0 Z=0 FlatVerts=0 SlopeVerts=0
[+21:04:22.781] VoxelChunk: GenerateAsync (3,3,-1)
[+21:04:22.783] VoxelMesh: Chunk X=3 Y=3 Z=-1 FlatVerts=0 SlopeVerts=0
[+21:04:22.839] VoxelMesh: Chunk X=0 Y=0 Z=0 FlatVerts=4008 SlopeVerts=16176
[+21:04:22.857] VoxelChunk: GenerateAsync (-3,-3,0)
[+21:04:22.858] VoxelMesh: Chunk X=-3 Y=-3 Z=0 FlatVerts=0 SlopeVerts=0
[+21:04:22.885] VoxelMesh: Chunk X=0 Y=0 Z=0 FlatVerts=0 SlopeVerts=0
[+21:04:22.885] VoxelChunk: GenerateAsync (3,3,3)
[+21:04:22.887] VoxelMesh: Chunk X=3 Y=3 Z=3 FlatVerts=78 SlopeVerts=2466
[+21:04:22.949] VoxelMesh: Chunk X=0 Y=0 Z=0 FlatVerts=0 SlopeVerts=0
[+21:04:22.949] VoxelChunk: GenerateAsync (2,3,3)
[+21:04:22.950] VoxelMesh: Chunk X=2 Y=3 Z=3 FlatVerts=0 SlopeVerts=2652
[+21:04:22.985] VoxelMesh: Chunk X=0 Y=0 Z=0 FlatVerts=0 SlopeVerts=0
[+21:04:22.986] VoxelChunk: GenerateAsync (1,3,3)
[+21:04:22.987] VoxelMesh: Chunk X=1 Y=3 Z=3 FlatVerts=0 SlopeVerts=1308
[+21:04:23.056] VoxelMesh: Chunk X=0 Y=0 Z=0 FlatVerts=0 SlopeVerts=1572
[+21:04:23.057] VoxelChunk: GenerateAsync (-2,-3,3)
[+21:04:23.059] VoxelMesh: Chunk X=-2 Y=-3 Z=3 FlatVerts=0 SlopeVerts=30
[+21:04:23.100] VoxelMesh: Chunk X=0 Y=0 Z=0 FlatVerts=0 SlopeVerts=42
[+21:04:23.101] VoxelChunk: GenerateAsync (2,1,3)
[+21:04:23.102] VoxelMesh: Chunk X=2 Y=1 Z=3 FlatVerts=0 SlopeVerts=1170
[+21:04:23.164] VoxelMesh: Chunk X=0 Y=0 Z=0 FlatVerts=36 SlopeVerts=18618
[+21:04:23.179] VoxelChunk: GenerateAsync (-1,-3,3)
[+21:04:23.181] VoxelMesh: Chunk X=-1 Y=-3 Z=3 FlatVerts=0 SlopeVerts=4332
[+21:04:23.206] VoxelMesh: Chunk X=0 Y=0 Z=0 FlatVerts=0 SlopeVerts=0
[+21:04:23.206] VoxelChunk: GenerateAsync (-1,0,3)
[+21:04:23.209] VoxelMesh: Chunk X=-1 Y=0 Z=3 FlatVerts=108 SlopeVerts=6228
[+21:04:23.266] VoxelMesh: Chunk X=0 Y=0 Z=0 FlatVerts=0 SlopeVerts=30
[+21:04:23.266] VoxelChunk: GenerateAsync (3,1,3)
[+21:04:23.267] VoxelMesh: Chunk X=3 Y=1 Z=3 FlatVerts=0 SlopeVerts=2766
[+21:04:23.308] VoxelMesh: Chunk X=0 Y=0 Z=0 FlatVerts=0 SlopeVerts=0
[+21:04:23.308] VoxelChunk: GenerateAsync (0,2,3)
[+21:04:23.310] VoxelMesh: Chunk X=0 Y=2 Z=3 FlatVerts=0 SlopeVerts=0
[+21:04:23.368] VoxelMesh: Chunk X=0 Y=0 Z=0 FlatVerts=156 SlopeVerts=35526
[+21:04:23.394] VoxelChunk: GenerateAsync (0,-3,3)
[+21:04:23.396] VoxelMesh: Chunk X=0 Y=-3 Z=3 FlatVerts=12 SlopeVerts=5172
[+21:04:23.422] VoxelMesh: Chunk X=0 Y=0 Z=0 FlatVerts=0 SlopeVerts=0
[+21:04:23.424] VoxelChunk: GenerateAsync (-3,-1,3)
[+21:04:23.425] VoxelMesh: Chunk X=-3 Y=-1 Z=3 FlatVerts=0 SlopeVerts=714
[+21:04:23.468] VoxelMesh: Chunk X=0 Y=0 Z=0 FlatVerts=0 SlopeVerts=108
[+21:04:23.469] VoxelChunk: GenerateAsync (0,0,3)
[+21:04:23.470] VoxelMesh: Chunk X=0 Y=0 Z=3 FlatVerts=0 SlopeVerts=42
[+21:04:23.525] VoxelMesh: Chunk X=0 Y=0 Z=0 FlatVerts=0 SlopeVerts=12
[+21:04:23.525] VoxelChunk: GenerateAsync (1,1,3)
[+21:04:23.527] VoxelMesh: Chunk X=1 Y=1 Z=3 FlatVerts=0 SlopeVerts=0
[+21:04:23.569] VoxelMesh: Chunk X=0 Y=0 Z=0 FlatVerts=0 SlopeVerts=0
[+21:04:23.570] VoxelChunk: GenerateAsync (-1,-3,-3)
[+21:04:23.571] VoxelMesh: Chunk X=-1 Y=-3 Z=-3 FlatVerts=0 SlopeVerts=0
[+21:04:23.632] VoxelMesh: Chunk X=0 Y=0 Z=0 FlatVerts=36 SlopeVerts=834
[+21:04:23.633] VoxelChunk: GenerateAsync (-3,2,3)
[+21:04:23.634] VoxelMesh: Chunk X=-3 Y=2 Z=3 FlatVerts=6 SlopeVerts=912
[+21:04:23.680] VoxelMesh: Chunk X=0 Y=0 Z=0 FlatVerts=0 SlopeVerts=0
[+21:04:23.681] VoxelChunk: GenerateAsync (1,2,3)
[+21:04:23.681] VoxelMesh: Chunk X=1 Y=2 Z=3 FlatVerts=0 SlopeVerts=732
[+21:04:23.732] VoxelMesh: Chunk X=0 Y=0 Z=0 FlatVerts=0 SlopeVerts=0
[+21:04:23.732] VoxelChunk: GenerateAsync (-2,3,3)
[+21:04:23.735] VoxelMesh: Chunk X=-2 Y=3 Z=3 FlatVerts=0 SlopeVerts=1026
[+21:04:23.782] VoxelMesh: Chunk X=0 Y=0 Z=0 FlatVerts=198 SlopeVerts=39828
[+21:04:23.812] VoxelChunk: GenerateAsync (1,-3,3)
[+21:04:23.813] VoxelMesh: Chunk X=1 Y=-3 Z=3 FlatVerts=0 SlopeVerts=4692
[+21:04:23.839] VoxelMesh: Chunk X=0 Y=0 Z=0 FlatVerts=132 SlopeVerts=39048
[+21:04:23.868] VoxelChunk: GenerateAsync (2,-3,3)
[+21:04:23.870] VoxelMesh: Chunk X=2 Y=-3 Z=3 FlatVerts=12 SlopeVerts=3114
[+21:04:23.888] VoxelMesh: Chunk X=0 Y=0 Z=0 FlatVerts=0 SlopeVerts=0
[+21:04:23.888] VoxelChunk: GenerateAsync (-2,-1,3)
[+21:04:23.889] VoxelMesh: Chunk X=-2 Y=-1 Z=3 FlatVerts=66 SlopeVerts=4182
[+21:04:23.945] VoxelMesh: Chunk X=0 Y=0 Z=0 FlatVerts=0 SlopeVerts=19716
[+21:04:23.960] VoxelChunk: GenerateAsync (1,-1,3)
[+21:04:23.961] VoxelMesh: Chunk X=1 Y=-1 Z=3 FlatVerts=0 SlopeVerts=0
[+21:04:23.988] VoxelMesh: Chunk X=0 Y=0 Z=0 FlatVerts=0 SlopeVerts=2418
[+21:04:23.991] VoxelChunk: GenerateAsync (1,0,3)
[+21:04:23.992] VoxelMesh: Chunk X=1 Y=0 Z=3 FlatVerts=0 SlopeVerts=0
[+21:04:24.045] VoxelMesh: Chunk X=0 Y=0 Z=0 FlatVerts=0 SlopeVerts=0
[+21:04:24.045] VoxelChunk: GenerateAsync (-3,1,3)
[+21:04:24.046] VoxelMesh: Chunk X=-3 Y=1 Z=3 FlatVerts=12 SlopeVerts=2208
[+21:04:24.091] VoxelMesh: Chunk X=0 Y=0 Z=0 FlatVerts=0 SlopeVerts=0
[+21:04:24.091] VoxelChunk: GenerateAsync (-2,-3,-3)
[+21:04:24.092] VoxelMesh: Chunk X=-2 Y=-3 Z=-3 FlatVerts=0 SlopeVerts=0
[+21:04:24.144] VoxelMesh: Chunk X=0 Y=0 Z=0 FlatVerts=0 SlopeVerts=0
[+21:04:24.144] VoxelChunk: GenerateAsync (3,-2,-3)
[+21:04:24.147] VoxelMesh: Chunk X=3 Y=-2 Z=-3 FlatVerts=0 SlopeVerts=0
[+21:04:24.199] VoxelMesh: Chunk X=0 Y=0 Z=0 FlatVerts=0 SlopeVerts=0
[+21:04:24.199] VoxelChunk: GenerateAsync (-3,-1,-3)
[+21:04:24.200] VoxelMesh: Chunk X=-3 Y=-1 Z=-3 FlatVerts=0 SlopeVerts=0
[+21:04:24.253] VoxelMesh: Chunk X=0 Y=0 Z=0 FlatVerts=0 SlopeVerts=0
[+21:04:24.253] VoxelChunk: GenerateAsync (-2,-1,-3)
[+21:04:24.255] VoxelMesh: Chunk X=-2 Y=-1 Z=-3 FlatVerts=0 SlopeVerts=0
[+21:04:24.311] VoxelMesh: Chunk X=0 Y=0 Z=0 FlatVerts=0 SlopeVerts=0
[+21:04:24.311] VoxelChunk: GenerateAsync (-2,2,3)
[+21:04:24.314] VoxelMesh: Chunk X=-2 Y=2 Z=3 FlatVerts=18 SlopeVerts=4662
[+21:04:24.357] VoxelMesh: Chunk X=0 Y=0 Z=0 FlatVerts=0 SlopeVerts=0
[+21:04:24.357] VoxelChunk: GenerateAsync (-1,2,3)
[+21:04:24.359] VoxelMesh: Chunk X=-1 Y=2 Z=3 FlatVerts=0 SlopeVerts=0
[+21:04:24.417] VoxelMesh: Chunk X=0 Y=0 Z=0 FlatVerts=0 SlopeVerts=0
[+21:04:24.418] VoxelChunk: GenerateAsync (2,2,3)
[+21:04:24.419] VoxelMesh: Chunk X=2 Y=2 Z=3 FlatVerts=0 SlopeVerts=2184
[+21:04:24.460] VoxelMesh: Chunk X=0 Y=0 Z=0 FlatVerts=0 SlopeVerts=0
[+21:04:24.461] VoxelChunk: GenerateAsync (3,2,3)
[+21:04:24.461] VoxelMesh: Chunk X=3 Y=2 Z=3 FlatVerts=0 SlopeVerts=1038
[+21:04:24.516] VoxelMesh: Chunk X=0 Y=0 Z=0 FlatVerts=0 SlopeVerts=0
[+21:04:24.518] VoxelChunk: GenerateAsync (2,-3,-3)
[+21:04:24.519] VoxelMesh: Chunk X=2 Y=-3 Z=-3 FlatVerts=0 SlopeVerts=0
[+21:04:24.564] VoxelMesh: Chunk X=0 Y=0 Z=0 FlatVerts=0 SlopeVerts=0
[+21:04:24.564] VoxelChunk: GenerateAsync (-3,0,-3)
[+21:04:24.565] VoxelMesh: Chunk X=-3 Y=0 Z=-3 FlatVerts=0 SlopeVerts=0
[+21:04:24.618] VoxelMesh: Chunk X=0 Y=0 Z=0 FlatVerts=0 SlopeVerts=0
[+21:04:24.619] VoxelChunk: GenerateAsync (-2,0,-3)
[+21:04:24.620] VoxelMesh: Chunk X=-2 Y=0 Z=-3 FlatVerts=0 SlopeVerts=0
[+21:04:24.664] VoxelMesh: Chunk X=0 Y=0 Z=0 FlatVerts=0 SlopeVerts=0
[+21:04:24.664] VoxelChunk: GenerateAsync (3,-3,-3)
[+21:04:24.666] VoxelMesh: Chunk X=3 Y=-3 Z=-3 FlatVerts=0 SlopeVerts=0
[+21:04:24.722] VoxelMesh: Chunk X=0 Y=0 Z=0 FlatVerts=96 SlopeVerts=37128
[+21:04:24.751] VoxelChunk: GenerateAsync (3,-3,3)
[+21:04:24.753] VoxelMesh: Chunk X=3 Y=-3 Z=3 FlatVerts=0 SlopeVerts=4488
[+21:04:24.778] VoxelMesh: Chunk X=0 Y=0 Z=0 FlatVerts=24 SlopeVerts=36774
[+21:04:24.805] VoxelChunk: GenerateAsync (2,-2,3)
[+21:04:24.807] VoxelMesh: Chunk X=2 Y=-2 Z=3 FlatVerts=6 SlopeVerts=3090
[+21:04:24.828] VoxelMesh: Chunk X=0 Y=0 Z=0 FlatVerts=0 SlopeVerts=36
[+21:04:24.829] VoxelChunk: GenerateAsync (-1,-1,3)
[+21:04:24.830] VoxelMesh: Chunk X=-1 Y=-1 Z=3 FlatVerts=12 SlopeVerts=4242
[+21:04:24.884] VoxelMesh: Chunk X=0 Y=0 Z=0 FlatVerts=0 SlopeVerts=10260
[+21:04:24.891] VoxelChunk: GenerateAsync (0,-1,3)
[+21:04:24.893] VoxelMesh: Chunk X=0 Y=-1 Z=3 FlatVerts=0 SlopeVerts=72
[+21:04:24.931] VoxelMesh: Chunk X=0 Y=0 Z=0 FlatVerts=18 SlopeVerts=26178
[+21:04:24.952] VoxelChunk: GenerateAsync (2,-1,3)
[+21:04:24.953] VoxelMesh: Chunk X=2 Y=-1 Z=3 FlatVerts=0 SlopeVerts=0
[+21:04:24.990] VoxelMesh: Chunk X=0 Y=0 Z=0 FlatVerts=0 SlopeVerts=0
[+21:04:24.990] VoxelChunk: GenerateAsync (-1,-2,-3)
[+21:04:24.992] VoxelMesh: Chunk X=-1 Y=-2 Z=-3 FlatVerts=0 SlopeVerts=0
[+21:04:25.036] VoxelMesh: Chunk X=0 Y=0 Z=0 FlatVerts=18 SlopeVerts=7752
[+21:04:25.041] VoxelChunk: GenerateAsync (2,0,3)
[+21:04:25.042] VoxelMesh: Chunk X=2 Y=0 Z=3 FlatVerts=0 SlopeVerts=0
[+21:04:25.096] VoxelMesh: Chunk X=0 Y=0 Z=0 FlatVerts=96 SlopeVerts=12786
[+21:04:25.105] VoxelChunk: GenerateAsync (3,0,3)
[+21:04:25.106] VoxelMesh: Chunk X=3 Y=0 Z=3 FlatVerts=0 SlopeVerts=252
[+21:04:25.140] VoxelMesh: Chunk X=0 Y=0 Z=0 FlatVerts=0 SlopeVerts=0
[+21:04:25.141] VoxelChunk: GenerateAsync (-2,1,3)
[+21:04:25.142] VoxelMesh: Chunk X=-2 Y=1 Z=3 FlatVerts=144 SlopeVerts=7656
[+21:04:25.199] VoxelMesh: Chunk X=0 Y=0 Z=0 FlatVerts=0 SlopeVerts=0
[+21:04:25.199] VoxelChunk: GenerateAsync (-3,-3,-3)
[+21:04:25.200] VoxelMesh: Chunk X=-3 Y=-3 Z=-3 FlatVerts=0 SlopeVerts=0
[+21:04:25.244] VoxelMesh: Chunk X=0 Y=0 Z=0 FlatVerts=0 SlopeVerts=0
[+21:04:25.244] VoxelChunk: GenerateAsync (2,-2,-3)
[+21:04:25.246] VoxelMesh: Chunk X=2 Y=-2 Z=-3 FlatVerts=0 SlopeVerts=0
[+21:04:25.306] VoxelMesh: Chunk X=0 Y=0 Z=0 FlatVerts=0 SlopeVerts=0
[+21:04:25.306] VoxelChunk: GenerateAsync (-3,2,-3)
[+21:04:25.308] VoxelMesh: Chunk X=-3 Y=2 Z=-3 FlatVerts=0 SlopeVerts=0
[+21:04:25.352] VoxelMesh: Chunk X=0 Y=0 Z=0 FlatVerts=0 SlopeVerts=0
[+21:04:25.352] VoxelChunk: GenerateAsync (-2,2,-3)
[+21:04:25.354] VoxelMesh: Chunk X=-2 Y=2 Z=-3 FlatVerts=0 SlopeVerts=0
[+21:04:25.406] VoxelMesh: Chunk X=0 Y=0 Z=0 FlatVerts=0 SlopeVerts=0
[+21:04:25.406] VoxelChunk: GenerateAsync (-1,2,-3)
[+21:04:25.407] VoxelMesh: Chunk X=-1 Y=2 Z=-3 FlatVerts=0 SlopeVerts=0
[+21:04:25.451] VoxelMesh: Chunk X=0 Y=0 Z=0 FlatVerts=0 SlopeVerts=0
[+21:04:25.452] VoxelChunk: GenerateAsync (0,2,-3)
[+21:04:25.454] VoxelMesh: Chunk X=0 Y=2 Z=-3 FlatVerts=0 SlopeVerts=0
[+21:04:25.515] VoxelMesh: Chunk X=0 Y=0 Z=0 FlatVerts=0 SlopeVerts=0
[+21:04:25.515] VoxelChunk: GenerateAsync (1,2,-3)
[+21:04:25.517] VoxelMesh: Chunk X=1 Y=2 Z=-3 FlatVerts=0 SlopeVerts=0
[+21:04:25.555] VoxelMesh: Chunk X=0 Y=0 Z=0 FlatVerts=0 SlopeVerts=0
[+21:04:25.555] VoxelChunk: GenerateAsync (2,2,-3)
[+21:04:25.556] VoxelMesh: Chunk X=2 Y=2 Z=-3 FlatVerts=0 SlopeVerts=0
[+21:04:25.619] VoxelMesh: Chunk X=0 Y=0 Z=0 FlatVerts=0 SlopeVerts=0
[+21:04:25.619] VoxelChunk: GenerateAsync (3,2,-3)
[+21:04:25.620] VoxelMesh: Chunk X=3 Y=2 Z=-3 FlatVerts=0 SlopeVerts=0
[+21:04:25.656] VoxelMesh: Chunk X=0 Y=0 Z=0 FlatVerts=0 SlopeVerts=0
[+21:04:25.656] VoxelChunk: GenerateAsync (-1,-1,-3)
[+21:04:25.658] VoxelMesh: Chunk X=-1 Y=-1 Z=-3 FlatVerts=0 SlopeVerts=0
[+21:04:25.720] VoxelMesh: Chunk X=0 Y=0 Z=0 FlatVerts=0 SlopeVerts=0
[+21:04:25.720] VoxelChunk: GenerateAsync (-2,3,-3)
[+21:04:25.722] VoxelMesh: Chunk X=-2 Y=3 Z=-3 FlatVerts=0 SlopeVerts=0
[+21:04:25.758] VoxelMesh: Chunk X=0 Y=0 Z=0 FlatVerts=0 SlopeVerts=0
[+21:04:25.758] VoxelChunk: GenerateAsync (0,-3,-3)
[+21:04:25.759] VoxelMesh: Chunk X=0 Y=-3 Z=-3 FlatVerts=0 SlopeVerts=0
[+21:04:25.819] VoxelMesh: Chunk X=0 Y=0 Z=0 FlatVerts=0 SlopeVerts=0
[+21:04:25.819] VoxelChunk: GenerateAsync (0,3,-3)
[+21:04:25.822] VoxelMesh: Chunk X=0 Y=3 Z=-3 FlatVerts=0 SlopeVerts=0
[+21:04:25.866] VoxelMesh: Chunk X=0 Y=0 Z=0 FlatVerts=0 SlopeVerts=0
[+21:04:25.866] VoxelChunk: GenerateAsync (1,-1,-3)
[+21:04:25.868] VoxelMesh: Chunk X=1 Y=-1 Z=-3 FlatVerts=0 SlopeVerts=0
[+21:04:25.929] VoxelMesh: Chunk X=0 Y=0 Z=0 FlatVerts=0 SlopeVerts=0
[+21:04:25.929] VoxelChunk: GenerateAsync (2,3,-3)
[+21:04:25.930] VoxelMesh: Chunk X=2 Y=3 Z=-3 FlatVerts=0 SlopeVerts=0
[+21:04:25.965] VoxelMesh: Chunk X=0 Y=0 Z=0 FlatVerts=36 SlopeVerts=1386
[+21:04:25.966] VoxelChunk: GenerateAsync (-3,3,3)
[+21:04:25.969] VoxelMesh: Chunk X=-3 Y=3 Z=3 FlatVerts=60 SlopeVerts=3072
[+21:04:26.029] VoxelMesh: Chunk X=0 Y=0 Z=0 FlatVerts=0 SlopeVerts=0
[+21:04:26.030] VoxelChunk: GenerateAsync (1,-3,-3)
[+21:04:26.031] VoxelMesh: Chunk X=1 Y=-3 Z=-3 FlatVerts=0 SlopeVerts=0
[+21:04:26.068] VoxelMesh: Chunk X=0 Y=0 Z=0 FlatVerts=0 SlopeVerts=0
[+21:04:26.068] VoxelChunk: GenerateAsync (3,-1,-3)
[+21:04:26.070] VoxelMesh: Chunk X=3 Y=-1 Z=-3 FlatVerts=0 SlopeVerts=0
[+21:04:26.131] VoxelMesh: Chunk X=0 Y=0 Z=0 FlatVerts=0 SlopeVerts=0
[+21:04:26.131] VoxelChunk: GenerateAsync (-1,-3,-2)
[+21:04:26.133] VoxelMesh: Chunk X=-1 Y=-3 Z=-2 FlatVerts=0 SlopeVerts=0
[+21:04:26.170] VoxelMesh: Chunk X=0 Y=0 Z=0 FlatVerts=0 SlopeVerts=0
[+21:04:26.171] VoxelChunk: GenerateAsync (0,-3,-2)
[+21:04:26.172] VoxelMesh: Chunk X=0 Y=-3 Z=-2 FlatVerts=0 SlopeVerts=0
[+21:04:26.233] VoxelMesh: Chunk X=0 Y=0 Z=0 FlatVerts=0 SlopeVerts=0
[+21:04:26.234] VoxelChunk: GenerateAsync (1,-3,-2)
[+21:04:26.235] VoxelMesh: Chunk X=1 Y=-3 Z=-2 FlatVerts=0 SlopeVerts=0
[+21:04:26.273] VoxelMesh: Chunk X=0 Y=0 Z=0 FlatVerts=0 SlopeVerts=0
[+21:04:26.273] VoxelChunk: GenerateAsync (2,-3,-2)
[+21:04:26.275] VoxelMesh: Chunk X=2 Y=-3 Z=-2 FlatVerts=0 SlopeVerts=0
[+21:04:26.336] VoxelMesh: Chunk X=0 Y=0 Z=0 FlatVerts=0 SlopeVerts=0
[+21:04:26.336] VoxelChunk: GenerateAsync (3,-3,-2)
[+21:04:26.338] VoxelMesh: Chunk X=3 Y=-3 Z=-2 FlatVerts=0 SlopeVerts=0
[+21:04:26.371] VoxelMesh: Chunk X=0 Y=0 Z=0 FlatVerts=0 SlopeVerts=0
[+21:04:26.372] VoxelChunk: GenerateAsync (-3,-2,-2)
[+21:04:26.373] VoxelMesh: Chunk X=-3 Y=-2 Z=-2 FlatVerts=0 SlopeVerts=0
[+21:04:26.442] VoxelMesh: Chunk X=0 Y=0 Z=0 FlatVerts=0 SlopeVerts=0
[+21:04:26.442] VoxelChunk: GenerateAsync (-1,0,-3)
[+21:04:26.444] VoxelMesh: Chunk X=-1 Y=0 Z=-3 FlatVerts=0 SlopeVerts=0
[+21:04:26.480] VoxelMesh: Chunk X=0 Y=0 Z=0 FlatVerts=0 SlopeVerts=0
[+21:04:26.481] VoxelChunk: GenerateAsync (-3,-2,3)
[+21:04:26.481] VoxelMesh: Chunk X=-3 Y=-2 Z=3 FlatVerts=36 SlopeVerts=5958
[+21:04:26.548] VoxelMesh: Chunk X=0 Y=0 Z=0 FlatVerts=60 SlopeVerts=29712
[+21:04:26.571] VoxelChunk: GenerateAsync (0,-2,3)
[+21:04:26.573] VoxelMesh: Chunk X=0 Y=-2 Z=3 FlatVerts=66 SlopeVerts=4050
[+21:04:26.590] VoxelMesh: Chunk X=0 Y=0 Z=0 FlatVerts=60 SlopeVerts=35088
[+21:04:26.617] VoxelChunk: GenerateAsync (3,-2,3)
[+21:04:26.618] VoxelMesh: Chunk X=3 Y=-2 Z=3 FlatVerts=0 SlopeVerts=0
[+21:04:26.657] VoxelMesh: Chunk X=0 Y=0 Z=0 FlatVerts=0 SlopeVerts=0
[+21:04:26.657] VoxelChunk: GenerateAsync (1,0,-3)
[+21:04:26.659] VoxelMesh: Chunk X=1 Y=0 Z=-3 FlatVerts=0 SlopeVerts=0
[+21:04:26.702] VoxelMesh: Chunk X=0 Y=0 Z=0 FlatVerts=0 SlopeVerts=0
[+21:04:26.702] VoxelChunk: GenerateAsync (-3,-1,-2)
[+21:04:26.704] VoxelMesh: Chunk X=-3 Y=-1 Z=-2 FlatVerts=0 SlopeVerts=0
[+21:04:26.764] VoxelMesh: Chunk X=0 Y=0 Z=0 FlatVerts=0 SlopeVerts=0
[+21:04:26.765] VoxelChunk: GenerateAsync (2,0,-3)
[+21:04:26.766] VoxelMesh: Chunk X=2 Y=0 Z=-3 FlatVerts=0 SlopeVerts=0
[+21:04:26.803] VoxelMesh: Chunk X=0 Y=0 Z=0 FlatVerts=0 SlopeVerts=0
[+21:04:26.803] VoxelChunk: GenerateAsync (-2,-2,-3)
[+21:04:26.804] VoxelMesh: Chunk X=-2 Y=-2 Z=-3 FlatVerts=0 SlopeVerts=0
[+21:04:26.865] VoxelMesh: Chunk X=0 Y=0 Z=0 FlatVerts=0 SlopeVerts=0
[+21:04:26.865] VoxelChunk: GenerateAsync (3,0,-3)
[+21:04:26.867] VoxelMesh: Chunk X=3 Y=0 Z=-3 FlatVerts=0 SlopeVerts=0
[+21:04:26.902] VoxelMesh: Chunk X=0 Y=0 Z=0 FlatVerts=96 SlopeVerts=31746
[+21:04:26.926] VoxelChunk: GenerateAsync (3,-1,3)
[+21:04:26.927] VoxelMesh: Chunk X=3 Y=-1 Z=3 FlatVerts=0 SlopeVerts=0
[+21:04:26.967] VoxelMesh: Chunk X=0 Y=0 Z=0 FlatVerts=0 SlopeVerts=0
[+21:04:26.967] VoxelChunk: GenerateAsync (-3,1,-3)
[+21:04:26.968] VoxelMesh: Chunk X=-3 Y=1 Z=-3 FlatVerts=0 SlopeVerts=0
[+21:04:27.005] VoxelMesh: Chunk X=0 Y=0 Z=0 FlatVerts=0 SlopeVerts=0
[+21:04:27.005] VoxelChunk: GenerateAsync (-2,1,-3)
[+21:04:27.007] VoxelMesh: Chunk X=-2 Y=1 Z=-3 FlatVerts=0 SlopeVerts=0
[+21:04:27.068] VoxelMesh: Chunk X=0 Y=0 Z=0 FlatVerts=0 SlopeVerts=0
[+21:04:27.068] VoxelChunk: GenerateAsync (3,0,-2)
[+21:04:27.070] VoxelMesh: Chunk X=3 Y=0 Z=-2 FlatVerts=0 SlopeVerts=0
[+21:04:27.108] VoxelMesh: Chunk X=0 Y=0 Z=0 FlatVerts=0 SlopeVerts=0
[+21:04:27.108] VoxelChunk: GenerateAsync (-3,1,-2)
[+21:04:27.110] VoxelMesh: Chunk X=-3 Y=1 Z=-2 FlatVerts=0 SlopeVerts=0
[+21:04:27.171] VoxelMesh: Chunk X=0 Y=0 Z=0 FlatVerts=0 SlopeVerts=0
[+21:04:27.171] VoxelChunk: GenerateAsync (-1,1,-3)
[+21:04:27.173] VoxelMesh: Chunk X=-1 Y=1 Z=-3 FlatVerts=0 SlopeVerts=0
[+21:04:27.216] VoxelMesh: Chunk X=0 Y=0 Z=0 FlatVerts=0 SlopeVerts=0
[+21:04:27.216] VoxelChunk: GenerateAsync (0,-2,-3)
[+21:04:27.218] VoxelMesh: Chunk X=0 Y=-2 Z=-3 FlatVerts=0 SlopeVerts=0
[+21:04:27.271] VoxelWorld: Editor generation complete, 0 chunks.
[+21:04:27.313] VoxelWorld: Editor generation complete, 0 chunks.
[+21:04:27.898] VoxelWorld: GenerateWorldDeferred started.
[+21:04:27.898] VoxelWorld: Queued 229 chunks.
[+21:04:27.997] VoxelMesh: Chunk X=0 Y=-2 Z=-3 FlatVerts=0 SlopeVerts=0
[+21:04:27.998] VoxelChunk: GenerateAsync (3,2,0)
[+21:04:28.000] VoxelMesh: Chunk X=3 Y=2 Z=0 FlatVerts=0 SlopeVerts=0
[+21:04:28.097] VoxelMesh: Chunk X=-1 Y=1 Z=-3 FlatVerts=0 SlopeVerts=0
[+21:04:28.099] VoxelChunk: GenerateAsync (-3,3,0)
[+21:04:28.100] VoxelMesh: Chunk X=-3 Y=3 Z=0 FlatVerts=0 SlopeVerts=0
[+21:04:28.198] VoxelMesh: Chunk X=-3 Y=1 Z=-2 FlatVerts=0 SlopeVerts=0
[+21:04:28.199] VoxelChunk: GenerateAsync (-3,1,-1)
[+21:04:28.200] VoxelMesh: Chunk X=-3 Y=1 Z=-1 FlatVerts=0 SlopeVerts=0
[+21:04:28.313] VoxelMesh: Chunk X=3 Y=0 Z=-2 FlatVerts=0 SlopeVerts=0
[+21:04:28.313] VoxelChunk: GenerateAsync (3,1,-1)
[+21:04:28.315] VoxelMesh: Chunk X=3 Y=1 Z=-1 FlatVerts=0 SlopeVerts=0
[+21:04:28.407] VoxelMesh: Chunk X=-2 Y=1 Z=-3 FlatVerts=0 SlopeVerts=0
[+21:04:28.407] VoxelChunk: GenerateAsync (0,3,3)
[+21:04:28.408] VoxelMesh: Chunk X=0 Y=3 Z=3 FlatVerts=0 SlopeVerts=0
[+21:04:28.507] VoxelMesh: Chunk X=-3 Y=1 Z=-3 FlatVerts=0 SlopeVerts=0
[+21:04:28.507] VoxelChunk: GenerateAsync (-1,3,3)
[+21:04:28.509] VoxelMesh: Chunk X=-1 Y=3 Z=3 FlatVerts=0 SlopeVerts=0
[+21:04:28.608] VoxelMesh: Chunk X=3 Y=-1 Z=3 FlatVerts=1392 SlopeVerts=2544
[+21:04:28.611] VoxelChunk: GenerateAsync (3,-1,1)
[+21:04:28.612] VoxelMesh: Chunk X=3 Y=-1 Z=1 FlatVerts=1392 SlopeVerts=2544
[+21:04:28.710] VoxelMesh: Chunk X=3 Y=0 Z=-3 FlatVerts=0 SlopeVerts=2052
[+21:04:28.712] VoxelChunk: GenerateAsync (3,1,2)
[+21:04:28.714] VoxelMesh: Chunk X=3 Y=1 Z=2 FlatVerts=0 SlopeVerts=2052
[+21:04:28.811] VoxelMesh: Chunk X=-2 Y=-2 Z=-3 FlatVerts=0 SlopeVerts=0
[+21:04:28.811] VoxelChunk: GenerateAsync (-3,0,1)
[+21:04:28.813] VoxelMesh: Chunk X=-3 Y=0 Z=1 FlatVerts=0 SlopeVerts=0
[+21:04:28.914] VoxelMesh: Chunk X=2 Y=0 Z=-3 FlatVerts=0 SlopeVerts=3492
[+21:04:28.916] VoxelChunk: GenerateAsync (-1,-3,2)
[+21:04:28.917] VoxelMesh: Chunk X=-1 Y=-3 Z=2 FlatVerts=0 SlopeVerts=3492
[+21:04:29.015] VoxelMesh: Chunk X=-3 Y=-1 Z=-2 FlatVerts=0 SlopeVerts=0
[+21:04:29.015] VoxelChunk: GenerateAsync (-3,2,2)
[+21:04:29.016] VoxelMesh: Chunk X=-3 Y=2 Z=2 FlatVerts=0 SlopeVerts=0
[+21:04:29.115] VoxelMesh: Chunk X=1 Y=0 Z=-3 FlatVerts=0 SlopeVerts=348
[+21:04:29.115] VoxelChunk: GenerateAsync (-3,-3,3)
[+21:04:29.117] VoxelMesh: Chunk X=-3 Y=-3 Z=3 FlatVerts=0 SlopeVerts=348
[+21:04:29.222] VoxelMesh: Chunk X=3 Y=-2 Z=3 FlatVerts=1170 SlopeVerts=2454
[+21:04:29.225] VoxelChunk: GenerateAsync (3,0,1)
[+21:04:29.226] VoxelMesh: Chunk X=3 Y=0 Z=1 FlatVerts=1170 SlopeVerts=2454
[+21:04:29.322] VoxelMesh: Chunk X=0 Y=-2 Z=3 FlatVerts=564 SlopeVerts=1836
[+21:04:29.325] VoxelChunk: GenerateAsync (-1,3,1)
[+21:04:29.326] VoxelMesh: Chunk X=-1 Y=3 Z=1 FlatVerts=564 SlopeVerts=1836
[+21:04:29.426] VoxelMesh: Chunk X=-3 Y=-2 Z=3 FlatVerts=0 SlopeVerts=4014
[+21:04:29.428] VoxelChunk: GenerateAsync (0,-3,2)
[+21:04:29.429] VoxelMesh: Chunk X=0 Y=-3 Z=2 FlatVerts=0 SlopeVerts=4014
[+21:04:29.525] VoxelMesh: Chunk X=-1 Y=0 Z=-3 FlatVerts=0 SlopeVerts=18
[+21:04:29.525] VoxelChunk: GenerateAsync (-3,0,2)
[+21:04:29.526] VoxelMesh: Chunk X=-3 Y=0 Z=2 FlatVerts=0 SlopeVerts=18
[+21:04:29.625] VoxelMesh: Chunk X=-3 Y=-2 Z=-2 FlatVerts=0 SlopeVerts=12
[+21:04:29.625] VoxelChunk: GenerateAsync (3,2,2)
[+21:04:29.627] VoxelMesh: Chunk X=3 Y=2 Z=2 FlatVerts=0 SlopeVerts=12
[+21:04:29.726] VoxelMesh: Chunk X=3 Y=-3 Z=-2 FlatVerts=1494 SlopeVerts=1200
[+21:04:29.728] VoxelChunk: GenerateAsync (-1,3,2)
[+21:04:29.729] VoxelMesh: Chunk X=-1 Y=3 Z=2 FlatVerts=1494 SlopeVerts=1200
[+21:04:29.826] VoxelMesh: Chunk X=2 Y=-3 Z=-2 FlatVerts=0 SlopeVerts=6270
[+21:04:29.830] VoxelChunk: GenerateAsync (-2,-2,3)
[+21:04:29.831] VoxelMesh: Chunk X=-2 Y=-2 Z=3 FlatVerts=0 SlopeVerts=6270
[+21:04:29.929] VoxelMesh: Chunk X=1 Y=-3 Z=-2 FlatVerts=0 SlopeVerts=1560
[+21:04:29.930] VoxelChunk: GenerateAsync (-3,0,3)
[+21:04:29.931] VoxelMesh: Chunk X=-3 Y=0 Z=3 FlatVerts=0 SlopeVerts=1560
[+21:04:30.034] VoxelMesh: Chunk X=0 Y=-3 Z=-2 FlatVerts=0 SlopeVerts=0
[+21:04:30.034] VoxelChunk: GenerateAsync (-3,1,1)
[+21:04:30.035] VoxelMesh: Chunk X=-3 Y=1 Z=1 FlatVerts=0 SlopeVerts=0
[+21:04:30.133] VoxelMesh: Chunk X=-1 Y=-3 Z=-2 FlatVerts=0 SlopeVerts=0
[+21:04:30.134] VoxelChunk: GenerateAsync (3,2,1)
[+21:04:30.135] VoxelMesh: Chunk X=3 Y=2 Z=1 FlatVerts=0 SlopeVerts=0
[+21:04:30.235] VoxelMesh: Chunk X=3 Y=-1 Z=-3 FlatVerts=660 SlopeVerts=1860
[+21:04:30.236] VoxelChunk: GenerateAsync (0,3,1)
[+21:04:30.237] VoxelMesh: Chunk X=0 Y=3 Z=1 FlatVerts=660 SlopeVerts=1860
[+21:04:30.339] VoxelMesh: Chunk X=1 Y=-3 Z=-3 FlatVerts=0 SlopeVerts=0
[+21:04:30.339] VoxelChunk: GenerateAsync (3,3,1)
[+21:04:30.340] VoxelMesh: Chunk X=3 Y=3 Z=1 FlatVerts=0 SlopeVerts=0
[+21:04:30.439] VoxelMesh: Chunk X=-3 Y=3 Z=3 FlatVerts=0 SlopeVerts=666
[+21:04:30.439] VoxelChunk: GenerateAsync (1,-3,2)
[+21:04:30.440] VoxelMesh: Chunk X=1 Y=-3 Z=2 FlatVerts=0 SlopeVerts=666
[+21:04:30.567] VoxelMesh: Chunk X=2 Y=3 Z=-3 FlatVerts=18 SlopeVerts=2742
[+21:04:30.569] VoxelChunk: GenerateAsync (-3,-2,2)
[+21:04:30.570] VoxelMesh: Chunk X=-3 Y=-2 Z=2 FlatVerts=18 SlopeVerts=2742
[+21:04:30.642] VoxelMesh: Chunk X=1 Y=-1 Z=-3 FlatVerts=18 SlopeVerts=1110
[+21:04:30.643] VoxelChunk: GenerateAsync (3,0,2)
[+21:04:30.644] VoxelMesh: Chunk X=3 Y=0 Z=2 FlatVerts=18 SlopeVerts=1110
[+21:04:30.741] VoxelMesh: Chunk X=0 Y=3 Z=-3 FlatVerts=0 SlopeVerts=12
[+21:04:30.742] VoxelChunk: GenerateAsync (-3,1,2)
[+21:04:30.742] VoxelMesh: Chunk X=-3 Y=1 Z=2 FlatVerts=0 SlopeVerts=12
[+21:04:30.841] VoxelMesh: Chunk X=0 Y=-3 Z=-3 FlatVerts=6 SlopeVerts=1368
[+21:04:30.842] VoxelChunk: GenerateAsync (-3,3,2)
[+21:04:30.843] VoxelMesh: Chunk X=-3 Y=3 Z=2 FlatVerts=6 SlopeVerts=1368
[+21:04:30.943] VoxelMesh: Chunk X=-2 Y=3 Z=-3 FlatVerts=1056 SlopeVerts=3390
[+21:04:30.946] VoxelChunk: GenerateAsync (-2,3,2)
[+21:04:30.948] VoxelMesh: Chunk X=-2 Y=3 Z=2 FlatVerts=1056 SlopeVerts=3390
[+21:04:31.048] VoxelMesh: Chunk X=-1 Y=-1 Z=-3 FlatVerts=1398 SlopeVerts=1296
[+21:04:31.050] VoxelChunk: GenerateAsync (0,3,2)
[+21:04:31.052] VoxelMesh: Chunk X=0 Y=3 Z=2 FlatVerts=1398 SlopeVerts=1296
[+21:04:31.148] VoxelMesh: Chunk X=3 Y=2 Z=-3 FlatVerts=1302 SlopeVerts=2742
[+21:04:31.151] VoxelChunk: GenerateAsync (1,3,2)
[+21:04:31.152] VoxelMesh: Chunk X=1 Y=3 Z=2 FlatVerts=1302 SlopeVerts=2742
[+21:04:31.250] VoxelMesh: Chunk X=2 Y=2 Z=-3 FlatVerts=6 SlopeVerts=2718
[+21:04:31.252] VoxelChunk: GenerateAsync (-1,-2,3)
[+21:04:31.254] VoxelMesh: Chunk X=-1 Y=-2 Z=3 FlatVerts=6 SlopeVerts=2718
[+21:04:31.359] VoxelMesh: Chunk X=1 Y=2 Z=-3 FlatVerts=12 SlopeVerts=3810
[+21:04:31.361] VoxelChunk: GenerateAsync (1,-2,3)
[+21:04:31.363] VoxelMesh: Chunk X=1 Y=-2 Z=3 FlatVerts=12 SlopeVerts=3810
[+21:04:31.461] VoxelMesh: Chunk X=0 Y=2 Z=-3 FlatVerts=0 SlopeVerts=5352
[+21:04:31.464] VoxelChunk: GenerateAsync (-2,0,3)
[+21:04:31.465] VoxelMesh: Chunk X=-2 Y=0 Z=3 FlatVerts=0 SlopeVerts=5352
[+21:04:31.566] VoxelMesh: Chunk X=-1 Y=2 Z=-3 FlatVerts=0 SlopeVerts=294
[+21:04:31.566] VoxelChunk: GenerateAsync (-1,1,3)
[+21:04:31.568] VoxelMesh: Chunk X=-1 Y=1 Z=3 FlatVerts=0 SlopeVerts=294
[+21:04:31.666] VoxelMesh: Chunk X=-2 Y=2 Z=-3 FlatVerts=126 SlopeVerts=1146
[+21:04:31.667] VoxelChunk: GenerateAsync (3,1,1)
[+21:04:31.668] VoxelMesh: Chunk X=3 Y=1 Z=1 FlatVerts=126 SlopeVerts=1146
[+21:04:31.766] VoxelMesh: Chunk X=-3 Y=2 Z=-3 FlatVerts=0 SlopeVerts=0
[+21:04:31.766] VoxelChunk: GenerateAsync (-3,2,1)
[+21:04:31.768] VoxelMesh: Chunk X=-3 Y=2 Z=1 FlatVerts=0 SlopeVerts=0
[+21:04:31.866] VoxelMesh: Chunk X=2 Y=-2 Z=-3 FlatVerts=0 SlopeVerts=0
[+21:04:31.866] VoxelChunk: GenerateAsync (-3,3,1)
[+21:04:31.867] VoxelMesh: Chunk X=-3 Y=3 Z=1 FlatVerts=0 SlopeVerts=0
[+21:04:31.965] VoxelMesh: Chunk X=-3 Y=-3 Z=-3 FlatVerts=90 SlopeVerts=372
[+21:04:31.966] VoxelChunk: GenerateAsync (-2,3,1)
[+21:04:31.967] VoxelMesh: Chunk X=-2 Y=3 Z=1 FlatVerts=90 SlopeVerts=372
[+21:04:32.066] VoxelMesh: Chunk X=-2 Y=1 Z=3 FlatVerts=252 SlopeVerts=636
[+21:04:32.067] VoxelChunk: GenerateAsync (1,3,1)
[+21:04:32.067] VoxelMesh: Chunk X=1 Y=3 Z=1 FlatVerts=252 SlopeVerts=636
[+21:04:32.166] VoxelMesh: Chunk X=3 Y=0 Z=3 FlatVerts=0 SlopeVerts=0
[+21:04:32.166] VoxelChunk: GenerateAsync (2,3,1)
[+21:04:32.166] VoxelMesh: Chunk X=2 Y=3 Z=1 FlatVerts=0 SlopeVerts=0
[+21:04:32.266] VoxelMesh: Chunk X=2 Y=0 Z=3 FlatVerts=120 SlopeVerts=4998
[+21:04:32.269] VoxelChunk: GenerateAsync (-3,-3,2)
[+21:04:32.270] VoxelMesh: Chunk X=-3 Y=-3 Z=2 FlatVerts=120 SlopeVerts=4998
[+21:04:32.370] VoxelMesh: Chunk X=-1 Y=-2 Z=-3 FlatVerts=0 SlopeVerts=2592
[+21:04:32.371] VoxelChunk: GenerateAsync (-2,-3,2)
[+21:04:32.373] VoxelMesh: Chunk X=-2 Y=-3 Z=2 FlatVerts=0 SlopeVerts=2592
[+21:04:32.469] VoxelMesh: Chunk X=2 Y=-1 Z=3 FlatVerts=0 SlopeVerts=30
[+21:04:32.470] VoxelChunk: GenerateAsync (2,-3,2)
[+21:04:32.471] VoxelMesh: Chunk X=2 Y=-3 Z=2 FlatVerts=0 SlopeVerts=30
[+21:04:32.569] VoxelMesh: Chunk X=0 Y=-1 Z=3 FlatVerts=0 SlopeVerts=2658
[+21:04:32.572] VoxelChunk: GenerateAsync (3,-3,2)
[+21:04:32.573] VoxelMesh: Chunk X=3 Y=-3 Z=2 FlatVerts=0 SlopeVerts=2658
[+21:04:32.670] VoxelMesh: Chunk X=-1 Y=-1 Z=3 FlatVerts=102 SlopeVerts=1170
[+21:04:32.671] VoxelChunk: GenerateAsync (3,-2,2)
[+21:04:32.673] VoxelMesh: Chunk X=3 Y=-2 Z=2 FlatVerts=102 SlopeVerts=1170
[+21:04:32.770] VoxelMesh: Chunk X=2 Y=-2 Z=3 FlatVerts=0 SlopeVerts=0
[+21:04:32.770] VoxelChunk: GenerateAsync (-3,-1,2)
[+21:04:32.772] VoxelMesh: Chunk X=-3 Y=-1 Z=2 FlatVerts=0 SlopeVerts=0
[+21:04:32.870] VoxelMesh: Chunk X=3 Y=-3 Z=3 FlatVerts=0 SlopeVerts=0
[+21:04:32.870] VoxelChunk: GenerateAsync (-3,-2,-3)
[+21:04:32.872] VoxelMesh: Chunk X=-3 Y=-2 Z=-3 FlatVerts=0 SlopeVerts=0
[+21:04:32.971] VoxelMesh: Chunk X=3 Y=-3 Z=-3 FlatVerts=0 SlopeVerts=0
[+21:04:32.971] VoxelChunk: GenerateAsync (1,-2,-3)
[+21:04:32.973] VoxelMesh: Chunk X=1 Y=-2 Z=-3 FlatVerts=0 SlopeVerts=0
[+21:04:33.071] VoxelMesh: Chunk X=-2 Y=0 Z=-3 FlatVerts=0 SlopeVerts=0
[+21:04:33.071] VoxelChunk: GenerateAsync (0,-1,-3)
[+21:04:33.073] VoxelMesh: Chunk X=0 Y=-1 Z=-3 FlatVerts=0 SlopeVerts=0
[+21:04:33.171] VoxelMesh: Chunk X=-3 Y=0 Z=-3 FlatVerts=0 SlopeVerts=0
[+21:04:33.171] VoxelChunk: GenerateAsync (2,-1,-3)
[+21:04:33.173] VoxelMesh: Chunk X=2 Y=-1 Z=-3 FlatVerts=0 SlopeVerts=0
[+21:04:33.271] VoxelMesh: Chunk X=2 Y=-3 Z=-3 FlatVerts=0 SlopeVerts=0
[+21:04:33.271] VoxelChunk: GenerateAsync (0,0,-3)
[+21:04:33.273] VoxelMesh: Chunk X=0 Y=0 Z=-3 FlatVerts=0 SlopeVerts=0
[+21:04:33.371] VoxelMesh: Chunk X=3 Y=2 Z=3 FlatVerts=0 SlopeVerts=0
[+21:04:33.371] VoxelChunk: GenerateAsync (0,1,-3)
[+21:04:33.373] VoxelMesh: Chunk X=0 Y=1 Z=-3 FlatVerts=0 SlopeVerts=0
[+21:04:33.472] VoxelMesh: Chunk X=2 Y=2 Z=3 FlatVerts=0 SlopeVerts=0
[+21:04:33.472] VoxelChunk: GenerateAsync (1,1,-3)
[+21:04:33.473] VoxelMesh: Chunk X=1 Y=1 Z=-3 FlatVerts=0 SlopeVerts=0
[+21:04:33.571] VoxelMesh: Chunk X=-1 Y=2 Z=3 FlatVerts=0 SlopeVerts=0
[+21:04:33.571] VoxelChunk: GenerateAsync (2,1,-3)
[+21:04:33.573] VoxelMesh: Chunk X=2 Y=1 Z=-3 FlatVerts=0 SlopeVerts=0
[+21:04:33.671] VoxelMesh: Chunk X=-2 Y=2 Z=3 FlatVerts=0 SlopeVerts=0
[+21:04:33.671] VoxelChunk: GenerateAsync (3,1,-3)
[+21:04:33.672] VoxelMesh: Chunk X=3 Y=1 Z=-3 FlatVerts=0 SlopeVerts=0
[+21:04:33.771] VoxelMesh: Chunk X=-2 Y=-1 Z=-3 FlatVerts=0 SlopeVerts=0
[+21:04:33.771] VoxelChunk: GenerateAsync (-3,3,-3)
[+21:04:33.773] VoxelMesh: Chunk X=-3 Y=3 Z=-3 FlatVerts=0 SlopeVerts=0
[+21:04:33.870] VoxelMesh: Chunk X=-3 Y=-1 Z=-3 FlatVerts=30 SlopeVerts=2148
[+21:04:33.872] VoxelChunk: GenerateAsync (2,3,2)
[+21:04:33.872] VoxelMesh: Chunk X=2 Y=3 Z=2 FlatVerts=30 SlopeVerts=2148
[+21:04:33.970] VoxelMesh: Chunk X=3 Y=-2 Z=-3 FlatVerts=246 SlopeVerts=4416
[+21:04:33.973] VoxelChunk: GenerateAsync (3,3,2)
[+21:04:33.974] VoxelMesh: Chunk X=3 Y=3 Z=2 FlatVerts=246 SlopeVerts=4416
[+21:04:34.075] VoxelMesh: Chunk X=-2 Y=-3 Z=-3 FlatVerts=0 SlopeVerts=0
[+21:04:34.075] VoxelChunk: GenerateAsync (3,3,-3)
[+21:04:34.076] VoxelMesh: Chunk X=3 Y=3 Z=-3 FlatVerts=0 SlopeVerts=0
[+21:04:34.176] VoxelMesh: Chunk X=-3 Y=1 Z=3 FlatVerts=0 SlopeVerts=0
[+21:04:34.176] VoxelChunk: GenerateAsync (-3,-3,-2)
[+21:04:34.177] VoxelMesh: Chunk X=-3 Y=-3 Z=-2 FlatVerts=0 SlopeVerts=0
[+21:04:34.276] VoxelMesh: Chunk X=1 Y=0 Z=3 FlatVerts=0 SlopeVerts=0
[+21:04:34.276] VoxelChunk: GenerateAsync (-2,-3,-2)
[+21:04:34.277] VoxelMesh: Chunk X=-2 Y=-3 Z=-2 FlatVerts=0 SlopeVerts=0
[+21:04:34.375] VoxelMesh: Chunk X=1 Y=-1 Z=3 FlatVerts=0 SlopeVerts=0
[+21:04:34.375] VoxelChunk: GenerateAsync (3,-2,-2)
[+21:04:34.377] VoxelMesh: Chunk X=3 Y=-2 Z=-2 FlatVerts=0 SlopeVerts=0
[+21:04:34.475] VoxelMesh: Chunk X=-2 Y=-1 Z=3 FlatVerts=0 SlopeVerts=0
[+21:04:34.475] VoxelChunk: GenerateAsync (3,-1,-2)
[+21:04:34.476] VoxelMesh: Chunk X=3 Y=-1 Z=-2 FlatVerts=0 SlopeVerts=0
[+21:04:34.576] VoxelMesh: Chunk X=2 Y=-3 Z=3 FlatVerts=0 SlopeVerts=0
[+21:04:34.577] VoxelChunk: GenerateAsync (-3,0,-2)
[+21:04:34.578] VoxelMesh: Chunk X=-3 Y=0 Z=-2 FlatVerts=0 SlopeVerts=0
[+21:04:34.677] VoxelMesh: Chunk X=1 Y=-3 Z=3 FlatVerts=0 SlopeVerts=0
[+21:04:34.677] VoxelChunk: GenerateAsync (3,1,-2)
[+21:04:34.679] VoxelMesh: Chunk X=3 Y=1 Z=-2 FlatVerts=0 SlopeVerts=0
[+21:04:34.777] VoxelMesh: Chunk X=-2 Y=3 Z=3 FlatVerts=0 SlopeVerts=0
[+21:04:34.777] VoxelChunk: GenerateAsync (-3,2,-2)
[+21:04:34.779] VoxelMesh: Chunk X=-3 Y=2 Z=-2 FlatVerts=0 SlopeVerts=0
[+21:04:34.876] VoxelMesh: Chunk X=1 Y=2 Z=3 FlatVerts=0 SlopeVerts=0
[+21:04:34.877] VoxelChunk: GenerateAsync (3,2,-2)
[+21:04:34.879] VoxelMesh: Chunk X=3 Y=2 Z=-2 FlatVerts=0 SlopeVerts=0
[+21:04:34.977] VoxelMesh: Chunk X=-3 Y=2 Z=3 FlatVerts=0 SlopeVerts=0
[+21:04:34.978] VoxelChunk: GenerateAsync (-3,3,-2)
[+21:04:34.979] VoxelMesh: Chunk X=-3 Y=3 Z=-2 FlatVerts=0 SlopeVerts=0
[+21:04:35.077] VoxelMesh: Chunk X=-1 Y=-3 Z=-3 FlatVerts=0 SlopeVerts=0
[+21:04:35.077] VoxelChunk: GenerateAsync (-2,3,-2)
[+21:04:35.079] VoxelMesh: Chunk X=-2 Y=3 Z=-2 FlatVerts=0 SlopeVerts=0
[+21:04:35.176] VoxelMesh: Chunk X=1 Y=1 Z=3 FlatVerts=0 SlopeVerts=0
[+21:04:35.177] VoxelChunk: GenerateAsync (-1,3,-2)
[+21:04:35.178] VoxelMesh: Chunk X=-1 Y=3 Z=-2 FlatVerts=0 SlopeVerts=0
[+21:04:35.277] VoxelMesh: Chunk X=0 Y=0 Z=3 FlatVerts=0 SlopeVerts=0
[+21:04:35.278] VoxelChunk: GenerateAsync (0,3,-2)
[+21:04:35.279] VoxelMesh: Chunk X=0 Y=3 Z=-2 FlatVerts=0 SlopeVerts=0
[+21:04:35.377] VoxelMesh: Chunk X=-3 Y=-1 Z=3 FlatVerts=0 SlopeVerts=0
[+21:04:35.377] VoxelChunk: GenerateAsync (1,3,-2)
[+21:04:35.378] VoxelMesh: Chunk X=1 Y=3 Z=-2 FlatVerts=0 SlopeVerts=0
[+21:04:35.477] VoxelMesh: Chunk X=0 Y=-3 Z=3 FlatVerts=0 SlopeVerts=0
[+21:04:35.477] VoxelChunk: GenerateAsync (2,3,-2)
[+21:04:35.478] VoxelMesh: Chunk X=2 Y=3 Z=-2 FlatVerts=0 SlopeVerts=0
[+21:04:35.577] VoxelMesh: Chunk X=0 Y=2 Z=3 FlatVerts=0 SlopeVerts=0
[+21:04:35.577] VoxelChunk: GenerateAsync (3,3,-2)
[+21:04:35.578] VoxelMesh: Chunk X=3 Y=3 Z=-2 FlatVerts=0 SlopeVerts=0
[+21:04:35.678] VoxelMesh: Chunk X=3 Y=1 Z=3 FlatVerts=0 SlopeVerts=0
[+21:04:35.678] VoxelChunk: GenerateAsync (-3,-3,-1)
[+21:04:35.679] VoxelMesh: Chunk X=-3 Y=-3 Z=-1 FlatVerts=0 SlopeVerts=0
[+21:04:35.778] VoxelMesh: Chunk X=-1 Y=0 Z=3 FlatVerts=0 SlopeVerts=0
[+21:04:35.778] VoxelChunk: GenerateAsync (-2,-3,-1)
[+21:04:35.779] VoxelMesh: Chunk X=-2 Y=-3 Z=-1 FlatVerts=0 SlopeVerts=0
[+21:04:35.877] VoxelMesh: Chunk X=-1 Y=-3 Z=3 FlatVerts=0 SlopeVerts=0
[+21:04:35.877] VoxelChunk: GenerateAsync (-1,-3,-1)
[+21:04:35.878] VoxelMesh: Chunk X=-1 Y=-3 Z=-1 FlatVerts=0 SlopeVerts=0
[+21:04:35.977] VoxelMesh: Chunk X=2 Y=1 Z=3 FlatVerts=0 SlopeVerts=0
[+21:04:35.977] VoxelChunk: GenerateAsync (0,-3,-1)
[+21:04:35.979] VoxelMesh: Chunk X=0 Y=-3 Z=-1 FlatVerts=0 SlopeVerts=0
[+21:04:36.077] VoxelMesh: Chunk X=-2 Y=-3 Z=3 FlatVerts=0 SlopeVerts=0
[+21:04:36.077] VoxelChunk: GenerateAsync (1,-3,-1)
[+21:04:36.078] VoxelMesh: Chunk X=1 Y=-3 Z=-1 FlatVerts=0 SlopeVerts=0
[+21:04:36.177] VoxelMesh: Chunk X=1 Y=3 Z=3 FlatVerts=0 SlopeVerts=0
[+21:04:36.178] VoxelChunk: GenerateAsync (2,-3,-1)
[+21:04:36.179] VoxelMesh: Chunk X=2 Y=-3 Z=-1 FlatVerts=0 SlopeVerts=0
[+21:04:36.277] VoxelMesh: Chunk X=2 Y=3 Z=3 FlatVerts=0 SlopeVerts=0
[+21:04:36.277] VoxelChunk: GenerateAsync (3,-3,-1)
[+21:04:36.280] VoxelMesh: Chunk X=3 Y=-3 Z=-1 FlatVerts=0 SlopeVerts=0
[+21:04:36.377] VoxelMesh: Chunk X=3 Y=3 Z=3 FlatVerts=0 SlopeVerts=0
[+21:04:36.377] VoxelChunk: GenerateAsync (-3,-2,-1)
[+21:04:36.379] VoxelMesh: Chunk X=-3 Y=-2 Z=-1 FlatVerts=0 SlopeVerts=0
[+21:04:36.477] VoxelMesh: Chunk X=-3 Y=-3 Z=0 FlatVerts=0 SlopeVerts=0
[+21:04:36.477] VoxelChunk: GenerateAsync (3,-2,-1)
[+21:04:36.478] VoxelMesh: Chunk X=3 Y=-2 Z=-1 FlatVerts=0 SlopeVerts=0
[+21:04:36.578] VoxelMesh: Chunk X=3 Y=3 Z=-1 FlatVerts=0 SlopeVerts=0
[+21:04:36.578] VoxelChunk: GenerateAsync (-3,-1,-1)
[+21:04:36.579] VoxelMesh: Chunk X=-3 Y=-1 Z=-1 FlatVerts=0 SlopeVerts=0
[+21:04:36.677] VoxelMesh: Chunk X=-3 Y=-2 Z=0 FlatVerts=0 SlopeVerts=0
[+21:04:36.678] VoxelChunk: GenerateAsync (3,-1,-1)
[+21:04:36.678] VoxelMesh: Chunk X=3 Y=-1 Z=-1 FlatVerts=0 SlopeVerts=0
[+21:04:36.778] VoxelMesh: Chunk X=0 Y=-2 Z=-2 FlatVerts=0 SlopeVerts=0
[+21:04:36.778] VoxelChunk: GenerateAsync (-3,0,-1)
[+21:04:36.779] VoxelMesh: Chunk X=-3 Y=0 Z=-1 FlatVerts=0 SlopeVerts=0
[+21:04:36.876] VoxelMesh: Chunk X=1 Y=-2 Z=-2 FlatVerts=0 SlopeVerts=0
[+21:04:36.877] VoxelChunk: GenerateAsync (3,0,-1)
[+21:04:36.877] VoxelMesh: Chunk X=3 Y=0 Z=-1 FlatVerts=0 SlopeVerts=0
[+21:04:36.977] VoxelMesh: Chunk X=2 Y=-2 Z=-2 FlatVerts=0 SlopeVerts=0
[+21:04:36.977] VoxelChunk: GenerateAsync (0,1,3)
[+21:04:36.978] VoxelMesh: Chunk X=0 Y=1 Z=3 FlatVerts=0 SlopeVerts=0
[+21:04:37.077] VoxelMesh: Chunk X=1 Y=-1 Z=-2 FlatVerts=84 SlopeVerts=120
[+21:04:37.077] VoxelChunk: GenerateAsync (3,-1,2)
[+21:04:37.079] VoxelMesh: Chunk X=3 Y=-1 Z=2 FlatVerts=84 SlopeVerts=120
[+21:04:37.178] VoxelMesh: Chunk X=-2 Y=0 Z=-2 FlatVerts=0 SlopeVerts=0
[+21:04:37.178] VoxelChunk: GenerateAsync (-3,2,-1)
[+21:04:37.179] VoxelMesh: Chunk X=-3 Y=2 Z=-1 FlatVerts=0 SlopeVerts=0
[+21:04:37.296] VoxelMesh: Chunk X=1 Y=0 Z=-2 FlatVerts=0 SlopeVerts=0
[+21:04:37.296] VoxelChunk: GenerateAsync (3,2,-1)
[+21:04:37.298] VoxelMesh: Chunk X=3 Y=2 Z=-1 FlatVerts=0 SlopeVerts=0
[+21:04:37.396] VoxelMesh: Chunk X=2 Y=0 Z=-2 FlatVerts=0 SlopeVerts=0
[+21:04:37.397] VoxelChunk: GenerateAsync (-3,3,-1)
[+21:04:37.398] VoxelMesh: Chunk X=-3 Y=3 Z=-1 FlatVerts=0 SlopeVerts=0
[+21:04:37.505] VoxelMesh: Chunk X=-2 Y=1 Z=-2 FlatVerts=0 SlopeVerts=0
[+21:04:37.506] VoxelChunk: GenerateAsync (-2,3,-1)
[+21:04:37.507] VoxelMesh: Chunk X=-2 Y=3 Z=-1 FlatVerts=0 SlopeVerts=0
[+21:04:37.608] VoxelMesh: Chunk X=0 Y=1 Z=-2 FlatVerts=0 SlopeVerts=0
[+21:04:37.608] VoxelChunk: GenerateAsync (-1,3,-1)
[+21:04:37.610] VoxelMesh: Chunk X=-1 Y=3 Z=-1 FlatVerts=0 SlopeVerts=0
[+21:04:37.708] VoxelMesh: Chunk X=1 Y=1 Z=-2 FlatVerts=0 SlopeVerts=0
[+21:04:37.708] VoxelChunk: GenerateAsync (0,3,-1)
[+21:04:37.709] VoxelMesh: Chunk X=0 Y=3 Z=-1 FlatVerts=0 SlopeVerts=0
[+21:04:37.811] VoxelMesh: Chunk X=2 Y=1 Z=-2 FlatVerts=0 SlopeVerts=0
[+21:04:37.812] VoxelChunk: GenerateAsync (1,3,-1)
[+21:04:37.814] VoxelMesh: Chunk X=1 Y=3 Z=-1 FlatVerts=0 SlopeVerts=0
[+21:04:37.930] VoxelMesh: Chunk X=1 Y=2 Z=-2 FlatVerts=0 SlopeVerts=0
[+21:04:37.930] VoxelChunk: GenerateAsync (2,3,-1)
[+21:04:37.931] VoxelMesh: Chunk X=2 Y=3 Z=-1 FlatVerts=0 SlopeVerts=0
[+21:04:38.031] VoxelMesh: Chunk X=2 Y=2 Z=-2 FlatVerts=0 SlopeVerts=0
[+21:04:38.031] VoxelChunk: GenerateAsync (-2,-3,0)
[+21:04:38.032] VoxelMesh: Chunk X=-2 Y=-3 Z=0 FlatVerts=0 SlopeVerts=0
[+21:04:38.129] VoxelMesh: Chunk X=-2 Y=-2 Z=-1 FlatVerts=0 SlopeVerts=30
[+21:04:38.129] VoxelChunk: GenerateAsync (-1,-3,0)
[+21:04:38.130] VoxelMesh: Chunk X=-1 Y=-3 Z=0 FlatVerts=0 SlopeVerts=30
[+21:04:38.228] VoxelMesh: Chunk X=-2 Y=-1 Z=-1 FlatVerts=0 SlopeVerts=0
[+21:04:38.228] VoxelChunk: GenerateAsync (0,-3,0)
[+21:04:38.230] VoxelMesh: Chunk X=0 Y=-3 Z=0 FlatVerts=0 SlopeVerts=0
[+21:04:38.328] VoxelMesh: Chunk X=2 Y=-1 Z=-1 FlatVerts=0 SlopeVerts=0
[+21:04:38.329] VoxelChunk: GenerateAsync (1,-3,0)
[+21:04:38.330] VoxelMesh: Chunk X=1 Y=-3 Z=0 FlatVerts=0 SlopeVerts=0
[+21:04:38.429] VoxelMesh: Chunk X=-2 Y=-2 Z=-2 FlatVerts=0 SlopeVerts=0
[+21:04:38.429] VoxelChunk: GenerateAsync (2,-3,0)
[+21:04:38.430] VoxelMesh: Chunk X=2 Y=-3 Z=0 FlatVerts=0 SlopeVerts=0
[+21:04:38.528] VoxelMesh: Chunk X=-2 Y=2 Z=-1 FlatVerts=0 SlopeVerts=0
[+21:04:38.529] VoxelChunk: GenerateAsync (3,-3,0)
[+21:04:38.530] VoxelMesh: Chunk X=3 Y=-3 Z=0 FlatVerts=0 SlopeVerts=0
[+21:04:38.628] VoxelMesh: Chunk X=-1 Y=2 Z=-1 FlatVerts=0 SlopeVerts=102
[+21:04:38.628] VoxelChunk: GenerateAsync (3,-2,0)
[+21:04:38.629] VoxelMesh: Chunk X=3 Y=-2 Z=0 FlatVerts=0 SlopeVerts=102
[+21:04:38.750] VoxelMesh: Chunk X=0 Y=2 Z=-1 FlatVerts=0 SlopeVerts=0
[+21:04:38.751] VoxelChunk: GenerateAsync (-3,-1,0)
[+21:04:38.752] VoxelMesh: Chunk X=-3 Y=-1 Z=0 FlatVerts=0 SlopeVerts=0
[+21:04:38.847] VoxelMesh: Chunk X=1 Y=2 Z=-1 FlatVerts=312 SlopeVerts=462
[+21:04:38.848] VoxelChunk: GenerateAsync (3,-1,0)
[+21:04:38.849] VoxelMesh: Chunk X=3 Y=-1 Z=0 FlatVerts=312 SlopeVerts=462
[+21:04:38.950] VoxelMesh: Chunk X=-1 Y=-2 Z=0 FlatVerts=0 SlopeVerts=0
[+21:04:38.950] VoxelChunk: GenerateAsync (-3,0,0)
[+21:04:38.952] VoxelMesh: Chunk X=-3 Y=0 Z=0 FlatVerts=0 SlopeVerts=0
[+21:04:39.049] VoxelMesh: Chunk X=0 Y=-2 Z=0 FlatVerts=432 SlopeVerts=438
[+21:04:39.050] VoxelChunk: GenerateAsync (3,0,0)
[+21:04:39.051] VoxelMesh: Chunk X=3 Y=0 Z=0 FlatVerts=432 SlopeVerts=438
[+21:04:39.149] VoxelMesh: Chunk X=1 Y=-2 Z=0 FlatVerts=0 SlopeVerts=0
[+21:04:39.149] VoxelChunk: GenerateAsync (-3,1,0)
[+21:04:39.150] VoxelMesh: Chunk X=-3 Y=1 Z=0 FlatVerts=0 SlopeVerts=0
[+21:04:39.273] VoxelMesh: Chunk X=2 Y=-2 Z=0 FlatVerts=18 SlopeVerts=156
[+21:04:39.274] VoxelChunk: GenerateAsync (3,1,0)
[+21:04:39.275] VoxelMesh: Chunk X=3 Y=1 Z=0 FlatVerts=18 SlopeVerts=156
[+21:04:39.371] VoxelMesh: Chunk X=-2 Y=-1 Z=0 FlatVerts=0 SlopeVerts=0
[+21:04:39.371] VoxelChunk: GenerateAsync (-3,2,0)
[+21:04:39.372] VoxelMesh: Chunk X=-3 Y=2 Z=0 FlatVerts=0 SlopeVerts=0
[+21:04:39.606] VoxelWater: No owner or OceanPlaneMesh, skipping ocean.
[+21:04:39.606] VoxelWorld: GenerateWorldDeferred started.
[+21:04:39.606] VoxelWorld: Queued 441 chunks.
[+21:04:39.635] VoxelMesh: Chunk X=0 Y=0 Z=0 FlatVerts=5988 SlopeVerts=10350
[+21:04:39.637] VoxelChunk: GenerateAsync (0,0,0)
[+21:04:39.639] VoxelMesh: Chunk X=0 Y=0 Z=0 FlatVerts=144 SlopeVerts=132
[+21:04:39.643] VoxelMesh: Chunk X=0 Y=0 Z=0 FlatVerts=3600 SlopeVerts=13656
[+21:04:39.645] VoxelChunk: GenerateAsync (1,0,0)
[+21:04:39.645] VoxelMesh: Chunk X=1 Y=0 Z=0 FlatVerts=2484 SlopeVerts=174
[+21:04:39.649] VoxelMesh: Chunk X=0 Y=0 Z=0 FlatVerts=1476 SlopeVerts=876
[+21:04:39.650] VoxelChunk: GenerateAsync (0,-1,-1)
[+21:04:39.652] VoxelMesh: Chunk X=0 Y=-1 Z=-1 FlatVerts=0 SlopeVerts=0
[+21:04:39.655] VoxelMesh: Chunk X=0 Y=0 Z=0 FlatVerts=156 SlopeVerts=96
[+21:04:39.656] VoxelChunk: GenerateAsync (1,-1,-1)
[+21:04:39.657] VoxelMesh: Chunk X=1 Y=-1 Z=-1 FlatVerts=0 SlopeVerts=0
[+21:04:39.726] VoxelMesh: Chunk X=0 Y=0 Z=0 FlatVerts=4920 SlopeVerts=1614
[+21:04:39.728] VoxelChunk: GenerateAsync (-1,-1,-1)
[+21:04:39.740] VoxelMesh: Chunk X=-1 Y=-1 Z=-1 FlatVerts=0 SlopeVerts=0
[+21:04:39.741] VoxelMesh: Chunk X=0 Y=0 Z=0 FlatVerts=9000 SlopeVerts=2982
[+21:04:39.743] VoxelChunk: GenerateAsync (-1,0,0)
[+21:04:39.757] VoxelMesh: Chunk X=0 Y=0 Z=0 FlatVerts=8106 SlopeVerts=6354
[+21:04:39.758] VoxelMesh: Chunk X=-1 Y=0 Z=0 FlatVerts=0 SlopeVerts=0
[+21:04:39.760] VoxelChunk: GenerateAsync (1,1,0)
[+21:04:39.762] VoxelMesh: Chunk X=1 Y=1 Z=0 FlatVerts=2514 SlopeVerts=0
[+21:04:39.772] VoxelMesh: Chunk X=0 Y=0 Z=0 FlatVerts=900 SlopeVerts=11400
[+21:04:39.773] VoxelChunk: GenerateAsync (1,-1,0)
[+21:04:39.776] VoxelMesh: Chunk X=1 Y=-1 Z=0 FlatVerts=84 SlopeVerts=42
[+21:04:39.791] VoxelMesh: Chunk X=-2 Y=1 Z=0 FlatVerts=0 SlopeVerts=0
[+21:04:39.792] VoxelChunk: GenerateAsync (-1,3,-3)
[+21:04:39.799] VoxelMesh: Chunk X=-1 Y=3 Z=-3 FlatVerts=0 SlopeVerts=0
[+21:04:39.808] VoxelMesh: Chunk X=0 Y=0 Z=0 FlatVerts=0 SlopeVerts=0
[+21:04:39.809] VoxelChunk: GenerateAsync (-1,1,1)
[+21:04:39.816] VoxelMesh: Chunk X=-1 Y=1 Z=1 FlatVerts=24 SlopeVerts=3072
[+21:04:39.819] VoxelMesh: Chunk X=0 Y=0 Z=0 FlatVerts=9804 SlopeVerts=2352
[+21:04:39.823] VoxelChunk: GenerateAsync (0,1,0)
[+21:04:39.826] VoxelMesh: Chunk X=0 Y=1 Z=0 FlatVerts=1788 SlopeVerts=318
[+21:04:39.831] VoxelMesh: Chunk X=0 Y=0 Z=0 FlatVerts=9636 SlopeVerts=678
[+21:04:39.833] VoxelChunk: GenerateAsync (0,1,-1)
[+21:04:39.837] VoxelMesh: Chunk X=0 Y=1 Z=-1 FlatVerts=0 SlopeVerts=0
[+21:04:39.845] VoxelMesh: Chunk X=0 Y=0 Z=0 FlatVerts=6012 SlopeVerts=9102
[+21:04:39.847] VoxelChunk: GenerateAsync (-1,-1,0)
[+21:04:39.858] VoxelMesh: Chunk X=-1 Y=-1 Z=0 FlatVerts=0 SlopeVerts=0
[+21:04:39.882] VoxelMesh: Chunk X=0 Y=0 Z=0 FlatVerts=8916 SlopeVerts=882
[+21:04:39.884] VoxelChunk: GenerateAsync (-1,0,-1)
[+21:04:39.901] VoxelMesh: Chunk X=-1 Y=0 Z=-1 FlatVerts=0 SlopeVerts=0
[+21:04:39.901] VoxelMesh: Chunk X=0 Y=0 Z=0 FlatVerts=1608 SlopeVerts=20910
[+21:04:39.905] VoxelChunk: GenerateAsync (1,0,1)
[+21:04:39.911] VoxelMesh: Chunk X=1 Y=0 Z=1 FlatVerts=138 SlopeVerts=186
[+21:04:39.921] VoxelMesh: Chunk X=0 Y=0 Z=0 FlatVerts=648 SlopeVerts=25776
[+21:04:39.925] VoxelChunk: GenerateAsync (1,-1,1)
[+21:04:39.938] VoxelMesh: Chunk X=1 Y=-1 Z=1 FlatVerts=1296 SlopeVerts=2550
[+21:04:39.939] VoxelMesh: Chunk X=0 Y=0 Z=0 FlatVerts=10458 SlopeVerts=30
[+21:04:39.941] VoxelChunk: GenerateAsync (-1,1,0)
[+21:04:39.945] VoxelMesh: Chunk X=-1 Y=1 Z=0 FlatVerts=156 SlopeVerts=264
[+21:04:39.962] VoxelMesh: Chunk X=-2 Y=2 Z=0 FlatVerts=0 SlopeVerts=0
[+21:04:39.962] VoxelChunk: GenerateAsync (1,3,-3)
[+21:04:39.970] VoxelMesh: Chunk X=1 Y=3 Z=-3 FlatVerts=0 SlopeVerts=0
[+21:04:39.974] VoxelMesh: Chunk X=0 Y=0 Z=0 FlatVerts=2346 SlopeVerts=13482
[+21:04:39.976] VoxelChunk: GenerateAsync (0,-1,0)
[+21:04:39.983] VoxelMesh: Chunk X=0 Y=0 Z=0 FlatVerts=10458 SlopeVerts=30
[+21:04:39.985] VoxelMesh: Chunk X=0 Y=-1 Z=0 FlatVerts=0 SlopeVerts=0
[+21:04:39.987] VoxelChunk: GenerateAsync (-1,1,-1)
[+21:04:39.994] VoxelMesh: Chunk X=0 Y=0 Z=0 FlatVerts=5424 SlopeVerts=1548
[+21:04:39.994] VoxelMesh: Chunk X=-1 Y=1 Z=-1 FlatVerts=0 SlopeVerts=0
[+21:04:39.996] VoxelChunk: GenerateAsync (0,0,-1)
[+21:04:40.003] VoxelMesh: Chunk X=0 Y=0 Z=0 FlatVerts=7056 SlopeVerts=1260
[+21:04:40.006] VoxelMesh: Chunk X=0 Y=0 Z=-1 FlatVerts=0 SlopeVerts=0
[+21:04:40.006] VoxelChunk: GenerateAsync (1,1,-1)
[+21:04:40.010] VoxelMesh: Chunk X=1 Y=1 Z=-1 FlatVerts=0 SlopeVerts=0
[+21:04:40.029] VoxelMesh: Chunk X=0 Y=0 Z=0 FlatVerts=1836 SlopeVerts=1032
[+21:04:40.030] VoxelChunk: GenerateAsync (1,0,-1)
[+21:04:40.032] VoxelMesh: Chunk X=1 Y=0 Z=-1 FlatVerts=0 SlopeVerts=0
[+21:04:40.043] VoxelMesh: Chunk X=0 Y=0 Z=0 FlatVerts=990 SlopeVerts=5526
[+21:04:40.044] VoxelChunk: GenerateAsync (1,1,1)
[+21:04:40.046] VoxelMesh: Chunk X=1 Y=1 Z=1 FlatVerts=0 SlopeVerts=0
[+21:04:40.052] VoxelMesh: Chunk X=0 Y=0 Z=0 FlatVerts=144 SlopeVerts=1698
[+21:04:40.052] VoxelChunk: GenerateAsync (0,1,1)
[+21:04:40.055] VoxelMesh: Chunk X=0 Y=1 Z=1 FlatVerts=222 SlopeVerts=600
[+21:04:40.059] VoxelMesh: Chunk X=0 Y=0 Z=0 FlatVerts=456 SlopeVerts=10890
[+21:04:40.060] VoxelChunk: GenerateAsync (0,0,1)
[+21:04:40.061] VoxelMesh: Chunk X=0 Y=0 Z=1 FlatVerts=690 SlopeVerts=3588
[+21:04:40.074] VoxelMesh: Chunk X=-1 Y=2 Z=0 FlatVerts=0 SlopeVerts=0
[+21:04:40.074] VoxelChunk: GenerateAsync (-2,3,0)
[+21:04:40.075] VoxelMesh: Chunk X=-2 Y=3 Z=0 FlatVerts=0 SlopeVerts=0
[+21:04:40.082] VoxelMesh: Chunk X=0 Y=0 Z=0 FlatVerts=54 SlopeVerts=2202
[+21:04:40.082] VoxelChunk: GenerateAsync (-1,0,1)
[+21:04:40.084] VoxelMesh: Chunk X=-1 Y=0 Z=1 FlatVerts=0 SlopeVerts=84
[+21:04:40.089] VoxelMesh: Chunk X=0 Y=0 Z=0 FlatVerts=792 SlopeVerts=22026
[+21:04:40.090] VoxelChunk: GenerateAsync (0,-1,1)
[+21:04:40.091] VoxelMesh: Chunk X=0 Y=-1 Z=1 FlatVerts=36 SlopeVerts=2340
[+21:04:40.098] VoxelMesh: Chunk X=0 Y=0 Z=0 FlatVerts=1050 SlopeVerts=10668
[+21:04:40.099] VoxelChunk: GenerateAsync (-1,-1,1)
[+21:04:40.101] VoxelMesh: Chunk X=-1 Y=-1 Z=1 FlatVerts=0 SlopeVerts=0
[+21:04:40.107] VoxelMesh: Chunk X=0 Y=0 Z=0 FlatVerts=6 SlopeVerts=15186
[+21:04:40.109] VoxelChunk: GenerateAsync (0,-1,2)
[+21:04:40.110] VoxelMesh: Chunk X=0 Y=-1 Z=2 FlatVerts=396 SlopeVerts=3870
[+21:04:40.126] VoxelMesh: Chunk X=0 Y=0 Z=0 FlatVerts=6 SlopeVerts=3168
[+21:04:40.127] VoxelChunk: GenerateAsync (-1,-1,2)
[+21:04:40.128] VoxelMesh: Chunk X=-1 Y=-1 Z=2 FlatVerts=90 SlopeVerts=1260
[+21:04:40.133] VoxelMesh: Chunk X=0 Y=0 Z=0 FlatVerts=0 SlopeVerts=0
[+21:04:40.133] VoxelChunk: GenerateAsync (-2,1,2)
[+21:04:40.134] VoxelMesh: Chunk X=-2 Y=1 Z=2 FlatVerts=30 SlopeVerts=1836
[+21:04:40.139] VoxelMesh: Chunk X=0 Y=0 Z=0 FlatVerts=0 SlopeVerts=0
[+21:04:40.139] VoxelChunk: GenerateAsync (-2,-1,2)
[+21:04:40.142] VoxelMesh: Chunk X=-2 Y=-1 Z=2 FlatVerts=204 SlopeVerts=2970
[+21:04:40.146] VoxelMesh: Chunk X=0 Y=0 Z=0 FlatVerts=78 SlopeVerts=26808
[+21:04:40.148] VoxelChunk: GenerateAsync (2,-2,2)
[+21:04:40.149] VoxelMesh: Chunk X=2 Y=-2 Z=2 FlatVerts=0 SlopeVerts=3672
[+21:04:40.167] VoxelMesh: Chunk X=0 Y=0 Z=0 FlatVerts=270 SlopeVerts=19860
[+21:04:40.168] VoxelChunk: GenerateAsync (2,0,2)
[+21:04:40.171] VoxelMesh: Chunk X=2 Y=0 Z=2 FlatVerts=0 SlopeVerts=0
[+21:04:40.175] VoxelMesh: Chunk X=0 Y=0 Z=0 FlatVerts=252 SlopeVerts=2622
[+21:04:40.175] VoxelChunk: GenerateAsync (2,1,2)
[+21:04:40.178] VoxelMesh: Chunk X=2 Y=1 Z=2 FlatVerts=0 SlopeVerts=1722
[+21:04:40.183] VoxelMesh: Chunk X=0 Y=0 Z=0 FlatVerts=18 SlopeVerts=25014
[+21:04:40.185] VoxelChunk: GenerateAsync (1,-2,2)
[+21:04:40.187] VoxelMesh: Chunk X=1 Y=-2 Z=2 FlatVerts=168 SlopeVerts=3174
[+21:04:40.192] VoxelMesh: Chunk X=0 Y=0 Z=0 FlatVerts=36 SlopeVerts=26808
[+21:04:40.194] VoxelChunk: GenerateAsync (0,-2,2)
[+21:04:40.196] VoxelMesh: Chunk X=0 Y=-2 Z=2 FlatVerts=96 SlopeVerts=2754
[+21:04:40.202] VoxelMesh: Chunk X=2 Y=2 Z=0 FlatVerts=0 SlopeVerts=12
[+21:04:40.202] VoxelChunk: GenerateAsync (-1,3,0)
[+21:04:40.205] VoxelMesh: Chunk X=-1 Y=3 Z=0 FlatVerts=0 SlopeVerts=12
[+21:04:40.212] VoxelMesh: Chunk X=0 Y=0 Z=0 FlatVerts=0 SlopeVerts=0
[+21:04:40.213] VoxelChunk: GenerateAsync (-2,1,1)
[+21:04:40.214] VoxelMesh: Chunk X=-2 Y=1 Z=1 FlatVerts=0 SlopeVerts=0
[+21:04:40.217] VoxelMesh: Chunk X=0 Y=0 Z=0 FlatVerts=1734 SlopeVerts=24360
[+21:04:40.219] VoxelChunk: GenerateAsync (2,0,1)
[+21:04:40.220] VoxelMesh: Chunk X=2 Y=0 Z=1 FlatVerts=0 SlopeVerts=0
[+21:04:40.228] VoxelMesh: Chunk X=0 Y=0 Z=0 FlatVerts=0 SlopeVerts=10548
[+21:04:40.229] VoxelChunk: GenerateAsync (1,0,2)
[+21:04:40.231] VoxelMesh: Chunk X=1 Y=0 Z=2 FlatVerts=0 SlopeVerts=0
[+21:04:40.237] VoxelMesh: Chunk X=0 Y=0 Z=0 FlatVerts=48 SlopeVerts=16752
[+21:04:40.237] VoxelChunk: GenerateAsync (-1,-2,2)
[+21:04:40.240] VoxelMesh: Chunk X=-1 Y=-2 Z=2 FlatVerts=198 SlopeVerts=5094
[+21:04:40.246] VoxelMesh: Chunk X=0 Y=0 Z=0 FlatVerts=0 SlopeVerts=0
[+21:04:40.246] VoxelChunk: GenerateAsync (16,-21,-1)
[+21:04:40.248] VoxelMesh: Chunk X=16 Y=-21 Z=-1 FlatVerts=0 SlopeVerts=0
[+21:04:40.253] VoxelMesh: Chunk X=0 Y=0 Z=0 FlatVerts=6 SlopeVerts=20058
[+21:04:40.254] VoxelChunk: GenerateAsync (16,-21,3)
[+21:04:40.259] VoxelMesh: Chunk X=16 Y=-21 Z=3 FlatVerts=42 SlopeVerts=2928
[+21:04:40.261] VoxelMesh: Chunk X=0 Y=0 Z=0 FlatVerts=372 SlopeVerts=31398
[+21:04:40.265] VoxelChunk: GenerateAsync (16,-21,2)
[+21:04:40.267] VoxelMesh: Chunk X=16 Y=-21 Z=2 FlatVerts=384 SlopeVerts=3948
[+21:04:40.272] VoxelMesh: Chunk X=0 Y=0 Z=0 FlatVerts=0 SlopeVerts=0
[+21:04:40.272] VoxelChunk: GenerateAsync (16,-20,-1)
[+21:04:40.274] VoxelMesh: Chunk X=16 Y=-20 Z=-1 FlatVerts=0 SlopeVerts=0
[+21:04:40.278] VoxelMesh: Chunk X=0 Y=0 Z=0 FlatVerts=24 SlopeVerts=25026
[+21:04:40.280] VoxelChunk: GenerateAsync (16,-20,3)
[+21:04:40.283] VoxelMesh: Chunk X=16 Y=-20 Z=3 FlatVerts=36 SlopeVerts=4092
[+21:04:40.287] VoxelMesh: Chunk X=0 Y=0 Z=0 FlatVerts=312 SlopeVerts=24348
[+21:04:40.289] VoxelChunk: GenerateAsync (16,-20,2)
[+21:04:40.290] VoxelMesh: Chunk X=16 Y=-20 Z=2 FlatVerts=150 SlopeVerts=4758
[+21:04:40.296] VoxelMesh: Chunk X=0 Y=0 Z=0 FlatVerts=0 SlopeVerts=0
[+21:04:40.296] VoxelChunk: GenerateAsync (16,-19,-1)
[+21:04:40.298] VoxelMesh: Chunk X=16 Y=-19 Z=-1 FlatVerts=0 SlopeVerts=0
[+21:04:40.304] VoxelMesh: Chunk X=0 Y=0 Z=0 FlatVerts=198 SlopeVerts=20052
[+21:04:40.305] VoxelChunk: GenerateAsync (16,-19,3)
[+21:04:40.307] VoxelMesh: Chunk X=16 Y=-19 Z=3 FlatVerts=30 SlopeVerts=2364
[+21:04:40.310] VoxelMesh: Chunk X=0 Y=0 Z=0 FlatVerts=402 SlopeVerts=17064
[+21:04:40.313] VoxelChunk: GenerateAsync (16,-19,2)
[+21:04:40.314] VoxelMesh: Chunk X=16 Y=-19 Z=2 FlatVerts=0 SlopeVerts=558
[+21:04:40.318] VoxelMesh: Chunk X=0 Y=0 Z=0 FlatVerts=0 SlopeVerts=0
[+21:04:40.319] VoxelChunk: GenerateAsync (17,-21,-1)
[+21:04:40.322] VoxelMesh: Chunk X=17 Y=-21 Z=-1 FlatVerts=0 SlopeVerts=0
[+21:04:40.326] VoxelMesh: Chunk X=0 Y=0 Z=0 FlatVerts=6 SlopeVerts=8598
[+21:04:40.327] VoxelChunk: GenerateAsync (17,-21,3)
[+21:04:40.329] VoxelMesh: Chunk X=17 Y=-21 Z=3 FlatVerts=0 SlopeVerts=0
[+21:04:40.334] VoxelMesh: Chunk X=0 Y=0 Z=0 FlatVerts=366 SlopeVerts=22050
[+21:04:40.336] VoxelChunk: GenerateAsync (17,-21,2)
[+21:04:40.338] VoxelMesh: Chunk X=17 Y=-21 Z=2 FlatVerts=0 SlopeVerts=312
[+21:04:40.342] VoxelMesh: Chunk X=0 Y=0 Z=0 FlatVerts=0 SlopeVerts=0
[+21:04:40.342] VoxelChunk: GenerateAsync (17,-20,-1)
[+21:04:40.345] VoxelMesh: Chunk X=17 Y=-20 Z=-1 FlatVerts=0 SlopeVerts=0
[+21:04:40.350] VoxelMesh: Chunk X=0 Y=0 Z=0 FlatVerts=6 SlopeVerts=7632
[+21:04:40.351] VoxelChunk: GenerateAsync (17,-20,3)
[+21:04:40.352] VoxelMesh: Chunk X=17 Y=-20 Z=3 FlatVerts=96 SlopeVerts=2370
[+21:04:40.359] VoxelMesh: Chunk X=0 Y=0 Z=0 FlatVerts=1320 SlopeVerts=20346
[+21:04:40.360] VoxelChunk: GenerateAsync (17,-20,2)
[+21:04:40.362] VoxelMesh: Chunk X=17 Y=-20 Z=2 FlatVerts=12 SlopeVerts=3366
[+21:04:40.366] VoxelMesh: Chunk X=0 Y=0 Z=0 FlatVerts=0 SlopeVerts=0
[+21:04:40.366] VoxelChunk: GenerateAsync (17,-19,-1)
[+21:04:40.368] VoxelMesh: Chunk X=17 Y=-19 Z=-1 FlatVerts=0 SlopeVerts=0
[+21:04:40.373] VoxelMesh: Chunk X=0 Y=0 Z=0 FlatVerts=0 SlopeVerts=3612
[+21:04:40.373] VoxelChunk: GenerateAsync (17,-19,3)
[+21:04:40.376] VoxelMesh: Chunk X=17 Y=-19 Z=3 FlatVerts=6 SlopeVerts=4464
[+21:04:40.381] VoxelMesh: Chunk X=0 Y=0 Z=0 FlatVerts=1446 SlopeVerts=14346
[+21:04:40.382] VoxelChunk: GenerateAsync (17,-19,2)
[+21:04:40.385] VoxelMesh: Chunk X=17 Y=-19 Z=2 FlatVerts=0 SlopeVerts=2268
[+21:04:40.388] VoxelMesh: Chunk X=0 Y=0 Z=0 FlatVerts=0 SlopeVerts=0
[+21:04:40.388] VoxelChunk: GenerateAsync (18,-21,-1)
[+21:04:40.390] VoxelMesh: Chunk X=18 Y=-21 Z=-1 FlatVerts=0 SlopeVerts=0
[+21:04:40.394] VoxelMesh: Chunk X=0 Y=0 Z=0 FlatVerts=0 SlopeVerts=8034
[+21:04:40.395] VoxelChunk: GenerateAsync (18,-21,3)
[+21:04:40.397] VoxelMesh: Chunk X=18 Y=-21 Z=3 FlatVerts=0 SlopeVerts=0
[+21:04:40.400] VoxelMesh: Chunk X=0 Y=0 Z=0 FlatVerts=186 SlopeVerts=15486
[+21:04:40.403] VoxelChunk: GenerateAsync (18,-21,2)
[+21:04:40.406] VoxelMesh: Chunk X=18 Y=-21 Z=2 FlatVerts=0 SlopeVerts=2166
[+21:04:40.409] VoxelMesh: Chunk X=0 Y=0 Z=0 FlatVerts=0 SlopeVerts=0
[+21:04:40.409] VoxelChunk: GenerateAsync (18,-20,-1)
[+21:04:40.411] VoxelMesh: Chunk X=18 Y=-20 Z=-1 FlatVerts=0 SlopeVerts=0
[+21:04:40.414] VoxelMesh: Chunk X=0 Y=0 Z=0 FlatVerts=0 SlopeVerts=4158
[+21:04:40.415] VoxelChunk: GenerateAsync (18,-20,3)
[+21:04:40.417] VoxelMesh: Chunk X=18 Y=-20 Z=3 FlatVerts=0 SlopeVerts=0
[+21:04:40.422] VoxelMesh: Chunk X=0 Y=0 Z=0 FlatVerts=1044 SlopeVerts=11316
[+21:04:40.423] VoxelChunk: GenerateAsync (18,-20,2)
[+21:04:40.426] VoxelMesh: Chunk X=18 Y=-20 Z=2 FlatVerts=0 SlopeVerts=60
[+21:04:40.427] VoxelMesh: Chunk X=0 Y=0 Z=0 FlatVerts=0 SlopeVerts=0
[+21:04:40.428] VoxelChunk: GenerateAsync (18,-19,-1)
[+21:04:40.429] VoxelMesh: Chunk X=18 Y=-19 Z=-1 FlatVerts=0 SlopeVerts=0
[+21:04:40.434] VoxelMesh: Chunk X=0 Y=0 Z=0 FlatVerts=0 SlopeVerts=216
[+21:04:40.434] VoxelChunk: GenerateAsync (18,-19,3)
[+21:04:40.436] VoxelMesh: Chunk X=18 Y=-19 Z=3 FlatVerts=0 SlopeVerts=0
[+21:04:40.440] VoxelMesh: Chunk X=0 Y=0 Z=0 FlatVerts=1098 SlopeVerts=3288
[+21:04:40.440] VoxelChunk: GenerateAsync (18,-19,2)
[+21:04:40.442] VoxelMesh: Chunk X=18 Y=-19 Z=2 FlatVerts=0 SlopeVerts=1080
[+21:04:40.482] VoxelChunk: GenerateAsync (16,-21,3)
[+21:04:40.482] VoxelChunk: GenerateAsync (16,-20,3)
[+21:04:40.482] VoxelChunk: GenerateAsync (16,-19,3)
[+21:04:40.482] VoxelChunk: GenerateAsync (17,-21,3)
[+21:04:40.482] VoxelChunk: GenerateAsync (17,-20,3)
[+21:04:40.482] VoxelChunk: GenerateAsync (17,-19,3)
[+21:04:40.482] VoxelChunk: GenerateAsync (18,-21,3)
[+21:04:40.482] VoxelChunk: GenerateAsync (18,-20,3)
[+21:04:40.482] VoxelChunk: GenerateAsync (18,-19,3)
[+21:04:40.482] VoxelMesh: Chunk X=16 Y=-21 Z=3 FlatVerts=0 SlopeVerts=726
[+21:04:40.482] VoxelMesh: Chunk X=16 Y=-20 Z=3 FlatVerts=36 SlopeVerts=900
[+21:04:40.483] VoxelMesh: Chunk X=16 Y=-19 Z=3 FlatVerts=0 SlopeVerts=594
[+21:04:40.483] VoxelMesh: Chunk X=17 Y=-19 Z=3 FlatVerts=0 SlopeVerts=996
[+21:04:40.483] VoxelMesh: Chunk X=18 Y=-21 Z=3 FlatVerts=0 SlopeVerts=0
[+21:04:40.483] VoxelMesh: Chunk X=17 Y=-21 Z=3 FlatVerts=0 SlopeVerts=0
[+21:04:40.483] VoxelMesh: Chunk X=17 Y=-20 Z=3 FlatVerts=0 SlopeVerts=582
[+21:04:40.483] VoxelMesh: Chunk X=-1 Y=-2 Z=2 FlatVerts=0 SlopeVerts=2334
[+21:04:40.483] VoxelMesh: Chunk X=18 Y=-20 Z=3 FlatVerts=0 SlopeVerts=0
[+21:04:40.483] VoxelMesh: Chunk X=18 Y=-19 Z=3 FlatVerts=0 SlopeVerts=0
[+21:04:40.483] VoxelChunk: GenerateAsync (-2,-2,2)
[+21:04:40.484] VoxelMesh: Chunk X=1 Y=0 Z=2 FlatVerts=0 SlopeVerts=0
[+21:04:40.484] VoxelMesh: Chunk X=-2 Y=-2 Z=2 FlatVerts=0 SlopeVerts=2334
[+21:04:40.485] VoxelChunk: GenerateAsync (-2,0,1)
[+21:04:40.486] VoxelMesh: Chunk X=2 Y=0 Z=1 FlatVerts=108 SlopeVerts=1128
[+21:04:40.487] VoxelMesh: Chunk X=-2 Y=0 Z=1 FlatVerts=0 SlopeVerts=0
[+21:04:40.488] VoxelChunk: GenerateAsync (2,-1,1)
[+21:04:40.489] VoxelMesh: Chunk X=-2 Y=1 Z=1 FlatVerts=0 SlopeVerts=930
[+21:04:40.490] VoxelChunk: GenerateAsync (0,0,2)
[+21:04:40.490] VoxelMesh: Chunk X=2 Y=-1 Z=1 FlatVerts=108 SlopeVerts=1128
[+21:04:40.491] VoxelMesh: Chunk X=0 Y=0 Z=2 FlatVerts=0 SlopeVerts=930
[+21:04:40.500] VoxelMesh: Chunk X=-2 Y=-2 Z=1 FlatVerts=0 SlopeVerts=0
[+21:04:40.500] VoxelChunk: GenerateAsync (0,3,0)
[+21:04:40.500] VoxelMesh: Chunk X=0 Y=3 Z=0 FlatVerts=0 SlopeVerts=0
[+21:04:40.504] VoxelMesh: Chunk X=0 Y=-2 Z=2 FlatVerts=0 SlopeVerts=0
[+21:04:40.505] VoxelChunk: GenerateAsync (1,1,2)
[+21:04:40.506] VoxelMesh: Chunk X=1 Y=-2 Z=2 FlatVerts=0 SlopeVerts=114
[+21:04:40.506] VoxelMesh: Chunk X=1 Y=1 Z=2 FlatVerts=0 SlopeVerts=0
[+21:04:40.507] VoxelChunk: GenerateAsync (-1,2,2)
[+21:04:40.508] VoxelMesh: Chunk X=2 Y=1 Z=2 FlatVerts=0 SlopeVerts=0
[+21:04:40.508] VoxelChunk: GenerateAsync (-2,-1,1)
[+21:04:40.509] VoxelMesh: Chunk X=-1 Y=2 Z=2 FlatVerts=0 SlopeVerts=114
[+21:04:40.509] VoxelMesh: Chunk X=-2 Y=-1 Z=1 FlatVerts=0 SlopeVerts=0
[+21:04:40.509] VoxelMesh: Chunk X=2 Y=0 Z=2 FlatVerts=228 SlopeVerts=2958
[+21:04:40.510] VoxelChunk: GenerateAsync (2,-2,1)
[+21:04:40.511] VoxelMesh: Chunk X=2 Y=-2 Z=1 FlatVerts=228 SlopeVerts=2958
[+21:04:40.518] VoxelMesh: Chunk X=2 Y=-2 Z=2 FlatVerts=0 SlopeVerts=672
[+21:04:40.518] VoxelChunk: GenerateAsync (2,2,1)
[+21:04:40.519] VoxelMesh: Chunk X=-2 Y=-1 Z=2 FlatVerts=132 SlopeVerts=2694
[+21:04:40.520] VoxelChunk: GenerateAsync (1,2,1)
[+21:04:40.520] VoxelMesh: Chunk X=2 Y=2 Z=1 FlatVerts=0 SlopeVerts=672
[+21:04:40.521] VoxelMesh: Chunk X=-2 Y=1 Z=2 FlatVerts=36 SlopeVerts=2820
[+21:04:40.521] VoxelMesh: Chunk X=1 Y=2 Z=1 FlatVerts=132 SlopeVerts=2694
[+21:04:40.521] VoxelChunk: GenerateAsync (-1,0,2)
[+21:04:40.522] VoxelMesh: Chunk X=-1 Y=-1 Z=2 FlatVerts=1284 SlopeVerts=0
[+21:04:40.522] VoxelMesh: Chunk X=-1 Y=0 Z=2 FlatVerts=36 SlopeVerts=2820
[+21:04:40.523] VoxelChunk: GenerateAsync (0,2,1)
[+21:04:40.524] VoxelMesh: Chunk X=0 Y=2 Z=1 FlatVerts=1284 SlopeVerts=0
[+21:04:40.532] VoxelMesh: Chunk X=0 Y=-1 Z=2 FlatVerts=798 SlopeVerts=1308
[+21:04:40.532] VoxelChunk: GenerateAsync (-1,2,1)
[+21:04:40.533] VoxelMesh: Chunk X=-1 Y=-1 Z=1 FlatVerts=108 SlopeVerts=2652
[+21:04:40.533] VoxelChunk: GenerateAsync (-2,0,2)
[+21:04:40.534] VoxelMesh: Chunk X=-1 Y=2 Z=1 FlatVerts=798 SlopeVerts=1308
[+21:04:40.535] VoxelMesh: Chunk X=0 Y=-1 Z=1 FlatVerts=0 SlopeVerts=0
[+21:04:40.535] VoxelMesh: Chunk X=-2 Y=0 Z=2 FlatVerts=108 SlopeVerts=2652
[+21:04:40.535] VoxelChunk: GenerateAsync (0,1,2)
[+21:04:40.537] VoxelMesh: Chunk X=-1 Y=0 Z=1 FlatVerts=0 SlopeVerts=1560
[+21:04:40.538] VoxelChunk: GenerateAsync (2,2,2)
[+21:04:40.538] VoxelMesh: Chunk X=0 Y=1 Z=2 FlatVerts=0 SlopeVerts=0
[+21:04:40.539] VoxelMesh: Chunk X=2 Y=2 Z=2 FlatVerts=0 SlopeVerts=1560
[+21:04:40.545] VoxelMesh: Chunk X=0 Y=0 Z=1 FlatVerts=0 SlopeVerts=0
[+21:04:40.546] VoxelChunk: GenerateAsync (2,-1,2)
[+21:04:40.547] VoxelMesh: Chunk X=0 Y=1 Z=1 FlatVerts=24 SlopeVerts=306
[+21:04:40.547] VoxelChunk: GenerateAsync (1,-1,2)
[+21:04:40.549] VoxelMesh: Chunk X=2 Y=-1 Z=2 FlatVerts=0 SlopeVerts=0
[+21:04:40.549] VoxelMesh: Chunk X=1 Y=1 Z=1 FlatVerts=78 SlopeVerts=4026
[+21:04:40.550] VoxelMesh: Chunk X=1 Y=-1 Z=2 FlatVerts=24 SlopeVerts=306
[+21:04:40.550] VoxelChunk: GenerateAsync (-1,1,2)
[+21:04:40.551] VoxelMesh: Chunk X=1 Y=0 Z=-1 FlatVerts=0 SlopeVerts=2922
[+21:04:40.552] VoxelChunk: GenerateAsync (-2,2,2)
[+21:04:40.553] VoxelMesh: Chunk X=-1 Y=1 Z=2 FlatVerts=78 SlopeVerts=4026
[+21:04:40.554] VoxelMesh: Chunk X=-2 Y=2 Z=2 FlatVerts=0 SlopeVerts=2922
[+21:04:40.563] VoxelMesh: Chunk X=1 Y=1 Z=-1 FlatVerts=0 SlopeVerts=0
[+21:04:40.564] VoxelChunk: GenerateAsync (0,2,2)
[+21:04:40.565] VoxelMesh: Chunk X=0 Y=0 Z=-1 FlatVerts=0 SlopeVerts=1476
[+21:04:40.565] VoxelMesh: Chunk X=0 Y=2 Z=2 FlatVerts=0 SlopeVerts=0
[+21:04:40.565] VoxelChunk: GenerateAsync (1,2,2)
[+21:04:40.567] VoxelMesh: Chunk X=-1 Y=1 Z=-1 FlatVerts=0 SlopeVerts=1896
[+21:04:40.567] VoxelMesh: Chunk X=1 Y=2 Z=2 FlatVerts=0 SlopeVerts=1476
[+21:04:40.567] VoxelChunk: GenerateAsync (-2,2,1)
[+21:04:40.568] VoxelMesh: Chunk X=0 Y=-1 Z=0 FlatVerts=0 SlopeVerts=2430
[+21:04:40.568] VoxelMesh: Chunk X=-2 Y=2 Z=1 FlatVerts=0 SlopeVerts=1896
[+21:04:40.569] VoxelChunk: GenerateAsync (2,1,1)
[+21:04:40.570] VoxelMesh: Chunk X=2 Y=1 Z=1 FlatVerts=0 SlopeVerts=2430
[+21:04:40.578] VoxelMesh: Chunk X=-1 Y=1 Z=0 FlatVerts=0 SlopeVerts=0
[+21:04:40.578] VoxelChunk: GenerateAsync (-1,1,-2)
[+21:04:40.579] VoxelMesh: Chunk X=1 Y=-1 Z=1 FlatVerts=0 SlopeVerts=0
[+21:04:40.579] VoxelChunk: GenerateAsync (2,-2,-1)
[+21:04:40.581] VoxelMesh: Chunk X=-1 Y=1 Z=-2 FlatVerts=0 SlopeVerts=0
[+21:04:40.581] VoxelMesh: Chunk X=1 Y=0 Z=1 FlatVerts=1620 SlopeVerts=264
[+21:04:40.581] VoxelChunk: GenerateAsync (1,2,0)
[+21:04:40.581] VoxelMesh: Chunk X=2 Y=-2 Z=-1 FlatVerts=0 SlopeVerts=0
[+21:04:40.581] VoxelMesh: Chunk X=-1 Y=0 Z=-1 FlatVerts=1302 SlopeVerts=0
[+21:04:40.581] VoxelMesh: Chunk X=1 Y=2 Z=0 FlatVerts=1620 SlopeVerts=264
[+21:04:40.582] VoxelChunk: GenerateAsync (0,2,0)
[+21:04:40.582] VoxelMesh: Chunk X=0 Y=2 Z=0 FlatVerts=1302 SlopeVerts=0
[+21:04:40.588] VoxelMesh: Chunk X=-1 Y=-2 Z=1 FlatVerts=0 SlopeVerts=0
[+21:04:40.588] VoxelChunk: GenerateAsync (1,3,0)
[+21:04:40.589] VoxelMesh: Chunk X=1 Y=3 Z=0 FlatVerts=0 SlopeVerts=0
[+21:04:40.590] VoxelMesh: Chunk X=-1 Y=-1 Z=0 FlatVerts=1668 SlopeVerts=474
[+21:04:40.591] VoxelChunk: GenerateAsync (2,-1,0)
[+21:04:40.593] VoxelMesh: Chunk X=2 Y=-1 Z=0 FlatVerts=1668 SlopeVerts=474
[+21:04:40.593] VoxelMesh: Chunk X=0 Y=1 Z=-1 FlatVerts=0 SlopeVerts=0
[+21:04:40.593] VoxelChunk: GenerateAsync (-1,0,-2)
[+21:04:40.594] VoxelMesh: Chunk X=0 Y=1 Z=0 FlatVerts=0 SlopeVerts=0
[+21:04:40.594] VoxelChunk: GenerateAsync (0,-2,1)
[+21:04:40.595] VoxelMesh: Chunk X=-1 Y=0 Z=-2 FlatVerts=0 SlopeVerts=0
[+21:04:40.596] VoxelMesh: Chunk X=0 Y=-2 Z=1 FlatVerts=0 SlopeVerts=0
[+21:04:40.596] VoxelMesh: Chunk X=-1 Y=1 Z=1 FlatVerts=0 SlopeVerts=0
[+21:04:40.596] VoxelChunk: GenerateAsync (-1,-2,-1)
[+21:04:40.598] VoxelMesh: Chunk X=-1 Y=-2 Z=-1 FlatVerts=0 SlopeVerts=0
[+21:04:40.605] VoxelMesh: Chunk X=1 Y=-1 Z=0 FlatVerts=0 SlopeVerts=0
[+21:04:40.605] VoxelChunk: GenerateAsync (-2,1,-1)
[+21:04:40.607] VoxelMesh: Chunk X=1 Y=1 Z=0 FlatVerts=0 SlopeVerts=0
[+21:04:40.607] VoxelChunk: GenerateAsync (-1,2,-2)
[+21:04:40.607] VoxelMesh: Chunk X=-2 Y=1 Z=-1 FlatVerts=0 SlopeVerts=0
[+21:04:40.608] VoxelMesh: Chunk X=-1 Y=0 Z=0 FlatVerts=2574 SlopeVerts=12
[+21:04:40.609] VoxelMesh: Chunk X=-1 Y=2 Z=-2 FlatVerts=0 SlopeVerts=0
[+21:04:40.609] VoxelChunk: GenerateAsync (2,0,0)
[+21:04:40.610] VoxelMesh: Chunk X=2 Y=0 Z=0 FlatVerts=2574 SlopeVerts=12
[+21:04:40.610] VoxelMesh: Chunk X=-1 Y=-1 Z=-1 FlatVerts=0 SlopeVerts=0
[+21:04:40.610] VoxelChunk: GenerateAsync (-2,-1,-2)
[+21:04:40.612] VoxelMesh: Chunk X=-2 Y=-1 Z=-2 FlatVerts=0 SlopeVerts=0
[+21:04:40.619] VoxelMesh: Chunk X=1 Y=-1 Z=-1 FlatVerts=0 SlopeVerts=0
[+21:04:40.619] VoxelChunk: GenerateAsync (0,-2,-1)
[+21:04:40.620] VoxelMesh: Chunk X=0 Y=-1 Z=-1 FlatVerts=0 SlopeVerts=0
[+21:04:40.621] VoxelChunk: GenerateAsync (2,-1,-2)
[+21:04:40.621] VoxelMesh: Chunk X=0 Y=-2 Z=-1 FlatVerts=0 SlopeVerts=0
[+21:04:40.622] VoxelMesh: Chunk X=2 Y=-1 Z=-2 FlatVerts=0 SlopeVerts=0
[+21:04:40.622] VoxelMesh: Chunk X=1 Y=0 Z=0 FlatVerts=0 SlopeVerts=0
[+21:04:40.623] VoxelChunk: GenerateAsync (-2,2,-2)
[+21:04:40.625] VoxelMesh: Chunk X=0 Y=0 Z=0 FlatVerts=0 SlopeVerts=0
[+21:04:40.625] VoxelChunk: GenerateAsync (2,2,-1)
[+21:04:40.625] VoxelMesh: Chunk X=-2 Y=2 Z=-2 FlatVerts=0 SlopeVerts=0
[+21:04:40.627] VoxelMesh: Chunk X=2 Y=2 Z=-1 FlatVerts=0 SlopeVerts=0
[+21:04:40.637] VoxelMesh: Chunk X=0 Y=0 Z=0 FlatVerts=4950 SlopeVerts=10122
[+21:04:40.639] VoxelChunk: GenerateAsync (-2,-2,0)
[+21:04:40.641] VoxelMesh: Chunk X=-2 Y=-2 Z=0 FlatVerts=0 SlopeVerts=0
[+21:04:40.644] VoxelMesh: Chunk X=0 Y=0 Z=0 FlatVerts=10050 SlopeVerts=48
[+21:04:40.646] VoxelChunk: GenerateAsync (-2,0,0)
[+21:04:40.648] VoxelMesh: Chunk X=-2 Y=0 Z=0 FlatVerts=0 SlopeVerts=0
[+21:04:40.650] VoxelMesh: Chunk X=0 Y=0 Z=0 FlatVerts=5886 SlopeVerts=12186
[+21:04:40.651] VoxelChunk: GenerateAsync (2,1,0)
[+21:04:40.655] VoxelMesh: Chunk X=2 Y=1 Z=0 FlatVerts=1908 SlopeVerts=510
[+21:04:40.656] VoxelMesh: Chunk X=0 Y=0 Z=0 FlatVerts=0 SlopeVerts=0
[+21:04:40.656] VoxelChunk: GenerateAsync (0,2,-2)
[+21:04:40.658] VoxelMesh: Chunk X=0 Y=2 Z=-2 FlatVerts=0 SlopeVerts=0
[+21:04:40.668] VoxelMesh: Chunk X=0 Y=0 Z=0 FlatVerts=0 SlopeVerts=0
[+21:04:40.668] VoxelChunk: GenerateAsync (-1,-1,-2)
[+21:04:40.670] VoxelMesh: Chunk X=-1 Y=-1 Z=-2 FlatVerts=0 SlopeVerts=0
[+21:04:40.674] VoxelMesh: Chunk X=0 Y=0 Z=0 FlatVerts=3414 SlopeVerts=1902
[+21:04:40.675] VoxelChunk: GenerateAsync (2,1,-1)
[+21:04:40.676] VoxelMesh: Chunk X=2 Y=1 Z=-1 FlatVerts=0 SlopeVerts=0
[+21:04:40.681] VoxelMesh: Chunk X=0 Y=0 Z=0 FlatVerts=0 SlopeVerts=0
[+21:04:40.681] VoxelChunk: GenerateAsync (1,-2,-1)
[+21:04:40.683] VoxelMesh: Chunk X=1 Y=-2 Z=-1 FlatVerts=0 SlopeVerts=0
[+21:04:40.686] VoxelMesh: Chunk X=0 Y=0 Z=0 FlatVerts=0 SlopeVerts=0
[+21:04:40.687] VoxelChunk: GenerateAsync (0,-1,-2)
[+21:04:40.688] VoxelMesh: Chunk X=0 Y=-1 Z=-2 FlatVerts=0 SlopeVerts=0
[+21:04:40.698] VoxelMesh: Chunk X=0 Y=0 Z=0 FlatVerts=10050 SlopeVerts=48
[+21:04:40.700] VoxelChunk: GenerateAsync (-2,0,-1)
[+21:04:40.702] VoxelMesh: Chunk X=-2 Y=0 Z=-1 FlatVerts=0 SlopeVerts=0
[+21:04:40.706] VoxelMesh: Chunk X=0 Y=0 Z=0 FlatVerts=0 SlopeVerts=0
[+21:04:40.707] VoxelChunk: GenerateAsync (-1,-2,-2)
[+21:04:40.709] VoxelMesh: Chunk X=-1 Y=-2 Z=-2 FlatVerts=0 SlopeVerts=0
[+21:04:40.711] VoxelMesh: Chunk X=0 Y=0 Z=0 FlatVerts=0 SlopeVerts=0
[+21:04:40.712] VoxelChunk: GenerateAsync (0,0,-2)
[+21:04:40.715] VoxelMesh: Chunk X=0 Y=0 Z=-2 FlatVerts=0 SlopeVerts=0
[+21:04:40.717] VoxelMesh: Chunk X=0 Y=0 Z=0 FlatVerts=0 SlopeVerts=0
[+21:04:40.717] VoxelChunk: GenerateAsync (2,0,-2)
[+21:04:40.719] VoxelMesh: Chunk X=2 Y=0 Z=-2 FlatVerts=0 SlopeVerts=0
[+21:04:40.733] VoxelMesh: Chunk X=1 Y=-2 Z=1 FlatVerts=0 SlopeVerts=0
[+21:04:40.733] VoxelChunk: GenerateAsync (2,3,0)
[+21:04:40.735] VoxelMesh: Chunk X=2 Y=3 Z=0 FlatVerts=0 SlopeVerts=0
[+21:04:40.740] VoxelMesh: Chunk X=0 Y=0 Z=0 FlatVerts=0 SlopeVerts=0
[+21:04:40.740] VoxelChunk: GenerateAsync (-2,1,-2)
[+21:04:40.744] VoxelMesh: Chunk X=-2 Y=1 Z=-2 FlatVerts=0 SlopeVerts=0
[+21:04:40.746] VoxelMesh: Chunk X=0 Y=0 Z=0 FlatVerts=10242 SlopeVerts=0
[+21:04:40.748] VoxelChunk: GenerateAsync (-1,2,0)
[+21:04:40.748] VoxelMesh: Chunk X=-1 Y=2 Z=0 FlatVerts=1380 SlopeVerts=504
[+21:04:40.753] VoxelMesh: Chunk X=0 Y=0 Z=0 FlatVerts=2334 SlopeVerts=10488
[+21:04:40.754] VoxelChunk: GenerateAsync (-1,-2,0)
[+21:04:40.756] VoxelMesh: Chunk X=-1 Y=-2 Z=0 FlatVerts=0 SlopeVerts=0
[+21:04:40.760] VoxelMesh: Chunk X=0 Y=0 Z=0 FlatVerts=0 SlopeVerts=0
[+21:04:40.760] VoxelChunk: GenerateAsync (2,2,-2)
[+21:04:40.762] VoxelMesh: Chunk X=2 Y=2 Z=-2 FlatVerts=0 SlopeVerts=0
[+21:04:40.775] VoxelMesh: Chunk X=0 Y=0 Z=0 FlatVerts=72 SlopeVerts=10386
[+21:04:40.776] VoxelChunk: GenerateAsync (1,-2,1)
[+21:04:40.777] VoxelMesh: Chunk X=1 Y=-2 Z=1 FlatVerts=42 SlopeVerts=1626
[+21:04:40.780] VoxelMesh: Chunk X=0 Y=0 Z=0 FlatVerts=0 SlopeVerts=0
[+21:04:40.780] VoxelChunk: GenerateAsync (-2,-2,-2)
[+21:04:40.783] VoxelMesh: Chunk X=-2 Y=-2 Z=-2 FlatVerts=0 SlopeVerts=0
[+21:04:40.785] VoxelMesh: Chunk X=0 Y=0 Z=0 FlatVerts=9300 SlopeVerts=1902
[+21:04:40.788] VoxelChunk: GenerateAsync (-2,2,0)
[+21:04:40.789] VoxelMesh: Chunk X=-2 Y=2 Z=0 FlatVerts=0 SlopeVerts=90
[+21:04:40.794] VoxelMesh: Chunk X=0 Y=0 Z=0 FlatVerts=0 SlopeVerts=0
[+21:04:40.795] VoxelChunk: GenerateAsync (2,-2,-2)
[+21:04:40.796] VoxelMesh: Chunk X=2 Y=-2 Z=-2 FlatVerts=0 SlopeVerts=0
[+21:04:40.809] VoxelMesh: Chunk X=0 Y=0 Z=0 FlatVerts=0 SlopeVerts=0
[+21:04:40.809] VoxelChunk: GenerateAsync (1,2,-2)
[+21:04:40.811] VoxelMesh: Chunk X=1 Y=2 Z=-2 FlatVerts=0 SlopeVerts=0
[+21:04:40.815] VoxelMesh: Chunk X=0 Y=0 Z=0 FlatVerts=0 SlopeVerts=0
[+21:04:40.816] VoxelChunk: GenerateAsync (1,-2,-2)
[+21:04:40.818] VoxelMesh: Chunk X=1 Y=-2 Z=-2 FlatVerts=0 SlopeVerts=0
[+21:04:40.820] VoxelMesh: Chunk X=0 Y=0 Z=0 FlatVerts=7686 SlopeVerts=7368
[+21:04:40.822] VoxelChunk: GenerateAsync (2,2,0)
[+21:04:40.825] VoxelMesh: Chunk X=2 Y=2 Z=0 FlatVerts=30 SlopeVerts=0
[+21:04:40.826] VoxelMesh: Chunk X=0 Y=0 Z=0 FlatVerts=3444 SlopeVerts=1092
[+21:04:40.827] VoxelChunk: GenerateAsync (-2,-2,-1)
[+21:04:40.829] VoxelMesh: Chunk X=-2 Y=-2 Z=-1 FlatVerts=0 SlopeVerts=0
[+21:04:40.835] VoxelMesh: Chunk X=2 Y=0 Z=-1 FlatVerts=0 SlopeVerts=0
[+21:04:40.835] VoxelChunk: GenerateAsync (3,3,0)
[+21:04:40.837] VoxelMesh: Chunk X=3 Y=3 Z=0 FlatVerts=0 SlopeVerts=0
[+21:04:40.843] VoxelMesh: Chunk X=0 Y=0 Z=0 FlatVerts=0 SlopeVerts=0
[+21:04:40.843] VoxelChunk: GenerateAsync (0,-2,-2)
[+21:04:40.845] VoxelMesh: Chunk X=0 Y=-2 Z=-2 FlatVerts=0 SlopeVerts=0
[+21:04:40.846] VoxelMesh: Chunk X=0 Y=0 Z=0 FlatVerts=10242 SlopeVerts=0
[+21:04:40.848] VoxelChunk: GenerateAsync (-1,2,-1)
[+21:04:40.849] VoxelMesh: Chunk X=-1 Y=2 Z=-1 FlatVerts=0 SlopeVerts=0
[+21:04:40.854] VoxelMesh: Chunk X=0 Y=0 Z=0 FlatVerts=1434 SlopeVerts=13392
[+21:04:40.856] VoxelChunk: GenerateAsync (-2,-2,1)
[+21:04:40.858] VoxelMesh: Chunk X=-2 Y=-2 Z=1 FlatVerts=0 SlopeVerts=576
[+21:04:40.860] VoxelMesh: Chunk X=0 Y=0 Z=0 FlatVerts=7932 SlopeVerts=1092
[+21:04:40.861] VoxelChunk: GenerateAsync (-2,-1,-1)
[+21:04:40.863] VoxelMesh: Chunk X=-2 Y=-1 Z=-1 FlatVerts=0 SlopeVerts=0
[+21:04:40.877] VoxelMesh: Chunk X=0 Y=0 Z=0 FlatVerts=0 SlopeVerts=0
[+21:04:40.877] VoxelChunk: GenerateAsync (1,-1,-2)
[+21:04:40.879] VoxelMesh: Chunk X=1 Y=-1 Z=-2 FlatVerts=0 SlopeVerts=0
[+21:04:40.882] VoxelMesh: Chunk X=0 Y=0 Z=0 FlatVerts=12 SlopeVerts=30
[+21:04:40.883] VoxelChunk: GenerateAsync (2,-1,-1)
[+21:04:40.884] VoxelMesh: Chunk X=2 Y=-1 Z=-1 FlatVerts=0 SlopeVerts=0
[+21:04:40.887] VoxelMesh: Chunk X=0 Y=0 Z=0 FlatVerts=8928 SlopeVerts=1170
[+21:04:40.888] VoxelChunk: GenerateAsync (1,2,-1)
[+21:04:40.889] VoxelMesh: Chunk X=1 Y=2 Z=-1 FlatVerts=0 SlopeVerts=0
[+21:04:40.894] VoxelMesh: Chunk X=0 Y=0 Z=0 FlatVerts=1302 SlopeVerts=20760
[+21:04:40.895] VoxelChunk: GenerateAsync (-1,-2,1)
[+21:04:40.896] VoxelMesh: Chunk X=-1 Y=-2 Z=1 FlatVerts=18 SlopeVerts=168
[+21:04:40.909] VoxelMesh: Chunk X=0 Y=0 Z=0 FlatVerts=324 SlopeVerts=1146
[+21:04:40.909] VoxelChunk: GenerateAsync (2,0,-1)
[+21:04:40.910] VoxelMesh: Chunk X=2 Y=0 Z=-1 FlatVerts=0 SlopeVerts=0
[+21:04:40.913] VoxelMesh: Chunk X=0 Y=0 Z=0 FlatVerts=0 SlopeVerts=0
[+21:04:40.913] VoxelChunk: GenerateAsync (-2,0,-2)
[+21:04:40.916] VoxelMesh: Chunk X=-2 Y=0 Z=-2 FlatVerts=0 SlopeVerts=0
[+21:04:40.918] VoxelMesh: Chunk X=0 Y=0 Z=0 FlatVerts=0 SlopeVerts=0
[+21:04:40.919] VoxelChunk: GenerateAsync (1,0,-2)
[+21:04:40.921] VoxelMesh: Chunk X=1 Y=0 Z=-2 FlatVerts=0 SlopeVerts=0
[+21:04:40.924] VoxelMesh: Chunk X=0 Y=0 Z=0 FlatVerts=72 SlopeVerts=4344
[+21:04:40.925] VoxelChunk: GenerateAsync (2,-2,0)
[+21:04:40.926] VoxelMesh: Chunk X=2 Y=-2 Z=0 FlatVerts=0 SlopeVerts=156
[+21:04:40.932] VoxelMesh: Chunk X=0 Y=0 Z=-2 FlatVerts=522 SlopeVerts=1476
[+21:04:40.935] VoxelChunk: GenerateAsync (-3,-3,1)
[+21:04:40.936] VoxelMesh: Chunk X=-3 Y=-3 Z=1 FlatVerts=522 SlopeVerts=1476
[+21:04:40.940] VoxelMesh: Chunk X=0 Y=0 Z=0 FlatVerts=9240 SlopeVerts=966
[+21:04:40.942] VoxelChunk: GenerateAsync (-2,2,-1)
[+21:04:40.944] VoxelMesh: Chunk X=-2 Y=2 Z=-1 FlatVerts=0 SlopeVerts=0
[+21:04:40.945] VoxelMesh: Chunk X=0 Y=0 Z=0 FlatVerts=10794 SlopeVerts=264
[+21:04:40.947] VoxelChunk: GenerateAsync (0,2,-1)
[+21:04:40.948] VoxelMesh: Chunk X=0 Y=2 Z=-1 FlatVerts=0 SlopeVerts=0
[+21:04:40.952] VoxelMesh: Chunk X=0 Y=0 Z=0 FlatVerts=10326 SlopeVerts=6
[+21:04:40.954] VoxelChunk: GenerateAsync (-2,1,0)
[+21:04:40.956] VoxelMesh: Chunk X=-2 Y=1 Z=0 FlatVerts=0 SlopeVerts=0
[+21:04:40.959] VoxelMesh: Chunk X=0 Y=0 Z=0 FlatVerts=0 SlopeVerts=0
[+21:04:40.959] VoxelChunk: GenerateAsync (0,1,-2)
[+21:04:40.960] VoxelMesh: Chunk X=0 Y=1 Z=-2 FlatVerts=0 SlopeVerts=0
[+21:04:40.973] VoxelMesh: Chunk X=0 Y=0 Z=0 FlatVerts=0 SlopeVerts=0
[+21:04:40.973] VoxelChunk: GenerateAsync (1,1,-2)
[+21:04:40.975] VoxelMesh: Chunk X=1 Y=1 Z=-2 FlatVerts=0 SlopeVerts=0
[+21:04:40.978] VoxelMesh: Chunk X=0 Y=0 Z=0 FlatVerts=0 SlopeVerts=0
[+21:04:40.978] VoxelChunk: GenerateAsync (2,1,-2)
[+21:04:40.980] VoxelMesh: Chunk X=2 Y=1 Z=-2 FlatVerts=0 SlopeVerts=0
[+21:04:40.983] VoxelMesh: Chunk X=0 Y=0 Z=0 FlatVerts=510 SlopeVerts=6414
[+21:04:40.983] VoxelChunk: GenerateAsync (0,-2,0)
[+21:04:40.985] VoxelMesh: Chunk X=0 Y=-2 Z=0 FlatVerts=0 SlopeVerts=0
[+21:04:40.989] VoxelMesh: Chunk X=0 Y=0 Z=0 FlatVerts=72 SlopeVerts=3438
[+21:04:40.990] VoxelChunk: GenerateAsync (1,-2,0)
[+21:04:40.991] VoxelMesh: Chunk X=1 Y=-2 Z=0 FlatVerts=0 SlopeVerts=0
[+21:04:41.002] VoxelMesh: Chunk X=1 Y=-2 Z=0 FlatVerts=0 SlopeVerts=0
[+21:04:41.002] VoxelChunk: GenerateAsync (-2,-1,0)
[+21:04:41.004] VoxelMesh: Chunk X=0 Y=-2 Z=0 FlatVerts=0 SlopeVerts=0
[+21:04:41.005] VoxelChunk: GenerateAsync (-2,-3,-2)
[+21:04:41.005] VoxelMesh: Chunk X=-2 Y=-1 Z=0 FlatVerts=0 SlopeVerts=0
[+21:04:41.006] VoxelMesh: Chunk X=-2 Y=-3 Z=-2 FlatVerts=0 SlopeVerts=0
[+21:04:41.006] VoxelMesh: Chunk X=2 Y=1 Z=-2 FlatVerts=0 SlopeVerts=0
[+21:04:41.007] VoxelChunk: GenerateAsync (-3,2,-2)
[+21:04:41.008] VoxelMesh: Chunk X=1 Y=1 Z=-2 FlatVerts=0 SlopeVerts=0
[+21:04:41.008] VoxelChunk: GenerateAsync (3,-3,0)
[+21:04:41.009] VoxelMesh: Chunk X=-3 Y=2 Z=-2 FlatVerts=0 SlopeVerts=0
[+21:04:41.009] VoxelMesh: Chunk X=3 Y=-3 Z=0 FlatVerts=0 SlopeVerts=0
[+21:04:41.018] VoxelMesh: Chunk X=0 Y=1 Z=-2 FlatVerts=0 SlopeVerts=0
[+21:04:41.018] VoxelChunk: GenerateAsync (-1,-3,-2)
[+21:04:41.019] VoxelMesh: Chunk X=-2 Y=1 Z=0 FlatVerts=0 SlopeVerts=0
[+21:04:41.020] VoxelChunk: GenerateAsync (3,1,-3)
[+21:04:41.020] VoxelMesh: Chunk X=-1 Y=-3 Z=-2 FlatVerts=0 SlopeVerts=0
[+21:04:41.021] VoxelMesh: Chunk X=3 Y=1 Z=-3 FlatVerts=0 SlopeVerts=0
[+21:04:41.021] VoxelMesh: Chunk X=0 Y=2 Z=-1 FlatVerts=78 SlopeVerts=2466
[+21:04:41.021] VoxelChunk: GenerateAsync (3,3,3)
[+21:04:41.023] VoxelMesh: Chunk X=-2 Y=2 Z=-1 FlatVerts=0 SlopeVerts=0
[+21:04:41.023] VoxelChunk: GenerateAsync (3,1,-2)
[+21:04:41.023] VoxelMesh: Chunk X=3 Y=3 Z=3 FlatVerts=78 SlopeVerts=2466
[+21:04:41.025] VoxelMesh: Chunk X=3 Y=1 Z=-2 FlatVerts=0 SlopeVerts=0
[+21:04:41.031] VoxelMesh: Chunk X=-1 Y=-2 Z=-2 FlatVerts=450 SlopeVerts=5076
[+21:04:41.034] VoxelChunk: GenerateAsync (-2,-3,1)
[+21:04:41.036] VoxelMesh: Chunk X=-2 Y=-3 Z=1 FlatVerts=450 SlopeVerts=5076
[+21:04:41.041] VoxelMesh: Chunk X=2 Y=-2 Z=0 FlatVerts=0 SlopeVerts=0
[+21:04:41.042] VoxelChunk: GenerateAsync (-3,-2,0)
[+21:04:41.043] VoxelMesh: Chunk X=-3 Y=-2 Z=0 FlatVerts=0 SlopeVerts=0
[+21:04:41.043] VoxelMesh: Chunk X=1 Y=0 Z=-2 FlatVerts=0 SlopeVerts=0
[+21:04:41.044] VoxelChunk: GenerateAsync (0,-3,-2)
[+21:04:41.045] VoxelMesh: Chunk X=-2 Y=0 Z=-2 FlatVerts=0 SlopeVerts=0
[+21:04:41.045] VoxelChunk: GenerateAsync (-3,-1,0)
[+21:04:41.046] VoxelMesh: Chunk X=0 Y=-3 Z=-2 FlatVerts=0 SlopeVerts=0
[+21:04:41.047] VoxelMesh: Chunk X=2 Y=0 Z=-1 FlatVerts=0 SlopeVerts=0
[+21:04:41.047] VoxelChunk: GenerateAsync (1,-3,-2)
[+21:04:41.048] VoxelMesh: Chunk X=-3 Y=-1 Z=0 FlatVerts=0 SlopeVerts=0
[+21:04:41.048] VoxelMesh: Chunk X=1 Y=-3 Z=-2 FlatVerts=0 SlopeVerts=0
[+21:04:41.056] VoxelMesh: Chunk X=-1 Y=-2 Z=1 FlatVerts=0 SlopeVerts=0
[+21:04:41.056] VoxelChunk: GenerateAsync (-3,2,-3)
[+21:04:41.057] VoxelMesh: Chunk X=1 Y=2 Z=-1 FlatVerts=0 SlopeVerts=0
[+21:04:41.057] VoxelMesh: Chunk X=-3 Y=2 Z=-3 FlatVerts=0 SlopeVerts=0
[+21:04:41.057] VoxelChunk: GenerateAsync (2,0,-3)
[+21:04:41.059] VoxelMesh: Chunk X=2 Y=-1 Z=-1 FlatVerts=0 SlopeVerts=0
[+21:04:41.059] VoxelChunk: GenerateAsync (3,2,-2)
[+21:04:41.059] VoxelMesh: Chunk X=2 Y=0 Z=-3 FlatVerts=0 SlopeVerts=0
[+21:04:41.061] VoxelMesh: Chunk X=3 Y=2 Z=-2 FlatVerts=0 SlopeVerts=0
[+21:04:41.062] VoxelMesh: Chunk X=1 Y=-1 Z=-2 FlatVerts=0 SlopeVerts=0
[+21:04:41.062] VoxelChunk: GenerateAsync (-3,3,-2)
[+21:04:41.063] VoxelMesh: Chunk X=-3 Y=3 Z=-2 FlatVerts=0 SlopeVerts=0
[+21:04:41.069] VoxelMesh: Chunk X=-2 Y=-1 Z=-1 FlatVerts=0 SlopeVerts=0
[+21:04:41.070] VoxelChunk: GenerateAsync (2,-3,-2)
[+21:04:41.071] VoxelMesh: Chunk X=-2 Y=-2 Z=1 FlatVerts=0 SlopeVerts=0
[+21:04:41.071] VoxelChunk: GenerateAsync (-2,3,-2)
[+21:04:41.072] VoxelMesh: Chunk X=2 Y=-3 Z=-2 FlatVerts=0 SlopeVerts=0
[+21:04:41.073] VoxelMesh: Chunk X=-1 Y=2 Z=-1 FlatVerts=0 SlopeVerts=0
[+21:04:41.073] VoxelMesh: Chunk X=-2 Y=3 Z=-2 FlatVerts=0 SlopeVerts=0
[+21:04:41.073] VoxelChunk: GenerateAsync (-1,3,-2)
[+21:04:41.075] VoxelMesh: Chunk X=-1 Y=3 Z=-2 FlatVerts=0 SlopeVerts=0
[+21:04:41.075] VoxelMesh: Chunk X=0 Y=-2 Z=-2 FlatVerts=0 SlopeVerts=0
[+21:04:41.075] VoxelChunk: GenerateAsync (3,-3,-2)
[+21:04:41.077] VoxelMesh: Chunk X=3 Y=-3 Z=-2 FlatVerts=0 SlopeVerts=0
[+21:04:41.083] VoxelMesh: Chunk X=-2 Y=-2 Z=-1 FlatVerts=0 SlopeVerts=0
[+21:04:41.083] VoxelChunk: GenerateAsync (-2,2,-3)
[+21:04:41.085] VoxelMesh: Chunk X=2 Y=2 Z=0 FlatVerts=0 SlopeVerts=0
[+21:04:41.086] VoxelChunk: GenerateAsync (0,3,-2)
[+21:04:41.086] VoxelMesh: Chunk X=-2 Y=2 Z=-3 FlatVerts=0 SlopeVerts=0
[+21:04:41.087] VoxelMesh: Chunk X=1 Y=-2 Z=-2 FlatVerts=0 SlopeVerts=0
[+21:04:41.087] VoxelChunk: GenerateAsync (1,3,-2)
[+21:04:41.088] VoxelMesh: Chunk X=0 Y=3 Z=-2 FlatVerts=0 SlopeVerts=0
[+21:04:41.089] VoxelMesh: Chunk X=1 Y=2 Z=-2 FlatVerts=0 SlopeVerts=0
[+21:04:41.089] VoxelChunk: GenerateAsync (-3,-2,-2)
[+21:04:41.089] VoxelMesh: Chunk X=1 Y=3 Z=-2 FlatVerts=0 SlopeVerts=0
[+21:04:41.090] VoxelMesh: Chunk X=-3 Y=-2 Z=-2 FlatVerts=0 SlopeVerts=0
[+21:04:41.097] VoxelMesh: Chunk X=2 Y=-2 Z=-2 FlatVerts=0 SlopeVerts=0
[+21:04:41.097] VoxelChunk: GenerateAsync (2,3,-2)
[+21:04:41.098] VoxelMesh: Chunk X=-2 Y=2 Z=0 FlatVerts=0 SlopeVerts=0
[+21:04:41.099] VoxelChunk: GenerateAsync (-1,-3,-3)
[+21:04:41.099] VoxelMesh: Chunk X=2 Y=3 Z=-2 FlatVerts=0 SlopeVerts=0
[+21:04:41.100] VoxelMesh: Chunk X=-1 Y=-3 Z=-3 FlatVerts=0 SlopeVerts=0
[+21:04:41.100] VoxelMesh: Chunk X=-2 Y=-2 Z=-2 FlatVerts=0 SlopeVerts=0
[+21:04:41.100] VoxelChunk: GenerateAsync (3,3,-2)
[+21:04:41.103] VoxelMesh: Chunk X=1 Y=-2 Z=1 FlatVerts=0 SlopeVerts=0
[+21:04:41.103] VoxelMesh: Chunk X=3 Y=3 Z=-2 FlatVerts=0 SlopeVerts=0
[+21:04:41.103] VoxelChunk: GenerateAsync (-1,2,-3)
[+21:04:41.105] VoxelMesh: Chunk X=-1 Y=2 Z=-3 FlatVerts=0 SlopeVerts=0
[+21:04:41.112] VoxelMesh: Chunk X=2 Y=2 Z=-2 FlatVerts=0 SlopeVerts=0
[+21:04:41.112] VoxelChunk: GenerateAsync (3,0,-3)
[+21:04:41.114] VoxelMesh: Chunk X=-1 Y=-2 Z=0 FlatVerts=0 SlopeVerts=0
[+21:04:41.114] VoxelChunk: GenerateAsync (-2,0,-3)
[+21:04:41.114] VoxelMesh: Chunk X=3 Y=0 Z=-3 FlatVerts=0 SlopeVerts=0
[+21:04:41.116] VoxelMesh: Chunk X=-1 Y=2 Z=0 FlatVerts=0 SlopeVerts=0
[+21:04:41.116] VoxelChunk: GenerateAsync (-3,-3,-1)
[+21:04:41.116] VoxelMesh: Chunk X=-2 Y=0 Z=-3 FlatVerts=0 SlopeVerts=0
[+21:04:41.117] VoxelMesh: Chunk X=-2 Y=1 Z=-2 FlatVerts=18 SlopeVerts=156
[+21:04:41.117] VoxelMesh: Chunk X=-3 Y=-3 Z=-1 FlatVerts=0 SlopeVerts=0
[+21:04:41.117] VoxelChunk: GenerateAsync (3,1,0)
[+21:04:41.119] VoxelMesh: Chunk X=3 Y=1 Z=0 FlatVerts=18 SlopeVerts=156
[+21:04:41.128] VoxelMesh: Chunk X=2 Y=0 Z=-2 FlatVerts=0 SlopeVerts=0
[+21:04:41.129] VoxelChunk: GenerateAsync (-2,-3,-1)
[+21:04:41.130] VoxelMesh: Chunk X=0 Y=0 Z=-2 FlatVerts=0 SlopeVerts=0
[+21:04:41.130] VoxelMesh: Chunk X=-2 Y=-3 Z=-1 FlatVerts=0 SlopeVerts=0
[+21:04:41.130] VoxelChunk: GenerateAsync (-1,-3,-1)
[+21:04:41.132] VoxelMesh: Chunk X=-1 Y=-2 Z=-2 FlatVerts=0 SlopeVerts=0
[+21:04:41.132] VoxelChunk: GenerateAsync (1,-1,-3)
[+21:04:41.132] VoxelMesh: Chunk X=-1 Y=-3 Z=-1 FlatVerts=0 SlopeVerts=0
[+21:04:41.133] VoxelMesh: Chunk X=1 Y=-1 Z=-3 FlatVerts=0 SlopeVerts=0
[+21:04:41.134] VoxelMesh: Chunk X=-2 Y=0 Z=-1 FlatVerts=0 SlopeVerts=0
[+21:04:41.134] VoxelChunk: GenerateAsync (0,2,-3)
[+21:04:41.136] VoxelMesh: Chunk X=0 Y=2 Z=-3 FlatVerts=0 SlopeVerts=0
[+21:04:41.140] VoxelMesh: Chunk X=-2 Y=0 Z=-1 FlatVerts=72 SlopeVerts=3234
[+21:04:41.143] VoxelChunk: GenerateAsync (-1,-3,1)
[+21:04:41.144] VoxelMesh: Chunk X=-1 Y=-3 Z=1 FlatVerts=72 SlopeVerts=3234
[+21:04:41.148] VoxelMesh: Chunk X=0 Y=-1 Z=-2 FlatVerts=0 SlopeVerts=0
[+21:04:41.148] VoxelChunk: GenerateAsync (2,-3,-1)
[+21:04:41.150] VoxelMesh: Chunk X=1 Y=-2 Z=-1 FlatVerts=0 SlopeVerts=0
[+21:04:41.150] VoxelChunk: GenerateAsync (3,-3,-1)
[+21:04:41.150] VoxelMesh: Chunk X=2 Y=-3 Z=-1 FlatVerts=0 SlopeVerts=0
[+21:04:41.152] VoxelMesh: Chunk X=2 Y=1 Z=-1 FlatVerts=0 SlopeVerts=0
[+21:04:41.152] VoxelChunk: GenerateAsync (-3,-2,-1)
[+21:04:41.152] VoxelMesh: Chunk X=3 Y=-3 Z=-1 FlatVerts=0 SlopeVerts=0
[+21:04:41.154] VoxelMesh: Chunk X=-1 Y=-1 Z=-2 FlatVerts=0 SlopeVerts=0
[+21:04:41.154] VoxelMesh: Chunk X=-3 Y=-2 Z=-1 FlatVerts=0 SlopeVerts=0
[+21:04:41.154] VoxelChunk: GenerateAsync (1,2,-3)
[+21:04:41.156] VoxelMesh: Chunk X=1 Y=2 Z=-3 FlatVerts=0 SlopeVerts=0
[+21:04:41.162] VoxelMesh: Chunk X=0 Y=2 Z=-2 FlatVerts=0 SlopeVerts=0
[+21:04:41.163] VoxelChunk: GenerateAsync (-3,1,-3)
[+21:04:41.165] VoxelMesh: Chunk X=2 Y=1 Z=0 FlatVerts=0 SlopeVerts=0
[+21:04:41.165] VoxelMesh: Chunk X=-3 Y=1 Z=-3 FlatVerts=0 SlopeVerts=0
[+21:04:41.165] VoxelChunk: GenerateAsync (3,-2,-2)
[+21:04:41.166] VoxelMesh: Chunk X=-2 Y=0 Z=0 FlatVerts=0 SlopeVerts=0
[+21:04:41.167] VoxelChunk: GenerateAsync (-3,-1,-2)
[+21:04:41.167] VoxelMesh: Chunk X=3 Y=-2 Z=-2 FlatVerts=0 SlopeVerts=0
[+21:04:41.168] VoxelMesh: Chunk X=-2 Y=-2 Z=0 FlatVerts=0 SlopeVerts=0
[+21:04:41.168] VoxelChunk: GenerateAsync (2,2,-3)
[+21:04:41.168] VoxelMesh: Chunk X=-3 Y=-1 Z=-2 FlatVerts=0 SlopeVerts=0
[+21:04:41.169] VoxelMesh: Chunk X=2 Y=2 Z=-3 FlatVerts=0 SlopeVerts=0
[+21:04:41.176] VoxelMesh: Chunk X=-2 Y=-2 Z=2 FlatVerts=0 SlopeVerts=0
[+21:04:41.176] VoxelChunk: GenerateAsync (0,-1,-3)
[+21:04:41.178] VoxelMesh: Chunk X=-2 Y=0 Z=1 FlatVerts=0 SlopeVerts=0
[+21:04:41.178] VoxelChunk: GenerateAsync (-3,-1,-1)
[+21:04:41.178] VoxelMesh: Chunk X=0 Y=-1 Z=-3 FlatVerts=0 SlopeVerts=0
[+21:04:41.180] VoxelMesh: Chunk X=2 Y=-1 Z=1 FlatVerts=0 SlopeVerts=0
[+21:04:41.180] VoxelChunk: GenerateAsync (3,2,-3)
[+21:04:41.181] VoxelMesh: Chunk X=-3 Y=-1 Z=-1 FlatVerts=0 SlopeVerts=0
[+21:04:41.182] VoxelMesh: Chunk X=3 Y=2 Z=-3 FlatVerts=0 SlopeVerts=0
[+21:04:41.182] VoxelMesh: Chunk X=0 Y=0 Z=2 FlatVerts=0 SlopeVerts=0
[+21:04:41.182] VoxelChunk: GenerateAsync (-2,1,-3)
[+21:04:41.184] VoxelMesh: Chunk X=-2 Y=1 Z=-3 FlatVerts=0 SlopeVerts=0
[+21:04:41.191] VoxelMesh: Chunk X=1 Y=1 Z=2 FlatVerts=0 SlopeVerts=0
[+21:04:41.191] VoxelChunk: GenerateAsync (-1,0,-3)
[+21:04:41.193] VoxelMesh: Chunk X=-1 Y=2 Z=2 FlatVerts=0 SlopeVerts=0
[+21:04:41.193] VoxelChunk: GenerateAsync (3,-1,-3)
[+21:04:41.194] VoxelMesh: Chunk X=-1 Y=0 Z=-3 FlatVerts=0 SlopeVerts=0
[+21:04:41.194] VoxelMesh: Chunk X=-2 Y=-1 Z=1 FlatVerts=0 SlopeVerts=0
[+21:04:41.195] VoxelChunk: GenerateAsync (-2,-1,-3)
[+21:04:41.195] VoxelMesh: Chunk X=3 Y=-1 Z=-3 FlatVerts=0 SlopeVerts=0
[+21:04:41.196] VoxelMesh: Chunk X=2 Y=-2 Z=1 FlatVerts=0 SlopeVerts=0
[+21:04:41.196] VoxelChunk: GenerateAsync (-3,-1,-3)
[+21:04:41.196] VoxelMesh: Chunk X=-2 Y=-1 Z=-3 FlatVerts=0 SlopeVerts=0
[+21:04:41.197] VoxelMesh: Chunk X=-3 Y=-1 Z=-3 FlatVerts=0 SlopeVerts=0
[+21:04:41.204] VoxelMesh: Chunk X=2 Y=2 Z=1 FlatVerts=0 SlopeVerts=0
[+21:04:41.204] VoxelChunk: GenerateAsync (3,-2,-3)
[+21:04:41.207] VoxelMesh: Chunk X=3 Y=-2 Z=-3 FlatVerts=0 SlopeVerts=0
[+21:04:41.207] VoxelMesh: Chunk X=1 Y=2 Z=1 FlatVerts=0 SlopeVerts=0
[+21:04:41.207] VoxelChunk: GenerateAsync (-3,3,-3)
[+21:04:41.208] VoxelMesh: Chunk X=-1 Y=0 Z=2 FlatVerts=0 SlopeVerts=0
[+21:04:41.208] VoxelChunk: GenerateAsync (3,-1,-1)
[+21:04:41.209] VoxelMesh: Chunk X=-3 Y=3 Z=-3 FlatVerts=0 SlopeVerts=0
[+21:04:41.210] VoxelMesh: Chunk X=3 Y=-1 Z=-1 FlatVerts=0 SlopeVerts=0
[+21:04:41.210] VoxelMesh: Chunk X=0 Y=2 Z=1 FlatVerts=0 SlopeVerts=0
[+21:04:41.210] VoxelChunk: GenerateAsync (-3,0,-1)
[+21:04:41.212] VoxelMesh: Chunk X=-3 Y=0 Z=-1 FlatVerts=0 SlopeVerts=0
[+21:04:41.218] VoxelMesh: Chunk X=-1 Y=2 Z=1 FlatVerts=0 SlopeVerts=0
[+21:04:41.219] VoxelChunk: GenerateAsync (2,-2,-3)
[+21:04:41.220] VoxelMesh: Chunk X=-2 Y=0 Z=2 FlatVerts=0 SlopeVerts=0
[+21:04:41.220] VoxelChunk: GenerateAsync (3,-1,-2)
[+21:04:41.220] VoxelMesh: Chunk X=2 Y=-2 Z=-3 FlatVerts=0 SlopeVerts=0
[+21:04:41.223] VoxelMesh: Chunk X=3 Y=-1 Z=-2 FlatVerts=0 SlopeVerts=0
[+21:04:41.223] VoxelMesh: Chunk X=0 Y=1 Z=2 FlatVerts=0 SlopeVerts=0
[+21:04:41.223] VoxelChunk: GenerateAsync (-2,3,-3)
[+21:04:41.224] VoxelMesh: Chunk X=-2 Y=3 Z=-3 FlatVerts=0 SlopeVerts=0
[+21:04:41.224] VoxelMesh: Chunk X=2 Y=2 Z=2 FlatVerts=0 SlopeVerts=0
[+21:04:41.224] VoxelChunk: GenerateAsync (-1,1,-3)
[+21:04:41.226] VoxelMesh: Chunk X=-1 Y=1 Z=-3 FlatVerts=0 SlopeVerts=0
[+21:04:41.233] VoxelMesh: Chunk X=2 Y=-1 Z=2 FlatVerts=0 SlopeVerts=0
[+21:04:41.233] VoxelChunk: GenerateAsync (1,-2,-3)
[+21:04:41.234] VoxelMesh: Chunk X=1 Y=-1 Z=2 FlatVerts=0 SlopeVerts=0
[+21:04:41.234] VoxelMesh: Chunk X=1 Y=-2 Z=-3 FlatVerts=0 SlopeVerts=0
[+21:04:41.234] VoxelChunk: GenerateAsync (0,-2,-3)
[+21:04:41.236] VoxelMesh: Chunk X=-1 Y=1 Z=2 FlatVerts=0 SlopeVerts=0
[+21:04:41.236] VoxelChunk: GenerateAsync (-3,0,-2)
[+21:04:41.237] VoxelMesh: Chunk X=0 Y=-2 Z=-3 FlatVerts=0 SlopeVerts=0
[+21:04:41.238] VoxelMesh: Chunk X=-3 Y=0 Z=-2 FlatVerts=0 SlopeVerts=0
[+21:04:41.238] VoxelMesh: Chunk X=-2 Y=2 Z=2 FlatVerts=0 SlopeVerts=0
[+21:04:41.238] VoxelChunk: GenerateAsync (3,0,-1)
[+21:04:41.240] VoxelMesh: Chunk X=3 Y=0 Z=-1 FlatVerts=0 SlopeVerts=0
[+21:04:41.245] VoxelMesh: Chunk X=0 Y=-1 Z=-2 FlatVerts=54 SlopeVerts=1068
[+21:04:41.246] VoxelChunk: GenerateAsync (0,-3,1)
[+21:04:41.247] VoxelMesh: Chunk X=0 Y=-3 Z=1 FlatVerts=54 SlopeVerts=1068
[+21:04:41.249] VoxelMesh: Chunk X=0 Y=2 Z=2 FlatVerts=0 SlopeVerts=0
[+21:04:41.250] VoxelChunk: GenerateAsync (-1,3,-3)
[+21:04:41.252] VoxelMesh: Chunk X=1 Y=2 Z=2 FlatVerts=0 SlopeVerts=0
[+21:04:41.252] VoxelChunk: GenerateAsync (-3,1,-1)
[+21:04:41.252] VoxelMesh: Chunk X=-1 Y=3 Z=-3 FlatVerts=0 SlopeVerts=0
[+21:04:41.253] VoxelMesh: Chunk X=-2 Y=2 Z=1 FlatVerts=0 SlopeVerts=0
[+21:04:41.253] VoxelChunk: GenerateAsync (-1,-2,-3)
[+21:04:41.254] VoxelMesh: Chunk X=-3 Y=1 Z=-1 FlatVerts=0 SlopeVerts=0
[+21:04:41.255] VoxelMesh: Chunk X=2 Y=1 Z=1 FlatVerts=0 SlopeVerts=0
[+21:04:41.255] VoxelChunk: GenerateAsync (-2,-2,-3)
[+21:04:41.255] VoxelMesh: Chunk X=-1 Y=-2 Z=-3 FlatVerts=0 SlopeVerts=0
[+21:04:41.257] VoxelMesh: Chunk X=-2 Y=-2 Z=-3 FlatVerts=0 SlopeVerts=0
[+21:04:41.263] VoxelMesh: Chunk X=-1 Y=1 Z=-2 FlatVerts=0 SlopeVerts=0
[+21:04:41.263] VoxelChunk: GenerateAsync (0,3,-3)
[+21:04:41.266] VoxelMesh: Chunk X=0 Y=3 Z=-3 FlatVerts=0 SlopeVerts=0
[+21:04:41.266] VoxelMesh: Chunk X=2 Y=-2 Z=-1 FlatVerts=0 SlopeVerts=0
[+21:04:41.266] VoxelChunk: GenerateAsync (0,1,-3)
[+21:04:41.267] VoxelMesh: Chunk X=1 Y=2 Z=0 FlatVerts=0 SlopeVerts=0
[+21:04:41.267] VoxelChunk: GenerateAsync (3,3,-1)
[+21:04:41.268] VoxelMesh: Chunk X=0 Y=1 Z=-3 FlatVerts=0 SlopeVerts=0
[+21:04:41.269] VoxelMesh: Chunk X=0 Y=2 Z=0 FlatVerts=0 SlopeVerts=0
[+21:04:41.269] VoxelChunk: GenerateAsync (0,0,-3)
[+21:04:41.269] VoxelMesh: Chunk X=3 Y=3 Z=-1 FlatVerts=0 SlopeVerts=0
[+21:04:41.271] VoxelMesh: Chunk X=0 Y=0 Z=-3 FlatVerts=0 SlopeVerts=0
[+21:04:41.277] VoxelMesh: Chunk X=2 Y=-1 Z=0 FlatVerts=0 SlopeVerts=0
[+21:04:41.277] VoxelChunk: GenerateAsync (-2,-3,0)
[+21:04:41.279] VoxelMesh: Chunk X=-2 Y=-3 Z=0 FlatVerts=0 SlopeVerts=0
[+21:04:41.279] VoxelMesh: Chunk X=-1 Y=0 Z=-2 FlatVerts=0 SlopeVerts=30
[+21:04:41.279] VoxelChunk: GenerateAsync (-1,-3,0)
[+21:04:41.281] VoxelMesh: Chunk X=0 Y=-2 Z=1 FlatVerts=0 SlopeVerts=0
[+21:04:41.281] VoxelMesh: Chunk X=-1 Y=-3 Z=0 FlatVerts=0 SlopeVerts=30
[+21:04:41.281] VoxelChunk: GenerateAsync (0,-3,0)
[+21:04:41.283] VoxelMesh: Chunk X=0 Y=-3 Z=0 FlatVerts=0 SlopeVerts=0
[+21:04:41.283] VoxelMesh: Chunk X=-1 Y=-2 Z=-1 FlatVerts=0 SlopeVerts=0
[+21:04:41.283] VoxelChunk: GenerateAsync (1,-3,0)
[+21:04:41.285] VoxelMesh: Chunk X=1 Y=-3 Z=0 FlatVerts=0 SlopeVerts=0
[+21:04:41.292] VoxelMesh: Chunk X=-2 Y=1 Z=-1 FlatVerts=0 SlopeVerts=0
[+21:04:41.292] VoxelChunk: GenerateAsync (2,-3,0)
[+21:04:41.293] VoxelMesh: Chunk X=-1 Y=2 Z=-2 FlatVerts=0 SlopeVerts=0
[+21:04:41.293] VoxelChunk: GenerateAsync (-3,-2,-3)
[+21:04:41.294] VoxelMesh: Chunk X=2 Y=-3 Z=0 FlatVerts=0 SlopeVerts=0
[+21:04:41.295] VoxelMesh: Chunk X=-3 Y=-2 Z=-3 FlatVerts=0 SlopeVerts=0
[+21:04:41.295] VoxelMesh: Chunk X=2 Y=0 Z=0 FlatVerts=0 SlopeVerts=0
[+21:04:41.295] VoxelChunk: GenerateAsync (3,1,-1)
[+21:04:41.296] VoxelMesh: Chunk X=-2 Y=-1 Z=-2 FlatVerts=0 SlopeVerts=0
[+21:04:41.296] VoxelMesh: Chunk X=3 Y=1 Z=-1 FlatVerts=0 SlopeVerts=0
[+21:04:41.296] VoxelChunk: GenerateAsync (-3,2,-1)
[+21:04:41.298] VoxelMesh: Chunk X=-3 Y=2 Z=-1 FlatVerts=0 SlopeVerts=0
[+21:04:41.305] VoxelMesh: Chunk X=0 Y=-2 Z=-1 FlatVerts=0 SlopeVerts=0
[+21:04:41.306] VoxelChunk: GenerateAsync (1,3,-3)
[+21:04:41.307] VoxelMesh: Chunk X=2 Y=-1 Z=-2 FlatVerts=0 SlopeVerts=0
[+21:04:41.307] VoxelMesh: Chunk X=1 Y=3 Z=-3 FlatVerts=0 SlopeVerts=0
[+21:04:41.307] VoxelChunk: GenerateAsync (3,0,-2)
[+21:04:41.309] VoxelMesh: Chunk X=-2 Y=2 Z=-2 FlatVerts=0 SlopeVerts=0
[+21:04:41.309] VoxelChunk: GenerateAsync (-3,1,-2)
[+21:04:41.309] VoxelMesh: Chunk X=3 Y=0 Z=-2 FlatVerts=0 SlopeVerts=0
[+21:04:41.311] VoxelMesh: Chunk X=2 Y=2 Z=-1 FlatVerts=0 SlopeVerts=0
[+21:04:41.311] VoxelChunk: GenerateAsync (2,3,-3)
[+21:04:41.311] VoxelMesh: Chunk X=-3 Y=1 Z=-2 FlatVerts=0 SlopeVerts=0
[+21:04:41.312] VoxelMesh: Chunk X=2 Y=3 Z=-3 FlatVerts=0 SlopeVerts=0
[+21:04:41.323] VoxelMesh: Chunk X=0 Y=0 Z=0 FlatVerts=0 SlopeVerts=2418
[+21:04:41.323] VoxelChunk: GenerateAsync (3,-2,0)
[+21:04:41.326] VoxelMesh: Chunk X=3 Y=-2 Z=0 FlatVerts=0 SlopeVerts=102
[+21:04:41.330] VoxelMesh: Chunk X=0 Y=0 Z=0 FlatVerts=0 SlopeVerts=0
[+21:04:41.330] VoxelChunk: GenerateAsync (1,1,-3)
[+21:04:41.332] VoxelMesh: Chunk X=1 Y=1 Z=-3 FlatVerts=0 SlopeVerts=0
[+21:04:41.334] VoxelMesh: Chunk X=0 Y=0 Z=0 FlatVerts=558 SlopeVerts=462
[+21:04:41.334] VoxelChunk: GenerateAsync (3,2,-1)
[+21:04:41.337] VoxelMesh: Chunk X=3 Y=2 Z=-1 FlatVerts=0 SlopeVerts=0
[+21:04:41.340] VoxelMesh: Chunk X=0 Y=0 Z=0 FlatVerts=0 SlopeVerts=0
[+21:04:41.341] VoxelChunk: GenerateAsync (3,-3,-3)
[+21:04:41.342] VoxelMesh: Chunk X=3 Y=-3 Z=-3 FlatVerts=0 SlopeVerts=0
[+21:04:41.355] VoxelMesh: Chunk X=0 Y=0 Z=0 FlatVerts=0 SlopeVerts=0
[+21:04:41.355] VoxelChunk: GenerateAsync (2,-3,-3)
[+21:04:41.356] VoxelMesh: Chunk X=2 Y=-3 Z=-3 FlatVerts=0 SlopeVerts=0
[+21:04:41.360] VoxelMesh: Chunk X=0 Y=0 Z=0 FlatVerts=0 SlopeVerts=0
[+21:04:41.361] VoxelChunk: GenerateAsync (1,-3,-3)
[+21:04:41.363] VoxelMesh: Chunk X=1 Y=-3 Z=-3 FlatVerts=0 SlopeVerts=0
[+21:04:41.364] VoxelMesh: Chunk X=0 Y=0 Z=0 FlatVerts=2340 SlopeVerts=1830
[+21:04:41.366] VoxelChunk: GenerateAsync (-3,3,-1)
[+21:04:41.368] VoxelMesh: Chunk X=-3 Y=3 Z=-1 FlatVerts=0 SlopeVerts=0
[+21:04:41.371] VoxelMesh: Chunk X=0 Y=0 Z=0 FlatVerts=30 SlopeVerts=2028
[+21:04:41.371] VoxelChunk: GenerateAsync (3,-1,0)
[+21:04:41.372] VoxelMesh: Chunk X=3 Y=-1 Z=0 FlatVerts=312 SlopeVerts=462
[+21:04:41.380] VoxelMesh: Chunk X=1 Y=-2 Z=-1 FlatVerts=0 SlopeVerts=0
[+21:04:41.380] VoxelChunk: GenerateAsync (1,-3,1)
[+21:04:41.381] VoxelMesh: Chunk X=1 Y=-3 Z=1 FlatVerts=0 SlopeVerts=0
[+21:04:41.385] VoxelMesh: Chunk X=0 Y=0 Z=0 FlatVerts=9894 SlopeVerts=576
[+21:04:41.387] VoxelChunk: GenerateAsync (-3,0,0)
[+21:04:41.389] VoxelMesh: Chunk X=-3 Y=0 Z=0 FlatVerts=0 SlopeVerts=0
[+21:04:41.391] VoxelMesh: Chunk X=0 Y=0 Z=0 FlatVerts=6054 SlopeVerts=2346
[+21:04:41.393] VoxelChunk: GenerateAsync (-2,3,-1)
[+21:04:41.395] VoxelMesh: Chunk X=-2 Y=3 Z=-1 FlatVerts=0 SlopeVerts=0
[+21:04:41.399] VoxelMesh: Chunk X=0 Y=0 Z=0 FlatVerts=0 SlopeVerts=0
[+21:04:41.399] VoxelChunk: GenerateAsync (0,-3,-3)
[+21:04:41.401] VoxelMesh: Chunk X=0 Y=-3 Z=-3 FlatVerts=0 SlopeVerts=0
[+21:04:41.406] VoxelMesh: Chunk X=0 Y=0 Z=0 FlatVerts=0 SlopeVerts=0
[+21:04:41.406] VoxelChunk: GenerateAsync (3,3,-3)
[+21:04:41.408] VoxelMesh: Chunk X=3 Y=3 Z=-3 FlatVerts=0 SlopeVerts=0
[+21:04:41.418] VoxelMesh: Chunk X=0 Y=0 Z=0 FlatVerts=6948 SlopeVerts=1038
[+21:04:41.420] VoxelChunk: GenerateAsync (-1,3,-1)
[+21:04:41.421] VoxelMesh: Chunk X=-1 Y=3 Z=-1 FlatVerts=0 SlopeVerts=0
[+21:04:41.425] VoxelMesh: Chunk X=0 Y=0 Z=0 FlatVerts=6060 SlopeVerts=1098
[+21:04:41.426] VoxelChunk: GenerateAsync (0,3,-1)
[+21:04:41.428] VoxelMesh: Chunk X=0 Y=3 Z=-1 FlatVerts=0 SlopeVerts=0
[+21:04:41.431] VoxelMesh: Chunk X=0 Y=0 Z=0 FlatVerts=2526 SlopeVerts=7044
[+21:04:41.432] VoxelChunk: GenerateAsync (3,0,0)
[+21:04:41.433] VoxelMesh: Chunk X=3 Y=0 Z=0 FlatVerts=432 SlopeVerts=438
[+21:04:41.437] VoxelMesh: Chunk X=0 Y=0 Z=0 FlatVerts=9288 SlopeVerts=3306
[+21:04:41.439] VoxelChunk: GenerateAsync (-3,1,0)
[+21:04:41.440] VoxelMesh: Chunk X=-3 Y=1 Z=0 FlatVerts=0 SlopeVerts=0
[+21:04:41.452] VoxelMesh: Chunk X=0 Y=0 Z=0 FlatVerts=3792 SlopeVerts=1224
[+21:04:41.453] VoxelChunk: GenerateAsync (1,3,-1)
[+21:04:41.456] VoxelMesh: Chunk X=1 Y=3 Z=-1 FlatVerts=0 SlopeVerts=0
[+21:04:41.458] VoxelMesh: Chunk X=0 Y=0 Z=0 FlatVerts=954 SlopeVerts=588
[+21:04:41.459] VoxelChunk: GenerateAsync (2,3,-1)
[+21:04:41.461] VoxelMesh: Chunk X=2 Y=3 Z=-1 FlatVerts=0 SlopeVerts=0
[+21:04:41.464] VoxelMesh: Chunk X=0 Y=0 Z=0 FlatVerts=0 SlopeVerts=0
[+21:04:41.464] VoxelChunk: GenerateAsync (-2,-3,-3)
[+21:04:41.466] VoxelMesh: Chunk X=-2 Y=-3 Z=-3 FlatVerts=0 SlopeVerts=0
[+21:04:41.471] VoxelMesh: Chunk X=0 Y=0 Z=0 FlatVerts=0 SlopeVerts=0
[+21:04:41.471] VoxelChunk: GenerateAsync (-3,-3,-3)
[+21:04:41.473] VoxelMesh: Chunk X=-3 Y=-3 Z=-3 FlatVerts=0 SlopeVerts=0
[+21:04:41.484] VoxelMesh: Chunk X=0 Y=0 Z=0 FlatVerts=0 SlopeVerts=0
[+21:04:41.485] VoxelChunk: GenerateAsync (-3,-3,-2)
[+21:04:41.487] VoxelMesh: Chunk X=-3 Y=-3 Z=-2 FlatVerts=0 SlopeVerts=0
[+21:04:41.492] VoxelMesh: Chunk X=0 Y=0 Z=0 FlatVerts=0 SlopeVerts=0
[+21:04:41.492] VoxelChunk: GenerateAsync (2,1,-3)
[+21:04:41.494] VoxelMesh: Chunk X=2 Y=1 Z=-3 FlatVerts=0 SlopeVerts=0
[+21:04:41.497] VoxelMesh: Chunk X=0 Y=0 Z=0 FlatVerts=6204 SlopeVerts=7032
[+21:04:41.498] VoxelChunk: GenerateAsync (-3,2,0)
[+21:04:41.500] VoxelMesh: Chunk X=-3 Y=2 Z=0 FlatVerts=0 SlopeVerts=0
[+21:04:41.505] VoxelMesh: Chunk X=0 Y=0 Z=0 FlatVerts=0 SlopeVerts=0
[+21:04:41.505] VoxelChunk: GenerateAsync (1,0,-3)
[+21:04:41.507] VoxelMesh: Chunk X=1 Y=0 Z=-3 FlatVerts=0 SlopeVerts=0
[+21:04:41.513] VoxelMesh: Chunk X=2 Y=1 Z=-1 FlatVerts=0 SlopeVerts=0
[+21:04:41.513] VoxelChunk: GenerateAsync (2,-3,1)
[+21:04:41.515] VoxelMesh: Chunk X=2 Y=-3 Z=1 FlatVerts=0 SlopeVerts=0
[+21:04:41.519] VoxelChunk: GenerateAsync (16,-21,2)
[+21:04:41.519] VoxelChunk: GenerateAsync (16,-20,2)
[+21:04:41.519] VoxelChunk: GenerateAsync (16,-19,2)
[+21:04:41.519] VoxelChunk: GenerateAsync (17,-21,2)
[+21:04:41.519] VoxelChunk: GenerateAsync (17,-20,2)
[+21:04:41.519] VoxelChunk: GenerateAsync (17,-19,2)
[+21:04:41.519] VoxelChunk: GenerateAsync (18,-21,2)
[+21:04:41.519] VoxelChunk: GenerateAsync (18,-20,2)
[+21:04:41.519] VoxelChunk: GenerateAsync (18,-19,2)
[+21:04:41.519] VoxelMesh: Chunk X=16 Y=-21 Z=2 FlatVerts=54 SlopeVerts=912
[+21:04:41.521] VoxelMesh: Chunk X=16 Y=-20 Z=2 FlatVerts=72 SlopeVerts=990
[+21:04:41.521] VoxelMesh: Chunk X=16 Y=-19 Z=2 FlatVerts=0 SlopeVerts=156
[+21:04:41.521] VoxelMesh: Chunk X=17 Y=-21 Z=2 FlatVerts=0 SlopeVerts=84
[+21:04:41.521] VoxelMesh: Chunk X=17 Y=-20 Z=2 FlatVerts=6 SlopeVerts=822
[+21:04:41.522] VoxelMesh: Chunk X=18 Y=-20 Z=2 FlatVerts=0 SlopeVerts=18
[+21:04:41.522] VoxelMesh: Chunk X=17 Y=-19 Z=2 FlatVerts=0 SlopeVerts=522
[+21:04:41.522] VoxelMesh: Chunk X=18 Y=-21 Z=2 FlatVerts=0 SlopeVerts=570
[+21:04:41.522] VoxelMesh: Chunk X=1 Y=0 Z=-3 FlatVerts=0 SlopeVerts=0
[+21:04:41.522] VoxelMesh: Chunk X=18 Y=-19 Z=2 FlatVerts=0 SlopeVerts=288
[+21:04:41.522] VoxelChunk: GenerateAsync (-3,0,-3)
[+21:04:41.523] VoxelMesh: Chunk X=-3 Y=0 Z=-3 FlatVerts=0 SlopeVerts=0
[+21:04:41.523] VoxelMesh: Chunk X=-3 Y=2 Z=0 FlatVerts=0 SlopeVerts=0
[+21:04:41.523] VoxelChunk: GenerateAsync (2,-1,-3)
[+21:04:41.525] VoxelMesh: Chunk X=2 Y=1 Z=-3 FlatVerts=0 SlopeVerts=0
[+21:04:41.525] VoxelChunk: GenerateAsync (0,-3,-1)
[+21:04:41.525] VoxelMesh: Chunk X=2 Y=-1 Z=-3 FlatVerts=0 SlopeVerts=0
[+21:04:41.527] VoxelMesh: Chunk X=0 Y=-3 Z=-1 FlatVerts=0 SlopeVerts=0
[+21:04:41.527] VoxelMesh: Chunk X=-3 Y=-3 Z=-2 FlatVerts=0 SlopeVerts=0
[+21:04:41.527] VoxelChunk: GenerateAsync (1,-3,-1)
[+21:04:41.529] VoxelMesh: Chunk X=1 Y=-3 Z=-1 FlatVerts=0 SlopeVerts=0
[+21:04:41.537] VoxelMesh: Chunk X=-3 Y=-3 Z=-3 FlatVerts=0 SlopeVerts=0
[+21:04:41.537] VoxelChunk: GenerateAsync (-1,-1,-3)
[+21:04:41.539] VoxelMesh: Chunk X=-2 Y=-3 Z=-3 FlatVerts=0 SlopeVerts=0
[+21:04:41.539] VoxelMesh: Chunk X=-1 Y=-1 Z=-3 FlatVerts=0 SlopeVerts=0
[+21:04:41.539] VoxelChunk: GenerateAsync (3,2,0)
[+21:04:41.542] VoxelMesh: Chunk X=2 Y=3 Z=-1 FlatVerts=0 SlopeVerts=0
[+21:04:41.542] VoxelChunk: GenerateAsync (-3,3,0)
[+21:04:41.543] VoxelMesh: Chunk X=3 Y=2 Z=0 FlatVerts=0 SlopeVerts=0
[+21:04:41.543] VoxelMesh: Chunk X=1 Y=3 Z=-1 FlatVerts=0 SlopeVerts=0
[+21:04:41.543] VoxelChunk: GenerateAsync (-2,3,0)
[+21:04:41.544] VoxelMesh: Chunk X=-3 Y=3 Z=0 FlatVerts=0 SlopeVerts=0
[+21:04:41.544] VoxelMesh: Chunk X=-2 Y=3 Z=0 FlatVerts=0 SlopeVerts=0
[+21:04:41.550] VoxelMesh: Chunk X=-3 Y=1 Z=0 FlatVerts=0 SlopeVerts=12
[+21:04:41.551] VoxelChunk: GenerateAsync (-1,3,0)
[+21:04:41.552] VoxelMesh: Chunk X=3 Y=0 Z=0 FlatVerts=0 SlopeVerts=0
[+21:04:41.552] VoxelChunk: GenerateAsync (0,3,0)
[+21:04:41.552] VoxelMesh: Chunk X=-1 Y=3 Z=0 FlatVerts=0 SlopeVerts=12
[+21:04:41.554] VoxelMesh: Chunk X=0 Y=3 Z=0 FlatVerts=0 SlopeVerts=0
[+21:04:41.554] VoxelMesh: Chunk X=0 Y=3 Z=-1 FlatVerts=0 SlopeVerts=0
[+21:04:41.554] VoxelChunk: GenerateAsync (1,3,0)
[+21:04:41.555] VoxelMesh: Chunk X=-1 Y=3 Z=-1 FlatVerts=0 SlopeVerts=0
[+21:04:41.555] VoxelMesh: Chunk X=1 Y=3 Z=0 FlatVerts=0 SlopeVerts=0
[+21:04:41.555] VoxelChunk: GenerateAsync (2,3,0)
[+21:04:41.557] VoxelMesh: Chunk X=2 Y=3 Z=0 FlatVerts=0 SlopeVerts=0
[+21:04:41.563] VoxelMesh: Chunk X=3 Y=3 Z=-3 FlatVerts=0 SlopeVerts=0
[+21:04:41.563] VoxelChunk: GenerateAsync (3,3,0)
[+21:04:41.563] VoxelMesh: Chunk X=0 Y=-3 Z=-3 FlatVerts=522 SlopeVerts=1476
[+21:04:41.565] VoxelChunk: GenerateAsync (-3,-3,1)
[+21:04:41.565] VoxelMesh: Chunk X=3 Y=3 Z=0 FlatVerts=0 SlopeVerts=0
[+21:04:41.566] VoxelMesh: Chunk X=-2 Y=3 Z=-1 FlatVerts=450 SlopeVerts=5076
[+21:04:41.566] VoxelMesh: Chunk X=-3 Y=-3 Z=1 FlatVerts=522 SlopeVerts=1476
[+21:04:41.566] VoxelChunk: GenerateAsync (-2,-3,1)
[+21:04:41.567] VoxelMesh: Chunk X=-3 Y=0 Z=0 FlatVerts=72 SlopeVerts=3234
[+21:04:41.568] VoxelMesh: Chunk X=-2 Y=-3 Z=1 FlatVerts=450 SlopeVerts=5076
[+21:04:41.568] VoxelChunk: GenerateAsync (-1,-3,1)
[+21:04:41.569] VoxelMesh: Chunk X=-1 Y=-3 Z=1 FlatVerts=72 SlopeVerts=3234
[+21:04:41.581] VoxelMesh: Chunk X=3 Y=-1 Z=0 FlatVerts=54 SlopeVerts=1068
[+21:04:41.581] VoxelChunk: GenerateAsync (0,-3,1)
[+21:04:41.583] VoxelMesh: Chunk X=-3 Y=3 Z=-1 FlatVerts=0 SlopeVerts=0
[+21:04:41.583] VoxelChunk: GenerateAsync (1,-3,1)
[+21:04:41.583] VoxelMesh: Chunk X=0 Y=-3 Z=1 FlatVerts=54 SlopeVerts=1068
[+21:04:41.584] VoxelMesh: Chunk X=1 Y=-3 Z=-3 FlatVerts=0 SlopeVerts=0
[+21:04:41.584] VoxelChunk: GenerateAsync (2,-3,1)
[+21:04:41.585] VoxelMesh: Chunk X=1 Y=-3 Z=1 FlatVerts=0 SlopeVerts=0
[+21:04:41.586] VoxelMesh: Chunk X=2 Y=-3 Z=-3 FlatVerts=60 SlopeVerts=318
[+21:04:41.586] VoxelChunk: GenerateAsync (3,-3,1)
[+21:04:41.586] VoxelMesh: Chunk X=2 Y=-3 Z=1 FlatVerts=0 SlopeVerts=0
[+21:04:41.587] VoxelMesh: Chunk X=3 Y=-3 Z=1 FlatVerts=60 SlopeVerts=318
[+21:04:41.592] VoxelMesh: Chunk X=-1 Y=-1 Z=-2 FlatVerts=60 SlopeVerts=318
[+21:04:41.593] VoxelChunk: GenerateAsync (3,-3,1)
[+21:04:41.593] VoxelMesh: Chunk X=3 Y=-3 Z=1 FlatVerts=60 SlopeVerts=318
[+21:04:41.596] VoxelMesh: Chunk X=3 Y=-3 Z=-3 FlatVerts=0 SlopeVerts=750
[+21:04:41.596] VoxelChunk: GenerateAsync (-3,-2,1)
[+21:04:41.597] VoxelMesh: Chunk X=3 Y=2 Z=-1 FlatVerts=0 SlopeVerts=0
[+21:04:41.597] VoxelChunk: GenerateAsync (3,-2,-1)
[+21:04:41.597] VoxelMesh: Chunk X=-3 Y=-2 Z=1 FlatVerts=0 SlopeVerts=750
[+21:04:41.599] VoxelMesh: Chunk X=1 Y=1 Z=-3 FlatVerts=0 SlopeVerts=0
[+21:04:41.599] VoxelChunk: GenerateAsync (-3,-3,0)
[+21:04:41.599] VoxelMesh: Chunk X=3 Y=-2 Z=-1 FlatVerts=0 SlopeVerts=0
[+21:04:41.600] VoxelMesh: Chunk X=3 Y=-2 Z=0 FlatVerts=0 SlopeVerts=12
[+21:04:41.600] VoxelMesh: Chunk X=-3 Y=-3 Z=0 FlatVerts=0 SlopeVerts=0
[+21:04:41.600] VoxelChunk: GenerateAsync (-3,1,2)
[+21:04:41.601] VoxelMesh: Chunk X=-3 Y=1 Z=2 FlatVerts=0 SlopeVerts=12
[+21:04:41.608] VoxelMesh: Chunk X=-2 Y=-1 Z=0 FlatVerts=0 SlopeVerts=2652
[+21:04:41.609] VoxelChunk: GenerateAsync (2,3,3)
[+21:04:41.610] VoxelMesh: Chunk X=2 Y=3 Z=3 FlatVerts=0 SlopeVerts=2652
[+21:04:41.610] VoxelMesh: Chunk X=-2 Y=-3 Z=-2 FlatVerts=0 SlopeVerts=1308
[+21:04:41.610] VoxelChunk: GenerateAsync (1,3,3)
[+21:04:41.612] VoxelMesh: Chunk X=-3 Y=2 Z=-2 FlatVerts=1620 SlopeVerts=2238
[+21:04:41.613] VoxelChunk: GenerateAsync (3,-2,1)
[+21:04:41.613] VoxelMesh: Chunk X=1 Y=3 Z=3 FlatVerts=0 SlopeVerts=1308
[+21:04:41.614] VoxelMesh: Chunk X=3 Y=-2 Z=1 FlatVerts=1620 SlopeVerts=2238
[+21:04:41.614] VoxelMesh: Chunk X=3 Y=-3 Z=0 FlatVerts=0 SlopeVerts=0
[+21:04:41.614] VoxelChunk: GenerateAsync (-3,-1,1)
[+21:04:41.616] VoxelMesh: Chunk X=-3 Y=-1 Z=1 FlatVerts=0 SlopeVerts=0
[+21:04:41.623] VoxelMesh: Chunk X=-1 Y=-3 Z=-2 FlatVerts=0 SlopeVerts=30
[+21:04:41.623] VoxelChunk: GenerateAsync (-2,-3,3)
[+21:04:41.625] VoxelMesh: Chunk X=3 Y=1 Z=-3 FlatVerts=12 SlopeVerts=2208
[+21:04:41.626] VoxelChunk: GenerateAsync (-3,1,3)
[+21:04:41.627] VoxelMesh: Chunk X=-2 Y=-3 Z=3 FlatVerts=0 SlopeVerts=30
[+21:04:41.627] VoxelMesh: Chunk X=-3 Y=1 Z=3 FlatVerts=12 SlopeVerts=2208
[+21:04:41.628] VoxelMesh: Chunk X=3 Y=3 Z=3 FlatVerts=0 SlopeVerts=4332
[+21:04:41.628] VoxelChunk: GenerateAsync (-1,-3,3)
[+21:04:41.630] VoxelMesh: Chunk X=3 Y=1 Z=-2 FlatVerts=0 SlopeVerts=0
[+21:04:41.630] VoxelChunk: GenerateAsync (1,-1,3)
[+21:04:41.631] VoxelMesh: Chunk X=-1 Y=-3 Z=3 FlatVerts=0 SlopeVerts=4332
[+21:04:41.631] VoxelMesh: Chunk X=1 Y=-1 Z=3 FlatVerts=0 SlopeVerts=0
[+21:04:41.639] VoxelMesh: Chunk X=-3 Y=-2 Z=0 FlatVerts=144 SlopeVerts=7656
[+21:04:41.640] VoxelChunk: GenerateAsync (-2,1,3)
[+21:04:41.642] VoxelMesh: Chunk X=0 Y=-3 Z=-2 FlatVerts=0 SlopeVerts=0
[+21:04:41.642] VoxelMesh: Chunk X=-2 Y=1 Z=3 FlatVerts=144 SlopeVerts=7656
[+21:04:41.642] VoxelChunk: GenerateAsync (0,2,3)
[+21:04:41.643] VoxelMesh: Chunk X=-3 Y=-1 Z=0 FlatVerts=12 SlopeVerts=5172
[+21:04:41.644] VoxelMesh: Chunk X=0 Y=2 Z=3 FlatVerts=0 SlopeVerts=0
[+21:04:41.644] VoxelChunk: GenerateAsync (0,-3,3)
[+21:04:41.646] VoxelMesh: Chunk X=0 Y=-3 Z=3 FlatVerts=12 SlopeVerts=5172
[+21:04:41.646] VoxelMesh: Chunk X=1 Y=-3 Z=-2 FlatVerts=12 SlopeVerts=3810
[+21:04:41.647] VoxelChunk: GenerateAsync (1,-2,3)
[+21:04:41.648] VoxelMesh: Chunk X=1 Y=-2 Z=3 FlatVerts=12 SlopeVerts=3810
[+21:04:41.658] VoxelMesh: Chunk X=-3 Y=2 Z=-3 FlatVerts=0 SlopeVerts=0
[+21:04:41.658] VoxelChunk: GenerateAsync (2,-1,3)
[+21:04:41.659] VoxelMesh: Chunk X=2 Y=0 Z=-3 FlatVerts=0 SlopeVerts=1560
[+21:04:41.659] VoxelChunk: GenerateAsync (-3,0,3)
[+21:04:41.661] VoxelMesh: Chunk X=2 Y=-1 Z=3 FlatVerts=0 SlopeVerts=0
[+21:04:41.661] VoxelMesh: Chunk X=-3 Y=0 Z=3 FlatVerts=0 SlopeVerts=1560
[+21:04:41.662] VoxelMesh: Chunk X=3 Y=2 Z=-2 FlatVerts=0 SlopeVerts=294
[+21:04:41.662] VoxelChunk: GenerateAsync (-1,1,3)
[+21:04:41.663] VoxelMesh: Chunk X=-3 Y=3 Z=-2 FlatVerts=6 SlopeVerts=912
[+21:04:41.663] VoxelChunk: GenerateAsync (-3,2,3)
[+21:04:41.664] VoxelMesh: Chunk X=-3 Y=2 Z=3 FlatVerts=6 SlopeVerts=912
[+21:04:41.664] VoxelMesh: Chunk X=-1 Y=1 Z=3 FlatVerts=0 SlopeVerts=294
[+21:04:41.673] VoxelMesh: Chunk X=2 Y=-3 Z=-2 FlatVerts=0 SlopeVerts=732
[+21:04:41.673] VoxelChunk: GenerateAsync (1,2,3)
[+21:04:41.674] VoxelMesh: Chunk X=1 Y=2 Z=3 FlatVerts=0 SlopeVerts=732
[+21:04:41.675] VoxelMesh: Chunk X=-2 Y=3 Z=-2 FlatVerts=60 SlopeVerts=3072
[+21:04:41.675] VoxelChunk: GenerateAsync (-3,3,3)
[+21:04:41.676] VoxelMesh: Chunk X=-1 Y=3 Z=-2 FlatVerts=0 SlopeVerts=4692
[+21:04:41.676] VoxelChunk: GenerateAsync (1,-3,3)
[+21:04:41.676] VoxelMesh: Chunk X=-3 Y=3 Z=3 FlatVerts=60 SlopeVerts=3072
[+21:04:41.678] VoxelMesh: Chunk X=3 Y=-3 Z=-2 FlatVerts=0 SlopeVerts=6270
[+21:04:41.678] VoxelMesh: Chunk X=1 Y=-3 Z=3 FlatVerts=0 SlopeVerts=4692
[+21:04:41.678] VoxelChunk: GenerateAsync (-2,-2,3)
[+21:04:41.680] VoxelMesh: Chunk X=-2 Y=-2 Z=3 FlatVerts=0 SlopeVerts=6270
[+21:04:41.689] VoxelMesh: Chunk X=-2 Y=2 Z=-3 FlatVerts=6 SlopeVerts=3090
[+21:04:41.690] VoxelChunk: GenerateAsync (2,-2,3)
[+21:04:41.692] VoxelMesh: Chunk X=0 Y=3 Z=-2 FlatVerts=0 SlopeVerts=72
[+21:04:41.693] VoxelMesh: Chunk X=2 Y=-2 Z=3 FlatVerts=6 SlopeVerts=3090
[+21:04:41.693] VoxelChunk: GenerateAsync (0,-1,3)
[+21:04:41.694] VoxelMesh: Chunk X=1 Y=3 Z=-2 FlatVerts=126 SlopeVerts=1146
[+21:04:41.694] VoxelMesh: Chunk X=0 Y=-1 Z=3 FlatVerts=0 SlopeVerts=72
[+21:04:41.694] VoxelChunk: GenerateAsync (3,1,1)
[+21:04:41.696] VoxelMesh: Chunk X=-3 Y=-2 Z=-2 FlatVerts=0 SlopeVerts=0
[+21:04:41.696] VoxelMesh: Chunk X=3 Y=1 Z=1 FlatVerts=126 SlopeVerts=1146
[+21:04:41.697] VoxelChunk: GenerateAsync (3,-1,3)
[+21:04:41.698] VoxelMesh: Chunk X=3 Y=-1 Z=3 FlatVerts=0 SlopeVerts=0
[+21:04:41.704] VoxelMesh: Chunk X=0 Y=2 Z=-2 FlatVerts=0 SlopeVerts=750
[+21:04:41.704] VoxelChunk: GenerateAsync (-3,-2,1)
[+21:04:41.706] VoxelMesh: Chunk X=-3 Y=-2 Z=1 FlatVerts=0 SlopeVerts=750
[+21:04:41.707] VoxelMesh: Chunk X=2 Y=3 Z=-2 FlatVerts=0 SlopeVerts=5352
[+21:04:41.707] VoxelChunk: GenerateAsync (-2,0,3)
[+21:04:41.709] VoxelMesh: Chunk X=-1 Y=-3 Z=-3 FlatVerts=0 SlopeVerts=0
[+21:04:41.709] VoxelChunk: GenerateAsync (1,0,3)
[+21:04:41.709] VoxelMesh: Chunk X=-2 Y=0 Z=3 FlatVerts=0 SlopeVerts=5352
[+21:04:41.712] VoxelMesh: Chunk X=3 Y=3 Z=-2 FlatVerts=0 SlopeVerts=0
[+21:04:41.712] VoxelMesh: Chunk X=1 Y=0 Z=3 FlatVerts=0 SlopeVerts=0
[+21:04:41.712] VoxelChunk: GenerateAsync (0,1,3)
[+21:04:41.713] VoxelMesh: Chunk X=-1 Y=2 Z=-3 FlatVerts=0 SlopeVerts=0
[+21:04:41.713] VoxelChunk: GenerateAsync (1,1,3)
[+21:04:41.713] VoxelMesh: Chunk X=0 Y=1 Z=3 FlatVerts=0 SlopeVerts=0
[+21:04:41.714] VoxelMesh: Chunk X=1 Y=1 Z=3 FlatVerts=0 SlopeVerts=0
[+21:04:41.723] VoxelMesh: Chunk X=3 Y=0 Z=-3 FlatVerts=18 SlopeVerts=4662
[+21:04:41.724] VoxelChunk: GenerateAsync (-2,2,3)
[+21:04:41.725] VoxelMesh: Chunk X=-2 Y=0 Z=-3 FlatVerts=1170 SlopeVerts=2454
[+21:04:41.726] VoxelChunk: GenerateAsync (3,0,1)
[+21:04:41.726] VoxelMesh: Chunk X=-2 Y=2 Z=3 FlatVerts=18 SlopeVerts=4662
[+21:04:41.727] VoxelMesh: Chunk X=-3 Y=-3 Z=-1 FlatVerts=0 SlopeVerts=2184
[+21:04:41.727] VoxelMesh: Chunk X=3 Y=0 Z=1 FlatVerts=1170 SlopeVerts=2454
[+21:04:41.727] VoxelChunk: GenerateAsync (2,2,3)
[+21:04:41.728] VoxelMesh: Chunk X=3 Y=1 Z=0 FlatVerts=0 SlopeVerts=1038
[+21:04:41.728] VoxelMesh: Chunk X=2 Y=2 Z=3 FlatVerts=0 SlopeVerts=2184
[+21:04:41.728] VoxelChunk: GenerateAsync (3,2,3)
[+21:04:41.729] VoxelMesh: Chunk X=3 Y=2 Z=3 FlatVerts=0 SlopeVerts=1038
[+21:04:41.744] VoxelMesh: Chunk X=-2 Y=-3 Z=-1 FlatVerts=0 SlopeVerts=1026
[+21:04:41.744] VoxelChunk: GenerateAsync (-2,3,3)
[+21:04:41.746] VoxelMesh: Chunk X=-1 Y=-3 Z=-1 FlatVerts=660 SlopeVerts=1860
[+21:04:41.746] VoxelChunk: GenerateAsync (0,3,1)
[+21:04:41.746] VoxelMesh: Chunk X=-2 Y=3 Z=3 FlatVerts=0 SlopeVerts=1026
[+21:04:41.747] VoxelMesh: Chunk X=0 Y=3 Z=1 FlatVerts=660 SlopeVerts=1860
[+21:04:41.747] VoxelMesh: Chunk X=1 Y=-1 Z=-3 FlatVerts=12 SlopeVerts=3114
[+21:04:41.747] VoxelChunk: GenerateAsync (2,-3,3)
[+21:04:41.749] VoxelMesh: Chunk X=2 Y=-3 Z=3 FlatVerts=12 SlopeVerts=3114
[+21:04:41.749] VoxelMesh: Chunk X=0 Y=2 Z=-3 FlatVerts=0 SlopeVerts=4488
[+21:04:41.750] VoxelChunk: GenerateAsync (3,-3,3)
[+21:04:41.751] VoxelMesh: Chunk X=3 Y=-3 Z=3 FlatVerts=0 SlopeVerts=4488
[+21:04:41.760] VoxelMesh: Chunk X=2 Y=-3 Z=-1 FlatVerts=6 SlopeVerts=2718
[+21:04:41.760] VoxelChunk: GenerateAsync (-1,-2,3)
[+21:04:41.763] VoxelMesh: Chunk X=-1 Y=-2 Z=3 FlatVerts=6 SlopeVerts=2718
[+21:04:41.763] VoxelMesh: Chunk X=3 Y=-3 Z=-1 FlatVerts=66 SlopeVerts=4050
[+21:04:41.764] VoxelChunk: GenerateAsync (0,-2,3)
[+21:04:41.766] VoxelMesh: Chunk X=-3 Y=-2 Z=-1 FlatVerts=0 SlopeVerts=0
[+21:04:41.766] VoxelChunk: GenerateAsync (3,-2,3)
[+21:04:41.766] VoxelMesh: Chunk X=0 Y=-2 Z=3 FlatVerts=66 SlopeVerts=4050
[+21:04:41.767] VoxelMesh: Chunk X=1 Y=2 Z=-3 FlatVerts=66 SlopeVerts=4182
[+21:04:41.767] VoxelMesh: Chunk X=3 Y=-2 Z=3 FlatVerts=0 SlopeVerts=0
[+21:04:41.768] VoxelChunk: GenerateAsync (-2,-1,3)
[+21:04:41.769] VoxelMesh: Chunk X=-2 Y=-1 Z=3 FlatVerts=66 SlopeVerts=4182
[+21:04:41.779] VoxelMesh: Chunk X=-3 Y=1 Z=-3 FlatVerts=0 SlopeVerts=4014
[+21:04:41.779] VoxelChunk: GenerateAsync (0,-3,2)
[+21:04:41.780] VoxelMesh: Chunk X=3 Y=-2 Z=-2 FlatVerts=0 SlopeVerts=666
[+21:04:41.781] VoxelChunk: GenerateAsync (1,-3,2)
[+21:04:41.781] VoxelMesh: Chunk X=0 Y=-3 Z=2 FlatVerts=0 SlopeVerts=4014
[+21:04:41.782] VoxelMesh: Chunk X=-3 Y=-1 Z=-2 FlatVerts=0 SlopeVerts=30
[+21:04:41.782] VoxelChunk: GenerateAsync (2,-3,2)
[+21:04:41.782] VoxelMesh: Chunk X=1 Y=-3 Z=2 FlatVerts=0 SlopeVerts=666
[+21:04:41.783] VoxelMesh: Chunk X=2 Y=-3 Z=2 FlatVerts=0 SlopeVerts=30
[+21:04:41.783] VoxelMesh: Chunk X=2 Y=2 Z=-3 FlatVerts=0 SlopeVerts=2658
[+21:04:41.784] VoxelChunk: GenerateAsync (3,-3,2)
[+21:04:41.785] VoxelMesh: Chunk X=3 Y=-3 Z=2 FlatVerts=0 SlopeVerts=2658
[+21:04:41.793] VoxelMesh: Chunk X=0 Y=-1 Z=-3 FlatVerts=18 SlopeVerts=2742
[+21:04:41.793] VoxelChunk: GenerateAsync (-3,-2,2)
[+21:04:41.795] VoxelMesh: Chunk X=-3 Y=-2 Z=2 FlatVerts=18 SlopeVerts=2742
[+21:04:41.795] VoxelMesh: Chunk X=-3 Y=-1 Z=-1 FlatVerts=0 SlopeVerts=0
[+21:04:41.795] VoxelChunk: GenerateAsync (-3,2,1)
[+21:04:41.797] VoxelMesh: Chunk X=3 Y=2 Z=-3 FlatVerts=108 SlopeVerts=6228
[+21:04:41.797] VoxelMesh: Chunk X=-3 Y=2 Z=1 FlatVerts=0 SlopeVerts=0
[+21:04:41.798] VoxelChunk: GenerateAsync (-1,0,3)
[+21:04:41.799] VoxelMesh: Chunk X=-2 Y=1 Z=-3 FlatVerts=0 SlopeVerts=42
[+21:04:41.799] VoxelChunk: GenerateAsync (0,0,3)
[+21:04:41.799] VoxelMesh: Chunk X=-1 Y=0 Z=3 FlatVerts=108 SlopeVerts=6228
[+21:04:41.801] VoxelMesh: Chunk X=0 Y=0 Z=3 FlatVerts=0 SlopeVerts=42
[+21:04:41.808] VoxelMesh: Chunk X=2 Y=1 Z=0 FlatVerts=1620 SlopeVerts=2238
[+21:04:41.812] VoxelChunk: GenerateAsync (3,-2,1)
[+21:04:41.812] VoxelMesh: Chunk X=3 Y=-2 Z=1 FlatVerts=1620 SlopeVerts=2238
[+21:04:41.817] VoxelMesh: Chunk X=-1 Y=0 Z=-3 FlatVerts=0 SlopeVerts=0
[+21:04:41.817] VoxelChunk: GenerateAsync (2,0,3)
[+21:04:41.819] VoxelMesh: Chunk X=3 Y=-1 Z=-3 FlatVerts=0 SlopeVerts=252
[+21:04:41.819] VoxelChunk: GenerateAsync (3,0,3)
[+21:04:41.819] VoxelMesh: Chunk X=2 Y=0 Z=3 FlatVerts=0 SlopeVerts=0
[+21:04:41.821] VoxelMesh: Chunk X=3 Y=0 Z=3 FlatVerts=0 SlopeVerts=252
[+21:04:41.821] VoxelMesh: Chunk X=-2 Y=-1 Z=-3 FlatVerts=102 SlopeVerts=1170
[+21:04:41.821] VoxelChunk: GenerateAsync (3,-2,2)
[+21:04:41.822] VoxelMesh: Chunk X=-3 Y=-1 Z=-3 FlatVerts=0 SlopeVerts=0
[+21:04:41.823] VoxelMesh: Chunk X=3 Y=-2 Z=2 FlatVerts=102 SlopeVerts=1170
[+21:04:41.823] VoxelChunk: GenerateAsync (-3,-1,2)
[+21:04:41.825] VoxelMesh: Chunk X=-3 Y=-1 Z=2 FlatVerts=0 SlopeVerts=0
[+21:04:41.831] VoxelMesh: Chunk X=3 Y=-2 Z=-3 FlatVerts=0 SlopeVerts=1170
[+21:04:41.832] VoxelChunk: GenerateAsync (2,1,3)
[+21:04:41.833] VoxelMesh: Chunk X=-3 Y=3 Z=-3 FlatVerts=0 SlopeVerts=2766
[+21:04:41.833] VoxelMesh: Chunk X=2 Y=1 Z=3 FlatVerts=0 SlopeVerts=1170
[+21:04:41.833] VoxelChunk: GenerateAsync (3,1,3)
[+21:04:41.834] VoxelMesh: Chunk X=3 Y=1 Z=3 FlatVerts=0 SlopeVerts=2766
[+21:04:41.835] VoxelMesh: Chunk X=3 Y=-1 Z=-1 FlatVerts=0 SlopeVerts=0
[+21:04:41.835] VoxelChunk: GenerateAsync (-1,2,3)
[+21:04:41.836] VoxelMesh: Chunk X=-3 Y=0 Z=-1 FlatVerts=1392 SlopeVerts=2544
[+21:04:41.837] VoxelChunk: GenerateAsync (3,-1,1)
[+21:04:41.837] VoxelMesh: Chunk X=-1 Y=2 Z=3 FlatVerts=0 SlopeVerts=0
[+21:04:41.838] VoxelMesh: Chunk X=3 Y=-1 Z=1 FlatVerts=1392 SlopeVerts=2544
[+21:04:41.845] VoxelMesh: Chunk X=2 Y=-2 Z=-3 FlatVerts=0 SlopeVerts=0
[+21:04:41.846] VoxelChunk: GenerateAsync (3,2,1)
[+21:04:41.848] VoxelMesh: Chunk X=3 Y=2 Z=1 FlatVerts=0 SlopeVerts=0
[+21:04:41.848] VoxelMesh: Chunk X=3 Y=-1 Z=-2 FlatVerts=84 SlopeVerts=120
[+21:04:41.848] VoxelChunk: GenerateAsync (3,-1,2)
[+21:04:41.850] VoxelMesh: Chunk X=-2 Y=3 Z=-3 FlatVerts=0 SlopeVerts=18
[+21:04:41.850] VoxelChunk: GenerateAsync (-3,0,2)
[+21:04:41.851] VoxelMesh: Chunk X=3 Y=-1 Z=2 FlatVerts=84 SlopeVerts=120
[+21:04:41.851] VoxelMesh: Chunk X=-1 Y=1 Z=-3 FlatVerts=0 SlopeVerts=0
[+21:04:41.851] VoxelChunk: GenerateAsync (-3,3,1)
[+21:04:41.851] VoxelMesh: Chunk X=-3 Y=0 Z=2 FlatVerts=0 SlopeVerts=18
[+21:04:41.852] VoxelMesh: Chunk X=-3 Y=3 Z=1 FlatVerts=0 SlopeVerts=0
[+21:04:41.859] VoxelMesh: Chunk X=1 Y=-2 Z=-3 FlatVerts=0 SlopeVerts=0
[+21:04:41.859] VoxelChunk: GenerateAsync (-3,1,1)
[+21:04:41.860] VoxelMesh: Chunk X=0 Y=-2 Z=-3 FlatVerts=90 SlopeVerts=372
[+21:04:41.860] VoxelChunk: GenerateAsync (-2,3,1)
[+21:04:41.861] VoxelMesh: Chunk X=-3 Y=1 Z=1 FlatVerts=0 SlopeVerts=0
[+21:04:41.861] VoxelMesh: Chunk X=-2 Y=3 Z=1 FlatVerts=90 SlopeVerts=372
[+21:04:41.862] VoxelMesh: Chunk X=-3 Y=0 Z=-2 FlatVerts=0 SlopeVerts=0
[+21:04:41.862] VoxelChunk: GenerateAsync (-3,0,1)
[+21:04:41.863] VoxelMesh: Chunk X=3 Y=0 Z=-1 FlatVerts=564 SlopeVerts=1836
[+21:04:41.863] VoxelMesh: Chunk X=-3 Y=0 Z=1 FlatVerts=0 SlopeVerts=0
[+21:04:41.863] VoxelChunk: GenerateAsync (-1,3,1)
[+21:04:41.864] VoxelMesh: Chunk X=-1 Y=3 Z=1 FlatVerts=564 SlopeVerts=1836
[+21:04:41.872] VoxelMesh: Chunk X=-1 Y=3 Z=-3 FlatVerts=18 SlopeVerts=1110
[+21:04:41.873] VoxelChunk: GenerateAsync (3,0,2)
[+21:04:41.874] VoxelMesh: Chunk X=3 Y=0 Z=2 FlatVerts=18 SlopeVerts=1110
[+21:04:41.874] VoxelMesh: Chunk X=-3 Y=1 Z=-1 FlatVerts=0 SlopeVerts=0
[+21:04:41.875] VoxelChunk: GenerateAsync (0,3,3)
[+21:04:41.876] VoxelMesh: Chunk X=-1 Y=-2 Z=-3 FlatVerts=0 SlopeVerts=0
[+21:04:41.876] VoxelChunk: GenerateAsync (-1,3,3)
[+21:04:41.876] VoxelMesh: Chunk X=0 Y=3 Z=3 FlatVerts=0 SlopeVerts=0
[+21:04:41.877] VoxelMesh: Chunk X=-2 Y=-2 Z=-3 FlatVerts=252 SlopeVerts=636
[+21:04:41.877] VoxelChunk: GenerateAsync (1,3,1)
[+21:04:41.878] VoxelMesh: Chunk X=1 Y=3 Z=1 FlatVerts=252 SlopeVerts=636
[+21:04:41.878] VoxelMesh: Chunk X=-1 Y=3 Z=3 FlatVerts=0 SlopeVerts=0
[+21:04:41.886] VoxelMesh: Chunk X=0 Y=3 Z=-3 FlatVerts=36 SlopeVerts=5958
[+21:04:41.886] VoxelChunk: GenerateAsync (-3,-2,3)
[+21:04:41.888] VoxelMesh: Chunk X=0 Y=1 Z=-3 FlatVerts=0 SlopeVerts=0
[+21:04:41.888] VoxelChunk: GenerateAsync (2,3,1)
[+21:04:41.888] VoxelMesh: Chunk X=-3 Y=-2 Z=3 FlatVerts=36 SlopeVerts=5958
[+21:04:41.889] VoxelMesh: Chunk X=3 Y=3 Z=-1 FlatVerts=0 SlopeVerts=0
[+21:04:41.889] VoxelChunk: GenerateAsync (3,3,1)
[+21:04:41.889] VoxelMesh: Chunk X=2 Y=3 Z=1 FlatVerts=0 SlopeVerts=0
[+21:04:41.891] VoxelMesh: Chunk X=3 Y=3 Z=1 FlatVerts=0 SlopeVerts=0
[+21:04:41.891] VoxelMesh: Chunk X=0 Y=0 Z=-3 FlatVerts=0 SlopeVerts=2052
[+21:04:41.891] VoxelChunk: GenerateAsync (3,1,2)
[+21:04:41.893] VoxelMesh: Chunk X=3 Y=1 Z=2 FlatVerts=0 SlopeVerts=2052
[+21:04:41.900] VoxelMesh: Chunk X=-2 Y=-3 Z=0 FlatVerts=0 SlopeVerts=0
[+21:04:41.901] VoxelChunk: GenerateAsync (-3,2,2)
[+21:04:41.903] VoxelMesh: Chunk X=-3 Y=2 Z=2 FlatVerts=0 SlopeVerts=0
[+21:04:41.903] VoxelMesh: Chunk X=-1 Y=-3 Z=0 FlatVerts=120 SlopeVerts=4998
[+21:04:41.904] VoxelChunk: GenerateAsync (-3,-3,2)
[+21:04:41.905] VoxelMesh: Chunk X=0 Y=-3 Z=0 FlatVerts=0 SlopeVerts=714
[+21:04:41.905] VoxelChunk: GenerateAsync (-3,-1,3)
[+21:04:41.905] VoxelMesh: Chunk X=-3 Y=-3 Z=2 FlatVerts=120 SlopeVerts=4998
[+21:04:41.907] VoxelMesh: Chunk X=1 Y=-3 Z=0 FlatVerts=0 SlopeVerts=2592
[+21:04:41.907] VoxelMesh: Chunk X=-3 Y=-1 Z=3 FlatVerts=0 SlopeVerts=714
[+21:04:41.907] VoxelChunk: GenerateAsync (-2,-3,2)
[+21:04:41.908] VoxelMesh: Chunk X=-2 Y=-3 Z=2 FlatVerts=0 SlopeVerts=2592
[+21:04:41.916] VoxelMesh: Chunk X=-2 Y=0 Z=0 FlatVerts=0 SlopeVerts=0
[+21:04:41.916] VoxelChunk: GenerateAsync (-3,-1,1)
[+21:04:41.918] VoxelMesh: Chunk X=-3 Y=-1 Z=1 FlatVerts=0 SlopeVerts=0
[+21:04:41.918] VoxelMesh: Chunk X=2 Y=-3 Z=0 FlatVerts=12 SlopeVerts=4242
[+21:04:41.919] VoxelChunk: GenerateAsync (-1,-1,3)
[+21:04:41.920] VoxelMesh: Chunk X=-3 Y=-2 Z=-3 FlatVerts=0 SlopeVerts=3492
[+21:04:41.921] VoxelChunk: GenerateAsync (-1,-3,2)
[+21:04:41.921] VoxelMesh: Chunk X=-1 Y=-1 Z=3 FlatVerts=12 SlopeVerts=4242
[+21:04:41.922] VoxelMesh: Chunk X=3 Y=1 Z=-1 FlatVerts=0 SlopeVerts=12
[+21:04:41.922] VoxelChunk: GenerateAsync (3,2,2)
[+21:04:41.923] VoxelMesh: Chunk X=-1 Y=-3 Z=2 FlatVerts=0 SlopeVerts=3492
[+21:04:41.923] VoxelMesh: Chunk X=-3 Y=2 Z=-1 FlatVerts=6 SlopeVerts=1368
[+21:04:41.923] VoxelChunk: GenerateAsync (-3,3,2)
[+21:04:41.923] VoxelMesh: Chunk X=3 Y=2 Z=2 FlatVerts=0 SlopeVerts=12
[+21:04:41.925] VoxelMesh: Chunk X=-3 Y=3 Z=2 FlatVerts=6 SlopeVerts=1368
[+21:04:41.933] VoxelMesh: Chunk X=1 Y=3 Z=-3 FlatVerts=1056 SlopeVerts=3390
[+21:04:41.933] VoxelChunk: GenerateAsync (-2,3,2)
[+21:04:41.936] VoxelMesh: Chunk X=3 Y=0 Z=-2 FlatVerts=1494 SlopeVerts=1200
[+21:04:41.936] VoxelMesh: Chunk X=-2 Y=3 Z=2 FlatVerts=1056 SlopeVerts=3390
[+21:04:41.937] VoxelChunk: GenerateAsync (-1,3,2)
[+21:04:41.939] VoxelMesh: Chunk X=-3 Y=1 Z=-2 FlatVerts=1398 SlopeVerts=1296
[+21:04:41.939] VoxelMesh: Chunk X=-1 Y=3 Z=2 FlatVerts=1494 SlopeVerts=1200
[+21:04:41.939] VoxelChunk: GenerateAsync (0,3,2)
[+21:04:41.940] VoxelMesh: Chunk X=0 Y=3 Z=2 FlatVerts=1398 SlopeVerts=1296
[+21:04:41.940] VoxelMesh: Chunk X=2 Y=3 Z=-3 FlatVerts=1302 SlopeVerts=2742
[+21:04:41.940] VoxelChunk: GenerateAsync (1,3,2)
[+21:04:41.942] VoxelMesh: Chunk X=1 Y=3 Z=2 FlatVerts=1302 SlopeVerts=2742
[+21:04:41.957] VoxelMesh: Chunk X=0 Y=0 Z=0 FlatVerts=2838 SlopeVerts=3324
[+21:04:41.958] VoxelChunk: GenerateAsync (2,3,2)
[+21:04:41.960] VoxelMesh: Chunk X=2 Y=3 Z=2 FlatVerts=30 SlopeVerts=2148
[+21:04:41.965] VoxelMesh: Chunk X=0 Y=0 Z=0 FlatVerts=2334 SlopeVerts=1128
[+21:04:41.966] VoxelChunk: GenerateAsync (3,3,2)
[+21:04:41.967] VoxelMesh: Chunk X=3 Y=3 Z=2 FlatVerts=246 SlopeVerts=4416
[+21:04:41.974] VoxelMesh: Chunk X=0 Y=0 Z=0 FlatVerts=0 SlopeVerts=0
[+21:04:41.974] VoxelChunk: GenerateAsync (-3,-3,3)
[+21:04:41.976] VoxelMesh: Chunk X=-3 Y=-3 Z=3 FlatVerts=0 SlopeVerts=348
[+21:04:41.980] VoxelMesh: Chunk X=0 Y=0 Z=0 FlatVerts=0 SlopeVerts=0
[+21:04:41.980] VoxelChunk: GenerateAsync (2,3,-4)
[+21:04:41.981] VoxelMesh: Chunk X=2 Y=3 Z=-4 FlatVerts=0 SlopeVerts=0
[+21:04:42.000] VoxelMesh: Chunk X=0 Y=0 Z=0 FlatVerts=0 SlopeVerts=0
[+21:04:42.001] VoxelChunk: GenerateAsync (0,-2,-4)
[+21:04:42.003] VoxelMesh: Chunk X=0 Y=-2 Z=-4 FlatVerts=0 SlopeVerts=0
[+21:04:42.006] VoxelMesh: Chunk X=0 Y=0 Z=0 FlatVerts=0 SlopeVerts=0
[+21:04:42.007] VoxelChunk: GenerateAsync (-1,-2,-4)
[+21:04:42.009] VoxelMesh: Chunk X=-1 Y=-2 Z=-4 FlatVerts=0 SlopeVerts=0
[+21:04:42.012] VoxelMesh: Chunk X=0 Y=0 Z=0 FlatVerts=0 SlopeVerts=0
[+21:04:42.012] VoxelChunk: GenerateAsync (-2,2,-4)
[+21:04:42.015] VoxelMesh: Chunk X=-2 Y=2 Z=-4 FlatVerts=0 SlopeVerts=0
[+21:04:42.019] VoxelMesh: Chunk X=0 Y=0 Z=0 FlatVerts=0 SlopeVerts=0
[+21:04:42.019] VoxelChunk: GenerateAsync (-2,-2,-4)
[+21:04:42.021] VoxelMesh: Chunk X=-2 Y=-2 Z=-4 FlatVerts=0 SlopeVerts=0
[+21:04:42.033] VoxelMesh: Chunk X=-2 Y=-2 Z=-4 FlatVerts=0 SlopeVerts=0
[+21:04:42.033] VoxelChunk: GenerateAsync (-3,-2,-4)
[+21:04:42.034] VoxelMesh: Chunk X=-2 Y=2 Z=-4 FlatVerts=0 SlopeVerts=0
[+21:04:42.034] VoxelChunk: GenerateAsync (-3,2,-4)
[+21:04:42.034] VoxelMesh: Chunk X=-3 Y=-2 Z=-4 FlatVerts=0 SlopeVerts=0
[+21:04:42.035] VoxelMesh: Chunk X=-3 Y=2 Z=-4 FlatVerts=0 SlopeVerts=0
[+21:04:42.035] VoxelMesh: Chunk X=-1 Y=-2 Z=-4 FlatVerts=0 SlopeVerts=0
[+21:04:42.035] VoxelChunk: GenerateAsync (-3,3,-4)
[+21:04:42.037] VoxelMesh: Chunk X=0 Y=-2 Z=-4 FlatVerts=0 SlopeVerts=0
[+21:04:42.037] VoxelChunk: GenerateAsync (3,-3,-4)
[+21:04:42.037] VoxelMesh: Chunk X=-3 Y=3 Z=-4 FlatVerts=0 SlopeVerts=0
[+21:04:42.038] VoxelMesh: Chunk X=3 Y=-3 Z=-4 FlatVerts=0 SlopeVerts=0
[+21:04:42.044] VoxelMesh: Chunk X=-2 Y=-2 Z=0 FlatVerts=0 SlopeVerts=0
[+21:04:42.044] VoxelChunk: GenerateAsync (-1,2,-4)
[+21:04:42.046] VoxelMesh: Chunk X=-1 Y=2 Z=-4 FlatVerts=0 SlopeVerts=0
[+21:04:42.047] VoxelMesh: Chunk X=2 Y=3 Z=-4 FlatVerts=0 SlopeVerts=0
[+21:04:42.047] VoxelChunk: GenerateAsync (2,-3,-4)
[+21:04:42.048] VoxelMesh: Chunk X=-3 Y=-3 Z=3 FlatVerts=0 SlopeVerts=0
[+21:04:42.048] VoxelMesh: Chunk X=2 Y=-3 Z=-4 FlatVerts=0 SlopeVerts=0
[+21:04:42.048] VoxelChunk: GenerateAsync (1,-3,-4)
[+21:04:42.049] VoxelMesh: Chunk X=3 Y=3 Z=2 FlatVerts=0 SlopeVerts=0
[+21:04:42.049] VoxelChunk: GenerateAsync (0,-3,-4)
[+21:04:42.049] VoxelMesh: Chunk X=1 Y=-3 Z=-4 FlatVerts=0 SlopeVerts=0
[+21:04:42.050] VoxelMesh: Chunk X=2 Y=3 Z=2 FlatVerts=0 SlopeVerts=0
[+21:04:42.050] VoxelChunk: GenerateAsync (3,1,-4)
[+21:04:42.050] VoxelMesh: Chunk X=0 Y=-3 Z=-4 FlatVerts=0 SlopeVerts=0
[+21:04:42.050] VoxelMesh: Chunk X=3 Y=1 Z=-4 FlatVerts=0 SlopeVerts=0
[+21:04:42.058] VoxelMesh: Chunk X=-3 Y=0 Z=-3 FlatVerts=0 SlopeVerts=0
[+21:04:42.059] VoxelChunk: GenerateAsync (2,1,-4)
[+21:04:42.059] VoxelMesh: Chunk X=2 Y=-1 Z=-3 FlatVerts=0 SlopeVerts=0
[+21:04:42.059] VoxelChunk: GenerateAsync (3,2,-4)
[+21:04:42.060] VoxelMesh: Chunk X=2 Y=1 Z=-4 FlatVerts=0 SlopeVerts=0
[+21:04:42.060] VoxelMesh: Chunk X=3 Y=2 Z=-4 FlatVerts=0 SlopeVerts=0
[+21:04:42.061] VoxelMesh: Chunk X=0 Y=-3 Z=-1 FlatVerts=0 SlopeVerts=0
[+21:04:42.061] VoxelChunk: GenerateAsync (-1,3,-4)
[+21:04:42.062] VoxelMesh: Chunk X=-1 Y=3 Z=-4 FlatVerts=0 SlopeVerts=0
[+21:04:42.062] VoxelMesh: Chunk X=1 Y=-3 Z=-1 FlatVerts=0 SlopeVerts=0
[+21:04:42.062] VoxelChunk: GenerateAsync (3,0,-4)
[+21:04:42.064] VoxelMesh: Chunk X=3 Y=0 Z=-4 FlatVerts=0 SlopeVerts=0
[+21:04:42.070] VoxelMesh: Chunk X=-1 Y=-1 Z=-3 FlatVerts=0 SlopeVerts=0
[+21:04:42.070] VoxelChunk: GenerateAsync (2,2,-4)
[+21:04:42.071] VoxelMesh: Chunk X=2 Y=2 Z=-4 FlatVerts=0 SlopeVerts=0
[+21:04:42.071] VoxelMesh: Chunk X=3 Y=2 Z=0 FlatVerts=0 SlopeVerts=0
[+21:04:42.072] VoxelChunk: GenerateAsync (2,0,-4)
[+21:04:42.073] VoxelMesh: Chunk X=-3 Y=3 Z=0 FlatVerts=0 SlopeVerts=0
[+21:04:42.073] VoxelMesh: Chunk X=2 Y=0 Z=-4 FlatVerts=0 SlopeVerts=0
[+21:04:42.073] VoxelChunk: GenerateAsync (1,0,-4)
[+21:04:42.074] VoxelMesh: Chunk X=-2 Y=3 Z=0 FlatVerts=0 SlopeVerts=0
[+21:04:42.074] VoxelMesh: Chunk X=1 Y=0 Z=-4 FlatVerts=0 SlopeVerts=0
[+21:04:42.074] VoxelChunk: GenerateAsync (1,1,-4)
[+21:04:42.077] VoxelMesh: Chunk X=1 Y=1 Z=-4 FlatVerts=0 SlopeVerts=0
[+21:04:42.082] VoxelMesh: Chunk X=-1 Y=3 Z=0 FlatVerts=0 SlopeVerts=0
[+21:04:42.082] VoxelChunk: GenerateAsync (0,0,-4)
[+21:04:42.084] VoxelMesh: Chunk X=0 Y=3 Z=0 FlatVerts=0 SlopeVerts=0
[+21:04:42.084] VoxelChunk: GenerateAsync (-1,0,-4)
[+21:04:42.084] VoxelMesh: Chunk X=0 Y=0 Z=-4 FlatVerts=0 SlopeVerts=0
[+21:04:42.085] VoxelMesh: Chunk X=1 Y=3 Z=0 FlatVerts=0 SlopeVerts=0
[+21:04:42.085] VoxelMesh: Chunk X=-1 Y=0 Z=-4 FlatVerts=0 SlopeVerts=0
[+21:04:42.085] VoxelChunk: GenerateAsync (0,1,-4)
[+21:04:42.087] VoxelMesh: Chunk X=2 Y=3 Z=0 FlatVerts=0 SlopeVerts=0
[+21:04:42.087] VoxelChunk: GenerateAsync (1,2,-4)
[+21:04:42.087] VoxelMesh: Chunk X=0 Y=1 Z=-4 FlatVerts=0 SlopeVerts=0
[+21:04:42.088] VoxelMesh: Chunk X=1 Y=2 Z=-4 FlatVerts=0 SlopeVerts=0
[+21:04:42.094] VoxelMesh: Chunk X=3 Y=3 Z=0 FlatVerts=0 SlopeVerts=0
[+21:04:42.094] VoxelChunk: GenerateAsync (-2,3,-4)
[+21:04:42.096] VoxelMesh: Chunk X=-2 Y=3 Z=-4 FlatVerts=0 SlopeVerts=0
[+21:04:42.096] VoxelMesh: Chunk X=-3 Y=-3 Z=1 FlatVerts=0 SlopeVerts=0
[+21:04:42.096] VoxelChunk: GenerateAsync (1,3,-4)
[+21:04:42.098] VoxelMesh: Chunk X=-2 Y=-3 Z=1 FlatVerts=0 SlopeVerts=0
[+21:04:42.098] VoxelChunk: GenerateAsync (-1,1,-4)
[+21:04:42.098] VoxelMesh: Chunk X=1 Y=3 Z=-4 FlatVerts=0 SlopeVerts=0
[+21:04:42.099] VoxelMesh: Chunk X=-1 Y=-3 Z=1 FlatVerts=0 SlopeVerts=0
[+21:04:42.099] VoxelChunk: GenerateAsync (-2,0,-4)
[+21:04:42.099] VoxelMesh: Chunk X=-1 Y=1 Z=-4 FlatVerts=0 SlopeVerts=0
[+21:04:42.100] VoxelMesh: Chunk X=-2 Y=0 Z=-4 FlatVerts=0 SlopeVerts=0
[+21:04:42.106] VoxelMesh: Chunk X=0 Y=-3 Z=1 FlatVerts=0 SlopeVerts=0
[+21:04:42.106] VoxelChunk: GenerateAsync (-3,0,-4)
[+21:04:42.107] VoxelMesh: Chunk X=-3 Y=0 Z=-4 FlatVerts=0 SlopeVerts=0
[+21:04:42.107] VoxelMesh: Chunk X=1 Y=-3 Z=1 FlatVerts=0 SlopeVerts=0
[+21:04:42.107] VoxelChunk: GenerateAsync (-2,1,-4)
[+21:04:42.110] VoxelMesh: Chunk X=-2 Y=1 Z=-4 FlatVerts=0 SlopeVerts=0
[+21:04:42.110] VoxelMesh: Chunk X=2 Y=-3 Z=1 FlatVerts=0 SlopeVerts=0
[+21:04:42.110] VoxelChunk: GenerateAsync (0,2,-4)
[+21:04:42.111] VoxelMesh: Chunk X=3 Y=-3 Z=1 FlatVerts=0 SlopeVerts=0
[+21:04:42.111] VoxelMesh: Chunk X=0 Y=2 Z=-4 FlatVerts=0 SlopeVerts=0
[+21:04:42.111] VoxelChunk: GenerateAsync (3,-1,-4)
[+21:04:42.112] VoxelMesh: Chunk X=3 Y=-1 Z=-4 FlatVerts=0 SlopeVerts=0
[+21:04:42.119] VoxelMesh: Chunk X=-3 Y=-2 Z=1 FlatVerts=0 SlopeVerts=0
[+21:04:42.119] VoxelChunk: GenerateAsync (2,-1,-4)
[+21:04:42.120] VoxelMesh: Chunk X=3 Y=-2 Z=-1 FlatVerts=0 SlopeVerts=0
[+21:04:42.120] VoxelChunk: GenerateAsync (-3,1,-4)
[+21:04:42.120] VoxelMesh: Chunk X=2 Y=-1 Z=-4 FlatVerts=0 SlopeVerts=0
[+21:04:42.122] VoxelMesh: Chunk X=-3 Y=1 Z=-4 FlatVerts=0 SlopeVerts=0
[+21:04:42.122] VoxelMesh: Chunk X=-3 Y=-3 Z=0 FlatVerts=0 SlopeVerts=0
[+21:04:42.122] VoxelChunk: GenerateAsync (1,-1,-4)
[+21:04:42.124] VoxelMesh: Chunk X=-3 Y=1 Z=2 FlatVerts=0 SlopeVerts=0
[+21:04:42.124] VoxelMesh: Chunk X=1 Y=-1 Z=-4 FlatVerts=0 SlopeVerts=0
[+21:04:42.124] VoxelChunk: GenerateAsync (0,-1,-4)
[+21:04:42.125] VoxelMesh: Chunk X=0 Y=-1 Z=-4 FlatVerts=0 SlopeVerts=0
[+21:04:42.131] VoxelMesh: Chunk X=2 Y=3 Z=3 FlatVerts=0 SlopeVerts=0
[+21:04:42.131] VoxelChunk: GenerateAsync (-1,-1,-4)
[+21:04:42.132] VoxelMesh: Chunk X=-1 Y=-1 Z=-4 FlatVerts=0 SlopeVerts=0
[+21:04:42.132] VoxelMesh: Chunk X=1 Y=3 Z=3 FlatVerts=0 SlopeVerts=0
[+21:04:42.132] VoxelChunk: GenerateAsync (-2,-1,-4)
[+21:04:42.133] VoxelMesh: Chunk X=3 Y=-2 Z=1 FlatVerts=0 SlopeVerts=0
[+21:04:42.133] VoxelChunk: GenerateAsync (-3,-1,-4)
[+21:04:42.134] VoxelMesh: Chunk X=-2 Y=-1 Z=-4 FlatVerts=0 SlopeVerts=0
[+21:04:42.134] VoxelMesh: Chunk X=-3 Y=-1 Z=-4 FlatVerts=0 SlopeVerts=0
[+21:04:42.134] VoxelMesh: Chunk X=-3 Y=-1 Z=1 FlatVerts=0 SlopeVerts=0
[+21:04:42.134] VoxelChunk: GenerateAsync (3,-2,-4)
[+21:04:42.137] VoxelMesh: Chunk X=3 Y=-2 Z=-4 FlatVerts=0 SlopeVerts=0
[+21:04:42.141] VoxelMesh: Chunk X=2 Y=2 Z=-1 FlatVerts=0 SlopeVerts=0
[+21:04:42.142] VoxelChunk: GenerateAsync (0,2,-4)
[+21:04:42.142] VoxelMesh: Chunk X=0 Y=2 Z=-4 FlatVerts=0 SlopeVerts=0
[+21:04:42.144] VoxelMesh: Chunk X=-2 Y=-3 Z=3 FlatVerts=0 SlopeVerts=0
[+21:04:42.144] VoxelChunk: GenerateAsync (-1,2,-4)
[+21:04:42.145] VoxelMesh: Chunk X=-3 Y=1 Z=3 FlatVerts=0 SlopeVerts=0
[+21:04:42.145] VoxelChunk: GenerateAsync (0,3,-4)
[+21:04:42.145] VoxelMesh: Chunk X=-1 Y=2 Z=-4 FlatVerts=0 SlopeVerts=0
[+21:04:42.146] VoxelMesh: Chunk X=-1 Y=-3 Z=3 FlatVerts=0 SlopeVerts=0
[+21:04:42.146] VoxelMesh: Chunk X=0 Y=3 Z=-4 FlatVerts=0 SlopeVerts=0
[+21:04:42.146] VoxelChunk: GenerateAsync (3,3,-4)
[+21:04:42.148] VoxelMesh: Chunk X=1 Y=-1 Z=3 FlatVerts=0 SlopeVerts=0
[+21:04:42.148] VoxelMesh: Chunk X=3 Y=3 Z=-4 FlatVerts=0 SlopeVerts=0
[+21:04:42.148] VoxelChunk: GenerateAsync (1,-2,-4)
[+21:04:42.149] VoxelMesh: Chunk X=1 Y=-2 Z=-4 FlatVerts=0 SlopeVerts=0
[+21:04:42.157] VoxelMesh: Chunk X=-2 Y=1 Z=3 FlatVerts=0 SlopeVerts=0
[+21:04:42.157] VoxelChunk: GenerateAsync (-3,-3,-4)
[+21:04:42.158] VoxelMesh: Chunk X=0 Y=2 Z=3 FlatVerts=0 SlopeVerts=0
[+21:04:42.158] VoxelChunk: GenerateAsync (-1,-3,-4)
[+21:04:42.159] VoxelMesh: Chunk X=-3 Y=-3 Z=-4 FlatVerts=0 SlopeVerts=0
[+21:04:42.160] VoxelMesh: Chunk X=0 Y=-3 Z=3 FlatVerts=0 SlopeVerts=0
[+21:04:42.160] VoxelChunk: GenerateAsync (2,-2,-4)
[+21:04:42.160] VoxelMesh: Chunk X=-1 Y=-3 Z=-4 FlatVerts=0 SlopeVerts=0
[+21:04:42.160] VoxelMesh: Chunk X=1 Y=-2 Z=3 FlatVerts=0 SlopeVerts=0
[+21:04:42.161] VoxelMesh: Chunk X=2 Y=-2 Z=-4 FlatVerts=0 SlopeVerts=0
[+21:04:42.161] VoxelChunk: GenerateAsync (-2,-3,-4)
[+21:04:42.162] VoxelMesh: Chunk X=-2 Y=-3 Z=-4 FlatVerts=0 SlopeVerts=0
[+21:04:42.169] VoxelMesh: Chunk X=2 Y=-1 Z=3 FlatVerts=0 SlopeVerts=0
[+21:04:42.169] VoxelChunk: GenerateAsync (-3,-3,4)
[+21:04:42.171] VoxelMesh: Chunk X=-3 Y=-3 Z=4 FlatVerts=0 SlopeVerts=0
[+21:04:42.171] VoxelMesh: Chunk X=-3 Y=0 Z=3 FlatVerts=0 SlopeVerts=0
[+21:04:42.171] VoxelChunk: GenerateAsync (-2,-3,4)
[+21:04:42.173] VoxelMesh: Chunk X=-1 Y=1 Z=3 FlatVerts=0 SlopeVerts=2040
[+21:04:42.173] VoxelChunk: GenerateAsync (-1,-3,4)
[+21:04:42.174] VoxelMesh: Chunk X=-2 Y=-3 Z=4 FlatVerts=0 SlopeVerts=0
[+21:04:42.175] VoxelMesh: Chunk X=-3 Y=2 Z=3 FlatVerts=0 SlopeVerts=4878
[+21:04:42.175] VoxelMesh: Chunk X=-1 Y=-3 Z=4 FlatVerts=0 SlopeVerts=2040
[+21:04:42.175] VoxelChunk: GenerateAsync (0,-3,4)
[+21:04:42.177] VoxelMesh: Chunk X=0 Y=-3 Z=4 FlatVerts=0 SlopeVerts=4878
[+21:04:42.187] VoxelMesh: Chunk X=1 Y=2 Z=3 FlatVerts=0 SlopeVerts=7668
[+21:04:42.188] VoxelChunk: GenerateAsync (1,-3,4)
[+21:04:42.190] VoxelMesh: Chunk X=1 Y=-3 Z=4 FlatVerts=0 SlopeVerts=7668
[+21:04:42.190] VoxelMesh: Chunk X=-3 Y=3 Z=3 FlatVerts=18 SlopeVerts=7074
[+21:04:42.191] VoxelChunk: GenerateAsync (2,-3,4)
[+21:04:42.193] VoxelMesh: Chunk X=2 Y=-3 Z=4 FlatVerts=18 SlopeVerts=7074
[+21:04:42.193] VoxelMesh: Chunk X=1 Y=-3 Z=3 FlatVerts=0 SlopeVerts=2682
[+21:04:42.193] VoxelChunk: GenerateAsync (3,-3,4)
[+21:04:42.194] VoxelMesh: Chunk X=-2 Y=-2 Z=3 FlatVerts=24 SlopeVerts=5220
[+21:04:42.195] VoxelChunk: GenerateAsync (-3,-2,4)
[+21:04:42.195] VoxelMesh: Chunk X=3 Y=-3 Z=4 FlatVerts=0 SlopeVerts=2682
[+21:04:42.196] VoxelMesh: Chunk X=-3 Y=-2 Z=4 FlatVerts=24 SlopeVerts=5220
[+21:04:42.208] VoxelMesh: Chunk X=2 Y=-2 Z=3 FlatVerts=0 SlopeVerts=5532
[+21:04:42.209] VoxelChunk: GenerateAsync (-2,-2,4)
[+21:04:42.210] VoxelMesh: Chunk X=0 Y=-1 Z=3 FlatVerts=0 SlopeVerts=894
[+21:04:42.210] VoxelMesh: Chunk X=-2 Y=-2 Z=4 FlatVerts=0 SlopeVerts=5532
[+21:04:42.210] VoxelChunk: GenerateAsync (-1,-2,4)
[+21:04:42.213] VoxelMesh: Chunk X=3 Y=1 Z=1 FlatVerts=0 SlopeVerts=1740
[+21:04:42.213] VoxelChunk: GenerateAsync (0,-2,4)
[+21:04:42.213] VoxelMesh: Chunk X=-1 Y=-2 Z=4 FlatVerts=0 SlopeVerts=894
[+21:04:42.215] VoxelMesh: Chunk X=3 Y=-1 Z=3 FlatVerts=0 SlopeVerts=1200
[+21:04:42.215] VoxelMesh: Chunk X=0 Y=-2 Z=4 FlatVerts=0 SlopeVerts=1740
[+21:04:42.215] VoxelChunk: GenerateAsync (1,-2,4)
[+21:04:42.217] VoxelMesh: Chunk X=1 Y=-2 Z=4 FlatVerts=0 SlopeVerts=1200
[+21:04:42.226] VoxelMesh: Chunk X=-2 Y=0 Z=3 FlatVerts=0 SlopeVerts=246
[+21:04:42.226] VoxelChunk: GenerateAsync (2,-2,4)
[+21:04:42.227] VoxelMesh: Chunk X=1 Y=0 Z=3 FlatVerts=0 SlopeVerts=0
[+21:04:42.227] VoxelMesh: Chunk X=2 Y=-2 Z=4 FlatVerts=0 SlopeVerts=246
[+21:04:42.227] VoxelChunk: GenerateAsync (3,-2,4)
[+21:04:42.229] VoxelMesh: Chunk X=0 Y=1 Z=3 FlatVerts=0 SlopeVerts=3618
[+21:04:42.229] VoxelChunk: GenerateAsync (-3,-1,4)
[+21:04:42.230] VoxelMesh: Chunk X=3 Y=-2 Z=4 FlatVerts=0 SlopeVerts=0
[+21:04:42.231] VoxelMesh: Chunk X=-3 Y=-1 Z=4 FlatVerts=0 SlopeVerts=3618
[+21:04:42.232] VoxelMesh: Chunk X=1 Y=1 Z=3 FlatVerts=0 SlopeVerts=2322
[+21:04:42.232] VoxelChunk: GenerateAsync (-2,-1,4)
[+21:04:42.233] VoxelMesh: Chunk X=-2 Y=-1 Z=4 FlatVerts=0 SlopeVerts=2322
[+21:04:42.242] VoxelMesh: Chunk X=-2 Y=2 Z=3 FlatVerts=0 SlopeVerts=4392
[+21:04:42.243] VoxelChunk: GenerateAsync (-1,-1,4)
[+21:04:42.245] VoxelMesh: Chunk X=3 Y=0 Z=1 FlatVerts=0 SlopeVerts=0
[+21:04:42.245] VoxelMesh: Chunk X=-1 Y=-1 Z=4 FlatVerts=0 SlopeVerts=4392
[+21:04:42.245] VoxelChunk: GenerateAsync (0,-1,4)
[+21:04:42.247] VoxelMesh: Chunk X=2 Y=2 Z=3 FlatVerts=0 SlopeVerts=0
[+21:04:42.247] VoxelMesh: Chunk X=0 Y=-1 Z=4 FlatVerts=0 SlopeVerts=0
[+21:04:42.247] VoxelChunk: GenerateAsync (1,-1,4)
[+21:04:42.249] VoxelMesh: Chunk X=3 Y=2 Z=3 FlatVerts=0 SlopeVerts=0
[+21:04:42.249] VoxelChunk: GenerateAsync (2,-1,4)
[+21:04:42.249] VoxelMesh: Chunk X=1 Y=-1 Z=4 FlatVerts=0 SlopeVerts=0
[+21:04:42.250] VoxelMesh: Chunk X=2 Y=-1 Z=4 FlatVerts=0 SlopeVerts=0
[+21:04:42.256] VoxelMesh: Chunk X=-2 Y=2 Z=-2 FlatVerts=0 SlopeVerts=0
[+21:04:42.256] VoxelChunk: GenerateAsync (-3,0,-4)
[+21:04:42.256] VoxelMesh: Chunk X=-3 Y=0 Z=-4 FlatVerts=0 SlopeVerts=0
[+21:04:42.260] VoxelMesh: Chunk X=-2 Y=3 Z=3 FlatVerts=0 SlopeVerts=0
[+21:04:42.260] VoxelChunk: GenerateAsync (3,-1,4)
[+21:04:42.261] VoxelMesh: Chunk X=0 Y=3 Z=1 FlatVerts=0 SlopeVerts=6954
[+21:04:42.262] VoxelChunk: GenerateAsync (-3,0,4)
[+21:04:42.262] VoxelMesh: Chunk X=3 Y=-1 Z=4 FlatVerts=0 SlopeVerts=0
[+21:04:42.263] VoxelMesh: Chunk X=-3 Y=0 Z=4 FlatVerts=0 SlopeVerts=6954
[+21:04:42.264] VoxelMesh: Chunk X=2 Y=-3 Z=3 FlatVerts=0 SlopeVerts=5364
[+21:04:42.264] VoxelChunk: GenerateAsync (-2,0,4)
[+21:04:42.266] VoxelMesh: Chunk X=3 Y=-3 Z=3 FlatVerts=0 SlopeVerts=1614
[+21:04:42.266] VoxelMesh: Chunk X=-2 Y=0 Z=4 FlatVerts=0 SlopeVerts=5364
[+21:04:42.267] VoxelChunk: GenerateAsync (-1,0,4)
[+21:04:42.269] VoxelMesh: Chunk X=-1 Y=0 Z=4 FlatVerts=0 SlopeVerts=1614
[+21:04:42.278] VoxelMesh: Chunk X=-1 Y=-2 Z=3 FlatVerts=0 SlopeVerts=0
[+21:04:42.278] VoxelChunk: GenerateAsync (0,0,4)
[+21:04:42.280] VoxelMesh: Chunk X=0 Y=-2 Z=3 FlatVerts=0 SlopeVerts=0
[+21:04:42.280] VoxelMesh: Chunk X=0 Y=0 Z=4 FlatVerts=0 SlopeVerts=0
[+21:04:42.280] VoxelChunk: GenerateAsync (1,0,4)
[+21:04:42.281] VoxelMesh: Chunk X=3 Y=-2 Z=3 FlatVerts=0 SlopeVerts=0
[+21:04:42.281] VoxelChunk: GenerateAsync (2,0,4)
[+21:04:42.282] VoxelMesh: Chunk X=1 Y=0 Z=4 FlatVerts=0 SlopeVerts=0
[+21:04:42.282] VoxelMesh: Chunk X=-2 Y=-1 Z=3 FlatVerts=0 SlopeVerts=0
[+21:04:42.282] VoxelMesh: Chunk X=2 Y=0 Z=4 FlatVerts=0 SlopeVerts=0
[+21:04:42.282] VoxelChunk: GenerateAsync (3,0,4)
[+21:04:42.284] VoxelMesh: Chunk X=3 Y=0 Z=4 FlatVerts=0 SlopeVerts=0
[+21:04:42.292] VoxelMesh: Chunk X=0 Y=-3 Z=2 FlatVerts=42 SlopeVerts=7578
[+21:04:42.293] VoxelChunk: GenerateAsync (-3,1,4)
[+21:04:42.294] VoxelMesh: Chunk X=1 Y=-3 Z=2 FlatVerts=0 SlopeVerts=2238
[+21:04:42.295] VoxelChunk: GenerateAsync (-2,1,4)
[+21:04:42.295] VoxelMesh: Chunk X=-3 Y=1 Z=4 FlatVerts=42 SlopeVerts=7578
[+21:04:42.297] VoxelMesh: Chunk X=-2 Y=1 Z=4 FlatVerts=0 SlopeVerts=2238
[+21:04:42.297] VoxelMesh: Chunk X=2 Y=-3 Z=2 FlatVerts=0 SlopeVerts=0
[+21:04:42.297] VoxelChunk: GenerateAsync (-1,1,4)
[+21:04:42.299] VoxelMesh: Chunk X=3 Y=-3 Z=2 FlatVerts=0 SlopeVerts=0
[+21:04:42.299] VoxelChunk: GenerateAsync (0,1,4)
[+21:04:42.299] VoxelMesh: Chunk X=-1 Y=1 Z=4 FlatVerts=0 SlopeVerts=0
[+21:04:42.300] VoxelMesh: Chunk X=0 Y=1 Z=4 FlatVerts=0 SlopeVerts=0
[+21:04:42.310] VoxelMesh: Chunk X=-3 Y=-2 Z=2 FlatVerts=0 SlopeVerts=0
[+21:04:42.310] VoxelChunk: GenerateAsync (1,1,4)
[+21:04:42.311] VoxelMesh: Chunk X=-3 Y=2 Z=1 FlatVerts=0 SlopeVerts=300
[+21:04:42.311] VoxelMesh: Chunk X=1 Y=1 Z=4 FlatVerts=0 SlopeVerts=0
[+21:04:42.311] VoxelChunk: GenerateAsync (2,1,4)
[+21:04:42.313] VoxelMesh: Chunk X=-1 Y=0 Z=3 FlatVerts=186 SlopeVerts=3120
[+21:04:42.313] VoxelChunk: GenerateAsync (3,1,4)
[+21:04:42.313] VoxelMesh: Chunk X=2 Y=1 Z=4 FlatVerts=0 SlopeVerts=300
[+21:04:42.315] VoxelMesh: Chunk X=3 Y=1 Z=4 FlatVerts=186 SlopeVerts=3120
[+21:04:42.315] VoxelMesh: Chunk X=0 Y=0 Z=3 FlatVerts=90 SlopeVerts=6582
[+21:04:42.315] VoxelChunk: GenerateAsync (-3,2,4)
[+21:04:42.317] VoxelMesh: Chunk X=-3 Y=2 Z=4 FlatVerts=90 SlopeVerts=6582
[+21:04:42.326] VoxelMesh: Chunk X=2 Y=0 Z=3 FlatVerts=54 SlopeVerts=1302
[+21:04:42.327] VoxelChunk: GenerateAsync (-2,2,4)
[+21:04:42.329] VoxelMesh: Chunk X=3 Y=0 Z=3 FlatVerts=0 SlopeVerts=0
[+21:04:42.329] VoxelMesh: Chunk X=-2 Y=2 Z=4 FlatVerts=54 SlopeVerts=1302
[+21:04:42.329] VoxelChunk: GenerateAsync (-1,2,4)
[+21:04:42.331] VoxelMesh: Chunk X=3 Y=-2 Z=2 FlatVerts=0 SlopeVerts=0
[+21:04:42.331] VoxelChunk: GenerateAsync (0,2,4)
[+21:04:42.332] VoxelMesh: Chunk X=-1 Y=2 Z=4 FlatVerts=0 SlopeVerts=0
[+21:04:42.332] VoxelMesh: Chunk X=-3 Y=-1 Z=2 FlatVerts=0 SlopeVerts=0
[+21:04:42.332] VoxelChunk: GenerateAsync (1,2,4)
[+21:04:42.333] VoxelMesh: Chunk X=0 Y=2 Z=4 FlatVerts=0 SlopeVerts=0
[+21:04:42.334] VoxelMesh: Chunk X=1 Y=2 Z=4 FlatVerts=0 SlopeVerts=0
[+21:04:42.341] VoxelMesh: Chunk X=2 Y=1 Z=3 FlatVerts=0 SlopeVerts=3294
[+21:04:42.342] VoxelChunk: GenerateAsync (2,2,4)
[+21:04:42.343] VoxelMesh: Chunk X=2 Y=2 Z=4 FlatVerts=0 SlopeVerts=3294
[+21:04:42.343] VoxelMesh: Chunk X=3 Y=1 Z=3 FlatVerts=276 SlopeVerts=2958
[+21:04:42.343] VoxelChunk: GenerateAsync (3,2,4)
[+21:04:42.344] VoxelMesh: Chunk X=3 Y=2 Z=4 FlatVerts=276 SlopeVerts=2958
[+21:04:42.345] VoxelMesh: Chunk X=-1 Y=2 Z=3 FlatVerts=6 SlopeVerts=1002
[+21:04:42.345] VoxelChunk: GenerateAsync (-3,3,4)
[+21:04:42.346] VoxelMesh: Chunk X=3 Y=-1 Z=1 FlatVerts=0 SlopeVerts=0
[+21:04:42.347] VoxelChunk: GenerateAsync (-2,3,4)
[+21:04:42.347] VoxelMesh: Chunk X=-3 Y=3 Z=4 FlatVerts=6 SlopeVerts=1002
[+21:04:42.349] VoxelMesh: Chunk X=-2 Y=3 Z=4 FlatVerts=0 SlopeVerts=0
[+21:04:42.358] VoxelMesh: Chunk X=3 Y=2 Z=1 FlatVerts=0 SlopeVerts=0
[+21:04:42.358] VoxelChunk: GenerateAsync (-1,3,4)
[+21:04:42.361] VoxelMesh: Chunk X=3 Y=-1 Z=2 FlatVerts=0 SlopeVerts=0
[+21:04:42.361] VoxelMesh: Chunk X=-1 Y=3 Z=4 FlatVerts=0 SlopeVerts=0
[+21:04:42.361] VoxelChunk: GenerateAsync (0,3,4)
[+21:04:42.362] VoxelMesh: Chunk X=-3 Y=0 Z=2 FlatVerts=0 SlopeVerts=6
[+21:04:42.363] VoxelChunk: GenerateAsync (1,3,4)
[+21:04:42.363] VoxelMesh: Chunk X=0 Y=3 Z=4 FlatVerts=0 SlopeVerts=0
[+21:04:42.364] VoxelMesh: Chunk X=-3 Y=3 Z=1 FlatVerts=0 SlopeVerts=3090
[+21:04:42.364] VoxelMesh: Chunk X=1 Y=3 Z=4 FlatVerts=0 SlopeVerts=6
[+21:04:42.365] VoxelChunk: GenerateAsync (2,3,4)
[+21:04:42.366] VoxelMesh: Chunk X=2 Y=3 Z=4 FlatVerts=0 SlopeVerts=3090
[+21:04:42.372] VoxelMesh: Chunk X=2 Y=-1 Z=-2 FlatVerts=0 SlopeVerts=0
[+21:04:42.372] VoxelChunk: GenerateAsync (1,2,-4)
[+21:04:42.374] VoxelMesh: Chunk X=1 Y=2 Z=-4 FlatVerts=0 SlopeVerts=0
[+21:04:42.375] VoxelMesh: Chunk X=-3 Y=1 Z=1 FlatVerts=0 SlopeVerts=648
[+21:04:42.376] VoxelChunk: GenerateAsync (3,3,4)
[+21:04:42.376] VoxelMesh: Chunk X=-2 Y=3 Z=1 FlatVerts=0 SlopeVerts=0
[+21:04:42.377] VoxelChunk: GenerateAsync (17,-20,0)
[+21:04:42.377] VoxelMesh: Chunk X=3 Y=3 Z=4 FlatVerts=0 SlopeVerts=648
[+21:04:42.378] VoxelMesh: Chunk X=17 Y=-20 Z=0 FlatVerts=0 SlopeVerts=0
[+21:04:42.378] VoxelMesh: Chunk X=-3 Y=0 Z=1 FlatVerts=0 SlopeVerts=0
[+21:04:42.379] VoxelChunk: GenerateAsync (17,-20,-2)
[+21:04:42.380] VoxelMesh: Chunk X=-1 Y=3 Z=1 FlatVerts=0 SlopeVerts=0
[+21:04:42.380] VoxelChunk: GenerateAsync (17,-21,-2)
[+21:04:42.380] VoxelMesh: Chunk X=17 Y=-20 Z=-2 FlatVerts=0 SlopeVerts=0
[+21:04:42.382] VoxelMesh: Chunk X=17 Y=-21 Z=-2 FlatVerts=0 SlopeVerts=0
[+21:04:42.391] VoxelMesh: Chunk X=3 Y=0 Z=2 FlatVerts=0 SlopeVerts=0
[+21:04:42.391] VoxelChunk: GenerateAsync (17,-19,-2)
[+21:04:42.392] VoxelMesh: Chunk X=0 Y=3 Z=3 FlatVerts=0 SlopeVerts=0
[+21:04:42.392] VoxelChunk: GenerateAsync (16,-20,-2)
[+21:04:42.392] VoxelMesh: Chunk X=17 Y=-19 Z=-2 FlatVerts=0 SlopeVerts=0
[+21:04:42.394] VoxelMesh: Chunk X=-1 Y=3 Z=3 FlatVerts=0 SlopeVerts=0
[+21:04:42.394] VoxelChunk: GenerateAsync (17,-21,0)
[+21:04:42.394] VoxelMesh: Chunk X=16 Y=-20 Z=-2 FlatVerts=0 SlopeVerts=0
[+21:04:42.394] VoxelMesh: Chunk X=17 Y=-21 Z=0 FlatVerts=0 SlopeVerts=0
[+21:04:42.395] VoxelMesh: Chunk X=1 Y=3 Z=1 FlatVerts=0 SlopeVerts=0
[+21:04:42.395] VoxelChunk: GenerateAsync (18,-20,-2)
[+21:04:42.396] VoxelMesh: Chunk X=18 Y=-20 Z=-2 FlatVerts=0 SlopeVerts=0
[+21:04:42.402] VoxelMesh: Chunk X=-3 Y=-2 Z=3 FlatVerts=0 SlopeVerts=0
[+21:04:42.403] VoxelChunk: GenerateAsync (18,-20,0)
[+21:04:42.404] VoxelMesh: Chunk X=18 Y=-20 Z=0 FlatVerts=0 SlopeVerts=0
[+21:04:42.404] VoxelMesh: Chunk X=2 Y=3 Z=1 FlatVerts=0 SlopeVerts=0
[+21:04:42.404] VoxelChunk: GenerateAsync (17,-19,0)
[+21:04:42.406] VoxelMesh: Chunk X=17 Y=-19 Z=0 FlatVerts=0 SlopeVerts=0
[+21:04:42.406] VoxelMesh: Chunk X=3 Y=3 Z=1 FlatVerts=0 SlopeVerts=0
[+21:04:42.406] VoxelChunk: GenerateAsync (16,-20,0)
[+21:04:42.407] VoxelMesh: Chunk X=3 Y=1 Z=2 FlatVerts=0 SlopeVerts=0
[+21:04:42.407] VoxelMesh: Chunk X=16 Y=-20 Z=0 FlatVerts=0 SlopeVerts=0
[+21:04:42.407] VoxelChunk: GenerateAsync (16,-21,0)
[+21:04:42.409] VoxelMesh: Chunk X=16 Y=-21 Z=0 FlatVerts=0 SlopeVerts=0
[+21:04:42.416] VoxelMesh: Chunk X=-3 Y=2 Z=2 FlatVerts=0 SlopeVerts=0
[+21:04:42.416] VoxelChunk: GenerateAsync (18,-21,-2)
[+21:04:42.417] VoxelMesh: Chunk X=-3 Y=-3 Z=2 FlatVerts=0 SlopeVerts=0
[+21:04:42.418] VoxelChunk: GenerateAsync (18,-19,-2)
[+21:04:42.418] VoxelMesh: Chunk X=18 Y=-21 Z=-2 FlatVerts=0 SlopeVerts=0
[+21:04:42.419] VoxelMesh: Chunk X=-3 Y=-1 Z=3 FlatVerts=0 SlopeVerts=0
[+21:04:42.420] VoxelChunk: GenerateAsync (16,-19,-2)
[+21:04:42.420] VoxelMesh: Chunk X=18 Y=-19 Z=-2 FlatVerts=0 SlopeVerts=0
[+21:04:42.420] VoxelMesh: Chunk X=-2 Y=-3 Z=2 FlatVerts=0 SlopeVerts=0
[+21:04:42.421] VoxelChunk: GenerateAsync (18,-21,0)
[+21:04:42.421] VoxelMesh: Chunk X=16 Y=-19 Z=-2 FlatVerts=0 SlopeVerts=0
[+21:04:42.421] VoxelMesh: Chunk X=18 Y=-21 Z=0 FlatVerts=0 SlopeVerts=0
[+21:04:42.429] VoxelMesh: Chunk X=-1 Y=-1 Z=3 FlatVerts=0 SlopeVerts=0
[+21:04:42.430] VoxelChunk: GenerateAsync (16,-21,-2)
[+21:04:42.432] VoxelMesh: Chunk X=-1 Y=-3 Z=2 FlatVerts=0 SlopeVerts=0
[+21:04:42.432] VoxelMesh: Chunk X=16 Y=-21 Z=-2 FlatVerts=0 SlopeVerts=0
[+21:04:42.432] VoxelChunk: GenerateAsync (16,-19,0)
[+21:04:42.433] VoxelMesh: Chunk X=3 Y=2 Z=2 FlatVerts=0 SlopeVerts=0
[+21:04:42.433] VoxelChunk: GenerateAsync (18,-19,0)
[+21:04:42.433] VoxelMesh: Chunk X=-3 Y=3 Z=2 FlatVerts=300 SlopeVerts=882
[+21:04:42.433] VoxelMesh: Chunk X=16 Y=-19 Z=0 FlatVerts=0 SlopeVerts=0
[+21:04:42.433] VoxelMesh: Chunk X=18 Y=-19 Z=0 FlatVerts=0 SlopeVerts=0
[+21:04:42.435] VoxelChunk: GenerateAsync (17,-20,1)
[+21:04:42.436] VoxelMesh: Chunk X=17 Y=-20 Z=1 FlatVerts=300 SlopeVerts=882
[+21:04:42.442] VoxelMesh: Chunk X=-2 Y=3 Z=2 FlatVerts=0 SlopeVerts=0
[+21:04:42.442] VoxelChunk: GenerateAsync (19,-20,-1)
[+21:04:42.444] VoxelMesh: Chunk X=19 Y=-20 Z=-1 FlatVerts=0 SlopeVerts=0
[+21:04:42.444] VoxelMesh: Chunk X=-1 Y=3 Z=2 FlatVerts=0 SlopeVerts=0
[+21:04:42.444] VoxelChunk: GenerateAsync (17,-20,-3)
[+21:04:42.447] VoxelMesh: Chunk X=0 Y=3 Z=2 FlatVerts=0 SlopeVerts=0
[+21:04:42.447] VoxelChunk: GenerateAsync (15,-20,-1)
[+21:04:42.447] VoxelMesh: Chunk X=17 Y=-20 Z=-3 FlatVerts=0 SlopeVerts=0
[+21:04:42.448] VoxelMesh: Chunk X=1 Y=3 Z=2 FlatVerts=0 SlopeVerts=0
[+21:04:42.449] VoxelChunk: GenerateAsync (17,-22,-1)
[+21:04:42.449] VoxelMesh: Chunk X=15 Y=-20 Z=-1 FlatVerts=0 SlopeVerts=0
[+21:04:42.450] VoxelMesh: Chunk X=17 Y=-22 Z=-1 FlatVerts=0 SlopeVerts=0
[+21:04:42.463] VoxelMesh: Chunk X=0 Y=0 Z=0 FlatVerts=0 SlopeVerts=0
[+21:04:42.463] VoxelChunk: GenerateAsync (17,-18,-1)
[+21:04:42.466] VoxelMesh: Chunk X=17 Y=-18 Z=-1 FlatVerts=0 SlopeVerts=0
[+21:04:42.468] VoxelMesh: Chunk X=0 Y=0 Z=0 FlatVerts=3936 SlopeVerts=2268
[+21:04:42.469] VoxelChunk: GenerateAsync (17,-18,0)
[+21:04:42.470] VoxelMesh: Chunk X=17 Y=-18 Z=0 FlatVerts=0 SlopeVerts=0
[+21:04:42.475] VoxelMesh: Chunk X=0 Y=0 Z=0 FlatVerts=0 SlopeVerts=18
[+21:04:42.475] VoxelChunk: GenerateAsync (15,-20,0)
[+21:04:42.477] VoxelMesh: Chunk X=15 Y=-20 Z=0 FlatVerts=0 SlopeVerts=0
[+21:04:42.480] VoxelMesh: Chunk X=0 Y=0 Z=0 FlatVerts=1806 SlopeVerts=2730
[+21:04:42.481] VoxelChunk: GenerateAsync (19,-20,0)
[+21:04:42.481] VoxelMesh: Chunk X=19 Y=-20 Z=0 FlatVerts=0 SlopeVerts=0
[+21:04:42.487] VoxelMesh: Chunk X=0 Y=-2 Z=-1 FlatVerts=0 SlopeVerts=0
[+21:04:42.487] VoxelChunk: GenerateAsync (2,2,-4)
[+21:04:42.488] VoxelMesh: Chunk X=2 Y=2 Z=-4 FlatVerts=0 SlopeVerts=0
[+21:04:42.497] VoxelMesh: Chunk X=0 Y=0 Z=0 FlatVerts=0 SlopeVerts=0
[+21:04:42.497] VoxelChunk: GenerateAsync (17,-18,-2)
[+21:04:42.499] VoxelMesh: Chunk X=17 Y=-18 Z=-2 FlatVerts=0 SlopeVerts=0
[+21:04:42.503] VoxelMesh: Chunk X=0 Y=0 Z=0 FlatVerts=0 SlopeVerts=0
[+21:04:42.503] VoxelChunk: GenerateAsync (19,-21,-1)
[+21:04:42.505] VoxelMesh: Chunk X=19 Y=-21 Z=-1 FlatVerts=0 SlopeVerts=0
[+21:04:42.509] VoxelMesh: Chunk X=0 Y=0 Z=0 FlatVerts=3894 SlopeVerts=11802
[+21:04:42.510] VoxelChunk: GenerateAsync (18,-20,1)
[+21:04:42.511] VoxelMesh: Chunk X=18 Y=-20 Z=1 FlatVerts=1680 SlopeVerts=660
[+21:04:42.515] VoxelMesh: Chunk X=0 Y=0 Z=0 FlatVerts=2628 SlopeVerts=16374
[+21:04:42.517] VoxelChunk: GenerateAsync (17,-21,1)
[+21:04:42.517] VoxelMesh: Chunk X=17 Y=-21 Z=1 FlatVerts=1410 SlopeVerts=1542
[+21:04:42.534] VoxelMesh: Chunk X=0 Y=0 Z=0 FlatVerts=0 SlopeVerts=0
[+21:04:42.535] VoxelChunk: GenerateAsync (15,-21,-1)
[+21:04:42.538] VoxelMesh: Chunk X=15 Y=-21 Z=-1 FlatVerts=0 SlopeVerts=0
[+21:04:42.542] VoxelMesh: Chunk X=0 Y=0 Z=0 FlatVerts=0 SlopeVerts=0
[+21:04:42.542] VoxelChunk: GenerateAsync (17,-22,-2)
[+21:04:42.544] VoxelMesh: Chunk X=17 Y=-22 Z=-2 FlatVerts=0 SlopeVerts=0
[+21:04:42.546] VoxelMesh: Chunk X=0 Y=0 Z=0 FlatVerts=1842 SlopeVerts=1764
[+21:04:42.547] VoxelChunk: GenerateAsync (17,-22,0)
[+21:04:42.547] VoxelMesh: Chunk X=17 Y=-22 Z=0 FlatVerts=0 SlopeVerts=0
[+21:04:42.552] VoxelMesh: Chunk X=0 Y=0 Z=0 FlatVerts=0 SlopeVerts=0
[+21:04:42.552] VoxelChunk: GenerateAsync (18,-22,-1)
[+21:04:42.554] VoxelMesh: Chunk X=18 Y=-22 Z=-1 FlatVerts=0 SlopeVerts=0
[+21:04:42.565] VoxelChunk: GenerateAsync (17,-20,1)
[+21:04:42.565] VoxelChunk: GenerateAsync (18,-19,0)
[+21:04:42.565] VoxelChunk: GenerateAsync (16,-19,0)
[+21:04:42.565] VoxelChunk: GenerateAsync (17,-19,0)
[+21:04:42.565] VoxelChunk: GenerateAsync (17,-18,0)
[+21:04:42.565] VoxelChunk: GenerateAsync (15,-20,0)
[+21:04:42.565] VoxelChunk: GenerateAsync (19,-20,0)
[+21:04:42.565] VoxelChunk: GenerateAsync (18,-20,1)
[+21:04:42.565] VoxelChunk: GenerateAsync (17,-21,1)
[+21:04:42.565] VoxelChunk: GenerateAsync (17,-22,0)
[+21:04:42.565] VoxelMesh: Chunk X=18 Y=-19 Z=0 FlatVerts=0 SlopeVerts=0
[+21:04:42.566] VoxelMesh: Chunk X=19 Y=-20 Z=0 FlatVerts=0 SlopeVerts=0
[+21:04:42.566] VoxelMesh: Chunk X=17 Y=-20 Z=1 FlatVerts=42 SlopeVerts=216
[+21:04:42.566] VoxelMesh: Chunk X=17 Y=-22 Z=0 FlatVerts=0 SlopeVerts=0
[+21:04:42.566] VoxelMesh: Chunk X=17 Y=-21 Z=1 FlatVerts=426 SlopeVerts=342
[+21:04:42.566] VoxelMesh: Chunk X=17 Y=-18 Z=0 FlatVerts=0 SlopeVerts=0
[+21:04:42.566] VoxelMesh: Chunk X=18 Y=-20 Z=1 FlatVerts=450 SlopeVerts=144
[+21:04:42.567] VoxelMesh: Chunk X=16 Y=-19 Z=0 FlatVerts=0 SlopeVerts=0
[+21:04:42.567] VoxelMesh: Chunk X=17 Y=-19 Z=0 FlatVerts=0 SlopeVerts=0
[+21:04:42.567] VoxelMesh: Chunk X=15 Y=-20 Z=0 FlatVerts=0 SlopeVerts=0
[+21:04:42.567] VoxelMesh: Chunk X=-3 Y=-2 Z=-4 FlatVerts=0 SlopeVerts=0
[+21:04:42.567] VoxelChunk: GenerateAsync (16,-20,-3)
[+21:04:42.569] VoxelMesh: Chunk X=-3 Y=2 Z=-4 FlatVerts=0 SlopeVerts=0
[+21:04:42.569] VoxelChunk: GenerateAsync (18,-18,-1)
[+21:04:42.570] VoxelMesh: Chunk X=16 Y=-20 Z=-3 FlatVerts=0 SlopeVerts=0
[+21:04:42.571] VoxelMesh: Chunk X=-3 Y=3 Z=-4 FlatVerts=0 SlopeVerts=0
[+21:04:42.571] VoxelChunk: GenerateAsync (16,-22,-1)
[+21:04:42.571] VoxelMesh: Chunk X=18 Y=-18 Z=-1 FlatVerts=0 SlopeVerts=0
[+21:04:42.572] VoxelMesh: Chunk X=3 Y=-3 Z=-4 FlatVerts=0 SlopeVerts=0
[+21:04:42.572] VoxelChunk: GenerateAsync (17,-21,-3)
[+21:04:42.572] VoxelMesh: Chunk X=16 Y=-22 Z=-1 FlatVerts=0 SlopeVerts=0
[+21:04:42.573] VoxelMesh: Chunk X=17 Y=-21 Z=-3 FlatVerts=0 SlopeVerts=0
[+21:04:42.580] VoxelMesh: Chunk X=-2 Y=-1 Z=-2 FlatVerts=0 SlopeVerts=0
[+21:04:42.580] VoxelChunk: GenerateAsync (-2,0,-4)
[+21:04:42.581] VoxelMesh: Chunk X=-2 Y=0 Z=-4 FlatVerts=0 SlopeVerts=0
[+21:04:42.582] VoxelMesh: Chunk X=2 Y=-3 Z=-4 FlatVerts=0 SlopeVerts=12
[+21:04:42.583] VoxelChunk: GenerateAsync (17,-19,1)
[+21:04:42.585] VoxelMesh: Chunk X=17 Y=-19 Z=1 FlatVerts=0 SlopeVerts=12
[+21:04:42.585] VoxelMesh: Chunk X=1 Y=-3 Z=-4 FlatVerts=0 SlopeVerts=0
[+21:04:42.585] VoxelChunk: GenerateAsync (16,-18,-1)
[+21:04:42.587] VoxelMesh: Chunk X=0 Y=-3 Z=-4 FlatVerts=0 SlopeVerts=0
[+21:04:42.587] VoxelChunk: GenerateAsync (17,-19,-3)
[+21:04:42.587] VoxelMesh: Chunk X=16 Y=-18 Z=-1 FlatVerts=0 SlopeVerts=0
[+21:04:42.588] VoxelMesh: Chunk X=3 Y=1 Z=-4 FlatVerts=0 SlopeVerts=0
[+21:04:42.588] VoxelChunk: GenerateAsync (15,-20,-2)
[+21:04:42.589] VoxelMesh: Chunk X=17 Y=-19 Z=-3 FlatVerts=0 SlopeVerts=0
[+21:04:42.589] VoxelMesh: Chunk X=15 Y=-20 Z=-2 FlatVerts=0 SlopeVerts=0
[+21:04:42.596] VoxelMesh: Chunk X=2 Y=1 Z=-4 FlatVerts=0 SlopeVerts=0
[+21:04:42.597] VoxelChunk: GenerateAsync (18,-20,-3)
[+21:04:42.598] VoxelMesh: Chunk X=3 Y=2 Z=-4 FlatVerts=0 SlopeVerts=0
[+21:04:42.598] VoxelMesh: Chunk X=18 Y=-20 Z=-3 FlatVerts=0 SlopeVerts=0
[+21:04:42.598] VoxelChunk: GenerateAsync (19,-19,-1)
[+21:04:42.600] VoxelMesh: Chunk X=19 Y=-19 Z=-1 FlatVerts=0 SlopeVerts=0
[+21:04:42.600] VoxelMesh: Chunk X=-1 Y=3 Z=-4 FlatVerts=0 SlopeVerts=0
[+21:04:42.600] VoxelChunk: GenerateAsync (15,-19,-1)
[+21:04:42.601] VoxelMesh: Chunk X=3 Y=0 Z=-4 FlatVerts=0 SlopeVerts=12
[+21:04:42.601] VoxelChunk: GenerateAsync (16,-20,1)
[+21:04:42.602] VoxelMesh: Chunk X=15 Y=-19 Z=-1 FlatVerts=0 SlopeVerts=0
[+21:04:42.602] VoxelMesh: Chunk X=16 Y=-20 Z=1 FlatVerts=0 SlopeVerts=12
[+21:04:42.609] VoxelMesh: Chunk X=2 Y=2 Z=-4 FlatVerts=0 SlopeVerts=0
[+21:04:42.610] VoxelChunk: GenerateAsync (19,-20,-2)
[+21:04:42.611] VoxelMesh: Chunk X=2 Y=0 Z=-4 FlatVerts=42 SlopeVerts=390
[+21:04:42.611] VoxelChunk: GenerateAsync (16,-21,1)
[+21:04:42.611] VoxelMesh: Chunk X=19 Y=-20 Z=-2 FlatVerts=0 SlopeVerts=0
[+21:04:42.612] VoxelMesh: Chunk X=1 Y=0 Z=-4 FlatVerts=0 SlopeVerts=0
[+21:04:42.612] VoxelMesh: Chunk X=16 Y=-21 Z=1 FlatVerts=42 SlopeVerts=390
[+21:04:42.612] VoxelChunk: GenerateAsync (19,-19,-2)
[+21:04:42.614] VoxelMesh: Chunk X=19 Y=-19 Z=-2 FlatVerts=0 SlopeVerts=0
[+21:04:42.614] VoxelMesh: Chunk X=1 Y=1 Z=-4 FlatVerts=0 SlopeVerts=0
[+21:04:42.614] VoxelChunk: GenerateAsync (15,-21,0)
[+21:04:42.615] VoxelMesh: Chunk X=15 Y=-21 Z=0 FlatVerts=0 SlopeVerts=0
[+21:04:42.622] VoxelMesh: Chunk X=0 Y=0 Z=-4 FlatVerts=0 SlopeVerts=0
[+21:04:42.622] VoxelChunk: GenerateAsync (19,-19,0)
[+21:04:42.624] VoxelMesh: Chunk X=19 Y=-19 Z=0 FlatVerts=0 SlopeVerts=0
[+21:04:42.624] VoxelMesh: Chunk X=-1 Y=0 Z=-4 FlatVerts=0 SlopeVerts=0
[+21:04:42.624] VoxelChunk: GenerateAsync (16,-18,-2)
[+21:04:42.626] VoxelMesh: Chunk X=0 Y=1 Z=-4 FlatVerts=0 SlopeVerts=0
[+21:04:42.626] VoxelChunk: GenerateAsync (18,-22,0)
[+21:04:42.626] VoxelMesh: Chunk X=16 Y=-18 Z=-2 FlatVerts=0 SlopeVerts=0
[+21:04:42.628] VoxelMesh: Chunk X=18 Y=-22 Z=0 FlatVerts=0 SlopeVerts=0
[+21:04:42.628] VoxelMesh: Chunk X=1 Y=2 Z=-4 FlatVerts=0 SlopeVerts=0
[+21:04:42.628] VoxelChunk: GenerateAsync (18,-18,-2)
[+21:04:42.629] VoxelMesh: Chunk X=18 Y=-18 Z=-2 FlatVerts=0 SlopeVerts=0
[+21:04:42.636] VoxelMesh: Chunk X=-2 Y=3 Z=-4 FlatVerts=0 SlopeVerts=0
[+21:04:42.636] VoxelChunk: GenerateAsync (18,-18,0)
[+21:04:42.637] VoxelMesh: Chunk X=1 Y=3 Z=-4 FlatVerts=0 SlopeVerts=0
[+21:04:42.637] VoxelMesh: Chunk X=18 Y=-18 Z=0 FlatVerts=0 SlopeVerts=0
[+21:04:42.637] VoxelChunk: GenerateAsync (16,-22,0)
[+21:04:42.638] VoxelMesh: Chunk X=-1 Y=1 Z=-4 FlatVerts=0 SlopeVerts=0
[+21:04:42.638] VoxelChunk: GenerateAsync (19,-21,0)
[+21:04:42.639] VoxelMesh: Chunk X=16 Y=-22 Z=0 FlatVerts=0 SlopeVerts=0
[+21:04:42.639] VoxelMesh: Chunk X=19 Y=-21 Z=0 FlatVerts=0 SlopeVerts=0
[+21:04:42.639] VoxelMesh: Chunk X=-2 Y=0 Z=-4 FlatVerts=0 SlopeVerts=0
[+21:04:42.639] VoxelChunk: GenerateAsync (15,-19,-2)
[+21:04:42.641] VoxelMesh: Chunk X=15 Y=-19 Z=-2 FlatVerts=0 SlopeVerts=0
[+21:04:42.647] VoxelMesh: Chunk X=-3 Y=0 Z=-4 FlatVerts=0 SlopeVerts=0
[+21:04:42.647] VoxelChunk: GenerateAsync (16,-18,0)
[+21:04:42.648] VoxelMesh: Chunk X=-2 Y=1 Z=-4 FlatVerts=654 SlopeVerts=1440
[+21:04:42.648] VoxelChunk: GenerateAsync (18,-21,1)
[+21:04:42.649] VoxelMesh: Chunk X=16 Y=-18 Z=0 FlatVerts=0 SlopeVerts=0
[+21:04:42.649] VoxelMesh: Chunk X=18 Y=-21 Z=1 FlatVerts=654 SlopeVerts=1440
[+21:04:42.650] VoxelMesh: Chunk X=0 Y=2 Z=-4 FlatVerts=0 SlopeVerts=0
[+21:04:42.650] VoxelChunk: GenerateAsync (16,-22,-2)
[+21:04:42.652] VoxelMesh: Chunk X=3 Y=-1 Z=-4 FlatVerts=0 SlopeVerts=0
[+21:04:42.652] VoxelChunk: GenerateAsync (16,-19,1)
[+21:04:42.652] VoxelMesh: Chunk X=16 Y=-22 Z=-2 FlatVerts=0 SlopeVerts=0
[+21:04:42.654] VoxelMesh: Chunk X=16 Y=-19 Z=1 FlatVerts=0 SlopeVerts=0
[+21:04:42.661] VoxelMesh: Chunk X=2 Y=-1 Z=-4 FlatVerts=0 SlopeVerts=0
[+21:04:42.661] VoxelChunk: GenerateAsync (18,-21,-3)
[+21:04:42.663] VoxelMesh: Chunk X=-3 Y=1 Z=-4 FlatVerts=0 SlopeVerts=0
[+21:04:42.663] VoxelChunk: GenerateAsync (19,-21,-2)
[+21:04:42.663] VoxelMesh: Chunk X=18 Y=-21 Z=-3 FlatVerts=0 SlopeVerts=0
[+21:04:42.664] VoxelMesh: Chunk X=1 Y=-1 Z=-4 FlatVerts=0 SlopeVerts=0
[+21:04:42.665] VoxelChunk: GenerateAsync (18,-22,-2)
[+21:04:42.665] VoxelMesh: Chunk X=0 Y=-1 Z=-4 FlatVerts=1584 SlopeVerts=870
[+21:04:42.665] VoxelMesh: Chunk X=19 Y=-21 Z=-2 FlatVerts=0 SlopeVerts=0
[+21:04:42.666] VoxelChunk: GenerateAsync (18,-19,1)
[+21:04:42.666] VoxelMesh: Chunk X=18 Y=-22 Z=-2 FlatVerts=0 SlopeVerts=0
[+21:04:42.667] VoxelMesh: Chunk X=18 Y=-19 Z=1 FlatVerts=1584 SlopeVerts=870
[+21:04:42.674] VoxelMesh: Chunk X=-1 Y=-1 Z=-4 FlatVerts=0 SlopeVerts=0
[+21:04:42.675] VoxelChunk: GenerateAsync (15,-21,-2)
[+21:04:42.676] VoxelMesh: Chunk X=-2 Y=-1 Z=-4 FlatVerts=0 SlopeVerts=0
[+21:04:42.676] VoxelMesh: Chunk X=15 Y=-21 Z=-2 FlatVerts=0 SlopeVerts=0
[+21:04:42.677] VoxelChunk: GenerateAsync (18,-19,-3)
[+21:04:42.677] VoxelMesh: Chunk X=-3 Y=-1 Z=-4 FlatVerts=0 SlopeVerts=0
[+21:04:42.677] VoxelChunk: GenerateAsync (16,-19,-3)
[+21:04:42.679] VoxelMesh: Chunk X=18 Y=-19 Z=-3 FlatVerts=0 SlopeVerts=0
[+21:04:42.680] VoxelMesh: Chunk X=16 Y=-19 Z=-3 FlatVerts=0 SlopeVerts=0
[+21:04:42.680] VoxelMesh: Chunk X=3 Y=-2 Z=-4 FlatVerts=0 SlopeVerts=0
[+21:04:42.680] VoxelChunk: GenerateAsync (15,-19,0)
[+21:04:42.682] VoxelMesh: Chunk X=15 Y=-19 Z=0 FlatVerts=0 SlopeVerts=0
[+21:04:42.688] VoxelMesh: Chunk X=2 Y=0 Z=0 FlatVerts=0 SlopeVerts=0
[+21:04:42.688] VoxelChunk: GenerateAsync (3,-2,-4)
[+21:04:42.689] VoxelMesh: Chunk X=3 Y=-2 Z=-4 FlatVerts=0 SlopeVerts=0
[+21:04:42.692] VoxelMesh: Chunk X=-1 Y=2 Z=-4 FlatVerts=0 SlopeVerts=0
[+21:04:42.692] VoxelChunk: GenerateAsync (16,-21,-3)
[+21:04:42.693] VoxelMesh: Chunk X=0 Y=3 Z=-4 FlatVerts=0 SlopeVerts=0
[+21:04:42.694] VoxelChunk: GenerateAsync (15,-22,-1)
[+21:04:42.694] VoxelMesh: Chunk X=16 Y=-21 Z=-3 FlatVerts=0 SlopeVerts=0
[+21:04:42.694] VoxelMesh: Chunk X=3 Y=3 Z=-4 FlatVerts=288 SlopeVerts=642
[+21:04:42.695] VoxelChunk: GenerateAsync (17,-18,1)
[+21:04:42.696] VoxelMesh: Chunk X=17 Y=-18 Z=1 FlatVerts=288 SlopeVerts=642
[+21:04:42.696] VoxelMesh: Chunk X=15 Y=-22 Z=-1 FlatVerts=0 SlopeVerts=0
[+21:04:42.696] VoxelMesh: Chunk X=1 Y=-2 Z=-4 FlatVerts=0 SlopeVerts=0
[+21:04:42.696] VoxelChunk: GenerateAsync (19,-22,-1)
[+21:04:42.697] VoxelMesh: Chunk X=19 Y=-22 Z=-1 FlatVerts=0 SlopeVerts=0
[+21:04:42.705] VoxelMesh: Chunk X=-3 Y=-3 Z=-4 FlatVerts=0 SlopeVerts=0
[+21:04:42.705] VoxelChunk: GenerateAsync (17,-22,-3)
[+21:04:42.706] VoxelMesh: Chunk X=-1 Y=-3 Z=-4 FlatVerts=1830 SlopeVerts=558
[+21:04:42.706] VoxelChunk: GenerateAsync (17,-22,1)
[+21:04:42.707] VoxelMesh: Chunk X=17 Y=-22 Z=-3 FlatVerts=0 SlopeVerts=0
[+21:04:42.708] VoxelMesh: Chunk X=17 Y=-22 Z=1 FlatVerts=1830 SlopeVerts=558
[+21:04:42.708] VoxelMesh: Chunk X=2 Y=-2 Z=-4 FlatVerts=0 SlopeVerts=0
[+21:04:42.708] VoxelChunk: GenerateAsync (19,-20,-3)
[+21:04:42.710] VoxelMesh: Chunk X=-2 Y=-3 Z=-4 FlatVerts=0 SlopeVerts=0
[+21:04:42.710] VoxelMesh: Chunk X=19 Y=-20 Z=-3 FlatVerts=0 SlopeVerts=0
[+21:04:42.710] VoxelChunk: GenerateAsync (15,-18,-1)
[+21:04:42.711] VoxelMesh: Chunk X=15 Y=-18 Z=-1 FlatVerts=0 SlopeVerts=0
[+21:04:42.718] VoxelMesh: Chunk X=-3 Y=-3 Z=4 FlatVerts=1776 SlopeVerts=0
[+21:04:42.718] VoxelChunk: GenerateAsync (19,-20,1)
[+21:04:42.720] VoxelMesh: Chunk X=19 Y=-20 Z=1 FlatVerts=1776 SlopeVerts=0
[+21:04:42.720] VoxelMesh: Chunk X=-2 Y=-3 Z=4 FlatVerts=0 SlopeVerts=0
[+21:04:42.720] VoxelChunk: GenerateAsync (19,-18,-1)
[+21:04:42.722] VoxelMesh: Chunk X=19 Y=-18 Z=-1 FlatVerts=0 SlopeVerts=0
[+21:04:42.723] VoxelMesh: Chunk X=-1 Y=-3 Z=4 FlatVerts=0 SlopeVerts=0
[+21:04:42.723] VoxelChunk: GenerateAsync (15,-20,-3)
[+21:04:42.724] VoxelMesh: Chunk X=0 Y=-3 Z=4 FlatVerts=0 SlopeVerts=0
[+21:04:42.724] VoxelMesh: Chunk X=15 Y=-20 Z=-3 FlatVerts=0 SlopeVerts=0
[+21:04:42.724] VoxelChunk: GenerateAsync (17,-18,-3)
[+21:04:42.726] VoxelMesh: Chunk X=17 Y=-18 Z=-3 FlatVerts=0 SlopeVerts=0
[+21:04:42.733] VoxelMesh: Chunk X=1 Y=-3 Z=4 FlatVerts=60 SlopeVerts=330
[+21:04:42.734] VoxelChunk: GenerateAsync (15,-20,1)
[+21:04:42.735] VoxelMesh: Chunk X=2 Y=-3 Z=4 FlatVerts=0 SlopeVerts=0
[+21:04:42.735] VoxelChunk: GenerateAsync (17,-20,-4)
[+21:04:42.736] VoxelMesh: Chunk X=15 Y=-20 Z=1 FlatVerts=60 SlopeVerts=330
[+21:04:42.736] VoxelMesh: Chunk X=3 Y=-3 Z=4 FlatVerts=1224 SlopeVerts=540
[+21:04:42.736] VoxelMesh: Chunk X=17 Y=-20 Z=-4 FlatVerts=0 SlopeVerts=0
[+21:04:42.736] VoxelChunk: GenerateAsync (18,-18,1)
[+21:04:42.738] VoxelMesh: Chunk X=18 Y=-18 Z=1 FlatVerts=1224 SlopeVerts=540
[+21:04:42.738] VoxelMesh: Chunk X=-3 Y=-2 Z=4 FlatVerts=0 SlopeVerts=0
[+21:04:42.739] VoxelChunk: GenerateAsync (20,-20,-1)
[+21:04:42.740] VoxelMesh: Chunk X=20 Y=-20 Z=-1 FlatVerts=0 SlopeVerts=0
[+21:04:42.751] VoxelMesh: Chunk X=-2 Y=-2 Z=4 FlatVerts=1602 SlopeVerts=552
[+21:04:42.752] VoxelChunk: GenerateAsync (19,-21,1)
[+21:04:42.752] VoxelMesh: Chunk X=19 Y=-21 Z=1 FlatVerts=1602 SlopeVerts=552
[+21:04:42.752] VoxelMesh: Chunk X=-1 Y=-2 Z=4 FlatVerts=0 SlopeVerts=180
[+21:04:42.754] VoxelChunk: GenerateAsync (15,-19,1)
[+21:04:42.755] VoxelMesh: Chunk X=0 Y=-2 Z=4 FlatVerts=0 SlopeVerts=0
[+21:04:42.755] VoxelMesh: Chunk X=15 Y=-19 Z=1 FlatVerts=0 SlopeVerts=180
[+21:04:42.755] VoxelChunk: GenerateAsync (15,-21,1)
[+21:04:42.755] VoxelMesh: Chunk X=1 Y=-2 Z=4 FlatVerts=162 SlopeVerts=564
[+21:04:42.756] VoxelChunk: GenerateAsync (18,-22,1)
[+21:04:42.756] VoxelMesh: Chunk X=15 Y=-21 Z=1 FlatVerts=0 SlopeVerts=0
[+21:04:42.756] VoxelMesh: Chunk X=18 Y=-22 Z=1 FlatVerts=162 SlopeVerts=564
[+21:04:42.763] VoxelMesh: Chunk X=2 Y=-2 Z=4 FlatVerts=228 SlopeVerts=540
[+21:04:42.765] VoxelChunk: GenerateAsync (16,-22,1)
[+21:04:42.765] VoxelMesh: Chunk X=3 Y=-2 Z=4 FlatVerts=0 SlopeVerts=0
[+21:04:42.765] VoxelMesh: Chunk X=16 Y=-22 Z=1 FlatVerts=228 SlopeVerts=540
[+21:04:42.765] VoxelChunk: GenerateAsync (19,-18,0)
[+21:04:42.766] VoxelMesh: Chunk X=19 Y=-18 Z=0 FlatVerts=0 SlopeVerts=0
[+21:04:42.766] VoxelMesh: Chunk X=-3 Y=-1 Z=4 FlatVerts=0 SlopeVerts=0
[+21:04:42.767] VoxelChunk: GenerateAsync (15,-18,0)
[+21:04:42.767] VoxelMesh: Chunk X=-2 Y=-1 Z=4 FlatVerts=1596 SlopeVerts=0
[+21:04:42.768] VoxelChunk: GenerateAsync (19,-19,1)
[+21:04:42.768] VoxelMesh: Chunk X=15 Y=-18 Z=0 FlatVerts=0 SlopeVerts=0
[+21:04:42.768] VoxelMesh: Chunk X=19 Y=-19 Z=1 FlatVerts=1596 SlopeVerts=0
[+21:04:42.776] VoxelMesh: Chunk X=-1 Y=-1 Z=4 FlatVerts=0 SlopeVerts=0
[+21:04:42.776] VoxelChunk: GenerateAsync (19,-22,0)
[+21:04:42.777] VoxelMesh: Chunk X=0 Y=-1 Z=4 FlatVerts=0 SlopeVerts=0
[+21:04:42.777] VoxelChunk: GenerateAsync (16,-18,1)
[+21:04:42.777] VoxelMesh: Chunk X=19 Y=-22 Z=0 FlatVerts=0 SlopeVerts=0
[+21:04:42.778] VoxelMesh: Chunk X=16 Y=-18 Z=1 FlatVerts=0 SlopeVerts=0
[+21:04:42.778] VoxelMesh: Chunk X=1 Y=-1 Z=4 FlatVerts=0 SlopeVerts=0
[+21:04:42.779] VoxelChunk: GenerateAsync (15,-22,0)
[+21:04:42.779] VoxelMesh: Chunk X=2 Y=-1 Z=4 FlatVerts=0 SlopeVerts=0
[+21:04:42.779] VoxelChunk: GenerateAsync (17,-17,-1)
[+21:04:42.781] VoxelMesh: Chunk X=15 Y=-22 Z=0 FlatVerts=0 SlopeVerts=0
[+21:04:42.782] VoxelMesh: Chunk X=17 Y=-17 Z=-1 FlatVerts=0 SlopeVerts=0
[+21:04:42.786] VoxelMesh: Chunk X=-1 Y=2 Z=-2 FlatVerts=0 SlopeVerts=0
[+21:04:42.786] VoxelChunk: GenerateAsync (3,2,-4)
[+21:04:42.787] VoxelMesh: Chunk X=3 Y=2 Z=-4 FlatVerts=0 SlopeVerts=0
[+21:04:42.788] VoxelMesh: Chunk X=3 Y=-1 Z=4 FlatVerts=0 SlopeVerts=0
[+21:04:42.790] VoxelChunk: GenerateAsync (15,-21,-3)
[+21:04:42.791] VoxelMesh: Chunk X=-3 Y=0 Z=4 FlatVerts=0 SlopeVerts=0
[+21:04:42.791] VoxelChunk: GenerateAsync (14,-20,-1)
[+21:04:42.792] VoxelMesh: Chunk X=15 Y=-21 Z=-3 FlatVerts=0 SlopeVerts=0
[+21:04:42.793] VoxelMesh: Chunk X=-2 Y=0 Z=4 FlatVerts=0 SlopeVerts=0
[+21:04:42.793] VoxelChunk: GenerateAsync (17,-23,-1)
[+21:04:42.793] VoxelMesh: Chunk X=14 Y=-20 Z=-1 FlatVerts=0 SlopeVerts=0
[+21:04:42.795] VoxelMesh: Chunk X=17 Y=-23 Z=-1 FlatVerts=0 SlopeVerts=0
[+21:04:42.795] VoxelMesh: Chunk X=-1 Y=0 Z=4 FlatVerts=0 SlopeVerts=0
[+21:04:42.795] VoxelChunk: GenerateAsync (19,-18,-2)
[+21:04:42.796] VoxelMesh: Chunk X=19 Y=-18 Z=-2 FlatVerts=0 SlopeVerts=0
[+21:04:42.803] VoxelMesh: Chunk X=0 Y=0 Z=4 FlatVerts=0 SlopeVerts=0
[+21:04:42.803] VoxelChunk: GenerateAsync (15,-18,-2)
[+21:04:42.804] VoxelMesh: Chunk X=1 Y=0 Z=4 FlatVerts=0 SlopeVerts=0
[+21:04:42.804] VoxelChunk: GenerateAsync (19,-22,-2)
[+21:04:42.806] VoxelMesh: Chunk X=15 Y=-18 Z=-2 FlatVerts=0 SlopeVerts=0
[+21:04:42.807] VoxelMesh: Chunk X=19 Y=-22 Z=-2 FlatVerts=0 SlopeVerts=0
[+21:04:42.807] VoxelMesh: Chunk X=2 Y=0 Z=4 FlatVerts=0 SlopeVerts=0
[+21:04:42.807] VoxelChunk: GenerateAsync (15,-22,-2)
[+21:04:42.809] VoxelMesh: Chunk X=3 Y=0 Z=4 FlatVerts=0 SlopeVerts=0
[+21:04:42.809] VoxelMesh: Chunk X=15 Y=-22 Z=-2 FlatVerts=0 SlopeVerts=0
[+21:04:42.809] VoxelChunk: GenerateAsync (18,-18,-3)
[+21:04:42.810] VoxelMesh: Chunk X=18 Y=-18 Z=-3 FlatVerts=0 SlopeVerts=0
[+21:04:42.817] VoxelMesh: Chunk X=-3 Y=1 Z=4 FlatVerts=0 SlopeVerts=0
[+21:04:42.817] VoxelChunk: GenerateAsync (16,-22,-3)
[+21:04:42.819] VoxelMesh: Chunk X=-2 Y=1 Z=4 FlatVerts=0 SlopeVerts=0
[+21:04:42.819] VoxelMesh: Chunk X=16 Y=-22 Z=-3 FlatVerts=0 SlopeVerts=0
[+21:04:42.819] VoxelChunk: GenerateAsync (16,-18,-3)
[+21:04:42.821] VoxelMesh: Chunk X=-1 Y=1 Z=4 FlatVerts=0 SlopeVerts=0
[+21:04:42.821] VoxelMesh: Chunk X=16 Y=-18 Z=-3 FlatVerts=0 SlopeVerts=0
[+21:04:42.821] VoxelChunk: GenerateAsync (18,-22,-3)
[+21:04:42.822] VoxelMesh: Chunk X=0 Y=1 Z=4 FlatVerts=0 SlopeVerts=0
[+21:04:42.822] VoxelChunk: GenerateAsync (19,-19,-3)
[+21:04:42.822] VoxelMesh: Chunk X=18 Y=-22 Z=-3 FlatVerts=0 SlopeVerts=0
[+21:04:42.824] VoxelMesh: Chunk X=19 Y=-19 Z=-3 FlatVerts=0 SlopeVerts=0
[+21:04:42.830] VoxelMesh: Chunk X=1 Y=1 Z=4 FlatVerts=0 SlopeVerts=0
[+21:04:42.830] VoxelChunk: GenerateAsync (15,-19,-3)
[+21:04:42.832] VoxelMesh: Chunk X=2 Y=1 Z=4 FlatVerts=0 SlopeVerts=0
[+21:04:42.832] VoxelChunk: GenerateAsync (19,-21,-3)
[+21:04:42.832] VoxelMesh: Chunk X=15 Y=-19 Z=-3 FlatVerts=0 SlopeVerts=0
[+21:04:42.833] VoxelMesh: Chunk X=3 Y=1 Z=4 FlatVerts=0 SlopeVerts=0
[+21:04:42.834] VoxelChunk: GenerateAsync (16,-23,-1)
[+21:04:42.834] VoxelMesh: Chunk X=19 Y=-21 Z=-3 FlatVerts=0 SlopeVerts=0
[+21:04:42.835] VoxelMesh: Chunk X=-3 Y=2 Z=4 FlatVerts=0 SlopeVerts=0
[+21:04:42.835] VoxelMesh: Chunk X=16 Y=-23 Z=-1 FlatVerts=0 SlopeVerts=0
[+21:04:42.835] VoxelChunk: GenerateAsync (14,-20,0)
[+21:04:42.837] VoxelMesh: Chunk X=14 Y=-20 Z=0 FlatVerts=0 SlopeVerts=0
[+21:04:42.844] VoxelMesh: Chunk X=-2 Y=2 Z=4 FlatVerts=0 SlopeVerts=0
[+21:04:42.844] VoxelChunk: GenerateAsync (14,-20,-2)
[+21:04:42.846] VoxelMesh: Chunk X=-1 Y=2 Z=4 FlatVerts=0 SlopeVerts=0
[+21:04:42.846] VoxelChunk: GenerateAsync (14,-21,-1)
[+21:04:42.847] VoxelMesh: Chunk X=14 Y=-20 Z=-2 FlatVerts=0 SlopeVerts=0
[+21:04:42.847] VoxelMesh: Chunk X=0 Y=2 Z=4 FlatVerts=0 SlopeVerts=0
[+21:04:42.847] VoxelChunk: GenerateAsync (17,-17,0)
[+21:04:42.847] VoxelMesh: Chunk X=1 Y=2 Z=4 FlatVerts=0 SlopeVerts=0
[+21:04:42.849] VoxelMesh: Chunk X=14 Y=-21 Z=-1 FlatVerts=0 SlopeVerts=0
[+21:04:42.849] VoxelMesh: Chunk X=17 Y=-17 Z=0 FlatVerts=0 SlopeVerts=0
[+21:04:42.849] VoxelChunk: GenerateAsync (18,-20,-4)
[+21:04:42.850] VoxelMesh: Chunk X=18 Y=-20 Z=-4 FlatVerts=0 SlopeVerts=0
[+21:04:42.856] VoxelMesh: Chunk X=2 Y=2 Z=4 FlatVerts=0 SlopeVerts=0
[+21:04:42.856] VoxelChunk: GenerateAsync (17,-21,-4)
[+21:04:42.858] VoxelMesh: Chunk X=3 Y=2 Z=4 FlatVerts=0 SlopeVerts=0
[+21:04:42.858] VoxelMesh: Chunk X=17 Y=-21 Z=-4 FlatVerts=0 SlopeVerts=0
[+21:04:42.858] VoxelChunk: GenerateAsync (20,-21,-1)
[+21:04:42.859] VoxelMesh: Chunk X=-3 Y=3 Z=4 FlatVerts=0 SlopeVerts=0
[+21:04:42.859] VoxelChunk: GenerateAsync (17,-19,-4)
[+21:04:42.859] VoxelMesh: Chunk X=20 Y=-21 Z=-1 FlatVerts=0 SlopeVerts=0
[+21:04:42.860] VoxelMesh: Chunk X=17 Y=-19 Z=-4 FlatVerts=0 SlopeVerts=0
[+21:04:42.860] VoxelMesh: Chunk X=-2 Y=3 Z=4 FlatVerts=0 SlopeVerts=0
[+21:04:42.860] VoxelChunk: GenerateAsync (17,-23,-2)
[+21:04:42.862] VoxelMesh: Chunk X=17 Y=-23 Z=-2 FlatVerts=0 SlopeVerts=0
[+21:04:42.867] VoxelMesh: Chunk X=-1 Y=3 Z=4 FlatVerts=0 SlopeVerts=0
[+21:04:42.867] VoxelChunk: GenerateAsync (17,-23,0)
[+21:04:42.868] VoxelMesh: Chunk X=17 Y=-23 Z=0 FlatVerts=0 SlopeVerts=0
[+21:04:42.869] VoxelMesh: Chunk X=0 Y=3 Z=4 FlatVerts=0 SlopeVerts=0
[+21:04:42.870] VoxelChunk: GenerateAsync (20,-20,-2)
[+21:04:42.872] VoxelMesh: Chunk X=1 Y=3 Z=4 FlatVerts=0 SlopeVerts=0
[+21:04:42.872] VoxelChunk: GenerateAsync (16,-17,-1)
[+21:04:42.872] VoxelMesh: Chunk X=20 Y=-20 Z=-2 FlatVerts=0 SlopeVerts=0
[+21:04:42.872] VoxelMesh: Chunk X=2 Y=3 Z=4 FlatVerts=0 SlopeVerts=0
[+21:04:42.873] VoxelChunk: GenerateAsync (20,-20,0)
[+21:04:42.874] VoxelMesh: Chunk X=16 Y=-17 Z=-1 FlatVerts=0 SlopeVerts=0
[+21:04:42.874] VoxelMesh: Chunk X=20 Y=-20 Z=0 FlatVerts=0 SlopeVerts=0
[+21:04:42.881] VoxelMesh: Chunk X=3 Y=3 Z=4 FlatVerts=0 SlopeVerts=0
[+21:04:42.881] VoxelChunk: GenerateAsync (17,-17,-2)
[+21:04:42.882] VoxelMesh: Chunk X=17 Y=-17 Z=-2 FlatVerts=0 SlopeVerts=0
[+21:04:42.886] VoxelMesh: Chunk X=0 Y=0 Z=0 FlatVerts=0 SlopeVerts=0
[+21:04:42.886] VoxelChunk: GenerateAsync (16,-20,-4)
[+21:04:42.887] VoxelMesh: Chunk X=16 Y=-20 Z=-4 FlatVerts=0 SlopeVerts=0
[+21:04:42.890] VoxelMesh: Chunk X=0 Y=0 Z=0 FlatVerts=0 SlopeVerts=0
[+21:04:42.890] VoxelChunk: GenerateAsync (20,-19,-1)
[+21:04:42.892] VoxelMesh: Chunk X=20 Y=-19 Z=-1 FlatVerts=0 SlopeVerts=0
[+21:04:42.895] VoxelMesh: Chunk X=0 Y=0 Z=0 FlatVerts=0 SlopeVerts=0
[+21:04:42.895] VoxelChunk: GenerateAsync (18,-17,-1)
[+21:04:42.897] VoxelMesh: Chunk X=18 Y=-17 Z=-1 FlatVerts=0 SlopeVerts=0
[+21:04:42.902] VoxelMesh: Chunk X=-2 Y=1 Z=-1 FlatVerts=0 SlopeVerts=0
[+21:04:42.902] VoxelChunk: GenerateAsync (-3,3,-4)
[+21:04:42.903] VoxelMesh: Chunk X=-3 Y=3 Z=-4 FlatVerts=0 SlopeVerts=0
[+21:04:42.908] VoxelMesh: Chunk X=0 Y=0 Z=0 FlatVerts=0 SlopeVerts=0
[+21:04:42.908] VoxelChunk: GenerateAsync (18,-23,-1)
[+21:04:42.910] VoxelMesh: Chunk X=18 Y=-23 Z=-1 FlatVerts=0 SlopeVerts=0
[+21:04:42.915] VoxelMesh: Chunk X=0 Y=0 Z=0 FlatVerts=0 SlopeVerts=0
[+21:04:42.915] VoxelChunk: GenerateAsync (14,-19,-1)
[+21:04:42.917] VoxelMesh: Chunk X=14 Y=-19 Z=-1 FlatVerts=0 SlopeVerts=0
[+21:04:42.919] VoxelMesh: Chunk X=0 Y=0 Z=0 FlatVerts=6798 SlopeVerts=1320
[+21:04:42.920] VoxelChunk: GenerateAsync (18,-17,0)
[+21:04:42.921] VoxelMesh: Chunk X=18 Y=-17 Z=0 FlatVerts=0 SlopeVerts=0
[+21:04:42.924] VoxelMesh: Chunk X=0 Y=0 Z=0 FlatVerts=4278 SlopeVerts=2310
[+21:04:42.924] VoxelChunk: GenerateAsync (18,-23,0)
[+21:04:42.925] VoxelMesh: Chunk X=18 Y=-23 Z=0 FlatVerts=0 SlopeVerts=0
[+21:04:42.937] VoxelMesh: Chunk X=0 Y=0 Z=0 FlatVerts=552 SlopeVerts=2106
[+21:04:42.938] VoxelChunk: GenerateAsync (16,-17,0)
[+21:04:42.940] VoxelMesh: Chunk X=16 Y=-17 Z=0 FlatVerts=0 SlopeVerts=0
[+21:04:42.945] VoxelMesh: Chunk X=0 Y=0 Z=0 FlatVerts=0 SlopeVerts=0
[+21:04:42.945] VoxelChunk: GenerateAsync (18,-19,-4)
[+21:04:42.946] VoxelMesh: Chunk X=18 Y=-19 Z=-4 FlatVerts=0 SlopeVerts=0
[+21:04:42.950] VoxelMesh: Chunk X=0 Y=0 Z=0 FlatVerts=0 SlopeVerts=0
[+21:04:42.950] VoxelChunk: GenerateAsync (16,-19,-4)
[+21:04:42.951] VoxelMesh: Chunk X=16 Y=-19 Z=-4 FlatVerts=0 SlopeVerts=0
[+21:04:42.956] VoxelMesh: Chunk X=0 Y=0 Z=0 FlatVerts=0 SlopeVerts=0
[+21:04:42.957] VoxelChunk: GenerateAsync (14,-19,0)
[+21:04:42.957] VoxelMesh: Chunk X=14 Y=-19 Z=0 FlatVerts=0 SlopeVerts=0
[+21:04:42.968] VoxelMesh: Chunk X=0 Y=0 Z=0 FlatVerts=4728 SlopeVerts=2586
[+21:04:42.969] VoxelChunk: GenerateAsync (20,-19,0)
[+21:04:42.971] VoxelMesh: Chunk X=20 Y=-19 Z=0 FlatVerts=0 SlopeVerts=0
[+21:04:42.975] VoxelMesh: Chunk X=0 Y=0 Z=0 FlatVerts=0 SlopeVerts=36
[+21:04:42.975] VoxelChunk: GenerateAsync (14,-21,0)
[+21:04:42.977] VoxelMesh: Chunk X=14 Y=-21 Z=0 FlatVerts=0 SlopeVerts=0
[+21:04:42.981] VoxelMesh: Chunk X=0 Y=0 Z=0 FlatVerts=18 SlopeVerts=1026
[+21:04:42.981] VoxelChunk: GenerateAsync (20,-21,0)
[+21:04:42.982] VoxelMesh: Chunk X=20 Y=-21 Z=0 FlatVerts=0 SlopeVerts=0
[+21:04:42.984] VoxelMesh: Chunk X=0 Y=0 Z=0 FlatVerts=2760 SlopeVerts=1428
[+21:04:42.985] VoxelChunk: GenerateAsync (16,-23,0)
[+21:04:42.987] VoxelMesh: Chunk X=16 Y=-23 Z=0 FlatVerts=0 SlopeVerts=0
[+21:04:42.999] VoxelMesh: Chunk X=0 Y=0 Z=0 FlatVerts=0 SlopeVerts=0
[+21:04:43.000] VoxelChunk: GenerateAsync (18,-23,-2)
[+21:04:43.002] VoxelMesh: Chunk X=18 Y=-23 Z=-2 FlatVerts=0 SlopeVerts=0
[+21:04:43.006] VoxelMesh: Chunk X=0 Y=0 Z=0 FlatVerts=0 SlopeVerts=0
[+21:04:43.007] VoxelChunk: GenerateAsync (20,-19,-2)
[+21:04:43.008] VoxelMesh: Chunk X=20 Y=-19 Z=-2 FlatVerts=0 SlopeVerts=0
[+21:04:43.013] VoxelMesh: Chunk X=0 Y=0 Z=0 FlatVerts=0 SlopeVerts=0
[+21:04:43.013] VoxelChunk: GenerateAsync (16,-17,-2)
[+21:04:43.015] VoxelMesh: Chunk X=16 Y=-17 Z=-2 FlatVerts=0 SlopeVerts=0
[+21:04:43.019] VoxelMesh: Chunk X=0 Y=0 Z=0 FlatVerts=0 SlopeVerts=0
[+21:04:43.020] VoxelChunk: GenerateAsync (20,-21,-2)
[+21:04:43.021] VoxelMesh: Chunk X=20 Y=-21 Z=-2 FlatVerts=0 SlopeVerts=0
[+21:04:43.027] VoxelMesh: Chunk X=-1 Y=-2 Z=-1 FlatVerts=0 SlopeVerts=0
[+21:04:43.027] VoxelChunk: GenerateAsync (-1,0,-4)
[+21:04:43.029] VoxelMesh: Chunk X=-1 Y=0 Z=-4 FlatVerts=0 SlopeVerts=0
[+21:04:43.034] VoxelMesh: Chunk X=0 Y=0 Z=0 FlatVerts=0 SlopeVerts=0
[+21:04:43.034] VoxelChunk: GenerateAsync (14,-19,-2)
[+21:04:43.039] VoxelMesh: Chunk X=14 Y=-19 Z=-2 FlatVerts=0 SlopeVerts=0
[+21:04:43.042] VoxelMesh: Chunk X=0 Y=0 Z=0 FlatVerts=0 SlopeVerts=0
[+21:04:43.042] VoxelChunk: GenerateAsync (16,-23,-2)
[+21:04:43.044] VoxelMesh: Chunk X=16 Y=-23 Z=-2 FlatVerts=0 SlopeVerts=0
[+21:04:43.048] VoxelMesh: Chunk X=0 Y=0 Z=0 FlatVerts=0 SlopeVerts=0
[+21:04:43.048] VoxelChunk: GenerateAsync (18,-17,-2)
[+21:04:43.051] VoxelMesh: Chunk X=18 Y=-17 Z=-2 FlatVerts=0 SlopeVerts=0
[+21:04:43.055] VoxelMesh: Chunk X=0 Y=0 Z=0 FlatVerts=0 SlopeVerts=0
[+21:04:43.055] VoxelChunk: GenerateAsync (14,-21,-2)
[+21:04:43.057] VoxelMesh: Chunk X=14 Y=-21 Z=-2 FlatVerts=0 SlopeVerts=0
[+21:04:43.064] VoxelChunk: GenerateAsync (17,-22,-1)
[+21:04:43.064] VoxelChunk: GenerateAsync (15,-20,-1)
[+21:04:43.064] VoxelChunk: GenerateAsync (19,-20,-1)
[+21:04:43.064] VoxelChunk: GenerateAsync (18,-21,0)
[+21:04:43.064] VoxelChunk: GenerateAsync (16,-21,0)
[+21:04:43.064] VoxelChunk: GenerateAsync (16,-20,0)
[+21:04:43.064] VoxelChunk: GenerateAsync (18,-20,0)
[+21:04:43.064] VoxelChunk: GenerateAsync (17,-21,0)
[+21:04:43.064] VoxelChunk: GenerateAsync (17,-20,0)
[+21:04:43.064] VoxelChunk: GenerateAsync (17,-17,-2)
[+21:04:43.064] VoxelChunk: GenerateAsync (20,-20,0)
[+21:04:43.064] VoxelChunk: GenerateAsync (16,-17,-1)
[+21:04:43.064] VoxelChunk: GenerateAsync (20,-20,-2)
[+21:04:43.064] VoxelChunk: GenerateAsync (17,-23,0)
[+21:04:43.064] VoxelChunk: GenerateAsync (20,-21,-1)
[+21:04:43.064] VoxelChunk: GenerateAsync (17,-17,0)
[+21:04:43.064] VoxelChunk: GenerateAsync (14,-21,-1)
[+21:04:43.064] VoxelChunk: GenerateAsync (14,-20,-2)
[+21:04:43.064] VoxelChunk: GenerateAsync (14,-20,0)
[+21:04:43.064] VoxelChunk: GenerateAsync (16,-23,-1)
[+21:04:43.064] VoxelChunk: GenerateAsync (16,-21,-1)
[+21:04:43.064] VoxelChunk: GenerateAsync (16,-21,3)
[+21:04:43.064] VoxelChunk: GenerateAsync (16,-20,-1)
[+21:04:43.064] VoxelChunk: GenerateAsync (16,-20,3)
[+21:04:43.064] VoxelChunk: GenerateAsync (16,-19,-1)
[+21:04:43.064] VoxelChunk: GenerateAsync (16,-19,3)
[+21:04:43.064] VoxelChunk: GenerateAsync (17,-21,3)
[+21:04:43.064] VoxelChunk: GenerateAsync (17,-20,3)
[+21:04:43.064] VoxelChunk: GenerateAsync (17,-19,-1)
[+21:04:43.064] VoxelChunk: GenerateAsync (17,-19,3)
[+21:04:43.064] VoxelChunk: GenerateAsync (18,-21,-1)
[+21:04:43.064] VoxelChunk: GenerateAsync (18,-21,3)
[+21:04:43.064] VoxelChunk: GenerateAsync (18,-20,-1)
[+21:04:43.064] VoxelChunk: GenerateAsync (18,-20,3)
[+21:04:43.064] VoxelChunk: GenerateAsync (18,-19,-1)
[+21:04:43.064] VoxelChunk: GenerateAsync (18,-19,3)
[+21:04:43.064] VoxelChunk: GenerateAsync (15,-18,-2)
[+21:04:43.064] VoxelChunk: GenerateAsync (19,-18,-2)
[+21:04:43.064] VoxelChunk: GenerateAsync (17,-23,-1)
[+21:04:43.064] VoxelChunk: GenerateAsync (14,-20,-1)
[+21:04:43.064] VoxelChunk: GenerateAsync (17,-17,-1)
[+21:04:43.064] VoxelChunk: GenerateAsync (15,-22,0)
[+21:04:43.064] VoxelChunk: GenerateAsync (16,-18,1)
[+21:04:43.064] VoxelChunk: GenerateAsync (19,-22,0)
[+21:04:43.064] VoxelChunk: GenerateAsync (19,-19,1)
[+21:04:43.064] VoxelChunk: GenerateAsync (15,-18,0)
[+21:04:43.064] VoxelChunk: GenerateAsync (19,-18,0)
[+21:04:43.064] VoxelChunk: GenerateAsync (16,-22,1)
[+21:04:43.064] VoxelChunk: GenerateAsync (18,-22,1)
[+21:04:43.064] VoxelChunk: GenerateAsync (15,-21,1)
[+21:04:43.064] VoxelMesh: Chunk X=18 Y=-20 Z=0 FlatVerts=0 SlopeVerts=0
[+21:04:43.064] VoxelChunk: GenerateAsync (15,-19,1)
[+21:04:43.064] VoxelChunk: GenerateAsync (19,-21,1)
[+21:04:43.064] VoxelChunk: GenerateAsync (20,-20,-1)
[+21:04:43.064] VoxelChunk: GenerateAsync (18,-18,1)
[+21:04:43.064] VoxelChunk: GenerateAsync (15,-20,1)
[+21:04:43.064] VoxelChunk: GenerateAsync (19,-18,-1)
[+21:04:43.064] VoxelMesh: Chunk X=18 Y=-21 Z=0 FlatVerts=0 SlopeVerts=0
[+21:04:43.064] VoxelChunk: GenerateAsync (19,-20,1)
[+21:04:43.064] VoxelChunk: GenerateAsync (15,-18,-1)
[+21:04:43.064] VoxelChunk: GenerateAsync (17,-22,1)
[+21:04:43.064] VoxelChunk: GenerateAsync (19,-22,-1)
[+21:04:43.064] VoxelChunk: GenerateAsync (17,-18,1)
[+21:04:43.064] VoxelChunk: GenerateAsync (15,-22,-1)
[+21:04:43.064] VoxelChunk: GenerateAsync (15,-19,0)
[+21:04:43.064] VoxelChunk: GenerateAsync (18,-19,1)
[+21:04:43.064] VoxelMesh: Chunk X=17 Y=-22 Z=-1 FlatVerts=0 SlopeVerts=0
[+21:04:43.064] VoxelChunk: GenerateAsync (16,-19,1)
[+21:04:43.064] VoxelChunk: GenerateAsync (18,-21,1)
[+21:04:43.064] VoxelMesh: Chunk X=17 Y=-21 Z=0 FlatVerts=0 SlopeVerts=0
[+21:04:43.065] VoxelChunk: GenerateAsync (16,-18,0)
[+21:04:43.065] VoxelChunk: GenerateAsync (19,-21,0)
[+21:04:43.065] VoxelChunk: GenerateAsync (16,-22,0)
[+21:04:43.065] VoxelChunk: GenerateAsync (18,-18,0)
[+21:04:43.065] VoxelChunk: GenerateAsync (18,-18,-2)
[+21:04:43.065] VoxelChunk: GenerateAsync (18,-22,0)
[+21:04:43.065] VoxelChunk: GenerateAsync (16,-18,-2)
[+21:04:43.065] VoxelChunk: GenerateAsync (19,-19,0)
[+21:04:43.065] VoxelChunk: GenerateAsync (15,-21,0)
[+21:04:43.065] VoxelChunk: GenerateAsync (16,-21,1)
[+21:04:43.065] VoxelChunk: GenerateAsync (16,-20,1)
[+21:04:43.065] VoxelChunk: GenerateAsync (15,-19,-1)
[+21:04:43.065] VoxelChunk: GenerateAsync (19,-19,-1)
[+21:04:43.065] VoxelChunk: GenerateAsync (16,-18,-1)
[+21:04:43.065] VoxelChunk: GenerateAsync (17,-19,1)
[+21:04:43.065] VoxelChunk: GenerateAsync (16,-22,-1)
[+21:04:43.065] VoxelChunk: GenerateAsync (18,-18,-1)
[+21:04:43.065] VoxelChunk: GenerateAsync (17,-18,-1)
[+21:04:43.065] VoxelChunk: GenerateAsync (19,-21,-1)
[+21:04:43.065] VoxelChunk: GenerateAsync (15,-21,-1)
[+21:04:43.065] VoxelChunk: GenerateAsync (18,-22,-1)
[+21:04:43.065] VoxelChunk: GenerateAsync (20,-19,-1)
[+21:04:43.065] VoxelChunk: GenerateAsync (18,-17,-1)
[+21:04:43.065] VoxelChunk: GenerateAsync (18,-23,-1)
[+21:04:43.065] VoxelChunk: GenerateAsync (14,-19,-1)
[+21:04:43.065] VoxelChunk: GenerateAsync (18,-17,0)
[+21:04:43.065] VoxelChunk: GenerateAsync (18,-23,0)
[+21:04:43.065] VoxelChunk: GenerateAsync (16,-17,0)
[+21:04:43.065] VoxelChunk: GenerateAsync (14,-19,0)
[+21:04:43.065] VoxelChunk: GenerateAsync (20,-19,0)
[+21:04:43.065] VoxelMesh: Chunk X=20 Y=-20 Z=0 FlatVerts=0 SlopeVerts=0
[+21:04:43.065] VoxelChunk: GenerateAsync (14,-21,0)
[+21:04:43.065] VoxelChunk: GenerateAsync (20,-21,0)
[+21:04:43.065] VoxelMesh: Chunk X=19 Y=-20 Z=-1 FlatVerts=0 SlopeVerts=0
[+21:04:43.065] VoxelChunk: GenerateAsync (16,-23,0)
[+21:04:43.065] VoxelChunk: GenerateAsync (18,-23,-2)
[+21:04:43.065] VoxelChunk: GenerateAsync (20,-19,-2)
[+21:04:43.065] VoxelChunk: GenerateAsync (16,-17,-2)
[+21:04:43.065] VoxelChunk: GenerateAsync (20,-21,-2)
[+21:04:43.065] VoxelChunk: GenerateAsync (14,-19,-2)
[+21:04:43.065] VoxelChunk: GenerateAsync (16,-23,-2)
[+21:04:43.065] VoxelChunk: GenerateAsync (18,-17,-2)
[+21:04:43.065] VoxelChunk: GenerateAsync (14,-21,-2)
[+21:04:43.065] VoxelMesh: Chunk X=16 Y=-20 Z=0 FlatVerts=0 SlopeVerts=0
[+21:04:43.065] VoxelMesh: Chunk X=15 Y=-20 Z=-1 FlatVerts=0 SlopeVerts=0
[+21:04:43.065] VoxelMesh: Chunk X=17 Y=-20 Z=0 FlatVerts=0 SlopeVerts=0
[+21:04:43.065] VoxelMesh: Chunk X=17 Y=-23 Z=0 FlatVerts=0 SlopeVerts=0
[+21:04:43.066] VoxelMesh: Chunk X=16 Y=-21 Z=0 FlatVerts=0 SlopeVerts=0
[+21:04:43.066] VoxelMesh: Chunk X=17 Y=-17 Z=0 FlatVerts=0 SlopeVerts=0
[+21:04:43.066] VoxelMesh: Chunk X=17 Y=-17 Z=-2 FlatVerts=0 SlopeVerts=0
[+21:04:43.066] VoxelMesh: Chunk X=16 Y=-17 Z=-1 FlatVerts=0 SlopeVerts=0
[+21:04:43.066] VoxelMesh: Chunk X=20 Y=-20 Z=-2 FlatVerts=0 SlopeVerts=0
[+21:04:43.066] VoxelMesh: Chunk X=20 Y=-21 Z=-1 FlatVerts=0 SlopeVerts=0
[+21:04:43.067] VoxelMesh: Chunk X=16 Y=-21 Z=3 FlatVerts=18 SlopeVerts=120
[+21:04:43.067] VoxelMesh: Chunk X=14 Y=-21 Z=-1 FlatVerts=0 SlopeVerts=0
[+21:04:43.067] VoxelMesh: Chunk X=14 Y=-20 Z=-2 FlatVerts=0 SlopeVerts=0
[+21:04:43.067] VoxelMesh: Chunk X=14 Y=-20 Z=0 FlatVerts=0 SlopeVerts=0
[+21:04:43.067] VoxelMesh: Chunk X=16 Y=-19 Z=3 FlatVerts=0 SlopeVerts=144
[+21:04:43.067] VoxelMesh: Chunk X=16 Y=-20 Z=3 FlatVerts=0 SlopeVerts=198
[+21:04:43.067] VoxelMesh: Chunk X=16 Y=-23 Z=-1 FlatVerts=0 SlopeVerts=0
[+21:04:43.068] VoxelMesh: Chunk X=16 Y=-21 Z=-1 FlatVerts=0 SlopeVerts=0
[+21:04:43.068] VoxelMesh: Chunk X=17 Y=-21 Z=3 FlatVerts=0 SlopeVerts=0
[+21:04:43.068] VoxelMesh: Chunk X=17 Y=-20 Z=3 FlatVerts=0 SlopeVerts=120
[+21:04:43.068] VoxelMesh: Chunk X=17 Y=-19 Z=3 FlatVerts=0 SlopeVerts=222
[+21:04:43.068] VoxelMesh: Chunk X=16 Y=-20 Z=-1 FlatVerts=0 SlopeVerts=0
[+21:04:43.068] VoxelMesh: Chunk X=18 Y=-21 Z=3 FlatVerts=0 SlopeVerts=0
[+21:04:43.068] VoxelMesh: Chunk X=18 Y=-20 Z=3 FlatVerts=0 SlopeVerts=0
[+21:04:43.069] VoxelMesh: Chunk X=18 Y=-21 Z=-1 FlatVerts=0 SlopeVerts=0
[+21:04:43.069] VoxelMesh: Chunk X=18 Y=-19 Z=3 FlatVerts=0 SlopeVerts=0
[+21:04:43.069] VoxelMesh: Chunk X=17 Y=-19 Z=-1 FlatVerts=0 SlopeVerts=0
[+21:04:43.069] VoxelMesh: Chunk X=18 Y=-20 Z=-1 FlatVerts=0 SlopeVerts=0
[+21:04:43.069] VoxelMesh: Chunk X=18 Y=-19 Z=-1 FlatVerts=0 SlopeVerts=0
[+21:04:43.070] VoxelMesh: Chunk X=16 Y=-19 Z=-1 FlatVerts=0 SlopeVerts=0
[+21:04:43.070] VoxelMesh: Chunk X=15 Y=-18 Z=-2 FlatVerts=0 SlopeVerts=0
[+21:04:43.070] VoxelMesh: Chunk X=17 Y=-23 Z=-1 FlatVerts=0 SlopeVerts=0
[+21:04:43.070] VoxelMesh: Chunk X=19 Y=-18 Z=-2 FlatVerts=0 SlopeVerts=0
[+21:04:43.071] VoxelMesh: Chunk X=17 Y=-17 Z=-1 FlatVerts=0 SlopeVerts=0
[+21:04:43.071] VoxelMesh: Chunk X=15 Y=-22 Z=0 FlatVerts=0 SlopeVerts=0
[+21:04:43.071] VoxelMesh: Chunk X=16 Y=-18 Z=1 FlatVerts=0 SlopeVerts=0
[+21:04:43.071] VoxelMesh: Chunk X=19 Y=-18 Z=0 FlatVerts=0 SlopeVerts=0
[+21:04:43.071] VoxelMesh: Chunk X=14 Y=-20 Z=-1 FlatVerts=0 SlopeVerts=0
[+21:04:43.071] VoxelMesh: Chunk X=19 Y=-22 Z=0 FlatVerts=0 SlopeVerts=0
[+21:04:43.071] VoxelMesh: Chunk X=19 Y=-19 Z=1 FlatVerts=396 SlopeVerts=0
[+21:04:43.071] VoxelMesh: Chunk X=16 Y=-22 Z=1 FlatVerts=12 SlopeVerts=144
[+21:04:43.072] VoxelMesh: Chunk X=15 Y=-18 Z=0 FlatVerts=0 SlopeVerts=0
[+21:04:43.072] VoxelMesh: Chunk X=18 Y=-22 Z=1 FlatVerts=60 SlopeVerts=126
[+21:04:43.072] VoxelMesh: Chunk X=19 Y=-21 Z=1 FlatVerts=360 SlopeVerts=156
[+21:04:43.072] VoxelMesh: Chunk X=18 Y=-18 Z=1 FlatVerts=276 SlopeVerts=132
[+21:04:43.072] VoxelMesh: Chunk X=15 Y=-19 Z=1 FlatVerts=0 SlopeVerts=36
[+21:04:43.072] VoxelMesh: Chunk X=20 Y=-20 Z=-1 FlatVerts=0 SlopeVerts=0
[+21:04:43.072] VoxelMesh: Chunk X=15 Y=-20 Z=1 FlatVerts=0 SlopeVerts=66
[+21:04:43.073] VoxelMesh: Chunk X=19 Y=-20 Z=1 FlatVerts=480 SlopeVerts=0
[+21:04:43.073] VoxelMesh: Chunk X=17 Y=-22 Z=1 FlatVerts=510 SlopeVerts=66
[+21:04:43.073] VoxelMesh: Chunk X=15 Y=-21 Z=1 FlatVerts=0 SlopeVerts=0
[+21:04:43.073] VoxelMesh: Chunk X=17 Y=-18 Z=1 FlatVerts=54 SlopeVerts=120
[+21:04:43.073] VoxelMesh: Chunk X=19 Y=-18 Z=-1 FlatVerts=0 SlopeVerts=0
[+21:04:43.073] VoxelMesh: Chunk X=15 Y=-18 Z=-1 FlatVerts=0 SlopeVerts=0
[+21:04:43.074] VoxelMesh: Chunk X=18 Y=-21 Z=1 FlatVerts=156 SlopeVerts=342
[+21:04:43.074] VoxelMesh: Chunk X=19 Y=-22 Z=-1 FlatVerts=0 SlopeVerts=0
[+21:04:43.074] VoxelMesh: Chunk X=19 Y=-21 Z=0 FlatVerts=0 SlopeVerts=0
[+21:04:43.074] VoxelMesh: Chunk X=15 Y=-19 Z=0 FlatVerts=0 SlopeVerts=0
[+21:04:43.074] VoxelMesh: Chunk X=18 Y=-19 Z=1 FlatVerts=360 SlopeVerts=210
[+21:04:43.074] VoxelMesh: Chunk X=15 Y=-22 Z=-1 FlatVerts=0 SlopeVerts=0
[+21:04:43.075] VoxelMesh: Chunk X=16 Y=-18 Z=0 FlatVerts=0 SlopeVerts=0
[+21:04:43.075] VoxelMesh: Chunk X=18 Y=-18 Z=0 FlatVerts=0 SlopeVerts=0
[+21:04:43.075] VoxelMesh: Chunk X=16 Y=-19 Z=1 FlatVerts=0 SlopeVerts=0
[+21:04:43.075] VoxelMesh: Chunk X=19 Y=-19 Z=0 FlatVerts=0 SlopeVerts=0
[+21:04:43.075] VoxelMesh: Chunk X=16 Y=-22 Z=0 FlatVerts=0 SlopeVerts=0
[+21:04:43.075] VoxelMesh: Chunk X=16 Y=-21 Z=1 FlatVerts=0 SlopeVerts=84
[+21:04:43.075] VoxelMesh: Chunk X=18 Y=-18 Z=-2 FlatVerts=0 SlopeVerts=0
[+21:04:43.075] VoxelMesh: Chunk X=18 Y=-22 Z=0 FlatVerts=0 SlopeVerts=0
[+21:04:43.076] VoxelMesh: Chunk X=16 Y=-20 Z=1 FlatVerts=0 SlopeVerts=6
[+21:04:43.076] VoxelMesh: Chunk X=15 Y=-21 Z=0 FlatVerts=0 SlopeVerts=0
[+21:04:43.076] VoxelMesh: Chunk X=19 Y=-19 Z=-1 FlatVerts=0 SlopeVerts=0
[+21:04:43.076] VoxelMesh: Chunk X=16 Y=-18 Z=-2 FlatVerts=0 SlopeVerts=0
[+21:04:43.076] VoxelMesh: Chunk X=15 Y=-19 Z=-1 FlatVerts=0 SlopeVerts=0
[+21:04:43.076] VoxelMesh: Chunk X=17 Y=-19 Z=1 FlatVerts=0 SlopeVerts=0
[+21:04:43.077] VoxelMesh: Chunk X=0 Y=0 Z=0 FlatVerts=0 SlopeVerts=0
[+21:04:43.077] VoxelMesh: Chunk X=16 Y=-18 Z=-1 FlatVerts=0 SlopeVerts=0
[+21:04:43.077] VoxelMesh: Chunk X=16 Y=-22 Z=-1 FlatVerts=0 SlopeVerts=0
[+21:04:43.077] VoxelChunk: GenerateAsync (16,-21,-4)
[+21:04:43.077] VoxelMesh: Chunk X=18 Y=-18 Z=-1 FlatVerts=0 SlopeVerts=0
[+21:04:43.077] VoxelMesh: Chunk X=19 Y=-21 Z=-1 FlatVerts=0 SlopeVerts=0
[+21:04:43.078] VoxelMesh: Chunk X=17 Y=-18 Z=-1 FlatVerts=0 SlopeVerts=0
[+21:04:43.078] VoxelMesh: Chunk X=20 Y=-19 Z=-1 FlatVerts=0 SlopeVerts=0
[+21:04:43.078] VoxelMesh: Chunk X=18 Y=-22 Z=-1 FlatVerts=0 SlopeVerts=0
[+21:04:43.078] VoxelMesh: Chunk X=15 Y=-21 Z=-1 FlatVerts=0 SlopeVerts=0
[+21:04:43.078] VoxelMesh: Chunk X=18 Y=-17 Z=0 FlatVerts=0 SlopeVerts=0
[+21:04:43.078] VoxelMesh: Chunk X=18 Y=-17 Z=-1 FlatVerts=0 SlopeVerts=0
[+21:04:43.078] VoxelMesh: Chunk X=20 Y=-19 Z=0 FlatVerts=0 SlopeVerts=0
[+21:04:43.078] VoxelMesh: Chunk X=18 Y=-23 Z=0 FlatVerts=0 SlopeVerts=0
[+21:04:43.078] VoxelMesh: Chunk X=20 Y=-21 Z=0 FlatVerts=0 SlopeVerts=0
[+21:04:43.078] VoxelMesh: Chunk X=14 Y=-19 Z=-1 FlatVerts=0 SlopeVerts=0
[+21:04:43.078] VoxelMesh: Chunk X=16 Y=-17 Z=0 FlatVerts=0 SlopeVerts=0
[+21:04:43.078] VoxelMesh: Chunk X=18 Y=-23 Z=-1 FlatVerts=0 SlopeVerts=0
[+21:04:43.078] VoxelMesh: Chunk X=14 Y=-19 Z=0 FlatVerts=0 SlopeVerts=0
[+21:04:43.079] VoxelMesh: Chunk X=14 Y=-21 Z=0 FlatVerts=0 SlopeVerts=0
[+21:04:43.079] VoxelMesh: Chunk X=16 Y=-23 Z=0 FlatVerts=0 SlopeVerts=0
[+21:04:43.080] VoxelMesh: Chunk X=18 Y=-23 Z=-2 FlatVerts=0 SlopeVerts=0
[+21:04:43.080] VoxelMesh: Chunk X=20 Y=-19 Z=-2 FlatVerts=0 SlopeVerts=0
[+21:04:43.080] VoxelMesh: Chunk X=16 Y=-17 Z=-2 FlatVerts=0 SlopeVerts=0
[+21:04:43.080] VoxelMesh: Chunk X=20 Y=-21 Z=-2 FlatVerts=0 SlopeVerts=0
[+21:04:43.080] VoxelMesh: Chunk X=14 Y=-19 Z=-2 FlatVerts=0 SlopeVerts=0
[+21:04:43.080] VoxelMesh: Chunk X=18 Y=-17 Z=-2 FlatVerts=0 SlopeVerts=0
[+21:04:43.080] VoxelMesh: Chunk X=16 Y=-23 Z=-2 FlatVerts=0 SlopeVerts=0
[+21:04:43.082] VoxelMesh: Chunk X=14 Y=-21 Z=-2 FlatVerts=0 SlopeVerts=0
[+21:04:43.083] VoxelMesh: Chunk X=16 Y=-21 Z=-4 FlatVerts=0 SlopeVerts=0
[+21:04:43.085] VoxelMesh: Chunk X=0 Y=0 Z=0 FlatVerts=0 SlopeVerts=0
[+21:04:43.085] VoxelChunk: GenerateAsync (18,-21,-4)
[+21:04:43.089] VoxelMesh: Chunk X=18 Y=-21 Z=-4 FlatVerts=0 SlopeVerts=0
[+21:04:43.091] VoxelMesh: Chunk X=0 Y=0 Z=0 FlatVerts=0 SlopeVerts=1098
[+21:04:43.091] VoxelChunk: GenerateAsync (15,-18,1)
[+21:04:43.093] VoxelMesh: Chunk X=15 Y=-18 Z=1 FlatVerts=6 SlopeVerts=18
[+21:04:43.096] VoxelMesh: Chunk X=0 Y=0 Z=0 FlatVerts=1452 SlopeVerts=6090
[+21:04:43.097] VoxelChunk: GenerateAsync (19,-22,1)
[+21:04:43.098] VoxelMesh: Chunk X=19 Y=-22 Z=1 FlatVerts=114 SlopeVerts=882
[+21:04:43.117] VoxelMesh: Chunk X=0 Y=0 Z=0 FlatVerts=0 SlopeVerts=0
[+21:04:43.117] VoxelChunk: GenerateAsync (15,-22,-3)
[+21:04:43.122] VoxelMesh: Chunk X=15 Y=-22 Z=-3 FlatVerts=0 SlopeVerts=0
[+21:04:43.124] VoxelMesh: Chunk X=0 Y=0 Z=0 FlatVerts=0 SlopeVerts=0
[+21:04:43.124] VoxelChunk: GenerateAsync (19,-18,-3)
[+21:04:43.126] VoxelMesh: Chunk X=19 Y=-18 Z=-3 FlatVerts=0 SlopeVerts=0
[+21:04:43.130] VoxelMesh: Chunk X=0 Y=0 Z=0 FlatVerts=0 SlopeVerts=0
[+21:04:43.130] VoxelChunk: GenerateAsync (15,-18,-3)
[+21:04:43.132] VoxelMesh: Chunk X=15 Y=-18 Z=-3 FlatVerts=0 SlopeVerts=0
[+21:04:43.135] VoxelMesh: Chunk X=0 Y=0 Z=0 FlatVerts=6666 SlopeVerts=3294
[+21:04:43.136] VoxelChunk: GenerateAsync (19,-18,1)
[+21:04:43.138] VoxelMesh: Chunk X=19 Y=-18 Z=1 FlatVerts=1860 SlopeVerts=0
[+21:04:43.144] VoxelMesh: Chunk X=0 Y=-2 Z=1 FlatVerts=0 SlopeVerts=0
[+21:04:43.144] VoxelChunk: GenerateAsync (-2,3,-4)
[+21:04:43.146] VoxelMesh: Chunk X=-2 Y=3 Z=-4 FlatVerts=0 SlopeVerts=0
[+21:04:43.150] VoxelMesh: Chunk X=0 Y=0 Z=0 FlatVerts=1422 SlopeVerts=16638
[+21:04:43.150] VoxelChunk: GenerateAsync (15,-22,1)
[+21:04:43.152] VoxelMesh: Chunk X=15 Y=-22 Z=1 FlatVerts=0 SlopeVerts=0
[+21:04:43.158] VoxelMesh: Chunk X=0 Y=0 Z=0 FlatVerts=0 SlopeVerts=0
[+21:04:43.158] VoxelChunk: GenerateAsync (19,-22,-3)
[+21:04:43.160] VoxelMesh: Chunk X=19 Y=-22 Z=-3 FlatVerts=0 SlopeVerts=0
[+21:04:43.164] VoxelMesh: Chunk X=0 Y=0 Z=0 FlatVerts=0 SlopeVerts=0
[+21:04:43.164] VoxelChunk: GenerateAsync (17,-18,-4)
[+21:04:43.166] VoxelMesh: Chunk X=17 Y=-18 Z=-4 FlatVerts=0 SlopeVerts=0
[+21:04:43.171] VoxelMesh: Chunk X=0 Y=0 Z=0 FlatVerts=0 SlopeVerts=0
[+21:04:43.171] VoxelChunk: GenerateAsync (20,-20,-3)
[+21:04:43.172] VoxelMesh: Chunk X=20 Y=-20 Z=-3 FlatVerts=0 SlopeVerts=0
[+21:04:43.184] VoxelMesh: Chunk X=0 Y=0 Z=0 FlatVerts=0 SlopeVerts=0
[+21:04:43.185] VoxelChunk: GenerateAsync (14,-20,-3)
[+21:04:43.188] VoxelMesh: Chunk X=14 Y=-20 Z=-3 FlatVerts=0 SlopeVerts=0
[+21:04:43.191] VoxelMesh: Chunk X=0 Y=0 Z=0 FlatVerts=60 SlopeVerts=3012
[+21:04:43.191] VoxelChunk: GenerateAsync (14,-20,1)
[+21:04:43.192] VoxelMesh: Chunk X=14 Y=-20 Z=1 FlatVerts=0 SlopeVerts=42
[+21:04:43.195] VoxelMesh: Chunk X=0 Y=0 Z=0 FlatVerts=1254 SlopeVerts=9576
[+21:04:43.196] VoxelChunk: GenerateAsync (20,-20,1)
[+21:04:43.196] VoxelMesh: Chunk X=20 Y=-20 Z=1 FlatVerts=1674 SlopeVerts=0
[+21:04:43.201] VoxelMesh: Chunk X=0 Y=0 Z=0 FlatVerts=0 SlopeVerts=0
[+21:04:43.201] VoxelChunk: GenerateAsync (19,-20,-4)
[+21:04:43.202] VoxelMesh: Chunk X=19 Y=-20 Z=-4 FlatVerts=0 SlopeVerts=0
[+21:04:43.216] VoxelMesh: Chunk X=0 Y=0 Z=0 FlatVerts=0 SlopeVerts=0
[+21:04:43.216] VoxelChunk: GenerateAsync (17,-17,-3)
[+21:04:43.218] VoxelMesh: Chunk X=17 Y=-17 Z=-3 FlatVerts=0 SlopeVerts=0
[+21:04:43.221] VoxelMesh: Chunk X=0 Y=0 Z=0 FlatVerts=72 SlopeVerts=14628
[+21:04:43.222] VoxelChunk: GenerateAsync (15,-20,2)
[+21:04:43.224] VoxelMesh: Chunk X=15 Y=-20 Z=2 FlatVerts=6 SlopeVerts=3360
[+21:04:43.226] VoxelMesh: Chunk X=0 Y=0 Z=0 FlatVerts=0 SlopeVerts=0
[+21:04:43.227] VoxelChunk: GenerateAsync (15,-20,-4)
[+21:04:43.229] VoxelMesh: Chunk X=15 Y=-20 Z=-4 FlatVerts=0 SlopeVerts=0
[+21:04:43.233] VoxelMesh: Chunk X=0 Y=0 Z=0 FlatVerts=0 SlopeVerts=0
[+21:04:43.234] VoxelChunk: GenerateAsync (17,-23,-3)
[+21:04:43.236] VoxelMesh: Chunk X=17 Y=-23 Z=-3 FlatVerts=0 SlopeVerts=0
[+21:04:43.246] VoxelMesh: Chunk X=0 Y=0 Z=0 FlatVerts=0 SlopeVerts=0
[+21:04:43.246] VoxelChunk: GenerateAsync (20,-18,-1)
[+21:04:43.248] VoxelMesh: Chunk X=20 Y=-18 Z=-1 FlatVerts=0 SlopeVerts=0
[+21:04:43.252] VoxelMesh: Chunk X=0 Y=0 Z=0 FlatVerts=0 SlopeVerts=11886
[+21:04:43.252] VoxelChunk: GenerateAsync (19,-20,2)
[+21:04:43.255] VoxelMesh: Chunk X=19 Y=-20 Z=2 FlatVerts=0 SlopeVerts=0
[+21:04:43.259] VoxelMesh: Chunk X=0 Y=0 Z=0 FlatVerts=0 SlopeVerts=0
[+21:04:43.260] VoxelChunk: GenerateAsync (17,-22,-4)
[+21:04:43.261] VoxelMesh: Chunk X=17 Y=-22 Z=-4 FlatVerts=0 SlopeVerts=0
[+21:04:43.265] VoxelMesh: Chunk X=0 Y=0 Z=0 FlatVerts=582 SlopeVerts=11466
[+21:04:43.266] VoxelChunk: GenerateAsync (17,-18,2)
[+21:04:43.268] VoxelMesh: Chunk X=17 Y=-18 Z=2 FlatVerts=138 SlopeVerts=4572
[+21:04:43.274] VoxelMesh: Chunk X=-1 Y=0 Z=-2 FlatVerts=0 SlopeVerts=0
[+21:04:43.274] VoxelChunk: GenerateAsync (-1,3,-4)
[+21:04:43.277] VoxelMesh: Chunk X=-1 Y=3 Z=-4 FlatVerts=0 SlopeVerts=0
[+21:04:43.283] VoxelMesh: Chunk X=0 Y=0 Z=0 FlatVerts=0 SlopeVerts=0
[+21:04:43.284] VoxelChunk: GenerateAsync (14,-22,-1)
[+21:04:43.286] VoxelMesh: Chunk X=14 Y=-22 Z=-1 FlatVerts=0 SlopeVerts=0
[+21:04:43.289] VoxelMesh: Chunk X=0 Y=0 Z=0 FlatVerts=0 SlopeVerts=0
[+21:04:43.290] VoxelChunk: GenerateAsync (19,-23,-1)
[+21:04:43.292] VoxelMesh: Chunk X=19 Y=-23 Z=-1 FlatVerts=0 SlopeVerts=0
[+21:04:43.296] VoxelMesh: Chunk X=0 Y=0 Z=0 FlatVerts=0 SlopeVerts=0
[+21:04:43.296] VoxelChunk: GenerateAsync (15,-17,-1)
[+21:04:43.298] VoxelMesh: Chunk X=15 Y=-17 Z=-1 FlatVerts=0 SlopeVerts=0
[+21:04:43.303] VoxelMesh: Chunk X=0 Y=0 Z=0 FlatVerts=2214 SlopeVerts=15540
[+21:04:43.304] VoxelChunk: GenerateAsync (17,-22,2)
[+21:04:43.305] VoxelMesh: Chunk X=17 Y=-22 Z=2 FlatVerts=0 SlopeVerts=0
[+21:04:43.320] VoxelMesh: Chunk X=0 Y=0 Z=0 FlatVerts=0 SlopeVerts=0
[+21:04:43.321] VoxelChunk: GenerateAsync (20,-22,-1)
[+21:04:43.324] VoxelMesh: Chunk X=20 Y=-22 Z=-1 FlatVerts=0 SlopeVerts=0
[+21:04:43.326] VoxelMesh: Chunk X=0 Y=0 Z=0 FlatVerts=0 SlopeVerts=0
[+21:04:43.326] VoxelChunk: GenerateAsync (19,-17,-1)
[+21:04:43.328] VoxelMesh: Chunk X=19 Y=-17 Z=-1 FlatVerts=0 SlopeVerts=0
[+21:04:43.331] VoxelMesh: Chunk X=0 Y=0 Z=0 FlatVerts=4554 SlopeVerts=10344
[+21:04:43.332] VoxelChunk: GenerateAsync (17,-17,1)
[+21:04:43.333] VoxelMesh: Chunk X=17 Y=-17 Z=1 FlatVerts=876 SlopeVerts=1290
[+21:04:43.339] VoxelMesh: Chunk X=0 Y=0 Z=0 FlatVerts=0 SlopeVerts=0
[+21:04:43.339] VoxelChunk: GenerateAsync (14,-18,-1)
[+21:04:43.341] VoxelMesh: Chunk X=14 Y=-18 Z=-1 FlatVerts=0 SlopeVerts=0
[+21:04:43.362] VoxelMesh: Chunk X=0 Y=0 Z=0 FlatVerts=5466 SlopeVerts=11052
[+21:04:43.364] VoxelChunk: GenerateAsync (17,-23,1)
[+21:04:43.368] VoxelMesh: Chunk X=17 Y=-23 Z=1 FlatVerts=1824 SlopeVerts=672
[+21:04:43.370] VoxelMesh: Chunk X=0 Y=0 Z=0 FlatVerts=0 SlopeVerts=0
[+21:04:43.370] VoxelChunk: GenerateAsync (15,-23,-1)
[+21:04:43.372] VoxelMesh: Chunk X=15 Y=-23 Z=-1 FlatVerts=0 SlopeVerts=0
[+21:04:43.376] VoxelMesh: Chunk X=0 Y=0 Z=0 FlatVerts=0 SlopeVerts=0
[+21:04:43.376] VoxelChunk: GenerateAsync (14,-18,-2)
[+21:04:43.378] VoxelMesh: Chunk X=14 Y=-18 Z=-2 FlatVerts=0 SlopeVerts=0
[+21:04:43.383] VoxelMesh: Chunk X=0 Y=0 Z=0 FlatVerts=0 SlopeVerts=0
[+21:04:43.383] VoxelChunk: GenerateAsync (20,-22,-2)
[+21:04:43.385] VoxelMesh: Chunk X=20 Y=-22 Z=-2 FlatVerts=0 SlopeVerts=0
[+21:04:43.393] VoxelMesh: Chunk X=2 Y=-1 Z=0 FlatVerts=0 SlopeVerts=0
[+21:04:43.393] VoxelChunk: GenerateAsync (0,0,-4)
[+21:04:43.394] VoxelMesh: Chunk X=0 Y=0 Z=-4 FlatVerts=0 SlopeVerts=0
[+21:04:43.399] VoxelMesh: Chunk X=0 Y=0 Z=0 FlatVerts=4968 SlopeVerts=13398
[+21:04:43.401] VoxelChunk: GenerateAsync (16,-23,1)
[+21:04:43.401] VoxelMesh: Chunk X=16 Y=-23 Z=1 FlatVerts=108 SlopeVerts=360
[+21:04:43.407] VoxelMesh: Chunk X=0 Y=0 Z=0 FlatVerts=0 SlopeVerts=0
[+21:04:43.407] VoxelChunk: GenerateAsync (18,-18,-4)
[+21:04:43.409] VoxelMesh: Chunk X=18 Y=-18 Z=-4 FlatVerts=0 SlopeVerts=0
[+21:04:43.414] VoxelMesh: Chunk X=0 Y=0 Z=0 FlatVerts=0 SlopeVerts=0
[+21:04:43.414] VoxelChunk: GenerateAsync (15,-17,-2)
[+21:04:43.417] VoxelMesh: Chunk X=15 Y=-17 Z=-2 FlatVerts=0 SlopeVerts=0
[+21:04:43.419] VoxelMesh: Chunk X=0 Y=0 Z=0 FlatVerts=0 SlopeVerts=0
[+21:04:43.419] VoxelChunk: GenerateAsync (19,-21,-4)
[+21:04:43.420] VoxelMesh: Chunk X=19 Y=-21 Z=-4 FlatVerts=0 SlopeVerts=0
[+21:04:43.433] VoxelMesh: Chunk X=0 Y=0 Z=0 FlatVerts=0 SlopeVerts=0
[+21:04:43.434] VoxelChunk: GenerateAsync (14,-21,-3)
[+21:04:43.437] VoxelMesh: Chunk X=14 Y=-21 Z=-3 FlatVerts=0 SlopeVerts=0
[+21:04:43.440] VoxelMesh: Chunk X=0 Y=0 Z=0 FlatVerts=0 SlopeVerts=0
[+21:04:43.440] VoxelChunk: GenerateAsync (19,-19,-4)
[+21:04:43.441] VoxelMesh: Chunk X=19 Y=-19 Z=-4 FlatVerts=0 SlopeVerts=0
[+21:04:43.446] VoxelMesh: Chunk X=0 Y=0 Z=0 FlatVerts=0 SlopeVerts=0
[+21:04:43.447] VoxelChunk: GenerateAsync (19,-17,-2)
[+21:04:43.448] VoxelMesh: Chunk X=19 Y=-17 Z=-2 FlatVerts=0 SlopeVerts=0
[+21:04:43.451] VoxelMesh: Chunk X=0 Y=0 Z=0 FlatVerts=54 SlopeVerts=3162
[+21:04:43.451] VoxelChunk: GenerateAsync (14,-21,1)
[+21:04:43.452] VoxelMesh: Chunk X=14 Y=-21 Z=1 FlatVerts=0 SlopeVerts=0
[+21:04:43.464] VoxelMesh: Chunk X=0 Y=0 Z=0 FlatVerts=4242 SlopeVerts=1944
[+21:04:43.465] VoxelChunk: GenerateAsync (19,-17,0)
[+21:04:43.465] VoxelMesh: Chunk X=19 Y=-17 Z=0 FlatVerts=0 SlopeVerts=0
[+21:04:43.470] VoxelMesh: Chunk X=0 Y=0 Z=0 FlatVerts=0 SlopeVerts=0
[+21:04:43.472] VoxelChunk: GenerateAsync (16,-22,-4)
[+21:04:43.473] VoxelMesh: Chunk X=16 Y=-22 Z=-4 FlatVerts=0 SlopeVerts=0
[+21:04:43.476] VoxelMesh: Chunk X=0 Y=0 Z=0 FlatVerts=0 SlopeVerts=10686
[+21:04:43.477] VoxelChunk: GenerateAsync (19,-21,2)
[+21:04:43.479] VoxelMesh: Chunk X=19 Y=-21 Z=2 FlatVerts=0 SlopeVerts=192
[+21:04:43.483] VoxelMesh: Chunk X=0 Y=0 Z=0 FlatVerts=0 SlopeVerts=0
[+21:04:43.484] VoxelChunk: GenerateAsync (20,-21,-3)
[+21:04:43.485] VoxelMesh: Chunk X=20 Y=-21 Z=-3 FlatVerts=0 SlopeVerts=0
[+21:04:43.491] VoxelMesh: Chunk X=0 Y=2 Z=0 FlatVerts=0 SlopeVerts=0
[+21:04:43.491] VoxelChunk: GenerateAsync (-3,-1,-4)
[+21:04:43.493] VoxelMesh: Chunk X=-3 Y=-1 Z=-4 FlatVerts=0 SlopeVerts=0
[+21:04:43.498] VoxelMesh: Chunk X=0 Y=0 Z=0 FlatVerts=0 SlopeVerts=0
[+21:04:43.499] VoxelChunk: GenerateAsync (15,-21,-4)
[+21:04:43.500] VoxelMesh: Chunk X=15 Y=-21 Z=-4 FlatVerts=0 SlopeVerts=0
[+21:04:43.504] VoxelMesh: Chunk X=0 Y=0 Z=0 FlatVerts=12 SlopeVerts=1014
[+21:04:43.504] VoxelChunk: GenerateAsync (14,-19,1)
[+21:04:43.505] VoxelMesh: Chunk X=14 Y=-19 Z=1 FlatVerts=138 SlopeVerts=672
[+21:04:43.512] VoxelMesh: Chunk X=0 Y=0 Z=0 FlatVerts=0 SlopeVerts=0
[+21:04:43.512] VoxelChunk: GenerateAsync (18,-23,-3)
[+21:04:43.514] VoxelMesh: Chunk X=18 Y=-23 Z=-3 FlatVerts=0 SlopeVerts=0
[+21:04:43.518] VoxelMesh: Chunk X=0 Y=0 Z=0 FlatVerts=0 SlopeVerts=0
[+21:04:43.518] VoxelChunk: GenerateAsync (15,-17,0)
[+21:04:43.519] VoxelMesh: Chunk X=15 Y=-17 Z=0 FlatVerts=0 SlopeVerts=0
[+21:04:43.533] VoxelMesh: Chunk X=0 Y=0 Z=0 FlatVerts=0 SlopeVerts=0
[+21:04:43.533] VoxelChunk: GenerateAsync (20,-18,-2)
[+21:04:43.535] VoxelMesh: Chunk X=20 Y=-18 Z=-2 FlatVerts=0 SlopeVerts=0
[+21:04:43.540] VoxelMesh: Chunk X=0 Y=0 Z=0 FlatVerts=0 SlopeVerts=0
[+21:04:43.541] VoxelChunk: GenerateAsync (16,-23,-3)
[+21:04:43.542] VoxelMesh: Chunk X=16 Y=-23 Z=-3 FlatVerts=0 SlopeVerts=0
[+21:04:43.544] VoxelMesh: Chunk X=0 Y=0 Z=0 FlatVerts=6798 SlopeVerts=3792
[+21:04:43.546] VoxelChunk: GenerateAsync (18,-17,1)
[+21:04:43.547] VoxelMesh: Chunk X=18 Y=-17 Z=1 FlatVerts=1950 SlopeVerts=180
[+21:04:43.553] VoxelMesh: Chunk X=0 Y=0 Z=0 FlatVerts=1662 SlopeVerts=26514
[+21:04:43.556] VoxelChunk: GenerateAsync (16,-22,2)
[+21:04:43.557] VoxelMesh: Chunk X=16 Y=-22 Z=2 FlatVerts=468 SlopeVerts=3864
[+21:04:43.570] VoxelChunk: GenerateAsync (16,-21,-2)
[+21:04:43.570] VoxelChunk: GenerateAsync (16,-19,-2)
[+21:04:43.570] VoxelChunk: GenerateAsync (18,-19,-2)
[+21:04:43.570] VoxelChunk: GenerateAsync (18,-21,-2)
[+21:04:43.570] VoxelChunk: GenerateAsync (18,-20,-2)
[+21:04:43.570] VoxelChunk: GenerateAsync (16,-20,-2)
[+21:04:43.570] VoxelChunk: GenerateAsync (17,-19,-2)
[+21:04:43.570] VoxelChunk: GenerateAsync (17,-21,-2)
[+21:04:43.570] VoxelChunk: GenerateAsync (17,-20,-2)
[+21:04:43.570] VoxelChunk: GenerateAsync (17,-23,-2)
[+21:04:43.570] VoxelChunk: GenerateAsync (15,-19,-3)
[+21:04:43.570] VoxelChunk: GenerateAsync (16,-21,2)
[+21:04:43.570] VoxelChunk: GenerateAsync (16,-20,2)
[+21:04:43.570] VoxelChunk: GenerateAsync (16,-19,2)
[+21:04:43.570] VoxelChunk: GenerateAsync (17,-21,2)
[+21:04:43.570] VoxelChunk: GenerateAsync (17,-20,2)
[+21:04:43.570] VoxelChunk: GenerateAsync (17,-19,2)
[+21:04:43.570] VoxelChunk: GenerateAsync (18,-21,2)
[+21:04:43.570] VoxelChunk: GenerateAsync (18,-20,2)
[+21:04:43.570] VoxelChunk: GenerateAsync (18,-19,2)
[+21:04:43.570] VoxelChunk: GenerateAsync (19,-19,-3)
[+21:04:43.570] VoxelChunk: GenerateAsync (16,-18,-3)
[+21:04:43.570] VoxelChunk: GenerateAsync (18,-18,-3)
[+21:04:43.570] VoxelChunk: GenerateAsync (15,-22,-2)
[+21:04:43.570] VoxelChunk: GenerateAsync (19,-22,-2)
[+21:04:43.570] VoxelChunk: GenerateAsync (17,-18,-3)
[+21:04:43.570] VoxelChunk: GenerateAsync (15,-21,-2)
[+21:04:43.570] VoxelChunk: GenerateAsync (18,-22,-2)
[+21:04:43.570] VoxelChunk: GenerateAsync (19,-21,-2)
[+21:04:43.570] VoxelChunk: GenerateAsync (16,-22,-2)
[+21:04:43.570] VoxelChunk: GenerateAsync (15,-19,-2)
[+21:04:43.570] VoxelChunk: GenerateAsync (19,-19,-2)
[+21:04:43.570] VoxelChunk: GenerateAsync (19,-20,-2)
[+21:04:43.571] VoxelChunk: GenerateAsync (15,-20,-2)
[+21:04:43.571] VoxelChunk: GenerateAsync (17,-18,-2)
[+21:04:43.571] VoxelChunk: GenerateAsync (17,-22,-2)
[+21:04:43.571] VoxelChunk: GenerateAsync (15,-18,1)
[+21:04:43.571] VoxelChunk: GenerateAsync (19,-22,1)
[+21:04:43.571] VoxelChunk: GenerateAsync (15,-22,-3)
[+21:04:43.571] VoxelChunk: GenerateAsync (19,-18,-3)
[+21:04:43.571] VoxelChunk: GenerateAsync (15,-18,-3)
[+21:04:43.571] VoxelChunk: GenerateAsync (19,-18,1)
[+21:04:43.571] VoxelChunk: GenerateAsync (15,-22,1)
[+21:04:43.571] VoxelChunk: GenerateAsync (19,-22,-3)
[+21:04:43.571] VoxelChunk: GenerateAsync (20,-20,-3)
[+21:04:43.571] VoxelChunk: GenerateAsync (14,-20,-3)
[+21:04:43.571] VoxelChunk: GenerateAsync (14,-20,1)
[+21:04:43.571] VoxelChunk: GenerateAsync (20,-20,1)
[+21:04:43.571] VoxelChunk: GenerateAsync (17,-17,-3)
[+21:04:43.571] VoxelChunk: GenerateAsync (15,-20,2)
[+21:04:43.571] VoxelChunk: GenerateAsync (17,-23,-3)
[+21:04:43.571] VoxelChunk: GenerateAsync (19,-20,2)
[+21:04:43.571] VoxelChunk: GenerateAsync (17,-18,2)
[+21:04:43.571] VoxelChunk: GenerateAsync (17,-22,2)
[+21:04:43.571] VoxelChunk: GenerateAsync (17,-17,1)
[+21:04:43.571] VoxelChunk: GenerateAsync (17,-23,1)
[+21:04:43.571] VoxelChunk: GenerateAsync (14,-18,-2)
[+21:04:43.571] VoxelChunk: GenerateAsync (20,-22,-2)
[+21:04:43.571] VoxelChunk: GenerateAsync (16,-23,1)
[+21:04:43.571] VoxelChunk: GenerateAsync (15,-17,-2)
[+21:04:43.571] VoxelChunk: GenerateAsync (14,-21,-3)
[+21:04:43.571] VoxelChunk: GenerateAsync (19,-17,-2)
[+21:04:43.571] VoxelChunk: GenerateAsync (14,-21,1)
[+21:04:43.571] VoxelChunk: GenerateAsync (19,-17,0)
[+21:04:43.571] VoxelChunk: GenerateAsync (19,-21,2)
[+21:04:43.571] VoxelChunk: GenerateAsync (20,-21,-3)
[+21:04:43.571] VoxelChunk: GenerateAsync (14,-19,1)
[+21:04:43.571] VoxelChunk: GenerateAsync (18,-23,-3)
[+21:04:43.571] VoxelChunk: GenerateAsync (15,-17,0)
[+21:04:43.571] VoxelMesh: Chunk X=18 Y=-19 Z=-2 FlatVerts=0 SlopeVerts=0
[+21:04:43.571] VoxelChunk: GenerateAsync (20,-18,-2)
[+21:04:43.571] VoxelChunk: GenerateAsync (16,-23,-3)
[+21:04:43.571] VoxelChunk: GenerateAsync (18,-17,1)
[+21:04:43.571] VoxelMesh: Chunk X=16 Y=-19 Z=-2 FlatVerts=0 SlopeVerts=0
[+21:04:43.571] VoxelChunk: GenerateAsync (16,-22,2)
[+21:04:43.571] VoxelMesh: Chunk X=16 Y=-21 Z=-2 FlatVerts=0 SlopeVerts=0
[+21:04:43.572] VoxelMesh: Chunk X=16 Y=-21 Z=2 FlatVerts=12 SlopeVerts=192
[+21:04:43.572] VoxelMesh: Chunk X=18 Y=-21 Z=-2 FlatVerts=0 SlopeVerts=0
[+21:04:43.572] VoxelMesh: Chunk X=18 Y=-20 Z=-2 FlatVerts=0 SlopeVerts=0
[+21:04:43.572] VoxelMesh: Chunk X=16 Y=-19 Z=2 FlatVerts=0 SlopeVerts=42
[+21:04:43.572] VoxelMesh: Chunk X=17 Y=-21 Z=2 FlatVerts=12 SlopeVerts=18
[+21:04:43.572] VoxelMesh: Chunk X=17 Y=-20 Z=2 FlatVerts=0 SlopeVerts=216
[+21:04:43.572] VoxelMesh: Chunk X=17 Y=-19 Z=2 FlatVerts=0 SlopeVerts=120
[+21:04:43.572] VoxelMesh: Chunk X=18 Y=-21 Z=2 FlatVerts=0 SlopeVerts=156
[+21:04:43.572] VoxelMesh: Chunk X=17 Y=-23 Z=-2 FlatVerts=0 SlopeVerts=0
[+21:04:43.572] VoxelMesh: Chunk X=17 Y=-20 Z=-2 FlatVerts=0 SlopeVerts=0
[+21:04:43.572] VoxelMesh: Chunk X=15 Y=-19 Z=-3 FlatVerts=0 SlopeVerts=0
[+21:04:43.572] VoxelMesh: Chunk X=17 Y=-19 Z=-2 FlatVerts=0 SlopeVerts=0
[+21:04:43.573] VoxelMesh: Chunk X=16 Y=-20 Z=-2 FlatVerts=0 SlopeVerts=0
[+21:04:43.573] VoxelMesh: Chunk X=18 Y=-19 Z=2 FlatVerts=0 SlopeVerts=90
[+21:04:43.573] VoxelMesh: Chunk X=18 Y=-20 Z=2 FlatVerts=0 SlopeVerts=6
[+21:04:43.573] VoxelMesh: Chunk X=16 Y=-20 Z=2 FlatVerts=12 SlopeVerts=228
[+21:04:43.573] VoxelMesh: Chunk X=17 Y=-21 Z=-2 FlatVerts=0 SlopeVerts=0
[+21:04:43.574] VoxelMesh: Chunk X=16 Y=-18 Z=-3 FlatVerts=0 SlopeVerts=0
[+21:04:43.574] VoxelMesh: Chunk X=19 Y=-19 Z=-3 FlatVerts=0 SlopeVerts=0
[+21:04:43.574] VoxelMesh: Chunk X=15 Y=-22 Z=-2 FlatVerts=0 SlopeVerts=0
[+21:04:43.574] VoxelMesh: Chunk X=18 Y=-18 Z=-3 FlatVerts=0 SlopeVerts=0
[+21:04:43.574] VoxelMesh: Chunk X=19 Y=-22 Z=-2 FlatVerts=0 SlopeVerts=0
[+21:04:43.574] VoxelMesh: Chunk X=17 Y=-18 Z=-3 FlatVerts=0 SlopeVerts=0
[+21:04:43.574] VoxelMesh: Chunk X=15 Y=-21 Z=-2 FlatVerts=0 SlopeVerts=0
[+21:04:43.575] VoxelMesh: Chunk X=18 Y=-22 Z=-2 FlatVerts=0 SlopeVerts=0
[+21:04:43.575] VoxelMesh: Chunk X=15 Y=-23 Z=-1 FlatVerts=0 SlopeVerts=0
[+21:04:43.575] VoxelMesh: Chunk X=19 Y=-21 Z=-2 FlatVerts=0 SlopeVerts=0
[+21:04:43.575] VoxelChunk: GenerateAsync (14,-19,-3)
[+21:04:43.575] VoxelMesh: Chunk X=16 Y=-22 Z=-2 FlatVerts=0 SlopeVerts=0
[+21:04:43.575] VoxelMesh: Chunk X=19 Y=-19 Z=-2 FlatVerts=0 SlopeVerts=0
[+21:04:43.576] VoxelMesh: Chunk X=15 Y=-19 Z=-2 FlatVerts=0 SlopeVerts=0
[+21:04:43.576] VoxelMesh: Chunk X=15 Y=-18 Z=1 FlatVerts=0 SlopeVerts=0
[+21:04:43.576] VoxelMesh: Chunk X=19 Y=-20 Z=-2 FlatVerts=0 SlopeVerts=0
[+21:04:43.576] VoxelMesh: Chunk X=15 Y=-20 Z=-2 FlatVerts=0 SlopeVerts=0
[+21:04:43.576] VoxelMesh: Chunk X=19 Y=-18 Z=1 FlatVerts=126 SlopeVerts=0
[+21:04:43.576] VoxelMesh: Chunk X=17 Y=-18 Z=-2 FlatVerts=0 SlopeVerts=0
[+21:04:43.576] VoxelMesh: Chunk X=19 Y=-22 Z=1 FlatVerts=6 SlopeVerts=204
[+21:04:43.576] VoxelMesh: Chunk X=17 Y=-22 Z=-2 FlatVerts=0 SlopeVerts=0
[+21:04:43.576] VoxelMesh: Chunk X=14 Y=-18 Z=-1 FlatVerts=42 SlopeVerts=1338
[+21:04:43.576] VoxelMesh: Chunk X=15 Y=-22 Z=1 FlatVerts=0 SlopeVerts=0
[+21:04:43.576] VoxelChunk: GenerateAsync (15,-21,2)
[+21:04:43.577] VoxelMesh: Chunk X=19 Y=-18 Z=-3 FlatVerts=0 SlopeVerts=0
[+21:04:43.577] VoxelMesh: Chunk X=15 Y=-22 Z=-3 FlatVerts=0 SlopeVerts=0
[+21:04:43.577] VoxelMesh: Chunk X=15 Y=-18 Z=-3 FlatVerts=0 SlopeVerts=0
[+21:04:43.577] VoxelMesh: Chunk X=20 Y=-20 Z=1 FlatVerts=450 SlopeVerts=0
[+21:04:43.577] VoxelMesh: Chunk X=15 Y=-20 Z=2 FlatVerts=0 SlopeVerts=156
[+21:04:43.577] VoxelMesh: Chunk X=19 Y=-22 Z=-3 FlatVerts=0 SlopeVerts=0
[+21:04:43.577] VoxelMesh: Chunk X=14 Y=-20 Z=1 FlatVerts=0 SlopeVerts=6
[+21:04:43.577] VoxelMesh: Chunk X=20 Y=-20 Z=-3 FlatVerts=0 SlopeVerts=0
[+21:04:43.577] VoxelMesh: Chunk X=14 Y=-20 Z=-3 FlatVerts=0 SlopeVerts=0
[+21:04:43.577] VoxelMesh: Chunk X=17 Y=-17 Z=1 FlatVerts=24 SlopeVerts=60
[+21:04:43.577] VoxelMesh: Chunk X=17 Y=-22 Z=2 FlatVerts=0 SlopeVerts=0
[+21:04:43.578] VoxelMesh: Chunk X=17 Y=-18 Z=2 FlatVerts=36 SlopeVerts=216
[+21:04:43.578] VoxelMesh: Chunk X=19 Y=-17 Z=-1 FlatVerts=0 SlopeVerts=0
[+21:04:43.578] VoxelMesh: Chunk X=19 Y=-20 Z=2 FlatVerts=0 SlopeVerts=0
[+21:04:43.578] VoxelMesh: Chunk X=16 Y=-23 Z=1 FlatVerts=6 SlopeVerts=72
[+21:04:43.578] VoxelChunk: GenerateAsync (14,-18,0)
[+21:04:43.578] VoxelMesh: Chunk X=17 Y=-23 Z=1 FlatVerts=420 SlopeVerts=114
[+21:04:43.578] VoxelMesh: Chunk X=17 Y=-17 Z=-3 FlatVerts=0 SlopeVerts=0
[+21:04:43.578] VoxelMesh: Chunk X=17 Y=-23 Z=-3 FlatVerts=0 SlopeVerts=0
[+21:04:43.579] VoxelMesh: Chunk X=19 Y=-17 Z=0 FlatVerts=0 SlopeVerts=0
[+21:04:43.579] VoxelMesh: Chunk X=19 Y=-21 Z=2 FlatVerts=0 SlopeVerts=30
[+21:04:43.579] VoxelMesh: Chunk X=20 Y=-22 Z=-2 FlatVerts=0 SlopeVerts=0
[+21:04:43.579] VoxelMesh: Chunk X=14 Y=-18 Z=-2 FlatVerts=0 SlopeVerts=0
[+21:04:43.579] VoxelMesh: Chunk X=14 Y=-21 Z=1 FlatVerts=0 SlopeVerts=0
[+21:04:43.579] VoxelMesh: Chunk X=15 Y=-17 Z=-2 FlatVerts=0 SlopeVerts=0
[+21:04:43.579] VoxelMesh: Chunk X=14 Y=-19 Z=1 FlatVerts=12 SlopeVerts=30
[+21:04:43.579] VoxelMesh: Chunk X=14 Y=-21 Z=-3 FlatVerts=0 SlopeVerts=0
[+21:04:43.579] VoxelMesh: Chunk X=19 Y=-17 Z=-2 FlatVerts=0 SlopeVerts=0
[+21:04:43.579] VoxelMesh: Chunk X=18 Y=-17 Z=1 FlatVerts=156 SlopeVerts=0
[+21:04:43.579] VoxelMesh: Chunk X=16 Y=-22 Z=2 FlatVerts=84 SlopeVerts=96
[+21:04:43.580] VoxelMesh: Chunk X=15 Y=-17 Z=0 FlatVerts=0 SlopeVerts=0
[+21:04:43.580] VoxelMesh: Chunk X=20 Y=-21 Z=-3 FlatVerts=0 SlopeVerts=0
[+21:04:43.580] VoxelMesh: Chunk X=20 Y=-18 Z=-2 FlatVerts=0 SlopeVerts=0
[+21:04:43.580] VoxelMesh: Chunk X=18 Y=-23 Z=-3 FlatVerts=0 SlopeVerts=0
[+21:04:43.581] VoxelMesh: Chunk X=16 Y=-23 Z=-3 FlatVerts=0 SlopeVerts=0
[+21:04:43.581] VoxelMesh: Chunk X=20 Y=-22 Z=-1 FlatVerts=258 SlopeVerts=1734
[+21:04:43.581] VoxelMesh: Chunk X=14 Y=-18 Z=0 FlatVerts=0 SlopeVerts=0
[+21:04:43.581] VoxelMesh: Chunk X=15 Y=-21 Z=2 FlatVerts=42 SlopeVerts=1338
[+21:04:43.581] VoxelChunk: GenerateAsync (18,-18,2)
[+21:04:43.582] VoxelMesh: Chunk X=14 Y=-19 Z=-3 FlatVerts=0 SlopeVerts=0
[+21:04:43.583] VoxelMesh: Chunk X=18 Y=-18 Z=2 FlatVerts=258 SlopeVerts=1734
[+21:04:43.595] VoxelMesh: Chunk X=1 Y=2 Z=0 FlatVerts=0 SlopeVerts=0
[+21:04:43.595] VoxelChunk: GenerateAsync (-1,-2,-4)
[+21:04:43.596] VoxelMesh: Chunk X=-1 Y=-2 Z=-4 FlatVerts=0 SlopeVerts=0
[+21:04:43.598] VoxelMesh: Chunk X=15 Y=-17 Z=-1 FlatVerts=0 SlopeVerts=2652
[+21:04:43.598] VoxelChunk: GenerateAsync (18,-22,2)
[+21:04:43.599] VoxelMesh: Chunk X=18 Y=-22 Z=2 FlatVerts=0 SlopeVerts=2652
[+21:04:43.599] VoxelMesh: Chunk X=19 Y=-23 Z=-1 FlatVerts=0 SlopeVerts=0
[+21:04:43.599] VoxelChunk: GenerateAsync (15,-23,0)
[+21:04:43.602] VoxelMesh: Chunk X=15 Y=-23 Z=0 FlatVerts=0 SlopeVerts=0
[+21:04:43.602] VoxelMesh: Chunk X=14 Y=-22 Z=-1 FlatVerts=0 SlopeVerts=0
[+21:04:43.603] VoxelChunk: GenerateAsync (14,-22,-2)
[+21:04:43.604] VoxelMesh: Chunk X=20 Y=-18 Z=-1 FlatVerts=0 SlopeVerts=0
[+21:04:43.604] VoxelChunk: GenerateAsync (19,-23,0)
[+21:04:43.605] VoxelMesh: Chunk X=14 Y=-22 Z=-2 FlatVerts=0 SlopeVerts=0
[+21:04:43.606] VoxelMesh: Chunk X=19 Y=-23 Z=0 FlatVerts=0 SlopeVerts=0
[+21:04:43.611] VoxelMesh: Chunk X=14 Y=-19 Z=-1 FlatVerts=0 SlopeVerts=0
[+21:04:43.612] VoxelChunk: GenerateAsync (19,-19,2)
[+21:04:43.612] VoxelMesh: Chunk X=18 Y=-23 Z=-1 FlatVerts=0 SlopeVerts=0
[+21:04:43.612] VoxelChunk: GenerateAsync (20,-22,0)
[+21:04:43.612] VoxelMesh: Chunk X=19 Y=-19 Z=2 FlatVerts=0 SlopeVerts=0
[+21:04:43.612] VoxelMesh: Chunk X=20 Y=-22 Z=0 FlatVerts=0 SlopeVerts=0
[+21:04:43.612] VoxelMesh: Chunk X=18 Y=-17 Z=-1 FlatVerts=0 SlopeVerts=0
[+21:04:43.613] VoxelChunk: GenerateAsync (19,-23,-2)
[+21:04:43.613] VoxelMesh: Chunk X=20 Y=-19 Z=-1 FlatVerts=0 SlopeVerts=0
[+21:04:43.613] VoxelChunk: GenerateAsync (18,-22,-4)
[+21:04:43.613] VoxelMesh: Chunk X=19 Y=-23 Z=-2 FlatVerts=0 SlopeVerts=0
[+21:04:43.613] VoxelMesh: Chunk X=18 Y=-22 Z=-4 FlatVerts=0 SlopeVerts=0
[+21:04:43.622] VoxelMesh: Chunk X=18 Y=-22 Z=-1 FlatVerts=498 SlopeVerts=90
[+21:04:43.622] VoxelChunk: GenerateAsync (20,-19,1)
[+21:04:43.623] VoxelMesh: Chunk X=20 Y=-19 Z=1 FlatVerts=498 SlopeVerts=90
[+21:04:43.623] VoxelMesh: Chunk X=15 Y=-21 Z=-1 FlatVerts=0 SlopeVerts=0
[+21:04:43.623] VoxelChunk: GenerateAsync (15,-23,-2)
[+21:04:43.623] VoxelMesh: Chunk X=19 Y=-21 Z=-1 FlatVerts=0 SlopeVerts=0
[+21:04:43.623] VoxelChunk: GenerateAsync (16,-17,-3)
[+21:04:43.623] VoxelMesh: Chunk X=15 Y=-23 Z=-2 FlatVerts=0 SlopeVerts=0
[+21:04:43.624] VoxelMesh: Chunk X=17 Y=-18 Z=-1 FlatVerts=0 SlopeVerts=0
[+21:04:43.624] VoxelMesh: Chunk X=16 Y=-17 Z=-3 FlatVerts=0 SlopeVerts=0
[+21:04:43.624] VoxelChunk: GenerateAsync (15,-19,-4)
[+21:04:43.624] VoxelMesh: Chunk X=15 Y=-19 Z=-4 FlatVerts=0 SlopeVerts=0
[+21:04:43.630] VoxelMesh: Chunk X=18 Y=-18 Z=-1 FlatVerts=0 SlopeVerts=0
[+21:04:43.630] VoxelChunk: GenerateAsync (20,-18,0)
[+21:04:43.631] VoxelMesh: Chunk X=16 Y=-22 Z=-1 FlatVerts=0 SlopeVerts=0
[+21:04:43.631] VoxelMesh: Chunk X=20 Y=-18 Z=0 FlatVerts=0 SlopeVerts=0
[+21:04:43.631] VoxelChunk: GenerateAsync (14,-22,0)
[+21:04:43.631] VoxelMesh: Chunk X=16 Y=-18 Z=-1 FlatVerts=456 SlopeVerts=0
[+21:04:43.631] VoxelMesh: Chunk X=14 Y=-22 Z=0 FlatVerts=0 SlopeVerts=0
[+21:04:43.631] VoxelChunk: GenerateAsync (20,-21,1)
[+21:04:43.631] VoxelMesh: Chunk X=19 Y=-19 Z=-1 FlatVerts=0 SlopeVerts=12
[+21:04:43.631] VoxelMesh: Chunk X=20 Y=-21 Z=1 FlatVerts=456 SlopeVerts=0
[+21:04:43.632] VoxelChunk: GenerateAsync (16,-17,1)
[+21:04:43.632] VoxelMesh: Chunk X=16 Y=-17 Z=1 FlatVerts=0 SlopeVerts=12
[+21:04:43.639] VoxelMesh: Chunk X=15 Y=-19 Z=-1 FlatVerts=0 SlopeVerts=0
[+21:04:43.639] VoxelChunk: GenerateAsync (16,-18,-4)
[+21:04:43.640] VoxelMesh: Chunk X=15 Y=-22 Z=-1 FlatVerts=0 SlopeVerts=720
[+21:04:43.640] VoxelMesh: Chunk X=16 Y=-18 Z=-4 FlatVerts=0 SlopeVerts=0
[+21:04:43.640] VoxelChunk: GenerateAsync (15,-19,2)
[+21:04:43.640] VoxelMesh: Chunk X=19 Y=-22 Z=-1 FlatVerts=0 SlopeVerts=186
[+21:04:43.640] VoxelMesh: Chunk X=15 Y=-19 Z=2 FlatVerts=0 SlopeVerts=720
[+21:04:43.640] VoxelChunk: GenerateAsync (16,-18,2)
[+21:04:43.641] VoxelMesh: Chunk X=16 Y=-18 Z=2 FlatVerts=0 SlopeVerts=186
[+21:04:43.641] VoxelMesh: Chunk X=15 Y=-18 Z=-1 FlatVerts=0 SlopeVerts=0
[+21:04:43.641] VoxelChunk: GenerateAsync (20,-19,-3)
[+21:04:43.641] VoxelMesh: Chunk X=20 Y=-19 Z=-3 FlatVerts=0 SlopeVerts=0
[+21:04:43.646] VoxelMesh: Chunk X=19 Y=-18 Z=-1 FlatVerts=270 SlopeVerts=114
[+21:04:43.646] VoxelChunk: GenerateAsync (18,-23,1)
[+21:04:43.648] VoxelMesh: Chunk X=18 Y=-23 Z=1 FlatVerts=270 SlopeVerts=114
[+21:04:43.648] VoxelMesh: Chunk X=20 Y=-20 Z=-1 FlatVerts=0 SlopeVerts=0
[+21:04:43.648] VoxelChunk: GenerateAsync (18,-17,-3)
[+21:04:43.648] VoxelMesh: Chunk X=17 Y=-17 Z=-1 FlatVerts=0 SlopeVerts=0
[+21:04:43.648] VoxelChunk: GenerateAsync (17,-20,-5)
[+21:04:43.648] VoxelMesh: Chunk X=18 Y=-17 Z=-3 FlatVerts=0 SlopeVerts=0
[+21:04:43.649] VoxelMesh: Chunk X=17 Y=-20 Z=-5 FlatVerts=0 SlopeVerts=0
[+21:04:43.649] VoxelMesh: Chunk X=14 Y=-20 Z=-1 FlatVerts=0 SlopeVerts=0
[+21:04:43.649] VoxelChunk: GenerateAsync (15,-17,-3)
[+21:04:43.649] VoxelMesh: Chunk X=15 Y=-17 Z=-3 FlatVerts=0 SlopeVerts=0
[+21:04:43.660] VoxelMesh: Chunk X=17 Y=-23 Z=-1 FlatVerts=0 SlopeVerts=0
[+21:04:43.662] VoxelChunk: GenerateAsync (19,-18,-4)
[+21:04:43.662] VoxelMesh: Chunk X=18 Y=-19 Z=-1 FlatVerts=0 SlopeVerts=0
[+21:04:43.662] VoxelMesh: Chunk X=19 Y=-18 Z=-4 FlatVerts=0 SlopeVerts=0
[+21:04:43.662] VoxelChunk: GenerateAsync (20,-18,-3)
[+21:04:43.662] VoxelMesh: Chunk X=18 Y=-20 Z=-1 FlatVerts=372 SlopeVerts=66
[+21:04:43.663] VoxelMesh: Chunk X=20 Y=-18 Z=-3 FlatVerts=0 SlopeVerts=0
[+21:04:43.663] VoxelChunk: GenerateAsync (20,-18,1)
[+21:04:43.663] VoxelMesh: Chunk X=18 Y=-21 Z=-1 FlatVerts=0 SlopeVerts=0
[+21:04:43.663] VoxelMesh: Chunk X=20 Y=-18 Z=1 FlatVerts=372 SlopeVerts=66
[+21:04:43.663] VoxelChunk: GenerateAsync (15,-23,1)
[+21:04:43.663] VoxelMesh: Chunk X=15 Y=-23 Z=1 FlatVerts=0 SlopeVerts=0
[+21:04:43.670] VoxelMesh: Chunk X=17 Y=-19 Z=-1 FlatVerts=0 SlopeVerts=0
[+21:04:43.670] VoxelChunk: GenerateAsync (19,-23,-3)
[+21:04:43.671] VoxelMesh: Chunk X=19 Y=-23 Z=-3 FlatVerts=0 SlopeVerts=0
[+21:04:43.671] VoxelMesh: Chunk X=17 Y=-20 Z=-1 FlatVerts=0 SlopeVerts=0
[+21:04:43.671] VoxelChunk: GenerateAsync (14,-22,1)
[+21:04:43.673] VoxelMesh: Chunk X=17 Y=-21 Z=-1 FlatVerts=0 SlopeVerts=0
[+21:04:43.673] VoxelChunk: GenerateAsync (15,-18,-4)
[+21:04:43.673] VoxelMesh: Chunk X=14 Y=-22 Z=1 FlatVerts=0 SlopeVerts=0
[+21:04:43.673] VoxelMesh: Chunk X=16 Y=-19 Z=-1 FlatVerts=0 SlopeVerts=0
[+21:04:43.673] VoxelChunk: GenerateAsync (17,-19,-5)
[+21:04:43.673] VoxelMesh: Chunk X=17 Y=-19 Z=-5 FlatVerts=0 SlopeVerts=0
[+21:04:43.674] VoxelMesh: Chunk X=15 Y=-18 Z=-4 FlatVerts=0 SlopeVerts=0
[+21:04:43.680] VoxelMesh: Chunk X=2 Y=-2 Z=-1 FlatVerts=0 SlopeVerts=0
[+21:04:43.680] VoxelChunk: GenerateAsync (0,3,-4)
[+21:04:43.681] VoxelMesh: Chunk X=0 Y=3 Z=-4 FlatVerts=0 SlopeVerts=0
[+21:04:43.681] VoxelMesh: Chunk X=16 Y=-20 Z=-1 FlatVerts=0 SlopeVerts=0
[+21:04:43.681] VoxelChunk: GenerateAsync (14,-22,-3)
[+21:04:43.682] VoxelMesh: Chunk X=16 Y=-21 Z=-1 FlatVerts=0 SlopeVerts=0
[+21:04:43.682] VoxelChunk: GenerateAsync (17,-16,0)
[+21:04:43.682] VoxelMesh: Chunk X=17 Y=-16 Z=0 FlatVerts=0 SlopeVerts=0
[+21:04:43.682] VoxelMesh: Chunk X=14 Y=-22 Z=-3 FlatVerts=0 SlopeVerts=0
[+21:04:43.682] VoxelMesh: Chunk X=16 Y=-23 Z=-1 FlatVerts=0 SlopeVerts=0
[+21:04:43.682] VoxelChunk: GenerateAsync (21,-20,0)
[+21:04:43.682] VoxelMesh: Chunk X=21 Y=-20 Z=0 FlatVerts=0 SlopeVerts=0
[+21:04:43.682] VoxelMesh: Chunk X=14 Y=-21 Z=-1 FlatVerts=0 SlopeVerts=0
[+21:04:43.683] VoxelChunk: GenerateAsync (15,-23,-3)
[+21:04:43.683] VoxelMesh: Chunk X=15 Y=-23 Z=-3 FlatVerts=0 SlopeVerts=0
[+21:04:43.690] VoxelMesh: Chunk X=20 Y=-21 Z=-1 FlatVerts=258 SlopeVerts=306
[+21:04:43.690] VoxelChunk: GenerateAsync (20,-22,1)
[+21:04:43.690] VoxelMesh: Chunk X=16 Y=-17 Z=-1 FlatVerts=0 SlopeVerts=0
[+21:04:43.690] VoxelMesh: Chunk X=20 Y=-22 Z=1 FlatVerts=258 SlopeVerts=306
[+21:04:43.690] VoxelChunk: GenerateAsync (15,-22,-4)
[+21:04:43.691] VoxelMesh: Chunk X=19 Y=-20 Z=-1 FlatVerts=0 SlopeVerts=0
[+21:04:43.691] VoxelMesh: Chunk X=15 Y=-22 Z=-4 FlatVerts=0 SlopeVerts=0
[+21:04:43.691] VoxelChunk: GenerateAsync (19,-18,2)
[+21:04:43.691] VoxelMesh: Chunk X=15 Y=-20 Z=-1 FlatVerts=0 SlopeVerts=0
[+21:04:43.691] VoxelChunk: GenerateAsync (17,-24,0)
[+21:04:43.692] VoxelMesh: Chunk X=19 Y=-18 Z=2 FlatVerts=0 SlopeVerts=0
[+21:04:43.692] VoxelMesh: Chunk X=17 Y=-24 Z=0 FlatVerts=0 SlopeVerts=0
[+21:04:43.698] VoxelMesh: Chunk X=17 Y=-22 Z=-1 FlatVerts=198 SlopeVerts=354
[+21:04:43.698] VoxelChunk: GenerateAsync (15,-17,1)
[+21:04:43.699] VoxelMesh: Chunk X=15 Y=-17 Z=1 FlatVerts=198 SlopeVerts=354
[+21:04:43.705] VoxelMesh: Chunk X=0 Y=0 Z=0 FlatVerts=828 SlopeVerts=24798
[+21:04:43.707] VoxelChunk: GenerateAsync (15,-22,2)
[+21:04:43.708] VoxelMesh: Chunk X=15 Y=-22 Z=2 FlatVerts=72 SlopeVerts=3258
[+21:04:43.711] VoxelMesh: Chunk X=0 Y=0 Z=0 FlatVerts=0 SlopeVerts=0
[+21:04:43.711] VoxelChunk: GenerateAsync (14,-18,-3)
[+21:04:43.714] VoxelMesh: Chunk X=14 Y=-18 Z=-3 FlatVerts=0 SlopeVerts=0
[+21:04:43.716] VoxelMesh: Chunk X=0 Y=0 Z=0 FlatVerts=4242 SlopeVerts=7050
[+21:04:43.717] VoxelChunk: GenerateAsync (19,-17,1)
[+21:04:43.719] VoxelMesh: Chunk X=19 Y=-17 Z=1 FlatVerts=1686 SlopeVerts=0
[+21:04:43.731] VoxelMesh: Chunk X=0 Y=0 Z=0 FlatVerts=120 SlopeVerts=8328
[+21:04:43.732] VoxelChunk: GenerateAsync (15,-18,2)
[+21:04:43.733] VoxelMesh: Chunk X=15 Y=-18 Z=2 FlatVerts=168 SlopeVerts=3462
[+21:04:43.739] VoxelMesh: Chunk X=0 Y=0 Z=0 FlatVerts=0 SlopeVerts=0
[+21:04:43.739] VoxelChunk: GenerateAsync (19,-17,-3)
[+21:04:43.741] VoxelMesh: Chunk X=19 Y=-17 Z=-3 FlatVerts=0 SlopeVerts=0
[+21:04:43.744] VoxelMesh: Chunk X=0 Y=0 Z=0 FlatVerts=0 SlopeVerts=0
[+21:04:43.744] VoxelChunk: GenerateAsync (19,-22,-4)
[+21:04:43.745] VoxelMesh: Chunk X=19 Y=-22 Z=-4 FlatVerts=0 SlopeVerts=0
[+21:04:43.750] VoxelMesh: Chunk X=0 Y=0 Z=0 FlatVerts=6 SlopeVerts=150
[+21:04:43.750] VoxelChunk: GenerateAsync (14,-18,1)
[+21:04:43.751] VoxelMesh: Chunk X=14 Y=-18 Z=1 FlatVerts=1170 SlopeVerts=1518
[+21:04:43.773] VoxelMesh: Chunk X=0 Y=0 Z=0 FlatVerts=0 SlopeVerts=0
[+21:04:43.773] VoxelChunk: GenerateAsync (18,-20,-5)
[+21:04:43.775] VoxelMesh: Chunk X=18 Y=-20 Z=-5 FlatVerts=0 SlopeVerts=0
[+21:04:43.777] VoxelMesh: Chunk X=0 Y=0 Z=0 FlatVerts=0 SlopeVerts=0
[+21:04:43.777] VoxelChunk: GenerateAsync (16,-20,-5)
[+21:04:43.779] VoxelMesh: Chunk X=16 Y=-20 Z=-5 FlatVerts=0 SlopeVerts=0
[+21:04:43.782] VoxelMesh: Chunk X=0 Y=0 Z=0 FlatVerts=0 SlopeVerts=10470
[+21:04:43.782] VoxelChunk: GenerateAsync (19,-22,2)
[+21:04:43.783] VoxelMesh: Chunk X=19 Y=-22 Z=2 FlatVerts=0 SlopeVerts=2850
[+21:04:43.789] VoxelMesh: Chunk X=0 Y=0 Z=0 FlatVerts=0 SlopeVerts=0
[+21:04:43.789] VoxelChunk: GenerateAsync (20,-22,-3)
[+21:04:43.791] VoxelMesh: Chunk X=20 Y=-22 Z=-3 FlatVerts=0 SlopeVerts=0
[+21:04:43.802] VoxelMesh: Chunk X=0 Y=0 Z=0 FlatVerts=0 SlopeVerts=0
[+21:04:43.802] VoxelChunk: GenerateAsync (17,-21,-5)
[+21:04:43.803] VoxelMesh: Chunk X=17 Y=-21 Z=-5 FlatVerts=0 SlopeVerts=0
[+21:04:43.807] VoxelMesh: Chunk X=0 Y=0 Z=0 FlatVerts=2622 SlopeVerts=5790
[+21:04:43.808] VoxelChunk: GenerateAsync (19,-23,1)
[+21:04:43.810] VoxelMesh: Chunk X=19 Y=-23 Z=1 FlatVerts=0 SlopeVerts=0
[+21:04:43.814] VoxelMesh: Chunk X=0 Y=0 Z=0 FlatVerts=756 SlopeVerts=972
[+21:04:43.814] VoxelChunk: GenerateAsync (13,-20,0)
[+21:04:43.815] VoxelMesh: Chunk X=13 Y=-20 Z=0 FlatVerts=0 SlopeVerts=0
[+21:04:43.820] VoxelMesh: Chunk X=0 Y=0 Z=0 FlatVerts=792 SlopeVerts=1020
[+21:04:43.820] VoxelChunk: GenerateAsync (13,-19,0)
[+21:04:43.820] VoxelMesh: Chunk X=13 Y=-19 Z=0 FlatVerts=0 SlopeVerts=0
[+21:04:43.828] VoxelMesh: Chunk X=-1 Y=1 Z=-2 FlatVerts=0 SlopeVerts=0
[+21:04:43.828] VoxelChunk: GenerateAsync (1,3,-4)
[+21:04:43.829] VoxelMesh: Chunk X=1 Y=3 Z=-4 FlatVerts=0 SlopeVerts=0
[+21:04:43.834] VoxelMesh: Chunk X=0 Y=0 Z=0 FlatVerts=0 SlopeVerts=0
[+21:04:43.834] VoxelChunk: GenerateAsync (16,-19,-5)
[+21:04:43.834] VoxelMesh: Chunk X=16 Y=-19 Z=-5 FlatVerts=0 SlopeVerts=0
[+21:04:43.839] VoxelMesh: Chunk X=0 Y=0 Z=0 FlatVerts=0 SlopeVerts=0
[+21:04:43.839] VoxelChunk: GenerateAsync (18,-19,-5)
[+21:04:43.841] VoxelMesh: Chunk X=18 Y=-19 Z=-5 FlatVerts=0 SlopeVerts=0
[+21:04:43.845] VoxelMesh: Chunk X=0 Y=0 Z=0 FlatVerts=0 SlopeVerts=0
[+21:04:43.846] VoxelChunk: GenerateAsync (17,-17,-4)
[+21:04:43.847] VoxelMesh: Chunk X=17 Y=-17 Z=-4 FlatVerts=0 SlopeVerts=0
[+21:04:43.848] VoxelMesh: Chunk X=0 Y=0 Z=0 FlatVerts=6162 SlopeVerts=1428
[+21:04:43.849] VoxelChunk: GenerateAsync (21,-19,0)
[+21:04:43.851] VoxelMesh: Chunk X=21 Y=-19 Z=0 FlatVerts=0 SlopeVerts=0
[+21:04:43.863] VoxelMesh: Chunk X=0 Y=0 Z=0 FlatVerts=0 SlopeVerts=0
[+21:04:43.864] VoxelChunk: GenerateAsync (20,-17,-1)
[+21:04:43.865] VoxelMesh: Chunk X=20 Y=-17 Z=-1 FlatVerts=0 SlopeVerts=0
[+21:04:43.868] VoxelMesh: Chunk X=0 Y=0 Z=0 FlatVerts=0 SlopeVerts=0
[+21:04:43.868] VoxelChunk: GenerateAsync (20,-20,-4)
[+21:04:43.871] VoxelMesh: Chunk X=20 Y=-20 Z=-4 FlatVerts=0 SlopeVerts=0
[+21:04:43.872] VoxelMesh: Chunk X=0 Y=0 Z=0 FlatVerts=0 SlopeVerts=0
[+21:04:43.872] VoxelChunk: GenerateAsync (16,-21,-5)
[+21:04:43.874] VoxelMesh: Chunk X=16 Y=-21 Z=-5 FlatVerts=0 SlopeVerts=0
[+21:04:43.876] VoxelMesh: Chunk X=0 Y=0 Z=0 FlatVerts=0 SlopeVerts=0
[+21:04:43.878] VoxelChunk: GenerateAsync (18,-21,-5)
[+21:04:43.879] VoxelMesh: Chunk X=18 Y=-21 Z=-5 FlatVerts=0 SlopeVerts=0
[+21:04:43.892] VoxelMesh: Chunk X=0 Y=0 Z=0 FlatVerts=0 SlopeVerts=0
[+21:04:43.893] VoxelChunk: GenerateAsync (14,-17,-1)
[+21:04:43.895] VoxelMesh: Chunk X=14 Y=-17 Z=-1 FlatVerts=0 SlopeVerts=0
[+21:04:43.896] VoxelMesh: Chunk X=0 Y=0 Z=0 FlatVerts=6744 SlopeVerts=1932
[+21:04:43.897] VoxelChunk: GenerateAsync (18,-24,0)
[+21:04:43.898] VoxelMesh: Chunk X=18 Y=-24 Z=0 FlatVerts=0 SlopeVerts=0
[+21:04:43.902] VoxelMesh: Chunk X=0 Y=0 Z=0 FlatVerts=1212 SlopeVerts=2796
[+21:04:43.902] VoxelChunk: GenerateAsync (16,-16,0)
[+21:04:43.904] VoxelMesh: Chunk X=16 Y=-16 Z=0 FlatVerts=0 SlopeVerts=0
[+21:04:43.906] VoxelMesh: Chunk X=0 Y=0 Z=0 FlatVerts=5718 SlopeVerts=1452
[+21:04:43.907] VoxelChunk: GenerateAsync (16,-24,0)
[+21:04:43.908] VoxelMesh: Chunk X=16 Y=-24 Z=0 FlatVerts=0 SlopeVerts=0
[+21:04:43.922] VoxelMesh: Chunk X=0 Y=0 Z=0 FlatVerts=0 SlopeVerts=0
[+21:04:43.922] VoxelChunk: GenerateAsync (20,-23,-1)
[+21:04:43.924] VoxelMesh: Chunk X=20 Y=-23 Z=-1 FlatVerts=0 SlopeVerts=0
[+21:04:43.927] VoxelMesh: Chunk X=0 Y=0 Z=0 FlatVerts=0 SlopeVerts=0
[+21:04:43.927] VoxelChunk: GenerateAsync (14,-20,-4)
[+21:04:43.929] VoxelMesh: Chunk X=14 Y=-20 Z=-4 FlatVerts=0 SlopeVerts=0
[+21:04:43.933] VoxelMesh: Chunk X=0 Y=0 Z=0 FlatVerts=0 SlopeVerts=0
[+21:04:43.933] VoxelChunk: GenerateAsync (14,-23,-1)
[+21:04:43.937] VoxelMesh: Chunk X=14 Y=-23 Z=-1 FlatVerts=0 SlopeVerts=0
[+21:04:43.939] VoxelMesh: Chunk X=0 Y=0 Z=0 FlatVerts=0 SlopeVerts=0
[+21:04:43.940] VoxelChunk: GenerateAsync (17,-23,-4)
[+21:04:43.941] VoxelMesh: Chunk X=17 Y=-23 Z=-4 FlatVerts=0 SlopeVerts=0
[+21:04:43.948] VoxelMesh: Chunk X=2 Y=1 Z=1 FlatVerts=0 SlopeVerts=0
[+21:04:43.948] VoxelChunk: GenerateAsync (1,0,-4)
[+21:04:43.950] VoxelMesh: Chunk X=1 Y=0 Z=-4 FlatVerts=0 SlopeVerts=0
[+21:04:43.955] VoxelMesh: Chunk X=0 Y=0 Z=0 FlatVerts=3246 SlopeVerts=9528
[+21:04:43.958] VoxelChunk: GenerateAsync (17,-23,2)
[+21:04:43.959] VoxelMesh: Chunk X=17 Y=-23 Z=2 FlatVerts=30 SlopeVerts=966
[+21:04:43.961] VoxelMesh: Chunk X=0 Y=0 Z=0 FlatVerts=5820 SlopeVerts=1938
[+21:04:43.962] VoxelChunk: GenerateAsync (18,-16,0)
[+21:04:43.962] VoxelMesh: Chunk X=18 Y=-16 Z=0 FlatVerts=0 SlopeVerts=0
[+21:04:43.968] VoxelMesh: Chunk X=0 Y=0 Z=0 FlatVerts=276 SlopeVerts=8886
[+21:04:43.969] VoxelChunk: GenerateAsync (17,-17,2)
[+21:04:43.972] VoxelMesh: Chunk X=17 Y=-17 Z=2 FlatVerts=174 SlopeVerts=2430
[+21:04:43.975] VoxelMesh: Chunk X=0 Y=0 Z=0 FlatVerts=0 SlopeVerts=12744
[+21:04:43.977] VoxelChunk: GenerateAsync (20,-20,2)
[+21:04:43.978] VoxelMesh: Chunk X=20 Y=-20 Z=2 FlatVerts=0 SlopeVerts=0
[+21:04:43.993] VoxelMesh: Chunk X=0 Y=0 Z=0 FlatVerts=198 SlopeVerts=18774
[+21:04:43.994] VoxelChunk: GenerateAsync (14,-20,2)
[+21:04:43.995] VoxelMesh: Chunk X=14 Y=-20 Z=2 FlatVerts=30 SlopeVerts=2226
[+21:04:43.999] VoxelMesh: Chunk X=0 Y=0 Z=0 FlatVerts=0 SlopeVerts=0
[+21:04:44.000] VoxelChunk: GenerateAsync (13,-21,0)
[+21:04:44.003] VoxelMesh: Chunk X=13 Y=-21 Z=0 FlatVerts=0 SlopeVerts=0
[+21:04:44.004] VoxelMesh: Chunk X=0 Y=0 Z=0 FlatVerts=3210 SlopeVerts=2268
[+21:04:44.005] VoxelChunk: GenerateAsync (21,-21,0)
[+21:04:44.006] VoxelMesh: Chunk X=21 Y=-21 Z=0 FlatVerts=0 SlopeVerts=0
[+21:04:44.011] VoxelMesh: Chunk X=0 Y=0 Z=0 FlatVerts=0 SlopeVerts=7440
[+21:04:44.012] VoxelChunk: GenerateAsync (20,-19,2)
[+21:04:44.013] VoxelMesh: Chunk X=20 Y=-19 Z=2 FlatVerts=102 SlopeVerts=906
[+21:04:44.026] VoxelMesh: Chunk X=0 Y=0 Z=0 FlatVerts=3126 SlopeVerts=1932
[+21:04:44.027] VoxelChunk: GenerateAsync (20,-17,0)
[+21:04:44.028] VoxelMesh: Chunk X=20 Y=-17 Z=0 FlatVerts=0 SlopeVerts=0
[+21:04:44.032] VoxelMesh: Chunk X=0 Y=0 Z=0 FlatVerts=54 SlopeVerts=1254
[+21:04:44.033] VoxelChunk: GenerateAsync (20,-23,0)
[+21:04:44.034] VoxelMesh: Chunk X=20 Y=-23 Z=0 FlatVerts=0 SlopeVerts=0
[+21:04:44.038] VoxelMesh: Chunk X=0 Y=0 Z=0 FlatVerts=0 SlopeVerts=0
[+21:04:44.038] VoxelChunk: GenerateAsync (16,-17,-4)
[+21:04:44.040] VoxelMesh: Chunk X=16 Y=-17 Z=-4 FlatVerts=0 SlopeVerts=0
[+21:04:44.042] VoxelMesh: Chunk X=0 Y=0 Z=0 FlatVerts=4434 SlopeVerts=1854
[+21:04:44.043] VoxelChunk: GenerateAsync (14,-23,0)
[+21:04:44.044] VoxelMesh: Chunk X=14 Y=-23 Z=0 FlatVerts=0 SlopeVerts=0
[+21:04:44.052] VoxelMesh: Chunk X=-2 Y=2 Z=1 FlatVerts=0 SlopeVerts=0
[+21:04:44.052] VoxelChunk: GenerateAsync (2,3,-4)
[+21:04:44.053] VoxelMesh: Chunk X=2 Y=3 Z=-4 FlatVerts=0 SlopeVerts=0
[+21:04:44.060] VoxelMesh: Chunk X=0 Y=0 Z=0 FlatVerts=0 SlopeVerts=0
[+21:04:44.060] VoxelChunk: GenerateAsync (14,-17,0)
[+21:04:44.060] VoxelMesh: Chunk X=14 Y=-17 Z=0 FlatVerts=0 SlopeVerts=0
[+21:04:44.066] VoxelMesh: Chunk X=0 Y=0 Z=0 FlatVerts=0 SlopeVerts=0
[+21:04:44.066] VoxelChunk: GenerateAsync (18,-17,-4)
[+21:04:44.067] VoxelMesh: Chunk X=18 Y=-17 Z=-4 FlatVerts=0 SlopeVerts=0
[+21:04:44.071] VoxelMesh: Chunk X=0 Y=0 Z=0 FlatVerts=360 SlopeVerts=18930
[+21:04:44.073] VoxelChunk: GenerateAsync (16,-17,2)
[+21:04:44.074] VoxelMesh: Chunk X=16 Y=-17 Z=2 FlatVerts=108 SlopeVerts=5052
[+21:04:44.078] VoxelMesh: Chunk X=0 Y=0 Z=0 FlatVerts=72 SlopeVerts=8022
[+21:04:44.079] VoxelChunk: GenerateAsync (14,-19,2)
[+21:04:44.080] VoxelMesh: Chunk X=14 Y=-19 Z=2 FlatVerts=66 SlopeVerts=4506
[+21:04:44.092] VoxelChunk: GenerateAsync (15,-17,1)
[+21:04:44.092] VoxelChunk: GenerateAsync (17,-24,0)
[+21:04:44.092] VoxelChunk: GenerateAsync (17,-20,-3)
[+21:04:44.092] VoxelChunk: GenerateAsync (19,-18,2)
[+21:04:44.092] VoxelChunk: GenerateAsync (17,-20,1)
[+21:04:44.092] VoxelChunk: GenerateAsync (20,-20,0)
[+21:04:44.092] VoxelChunk: GenerateAsync (17,-23,0)
[+21:04:44.092] VoxelChunk: GenerateAsync (20,-22,1)
[+21:04:44.092] VoxelChunk: GenerateAsync (17,-17,0)
[+21:04:44.092] VoxelChunk: GenerateAsync (14,-20,0)
[+21:04:44.092] VoxelChunk: GenerateAsync (21,-20,0)
[+21:04:44.092] VoxelChunk: GenerateAsync (19,-21,-3)
[+21:04:44.092] VoxelChunk: GenerateAsync (17,-16,0)
[+21:04:44.092] VoxelChunk: GenerateAsync (17,-19,-5)
[+21:04:44.092] VoxelChunk: GenerateAsync (15,-18,-4)
[+21:04:44.092] VoxelChunk: GenerateAsync (14,-22,1)
[+21:04:44.092] VoxelChunk: GenerateAsync (15,-23,1)
[+21:04:44.092] VoxelMesh: Chunk X=15 Y=-17 Z=1 FlatVerts=60 SlopeVerts=54
[+21:04:44.092] VoxelChunk: GenerateAsync (20,-18,1)
[+21:04:44.092] VoxelChunk: GenerateAsync (18,-22,-3)
[+21:04:44.092] VoxelChunk: GenerateAsync (16,-22,-3)
[+21:04:44.092] VoxelChunk: GenerateAsync (15,-21,-3)
[+21:04:44.092] VoxelMesh: Chunk X=17 Y=-24 Z=0 FlatVerts=0 SlopeVerts=0
[+21:04:44.092] VoxelChunk: GenerateAsync (17,-20,-5)
[+21:04:44.092] VoxelChunk: GenerateAsync (15,-22,0)
[+21:04:44.092] VoxelChunk: GenerateAsync (16,-18,1)
[+21:04:44.092] VoxelChunk: GenerateAsync (19,-22,0)
[+21:04:44.092] VoxelChunk: GenerateAsync (19,-19,1)
[+21:04:44.092] VoxelMesh: Chunk X=17 Y=-23 Z=0 FlatVerts=0 SlopeVerts=0
[+21:04:44.092] VoxelChunk: GenerateAsync (15,-18,0)
[+21:04:44.092] VoxelChunk: GenerateAsync (19,-18,0)
[+21:04:44.092] VoxelMesh: Chunk X=20 Y=-20 Z=0 FlatVerts=0 SlopeVerts=0
[+21:04:44.092] VoxelChunk: GenerateAsync (16,-22,1)
[+21:04:44.092] VoxelChunk: GenerateAsync (18,-22,1)
[+21:04:44.092] VoxelChunk: GenerateAsync (15,-21,1)
[+21:04:44.092] VoxelChunk: GenerateAsync (15,-19,1)
[+21:04:44.092] VoxelMesh: Chunk X=17 Y=-20 Z=1 FlatVerts=6 SlopeVerts=48
[+21:04:44.092] VoxelChunk: GenerateAsync (19,-21,1)
[+21:04:44.092] VoxelChunk: GenerateAsync (18,-18,1)
[+21:04:44.092] VoxelMesh: Chunk X=20 Y=-22 Z=1 FlatVerts=24 SlopeVerts=72
[+21:04:44.092] VoxelChunk: GenerateAsync (15,-20,1)
[+21:04:44.092] VoxelMesh: Chunk X=17 Y=-17 Z=0 FlatVerts=0 SlopeVerts=0
[+21:04:44.092] VoxelChunk: GenerateAsync (15,-20,-3)
[+21:04:44.092] VoxelMesh: Chunk X=21 Y=-20 Z=0 FlatVerts=0 SlopeVerts=0
[+21:04:44.092] VoxelChunk: GenerateAsync (18,-23,1)
[+21:04:44.092] VoxelChunk: GenerateAsync (19,-20,1)
[+21:04:44.092] VoxelChunk: GenerateAsync (19,-20,-3)
[+21:04:44.092] VoxelChunk: GenerateAsync (17,-22,1)
[+21:04:44.092] VoxelChunk: GenerateAsync (17,-22,-3)
[+21:04:44.092] VoxelChunk: GenerateAsync (16,-18,2)
[+21:04:44.092] VoxelChunk: GenerateAsync (17,-18,1)
[+21:04:44.092] VoxelChunk: GenerateAsync (15,-19,2)
[+21:04:44.092] VoxelMesh: Chunk X=17 Y=-16 Z=0 FlatVerts=0 SlopeVerts=0
[+21:04:44.092] VoxelMesh: Chunk X=19 Y=-18 Z=2 FlatVerts=0 SlopeVerts=0
[+21:04:44.092] VoxelChunk: GenerateAsync (16,-21,-3)
[+21:04:44.092] VoxelChunk: GenerateAsync (15,-19,0)
[+21:04:44.092] VoxelChunk: GenerateAsync (16,-19,-3)
[+21:04:44.092] VoxelChunk: GenerateAsync (18,-19,-3)
[+21:04:44.092] VoxelMesh: Chunk X=14 Y=-20 Z=0 FlatVerts=0 SlopeVerts=0
[+21:04:44.092] VoxelChunk: GenerateAsync (18,-19,1)
[+21:04:44.092] VoxelChunk: GenerateAsync (18,-21,-3)
[+21:04:44.092] VoxelChunk: GenerateAsync (16,-19,1)
[+21:04:44.092] VoxelChunk: GenerateAsync (18,-21,1)
[+21:04:44.092] VoxelChunk: GenerateAsync (16,-18,0)
[+21:04:44.092] VoxelChunk: GenerateAsync (18,-18,0)
[+21:04:44.092] VoxelChunk: GenerateAsync (19,-19,0)
[+21:04:44.092] VoxelChunk: GenerateAsync (16,-21,1)
[+21:04:44.093] VoxelChunk: GenerateAsync (16,-20,1)
[+21:04:44.093] VoxelChunk: GenerateAsync (16,-17,1)
[+21:04:44.093] VoxelChunk: GenerateAsync (18,-20,-3)
[+21:04:44.093] VoxelChunk: GenerateAsync (17,-19,-3)
[+21:04:44.093] VoxelChunk: GenerateAsync (20,-21,1)
[+21:04:44.093] VoxelChunk: GenerateAsync (17,-19,1)
[+21:04:44.093] VoxelChunk: GenerateAsync (17,-21,-3)
[+21:04:44.093] VoxelChunk: GenerateAsync (14,-22,0)
[+21:04:44.093] VoxelChunk: GenerateAsync (20,-18,0)
[+21:04:44.093] VoxelChunk: GenerateAsync (16,-20,-3)
[+21:04:44.093] VoxelMesh: Chunk X=15 Y=-23 Z=1 FlatVerts=0 SlopeVerts=0
[+21:04:44.093] VoxelChunk: GenerateAsync (17,-18,0)
[+21:04:44.093] VoxelChunk: GenerateAsync (18,-20,1)
[+21:04:44.093] VoxelMesh: Chunk X=20 Y=-18 Z=1 FlatVerts=102 SlopeVerts=0
[+21:04:44.093] VoxelChunk: GenerateAsync (17,-21,1)
[+21:04:44.093] VoxelChunk: GenerateAsync (20,-19,1)
[+21:04:44.093] VoxelChunk: GenerateAsync (18,-22,-4)
[+21:04:44.093] VoxelMesh: Chunk X=14 Y=-22 Z=1 FlatVerts=0 SlopeVerts=0
[+21:04:44.093] VoxelChunk: GenerateAsync (20,-22,0)
[+21:04:44.093] VoxelChunk: GenerateAsync (19,-19,2)
[+21:04:44.093] VoxelChunk: GenerateAsync (18,-17,0)
[+21:04:44.093] VoxelChunk: GenerateAsync (18,-23,0)
[+21:04:44.093] VoxelChunk: GenerateAsync (16,-17,0)
[+21:04:44.093] VoxelMesh: Chunk X=17 Y=-20 Z=-3 FlatVerts=0 SlopeVerts=0
[+21:04:44.093] VoxelChunk: GenerateAsync (14,-19,0)
[+21:04:44.093] VoxelChunk: GenerateAsync (20,-19,0)
[+21:04:44.093] VoxelChunk: GenerateAsync (14,-21,0)
[+21:04:44.093] VoxelChunk: GenerateAsync (20,-21,0)
[+21:04:44.093] VoxelChunk: GenerateAsync (16,-23,0)
[+21:04:44.093] VoxelChunk: GenerateAsync (19,-22,1)
[+21:04:44.093] VoxelChunk: GenerateAsync (15,-22,1)
[+21:04:44.093] VoxelChunk: GenerateAsync (17,-18,-4)
[+21:04:44.093] VoxelChunk: GenerateAsync (14,-20,1)
[+21:04:44.093] VoxelChunk: GenerateAsync (20,-20,1)
[+21:04:44.093] VoxelChunk: GenerateAsync (19,-23,0)
[+21:04:44.093] VoxelChunk: GenerateAsync (15,-23,0)
[+21:04:44.093] VoxelChunk: GenerateAsync (18,-22,2)
[+21:04:44.093] VoxelChunk: GenerateAsync (18,-18,2)
[+21:04:44.093] VoxelChunk: GenerateAsync (14,-18,0)
[+21:04:44.093] VoxelChunk: GenerateAsync (15,-21,2)
[+21:04:44.093] VoxelChunk: GenerateAsync (17,-23,1)
[+21:04:44.093] VoxelChunk: GenerateAsync (14,-19,-3)
[+21:04:44.093] VoxelChunk: GenerateAsync (16,-23,1)
[+21:04:44.093] VoxelChunk: GenerateAsync (18,-18,-4)
[+21:04:44.093] VoxelChunk: GenerateAsync (19,-19,-4)
[+21:04:44.093] VoxelChunk: GenerateAsync (14,-21,1)
[+21:04:44.093] VoxelChunk: GenerateAsync (19,-17,0)
[+21:04:44.093] VoxelChunk: GenerateAsync (15,-17,0)
[+21:04:44.093] VoxelChunk: GenerateAsync (15,-22,2)
[+21:04:44.093] VoxelChunk: GenerateAsync (14,-18,-3)
[+21:04:44.093] VoxelChunk: GenerateAsync (19,-17,1)
[+21:04:44.093] VoxelChunk: GenerateAsync (15,-18,2)
[+21:04:44.093] VoxelMesh: Chunk X=15 Y=-22 Z=0 FlatVerts=0 SlopeVerts=0
[+21:04:44.093] VoxelChunk: GenerateAsync (19,-17,-3)
[+21:04:44.093] VoxelChunk: GenerateAsync (19,-22,-4)
[+21:04:44.093] VoxelChunk: GenerateAsync (14,-18,1)
[+21:04:44.093] VoxelMesh: Chunk X=15 Y=-18 Z=-4 FlatVerts=0 SlopeVerts=0
[+21:04:44.093] VoxelChunk: GenerateAsync (19,-22,2)
[+21:04:44.093] VoxelChunk: GenerateAsync (20,-22,-3)
[+21:04:44.093] VoxelChunk: GenerateAsync (19,-23,1)
[+21:04:44.093] VoxelChunk: GenerateAsync (13,-20,0)
[+21:04:44.093] VoxelChunk: GenerateAsync (13,-19,0)
[+21:04:44.093] VoxelChunk: GenerateAsync (17,-17,-4)
[+21:04:44.093] VoxelChunk: GenerateAsync (21,-19,0)
[+21:04:44.093] VoxelChunk: GenerateAsync (20,-20,-4)
[+21:04:44.093] VoxelChunk: GenerateAsync (18,-24,0)
[+21:04:44.093] VoxelChunk: GenerateAsync (16,-16,0)
[+21:04:44.093] VoxelChunk: GenerateAsync (16,-24,0)
[+21:04:44.093] VoxelChunk: GenerateAsync (14,-20,-4)
[+21:04:44.093] VoxelChunk: GenerateAsync (17,-23,-4)
[+21:04:44.093] VoxelChunk: GenerateAsync (17,-23,2)
[+21:04:44.093] VoxelChunk: GenerateAsync (18,-16,0)
[+21:04:44.093] VoxelMesh: Chunk X=16 Y=-18 Z=1 FlatVerts=0 SlopeVerts=0
[+21:04:44.093] VoxelChunk: GenerateAsync (17,-17,2)
[+21:04:44.093] VoxelChunk: GenerateAsync (20,-20,2)
[+21:04:44.093] VoxelChunk: GenerateAsync (14,-20,2)
[+21:04:44.094] VoxelChunk: GenerateAsync (13,-21,0)
[+21:04:44.094] VoxelMesh: Chunk X=19 Y=-22 Z=0 FlatVerts=0 SlopeVerts=0
[+21:04:44.094] VoxelChunk: GenerateAsync (21,-21,0)
[+21:04:44.094] VoxelChunk: GenerateAsync (20,-19,2)
[+21:04:44.094] VoxelChunk: GenerateAsync (20,-17,0)
[+21:04:44.094] VoxelChunk: GenerateAsync (20,-23,0)
[+21:04:44.094] VoxelChunk: GenerateAsync (16,-17,-4)
[+21:04:44.094] VoxelChunk: GenerateAsync (14,-23,0)
[+21:04:44.094] VoxelChunk: GenerateAsync (14,-17,0)
[+21:04:44.094] VoxelChunk: GenerateAsync (18,-17,-4)
[+21:04:44.094] VoxelMesh: Chunk X=19 Y=-19 Z=1 FlatVerts=96 SlopeVerts=0
[+21:04:44.094] VoxelMesh: Chunk X=19 Y=-21 Z=-3 FlatVerts=0 SlopeVerts=0
[+21:04:44.094] VoxelChunk: GenerateAsync (16,-17,2)
[+21:04:44.094] VoxelChunk: GenerateAsync (14,-19,2)
[+21:04:44.094] VoxelMesh: Chunk X=19 Y=-18 Z=0 FlatVerts=0 SlopeVerts=0
[+21:04:44.094] VoxelMesh: Chunk X=16 Y=-22 Z=1 FlatVerts=0 SlopeVerts=24
[+21:04:44.094] VoxelMesh: Chunk X=15 Y=-18 Z=0 FlatVerts=0 SlopeVerts=0
[+21:04:44.094] VoxelMesh: Chunk X=18 Y=-22 Z=-3 FlatVerts=0 SlopeVerts=0
[+21:04:44.094] VoxelMesh: Chunk X=18 Y=-22 Z=1 FlatVerts=24 SlopeVerts=24
[+21:04:44.094] VoxelMesh: Chunk X=15 Y=-21 Z=1 FlatVerts=0 SlopeVerts=0
[+21:04:44.094] VoxelMesh: Chunk X=15 Y=-19 Z=1 FlatVerts=0 SlopeVerts=6
[+21:04:44.094] VoxelMesh: Chunk X=16 Y=-22 Z=-3 FlatVerts=0 SlopeVerts=0
[+21:04:44.094] VoxelMesh: Chunk X=19 Y=-21 Z=1 FlatVerts=48 SlopeVerts=60
[+21:04:44.094] VoxelMesh: Chunk X=15 Y=-21 Z=-3 FlatVerts=0 SlopeVerts=0
[+21:04:44.094] VoxelMesh: Chunk X=18 Y=-18 Z=1 FlatVerts=78 SlopeVerts=0
[+21:04:44.094] VoxelMesh: Chunk X=15 Y=-20 Z=1 FlatVerts=0 SlopeVerts=0
[+21:04:44.094] VoxelMesh: Chunk X=17 Y=-19 Z=-5 FlatVerts=0 SlopeVerts=0
[+21:04:44.094] VoxelMesh: Chunk X=18 Y=-23 Z=1 FlatVerts=84 SlopeVerts=36
[+21:04:44.095] VoxelMesh: Chunk X=19 Y=-20 Z=1 FlatVerts=96 SlopeVerts=0
[+21:04:44.095] VoxelMesh: Chunk X=17 Y=-22 Z=1 FlatVerts=132 SlopeVerts=0
[+21:04:44.095] VoxelMesh: Chunk X=17 Y=-18 Z=1 FlatVerts=0 SlopeVerts=24
[+21:04:44.095] VoxelMesh: Chunk X=16 Y=-18 Z=2 FlatVerts=0 SlopeVerts=0
[+21:04:44.095] VoxelMesh: Chunk X=15 Y=-19 Z=2 FlatVerts=0 SlopeVerts=174
[+21:04:44.095] VoxelMesh: Chunk X=15 Y=-19 Z=0 FlatVerts=0 SlopeVerts=0
[+21:04:44.096] VoxelMesh: Chunk X=19 Y=-20 Z=-3 FlatVerts=0 SlopeVerts=0
[+21:04:44.096] VoxelMesh: Chunk X=17 Y=-22 Z=-3 FlatVerts=0 SlopeVerts=0
[+21:04:44.096] VoxelMesh: Chunk X=17 Y=-20 Z=-5 FlatVerts=0 SlopeVerts=0
[+21:04:44.096] VoxelMesh: Chunk X=18 Y=-19 Z=1 FlatVerts=78 SlopeVerts=42
[+21:04:44.096] VoxelMesh: Chunk X=14 Y=-23 Z=-1 FlatVerts=0 SlopeVerts=0
[+21:04:44.096] VoxelMesh: Chunk X=16 Y=-19 Z=-3 FlatVerts=0 SlopeVerts=0
[+21:04:44.096] VoxelMesh: Chunk X=15 Y=-20 Z=-3 FlatVerts=0 SlopeVerts=0
[+21:04:44.096] VoxelMesh: Chunk X=18 Y=-21 Z=1 FlatVerts=42 SlopeVerts=66
[+21:04:44.096] VoxelMesh: Chunk X=16 Y=-21 Z=-3 FlatVerts=0 SlopeVerts=0
[+21:04:44.096] VoxelMesh: Chunk X=18 Y=-18 Z=0 FlatVerts=0 SlopeVerts=0
[+21:04:44.096] VoxelMesh: Chunk X=16 Y=-19 Z=1 FlatVerts=0 SlopeVerts=0
[+21:04:44.096] VoxelMesh: Chunk X=19 Y=-19 Z=0 FlatVerts=0 SlopeVerts=0
[+21:04:44.096] VoxelChunk: GenerateAsync (20,-17,-2)
[+21:04:44.096] VoxelMesh: Chunk X=16 Y=-21 Z=1 FlatVerts=6 SlopeVerts=12
[+21:04:44.096] VoxelMesh: Chunk X=16 Y=-18 Z=0 FlatVerts=0 SlopeVerts=0
[+21:04:44.096] VoxelMesh: Chunk X=16 Y=-17 Z=1 FlatVerts=0 SlopeVerts=0
[+21:04:44.096] VoxelMesh: Chunk X=16 Y=-20 Z=1 FlatVerts=0 SlopeVerts=6
[+21:04:44.096] VoxelMesh: Chunk X=18 Y=-19 Z=-3 FlatVerts=0 SlopeVerts=0
[+21:04:44.096] VoxelMesh: Chunk X=20 Y=-21 Z=1 FlatVerts=96 SlopeVerts=0
[+21:04:44.096] VoxelMesh: Chunk X=17 Y=-19 Z=1 FlatVerts=0 SlopeVerts=0
[+21:04:44.097] VoxelMesh: Chunk X=20 Y=-18 Z=0 FlatVerts=0 SlopeVerts=0
[+21:04:44.097] VoxelMesh: Chunk X=14 Y=-22 Z=0 FlatVerts=0 SlopeVerts=0
[+21:04:44.097] VoxelMesh: Chunk X=18 Y=-20 Z=1 FlatVerts=126 SlopeVerts=42
[+21:04:44.097] VoxelMesh: Chunk X=17 Y=-18 Z=0 FlatVerts=0 SlopeVerts=0
[+21:04:44.097] VoxelMesh: Chunk X=18 Y=-21 Z=-3 FlatVerts=0 SlopeVerts=0
[+21:04:44.097] VoxelMesh: Chunk X=17 Y=-21 Z=1 FlatVerts=162 SlopeVerts=36
[+21:04:44.097] VoxelMesh: Chunk X=20 Y=-22 Z=0 FlatVerts=0 SlopeVerts=0
[+21:04:44.097] VoxelMesh: Chunk X=20 Y=-19 Z=1 FlatVerts=126 SlopeVerts=0
[+21:04:44.097] VoxelMesh: Chunk X=18 Y=-17 Z=0 FlatVerts=0 SlopeVerts=0
[+21:04:44.097] VoxelMesh: Chunk X=18 Y=-20 Z=-3 FlatVerts=0 SlopeVerts=0
[+21:04:44.097] VoxelMesh: Chunk X=17 Y=-19 Z=-3 FlatVerts=0 SlopeVerts=0
[+21:04:44.097] VoxelMesh: Chunk X=18 Y=-23 Z=0 FlatVerts=0 SlopeVerts=0
[+21:04:44.097] VoxelMesh: Chunk X=19 Y=-19 Z=2 FlatVerts=0 SlopeVerts=0
[+21:04:44.098] VoxelMesh: Chunk X=16 Y=-17 Z=0 FlatVerts=0 SlopeVerts=0
[+21:04:44.098] VoxelMesh: Chunk X=17 Y=-21 Z=-3 FlatVerts=0 SlopeVerts=0
[+21:04:44.098] VoxelMesh: Chunk X=20 Y=-21 Z=0 FlatVerts=0 SlopeVerts=0
[+21:04:44.098] VoxelMesh: Chunk X=20 Y=-19 Z=0 FlatVerts=0 SlopeVerts=0
[+21:04:44.098] VoxelMesh: Chunk X=14 Y=-19 Z=0 FlatVerts=0 SlopeVerts=0
[+21:04:44.098] VoxelMesh: Chunk X=16 Y=-20 Z=-3 FlatVerts=0 SlopeVerts=0
[+21:04:44.098] VoxelMesh: Chunk X=16 Y=-23 Z=0 FlatVerts=0 SlopeVerts=0
[+21:04:44.098] VoxelMesh: Chunk X=14 Y=-21 Z=0 FlatVerts=0 SlopeVerts=0
[+21:04:44.098] VoxelMesh: Chunk X=15 Y=-22 Z=1 FlatVerts=0 SlopeVerts=0
[+21:04:44.098] VoxelMesh: Chunk X=19 Y=-22 Z=1 FlatVerts=0 SlopeVerts=24
[+21:04:44.098] VoxelMesh: Chunk X=14 Y=-20 Z=1 FlatVerts=0 SlopeVerts=0
[+21:04:44.098] VoxelMesh: Chunk X=20 Y=-20 Z=1 FlatVerts=96 SlopeVerts=0
[+21:04:44.098] VoxelMesh: Chunk X=18 Y=-22 Z=2 FlatVerts=6 SlopeVerts=144
[+21:04:44.098] VoxelMesh: Chunk X=14 Y=-18 Z=0 FlatVerts=0 SlopeVerts=0
[+21:04:44.098] VoxelMesh: Chunk X=15 Y=-23 Z=0 FlatVerts=0 SlopeVerts=0
[+21:04:44.098] VoxelMesh: Chunk X=19 Y=-23 Z=0 FlatVerts=0 SlopeVerts=0
[+21:04:44.098] VoxelMesh: Chunk X=15 Y=-21 Z=2 FlatVerts=0 SlopeVerts=30
[+21:04:44.098] VoxelMesh: Chunk X=18 Y=-18 Z=2 FlatVerts=48 SlopeVerts=126
[+21:04:44.098] VoxelMesh: Chunk X=17 Y=-23 Z=1 FlatVerts=114 SlopeVerts=6
[+21:04:44.098] VoxelMesh: Chunk X=16 Y=-23 Z=1 FlatVerts=6 SlopeVerts=0
[+21:04:44.099] VoxelMesh: Chunk X=19 Y=-17 Z=0 FlatVerts=0 SlopeVerts=0
[+21:04:44.099] VoxelMesh: Chunk X=20 Y=-23 Z=-1 FlatVerts=0 SlopeVerts=0
[+21:04:44.099] VoxelMesh: Chunk X=14 Y=-21 Z=1 FlatVerts=0 SlopeVerts=0
[+21:04:44.099] VoxelMesh: Chunk X=15 Y=-17 Z=0 FlatVerts=0 SlopeVerts=0
[+21:04:44.099] VoxelChunk: GenerateAsync (14,-17,-2)
[+21:04:44.099] VoxelMesh: Chunk X=15 Y=-22 Z=2 FlatVerts=24 SlopeVerts=120
[+21:04:44.099] VoxelMesh: Chunk X=17 Y=-18 Z=-4 FlatVerts=0 SlopeVerts=0
[+21:04:44.099] VoxelMesh: Chunk X=19 Y=-17 Z=1 FlatVerts=108 SlopeVerts=0
[+21:04:44.099] VoxelMesh: Chunk X=15 Y=-18 Z=2 FlatVerts=6 SlopeVerts=156
[+21:04:44.100] VoxelMesh: Chunk X=19 Y=-19 Z=-4 FlatVerts=0 SlopeVerts=0
[+21:04:44.100] VoxelMesh: Chunk X=18 Y=-18 Z=-4 FlatVerts=0 SlopeVerts=0
[+21:04:44.100] VoxelMesh: Chunk X=14 Y=-19 Z=-3 FlatVerts=0 SlopeVerts=0
[+21:04:44.100] VoxelMesh: Chunk X=14 Y=-18 Z=1 FlatVerts=102 SlopeVerts=54
[+21:04:44.100] VoxelMesh: Chunk X=19 Y=-22 Z=2 FlatVerts=0 SlopeVerts=168
[+21:04:44.100] VoxelMesh: Chunk X=13 Y=-19 Z=0 FlatVerts=0 SlopeVerts=0
[+21:04:44.100] VoxelMesh: Chunk X=19 Y=-23 Z=1 FlatVerts=0 SlopeVerts=0
[+21:04:44.100] VoxelMesh: Chunk X=14 Y=-18 Z=-3 FlatVerts=0 SlopeVerts=0
[+21:04:44.100] VoxelMesh: Chunk X=13 Y=-20 Z=0 FlatVerts=0 SlopeVerts=0
[+21:04:44.100] VoxelMesh: Chunk X=19 Y=-22 Z=-4 FlatVerts=0 SlopeVerts=0
[+21:04:44.100] VoxelMesh: Chunk X=19 Y=-17 Z=-3 FlatVerts=0 SlopeVerts=0
[+21:04:44.100] VoxelMesh: Chunk X=21 Y=-19 Z=0 FlatVerts=0 SlopeVerts=0
[+21:04:44.101] VoxelMesh: Chunk X=16 Y=-16 Z=0 FlatVerts=0 SlopeVerts=0
[+21:04:44.101] VoxelMesh: Chunk X=18 Y=-24 Z=0 FlatVerts=0 SlopeVerts=0
[+21:04:44.101] VoxelMesh: Chunk X=16 Y=-24 Z=0 FlatVerts=0 SlopeVerts=0
[+21:04:44.101] VoxelMesh: Chunk X=14 Y=-17 Z=-1 FlatVerts=0 SlopeVerts=0
[+21:04:44.101] VoxelMesh: Chunk X=17 Y=-23 Z=2 FlatVerts=0 SlopeVerts=72
[+21:04:44.101] VoxelMesh: Chunk X=18 Y=-16 Z=0 FlatVerts=0 SlopeVerts=0
[+21:04:44.101] VoxelChunk: GenerateAsync (16,-23,-4)
[+21:04:44.101] VoxelMesh: Chunk X=20 Y=-22 Z=-3 FlatVerts=0 SlopeVerts=0
[+21:04:44.101] VoxelMesh: Chunk X=18 Y=-22 Z=-4 FlatVerts=0 SlopeVerts=0
[+21:04:44.101] VoxelMesh: Chunk X=20 Y=-20 Z=-4 FlatVerts=0 SlopeVerts=0
[+21:04:44.101] VoxelMesh: Chunk X=17 Y=-17 Z=2 FlatVerts=36 SlopeVerts=168
[+21:04:44.102] VoxelMesh: Chunk X=14 Y=-20 Z=-4 FlatVerts=0 SlopeVerts=0
[+21:04:44.102] VoxelMesh: Chunk X=21 Y=-21 Z=0 FlatVerts=0 SlopeVerts=0
[+21:04:44.102] VoxelMesh: Chunk X=20 Y=-20 Z=2 FlatVerts=0 SlopeVerts=0
[+21:04:44.102] VoxelMesh: Chunk X=14 Y=-20 Z=2 FlatVerts=0 SlopeVerts=96
[+21:04:44.102] VoxelMesh: Chunk X=17 Y=-17 Z=-4 FlatVerts=0 SlopeVerts=0
[+21:04:44.102] VoxelMesh: Chunk X=20 Y=-17 Z=0 FlatVerts=0 SlopeVerts=0
[+21:04:44.102] VoxelMesh: Chunk X=13 Y=-21 Z=0 FlatVerts=0 SlopeVerts=0
[+21:04:44.102] VoxelMesh: Chunk X=17 Y=-23 Z=-4 FlatVerts=0 SlopeVerts=0
[+21:04:44.102] VoxelMesh: Chunk X=14 Y=-17 Z=0 FlatVerts=0 SlopeVerts=0
[+21:04:44.102] VoxelMesh: Chunk X=20 Y=-23 Z=0 FlatVerts=0 SlopeVerts=0
[+21:04:44.103] VoxelMesh: Chunk X=20 Y=-19 Z=2 FlatVerts=0 SlopeVerts=48
[+21:04:44.103] VoxelMesh: Chunk X=14 Y=-23 Z=0 FlatVerts=0 SlopeVerts=0
[+21:04:44.103] VoxelMesh: Chunk X=16 Y=-17 Z=2 FlatVerts=30 SlopeVerts=180
[+21:04:44.103] VoxelMesh: Chunk X=14 Y=-19 Z=2 FlatVerts=6 SlopeVerts=234
[+21:04:44.103] VoxelMesh: Chunk X=16 Y=-17 Z=-4 FlatVerts=0 SlopeVerts=0
[+21:04:44.103] VoxelMesh: Chunk X=20 Y=-17 Z=-1 FlatVerts=0 SlopeVerts=0
[+21:04:44.103] VoxelMesh: Chunk X=18 Y=-17 Z=-4 FlatVerts=0 SlopeVerts=0
[+21:04:44.103] VoxelChunk: GenerateAsync (18,-23,-4)
[+21:04:44.104] VoxelMesh: Chunk X=20 Y=-17 Z=-2 FlatVerts=0 SlopeVerts=0
[+21:04:44.106] VoxelMesh: Chunk X=14 Y=-17 Z=-2 FlatVerts=0 SlopeVerts=0
[+21:04:44.106] VoxelMesh: Chunk X=16 Y=-23 Z=-4 FlatVerts=0 SlopeVerts=0
[+21:04:44.106] VoxelMesh: Chunk X=18 Y=-23 Z=-4 FlatVerts=0 SlopeVerts=0
[+21:04:44.119] VoxelMesh: Chunk X=20 Y=-18 Z=-2 FlatVerts=0 SlopeVerts=0
[+21:04:44.119] VoxelChunk: GenerateAsync (14,-21,-4)
[+21:04:44.119] VoxelMesh: Chunk X=19 Y=-17 Z=-2 FlatVerts=0 SlopeVerts=0
[+21:04:44.120] VoxelMesh: Chunk X=14 Y=-21 Z=-4 FlatVerts=0 SlopeVerts=0
[+21:04:44.120] VoxelChunk: GenerateAsync (20,-21,-4)
[+21:04:44.120] VoxelMesh: Chunk X=15 Y=-17 Z=-2 FlatVerts=0 SlopeVerts=0
[+21:04:44.120] VoxelChunk: GenerateAsync (20,-23,-2)
[+21:04:44.121] VoxelMesh: Chunk X=20 Y=-21 Z=-4 FlatVerts=0 SlopeVerts=0
[+21:04:44.121] VoxelMesh: Chunk X=20 Y=-22 Z=-2 FlatVerts=0 SlopeVerts=0
[+21:04:44.122] VoxelMesh: Chunk X=20 Y=-23 Z=-2 FlatVerts=0 SlopeVerts=0
[+21:04:44.122] VoxelChunk: GenerateAsync (14,-23,-2)
[+21:04:44.122] VoxelMesh: Chunk X=14 Y=-23 Z=-2 FlatVerts=0 SlopeVerts=0
[+21:04:44.128] VoxelMesh: Chunk X=14 Y=-18 Z=-2 FlatVerts=0 SlopeVerts=0
[+21:04:44.128] VoxelChunk: GenerateAsync (14,-19,-4)
[+21:04:44.129] VoxelMesh: Chunk X=14 Y=-19 Z=-4 FlatVerts=0 SlopeVerts=0
[+21:04:44.130] VoxelMesh: Chunk X=14 Y=-22 Z=-2 FlatVerts=0 SlopeVerts=0
[+21:04:44.130] VoxelChunk: GenerateAsync (20,-19,-4)
[+21:04:44.130] VoxelMesh: Chunk X=14 Y=-21 Z=-2 FlatVerts=408 SlopeVerts=666
[+21:04:44.130] VoxelChunk: GenerateAsync (16,-23,2)
[+21:04:44.131] VoxelMesh: Chunk X=18 Y=-17 Z=-2 FlatVerts=0 SlopeVerts=0
[+21:04:44.131] VoxelMesh: Chunk X=16 Y=-23 Z=2 FlatVerts=408 SlopeVerts=666
[+21:04:44.131] VoxelChunk: GenerateAsync (20,-21,2)
[+21:04:44.131] VoxelMesh: Chunk X=20 Y=-19 Z=-4 FlatVerts=0 SlopeVerts=0
[+21:04:44.131] VoxelMesh: Chunk X=20 Y=-21 Z=2 FlatVerts=0 SlopeVerts=0
[+21:04:44.137] VoxelMesh: Chunk X=1 Y=2 Z=2 FlatVerts=0 SlopeVerts=0
[+21:04:44.138] VoxelChunk: GenerateAsync (3,-3,-4)
[+21:04:44.139] VoxelMesh: Chunk X=3 Y=-3 Z=-4 FlatVerts=0 SlopeVerts=0
[+21:04:44.140] VoxelMesh: Chunk X=16 Y=-23 Z=-2 FlatVerts=0 SlopeVerts=0
[+21:04:44.142] VoxelChunk: GenerateAsync (18,-17,2)
[+21:04:44.143] VoxelMesh: Chunk X=14 Y=-19 Z=-2 FlatVerts=6 SlopeVerts=672
[+21:04:44.143] VoxelMesh: Chunk X=18 Y=-17 Z=2 FlatVerts=0 SlopeVerts=0
[+21:04:44.143] VoxelChunk: GenerateAsync (18,-23,2)
[+21:04:44.143] VoxelMesh: Chunk X=20 Y=-21 Z=-2 FlatVerts=102 SlopeVerts=822
[+21:04:44.143] VoxelMesh: Chunk X=18 Y=-23 Z=2 FlatVerts=6 SlopeVerts=672
[+21:04:44.144] VoxelChunk: GenerateAsync (14,-21,2)
[+21:04:44.144] VoxelMesh: Chunk X=16 Y=-17 Z=-2 FlatVerts=0 SlopeVerts=0
[+21:04:44.144] VoxelMesh: Chunk X=14 Y=-21 Z=2 FlatVerts=102 SlopeVerts=822
[+21:04:44.144] VoxelChunk: GenerateAsync (17,-22,-5)
[+21:04:44.144] VoxelMesh: Chunk X=17 Y=-22 Z=-5 FlatVerts=0 SlopeVerts=0
[+21:04:44.151] VoxelMesh: Chunk X=20 Y=-19 Z=-2 FlatVerts=456 SlopeVerts=156
[+21:04:44.151] VoxelChunk: GenerateAsync (17,-16,1)
[+21:04:44.152] VoxelMesh: Chunk X=18 Y=-23 Z=-2 FlatVerts=0 SlopeVerts=0
[+21:04:44.152] VoxelMesh: Chunk X=17 Y=-16 Z=1 FlatVerts=456 SlopeVerts=156
[+21:04:44.152] VoxelChunk: GenerateAsync (17,-18,-5)
[+21:04:44.153] VoxelMesh: Chunk X=17 Y=-18 Z=-5 FlatVerts=0 SlopeVerts=0
[+21:04:44.153] VoxelMesh: Chunk X=19 Y=-23 Z=-2 FlatVerts=0 SlopeVerts=48
[+21:04:44.153] VoxelChunk: GenerateAsync (13,-20,1)
[+21:04:44.153] VoxelMesh: Chunk X=17 Y=-22 Z=-2 FlatVerts=0 SlopeVerts=0
[+21:04:44.154] VoxelMesh: Chunk X=13 Y=-20 Z=1 FlatVerts=0 SlopeVerts=48
[+21:04:44.154] VoxelChunk: GenerateAsync (19,-20,3)
[+21:04:44.154] VoxelMesh: Chunk X=19 Y=-20 Z=3 FlatVerts=0 SlopeVerts=0
[+21:04:44.160] VoxelMesh: Chunk X=15 Y=-23 Z=-2 FlatVerts=0 SlopeVerts=0
[+21:04:44.160] VoxelChunk: GenerateAsync (15,-20,-5)
[+21:04:44.160] VoxelMesh: Chunk X=17 Y=-18 Z=-2 FlatVerts=0 SlopeVerts=0
[+21:04:44.160] VoxelMesh: Chunk X=15 Y=-20 Z=-5 FlatVerts=0 SlopeVerts=0
[+21:04:44.160] VoxelChunk: GenerateAsync (19,-20,-5)
[+21:04:44.162] VoxelMesh: Chunk X=15 Y=-20 Z=-2 FlatVerts=96 SlopeVerts=102
[+21:04:44.162] VoxelMesh: Chunk X=19 Y=-20 Z=-5 FlatVerts=0 SlopeVerts=0
[+21:04:44.162] VoxelChunk: GenerateAsync (17,-24,1)
[+21:04:44.162] VoxelMesh: Chunk X=17 Y=-24 Z=1 FlatVerts=96 SlopeVerts=102
[+21:04:44.162] VoxelMesh: Chunk X=19 Y=-20 Z=-2 FlatVerts=492 SlopeVerts=84
[+21:04:44.163] VoxelChunk: GenerateAsync (21,-20,1)
[+21:04:44.163] VoxelMesh: Chunk X=21 Y=-20 Z=1 FlatVerts=492 SlopeVerts=84
[+21:04:44.169] VoxelMesh: Chunk X=19 Y=-19 Z=-2 FlatVerts=0 SlopeVerts=0
[+21:04:44.169] VoxelChunk: GenerateAsync (17,-22,3)
[+21:04:44.169] VoxelMesh: Chunk X=16 Y=-18 Z=-2 FlatVerts=0 SlopeVerts=306
[+21:04:44.169] VoxelMesh: Chunk X=17 Y=-22 Z=3 FlatVerts=0 SlopeVerts=0
[+21:04:44.169] VoxelChunk: GenerateAsync (17,-18,3)
[+21:04:44.170] VoxelMesh: Chunk X=18 Y=-18 Z=-2 FlatVerts=0 SlopeVerts=1314
[+21:04:44.170] VoxelMesh: Chunk X=17 Y=-18 Z=3 FlatVerts=0 SlopeVerts=306
[+21:04:44.170] VoxelChunk: GenerateAsync (15,-20,3)
[+21:04:44.171] VoxelMesh: Chunk X=15 Y=-19 Z=-2 FlatVerts=0 SlopeVerts=0
[+21:04:44.171] VoxelChunk: GenerateAsync (19,-21,-5)
[+21:04:44.171] VoxelMesh: Chunk X=15 Y=-20 Z=3 FlatVerts=0 SlopeVerts=1314
[+21:04:44.171] VoxelMesh: Chunk X=19 Y=-21 Z=-5 FlatVerts=0 SlopeVerts=0
[+21:04:44.178] VoxelMesh: Chunk X=16 Y=-22 Z=-2 FlatVerts=0 SlopeVerts=0
[+21:04:44.178] VoxelChunk: GenerateAsync (19,-19,-5)
[+21:04:44.179] VoxelMesh: Chunk X=19 Y=-21 Z=-2 FlatVerts=0 SlopeVerts=0
[+21:04:44.179] VoxelMesh: Chunk X=19 Y=-19 Z=-5 FlatVerts=0 SlopeVerts=0
[+21:04:44.179] VoxelChunk: GenerateAsync (15,-19,-5)
[+21:04:44.179] VoxelMesh: Chunk X=18 Y=-22 Z=-2 FlatVerts=450 SlopeVerts=0
[+21:04:44.179] VoxelMesh: Chunk X=15 Y=-19 Z=-5 FlatVerts=0 SlopeVerts=0
[+21:04:44.179] VoxelChunk: GenerateAsync (18,-16,1)
[+21:04:44.180] VoxelMesh: Chunk X=15 Y=-21 Z=-2 FlatVerts=0 SlopeVerts=0
[+21:04:44.180] VoxelMesh: Chunk X=18 Y=-16 Z=1 FlatVerts=450 SlopeVerts=0
[+21:04:44.180] VoxelChunk: GenerateAsync (21,-22,0)
[+21:04:44.180] VoxelMesh: Chunk X=21 Y=-22 Z=0 FlatVerts=0 SlopeVerts=0
[+21:04:44.187] VoxelMesh: Chunk X=19 Y=-18 Z=-2 FlatVerts=0 SlopeVerts=0
[+21:04:44.187] VoxelChunk: GenerateAsync (16,-22,-5)
[+21:04:44.188] VoxelMesh: Chunk X=15 Y=-18 Z=-2 FlatVerts=240 SlopeVerts=492
[+21:04:44.188] VoxelMesh: Chunk X=16 Y=-22 Z=-5 FlatVerts=0 SlopeVerts=0
[+21:04:44.188] VoxelChunk: GenerateAsync (16,-16,1)
[+21:04:44.188] VoxelMesh: Chunk X=19 Y=-22 Z=-2 FlatVerts=0 SlopeVerts=0
[+21:04:44.188] VoxelMesh: Chunk X=16 Y=-16 Z=1 FlatVerts=240 SlopeVerts=492
[+21:04:44.188] VoxelChunk: GenerateAsync (18,-18,-5)
[+21:04:44.189] VoxelMesh: Chunk X=15 Y=-22 Z=-2 FlatVerts=0 SlopeVerts=0
[+21:04:44.189] VoxelMesh: Chunk X=18 Y=-18 Z=-5 FlatVerts=0 SlopeVerts=0
[+21:04:44.189] VoxelChunk: GenerateAsync (18,-22,-5)
[+21:04:44.189] VoxelMesh: Chunk X=18 Y=-22 Z=-5 FlatVerts=0 SlopeVerts=0
[+21:04:44.195] VoxelMesh: Chunk X=14 Y=-20 Z=-2 FlatVerts=0 SlopeVerts=0
[+21:04:44.195] VoxelChunk: GenerateAsync (16,-18,-5)
[+21:04:44.195] VoxelMesh: Chunk X=17 Y=-23 Z=-2 FlatVerts=0 SlopeVerts=0
[+21:04:44.195] VoxelMesh: Chunk X=16 Y=-18 Z=-5 FlatVerts=0 SlopeVerts=0
[+21:04:44.195] VoxelChunk: GenerateAsync (15,-21,-5)
[+21:04:44.195] VoxelMesh: Chunk X=15 Y=-21 Z=-5 FlatVerts=0 SlopeVerts=0
[+21:04:44.196] VoxelMesh: Chunk X=20 Y=-20 Z=-2 FlatVerts=0 SlopeVerts=0
[+21:04:44.196] VoxelChunk: GenerateAsync (19,-21,3)
[+21:04:44.196] VoxelMesh: Chunk X=17 Y=-17 Z=-2 FlatVerts=0 SlopeVerts=0
[+21:04:44.196] VoxelMesh: Chunk X=19 Y=-21 Z=3 FlatVerts=0 SlopeVerts=0
[+21:04:44.196] VoxelChunk: GenerateAsync (13,-22,0)
[+21:04:44.197] VoxelMesh: Chunk X=13 Y=-22 Z=0 FlatVerts=0 SlopeVerts=0
[+21:04:44.203] VoxelMesh: Chunk X=17 Y=-20 Z=-2 FlatVerts=0 SlopeVerts=0
[+21:04:44.204] VoxelChunk: GenerateAsync (15,-24,0)
[+21:04:44.204] VoxelMesh: Chunk X=17 Y=-21 Z=-2 FlatVerts=0 SlopeVerts=0
[+21:04:44.204] VoxelMesh: Chunk X=15 Y=-24 Z=0 FlatVerts=0 SlopeVerts=0
[+21:04:44.204] VoxelChunk: GenerateAsync (13,-21,1)
[+21:04:44.204] VoxelMesh: Chunk X=17 Y=-19 Z=-2 FlatVerts=432 SlopeVerts=0
[+21:04:44.205] VoxelMesh: Chunk X=13 Y=-21 Z=1 FlatVerts=0 SlopeVerts=0
[+21:04:44.205] VoxelChunk: GenerateAsync (21,-21,1)
[+21:04:44.205] VoxelMesh: Chunk X=16 Y=-20 Z=-2 FlatVerts=60 SlopeVerts=90
[+21:04:44.205] VoxelMesh: Chunk X=21 Y=-21 Z=1 FlatVerts=432 SlopeVerts=0
[+21:04:44.205] VoxelChunk: GenerateAsync (21,-19,1)
[+21:04:44.205] VoxelMesh: Chunk X=21 Y=-19 Z=1 FlatVerts=60 SlopeVerts=90
[+21:04:44.212] VoxelMesh: Chunk X=18 Y=-20 Z=-2 FlatVerts=6 SlopeVerts=1206
[+21:04:44.212] VoxelChunk: GenerateAsync (15,-19,3)
[+21:04:44.212] VoxelMesh: Chunk X=18 Y=-21 Z=-2 FlatVerts=12 SlopeVerts=1704
[+21:04:44.212] VoxelMesh: Chunk X=15 Y=-19 Z=3 FlatVerts=6 SlopeVerts=1206
[+21:04:44.212] VoxelChunk: GenerateAsync (15,-21,3)
[+21:04:44.213] VoxelMesh: Chunk X=18 Y=-19 Z=-2 FlatVerts=114 SlopeVerts=264
[+21:04:44.213] VoxelChunk: GenerateAsync (18,-24,1)
[+21:04:44.213] VoxelMesh: Chunk X=15 Y=-21 Z=3 FlatVerts=12 SlopeVerts=1704
[+21:04:44.213] VoxelMesh: Chunk X=16 Y=-19 Z=-2 FlatVerts=0 SlopeVerts=0
[+21:04:44.213] VoxelMesh: Chunk X=18 Y=-24 Z=1 FlatVerts=114 SlopeVerts=264
[+21:04:44.213] VoxelChunk: GenerateAsync (13,-18,0)
[+21:04:44.213] VoxelMesh: Chunk X=13 Y=-18 Z=0 FlatVerts=0 SlopeVerts=0
[+21:04:44.220] VoxelMesh: Chunk X=16 Y=-21 Z=-2 FlatVerts=6 SlopeVerts=744
[+21:04:44.220] VoxelChunk: GenerateAsync (18,-22,3)
[+21:04:44.222] VoxelMesh: Chunk X=18 Y=-22 Z=3 FlatVerts=6 SlopeVerts=744
[+21:04:44.224] VoxelMesh: Chunk X=0 Y=0 Z=0 FlatVerts=6906 SlopeVerts=1068
[+21:04:44.225] VoxelChunk: GenerateAsync (21,-18,0)
[+21:04:44.227] VoxelMesh: Chunk X=21 Y=-18 Z=0 FlatVerts=0 SlopeVerts=0
[+21:04:44.230] VoxelMesh: Chunk X=0 Y=0 Z=0 FlatVerts=7974 SlopeVerts=6330
[+21:04:44.232] VoxelChunk: GenerateAsync (16,-24,1)
[+21:04:44.236] VoxelMesh: Chunk X=16 Y=-24 Z=1 FlatVerts=0 SlopeVerts=0
[+21:04:44.238] VoxelMesh: Chunk X=0 Y=0 Z=0 FlatVerts=3306 SlopeVerts=1368
[+21:04:44.239] VoxelChunk: GenerateAsync (19,-24,0)
[+21:04:44.241] VoxelMesh: Chunk X=19 Y=-24 Z=0 FlatVerts=0 SlopeVerts=0
[+21:04:44.254] VoxelMesh: Chunk X=0 Y=0 Z=0 FlatVerts=0 SlopeVerts=8286
[+21:04:44.255] VoxelChunk: GenerateAsync (16,-22,3)
[+21:04:44.257] VoxelMesh: Chunk X=16 Y=-22 Z=3 FlatVerts=0 SlopeVerts=444
[+21:04:44.260] VoxelMesh: Chunk X=0 Y=0 Z=0 FlatVerts=810 SlopeVerts=6954
[+21:04:44.261] VoxelChunk: GenerateAsync (13,-19,1)
[+21:04:44.262] VoxelMesh: Chunk X=13 Y=-19 Z=1 FlatVerts=1482 SlopeVerts=906
[+21:04:44.266] VoxelMesh: Chunk X=0 Y=0 Z=0 FlatVerts=0 SlopeVerts=0
[+21:04:44.267] VoxelChunk: GenerateAsync (18,-18,3)
[+21:04:44.270] VoxelMesh: Chunk X=18 Y=-18 Z=3 FlatVerts=0 SlopeVerts=42
[+21:04:44.273] VoxelMesh: Chunk X=0 Y=0 Z=0 FlatVerts=0 SlopeVerts=0
[+21:04:44.273] VoxelChunk: GenerateAsync (15,-16,0)
[+21:04:44.274] VoxelMesh: Chunk X=15 Y=-16 Z=0 FlatVerts=0 SlopeVerts=0
[+21:04:44.280] VoxelMesh: Chunk X=0 Y=2 Z=2 FlatVerts=0 SlopeVerts=0
[+21:04:44.281] VoxelChunk: GenerateAsync (3,3,-4)
[+21:04:44.282] VoxelMesh: Chunk X=3 Y=3 Z=-4 FlatVerts=0 SlopeVerts=0
[+21:04:44.286] VoxelMesh: Chunk X=0 Y=0 Z=0 FlatVerts=2184 SlopeVerts=1938
[+21:04:44.287] VoxelChunk: GenerateAsync (19,-16,0)
[+21:04:44.289] VoxelMesh: Chunk X=19 Y=-16 Z=0 FlatVerts=0 SlopeVerts=0
[+21:04:44.294] VoxelMesh: Chunk X=0 Y=0 Z=0 FlatVerts=282 SlopeVerts=18948
[+21:04:44.295] VoxelChunk: GenerateAsync (16,-18,3)
[+21:04:44.297] VoxelMesh: Chunk X=16 Y=-18 Z=3 FlatVerts=12 SlopeVerts=5232
[+21:04:44.301] VoxelMesh: Chunk X=0 Y=0 Z=0 FlatVerts=0 SlopeVerts=2856
[+21:04:44.301] VoxelChunk: GenerateAsync (19,-19,3)
[+21:04:44.303] VoxelMesh: Chunk X=19 Y=-19 Z=3 FlatVerts=0 SlopeVerts=0
[+21:04:44.307] VoxelMesh: Chunk X=0 Y=0 Z=0 FlatVerts=60 SlopeVerts=2748
[+21:04:44.307] VoxelChunk: GenerateAsync (14,-18,2)
[+21:04:44.309] VoxelMesh: Chunk X=14 Y=-18 Z=2 FlatVerts=84 SlopeVerts=948
[+21:04:44.321] VoxelMesh: Chunk X=0 Y=0 Z=0 FlatVerts=0 SlopeVerts=10920
[+21:04:44.322] VoxelChunk: GenerateAsync (20,-22,2)
[+21:04:44.323] VoxelMesh: Chunk X=20 Y=-22 Z=2 FlatVerts=0 SlopeVerts=1956
[+21:04:44.327] VoxelMesh: Chunk X=0 Y=0 Z=0 FlatVerts=54 SlopeVerts=5496
[+21:04:44.328] VoxelChunk: GenerateAsync (20,-23,1)
[+21:04:44.329] VoxelMesh: Chunk X=20 Y=-23 Z=1 FlatVerts=0 SlopeVerts=0
[+21:04:44.332] VoxelMesh: Chunk X=0 Y=0 Z=0 FlatVerts=4836 SlopeVerts=8418
[+21:04:44.334] VoxelChunk: GenerateAsync (14,-23,1)
[+21:04:44.335] VoxelMesh: Chunk X=14 Y=-23 Z=1 FlatVerts=0 SlopeVerts=0
[+21:04:44.340] VoxelMesh: Chunk X=0 Y=0 Z=0 FlatVerts=0 SlopeVerts=0
[+21:04:44.340] VoxelChunk: GenerateAsync (14,-17,1)
[+21:04:44.342] VoxelMesh: Chunk X=14 Y=-17 Z=1 FlatVerts=1890 SlopeVerts=252
[+21:04:44.356] VoxelMesh: Chunk X=0 Y=0 Z=0 FlatVerts=3126 SlopeVerts=8058
[+21:04:44.356] VoxelChunk: GenerateAsync (20,-17,1)
[+21:04:44.357] VoxelMesh: Chunk X=20 Y=-17 Z=1 FlatVerts=1536 SlopeVerts=516
[+21:04:44.362] VoxelMesh: Chunk X=0 Y=0 Z=0 FlatVerts=582 SlopeVerts=16488
[+21:04:44.363] VoxelChunk: GenerateAsync (14,-22,2)
[+21:04:44.366] VoxelMesh: Chunk X=14 Y=-22 Z=2 FlatVerts=0 SlopeVerts=348
[+21:04:44.369] VoxelMesh: Chunk X=0 Y=0 Z=0 FlatVerts=0 SlopeVerts=9618
[+21:04:44.370] VoxelChunk: GenerateAsync (19,-23,2)
[+21:04:44.370] VoxelMesh: Chunk X=19 Y=-23 Z=2 FlatVerts=0 SlopeVerts=72
[+21:04:44.376] VoxelMesh: Chunk X=0 Y=0 Z=0 FlatVerts=0 SlopeVerts=2868
[+21:04:44.376] VoxelChunk: GenerateAsync (20,-18,2)
[+21:04:44.378] VoxelMesh: Chunk X=20 Y=-18 Z=2 FlatVerts=222 SlopeVerts=1620
[+21:04:44.385] VoxelMesh: Chunk X=-2 Y=2 Z=2 FlatVerts=0 SlopeVerts=0
[+21:04:44.386] VoxelChunk: GenerateAsync (2,0,-4)
[+21:04:44.387] VoxelMesh: Chunk X=2 Y=0 Z=-4 FlatVerts=0 SlopeVerts=0
[+21:04:44.391] VoxelMesh: Chunk X=0 Y=0 Z=0 FlatVerts=0 SlopeVerts=0
[+21:04:44.392] VoxelChunk: GenerateAsync (14,-22,-4)
[+21:04:44.393] VoxelMesh: Chunk X=14 Y=-22 Z=-4 FlatVerts=0 SlopeVerts=0
[+21:04:44.396] VoxelMesh: Chunk X=0 Y=0 Z=0 FlatVerts=84 SlopeVerts=10482
[+21:04:44.397] VoxelChunk: GenerateAsync (15,-17,2)
[+21:04:44.399] VoxelMesh: Chunk X=15 Y=-17 Z=2 FlatVerts=192 SlopeVerts=2724
[+21:04:44.400] VoxelMesh: Chunk X=0 Y=0 Z=0 FlatVerts=0 SlopeVerts=0
[+21:04:44.400] VoxelChunk: GenerateAsync (14,-18,-4)
[+21:04:44.403] VoxelMesh: Chunk X=14 Y=-18 Z=-4 FlatVerts=0 SlopeVerts=0
[+21:04:44.407] VoxelMesh: Chunk X=0 Y=0 Z=0 FlatVerts=0 SlopeVerts=0
[+21:04:44.408] VoxelChunk: GenerateAsync (20,-23,-3)
[+21:04:44.409] VoxelMesh: Chunk X=20 Y=-23 Z=-3 FlatVerts=0 SlopeVerts=0
[+21:04:44.420] VoxelMesh: Chunk X=0 Y=0 Z=0 FlatVerts=0 SlopeVerts=0
[+21:04:44.422] VoxelChunk: GenerateAsync (14,-23,-3)
[+21:04:44.424] VoxelMesh: Chunk X=14 Y=-23 Z=-3 FlatVerts=0 SlopeVerts=0
[+21:04:44.427] VoxelMesh: Chunk X=0 Y=0 Z=0 FlatVerts=678 SlopeVerts=8454
[+21:04:44.427] VoxelChunk: GenerateAsync (19,-17,2)
[+21:04:44.430] VoxelMesh: Chunk X=19 Y=-17 Z=2 FlatVerts=0 SlopeVerts=0
[+21:04:44.433] VoxelMesh: Chunk X=0 Y=0 Z=0 FlatVerts=0 SlopeVerts=0
[+21:04:44.434] VoxelChunk: GenerateAsync (20,-18,-4)
[+21:04:44.435] VoxelMesh: Chunk X=20 Y=-18 Z=-4 FlatVerts=0 SlopeVerts=0
[+21:04:44.437] VoxelMesh: Chunk X=0 Y=0 Z=0 FlatVerts=0 SlopeVerts=0
[+21:04:44.437] VoxelChunk: GenerateAsync (15,-17,-4)
[+21:04:44.439] VoxelMesh: Chunk X=15 Y=-17 Z=-4 FlatVerts=0 SlopeVerts=0
[+21:04:44.453] VoxelMesh: Chunk X=0 Y=0 Z=0 FlatVerts=0 SlopeVerts=0
[+21:04:44.454] VoxelChunk: GenerateAsync (20,-17,-3)
[+21:04:44.456] VoxelMesh: Chunk X=20 Y=-17 Z=-3 FlatVerts=0 SlopeVerts=0
[+21:04:44.458] VoxelMesh: Chunk X=0 Y=0 Z=0 FlatVerts=0 SlopeVerts=0
[+21:04:44.458] VoxelChunk: GenerateAsync (20,-22,-4)
[+21:04:44.460] VoxelMesh: Chunk X=20 Y=-22 Z=-4 FlatVerts=0 SlopeVerts=0
[+21:04:44.462] VoxelMesh: Chunk X=0 Y=0 Z=0 FlatVerts=0 SlopeVerts=0
[+21:04:44.462] VoxelChunk: GenerateAsync (14,-17,-3)
[+21:04:44.465] VoxelMesh: Chunk X=14 Y=-17 Z=-3 FlatVerts=0 SlopeVerts=0
[+21:04:44.468] VoxelMesh: Chunk X=0 Y=0 Z=0 FlatVerts=0 SlopeVerts=0
[+21:04:44.468] VoxelChunk: GenerateAsync (19,-17,-4)
[+21:04:44.470] VoxelMesh: Chunk X=19 Y=-17 Z=-4 FlatVerts=0 SlopeVerts=0
[+21:04:44.482] VoxelMesh: Chunk X=0 Y=0 Z=0 FlatVerts=498 SlopeVerts=11922
[+21:04:44.483] VoxelChunk: GenerateAsync (15,-23,2)
[+21:04:44.485] VoxelMesh: Chunk X=15 Y=-23 Z=2 FlatVerts=456 SlopeVerts=4530
[+21:04:44.488] VoxelMesh: Chunk X=0 Y=0 Z=0 FlatVerts=0 SlopeVerts=0
[+21:04:44.488] VoxelChunk: GenerateAsync (19,-23,-4)
[+21:04:44.490] VoxelMesh: Chunk X=19 Y=-23 Z=-4 FlatVerts=0 SlopeVerts=0
[+21:04:44.495] VoxelMesh: Chunk X=0 Y=0 Z=0 FlatVerts=0 SlopeVerts=0
[+21:04:44.495] VoxelChunk: GenerateAsync (15,-23,-4)
[+21:04:44.497] VoxelMesh: Chunk X=15 Y=-23 Z=-4 FlatVerts=0 SlopeVerts=0
[+21:04:44.501] VoxelMesh: Chunk X=0 Y=0 Z=0 FlatVerts=228 SlopeVerts=14232
[+21:04:44.503] VoxelChunk: GenerateAsync (15,-22,3)
[+21:04:44.504] VoxelMesh: Chunk X=15 Y=-22 Z=3 FlatVerts=30 SlopeVerts=6588
[+21:04:44.513] VoxelMesh: Chunk X=-1 Y=1 Z=2 FlatVerts=0 SlopeVerts=0
[+21:04:44.513] VoxelChunk: GenerateAsync (-2,-1,-4)
[+21:04:44.514] VoxelMesh: Chunk X=-2 Y=-1 Z=-4 FlatVerts=0 SlopeVerts=0
[+21:04:44.521] VoxelMesh: Chunk X=0 Y=0 Z=0 FlatVerts=42 SlopeVerts=1830
[+21:04:44.522] VoxelChunk: GenerateAsync (13,-18,1)
[+21:04:44.523] VoxelMesh: Chunk X=13 Y=-18 Z=1 FlatVerts=1860 SlopeVerts=0
[+21:04:44.528] VoxelMesh: Chunk X=0 Y=0 Z=0 FlatVerts=0 SlopeVerts=0
[+21:04:44.528] VoxelChunk: GenerateAsync (19,-18,-5)
[+21:04:44.529] VoxelMesh: Chunk X=19 Y=-18 Z=-5 FlatVerts=0 SlopeVerts=0
[+21:04:44.530] VoxelMesh: Chunk X=0 Y=0 Z=0 FlatVerts=0 SlopeVerts=0
[+21:04:44.531] VoxelChunk: GenerateAsync (15,-18,-5)
[+21:04:44.531] VoxelMesh: Chunk X=15 Y=-18 Z=-5 FlatVerts=0 SlopeVerts=0
[+21:04:44.535] VoxelMesh: Chunk X=0 Y=0 Z=0 FlatVerts=1434 SlopeVerts=10908
[+21:04:44.536] VoxelChunk: GenerateAsync (19,-22,3)
[+21:04:44.538] VoxelMesh: Chunk X=19 Y=-22 Z=3 FlatVerts=0 SlopeVerts=2736
[+21:04:44.549] VoxelMesh: Chunk X=0 Y=0 Z=0 FlatVerts=0 SlopeVerts=0
[+21:04:44.549] VoxelChunk: GenerateAsync (19,-22,-5)
[+21:04:44.551] VoxelMesh: Chunk X=19 Y=-22 Z=-5 FlatVerts=0 SlopeVerts=0
[+21:04:44.555] VoxelMesh: Chunk X=0 Y=0 Z=0 FlatVerts=3306 SlopeVerts=5646
[+21:04:44.556] VoxelChunk: GenerateAsync (19,-24,1)
[+21:04:44.557] VoxelMesh: Chunk X=19 Y=-24 Z=1 FlatVerts=1056 SlopeVerts=1080
[+21:04:44.561] VoxelMesh: Chunk X=0 Y=0 Z=0 FlatVerts=198 SlopeVerts=3006
[+21:04:44.562] VoxelChunk: GenerateAsync (13,-22,1)
[+21:04:44.563] VoxelMesh: Chunk X=13 Y=-22 Z=1 FlatVerts=0 SlopeVerts=0
[+21:04:44.567] VoxelMesh: Chunk X=0 Y=0 Z=0 FlatVerts=6954 SlopeVerts=2106
[+21:04:44.568] VoxelChunk: GenerateAsync (21,-18,1)
[+21:04:44.569] VoxelMesh: Chunk X=21 Y=-18 Z=1 FlatVerts=0 SlopeVerts=0
[+21:04:44.582] VoxelMesh: Chunk X=0 Y=0 Z=0 FlatVerts=3510 SlopeVerts=6630
[+21:04:44.583] VoxelChunk: GenerateAsync (21,-22,1)
[+21:04:44.584] VoxelMesh: Chunk X=21 Y=-22 Z=1 FlatVerts=1782 SlopeVerts=348
[+21:04:44.589] VoxelMesh: Chunk X=0 Y=0 Z=0 FlatVerts=0 SlopeVerts=120
[+21:04:44.590] VoxelChunk: GenerateAsync (19,-18,3)
[+21:04:44.591] VoxelMesh: Chunk X=19 Y=-18 Z=3 FlatVerts=0 SlopeVerts=0
[+21:04:44.593] VoxelMesh: Chunk X=0 Y=0 Z=0 FlatVerts=2184 SlopeVerts=7860
[+21:04:44.595] VoxelChunk: GenerateAsync (19,-16,1)
[+21:04:44.596] VoxelMesh: Chunk X=19 Y=-16 Z=1 FlatVerts=1794 SlopeVerts=0
[+21:04:44.602] VoxelMesh: Chunk X=0 Y=0 Z=0 FlatVerts=372 SlopeVerts=28314
[+21:04:44.604] VoxelChunk: GenerateAsync (15,-18,3)
[+21:04:44.606] VoxelMesh: Chunk X=15 Y=-18 Z=3 FlatVerts=18 SlopeVerts=3672
[+21:04:44.613] VoxelMesh: Chunk X=1 Y=-1 Z=2 FlatVerts=0 SlopeVerts=0
[+21:04:44.613] VoxelChunk: GenerateAsync (3,0,-4)
[+21:04:44.615] VoxelMesh: Chunk X=3 Y=0 Z=-4 FlatVerts=0 SlopeVerts=0
[+21:04:44.618] VoxelChunk: GenerateAsync (18,-19,0)
[+21:04:44.618] VoxelChunk: GenerateAsync (16,-19,0)
[+21:04:44.618] VoxelChunk: GenerateAsync (18,-22,3)
[+21:04:44.618] VoxelChunk: GenerateAsync (18,-21,0)
[+21:04:44.618] VoxelChunk: GenerateAsync (13,-18,0)
[+21:04:44.618] VoxelChunk: GenerateAsync (18,-24,1)
[+21:04:44.618] VoxelChunk: GenerateAsync (15,-21,3)
[+21:04:44.618] VoxelChunk: GenerateAsync (16,-21,0)
[+21:04:44.618] VoxelChunk: GenerateAsync (16,-20,0)
[+21:04:44.618] VoxelChunk: GenerateAsync (17,-19,0)
[+21:04:44.618] VoxelChunk: GenerateAsync (18,-20,0)
[+21:04:44.618] VoxelChunk: GenerateAsync (15,-19,3)
[+21:04:44.618] VoxelMesh: Chunk X=18 Y=-19 Z=0 FlatVerts=0 SlopeVerts=0
[+21:04:44.618] VoxelChunk: GenerateAsync (17,-21,0)
[+21:04:44.618] VoxelChunk: GenerateAsync (21,-19,1)
[+21:04:44.618] VoxelMesh: Chunk X=13 Y=-18 Z=0 FlatVerts=0 SlopeVerts=0
[+21:04:44.618] VoxelChunk: GenerateAsync (21,-21,1)
[+21:04:44.618] VoxelChunk: GenerateAsync (13,-21,1)
[+21:04:44.618] VoxelMesh: Chunk X=18 Y=-22 Z=3 FlatVerts=0 SlopeVerts=162
[+21:04:44.618] VoxelMesh: Chunk X=18 Y=-21 Z=0 FlatVerts=0 SlopeVerts=0
[+21:04:44.618] VoxelChunk: GenerateAsync (15,-24,0)
[+21:04:44.618] VoxelChunk: GenerateAsync (17,-20,0)
[+21:04:44.618] VoxelMesh: Chunk X=18 Y=-24 Z=1 FlatVerts=12 SlopeVerts=60
[+21:04:44.618] VoxelChunk: GenerateAsync (13,-22,0)
[+21:04:44.618] VoxelMesh: Chunk X=16 Y=-19 Z=0 FlatVerts=0 SlopeVerts=0
[+21:04:44.618] VoxelChunk: GenerateAsync (19,-21,3)
[+21:04:44.618] VoxelChunk: GenerateAsync (17,-19,-4)
[+21:04:44.618] VoxelChunk: GenerateAsync (17,-21,-4)
[+21:04:44.618] VoxelChunk: GenerateAsync (18,-20,-4)
[+21:04:44.618] VoxelChunk: GenerateAsync (17,-19,-5)
[+21:04:44.618] VoxelChunk: GenerateAsync (16,-16,1)
[+21:04:44.618] VoxelChunk: GenerateAsync (17,-20,-4)
[+21:04:44.618] VoxelChunk: GenerateAsync (21,-22,0)
[+21:04:44.618] VoxelChunk: GenerateAsync (18,-16,1)
[+21:04:44.618] VoxelMesh: Chunk X=18 Y=-20 Z=0 FlatVerts=0 SlopeVerts=0
[+21:04:44.618] VoxelChunk: GenerateAsync (19,-21,0)
[+21:04:44.618] VoxelChunk: GenerateAsync (16,-22,0)
[+21:04:44.618] VoxelChunk: GenerateAsync (15,-20,3)
[+21:04:44.618] VoxelMesh: Chunk X=17 Y=-21 Z=0 FlatVerts=0 SlopeVerts=0
[+21:04:44.618] VoxelChunk: GenerateAsync (18,-22,0)
[+21:04:44.618] VoxelMesh: Chunk X=16 Y=-21 Z=0 FlatVerts=0 SlopeVerts=0
[+21:04:44.618] VoxelChunk: GenerateAsync (17,-18,3)
[+21:04:44.618] VoxelMesh: Chunk X=21 Y=-19 Z=1 FlatVerts=42 SlopeVerts=0
[+21:04:44.618] VoxelChunk: GenerateAsync (15,-21,0)
[+21:04:44.619] VoxelMesh: Chunk X=17 Y=-19 Z=0 FlatVerts=0 SlopeVerts=0
[+21:04:44.619] VoxelChunk: GenerateAsync (17,-22,3)
[+21:04:44.619] VoxelMesh: Chunk X=21 Y=-21 Z=1 FlatVerts=114 SlopeVerts=0
[+21:04:44.619] VoxelChunk: GenerateAsync (21,-20,1)
[+21:04:44.619] VoxelMesh: Chunk X=15 Y=-21 Z=3 FlatVerts=30 SlopeVerts=300
[+21:04:44.619] VoxelChunk: GenerateAsync (17,-24,1)
[+21:04:44.619] VoxelMesh: Chunk X=15 Y=-19 Z=3 FlatVerts=12 SlopeVerts=270
[+21:04:44.619] VoxelChunk: GenerateAsync (15,-20,0)
[+21:04:44.619] VoxelMesh: Chunk X=16 Y=-20 Z=0 FlatVerts=0 SlopeVerts=0
[+21:04:44.619] VoxelChunk: GenerateAsync (19,-20,0)
[+21:04:44.619] VoxelChunk: GenerateAsync (19,-20,3)
[+21:04:44.619] VoxelChunk: GenerateAsync (17,-22,0)
[+21:04:44.619] VoxelChunk: GenerateAsync (16,-20,-4)
[+21:04:44.619] VoxelChunk: GenerateAsync (18,-22,-4)
[+21:04:44.619] VoxelMesh: Chunk X=13 Y=-21 Z=1 FlatVerts=0 SlopeVerts=0
[+21:04:44.619] VoxelChunk: GenerateAsync (13,-20,1)
[+21:04:44.619] VoxelChunk: GenerateAsync (18,-19,-4)
[+21:04:44.619] VoxelChunk: GenerateAsync (16,-19,-4)
[+21:04:44.619] VoxelChunk: GenerateAsync (17,-16,1)
[+21:04:44.619] VoxelMesh: Chunk X=17 Y=-20 Z=0 FlatVerts=0 SlopeVerts=0
[+21:04:44.619] VoxelMesh: Chunk X=15 Y=-24 Z=0 FlatVerts=0 SlopeVerts=0
[+21:04:44.619] VoxelChunk: GenerateAsync (14,-21,2)
[+21:04:44.619] VoxelMesh: Chunk X=19 Y=-21 Z=3 FlatVerts=0 SlopeVerts=0
[+21:04:44.619] VoxelChunk: GenerateAsync (18,-23,2)
[+21:04:44.619] VoxelChunk: GenerateAsync (18,-17,2)
[+21:04:44.619] VoxelChunk: GenerateAsync (20,-21,2)
[+21:04:44.619] VoxelMesh: Chunk X=13 Y=-22 Z=0 FlatVerts=0 SlopeVerts=0
[+21:04:44.619] VoxelChunk: GenerateAsync (16,-23,2)
[+21:04:44.619] VoxelChunk: GenerateAsync (16,-21,-4)
[+21:04:44.619] VoxelChunk: GenerateAsync (18,-21,-4)
[+21:04:44.619] VoxelChunk: GenerateAsync (19,-20,-4)
[+21:04:44.619] VoxelChunk: GenerateAsync (15,-20,-4)
[+21:04:44.619] VoxelChunk: GenerateAsync (17,-22,-4)
[+21:04:44.619] VoxelChunk: GenerateAsync (20,-19,-4)
[+21:04:44.619] VoxelChunk: GenerateAsync (19,-21,-4)
[+21:04:44.619] VoxelChunk: GenerateAsync (16,-22,-4)
[+21:04:44.619] VoxelMesh: Chunk X=21 Y=-22 Z=0 FlatVerts=0 SlopeVerts=0
[+21:04:44.619] VoxelChunk: GenerateAsync (15,-21,-4)
[+21:04:44.619] VoxelChunk: GenerateAsync (16,-19,-5)
[+21:04:44.619] VoxelChunk: GenerateAsync (18,-19,-5)
[+21:04:44.619] VoxelChunk: GenerateAsync (18,-23,-4)
[+21:04:44.619] VoxelChunk: GenerateAsync (16,-23,-4)
[+21:04:44.619] VoxelChunk: GenerateAsync (21,-18,0)
[+21:04:44.619] VoxelChunk: GenerateAsync (16,-24,1)
[+21:04:44.619] VoxelMesh: Chunk X=16 Y=-16 Z=1 FlatVerts=42 SlopeVerts=108
[+21:04:44.619] VoxelChunk: GenerateAsync (19,-24,0)
[+21:04:44.619] VoxelChunk: GenerateAsync (16,-22,3)
[+21:04:44.619] VoxelMesh: Chunk X=18 Y=-16 Z=1 FlatVerts=96 SlopeVerts=0
[+21:04:44.619] VoxelChunk: GenerateAsync (13,-19,1)
[+21:04:44.619] VoxelMesh: Chunk X=19 Y=-21 Z=0 FlatVerts=0 SlopeVerts=0
[+21:04:44.619] VoxelChunk: GenerateAsync (18,-18,3)
[+21:04:44.619] VoxelChunk: GenerateAsync (15,-16,0)
[+21:04:44.619] VoxelChunk: GenerateAsync (19,-16,0)
[+21:04:44.619] VoxelChunk: GenerateAsync (16,-18,3)
[+21:04:44.619] VoxelMesh: Chunk X=17 Y=-19 Z=-5 FlatVerts=0 SlopeVerts=0
[+21:04:44.619] VoxelChunk: GenerateAsync (19,-19,3)
[+21:04:44.619] VoxelChunk: GenerateAsync (14,-18,2)
[+21:04:44.619] VoxelChunk: GenerateAsync (20,-22,2)
[+21:04:44.619] VoxelChunk: GenerateAsync (20,-23,1)
[+21:04:44.619] VoxelChunk: GenerateAsync (14,-23,1)
[+21:04:44.620] VoxelMesh: Chunk X=18 Y=-22 Z=0 FlatVerts=0 SlopeVerts=0
[+21:04:44.620] VoxelChunk: GenerateAsync (14,-17,1)
[+21:04:44.620] VoxelChunk: GenerateAsync (20,-17,1)
[+21:04:44.620] VoxelChunk: GenerateAsync (14,-22,2)
[+21:04:44.620] VoxelChunk: GenerateAsync (19,-23,2)
[+21:04:44.620] VoxelMesh: Chunk X=16 Y=-22 Z=0 FlatVerts=0 SlopeVerts=0
[+21:04:44.620] VoxelMesh: Chunk X=17 Y=-19 Z=-4 FlatVerts=0 SlopeVerts=0
[+21:04:44.620] VoxelMesh: Chunk X=15 Y=-20 Z=3 FlatVerts=18 SlopeVerts=234
[+21:04:44.620] VoxelChunk: GenerateAsync (20,-18,2)
[+21:04:44.620] VoxelChunk: GenerateAsync (14,-22,-4)
[+21:04:44.620] VoxelChunk: GenerateAsync (15,-17,2)
[+21:04:44.620] VoxelChunk: GenerateAsync (14,-18,-4)
[+21:04:44.620] VoxelMesh: Chunk X=18 Y=-20 Z=-4 FlatVerts=0 SlopeVerts=0
[+21:04:44.620] VoxelMesh: Chunk X=17 Y=-21 Z=-4 FlatVerts=0 SlopeVerts=0
[+21:04:44.620] VoxelMesh: Chunk X=17 Y=-24 Z=1 FlatVerts=0 SlopeVerts=24
[+21:04:44.620] VoxelMesh: Chunk X=21 Y=-20 Z=1 FlatVerts=132 SlopeVerts=6
[+21:04:44.620] VoxelMesh: Chunk X=17 Y=-18 Z=3 FlatVerts=0 SlopeVerts=78
[+21:04:44.620] VoxelChunk: GenerateAsync (19,-17,2)
[+21:04:44.620] VoxelChunk: GenerateAsync (20,-18,-4)
[+21:04:44.620] VoxelMesh: Chunk X=15 Y=-21 Z=0 FlatVerts=0 SlopeVerts=0
[+21:04:44.620] VoxelChunk: GenerateAsync (15,-17,-4)
[+21:04:44.620] VoxelChunk: GenerateAsync (20,-22,-4)
[+21:04:44.620] VoxelChunk: GenerateAsync (19,-17,-4)
[+21:04:44.620] VoxelMesh: Chunk X=17 Y=-20 Z=-4 FlatVerts=0 SlopeVerts=0
[+21:04:44.620] VoxelChunk: GenerateAsync (15,-23,2)
[+21:04:44.620] VoxelMesh: Chunk X=17 Y=-22 Z=0 FlatVerts=0 SlopeVerts=0
[+21:04:44.620] VoxelChunk: GenerateAsync (19,-23,-4)
[+21:04:44.620] VoxelChunk: GenerateAsync (15,-23,-4)
[+21:04:44.620] VoxelMesh: Chunk X=17 Y=-22 Z=3 FlatVerts=0 SlopeVerts=0
[+21:04:44.620] VoxelChunk: GenerateAsync (15,-22,3)
[+21:04:44.620] VoxelMesh: Chunk X=15 Y=-20 Z=0 FlatVerts=0 SlopeVerts=0
[+21:04:44.620] VoxelChunk: GenerateAsync (13,-18,1)
[+21:04:44.620] VoxelChunk: GenerateAsync (19,-18,-5)
[+21:04:44.620] VoxelChunk: GenerateAsync (15,-18,-5)
[+21:04:44.620] VoxelChunk: GenerateAsync (19,-22,3)
[+21:04:44.620] VoxelChunk: GenerateAsync (19,-22,-5)
[+21:04:44.620] VoxelMesh: Chunk X=19 Y=-20 Z=3 FlatVerts=0 SlopeVerts=0
[+21:04:44.620] VoxelChunk: GenerateAsync (19,-24,1)
[+21:04:44.620] VoxelChunk: GenerateAsync (13,-22,1)
[+21:04:44.620] VoxelChunk: GenerateAsync (21,-18,1)
[+21:04:44.621] VoxelMesh: Chunk X=17 Y=-16 Z=1 FlatVerts=132 SlopeVerts=36
[+21:04:44.621] VoxelChunk: GenerateAsync (21,-22,1)
[+21:04:44.621] VoxelChunk: GenerateAsync (19,-18,3)
[+21:04:44.621] VoxelChunk: GenerateAsync (19,-16,1)
[+21:04:44.621] VoxelMesh: Chunk X=14 Y=-21 Z=2 FlatVerts=0 SlopeVerts=144
[+21:04:44.621] VoxelChunk: GenerateAsync (15,-18,3)
[+21:04:44.621] VoxelMesh: Chunk X=19 Y=-20 Z=0 FlatVerts=0 SlopeVerts=0
[+21:04:44.621] VoxelMesh: Chunk X=13 Y=-20 Z=1 FlatVerts=0 SlopeVerts=6
[+21:04:44.621] VoxelMesh: Chunk X=16 Y=-19 Z=-4 FlatVerts=0 SlopeVerts=0
[+21:04:44.621] VoxelMesh: Chunk X=18 Y=-23 Z=2 FlatVerts=12 SlopeVerts=144
[+21:04:44.621] VoxelMesh: Chunk X=16 Y=-23 Z=2 FlatVerts=144 SlopeVerts=84
[+21:04:44.621] VoxelMesh: Chunk X=20 Y=-21 Z=2 FlatVerts=0 SlopeVerts=0
[+21:04:44.621] VoxelMesh: Chunk X=16 Y=-20 Z=-4 FlatVerts=0 SlopeVerts=0
[+21:04:44.621] VoxelMesh: Chunk X=18 Y=-17 Z=2 FlatVerts=0 SlopeVerts=0
[+21:04:44.621] VoxelMesh: Chunk X=18 Y=-19 Z=-4 FlatVerts=0 SlopeVerts=0
[+21:04:44.622] VoxelMesh: Chunk X=18 Y=-22 Z=-4 FlatVerts=0 SlopeVerts=0
[+21:04:44.622] VoxelMesh: Chunk X=18 Y=-21 Z=-4 FlatVerts=0 SlopeVerts=0
[+21:04:44.622] VoxelMesh: Chunk X=16 Y=-21 Z=-4 FlatVerts=0 SlopeVerts=0
[+21:04:44.622] VoxelMesh: Chunk X=17 Y=-22 Z=-4 FlatVerts=0 SlopeVerts=0
[+21:04:44.622] VoxelMesh: Chunk X=19 Y=-20 Z=-4 FlatVerts=0 SlopeVerts=0
[+21:04:44.622] VoxelMesh: Chunk X=20 Y=-19 Z=-4 FlatVerts=0 SlopeVerts=0
[+21:04:44.622] VoxelMesh: Chunk X=15 Y=-20 Z=-4 FlatVerts=0 SlopeVerts=0
[+21:04:44.622] VoxelMesh: Chunk X=16 Y=-19 Z=-5 FlatVerts=0 SlopeVerts=0
[+21:04:44.623] VoxelMesh: Chunk X=21 Y=-18 Z=0 FlatVerts=0 SlopeVerts=0
[+21:04:44.623] VoxelMesh: Chunk X=15 Y=-21 Z=-4 FlatVerts=0 SlopeVerts=0
[+21:04:44.623] VoxelMesh: Chunk X=16 Y=-24 Z=1 FlatVerts=0 SlopeVerts=0
[+21:04:44.623] VoxelMesh: Chunk X=19 Y=-24 Z=0 FlatVerts=0 SlopeVerts=0
[+21:04:44.623] VoxelMesh: Chunk X=16 Y=-22 Z=-4 FlatVerts=0 SlopeVerts=0
[+21:04:44.623] VoxelMesh: Chunk X=19 Y=-21 Z=-4 FlatVerts=0 SlopeVerts=0
[+21:04:44.623] VoxelMesh: Chunk X=14 Y=-17 Z=-3 FlatVerts=1710 SlopeVerts=720
[+21:04:44.623] VoxelMesh: Chunk X=13 Y=-19 Z=1 FlatVerts=54 SlopeVerts=66
[+21:04:44.623] VoxelMesh: Chunk X=15 Y=-16 Z=0 FlatVerts=0 SlopeVerts=0
[+21:04:44.623] VoxelMesh: Chunk X=19 Y=-16 Z=0 FlatVerts=0 SlopeVerts=0
[+21:04:44.623] VoxelMesh: Chunk X=16 Y=-22 Z=3 FlatVerts=0 SlopeVerts=18
[+21:04:44.623] VoxelMesh: Chunk X=18 Y=-19 Z=-5 FlatVerts=0 SlopeVerts=0
[+21:04:44.623] VoxelMesh: Chunk X=18 Y=-23 Z=-4 FlatVerts=0 SlopeVerts=0
[+21:04:44.623] VoxelMesh: Chunk X=16 Y=-18 Z=3 FlatVerts=0 SlopeVerts=186
[+21:04:44.623] VoxelMesh: Chunk X=16 Y=-23 Z=-4 FlatVerts=0 SlopeVerts=0
[+21:04:44.624] VoxelMesh: Chunk X=18 Y=-18 Z=3 FlatVerts=0 SlopeVerts=0
[+21:04:44.624] VoxelMesh: Chunk X=20 Y=-22 Z=2 FlatVerts=0 SlopeVerts=144
[+21:04:44.624] VoxelMesh: Chunk X=20 Y=-23 Z=1 FlatVerts=0 SlopeVerts=0
[+21:04:44.624] VoxelMesh: Chunk X=14 Y=-23 Z=1 FlatVerts=0 SlopeVerts=0
[+21:04:44.624] VoxelMesh: Chunk X=19 Y=-19 Z=3 FlatVerts=0 SlopeVerts=0
[+21:04:44.624] VoxelMesh: Chunk X=14 Y=-17 Z=1 FlatVerts=120 SlopeVerts=6
[+21:04:44.624] VoxelMesh: Chunk X=19 Y=-23 Z=2 FlatVerts=0 SlopeVerts=18
[+21:04:44.624] VoxelMesh: Chunk X=20 Y=-17 Z=1 FlatVerts=150 SlopeVerts=0
[+21:04:44.624] VoxelMesh: Chunk X=14 Y=-22 Z=2 FlatVerts=0 SlopeVerts=0
[+21:04:44.624] VoxelChunk: GenerateAsync (15,-16,1)
[+21:04:44.624] VoxelMesh: Chunk X=20 Y=-18 Z=2 FlatVerts=48 SlopeVerts=54
[+21:04:44.625] VoxelMesh: Chunk X=15 Y=-17 Z=2 FlatVerts=0 SlopeVerts=144
[+21:04:44.625] VoxelMesh: Chunk X=19 Y=-17 Z=2 FlatVerts=0 SlopeVerts=0
[+21:04:44.625] VoxelMesh: Chunk X=14 Y=-22 Z=-4 FlatVerts=0 SlopeVerts=0
[+21:04:44.625] VoxelMesh: Chunk X=14 Y=-18 Z=2 FlatVerts=0 SlopeVerts=66
[+21:04:44.625] VoxelMesh: Chunk X=15 Y=-23 Z=2 FlatVerts=54 SlopeVerts=138
[+21:04:44.626] VoxelMesh: Chunk X=14 Y=-18 Z=-4 FlatVerts=0 SlopeVerts=0
[+21:04:44.626] VoxelMesh: Chunk X=15 Y=-17 Z=-4 FlatVerts=0 SlopeVerts=0
[+21:04:44.626] VoxelMesh: Chunk X=19 Y=-23 Z=-4 FlatVerts=0 SlopeVerts=0
[+21:04:44.626] VoxelMesh: Chunk X=20 Y=-18 Z=-4 FlatVerts=0 SlopeVerts=0
[+21:04:44.626] VoxelMesh: Chunk X=15 Y=-22 Z=3 FlatVerts=18 SlopeVerts=252
[+21:04:44.626] VoxelMesh: Chunk X=20 Y=-22 Z=-4 FlatVerts=0 SlopeVerts=0
[+21:04:44.626] VoxelMesh: Chunk X=13 Y=-18 Z=1 FlatVerts=138 SlopeVerts=0
[+21:04:44.626] VoxelMesh: Chunk X=19 Y=-17 Z=-4 FlatVerts=0 SlopeVerts=0
[+21:04:44.626] VoxelMesh: Chunk X=19 Y=-24 Z=1 FlatVerts=60 SlopeVerts=66
[+21:04:44.626] VoxelMesh: Chunk X=19 Y=-22 Z=3 FlatVerts=6 SlopeVerts=180
[+21:04:44.626] VoxelMesh: Chunk X=21 Y=-18 Z=1 FlatVerts=0 SlopeVerts=0
[+21:04:44.626] VoxelMesh: Chunk X=13 Y=-22 Z=1 FlatVerts=0 SlopeVerts=0
[+21:04:44.626] VoxelMesh: Chunk X=21 Y=-22 Z=1 FlatVerts=78 SlopeVerts=54
[+21:04:44.626] VoxelMesh: Chunk X=15 Y=-23 Z=-4 FlatVerts=0 SlopeVerts=0
[+21:04:44.626] VoxelMesh: Chunk X=15 Y=-18 Z=-5 FlatVerts=0 SlopeVerts=0
[+21:04:44.626] VoxelMesh: Chunk X=19 Y=-16 Z=1 FlatVerts=138 SlopeVerts=0
[+21:04:44.626] VoxelMesh: Chunk X=19 Y=-22 Z=-5 FlatVerts=0 SlopeVerts=0
[+21:04:44.627] VoxelMesh: Chunk X=19 Y=-18 Z=3 FlatVerts=0 SlopeVerts=0
[+21:04:44.627] VoxelMesh: Chunk X=15 Y=-18 Z=3 FlatVerts=0 SlopeVerts=180
[+21:04:44.627] VoxelMesh: Chunk X=19 Y=-18 Z=-5 FlatVerts=0 SlopeVerts=0
[+21:04:44.627] VoxelMesh: Chunk X=20 Y=-17 Z=-3 FlatVerts=0 SlopeVerts=0
[+21:04:44.627] VoxelChunk: GenerateAsync (15,-24,1)
[+21:04:44.627] VoxelMesh: Chunk X=15 Y=-16 Z=1 FlatVerts=1710 SlopeVerts=720
[+21:04:44.628] VoxelMesh: Chunk X=14 Y=-23 Z=-3 FlatVerts=0 SlopeVerts=0
[+21:04:44.628] VoxelChunk: GenerateAsync (15,-22,-5)
[+21:04:44.629] VoxelMesh: Chunk X=15 Y=-24 Z=1 FlatVerts=0 SlopeVerts=0
[+21:04:44.629] VoxelMesh: Chunk X=15 Y=-22 Z=-5 FlatVerts=0 SlopeVerts=0
[+21:04:44.629] VoxelMesh: Chunk X=20 Y=-23 Z=-3 FlatVerts=0 SlopeVerts=0
[+21:04:44.629] VoxelChunk: GenerateAsync (20,-20,-5)
[+21:04:44.631] VoxelMesh: Chunk X=20 Y=-20 Z=-5 FlatVerts=0 SlopeVerts=0
[+21:04:44.647] VoxelMesh: Chunk X=20 Y=-17 Z=-2 FlatVerts=0 SlopeVerts=0
[+21:04:44.647] VoxelChunk: GenerateAsync (17,-17,3)
[+21:04:44.649] VoxelMesh: Chunk X=14 Y=-17 Z=-2 FlatVerts=0 SlopeVerts=0
[+21:04:44.649] VoxelChunk: GenerateAsync (17,-23,3)
[+21:04:44.649] VoxelMesh: Chunk X=20 Y=-22 Z=-3 FlatVerts=18 SlopeVerts=990
[+21:04:44.650] VoxelMesh: Chunk X=17 Y=-17 Z=3 FlatVerts=0 SlopeVerts=0
[+21:04:44.650] VoxelChunk: GenerateAsync (17,-24,2)
[+21:04:44.650] VoxelMesh: Chunk X=19 Y=-17 Z=-3 FlatVerts=0 SlopeVerts=0
[+21:04:44.650] VoxelMesh: Chunk X=17 Y=-24 Z=2 FlatVerts=18 SlopeVerts=990
[+21:04:44.650] VoxelChunk: GenerateAsync (20,-20,3)
[+21:04:44.651] VoxelMesh: Chunk X=17 Y=-23 Z=3 FlatVerts=0 SlopeVerts=0
[+21:04:44.651] VoxelMesh: Chunk X=20 Y=-20 Z=3 FlatVerts=0 SlopeVerts=0
[+21:04:44.659] VoxelMesh: Chunk X=14 Y=-18 Z=-3 FlatVerts=0 SlopeVerts=0
[+21:04:44.659] VoxelChunk: GenerateAsync (17,-17,-5)
[+21:04:44.660] VoxelMesh: Chunk X=16 Y=-23 Z=-3 FlatVerts=0 SlopeVerts=0
[+21:04:44.660] VoxelMesh: Chunk X=17 Y=-17 Z=-5 FlatVerts=0 SlopeVerts=0
[+21:04:44.660] VoxelChunk: GenerateAsync (17,-23,-5)
[+21:04:44.660] VoxelMesh: Chunk X=18 Y=-23 Z=-3 FlatVerts=60 SlopeVerts=1320
[+21:04:44.660] VoxelMesh: Chunk X=17 Y=-23 Z=-5 FlatVerts=0 SlopeVerts=0
[+21:04:44.660] VoxelChunk: GenerateAsync (14,-20,3)
[+21:04:44.661] VoxelMesh: Chunk X=20 Y=-21 Z=-3 FlatVerts=0 SlopeVerts=36
[+21:04:44.661] VoxelChunk: GenerateAsync (21,-20,2)
[+21:04:44.661] VoxelMesh: Chunk X=14 Y=-20 Z=3 FlatVerts=60 SlopeVerts=1320
[+21:04:44.661] VoxelMesh: Chunk X=21 Y=-20 Z=2 FlatVerts=0 SlopeVerts=36
[+21:04:44.668] VoxelMesh: Chunk X=14 Y=-21 Z=-3 FlatVerts=0 SlopeVerts=78
[+21:04:44.668] VoxelChunk: GenerateAsync (17,-20,4)
[+21:04:44.668] VoxelMesh: Chunk X=20 Y=-23 Z=-2 FlatVerts=0 SlopeVerts=0
[+21:04:44.669] VoxelChunk: GenerateAsync (17,-16,2)
[+21:04:44.669] VoxelMesh: Chunk X=17 Y=-20 Z=4 FlatVerts=0 SlopeVerts=78
[+21:04:44.669] VoxelMesh: Chunk X=14 Y=-23 Z=-2 FlatVerts=0 SlopeVerts=0
[+21:04:44.669] VoxelChunk: GenerateAsync (14,-20,-5)
[+21:04:44.669] VoxelMesh: Chunk X=17 Y=-16 Z=2 FlatVerts=0 SlopeVerts=0
[+21:04:44.670] VoxelMesh: Chunk X=14 Y=-20 Z=-5 FlatVerts=0 SlopeVerts=0
[+21:04:44.670] VoxelMesh: Chunk X=14 Y=-19 Z=-3 FlatVerts=0 SlopeVerts=474
[+21:04:44.670] VoxelChunk: GenerateAsync (13,-20,2)
[+21:04:44.670] VoxelMesh: Chunk X=13 Y=-20 Z=2 FlatVerts=0 SlopeVerts=474
[+21:04:44.687] VoxelMesh: Chunk X=17 Y=-23 Z=-3 FlatVerts=306 SlopeVerts=804
[+21:04:44.688] VoxelChunk: GenerateAsync (21,-19,2)
[+21:04:44.688] VoxelMesh: Chunk X=17 Y=-17 Z=-3 FlatVerts=0 SlopeVerts=0
[+21:04:44.688] VoxelMesh: Chunk X=21 Y=-19 Z=2 FlatVerts=306 SlopeVerts=804
[+21:04:44.688] VoxelChunk: GenerateAsync (18,-23,-5)
[+21:04:44.688] VoxelMesh: Chunk X=18 Y=-23 Z=-5 FlatVerts=0 SlopeVerts=0
[+21:04:44.688] VoxelMesh: Chunk X=14 Y=-20 Z=-3 FlatVerts=0 SlopeVerts=0
[+21:04:44.689] VoxelChunk: GenerateAsync (20,-21,-5)
[+21:04:44.689] VoxelMesh: Chunk X=20 Y=-20 Z=-3 FlatVerts=0 SlopeVerts=0
[+21:04:44.689] VoxelMesh: Chunk X=20 Y=-21 Z=-5 FlatVerts=0 SlopeVerts=0
[+21:04:44.689] VoxelChunk: GenerateAsync (16,-23,3)
[+21:04:44.690] VoxelMesh: Chunk X=16 Y=-23 Z=3 FlatVerts=0 SlopeVerts=0
[+21:04:44.696] VoxelMesh: Chunk X=2 Y=-1 Z=2 FlatVerts=0 SlopeVerts=0
[+21:04:44.696] VoxelChunk: GenerateAsync (-3,1,-4)
[+21:04:44.697] VoxelMesh: Chunk X=-3 Y=1 Z=-4 FlatVerts=0 SlopeVerts=0
[+21:04:44.698] VoxelMesh: Chunk X=19 Y=-22 Z=-3 FlatVerts=0 SlopeVerts=522
[+21:04:44.698] VoxelChunk: GenerateAsync (16,-17,3)
[+21:04:44.699] VoxelMesh: Chunk X=15 Y=-18 Z=-3 FlatVerts=0 SlopeVerts=0
[+21:04:44.699] VoxelChunk: GenerateAsync (18,-17,-5)
[+21:04:44.699] VoxelMesh: Chunk X=16 Y=-17 Z=3 FlatVerts=0 SlopeVerts=522
[+21:04:44.699] VoxelMesh: Chunk X=19 Y=-18 Z=-3 FlatVerts=0 SlopeVerts=0
[+21:04:44.699] VoxelMesh: Chunk X=18 Y=-17 Z=-5 FlatVerts=0 SlopeVerts=0
[+21:04:44.699] VoxelChunk: GenerateAsync (14,-19,-5)
[+21:04:44.700] VoxelMesh: Chunk X=15 Y=-22 Z=-3 FlatVerts=0 SlopeVerts=0
[+21:04:44.700] VoxelMesh: Chunk X=14 Y=-19 Z=-5 FlatVerts=0 SlopeVerts=0
[+21:04:44.700] VoxelChunk: GenerateAsync (21,-17,0)
[+21:04:44.700] VoxelMesh: Chunk X=21 Y=-17 Z=0 FlatVerts=0 SlopeVerts=0
[+21:04:44.708] VoxelMesh: Chunk X=16 Y=-17 Z=-3 FlatVerts=0 SlopeVerts=0
[+21:04:44.709] VoxelChunk: GenerateAsync (17,-25,0)
[+21:04:44.709] VoxelMesh: Chunk X=16 Y=-20 Z=-3 FlatVerts=0 SlopeVerts=0
[+21:04:44.709] VoxelChunk: GenerateAsync (18,-17,3)
[+21:04:44.709] VoxelMesh: Chunk X=17 Y=-25 Z=0 FlatVerts=0 SlopeVerts=0
[+21:04:44.709] VoxelMesh: Chunk X=17 Y=-21 Z=-3 FlatVerts=0 SlopeVerts=0
[+21:04:44.710] VoxelChunk: GenerateAsync (17,-15,0)
[+21:04:44.710] VoxelMesh: Chunk X=17 Y=-15 Z=0 FlatVerts=0 SlopeVerts=0
[+21:04:44.710] VoxelMesh: Chunk X=18 Y=-17 Z=3 FlatVerts=0 SlopeVerts=0
[+21:04:44.710] VoxelMesh: Chunk X=17 Y=-19 Z=-3 FlatVerts=0 SlopeVerts=0
[+21:04:44.710] VoxelChunk: GenerateAsync (17,-21,4)
[+21:04:44.710] VoxelMesh: Chunk X=17 Y=-21 Z=4 FlatVerts=0 SlopeVerts=0
[+21:04:44.717] VoxelMesh: Chunk X=18 Y=-20 Z=-3 FlatVerts=0 SlopeVerts=0
[+21:04:44.718] VoxelChunk: GenerateAsync (20,-16,0)
[+21:04:44.718] VoxelMesh: Chunk X=18 Y=-21 Z=-3 FlatVerts=0 SlopeVerts=0
[+21:04:44.718] VoxelMesh: Chunk X=20 Y=-16 Z=0 FlatVerts=0 SlopeVerts=0
[+21:04:44.718] VoxelChunk: GenerateAsync (20,-19,-5)
[+21:04:44.719] VoxelMesh: Chunk X=18 Y=-19 Z=-3 FlatVerts=0 SlopeVerts=0
[+21:04:44.719] VoxelChunk: GenerateAsync (13,-17,0)
[+21:04:44.719] VoxelMesh: Chunk X=20 Y=-19 Z=-5 FlatVerts=0 SlopeVerts=0
[+21:04:44.719] VoxelMesh: Chunk X=13 Y=-17 Z=0 FlatVerts=0 SlopeVerts=0
[+21:04:44.719] VoxelMesh: Chunk X=16 Y=-19 Z=-3 FlatVerts=42 SlopeVerts=174
[+21:04:44.719] VoxelChunk: GenerateAsync (16,-16,2)
[+21:04:44.720] VoxelMesh: Chunk X=16 Y=-16 Z=2 FlatVerts=42 SlopeVerts=174
[+21:04:44.727] VoxelMesh: Chunk X=16 Y=-21 Z=-3 FlatVerts=0 SlopeVerts=0
[+21:04:44.728] VoxelChunk: GenerateAsync (14,-21,-5)
[+21:04:44.728] VoxelMesh: Chunk X=14 Y=-21 Z=-5 FlatVerts=0 SlopeVerts=0
[+21:04:44.728] VoxelMesh: Chunk X=17 Y=-22 Z=-3 FlatVerts=12 SlopeVerts=810
[+21:04:44.728] VoxelChunk: GenerateAsync (13,-21,2)
[+21:04:44.729] VoxelMesh: Chunk X=19 Y=-20 Z=-3 FlatVerts=0 SlopeVerts=0
[+21:04:44.729] VoxelChunk: GenerateAsync (14,-16,0)
[+21:04:44.729] VoxelMesh: Chunk X=13 Y=-21 Z=2 FlatVerts=12 SlopeVerts=810
[+21:04:44.729] VoxelMesh: Chunk X=14 Y=-16 Z=0 FlatVerts=0 SlopeVerts=0
[+21:04:44.729] VoxelMesh: Chunk X=20 Y=-19 Z=-3 FlatVerts=0 SlopeVerts=528
[+21:04:44.729] VoxelChunk: GenerateAsync (18,-23,3)
[+21:04:44.730] VoxelMesh: Chunk X=18 Y=-23 Z=3 FlatVerts=0 SlopeVerts=528
[+21:04:44.738] VoxelMesh: Chunk X=15 Y=-20 Z=-3 FlatVerts=0 SlopeVerts=0
[+21:04:44.739] VoxelChunk: GenerateAsync (16,-23,-5)
[+21:04:44.739] VoxelMesh: Chunk X=17 Y=-18 Z=-3 FlatVerts=0 SlopeVerts=186
[+21:04:44.739] VoxelChunk: GenerateAsync (13,-19,2)
[+21:04:44.739] VoxelMesh: Chunk X=16 Y=-23 Z=-5 FlatVerts=0 SlopeVerts=0
[+21:04:44.740] VoxelMesh: Chunk X=18 Y=-17 Z=-3 FlatVerts=12 SlopeVerts=402
[+21:04:44.740] VoxelMesh: Chunk X=13 Y=-19 Z=2 FlatVerts=0 SlopeVerts=186
[+21:04:44.740] VoxelChunk: GenerateAsync (14,-19,3)
[+21:04:44.740] VoxelMesh: Chunk X=15 Y=-21 Z=-3 FlatVerts=0 SlopeVerts=0
[+21:04:44.740] VoxelMesh: Chunk X=14 Y=-19 Z=3 FlatVerts=12 SlopeVerts=402
[+21:04:44.740] VoxelChunk: GenerateAsync (21,-21,2)
[+21:04:44.741] VoxelMesh: Chunk X=21 Y=-21 Z=2 FlatVerts=0 SlopeVerts=0
[+21:04:44.750] VoxelMesh: Chunk X=15 Y=-17 Z=-3 FlatVerts=0 SlopeVerts=0
[+21:04:44.750] VoxelChunk: GenerateAsync (18,-16,2)
[+21:04:44.751] VoxelMesh: Chunk X=18 Y=-18 Z=-3 FlatVerts=0 SlopeVerts=744
[+21:04:44.751] VoxelMesh: Chunk X=18 Y=-16 Z=2 FlatVerts=0 SlopeVerts=0
[+21:04:44.751] VoxelChunk: GenerateAsync (16,-24,2)
[+21:04:44.751] VoxelMesh: Chunk X=16 Y=-22 Z=-3 FlatVerts=12 SlopeVerts=1320
[+21:04:44.751] VoxelMesh: Chunk X=16 Y=-24 Z=2 FlatVerts=0 SlopeVerts=744
[+21:04:44.752] VoxelChunk: GenerateAsync (14,-21,3)
[+21:04:44.752] VoxelMesh: Chunk X=16 Y=-18 Z=-3 FlatVerts=0 SlopeVerts=126
[+21:04:44.752] VoxelMesh: Chunk X=14 Y=-21 Z=3 FlatVerts=12 SlopeVerts=1320
[+21:04:44.752] VoxelChunk: GenerateAsync (16,-20,4)
[+21:04:44.753] VoxelMesh: Chunk X=16 Y=-20 Z=4 FlatVerts=0 SlopeVerts=126
[+21:04:44.768] VoxelMesh: Chunk X=18 Y=-22 Z=-3 FlatVerts=0 SlopeVerts=0
[+21:04:44.769] VoxelChunk: GenerateAsync (16,-17,-5)
[+21:04:44.769] VoxelMesh: Chunk X=16 Y=-17 Z=-5 FlatVerts=0 SlopeVerts=0
[+21:04:44.769] VoxelMesh: Chunk X=19 Y=-19 Z=-3 FlatVerts=0 SlopeVerts=828
[+21:04:44.770] VoxelChunk: GenerateAsync (17,-19,4)
[+21:04:44.770] VoxelMesh: Chunk X=20 Y=-18 Z=-3 FlatVerts=162 SlopeVerts=414
[+21:04:44.770] VoxelMesh: Chunk X=17 Y=-19 Z=4 FlatVerts=0 SlopeVerts=828
[+21:04:44.770] VoxelChunk: GenerateAsync (18,-24,2)
[+21:04:44.770] VoxelMesh: Chunk X=19 Y=-23 Z=-3 FlatVerts=0 SlopeVerts=0
[+21:04:44.770] VoxelMesh: Chunk X=18 Y=-24 Z=2 FlatVerts=162 SlopeVerts=414
[+21:04:44.770] VoxelChunk: GenerateAsync (20,-21,3)
[+21:04:44.772] VoxelMesh: Chunk X=20 Y=-21 Z=3 FlatVerts=0 SlopeVerts=0
[+21:04:44.779] VoxelMesh: Chunk X=14 Y=-22 Z=-3 FlatVerts=0 SlopeVerts=0
[+21:04:44.779] VoxelChunk: GenerateAsync (14,-24,0)
[+21:04:44.781] VoxelMesh: Chunk X=15 Y=-19 Z=-3 FlatVerts=0 SlopeVerts=0
[+21:04:44.781] VoxelChunk: GenerateAsync (20,-19,3)
[+21:04:44.781] VoxelMesh: Chunk X=14 Y=-24 Z=0 FlatVerts=0 SlopeVerts=0
[+21:04:44.781] VoxelMesh: Chunk X=19 Y=-21 Z=-3 FlatVerts=0 SlopeVerts=0
[+21:04:44.781] VoxelChunk: GenerateAsync (21,-23,0)
[+21:04:44.782] VoxelMesh: Chunk X=20 Y=-19 Z=3 FlatVerts=0 SlopeVerts=0
[+21:04:44.782] VoxelMesh: Chunk X=15 Y=-23 Z=-3 FlatVerts=0 SlopeVerts=0
[+21:04:44.782] VoxelMesh: Chunk X=21 Y=-23 Z=0 FlatVerts=0 SlopeVerts=0
[+21:04:44.782] VoxelChunk: GenerateAsync (13,-23,0)
[+21:04:44.783] VoxelMesh: Chunk X=13 Y=-23 Z=0 FlatVerts=0 SlopeVerts=0
[+21:04:44.790] VoxelMesh: Chunk X=17 Y=-20 Z=-3 FlatVerts=0 SlopeVerts=0
[+21:04:44.790] VoxelChunk: GenerateAsync (18,-20,4)
[+21:04:44.791] VoxelMesh: Chunk X=18 Y=-20 Z=4 FlatVerts=0 SlopeVerts=0
[+21:04:44.796] VoxelMesh: Chunk X=0 Y=0 Z=0 FlatVerts=108 SlopeVerts=594
[+21:04:44.797] VoxelChunk: GenerateAsync (20,-24,0)
[+21:04:44.799] VoxelMesh: Chunk X=20 Y=-24 Z=0 FlatVerts=0 SlopeVerts=0
[+21:04:44.800] VoxelMesh: Chunk X=0 Y=0 Z=0 FlatVerts=6624 SlopeVerts=888
[+21:04:44.801] VoxelChunk: GenerateAsync (22,-20,0)
[+21:04:44.804] VoxelMesh: Chunk X=22 Y=-20 Z=0 FlatVerts=0 SlopeVerts=0
[+21:04:44.806] VoxelMesh: Chunk X=0 Y=0 Z=0 FlatVerts=1392 SlopeVerts=2058
[+21:04:44.808] VoxelChunk: GenerateAsync (12,-20,0)
[+21:04:44.808] VoxelMesh: Chunk X=12 Y=-20 Z=0 FlatVerts=0 SlopeVerts=0
[+21:04:44.815] VoxelMesh: Chunk X=2 Y=2 Z=2 FlatVerts=0 SlopeVerts=0
[+21:04:44.815] VoxelChunk: GenerateAsync (-1,-1,-4)
[+21:04:44.817] VoxelMesh: Chunk X=-1 Y=-1 Z=-4 FlatVerts=0 SlopeVerts=0
[+21:04:44.824] VoxelMesh: Chunk X=0 Y=0 Z=0 FlatVerts=0 SlopeVerts=0
[+21:04:44.824] VoxelChunk: GenerateAsync (18,-19,4)
[+21:04:44.827] VoxelMesh: Chunk X=18 Y=-19 Z=4 FlatVerts=0 SlopeVerts=0
[+21:04:44.831] VoxelMesh: Chunk X=0 Y=0 Z=0 FlatVerts=174 SlopeVerts=16728
[+21:04:44.832] VoxelChunk: GenerateAsync (16,-19,4)
[+21:04:44.835] VoxelMesh: Chunk X=16 Y=-19 Z=4 FlatVerts=18 SlopeVerts=5568
[+21:04:44.836] VoxelMesh: Chunk X=0 Y=0 Z=0 FlatVerts=3768 SlopeVerts=966
[+21:04:44.838] VoxelChunk: GenerateAsync (16,-25,0)
[+21:04:44.840] VoxelMesh: Chunk X=16 Y=-25 Z=0 FlatVerts=0 SlopeVerts=0
[+21:04:44.842] VoxelMesh: Chunk X=0 Y=0 Z=0 FlatVerts=7332 SlopeVerts=1494
[+21:04:44.843] VoxelChunk: GenerateAsync (18,-25,0)
[+21:04:44.844] VoxelMesh: Chunk X=18 Y=-25 Z=0 FlatVerts=0 SlopeVerts=0
[+21:04:44.859] VoxelMesh: Chunk X=0 Y=0 Z=0 FlatVerts=0 SlopeVerts=0
[+21:04:44.860] VoxelChunk: GenerateAsync (20,-17,-4)
[+21:04:44.861] VoxelMesh: Chunk X=20 Y=-17 Z=-4 FlatVerts=0 SlopeVerts=0
[+21:04:44.864] VoxelMesh: Chunk X=0 Y=0 Z=0 FlatVerts=0 SlopeVerts=0
[+21:04:44.864] VoxelChunk: GenerateAsync (20,-23,-4)
[+21:04:44.866] VoxelMesh: Chunk X=20 Y=-23 Z=-4 FlatVerts=0 SlopeVerts=0
[+21:04:44.867] VoxelMesh: Chunk X=0 Y=0 Z=0 FlatVerts=0 SlopeVerts=0
[+21:04:44.867] VoxelChunk: GenerateAsync (14,-17,-4)
[+21:04:44.870] VoxelMesh: Chunk X=14 Y=-17 Z=-4 FlatVerts=0 SlopeVerts=0
[+21:04:44.872] VoxelMesh: Chunk X=0 Y=0 Z=0 FlatVerts=678 SlopeVerts=12114
[+21:04:44.873] VoxelChunk: GenerateAsync (20,-17,2)
[+21:04:44.874] VoxelMesh: Chunk X=20 Y=-17 Z=2 FlatVerts=0 SlopeVerts=348
[+21:04:44.888] VoxelMesh: Chunk X=0 Y=0 Z=0 FlatVerts=0 SlopeVerts=0
[+21:04:44.889] VoxelChunk: GenerateAsync (14,-23,-4)
[+21:04:44.891] VoxelMesh: Chunk X=14 Y=-23 Z=-4 FlatVerts=0 SlopeVerts=0
[+21:04:44.894] VoxelMesh: Chunk X=0 Y=0 Z=0 FlatVerts=0 SlopeVerts=12606
[+21:04:44.895] VoxelChunk: GenerateAsync (20,-23,2)
[+21:04:44.896] VoxelMesh: Chunk X=20 Y=-23 Z=2 FlatVerts=0 SlopeVerts=702
[+21:04:44.900] VoxelMesh: Chunk X=0 Y=0 Z=0 FlatVerts=342 SlopeVerts=10878
[+21:04:44.901] VoxelChunk: GenerateAsync (14,-23,2)
[+21:04:44.903] VoxelMesh: Chunk X=14 Y=-23 Z=2 FlatVerts=138 SlopeVerts=1218
[+21:04:44.907] VoxelMesh: Chunk X=0 Y=0 Z=0 FlatVerts=30 SlopeVerts=450
[+21:04:44.907] VoxelChunk: GenerateAsync (14,-17,2)
[+21:04:44.909] VoxelMesh: Chunk X=14 Y=-17 Z=2 FlatVerts=0 SlopeVerts=0
[+21:04:44.918] VoxelMesh: Chunk X=0 Y=0 Z=0 FlatVerts=6750 SlopeVerts=1236
[+21:04:44.919] VoxelChunk: GenerateAsync (22,-21,0)
[+21:04:44.921] VoxelMesh: Chunk X=22 Y=-21 Z=0 FlatVerts=0 SlopeVerts=0
[+21:04:44.924] VoxelMesh: Chunk X=0 Y=0 Z=0 FlatVerts=6606 SlopeVerts=1080
[+21:04:44.925] VoxelChunk: GenerateAsync (18,-15,0)
[+21:04:44.925] VoxelMesh: Chunk X=18 Y=-15 Z=0 FlatVerts=0 SlopeVerts=0
[+21:04:44.929] VoxelMesh: Chunk X=0 Y=0 Z=0 FlatVerts=1746 SlopeVerts=2436
[+21:04:44.930] VoxelChunk: GenerateAsync (12,-19,0)
[+21:04:44.930] VoxelMesh: Chunk X=12 Y=-19 Z=0 FlatVerts=0 SlopeVerts=0
[+21:04:44.934] VoxelMesh: Chunk X=0 Y=0 Z=0 FlatVerts=78 SlopeVerts=876
[+21:04:44.936] VoxelChunk: GenerateAsync (12,-21,0)
[+21:04:44.937] VoxelMesh: Chunk X=12 Y=-21 Z=0 FlatVerts=0 SlopeVerts=0
[+21:04:44.943] VoxelMesh: Chunk X=0 Y=1 Z=2 FlatVerts=0 SlopeVerts=0
[+21:04:44.943] VoxelChunk: GenerateAsync (0,-2,-4)
[+21:04:44.944] VoxelMesh: Chunk X=0 Y=-2 Z=-4 FlatVerts=0 SlopeVerts=0
[+21:04:44.949] VoxelMesh: Chunk X=0 Y=0 Z=0 FlatVerts=2016 SlopeVerts=2772
[+21:04:44.950] VoxelChunk: GenerateAsync (16,-15,0)
[+21:04:44.950] VoxelMesh: Chunk X=16 Y=-15 Z=0 FlatVerts=0 SlopeVerts=0
[+21:04:44.955] VoxelMesh: Chunk X=0 Y=0 Z=0 FlatVerts=0 SlopeVerts=2724
[+21:04:44.956] VoxelChunk: GenerateAsync (18,-21,4)
[+21:04:44.957] VoxelMesh: Chunk X=18 Y=-21 Z=4 FlatVerts=0 SlopeVerts=0
[+21:04:44.959] VoxelMesh: Chunk X=0 Y=0 Z=0 FlatVerts=6864 SlopeVerts=1182
[+21:04:44.960] VoxelChunk: GenerateAsync (22,-19,0)
[+21:04:44.963] VoxelMesh: Chunk X=22 Y=-19 Z=0 FlatVerts=0 SlopeVerts=0
[+21:04:44.969] VoxelMesh: Chunk X=0 Y=0 Z=0 FlatVerts=0 SlopeVerts=9288
[+21:04:44.969] VoxelChunk: GenerateAsync (16,-21,4)
[+21:04:44.971] VoxelMesh: Chunk X=16 Y=-21 Z=4 FlatVerts=0 SlopeVerts=0
[+21:04:44.986] VoxelMesh: Chunk X=0 Y=0 Z=0 FlatVerts=888 SlopeVerts=3288
[+21:04:44.986] VoxelChunk: GenerateAsync (15,-24,2)
[+21:04:44.987] VoxelMesh: Chunk X=15 Y=-24 Z=2 FlatVerts=0 SlopeVerts=456
[+21:04:44.991] VoxelMesh: Chunk X=0 Y=0 Z=0 FlatVerts=5922 SlopeVerts=5688
[+21:04:44.992] VoxelChunk: GenerateAsync (17,-15,1)
[+21:04:44.994] VoxelMesh: Chunk X=17 Y=-15 Z=1 FlatVerts=1944 SlopeVerts=0
[+21:04:44.996] VoxelMesh: Chunk X=0 Y=0 Z=0 FlatVerts=0 SlopeVerts=0
[+21:04:44.996] VoxelChunk: GenerateAsync (19,-17,-5)
[+21:04:44.999] VoxelMesh: Chunk X=19 Y=-17 Z=-5 FlatVerts=0 SlopeVerts=0
[+21:04:45.003] VoxelMesh: Chunk X=0 Y=0 Z=0 FlatVerts=666 SlopeVerts=5142
[+21:04:45.004] VoxelChunk: GenerateAsync (19,-20,4)
[+21:04:45.006] VoxelMesh: Chunk X=19 Y=-20 Z=4 FlatVerts=0 SlopeVerts=0
[+21:04:45.016] VoxelMesh: Chunk X=0 Y=0 Z=0 FlatVerts=0 SlopeVerts=0
[+21:04:45.016] VoxelChunk: GenerateAsync (15,-17,-5)
[+21:04:45.017] VoxelMesh: Chunk X=15 Y=-17 Z=-5 FlatVerts=0 SlopeVerts=0
[+21:04:45.020] VoxelMesh: Chunk X=0 Y=0 Z=0 FlatVerts=408 SlopeVerts=7146
[+21:04:45.021] VoxelChunk: GenerateAsync (13,-22,2)
[+21:04:45.022] VoxelMesh: Chunk X=13 Y=-22 Z=2 FlatVerts=30 SlopeVerts=1602
[+21:04:45.025] VoxelMesh: Chunk X=0 Y=0 Z=0 FlatVerts=0 SlopeVerts=8922
[+21:04:45.026] VoxelChunk: GenerateAsync (21,-22,2)
[+21:04:45.028] VoxelMesh: Chunk X=21 Y=-22 Z=2 FlatVerts=0 SlopeVerts=30
[+21:04:45.032] VoxelMesh: Chunk X=0 Y=0 Z=0 FlatVerts=0 SlopeVerts=8790
[+21:04:45.033] VoxelChunk: GenerateAsync (19,-24,2)
[+21:04:45.034] VoxelMesh: Chunk X=19 Y=-24 Z=2 FlatVerts=0 SlopeVerts=2760
[+21:04:45.049] VoxelMesh: Chunk X=0 Y=0 Z=0 FlatVerts=0 SlopeVerts=2688
[+21:04:45.049] VoxelChunk: GenerateAsync (15,-23,3)
[+21:04:45.052] VoxelMesh: Chunk X=15 Y=-23 Z=3 FlatVerts=0 SlopeVerts=1218
[+21:04:45.055] VoxelMesh: Chunk X=0 Y=0 Z=0 FlatVerts=1692 SlopeVerts=6852
[+21:04:45.056] VoxelChunk: GenerateAsync (13,-23,1)
[+21:04:45.057] VoxelMesh: Chunk X=13 Y=-23 Z=1 FlatVerts=0 SlopeVerts=0
[+21:04:45.061] VoxelMesh: Chunk X=0 Y=0 Z=0 FlatVerts=8358 SlopeVerts=5244
[+21:04:45.063] VoxelChunk: GenerateAsync (17,-25,1)
[+21:04:45.064] VoxelMesh: Chunk X=17 Y=-25 Z=1 FlatVerts=0 SlopeVerts=0
[+21:04:45.067] VoxelMesh: Chunk X=0 Y=0 Z=0 FlatVerts=294 SlopeVerts=5100
[+21:04:45.068] VoxelChunk: GenerateAsync (20,-16,1)
[+21:04:45.068] VoxelMesh: Chunk X=20 Y=-16 Z=1 FlatVerts=1668 SlopeVerts=0
[+21:04:45.076] VoxelMesh: Chunk X=-2 Y=0 Z=2 FlatVerts=0 SlopeVerts=0
[+21:04:45.076] VoxelChunk: GenerateAsync (-3,-2,-4)
[+21:04:45.077] VoxelMesh: Chunk X=-3 Y=-2 Z=-4 FlatVerts=0 SlopeVerts=0
[+21:04:45.083] VoxelMesh: Chunk X=0 Y=0 Z=0 FlatVerts=0 SlopeVerts=0
[+21:04:45.083] VoxelChunk: GenerateAsync (15,-23,-5)
[+21:04:45.085] VoxelMesh: Chunk X=15 Y=-23 Z=-5 FlatVerts=0 SlopeVerts=0
[+21:04:45.088] VoxelMesh: Chunk X=0 Y=0 Z=0 FlatVerts=168 SlopeVerts=28146
[+21:04:45.091] VoxelChunk: GenerateAsync (15,-17,3)
[+21:04:45.094] VoxelMesh: Chunk X=15 Y=-17 Z=3 FlatVerts=0 SlopeVerts=198
[+21:04:45.097] VoxelMesh: Chunk X=0 Y=0 Z=0 FlatVerts=0 SlopeVerts=0
[+21:04:45.097] VoxelChunk: GenerateAsync (20,-18,-5)
[+21:04:45.099] VoxelMesh: Chunk X=20 Y=-18 Z=-5 FlatVerts=0 SlopeVerts=0
[+21:04:45.100] VoxelMesh: Chunk X=0 Y=0 Z=0 FlatVerts=0 SlopeVerts=0
[+21:04:45.100] VoxelChunk: GenerateAsync (14,-18,-5)
[+21:04:45.101] VoxelMesh: Chunk X=14 Y=-18 Z=-5 FlatVerts=0 SlopeVerts=0
[+21:04:45.115] VoxelMesh: Chunk X=0 Y=0 Z=0 FlatVerts=30 SlopeVerts=9804
[+21:04:45.116] VoxelChunk: GenerateAsync (13,-18,2)
[+21:04:45.117] VoxelMesh: Chunk X=13 Y=-18 Z=2 FlatVerts=0 SlopeVerts=0
[+21:04:45.124] VoxelMesh: Chunk X=0 Y=0 Z=0 FlatVerts=90 SlopeVerts=39606
[+21:04:45.128] VoxelChunk: GenerateAsync (15,-20,4)
[+21:04:45.130] VoxelMesh: Chunk X=15 Y=-20 Z=4 FlatVerts=0 SlopeVerts=1266
[+21:04:45.131] VoxelMesh: Chunk X=0 Y=0 Z=0 FlatVerts=0 SlopeVerts=0
[+21:04:45.131] VoxelChunk: GenerateAsync (20,-22,-5)
[+21:04:45.133] VoxelMesh: Chunk X=20 Y=-22 Z=-5 FlatVerts=0 SlopeVerts=0
[+21:04:45.134] VoxelMesh: Chunk X=0 Y=0 Z=0 FlatVerts=0 SlopeVerts=0
[+21:04:45.134] VoxelChunk: GenerateAsync (14,-22,-5)
[+21:04:45.135] VoxelMesh: Chunk X=14 Y=-22 Z=-5 FlatVerts=0 SlopeVerts=0
[+21:04:45.149] VoxelChunk: GenerateAsync (18,-20,4)
[+21:04:45.149] VoxelChunk: GenerateAsync (13,-23,0)
[+21:04:45.149] VoxelChunk: GenerateAsync (21,-23,0)
[+21:04:45.149] VoxelChunk: GenerateAsync (20,-19,3)
[+21:04:45.149] VoxelChunk: GenerateAsync (14,-24,0)
[+21:04:45.149] VoxelChunk: GenerateAsync (20,-21,3)
[+21:04:45.149] VoxelChunk: GenerateAsync (18,-24,2)
[+21:04:45.149] VoxelChunk: GenerateAsync (17,-19,4)
[+21:04:45.149] VoxelChunk: GenerateAsync (16,-20,4)
[+21:04:45.149] VoxelChunk: GenerateAsync (14,-21,3)
[+21:04:45.149] VoxelChunk: GenerateAsync (16,-24,2)
[+21:04:45.149] VoxelChunk: GenerateAsync (18,-16,2)
[+21:04:45.149] VoxelChunk: GenerateAsync (21,-21,2)
[+21:04:45.149] VoxelChunk: GenerateAsync (14,-19,3)
[+21:04:45.149] VoxelChunk: GenerateAsync (13,-19,2)
[+21:04:45.149] VoxelMesh: Chunk X=21 Y=-23 Z=0 FlatVerts=0 SlopeVerts=0
[+21:04:45.149] VoxelChunk: GenerateAsync (18,-23,3)
[+21:04:45.149] VoxelChunk: GenerateAsync (14,-16,0)
[+21:04:45.149] VoxelChunk: GenerateAsync (13,-21,2)
[+21:04:45.149] VoxelChunk: GenerateAsync (16,-16,2)
[+21:04:45.150] VoxelChunk: GenerateAsync (13,-17,0)
[+21:04:45.150] VoxelMesh: Chunk X=13 Y=-23 Z=0 FlatVerts=0 SlopeVerts=0
[+21:04:45.150] VoxelChunk: GenerateAsync (20,-16,0)
[+21:04:45.150] VoxelChunk: GenerateAsync (17,-21,4)
[+21:04:45.150] VoxelChunk: GenerateAsync (17,-15,0)
[+21:04:45.150] VoxelChunk: GenerateAsync (18,-17,3)
[+21:04:45.150] VoxelChunk: GenerateAsync (17,-25,0)
[+21:04:45.150] VoxelChunk: GenerateAsync (21,-17,0)
[+21:04:45.150] VoxelChunk: GenerateAsync (16,-17,3)
[+21:04:45.150] VoxelChunk: GenerateAsync (16,-23,3)
[+21:04:45.150] VoxelChunk: GenerateAsync (21,-19,2)
[+21:04:45.150] VoxelChunk: GenerateAsync (13,-20,2)
[+21:04:45.150] VoxelChunk: GenerateAsync (17,-16,2)
[+21:04:45.150] VoxelChunk: GenerateAsync (17,-20,4)
[+21:04:45.150] VoxelChunk: GenerateAsync (21,-20,2)
[+21:04:45.150] VoxelChunk: GenerateAsync (14,-20,3)
[+21:04:45.150] VoxelChunk: GenerateAsync (20,-20,3)
[+21:04:45.150] VoxelChunk: GenerateAsync (17,-24,2)
[+21:04:45.150] VoxelChunk: GenerateAsync (17,-23,3)
[+21:04:45.150] VoxelMesh: Chunk X=14 Y=-24 Z=0 FlatVerts=0 SlopeVerts=0
[+21:04:45.150] VoxelMesh: Chunk X=20 Y=-21 Z=3 FlatVerts=0 SlopeVerts=0
[+21:04:45.150] VoxelMesh: Chunk X=18 Y=-24 Z=2 FlatVerts=48 SlopeVerts=96
[+21:04:45.150] VoxelChunk: GenerateAsync (17,-17,3)
[+21:04:45.150] VoxelMesh: Chunk X=20 Y=-19 Z=3 FlatVerts=0 SlopeVerts=0
[+21:04:45.150] VoxelChunk: GenerateAsync (15,-24,1)
[+21:04:45.150] VoxelMesh: Chunk X=18 Y=-20 Z=4 FlatVerts=0 SlopeVerts=0
[+21:04:45.150] VoxelChunk: GenerateAsync (15,-16,1)
[+21:04:45.150] VoxelChunk: GenerateAsync (20,-24,0)
[+21:04:45.150] VoxelChunk: GenerateAsync (22,-20,0)
[+21:04:45.150] VoxelChunk: GenerateAsync (12,-20,0)
[+21:04:45.150] VoxelChunk: GenerateAsync (18,-19,4)
[+21:04:45.150] VoxelMesh: Chunk X=17 Y=-19 Z=4 FlatVerts=0 SlopeVerts=186
[+21:04:45.150] VoxelChunk: GenerateAsync (16,-19,4)
[+21:04:45.150] VoxelChunk: GenerateAsync (16,-25,0)
[+21:04:45.150] VoxelChunk: GenerateAsync (18,-25,0)
[+21:04:45.150] VoxelMesh: Chunk X=16 Y=-20 Z=4 FlatVerts=0 SlopeVerts=6
[+21:04:45.150] VoxelChunk: GenerateAsync (20,-17,2)
[+21:04:45.150] VoxelChunk: GenerateAsync (20,-23,2)
[+21:04:45.150] VoxelMesh: Chunk X=14 Y=-21 Z=3 FlatVerts=18 SlopeVerts=318
[+21:04:45.150] VoxelChunk: GenerateAsync (14,-23,2)
[+21:04:45.150] VoxelChunk: GenerateAsync (14,-17,2)
[+21:04:45.150] VoxelMesh: Chunk X=16 Y=-24 Z=2 FlatVerts=0 SlopeVerts=126
[+21:04:45.150] VoxelChunk: GenerateAsync (22,-21,0)
[+21:04:45.150] VoxelMesh: Chunk X=14 Y=-16 Z=0 FlatVerts=0 SlopeVerts=0
[+21:04:45.150] VoxelChunk: GenerateAsync (18,-15,0)
[+21:04:45.150] VoxelChunk: GenerateAsync (12,-19,0)
[+21:04:45.150] VoxelChunk: GenerateAsync (12,-21,0)
[+21:04:45.150] VoxelChunk: GenerateAsync (16,-15,0)
[+21:04:45.150] VoxelChunk: GenerateAsync (18,-21,4)
[+21:04:45.150] VoxelChunk: GenerateAsync (22,-19,0)
[+21:04:45.150] VoxelChunk: GenerateAsync (16,-21,4)
[+21:04:45.150] VoxelMesh: Chunk X=18 Y=-16 Z=2 FlatVerts=0 SlopeVerts=0
[+21:04:45.150] VoxelChunk: GenerateAsync (15,-24,2)
[+21:04:45.150] VoxelMesh: Chunk X=21 Y=-21 Z=2 FlatVerts=0 SlopeVerts=0
[+21:04:45.150] VoxelMesh: Chunk X=13 Y=-17 Z=0 FlatVerts=0 SlopeVerts=0
[+21:04:45.150] VoxelChunk: GenerateAsync (17,-15,1)
[+21:04:45.150] VoxelChunk: GenerateAsync (19,-20,4)
[+21:04:45.150] VoxelMesh: Chunk X=18 Y=-23 Z=3 FlatVerts=0 SlopeVerts=120
[+21:04:45.150] VoxelChunk: GenerateAsync (13,-22,2)
[+21:04:45.150] VoxelChunk: GenerateAsync (21,-22,2)
[+21:04:45.150] VoxelChunk: GenerateAsync (19,-24,2)
[+21:04:45.150] VoxelMesh: Chunk X=17 Y=-15 Z=0 FlatVerts=0 SlopeVerts=0
[+21:04:45.150] VoxelChunk: GenerateAsync (15,-23,3)
[+21:04:45.150] VoxelMesh: Chunk X=14 Y=-19 Z=3 FlatVerts=6 SlopeVerts=96
[+21:04:45.150] VoxelMesh: Chunk X=13 Y=-21 Z=2 FlatVerts=6 SlopeVerts=174
[+21:04:45.150] VoxelMesh: Chunk X=20 Y=-16 Z=0 FlatVerts=0 SlopeVerts=0
[+21:04:45.150] VoxelChunk: GenerateAsync (13,-23,1)
[+21:04:45.150] VoxelChunk: GenerateAsync (17,-25,1)
[+21:04:45.150] VoxelMesh: Chunk X=13 Y=-19 Z=2 FlatVerts=0 SlopeVerts=66
[+21:04:45.150] VoxelChunk: GenerateAsync (20,-16,1)
[+21:04:45.150] VoxelChunk: GenerateAsync (15,-17,3)
[+21:04:45.150] VoxelChunk: GenerateAsync (13,-18,2)
[+21:04:45.150] VoxelChunk: GenerateAsync (15,-20,4)
[+21:04:45.151] VoxelMesh: Chunk X=16 Y=-16 Z=2 FlatVerts=0 SlopeVerts=48
[+21:04:45.151] VoxelMesh: Chunk X=21 Y=-17 Z=0 FlatVerts=0 SlopeVerts=0
[+21:04:45.151] VoxelMesh: Chunk X=17 Y=-21 Z=4 FlatVerts=0 SlopeVerts=0
[+21:04:45.151] VoxelMesh: Chunk X=21 Y=-19 Z=2 FlatVerts=84 SlopeVerts=156
[+21:04:45.151] VoxelMesh: Chunk X=18 Y=-17 Z=3 FlatVerts=0 SlopeVerts=0
[+21:04:45.151] VoxelMesh: Chunk X=17 Y=-25 Z=0 FlatVerts=0 SlopeVerts=0
[+21:04:45.151] VoxelMesh: Chunk X=16 Y=-23 Z=3 FlatVerts=0 SlopeVerts=0
[+21:04:45.151] VoxelMesh: Chunk X=13 Y=-20 Z=2 FlatVerts=0 SlopeVerts=102
[+21:04:45.151] VoxelMesh: Chunk X=16 Y=-17 Z=3 FlatVerts=18 SlopeVerts=90
[+21:04:45.151] VoxelMesh: Chunk X=17 Y=-16 Z=2 FlatVerts=0 SlopeVerts=0
[+21:04:45.151] VoxelMesh: Chunk X=17 Y=-24 Z=2 FlatVerts=12 SlopeVerts=228
[+21:04:45.151] VoxelMesh: Chunk X=21 Y=-20 Z=2 FlatVerts=0 SlopeVerts=6
[+21:04:45.151] VoxelMesh: Chunk X=14 Y=-20 Z=3 FlatVerts=12 SlopeVerts=276
[+21:04:45.151] VoxelMesh: Chunk X=17 Y=-23 Z=3 FlatVerts=0 SlopeVerts=0
[+21:04:45.151] VoxelMesh: Chunk X=20 Y=-20 Z=3 FlatVerts=0 SlopeVerts=0
[+21:04:45.151] VoxelMesh: Chunk X=17 Y=-20 Z=4 FlatVerts=0 SlopeVerts=18
[+21:04:45.151] VoxelMesh: Chunk X=17 Y=-17 Z=3 FlatVerts=0 SlopeVerts=0
[+21:04:45.151] VoxelMesh: Chunk X=15 Y=-24 Z=1 FlatVerts=0 SlopeVerts=0
[+21:04:45.151] VoxelMesh: Chunk X=15 Y=-16 Z=1 FlatVerts=108 SlopeVerts=18
[+21:04:45.152] VoxelMesh: Chunk X=22 Y=-20 Z=0 FlatVerts=0 SlopeVerts=0
[+21:04:45.152] VoxelMesh: Chunk X=12 Y=-20 Z=0 FlatVerts=0 SlopeVerts=0
[+21:04:45.152] VoxelMesh: Chunk X=20 Y=-23 Z=2 FlatVerts=0 SlopeVerts=18
[+21:04:45.152] VoxelMesh: Chunk X=18 Y=-25 Z=0 FlatVerts=0 SlopeVerts=0
[+21:04:45.152] VoxelMesh: Chunk X=18 Y=-19 Z=4 FlatVerts=0 SlopeVerts=0
[+21:04:45.152] VoxelMesh: Chunk X=14 Y=-23 Z=2 FlatVerts=30 SlopeVerts=30
[+21:04:45.152] VoxelMesh: Chunk X=16 Y=-19 Z=4 FlatVerts=0 SlopeVerts=216
[+21:04:45.152] VoxelMesh: Chunk X=20 Y=-24 Z=0 FlatVerts=0 SlopeVerts=0
[+21:04:45.152] VoxelMesh: Chunk X=22 Y=-21 Z=0 FlatVerts=0 SlopeVerts=0
[+21:04:45.152] VoxelMesh: Chunk X=16 Y=-25 Z=0 FlatVerts=0 SlopeVerts=0
[+21:04:45.152] VoxelMesh: Chunk X=18 Y=-15 Z=0 FlatVerts=0 SlopeVerts=0
[+21:04:45.152] VoxelMesh: Chunk X=12 Y=-19 Z=0 FlatVerts=0 SlopeVerts=0
[+21:04:45.152] VoxelMesh: Chunk X=16 Y=-15 Z=0 FlatVerts=0 SlopeVerts=0
[+21:04:45.153] VoxelMesh: Chunk X=20 Y=-17 Z=2 FlatVerts=0 SlopeVerts=30
[+21:04:45.153] VoxelMesh: Chunk X=12 Y=-21 Z=0 FlatVerts=0 SlopeVerts=0
[+21:04:45.153] VoxelMesh: Chunk X=15 Y=-24 Z=2 FlatVerts=0 SlopeVerts=0
[+21:04:45.153] VoxelMesh: Chunk X=22 Y=-19 Z=0 FlatVerts=0 SlopeVerts=0
[+21:04:45.153] VoxelMesh: Chunk X=17 Y=-15 Z=1 FlatVerts=132 SlopeVerts=0
[+21:04:45.153] VoxelMesh: Chunk X=18 Y=-21 Z=4 FlatVerts=0 SlopeVerts=0
[+21:04:45.153] VoxelMesh: Chunk X=16 Y=-21 Z=4 FlatVerts=0 SlopeVerts=0
[+21:04:45.153] VoxelMesh: Chunk X=13 Y=-22 Z=2 FlatVerts=0 SlopeVerts=78
[+21:04:45.153] VoxelMesh: Chunk X=14 Y=-17 Z=2 FlatVerts=0 SlopeVerts=0
[+21:04:45.153] VoxelMesh: Chunk X=19 Y=-20 Z=4 FlatVerts=0 SlopeVerts=0
[+21:04:45.153] VoxelMesh: Chunk X=19 Y=-24 Z=2 FlatVerts=6 SlopeVerts=156
[+21:04:45.153] VoxelMesh: Chunk X=17 Y=-25 Z=1 FlatVerts=0 SlopeVerts=0
[+21:04:45.153] VoxelMesh: Chunk X=21 Y=-22 Z=2 FlatVerts=0 SlopeVerts=18
[+21:04:45.153] VoxelMesh: Chunk X=20 Y=-16 Z=1 FlatVerts=96 SlopeVerts=0
[+21:04:45.153] VoxelMesh: Chunk X=15 Y=-23 Z=3 FlatVerts=0 SlopeVerts=90
[+21:04:45.153] VoxelMesh: Chunk X=13 Y=-18 Z=2 FlatVerts=0 SlopeVerts=0
[+21:04:45.153] VoxelMesh: Chunk X=15 Y=-20 Z=4 FlatVerts=12 SlopeVerts=42
[+21:04:45.153] VoxelMesh: Chunk X=13 Y=-23 Z=1 FlatVerts=0 SlopeVerts=0
[+21:04:45.153] VoxelMesh: Chunk X=15 Y=-17 Z=3 FlatVerts=0 SlopeVerts=18
[+21:04:45.154] VoxelMesh: Chunk X=14 Y=-22 Z=-5 FlatVerts=0 SlopeVerts=0
[+21:04:45.154] VoxelChunk: GenerateAsync (17,-22,4)
[+21:04:45.156] VoxelMesh: Chunk X=17 Y=-22 Z=4 FlatVerts=0 SlopeVerts=0
[+21:04:45.156] VoxelMesh: Chunk X=20 Y=-22 Z=-5 FlatVerts=0 SlopeVerts=0
[+21:04:45.156] VoxelChunk: GenerateAsync (20,-18,3)
[+21:04:45.158] VoxelMesh: Chunk X=14 Y=-18 Z=-5 FlatVerts=0 SlopeVerts=0
[+21:04:45.158] VoxelChunk: GenerateAsync (17,-18,4)
[+21:04:45.159] VoxelMesh: Chunk X=20 Y=-18 Z=3 FlatVerts=0 SlopeVerts=0
[+21:04:45.160] VoxelMesh: Chunk X=20 Y=-18 Z=-5 FlatVerts=966 SlopeVerts=1494
[+21:04:45.160] VoxelChunk: GenerateAsync (22,-20,1)
[+21:04:45.160] VoxelMesh: Chunk X=17 Y=-18 Z=4 FlatVerts=0 SlopeVerts=0
[+21:04:45.161] VoxelMesh: Chunk X=22 Y=-20 Z=1 FlatVerts=966 SlopeVerts=1494
[+21:04:45.173] VoxelMesh: Chunk X=-1 Y=2 Z=1 FlatVerts=0 SlopeVerts=0
[+21:04:45.173] VoxelChunk: GenerateAsync (-2,1,-4)
[+21:04:45.174] VoxelMesh: Chunk X=-2 Y=1 Z=-4 FlatVerts=0 SlopeVerts=0
[+21:04:45.177] VoxelMesh: Chunk X=15 Y=-23 Z=-5 FlatVerts=318 SlopeVerts=2502
[+21:04:45.179] VoxelChunk: GenerateAsync (21,-18,2)
[+21:04:45.179] VoxelMesh: Chunk X=21 Y=-18 Z=2 FlatVerts=318 SlopeVerts=2502
[+21:04:45.180] VoxelMesh: Chunk X=15 Y=-17 Z=-5 FlatVerts=1806 SlopeVerts=0
[+21:04:45.180] VoxelChunk: GenerateAsync (14,-16,1)
[+21:04:45.181] VoxelMesh: Chunk X=19 Y=-17 Z=-5 FlatVerts=66 SlopeVerts=1758
[+21:04:45.181] VoxelMesh: Chunk X=14 Y=-16 Z=1 FlatVerts=1806 SlopeVerts=0
[+21:04:45.181] VoxelChunk: GenerateAsync (19,-23,3)
[+21:04:45.182] VoxelMesh: Chunk X=14 Y=-23 Z=-4 FlatVerts=0 SlopeVerts=0
[+21:04:45.182] VoxelMesh: Chunk X=19 Y=-23 Z=3 FlatVerts=66 SlopeVerts=1758
[+21:04:45.182] VoxelChunk: GenerateAsync (19,-23,-5)
[+21:04:45.182] VoxelMesh: Chunk X=19 Y=-23 Z=-5 FlatVerts=0 SlopeVerts=0
[+21:04:45.192] VoxelMesh: Chunk X=14 Y=-17 Z=-4 FlatVerts=0 SlopeVerts=0
[+21:04:45.193] VoxelChunk: GenerateAsync (14,-18,3)
[+21:04:45.194] VoxelMesh: Chunk X=20 Y=-23 Z=-4 FlatVerts=0 SlopeVerts=0
[+21:04:45.194] VoxelChunk: GenerateAsync (19,-17,3)
[+21:04:45.195] VoxelMesh: Chunk X=14 Y=-18 Z=3 FlatVerts=0 SlopeVerts=0
[+21:04:45.196] VoxelMesh: Chunk X=20 Y=-17 Z=-4 FlatVerts=36 SlopeVerts=4902
[+21:04:45.196] VoxelChunk: GenerateAsync (14,-22,3)
[+21:04:45.196] VoxelMesh: Chunk X=19 Y=-22 Z=-5 FlatVerts=0 SlopeVerts=66
[+21:04:45.196] VoxelMesh: Chunk X=19 Y=-17 Z=3 FlatVerts=0 SlopeVerts=0
[+21:04:45.196] VoxelChunk: GenerateAsync (20,-22,3)
[+21:04:45.197] VoxelMesh: Chunk X=20 Y=-22 Z=3 FlatVerts=0 SlopeVerts=66
[+21:04:45.197] VoxelMesh: Chunk X=14 Y=-22 Z=3 FlatVerts=36 SlopeVerts=4902
[+21:04:45.204] VoxelMesh: Chunk X=15 Y=-18 Z=-5 FlatVerts=462 SlopeVerts=0
[+21:04:45.204] VoxelChunk: GenerateAsync (13,-17,1)
[+21:04:45.206] VoxelMesh: Chunk X=19 Y=-18 Z=-5 FlatVerts=0 SlopeVerts=0
[+21:04:45.206] VoxelChunk: GenerateAsync (14,-24,1)
[+21:04:45.206] VoxelMesh: Chunk X=13 Y=-17 Z=1 FlatVerts=462 SlopeVerts=0
[+21:04:45.206] VoxelMesh: Chunk X=15 Y=-23 Z=-4 FlatVerts=156 SlopeVerts=270
[+21:04:45.206] VoxelMesh: Chunk X=14 Y=-24 Z=1 FlatVerts=0 SlopeVerts=0
[+21:04:45.206] VoxelChunk: GenerateAsync (12,-20,1)
[+21:04:45.207] VoxelMesh: Chunk X=19 Y=-23 Z=-4 FlatVerts=66 SlopeVerts=162
[+21:04:45.207] VoxelMesh: Chunk X=12 Y=-20 Z=1 FlatVerts=156 SlopeVerts=270
[+21:04:45.207] VoxelChunk: GenerateAsync (21,-17,1)
[+21:04:45.207] VoxelMesh: Chunk X=21 Y=-17 Z=1 FlatVerts=66 SlopeVerts=162
[+21:04:45.213] VoxelMesh: Chunk X=19 Y=-17 Z=-4 FlatVerts=54 SlopeVerts=48
[+21:04:45.215] VoxelChunk: GenerateAsync (20,-24,1)
[+21:04:45.215] VoxelMesh: Chunk X=20 Y=-22 Z=-4 FlatVerts=0 SlopeVerts=0
[+21:04:45.215] VoxelChunk: GenerateAsync (19,-16,2)
[+21:04:45.215] VoxelMesh: Chunk X=20 Y=-24 Z=1 FlatVerts=54 SlopeVerts=48
[+21:04:45.216] VoxelMesh: Chunk X=15 Y=-17 Z=-4 FlatVerts=12 SlopeVerts=300
[+21:04:45.216] VoxelMesh: Chunk X=19 Y=-16 Z=2 FlatVerts=0 SlopeVerts=0
[+21:04:45.216] VoxelChunk: GenerateAsync (21,-23,1)
[+21:04:45.216] VoxelMesh: Chunk X=20 Y=-18 Z=-4 FlatVerts=0 SlopeVerts=0
[+21:04:45.216] VoxelMesh: Chunk X=21 Y=-23 Z=1 FlatVerts=12 SlopeVerts=300
[+21:04:45.216] VoxelChunk: GenerateAsync (15,-16,2)
[+21:04:45.217] VoxelMesh: Chunk X=15 Y=-16 Z=2 FlatVerts=0 SlopeVerts=0
[+21:04:45.225] VoxelMesh: Chunk X=15 Y=-22 Z=-5 FlatVerts=0 SlopeVerts=0
[+21:04:45.225] VoxelChunk: GenerateAsync (22,-18,0)
[+21:04:45.226] VoxelMesh: Chunk X=20 Y=-20 Z=-5 FlatVerts=0 SlopeVerts=0
[+21:04:45.226] VoxelChunk: GenerateAsync (19,-25,0)
[+21:04:45.227] VoxelMesh: Chunk X=14 Y=-18 Z=-4 FlatVerts=0 SlopeVerts=0
[+21:04:45.227] VoxelChunk: GenerateAsync (22,-19,1)
[+21:04:45.227] VoxelMesh: Chunk X=22 Y=-18 Z=0 FlatVerts=0 SlopeVerts=0
[+21:04:45.227] VoxelMesh: Chunk X=19 Y=-25 Z=0 FlatVerts=0 SlopeVerts=0
[+21:04:45.227] VoxelMesh: Chunk X=14 Y=-22 Z=-4 FlatVerts=0 SlopeVerts=954
[+21:04:45.228] VoxelMesh: Chunk X=22 Y=-19 Z=1 FlatVerts=0 SlopeVerts=0
[+21:04:45.228] VoxelChunk: GenerateAsync (16,-18,4)
[+21:04:45.228] VoxelMesh: Chunk X=16 Y=-18 Z=4 FlatVerts=0 SlopeVerts=954
[+21:04:45.234] VoxelMesh: Chunk X=18 Y=-17 Z=-4 FlatVerts=0 SlopeVerts=0
[+21:04:45.235] VoxelChunk: GenerateAsync (15,-15,0)
[+21:04:45.235] VoxelMesh: Chunk X=16 Y=-17 Z=-4 FlatVerts=450 SlopeVerts=0
[+21:04:45.235] VoxelMesh: Chunk X=15 Y=-15 Z=0 FlatVerts=0 SlopeVerts=0
[+21:04:45.235] VoxelChunk: GenerateAsync (18,-15,1)
[+21:04:45.235] VoxelMesh: Chunk X=18 Y=-15 Z=1 FlatVerts=450 SlopeVerts=0
[+21:04:45.235] VoxelMesh: Chunk X=17 Y=-23 Z=-4 FlatVerts=0 SlopeVerts=0
[+21:04:45.235] VoxelChunk: GenerateAsync (19,-21,4)
[+21:04:45.237] VoxelMesh: Chunk X=14 Y=-20 Z=-4 FlatVerts=0 SlopeVerts=0
[+21:04:45.237] VoxelMesh: Chunk X=19 Y=-21 Z=4 FlatVerts=0 SlopeVerts=0
[+21:04:45.237] VoxelChunk: GenerateAsync (15,-25,0)
[+21:04:45.237] VoxelMesh: Chunk X=15 Y=-25 Z=0 FlatVerts=0 SlopeVerts=0
[+21:04:45.245] VoxelMesh: Chunk X=16 Y=-23 Z=-4 FlatVerts=0 SlopeVerts=0
[+21:04:45.245] VoxelChunk: GenerateAsync (12,-22,0)
[+21:04:45.246] VoxelMesh: Chunk X=12 Y=-22 Z=0 FlatVerts=0 SlopeVerts=0
[+21:04:45.246] VoxelMesh: Chunk X=18 Y=-21 Z=-5 FlatVerts=0 SlopeVerts=0
[+21:04:45.246] VoxelChunk: GenerateAsync (18,-18,4)
[+21:04:45.247] VoxelMesh: Chunk X=16 Y=-21 Z=-5 FlatVerts=0 SlopeVerts=0
[+21:04:45.247] VoxelChunk: GenerateAsync (19,-15,0)
[+21:04:45.247] VoxelMesh: Chunk X=20 Y=-20 Z=-4 FlatVerts=456 SlopeVerts=0
[+21:04:45.247] VoxelChunk: GenerateAsync (12,-19,1)
[+21:04:45.247] VoxelMesh: Chunk X=19 Y=-15 Z=0 FlatVerts=0 SlopeVerts=0
[+21:04:45.248] VoxelMesh: Chunk X=18 Y=-18 Z=4 FlatVerts=0 SlopeVerts=0
[+21:04:45.248] VoxelMesh: Chunk X=12 Y=-19 Z=1 FlatVerts=456 SlopeVerts=0
[+21:04:45.254] VoxelMesh: Chunk X=18 Y=-23 Z=-4 FlatVerts=0 SlopeVerts=354
[+21:04:45.255] VoxelChunk: GenerateAsync (15,-19,4)
[+21:04:45.255] VoxelMesh: Chunk X=17 Y=-17 Z=-4 FlatVerts=0 SlopeVerts=0
[+21:04:45.255] VoxelMesh: Chunk X=15 Y=-19 Z=4 FlatVerts=0 SlopeVerts=354
[+21:04:45.255] VoxelChunk: GenerateAsync (16,-22,4)
[+21:04:45.256] VoxelMesh: Chunk X=16 Y=-22 Z=4 FlatVerts=0 SlopeVerts=0
[+21:04:45.256] VoxelMesh: Chunk X=18 Y=-19 Z=-5 FlatVerts=42 SlopeVerts=588
[+21:04:45.256] VoxelChunk: GenerateAsync (15,-21,4)
[+21:04:45.256] VoxelMesh: Chunk X=16 Y=-19 Z=-5 FlatVerts=0 SlopeVerts=0
[+21:04:45.256] VoxelChunk: GenerateAsync (12,-18,0)
[+21:04:45.257] VoxelMesh: Chunk X=12 Y=-18 Z=0 FlatVerts=0 SlopeVerts=0
[+21:04:45.257] VoxelMesh: Chunk X=15 Y=-21 Z=4 FlatVerts=42 SlopeVerts=588
[+21:04:45.263] VoxelMesh: Chunk X=0 Y=2 Z=1 FlatVerts=0 SlopeVerts=0
[+21:04:45.263] VoxelChunk: GenerateAsync (-1,1,-4)
[+21:04:45.264] VoxelMesh: Chunk X=-1 Y=1 Z=-4 FlatVerts=0 SlopeVerts=0
[+21:04:45.267] VoxelMesh: Chunk X=17 Y=-21 Z=-5 FlatVerts=0 SlopeVerts=0
[+21:04:45.267] VoxelChunk: GenerateAsync (19,-19,4)
[+21:04:45.268] VoxelMesh: Chunk X=16 Y=-20 Z=-5 FlatVerts=1776 SlopeVerts=0
[+21:04:45.269] VoxelChunk: GenerateAsync (22,-21,1)
[+21:04:45.269] VoxelMesh: Chunk X=19 Y=-19 Z=4 FlatVerts=0 SlopeVerts=0
[+21:04:45.270] VoxelMesh: Chunk X=18 Y=-20 Z=-5 FlatVerts=1752 SlopeVerts=0
[+21:04:45.270] VoxelMesh: Chunk X=22 Y=-21 Z=1 FlatVerts=1776 SlopeVerts=0
[+21:04:45.270] VoxelChunk: GenerateAsync (16,-15,1)
[+21:04:45.270] VoxelMesh: Chunk X=19 Y=-22 Z=-4 FlatVerts=24 SlopeVerts=90
[+21:04:45.271] VoxelMesh: Chunk X=16 Y=-15 Z=1 FlatVerts=1752 SlopeVerts=0
[+21:04:45.271] VoxelChunk: GenerateAsync (18,-22,4)
[+21:04:45.271] VoxelMesh: Chunk X=18 Y=-22 Z=4 FlatVerts=24 SlopeVerts=90
[+21:04:45.278] VoxelMesh: Chunk X=17 Y=-17 Z=-5 FlatVerts=0 SlopeVerts=0
[+21:04:45.278] VoxelChunk: GenerateAsync (18,-25,1)
[+21:04:45.279] VoxelMesh: Chunk X=17 Y=-23 Z=-5 FlatVerts=144 SlopeVerts=12
[+21:04:45.279] VoxelMesh: Chunk X=18 Y=-25 Z=1 FlatVerts=0 SlopeVerts=0
[+21:04:45.279] VoxelChunk: GenerateAsync (12,-21,1)
[+21:04:45.279] VoxelMesh: Chunk X=14 Y=-21 Z=-4 FlatVerts=0 SlopeVerts=0
[+21:04:45.279] VoxelMesh: Chunk X=12 Y=-21 Z=1 FlatVerts=144 SlopeVerts=12
[+21:04:45.279] VoxelChunk: GenerateAsync (22,-22,0)
[+21:04:45.279] VoxelMesh: Chunk X=22 Y=-22 Z=0 FlatVerts=0 SlopeVerts=0
[+21:04:45.279] VoxelMesh: Chunk X=15 Y=-21 Z=-4 FlatVerts=0 SlopeVerts=0
[+21:04:45.280] VoxelChunk: GenerateAsync (16,-25,1)
[+21:04:45.280] VoxelMesh: Chunk X=16 Y=-25 Z=1 FlatVerts=0 SlopeVerts=0
[+21:04:45.287] VoxelMesh: Chunk X=16 Y=-22 Z=-4 FlatVerts=0 SlopeVerts=0
[+21:04:45.287] VoxelChunk: GenerateAsync (17,-16,3)
[+21:04:45.288] VoxelMesh: Chunk X=20 Y=-21 Z=-4 FlatVerts=0 SlopeVerts=744
[+21:04:45.288] VoxelMesh: Chunk X=17 Y=-16 Z=3 FlatVerts=0 SlopeVerts=0
[+21:04:45.288] VoxelChunk: GenerateAsync (13,-20,3)
[+21:04:45.288] VoxelMesh: Chunk X=19 Y=-19 Z=-4 FlatVerts=0 SlopeVerts=0
[+21:04:45.288] VoxelMesh: Chunk X=13 Y=-20 Z=3 FlatVerts=0 SlopeVerts=744
[+21:04:45.288] VoxelChunk: GenerateAsync (21,-20,3)
[+21:04:45.289] VoxelMesh: Chunk X=19 Y=-21 Z=-4 FlatVerts=24 SlopeVerts=228
[+21:04:45.289] VoxelMesh: Chunk X=21 Y=-20 Z=3 FlatVerts=0 SlopeVerts=0
[+21:04:45.289] VoxelChunk: GenerateAsync (17,-24,3)
[+21:04:45.289] VoxelMesh: Chunk X=17 Y=-24 Z=3 FlatVerts=24 SlopeVerts=228
[+21:04:45.296] VoxelMesh: Chunk X=18 Y=-18 Z=-4 FlatVerts=6 SlopeVerts=894
[+21:04:45.296] VoxelChunk: GenerateAsync (13,-21,3)
[+21:04:45.296] VoxelMesh: Chunk X=14 Y=-20 Z=-5 FlatVerts=0 SlopeVerts=0
[+21:04:45.297] VoxelChunk: GenerateAsync (13,-19,3)
[+21:04:45.297] VoxelMesh: Chunk X=13 Y=-21 Z=3 FlatVerts=6 SlopeVerts=894
[+21:04:45.297] VoxelMesh: Chunk X=14 Y=-19 Z=-4 FlatVerts=0 SlopeVerts=12
[+21:04:45.297] VoxelMesh: Chunk X=13 Y=-19 Z=3 FlatVerts=0 SlopeVerts=0
[+21:04:45.297] VoxelChunk: GenerateAsync (21,-19,3)
[+21:04:45.298] VoxelMesh: Chunk X=20 Y=-19 Z=-4 FlatVerts=0 SlopeVerts=0
[+21:04:45.298] VoxelChunk: GenerateAsync (18,-16,3)
[+21:04:45.298] VoxelMesh: Chunk X=21 Y=-19 Z=3 FlatVerts=0 SlopeVerts=12
[+21:04:45.298] VoxelMesh: Chunk X=18 Y=-16 Z=3 FlatVerts=0 SlopeVerts=0
[+21:04:45.306] VoxelMesh: Chunk X=17 Y=-22 Z=-4 FlatVerts=0 SlopeVerts=0
[+21:04:45.306] VoxelChunk: GenerateAsync (18,-24,3)
[+21:04:45.306] VoxelMesh: Chunk X=15 Y=-20 Z=-4 FlatVerts=0 SlopeVerts=0
[+21:04:45.307] VoxelMesh: Chunk X=18 Y=-24 Z=3 FlatVerts=0 SlopeVerts=0
[+21:04:45.307] VoxelChunk: GenerateAsync (21,-21,3)
[+21:04:45.307] VoxelMesh: Chunk X=18 Y=-23 Z=-5 FlatVerts=0 SlopeVerts=54
[+21:04:45.307] VoxelMesh: Chunk X=21 Y=-21 Z=3 FlatVerts=0 SlopeVerts=0
[+21:04:45.307] VoxelChunk: GenerateAsync (15,-22,4)
[+21:04:45.308] VoxelMesh: Chunk X=19 Y=-20 Z=-4 FlatVerts=18 SlopeVerts=882
[+21:04:45.308] VoxelMesh: Chunk X=15 Y=-22 Z=4 FlatVerts=0 SlopeVerts=54
[+21:04:45.308] VoxelChunk: GenerateAsync (16,-24,3)
[+21:04:45.308] VoxelMesh: Chunk X=16 Y=-24 Z=3 FlatVerts=18 SlopeVerts=882
[+21:04:45.314] VoxelMesh: Chunk X=20 Y=-21 Z=-5 FlatVerts=0 SlopeVerts=0
[+21:04:45.314] VoxelChunk: GenerateAsync (21,-16,0)
[+21:04:45.315] VoxelMesh: Chunk X=21 Y=-16 Z=0 FlatVerts=0 SlopeVerts=0
[+21:04:45.315] VoxelMesh: Chunk X=17 Y=-18 Z=-4 FlatVerts=0 SlopeVerts=0
[+21:04:45.315] VoxelChunk: GenerateAsync (19,-18,4)
[+21:04:45.315] VoxelMesh: Chunk X=18 Y=-17 Z=-5 FlatVerts=0 SlopeVerts=258
[+21:04:45.315] VoxelMesh: Chunk X=19 Y=-18 Z=4 FlatVerts=0 SlopeVerts=0
[+21:04:45.315] VoxelChunk: GenerateAsync (15,-18,4)
[+21:04:45.316] VoxelMesh: Chunk X=14 Y=-19 Z=-5 FlatVerts=0 SlopeVerts=0
[+21:04:45.316] VoxelChunk: GenerateAsync (13,-16,0)
[+21:04:45.316] VoxelMesh: Chunk X=15 Y=-18 Z=4 FlatVerts=0 SlopeVerts=258
[+21:04:45.316] VoxelMesh: Chunk X=13 Y=-16 Z=0 FlatVerts=0 SlopeVerts=0
[+21:04:45.324] VoxelMesh: Chunk X=18 Y=-21 Z=-4 FlatVerts=0 SlopeVerts=0
[+21:04:45.324] VoxelChunk: GenerateAsync (15,-25,1)
[+21:04:45.325] VoxelMesh: Chunk X=16 Y=-21 Z=-4 FlatVerts=0 SlopeVerts=0
[+21:04:45.325] VoxelMesh: Chunk X=15 Y=-25 Z=1 FlatVerts=0 SlopeVerts=0
[+21:04:45.325] VoxelChunk: GenerateAsync (13,-24,0)
[+21:04:45.325] VoxelMesh: Chunk X=17 Y=-22 Z=-5 FlatVerts=0 SlopeVerts=0
[+21:04:45.325] VoxelMesh: Chunk X=13 Y=-24 Z=0 FlatVerts=0 SlopeVerts=0
[+21:04:45.325] VoxelChunk: GenerateAsync (21,-24,0)
[+21:04:45.325] VoxelMesh: Chunk X=17 Y=-18 Z=-5 FlatVerts=0 SlopeVerts=0
[+21:04:45.326] VoxelMesh: Chunk X=21 Y=-24 Z=0 FlatVerts=0 SlopeVerts=0
[+21:04:45.326] VoxelChunk: GenerateAsync (16,-16,3)
[+21:04:45.326] VoxelMesh: Chunk X=16 Y=-16 Z=3 FlatVerts=0 SlopeVerts=0
[+21:04:45.333] VoxelMesh: Chunk X=16 Y=-19 Z=-4 FlatVerts=48 SlopeVerts=36
[+21:04:45.333] VoxelChunk: GenerateAsync (19,-22,4)
[+21:04:45.333] VoxelMesh: Chunk X=18 Y=-19 Z=-4 FlatVerts=12 SlopeVerts=150
[+21:04:45.333] VoxelMesh: Chunk X=19 Y=-22 Z=4 FlatVerts=48 SlopeVerts=36
[+21:04:45.333] VoxelChunk: GenerateAsync (19,-25,1)
[+21:04:45.334] VoxelMesh: Chunk X=18 Y=-22 Z=-4 FlatVerts=474 SlopeVerts=0
[+21:04:45.334] VoxelMesh: Chunk X=19 Y=-25 Z=1 FlatVerts=12 SlopeVerts=150
[+21:04:45.334] VoxelChunk: GenerateAsync (22,-22,1)
[+21:04:45.334] VoxelMesh: Chunk X=16 Y=-20 Z=-4 FlatVerts=444 SlopeVerts=0
[+21:04:45.334] VoxelMesh: Chunk X=22 Y=-22 Z=1 FlatVerts=474 SlopeVerts=0
[+21:04:45.334] VoxelChunk: GenerateAsync (19,-15,1)
[+21:04:45.334] VoxelMesh: Chunk X=19 Y=-15 Z=1 FlatVerts=444 SlopeVerts=0
[+21:04:45.344] VoxelMesh: Chunk X=15 Y=-20 Z=-5 FlatVerts=384 SlopeVerts=0
[+21:04:45.344] VoxelChunk: GenerateAsync (15,-15,1)
[+21:04:45.344] VoxelMesh: Chunk X=19 Y=-20 Z=-5 FlatVerts=0 SlopeVerts=0
[+21:04:45.344] VoxelMesh: Chunk X=15 Y=-15 Z=1 FlatVerts=384 SlopeVerts=0
[+21:04:45.344] VoxelChunk: GenerateAsync (22,-18,1)
[+21:04:45.344] VoxelMesh: Chunk X=15 Y=-19 Z=-4 FlatVerts=462 SlopeVerts=0
[+21:04:45.345] VoxelMesh: Chunk X=22 Y=-18 Z=1 FlatVerts=0 SlopeVerts=0
[+21:04:45.345] VoxelChunk: GenerateAsync (12,-18,1)
[+21:04:45.345] VoxelMesh: Chunk X=16 Y=-18 Z=-4 FlatVerts=102 SlopeVerts=72
[+21:04:45.345] VoxelMesh: Chunk X=12 Y=-18 Z=1 FlatVerts=462 SlopeVerts=0
[+21:04:45.345] VoxelChunk: GenerateAsync (12,-22,1)
[+21:04:45.345] VoxelMesh: Chunk X=12 Y=-22 Z=1 FlatVerts=102 SlopeVerts=72
[+21:04:45.352] VoxelMesh: Chunk X=19 Y=-21 Z=-5 FlatVerts=0 SlopeVerts=0
[+21:04:45.353] VoxelChunk: GenerateAsync (20,-16,2)
[+21:04:45.353] VoxelMesh: Chunk X=19 Y=-19 Z=-5 FlatVerts=0 SlopeVerts=612
[+21:04:45.353] VoxelChunk: GenerateAsync (22,-20,2)
[+21:04:45.353] VoxelMesh: Chunk X=20 Y=-16 Z=2 FlatVerts=0 SlopeVerts=0
[+21:04:45.353] VoxelMesh: Chunk X=20 Y=-19 Z=-5 FlatVerts=0 SlopeVerts=0
[+21:04:45.353] VoxelChunk: GenerateAsync (14,-23,-5)
[+21:04:45.353] VoxelMesh: Chunk X=15 Y=-19 Z=-5 FlatVerts=18 SlopeVerts=342
[+21:04:45.353] VoxelMesh: Chunk X=14 Y=-23 Z=-5 FlatVerts=0 SlopeVerts=0
[+21:04:45.353] VoxelMesh: Chunk X=22 Y=-20 Z=2 FlatVerts=0 SlopeVerts=612
[+21:04:45.353] VoxelChunk: GenerateAsync (17,-25,2)
[+21:04:45.354] VoxelMesh: Chunk X=17 Y=-25 Z=2 FlatVerts=18 SlopeVerts=342
[+21:04:45.360] VoxelMesh: Chunk X=14 Y=-21 Z=-5 FlatVerts=0 SlopeVerts=78
[+21:04:45.362] VoxelChunk: GenerateAsync (14,-24,2)
[+21:04:45.362] VoxelMesh: Chunk X=16 Y=-23 Z=-5 FlatVerts=0 SlopeVerts=0
[+21:04:45.362] VoxelMesh: Chunk X=14 Y=-24 Z=2 FlatVerts=0 SlopeVerts=78
[+21:04:45.362] VoxelChunk: GenerateAsync (20,-17,-5)
[+21:04:45.363] VoxelMesh: Chunk X=17 Y=-20 Z=-4 FlatVerts=0 SlopeVerts=0
[+21:04:45.363] VoxelMesh: Chunk X=20 Y=-17 Z=-5 FlatVerts=0 SlopeVerts=0
[+21:04:45.363] VoxelChunk: GenerateAsync (17,-15,2)
[+21:04:45.363] VoxelMesh: Chunk X=17 Y=-15 Z=2 FlatVerts=0 SlopeVerts=0
[+21:04:45.363] VoxelMesh: Chunk X=17 Y=-20 Z=-5 FlatVerts=0 SlopeVerts=1794
[+21:04:45.363] VoxelChunk: GenerateAsync (20,-24,2)
[+21:04:45.364] VoxelMesh: Chunk X=20 Y=-24 Z=2 FlatVerts=0 SlopeVerts=1794
[+21:04:45.370] VoxelMesh: Chunk X=-1 Y=0 Z=2 FlatVerts=0 SlopeVerts=0
[+21:04:45.370] VoxelChunk: GenerateAsync (0,-1,-4)
[+21:04:45.373] VoxelMesh: Chunk X=0 Y=-1 Z=-4 FlatVerts=0 SlopeVerts=0
[+21:04:45.373] VoxelMesh: Chunk X=19 Y=-18 Z=-4 FlatVerts=18 SlopeVerts=540
[+21:04:45.374] VoxelChunk: GenerateAsync (13,-23,2)
[+21:04:45.374] VoxelMesh: Chunk X=16 Y=-22 Z=-5 FlatVerts=0 SlopeVerts=744
[+21:04:45.374] VoxelMesh: Chunk X=13 Y=-23 Z=2 FlatVerts=18 SlopeVerts=540
[+21:04:45.374] VoxelChunk: GenerateAsync (14,-20,4)
[+21:04:45.375] VoxelMesh: Chunk X=18 Y=-18 Z=-5 FlatVerts=0 SlopeVerts=0
[+21:04:45.375] VoxelChunk: GenerateAsync (14,-16,2)
[+21:04:45.375] VoxelMesh: Chunk X=14 Y=-20 Z=4 FlatVerts=0 SlopeVerts=744
[+21:04:45.375] VoxelMesh: Chunk X=18 Y=-22 Z=-5 FlatVerts=0 SlopeVerts=0
[+21:04:45.375] VoxelChunk: GenerateAsync (20,-20,4)
[+21:04:45.376] VoxelMesh: Chunk X=14 Y=-16 Z=2 FlatVerts=0 SlopeVerts=0
[+21:04:45.376] VoxelMesh: Chunk X=20 Y=-20 Z=4 FlatVerts=0 SlopeVerts=0
[+21:04:45.383] VoxelMesh: Chunk X=16 Y=-17 Z=-5 FlatVerts=0 SlopeVerts=744
[+21:04:45.383] VoxelChunk: GenerateAsync (21,-23,2)
[+21:04:45.383] VoxelMesh: Chunk X=15 Y=-18 Z=-4 FlatVerts=0 SlopeVerts=0
[+21:04:45.383] VoxelMesh: Chunk X=21 Y=-23 Z=2 FlatVerts=0 SlopeVerts=744
[+21:04:45.383] VoxelChunk: GenerateAsync (14,-17,3)
[+21:04:45.384] VoxelMesh: Chunk X=17 Y=-19 Z=-5 FlatVerts=0 SlopeVerts=0
[+21:04:45.384] VoxelChunk: GenerateAsync (14,-17,-5)
[+21:04:45.384] VoxelMesh: Chunk X=14 Y=-17 Z=3 FlatVerts=0 SlopeVerts=0
[+21:04:45.384] VoxelMesh: Chunk X=14 Y=-17 Z=-5 FlatVerts=0 SlopeVerts=0
[+21:04:45.384] VoxelMesh: Chunk X=16 Y=-18 Z=-5 FlatVerts=0 SlopeVerts=828
[+21:04:45.384] VoxelChunk: GenerateAsync (21,-17,2)
[+21:04:45.385] VoxelMesh: Chunk X=21 Y=-17 Z=2 FlatVerts=0 SlopeVerts=828
[+21:04:45.392] VoxelMesh: Chunk X=18 Y=-20 Z=-4 FlatVerts=0 SlopeVerts=0
[+21:04:45.392] VoxelChunk: GenerateAsync (13,-17,2)
[+21:04:45.393] VoxelMesh: Chunk X=17 Y=-21 Z=-4 FlatVerts=0 SlopeVerts=0
[+21:04:45.393] VoxelMesh: Chunk X=13 Y=-17 Z=2 FlatVerts=0 SlopeVerts=0
[+21:04:45.393] VoxelChunk: GenerateAsync (20,-17,3)
[+21:04:45.393] VoxelMesh: Chunk X=17 Y=-19 Z=-4 FlatVerts=0 SlopeVerts=0
[+21:04:45.394] VoxelChunk: GenerateAsync (20,-23,-5)
[+21:04:45.394] VoxelMesh: Chunk X=20 Y=-17 Z=3 FlatVerts=0 SlopeVerts=0
[+21:04:45.394] VoxelMesh: Chunk X=20 Y=-23 Z=-5 FlatVerts=0 SlopeVerts=0
[+21:04:45.394] VoxelMesh: Chunk X=15 Y=-21 Z=-5 FlatVerts=0 SlopeVerts=678
[+21:04:45.394] VoxelChunk: GenerateAsync (12,-20,2)
[+21:04:45.394] VoxelMesh: Chunk X=12 Y=-20 Z=2 FlatVerts=0 SlopeVerts=678
[+21:04:45.401] VoxelMesh: Chunk X=15 Y=-22 Z=-4 FlatVerts=0 SlopeVerts=0
[+21:04:45.401] VoxelChunk: GenerateAsync (17,-17,4)
[+21:04:45.402] VoxelMesh: Chunk X=17 Y=-17 Z=4 FlatVerts=0 SlopeVerts=0
[+21:04:45.409] VoxelMesh: Chunk X=0 Y=0 Z=0 FlatVerts=0 SlopeVerts=6420
[+21:04:45.409] VoxelChunk: GenerateAsync (14,-23,3)
[+21:04:45.411] VoxelMesh: Chunk X=14 Y=-23 Z=3 FlatVerts=294 SlopeVerts=5232
[+21:04:45.414] VoxelMesh: Chunk X=0 Y=0 Z=0 FlatVerts=2766 SlopeVerts=15048
[+21:04:45.415] VoxelChunk: GenerateAsync (20,-23,3)
[+21:04:45.417] VoxelMesh: Chunk X=20 Y=-23 Z=3 FlatVerts=156 SlopeVerts=2526
[+21:04:45.423] VoxelMesh: Chunk X=0 Y=0 Z=0 FlatVerts=0 SlopeVerts=0
[+21:04:45.423] VoxelChunk: GenerateAsync (17,-23,4)
[+21:04:45.425] VoxelMesh: Chunk X=17 Y=-23 Z=4 FlatVerts=0 SlopeVerts=0
[+21:04:45.438] VoxelMesh: Chunk X=0 Y=0 Z=0 FlatVerts=0 SlopeVerts=2148
[+21:04:45.439] VoxelChunk: GenerateAsync (18,-15,2)
[+21:04:45.440] VoxelMesh: Chunk X=18 Y=-15 Z=2 FlatVerts=0 SlopeVerts=0
[+21:04:45.446] VoxelMesh: Chunk X=0 Y=0 Z=0 FlatVerts=3348 SlopeVerts=7668
[+21:04:45.447] VoxelChunk: GenerateAsync (16,-25,2)
[+21:04:45.448] VoxelMesh: Chunk X=16 Y=-25 Z=2 FlatVerts=0 SlopeVerts=84
[+21:04:45.450] VoxelMesh: Chunk X=0 Y=0 Z=0 FlatVerts=3030 SlopeVerts=1302
[+21:04:45.452] VoxelChunk: GenerateAsync (22,-17,0)
[+21:04:45.453] VoxelMesh: Chunk X=22 Y=-17 Z=0 FlatVerts=0 SlopeVerts=0
[+21:04:45.457] VoxelMesh: Chunk X=0 Y=0 Z=0 FlatVerts=36 SlopeVerts=882
[+21:04:45.457] VoxelChunk: GenerateAsync (22,-19,2)
[+21:04:45.458] VoxelMesh: Chunk X=22 Y=-19 Z=2 FlatVerts=30 SlopeVerts=1380
[+21:04:45.473] VoxelMesh: Chunk X=0 Y=0 Z=0 FlatVerts=0 SlopeVerts=0
[+21:04:45.473] VoxelChunk: GenerateAsync (12,-17,0)
[+21:04:45.473] VoxelMesh: Chunk X=12 Y=-17 Z=0 FlatVerts=0 SlopeVerts=0
[+21:04:45.479] VoxelMesh: Chunk X=0 Y=0 Z=0 FlatVerts=624 SlopeVerts=948
[+21:04:45.479] VoxelChunk: GenerateAsync (18,-25,2)
[+21:04:45.480] VoxelMesh: Chunk X=18 Y=-25 Z=2 FlatVerts=612 SlopeVerts=5214
[+21:04:45.487] VoxelMesh: Chunk X=0 Y=0 Z=0 FlatVerts=204 SlopeVerts=38400
[+21:04:45.490] VoxelChunk: GenerateAsync (14,-19,4)
[+21:04:45.493] VoxelMesh: Chunk X=14 Y=-19 Z=4 FlatVerts=0 SlopeVerts=0
[+21:04:45.498] VoxelMesh: Chunk X=0 Y=0 Z=0 FlatVerts=0 SlopeVerts=0
[+21:04:45.498] VoxelChunk: GenerateAsync (16,-23,4)
[+21:04:45.499] VoxelMesh: Chunk X=16 Y=-23 Z=4 FlatVerts=0 SlopeVerts=0
[+21:04:45.509] VoxelMesh: Chunk X=1 Y=2 Z=1 FlatVerts=0 SlopeVerts=0
[+21:04:45.509] VoxelChunk: GenerateAsync (0,1,-4)
[+21:04:45.510] VoxelMesh: Chunk X=0 Y=1 Z=-4 FlatVerts=0 SlopeVerts=0
[+21:04:45.514] VoxelMesh: Chunk X=0 Y=0 Z=0 FlatVerts=4452 SlopeVerts=1356
[+21:04:45.515] VoxelChunk: GenerateAsync (14,-25,0)
[+21:04:45.517] VoxelMesh: Chunk X=14 Y=-25 Z=0 FlatVerts=0 SlopeVerts=0
[+21:04:45.522] VoxelMesh: Chunk X=0 Y=0 Z=0 FlatVerts=12 SlopeVerts=14148
[+21:04:45.523] VoxelChunk: GenerateAsync (12,-21,2)
[+21:04:45.525] VoxelMesh: Chunk X=12 Y=-21 Z=2 FlatVerts=336 SlopeVerts=3018
[+21:04:45.527] VoxelMesh: Chunk X=0 Y=0 Z=0 FlatVerts=6306 SlopeVerts=1728
[+21:04:45.528] VoxelChunk: GenerateAsync (22,-23,0)
[+21:04:45.528] VoxelMesh: Chunk X=22 Y=-23 Z=0 FlatVerts=0 SlopeVerts=0
[+21:04:45.534] VoxelMesh: Chunk X=0 Y=0 Z=0 FlatVerts=0 SlopeVerts=234
[+21:04:45.535] VoxelChunk: GenerateAsync (22,-21,2)
[+21:04:45.535] VoxelMesh: Chunk X=22 Y=-21 Z=2 FlatVerts=0 SlopeVerts=0
[+21:04:45.548] VoxelMesh: Chunk X=0 Y=0 Z=0 FlatVerts=0 SlopeVerts=240
[+21:04:45.548] VoxelChunk: GenerateAsync (20,-19,4)
[+21:04:45.551] VoxelMesh: Chunk X=20 Y=-19 Z=4 FlatVerts=0 SlopeVerts=0
[+21:04:45.554] VoxelMesh: Chunk X=0 Y=0 Z=0 FlatVerts=108 SlopeVerts=864
[+21:04:45.554] VoxelChunk: GenerateAsync (12,-23,0)
[+21:04:45.555] VoxelMesh: Chunk X=12 Y=-23 Z=0 FlatVerts=0 SlopeVerts=0
[+21:04:45.559] VoxelMesh: Chunk X=0 Y=0 Z=0 FlatVerts=816 SlopeVerts=2526
[+21:04:45.559] VoxelChunk: GenerateAsync (20,-15,0)
[+21:04:45.559] VoxelMesh: Chunk X=20 Y=-15 Z=0 FlatVerts=0 SlopeVerts=0
[+21:04:45.566] VoxelMesh: Chunk X=0 Y=0 Z=0 FlatVerts=126 SlopeVerts=23538
[+21:04:45.567] VoxelChunk: GenerateAsync (14,-21,4)
[+21:04:45.569] VoxelMesh: Chunk X=14 Y=-21 Z=4 FlatVerts=0 SlopeVerts=2982
[+21:04:45.584] VoxelMesh: Chunk X=0 Y=0 Z=0 FlatVerts=2052 SlopeVerts=9024
[+21:04:45.586] VoxelChunk: GenerateAsync (20,-21,4)
[+21:04:45.589] VoxelMesh: Chunk X=20 Y=-21 Z=4 FlatVerts=0 SlopeVerts=0
[+21:04:45.593] VoxelMesh: Chunk X=0 Y=0 Z=0 FlatVerts=0 SlopeVerts=36
[+21:04:45.594] VoxelChunk: GenerateAsync (18,-23,4)
[+21:04:45.595] VoxelMesh: Chunk X=18 Y=-23 Z=4 FlatVerts=78 SlopeVerts=456
[+21:04:45.599] VoxelMesh: Chunk X=0 Y=0 Z=0 FlatVerts=0 SlopeVerts=0
[+21:04:45.600] VoxelChunk: GenerateAsync (18,-17,4)
[+21:04:45.601] VoxelMesh: Chunk X=18 Y=-17 Z=4 FlatVerts=0 SlopeVerts=0
[+21:04:45.605] VoxelMesh: Chunk X=0 Y=0 Z=0 FlatVerts=822 SlopeVerts=1620
[+21:04:45.606] VoxelChunk: GenerateAsync (20,-25,0)
[+21:04:45.607] VoxelMesh: Chunk X=20 Y=-25 Z=0 FlatVerts=0 SlopeVerts=0
[+21:04:45.614] VoxelMesh: Chunk X=2 Y=2 Z=1 FlatVerts=0 SlopeVerts=0
[+21:04:45.614] VoxelChunk: GenerateAsync (-3,-3,-4)
[+21:04:45.615] VoxelMesh: Chunk X=-3 Y=-3 Z=-4 FlatVerts=0 SlopeVerts=0
[+21:04:45.621] VoxelMesh: Chunk X=0 Y=0 Z=0 FlatVerts=24 SlopeVerts=21474
[+21:04:45.622] VoxelChunk: GenerateAsync (12,-19,2)
[+21:04:45.625] VoxelMesh: Chunk X=12 Y=-19 Z=2 FlatVerts=0 SlopeVerts=0
[+21:04:45.628] VoxelMesh: Chunk X=0 Y=0 Z=0 FlatVerts=12 SlopeVerts=120
[+21:04:45.629] VoxelChunk: GenerateAsync (14,-15,0)
[+21:04:45.629] VoxelMesh: Chunk X=14 Y=-15 Z=0 FlatVerts=0 SlopeVerts=0
[+21:04:45.633] VoxelMesh: Chunk X=0 Y=0 Z=0 FlatVerts=546 SlopeVerts=18618
[+21:04:45.634] VoxelChunk: GenerateAsync (16,-15,2)
[+21:04:45.637] VoxelMesh: Chunk X=16 Y=-15 Z=2 FlatVerts=0 SlopeVerts=0
[+21:04:45.642] VoxelMesh: Chunk X=0 Y=0 Z=0 FlatVerts=6 SlopeVerts=15288
[+21:04:45.643] VoxelChunk: GenerateAsync (16,-17,4)
[+21:04:45.645] VoxelMesh: Chunk X=16 Y=-17 Z=4 FlatVerts=0 SlopeVerts=0
[+21:04:45.653] VoxelChunk: GenerateAsync (17,-17,4)
[+21:04:45.653] VoxelChunk: GenerateAsync (12,-20,2)
[+21:04:45.654] VoxelChunk: GenerateAsync (20,-17,3)
[+21:04:45.654] VoxelChunk: GenerateAsync (13,-17,2)
[+21:04:45.654] VoxelChunk: GenerateAsync (21,-17,2)
[+21:04:45.654] VoxelChunk: GenerateAsync (14,-17,3)
[+21:04:45.654] VoxelChunk: GenerateAsync (21,-23,2)
[+21:04:45.654] VoxelChunk: GenerateAsync (20,-20,4)
[+21:04:45.654] VoxelChunk: GenerateAsync (14,-16,2)
[+21:04:45.654] VoxelChunk: GenerateAsync (14,-20,4)
[+21:04:45.654] VoxelChunk: GenerateAsync (13,-23,2)
[+21:04:45.654] VoxelChunk: GenerateAsync (20,-24,2)
[+21:04:45.654] VoxelChunk: GenerateAsync (17,-15,2)
[+21:04:45.654] VoxelChunk: GenerateAsync (14,-24,2)
[+21:04:45.654] VoxelChunk: GenerateAsync (17,-25,2)
[+21:04:45.654] VoxelChunk: GenerateAsync (22,-20,2)
[+21:04:45.654] VoxelChunk: GenerateAsync (20,-16,2)
[+21:04:45.654] VoxelChunk: GenerateAsync (12,-22,1)
[+21:04:45.654] VoxelChunk: GenerateAsync (12,-18,1)
[+21:04:45.654] VoxelChunk: GenerateAsync (22,-18,1)
[+21:04:45.654] VoxelChunk: GenerateAsync (15,-15,1)
[+21:04:45.654] VoxelChunk: GenerateAsync (19,-15,1)
[+21:04:45.654] VoxelChunk: GenerateAsync (22,-22,1)
[+21:04:45.654] VoxelMesh: Chunk X=21 Y=-23 Z=2 FlatVerts=0 SlopeVerts=174
[+21:04:45.654] VoxelChunk: GenerateAsync (19,-25,1)
[+21:04:45.654] VoxelChunk: GenerateAsync (19,-22,4)
[+21:04:45.654] VoxelMesh: Chunk X=12 Y=-20 Z=2 FlatVerts=0 SlopeVerts=174
[+21:04:45.654] VoxelMesh: Chunk X=17 Y=-17 Z=4 FlatVerts=0 SlopeVerts=0
[+21:04:45.654] VoxelChunk: GenerateAsync (16,-16,3)
[+21:04:45.654] VoxelMesh: Chunk X=13 Y=-17 Z=2 FlatVerts=0 SlopeVerts=0
[+21:04:45.655] VoxelMesh: Chunk X=21 Y=-17 Z=2 FlatVerts=0 SlopeVerts=198
[+21:04:45.655] VoxelChunk: GenerateAsync (21,-24,0)
[+21:04:45.655] VoxelChunk: GenerateAsync (13,-24,0)
[+21:04:45.655] VoxelChunk: GenerateAsync (15,-25,1)
[+21:04:45.655] VoxelChunk: GenerateAsync (13,-16,0)
[+21:04:45.655] VoxelMesh: Chunk X=20 Y=-17 Z=3 FlatVerts=0 SlopeVerts=0
[+21:04:45.655] VoxelChunk: GenerateAsync (15,-18,4)
[+21:04:45.655] VoxelMesh: Chunk X=20 Y=-20 Z=4 FlatVerts=0 SlopeVerts=0
[+21:04:45.655] VoxelChunk: GenerateAsync (19,-18,4)
[+21:04:45.655] VoxelChunk: GenerateAsync (21,-16,0)
[+21:04:45.655] VoxelChunk: GenerateAsync (16,-24,3)
[+21:04:45.655] VoxelChunk: GenerateAsync (15,-22,4)
[+21:04:45.655] VoxelChunk: GenerateAsync (21,-21,3)
[+21:04:45.655] VoxelMesh: Chunk X=14 Y=-17 Z=3 FlatVerts=0 SlopeVerts=0
[+21:04:45.655] VoxelChunk: GenerateAsync (18,-24,3)
[+21:04:45.655] VoxelMesh: Chunk X=13 Y=-23 Z=2 FlatVerts=12 SlopeVerts=120
[+21:04:45.655] VoxelChunk: GenerateAsync (18,-16,3)
[+21:04:45.655] VoxelChunk: GenerateAsync (21,-19,3)
[+21:04:45.655] VoxelMesh: Chunk X=20 Y=-24 Z=2 FlatVerts=6 SlopeVerts=126
[+21:04:45.655] VoxelMesh: Chunk X=14 Y=-16 Z=2 FlatVerts=0 SlopeVerts=0
[+21:04:45.655] VoxelChunk: GenerateAsync (13,-19,3)
[+21:04:45.655] VoxelMesh: Chunk X=14 Y=-24 Z=2 FlatVerts=0 SlopeVerts=12
[+21:04:45.655] VoxelMesh: Chunk X=17 Y=-25 Z=2 FlatVerts=6 SlopeVerts=54
[+21:04:45.655] VoxelChunk: GenerateAsync (13,-21,3)
[+21:04:45.655] VoxelMesh: Chunk X=17 Y=-15 Z=2 FlatVerts=0 SlopeVerts=0
[+21:04:45.655] VoxelChunk: GenerateAsync (17,-24,3)
[+21:04:45.655] VoxelChunk: GenerateAsync (21,-20,3)
[+21:04:45.655] VoxelChunk: GenerateAsync (13,-20,3)
[+21:04:45.655] VoxelChunk: GenerateAsync (17,-16,3)
[+21:04:45.655] VoxelMesh: Chunk X=12 Y=-22 Z=1 FlatVerts=42 SlopeVerts=0
[+21:04:45.655] VoxelChunk: GenerateAsync (16,-25,1)
[+21:04:45.655] VoxelChunk: GenerateAsync (22,-22,0)
[+21:04:45.655] VoxelMesh: Chunk X=14 Y=-20 Z=4 FlatVerts=0 SlopeVerts=174
[+21:04:45.655] VoxelChunk: GenerateAsync (12,-21,1)
[+21:04:45.655] VoxelChunk: GenerateAsync (18,-25,1)
[+21:04:45.655] VoxelChunk: GenerateAsync (18,-22,4)
[+21:04:45.655] VoxelMesh: Chunk X=12 Y=-18 Z=1 FlatVerts=126 SlopeVerts=0
[+21:04:45.655] VoxelMesh: Chunk X=22 Y=-20 Z=2 FlatVerts=0 SlopeVerts=144
[+21:04:45.655] VoxelChunk: GenerateAsync (16,-15,1)
[+21:04:45.655] VoxelMesh: Chunk X=19 Y=-15 Z=1 FlatVerts=96 SlopeVerts=0
[+21:04:45.655] VoxelMesh: Chunk X=15 Y=-15 Z=1 FlatVerts=96 SlopeVerts=0
[+21:04:45.655] VoxelChunk: GenerateAsync (22,-21,1)
[+21:04:45.655] VoxelChunk: GenerateAsync (19,-19,4)
[+21:04:45.655] VoxelChunk: GenerateAsync (12,-18,0)
[+21:04:45.655] VoxelMesh: Chunk X=22 Y=-18 Z=1 FlatVerts=0 SlopeVerts=0
[+21:04:45.655] VoxelChunk: GenerateAsync (15,-21,4)
[+21:04:45.655] VoxelMesh: Chunk X=22 Y=-22 Z=1 FlatVerts=114 SlopeVerts=0
[+21:04:45.655] VoxelMesh: Chunk X=19 Y=-25 Z=1 FlatVerts=6 SlopeVerts=12
[+21:04:45.655] VoxelChunk: GenerateAsync (16,-22,4)
[+21:04:45.655] VoxelChunk: GenerateAsync (15,-19,4)
[+21:04:45.655] VoxelChunk: GenerateAsync (12,-19,1)
[+21:04:45.655] VoxelChunk: GenerateAsync (19,-15,0)
[+21:04:45.655] VoxelMesh: Chunk X=20 Y=-16 Z=2 FlatVerts=0 SlopeVerts=0
[+21:04:45.655] VoxelMesh: Chunk X=13 Y=-16 Z=0 FlatVerts=0 SlopeVerts=0
[+21:04:45.655] VoxelChunk: GenerateAsync (18,-18,4)
[+21:04:45.655] VoxelChunk: GenerateAsync (12,-22,0)
[+21:04:45.655] VoxelChunk: GenerateAsync (15,-25,0)
[+21:04:45.655] VoxelChunk: GenerateAsync (19,-21,4)
[+21:04:45.655] VoxelChunk: GenerateAsync (18,-15,1)
[+21:04:45.655] VoxelChunk: GenerateAsync (15,-15,0)
[+21:04:45.655] VoxelChunk: GenerateAsync (16,-18,4)
[+21:04:45.655] VoxelChunk: GenerateAsync (22,-19,1)
[+21:04:45.655] VoxelChunk: GenerateAsync (19,-25,0)
[+21:04:45.655] VoxelChunk: GenerateAsync (22,-18,0)
[+21:04:45.655] VoxelChunk: GenerateAsync (15,-16,2)
[+21:04:45.655] VoxelChunk: GenerateAsync (21,-23,1)
[+21:04:45.655] VoxelMesh: Chunk X=19 Y=-22 Z=4 FlatVerts=18 SlopeVerts=12
[+21:04:45.655] VoxelChunk: GenerateAsync (19,-16,2)
[+21:04:45.655] VoxelChunk: GenerateAsync (20,-24,1)
[+21:04:45.655] VoxelChunk: GenerateAsync (21,-17,1)
[+21:04:45.655] VoxelChunk: GenerateAsync (12,-20,1)
[+21:04:45.655] VoxelMesh: Chunk X=13 Y=-24 Z=0 FlatVerts=0 SlopeVerts=0
[+21:04:45.655] VoxelMesh: Chunk X=21 Y=-24 Z=0 FlatVerts=0 SlopeVerts=0
[+21:04:45.655] VoxelMesh: Chunk X=16 Y=-16 Z=3 FlatVerts=0 SlopeVerts=0
[+21:04:45.655] VoxelChunk: GenerateAsync (14,-24,1)
[+21:04:45.655] VoxelChunk: GenerateAsync (13,-17,1)
[+21:04:45.655] VoxelChunk: GenerateAsync (20,-22,3)
[+21:04:45.655] VoxelMesh: Chunk X=21 Y=-16 Z=0 FlatVerts=0 SlopeVerts=0
[+21:04:45.655] VoxelMesh: Chunk X=15 Y=-25 Z=1 FlatVerts=0 SlopeVerts=0
[+21:04:45.655] VoxelChunk: GenerateAsync (14,-22,3)
[+21:04:45.655] VoxelMesh: Chunk X=15 Y=-18 Z=4 FlatVerts=0 SlopeVerts=54
[+21:04:45.655] VoxelChunk: GenerateAsync (19,-17,3)
[+21:04:45.655] VoxelChunk: GenerateAsync (14,-18,3)
[+21:04:45.655] VoxelChunk: GenerateAsync (19,-23,3)
[+21:04:45.655] VoxelChunk: GenerateAsync (14,-16,1)
[+21:04:45.655] VoxelChunk: GenerateAsync (21,-18,2)
[+21:04:45.655] VoxelChunk: GenerateAsync (22,-20,1)
[+21:04:45.655] VoxelChunk: GenerateAsync (17,-18,4)
[+21:04:45.655] VoxelChunk: GenerateAsync (20,-18,3)
[+21:04:45.655] VoxelChunk: GenerateAsync (17,-22,4)
[+21:04:45.655] VoxelChunk: GenerateAsync (14,-23,3)
[+21:04:45.655] VoxelMesh: Chunk X=19 Y=-18 Z=4 FlatVerts=0 SlopeVerts=0
[+21:04:45.655] VoxelChunk: GenerateAsync (20,-23,3)
[+21:04:45.655] VoxelMesh: Chunk X=16 Y=-24 Z=3 FlatVerts=0 SlopeVerts=180
[+21:04:45.655] VoxelChunk: GenerateAsync (17,-23,4)
[+21:04:45.655] VoxelMesh: Chunk X=21 Y=-21 Z=3 FlatVerts=0 SlopeVerts=0
[+21:04:45.655] VoxelChunk: GenerateAsync (18,-15,2)
[+21:04:45.655] VoxelMesh: Chunk X=18 Y=-24 Z=3 FlatVerts=0 SlopeVerts=0
[+21:04:45.655] VoxelMesh: Chunk X=18 Y=-16 Z=3 FlatVerts=0 SlopeVerts=0
[+21:04:45.655] VoxelChunk: GenerateAsync (16,-25,2)
[+21:04:45.656] VoxelChunk: GenerateAsync (22,-17,0)
[+21:04:45.656] VoxelChunk: GenerateAsync (22,-19,2)
[+21:04:45.656] VoxelChunk: GenerateAsync (12,-17,0)
[+21:04:45.656] VoxelChunk: GenerateAsync (18,-25,2)
[+21:04:45.656] VoxelChunk: GenerateAsync (14,-19,4)
[+21:04:45.656] VoxelChunk: GenerateAsync (16,-23,4)
[+21:04:45.656] VoxelChunk: GenerateAsync (14,-25,0)
[+21:04:45.656] VoxelMesh: Chunk X=15 Y=-22 Z=4 FlatVerts=0 SlopeVerts=24
[+21:04:45.656] VoxelMesh: Chunk X=21 Y=-19 Z=3 FlatVerts=0 SlopeVerts=0
[+21:04:45.656] VoxelMesh: Chunk X=13 Y=-19 Z=3 FlatVerts=0 SlopeVerts=0
[+21:04:45.656] VoxelChunk: GenerateAsync (12,-21,2)
[+21:04:45.656] VoxelChunk: GenerateAsync (22,-23,0)
[+21:04:45.656] VoxelChunk: GenerateAsync (22,-21,2)
[+21:04:45.656] VoxelChunk: GenerateAsync (20,-19,4)
[+21:04:45.656] VoxelChunk: GenerateAsync (12,-23,0)
[+21:04:45.656] VoxelChunk: GenerateAsync (20,-15,0)
[+21:04:45.656] VoxelMesh: Chunk X=22 Y=-22 Z=0 FlatVerts=0 SlopeVerts=0
[+21:04:45.656] VoxelChunk: GenerateAsync (14,-21,4)
[+21:04:45.656] VoxelChunk: GenerateAsync (20,-21,4)
[+21:04:45.656] VoxelMesh: Chunk X=13 Y=-21 Z=3 FlatVerts=0 SlopeVerts=192
[+21:04:45.656] VoxelChunk: GenerateAsync (18,-23,4)
[+21:04:45.656] VoxelChunk: GenerateAsync (18,-17,4)
[+21:04:45.656] VoxelChunk: GenerateAsync (20,-25,0)
[+21:04:45.656] VoxelChunk: GenerateAsync (12,-19,2)
[+21:04:45.656] VoxelMesh: Chunk X=17 Y=-16 Z=3 FlatVerts=0 SlopeVerts=0
[+21:04:45.656] VoxelChunk: GenerateAsync (14,-15,0)
[+21:04:45.656] VoxelMesh: Chunk X=17 Y=-24 Z=3 FlatVerts=0 SlopeVerts=42
[+21:04:45.656] VoxelMesh: Chunk X=13 Y=-20 Z=3 FlatVerts=0 SlopeVerts=192
[+21:04:45.656] VoxelChunk: GenerateAsync (16,-15,2)
[+21:04:45.656] VoxelChunk: GenerateAsync (16,-17,4)
[+21:04:45.656] VoxelMesh: Chunk X=12 Y=-21 Z=1 FlatVerts=30 SlopeVerts=6
[+21:04:45.656] VoxelMesh: Chunk X=18 Y=-25 Z=1 FlatVerts=0 SlopeVerts=0
[+21:04:45.656] VoxelMesh: Chunk X=21 Y=-20 Z=3 FlatVerts=0 SlopeVerts=0
[+21:04:45.657] VoxelMesh: Chunk X=12 Y=-18 Z=0 FlatVerts=0 SlopeVerts=0
[+21:04:45.657] VoxelMesh: Chunk X=16 Y=-25 Z=1 FlatVerts=0 SlopeVerts=0
[+21:04:45.657] VoxelMesh: Chunk X=16 Y=-15 Z=1 FlatVerts=108 SlopeVerts=0
[+21:04:45.657] VoxelMesh: Chunk X=22 Y=-21 Z=1 FlatVerts=120 SlopeVerts=0
[+21:04:45.657] VoxelMesh: Chunk X=18 Y=-22 Z=4 FlatVerts=0 SlopeVerts=36
[+21:04:45.657] VoxelMesh: Chunk X=19 Y=-15 Z=0 FlatVerts=0 SlopeVerts=0
[+21:04:45.657] VoxelMesh: Chunk X=12 Y=-19 Z=1 FlatVerts=114 SlopeVerts=0
[+21:04:45.657] VoxelMesh: Chunk X=16 Y=-22 Z=4 FlatVerts=0 SlopeVerts=0
[+21:04:45.657] VoxelMesh: Chunk X=19 Y=-19 Z=4 FlatVerts=0 SlopeVerts=0
[+21:04:45.657] VoxelMesh: Chunk X=12 Y=-22 Z=0 FlatVerts=0 SlopeVerts=0
[+21:04:45.657] VoxelMesh: Chunk X=15 Y=-21 Z=4 FlatVerts=6 SlopeVerts=102
[+21:04:45.657] VoxelMesh: Chunk X=15 Y=-19 Z=4 FlatVerts=0 SlopeVerts=66
[+21:04:45.657] VoxelMesh: Chunk X=15 Y=-15 Z=0 FlatVerts=0 SlopeVerts=0
[+21:04:45.657] VoxelMesh: Chunk X=18 Y=-15 Z=1 FlatVerts=96 SlopeVerts=0
[+21:04:45.657] VoxelMesh: Chunk X=18 Y=-18 Z=4 FlatVerts=0 SlopeVerts=0
[+21:04:45.657] VoxelMesh: Chunk X=15 Y=-25 Z=0 FlatVerts=0 SlopeVerts=0
[+21:04:45.657] VoxelMesh: Chunk X=19 Y=-21 Z=4 FlatVerts=0 SlopeVerts=0
[+21:04:45.657] VoxelMesh: Chunk X=19 Y=-25 Z=0 FlatVerts=0 SlopeVerts=0
[+21:04:45.657] VoxelMesh: Chunk X=22 Y=-19 Z=1 FlatVerts=0 SlopeVerts=0
[+21:04:45.657] VoxelMesh: Chunk X=16 Y=-18 Z=4 FlatVerts=0 SlopeVerts=210
[+21:04:45.657] VoxelMesh: Chunk X=22 Y=-18 Z=0 FlatVerts=0 SlopeVerts=0
[+21:04:45.657] VoxelMesh: Chunk X=15 Y=-16 Z=2 FlatVerts=0 SlopeVerts=0
[+21:04:45.657] VoxelMesh: Chunk X=21 Y=-23 Z=1 FlatVerts=0 SlopeVerts=60
[+21:04:45.657] VoxelMesh: Chunk X=21 Y=-17 Z=1 FlatVerts=24 SlopeVerts=24
[+21:04:45.657] VoxelMesh: Chunk X=20 Y=-24 Z=1 FlatVerts=24 SlopeVerts=0
[+21:04:45.657] VoxelMesh: Chunk X=19 Y=-16 Z=2 FlatVerts=0 SlopeVerts=0
[+21:04:45.657] VoxelMesh: Chunk X=12 Y=-20 Z=1 FlatVerts=54 SlopeVerts=36
[+21:04:45.657] VoxelMesh: Chunk X=13 Y=-17 Z=1 FlatVerts=96 SlopeVerts=0
[+21:04:45.657] VoxelMesh: Chunk X=14 Y=-24 Z=1 FlatVerts=0 SlopeVerts=0
[+21:04:45.657] VoxelMesh: Chunk X=20 Y=-22 Z=3 FlatVerts=0 SlopeVerts=30
[+21:04:45.658] VoxelMesh: Chunk X=14 Y=-22 Z=3 FlatVerts=36 SlopeVerts=174
[+21:04:45.658] VoxelMesh: Chunk X=19 Y=-23 Z=3 FlatVerts=6 SlopeVerts=108
[+21:04:45.658] VoxelMesh: Chunk X=14 Y=-16 Z=1 FlatVerts=96 SlopeVerts=0
[+21:04:45.658] VoxelMesh: Chunk X=19 Y=-17 Z=3 FlatVerts=0 SlopeVerts=0
[+21:04:45.658] VoxelMesh: Chunk X=21 Y=-18 Z=2 FlatVerts=90 SlopeVerts=72
[+21:04:45.658] VoxelMesh: Chunk X=22 Y=-20 Z=1 FlatVerts=132 SlopeVerts=24
[+21:04:45.658] VoxelMesh: Chunk X=14 Y=-18 Z=3 FlatVerts=0 SlopeVerts=0
[+21:04:45.658] VoxelMesh: Chunk X=17 Y=-18 Z=4 FlatVerts=0 SlopeVerts=0
[+21:04:45.658] VoxelMesh: Chunk X=20 Y=-23 Z=3 FlatVerts=24 SlopeVerts=126
[+21:04:45.658] VoxelMesh: Chunk X=17 Y=-22 Z=4 FlatVerts=0 SlopeVerts=0
[+21:04:45.658] VoxelMesh: Chunk X=14 Y=-23 Z=3 FlatVerts=48 SlopeVerts=246
[+21:04:45.658] VoxelMesh: Chunk X=20 Y=-18 Z=3 FlatVerts=0 SlopeVerts=0
[+21:04:45.658] VoxelMesh: Chunk X=18 Y=-15 Z=2 FlatVerts=0 SlopeVerts=0
[+21:04:45.658] VoxelMesh: Chunk X=17 Y=-23 Z=4 FlatVerts=0 SlopeVerts=0
[+21:04:45.658] VoxelMesh: Chunk X=12 Y=-17 Z=0 FlatVerts=0 SlopeVerts=0
[+21:04:45.658] VoxelMesh: Chunk X=22 Y=-17 Z=0 FlatVerts=0 SlopeVerts=0
[+21:04:45.658] VoxelMesh: Chunk X=16 Y=-25 Z=2 FlatVerts=0 SlopeVerts=0
[+21:04:45.658] VoxelMesh: Chunk X=19 Y=-23 Z=-5 FlatVerts=0 SlopeVerts=0
[+21:04:45.658] VoxelMesh: Chunk X=22 Y=-19 Z=2 FlatVerts=0 SlopeVerts=84
[+21:04:45.658] VoxelMesh: Chunk X=18 Y=-25 Z=2 FlatVerts=126 SlopeVerts=132
[+21:04:45.658] VoxelMesh: Chunk X=22 Y=-23 Z=0 FlatVerts=0 SlopeVerts=0
[+21:04:45.658] VoxelMesh: Chunk X=20 Y=-15 Z=0 FlatVerts=0 SlopeVerts=0
[+21:04:45.658] VoxelMesh: Chunk X=14 Y=-25 Z=0 FlatVerts=0 SlopeVerts=0
[+21:04:45.658] VoxelMesh: Chunk X=12 Y=-21 Z=2 FlatVerts=24 SlopeVerts=150
[+21:04:45.658] VoxelMesh: Chunk X=16 Y=-23 Z=4 FlatVerts=0 SlopeVerts=0
[+21:04:45.658] VoxelMesh: Chunk X=14 Y=-19 Z=4 FlatVerts=0 SlopeVerts=0
[+21:04:45.658] VoxelMesh: Chunk X=12 Y=-23 Z=0 FlatVerts=0 SlopeVerts=0
[+21:04:45.658] VoxelChunk: GenerateAsync (19,-16,3)
[+21:04:45.658] VoxelMesh: Chunk X=22 Y=-21 Z=2 FlatVerts=0 SlopeVerts=0
[+21:04:45.660] VoxelMesh: Chunk X=14 Y=-15 Z=0 FlatVerts=0 SlopeVerts=0
[+21:04:45.660] VoxelMesh: Chunk X=20 Y=-19 Z=4 FlatVerts=0 SlopeVerts=0
[+21:04:45.660] VoxelMesh: Chunk X=20 Y=-21 Z=4 FlatVerts=0 SlopeVerts=0
[+21:04:45.660] VoxelMesh: Chunk X=18 Y=-23 Z=4 FlatVerts=0 SlopeVerts=30
[+21:04:45.660] VoxelMesh: Chunk X=20 Y=-25 Z=0 FlatVerts=0 SlopeVerts=0
[+21:04:45.660] VoxelMesh: Chunk X=14 Y=-23 Z=-5 FlatVerts=0 SlopeVerts=0
[+21:04:45.660] VoxelMesh: Chunk X=14 Y=-21 Z=4 FlatVerts=0 SlopeVerts=114
[+21:04:45.660] VoxelMesh: Chunk X=12 Y=-19 Z=2 FlatVerts=0 SlopeVerts=0
[+21:04:45.660] VoxelMesh: Chunk X=16 Y=-15 Z=2 FlatVerts=0 SlopeVerts=0
[+21:04:45.660] VoxelMesh: Chunk X=18 Y=-17 Z=4 FlatVerts=0 SlopeVerts=0
[+21:04:45.660] VoxelChunk: GenerateAsync (13,-24,1)
[+21:04:45.660] VoxelMesh: Chunk X=16 Y=-17 Z=4 FlatVerts=0 SlopeVerts=0
[+21:04:45.661] VoxelMesh: Chunk X=20 Y=-17 Z=-5 FlatVerts=18 SlopeVerts=1314
[+21:04:45.661] VoxelMesh: Chunk X=13 Y=-24 Z=1 FlatVerts=0 SlopeVerts=0
[+21:04:45.661] VoxelChunk: GenerateAsync (13,-22,3)
[+21:04:45.661] VoxelMesh: Chunk X=19 Y=-16 Z=3 FlatVerts=0 SlopeVerts=0
[+21:04:45.661] VoxelMesh: Chunk X=14 Y=-17 Z=-5 FlatVerts=456 SlopeVerts=0
[+21:04:45.661] VoxelMesh: Chunk X=13 Y=-22 Z=3 FlatVerts=18 SlopeVerts=1314
[+21:04:45.661] VoxelChunk: GenerateAsync (13,-16,1)
[+21:04:45.662] VoxelMesh: Chunk X=13 Y=-16 Z=1 FlatVerts=456 SlopeVerts=0
[+21:04:45.675] VoxelMesh: Chunk X=20 Y=-23 Z=-5 FlatVerts=0 SlopeVerts=0
[+21:04:45.676] VoxelChunk: GenerateAsync (13,-18,3)
[+21:04:45.676] VoxelMesh: Chunk X=13 Y=-18 Z=3 FlatVerts=0 SlopeVerts=0
[+21:04:45.682] VoxelMesh: Chunk X=0 Y=0 Z=0 FlatVerts=0 SlopeVerts=0
[+21:04:45.682] VoxelChunk: GenerateAsync (21,-18,3)
[+21:04:45.685] VoxelMesh: Chunk X=21 Y=-18 Z=3 FlatVerts=48 SlopeVerts=3942
[+21:04:45.688] VoxelMesh: Chunk X=0 Y=0 Z=0 FlatVerts=1026 SlopeVerts=7104
[+21:04:45.688] VoxelChunk: GenerateAsync (21,-24,1)
[+21:04:45.690] VoxelMesh: Chunk X=21 Y=-24 Z=1 FlatVerts=0 SlopeVerts=0
[+21:04:45.694] VoxelMesh: Chunk X=0 Y=0 Z=0 FlatVerts=102 SlopeVerts=25704
[+21:04:45.696] VoxelChunk: GenerateAsync (15,-16,3)
[+21:04:45.697] VoxelMesh: Chunk X=15 Y=-16 Z=3 FlatVerts=0 SlopeVerts=0
[+21:04:45.712] VoxelMesh: Chunk X=0 Y=0 Z=0 FlatVerts=660 SlopeVerts=8220
[+21:04:45.713] VoxelChunk: GenerateAsync (19,-24,3)
[+21:04:45.716] VoxelMesh: Chunk X=19 Y=-24 Z=3 FlatVerts=0 SlopeVerts=1704
[+21:04:45.719] VoxelMesh: Chunk X=0 Y=0 Z=0 FlatVerts=180 SlopeVerts=7314
[+21:04:45.720] VoxelChunk: GenerateAsync (21,-22,3)
[+21:04:45.722] VoxelMesh: Chunk X=21 Y=-22 Z=3 FlatVerts=0 SlopeVerts=0
[+21:04:45.726] VoxelMesh: Chunk X=0 Y=0 Z=0 FlatVerts=0 SlopeVerts=0
[+21:04:45.728] VoxelChunk: GenerateAsync (17,-20,5)
[+21:04:45.729] VoxelMesh: Chunk X=17 Y=-20 Z=5 FlatVerts=0 SlopeVerts=0
[+21:04:45.733] VoxelMesh: Chunk X=0 Y=0 Z=0 FlatVerts=0 SlopeVerts=0
[+21:04:45.734] VoxelChunk: GenerateAsync (15,-24,3)
[+21:04:45.735] VoxelMesh: Chunk X=15 Y=-24 Z=3 FlatVerts=96 SlopeVerts=3210
[+21:04:45.754] VoxelMesh: Chunk X=2 Y=-2 Z=1 FlatVerts=0 SlopeVerts=0
[+21:04:45.755] VoxelChunk: GenerateAsync (-1,-3,-4)
[+21:04:45.756] VoxelMesh: Chunk X=-1 Y=-3 Z=-4 FlatVerts=0 SlopeVerts=0
[+21:04:45.760] VoxelMesh: Chunk X=0 Y=0 Z=0 FlatVerts=2004 SlopeVerts=11478
[+21:04:45.761] VoxelChunk: GenerateAsync (21,-16,1)
[+21:04:45.762] VoxelMesh: Chunk X=21 Y=-16 Z=1 FlatVerts=1848 SlopeVerts=6
[+21:04:45.764] VoxelMesh: Chunk X=0 Y=0 Z=0 FlatVerts=3588 SlopeVerts=2016
[+21:04:45.765] VoxelChunk: GenerateAsync (17,-26,0)
[+21:04:45.767] VoxelMesh: Chunk X=17 Y=-26 Z=0 FlatVerts=0 SlopeVerts=0
[+21:04:45.773] VoxelMesh: Chunk X=0 Y=0 Z=0 FlatVerts=0 SlopeVerts=0
[+21:04:45.774] VoxelChunk: GenerateAsync (17,-21,5)
[+21:04:45.775] VoxelMesh: Chunk X=17 Y=-21 Z=5 FlatVerts=0 SlopeVerts=0
[+21:04:45.780] VoxelMesh: Chunk X=0 Y=0 Z=0 FlatVerts=12 SlopeVerts=6342
[+21:04:45.780] VoxelChunk: GenerateAsync (16,-20,5)
[+21:04:45.782] VoxelMesh: Chunk X=16 Y=-20 Z=5 FlatVerts=0 SlopeVerts=0
[+21:04:45.799] VoxelMesh: Chunk X=0 Y=0 Z=0 FlatVerts=5790 SlopeVerts=2946
[+21:04:45.800] VoxelChunk: GenerateAsync (17,-14,0)
[+21:04:45.802] VoxelMesh: Chunk X=17 Y=-14 Z=0 FlatVerts=0 SlopeVerts=0
[+21:04:45.804] VoxelMesh: Chunk X=0 Y=0 Z=0 FlatVerts=6474 SlopeVerts=2784
[+21:04:45.806] VoxelChunk: GenerateAsync (23,-20,0)
[+21:04:45.807] VoxelMesh: Chunk X=23 Y=-20 Z=0 FlatVerts=0 SlopeVerts=0
[+21:04:45.812] VoxelMesh: Chunk X=0 Y=0 Z=0 FlatVerts=0 SlopeVerts=0
[+21:04:45.813] VoxelChunk: GenerateAsync (17,-19,5)
[+21:04:45.816] VoxelMesh: Chunk X=17 Y=-19 Z=5 FlatVerts=0 SlopeVerts=24
[+21:04:45.817] VoxelMesh: Chunk X=0 Y=0 Z=0 FlatVerts=3894 SlopeVerts=2274
[+21:04:45.818] VoxelChunk: GenerateAsync (11,-20,0)
[+21:04:45.818] VoxelMesh: Chunk X=11 Y=-20 Z=0 FlatVerts=0 SlopeVerts=0
[+21:04:45.833] VoxelMesh: Chunk X=0 Y=0 Z=0 FlatVerts=0 SlopeVerts=0
[+21:04:45.833] VoxelChunk: GenerateAsync (18,-20,5)
[+21:04:45.836] VoxelMesh: Chunk X=18 Y=-20 Z=5 FlatVerts=0 SlopeVerts=0
[+21:04:45.837] VoxelMesh: Chunk X=0 Y=0 Z=0 FlatVerts=6306 SlopeVerts=3480
[+21:04:45.840] VoxelChunk: GenerateAsync (22,-23,1)
[+21:04:45.841] VoxelMesh: Chunk X=22 Y=-23 Z=1 FlatVerts=1380 SlopeVerts=858
[+21:04:45.844] VoxelMesh: Chunk X=0 Y=0 Z=0 FlatVerts=108 SlopeVerts=5946
[+21:04:45.846] VoxelChunk: GenerateAsync (12,-23,1)
[+21:04:45.847] VoxelMesh: Chunk X=12 Y=-23 Z=1 FlatVerts=1554 SlopeVerts=750
[+21:04:45.851] VoxelMesh: Chunk X=0 Y=0 Z=0 FlatVerts=330 SlopeVerts=7146
[+21:04:45.851] VoxelChunk: GenerateAsync (14,-15,1)
[+21:04:45.852] VoxelMesh: Chunk X=14 Y=-15 Z=1 FlatVerts=1794 SlopeVerts=0
[+21:04:45.861] VoxelMesh: Chunk X=-2 Y=-1 Z=1 FlatVerts=0 SlopeVerts=0
[+21:04:45.861] VoxelChunk: GenerateAsync (1,1,-4)
[+21:04:45.862] VoxelMesh: Chunk X=1 Y=1 Z=-4 FlatVerts=0 SlopeVerts=0
[+21:04:45.867] VoxelMesh: Chunk X=0 Y=0 Z=0 FlatVerts=6564 SlopeVerts=1566
[+21:04:45.868] VoxelChunk: GenerateAsync (18,-26,0)
[+21:04:45.870] VoxelMesh: Chunk X=18 Y=-26 Z=0 FlatVerts=0 SlopeVerts=0
[+21:04:45.872] VoxelMesh: Chunk X=0 Y=0 Z=0 FlatVerts=1728 SlopeVerts=2748
[+21:04:45.874] VoxelChunk: GenerateAsync (16,-14,0)
[+21:04:45.874] VoxelMesh: Chunk X=16 Y=-14 Z=0 FlatVerts=0 SlopeVerts=0
[+21:04:45.878] VoxelMesh: Chunk X=0 Y=0 Z=0 FlatVerts=816 SlopeVerts=8730
[+21:04:45.879] VoxelChunk: GenerateAsync (20,-15,1)
[+21:04:45.880] VoxelMesh: Chunk X=20 Y=-15 Z=1 FlatVerts=1770 SlopeVerts=0
[+21:04:45.882] VoxelMesh: Chunk X=0 Y=0 Z=0 FlatVerts=5076 SlopeVerts=3852
[+21:04:45.883] VoxelChunk: GenerateAsync (23,-19,0)
[+21:04:45.885] VoxelMesh: Chunk X=23 Y=-19 Z=0 FlatVerts=0 SlopeVerts=0
[+21:04:45.897] VoxelMesh: Chunk X=0 Y=0 Z=0 FlatVerts=7740 SlopeVerts=264
[+21:04:45.899] VoxelChunk: GenerateAsync (18,-14,0)
[+21:04:45.900] VoxelMesh: Chunk X=18 Y=-14 Z=0 FlatVerts=0 SlopeVerts=0
[+21:04:45.904] VoxelMesh: Chunk X=0 Y=0 Z=0 FlatVerts=822 SlopeVerts=6018
[+21:04:45.904] VoxelChunk: GenerateAsync (20,-25,1)
[+21:04:45.906] VoxelMesh: Chunk X=20 Y=-25 Z=1 FlatVerts=24 SlopeVerts=576
[+21:04:45.909] VoxelMesh: Chunk X=0 Y=0 Z=0 FlatVerts=6936 SlopeVerts=1032
[+21:04:45.910] VoxelChunk: GenerateAsync (23,-21,0)
[+21:04:45.910] VoxelMesh: Chunk X=23 Y=-21 Z=0 FlatVerts=0 SlopeVerts=0
[+21:04:45.913] VoxelMesh: Chunk X=0 Y=0 Z=0 FlatVerts=4338 SlopeVerts=12366
[+21:04:45.915] VoxelChunk: GenerateAsync (22,-17,1)
[+21:04:45.916] VoxelMesh: Chunk X=22 Y=-17 Z=1 FlatVerts=108 SlopeVerts=900
[+21:04:45.929] VoxelMesh: Chunk X=0 Y=0 Z=0 FlatVerts=4464 SlopeVerts=2292
[+21:04:45.930] VoxelChunk: GenerateAsync (11,-19,0)
[+21:04:45.930] VoxelMesh: Chunk X=11 Y=-19 Z=0 FlatVerts=0 SlopeVerts=0
[+21:04:45.934] VoxelMesh: Chunk X=0 Y=0 Z=0 FlatVerts=3468 SlopeVerts=1458
[+21:04:45.935] VoxelChunk: GenerateAsync (11,-21,0)
[+21:04:45.938] VoxelMesh: Chunk X=11 Y=-21 Z=0 FlatVerts=0 SlopeVerts=0
[+21:04:45.941] VoxelMesh: Chunk X=0 Y=0 Z=0 FlatVerts=0 SlopeVerts=546
[+21:04:45.941] VoxelChunk: GenerateAsync (12,-17,1)
[+21:04:45.942] VoxelMesh: Chunk X=12 Y=-17 Z=1 FlatVerts=1680 SlopeVerts=0
[+21:04:45.946] VoxelMesh: Chunk X=0 Y=0 Z=0 FlatVerts=5664 SlopeVerts=9744
[+21:04:45.947] VoxelChunk: GenerateAsync (14,-25,1)
[+21:04:45.949] VoxelMesh: Chunk X=14 Y=-25 Z=1 FlatVerts=0 SlopeVerts=0
[+21:04:45.962] VoxelMesh: Chunk X=0 Y=0 Z=0 FlatVerts=684 SlopeVerts=798
[+21:04:45.962] VoxelChunk: GenerateAsync (16,-26,0)
[+21:04:45.964] VoxelMesh: Chunk X=16 Y=-26 Z=0 FlatVerts=0 SlopeVerts=0
[+21:04:45.967] VoxelMesh: Chunk X=0 Y=0 Z=0 FlatVerts=480 SlopeVerts=9744
[+21:04:45.967] VoxelChunk: GenerateAsync (12,-22,2)
[+21:04:45.969] VoxelMesh: Chunk X=12 Y=-22 Z=2 FlatVerts=60 SlopeVerts=4104
[+21:04:45.973] VoxelMesh: Chunk X=0 Y=0 Z=0 FlatVerts=0 SlopeVerts=0
[+21:04:45.973] VoxelChunk: GenerateAsync (20,-18,4)
[+21:04:45.975] VoxelMesh: Chunk X=20 Y=-18 Z=4 FlatVerts=0 SlopeVerts=0
[+21:04:45.979] VoxelMesh: Chunk X=0 Y=0 Z=0 FlatVerts=6 SlopeVerts=16368
[+21:04:45.980] VoxelChunk: GenerateAsync (12,-18,2)
[+21:04:45.982] VoxelMesh: Chunk X=12 Y=-18 Z=2 FlatVerts=0 SlopeVerts=0
[+21:04:45.991] VoxelMesh: Chunk X=-1 Y=2 Z=2 FlatVerts=0 SlopeVerts=0
[+21:04:45.991] VoxelChunk: GenerateAsync (1,-1,-4)
[+21:04:45.993] VoxelMesh: Chunk X=1 Y=-1 Z=-4 FlatVerts=0 SlopeVerts=0
[+21:04:45.999] VoxelMesh: Chunk X=0 Y=0 Z=0 FlatVerts=0 SlopeVerts=6
[+21:04:45.999] VoxelChunk: GenerateAsync (22,-22,2)
[+21:04:46.001] VoxelMesh: Chunk X=22 Y=-22 Z=2 FlatVerts=0 SlopeVerts=0
[+21:04:46.005] VoxelMesh: Chunk X=0 Y=0 Z=0 FlatVerts=0 SlopeVerts=0
[+21:04:46.007] VoxelChunk: GenerateAsync (18,-21,5)
[+21:04:46.008] VoxelMesh: Chunk X=18 Y=-21 Z=5 FlatVerts=0 SlopeVerts=0
[+21:04:46.012] VoxelMesh: Chunk X=0 Y=0 Z=0 FlatVerts=828 SlopeVerts=6738
[+21:04:46.013] VoxelChunk: GenerateAsync (22,-18,2)
[+21:04:46.014] VoxelMesh: Chunk X=22 Y=-18 Z=2 FlatVerts=0 SlopeVerts=180
[+21:04:46.020] VoxelMesh: Chunk X=0 Y=0 Z=0 FlatVerts=0 SlopeVerts=3972
[+21:04:46.021] VoxelChunk: GenerateAsync (16,-21,5)
[+21:04:46.023] VoxelMesh: Chunk X=16 Y=-21 Z=5 FlatVerts=0 SlopeVerts=0
[+21:04:46.036] VoxelMesh: Chunk X=0 Y=0 Z=0 FlatVerts=120 SlopeVerts=13122
[+21:04:46.037] VoxelChunk: GenerateAsync (14,-22,4)
[+21:04:46.040] VoxelMesh: Chunk X=14 Y=-22 Z=4 FlatVerts=84 SlopeVerts=6186
[+21:04:46.043] VoxelMesh: Chunk X=0 Y=0 Z=0 FlatVerts=462 SlopeVerts=26418
[+21:04:46.046] VoxelChunk: GenerateAsync (15,-15,2)
[+21:04:46.048] VoxelMesh: Chunk X=15 Y=-15 Z=2 FlatVerts=0 SlopeVerts=0
[+21:04:46.050] VoxelMesh: Chunk X=0 Y=0 Z=0 FlatVerts=516 SlopeVerts=9648
[+21:04:46.052] VoxelChunk: GenerateAsync (19,-15,2)
[+21:04:46.053] VoxelMesh: Chunk X=19 Y=-15 Z=2 FlatVerts=0 SlopeVerts=0
[+21:04:46.059] VoxelMesh: Chunk X=0 Y=0 Z=0 FlatVerts=300 SlopeVerts=30
[+21:04:46.060] VoxelChunk: GenerateAsync (19,-17,4)
[+21:04:46.061] VoxelMesh: Chunk X=19 Y=-17 Z=4 FlatVerts=0 SlopeVerts=0
[+21:04:46.076] VoxelMesh: Chunk X=0 Y=0 Z=0 FlatVerts=96 SlopeVerts=31362
[+21:04:46.078] VoxelChunk: GenerateAsync (15,-17,4)
[+21:04:46.080] VoxelMesh: Chunk X=15 Y=-17 Z=4 FlatVerts=0 SlopeVerts=0
[+21:04:46.086] VoxelMesh: Chunk X=0 Y=0 Z=0 FlatVerts=234 SlopeVerts=38772
[+21:04:46.090] VoxelChunk: GenerateAsync (14,-18,4)
[+21:04:46.093] VoxelMesh: Chunk X=14 Y=-18 Z=4 FlatVerts=0 SlopeVerts=0
[+21:04:46.096] VoxelMesh: Chunk X=0 Y=0 Z=0 FlatVerts=2520 SlopeVerts=7446
[+21:04:46.097] VoxelChunk: GenerateAsync (20,-22,4)
[+21:04:46.100] VoxelMesh: Chunk X=20 Y=-22 Z=4 FlatVerts=0 SlopeVerts=0
[+21:04:46.104] VoxelMesh: Chunk X=0 Y=0 Z=0 FlatVerts=1470 SlopeVerts=3840
[+21:04:46.105] VoxelChunk: GenerateAsync (19,-23,4)
[+21:04:46.106] VoxelMesh: Chunk X=19 Y=-23 Z=4 FlatVerts=1056 SlopeVerts=1446
[+21:04:46.115] VoxelMesh: Chunk X=1 Y=1 Z=2 FlatVerts=0 SlopeVerts=0
[+21:04:46.115] VoxelChunk: GenerateAsync (1,-2,-4)
[+21:04:46.116] VoxelMesh: Chunk X=1 Y=-2 Z=-4 FlatVerts=0 SlopeVerts=0
[+21:04:46.123] VoxelMesh: Chunk X=0 Y=0 Z=0 FlatVerts=0 SlopeVerts=0
[+21:04:46.124] VoxelChunk: GenerateAsync (15,-23,4)
[+21:04:46.126] VoxelMesh: Chunk X=15 Y=-23 Z=4 FlatVerts=0 SlopeVerts=0
[+21:04:46.130] VoxelMesh: Chunk X=0 Y=0 Z=0 FlatVerts=30 SlopeVerts=4296
[+21:04:46.130] VoxelChunk: GenerateAsync (16,-19,5)
[+21:04:46.133] VoxelMesh: Chunk X=16 Y=-19 Z=5 FlatVerts=12 SlopeVerts=2790
[+21:04:46.137] VoxelMesh: Chunk X=0 Y=0 Z=0 FlatVerts=0 SlopeVerts=0
[+21:04:46.137] VoxelChunk: GenerateAsync (18,-19,5)
[+21:04:46.140] VoxelMesh: Chunk X=18 Y=-19 Z=5 FlatVerts=0 SlopeVerts=0
[+21:04:46.144] VoxelMesh: Chunk X=0 Y=0 Z=0 FlatVerts=0 SlopeVerts=9570
[+21:04:46.145] VoxelChunk: GenerateAsync (19,-25,2)
[+21:04:46.146] VoxelMesh: Chunk X=19 Y=-25 Z=2 FlatVerts=498 SlopeVerts=3708
[+21:04:46.155] VoxelChunk: GenerateAsync (13,-18,3)
[+21:04:46.155] VoxelChunk: GenerateAsync (13,-16,1)
[+21:04:46.155] VoxelChunk: GenerateAsync (13,-22,3)
[+21:04:46.155] VoxelChunk: GenerateAsync (13,-24,1)
[+21:04:46.155] VoxelChunk: GenerateAsync (19,-16,3)
[+21:04:46.155] VoxelChunk: GenerateAsync (21,-18,3)
[+21:04:46.155] VoxelChunk: GenerateAsync (21,-24,1)
[+21:04:46.155] VoxelChunk: GenerateAsync (15,-16,3)
[+21:04:46.155] VoxelChunk: GenerateAsync (19,-24,3)
[+21:04:46.155] VoxelChunk: GenerateAsync (21,-22,3)
[+21:04:46.155] VoxelMesh: Chunk X=13 Y=-16 Z=1 FlatVerts=96 SlopeVerts=0
[+21:04:46.155] VoxelChunk: GenerateAsync (17,-20,5)
[+21:04:46.156] VoxelMesh: Chunk X=13 Y=-18 Z=3 FlatVerts=0 SlopeVerts=0
[+21:04:46.156] VoxelChunk: GenerateAsync (15,-24,3)
[+21:04:46.156] VoxelChunk: GenerateAsync (21,-16,1)
[+21:04:46.156] VoxelChunk: GenerateAsync (17,-26,0)
[+21:04:46.156] VoxelChunk: GenerateAsync (17,-21,5)
[+21:04:46.156] VoxelChunk: GenerateAsync (16,-20,5)
[+21:04:46.156] VoxelChunk: GenerateAsync (17,-14,0)
[+21:04:46.156] VoxelChunk: GenerateAsync (23,-20,0)
[+21:04:46.156] VoxelChunk: GenerateAsync (17,-19,5)
[+21:04:46.156] VoxelMesh: Chunk X=13 Y=-24 Z=1 FlatVerts=0 SlopeVerts=0
[+21:04:46.156] VoxelChunk: GenerateAsync (11,-20,0)
[+21:04:46.156] VoxelChunk: GenerateAsync (18,-20,5)
[+21:04:46.156] VoxelChunk: GenerateAsync (22,-23,1)
[+21:04:46.156] VoxelMesh: Chunk X=13 Y=-22 Z=3 FlatVerts=12 SlopeVerts=270
[+21:04:46.156] VoxelChunk: GenerateAsync (12,-23,1)
[+21:04:46.156] VoxelChunk: GenerateAsync (14,-15,1)
[+21:04:46.156] VoxelChunk: GenerateAsync (18,-26,0)
[+21:04:46.156] VoxelChunk: GenerateAsync (16,-14,0)
[+21:04:46.156] VoxelMesh: Chunk X=19 Y=-16 Z=3 FlatVerts=0 SlopeVerts=0
[+21:04:46.156] VoxelChunk: GenerateAsync (20,-15,1)
[+21:04:46.156] VoxelChunk: GenerateAsync (23,-19,0)
[+21:04:46.156] VoxelMesh: Chunk X=21 Y=-24 Z=1 FlatVerts=0 SlopeVerts=0
[+21:04:46.156] VoxelMesh: Chunk X=15 Y=-16 Z=3 FlatVerts=0 SlopeVerts=0
[+21:04:46.156] VoxelChunk: GenerateAsync (18,-14,0)
[+21:04:46.156] VoxelMesh: Chunk X=19 Y=-24 Z=3 FlatVerts=0 SlopeVerts=78
[+21:04:46.156] VoxelChunk: GenerateAsync (20,-25,1)
[+21:04:46.156] VoxelChunk: GenerateAsync (23,-21,0)
[+21:04:46.156] VoxelMesh: Chunk X=21 Y=-22 Z=3 FlatVerts=0 SlopeVerts=0
[+21:04:46.156] VoxelMesh: Chunk X=21 Y=-18 Z=3 FlatVerts=12 SlopeVerts=204
[+21:04:46.156] VoxelMesh: Chunk X=21 Y=-16 Z=1 FlatVerts=108 SlopeVerts=0
[+21:04:46.156] VoxelChunk: GenerateAsync (22,-17,1)
[+21:04:46.156] VoxelChunk: GenerateAsync (11,-19,0)
[+21:04:46.156] VoxelChunk: GenerateAsync (11,-21,0)
[+21:04:46.156] VoxelChunk: GenerateAsync (12,-17,1)
[+21:04:46.156] VoxelChunk: GenerateAsync (14,-25,1)
[+21:04:46.156] VoxelChunk: GenerateAsync (16,-26,0)
[+21:04:46.156] VoxelMesh: Chunk X=17 Y=-14 Z=0 FlatVerts=0 SlopeVerts=0
[+21:04:46.156] VoxelChunk: GenerateAsync (12,-22,2)
[+21:04:46.156] VoxelChunk: GenerateAsync (20,-18,4)
[+21:04:46.156] VoxelMesh: Chunk X=17 Y=-20 Z=5 FlatVerts=0 SlopeVerts=0
[+21:04:46.156] VoxelChunk: GenerateAsync (12,-18,2)
[+21:04:46.156] VoxelMesh: Chunk X=15 Y=-24 Z=3 FlatVerts=0 SlopeVerts=162
[+21:04:46.156] VoxelChunk: GenerateAsync (22,-22,2)
[+21:04:46.156] VoxelChunk: GenerateAsync (18,-21,5)
[+21:04:46.156] VoxelChunk: GenerateAsync (22,-18,2)
[+21:04:46.156] VoxelChunk: GenerateAsync (16,-21,5)
[+21:04:46.156] VoxelChunk: GenerateAsync (14,-22,4)
[+21:04:46.156] VoxelMesh: Chunk X=17 Y=-21 Z=5 FlatVerts=0 SlopeVerts=0
[+21:04:46.156] VoxelChunk: GenerateAsync (15,-15,2)
[+21:04:46.156] VoxelMesh: Chunk X=17 Y=-26 Z=0 FlatVerts=0 SlopeVerts=0
[+21:04:46.156] VoxelChunk: GenerateAsync (19,-15,2)
[+21:04:46.156] VoxelChunk: GenerateAsync (19,-17,4)
[+21:04:46.156] VoxelChunk: GenerateAsync (15,-17,4)
[+21:04:46.156] VoxelMesh: Chunk X=11 Y=-20 Z=0 FlatVerts=0 SlopeVerts=0
[+21:04:46.156] VoxelChunk: GenerateAsync (14,-18,4)
[+21:04:46.156] VoxelChunk: GenerateAsync (20,-22,4)
[+21:04:46.156] VoxelChunk: GenerateAsync (19,-23,4)
[+21:04:46.156] VoxelChunk: GenerateAsync (15,-23,4)
[+21:04:46.156] VoxelChunk: GenerateAsync (16,-19,5)
[+21:04:46.156] VoxelChunk: GenerateAsync (18,-19,5)
[+21:04:46.156] VoxelMesh: Chunk X=16 Y=-20 Z=5 FlatVerts=0 SlopeVerts=0
[+21:04:46.156] VoxelMesh: Chunk X=14 Y=-15 Z=1 FlatVerts=120 SlopeVerts=0
[+21:04:46.156] VoxelMesh: Chunk X=22 Y=-23 Z=1 FlatVerts=42 SlopeVerts=84
[+21:04:46.157] VoxelChunk: GenerateAsync (19,-25,2)
[+21:04:46.157] VoxelMesh: Chunk X=12 Y=-23 Z=1 FlatVerts=96 SlopeVerts=18
[+21:04:46.157] VoxelMesh: Chunk X=17 Y=-19 Z=5 FlatVerts=0 SlopeVerts=0
[+21:04:46.157] VoxelMesh: Chunk X=23 Y=-20 Z=0 FlatVerts=0 SlopeVerts=0
[+21:04:46.157] VoxelMesh: Chunk X=18 Y=-20 Z=5 FlatVerts=0 SlopeVerts=0
[+21:04:46.157] VoxelMesh: Chunk X=16 Y=-14 Z=0 FlatVerts=0 SlopeVerts=0
[+21:04:46.157] VoxelMesh: Chunk X=20 Y=-15 Z=1 FlatVerts=96 SlopeVerts=0
[+21:04:46.157] VoxelMesh: Chunk X=11 Y=-19 Z=0 FlatVerts=0 SlopeVerts=0
[+21:04:46.157] VoxelMesh: Chunk X=18 Y=-14 Z=0 FlatVerts=0 SlopeVerts=0
[+21:04:46.157] VoxelMesh: Chunk X=23 Y=-21 Z=0 FlatVerts=0 SlopeVerts=0
[+21:04:46.157] VoxelMesh: Chunk X=11 Y=-21 Z=0 FlatVerts=0 SlopeVerts=0
[+21:04:46.157] VoxelMesh: Chunk X=20 Y=-25 Z=1 FlatVerts=0 SlopeVerts=12
[+21:04:46.157] VoxelMesh: Chunk X=22 Y=-17 Z=1 FlatVerts=0 SlopeVerts=24
[+21:04:46.157] VoxelMesh: Chunk X=23 Y=-19 Z=0 FlatVerts=0 SlopeVerts=0
[+21:04:46.157] VoxelMesh: Chunk X=12 Y=-17 Z=1 FlatVerts=96 SlopeVerts=0
[+21:04:46.157] VoxelMesh: Chunk X=18 Y=-26 Z=0 FlatVerts=0 SlopeVerts=0
[+21:04:46.157] VoxelMesh: Chunk X=12 Y=-22 Z=2 FlatVerts=6 SlopeVerts=204
[+21:04:46.157] VoxelMesh: Chunk X=14 Y=-25 Z=1 FlatVerts=0 SlopeVerts=0
[+21:04:46.157] VoxelMesh: Chunk X=12 Y=-18 Z=2 FlatVerts=0 SlopeVerts=0
[+21:04:46.157] VoxelMesh: Chunk X=22 Y=-22 Z=2 FlatVerts=0 SlopeVerts=0
[+21:04:46.157] VoxelMesh: Chunk X=20 Y=-18 Z=4 FlatVerts=0 SlopeVerts=0
[+21:04:46.157] VoxelMesh: Chunk X=16 Y=-26 Z=0 FlatVerts=0 SlopeVerts=0
[+21:04:46.158] VoxelMesh: Chunk X=18 Y=-21 Z=5 FlatVerts=0 SlopeVerts=0
[+21:04:46.158] VoxelMesh: Chunk X=16 Y=-21 Z=5 FlatVerts=0 SlopeVerts=0
[+21:04:46.158] VoxelMesh: Chunk X=22 Y=-18 Z=2 FlatVerts=0 SlopeVerts=0
[+21:04:46.158] VoxelMesh: Chunk X=15 Y=-15 Z=2 FlatVerts=0 SlopeVerts=0
[+21:04:46.158] VoxelMesh: Chunk X=14 Y=-22 Z=4 FlatVerts=30 SlopeVerts=204
[+21:04:46.158] VoxelMesh: Chunk X=19 Y=-15 Z=2 FlatVerts=0 SlopeVerts=0
[+21:04:46.158] VoxelMesh: Chunk X=19 Y=-17 Z=4 FlatVerts=0 SlopeVerts=0
[+21:04:46.158] VoxelMesh: Chunk X=20 Y=-22 Z=4 FlatVerts=0 SlopeVerts=0
[+21:04:46.158] VoxelMesh: Chunk X=15 Y=-17 Z=4 FlatVerts=0 SlopeVerts=0
[+21:04:46.158] VoxelMesh: Chunk X=19 Y=-23 Z=4 FlatVerts=54 SlopeVerts=120
[+21:04:46.158] VoxelMesh: Chunk X=14 Y=-18 Z=4 FlatVerts=0 SlopeVerts=0
[+21:04:46.158] VoxelMesh: Chunk X=15 Y=-23 Z=4 FlatVerts=0 SlopeVerts=0
[+21:04:46.158] VoxelMesh: Chunk X=18 Y=-19 Z=5 FlatVerts=0 SlopeVerts=0
[+21:04:46.158] VoxelMesh: Chunk X=16 Y=-19 Z=5 FlatVerts=6 SlopeVerts=120
[+21:04:46.159] VoxelMesh: Chunk X=19 Y=-25 Z=2 FlatVerts=96 SlopeVerts=150
[+21:04:46.163] VoxelMesh: Chunk X=0 Y=0 Z=0 FlatVerts=2574 SlopeVerts=12000
[+21:04:46.164] VoxelChunk: GenerateAsync (15,-25,2)
[+21:04:46.166] VoxelMesh: Chunk X=15 Y=-25 Z=2 FlatVerts=0 SlopeVerts=0
[+21:04:46.172] VoxelMesh: Chunk X=0 Y=0 Z=0 FlatVerts=0 SlopeVerts=0
[+21:04:46.172] VoxelChunk: GenerateAsync (17,-18,5)
[+21:04:46.174] VoxelMesh: Chunk X=17 Y=-18 Z=5 FlatVerts=0 SlopeVerts=0
[+21:04:46.177] VoxelMesh: Chunk X=0 Y=0 Z=0 FlatVerts=3930 SlopeVerts=7830
[+21:04:46.178] VoxelChunk: GenerateAsync (11,-20,1)
[+21:04:46.179] VoxelMesh: Chunk X=11 Y=-20 Z=1 FlatVerts=1824 SlopeVerts=0
[+21:04:46.183] VoxelMesh: Chunk X=0 Y=0 Z=0 FlatVerts=6474 SlopeVerts=4014
[+21:04:46.185] VoxelChunk: GenerateAsync (23,-20,1)
[+21:04:46.187] VoxelMesh: Chunk X=23 Y=-20 Z=1 FlatVerts=42 SlopeVerts=1176
[+21:04:46.202] VoxelMesh: Chunk X=0 Y=0 Z=0 FlatVerts=6222 SlopeVerts=10884
[+21:04:46.205] VoxelChunk: GenerateAsync (17,-26,1)
[+21:04:46.206] VoxelMesh: Chunk X=17 Y=-26 Z=1 FlatVerts=0 SlopeVerts=0
[+21:04:46.212] VoxelMesh: Chunk X=0 Y=0 Z=0 FlatVerts=12 SlopeVerts=16044
[+21:04:46.213] VoxelChunk: GenerateAsync (15,-20,5)
[+21:04:46.215] VoxelMesh: Chunk X=15 Y=-20 Z=5 FlatVerts=0 SlopeVerts=0
[+21:04:46.220] VoxelMesh: Chunk X=0 Y=0 Z=0 FlatVerts=336 SlopeVerts=318
[+21:04:46.221] VoxelChunk: GenerateAsync (19,-20,5)
[+21:04:46.222] VoxelMesh: Chunk X=19 Y=-20 Z=5 FlatVerts=0 SlopeVerts=0
[+21:04:46.227] VoxelMesh: Chunk X=0 Y=0 Z=0 FlatVerts=0 SlopeVerts=0
[+21:04:46.227] VoxelChunk: GenerateAsync (17,-22,5)
[+21:04:46.228] VoxelMesh: Chunk X=17 Y=-22 Z=5 FlatVerts=0 SlopeVerts=0
[+21:04:46.237] VoxelMesh: Chunk X=0 Y=0 Z=2 FlatVerts=0 SlopeVerts=0
[+21:04:46.237] VoxelChunk: GenerateAsync (2,1,-4)
[+21:04:46.239] VoxelMesh: Chunk X=2 Y=1 Z=-4 FlatVerts=0 SlopeVerts=0
[+21:04:46.243] VoxelMesh: Chunk X=0 Y=0 Z=0 FlatVerts=6186 SlopeVerts=7434
[+21:04:46.244] VoxelChunk: GenerateAsync (17,-14,1)
[+21:04:46.245] VoxelMesh: Chunk X=17 Y=-14 Z=1 FlatVerts=1872 SlopeVerts=246
[+21:04:46.251] VoxelMesh: Chunk X=0 Y=0 Z=0 FlatVerts=36 SlopeVerts=16272
[+21:04:46.253] VoxelChunk: GenerateAsync (15,-19,5)
[+21:04:46.255] VoxelMesh: Chunk X=15 Y=-19 Z=5 FlatVerts=0 SlopeVerts=72
[+21:04:46.259] VoxelMesh: Chunk X=0 Y=0 Z=0 FlatVerts=1188 SlopeVerts=1014
[+21:04:46.260] VoxelChunk: GenerateAsync (19,-21,5)
[+21:04:46.261] VoxelMesh: Chunk X=19 Y=-21 Z=5 FlatVerts=0 SlopeVerts=0
[+21:04:46.264] VoxelMesh: Chunk X=0 Y=0 Z=0 FlatVerts=2280 SlopeVerts=17952
[+21:04:46.265] VoxelChunk: GenerateAsync (16,-14,1)
[+21:04:46.266] VoxelMesh: Chunk X=16 Y=-14 Z=1 FlatVerts=1932 SlopeVerts=0
[+21:04:46.281] VoxelMesh: Chunk X=0 Y=0 Z=0 FlatVerts=0 SlopeVerts=0
[+21:04:46.282] VoxelChunk: GenerateAsync (17,-16,4)
[+21:04:46.285] VoxelMesh: Chunk X=17 Y=-16 Z=4 FlatVerts=0 SlopeVerts=0
[+21:04:46.287] VoxelMesh: Chunk X=0 Y=0 Z=0 FlatVerts=0 SlopeVerts=24
[+21:04:46.287] VoxelChunk: GenerateAsync (17,-15,3)
[+21:04:46.289] VoxelMesh: Chunk X=17 Y=-15 Z=3 FlatVerts=0 SlopeVerts=0
[+21:04:46.295] VoxelMesh: Chunk X=0 Y=0 Z=0 FlatVerts=18 SlopeVerts=2028
[+21:04:46.295] VoxelChunk: GenerateAsync (16,-18,5)
[+21:04:46.297] VoxelMesh: Chunk X=16 Y=-18 Z=5 FlatVerts=0 SlopeVerts=150
[+21:04:46.300] VoxelMesh: Chunk X=0 Y=0 Z=0 FlatVerts=7740 SlopeVerts=264
[+21:04:46.301] VoxelChunk: GenerateAsync (18,-14,1)
[+21:04:46.301] VoxelMesh: Chunk X=18 Y=-14 Z=1 FlatVerts=1974 SlopeVerts=192
[+21:04:46.315] VoxelMesh: Chunk X=0 Y=0 Z=0 FlatVerts=534 SlopeVerts=9372
[+21:04:46.316] VoxelChunk: GenerateAsync (13,-24,2)
[+21:04:46.317] VoxelMesh: Chunk X=13 Y=-24 Z=2 FlatVerts=162 SlopeVerts=1632
[+21:04:46.322] VoxelMesh: Chunk X=0 Y=0 Z=0 FlatVerts=0 SlopeVerts=1212
[+21:04:46.322] VoxelChunk: GenerateAsync (21,-20,4)
[+21:04:46.324] VoxelMesh: Chunk X=21 Y=-20 Z=4 FlatVerts=0 SlopeVerts=0
[+21:04:46.325] VoxelMesh: Chunk X=0 Y=0 Z=0 FlatVerts=6108 SlopeVerts=1392
[+21:04:46.326] VoxelChunk: GenerateAsync (19,-14,0)
[+21:04:46.328] VoxelMesh: Chunk X=19 Y=-14 Z=0 FlatVerts=0 SlopeVerts=0
[+21:04:46.332] VoxelMesh: Chunk X=0 Y=0 Z=0 FlatVerts=42 SlopeVerts=11166
[+21:04:46.333] VoxelChunk: GenerateAsync (14,-16,3)
[+21:04:46.334] VoxelMesh: Chunk X=14 Y=-16 Z=3 FlatVerts=0 SlopeVerts=0
[+21:04:46.342] VoxelMesh: Chunk X=2 Y=-1 Z=1 FlatVerts=0 SlopeVerts=0
[+21:04:46.342] VoxelChunk: GenerateAsync (3,1,-4)
[+21:04:46.343] VoxelMesh: Chunk X=3 Y=1 Z=-4 FlatVerts=0 SlopeVerts=0
[+21:04:46.348] VoxelMesh: Chunk X=0 Y=0 Z=0 FlatVerts=312 SlopeVerts=4068
[+21:04:46.349] VoxelChunk: GenerateAsync (21,-17,3)
[+21:04:46.352] VoxelMesh: Chunk X=21 Y=-17 Z=3 FlatVerts=102 SlopeVerts=1320
[+21:04:46.354] VoxelMesh: Chunk X=0 Y=0 Z=0 FlatVerts=6 SlopeVerts=15804
[+21:04:46.355] VoxelChunk: GenerateAsync (13,-17,3)
[+21:04:46.358] VoxelMesh: Chunk X=13 Y=-17 Z=3 FlatVerts=0 SlopeVerts=0
[+21:04:46.361] VoxelMesh: Chunk X=0 Y=0 Z=0 FlatVerts=444 SlopeVerts=10596
[+21:04:46.362] VoxelChunk: GenerateAsync (21,-24,2)
[+21:04:46.363] VoxelMesh: Chunk X=21 Y=-24 Z=2 FlatVerts=0 SlopeVerts=0
[+21:04:46.368] VoxelMesh: Chunk X=0 Y=0 Z=0 FlatVerts=0 SlopeVerts=0
[+21:04:46.368] VoxelChunk: GenerateAsync (17,-24,4)
[+21:04:46.369] VoxelMesh: Chunk X=17 Y=-24 Z=4 FlatVerts=0 SlopeVerts=0
[+21:04:46.382] VoxelMesh: Chunk X=0 Y=0 Z=0 FlatVerts=6936 SlopeVerts=1740
[+21:04:46.383] VoxelChunk: GenerateAsync (23,-21,1)
[+21:04:46.384] VoxelMesh: Chunk X=23 Y=-21 Z=1 FlatVerts=1710 SlopeVerts=324
[+21:04:46.390] VoxelMesh: Chunk X=0 Y=0 Z=0 FlatVerts=0 SlopeVerts=11886
[+21:04:46.391] VoxelChunk: GenerateAsync (12,-20,3)
[+21:04:46.392] VoxelMesh: Chunk X=12 Y=-20 Z=3 FlatVerts=0 SlopeVerts=1080
[+21:04:46.399] VoxelMesh: Chunk X=0 Y=0 Z=0 FlatVerts=0 SlopeVerts=0
[+21:04:46.399] VoxelChunk: GenerateAsync (19,-19,5)
[+21:04:46.401] VoxelMesh: Chunk X=19 Y=-19 Z=5 FlatVerts=0 SlopeVerts=0
[+21:04:46.405] VoxelMesh: Chunk X=0 Y=0 Z=0 FlatVerts=0 SlopeVerts=0
[+21:04:46.406] VoxelChunk: GenerateAsync (18,-18,5)
[+21:04:46.407] VoxelMesh: Chunk X=18 Y=-18 Z=5 FlatVerts=0 SlopeVerts=0
[+21:04:46.418] VoxelMesh: Chunk X=0 Y=0 Z=0 FlatVerts=3666 SlopeVerts=1614
[+21:04:46.420] VoxelChunk: GenerateAsync (11,-22,0)
[+21:04:46.420] VoxelMesh: Chunk X=11 Y=-22 Z=0 FlatVerts=0 SlopeVerts=0
[+21:04:46.424] VoxelMesh: Chunk X=0 Y=0 Z=0 FlatVerts=7404 SlopeVerts=3318
[+21:04:46.425] VoxelChunk: GenerateAsync (18,-26,1)
[+21:04:46.426] VoxelMesh: Chunk X=18 Y=-26 Z=1 FlatVerts=0 SlopeVerts=0
[+21:04:46.432] VoxelMesh: Chunk X=0 Y=0 Z=0 FlatVerts=0 SlopeVerts=0
[+21:04:46.432] VoxelChunk: GenerateAsync (22,-20,3)
[+21:04:46.434] VoxelMesh: Chunk X=22 Y=-20 Z=3 FlatVerts=12 SlopeVerts=1614
[+21:04:46.438] VoxelMesh: Chunk X=0 Y=0 Z=0 FlatVerts=1344 SlopeVerts=7842
[+21:04:46.439] VoxelChunk: GenerateAsync (21,-23,3)
[+21:04:46.440] VoxelMesh: Chunk X=21 Y=-23 Z=3 FlatVerts=0 SlopeVerts=2790
[+21:04:46.447] VoxelMesh: Chunk X=-2 Y=0 Z=1 FlatVerts=0 SlopeVerts=0
[+21:04:46.447] VoxelChunk: GenerateAsync (2,-1,-4)
[+21:04:46.449] VoxelMesh: Chunk X=2 Y=-1 Z=-4 FlatVerts=0 SlopeVerts=0
[+21:04:46.454] VoxelMesh: Chunk X=0 Y=0 Z=0 FlatVerts=1626 SlopeVerts=11148
[+21:04:46.456] VoxelChunk: GenerateAsync (13,-23,3)
[+21:04:46.458] VoxelMesh: Chunk X=13 Y=-23 Z=3 FlatVerts=150 SlopeVerts=4566
[+21:04:46.461] VoxelMesh: Chunk X=0 Y=0 Z=0 FlatVerts=3642 SlopeVerts=13356
[+21:04:46.463] VoxelChunk: GenerateAsync (20,-24,3)
[+21:04:46.463] VoxelMesh: Chunk X=20 Y=-24 Z=3 FlatVerts=0 SlopeVerts=3024
[+21:04:46.470] VoxelMesh: Chunk X=0 Y=0 Z=0 FlatVerts=0 SlopeVerts=0
[+21:04:46.471] VoxelChunk: GenerateAsync (18,-22,5)
[+21:04:46.472] VoxelMesh: Chunk X=18 Y=-22 Z=5 FlatVerts=0 SlopeVerts=0
[+21:04:46.477] VoxelMesh: Chunk X=0 Y=0 Z=0 FlatVerts=0 SlopeVerts=18
[+21:04:46.478] VoxelChunk: GenerateAsync (14,-24,3)
[+21:04:46.478] VoxelMesh: Chunk X=14 Y=-24 Z=3 FlatVerts=66 SlopeVerts=3408
[+21:04:46.495] VoxelMesh: Chunk X=0 Y=0 Z=0 FlatVerts=12 SlopeVerts=13158
[+21:04:46.496] VoxelChunk: GenerateAsync (13,-20,4)
[+21:04:46.498] VoxelMesh: Chunk X=13 Y=-20 Z=4 FlatVerts=18 SlopeVerts=3000
[+21:04:46.501] VoxelMesh: Chunk X=0 Y=0 Z=0 FlatVerts=2370 SlopeVerts=2244
[+21:04:46.501] VoxelChunk: GenerateAsync (23,-18,0)
[+21:04:46.503] VoxelMesh: Chunk X=23 Y=-18 Z=0 FlatVerts=0 SlopeVerts=0
[+21:04:46.509] VoxelMesh: Chunk X=0 Y=0 Z=0 FlatVerts=0 SlopeVerts=0
[+21:04:46.509] VoxelChunk: GenerateAsync (17,-25,3)
[+21:04:46.511] VoxelMesh: Chunk X=17 Y=-25 Z=3 FlatVerts=252 SlopeVerts=6216
[+21:04:46.513] VoxelMesh: Chunk X=0 Y=0 Z=0 FlatVerts=5664 SlopeVerts=2706
[+21:04:46.514] VoxelChunk: GenerateAsync (19,-26,0)
[+21:04:46.516] VoxelMesh: Chunk X=19 Y=-26 Z=0 FlatVerts=0 SlopeVerts=0
[+21:04:46.529] VoxelMesh: Chunk X=0 Y=0 Z=0 FlatVerts=2562 SlopeVerts=1074
[+21:04:46.530] VoxelChunk: GenerateAsync (11,-18,0)
[+21:04:46.531] VoxelMesh: Chunk X=11 Y=-18 Z=0 FlatVerts=0 SlopeVerts=0
[+21:04:46.533] VoxelMesh: Chunk X=0 Y=0 Z=0 FlatVerts=7062 SlopeVerts=0
[+21:04:46.534] VoxelChunk: GenerateAsync (23,-22,0)
[+21:04:46.534] VoxelMesh: Chunk X=23 Y=-22 Z=0 FlatVerts=0 SlopeVerts=0
[+21:04:46.541] VoxelMesh: Chunk X=0 Y=0 Z=0 FlatVerts=0 SlopeVerts=8292
[+21:04:46.543] VoxelChunk: GenerateAsync (15,-21,5)
[+21:04:46.545] VoxelMesh: Chunk X=15 Y=-21 Z=5 FlatVerts=0 SlopeVerts=0
[+21:04:46.548] VoxelMesh: Chunk X=0 Y=0 Z=0 FlatVerts=180 SlopeVerts=14508
[+21:04:46.549] VoxelChunk: GenerateAsync (21,-16,2)
[+21:04:46.551] VoxelMesh: Chunk X=21 Y=-16 Z=2 FlatVerts=0 SlopeVerts=0
[+21:04:46.560] VoxelMesh: Chunk X=-2 Y=-2 Z=2 FlatVerts=0 SlopeVerts=0
[+21:04:46.560] VoxelChunk: GenerateAsync (-3,2,-4)
[+21:04:46.560] VoxelMesh: Chunk X=-3 Y=2 Z=-4 FlatVerts=0 SlopeVerts=0
[+21:04:46.568] VoxelMesh: Chunk X=0 Y=0 Z=0 FlatVerts=0 SlopeVerts=0
[+21:04:46.568] VoxelChunk: GenerateAsync (16,-22,5)
[+21:04:46.570] VoxelMesh: Chunk X=16 Y=-22 Z=5 FlatVerts=0 SlopeVerts=0
[+21:04:46.575] VoxelMesh: Chunk X=0 Y=0 Z=0 FlatVerts=18 SlopeVerts=2910
[+21:04:46.575] VoxelChunk: GenerateAsync (13,-16,2)
[+21:04:46.577] VoxelMesh: Chunk X=13 Y=-16 Z=2 FlatVerts=0 SlopeVerts=0
[+21:04:46.579] VoxelMesh: Chunk X=0 Y=0 Z=0 FlatVerts=3708 SlopeVerts=15630
[+21:04:46.582] VoxelChunk: GenerateAsync (16,-26,1)
[+21:04:46.584] VoxelMesh: Chunk X=16 Y=-26 Z=1 FlatVerts=0 SlopeVerts=0
[+21:04:46.585] VoxelMesh: Chunk X=0 Y=0 Z=0 FlatVerts=114 SlopeVerts=162
[+21:04:46.587] VoxelChunk: GenerateAsync (15,-26,0)
[+21:04:46.589] VoxelMesh: Chunk X=15 Y=-26 Z=0 FlatVerts=0 SlopeVerts=0
[+21:04:46.600] VoxelMesh: Chunk X=0 Y=0 Z=0 FlatVerts=5448 SlopeVerts=9270
[+21:04:46.602] VoxelChunk: GenerateAsync (23,-19,1)
[+21:04:46.605] VoxelMesh: Chunk X=23 Y=-19 Z=1 FlatVerts=0 SlopeVerts=0
[+21:04:46.607] VoxelMesh: Chunk X=0 Y=0 Z=0 FlatVerts=3468 SlopeVerts=5838
[+21:04:46.608] VoxelChunk: GenerateAsync (11,-21,1)
[+21:04:46.610] VoxelMesh: Chunk X=11 Y=-21 Z=1 FlatVerts=2256 SlopeVerts=36
[+21:04:46.613] VoxelMesh: Chunk X=0 Y=0 Z=0 FlatVerts=3186 SlopeVerts=13698
[+21:04:46.615] VoxelChunk: GenerateAsync (20,-16,3)
[+21:04:46.617] VoxelMesh: Chunk X=20 Y=-16 Z=3 FlatVerts=0 SlopeVerts=0
[+21:04:46.620] VoxelMesh: Chunk X=0 Y=0 Z=0 FlatVerts=4500 SlopeVerts=9540
[+21:04:46.622] VoxelChunk: GenerateAsync (11,-19,1)
[+21:04:46.623] VoxelMesh: Chunk X=11 Y=-19 Z=1 FlatVerts=1860 SlopeVerts=582
[+21:04:46.636] VoxelMesh: Chunk X=0 Y=0 Z=0 FlatVerts=36 SlopeVerts=282
[+21:04:46.636] VoxelChunk: GenerateAsync (15,-14,0)
[+21:04:46.637] VoxelMesh: Chunk X=15 Y=-14 Z=0 FlatVerts=0 SlopeVerts=0
[+21:04:46.642] VoxelMesh: Chunk X=0 Y=0 Z=0 FlatVerts=0 SlopeVerts=14802
[+21:04:46.643] VoxelChunk: GenerateAsync (16,-16,4)
[+21:04:46.645] VoxelMesh: Chunk X=16 Y=-16 Z=4 FlatVerts=0 SlopeVerts=0
[+21:04:46.648] VoxelMesh: Chunk X=0 Y=0 Z=0 FlatVerts=1116 SlopeVerts=1518
[+21:04:46.648] VoxelChunk: GenerateAsync (12,-24,0)
[+21:04:46.649] VoxelMesh: Chunk X=12 Y=-24 Z=0 FlatVerts=0 SlopeVerts=0
[+21:04:46.654] VoxelMesh: Chunk X=0 Y=0 Z=0 FlatVerts=0 SlopeVerts=0
[+21:04:46.654] VoxelChunk: GenerateAsync (22,-21,3)
[+21:04:46.655] VoxelMesh: Chunk X=22 Y=-21 Z=3 FlatVerts=0 SlopeVerts=0
[+21:04:46.662] VoxelMesh: Chunk X=-1 Y=-2 Z=2 FlatVerts=0 SlopeVerts=0
[+21:04:46.662] VoxelChunk: GenerateAsync (-2,2,-4)
[+21:04:46.663] VoxelMesh: Chunk X=-2 Y=2 Z=-4 FlatVerts=0 SlopeVerts=0
[+21:04:46.665] VoxelChunk: GenerateAsync (15,-25,2)
[+21:04:46.665] VoxelChunk: GenerateAsync (17,-18,5)
[+21:04:46.665] VoxelChunk: GenerateAsync (11,-20,1)
[+21:04:46.665] VoxelChunk: GenerateAsync (23,-20,1)
[+21:04:46.665] VoxelChunk: GenerateAsync (17,-26,1)
[+21:04:46.665] VoxelChunk: GenerateAsync (15,-20,5)
[+21:04:46.665] VoxelChunk: GenerateAsync (19,-20,5)
[+21:04:46.665] VoxelChunk: GenerateAsync (17,-22,5)
[+21:04:46.665] VoxelChunk: GenerateAsync (17,-14,1)
[+21:04:46.665] VoxelChunk: GenerateAsync (15,-19,5)
[+21:04:46.665] VoxelChunk: GenerateAsync (19,-21,5)
[+21:04:46.665] VoxelChunk: GenerateAsync (16,-14,1)
[+21:04:46.665] VoxelMesh: Chunk X=15 Y=-25 Z=2 FlatVerts=0 SlopeVerts=0
[+21:04:46.665] VoxelChunk: GenerateAsync (17,-16,4)
[+21:04:46.665] VoxelChunk: GenerateAsync (17,-15,3)
[+21:04:46.665] VoxelMesh: Chunk X=17 Y=-18 Z=5 FlatVerts=0 SlopeVerts=0
[+21:04:46.665] VoxelChunk: GenerateAsync (16,-18,5)
[+21:04:46.665] VoxelMesh: Chunk X=11 Y=-20 Z=1 FlatVerts=96 SlopeVerts=0
[+21:04:46.665] VoxelChunk: GenerateAsync (18,-14,1)
[+21:04:46.665] VoxelMesh: Chunk X=17 Y=-26 Z=1 FlatVerts=0 SlopeVerts=0
[+21:04:46.665] VoxelMesh: Chunk X=17 Y=-14 Z=1 FlatVerts=114 SlopeVerts=0
[+21:04:46.665] VoxelChunk: GenerateAsync (13,-24,2)
[+21:04:46.665] VoxelMesh: Chunk X=23 Y=-20 Z=1 FlatVerts=12 SlopeVerts=54
[+21:04:46.665] VoxelChunk: GenerateAsync (21,-20,4)
[+21:04:46.665] VoxelChunk: GenerateAsync (19,-14,0)
[+21:04:46.665] VoxelChunk: GenerateAsync (14,-16,3)
[+21:04:46.665] VoxelChunk: GenerateAsync (21,-17,3)
[+21:04:46.665] VoxelMesh: Chunk X=17 Y=-22 Z=5 FlatVerts=0 SlopeVerts=0
[+21:04:46.665] VoxelChunk: GenerateAsync (13,-17,3)
[+21:04:46.665] VoxelChunk: GenerateAsync (21,-24,2)
[+21:04:46.665] VoxelChunk: GenerateAsync (17,-24,4)
[+21:04:46.665] VoxelMesh: Chunk X=19 Y=-20 Z=5 FlatVerts=0 SlopeVerts=0
[+21:04:46.665] VoxelChunk: GenerateAsync (23,-21,1)
[+21:04:46.665] VoxelMesh: Chunk X=16 Y=-14 Z=1 FlatVerts=120 SlopeVerts=0
[+21:04:46.665] VoxelChunk: GenerateAsync (12,-20,3)
[+21:04:46.665] VoxelChunk: GenerateAsync (19,-19,5)
[+21:04:46.665] VoxelChunk: GenerateAsync (18,-18,5)
[+21:04:46.666] VoxelChunk: GenerateAsync (11,-22,0)
[+21:04:46.666] VoxelChunk: GenerateAsync (18,-26,1)
[+21:04:46.666] VoxelMesh: Chunk X=15 Y=-20 Z=5 FlatVerts=0 SlopeVerts=0
[+21:04:46.666] VoxelChunk: GenerateAsync (22,-20,3)
[+21:04:46.666] VoxelMesh: Chunk X=15 Y=-19 Z=5 FlatVerts=0 SlopeVerts=0
[+21:04:46.666] VoxelChunk: GenerateAsync (21,-23,3)
[+21:04:46.666] VoxelMesh: Chunk X=18 Y=-14 Z=1 FlatVerts=126 SlopeVerts=0
[+21:04:46.666] VoxelMesh: Chunk X=19 Y=-21 Z=5 FlatVerts=0 SlopeVerts=0
[+21:04:46.666] VoxelChunk: GenerateAsync (13,-23,3)
[+21:04:46.666] VoxelChunk: GenerateAsync (20,-24,3)
[+21:04:46.666] VoxelChunk: GenerateAsync (18,-22,5)
[+21:04:46.666] VoxelMesh: Chunk X=17 Y=-15 Z=3 FlatVerts=0 SlopeVerts=0
[+21:04:46.666] VoxelMesh: Chunk X=17 Y=-16 Z=4 FlatVerts=0 SlopeVerts=0
[+21:04:46.666] VoxelChunk: GenerateAsync (14,-24,3)
[+21:04:46.666] VoxelMesh: Chunk X=13 Y=-24 Z=2 FlatVerts=36 SlopeVerts=66
[+21:04:46.666] VoxelChunk: GenerateAsync (13,-20,4)
[+21:04:46.666] VoxelChunk: GenerateAsync (23,-18,0)
[+21:04:46.666] VoxelMesh: Chunk X=19 Y=-14 Z=0 FlatVerts=0 SlopeVerts=0
[+21:04:46.666] VoxelMesh: Chunk X=16 Y=-18 Z=5 FlatVerts=0 SlopeVerts=24
[+21:04:46.666] VoxelChunk: GenerateAsync (17,-25,3)
[+21:04:46.666] VoxelChunk: GenerateAsync (19,-26,0)
[+21:04:46.666] VoxelChunk: GenerateAsync (11,-18,0)
[+21:04:46.666] VoxelChunk: GenerateAsync (23,-22,0)
[+21:04:46.666] VoxelChunk: GenerateAsync (15,-21,5)
[+21:04:46.666] VoxelChunk: GenerateAsync (21,-16,2)
[+21:04:46.666] VoxelChunk: GenerateAsync (16,-22,5)
[+21:04:46.666] VoxelChunk: GenerateAsync (13,-16,2)
[+21:04:46.666] VoxelChunk: GenerateAsync (16,-26,1)
[+21:04:46.666] VoxelChunk: GenerateAsync (15,-26,0)
[+21:04:46.666] VoxelChunk: GenerateAsync (23,-19,1)
[+21:04:46.666] VoxelMesh: Chunk X=21 Y=-24 Z=2 FlatVerts=0 SlopeVerts=0
[+21:04:46.666] VoxelChunk: GenerateAsync (11,-21,1)
[+21:04:46.666] VoxelChunk: GenerateAsync (20,-16,3)
[+21:04:46.666] VoxelChunk: GenerateAsync (11,-19,1)
[+21:04:46.666] VoxelMesh: Chunk X=14 Y=-16 Z=3 FlatVerts=0 SlopeVerts=0
[+21:04:46.666] VoxelChunk: GenerateAsync (15,-14,0)
[+21:04:46.666] VoxelChunk: GenerateAsync (16,-16,4)
[+21:04:46.666] VoxelMesh: Chunk X=21 Y=-20 Z=4 FlatVerts=0 SlopeVerts=0
[+21:04:46.666] VoxelMesh: Chunk X=23 Y=-21 Z=1 FlatVerts=114 SlopeVerts=0
[+21:04:46.666] VoxelChunk: GenerateAsync (12,-24,0)
[+21:04:46.666] VoxelChunk: GenerateAsync (22,-21,3)
[+21:04:46.666] VoxelMesh: Chunk X=13 Y=-17 Z=3 FlatVerts=0 SlopeVerts=0
[+21:04:46.666] VoxelMesh: Chunk X=21 Y=-17 Z=3 FlatVerts=30 SlopeVerts=60
[+21:04:46.666] VoxelMesh: Chunk X=11 Y=-22 Z=0 FlatVerts=0 SlopeVerts=0
[+21:04:46.666] VoxelMesh: Chunk X=17 Y=-24 Z=4 FlatVerts=0 SlopeVerts=0
[+21:04:46.666] VoxelMesh: Chunk X=12 Y=-20 Z=3 FlatVerts=0 SlopeVerts=66
[+21:04:46.666] VoxelMesh: Chunk X=18 Y=-26 Z=1 FlatVerts=0 SlopeVerts=0
[+21:04:46.666] VoxelMesh: Chunk X=18 Y=-22 Z=5 FlatVerts=0 SlopeVerts=0
[+21:04:46.666] VoxelMesh: Chunk X=21 Y=-23 Z=3 FlatVerts=6 SlopeVerts=198
[+21:04:46.666] VoxelMesh: Chunk X=18 Y=-18 Z=5 FlatVerts=0 SlopeVerts=0
[+21:04:46.666] VoxelMesh: Chunk X=19 Y=-19 Z=5 FlatVerts=0 SlopeVerts=0
[+21:04:46.666] VoxelMesh: Chunk X=22 Y=-20 Z=3 FlatVerts=0 SlopeVerts=84
[+21:04:46.666] VoxelMesh: Chunk X=20 Y=-24 Z=3 FlatVerts=0 SlopeVerts=192
[+21:04:46.667] VoxelMesh: Chunk X=23 Y=-22 Z=0 FlatVerts=0 SlopeVerts=0
[+21:04:46.667] VoxelMesh: Chunk X=11 Y=-18 Z=0 FlatVerts=0 SlopeVerts=0
[+21:04:46.667] VoxelMesh: Chunk X=14 Y=-24 Z=3 FlatVerts=0 SlopeVerts=192
[+21:04:46.667] VoxelMesh: Chunk X=13 Y=-23 Z=3 FlatVerts=42 SlopeVerts=138
[+21:04:46.667] VoxelMesh: Chunk X=17 Y=-25 Z=3 FlatVerts=12 SlopeVerts=294
[+21:04:46.667] VoxelMesh: Chunk X=19 Y=-26 Z=0 FlatVerts=0 SlopeVerts=0
[+21:04:46.667] VoxelMesh: Chunk X=23 Y=-18 Z=0 FlatVerts=0 SlopeVerts=0
[+21:04:46.667] VoxelMesh: Chunk X=13 Y=-20 Z=4 FlatVerts=0 SlopeVerts=168
[+21:04:46.667] VoxelMesh: Chunk X=21 Y=-16 Z=2 FlatVerts=0 SlopeVerts=0
[+21:04:46.667] VoxelMesh: Chunk X=13 Y=-16 Z=2 FlatVerts=0 SlopeVerts=0
[+21:04:46.667] VoxelMesh: Chunk X=16 Y=-22 Z=5 FlatVerts=0 SlopeVerts=0
[+21:04:46.667] VoxelMesh: Chunk X=11 Y=-21 Z=1 FlatVerts=162 SlopeVerts=0
[+21:04:46.667] VoxelMesh: Chunk X=15 Y=-21 Z=5 FlatVerts=0 SlopeVerts=0
[+21:04:46.667] VoxelMesh: Chunk X=16 Y=-26 Z=1 FlatVerts=0 SlopeVerts=0
[+21:04:46.667] VoxelMesh: Chunk X=23 Y=-19 Z=1 FlatVerts=0 SlopeVerts=0
[+21:04:46.667] VoxelMesh: Chunk X=15 Y=-14 Z=0 FlatVerts=0 SlopeVerts=0
[+21:04:46.667] VoxelMesh: Chunk X=12 Y=-24 Z=0 FlatVerts=0 SlopeVerts=0
[+21:04:46.667] VoxelMesh: Chunk X=11 Y=-19 Z=1 FlatVerts=126 SlopeVerts=0
[+21:04:46.668] VoxelMesh: Chunk X=22 Y=-21 Z=3 FlatVerts=0 SlopeVerts=0
[+21:04:46.668] VoxelMesh: Chunk X=15 Y=-26 Z=0 FlatVerts=0 SlopeVerts=0
[+21:04:46.668] VoxelMesh: Chunk X=20 Y=-16 Z=3 FlatVerts=0 SlopeVerts=0
[+21:04:46.668] VoxelMesh: Chunk X=16 Y=-16 Z=4 FlatVerts=0 SlopeVerts=0
[+21:04:46.670] VoxelMesh: Chunk X=0 Y=0 Z=0 FlatVerts=1530 SlopeVerts=1944
[+21:04:46.672] VoxelChunk: GenerateAsync (22,-16,0)
[+21:04:46.672] VoxelMesh: Chunk X=22 Y=-16 Z=0 FlatVerts=0 SlopeVerts=0
[+21:04:46.677] VoxelMesh: Chunk X=0 Y=0 Z=0 FlatVerts=192 SlopeVerts=16206
[+21:04:46.678] VoxelChunk: GenerateAsync (13,-21,4)
[+21:04:46.680] VoxelMesh: Chunk X=13 Y=-21 Z=4 FlatVerts=0 SlopeVerts=2706
[+21:04:46.686] VoxelMesh: Chunk X=0 Y=0 Z=0 FlatVerts=0 SlopeVerts=0
[+21:04:46.686] VoxelChunk: GenerateAsync (18,-25,3)
[+21:04:46.689] VoxelMesh: Chunk X=18 Y=-25 Z=3 FlatVerts=18 SlopeVerts=234
[+21:04:46.692] VoxelMesh: Chunk X=0 Y=0 Z=0 FlatVerts=0 SlopeVerts=0
[+21:04:46.693] VoxelChunk: GenerateAsync (18,-16,4)
[+21:04:46.694] VoxelMesh: Chunk X=18 Y=-16 Z=4 FlatVerts=0 SlopeVerts=0
[+21:04:46.709] VoxelMesh: Chunk X=0 Y=0 Z=0 FlatVerts=3000 SlopeVerts=3762
[+21:04:46.710] VoxelChunk: GenerateAsync (22,-24,0)
[+21:04:46.712] VoxelMesh: Chunk X=22 Y=-24 Z=0 FlatVerts=0 SlopeVerts=0
[+21:04:46.716] VoxelMesh: Chunk X=0 Y=0 Z=0 FlatVerts=6 SlopeVerts=36
[+21:04:46.716] VoxelChunk: GenerateAsync (13,-15,0)
[+21:04:46.717] VoxelMesh: Chunk X=13 Y=-15 Z=0 FlatVerts=0 SlopeVerts=0
[+21:04:46.721] VoxelMesh: Chunk X=0 Y=0 Z=0 FlatVerts=2208 SlopeVerts=3102
[+21:04:46.721] VoxelChunk: GenerateAsync (21,-15,0)
[+21:04:46.722] VoxelMesh: Chunk X=21 Y=-15 Z=0 FlatVerts=0 SlopeVerts=0
[+21:04:46.728] VoxelMesh: Chunk X=0 Y=0 Z=0 FlatVerts=0 SlopeVerts=636
[+21:04:46.728] VoxelChunk: GenerateAsync (21,-25,0)
[+21:04:46.729] VoxelMesh: Chunk X=21 Y=-25 Z=0 FlatVerts=0 SlopeVerts=0
[+21:04:46.742] VoxelMesh: Chunk X=0 Y=0 Z=0 FlatVerts=0 SlopeVerts=14724
[+21:04:46.743] VoxelChunk: GenerateAsync (12,-21,3)
[+21:04:46.745] VoxelMesh: Chunk X=12 Y=-21 Z=3 FlatVerts=24 SlopeVerts=1200
[+21:04:46.750] VoxelMesh: Chunk X=0 Y=0 Z=0 FlatVerts=0 SlopeVerts=0
[+21:04:46.750] VoxelChunk: GenerateAsync (22,-19,3)
[+21:04:46.751] VoxelMesh: Chunk X=22 Y=-19 Z=3 FlatVerts=0 SlopeVerts=3624
[+21:04:46.756] VoxelMesh: Chunk X=0 Y=0 Z=0 FlatVerts=0 SlopeVerts=0
[+21:04:46.757] VoxelChunk: GenerateAsync (12,-16,0)
[+21:04:46.757] VoxelMesh: Chunk X=12 Y=-16 Z=0 FlatVerts=0 SlopeVerts=0
[+21:04:46.762] VoxelMesh: Chunk X=0 Y=0 Z=0 FlatVerts=0 SlopeVerts=2802
[+21:04:46.762] VoxelChunk: GenerateAsync (21,-21,4)
[+21:04:46.763] VoxelMesh: Chunk X=21 Y=-21 Z=4 FlatVerts=0 SlopeVerts=0
[+21:04:46.770] VoxelMesh: Chunk X=1 Y=0 Z=2 FlatVerts=0 SlopeVerts=0
[+21:04:46.772] VoxelChunk: GenerateAsync (3,-1,-4)
[+21:04:46.773] VoxelMesh: Chunk X=3 Y=-1 Z=-4 FlatVerts=0 SlopeVerts=0
[+21:04:46.779] VoxelMesh: Chunk X=0 Y=0 Z=0 FlatVerts=0 SlopeVerts=0
[+21:04:46.779] VoxelChunk: GenerateAsync (21,-19,4)
[+21:04:46.781] VoxelMesh: Chunk X=21 Y=-19 Z=4 FlatVerts=0 SlopeVerts=0
[+21:04:46.786] VoxelMesh: Chunk X=0 Y=0 Z=0 FlatVerts=0 SlopeVerts=0
[+21:04:46.787] VoxelChunk: GenerateAsync (16,-25,3)
[+21:04:46.789] VoxelMesh: Chunk X=16 Y=-25 Z=3 FlatVerts=0 SlopeVerts=3114
[+21:04:46.793] VoxelMesh: Chunk X=0 Y=0 Z=0 FlatVerts=0 SlopeVerts=0
[+21:04:46.795] VoxelChunk: GenerateAsync (16,-24,4)
[+21:04:46.796] VoxelMesh: Chunk X=16 Y=-24 Z=4 FlatVerts=0 SlopeVerts=1848
[+21:04:46.798] VoxelMesh: Chunk X=0 Y=0 Z=0 FlatVerts=6222 SlopeVerts=2220
[+21:04:46.799] VoxelChunk: GenerateAsync (13,-25,0)
[+21:04:46.800] VoxelMesh: Chunk X=13 Y=-25 Z=0 FlatVerts=0 SlopeVerts=0
[+21:04:46.820] VoxelMesh: Chunk X=0 Y=0 Z=0 FlatVerts=18 SlopeVerts=15378
[+21:04:46.821] VoxelChunk: GenerateAsync (12,-19,3)
[+21:04:46.823] VoxelMesh: Chunk X=12 Y=-19 Z=3 FlatVerts=0 SlopeVerts=0
[+21:04:46.829] VoxelMesh: Chunk X=0 Y=0 Z=0 FlatVerts=0 SlopeVerts=0
[+21:04:46.830] VoxelChunk: GenerateAsync (18,-24,4)
[+21:04:46.830] VoxelMesh: Chunk X=18 Y=-24 Z=4 FlatVerts=0 SlopeVerts=0
[+21:04:46.836] VoxelMesh: Chunk X=0 Y=0 Z=0 FlatVerts=36 SlopeVerts=20730
[+21:04:46.837] VoxelChunk: GenerateAsync (13,-19,4)
[+21:04:46.840] VoxelMesh: Chunk X=13 Y=-19 Z=4 FlatVerts=0 SlopeVerts=0
[+21:04:46.843] VoxelMesh: Chunk X=0 Y=0 Z=0 FlatVerts=30 SlopeVerts=10668
[+21:04:46.844] VoxelChunk: GenerateAsync (16,-15,3)
[+21:04:46.846] VoxelMesh: Chunk X=16 Y=-15 Z=3 FlatVerts=0 SlopeVerts=0
[+21:04:46.860] VoxelMesh: Chunk X=0 Y=0 Z=0 FlatVerts=0 SlopeVerts=198
[+21:04:46.860] VoxelChunk: GenerateAsync (18,-15,3)
[+21:04:46.862] VoxelMesh: Chunk X=18 Y=-15 Z=3 FlatVerts=0 SlopeVerts=0
[+21:04:46.866] VoxelMesh: Chunk X=0 Y=0 Z=0 FlatVerts=0 SlopeVerts=2508
[+21:04:46.866] VoxelChunk: GenerateAsync (14,-23,4)
[+21:04:46.868] VoxelMesh: Chunk X=14 Y=-23 Z=4 FlatVerts=48 SlopeVerts=540
[+21:04:46.872] VoxelMesh: Chunk X=0 Y=0 Z=0 FlatVerts=30 SlopeVerts=7860
[+21:04:46.873] VoxelChunk: GenerateAsync (12,-17,2)
[+21:04:46.875] VoxelMesh: Chunk X=12 Y=-17 Z=2 FlatVerts=0 SlopeVerts=0
[+21:04:46.879] VoxelMesh: Chunk X=0 Y=0 Z=0 FlatVerts=2766 SlopeVerts=6684
[+21:04:46.880] VoxelChunk: GenerateAsync (20,-23,4)
[+21:04:46.881] VoxelMesh: Chunk X=20 Y=-23 Z=4 FlatVerts=804 SlopeVerts=306
[+21:04:46.888] VoxelMesh: Chunk X=2 Y=0 Z=1 FlatVerts=0 SlopeVerts=0
[+21:04:46.888] VoxelChunk: GenerateAsync (2,-2,-4)
[+21:04:46.890] VoxelMesh: Chunk X=2 Y=-2 Z=-4 FlatVerts=0 SlopeVerts=0
[+21:04:46.896] VoxelMesh: Chunk X=0 Y=0 Z=0 FlatVerts=1230 SlopeVerts=15252
[+21:04:46.897] VoxelChunk: GenerateAsync (22,-17,2)
[+21:04:46.899] VoxelMesh: Chunk X=22 Y=-17 Z=2 FlatVerts=192 SlopeVerts=3162
[+21:04:46.904] VoxelMesh: Chunk X=0 Y=0 Z=0 FlatVerts=1152 SlopeVerts=9288
[+21:04:46.905] VoxelChunk: GenerateAsync (14,-25,2)
[+21:04:46.906] VoxelMesh: Chunk X=14 Y=-25 Z=2 FlatVerts=0 SlopeVerts=312
[+21:04:46.909] VoxelMesh: Chunk X=0 Y=0 Z=0 FlatVerts=0 SlopeVerts=9462
[+21:04:46.910] VoxelChunk: GenerateAsync (20,-25,2)
[+21:04:46.912] VoxelMesh: Chunk X=20 Y=-25 Z=2 FlatVerts=228 SlopeVerts=3762
[+21:04:46.916] VoxelMesh: Chunk X=0 Y=0 Z=0 FlatVerts=0 SlopeVerts=2334
[+21:04:46.917] VoxelChunk: GenerateAsync (22,-23,2)
[+21:04:46.918] VoxelMesh: Chunk X=22 Y=-23 Z=2 FlatVerts=0 SlopeVerts=534
[+21:04:46.932] VoxelMesh: Chunk X=0 Y=0 Z=0 FlatVerts=426 SlopeVerts=17604
[+21:04:46.933] VoxelChunk: GenerateAsync (14,-15,2)
[+21:04:46.936] VoxelMesh: Chunk X=14 Y=-15 Z=2 FlatVerts=0 SlopeVerts=0
[+21:04:46.942] VoxelMesh: Chunk X=0 Y=0 Z=0 FlatVerts=126 SlopeVerts=33912
[+21:04:46.944] VoxelChunk: GenerateAsync (14,-17,4)
[+21:04:46.945] VoxelMesh: Chunk X=14 Y=-17 Z=4 FlatVerts=0 SlopeVerts=0
[+21:04:46.950] VoxelMesh: Chunk X=0 Y=0 Z=0 FlatVerts=606 SlopeVerts=1014
[+21:04:46.950] VoxelChunk: GenerateAsync (20,-17,4)
[+21:04:46.953] VoxelMesh: Chunk X=20 Y=-17 Z=4 FlatVerts=0 SlopeVerts=0
[+21:04:46.956] VoxelMesh: Chunk X=0 Y=0 Z=0 FlatVerts=1302 SlopeVerts=13578
[+21:04:46.957] VoxelChunk: GenerateAsync (12,-23,2)
[+21:04:46.959] VoxelMesh: Chunk X=12 Y=-23 Z=2 FlatVerts=96 SlopeVerts=1602
[+21:04:46.975] VoxelMesh: Chunk X=0 Y=0 Z=0 FlatVerts=516 SlopeVerts=14898
[+21:04:46.977] VoxelChunk: GenerateAsync (20,-15,2)
[+21:04:46.978] VoxelMesh: Chunk X=20 Y=-15 Z=2 FlatVerts=0 SlopeVerts=0
[+21:04:46.981] VoxelMesh: Chunk X=0 Y=0 Z=0 FlatVerts=6108 SlopeVerts=3918
[+21:04:46.982] VoxelChunk: GenerateAsync (19,-14,1)
[+21:04:46.983] VoxelMesh: Chunk X=19 Y=-14 Z=1 FlatVerts=1338 SlopeVerts=510
[+21:04:46.987] VoxelMesh: Chunk X=0 Y=0 Z=0 FlatVerts=450 SlopeVerts=20340
[+21:04:46.988] VoxelChunk: GenerateAsync (15,-14,1)
[+21:04:46.989] VoxelMesh: Chunk X=15 Y=-14 Z=1 FlatVerts=1908 SlopeVerts=0
[+21:04:46.995] VoxelMesh: Chunk X=0 Y=0 Z=0 FlatVerts=42 SlopeVerts=18294
[+21:04:46.996] VoxelChunk: GenerateAsync (15,-18,5)
[+21:04:46.998] VoxelMesh: Chunk X=15 Y=-18 Z=5 FlatVerts=0 SlopeVerts=0
[+21:04:47.008] VoxelMesh: Chunk X=-2 Y=1 Z=1 FlatVerts=0 SlopeVerts=0
[+21:04:47.008] VoxelChunk: GenerateAsync (-2,-2,-4)
[+21:04:47.009] VoxelMesh: Chunk X=-2 Y=-2 Z=-4 FlatVerts=0 SlopeVerts=0
[+21:04:47.016] VoxelMesh: Chunk X=0 Y=0 Z=0 FlatVerts=0 SlopeVerts=0
[+21:04:47.017] VoxelChunk: GenerateAsync (19,-18,5)
[+21:04:47.019] VoxelMesh: Chunk X=19 Y=-18 Z=5 FlatVerts=0 SlopeVerts=0
[+21:04:47.021] VoxelMesh: Chunk X=0 Y=0 Z=0 FlatVerts=2082 SlopeVerts=14832
[+21:04:47.022] VoxelChunk: GenerateAsync (15,-26,1)
[+21:04:47.024] VoxelMesh: Chunk X=15 Y=-26 Z=1 FlatVerts=0 SlopeVerts=0
[+21:04:47.028] VoxelMesh: Chunk X=0 Y=0 Z=0 FlatVerts=3648 SlopeVerts=12684
[+21:04:47.029] VoxelChunk: GenerateAsync (23,-18,1)
[+21:04:47.030] VoxelMesh: Chunk X=23 Y=-18 Z=1 FlatVerts=0 SlopeVerts=36
[+21:04:47.033] VoxelMesh: Chunk X=0 Y=0 Z=0 FlatVerts=3666 SlopeVerts=6000
[+21:04:47.034] VoxelChunk: GenerateAsync (11,-22,1)
[+21:04:47.036] VoxelMesh: Chunk X=11 Y=-22 Z=1 FlatVerts=1986 SlopeVerts=486
[+21:04:47.049] VoxelMesh: Chunk X=0 Y=0 Z=0 FlatVerts=5664 SlopeVerts=6726
[+21:04:47.050] VoxelChunk: GenerateAsync (19,-26,1)
[+21:04:47.052] VoxelMesh: Chunk X=19 Y=-26 Z=1 FlatVerts=282 SlopeVerts=366
[+21:04:47.056] VoxelMesh: Chunk X=0 Y=0 Z=0 FlatVerts=2580 SlopeVerts=8670
[+21:04:47.057] VoxelChunk: GenerateAsync (11,-18,1)
[+21:04:47.059] VoxelMesh: Chunk X=11 Y=-18 Z=1 FlatVerts=1590 SlopeVerts=1176
[+21:04:47.065] VoxelMesh: Chunk X=0 Y=0 Z=0 FlatVerts=0 SlopeVerts=792
[+21:04:47.066] VoxelChunk: GenerateAsync (15,-22,5)
[+21:04:47.068] VoxelMesh: Chunk X=15 Y=-22 Z=5 FlatVerts=0 SlopeVerts=0
[+21:04:47.070] VoxelMesh: Chunk X=0 Y=0 Z=0 FlatVerts=7062 SlopeVerts=0
[+21:04:47.071] VoxelChunk: GenerateAsync (23,-22,1)
[+21:04:47.072] VoxelMesh: Chunk X=23 Y=-22 Z=1 FlatVerts=1788 SlopeVerts=0
[+21:04:47.087] VoxelMesh: Chunk X=0 Y=0 Z=0 FlatVerts=852 SlopeVerts=696
[+21:04:47.087] VoxelChunk: GenerateAsync (19,-22,5)
[+21:04:47.089] VoxelMesh: Chunk X=19 Y=-22 Z=5 FlatVerts=0 SlopeVerts=0
[+21:04:47.092] VoxelMesh: Chunk X=0 Y=0 Z=0 FlatVerts=3072 SlopeVerts=11736
[+21:04:47.093] VoxelChunk: GenerateAsync (22,-24,1)
[+21:04:47.095] VoxelMesh: Chunk X=22 Y=-24 Z=1 FlatVerts=48 SlopeVerts=1650
[+21:04:47.098] VoxelMesh: Chunk X=0 Y=0 Z=0 FlatVerts=1116 SlopeVerts=7302
[+21:04:47.098] VoxelChunk: GenerateAsync (12,-24,1)
[+21:04:47.099] VoxelMesh: Chunk X=12 Y=-24 Z=1 FlatVerts=444 SlopeVerts=642
[+21:04:47.104] VoxelMesh: Chunk X=0 Y=0 Z=0 FlatVerts=0 SlopeVerts=2958
[+21:04:47.104] VoxelChunk: GenerateAsync (12,-16,1)
[+21:04:47.104] VoxelMesh: Chunk X=12 Y=-16 Z=1 FlatVerts=1746 SlopeVerts=462
[+21:04:47.113] VoxelMesh: Chunk X=0 Y=-2 Z=2 FlatVerts=0 SlopeVerts=0
[+21:04:47.113] VoxelChunk: GenerateAsync (2,-3,-4)
[+21:04:47.115] VoxelMesh: Chunk X=2 Y=-3 Z=-4 FlatVerts=0 SlopeVerts=0
[+21:04:47.121] VoxelMesh: Chunk X=0 Y=0 Z=0 FlatVerts=336 SlopeVerts=4632
[+21:04:47.122] VoxelChunk: GenerateAsync (17,-14,2)
[+21:04:47.123] VoxelMesh: Chunk X=17 Y=-14 Z=2 FlatVerts=0 SlopeVerts=0
[+21:04:47.127] VoxelMesh: Chunk X=0 Y=0 Z=0 FlatVerts=6516 SlopeVerts=6282
[+21:04:47.129] VoxelChunk: GenerateAsync (13,-25,1)
[+21:04:47.130] VoxelMesh: Chunk X=13 Y=-25 Z=1 FlatVerts=510 SlopeVerts=342
[+21:04:47.134] VoxelMesh: Chunk X=0 Y=0 Z=0 FlatVerts=2214 SlopeVerts=14868
[+21:04:47.136] VoxelChunk: GenerateAsync (22,-16,1)
[+21:04:47.137] VoxelMesh: Chunk X=22 Y=-16 Z=1 FlatVerts=1908 SlopeVerts=0
[+21:04:47.142] VoxelMesh: Chunk X=0 Y=0 Z=0 FlatVerts=18 SlopeVerts=8496
[+21:04:47.143] VoxelChunk: GenerateAsync (11,-20,2)
[+21:04:47.145] VoxelMesh: Chunk X=11 Y=-20 Z=2 FlatVerts=0 SlopeVerts=0
[+21:04:47.157] VoxelMesh: Chunk X=0 Y=0 Z=0 FlatVerts=0 SlopeVerts=2550
[+21:04:47.157] VoxelChunk: GenerateAsync (21,-25,1)
[+21:04:47.161] VoxelMesh: Chunk X=21 Y=-25 Z=1 FlatVerts=0 SlopeVerts=0
[+21:04:47.164] VoxelMesh: Chunk X=0 Y=0 Z=0 FlatVerts=0 SlopeVerts=1230
[+21:04:47.164] VoxelChunk: GenerateAsync (23,-20,2)
[+21:04:47.166] VoxelMesh: Chunk X=23 Y=-20 Z=2 FlatVerts=0 SlopeVerts=2418
[+21:04:47.170] VoxelMesh: Chunk X=0 Y=0 Z=0 FlatVerts=30 SlopeVerts=30120
[+21:04:47.173] VoxelChunk: GenerateAsync (12,-18,3)
[+21:04:47.175] VoxelMesh: Chunk X=12 Y=-18 Z=3 FlatVerts=0 SlopeVerts=0
[+21:04:47.181] VoxelMesh: Chunk X=0 Y=0 Z=0 FlatVerts=186 SlopeVerts=22422
[+21:04:47.183] VoxelChunk: GenerateAsync (15,-15,3)
[+21:04:47.184] VoxelMesh: Chunk X=15 Y=-15 Z=3 FlatVerts=0 SlopeVerts=0
[+21:04:47.195] VoxelChunk: GenerateAsync (22,-16,0)
[+21:04:47.195] VoxelChunk: GenerateAsync (13,-21,4)
[+21:04:47.195] VoxelChunk: GenerateAsync (18,-25,3)
[+21:04:47.195] VoxelChunk: GenerateAsync (18,-16,4)
[+21:04:47.195] VoxelChunk: GenerateAsync (22,-24,0)
[+21:04:47.195] VoxelChunk: GenerateAsync (13,-15,0)
[+21:04:47.195] VoxelChunk: GenerateAsync (21,-15,0)
[+21:04:47.195] VoxelChunk: GenerateAsync (21,-25,0)
[+21:04:47.195] VoxelChunk: GenerateAsync (12,-21,3)
[+21:04:47.195] VoxelMesh: Chunk X=22 Y=-16 Z=0 FlatVerts=0 SlopeVerts=0
[+21:04:47.195] VoxelChunk: GenerateAsync (22,-19,3)
[+21:04:47.195] VoxelChunk: GenerateAsync (12,-16,0)
[+21:04:47.195] VoxelMesh: Chunk X=13 Y=-15 Z=0 FlatVerts=0 SlopeVerts=0
[+21:04:47.195] VoxelChunk: GenerateAsync (21,-21,4)
[+21:04:47.195] VoxelChunk: GenerateAsync (21,-19,4)
[+21:04:47.195] VoxelMesh: Chunk X=21 Y=-15 Z=0 FlatVerts=0 SlopeVerts=0
[+21:04:47.195] VoxelChunk: GenerateAsync (16,-25,3)
[+21:04:47.195] VoxelChunk: GenerateAsync (16,-24,4)
[+21:04:47.195] VoxelChunk: GenerateAsync (13,-25,0)
[+21:04:47.195] VoxelChunk: GenerateAsync (12,-19,3)
[+21:04:47.195] VoxelMesh: Chunk X=13 Y=-21 Z=4 FlatVerts=0 SlopeVerts=108
[+21:04:47.195] VoxelChunk: GenerateAsync (18,-24,4)
[+21:04:47.195] VoxelChunk: GenerateAsync (13,-19,4)
[+21:04:47.195] VoxelChunk: GenerateAsync (16,-15,3)
[+21:04:47.195] VoxelChunk: GenerateAsync (18,-15,3)
[+21:04:47.195] VoxelMesh: Chunk X=12 Y=-16 Z=0 FlatVerts=0 SlopeVerts=0
[+21:04:47.195] VoxelChunk: GenerateAsync (14,-23,4)
[+21:04:47.195] VoxelChunk: GenerateAsync (12,-17,2)
[+21:04:47.195] VoxelChunk: GenerateAsync (20,-23,4)
[+21:04:47.195] VoxelMesh: Chunk X=18 Y=-16 Z=4 FlatVerts=0 SlopeVerts=0
[+21:04:47.195] VoxelMesh: Chunk X=18 Y=-25 Z=3 FlatVerts=6 SlopeVerts=36
[+21:04:47.195] VoxelChunk: GenerateAsync (22,-17,2)
[+21:04:47.195] VoxelChunk: GenerateAsync (14,-25,2)
[+21:04:47.195] VoxelChunk: GenerateAsync (20,-25,2)
[+21:04:47.195] VoxelChunk: GenerateAsync (22,-23,2)
[+21:04:47.195] VoxelChunk: GenerateAsync (14,-15,2)
[+21:04:47.195] VoxelMesh: Chunk X=22 Y=-19 Z=3 FlatVerts=0 SlopeVerts=192
[+21:04:47.195] VoxelChunk: GenerateAsync (14,-17,4)
[+21:04:47.195] VoxelMesh: Chunk X=22 Y=-24 Z=0 FlatVerts=0 SlopeVerts=0
[+21:04:47.195] VoxelChunk: GenerateAsync (20,-17,4)
[+21:04:47.195] VoxelMesh: Chunk X=21 Y=-21 Z=4 FlatVerts=0 SlopeVerts=0
[+21:04:47.195] VoxelMesh: Chunk X=12 Y=-21 Z=3 FlatVerts=0 SlopeVerts=42
[+21:04:47.195] VoxelChunk: GenerateAsync (12,-23,2)
[+21:04:47.195] VoxelChunk: GenerateAsync (20,-15,2)
[+21:04:47.195] VoxelMesh: Chunk X=21 Y=-25 Z=0 FlatVerts=0 SlopeVerts=0
[+21:04:47.195] VoxelChunk: GenerateAsync (19,-14,1)
[+21:04:47.196] VoxelChunk: GenerateAsync (15,-14,1)
[+21:04:47.196] VoxelChunk: GenerateAsync (15,-18,5)
[+21:04:47.196] VoxelChunk: GenerateAsync (19,-18,5)
[+21:04:47.196] VoxelMesh: Chunk X=16 Y=-25 Z=3 FlatVerts=0 SlopeVerts=132
[+21:04:47.196] VoxelChunk: GenerateAsync (15,-26,1)
[+21:04:47.196] VoxelChunk: GenerateAsync (23,-18,1)
[+21:04:47.196] VoxelChunk: GenerateAsync (11,-22,1)
[+21:04:47.196] VoxelChunk: GenerateAsync (19,-26,1)
[+21:04:47.196] VoxelChunk: GenerateAsync (11,-18,1)
[+21:04:47.196] VoxelMesh: Chunk X=21 Y=-19 Z=4 FlatVerts=0 SlopeVerts=0
[+21:04:47.196] VoxelChunk: GenerateAsync (15,-22,5)
[+21:04:47.196] VoxelMesh: Chunk X=16 Y=-24 Z=4 FlatVerts=0 SlopeVerts=144
[+21:04:47.196] VoxelChunk: GenerateAsync (23,-22,1)
[+21:04:47.196] VoxelChunk: GenerateAsync (19,-22,5)
[+21:04:47.196] VoxelMesh: Chunk X=13 Y=-25 Z=0 FlatVerts=0 SlopeVerts=0
[+21:04:47.196] VoxelChunk: GenerateAsync (22,-24,1)
[+21:04:47.196] VoxelChunk: GenerateAsync (12,-24,1)
[+21:04:47.196] VoxelMesh: Chunk X=16 Y=-15 Z=3 FlatVerts=0 SlopeVerts=0
[+21:04:47.196] VoxelMesh: Chunk X=18 Y=-24 Z=4 FlatVerts=0 SlopeVerts=0
[+21:04:47.196] VoxelChunk: GenerateAsync (12,-16,1)
[+21:04:47.196] VoxelChunk: GenerateAsync (17,-14,2)
[+21:04:47.196] VoxelMesh: Chunk X=13 Y=-19 Z=4 FlatVerts=0 SlopeVerts=0
[+21:04:47.196] VoxelChunk: GenerateAsync (13,-25,1)
[+21:04:47.196] VoxelMesh: Chunk X=12 Y=-19 Z=3 FlatVerts=0 SlopeVerts=0
[+21:04:47.196] VoxelMesh: Chunk X=18 Y=-15 Z=3 FlatVerts=0 SlopeVerts=0
[+21:04:47.196] VoxelChunk: GenerateAsync (22,-16,1)
[+21:04:47.196] VoxelChunk: GenerateAsync (11,-20,2)
[+21:04:47.196] VoxelChunk: GenerateAsync (21,-25,1)
[+21:04:47.196] VoxelChunk: GenerateAsync (23,-20,2)
[+21:04:47.196] VoxelChunk: GenerateAsync (12,-18,3)
[+21:04:47.196] VoxelChunk: GenerateAsync (15,-15,3)
[+21:04:47.196] VoxelMesh: Chunk X=20 Y=-23 Z=4 FlatVerts=72 SlopeVerts=18
[+21:04:47.196] VoxelMesh: Chunk X=14 Y=-25 Z=2 FlatVerts=0 SlopeVerts=30
[+21:04:47.196] VoxelMesh: Chunk X=12 Y=-17 Z=2 FlatVerts=0 SlopeVerts=0
[+21:04:47.196] VoxelMesh: Chunk X=22 Y=-17 Z=2 FlatVerts=0 SlopeVerts=216
[+21:04:47.196] VoxelMesh: Chunk X=20 Y=-25 Z=2 FlatVerts=48 SlopeVerts=168
[+21:04:47.196] VoxelMesh: Chunk X=14 Y=-23 Z=4 FlatVerts=0 SlopeVerts=12
[+21:04:47.196] VoxelMesh: Chunk X=22 Y=-23 Z=2 FlatVerts=0 SlopeVerts=66
[+21:04:47.196] VoxelMesh: Chunk X=14 Y=-15 Z=2 FlatVerts=0 SlopeVerts=0
[+21:04:47.196] VoxelMesh: Chunk X=19 Y=-14 Z=1 FlatVerts=108 SlopeVerts=0
[+21:04:47.196] VoxelMesh: Chunk X=15 Y=-14 Z=1 FlatVerts=120 SlopeVerts=0
[+21:04:47.196] VoxelMesh: Chunk X=14 Y=-17 Z=4 FlatVerts=0 SlopeVerts=0
[+21:04:47.196] VoxelMesh: Chunk X=20 Y=-15 Z=2 FlatVerts=0 SlopeVerts=0
[+21:04:47.196] VoxelMesh: Chunk X=12 Y=-23 Z=2 FlatVerts=18 SlopeVerts=90
[+21:04:47.196] VoxelMesh: Chunk X=23 Y=-18 Z=1 FlatVerts=0 SlopeVerts=6
[+21:04:47.196] VoxelMesh: Chunk X=11 Y=-22 Z=1 FlatVerts=150 SlopeVerts=0
[+21:04:47.196] VoxelMesh: Chunk X=20 Y=-17 Z=4 FlatVerts=0 SlopeVerts=0
[+21:04:47.196] VoxelMesh: Chunk X=15 Y=-18 Z=5 FlatVerts=0 SlopeVerts=0
[+21:04:47.196] VoxelMesh: Chunk X=19 Y=-26 Z=1 FlatVerts=18 SlopeVerts=6
[+21:04:47.196] VoxelMesh: Chunk X=15 Y=-26 Z=1 FlatVerts=0 SlopeVerts=0
[+21:04:47.196] VoxelMesh: Chunk X=19 Y=-18 Z=5 FlatVerts=0 SlopeVerts=0
[+21:04:47.196] VoxelMesh: Chunk X=11 Y=-18 Z=1 FlatVerts=126 SlopeVerts=24
[+21:04:47.197] VoxelMesh: Chunk X=23 Y=-22 Z=1 FlatVerts=96 SlopeVerts=0
[+21:04:47.197] VoxelMesh: Chunk X=12 Y=-24 Z=1 FlatVerts=60 SlopeVerts=12
[+21:04:47.197] VoxelMesh: Chunk X=22 Y=-24 Z=1 FlatVerts=0 SlopeVerts=66
[+21:04:47.197] VoxelMesh: Chunk X=12 Y=-16 Z=1 FlatVerts=108 SlopeVerts=18
[+21:04:47.197] VoxelMesh: Chunk X=19 Y=-22 Z=5 FlatVerts=0 SlopeVerts=0
[+21:04:47.197] VoxelMesh: Chunk X=17 Y=-14 Z=2 FlatVerts=0 SlopeVerts=0
[+21:04:47.197] VoxelMesh: Chunk X=13 Y=-25 Z=1 FlatVerts=54 SlopeVerts=0
[+21:04:47.197] VoxelMesh: Chunk X=22 Y=-16 Z=1 FlatVerts=102 SlopeVerts=6
[+21:04:47.197] VoxelMesh: Chunk X=15 Y=-22 Z=5 FlatVerts=0 SlopeVerts=0
[+21:04:47.197] VoxelMesh: Chunk X=23 Y=-20 Z=2 FlatVerts=0 SlopeVerts=156
[+21:04:47.197] VoxelMesh: Chunk X=21 Y=-25 Z=1 FlatVerts=0 SlopeVerts=0
[+21:04:47.197] VoxelMesh: Chunk X=11 Y=-20 Z=2 FlatVerts=0 SlopeVerts=0
[+21:04:47.197] VoxelMesh: Chunk X=15 Y=-15 Z=3 FlatVerts=0 SlopeVerts=0
[+21:04:47.197] VoxelMesh: Chunk X=12 Y=-18 Z=3 FlatVerts=0 SlopeVerts=0
[+21:04:47.202] VoxelMesh: Chunk X=0 Y=0 Z=0 FlatVerts=0 SlopeVerts=0
[+21:04:47.202] VoxelChunk: GenerateAsync (22,-22,3)
[+21:04:47.204] VoxelMesh: Chunk X=22 Y=-22 Z=3 FlatVerts=0 SlopeVerts=0
[+21:04:47.208] VoxelMesh: Chunk X=0 Y=0 Z=0 FlatVerts=558 SlopeVerts=102
[+21:04:47.209] VoxelChunk: GenerateAsync (19,-16,4)
[+21:04:47.211] VoxelMesh: Chunk X=19 Y=-16 Z=4 FlatVerts=0 SlopeVerts=0
[+21:04:47.216] VoxelMesh: Chunk X=0 Y=0 Z=0 FlatVerts=0 SlopeVerts=1398
[+21:04:47.216] VoxelChunk: GenerateAsync (22,-18,3)
[+21:04:47.218] VoxelMesh: Chunk X=22 Y=-18 Z=3 FlatVerts=12 SlopeVerts=4710
[+21:04:47.222] VoxelMesh: Chunk X=0 Y=0 Z=0 FlatVerts=2538 SlopeVerts=9432
[+21:04:47.224] VoxelChunk: GenerateAsync (17,-26,2)
[+21:04:47.224] VoxelMesh: Chunk X=17 Y=-26 Z=2 FlatVerts=12 SlopeVerts=1494
[+21:04:47.236] VoxelMesh: Chunk X=1 Y=-2 Z=2 FlatVerts=0 SlopeVerts=0
[+21:04:47.237] VoxelChunk: GenerateAsync (1,-3,-4)
[+21:04:47.238] VoxelMesh: Chunk X=1 Y=-3 Z=-4 FlatVerts=0 SlopeVerts=0
[+21:04:47.244] VoxelMesh: Chunk X=0 Y=0 Z=0 FlatVerts=846 SlopeVerts=4104
[+21:04:47.245] VoxelChunk: GenerateAsync (19,-15,3)
[+21:04:47.247] VoxelMesh: Chunk X=19 Y=-15 Z=3 FlatVerts=0 SlopeVerts=0
[+21:04:47.251] VoxelMesh: Chunk X=0 Y=0 Z=0 FlatVerts=336 SlopeVerts=318
[+21:04:47.251] VoxelChunk: GenerateAsync (20,-20,5)
[+21:04:47.254] VoxelMesh: Chunk X=20 Y=-20 Z=5 FlatVerts=0 SlopeVerts=0
[+21:04:47.257] VoxelMesh: Chunk X=0 Y=0 Z=0 FlatVerts=72 SlopeVerts=29316
[+21:04:47.259] VoxelChunk: GenerateAsync (15,-16,4)
[+21:04:47.260] VoxelMesh: Chunk X=15 Y=-16 Z=4 FlatVerts=0 SlopeVerts=0
[+21:04:47.264] VoxelMesh: Chunk X=0 Y=0 Z=0 FlatVerts=180 SlopeVerts=2754
[+21:04:47.266] VoxelChunk: GenerateAsync (21,-22,4)
[+21:04:47.268] VoxelMesh: Chunk X=21 Y=-22 Z=4 FlatVerts=0 SlopeVerts=0
[+21:04:47.280] VoxelMesh: Chunk X=0 Y=0 Z=0 FlatVerts=2310 SlopeVerts=10116
[+21:04:47.281] VoxelChunk: GenerateAsync (21,-15,1)
[+21:04:47.282] VoxelMesh: Chunk X=21 Y=-15 Z=1 FlatVerts=1824 SlopeVerts=0
[+21:04:47.285] VoxelMesh: Chunk X=0 Y=0 Z=0 FlatVerts=1134 SlopeVerts=10890
[+21:04:47.286] VoxelChunk: GenerateAsync (12,-22,3)
[+21:04:47.290] VoxelMesh: Chunk X=12 Y=-22 Z=3 FlatVerts=0 SlopeVerts=1416
[+21:04:47.292] VoxelMesh: Chunk X=0 Y=0 Z=0 FlatVerts=0 SlopeVerts=0
[+21:04:47.292] VoxelChunk: GenerateAsync (21,-18,4)
[+21:04:47.294] VoxelMesh: Chunk X=21 Y=-18 Z=4 FlatVerts=0 SlopeVerts=228
[+21:04:47.298] VoxelMesh: Chunk X=0 Y=0 Z=0 FlatVerts=198 SlopeVerts=7668
[+21:04:47.299] VoxelChunk: GenerateAsync (19,-25,3)
[+21:04:47.301] VoxelMesh: Chunk X=19 Y=-25 Z=3 FlatVerts=0 SlopeVerts=234
[+21:04:47.314] VoxelMesh: Chunk X=0 Y=0 Z=0 FlatVerts=612 SlopeVerts=7320
[+21:04:47.314] VoxelChunk: GenerateAsync (13,-15,1)
[+21:04:47.315] VoxelMesh: Chunk X=13 Y=-15 Z=1 FlatVerts=1752 SlopeVerts=0
[+21:04:47.321] VoxelMesh: Chunk X=0 Y=0 Z=0 FlatVerts=0 SlopeVerts=0
[+21:04:47.321] VoxelChunk: GenerateAsync (17,-23,5)
[+21:04:47.323] VoxelMesh: Chunk X=17 Y=-23 Z=5 FlatVerts=0 SlopeVerts=0
[+21:04:47.326] VoxelMesh: Chunk X=0 Y=0 Z=0 FlatVerts=804 SlopeVerts=14850
[+21:04:47.328] VoxelChunk: GenerateAsync (13,-22,4)
[+21:04:47.330] VoxelMesh: Chunk X=13 Y=-22 Z=4 FlatVerts=6 SlopeVerts=2988
[+21:04:47.336] VoxelMesh: Chunk X=0 Y=0 Z=0 FlatVerts=0 SlopeVerts=10458
[+21:04:47.336] VoxelChunk: GenerateAsync (14,-20,5)
[+21:04:47.338] VoxelMesh: Chunk X=14 Y=-20 Z=5 FlatVerts=0 SlopeVerts=0
[+21:04:47.346] VoxelMesh: Chunk X=2 Y=1 Z=2 FlatVerts=0 SlopeVerts=0
[+21:04:47.346] VoxelChunk: GenerateAsync (0,-3,-4)
[+21:04:47.347] VoxelMesh: Chunk X=0 Y=-3 Z=-4 FlatVerts=0 SlopeVerts=0
[+21:04:47.353] VoxelMesh: Chunk X=0 Y=0 Z=0 FlatVerts=78 SlopeVerts=34506
[+21:04:47.356] VoxelChunk: GenerateAsync (13,-18,4)
[+21:04:47.359] VoxelMesh: Chunk X=13 Y=-18 Z=4 FlatVerts=0 SlopeVerts=0
[+21:04:47.363] VoxelMesh: Chunk X=0 Y=0 Z=0 FlatVerts=0 SlopeVerts=0
[+21:04:47.364] VoxelChunk: GenerateAsync (15,-24,4)
[+21:04:47.366] VoxelMesh: Chunk X=15 Y=-24 Z=4 FlatVerts=18 SlopeVerts=5124
[+21:04:47.370] VoxelMesh: Chunk X=0 Y=0 Z=0 FlatVerts=6 SlopeVerts=834
[+21:04:47.371] VoxelChunk: GenerateAsync (15,-25,3)
[+21:04:47.372] VoxelMesh: Chunk X=15 Y=-25 Z=3 FlatVerts=0 SlopeVerts=1098
[+21:04:47.378] VoxelMesh: Chunk X=0 Y=0 Z=0 FlatVerts=660 SlopeVerts=3708
[+21:04:47.378] VoxelChunk: GenerateAsync (19,-24,4)
[+21:04:47.380] VoxelMesh: Chunk X=19 Y=-24 Z=4 FlatVerts=0 SlopeVerts=24
[+21:04:47.393] VoxelMesh: Chunk X=0 Y=0 Z=0 FlatVerts=0 SlopeVerts=0
[+21:04:47.395] VoxelChunk: GenerateAsync (17,-17,5)
[+21:04:47.397] VoxelMesh: Chunk X=17 Y=-17 Z=5 FlatVerts=0 SlopeVerts=0
[+21:04:47.401] VoxelMesh: Chunk X=0 Y=0 Z=0 FlatVerts=786 SlopeVerts=1806
[+21:04:47.402] VoxelChunk: GenerateAsync (18,-26,2)
[+21:04:47.403] VoxelMesh: Chunk X=18 Y=-26 Z=2 FlatVerts=486 SlopeVerts=4518
[+21:04:47.407] VoxelMesh: Chunk X=0 Y=0 Z=0 FlatVerts=0 SlopeVerts=9630
[+21:04:47.409] VoxelChunk: GenerateAsync (11,-21,2)
[+21:04:47.410] VoxelMesh: Chunk X=11 Y=-21 Z=2 FlatVerts=0 SlopeVerts=0
[+21:04:47.415] VoxelMesh: Chunk X=0 Y=0 Z=0 FlatVerts=0 SlopeVerts=5652
[+21:04:47.416] VoxelChunk: GenerateAsync (16,-17,5)
[+21:04:47.417] VoxelMesh: Chunk X=16 Y=-17 Z=5 FlatVerts=0 SlopeVerts=0
[+21:04:47.431] VoxelMesh: Chunk X=0 Y=0 Z=0 FlatVerts=2628 SlopeVerts=2640
[+21:04:47.432] VoxelChunk: GenerateAsync (11,-23,0)
[+21:04:47.433] VoxelMesh: Chunk X=11 Y=-23 Z=0 FlatVerts=0 SlopeVerts=0
[+21:04:47.438] VoxelMesh: Chunk X=0 Y=0 Z=0 FlatVerts=2070 SlopeVerts=3000
[+21:04:47.438] VoxelChunk: GenerateAsync (20,-26,0)
[+21:04:47.440] VoxelMesh: Chunk X=20 Y=-26 Z=0 FlatVerts=0 SlopeVerts=0
[+21:04:47.444] VoxelMesh: Chunk X=0 Y=0 Z=0 FlatVerts=0 SlopeVerts=0
[+21:04:47.445] VoxelChunk: GenerateAsync (16,-23,5)
[+21:04:47.446] VoxelMesh: Chunk X=16 Y=-23 Z=5 FlatVerts=0 SlopeVerts=0
[+21:04:47.450] VoxelMesh: Chunk X=0 Y=0 Z=0 FlatVerts=0 SlopeVerts=0
[+21:04:47.451] VoxelChunk: GenerateAsync (18,-23,5)
[+21:04:47.452] VoxelMesh: Chunk X=18 Y=-23 Z=5 FlatVerts=0 SlopeVerts=0
[+21:04:47.459] VoxelMesh: Chunk X=2 Y=0 Z=2 FlatVerts=0 SlopeVerts=0
[+21:04:47.459] VoxelChunk: GenerateAsync (-2,-3,-4)
[+21:04:47.460] VoxelMesh: Chunk X=-2 Y=-3 Z=-4 FlatVerts=0 SlopeVerts=0
[+21:04:47.467] VoxelMesh: Chunk X=0 Y=0 Z=0 FlatVerts=0 SlopeVerts=0
[+21:04:47.467] VoxelChunk: GenerateAsync (18,-17,5)
[+21:04:47.470] VoxelMesh: Chunk X=18 Y=-17 Z=5 FlatVerts=0 SlopeVerts=0
[+21:04:47.471] VoxelMesh: Chunk X=0 Y=0 Z=0 FlatVerts=7380 SlopeVerts=24
[+21:04:47.472] VoxelChunk: GenerateAsync (23,-23,0)
[+21:04:47.472] VoxelMesh: Chunk X=23 Y=-23 Z=0 FlatVerts=0 SlopeVerts=0
[+21:04:47.476] VoxelMesh: Chunk X=0 Y=0 Z=0 FlatVerts=1788 SlopeVerts=1464
[+21:04:47.478] VoxelChunk: GenerateAsync (14,-26,0)
[+21:04:47.479] VoxelMesh: Chunk X=14 Y=-26 Z=0 FlatVerts=0 SlopeVerts=0
[+21:04:47.488] VoxelMesh: Chunk X=0 Y=0 Z=0 FlatVerts=24 SlopeVerts=16512
[+21:04:47.490] VoxelChunk: GenerateAsync (14,-19,5)
[+21:04:47.492] VoxelMesh: Chunk X=14 Y=-19 Z=5 FlatVerts=0 SlopeVerts=0
[+21:04:47.506] VoxelMesh: Chunk X=0 Y=0 Z=0 FlatVerts=354 SlopeVerts=5598
[+21:04:47.507] VoxelChunk: GenerateAsync (23,-19,2)
[+21:04:47.508] VoxelMesh: Chunk X=23 Y=-19 Z=2 FlatVerts=0 SlopeVerts=72
[+21:04:47.513] VoxelMesh: Chunk X=0 Y=0 Z=0 FlatVerts=0 SlopeVerts=0
[+21:04:47.514] VoxelChunk: GenerateAsync (18,-14,2)
[+21:04:47.515] VoxelMesh: Chunk X=18 Y=-14 Z=2 FlatVerts=0 SlopeVerts=72
[+21:04:47.520] VoxelMesh: Chunk X=0 Y=0 Z=0 FlatVerts=0 SlopeVerts=708
[+21:04:47.520] VoxelChunk: GenerateAsync (23,-21,2)
[+21:04:47.522] VoxelMesh: Chunk X=23 Y=-21 Z=2 FlatVerts=0 SlopeVerts=0
[+21:04:47.525] VoxelMesh: Chunk X=0 Y=0 Z=0 FlatVerts=378 SlopeVerts=150
[+21:04:47.526] VoxelChunk: GenerateAsync (23,-17,0)
[+21:04:47.526] VoxelMesh: Chunk X=23 Y=-17 Z=0 FlatVerts=0 SlopeVerts=0
[+21:04:47.538] VoxelMesh: Chunk X=0 Y=0 Z=0 FlatVerts=36 SlopeVerts=192
[+21:04:47.538] VoxelChunk: GenerateAsync (14,-14,0)
[+21:04:47.540] VoxelMesh: Chunk X=14 Y=-14 Z=0 FlatVerts=0 SlopeVerts=0
[+21:04:47.542] VoxelMesh: Chunk X=0 Y=0 Z=0 FlatVerts=4410 SlopeVerts=2496
[+21:04:47.543] VoxelChunk: GenerateAsync (20,-14,0)
[+21:04:47.544] VoxelMesh: Chunk X=20 Y=-14 Z=0 FlatVerts=0 SlopeVerts=0
[+21:04:47.549] VoxelMesh: Chunk X=0 Y=0 Z=0 FlatVerts=792 SlopeVerts=21258
[+21:04:47.550] VoxelChunk: GenerateAsync (16,-14,2)
[+21:04:47.551] VoxelMesh: Chunk X=16 Y=-14 Z=2 FlatVerts=0 SlopeVerts=0
[+21:04:47.557] VoxelMesh: Chunk X=0 Y=0 Z=0 FlatVerts=60 SlopeVerts=6084
[+21:04:47.558] VoxelChunk: GenerateAsync (14,-21,5)
[+21:04:47.559] VoxelMesh: Chunk X=14 Y=-21 Z=5 FlatVerts=0 SlopeVerts=30
[+21:04:47.567] VoxelMesh: Chunk X=2 Y=-2 Z=2 FlatVerts=0 SlopeVerts=0
[+21:04:47.568] VoxelChunk: GenerateAsync (-3,-3,4)
[+21:04:47.570] VoxelMesh: Chunk X=-3 Y=-3 Z=4 FlatVerts=0 SlopeVerts=0
[+21:04:47.576] VoxelMesh: Chunk X=0 Y=0 Z=0 FlatVerts=2982 SlopeVerts=20604
[+21:04:47.579] VoxelChunk: GenerateAsync (16,-26,2)
[+21:04:47.580] VoxelMesh: Chunk X=16 Y=-26 Z=2 FlatVerts=12 SlopeVerts=1164
[+21:04:47.584] VoxelMesh: Chunk X=0 Y=0 Z=0 FlatVerts=24 SlopeVerts=10056
[+21:04:47.585] VoxelChunk: GenerateAsync (11,-19,2)
[+21:04:47.588] VoxelMesh: Chunk X=11 Y=-19 Z=2 FlatVerts=0 SlopeVerts=24
[+21:04:47.592] VoxelMesh: Chunk X=0 Y=0 Z=0 FlatVerts=1188 SlopeVerts=1014
[+21:04:47.592] VoxelChunk: GenerateAsync (20,-21,5)
[+21:04:47.594] VoxelMesh: Chunk X=20 Y=-21 Z=5 FlatVerts=0 SlopeVerts=0
[+21:04:47.599] VoxelMesh: Chunk X=0 Y=0 Z=0 FlatVerts=0 SlopeVerts=0
[+21:04:47.599] VoxelChunk: GenerateAsync (20,-19,5)
[+21:04:47.601] VoxelMesh: Chunk X=20 Y=-19 Z=5 FlatVerts=0 SlopeVerts=0
[+21:04:47.614] VoxelMesh: Chunk X=0 Y=0 Z=0 FlatVerts=408 SlopeVerts=306
[+21:04:47.615] VoxelChunk: GenerateAsync (11,-17,0)
[+21:04:47.616] VoxelMesh: Chunk X=11 Y=-17 Z=0 FlatVerts=0 SlopeVerts=0
[+21:04:47.620] VoxelMesh: Chunk X=0 Y=0 Z=0 FlatVerts=30 SlopeVerts=12942
[+21:04:47.622] VoxelChunk: GenerateAsync (13,-16,3)
[+21:04:47.624] VoxelMesh: Chunk X=13 Y=-16 Z=3 FlatVerts=0 SlopeVerts=0
[+21:04:47.628] VoxelMesh: Chunk X=0 Y=0 Z=0 FlatVerts=618 SlopeVerts=4152
[+21:04:47.629] VoxelChunk: GenerateAsync (13,-24,3)
[+21:04:47.631] VoxelMesh: Chunk X=13 Y=-24 Z=3 FlatVerts=156 SlopeVerts=4542
[+21:04:47.635] VoxelMesh: Chunk X=0 Y=0 Z=0 FlatVerts=3456 SlopeVerts=9408
[+21:04:47.637] VoxelChunk: GenerateAsync (21,-24,3)
[+21:04:47.637] VoxelMesh: Chunk X=21 Y=-24 Z=3 FlatVerts=960 SlopeVerts=1944
[+21:04:47.651] VoxelMesh: Chunk X=0 Y=0 Z=0 FlatVerts=1368 SlopeVerts=8352
[+21:04:47.653] VoxelChunk: GenerateAsync (21,-16,3)
[+21:04:47.655] VoxelMesh: Chunk X=21 Y=-16 Z=3 FlatVerts=0 SlopeVerts=0
[+21:04:47.660] VoxelMesh: Chunk X=0 Y=0 Z=0 FlatVerts=90 SlopeVerts=29340
[+21:04:47.663] VoxelChunk: GenerateAsync (14,-18,5)
[+21:04:47.665] VoxelMesh: Chunk X=14 Y=-18 Z=5 FlatVerts=0 SlopeVerts=0
[+21:04:47.668] VoxelMesh: Chunk X=0 Y=0 Z=0 FlatVerts=0 SlopeVerts=0
[+21:04:47.669] VoxelChunk: GenerateAsync (20,-18,5)
[+21:04:47.671] VoxelMesh: Chunk X=20 Y=-18 Z=5 FlatVerts=0 SlopeVerts=0
[+21:04:47.676] VoxelMesh: Chunk X=0 Y=0 Z=0 FlatVerts=78 SlopeVerts=23958
[+21:04:47.678] VoxelChunk: GenerateAsync (15,-17,5)
[+21:04:47.680] VoxelMesh: Chunk X=15 Y=-17 Z=5 FlatVerts=0 SlopeVerts=0
[+21:04:47.691] VoxelMesh: Chunk X=-2 Y=-1 Z=2 FlatVerts=0 SlopeVerts=0
[+21:04:47.691] VoxelChunk: GenerateAsync (-2,-3,4)
[+21:04:47.692] VoxelMesh: Chunk X=-2 Y=-3 Z=4 FlatVerts=0 SlopeVerts=0
[+21:04:47.699] VoxelMesh: Chunk X=0 Y=0 Z=0 FlatVerts=0 SlopeVerts=3546
[+21:04:47.700] VoxelChunk: GenerateAsync (19,-14,2)
[+21:04:47.704] VoxelMesh: Chunk X=19 Y=-14 Z=2 FlatVerts=60 SlopeVerts=1488
[+21:04:47.707] VoxelMesh: Chunk X=0 Y=0 Z=0 FlatVerts=0 SlopeVerts=0
[+21:04:47.707] VoxelChunk: GenerateAsync (17,-20,6)
[+21:04:47.711] VoxelMesh: Chunk X=17 Y=-20 Z=6 FlatVerts=0 SlopeVerts=0
[+21:04:47.712] VoxelMesh: Chunk X=0 Y=0 Z=0 FlatVerts=7380 SlopeVerts=24
[+21:04:47.713] VoxelChunk: GenerateAsync (23,-23,1)
[+21:04:47.715] VoxelMesh: Chunk X=23 Y=-23 Z=1 FlatVerts=1866 SlopeVerts=216
[+21:04:47.720] VoxelMesh: Chunk X=0 Y=0 Z=0 FlatVerts=1170 SlopeVerts=17526
[+21:04:47.721] VoxelChunk: GenerateAsync (23,-18,2)
[+21:04:47.722] VoxelMesh: Chunk X=23 Y=-18 Z=2 FlatVerts=84 SlopeVerts=5310
[+21:04:47.732] VoxelChunk: GenerateAsync (22,-22,3)
[+21:04:47.732] VoxelChunk: GenerateAsync (19,-16,4)
[+21:04:47.732] VoxelChunk: GenerateAsync (22,-18,3)
[+21:04:47.732] VoxelChunk: GenerateAsync (17,-26,2)
[+21:04:47.732] VoxelChunk: GenerateAsync (19,-15,3)
[+21:04:47.732] VoxelChunk: GenerateAsync (20,-20,5)
[+21:04:47.732] VoxelChunk: GenerateAsync (15,-16,4)
[+21:04:47.732] VoxelChunk: GenerateAsync (21,-22,4)
[+21:04:47.732] VoxelChunk: GenerateAsync (21,-15,1)
[+21:04:47.732] VoxelChunk: GenerateAsync (12,-22,3)
[+21:04:47.732] VoxelChunk: GenerateAsync (21,-18,4)
[+21:04:47.732] VoxelMesh: Chunk X=22 Y=-22 Z=3 FlatVerts=0 SlopeVerts=0
[+21:04:47.732] VoxelMesh: Chunk X=19 Y=-16 Z=4 FlatVerts=0 SlopeVerts=0
[+21:04:47.732] VoxelChunk: GenerateAsync (19,-25,3)
[+21:04:47.733] VoxelChunk: GenerateAsync (13,-15,1)
[+21:04:47.733] VoxelChunk: GenerateAsync (17,-23,5)
[+21:04:47.733] VoxelChunk: GenerateAsync (13,-22,4)
[+21:04:47.733] VoxelChunk: GenerateAsync (14,-20,5)
[+21:04:47.733] VoxelMesh: Chunk X=17 Y=-26 Z=2 FlatVerts=0 SlopeVerts=42
[+21:04:47.733] VoxelChunk: GenerateAsync (13,-18,4)
[+21:04:47.733] VoxelChunk: GenerateAsync (15,-24,4)
[+21:04:47.733] VoxelChunk: GenerateAsync (15,-25,3)
[+21:04:47.733] VoxelChunk: GenerateAsync (19,-24,4)
[+21:04:47.733] VoxelChunk: GenerateAsync (17,-17,5)
[+21:04:47.733] VoxelMesh: Chunk X=21 Y=-15 Z=1 FlatVerts=96 SlopeVerts=0
[+21:04:47.733] VoxelMesh: Chunk X=21 Y=-22 Z=4 FlatVerts=0 SlopeVerts=0
[+21:04:47.733] VoxelChunk: GenerateAsync (18,-26,2)
[+21:04:47.733] VoxelMesh: Chunk X=22 Y=-18 Z=3 FlatVerts=0 SlopeVerts=162
[+21:04:47.733] VoxelChunk: GenerateAsync (11,-21,2)
[+21:04:47.733] VoxelChunk: GenerateAsync (16,-17,5)
[+21:04:47.733] VoxelChunk: GenerateAsync (11,-23,0)
[+21:04:47.733] VoxelMesh: Chunk X=19 Y=-15 Z=3 FlatVerts=0 SlopeVerts=0
[+21:04:47.733] VoxelChunk: GenerateAsync (20,-26,0)
[+21:04:47.733] VoxelChunk: GenerateAsync (16,-23,5)
[+21:04:47.733] VoxelChunk: GenerateAsync (18,-23,5)
[+21:04:47.733] VoxelMesh: Chunk X=20 Y=-20 Z=5 FlatVerts=0 SlopeVerts=0
[+21:04:47.733] VoxelChunk: GenerateAsync (18,-17,5)
[+21:04:47.733] VoxelChunk: GenerateAsync (23,-23,0)
[+21:04:47.733] VoxelChunk: GenerateAsync (14,-26,0)
[+21:04:47.733] VoxelChunk: GenerateAsync (14,-19,5)
[+21:04:47.733] VoxelChunk: GenerateAsync (23,-19,2)
[+21:04:47.733] VoxelChunk: GenerateAsync (18,-14,2)
[+21:04:47.733] VoxelChunk: GenerateAsync (23,-21,2)
[+21:04:47.733] VoxelChunk: GenerateAsync (23,-17,0)
[+21:04:47.733] VoxelChunk: GenerateAsync (14,-14,0)
[+21:04:47.733] VoxelChunk: GenerateAsync (20,-14,0)
[+21:04:47.733] VoxelChunk: GenerateAsync (16,-14,2)
[+21:04:47.733] VoxelChunk: GenerateAsync (14,-21,5)
[+21:04:47.733] VoxelMesh: Chunk X=21 Y=-18 Z=4 FlatVerts=0 SlopeVerts=6
[+21:04:47.733] VoxelChunk: GenerateAsync (16,-26,2)
[+21:04:47.733] VoxelChunk: GenerateAsync (11,-19,2)
[+21:04:47.733] VoxelChunk: GenerateAsync (20,-21,5)
[+21:04:47.733] VoxelMesh: Chunk X=12 Y=-22 Z=3 FlatVerts=0 SlopeVerts=72
[+21:04:47.733] VoxelChunk: GenerateAsync (20,-19,5)
[+21:04:47.733] VoxelChunk: GenerateAsync (11,-17,0)
[+21:04:47.733] VoxelChunk: GenerateAsync (13,-16,3)
[+21:04:47.733] VoxelChunk: GenerateAsync (13,-24,3)
[+21:04:47.733] VoxelMesh: Chunk X=19 Y=-25 Z=3 FlatVerts=0 SlopeVerts=6
[+21:04:47.733] VoxelMesh: Chunk X=15 Y=-16 Z=4 FlatVerts=0 SlopeVerts=0
[+21:04:47.733] VoxelMesh: Chunk X=17 Y=-23 Z=5 FlatVerts=0 SlopeVerts=0
[+21:04:47.733] VoxelChunk: GenerateAsync (21,-24,3)
[+21:04:47.733] VoxelChunk: GenerateAsync (21,-16,3)
[+21:04:47.733] VoxelChunk: GenerateAsync (14,-18,5)
[+21:04:47.733] VoxelChunk: GenerateAsync (20,-18,5)
[+21:04:47.733] VoxelChunk: GenerateAsync (15,-17,5)
[+21:04:47.733] VoxelChunk: GenerateAsync (19,-14,2)
[+21:04:47.733] VoxelChunk: GenerateAsync (17,-20,6)
[+21:04:47.733] VoxelMesh: Chunk X=13 Y=-15 Z=1 FlatVerts=126 SlopeVerts=0
[+21:04:47.733] VoxelChunk: GenerateAsync (23,-23,1)
[+21:04:47.733] VoxelMesh: Chunk X=14 Y=-20 Z=5 FlatVerts=0 SlopeVerts=0
[+21:04:47.733] VoxelMesh: Chunk X=15 Y=-25 Z=3 FlatVerts=0 SlopeVerts=72
[+21:04:47.733] VoxelMesh: Chunk X=13 Y=-18 Z=4 FlatVerts=0 SlopeVerts=0
[+21:04:47.733] VoxelChunk: GenerateAsync (23,-18,2)
[+21:04:47.733] VoxelMesh: Chunk X=13 Y=-22 Z=4 FlatVerts=0 SlopeVerts=156
[+21:04:47.733] VoxelMesh: Chunk X=15 Y=-24 Z=4 FlatVerts=6 SlopeVerts=294
[+21:04:47.733] VoxelMesh: Chunk X=11 Y=-23 Z=0 FlatVerts=0 SlopeVerts=0
[+21:04:47.733] VoxelMesh: Chunk X=19 Y=-24 Z=4 FlatVerts=0 SlopeVerts=0
[+21:04:47.733] VoxelMesh: Chunk X=18 Y=-26 Z=2 FlatVerts=84 SlopeVerts=108
[+21:04:47.733] VoxelMesh: Chunk X=17 Y=-17 Z=5 FlatVerts=0 SlopeVerts=0
[+21:04:47.733] VoxelMesh: Chunk X=23 Y=-23 Z=0 FlatVerts=0 SlopeVerts=0
[+21:04:47.733] VoxelMesh: Chunk X=11 Y=-21 Z=2 FlatVerts=0 SlopeVerts=0
[+21:04:47.733] VoxelMesh: Chunk X=20 Y=-26 Z=0 FlatVerts=0 SlopeVerts=0
[+21:04:47.733] VoxelMesh: Chunk X=18 Y=-23 Z=5 FlatVerts=0 SlopeVerts=0
[+21:04:47.733] VoxelMesh: Chunk X=16 Y=-17 Z=5 FlatVerts=0 SlopeVerts=0
[+21:04:47.734] VoxelMesh: Chunk X=16 Y=-23 Z=5 FlatVerts=0 SlopeVerts=0
[+21:04:47.734] VoxelMesh: Chunk X=14 Y=-26 Z=0 FlatVerts=0 SlopeVerts=0
[+21:04:47.734] VoxelMesh: Chunk X=18 Y=-17 Z=5 FlatVerts=0 SlopeVerts=0
[+21:04:47.734] VoxelMesh: Chunk X=14 Y=-14 Z=0 FlatVerts=0 SlopeVerts=0
[+21:04:47.734] VoxelMesh: Chunk X=23 Y=-17 Z=0 FlatVerts=0 SlopeVerts=0
[+21:04:47.734] VoxelMesh: Chunk X=23 Y=-19 Z=2 FlatVerts=0 SlopeVerts=0
[+21:04:47.734] VoxelMesh: Chunk X=18 Y=-14 Z=2 FlatVerts=0 SlopeVerts=0
[+21:04:47.734] VoxelMesh: Chunk X=23 Y=-21 Z=2 FlatVerts=0 SlopeVerts=0
[+21:04:47.734] VoxelMesh: Chunk X=20 Y=-14 Z=0 FlatVerts=0 SlopeVerts=0
[+21:04:47.734] VoxelMesh: Chunk X=16 Y=-26 Z=2 FlatVerts=0 SlopeVerts=36
[+21:04:47.734] VoxelMesh: Chunk X=16 Y=-14 Z=2 FlatVerts=0 SlopeVerts=0
[+21:04:47.734] VoxelMesh: Chunk X=14 Y=-19 Z=5 FlatVerts=0 SlopeVerts=0
[+21:04:47.734] VoxelMesh: Chunk X=20 Y=-21 Z=5 FlatVerts=0 SlopeVerts=0
[+21:04:47.734] VoxelMesh: Chunk X=11 Y=-17 Z=0 FlatVerts=0 SlopeVerts=0
[+21:04:47.734] VoxelMesh: Chunk X=14 Y=-21 Z=5 FlatVerts=0 SlopeVerts=0
[+21:04:47.734] VoxelMesh: Chunk X=11 Y=-19 Z=2 FlatVerts=18 SlopeVerts=6
[+21:04:47.734] VoxelMesh: Chunk X=21 Y=-24 Z=3 FlatVerts=78 SlopeVerts=96
[+21:04:47.735] VoxelMesh: Chunk X=20 Y=-19 Z=5 FlatVerts=0 SlopeVerts=0
[+21:04:47.735] VoxelMesh: Chunk X=13 Y=-16 Z=3 FlatVerts=0 SlopeVerts=0
[+21:04:47.735] VoxelMesh: Chunk X=14 Y=-18 Z=5 FlatVerts=0 SlopeVerts=0
[+21:04:47.735] VoxelMesh: Chunk X=21 Y=-16 Z=3 FlatVerts=0 SlopeVerts=0
[+21:04:47.735] VoxelMesh: Chunk X=13 Y=-24 Z=3 FlatVerts=30 SlopeVerts=204
[+21:04:47.735] VoxelMesh: Chunk X=20 Y=-18 Z=5 FlatVerts=0 SlopeVerts=0
[+21:04:47.735] VoxelMesh: Chunk X=19 Y=-14 Z=2 FlatVerts=18 SlopeVerts=54
[+21:04:47.735] VoxelMesh: Chunk X=23 Y=-23 Z=1 FlatVerts=108 SlopeVerts=6
[+21:04:47.735] VoxelMesh: Chunk X=23 Y=-18 Z=2 FlatVerts=18 SlopeVerts=192
[+21:04:47.735] VoxelMesh: Chunk X=15 Y=-17 Z=5 FlatVerts=0 SlopeVerts=0
[+21:04:47.735] VoxelMesh: Chunk X=17 Y=-20 Z=6 FlatVerts=0 SlopeVerts=0
[+21:04:47.739] VoxelMesh: Chunk X=0 Y=0 Z=0 FlatVerts=456 SlopeVerts=4734
[+21:04:47.740] VoxelChunk: GenerateAsync (11,-17,1)
[+21:04:47.742] VoxelMesh: Chunk X=11 Y=-17 Z=1 FlatVerts=774 SlopeVerts=1866
[+21:04:47.746] VoxelMesh: Chunk X=0 Y=0 Z=0 FlatVerts=846 SlopeVerts=34566
[+21:04:47.749] VoxelChunk: GenerateAsync (15,-14,2)
[+21:04:47.750] VoxelMesh: Chunk X=15 Y=-14 Z=2 FlatVerts=0 SlopeVerts=0
[+21:04:47.757] VoxelMesh: Chunk X=0 Y=0 Z=0 FlatVerts=0 SlopeVerts=0
[+21:04:47.757] VoxelChunk: GenerateAsync (15,-23,5)
[+21:04:47.761] VoxelMesh: Chunk X=15 Y=-23 Z=5 FlatVerts=0 SlopeVerts=0
[+21:04:47.762] VoxelMesh: Chunk X=0 Y=0 Z=0 FlatVerts=2796 SlopeVerts=14838
[+21:04:47.764] VoxelChunk: GenerateAsync (14,-26,1)
[+21:04:47.765] VoxelMesh: Chunk X=14 Y=-26 Z=1 FlatVerts=0 SlopeVerts=0
[+21:04:47.783] VoxelMesh: Chunk X=0 Y=0 Z=0 FlatVerts=2628 SlopeVerts=8076
[+21:04:47.785] VoxelChunk: GenerateAsync (11,-23,1)
[+21:04:47.789] VoxelMesh: Chunk X=11 Y=-23 Z=1 FlatVerts=2028 SlopeVerts=0
[+21:04:47.791] VoxelMesh: Chunk X=0 Y=0 Z=0 FlatVerts=0 SlopeVerts=0
[+21:04:47.791] VoxelChunk: GenerateAsync (23,-22,2)
[+21:04:47.794] VoxelMesh: Chunk X=23 Y=-22 Z=2 FlatVerts=0 SlopeVerts=0
[+21:04:47.796] VoxelMesh: Chunk X=0 Y=0 Z=0 FlatVerts=4410 SlopeVerts=7596
[+21:04:47.797] VoxelChunk: GenerateAsync (20,-14,1)
[+21:04:47.799] VoxelMesh: Chunk X=20 Y=-14 Z=1 FlatVerts=810 SlopeVerts=888
[+21:04:47.803] VoxelMesh: Chunk X=0 Y=0 Z=0 FlatVerts=2004 SlopeVerts=25956
[+21:04:47.806] VoxelChunk: GenerateAsync (15,-26,2)
[+21:04:47.807] VoxelMesh: Chunk X=15 Y=-26 Z=2 FlatVerts=0 SlopeVerts=0
[+21:04:47.820] VoxelMesh: Chunk X=-2 Y=1 Z=2 FlatVerts=0 SlopeVerts=2040
[+21:04:47.822] VoxelChunk: GenerateAsync (-1,-3,4)
[+21:04:47.824] VoxelMesh: Chunk X=-1 Y=-3 Z=4 FlatVerts=0 SlopeVerts=2040
[+21:04:47.831] VoxelMesh: Chunk X=0 Y=0 Z=0 FlatVerts=0 SlopeVerts=6996
[+21:04:47.833] VoxelChunk: GenerateAsync (19,-26,2)
[+21:04:47.838] VoxelMesh: Chunk X=19 Y=-26 Z=2 FlatVerts=330 SlopeVerts=4386
[+21:04:47.842] VoxelMesh: Chunk X=0 Y=0 Z=0 FlatVerts=24 SlopeVerts=14826
[+21:04:47.844] VoxelChunk: GenerateAsync (11,-18,2)
[+21:04:47.846] VoxelMesh: Chunk X=11 Y=-18 Z=2 FlatVerts=60 SlopeVerts=300
[+21:04:47.850] VoxelMesh: Chunk X=0 Y=0 Z=0 FlatVerts=162 SlopeVerts=9162
[+21:04:47.850] VoxelChunk: GenerateAsync (11,-22,2)
[+21:04:47.854] VoxelMesh: Chunk X=11 Y=-22 Z=2 FlatVerts=0 SlopeVerts=0
[+21:04:47.858] VoxelMesh: Chunk X=0 Y=0 Z=0 FlatVerts=2070 SlopeVerts=9510
[+21:04:47.859] VoxelChunk: GenerateAsync (20,-26,1)
[+21:04:47.860] VoxelMesh: Chunk X=20 Y=-26 Z=1 FlatVerts=0 SlopeVerts=0
[+21:04:47.877] VoxelMesh: Chunk X=0 Y=0 Z=0 FlatVerts=60 SlopeVerts=2892
[+21:04:47.878] VoxelChunk: GenerateAsync (14,-22,5)
[+21:04:47.880] VoxelMesh: Chunk X=14 Y=-22 Z=5 FlatVerts=0 SlopeVerts=0
[+21:04:47.883] VoxelMesh: Chunk X=0 Y=0 Z=0 FlatVerts=1920 SlopeVerts=16032
[+21:04:47.886] VoxelChunk: GenerateAsync (14,-14,1)
[+21:04:47.887] VoxelMesh: Chunk X=14 Y=-14 Z=1 FlatVerts=1890 SlopeVerts=0
[+21:04:47.891] VoxelMesh: Chunk X=0 Y=0 Z=0 FlatVerts=1614 SlopeVerts=9792
[+21:04:47.893] VoxelChunk: GenerateAsync (23,-17,1)
[+21:04:47.894] VoxelMesh: Chunk X=23 Y=-17 Z=1 FlatVerts=438 SlopeVerts=1206
[+21:04:47.902] VoxelMesh: Chunk X=0 Y=0 Z=0 FlatVerts=852 SlopeVerts=696
[+21:04:47.903] VoxelChunk: GenerateAsync (20,-22,5)
[+21:04:47.904] VoxelMesh: Chunk X=20 Y=-22 Z=5 FlatVerts=0 SlopeVerts=0
[+21:04:47.917] VoxelMesh: Chunk X=0 Y=0 Z=0 FlatVerts=0 SlopeVerts=0
[+21:04:47.918] VoxelChunk: GenerateAsync (19,-17,5)
[+21:04:47.921] VoxelMesh: Chunk X=19 Y=-17 Z=5 FlatVerts=0 SlopeVerts=0
[+21:04:47.924] VoxelMesh: Chunk X=0 Y=0 Z=0 FlatVerts=0 SlopeVerts=0
[+21:04:47.924] VoxelChunk: GenerateAsync (19,-23,5)
[+21:04:47.926] VoxelMesh: Chunk X=19 Y=-23 Z=5 FlatVerts=0 SlopeVerts=0
[+21:04:47.931] VoxelMesh: Chunk X=0 Y=0 Z=0 FlatVerts=108 SlopeVerts=35826
[+21:04:47.933] VoxelChunk: GenerateAsync (13,-17,4)
[+21:04:47.937] VoxelMesh: Chunk X=13 Y=-17 Z=4 FlatVerts=0 SlopeVerts=0
[+21:04:47.940] VoxelMesh: Chunk X=0 Y=0 Z=0 FlatVerts=6 SlopeVerts=834
[+21:04:47.941] VoxelChunk: GenerateAsync (14,-25,3)
[+21:04:47.942] VoxelMesh: Chunk X=14 Y=-25 Z=3 FlatVerts=6 SlopeVerts=4410
[+21:04:47.951] VoxelMesh: Chunk X=-1 Y=-1 Z=2 FlatVerts=0 SlopeVerts=4878
[+21:04:47.955] VoxelChunk: GenerateAsync (0,-3,4)
[+21:04:47.956] VoxelMesh: Chunk X=0 Y=-3 Z=4 FlatVerts=0 SlopeVerts=4878
[+21:04:47.960] VoxelMesh: Chunk X=0 Y=0 Z=0 FlatVerts=4098 SlopeVerts=10038
[+21:04:47.962] VoxelChunk: GenerateAsync (20,-25,3)
[+21:04:47.964] VoxelMesh: Chunk X=20 Y=-25 Z=3 FlatVerts=30 SlopeVerts=2328
[+21:04:47.969] VoxelMesh: Chunk X=0 Y=0 Z=0 FlatVerts=0 SlopeVerts=582
[+21:04:47.970] VoxelChunk: GenerateAsync (22,-23,3)
[+21:04:47.971] VoxelMesh: Chunk X=22 Y=-23 Z=3 FlatVerts=0 SlopeVerts=0
[+21:04:47.977] VoxelMesh: Chunk X=0 Y=0 Z=0 FlatVerts=0 SlopeVerts=162
[+21:04:47.977] VoxelChunk: GenerateAsync (16,-20,6)
[+21:04:47.979] VoxelMesh: Chunk X=16 Y=-20 Z=6 FlatVerts=0 SlopeVerts=0
[+21:04:47.983] VoxelMesh: Chunk X=0 Y=0 Z=0 FlatVerts=36 SlopeVerts=4902
[+21:04:47.983] VoxelChunk: GenerateAsync (22,-17,3)
[+21:04:47.985] VoxelMesh: Chunk X=22 Y=-17 Z=3 FlatVerts=102 SlopeVerts=2070
[+21:04:48.000] VoxelMesh: Chunk X=0 Y=0 Z=0 FlatVerts=2814 SlopeVerts=11292
[+21:04:48.002] VoxelChunk: GenerateAsync (12,-23,3)
[+21:04:48.006] VoxelMesh: Chunk X=12 Y=-23 Z=3 FlatVerts=0 SlopeVerts=0
[+21:04:48.008] VoxelMesh: Chunk X=0 Y=0 Z=0 FlatVerts=0 SlopeVerts=0
[+21:04:48.008] VoxelChunk: GenerateAsync (22,-20,4)
[+21:04:48.010] VoxelMesh: Chunk X=22 Y=-20 Z=4 FlatVerts=0 SlopeVerts=132
[+21:04:48.014] VoxelMesh: Chunk X=0 Y=0 Z=0 FlatVerts=570 SlopeVerts=12852
[+21:04:48.016] VoxelChunk: GenerateAsync (22,-24,2)
[+21:04:48.017] VoxelMesh: Chunk X=22 Y=-24 Z=2 FlatVerts=66 SlopeVerts=3336
[+21:04:48.023] VoxelMesh: Chunk X=0 Y=0 Z=0 FlatVerts=0 SlopeVerts=4296
[+21:04:48.024] VoxelChunk: GenerateAsync (12,-20,4)
[+21:04:48.025] VoxelMesh: Chunk X=12 Y=-20 Z=4 FlatVerts=0 SlopeVerts=0
[+21:04:48.038] VoxelMesh: Chunk X=0 Y=0 Z=0 FlatVerts=78 SlopeVerts=26760
[+21:04:48.040] VoxelChunk: GenerateAsync (12,-17,3)
[+21:04:48.042] VoxelMesh: Chunk X=12 Y=-17 Z=3 FlatVerts=0 SlopeVerts=0
[+21:04:48.046] VoxelMesh: Chunk X=0 Y=0 Z=0 FlatVerts=0 SlopeVerts=0
[+21:04:48.046] VoxelChunk: GenerateAsync (18,-20,6)
[+21:04:48.048] VoxelMesh: Chunk X=18 Y=-20 Z=6 FlatVerts=0 SlopeVerts=0
[+21:04:48.052] VoxelMesh: Chunk X=0 Y=0 Z=0 FlatVerts=102 SlopeVerts=12174
[+21:04:48.053] VoxelChunk: GenerateAsync (21,-15,2)
[+21:04:48.056] VoxelMesh: Chunk X=21 Y=-15 Z=2 FlatVerts=0 SlopeVerts=0
[+21:04:48.061] VoxelMesh: Chunk X=0 Y=0 Z=0 FlatVerts=0 SlopeVerts=0
[+21:04:48.061] VoxelChunk: GenerateAsync (17,-19,6)
[+21:04:48.062] VoxelMesh: Chunk X=17 Y=-19 Z=6 FlatVerts=0 SlopeVerts=0
[+21:04:48.069] VoxelMesh: Chunk X=0 Y=-1 Z=2 FlatVerts=0 SlopeVerts=7668
[+21:04:48.074] VoxelChunk: GenerateAsync (1,-3,4)
[+21:04:48.076] VoxelMesh: Chunk X=1 Y=-3 Z=4 FlatVerts=0 SlopeVerts=7668
[+21:04:48.082] VoxelMesh: Chunk X=0 Y=0 Z=0 FlatVerts=0 SlopeVerts=0
[+21:04:48.082] VoxelChunk: GenerateAsync (17,-15,4)
[+21:04:48.083] VoxelMesh: Chunk X=17 Y=-15 Z=4 FlatVerts=0 SlopeVerts=0
[+21:04:48.088] VoxelMesh: Chunk X=0 Y=0 Z=0 FlatVerts=678 SlopeVerts=5076
[+21:04:48.088] VoxelChunk: GenerateAsync (13,-23,4)
[+21:04:48.090] VoxelMesh: Chunk X=13 Y=-23 Z=4 FlatVerts=18 SlopeVerts=192
[+21:04:48.094] VoxelMesh: Chunk X=0 Y=0 Z=0 FlatVerts=1344 SlopeVerts=2832
[+21:04:48.095] VoxelChunk: GenerateAsync (21,-23,4)
[+21:04:48.097] VoxelMesh: Chunk X=21 Y=-23 Z=4 FlatVerts=336 SlopeVerts=354
[+21:04:48.101] VoxelMesh: Chunk X=0 Y=0 Z=0 FlatVerts=0 SlopeVerts=0
[+21:04:48.102] VoxelChunk: GenerateAsync (17,-25,4)
[+21:04:48.104] VoxelMesh: Chunk X=17 Y=-25 Z=4 FlatVerts=0 SlopeVerts=576
[+21:04:48.122] VoxelMesh: Chunk X=0 Y=0 Z=0 FlatVerts=60 SlopeVerts=30498
[+21:04:48.126] VoxelChunk: GenerateAsync (14,-16,4)
[+21:04:48.128] VoxelMesh: Chunk X=14 Y=-16 Z=4 FlatVerts=0 SlopeVerts=0
[+21:04:48.132] VoxelMesh: Chunk X=0 Y=0 Z=0 FlatVerts=312 SlopeVerts=978
[+21:04:48.132] VoxelChunk: GenerateAsync (21,-17,4)
[+21:04:48.134] VoxelMesh: Chunk X=21 Y=-17 Z=4 FlatVerts=0 SlopeVerts=0
[+21:04:48.137] VoxelMesh: Chunk X=0 Y=0 Z=0 FlatVerts=834 SlopeVerts=14424
[+21:04:48.138] VoxelChunk: GenerateAsync (12,-24,2)
[+21:04:48.141] VoxelMesh: Chunk X=12 Y=-24 Z=2 FlatVerts=288 SlopeVerts=3072
[+21:04:48.145] VoxelMesh: Chunk X=0 Y=0 Z=0 FlatVerts=252 SlopeVerts=5340
[+21:04:48.145] VoxelChunk: GenerateAsync (13,-25,2)
[+21:04:48.147] VoxelMesh: Chunk X=13 Y=-25 Z=2 FlatVerts=102 SlopeVerts=4380
[+21:04:48.363] VoxelMesh: Chunk X=-1 Y=-1 Z=1 FlatVerts=18 SlopeVerts=7074
[+21:04:48.367] VoxelChunk: GenerateAsync (2,-3,4)
[+21:04:48.368] VoxelMesh: Chunk X=2 Y=-3 Z=4 FlatVerts=18 SlopeVerts=7074
[+21:04:48.444] VoxelMesh: Chunk X=0 Y=-1 Z=1 FlatVerts=0 SlopeVerts=2682
[+21:04:48.446] VoxelChunk: GenerateAsync (3,-3,4)
[+21:04:48.448] VoxelMesh: Chunk X=3 Y=-3 Z=4 FlatVerts=0 SlopeVerts=2682
[+21:04:48.545] VoxelMesh: Chunk X=-1 Y=0 Z=1 FlatVerts=24 SlopeVerts=5220
[+21:04:48.548] VoxelChunk: GenerateAsync (-3,-2,4)
[+21:04:48.549] VoxelMesh: Chunk X=-3 Y=-2 Z=4 FlatVerts=24 SlopeVerts=5220
[+21:04:48.648] VoxelMesh: Chunk X=0 Y=0 Z=1 FlatVerts=0 SlopeVerts=5532
[+21:04:48.651] VoxelChunk: GenerateAsync (-2,-2,4)
[+21:04:48.654] VoxelMesh: Chunk X=-2 Y=-2 Z=4 FlatVerts=0 SlopeVerts=5532
[+21:04:48.750] VoxelMesh: Chunk X=0 Y=1 Z=1 FlatVerts=0 SlopeVerts=894
[+21:04:48.751] VoxelChunk: GenerateAsync (-1,-2,4)
[+21:04:48.752] VoxelMesh: Chunk X=-1 Y=-2 Z=4 FlatVerts=0 SlopeVerts=894
[+21:04:48.852] VoxelMesh: Chunk X=1 Y=1 Z=1 FlatVerts=0 SlopeVerts=1740
[+21:04:48.854] VoxelChunk: GenerateAsync (0,-2,4)
[+21:04:48.856] VoxelMesh: Chunk X=0 Y=-2 Z=4 FlatVerts=0 SlopeVerts=1740
[+21:04:48.953] VoxelMesh: Chunk X=1 Y=0 Z=-1 FlatVerts=0 SlopeVerts=1200
[+21:04:48.955] VoxelChunk: GenerateAsync (1,-2,4)
[+21:04:48.956] VoxelMesh: Chunk X=1 Y=-2 Z=4 FlatVerts=0 SlopeVerts=1200
[+21:04:49.052] VoxelMesh: Chunk X=1 Y=1 Z=-1 FlatVerts=0 SlopeVerts=246
[+21:04:49.053] VoxelChunk: GenerateAsync (2,-2,4)
[+21:04:49.054] VoxelMesh: Chunk X=2 Y=-2 Z=4 FlatVerts=0 SlopeVerts=246
[+21:04:49.153] VoxelMesh: Chunk X=0 Y=0 Z=-1 FlatVerts=0 SlopeVerts=0
[+21:04:49.153] VoxelChunk: GenerateAsync (3,-2,4)
[+21:04:49.154] VoxelMesh: Chunk X=3 Y=-2 Z=4 FlatVerts=0 SlopeVerts=0
[+21:04:49.252] VoxelMesh: Chunk X=-1 Y=1 Z=-1 FlatVerts=0 SlopeVerts=3618
[+21:04:49.255] VoxelChunk: GenerateAsync (-3,-1,4)
[+21:04:49.256] VoxelMesh: Chunk X=-3 Y=-1 Z=4 FlatVerts=0 SlopeVerts=3618
[+21:04:49.359] VoxelMesh: Chunk X=0 Y=-1 Z=0 FlatVerts=0 SlopeVerts=2322
[+21:04:49.362] VoxelChunk: GenerateAsync (-2,-1,4)
[+21:04:49.363] VoxelMesh: Chunk X=-2 Y=-1 Z=4 FlatVerts=0 SlopeVerts=2322
[+21:04:49.690] VoxelMesh: Chunk X=-1 Y=1 Z=0 FlatVerts=0 SlopeVerts=4392
[+21:04:49.693] VoxelChunk: GenerateAsync (-1,-1,4)
[+21:04:49.694] VoxelMesh: Chunk X=-1 Y=-1 Z=4 FlatVerts=0 SlopeVerts=4392
[+21:04:50.025] VoxelMesh: Chunk X=1 Y=-1 Z=1 FlatVerts=0 SlopeVerts=0
[+21:04:50.025] VoxelChunk: GenerateAsync (0,-1,4)
[+21:04:50.026] VoxelMesh: Chunk X=0 Y=-1 Z=4 FlatVerts=0 SlopeVerts=0
[+21:04:50.357] VoxelMesh: Chunk X=1 Y=0 Z=1 FlatVerts=0 SlopeVerts=0
[+21:04:50.357] VoxelChunk: GenerateAsync (1,-1,4)
[+21:04:50.358] VoxelMesh: Chunk X=1 Y=-1 Z=4 FlatVerts=0 SlopeVerts=0
[+21:04:50.689] VoxelMesh: Chunk X=-1 Y=0 Z=-1 FlatVerts=0 SlopeVerts=0
[+21:04:50.689] VoxelChunk: GenerateAsync (2,-1,4)
[+21:04:50.691] VoxelMesh: Chunk X=2 Y=-1 Z=4 FlatVerts=0 SlopeVerts=0
[+21:04:51.023] VoxelMesh: Chunk X=-1 Y=-1 Z=0 FlatVerts=0 SlopeVerts=0
[+21:04:51.023] VoxelChunk: GenerateAsync (3,-1,4)
[+21:04:51.023] VoxelMesh: Chunk X=3 Y=-1 Z=4 FlatVerts=0 SlopeVerts=0
[+21:04:51.355] VoxelMesh: Chunk X=0 Y=1 Z=-1 FlatVerts=0 SlopeVerts=6954
[+21:04:51.359] VoxelChunk: GenerateAsync (-3,0,4)
[+21:04:51.361] VoxelMesh: Chunk X=-3 Y=0 Z=4 FlatVerts=0 SlopeVerts=6954
[+21:04:51.694] VoxelMesh: Chunk X=0 Y=1 Z=0 FlatVerts=0 SlopeVerts=5364
[+21:04:51.698] VoxelChunk: GenerateAsync (-2,0,4)
[+21:04:51.699] VoxelMesh: Chunk X=-2 Y=0 Z=4 FlatVerts=0 SlopeVerts=5364
[+21:04:52.026] VoxelMesh: Chunk X=-1 Y=1 Z=1 FlatVerts=0 SlopeVerts=1614
[+21:04:52.027] VoxelChunk: GenerateAsync (-1,0,4)
[+21:04:52.028] VoxelMesh: Chunk X=-1 Y=0 Z=4 FlatVerts=0 SlopeVerts=1614
[+21:04:52.356] VoxelMesh: Chunk X=1 Y=-1 Z=0 FlatVerts=0 SlopeVerts=0
[+21:04:52.356] VoxelChunk: GenerateAsync (0,0,4)
[+21:04:52.358] VoxelMesh: Chunk X=0 Y=0 Z=4 FlatVerts=0 SlopeVerts=0
[+21:04:52.688] VoxelMesh: Chunk X=1 Y=1 Z=0 FlatVerts=0 SlopeVerts=0
[+21:04:52.688] VoxelChunk: GenerateAsync (1,0,4)
[+21:04:52.690] VoxelMesh: Chunk X=1 Y=0 Z=4 FlatVerts=0 SlopeVerts=0
[+21:04:53.022] VoxelMesh: Chunk X=-1 Y=0 Z=0 FlatVerts=0 SlopeVerts=0
[+21:04:53.022] VoxelChunk: GenerateAsync (2,0,4)
[+21:04:53.023] VoxelMesh: Chunk X=2 Y=0 Z=4 FlatVerts=0 SlopeVerts=0
[+21:04:53.355] VoxelMesh: Chunk X=-1 Y=-1 Z=-1 FlatVerts=0 SlopeVerts=0
[+21:04:53.355] VoxelChunk: GenerateAsync (3,0,4)
[+21:04:53.356] VoxelMesh: Chunk X=3 Y=0 Z=4 FlatVerts=0 SlopeVerts=0
[+21:04:53.690] VoxelMesh: Chunk X=1 Y=-1 Z=-1 FlatVerts=42 SlopeVerts=7578
[+21:04:53.695] VoxelChunk: GenerateAsync (-3,1,4)
[+21:04:53.696] VoxelMesh: Chunk X=-3 Y=1 Z=4 FlatVerts=42 SlopeVerts=7578
[+21:04:54.029] VoxelMesh: Chunk X=0 Y=-1 Z=-1 FlatVerts=0 SlopeVerts=2238
[+21:04:54.030] VoxelChunk: GenerateAsync (-2,1,4)
[+21:04:54.032] VoxelMesh: Chunk X=-2 Y=1 Z=4 FlatVerts=0 SlopeVerts=2238
[+21:04:54.358] VoxelMesh: Chunk X=1 Y=0 Z=0 FlatVerts=0 SlopeVerts=0
[+21:04:54.358] VoxelChunk: GenerateAsync (-1,1,4)
[+21:04:54.359] VoxelMesh: Chunk X=-1 Y=1 Z=4 FlatVerts=0 SlopeVerts=0
[+21:04:54.744] VoxelMesh: Chunk X=0 Y=0 Z=0 FlatVerts=0 SlopeVerts=0
[+21:04:54.744] VoxelChunk: GenerateAsync (0,1,4)
[+21:04:54.746] VoxelMesh: Chunk X=0 Y=1 Z=4 FlatVerts=0 SlopeVerts=0
[+21:04:54.809] VoxelMesh: Chunk X=0 Y=0 Z=0 FlatVerts=0 SlopeVerts=0
[+21:04:54.810] VoxelChunk: GenerateAsync (1,1,4)
[+21:04:54.812] VoxelMesh: Chunk X=1 Y=1 Z=4 FlatVerts=0 SlopeVerts=0
[+21:04:54.923] VoxelMesh: Chunk X=0 Y=0 Z=0 FlatVerts=0 SlopeVerts=0
[+21:04:54.925] VoxelChunk: GenerateAsync (2,1,4)
[+21:04:54.926] VoxelMesh: Chunk X=2 Y=1 Z=4 FlatVerts=0 SlopeVerts=300
[+21:04:55.017] VoxelMesh: Chunk X=0 Y=0 Z=0 FlatVerts=0 SlopeVerts=0
[+21:04:55.017] VoxelChunk: GenerateAsync (3,1,4)
[+21:04:55.018] VoxelMesh: Chunk X=3 Y=1 Z=4 FlatVerts=186 SlopeVerts=3120
[+21:04:55.123] VoxelMesh: Chunk X=0 Y=0 Z=0 FlatVerts=0 SlopeVerts=0
[+21:04:55.123] VoxelChunk: GenerateAsync (-3,2,4)
[+21:04:55.125] VoxelMesh: Chunk X=-3 Y=2 Z=4 FlatVerts=90 SlopeVerts=6582
[+21:04:55.230] VoxelMesh: Chunk X=0 Y=0 Z=0 FlatVerts=0 SlopeVerts=0
[+21:04:55.231] VoxelChunk: GenerateAsync (-2,2,4)
[+21:04:55.233] VoxelMesh: Chunk X=-2 Y=2 Z=4 FlatVerts=54 SlopeVerts=1302
[+21:04:55.336] VoxelMesh: Chunk X=0 Y=0 Z=0 FlatVerts=0 SlopeVerts=0
[+21:04:55.336] VoxelChunk: GenerateAsync (-1,2,4)
[+21:04:55.337] VoxelMesh: Chunk X=-1 Y=2 Z=4 FlatVerts=0 SlopeVerts=0
[+21:04:55.444] VoxelMesh: Chunk X=0 Y=0 Z=0 FlatVerts=0 SlopeVerts=0
[+21:04:55.444] VoxelChunk: GenerateAsync (0,2,4)
[+21:04:55.445] VoxelMesh: Chunk X=0 Y=2 Z=4 FlatVerts=0 SlopeVerts=0
[+21:04:55.550] VoxelMesh: Chunk X=0 Y=0 Z=0 FlatVerts=0 SlopeVerts=0
[+21:04:55.550] VoxelChunk: GenerateAsync (1,2,4)
[+21:04:55.551] VoxelMesh: Chunk X=1 Y=2 Z=4 FlatVerts=0 SlopeVerts=0
[+21:04:55.657] VoxelMesh: Chunk X=0 Y=0 Z=0 FlatVerts=0 SlopeVerts=0
[+21:04:55.657] VoxelChunk: GenerateAsync (2,2,4)
[+21:04:55.659] VoxelMesh: Chunk X=2 Y=2 Z=4 FlatVerts=0 SlopeVerts=3294
[+21:04:55.762] VoxelMesh: Chunk X=0 Y=0 Z=0 FlatVerts=0 SlopeVerts=0
[+21:04:55.763] VoxelChunk: GenerateAsync (3,2,4)
[+21:04:55.763] VoxelMesh: Chunk X=3 Y=2 Z=4 FlatVerts=276 SlopeVerts=2958
[+21:04:55.860] VoxelMesh: Chunk X=0 Y=0 Z=0 FlatVerts=0 SlopeVerts=0
[+21:04:55.860] VoxelChunk: GenerateAsync (-3,3,4)
[+21:04:55.862] VoxelMesh: Chunk X=-3 Y=3 Z=4 FlatVerts=6 SlopeVerts=1002
[+21:04:55.963] VoxelMesh: Chunk X=0 Y=0 Z=0 FlatVerts=0 SlopeVerts=0
[+21:04:55.963] VoxelChunk: GenerateAsync (-2,3,4)
[+21:04:55.966] VoxelMesh: Chunk X=-2 Y=3 Z=4 FlatVerts=0 SlopeVerts=0
[+21:04:56.067] VoxelMesh: Chunk X=0 Y=0 Z=0 FlatVerts=0 SlopeVerts=0
[+21:04:56.069] VoxelChunk: GenerateAsync (-1,3,4)
[+21:04:56.070] VoxelMesh: Chunk X=-1 Y=3 Z=4 FlatVerts=0 SlopeVerts=0
[+21:04:56.173] VoxelMesh: Chunk X=0 Y=0 Z=0 FlatVerts=0 SlopeVerts=0
[+21:04:56.173] VoxelChunk: GenerateAsync (0,3,4)
[+21:04:56.176] VoxelMesh: Chunk X=0 Y=3 Z=4 FlatVerts=0 SlopeVerts=0
[+21:04:56.279] VoxelMesh: Chunk X=0 Y=0 Z=0 FlatVerts=0 SlopeVerts=0
[+21:04:56.280] VoxelChunk: GenerateAsync (1,3,4)
[+21:04:56.280] VoxelMesh: Chunk X=1 Y=3 Z=4 FlatVerts=0 SlopeVerts=6
[+21:04:56.384] VoxelMesh: Chunk X=0 Y=0 Z=0 FlatVerts=0 SlopeVerts=0
[+21:04:56.384] VoxelChunk: GenerateAsync (2,3,4)
[+21:04:56.386] VoxelMesh: Chunk X=2 Y=3 Z=4 FlatVerts=0 SlopeVerts=3090
[+21:04:56.490] VoxelMesh: Chunk X=0 Y=0 Z=0 FlatVerts=0 SlopeVerts=0
[+21:04:56.490] VoxelChunk: GenerateAsync (3,3,4)
[+21:04:56.490] VoxelWorld: Editor generation complete, 441 chunks.
[+21:04:56.492] VoxelMesh: Chunk X=3 Y=3 Z=4 FlatVerts=0 SlopeVerts=648
[+21:07:16.679] VoxelWorld: GenerateWorldDeferred started.
[+21:07:16.679] VoxelWorld: Queued 0 chunks.
[+21:07:16.777] VoxelWorld: Editor generation complete, 441 chunks.
[+21:07:23.720] VoxelWorld: GenerateWorldDeferred started.
[+21:07:23.721] VoxelWorld: Queued 0 chunks.
[+21:07:23.816] VoxelWorld: Editor generation complete, 441 chunks.
[+21:07:32.038] VoxelWorld: GenerateWorldDeferred started.
[+21:07:32.038] VoxelWorld: Queued 212 chunks.
[+21:07:32.134] VoxelMesh: Chunk X=3 Y=3 Z=4 FlatVerts=144 SlopeVerts=132
[+21:07:32.134] VoxelChunk: GenerateAsync (0,0,0)
[+21:07:32.135] VoxelMesh: Chunk X=0 Y=0 Z=0 FlatVerts=144 SlopeVerts=132
[+21:07:32.235] VoxelMesh: Chunk X=2 Y=3 Z=4 FlatVerts=84 SlopeVerts=42
[+21:07:32.235] VoxelChunk: GenerateAsync (1,-1,0)
[+21:07:32.236] VoxelMesh: Chunk X=1 Y=-1 Z=0 FlatVerts=84 SlopeVerts=42
[+21:07:32.335] VoxelMesh: Chunk X=1 Y=3 Z=4 FlatVerts=156 SlopeVerts=264
[+21:07:32.336] VoxelChunk: GenerateAsync (-1,1,0)
[+21:07:32.337] VoxelMesh: Chunk X=-1 Y=1 Z=0 FlatVerts=156 SlopeVerts=264
[+21:07:32.436] VoxelMesh: Chunk X=0 Y=3 Z=4 FlatVerts=0 SlopeVerts=0
[+21:07:32.436] VoxelChunk: GenerateAsync (1,1,1)
[+21:07:32.437] VoxelMesh: Chunk X=1 Y=1 Z=1 FlatVerts=0 SlopeVerts=0
[+21:07:32.535] VoxelMesh: Chunk X=-1 Y=3 Z=4 FlatVerts=222 SlopeVerts=600
[+21:07:32.536] VoxelChunk: GenerateAsync (0,1,1)
[+21:07:32.537] VoxelMesh: Chunk X=0 Y=1 Z=1 FlatVerts=222 SlopeVerts=600
[+21:07:32.635] VoxelMesh: Chunk X=-2 Y=3 Z=4 FlatVerts=24 SlopeVerts=3072
[+21:07:32.637] VoxelChunk: GenerateAsync (-1,1,1)
[+21:07:32.639] VoxelMesh: Chunk X=-1 Y=1 Z=1 FlatVerts=24 SlopeVerts=3072
[+21:07:32.735] VoxelMesh: Chunk X=-3 Y=3 Z=4 FlatVerts=138 SlopeVerts=186
[+21:07:32.735] VoxelChunk: GenerateAsync (1,0,1)
[+21:07:32.737] VoxelMesh: Chunk X=1 Y=0 Z=1 FlatVerts=138 SlopeVerts=186
[+21:07:32.834] VoxelMesh: Chunk X=3 Y=2 Z=4 FlatVerts=690 SlopeVerts=3588
[+21:07:32.838] VoxelChunk: GenerateAsync (0,0,1)
[+21:07:32.839] VoxelMesh: Chunk X=0 Y=0 Z=1 FlatVerts=690 SlopeVerts=3588
[+21:07:32.936] VoxelMesh: Chunk X=2 Y=2 Z=4 FlatVerts=0 SlopeVerts=84
[+21:07:32.936] VoxelChunk: GenerateAsync (-1,0,1)
[+21:07:32.936] VoxelMesh: Chunk X=-1 Y=0 Z=1 FlatVerts=0 SlopeVerts=84
[+21:07:33.037] VoxelMesh: Chunk X=1 Y=2 Z=4 FlatVerts=1296 SlopeVerts=2550
[+21:07:33.040] VoxelChunk: GenerateAsync (1,-1,1)
[+21:07:33.041] VoxelMesh: Chunk X=1 Y=-1 Z=1 FlatVerts=1296 SlopeVerts=2550
[+21:07:33.139] VoxelMesh: Chunk X=0 Y=2 Z=4 FlatVerts=36 SlopeVerts=2340
[+21:07:33.140] VoxelChunk: GenerateAsync (0,-1,1)
[+21:07:33.142] VoxelMesh: Chunk X=0 Y=-1 Z=1 FlatVerts=36 SlopeVerts=2340
[+21:07:33.240] VoxelMesh: Chunk X=-1 Y=2 Z=4 FlatVerts=0 SlopeVerts=0
[+21:07:33.240] VoxelChunk: GenerateAsync (-1,-1,1)
[+21:07:33.241] VoxelMesh: Chunk X=-1 Y=-1 Z=1 FlatVerts=0 SlopeVerts=0
[+21:07:33.339] VoxelMesh: Chunk X=-2 Y=2 Z=4 FlatVerts=2514 SlopeVerts=0
[+21:07:33.342] VoxelChunk: GenerateAsync (1,1,0)
[+21:07:33.343] VoxelMesh: Chunk X=1 Y=1 Z=0 FlatVerts=2514 SlopeVerts=0
[+21:07:33.439] VoxelMesh: Chunk X=-3 Y=2 Z=4 FlatVerts=1788 SlopeVerts=318
[+21:07:33.442] VoxelChunk: GenerateAsync (0,1,0)
[+21:07:33.442] VoxelMesh: Chunk X=0 Y=1 Z=0 FlatVerts=1788 SlopeVerts=318
[+21:07:33.541] VoxelMesh: Chunk X=3 Y=1 Z=4 FlatVerts=0 SlopeVerts=0
[+21:07:33.541] VoxelChunk: GenerateAsync (-1,-1,-1)
[+21:07:33.542] VoxelMesh: Chunk X=-1 Y=-1 Z=-1 FlatVerts=0 SlopeVerts=0
[+21:07:33.640] VoxelMesh: Chunk X=2 Y=1 Z=4 FlatVerts=2484 SlopeVerts=174
[+21:07:33.643] VoxelChunk: GenerateAsync (1,0,0)
[+21:07:33.644] VoxelMesh: Chunk X=1 Y=0 Z=0 FlatVerts=2484 SlopeVerts=174
[+21:07:33.742] VoxelMesh: Chunk X=1 Y=1 Z=4 FlatVerts=0 SlopeVerts=0
[+21:07:33.742] VoxelChunk: GenerateAsync (-1,0,0)
[+21:07:33.744] VoxelMesh: Chunk X=-1 Y=0 Z=0 FlatVerts=0 SlopeVerts=0
[+21:07:33.841] VoxelMesh: Chunk X=3 Y=2 Z=0 FlatVerts=0 SlopeVerts=0
[+21:07:33.842] VoxelChunk: GenerateAsync (0,-1,0)
[+21:07:33.842] VoxelMesh: Chunk X=0 Y=-1 Z=0 FlatVerts=0 SlopeVerts=0
[+21:07:33.943] VoxelMesh: Chunk X=-3 Y=3 Z=0 FlatVerts=0 SlopeVerts=0
[+21:07:33.943] VoxelChunk: GenerateAsync (-1,-1,0)
[+21:07:33.944] VoxelMesh: Chunk X=-1 Y=-1 Z=0 FlatVerts=0 SlopeVerts=0
[+21:07:34.043] VoxelMesh: Chunk X=-3 Y=1 Z=-1 FlatVerts=0 SlopeVerts=0
[+21:07:34.043] VoxelChunk: GenerateAsync (1,1,-1)
[+21:07:34.043] VoxelMesh: Chunk X=1 Y=1 Z=-1 FlatVerts=0 SlopeVerts=0
[+21:07:34.143] VoxelMesh: Chunk X=3 Y=1 Z=-1 FlatVerts=0 SlopeVerts=0
[+21:07:34.143] VoxelChunk: GenerateAsync (0,1,-1)
[+21:07:34.144] VoxelMesh: Chunk X=0 Y=1 Z=-1 FlatVerts=0 SlopeVerts=0
[+21:07:34.244] VoxelMesh: Chunk X=0 Y=3 Z=3 FlatVerts=0 SlopeVerts=0
[+21:07:34.245] VoxelChunk: GenerateAsync (-1,1,-1)
[+21:07:34.246] VoxelMesh: Chunk X=-1 Y=1 Z=-1 FlatVerts=0 SlopeVerts=0
[+21:07:34.344] VoxelMesh: Chunk X=-1 Y=3 Z=3 FlatVerts=0 SlopeVerts=0
[+21:07:34.345] VoxelChunk: GenerateAsync (1,0,-1)
[+21:07:34.345] VoxelMesh: Chunk X=1 Y=0 Z=-1 FlatVerts=0 SlopeVerts=0
[+21:07:34.444] VoxelMesh: Chunk X=3 Y=-1 Z=1 FlatVerts=0 SlopeVerts=0
[+21:07:34.445] VoxelChunk: GenerateAsync (0,0,-1)
[+21:07:34.445] VoxelMesh: Chunk X=0 Y=0 Z=-1 FlatVerts=0 SlopeVerts=0
[+21:07:34.546] VoxelMesh: Chunk X=3 Y=1 Z=2 FlatVerts=0 SlopeVerts=0
[+21:07:34.546] VoxelChunk: GenerateAsync (-1,0,-1)
[+21:07:34.547] VoxelMesh: Chunk X=-1 Y=0 Z=-1 FlatVerts=0 SlopeVerts=0
[+21:07:34.647] VoxelMesh: Chunk X=-3 Y=0 Z=1 FlatVerts=0 SlopeVerts=0
[+21:07:34.647] VoxelChunk: GenerateAsync (1,-1,-1)
[+21:07:34.648] VoxelMesh: Chunk X=1 Y=-1 Z=-1 FlatVerts=0 SlopeVerts=0
[+21:07:34.746] VoxelMesh: Chunk X=-1 Y=-3 Z=2 FlatVerts=0 SlopeVerts=0
[+21:07:34.746] VoxelChunk: GenerateAsync (0,-1,-1)
[+21:07:34.747] VoxelMesh: Chunk X=0 Y=-1 Z=-1 FlatVerts=0 SlopeVerts=0
[+21:07:34.845] VoxelMesh: Chunk X=-3 Y=2 Z=2 FlatVerts=1668 SlopeVerts=474
[+21:07:34.848] VoxelChunk: GenerateAsync (2,-1,0)
[+21:07:34.848] VoxelMesh: Chunk X=2 Y=-1 Z=0 FlatVerts=1668 SlopeVerts=474
[+21:07:34.948] VoxelMesh: Chunk X=-3 Y=-3 Z=3 FlatVerts=1302 SlopeVerts=0
[+21:07:34.949] VoxelChunk: GenerateAsync (0,2,0)
[+21:07:34.950] VoxelMesh: Chunk X=0 Y=2 Z=0 FlatVerts=1302 SlopeVerts=0
[+21:07:35.050] VoxelMesh: Chunk X=3 Y=0 Z=1 FlatVerts=0 SlopeVerts=0
[+21:07:35.050] VoxelChunk: GenerateAsync (0,-2,0)
[+21:07:35.052] VoxelMesh: Chunk X=0 Y=-2 Z=0 FlatVerts=0 SlopeVerts=0
[+21:07:35.149] VoxelMesh: Chunk X=-1 Y=3 Z=1 FlatVerts=0 SlopeVerts=0
[+21:07:35.149] VoxelChunk: GenerateAsync (1,-2,0)
[+21:07:35.151] VoxelMesh: Chunk X=1 Y=-2 Z=0 FlatVerts=0 SlopeVerts=0
[+21:07:35.250] VoxelMesh: Chunk X=0 Y=-3 Z=2 FlatVerts=0 SlopeVerts=1560
[+21:07:35.251] VoxelChunk: GenerateAsync (2,2,2)
[+21:07:35.252] VoxelMesh: Chunk X=2 Y=2 Z=2 FlatVerts=0 SlopeVerts=1560
[+21:07:35.350] VoxelMesh: Chunk X=-3 Y=0 Z=2 FlatVerts=0 SlopeVerts=1476
[+21:07:35.351] VoxelChunk: GenerateAsync (1,2,2)
[+21:07:35.352] VoxelMesh: Chunk X=1 Y=2 Z=2 FlatVerts=0 SlopeVerts=1476
[+21:07:35.450] VoxelMesh: Chunk X=3 Y=2 Z=2 FlatVerts=42 SlopeVerts=1626
[+21:07:35.451] VoxelChunk: GenerateAsync (1,-2,1)
[+21:07:35.452] VoxelMesh: Chunk X=1 Y=-2 Z=1 FlatVerts=42 SlopeVerts=1626
[+21:07:35.551] VoxelMesh: Chunk X=-1 Y=3 Z=2 FlatVerts=0 SlopeVerts=2334
[+21:07:35.553] VoxelChunk: GenerateAsync (-2,-2,2)
[+21:07:35.554] VoxelMesh: Chunk X=-2 Y=-2 Z=2 FlatVerts=0 SlopeVerts=2334
[+21:07:35.653] VoxelMesh: Chunk X=-2 Y=-2 Z=3 FlatVerts=228 SlopeVerts=2958
[+21:07:35.656] VoxelChunk: GenerateAsync (2,-2,1)
[+21:07:35.657] VoxelMesh: Chunk X=2 Y=-2 Z=1 FlatVerts=228 SlopeVerts=2958
[+21:07:35.758] VoxelMesh: Chunk X=-3 Y=0 Z=3 FlatVerts=78 SlopeVerts=4026
[+21:07:35.761] VoxelChunk: GenerateAsync (-1,1,2)
[+21:07:35.762] VoxelMesh: Chunk X=-1 Y=1 Z=2 FlatVerts=78 SlopeVerts=4026
[+21:07:35.864] VoxelMesh: Chunk X=-3 Y=1 Z=1 FlatVerts=198 SlopeVerts=5094
[+21:07:35.868] VoxelChunk: GenerateAsync (-1,-2,2)
[+21:07:35.869] VoxelMesh: Chunk X=-1 Y=-2 Z=2 FlatVerts=198 SlopeVerts=5094
[+21:07:35.970] VoxelMesh: Chunk X=3 Y=2 Z=1 FlatVerts=0 SlopeVerts=0
[+21:07:35.970] VoxelChunk: GenerateAsync (1,1,2)
[+21:07:35.972] VoxelMesh: Chunk X=1 Y=1 Z=2 FlatVerts=0 SlopeVerts=0
[+21:07:36.071] VoxelMesh: Chunk X=0 Y=3 Z=1 FlatVerts=0 SlopeVerts=0
[+21:07:36.071] VoxelChunk: GenerateAsync (-2,-1,1)
[+21:07:36.072] VoxelMesh: Chunk X=-2 Y=-1 Z=1 FlatVerts=0 SlopeVerts=0
[+21:07:36.170] VoxelMesh: Chunk X=3 Y=3 Z=1 FlatVerts=108 SlopeVerts=1128
[+21:07:36.172] VoxelChunk: GenerateAsync (2,-1,1)
[+21:07:36.173] VoxelMesh: Chunk X=2 Y=-1 Z=1 FlatVerts=108 SlopeVerts=1128
[+21:07:36.274] VoxelMesh: Chunk X=1 Y=-3 Z=2 FlatVerts=0 SlopeVerts=0
[+21:07:36.274] VoxelChunk: GenerateAsync (0,1,2)
[+21:07:36.276] VoxelMesh: Chunk X=0 Y=1 Z=2 FlatVerts=0 SlopeVerts=0
[+21:07:36.375] VoxelMesh: Chunk X=-3 Y=-2 Z=2 FlatVerts=798 SlopeVerts=1308
[+21:07:36.377] VoxelChunk: GenerateAsync (-1,2,1)
[+21:07:36.378] VoxelMesh: Chunk X=-1 Y=2 Z=1 FlatVerts=798 SlopeVerts=1308
[+21:07:36.478] VoxelMesh: Chunk X=3 Y=0 Z=2 FlatVerts=96 SlopeVerts=2754
[+21:07:36.480] VoxelChunk: GenerateAsync (0,-2,2)
[+21:07:36.481] VoxelMesh: Chunk X=0 Y=-2 Z=2 FlatVerts=96 SlopeVerts=2754
[+21:07:36.580] VoxelMesh: Chunk X=-3 Y=1 Z=2 FlatVerts=108 SlopeVerts=2652
[+21:07:36.582] VoxelChunk: GenerateAsync (-2,0,2)
[+21:07:36.583] VoxelMesh: Chunk X=-2 Y=0 Z=2 FlatVerts=108 SlopeVerts=2652
[+21:07:36.683] VoxelMesh: Chunk X=-3 Y=3 Z=2 FlatVerts=0 SlopeVerts=1722
[+21:07:36.684] VoxelChunk: GenerateAsync (2,1,2)
[+21:07:36.686] VoxelMesh: Chunk X=2 Y=1 Z=2 FlatVerts=0 SlopeVerts=1722
[+21:07:36.784] VoxelMesh: Chunk X=-2 Y=3 Z=2 FlatVerts=0 SlopeVerts=2922
[+21:07:36.786] VoxelChunk: GenerateAsync (-2,2,2)
[+21:07:36.787] VoxelMesh: Chunk X=-2 Y=2 Z=2 FlatVerts=0 SlopeVerts=2922
[+21:07:36.888] VoxelMesh: Chunk X=0 Y=3 Z=2 FlatVerts=0 SlopeVerts=0
[+21:07:36.888] VoxelChunk: GenerateAsync (-2,0,-1)
[+21:07:36.890] VoxelMesh: Chunk X=-2 Y=0 Z=-1 FlatVerts=0 SlopeVerts=0
[+21:07:36.990] VoxelMesh: Chunk X=1 Y=3 Z=2 FlatVerts=0 SlopeVerts=0
[+21:07:36.990] VoxelChunk: GenerateAsync (1,0,-2)
[+21:07:36.991] VoxelMesh: Chunk X=1 Y=0 Z=-2 FlatVerts=0 SlopeVerts=0
[+21:07:37.091] VoxelMesh: Chunk X=-1 Y=-2 Z=3 FlatVerts=0 SlopeVerts=0
[+21:07:37.091] VoxelChunk: GenerateAsync (-2,0,1)
[+21:07:37.092] VoxelMesh: Chunk X=-2 Y=0 Z=1 FlatVerts=0 SlopeVerts=0
[+21:07:37.191] VoxelMesh: Chunk X=1 Y=-2 Z=3 FlatVerts=0 SlopeVerts=0
[+21:07:37.191] VoxelChunk: GenerateAsync (2,0,1)
[+21:07:37.193] VoxelMesh: Chunk X=2 Y=0 Z=1 FlatVerts=0 SlopeVerts=0
[+21:07:37.291] VoxelMesh: Chunk X=-2 Y=0 Z=3 FlatVerts=0 SlopeVerts=2430
[+21:07:37.294] VoxelChunk: GenerateAsync (2,1,1)
[+21:07:37.295] VoxelMesh: Chunk X=2 Y=1 Z=1 FlatVerts=0 SlopeVerts=2430
[+21:07:37.395] VoxelMesh: Chunk X=-1 Y=1 Z=3 FlatVerts=0 SlopeVerts=0
[+21:07:37.395] VoxelChunk: GenerateAsync (-2,-2,-2)
[+21:07:37.397] VoxelMesh: Chunk X=-2 Y=-2 Z=-2 FlatVerts=0 SlopeVerts=0
[+21:07:37.496] VoxelMesh: Chunk X=3 Y=1 Z=1 FlatVerts=1284 SlopeVerts=0
[+21:07:37.497] VoxelChunk: GenerateAsync (0,2,1)
[+21:07:37.498] VoxelMesh: Chunk X=0 Y=2 Z=1 FlatVerts=1284 SlopeVerts=0
[+21:07:37.596] VoxelMesh: Chunk X=-3 Y=2 Z=1 FlatVerts=0 SlopeVerts=0
[+21:07:37.597] VoxelChunk: GenerateAsync (-1,-2,-2)
[+21:07:37.599] VoxelMesh: Chunk X=-1 Y=-2 Z=-2 FlatVerts=0 SlopeVerts=0
[+21:07:37.699] VoxelMesh: Chunk X=-3 Y=3 Z=1 FlatVerts=168 SlopeVerts=3174
[+21:07:37.701] VoxelChunk: GenerateAsync (1,-2,2)
[+21:07:37.702] VoxelMesh: Chunk X=1 Y=-2 Z=2 FlatVerts=168 SlopeVerts=3174
[+21:07:37.802] VoxelMesh: Chunk X=-2 Y=3 Z=1 FlatVerts=396 SlopeVerts=3870
[+21:07:37.805] VoxelChunk: GenerateAsync (0,-1,2)
[+21:07:37.806] VoxelMesh: Chunk X=0 Y=-1 Z=2 FlatVerts=396 SlopeVerts=3870
[+21:07:37.906] VoxelMesh: Chunk X=1 Y=3 Z=1 FlatVerts=36 SlopeVerts=2820
[+21:07:37.908] VoxelChunk: GenerateAsync (-1,0,2)
[+21:07:37.909] VoxelMesh: Chunk X=-1 Y=0 Z=2 FlatVerts=36 SlopeVerts=2820
[+21:07:38.008] VoxelMesh: Chunk X=2 Y=3 Z=1 FlatVerts=0 SlopeVerts=0
[+21:07:38.008] VoxelChunk: GenerateAsync (2,0,2)
[+21:07:38.010] VoxelMesh: Chunk X=2 Y=0 Z=2 FlatVerts=0 SlopeVerts=0
[+21:07:38.108] VoxelMesh: Chunk X=-3 Y=-3 Z=2 FlatVerts=0 SlopeVerts=0
[+21:07:38.108] VoxelChunk: GenerateAsync (2,-2,-2)
[+21:07:38.110] VoxelMesh: Chunk X=2 Y=-2 Z=-2 FlatVerts=0 SlopeVerts=0
[+21:07:38.209] VoxelMesh: Chunk X=-2 Y=-3 Z=2 FlatVerts=0 SlopeVerts=0
[+21:07:38.209] VoxelChunk: GenerateAsync (-1,1,-2)
[+21:07:38.210] VoxelMesh: Chunk X=-1 Y=1 Z=-2 FlatVerts=0 SlopeVerts=0
[+21:07:38.309] VoxelMesh: Chunk X=2 Y=-3 Z=2 FlatVerts=0 SlopeVerts=0
[+21:07:38.309] VoxelChunk: GenerateAsync (0,1,-2)
[+21:07:38.310] VoxelMesh: Chunk X=0 Y=1 Z=-2 FlatVerts=0 SlopeVerts=0
[+21:07:38.410] VoxelMesh: Chunk X=3 Y=-3 Z=2 FlatVerts=0 SlopeVerts=114
[+21:07:38.410] VoxelChunk: GenerateAsync (-1,2,2)
[+21:07:38.411] VoxelMesh: Chunk X=-1 Y=2 Z=2 FlatVerts=0 SlopeVerts=114
[+21:07:38.510] VoxelMesh: Chunk X=3 Y=-2 Z=2 FlatVerts=90 SlopeVerts=1260
[+21:07:38.511] VoxelChunk: GenerateAsync (-1,-1,2)
[+21:07:38.512] VoxelMesh: Chunk X=-1 Y=-1 Z=2 FlatVerts=90 SlopeVerts=1260
[+21:07:38.611] VoxelMesh: Chunk X=-3 Y=-1 Z=2 FlatVerts=0 SlopeVerts=0
[+21:07:38.611] VoxelChunk: GenerateAsync (-2,2,-2)
[+21:07:38.613] VoxelMesh: Chunk X=-2 Y=2 Z=-2 FlatVerts=0 SlopeVerts=0
[+21:07:38.711] VoxelMesh: Chunk X=-3 Y=-2 Z=-3 FlatVerts=0 SlopeVerts=0
[+21:07:38.711] VoxelChunk: GenerateAsync (-1,-1,-2)
[+21:07:38.713] VoxelMesh: Chunk X=-1 Y=-1 Z=-2 FlatVerts=0 SlopeVerts=0
[+21:07:38.811] VoxelMesh: Chunk X=1 Y=-2 Z=-3 FlatVerts=0 SlopeVerts=0
[+21:07:38.811] VoxelChunk: GenerateAsync (0,2,-2)
[+21:07:38.813] VoxelMesh: Chunk X=0 Y=2 Z=-2 FlatVerts=0 SlopeVerts=0
[+21:07:38.911] VoxelMesh: Chunk X=0 Y=-1 Z=-3 FlatVerts=0 SlopeVerts=0
[+21:07:38.911] VoxelChunk: GenerateAsync (0,-2,-2)
[+21:07:38.913] VoxelMesh: Chunk X=0 Y=-2 Z=-2 FlatVerts=0 SlopeVerts=0
[+21:07:39.011] VoxelMesh: Chunk X=2 Y=-1 Z=-3 FlatVerts=0 SlopeVerts=0
[+21:07:39.011] VoxelChunk: GenerateAsync (2,0,-1)
[+21:07:39.011] VoxelMesh: Chunk X=2 Y=0 Z=-1 FlatVerts=0 SlopeVerts=0
[+21:07:39.111] VoxelMesh: Chunk X=0 Y=0 Z=-3 FlatVerts=0 SlopeVerts=0
[+21:07:39.111] VoxelChunk: GenerateAsync (-2,1,1)
[+21:07:39.112] VoxelMesh: Chunk X=-2 Y=1 Z=1 FlatVerts=0 SlopeVerts=0
[+21:07:39.211] VoxelMesh: Chunk X=0 Y=1 Z=-3 FlatVerts=0 SlopeVerts=0
[+21:07:39.212] VoxelChunk: GenerateAsync (-2,1,-1)
[+21:07:39.213] VoxelMesh: Chunk X=-2 Y=1 Z=-1 FlatVerts=0 SlopeVerts=0
[+21:07:39.312] VoxelMesh: Chunk X=1 Y=1 Z=-3 FlatVerts=0 SlopeVerts=0
[+21:07:39.312] VoxelChunk: GenerateAsync (0,-2,-1)
[+21:07:39.313] VoxelMesh: Chunk X=0 Y=-2 Z=-1 FlatVerts=0 SlopeVerts=0
[+21:07:39.412] VoxelMesh: Chunk X=2 Y=1 Z=-3 FlatVerts=0 SlopeVerts=1896
[+21:07:39.413] VoxelChunk: GenerateAsync (-2,2,1)
[+21:07:39.414] VoxelMesh: Chunk X=-2 Y=2 Z=1 FlatVerts=0 SlopeVerts=1896
[+21:07:39.514] VoxelMesh: Chunk X=3 Y=1 Z=-3 FlatVerts=0 SlopeVerts=0
[+21:07:39.514] VoxelChunk: GenerateAsync (-2,0,-2)
[+21:07:39.516] VoxelMesh: Chunk X=-2 Y=0 Z=-2 FlatVerts=0 SlopeVerts=0
[+21:07:39.614] VoxelMesh: Chunk X=-3 Y=3 Z=-3 FlatVerts=0 SlopeVerts=0
[+21:07:39.614] VoxelChunk: GenerateAsync (-2,-1,-1)
[+21:07:39.616] VoxelMesh: Chunk X=-2 Y=-1 Z=-1 FlatVerts=0 SlopeVerts=0
[+21:07:39.714] VoxelMesh: Chunk X=2 Y=3 Z=2 FlatVerts=132 SlopeVerts=2694
[+21:07:39.716] VoxelChunk: GenerateAsync (1,2,1)
[+21:07:39.718] VoxelMesh: Chunk X=1 Y=2 Z=1 FlatVerts=132 SlopeVerts=2694
[+21:07:39.817] VoxelMesh: Chunk X=3 Y=3 Z=2 FlatVerts=0 SlopeVerts=0
[+21:07:39.818] VoxelChunk: GenerateAsync (-1,0,-2)
[+21:07:39.820] VoxelMesh: Chunk X=-1 Y=0 Z=-2 FlatVerts=0 SlopeVerts=0
[+21:07:39.918] VoxelMesh: Chunk X=3 Y=3 Z=-3 FlatVerts=0 SlopeVerts=0
[+21:07:39.918] VoxelChunk: GenerateAsync (0,0,-2)
[+21:07:39.920] VoxelMesh: Chunk X=0 Y=0 Z=-2 FlatVerts=0 SlopeVerts=0
[+21:07:40.018] VoxelMesh: Chunk X=-3 Y=-3 Z=-2 FlatVerts=0 SlopeVerts=0
[+21:07:40.018] VoxelChunk: GenerateAsync (2,-1,-1)
[+21:07:40.019] VoxelMesh: Chunk X=2 Y=-1 Z=-1 FlatVerts=0 SlopeVerts=0
[+21:07:40.119] VoxelMesh: Chunk X=-2 Y=-3 Z=-2 FlatVerts=0 SlopeVerts=3672
[+21:07:40.122] VoxelChunk: GenerateAsync (2,-2,2)
[+21:07:40.123] VoxelMesh: Chunk X=2 Y=-2 Z=2 FlatVerts=0 SlopeVerts=3672
[+21:07:40.222] VoxelMesh: Chunk X=3 Y=-2 Z=-2 FlatVerts=204 SlopeVerts=2970
[+21:07:40.225] VoxelChunk: GenerateAsync (-2,-1,2)
[+21:07:40.226] VoxelMesh: Chunk X=-2 Y=-1 Z=2 FlatVerts=204 SlopeVerts=2970
[+21:07:40.329] VoxelMesh: Chunk X=3 Y=-1 Z=-2 FlatVerts=24 SlopeVerts=306
[+21:07:40.329] VoxelChunk: GenerateAsync (1,-1,2)
[+21:07:40.331] VoxelMesh: Chunk X=1 Y=-1 Z=2 FlatVerts=24 SlopeVerts=306
[+21:07:40.428] VoxelMesh: Chunk X=-3 Y=0 Z=-2 FlatVerts=0 SlopeVerts=0
[+21:07:40.429] VoxelChunk: GenerateAsync (2,-1,2)
[+21:07:40.430] VoxelMesh: Chunk X=2 Y=-1 Z=2 FlatVerts=0 SlopeVerts=0
[+21:07:40.528] VoxelMesh: Chunk X=3 Y=1 Z=-2 FlatVerts=0 SlopeVerts=930
[+21:07:40.529] VoxelChunk: GenerateAsync (0,0,2)
[+21:07:40.530] VoxelMesh: Chunk X=0 Y=0 Z=2 FlatVerts=0 SlopeVerts=930
[+21:07:40.629] VoxelMesh: Chunk X=-3 Y=2 Z=-2 FlatVerts=0 SlopeVerts=0
[+21:07:40.629] VoxelChunk: GenerateAsync (1,0,2)
[+21:07:40.630] VoxelMesh: Chunk X=1 Y=0 Z=2 FlatVerts=0 SlopeVerts=0
[+21:07:40.728] VoxelMesh: Chunk X=3 Y=2 Z=-2 FlatVerts=30 SlopeVerts=1836
[+21:07:40.730] VoxelChunk: GenerateAsync (-2,1,2)
[+21:07:40.730] VoxelMesh: Chunk X=-2 Y=1 Z=2 FlatVerts=30 SlopeVerts=1836
[+21:07:40.830] VoxelMesh: Chunk X=-3 Y=3 Z=-2 FlatVerts=0 SlopeVerts=0
[+21:07:40.830] VoxelChunk: GenerateAsync (1,-2,-2)
[+21:07:40.831] VoxelMesh: Chunk X=1 Y=-2 Z=-2 FlatVerts=0 SlopeVerts=0
[+21:07:40.930] VoxelMesh: Chunk X=-2 Y=3 Z=-2 FlatVerts=0 SlopeVerts=0
[+21:07:40.930] VoxelChunk: GenerateAsync (-2,1,-2)
[+21:07:40.931] VoxelMesh: Chunk X=-2 Y=1 Z=-2 FlatVerts=0 SlopeVerts=0
[+21:07:41.030] VoxelMesh: Chunk X=-1 Y=3 Z=-2 FlatVerts=0 SlopeVerts=0
[+21:07:41.030] VoxelChunk: GenerateAsync (2,1,-1)
[+21:07:41.031] VoxelMesh: Chunk X=2 Y=1 Z=-1 FlatVerts=0 SlopeVerts=0
[+21:07:41.130] VoxelMesh: Chunk X=0 Y=3 Z=-2 FlatVerts=0 SlopeVerts=0
[+21:07:41.130] VoxelChunk: GenerateAsync (-2,2,-1)
[+21:07:41.132] VoxelMesh: Chunk X=-2 Y=2 Z=-1 FlatVerts=0 SlopeVerts=0
[+21:07:41.230] VoxelMesh: Chunk X=1 Y=3 Z=-2 FlatVerts=0 SlopeVerts=0
[+21:07:41.230] VoxelChunk: GenerateAsync (-1,2,-1)
[+21:07:41.231] VoxelMesh: Chunk X=-1 Y=2 Z=-1 FlatVerts=0 SlopeVerts=0
[+21:07:41.329] VoxelMesh: Chunk X=2 Y=3 Z=-2 FlatVerts=0 SlopeVerts=0
[+21:07:41.329] VoxelChunk: GenerateAsync (0,2,-1)
[+21:07:41.330] VoxelMesh: Chunk X=0 Y=2 Z=-1 FlatVerts=0 SlopeVerts=0
[+21:07:41.430] VoxelMesh: Chunk X=3 Y=3 Z=-2 FlatVerts=0 SlopeVerts=0
[+21:07:41.430] VoxelChunk: GenerateAsync (1,2,-1)
[+21:07:41.431] VoxelMesh: Chunk X=1 Y=2 Z=-1 FlatVerts=0 SlopeVerts=0
[+21:07:41.530] VoxelMesh: Chunk X=-3 Y=-3 Z=-1 FlatVerts=0 SlopeVerts=0
[+21:07:41.530] VoxelChunk: GenerateAsync (2,2,-1)
[+21:07:41.532] VoxelMesh: Chunk X=2 Y=2 Z=-1 FlatVerts=0 SlopeVerts=0
[+21:07:41.630] VoxelMesh: Chunk X=-2 Y=-3 Z=-1 FlatVerts=0 SlopeVerts=0
[+21:07:41.631] VoxelChunk: GenerateAsync (1,1,-2)
[+21:07:41.632] VoxelMesh: Chunk X=1 Y=1 Z=-2 FlatVerts=0 SlopeVerts=0
[+21:07:41.731] VoxelMesh: Chunk X=-1 Y=-3 Z=-1 FlatVerts=0 SlopeVerts=0
[+21:07:41.731] VoxelChunk: GenerateAsync (-2,-1,-2)
[+21:07:41.732] VoxelMesh: Chunk X=-2 Y=-1 Z=-2 FlatVerts=0 SlopeVerts=0
[+21:07:41.831] VoxelMesh: Chunk X=0 Y=-3 Z=-1 FlatVerts=0 SlopeVerts=0
[+21:07:41.831] VoxelChunk: GenerateAsync (2,1,-2)
[+21:07:41.832] VoxelMesh: Chunk X=2 Y=1 Z=-2 FlatVerts=0 SlopeVerts=0
[+21:07:41.931] VoxelMesh: Chunk X=1 Y=-3 Z=-1 FlatVerts=0 SlopeVerts=0
[+21:07:41.931] VoxelChunk: GenerateAsync (-2,-2,0)
[+21:07:41.932] VoxelMesh: Chunk X=-2 Y=-2 Z=0 FlatVerts=0 SlopeVerts=0
[+21:07:42.031] VoxelMesh: Chunk X=2 Y=-3 Z=-1 FlatVerts=0 SlopeVerts=0
[+21:07:42.031] VoxelChunk: GenerateAsync (-1,-2,0)
[+21:07:42.032] VoxelMesh: Chunk X=-1 Y=-2 Z=0 FlatVerts=0 SlopeVerts=0
[+21:07:42.131] VoxelMesh: Chunk X=3 Y=-3 Z=-1 FlatVerts=0 SlopeVerts=0
[+21:07:42.131] VoxelChunk: GenerateAsync (0,2,2)
[+21:07:42.132] VoxelMesh: Chunk X=0 Y=2 Z=2 FlatVerts=0 SlopeVerts=0
[+21:07:42.230] VoxelMesh: Chunk X=-3 Y=-2 Z=-1 FlatVerts=0 SlopeVerts=0
[+21:07:42.230] VoxelChunk: GenerateAsync (-1,2,-2)
[+21:07:42.231] VoxelMesh: Chunk X=-1 Y=2 Z=-2 FlatVerts=0 SlopeVerts=0
[+21:07:42.330] VoxelMesh: Chunk X=3 Y=-2 Z=-1 FlatVerts=0 SlopeVerts=156
[+21:07:42.331] VoxelChunk: GenerateAsync (2,-2,0)
[+21:07:42.331] VoxelMesh: Chunk X=2 Y=-2 Z=0 FlatVerts=0 SlopeVerts=156
[+21:07:42.431] VoxelMesh: Chunk X=-3 Y=-1 Z=-1 FlatVerts=0 SlopeVerts=0
[+21:07:42.431] VoxelChunk: GenerateAsync (-2,-1,0)
[+21:07:42.432] VoxelMesh: Chunk X=-2 Y=-1 Z=0 FlatVerts=0 SlopeVerts=0
[+21:07:42.531] VoxelMesh: Chunk X=3 Y=-1 Z=-1 FlatVerts=0 SlopeVerts=0
[+21:07:42.531] VoxelChunk: GenerateAsync (2,0,-2)
[+21:07:42.532] VoxelMesh: Chunk X=2 Y=0 Z=-2 FlatVerts=0 SlopeVerts=0
[+21:07:42.630] VoxelMesh: Chunk X=-3 Y=0 Z=-1 FlatVerts=0 SlopeVerts=0
[+21:07:42.630] VoxelChunk: GenerateAsync (1,2,-2)
[+21:07:42.632] VoxelMesh: Chunk X=1 Y=2 Z=-2 FlatVerts=0 SlopeVerts=0
[+21:07:42.730] VoxelMesh: Chunk X=3 Y=0 Z=-1 FlatVerts=0 SlopeVerts=0
[+21:07:42.730] VoxelChunk: GenerateAsync (0,-1,-2)
[+21:07:42.732] VoxelMesh: Chunk X=0 Y=-1 Z=-2 FlatVerts=0 SlopeVerts=0
[+21:07:42.833] VoxelMesh: Chunk X=0 Y=1 Z=3 FlatVerts=0 SlopeVerts=0
[+21:07:42.833] VoxelChunk: GenerateAsync (2,2,-2)
[+21:07:42.836] VoxelMesh: Chunk X=2 Y=2 Z=-2 FlatVerts=0 SlopeVerts=0
[+21:07:42.933] VoxelMesh: Chunk X=3 Y=-1 Z=2 FlatVerts=0 SlopeVerts=0
[+21:07:42.933] VoxelChunk: GenerateAsync (-2,0,0)
[+21:07:42.935] VoxelMesh: Chunk X=-2 Y=0 Z=0 FlatVerts=0 SlopeVerts=0
[+21:07:43.034] VoxelMesh: Chunk X=-3 Y=2 Z=-1 FlatVerts=0 SlopeVerts=0
[+21:07:43.034] VoxelChunk: GenerateAsync (-2,-2,-1)
[+21:07:43.036] VoxelMesh: Chunk X=-2 Y=-2 Z=-1 FlatVerts=0 SlopeVerts=0
[+21:07:43.133] VoxelMesh: Chunk X=3 Y=2 Z=-1 FlatVerts=0 SlopeVerts=0
[+21:07:43.133] VoxelChunk: GenerateAsync (1,-1,-2)
[+21:07:43.134] VoxelMesh: Chunk X=1 Y=-1 Z=-2 FlatVerts=0 SlopeVerts=0
[+21:07:43.235] VoxelMesh: Chunk X=-3 Y=3 Z=-1 FlatVerts=0 SlopeVerts=0
[+21:07:43.235] VoxelChunk: GenerateAsync (-1,-2,-1)
[+21:07:43.239] VoxelMesh: Chunk X=-1 Y=-2 Z=-1 FlatVerts=0 SlopeVerts=0
[+21:07:43.339] VoxelMesh: Chunk X=-2 Y=3 Z=-1 FlatVerts=2574 SlopeVerts=12
[+21:07:43.342] VoxelChunk: GenerateAsync (2,0,0)
[+21:07:43.342] VoxelMesh: Chunk X=2 Y=0 Z=0 FlatVerts=2574 SlopeVerts=12
[+21:07:43.443] VoxelMesh: Chunk X=-1 Y=3 Z=-1 FlatVerts=0 SlopeVerts=0
[+21:07:43.443] VoxelChunk: GenerateAsync (-2,1,0)
[+21:07:43.445] VoxelMesh: Chunk X=-2 Y=1 Z=0 FlatVerts=0 SlopeVerts=0
[+21:07:43.555] VoxelMesh: Chunk X=0 Y=3 Z=-1 FlatVerts=0 SlopeVerts=0
[+21:07:43.556] VoxelChunk: GenerateAsync (2,-1,-2)
[+21:07:43.557] VoxelMesh: Chunk X=2 Y=-1 Z=-2 FlatVerts=0 SlopeVerts=0
[+21:07:43.651] VoxelMesh: Chunk X=1 Y=3 Z=-1 FlatVerts=0 SlopeVerts=0
[+21:07:43.651] VoxelChunk: GenerateAsync (1,-2,-1)
[+21:07:43.653] VoxelMesh: Chunk X=1 Y=-2 Z=-1 FlatVerts=0 SlopeVerts=0
[+21:07:43.752] VoxelMesh: Chunk X=2 Y=3 Z=-1 FlatVerts=0 SlopeVerts=0
[+21:07:43.752] VoxelChunk: GenerateAsync (2,-2,-1)
[+21:07:43.753] VoxelMesh: Chunk X=2 Y=-2 Z=-1 FlatVerts=0 SlopeVerts=0
[+21:07:43.850] VoxelMesh: Chunk X=-2 Y=-3 Z=0 FlatVerts=1908 SlopeVerts=510
[+21:07:43.853] VoxelChunk: GenerateAsync (2,1,0)
[+21:07:43.854] VoxelMesh: Chunk X=2 Y=1 Z=0 FlatVerts=1908 SlopeVerts=510
[+21:07:43.963] VoxelMesh: Chunk X=-1 Y=-3 Z=0 FlatVerts=0 SlopeVerts=90
[+21:07:43.964] VoxelChunk: GenerateAsync (-2,2,0)
[+21:07:43.965] VoxelMesh: Chunk X=-2 Y=2 Z=0 FlatVerts=0 SlopeVerts=90
[+21:07:44.061] VoxelMesh: Chunk X=0 Y=-3 Z=0 FlatVerts=1380 SlopeVerts=504
[+21:07:44.063] VoxelChunk: GenerateAsync (-1,2,0)
[+21:07:44.064] VoxelMesh: Chunk X=-1 Y=2 Z=0 FlatVerts=1380 SlopeVerts=504
[+21:07:44.169] VoxelMesh: Chunk X=1 Y=-3 Z=0 FlatVerts=0 SlopeVerts=672
[+21:07:44.171] VoxelChunk: GenerateAsync (2,2,1)
[+21:07:44.171] VoxelMesh: Chunk X=2 Y=2 Z=1 FlatVerts=0 SlopeVerts=672
[+21:07:44.269] VoxelMesh: Chunk X=2 Y=-3 Z=0 FlatVerts=1620 SlopeVerts=264
[+21:07:44.271] VoxelChunk: GenerateAsync (1,2,0)
[+21:07:44.272] VoxelMesh: Chunk X=1 Y=2 Z=0 FlatVerts=1620 SlopeVerts=264
[+21:07:44.373] VoxelMesh: Chunk X=3 Y=-3 Z=0 FlatVerts=30 SlopeVerts=0
[+21:07:44.373] VoxelChunk: GenerateAsync (2,2,0)
[+21:07:44.375] VoxelMesh: Chunk X=2 Y=2 Z=0 FlatVerts=30 SlopeVerts=0
[+21:07:44.471] VoxelMesh: Chunk X=3 Y=-2 Z=0 FlatVerts=0 SlopeVerts=576
[+21:07:44.471] VoxelChunk: GenerateAsync (-2,-2,1)
[+21:07:44.472] VoxelMesh: Chunk X=-2 Y=-2 Z=1 FlatVerts=0 SlopeVerts=576
[+21:07:44.570] VoxelMesh: Chunk X=-3 Y=-1 Z=0 FlatVerts=18 SlopeVerts=168
[+21:07:44.571] VoxelChunk: GenerateAsync (-1,-2,1)
[+21:07:44.571] VoxelMesh: Chunk X=-1 Y=-2 Z=1 FlatVerts=18 SlopeVerts=168
[+21:07:44.671] VoxelMesh: Chunk X=3 Y=-1 Z=0 FlatVerts=0 SlopeVerts=0
[+21:07:44.671] VoxelChunk: GenerateAsync (0,-2,1)
[+21:07:44.672] VoxelMesh: Chunk X=0 Y=-2 Z=1 FlatVerts=0 SlopeVerts=0
[+21:07:44.771] VoxelMesh: Chunk X=-3 Y=0 Z=0 FlatVerts=0 SlopeVerts=0
[+21:07:44.771] VoxelChunk: GenerateAsync (-3,-3,0)
[+21:07:44.772] VoxelMesh: Chunk X=-3 Y=-3 Z=0 FlatVerts=0 SlopeVerts=0
[+21:07:44.871] VoxelMesh: Chunk X=3 Y=0 Z=0 FlatVerts=0 SlopeVerts=0
[+21:07:44.871] VoxelChunk: GenerateAsync (-3,-2,0)
[+21:07:44.873] VoxelMesh: Chunk X=-3 Y=-2 Z=0 FlatVerts=0 SlopeVerts=0
[+21:07:44.970] VoxelMesh: Chunk X=-3 Y=1 Z=0 FlatVerts=0 SlopeVerts=0
[+21:07:44.970] VoxelChunk: GenerateAsync (3,2,-3)
[+21:07:44.972] VoxelMesh: Chunk X=3 Y=2 Z=-3 FlatVerts=0 SlopeVerts=0
[+21:07:45.070] VoxelMesh: Chunk X=3 Y=1 Z=0 FlatVerts=0 SlopeVerts=0
[+21:07:45.070] VoxelChunk: GenerateAsync (3,-3,-2)
[+21:07:45.072] VoxelMesh: Chunk X=3 Y=-3 Z=-2 FlatVerts=0 SlopeVerts=0
[+21:07:45.171] VoxelMesh: Chunk X=-3 Y=2 Z=0 FlatVerts=0 SlopeVerts=0
[+21:07:45.171] VoxelChunk: GenerateAsync (-2,0,-3)
[+21:07:45.172] VoxelMesh: Chunk X=-2 Y=0 Z=-3 FlatVerts=0 SlopeVerts=0
[+21:07:45.270] VoxelMesh: Chunk X=-1 Y=3 Z=-3 FlatVerts=0 SlopeVerts=0
[+21:07:45.270] VoxelChunk: GenerateAsync (-3,0,-3)
[+21:07:45.271] VoxelMesh: Chunk X=-3 Y=0 Z=-3 FlatVerts=0 SlopeVerts=0
[+21:07:45.370] VoxelMesh: Chunk X=1 Y=3 Z=-3 FlatVerts=0 SlopeVerts=0
[+21:07:45.371] VoxelChunk: GenerateAsync (-3,-3,-3)
[+21:07:45.372] VoxelMesh: Chunk X=-3 Y=-3 Z=-3 FlatVerts=0 SlopeVerts=0
[+21:07:45.470] VoxelMesh: Chunk X=-2 Y=3 Z=0 FlatVerts=0 SlopeVerts=0
[+21:07:45.470] VoxelChunk: GenerateAsync (-1,-3,-3)
[+21:07:45.473] VoxelMesh: Chunk X=-1 Y=-3 Z=-3 FlatVerts=0 SlopeVerts=0
[+21:07:45.571] VoxelMesh: Chunk X=-1 Y=3 Z=0 FlatVerts=0 SlopeVerts=0
[+21:07:45.571] VoxelChunk: GenerateAsync (3,-1,-3)
[+21:07:45.573] VoxelMesh: Chunk X=3 Y=-1 Z=-3 FlatVerts=0 SlopeVerts=0
[+21:07:45.672] VoxelMesh: Chunk X=0 Y=3 Z=0 FlatVerts=0 SlopeVerts=0
[+21:07:45.672] VoxelChunk: GenerateAsync (-2,-3,-3)
[+21:07:45.673] VoxelMesh: Chunk X=-2 Y=-3 Z=-3 FlatVerts=0 SlopeVerts=0
[+21:07:45.770] VoxelMesh: Chunk X=1 Y=3 Z=0 FlatVerts=0 SlopeVerts=0
[+21:07:45.771] VoxelChunk: GenerateAsync (1,-1,-3)
[+21:07:45.772] VoxelMesh: Chunk X=1 Y=-1 Z=-3 FlatVerts=0 SlopeVerts=0
[+21:07:45.871] VoxelMesh: Chunk X=2 Y=3 Z=0 FlatVerts=0 SlopeVerts=0
[+21:07:45.871] VoxelChunk: GenerateAsync (-3,-2,-2)
[+21:07:45.874] VoxelMesh: Chunk X=-3 Y=-2 Z=-2 FlatVerts=0 SlopeVerts=0
[+21:07:45.970] VoxelMesh: Chunk X=3 Y=3 Z=0 FlatVerts=0 SlopeVerts=0
[+21:07:45.970] VoxelChunk: GenerateAsync (-1,-3,-2)
[+21:07:45.972] VoxelMesh: Chunk X=-1 Y=-3 Z=-2 FlatVerts=0 SlopeVerts=0
[+21:07:46.070] VoxelMesh: Chunk X=-3 Y=-3 Z=1 FlatVerts=0 SlopeVerts=0
[+21:07:46.070] VoxelChunk: GenerateAsync (-1,-1,-3)
[+21:07:46.072] VoxelMesh: Chunk X=-1 Y=-1 Z=-3 FlatVerts=0 SlopeVerts=0
[+21:07:46.171] VoxelMesh: Chunk X=-2 Y=-3 Z=1 FlatVerts=0 SlopeVerts=0
[+21:07:46.171] VoxelChunk: GenerateAsync (-2,-1,-3)
[+21:07:46.172] VoxelMesh: Chunk X=-2 Y=-1 Z=-3 FlatVerts=0 SlopeVerts=0
[+21:07:46.271] VoxelMesh: Chunk X=-1 Y=-3 Z=1 FlatVerts=0 SlopeVerts=0
[+21:07:46.271] VoxelChunk: GenerateAsync (-3,-1,-3)
[+21:07:46.272] VoxelMesh: Chunk X=-3 Y=-1 Z=-3 FlatVerts=0 SlopeVerts=0
[+21:07:46.370] VoxelMesh: Chunk X=0 Y=-3 Z=1 FlatVerts=0 SlopeVerts=0
[+21:07:46.370] VoxelChunk: GenerateAsync (0,2,-3)
[+21:07:46.372] VoxelMesh: Chunk X=0 Y=2 Z=-3 FlatVerts=0 SlopeVerts=0
[+21:07:46.470] VoxelMesh: Chunk X=1 Y=-3 Z=1 FlatVerts=0 SlopeVerts=0
[+21:07:46.471] VoxelChunk: GenerateAsync (-2,2,-3)
[+21:07:46.472] VoxelMesh: Chunk X=-2 Y=2 Z=-3 FlatVerts=0 SlopeVerts=0
[+21:07:46.570] VoxelMesh: Chunk X=2 Y=-3 Z=1 FlatVerts=0 SlopeVerts=0
[+21:07:46.571] VoxelChunk: GenerateAsync (-3,2,-3)
[+21:07:46.572] VoxelMesh: Chunk X=-3 Y=2 Z=-3 FlatVerts=0 SlopeVerts=0
[+21:07:46.671] VoxelMesh: Chunk X=3 Y=-3 Z=1 FlatVerts=0 SlopeVerts=0
[+21:07:46.672] VoxelChunk: GenerateAsync (-1,1,-3)
[+21:07:46.673] VoxelMesh: Chunk X=-1 Y=1 Z=-3 FlatVerts=0 SlopeVerts=0
[+21:07:46.770] VoxelMesh: Chunk X=-3 Y=-2 Z=1 FlatVerts=0 SlopeVerts=0
[+21:07:46.770] VoxelChunk: GenerateAsync (0,-3,-2)
[+21:07:46.772] VoxelMesh: Chunk X=0 Y=-3 Z=-2 FlatVerts=0 SlopeVerts=0
[+21:07:46.870] VoxelMesh: Chunk X=3 Y=-2 Z=1 FlatVerts=0 SlopeVerts=0
[+21:07:46.870] VoxelChunk: GenerateAsync (0,3,-3)
[+21:07:46.872] VoxelMesh: Chunk X=0 Y=3 Z=-3 FlatVerts=0 SlopeVerts=0
[+21:07:46.970] VoxelMesh: Chunk X=-3 Y=-1 Z=1 FlatVerts=0 SlopeVerts=0
[+21:07:46.970] VoxelChunk: GenerateAsync (3,-2,-3)
[+21:07:46.972] VoxelMesh: Chunk X=3 Y=-2 Z=-3 FlatVerts=0 SlopeVerts=0
[+21:07:47.070] VoxelMesh: Chunk X=-1 Y=2 Z=-4 FlatVerts=0 SlopeVerts=0
[+21:07:47.070] VoxelChunk: GenerateAsync (2,-2,-3)
[+21:07:47.072] VoxelMesh: Chunk X=2 Y=-2 Z=-3 FlatVerts=0 SlopeVerts=0
[+21:07:47.173] VoxelMesh: Chunk X=0 Y=2 Z=-4 FlatVerts=0 SlopeVerts=0
[+21:07:47.173] VoxelChunk: GenerateAsync (0,-2,-3)
[+21:07:47.175] VoxelMesh: Chunk X=0 Y=-2 Z=-3 FlatVerts=0 SlopeVerts=0
[+21:07:47.272] VoxelMesh: Chunk X=-3 Y=0 Z=-4 FlatVerts=0 SlopeVerts=0
[+21:07:47.272] VoxelChunk: GenerateAsync (-2,1,-3)
[+21:07:47.274] VoxelMesh: Chunk X=-2 Y=1 Z=-3 FlatVerts=0 SlopeVerts=0
[+21:07:47.371] VoxelMesh: Chunk X=1 Y=2 Z=-4 FlatVerts=0 SlopeVerts=0
[+21:07:47.372] VoxelChunk: GenerateAsync (-3,1,-3)
[+21:07:47.372] VoxelMesh: Chunk X=-3 Y=1 Z=-3 FlatVerts=0 SlopeVerts=0
[+21:07:47.479] VoxelMesh: Chunk X=2 Y=2 Z=-4 FlatVerts=0 SlopeVerts=0
[+21:07:47.479] VoxelChunk: GenerateAsync (-1,-2,-3)
[+21:07:47.481] VoxelMesh: Chunk X=-1 Y=-2 Z=-3 FlatVerts=0 SlopeVerts=0
[+21:07:47.578] VoxelMesh: Chunk X=-2 Y=0 Z=-4 FlatVerts=0 SlopeVerts=0
[+21:07:47.578] VoxelChunk: GenerateAsync (-2,-2,-3)
[+21:07:47.580] VoxelMesh: Chunk X=-2 Y=-2 Z=-3 FlatVerts=0 SlopeVerts=0
[+21:07:47.678] VoxelMesh: Chunk X=3 Y=-2 Z=-4 FlatVerts=0 SlopeVerts=0
[+21:07:47.678] VoxelChunk: GenerateAsync (3,0,-3)
[+21:07:47.680] VoxelMesh: Chunk X=3 Y=0 Z=-3 FlatVerts=0 SlopeVerts=0
[+21:07:47.785] VoxelMesh: Chunk X=3 Y=2 Z=-4 FlatVerts=0 SlopeVerts=0
[+21:07:47.785] VoxelChunk: GenerateAsync (3,-3,-3)
[+21:07:47.787] VoxelMesh: Chunk X=3 Y=-3 Z=-3 FlatVerts=0 SlopeVerts=0
[+21:07:47.882] VoxelMesh: Chunk X=-3 Y=3 Z=-4 FlatVerts=0 SlopeVerts=0
[+21:07:47.882] VoxelChunk: GenerateAsync (2,-3,-3)
[+21:07:47.883] VoxelMesh: Chunk X=2 Y=-3 Z=-3 FlatVerts=0 SlopeVerts=0
[+21:07:47.982] VoxelMesh: Chunk X=-1 Y=0 Z=-4 FlatVerts=0 SlopeVerts=0
[+21:07:47.982] VoxelChunk: GenerateAsync (3,0,-2)
[+21:07:47.984] VoxelMesh: Chunk X=3 Y=0 Z=-2 FlatVerts=0 SlopeVerts=0
[+21:07:48.083] VoxelMesh: Chunk X=-2 Y=3 Z=-4 FlatVerts=0 SlopeVerts=0
[+21:07:48.083] VoxelChunk: GenerateAsync (1,-3,-3)
[+21:07:48.084] VoxelMesh: Chunk X=1 Y=-3 Z=-3 FlatVerts=0 SlopeVerts=0
[+21:07:48.183] VoxelMesh: Chunk X=-1 Y=3 Z=-4 FlatVerts=0 SlopeVerts=0
[+21:07:48.183] VoxelChunk: GenerateAsync (0,-3,-3)
[+21:07:48.184] VoxelMesh: Chunk X=0 Y=-3 Z=-3 FlatVerts=0 SlopeVerts=0
[+21:07:48.284] VoxelMesh: Chunk X=0 Y=0 Z=-4 FlatVerts=0 SlopeVerts=0
[+21:07:48.284] VoxelChunk: GenerateAsync (2,0,-3)
[+21:07:48.285] VoxelMesh: Chunk X=2 Y=0 Z=-3 FlatVerts=0 SlopeVerts=0
[+21:07:48.383] VoxelMesh: Chunk X=-3 Y=-1 Z=-4 FlatVerts=0 SlopeVerts=0
[+21:07:48.383] VoxelChunk: GenerateAsync (1,0,-3)
[+21:07:48.384] VoxelMesh: Chunk X=1 Y=0 Z=-3 FlatVerts=0 SlopeVerts=0
[+21:07:48.483] VoxelMesh: Chunk X=-1 Y=-2 Z=-4 FlatVerts=0 SlopeVerts=0
[+21:07:48.483] VoxelChunk: GenerateAsync (-3,1,-2)
[+21:07:48.485] VoxelMesh: Chunk X=-3 Y=1 Z=-2 FlatVerts=0 SlopeVerts=0
[+21:07:48.583] VoxelMesh: Chunk X=0 Y=3 Z=-4 FlatVerts=0 SlopeVerts=0
[+21:07:48.583] VoxelChunk: GenerateAsync (1,-3,-2)
[+21:07:48.585] VoxelMesh: Chunk X=1 Y=-3 Z=-2 FlatVerts=0 SlopeVerts=0
[+21:07:48.682] VoxelMesh: Chunk X=1 Y=3 Z=-4 FlatVerts=0 SlopeVerts=0
[+21:07:48.682] VoxelChunk: GenerateAsync (-1,0,-3)
[+21:07:48.684] VoxelMesh: Chunk X=-1 Y=0 Z=-3 FlatVerts=0 SlopeVerts=0
[+21:07:48.783] VoxelMesh: Chunk X=1 Y=0 Z=-4 FlatVerts=0 SlopeVerts=0
[+21:07:48.783] VoxelChunk: GenerateAsync (3,3,-1)
[+21:07:48.785] VoxelMesh: Chunk X=3 Y=3 Z=-1 FlatVerts=0 SlopeVerts=0
[+21:07:48.883] VoxelMesh: Chunk X=2 Y=3 Z=-4 FlatVerts=0 SlopeVerts=0
[+21:07:48.883] VoxelChunk: GenerateAsync (-3,-1,-2)
[+21:07:48.884] VoxelMesh: Chunk X=-3 Y=-1 Z=-2 FlatVerts=0 SlopeVerts=0
[+21:07:48.983] VoxelMesh: Chunk X=3 Y=-3 Z=-4 FlatVerts=0 SlopeVerts=0
[+21:07:48.983] VoxelChunk: GenerateAsync (2,-3,-2)
[+21:07:48.984] VoxelMesh: Chunk X=2 Y=-3 Z=-2 FlatVerts=0 SlopeVerts=0
[+21:07:49.083] VoxelMesh: Chunk X=3 Y=3 Z=-4 FlatVerts=0 SlopeVerts=0
[+21:07:49.083] VoxelChunk: GenerateAsync (2,3,-3)
[+21:07:49.084] VoxelMesh: Chunk X=2 Y=3 Z=-3 FlatVerts=0 SlopeVerts=0
[+21:07:49.187] VoxelMesh: Chunk X=2 Y=0 Z=-4 FlatVerts=0 SlopeVerts=0
[+21:07:49.187] VoxelChunk: GenerateAsync (-2,3,-3)
[+21:07:49.189] VoxelMesh: Chunk X=-2 Y=3 Z=-3 FlatVerts=0 SlopeVerts=0
[+21:07:49.285] VoxelMesh: Chunk X=-2 Y=-1 Z=-4 FlatVerts=0 SlopeVerts=0
[+21:07:49.285] VoxelChunk: GenerateAsync (2,2,-3)
[+21:07:49.286] VoxelMesh: Chunk X=2 Y=2 Z=-3 FlatVerts=0 SlopeVerts=0
[+21:07:49.386] VoxelMesh: Chunk X=3 Y=0 Z=-4 FlatVerts=0 SlopeVerts=0
[+21:07:49.386] VoxelChunk: GenerateAsync (1,2,-3)
[+21:07:49.387] VoxelMesh: Chunk X=1 Y=2 Z=-3 FlatVerts=0 SlopeVerts=0
[+21:07:49.485] VoxelMesh: Chunk X=-3 Y=1 Z=-4 FlatVerts=0 SlopeVerts=0
[+21:07:49.485] VoxelChunk: GenerateAsync (-1,2,-3)
[+21:07:49.486] VoxelMesh: Chunk X=-1 Y=2 Z=-3 FlatVerts=0 SlopeVerts=0
[+21:07:49.585] VoxelMesh: Chunk X=-1 Y=-1 Z=-4 FlatVerts=0 SlopeVerts=30
[+21:07:49.585] VoxelChunk: GenerateAsync (-2,-3,3)
[+21:07:49.587] VoxelMesh: Chunk X=-2 Y=-3 Z=3 FlatVerts=0 SlopeVerts=30
[+21:07:49.685] VoxelMesh: Chunk X=0 Y=-2 Z=-4 FlatVerts=0 SlopeVerts=4332
[+21:07:49.687] VoxelChunk: GenerateAsync (-1,-3,3)
[+21:07:49.690] VoxelMesh: Chunk X=-1 Y=-3 Z=3 FlatVerts=0 SlopeVerts=4332
[+21:07:49.787] VoxelMesh: Chunk X=-3 Y=-2 Z=-4 FlatVerts=12 SlopeVerts=5172
[+21:07:49.790] VoxelChunk: GenerateAsync (0,-3,3)
[+21:07:49.791] VoxelMesh: Chunk X=0 Y=-3 Z=3 FlatVerts=12 SlopeVerts=5172
[+21:07:49.890] VoxelMesh: Chunk X=-2 Y=1 Z=-4 FlatVerts=0 SlopeVerts=4692
[+21:07:49.893] VoxelChunk: GenerateAsync (1,-3,3)
[+21:07:49.894] VoxelMesh: Chunk X=1 Y=-3 Z=3 FlatVerts=0 SlopeVerts=4692
[+21:07:49.991] VoxelMesh: Chunk X=-1 Y=1 Z=-4 FlatVerts=12 SlopeVerts=3114
[+21:07:49.994] VoxelChunk: GenerateAsync (2,-3,3)
[+21:07:49.995] VoxelMesh: Chunk X=2 Y=-3 Z=3 FlatVerts=12 SlopeVerts=3114
[+21:07:50.093] VoxelMesh: Chunk X=0 Y=-1 Z=-4 FlatVerts=0 SlopeVerts=4488
[+21:07:50.096] VoxelChunk: GenerateAsync (3,-3,3)
[+21:07:50.098] VoxelMesh: Chunk X=3 Y=-3 Z=3 FlatVerts=0 SlopeVerts=4488
[+21:07:50.196] VoxelMesh: Chunk X=0 Y=1 Z=-4 FlatVerts=36 SlopeVerts=5958
[+21:07:50.200] VoxelChunk: GenerateAsync (-3,-2,3)
[+21:07:50.202] VoxelMesh: Chunk X=-3 Y=-2 Z=3 FlatVerts=36 SlopeVerts=5958
[+21:07:50.300] VoxelMesh: Chunk X=-3 Y=-3 Z=-4 FlatVerts=66 SlopeVerts=4050
[+21:07:50.302] VoxelChunk: GenerateAsync (0,-2,3)
[+21:07:50.304] VoxelMesh: Chunk X=0 Y=-2 Z=3 FlatVerts=66 SlopeVerts=4050
[+21:07:50.400] VoxelMesh: Chunk X=-1 Y=-3 Z=-4 FlatVerts=6 SlopeVerts=3090
[+21:07:50.402] VoxelChunk: GenerateAsync (2,-2,3)
[+21:07:50.404] VoxelMesh: Chunk X=2 Y=-2 Z=3 FlatVerts=6 SlopeVerts=3090
[+21:07:50.501] VoxelMesh: Chunk X=1 Y=1 Z=-4 FlatVerts=0 SlopeVerts=0
[+21:07:50.501] VoxelChunk: GenerateAsync (3,-2,3)
[+21:07:50.503] VoxelMesh: Chunk X=3 Y=-2 Z=3 FlatVerts=0 SlopeVerts=0
[+21:07:50.600] VoxelMesh: Chunk X=1 Y=-1 Z=-4 FlatVerts=0 SlopeVerts=714
[+21:07:50.601] VoxelChunk: GenerateAsync (-3,-1,3)
[+21:07:50.603] VoxelMesh: Chunk X=-3 Y=-1 Z=3 FlatVerts=0 SlopeVerts=714
[+21:07:50.701] VoxelMesh: Chunk X=1 Y=-2 Z=-4 FlatVerts=66 SlopeVerts=4182
[+21:07:50.704] VoxelChunk: GenerateAsync (-2,-1,3)
[+21:07:50.705] VoxelMesh: Chunk X=-2 Y=-1 Z=3 FlatVerts=66 SlopeVerts=4182
[+21:07:50.801] VoxelMesh: Chunk X=2 Y=1 Z=-4 FlatVerts=12 SlopeVerts=4242
[+21:07:50.805] VoxelChunk: GenerateAsync (-1,-1,3)
[+21:07:50.805] VoxelMesh: Chunk X=-1 Y=-1 Z=3 FlatVerts=12 SlopeVerts=4242
[+21:07:50.903] VoxelMesh: Chunk X=3 Y=1 Z=-4 FlatVerts=0 SlopeVerts=72
[+21:07:50.903] VoxelChunk: GenerateAsync (0,-1,3)
[+21:07:50.904] VoxelMesh: Chunk X=0 Y=-1 Z=3 FlatVerts=0 SlopeVerts=72
[+21:07:51.002] VoxelMesh: Chunk X=2 Y=-1 Z=-4 FlatVerts=0 SlopeVerts=0
[+21:07:51.002] VoxelChunk: GenerateAsync (1,-1,3)
[+21:07:51.004] VoxelMesh: Chunk X=1 Y=-1 Z=3 FlatVerts=0 SlopeVerts=0
[+21:07:51.103] VoxelMesh: Chunk X=-3 Y=2 Z=-4 FlatVerts=0 SlopeVerts=0
[+21:07:51.103] VoxelChunk: GenerateAsync (2,-1,3)
[+21:07:51.105] VoxelMesh: Chunk X=2 Y=-1 Z=3 FlatVerts=0 SlopeVerts=0
[+21:07:51.210] VoxelMesh: Chunk X=-2 Y=2 Z=-4 FlatVerts=0 SlopeVerts=0
[+21:07:51.210] VoxelChunk: GenerateAsync (3,-1,3)
[+21:07:51.212] VoxelMesh: Chunk X=3 Y=-1 Z=3 FlatVerts=0 SlopeVerts=0
[+21:07:51.316] VoxelWorld: Editor generation complete, 0 chunks.
[+21:07:54.095] VoxelWorld: GenerateWorldDeferred started.
[+21:07:54.095] VoxelWorld: Queued 212 chunks.
[+21:07:54.195] VoxelMesh: Chunk X=0 Y=0 Z=0 FlatVerts=0 SlopeVerts=0
[+21:07:54.195] VoxelChunk: GenerateAsync (-3,2,0)
[+21:07:54.197] VoxelMesh: Chunk X=-3 Y=2 Z=0 FlatVerts=0 SlopeVerts=0
[+21:07:54.296] VoxelMesh: Chunk X=1 Y=-1 Z=0 FlatVerts=0 SlopeVerts=0
[+21:07:54.296] VoxelChunk: GenerateAsync (2,-3,0)
[+21:07:54.299] VoxelMesh: Chunk X=2 Y=-3 Z=0 FlatVerts=0 SlopeVerts=0
[+21:07:54.396] VoxelMesh: Chunk X=-1 Y=1 Z=0 FlatVerts=0 SlopeVerts=0
[+21:07:54.396] VoxelChunk: GenerateAsync (3,-3,0)
[+21:07:54.397] VoxelMesh: Chunk X=3 Y=-3 Z=0 FlatVerts=0 SlopeVerts=0
[+21:07:54.496] VoxelMesh: Chunk X=1 Y=1 Z=1 FlatVerts=78 SlopeVerts=2466
[+21:07:54.497] VoxelChunk: GenerateAsync (3,3,3)
[+21:07:54.499] VoxelMesh: Chunk X=3 Y=3 Z=3 FlatVerts=78 SlopeVerts=2466
[+21:07:54.595] VoxelMesh: Chunk X=0 Y=1 Z=1 FlatVerts=0 SlopeVerts=2652
[+21:07:54.597] VoxelChunk: GenerateAsync (2,3,3)
[+21:07:54.598] VoxelMesh: Chunk X=2 Y=3 Z=3 FlatVerts=0 SlopeVerts=2652
[+21:07:54.700] VoxelMesh: Chunk X=-1 Y=1 Z=1 FlatVerts=0 SlopeVerts=0
[+21:07:54.701] VoxelChunk: GenerateAsync (-3,2,2)
[+21:07:54.703] VoxelMesh: Chunk X=-3 Y=2 Z=2 FlatVerts=0 SlopeVerts=0
[+21:07:54.801] VoxelMesh: Chunk X=1 Y=0 Z=1 FlatVerts=144 SlopeVerts=7656
[+21:07:54.805] VoxelChunk: GenerateAsync (-2,1,3)
[+21:07:54.808] VoxelMesh: Chunk X=-2 Y=1 Z=3 FlatVerts=144 SlopeVerts=7656
[+21:07:54.908] VoxelMesh: Chunk X=0 Y=0 Z=1 FlatVerts=0 SlopeVerts=12
[+21:07:54.908] VoxelChunk: GenerateAsync (3,2,2)
[+21:07:54.909] VoxelMesh: Chunk X=3 Y=2 Z=2 FlatVerts=0 SlopeVerts=12
[+21:07:55.008] VoxelMesh: Chunk X=-1 Y=0 Z=1 FlatVerts=0 SlopeVerts=5352
[+21:07:55.011] VoxelChunk: GenerateAsync (-2,0,3)
[+21:07:55.012] VoxelMesh: Chunk X=-2 Y=0 Z=3 FlatVerts=0 SlopeVerts=5352
[+21:07:55.113] VoxelMesh: Chunk X=1 Y=-1 Z=1 FlatVerts=0 SlopeVerts=294
[+21:07:55.113] VoxelChunk: GenerateAsync (-1,1,3)
[+21:07:55.115] VoxelMesh: Chunk X=-1 Y=1 Z=3 FlatVerts=0 SlopeVerts=294
[+21:07:55.213] VoxelMesh: Chunk X=0 Y=-1 Z=1 FlatVerts=0 SlopeVerts=0
[+21:07:55.214] VoxelChunk: GenerateAsync (0,2,3)
[+21:07:55.215] VoxelMesh: Chunk X=0 Y=2 Z=3 FlatVerts=0 SlopeVerts=0
[+21:07:55.312] VoxelMesh: Chunk X=-1 Y=-1 Z=1 FlatVerts=6 SlopeVerts=1368
[+21:07:55.314] VoxelChunk: GenerateAsync (-3,3,2)
[+21:07:55.315] VoxelMesh: Chunk X=-3 Y=3 Z=2 FlatVerts=6 SlopeVerts=1368
[+21:07:55.413] VoxelMesh: Chunk X=1 Y=1 Z=0 FlatVerts=0 SlopeVerts=348
[+21:07:55.414] VoxelChunk: GenerateAsync (-3,-3,3)
[+21:07:55.415] VoxelMesh: Chunk X=-3 Y=-3 Z=3 FlatVerts=0 SlopeVerts=348
[+21:07:55.514] VoxelMesh: Chunk X=0 Y=1 Z=0 FlatVerts=108 SlopeVerts=6228
[+21:07:55.517] VoxelChunk: GenerateAsync (-1,0,3)
[+21:07:55.520] VoxelMesh: Chunk X=-1 Y=0 Z=3 FlatVerts=108 SlopeVerts=6228
[+21:07:55.620] VoxelMesh: Chunk X=-1 Y=-1 Z=-1 FlatVerts=0 SlopeVerts=0
[+21:07:55.621] VoxelChunk: GenerateAsync (2,0,3)
[+21:07:55.622] VoxelMesh: Chunk X=2 Y=0 Z=3 FlatVerts=0 SlopeVerts=0
[+21:07:55.720] VoxelMesh: Chunk X=1 Y=0 Z=0 FlatVerts=0 SlopeVerts=0
[+21:07:55.721] VoxelChunk: GenerateAsync (0,1,3)
[+21:07:55.722] VoxelMesh: Chunk X=0 Y=1 Z=3 FlatVerts=0 SlopeVerts=0
[+21:07:55.821] VoxelMesh: Chunk X=-1 Y=0 Z=0 FlatVerts=6 SlopeVerts=912
[+21:07:55.822] VoxelChunk: GenerateAsync (-3,2,3)
[+21:07:55.822] VoxelMesh: Chunk X=-3 Y=2 Z=3 FlatVerts=6 SlopeVerts=912
[+21:07:55.920] VoxelMesh: Chunk X=0 Y=-1 Z=0 FlatVerts=0 SlopeVerts=732
[+21:07:55.921] VoxelChunk: GenerateAsync (1,2,3)
[+21:07:55.922] VoxelMesh: Chunk X=1 Y=2 Z=3 FlatVerts=0 SlopeVerts=732
[+21:07:56.021] VoxelMesh: Chunk X=-1 Y=-1 Z=0 FlatVerts=60 SlopeVerts=3072
[+21:07:56.023] VoxelChunk: GenerateAsync (-3,3,3)
[+21:07:56.024] VoxelMesh: Chunk X=-3 Y=3 Z=3 FlatVerts=60 SlopeVerts=3072
[+21:07:56.122] VoxelMesh: Chunk X=1 Y=1 Z=-1 FlatVerts=1056 SlopeVerts=3390
[+21:07:56.125] VoxelChunk: GenerateAsync (-2,3,2)
[+21:07:56.128] VoxelMesh: Chunk X=-2 Y=3 Z=2 FlatVerts=1056 SlopeVerts=3390
[+21:07:56.229] VoxelMesh: Chunk X=0 Y=1 Z=-1 FlatVerts=1302 SlopeVerts=2742
[+21:07:56.232] VoxelChunk: GenerateAsync (1,3,2)
[+21:07:56.233] VoxelMesh: Chunk X=1 Y=3 Z=2 FlatVerts=1302 SlopeVerts=2742
[+21:07:56.335] VoxelMesh: Chunk X=-1 Y=1 Z=-1 FlatVerts=0 SlopeVerts=6270
[+21:07:56.340] VoxelChunk: GenerateAsync (-2,-2,3)
[+21:07:56.342] VoxelMesh: Chunk X=-2 Y=-2 Z=3 FlatVerts=0 SlopeVerts=6270
[+21:07:56.443] VoxelMesh: Chunk X=1 Y=0 Z=-1 FlatVerts=0 SlopeVerts=1560
[+21:07:56.445] VoxelChunk: GenerateAsync (-3,0,3)
[+21:07:56.446] VoxelMesh: Chunk X=-3 Y=0 Z=3 FlatVerts=0 SlopeVerts=1560
[+21:07:56.545] VoxelMesh: Chunk X=0 Y=0 Z=-1 FlatVerts=0 SlopeVerts=42
[+21:07:56.545] VoxelChunk: GenerateAsync (0,0,3)
[+21:07:56.545] VoxelMesh: Chunk X=0 Y=0 Z=3 FlatVerts=0 SlopeVerts=42
[+21:07:56.645] VoxelMesh: Chunk X=-1 Y=0 Z=-1 FlatVerts=0 SlopeVerts=0
[+21:07:56.645] VoxelChunk: GenerateAsync (1,0,3)
[+21:07:56.647] VoxelMesh: Chunk X=1 Y=0 Z=3 FlatVerts=0 SlopeVerts=0
[+21:07:56.745] VoxelMesh: Chunk X=1 Y=-1 Z=-1 FlatVerts=0 SlopeVerts=252
[+21:07:56.745] VoxelChunk: GenerateAsync (3,0,3)
[+21:07:56.747] VoxelMesh: Chunk X=3 Y=0 Z=3 FlatVerts=0 SlopeVerts=252
[+21:07:56.845] VoxelMesh: Chunk X=0 Y=-1 Z=-1 FlatVerts=12 SlopeVerts=2208
[+21:07:56.847] VoxelChunk: GenerateAsync (-3,1,3)
[+21:07:56.848] VoxelMesh: Chunk X=-3 Y=1 Z=3 FlatVerts=12 SlopeVerts=2208
[+21:07:56.946] VoxelMesh: Chunk X=2 Y=-1 Z=0 FlatVerts=0 SlopeVerts=0
[+21:07:56.946] VoxelChunk: GenerateAsync (1,1,3)
[+21:07:56.947] VoxelMesh: Chunk X=1 Y=1 Z=3 FlatVerts=0 SlopeVerts=0
[+21:07:57.047] VoxelMesh: Chunk X=0 Y=2 Z=0 FlatVerts=0 SlopeVerts=1170
[+21:07:57.048] VoxelChunk: GenerateAsync (2,1,3)
[+21:07:57.049] VoxelMesh: Chunk X=2 Y=1 Z=3 FlatVerts=0 SlopeVerts=1170
[+21:07:57.147] VoxelMesh: Chunk X=0 Y=-2 Z=0 FlatVerts=18 SlopeVerts=4662
[+21:07:57.150] VoxelChunk: GenerateAsync (-2,2,3)
[+21:07:57.152] VoxelMesh: Chunk X=-2 Y=2 Z=3 FlatVerts=18 SlopeVerts=4662
[+21:07:57.254] VoxelMesh: Chunk X=1 Y=-2 Z=0 FlatVerts=0 SlopeVerts=0
[+21:07:57.254] VoxelChunk: GenerateAsync (-1,2,3)
[+21:07:57.257] VoxelMesh: Chunk X=-1 Y=2 Z=3 FlatVerts=0 SlopeVerts=0
[+21:07:57.354] VoxelMesh: Chunk X=2 Y=2 Z=2 FlatVerts=0 SlopeVerts=2184
[+21:07:57.356] VoxelChunk: GenerateAsync (2,2,3)
[+21:07:57.357] VoxelMesh: Chunk X=2 Y=2 Z=3 FlatVerts=0 SlopeVerts=2184
[+21:07:57.457] VoxelMesh: Chunk X=1 Y=2 Z=2 FlatVerts=0 SlopeVerts=1038
[+21:07:57.458] VoxelChunk: GenerateAsync (3,2,3)
[+21:07:57.459] VoxelMesh: Chunk X=3 Y=2 Z=3 FlatVerts=0 SlopeVerts=1038
[+21:07:57.558] VoxelMesh: Chunk X=1 Y=-2 Z=1 FlatVerts=0 SlopeVerts=1026
[+21:07:57.560] VoxelChunk: GenerateAsync (-2,3,3)
[+21:07:57.562] VoxelMesh: Chunk X=-2 Y=3 Z=3 FlatVerts=0 SlopeVerts=1026
[+21:07:57.659] VoxelMesh: Chunk X=-2 Y=-2 Z=2 FlatVerts=0 SlopeVerts=0
[+21:07:57.659] VoxelChunk: GenerateAsync (-1,3,3)
[+21:07:57.661] VoxelMesh: Chunk X=-1 Y=3 Z=3 FlatVerts=0 SlopeVerts=0
[+21:07:57.759] VoxelMesh: Chunk X=2 Y=-2 Z=1 FlatVerts=1494 SlopeVerts=1200
[+21:07:57.761] VoxelChunk: GenerateAsync (-1,3,2)
[+21:07:57.763] VoxelMesh: Chunk X=-1 Y=3 Z=2 FlatVerts=1494 SlopeVerts=1200
[+21:07:57.860] VoxelMesh: Chunk X=-1 Y=1 Z=2 FlatVerts=1398 SlopeVerts=1296
[+21:07:57.862] VoxelChunk: GenerateAsync (0,3,2)
[+21:07:57.864] VoxelMesh: Chunk X=0 Y=3 Z=2 FlatVerts=1398 SlopeVerts=1296
[+21:07:57.960] VoxelMesh: Chunk X=-1 Y=-2 Z=2 FlatVerts=30 SlopeVerts=2148
[+21:07:57.962] VoxelChunk: GenerateAsync (2,3,2)
[+21:07:57.963] VoxelMesh: Chunk X=2 Y=3 Z=2 FlatVerts=30 SlopeVerts=2148
[+21:07:58.081] VoxelMesh: Chunk X=1 Y=1 Z=2 FlatVerts=246 SlopeVerts=4416
[+21:07:58.084] VoxelChunk: GenerateAsync (3,3,2)
[+21:07:58.085] VoxelMesh: Chunk X=3 Y=3 Z=2 FlatVerts=246 SlopeVerts=4416
[+21:07:58.183] VoxelMesh: Chunk X=-2 Y=-1 Z=1 FlatVerts=6 SlopeVerts=2718
[+21:07:58.184] VoxelChunk: GenerateAsync (-1,-2,3)
[+21:07:58.185] VoxelMesh: Chunk X=-1 Y=-2 Z=3 FlatVerts=6 SlopeVerts=2718
[+21:07:58.283] VoxelMesh: Chunk X=2 Y=-1 Z=1 FlatVerts=12 SlopeVerts=3810
[+21:07:58.286] VoxelChunk: GenerateAsync (1,-2,3)
[+21:07:58.287] VoxelMesh: Chunk X=1 Y=-2 Z=3 FlatVerts=12 SlopeVerts=3810
[+21:07:58.383] VoxelMesh: Chunk X=0 Y=1 Z=2 FlatVerts=0 SlopeVerts=0
[+21:07:58.383] VoxelChunk: GenerateAsync (-3,-2,-3)
[+21:07:58.385] VoxelMesh: Chunk X=-3 Y=-2 Z=-3 FlatVerts=0 SlopeVerts=0
[+21:07:58.484] VoxelMesh: Chunk X=-1 Y=2 Z=1 FlatVerts=0 SlopeVerts=0
[+21:07:58.484] VoxelChunk: GenerateAsync (1,-2,-3)
[+21:07:58.486] VoxelMesh: Chunk X=1 Y=-2 Z=-3 FlatVerts=0 SlopeVerts=0
[+21:07:58.584] VoxelMesh: Chunk X=0 Y=-2 Z=2 FlatVerts=0 SlopeVerts=0
[+21:07:58.584] VoxelChunk: GenerateAsync (0,-1,-3)
[+21:07:58.586] VoxelMesh: Chunk X=0 Y=-1 Z=-3 FlatVerts=0 SlopeVerts=0
[+21:07:58.684] VoxelMesh: Chunk X=-2 Y=0 Z=2 FlatVerts=0 SlopeVerts=0
[+21:07:58.684] VoxelChunk: GenerateAsync (2,-1,-3)
[+21:07:58.685] VoxelMesh: Chunk X=2 Y=-1 Z=-3 FlatVerts=0 SlopeVerts=0
[+21:07:58.783] VoxelMesh: Chunk X=2 Y=1 Z=2 FlatVerts=0 SlopeVerts=0
[+21:07:58.783] VoxelChunk: GenerateAsync (0,0,-3)
[+21:07:58.785] VoxelMesh: Chunk X=0 Y=0 Z=-3 FlatVerts=0 SlopeVerts=0
[+21:07:58.884] VoxelMesh: Chunk X=-2 Y=2 Z=2 FlatVerts=0 SlopeVerts=0
[+21:07:58.884] VoxelChunk: GenerateAsync (0,1,-3)
[+21:07:58.886] VoxelMesh: Chunk X=0 Y=1 Z=-3 FlatVerts=0 SlopeVerts=0
[+21:07:58.984] VoxelMesh: Chunk X=-2 Y=0 Z=-1 FlatVerts=0 SlopeVerts=0
[+21:07:58.984] VoxelChunk: GenerateAsync (1,1,-3)
[+21:07:58.986] VoxelMesh: Chunk X=1 Y=1 Z=-3 FlatVerts=0 SlopeVerts=0
[+21:07:59.086] VoxelMesh: Chunk X=1 Y=0 Z=-2 FlatVerts=0 SlopeVerts=0
[+21:07:59.087] VoxelChunk: GenerateAsync (2,1,-3)
[+21:07:59.088] VoxelMesh: Chunk X=2 Y=1 Z=-3 FlatVerts=0 SlopeVerts=0
[+21:07:59.188] VoxelMesh: Chunk X=-2 Y=0 Z=1 FlatVerts=0 SlopeVerts=0
[+21:07:59.188] VoxelChunk: GenerateAsync (3,1,-3)
[+21:07:59.189] VoxelMesh: Chunk X=3 Y=1 Z=-3 FlatVerts=0 SlopeVerts=0
[+21:07:59.287] VoxelMesh: Chunk X=2 Y=0 Z=1 FlatVerts=0 SlopeVerts=0
[+21:07:59.288] VoxelChunk: GenerateAsync (-3,3,-3)
[+21:07:59.290] VoxelMesh: Chunk X=-3 Y=3 Z=-3 FlatVerts=0 SlopeVerts=0
[+21:07:59.386] VoxelMesh: Chunk X=2 Y=1 Z=1 FlatVerts=0 SlopeVerts=0
[+21:07:59.386] VoxelChunk: GenerateAsync (-1,3,-3)
[+21:07:59.387] VoxelMesh: Chunk X=-1 Y=3 Z=-3 FlatVerts=0 SlopeVerts=0
[+21:07:59.485] VoxelMesh: Chunk X=-2 Y=-2 Z=-2 FlatVerts=0 SlopeVerts=0
[+21:07:59.486] VoxelChunk: GenerateAsync (1,3,-3)
[+21:07:59.487] VoxelMesh: Chunk X=1 Y=3 Z=-3 FlatVerts=0 SlopeVerts=0
[+21:07:59.585] VoxelMesh: Chunk X=0 Y=2 Z=1 FlatVerts=0 SlopeVerts=0
[+21:07:59.585] VoxelChunk: GenerateAsync (3,3,-3)
[+21:07:59.588] VoxelMesh: Chunk X=3 Y=3 Z=-3 FlatVerts=0 SlopeVerts=0
[+21:07:59.686] VoxelMesh: Chunk X=-1 Y=-2 Z=-2 FlatVerts=0 SlopeVerts=2766
[+21:07:59.688] VoxelChunk: GenerateAsync (3,1,3)
[+21:07:59.689] VoxelMesh: Chunk X=3 Y=1 Z=3 FlatVerts=0 SlopeVerts=2766
[+21:07:59.786] VoxelMesh: Chunk X=1 Y=-2 Z=2 FlatVerts=0 SlopeVerts=0
[+21:07:59.786] VoxelChunk: GenerateAsync (-2,-3,-2)
[+21:07:59.788] VoxelMesh: Chunk X=-2 Y=-3 Z=-2 FlatVerts=0 SlopeVerts=0
[+21:07:59.887] VoxelMesh: Chunk X=0 Y=-1 Z=2 FlatVerts=0 SlopeVerts=0
[+21:07:59.887] VoxelChunk: GenerateAsync (3,-2,-2)
[+21:07:59.888] VoxelMesh: Chunk X=3 Y=-2 Z=-2 FlatVerts=0 SlopeVerts=0
[+21:07:59.988] VoxelMesh: Chunk X=-1 Y=0 Z=2 FlatVerts=0 SlopeVerts=0
[+21:07:59.988] VoxelChunk: GenerateAsync (3,-1,-2)
[+21:07:59.990] VoxelMesh: Chunk X=3 Y=-1 Z=-2 FlatVerts=0 SlopeVerts=0
[+21:08:00.087] VoxelMesh: Chunk X=2 Y=0 Z=2 FlatVerts=0 SlopeVerts=0
[+21:08:00.088] VoxelChunk: GenerateAsync (-3,0,-2)
[+21:08:00.090] VoxelMesh: Chunk X=-3 Y=0 Z=-2 FlatVerts=0 SlopeVerts=0
[+21:08:00.186] VoxelMesh: Chunk X=2 Y=-2 Z=-2 FlatVerts=0 SlopeVerts=0
[+21:08:00.186] VoxelChunk: GenerateAsync (3,1,-2)
[+21:08:00.188] VoxelMesh: Chunk X=3 Y=1 Z=-2 FlatVerts=0 SlopeVerts=0
[+21:08:00.287] VoxelMesh: Chunk X=-1 Y=1 Z=-2 FlatVerts=0 SlopeVerts=0
[+21:08:00.287] VoxelChunk: GenerateAsync (-3,2,-2)
[+21:08:00.289] VoxelMesh: Chunk X=-3 Y=2 Z=-2 FlatVerts=0 SlopeVerts=0
[+21:08:00.387] VoxelMesh: Chunk X=0 Y=1 Z=-2 FlatVerts=0 SlopeVerts=0
[+21:08:00.387] VoxelChunk: GenerateAsync (3,2,-2)
[+21:08:00.389] VoxelMesh: Chunk X=3 Y=2 Z=-2 FlatVerts=0 SlopeVerts=0
[+21:08:00.486] VoxelMesh: Chunk X=-1 Y=2 Z=2 FlatVerts=0 SlopeVerts=0
[+21:08:00.486] VoxelChunk: GenerateAsync (-3,3,-2)
[+21:08:00.488] VoxelMesh: Chunk X=-3 Y=3 Z=-2 FlatVerts=0 SlopeVerts=0
[+21:08:00.586] VoxelMesh: Chunk X=-1 Y=-1 Z=2 FlatVerts=0 SlopeVerts=0
[+21:08:00.586] VoxelChunk: GenerateAsync (-2,3,-2)
[+21:08:00.587] VoxelMesh: Chunk X=-2 Y=3 Z=-2 FlatVerts=0 SlopeVerts=0
[+21:08:00.690] VoxelMesh: Chunk X=-2 Y=2 Z=-2 FlatVerts=0 SlopeVerts=0
[+21:08:00.690] VoxelChunk: GenerateAsync (-1,3,-2)
[+21:08:00.692] VoxelMesh: Chunk X=-1 Y=3 Z=-2 FlatVerts=0 SlopeVerts=0
[+21:08:00.789] VoxelMesh: Chunk X=-1 Y=-1 Z=-2 FlatVerts=0 SlopeVerts=0
[+21:08:00.789] VoxelChunk: GenerateAsync (0,3,-2)
[+21:08:00.790] VoxelMesh: Chunk X=0 Y=3 Z=-2 FlatVerts=0 SlopeVerts=0
[+21:08:00.890] VoxelMesh: Chunk X=0 Y=2 Z=-2 FlatVerts=0 SlopeVerts=0
[+21:08:00.890] VoxelChunk: GenerateAsync (1,3,-2)
[+21:08:00.891] VoxelMesh: Chunk X=1 Y=3 Z=-2 FlatVerts=0 SlopeVerts=0
[+21:08:00.988] VoxelMesh: Chunk X=0 Y=-2 Z=-2 FlatVerts=0 SlopeVerts=0
[+21:08:00.988] VoxelChunk: GenerateAsync (2,3,-2)
[+21:08:00.990] VoxelMesh: Chunk X=2 Y=3 Z=-2 FlatVerts=0 SlopeVerts=0
[+21:08:01.089] VoxelMesh: Chunk X=2 Y=0 Z=-1 FlatVerts=0 SlopeVerts=0
[+21:08:01.089] VoxelChunk: GenerateAsync (3,3,-2)
[+21:08:01.090] VoxelMesh: Chunk X=3 Y=3 Z=-2 FlatVerts=0 SlopeVerts=0
[+21:08:01.189] VoxelMesh: Chunk X=-2 Y=1 Z=1 FlatVerts=0 SlopeVerts=0
[+21:08:01.189] VoxelChunk: GenerateAsync (-3,-3,-1)
[+21:08:01.191] VoxelMesh: Chunk X=-3 Y=-3 Z=-1 FlatVerts=0 SlopeVerts=0
[+21:08:01.289] VoxelMesh: Chunk X=-2 Y=1 Z=-1 FlatVerts=0 SlopeVerts=0
[+21:08:01.289] VoxelChunk: GenerateAsync (-2,-3,-1)
[+21:08:01.290] VoxelMesh: Chunk X=-2 Y=-3 Z=-1 FlatVerts=0 SlopeVerts=0
[+21:08:01.388] VoxelMesh: Chunk X=0 Y=-2 Z=-1 FlatVerts=0 SlopeVerts=0
[+21:08:01.388] VoxelChunk: GenerateAsync (-1,-3,-1)
[+21:08:01.390] VoxelMesh: Chunk X=-1 Y=-3 Z=-1 FlatVerts=0 SlopeVerts=0
[+21:08:01.493] VoxelMesh: Chunk X=-2 Y=2 Z=1 FlatVerts=0 SlopeVerts=0
[+21:08:01.493] VoxelChunk: GenerateAsync (0,-3,-1)
[+21:08:01.495] VoxelMesh: Chunk X=0 Y=-3 Z=-1 FlatVerts=0 SlopeVerts=0
[+21:08:01.593] VoxelMesh: Chunk X=-2 Y=0 Z=-2 FlatVerts=0 SlopeVerts=0
[+21:08:01.593] VoxelChunk: GenerateAsync (1,-3,-1)
[+21:08:01.594] VoxelMesh: Chunk X=1 Y=-3 Z=-1 FlatVerts=0 SlopeVerts=0
[+21:08:01.694] VoxelMesh: Chunk X=-2 Y=-1 Z=-1 FlatVerts=0 SlopeVerts=0
[+21:08:01.694] VoxelChunk: GenerateAsync (2,-3,-1)
[+21:08:01.696] VoxelMesh: Chunk X=2 Y=-3 Z=-1 FlatVerts=0 SlopeVerts=0
[+21:08:01.800] VoxelMesh: Chunk X=1 Y=2 Z=1 FlatVerts=0 SlopeVerts=0
[+21:08:01.800] VoxelChunk: GenerateAsync (3,-3,-1)
[+21:08:01.802] VoxelMesh: Chunk X=3 Y=-3 Z=-1 FlatVerts=0 SlopeVerts=0
[+21:08:01.901] VoxelMesh: Chunk X=-1 Y=0 Z=-2 FlatVerts=0 SlopeVerts=0
[+21:08:01.901] VoxelChunk: GenerateAsync (-3,-2,-1)
[+21:08:01.903] VoxelMesh: Chunk X=-3 Y=-2 Z=-1 FlatVerts=0 SlopeVerts=0
[+21:08:02.008] VoxelMesh: Chunk X=0 Y=0 Z=-2 FlatVerts=0 SlopeVerts=0
[+21:08:02.008] VoxelChunk: GenerateAsync (3,-2,-1)
[+21:08:02.009] VoxelMesh: Chunk X=3 Y=-2 Z=-1 FlatVerts=0 SlopeVerts=0
[+21:08:02.109] VoxelMesh: Chunk X=2 Y=-1 Z=-1 FlatVerts=0 SlopeVerts=0
[+21:08:02.109] VoxelChunk: GenerateAsync (-3,-1,-1)
[+21:08:02.110] VoxelMesh: Chunk X=-3 Y=-1 Z=-1 FlatVerts=0 SlopeVerts=0
[+21:08:02.209] VoxelMesh: Chunk X=2 Y=-2 Z=2 FlatVerts=0 SlopeVerts=0
[+21:08:02.209] VoxelChunk: GenerateAsync (3,-1,-1)
[+21:08:02.210] VoxelMesh: Chunk X=3 Y=-1 Z=-1 FlatVerts=0 SlopeVerts=0
[+21:08:02.308] VoxelMesh: Chunk X=-2 Y=-1 Z=2 FlatVerts=0 SlopeVerts=0
[+21:08:02.308] VoxelChunk: GenerateAsync (-3,0,-1)
[+21:08:02.311] VoxelMesh: Chunk X=-3 Y=0 Z=-1 FlatVerts=0 SlopeVerts=0
[+21:08:02.408] VoxelMesh: Chunk X=1 Y=-1 Z=2 FlatVerts=0 SlopeVerts=0
[+21:08:02.408] VoxelChunk: GenerateAsync (3,0,-1)
[+21:08:02.410] VoxelMesh: Chunk X=3 Y=0 Z=-1 FlatVerts=0 SlopeVerts=0
[+21:08:02.508] VoxelMesh: Chunk X=2 Y=-1 Z=2 FlatVerts=0 SlopeVerts=0
[+21:08:02.509] VoxelChunk: GenerateAsync (-3,1,-1)
[+21:08:02.510] VoxelMesh: Chunk X=-3 Y=1 Z=-1 FlatVerts=0 SlopeVerts=0
[+21:08:02.608] VoxelMesh: Chunk X=0 Y=0 Z=2 FlatVerts=0 SlopeVerts=0
[+21:08:02.608] VoxelChunk: GenerateAsync (3,1,-1)
[+21:08:02.609] VoxelMesh: Chunk X=3 Y=1 Z=-1 FlatVerts=0 SlopeVerts=0
[+21:08:02.710] VoxelMesh: Chunk X=1 Y=0 Z=2 FlatVerts=0 SlopeVerts=0
[+21:08:02.710] VoxelChunk: GenerateAsync (-3,2,-1)
[+21:08:02.712] VoxelMesh: Chunk X=-3 Y=2 Z=-1 FlatVerts=0 SlopeVerts=0
[+21:08:02.810] VoxelMesh: Chunk X=-2 Y=1 Z=2 FlatVerts=0 SlopeVerts=0
[+21:08:02.810] VoxelChunk: GenerateAsync (3,2,-1)
[+21:08:02.811] VoxelMesh: Chunk X=3 Y=2 Z=-1 FlatVerts=0 SlopeVerts=0
[+21:08:02.916] VoxelMesh: Chunk X=1 Y=-2 Z=-2 FlatVerts=0 SlopeVerts=0
[+21:08:02.916] VoxelChunk: GenerateAsync (-3,3,-1)
[+21:08:02.917] VoxelMesh: Chunk X=-3 Y=3 Z=-1 FlatVerts=0 SlopeVerts=0
[+21:08:03.015] VoxelMesh: Chunk X=-2 Y=1 Z=-2 FlatVerts=0 SlopeVerts=0
[+21:08:03.016] VoxelChunk: GenerateAsync (-2,3,-1)
[+21:08:03.017] VoxelMesh: Chunk X=-2 Y=3 Z=-1 FlatVerts=0 SlopeVerts=0
[+21:08:03.118] VoxelMesh: Chunk X=2 Y=1 Z=-1 FlatVerts=0 SlopeVerts=0
[+21:08:03.118] VoxelChunk: GenerateAsync (-1,3,-1)
[+21:08:03.120] VoxelMesh: Chunk X=-1 Y=3 Z=-1 FlatVerts=0 SlopeVerts=0
[+21:08:03.218] VoxelMesh: Chunk X=-2 Y=2 Z=-1 FlatVerts=0 SlopeVerts=0
[+21:08:03.218] VoxelChunk: GenerateAsync (0,3,-1)
[+21:08:03.220] VoxelMesh: Chunk X=0 Y=3 Z=-1 FlatVerts=0 SlopeVerts=0
[+21:08:03.318] VoxelMesh: Chunk X=-1 Y=2 Z=-1 FlatVerts=0 SlopeVerts=0
[+21:08:03.318] VoxelChunk: GenerateAsync (1,3,-1)
[+21:08:03.320] VoxelMesh: Chunk X=1 Y=3 Z=-1 FlatVerts=0 SlopeVerts=0
[+21:08:03.420] VoxelMesh: Chunk X=0 Y=2 Z=-1 FlatVerts=0 SlopeVerts=0
[+21:08:03.420] VoxelChunk: GenerateAsync (2,3,-1)
[+21:08:03.422] VoxelMesh: Chunk X=2 Y=3 Z=-1 FlatVerts=0 SlopeVerts=0
[+21:08:03.520] VoxelMesh: Chunk X=1 Y=2 Z=-1 FlatVerts=0 SlopeVerts=0
[+21:08:03.520] VoxelChunk: GenerateAsync (-2,-3,0)
[+21:08:03.521] VoxelMesh: Chunk X=-2 Y=-3 Z=0 FlatVerts=0 SlopeVerts=0
[+21:08:03.622] VoxelMesh: Chunk X=2 Y=2 Z=-1 FlatVerts=0 SlopeVerts=30
[+21:08:03.622] VoxelChunk: GenerateAsync (-1,-3,0)
[+21:08:03.623] VoxelMesh: Chunk X=-1 Y=-3 Z=0 FlatVerts=0 SlopeVerts=30
[+21:08:03.722] VoxelMesh: Chunk X=1 Y=1 Z=-2 FlatVerts=0 SlopeVerts=0
[+21:08:03.722] VoxelChunk: GenerateAsync (0,-3,0)
[+21:08:03.723] VoxelMesh: Chunk X=0 Y=-3 Z=0 FlatVerts=0 SlopeVerts=0
[+21:08:03.826] VoxelMesh: Chunk X=-2 Y=-1 Z=-2 FlatVerts=0 SlopeVerts=0
[+21:08:03.826] VoxelChunk: GenerateAsync (1,-3,0)
[+21:08:03.828] VoxelMesh: Chunk X=1 Y=-3 Z=0 FlatVerts=0 SlopeVerts=0
[+21:08:03.929] VoxelMesh: Chunk X=2 Y=1 Z=-2 FlatVerts=0 SlopeVerts=1308
[+21:08:03.930] VoxelChunk: GenerateAsync (1,3,3)
[+21:08:03.931] VoxelMesh: Chunk X=1 Y=3 Z=3 FlatVerts=0 SlopeVerts=1308
[+21:08:04.031] VoxelMesh: Chunk X=-2 Y=-2 Z=0 FlatVerts=0 SlopeVerts=0
[+21:08:04.031] VoxelChunk: GenerateAsync (0,3,3)
[+21:08:04.032] VoxelMesh: Chunk X=0 Y=3 Z=3 FlatVerts=0 SlopeVerts=0
[+21:08:04.130] VoxelMesh: Chunk X=-1 Y=-2 Z=0 FlatVerts=0 SlopeVerts=102
[+21:08:04.131] VoxelChunk: GenerateAsync (3,-2,0)
[+21:08:04.131] VoxelMesh: Chunk X=3 Y=-2 Z=0 FlatVerts=0 SlopeVerts=102
[+21:08:04.231] VoxelMesh: Chunk X=0 Y=2 Z=2 FlatVerts=0 SlopeVerts=0
[+21:08:04.231] VoxelChunk: GenerateAsync (-3,-1,0)
[+21:08:04.233] VoxelMesh: Chunk X=-3 Y=-1 Z=0 FlatVerts=0 SlopeVerts=0
[+21:08:04.330] VoxelMesh: Chunk X=-1 Y=2 Z=-2 FlatVerts=312 SlopeVerts=462
[+21:08:04.331] VoxelChunk: GenerateAsync (3,-1,0)
[+21:08:04.332] VoxelMesh: Chunk X=3 Y=-1 Z=0 FlatVerts=312 SlopeVerts=462
[+21:08:04.431] VoxelMesh: Chunk X=2 Y=-2 Z=0 FlatVerts=0 SlopeVerts=0
[+21:08:04.431] VoxelChunk: GenerateAsync (-3,0,0)
[+21:08:04.433] VoxelMesh: Chunk X=-3 Y=0 Z=0 FlatVerts=0 SlopeVerts=0
[+21:08:04.530] VoxelMesh: Chunk X=-2 Y=-1 Z=0 FlatVerts=432 SlopeVerts=438
[+21:08:04.531] VoxelChunk: GenerateAsync (3,0,0)
[+21:08:04.532] VoxelMesh: Chunk X=3 Y=0 Z=0 FlatVerts=432 SlopeVerts=438
[+21:08:04.631] VoxelMesh: Chunk X=2 Y=0 Z=-2 FlatVerts=0 SlopeVerts=0
[+21:08:04.631] VoxelChunk: GenerateAsync (-3,1,0)
[+21:08:04.634] VoxelMesh: Chunk X=-3 Y=1 Z=0 FlatVerts=0 SlopeVerts=0
[+21:08:04.731] VoxelMesh: Chunk X=1 Y=2 Z=-2 FlatVerts=18 SlopeVerts=156
[+21:08:04.732] VoxelChunk: GenerateAsync (3,1,0)
[+21:08:04.733] VoxelMesh: Chunk X=3 Y=1 Z=0 FlatVerts=18 SlopeVerts=156
[+21:08:04.832] VoxelMesh: Chunk X=0 Y=-1 Z=-2 FlatVerts=0 SlopeVerts=0
[+21:08:04.832] VoxelChunk: GenerateAsync (-3,-3,-2)
[+21:08:04.834] VoxelMesh: Chunk X=-3 Y=-3 Z=-2 FlatVerts=0 SlopeVerts=0
[+21:08:04.933] VoxelMesh: Chunk X=2 Y=2 Z=-2 FlatVerts=0 SlopeVerts=0
[+21:08:04.933] VoxelChunk: GenerateAsync (3,2,0)
[+21:08:04.936] VoxelMesh: Chunk X=3 Y=2 Z=0 FlatVerts=0 SlopeVerts=0
[+21:08:05.044] VoxelMesh: Chunk X=-2 Y=0 Z=0 FlatVerts=0 SlopeVerts=0
[+21:08:05.044] VoxelChunk: GenerateAsync (-3,3,0)
[+21:08:05.046] VoxelMesh: Chunk X=-3 Y=3 Z=0 FlatVerts=0 SlopeVerts=0
[+21:08:05.143] VoxelMesh: Chunk X=-2 Y=-2 Z=-1 FlatVerts=0 SlopeVerts=0
[+21:08:05.144] VoxelChunk: GenerateAsync (-2,3,0)
[+21:08:05.145] VoxelMesh: Chunk X=-2 Y=3 Z=0 FlatVerts=0 SlopeVerts=0
[+21:08:05.243] VoxelMesh: Chunk X=1 Y=-1 Z=-2 FlatVerts=0 SlopeVerts=12
[+21:08:05.243] VoxelChunk: GenerateAsync (-1,3,0)
[+21:08:05.244] VoxelMesh: Chunk X=-1 Y=3 Z=0 FlatVerts=0 SlopeVerts=12
[+21:08:05.343] VoxelMesh: Chunk X=-1 Y=-2 Z=-1 FlatVerts=0 SlopeVerts=0
[+21:08:05.343] VoxelChunk: GenerateAsync (0,3,0)
[+21:08:05.344] VoxelMesh: Chunk X=0 Y=3 Z=0 FlatVerts=0 SlopeVerts=0
[+21:08:05.442] VoxelMesh: Chunk X=2 Y=0 Z=0 FlatVerts=0 SlopeVerts=0
[+21:08:05.442] VoxelChunk: GenerateAsync (1,3,0)
[+21:08:05.443] VoxelMesh: Chunk X=1 Y=3 Z=0 FlatVerts=0 SlopeVerts=0
[+21:08:05.543] VoxelMesh: Chunk X=-2 Y=1 Z=0 FlatVerts=0 SlopeVerts=0
[+21:08:05.543] VoxelChunk: GenerateAsync (2,3,0)
[+21:08:05.544] VoxelMesh: Chunk X=2 Y=3 Z=0 FlatVerts=0 SlopeVerts=0
[+21:08:05.643] VoxelMesh: Chunk X=2 Y=-1 Z=-2 FlatVerts=0 SlopeVerts=0
[+21:08:05.643] VoxelChunk: GenerateAsync (3,3,0)
[+21:08:05.645] VoxelMesh: Chunk X=3 Y=3 Z=0 FlatVerts=0 SlopeVerts=0
[+21:08:05.743] VoxelMesh: Chunk X=1 Y=-2 Z=-1 FlatVerts=522 SlopeVerts=1476
[+21:08:05.744] VoxelChunk: GenerateAsync (-3,-3,1)
[+21:08:05.745] VoxelMesh: Chunk X=-3 Y=-3 Z=1 FlatVerts=522 SlopeVerts=1476
[+21:08:05.843] VoxelMesh: Chunk X=2 Y=-2 Z=-1 FlatVerts=450 SlopeVerts=5076
[+21:08:05.846] VoxelChunk: GenerateAsync (-2,-3,1)
[+21:08:05.847] VoxelMesh: Chunk X=-2 Y=-3 Z=1 FlatVerts=450 SlopeVerts=5076
[+21:08:05.945] VoxelMesh: Chunk X=2 Y=1 Z=0 FlatVerts=72 SlopeVerts=3234
[+21:08:05.948] VoxelChunk: GenerateAsync (-1,-3,1)
[+21:08:05.949] VoxelMesh: Chunk X=-1 Y=-3 Z=1 FlatVerts=72 SlopeVerts=3234
[+21:08:06.047] VoxelMesh: Chunk X=-2 Y=2 Z=0 FlatVerts=54 SlopeVerts=1068
[+21:08:06.048] VoxelChunk: GenerateAsync (0,-3,1)
[+21:08:06.049] VoxelMesh: Chunk X=0 Y=-3 Z=1 FlatVerts=54 SlopeVerts=1068
[+21:08:06.146] VoxelMesh: Chunk X=-1 Y=2 Z=0 FlatVerts=0 SlopeVerts=0
[+21:08:06.147] VoxelChunk: GenerateAsync (1,-3,1)
[+21:08:06.147] VoxelMesh: Chunk X=1 Y=-3 Z=1 FlatVerts=0 SlopeVerts=0
[+21:08:06.247] VoxelMesh: Chunk X=2 Y=2 Z=1 FlatVerts=0 SlopeVerts=0
[+21:08:06.247] VoxelChunk: GenerateAsync (2,-3,1)
[+21:08:06.248] VoxelMesh: Chunk X=2 Y=-3 Z=1 FlatVerts=0 SlopeVerts=0
[+21:08:06.350] VoxelMesh: Chunk X=1 Y=2 Z=0 FlatVerts=60 SlopeVerts=318
[+21:08:06.351] VoxelChunk: GenerateAsync (3,-3,1)
[+21:08:06.352] VoxelMesh: Chunk X=3 Y=-3 Z=1 FlatVerts=60 SlopeVerts=318
[+21:08:06.453] VoxelMesh: Chunk X=2 Y=2 Z=0 FlatVerts=0 SlopeVerts=750
[+21:08:06.453] VoxelChunk: GenerateAsync (-3,-2,1)
[+21:08:06.454] VoxelMesh: Chunk X=-3 Y=-2 Z=1 FlatVerts=0 SlopeVerts=750
[+21:08:06.554] VoxelMesh: Chunk X=-2 Y=-2 Z=1 FlatVerts=1620 SlopeVerts=2238
[+21:08:06.558] VoxelChunk: GenerateAsync (3,-2,1)
[+21:08:06.559] VoxelMesh: Chunk X=3 Y=-2 Z=1 FlatVerts=1620 SlopeVerts=2238
[+21:08:06.656] VoxelMesh: Chunk X=-1 Y=-2 Z=1 FlatVerts=0 SlopeVerts=0
[+21:08:06.656] VoxelChunk: GenerateAsync (-3,-1,1)
[+21:08:06.658] VoxelMesh: Chunk X=-3 Y=-1 Z=1 FlatVerts=0 SlopeVerts=0
[+21:08:06.759] VoxelMesh: Chunk X=0 Y=-2 Z=1 FlatVerts=1392 SlopeVerts=2544
[+21:08:06.762] VoxelChunk: GenerateAsync (3,-1,1)
[+21:08:06.763] VoxelMesh: Chunk X=3 Y=-1 Z=1 FlatVerts=1392 SlopeVerts=2544
[+21:08:06.862] VoxelMesh: Chunk X=-3 Y=-3 Z=0 FlatVerts=0 SlopeVerts=0
[+21:08:06.862] VoxelChunk: GenerateAsync (-3,0,1)
[+21:08:06.864] VoxelMesh: Chunk X=-3 Y=0 Z=1 FlatVerts=0 SlopeVerts=0
[+21:08:06.962] VoxelMesh: Chunk X=-3 Y=-2 Z=0 FlatVerts=1170 SlopeVerts=2454
[+21:08:06.965] VoxelChunk: GenerateAsync (3,0,1)
[+21:08:06.966] VoxelMesh: Chunk X=3 Y=0 Z=1 FlatVerts=1170 SlopeVerts=2454
[+21:08:07.064] VoxelMesh: Chunk X=3 Y=2 Z=-3 FlatVerts=0 SlopeVerts=0
[+21:08:07.064] VoxelChunk: GenerateAsync (-3,1,1)
[+21:08:07.066] VoxelMesh: Chunk X=-3 Y=1 Z=1 FlatVerts=0 SlopeVerts=0
[+21:08:07.164] VoxelMesh: Chunk X=3 Y=-3 Z=-2 FlatVerts=126 SlopeVerts=1146
[+21:08:07.166] VoxelChunk: GenerateAsync (3,1,1)
[+21:08:07.167] VoxelMesh: Chunk X=3 Y=1 Z=1 FlatVerts=126 SlopeVerts=1146
[+21:08:07.264] VoxelMesh: Chunk X=-2 Y=0 Z=-3 FlatVerts=0 SlopeVerts=0
[+21:08:07.264] VoxelChunk: GenerateAsync (-3,2,1)
[+21:08:07.266] VoxelMesh: Chunk X=-3 Y=2 Z=1 FlatVerts=0 SlopeVerts=0
[+21:08:07.364] VoxelMesh: Chunk X=-3 Y=0 Z=-3 FlatVerts=0 SlopeVerts=0
[+21:08:07.364] VoxelChunk: GenerateAsync (3,2,1)
[+21:08:07.365] VoxelMesh: Chunk X=3 Y=2 Z=1 FlatVerts=0 SlopeVerts=0
[+21:08:07.465] VoxelMesh: Chunk X=-3 Y=-3 Z=-3 FlatVerts=0 SlopeVerts=0
[+21:08:07.465] VoxelChunk: GenerateAsync (-3,3,1)
[+21:08:07.466] VoxelMesh: Chunk X=-3 Y=3 Z=1 FlatVerts=0 SlopeVerts=0
[+21:08:07.563] VoxelMesh: Chunk X=-1 Y=-3 Z=-3 FlatVerts=90 SlopeVerts=372
[+21:08:07.564] VoxelChunk: GenerateAsync (-2,3,1)
[+21:08:07.564] VoxelMesh: Chunk X=-2 Y=3 Z=1 FlatVerts=90 SlopeVerts=372
[+21:08:07.663] VoxelMesh: Chunk X=3 Y=-1 Z=-3 FlatVerts=564 SlopeVerts=1836
[+21:08:07.665] VoxelChunk: GenerateAsync (-1,3,1)
[+21:08:07.666] VoxelMesh: Chunk X=-1 Y=3 Z=1 FlatVerts=564 SlopeVerts=1836
[+21:08:07.764] VoxelMesh: Chunk X=-2 Y=-3 Z=-3 FlatVerts=660 SlopeVerts=1860
[+21:08:07.766] VoxelChunk: GenerateAsync (0,3,1)
[+21:08:07.767] VoxelMesh: Chunk X=0 Y=3 Z=1 FlatVerts=660 SlopeVerts=1860
[+21:08:07.872] VoxelMesh: Chunk X=1 Y=-1 Z=-3 FlatVerts=252 SlopeVerts=636
[+21:08:07.873] VoxelChunk: GenerateAsync (1,3,1)
[+21:08:07.874] VoxelMesh: Chunk X=1 Y=3 Z=1 FlatVerts=252 SlopeVerts=636
[+21:08:07.971] VoxelMesh: Chunk X=-3 Y=-2 Z=-2 FlatVerts=0 SlopeVerts=0
[+21:08:07.972] VoxelChunk: GenerateAsync (2,3,1)
[+21:08:07.973] VoxelMesh: Chunk X=2 Y=3 Z=1 FlatVerts=0 SlopeVerts=0
[+21:08:08.072] VoxelMesh: Chunk X=-1 Y=-3 Z=-2 FlatVerts=0 SlopeVerts=0
[+21:08:08.072] VoxelChunk: GenerateAsync (3,3,1)
[+21:08:08.073] VoxelMesh: Chunk X=3 Y=3 Z=1 FlatVerts=0 SlopeVerts=0
[+21:08:08.174] VoxelMesh: Chunk X=-1 Y=-1 Z=-3 FlatVerts=120 SlopeVerts=4998
[+21:08:08.177] VoxelChunk: GenerateAsync (-3,-3,2)
[+21:08:08.178] VoxelMesh: Chunk X=-3 Y=-3 Z=2 FlatVerts=120 SlopeVerts=4998
[+21:08:08.280] VoxelMesh: Chunk X=-2 Y=-1 Z=-3 FlatVerts=0 SlopeVerts=2592
[+21:08:08.282] VoxelChunk: GenerateAsync (-2,-3,2)
[+21:08:08.283] VoxelMesh: Chunk X=-2 Y=-3 Z=2 FlatVerts=0 SlopeVerts=2592
[+21:08:08.382] VoxelMesh: Chunk X=-3 Y=-1 Z=-3 FlatVerts=0 SlopeVerts=3492
[+21:08:08.384] VoxelChunk: GenerateAsync (-1,-3,2)
[+21:08:08.386] VoxelMesh: Chunk X=-1 Y=-3 Z=2 FlatVerts=0 SlopeVerts=3492
[+21:08:08.485] VoxelMesh: Chunk X=0 Y=2 Z=-3 FlatVerts=0 SlopeVerts=4014
[+21:08:08.489] VoxelChunk: GenerateAsync (0,-3,2)
[+21:08:08.490] VoxelMesh: Chunk X=0 Y=-3 Z=2 FlatVerts=0 SlopeVerts=4014
[+21:08:08.589] VoxelMesh: Chunk X=-2 Y=2 Z=-3 FlatVerts=0 SlopeVerts=666
[+21:08:08.590] VoxelChunk: GenerateAsync (1,-3,2)
[+21:08:08.591] VoxelMesh: Chunk X=1 Y=-3 Z=2 FlatVerts=0 SlopeVerts=666
[+21:08:08.690] VoxelMesh: Chunk X=-3 Y=2 Z=-3 FlatVerts=0 SlopeVerts=30
[+21:08:08.690] VoxelChunk: GenerateAsync (2,-3,2)
[+21:08:08.691] VoxelMesh: Chunk X=2 Y=-3 Z=2 FlatVerts=0 SlopeVerts=30
[+21:08:08.791] VoxelMesh: Chunk X=-1 Y=1 Z=-3 FlatVerts=0 SlopeVerts=2658
[+21:08:08.793] VoxelChunk: GenerateAsync (3,-3,2)
[+21:08:08.794] VoxelMesh: Chunk X=3 Y=-3 Z=2 FlatVerts=0 SlopeVerts=2658
[+21:08:08.894] VoxelMesh: Chunk X=0 Y=-3 Z=-2 FlatVerts=18 SlopeVerts=2742
[+21:08:08.896] VoxelChunk: GenerateAsync (-3,-2,2)
[+21:08:08.897] VoxelMesh: Chunk X=-3 Y=-2 Z=2 FlatVerts=18 SlopeVerts=2742
[+21:08:08.996] VoxelMesh: Chunk X=0 Y=3 Z=-3 FlatVerts=102 SlopeVerts=1170
[+21:08:08.998] VoxelChunk: GenerateAsync (3,-2,2)
[+21:08:08.999] VoxelMesh: Chunk X=3 Y=-2 Z=2 FlatVerts=102 SlopeVerts=1170
[+21:08:09.098] VoxelMesh: Chunk X=3 Y=-2 Z=-3 FlatVerts=0 SlopeVerts=0
[+21:08:09.098] VoxelChunk: GenerateAsync (-3,-1,2)
[+21:08:09.100] VoxelMesh: Chunk X=-3 Y=-1 Z=2 FlatVerts=0 SlopeVerts=0
[+21:08:09.198] VoxelMesh: Chunk X=2 Y=-2 Z=-3 FlatVerts=84 SlopeVerts=120
[+21:08:09.198] VoxelChunk: GenerateAsync (3,-1,2)
[+21:08:09.201] VoxelMesh: Chunk X=3 Y=-1 Z=2 FlatVerts=84 SlopeVerts=120
[+21:08:09.300] VoxelMesh: Chunk X=0 Y=-2 Z=-3 FlatVerts=0 SlopeVerts=18
[+21:08:09.300] VoxelChunk: GenerateAsync (-3,0,2)
[+21:08:09.301] VoxelMesh: Chunk X=-3 Y=0 Z=2 FlatVerts=0 SlopeVerts=18
[+21:08:09.399] VoxelMesh: Chunk X=-2 Y=1 Z=-3 FlatVerts=18 SlopeVerts=1110
[+21:08:09.401] VoxelChunk: GenerateAsync (3,0,2)
[+21:08:09.402] VoxelMesh: Chunk X=3 Y=0 Z=2 FlatVerts=18 SlopeVerts=1110
[+21:08:09.501] VoxelMesh: Chunk X=-3 Y=1 Z=-3 FlatVerts=0 SlopeVerts=12
[+21:08:09.501] VoxelChunk: GenerateAsync (-3,1,2)
[+21:08:09.502] VoxelMesh: Chunk X=-3 Y=1 Z=2 FlatVerts=0 SlopeVerts=12
[+21:08:09.601] VoxelMesh: Chunk X=-1 Y=-2 Z=-3 FlatVerts=0 SlopeVerts=2052
[+21:08:09.602] VoxelChunk: GenerateAsync (3,1,2)
[+21:08:09.604] VoxelMesh: Chunk X=3 Y=1 Z=2 FlatVerts=0 SlopeVerts=2052
[+21:08:09.702] VoxelMesh: Chunk X=-2 Y=-2 Z=-3 FlatVerts=0 SlopeVerts=0
[+21:08:09.703] VoxelChunk: GenerateAsync (-2,3,-4)
[+21:08:09.704] VoxelMesh: Chunk X=-2 Y=3 Z=-4 FlatVerts=0 SlopeVerts=0
[+21:08:09.805] VoxelMesh: Chunk X=3 Y=0 Z=-3 FlatVerts=0 SlopeVerts=0
[+21:08:09.805] VoxelChunk: GenerateAsync (-1,3,-4)
[+21:08:09.806] VoxelMesh: Chunk X=-1 Y=3 Z=-4 FlatVerts=0 SlopeVerts=0
[+21:08:09.904] VoxelMesh: Chunk X=3 Y=-3 Z=-3 FlatVerts=0 SlopeVerts=0
[+21:08:09.904] VoxelChunk: GenerateAsync (3,0,-4)
[+21:08:09.905] VoxelMesh: Chunk X=3 Y=0 Z=-4 FlatVerts=0 SlopeVerts=0
[+21:08:10.005] VoxelMesh: Chunk X=2 Y=-3 Z=-3 FlatVerts=0 SlopeVerts=0
[+21:08:10.005] VoxelChunk: GenerateAsync (0,3,-4)
[+21:08:10.006] VoxelMesh: Chunk X=0 Y=3 Z=-4 FlatVerts=0 SlopeVerts=0
[+21:08:10.104] VoxelMesh: Chunk X=3 Y=0 Z=-2 FlatVerts=0 SlopeVerts=0
[+21:08:10.105] VoxelChunk: GenerateAsync (1,3,-4)
[+21:08:10.106] VoxelMesh: Chunk X=1 Y=3 Z=-4 FlatVerts=0 SlopeVerts=0
[+21:08:10.205] VoxelMesh: Chunk X=1 Y=-3 Z=-3 FlatVerts=0 SlopeVerts=0
[+21:08:10.205] VoxelChunk: GenerateAsync (-3,1,-4)
[+21:08:10.207] VoxelMesh: Chunk X=-3 Y=1 Z=-4 FlatVerts=0 SlopeVerts=0
[+21:08:10.306] VoxelMesh: Chunk X=0 Y=-3 Z=-3 FlatVerts=0 SlopeVerts=0
[+21:08:10.306] VoxelChunk: GenerateAsync (1,-1,-4)
[+21:08:10.307] VoxelMesh: Chunk X=1 Y=-1 Z=-4 FlatVerts=0 SlopeVerts=0
[+21:08:10.405] VoxelMesh: Chunk X=2 Y=0 Z=-3 FlatVerts=0 SlopeVerts=0
[+21:08:10.406] VoxelChunk: GenerateAsync (2,3,-4)
[+21:08:10.407] VoxelMesh: Chunk X=2 Y=3 Z=-4 FlatVerts=0 SlopeVerts=0
[+21:08:10.505] VoxelMesh: Chunk X=1 Y=0 Z=-3 FlatVerts=0 SlopeVerts=0
[+21:08:10.505] VoxelChunk: GenerateAsync (3,3,-4)
[+21:08:10.507] VoxelMesh: Chunk X=3 Y=3 Z=-4 FlatVerts=0 SlopeVerts=0
[+21:08:10.606] VoxelMesh: Chunk X=-3 Y=1 Z=-2 FlatVerts=0 SlopeVerts=0
[+21:08:10.606] VoxelChunk: GenerateAsync (-2,1,-4)
[+21:08:10.608] VoxelMesh: Chunk X=-2 Y=1 Z=-4 FlatVerts=0 SlopeVerts=0
[+21:08:10.706] VoxelMesh: Chunk X=1 Y=-3 Z=-2 FlatVerts=0 SlopeVerts=0
[+21:08:10.706] VoxelChunk: GenerateAsync (-1,1,-4)
[+21:08:10.707] VoxelMesh: Chunk X=-1 Y=1 Z=-4 FlatVerts=0 SlopeVerts=0
[+21:08:10.805] VoxelMesh: Chunk X=-1 Y=0 Z=-3 FlatVerts=0 SlopeVerts=0
[+21:08:10.805] VoxelChunk: GenerateAsync (2,-1,-4)
[+21:08:10.807] VoxelMesh: Chunk X=2 Y=-1 Z=-4 FlatVerts=0 SlopeVerts=0
[+21:08:10.906] VoxelMesh: Chunk X=3 Y=3 Z=-1 FlatVerts=0 SlopeVerts=0
[+21:08:10.908] VoxelChunk: GenerateAsync (-3,-1,-4)
[+21:08:10.908] VoxelMesh: Chunk X=-3 Y=-1 Z=-4 FlatVerts=0 SlopeVerts=0
[+21:08:11.007] VoxelMesh: Chunk X=-3 Y=-1 Z=-2 FlatVerts=0 SlopeVerts=0
[+21:08:11.007] VoxelChunk: GenerateAsync (0,1,-4)
[+21:08:11.009] VoxelMesh: Chunk X=0 Y=1 Z=-4 FlatVerts=0 SlopeVerts=0
[+21:08:11.107] VoxelMesh: Chunk X=2 Y=-3 Z=-2 FlatVerts=0 SlopeVerts=0
[+21:08:11.107] VoxelChunk: GenerateAsync (1,1,-4)
[+21:08:11.108] VoxelMesh: Chunk X=1 Y=1 Z=-4 FlatVerts=0 SlopeVerts=0
[+21:08:11.206] VoxelMesh: Chunk X=2 Y=3 Z=-3 FlatVerts=0 SlopeVerts=0
[+21:08:11.206] VoxelChunk: GenerateAsync (-3,0,-4)
[+21:08:11.207] VoxelMesh: Chunk X=-3 Y=0 Z=-4 FlatVerts=0 SlopeVerts=0
[+21:08:11.307] VoxelMesh: Chunk X=-2 Y=3 Z=-3 FlatVerts=0 SlopeVerts=0
[+21:08:11.307] VoxelChunk: GenerateAsync (2,1,-4)
[+21:08:11.308] VoxelMesh: Chunk X=2 Y=1 Z=-4 FlatVerts=0 SlopeVerts=0
[+21:08:11.406] VoxelMesh: Chunk X=2 Y=2 Z=-3 FlatVerts=0 SlopeVerts=0
[+21:08:11.407] VoxelChunk: GenerateAsync (3,1,-4)
[+21:08:11.407] VoxelMesh: Chunk X=3 Y=1 Z=-4 FlatVerts=0 SlopeVerts=0
[+21:08:11.507] VoxelMesh: Chunk X=1 Y=2 Z=-3 FlatVerts=0 SlopeVerts=0
[+21:08:11.507] VoxelChunk: GenerateAsync (-2,0,-4)
[+21:08:11.508] VoxelMesh: Chunk X=-2 Y=0 Z=-4 FlatVerts=0 SlopeVerts=0
[+21:08:11.608] VoxelMesh: Chunk X=-1 Y=2 Z=-3 FlatVerts=0 SlopeVerts=0
[+21:08:11.608] VoxelChunk: GenerateAsync (-2,-1,-4)
[+21:08:11.609] VoxelMesh: Chunk X=-2 Y=-1 Z=-4 FlatVerts=0 SlopeVerts=0
[+21:08:11.707] VoxelMesh: Chunk X=-2 Y=-3 Z=3 FlatVerts=0 SlopeVerts=0
[+21:08:11.707] VoxelChunk: GenerateAsync (1,-2,-4)
[+21:08:11.708] VoxelMesh: Chunk X=1 Y=-2 Z=-4 FlatVerts=0 SlopeVerts=0
[+21:08:11.806] VoxelMesh: Chunk X=-1 Y=-3 Z=3 FlatVerts=0 SlopeVerts=0
[+21:08:11.806] VoxelChunk: GenerateAsync (-3,2,-4)
[+21:08:11.807] VoxelMesh: Chunk X=-3 Y=2 Z=-4 FlatVerts=0 SlopeVerts=0
[+21:08:11.917] VoxelMesh: Chunk X=0 Y=-3 Z=3 FlatVerts=0 SlopeVerts=0
[+21:08:11.917] VoxelChunk: GenerateAsync (-1,-3,-4)
[+21:08:11.918] VoxelMesh: Chunk X=-1 Y=-3 Z=-4 FlatVerts=0 SlopeVerts=0
[+21:08:12.027] VoxelMesh: Chunk X=1 Y=-3 Z=3 FlatVerts=0 SlopeVerts=0
[+21:08:12.027] VoxelChunk: GenerateAsync (-2,2,-4)
[+21:08:12.028] VoxelMesh: Chunk X=-2 Y=2 Z=-4 FlatVerts=0 SlopeVerts=0
[+21:08:12.135] VoxelMesh: Chunk X=2 Y=-3 Z=3 FlatVerts=0 SlopeVerts=0
[+21:08:12.135] VoxelChunk: GenerateAsync (-1,0,-4)
[+21:08:12.137] VoxelMesh: Chunk X=-1 Y=0 Z=-4 FlatVerts=0 SlopeVerts=0
[+21:08:12.233] VoxelMesh: Chunk X=3 Y=-3 Z=3 FlatVerts=0 SlopeVerts=0
[+21:08:12.234] VoxelChunk: GenerateAsync (-1,2,-4)
[+21:08:12.235] VoxelMesh: Chunk X=-1 Y=2 Z=-4 FlatVerts=0 SlopeVerts=0
[+21:08:12.350] VoxelMesh: Chunk X=-3 Y=-2 Z=3 FlatVerts=0 SlopeVerts=0
[+21:08:12.350] VoxelChunk: GenerateAsync (0,2,-4)
[+21:08:12.352] VoxelMesh: Chunk X=0 Y=2 Z=-4 FlatVerts=0 SlopeVerts=0
[+21:08:12.458] VoxelMesh: Chunk X=0 Y=-2 Z=3 FlatVerts=0 SlopeVerts=0
[+21:08:12.460] VoxelChunk: GenerateAsync (0,0,-4)
[+21:08:12.461] VoxelMesh: Chunk X=0 Y=0 Z=-4 FlatVerts=0 SlopeVerts=0
[+21:08:12.552] VoxelMesh: Chunk X=2 Y=-2 Z=3 FlatVerts=0 SlopeVerts=0
[+21:08:12.553] VoxelChunk: GenerateAsync (-1,-1,-4)
[+21:08:12.553] VoxelMesh: Chunk X=-1 Y=-1 Z=-4 FlatVerts=0 SlopeVerts=0
[+21:08:12.652] VoxelMesh: Chunk X=3 Y=-2 Z=3 FlatVerts=0 SlopeVerts=0
[+21:08:12.652] VoxelChunk: GenerateAsync (1,2,-4)
[+21:08:12.654] VoxelMesh: Chunk X=1 Y=2 Z=-4 FlatVerts=0 SlopeVerts=0
[+21:08:12.760] VoxelMesh: Chunk X=-3 Y=-1 Z=3 FlatVerts=0 SlopeVerts=0
[+21:08:12.760] VoxelChunk: GenerateAsync (2,2,-4)
[+21:08:12.761] VoxelMesh: Chunk X=2 Y=2 Z=-4 FlatVerts=0 SlopeVerts=0
[+21:08:12.860] VoxelMesh: Chunk X=-2 Y=-1 Z=3 FlatVerts=0 SlopeVerts=0
[+21:08:12.860] VoxelChunk: GenerateAsync (1,0,-4)
[+21:08:12.861] VoxelMesh: Chunk X=1 Y=0 Z=-4 FlatVerts=0 SlopeVerts=0
[+21:08:12.968] VoxelMesh: Chunk X=-1 Y=-1 Z=3 FlatVerts=0 SlopeVerts=0
[+21:08:12.968] VoxelChunk: GenerateAsync (3,2,-4)
[+21:08:12.968] VoxelMesh: Chunk X=3 Y=2 Z=-4 FlatVerts=0 SlopeVerts=0
[+21:08:13.076] VoxelMesh: Chunk X=0 Y=-1 Z=3 FlatVerts=0 SlopeVerts=0
[+21:08:13.078] VoxelChunk: GenerateAsync (-3,3,-4)
[+21:08:13.079] VoxelMesh: Chunk X=-3 Y=3 Z=-4 FlatVerts=0 SlopeVerts=0
[+21:08:13.185] VoxelMesh: Chunk X=1 Y=-1 Z=3 FlatVerts=0 SlopeVerts=0
[+21:08:13.185] VoxelChunk: GenerateAsync (2,0,-4)
[+21:08:13.186] VoxelMesh: Chunk X=2 Y=0 Z=-4 FlatVerts=0 SlopeVerts=0
[+21:08:13.295] VoxelMesh: Chunk X=2 Y=-1 Z=3 FlatVerts=0 SlopeVerts=0
[+21:08:13.295] VoxelChunk: GenerateAsync (0,-1,-4)
[+21:08:13.296] VoxelMesh: Chunk X=0 Y=-1 Z=-4 FlatVerts=0 SlopeVerts=0
[+21:08:13.402] VoxelMesh: Chunk X=3 Y=-1 Z=3 FlatVerts=0 SlopeVerts=0
[+21:08:13.403] VoxelChunk: GenerateAsync (3,-2,-4)
[+21:08:13.404] VoxelMesh: Chunk X=3 Y=-2 Z=-4 FlatVerts=0 SlopeVerts=0
[+21:08:13.500] VoxelMesh: Chunk X=3 Y=-1 Z=-4 FlatVerts=0 SlopeVerts=0
[+21:08:13.500] VoxelChunk: GenerateAsync (0,-2,-4)
[+21:08:13.501] VoxelMesh: Chunk X=0 Y=-2 Z=-4 FlatVerts=0 SlopeVerts=0
[+21:08:13.608] VoxelMesh: Chunk X=2 Y=-2 Z=-4 FlatVerts=0 SlopeVerts=0
[+21:08:13.608] VoxelChunk: GenerateAsync (-1,-2,-4)
[+21:08:13.610] VoxelMesh: Chunk X=-1 Y=-2 Z=-4 FlatVerts=0 SlopeVerts=0
[+21:08:13.707] VoxelMesh: Chunk X=-2 Y=-2 Z=-4 FlatVerts=0 SlopeVerts=0
[+21:08:13.707] VoxelChunk: GenerateAsync (-3,-2,-4)
[+21:08:13.708] VoxelMesh: Chunk X=-3 Y=-2 Z=-4 FlatVerts=0 SlopeVerts=0
[+21:08:13.809] VoxelMesh: Chunk X=2 Y=-3 Z=-4 FlatVerts=0 SlopeVerts=0
[+21:08:13.809] VoxelChunk: GenerateAsync (3,-3,-4)
[+21:08:13.810] VoxelMesh: Chunk X=3 Y=-3 Z=-4 FlatVerts=0 SlopeVerts=0
[+21:08:13.908] VoxelMesh: Chunk X=1 Y=-3 Z=-4 FlatVerts=0 SlopeVerts=0
[+21:08:13.908] VoxelChunk: GenerateAsync (-3,-3,-4)
[+21:08:13.910] VoxelMesh: Chunk X=-3 Y=-3 Z=-4 FlatVerts=0 SlopeVerts=0
[+21:08:14.009] VoxelMesh: Chunk X=0 Y=-3 Z=-4 FlatVerts=0 SlopeVerts=0
[+21:08:14.009] VoxelChunk: GenerateAsync (1,1,4)
[+21:08:14.011] VoxelMesh: Chunk X=1 Y=1 Z=4 FlatVerts=0 SlopeVerts=0
[+21:08:14.109] VoxelMesh: Chunk X=-2 Y=-3 Z=-4 FlatVerts=0 SlopeVerts=300
[+21:08:14.109] VoxelChunk: GenerateAsync (2,1,4)
[+21:08:14.110] VoxelMesh: Chunk X=2 Y=1 Z=4 FlatVerts=0 SlopeVerts=300
[+21:08:14.214] VoxelMesh: Chunk X=-3 Y=-3 Z=4 FlatVerts=186 SlopeVerts=3120
[+21:08:14.216] VoxelChunk: GenerateAsync (3,1,4)
[+21:08:14.218] VoxelMesh: Chunk X=3 Y=1 Z=4 FlatVerts=186 SlopeVerts=3120
[+21:08:14.316] VoxelMesh: Chunk X=-2 Y=-3 Z=4 FlatVerts=90 SlopeVerts=6582
[+21:08:14.320] VoxelChunk: GenerateAsync (-3,2,4)
[+21:08:14.321] VoxelMesh: Chunk X=-3 Y=2 Z=4 FlatVerts=90 SlopeVerts=6582
[+21:08:14.491] VoxelMesh: Chunk X=-1 Y=-3 Z=4 FlatVerts=54 SlopeVerts=1302
[+21:08:14.492] VoxelChunk: GenerateAsync (-2,2,4)
[+21:08:14.494] VoxelMesh: Chunk X=-2 Y=2 Z=4 FlatVerts=54 SlopeVerts=1302
[+21:08:14.590] VoxelMesh: Chunk X=0 Y=-3 Z=4 FlatVerts=0 SlopeVerts=0
[+21:08:14.590] VoxelChunk: GenerateAsync (-1,2,4)
[+21:08:14.593] VoxelMesh: Chunk X=-1 Y=2 Z=4 FlatVerts=0 SlopeVerts=0
[+21:08:14.691] VoxelMesh: Chunk X=1 Y=-3 Z=4 FlatVerts=0 SlopeVerts=0
[+21:08:14.691] VoxelChunk: GenerateAsync (0,2,4)
[+21:08:14.692] VoxelMesh: Chunk X=0 Y=2 Z=4 FlatVerts=0 SlopeVerts=0
[+21:08:14.791] VoxelMesh: Chunk X=2 Y=-3 Z=4 FlatVerts=0 SlopeVerts=0
[+21:08:14.791] VoxelChunk: GenerateAsync (1,2,4)
[+21:08:14.791] VoxelMesh: Chunk X=1 Y=2 Z=4 FlatVerts=0 SlopeVerts=0
[+21:08:14.891] VoxelMesh: Chunk X=3 Y=-3 Z=4 FlatVerts=0 SlopeVerts=3294
[+21:08:14.893] VoxelChunk: GenerateAsync (2,2,4)
[+21:08:14.894] VoxelMesh: Chunk X=2 Y=2 Z=4 FlatVerts=0 SlopeVerts=3294
[+21:08:14.992] VoxelMesh: Chunk X=-3 Y=-2 Z=4 FlatVerts=276 SlopeVerts=2958
[+21:08:14.993] VoxelChunk: GenerateAsync (3,2,4)
[+21:08:14.995] VoxelMesh: Chunk X=3 Y=2 Z=4 FlatVerts=276 SlopeVerts=2958
[+21:08:15.092] VoxelMesh: Chunk X=-2 Y=-2 Z=4 FlatVerts=6 SlopeVerts=1002
[+21:08:15.092] VoxelChunk: GenerateAsync (-3,3,4)
[+21:08:15.094] VoxelMesh: Chunk X=-3 Y=3 Z=4 FlatVerts=6 SlopeVerts=1002
[+21:08:15.192] VoxelMesh: Chunk X=-1 Y=-2 Z=4 FlatVerts=0 SlopeVerts=0
[+21:08:15.192] VoxelChunk: GenerateAsync (-2,3,4)
[+21:08:15.194] VoxelMesh: Chunk X=-2 Y=3 Z=4 FlatVerts=0 SlopeVerts=0
[+21:08:15.291] VoxelMesh: Chunk X=0 Y=-2 Z=4 FlatVerts=0 SlopeVerts=0
[+21:08:15.291] VoxelChunk: GenerateAsync (-1,3,4)
[+21:08:15.294] VoxelMesh: Chunk X=-1 Y=3 Z=4 FlatVerts=0 SlopeVerts=0
[+21:08:15.392] VoxelMesh: Chunk X=1 Y=-2 Z=4 FlatVerts=0 SlopeVerts=0
[+21:08:15.392] VoxelChunk: GenerateAsync (0,3,4)
[+21:08:15.393] VoxelMesh: Chunk X=0 Y=3 Z=4 FlatVerts=0 SlopeVerts=0
[+21:08:15.499] VoxelMesh: Chunk X=2 Y=-2 Z=4 FlatVerts=0 SlopeVerts=6
[+21:08:15.500] VoxelChunk: GenerateAsync (1,3,4)
[+21:08:15.501] VoxelMesh: Chunk X=1 Y=3 Z=4 FlatVerts=0 SlopeVerts=6
[+21:08:15.598] VoxelMesh: Chunk X=3 Y=-2 Z=4 FlatVerts=0 SlopeVerts=3090
[+21:08:15.600] VoxelChunk: GenerateAsync (2,3,4)
[+21:08:15.602] VoxelMesh: Chunk X=2 Y=3 Z=4 FlatVerts=0 SlopeVerts=3090
[+21:08:15.701] VoxelMesh: Chunk X=-3 Y=-1 Z=4 FlatVerts=0 SlopeVerts=648
[+21:08:15.702] VoxelChunk: GenerateAsync (3,3,4)
[+21:08:15.702] VoxelWorld: Editor generation complete, 441 chunks.
[+21:08:15.703] VoxelMesh: Chunk X=3 Y=3 Z=4 FlatVerts=0 SlopeVerts=648
