=== FIRSTVOXEL SESSION [2026.03.16-22.49.02] ===
[+22:49:02.612] FirstVoxel module started.
[+22:49:22.843] VoxelWorld: GenerateWorldDeferred started.
[+22:49:44.402] VoxelWorld: Queued 441 chunks.
[+22:49:44.562] VoxelMesh: Chunk X=0 Y=0 Z=0 FlatVerts=5988 SlopeVerts=10350
[+22:49:44.578] VoxelChunk: GenerateAsync (0,0,0)
[+22:49:44.579] VoxelMesh: Chunk X=0 Y=0 Z=0 FlatVerts=144 SlopeVerts=132
[+22:49:44.651] VoxelMesh: Chunk X=0 Y=0 Z=0 FlatVerts=3600 SlopeVerts=13656
[+22:49:44.666] VoxelChunk: GenerateAsync (1,0,0)
[+22:49:44.667] VoxelMesh: Chunk X=1 Y=0 Z=0 FlatVerts=2484 SlopeVerts=174
[+22:49:44.754] VoxelMesh: Chunk X=0 Y=0 Z=0 FlatVerts=1476 SlopeVerts=876
[+22:49:44.758] VoxelChunk: GenerateAsync (0,-1,-1)
[+22:49:44.759] VoxelMesh: Chunk X=0 Y=-1 Z=-1 FlatVerts=0 SlopeVerts=0
[+22:49:44.861] VoxelMesh: Chunk X=0 Y=0 Z=0 FlatVerts=156 SlopeVerts=96
[+22:49:44.862] VoxelChunk: GenerateAsync (1,-1,-1)
[+22:49:44.863] VoxelMesh: Chunk X=1 Y=-1 Z=-1 FlatVerts=0 SlopeVerts=0
[+22:49:44.962] VoxelMesh: Chunk X=0 Y=0 Z=0 FlatVerts=4920 SlopeVerts=1614
[+22:49:44.970] VoxelChunk: GenerateAsync (-1,-1,-1)
[+22:49:44.971] VoxelMesh: Chunk X=-1 Y=-1 Z=-1 FlatVerts=0 SlopeVerts=0
[+22:49:45.071] VoxelMesh: Chunk X=0 Y=0 Z=0 FlatVerts=9000 SlopeVerts=2982
[+22:49:45.084] VoxelChunk: GenerateAsync (-1,0,0)
[+22:49:45.085] VoxelMesh: Chunk X=-1 Y=0 Z=0 FlatVerts=0 SlopeVerts=0
[+22:49:45.178] VoxelMesh: Chunk X=0 Y=0 Z=0 FlatVerts=8106 SlopeVerts=6354
[+22:49:45.193] VoxelChunk: GenerateAsync (1,1,0)
[+22:49:45.194] VoxelMesh: Chunk X=1 Y=1 Z=0 FlatVerts=2514 SlopeVerts=0
[+22:49:45.281] VoxelMesh: Chunk X=0 Y=0 Z=0 FlatVerts=900 SlopeVerts=11400
[+22:49:45.290] VoxelChunk: GenerateAsync (1,-1,0)
[+22:49:45.291] VoxelMesh: Chunk X=1 Y=-1 Z=0 FlatVerts=84 SlopeVerts=42
[+22:49:45.384] VoxelMesh: Chunk X=0 Y=0 Z=0 FlatVerts=0 SlopeVerts=0
[+22:49:45.385] VoxelChunk: GenerateAsync (-1,1,1)
[+22:49:45.387] VoxelMesh: Chunk X=-1 Y=1 Z=1 FlatVerts=24 SlopeVerts=3072
[+22:49:45.488] VoxelMesh: Chunk X=0 Y=0 Z=0 FlatVerts=9804 SlopeVerts=2352
[+22:49:45.503] VoxelChunk: GenerateAsync (0,1,0)
[+22:49:45.503] VoxelMesh: Chunk X=0 Y=1 Z=0 FlatVerts=1788 SlopeVerts=318
[+22:49:45.586] VoxelMesh: Chunk X=0 Y=0 Z=0 FlatVerts=9636 SlopeVerts=678
[+22:49:45.599] VoxelChunk: GenerateAsync (0,1,-1)
[+22:49:45.600] VoxelMesh: Chunk X=0 Y=1 Z=-1 FlatVerts=0 SlopeVerts=0
[+22:49:45.692] VoxelMesh: Chunk X=0 Y=0 Z=0 FlatVerts=6012 SlopeVerts=9102
[+22:49:45.705] VoxelChunk: GenerateAsync (-1,-1,0)
[+22:49:45.707] VoxelMesh: Chunk X=-1 Y=-1 Z=0 FlatVerts=0 SlopeVerts=0
[+22:49:45.798] VoxelMesh: Chunk X=0 Y=0 Z=0 FlatVerts=8916 SlopeVerts=882
[+22:49:45.810] VoxelChunk: GenerateAsync (-1,0,-1)
[+22:49:45.812] VoxelMesh: Chunk X=-1 Y=0 Z=-1 FlatVerts=0 SlopeVerts=0
[+22:49:45.905] VoxelMesh: Chunk X=0 Y=0 Z=0 FlatVerts=1608 SlopeVerts=20910
[+22:49:45.923] VoxelChunk: GenerateAsync (1,0,1)
[+22:49:45.924] VoxelMesh: Chunk X=1 Y=0 Z=1 FlatVerts=138 SlopeVerts=186
[+22:49:46.010] VoxelMesh: Chunk X=0 Y=0 Z=0 FlatVerts=648 SlopeVerts=25776
[+22:49:46.029] VoxelChunk: GenerateAsync (1,-1,1)
[+22:49:46.030] VoxelMesh: Chunk X=1 Y=-1 Z=1 FlatVerts=1296 SlopeVerts=2550
[+22:49:46.123] VoxelMesh: Chunk X=0 Y=0 Z=0 FlatVerts=10458 SlopeVerts=30
[+22:49:46.136] VoxelChunk: GenerateAsync (-1,1,0)
[+22:49:46.136] VoxelMesh: Chunk X=-1 Y=1 Z=0 FlatVerts=156 SlopeVerts=264
[+22:49:46.214] VoxelMesh: Chunk X=0 Y=0 Z=0 FlatVerts=2346 SlopeVerts=13482
[+22:49:46.226] VoxelChunk: GenerateAsync (0,-1,0)
[+22:49:46.227] VoxelMesh: Chunk X=0 Y=-1 Z=0 FlatVerts=0 SlopeVerts=0
[+22:49:46.321] VoxelMesh: Chunk X=0 Y=0 Z=0 FlatVerts=10458 SlopeVerts=30
[+22:49:46.333] VoxelChunk: GenerateAsync (-1,1,-1)
[+22:49:46.335] VoxelMesh: Chunk X=-1 Y=1 Z=-1 FlatVerts=0 SlopeVerts=0
[+22:49:46.420] VoxelMesh: Chunk X=0 Y=0 Z=0 FlatVerts=5424 SlopeVerts=1548
[+22:49:46.428] VoxelChunk: GenerateAsync (0,0,-1)
[+22:49:46.429] VoxelMesh: Chunk X=0 Y=0 Z=-1 FlatVerts=0 SlopeVerts=0
[+22:49:46.521] VoxelMesh: Chunk X=0 Y=0 Z=0 FlatVerts=7056 SlopeVerts=1260
[+22:49:46.531] VoxelChunk: GenerateAsync (1,1,-1)
[+22:49:46.531] VoxelMesh: Chunk X=1 Y=1 Z=-1 FlatVerts=0 SlopeVerts=0
[+22:49:46.623] VoxelMesh: Chunk X=0 Y=0 Z=0 FlatVerts=1836 SlopeVerts=1032
[+22:49:46.626] VoxelChunk: GenerateAsync (1,0,-1)
[+22:49:46.627] VoxelMesh: Chunk X=1 Y=0 Z=-1 FlatVerts=0 SlopeVerts=0
[+22:49:46.731] VoxelMesh: Chunk X=0 Y=0 Z=0 FlatVerts=990 SlopeVerts=5526
[+22:49:46.736] VoxelChunk: GenerateAsync (1,1,1)
[+22:49:46.737] VoxelMesh: Chunk X=1 Y=1 Z=1 FlatVerts=0 SlopeVerts=0
[+22:49:46.832] VoxelMesh: Chunk X=0 Y=0 Z=0 FlatVerts=144 SlopeVerts=1698
[+22:49:46.833] VoxelChunk: GenerateAsync (0,1,1)
[+22:49:46.835] VoxelMesh: Chunk X=0 Y=1 Z=1 FlatVerts=222 SlopeVerts=600
[+22:49:46.938] VoxelMesh: Chunk X=0 Y=0 Z=0 FlatVerts=456 SlopeVerts=10890
[+22:49:46.946] VoxelChunk: GenerateAsync (0,0,1)
[+22:49:46.947] VoxelMesh: Chunk X=0 Y=0 Z=1 FlatVerts=690 SlopeVerts=3588
[+22:49:47.043] VoxelMesh: Chunk X=0 Y=0 Z=0 FlatVerts=54 SlopeVerts=2202
[+22:49:47.045] VoxelChunk: GenerateAsync (-1,0,1)
[+22:49:47.046] VoxelMesh: Chunk X=-1 Y=0 Z=1 FlatVerts=0 SlopeVerts=84
[+22:49:47.147] VoxelMesh: Chunk X=0 Y=0 Z=0 FlatVerts=792 SlopeVerts=22026
[+22:49:47.165] VoxelChunk: GenerateAsync (0,-1,1)
[+22:49:47.165] VoxelMesh: Chunk X=0 Y=-1 Z=1 FlatVerts=36 SlopeVerts=2340
[+22:49:47.251] VoxelMesh: Chunk X=0 Y=0 Z=0 FlatVerts=1050 SlopeVerts=10668
[+22:49:47.258] VoxelChunk: GenerateAsync (-1,-1,1)
[+22:49:47.260] VoxelMesh: Chunk X=-1 Y=-1 Z=1 FlatVerts=0 SlopeVerts=0
[+22:49:47.354] VoxelMesh: Chunk X=0 Y=0 Z=0 FlatVerts=6 SlopeVerts=15186
[+22:49:47.364] VoxelChunk: GenerateAsync (0,-1,2)
[+22:49:47.365] VoxelMesh: Chunk X=0 Y=-1 Z=2 FlatVerts=396 SlopeVerts=3870
[+22:49:47.454] VoxelMesh: Chunk X=0 Y=0 Z=0 FlatVerts=6 SlopeVerts=3168
[+22:49:47.456] VoxelChunk: GenerateAsync (-1,-1,2)
[+22:49:47.457] VoxelMesh: Chunk X=-1 Y=-1 Z=2 FlatVerts=90 SlopeVerts=1260
[+22:49:47.560] VoxelMesh: Chunk X=0 Y=0 Z=0 FlatVerts=0 SlopeVerts=0
[+22:49:47.561] VoxelChunk: GenerateAsync (-2,1,2)
[+22:49:47.561] VoxelMesh: Chunk X=-2 Y=1 Z=2 FlatVerts=30 SlopeVerts=1836
[+22:49:47.660] VoxelMesh: Chunk X=0 Y=0 Z=0 FlatVerts=0 SlopeVerts=0
[+22:49:47.660] VoxelChunk: GenerateAsync (-2,-1,2)
[+22:49:47.661] VoxelMesh: Chunk X=-2 Y=-1 Z=2 FlatVerts=204 SlopeVerts=2970
[+22:49:47.768] VoxelMesh: Chunk X=0 Y=0 Z=0 FlatVerts=78 SlopeVerts=26808
[+22:49:47.786] VoxelChunk: GenerateAsync (2,-2,2)
[+22:49:47.789] VoxelMesh: Chunk X=2 Y=-2 Z=2 FlatVerts=0 SlopeVerts=3672
[+22:49:47.875] VoxelMesh: Chunk X=0 Y=0 Z=0 FlatVerts=270 SlopeVerts=19860
[+22:49:47.891] VoxelChunk: GenerateAsync (2,0,2)
[+22:49:47.892] VoxelMesh: Chunk X=2 Y=0 Z=2 FlatVerts=0 SlopeVerts=0
[+22:49:47.977] VoxelMesh: Chunk X=0 Y=0 Z=0 FlatVerts=252 SlopeVerts=2622
[+22:49:47.979] VoxelChunk: GenerateAsync (2,1,2)
[+22:49:47.981] VoxelMesh: Chunk X=2 Y=1 Z=2 FlatVerts=0 SlopeVerts=1722
[+22:49:48.080] VoxelMesh: Chunk X=0 Y=0 Z=0 FlatVerts=18 SlopeVerts=25014
[+22:49:48.098] VoxelChunk: GenerateAsync (1,-2,2)
[+22:49:48.100] VoxelMesh: Chunk X=1 Y=-2 Z=2 FlatVerts=168 SlopeVerts=3174
[+22:49:48.185] VoxelMesh: Chunk X=0 Y=0 Z=0 FlatVerts=36 SlopeVerts=26808
[+22:49:48.205] VoxelChunk: GenerateAsync (0,-2,2)
[+22:49:48.206] VoxelMesh: Chunk X=0 Y=-2 Z=2 FlatVerts=96 SlopeVerts=2754
[+22:49:48.292] VoxelMesh: Chunk X=0 Y=0 Z=0 FlatVerts=0 SlopeVerts=0
[+22:49:48.292] VoxelChunk: GenerateAsync (-2,1,1)
[+22:49:48.293] VoxelMesh: Chunk X=-2 Y=1 Z=1 FlatVerts=0 SlopeVerts=0
[+22:49:48.396] VoxelMesh: Chunk X=0 Y=0 Z=0 FlatVerts=1734 SlopeVerts=24360
[+22:49:48.416] VoxelChunk: GenerateAsync (2,0,1)
[+22:49:48.418] VoxelMesh: Chunk X=2 Y=0 Z=1 FlatVerts=0 SlopeVerts=0
[+22:49:48.504] VoxelMesh: Chunk X=0 Y=0 Z=0 FlatVerts=0 SlopeVerts=10548
[+22:49:48.511] VoxelChunk: GenerateAsync (1,0,2)
[+22:49:48.512] VoxelMesh: Chunk X=1 Y=0 Z=2 FlatVerts=0 SlopeVerts=0
[+22:49:48.605] VoxelMesh: Chunk X=0 Y=0 Z=0 FlatVerts=48 SlopeVerts=16752
[+22:49:48.618] VoxelChunk: GenerateAsync (-1,-2,2)
[+22:49:48.619] VoxelMesh: Chunk X=-1 Y=-2 Z=2 FlatVerts=198 SlopeVerts=5094
[+22:49:48.711] VoxelMesh: Chunk X=0 Y=0 Z=0 FlatVerts=18 SlopeVerts=4860
[+22:49:48.716] VoxelChunk: GenerateAsync (-2,-2,2)
[+22:49:48.717] VoxelMesh: Chunk X=-2 Y=-2 Z=2 FlatVerts=0 SlopeVerts=2334
[+22:49:48.810] VoxelMesh: Chunk X=0 Y=0 Z=0 FlatVerts=0 SlopeVerts=0
[+22:49:48.810] VoxelChunk: GenerateAsync (-2,0,1)
[+22:49:48.811] VoxelMesh: Chunk X=-2 Y=0 Z=1 FlatVerts=0 SlopeVerts=0
[+22:49:48.912] VoxelMesh: Chunk X=0 Y=0 Z=0 FlatVerts=636 SlopeVerts=23826
[+22:49:48.931] VoxelChunk: GenerateAsync (2,-1,1)
[+22:49:48.933] VoxelMesh: Chunk X=2 Y=-1 Z=1 FlatVerts=108 SlopeVerts=1128
[+22:49:49.018] VoxelMesh: Chunk X=0 Y=0 Z=0 FlatVerts=0 SlopeVerts=2088
[+22:49:49.020] VoxelChunk: GenerateAsync (0,0,2)
[+22:49:49.021] VoxelMesh: Chunk X=0 Y=0 Z=2 FlatVerts=0 SlopeVerts=930
[+22:49:49.123] VoxelMesh: Chunk X=0 Y=0 Z=0 FlatVerts=0 SlopeVerts=384
[+22:49:49.124] VoxelChunk: GenerateAsync (1,1,2)
[+22:49:49.125] VoxelMesh: Chunk X=1 Y=1 Z=2 FlatVerts=0 SlopeVerts=0
[+22:49:49.226] VoxelMesh: Chunk X=0 Y=0 Z=0 FlatVerts=0 SlopeVerts=0
[+22:49:49.227] VoxelChunk: GenerateAsync (-1,2,2)
[+22:49:49.229] VoxelMesh: Chunk X=-1 Y=2 Z=2 FlatVerts=0 SlopeVerts=114
[+22:49:49.330] VoxelMesh: Chunk X=0 Y=0 Z=0 FlatVerts=588 SlopeVerts=1656
[+22:49:49.332] VoxelChunk: GenerateAsync (-2,-1,1)
[+22:49:49.334] VoxelMesh: Chunk X=-2 Y=-1 Z=1 FlatVerts=0 SlopeVerts=0
[+22:49:49.434] VoxelMesh: Chunk X=0 Y=0 Z=0 FlatVerts=126 SlopeVerts=13854
[+22:49:49.444] VoxelChunk: GenerateAsync (2,-2,1)
[+22:49:49.445] VoxelMesh: Chunk X=2 Y=-2 Z=1 FlatVerts=228 SlopeVerts=2958
[+22:49:49.539] VoxelMesh: Chunk X=0 Y=0 Z=0 FlatVerts=5688 SlopeVerts=6942
[+22:49:49.550] VoxelChunk: GenerateAsync (2,2,1)
[+22:49:49.553] VoxelMesh: Chunk X=2 Y=2 Z=1 FlatVerts=0 SlopeVerts=672
[+22:49:49.645] VoxelMesh: Chunk X=0 Y=0 Z=0 FlatVerts=1248 SlopeVerts=3060
[+22:49:49.649] VoxelChunk: GenerateAsync (1,2,1)
[+22:49:49.650] VoxelMesh: Chunk X=1 Y=2 Z=1 FlatVerts=132 SlopeVerts=2694
[+22:49:49.753] VoxelMesh: Chunk X=0 Y=0 Z=0 FlatVerts=0 SlopeVerts=72
[+22:49:49.754] VoxelChunk: GenerateAsync (-1,0,2)
[+22:49:49.755] VoxelMesh: Chunk X=-1 Y=0 Z=2 FlatVerts=36 SlopeVerts=2820
[+22:49:49.858] VoxelMesh: Chunk X=0 Y=0 Z=0 FlatVerts=6 SlopeVerts=420
[+22:49:49.859] VoxelChunk: GenerateAsync (0,2,1)
[+22:49:49.860] VoxelMesh: Chunk X=0 Y=2 Z=1 FlatVerts=1284 SlopeVerts=0
[+22:49:49.961] VoxelMesh: Chunk X=0 Y=0 Z=0 FlatVerts=0 SlopeVerts=0
[+22:49:49.962] VoxelChunk: GenerateAsync (-1,2,1)
[+22:49:49.963] VoxelMesh: Chunk X=-1 Y=2 Z=1 FlatVerts=798 SlopeVerts=1308
[+22:49:50.063] VoxelMesh: Chunk X=0 Y=0 Z=0 FlatVerts=0 SlopeVerts=0
[+22:49:50.064] VoxelChunk: GenerateAsync (-2,0,2)
[+22:49:50.065] VoxelMesh: Chunk X=-2 Y=0 Z=2 FlatVerts=108 SlopeVerts=2652
[+22:49:50.167] VoxelMesh: Chunk X=0 Y=0 Z=0 FlatVerts=0 SlopeVerts=0
[+22:49:50.168] VoxelChunk: GenerateAsync (0,1,2)
[+22:49:50.169] VoxelMesh: Chunk X=0 Y=1 Z=2 FlatVerts=0 SlopeVerts=0
[+22:49:50.270] VoxelMesh: Chunk X=0 Y=0 Z=0 FlatVerts=1890 SlopeVerts=1116
[+22:49:50.273] VoxelChunk: GenerateAsync (2,2,2)
[+22:49:50.275] VoxelMesh: Chunk X=2 Y=2 Z=2 FlatVerts=0 SlopeVerts=1560
[+22:49:50.377] VoxelMesh: Chunk X=0 Y=0 Z=0 FlatVerts=204 SlopeVerts=30864
[+22:49:50.400] VoxelChunk: GenerateAsync (2,-1,2)
[+22:49:50.401] VoxelMesh: Chunk X=2 Y=-1 Z=2 FlatVerts=0 SlopeVerts=0
[+22:49:50.480] VoxelMesh: Chunk X=0 Y=0 Z=0 FlatVerts=0 SlopeVerts=25506
[+22:49:50.497] VoxelChunk: GenerateAsync (1,-1,2)
[+22:49:50.499] VoxelMesh: Chunk X=1 Y=-1 Z=2 FlatVerts=24 SlopeVerts=306
[+22:49:50.584] VoxelMesh: Chunk X=0 Y=0 Z=0 FlatVerts=0 SlopeVerts=0
[+22:49:50.585] VoxelChunk: GenerateAsync (-1,1,2)
[+22:49:50.586] VoxelMesh: Chunk X=-1 Y=1 Z=2 FlatVerts=78 SlopeVerts=4026
[+22:49:50.690] VoxelMesh: Chunk X=0 Y=0 Z=0 FlatVerts=0 SlopeVerts=0
[+22:49:50.691] VoxelChunk: GenerateAsync (-2,2,2)
[+22:49:50.691] VoxelMesh: Chunk X=-2 Y=2 Z=2 FlatVerts=0 SlopeVerts=2922
[+22:49:50.794] VoxelMesh: Chunk X=0 Y=0 Z=0 FlatVerts=0 SlopeVerts=0
[+22:49:50.794] VoxelChunk: GenerateAsync (0,2,2)
[+22:49:50.795] VoxelMesh: Chunk X=0 Y=2 Z=2 FlatVerts=0 SlopeVerts=0
[+22:49:50.898] VoxelMesh: Chunk X=0 Y=0 Z=0 FlatVerts=0 SlopeVerts=6
[+22:49:50.898] VoxelChunk: GenerateAsync (1,2,2)
[+22:49:50.900] VoxelMesh: Chunk X=1 Y=2 Z=2 FlatVerts=0 SlopeVerts=1476
[+22:49:51.005] VoxelMesh: Chunk X=0 Y=0 Z=0 FlatVerts=60 SlopeVerts=936
[+22:49:51.006] VoxelChunk: GenerateAsync (-2,2,1)
[+22:49:51.009] VoxelMesh: Chunk X=-2 Y=2 Z=1 FlatVerts=0 SlopeVerts=1896
[+22:49:51.102] VoxelMesh: Chunk X=0 Y=0 Z=0 FlatVerts=2706 SlopeVerts=12882
[+22:49:51.114] VoxelChunk: GenerateAsync (2,1,1)
[+22:49:51.116] VoxelMesh: Chunk X=2 Y=1 Z=1 FlatVerts=0 SlopeVerts=2430
[+22:49:51.208] VoxelMesh: Chunk X=0 Y=0 Z=0 FlatVerts=0 SlopeVerts=0
[+22:49:51.208] VoxelChunk: GenerateAsync (-1,1,-2)
[+22:49:51.210] VoxelMesh: Chunk X=-1 Y=1 Z=-2 FlatVerts=0 SlopeVerts=0
[+22:49:51.312] VoxelMesh: Chunk X=0 Y=0 Z=0 FlatVerts=0 SlopeVerts=0
[+22:49:51.312] VoxelChunk: GenerateAsync (2,-2,-1)
[+22:49:51.313] VoxelMesh: Chunk X=2 Y=-2 Z=-1 FlatVerts=0 SlopeVerts=0
[+22:49:51.414] VoxelMesh: Chunk X=0 Y=0 Z=0 FlatVerts=10176 SlopeVerts=4224
[+22:49:51.428] VoxelChunk: GenerateAsync (1,2,0)
[+22:49:51.429] VoxelMesh: Chunk X=1 Y=2 Z=0 FlatVerts=1620 SlopeVerts=264
[+22:49:51.516] VoxelMesh: Chunk X=0 Y=0 Z=0 FlatVerts=10800 SlopeVerts=684
[+22:49:51.530] VoxelChunk: GenerateAsync (0,2,0)
[+22:49:51.530] VoxelMesh: Chunk X=0 Y=2 Z=0 FlatVerts=1302 SlopeVerts=0
[+22:49:51.623] VoxelMesh: Chunk X=0 Y=0 Z=0 FlatVerts=486 SlopeVerts=6630
[+22:49:51.628] VoxelChunk: GenerateAsync (2,-1,0)
[+22:49:51.628] VoxelMesh: Chunk X=2 Y=-1 Z=0 FlatVerts=1668 SlopeVerts=474
[+22:49:51.730] VoxelMesh: Chunk X=0 Y=0 Z=0 FlatVerts=0 SlopeVerts=0
[+22:49:51.730] VoxelChunk: GenerateAsync (-1,0,-2)
[+22:49:51.732] VoxelMesh: Chunk X=-1 Y=0 Z=-2 FlatVerts=0 SlopeVerts=0
[+22:49:51.832] VoxelMesh: Chunk X=0 Y=0 Z=0 FlatVerts=540 SlopeVerts=17766
[+22:49:51.846] VoxelChunk: GenerateAsync (0,-2,1)
[+22:49:51.847] VoxelMesh: Chunk X=0 Y=-2 Z=1 FlatVerts=0 SlopeVerts=0
[+22:49:51.938] VoxelMesh: Chunk X=0 Y=0 Z=0 FlatVerts=1062 SlopeVerts=768
[+22:49:51.941] VoxelChunk: GenerateAsync (-1,-2,-1)
[+22:49:51.943] VoxelMesh: Chunk X=-1 Y=-2 Z=-1 FlatVerts=0 SlopeVerts=0
[+22:49:52.042] VoxelMesh: Chunk X=0 Y=0 Z=0 FlatVerts=10326 SlopeVerts=6
[+22:49:52.054] VoxelChunk: GenerateAsync (-2,1,-1)
[+22:49:52.055] VoxelMesh: Chunk X=-2 Y=1 Z=-1 FlatVerts=0 SlopeVerts=0
[+22:49:52.146] VoxelMesh: Chunk X=0 Y=0 Z=0 FlatVerts=0 SlopeVerts=0
[+22:49:52.146] VoxelChunk: GenerateAsync (-1,2,-2)
[+22:49:52.148] VoxelMesh: Chunk X=-1 Y=2 Z=-2 FlatVerts=0 SlopeVerts=0
[+22:49:52.247] VoxelMesh: Chunk X=0 Y=0 Z=0 FlatVerts=1860 SlopeVerts=11520
[+22:49:52.257] VoxelChunk: GenerateAsync (2,0,0)
[+22:49:52.258] VoxelMesh: Chunk X=2 Y=0 Z=0 FlatVerts=2574 SlopeVerts=12
[+22:49:52.350] VoxelMesh: Chunk X=0 Y=0 Z=0 FlatVerts=0 SlopeVerts=0
[+22:49:52.350] VoxelChunk: GenerateAsync (-2,-1,-2)
[+22:49:52.352] VoxelMesh: Chunk X=-2 Y=-1 Z=-2 FlatVerts=0 SlopeVerts=0
[+22:49:52.454] VoxelMesh: Chunk X=0 Y=0 Z=0 FlatVerts=0 SlopeVerts=6
[+22:49:52.454] VoxelChunk: GenerateAsync (0,-2,-1)
[+22:49:52.455] VoxelMesh: Chunk X=0 Y=-2 Z=-1 FlatVerts=0 SlopeVerts=0
[+22:49:52.558] VoxelMesh: Chunk X=0 Y=0 Z=0 FlatVerts=0 SlopeVerts=0
[+22:49:52.558] VoxelChunk: GenerateAsync (2,-1,-2)
[+22:49:52.559] VoxelMesh: Chunk X=2 Y=-1 Z=-2 FlatVerts=0 SlopeVerts=0
[+22:49:52.658] VoxelMesh: Chunk X=0 Y=0 Z=0 FlatVerts=0 SlopeVerts=0
[+22:49:52.659] VoxelChunk: GenerateAsync (-2,2,-2)
[+22:49:52.660] VoxelMesh: Chunk X=-2 Y=2 Z=-2 FlatVerts=0 SlopeVerts=0
[+22:49:52.761] VoxelMesh: Chunk X=0 Y=0 Z=0 FlatVerts=4062 SlopeVerts=1368
[+22:49:52.766] VoxelChunk: GenerateAsync (2,2,-1)
[+22:49:52.768] VoxelMesh: Chunk X=2 Y=2 Z=-1 FlatVerts=0 SlopeVerts=0
[+22:49:52.869] VoxelMesh: Chunk X=0 Y=0 Z=0 FlatVerts=4950 SlopeVerts=10122
[+22:49:52.882] VoxelChunk: GenerateAsync (-2,-2,0)
[+22:49:52.883] VoxelMesh: Chunk X=-2 Y=-2 Z=0 FlatVerts=0 SlopeVerts=0
[+22:49:52.975] VoxelMesh: Chunk X=0 Y=0 Z=0 FlatVerts=10050 SlopeVerts=48
[+22:49:52.988] VoxelChunk: GenerateAsync (-2,0,0)
[+22:49:52.990] VoxelMesh: Chunk X=-2 Y=0 Z=0 FlatVerts=0 SlopeVerts=0
[+22:49:53.081] VoxelMesh: Chunk X=0 Y=0 Z=0 FlatVerts=5886 SlopeVerts=12186
[+22:49:53.098] VoxelChunk: GenerateAsync (2,1,0)
[+22:49:53.099] VoxelMesh: Chunk X=2 Y=1 Z=0 FlatVerts=1908 SlopeVerts=510
[+22:49:53.185] VoxelMesh: Chunk X=0 Y=0 Z=0 FlatVerts=0 SlopeVerts=0
[+22:49:53.185] VoxelChunk: GenerateAsync (0,2,-2)
[+22:49:53.187] VoxelMesh: Chunk X=0 Y=2 Z=-2 FlatVerts=0 SlopeVerts=0
[+22:49:53.287] VoxelMesh: Chunk X=0 Y=0 Z=0 FlatVerts=0 SlopeVerts=0
[+22:49:53.288] VoxelChunk: GenerateAsync (-1,-1,-2)
[+22:49:53.290] VoxelMesh: Chunk X=-1 Y=-1 Z=-2 FlatVerts=0 SlopeVerts=0
[+22:49:53.389] VoxelMesh: Chunk X=0 Y=0 Z=0 FlatVerts=3414 SlopeVerts=1902
[+22:49:53.394] VoxelChunk: GenerateAsync (2,1,-1)
[+22:49:53.395] VoxelMesh: Chunk X=2 Y=1 Z=-1 FlatVerts=0 SlopeVerts=0
[+22:49:53.497] VoxelMesh: Chunk X=0 Y=0 Z=0 FlatVerts=0 SlopeVerts=0
[+22:49:53.497] VoxelChunk: GenerateAsync (1,-2,-1)
[+22:49:53.499] VoxelMesh: Chunk X=1 Y=-2 Z=-1 FlatVerts=0 SlopeVerts=0
[+22:49:53.599] VoxelMesh: Chunk X=0 Y=0 Z=0 FlatVerts=0 SlopeVerts=0
[+22:49:53.600] VoxelChunk: GenerateAsync (0,-1,-2)
[+22:49:53.601] VoxelMesh: Chunk X=0 Y=-1 Z=-2 FlatVerts=0 SlopeVerts=0
[+22:49:53.699] VoxelMesh: Chunk X=0 Y=0 Z=0 FlatVerts=10050 SlopeVerts=48
[+22:49:53.713] VoxelChunk: GenerateAsync (-2,0,-1)
[+22:49:53.715] VoxelMesh: Chunk X=-2 Y=0 Z=-1 FlatVerts=0 SlopeVerts=0
[+22:49:53.807] VoxelMesh: Chunk X=0 Y=0 Z=0 FlatVerts=0 SlopeVerts=0
[+22:49:53.807] VoxelChunk: GenerateAsync (-1,-2,-2)
[+22:49:53.808] VoxelMesh: Chunk X=-1 Y=-2 Z=-2 FlatVerts=0 SlopeVerts=0
[+22:49:53.908] VoxelMesh: Chunk X=0 Y=0 Z=0 FlatVerts=0 SlopeVerts=0
[+22:49:53.909] VoxelChunk: GenerateAsync (0,0,-2)
[+22:49:53.911] VoxelMesh: Chunk X=0 Y=0 Z=-2 FlatVerts=0 SlopeVerts=0
[+22:49:54.013] VoxelMesh: Chunk X=0 Y=0 Z=0 FlatVerts=0 SlopeVerts=0
[+22:49:54.013] VoxelChunk: GenerateAsync (2,0,-2)
[+22:49:54.015] VoxelMesh: Chunk X=2 Y=0 Z=-2 FlatVerts=0 SlopeVerts=0
[+22:49:54.114] VoxelMesh: Chunk X=0 Y=0 Z=0 FlatVerts=0 SlopeVerts=0
[+22:49:54.115] VoxelChunk: GenerateAsync (-2,1,-2)
[+22:49:54.116] VoxelMesh: Chunk X=-2 Y=1 Z=-2 FlatVerts=0 SlopeVerts=0
[+22:49:54.216] VoxelMesh: Chunk X=0 Y=0 Z=0 FlatVerts=10242 SlopeVerts=0
[+22:49:54.223] VoxelChunk: GenerateAsync (-1,2,0)
[+22:49:54.223] VoxelMesh: Chunk X=-1 Y=2 Z=0 FlatVerts=1380 SlopeVerts=504
[+22:49:54.324] VoxelMesh: Chunk X=0 Y=0 Z=0 FlatVerts=2334 SlopeVerts=10488
[+22:49:54.333] VoxelChunk: GenerateAsync (-1,-2,0)
[+22:49:54.334] VoxelMesh: Chunk X=-1 Y=-2 Z=0 FlatVerts=0 SlopeVerts=0
[+22:49:54.427] VoxelMesh: Chunk X=0 Y=0 Z=0 FlatVerts=0 SlopeVerts=0
[+22:49:54.428] VoxelChunk: GenerateAsync (2,2,-2)
[+22:49:54.429] VoxelMesh: Chunk X=2 Y=2 Z=-2 FlatVerts=0 SlopeVerts=0
[+22:49:54.533] VoxelMesh: Chunk X=0 Y=0 Z=0 FlatVerts=72 SlopeVerts=10386
[+22:49:54.540] VoxelChunk: GenerateAsync (1,-2,1)
[+22:49:54.540] VoxelMesh: Chunk X=1 Y=-2 Z=1 FlatVerts=42 SlopeVerts=1626
[+22:49:54.633] VoxelMesh: Chunk X=0 Y=0 Z=0 FlatVerts=0 SlopeVerts=0
[+22:49:54.634] VoxelChunk: GenerateAsync (-2,-2,-2)
[+22:49:54.636] VoxelMesh: Chunk X=-2 Y=-2 Z=-2 FlatVerts=0 SlopeVerts=0
[+22:49:54.737] VoxelMesh: Chunk X=0 Y=0 Z=0 FlatVerts=9300 SlopeVerts=1902
[+22:49:54.752] VoxelChunk: GenerateAsync (-2,2,0)
[+22:49:54.753] VoxelMesh: Chunk X=-2 Y=2 Z=0 FlatVerts=0 SlopeVerts=90
[+22:49:54.847] VoxelMesh: Chunk X=0 Y=0 Z=0 FlatVerts=0 SlopeVerts=0
[+22:49:54.847] VoxelChunk: GenerateAsync (2,-2,-2)
[+22:49:54.849] VoxelMesh: Chunk X=2 Y=-2 Z=-2 FlatVerts=0 SlopeVerts=0
[+22:49:54.949] VoxelMesh: Chunk X=0 Y=0 Z=0 FlatVerts=0 SlopeVerts=0
[+22:49:54.950] VoxelChunk: GenerateAsync (1,2,-2)
[+22:49:54.952] VoxelMesh: Chunk X=1 Y=2 Z=-2 FlatVerts=0 SlopeVerts=0
[+22:49:55.053] VoxelMesh: Chunk X=0 Y=0 Z=0 FlatVerts=0 SlopeVerts=0
[+22:49:55.053] VoxelChunk: GenerateAsync (1,-2,-2)
[+22:49:55.055] VoxelMesh: Chunk X=1 Y=-2 Z=-2 FlatVerts=0 SlopeVerts=0
[+22:49:55.155] VoxelMesh: Chunk X=0 Y=0 Z=0 FlatVerts=7686 SlopeVerts=7368
[+22:49:55.170] VoxelChunk: GenerateAsync (2,2,0)
[+22:49:55.171] VoxelMesh: Chunk X=2 Y=2 Z=0 FlatVerts=30 SlopeVerts=0
[+22:49:55.253] VoxelMesh: Chunk X=0 Y=0 Z=0 FlatVerts=3444 SlopeVerts=1092
[+22:49:55.259] VoxelChunk: GenerateAsync (-2,-2,-1)
[+22:49:55.260] VoxelMesh: Chunk X=-2 Y=-2 Z=-1 FlatVerts=0 SlopeVerts=0
[+22:49:55.363] VoxelMesh: Chunk X=0 Y=0 Z=0 FlatVerts=0 SlopeVerts=0
[+22:49:55.364] VoxelChunk: GenerateAsync (0,-2,-2)
[+22:49:55.365] VoxelMesh: Chunk X=0 Y=-2 Z=-2 FlatVerts=0 SlopeVerts=0
[+22:49:55.463] VoxelMesh: Chunk X=0 Y=0 Z=0 FlatVerts=10242 SlopeVerts=0
[+22:49:55.470] VoxelChunk: GenerateAsync (-1,2,-1)
[+22:49:55.470] VoxelMesh: Chunk X=-1 Y=2 Z=-1 FlatVerts=0 SlopeVerts=0
[+22:49:55.574] VoxelMesh: Chunk X=0 Y=0 Z=0 FlatVerts=1434 SlopeVerts=13392
[+22:49:55.584] VoxelChunk: GenerateAsync (-2,-2,1)
[+22:49:55.585] VoxelMesh: Chunk X=-2 Y=-2 Z=1 FlatVerts=0 SlopeVerts=576
[+22:49:55.676] VoxelMesh: Chunk X=0 Y=0 Z=0 FlatVerts=7932 SlopeVerts=1092
[+22:49:55.686] VoxelChunk: GenerateAsync (-2,-1,-1)
[+22:49:55.688] VoxelMesh: Chunk X=-2 Y=-1 Z=-1 FlatVerts=0 SlopeVerts=0
[+22:49:55.783] VoxelMesh: Chunk X=0 Y=0 Z=0 FlatVerts=0 SlopeVerts=0
[+22:49:55.783] VoxelChunk: GenerateAsync (1,-1,-2)
[+22:49:55.785] VoxelMesh: Chunk X=1 Y=-1 Z=-2 FlatVerts=0 SlopeVerts=0
[+22:49:55.886] VoxelMesh: Chunk X=0 Y=0 Z=0 FlatVerts=12 SlopeVerts=30
[+22:49:55.886] VoxelChunk: GenerateAsync (2,-1,-1)
[+22:49:55.887] VoxelMesh: Chunk X=2 Y=-1 Z=-1 FlatVerts=0 SlopeVerts=0
[+22:49:55.988] VoxelMesh: Chunk X=0 Y=0 Z=0 FlatVerts=8928 SlopeVerts=1170
[+22:49:56.000] VoxelChunk: GenerateAsync (1,2,-1)
[+22:49:56.001] VoxelMesh: Chunk X=1 Y=2 Z=-1 FlatVerts=0 SlopeVerts=0
[+22:49:56.095] VoxelMesh: Chunk X=0 Y=0 Z=0 FlatVerts=1302 SlopeVerts=20760
[+22:49:56.113] VoxelChunk: GenerateAsync (-1,-2,1)
[+22:49:56.114] VoxelMesh: Chunk X=-1 Y=-2 Z=1 FlatVerts=18 SlopeVerts=168
[+22:49:56.197] VoxelMesh: Chunk X=0 Y=0 Z=0 FlatVerts=324 SlopeVerts=1146
[+22:49:56.198] VoxelChunk: GenerateAsync (2,0,-1)
[+22:49:56.199] VoxelMesh: Chunk X=2 Y=0 Z=-1 FlatVerts=0 SlopeVerts=0
[+22:49:56.310] VoxelMesh: Chunk X=0 Y=0 Z=0 FlatVerts=0 SlopeVerts=0
[+22:49:56.310] VoxelChunk: GenerateAsync (-2,0,-2)
[+22:49:56.312] VoxelMesh: Chunk X=-2 Y=0 Z=-2 FlatVerts=0 SlopeVerts=0
[+22:49:56.408] VoxelMesh: Chunk X=0 Y=0 Z=0 FlatVerts=0 SlopeVerts=0
[+22:49:56.408] VoxelChunk: GenerateAsync (1,0,-2)
[+22:49:56.410] VoxelMesh: Chunk X=1 Y=0 Z=-2 FlatVerts=0 SlopeVerts=0
[+22:49:56.512] VoxelMesh: Chunk X=0 Y=0 Z=0 FlatVerts=72 SlopeVerts=4344
[+22:49:56.515] VoxelChunk: GenerateAsync (2,-2,0)
[+22:49:56.516] VoxelMesh: Chunk X=2 Y=-2 Z=0 FlatVerts=0 SlopeVerts=156
[+22:49:56.607] VoxelMesh: Chunk X=0 Y=0 Z=0 FlatVerts=9240 SlopeVerts=966
[+22:49:56.619] VoxelChunk: GenerateAsync (-2,2,-1)
[+22:49:56.620] VoxelMesh: Chunk X=-2 Y=2 Z=-1 FlatVerts=0 SlopeVerts=0
[+22:49:56.982] VoxelMesh: Chunk X=0 Y=0 Z=0 FlatVerts=10794 SlopeVerts=264
[+22:49:56.999] VoxelChunk: GenerateAsync (0,2,-1)
[+22:49:57.000] VoxelMesh: Chunk X=0 Y=2 Z=-1 FlatVerts=0 SlopeVerts=0
[+22:49:57.313] VoxelMesh: Chunk X=0 Y=0 Z=0 FlatVerts=10326 SlopeVerts=6
[+22:49:57.326] VoxelChunk: GenerateAsync (-2,1,0)
[+22:49:57.328] VoxelMesh: Chunk X=-2 Y=1 Z=0 FlatVerts=0 SlopeVerts=0
[+22:49:57.646] VoxelMesh: Chunk X=0 Y=0 Z=0 FlatVerts=0 SlopeVerts=0
[+22:49:57.646] VoxelChunk: GenerateAsync (0,1,-2)
[+22:49:57.647] VoxelMesh: Chunk X=0 Y=1 Z=-2 FlatVerts=0 SlopeVerts=0
[+22:49:57.980] VoxelMesh: Chunk X=0 Y=0 Z=0 FlatVerts=0 SlopeVerts=0
[+22:49:57.980] VoxelChunk: GenerateAsync (1,1,-2)
[+22:49:57.981] VoxelMesh: Chunk X=1 Y=1 Z=-2 FlatVerts=0 SlopeVerts=0
[+22:49:58.314] VoxelMesh: Chunk X=0 Y=0 Z=0 FlatVerts=0 SlopeVerts=0
[+22:49:58.314] VoxelChunk: GenerateAsync (2,1,-2)
[+22:49:58.316] VoxelMesh: Chunk X=2 Y=1 Z=-2 FlatVerts=0 SlopeVerts=0
[+22:49:58.646] VoxelMesh: Chunk X=0 Y=0 Z=0 FlatVerts=510 SlopeVerts=6414
[+22:49:58.651] VoxelChunk: GenerateAsync (0,-2,0)
[+22:49:58.652] VoxelMesh: Chunk X=0 Y=-2 Z=0 FlatVerts=0 SlopeVerts=0
[+22:49:58.981] VoxelMesh: Chunk X=0 Y=0 Z=0 FlatVerts=72 SlopeVerts=3438
[+22:49:58.983] VoxelChunk: GenerateAsync (1,-2,0)
[+22:49:58.984] VoxelMesh: Chunk X=1 Y=-2 Z=0 FlatVerts=0 SlopeVerts=0
[+22:49:59.313] VoxelMesh: Chunk X=0 Y=0 Z=0 FlatVerts=8580 SlopeVerts=2688
[+22:49:59.325] VoxelChunk: GenerateAsync (-2,-1,0)
[+22:49:59.327] VoxelMesh: Chunk X=-2 Y=-1 Z=0 FlatVerts=0 SlopeVerts=0
[+22:49:59.647] VoxelMesh: Chunk X=0 Y=0 Z=0 FlatVerts=0 SlopeVerts=0
[+22:49:59.648] VoxelChunk: GenerateAsync (-2,-3,-2)
[+22:49:59.649] VoxelMesh: Chunk X=-2 Y=-3 Z=-2 FlatVerts=0 SlopeVerts=0
[+22:49:59.980] VoxelMesh: Chunk X=0 Y=0 Z=0 FlatVerts=0 SlopeVerts=0
[+22:49:59.980] VoxelChunk: GenerateAsync (-3,2,-2)
[+22:49:59.982] VoxelMesh: Chunk X=-3 Y=2 Z=-2 FlatVerts=0 SlopeVerts=0
[+22:50:00.314] VoxelMesh: Chunk X=0 Y=0 Z=0 FlatVerts=0 SlopeVerts=660
[+22:50:00.315] VoxelChunk: GenerateAsync (3,-3,0)
[+22:50:00.316] VoxelMesh: Chunk X=3 Y=-3 Z=0 FlatVerts=0 SlopeVerts=0
[+22:50:00.649] VoxelMesh: Chunk X=0 Y=0 Z=0 FlatVerts=0 SlopeVerts=0
[+22:50:00.649] VoxelChunk: GenerateAsync (-1,-3,-2)
[+22:50:00.650] VoxelMesh: Chunk X=-1 Y=-3 Z=-2 FlatVerts=0 SlopeVerts=0
[+22:50:00.982] VoxelMesh: Chunk X=0 Y=0 Z=0 FlatVerts=0 SlopeVerts=0
[+22:50:00.983] VoxelChunk: GenerateAsync (3,1,-3)
[+22:50:00.984] VoxelMesh: Chunk X=3 Y=1 Z=-3 FlatVerts=0 SlopeVerts=0
[+22:50:01.316] VoxelMesh: Chunk X=0 Y=0 Z=0 FlatVerts=0 SlopeVerts=0
[+22:50:01.316] VoxelChunk: GenerateAsync (3,3,3)
[+22:50:01.318] VoxelMesh: Chunk X=3 Y=3 Z=3 FlatVerts=78 SlopeVerts=2466
[+22:50:01.652] VoxelMesh: Chunk X=0 Y=0 Z=0 FlatVerts=0 SlopeVerts=0
[+22:50:01.653] VoxelChunk: GenerateAsync (3,1,-2)
[+22:50:01.655] VoxelMesh: Chunk X=3 Y=1 Z=-2 FlatVerts=0 SlopeVerts=0
[+22:50:01.980] VoxelMesh: Chunk X=0 Y=0 Z=0 FlatVerts=5904 SlopeVerts=10266
[+22:50:01.995] VoxelChunk: GenerateAsync (-3,-2,0)
[+22:50:01.996] VoxelMesh: Chunk X=-3 Y=-2 Z=0 FlatVerts=0 SlopeVerts=0
[+22:50:02.316] VoxelMesh: Chunk X=0 Y=0 Z=0 FlatVerts=0 SlopeVerts=0
[+22:50:02.316] VoxelChunk: GenerateAsync (0,-3,-2)
[+22:50:02.318] VoxelMesh: Chunk X=0 Y=-3 Z=-2 FlatVerts=0 SlopeVerts=0
[+22:50:02.648] VoxelMesh: Chunk X=0 Y=0 Z=0 FlatVerts=8664 SlopeVerts=2394
[+22:50:02.661] VoxelChunk: GenerateAsync (-3,-1,0)
[+22:50:02.663] VoxelMesh: Chunk X=-3 Y=-1 Z=0 FlatVerts=0 SlopeVerts=0
[+22:50:02.982] VoxelMesh: Chunk X=0 Y=0 Z=0 FlatVerts=0 SlopeVerts=0
[+22:50:02.982] VoxelChunk: GenerateAsync (1,-3,-2)
[+22:50:02.984] VoxelMesh: Chunk X=1 Y=-3 Z=-2 FlatVerts=0 SlopeVerts=0
[+22:50:03.315] VoxelMesh: Chunk X=0 Y=0 Z=0 FlatVerts=0 SlopeVerts=0
[+22:50:03.315] VoxelChunk: GenerateAsync (-3,2,-3)
[+22:50:03.316] VoxelMesh: Chunk X=-3 Y=2 Z=-3 FlatVerts=0 SlopeVerts=0
[+22:50:03.647] VoxelMesh: Chunk X=0 Y=0 Z=0 FlatVerts=0 SlopeVerts=0
[+22:50:03.649] VoxelChunk: GenerateAsync (2,0,-3)
[+22:50:03.650] VoxelMesh: Chunk X=2 Y=0 Z=-3 FlatVerts=0 SlopeVerts=0
[+22:50:03.981] VoxelMesh: Chunk X=0 Y=0 Z=0 FlatVerts=0 SlopeVerts=0
[+22:50:03.981] VoxelChunk: GenerateAsync (3,2,-2)
[+22:50:03.984] VoxelMesh: Chunk X=3 Y=2 Z=-2 FlatVerts=0 SlopeVerts=0
[+22:50:04.314] VoxelMesh: Chunk X=0 Y=0 Z=0 FlatVerts=0 SlopeVerts=0
[+22:50:04.315] VoxelChunk: GenerateAsync (-3,3,-2)
[+22:50:04.316] VoxelMesh: Chunk X=-3 Y=3 Z=-2 FlatVerts=0 SlopeVerts=0
[+22:50:04.650] VoxelMesh: Chunk X=0 Y=0 Z=0 FlatVerts=0 SlopeVerts=0
[+22:50:04.651] VoxelChunk: GenerateAsync (2,-3,-2)
[+22:50:04.653] VoxelMesh: Chunk X=2 Y=-3 Z=-2 FlatVerts=0 SlopeVerts=0
[+22:50:04.980] VoxelMesh: Chunk X=0 Y=0 Z=0 FlatVerts=0 SlopeVerts=0
[+22:50:04.980] VoxelChunk: GenerateAsync (-2,3,-2)
[+22:50:04.982] VoxelMesh: Chunk X=-2 Y=3 Z=-2 FlatVerts=0 SlopeVerts=0
[+22:50:05.314] VoxelMesh: Chunk X=0 Y=0 Z=0 FlatVerts=0 SlopeVerts=0
[+22:50:05.314] VoxelChunk: GenerateAsync (-1,3,-2)
[+22:50:05.316] VoxelMesh: Chunk X=-1 Y=3 Z=-2 FlatVerts=0 SlopeVerts=0
[+22:50:05.649] VoxelMesh: Chunk X=0 Y=0 Z=0 FlatVerts=0 SlopeVerts=0
[+22:50:05.649] VoxelChunk: GenerateAsync (3,-3,-2)
[+22:50:05.651] VoxelMesh: Chunk X=3 Y=-3 Z=-2 FlatVerts=0 SlopeVerts=0
[+22:50:05.988] VoxelMesh: Chunk X=0 Y=0 Z=0 FlatVerts=0 SlopeVerts=0
[+22:50:05.989] VoxelChunk: GenerateAsync (-2,2,-3)
[+22:50:05.990] VoxelMesh: Chunk X=-2 Y=2 Z=-3 FlatVerts=0 SlopeVerts=0
[+22:50:06.313] VoxelMesh: Chunk X=0 Y=0 Z=0 FlatVerts=0 SlopeVerts=0
[+22:50:06.314] VoxelChunk: GenerateAsync (0,3,-2)
[+22:50:06.316] VoxelMesh: Chunk X=0 Y=3 Z=-2 FlatVerts=0 SlopeVerts=0
[+22:50:06.649] VoxelMesh: Chunk X=0 Y=0 Z=0 FlatVerts=0 SlopeVerts=0
[+22:50:06.649] VoxelChunk: GenerateAsync (1,3,-2)
[+22:50:06.651] VoxelMesh: Chunk X=1 Y=3 Z=-2 FlatVerts=0 SlopeVerts=0
[+22:50:06.981] VoxelMesh: Chunk X=0 Y=0 Z=0 FlatVerts=0 SlopeVerts=0
[+22:50:06.981] VoxelChunk: GenerateAsync (-3,-2,-2)
[+22:50:06.983] VoxelMesh: Chunk X=-3 Y=-2 Z=-2 FlatVerts=0 SlopeVerts=0
[+22:50:07.315] VoxelMesh: Chunk X=0 Y=0 Z=0 FlatVerts=0 SlopeVerts=0
[+22:50:07.315] VoxelChunk: GenerateAsync (2,3,-2)
[+22:50:07.317] VoxelMesh: Chunk X=2 Y=3 Z=-2 FlatVerts=0 SlopeVerts=0
[+22:50:07.649] VoxelMesh: Chunk X=0 Y=0 Z=0 FlatVerts=0 SlopeVerts=0
[+22:50:07.649] VoxelChunk: GenerateAsync (-1,-3,-3)
[+22:50:07.651] VoxelMesh: Chunk X=-1 Y=-3 Z=-3 FlatVerts=0 SlopeVerts=0
[+22:50:07.983] VoxelMesh: Chunk X=0 Y=0 Z=0 FlatVerts=0 SlopeVerts=0
[+22:50:07.983] VoxelChunk: GenerateAsync (3,3,-2)
[+22:50:07.985] VoxelMesh: Chunk X=3 Y=3 Z=-2 FlatVerts=0 SlopeVerts=0
[+22:50:08.316] VoxelMesh: Chunk X=0 Y=0 Z=0 FlatVerts=0 SlopeVerts=0
[+22:50:08.316] VoxelChunk: GenerateAsync (-1,2,-3)
[+22:50:08.317] VoxelMesh: Chunk X=-1 Y=2 Z=-3 FlatVerts=0 SlopeVerts=0
[+22:50:08.650] VoxelMesh: Chunk X=0 Y=0 Z=0 FlatVerts=0 SlopeVerts=0
[+22:50:08.650] VoxelChunk: GenerateAsync (3,0,-3)
[+22:50:08.652] VoxelMesh: Chunk X=3 Y=0 Z=-3 FlatVerts=0 SlopeVerts=0
[+22:50:08.982] VoxelMesh: Chunk X=0 Y=0 Z=0 FlatVerts=0 SlopeVerts=0
[+22:50:08.982] VoxelChunk: GenerateAsync (-2,0,-3)
[+22:50:08.984] VoxelMesh: Chunk X=-2 Y=0 Z=-3 FlatVerts=0 SlopeVerts=0
[+22:50:09.313] VoxelMesh: Chunk X=0 Y=0 Z=0 FlatVerts=1638 SlopeVerts=2652
[+22:50:09.317] VoxelChunk: GenerateAsync (-3,-3,-1)
[+22:50:09.318] VoxelMesh: Chunk X=-3 Y=-3 Z=-1 FlatVerts=0 SlopeVerts=0
[+22:50:09.646] VoxelMesh: Chunk X=0 Y=0 Z=0 FlatVerts=6810 SlopeVerts=10068
[+22:50:09.664] VoxelChunk: GenerateAsync (3,1,0)
[+22:50:09.665] VoxelMesh: Chunk X=3 Y=1 Z=0 FlatVerts=18 SlopeVerts=156
[+22:50:09.981] VoxelMesh: Chunk X=0 Y=0 Z=0 FlatVerts=1212 SlopeVerts=1014
[+22:50:09.984] VoxelChunk: GenerateAsync (-2,-3,-1)
[+22:50:09.985] VoxelMesh: Chunk X=-2 Y=-3 Z=-1 FlatVerts=0 SlopeVerts=0
[+22:50:10.316] VoxelMesh: Chunk X=0 Y=0 Z=0 FlatVerts=0 SlopeVerts=6
[+22:50:10.317] VoxelChunk: GenerateAsync (-1,-3,-1)
[+22:50:10.318] VoxelMesh: Chunk X=-1 Y=-3 Z=-1 FlatVerts=0 SlopeVerts=0
[+22:50:10.649] VoxelMesh: Chunk X=0 Y=0 Z=0 FlatVerts=0 SlopeVerts=0
[+22:50:10.649] VoxelChunk: GenerateAsync (1,-1,-3)
[+22:50:10.651] VoxelMesh: Chunk X=1 Y=-1 Z=-3 FlatVerts=0 SlopeVerts=0
[+22:50:10.984] VoxelMesh: Chunk X=0 Y=0 Z=0 FlatVerts=0 SlopeVerts=0
[+22:50:10.984] VoxelChunk: GenerateAsync (0,2,-3)
[+22:50:10.986] VoxelMesh: Chunk X=0 Y=2 Z=-3 FlatVerts=0 SlopeVerts=0
[+22:50:11.316] VoxelMesh: Chunk X=0 Y=0 Z=0 FlatVerts=0 SlopeVerts=0
[+22:50:11.317] VoxelChunk: GenerateAsync (2,-3,-1)
[+22:50:11.318] VoxelMesh: Chunk X=2 Y=-3 Z=-1 FlatVerts=0 SlopeVerts=0
[+22:50:11.662] VoxelMesh: Chunk X=0 Y=0 Z=0 FlatVerts=0 SlopeVerts=0
[+22:50:11.663] VoxelChunk: GenerateAsync (3,-3,-1)
[+22:50:11.666] VoxelMesh: Chunk X=3 Y=-3 Z=-1 FlatVerts=0 SlopeVerts=0
[+22:50:11.982] VoxelMesh: Chunk X=0 Y=0 Z=0 FlatVerts=4068 SlopeVerts=1104
[+22:50:11.990] VoxelChunk: GenerateAsync (-3,-2,-1)
[+22:50:11.992] VoxelMesh: Chunk X=-3 Y=-2 Z=-1 FlatVerts=0 SlopeVerts=0
[+22:50:12.318] VoxelMesh: Chunk X=0 Y=0 Z=0 FlatVerts=0 SlopeVerts=0
[+22:50:12.318] VoxelChunk: GenerateAsync (1,2,-3)
[+22:50:12.320] VoxelMesh: Chunk X=1 Y=2 Z=-3 FlatVerts=0 SlopeVerts=0
[+22:50:12.652] VoxelMesh: Chunk X=0 Y=0 Z=0 FlatVerts=0 SlopeVerts=0
[+22:50:12.652] VoxelChunk: GenerateAsync (-3,1,-3)
[+22:50:12.654] VoxelMesh: Chunk X=-3 Y=1 Z=-3 FlatVerts=0 SlopeVerts=0
[+22:50:12.985] VoxelMesh: Chunk X=0 Y=0 Z=0 FlatVerts=0 SlopeVerts=0
[+22:50:12.985] VoxelChunk: GenerateAsync (3,-2,-2)
[+22:50:12.987] VoxelMesh: Chunk X=3 Y=-2 Z=-2 FlatVerts=0 SlopeVerts=0
[+22:50:13.315] VoxelMesh: Chunk X=0 Y=0 Z=0 FlatVerts=0 SlopeVerts=0
[+22:50:13.315] VoxelChunk: GenerateAsync (-3,-1,-2)
[+22:50:13.316] VoxelMesh: Chunk X=-3 Y=-1 Z=-2 FlatVerts=0 SlopeVerts=0
[+22:50:13.652] VoxelMesh: Chunk X=0 Y=0 Z=0 FlatVerts=0 SlopeVerts=0
[+22:50:13.654] VoxelChunk: GenerateAsync (2,2,-3)
[+22:50:13.655] VoxelMesh: Chunk X=2 Y=2 Z=-3 FlatVerts=0 SlopeVerts=0
[+22:50:13.985] VoxelMesh: Chunk X=0 Y=0 Z=0 FlatVerts=0 SlopeVerts=0
[+22:50:13.985] VoxelChunk: GenerateAsync (0,-1,-3)
[+22:50:13.987] VoxelMesh: Chunk X=0 Y=-1 Z=-3 FlatVerts=0 SlopeVerts=0
[+22:50:14.313] VoxelMesh: Chunk X=0 Y=0 Z=0 FlatVerts=8286 SlopeVerts=942
[+22:50:14.325] VoxelChunk: GenerateAsync (-3,-1,-1)
[+22:50:14.326] VoxelMesh: Chunk X=-3 Y=-1 Z=-1 FlatVerts=0 SlopeVerts=0
[+22:50:14.651] VoxelMesh: Chunk X=0 Y=0 Z=0 FlatVerts=0 SlopeVerts=0
[+22:50:14.651] VoxelChunk: GenerateAsync (3,2,-3)
[+22:50:14.653] VoxelMesh: Chunk X=3 Y=2 Z=-3 FlatVerts=0 SlopeVerts=0
[+22:50:14.985] VoxelMesh: Chunk X=0 Y=0 Z=0 FlatVerts=0 SlopeVerts=0
[+22:50:14.985] VoxelChunk: GenerateAsync (-2,1,-3)
[+22:50:14.987] VoxelMesh: Chunk X=-2 Y=1 Z=-3 FlatVerts=0 SlopeVerts=0
[+22:50:15.317] VoxelMesh: Chunk X=0 Y=0 Z=0 FlatVerts=0 SlopeVerts=0
[+22:50:15.317] VoxelChunk: GenerateAsync (-1,0,-3)
[+22:50:15.319] VoxelMesh: Chunk X=-1 Y=0 Z=-3 FlatVerts=0 SlopeVerts=0
[+22:50:15.652] VoxelMesh: Chunk X=0 Y=0 Z=0 FlatVerts=0 SlopeVerts=0
[+22:50:15.653] VoxelChunk: GenerateAsync (3,-1,-3)
[+22:50:15.655] VoxelMesh: Chunk X=3 Y=-1 Z=-3 FlatVerts=0 SlopeVerts=0
[+22:50:15.985] VoxelMesh: Chunk X=0 Y=0 Z=0 FlatVerts=0 SlopeVerts=0
[+22:50:15.986] VoxelChunk: GenerateAsync (-2,-1,-3)
[+22:50:15.987] VoxelMesh: Chunk X=-2 Y=-1 Z=-3 FlatVerts=0 SlopeVerts=0
[+22:50:16.318] VoxelMesh: Chunk X=0 Y=0 Z=0 FlatVerts=0 SlopeVerts=0
[+22:50:16.318] VoxelChunk: GenerateAsync (-3,-1,-3)
[+22:50:16.319] VoxelMesh: Chunk X=-3 Y=-1 Z=-3 FlatVerts=0 SlopeVerts=0
[+22:50:16.651] VoxelMesh: Chunk X=0 Y=0 Z=0 FlatVerts=0 SlopeVerts=0
[+22:50:16.651] VoxelChunk: GenerateAsync (3,-2,-3)
[+22:50:16.653] VoxelMesh: Chunk X=3 Y=-2 Z=-3 FlatVerts=0 SlopeVerts=0
[+22:50:16.985] VoxelMesh: Chunk X=0 Y=0 Z=0 FlatVerts=0 SlopeVerts=0
[+22:50:16.986] VoxelChunk: GenerateAsync (-3,3,-3)
[+22:50:16.988] VoxelMesh: Chunk X=-3 Y=3 Z=-3 FlatVerts=0 SlopeVerts=0
[+22:50:17.317] VoxelMesh: Chunk X=0 Y=0 Z=0 FlatVerts=0 SlopeVerts=0
[+22:50:17.319] VoxelChunk: GenerateAsync (3,-1,-1)
[+22:50:17.320] VoxelMesh: Chunk X=3 Y=-1 Z=-1 FlatVerts=0 SlopeVerts=0
[+22:50:17.647] VoxelMesh: Chunk X=0 Y=0 Z=0 FlatVerts=9894 SlopeVerts=576
[+22:50:17.660] VoxelChunk: GenerateAsync (-3,0,-1)
[+22:50:17.662] VoxelMesh: Chunk X=-3 Y=0 Z=-1 FlatVerts=0 SlopeVerts=0
[+22:50:17.985] VoxelMesh: Chunk X=0 Y=0 Z=0 FlatVerts=0 SlopeVerts=0
[+22:50:17.985] VoxelChunk: GenerateAsync (2,-2,-3)
[+22:50:17.987] VoxelMesh: Chunk X=2 Y=-2 Z=-3 FlatVerts=0 SlopeVerts=0
[+22:50:18.320] VoxelMesh: Chunk X=0 Y=0 Z=0 FlatVerts=0 SlopeVerts=0
[+22:50:18.320] VoxelChunk: GenerateAsync (3,-1,-2)
[+22:50:18.321] VoxelMesh: Chunk X=3 Y=-1 Z=-2 FlatVerts=0 SlopeVerts=0
[+22:50:18.651] VoxelMesh: Chunk X=0 Y=0 Z=0 FlatVerts=0 SlopeVerts=0
[+22:50:18.652] VoxelChunk: GenerateAsync (-2,3,-3)
[+22:50:18.653] VoxelMesh: Chunk X=-2 Y=3 Z=-3 FlatVerts=0 SlopeVerts=0
[+22:50:18.984] VoxelMesh: Chunk X=0 Y=0 Z=0 FlatVerts=0 SlopeVerts=0
[+22:50:18.985] VoxelChunk: GenerateAsync (-1,1,-3)
[+22:50:18.986] VoxelMesh: Chunk X=-1 Y=1 Z=-3 FlatVerts=0 SlopeVerts=0
[+22:50:19.321] VoxelMesh: Chunk X=0 Y=0 Z=0 FlatVerts=0 SlopeVerts=0
[+22:50:19.322] VoxelChunk: GenerateAsync (1,-2,-3)
[+22:50:19.324] VoxelMesh: Chunk X=1 Y=-2 Z=-3 FlatVerts=0 SlopeVerts=0
[+22:50:19.650] VoxelMesh: Chunk X=0 Y=0 Z=0 FlatVerts=0 SlopeVerts=0
[+22:50:19.650] VoxelChunk: GenerateAsync (0,-2,-3)
[+22:50:19.651] VoxelMesh: Chunk X=0 Y=-2 Z=-3 FlatVerts=0 SlopeVerts=0
[+22:50:19.982] VoxelMesh: Chunk X=0 Y=0 Z=0 FlatVerts=0 SlopeVerts=0
[+22:50:19.983] VoxelChunk: GenerateAsync (-3,0,-2)
[+22:50:19.984] VoxelMesh: Chunk X=-3 Y=0 Z=-2 FlatVerts=0 SlopeVerts=0
[+22:50:20.316] VoxelMesh: Chunk X=0 Y=0 Z=0 FlatVerts=54 SlopeVerts=834
[+22:50:20.318] VoxelChunk: GenerateAsync (3,0,-1)
[+22:50:20.319] VoxelMesh: Chunk X=3 Y=0 Z=-1 FlatVerts=0 SlopeVerts=0
[+22:50:20.651] VoxelMesh: Chunk X=0 Y=0 Z=0 FlatVerts=0 SlopeVerts=0
[+22:50:20.651] VoxelChunk: GenerateAsync (-1,3,-3)
[+22:50:20.653] VoxelMesh: Chunk X=-1 Y=3 Z=-3 FlatVerts=0 SlopeVerts=0
[+22:50:20.980] VoxelMesh: Chunk X=0 Y=0 Z=0 FlatVerts=8646 SlopeVerts=1470
[+22:50:20.992] VoxelChunk: GenerateAsync (-3,1,-1)
[+22:50:20.994] VoxelMesh: Chunk X=-3 Y=1 Z=-1 FlatVerts=0 SlopeVerts=0
[+22:50:21.319] VoxelMesh: Chunk X=0 Y=0 Z=0 FlatVerts=0 SlopeVerts=0
[+22:50:21.319] VoxelChunk: GenerateAsync (-1,-2,-3)
[+22:50:21.321] VoxelMesh: Chunk X=-1 Y=-2 Z=-3 FlatVerts=0 SlopeVerts=0
[+22:50:21.650] VoxelMesh: Chunk X=0 Y=0 Z=0 FlatVerts=0 SlopeVerts=0
[+22:50:21.651] VoxelChunk: GenerateAsync (-2,-2,-3)
[+22:50:21.652] VoxelMesh: Chunk X=-2 Y=-2 Z=-3 FlatVerts=0 SlopeVerts=0
[+22:50:21.985] VoxelMesh: Chunk X=0 Y=0 Z=0 FlatVerts=0 SlopeVerts=0
[+22:50:21.986] VoxelChunk: GenerateAsync (0,3,-3)
[+22:50:21.987] VoxelMesh: Chunk X=0 Y=3 Z=-3 FlatVerts=0 SlopeVerts=0
[+22:50:22.318] VoxelMesh: Chunk X=0 Y=0 Z=0 FlatVerts=0 SlopeVerts=0
[+22:50:22.318] VoxelChunk: GenerateAsync (0,1,-3)
[+22:50:22.320] VoxelMesh: Chunk X=0 Y=1 Z=-3 FlatVerts=0 SlopeVerts=0
[+22:50:22.649] VoxelMesh: Chunk X=0 Y=0 Z=0 FlatVerts=0 SlopeVerts=0
[+22:50:22.649] VoxelChunk: GenerateAsync (3,3,-1)
[+22:50:22.651] VoxelMesh: Chunk X=3 Y=3 Z=-1 FlatVerts=0 SlopeVerts=0
[+22:50:22.984] VoxelMesh: Chunk X=0 Y=0 Z=0 FlatVerts=0 SlopeVerts=0
[+22:50:22.985] VoxelChunk: GenerateAsync (0,0,-3)
[+22:50:22.986] VoxelMesh: Chunk X=0 Y=0 Z=-3 FlatVerts=0 SlopeVerts=0
[+22:50:23.318] VoxelMesh: Chunk X=0 Y=0 Z=0 FlatVerts=2568 SlopeVerts=11472
[+22:50:23.329] VoxelChunk: GenerateAsync (-2,-3,0)
[+22:50:23.330] VoxelMesh: Chunk X=-2 Y=-3 Z=0 FlatVerts=0 SlopeVerts=0
[+22:50:23.648] VoxelMesh: Chunk X=0 Y=0 Z=0 FlatVerts=336 SlopeVerts=4980
[+22:50:23.652] VoxelChunk: GenerateAsync (-1,-3,0)
[+22:50:23.653] VoxelMesh: Chunk X=-1 Y=-3 Z=0 FlatVerts=0 SlopeVerts=30
[+22:50:23.983] VoxelMesh: Chunk X=0 Y=0 Z=0 FlatVerts=48 SlopeVerts=1284
[+22:50:23.984] VoxelChunk: GenerateAsync (0,-3,0)
[+22:50:23.986] VoxelMesh: Chunk X=0 Y=-3 Z=0 FlatVerts=0 SlopeVerts=0
[+22:50:24.317] VoxelMesh: Chunk X=0 Y=0 Z=0 FlatVerts=36 SlopeVerts=216
[+22:50:24.318] VoxelChunk: GenerateAsync (1,-3,0)
[+22:50:24.319] VoxelMesh: Chunk X=1 Y=-3 Z=0 FlatVerts=0 SlopeVerts=0
[+22:50:24.655] VoxelMesh: Chunk X=0 Y=0 Z=0 FlatVerts=0 SlopeVerts=660
[+22:50:24.656] VoxelChunk: GenerateAsync (2,-3,0)
[+22:50:24.658] VoxelMesh: Chunk X=2 Y=-3 Z=0 FlatVerts=0 SlopeVerts=0
[+22:50:24.985] VoxelMesh: Chunk X=0 Y=0 Z=0 FlatVerts=0 SlopeVerts=0
[+22:50:24.985] VoxelChunk: GenerateAsync (-3,-2,-3)
[+22:50:24.986] VoxelMesh: Chunk X=-3 Y=-2 Z=-3 FlatVerts=0 SlopeVerts=0
[+22:50:25.316] VoxelMesh: Chunk X=0 Y=0 Z=0 FlatVerts=612 SlopeVerts=1296
[+22:50:25.317] VoxelChunk: GenerateAsync (3,1,-1)
[+22:50:25.318] VoxelMesh: Chunk X=3 Y=1 Z=-1 FlatVerts=0 SlopeVerts=0
[+22:50:25.648] VoxelMesh: Chunk X=0 Y=0 Z=0 FlatVerts=5388 SlopeVerts=1914
[+22:50:25.656] VoxelChunk: GenerateAsync (-3,2,-1)
[+22:50:25.658] VoxelMesh: Chunk X=-3 Y=2 Z=-1 FlatVerts=0 SlopeVerts=0
[+22:50:25.986] VoxelMesh: Chunk X=0 Y=0 Z=0 FlatVerts=0 SlopeVerts=0
[+22:50:25.986] VoxelChunk: GenerateAsync (1,3,-3)
[+22:50:25.987] VoxelMesh: Chunk X=1 Y=3 Z=-3 FlatVerts=0 SlopeVerts=0
[+22:50:26.320] VoxelMesh: Chunk X=0 Y=0 Z=0 FlatVerts=0 SlopeVerts=0
[+22:50:26.321] VoxelChunk: GenerateAsync (3,0,-2)
[+22:50:26.322] VoxelMesh: Chunk X=3 Y=0 Z=-2 FlatVerts=0 SlopeVerts=0
[+22:50:26.649] VoxelMesh: Chunk X=0 Y=0 Z=0 FlatVerts=0 SlopeVerts=0
[+22:50:26.650] VoxelChunk: GenerateAsync (-3,1,-2)
[+22:50:26.651] VoxelMesh: Chunk X=-3 Y=1 Z=-2 FlatVerts=0 SlopeVerts=0
[+22:50:26.985] VoxelMesh: Chunk X=0 Y=0 Z=0 FlatVerts=0 SlopeVerts=0
[+22:50:26.985] VoxelChunk: GenerateAsync (2,3,-3)
[+22:50:26.986] VoxelMesh: Chunk X=2 Y=3 Z=-3 FlatVerts=0 SlopeVerts=0
[+22:50:27.319] VoxelMesh: Chunk X=0 Y=0 Z=0 FlatVerts=0 SlopeVerts=2418
[+22:50:27.321] VoxelChunk: GenerateAsync (3,-2,0)
[+22:50:27.322] VoxelMesh: Chunk X=3 Y=-2 Z=0 FlatVerts=0 SlopeVerts=102
[+22:50:27.650] VoxelMesh: Chunk X=0 Y=0 Z=0 FlatVerts=0 SlopeVerts=0
[+22:50:27.651] VoxelChunk: GenerateAsync (1,1,-3)
[+22:50:27.652] VoxelMesh: Chunk X=1 Y=1 Z=-3 FlatVerts=0 SlopeVerts=0
[+22:50:27.984] VoxelMesh: Chunk X=0 Y=0 Z=0 FlatVerts=558 SlopeVerts=462
[+22:50:27.986] VoxelChunk: GenerateAsync (3,2,-1)
[+22:50:27.989] VoxelMesh: Chunk X=3 Y=2 Z=-1 FlatVerts=0 SlopeVerts=0
[+22:50:28.319] VoxelMesh: Chunk X=0 Y=0 Z=0 FlatVerts=0 SlopeVerts=0
[+22:50:28.320] VoxelChunk: GenerateAsync (3,-3,-3)
[+22:50:28.321] VoxelMesh: Chunk X=3 Y=-3 Z=-3 FlatVerts=0 SlopeVerts=0
[+22:50:28.651] VoxelMesh: Chunk X=0 Y=0 Z=0 FlatVerts=0 SlopeVerts=0
[+22:50:28.652] VoxelChunk: GenerateAsync (2,-3,-3)
[+22:50:28.653] VoxelMesh: Chunk X=2 Y=-3 Z=-3 FlatVerts=0 SlopeVerts=0
[+22:50:28.983] VoxelMesh: Chunk X=0 Y=0 Z=0 FlatVerts=0 SlopeVerts=0
[+22:50:28.984] VoxelChunk: GenerateAsync (1,-3,-3)
[+22:50:28.984] VoxelMesh: Chunk X=1 Y=-3 Z=-3 FlatVerts=0 SlopeVerts=0
[+22:50:29.316] VoxelMesh: Chunk X=0 Y=0 Z=0 FlatVerts=2340 SlopeVerts=1830
[+22:50:29.319] VoxelChunk: GenerateAsync (-3,3,-1)
[+22:50:29.322] VoxelMesh: Chunk X=-3 Y=3 Z=-1 FlatVerts=0 SlopeVerts=0
[+22:50:29.652] VoxelMesh: Chunk X=0 Y=0 Z=0 FlatVerts=30 SlopeVerts=2028
[+22:50:29.653] VoxelChunk: GenerateAsync (3,-1,0)
[+22:50:29.654] VoxelMesh: Chunk X=3 Y=-1 Z=0 FlatVerts=312 SlopeVerts=462
[+22:50:29.985] VoxelMesh: Chunk X=0 Y=0 Z=0 FlatVerts=9894 SlopeVerts=576
[+22:50:29.998] VoxelChunk: GenerateAsync (-3,0,0)
[+22:50:30.000] VoxelMesh: Chunk X=-3 Y=0 Z=0 FlatVerts=0 SlopeVerts=0
[+22:50:30.315] VoxelMesh: Chunk X=0 Y=0 Z=0 FlatVerts=6054 SlopeVerts=2346
[+22:50:30.325] VoxelChunk: GenerateAsync (-2,3,-1)
[+22:50:30.328] VoxelMesh: Chunk X=-2 Y=3 Z=-1 FlatVerts=0 SlopeVerts=0
[+22:50:30.652] VoxelMesh: Chunk X=0 Y=0 Z=0 FlatVerts=0 SlopeVerts=0
[+22:50:30.653] VoxelChunk: GenerateAsync (0,-3,-3)
[+22:50:30.654] VoxelMesh: Chunk X=0 Y=-3 Z=-3 FlatVerts=0 SlopeVerts=0
[+22:50:30.984] VoxelMesh: Chunk X=0 Y=0 Z=0 FlatVerts=0 SlopeVerts=0
[+22:50:30.985] VoxelChunk: GenerateAsync (3,3,-3)
[+22:50:30.986] VoxelMesh: Chunk X=3 Y=3 Z=-3 FlatVerts=0 SlopeVerts=0
[+22:50:31.314] VoxelMesh: Chunk X=0 Y=0 Z=0 FlatVerts=6948 SlopeVerts=1038
[+22:50:31.324] VoxelChunk: GenerateAsync (-1,3,-1)
[+22:50:31.325] VoxelMesh: Chunk X=-1 Y=3 Z=-1 FlatVerts=0 SlopeVerts=0
[+22:50:31.649] VoxelMesh: Chunk X=0 Y=0 Z=0 FlatVerts=6060 SlopeVerts=1098
[+22:50:31.658] VoxelChunk: GenerateAsync (0,3,-1)
[+22:50:31.660] VoxelMesh: Chunk X=0 Y=3 Z=-1 FlatVerts=0 SlopeVerts=0
[+22:50:31.982] VoxelMesh: Chunk X=0 Y=0 Z=0 FlatVerts=2526 SlopeVerts=7044
[+22:50:31.990] VoxelChunk: GenerateAsync (3,0,0)
[+22:50:31.990] VoxelMesh: Chunk X=3 Y=0 Z=0 FlatVerts=432 SlopeVerts=438
[+22:50:32.318] VoxelMesh: Chunk X=0 Y=0 Z=0 FlatVerts=9288 SlopeVerts=3306
[+22:50:32.334] VoxelChunk: GenerateAsync (-3,1,0)
[+22:50:32.336] VoxelMesh: Chunk X=-3 Y=1 Z=0 FlatVerts=0 SlopeVerts=0
[+22:50:32.649] VoxelMesh: Chunk X=0 Y=0 Z=0 FlatVerts=3792 SlopeVerts=1224
[+22:50:32.655] VoxelChunk: GenerateAsync (1,3,-1)
[+22:50:32.656] VoxelMesh: Chunk X=1 Y=3 Z=-1 FlatVerts=0 SlopeVerts=0
[+22:50:32.982] VoxelMesh: Chunk X=0 Y=0 Z=0 FlatVerts=954 SlopeVerts=588
[+22:50:32.985] VoxelChunk: GenerateAsync (2,3,-1)
[+22:50:32.987] VoxelMesh: Chunk X=2 Y=3 Z=-1 FlatVerts=0 SlopeVerts=0
[+22:50:33.326] VoxelMesh: Chunk X=0 Y=0 Z=0 FlatVerts=0 SlopeVerts=0
[+22:50:33.327] VoxelChunk: GenerateAsync (-2,-3,-3)
[+22:50:33.331] VoxelMesh: Chunk X=-2 Y=-3 Z=-3 FlatVerts=0 SlopeVerts=0
[+22:50:33.653] VoxelMesh: Chunk X=0 Y=0 Z=0 FlatVerts=0 SlopeVerts=0
[+22:50:33.653] VoxelChunk: GenerateAsync (-3,-3,-3)
[+22:50:33.655] VoxelMesh: Chunk X=-3 Y=-3 Z=-3 FlatVerts=0 SlopeVerts=0
[+22:50:33.986] VoxelMesh: Chunk X=0 Y=0 Z=0 FlatVerts=0 SlopeVerts=0
[+22:50:33.986] VoxelChunk: GenerateAsync (-3,-3,-2)
[+22:50:33.988] VoxelMesh: Chunk X=-3 Y=-3 Z=-2 FlatVerts=0 SlopeVerts=0
[+22:50:34.319] VoxelMesh: Chunk X=0 Y=0 Z=0 FlatVerts=0 SlopeVerts=0
[+22:50:34.319] VoxelChunk: GenerateAsync (2,1,-3)
[+22:50:34.321] VoxelMesh: Chunk X=2 Y=1 Z=-3 FlatVerts=0 SlopeVerts=0
[+22:50:34.655] VoxelMesh: Chunk X=0 Y=0 Z=0 FlatVerts=6204 SlopeVerts=7032
[+22:50:34.671] VoxelChunk: GenerateAsync (-3,2,0)
[+22:50:34.672] VoxelMesh: Chunk X=-3 Y=2 Z=0 FlatVerts=0 SlopeVerts=0
[+22:50:34.985] VoxelMesh: Chunk X=0 Y=0 Z=0 FlatVerts=0 SlopeVerts=0
[+22:50:34.986] VoxelChunk: GenerateAsync (1,0,-3)
[+22:50:34.987] VoxelMesh: Chunk X=1 Y=0 Z=-3 FlatVerts=0 SlopeVerts=0
[+22:50:35.319] VoxelMesh: Chunk X=0 Y=0 Z=0 FlatVerts=0 SlopeVerts=0
[+22:50:35.319] VoxelChunk: GenerateAsync (-3,0,-3)
[+22:50:35.321] VoxelMesh: Chunk X=-3 Y=0 Z=-3 FlatVerts=0 SlopeVerts=0
[+22:50:35.652] VoxelMesh: Chunk X=0 Y=0 Z=0 FlatVerts=0 SlopeVerts=0
[+22:50:35.653] VoxelChunk: GenerateAsync (2,-1,-3)
[+22:50:35.654] VoxelMesh: Chunk X=2 Y=-1 Z=-3 FlatVerts=0 SlopeVerts=0
[+22:50:35.985] VoxelMesh: Chunk X=0 Y=0 Z=0 FlatVerts=0 SlopeVerts=0
[+22:50:35.985] VoxelChunk: GenerateAsync (0,-3,-1)
[+22:50:35.987] VoxelMesh: Chunk X=0 Y=-3 Z=-1 FlatVerts=0 SlopeVerts=0
[+22:50:36.318] VoxelMesh: Chunk X=0 Y=0 Z=0 FlatVerts=0 SlopeVerts=0
[+22:50:36.320] VoxelChunk: GenerateAsync (1,-3,-1)
[+22:50:36.321] VoxelMesh: Chunk X=1 Y=-3 Z=-1 FlatVerts=0 SlopeVerts=0
[+22:50:36.652] VoxelMesh: Chunk X=0 Y=0 Z=0 FlatVerts=0 SlopeVerts=0
[+22:50:36.652] VoxelChunk: GenerateAsync (-1,-1,-3)
[+22:50:36.654] VoxelMesh: Chunk X=-1 Y=-1 Z=-3 FlatVerts=0 SlopeVerts=0
[+22:50:36.981] VoxelMesh: Chunk X=0 Y=0 Z=0 FlatVerts=7440 SlopeVerts=4200
[+22:50:36.993] VoxelChunk: GenerateAsync (3,2,0)
[+22:50:36.995] VoxelMesh: Chunk X=3 Y=2 Z=0 FlatVerts=0 SlopeVerts=0
[+22:50:37.316] VoxelMesh: Chunk X=0 Y=0 Z=0 FlatVerts=3906 SlopeVerts=9678
[+22:50:37.327] VoxelChunk: GenerateAsync (-3,3,0)
[+22:50:37.328] VoxelMesh: Chunk X=-3 Y=3 Z=0 FlatVerts=0 SlopeVerts=0
[+22:50:37.649] VoxelMesh: Chunk X=0 Y=0 Z=0 FlatVerts=7650 SlopeVerts=8010
[+22:50:37.664] VoxelChunk: GenerateAsync (-2,3,0)
[+22:50:37.665] VoxelMesh: Chunk X=-2 Y=3 Z=0 FlatVerts=0 SlopeVerts=0
[+22:50:37.986] VoxelMesh: Chunk X=0 Y=0 Z=0 FlatVerts=8826 SlopeVerts=4620
[+22:50:38.001] VoxelChunk: GenerateAsync (-1,3,0)
[+22:50:38.002] VoxelMesh: Chunk X=-1 Y=3 Z=0 FlatVerts=0 SlopeVerts=12
[+22:50:38.319] VoxelMesh: Chunk X=0 Y=0 Z=0 FlatVerts=7860 SlopeVerts=5976
[+22:50:38.335] VoxelChunk: GenerateAsync (0,3,0)
[+22:50:38.335] VoxelMesh: Chunk X=0 Y=3 Z=0 FlatVerts=0 SlopeVerts=0
[+22:50:38.650] VoxelMesh: Chunk X=0 Y=0 Z=0 FlatVerts=6402 SlopeVerts=7416
[+22:50:38.663] VoxelChunk: GenerateAsync (1,3,0)
[+22:50:38.664] VoxelMesh: Chunk X=1 Y=3 Z=0 FlatVerts=0 SlopeVerts=0
[+22:50:38.982] VoxelMesh: Chunk X=0 Y=0 Z=0 FlatVerts=6714 SlopeVerts=4974
[+22:50:38.995] VoxelChunk: GenerateAsync (2,3,0)
[+22:50:38.997] VoxelMesh: Chunk X=2 Y=3 Z=0 FlatVerts=0 SlopeVerts=0
[+22:50:39.315] VoxelMesh: Chunk X=0 Y=0 Z=0 FlatVerts=8196 SlopeVerts=1152
[+22:50:39.327] VoxelChunk: GenerateAsync (3,3,0)
[+22:50:39.328] VoxelMesh: Chunk X=3 Y=3 Z=0 FlatVerts=0 SlopeVerts=0
[+22:50:39.654] VoxelMesh: Chunk X=0 Y=0 Z=0 FlatVerts=2226 SlopeVerts=14814
[+22:50:39.670] VoxelChunk: GenerateAsync (-3,-3,1)
[+22:50:39.670] VoxelMesh: Chunk X=-3 Y=-3 Z=1 FlatVerts=522 SlopeVerts=1476
[+22:50:39.992] VoxelMesh: Chunk X=0 Y=0 Z=0 FlatVerts=1410 SlopeVerts=21966
[+22:50:40.014] VoxelChunk: GenerateAsync (-2,-3,1)
[+22:50:40.016] VoxelMesh: Chunk X=-2 Y=-3 Z=1 FlatVerts=450 SlopeVerts=5076
[+22:50:40.323] VoxelMesh: Chunk X=0 Y=0 Z=0 FlatVerts=534 SlopeVerts=23658
[+22:50:40.342] VoxelChunk: GenerateAsync (-1,-3,1)
[+22:50:40.343] VoxelMesh: Chunk X=-1 Y=-3 Z=1 FlatVerts=72 SlopeVerts=3234
[+22:50:40.654] VoxelMesh: Chunk X=0 Y=0 Z=0 FlatVerts=84 SlopeVerts=12018
[+22:50:40.662] VoxelChunk: GenerateAsync (0,-3,1)
[+22:50:40.663] VoxelMesh: Chunk X=0 Y=-3 Z=1 FlatVerts=54 SlopeVerts=1068
[+22:50:40.985] VoxelMesh: Chunk X=0 Y=0 Z=0 FlatVerts=48 SlopeVerts=3480
[+22:50:40.987] VoxelChunk: GenerateAsync (1,-3,1)
[+22:50:40.988] VoxelMesh: Chunk X=1 Y=-3 Z=1 FlatVerts=0 SlopeVerts=0
[+22:50:41.317] VoxelMesh: Chunk X=0 Y=0 Z=0 FlatVerts=54 SlopeVerts=4902
[+22:50:41.321] VoxelChunk: GenerateAsync (2,-3,1)
[+22:50:41.322] VoxelMesh: Chunk X=2 Y=-3 Z=1 FlatVerts=0 SlopeVerts=0
[+22:50:41.650] VoxelMesh: Chunk X=0 Y=0 Z=0 FlatVerts=72 SlopeVerts=5850
[+22:50:41.653] VoxelChunk: GenerateAsync (3,-3,1)
[+22:50:41.654] VoxelMesh: Chunk X=3 Y=-3 Z=1 FlatVerts=60 SlopeVerts=318
[+22:50:41.988] VoxelMesh: Chunk X=0 Y=0 Z=0 FlatVerts=1728 SlopeVerts=9846
[+22:50:41.998] VoxelChunk: GenerateAsync (-3,-2,1)
[+22:50:42.000] VoxelMesh: Chunk X=-3 Y=-2 Z=1 FlatVerts=0 SlopeVerts=750
[+22:50:42.325] VoxelMesh: Chunk X=0 Y=0 Z=0 FlatVerts=0 SlopeVerts=0
[+22:50:42.325] VoxelChunk: GenerateAsync (3,-2,-1)
[+22:50:42.327] VoxelMesh: Chunk X=3 Y=-2 Z=-1 FlatVerts=0 SlopeVerts=0
[+22:50:42.653] VoxelMesh: Chunk X=0 Y=0 Z=0 FlatVerts=4008 SlopeVerts=16176
[+22:50:42.671] VoxelChunk: GenerateAsync (-3,-3,0)
[+22:50:42.673] VoxelMesh: Chunk X=-3 Y=-3 Z=0 FlatVerts=0 SlopeVerts=0
[+22:50:42.985] VoxelMesh: Chunk X=0 Y=0 Z=0 FlatVerts=0 SlopeVerts=294
[+22:50:42.985] VoxelChunk: GenerateAsync (-3,1,2)
[+22:50:42.987] VoxelMesh: Chunk X=-3 Y=1 Z=2 FlatVerts=0 SlopeVerts=12
[+22:50:43.327] VoxelMesh: Chunk X=0 Y=0 Z=0 FlatVerts=0 SlopeVerts=0
[+22:50:43.328] VoxelChunk: GenerateAsync (2,3,3)
[+22:50:43.330] VoxelMesh: Chunk X=2 Y=3 Z=3 FlatVerts=0 SlopeVerts=2652
[+22:50:43.655] VoxelMesh: Chunk X=0 Y=0 Z=0 FlatVerts=0 SlopeVerts=0
[+22:50:43.656] VoxelChunk: GenerateAsync (1,3,3)
[+22:50:43.658] VoxelMesh: Chunk X=1 Y=3 Z=3 FlatVerts=0 SlopeVerts=1308
[+22:50:43.985] VoxelMesh: Chunk X=0 Y=0 Z=0 FlatVerts=72 SlopeVerts=9960
[+22:50:43.991] VoxelChunk: GenerateAsync (3,-2,1)
[+22:50:43.992] VoxelMesh: Chunk X=3 Y=-2 Z=1 FlatVerts=1620 SlopeVerts=2238
[+22:50:44.324] VoxelMesh: Chunk X=0 Y=0 Z=0 FlatVerts=312 SlopeVerts=1518
[+22:50:44.325] VoxelChunk: GenerateAsync (-3,-1,1)
[+22:50:44.327] VoxelMesh: Chunk X=-3 Y=-1 Z=1 FlatVerts=0 SlopeVerts=0
[+22:50:44.655] VoxelMesh: Chunk X=0 Y=0 Z=0 FlatVerts=0 SlopeVerts=1572
[+22:50:44.657] VoxelChunk: GenerateAsync (-2,-3,3)
[+22:50:44.658] VoxelMesh: Chunk X=-2 Y=-3 Z=3 FlatVerts=0 SlopeVerts=30
[+22:50:44.985] VoxelMesh: Chunk X=0 Y=0 Z=0 FlatVerts=0 SlopeVerts=0
[+22:50:44.986] VoxelChunk: GenerateAsync (-3,1,3)
[+22:50:44.987] VoxelMesh: Chunk X=-3 Y=1 Z=3 FlatVerts=12 SlopeVerts=2208
[+22:50:45.324] VoxelMesh: Chunk X=0 Y=0 Z=0 FlatVerts=36 SlopeVerts=18618
[+22:50:45.338] VoxelChunk: GenerateAsync (-1,-3,3)
[+22:50:45.340] VoxelMesh: Chunk X=-1 Y=-3 Z=3 FlatVerts=0 SlopeVerts=4332
[+22:50:45.657] VoxelMesh: Chunk X=0 Y=0 Z=0 FlatVerts=0 SlopeVerts=19716
[+22:50:45.671] VoxelChunk: GenerateAsync (1,-1,3)
[+22:50:45.673] VoxelMesh: Chunk X=1 Y=-1 Z=3 FlatVerts=0 SlopeVerts=0
[+22:50:45.988] VoxelMesh: Chunk X=0 Y=0 Z=0 FlatVerts=0 SlopeVerts=0
[+22:50:45.988] VoxelChunk: GenerateAsync (-2,1,3)
[+22:50:45.990] VoxelMesh: Chunk X=-2 Y=1 Z=3 FlatVerts=144 SlopeVerts=7656
[+22:50:46.328] VoxelMesh: Chunk X=0 Y=0 Z=0 FlatVerts=0 SlopeVerts=0
[+22:50:46.328] VoxelChunk: GenerateAsync (0,2,3)
[+22:50:46.330] VoxelMesh: Chunk X=0 Y=2 Z=3 FlatVerts=0 SlopeVerts=0
[+22:50:46.657] VoxelMesh: Chunk X=0 Y=0 Z=0 FlatVerts=156 SlopeVerts=35526
[+22:50:46.689] VoxelChunk: GenerateAsync (0,-3,3)
[+22:50:46.692] VoxelMesh: Chunk X=0 Y=-3 Z=3 FlatVerts=12 SlopeVerts=5172
[+22:50:46.995] VoxelMesh: Chunk X=0 Y=0 Z=0 FlatVerts=72 SlopeVerts=40050
[+22:50:47.028] VoxelChunk: GenerateAsync (1,-2,3)
[+22:50:47.031] VoxelMesh: Chunk X=1 Y=-2 Z=3 FlatVerts=12 SlopeVerts=3810
[+22:50:47.323] VoxelMesh: Chunk X=0 Y=0 Z=0 FlatVerts=18 SlopeVerts=26178
[+22:50:47.342] VoxelChunk: GenerateAsync (2,-1,3)
[+22:50:47.343] VoxelMesh: Chunk X=2 Y=-1 Z=3 FlatVerts=0 SlopeVerts=0
[+22:50:47.652] VoxelMesh: Chunk X=0 Y=0 Z=0 FlatVerts=0 SlopeVerts=0
[+22:50:47.652] VoxelChunk: GenerateAsync (-3,0,3)
[+22:50:47.653] VoxelMesh: Chunk X=-3 Y=0 Z=3 FlatVerts=0 SlopeVerts=1560
[+22:50:47.987] VoxelMesh: Chunk X=0 Y=0 Z=0 FlatVerts=0 SlopeVerts=0
[+22:50:47.988] VoxelChunk: GenerateAsync (-1,1,3)
[+22:50:47.989] VoxelMesh: Chunk X=-1 Y=1 Z=3 FlatVerts=0 SlopeVerts=294
[+22:50:48.320] VoxelMesh: Chunk X=0 Y=0 Z=0 FlatVerts=36 SlopeVerts=834
[+22:50:48.321] VoxelChunk: GenerateAsync (-3,2,3)
[+22:50:48.321] VoxelMesh: Chunk X=-3 Y=2 Z=3 FlatVerts=6 SlopeVerts=912
[+22:50:48.654] VoxelMesh: Chunk X=0 Y=0 Z=0 FlatVerts=0 SlopeVerts=0
[+22:50:48.654] VoxelChunk: GenerateAsync (1,2,3)
[+22:50:48.655] VoxelMesh: Chunk X=1 Y=2 Z=3 FlatVerts=0 SlopeVerts=732
[+22:50:48.985] VoxelMesh: Chunk X=0 Y=0 Z=0 FlatVerts=36 SlopeVerts=1386
[+22:50:48.987] VoxelChunk: GenerateAsync (-3,3,3)
[+22:50:48.988] VoxelMesh: Chunk X=-3 Y=3 Z=3 FlatVerts=60 SlopeVerts=3072
[+22:50:49.326] VoxelMesh: Chunk X=0 Y=0 Z=0 FlatVerts=198 SlopeVerts=39828
[+22:50:49.365] VoxelChunk: GenerateAsync (1,-3,3)
[+22:50:49.366] VoxelMesh: Chunk X=1 Y=-3 Z=3 FlatVerts=0 SlopeVerts=4692
[+22:50:49.657] VoxelMesh: Chunk X=0 Y=0 Z=0 FlatVerts=0 SlopeVerts=588
[+22:50:49.658] VoxelChunk: GenerateAsync (-2,-2,3)
[+22:50:49.660] VoxelMesh: Chunk X=-2 Y=-2 Z=3 FlatVerts=0 SlopeVerts=6270
[+22:50:49.996] VoxelMesh: Chunk X=0 Y=0 Z=0 FlatVerts=24 SlopeVerts=36774
[+22:50:50.032] VoxelChunk: GenerateAsync (2,-2,3)
[+22:50:50.034] VoxelMesh: Chunk X=2 Y=-2 Z=3 FlatVerts=6 SlopeVerts=3090
[+22:50:50.325] VoxelMesh: Chunk X=0 Y=0 Z=0 FlatVerts=0 SlopeVerts=10260
[+22:50:50.332] VoxelChunk: GenerateAsync (0,-1,3)
[+22:50:50.334] VoxelMesh: Chunk X=0 Y=-1 Z=3 FlatVerts=0 SlopeVerts=72
[+22:50:50.652] VoxelMesh: Chunk X=0 Y=0 Z=0 FlatVerts=7380 SlopeVerts=11868
[+22:50:50.674] VoxelChunk: GenerateAsync (3,1,1)
[+22:50:50.675] VoxelMesh: Chunk X=3 Y=1 Z=1 FlatVerts=126 SlopeVerts=1146
[+22:50:50.991] VoxelMesh: Chunk X=0 Y=0 Z=0 FlatVerts=96 SlopeVerts=31746
[+22:50:51.016] VoxelChunk: GenerateAsync (3,-1,3)
[+22:50:51.017] VoxelMesh: Chunk X=3 Y=-1 Z=3 FlatVerts=0 SlopeVerts=0
[+22:50:51.320] VoxelMesh: Chunk X=0 Y=0 Z=0 FlatVerts=0 SlopeVerts=0
[+22:50:51.320] VoxelChunk: GenerateAsync (-2,0,3)
[+22:50:51.322] VoxelMesh: Chunk X=-2 Y=0 Z=3 FlatVerts=0 SlopeVerts=5352
[+22:50:51.657] VoxelMesh: Chunk X=0 Y=0 Z=0 FlatVerts=0 SlopeVerts=2418
[+22:50:51.659] VoxelChunk: GenerateAsync (1,0,3)
[+22:50:51.660] VoxelMesh: Chunk X=1 Y=0 Z=3 FlatVerts=0 SlopeVerts=0
[+22:50:51.986] VoxelMesh: Chunk X=0 Y=0 Z=0 FlatVerts=0 SlopeVerts=0
[+22:50:51.987] VoxelChunk: GenerateAsync (0,1,3)
[+22:50:51.988] VoxelMesh: Chunk X=0 Y=1 Z=3 FlatVerts=0 SlopeVerts=0
[+22:50:52.321] VoxelMesh: Chunk X=0 Y=0 Z=0 FlatVerts=0 SlopeVerts=12
[+22:50:52.322] VoxelChunk: GenerateAsync (1,1,3)
[+22:50:52.324] VoxelMesh: Chunk X=1 Y=1 Z=3 FlatVerts=0 SlopeVerts=0
[+22:50:52.653] VoxelMesh: Chunk X=0 Y=0 Z=0 FlatVerts=0 SlopeVerts=0
[+22:50:52.653] VoxelChunk: GenerateAsync (-2,2,3)
[+22:50:52.655] VoxelMesh: Chunk X=-2 Y=2 Z=3 FlatVerts=18 SlopeVerts=4662
[+22:50:52.990] VoxelMesh: Chunk X=0 Y=0 Z=0 FlatVerts=2850 SlopeVerts=16926
[+22:50:53.012] VoxelChunk: GenerateAsync (3,0,1)
[+22:50:53.014] VoxelMesh: Chunk X=3 Y=0 Z=1 FlatVerts=1170 SlopeVerts=2454
[+22:50:53.325] VoxelMesh: Chunk X=0 Y=0 Z=0 FlatVerts=0 SlopeVerts=0
[+22:50:53.325] VoxelChunk: GenerateAsync (2,2,3)
[+22:50:53.326] VoxelMesh: Chunk X=2 Y=2 Z=3 FlatVerts=0 SlopeVerts=2184
[+22:50:53.655] VoxelMesh: Chunk X=0 Y=0 Z=0 FlatVerts=0 SlopeVerts=0
[+22:50:53.655] VoxelChunk: GenerateAsync (3,2,3)
[+22:50:53.656] VoxelMesh: Chunk X=3 Y=2 Z=3 FlatVerts=0 SlopeVerts=1038
[+22:50:53.992] VoxelMesh: Chunk X=0 Y=0 Z=0 FlatVerts=0 SlopeVerts=0
[+22:50:53.993] VoxelChunk: GenerateAsync (-2,3,3)
[+22:50:53.994] VoxelMesh: Chunk X=-2 Y=3 Z=3 FlatVerts=0 SlopeVerts=1026
[+22:50:54.320] VoxelMesh: Chunk X=0 Y=0 Z=0 FlatVerts=2016 SlopeVerts=6270
[+22:50:54.326] VoxelChunk: GenerateAsync (0,3,1)
[+22:50:54.327] VoxelMesh: Chunk X=0 Y=3 Z=1 FlatVerts=660 SlopeVerts=1860
[+22:50:54.658] VoxelMesh: Chunk X=0 Y=0 Z=0 FlatVerts=132 SlopeVerts=39048
[+22:50:54.690] VoxelChunk: GenerateAsync (2,-3,3)
[+22:50:54.691] VoxelMesh: Chunk X=2 Y=-3 Z=3 FlatVerts=12 SlopeVerts=3114
[+22:50:54.993] VoxelMesh: Chunk X=0 Y=0 Z=0 FlatVerts=96 SlopeVerts=37128
[+22:50:55.023] VoxelChunk: GenerateAsync (3,-3,3)
[+22:50:55.025] VoxelMesh: Chunk X=3 Y=-3 Z=3 FlatVerts=0 SlopeVerts=4488
[+22:50:55.324] VoxelMesh: Chunk X=0 Y=0 Z=0 FlatVerts=0 SlopeVerts=8814
[+22:50:55.330] VoxelChunk: GenerateAsync (-1,-2,3)
[+22:50:55.331] VoxelMesh: Chunk X=-1 Y=-2 Z=3 FlatVerts=6 SlopeVerts=2718
[+22:50:55.658] VoxelMesh: Chunk X=0 Y=0 Z=0 FlatVerts=60 SlopeVerts=29712
[+22:50:55.682] VoxelChunk: GenerateAsync (0,-2,3)
[+22:50:55.685] VoxelMesh: Chunk X=0 Y=-2 Z=3 FlatVerts=66 SlopeVerts=4050
[+22:50:55.989] VoxelMesh: Chunk X=0 Y=0 Z=0 FlatVerts=60 SlopeVerts=35088
[+22:50:56.016] VoxelChunk: GenerateAsync (3,-2,3)
[+22:50:56.017] VoxelMesh: Chunk X=3 Y=-2 Z=3 FlatVerts=0 SlopeVerts=0
[+22:50:56.323] VoxelMesh: Chunk X=0 Y=0 Z=0 FlatVerts=0 SlopeVerts=0
[+22:50:56.323] VoxelChunk: GenerateAsync (-2,-1,3)
[+22:50:56.325] VoxelMesh: Chunk X=-2 Y=-1 Z=3 FlatVerts=66 SlopeVerts=4182
[+22:50:56.664] VoxelMesh: Chunk X=0 Y=0 Z=0 FlatVerts=126 SlopeVerts=33546
[+22:50:56.700] VoxelChunk: GenerateAsync (0,-3,2)
[+22:50:56.702] VoxelMesh: Chunk X=0 Y=-3 Z=2 FlatVerts=0 SlopeVerts=4014
[+22:50:56.990] VoxelMesh: Chunk X=0 Y=0 Z=0 FlatVerts=180 SlopeVerts=22140
[+22:50:57.009] VoxelChunk: GenerateAsync (1,-3,2)
[+22:50:57.010] VoxelMesh: Chunk X=1 Y=-3 Z=2 FlatVerts=0 SlopeVerts=666
[+22:50:57.319] VoxelMesh: Chunk X=0 Y=0 Z=0 FlatVerts=186 SlopeVerts=23634
[+22:50:57.337] VoxelChunk: GenerateAsync (2,-3,2)
[+22:50:57.338] VoxelMesh: Chunk X=2 Y=-3 Z=2 FlatVerts=0 SlopeVerts=30
[+22:50:57.653] VoxelMesh: Chunk X=0 Y=0 Z=0 FlatVerts=156 SlopeVerts=26832
[+22:50:57.673] VoxelChunk: GenerateAsync (3,-3,2)
[+22:50:57.674] VoxelMesh: Chunk X=3 Y=-3 Z=2 FlatVerts=0 SlopeVerts=2658
[+22:50:57.995] VoxelMesh: Chunk X=0 Y=0 Z=0 FlatVerts=48 SlopeVerts=528
[+22:50:57.996] VoxelChunk: GenerateAsync (-3,-2,2)
[+22:50:57.996] VoxelMesh: Chunk X=-3 Y=-2 Z=2 FlatVerts=18 SlopeVerts=2742
[+22:50:58.321] VoxelMesh: Chunk X=0 Y=0 Z=0 FlatVerts=828 SlopeVerts=8406
[+22:50:58.328] VoxelChunk: GenerateAsync (-3,2,1)
[+22:50:58.329] VoxelMesh: Chunk X=-3 Y=2 Z=1 FlatVerts=0 SlopeVerts=0
[+22:50:58.652] VoxelMesh: Chunk X=0 Y=0 Z=0 FlatVerts=0 SlopeVerts=0
[+22:50:58.653] VoxelChunk: GenerateAsync (-1,0,3)
[+22:50:58.654] VoxelMesh: Chunk X=-1 Y=0 Z=3 FlatVerts=108 SlopeVerts=6228
[+22:50:58.991] VoxelMesh: Chunk X=0 Y=0 Z=0 FlatVerts=0 SlopeVerts=108
[+22:50:58.991] VoxelChunk: GenerateAsync (0,0,3)
[+22:50:58.992] VoxelMesh: Chunk X=0 Y=0 Z=3 FlatVerts=0 SlopeVerts=42
[+22:50:59.320] VoxelMesh: Chunk X=0 Y=0 Z=0 FlatVerts=18 SlopeVerts=7752
[+22:50:59.325] VoxelChunk: GenerateAsync (2,0,3)
[+22:50:59.326] VoxelMesh: Chunk X=2 Y=0 Z=3 FlatVerts=0 SlopeVerts=0
[+22:50:59.656] VoxelMesh: Chunk X=0 Y=0 Z=0 FlatVerts=96 SlopeVerts=12786
[+22:50:59.664] VoxelChunk: GenerateAsync (3,0,3)
[+22:50:59.666] VoxelMesh: Chunk X=3 Y=0 Z=3 FlatVerts=0 SlopeVerts=252
[+22:50:59.997] VoxelMesh: Chunk X=0 Y=0 Z=0 FlatVerts=120 SlopeVerts=21294
[+22:51:00.016] VoxelChunk: GenerateAsync (3,-2,2)
[+22:51:00.018] VoxelMesh: Chunk X=3 Y=-2 Z=2 FlatVerts=102 SlopeVerts=1170
[+22:51:00.325] VoxelMesh: Chunk X=0 Y=0 Z=0 FlatVerts=0 SlopeVerts=0
[+22:51:00.326] VoxelChunk: GenerateAsync (-3,-1,2)
[+22:51:00.327] VoxelMesh: Chunk X=-3 Y=-1 Z=2 FlatVerts=0 SlopeVerts=0
[+22:51:00.427] VoxelMesh: Chunk X=0 Y=0 Z=0 FlatVerts=0 SlopeVerts=42
[+22:51:00.429] VoxelChunk: GenerateAsync (2,1,3)
[+22:51:00.429] VoxelMesh: Chunk X=2 Y=1 Z=3 FlatVerts=0 SlopeVerts=1170
[+22:51:00.530] VoxelMesh: Chunk X=0 Y=0 Z=0 FlatVerts=0 SlopeVerts=30
[+22:51:00.530] VoxelChunk: GenerateAsync (3,1,3)
[+22:51:00.532] VoxelMesh: Chunk X=3 Y=1 Z=3 FlatVerts=0 SlopeVerts=2766
[+22:51:00.645] VoxelMesh: Chunk X=0 Y=0 Z=0 FlatVerts=0 SlopeVerts=0
[+22:51:00.645] VoxelChunk: GenerateAsync (-1,2,3)
[+22:51:00.647] VoxelMesh: Chunk X=-1 Y=2 Z=3 FlatVerts=0 SlopeVerts=0
[+22:51:00.740] VoxelMesh: Chunk X=0 Y=0 Z=0 FlatVerts=228 SlopeVerts=13272
[+22:51:00.749] VoxelChunk: GenerateAsync (3,-1,1)
[+22:51:00.751] VoxelMesh: Chunk X=3 Y=-1 Z=1 FlatVerts=1392 SlopeVerts=2544
[+22:51:00.844] VoxelMesh: Chunk X=0 Y=0 Z=0 FlatVerts=10374 SlopeVerts=4788
[+22:51:00.863] VoxelChunk: GenerateAsync (3,2,1)
[+22:51:00.864] VoxelMesh: Chunk X=3 Y=2 Z=1 FlatVerts=0 SlopeVerts=0
[+22:51:00.946] VoxelMesh: Chunk X=0 Y=0 Z=0 FlatVerts=264 SlopeVerts=24228
[+22:51:00.972] VoxelChunk: GenerateAsync (3,-1,2)
[+22:51:00.974] VoxelMesh: Chunk X=3 Y=-1 Z=2 FlatVerts=84 SlopeVerts=120
[+22:51:01.046] VoxelMesh: Chunk X=0 Y=0 Z=0 FlatVerts=0 SlopeVerts=0
[+22:51:01.046] VoxelChunk: GenerateAsync (-3,0,2)
[+22:51:01.048] VoxelMesh: Chunk X=-3 Y=0 Z=2 FlatVerts=0 SlopeVerts=18
[+22:51:01.150] VoxelMesh: Chunk X=0 Y=0 Z=0 FlatVerts=1578 SlopeVerts=13638
[+22:51:01.164] VoxelChunk: GenerateAsync (-3,3,1)
[+22:51:01.166] VoxelMesh: Chunk X=-3 Y=3 Z=1 FlatVerts=0 SlopeVerts=0
[+22:51:01.252] VoxelMesh: Chunk X=0 Y=0 Z=0 FlatVerts=642 SlopeVerts=2130
[+22:51:01.255] VoxelChunk: GenerateAsync (-3,1,1)
[+22:51:01.257] VoxelMesh: Chunk X=-3 Y=1 Z=1 FlatVerts=0 SlopeVerts=0
[+22:51:01.361] VoxelMesh: Chunk X=0 Y=0 Z=0 FlatVerts=1596 SlopeVerts=5688
[+22:51:01.368] VoxelChunk: GenerateAsync (-2,3,1)
[+22:51:01.369] VoxelMesh: Chunk X=-2 Y=3 Z=1 FlatVerts=90 SlopeVerts=372
[+22:51:01.464] VoxelMesh: Chunk X=0 Y=0 Z=0 FlatVerts=0 SlopeVerts=0
[+22:51:01.464] VoxelChunk: GenerateAsync (-3,0,1)
[+22:51:01.467] VoxelMesh: Chunk X=-3 Y=0 Z=1 FlatVerts=0 SlopeVerts=0
[+22:51:01.562] VoxelMesh: Chunk X=0 Y=0 Z=0 FlatVerts=1878 SlopeVerts=3582
[+22:51:01.568] VoxelChunk: GenerateAsync (-1,3,1)
[+22:51:01.569] VoxelMesh: Chunk X=-1 Y=3 Z=1 FlatVerts=564 SlopeVerts=1836
[+22:51:01.664] VoxelMesh: Chunk X=0 Y=0 Z=0 FlatVerts=414 SlopeVerts=18162
[+22:51:01.680] VoxelChunk: GenerateAsync (3,0,2)
[+22:51:01.681] VoxelMesh: Chunk X=3 Y=0 Z=2 FlatVerts=18 SlopeVerts=1110
[+22:51:01.771] VoxelMesh: Chunk X=0 Y=0 Z=0 FlatVerts=0 SlopeVerts=0
[+22:51:01.771] VoxelChunk: GenerateAsync (0,3,3)
[+22:51:01.774] VoxelMesh: Chunk X=0 Y=3 Z=3 FlatVerts=0 SlopeVerts=0
[+22:51:01.873] VoxelMesh: Chunk X=0 Y=0 Z=0 FlatVerts=0 SlopeVerts=0
[+22:51:01.873] VoxelChunk: GenerateAsync (-1,3,3)
[+22:51:01.875] VoxelMesh: Chunk X=-1 Y=3 Z=3 FlatVerts=0 SlopeVerts=0
[+22:51:01.976] VoxelMesh: Chunk X=0 Y=0 Z=0 FlatVerts=3942 SlopeVerts=9798
[+22:51:01.988] VoxelChunk: GenerateAsync (1,3,1)
[+22:51:01.988] VoxelMesh: Chunk X=1 Y=3 Z=1 FlatVerts=252 SlopeVerts=636
[+22:51:02.085] VoxelMesh: Chunk X=0 Y=0 Z=0 FlatVerts=0 SlopeVerts=0
[+22:51:02.086] VoxelChunk: GenerateAsync (-3,-2,3)
[+22:51:02.087] VoxelMesh: Chunk X=-3 Y=-2 Z=3 FlatVerts=36 SlopeVerts=5958
[+22:51:02.184] VoxelMesh: Chunk X=0 Y=0 Z=0 FlatVerts=8826 SlopeVerts=7482
[+22:51:02.201] VoxelChunk: GenerateAsync (2,3,1)
[+22:51:02.202] VoxelMesh: Chunk X=2 Y=3 Z=1 FlatVerts=0 SlopeVerts=0
[+22:51:02.286] VoxelMesh: Chunk X=0 Y=0 Z=0 FlatVerts=10770 SlopeVerts=2040
[+22:51:02.301] VoxelChunk: GenerateAsync (3,3,1)
[+22:51:02.302] VoxelMesh: Chunk X=3 Y=3 Z=1 FlatVerts=0 SlopeVerts=0
[+22:51:02.388] VoxelMesh: Chunk X=0 Y=0 Z=0 FlatVerts=1044 SlopeVerts=3264
[+22:51:02.391] VoxelChunk: GenerateAsync (3,1,2)
[+22:51:02.392] VoxelMesh: Chunk X=3 Y=1 Z=2 FlatVerts=0 SlopeVerts=2052
[+22:51:02.493] VoxelMesh: Chunk X=0 Y=0 Z=0 FlatVerts=54 SlopeVerts=4116
[+22:51:02.497] VoxelChunk: GenerateAsync (-3,2,2)
[+22:51:02.498] VoxelMesh: Chunk X=-3 Y=2 Z=2 FlatVerts=0 SlopeVerts=0
[+22:51:02.601] VoxelMesh: Chunk X=0 Y=0 Z=0 FlatVerts=48 SlopeVerts=1098
[+22:51:02.602] VoxelChunk: GenerateAsync (-3,-3,2)
[+22:51:02.604] VoxelMesh: Chunk X=-3 Y=-3 Z=2 FlatVerts=120 SlopeVerts=4998
[+22:51:02.700] VoxelMesh: Chunk X=0 Y=0 Z=0 FlatVerts=0 SlopeVerts=0
[+22:51:02.701] VoxelChunk: GenerateAsync (-3,-1,3)
[+22:51:02.702] VoxelMesh: Chunk X=-3 Y=-1 Z=3 FlatVerts=0 SlopeVerts=714
[+22:51:02.805] VoxelMesh: Chunk X=0 Y=0 Z=0 FlatVerts=168 SlopeVerts=12966
[+22:51:02.816] VoxelChunk: GenerateAsync (-2,-3,2)
[+22:51:02.818] VoxelMesh: Chunk X=-2 Y=-3 Z=2 FlatVerts=0 SlopeVerts=2592
[+22:51:02.906] VoxelMesh: Chunk X=0 Y=0 Z=0 FlatVerts=0 SlopeVerts=36
[+22:51:02.906] VoxelChunk: GenerateAsync (-1,-1,3)
[+22:51:02.907] VoxelMesh: Chunk X=-1 Y=-1 Z=3 FlatVerts=12 SlopeVerts=4242
[+22:51:03.014] VoxelMesh: Chunk X=0 Y=0 Z=0 FlatVerts=198 SlopeVerts=32742
[+22:51:03.038] VoxelChunk: GenerateAsync (-1,-3,2)
[+22:51:03.040] VoxelMesh: Chunk X=-1 Y=-3 Z=2 FlatVerts=0 SlopeVerts=3492
[+22:51:03.119] VoxelMesh: Chunk X=0 Y=0 Z=0 FlatVerts=3180 SlopeVerts=1362
[+22:51:03.124] VoxelChunk: GenerateAsync (3,2,2)
[+22:51:03.125] VoxelMesh: Chunk X=3 Y=2 Z=2 FlatVerts=0 SlopeVerts=12
[+22:51:03.226] VoxelMesh: Chunk X=0 Y=0 Z=0 FlatVerts=54 SlopeVerts=7170
[+22:51:03.232] VoxelChunk: GenerateAsync (-3,3,2)
[+22:51:03.233] VoxelMesh: Chunk X=-3 Y=3 Z=2 FlatVerts=6 SlopeVerts=1368
[+22:51:03.334] VoxelMesh: Chunk X=0 Y=0 Z=0 FlatVerts=0 SlopeVerts=24
[+22:51:03.336] VoxelChunk: GenerateAsync (-2,3,2)
[+22:51:03.337] VoxelMesh: Chunk X=-2 Y=3 Z=2 FlatVerts=1056 SlopeVerts=3390
[+22:51:03.441] VoxelMesh: Chunk X=0 Y=0 Z=0 FlatVerts=0 SlopeVerts=0
[+22:51:03.441] VoxelChunk: GenerateAsync (-1,3,2)
[+22:51:03.444] VoxelMesh: Chunk X=-1 Y=3 Z=2 FlatVerts=1494 SlopeVerts=1200
[+22:51:03.548] VoxelMesh: Chunk X=0 Y=0 Z=0 FlatVerts=180 SlopeVerts=1428
[+22:51:03.550] VoxelChunk: GenerateAsync (0,3,2)
[+22:51:03.551] VoxelMesh: Chunk X=0 Y=3 Z=2 FlatVerts=1398 SlopeVerts=1296
[+22:51:03.654] VoxelMesh: Chunk X=0 Y=0 Z=0 FlatVerts=1260 SlopeVerts=3678
[+22:51:03.658] VoxelChunk: GenerateAsync (1,3,2)
[+22:51:03.659] VoxelMesh: Chunk X=1 Y=3 Z=2 FlatVerts=1302 SlopeVerts=2742
[+22:51:03.816] VoxelMesh: Chunk X=0 Y=0 Z=0 FlatVerts=2838 SlopeVerts=3324
[+22:51:03.822] VoxelChunk: GenerateAsync (2,3,2)
[+22:51:03.823] VoxelMesh: Chunk X=2 Y=3 Z=2 FlatVerts=30 SlopeVerts=2148
[+22:51:03.917] VoxelMesh: Chunk X=0 Y=0 Z=0 FlatVerts=2334 SlopeVerts=1128
[+22:51:03.921] VoxelChunk: GenerateAsync (3,3,2)
[+22:51:03.922] VoxelMesh: Chunk X=3 Y=3 Z=2 FlatVerts=246 SlopeVerts=4416
[+22:51:04.019] VoxelMesh: Chunk X=0 Y=0 Z=0 FlatVerts=0 SlopeVerts=0
[+22:51:04.019] VoxelChunk: GenerateAsync (-3,-3,3)
[+22:51:04.021] VoxelMesh: Chunk X=-3 Y=-3 Z=3 FlatVerts=0 SlopeVerts=348
[+22:51:04.123] VoxelMesh: Chunk X=0 Y=0 Z=0 FlatVerts=0 SlopeVerts=0
[+22:51:04.123] VoxelChunk: GenerateAsync (2,3,-4)
[+22:51:04.124] VoxelMesh: Chunk X=2 Y=3 Z=-4 FlatVerts=0 SlopeVerts=0
[+22:51:04.228] VoxelMesh: Chunk X=0 Y=0 Z=0 FlatVerts=0 SlopeVerts=0
[+22:51:04.228] VoxelChunk: GenerateAsync (0,-2,-4)
[+22:51:04.229] VoxelMesh: Chunk X=0 Y=-2 Z=-4 FlatVerts=0 SlopeVerts=0
[+22:51:04.331] VoxelMesh: Chunk X=0 Y=0 Z=0 FlatVerts=0 SlopeVerts=0
[+22:51:04.332] VoxelChunk: GenerateAsync (-1,-2,-4)
[+22:51:04.334] VoxelMesh: Chunk X=-1 Y=-2 Z=-4 FlatVerts=0 SlopeVerts=0
[+22:51:04.435] VoxelMesh: Chunk X=0 Y=0 Z=0 FlatVerts=0 SlopeVerts=0
[+22:51:04.436] VoxelChunk: GenerateAsync (-2,2,-4)
[+22:51:04.437] VoxelMesh: Chunk X=-2 Y=2 Z=-4 FlatVerts=0 SlopeVerts=0
[+22:51:04.539] VoxelMesh: Chunk X=0 Y=0 Z=0 FlatVerts=0 SlopeVerts=0
[+22:51:04.539] VoxelChunk: GenerateAsync (-2,-2,-4)
[+22:51:04.540] VoxelMesh: Chunk X=-2 Y=-2 Z=-4 FlatVerts=0 SlopeVerts=0
[+22:51:04.642] VoxelMesh: Chunk X=0 Y=0 Z=0 FlatVerts=0 SlopeVerts=0
[+22:51:04.643] VoxelChunk: GenerateAsync (-3,-2,-4)
[+22:51:04.644] VoxelMesh: Chunk X=-3 Y=-2 Z=-4 FlatVerts=0 SlopeVerts=0
[+22:51:04.747] VoxelMesh: Chunk X=0 Y=0 Z=0 FlatVerts=0 SlopeVerts=0
[+22:51:04.747] VoxelChunk: GenerateAsync (-3,2,-4)
[+22:51:04.748] VoxelMesh: Chunk X=-3 Y=2 Z=-4 FlatVerts=0 SlopeVerts=0
[+22:51:04.850] VoxelMesh: Chunk X=0 Y=0 Z=0 FlatVerts=0 SlopeVerts=0
[+22:51:04.850] VoxelChunk: GenerateAsync (-3,3,-4)
[+22:51:04.852] VoxelMesh: Chunk X=-3 Y=3 Z=-4 FlatVerts=0 SlopeVerts=0
[+22:51:04.952] VoxelMesh: Chunk X=0 Y=0 Z=0 FlatVerts=0 SlopeVerts=0
[+22:51:04.952] VoxelChunk: GenerateAsync (3,-3,-4)
[+22:51:04.953] VoxelMesh: Chunk X=3 Y=-3 Z=-4 FlatVerts=0 SlopeVerts=0
[+22:51:05.060] VoxelMesh: Chunk X=0 Y=0 Z=0 FlatVerts=0 SlopeVerts=0
[+22:51:05.061] VoxelChunk: GenerateAsync (2,-3,-4)
[+22:51:05.062] VoxelMesh: Chunk X=2 Y=-3 Z=-4 FlatVerts=0 SlopeVerts=0
[+22:51:05.167] VoxelMesh: Chunk X=0 Y=0 Z=0 FlatVerts=0 SlopeVerts=0
[+22:51:05.168] VoxelChunk: GenerateAsync (1,-3,-4)
[+22:51:05.169] VoxelMesh: Chunk X=1 Y=-3 Z=-4 FlatVerts=0 SlopeVerts=0
[+22:51:05.271] VoxelMesh: Chunk X=0 Y=0 Z=0 FlatVerts=0 SlopeVerts=0
[+22:51:05.271] VoxelChunk: GenerateAsync (0,-3,-4)
[+22:51:05.272] VoxelMesh: Chunk X=0 Y=-3 Z=-4 FlatVerts=0 SlopeVerts=0
[+22:51:05.379] VoxelMesh: Chunk X=0 Y=0 Z=0 FlatVerts=0 SlopeVerts=0
[+22:51:05.380] VoxelChunk: GenerateAsync (3,1,-4)
[+22:51:05.381] VoxelMesh: Chunk X=3 Y=1 Z=-4 FlatVerts=0 SlopeVerts=0
[+22:51:05.484] VoxelMesh: Chunk X=0 Y=0 Z=0 FlatVerts=0 SlopeVerts=0
[+22:51:05.484] VoxelChunk: GenerateAsync (2,1,-4)
[+22:51:05.485] VoxelMesh: Chunk X=2 Y=1 Z=-4 FlatVerts=0 SlopeVerts=0
[+22:51:05.588] VoxelMesh: Chunk X=0 Y=0 Z=0 FlatVerts=0 SlopeVerts=0
[+22:51:05.589] VoxelChunk: GenerateAsync (3,2,-4)
[+22:51:05.589] VoxelMesh: Chunk X=3 Y=2 Z=-4 FlatVerts=0 SlopeVerts=0
[+22:51:05.696] VoxelMesh: Chunk X=0 Y=0 Z=0 FlatVerts=0 SlopeVerts=0
[+22:51:05.697] VoxelChunk: GenerateAsync (-1,3,-4)
[+22:51:05.699] VoxelMesh: Chunk X=-1 Y=3 Z=-4 FlatVerts=0 SlopeVerts=0
[+22:51:05.803] VoxelMesh: Chunk X=0 Y=0 Z=0 FlatVerts=0 SlopeVerts=0
[+22:51:05.803] VoxelChunk: GenerateAsync (3,0,-4)
[+22:51:05.805] VoxelMesh: Chunk X=3 Y=0 Z=-4 FlatVerts=0 SlopeVerts=0
[+22:51:05.908] VoxelMesh: Chunk X=0 Y=0 Z=0 FlatVerts=0 SlopeVerts=0
[+22:51:05.908] VoxelChunk: GenerateAsync (2,2,-4)
[+22:51:05.908] VoxelMesh: Chunk X=2 Y=2 Z=-4 FlatVerts=0 SlopeVerts=0
[+22:51:06.013] VoxelMesh: Chunk X=0 Y=0 Z=0 FlatVerts=0 SlopeVerts=0
[+22:51:06.014] VoxelChunk: GenerateAsync (2,0,-4)
[+22:51:06.015] VoxelMesh: Chunk X=2 Y=0 Z=-4 FlatVerts=0 SlopeVerts=0
[+22:51:06.112] VoxelMesh: Chunk X=0 Y=0 Z=0 FlatVerts=0 SlopeVerts=0
[+22:51:06.112] VoxelChunk: GenerateAsync (1,0,-4)
[+22:51:06.113] VoxelMesh: Chunk X=1 Y=0 Z=-4 FlatVerts=0 SlopeVerts=0
[+22:51:06.220] VoxelMesh: Chunk X=0 Y=0 Z=0 FlatVerts=0 SlopeVerts=0
[+22:51:06.220] VoxelChunk: GenerateAsync (1,1,-4)
[+22:51:06.222] VoxelMesh: Chunk X=1 Y=1 Z=-4 FlatVerts=0 SlopeVerts=0
[+22:51:06.326] VoxelMesh: Chunk X=0 Y=0 Z=0 FlatVerts=0 SlopeVerts=0
[+22:51:06.327] VoxelChunk: GenerateAsync (0,0,-4)
[+22:51:06.328] VoxelMesh: Chunk X=0 Y=0 Z=-4 FlatVerts=0 SlopeVerts=0
[+22:51:06.429] VoxelMesh: Chunk X=0 Y=0 Z=0 FlatVerts=0 SlopeVerts=0
[+22:51:06.430] VoxelChunk: GenerateAsync (-1,0,-4)
[+22:51:06.431] VoxelMesh: Chunk X=-1 Y=0 Z=-4 FlatVerts=0 SlopeVerts=0
[+22:51:06.528] VoxelMesh: Chunk X=0 Y=0 Z=0 FlatVerts=0 SlopeVerts=0
[+22:51:06.529] VoxelChunk: GenerateAsync (0,1,-4)
[+22:51:06.530] VoxelMesh: Chunk X=0 Y=1 Z=-4 FlatVerts=0 SlopeVerts=0
[+22:51:06.632] VoxelMesh: Chunk X=0 Y=0 Z=0 FlatVerts=0 SlopeVerts=0
[+22:51:06.632] VoxelChunk: GenerateAsync (1,2,-4)
[+22:51:06.634] VoxelMesh: Chunk X=1 Y=2 Z=-4 FlatVerts=0 SlopeVerts=0
[+22:51:06.736] VoxelMesh: Chunk X=0 Y=0 Z=0 FlatVerts=0 SlopeVerts=0
[+22:51:06.736] VoxelChunk: GenerateAsync (-2,3,-4)
[+22:51:06.737] VoxelMesh: Chunk X=-2 Y=3 Z=-4 FlatVerts=0 SlopeVerts=0
[+22:51:06.841] VoxelMesh: Chunk X=0 Y=0 Z=0 FlatVerts=0 SlopeVerts=0
[+22:51:06.841] VoxelChunk: GenerateAsync (1,3,-4)
[+22:51:06.842] VoxelMesh: Chunk X=1 Y=3 Z=-4 FlatVerts=0 SlopeVerts=0
[+22:51:06.943] VoxelMesh: Chunk X=0 Y=0 Z=0 FlatVerts=0 SlopeVerts=0
[+22:51:06.944] VoxelChunk: GenerateAsync (-1,1,-4)
[+22:51:06.945] VoxelMesh: Chunk X=-1 Y=1 Z=-4 FlatVerts=0 SlopeVerts=0
[+22:51:07.048] VoxelMesh: Chunk X=0 Y=0 Z=0 FlatVerts=0 SlopeVerts=0
[+22:51:07.049] VoxelChunk: GenerateAsync (-2,0,-4)
[+22:51:07.050] VoxelMesh: Chunk X=-2 Y=0 Z=-4 FlatVerts=0 SlopeVerts=0
[+22:51:07.151] VoxelMesh: Chunk X=0 Y=0 Z=0 FlatVerts=0 SlopeVerts=0
[+22:51:07.151] VoxelChunk: GenerateAsync (-3,0,-4)
[+22:51:07.152] VoxelMesh: Chunk X=-3 Y=0 Z=-4 FlatVerts=0 SlopeVerts=0
[+22:51:07.255] VoxelMesh: Chunk X=0 Y=0 Z=0 FlatVerts=0 SlopeVerts=0
[+22:51:07.255] VoxelChunk: GenerateAsync (-2,1,-4)
[+22:51:07.256] VoxelMesh: Chunk X=-2 Y=1 Z=-4 FlatVerts=0 SlopeVerts=0
[+22:51:07.359] VoxelMesh: Chunk X=0 Y=0 Z=0 FlatVerts=0 SlopeVerts=0
[+22:51:07.359] VoxelChunk: GenerateAsync (0,2,-4)
[+22:51:07.361] VoxelMesh: Chunk X=0 Y=2 Z=-4 FlatVerts=0 SlopeVerts=0
[+22:51:07.462] VoxelMesh: Chunk X=0 Y=0 Z=0 FlatVerts=0 SlopeVerts=0
[+22:51:07.462] VoxelChunk: GenerateAsync (3,-1,-4)
[+22:51:07.463] VoxelMesh: Chunk X=3 Y=-1 Z=-4 FlatVerts=0 SlopeVerts=0
[+22:51:07.565] VoxelMesh: Chunk X=0 Y=0 Z=0 FlatVerts=0 SlopeVerts=0
[+22:51:07.566] VoxelChunk: GenerateAsync (2,-1,-4)
[+22:51:07.567] VoxelMesh: Chunk X=2 Y=-1 Z=-4 FlatVerts=0 SlopeVerts=0
[+22:51:07.670] VoxelMesh: Chunk X=0 Y=0 Z=0 FlatVerts=0 SlopeVerts=0
[+22:51:07.670] VoxelChunk: GenerateAsync (-3,1,-4)
[+22:51:07.671] VoxelMesh: Chunk X=-3 Y=1 Z=-4 FlatVerts=0 SlopeVerts=0
[+22:51:07.773] VoxelMesh: Chunk X=0 Y=0 Z=0 FlatVerts=0 SlopeVerts=0
[+22:51:07.773] VoxelChunk: GenerateAsync (1,-1,-4)
[+22:51:07.774] VoxelMesh: Chunk X=1 Y=-1 Z=-4 FlatVerts=0 SlopeVerts=0
[+22:51:07.877] VoxelMesh: Chunk X=0 Y=0 Z=0 FlatVerts=0 SlopeVerts=0
[+22:51:07.877] VoxelChunk: GenerateAsync (0,-1,-4)
[+22:51:07.878] VoxelMesh: Chunk X=0 Y=-1 Z=-4 FlatVerts=0 SlopeVerts=0
[+22:51:07.980] VoxelMesh: Chunk X=0 Y=0 Z=0 FlatVerts=0 SlopeVerts=0
[+22:51:07.980] VoxelChunk: GenerateAsync (-1,-1,-4)
[+22:51:07.981] VoxelMesh: Chunk X=-1 Y=-1 Z=-4 FlatVerts=0 SlopeVerts=0
[+22:51:08.084] VoxelMesh: Chunk X=0 Y=0 Z=0 FlatVerts=0 SlopeVerts=0
[+22:51:08.085] VoxelChunk: GenerateAsync (-2,-1,-4)
[+22:51:08.086] VoxelMesh: Chunk X=-2 Y=-1 Z=-4 FlatVerts=0 SlopeVerts=0
[+22:51:08.187] VoxelMesh: Chunk X=0 Y=0 Z=0 FlatVerts=0 SlopeVerts=0
[+22:51:08.187] VoxelChunk: GenerateAsync (-3,-1,-4)
[+22:51:08.188] VoxelMesh: Chunk X=-3 Y=-1 Z=-4 FlatVerts=0 SlopeVerts=0
[+22:51:08.290] VoxelMesh: Chunk X=0 Y=0 Z=0 FlatVerts=0 SlopeVerts=0
[+22:51:08.290] VoxelChunk: GenerateAsync (3,-2,-4)
[+22:51:08.291] VoxelMesh: Chunk X=3 Y=-2 Z=-4 FlatVerts=0 SlopeVerts=0
[+22:51:08.393] VoxelMesh: Chunk X=0 Y=0 Z=0 FlatVerts=0 SlopeVerts=0
[+22:51:08.393] VoxelChunk: GenerateAsync (-1,2,-4)
[+22:51:08.394] VoxelMesh: Chunk X=-1 Y=2 Z=-4 FlatVerts=0 SlopeVerts=0
[+22:51:08.496] VoxelMesh: Chunk X=0 Y=0 Z=0 FlatVerts=0 SlopeVerts=0
[+22:51:08.496] VoxelChunk: GenerateAsync (0,3,-4)
[+22:51:08.498] VoxelMesh: Chunk X=0 Y=3 Z=-4 FlatVerts=0 SlopeVerts=0
[+22:51:08.599] VoxelMesh: Chunk X=0 Y=0 Z=0 FlatVerts=0 SlopeVerts=0
[+22:51:08.600] VoxelChunk: GenerateAsync (3,3,-4)
[+22:51:08.602] VoxelMesh: Chunk X=3 Y=3 Z=-4 FlatVerts=0 SlopeVerts=0
[+22:51:08.702] VoxelMesh: Chunk X=0 Y=0 Z=0 FlatVerts=0 SlopeVerts=0
[+22:51:08.702] VoxelChunk: GenerateAsync (1,-2,-4)
[+22:51:08.703] VoxelMesh: Chunk X=1 Y=-2 Z=-4 FlatVerts=0 SlopeVerts=0
[+22:51:08.807] VoxelMesh: Chunk X=0 Y=0 Z=0 FlatVerts=0 SlopeVerts=0
[+22:51:08.808] VoxelChunk: GenerateAsync (-3,-3,-4)
[+22:51:08.809] VoxelMesh: Chunk X=-3 Y=-3 Z=-4 FlatVerts=0 SlopeVerts=0
[+22:51:08.909] VoxelMesh: Chunk X=0 Y=0 Z=0 FlatVerts=0 SlopeVerts=0
[+22:51:08.910] VoxelChunk: GenerateAsync (-1,-3,-4)
[+22:51:08.911] VoxelMesh: Chunk X=-1 Y=-3 Z=-4 FlatVerts=0 SlopeVerts=0
[+22:51:09.017] VoxelMesh: Chunk X=0 Y=0 Z=0 FlatVerts=0 SlopeVerts=0
[+22:51:09.017] VoxelChunk: GenerateAsync (2,-2,-4)
[+22:51:09.019] VoxelMesh: Chunk X=2 Y=-2 Z=-4 FlatVerts=0 SlopeVerts=0
[+22:51:09.114] VoxelMesh: Chunk X=0 Y=0 Z=0 FlatVerts=0 SlopeVerts=0
[+22:51:09.115] VoxelChunk: GenerateAsync (-2,-3,-4)
[+22:51:09.116] VoxelMesh: Chunk X=-2 Y=-3 Z=-4 FlatVerts=0 SlopeVerts=0
[+22:51:09.229] VoxelMesh: Chunk X=0 Y=0 Z=0 FlatVerts=0 SlopeVerts=0
[+22:51:09.230] VoxelChunk: GenerateAsync (-3,-3,4)
[+22:51:09.232] VoxelMesh: Chunk X=-3 Y=-3 Z=4 FlatVerts=0 SlopeVerts=0
[+22:51:09.333] VoxelMesh: Chunk X=0 Y=0 Z=0 FlatVerts=0 SlopeVerts=0
[+22:51:09.333] VoxelChunk: GenerateAsync (-2,-3,4)
[+22:51:09.335] VoxelMesh: Chunk X=-2 Y=-3 Z=4 FlatVerts=0 SlopeVerts=0
[+22:51:09.426] VoxelMesh: Chunk X=0 Y=0 Z=0 FlatVerts=30 SlopeVerts=4566
[+22:51:09.429] VoxelChunk: GenerateAsync (-1,-3,4)
[+22:51:09.431] VoxelMesh: Chunk X=-1 Y=-3 Z=4 FlatVerts=0 SlopeVerts=2040
[+22:51:09.529] VoxelMesh: Chunk X=0 Y=0 Z=0 FlatVerts=90 SlopeVerts=14202
[+22:51:09.540] VoxelChunk: GenerateAsync (0,-3,4)
[+22:51:09.541] VoxelMesh: Chunk X=0 Y=-3 Z=4 FlatVerts=0 SlopeVerts=4878
[+22:51:09.633] VoxelMesh: Chunk X=0 Y=0 Z=0 FlatVerts=78 SlopeVerts=30096
[+22:51:09.660] VoxelChunk: GenerateAsync (1,-3,4)
[+22:51:09.662] VoxelMesh: Chunk X=1 Y=-3 Z=4 FlatVerts=0 SlopeVerts=7668
[+22:51:09.739] VoxelMesh: Chunk X=0 Y=0 Z=0 FlatVerts=18 SlopeVerts=28116
[+22:51:09.764] VoxelChunk: GenerateAsync (2,-3,4)
[+22:51:09.766] VoxelMesh: Chunk X=2 Y=-3 Z=4 FlatVerts=18 SlopeVerts=7074
[+22:51:09.842] VoxelMesh: Chunk X=0 Y=0 Z=0 FlatVerts=36 SlopeVerts=19440
[+22:51:09.858] VoxelChunk: GenerateAsync (3,-3,4)
[+22:51:09.860] VoxelMesh: Chunk X=3 Y=-3 Z=4 FlatVerts=0 SlopeVerts=2682
[+22:51:09.944] VoxelMesh: Chunk X=0 Y=0 Z=0 FlatVerts=0 SlopeVerts=0
[+22:51:09.945] VoxelChunk: GenerateAsync (-3,-2,4)
[+22:51:09.946] VoxelMesh: Chunk X=-3 Y=-2 Z=4 FlatVerts=24 SlopeVerts=5220
[+22:51:10.050] VoxelMesh: Chunk X=0 Y=0 Z=0 FlatVerts=0 SlopeVerts=0
[+22:51:10.051] VoxelChunk: GenerateAsync (-2,-2,4)
[+22:51:10.054] VoxelMesh: Chunk X=-2 Y=-2 Z=4 FlatVerts=0 SlopeVerts=5532
[+22:51:10.148] VoxelMesh: Chunk X=0 Y=0 Z=0 FlatVerts=0 SlopeVerts=3084
[+22:51:10.151] VoxelChunk: GenerateAsync (-1,-2,4)
[+22:51:10.152] VoxelMesh: Chunk X=-1 Y=-2 Z=4 FlatVerts=0 SlopeVerts=894
[+22:51:10.248] VoxelMesh: Chunk X=0 Y=0 Z=0 FlatVerts=60 SlopeVerts=16818
[+22:51:10.262] VoxelChunk: GenerateAsync (0,-2,4)
[+22:51:10.264] VoxelMesh: Chunk X=0 Y=-2 Z=4 FlatVerts=0 SlopeVerts=1740
[+22:51:10.357] VoxelMesh: Chunk X=0 Y=0 Z=0 FlatVerts=90 SlopeVerts=33162
[+22:51:10.385] VoxelChunk: GenerateAsync (1,-2,4)
[+22:51:10.387] VoxelMesh: Chunk X=1 Y=-2 Z=4 FlatVerts=0 SlopeVerts=1200
[+22:51:10.464] VoxelMesh: Chunk X=0 Y=0 Z=0 FlatVerts=54 SlopeVerts=32040
[+22:51:10.491] VoxelChunk: GenerateAsync (2,-2,4)
[+22:51:10.493] VoxelMesh: Chunk X=2 Y=-2 Z=4 FlatVerts=0 SlopeVerts=246
[+22:51:10.568] VoxelMesh: Chunk X=0 Y=0 Z=0 FlatVerts=66 SlopeVerts=34452
[+22:51:10.603] VoxelChunk: GenerateAsync (3,-2,4)
[+22:51:10.604] VoxelMesh: Chunk X=3 Y=-2 Z=4 FlatVerts=0 SlopeVerts=0
[+22:51:10.669] VoxelMesh: Chunk X=0 Y=0 Z=0 FlatVerts=0 SlopeVerts=0
[+22:51:10.670] VoxelChunk: GenerateAsync (-3,-1,4)
[+22:51:10.671] VoxelMesh: Chunk X=-3 Y=-1 Z=4 FlatVerts=0 SlopeVerts=3618
[+22:51:10.773] VoxelMesh: Chunk X=0 Y=0 Z=0 FlatVerts=0 SlopeVerts=0
[+22:51:10.774] VoxelChunk: GenerateAsync (-2,-1,4)
[+22:51:10.777] VoxelMesh: Chunk X=-2 Y=-1 Z=4 FlatVerts=0 SlopeVerts=2322
[+22:51:10.874] VoxelMesh: Chunk X=0 Y=0 Z=0 FlatVerts=0 SlopeVerts=0
[+22:51:10.874] VoxelChunk: GenerateAsync (-1,-1,4)
[+22:51:10.877] VoxelMesh: Chunk X=-1 Y=-1 Z=4 FlatVerts=0 SlopeVerts=4392
[+22:51:10.979] VoxelMesh: Chunk X=0 Y=0 Z=0 FlatVerts=0 SlopeVerts=5460
[+22:51:10.984] VoxelChunk: GenerateAsync (0,-1,4)
[+22:51:10.986] VoxelMesh: Chunk X=0 Y=-1 Z=4 FlatVerts=0 SlopeVerts=0
[+22:51:11.087] VoxelMesh: Chunk X=0 Y=0 Z=0 FlatVerts=30 SlopeVerts=13686
[+22:51:11.099] VoxelChunk: GenerateAsync (1,-1,4)
[+22:51:11.101] VoxelMesh: Chunk X=1 Y=-1 Z=4 FlatVerts=0 SlopeVerts=0
[+22:51:11.192] VoxelMesh: Chunk X=0 Y=0 Z=0 FlatVerts=54 SlopeVerts=20274
[+22:51:11.207] VoxelChunk: GenerateAsync (2,-1,4)
[+22:51:11.208] VoxelMesh: Chunk X=2 Y=-1 Z=4 FlatVerts=0 SlopeVerts=0
[+22:51:11.293] VoxelMesh: Chunk X=0 Y=0 Z=0 FlatVerts=42 SlopeVerts=28584
[+22:51:11.314] VoxelChunk: GenerateAsync (3,-1,4)
[+22:51:11.316] VoxelMesh: Chunk X=3 Y=-1 Z=4 FlatVerts=0 SlopeVerts=0
[+22:51:11.393] VoxelMesh: Chunk X=0 Y=0 Z=0 FlatVerts=0 SlopeVerts=0
[+22:51:11.393] VoxelChunk: GenerateAsync (-3,0,4)
[+22:51:11.395] VoxelMesh: Chunk X=-3 Y=0 Z=4 FlatVerts=0 SlopeVerts=6954
[+22:51:11.498] VoxelMesh: Chunk X=0 Y=0 Z=0 FlatVerts=0 SlopeVerts=0
[+22:51:11.499] VoxelChunk: GenerateAsync (-2,0,4)
[+22:51:11.500] VoxelMesh: Chunk X=-2 Y=0 Z=4 FlatVerts=0 SlopeVerts=5364
[+22:51:11.600] VoxelMesh: Chunk X=0 Y=0 Z=0 FlatVerts=0 SlopeVerts=0
[+22:51:11.601] VoxelChunk: GenerateAsync (-1,0,4)
[+22:51:11.602] VoxelMesh: Chunk X=-1 Y=0 Z=4 FlatVerts=0 SlopeVerts=1614
[+22:51:11.704] VoxelMesh: Chunk X=0 Y=0 Z=0 FlatVerts=0 SlopeVerts=0
[+22:51:11.704] VoxelChunk: GenerateAsync (0,0,4)
[+22:51:11.706] VoxelMesh: Chunk X=0 Y=0 Z=4 FlatVerts=0 SlopeVerts=0
[+22:51:11.812] VoxelMesh: Chunk X=0 Y=0 Z=0 FlatVerts=0 SlopeVerts=0
[+22:51:11.813] VoxelChunk: GenerateAsync (1,0,4)
[+22:51:11.814] VoxelMesh: Chunk X=1 Y=0 Z=4 FlatVerts=0 SlopeVerts=0
[+22:51:11.914] VoxelMesh: Chunk X=0 Y=0 Z=0 FlatVerts=0 SlopeVerts=1902
[+22:51:11.916] VoxelChunk: GenerateAsync (2,0,4)
[+22:51:11.917] VoxelMesh: Chunk X=2 Y=0 Z=4 FlatVerts=0 SlopeVerts=0
[+22:51:12.018] VoxelMesh: Chunk X=0 Y=0 Z=0 FlatVerts=6 SlopeVerts=5514
[+22:51:12.021] VoxelChunk: GenerateAsync (3,0,4)
[+22:51:12.022] VoxelMesh: Chunk X=3 Y=0 Z=4 FlatVerts=0 SlopeVerts=0
[+22:51:12.124] VoxelMesh: Chunk X=0 Y=0 Z=0 FlatVerts=0 SlopeVerts=0
[+22:51:12.124] VoxelChunk: GenerateAsync (-3,1,4)
[+22:51:12.126] VoxelMesh: Chunk X=-3 Y=1 Z=4 FlatVerts=42 SlopeVerts=7578
[+22:51:12.230] VoxelMesh: Chunk X=0 Y=0 Z=0 FlatVerts=0 SlopeVerts=0
[+22:51:12.230] VoxelChunk: GenerateAsync (-2,1,4)
[+22:51:12.232] VoxelMesh: Chunk X=-2 Y=1 Z=4 FlatVerts=0 SlopeVerts=2238
[+22:51:12.333] VoxelMesh: Chunk X=0 Y=0 Z=0 FlatVerts=0 SlopeVerts=0
[+22:51:12.334] VoxelChunk: GenerateAsync (-1,1,4)
[+22:51:12.335] VoxelMesh: Chunk X=-1 Y=1 Z=4 FlatVerts=0 SlopeVerts=0
[+22:51:12.450] VoxelMesh: Chunk X=0 Y=0 Z=0 FlatVerts=0 SlopeVerts=0
[+22:51:12.451] VoxelChunk: GenerateAsync (0,1,4)
[+22:51:12.452] VoxelMesh: Chunk X=0 Y=1 Z=4 FlatVerts=0 SlopeVerts=0
[+22:51:12.543] VoxelMesh: Chunk X=0 Y=0 Z=0 FlatVerts=0 SlopeVerts=0
[+22:51:12.544] VoxelChunk: GenerateAsync (1,1,4)
[+22:51:12.545] VoxelMesh: Chunk X=1 Y=1 Z=4 FlatVerts=0 SlopeVerts=0
[+22:51:12.646] VoxelMesh: Chunk X=0 Y=0 Z=0 FlatVerts=0 SlopeVerts=0
[+22:51:12.647] VoxelChunk: GenerateAsync (2,1,4)
[+22:51:12.649] VoxelMesh: Chunk X=2 Y=1 Z=4 FlatVerts=0 SlopeVerts=300
[+22:51:12.751] VoxelMesh: Chunk X=0 Y=0 Z=0 FlatVerts=0 SlopeVerts=0
[+22:51:12.752] VoxelChunk: GenerateAsync (3,1,4)
[+22:51:12.753] VoxelMesh: Chunk X=3 Y=1 Z=4 FlatVerts=186 SlopeVerts=3120
[+22:51:12.852] VoxelMesh: Chunk X=0 Y=0 Z=0 FlatVerts=0 SlopeVerts=0
[+22:51:12.853] VoxelChunk: GenerateAsync (-3,2,4)
[+22:51:12.854] VoxelMesh: Chunk X=-3 Y=2 Z=4 FlatVerts=90 SlopeVerts=6582
[+22:51:12.958] VoxelMesh: Chunk X=0 Y=0 Z=0 FlatVerts=0 SlopeVerts=0
[+22:51:12.958] VoxelChunk: GenerateAsync (-2,2,4)
[+22:51:12.960] VoxelMesh: Chunk X=-2 Y=2 Z=4 FlatVerts=54 SlopeVerts=1302
[+22:51:13.062] VoxelMesh: Chunk X=0 Y=0 Z=0 FlatVerts=0 SlopeVerts=0
[+22:51:13.063] VoxelChunk: GenerateAsync (-1,2,4)
[+22:51:13.064] VoxelMesh: Chunk X=-1 Y=2 Z=4 FlatVerts=0 SlopeVerts=0
[+22:51:13.167] VoxelMesh: Chunk X=0 Y=0 Z=0 FlatVerts=0 SlopeVerts=0
[+22:51:13.168] VoxelChunk: GenerateAsync (0,2,4)
[+22:51:13.170] VoxelMesh: Chunk X=0 Y=2 Z=4 FlatVerts=0 SlopeVerts=0
[+22:51:13.273] VoxelMesh: Chunk X=0 Y=0 Z=0 FlatVerts=0 SlopeVerts=0
[+22:51:13.273] VoxelChunk: GenerateAsync (1,2,4)
[+22:51:13.274] VoxelMesh: Chunk X=1 Y=2 Z=4 FlatVerts=0 SlopeVerts=0
[+22:51:13.376] VoxelMesh: Chunk X=0 Y=0 Z=0 FlatVerts=0 SlopeVerts=0
[+22:51:13.376] VoxelChunk: GenerateAsync (2,2,4)
[+22:51:13.377] VoxelMesh: Chunk X=2 Y=2 Z=4 FlatVerts=0 SlopeVerts=3294
[+22:51:13.480] VoxelMesh: Chunk X=0 Y=0 Z=0 FlatVerts=0 SlopeVerts=0
[+22:51:13.480] VoxelChunk: GenerateAsync (3,2,4)
[+22:51:13.481] VoxelMesh: Chunk X=3 Y=2 Z=4 FlatVerts=276 SlopeVerts=2958
[+22:51:13.583] VoxelMesh: Chunk X=0 Y=0 Z=0 FlatVerts=0 SlopeVerts=0
[+22:51:13.583] VoxelChunk: GenerateAsync (-3,3,4)
[+22:51:13.585] VoxelMesh: Chunk X=-3 Y=3 Z=4 FlatVerts=6 SlopeVerts=1002
[+22:51:13.685] VoxelMesh: Chunk X=0 Y=0 Z=0 FlatVerts=0 SlopeVerts=0
[+22:51:13.685] VoxelChunk: GenerateAsync (-2,3,4)
[+22:51:13.687] VoxelMesh: Chunk X=-2 Y=3 Z=4 FlatVerts=0 SlopeVerts=0
[+22:51:13.787] VoxelMesh: Chunk X=0 Y=0 Z=0 FlatVerts=0 SlopeVerts=0
[+22:51:13.788] VoxelChunk: GenerateAsync (-1,3,4)
[+22:51:13.790] VoxelMesh: Chunk X=-1 Y=3 Z=4 FlatVerts=0 SlopeVerts=0
[+22:51:13.895] VoxelMesh: Chunk X=0 Y=0 Z=0 FlatVerts=0 SlopeVerts=0
[+22:51:13.896] VoxelChunk: GenerateAsync (0,3,4)
[+22:51:13.898] VoxelMesh: Chunk X=0 Y=3 Z=4 FlatVerts=0 SlopeVerts=0
[+22:51:13.999] VoxelMesh: Chunk X=0 Y=0 Z=0 FlatVerts=0 SlopeVerts=0
[+22:51:13.999] VoxelChunk: GenerateAsync (1,3,4)
[+22:51:14.001] VoxelMesh: Chunk X=1 Y=3 Z=4 FlatVerts=0 SlopeVerts=6
[+22:51:26.313] VoxelWater: No owner or OceanPlaneMesh — skipping ocean.
[+22:51:26.313] VoxelWorld: GenerateWorldDeferred started.
[+22:51:26.313] VoxelWorld: Queued 440 chunks.
[+22:51:26.327] VoxelMesh: Chunk X=0 Y=0 Z=0 FlatVerts=3600 SlopeVerts=13656
[+22:51:26.329] VoxelChunk: GenerateAsync (1,0,0)
[+22:51:26.329] VoxelMesh: Chunk X=1 Y=0 Z=0 FlatVerts=852 SlopeVerts=1590
[+22:51:26.332] VoxelMesh: Chunk X=0 Y=0 Z=0 FlatVerts=4920 SlopeVerts=1614
[+22:51:26.334] VoxelChunk: GenerateAsync (-1,-1,-1)
[+22:51:26.334] VoxelMesh: Chunk X=-1 Y=-1 Z=-1 FlatVerts=0 SlopeVerts=0
[+22:51:26.338] VoxelMesh: Chunk X=0 Y=0 Z=0 FlatVerts=1476 SlopeVerts=876
[+22:51:26.339] VoxelChunk: GenerateAsync (0,-1,-1)
[+22:51:26.342] VoxelMesh: Chunk X=0 Y=-1 Z=-1 FlatVerts=0 SlopeVerts=0
[+22:51:26.345] VoxelMesh: Chunk X=0 Y=0 Z=0 FlatVerts=990 SlopeVerts=5526
[+22:51:26.346] VoxelChunk: GenerateAsync (1,1,1)
[+22:51:26.346] VoxelMesh: Chunk X=1 Y=1 Z=1 FlatVerts=0 SlopeVerts=0
[+22:51:26.400] VoxelMesh: Chunk X=0 Y=0 Z=0 FlatVerts=8916 SlopeVerts=882
[+22:51:26.402] VoxelChunk: GenerateAsync (-1,0,-1)
[+22:51:26.402] VoxelMesh: Chunk X=-1 Y=0 Z=-1 FlatVerts=0 SlopeVerts=0
[+22:51:26.409] VoxelMesh: Chunk X=0 Y=0 Z=0 FlatVerts=1050 SlopeVerts=10668
[+22:51:26.410] VoxelChunk: GenerateAsync (-1,-1,1)
[+22:51:26.412] VoxelMesh: Chunk X=-1 Y=-1 Z=1 FlatVerts=354 SlopeVerts=960
[+22:51:26.416] VoxelMesh: Chunk X=0 Y=0 Z=0 FlatVerts=8106 SlopeVerts=6354
[+22:51:26.418] VoxelChunk: GenerateAsync (1,1,0)
[+22:51:26.419] VoxelMesh: Chunk X=1 Y=1 Z=0 FlatVerts=2568 SlopeVerts=0
[+22:51:26.423] VoxelMesh: Chunk X=0 Y=0 Z=0 FlatVerts=9000 SlopeVerts=2982
[+22:51:26.425] VoxelChunk: GenerateAsync (-1,0,0)
[+22:51:26.425] VoxelMesh: Chunk X=-1 Y=0 Z=0 FlatVerts=2622 SlopeVerts=36
[+22:51:26.426] VoxelWater: Chunk X=1 Y=0 Z=0 emitted 68 procedural water vertices (Ocean/Pools)
[+22:51:26.456] VoxelMesh: Chunk X=0 Y=0 Z=0 FlatVerts=0 SlopeVerts=0
[+22:51:26.457] VoxelChunk: GenerateAsync (2,3,4)
[+22:51:26.459] VoxelMesh: Chunk X=2 Y=3 Z=4 FlatVerts=0 SlopeVerts=3090
[+22:51:26.469] VoxelMesh: Chunk X=0 Y=0 Z=0 FlatVerts=0 SlopeVerts=0
[+22:51:26.470] VoxelChunk: GenerateAsync (-1,1,1)
[+22:51:26.472] VoxelMesh: Chunk X=-1 Y=1 Z=1 FlatVerts=0 SlopeVerts=0
[+22:51:26.475] VoxelMesh: Chunk X=0 Y=0 Z=0 FlatVerts=9804 SlopeVerts=2352
[+22:51:26.478] VoxelChunk: GenerateAsync (0,1,0)
[+22:51:26.478] VoxelMesh: Chunk X=0 Y=1 Z=0 FlatVerts=2652 SlopeVerts=0
[+22:51:26.481] VoxelMesh: Chunk X=0 Y=0 Z=0 FlatVerts=9636 SlopeVerts=678
[+22:51:26.484] VoxelChunk: GenerateAsync (0,1,-1)
[+22:51:26.484] VoxelMesh: Chunk X=0 Y=1 Z=-1 FlatVerts=0 SlopeVerts=0
[+22:51:26.490] VoxelMesh: Chunk X=0 Y=0 Z=0 FlatVerts=900 SlopeVerts=11400
[+22:51:26.491] VoxelChunk: GenerateAsync (1,-1,0)
[+22:51:26.492] VoxelMesh: Chunk X=1 Y=-1 Z=0 FlatVerts=264 SlopeVerts=1026
[+22:51:26.507] VoxelMesh: Chunk X=0 Y=0 Z=0 FlatVerts=5424 SlopeVerts=1548
[+22:51:26.509] VoxelChunk: GenerateAsync (0,0,-1)
[+22:51:26.510] VoxelMesh: Chunk X=0 Y=0 Z=-1 FlatVerts=0 SlopeVerts=0
[+22:51:26.517] VoxelMesh: Chunk X=0 Y=0 Z=0 FlatVerts=1608 SlopeVerts=20910
[+22:51:26.519] VoxelChunk: GenerateAsync (1,0,1)
[+22:51:26.522] VoxelMesh: Chunk X=1 Y=0 Z=1 FlatVerts=0 SlopeVerts=1962
[+22:51:26.526] VoxelMesh: Chunk X=0 Y=0 Z=0 FlatVerts=648 SlopeVerts=25776
[+22:51:26.528] VoxelChunk: GenerateAsync (1,-1,1)
[+22:51:26.530] VoxelMesh: Chunk X=1 Y=-1 Z=1 FlatVerts=0 SlopeVerts=2328
[+22:51:26.534] VoxelMesh: Chunk X=0 Y=0 Z=0 FlatVerts=10458 SlopeVerts=30
[+22:51:26.537] VoxelChunk: GenerateAsync (-1,1,0)
[+22:51:26.538] VoxelMesh: Chunk X=-1 Y=1 Z=0 FlatVerts=2610 SlopeVerts=0
[+22:51:26.553] VoxelMesh: Chunk X=0 Y=0 Z=0 FlatVerts=0 SlopeVerts=0
[+22:51:26.554] VoxelChunk: GenerateAsync (3,3,4)
[+22:51:26.554] VoxelWorld: Editor generation complete, 441 chunks.
[+22:51:26.556] VoxelMesh: Chunk X=3 Y=3 Z=4 FlatVerts=0 SlopeVerts=648
[+22:51:26.561] VoxelMesh: Chunk X=0 Y=0 Z=0 FlatVerts=2346 SlopeVerts=13482
[+22:51:26.563] VoxelChunk: GenerateAsync (0,-1,0)
[+22:51:26.565] VoxelMesh: Chunk X=0 Y=-1 Z=0 FlatVerts=78 SlopeVerts=426
[+22:51:26.566] VoxelMesh: Chunk X=0 Y=0 Z=0 FlatVerts=10458 SlopeVerts=30
[+22:51:26.568] VoxelChunk: GenerateAsync (-1,1,-1)
[+22:51:26.569] VoxelMesh: Chunk X=-1 Y=1 Z=-1 FlatVerts=0 SlopeVerts=0
[+22:51:26.572] VoxelMesh: Chunk X=0 Y=0 Z=0 FlatVerts=1836 SlopeVerts=1032
[+22:51:26.573] VoxelChunk: GenerateAsync (1,0,-1)
[+22:51:26.574] VoxelMesh: Chunk X=1 Y=0 Z=-1 FlatVerts=0 SlopeVerts=0
[+22:51:26.578] VoxelMesh: Chunk X=0 Y=0 Z=0 FlatVerts=6012 SlopeVerts=9102
[+22:51:26.580] VoxelChunk: GenerateAsync (-1,-1,0)
[+22:51:26.581] VoxelMesh: Chunk X=-1 Y=-1 Z=0 FlatVerts=1230 SlopeVerts=1770
[+22:51:26.595] VoxelMesh: Chunk X=0 Y=0 Z=0 FlatVerts=7056 SlopeVerts=1260
[+22:51:26.597] VoxelChunk: GenerateAsync (1,1,-1)
[+22:51:26.597] VoxelMesh: Chunk X=1 Y=1 Z=-1 FlatVerts=0 SlopeVerts=0
[+22:51:26.603] VoxelMesh: Chunk X=0 Y=0 Z=0 FlatVerts=156 SlopeVerts=96
[+22:51:26.603] VoxelChunk: GenerateAsync (1,-1,-1)
[+22:51:26.611] VoxelMesh: Chunk X=1 Y=-1 Z=-1 FlatVerts=0 SlopeVerts=0
[+22:51:26.612] VoxelMesh: Chunk X=0 Y=0 Z=0 FlatVerts=144 SlopeVerts=1698
[+22:51:26.613] VoxelChunk: GenerateAsync (0,1,1)
[+22:51:26.616] VoxelMesh: Chunk X=0 Y=1 Z=1 FlatVerts=0 SlopeVerts=0
[+22:51:26.620] VoxelMesh: Chunk X=0 Y=0 Z=0 FlatVerts=456 SlopeVerts=10890
[+22:51:26.621] VoxelChunk: GenerateAsync (0,0,1)
[+22:51:26.623] VoxelMesh: Chunk X=0 Y=0 Z=1 FlatVerts=0 SlopeVerts=1992
[+22:51:26.624] VoxelWater: Chunk X=1 Y=0 Z=0 emitted 84 procedural water vertices (Ocean/Pools)
[+22:51:26.624] VoxelWater: Chunk X=-1 Y=-1 Z=1 emitted 64 procedural water vertices (Ocean/Pools)
[+22:51:26.624] VoxelWater: Chunk X=1 Y=1 Z=0 emitted 28 procedural water vertices (Ocean/Pools)
[+22:51:26.624] VoxelWater: Chunk X=-1 Y=0 Z=0 emitted 36 procedural water vertices (Ocean/Pools)
[+22:51:26.624] VoxelWater: Chunk X=0 Y=1 Z=0 emitted 12 procedural water vertices (Ocean/Pools)
[+22:51:26.624] VoxelWater: Chunk X=1 Y=-1 Z=0 emitted 8 procedural water vertices (Ocean/Pools)
[+22:51:26.624] VoxelWater: Chunk X=0 Y=0 Z=1 emitted 4 procedural water vertices (Ocean/Pools)
[+22:51:26.624] VoxelWater: Chunk X=1 Y=0 Z=1 emitted 40 procedural water vertices (Ocean/Pools)
[+22:51:26.624] VoxelWater: Chunk X=1 Y=-1 Z=1 emitted 32 procedural water vertices (Ocean/Pools)
[+22:51:26.624] VoxelWater: Chunk X=-1 Y=1 Z=0 emitted 32 procedural water vertices (Ocean/Pools)
[+22:51:26.624] VoxelWater: Chunk X=0 Y=-1 Z=0 emitted 8 procedural water vertices (Ocean/Pools)
[+22:51:26.624] VoxelWater: Chunk X=-1 Y=-1 Z=0 emitted 32 procedural water vertices (Ocean/Pools)
[+22:51:26.641] VoxelMesh: Chunk X=0 Y=0 Z=0 FlatVerts=54 SlopeVerts=2202
[+22:51:26.642] VoxelChunk: GenerateAsync (-1,0,1)
[+22:51:26.644] VoxelMesh: Chunk X=-1 Y=0 Z=1 FlatVerts=0 SlopeVerts=0
[+22:51:26.650] VoxelMesh: Chunk X=0 Y=0 Z=0 FlatVerts=792 SlopeVerts=22026
[+22:51:26.651] VoxelChunk: GenerateAsync (0,-1,1)
[+22:51:26.655] VoxelMesh: Chunk X=0 Y=-1 Z=1 FlatVerts=0 SlopeVerts=2304
[+22:51:26.659] VoxelMesh: Chunk X=0 Y=0 Z=0 FlatVerts=6 SlopeVerts=3168
[+22:51:26.660] VoxelChunk: GenerateAsync (-1,-1,2)
[+22:51:26.662] VoxelMesh: Chunk X=-1 Y=-1 Z=2 FlatVerts=0 SlopeVerts=0
[+22:51:26.668] VoxelMesh: Chunk X=0 Y=0 Z=0 FlatVerts=0 SlopeVerts=0
[+22:51:26.669] VoxelChunk: GenerateAsync (-2,-1,2)
[+22:51:26.670] VoxelMesh: Chunk X=-2 Y=-1 Z=2 FlatVerts=0 SlopeVerts=0
[+22:51:26.685] VoxelMesh: Chunk X=0 Y=0 Z=0 FlatVerts=270 SlopeVerts=19860
[+22:51:26.686] VoxelChunk: GenerateAsync (2,0,2)
[+22:51:26.689] VoxelMesh: Chunk X=2 Y=0 Z=2 FlatVerts=0 SlopeVerts=0
[+22:51:26.693] VoxelMesh: Chunk X=0 Y=0 Z=0 FlatVerts=78 SlopeVerts=26808
[+22:51:26.695] VoxelChunk: GenerateAsync (2,-2,2)
[+22:51:26.697] VoxelMesh: Chunk X=2 Y=-2 Z=2 FlatVerts=0 SlopeVerts=0
[+22:51:26.702] VoxelMesh: Chunk X=0 Y=0 Z=0 FlatVerts=18 SlopeVerts=25014
[+22:51:26.704] VoxelChunk: GenerateAsync (1,-2,2)
[+22:51:26.705] VoxelMesh: Chunk X=1 Y=-2 Z=2 FlatVerts=0 SlopeVerts=2304
[+22:51:26.712] VoxelMesh: Chunk X=0 Y=0 Z=0 FlatVerts=0 SlopeVerts=10548
[+22:51:26.713] VoxelChunk: GenerateAsync (1,0,2)
[+22:51:26.715] VoxelMesh: Chunk X=1 Y=0 Z=2 FlatVerts=0 SlopeVerts=66
[+22:51:26.733] VoxelMesh: Chunk X=0 Y=0 Z=0 FlatVerts=0 SlopeVerts=384
[+22:51:26.733] VoxelChunk: GenerateAsync (1,1,2)
[+22:51:26.736] VoxelMesh: Chunk X=1 Y=1 Z=2 FlatVerts=0 SlopeVerts=0
[+22:51:26.740] VoxelMesh: Chunk X=0 Y=0 Z=0 FlatVerts=36 SlopeVerts=26808
[+22:51:26.741] VoxelChunk: GenerateAsync (0,-2,2)
[+22:51:26.742] VoxelMesh: Chunk X=0 Y=-2 Z=2 FlatVerts=0 SlopeVerts=1218
[+22:51:26.750] VoxelMesh: Chunk X=0 Y=0 Z=0 FlatVerts=48 SlopeVerts=16752
[+22:51:26.752] VoxelChunk: GenerateAsync (-1,-2,2)
[+22:51:26.754] VoxelMesh: Chunk X=-1 Y=-2 Z=2 FlatVerts=0 SlopeVerts=2208
[+22:51:26.759] VoxelMesh: Chunk X=0 Y=0 Z=0 FlatVerts=0 SlopeVerts=0
[+22:51:26.760] VoxelChunk: GenerateAsync (-2,1,1)
[+22:51:26.761] VoxelMesh: Chunk X=-2 Y=1 Z=1 FlatVerts=0 SlopeVerts=0
[+22:51:26.776] VoxelMesh: Chunk X=0 Y=0 Z=0 FlatVerts=1734 SlopeVerts=24360
[+22:51:26.778] VoxelChunk: GenerateAsync (2,0,1)
[+22:51:26.780] VoxelMesh: Chunk X=2 Y=0 Z=1 FlatVerts=258 SlopeVerts=1512
[+22:51:26.786] VoxelMesh: Chunk X=0 Y=0 Z=0 FlatVerts=0 SlopeVerts=2088
[+22:51:26.787] VoxelChunk: GenerateAsync (0,0,2)
[+22:51:26.789] VoxelMesh: Chunk X=0 Y=0 Z=2 FlatVerts=0 SlopeVerts=66
[+22:51:26.795] VoxelMesh: Chunk X=0 Y=0 Z=0 FlatVerts=18 SlopeVerts=4860
[+22:51:26.795] VoxelChunk: GenerateAsync (-2,-2,2)
[+22:51:26.799] VoxelMesh: Chunk X=-2 Y=-2 Z=2 FlatVerts=30 SlopeVerts=282
[+22:51:26.801] VoxelMesh: Chunk X=0 Y=0 Z=0 FlatVerts=5688 SlopeVerts=6942
[+22:51:26.803] VoxelChunk: GenerateAsync (2,2,1)
[+22:51:26.804] VoxelMesh: Chunk X=2 Y=2 Z=1 FlatVerts=2922 SlopeVerts=1266
[+22:51:26.819] VoxelMesh: Chunk X=0 Y=0 Z=0 FlatVerts=0 SlopeVerts=0
[+22:51:26.820] VoxelChunk: GenerateAsync (-2,0,1)
[+22:51:26.822] VoxelMesh: Chunk X=-2 Y=0 Z=1 FlatVerts=462 SlopeVerts=1470
[+22:51:26.826] VoxelMesh: Chunk X=0 Y=0 Z=0 FlatVerts=636 SlopeVerts=23826
[+22:51:26.828] VoxelChunk: GenerateAsync (2,-1,1)
[+22:51:26.830] VoxelMesh: Chunk X=2 Y=-1 Z=1 FlatVerts=264 SlopeVerts=1596
[+22:51:26.836] VoxelMesh: Chunk X=0 Y=0 Z=0 FlatVerts=0 SlopeVerts=72
[+22:51:26.837] VoxelChunk: GenerateAsync (-1,0,2)
[+22:51:26.842] VoxelMesh: Chunk X=-1 Y=0 Z=2 FlatVerts=0 SlopeVerts=0
[+22:51:26.845] VoxelMesh: Chunk X=0 Y=0 Z=0 FlatVerts=0 SlopeVerts=0
[+22:51:26.845] VoxelChunk: GenerateAsync (0,1,2)
[+22:51:26.847] VoxelMesh: Chunk X=0 Y=1 Z=2 FlatVerts=0 SlopeVerts=0
[+22:51:26.850] VoxelWater: Chunk X=1 Y=0 Z=0 emitted 92 procedural water vertices (Ocean/Pools)
[+22:51:26.850] VoxelWater: Chunk X=-1 Y=-1 Z=0 emitted 48 procedural water vertices (Ocean/Pools)
[+22:51:26.850] VoxelWater: Chunk X=-1 Y=-1 Z=1 emitted 72 procedural water vertices (Ocean/Pools)
[+22:51:26.850] VoxelWater: Chunk X=1 Y=1 Z=0 emitted 36 procedural water vertices (Ocean/Pools)
[+22:51:26.850] VoxelWater: Chunk X=-1 Y=0 Z=0 emitted 56 procedural water vertices (Ocean/Pools)
[+22:51:26.850] VoxelWater: Chunk X=0 Y=1 Z=0 emitted 20 procedural water vertices (Ocean/Pools)
[+22:51:26.850] VoxelWater: Chunk X=1 Y=-1 Z=0 emitted 12 procedural water vertices (Ocean/Pools)
[+22:51:26.850] VoxelWater: Chunk X=1 Y=0 Z=1 emitted 48 procedural water vertices (Ocean/Pools)
[+22:51:26.850] VoxelWater: Chunk X=0 Y=0 Z=1 emitted 8 procedural water vertices (Ocean/Pools)
[+22:51:26.850] VoxelWater: Chunk X=1 Y=-1 Z=1 emitted 40 procedural water vertices (Ocean/Pools)
[+22:51:26.850] VoxelWater: Chunk X=-1 Y=1 Z=0 emitted 44 procedural water vertices (Ocean/Pools)
[+22:51:26.850] VoxelWater: Chunk X=0 Y=-1 Z=0 emitted 8 procedural water vertices (Ocean/Pools)
[+22:51:26.850] VoxelWater: Chunk X=0 Y=-1 Z=1 emitted 44 procedural water vertices (Ocean/Pools)
[+22:51:26.850] VoxelWater: Chunk X=0 Y=-2 Z=2 emitted 12 procedural water vertices (Ocean/Pools)
[+22:51:26.850] VoxelWater: Chunk X=-1 Y=-2 Z=2 emitted 24 procedural water vertices (Ocean/Pools)
[+22:51:26.850] VoxelWater: Chunk X=-2 Y=-2 Z=2 emitted 20 procedural water vertices (Ocean/Pools)
[+22:51:26.851] VoxelWater: Chunk X=2 Y=2 Z=1 emitted 40 procedural water vertices (Ocean/Pools)
[+22:51:26.856] VoxelMesh: Chunk X=0 Y=0 Z=0 FlatVerts=0 SlopeVerts=0
[+22:51:26.856] VoxelChunk: GenerateAsync (4,-26,-1)
[+22:51:26.860] VoxelMesh: Chunk X=4 Y=-26 Z=-1 FlatVerts=0 SlopeVerts=0
[+22:51:26.862] VoxelMesh: Chunk X=0 Y=0 Z=0 FlatVerts=0 SlopeVerts=0
[+22:51:26.862] VoxelChunk: GenerateAsync (4,-26,3)
[+22:51:26.866] VoxelMesh: Chunk X=4 Y=-26 Z=3 FlatVerts=0 SlopeVerts=0
[+22:51:26.869] VoxelMesh: Chunk X=0 Y=0 Z=0 FlatVerts=0 SlopeVerts=0
[+22:51:26.869] VoxelChunk: GenerateAsync (4,-26,2)
[+22:51:26.871] VoxelMesh: Chunk X=4 Y=-26 Z=2 FlatVerts=48 SlopeVerts=546
[+22:51:26.872] VoxelMesh: Chunk X=0 Y=0 Z=0 FlatVerts=0 SlopeVerts=0
[+22:51:26.872] VoxelChunk: GenerateAsync (4,-25,-1)
[+22:51:26.875] VoxelMesh: Chunk X=4 Y=-25 Z=-1 FlatVerts=0 SlopeVerts=0
[+22:51:26.878] VoxelMesh: Chunk X=0 Y=0 Z=0 FlatVerts=0 SlopeVerts=0
[+22:51:26.879] VoxelChunk: GenerateAsync (4,-25,3)
[+22:51:26.882] VoxelMesh: Chunk X=4 Y=-25 Z=3 FlatVerts=156 SlopeVerts=3426
[+22:51:26.885] VoxelMesh: Chunk X=0 Y=0 Z=0 FlatVerts=0 SlopeVerts=0
[+22:51:26.886] VoxelChunk: GenerateAsync (4,-25,2)
[+22:51:26.887] VoxelMesh: Chunk X=4 Y=-25 Z=2 FlatVerts=12 SlopeVerts=2496
[+22:51:26.889] VoxelMesh: Chunk X=0 Y=0 Z=0 FlatVerts=0 SlopeVerts=0
[+22:51:26.889] VoxelChunk: GenerateAsync (4,-24,-1)
[+22:51:26.892] VoxelMesh: Chunk X=4 Y=-24 Z=-1 FlatVerts=0 SlopeVerts=0
[+22:51:26.895] VoxelMesh: Chunk X=0 Y=0 Z=0 FlatVerts=0 SlopeVerts=0
[+22:51:26.896] VoxelChunk: GenerateAsync (4,-24,3)
[+22:51:26.899] VoxelMesh: Chunk X=4 Y=-24 Z=3 FlatVerts=528 SlopeVerts=1896
[+22:51:26.902] VoxelMesh: Chunk X=0 Y=0 Z=0 FlatVerts=18 SlopeVerts=366
[+22:51:26.902] VoxelChunk: GenerateAsync (4,-24,2)
[+22:51:26.904] VoxelMesh: Chunk X=4 Y=-24 Z=2 FlatVerts=60 SlopeVerts=2520
[+22:51:26.906] VoxelMesh: Chunk X=0 Y=0 Z=0 FlatVerts=0 SlopeVerts=0
[+22:51:26.906] VoxelChunk: GenerateAsync (5,-26,-1)
[+22:51:26.908] VoxelMesh: Chunk X=5 Y=-26 Z=-1 FlatVerts=0 SlopeVerts=0
[+22:51:26.912] VoxelMesh: Chunk X=0 Y=0 Z=0 FlatVerts=0 SlopeVerts=0
[+22:51:26.913] VoxelChunk: GenerateAsync (5,-26,3)
[+22:51:26.916] VoxelMesh: Chunk X=5 Y=-26 Z=3 FlatVerts=0 SlopeVerts=0
[+22:51:26.919] VoxelMesh: Chunk X=0 Y=0 Z=0 FlatVerts=0 SlopeVerts=168
[+22:51:26.920] VoxelChunk: GenerateAsync (5,-26,2)
[+22:51:26.921] VoxelMesh: Chunk X=5 Y=-26 Z=2 FlatVerts=0 SlopeVerts=486
[+22:51:26.923] VoxelMesh: Chunk X=0 Y=0 Z=0 FlatVerts=0 SlopeVerts=0
[+22:51:26.923] VoxelChunk: GenerateAsync (5,-25,-1)
[+22:51:26.926] VoxelMesh: Chunk X=5 Y=-25 Z=-1 FlatVerts=0 SlopeVerts=0
[+22:51:26.929] VoxelMesh: Chunk X=0 Y=0 Z=0 FlatVerts=0 SlopeVerts=0
[+22:51:26.930] VoxelChunk: GenerateAsync (5,-25,3)
[+22:51:26.933] VoxelMesh: Chunk X=5 Y=-25 Z=3 FlatVerts=588 SlopeVerts=1536
[+22:51:26.936] VoxelMesh: Chunk X=0 Y=0 Z=0 FlatVerts=0 SlopeVerts=738
[+22:51:26.936] VoxelChunk: GenerateAsync (5,-25,2)
[+22:51:26.938] VoxelMesh: Chunk X=5 Y=-25 Z=2 FlatVerts=42 SlopeVerts=2508
[+22:51:26.939] VoxelMesh: Chunk X=0 Y=0 Z=0 FlatVerts=0 SlopeVerts=0
[+22:51:26.940] VoxelChunk: GenerateAsync (5,-24,-1)
[+22:51:26.943] VoxelMesh: Chunk X=5 Y=-24 Z=-1 FlatVerts=0 SlopeVerts=0
[+22:51:26.946] VoxelMesh: Chunk X=0 Y=0 Z=0 FlatVerts=0 SlopeVerts=0
[+22:51:26.946] VoxelChunk: GenerateAsync (5,-24,3)
[+22:51:26.949] VoxelMesh: Chunk X=5 Y=-24 Z=3 FlatVerts=0 SlopeVerts=96
[+22:51:26.952] VoxelMesh: Chunk X=0 Y=0 Z=0 FlatVerts=0 SlopeVerts=606
[+22:51:26.953] VoxelChunk: GenerateAsync (5,-24,2)
[+22:51:26.954] VoxelMesh: Chunk X=5 Y=-24 Z=2 FlatVerts=156 SlopeVerts=2424
[+22:51:26.958] VoxelMesh: Chunk X=0 Y=0 Z=0 FlatVerts=0 SlopeVerts=0
[+22:51:26.958] VoxelChunk: GenerateAsync (6,-26,-1)
[+22:51:26.961] VoxelMesh: Chunk X=6 Y=-26 Z=-1 FlatVerts=0 SlopeVerts=0
[+22:51:26.964] VoxelMesh: Chunk X=0 Y=0 Z=0 FlatVerts=24 SlopeVerts=4302
[+22:51:26.965] VoxelChunk: GenerateAsync (6,-26,3)
[+22:51:26.966] VoxelMesh: Chunk X=6 Y=-26 Z=3 FlatVerts=0 SlopeVerts=1008
[+22:51:26.971] VoxelMesh: Chunk X=0 Y=0 Z=0 FlatVerts=450 SlopeVerts=13206
[+22:51:26.972] VoxelChunk: GenerateAsync (6,-26,2)
[+22:51:26.974] VoxelMesh: Chunk X=6 Y=-26 Z=2 FlatVerts=0 SlopeVerts=2274
[+22:51:26.977] VoxelMesh: Chunk X=0 Y=0 Z=0 FlatVerts=0 SlopeVerts=0
[+22:51:26.977] VoxelChunk: GenerateAsync (6,-25,-1)
[+22:51:26.979] VoxelMesh: Chunk X=6 Y=-25 Z=-1 FlatVerts=0 SlopeVerts=0
[+22:51:26.984] VoxelMesh: Chunk X=0 Y=0 Z=0 FlatVerts=24 SlopeVerts=6246
[+22:51:26.985] VoxelChunk: GenerateAsync (6,-25,3)
[+22:51:26.986] VoxelMesh: Chunk X=6 Y=-25 Z=3 FlatVerts=240 SlopeVerts=2544
[+22:51:26.991] VoxelMesh: Chunk X=0 Y=0 Z=0 FlatVerts=342 SlopeVerts=15888
[+22:51:26.992] VoxelChunk: GenerateAsync (6,-25,2)
[+22:51:26.993] VoxelMesh: Chunk X=6 Y=-25 Z=2 FlatVerts=0 SlopeVerts=24
[+22:51:26.997] VoxelMesh: Chunk X=0 Y=0 Z=0 FlatVerts=0 SlopeVerts=0
[+22:51:26.997] VoxelChunk: GenerateAsync (6,-24,-1)
[+22:51:27.000] VoxelMesh: Chunk X=6 Y=-24 Z=-1 FlatVerts=0 SlopeVerts=0
[+22:51:27.005] VoxelMesh: Chunk X=0 Y=0 Z=0 FlatVerts=0 SlopeVerts=2628
[+22:51:27.005] VoxelChunk: GenerateAsync (6,-24,3)
[+22:51:27.010] VoxelMesh: Chunk X=6 Y=-24 Z=3 FlatVerts=0 SlopeVerts=2334
[+22:51:27.011] VoxelMesh: Chunk X=0 Y=0 Z=0 FlatVerts=258 SlopeVerts=8406
[+22:51:27.012] VoxelChunk: GenerateAsync (6,-24,2)
[+22:51:27.014] VoxelMesh: Chunk X=6 Y=-24 Z=2 FlatVerts=0 SlopeVerts=2718
[+22:51:27.047] VoxelChunk: GenerateAsync (4,-26,3)
[+22:51:27.047] VoxelChunk: GenerateAsync (4,-25,3)
[+22:51:27.047] VoxelChunk: GenerateAsync (4,-24,3)
[+22:51:27.047] VoxelChunk: GenerateAsync (5,-26,3)
[+22:51:27.047] VoxelChunk: GenerateAsync (5,-25,3)
[+22:51:27.047] VoxelChunk: GenerateAsync (5,-24,3)
[+22:51:27.047] VoxelChunk: GenerateAsync (6,-26,3)
[+22:51:27.047] VoxelChunk: GenerateAsync (6,-25,3)
[+22:51:27.047] VoxelChunk: GenerateAsync (6,-24,3)
[+22:51:27.047] VoxelMesh: Chunk X=4 Y=-25 Z=3 FlatVerts=6 SlopeVerts=858
[+22:51:27.048] VoxelMesh: Chunk X=5 Y=-25 Z=3 FlatVerts=138 SlopeVerts=396
[+22:51:27.048] VoxelMesh: Chunk X=6 Y=-26 Z=3 FlatVerts=0 SlopeVerts=216
[+22:51:27.048] VoxelMesh: Chunk X=4 Y=-24 Z=3 FlatVerts=126 SlopeVerts=516
[+22:51:27.049] VoxelMesh: Chunk X=5 Y=-24 Z=3 FlatVerts=0 SlopeVerts=24
[+22:51:27.049] VoxelMesh: Chunk X=4 Y=-26 Z=3 FlatVerts=0 SlopeVerts=0
[+22:51:27.049] VoxelMesh: Chunk X=6 Y=-25 Z=3 FlatVerts=48 SlopeVerts=660
[+22:51:27.049] VoxelMesh: Chunk X=6 Y=-24 Z=3 FlatVerts=0 SlopeVerts=606
[+22:51:27.049] VoxelMesh: Chunk X=5 Y=-26 Z=3 FlatVerts=0 SlopeVerts=0
[+22:51:27.049] VoxelMesh: Chunk X=0 Y=1 Z=2 FlatVerts=0 SlopeVerts=0
[+22:51:27.049] VoxelChunk: GenerateAsync (-2,2,2)
[+22:51:27.051] VoxelMesh: Chunk X=-2 Y=2 Z=2 FlatVerts=0 SlopeVerts=0
[+22:51:27.051] VoxelMesh: Chunk X=-1 Y=0 Z=2 FlatVerts=900 SlopeVerts=1026
[+22:51:27.052] VoxelChunk: GenerateAsync (-2,-1,1)
[+22:51:27.054] VoxelMesh: Chunk X=2 Y=-1 Z=1 FlatVerts=1206 SlopeVerts=2730
[+22:51:27.054] VoxelMesh: Chunk X=-2 Y=-1 Z=1 FlatVerts=900 SlopeVerts=1026
[+22:51:27.054] VoxelChunk: GenerateAsync (2,-2,1)
[+22:51:27.055] VoxelMesh: Chunk X=-2 Y=0 Z=1 FlatVerts=0 SlopeVerts=2172
[+22:51:27.056] VoxelMesh: Chunk X=2 Y=-2 Z=1 FlatVerts=1206 SlopeVerts=2730
[+22:51:27.056] VoxelChunk: GenerateAsync (1,-2,1)
[+22:51:27.057] VoxelMesh: Chunk X=1 Y=-2 Z=1 FlatVerts=0 SlopeVerts=2172
[+22:51:27.058] VoxelWater: Chunk X=4 Y=-25 Z=3 emitted 60 procedural water vertices (Ocean/Pools)
[+22:51:27.059] VoxelWater: Chunk X=4 Y=-25 Z=2 emitted 44 procedural water vertices (Ocean/Pools)
[+22:51:27.059] VoxelWater: Chunk X=5 Y=-25 Z=3 emitted 84 procedural water vertices (Ocean/Pools)
[+22:51:27.059] VoxelWater: Chunk X=4 Y=-26 Z=2 emitted 8 procedural water vertices (Ocean/Pools)
[+22:51:27.059] VoxelWater: Chunk X=4 Y=-24 Z=3 emitted 20 procedural water vertices (Ocean/Pools)
[+22:51:27.059] VoxelWater: Chunk X=4 Y=-24 Z=2 emitted 36 procedural water vertices (Ocean/Pools)
[+22:51:27.059] VoxelWater: Chunk X=5 Y=-24 Z=3 emitted 16 procedural water vertices (Ocean/Pools)
[+22:51:27.059] VoxelWater: Chunk X=5 Y=-24 Z=2 emitted 8 procedural water vertices (Ocean/Pools)
[+22:51:27.059] VoxelWater: Chunk X=6 Y=-26 Z=3 emitted 12 procedural water vertices (Ocean/Pools)
[+22:51:27.059] VoxelWater: Chunk X=6 Y=-26 Z=2 emitted 24 procedural water vertices (Ocean/Pools)
[+22:51:27.059] VoxelWater: Chunk X=6 Y=-25 Z=3 emitted 48 procedural water vertices (Ocean/Pools)
[+22:51:27.059] VoxelWater: Chunk X=6 Y=-24 Z=3 emitted 52 procedural water vertices (Ocean/Pools)
[+22:51:27.059] VoxelWater: Chunk X=6 Y=-24 Z=2 emitted 40 procedural water vertices (Ocean/Pools)
[+22:51:27.069] VoxelMesh: Chunk X=2 Y=2 Z=1 FlatVerts=1080 SlopeVerts=2232
[+22:51:27.070] VoxelChunk: GenerateAsync (1,2,1)
[+22:51:27.071] VoxelMesh: Chunk X=-2 Y=-2 Z=2 FlatVerts=216 SlopeVerts=870
[+22:51:27.072] VoxelChunk: GenerateAsync (0,2,1)
[+22:51:27.072] VoxelMesh: Chunk X=1 Y=2 Z=1 FlatVerts=1080 SlopeVerts=2232
[+22:51:27.073] VoxelMesh: Chunk X=0 Y=0 Z=2 FlatVerts=0 SlopeVerts=0
[+22:51:27.073] VoxelChunk: GenerateAsync (-2,0,2)
[+22:51:27.073] VoxelMesh: Chunk X=0 Y=2 Z=1 FlatVerts=216 SlopeVerts=870
[+22:51:27.074] VoxelMesh: Chunk X=2 Y=0 Z=1 FlatVerts=192 SlopeVerts=924
[+22:51:27.075] VoxelChunk: GenerateAsync (-1,2,1)
[+22:51:27.075] VoxelMesh: Chunk X=-2 Y=0 Z=2 FlatVerts=0 SlopeVerts=0
[+22:51:27.076] VoxelMesh: Chunk X=-1 Y=2 Z=1 FlatVerts=192 SlopeVerts=924
[+22:51:27.084] VoxelMesh: Chunk X=-2 Y=1 Z=1 FlatVerts=888 SlopeVerts=2376
[+22:51:27.085] VoxelChunk: GenerateAsync (-2,2,1)
[+22:51:27.086] VoxelMesh: Chunk X=-2 Y=2 Z=1 FlatVerts=888 SlopeVerts=2376
[+22:51:27.087] VoxelMesh: Chunk X=-1 Y=-2 Z=2 FlatVerts=0 SlopeVerts=0
[+22:51:27.087] VoxelChunk: GenerateAsync (2,-1,2)
[+22:51:27.088] VoxelMesh: Chunk X=2 Y=-1 Z=2 FlatVerts=0 SlopeVerts=0
[+22:51:27.088] VoxelMesh: Chunk X=0 Y=-2 Z=2 FlatVerts=0 SlopeVerts=0
[+22:51:27.089] VoxelChunk: GenerateAsync (-1,1,2)
[+22:51:27.090] VoxelMesh: Chunk X=1 Y=1 Z=2 FlatVerts=204 SlopeVerts=2262
[+22:51:27.090] VoxelMesh: Chunk X=-1 Y=1 Z=2 FlatVerts=0 SlopeVerts=0
[+22:51:27.090] VoxelChunk: GenerateAsync (1,-1,2)
[+22:51:27.091] VoxelMesh: Chunk X=1 Y=-1 Z=2 FlatVerts=204 SlopeVerts=2262
[+22:51:27.098] VoxelMesh: Chunk X=1 Y=0 Z=2 FlatVerts=162 SlopeVerts=3018
[+22:51:27.098] VoxelChunk: GenerateAsync (0,-1,2)
[+22:51:27.100] VoxelMesh: Chunk X=1 Y=-2 Z=2 FlatVerts=0 SlopeVerts=0
[+22:51:27.100] VoxelMesh: Chunk X=0 Y=-1 Z=2 FlatVerts=162 SlopeVerts=3018
[+22:51:27.101] VoxelChunk: GenerateAsync (-2,1,2)
[+22:51:27.102] VoxelMesh: Chunk X=2 Y=-2 Z=2 FlatVerts=0 SlopeVerts=0
[+22:51:27.102] VoxelMesh: Chunk X=-2 Y=1 Z=2 FlatVerts=0 SlopeVerts=0
[+22:51:27.102] VoxelChunk: GenerateAsync (2,1,2)
[+22:51:27.103] VoxelMesh: Chunk X=2 Y=0 Z=2 FlatVerts=0 SlopeVerts=0
[+22:51:27.103] VoxelChunk: GenerateAsync (-1,2,2)
[+22:51:27.104] VoxelMesh: Chunk X=2 Y=1 Z=2 FlatVerts=0 SlopeVerts=0
[+22:51:27.105] VoxelMesh: Chunk X=-1 Y=2 Z=2 FlatVerts=0 SlopeVerts=0
[+22:51:27.113] VoxelMesh: Chunk X=-2 Y=-1 Z=2 FlatVerts=0 SlopeVerts=0
[+22:51:27.113] VoxelChunk: GenerateAsync (2,2,2)
[+22:51:27.115] VoxelMesh: Chunk X=-1 Y=-1 Z=2 FlatVerts=0 SlopeVerts=0
[+22:51:27.115] VoxelMesh: Chunk X=2 Y=2 Z=2 FlatVerts=0 SlopeVerts=0
[+22:51:27.115] VoxelChunk: GenerateAsync (0,2,2)
[+22:51:27.116] VoxelMesh: Chunk X=0 Y=-1 Z=1 FlatVerts=0 SlopeVerts=0
[+22:51:27.116] VoxelMesh: Chunk X=0 Y=2 Z=2 FlatVerts=0 SlopeVerts=0
[+22:51:27.116] VoxelChunk: GenerateAsync (1,2,2)
[+22:51:27.118] VoxelMesh: Chunk X=-1 Y=0 Z=1 FlatVerts=918 SlopeVerts=2712
[+22:51:27.118] VoxelMesh: Chunk X=1 Y=2 Z=2 FlatVerts=0 SlopeVerts=0
[+22:51:27.118] VoxelChunk: GenerateAsync (2,1,1)
[+22:51:27.119] VoxelMesh: Chunk X=2 Y=1 Z=1 FlatVerts=918 SlopeVerts=2712
[+22:51:27.126] VoxelMesh: Chunk X=0 Y=0 Z=1 FlatVerts=0 SlopeVerts=0
[+22:51:27.126] VoxelChunk: GenerateAsync (-2,1,-2)
[+22:51:27.127] VoxelMesh: Chunk X=0 Y=1 Z=1 FlatVerts=0 SlopeVerts=0
[+22:51:27.128] VoxelChunk: GenerateAsync (2,-2,-1)
[+22:51:27.128] VoxelMesh: Chunk X=-2 Y=1 Z=-2 FlatVerts=0 SlopeVerts=0
[+22:51:27.128] VoxelMesh: Chunk X=1 Y=-1 Z=-1 FlatVerts=0 SlopeVerts=0
[+22:51:27.128] VoxelChunk: GenerateAsync (2,2,0)
[+22:51:27.129] VoxelMesh: Chunk X=2 Y=-2 Z=-1 FlatVerts=0 SlopeVerts=0
[+22:51:27.129] VoxelMesh: Chunk X=2 Y=2 Z=0 FlatVerts=0 SlopeVerts=0
[+22:51:27.129] VoxelMesh: Chunk X=1 Y=1 Z=-1 FlatVerts=816 SlopeVerts=1236
[+22:51:27.129] VoxelChunk: GenerateAsync (1,2,0)
[+22:51:27.130] VoxelMesh: Chunk X=1 Y=2 Z=0 FlatVerts=816 SlopeVerts=1236
[+22:51:27.138] VoxelMesh: Chunk X=-1 Y=-1 Z=0 FlatVerts=0 SlopeVerts=0
[+22:51:27.138] VoxelChunk: GenerateAsync (2,2,-2)
[+22:51:27.139] VoxelMesh: Chunk X=1 Y=0 Z=-1 FlatVerts=0 SlopeVerts=0
[+22:51:27.139] VoxelChunk: GenerateAsync (-2,0,-2)
[+22:51:27.139] VoxelMesh: Chunk X=2 Y=2 Z=-2 FlatVerts=0 SlopeVerts=0
[+22:51:27.140] VoxelMesh: Chunk X=-1 Y=1 Z=-1 FlatVerts=1338 SlopeVerts=726
[+22:51:27.140] VoxelChunk: GenerateAsync (-2,-1,0)
[+22:51:27.140] VoxelMesh: Chunk X=-2 Y=0 Z=-2 FlatVerts=0 SlopeVerts=0
[+22:51:27.141] VoxelMesh: Chunk X=-2 Y=-1 Z=0 FlatVerts=1338 SlopeVerts=726
[+22:51:27.141] VoxelMesh: Chunk X=0 Y=-1 Z=0 FlatVerts=0 SlopeVerts=0
[+22:51:27.141] VoxelChunk: GenerateAsync (-2,-2,-1)
[+22:51:27.142] VoxelMesh: Chunk X=-2 Y=-2 Z=-1 FlatVerts=0 SlopeVerts=0
[+22:51:27.150] VoxelMesh: Chunk X=-1 Y=1 Z=0 FlatVerts=0 SlopeVerts=0
[+22:51:27.151] VoxelChunk: GenerateAsync (-1,0,-2)
[+22:51:27.153] VoxelMesh: Chunk X=-1 Y=0 Z=-2 FlatVerts=0 SlopeVerts=0
[+22:51:27.153] VoxelMesh: Chunk X=1 Y=-1 Z=1 FlatVerts=0 SlopeVerts=0
[+22:51:27.153] VoxelChunk: GenerateAsync (-2,2,-2)
[+22:51:27.154] VoxelMesh: Chunk X=1 Y=0 Z=1 FlatVerts=0 SlopeVerts=18
[+22:51:27.154] VoxelChunk: GenerateAsync (0,-2,1)
[+22:51:27.155] VoxelMesh: Chunk X=-2 Y=2 Z=-2 FlatVerts=0 SlopeVerts=0
[+22:51:27.155] VoxelMesh: Chunk X=0 Y=-2 Z=1 FlatVerts=0 SlopeVerts=18
[+22:51:27.156] VoxelMesh: Chunk X=0 Y=0 Z=-1 FlatVerts=0 SlopeVerts=0
[+22:51:27.156] VoxelChunk: GenerateAsync (0,-1,-2)
[+22:51:27.157] VoxelMesh: Chunk X=0 Y=-1 Z=-2 FlatVerts=0 SlopeVerts=0
[+22:51:27.165] VoxelMesh: Chunk X=1 Y=-1 Z=0 FlatVerts=0 SlopeVerts=0
[+22:51:27.166] VoxelChunk: GenerateAsync (-1,-2,-1)
[+22:51:27.167] VoxelMesh: Chunk X=0 Y=1 Z=-1 FlatVerts=0 SlopeVerts=0
[+22:51:27.167] VoxelMesh: Chunk X=-1 Y=-2 Z=-1 FlatVerts=0 SlopeVerts=0
[+22:51:27.167] VoxelChunk: GenerateAsync (-2,2,-1)
[+22:51:27.167] VoxelMesh: Chunk X=0 Y=1 Z=0 FlatVerts=0 SlopeVerts=0
[+22:51:27.168] VoxelChunk: GenerateAsync (-2,1,-1)
[+22:51:27.168] VoxelMesh: Chunk X=-2 Y=2 Z=-1 FlatVerts=0 SlopeVerts=0
[+22:51:27.168] VoxelMesh: Chunk X=-2 Y=1 Z=-1 FlatVerts=0 SlopeVerts=0
[+22:51:27.169] VoxelMesh: Chunk X=-1 Y=1 Z=1 FlatVerts=0 SlopeVerts=0
[+22:51:27.169] VoxelChunk: GenerateAsync (1,2,-1)
[+22:51:27.170] VoxelMesh: Chunk X=1 Y=2 Z=-1 FlatVerts=0 SlopeVerts=0
[+22:51:27.176] VoxelMesh: Chunk X=-1 Y=0 Z=0 FlatVerts=0 SlopeVerts=0
[+22:51:27.176] VoxelChunk: GenerateAsync (-1,2,-2)
[+22:51:27.177] VoxelMesh: Chunk X=1 Y=1 Z=0 FlatVerts=1668 SlopeVerts=666
[+22:51:27.177] VoxelChunk: GenerateAsync (2,-1,0)
[+22:51:27.178] VoxelMesh: Chunk X=-1 Y=2 Z=-2 FlatVerts=0 SlopeVerts=0
[+22:51:27.178] VoxelMesh: Chunk X=-1 Y=-1 Z=1 FlatVerts=1644 SlopeVerts=666
[+22:51:27.178] VoxelMesh: Chunk X=2 Y=-1 Z=0 FlatVerts=1668 SlopeVerts=666
[+22:51:27.178] VoxelChunk: GenerateAsync (2,0,0)
[+22:51:27.179] VoxelMesh: Chunk X=2 Y=0 Z=0 FlatVerts=1644 SlopeVerts=666
[+22:51:27.180] VoxelMesh: Chunk X=-1 Y=0 Z=-1 FlatVerts=0 SlopeVerts=0
[+22:51:27.180] VoxelChunk: GenerateAsync (1,2,-2)
[+22:51:27.182] VoxelMesh: Chunk X=1 Y=2 Z=-2 FlatVerts=0 SlopeVerts=0
[+22:51:27.188] VoxelMesh: Chunk X=1 Y=1 Z=1 FlatVerts=0 SlopeVerts=0
[+22:51:27.189] VoxelChunk: GenerateAsync (2,-2,-2)
[+22:51:27.190] VoxelMesh: Chunk X=0 Y=-1 Z=-1 FlatVerts=0 SlopeVerts=0
[+22:51:27.190] VoxelMesh: Chunk X=2 Y=-2 Z=-2 FlatVerts=0 SlopeVerts=0
[+22:51:27.190] VoxelChunk: GenerateAsync (-2,-1,-2)
[+22:51:27.192] VoxelMesh: Chunk X=-1 Y=-1 Z=-1 FlatVerts=0 SlopeVerts=0
[+22:51:27.192] VoxelMesh: Chunk X=-2 Y=-1 Z=-2 FlatVerts=0 SlopeVerts=0
[+22:51:27.192] VoxelChunk: GenerateAsync (0,-2,-1)
[+22:51:27.192] VoxelMesh: Chunk X=1 Y=0 Z=0 FlatVerts=0 SlopeVerts=0
[+22:51:27.193] VoxelChunk: GenerateAsync (-2,-1,-1)
[+22:51:27.193] VoxelMesh: Chunk X=-2 Y=-1 Z=-1 FlatVerts=0 SlopeVerts=0
[+22:51:27.193] VoxelMesh: Chunk X=0 Y=-2 Z=-1 FlatVerts=0 SlopeVerts=0
[+22:51:27.201] VoxelMesh: Chunk X=0 Y=0 Z=0 FlatVerts=0 SlopeVerts=0
[+22:51:27.201] VoxelChunk: GenerateAsync (2,-1,-2)
[+22:51:27.203] VoxelMesh: Chunk X=2 Y=-1 Z=-2 FlatVerts=0 SlopeVerts=0
[+22:51:27.205] VoxelMesh: Chunk X=0 Y=0 Z=0 FlatVerts=10326 SlopeVerts=6
[+22:51:27.207] VoxelChunk: GenerateAsync (-2,1,0)
[+22:51:27.208] VoxelMesh: Chunk X=-2 Y=1 Z=0 FlatVerts=2412 SlopeVerts=168
[+22:51:27.212] VoxelMesh: Chunk X=0 Y=0 Z=0 FlatVerts=0 SlopeVerts=0
[+22:51:27.212] VoxelChunk: GenerateAsync (2,1,-2)
[+22:51:27.215] VoxelMesh: Chunk X=2 Y=1 Z=-2 FlatVerts=0 SlopeVerts=0
[+22:51:27.218] VoxelMesh: Chunk X=0 Y=0 Z=0 FlatVerts=72 SlopeVerts=3438
[+22:51:27.218] VoxelChunk: GenerateAsync (1,-2,0)
[+22:51:27.220] VoxelMesh: Chunk X=1 Y=-2 Z=0 FlatVerts=48 SlopeVerts=1116
[+22:51:27.229] VoxelMesh: Chunk X=0 Y=0 Z=0 FlatVerts=4062 SlopeVerts=1368
[+22:51:27.230] VoxelChunk: GenerateAsync (2,2,-1)
[+22:51:27.233] VoxelMesh: Chunk X=2 Y=2 Z=-1 FlatVerts=0 SlopeVerts=0
[+22:51:27.236] VoxelMesh: Chunk X=0 Y=0 Z=0 FlatVerts=0 SlopeVerts=0
[+22:51:27.237] VoxelChunk: GenerateAsync (0,1,-2)
[+22:51:27.238] VoxelMesh: Chunk X=0 Y=1 Z=-2 FlatVerts=0 SlopeVerts=0
[+22:51:27.241] VoxelMesh: Chunk X=0 Y=0 Z=0 FlatVerts=4950 SlopeVerts=10122
[+22:51:27.242] VoxelChunk: GenerateAsync (-2,-2,0)
[+22:51:27.243] VoxelMesh: Chunk X=-2 Y=-2 Z=0 FlatVerts=48 SlopeVerts=198
[+22:51:27.248] VoxelMesh: Chunk X=0 Y=0 Z=0 FlatVerts=72 SlopeVerts=4344
[+22:51:27.249] VoxelChunk: GenerateAsync (2,-2,0)
[+22:51:27.249] VoxelMesh: Chunk X=2 Y=-2 Z=0 FlatVerts=558 SlopeVerts=990
[+22:51:27.261] VoxelMesh: Chunk X=0 Y=0 Z=0 FlatVerts=10050 SlopeVerts=48
[+22:51:27.263] VoxelChunk: GenerateAsync (-2,0,0)
[+22:51:27.264] VoxelMesh: Chunk X=-2 Y=0 Z=0 FlatVerts=756 SlopeVerts=1734
[+22:51:27.268] VoxelMesh: Chunk X=0 Y=0 Z=0 FlatVerts=0 SlopeVerts=0
[+22:51:27.268] VoxelChunk: GenerateAsync (-2,-2,-2)
[+22:51:27.270] VoxelMesh: Chunk X=-2 Y=-2 Z=-2 FlatVerts=0 SlopeVerts=0
[+22:51:27.272] VoxelMesh: Chunk X=0 Y=0 Z=0 FlatVerts=5886 SlopeVerts=12186
[+22:51:27.275] VoxelChunk: GenerateAsync (2,1,0)
[+22:51:27.275] VoxelMesh: Chunk X=2 Y=1 Z=0 FlatVerts=846 SlopeVerts=1182
[+22:51:27.279] VoxelMesh: Chunk X=0 Y=0 Z=0 FlatVerts=9300 SlopeVerts=1902
[+22:51:27.281] VoxelChunk: GenerateAsync (-2,2,0)
[+22:51:27.282] VoxelMesh: Chunk X=-2 Y=2 Z=0 FlatVerts=840 SlopeVerts=1050
[+22:51:27.290] VoxelWater: Chunk X=2 Y=0 Z=0 emitted 12 procedural water vertices (Ocean/Pools)
[+22:51:27.290] VoxelWater: Chunk X=2 Y=-1 Z=0 emitted 12 procedural water vertices (Ocean/Pools)
[+22:51:27.290] VoxelWater: Chunk X=-2 Y=-1 Z=0 emitted 16 procedural water vertices (Ocean/Pools)
[+22:51:27.290] VoxelWater: Chunk X=2 Y=1 Z=1 emitted 24 procedural water vertices (Ocean/Pools)
[+22:51:27.290] VoxelWater: Chunk X=0 Y=-1 Z=2 emitted 44 procedural water vertices (Ocean/Pools)
[+22:51:27.290] VoxelWater: Chunk X=1 Y=-1 Z=2 emitted 36 procedural water vertices (Ocean/Pools)
[+22:51:27.290] VoxelWater: Chunk X=-1 Y=2 Z=1 emitted 8 procedural water vertices (Ocean/Pools)
[+22:51:27.290] VoxelWater: Chunk X=0 Y=2 Z=1 emitted 20 procedural water vertices (Ocean/Pools)
[+22:51:27.290] VoxelWater: Chunk X=1 Y=2 Z=1 emitted 36 procedural water vertices (Ocean/Pools)
[+22:51:27.290] VoxelWater: Chunk X=2 Y=-2 Z=1 emitted 40 procedural water vertices (Ocean/Pools)
[+22:51:27.290] VoxelWater: Chunk X=-2 Y=-1 Z=1 emitted 28 procedural water vertices (Ocean/Pools)
[+22:51:27.290] VoxelWater: Chunk X=4 Y=-26 Z=2 emitted 8 procedural water vertices (Ocean/Pools)
[+22:51:27.290] VoxelWater: Chunk X=4 Y=-25 Z=3 emitted 56 procedural water vertices (Ocean/Pools)
[+22:51:27.290] VoxelWater: Chunk X=4 Y=-25 Z=2 emitted 60 procedural water vertices (Ocean/Pools)
[+22:51:27.290] VoxelWater: Chunk X=5 Y=-25 Z=2 emitted 8 procedural water vertices (Ocean/Pools)
[+22:51:27.290] VoxelWater: Chunk X=4 Y=-24 Z=3 emitted 36 procedural water vertices (Ocean/Pools)
[+22:51:27.290] VoxelWater: Chunk X=4 Y=-24 Z=2 emitted 40 procedural water vertices (Ocean/Pools)
[+22:51:27.290] VoxelWater: Chunk X=5 Y=-24 Z=2 emitted 24 procedural water vertices (Ocean/Pools)
[+22:51:27.290] VoxelWater: Chunk X=5 Y=-25 Z=3 emitted 116 procedural water vertices (Ocean/Pools)
[+22:51:27.290] VoxelWater: Chunk X=5 Y=-24 Z=3 emitted 20 procedural water vertices (Ocean/Pools)
[+22:51:27.290] VoxelWater: Chunk X=6 Y=-24 Z=3 emitted 76 procedural water vertices (Ocean/Pools)
[+22:51:27.291] VoxelWater: Chunk X=6 Y=-26 Z=3 emitted 16 procedural water vertices (Ocean/Pools)
[+22:51:27.291] VoxelWater: Chunk X=6 Y=-25 Z=3 emitted 96 procedural water vertices (Ocean/Pools)
[+22:51:27.291] VoxelWater: Chunk X=6 Y=-26 Z=2 emitted 24 procedural water vertices (Ocean/Pools)
[+22:51:27.291] VoxelWater: Chunk X=6 Y=-24 Z=2 emitted 48 procedural water vertices (Ocean/Pools)
[+22:51:27.291] VoxelWater: Chunk X=-2 Y=1 Z=0 emitted 28 procedural water vertices (Ocean/Pools)
[+22:51:27.291] VoxelWater: Chunk X=-2 Y=-2 Z=0 emitted 16 procedural water vertices (Ocean/Pools)
[+22:51:27.291] VoxelWater: Chunk X=1 Y=-2 Z=0 emitted 4 procedural water vertices (Ocean/Pools)
[+22:51:27.291] VoxelWater: Chunk X=2 Y=-2 Z=0 emitted 16 procedural water vertices (Ocean/Pools)
[+22:51:27.304] VoxelMesh: Chunk X=0 Y=0 Z=0 FlatVerts=0 SlopeVerts=0
[+22:51:27.304] VoxelChunk: GenerateAsync (0,2,-2)
[+22:51:27.306] VoxelMesh: Chunk X=0 Y=2 Z=-2 FlatVerts=0 SlopeVerts=0
[+22:51:27.309] VoxelMesh: Chunk X=0 Y=0 Z=0 FlatVerts=10800 SlopeVerts=684
[+22:51:27.311] VoxelChunk: GenerateAsync (0,2,0)
[+22:51:27.312] VoxelMesh: Chunk X=0 Y=2 Z=0 FlatVerts=1674 SlopeVerts=876
[+22:51:27.318] VoxelMesh: Chunk X=0 Y=0 Z=0 FlatVerts=1434 SlopeVerts=13392
[+22:51:27.320] VoxelChunk: GenerateAsync (-2,-2,1)
[+22:51:27.322] VoxelMesh: Chunk X=-2 Y=-2 Z=1 FlatVerts=546 SlopeVerts=4524
[+22:51:27.326] VoxelMesh: Chunk X=0 Y=0 Z=0 FlatVerts=12 SlopeVerts=30
[+22:51:27.326] VoxelChunk: GenerateAsync (2,-1,-1)
[+22:51:27.327] VoxelMesh: Chunk X=2 Y=-1 Z=-1 FlatVerts=0 SlopeVerts=0
[+22:51:27.343] VoxelMesh: Chunk X=0 Y=0 Z=0 FlatVerts=0 SlopeVerts=0
[+22:51:27.343] VoxelChunk: GenerateAsync (0,-2,-2)
[+22:51:27.345] VoxelMesh: Chunk X=0 Y=-2 Z=-2 FlatVerts=0 SlopeVerts=0
[+22:51:27.350] VoxelMesh: Chunk X=0 Y=0 Z=0 FlatVerts=0 SlopeVerts=0
[+22:51:27.351] VoxelChunk: GenerateAsync (1,-2,-2)
[+22:51:27.354] VoxelMesh: Chunk X=1 Y=-2 Z=-2 FlatVerts=0 SlopeVerts=0
[+22:51:27.358] VoxelMesh: Chunk X=0 Y=0 Z=0 FlatVerts=0 SlopeVerts=0
[+22:51:27.358] VoxelChunk: GenerateAsync (1,-2,-1)
[+22:51:27.361] VoxelMesh: Chunk X=1 Y=-2 Z=-1 FlatVerts=0 SlopeVerts=0
[+22:51:27.362] VoxelMesh: Chunk X=0 Y=0 Z=0 FlatVerts=0 SlopeVerts=0
[+22:51:27.362] VoxelChunk: GenerateAsync (-1,-1,-2)
[+22:51:27.364] VoxelMesh: Chunk X=-1 Y=-1 Z=-2 FlatVerts=0 SlopeVerts=0
[+22:51:27.384] VoxelMesh: Chunk X=0 Y=0 Z=0 FlatVerts=0 SlopeVerts=0
[+22:51:27.384] VoxelChunk: GenerateAsync (1,0,-2)
[+22:51:27.386] VoxelMesh: Chunk X=1 Y=0 Z=-2 FlatVerts=0 SlopeVerts=0
[+22:51:27.391] VoxelMesh: Chunk X=0 Y=0 Z=0 FlatVerts=0 SlopeVerts=0
[+22:51:27.391] VoxelChunk: GenerateAsync (1,-1,-2)
[+22:51:27.393] VoxelMesh: Chunk X=1 Y=-1 Z=-2 FlatVerts=0 SlopeVerts=0
[+22:51:27.394] VoxelMesh: Chunk X=0 Y=0 Z=0 FlatVerts=10050 SlopeVerts=48
[+22:51:27.395] VoxelChunk: GenerateAsync (-2,0,-1)
[+22:51:27.395] VoxelMesh: Chunk X=-2 Y=0 Z=-1 FlatVerts=0 SlopeVerts=0
[+22:51:27.399] VoxelMesh: Chunk X=0 Y=0 Z=0 FlatVerts=10794 SlopeVerts=264
[+22:51:27.401] VoxelChunk: GenerateAsync (0,2,-1)
[+22:51:27.401] VoxelMesh: Chunk X=0 Y=2 Z=-1 FlatVerts=0 SlopeVerts=0
[+22:51:27.413] VoxelMesh: Chunk X=0 Y=0 Z=0 FlatVerts=0 SlopeVerts=0
[+22:51:27.414] VoxelChunk: GenerateAsync (-1,1,-2)
[+22:51:27.417] VoxelMesh: Chunk X=-1 Y=1 Z=-2 FlatVerts=0 SlopeVerts=0
[+22:51:27.418] VoxelMesh: Chunk X=0 Y=0 Z=0 FlatVerts=324 SlopeVerts=1146
[+22:51:27.419] VoxelChunk: GenerateAsync (2,0,-1)
[+22:51:27.420] VoxelMesh: Chunk X=2 Y=0 Z=-1 FlatVerts=0 SlopeVerts=0
[+22:51:27.423] VoxelMesh: Chunk X=0 Y=0 Z=0 FlatVerts=0 SlopeVerts=0
[+22:51:27.423] VoxelChunk: GenerateAsync (0,0,-2)
[+22:51:27.424] VoxelMesh: Chunk X=0 Y=0 Z=-2 FlatVerts=0 SlopeVerts=0
[+22:51:27.426] VoxelMesh: Chunk X=0 Y=0 Z=0 FlatVerts=3414 SlopeVerts=1902
[+22:51:27.427] VoxelChunk: GenerateAsync (2,1,-1)
[+22:51:27.428] VoxelMesh: Chunk X=2 Y=1 Z=-1 FlatVerts=0 SlopeVerts=0
[+22:51:27.443] VoxelMesh: Chunk X=0 Y=0 Z=0 FlatVerts=0 SlopeVerts=0
[+22:51:27.444] VoxelChunk: GenerateAsync (2,0,-2)
[+22:51:27.445] VoxelMesh: Chunk X=2 Y=0 Z=-2 FlatVerts=0 SlopeVerts=0
[+22:51:27.446] VoxelMesh: Chunk X=0 Y=0 Z=0 FlatVerts=10242 SlopeVerts=0
[+22:51:27.448] VoxelChunk: GenerateAsync (-1,2,-1)
[+22:51:27.451] VoxelMesh: Chunk X=-1 Y=2 Z=-1 FlatVerts=0 SlopeVerts=0
[+22:51:27.454] VoxelMesh: Chunk X=0 Y=0 Z=0 FlatVerts=1302 SlopeVerts=20760
[+22:51:27.455] VoxelChunk: GenerateAsync (-1,-2,1)
[+22:51:27.457] VoxelMesh: Chunk X=-1 Y=-2 Z=1 FlatVerts=342 SlopeVerts=3852
[+22:51:27.461] VoxelMesh: Chunk X=0 Y=0 Z=0 FlatVerts=0 SlopeVerts=0
[+22:51:27.461] VoxelChunk: GenerateAsync (-1,-2,-2)
[+22:51:27.462] VoxelMesh: Chunk X=-1 Y=-2 Z=-2 FlatVerts=0 SlopeVerts=0
[+22:51:27.477] VoxelMesh: Chunk X=0 Y=0 Z=0 FlatVerts=10242 SlopeVerts=0
[+22:51:27.479] VoxelChunk: GenerateAsync (-1,2,0)
[+22:51:27.480] VoxelMesh: Chunk X=-1 Y=2 Z=0 FlatVerts=1680 SlopeVerts=780
[+22:51:27.483] VoxelMesh: Chunk X=0 Y=0 Z=0 FlatVerts=0 SlopeVerts=0
[+22:51:27.483] VoxelChunk: GenerateAsync (1,1,-2)
[+22:51:27.485] VoxelMesh: Chunk X=1 Y=1 Z=-2 FlatVerts=0 SlopeVerts=0
[+22:51:27.488] VoxelMesh: Chunk X=0 Y=0 Z=0 FlatVerts=2334 SlopeVerts=10488
[+22:51:27.489] VoxelChunk: GenerateAsync (-1,-2,0)
[+22:51:27.490] VoxelMesh: Chunk X=-1 Y=-2 Z=0 FlatVerts=102 SlopeVerts=234
[+22:51:27.494] VoxelMesh: Chunk X=0 Y=0 Z=0 FlatVerts=510 SlopeVerts=6414
[+22:51:27.494] VoxelChunk: GenerateAsync (0,-2,0)
[+22:51:27.496] VoxelMesh: Chunk X=0 Y=-2 Z=0 FlatVerts=0 SlopeVerts=0
[+22:51:27.506] VoxelWater: Chunk X=2 Y=0 Z=0 emitted 20 procedural water vertices (Ocean/Pools)
[+22:51:27.506] VoxelWater: Chunk X=2 Y=-1 Z=0 emitted 16 procedural water vertices (Ocean/Pools)
[+22:51:27.506] VoxelWater: Chunk X=-2 Y=-1 Z=0 emitted 24 procedural water vertices (Ocean/Pools)
[+22:51:27.506] VoxelWater: Chunk X=2 Y=1 Z=1 emitted 28 procedural water vertices (Ocean/Pools)
[+22:51:27.506] VoxelWater: Chunk X=0 Y=-1 Z=2 emitted 52 procedural water vertices (Ocean/Pools)
[+22:51:27.506] VoxelWater: Chunk X=1 Y=-1 Z=2 emitted 40 procedural water vertices (Ocean/Pools)
[+22:51:27.506] VoxelWater: Chunk X=-1 Y=2 Z=1 emitted 12 procedural water vertices (Ocean/Pools)
[+22:51:27.506] VoxelWater: Chunk X=0 Y=2 Z=1 emitted 24 procedural water vertices (Ocean/Pools)
[+22:51:27.506] VoxelWater: Chunk X=1 Y=2 Z=1 emitted 48 procedural water vertices (Ocean/Pools)
[+22:51:27.506] VoxelWater: Chunk X=2 Y=-2 Z=1 emitted 44 procedural water vertices (Ocean/Pools)
[+22:51:27.506] VoxelWater: Chunk X=-2 Y=-1 Z=1 emitted 40 procedural water vertices (Ocean/Pools)
[+22:51:27.506] VoxelWater: Chunk X=4 Y=-26 Z=2 emitted 12 procedural water vertices (Ocean/Pools)
[+22:51:27.506] VoxelWater: Chunk X=4 Y=-25 Z=3 emitted 52 procedural water vertices (Ocean/Pools)
[+22:51:27.506] VoxelWater: Chunk X=4 Y=-25 Z=2 emitted 64 procedural water vertices (Ocean/Pools)
[+22:51:27.506] VoxelWater: Chunk X=5 Y=-25 Z=3 emitted 132 procedural water vertices (Ocean/Pools)
[+22:51:27.506] VoxelWater: Chunk X=5 Y=-25 Z=2 emitted 16 procedural water vertices (Ocean/Pools)
[+22:51:27.506] VoxelWater: Chunk X=4 Y=-24 Z=3 emitted 40 procedural water vertices (Ocean/Pools)
[+22:51:27.506] VoxelWater: Chunk X=4 Y=-24 Z=2 emitted 56 procedural water vertices (Ocean/Pools)
[+22:51:27.506] VoxelWater: Chunk X=5 Y=-24 Z=2 emitted 40 procedural water vertices (Ocean/Pools)
[+22:51:27.506] VoxelWater: Chunk X=5 Y=-24 Z=3 emitted 24 procedural water vertices (Ocean/Pools)
[+22:51:27.506] VoxelWater: Chunk X=6 Y=-24 Z=3 emitted 84 procedural water vertices (Ocean/Pools)
[+22:51:27.506] VoxelWater: Chunk X=6 Y=-26 Z=3 emitted 16 procedural water vertices (Ocean/Pools)
[+22:51:27.506] VoxelWater: Chunk X=6 Y=-25 Z=3 emitted 96 procedural water vertices (Ocean/Pools)
[+22:51:27.506] VoxelWater: Chunk X=6 Y=-26 Z=2 emitted 32 procedural water vertices (Ocean/Pools)
[+22:51:27.506] VoxelWater: Chunk X=6 Y=-24 Z=2 emitted 52 procedural water vertices (Ocean/Pools)
[+22:51:27.506] VoxelWater: Chunk X=-2 Y=1 Z=0 emitted 36 procedural water vertices (Ocean/Pools)
[+22:51:27.506] VoxelWater: Chunk X=1 Y=-2 Z=0 emitted 8 procedural water vertices (Ocean/Pools)
[+22:51:27.506] VoxelWater: Chunk X=-2 Y=-2 Z=0 emitted 20 procedural water vertices (Ocean/Pools)
[+22:51:27.506] VoxelWater: Chunk X=2 Y=-2 Z=0 emitted 20 procedural water vertices (Ocean/Pools)
[+22:51:27.506] VoxelWater: Chunk X=-2 Y=0 Z=0 emitted 64 procedural water vertices (Ocean/Pools)
[+22:51:27.506] VoxelWater: Chunk X=-2 Y=2 Z=0 emitted 8 procedural water vertices (Ocean/Pools)
[+22:51:27.506] VoxelWater: Chunk X=0 Y=2 Z=0 emitted 20 procedural water vertices (Ocean/Pools)
[+22:51:27.506] VoxelWater: Chunk X=1 Y=2 Z=0 emitted 8 procedural water vertices (Ocean/Pools)
[+22:51:27.506] VoxelWater: Chunk X=-2 Y=-2 Z=1 emitted 116 procedural water vertices (Ocean/Pools)
[+22:51:27.506] VoxelWater: Chunk X=-1 Y=-2 Z=1 emitted 80 procedural water vertices (Ocean/Pools)
[+22:51:27.524] VoxelMesh: Chunk X=0 Y=0 Z=0 FlatVerts=0 SlopeVerts=0
[+22:51:27.524] VoxelChunk: GenerateAsync (-2,-3,-2)
[+22:51:27.526] VoxelMesh: Chunk X=-2 Y=-3 Z=-2 FlatVerts=0 SlopeVerts=0
[+22:51:27.531] VoxelMesh: Chunk X=0 Y=0 Z=0 FlatVerts=0 SlopeVerts=0
[+22:51:27.532] VoxelChunk: GenerateAsync (-1,-3,-2)
[+22:51:27.533] VoxelMesh: Chunk X=-1 Y=-3 Z=-2 FlatVerts=0 SlopeVerts=0
[+22:51:27.538] VoxelMesh: Chunk X=0 Y=0 Z=0 FlatVerts=0 SlopeVerts=0
[+22:51:27.538] VoxelChunk: GenerateAsync (3,1,-3)
[+22:51:27.540] VoxelMesh: Chunk X=3 Y=1 Z=-3 FlatVerts=0 SlopeVerts=0
[+22:51:27.542] VoxelMesh: Chunk X=0 Y=0 Z=0 FlatVerts=5904 SlopeVerts=10266
[+22:51:27.544] VoxelChunk: GenerateAsync (-3,-2,0)
[+22:51:27.545] VoxelMesh: Chunk X=-3 Y=-2 Z=0 FlatVerts=0 SlopeVerts=0
[+22:51:27.557] VoxelChunk: GenerateAsync (6,-24,2)
[+22:51:27.557] VoxelMesh: Chunk X=6 Y=-24 Z=2 FlatVerts=0 SlopeVerts=678
[+22:51:27.559] VoxelMesh: Chunk X=-3 Y=-2 Z=0 FlatVerts=0 SlopeVerts=0
[+22:51:27.559] VoxelChunk: GenerateAsync (0,-3,-2)
[+22:51:27.560] VoxelMesh: Chunk X=3 Y=1 Z=-3 FlatVerts=432 SlopeVerts=246
[+22:51:27.560] VoxelChunk: GenerateAsync (-3,-1,0)
[+22:51:27.561] VoxelMesh: Chunk X=0 Y=-3 Z=-2 FlatVerts=0 SlopeVerts=0
[+22:51:27.561] VoxelMesh: Chunk X=-3 Y=-1 Z=0 FlatVerts=432 SlopeVerts=246
[+22:51:27.561] VoxelMesh: Chunk X=-1 Y=-3 Z=-2 FlatVerts=0 SlopeVerts=0
[+22:51:27.561] VoxelChunk: GenerateAsync (-3,-3,0)
[+22:51:27.563] VoxelMesh: Chunk X=-3 Y=-3 Z=0 FlatVerts=0 SlopeVerts=0
[+22:51:27.563] VoxelMesh: Chunk X=-2 Y=-3 Z=-2 FlatVerts=0 SlopeVerts=0
[+22:51:27.563] VoxelChunk: GenerateAsync (3,1,-2)
[+22:51:27.564] VoxelMesh: Chunk X=3 Y=1 Z=-2 FlatVerts=0 SlopeVerts=0
[+22:51:27.574] VoxelMesh: Chunk X=0 Y=-2 Z=0 FlatVerts=0 SlopeVerts=0
[+22:51:27.574] VoxelChunk: GenerateAsync (-3,2,-2)
[+22:51:27.575] VoxelMesh: Chunk X=-1 Y=-2 Z=0 FlatVerts=0 SlopeVerts=0
[+22:51:27.575] VoxelChunk: GenerateAsync (3,-3,0)
[+22:51:27.576] VoxelMesh: Chunk X=3 Y=-3 Z=0 FlatVerts=0 SlopeVerts=0
[+22:51:27.576] VoxelMesh: Chunk X=-3 Y=2 Z=-2 FlatVerts=0 SlopeVerts=0
[+22:51:27.576] VoxelMesh: Chunk X=1 Y=1 Z=-2 FlatVerts=0 SlopeVerts=0
[+22:51:27.576] VoxelChunk: GenerateAsync (1,-3,-2)
[+22:51:27.578] VoxelMesh: Chunk X=-1 Y=2 Z=0 FlatVerts=0 SlopeVerts=0
[+22:51:27.578] VoxelChunk: GenerateAsync (-3,2,-3)
[+22:51:27.579] VoxelMesh: Chunk X=1 Y=-3 Z=-2 FlatVerts=0 SlopeVerts=0
[+22:51:27.580] VoxelMesh: Chunk X=-3 Y=2 Z=-3 FlatVerts=0 SlopeVerts=0
[+22:51:27.587] VoxelMesh: Chunk X=-1 Y=-2 Z=-2 FlatVerts=0 SlopeVerts=0
[+22:51:27.587] VoxelChunk: GenerateAsync (2,0,-3)
[+22:51:27.589] VoxelMesh: Chunk X=2 Y=0 Z=-3 FlatVerts=0 SlopeVerts=0
[+22:51:27.589] VoxelMesh: Chunk X=-1 Y=-2 Z=1 FlatVerts=0 SlopeVerts=0
[+22:51:27.589] VoxelChunk: GenerateAsync (3,2,-2)
[+22:51:27.591] VoxelMesh: Chunk X=-1 Y=2 Z=-1 FlatVerts=0 SlopeVerts=0
[+22:51:27.591] VoxelMesh: Chunk X=3 Y=2 Z=-2 FlatVerts=0 SlopeVerts=0
[+22:51:27.591] VoxelChunk: GenerateAsync (-3,3,-2)
[+22:51:27.592] VoxelMesh: Chunk X=2 Y=0 Z=-2 FlatVerts=0 SlopeVerts=0
[+22:51:27.592] VoxelChunk: GenerateAsync (2,-3,-2)
[+22:51:27.593] VoxelMesh: Chunk X=-3 Y=3 Z=-2 FlatVerts=0 SlopeVerts=0
[+22:51:27.594] VoxelMesh: Chunk X=2 Y=-3 Z=-2 FlatVerts=0 SlopeVerts=0
[+22:51:27.602] VoxelMesh: Chunk X=2 Y=1 Z=-1 FlatVerts=0 SlopeVerts=0
[+22:51:27.603] VoxelChunk: GenerateAsync (-2,3,-2)
[+22:51:27.604] VoxelMesh: Chunk X=0 Y=0 Z=-2 FlatVerts=0 SlopeVerts=0
[+22:51:27.604] VoxelChunk: GenerateAsync (-1,3,-2)
[+22:51:27.605] VoxelMesh: Chunk X=-2 Y=3 Z=-2 FlatVerts=0 SlopeVerts=0
[+22:51:27.606] VoxelMesh: Chunk X=-1 Y=3 Z=-2 FlatVerts=0 SlopeVerts=0
[+22:51:27.606] VoxelMesh: Chunk X=2 Y=0 Z=-1 FlatVerts=0 SlopeVerts=0
[+22:51:27.606] VoxelChunk: GenerateAsync (3,-3,-2)
[+22:51:27.609] VoxelMesh: Chunk X=-1 Y=1 Z=-2 FlatVerts=0 SlopeVerts=0
[+22:51:27.609] VoxelMesh: Chunk X=3 Y=-3 Z=-2 FlatVerts=0 SlopeVerts=0
[+22:51:27.609] VoxelChunk: GenerateAsync (-2,2,-3)
[+22:51:27.609] VoxelMesh: Chunk X=-2 Y=2 Z=-3 FlatVerts=0 SlopeVerts=0
[+22:51:27.619] VoxelMesh: Chunk X=0 Y=2 Z=-1 FlatVerts=0 SlopeVerts=0
[+22:51:27.619] VoxelChunk: GenerateAsync (0,3,-2)
[+22:51:27.620] VoxelMesh: Chunk X=-2 Y=0 Z=-1 FlatVerts=0 SlopeVerts=0
[+22:51:27.620] VoxelMesh: Chunk X=0 Y=3 Z=-2 FlatVerts=0 SlopeVerts=0
[+22:51:27.620] VoxelChunk: GenerateAsync (1,3,-2)
[+22:51:27.622] VoxelMesh: Chunk X=1 Y=3 Z=-2 FlatVerts=0 SlopeVerts=0
[+22:51:27.622] VoxelMesh: Chunk X=1 Y=-1 Z=-2 FlatVerts=0 SlopeVerts=0
[+22:51:27.622] VoxelChunk: GenerateAsync (-3,-2,-2)
[+22:51:27.624] VoxelMesh: Chunk X=1 Y=0 Z=-2 FlatVerts=0 SlopeVerts=0
[+22:51:27.624] VoxelChunk: GenerateAsync (2,3,-2)
[+22:51:27.625] VoxelMesh: Chunk X=-3 Y=-2 Z=-2 FlatVerts=0 SlopeVerts=0
[+22:51:27.626] VoxelMesh: Chunk X=2 Y=3 Z=-2 FlatVerts=0 SlopeVerts=0
[+22:51:27.634] VoxelMesh: Chunk X=-1 Y=-1 Z=-2 FlatVerts=0 SlopeVerts=0
[+22:51:27.634] VoxelChunk: GenerateAsync (-2,-3,-3)
[+22:51:27.636] VoxelMesh: Chunk X=1 Y=-2 Z=-1 FlatVerts=0 SlopeVerts=0
[+22:51:27.636] VoxelChunk: GenerateAsync (3,3,-2)
[+22:51:27.636] VoxelMesh: Chunk X=-2 Y=-3 Z=-3 FlatVerts=0 SlopeVerts=0
[+22:51:27.638] VoxelMesh: Chunk X=1 Y=-2 Z=-2 FlatVerts=0 SlopeVerts=0
[+22:51:27.638] VoxelMesh: Chunk X=3 Y=3 Z=-2 FlatVerts=0 SlopeVerts=0
[+22:51:27.638] VoxelChunk: GenerateAsync (-1,2,-3)
[+22:51:27.640] VoxelMesh: Chunk X=0 Y=-2 Z=-2 FlatVerts=0 SlopeVerts=0
[+22:51:27.640] VoxelMesh: Chunk X=-1 Y=2 Z=-3 FlatVerts=0 SlopeVerts=0
[+22:51:27.640] VoxelChunk: GenerateAsync (3,0,-3)
[+22:51:27.642] VoxelMesh: Chunk X=3 Y=0 Z=-3 FlatVerts=0 SlopeVerts=0
[+22:51:27.650] VoxelMesh: Chunk X=2 Y=-1 Z=-1 FlatVerts=0 SlopeVerts=0
[+22:51:27.651] VoxelChunk: GenerateAsync (-2,0,-3)
[+22:51:27.652] VoxelMesh: Chunk X=-2 Y=-2 Z=1 FlatVerts=0 SlopeVerts=0
[+22:51:27.652] VoxelMesh: Chunk X=-2 Y=0 Z=-3 FlatVerts=0 SlopeVerts=0
[+22:51:27.652] VoxelChunk: GenerateAsync (-3,-3,-1)
[+22:51:27.653] VoxelMesh: Chunk X=0 Y=2 Z=0 FlatVerts=0 SlopeVerts=42
[+22:51:27.653] VoxelChunk: GenerateAsync (-3,2,0)
[+22:51:27.654] VoxelMesh: Chunk X=-3 Y=2 Z=0 FlatVerts=0 SlopeVerts=42
[+22:51:27.654] VoxelMesh: Chunk X=-3 Y=-3 Z=-1 FlatVerts=0 SlopeVerts=0
[+22:51:27.654] VoxelMesh: Chunk X=0 Y=2 Z=-2 FlatVerts=0 SlopeVerts=0
[+22:51:27.654] VoxelChunk: GenerateAsync (-2,-3,-1)
[+22:51:27.656] VoxelMesh: Chunk X=-2 Y=-3 Z=-1 FlatVerts=0 SlopeVerts=0
[+22:51:27.666] VoxelMesh: Chunk X=-2 Y=2 Z=0 FlatVerts=0 SlopeVerts=0
[+22:51:27.666] VoxelChunk: GenerateAsync (-1,-3,-1)
[+22:51:27.668] VoxelMesh: Chunk X=2 Y=1 Z=0 FlatVerts=0 SlopeVerts=0
[+22:51:27.668] VoxelChunk: GenerateAsync (0,2,-3)
[+22:51:27.669] VoxelMesh: Chunk X=-1 Y=-3 Z=-1 FlatVerts=0 SlopeVerts=0
[+22:51:27.670] VoxelMesh: Chunk X=-2 Y=-2 Z=-2 FlatVerts=0 SlopeVerts=0
[+22:51:27.670] VoxelMesh: Chunk X=0 Y=2 Z=-3 FlatVerts=0 SlopeVerts=0
[+22:51:27.670] VoxelChunk: GenerateAsync (2,-1,-3)
[+22:51:27.672] VoxelMesh: Chunk X=-2 Y=0 Z=0 FlatVerts=0 SlopeVerts=0
[+22:51:27.672] VoxelMesh: Chunk X=2 Y=-1 Z=-3 FlatVerts=0 SlopeVerts=0
[+22:51:27.672] VoxelChunk: GenerateAsync (2,-3,-1)
[+22:51:27.673] VoxelMesh: Chunk X=2 Y=-3 Z=-1 FlatVerts=0 SlopeVerts=0
[+22:51:27.680] VoxelMesh: Chunk X=2 Y=-2 Z=0 FlatVerts=0 SlopeVerts=0
[+22:51:27.681] VoxelChunk: GenerateAsync (3,-3,-1)
[+22:51:27.683] VoxelMesh: Chunk X=-2 Y=-2 Z=0 FlatVerts=0 SlopeVerts=0
[+22:51:27.683] VoxelChunk: GenerateAsync (-3,-2,-1)
[+22:51:27.683] VoxelMesh: Chunk X=3 Y=-3 Z=-1 FlatVerts=0 SlopeVerts=0
[+22:51:27.685] VoxelMesh: Chunk X=0 Y=1 Z=-2 FlatVerts=0 SlopeVerts=0
[+22:51:27.685] VoxelMesh: Chunk X=-3 Y=-2 Z=-1 FlatVerts=0 SlopeVerts=0
[+22:51:27.685] VoxelChunk: GenerateAsync (1,2,-3)
[+22:51:27.686] VoxelMesh: Chunk X=1 Y=2 Z=-3 FlatVerts=0 SlopeVerts=0
[+22:51:27.687] VoxelMesh: Chunk X=2 Y=2 Z=-1 FlatVerts=0 SlopeVerts=0
[+22:51:27.687] VoxelChunk: GenerateAsync (-3,1,-3)
[+22:51:27.689] VoxelMesh: Chunk X=-3 Y=1 Z=-3 FlatVerts=0 SlopeVerts=0
[+22:51:27.693] VoxelWater: Chunk X=4 Y=-26 Z=2 emitted 20 procedural water vertices (Ocean/Pools)
[+22:51:27.693] VoxelWater: Chunk X=4 Y=-25 Z=3 emitted 56 procedural water vertices (Ocean/Pools)
[+22:51:27.693] VoxelWater: Chunk X=4 Y=-25 Z=2 emitted 76 procedural water vertices (Ocean/Pools)
[+22:51:27.693] VoxelWater: Chunk X=5 Y=-25 Z=3 emitted 160 procedural water vertices (Ocean/Pools)
[+22:51:27.693] VoxelWater: Chunk X=5 Y=-25 Z=2 emitted 20 procedural water vertices (Ocean/Pools)
[+22:51:27.693] VoxelWater: Chunk X=4 Y=-24 Z=3 emitted 48 procedural water vertices (Ocean/Pools)
[+22:51:27.693] VoxelWater: Chunk X=4 Y=-24 Z=2 emitted 64 procedural water vertices (Ocean/Pools)
[+22:51:27.693] VoxelWater: Chunk X=5 Y=-24 Z=2 emitted 60 procedural water vertices (Ocean/Pools)
[+22:51:27.693] VoxelWater: Chunk X=5 Y=-24 Z=3 emitted 28 procedural water vertices (Ocean/Pools)
[+22:51:27.693] VoxelWater: Chunk X=6 Y=-24 Z=3 emitted 88 procedural water vertices (Ocean/Pools)
[+22:51:27.693] VoxelWater: Chunk X=6 Y=-24 Z=2 emitted 84 procedural water vertices (Ocean/Pools)
[+22:51:27.693] VoxelWater: Chunk X=6 Y=-26 Z=3 emitted 16 procedural water vertices (Ocean/Pools)
[+22:51:27.693] VoxelWater: Chunk X=6 Y=-25 Z=3 emitted 100 procedural water vertices (Ocean/Pools)
[+22:51:27.693] VoxelWater: Chunk X=6 Y=-26 Z=2 emitted 32 procedural water vertices (Ocean/Pools)
[+22:51:27.704] VoxelMesh: Chunk X=1 Y=-2 Z=0 FlatVerts=0 SlopeVerts=0
[+22:51:27.705] VoxelChunk: GenerateAsync (3,-2,-2)
[+22:51:27.706] VoxelMesh: Chunk X=2 Y=1 Z=-2 FlatVerts=0 SlopeVerts=0
[+22:51:27.706] VoxelChunk: GenerateAsync (-3,-1,-2)
[+22:51:27.707] VoxelMesh: Chunk X=3 Y=-2 Z=-2 FlatVerts=0 SlopeVerts=0
[+22:51:27.708] VoxelMesh: Chunk X=-2 Y=1 Z=0 FlatVerts=0 SlopeVerts=0
[+22:51:27.708] VoxelChunk: GenerateAsync (2,2,-3)
[+22:51:27.710] VoxelMesh: Chunk X=-3 Y=-1 Z=-2 FlatVerts=0 SlopeVerts=0
[+22:51:27.710] VoxelMesh: Chunk X=-2 Y=2 Z=2 FlatVerts=0 SlopeVerts=0
[+22:51:27.710] VoxelMesh: Chunk X=2 Y=2 Z=-3 FlatVerts=0 SlopeVerts=0
[+22:51:27.710] VoxelChunk: GenerateAsync (3,-2,-1)
[+22:51:27.711] VoxelMesh: Chunk X=3 Y=-2 Z=-1 FlatVerts=0 SlopeVerts=0
[+22:51:27.723] VoxelMesh: Chunk X=-2 Y=-1 Z=1 FlatVerts=0 SlopeVerts=0
[+22:51:27.723] VoxelChunk: GenerateAsync (-3,-1,-1)
[+22:51:27.725] VoxelMesh: Chunk X=-3 Y=-1 Z=-1 FlatVerts=0 SlopeVerts=0
[+22:51:27.725] VoxelMesh: Chunk X=2 Y=-2 Z=1 FlatVerts=0 SlopeVerts=0
[+22:51:27.725] VoxelChunk: GenerateAsync (3,2,-3)
[+22:51:27.727] VoxelMesh: Chunk X=1 Y=-2 Z=1 FlatVerts=0 SlopeVerts=0
[+22:51:27.727] VoxelChunk: GenerateAsync (-2,1,-3)
[+22:51:27.727] VoxelMesh: Chunk X=3 Y=2 Z=-3 FlatVerts=0 SlopeVerts=0
[+22:51:27.729] VoxelMesh: Chunk X=1 Y=2 Z=1 FlatVerts=0 SlopeVerts=0
[+22:51:27.729] VoxelChunk: GenerateAsync (-1,0,-3)
[+22:51:27.729] VoxelMesh: Chunk X=-2 Y=1 Z=-3 FlatVerts=0 SlopeVerts=0
[+22:51:27.731] VoxelMesh: Chunk X=-1 Y=0 Z=-3 FlatVerts=0 SlopeVerts=0
[+22:51:27.739] VoxelMesh: Chunk X=0 Y=2 Z=1 FlatVerts=0 SlopeVerts=0
[+22:51:27.739] VoxelChunk: GenerateAsync (3,-1,-3)
[+22:51:27.741] VoxelMesh: Chunk X=3 Y=-1 Z=-3 FlatVerts=0 SlopeVerts=0
[+22:51:27.741] VoxelMesh: Chunk X=-2 Y=0 Z=2 FlatVerts=0 SlopeVerts=0
[+22:51:27.741] VoxelChunk: GenerateAsync (-2,-1,-3)
[+22:51:27.743] VoxelMesh: Chunk X=-1 Y=2 Z=1 FlatVerts=0 SlopeVerts=0
[+22:51:27.743] VoxelChunk: GenerateAsync (-3,-1,-3)
[+22:51:27.743] VoxelMesh: Chunk X=-2 Y=-1 Z=-3 FlatVerts=0 SlopeVerts=0
[+22:51:27.745] VoxelMesh: Chunk X=-3 Y=-1 Z=-3 FlatVerts=0 SlopeVerts=0
[+22:51:27.745] VoxelMesh: Chunk X=-2 Y=2 Z=1 FlatVerts=0 SlopeVerts=0
[+22:51:27.745] VoxelChunk: GenerateAsync (3,-2,-3)
[+22:51:27.746] VoxelMesh: Chunk X=3 Y=-2 Z=-3 FlatVerts=0 SlopeVerts=0
[+22:51:27.756] VoxelMesh: Chunk X=2 Y=-1 Z=2 FlatVerts=0 SlopeVerts=0
[+22:51:27.756] VoxelChunk: GenerateAsync (-3,3,-3)
[+22:51:27.758] VoxelMesh: Chunk X=-1 Y=1 Z=2 FlatVerts=0 SlopeVerts=0
[+22:51:27.758] VoxelChunk: GenerateAsync (3,-1,-1)
[+22:51:27.758] VoxelMesh: Chunk X=-3 Y=3 Z=-3 FlatVerts=0 SlopeVerts=0
[+22:51:27.759] VoxelMesh: Chunk X=1 Y=-1 Z=2 FlatVerts=0 SlopeVerts=0
[+22:51:27.759] VoxelChunk: GenerateAsync (-3,0,-1)
[+22:51:27.760] VoxelMesh: Chunk X=3 Y=-1 Z=-1 FlatVerts=0 SlopeVerts=0
[+22:51:27.761] VoxelMesh: Chunk X=-3 Y=0 Z=-1 FlatVerts=0 SlopeVerts=0
[+22:51:27.761] VoxelMesh: Chunk X=0 Y=-1 Z=2 FlatVerts=0 SlopeVerts=0
[+22:51:27.761] VoxelChunk: GenerateAsync (2,-2,-3)
[+22:51:27.762] VoxelMesh: Chunk X=2 Y=-2 Z=-3 FlatVerts=0 SlopeVerts=0
[+22:51:27.770] VoxelMesh: Chunk X=-2 Y=1 Z=2 FlatVerts=0 SlopeVerts=0
[+22:51:27.771] VoxelChunk: GenerateAsync (3,-1,-2)
[+22:51:27.772] VoxelMesh: Chunk X=2 Y=1 Z=2 FlatVerts=0 SlopeVerts=0
[+22:51:27.772] VoxelChunk: GenerateAsync (-2,3,-3)
[+22:51:27.773] VoxelMesh: Chunk X=3 Y=-1 Z=-2 FlatVerts=0 SlopeVerts=0
[+22:51:27.774] VoxelMesh: Chunk X=-1 Y=2 Z=2 FlatVerts=0 SlopeVerts=0
[+22:51:27.774] VoxelChunk: GenerateAsync (-1,1,-3)
[+22:51:27.774] VoxelMesh: Chunk X=-2 Y=3 Z=-3 FlatVerts=0 SlopeVerts=0
[+22:51:27.776] VoxelMesh: Chunk X=-1 Y=1 Z=-3 FlatVerts=0 SlopeVerts=0
[+22:51:27.776] VoxelMesh: Chunk X=2 Y=2 Z=2 FlatVerts=0 SlopeVerts=0
[+22:51:27.776] VoxelChunk: GenerateAsync (1,-2,-3)
[+22:51:27.777] VoxelMesh: Chunk X=1 Y=-2 Z=-3 FlatVerts=0 SlopeVerts=0
[+22:51:27.784] VoxelMesh: Chunk X=0 Y=2 Z=2 FlatVerts=0 SlopeVerts=0
[+22:51:27.784] VoxelChunk: GenerateAsync (0,-2,-3)
[+22:51:27.785] VoxelMesh: Chunk X=0 Y=-2 Z=-3 FlatVerts=0 SlopeVerts=0
[+22:51:27.785] VoxelMesh: Chunk X=1 Y=2 Z=2 FlatVerts=0 SlopeVerts=0
[+22:51:27.786] VoxelChunk: GenerateAsync (-3,0,-2)
[+22:51:27.787] VoxelMesh: Chunk X=2 Y=1 Z=1 FlatVerts=0 SlopeVerts=0
[+22:51:27.787] VoxelMesh: Chunk X=-3 Y=0 Z=-2 FlatVerts=0 SlopeVerts=0
[+22:51:27.787] VoxelChunk: GenerateAsync (3,0,-1)
[+22:51:27.789] VoxelMesh: Chunk X=3 Y=0 Z=-1 FlatVerts=0 SlopeVerts=0
[+22:51:27.789] VoxelMesh: Chunk X=-2 Y=1 Z=-2 FlatVerts=0 SlopeVerts=0
[+22:51:27.789] VoxelChunk: GenerateAsync (-1,3,-3)
[+22:51:27.792] VoxelMesh: Chunk X=-1 Y=3 Z=-3 FlatVerts=0 SlopeVerts=0
[+22:51:27.799] VoxelMesh: Chunk X=2 Y=-2 Z=-1 FlatVerts=0 SlopeVerts=0
[+22:51:27.799] VoxelChunk: GenerateAsync (-3,1,-1)
[+22:51:27.800] VoxelMesh: Chunk X=-3 Y=1 Z=-1 FlatVerts=0 SlopeVerts=0
[+22:51:27.800] VoxelMesh: Chunk X=2 Y=2 Z=0 FlatVerts=0 SlopeVerts=0
[+22:51:27.801] VoxelChunk: GenerateAsync (-1,-2,-3)
[+22:51:27.803] VoxelMesh: Chunk X=1 Y=2 Z=0 FlatVerts=0 SlopeVerts=0
[+22:51:27.803] VoxelChunk: GenerateAsync (-2,-2,-3)
[+22:51:27.804] VoxelMesh: Chunk X=-1 Y=-2 Z=-3 FlatVerts=0 SlopeVerts=0
[+22:51:27.805] VoxelMesh: Chunk X=-2 Y=-2 Z=-3 FlatVerts=0 SlopeVerts=0
[+22:51:27.805] VoxelMesh: Chunk X=2 Y=2 Z=-2 FlatVerts=0 SlopeVerts=0
[+22:51:27.805] VoxelChunk: GenerateAsync (0,3,-3)
[+22:51:27.806] VoxelMesh: Chunk X=0 Y=3 Z=-3 FlatVerts=0 SlopeVerts=0
[+22:51:27.813] VoxelMesh: Chunk X=-2 Y=0 Z=-2 FlatVerts=0 SlopeVerts=0
[+22:51:27.814] VoxelChunk: GenerateAsync (0,1,-3)
[+22:51:27.815] VoxelMesh: Chunk X=-2 Y=-1 Z=0 FlatVerts=0 SlopeVerts=0
[+22:51:27.815] VoxelMesh: Chunk X=0 Y=1 Z=-3 FlatVerts=0 SlopeVerts=0
[+22:51:27.816] VoxelChunk: GenerateAsync (0,0,-3)
[+22:51:27.818] VoxelMesh: Chunk X=-2 Y=-2 Z=-1 FlatVerts=0 SlopeVerts=0
[+22:51:27.818] VoxelMesh: Chunk X=0 Y=0 Z=-3 FlatVerts=0 SlopeVerts=0
[+22:51:27.818] VoxelChunk: GenerateAsync (3,3,3)
[+22:51:27.820] VoxelMesh: Chunk X=-1 Y=0 Z=-2 FlatVerts=0 SlopeVerts=0
[+22:51:27.820] VoxelMesh: Chunk X=3 Y=3 Z=3 FlatVerts=0 SlopeVerts=0
[+22:51:27.820] VoxelChunk: GenerateAsync (-3,-2,-3)
[+22:51:27.821] VoxelMesh: Chunk X=-3 Y=-2 Z=-3 FlatVerts=0 SlopeVerts=0
[+22:51:27.830] VoxelMesh: Chunk X=-2 Y=2 Z=-2 FlatVerts=0 SlopeVerts=42
[+22:51:27.830] VoxelChunk: GenerateAsync (-2,-3,0)
[+22:51:27.831] VoxelMesh: Chunk X=0 Y=-2 Z=1 FlatVerts=0 SlopeVerts=0
[+22:51:27.831] VoxelMesh: Chunk X=-2 Y=-3 Z=0 FlatVerts=0 SlopeVerts=42
[+22:51:27.831] VoxelChunk: GenerateAsync (-1,-3,0)
[+22:51:27.833] VoxelMesh: Chunk X=0 Y=-1 Z=-2 FlatVerts=0 SlopeVerts=0
[+22:51:27.833] VoxelMesh: Chunk X=-1 Y=-3 Z=0 FlatVerts=0 SlopeVerts=0
[+22:51:27.833] VoxelChunk: GenerateAsync (0,-3,0)
[+22:51:27.835] VoxelMesh: Chunk X=-1 Y=-2 Z=-1 FlatVerts=0 SlopeVerts=36
[+22:51:27.835] VoxelChunk: GenerateAsync (1,-3,0)
[+22:51:27.837] VoxelMesh: Chunk X=0 Y=-3 Z=0 FlatVerts=0 SlopeVerts=0
[+22:51:27.837] VoxelMesh: Chunk X=1 Y=-3 Z=0 FlatVerts=0 SlopeVerts=36
[+22:51:27.845] VoxelMesh: Chunk X=-2 Y=2 Z=-1 FlatVerts=0 SlopeVerts=0
[+22:51:27.845] VoxelChunk: GenerateAsync (2,-3,0)
[+22:51:27.846] VoxelMesh: Chunk X=-2 Y=1 Z=-1 FlatVerts=0 SlopeVerts=0
[+22:51:27.846] VoxelMesh: Chunk X=2 Y=-3 Z=0 FlatVerts=0 SlopeVerts=0
[+22:51:27.846] VoxelChunk: GenerateAsync (3,1,-1)
[+22:51:27.848] VoxelMesh: Chunk X=1 Y=2 Z=-1 FlatVerts=0 SlopeVerts=0
[+22:51:27.848] VoxelChunk: GenerateAsync (-3,2,-1)
[+22:51:27.848] VoxelMesh: Chunk X=3 Y=1 Z=-1 FlatVerts=0 SlopeVerts=0
[+22:51:27.850] VoxelMesh: Chunk X=-1 Y=2 Z=-2 FlatVerts=0 SlopeVerts=0
[+22:51:27.850] VoxelMesh: Chunk X=-3 Y=2 Z=-1 FlatVerts=0 SlopeVerts=0
[+22:51:27.850] VoxelChunk: GenerateAsync (1,3,-3)
[+22:51:27.852] VoxelMesh: Chunk X=1 Y=3 Z=-3 FlatVerts=0 SlopeVerts=0
[+22:51:27.860] VoxelMesh: Chunk X=2 Y=-1 Z=0 FlatVerts=0 SlopeVerts=0
[+22:51:27.860] VoxelChunk: GenerateAsync (3,0,-2)
[+22:51:27.861] VoxelMesh: Chunk X=2 Y=0 Z=0 FlatVerts=0 SlopeVerts=0
[+22:51:27.862] VoxelChunk: GenerateAsync (-3,1,-2)
[+22:51:27.862] VoxelMesh: Chunk X=3 Y=0 Z=-2 FlatVerts=0 SlopeVerts=0
[+22:51:27.863] VoxelMesh: Chunk X=1 Y=2 Z=-2 FlatVerts=0 SlopeVerts=0
[+22:51:27.864] VoxelMesh: Chunk X=-3 Y=1 Z=-2 FlatVerts=0 SlopeVerts=0
[+22:51:27.864] VoxelChunk: GenerateAsync (2,3,-3)
[+22:51:27.866] VoxelMesh: Chunk X=2 Y=-2 Z=-2 FlatVerts=0 SlopeVerts=0
[+22:51:27.866] VoxelChunk: GenerateAsync (1,1,-3)
[+22:51:27.867] VoxelMesh: Chunk X=2 Y=3 Z=-3 FlatVerts=0 SlopeVerts=0
[+22:51:27.869] VoxelMesh: Chunk X=1 Y=1 Z=-3 FlatVerts=0 SlopeVerts=0
[+22:51:27.876] VoxelMesh: Chunk X=-2 Y=-1 Z=-2 FlatVerts=0 SlopeVerts=0
[+22:51:27.877] VoxelChunk: GenerateAsync (3,-2,0)
[+22:51:27.878] VoxelMesh: Chunk X=3 Y=-2 Z=0 FlatVerts=0 SlopeVerts=0
[+22:51:27.878] VoxelMesh: Chunk X=0 Y=-2 Z=-1 FlatVerts=0 SlopeVerts=0
[+22:51:27.878] VoxelChunk: GenerateAsync (3,2,-1)
[+22:51:27.880] VoxelMesh: Chunk X=-2 Y=-1 Z=-1 FlatVerts=0 SlopeVerts=0
[+22:51:27.880] VoxelChunk: GenerateAsync (-3,3,-1)
[+22:51:27.881] VoxelMesh: Chunk X=3 Y=2 Z=-1 FlatVerts=0 SlopeVerts=0
[+22:51:27.882] VoxelMesh: Chunk X=2 Y=-1 Z=-2 FlatVerts=0 SlopeVerts=0
[+22:51:27.882] VoxelChunk: GenerateAsync (3,-3,-3)
[+22:51:27.882] VoxelMesh: Chunk X=-3 Y=3 Z=-1 FlatVerts=0 SlopeVerts=0
[+22:51:27.884] VoxelMesh: Chunk X=3 Y=-3 Z=-3 FlatVerts=0 SlopeVerts=0
[+22:51:27.899] VoxelMesh: Chunk X=0 Y=0 Z=0 FlatVerts=0 SlopeVerts=0
[+22:51:27.900] VoxelChunk: GenerateAsync (2,-3,-3)
[+22:51:27.903] VoxelMesh: Chunk X=2 Y=-3 Z=-3 FlatVerts=0 SlopeVerts=0
[+22:51:27.906] VoxelMesh: Chunk X=0 Y=0 Z=0 FlatVerts=0 SlopeVerts=0
[+22:51:27.906] VoxelChunk: GenerateAsync (1,-3,-3)
[+22:51:27.908] VoxelMesh: Chunk X=1 Y=-3 Z=-3 FlatVerts=0 SlopeVerts=0
[+22:51:27.910] VoxelMesh: Chunk X=0 Y=0 Z=0 FlatVerts=6054 SlopeVerts=2346
[+22:51:27.911] VoxelChunk: GenerateAsync (-2,3,-1)
[+22:51:27.915] VoxelMesh: Chunk X=-2 Y=3 Z=-1 FlatVerts=0 SlopeVerts=0
[+22:51:27.917] VoxelMesh: Chunk X=0 Y=0 Z=0 FlatVerts=30 SlopeVerts=2028
[+22:51:27.918] VoxelChunk: GenerateAsync (3,-1,0)
[+22:51:27.919] VoxelMesh: Chunk X=3 Y=-1 Z=0 FlatVerts=0 SlopeVerts=0
[+22:51:27.931] VoxelWater: Chunk X=4 Y=-26 Z=2 emitted 24 procedural water vertices (Ocean/Pools)
[+22:51:27.931] VoxelWater: Chunk X=4 Y=-25 Z=3 emitted 60 procedural water vertices (Ocean/Pools)
[+22:51:27.931] VoxelWater: Chunk X=4 Y=-25 Z=2 emitted 84 procedural water vertices (Ocean/Pools)
[+22:51:27.931] VoxelWater: Chunk X=5 Y=-25 Z=3 emitted 212 procedural water vertices (Ocean/Pools)
[+22:51:27.931] VoxelWater: Chunk X=5 Y=-25 Z=2 emitted 32 procedural water vertices (Ocean/Pools)
[+22:51:27.931] VoxelWater: Chunk X=4 Y=-24 Z=3 emitted 60 procedural water vertices (Ocean/Pools)
[+22:51:27.931] VoxelWater: Chunk X=4 Y=-24 Z=2 emitted 68 procedural water vertices (Ocean/Pools)
[+22:51:27.931] VoxelWater: Chunk X=5 Y=-24 Z=2 emitted 80 procedural water vertices (Ocean/Pools)
[+22:51:27.931] VoxelWater: Chunk X=6 Y=-25 Z=3 emitted 140 procedural water vertices (Ocean/Pools)
[+22:51:27.931] VoxelWater: Chunk X=5 Y=-24 Z=3 emitted 36 procedural water vertices (Ocean/Pools)
[+22:51:27.932] VoxelWater: Chunk X=6 Y=-24 Z=3 emitted 108 procedural water vertices (Ocean/Pools)
[+22:51:27.932] VoxelWater: Chunk X=6 Y=-24 Z=2 emitted 80 procedural water vertices (Ocean/Pools)
[+22:51:27.932] VoxelWater: Chunk X=6 Y=-26 Z=3 emitted 16 procedural water vertices (Ocean/Pools)
[+22:51:27.932] VoxelWater: Chunk X=6 Y=-26 Z=2 emitted 44 procedural water vertices (Ocean/Pools)
[+22:51:27.955] VoxelMesh: Chunk X=0 Y=0 Z=0 FlatVerts=9894 SlopeVerts=576
[+22:51:27.958] VoxelChunk: GenerateAsync (-3,0,0)
[+22:51:27.959] VoxelMesh: Chunk X=-3 Y=0 Z=0 FlatVerts=18 SlopeVerts=336
[+22:51:27.964] VoxelMesh: Chunk X=0 Y=0 Z=0 FlatVerts=0 SlopeVerts=0
[+22:51:27.965] VoxelChunk: GenerateAsync (3,3,-3)
[+22:51:27.969] VoxelMesh: Chunk X=3 Y=3 Z=-3 FlatVerts=0 SlopeVerts=0
[+22:51:27.972] VoxelMesh: Chunk X=0 Y=0 Z=0 FlatVerts=0 SlopeVerts=0
[+22:51:27.972] VoxelChunk: GenerateAsync (0,-3,-3)
[+22:51:27.974] VoxelMesh: Chunk X=0 Y=-3 Z=-3 FlatVerts=0 SlopeVerts=0
[+22:51:27.976] VoxelMesh: Chunk X=0 Y=0 Z=0 FlatVerts=6948 SlopeVerts=1038
[+22:51:27.978] VoxelChunk: GenerateAsync (-1,3,-1)
[+22:51:27.979] VoxelMesh: Chunk X=-1 Y=3 Z=-1 FlatVerts=0 SlopeVerts=0
[+22:51:27.996] VoxelMesh: Chunk X=0 Y=0 Z=0 FlatVerts=6060 SlopeVerts=1098
[+22:51:27.998] VoxelChunk: GenerateAsync (0,3,-1)
[+22:51:28.001] VoxelMesh: Chunk X=0 Y=3 Z=-1 FlatVerts=0 SlopeVerts=0
[+22:51:28.003] VoxelMesh: Chunk X=0 Y=0 Z=0 FlatVerts=2526 SlopeVerts=7044
[+22:51:28.005] VoxelChunk: GenerateAsync (3,0,0)
[+22:51:28.005] VoxelMesh: Chunk X=3 Y=0 Z=0 FlatVerts=0 SlopeVerts=0
[+22:51:28.010] VoxelMesh: Chunk X=0 Y=0 Z=0 FlatVerts=9288 SlopeVerts=3306
[+22:51:28.013] VoxelChunk: GenerateAsync (-3,1,0)
[+22:51:28.016] VoxelMesh: Chunk X=-3 Y=1 Z=0 FlatVerts=414 SlopeVerts=1656
[+22:51:28.018] VoxelMesh: Chunk X=0 Y=0 Z=0 FlatVerts=3792 SlopeVerts=1224
[+22:51:28.020] VoxelChunk: GenerateAsync (1,3,-1)
[+22:51:28.021] VoxelMesh: Chunk X=1 Y=3 Z=-1 FlatVerts=0 SlopeVerts=0
[+22:51:28.038] VoxelMesh: Chunk X=0 Y=0 Z=0 FlatVerts=0 SlopeVerts=0
[+22:51:28.039] VoxelChunk: GenerateAsync (-1,-3,-3)
[+22:51:28.041] VoxelMesh: Chunk X=-1 Y=-3 Z=-3 FlatVerts=0 SlopeVerts=0
[+22:51:28.043] VoxelMesh: Chunk X=0 Y=0 Z=0 FlatVerts=954 SlopeVerts=588
[+22:51:28.044] VoxelChunk: GenerateAsync (2,3,-1)
[+22:51:28.046] VoxelMesh: Chunk X=2 Y=3 Z=-1 FlatVerts=0 SlopeVerts=0
[+22:51:28.051] VoxelMesh: Chunk X=0 Y=0 Z=0 FlatVerts=0 SlopeVerts=0
[+22:51:28.051] VoxelChunk: GenerateAsync (-3,-3,-3)
[+22:51:28.053] VoxelMesh: Chunk X=-3 Y=-3 Z=-3 FlatVerts=0 SlopeVerts=0
[+22:51:28.057] VoxelMesh: Chunk X=0 Y=0 Z=0 FlatVerts=0 SlopeVerts=0
[+22:51:28.058] VoxelChunk: GenerateAsync (-3,-3,-2)
[+22:51:28.059] VoxelMesh: Chunk X=-3 Y=-3 Z=-2 FlatVerts=0 SlopeVerts=0
[+22:51:28.073] VoxelChunk: GenerateAsync (4,-26,2)
[+22:51:28.073] VoxelChunk: GenerateAsync (4,-25,2)
[+22:51:28.074] VoxelChunk: GenerateAsync (4,-24,2)
[+22:51:28.074] VoxelChunk: GenerateAsync (5,-26,2)
[+22:51:28.074] VoxelChunk: GenerateAsync (5,-25,2)
[+22:51:28.074] VoxelChunk: GenerateAsync (5,-24,2)
[+22:51:28.074] VoxelChunk: GenerateAsync (6,-26,2)
[+22:51:28.074] VoxelChunk: GenerateAsync (6,-25,2)
[+22:51:28.074] VoxelMesh: Chunk X=4 Y=-25 Z=2 FlatVerts=0 SlopeVerts=606
[+22:51:28.075] VoxelMesh: Chunk X=5 Y=-25 Z=2 FlatVerts=6 SlopeVerts=636
[+22:51:28.075] VoxelMesh: Chunk X=6 Y=-25 Z=2 FlatVerts=0 SlopeVerts=6
[+22:51:28.075] VoxelMesh: Chunk X=4 Y=-24 Z=2 FlatVerts=12 SlopeVerts=570
[+22:51:28.075] VoxelMesh: Chunk X=6 Y=-26 Z=2 FlatVerts=0 SlopeVerts=576
[+22:51:28.075] VoxelMesh: Chunk X=5 Y=-26 Z=2 FlatVerts=0 SlopeVerts=102
[+22:51:28.075] VoxelMesh: Chunk X=4 Y=-26 Z=2 FlatVerts=30 SlopeVerts=138
[+22:51:28.075] VoxelMesh: Chunk X=-3 Y=-3 Z=-2 FlatVerts=0 SlopeVerts=0
[+22:51:28.076] VoxelMesh: Chunk X=5 Y=-24 Z=2 FlatVerts=66 SlopeVerts=606
[+22:51:28.076] VoxelChunk: GenerateAsync (3,1,0)
[+22:51:28.076] VoxelMesh: Chunk X=3 Y=1 Z=0 FlatVerts=0 SlopeVerts=0
[+22:51:28.077] VoxelMesh: Chunk X=-3 Y=-3 Z=-3 FlatVerts=0 SlopeVerts=0
[+22:51:28.077] VoxelChunk: GenerateAsync (2,1,-3)
[+22:51:28.079] VoxelMesh: Chunk X=2 Y=3 Z=-1 FlatVerts=0 SlopeVerts=0
[+22:51:28.079] VoxelChunk: GenerateAsync (1,0,-3)
[+22:51:28.081] VoxelMesh: Chunk X=-1 Y=-3 Z=-3 FlatVerts=0 SlopeVerts=0
[+22:51:28.081] VoxelChunk: GenerateAsync (-3,0,-3)
[+22:51:28.082] VoxelMesh: Chunk X=1 Y=0 Z=-3 FlatVerts=0 SlopeVerts=0
[+22:51:28.085] VoxelMesh: Chunk X=2 Y=1 Z=-3 FlatVerts=0 SlopeVerts=0
[+22:51:28.085] VoxelMesh: Chunk X=-3 Y=0 Z=-3 FlatVerts=0 SlopeVerts=0
[+22:51:28.097] VoxelMesh: Chunk X=1 Y=3 Z=-1 FlatVerts=0 SlopeVerts=0
[+22:51:28.097] VoxelChunk: GenerateAsync (1,-1,-3)
[+22:51:28.099] VoxelMesh: Chunk X=-3 Y=1 Z=0 FlatVerts=0 SlopeVerts=0
[+22:51:28.099] VoxelChunk: GenerateAsync (1,-3,-1)
[+22:51:28.100] VoxelMesh: Chunk X=1 Y=-1 Z=-3 FlatVerts=0 SlopeVerts=0
[+22:51:28.101] VoxelMesh: Chunk X=3 Y=0 Z=0 FlatVerts=0 SlopeVerts=0
[+22:51:28.102] VoxelChunk: GenerateAsync (0,-3,-1)
[+22:51:28.102] VoxelMesh: Chunk X=1 Y=-3 Z=-1 FlatVerts=0 SlopeVerts=0
[+22:51:28.103] VoxelMesh: Chunk X=0 Y=3 Z=-1 FlatVerts=0 SlopeVerts=0
[+22:51:28.104] VoxelChunk: GenerateAsync (0,-1,-3)
[+22:51:28.104] VoxelMesh: Chunk X=0 Y=-3 Z=-1 FlatVerts=0 SlopeVerts=0
[+22:51:28.105] VoxelMesh: Chunk X=0 Y=-1 Z=-3 FlatVerts=0 SlopeVerts=0
[+22:51:28.108] VoxelWater: Chunk X=4 Y=-26 Z=2 emitted 24 procedural water vertices (Ocean/Pools)
[+22:51:28.108] VoxelWater: Chunk X=4 Y=-25 Z=2 emitted 120 procedural water vertices (Ocean/Pools)
[+22:51:28.108] VoxelWater: Chunk X=4 Y=-25 Z=3 emitted 56 procedural water vertices (Ocean/Pools)
[+22:51:28.108] VoxelWater: Chunk X=4 Y=-24 Z=3 emitted 76 procedural water vertices (Ocean/Pools)
[+22:51:28.108] VoxelWater: Chunk X=4 Y=-24 Z=2 emitted 52 procedural water vertices (Ocean/Pools)
[+22:51:28.108] VoxelWater: Chunk X=5 Y=-25 Z=2 emitted 172 procedural water vertices (Ocean/Pools)
[+22:51:28.108] VoxelWater: Chunk X=5 Y=-25 Z=3 emitted 168 procedural water vertices (Ocean/Pools)
[+22:51:28.108] VoxelWater: Chunk X=5 Y=-24 Z=2 emitted 120 procedural water vertices (Ocean/Pools)
[+22:51:28.108] VoxelWater: Chunk X=5 Y=-24 Z=3 emitted 20 procedural water vertices (Ocean/Pools)
[+22:51:28.108] VoxelWater: Chunk X=6 Y=-24 Z=3 emitted 112 procedural water vertices (Ocean/Pools)
[+22:51:28.108] VoxelWater: Chunk X=6 Y=-26 Z=3 emitted 16 procedural water vertices (Ocean/Pools)
[+22:51:28.108] VoxelWater: Chunk X=6 Y=-25 Z=3 emitted 156 procedural water vertices (Ocean/Pools)
[+22:51:28.108] VoxelWater: Chunk X=6 Y=-26 Z=2 emitted 60 procedural water vertices (Ocean/Pools)
[+22:51:28.108] VoxelWater: Chunk X=6 Y=-25 Z=2 emitted 8 procedural water vertices (Ocean/Pools)
[+22:51:28.108] VoxelWater: Chunk X=6 Y=-24 Z=2 emitted 76 procedural water vertices (Ocean/Pools)
[+22:51:28.121] VoxelMesh: Chunk X=-1 Y=3 Z=-1 FlatVerts=0 SlopeVerts=0
[+22:51:28.121] VoxelChunk: GenerateAsync (3,2,0)
[+22:51:28.122] VoxelMesh: Chunk X=0 Y=-3 Z=-3 FlatVerts=0 SlopeVerts=0
[+22:51:28.122] VoxelChunk: GenerateAsync (-3,3,0)
[+22:51:28.122] VoxelMesh: Chunk X=3 Y=2 Z=0 FlatVerts=0 SlopeVerts=0
[+22:51:28.122] VoxelMesh: Chunk X=3 Y=3 Z=-3 FlatVerts=0 SlopeVerts=0
[+22:51:28.122] VoxelMesh: Chunk X=-3 Y=3 Z=0 FlatVerts=0 SlopeVerts=0
[+22:51:28.122] VoxelChunk: GenerateAsync (-2,3,0)
[+22:51:28.123] VoxelMesh: Chunk X=-3 Y=0 Z=0 FlatVerts=0 SlopeVerts=0
[+22:51:28.123] VoxelChunk: GenerateAsync (-1,3,0)
[+22:51:28.123] VoxelMesh: Chunk X=-2 Y=3 Z=0 FlatVerts=0 SlopeVerts=0
[+22:51:28.123] VoxelMesh: Chunk X=-1 Y=3 Z=0 FlatVerts=0 SlopeVerts=0
[+22:51:28.133] VoxelMesh: Chunk X=3 Y=-1 Z=0 FlatVerts=0 SlopeVerts=0
[+22:51:28.133] VoxelChunk: GenerateAsync (0,3,0)
[+22:51:28.134] VoxelMesh: Chunk X=-2 Y=3 Z=-1 FlatVerts=0 SlopeVerts=0
[+22:51:28.134] VoxelMesh: Chunk X=0 Y=3 Z=0 FlatVerts=0 SlopeVerts=0
[+22:51:28.134] VoxelChunk: GenerateAsync (1,3,0)
[+22:51:28.134] VoxelMesh: Chunk X=1 Y=-3 Z=-3 FlatVerts=0 SlopeVerts=0
[+22:51:28.134] VoxelMesh: Chunk X=1 Y=3 Z=0 FlatVerts=0 SlopeVerts=0
[+22:51:28.134] VoxelChunk: GenerateAsync (2,3,0)
[+22:51:28.135] VoxelMesh: Chunk X=2 Y=3 Z=0 FlatVerts=0 SlopeVerts=0
[+22:51:28.135] VoxelMesh: Chunk X=2 Y=-3 Z=-3 FlatVerts=0 SlopeVerts=0
[+22:51:28.135] VoxelChunk: GenerateAsync (3,3,0)
[+22:51:28.136] VoxelMesh: Chunk X=3 Y=3 Z=0 FlatVerts=0 SlopeVerts=0
[+22:51:28.144] VoxelMesh: Chunk X=0 Y=-3 Z=-2 FlatVerts=276 SlopeVerts=420
[+22:51:28.145] VoxelChunk: GenerateAsync (-3,-3,1)
[+22:51:28.145] VoxelMesh: Chunk X=-3 Y=-3 Z=1 FlatVerts=276 SlopeVerts=420
[+22:51:28.146] VoxelMesh: Chunk X=-3 Y=-1 Z=0 FlatVerts=258 SlopeVerts=3492
[+22:51:28.146] VoxelChunk: GenerateAsync (-2,-3,1)
[+22:51:28.147] VoxelMesh: Chunk X=-3 Y=-3 Z=0 FlatVerts=0 SlopeVerts=198
[+22:51:28.148] VoxelChunk: GenerateAsync (-1,-3,1)
[+22:51:28.149] VoxelMesh: Chunk X=3 Y=1 Z=-2 FlatVerts=0 SlopeVerts=0
[+22:51:28.150] VoxelChunk: GenerateAsync (0,-3,1)
[+22:51:28.150] VoxelMesh: Chunk X=-2 Y=-3 Z=1 FlatVerts=258 SlopeVerts=3492
[+22:51:28.150] VoxelMesh: Chunk X=-1 Y=-3 Z=1 FlatVerts=0 SlopeVerts=198
[+22:51:28.151] VoxelMesh: Chunk X=0 Y=-3 Z=1 FlatVerts=0 SlopeVerts=0
[+22:51:28.161] VoxelMesh: Chunk X=-3 Y=2 Z=-2 FlatVerts=6 SlopeVerts=1290
[+22:51:28.161] VoxelChunk: GenerateAsync (1,-3,1)
[+22:51:28.162] VoxelMesh: Chunk X=3 Y=-3 Z=0 FlatVerts=1224 SlopeVerts=1362
[+22:51:28.162] VoxelMesh: Chunk X=1 Y=-3 Z=1 FlatVerts=6 SlopeVerts=1290
[+22:51:28.163] VoxelChunk: GenerateAsync (2,-3,1)
[+22:51:28.164] VoxelMesh: Chunk X=2 Y=-3 Z=1 FlatVerts=1224 SlopeVerts=1362
[+22:51:28.164] VoxelMesh: Chunk X=1 Y=-3 Z=-2 FlatVerts=2088 SlopeVerts=780
[+22:51:28.165] VoxelChunk: GenerateAsync (3,-3,1)
[+22:51:28.166] VoxelMesh: Chunk X=3 Y=-3 Z=1 FlatVerts=2088 SlopeVerts=780
[+22:51:28.167] VoxelMesh: Chunk X=-3 Y=2 Z=-3 FlatVerts=66 SlopeVerts=1812
[+22:51:28.167] VoxelChunk: GenerateAsync (-3,-2,1)
[+22:51:28.168] VoxelMesh: Chunk X=-3 Y=-2 Z=1 FlatVerts=66 SlopeVerts=1812
[+22:51:28.180] VoxelMesh: Chunk X=2 Y=0 Z=-3 FlatVerts=0 SlopeVerts=0
[+22:51:28.181] VoxelChunk: GenerateAsync (-1,-1,-3)
[+22:51:28.182] VoxelMesh: Chunk X=3 Y=2 Z=-2 FlatVerts=0 SlopeVerts=0
[+22:51:28.182] VoxelChunk: GenerateAsync (3,3,-1)
[+22:51:28.183] VoxelMesh: Chunk X=-1 Y=-1 Z=-3 FlatVerts=0 SlopeVerts=0
[+22:51:28.184] VoxelMesh: Chunk X=-3 Y=3 Z=-2 FlatVerts=90 SlopeVerts=780
[+22:51:28.184] VoxelMesh: Chunk X=3 Y=3 Z=-1 FlatVerts=0 SlopeVerts=0
[+22:51:28.184] VoxelChunk: GenerateAsync (-3,1,2)
[+22:51:28.186] VoxelMesh: Chunk X=-3 Y=1 Z=2 FlatVerts=90 SlopeVerts=780
[+22:51:28.186] VoxelMesh: Chunk X=2 Y=-3 Z=-2 FlatVerts=0 SlopeVerts=0
[+22:51:28.186] VoxelChunk: GenerateAsync (2,3,3)
[+22:51:28.188] VoxelMesh: Chunk X=2 Y=3 Z=3 FlatVerts=0 SlopeVerts=0
[+22:51:28.196] VoxelMesh: Chunk X=-2 Y=3 Z=-2 FlatVerts=0 SlopeVerts=0
[+22:51:28.197] VoxelChunk: GenerateAsync (1,3,3)
[+22:51:28.198] VoxelMesh: Chunk X=-1 Y=3 Z=-2 FlatVerts=2880 SlopeVerts=462
[+22:51:28.199] VoxelMesh: Chunk X=1 Y=3 Z=3 FlatVerts=0 SlopeVerts=0
[+22:51:28.199] VoxelChunk: GenerateAsync (3,-2,1)
[+22:51:28.200] VoxelMesh: Chunk X=3 Y=-2 Z=1 FlatVerts=2880 SlopeVerts=462
[+22:51:28.200] VoxelMesh: Chunk X=3 Y=-3 Z=-2 FlatVerts=348 SlopeVerts=3222
[+22:51:28.202] VoxelChunk: GenerateAsync (-3,-1,1)
[+22:51:28.204] VoxelMesh: Chunk X=-2 Y=2 Z=-3 FlatVerts=0 SlopeVerts=0
[+22:51:28.204] VoxelMesh: Chunk X=-3 Y=-1 Z=1 FlatVerts=348 SlopeVerts=3222
[+22:51:28.204] VoxelChunk: GenerateAsync (-1,3,3)
[+22:51:28.205] VoxelMesh: Chunk X=-1 Y=3 Z=3 FlatVerts=0 SlopeVerts=0
[+22:51:28.215] VoxelMesh: Chunk X=0 Y=3 Z=-2 FlatVerts=0 SlopeVerts=2400
[+22:51:28.215] VoxelChunk: GenerateAsync (-2,-3,3)
[+22:51:28.217] VoxelMesh: Chunk X=1 Y=3 Z=-2 FlatVerts=0 SlopeVerts=0
[+22:51:28.217] VoxelChunk: GenerateAsync (3,0,3)
[+22:51:28.218] VoxelMesh: Chunk X=-2 Y=-3 Z=3 FlatVerts=0 SlopeVerts=2400
[+22:51:28.219] VoxelMesh: Chunk X=3 Y=0 Z=3 FlatVerts=0 SlopeVerts=0
[+22:51:28.219] VoxelMesh: Chunk X=-3 Y=-2 Z=-2 FlatVerts=252 SlopeVerts=2730
[+22:51:28.220] VoxelChunk: GenerateAsync (-1,-3,3)
[+22:51:28.221] VoxelMesh: Chunk X=-1 Y=-3 Z=3 FlatVerts=252 SlopeVerts=2730
[+22:51:28.222] VoxelMesh: Chunk X=2 Y=3 Z=-2 FlatVerts=120 SlopeVerts=246
[+22:51:28.222] VoxelChunk: GenerateAsync (0,-1,3)
[+22:51:28.223] VoxelMesh: Chunk X=0 Y=-1 Z=3 FlatVerts=120 SlopeVerts=246
[+22:51:28.232] VoxelMesh: Chunk X=-2 Y=-3 Z=-3 FlatVerts=0 SlopeVerts=0
[+22:51:28.233] VoxelChunk: GenerateAsync (-3,1,3)
[+22:51:28.234] VoxelMesh: Chunk X=-3 Y=1 Z=3 FlatVerts=0 SlopeVerts=0
[+22:51:28.235] VoxelMesh: Chunk X=3 Y=3 Z=-2 FlatVerts=0 SlopeVerts=0
[+22:51:28.235] VoxelChunk: GenerateAsync (-3,2,3)
[+22:51:28.236] VoxelMesh: Chunk X=-1 Y=2 Z=-3 FlatVerts=1560 SlopeVerts=1986
[+22:51:28.237] VoxelMesh: Chunk X=-3 Y=2 Z=3 FlatVerts=0 SlopeVerts=0
[+22:51:28.237] VoxelChunk: GenerateAsync (0,-3,3)
[+22:51:28.239] VoxelMesh: Chunk X=3 Y=0 Z=-3 FlatVerts=0 SlopeVerts=0
[+22:51:28.239] VoxelChunk: GenerateAsync (2,-2,3)
[+22:51:28.240] VoxelMesh: Chunk X=0 Y=-3 Z=3 FlatVerts=1560 SlopeVerts=1986
[+22:51:28.241] VoxelMesh: Chunk X=2 Y=-2 Z=3 FlatVerts=0 SlopeVerts=0
[+22:51:28.250] VoxelMesh: Chunk X=-2 Y=0 Z=-3 FlatVerts=30 SlopeVerts=66
[+22:51:28.250] VoxelChunk: GenerateAsync (1,-1,3)
[+22:51:28.252] VoxelMesh: Chunk X=-3 Y=-3 Z=-1 FlatVerts=0 SlopeVerts=0
[+22:51:28.252] VoxelChunk: GenerateAsync (-2,0,3)
[+22:51:28.252] VoxelMesh: Chunk X=1 Y=-1 Z=3 FlatVerts=30 SlopeVerts=66
[+22:51:28.254] VoxelMesh: Chunk X=-3 Y=2 Z=0 FlatVerts=0 SlopeVerts=0
[+22:51:28.254] VoxelMesh: Chunk X=-2 Y=0 Z=3 FlatVerts=0 SlopeVerts=0
[+22:51:28.254] VoxelChunk: GenerateAsync (-2,1,3)
[+22:51:28.255] VoxelMesh: Chunk X=-2 Y=-3 Z=-1 FlatVerts=0 SlopeVerts=0
[+22:51:28.256] VoxelMesh: Chunk X=-2 Y=1 Z=3 FlatVerts=0 SlopeVerts=0
[+22:51:28.256] VoxelChunk: GenerateAsync (3,1,3)
[+22:51:28.256] VoxelMesh: Chunk X=3 Y=1 Z=3 FlatVerts=0 SlopeVerts=0
[+22:51:28.265] VoxelMesh: Chunk X=-1 Y=-3 Z=-1 FlatVerts=0 SlopeVerts=0
[+22:51:28.266] VoxelChunk: GenerateAsync (-2,2,3)
[+22:51:28.267] VoxelMesh: Chunk X=-2 Y=2 Z=3 FlatVerts=0 SlopeVerts=0
[+22:51:28.267] VoxelMesh: Chunk X=0 Y=2 Z=-3 FlatVerts=0 SlopeVerts=0
[+22:51:28.267] VoxelChunk: GenerateAsync (3,2,3)
[+22:51:28.269] VoxelMesh: Chunk X=3 Y=2 Z=3 FlatVerts=0 SlopeVerts=0
[+22:51:28.269] VoxelMesh: Chunk X=2 Y=-1 Z=-3 FlatVerts=222 SlopeVerts=2682
[+22:51:28.270] VoxelChunk: GenerateAsync (1,-3,3)
[+22:51:28.271] VoxelMesh: Chunk X=2 Y=-3 Z=-1 FlatVerts=0 SlopeVerts=192
[+22:51:28.272] VoxelMesh: Chunk X=1 Y=-3 Z=3 FlatVerts=222 SlopeVerts=2682
[+22:51:28.272] VoxelChunk: GenerateAsync (-1,-2,3)
[+22:51:28.273] VoxelMesh: Chunk X=-1 Y=-2 Z=3 FlatVerts=0 SlopeVerts=192
[+22:51:28.283] VoxelMesh: Chunk X=3 Y=-3 Z=-1 FlatVerts=0 SlopeVerts=0
[+22:51:28.284] VoxelChunk: GenerateAsync (3,-2,3)
[+22:51:28.284] VoxelMesh: Chunk X=-3 Y=-2 Z=-1 FlatVerts=2748 SlopeVerts=606
[+22:51:28.285] VoxelChunk: GenerateAsync (3,1,1)
[+22:51:28.286] VoxelMesh: Chunk X=3 Y=-2 Z=3 FlatVerts=0 SlopeVerts=0
[+22:51:28.286] VoxelMesh: Chunk X=1 Y=2 Z=-3 FlatVerts=2334 SlopeVerts=1866
[+22:51:28.286] VoxelMesh: Chunk X=3 Y=1 Z=1 FlatVerts=2748 SlopeVerts=606
[+22:51:28.287] VoxelChunk: GenerateAsync (-3,2,1)
[+22:51:28.288] VoxelMesh: Chunk X=-3 Y=2 Z=1 FlatVerts=2334 SlopeVerts=1866
[+22:51:28.288] VoxelMesh: Chunk X=-3 Y=1 Z=-3 FlatVerts=0 SlopeVerts=0
[+22:51:28.288] VoxelChunk: GenerateAsync (2,-1,3)
[+22:51:28.289] VoxelMesh: Chunk X=2 Y=-1 Z=3 FlatVerts=0 SlopeVerts=0
[+22:51:28.298] VoxelMesh: Chunk X=3 Y=-2 Z=-2 FlatVerts=0 SlopeVerts=0
[+22:51:28.299] VoxelChunk: GenerateAsync (-1,0,3)
[+22:51:28.300] VoxelMesh: Chunk X=-3 Y=-1 Z=-2 FlatVerts=0 SlopeVerts=0
[+22:51:28.300] VoxelChunk: GenerateAsync (2,0,3)
[+22:51:28.300] VoxelMesh: Chunk X=-1 Y=0 Z=3 FlatVerts=0 SlopeVerts=0
[+22:51:28.302] VoxelMesh: Chunk X=2 Y=0 Z=3 FlatVerts=0 SlopeVerts=0
[+22:51:28.302] VoxelMesh: Chunk X=2 Y=2 Z=-3 FlatVerts=0 SlopeVerts=0
[+22:51:28.303] VoxelChunk: GenerateAsync (-1,1,3)
[+22:51:28.304] VoxelMesh: Chunk X=3 Y=-2 Z=-1 FlatVerts=0 SlopeVerts=0
[+22:51:28.304] VoxelMesh: Chunk X=-1 Y=1 Z=3 FlatVerts=0 SlopeVerts=0
[+22:51:28.304] VoxelChunk: GenerateAsync (1,1,3)
[+22:51:28.305] VoxelMesh: Chunk X=1 Y=1 Z=3 FlatVerts=0 SlopeVerts=0
[+22:51:28.313] VoxelWater: Chunk X=4 Y=-26 Z=2 emitted 24 procedural water vertices (Ocean/Pools)
[+22:51:28.313] VoxelWater: Chunk X=4 Y=-25 Z=2 emitted 128 procedural water vertices (Ocean/Pools)
[+22:51:28.313] VoxelWater: Chunk X=4 Y=-25 Z=3 emitted 56 procedural water vertices (Ocean/Pools)
[+22:51:28.313] VoxelWater: Chunk X=5 Y=-25 Z=2 emitted 188 procedural water vertices (Ocean/Pools)
[+22:51:28.313] VoxelWater: Chunk X=4 Y=-24 Z=3 emitted 84 procedural water vertices (Ocean/Pools)
[+22:51:28.313] VoxelWater: Chunk X=4 Y=-24 Z=2 emitted 60 procedural water vertices (Ocean/Pools)
[+22:51:28.313] VoxelWater: Chunk X=5 Y=-25 Z=3 emitted 180 procedural water vertices (Ocean/Pools)
[+22:51:28.313] VoxelWater: Chunk X=5 Y=-24 Z=2 emitted 120 procedural water vertices (Ocean/Pools)
[+22:51:28.313] VoxelWater: Chunk X=5 Y=-24 Z=3 emitted 20 procedural water vertices (Ocean/Pools)
[+22:51:28.313] VoxelWater: Chunk X=6 Y=-24 Z=3 emitted 120 procedural water vertices (Ocean/Pools)
[+22:51:28.313] VoxelWater: Chunk X=6 Y=-26 Z=3 emitted 16 procedural water vertices (Ocean/Pools)
[+22:51:28.313] VoxelWater: Chunk X=6 Y=-25 Z=3 emitted 180 procedural water vertices (Ocean/Pools)
[+22:51:28.313] VoxelWater: Chunk X=6 Y=-26 Z=2 emitted 56 procedural water vertices (Ocean/Pools)
[+22:51:28.313] VoxelWater: Chunk X=6 Y=-25 Z=2 emitted 8 procedural water vertices (Ocean/Pools)
[+22:51:28.313] VoxelWater: Chunk X=6 Y=-24 Z=2 emitted 76 procedural water vertices (Ocean/Pools)
[+22:51:28.313] VoxelWater: Chunk X=-3 Y=2 Z=1 emitted 32 procedural water vertices (Ocean/Pools)
[+22:51:28.313] VoxelWater: Chunk X=3 Y=1 Z=1 emitted 8 procedural water vertices (Ocean/Pools)
[+22:51:28.313] VoxelWater: Chunk X=-1 Y=-2 Z=3 emitted 20 procedural water vertices (Ocean/Pools)
[+22:51:28.313] VoxelWater: Chunk X=1 Y=-3 Z=3 emitted 64 procedural water vertices (Ocean/Pools)
[+22:51:28.313] VoxelWater: Chunk X=0 Y=-3 Z=3 emitted 68 procedural water vertices (Ocean/Pools)
[+22:51:28.313] VoxelWater: Chunk X=-1 Y=-3 Z=3 emitted 68 procedural water vertices (Ocean/Pools)
[+22:51:28.313] VoxelWater: Chunk X=-2 Y=-3 Z=3 emitted 4 procedural water vertices (Ocean/Pools)
[+22:51:28.313] VoxelWater: Chunk X=-3 Y=-1 Z=1 emitted 40 procedural water vertices (Ocean/Pools)
[+22:51:28.313] VoxelWater: Chunk X=3 Y=-2 Z=1 emitted 56 procedural water vertices (Ocean/Pools)
[+22:51:28.313] VoxelWater: Chunk X=-3 Y=1 Z=2 emitted 40 procedural water vertices (Ocean/Pools)
[+22:51:28.313] VoxelWater: Chunk X=-3 Y=-2 Z=1 emitted 12 procedural water vertices (Ocean/Pools)
[+22:51:28.313] VoxelWater: Chunk X=3 Y=-3 Z=1 emitted 56 procedural water vertices (Ocean/Pools)
[+22:51:28.313] VoxelWater: Chunk X=2 Y=-3 Z=1 emitted 20 procedural water vertices (Ocean/Pools)
[+22:51:28.313] VoxelWater: Chunk X=1 Y=-3 Z=1 emitted 8 procedural water vertices (Ocean/Pools)
[+22:51:28.313] VoxelWater: Chunk X=-2 Y=-3 Z=1 emitted 20 procedural water vertices (Ocean/Pools)
[+22:51:28.313] VoxelWater: Chunk X=-3 Y=-3 Z=1 emitted 8 procedural water vertices (Ocean/Pools)
[+22:51:28.324] VoxelMesh: Chunk X=-3 Y=-1 Z=-1 FlatVerts=348 SlopeVerts=4692
[+22:51:28.325] VoxelChunk: GenerateAsync (-3,0,1)
[+22:51:28.326] VoxelMesh: Chunk X=3 Y=2 Z=-3 FlatVerts=2670 SlopeVerts=48
[+22:51:28.326] VoxelChunk: GenerateAsync (-3,3,1)
[+22:51:28.326] VoxelMesh: Chunk X=-3 Y=0 Z=1 FlatVerts=348 SlopeVerts=4692
[+22:51:28.328] VoxelMesh: Chunk X=-3 Y=3 Z=1 FlatVerts=2670 SlopeVerts=48
[+22:51:28.329] VoxelMesh: Chunk X=-2 Y=1 Z=-3 FlatVerts=0 SlopeVerts=0
[+22:51:28.329] VoxelChunk: GenerateAsync (-1,2,3)
[+22:51:28.331] VoxelMesh: Chunk X=-1 Y=2 Z=3 FlatVerts=0 SlopeVerts=0
[+22:51:28.331] VoxelMesh: Chunk X=-1 Y=0 Z=-3 FlatVerts=0 SlopeVerts=0
[+22:51:28.332] VoxelChunk: GenerateAsync (1,2,3)
[+22:51:28.333] VoxelMesh: Chunk X=1 Y=2 Z=3 FlatVerts=0 SlopeVerts=0
[+22:51:28.343] VoxelMesh: Chunk X=3 Y=-1 Z=-3 FlatVerts=0 SlopeVerts=0
[+22:51:28.344] VoxelChunk: GenerateAsync (-3,3,3)
[+22:51:28.345] VoxelMesh: Chunk X=-2 Y=-1 Z=-3 FlatVerts=3060 SlopeVerts=522
[+22:51:28.345] VoxelMesh: Chunk X=-3 Y=3 Z=3 FlatVerts=0 SlopeVerts=0
[+22:51:28.345] VoxelChunk: GenerateAsync (1,3,1)
[+22:51:28.347] VoxelMesh: Chunk X=1 Y=3 Z=1 FlatVerts=3060 SlopeVerts=522
[+22:51:28.347] VoxelMesh: Chunk X=-3 Y=-1 Z=-3 FlatVerts=0 SlopeVerts=0
[+22:51:28.347] VoxelChunk: GenerateAsync (2,-3,3)
[+22:51:28.350] VoxelMesh: Chunk X=3 Y=-2 Z=-3 FlatVerts=0 SlopeVerts=198
[+22:51:28.350] VoxelMesh: Chunk X=2 Y=-3 Z=3 FlatVerts=0 SlopeVerts=0
[+22:51:28.350] VoxelChunk: GenerateAsync (-3,-2,3)
[+22:51:28.351] VoxelMesh: Chunk X=-3 Y=-2 Z=3 FlatVerts=0 SlopeVerts=198
[+22:51:28.361] VoxelMesh: Chunk X=-3 Y=3 Z=-3 FlatVerts=654 SlopeVerts=4494
[+22:51:28.362] VoxelChunk: GenerateAsync (-3,-3,2)
[+22:51:28.364] VoxelMesh: Chunk X=-3 Y=-3 Z=2 FlatVerts=654 SlopeVerts=4494
[+22:51:28.364] VoxelMesh: Chunk X=3 Y=-1 Z=-1 FlatVerts=1152 SlopeVerts=2178
[+22:51:28.365] VoxelChunk: GenerateAsync (0,-2,3)
[+22:51:28.367] VoxelMesh: Chunk X=0 Y=-2 Z=3 FlatVerts=1152 SlopeVerts=2178
[+22:51:28.368] VoxelMesh: Chunk X=-3 Y=0 Z=-1 FlatVerts=0 SlopeVerts=0
[+22:51:28.368] VoxelChunk: GenerateAsync (-3,-1,3)
[+22:51:28.370] VoxelMesh: Chunk X=2 Y=-2 Z=-3 FlatVerts=0 SlopeVerts=0
[+22:51:28.370] VoxelMesh: Chunk X=-3 Y=-1 Z=3 FlatVerts=0 SlopeVerts=0
[+22:51:28.370] VoxelChunk: GenerateAsync (-1,-1,3)
[+22:51:28.372] VoxelMesh: Chunk X=-1 Y=-1 Z=3 FlatVerts=0 SlopeVerts=0
[+22:51:28.384] VoxelMesh: Chunk X=3 Y=-1 Z=-2 FlatVerts=0 SlopeVerts=3378
[+22:51:28.385] VoxelChunk: GenerateAsync (1,-3,2)
[+22:51:28.386] VoxelMesh: Chunk X=-2 Y=3 Z=-3 FlatVerts=402 SlopeVerts=1722
[+22:51:28.387] VoxelMesh: Chunk X=1 Y=-3 Z=2 FlatVerts=0 SlopeVerts=3378
[+22:51:28.387] VoxelChunk: GenerateAsync (2,-3,2)
[+22:51:28.389] VoxelMesh: Chunk X=-1 Y=1 Z=-3 FlatVerts=12 SlopeVerts=258
[+22:51:28.389] VoxelMesh: Chunk X=2 Y=-3 Z=2 FlatVerts=402 SlopeVerts=1722
[+22:51:28.390] VoxelChunk: GenerateAsync (3,-3,2)
[+22:51:28.391] VoxelMesh: Chunk X=1 Y=-2 Z=-3 FlatVerts=348 SlopeVerts=5370
[+22:51:28.392] VoxelMesh: Chunk X=3 Y=-3 Z=2 FlatVerts=12 SlopeVerts=258
[+22:51:28.392] VoxelChunk: GenerateAsync (-3,-2,2)
[+22:51:28.393] VoxelMesh: Chunk X=-3 Y=-2 Z=2 FlatVerts=348 SlopeVerts=5370
[+22:51:28.404] VoxelMesh: Chunk X=0 Y=-2 Z=-3 FlatVerts=0 SlopeVerts=0
[+22:51:28.405] VoxelChunk: GenerateAsync (3,-1,3)
[+22:51:28.406] VoxelMesh: Chunk X=-3 Y=0 Z=-2 FlatVerts=0 SlopeVerts=0
[+22:51:28.406] VoxelChunk: GenerateAsync (-3,0,3)
[+22:51:28.406] VoxelMesh: Chunk X=3 Y=-1 Z=3 FlatVerts=0 SlopeVerts=0
[+22:51:28.408] VoxelMesh: Chunk X=-3 Y=0 Z=3 FlatVerts=0 SlopeVerts=0
[+22:51:28.409] VoxelMesh: Chunk X=3 Y=0 Z=-1 FlatVerts=0 SlopeVerts=0
[+22:51:28.409] VoxelChunk: GenerateAsync (0,0,3)
[+22:51:28.410] VoxelMesh: Chunk X=-1 Y=3 Z=-3 FlatVerts=0 SlopeVerts=0
[+22:51:28.411] VoxelMesh: Chunk X=0 Y=0 Z=3 FlatVerts=0 SlopeVerts=0
[+22:51:28.411] VoxelChunk: GenerateAsync (1,0,3)
[+22:51:28.412] VoxelMesh: Chunk X=1 Y=0 Z=3 FlatVerts=0 SlopeVerts=0
[+22:51:28.421] VoxelMesh: Chunk X=-3 Y=1 Z=-1 FlatVerts=2622 SlopeVerts=1218
[+22:51:28.422] VoxelChunk: GenerateAsync (3,-1,1)
[+22:51:28.423] VoxelMesh: Chunk X=3 Y=-1 Z=1 FlatVerts=2622 SlopeVerts=1218
[+22:51:28.423] VoxelMesh: Chunk X=-1 Y=-2 Z=-3 FlatVerts=0 SlopeVerts=0
[+22:51:28.424] VoxelChunk: GenerateAsync (3,-2,2)
[+22:51:28.425] VoxelMesh: Chunk X=-2 Y=-2 Z=-3 FlatVerts=84 SlopeVerts=1614
[+22:51:28.426] VoxelMesh: Chunk X=3 Y=-2 Z=2 FlatVerts=0 SlopeVerts=0
[+22:51:28.426] VoxelChunk: GenerateAsync (-3,-1,2)
[+22:51:28.428] VoxelMesh: Chunk X=0 Y=3 Z=-3 FlatVerts=0 SlopeVerts=0
[+22:51:28.428] VoxelChunk: GenerateAsync (0,1,3)
[+22:51:28.428] VoxelMesh: Chunk X=-3 Y=-1 Z=2 FlatVerts=84 SlopeVerts=1614
[+22:51:28.429] VoxelMesh: Chunk X=0 Y=1 Z=3 FlatVerts=0 SlopeVerts=0
[+22:51:28.440] VoxelMesh: Chunk X=0 Y=1 Z=-3 FlatVerts=0 SlopeVerts=0
[+22:51:28.441] VoxelChunk: GenerateAsync (2,1,3)
[+22:51:28.441] VoxelMesh: Chunk X=0 Y=0 Z=-3 FlatVerts=2664 SlopeVerts=1038
[+22:51:28.442] VoxelChunk: GenerateAsync (3,0,1)
[+22:51:28.442] VoxelMesh: Chunk X=2 Y=1 Z=3 FlatVerts=0 SlopeVerts=0
[+22:51:28.443] VoxelMesh: Chunk X=3 Y=3 Z=3 FlatVerts=402 SlopeVerts=3552
[+22:51:28.443] VoxelMesh: Chunk X=3 Y=0 Z=1 FlatVerts=2664 SlopeVerts=1038
[+22:51:28.444] VoxelChunk: GenerateAsync (-3,1,1)
[+22:51:28.444] VoxelMesh: Chunk X=-3 Y=-2 Z=-3 FlatVerts=1434 SlopeVerts=918
[+22:51:28.445] VoxelMesh: Chunk X=-3 Y=1 Z=1 FlatVerts=402 SlopeVerts=3552
[+22:51:28.445] VoxelChunk: GenerateAsync (3,2,1)
[+22:51:28.445] VoxelMesh: Chunk X=3 Y=2 Z=1 FlatVerts=1434 SlopeVerts=918
[+22:51:28.459] VoxelMesh: Chunk X=-2 Y=-3 Z=0 FlatVerts=18 SlopeVerts=6
[+22:51:28.459] VoxelChunk: GenerateAsync (3,-1,2)
[+22:51:28.461] VoxelMesh: Chunk X=-1 Y=-3 Z=0 FlatVerts=0 SlopeVerts=2130
[+22:51:28.462] VoxelChunk: GenerateAsync (-3,0,2)
[+22:51:28.462] VoxelMesh: Chunk X=3 Y=-1 Z=2 FlatVerts=18 SlopeVerts=6
[+22:51:28.463] VoxelMesh: Chunk X=0 Y=-3 Z=0 FlatVerts=0 SlopeVerts=0
[+22:51:28.463] VoxelMesh: Chunk X=-3 Y=0 Z=2 FlatVerts=0 SlopeVerts=2130
[+22:51:28.464] VoxelChunk: GenerateAsync (0,2,3)
[+22:51:28.464] VoxelMesh: Chunk X=1 Y=-3 Z=0 FlatVerts=3162 SlopeVerts=444
[+22:51:28.465] VoxelChunk: GenerateAsync (-2,3,1)
[+22:51:28.465] VoxelMesh: Chunk X=0 Y=2 Z=3 FlatVerts=0 SlopeVerts=0
[+22:51:28.466] VoxelMesh: Chunk X=-2 Y=3 Z=1 FlatVerts=3162 SlopeVerts=444
[+22:51:28.476] VoxelMesh: Chunk X=2 Y=-3 Z=0 FlatVerts=0 SlopeVerts=0
[+22:51:28.476] VoxelChunk: GenerateAsync (2,2,3)
[+22:51:28.477] VoxelMesh: Chunk X=3 Y=1 Z=-1 FlatVerts=2580 SlopeVerts=1326
[+22:51:28.477] VoxelMesh: Chunk X=2 Y=2 Z=3 FlatVerts=0 SlopeVerts=0
[+22:51:28.478] VoxelChunk: GenerateAsync (-1,3,1)
[+22:51:28.478] VoxelMesh: Chunk X=-3 Y=2 Z=-1 FlatVerts=2550 SlopeVerts=1062
[+22:51:28.479] VoxelMesh: Chunk X=-1 Y=3 Z=1 FlatVerts=2580 SlopeVerts=1326
[+22:51:28.479] VoxelChunk: GenerateAsync (0,3,1)
[+22:51:28.481] VoxelMesh: Chunk X=1 Y=3 Z=-3 FlatVerts=72 SlopeVerts=42
[+22:51:28.481] VoxelMesh: Chunk X=0 Y=3 Z=1 FlatVerts=2550 SlopeVerts=1062
[+22:51:28.481] VoxelChunk: GenerateAsync (3,0,2)
[+22:51:28.483] VoxelMesh: Chunk X=3 Y=0 Z=2 FlatVerts=72 SlopeVerts=42
[+22:51:28.493] VoxelMesh: Chunk X=3 Y=0 Z=-2 FlatVerts=0 SlopeVerts=0
[+22:51:28.493] VoxelChunk: GenerateAsync (0,3,3)
[+22:51:28.495] VoxelMesh: Chunk X=-3 Y=1 Z=-2 FlatVerts=0 SlopeVerts=0
[+22:51:28.495] VoxelMesh: Chunk X=0 Y=3 Z=3 FlatVerts=0 SlopeVerts=0
[+22:51:28.495] VoxelChunk: GenerateAsync (-2,3,3)
[+22:51:28.497] VoxelMesh: Chunk X=2 Y=3 Z=-3 FlatVerts=0 SlopeVerts=0
[+22:51:28.497] VoxelChunk: GenerateAsync (3,-3,3)
[+22:51:28.498] VoxelMesh: Chunk X=-2 Y=3 Z=3 FlatVerts=0 SlopeVerts=0
[+22:51:28.499] VoxelMesh: Chunk X=1 Y=1 Z=-3 FlatVerts=2658 SlopeVerts=114
[+22:51:28.500] VoxelMesh: Chunk X=3 Y=-3 Z=3 FlatVerts=0 SlopeVerts=0
[+22:51:28.500] VoxelChunk: GenerateAsync (2,3,1)
[+22:51:28.501] VoxelMesh: Chunk X=2 Y=3 Z=1 FlatVerts=2658 SlopeVerts=114
[+22:51:28.510] VoxelMesh: Chunk X=3 Y=-2 Z=0 FlatVerts=0 SlopeVerts=0
[+22:51:28.511] VoxelChunk: GenerateAsync (-2,-2,3)
[+22:51:28.511] VoxelMesh: Chunk X=3 Y=2 Z=-1 FlatVerts=930 SlopeVerts=1308
[+22:51:28.512] VoxelChunk: GenerateAsync (3,3,1)
[+22:51:28.513] VoxelMesh: Chunk X=-2 Y=-2 Z=3 FlatVerts=0 SlopeVerts=0
[+22:51:28.513] VoxelMesh: Chunk X=3 Y=3 Z=1 FlatVerts=930 SlopeVerts=1308
[+22:51:28.514] VoxelMesh: Chunk X=-3 Y=3 Z=-1 FlatVerts=156 SlopeVerts=534
[+22:51:28.514] VoxelChunk: GenerateAsync (3,1,2)
[+22:51:28.515] VoxelMesh: Chunk X=3 Y=-3 Z=-3 FlatVerts=78 SlopeVerts=426
[+22:51:28.516] VoxelMesh: Chunk X=3 Y=1 Z=2 FlatVerts=156 SlopeVerts=534
[+22:51:28.516] VoxelChunk: GenerateAsync (-3,2,2)
[+22:51:28.517] VoxelMesh: Chunk X=-3 Y=2 Z=2 FlatVerts=78 SlopeVerts=426
[+22:51:28.529] VoxelWater: Chunk X=0 Y=3 Z=1 emitted 24 procedural water vertices (Ocean/Pools)
[+22:51:28.529] VoxelWater: Chunk X=-1 Y=3 Z=1 emitted 24 procedural water vertices (Ocean/Pools)
[+22:51:28.529] VoxelWater: Chunk X=-2 Y=3 Z=1 emitted 72 procedural water vertices (Ocean/Pools)
[+22:51:28.529] VoxelWater: Chunk X=-3 Y=0 Z=2 emitted 12 procedural water vertices (Ocean/Pools)
[+22:51:28.529] VoxelWater: Chunk X=3 Y=2 Z=1 emitted 28 procedural water vertices (Ocean/Pools)
[+22:51:28.529] VoxelWater: Chunk X=3 Y=3 Z=1 emitted 4 procedural water vertices (Ocean/Pools)
[+22:51:28.529] VoxelWater: Chunk X=-3 Y=1 Z=1 emitted 48 procedural water vertices (Ocean/Pools)
[+22:51:28.529] VoxelWater: Chunk X=3 Y=0 Z=1 emitted 36 procedural water vertices (Ocean/Pools)
[+22:51:28.529] VoxelWater: Chunk X=-3 Y=-1 Z=2 emitted 20 procedural water vertices (Ocean/Pools)
[+22:51:28.529] VoxelWater: Chunk X=3 Y=-1 Z=1 emitted 52 procedural water vertices (Ocean/Pools)
[+22:51:28.529] VoxelWater: Chunk X=-3 Y=-2 Z=2 emitted 32 procedural water vertices (Ocean/Pools)
[+22:51:28.529] VoxelWater: Chunk X=2 Y=-3 Z=2 emitted 20 procedural water vertices (Ocean/Pools)
[+22:51:28.529] VoxelWater: Chunk X=1 Y=-3 Z=2 emitted 48 procedural water vertices (Ocean/Pools)
[+22:51:28.529] VoxelWater: Chunk X=0 Y=-2 Z=3 emitted 84 procedural water vertices (Ocean/Pools)
[+22:51:28.529] VoxelWater: Chunk X=-3 Y=-3 Z=2 emitted 12 procedural water vertices (Ocean/Pools)
[+22:51:28.529] VoxelWater: Chunk X=1 Y=3 Z=1 emitted 56 procedural water vertices (Ocean/Pools)
[+22:51:28.529] VoxelWater: Chunk X=-3 Y=3 Z=1 emitted 44 procedural water vertices (Ocean/Pools)
[+22:51:28.529] VoxelWater: Chunk X=-3 Y=0 Z=1 emitted 88 procedural water vertices (Ocean/Pools)
[+22:51:28.529] VoxelWater: Chunk X=4 Y=-26 Z=2 emitted 24 procedural water vertices (Ocean/Pools)
[+22:51:28.529] VoxelWater: Chunk X=4 Y=-25 Z=2 emitted 132 procedural water vertices (Ocean/Pools)
[+22:51:28.529] VoxelWater: Chunk X=4 Y=-25 Z=3 emitted 68 procedural water vertices (Ocean/Pools)
[+22:51:28.529] VoxelWater: Chunk X=5 Y=-25 Z=2 emitted 196 procedural water vertices (Ocean/Pools)
[+22:51:28.529] VoxelWater: Chunk X=4 Y=-24 Z=3 emitted 108 procedural water vertices (Ocean/Pools)
[+22:51:28.529] VoxelWater: Chunk X=4 Y=-24 Z=2 emitted 68 procedural water vertices (Ocean/Pools)
[+22:51:28.529] VoxelWater: Chunk X=5 Y=-25 Z=3 emitted 180 procedural water vertices (Ocean/Pools)
[+22:51:28.529] VoxelWater: Chunk X=5 Y=-24 Z=2 emitted 120 procedural water vertices (Ocean/Pools)
[+22:51:28.529] VoxelWater: Chunk X=5 Y=-24 Z=3 emitted 20 procedural water vertices (Ocean/Pools)
[+22:51:28.529] VoxelWater: Chunk X=6 Y=-24 Z=3 emitted 120 procedural water vertices (Ocean/Pools)
[+22:51:28.529] VoxelWater: Chunk X=6 Y=-26 Z=3 emitted 16 procedural water vertices (Ocean/Pools)
[+22:51:28.529] VoxelWater: Chunk X=6 Y=-25 Z=3 emitted 200 procedural water vertices (Ocean/Pools)
[+22:51:28.529] VoxelWater: Chunk X=6 Y=-26 Z=2 emitted 52 procedural water vertices (Ocean/Pools)
[+22:51:28.530] VoxelWater: Chunk X=6 Y=-25 Z=2 emitted 8 procedural water vertices (Ocean/Pools)
[+22:51:28.530] VoxelWater: Chunk X=6 Y=-24 Z=2 emitted 84 procedural water vertices (Ocean/Pools)
[+22:51:28.530] VoxelWater: Chunk X=-3 Y=2 Z=1 emitted 44 procedural water vertices (Ocean/Pools)
[+22:51:28.530] VoxelWater: Chunk X=3 Y=1 Z=1 emitted 12 procedural water vertices (Ocean/Pools)
[+22:51:28.530] VoxelWater: Chunk X=-1 Y=-2 Z=3 emitted 16 procedural water vertices (Ocean/Pools)
[+22:51:28.530] VoxelWater: Chunk X=1 Y=-3 Z=3 emitted 64 procedural water vertices (Ocean/Pools)
[+22:51:28.530] VoxelWater: Chunk X=0 Y=-3 Z=3 emitted 96 procedural water vertices (Ocean/Pools)
[+22:51:28.530] VoxelWater: Chunk X=-1 Y=-3 Z=3 emitted 92 procedural water vertices (Ocean/Pools)
[+22:51:28.530] VoxelWater: Chunk X=-2 Y=-3 Z=3 emitted 8 procedural water vertices (Ocean/Pools)
[+22:51:28.531] VoxelWater: Chunk X=-3 Y=-1 Z=1 emitted 40 procedural water vertices (Ocean/Pools)
[+22:51:28.531] VoxelWater: Chunk X=3 Y=-2 Z=1 emitted 84 procedural water vertices (Ocean/Pools)
[+22:51:28.531] VoxelWater: Chunk X=-3 Y=1 Z=2 emitted 44 procedural water vertices (Ocean/Pools)
[+22:51:28.531] VoxelWater: Chunk X=-3 Y=-2 Z=1 emitted 16 procedural water vertices (Ocean/Pools)
[+22:51:28.531] VoxelWater: Chunk X=3 Y=-3 Z=1 emitted 80 procedural water vertices (Ocean/Pools)
[+22:51:28.531] VoxelWater: Chunk X=2 Y=-3 Z=1 emitted 24 procedural water vertices (Ocean/Pools)
[+22:51:28.531] VoxelWater: Chunk X=1 Y=-3 Z=1 emitted 8 procedural water vertices (Ocean/Pools)
[+22:51:28.531] VoxelWater: Chunk X=-2 Y=-3 Z=1 emitted 20 procedural water vertices (Ocean/Pools)
[+22:51:28.531] VoxelWater: Chunk X=-3 Y=-3 Z=1 emitted 12 procedural water vertices (Ocean/Pools)
[+22:51:28.549] VoxelMesh: Chunk X=0 Y=0 Z=0 FlatVerts=72 SlopeVerts=40050
[+22:51:28.554] VoxelChunk: GenerateAsync (1,-2,3)
[+22:51:28.556] VoxelMesh: Chunk X=1 Y=-2 Z=3 FlatVerts=72 SlopeVerts=636
[+22:51:28.563] VoxelMesh: Chunk X=0 Y=0 Z=0 FlatVerts=168 SlopeVerts=12966
[+22:51:28.564] VoxelChunk: GenerateAsync (-2,-3,2)
[+22:51:28.567] VoxelMesh: Chunk X=-2 Y=-3 Z=2 FlatVerts=0 SlopeVerts=2544
[+22:51:28.572] VoxelMesh: Chunk X=0 Y=0 Z=0 FlatVerts=0 SlopeVerts=0
[+22:51:28.573] VoxelChunk: GenerateAsync (-2,-1,3)
[+22:51:28.575] VoxelMesh: Chunk X=-2 Y=-1 Z=3 FlatVerts=0 SlopeVerts=0
[+22:51:28.581] VoxelMesh: Chunk X=0 Y=0 Z=0 FlatVerts=198 SlopeVerts=32742
[+22:51:28.584] VoxelChunk: GenerateAsync (-1,-3,2)
[+22:51:28.585] VoxelMesh: Chunk X=-1 Y=-3 Z=2 FlatVerts=0 SlopeVerts=1746
[+22:51:28.600] VoxelMesh: Chunk X=-1 Y=-3 Z=2 FlatVerts=0 SlopeVerts=0
[+22:51:28.601] VoxelChunk: GenerateAsync (0,-3,2)
[+22:51:28.601] VoxelMesh: Chunk X=0 Y=-3 Z=2 FlatVerts=0 SlopeVerts=0
[+22:51:28.602] VoxelMesh: Chunk X=-2 Y=-1 Z=3 FlatVerts=252 SlopeVerts=2064
[+22:51:28.602] VoxelChunk: GenerateAsync (3,2,2)
[+22:51:28.604] VoxelMesh: Chunk X=3 Y=2 Z=2 FlatVerts=252 SlopeVerts=2064
[+22:51:28.604] VoxelMesh: Chunk X=-2 Y=-3 Z=2 FlatVerts=0 SlopeVerts=0
[+22:51:28.604] VoxelChunk: GenerateAsync (-3,3,2)
[+22:51:28.605] VoxelMesh: Chunk X=1 Y=-2 Z=3 FlatVerts=0 SlopeVerts=0
[+22:51:28.606] VoxelMesh: Chunk X=-3 Y=3 Z=2 FlatVerts=0 SlopeVerts=0
[+22:51:28.606] VoxelChunk: GenerateAsync (-2,3,2)
[+22:51:28.606] VoxelMesh: Chunk X=-2 Y=3 Z=2 FlatVerts=0 SlopeVerts=0
[+22:51:28.617] VoxelMesh: Chunk X=3 Y=1 Z=0 FlatVerts=0 SlopeVerts=0
[+22:51:28.618] VoxelChunk: GenerateAsync (-1,3,2)
[+22:51:28.619] VoxelMesh: Chunk X=2 Y=1 Z=-3 FlatVerts=0 SlopeVerts=0
[+22:51:28.619] VoxelMesh: Chunk X=-1 Y=3 Z=2 FlatVerts=0 SlopeVerts=0
[+22:51:28.619] VoxelChunk: GenerateAsync (0,3,2)
[+22:51:28.621] VoxelMesh: Chunk X=1 Y=0 Z=-3 FlatVerts=0 SlopeVerts=0
[+22:51:28.621] VoxelChunk: GenerateAsync (1,3,2)
[+22:51:28.621] VoxelMesh: Chunk X=0 Y=3 Z=2 FlatVerts=0 SlopeVerts=0
[+22:51:28.622] VoxelMesh: Chunk X=-3 Y=0 Z=-3 FlatVerts=0 SlopeVerts=0
[+22:51:28.622] VoxelMesh: Chunk X=1 Y=3 Z=2 FlatVerts=0 SlopeVerts=0
[+22:51:28.623] VoxelChunk: GenerateAsync (2,3,2)
[+22:51:28.624] VoxelMesh: Chunk X=2 Y=3 Z=2 FlatVerts=0 SlopeVerts=0
[+22:51:28.633] VoxelMesh: Chunk X=1 Y=-1 Z=-3 FlatVerts=270 SlopeVerts=2352
[+22:51:28.634] VoxelChunk: GenerateAsync (3,3,2)
[+22:51:28.636] VoxelMesh: Chunk X=1 Y=-3 Z=-1 FlatVerts=0 SlopeVerts=324
[+22:51:28.636] VoxelMesh: Chunk X=3 Y=3 Z=2 FlatVerts=270 SlopeVerts=2352
[+22:51:28.636] VoxelChunk: GenerateAsync (-3,-3,3)
[+22:51:28.638] VoxelMesh: Chunk X=0 Y=-3 Z=-1 FlatVerts=0 SlopeVerts=0
[+22:51:28.638] VoxelChunk: GenerateAsync (1,3,-4)
[+22:51:28.639] VoxelMesh: Chunk X=-3 Y=-3 Z=3 FlatVerts=0 SlopeVerts=324
[+22:51:28.640] VoxelMesh: Chunk X=0 Y=-1 Z=-3 FlatVerts=0 SlopeVerts=0
[+22:51:28.640] VoxelMesh: Chunk X=1 Y=3 Z=-4 FlatVerts=0 SlopeVerts=0
[+22:51:28.640] VoxelChunk: GenerateAsync (-1,-2,-4)
[+22:51:28.642] VoxelMesh: Chunk X=-1 Y=-2 Z=-4 FlatVerts=0 SlopeVerts=0
[+22:51:28.652] VoxelMesh: Chunk X=3 Y=2 Z=0 FlatVerts=0 SlopeVerts=0
[+22:51:28.653] VoxelChunk: GenerateAsync (-2,-2,-4)
[+22:51:28.655] VoxelMesh: Chunk X=-3 Y=3 Z=0 FlatVerts=0 SlopeVerts=0
[+22:51:28.655] VoxelChunk: GenerateAsync (-3,-2,-4)
[+22:51:28.655] VoxelMesh: Chunk X=-2 Y=-2 Z=-4 FlatVerts=0 SlopeVerts=0
[+22:51:28.656] VoxelMesh: Chunk X=-2 Y=3 Z=0 FlatVerts=0 SlopeVerts=0
[+22:51:28.656] VoxelChunk: GenerateAsync (3,1,-4)
[+22:51:28.656] VoxelMesh: Chunk X=-3 Y=-2 Z=-4 FlatVerts=0 SlopeVerts=0
[+22:51:28.658] VoxelMesh: Chunk X=-1 Y=3 Z=0 FlatVerts=0 SlopeVerts=0
[+22:51:28.658] VoxelChunk: GenerateAsync (3,-3,-4)
[+22:51:28.659] VoxelMesh: Chunk X=3 Y=1 Z=-4 FlatVerts=0 SlopeVerts=0
[+22:51:28.660] VoxelMesh: Chunk X=3 Y=-3 Z=-4 FlatVerts=0 SlopeVerts=0
[+22:51:28.668] VoxelMesh: Chunk X=0 Y=3 Z=0 FlatVerts=0 SlopeVerts=0
[+22:51:28.669] VoxelChunk: GenerateAsync (2,-3,-4)
[+22:51:28.670] VoxelMesh: Chunk X=2 Y=-3 Z=-4 FlatVerts=0 SlopeVerts=0
[+22:51:28.671] VoxelMesh: Chunk X=1 Y=3 Z=0 FlatVerts=0 SlopeVerts=0
[+22:51:28.671] VoxelChunk: GenerateAsync (2,1,-4)
[+22:51:28.672] VoxelMesh: Chunk X=2 Y=3 Z=0 FlatVerts=0 SlopeVerts=0
[+22:51:28.672] VoxelMesh: Chunk X=2 Y=1 Z=-4 FlatVerts=0 SlopeVerts=0
[+22:51:28.672] VoxelChunk: GenerateAsync (2,2,-4)
[+22:51:28.674] VoxelMesh: Chunk X=3 Y=3 Z=0 FlatVerts=0 SlopeVerts=0
[+22:51:28.674] VoxelMesh: Chunk X=2 Y=2 Z=-4 FlatVerts=0 SlopeVerts=0
[+22:51:28.674] VoxelChunk: GenerateAsync (1,-3,-4)
[+22:51:28.675] VoxelMesh: Chunk X=1 Y=-3 Z=-4 FlatVerts=0 SlopeVerts=0
[+22:51:28.685] VoxelMesh: Chunk X=-3 Y=-3 Z=1 FlatVerts=0 SlopeVerts=0
[+22:51:28.685] VoxelChunk: GenerateAsync (0,-3,-4)
[+22:51:28.686] VoxelMesh: Chunk X=-2 Y=-3 Z=1 FlatVerts=0 SlopeVerts=0
[+22:51:28.687] VoxelChunk: GenerateAsync (-1,-3,-4)
[+22:51:28.687] VoxelMesh: Chunk X=0 Y=-3 Z=-4 FlatVerts=0 SlopeVerts=0
[+22:51:28.688] VoxelMesh: Chunk X=-1 Y=-3 Z=-4 FlatVerts=0 SlopeVerts=0
[+22:51:28.688] VoxelMesh: Chunk X=-1 Y=-3 Z=1 FlatVerts=0 SlopeVerts=0
[+22:51:28.688] VoxelChunk: GenerateAsync (1,1,-4)
[+22:51:28.690] VoxelMesh: Chunk X=0 Y=-3 Z=1 FlatVerts=0 SlopeVerts=0
[+22:51:28.690] VoxelMesh: Chunk X=1 Y=1 Z=-4 FlatVerts=0 SlopeVerts=0
[+22:51:28.690] VoxelChunk: GenerateAsync (1,2,-4)
[+22:51:28.691] VoxelMesh: Chunk X=1 Y=2 Z=-4 FlatVerts=0 SlopeVerts=0
[+22:51:28.701] VoxelMesh: Chunk X=1 Y=-3 Z=1 FlatVerts=0 SlopeVerts=0
[+22:51:28.702] VoxelChunk: GenerateAsync (-3,3,-4)
[+22:51:28.703] VoxelMesh: Chunk X=-3 Y=3 Z=-4 FlatVerts=0 SlopeVerts=0
[+22:51:28.703] VoxelMesh: Chunk X=2 Y=-3 Z=1 FlatVerts=0 SlopeVerts=0
[+22:51:28.703] VoxelChunk: GenerateAsync (2,0,-4)
[+22:51:28.705] VoxelMesh: Chunk X=3 Y=-3 Z=1 FlatVerts=0 SlopeVerts=0
[+22:51:28.705] VoxelMesh: Chunk X=2 Y=0 Z=-4 FlatVerts=0 SlopeVerts=0
[+22:51:28.705] VoxelChunk: GenerateAsync (1,0,-4)
[+22:51:28.707] VoxelMesh: Chunk X=-3 Y=-2 Z=1 FlatVerts=0 SlopeVerts=0
[+22:51:28.707] VoxelMesh: Chunk X=1 Y=0 Z=-4 FlatVerts=0 SlopeVerts=0
[+22:51:28.707] VoxelChunk: GenerateAsync (0,1,-4)
[+22:51:28.709] VoxelMesh: Chunk X=0 Y=1 Z=-4 FlatVerts=0 SlopeVerts=0
[+22:51:28.717] VoxelMesh: Chunk X=-1 Y=-1 Z=-3 FlatVerts=0 SlopeVerts=0
[+22:51:28.718] VoxelChunk: GenerateAsync (0,2,-4)
[+22:51:28.719] VoxelMesh: Chunk X=0 Y=2 Z=-4 FlatVerts=0 SlopeVerts=0
[+22:51:28.719] VoxelMesh: Chunk X=3 Y=3 Z=-1 FlatVerts=0 SlopeVerts=0
[+22:51:28.719] VoxelChunk: GenerateAsync (0,0,-4)
[+22:51:28.720] VoxelMesh: Chunk X=-3 Y=1 Z=2 FlatVerts=0 SlopeVerts=0
[+22:51:28.720] VoxelMesh: Chunk X=0 Y=0 Z=-4 FlatVerts=0 SlopeVerts=0
[+22:51:28.721] VoxelChunk: GenerateAsync (-1,0,-4)
[+22:51:28.722] VoxelMesh: Chunk X=2 Y=3 Z=3 FlatVerts=0 SlopeVerts=0
[+22:51:28.722] VoxelMesh: Chunk X=-1 Y=0 Z=-4 FlatVerts=0 SlopeVerts=0
[+22:51:28.722] VoxelChunk: GenerateAsync (-1,1,-4)
[+22:51:28.724] VoxelMesh: Chunk X=-1 Y=1 Z=-4 FlatVerts=0 SlopeVerts=0
[+22:51:28.730] VoxelWater: Chunk X=4 Y=-26 Z=2 emitted 20 procedural water vertices (Ocean/Pools)
[+22:51:28.730] VoxelWater: Chunk X=4 Y=-25 Z=2 emitted 144 procedural water vertices (Ocean/Pools)
[+22:51:28.730] VoxelWater: Chunk X=4 Y=-25 Z=3 emitted 76 procedural water vertices (Ocean/Pools)
[+22:51:28.730] VoxelWater: Chunk X=5 Y=-25 Z=2 emitted 208 procedural water vertices (Ocean/Pools)
[+22:51:28.730] VoxelWater: Chunk X=4 Y=-24 Z=2 emitted 88 procedural water vertices (Ocean/Pools)
[+22:51:28.730] VoxelWater: Chunk X=4 Y=-24 Z=3 emitted 124 procedural water vertices (Ocean/Pools)
[+22:51:28.730] VoxelWater: Chunk X=5 Y=-25 Z=3 emitted 188 procedural water vertices (Ocean/Pools)
[+22:51:28.730] VoxelWater: Chunk X=5 Y=-24 Z=2 emitted 120 procedural water vertices (Ocean/Pools)
[+22:51:28.730] VoxelWater: Chunk X=5 Y=-24 Z=3 emitted 20 procedural water vertices (Ocean/Pools)
[+22:51:28.730] VoxelWater: Chunk X=6 Y=-24 Z=3 emitted 120 procedural water vertices (Ocean/Pools)
[+22:51:28.730] VoxelWater: Chunk X=6 Y=-26 Z=3 emitted 16 procedural water vertices (Ocean/Pools)
[+22:51:28.730] VoxelWater: Chunk X=6 Y=-25 Z=3 emitted 224 procedural water vertices (Ocean/Pools)
[+22:51:28.730] VoxelWater: Chunk X=6 Y=-26 Z=2 emitted 48 procedural water vertices (Ocean/Pools)
[+22:51:28.730] VoxelWater: Chunk X=6 Y=-25 Z=2 emitted 8 procedural water vertices (Ocean/Pools)
[+22:51:28.730] VoxelWater: Chunk X=6 Y=-24 Z=2 emitted 84 procedural water vertices (Ocean/Pools)
[+22:51:28.730] VoxelWater: Chunk X=-3 Y=-3 Z=3 emitted 8 procedural water vertices (Ocean/Pools)
[+22:51:28.730] VoxelWater: Chunk X=3 Y=3 Z=2 emitted 44 procedural water vertices (Ocean/Pools)
[+22:51:28.730] VoxelWater: Chunk X=3 Y=2 Z=2 emitted 8 procedural water vertices (Ocean/Pools)
[+22:51:28.741] VoxelMesh: Chunk X=1 Y=3 Z=3 FlatVerts=0 SlopeVerts=0
[+22:51:28.741] VoxelChunk: GenerateAsync (-2,0,-4)
[+22:51:28.743] VoxelMesh: Chunk X=3 Y=-2 Z=1 FlatVerts=0 SlopeVerts=0
[+22:51:28.743] VoxelChunk: GenerateAsync (-2,1,-4)
[+22:51:28.744] VoxelMesh: Chunk X=-2 Y=0 Z=-4 FlatVerts=0 SlopeVerts=0
[+22:51:28.744] VoxelMesh: Chunk X=-3 Y=-1 Z=1 FlatVerts=0 SlopeVerts=0
[+22:51:28.744] VoxelChunk: GenerateAsync (-1,2,-4)
[+22:51:28.745] VoxelMesh: Chunk X=-2 Y=1 Z=-4 FlatVerts=0 SlopeVerts=0
[+22:51:28.746] VoxelMesh: Chunk X=-1 Y=3 Z=3 FlatVerts=0 SlopeVerts=0
[+22:51:28.746] VoxelMesh: Chunk X=-1 Y=2 Z=-4 FlatVerts=0 SlopeVerts=0
[+22:51:28.746] VoxelChunk: GenerateAsync (-1,3,-4)
[+22:51:28.747] VoxelMesh: Chunk X=-1 Y=3 Z=-4 FlatVerts=0 SlopeVerts=0
[+22:51:28.758] VoxelMesh: Chunk X=-2 Y=-3 Z=3 FlatVerts=0 SlopeVerts=0
[+22:51:28.759] VoxelChunk: GenerateAsync (-3,0,-4)
[+22:51:28.760] VoxelMesh: Chunk X=3 Y=0 Z=3 FlatVerts=0 SlopeVerts=0
[+22:51:28.760] VoxelChunk: GenerateAsync (-3,1,-4)
[+22:51:28.760] VoxelMesh: Chunk X=-3 Y=0 Z=-4 FlatVerts=0 SlopeVerts=0
[+22:51:28.761] VoxelMesh: Chunk X=-1 Y=-3 Z=3 FlatVerts=0 SlopeVerts=0
[+22:51:28.761] VoxelChunk: GenerateAsync (3,-1,-4)
[+22:51:28.762] VoxelMesh: Chunk X=-3 Y=1 Z=-4 FlatVerts=0 SlopeVerts=0
[+22:51:28.763] VoxelMesh: Chunk X=0 Y=-1 Z=3 FlatVerts=0 SlopeVerts=0
[+22:51:28.763] VoxelChunk: GenerateAsync (2,-1,-4)
[+22:51:28.763] VoxelMesh: Chunk X=3 Y=-1 Z=-4 FlatVerts=0 SlopeVerts=0
[+22:51:28.765] VoxelMesh: Chunk X=2 Y=-1 Z=-4 FlatVerts=0 SlopeVerts=0
[+22:51:28.773] VoxelMesh: Chunk X=-3 Y=1 Z=3 FlatVerts=0 SlopeVerts=0
[+22:51:28.773] VoxelChunk: GenerateAsync (3,0,-4)
[+22:51:28.775] VoxelMesh: Chunk X=3 Y=0 Z=-4 FlatVerts=0 SlopeVerts=0
[+22:51:28.775] VoxelMesh: Chunk X=-3 Y=2 Z=3 FlatVerts=0 SlopeVerts=0
[+22:51:28.775] VoxelChunk: GenerateAsync (1,-1,-4)
[+22:51:28.776] VoxelMesh: Chunk X=0 Y=-3 Z=3 FlatVerts=0 SlopeVerts=0
[+22:51:28.777] VoxelChunk: GenerateAsync (0,-1,-4)
[+22:51:28.777] VoxelMesh: Chunk X=1 Y=-1 Z=-4 FlatVerts=0 SlopeVerts=0
[+22:51:28.778] VoxelMesh: Chunk X=2 Y=-2 Z=3 FlatVerts=0 SlopeVerts=0
[+22:51:28.779] VoxelChunk: GenerateAsync (-1,-1,-4)
[+22:51:28.779] VoxelMesh: Chunk X=0 Y=-1 Z=-4 FlatVerts=0 SlopeVerts=0
[+22:51:28.780] VoxelMesh: Chunk X=-1 Y=-1 Z=-4 FlatVerts=0 SlopeVerts=0
[+22:51:28.790] VoxelMesh: Chunk X=1 Y=-1 Z=3 FlatVerts=0 SlopeVerts=0
[+22:51:28.791] VoxelChunk: GenerateAsync (-2,-1,-4)
[+22:51:28.792] VoxelMesh: Chunk X=-2 Y=0 Z=3 FlatVerts=0 SlopeVerts=0
[+22:51:28.792] VoxelMesh: Chunk X=-2 Y=-1 Z=-4 FlatVerts=0 SlopeVerts=0
[+22:51:28.792] VoxelChunk: GenerateAsync (-3,-1,-4)
[+22:51:28.793] VoxelMesh: Chunk X=-2 Y=1 Z=3 FlatVerts=0 SlopeVerts=0
[+22:51:28.794] VoxelChunk: GenerateAsync (3,-2,-4)
[+22:51:28.795] VoxelMesh: Chunk X=-3 Y=-1 Z=-4 FlatVerts=0 SlopeVerts=0
[+22:51:28.795] VoxelMesh: Chunk X=3 Y=1 Z=3 FlatVerts=0 SlopeVerts=0
[+22:51:28.795] VoxelChunk: GenerateAsync (-2,2,-4)
[+22:51:28.795] VoxelMesh: Chunk X=3 Y=-2 Z=-4 FlatVerts=0 SlopeVerts=0
[+22:51:28.797] VoxelMesh: Chunk X=-2 Y=2 Z=-4 FlatVerts=0 SlopeVerts=0
[+22:51:28.806] VoxelMesh: Chunk X=-2 Y=2 Z=3 FlatVerts=0 SlopeVerts=0
[+22:51:28.806] VoxelChunk: GenerateAsync (2,-2,-4)
[+22:51:28.808] VoxelMesh: Chunk X=3 Y=2 Z=3 FlatVerts=0 SlopeVerts=0
[+22:51:28.808] VoxelChunk: GenerateAsync (-3,2,-4)
[+22:51:28.809] VoxelMesh: Chunk X=2 Y=-2 Z=-4 FlatVerts=0 SlopeVerts=0
[+22:51:28.810] VoxelMesh: Chunk X=1 Y=-3 Z=3 FlatVerts=0 SlopeVerts=0
[+22:51:28.810] VoxelMesh: Chunk X=-3 Y=2 Z=-4 FlatVerts=0 SlopeVerts=0
[+22:51:28.810] VoxelChunk: GenerateAsync (3,2,-4)
[+22:51:28.812] VoxelMesh: Chunk X=-1 Y=-2 Z=3 FlatVerts=0 SlopeVerts=0
[+22:51:28.812] VoxelMesh: Chunk X=3 Y=2 Z=-4 FlatVerts=0 SlopeVerts=0
[+22:51:28.812] VoxelChunk: GenerateAsync (-2,3,-4)
[+22:51:28.813] VoxelMesh: Chunk X=-2 Y=3 Z=-4 FlatVerts=0 SlopeVerts=0
[+22:51:28.822] VoxelMesh: Chunk X=3 Y=-2 Z=3 FlatVerts=0 SlopeVerts=0
[+22:51:28.822] VoxelChunk: GenerateAsync (0,3,-4)
[+22:51:28.824] VoxelMesh: Chunk X=3 Y=1 Z=1 FlatVerts=0 SlopeVerts=0
[+22:51:28.824] VoxelChunk: GenerateAsync (2,3,-4)
[+22:51:28.824] VoxelMesh: Chunk X=0 Y=3 Z=-4 FlatVerts=0 SlopeVerts=0
[+22:51:28.826] VoxelMesh: Chunk X=-3 Y=2 Z=1 FlatVerts=0 SlopeVerts=0
[+22:51:28.826] VoxelMesh: Chunk X=2 Y=3 Z=-4 FlatVerts=0 SlopeVerts=0
[+22:51:28.826] VoxelChunk: GenerateAsync (0,-2,-4)
[+22:51:28.827] VoxelMesh: Chunk X=2 Y=-1 Z=3 FlatVerts=0 SlopeVerts=0
[+22:51:28.828] VoxelChunk: GenerateAsync (3,3,-4)
[+22:51:28.828] VoxelMesh: Chunk X=0 Y=-2 Z=-4 FlatVerts=0 SlopeVerts=0
[+22:51:28.829] VoxelMesh: Chunk X=3 Y=3 Z=-4 FlatVerts=0 SlopeVerts=0
[+22:51:28.838] VoxelMesh: Chunk X=-1 Y=0 Z=3 FlatVerts=0 SlopeVerts=0
[+22:51:28.838] VoxelChunk: GenerateAsync (-2,-3,-4)
[+22:51:28.839] VoxelMesh: Chunk X=-2 Y=-3 Z=-4 FlatVerts=0 SlopeVerts=0
[+22:51:28.839] VoxelMesh: Chunk X=2 Y=0 Z=3 FlatVerts=0 SlopeVerts=0
[+22:51:28.840] VoxelChunk: GenerateAsync (1,-2,-4)
[+22:51:28.841] VoxelMesh: Chunk X=1 Y=-2 Z=-4 FlatVerts=0 SlopeVerts=0
[+22:51:28.841] VoxelMesh: Chunk X=-1 Y=1 Z=3 FlatVerts=0 SlopeVerts=0
[+22:51:28.842] VoxelChunk: GenerateAsync (-3,-3,-4)
[+22:51:28.843] VoxelMesh: Chunk X=-3 Y=-3 Z=-4 FlatVerts=0 SlopeVerts=0
[+22:51:28.844] VoxelMesh: Chunk X=1 Y=1 Z=3 FlatVerts=0 SlopeVerts=0
[+22:51:28.844] VoxelChunk: GenerateAsync (-3,-3,4)
[+22:51:28.846] VoxelMesh: Chunk X=-3 Y=-3 Z=4 FlatVerts=0 SlopeVerts=0
[+22:51:28.855] VoxelMesh: Chunk X=-3 Y=0 Z=1 FlatVerts=0 SlopeVerts=462
[+22:51:28.856] VoxelChunk: GenerateAsync (-2,-3,4)
[+22:51:28.858] VoxelMesh: Chunk X=-2 Y=-3 Z=4 FlatVerts=0 SlopeVerts=462
[+22:51:28.858] VoxelMesh: Chunk X=-3 Y=3 Z=1 FlatVerts=114 SlopeVerts=1314
[+22:51:28.858] VoxelChunk: GenerateAsync (-1,-3,4)
[+22:51:28.861] VoxelMesh: Chunk X=-1 Y=2 Z=3 FlatVerts=144 SlopeVerts=504
[+22:51:28.861] VoxelMesh: Chunk X=-1 Y=-3 Z=4 FlatVerts=114 SlopeVerts=1314
[+22:51:28.861] VoxelChunk: GenerateAsync (0,-3,4)
[+22:51:28.863] VoxelMesh: Chunk X=1 Y=2 Z=3 FlatVerts=48 SlopeVerts=318
[+22:51:28.863] VoxelMesh: Chunk X=0 Y=-3 Z=4 FlatVerts=144 SlopeVerts=504
[+22:51:28.863] VoxelChunk: GenerateAsync (1,-3,4)
[+22:51:28.865] VoxelMesh: Chunk X=1 Y=-3 Z=4 FlatVerts=48 SlopeVerts=318
[+22:51:28.876] VoxelMesh: Chunk X=-3 Y=3 Z=3 FlatVerts=0 SlopeVerts=0
[+22:51:28.877] VoxelChunk: GenerateAsync (2,-3,4)
[+22:51:28.879] VoxelMesh: Chunk X=1 Y=3 Z=1 FlatVerts=0 SlopeVerts=0
[+22:51:28.879] VoxelMesh: Chunk X=2 Y=-3 Z=4 FlatVerts=0 SlopeVerts=0
[+22:51:28.879] VoxelChunk: GenerateAsync (3,-3,4)
[+22:51:28.881] VoxelMesh: Chunk X=2 Y=-3 Z=3 FlatVerts=0 SlopeVerts=0
[+22:51:28.881] VoxelChunk: GenerateAsync (-3,-2,4)
[+22:51:28.883] VoxelMesh: Chunk X=-3 Y=-2 Z=3 FlatVerts=0 SlopeVerts=0
[+22:51:28.883] VoxelMesh: Chunk X=-3 Y=-2 Z=4 FlatVerts=0 SlopeVerts=0
[+22:51:28.883] VoxelMesh: Chunk X=3 Y=-3 Z=4 FlatVerts=0 SlopeVerts=0
[+22:51:28.884] VoxelChunk: GenerateAsync (-2,-2,4)
[+22:51:28.886] VoxelMesh: Chunk X=-2 Y=-2 Z=4 FlatVerts=0 SlopeVerts=0
[+22:51:28.895] VoxelMesh: Chunk X=-3 Y=-3 Z=2 FlatVerts=0 SlopeVerts=0
[+22:51:28.896] VoxelChunk: GenerateAsync (-1,-2,4)
[+22:51:28.898] VoxelMesh: Chunk X=0 Y=-2 Z=3 FlatVerts=0 SlopeVerts=0
[+22:51:28.898] VoxelMesh: Chunk X=-1 Y=-2 Z=4 FlatVerts=0 SlopeVerts=0
[+22:51:28.899] VoxelChunk: GenerateAsync (0,-2,4)
[+22:51:28.901] VoxelMesh: Chunk X=-3 Y=-1 Z=3 FlatVerts=0 SlopeVerts=0
[+22:51:28.901] VoxelMesh: Chunk X=0 Y=-2 Z=4 FlatVerts=0 SlopeVerts=0
[+22:51:28.901] VoxelChunk: GenerateAsync (1,-2,4)
[+22:51:28.903] VoxelMesh: Chunk X=1 Y=-2 Z=4 FlatVerts=0 SlopeVerts=0
[+22:51:28.903] VoxelMesh: Chunk X=-1 Y=-1 Z=3 FlatVerts=0 SlopeVerts=0
[+22:51:28.903] VoxelChunk: GenerateAsync (2,-2,4)
[+22:51:28.905] VoxelMesh: Chunk X=2 Y=-2 Z=4 FlatVerts=0 SlopeVerts=0
[+22:51:28.913] VoxelMesh: Chunk X=1 Y=-3 Z=2 FlatVerts=0 SlopeVerts=0
[+22:51:28.914] VoxelChunk: GenerateAsync (3,-2,4)
[+22:51:28.916] VoxelMesh: Chunk X=2 Y=-3 Z=2 FlatVerts=0 SlopeVerts=0
[+22:51:28.916] VoxelMesh: Chunk X=3 Y=-2 Z=4 FlatVerts=0 SlopeVerts=0
[+22:51:28.917] VoxelChunk: GenerateAsync (-3,-1,4)
[+22:51:28.919] VoxelMesh: Chunk X=3 Y=-3 Z=2 FlatVerts=0 SlopeVerts=0
[+22:51:28.919] VoxelMesh: Chunk X=-3 Y=-1 Z=4 FlatVerts=0 SlopeVerts=0
[+22:51:28.919] VoxelChunk: GenerateAsync (-2,-1,4)
[+22:51:28.921] VoxelMesh: Chunk X=-3 Y=-2 Z=2 FlatVerts=0 SlopeVerts=0
[+22:51:28.921] VoxelChunk: GenerateAsync (-1,-1,4)
[+22:51:28.922] VoxelMesh: Chunk X=-2 Y=-1 Z=4 FlatVerts=0 SlopeVerts=0
[+22:51:28.923] VoxelMesh: Chunk X=-1 Y=-1 Z=4 FlatVerts=0 SlopeVerts=0
[+22:51:28.930] VoxelMesh: Chunk X=3 Y=-1 Z=3 FlatVerts=0 SlopeVerts=0
[+22:51:28.931] VoxelChunk: GenerateAsync (0,-1,4)
[+22:51:28.932] VoxelMesh: Chunk X=-3 Y=0 Z=3 FlatVerts=0 SlopeVerts=0
[+22:51:28.933] VoxelChunk: GenerateAsync (1,-1,4)
[+22:51:28.933] VoxelMesh: Chunk X=0 Y=-1 Z=4 FlatVerts=0 SlopeVerts=0
[+22:51:28.935] VoxelMesh: Chunk X=0 Y=0 Z=3 FlatVerts=0 SlopeVerts=0
[+22:51:28.935] VoxelChunk: GenerateAsync (2,-1,4)
[+22:51:28.936] VoxelMesh: Chunk X=1 Y=-1 Z=4 FlatVerts=0 SlopeVerts=0
[+22:51:28.936] VoxelMesh: Chunk X=1 Y=0 Z=3 FlatVerts=0 SlopeVerts=0
[+22:51:28.936] VoxelMesh: Chunk X=2 Y=-1 Z=4 FlatVerts=0 SlopeVerts=0
[+22:51:28.936] VoxelChunk: GenerateAsync (3,-1,4)
[+22:51:28.938] VoxelMesh: Chunk X=3 Y=-1 Z=4 FlatVerts=0 SlopeVerts=0
[+22:51:28.948] VoxelWater: Chunk X=0 Y=-3 Z=4 emitted 4 procedural water vertices (Ocean/Pools)
[+22:51:28.948] VoxelWater: Chunk X=-1 Y=-3 Z=4 emitted 8 procedural water vertices (Ocean/Pools)
[+22:51:28.948] VoxelWater: Chunk X=-2 Y=-3 Z=4 emitted 12 procedural water vertices (Ocean/Pools)
[+22:51:28.948] VoxelWater: Chunk X=4 Y=-26 Z=2 emitted 20 procedural water vertices (Ocean/Pools)
[+22:51:28.948] VoxelWater: Chunk X=4 Y=-25 Z=2 emitted 156 procedural water vertices (Ocean/Pools)
[+22:51:28.948] VoxelWater: Chunk X=4 Y=-25 Z=3 emitted 84 procedural water vertices (Ocean/Pools)
[+22:51:28.948] VoxelWater: Chunk X=5 Y=-25 Z=2 emitted 212 procedural water vertices (Ocean/Pools)
[+22:51:28.948] VoxelWater: Chunk X=4 Y=-24 Z=2 emitted 104 procedural water vertices (Ocean/Pools)
[+22:51:28.948] VoxelWater: Chunk X=4 Y=-24 Z=3 emitted 136 procedural water vertices (Ocean/Pools)
[+22:51:28.949] VoxelWater: Chunk X=5 Y=-25 Z=3 emitted 188 procedural water vertices (Ocean/Pools)
[+22:51:28.949] VoxelWater: Chunk X=5 Y=-24 Z=2 emitted 120 procedural water vertices (Ocean/Pools)
[+22:51:28.949] VoxelWater: Chunk X=5 Y=-24 Z=3 emitted 20 procedural water vertices (Ocean/Pools)
[+22:51:28.949] VoxelWater: Chunk X=6 Y=-24 Z=3 emitted 124 procedural water vertices (Ocean/Pools)
[+22:51:28.949] VoxelWater: Chunk X=6 Y=-26 Z=2 emitted 64 procedural water vertices (Ocean/Pools)
[+22:51:28.949] VoxelWater: Chunk X=6 Y=-26 Z=3 emitted 16 procedural water vertices (Ocean/Pools)
[+22:51:28.949] VoxelWater: Chunk X=6 Y=-25 Z=3 emitted 236 procedural water vertices (Ocean/Pools)
[+22:51:28.949] VoxelWater: Chunk X=6 Y=-25 Z=2 emitted 8 procedural water vertices (Ocean/Pools)
[+22:51:28.949] VoxelWater: Chunk X=6 Y=-24 Z=2 emitted 80 procedural water vertices (Ocean/Pools)
[+22:51:28.949] VoxelWater: Chunk X=-3 Y=-3 Z=3 emitted 8 procedural water vertices (Ocean/Pools)
[+22:51:28.949] VoxelWater: Chunk X=3 Y=3 Z=2 emitted 52 procedural water vertices (Ocean/Pools)
[+22:51:28.949] VoxelWater: Chunk X=3 Y=2 Z=2 emitted 8 procedural water vertices (Ocean/Pools)
[+22:51:28.960] VoxelMesh: Chunk X=3 Y=-1 Z=1 FlatVerts=0 SlopeVerts=0
[+22:51:28.960] VoxelChunk: GenerateAsync (-3,0,4)
[+22:51:28.962] VoxelMesh: Chunk X=3 Y=-2 Z=2 FlatVerts=0 SlopeVerts=0
[+22:51:28.963] VoxelChunk: GenerateAsync (-2,0,4)
[+22:51:28.965] VoxelMesh: Chunk X=-3 Y=0 Z=4 FlatVerts=0 SlopeVerts=0
[+22:51:28.965] VoxelMesh: Chunk X=-3 Y=-1 Z=2 FlatVerts=0 SlopeVerts=0
[+22:51:28.965] VoxelMesh: Chunk X=-2 Y=0 Z=4 FlatVerts=0 SlopeVerts=0
[+22:51:28.965] VoxelChunk: GenerateAsync (-1,0,4)
[+22:51:28.968] VoxelMesh: Chunk X=0 Y=1 Z=3 FlatVerts=0 SlopeVerts=0
[+22:51:28.968] VoxelChunk: GenerateAsync (0,0,4)
[+22:51:28.968] VoxelMesh: Chunk X=-1 Y=0 Z=4 FlatVerts=0 SlopeVerts=0
[+22:51:28.969] VoxelMesh: Chunk X=0 Y=0 Z=4 FlatVerts=0 SlopeVerts=0
[+22:51:28.978] VoxelMesh: Chunk X=2 Y=1 Z=3 FlatVerts=0 SlopeVerts=0
[+22:51:28.979] VoxelChunk: GenerateAsync (1,0,4)
[+22:51:28.980] VoxelMesh: Chunk X=3 Y=0 Z=1 FlatVerts=0 SlopeVerts=0
[+22:51:28.980] VoxelMesh: Chunk X=1 Y=0 Z=4 FlatVerts=0 SlopeVerts=0
[+22:51:28.981] VoxelChunk: GenerateAsync (2,0,4)
[+22:51:28.983] VoxelMesh: Chunk X=2 Y=0 Z=4 FlatVerts=0 SlopeVerts=0
[+22:51:28.983] VoxelMesh: Chunk X=-3 Y=1 Z=1 FlatVerts=0 SlopeVerts=0
[+22:51:28.984] VoxelChunk: GenerateAsync (3,0,4)
[+22:51:28.985] VoxelMesh: Chunk X=3 Y=0 Z=4 FlatVerts=0 SlopeVerts=0
[+22:51:28.985] VoxelMesh: Chunk X=3 Y=2 Z=1 FlatVerts=0 SlopeVerts=0
[+22:51:28.986] VoxelChunk: GenerateAsync (-3,1,4)
[+22:51:28.988] VoxelMesh: Chunk X=-3 Y=1 Z=4 FlatVerts=0 SlopeVerts=0
[+22:51:28.996] VoxelMesh: Chunk X=3 Y=-1 Z=2 FlatVerts=0 SlopeVerts=0
[+22:51:28.996] VoxelChunk: GenerateAsync (-2,1,4)
[+22:51:28.998] VoxelMesh: Chunk X=-3 Y=0 Z=2 FlatVerts=0 SlopeVerts=0
[+22:51:28.998] VoxelChunk: GenerateAsync (-1,1,4)
[+22:51:29.000] VoxelMesh: Chunk X=0 Y=2 Z=3 FlatVerts=0 SlopeVerts=0
[+22:51:29.000] VoxelMesh: Chunk X=-2 Y=1 Z=4 FlatVerts=0 SlopeVerts=0
[+22:51:29.000] VoxelChunk: GenerateAsync (0,1,4)
[+22:51:29.001] VoxelMesh: Chunk X=-1 Y=1 Z=4 FlatVerts=0 SlopeVerts=0
[+22:51:29.001] VoxelMesh: Chunk X=0 Y=1 Z=4 FlatVerts=0 SlopeVerts=0
[+22:51:29.001] VoxelMesh: Chunk X=-2 Y=3 Z=1 FlatVerts=0 SlopeVerts=0
[+22:51:29.002] VoxelChunk: GenerateAsync (1,1,4)
[+22:51:29.004] VoxelMesh: Chunk X=1 Y=1 Z=4 FlatVerts=0 SlopeVerts=0
[+22:51:29.013] VoxelMesh: Chunk X=2 Y=2 Z=3 FlatVerts=0 SlopeVerts=0
[+22:51:29.014] VoxelChunk: GenerateAsync (2,1,4)
[+22:51:29.015] VoxelMesh: Chunk X=2 Y=1 Z=4 FlatVerts=0 SlopeVerts=0
[+22:51:29.016] VoxelMesh: Chunk X=-1 Y=3 Z=1 FlatVerts=0 SlopeVerts=0
[+22:51:29.016] VoxelChunk: GenerateAsync (3,1,4)
[+22:51:29.018] VoxelMesh: Chunk X=3 Y=1 Z=4 FlatVerts=0 SlopeVerts=0
[+22:51:29.018] VoxelMesh: Chunk X=0 Y=3 Z=1 FlatVerts=0 SlopeVerts=0
[+22:51:29.018] VoxelChunk: GenerateAsync (-3,2,4)
[+22:51:29.019] VoxelMesh: Chunk X=3 Y=0 Z=2 FlatVerts=0 SlopeVerts=0
[+22:51:29.019] VoxelChunk: GenerateAsync (-2,2,4)
[+22:51:29.020] VoxelMesh: Chunk X=-3 Y=2 Z=4 FlatVerts=0 SlopeVerts=0
[+22:51:29.021] VoxelMesh: Chunk X=-2 Y=2 Z=4 FlatVerts=0 SlopeVerts=0
[+22:51:29.029] VoxelMesh: Chunk X=0 Y=3 Z=3 FlatVerts=0 SlopeVerts=0
[+22:51:29.029] VoxelChunk: GenerateAsync (-1,2,4)
[+22:51:29.031] VoxelMesh: Chunk X=-1 Y=2 Z=4 FlatVerts=0 SlopeVerts=0
[+22:51:29.031] VoxelMesh: Chunk X=-2 Y=3 Z=3 FlatVerts=0 SlopeVerts=0
[+22:51:29.031] VoxelChunk: GenerateAsync (0,2,4)
[+22:51:29.033] VoxelMesh: Chunk X=3 Y=-3 Z=3 FlatVerts=0 SlopeVerts=0
[+22:51:29.033] VoxelChunk: GenerateAsync (1,2,4)
[+22:51:29.033] VoxelMesh: Chunk X=0 Y=2 Z=4 FlatVerts=0 SlopeVerts=0
[+22:51:29.035] VoxelMesh: Chunk X=2 Y=3 Z=1 FlatVerts=0 SlopeVerts=0
[+22:51:29.035] VoxelChunk: GenerateAsync (2,2,4)
[+22:51:29.036] VoxelMesh: Chunk X=1 Y=2 Z=4 FlatVerts=0 SlopeVerts=0
[+22:51:29.037] VoxelMesh: Chunk X=2 Y=2 Z=4 FlatVerts=0 SlopeVerts=0
[+22:51:29.047] VoxelMesh: Chunk X=-2 Y=-2 Z=3 FlatVerts=0 SlopeVerts=0
[+22:51:29.047] VoxelChunk: GenerateAsync (3,2,4)
[+22:51:29.049] VoxelMesh: Chunk X=3 Y=3 Z=1 FlatVerts=0 SlopeVerts=0
[+22:51:29.049] VoxelChunk: GenerateAsync (-3,3,4)
[+22:51:29.051] VoxelMesh: Chunk X=3 Y=2 Z=4 FlatVerts=0 SlopeVerts=0
[+22:51:29.051] VoxelMesh: Chunk X=3 Y=1 Z=2 FlatVerts=0 SlopeVerts=0
[+22:51:29.051] VoxelChunk: GenerateAsync (-2,3,4)
[+22:51:29.052] VoxelMesh: Chunk X=-3 Y=3 Z=4 FlatVerts=0 SlopeVerts=0
[+22:51:29.053] VoxelMesh: Chunk X=-3 Y=2 Z=2 FlatVerts=0 SlopeVerts=0
[+22:51:29.053] VoxelMesh: Chunk X=-2 Y=3 Z=4 FlatVerts=0 SlopeVerts=0
[+22:51:29.053] VoxelChunk: GenerateAsync (-1,3,4)
[+22:51:29.055] VoxelMesh: Chunk X=-1 Y=3 Z=4 FlatVerts=0 SlopeVerts=0
[+22:51:29.069] VoxelMesh: Chunk X=0 Y=0 Z=0 FlatVerts=0 SlopeVerts=0
[+22:51:29.070] VoxelChunk: GenerateAsync (0,3,4)
[+22:51:29.074] VoxelMesh: Chunk X=0 Y=3 Z=4 FlatVerts=0 SlopeVerts=0
[+22:51:29.078] VoxelMesh: Chunk X=0 Y=0 Z=0 FlatVerts=0 SlopeVerts=0
[+22:51:29.078] VoxelChunk: GenerateAsync (1,3,4)
[+22:51:29.080] VoxelMesh: Chunk X=1 Y=3 Z=4 FlatVerts=0 SlopeVerts=0
[+22:51:29.085] VoxelMesh: Chunk X=0 Y=0 Z=0 FlatVerts=0 SlopeVerts=0
[+22:51:29.085] VoxelChunk: GenerateAsync (2,3,4)
[+22:51:29.087] VoxelMesh: Chunk X=2 Y=3 Z=4 FlatVerts=0 SlopeVerts=0
[+22:51:29.092] VoxelMesh: Chunk X=0 Y=0 Z=0 FlatVerts=0 SlopeVerts=0
[+22:51:29.093] VoxelChunk: GenerateAsync (3,3,4)
[+22:51:29.094] VoxelMesh: Chunk X=3 Y=3 Z=4 FlatVerts=0 SlopeVerts=0
[+22:51:29.110] VoxelMesh: Chunk X=3 Y=3 Z=4 FlatVerts=0 SlopeVerts=0
[+22:51:29.111] VoxelChunk: GenerateAsync (5,-25,0)
[+22:51:29.112] VoxelMesh: Chunk X=2 Y=3 Z=4 FlatVerts=0 SlopeVerts=0
[+22:51:29.112] VoxelChunk: GenerateAsync (5,-25,-2)
[+22:51:29.112] VoxelMesh: Chunk X=5 Y=-25 Z=0 FlatVerts=0 SlopeVerts=0
[+22:51:29.114] VoxelMesh: Chunk X=5 Y=-25 Z=-2 FlatVerts=0 SlopeVerts=0
[+22:51:29.114] VoxelMesh: Chunk X=1 Y=3 Z=4 FlatVerts=0 SlopeVerts=0
[+22:51:29.114] VoxelChunk: GenerateAsync (5,-26,-2)
[+22:51:29.116] VoxelMesh: Chunk X=0 Y=3 Z=4 FlatVerts=0 SlopeVerts=0
[+22:51:29.116] VoxelMesh: Chunk X=5 Y=-26 Z=-2 FlatVerts=0 SlopeVerts=0
[+22:51:29.116] VoxelChunk: GenerateAsync (5,-24,-2)
[+22:51:29.118] VoxelMesh: Chunk X=5 Y=-24 Z=-2 FlatVerts=0 SlopeVerts=0
[+22:51:29.128] VoxelMesh: Chunk X=0 Y=-3 Z=2 FlatVerts=0 SlopeVerts=0
[+22:51:29.129] VoxelChunk: GenerateAsync (4,-25,-2)
[+22:51:29.129] VoxelMesh: Chunk X=3 Y=2 Z=2 FlatVerts=0 SlopeVerts=0
[+22:51:29.130] VoxelChunk: GenerateAsync (5,-26,0)
[+22:51:29.131] VoxelMesh: Chunk X=4 Y=-25 Z=-2 FlatVerts=0 SlopeVerts=0
[+22:51:29.131] VoxelMesh: Chunk X=5 Y=-26 Z=0 FlatVerts=0 SlopeVerts=0
[+22:51:29.132] VoxelMesh: Chunk X=-3 Y=3 Z=2 FlatVerts=0 SlopeVerts=0
[+22:51:29.132] VoxelChunk: GenerateAsync (6,-25,-2)
[+22:51:29.134] VoxelMesh: Chunk X=-2 Y=3 Z=2 FlatVerts=0 SlopeVerts=0
[+22:51:29.134] VoxelMesh: Chunk X=6 Y=-25 Z=-2 FlatVerts=0 SlopeVerts=0
[+22:51:29.134] VoxelChunk: GenerateAsync (6,-25,0)
[+22:51:29.136] VoxelMesh: Chunk X=6 Y=-25 Z=0 FlatVerts=0 SlopeVerts=0
[+22:51:29.143] VoxelMesh: Chunk X=-1 Y=3 Z=2 FlatVerts=0 SlopeVerts=0
[+22:51:29.144] VoxelChunk: GenerateAsync (5,-24,0)
[+22:51:29.145] VoxelMesh: Chunk X=5 Y=-24 Z=0 FlatVerts=0 SlopeVerts=0
[+22:51:29.145] VoxelMesh: Chunk X=0 Y=3 Z=2 FlatVerts=0 SlopeVerts=0
[+22:51:29.145] VoxelChunk: GenerateAsync (4,-25,0)
[+22:51:29.146] VoxelMesh: Chunk X=1 Y=3 Z=2 FlatVerts=0 SlopeVerts=0
[+22:51:29.146] VoxelChunk: GenerateAsync (4,-26,0)
[+22:51:29.147] VoxelMesh: Chunk X=4 Y=-25 Z=0 FlatVerts=0 SlopeVerts=0
[+22:51:29.148] VoxelMesh: Chunk X=2 Y=3 Z=2 FlatVerts=0 SlopeVerts=0
[+22:51:29.148] VoxelMesh: Chunk X=4 Y=-26 Z=0 FlatVerts=0 SlopeVerts=0
[+22:51:29.148] VoxelChunk: GenerateAsync (6,-26,-2)
[+22:51:29.150] VoxelMesh: Chunk X=6 Y=-26 Z=-2 FlatVerts=0 SlopeVerts=0
[+22:51:29.153] VoxelWater: Chunk X=4 Y=-26 Z=2 emitted 12 procedural water vertices (Ocean/Pools)
[+22:51:29.153] VoxelWater: Chunk X=4 Y=-25 Z=2 emitted 172 procedural water vertices (Ocean/Pools)
[+22:51:29.153] VoxelWater: Chunk X=4 Y=-25 Z=3 emitted 92 procedural water vertices (Ocean/Pools)
[+22:51:29.153] VoxelWater: Chunk X=5 Y=-25 Z=2 emitted 236 procedural water vertices (Ocean/Pools)
[+22:51:29.153] VoxelWater: Chunk X=4 Y=-24 Z=2 emitted 112 procedural water vertices (Ocean/Pools)
[+22:51:29.153] VoxelWater: Chunk X=4 Y=-24 Z=3 emitted 144 procedural water vertices (Ocean/Pools)
[+22:51:29.153] VoxelWater: Chunk X=5 Y=-25 Z=3 emitted 192 procedural water vertices (Ocean/Pools)
[+22:51:29.154] VoxelWater: Chunk X=5 Y=-24 Z=2 emitted 120 procedural water vertices (Ocean/Pools)
[+22:51:29.154] VoxelWater: Chunk X=5 Y=-24 Z=3 emitted 20 procedural water vertices (Ocean/Pools)
[+22:51:29.154] VoxelWater: Chunk X=6 Y=-24 Z=3 emitted 124 procedural water vertices (Ocean/Pools)
[+22:51:29.154] VoxelWater: Chunk X=6 Y=-26 Z=2 emitted 64 procedural water vertices (Ocean/Pools)
[+22:51:29.154] VoxelWater: Chunk X=6 Y=-26 Z=3 emitted 16 procedural water vertices (Ocean/Pools)
[+22:51:29.154] VoxelWater: Chunk X=6 Y=-25 Z=3 emitted 252 procedural water vertices (Ocean/Pools)
[+22:51:29.154] VoxelWater: Chunk X=6 Y=-25 Z=2 emitted 12 procedural water vertices (Ocean/Pools)
[+22:51:29.154] VoxelWater: Chunk X=6 Y=-24 Z=2 emitted 80 procedural water vertices (Ocean/Pools)
[+22:51:29.165] VoxelMesh: Chunk X=3 Y=3 Z=2 FlatVerts=0 SlopeVerts=0
[+22:51:29.165] VoxelChunk: GenerateAsync (6,-24,-2)
[+22:51:29.168] VoxelMesh: Chunk X=6 Y=-24 Z=-2 FlatVerts=0 SlopeVerts=0
[+22:51:29.168] VoxelMesh: Chunk X=-3 Y=-3 Z=3 FlatVerts=0 SlopeVerts=0
[+22:51:29.168] VoxelChunk: GenerateAsync (4,-24,-2)
[+22:51:29.170] VoxelMesh: Chunk X=4 Y=-24 Z=-2 FlatVerts=0 SlopeVerts=0
[+22:51:29.171] VoxelMesh: Chunk X=1 Y=3 Z=-4 FlatVerts=0 SlopeVerts=0
[+22:51:29.171] VoxelChunk: GenerateAsync (6,-26,0)
[+22:51:29.173] VoxelMesh: Chunk X=6 Y=-26 Z=0 FlatVerts=0 SlopeVerts=0
[+22:51:29.173] VoxelMesh: Chunk X=-1 Y=-2 Z=-4 FlatVerts=0 SlopeVerts=0
[+22:51:29.174] VoxelChunk: GenerateAsync (4,-26,-2)
[+22:51:29.176] VoxelMesh: Chunk X=4 Y=-26 Z=-2 FlatVerts=0 SlopeVerts=0
[+22:51:29.185] VoxelMesh: Chunk X=-2 Y=-2 Z=-4 FlatVerts=0 SlopeVerts=0
[+22:51:29.185] VoxelChunk: GenerateAsync (4,-24,0)
[+22:51:29.187] VoxelMesh: Chunk X=-3 Y=-2 Z=-4 FlatVerts=0 SlopeVerts=0
[+22:51:29.187] VoxelChunk: GenerateAsync (6,-24,0)
[+22:51:29.187] VoxelMesh: Chunk X=4 Y=-24 Z=0 FlatVerts=0 SlopeVerts=0
[+22:51:29.188] VoxelMesh: Chunk X=6 Y=-24 Z=0 FlatVerts=0 SlopeVerts=0
[+22:51:29.188] VoxelMesh: Chunk X=3 Y=1 Z=-4 FlatVerts=48 SlopeVerts=504
[+22:51:29.188] VoxelChunk: GenerateAsync (5,-25,1)
[+22:51:29.190] VoxelMesh: Chunk X=5 Y=-25 Z=1 FlatVerts=48 SlopeVerts=504
[+22:51:29.190] VoxelMesh: Chunk X=3 Y=-3 Z=-4 FlatVerts=0 SlopeVerts=0
[+22:51:29.190] VoxelChunk: GenerateAsync (7,-25,-1)
[+22:51:29.192] VoxelMesh: Chunk X=7 Y=-25 Z=-1 FlatVerts=0 SlopeVerts=0
[+22:51:29.201] VoxelMesh: Chunk X=2 Y=-3 Z=-4 FlatVerts=0 SlopeVerts=0
[+22:51:29.201] VoxelChunk: GenerateAsync (5,-25,-3)
[+22:51:29.203] VoxelMesh: Chunk X=2 Y=1 Z=-4 FlatVerts=0 SlopeVerts=0
[+22:51:29.203] VoxelChunk: GenerateAsync (3,-25,-1)
[+22:51:29.204] VoxelMesh: Chunk X=5 Y=-25 Z=-3 FlatVerts=0 SlopeVerts=0
[+22:51:29.205] VoxelMesh: Chunk X=2 Y=2 Z=-4 FlatVerts=0 SlopeVerts=0
[+22:51:29.205] VoxelChunk: GenerateAsync (5,-27,-1)
[+22:51:29.206] VoxelMesh: Chunk X=3 Y=-25 Z=-1 FlatVerts=0 SlopeVerts=0
[+22:51:29.207] VoxelMesh: Chunk X=1 Y=-3 Z=-4 FlatVerts=0 SlopeVerts=0
[+22:51:29.207] VoxelChunk: GenerateAsync (5,-23,-1)
[+22:51:29.208] VoxelMesh: Chunk X=5 Y=-27 Z=-1 FlatVerts=0 SlopeVerts=0
[+22:51:29.209] VoxelMesh: Chunk X=5 Y=-23 Z=-1 FlatVerts=0 SlopeVerts=0
[+22:51:29.216] VoxelMesh: Chunk X=0 Y=-3 Z=-4 FlatVerts=0 SlopeVerts=0
[+22:51:29.217] VoxelChunk: GenerateAsync (5,-23,0)
[+22:51:29.218] VoxelMesh: Chunk X=-1 Y=-3 Z=-4 FlatVerts=0 SlopeVerts=0
[+22:51:29.218] VoxelMesh: Chunk X=5 Y=-23 Z=0 FlatVerts=0 SlopeVerts=0
[+22:51:29.218] VoxelChunk: GenerateAsync (3,-25,0)
[+22:51:29.220] VoxelMesh: Chunk X=1 Y=1 Z=-4 FlatVerts=0 SlopeVerts=0
[+22:51:29.220] VoxelChunk: GenerateAsync (7,-25,0)
[+22:51:29.220] VoxelMesh: Chunk X=3 Y=-25 Z=0 FlatVerts=0 SlopeVerts=0
[+22:51:29.221] VoxelMesh: Chunk X=1 Y=2 Z=-4 FlatVerts=0 SlopeVerts=0
[+22:51:29.222] VoxelChunk: GenerateAsync (5,-23,-2)
[+22:51:29.222] VoxelMesh: Chunk X=7 Y=-25 Z=0 FlatVerts=0 SlopeVerts=0
[+22:51:29.223] VoxelMesh: Chunk X=5 Y=-23 Z=-2 FlatVerts=0 SlopeVerts=0
[+22:51:29.232] VoxelMesh: Chunk X=-3 Y=3 Z=-4 FlatVerts=0 SlopeVerts=0
[+22:51:29.232] VoxelChunk: GenerateAsync (7,-26,-1)
[+22:51:29.234] VoxelMesh: Chunk X=2 Y=0 Z=-4 FlatVerts=0 SlopeVerts=0
[+22:51:29.234] VoxelChunk: GenerateAsync (6,-25,1)
[+22:51:29.234] VoxelMesh: Chunk X=7 Y=-26 Z=-1 FlatVerts=0 SlopeVerts=0
[+22:51:29.235] VoxelMesh: Chunk X=1 Y=0 Z=-4 FlatVerts=1758 SlopeVerts=918
[+22:51:29.236] VoxelChunk: GenerateAsync (5,-26,1)
[+22:51:29.236] VoxelMesh: Chunk X=6 Y=-25 Z=1 FlatVerts=0 SlopeVerts=0
[+22:51:29.237] VoxelMesh: Chunk X=5 Y=-26 Z=1 FlatVerts=1758 SlopeVerts=918
[+22:51:29.237] VoxelMesh: Chunk X=0 Y=1 Z=-4 FlatVerts=0 SlopeVerts=0
[+22:51:29.238] VoxelChunk: GenerateAsync (3,-26,-1)
[+22:51:29.239] VoxelMesh: Chunk X=3 Y=-26 Z=-1 FlatVerts=0 SlopeVerts=0
[+22:51:29.247] VoxelMesh: Chunk X=0 Y=2 Z=-4 FlatVerts=0 SlopeVerts=0
[+22:51:29.247] VoxelChunk: GenerateAsync (5,-27,-2)
[+22:51:29.248] VoxelMesh: Chunk X=0 Y=0 Z=-4 FlatVerts=0 SlopeVerts=0
[+22:51:29.248] VoxelChunk: GenerateAsync (5,-27,0)
[+22:51:29.250] VoxelMesh: Chunk X=5 Y=-27 Z=0 FlatVerts=0 SlopeVerts=0
[+22:51:29.250] VoxelMesh: Chunk X=5 Y=-27 Z=-2 FlatVerts=0 SlopeVerts=0
[+22:51:29.250] VoxelMesh: Chunk X=-1 Y=0 Z=-4 FlatVerts=0 SlopeVerts=0
[+22:51:29.250] VoxelChunk: GenerateAsync (6,-27,-1)
[+22:51:29.252] VoxelMesh: Chunk X=6 Y=-27 Z=-1 FlatVerts=0 SlopeVerts=0
[+22:51:29.252] VoxelMesh: Chunk X=-1 Y=1 Z=-4 FlatVerts=0 SlopeVerts=0
[+22:51:29.252] VoxelChunk: GenerateAsync (4,-25,-3)
[+22:51:29.254] VoxelMesh: Chunk X=4 Y=-25 Z=-3 FlatVerts=0 SlopeVerts=0
[+22:51:29.260] VoxelMesh: Chunk X=-2 Y=0 Z=-4 FlatVerts=0 SlopeVerts=0
[+22:51:29.261] VoxelChunk: GenerateAsync (6,-23,-1)
[+22:51:29.262] VoxelMesh: Chunk X=-2 Y=1 Z=-4 FlatVerts=0 SlopeVerts=0
[+22:51:29.262] VoxelMesh: Chunk X=6 Y=-23 Z=-1 FlatVerts=0 SlopeVerts=0
[+22:51:29.262] VoxelChunk: GenerateAsync (4,-27,-1)
[+22:51:29.264] VoxelMesh: Chunk X=-1 Y=2 Z=-4 FlatVerts=0 SlopeVerts=0
[+22:51:29.265] VoxelMesh: Chunk X=4 Y=-27 Z=-1 FlatVerts=0 SlopeVerts=0
[+22:51:29.265] VoxelChunk: GenerateAsync (5,-26,-3)
[+22:51:29.266] VoxelMesh: Chunk X=-1 Y=3 Z=-4 FlatVerts=588 SlopeVerts=1122
[+22:51:29.266] VoxelMesh: Chunk X=5 Y=-26 Z=-3 FlatVerts=0 SlopeVerts=0
[+22:51:29.266] VoxelChunk: GenerateAsync (5,-24,1)
[+22:51:29.268] VoxelMesh: Chunk X=5 Y=-24 Z=1 FlatVerts=588 SlopeVerts=1122
[+22:51:29.277] VoxelMesh: Chunk X=-3 Y=0 Z=-4 FlatVerts=0 SlopeVerts=0
[+22:51:29.277] VoxelChunk: GenerateAsync (4,-23,-1)
[+22:51:29.279] VoxelMesh: Chunk X=-3 Y=1 Z=-4 FlatVerts=0 SlopeVerts=0
[+22:51:29.279] VoxelMesh: Chunk X=4 Y=-23 Z=-1 FlatVerts=0 SlopeVerts=0
[+22:51:29.279] VoxelChunk: GenerateAsync (5,-24,-3)
[+22:51:29.281] VoxelMesh: Chunk X=5 Y=-24 Z=-3 FlatVerts=0 SlopeVerts=0
[+22:51:29.282] VoxelMesh: Chunk X=3 Y=-1 Z=-4 FlatVerts=0 SlopeVerts=0
[+22:51:29.282] VoxelChunk: GenerateAsync (3,-25,-2)
[+22:51:29.284] VoxelMesh: Chunk X=2 Y=-1 Z=-4 FlatVerts=0 SlopeVerts=0
[+22:51:29.284] VoxelChunk: GenerateAsync (6,-25,-3)
[+22:51:29.284] VoxelMesh: Chunk X=3 Y=-25 Z=-2 FlatVerts=0 SlopeVerts=0
[+22:51:29.285] VoxelMesh: Chunk X=6 Y=-25 Z=-3 FlatVerts=0 SlopeVerts=0
[+22:51:29.293] VoxelMesh: Chunk X=3 Y=0 Z=-4 FlatVerts=0 SlopeVerts=0
[+22:51:29.293] VoxelChunk: GenerateAsync (7,-24,-1)
[+22:51:29.295] VoxelMesh: Chunk X=1 Y=-1 Z=-4 FlatVerts=0 SlopeVerts=0
[+22:51:29.295] VoxelChunk: GenerateAsync (3,-24,-1)
[+22:51:29.295] VoxelMesh: Chunk X=7 Y=-24 Z=-1 FlatVerts=0 SlopeVerts=0
[+22:51:29.297] VoxelMesh: Chunk X=0 Y=-1 Z=-4 FlatVerts=72 SlopeVerts=558
[+22:51:29.298] VoxelChunk: GenerateAsync (4,-25,1)
[+22:51:29.298] VoxelMesh: Chunk X=3 Y=-24 Z=-1 FlatVerts=0 SlopeVerts=0
[+22:51:29.300] VoxelMesh: Chunk X=-1 Y=-1 Z=-4 FlatVerts=0 SlopeVerts=0
[+22:51:29.300] VoxelMesh: Chunk X=4 Y=-25 Z=1 FlatVerts=72 SlopeVerts=558
[+22:51:29.300] VoxelChunk: GenerateAsync (7,-25,-2)
[+22:51:29.301] VoxelMesh: Chunk X=7 Y=-25 Z=-2 FlatVerts=0 SlopeVerts=0
[+22:51:29.308] VoxelMesh: Chunk X=-2 Y=-1 Z=-4 FlatVerts=1896 SlopeVerts=696
[+22:51:29.309] VoxelChunk: GenerateAsync (4,-26,1)
[+22:51:29.310] VoxelMesh: Chunk X=4 Y=-26 Z=1 FlatVerts=1896 SlopeVerts=696
[+22:51:29.310] VoxelMesh: Chunk X=-3 Y=-1 Z=-4 FlatVerts=0 SlopeVerts=0
[+22:51:29.310] VoxelChunk: GenerateAsync (7,-24,-2)
[+22:51:29.312] VoxelMesh: Chunk X=3 Y=-2 Z=-4 FlatVerts=0 SlopeVerts=0
[+22:51:29.312] VoxelMesh: Chunk X=7 Y=-24 Z=-2 FlatVerts=0 SlopeVerts=0
[+22:51:29.312] VoxelChunk: GenerateAsync (3,-26,0)
[+22:51:29.314] VoxelMesh: Chunk X=-2 Y=2 Z=-4 FlatVerts=0 SlopeVerts=0
[+22:51:29.314] VoxelChunk: GenerateAsync (7,-24,0)
[+22:51:29.314] VoxelMesh: Chunk X=3 Y=-26 Z=0 FlatVerts=0 SlopeVerts=0
[+22:51:29.316] VoxelMesh: Chunk X=7 Y=-24 Z=0 FlatVerts=0 SlopeVerts=0
[+22:51:29.326] VoxelMesh: Chunk X=2 Y=-2 Z=-4 FlatVerts=0 SlopeVerts=0
[+22:51:29.326] VoxelChunk: GenerateAsync (4,-23,-2)
[+22:51:29.327] VoxelMesh: Chunk X=-3 Y=2 Z=-4 FlatVerts=0 SlopeVerts=0
[+22:51:29.327] VoxelChunk: GenerateAsync (6,-27,0)
[+22:51:29.328] VoxelMesh: Chunk X=4 Y=-23 Z=-2 FlatVerts=0 SlopeVerts=0
[+22:51:29.328] VoxelMesh: Chunk X=6 Y=-27 Z=0 FlatVerts=0 SlopeVerts=0
[+22:51:29.329] VoxelMesh: Chunk X=3 Y=2 Z=-4 FlatVerts=0 SlopeVerts=0
[+22:51:29.329] VoxelChunk: GenerateAsync (6,-23,-2)
[+22:51:29.330] VoxelMesh: Chunk X=-2 Y=3 Z=-4 FlatVerts=0 SlopeVerts=0
[+22:51:29.330] VoxelChunk: GenerateAsync (6,-23,0)
[+22:51:29.331] VoxelMesh: Chunk X=6 Y=-23 Z=0 FlatVerts=0 SlopeVerts=0
[+22:51:29.331] VoxelMesh: Chunk X=6 Y=-23 Z=-2 FlatVerts=0 SlopeVerts=0
[+22:51:29.340] VoxelMesh: Chunk X=0 Y=3 Z=-4 FlatVerts=0 SlopeVerts=0
[+22:51:29.340] VoxelChunk: GenerateAsync (4,-27,0)
[+22:51:29.341] VoxelMesh: Chunk X=4 Y=-27 Z=0 FlatVerts=0 SlopeVerts=0
[+22:51:29.341] VoxelMesh: Chunk X=2 Y=3 Z=-4 FlatVerts=0 SlopeVerts=0
[+22:51:29.341] VoxelChunk: GenerateAsync (7,-26,0)
[+22:51:29.343] VoxelMesh: Chunk X=7 Y=-26 Z=0 FlatVerts=0 SlopeVerts=0
[+22:51:29.343] VoxelMesh: Chunk X=0 Y=-2 Z=-4 FlatVerts=0 SlopeVerts=0
[+22:51:29.343] VoxelChunk: GenerateAsync (3,-24,-2)
[+22:51:29.345] VoxelMesh: Chunk X=3 Y=3 Z=-4 FlatVerts=0 SlopeVerts=0
[+22:51:29.345] VoxelChunk: GenerateAsync (4,-23,0)
[+22:51:29.345] VoxelMesh: Chunk X=3 Y=-24 Z=-2 FlatVerts=0 SlopeVerts=0
[+22:51:29.346] VoxelMesh: Chunk X=4 Y=-23 Z=0 FlatVerts=0 SlopeVerts=0
[+22:51:29.355] VoxelMesh: Chunk X=-2 Y=-3 Z=-4 FlatVerts=1038 SlopeVerts=990
[+22:51:29.355] VoxelChunk: GenerateAsync (6,-26,1)
[+22:51:29.356] VoxelMesh: Chunk X=6 Y=-26 Z=1 FlatVerts=1038 SlopeVerts=990
[+22:51:29.357] VoxelMesh: Chunk X=1 Y=-2 Z=-4 FlatVerts=0 SlopeVerts=0
[+22:51:29.357] VoxelChunk: GenerateAsync (4,-27,-2)
[+22:51:29.358] VoxelMesh: Chunk X=-3 Y=-3 Z=-4 FlatVerts=78 SlopeVerts=390
[+22:51:29.358] VoxelChunk: GenerateAsync (4,-24,1)
[+22:51:29.359] VoxelMesh: Chunk X=4 Y=-27 Z=-2 FlatVerts=0 SlopeVerts=0
[+22:51:29.360] VoxelMesh: Chunk X=4 Y=-24 Z=1 FlatVerts=78 SlopeVerts=390
[+22:51:29.360] VoxelMesh: Chunk X=-3 Y=-3 Z=4 FlatVerts=0 SlopeVerts=0
[+22:51:29.360] VoxelChunk: GenerateAsync (6,-26,-3)
[+22:51:29.361] VoxelMesh: Chunk X=6 Y=-26 Z=-3 FlatVerts=0 SlopeVerts=0
[+22:51:29.369] VoxelWater: Chunk X=4 Y=-26 Z=2 emitted 16 procedural water vertices (Ocean/Pools)
[+22:51:29.369] VoxelWater: Chunk X=4 Y=-26 Z=1 emitted 72 procedural water vertices (Ocean/Pools)
[+22:51:29.369] VoxelWater: Chunk X=4 Y=-25 Z=2 emitted 196 procedural water vertices (Ocean/Pools)
[+22:51:29.369] VoxelWater: Chunk X=4 Y=-25 Z=3 emitted 96 procedural water vertices (Ocean/Pools)
[+22:51:29.369] VoxelWater: Chunk X=4 Y=-25 Z=1 emitted 24 procedural water vertices (Ocean/Pools)
[+22:51:29.369] VoxelWater: Chunk X=5 Y=-25 Z=2 emitted 240 procedural water vertices (Ocean/Pools)
[+22:51:29.369] VoxelWater: Chunk X=4 Y=-24 Z=2 emitted 120 procedural water vertices (Ocean/Pools)
[+22:51:29.369] VoxelWater: Chunk X=4 Y=-24 Z=3 emitted 152 procedural water vertices (Ocean/Pools)
[+22:51:29.369] VoxelWater: Chunk X=5 Y=-25 Z=3 emitted 192 procedural water vertices (Ocean/Pools)
[+22:51:29.369] VoxelWater: Chunk X=5 Y=-24 Z=2 emitted 124 procedural water vertices (Ocean/Pools)
[+22:51:29.369] VoxelWater: Chunk X=5 Y=-24 Z=3 emitted 20 procedural water vertices (Ocean/Pools)
[+22:51:29.369] VoxelWater: Chunk X=6 Y=-24 Z=3 emitted 124 procedural water vertices (Ocean/Pools)
[+22:51:29.369] VoxelWater: Chunk X=6 Y=-26 Z=2 emitted 80 procedural water vertices (Ocean/Pools)
[+22:51:29.369] VoxelWater: Chunk X=6 Y=-26 Z=3 emitted 16 procedural water vertices (Ocean/Pools)
[+22:51:29.369] VoxelWater: Chunk X=6 Y=-25 Z=3 emitted 280 procedural water vertices (Ocean/Pools)
[+22:51:29.369] VoxelWater: Chunk X=6 Y=-25 Z=2 emitted 12 procedural water vertices (Ocean/Pools)
[+22:51:29.369] VoxelWater: Chunk X=6 Y=-24 Z=2 emitted 80 procedural water vertices (Ocean/Pools)
[+22:51:29.369] VoxelWater: Chunk X=5 Y=-26 Z=1 emitted 36 procedural water vertices (Ocean/Pools)
[+22:51:29.369] VoxelWater: Chunk X=6 Y=-26 Z=1 emitted 4 procedural water vertices (Ocean/Pools)
[+22:51:29.381] VoxelMesh: Chunk X=-2 Y=-3 Z=4 FlatVerts=0 SlopeVerts=0
[+22:51:29.381] VoxelChunk: GenerateAsync (7,-26,-2)
[+22:51:29.383] VoxelMesh: Chunk X=-1 Y=-3 Z=4 FlatVerts=0 SlopeVerts=0
[+22:51:29.383] VoxelMesh: Chunk X=7 Y=-26 Z=-2 FlatVerts=0 SlopeVerts=0
[+22:51:29.384] VoxelChunk: GenerateAsync (6,-27,-2)
[+22:51:29.384] VoxelMesh: Chunk X=0 Y=-3 Z=4 FlatVerts=462 SlopeVerts=1080
[+22:51:29.384] VoxelChunk: GenerateAsync (6,-24,1)
[+22:51:29.385] VoxelMesh: Chunk X=6 Y=-27 Z=-2 FlatVerts=0 SlopeVerts=0
[+22:51:29.386] VoxelMesh: Chunk X=6 Y=-24 Z=1 FlatVerts=462 SlopeVerts=1080
[+22:51:29.386] VoxelMesh: Chunk X=1 Y=-3 Z=4 FlatVerts=0 SlopeVerts=0
[+22:51:29.386] VoxelChunk: GenerateAsync (3,-26,-2)
[+22:51:29.388] VoxelMesh: Chunk X=3 Y=-26 Z=-2 FlatVerts=0 SlopeVerts=0
[+22:51:29.397] VoxelMesh: Chunk X=2 Y=-3 Z=4 FlatVerts=0 SlopeVerts=0
[+22:51:29.398] VoxelChunk: GenerateAsync (6,-24,-3)
[+22:51:29.400] VoxelMesh: Chunk X=3 Y=-3 Z=4 FlatVerts=0 SlopeVerts=0
[+22:51:29.400] VoxelChunk: GenerateAsync (4,-24,-3)
[+22:51:29.400] VoxelMesh: Chunk X=6 Y=-24 Z=-3 FlatVerts=0 SlopeVerts=0
[+22:51:29.402] VoxelMesh: Chunk X=-3 Y=-2 Z=4 FlatVerts=0 SlopeVerts=0
[+22:51:29.402] VoxelChunk: GenerateAsync (3,-24,0)
[+22:51:29.403] VoxelMesh: Chunk X=4 Y=-24 Z=-3 FlatVerts=0 SlopeVerts=0
[+22:51:29.404] VoxelMesh: Chunk X=-2 Y=-2 Z=4 FlatVerts=0 SlopeVerts=0
[+22:51:29.404] VoxelChunk: GenerateAsync (4,-26,-3)
[+22:51:29.404] VoxelMesh: Chunk X=3 Y=-24 Z=0 FlatVerts=0 SlopeVerts=0
[+22:51:29.406] VoxelMesh: Chunk X=4 Y=-26 Z=-3 FlatVerts=0 SlopeVerts=0
[+22:51:29.414] VoxelMesh: Chunk X=-1 Y=-2 Z=4 FlatVerts=0 SlopeVerts=0
[+22:51:29.414] VoxelChunk: GenerateAsync (3,-27,-1)
[+22:51:29.415] VoxelMesh: Chunk X=0 Y=-2 Z=4 FlatVerts=1278 SlopeVerts=1242
[+22:51:29.415] VoxelChunk: GenerateAsync (5,-23,1)
[+22:51:29.415] VoxelMesh: Chunk X=3 Y=-27 Z=-1 FlatVerts=0 SlopeVerts=0
[+22:51:29.416] VoxelMesh: Chunk X=5 Y=-23 Z=1 FlatVerts=1278 SlopeVerts=1242
[+22:51:29.416] VoxelMesh: Chunk X=1 Y=-2 Z=4 FlatVerts=0 SlopeVerts=0
[+22:51:29.416] VoxelChunk: GenerateAsync (7,-27,-1)
[+22:51:29.418] VoxelMesh: Chunk X=7 Y=-27 Z=-1 FlatVerts=0 SlopeVerts=0
[+22:51:29.419] VoxelMesh: Chunk X=2 Y=-2 Z=4 FlatVerts=0 SlopeVerts=0
[+22:51:29.419] VoxelChunk: GenerateAsync (5,-27,-3)
[+22:51:29.420] VoxelMesh: Chunk X=5 Y=-27 Z=-3 FlatVerts=0 SlopeVerts=0
[+22:51:29.427] VoxelMesh: Chunk X=3 Y=-2 Z=4 FlatVerts=840 SlopeVerts=1254
[+22:51:29.428] VoxelChunk: GenerateAsync (5,-27,1)
[+22:51:29.429] VoxelMesh: Chunk X=5 Y=-27 Z=1 FlatVerts=840 SlopeVerts=1254
[+22:51:29.429] VoxelMesh: Chunk X=-3 Y=-1 Z=4 FlatVerts=0 SlopeVerts=0
[+22:51:29.430] VoxelChunk: GenerateAsync (7,-25,-3)
[+22:51:29.431] VoxelMesh: Chunk X=-2 Y=-1 Z=4 FlatVerts=0 SlopeVerts=0
[+22:51:29.431] VoxelChunk: GenerateAsync (3,-23,-1)
[+22:51:29.433] VoxelMesh: Chunk X=7 Y=-25 Z=-3 FlatVerts=0 SlopeVerts=0
[+22:51:29.433] VoxelMesh: Chunk X=-1 Y=-1 Z=4 FlatVerts=0 SlopeVerts=0
[+22:51:29.434] VoxelMesh: Chunk X=3 Y=-23 Z=-1 FlatVerts=0 SlopeVerts=0
[+22:51:29.434] VoxelChunk: GenerateAsync (7,-25,1)
[+22:51:29.435] VoxelMesh: Chunk X=7 Y=-25 Z=1 FlatVerts=0 SlopeVerts=0
[+22:51:29.445] VoxelMesh: Chunk X=0 Y=-1 Z=4 FlatVerts=0 SlopeVerts=0
[+22:51:29.445] VoxelChunk: GenerateAsync (7,-23,-1)
[+22:51:29.447] VoxelMesh: Chunk X=7 Y=-23 Z=-1 FlatVerts=0 SlopeVerts=0
[+22:51:29.447] VoxelMesh: Chunk X=1 Y=-1 Z=4 FlatVerts=0 SlopeVerts=0
[+22:51:29.447] VoxelChunk: GenerateAsync (3,-25,-3)
[+22:51:29.450] VoxelMesh: Chunk X=2 Y=-1 Z=4 FlatVerts=0 SlopeVerts=0
[+22:51:29.450] VoxelChunk: GenerateAsync (5,-23,-3)
[+22:51:29.450] VoxelMesh: Chunk X=3 Y=-25 Z=-3 FlatVerts=0 SlopeVerts=0
[+22:51:29.451] VoxelMesh: Chunk X=3 Y=-1 Z=4 FlatVerts=0 SlopeVerts=0
[+22:51:29.451] VoxelMesh: Chunk X=5 Y=-23 Z=-3 FlatVerts=0 SlopeVerts=0
[+22:51:29.451] VoxelChunk: GenerateAsync (3,-25,1)
[+22:51:29.453] VoxelMesh: Chunk X=3 Y=-25 Z=1 FlatVerts=0 SlopeVerts=0
[+22:51:29.459] VoxelMesh: Chunk X=-3 Y=0 Z=4 FlatVerts=0 SlopeVerts=0
[+22:51:29.459] VoxelChunk: GenerateAsync (5,-25,-4)
[+22:51:29.460] VoxelMesh: Chunk X=-2 Y=0 Z=4 FlatVerts=1920 SlopeVerts=12
[+22:51:29.461] VoxelMesh: Chunk X=5 Y=-25 Z=-4 FlatVerts=0 SlopeVerts=0
[+22:51:29.461] VoxelChunk: GenerateAsync (6,-23,1)
[+22:51:29.462] VoxelMesh: Chunk X=6 Y=-23 Z=1 FlatVerts=1920 SlopeVerts=12
[+22:51:29.463] VoxelMesh: Chunk X=-1 Y=0 Z=4 FlatVerts=0 SlopeVerts=0
[+22:51:29.463] VoxelChunk: GenerateAsync (8,-25,-1)
[+22:51:29.465] VoxelMesh: Chunk X=8 Y=-25 Z=-1 FlatVerts=0 SlopeVerts=0
[+22:51:29.465] VoxelMesh: Chunk X=0 Y=0 Z=4 FlatVerts=906 SlopeVerts=1110
[+22:51:29.466] VoxelChunk: GenerateAsync (7,-26,1)
[+22:51:29.467] VoxelMesh: Chunk X=7 Y=-26 Z=1 FlatVerts=906 SlopeVerts=1110
[+22:51:29.476] VoxelMesh: Chunk X=1 Y=0 Z=4 FlatVerts=0 SlopeVerts=0
[+22:51:29.477] VoxelChunk: GenerateAsync (3,-24,1)
[+22:51:29.478] VoxelMesh: Chunk X=2 Y=0 Z=4 FlatVerts=270 SlopeVerts=474
[+22:51:29.479] VoxelChunk: GenerateAsync (3,-26,1)
[+22:51:29.479] VoxelMesh: Chunk X=3 Y=-24 Z=1 FlatVerts=0 SlopeVerts=0
[+22:51:29.479] VoxelMesh: Chunk X=3 Y=0 Z=4 FlatVerts=1878 SlopeVerts=660
[+22:51:29.479] VoxelMesh: Chunk X=3 Y=-26 Z=1 FlatVerts=270 SlopeVerts=474
[+22:51:29.479] VoxelChunk: GenerateAsync (6,-27,1)
[+22:51:29.480] VoxelMesh: Chunk X=-3 Y=1 Z=4 FlatVerts=174 SlopeVerts=738
[+22:51:29.480] VoxelChunk: GenerateAsync (4,-27,1)
[+22:51:29.480] VoxelMesh: Chunk X=6 Y=-27 Z=1 FlatVerts=1878 SlopeVerts=660
[+22:51:29.481] VoxelMesh: Chunk X=4 Y=-27 Z=1 FlatVerts=174 SlopeVerts=738
[+22:51:29.492] VoxelMesh: Chunk X=-2 Y=1 Z=4 FlatVerts=0 SlopeVerts=0
[+22:51:29.492] VoxelChunk: GenerateAsync (7,-23,0)
[+22:51:29.493] VoxelMesh: Chunk X=7 Y=-23 Z=0 FlatVerts=0 SlopeVerts=0
[+22:51:29.494] VoxelMesh: Chunk X=-1 Y=1 Z=4 FlatVerts=0 SlopeVerts=0
[+22:51:29.494] VoxelChunk: GenerateAsync (3,-23,0)
[+22:51:29.496] VoxelMesh: Chunk X=0 Y=1 Z=4 FlatVerts=0 SlopeVerts=90
[+22:51:29.496] VoxelMesh: Chunk X=3 Y=-23 Z=0 FlatVerts=0 SlopeVerts=0
[+22:51:29.496] VoxelChunk: GenerateAsync (7,-24,1)
[+22:51:29.496] VoxelMesh: Chunk X=1 Y=1 Z=4 FlatVerts=0 SlopeVerts=0
[+22:51:29.496] VoxelChunk: GenerateAsync (7,-27,0)
[+22:51:29.496] VoxelMesh: Chunk X=7 Y=-27 Z=0 FlatVerts=0 SlopeVerts=0
[+22:51:29.496] VoxelMesh: Chunk X=7 Y=-24 Z=1 FlatVerts=0 SlopeVerts=90
[+22:51:29.505] VoxelMesh: Chunk X=2 Y=1 Z=4 FlatVerts=48 SlopeVerts=192
[+22:51:29.506] VoxelChunk: GenerateAsync (4,-23,1)
[+22:51:29.507] VoxelMesh: Chunk X=3 Y=1 Z=4 FlatVerts=0 SlopeVerts=0
[+22:51:29.507] VoxelMesh: Chunk X=4 Y=-23 Z=1 FlatVerts=48 SlopeVerts=192
[+22:51:29.507] VoxelChunk: GenerateAsync (3,-27,0)
[+22:51:29.509] VoxelMesh: Chunk X=3 Y=-27 Z=0 FlatVerts=0 SlopeVerts=0
[+22:51:29.509] VoxelMesh: Chunk X=-3 Y=2 Z=4 FlatVerts=0 SlopeVerts=0
[+22:51:29.509] VoxelChunk: GenerateAsync (5,-22,-1)
[+22:51:29.511] VoxelMesh: Chunk X=-2 Y=2 Z=4 FlatVerts=0 SlopeVerts=0
[+22:51:29.511] VoxelChunk: GenerateAsync (3,-26,-3)
[+22:51:29.511] VoxelMesh: Chunk X=5 Y=-22 Z=-1 FlatVerts=0 SlopeVerts=0
[+22:51:29.513] VoxelMesh: Chunk X=3 Y=-26 Z=-3 FlatVerts=0 SlopeVerts=0
[+22:51:29.520] VoxelMesh: Chunk X=-1 Y=2 Z=4 FlatVerts=0 SlopeVerts=0
[+22:51:29.521] VoxelChunk: GenerateAsync (2,-25,-1)
[+22:51:29.523] VoxelMesh: Chunk X=2 Y=-25 Z=-1 FlatVerts=0 SlopeVerts=0
[+22:51:29.523] VoxelMesh: Chunk X=0 Y=2 Z=4 FlatVerts=0 SlopeVerts=0
[+22:51:29.523] VoxelChunk: GenerateAsync (5,-28,-1)
[+22:51:29.525] VoxelMesh: Chunk X=1 Y=2 Z=4 FlatVerts=0 SlopeVerts=0
[+22:51:29.525] VoxelChunk: GenerateAsync (7,-23,-2)
[+22:51:29.525] VoxelMesh: Chunk X=5 Y=-28 Z=-1 FlatVerts=0 SlopeVerts=0
[+22:51:29.526] VoxelMesh: Chunk X=2 Y=2 Z=4 FlatVerts=0 SlopeVerts=0
[+22:51:29.526] VoxelChunk: GenerateAsync (3,-23,-2)
[+22:51:29.526] VoxelMesh: Chunk X=7 Y=-23 Z=-2 FlatVerts=0 SlopeVerts=0
[+22:51:29.528] VoxelMesh: Chunk X=3 Y=-23 Z=-2 FlatVerts=0 SlopeVerts=0
[+22:51:29.538] VoxelMesh: Chunk X=3 Y=2 Z=4 FlatVerts=0 SlopeVerts=0
[+22:51:29.538] VoxelChunk: GenerateAsync (7,-27,-2)
[+22:51:29.540] VoxelMesh: Chunk X=-3 Y=3 Z=4 FlatVerts=0 SlopeVerts=0
[+22:51:29.540] VoxelChunk: GenerateAsync (3,-27,-2)
[+22:51:29.540] VoxelMesh: Chunk X=7 Y=-27 Z=-2 FlatVerts=0 SlopeVerts=0
[+22:51:29.542] VoxelMesh: Chunk X=-2 Y=3 Z=4 FlatVerts=0 SlopeVerts=0
[+22:51:29.542] VoxelMesh: Chunk X=3 Y=-27 Z=-2 FlatVerts=0 SlopeVerts=0
[+22:51:29.542] VoxelChunk: GenerateAsync (6,-23,-3)
[+22:51:29.543] VoxelMesh: Chunk X=-1 Y=3 Z=4 FlatVerts=0 SlopeVerts=0
[+22:51:29.544] VoxelChunk: GenerateAsync (4,-27,-3)
[+22:51:29.544] VoxelMesh: Chunk X=6 Y=-23 Z=-3 FlatVerts=0 SlopeVerts=0
[+22:51:29.545] VoxelMesh: Chunk X=4 Y=-27 Z=-3 FlatVerts=0 SlopeVerts=0
[+22:51:29.560] VoxelMesh: Chunk X=0 Y=0 Z=0 FlatVerts=0 SlopeVerts=0
[+22:51:29.560] VoxelChunk: GenerateAsync (4,-23,-3)
[+22:51:29.562] VoxelMesh: Chunk X=4 Y=-23 Z=-3 FlatVerts=0 SlopeVerts=0
[+22:51:29.568] VoxelMesh: Chunk X=0 Y=0 Z=0 FlatVerts=0 SlopeVerts=0
[+22:51:29.569] VoxelChunk: GenerateAsync (6,-27,-3)
[+22:51:29.570] VoxelMesh: Chunk X=6 Y=-27 Z=-3 FlatVerts=0 SlopeVerts=0
[+22:51:29.575] VoxelMesh: Chunk X=0 Y=0 Z=0 FlatVerts=0 SlopeVerts=0
[+22:51:29.576] VoxelChunk: GenerateAsync (7,-24,-3)
[+22:51:29.579] VoxelMesh: Chunk X=7 Y=-24 Z=-3 FlatVerts=0 SlopeVerts=0
[+22:51:29.582] VoxelMesh: Chunk X=0 Y=0 Z=0 FlatVerts=0 SlopeVerts=0
[+22:51:29.582] VoxelChunk: GenerateAsync (3,-24,-3)
[+22:51:29.585] VoxelMesh: Chunk X=3 Y=-24 Z=-3 FlatVerts=0 SlopeVerts=0
[+22:51:29.597] VoxelMesh: Chunk X=0 Y=0 Z=0 FlatVerts=0 SlopeVerts=0
[+22:51:29.597] VoxelChunk: GenerateAsync (7,-26,-3)
[+22:51:29.599] VoxelMesh: Chunk X=7 Y=-26 Z=-3 FlatVerts=0 SlopeVerts=0
[+22:51:29.602] VoxelMesh: Chunk X=0 Y=0 Z=0 FlatVerts=0 SlopeVerts=0
[+22:51:29.602] VoxelChunk: GenerateAsync (4,-28,-1)
[+22:51:29.604] VoxelMesh: Chunk X=4 Y=-28 Z=-1 FlatVerts=0 SlopeVerts=0
[+22:51:29.606] VoxelMesh: Chunk X=0 Y=0 Z=0 FlatVerts=3822 SlopeVerts=2934
[+22:51:29.607] VoxelChunk: GenerateAsync (2,-25,0)
[+22:51:29.609] VoxelMesh: Chunk X=2 Y=-25 Z=0 FlatVerts=0 SlopeVerts=0
[+22:51:29.613] VoxelMesh: Chunk X=0 Y=0 Z=0 FlatVerts=0 SlopeVerts=0
[+22:51:29.614] VoxelChunk: GenerateAsync (2,-25,-2)
[+22:51:29.615] VoxelMesh: Chunk X=2 Y=-25 Z=-2 FlatVerts=0 SlopeVerts=0
[+22:51:29.627] VoxelWater: Chunk X=4 Y=-27 Z=1 emitted 12 procedural water vertices (Ocean/Pools)
[+22:51:29.627] VoxelWater: Chunk X=6 Y=-27 Z=1 emitted 48 procedural water vertices (Ocean/Pools)
[+22:51:29.627] VoxelWater: Chunk X=3 Y=-26 Z=1 emitted 12 procedural water vertices (Ocean/Pools)
[+22:51:29.627] VoxelWater: Chunk X=7 Y=-26 Z=1 emitted 20 procedural water vertices (Ocean/Pools)
[+22:51:29.627] VoxelWater: Chunk X=5 Y=-27 Z=1 emitted 12 procedural water vertices (Ocean/Pools)
[+22:51:29.627] VoxelWater: Chunk X=5 Y=-23 Z=1 emitted 20 procedural water vertices (Ocean/Pools)
[+22:51:29.628] VoxelWater: Chunk X=6 Y=-23 Z=1 emitted 4 procedural water vertices (Ocean/Pools)
[+22:51:29.628] VoxelWater: Chunk X=4 Y=-26 Z=2 emitted 16 procedural water vertices (Ocean/Pools)
[+22:51:29.628] VoxelWater: Chunk X=4 Y=-26 Z=1 emitted 108 procedural water vertices (Ocean/Pools)
[+22:51:29.628] VoxelWater: Chunk X=4 Y=-25 Z=2 emitted 240 procedural water vertices (Ocean/Pools)
[+22:51:29.628] VoxelWater: Chunk X=4 Y=-25 Z=3 emitted 100 procedural water vertices (Ocean/Pools)
[+22:51:29.628] VoxelWater: Chunk X=4 Y=-24 Z=3 emitted 156 procedural water vertices (Ocean/Pools)
[+22:51:29.628] VoxelWater: Chunk X=4 Y=-25 Z=1 emitted 36 procedural water vertices (Ocean/Pools)
[+22:51:29.628] VoxelWater: Chunk X=5 Y=-25 Z=2 emitted 260 procedural water vertices (Ocean/Pools)
[+22:51:29.628] VoxelWater: Chunk X=4 Y=-24 Z=2 emitted 132 procedural water vertices (Ocean/Pools)
[+22:51:29.628] VoxelWater: Chunk X=5 Y=-25 Z=3 emitted 192 procedural water vertices (Ocean/Pools)
[+22:51:29.628] VoxelWater: Chunk X=6 Y=-25 Z=2 emitted 20 procedural water vertices (Ocean/Pools)
[+22:51:29.628] VoxelWater: Chunk X=5 Y=-24 Z=2 emitted 132 procedural water vertices (Ocean/Pools)
[+22:51:29.628] VoxelWater: Chunk X=5 Y=-24 Z=3 emitted 20 procedural water vertices (Ocean/Pools)
[+22:51:29.628] VoxelWater: Chunk X=6 Y=-24 Z=3 emitted 124 procedural water vertices (Ocean/Pools)
[+22:51:29.628] VoxelWater: Chunk X=6 Y=-26 Z=2 emitted 108 procedural water vertices (Ocean/Pools)
[+22:51:29.628] VoxelWater: Chunk X=6 Y=-26 Z=3 emitted 16 procedural water vertices (Ocean/Pools)
[+22:51:29.628] VoxelWater: Chunk X=6 Y=-25 Z=3 emitted 288 procedural water vertices (Ocean/Pools)
[+22:51:29.628] VoxelWater: Chunk X=6 Y=-24 Z=2 emitted 108 procedural water vertices (Ocean/Pools)
[+22:51:29.628] VoxelWater: Chunk X=6 Y=-24 Z=1 emitted 8 procedural water vertices (Ocean/Pools)
[+22:51:29.628] VoxelWater: Chunk X=4 Y=-24 Z=1 emitted 12 procedural water vertices (Ocean/Pools)
[+22:51:29.628] VoxelWater: Chunk X=6 Y=-26 Z=1 emitted 8 procedural water vertices (Ocean/Pools)
[+22:51:29.628] VoxelWater: Chunk X=5 Y=-26 Z=1 emitted 56 procedural water vertices (Ocean/Pools)
[+22:51:29.628] VoxelWater: Chunk X=5 Y=-25 Z=1 emitted 4 procedural water vertices (Ocean/Pools)
[+22:51:29.638] VoxelChunk: GenerateAsync (7,-27,-2)
[+22:51:29.638] VoxelChunk: GenerateAsync (3,-23,-2)
[+22:51:29.638] VoxelChunk: GenerateAsync (7,-23,-2)
[+22:51:29.638] VoxelChunk: GenerateAsync (5,-28,-1)
[+22:51:29.638] VoxelChunk: GenerateAsync (2,-25,-1)
[+22:51:29.638] VoxelChunk: GenerateAsync (5,-22,-1)
[+22:51:29.638] VoxelChunk: GenerateAsync (3,-27,0)
[+22:51:29.638] VoxelChunk: GenerateAsync (4,-23,1)
[+22:51:29.638] VoxelChunk: GenerateAsync (7,-27,0)
[+22:51:29.638] VoxelChunk: GenerateAsync (7,-24,1)
[+22:51:29.638] VoxelChunk: GenerateAsync (3,-23,0)
[+22:51:29.638] VoxelChunk: GenerateAsync (7,-23,0)
[+22:51:29.638] VoxelChunk: GenerateAsync (4,-27,1)
[+22:51:29.638] VoxelChunk: GenerateAsync (6,-27,1)
[+22:51:29.638] VoxelChunk: GenerateAsync (3,-26,1)
[+22:51:29.638] VoxelChunk: GenerateAsync (3,-24,1)
[+22:51:29.638] VoxelChunk: GenerateAsync (7,-26,1)
[+22:51:29.638] VoxelChunk: GenerateAsync (8,-25,-1)
[+22:51:29.638] VoxelChunk: GenerateAsync (6,-23,1)
[+22:51:29.638] VoxelChunk: GenerateAsync (3,-25,1)
[+22:51:29.638] VoxelChunk: GenerateAsync (7,-23,-1)
[+22:51:29.638] VoxelChunk: GenerateAsync (7,-25,1)
[+22:51:29.638] VoxelChunk: GenerateAsync (3,-23,-1)
[+22:51:29.638] VoxelChunk: GenerateAsync (5,-27,1)
[+22:51:29.638] VoxelChunk: GenerateAsync (7,-27,-1)
[+22:51:29.638] VoxelChunk: GenerateAsync (5,-23,1)
[+22:51:29.638] VoxelChunk: GenerateAsync (3,-27,-1)
[+22:51:29.638] VoxelChunk: GenerateAsync (3,-24,0)
[+22:51:29.638] VoxelChunk: GenerateAsync (6,-24,1)
[+22:51:29.638] VoxelChunk: GenerateAsync (4,-26,3)
[+22:51:29.638] VoxelChunk: GenerateAsync (4,-25,3)
[+22:51:29.638] VoxelChunk: GenerateAsync (4,-24,-1)
[+22:51:29.638] VoxelChunk: GenerateAsync (4,-24,3)
[+22:51:29.638] VoxelChunk: GenerateAsync (5,-26,3)
[+22:51:29.638] VoxelChunk: GenerateAsync (5,-25,3)
[+22:51:29.638] VoxelChunk: GenerateAsync (5,-24,-1)
[+22:51:29.638] VoxelChunk: GenerateAsync (5,-24,3)
[+22:51:29.638] VoxelChunk: GenerateAsync (6,-26,-1)
[+22:51:29.638] VoxelChunk: GenerateAsync (6,-26,3)
[+22:51:29.638] VoxelChunk: GenerateAsync (6,-25,-1)
[+22:51:29.638] VoxelChunk: GenerateAsync (6,-25,3)
[+22:51:29.638] VoxelChunk: GenerateAsync (6,-24,-1)
[+22:51:29.638] VoxelChunk: GenerateAsync (6,-24,3)
[+22:51:29.639] VoxelChunk: GenerateAsync (4,-24,1)
[+22:51:29.639] VoxelChunk: GenerateAsync (6,-26,1)
[+22:51:29.639] VoxelChunk: GenerateAsync (4,-23,0)
[+22:51:29.639] VoxelChunk: GenerateAsync (7,-26,0)
[+22:51:29.639] VoxelChunk: GenerateAsync (4,-27,0)
[+22:51:29.639] VoxelChunk: GenerateAsync (6,-23,0)
[+22:51:29.639] VoxelChunk: GenerateAsync (6,-23,-2)
[+22:51:29.639] VoxelChunk: GenerateAsync (6,-27,0)
[+22:51:29.639] VoxelChunk: GenerateAsync (7,-24,0)
[+22:51:29.639] VoxelChunk: GenerateAsync (3,-26,0)
[+22:51:29.639] VoxelChunk: GenerateAsync (7,-24,-2)
[+22:51:29.639] VoxelChunk: GenerateAsync (4,-26,1)
[+22:51:29.639] VoxelChunk: GenerateAsync (4,-25,1)
[+22:51:29.639] VoxelChunk: GenerateAsync (3,-24,-1)
[+22:51:29.639] VoxelChunk: GenerateAsync (7,-24,-1)
[+22:51:29.639] VoxelChunk: GenerateAsync (4,-23,-1)
[+22:51:29.639] VoxelChunk: GenerateAsync (5,-24,1)
[+22:51:29.639] VoxelChunk: GenerateAsync (4,-27,-1)
[+22:51:29.639] VoxelChunk: GenerateAsync (6,-23,-1)
[+22:51:29.639] VoxelChunk: GenerateAsync (6,-27,-1)
[+22:51:29.639] VoxelChunk: GenerateAsync (5,-27,0)
[+22:51:29.639] VoxelChunk: GenerateAsync (3,-26,-1)
[+22:51:29.639] VoxelChunk: GenerateAsync (5,-26,1)
[+22:51:29.639] VoxelChunk: GenerateAsync (6,-25,1)
[+22:51:29.639] VoxelChunk: GenerateAsync (7,-26,-1)
[+22:51:29.639] VoxelChunk: GenerateAsync (7,-25,0)
[+22:51:29.639] VoxelChunk: GenerateAsync (3,-25,0)
[+22:51:29.639] VoxelChunk: GenerateAsync (5,-23,0)
[+22:51:29.639] VoxelChunk: GenerateAsync (5,-23,-1)
[+22:51:29.639] VoxelChunk: GenerateAsync (5,-27,-1)
[+22:51:29.639] VoxelChunk: GenerateAsync (3,-25,-1)
[+22:51:29.639] VoxelChunk: GenerateAsync (7,-25,-1)
[+22:51:29.639] VoxelMesh: Chunk X=7 Y=-27 Z=0 FlatVerts=0 SlopeVerts=0
[+22:51:29.639] VoxelChunk: GenerateAsync (5,-25,1)
[+22:51:29.639] VoxelChunk: GenerateAsync (6,-24,0)
[+22:51:29.639] VoxelChunk: GenerateAsync (4,-24,0)
[+22:51:29.639] VoxelChunk: GenerateAsync (6,-26,0)
[+22:51:29.639] VoxelChunk: GenerateAsync (4,-26,0)
[+22:51:29.639] VoxelMesh: Chunk X=7 Y=-27 Z=-2 FlatVerts=0 SlopeVerts=0
[+22:51:29.639] VoxelChunk: GenerateAsync (4,-25,0)
[+22:51:29.639] VoxelChunk: GenerateAsync (5,-24,0)
[+22:51:29.639] VoxelChunk: GenerateAsync (6,-25,0)
[+22:51:29.639] VoxelChunk: GenerateAsync (5,-26,0)
[+22:51:29.639] VoxelChunk: GenerateAsync (5,-25,0)
[+22:51:29.639] VoxelChunk: GenerateAsync (4,-28,-1)
[+22:51:29.639] VoxelChunk: GenerateAsync (2,-25,0)
[+22:51:29.639] VoxelMesh: Chunk X=3 Y=-27 Z=0 FlatVerts=0 SlopeVerts=0
[+22:51:29.639] VoxelMesh: Chunk X=5 Y=-28 Z=-1 FlatVerts=0 SlopeVerts=0
[+22:51:29.639] VoxelMesh: Chunk X=5 Y=-22 Z=-1 FlatVerts=0 SlopeVerts=0
[+22:51:29.639] VoxelMesh: Chunk X=4 Y=-23 Z=1 FlatVerts=12 SlopeVerts=30
[+22:51:29.639] VoxelMesh: Chunk X=3 Y=-23 Z=-2 FlatVerts=0 SlopeVerts=0
[+22:51:29.639] VoxelMesh: Chunk X=2 Y=-25 Z=-1 FlatVerts=0 SlopeVerts=0
[+22:51:29.640] VoxelMesh: Chunk X=7 Y=-23 Z=-2 FlatVerts=0 SlopeVerts=0
[+22:51:29.640] VoxelMesh: Chunk X=4 Y=-27 Z=1 FlatVerts=24 SlopeVerts=150
[+22:51:29.640] VoxelMesh: Chunk X=7 Y=-23 Z=0 FlatVerts=0 SlopeVerts=0
[+22:51:29.640] VoxelMesh: Chunk X=6 Y=-27 Z=1 FlatVerts=462 SlopeVerts=150
[+22:51:29.640] VoxelMesh: Chunk X=7 Y=-24 Z=1 FlatVerts=0 SlopeVerts=12
[+22:51:29.640] VoxelMesh: Chunk X=3 Y=-26 Z=1 FlatVerts=66 SlopeVerts=90
[+22:51:29.640] VoxelMesh: Chunk X=3 Y=-23 Z=0 FlatVerts=0 SlopeVerts=0
[+22:51:29.640] VoxelMesh: Chunk X=7 Y=-26 Z=1 FlatVerts=210 SlopeVerts=258
[+22:51:29.641] VoxelMesh: Chunk X=6 Y=-23 Z=1 FlatVerts=504 SlopeVerts=0
[+22:51:29.641] VoxelMesh: Chunk X=3 Y=-24 Z=1 FlatVerts=0 SlopeVerts=0
[+22:51:29.641] VoxelMesh: Chunk X=5 Y=-27 Z=1 FlatVerts=186 SlopeVerts=276
[+22:51:29.641] VoxelMesh: Chunk X=3 Y=-25 Z=1 FlatVerts=0 SlopeVerts=0
[+22:51:29.641] VoxelMesh: Chunk X=7 Y=-23 Z=-1 FlatVerts=0 SlopeVerts=0
[+22:51:29.641] VoxelMesh: Chunk X=5 Y=-23 Z=1 FlatVerts=336 SlopeVerts=252
[+22:51:29.641] VoxelMesh: Chunk X=8 Y=-25 Z=-1 FlatVerts=0 SlopeVerts=0
[+22:51:29.642] VoxelMesh: Chunk X=7 Y=-25 Z=1 FlatVerts=0 SlopeVerts=0
[+22:51:29.642] VoxelMesh: Chunk X=7 Y=-27 Z=-1 FlatVerts=0 SlopeVerts=0
[+22:51:29.642] VoxelMesh: Chunk X=3 Y=-23 Z=-1 FlatVerts=0 SlopeVerts=0
[+22:51:29.642] VoxelMesh: Chunk X=4 Y=-25 Z=3 FlatVerts=36 SlopeVerts=186
[+22:51:29.642] VoxelMesh: Chunk X=4 Y=-26 Z=3 FlatVerts=0 SlopeVerts=0
[+22:51:29.642] VoxelMesh: Chunk X=4 Y=-24 Z=3 FlatVerts=72 SlopeVerts=108
[+22:51:29.642] VoxelMesh: Chunk X=6 Y=-24 Z=1 FlatVerts=108 SlopeVerts=276
[+22:51:29.642] VoxelMesh: Chunk X=5 Y=-26 Z=3 FlatVerts=0 SlopeVerts=0
[+22:51:29.642] VoxelMesh: Chunk X=5 Y=-25 Z=3 FlatVerts=36 SlopeVerts=96
[+22:51:29.642] VoxelMesh: Chunk X=3 Y=-27 Z=-1 FlatVerts=0 SlopeVerts=0
[+22:51:29.643] VoxelMesh: Chunk X=6 Y=-26 Z=3 FlatVerts=0 SlopeVerts=36
[+22:51:29.643] VoxelMesh: Chunk X=3 Y=-24 Z=0 FlatVerts=0 SlopeVerts=0
[+22:51:29.643] VoxelMesh: Chunk X=5 Y=-24 Z=3 FlatVerts=0 SlopeVerts=6
[+22:51:29.643] VoxelMesh: Chunk X=6 Y=-25 Z=3 FlatVerts=0 SlopeVerts=180
[+22:51:29.643] VoxelMesh: Chunk X=4 Y=-24 Z=-1 FlatVerts=0 SlopeVerts=0
[+22:51:29.643] VoxelMesh: Chunk X=6 Y=-24 Z=3 FlatVerts=0 SlopeVerts=156
[+22:51:29.643] VoxelMesh: Chunk X=5 Y=-24 Z=-1 FlatVerts=0 SlopeVerts=0
[+22:51:29.643] VoxelMesh: Chunk X=6 Y=-26 Z=1 FlatVerts=318 SlopeVerts=192
[+22:51:29.643] VoxelMesh: Chunk X=4 Y=-24 Z=1 FlatVerts=6 SlopeVerts=72
[+22:51:29.643] VoxelMesh: Chunk X=6 Y=-26 Z=-1 FlatVerts=0 SlopeVerts=0
[+22:51:29.644] VoxelMesh: Chunk X=6 Y=-25 Z=-1 FlatVerts=0 SlopeVerts=0
[+22:51:29.644] VoxelMesh: Chunk X=6 Y=-23 Z=0 FlatVerts=0 SlopeVerts=0
[+22:51:29.644] VoxelMesh: Chunk X=7 Y=-26 Z=0 FlatVerts=0 SlopeVerts=0
[+22:51:29.644] VoxelMesh: Chunk X=6 Y=-27 Z=0 FlatVerts=0 SlopeVerts=0
[+22:51:29.644] VoxelMesh: Chunk X=6 Y=-24 Z=-1 FlatVerts=0 SlopeVerts=0
[+22:51:29.644] VoxelMesh: Chunk X=4 Y=-27 Z=0 FlatVerts=0 SlopeVerts=0
[+22:51:29.644] VoxelMesh: Chunk X=4 Y=-23 Z=0 FlatVerts=0 SlopeVerts=0
[+22:51:29.645] VoxelMesh: Chunk X=4 Y=-26 Z=1 FlatVerts=540 SlopeVerts=126
[+22:51:29.645] VoxelMesh: Chunk X=4 Y=-25 Z=1 FlatVerts=30 SlopeVerts=126
[+22:51:29.645] VoxelMesh: Chunk X=3 Y=-26 Z=0 FlatVerts=0 SlopeVerts=0
[+22:51:29.645] VoxelMesh: Chunk X=6 Y=-23 Z=-2 FlatVerts=0 SlopeVerts=0
[+22:51:29.645] VoxelMesh: Chunk X=7 Y=-24 Z=0 FlatVerts=0 SlopeVerts=0
[+22:51:29.645] VoxelMesh: Chunk X=7 Y=-24 Z=-2 FlatVerts=0 SlopeVerts=0
[+22:51:29.645] VoxelMesh: Chunk X=5 Y=-24 Z=1 FlatVerts=114 SlopeVerts=288
[+22:51:29.646] VoxelMesh: Chunk X=3 Y=-24 Z=-1 FlatVerts=0 SlopeVerts=0
[+22:51:29.646] VoxelMesh: Chunk X=7 Y=-24 Z=-1 FlatVerts=0 SlopeVerts=0
[+22:51:29.646] VoxelMesh: Chunk X=5 Y=-27 Z=0 FlatVerts=0 SlopeVerts=0
[+22:51:29.646] VoxelMesh: Chunk X=4 Y=-23 Z=-1 FlatVerts=0 SlopeVerts=0
[+22:51:29.646] VoxelMesh: Chunk X=6 Y=-23 Z=-1 FlatVerts=0 SlopeVerts=0
[+22:51:29.646] VoxelMesh: Chunk X=6 Y=-27 Z=-1 FlatVerts=0 SlopeVerts=0
[+22:51:29.646] VoxelMesh: Chunk X=5 Y=-26 Z=1 FlatVerts=558 SlopeVerts=120
[+22:51:29.647] VoxelMesh: Chunk X=4 Y=-27 Z=-1 FlatVerts=0 SlopeVerts=0
[+22:51:29.647] VoxelMesh: Chunk X=5 Y=-23 Z=0 FlatVerts=0 SlopeVerts=0
[+22:51:29.647] VoxelMesh: Chunk X=3 Y=-26 Z=-1 FlatVerts=0 SlopeVerts=0
[+22:51:29.647] VoxelMesh: Chunk X=7 Y=-26 Z=-1 FlatVerts=0 SlopeVerts=0
[+22:51:29.647] VoxelMesh: Chunk X=6 Y=-25 Z=1 FlatVerts=0 SlopeVerts=0
[+22:51:29.648] VoxelMesh: Chunk X=3 Y=-25 Z=0 FlatVerts=0 SlopeVerts=0
[+22:51:29.648] VoxelMesh: Chunk X=5 Y=-25 Z=1 FlatVerts=42 SlopeVerts=114
[+22:51:29.648] VoxelMesh: Chunk X=7 Y=-25 Z=0 FlatVerts=0 SlopeVerts=0
[+22:51:29.648] VoxelMesh: Chunk X=5 Y=-23 Z=-1 FlatVerts=0 SlopeVerts=0
[+22:51:29.648] VoxelMesh: Chunk X=4 Y=-26 Z=0 FlatVerts=0 SlopeVerts=0
[+22:51:29.648] VoxelMesh: Chunk X=3 Y=-25 Z=-1 FlatVerts=0 SlopeVerts=0
[+22:51:29.649] VoxelMesh: Chunk X=6 Y=-26 Z=0 FlatVerts=0 SlopeVerts=0
[+22:51:29.649] VoxelMesh: Chunk X=7 Y=-25 Z=-1 FlatVerts=0 SlopeVerts=0
[+22:51:29.649] VoxelMesh: Chunk X=6 Y=-24 Z=0 FlatVerts=0 SlopeVerts=0
[+22:51:29.649] VoxelMesh: Chunk X=5 Y=-27 Z=-1 FlatVerts=0 SlopeVerts=0
[+22:51:29.649] VoxelMesh: Chunk X=5 Y=-26 Z=0 FlatVerts=0 SlopeVerts=0
[+22:51:29.649] VoxelMesh: Chunk X=0 Y=0 Z=0 FlatVerts=0 SlopeVerts=0
[+22:51:29.649] VoxelMesh: Chunk X=5 Y=-24 Z=0 FlatVerts=0 SlopeVerts=0
[+22:51:29.649] VoxelMesh: Chunk X=4 Y=-24 Z=0 FlatVerts=0 SlopeVerts=0
[+22:51:29.649] VoxelMesh: Chunk X=4 Y=-25 Z=0 FlatVerts=0 SlopeVerts=0
[+22:51:29.650] VoxelChunk: GenerateAsync (2,-26,-1)
[+22:51:29.650] VoxelMesh: Chunk X=5 Y=-25 Z=0 FlatVerts=0 SlopeVerts=0
[+22:51:29.650] VoxelMesh: Chunk X=4 Y=-28 Z=-1 FlatVerts=0 SlopeVerts=0
[+22:51:29.650] VoxelMesh: Chunk X=6 Y=-25 Z=0 FlatVerts=0 SlopeVerts=0
[+22:51:29.651] VoxelMesh: Chunk X=2 Y=-26 Z=-1 FlatVerts=0 SlopeVerts=0
[+22:51:29.652] VoxelMesh: Chunk X=2 Y=-25 Z=0 FlatVerts=0 SlopeVerts=0
[+22:51:29.653] VoxelMesh: Chunk X=0 Y=0 Z=0 FlatVerts=7284 SlopeVerts=3558
[+22:51:29.655] VoxelChunk: GenerateAsync (5,-22,0)
[+22:51:29.656] VoxelMesh: Chunk X=5 Y=-22 Z=0 FlatVerts=0 SlopeVerts=0
[+22:51:29.662] VoxelMesh: Chunk X=0 Y=0 Z=0 FlatVerts=0 SlopeVerts=0
[+22:51:29.662] VoxelChunk: GenerateAsync (6,-25,-4)
[+22:51:29.663] VoxelMesh: Chunk X=6 Y=-25 Z=-4 FlatVerts=0 SlopeVerts=0
[+22:51:29.668] VoxelMesh: Chunk X=0 Y=0 Z=0 FlatVerts=0 SlopeVerts=0
[+22:51:29.669] VoxelChunk: GenerateAsync (5,-26,-4)
[+22:51:29.670] VoxelMesh: Chunk X=5 Y=-26 Z=-4 FlatVerts=0 SlopeVerts=0
[+22:51:29.690] VoxelMesh: Chunk X=0 Y=0 Z=0 FlatVerts=0 SlopeVerts=0
[+22:51:29.690] VoxelChunk: GenerateAsync (8,-26,-1)
[+22:51:29.693] VoxelMesh: Chunk X=8 Y=-26 Z=-1 FlatVerts=0 SlopeVerts=0
[+22:51:29.696] VoxelMesh: Chunk X=0 Y=0 Z=0 FlatVerts=0 SlopeVerts=0
[+22:51:29.696] VoxelChunk: GenerateAsync (5,-24,-4)
[+22:51:29.701] VoxelMesh: Chunk X=5 Y=-24 Z=-4 FlatVerts=0 SlopeVerts=0
[+22:51:29.703] VoxelMesh: Chunk X=0 Y=0 Z=0 FlatVerts=0 SlopeVerts=0
[+22:51:29.704] VoxelChunk: GenerateAsync (5,-28,-2)
[+22:51:29.706] VoxelMesh: Chunk X=5 Y=-28 Z=-2 FlatVerts=0 SlopeVerts=0
[+22:51:29.707] VoxelMesh: Chunk X=0 Y=0 Z=0 FlatVerts=3930 SlopeVerts=2958
[+22:51:29.708] VoxelChunk: GenerateAsync (5,-28,0)
[+22:51:29.709] VoxelMesh: Chunk X=5 Y=-28 Z=0 FlatVerts=0 SlopeVerts=0
[+22:51:29.726] VoxelMesh: Chunk X=0 Y=0 Z=0 FlatVerts=0 SlopeVerts=0
[+22:51:29.726] VoxelChunk: GenerateAsync (8,-25,-2)
[+22:51:29.729] VoxelMesh: Chunk X=8 Y=-25 Z=-2 FlatVerts=0 SlopeVerts=0
[+22:51:29.731] VoxelMesh: Chunk X=0 Y=0 Z=0 FlatVerts=0 SlopeVerts=0
[+22:51:29.731] VoxelChunk: GenerateAsync (4,-22,-1)
[+22:51:29.734] VoxelMesh: Chunk X=4 Y=-22 Z=-1 FlatVerts=0 SlopeVerts=0
[+22:51:29.736] VoxelMesh: Chunk X=0 Y=0 Z=0 FlatVerts=18 SlopeVerts=1440
[+22:51:29.736] VoxelChunk: GenerateAsync (8,-25,0)
[+22:51:29.739] VoxelMesh: Chunk X=8 Y=-25 Z=0 FlatVerts=0 SlopeVerts=0
[+22:51:29.742] VoxelMesh: Chunk X=0 Y=0 Z=0 FlatVerts=0 SlopeVerts=0
[+22:51:29.743] VoxelChunk: GenerateAsync (5,-22,-2)
[+22:51:29.745] VoxelMesh: Chunk X=5 Y=-22 Z=-2 FlatVerts=0 SlopeVerts=0
[+22:51:29.758] VoxelMesh: Chunk X=0 Y=0 Z=0 FlatVerts=0 SlopeVerts=0
[+22:51:29.758] VoxelChunk: GenerateAsync (4,-25,-4)
[+22:51:29.761] VoxelMesh: Chunk X=4 Y=-25 Z=-4 FlatVerts=0 SlopeVerts=0
[+22:51:29.762] VoxelMesh: Chunk X=0 Y=0 Z=0 FlatVerts=0 SlopeVerts=0
[+22:51:29.763] VoxelChunk: GenerateAsync (8,-24,-1)
[+22:51:29.765] VoxelMesh: Chunk X=8 Y=-24 Z=-1 FlatVerts=0 SlopeVerts=0
[+22:51:29.766] VoxelMesh: Chunk X=0 Y=0 Z=0 FlatVerts=0 SlopeVerts=0
[+22:51:29.766] VoxelChunk: GenerateAsync (6,-22,-1)
[+22:51:29.769] VoxelMesh: Chunk X=6 Y=-22 Z=-1 FlatVerts=0 SlopeVerts=0
[+22:51:29.771] VoxelMesh: Chunk X=0 Y=0 Z=0 FlatVerts=0 SlopeVerts=0
[+22:51:29.772] VoxelChunk: GenerateAsync (6,-28,-1)
[+22:51:29.773] VoxelMesh: Chunk X=6 Y=-28 Z=-1 FlatVerts=0 SlopeVerts=0
[+22:51:29.784] VoxelMesh: Chunk X=0 Y=0 Z=0 FlatVerts=0 SlopeVerts=0
[+22:51:29.785] VoxelChunk: GenerateAsync (2,-24,-1)
[+22:51:29.788] VoxelMesh: Chunk X=2 Y=-24 Z=-1 FlatVerts=0 SlopeVerts=0
[+22:51:29.789] VoxelMesh: Chunk X=0 Y=0 Z=0 FlatVerts=7512 SlopeVerts=318
[+22:51:29.791] VoxelChunk: GenerateAsync (6,-22,0)
[+22:51:29.792] VoxelMesh: Chunk X=6 Y=-22 Z=0 FlatVerts=0 SlopeVerts=0
[+22:51:29.794] VoxelMesh: Chunk X=0 Y=0 Z=0 FlatVerts=5952 SlopeVerts=2598
[+22:51:29.795] VoxelChunk: GenerateAsync (6,-28,0)
[+22:51:29.796] VoxelMesh: Chunk X=6 Y=-28 Z=0 FlatVerts=0 SlopeVerts=0
[+22:51:29.799] VoxelMesh: Chunk X=0 Y=0 Z=0 FlatVerts=4086 SlopeVerts=8394
[+22:51:29.801] VoxelChunk: GenerateAsync (4,-22,0)
[+22:51:29.802] VoxelMesh: Chunk X=4 Y=-22 Z=0 FlatVerts=0 SlopeVerts=0
[+22:51:29.818] VoxelMesh: Chunk X=0 Y=0 Z=0 FlatVerts=0 SlopeVerts=0
[+22:51:29.818] VoxelChunk: GenerateAsync (6,-24,-4)
[+22:51:29.820] VoxelMesh: Chunk X=6 Y=-24 Z=-4 FlatVerts=0 SlopeVerts=0
[+22:51:29.824] VoxelMesh: Chunk X=0 Y=0 Z=0 FlatVerts=0 SlopeVerts=0
[+22:51:29.824] VoxelChunk: GenerateAsync (4,-24,-4)
[+22:51:29.826] VoxelMesh: Chunk X=4 Y=-24 Z=-4 FlatVerts=0 SlopeVerts=0
[+22:51:29.829] VoxelMesh: Chunk X=0 Y=0 Z=0 FlatVerts=1566 SlopeVerts=3144
[+22:51:29.830] VoxelChunk: GenerateAsync (2,-24,0)
[+22:51:29.833] VoxelMesh: Chunk X=2 Y=-24 Z=0 FlatVerts=0 SlopeVerts=0
[+22:51:29.834] VoxelMesh: Chunk X=0 Y=0 Z=0 FlatVerts=2640 SlopeVerts=4560
[+22:51:29.835] VoxelChunk: GenerateAsync (8,-24,0)
[+22:51:29.836] VoxelMesh: Chunk X=8 Y=-24 Z=0 FlatVerts=0 SlopeVerts=0
[+22:51:29.852] VoxelWater: Chunk X=4 Y=-27 Z=1 emitted 24 procedural water vertices (Ocean/Pools)
[+22:51:29.852] VoxelWater: Chunk X=6 Y=-27 Z=1 emitted 92 procedural water vertices (Ocean/Pools)
[+22:51:29.852] VoxelWater: Chunk X=3 Y=-26 Z=1 emitted 24 procedural water vertices (Ocean/Pools)
[+22:51:29.853] VoxelWater: Chunk X=7 Y=-26 Z=1 emitted 36 procedural water vertices (Ocean/Pools)
[+22:51:29.853] VoxelWater: Chunk X=6 Y=-23 Z=1 emitted 4 procedural water vertices (Ocean/Pools)
[+22:51:29.853] VoxelWater: Chunk X=5 Y=-27 Z=1 emitted 20 procedural water vertices (Ocean/Pools)
[+22:51:29.853] VoxelWater: Chunk X=5 Y=-23 Z=1 emitted 40 procedural water vertices (Ocean/Pools)
[+22:51:29.853] VoxelWater: Chunk X=6 Y=-24 Z=1 emitted 60 procedural water vertices (Ocean/Pools)
[+22:51:29.853] VoxelWater: Chunk X=4 Y=-26 Z=1 emitted 184 procedural water vertices (Ocean/Pools)
[+22:51:29.853] VoxelWater: Chunk X=4 Y=-26 Z=2 emitted 12 procedural water vertices (Ocean/Pools)
[+22:51:29.853] VoxelWater: Chunk X=4 Y=-25 Z=2 emitted 268 procedural water vertices (Ocean/Pools)
[+22:51:29.853] VoxelWater: Chunk X=4 Y=-25 Z=3 emitted 164 procedural water vertices (Ocean/Pools)
[+22:51:29.853] VoxelWater: Chunk X=4 Y=-25 Z=1 emitted 48 procedural water vertices (Ocean/Pools)
[+22:51:29.853] VoxelWater: Chunk X=5 Y=-25 Z=2 emitted 284 procedural water vertices (Ocean/Pools)
[+22:51:29.853] VoxelWater: Chunk X=4 Y=-24 Z=2 emitted 148 procedural water vertices (Ocean/Pools)
[+22:51:29.853] VoxelWater: Chunk X=4 Y=-24 Z=3 emitted 132 procedural water vertices (Ocean/Pools)
[+22:51:29.853] VoxelWater: Chunk X=4 Y=-24 Z=1 emitted 24 procedural water vertices (Ocean/Pools)
[+22:51:29.853] VoxelWater: Chunk X=5 Y=-24 Z=2 emitted 128 procedural water vertices (Ocean/Pools)
[+22:51:29.853] VoxelWater: Chunk X=5 Y=-25 Z=3 emitted 192 procedural water vertices (Ocean/Pools)
[+22:51:29.853] VoxelWater: Chunk X=6 Y=-25 Z=2 emitted 20 procedural water vertices (Ocean/Pools)
[+22:51:29.853] VoxelWater: Chunk X=5 Y=-24 Z=3 emitted 20 procedural water vertices (Ocean/Pools)
[+22:51:29.853] VoxelWater: Chunk X=6 Y=-24 Z=3 emitted 140 procedural water vertices (Ocean/Pools)
[+22:51:29.853] VoxelWater: Chunk X=5 Y=-24 Z=1 emitted 12 procedural water vertices (Ocean/Pools)
[+22:51:29.853] VoxelWater: Chunk X=6 Y=-26 Z=2 emitted 64 procedural water vertices (Ocean/Pools)
[+22:51:29.853] VoxelWater: Chunk X=6 Y=-26 Z=3 emitted 16 procedural water vertices (Ocean/Pools)
[+22:51:29.853] VoxelWater: Chunk X=6 Y=-25 Z=3 emitted 304 procedural water vertices (Ocean/Pools)
[+22:51:29.853] VoxelWater: Chunk X=6 Y=-26 Z=1 emitted 68 procedural water vertices (Ocean/Pools)
[+22:51:29.853] VoxelWater: Chunk X=6 Y=-24 Z=2 emitted 108 procedural water vertices (Ocean/Pools)
[+22:51:29.853] VoxelWater: Chunk X=5 Y=-25 Z=1 emitted 16 procedural water vertices (Ocean/Pools)
[+22:51:29.853] VoxelWater: Chunk X=5 Y=-26 Z=1 emitted 88 procedural water vertices (Ocean/Pools)
[+22:51:29.867] VoxelMesh: Chunk X=0 Y=0 Z=0 FlatVerts=6330 SlopeVerts=1626
[+22:51:29.868] VoxelChunk: GenerateAsync (2,-26,0)
[+22:51:29.870] VoxelMesh: Chunk X=2 Y=-26 Z=0 FlatVerts=0 SlopeVerts=0
[+22:51:29.875] VoxelMesh: Chunk X=0 Y=0 Z=0 FlatVerts=0 SlopeVerts=48
[+22:51:29.875] VoxelChunk: GenerateAsync (8,-26,0)
[+22:51:29.876] VoxelMesh: Chunk X=8 Y=-26 Z=0 FlatVerts=0 SlopeVerts=0
[+22:51:29.878] VoxelMesh: Chunk X=0 Y=0 Z=0 FlatVerts=2376 SlopeVerts=2664
[+22:51:29.879] VoxelChunk: GenerateAsync (4,-28,0)
[+22:51:29.880] VoxelMesh: Chunk X=4 Y=-28 Z=0 FlatVerts=0 SlopeVerts=0
[+22:51:29.884] VoxelMesh: Chunk X=0 Y=0 Z=0 FlatVerts=0 SlopeVerts=0
[+22:51:29.885] VoxelChunk: GenerateAsync (6,-28,-2)
[+22:51:29.887] VoxelMesh: Chunk X=6 Y=-28 Z=-2 FlatVerts=0 SlopeVerts=0
[+22:51:29.900] VoxelMesh: Chunk X=0 Y=0 Z=0 FlatVerts=0 SlopeVerts=0
[+22:51:29.900] VoxelChunk: GenerateAsync (8,-24,-2)
[+22:51:29.902] VoxelMesh: Chunk X=8 Y=-24 Z=-2 FlatVerts=0 SlopeVerts=0
[+22:51:29.907] VoxelMesh: Chunk X=0 Y=0 Z=0 FlatVerts=0 SlopeVerts=0
[+22:51:29.907] VoxelChunk: GenerateAsync (4,-22,-2)
[+22:51:29.909] VoxelMesh: Chunk X=4 Y=-22 Z=-2 FlatVerts=0 SlopeVerts=0
[+22:51:29.913] VoxelMesh: Chunk X=0 Y=0 Z=0 FlatVerts=0 SlopeVerts=0
[+22:51:29.914] VoxelChunk: GenerateAsync (8,-26,-2)
[+22:51:29.918] VoxelMesh: Chunk X=8 Y=-26 Z=-2 FlatVerts=0 SlopeVerts=0
[+22:51:29.921] VoxelMesh: Chunk X=0 Y=0 Z=0 FlatVerts=0 SlopeVerts=0
[+22:51:29.921] VoxelChunk: GenerateAsync (2,-24,-2)
[+22:51:29.923] VoxelMesh: Chunk X=2 Y=-24 Z=-2 FlatVerts=0 SlopeVerts=0
[+22:51:29.936] VoxelMesh: Chunk X=0 Y=0 Z=0 FlatVerts=0 SlopeVerts=0
[+22:51:29.936] VoxelChunk: GenerateAsync (4,-28,-2)
[+22:51:29.939] VoxelMesh: Chunk X=4 Y=-28 Z=-2 FlatVerts=0 SlopeVerts=0
[+22:51:29.942] VoxelMesh: Chunk X=0 Y=0 Z=0 FlatVerts=0 SlopeVerts=0
[+22:51:29.942] VoxelChunk: GenerateAsync (6,-22,-2)
[+22:51:29.944] VoxelMesh: Chunk X=6 Y=-22 Z=-2 FlatVerts=0 SlopeVerts=0
[+22:51:29.948] VoxelMesh: Chunk X=0 Y=0 Z=0 FlatVerts=0 SlopeVerts=0
[+22:51:29.948] VoxelChunk: GenerateAsync (2,-26,-2)
[+22:51:29.951] VoxelMesh: Chunk X=2 Y=-26 Z=-2 FlatVerts=0 SlopeVerts=0
[+22:51:29.955] VoxelMesh: Chunk X=0 Y=0 Z=0 FlatVerts=0 SlopeVerts=0
[+22:51:29.955] VoxelChunk: GenerateAsync (4,-26,-4)
[+22:51:29.956] VoxelMesh: Chunk X=4 Y=-26 Z=-4 FlatVerts=0 SlopeVerts=0
[+22:51:29.970] VoxelMesh: Chunk X=0 Y=0 Z=0 FlatVerts=0 SlopeVerts=0
[+22:51:29.970] VoxelChunk: GenerateAsync (6,-26,-4)
[+22:51:29.972] VoxelMesh: Chunk X=6 Y=-26 Z=-4 FlatVerts=0 SlopeVerts=0
[+22:51:29.975] VoxelMesh: Chunk X=0 Y=0 Z=0 FlatVerts=2418 SlopeVerts=15102
[+22:51:29.977] VoxelChunk: GenerateAsync (3,-23,1)
[+22:51:29.978] VoxelMesh: Chunk X=3 Y=-23 Z=1 FlatVerts=42 SlopeVerts=420
[+22:51:29.982] VoxelMesh: Chunk X=0 Y=0 Z=0 FlatVerts=3462 SlopeVerts=16452
[+22:51:29.985] VoxelChunk: GenerateAsync (7,-27,1)
[+22:51:29.986] VoxelMesh: Chunk X=7 Y=-27 Z=1 FlatVerts=2034 SlopeVerts=0
[+22:51:29.992] VoxelMesh: Chunk X=0 Y=0 Z=0 FlatVerts=0 SlopeVerts=0
[+22:51:29.992] VoxelChunk: GenerateAsync (3,-27,-3)
[+22:51:29.994] VoxelMesh: Chunk X=3 Y=-27 Z=-3 FlatVerts=0 SlopeVerts=0
[+22:51:30.008] VoxelMesh: Chunk X=0 Y=0 Z=0 FlatVerts=0 SlopeVerts=0
[+22:51:30.008] VoxelChunk: GenerateAsync (7,-23,-3)
[+22:51:30.010] VoxelMesh: Chunk X=7 Y=-23 Z=-3 FlatVerts=0 SlopeVerts=0
[+22:51:30.015] VoxelMesh: Chunk X=0 Y=0 Z=0 FlatVerts=0 SlopeVerts=0
[+22:51:30.016] VoxelChunk: GenerateAsync (3,-23,-3)
[+22:51:30.018] VoxelMesh: Chunk X=3 Y=-23 Z=-3 FlatVerts=0 SlopeVerts=0
[+22:51:30.020] VoxelMesh: Chunk X=0 Y=0 Z=0 FlatVerts=6060 SlopeVerts=5592
[+22:51:30.022] VoxelChunk: GenerateAsync (7,-23,1)
[+22:51:30.023] VoxelMesh: Chunk X=7 Y=-23 Z=1 FlatVerts=1170 SlopeVerts=822
[+22:51:30.026] VoxelMesh: Chunk X=0 Y=0 Z=0 FlatVerts=6546 SlopeVerts=2784
[+22:51:30.028] VoxelChunk: GenerateAsync (3,-27,1)
[+22:51:30.028] VoxelMesh: Chunk X=3 Y=-27 Z=1 FlatVerts=12 SlopeVerts=48
[+22:51:30.045] VoxelMesh: Chunk X=0 Y=0 Z=0 FlatVerts=0 SlopeVerts=0
[+22:51:30.045] VoxelChunk: GenerateAsync (7,-27,-3)
[+22:51:30.046] VoxelMesh: Chunk X=7 Y=-27 Z=-3 FlatVerts=0 SlopeVerts=0
[+22:51:30.050] VoxelMesh: Chunk X=0 Y=0 Z=0 FlatVerts=0 SlopeVerts=0
[+22:51:30.051] VoxelChunk: GenerateAsync (5,-23,-4)
[+22:51:30.053] VoxelMesh: Chunk X=5 Y=-23 Z=-4 FlatVerts=0 SlopeVerts=0
[+22:51:30.058] VoxelMesh: Chunk X=0 Y=0 Z=0 FlatVerts=0 SlopeVerts=0
[+22:51:30.058] VoxelChunk: GenerateAsync (8,-25,-3)
[+22:51:30.060] VoxelMesh: Chunk X=8 Y=-25 Z=-3 FlatVerts=0 SlopeVerts=0
[+22:51:30.065] VoxelMesh: Chunk X=0 Y=0 Z=0 FlatVerts=0 SlopeVerts=0
[+22:51:30.065] VoxelChunk: GenerateAsync (2,-25,-3)
[+22:51:30.067] VoxelMesh: Chunk X=2 Y=-25 Z=-3 FlatVerts=0 SlopeVerts=0
[+22:51:30.085] VoxelWater: Chunk X=4 Y=-27 Z=1 emitted 24 procedural water vertices (Ocean/Pools)
[+22:51:30.085] VoxelWater: Chunk X=6 Y=-27 Z=1 emitted 92 procedural water vertices (Ocean/Pools)
[+22:51:30.085] VoxelWater: Chunk X=3 Y=-26 Z=1 emitted 24 procedural water vertices (Ocean/Pools)
[+22:51:30.085] VoxelWater: Chunk X=7 Y=-26 Z=1 emitted 52 procedural water vertices (Ocean/Pools)
[+22:51:30.085] VoxelWater: Chunk X=6 Y=-23 Z=1 emitted 4 procedural water vertices (Ocean/Pools)
[+22:51:30.085] VoxelWater: Chunk X=5 Y=-27 Z=1 emitted 20 procedural water vertices (Ocean/Pools)
[+22:51:30.085] VoxelWater: Chunk X=5 Y=-23 Z=1 emitted 40 procedural water vertices (Ocean/Pools)
[+22:51:30.085] VoxelWater: Chunk X=6 Y=-24 Z=1 emitted 60 procedural water vertices (Ocean/Pools)
[+22:51:30.085] VoxelWater: Chunk X=4 Y=-26 Z=1 emitted 196 procedural water vertices (Ocean/Pools)
[+22:51:30.085] VoxelWater: Chunk X=4 Y=-26 Z=2 emitted 12 procedural water vertices (Ocean/Pools)
[+22:51:30.085] VoxelWater: Chunk X=4 Y=-25 Z=2 emitted 320 procedural water vertices (Ocean/Pools)
[+22:51:30.085] VoxelWater: Chunk X=4 Y=-25 Z=3 emitted 160 procedural water vertices (Ocean/Pools)
[+22:51:30.085] VoxelWater: Chunk X=4 Y=-25 Z=1 emitted 56 procedural water vertices (Ocean/Pools)
[+22:51:30.085] VoxelWater: Chunk X=5 Y=-25 Z=2 emitted 356 procedural water vertices (Ocean/Pools)
[+22:51:30.085] VoxelWater: Chunk X=4 Y=-24 Z=2 emitted 180 procedural water vertices (Ocean/Pools)
[+22:51:30.085] VoxelWater: Chunk X=4 Y=-24 Z=3 emitted 120 procedural water vertices (Ocean/Pools)
[+22:51:30.085] VoxelWater: Chunk X=4 Y=-24 Z=1 emitted 24 procedural water vertices (Ocean/Pools)
[+22:51:30.085] VoxelWater: Chunk X=5 Y=-24 Z=2 emitted 136 procedural water vertices (Ocean/Pools)
[+22:51:30.085] VoxelWater: Chunk X=5 Y=-25 Z=3 emitted 168 procedural water vertices (Ocean/Pools)
[+22:51:30.085] VoxelWater: Chunk X=6 Y=-25 Z=2 emitted 28 procedural water vertices (Ocean/Pools)
[+22:51:30.085] VoxelWater: Chunk X=5 Y=-24 Z=3 emitted 20 procedural water vertices (Ocean/Pools)
[+22:51:30.085] VoxelWater: Chunk X=6 Y=-24 Z=3 emitted 152 procedural water vertices (Ocean/Pools)
[+22:51:30.085] VoxelWater: Chunk X=5 Y=-24 Z=1 emitted 20 procedural water vertices (Ocean/Pools)
[+22:51:30.085] VoxelWater: Chunk X=6 Y=-26 Z=2 emitted 60 procedural water vertices (Ocean/Pools)
[+22:51:30.085] VoxelWater: Chunk X=6 Y=-26 Z=3 emitted 16 procedural water vertices (Ocean/Pools)
[+22:51:30.085] VoxelWater: Chunk X=6 Y=-25 Z=3 emitted 328 procedural water vertices (Ocean/Pools)
[+22:51:30.085] VoxelWater: Chunk X=6 Y=-26 Z=1 emitted 76 procedural water vertices (Ocean/Pools)
[+22:51:30.085] VoxelWater: Chunk X=6 Y=-24 Z=2 emitted 120 procedural water vertices (Ocean/Pools)
[+22:51:30.086] VoxelWater: Chunk X=5 Y=-25 Z=1 emitted 12 procedural water vertices (Ocean/Pools)
[+22:51:30.086] VoxelWater: Chunk X=5 Y=-26 Z=1 emitted 88 procedural water vertices (Ocean/Pools)
[+22:51:30.086] VoxelWater: Chunk X=6 Y=-25 Z=1 emitted 8 procedural water vertices (Ocean/Pools)
[+22:51:30.086] VoxelWater: Chunk X=7 Y=-27 Z=1 emitted 8 procedural water vertices (Ocean/Pools)
[+22:51:30.100] VoxelMesh: Chunk X=0 Y=0 Z=0 FlatVerts=5136 SlopeVerts=10446
[+22:51:30.102] VoxelChunk: GenerateAsync (2,-25,1)
[+22:51:30.103] VoxelMesh: Chunk X=2 Y=-25 Z=1 FlatVerts=0 SlopeVerts=0
[+22:51:30.106] VoxelMesh: Chunk X=0 Y=0 Z=0 FlatVerts=210 SlopeVerts=12630
[+22:51:30.107] VoxelChunk: GenerateAsync (8,-25,1)
[+22:51:30.108] VoxelMesh: Chunk X=8 Y=-25 Z=1 FlatVerts=0 SlopeVerts=60
[+22:51:30.113] VoxelMesh: Chunk X=0 Y=0 Z=0 FlatVerts=0 SlopeVerts=0
[+22:51:30.113] VoxelChunk: GenerateAsync (7,-25,-4)
[+22:51:30.114] VoxelMesh: Chunk X=7 Y=-25 Z=-4 FlatVerts=0 SlopeVerts=0
[+22:51:30.120] VoxelMesh: Chunk X=0 Y=0 Z=0 FlatVerts=0 SlopeVerts=0
[+22:51:30.121] VoxelChunk: GenerateAsync (5,-22,-3)
[+22:51:30.122] VoxelMesh: Chunk X=5 Y=-22 Z=-3 FlatVerts=0 SlopeVerts=0
[+22:51:30.135] VoxelMesh: Chunk X=0 Y=0 Z=0 FlatVerts=60 SlopeVerts=1110
[+22:51:30.136] VoxelChunk: GenerateAsync (3,-25,2)
[+22:51:30.136] VoxelMesh: Chunk X=3 Y=-25 Z=2 FlatVerts=0 SlopeVerts=132
[+22:51:30.141] VoxelMesh: Chunk X=0 Y=0 Z=0 FlatVerts=0 SlopeVerts=0
[+22:51:30.141] VoxelChunk: GenerateAsync (3,-25,-4)
[+22:51:30.142] VoxelMesh: Chunk X=3 Y=-25 Z=-4 FlatVerts=0 SlopeVerts=0
[+22:51:30.148] VoxelMesh: Chunk X=0 Y=0 Z=0 FlatVerts=0 SlopeVerts=0
[+22:51:30.148] VoxelChunk: GenerateAsync (5,-28,-3)
[+22:51:30.151] VoxelMesh: Chunk X=5 Y=-28 Z=-3 FlatVerts=0 SlopeVerts=0
[+22:51:30.152] VoxelMesh: Chunk X=0 Y=0 Z=0 FlatVerts=0 SlopeVerts=0
[+22:51:30.152] VoxelChunk: GenerateAsync (8,-23,-1)
[+22:51:30.154] VoxelMesh: Chunk X=8 Y=-23 Z=-1 FlatVerts=0 SlopeVerts=0
[+22:51:30.163] VoxelChunk: GenerateAsync (6,-23,-3)
[+22:51:30.163] VoxelChunk: GenerateAsync (3,-27,-2)
[+22:51:30.163] VoxelChunk: GenerateAsync (7,-24,1)
[+22:51:30.163] VoxelChunk: GenerateAsync (6,-23,1)
[+22:51:30.163] VoxelChunk: GenerateAsync (5,-23,-3)
[+22:51:30.163] VoxelChunk: GenerateAsync (7,-25,-3)
[+22:51:30.163] VoxelChunk: GenerateAsync (3,-26,-2)
[+22:51:30.163] VoxelChunk: GenerateAsync (6,-27,-2)
[+22:51:30.163] VoxelChunk: GenerateAsync (7,-26,-2)
[+22:51:30.163] VoxelChunk: GenerateAsync (4,-26,2)
[+22:51:30.163] VoxelChunk: GenerateAsync (4,-25,2)
[+22:51:30.163] VoxelChunk: GenerateAsync (4,-24,2)
[+22:51:30.163] VoxelChunk: GenerateAsync (5,-26,2)
[+22:51:30.163] VoxelChunk: GenerateAsync (5,-25,2)
[+22:51:30.163] VoxelChunk: GenerateAsync (5,-24,2)
[+22:51:30.163] VoxelChunk: GenerateAsync (6,-26,2)
[+22:51:30.163] VoxelChunk: GenerateAsync (6,-25,2)
[+22:51:30.163] VoxelChunk: GenerateAsync (6,-24,2)
[+22:51:30.163] VoxelChunk: GenerateAsync (4,-27,-2)
[+22:51:30.163] VoxelChunk: GenerateAsync (3,-24,-2)
[+22:51:30.163] VoxelChunk: GenerateAsync (4,-23,-2)
[+22:51:30.163] VoxelMesh: Chunk X=7 Y=-24 Z=1 FlatVerts=0 SlopeVerts=6
[+22:51:30.163] VoxelMesh: Chunk X=6 Y=-23 Z=1 FlatVerts=120 SlopeVerts=0
[+22:51:30.163] VoxelChunk: GenerateAsync (7,-25,-2)
[+22:51:30.163] VoxelChunk: GenerateAsync (3,-25,-2)
[+22:51:30.163] VoxelChunk: GenerateAsync (5,-27,-2)
[+22:51:30.163] VoxelChunk: GenerateAsync (5,-23,-2)
[+22:51:30.163] VoxelChunk: GenerateAsync (4,-26,-2)
[+22:51:30.163] VoxelChunk: GenerateAsync (4,-24,-2)
[+22:51:30.163] VoxelChunk: GenerateAsync (6,-24,-2)
[+22:51:30.163] VoxelChunk: GenerateAsync (6,-26,-2)
[+22:51:30.163] VoxelChunk: GenerateAsync (6,-25,-2)
[+22:51:30.163] VoxelChunk: GenerateAsync (4,-25,-2)
[+22:51:30.163] VoxelChunk: GenerateAsync (5,-24,-2)
[+22:51:30.163] VoxelChunk: GenerateAsync (5,-26,-2)
[+22:51:30.163] VoxelChunk: GenerateAsync (5,-25,-2)
[+22:51:30.163] VoxelChunk: GenerateAsync (4,-23,-3)
[+22:51:30.163] VoxelChunk: GenerateAsync (7,-24,-3)
[+22:51:30.163] VoxelChunk: GenerateAsync (7,-26,-3)
[+22:51:30.163] VoxelChunk: GenerateAsync (2,-25,-2)
[+22:51:30.163] VoxelChunk: GenerateAsync (5,-22,0)
[+22:51:30.163] VoxelChunk: GenerateAsync (5,-28,-2)
[+22:51:30.163] VoxelChunk: GenerateAsync (5,-28,0)
[+22:51:30.163] VoxelChunk: GenerateAsync (8,-25,-2)
[+22:51:30.163] VoxelChunk: GenerateAsync (8,-25,0)
[+22:51:30.163] VoxelChunk: GenerateAsync (5,-22,-2)
[+22:51:30.163] VoxelChunk: GenerateAsync (6,-22,0)
[+22:51:30.163] VoxelChunk: GenerateAsync (6,-28,0)
[+22:51:30.163] VoxelChunk: GenerateAsync (4,-22,0)
[+22:51:30.163] VoxelChunk: GenerateAsync (2,-24,0)
[+22:51:30.163] VoxelChunk: GenerateAsync (8,-24,0)
[+22:51:30.163] VoxelChunk: GenerateAsync (2,-26,0)
[+22:51:30.163] VoxelChunk: GenerateAsync (8,-26,0)
[+22:51:30.163] VoxelChunk: GenerateAsync (4,-28,0)
[+22:51:30.163] VoxelChunk: GenerateAsync (6,-28,-2)
[+22:51:30.163] VoxelChunk: GenerateAsync (8,-24,-2)
[+22:51:30.163] VoxelChunk: GenerateAsync (4,-22,-2)
[+22:51:30.163] VoxelChunk: GenerateAsync (8,-26,-2)
[+22:51:30.163] VoxelChunk: GenerateAsync (2,-24,-2)
[+22:51:30.163] VoxelChunk: GenerateAsync (4,-28,-2)
[+22:51:30.163] VoxelMesh: Chunk X=6 Y=-23 Z=-3 FlatVerts=0 SlopeVerts=0
[+22:51:30.163] VoxelChunk: GenerateAsync (6,-22,-2)
[+22:51:30.163] VoxelChunk: GenerateAsync (2,-26,-2)
[+22:51:30.163] VoxelChunk: GenerateAsync (3,-23,1)
[+22:51:30.163] VoxelChunk: GenerateAsync (7,-27,1)
[+22:51:30.163] VoxelChunk: GenerateAsync (7,-23,-3)
[+22:51:30.163] VoxelChunk: GenerateAsync (3,-23,-3)
[+22:51:30.163] VoxelChunk: GenerateAsync (7,-23,1)
[+22:51:30.163] VoxelChunk: GenerateAsync (3,-27,1)
[+22:51:30.163] VoxelChunk: GenerateAsync (7,-27,-3)
[+22:51:30.163] VoxelChunk: GenerateAsync (8,-25,-3)
[+22:51:30.163] VoxelChunk: GenerateAsync (2,-25,-3)
[+22:51:30.163] VoxelChunk: GenerateAsync (2,-25,1)
[+22:51:30.163] VoxelChunk: GenerateAsync (8,-25,1)
[+22:51:30.163] VoxelChunk: GenerateAsync (5,-22,-3)
[+22:51:30.163] VoxelChunk: GenerateAsync (3,-25,2)
[+22:51:30.164] VoxelChunk: GenerateAsync (5,-28,-3)
[+22:51:30.164] VoxelMesh: Chunk X=4 Y=-25 Z=2 FlatVerts=0 SlopeVerts=144
[+22:51:30.164] VoxelMesh: Chunk X=4 Y=-24 Z=2 FlatVerts=0 SlopeVerts=120
[+22:51:30.164] VoxelMesh: Chunk X=3 Y=-27 Z=-2 FlatVerts=0 SlopeVerts=0
[+22:51:30.164] VoxelMesh: Chunk X=4 Y=-26 Z=2 FlatVerts=24 SlopeVerts=18
[+22:51:30.164] VoxelMesh: Chunk X=5 Y=-25 Z=2 FlatVerts=0 SlopeVerts=174
[+22:51:30.164] VoxelMesh: Chunk X=5 Y=-26 Z=2 FlatVerts=0 SlopeVerts=12
[+22:51:30.164] VoxelMesh: Chunk X=6 Y=-26 Z=2 FlatVerts=0 SlopeVerts=138
[+22:51:30.164] VoxelMesh: Chunk X=5 Y=-24 Z=2 FlatVerts=30 SlopeVerts=144
[+22:51:30.164] VoxelMesh: Chunk X=6 Y=-25 Z=2 FlatVerts=0 SlopeVerts=6
[+22:51:30.164] VoxelMesh: Chunk X=6 Y=-24 Z=2 FlatVerts=0 SlopeVerts=168
[+22:51:30.165] VoxelMesh: Chunk X=5 Y=-23 Z=-3 FlatVerts=0 SlopeVerts=0
[+22:51:30.165] VoxelMesh: Chunk X=6 Y=-27 Z=-2 FlatVerts=0 SlopeVerts=0
[+22:51:30.165] VoxelMesh: Chunk X=7 Y=-26 Z=-2 FlatVerts=0 SlopeVerts=0
[+22:51:30.165] VoxelMesh: Chunk X=3 Y=-26 Z=-2 FlatVerts=0 SlopeVerts=0
[+22:51:30.165] VoxelMesh: Chunk X=8 Y=-23 Z=-1 FlatVerts=0 SlopeVerts=12
[+22:51:30.165] VoxelMesh: Chunk X=4 Y=-27 Z=-2 FlatVerts=0 SlopeVerts=0
[+22:51:30.165] VoxelMesh: Chunk X=4 Y=-23 Z=-2 FlatVerts=0 SlopeVerts=0
[+22:51:30.165] VoxelMesh: Chunk X=7 Y=-25 Z=-3 FlatVerts=0 SlopeVerts=0
[+22:51:30.165] VoxelMesh: Chunk X=3 Y=-24 Z=-2 FlatVerts=0 SlopeVerts=0
[+22:51:30.165] VoxelChunk: GenerateAsync (7,-25,2)
[+22:51:30.165] VoxelMesh: Chunk X=7 Y=-25 Z=-2 FlatVerts=0 SlopeVerts=0
[+22:51:30.166] VoxelMesh: Chunk X=3 Y=-25 Z=-2 FlatVerts=0 SlopeVerts=0
[+22:51:30.166] VoxelMesh: Chunk X=5 Y=-27 Z=-2 FlatVerts=0 SlopeVerts=0
[+22:51:30.167] VoxelMesh: Chunk X=4 Y=-26 Z=-2 FlatVerts=0 SlopeVerts=0
[+22:51:30.167] VoxelMesh: Chunk X=6 Y=-26 Z=-2 FlatVerts=0 SlopeVerts=0
[+22:51:30.167] VoxelMesh: Chunk X=4 Y=-24 Z=-2 FlatVerts=0 SlopeVerts=0
[+22:51:30.167] VoxelMesh: Chunk X=5 Y=-23 Z=-2 FlatVerts=0 SlopeVerts=0
[+22:51:30.167] VoxelMesh: Chunk X=6 Y=-24 Z=-2 FlatVerts=0 SlopeVerts=0
[+22:51:30.167] VoxelMesh: Chunk X=6 Y=-25 Z=-2 FlatVerts=0 SlopeVerts=0
[+22:51:30.168] VoxelMesh: Chunk X=4 Y=-25 Z=-2 FlatVerts=0 SlopeVerts=0
[+22:51:30.168] VoxelMesh: Chunk X=5 Y=-24 Z=-2 FlatVerts=0 SlopeVerts=0
[+22:51:30.168] VoxelMesh: Chunk X=2 Y=-24 Z=-1 FlatVerts=0 SlopeVerts=0
[+22:51:30.168] VoxelChunk: GenerateAsync (5,-27,-4)
[+22:51:30.168] VoxelMesh: Chunk X=5 Y=-26 Z=-2 FlatVerts=0 SlopeVerts=0
[+22:51:30.169] VoxelMesh: Chunk X=5 Y=-25 Z=-2 FlatVerts=0 SlopeVerts=0
[+22:51:30.169] VoxelMesh: Chunk X=5 Y=-22 Z=0 FlatVerts=0 SlopeVerts=0
[+22:51:30.169] VoxelMesh: Chunk X=4 Y=-23 Z=-3 FlatVerts=0 SlopeVerts=0
[+22:51:30.169] VoxelMesh: Chunk X=7 Y=-26 Z=-3 FlatVerts=0 SlopeVerts=0
[+22:51:30.169] VoxelMesh: Chunk X=7 Y=-24 Z=-3 FlatVerts=0 SlopeVerts=0
[+22:51:30.169] VoxelMesh: Chunk X=2 Y=-25 Z=-2 FlatVerts=0 SlopeVerts=0
[+22:51:30.169] VoxelMesh: Chunk X=5 Y=-28 Z=0 FlatVerts=0 SlopeVerts=0
[+22:51:30.169] VoxelMesh: Chunk X=5 Y=-28 Z=-2 FlatVerts=0 SlopeVerts=0
[+22:51:30.169] VoxelMesh: Chunk X=6 Y=-28 Z=0 FlatVerts=0 SlopeVerts=0
[+22:51:30.170] VoxelMesh: Chunk X=6 Y=-22 Z=0 FlatVerts=0 SlopeVerts=0
[+22:51:30.170] VoxelMesh: Chunk X=8 Y=-25 Z=0 FlatVerts=0 SlopeVerts=0
[+22:51:30.170] VoxelMesh: Chunk X=2 Y=-24 Z=0 FlatVerts=0 SlopeVerts=0
[+22:51:30.170] VoxelMesh: Chunk X=5 Y=-22 Z=-2 FlatVerts=0 SlopeVerts=0
[+22:51:30.170] VoxelMesh: Chunk X=4 Y=-22 Z=0 FlatVerts=0 SlopeVerts=0
[+22:51:30.171] VoxelMesh: Chunk X=8 Y=-24 Z=0 FlatVerts=0 SlopeVerts=0
[+22:51:30.171] VoxelMesh: Chunk X=8 Y=-26 Z=0 FlatVerts=0 SlopeVerts=0
[+22:51:30.171] VoxelMesh: Chunk X=8 Y=-25 Z=-2 FlatVerts=0 SlopeVerts=0
[+22:51:30.171] VoxelMesh: Chunk X=4 Y=-28 Z=0 FlatVerts=0 SlopeVerts=0
[+22:51:30.171] VoxelMesh: Chunk X=2 Y=-26 Z=0 FlatVerts=0 SlopeVerts=0
[+22:51:30.172] VoxelMesh: Chunk X=6 Y=-28 Z=-1 FlatVerts=6 SlopeVerts=1044
[+22:51:30.172] VoxelMesh: Chunk X=6 Y=-28 Z=-2 FlatVerts=0 SlopeVerts=0
[+22:51:30.172] VoxelChunk: GenerateAsync (5,-23,2)
[+22:51:30.172] VoxelMesh: Chunk X=4 Y=-22 Z=-2 FlatVerts=0 SlopeVerts=0
[+22:51:30.172] VoxelMesh: Chunk X=8 Y=-24 Z=-2 FlatVerts=0 SlopeVerts=0
[+22:51:30.172] VoxelMesh: Chunk X=3 Y=-23 Z=1 FlatVerts=0 SlopeVerts=36
[+22:51:30.172] VoxelMesh: Chunk X=7 Y=-27 Z=1 FlatVerts=114 SlopeVerts=0
[+22:51:30.172] VoxelMesh: Chunk X=8 Y=-26 Z=-2 FlatVerts=0 SlopeVerts=0
[+22:51:30.172] VoxelMesh: Chunk X=2 Y=-24 Z=-2 FlatVerts=0 SlopeVerts=0
[+22:51:30.172] VoxelMesh: Chunk X=4 Y=-28 Z=-2 FlatVerts=0 SlopeVerts=0
[+22:51:30.172] VoxelMesh: Chunk X=6 Y=-22 Z=-2 FlatVerts=0 SlopeVerts=0
[+22:51:30.172] VoxelMesh: Chunk X=7 Y=-23 Z=1 FlatVerts=48 SlopeVerts=60
[+22:51:30.173] VoxelMesh: Chunk X=3 Y=-27 Z=1 FlatVerts=0 SlopeVerts=6
[+22:51:30.173] VoxelMesh: Chunk X=2 Y=-26 Z=-2 FlatVerts=0 SlopeVerts=0
[+22:51:30.173] VoxelMesh: Chunk X=8 Y=-25 Z=1 FlatVerts=0 SlopeVerts=0
[+22:51:30.174] VoxelMesh: Chunk X=7 Y=-23 Z=-3 FlatVerts=0 SlopeVerts=0
[+22:51:30.174] VoxelMesh: Chunk X=3 Y=-23 Z=-3 FlatVerts=0 SlopeVerts=0
[+22:51:30.174] VoxelMesh: Chunk X=3 Y=-25 Z=2 FlatVerts=0 SlopeVerts=12
[+22:51:30.174] VoxelMesh: Chunk X=8 Y=-25 Z=-3 FlatVerts=0 SlopeVerts=0
[+22:51:30.174] VoxelMesh: Chunk X=2 Y=-25 Z=-3 FlatVerts=0 SlopeVerts=0
[+22:51:30.174] VoxelMesh: Chunk X=7 Y=-27 Z=-3 FlatVerts=0 SlopeVerts=0
[+22:51:30.174] VoxelMesh: Chunk X=6 Y=-22 Z=-1 FlatVerts=0 SlopeVerts=0
[+22:51:30.174] VoxelMesh: Chunk X=2 Y=-25 Z=1 FlatVerts=0 SlopeVerts=0
[+22:51:30.174] VoxelChunk: GenerateAsync (2,-27,-1)
[+22:51:30.175] VoxelMesh: Chunk X=5 Y=-22 Z=-3 FlatVerts=0 SlopeVerts=0
[+22:51:30.175] VoxelMesh: Chunk X=5 Y=-28 Z=-3 FlatVerts=0 SlopeVerts=0
[+22:51:30.176] VoxelMesh: Chunk X=7 Y=-25 Z=2 FlatVerts=0 SlopeVerts=12
[+22:51:30.177] VoxelMesh: Chunk X=5 Y=-27 Z=-4 FlatVerts=0 SlopeVerts=0
[+22:51:30.177] VoxelMesh: Chunk X=5 Y=-23 Z=2 FlatVerts=6 SlopeVerts=1044
[+22:51:30.177] VoxelMesh: Chunk X=2 Y=-27 Z=-1 FlatVerts=0 SlopeVerts=0
[+22:51:30.188] VoxelMesh: Chunk X=8 Y=-24 Z=-1 FlatVerts=0 SlopeVerts=0
[+22:51:30.189] VoxelChunk: GenerateAsync (7,-28,-1)
[+22:51:30.190] VoxelMesh: Chunk X=7 Y=-28 Z=-1 FlatVerts=0 SlopeVerts=0
[+22:51:30.191] VoxelMesh: Chunk X=4 Y=-22 Z=-1 FlatVerts=0 SlopeVerts=0
[+22:51:30.191] VoxelChunk: GenerateAsync (3,-22,-1)
[+22:51:30.193] VoxelMesh: Chunk X=8 Y=-26 Z=-1 FlatVerts=336 SlopeVerts=1848
[+22:51:30.193] VoxelMesh: Chunk X=3 Y=-22 Z=-1 FlatVerts=0 SlopeVerts=0
[+22:51:30.193] VoxelChunk: GenerateAsync (5,-27,2)
[+22:51:30.194] VoxelMesh: Chunk X=2 Y=-26 Z=-1 FlatVerts=0 SlopeVerts=0
[+22:51:30.195] VoxelMesh: Chunk X=5 Y=-27 Z=2 FlatVerts=336 SlopeVerts=1848
[+22:51:30.195] VoxelChunk: GenerateAsync (8,-27,-1)
[+22:51:30.196] VoxelMesh: Chunk X=8 Y=-27 Z=-1 FlatVerts=0 SlopeVerts=0
[+22:51:30.205] VoxelMesh: Chunk X=4 Y=-28 Z=-1 FlatVerts=0 SlopeVerts=0
[+22:51:30.205] VoxelChunk: GenerateAsync (7,-22,-1)
[+22:51:30.205] VoxelMesh: Chunk X=7 Y=-25 Z=-1 FlatVerts=18 SlopeVerts=12
[+22:51:30.205] VoxelMesh: Chunk X=7 Y=-22 Z=-1 FlatVerts=0 SlopeVerts=0
[+22:51:30.205] VoxelChunk: GenerateAsync (5,-22,1)
[+22:51:30.206] VoxelMesh: Chunk X=5 Y=-22 Z=1 FlatVerts=18 SlopeVerts=12
[+22:51:30.206] VoxelMesh: Chunk X=3 Y=-25 Z=-1 FlatVerts=0 SlopeVerts=0
[+22:51:30.206] VoxelChunk: GenerateAsync (2,-23,-1)
[+22:51:30.206] VoxelMesh: Chunk X=5 Y=-27 Z=-1 FlatVerts=528 SlopeVerts=48
[+22:51:30.206] VoxelMesh: Chunk X=2 Y=-23 Z=-1 FlatVerts=0 SlopeVerts=0
[+22:51:30.206] VoxelChunk: GenerateAsync (5,-28,1)
[+22:51:30.206] VoxelMesh: Chunk X=5 Y=-28 Z=1 FlatVerts=528 SlopeVerts=48
[+22:51:30.214] VoxelMesh: Chunk X=5 Y=-23 Z=-1 FlatVerts=0 SlopeVerts=0
[+22:51:30.215] VoxelChunk: GenerateAsync (3,-28,-1)
[+22:51:30.215] VoxelMesh: Chunk X=7 Y=-26 Z=-1 FlatVerts=0 SlopeVerts=0
[+22:51:30.215] VoxelChunk: GenerateAsync (2,-23,-2)
[+22:51:30.215] VoxelMesh: Chunk X=3 Y=-28 Z=-1 FlatVerts=0 SlopeVerts=0
[+22:51:30.216] VoxelMesh: Chunk X=3 Y=-26 Z=-1 FlatVerts=0 SlopeVerts=0
[+22:51:30.216] VoxelChunk: GenerateAsync (8,-27,-2)
[+22:51:30.216] VoxelMesh: Chunk X=2 Y=-23 Z=-2 FlatVerts=0 SlopeVerts=0
[+22:51:30.216] VoxelMesh: Chunk X=6 Y=-27 Z=-1 FlatVerts=60 SlopeVerts=24
[+22:51:30.216] VoxelChunk: GenerateAsync (4,-28,1)
[+22:51:30.216] VoxelMesh: Chunk X=8 Y=-27 Z=-2 FlatVerts=0 SlopeVerts=0
[+22:51:30.217] VoxelMesh: Chunk X=4 Y=-28 Z=1 FlatVerts=60 SlopeVerts=24
[+22:51:30.224] VoxelMesh: Chunk X=6 Y=-23 Z=-1 FlatVerts=0 SlopeVerts=0
[+22:51:30.224] VoxelChunk: GenerateAsync (6,-23,-4)
[+22:51:30.225] VoxelMesh: Chunk X=4 Y=-27 Z=-1 FlatVerts=0 SlopeVerts=0
[+22:51:30.225] VoxelMesh: Chunk X=6 Y=-23 Z=-4 FlatVerts=0 SlopeVerts=0
[+22:51:30.225] VoxelChunk: GenerateAsync (3,-22,-2)
[+22:51:30.225] VoxelMesh: Chunk X=4 Y=-23 Z=-1 FlatVerts=0 SlopeVerts=0
[+22:51:30.225] VoxelMesh: Chunk X=3 Y=-22 Z=-2 FlatVerts=0 SlopeVerts=0
[+22:51:30.225] VoxelChunk: GenerateAsync (7,-26,-4)
[+22:51:30.226] VoxelMesh: Chunk X=7 Y=-26 Z=-4 FlatVerts=0 SlopeVerts=0
[+22:51:30.226] VoxelMesh: Chunk X=7 Y=-24 Z=-1 FlatVerts=0 SlopeVerts=0
[+22:51:30.226] VoxelChunk: GenerateAsync (2,-26,-3)
[+22:51:30.226] VoxelMesh: Chunk X=2 Y=-26 Z=-3 FlatVerts=0 SlopeVerts=0
[+22:51:30.233] VoxelMesh: Chunk X=3 Y=-24 Z=-1 FlatVerts=0 SlopeVerts=0
[+22:51:30.234] VoxelChunk: GenerateAsync (7,-24,-4)
[+22:51:30.235] VoxelMesh: Chunk X=7 Y=-24 Z=-4 FlatVerts=0 SlopeVerts=0
[+22:51:30.235] VoxelMesh: Chunk X=6 Y=-24 Z=-1 FlatVerts=0 SlopeVerts=0
[+22:51:30.235] VoxelChunk: GenerateAsync (7,-22,-2)
[+22:51:30.235] VoxelMesh: Chunk X=6 Y=-25 Z=-1 FlatVerts=0 SlopeVerts=0
[+22:51:30.235] VoxelChunk: GenerateAsync (2,-26,1)
[+22:51:30.235] VoxelMesh: Chunk X=7 Y=-22 Z=-2 FlatVerts=0 SlopeVerts=0
[+22:51:30.235] VoxelMesh: Chunk X=6 Y=-26 Z=-1 FlatVerts=0 SlopeVerts=0
[+22:51:30.236] VoxelMesh: Chunk X=2 Y=-26 Z=1 FlatVerts=0 SlopeVerts=0
[+22:51:30.236] VoxelChunk: GenerateAsync (7,-22,0)
[+22:51:30.236] VoxelMesh: Chunk X=7 Y=-22 Z=0 FlatVerts=0 SlopeVerts=0
[+22:51:30.243] VoxelMesh: Chunk X=5 Y=-24 Z=-1 FlatVerts=0 SlopeVerts=0
[+22:51:30.243] VoxelChunk: GenerateAsync (4,-27,-4)
[+22:51:30.243] VoxelMesh: Chunk X=4 Y=-27 Z=-4 FlatVerts=0 SlopeVerts=0
[+22:51:30.244] VoxelMesh: Chunk X=5 Y=-25 Z=-1 FlatVerts=0 SlopeVerts=2274
[+22:51:30.246] VoxelChunk: GenerateAsync (7,-26,2)
[+22:51:30.247] VoxelMesh: Chunk X=5 Y=-26 Z=-1 FlatVerts=0 SlopeVerts=0
[+22:51:30.248] VoxelChunk: GenerateAsync (8,-26,-3)
[+22:51:30.249] VoxelMesh: Chunk X=4 Y=-24 Z=-1 FlatVerts=0 SlopeVerts=0
[+22:51:30.249] VoxelMesh: Chunk X=7 Y=-26 Z=2 FlatVerts=0 SlopeVerts=2274
[+22:51:30.249] VoxelChunk: GenerateAsync (3,-26,-4)
[+22:51:30.250] VoxelMesh: Chunk X=3 Y=-26 Z=-4 FlatVerts=0 SlopeVerts=0
[+22:51:30.250] VoxelMesh: Chunk X=8 Y=-26 Z=-3 FlatVerts=0 SlopeVerts=0
[+22:51:30.267] VoxelWater: Chunk X=4 Y=-27 Z=1 emitted 20 procedural water vertices (Ocean/Pools)
[+22:51:30.267] VoxelWater: Chunk X=5 Y=-27 Z=1 emitted 44 procedural water vertices (Ocean/Pools)
[+22:51:30.267] VoxelWater: Chunk X=6 Y=-27 Z=1 emitted 92 procedural water vertices (Ocean/Pools)
[+22:51:30.267] VoxelWater: Chunk X=3 Y=-26 Z=1 emitted 24 procedural water vertices (Ocean/Pools)
[+22:51:30.267] VoxelWater: Chunk X=7 Y=-26 Z=1 emitted 72 procedural water vertices (Ocean/Pools)
[+22:51:30.267] VoxelWater: Chunk X=6 Y=-23 Z=1 emitted 4 procedural water vertices (Ocean/Pools)
[+22:51:30.267] VoxelWater: Chunk X=5 Y=-23 Z=1 emitted 40 procedural water vertices (Ocean/Pools)
[+22:51:30.267] VoxelWater: Chunk X=6 Y=-24 Z=1 emitted 60 procedural water vertices (Ocean/Pools)
[+22:51:30.267] VoxelWater: Chunk X=4 Y=-26 Z=1 emitted 212 procedural water vertices (Ocean/Pools)
[+22:51:30.267] VoxelWater: Chunk X=4 Y=-26 Z=2 emitted 12 procedural water vertices (Ocean/Pools)
[+22:51:30.267] VoxelWater: Chunk X=4 Y=-25 Z=2 emitted 320 procedural water vertices (Ocean/Pools)
[+22:51:30.267] VoxelWater: Chunk X=4 Y=-25 Z=3 emitted 164 procedural water vertices (Ocean/Pools)
[+22:51:30.267] VoxelWater: Chunk X=4 Y=-25 Z=1 emitted 72 procedural water vertices (Ocean/Pools)
[+22:51:30.267] VoxelWater: Chunk X=5 Y=-25 Z=2 emitted 384 procedural water vertices (Ocean/Pools)
[+22:51:30.267] VoxelWater: Chunk X=4 Y=-24 Z=2 emitted 264 procedural water vertices (Ocean/Pools)
[+22:51:30.267] VoxelWater: Chunk X=4 Y=-24 Z=3 emitted 92 procedural water vertices (Ocean/Pools)
[+22:51:30.267] VoxelWater: Chunk X=4 Y=-24 Z=1 emitted 24 procedural water vertices (Ocean/Pools)
[+22:51:30.267] VoxelWater: Chunk X=5 Y=-24 Z=2 emitted 152 procedural water vertices (Ocean/Pools)
[+22:51:30.267] VoxelWater: Chunk X=5 Y=-25 Z=3 emitted 156 procedural water vertices (Ocean/Pools)
[+22:51:30.267] VoxelWater: Chunk X=6 Y=-25 Z=2 emitted 28 procedural water vertices (Ocean/Pools)
[+22:51:30.267] VoxelWater: Chunk X=5 Y=-24 Z=3 emitted 20 procedural water vertices (Ocean/Pools)
[+22:51:30.268] VoxelWater: Chunk X=6 Y=-24 Z=3 emitted 136 procedural water vertices (Ocean/Pools)
[+22:51:30.268] VoxelWater: Chunk X=5 Y=-24 Z=1 emitted 24 procedural water vertices (Ocean/Pools)
[+22:51:30.268] VoxelWater: Chunk X=6 Y=-26 Z=2 emitted 60 procedural water vertices (Ocean/Pools)
[+22:51:30.268] VoxelWater: Chunk X=6 Y=-26 Z=3 emitted 16 procedural water vertices (Ocean/Pools)
[+22:51:30.268] VoxelWater: Chunk X=6 Y=-25 Z=3 emitted 332 procedural water vertices (Ocean/Pools)
[+22:51:30.268] VoxelWater: Chunk X=6 Y=-26 Z=1 emitted 84 procedural water vertices (Ocean/Pools)
[+22:51:30.268] VoxelWater: Chunk X=6 Y=-24 Z=2 emitted 156 procedural water vertices (Ocean/Pools)
[+22:51:30.268] VoxelWater: Chunk X=5 Y=-26 Z=1 emitted 100 procedural water vertices (Ocean/Pools)
[+22:51:30.268] VoxelWater: Chunk X=5 Y=-25 Z=1 emitted 12 procedural water vertices (Ocean/Pools)
[+22:51:30.268] VoxelWater: Chunk X=6 Y=-25 Z=1 emitted 12 procedural water vertices (Ocean/Pools)
[+22:51:30.268] VoxelWater: Chunk X=7 Y=-25 Z=1 emitted 8 procedural water vertices (Ocean/Pools)
[+22:51:30.268] VoxelWater: Chunk X=5 Y=-27 Z=2 emitted 32 procedural water vertices (Ocean/Pools)
[+22:51:30.268] VoxelWater: Chunk X=5 Y=-23 Z=2 emitted 12 procedural water vertices (Ocean/Pools)
[+22:51:30.268] VoxelWater: Chunk X=7 Y=-27 Z=1 emitted 16 procedural water vertices (Ocean/Pools)
[+22:51:30.279] VoxelMesh: Chunk X=4 Y=-25 Z=-1 FlatVerts=72 SlopeVerts=456
[+22:51:30.279] VoxelChunk: GenerateAsync (2,-24,1)
[+22:51:30.280] VoxelMesh: Chunk X=2 Y=-24 Z=1 FlatVerts=72 SlopeVerts=456
[+22:51:30.280] VoxelMesh: Chunk X=4 Y=-26 Z=-1 FlatVerts=0 SlopeVerts=0
[+22:51:30.281] VoxelChunk: GenerateAsync (6,-28,-3)
[+22:51:30.281] VoxelMesh: Chunk X=3 Y=-27 Z=-1 FlatVerts=0 SlopeVerts=0
[+22:51:30.281] VoxelChunk: GenerateAsync (3,-22,0)
[+22:51:30.282] VoxelMesh: Chunk X=7 Y=-27 Z=-1 FlatVerts=0 SlopeVerts=0
[+22:51:30.282] VoxelMesh: Chunk X=3 Y=-22 Z=0 FlatVerts=0 SlopeVerts=0
[+22:51:30.282] VoxelChunk: GenerateAsync (8,-23,-2)
[+22:51:30.282] VoxelMesh: Chunk X=6 Y=-28 Z=-3 FlatVerts=0 SlopeVerts=0
[+22:51:30.283] VoxelMesh: Chunk X=8 Y=-23 Z=-2 FlatVerts=0 SlopeVerts=0
